report_timimg_summary
invalid command name "report_timimg_summary"
report_timing_summary
INFO: [Timing 38-91] UpdateTimingParams: Speed grade: -1, Delay Type: min_max.
INFO: [Timing 38-191] Multithreading enabled for timing update using a maximum of 2 CPUs
WARNING: [Timing 38-436] There are set_bus_skew constraint(s) in this design. Please run report_bus_skew to ensure that bus skew requirements are met.
Copyright 1986-2022 Xilinx, Inc. All Rights Reserved. Copyright 2022-2024 Advanced Micro Devices, Inc. All Rights Reserved.
---------------------------------------------------------------------------------------------------------------------------------------------
| Tool Version : Vivado v.2024.1 (win64) Build 5076996 Wed May 22 18:37:14 MDT 2024
| Date         : Fri Jun 19 20:31:32 2026
| Host         : DOHYUNKIM266E running 64-bit major release  (build 9200)
| Command      : report_timing_summary
| Design       : cnn_accelerator_system_wrapper
| Device       : 7a100t-csg324
| Speed File   : -1  PRODUCTION 1.23 2018-06-13
| Design State : Physopt postRoute
---------------------------------------------------------------------------------------------------------------------------------------------

Timing Summary Report

------------------------------------------------------------------------------------------------
| Timer Settings
| --------------
------------------------------------------------------------------------------------------------

  Enable Multi Corner Analysis               :  Yes
  Enable Pessimism Removal                   :  Yes
  Pessimism Removal Resolution               :  Nearest Common Node
  Enable Input Delay Default Clock           :  No
  Enable Preset / Clear Arcs                 :  No
  Disable Flight Delays                      :  No
  Ignore I/O Paths                           :  No
  Timing Early Launch at Borrowing Latches   :  No
  Borrow Time for Max Delay Exceptions       :  Yes
  Merge Timing Exceptions                    :  Yes
  Inter-SLR Compensation                     :  Conservative

  Corner  Analyze    Analyze
  Name    Max Paths  Min Paths
  ------  ---------  ---------
  Slow    Yes        Yes
  Fast    Yes        Yes


------------------------------------------------------------------------------------------------
| Report Methodology
| ------------------
------------------------------------------------------------------------------------------------

Rule       Severity  Description                                                                                            Violations
---------  --------  -----------------------------------------------------------------------------------------------------  ----------
LUTAR-1    Warning   LUT drives async reset alert                                                                           5
TIMING-9   Warning   Unknown CDC Logic                                                                                      1
TIMING-18  Warning   Missing input or output delay                                                                          3
TIMING-28  Warning   Auto-derived clock referenced by a timing constraint                                                   4
TIMING-47  Warning   False path, asynchronous clock group or max delay datapath only constraint between synchronous clocks  2
ULMTCS-1   Warning   Control Sets use limits recommend reduction                                                            1
XDCB-5     Warning   Runtime inefficient way to find pin objects                                                            1
REQP-1959  Advisory  connects_SERDES_RST_driver_not_FF                                                                      16

Note: This report is based on the most recent report_methodology run and may not be up-to-date. Run report_methodology on the current design for the latest report.



check_timing report

Table of Contents
-----------------
1. checking no_clock (0)
2. checking constant_clock (0)
3. checking pulse_width_clock (0)
4. checking unconstrained_internal_endpoints (0)
5. checking no_input_delay (2)
6. checking no_output_delay (2)
7. checking multiple_clock (0)
8. checking generated_clocks (0)
9. checking loops (0)
10. checking partial_input_delay (0)
11. checking partial_output_delay (0)
12. checking latch_loops (0)

1. checking no_clock (0)
------------------------
 There are 0 register/latch pins with no clock.


2. checking constant_clock (0)
------------------------------
 There are 0 register/latch pins with constant_clock.


3. checking pulse_width_clock (0)
---------------------------------
 There are 0 register/latch pins which need pulse_width check


4. checking unconstrained_internal_endpoints (0)
------------------------------------------------
 There are 0 pins that are not constrained for maximum delay.

 There are 0 pins that are not constrained for maximum delay due to constant clock.


5. checking no_input_delay (2)
------------------------------
 There are 2 input ports with no input delay specified. (HIGH)

 There are 0 input ports with no input delay but user has a false path constraint.


6. checking no_output_delay (2)
-------------------------------
 There are 2 ports with no output delay specified. (HIGH)

 There are 0 ports with no output delay but user has a false path constraint

 There are 0 ports with no output delay but with a timing clock defined on it or propagating through it


7. checking multiple_clock (0)
------------------------------
 There are 0 register/latch pins with multiple clocks.


8. checking generated_clocks (0)
--------------------------------
 There are 0 generated clocks that are not connected to a clock source.


9. checking loops (0)
---------------------
 There are 0 combinational loops in the design.


10. checking partial_input_delay (0)
------------------------------------
 There are 0 input ports with partial input delay specified.


11. checking partial_output_delay (0)
-------------------------------------
 There are 0 ports with partial output delay specified.


12. checking latch_loops (0)
----------------------------
 There are 0 combinational latch loops in the design through latch input



------------------------------------------------------------------------------------------------
| Design Timing Summary
| ---------------------
------------------------------------------------------------------------------------------------

    WNS(ns)      TNS(ns)  TNS Failing Endpoints  TNS Total Endpoints      WHS(ns)      THS(ns)  THS Failing Endpoints  THS Total Endpoints     WPWS(ns)     TPWS(ns)  TPWS Failing Endpoints  TPWS Total Endpoints
    -------      -------  ---------------------  -------------------      -------      -------  ---------------------  -------------------     --------     --------  ----------------------  --------------------
      0.222        0.000                      0               186806        0.015        0.000                      0               185261        0.206        0.000                       0                 74292


All user specified timing constraints are met.


------------------------------------------------------------------------------------------------
| Clock Summary
| -------------
------------------------------------------------------------------------------------------------

Clock                                                                                                                                                          Waveform(ns)         Period(ns)      Frequency(MHz)
-----                                                                                                                                                          ------------         ----------      --------------
cnn_accelerator_system_i/mdm_1/U0/Use_E2.BSCAN_I/Use_E2.BSCANE2_I/DRCK                                                                                         {0.000 16.666}       33.333          30.000
cnn_accelerator_system_i/mdm_1/U0/Use_E2.BSCAN_I/Use_E2.BSCANE2_I/UPDATE                                                                                       {0.000 16.666}       33.333          30.000
sys_clk_pin                                                                                                                                                    {0.000 5.000}        10.000          100.000
  clk_out1_cnn_accelerator_system_clk_wiz_0_0                                                                                                                  {0.000 5.000}        10.000          100.000
  clk_out2_cnn_accelerator_system_clk_wiz_0_0                                                                                                                  {0.000 2.500}        5.000           200.000
  clk_out3_cnn_accelerator_system_clk_wiz_0_0                                                                                                                  {0.000 2.917}        5.833           171.429
  clkfbout_cnn_accelerator_system_clk_wiz_0_0                                                                                                                  {0.000 5.000}        10.000          100.000
  freq_refclk                                                                                                                                                  {0.000 0.769}        1.538           650.000
    u_memc_ui_top_axi/mem_intfc0/ddr_phy_top0/u_ddr_mc_phy_wrapper/u_ddr_mc_phy/ddr_phy_4lanes_0.u_ddr_phy_4lanes/ddr_byte_lane_C.ddr_byte_lane_C/iserdes_clk  {0.000 1.538}        3.077           325.000
      iserdes_clkdiv                                                                                                                                           {0.000 6.154}        12.308          81.250
    u_memc_ui_top_axi/mem_intfc0/ddr_phy_top0/u_ddr_mc_phy_wrapper/u_ddr_mc_phy/ddr_phy_4lanes_0.u_ddr_phy_4lanes/ddr_byte_lane_D.ddr_byte_lane_D/iserdes_clk  {0.000 1.538}        3.077           325.000
      iserdes_clkdiv_1                                                                                                                                         {0.000 6.154}        12.308          81.250
  mem_refclk                                                                                                                                                   {0.000 1.538}        3.077           325.000
    oserdes_clk                                                                                                                                                {0.000 1.538}        3.077           325.000
      oserdes_clkdiv                                                                                                                                           {0.000 6.154}        12.308          81.250
    oserdes_clk_1                                                                                                                                              {0.000 1.538}        3.077           325.000
      oserdes_clkdiv_1                                                                                                                                         {0.000 6.154}        12.308          81.250
    oserdes_clk_2                                                                                                                                              {0.000 1.538}        3.077           325.000
      oserdes_clkdiv_2                                                                                                                                         {0.000 3.077}        6.154           162.500
    oserdes_clk_3                                                                                                                                              {0.000 1.538}        3.077           325.000
      oserdes_clkdiv_3                                                                                                                                         {0.000 3.077}        6.154           162.500
  pll_clk3_out                                                                                                                                                 {0.000 6.154}        12.308          81.250
    clk_div2_bufg_in                                                                                                                                           {0.000 3.077}        6.154           162.500
    clk_pll_i                                                                                                                                                  {0.000 6.154}        12.308          81.250
    mmcm_ps_clk_bufg_in                                                                                                                                        {0.000 12.308}       24.615          40.625
  pll_clkfbout                                                                                                                                                 {0.000 5.000}        10.000          100.000
  sync_pulse                                                                                                                                                   {1.346 4.423}        49.231          20.312


------------------------------------------------------------------------------------------------
| Intra Clock Table
| -----------------
------------------------------------------------------------------------------------------------

Clock                                                                                                                                                              WNS(ns)      TNS(ns)  TNS Failing Endpoints  TNS Total Endpoints      WHS(ns)      THS(ns)  THS Failing Endpoints  THS Total Endpoints     WPWS(ns)     TPWS(ns)  TPWS Failing Endpoints  TPWS Total Endpoints
-----                                                                                                                                                              -------      -------  ---------------------  -------------------      -------      -------  ---------------------  -------------------     --------     --------  ----------------------  --------------------
cnn_accelerator_system_i/mdm_1/U0/Use_E2.BSCAN_I/Use_E2.BSCANE2_I/DRCK                                                                                              13.734        0.000                      0                  222        0.081        0.000                      0                  222       15.686        0.000                       0                   240
cnn_accelerator_system_i/mdm_1/U0/Use_E2.BSCAN_I/Use_E2.BSCANE2_I/UPDATE                                                                                            10.268        0.000                      0                   47        0.439        0.000                      0                   47       16.166        0.000                       0                    41
sys_clk_pin                                                                                                                                                                                                                                                                                                      3.000        0.000                       0                     3
  clk_out1_cnn_accelerator_system_clk_wiz_0_0                                                                                                                        0.222        0.000                      0                38033        0.021        0.000                      0                38033        3.750        0.000                       0                 14542
  clk_out2_cnn_accelerator_system_clk_wiz_0_0                                                                                                                        0.579        0.000                      0                  126        0.122        0.000                      0                  126        0.264        0.000                       0                    64
  clk_out3_cnn_accelerator_system_clk_wiz_0_0                                                                                                                        0.337        0.000                      0               131141        0.015        0.000                      0               131141        1.667        0.000                       0                 53004
  clkfbout_cnn_accelerator_system_clk_wiz_0_0                                                                                                                                                                                                                                                                    7.845        0.000                       0                     3
  freq_refclk                                                                                                                                                                                                                                                                                                    0.206        0.000                       0                     8
    u_memc_ui_top_axi/mem_intfc0/ddr_phy_top0/u_ddr_mc_phy_wrapper/u_ddr_mc_phy/ddr_phy_4lanes_0.u_ddr_phy_4lanes/ddr_byte_lane_C.ddr_byte_lane_C/iserdes_clk                                                                                                                                                    1.410        0.000                       0                    16
      iserdes_clkdiv                                                                                                                                                10.198        0.000                      0                   33        0.071        0.000                      0                   33        4.004        0.000                       0                     9
    u_memc_ui_top_axi/mem_intfc0/ddr_phy_top0/u_ddr_mc_phy_wrapper/u_ddr_mc_phy/ddr_phy_4lanes_0.u_ddr_phy_4lanes/ddr_byte_lane_D.ddr_byte_lane_D/iserdes_clk                                                                                                                                                    1.410        0.000                       0                    16
      iserdes_clkdiv_1                                                                                                                                              10.192        0.000                      0                   33        0.071        0.000                      0                   33        4.004        0.000                       0                     9
  mem_refclk                                                                                                                                                         1.917        0.000                      0                    1        0.336        0.000                      0                    1        0.913        0.000                       0                     8
    oserdes_clk                                                                                                                                                                                                                                                                                                  1.410        0.000                       0                    12
      oserdes_clkdiv                                                                                                                                                10.357        0.000                      0                   44        0.090        0.000                      0                   44        4.004        0.000                       0                    12
    oserdes_clk_1                                                                                                                                                                                                                                                                                                1.410        0.000                       0                    12
      oserdes_clkdiv_1                                                                                                                                              10.881        0.000                      0                   48        0.094        0.000                      0                   48        4.004        0.000                       0                    13
    oserdes_clk_2                                                                                                                                                    1.499        0.000                      0                    4        0.413        0.000                      0                    4        1.410        0.000                       0                    12
      oserdes_clkdiv_2                                                                                                                                               4.734        0.000                      0                   36        0.092        0.000                      0                   36        0.927        0.000                       0                    11
    oserdes_clk_3                                                                                                                                                    1.515        0.000                      0                    4        0.408        0.000                      0                    4        1.410        0.000                       0                    12
      oserdes_clkdiv_3                                                                                                                                               4.732        0.000                      0                   36        0.086        0.000                      0                   36        0.927        0.000                       0                    11
  pll_clk3_out                                                                                                                                                                                                                                                                                                   3.154        0.000                       0                     3
    clk_div2_bufg_in                                                                                                                                                 4.987        0.000                      0                   12        0.171        0.000                      0                   12        2.577        0.000                       0                    15
    clk_pll_i                                                                                                                                                        1.284        0.000                      0                15022        0.035        0.000                      0                15022        4.004        0.000                       0                  6191
    mmcm_ps_clk_bufg_in                                                                                                                                             23.164        0.000                      0                   12        0.178        0.000                      0                   12       11.808        0.000                       0                    15
  pll_clkfbout                                                                                                                                                                                                                                                                                                   8.751        0.000                       0                     2
  sync_pulse                                                                                                                                                                                                                                                                                                     1.827        0.000                       0                     8


------------------------------------------------------------------------------------------------
| Inter Clock Table
| -----------------
------------------------------------------------------------------------------------------------

From Clock                                                                                                                                                 To Clock                                                                                                                                                       WNS(ns)      TNS(ns)  TNS Failing Endpoints  TNS Total Endpoints      WHS(ns)      THS(ns)  THS Failing Endpoints  THS Total Endpoints
----------                                                                                                                                                 --------                                                                                                                                                       -------      -------  ---------------------  -------------------      -------      -------  ---------------------  -------------------
clk_pll_i                                                                                                                                                  clk_out1_cnn_accelerator_system_clk_wiz_0_0                                                                                                                     10.549        0.000                      0                   20
clk_pll_i                                                                                                                                                  clk_out2_cnn_accelerator_system_clk_wiz_0_0                                                                                                                     15.356        0.000                      0                    1
clk_out1_cnn_accelerator_system_clk_wiz_0_0                                                                                                                clk_out3_cnn_accelerator_system_clk_wiz_0_0                                                                                                                      0.829        0.000                      0                 1503
clk_pll_i                                                                                                                                                  u_memc_ui_top_axi/mem_intfc0/ddr_phy_top0/u_ddr_mc_phy_wrapper/u_ddr_mc_phy/ddr_phy_4lanes_0.u_ddr_phy_4lanes/ddr_byte_lane_C.ddr_byte_lane_C/iserdes_clk       10.817        0.000                      0                    8       46.474        0.000                      0                    8
clk_pll_i                                                                                                                                                  u_memc_ui_top_axi/mem_intfc0/ddr_phy_top0/u_ddr_mc_phy_wrapper/u_ddr_mc_phy/ddr_phy_4lanes_0.u_ddr_phy_4lanes/ddr_byte_lane_D.ddr_byte_lane_D/iserdes_clk        9.284        0.000                      0                    8       47.030        0.000                      0                    8
sync_pulse                                                                                                                                                 mem_refclk                                                                                                                                                       1.316        0.000                      0                    1        0.939        0.000                      0                    1
oserdes_clk                                                                                                                                                oserdes_clkdiv                                                                                                                                                   2.180        0.000                      0                   12        0.095        0.000                      0                   12
oserdes_clk_1                                                                                                                                              oserdes_clkdiv_1                                                                                                                                                 2.180        0.000                      0                   13        0.095        0.000                      0                   13
oserdes_clk_2                                                                                                                                              oserdes_clkdiv_2                                                                                                                                                 2.180        0.000                      0                   15        0.095        0.000                      0                   15
oserdes_clk_3                                                                                                                                              oserdes_clkdiv_3                                                                                                                                                 2.180        0.000                      0                   15        0.095        0.000                      0                   15
clk_out1_cnn_accelerator_system_clk_wiz_0_0                                                                                                                clk_pll_i                                                                                                                                                        8.401        0.000                      0                   20
clk_out2_cnn_accelerator_system_clk_wiz_0_0                                                                                                                clk_pll_i                                                                                                                                                       16.881        0.000                      0                   12        0.227        0.000                      0                   12


------------------------------------------------------------------------------------------------
| Other Path Groups Table
| -----------------------
------------------------------------------------------------------------------------------------

Path Group                                   From Clock                                   To Clock                                         WNS(ns)      TNS(ns)  TNS Failing Endpoints  TNS Total Endpoints      WHS(ns)      THS(ns)  THS Failing Endpoints  THS Total Endpoints
----------                                   ----------                                   --------                                         -------      -------  ---------------------  -------------------      -------      -------  ---------------------  -------------------
**async_default**                            clk_out1_cnn_accelerator_system_clk_wiz_0_0  clk_out1_cnn_accelerator_system_clk_wiz_0_0        5.386        0.000                      0                  210        0.399        0.000                      0                  210
**async_default**                            clk_pll_i                                    clk_pll_i                                          6.107        0.000                      0                  113        0.379        0.000                      0                  113
**default**                                  clk_pll_i                                                                                       1.175        0.000                      0                    1


------------------------------------------------------------------------------------------------
| Timing Details
| --------------
------------------------------------------------------------------------------------------------


---------------------------------------------------------------------------------------------------
From Clock:  cnn_accelerator_system_i/mdm_1/U0/Use_E2.BSCAN_I/Use_E2.BSCANE2_I/DRCK
  To Clock:  cnn_accelerator_system_i/mdm_1/U0/Use_E2.BSCAN_I/Use_E2.BSCANE2_I/DRCK

Setup :            0  Failing Endpoints,  Worst Slack       13.734ns,  Total Violation        0.000ns
Hold  :            0  Failing Endpoints,  Worst Slack        0.081ns,  Total Violation        0.000ns
PW    :            0  Failing Endpoints,  Worst Slack       15.686ns,  Total Violation        0.000ns
---------------------------------------------------------------------------------------------------


Max Delay Paths
--------------------------------------------------------------------------------------
Slack (MET) :             13.734ns  (required time - arrival time)
  Source:                 cnn_accelerator_system_i/mdm_1/U0/MDM_Core_I1/JTAG_CONTROL_I/Use_Serial_Unified_Completion.completion_block_reg/C
                            (rising edge-triggered cell FDRE clocked by cnn_accelerator_system_i/mdm_1/U0/Use_E2.BSCAN_I/Use_E2.BSCANE2_I/DRCK  {rise@0.000ns fall@16.667ns period=33.333ns})
  Destination:            cnn_accelerator_system_i/mdm_1/U0/MDM_Core_I1/JTAG_CONTROL_I/Use_BSCAN.SYNC_FDRE/Using_FPGA.Native/CE
                            (falling edge-triggered cell FDRE clocked by cnn_accelerator_system_i/mdm_1/U0/Use_E2.BSCAN_I/Use_E2.BSCANE2_I/DRCK  {rise@0.000ns fall@16.667ns period=33.333ns})
  Path Group:             cnn_accelerator_system_i/mdm_1/U0/Use_E2.BSCAN_I/Use_E2.BSCANE2_I/DRCK
  Path Type:              Setup (Max at Slow Process Corner)
  Requirement:            16.667ns  (cnn_accelerator_system_i/mdm_1/U0/Use_E2.BSCAN_I/Use_E2.BSCANE2_I/DRCK fall@16.667ns - cnn_accelerator_system_i/mdm_1/U0/Use_E2.BSCAN_I/Use_E2.BSCANE2_I/DRCK rise@0.000ns)
  Data Path Delay:        2.651ns  (logic 0.704ns (26.552%)  route 1.947ns (73.448%))
  Logic Levels:           2  (LUT5=1 LUT6=1)
  Clock Path Skew:        -0.044ns (DCD - SCD + CPR)
    Destination Clock Delay (DCD):    3.719ns = ( 20.385 - 16.667 )
    Source Clock Delay      (SCD):    4.186ns
    Clock Pessimism Removal (CPR):    0.423ns
  Clock Uncertainty:      0.035ns  ((TSJ^2 + TIJ^2)^1/2 + DJ) / 2 + PE
    Total System Jitter     (TSJ):    0.071ns
    Total Input Jitter      (TIJ):    0.000ns
    Discrete Jitter          (DJ):    0.000ns
    Phase Error              (PE):    0.000ns

    Location             Delay type                Incr(ns)  Path(ns)    Netlist Resource(s)
  -------------------------------------------------------------------    -------------------
                         (clock cnn_accelerator_system_i/mdm_1/U0/Use_E2.BSCAN_I/Use_E2.BSCANE2_I/DRCK rise edge)
                                                      0.000     0.000 r
    BSCAN_X0Y1           BSCANE2                      0.000     0.000 r  cnn_accelerator_system_i/mdm_1/U0/Use_E2.BSCAN_I/Use_E2.BSCANE2_I/DRCK
                         net (fo=1, routed)           2.278     2.278    cnn_accelerator_system_i/mdm_1/U0/No_Dbg_Reg_Access.BUFG_DRCK/DRCK
    BUFGCTRL_X0Y4        BUFG (Prop_bufg_I_O)         0.096     2.374 r  cnn_accelerator_system_i/mdm_1/U0/No_Dbg_Reg_Access.BUFG_DRCK/Using_FPGA.Native/O
                         net (fo=239, routed)         1.812     4.186    cnn_accelerator_system_i/mdm_1/U0/MDM_Core_I1/JTAG_CONTROL_I/Use_unisim.MB_SRL16E_I1
    SLICE_X36Y2          FDRE                                         r  cnn_accelerator_system_i/mdm_1/U0/MDM_Core_I1/JTAG_CONTROL_I/Use_Serial_Unified_Completion.completion_block_reg/C
  -------------------------------------------------------------------    -------------------
    SLICE_X36Y2          FDRE (Prop_fdre_C_Q)         0.456     4.642 f  cnn_accelerator_system_i/mdm_1/U0/MDM_Core_I1/JTAG_CONTROL_I/Use_Serial_Unified_Completion.completion_block_reg/Q
                         net (fo=13, routed)          1.171     5.813    cnn_accelerator_system_i/mdm_1/U0/MDM_Core_I1/JTAG_CONTROL_I/Use_BSCAN.FDC_I/Use_Serial_Unified_Completion.completion_block_reg_0
    SLICE_X41Y4          LUT6 (Prop_lut6_I4_O)        0.124     5.937 r  cnn_accelerator_system_i/mdm_1/U0/MDM_Core_I1/JTAG_CONTROL_I/Use_BSCAN.FDC_I/Using_FPGA.Native_i_2/O
                         net (fo=1, routed)           0.264     6.201    cnn_accelerator_system_i/mdm_1/U0/MDM_Core_I1/JTAG_CONTROL_I/Use_BSCAN.FDC_I/Using_FPGA.Native_i_2_n_0
    SLICE_X41Y4          LUT5 (Prop_lut5_I0_O)        0.124     6.325 r  cnn_accelerator_system_i/mdm_1/U0/MDM_Core_I1/JTAG_CONTROL_I/Use_BSCAN.FDC_I/Using_FPGA.Native_i_1/O
                         net (fo=1, routed)           0.512     6.837    cnn_accelerator_system_i/mdm_1/U0/MDM_Core_I1/JTAG_CONTROL_I/Use_BSCAN.SYNC_FDRE/CE
    SLICE_X39Y4          FDRE                                         r  cnn_accelerator_system_i/mdm_1/U0/MDM_Core_I1/JTAG_CONTROL_I/Use_BSCAN.SYNC_FDRE/Using_FPGA.Native/CE
  -------------------------------------------------------------------    -------------------

                         (clock cnn_accelerator_system_i/mdm_1/U0/Use_E2.BSCAN_I/Use_E2.BSCANE2_I/DRCK fall edge)
                                                     16.667    16.667 f
    BSCAN_X0Y1           BSCANE2                      0.000    16.667 f  cnn_accelerator_system_i/mdm_1/U0/Use_E2.BSCAN_I/Use_E2.BSCANE2_I/DRCK
                         net (fo=1, routed)           1.948    18.614    cnn_accelerator_system_i/mdm_1/U0/No_Dbg_Reg_Access.BUFG_DRCK/DRCK
    BUFGCTRL_X0Y4        BUFG (Prop_bufg_I_O)         0.091    18.705 f  cnn_accelerator_system_i/mdm_1/U0/No_Dbg_Reg_Access.BUFG_DRCK/Using_FPGA.Native/O
                         net (fo=239, routed)         1.680    20.385    cnn_accelerator_system_i/mdm_1/U0/MDM_Core_I1/JTAG_CONTROL_I/Use_BSCAN.SYNC_FDRE/Using_FPGA.Native_0
    SLICE_X39Y4          FDRE                                         r  cnn_accelerator_system_i/mdm_1/U0/MDM_Core_I1/JTAG_CONTROL_I/Use_BSCAN.SYNC_FDRE/Using_FPGA.Native/C  (IS_INVERTED)
                         clock pessimism              0.423    20.809
                         clock uncertainty           -0.035    20.773
    SLICE_X39Y4          FDRE (Setup_fdre_C_CE)      -0.202    20.571    cnn_accelerator_system_i/mdm_1/U0/MDM_Core_I1/JTAG_CONTROL_I/Use_BSCAN.SYNC_FDRE/Using_FPGA.Native
  -------------------------------------------------------------------
                         required time                         20.571
                         arrival time                          -6.837
  -------------------------------------------------------------------
                         slack                                 13.734





Min Delay Paths
--------------------------------------------------------------------------------------
Slack (MET) :             0.081ns  (arrival time - required time)
  Source:                 cnn_accelerator_system_i/microblaze_0/U0/MicroBlaze_Core_I/Performance.Core/Use_Debug_Logic.Master_Core.Debug_Perf/Serial_Dbg_Intf.shift_datain_reg[25]/C
                            (rising edge-triggered cell FDRE clocked by cnn_accelerator_system_i/mdm_1/U0/Use_E2.BSCAN_I/Use_E2.BSCANE2_I/DRCK  {rise@0.000ns fall@16.667ns period=33.333ns})
  Destination:            cnn_accelerator_system_i/microblaze_0/U0/MicroBlaze_Core_I/Performance.Core/Use_Debug_Logic.Master_Core.Debug_Perf/Serial_Dbg_Intf.New_Instr_Reg_TCK_reg[24]/D
                            (rising edge-triggered cell FDRE clocked by cnn_accelerator_system_i/mdm_1/U0/Use_E2.BSCAN_I/Use_E2.BSCANE2_I/DRCK  {rise@0.000ns fall@16.667ns period=33.333ns})
  Path Group:             cnn_accelerator_system_i/mdm_1/U0/Use_E2.BSCAN_I/Use_E2.BSCANE2_I/DRCK
  Path Type:              Hold (Min at Fast Process Corner)
  Requirement:            0.000ns  (cnn_accelerator_system_i/mdm_1/U0/Use_E2.BSCAN_I/Use_E2.BSCANE2_I/DRCK rise@0.000ns - cnn_accelerator_system_i/mdm_1/U0/Use_E2.BSCAN_I/Use_E2.BSCANE2_I/DRCK rise@0.000ns)
  Data Path Delay:        0.358ns  (logic 0.128ns (35.715%)  route 0.230ns (64.285%))
  Logic Levels:           0
  Clock Path Skew:        0.259ns (DCD - SCD - CPR)
    Destination Clock Delay (DCD):    1.948ns
    Source Clock Delay      (SCD):    1.537ns
    Clock Pessimism Removal (CPR):    0.152ns

    Location             Delay type                Incr(ns)  Path(ns)    Netlist Resource(s)
  -------------------------------------------------------------------    -------------------
                         (clock cnn_accelerator_system_i/mdm_1/U0/Use_E2.BSCAN_I/Use_E2.BSCANE2_I/DRCK rise edge)
                                                      0.000     0.000 r
    BSCAN_X0Y1           BSCANE2                      0.000     0.000 r  cnn_accelerator_system_i/mdm_1/U0/Use_E2.BSCAN_I/Use_E2.BSCANE2_I/DRCK
                         net (fo=1, routed)           0.892     0.892    cnn_accelerator_system_i/mdm_1/U0/No_Dbg_Reg_Access.BUFG_DRCK/DRCK
    BUFGCTRL_X0Y4        BUFG (Prop_bufg_I_O)         0.026     0.918 r  cnn_accelerator_system_i/mdm_1/U0/No_Dbg_Reg_Access.BUFG_DRCK/Using_FPGA.Native/O
                         net (fo=239, routed)         0.619     1.537    cnn_accelerator_system_i/microblaze_0/U0/MicroBlaze_Core_I/Performance.Core/Use_Debug_Logic.Master_Core.Debug_Perf/Dbg_Clk
    SLICE_X51Y22         FDRE                                         r  cnn_accelerator_system_i/microblaze_0/U0/MicroBlaze_Core_I/Performance.Core/Use_Debug_Logic.Master_Core.Debug_Perf/Serial_Dbg_Intf.shift_datain_reg[25]/C
  -------------------------------------------------------------------    -------------------
    SLICE_X51Y22         FDRE (Prop_fdre_C_Q)         0.128     1.665 r  cnn_accelerator_system_i/microblaze_0/U0/MicroBlaze_Core_I/Performance.Core/Use_Debug_Logic.Master_Core.Debug_Perf/Serial_Dbg_Intf.shift_datain_reg[25]/Q
                         net (fo=3, routed)           0.230     1.895    cnn_accelerator_system_i/microblaze_0/U0/MicroBlaze_Core_I/Performance.Core/Use_Debug_Logic.Master_Core.Debug_Perf/Serial_Dbg_Intf.shift_datain_reg_n_0_[25]
    SLICE_X53Y23         FDRE                                         r  cnn_accelerator_system_i/microblaze_0/U0/MicroBlaze_Core_I/Performance.Core/Use_Debug_Logic.Master_Core.Debug_Perf/Serial_Dbg_Intf.New_Instr_Reg_TCK_reg[24]/D
  -------------------------------------------------------------------    -------------------

                         (clock cnn_accelerator_system_i/mdm_1/U0/Use_E2.BSCAN_I/Use_E2.BSCANE2_I/DRCK rise edge)
                                                      0.000     0.000 r
    BSCAN_X0Y1           BSCANE2                      0.000     0.000 r  cnn_accelerator_system_i/mdm_1/U0/Use_E2.BSCAN_I/Use_E2.BSCANE2_I/DRCK
                         net (fo=1, routed)           1.033     1.033    cnn_accelerator_system_i/mdm_1/U0/No_Dbg_Reg_Access.BUFG_DRCK/DRCK
    BUFGCTRL_X0Y4        BUFG (Prop_bufg_I_O)         0.029     1.062 r  cnn_accelerator_system_i/mdm_1/U0/No_Dbg_Reg_Access.BUFG_DRCK/Using_FPGA.Native/O
                         net (fo=239, routed)         0.887     1.948    cnn_accelerator_system_i/microblaze_0/U0/MicroBlaze_Core_I/Performance.Core/Use_Debug_Logic.Master_Core.Debug_Perf/Dbg_Clk
    SLICE_X53Y23         FDRE                                         r  cnn_accelerator_system_i/microblaze_0/U0/MicroBlaze_Core_I/Performance.Core/Use_Debug_Logic.Master_Core.Debug_Perf/Serial_Dbg_Intf.New_Instr_Reg_TCK_reg[24]/C
                         clock pessimism             -0.152     1.796
    SLICE_X53Y23         FDRE (Hold_fdre_C_D)         0.018     1.814    cnn_accelerator_system_i/microblaze_0/U0/MicroBlaze_Core_I/Performance.Core/Use_Debug_Logic.Master_Core.Debug_Perf/Serial_Dbg_Intf.New_Instr_Reg_TCK_reg[24]
  -------------------------------------------------------------------
                         required time                         -1.814
                         arrival time                           1.895
  -------------------------------------------------------------------
                         slack                                  0.081





Pulse Width Checks
--------------------------------------------------------------------------------------
Clock Name:         cnn_accelerator_system_i/mdm_1/U0/Use_E2.BSCAN_I/Use_E2.BSCANE2_I/DRCK
Waveform(ns):       { 0.000 16.667 }
Period(ns):         33.333
Sources:            { cnn_accelerator_system_i/mdm_1/U0/Use_E2.BSCAN_I/Use_E2.BSCANE2_I/DRCK }

Check Type        Corner  Lib Pin     Reference Pin  Required(ns)  Actual(ns)  Slack(ns)  Location       Pin
Min Period        n/a     BUFG/I      n/a            2.155         33.333      31.178     BUFGCTRL_X0Y4  cnn_accelerator_system_i/mdm_1/U0/No_Dbg_Reg_Access.BUFG_DRCK/Using_FPGA.Native/I
Low Pulse Width   Slow    SRL16E/CLK  n/a            0.980         16.667      15.687     SLICE_X14Y5    cnn_accelerator_system_i/mdm_1/U0/MDM_Core_I1/Use_BSCAN.Config_Reg_reg[12]_srl13_MDM_Core_I1_Use_BSCAN.Config_Reg_reg_c_11/CLK
High Pulse Width  Slow    SRL16E/CLK  n/a            0.980         16.666      15.686     SLICE_X14Y5    cnn_accelerator_system_i/mdm_1/U0/MDM_Core_I1/Use_BSCAN.Config_Reg_reg[12]_srl13_MDM_Core_I1_Use_BSCAN.Config_Reg_reg_c_11/CLK



---------------------------------------------------------------------------------------------------
From Clock:  cnn_accelerator_system_i/mdm_1/U0/Use_E2.BSCAN_I/Use_E2.BSCANE2_I/UPDATE
  To Clock:  cnn_accelerator_system_i/mdm_1/U0/Use_E2.BSCAN_I/Use_E2.BSCANE2_I/UPDATE

Setup :            0  Failing Endpoints,  Worst Slack       10.268ns,  Total Violation        0.000ns
Hold  :            0  Failing Endpoints,  Worst Slack        0.439ns,  Total Violation        0.000ns
PW    :            0  Failing Endpoints,  Worst Slack       16.166ns,  Total Violation        0.000ns
---------------------------------------------------------------------------------------------------


Max Delay Paths
--------------------------------------------------------------------------------------
Slack (MET) :             10.268ns  (required time - arrival time)
  Source:                 cnn_accelerator_system_i/mdm_1/U0/MDM_Core_I1/JTAG_CONTROL_I/Use_BSCAN.command_reg[2]/C
                            (falling edge-triggered cell FDRE clocked by cnn_accelerator_system_i/mdm_1/U0/Use_E2.BSCAN_I/Use_E2.BSCANE2_I/UPDATE  {rise@0.000ns fall@16.667ns period=33.333ns})
  Destination:            cnn_accelerator_system_i/microblaze_0/U0/MicroBlaze_Core_I/Performance.Core/Use_Debug_Logic.Master_Core.Debug_Perf/Serial_Dbg_Intf.control_reg_reg[0]/CE
                            (rising edge-triggered cell FDRE clocked by cnn_accelerator_system_i/mdm_1/U0/Use_E2.BSCAN_I/Use_E2.BSCANE2_I/UPDATE  {rise@0.000ns fall@16.667ns period=33.333ns})
  Path Group:             cnn_accelerator_system_i/mdm_1/U0/Use_E2.BSCAN_I/Use_E2.BSCANE2_I/UPDATE
  Path Type:              Setup (Max at Slow Process Corner)
  Requirement:            16.667ns  (cnn_accelerator_system_i/mdm_1/U0/Use_E2.BSCAN_I/Use_E2.BSCANE2_I/UPDATE rise@33.333ns - cnn_accelerator_system_i/mdm_1/U0/Use_E2.BSCAN_I/Use_E2.BSCANE2_I/UPDATE fall@16.667ns)
  Data Path Delay:        5.525ns  (logic 0.831ns (15.042%)  route 4.694ns (84.958%))
  Logic Levels:           3  (LUT3=1 LUT4=1 LUT5=1)
  Clock Path Skew:        -0.634ns (DCD - SCD + CPR)
    Destination Clock Delay (DCD):    2.093ns = ( 35.426 - 33.333 )
    Source Clock Delay      (SCD):    2.909ns = ( 19.576 - 16.667 )
    Clock Pessimism Removal (CPR):    0.183ns
  Clock Uncertainty:      0.035ns  ((TSJ^2 + TIJ^2)^1/2 + DJ) / 2 + PE
    Total System Jitter     (TSJ):    0.071ns
    Total Input Jitter      (TIJ):    0.000ns
    Discrete Jitter          (DJ):    0.000ns
    Phase Error              (PE):    0.000ns

    Location             Delay type                Incr(ns)  Path(ns)    Netlist Resource(s)
  -------------------------------------------------------------------    -------------------
                         (clock cnn_accelerator_system_i/mdm_1/U0/Use_E2.BSCAN_I/Use_E2.BSCANE2_I/UPDATE fall edge)
                                                     16.667    16.667 f
    BSCAN_X0Y1           BSCANE2                      0.000    16.667 f  cnn_accelerator_system_i/mdm_1/U0/Use_E2.BSCAN_I/Use_E2.BSCANE2_I/UPDATE
                         net (fo=41, routed)          2.909    19.576    cnn_accelerator_system_i/mdm_1/U0/MDM_Core_I1/JTAG_CONTROL_I/CLK
    SLICE_X31Y4          FDRE                                         r  cnn_accelerator_system_i/mdm_1/U0/MDM_Core_I1/JTAG_CONTROL_I/Use_BSCAN.command_reg[2]/C  (IS_INVERTED)
  -------------------------------------------------------------------    -------------------
    SLICE_X31Y4          FDRE (Prop_fdre_C_Q)         0.459    20.035 f  cnn_accelerator_system_i/mdm_1/U0/MDM_Core_I1/JTAG_CONTROL_I/Use_BSCAN.command_reg[2]/Q
                         net (fo=12, routed)          1.595    21.630    cnn_accelerator_system_i/mdm_1/U0/MDM_Core_I1/JTAG_CONTROL_I/Use_BSCAN.FDC_I/command[2]
    SLICE_X41Y5          LUT3 (Prop_lut3_I2_O)        0.124    21.754 f  cnn_accelerator_system_i/mdm_1/U0/MDM_Core_I1/JTAG_CONTROL_I/Use_BSCAN.FDC_I/Dbg_Reg_En_0[2]_INST_0/O
                         net (fo=2, routed)           0.640    22.394    cnn_accelerator_system_i/microblaze_0/U0/MicroBlaze_Core_I/Performance.Core/Use_Debug_Logic.Master_Core.Debug_Perf/Dbg_Reg_En[2]
    SLICE_X41Y5          LUT4 (Prop_lut4_I0_O)        0.124    22.518 f  cnn_accelerator_system_i/microblaze_0/U0/MicroBlaze_Core_I/Performance.Core/Use_Debug_Logic.Master_Core.Debug_Perf/Dbg_TDO_INST_0_i_15/O
                         net (fo=7, routed)           0.766    23.283    cnn_accelerator_system_i/microblaze_0/U0/MicroBlaze_Core_I/Performance.Core/Use_Debug_Logic.Master_Core.Debug_Perf/Dbg_TDO_INST_0_i_15_n_0
    SLICE_X41Y9          LUT5 (Prop_lut5_I4_O)        0.124    23.407 r  cnn_accelerator_system_i/microblaze_0/U0/MicroBlaze_Core_I/Performance.Core/Use_Debug_Logic.Master_Core.Debug_Perf/Serial_Dbg_Intf.normal_stop_TClk_i_1/O
                         net (fo=9, routed)           1.693    25.101    cnn_accelerator_system_i/microblaze_0/U0/MicroBlaze_Core_I/Performance.Core/Use_Debug_Logic.Master_Core.Debug_Perf/Control_Reg_En
    SLICE_X52Y20         FDRE                                         r  cnn_accelerator_system_i/microblaze_0/U0/MicroBlaze_Core_I/Performance.Core/Use_Debug_Logic.Master_Core.Debug_Perf/Serial_Dbg_Intf.control_reg_reg[0]/CE
  -------------------------------------------------------------------    -------------------

                         (clock cnn_accelerator_system_i/mdm_1/U0/Use_E2.BSCAN_I/Use_E2.BSCANE2_I/UPDATE rise edge)
                                                     33.333    33.333 r
    BSCAN_X0Y1           BSCANE2                      0.000    33.333 r  cnn_accelerator_system_i/mdm_1/U0/Use_E2.BSCAN_I/Use_E2.BSCANE2_I/UPDATE
                         net (fo=41, routed)          2.093    35.426    cnn_accelerator_system_i/microblaze_0/U0/MicroBlaze_Core_I/Performance.Core/Use_Debug_Logic.Master_Core.Debug_Perf/Dbg_Update
    SLICE_X52Y20         FDRE                                         r  cnn_accelerator_system_i/microblaze_0/U0/MicroBlaze_Core_I/Performance.Core/Use_Debug_Logic.Master_Core.Debug_Perf/Serial_Dbg_Intf.control_reg_reg[0]/C
                         clock pessimism              0.183    35.609
                         clock uncertainty           -0.035    35.573
    SLICE_X52Y20         FDRE (Setup_fdre_C_CE)      -0.205    35.368    cnn_accelerator_system_i/microblaze_0/U0/MicroBlaze_Core_I/Performance.Core/Use_Debug_Logic.Master_Core.Debug_Perf/Serial_Dbg_Intf.control_reg_reg[0]
  -------------------------------------------------------------------
                         required time                         35.368
                         arrival time                         -25.101
  -------------------------------------------------------------------
                         slack                                 10.268





Min Delay Paths
--------------------------------------------------------------------------------------
Slack (MET) :             0.439ns  (arrival time - required time)
  Source:                 cnn_accelerator_system_i/mdm_1/U0/MDM_Core_I1/JTAG_CONTROL_I/Debug_Rst_i_reg/C
                            (rising edge-triggered cell FDRE clocked by cnn_accelerator_system_i/mdm_1/U0/Use_E2.BSCAN_I/Use_E2.BSCANE2_I/UPDATE  {rise@0.000ns fall@16.667ns period=33.333ns})
  Destination:            cnn_accelerator_system_i/mdm_1/U0/MDM_Core_I1/JTAG_CONTROL_I/Debug_Rst_i_reg/D
                            (rising edge-triggered cell FDRE clocked by cnn_accelerator_system_i/mdm_1/U0/Use_E2.BSCAN_I/Use_E2.BSCANE2_I/UPDATE  {rise@0.000ns fall@16.667ns period=33.333ns})
  Path Group:             cnn_accelerator_system_i/mdm_1/U0/Use_E2.BSCAN_I/Use_E2.BSCANE2_I/UPDATE
  Path Type:              Hold (Min at Fast Process Corner)
  Requirement:            0.000ns  (cnn_accelerator_system_i/mdm_1/U0/Use_E2.BSCAN_I/Use_E2.BSCANE2_I/UPDATE rise@0.000ns - cnn_accelerator_system_i/mdm_1/U0/Use_E2.BSCAN_I/Use_E2.BSCANE2_I/UPDATE rise@0.000ns)
  Data Path Delay:        0.531ns  (logic 0.186ns (35.007%)  route 0.345ns (64.993%))
  Logic Levels:           1  (LUT6=1)
  Clock Path Skew:        0.000ns (DCD - SCD - CPR)
    Destination Clock Delay (DCD):    1.336ns
    Source Clock Delay      (SCD):    1.132ns
    Clock Pessimism Removal (CPR):    0.204ns

    Location             Delay type                Incr(ns)  Path(ns)    Netlist Resource(s)
  -------------------------------------------------------------------    -------------------
                         (clock cnn_accelerator_system_i/mdm_1/U0/Use_E2.BSCAN_I/Use_E2.BSCANE2_I/UPDATE rise edge)
                                                      0.000     0.000 r
    BSCAN_X0Y1           BSCANE2                      0.000     0.000 r  cnn_accelerator_system_i/mdm_1/U0/Use_E2.BSCAN_I/Use_E2.BSCANE2_I/UPDATE
                         net (fo=41, routed)          1.132     1.132    cnn_accelerator_system_i/mdm_1/U0/MDM_Core_I1/JTAG_CONTROL_I/CLK
    SLICE_X39Y3          FDRE                                         r  cnn_accelerator_system_i/mdm_1/U0/MDM_Core_I1/JTAG_CONTROL_I/Debug_Rst_i_reg/C
  -------------------------------------------------------------------    -------------------
    SLICE_X39Y3          FDRE (Prop_fdre_C_Q)         0.141     1.273 r  cnn_accelerator_system_i/mdm_1/U0/MDM_Core_I1/JTAG_CONTROL_I/Debug_Rst_i_reg/Q
                         net (fo=2, routed)           0.345     1.618    cnn_accelerator_system_i/mdm_1/U0/MDM_Core_I1/JTAG_CONTROL_I/Use_BSCAN.FDC_I/Dbg_Rst_0
    SLICE_X39Y3          LUT6 (Prop_lut6_I5_O)        0.045     1.663 r  cnn_accelerator_system_i/mdm_1/U0/MDM_Core_I1/JTAG_CONTROL_I/Use_BSCAN.FDC_I/Debug_Rst_i_i_1/O
                         net (fo=1, routed)           0.000     1.663    cnn_accelerator_system_i/mdm_1/U0/MDM_Core_I1/JTAG_CONTROL_I/Use_BSCAN.FDC_I_n_34
    SLICE_X39Y3          FDRE                                         r  cnn_accelerator_system_i/mdm_1/U0/MDM_Core_I1/JTAG_CONTROL_I/Debug_Rst_i_reg/D
  -------------------------------------------------------------------    -------------------

                         (clock cnn_accelerator_system_i/mdm_1/U0/Use_E2.BSCAN_I/Use_E2.BSCANE2_I/UPDATE rise edge)
                                                      0.000     0.000 r
    BSCAN_X0Y1           BSCANE2                      0.000     0.000 r  cnn_accelerator_system_i/mdm_1/U0/Use_E2.BSCAN_I/Use_E2.BSCANE2_I/UPDATE
                         net (fo=41, routed)          1.336     1.336    cnn_accelerator_system_i/mdm_1/U0/MDM_Core_I1/JTAG_CONTROL_I/CLK
    SLICE_X39Y3          FDRE                                         r  cnn_accelerator_system_i/mdm_1/U0/MDM_Core_I1/JTAG_CONTROL_I/Debug_Rst_i_reg/C
                         clock pessimism             -0.204     1.132
    SLICE_X39Y3          FDRE (Hold_fdre_C_D)         0.092     1.224    cnn_accelerator_system_i/mdm_1/U0/MDM_Core_I1/JTAG_CONTROL_I/Debug_Rst_i_reg
  -------------------------------------------------------------------
                         required time                         -1.224
                         arrival time                           1.663
  -------------------------------------------------------------------
                         slack                                  0.439





Pulse Width Checks
--------------------------------------------------------------------------------------
Clock Name:         cnn_accelerator_system_i/mdm_1/U0/Use_E2.BSCAN_I/Use_E2.BSCANE2_I/UPDATE
Waveform(ns):       { 0.000 16.667 }
Period(ns):         33.333
Sources:            { cnn_accelerator_system_i/mdm_1/U0/Use_E2.BSCAN_I/Use_E2.BSCANE2_I/UPDATE }

Check Type        Corner  Lib Pin  Reference Pin  Required(ns)  Actual(ns)  Slack(ns)  Location     Pin
Min Period        n/a     FDCE/C   n/a            1.000         33.333      32.333     SLICE_X42Y6  cnn_accelerator_system_i/mdm_1/U0/MDM_Core_I1/Use_BSCAN.PORT_Selector_1_reg[0]/C
Low Pulse Width   Slow    FDCE/C   n/a            0.500         16.666      16.166     SLICE_X42Y6  cnn_accelerator_system_i/mdm_1/U0/MDM_Core_I1/Use_BSCAN.PORT_Selector_1_reg[0]/C
High Pulse Width  Slow    FDCE/C   n/a            0.500         16.666      16.166     SLICE_X42Y6  cnn_accelerator_system_i/mdm_1/U0/MDM_Core_I1/Use_BSCAN.PORT_Selector_1_reg[0]/C



---------------------------------------------------------------------------------------------------
From Clock:  sys_clk_pin
  To Clock:  sys_clk_pin

Setup :           NA  Failing Endpoints,  Worst Slack           NA  ,  Total Violation           NA
Hold  :           NA  Failing Endpoints,  Worst Slack           NA  ,  Total Violation           NA
PW    :            0  Failing Endpoints,  Worst Slack        3.000ns,  Total Violation        0.000ns
---------------------------------------------------------------------------------------------------


Pulse Width Checks
--------------------------------------------------------------------------------------
Clock Name:         sys_clk_pin
Waveform(ns):       { 0.000 5.000 }
Period(ns):         10.000
Sources:            { CLK100MHZ }

Check Type        Corner  Lib Pin            Reference Pin  Required(ns)  Actual(ns)  Slack(ns)  Location         Pin
Min Period        n/a     BUFG/I             n/a            2.155         10.000      7.845      BUFGCTRL_X0Y16   cnn_accelerator_system_i/util_ds_buf_0/U0/USE_BUFG.GEN_BUFG[0].BUFG_U/I
Max Period        n/a     PLLE2_ADV/CLKIN1   n/a            52.633        10.000      42.633     PLLE2_ADV_X1Y1   cnn_accelerator_system_i/mig_7series_0/u_cnn_accelerator_system_mig_7series_0_0_mig/u_ddr3_infrastructure/plle2_i/CLKIN1
Low Pulse Width   Slow    MMCME2_ADV/CLKIN1  n/a            2.000         5.000       3.000      MMCME2_ADV_X0Y0  cnn_accelerator_system_i/clk_wiz_0/inst/mmcm_adv_inst/CLKIN1
High Pulse Width  Slow    MMCME2_ADV/CLKIN1  n/a            2.000         5.000       3.000      MMCME2_ADV_X0Y0  cnn_accelerator_system_i/clk_wiz_0/inst/mmcm_adv_inst/CLKIN1



---------------------------------------------------------------------------------------------------
From Clock:  clk_out1_cnn_accelerator_system_clk_wiz_0_0
  To Clock:  clk_out1_cnn_accelerator_system_clk_wiz_0_0

Setup :            0  Failing Endpoints,  Worst Slack        0.222ns,  Total Violation        0.000ns
Hold  :            0  Failing Endpoints,  Worst Slack        0.021ns,  Total Violation        0.000ns
PW    :            0  Failing Endpoints,  Worst Slack        3.750ns,  Total Violation        0.000ns
---------------------------------------------------------------------------------------------------


Max Delay Paths
--------------------------------------------------------------------------------------
Slack (MET) :             0.222ns  (required time - arrival time)
  Source:                 cnn_accelerator_system_i/microblaze_0/U0/MicroBlaze_Core_I/Performance.Core/Data_Flow_I/Byte_Doublet_Handle_gti_I/MEM_DataBus_Write_Data_reg[18]/C
                            (rising edge-triggered cell FDRE clocked by clk_out1_cnn_accelerator_system_clk_wiz_0_0  {rise@0.000ns fall@5.000ns period=10.000ns})
  Destination:            cnn_accelerator_system_i/perif_interconnect_1/m05_couplers/auto_us/inst/gen_upsizer.gen_full_upsizer.axi_upsizer_inst/USE_WRITE.gen_non_fifo_w_upsizer.write_data_inst/WORD_LANE[2].USE_ALWAYS_PACKER.BYTE_LANE[1].USE_RTL_DATA.wdata_wrap_buffer_q_reg[141]/D
                            (rising edge-triggered cell FDRE clocked by clk_out1_cnn_accelerator_system_clk_wiz_0_0  {rise@0.000ns fall@5.000ns period=10.000ns})
  Path Group:             clk_out1_cnn_accelerator_system_clk_wiz_0_0
  Path Type:              Setup (Max at Slow Process Corner)
  Requirement:            10.000ns  (clk_out1_cnn_accelerator_system_clk_wiz_0_0 rise@10.000ns - clk_out1_cnn_accelerator_system_clk_wiz_0_0 rise@0.000ns)
  Data Path Delay:        9.528ns  (logic 0.456ns (4.786%)  route 9.072ns (95.214%))
  Logic Levels:           0
  Clock Path Skew:        -0.121ns (DCD - SCD + CPR)
    Destination Clock Delay (DCD):    5.101ns = ( 15.101 - 10.000 )
    Source Clock Delay      (SCD):    5.402ns
    Clock Pessimism Removal (CPR):    0.179ns
  Clock Uncertainty:      0.067ns  ((TSJ^2 + DJ^2)^1/2) / 2 + PE
    Total System Jitter     (TSJ):    0.071ns
    Discrete Jitter          (DJ):    0.114ns
    Phase Error              (PE):    0.000ns

    Location             Delay type                Incr(ns)  Path(ns)    Netlist Resource(s)
  -------------------------------------------------------------------    -------------------
                         (clock clk_out1_cnn_accelerator_system_clk_wiz_0_0 rise edge)
                                                      0.000     0.000 r
    E3                                                0.000     0.000 r  CLK100MHZ (IN)
                         net (fo=0)                   0.000     0.000    CLK100MHZ
    E3                   IBUF (Prop_ibuf_I_O)         1.482     1.482 r  CLK100MHZ_IBUF_inst/O
                         net (fo=1, routed)           2.025     3.506    cnn_accelerator_system_i/util_ds_buf_0/U0/BUFG_I[0]
    BUFGCTRL_X0Y16       BUFG (Prop_bufg_I_O)         0.096     3.602 r  cnn_accelerator_system_i/util_ds_buf_0/U0/USE_BUFG.GEN_BUFG[0].BUFG_U/O
                         net (fo=2, routed)           1.809     5.412    cnn_accelerator_system_i/clk_wiz_0/inst/clk_in1
    MMCME2_ADV_X0Y0      MMCME2_ADV (Prop_mmcme2_adv_CLKIN1_CLKOUT0)
                                                     -3.922     1.490 r  cnn_accelerator_system_i/clk_wiz_0/inst/mmcm_adv_inst/CLKOUT0
                         net (fo=1, routed)           2.018     3.508    cnn_accelerator_system_i/clk_wiz_0/inst/clk_out1_cnn_accelerator_system_clk_wiz_0_0
    BUFGCTRL_X0Y3        BUFG (Prop_bufg_I_O)         0.096     3.604 r  cnn_accelerator_system_i/clk_wiz_0/inst/clkout1_buf/O
                         net (fo=14544, routed)       1.797     5.402    cnn_accelerator_system_i/microblaze_0/U0/MicroBlaze_Core_I/Performance.Core/Data_Flow_I/Byte_Doublet_Handle_gti_I/Clk
    SLICE_X61Y37         FDRE                                         r  cnn_accelerator_system_i/microblaze_0/U0/MicroBlaze_Core_I/Performance.Core/Data_Flow_I/Byte_Doublet_Handle_gti_I/MEM_DataBus_Write_Data_reg[18]/C
  -------------------------------------------------------------------    -------------------
    SLICE_X61Y37         FDRE (Prop_fdre_C_Q)         0.456     5.858 r  cnn_accelerator_system_i/microblaze_0/U0/MicroBlaze_Core_I/Performance.Core/Data_Flow_I/Byte_Doublet_Handle_gti_I/MEM_DataBus_Write_Data_reg[18]/Q
                         net (fo=46, routed)          9.072    14.930    cnn_accelerator_system_i/perif_interconnect_1/m05_couplers/auto_us/inst/gen_upsizer.gen_full_upsizer.axi_upsizer_inst/USE_WRITE.gen_non_fifo_w_upsizer.write_data_inst/s_axi_wdata[13]
    SLICE_X13Y178        FDRE                                         r  cnn_accelerator_system_i/perif_interconnect_1/m05_couplers/auto_us/inst/gen_upsizer.gen_full_upsizer.axi_upsizer_inst/USE_WRITE.gen_non_fifo_w_upsizer.write_data_inst/WORD_LANE[2].USE_ALWAYS_PACKER.BYTE_LANE[1].USE_RTL_DATA.wdata_wrap_buffer_q_reg[141]/D
  -------------------------------------------------------------------    -------------------

                         (clock clk_out1_cnn_accelerator_system_clk_wiz_0_0 rise edge)
                                                     10.000    10.000 r
    E3                                                0.000    10.000 r  CLK100MHZ (IN)
                         net (fo=0)                   0.000    10.000    CLK100MHZ
    E3                   IBUF (Prop_ibuf_I_O)         1.411    11.411 r  CLK100MHZ_IBUF_inst/O
                         net (fo=1, routed)           1.920    13.331    cnn_accelerator_system_i/util_ds_buf_0/U0/BUFG_I[0]
    BUFGCTRL_X0Y16       BUFG (Prop_bufg_I_O)         0.091    13.422 r  cnn_accelerator_system_i/util_ds_buf_0/U0/USE_BUFG.GEN_BUFG[0].BUFG_U/O
                         net (fo=2, routed)           1.683    15.105    cnn_accelerator_system_i/clk_wiz_0/inst/clk_in1
    MMCME2_ADV_X0Y0      MMCME2_ADV (Prop_mmcme2_adv_CLKIN1_CLKOUT0)
                                                     -3.694    11.411 r  cnn_accelerator_system_i/clk_wiz_0/inst/mmcm_adv_inst/CLKOUT0
                         net (fo=1, routed)           1.923    13.334    cnn_accelerator_system_i/clk_wiz_0/inst/clk_out1_cnn_accelerator_system_clk_wiz_0_0
    BUFGCTRL_X0Y3        BUFG (Prop_bufg_I_O)         0.091    13.425 r  cnn_accelerator_system_i/clk_wiz_0/inst/clkout1_buf/O
                         net (fo=14544, routed)       1.676    15.101    cnn_accelerator_system_i/perif_interconnect_1/m05_couplers/auto_us/inst/gen_upsizer.gen_full_upsizer.axi_upsizer_inst/USE_WRITE.gen_non_fifo_w_upsizer.write_data_inst/USE_RTL_LENGTH.length_counter_q_reg[7]_0
    SLICE_X13Y178        FDRE                                         r  cnn_accelerator_system_i/perif_interconnect_1/m05_couplers/auto_us/inst/gen_upsizer.gen_full_upsizer.axi_upsizer_inst/USE_WRITE.gen_non_fifo_w_upsizer.write_data_inst/WORD_LANE[2].USE_ALWAYS_PACKER.BYTE_LANE[1].USE_RTL_DATA.wdata_wrap_buffer_q_reg[141]/C
                         clock pessimism              0.179    15.280
                         clock uncertainty           -0.067    15.213
    SLICE_X13Y178        FDRE (Setup_fdre_C_D)       -0.062    15.151    cnn_accelerator_system_i/perif_interconnect_1/m05_couplers/auto_us/inst/gen_upsizer.gen_full_upsizer.axi_upsizer_inst/USE_WRITE.gen_non_fifo_w_upsizer.write_data_inst/WORD_LANE[2].USE_ALWAYS_PACKER.BYTE_LANE[1].USE_RTL_DATA.wdata_wrap_buffer_q_reg[141]
  -------------------------------------------------------------------
                         required time                         15.151
                         arrival time                         -14.930
  -------------------------------------------------------------------
                         slack                                  0.222





Min Delay Paths
--------------------------------------------------------------------------------------
Slack (MET) :             0.021ns  (arrival time - required time)
  Source:                 cnn_accelerator_system_i/ram_interconnect/m01_couplers/auto_ds/inst/gen_downsizer.gen_simple_downsizer.axi_downsizer_inst/USE_READ.read_addr_inst/cmd_queue/inst/fifo_gen_inst/inst_fifo_gen/gconvfifo.rf/grf.rf/gntv_or_sync_fifo.mem/gdm.dm_gen.dm/gpr1.dout_i_reg[5]/C
                            (rising edge-triggered cell FDRE clocked by clk_out1_cnn_accelerator_system_clk_wiz_0_0  {rise@0.000ns fall@5.000ns period=10.000ns})
  Destination:            cnn_accelerator_system_i/ram_interconnect/m01_couplers/auto_ds/inst/gen_downsizer.gen_simple_downsizer.axi_downsizer_inst/USE_READ.read_addr_inst/cmd_queue/inst/fifo_gen_inst/inst_fifo_gen/gconvfifo.rf/grf.rf/gntv_or_sync_fifo.mem/goreg_dm.dout_i_reg[5]/D
                            (rising edge-triggered cell FDRE clocked by clk_out1_cnn_accelerator_system_clk_wiz_0_0  {rise@0.000ns fall@5.000ns period=10.000ns})
  Path Group:             clk_out1_cnn_accelerator_system_clk_wiz_0_0
  Path Type:              Hold (Min at Fast Process Corner)
  Requirement:            0.000ns  (clk_out1_cnn_accelerator_system_clk_wiz_0_0 rise@0.000ns - clk_out1_cnn_accelerator_system_clk_wiz_0_0 rise@0.000ns)
  Data Path Delay:        0.347ns  (logic 0.164ns (47.315%)  route 0.183ns (52.685%))
  Logic Levels:           0
  Clock Path Skew:        0.266ns (DCD - SCD - CPR)
    Destination Clock Delay (DCD):    2.071ns
    Source Clock Delay      (SCD):    1.551ns
    Clock Pessimism Removal (CPR):    0.254ns

    Location             Delay type                Incr(ns)  Path(ns)    Netlist Resource(s)
  -------------------------------------------------------------------    -------------------
                         (clock clk_out1_cnn_accelerator_system_clk_wiz_0_0 rise edge)
                                                      0.000     0.000 r
    E3                                                0.000     0.000 r  CLK100MHZ (IN)
                         net (fo=0)                   0.000     0.000    CLK100MHZ
    E3                   IBUF (Prop_ibuf_I_O)         0.250     0.250 r  CLK100MHZ_IBUF_inst/O
                         net (fo=1, routed)           0.644     0.894    cnn_accelerator_system_i/util_ds_buf_0/U0/BUFG_I[0]
    BUFGCTRL_X0Y16       BUFG (Prop_bufg_I_O)         0.026     0.920 r  cnn_accelerator_system_i/util_ds_buf_0/U0/USE_BUFG.GEN_BUFG[0].BUFG_U/O
                         net (fo=2, routed)           0.624     1.544    cnn_accelerator_system_i/clk_wiz_0/inst/clk_in1
    MMCME2_ADV_X0Y0      MMCME2_ADV (Prop_mmcme2_adv_CLKIN1_CLKOUT0)
                                                     -1.296     0.248 r  cnn_accelerator_system_i/clk_wiz_0/inst/mmcm_adv_inst/CLKOUT0
                         net (fo=1, routed)           0.648     0.896    cnn_accelerator_system_i/clk_wiz_0/inst/clk_out1_cnn_accelerator_system_clk_wiz_0_0
    BUFGCTRL_X0Y3        BUFG (Prop_bufg_I_O)         0.026     0.922 r  cnn_accelerator_system_i/clk_wiz_0/inst/clkout1_buf/O
                         net (fo=14544, routed)       0.629     1.551    cnn_accelerator_system_i/ram_interconnect/m01_couplers/auto_ds/inst/gen_downsizer.gen_simple_downsizer.axi_downsizer_inst/USE_READ.read_addr_inst/cmd_queue/inst/fifo_gen_inst/inst_fifo_gen/gconvfifo.rf/grf.rf/gntv_or_sync_fifo.mem/gdm.dm_gen.dm/clk
    SLICE_X54Y1          FDRE                                         r  cnn_accelerator_system_i/ram_interconnect/m01_couplers/auto_ds/inst/gen_downsizer.gen_simple_downsizer.axi_downsizer_inst/USE_READ.read_addr_inst/cmd_queue/inst/fifo_gen_inst/inst_fifo_gen/gconvfifo.rf/grf.rf/gntv_or_sync_fifo.mem/gdm.dm_gen.dm/gpr1.dout_i_reg[5]/C
  -------------------------------------------------------------------    -------------------
    SLICE_X54Y1          FDRE (Prop_fdre_C_Q)         0.164     1.715 r  cnn_accelerator_system_i/ram_interconnect/m01_couplers/auto_ds/inst/gen_downsizer.gen_simple_downsizer.axi_downsizer_inst/USE_READ.read_addr_inst/cmd_queue/inst/fifo_gen_inst/inst_fifo_gen/gconvfifo.rf/grf.rf/gntv_or_sync_fifo.mem/gdm.dm_gen.dm/gpr1.dout_i_reg[5]/Q
                         net (fo=1, routed)           0.183     1.898    cnn_accelerator_system_i/ram_interconnect/m01_couplers/auto_ds/inst/gen_downsizer.gen_simple_downsizer.axi_downsizer_inst/USE_READ.read_addr_inst/cmd_queue/inst/fifo_gen_inst/inst_fifo_gen/gconvfifo.rf/grf.rf/gntv_or_sync_fifo.mem/dout_i[5]
    SLICE_X50Y1          FDRE                                         r  cnn_accelerator_system_i/ram_interconnect/m01_couplers/auto_ds/inst/gen_downsizer.gen_simple_downsizer.axi_downsizer_inst/USE_READ.read_addr_inst/cmd_queue/inst/fifo_gen_inst/inst_fifo_gen/gconvfifo.rf/grf.rf/gntv_or_sync_fifo.mem/goreg_dm.dout_i_reg[5]/D
  -------------------------------------------------------------------    -------------------

                         (clock clk_out1_cnn_accelerator_system_clk_wiz_0_0 rise edge)
                                                      0.000     0.000 r
    E3                                                0.000     0.000 r  CLK100MHZ (IN)
                         net (fo=0)                   0.000     0.000    CLK100MHZ
    E3                   IBUF (Prop_ibuf_I_O)         0.438     0.438 r  CLK100MHZ_IBUF_inst/O
                         net (fo=1, routed)           0.699     1.136    cnn_accelerator_system_i/util_ds_buf_0/U0/BUFG_I[0]
    BUFGCTRL_X0Y16       BUFG (Prop_bufg_I_O)         0.029     1.165 r  cnn_accelerator_system_i/util_ds_buf_0/U0/USE_BUFG.GEN_BUFG[0].BUFG_U/O
                         net (fo=2, routed)           0.898     2.063    cnn_accelerator_system_i/clk_wiz_0/inst/clk_in1
    MMCME2_ADV_X0Y0      MMCME2_ADV (Prop_mmcme2_adv_CLKIN1_CLKOUT0)
                                                     -1.625     0.438 r  cnn_accelerator_system_i/clk_wiz_0/inst/mmcm_adv_inst/CLKOUT0
                         net (fo=1, routed)           0.700     1.138    cnn_accelerator_system_i/clk_wiz_0/inst/clk_out1_cnn_accelerator_system_clk_wiz_0_0
    BUFGCTRL_X0Y3        BUFG (Prop_bufg_I_O)         0.029     1.167 r  cnn_accelerator_system_i/clk_wiz_0/inst/clkout1_buf/O
                         net (fo=14544, routed)       0.904     2.071    cnn_accelerator_system_i/ram_interconnect/m01_couplers/auto_ds/inst/gen_downsizer.gen_simple_downsizer.axi_downsizer_inst/USE_READ.read_addr_inst/cmd_queue/inst/fifo_gen_inst/inst_fifo_gen/gconvfifo.rf/grf.rf/gntv_or_sync_fifo.mem/clk
    SLICE_X50Y1          FDRE                                         r  cnn_accelerator_system_i/ram_interconnect/m01_couplers/auto_ds/inst/gen_downsizer.gen_simple_downsizer.axi_downsizer_inst/USE_READ.read_addr_inst/cmd_queue/inst/fifo_gen_inst/inst_fifo_gen/gconvfifo.rf/grf.rf/gntv_or_sync_fifo.mem/goreg_dm.dout_i_reg[5]/C
                         clock pessimism             -0.254     1.817
    SLICE_X50Y1          FDRE (Hold_fdre_C_D)         0.060     1.877    cnn_accelerator_system_i/ram_interconnect/m01_couplers/auto_ds/inst/gen_downsizer.gen_simple_downsizer.axi_downsizer_inst/USE_READ.read_addr_inst/cmd_queue/inst/fifo_gen_inst/inst_fifo_gen/gconvfifo.rf/grf.rf/gntv_or_sync_fifo.mem/goreg_dm.dout_i_reg[5]
  -------------------------------------------------------------------
                         required time                         -1.877
                         arrival time                           1.898
  -------------------------------------------------------------------
                         slack                                  0.021





Pulse Width Checks
--------------------------------------------------------------------------------------
Clock Name:         clk_out1_cnn_accelerator_system_clk_wiz_0_0
Waveform(ns):       { 0.000 5.000 }
Period(ns):         10.000
Sources:            { cnn_accelerator_system_i/clk_wiz_0/inst/mmcm_adv_inst/CLKOUT0 }

Check Type        Corner  Lib Pin             Reference Pin  Required(ns)  Actual(ns)  Slack(ns)  Location         Pin
Min Period        n/a     RAMB36E1/CLKARDCLK  n/a            2.944         10.000      7.056      RAMB36_X2Y2      cnn_accelerator_system_i/microblaze_0/U0/MicroBlaze_Core_I/Performance.Core/Using_DCache.Using_WriteThrough.DCache_I1/DATA_RAM_Module/Not_Using_XPM.Using_B36_S4.The_BRAMs[0].RAMB36_I1/Using_FPGA.Native/CLKARDCLK
Max Period        n/a     MMCME2_ADV/CLKOUT0  n/a            213.360       10.000      203.360    MMCME2_ADV_X0Y0  cnn_accelerator_system_i/clk_wiz_0/inst/mmcm_adv_inst/CLKOUT0
Low Pulse Width   Slow    RAMD32/CLK          n/a            1.250         5.000       3.750      SLICE_X42Y32     cnn_accelerator_system_i/microblaze_0/U0/MicroBlaze_Core_I/Performance.Core/Data_Flow_I/Register_File_I/Using_LUT6.All_RAM32M[0].ram32m_i/Using_FPGA.Native/RAMA/CLK
High Pulse Width  Slow    RAMD32/CLK          n/a            1.250         5.000       3.750      SLICE_X42Y32     cnn_accelerator_system_i/microblaze_0/U0/MicroBlaze_Core_I/Performance.Core/Data_Flow_I/Register_File_I/Using_LUT6.All_RAM32M[0].ram32m_i/Using_FPGA.Native/RAMA/CLK



---------------------------------------------------------------------------------------------------
From Clock:  clk_out2_cnn_accelerator_system_clk_wiz_0_0
  To Clock:  clk_out2_cnn_accelerator_system_clk_wiz_0_0

Setup :            0  Failing Endpoints,  Worst Slack        0.579ns,  Total Violation        0.000ns
Hold  :            0  Failing Endpoints,  Worst Slack        0.122ns,  Total Violation        0.000ns
PW    :            0  Failing Endpoints,  Worst Slack        0.264ns,  Total Violation        0.000ns
---------------------------------------------------------------------------------------------------


Max Delay Paths
--------------------------------------------------------------------------------------
Slack (MET) :             0.579ns  (required time - arrival time)
  Source:                 cnn_accelerator_system_i/mig_7series_0/u_cnn_accelerator_system_mig_7series_0_0_mig/temp_mon_enabled.u_tempmon/xadc_supplied_temperature.sample_timer_clr_reg/C
                            (rising edge-triggered cell FDRE clocked by clk_out2_cnn_accelerator_system_clk_wiz_0_0  {rise@0.000ns fall@2.500ns period=5.000ns})
  Destination:            cnn_accelerator_system_i/mig_7series_0/u_cnn_accelerator_system_mig_7series_0_0_mig/temp_mon_enabled.u_tempmon/xadc_supplied_temperature.XADC_inst/DEN
                            (rising edge-triggered cell XADC clocked by clk_out2_cnn_accelerator_system_clk_wiz_0_0  {rise@0.000ns fall@2.500ns period=5.000ns})
  Path Group:             clk_out2_cnn_accelerator_system_clk_wiz_0_0
  Path Type:              Setup (Max at Slow Process Corner)
  Requirement:            5.000ns  (clk_out2_cnn_accelerator_system_clk_wiz_0_0 rise@5.000ns - clk_out2_cnn_accelerator_system_clk_wiz_0_0 rise@0.000ns)
  Data Path Delay:        3.128ns  (logic 0.456ns (14.580%)  route 2.672ns (85.420%))
  Logic Levels:           0
  Clock Path Skew:        -0.384ns (DCD - SCD + CPR)
    Destination Clock Delay (DCD):    4.916ns = ( 9.916 - 5.000 )
    Source Clock Delay      (SCD):    5.486ns
    Clock Pessimism Removal (CPR):    0.186ns
  Clock Uncertainty:      0.061ns  ((TSJ^2 + DJ^2)^1/2) / 2 + PE
    Total System Jitter     (TSJ):    0.071ns
    Discrete Jitter          (DJ):    0.100ns
    Phase Error              (PE):    0.000ns

    Location             Delay type                Incr(ns)  Path(ns)    Netlist Resource(s)
  -------------------------------------------------------------------    -------------------
                         (clock clk_out2_cnn_accelerator_system_clk_wiz_0_0 rise edge)
                                                      0.000     0.000 r
    E3                                                0.000     0.000 r  CLK100MHZ (IN)
                         net (fo=0)                   0.000     0.000    CLK100MHZ
    E3                   IBUF (Prop_ibuf_I_O)         1.482     1.482 r  CLK100MHZ_IBUF_inst/O
                         net (fo=1, routed)           2.025     3.506    cnn_accelerator_system_i/util_ds_buf_0/U0/BUFG_I[0]
    BUFGCTRL_X0Y16       BUFG (Prop_bufg_I_O)         0.096     3.602 r  cnn_accelerator_system_i/util_ds_buf_0/U0/USE_BUFG.GEN_BUFG[0].BUFG_U/O
                         net (fo=2, routed)           1.809     5.412    cnn_accelerator_system_i/clk_wiz_0/inst/clk_in1
    MMCME2_ADV_X0Y0      MMCME2_ADV (Prop_mmcme2_adv_CLKIN1_CLKOUT1)
                                                     -3.922     1.490 r  cnn_accelerator_system_i/clk_wiz_0/inst/mmcm_adv_inst/CLKOUT1
                         net (fo=1, routed)           2.018     3.508    cnn_accelerator_system_i/clk_wiz_0/inst/clk_out2_cnn_accelerator_system_clk_wiz_0_0
    BUFGCTRL_X0Y2        BUFG (Prop_bufg_I_O)         0.096     3.604 r  cnn_accelerator_system_i/clk_wiz_0/inst/clkout2_buf/O
                         net (fo=62, routed)          1.881     5.486    cnn_accelerator_system_i/mig_7series_0/u_cnn_accelerator_system_mig_7series_0_0_mig/temp_mon_enabled.u_tempmon/clk_ref_i
    SLICE_X7Y179         FDRE                                         r  cnn_accelerator_system_i/mig_7series_0/u_cnn_accelerator_system_mig_7series_0_0_mig/temp_mon_enabled.u_tempmon/xadc_supplied_temperature.sample_timer_clr_reg/C
  -------------------------------------------------------------------    -------------------
    SLICE_X7Y179         FDRE (Prop_fdre_C_Q)         0.456     5.942 r  cnn_accelerator_system_i/mig_7series_0/u_cnn_accelerator_system_mig_7series_0_0_mig/temp_mon_enabled.u_tempmon/xadc_supplied_temperature.sample_timer_clr_reg/Q
                         net (fo=3, routed)           2.672     8.613    cnn_accelerator_system_i/mig_7series_0/u_cnn_accelerator_system_mig_7series_0_0_mig/temp_mon_enabled.u_tempmon/xadc_supplied_temperature.xadc_den
    XADC_X0Y0            XADC                                         r  cnn_accelerator_system_i/mig_7series_0/u_cnn_accelerator_system_mig_7series_0_0_mig/temp_mon_enabled.u_tempmon/xadc_supplied_temperature.XADC_inst/DEN
  -------------------------------------------------------------------    -------------------

                         (clock clk_out2_cnn_accelerator_system_clk_wiz_0_0 rise edge)
                                                      5.000     5.000 r
    E3                                                0.000     5.000 r  CLK100MHZ (IN)
                         net (fo=0)                   0.000     5.000    CLK100MHZ
    E3                   IBUF (Prop_ibuf_I_O)         1.411     6.411 r  CLK100MHZ_IBUF_inst/O
                         net (fo=1, routed)           1.920     8.331    cnn_accelerator_system_i/util_ds_buf_0/U0/BUFG_I[0]
    BUFGCTRL_X0Y16       BUFG (Prop_bufg_I_O)         0.091     8.422 r  cnn_accelerator_system_i/util_ds_buf_0/U0/USE_BUFG.GEN_BUFG[0].BUFG_U/O
                         net (fo=2, routed)           1.683    10.105    cnn_accelerator_system_i/clk_wiz_0/inst/clk_in1
    MMCME2_ADV_X0Y0      MMCME2_ADV (Prop_mmcme2_adv_CLKIN1_CLKOUT1)
                                                     -3.694     6.411 r  cnn_accelerator_system_i/clk_wiz_0/inst/mmcm_adv_inst/CLKOUT1
                         net (fo=1, routed)           1.923     8.334    cnn_accelerator_system_i/clk_wiz_0/inst/clk_out2_cnn_accelerator_system_clk_wiz_0_0
    BUFGCTRL_X0Y2        BUFG (Prop_bufg_I_O)         0.091     8.425 r  cnn_accelerator_system_i/clk_wiz_0/inst/clkout2_buf/O
                         net (fo=62, routed)          1.491     9.916    cnn_accelerator_system_i/mig_7series_0/u_cnn_accelerator_system_mig_7series_0_0_mig/temp_mon_enabled.u_tempmon/clk_ref_i
    XADC_X0Y0            XADC                                         r  cnn_accelerator_system_i/mig_7series_0/u_cnn_accelerator_system_mig_7series_0_0_mig/temp_mon_enabled.u_tempmon/xadc_supplied_temperature.XADC_inst/DCLK
                         clock pessimism              0.186    10.102
                         clock uncertainty           -0.061    10.041
    XADC_X0Y0            XADC (Setup_xadc_DCLK_DEN)
                                                     -0.848     9.193    cnn_accelerator_system_i/mig_7series_0/u_cnn_accelerator_system_mig_7series_0_0_mig/temp_mon_enabled.u_tempmon/xadc_supplied_temperature.XADC_inst
  -------------------------------------------------------------------
                         required time                          9.193
                         arrival time                          -8.613
  -------------------------------------------------------------------
                         slack                                  0.579





Min Delay Paths
--------------------------------------------------------------------------------------
Slack (MET) :             0.122ns  (arrival time - required time)
  Source:                 cnn_accelerator_system_i/mig_7series_0/u_cnn_accelerator_system_mig_7series_0_0_mig/temp_mon_enabled.u_tempmon/xadc_supplied_temperature.rst_r1_reg/C
                            (rising edge-triggered cell FDRE clocked by clk_out2_cnn_accelerator_system_clk_wiz_0_0  {rise@0.000ns fall@2.500ns period=5.000ns})
  Destination:            cnn_accelerator_system_i/mig_7series_0/u_cnn_accelerator_system_mig_7series_0_0_mig/temp_mon_enabled.u_tempmon/xadc_supplied_temperature.rst_r2_reg/D
                            (rising edge-triggered cell FDRE clocked by clk_out2_cnn_accelerator_system_clk_wiz_0_0  {rise@0.000ns fall@2.500ns period=5.000ns})
  Path Group:             clk_out2_cnn_accelerator_system_clk_wiz_0_0
  Path Type:              Hold (Min at Fast Process Corner)
  Requirement:            0.000ns  (clk_out2_cnn_accelerator_system_clk_wiz_0_0 rise@0.000ns - clk_out2_cnn_accelerator_system_clk_wiz_0_0 rise@0.000ns)
  Data Path Delay:        0.197ns  (logic 0.141ns (71.611%)  route 0.056ns (28.389%))
  Logic Levels:           0
  Clock Path Skew:        0.000ns (DCD - SCD - CPR)
    Destination Clock Delay (DCD):    2.114ns
    Source Clock Delay      (SCD):    1.594ns
    Clock Pessimism Removal (CPR):    0.520ns

    Location             Delay type                Incr(ns)  Path(ns)    Netlist Resource(s)
  -------------------------------------------------------------------    -------------------
                         (clock clk_out2_cnn_accelerator_system_clk_wiz_0_0 rise edge)
                                                      0.000     0.000 r
    E3                                                0.000     0.000 r  CLK100MHZ (IN)
                         net (fo=0)                   0.000     0.000    CLK100MHZ
    E3                   IBUF (Prop_ibuf_I_O)         0.250     0.250 r  CLK100MHZ_IBUF_inst/O
                         net (fo=1, routed)           0.644     0.894    cnn_accelerator_system_i/util_ds_buf_0/U0/BUFG_I[0]
    BUFGCTRL_X0Y16       BUFG (Prop_bufg_I_O)         0.026     0.920 r  cnn_accelerator_system_i/util_ds_buf_0/U0/USE_BUFG.GEN_BUFG[0].BUFG_U/O
                         net (fo=2, routed)           0.624     1.544    cnn_accelerator_system_i/clk_wiz_0/inst/clk_in1
    MMCME2_ADV_X0Y0      MMCME2_ADV (Prop_mmcme2_adv_CLKIN1_CLKOUT1)
                                                     -1.296     0.248 r  cnn_accelerator_system_i/clk_wiz_0/inst/mmcm_adv_inst/CLKOUT1
                         net (fo=1, routed)           0.648     0.896    cnn_accelerator_system_i/clk_wiz_0/inst/clk_out2_cnn_accelerator_system_clk_wiz_0_0
    BUFGCTRL_X0Y2        BUFG (Prop_bufg_I_O)         0.026     0.922 r  cnn_accelerator_system_i/clk_wiz_0/inst/clkout2_buf/O
                         net (fo=62, routed)          0.672     1.594    cnn_accelerator_system_i/mig_7series_0/u_cnn_accelerator_system_mig_7series_0_0_mig/temp_mon_enabled.u_tempmon/clk_ref_i
    SLICE_X7Y179         FDRE                                         r  cnn_accelerator_system_i/mig_7series_0/u_cnn_accelerator_system_mig_7series_0_0_mig/temp_mon_enabled.u_tempmon/xadc_supplied_temperature.rst_r1_reg/C
  -------------------------------------------------------------------    -------------------
    SLICE_X7Y179         FDRE (Prop_fdre_C_Q)         0.141     1.735 r  cnn_accelerator_system_i/mig_7series_0/u_cnn_accelerator_system_mig_7series_0_0_mig/temp_mon_enabled.u_tempmon/xadc_supplied_temperature.rst_r1_reg/Q
                         net (fo=1, routed)           0.056     1.791    cnn_accelerator_system_i/mig_7series_0/u_cnn_accelerator_system_mig_7series_0_0_mig/temp_mon_enabled.u_tempmon/xadc_supplied_temperature.rst_r1
    SLICE_X7Y179         FDRE                                         r  cnn_accelerator_system_i/mig_7series_0/u_cnn_accelerator_system_mig_7series_0_0_mig/temp_mon_enabled.u_tempmon/xadc_supplied_temperature.rst_r2_reg/D
  -------------------------------------------------------------------    -------------------

                         (clock clk_out2_cnn_accelerator_system_clk_wiz_0_0 rise edge)
                                                      0.000     0.000 r
    E3                                                0.000     0.000 r  CLK100MHZ (IN)
                         net (fo=0)                   0.000     0.000    CLK100MHZ
    E3                   IBUF (Prop_ibuf_I_O)         0.438     0.438 r  CLK100MHZ_IBUF_inst/O
                         net (fo=1, routed)           0.699     1.136    cnn_accelerator_system_i/util_ds_buf_0/U0/BUFG_I[0]
    BUFGCTRL_X0Y16       BUFG (Prop_bufg_I_O)         0.029     1.165 r  cnn_accelerator_system_i/util_ds_buf_0/U0/USE_BUFG.GEN_BUFG[0].BUFG_U/O
                         net (fo=2, routed)           0.898     2.063    cnn_accelerator_system_i/clk_wiz_0/inst/clk_in1
    MMCME2_ADV_X0Y0      MMCME2_ADV (Prop_mmcme2_adv_CLKIN1_CLKOUT1)
                                                     -1.625     0.438 r  cnn_accelerator_system_i/clk_wiz_0/inst/mmcm_adv_inst/CLKOUT1
                         net (fo=1, routed)           0.700     1.138    cnn_accelerator_system_i/clk_wiz_0/inst/clk_out2_cnn_accelerator_system_clk_wiz_0_0
    BUFGCTRL_X0Y2        BUFG (Prop_bufg_I_O)         0.029     1.167 r  cnn_accelerator_system_i/clk_wiz_0/inst/clkout2_buf/O
                         net (fo=62, routed)          0.947     2.114    cnn_accelerator_system_i/mig_7series_0/u_cnn_accelerator_system_mig_7series_0_0_mig/temp_mon_enabled.u_tempmon/clk_ref_i
    SLICE_X7Y179         FDRE                                         r  cnn_accelerator_system_i/mig_7series_0/u_cnn_accelerator_system_mig_7series_0_0_mig/temp_mon_enabled.u_tempmon/xadc_supplied_temperature.rst_r2_reg/C
                         clock pessimism             -0.520     1.594
    SLICE_X7Y179         FDRE (Hold_fdre_C_D)         0.075     1.669    cnn_accelerator_system_i/mig_7series_0/u_cnn_accelerator_system_mig_7series_0_0_mig/temp_mon_enabled.u_tempmon/xadc_supplied_temperature.rst_r2_reg
  -------------------------------------------------------------------
                         required time                         -1.669
                         arrival time                           1.791
  -------------------------------------------------------------------
                         slack                                  0.122





Pulse Width Checks
--------------------------------------------------------------------------------------
Clock Name:         clk_out2_cnn_accelerator_system_clk_wiz_0_0
Waveform(ns):       { 0.000 2.500 }
Period(ns):         5.000
Sources:            { cnn_accelerator_system_i/clk_wiz_0/inst/mmcm_adv_inst/CLKOUT1 }

Check Type        Corner  Lib Pin            Reference Pin  Required(ns)  Actual(ns)  Slack(ns)  Location         Pin
Min Period        n/a     XADC/DCLK          n/a            4.000         5.000       1.000      XADC_X0Y0        cnn_accelerator_system_i/mig_7series_0/u_cnn_accelerator_system_mig_7series_0_0_mig/temp_mon_enabled.u_tempmon/xadc_supplied_temperature.XADC_inst/DCLK
Max Period        n/a     IDELAYCTRL/REFCLK  n/a            5.264         5.000       0.264      IDELAYCTRL_X1Y1  cnn_accelerator_system_i/mig_7series_0/u_cnn_accelerator_system_mig_7series_0_0_mig/u_iodelay_ctrl/u_idelayctrl_200/REFCLK
Low Pulse Width   Slow    FDSE/C             n/a            0.500         2.500       2.000      SLICE_X2Y175     cnn_accelerator_system_i/mig_7series_0/u_cnn_accelerator_system_mig_7series_0_0_mig/temp_mon_enabled.u_tempmon/FSM_onehot_xadc_supplied_temperature.tempmon_state_reg[0]/C
High Pulse Width  Slow    FDSE/C             n/a            0.500         2.500       2.000      SLICE_X2Y175     cnn_accelerator_system_i/mig_7series_0/u_cnn_accelerator_system_mig_7series_0_0_mig/temp_mon_enabled.u_tempmon/FSM_onehot_xadc_supplied_temperature.tempmon_state_reg[0]/C



---------------------------------------------------------------------------------------------------
From Clock:  clk_out3_cnn_accelerator_system_clk_wiz_0_0
  To Clock:  clk_out3_cnn_accelerator_system_clk_wiz_0_0

Setup :            0  Failing Endpoints,  Worst Slack        0.337ns,  Total Violation        0.000ns
Hold  :            0  Failing Endpoints,  Worst Slack        0.015ns,  Total Violation        0.000ns
PW    :            0  Failing Endpoints,  Worst Slack        1.667ns,  Total Violation        0.000ns
---------------------------------------------------------------------------------------------------


Max Delay Paths
--------------------------------------------------------------------------------------
Slack (MET) :             0.337ns  (required time - arrival time)
  Source:                 cnn_accelerator_system_i/cnn_accelerator_wino_0/inst/conv2/tile6_q_reg[1067]/C
                            (rising edge-triggered cell FDRE clocked by clk_out3_cnn_accelerator_system_clk_wiz_0_0  {rise@0.000ns fall@2.917ns period=5.833ns})
  Destination:            cnn_accelerator_system_i/cnn_accelerator_wino_0/inst/conv2/gic[1].u_it/tre_reg[1][4][10]/D
                            (rising edge-triggered cell FDRE clocked by clk_out3_cnn_accelerator_system_clk_wiz_0_0  {rise@0.000ns fall@2.917ns period=5.833ns})
  Path Group:             clk_out3_cnn_accelerator_system_clk_wiz_0_0
  Path Type:              Setup (Max at Slow Process Corner)
  Requirement:            5.833ns  (clk_out3_cnn_accelerator_system_clk_wiz_0_0 rise@5.833ns - clk_out3_cnn_accelerator_system_clk_wiz_0_0 rise@0.000ns)
  Data Path Delay:        5.395ns  (logic 1.750ns (32.439%)  route 3.645ns (67.561%))
  Logic Levels:           5  (CARRY4=2 LUT3=2 LUT5=1)
  Clock Path Skew:        -0.101ns (DCD - SCD + CPR)
    Destination Clock Delay (DCD):    5.177ns = ( 11.010 - 5.833 )
    Source Clock Delay      (SCD):    5.468ns
    Clock Pessimism Removal (CPR):    0.191ns
  Clock Uncertainty:      0.063ns  ((TSJ^2 + DJ^2)^1/2) / 2 + PE + UU
    Total System Jitter     (TSJ):    0.071ns
    Discrete Jitter          (DJ):    0.103ns
    Phase Error              (PE):    0.000ns
    User Uncertainty         (UU):    0.000ns

    Location             Delay type                Incr(ns)  Path(ns)    Netlist Resource(s)
  -------------------------------------------------------------------    -------------------
                         (clock clk_out3_cnn_accelerator_system_clk_wiz_0_0 rise edge)
                                                      0.000     0.000 r
    E3                                                0.000     0.000 r  CLK100MHZ (IN)
                         net (fo=0)                   0.000     0.000    CLK100MHZ
    E3                   IBUF (Prop_ibuf_I_O)         1.482     1.482 r  CLK100MHZ_IBUF_inst/O
                         net (fo=1, routed)           2.025     3.506    cnn_accelerator_system_i/util_ds_buf_0/U0/BUFG_I[0]
    BUFGCTRL_X0Y16       BUFG (Prop_bufg_I_O)         0.096     3.602 r  cnn_accelerator_system_i/util_ds_buf_0/U0/USE_BUFG.GEN_BUFG[0].BUFG_U/O
                         net (fo=2, routed)           1.809     5.412    cnn_accelerator_system_i/clk_wiz_0/inst/clk_in1
    MMCME2_ADV_X0Y0      MMCME2_ADV (Prop_mmcme2_adv_CLKIN1_CLKOUT2)
                                                     -3.922     1.490 r  cnn_accelerator_system_i/clk_wiz_0/inst/mmcm_adv_inst/CLKOUT2
                         net (fo=1, routed)           2.018     3.508    cnn_accelerator_system_i/clk_wiz_0/inst/clk_out3_cnn_accelerator_system_clk_wiz_0_0
    BUFGCTRL_X0Y15       BUFG (Prop_bufg_I_O)         0.096     3.604 r  cnn_accelerator_system_i/clk_wiz_0/inst/clkout3_buf_replica/O
                         net (fo=8, routed)           0.154     3.758    cnn_accelerator_system_i/clk_wiz_0/inst/clk_out3_repN
    BUFGCTRL_X0Y0        BUFG (Prop_bufg_I_O)         0.096     3.854 r  cnn_accelerator_system_i/clk_wiz_0/inst/clkout3_buf/O
                         net (fo=52994, routed)       1.614     5.468    cnn_accelerator_system_i/cnn_accelerator_wino_0/inst/conv2/clk
    SLICE_X38Y118        FDRE                                         r  cnn_accelerator_system_i/cnn_accelerator_wino_0/inst/conv2/tile6_q_reg[1067]/C
  -------------------------------------------------------------------    -------------------
    SLICE_X38Y118        FDRE (Prop_fdre_C_Q)         0.518     5.986 r  cnn_accelerator_system_i/cnn_accelerator_wino_0/inst/conv2/tile6_q_reg[1067]/Q
                         net (fo=1, routed)           1.175     7.161    cnn_accelerator_system_i/cnn_accelerator_wino_0/inst/conv2/gic[1].u_it/Q[267]
    SLICE_X40Y106        LUT3 (Prop_lut3_I0_O)        0.124     7.286 r  cnn_accelerator_system_i/cnn_accelerator_wino_0/inst/conv2/gic[1].u_it/i___1_i_3__0/O
                         net (fo=6, routed)           1.133     8.419    cnn_accelerator_system_i/cnn_accelerator_wino_0/inst/conv2/gic[1].u_it/gic[1].d_flat_ic[131]
    SLICE_X39Y90         LUT3 (Prop_lut3_I2_O)        0.124     8.543 f  cnn_accelerator_system_i/cnn_accelerator_wino_0/inst/conv2/gic[1].u_it/i___1/O
                         net (fo=4, routed)           0.602     9.145    cnn_accelerator_system_i/cnn_accelerator_wino_0/inst/conv2/gic[1].u_it/i___1_n_0
    SLICE_X40Y92         LUT5 (Prop_lut5_I4_O)        0.124     9.269 r  cnn_accelerator_system_i/cnn_accelerator_wino_0/inst/conv2/gic[1].u_it/tre[1][4][7]_i_5__0/O
                         net (fo=2, routed)           0.734    10.003    cnn_accelerator_system_i/cnn_accelerator_wino_0/inst/conv2/gic[1].u_it/tre[1][4][7]_i_5__0_n_0
    SLICE_X36Y87         CARRY4 (Prop_carry4_DI[0]_CO[3])
                                                      0.526    10.529 r  cnn_accelerator_system_i/cnn_accelerator_wino_0/inst/conv2/gic[1].u_it/tre_reg[1][4][7]_i_1__0/CO[3]
                         net (fo=1, routed)           0.000    10.529    cnn_accelerator_system_i/cnn_accelerator_wino_0/inst/conv2/gic[1].u_it/tre_reg[1][4][7]_i_1__0_n_0
    SLICE_X36Y88         CARRY4 (Prop_carry4_CI_O[1])
                                                      0.334    10.863 r  cnn_accelerator_system_i/cnn_accelerator_wino_0/inst/conv2/gic[1].u_it/tre_reg[1][4][10]_i_1__0/O[1]
                         net (fo=1, routed)           0.000    10.863    cnn_accelerator_system_i/cnn_accelerator_wino_0/inst/conv2/gic[1].u_it/tre_c[1][4]_1034[10]
    SLICE_X36Y88         FDRE                                         r  cnn_accelerator_system_i/cnn_accelerator_wino_0/inst/conv2/gic[1].u_it/tre_reg[1][4][10]/D
  -------------------------------------------------------------------    -------------------

                         (clock clk_out3_cnn_accelerator_system_clk_wiz_0_0 rise edge)
                                                      5.833     5.833 r
    E3                                                0.000     5.833 r  CLK100MHZ (IN)
                         net (fo=0)                   0.000     5.833    CLK100MHZ
    E3                   IBUF (Prop_ibuf_I_O)         1.411     7.245 r  CLK100MHZ_IBUF_inst/O
                         net (fo=1, routed)           1.920     9.165    cnn_accelerator_system_i/util_ds_buf_0/U0/BUFG_I[0]
    BUFGCTRL_X0Y16       BUFG (Prop_bufg_I_O)         0.091     9.256 r  cnn_accelerator_system_i/util_ds_buf_0/U0/USE_BUFG.GEN_BUFG[0].BUFG_U/O
                         net (fo=2, routed)           1.683    10.939    cnn_accelerator_system_i/clk_wiz_0/inst/clk_in1
    MMCME2_ADV_X0Y0      MMCME2_ADV (Prop_mmcme2_adv_CLKIN1_CLKOUT2)
                                                     -3.694     7.244 r  cnn_accelerator_system_i/clk_wiz_0/inst/mmcm_adv_inst/CLKOUT2
                         net (fo=1, routed)           1.923     9.168    cnn_accelerator_system_i/clk_wiz_0/inst/clk_out3_cnn_accelerator_system_clk_wiz_0_0
    BUFGCTRL_X0Y15       BUFG (Prop_bufg_I_O)         0.091     9.259 r  cnn_accelerator_system_i/clk_wiz_0/inst/clkout3_buf_replica/O
                         net (fo=8, routed)           0.147     9.406    cnn_accelerator_system_i/clk_wiz_0/inst/clk_out3_repN
    BUFGCTRL_X0Y0        BUFG (Prop_bufg_I_O)         0.091     9.497 r  cnn_accelerator_system_i/clk_wiz_0/inst/clkout3_buf/O
                         net (fo=52994, routed)       1.513    11.010    cnn_accelerator_system_i/cnn_accelerator_wino_0/inst/conv2/gic[1].u_it/clk
    SLICE_X36Y88         FDRE                                         r  cnn_accelerator_system_i/cnn_accelerator_wino_0/inst/conv2/gic[1].u_it/tre_reg[1][4][10]/C
                         clock pessimism              0.191    11.201
                         clock uncertainty           -0.063    11.138
    SLICE_X36Y88         FDRE (Setup_fdre_C_D)        0.062    11.200    cnn_accelerator_system_i/cnn_accelerator_wino_0/inst/conv2/gic[1].u_it/tre_reg[1][4][10]
  -------------------------------------------------------------------
                         required time                         11.200
                         arrival time                         -10.863
  -------------------------------------------------------------------
                         slack                                  0.337





Min Delay Paths
--------------------------------------------------------------------------------------
Slack (MET) :             0.015ns  (arrival time - required time)
  Source:                 cnn_accelerator_system_i/cnn_accelerator_wino_0/inst/conv2/lane[1].u_mul/g_wpe[29].w_q_op3_reg[9]/C
                            (rising edge-triggered cell FDRE clocked by clk_out3_cnn_accelerator_system_clk_wiz_0_0  {rise@0.000ns fall@2.917ns period=5.833ns})
  Destination:            cnn_accelerator_system_i/cnn_accelerator_wino_0/inst/conv2/lane[1].u_mul/g_wpe[29].w_q_op4_reg[9]/D
                            (rising edge-triggered cell FDRE clocked by clk_out3_cnn_accelerator_system_clk_wiz_0_0  {rise@0.000ns fall@2.917ns period=5.833ns})
  Path Group:             clk_out3_cnn_accelerator_system_clk_wiz_0_0
  Path Type:              Hold (Min at Fast Process Corner)
  Requirement:            0.000ns  (clk_out3_cnn_accelerator_system_clk_wiz_0_0 rise@0.000ns - clk_out3_cnn_accelerator_system_clk_wiz_0_0 rise@0.000ns)
  Data Path Delay:        0.354ns  (logic 0.141ns (39.837%)  route 0.213ns (60.163%))
  Logic Levels:           0
  Clock Path Skew:        0.264ns (DCD - SCD - CPR)
    Destination Clock Delay (DCD):    2.073ns
    Source Clock Delay      (SCD):    1.551ns
    Clock Pessimism Removal (CPR):    0.257ns

    Location             Delay type                Incr(ns)  Path(ns)    Netlist Resource(s)
  -------------------------------------------------------------------    -------------------
                         (clock clk_out3_cnn_accelerator_system_clk_wiz_0_0 rise edge)
                                                      0.000     0.000 r
    E3                                                0.000     0.000 r  CLK100MHZ (IN)
                         net (fo=0)                   0.000     0.000    CLK100MHZ
    E3                   IBUF (Prop_ibuf_I_O)         0.250     0.250 r  CLK100MHZ_IBUF_inst/O
                         net (fo=1, routed)           0.644     0.894    cnn_accelerator_system_i/util_ds_buf_0/U0/BUFG_I[0]
    BUFGCTRL_X0Y16       BUFG (Prop_bufg_I_O)         0.026     0.920 r  cnn_accelerator_system_i/util_ds_buf_0/U0/USE_BUFG.GEN_BUFG[0].BUFG_U/O
                         net (fo=2, routed)           0.624     1.544    cnn_accelerator_system_i/clk_wiz_0/inst/clk_in1
    MMCME2_ADV_X0Y0      MMCME2_ADV (Prop_mmcme2_adv_CLKIN1_CLKOUT2)
                                                     -1.296     0.248 r  cnn_accelerator_system_i/clk_wiz_0/inst/mmcm_adv_inst/CLKOUT2
                         net (fo=1, routed)           0.648     0.896    cnn_accelerator_system_i/clk_wiz_0/inst/clk_out3_cnn_accelerator_system_clk_wiz_0_0
    BUFGCTRL_X0Y15       BUFG (Prop_bufg_I_O)         0.026     0.922 r  cnn_accelerator_system_i/clk_wiz_0/inst/clkout3_buf_replica/O
                         net (fo=8, routed)           0.042     0.964    cnn_accelerator_system_i/clk_wiz_0/inst/clk_out3_repN
    BUFGCTRL_X0Y0        BUFG (Prop_bufg_I_O)         0.026     0.990 r  cnn_accelerator_system_i/clk_wiz_0/inst/clkout3_buf/O
                         net (fo=52994, routed)       0.562     1.551    cnn_accelerator_system_i/cnn_accelerator_wino_0/inst/conv2/lane[1].u_mul/clk
    SLICE_X51Y149        FDRE                                         r  cnn_accelerator_system_i/cnn_accelerator_wino_0/inst/conv2/lane[1].u_mul/g_wpe[29].w_q_op3_reg[9]/C
  -------------------------------------------------------------------    -------------------
    SLICE_X51Y149        FDRE (Prop_fdre_C_Q)         0.141     1.692 r  cnn_accelerator_system_i/cnn_accelerator_wino_0/inst/conv2/lane[1].u_mul/g_wpe[29].w_q_op3_reg[9]/Q
                         net (fo=1, routed)           0.213     1.905    cnn_accelerator_system_i/cnn_accelerator_wino_0/inst/conv2/lane[1].u_mul/g_wpe[29].w_q_op3[9]
    SLICE_X53Y147        FDRE                                         r  cnn_accelerator_system_i/cnn_accelerator_wino_0/inst/conv2/lane[1].u_mul/g_wpe[29].w_q_op4_reg[9]/D
  -------------------------------------------------------------------    -------------------

                         (clock clk_out3_cnn_accelerator_system_clk_wiz_0_0 rise edge)
                                                      0.000     0.000 r
    E3                                                0.000     0.000 r  CLK100MHZ (IN)
                         net (fo=0)                   0.000     0.000    CLK100MHZ
    E3                   IBUF (Prop_ibuf_I_O)         0.438     0.438 r  CLK100MHZ_IBUF_inst/O
                         net (fo=1, routed)           0.699     1.136    cnn_accelerator_system_i/util_ds_buf_0/U0/BUFG_I[0]
    BUFGCTRL_X0Y16       BUFG (Prop_bufg_I_O)         0.029     1.165 r  cnn_accelerator_system_i/util_ds_buf_0/U0/USE_BUFG.GEN_BUFG[0].BUFG_U/O
                         net (fo=2, routed)           0.898     2.063    cnn_accelerator_system_i/clk_wiz_0/inst/clk_in1
    MMCME2_ADV_X0Y0      MMCME2_ADV (Prop_mmcme2_adv_CLKIN1_CLKOUT2)
                                                     -1.625     0.438 r  cnn_accelerator_system_i/clk_wiz_0/inst/mmcm_adv_inst/CLKOUT2
                         net (fo=1, routed)           0.700     1.138    cnn_accelerator_system_i/clk_wiz_0/inst/clk_out3_cnn_accelerator_system_clk_wiz_0_0
    BUFGCTRL_X0Y15       BUFG (Prop_bufg_I_O)         0.029     1.167 r  cnn_accelerator_system_i/clk_wiz_0/inst/clkout3_buf_replica/O
                         net (fo=8, routed)           0.046     1.213    cnn_accelerator_system_i/clk_wiz_0/inst/clk_out3_repN
    BUFGCTRL_X0Y0        BUFG (Prop_bufg_I_O)         0.029     1.242 r  cnn_accelerator_system_i/clk_wiz_0/inst/clkout3_buf/O
                         net (fo=52994, routed)       0.830     2.073    cnn_accelerator_system_i/cnn_accelerator_wino_0/inst/conv2/lane[1].u_mul/clk
    SLICE_X53Y147        FDRE                                         r  cnn_accelerator_system_i/cnn_accelerator_wino_0/inst/conv2/lane[1].u_mul/g_wpe[29].w_q_op4_reg[9]/C
                         clock pessimism             -0.257     1.815
    SLICE_X53Y147        FDRE (Hold_fdre_C_D)         0.075     1.890    cnn_accelerator_system_i/cnn_accelerator_wino_0/inst/conv2/lane[1].u_mul/g_wpe[29].w_q_op4_reg[9]
  -------------------------------------------------------------------
                         required time                         -1.890
                         arrival time                           1.905
  -------------------------------------------------------------------
                         slack                                  0.015





Pulse Width Checks
--------------------------------------------------------------------------------------
Clock Name:         clk_out3_cnn_accelerator_system_clk_wiz_0_0
Waveform(ns):       { 0.000 2.917 }
Period(ns):         5.833
Sources:            { cnn_accelerator_system_i/clk_wiz_0/inst/mmcm_adv_inst/CLKOUT2 }

Check Type        Corner  Lib Pin             Reference Pin  Required(ns)  Actual(ns)  Slack(ns)  Location         Pin
Min Period        n/a     RAMB18E1/CLKARDCLK  n/a            2.944         5.833       2.889      RAMB18_X2Y46     cnn_accelerator_system_i/cnn_accelerator_wino_0/inst/conv1/c1w_bmg_inst/U0/inst_blk_mem_gen/gnbram.gnativebmg.native_blk_mem_gen/valid.cstr/ramloop[0].ram.r/prim_noinit.ram/DEVICE_7SERIES.NO_BMM_INFO.SDP.WIDE_PRIM18.ram/CLKARDCLK
Max Period        n/a     MMCME2_ADV/CLKOUT2  n/a            213.360       5.833       207.527    MMCME2_ADV_X0Y0  cnn_accelerator_system_i/clk_wiz_0/inst/mmcm_adv_inst/CLKOUT2
Low Pulse Width   Slow    RAMD32/CLK          n/a            1.250         2.917       1.667      SLICE_X12Y43     cnn_accelerator_system_i/cnn_accelerator_wino_0/inst/conv2/lane[0].u_mul/g_wpe[0].wmem_op_reg_0_31_0_5/RAMA/CLK
High Pulse Width  Slow    RAMD32/CLK          n/a            1.250         2.917       1.667      SLICE_X12Y43     cnn_accelerator_system_i/cnn_accelerator_wino_0/inst/conv2/lane[0].u_mul/g_wpe[0].wmem_op_reg_0_31_0_5/RAMA/CLK



---------------------------------------------------------------------------------------------------
From Clock:  clkfbout_cnn_accelerator_system_clk_wiz_0_0
  To Clock:  clkfbout_cnn_accelerator_system_clk_wiz_0_0

Setup :           NA  Failing Endpoints,  Worst Slack           NA  ,  Total Violation           NA
Hold  :           NA  Failing Endpoints,  Worst Slack           NA  ,  Total Violation           NA
PW    :            0  Failing Endpoints,  Worst Slack        7.845ns,  Total Violation        0.000ns
---------------------------------------------------------------------------------------------------


Pulse Width Checks
--------------------------------------------------------------------------------------
Clock Name:         clkfbout_cnn_accelerator_system_clk_wiz_0_0
Waveform(ns):       { 0.000 5.000 }
Period(ns):         10.000
Sources:            { cnn_accelerator_system_i/clk_wiz_0/inst/mmcm_adv_inst/CLKFBOUT }

Check Type  Corner  Lib Pin             Reference Pin  Required(ns)  Actual(ns)  Slack(ns)  Location         Pin
Min Period  n/a     BUFG/I              n/a            2.155         10.000      7.845      BUFGCTRL_X0Y7    cnn_accelerator_system_i/clk_wiz_0/inst/clkf_buf/I
Max Period  n/a     MMCME2_ADV/CLKFBIN  n/a            100.000       10.000      90.000     MMCME2_ADV_X0Y0  cnn_accelerator_system_i/clk_wiz_0/inst/mmcm_adv_inst/CLKFBIN



---------------------------------------------------------------------------------------------------
From Clock:  freq_refclk
  To Clock:  freq_refclk

Setup :           NA  Failing Endpoints,  Worst Slack           NA  ,  Total Violation           NA
Hold  :           NA  Failing Endpoints,  Worst Slack           NA  ,  Total Violation           NA
PW    :            0  Failing Endpoints,  Worst Slack        0.206ns,  Total Violation        0.000ns
---------------------------------------------------------------------------------------------------


Pulse Width Checks
--------------------------------------------------------------------------------------
Clock Name:         freq_refclk
Waveform(ns):       { 0.000 0.769 }
Period(ns):         1.538
Sources:            { cnn_accelerator_system_i/mig_7series_0/u_cnn_accelerator_system_mig_7series_0_0_mig/u_ddr3_infrastructure/plle2_i/CLKOUT0 }

Check Type        Corner  Lib Pin                    Reference Pin  Required(ns)  Actual(ns)  Slack(ns)  Location             Pin
Min Period        n/a     PHASER_OUT_PHY/FREQREFCLK  n/a            1.250         1.538       0.288      PHASER_OUT_PHY_X1Y4  cnn_accelerator_system_i/mig_7series_0/u_cnn_accelerator_system_mig_7series_0_0_mig/u_memc_ui_top_axi/mem_intfc0/ddr_phy_top0/u_ddr_mc_phy_wrapper/u_ddr_mc_phy/ddr_phy_4lanes_0.u_ddr_phy_4lanes/ddr_byte_lane_A.ddr_byte_lane_A/phaser_out/FREQREFCLK
Max Period        n/a     PHASER_OUT_PHY/FREQREFCLK  n/a            2.500         1.538       0.962      PHASER_OUT_PHY_X1Y4  cnn_accelerator_system_i/mig_7series_0/u_cnn_accelerator_system_mig_7series_0_0_mig/u_memc_ui_top_axi/mem_intfc0/ddr_phy_top0/u_ddr_mc_phy_wrapper/u_ddr_mc_phy/ddr_phy_4lanes_0.u_ddr_phy_4lanes/ddr_byte_lane_A.ddr_byte_lane_A/phaser_out/FREQREFCLK
Low Pulse Width   Slow    PHASER_REF/CLKIN           n/a            0.562         0.769       0.207      PHASER_REF_X1Y1      cnn_accelerator_system_i/mig_7series_0/u_cnn_accelerator_system_mig_7series_0_0_mig/u_memc_ui_top_axi/mem_intfc0/ddr_phy_top0/u_ddr_mc_phy_wrapper/u_ddr_mc_phy/ddr_phy_4lanes_0.u_ddr_phy_4lanes/phaser_ref_i/CLKIN
High Pulse Width  Slow    PHASER_OUT_PHY/FREQREFCLK  n/a            0.563         0.769       0.206      PHASER_OUT_PHY_X1Y4  cnn_accelerator_system_i/mig_7series_0/u_cnn_accelerator_system_mig_7series_0_0_mig/u_memc_ui_top_axi/mem_intfc0/ddr_phy_top0/u_ddr_mc_phy_wrapper/u_ddr_mc_phy/ddr_phy_4lanes_0.u_ddr_phy_4lanes/ddr_byte_lane_A.ddr_byte_lane_A/phaser_out/FREQREFCLK



---------------------------------------------------------------------------------------------------
From Clock:  u_memc_ui_top_axi/mem_intfc0/ddr_phy_top0/u_ddr_mc_phy_wrapper/u_ddr_mc_phy/ddr_phy_4lanes_0.u_ddr_phy_4lanes/ddr_byte_lane_C.ddr_byte_lane_C/iserdes_clk
  To Clock:  u_memc_ui_top_axi/mem_intfc0/ddr_phy_top0/u_ddr_mc_phy_wrapper/u_ddr_mc_phy/ddr_phy_4lanes_0.u_ddr_phy_4lanes/ddr_byte_lane_C.ddr_byte_lane_C/iserdes_clk

Setup :           NA  Failing Endpoints,  Worst Slack           NA  ,  Total Violation           NA
Hold  :           NA  Failing Endpoints,  Worst Slack           NA  ,  Total Violation           NA
PW    :            0  Failing Endpoints,  Worst Slack        1.410ns,  Total Violation        0.000ns
---------------------------------------------------------------------------------------------------


Pulse Width Checks
--------------------------------------------------------------------------------------
Clock Name:         u_memc_ui_top_axi/mem_intfc0/ddr_phy_top0/u_ddr_mc_phy_wrapper/u_ddr_mc_phy/ddr_phy_4lanes_0.u_ddr_phy_4lanes/ddr_byte_lane_C.ddr_byte_lane_C/iserdes_clk
Waveform(ns):       { 0.000 1.538 }
Period(ns):         3.077
Sources:            { cnn_accelerator_system_i/mig_7series_0/u_cnn_accelerator_system_mig_7series_0_0_mig/u_memc_ui_top_axi/mem_intfc0/ddr_phy_top0/u_ddr_mc_phy_wrapper/u_ddr_mc_phy/ddr_phy_4lanes_0.u_ddr_phy_4lanes/ddr_byte_lane_C.ddr_byte_lane_C/phaser_in_gen.phaser_in/ICLK }

Check Type  Corner  Lib Pin        Reference Pin  Required(ns)  Actual(ns)  Slack(ns)  Location      Pin
Min Period  n/a     ISERDESE2/CLK  n/a            1.667         3.077       1.410      ILOGIC_X1Y76  cnn_accelerator_system_i/mig_7series_0/u_cnn_accelerator_system_mig_7series_0_0_mig/u_memc_ui_top_axi/mem_intfc0/ddr_phy_top0/u_ddr_mc_phy_wrapper/u_ddr_mc_phy/ddr_phy_4lanes_0.u_ddr_phy_4lanes/ddr_byte_lane_C.ddr_byte_lane_C/ddr_byte_group_io/input_[1].iserdes_dq_.iserdesdq/CLK



---------------------------------------------------------------------------------------------------
From Clock:  iserdes_clkdiv
  To Clock:  iserdes_clkdiv

Setup :            0  Failing Endpoints,  Worst Slack       10.198ns,  Total Violation        0.000ns
Hold  :            0  Failing Endpoints,  Worst Slack        0.071ns,  Total Violation        0.000ns
PW    :            0  Failing Endpoints,  Worst Slack        4.004ns,  Total Violation        0.000ns
---------------------------------------------------------------------------------------------------


Max Delay Paths
--------------------------------------------------------------------------------------
Slack (MET) :             10.198ns  (required time - arrival time)
  Source:                 cnn_accelerator_system_i/mig_7series_0/u_cnn_accelerator_system_mig_7series_0_0_mig/u_memc_ui_top_axi/mem_intfc0/ddr_phy_top0/u_ddr_mc_phy_wrapper/u_ddr_mc_phy/ddr_phy_4lanes_0.u_ddr_phy_4lanes/ddr_byte_lane_C.ddr_byte_lane_C/ddr_byte_group_io/input_[8].iserdes_dq_.iserdesdq/CLKDIVP
                            (rising edge-triggered cell ISERDESE2 clocked by iserdes_clkdiv  {rise@0.000ns fall@6.154ns period=12.308ns})
  Destination:            cnn_accelerator_system_i/mig_7series_0/u_cnn_accelerator_system_mig_7series_0_0_mig/u_memc_ui_top_axi/mem_intfc0/ddr_phy_top0/u_ddr_mc_phy_wrapper/u_ddr_mc_phy/ddr_phy_4lanes_0.u_ddr_phy_4lanes/ddr_byte_lane_C.ddr_byte_lane_C/in_fifo_gen.in_fifo/D8[3]
                            (rising edge-triggered cell IN_FIFO clocked by iserdes_clkdiv  {rise@0.000ns fall@6.154ns period=12.308ns})
  Path Group:             iserdes_clkdiv
  Path Type:              Setup (Max at Slow Process Corner)
  Requirement:            12.308ns  (iserdes_clkdiv rise@12.308ns - iserdes_clkdiv rise@0.000ns)
  Data Path Delay:        1.109ns  (logic 0.425ns (38.317%)  route 0.684ns (61.683%))
  Logic Levels:           0
  Clock Path Skew:        -0.455ns (DCD - SCD + CPR)
    Destination Clock Delay (DCD):    7.439ns = ( 19.747 - 12.308 )
    Source Clock Delay      (SCD):    8.280ns
    Clock Pessimism Removal (CPR):    0.386ns
  Clock Uncertainty:      0.052ns  ((TSJ^2 + DJ^2)^1/2) / 2 + PE
    Total System Jitter     (TSJ):    0.071ns
    Discrete Jitter          (DJ):    0.076ns
    Phase Error              (PE):    0.000ns

    Location             Delay type                Incr(ns)  Path(ns)    Netlist Resource(s)
  -------------------------------------------------------------------    -------------------
                         (clock iserdes_clkdiv rise edge)
                                                      0.000     0.000 r
    E3                                                0.000     0.000 r  CLK100MHZ (IN)
                         net (fo=0)                   0.000     0.000    CLK100MHZ
    E3                   IBUF (Prop_ibuf_I_O)         1.482     1.482 r  CLK100MHZ_IBUF_inst/O
                         net (fo=1, routed)           2.025     3.506    cnn_accelerator_system_i/util_ds_buf_0/U0/BUFG_I[0]
    BUFGCTRL_X0Y16       BUFG (Prop_bufg_I_O)         0.096     3.602 r  cnn_accelerator_system_i/util_ds_buf_0/U0/USE_BUFG.GEN_BUFG[0].BUFG_U/O
                         net (fo=2, routed)           1.666     5.269    cnn_accelerator_system_i/mig_7series_0/u_cnn_accelerator_system_mig_7series_0_0_mig/u_ddr3_infrastructure/mmcm_clk
    PLLE2_ADV_X1Y1       PLLE2_ADV (Prop_plle2_adv_CLKIN1_CLKOUT0)
                                                      0.088     5.357 r  cnn_accelerator_system_i/mig_7series_0/u_cnn_accelerator_system_mig_7series_0_0_mig/u_ddr3_infrastructure/plle2_i/CLKOUT0
                         net (fo=7, routed)           0.607     5.964    cnn_accelerator_system_i/mig_7series_0/u_cnn_accelerator_system_mig_7series_0_0_mig/u_memc_ui_top_axi/mem_intfc0/ddr_phy_top0/u_ddr_mc_phy_wrapper/u_ddr_mc_phy/ddr_phy_4lanes_0.u_ddr_phy_4lanes/ddr_byte_lane_C.ddr_byte_lane_C/freq_refclk
    PHASER_IN_PHY_X1Y6   PHASER_IN_PHY (Prop_phaser_in_phy_FREQREFCLK_ICLK)
                                                      1.688     7.652 r  cnn_accelerator_system_i/mig_7series_0/u_cnn_accelerator_system_mig_7series_0_0_mig/u_memc_ui_top_axi/mem_intfc0/ddr_phy_top0/u_ddr_mc_phy_wrapper/u_ddr_mc_phy/ddr_phy_4lanes_0.u_ddr_phy_4lanes/ddr_byte_lane_C.ddr_byte_lane_C/phaser_in_gen.phaser_in/ICLK
    PHASER_IN_PHY_X1Y6   PHASER_IN_PHY (Prop_phaser_in_phy_ICLK_ICLKDIV)
                                                      0.173     7.825 r  cnn_accelerator_system_i/mig_7series_0/u_cnn_accelerator_system_mig_7series_0_0_mig/u_memc_ui_top_axi/mem_intfc0/ddr_phy_top0/u_ddr_mc_phy_wrapper/u_ddr_mc_phy/ddr_phy_4lanes_0.u_ddr_phy_4lanes/ddr_byte_lane_C.ddr_byte_lane_C/phaser_in_gen.phaser_in/ICLKDIV
                         net (fo=9, routed)           0.455     8.280    cnn_accelerator_system_i/mig_7series_0/u_cnn_accelerator_system_mig_7series_0_0_mig/u_memc_ui_top_axi/mem_intfc0/ddr_phy_top0/u_ddr_mc_phy_wrapper/u_ddr_mc_phy/ddr_phy_4lanes_0.u_ddr_phy_4lanes/ddr_byte_lane_C.ddr_byte_lane_C/ddr_byte_group_io/iserdes_clkdiv
    ILOGIC_X1Y85         ISERDESE2                                    r  cnn_accelerator_system_i/mig_7series_0/u_cnn_accelerator_system_mig_7series_0_0_mig/u_memc_ui_top_axi/mem_intfc0/ddr_phy_top0/u_ddr_mc_phy_wrapper/u_ddr_mc_phy/ddr_phy_4lanes_0.u_ddr_phy_4lanes/ddr_byte_lane_C.ddr_byte_lane_C/ddr_byte_group_io/input_[8].iserdes_dq_.iserdesdq/CLKDIVP
  -------------------------------------------------------------------    -------------------
    ILOGIC_X1Y85         ISERDESE2 (Prop_iserdese2_CLKDIVP_Q1)
                                                      0.425     8.705 r  cnn_accelerator_system_i/mig_7series_0/u_cnn_accelerator_system_mig_7series_0_0_mig/u_memc_ui_top_axi/mem_intfc0/ddr_phy_top0/u_ddr_mc_phy_wrapper/u_ddr_mc_phy/ddr_phy_4lanes_0.u_ddr_phy_4lanes/ddr_byte_lane_C.ddr_byte_lane_C/ddr_byte_group_io/input_[8].iserdes_dq_.iserdesdq/Q1
                         net (fo=1, routed)           0.684     9.389    cnn_accelerator_system_i/mig_7series_0/u_cnn_accelerator_system_mig_7series_0_0_mig/u_memc_ui_top_axi/mem_intfc0/ddr_phy_top0/u_ddr_mc_phy_wrapper/u_ddr_mc_phy/ddr_phy_4lanes_0.u_ddr_phy_4lanes/ddr_byte_lane_C.ddr_byte_lane_C/if_d8[3]
    IN_FIFO_X1Y6         IN_FIFO                                      r  cnn_accelerator_system_i/mig_7series_0/u_cnn_accelerator_system_mig_7series_0_0_mig/u_memc_ui_top_axi/mem_intfc0/ddr_phy_top0/u_ddr_mc_phy_wrapper/u_ddr_mc_phy/ddr_phy_4lanes_0.u_ddr_phy_4lanes/ddr_byte_lane_C.ddr_byte_lane_C/in_fifo_gen.in_fifo/D8[3]
  -------------------------------------------------------------------    -------------------

                         (clock iserdes_clkdiv rise edge)
                                                     12.308    12.308 r
    E3                                                0.000    12.308 r  CLK100MHZ (IN)
                         net (fo=0)                   0.000    12.308    CLK100MHZ
    E3                   IBUF (Prop_ibuf_I_O)         1.411    13.719 r  CLK100MHZ_IBUF_inst/O
                         net (fo=1, routed)           1.920    15.639    cnn_accelerator_system_i/util_ds_buf_0/U0/BUFG_I[0]
    BUFGCTRL_X0Y16       BUFG (Prop_bufg_I_O)         0.091    15.730 r  cnn_accelerator_system_i/util_ds_buf_0/U0/USE_BUFG.GEN_BUFG[0].BUFG_U/O
                         net (fo=2, routed)           1.544    17.274    cnn_accelerator_system_i/mig_7series_0/u_cnn_accelerator_system_mig_7series_0_0_mig/u_ddr3_infrastructure/mmcm_clk
    PLLE2_ADV_X1Y1       PLLE2_ADV (Prop_plle2_adv_CLKIN1_CLKOUT0)
                                                      0.083    17.357 r  cnn_accelerator_system_i/mig_7series_0/u_cnn_accelerator_system_mig_7series_0_0_mig/u_ddr3_infrastructure/plle2_i/CLKOUT0
                         net (fo=7, routed)           0.576    17.933    cnn_accelerator_system_i/mig_7series_0/u_cnn_accelerator_system_mig_7series_0_0_mig/u_memc_ui_top_axi/mem_intfc0/ddr_phy_top0/u_ddr_mc_phy_wrapper/u_ddr_mc_phy/ddr_phy_4lanes_0.u_ddr_phy_4lanes/ddr_byte_lane_C.ddr_byte_lane_C/freq_refclk
    PHASER_IN_PHY_X1Y6   PHASER_IN_PHY (Prop_phaser_in_phy_FREQREFCLK_ICLK)
                                                      1.650    19.584 r  cnn_accelerator_system_i/mig_7series_0/u_cnn_accelerator_system_mig_7series_0_0_mig/u_memc_ui_top_axi/mem_intfc0/ddr_phy_top0/u_ddr_mc_phy_wrapper/u_ddr_mc_phy/ddr_phy_4lanes_0.u_ddr_phy_4lanes/ddr_byte_lane_C.ddr_byte_lane_C/phaser_in_gen.phaser_in/ICLK
    PHASER_IN_PHY_X1Y6   PHASER_IN_PHY (Prop_phaser_in_phy_ICLK_ICLKDIV)
                                                      0.163    19.747 r  cnn_accelerator_system_i/mig_7series_0/u_cnn_accelerator_system_mig_7series_0_0_mig/u_memc_ui_top_axi/mem_intfc0/ddr_phy_top0/u_ddr_mc_phy_wrapper/u_ddr_mc_phy/ddr_phy_4lanes_0.u_ddr_phy_4lanes/ddr_byte_lane_C.ddr_byte_lane_C/phaser_in_gen.phaser_in/ICLKDIV
                         net (fo=9, routed)           0.000    19.747    cnn_accelerator_system_i/mig_7series_0/u_cnn_accelerator_system_mig_7series_0_0_mig/u_memc_ui_top_axi/mem_intfc0/ddr_phy_top0/u_ddr_mc_phy_wrapper/u_ddr_mc_phy/ddr_phy_4lanes_0.u_ddr_phy_4lanes/ddr_byte_lane_C.ddr_byte_lane_C/iserdes_clkdiv
    IN_FIFO_X1Y6         IN_FIFO                                      r  cnn_accelerator_system_i/mig_7series_0/u_cnn_accelerator_system_mig_7series_0_0_mig/u_memc_ui_top_axi/mem_intfc0/ddr_phy_top0/u_ddr_mc_phy_wrapper/u_ddr_mc_phy/ddr_phy_4lanes_0.u_ddr_phy_4lanes/ddr_byte_lane_C.ddr_byte_lane_C/in_fifo_gen.in_fifo/WRCLK
                         clock pessimism              0.386    20.133
                         clock uncertainty           -0.052    20.081
    IN_FIFO_X1Y6         IN_FIFO (Setup_in_fifo_WRCLK_D8[3])
                                                     -0.494    19.587    cnn_accelerator_system_i/mig_7series_0/u_cnn_accelerator_system_mig_7series_0_0_mig/u_memc_ui_top_axi/mem_intfc0/ddr_phy_top0/u_ddr_mc_phy_wrapper/u_ddr_mc_phy/ddr_phy_4lanes_0.u_ddr_phy_4lanes/ddr_byte_lane_C.ddr_byte_lane_C/in_fifo_gen.in_fifo
  -------------------------------------------------------------------
                         required time                         19.587
                         arrival time                          -9.389
  -------------------------------------------------------------------
                         slack                                 10.198





Min Delay Paths
--------------------------------------------------------------------------------------
Slack (MET) :             0.071ns  (arrival time - required time)
  Source:                 cnn_accelerator_system_i/mig_7series_0/u_cnn_accelerator_system_mig_7series_0_0_mig/u_memc_ui_top_axi/mem_intfc0/ddr_phy_top0/u_ddr_mc_phy_wrapper/u_ddr_mc_phy/ddr_phy_4lanes_0.u_ddr_phy_4lanes/ddr_byte_lane_C.ddr_byte_lane_C/phaser_in_gen.phaser_in/ICLKDIV
                            (rising edge-triggered cell PHASER_IN_PHY clocked by iserdes_clkdiv  {rise@0.000ns fall@6.154ns period=12.308ns})
  Destination:            cnn_accelerator_system_i/mig_7series_0/u_cnn_accelerator_system_mig_7series_0_0_mig/u_memc_ui_top_axi/mem_intfc0/ddr_phy_top0/u_ddr_mc_phy_wrapper/u_ddr_mc_phy/ddr_phy_4lanes_0.u_ddr_phy_4lanes/ddr_byte_lane_C.ddr_byte_lane_C/in_fifo_gen.in_fifo/WREN
                            (rising edge-triggered cell IN_FIFO clocked by iserdes_clkdiv  {rise@0.000ns fall@6.154ns period=12.308ns})
  Path Group:             iserdes_clkdiv
  Path Type:              Hold (Min at Fast Process Corner)
  Requirement:            0.000ns  (iserdes_clkdiv rise@0.000ns - iserdes_clkdiv rise@0.000ns)
  Data Path Delay:        0.058ns  (logic 0.058ns (100.000%)  route 0.000ns (0.000%))
  Logic Levels:           0
  Clock Path Skew:        0.000ns (DCD - SCD - CPR)
    Destination Clock Delay (DCD):    3.771ns
    Source Clock Delay      (SCD):    3.204ns
    Clock Pessimism Removal (CPR):    0.567ns

    Location             Delay type                Incr(ns)  Path(ns)    Netlist Resource(s)
  -------------------------------------------------------------------    -------------------
                         (clock iserdes_clkdiv rise edge)
                                                      0.000     0.000 r
    E3                                                0.000     0.000 r  CLK100MHZ (IN)
                         net (fo=0)                   0.000     0.000    CLK100MHZ
    E3                   IBUF (Prop_ibuf_I_O)         0.250     0.250 r  CLK100MHZ_IBUF_inst/O
                         net (fo=1, routed)           0.644     0.894    cnn_accelerator_system_i/util_ds_buf_0/U0/BUFG_I[0]
    BUFGCTRL_X0Y16       BUFG (Prop_bufg_I_O)         0.026     0.920 r  cnn_accelerator_system_i/util_ds_buf_0/U0/USE_BUFG.GEN_BUFG[0].BUFG_U/O
                         net (fo=2, routed)           0.566     1.485    cnn_accelerator_system_i/mig_7series_0/u_cnn_accelerator_system_mig_7series_0_0_mig/u_ddr3_infrastructure/mmcm_clk
    PLLE2_ADV_X1Y1       PLLE2_ADV (Prop_plle2_adv_CLKIN1_CLKOUT0)
                                                      0.050     1.535 r  cnn_accelerator_system_i/mig_7series_0/u_cnn_accelerator_system_mig_7series_0_0_mig/u_ddr3_infrastructure/plle2_i/CLKOUT0
                         net (fo=7, routed)           0.197     1.732    cnn_accelerator_system_i/mig_7series_0/u_cnn_accelerator_system_mig_7series_0_0_mig/u_memc_ui_top_axi/mem_intfc0/ddr_phy_top0/u_ddr_mc_phy_wrapper/u_ddr_mc_phy/ddr_phy_4lanes_0.u_ddr_phy_4lanes/ddr_byte_lane_C.ddr_byte_lane_C/freq_refclk
    PHASER_IN_PHY_X1Y6   PHASER_IN_PHY (Prop_phaser_in_phy_FREQREFCLK_ICLK)
                                                      1.382     3.114 r  cnn_accelerator_system_i/mig_7series_0/u_cnn_accelerator_system_mig_7series_0_0_mig/u_memc_ui_top_axi/mem_intfc0/ddr_phy_top0/u_ddr_mc_phy_wrapper/u_ddr_mc_phy/ddr_phy_4lanes_0.u_ddr_phy_4lanes/ddr_byte_lane_C.ddr_byte_lane_C/phaser_in_gen.phaser_in/ICLK
    PHASER_IN_PHY_X1Y6   PHASER_IN_PHY (Prop_phaser_in_phy_ICLK_ICLKDIV)
                                                      0.090     3.204 r  cnn_accelerator_system_i/mig_7series_0/u_cnn_accelerator_system_mig_7series_0_0_mig/u_memc_ui_top_axi/mem_intfc0/ddr_phy_top0/u_ddr_mc_phy_wrapper/u_ddr_mc_phy/ddr_phy_4lanes_0.u_ddr_phy_4lanes/ddr_byte_lane_C.ddr_byte_lane_C/phaser_in_gen.phaser_in/ICLKDIV
  -------------------------------------------------------------------    -------------------
    PHASER_IN_PHY_X1Y6   PHASER_IN_PHY (Prop_phaser_in_phy_ICLKDIV_WRENABLE)
                                                      0.058     3.262 r  cnn_accelerator_system_i/mig_7series_0/u_cnn_accelerator_system_mig_7series_0_0_mig/u_memc_ui_top_axi/mem_intfc0/ddr_phy_top0/u_ddr_mc_phy_wrapper/u_ddr_mc_phy/ddr_phy_4lanes_0.u_ddr_phy_4lanes/ddr_byte_lane_C.ddr_byte_lane_C/phaser_in_gen.phaser_in/WRENABLE
                         net (fo=1, routed)           0.000     3.262    cnn_accelerator_system_i/mig_7series_0/u_cnn_accelerator_system_mig_7series_0_0_mig/u_memc_ui_top_axi/mem_intfc0/ddr_phy_top0/u_ddr_mc_phy_wrapper/u_ddr_mc_phy/ddr_phy_4lanes_0.u_ddr_phy_4lanes/ddr_byte_lane_C.ddr_byte_lane_C/ififo_wr_enable
    IN_FIFO_X1Y6         IN_FIFO                                      r  cnn_accelerator_system_i/mig_7series_0/u_cnn_accelerator_system_mig_7series_0_0_mig/u_memc_ui_top_axi/mem_intfc0/ddr_phy_top0/u_ddr_mc_phy_wrapper/u_ddr_mc_phy/ddr_phy_4lanes_0.u_ddr_phy_4lanes/ddr_byte_lane_C.ddr_byte_lane_C/in_fifo_gen.in_fifo/WREN
  -------------------------------------------------------------------    -------------------

                         (clock iserdes_clkdiv rise edge)
                                                      0.000     0.000 r
    E3                                                0.000     0.000 r  CLK100MHZ (IN)
                         net (fo=0)                   0.000     0.000    CLK100MHZ
    E3                   IBUF (Prop_ibuf_I_O)         0.438     0.438 r  CLK100MHZ_IBUF_inst/O
                         net (fo=1, routed)           0.699     1.136    cnn_accelerator_system_i/util_ds_buf_0/U0/BUFG_I[0]
    BUFGCTRL_X0Y16       BUFG (Prop_bufg_I_O)         0.029     1.165 r  cnn_accelerator_system_i/util_ds_buf_0/U0/USE_BUFG.GEN_BUFG[0].BUFG_U/O
                         net (fo=2, routed)           0.835     2.000    cnn_accelerator_system_i/mig_7series_0/u_cnn_accelerator_system_mig_7series_0_0_mig/u_ddr3_infrastructure/mmcm_clk
    PLLE2_ADV_X1Y1       PLLE2_ADV (Prop_plle2_adv_CLKIN1_CLKOUT0)
                                                      0.053     2.053 r  cnn_accelerator_system_i/mig_7series_0/u_cnn_accelerator_system_mig_7series_0_0_mig/u_ddr3_infrastructure/plle2_i/CLKOUT0
                         net (fo=7, routed)           0.217     2.270    cnn_accelerator_system_i/mig_7series_0/u_cnn_accelerator_system_mig_7series_0_0_mig/u_memc_ui_top_axi/mem_intfc0/ddr_phy_top0/u_ddr_mc_phy_wrapper/u_ddr_mc_phy/ddr_phy_4lanes_0.u_ddr_phy_4lanes/ddr_byte_lane_C.ddr_byte_lane_C/freq_refclk
    PHASER_IN_PHY_X1Y6   PHASER_IN_PHY (Prop_phaser_in_phy_FREQREFCLK_ICLK)
                                                      1.406     3.675 r  cnn_accelerator_system_i/mig_7series_0/u_cnn_accelerator_system_mig_7series_0_0_mig/u_memc_ui_top_axi/mem_intfc0/ddr_phy_top0/u_ddr_mc_phy_wrapper/u_ddr_mc_phy/ddr_phy_4lanes_0.u_ddr_phy_4lanes/ddr_byte_lane_C.ddr_byte_lane_C/phaser_in_gen.phaser_in/ICLK
    PHASER_IN_PHY_X1Y6   PHASER_IN_PHY (Prop_phaser_in_phy_ICLK_ICLKDIV)
                                                      0.096     3.771 r  cnn_accelerator_system_i/mig_7series_0/u_cnn_accelerator_system_mig_7series_0_0_mig/u_memc_ui_top_axi/mem_intfc0/ddr_phy_top0/u_ddr_mc_phy_wrapper/u_ddr_mc_phy/ddr_phy_4lanes_0.u_ddr_phy_4lanes/ddr_byte_lane_C.ddr_byte_lane_C/phaser_in_gen.phaser_in/ICLKDIV
                         net (fo=9, routed)           0.000     3.771    cnn_accelerator_system_i/mig_7series_0/u_cnn_accelerator_system_mig_7series_0_0_mig/u_memc_ui_top_axi/mem_intfc0/ddr_phy_top0/u_ddr_mc_phy_wrapper/u_ddr_mc_phy/ddr_phy_4lanes_0.u_ddr_phy_4lanes/ddr_byte_lane_C.ddr_byte_lane_C/iserdes_clkdiv
    IN_FIFO_X1Y6         IN_FIFO                                      r  cnn_accelerator_system_i/mig_7series_0/u_cnn_accelerator_system_mig_7series_0_0_mig/u_memc_ui_top_axi/mem_intfc0/ddr_phy_top0/u_ddr_mc_phy_wrapper/u_ddr_mc_phy/ddr_phy_4lanes_0.u_ddr_phy_4lanes/ddr_byte_lane_C.ddr_byte_lane_C/in_fifo_gen.in_fifo/WRCLK
                         clock pessimism             -0.567     3.204
    IN_FIFO_X1Y6         IN_FIFO (Hold_in_fifo_WRCLK_WREN)
                                                     -0.013     3.191    cnn_accelerator_system_i/mig_7series_0/u_cnn_accelerator_system_mig_7series_0_0_mig/u_memc_ui_top_axi/mem_intfc0/ddr_phy_top0/u_ddr_mc_phy_wrapper/u_ddr_mc_phy/ddr_phy_4lanes_0.u_ddr_phy_4lanes/ddr_byte_lane_C.ddr_byte_lane_C/in_fifo_gen.in_fifo
  -------------------------------------------------------------------
                         required time                         -3.191
                         arrival time                           3.262
  -------------------------------------------------------------------
                         slack                                  0.071





Pulse Width Checks
--------------------------------------------------------------------------------------
Clock Name:         iserdes_clkdiv
Waveform(ns):       { 0.000 6.154 }
Period(ns):         12.308
Sources:            { cnn_accelerator_system_i/mig_7series_0/u_cnn_accelerator_system_mig_7series_0_0_mig/u_memc_ui_top_axi/mem_intfc0/ddr_phy_top0/u_ddr_mc_phy_wrapper/u_ddr_mc_phy/ddr_phy_4lanes_0.u_ddr_phy_4lanes/ddr_byte_lane_C.ddr_byte_lane_C/phaser_in_gen.phaser_in/ICLKDIV }

Check Type        Corner  Lib Pin        Reference Pin  Required(ns)  Actual(ns)  Slack(ns)  Location      Pin
Min Period        n/a     IN_FIFO/WRCLK  n/a            5.000         12.308      7.308      IN_FIFO_X1Y6  cnn_accelerator_system_i/mig_7series_0/u_cnn_accelerator_system_mig_7series_0_0_mig/u_memc_ui_top_axi/mem_intfc0/ddr_phy_top0/u_ddr_mc_phy_wrapper/u_ddr_mc_phy/ddr_phy_4lanes_0.u_ddr_phy_4lanes/ddr_byte_lane_C.ddr_byte_lane_C/in_fifo_gen.in_fifo/WRCLK
Low Pulse Width   Slow    IN_FIFO/WRCLK  n/a            2.150         6.154       4.004      IN_FIFO_X1Y6  cnn_accelerator_system_i/mig_7series_0/u_cnn_accelerator_system_mig_7series_0_0_mig/u_memc_ui_top_axi/mem_intfc0/ddr_phy_top0/u_ddr_mc_phy_wrapper/u_ddr_mc_phy/ddr_phy_4lanes_0.u_ddr_phy_4lanes/ddr_byte_lane_C.ddr_byte_lane_C/in_fifo_gen.in_fifo/WRCLK
High Pulse Width  Slow    IN_FIFO/WRCLK  n/a            2.150         6.154       4.004      IN_FIFO_X1Y6  cnn_accelerator_system_i/mig_7series_0/u_cnn_accelerator_system_mig_7series_0_0_mig/u_memc_ui_top_axi/mem_intfc0/ddr_phy_top0/u_ddr_mc_phy_wrapper/u_ddr_mc_phy/ddr_phy_4lanes_0.u_ddr_phy_4lanes/ddr_byte_lane_C.ddr_byte_lane_C/in_fifo_gen.in_fifo/WRCLK



---------------------------------------------------------------------------------------------------
From Clock:  u_memc_ui_top_axi/mem_intfc0/ddr_phy_top0/u_ddr_mc_phy_wrapper/u_ddr_mc_phy/ddr_phy_4lanes_0.u_ddr_phy_4lanes/ddr_byte_lane_D.ddr_byte_lane_D/iserdes_clk
  To Clock:  u_memc_ui_top_axi/mem_intfc0/ddr_phy_top0/u_ddr_mc_phy_wrapper/u_ddr_mc_phy/ddr_phy_4lanes_0.u_ddr_phy_4lanes/ddr_byte_lane_D.ddr_byte_lane_D/iserdes_clk

Setup :           NA  Failing Endpoints,  Worst Slack           NA  ,  Total Violation           NA
Hold  :           NA  Failing Endpoints,  Worst Slack           NA  ,  Total Violation           NA
PW    :            0  Failing Endpoints,  Worst Slack        1.410ns,  Total Violation        0.000ns
---------------------------------------------------------------------------------------------------


Pulse Width Checks
--------------------------------------------------------------------------------------
Clock Name:         u_memc_ui_top_axi/mem_intfc0/ddr_phy_top0/u_ddr_mc_phy_wrapper/u_ddr_mc_phy/ddr_phy_4lanes_0.u_ddr_phy_4lanes/ddr_byte_lane_D.ddr_byte_lane_D/iserdes_clk
Waveform(ns):       { 0.000 1.538 }
Period(ns):         3.077
Sources:            { cnn_accelerator_system_i/mig_7series_0/u_cnn_accelerator_system_mig_7series_0_0_mig/u_memc_ui_top_axi/mem_intfc0/ddr_phy_top0/u_ddr_mc_phy_wrapper/u_ddr_mc_phy/ddr_phy_4lanes_0.u_ddr_phy_4lanes/ddr_byte_lane_D.ddr_byte_lane_D/phaser_in_gen.phaser_in/ICLK }

Check Type  Corner  Lib Pin        Reference Pin  Required(ns)  Actual(ns)  Slack(ns)  Location      Pin
Min Period  n/a     ISERDESE2/CLK  n/a            1.667         3.077       1.410      ILOGIC_X1Y88  cnn_accelerator_system_i/mig_7series_0/u_cnn_accelerator_system_mig_7series_0_0_mig/u_memc_ui_top_axi/mem_intfc0/ddr_phy_top0/u_ddr_mc_phy_wrapper/u_ddr_mc_phy/ddr_phy_4lanes_0.u_ddr_phy_4lanes/ddr_byte_lane_D.ddr_byte_lane_D/ddr_byte_group_io/input_[1].iserdes_dq_.iserdesdq/CLK



---------------------------------------------------------------------------------------------------
From Clock:  iserdes_clkdiv_1
  To Clock:  iserdes_clkdiv_1

Setup :            0  Failing Endpoints,  Worst Slack       10.192ns,  Total Violation        0.000ns
Hold  :            0  Failing Endpoints,  Worst Slack        0.071ns,  Total Violation        0.000ns
PW    :            0  Failing Endpoints,  Worst Slack        4.004ns,  Total Violation        0.000ns
---------------------------------------------------------------------------------------------------


Max Delay Paths
--------------------------------------------------------------------------------------
Slack (MET) :             10.192ns  (required time - arrival time)
  Source:                 cnn_accelerator_system_i/mig_7series_0/u_cnn_accelerator_system_mig_7series_0_0_mig/u_memc_ui_top_axi/mem_intfc0/ddr_phy_top0/u_ddr_mc_phy_wrapper/u_ddr_mc_phy/ddr_phy_4lanes_0.u_ddr_phy_4lanes/ddr_byte_lane_D.ddr_byte_lane_D/ddr_byte_group_io/input_[7].iserdes_dq_.iserdesdq/CLKDIVP
                            (rising edge-triggered cell ISERDESE2 clocked by iserdes_clkdiv_1  {rise@0.000ns fall@6.154ns period=12.308ns})
  Destination:            cnn_accelerator_system_i/mig_7series_0/u_cnn_accelerator_system_mig_7series_0_0_mig/u_memc_ui_top_axi/mem_intfc0/ddr_phy_top0/u_ddr_mc_phy_wrapper/u_ddr_mc_phy/ddr_phy_4lanes_0.u_ddr_phy_4lanes/ddr_byte_lane_D.ddr_byte_lane_D/in_fifo_gen.in_fifo/D7[1]
                            (rising edge-triggered cell IN_FIFO clocked by iserdes_clkdiv_1  {rise@0.000ns fall@6.154ns period=12.308ns})
  Path Group:             iserdes_clkdiv_1
  Path Type:              Setup (Max at Slow Process Corner)
  Requirement:            12.308ns  (iserdes_clkdiv_1 rise@12.308ns - iserdes_clkdiv_1 rise@0.000ns)
  Data Path Delay:        1.117ns  (logic 0.425ns (38.045%)  route 0.692ns (61.955%))
  Logic Levels:           0
  Clock Path Skew:        -0.471ns (DCD - SCD + CPR)
    Destination Clock Delay (DCD):    7.429ns = ( 19.737 - 12.308 )
    Source Clock Delay      (SCD):    8.286ns
    Clock Pessimism Removal (CPR):    0.386ns
  Clock Uncertainty:      0.052ns  ((TSJ^2 + DJ^2)^1/2) / 2 + PE
    Total System Jitter     (TSJ):    0.071ns
    Discrete Jitter          (DJ):    0.076ns
    Phase Error              (PE):    0.000ns

    Location             Delay type                Incr(ns)  Path(ns)    Netlist Resource(s)
  -------------------------------------------------------------------    -------------------
                         (clock iserdes_clkdiv_1 rise edge)
                                                      0.000     0.000 r
    E3                                                0.000     0.000 r  CLK100MHZ (IN)
                         net (fo=0)                   0.000     0.000    CLK100MHZ
    E3                   IBUF (Prop_ibuf_I_O)         1.482     1.482 r  CLK100MHZ_IBUF_inst/O
                         net (fo=1, routed)           2.025     3.506    cnn_accelerator_system_i/util_ds_buf_0/U0/BUFG_I[0]
    BUFGCTRL_X0Y16       BUFG (Prop_bufg_I_O)         0.096     3.602 r  cnn_accelerator_system_i/util_ds_buf_0/U0/USE_BUFG.GEN_BUFG[0].BUFG_U/O
                         net (fo=2, routed)           1.666     5.269    cnn_accelerator_system_i/mig_7series_0/u_cnn_accelerator_system_mig_7series_0_0_mig/u_ddr3_infrastructure/mmcm_clk
    PLLE2_ADV_X1Y1       PLLE2_ADV (Prop_plle2_adv_CLKIN1_CLKOUT0)
                                                      0.088     5.357 r  cnn_accelerator_system_i/mig_7series_0/u_cnn_accelerator_system_mig_7series_0_0_mig/u_ddr3_infrastructure/plle2_i/CLKOUT0
                         net (fo=7, routed)           0.597     5.954    cnn_accelerator_system_i/mig_7series_0/u_cnn_accelerator_system_mig_7series_0_0_mig/u_memc_ui_top_axi/mem_intfc0/ddr_phy_top0/u_ddr_mc_phy_wrapper/u_ddr_mc_phy/ddr_phy_4lanes_0.u_ddr_phy_4lanes/ddr_byte_lane_D.ddr_byte_lane_D/freq_refclk
    PHASER_IN_PHY_X1Y7   PHASER_IN_PHY (Prop_phaser_in_phy_FREQREFCLK_ICLK)
                                                      1.688     7.642 r  cnn_accelerator_system_i/mig_7series_0/u_cnn_accelerator_system_mig_7series_0_0_mig/u_memc_ui_top_axi/mem_intfc0/ddr_phy_top0/u_ddr_mc_phy_wrapper/u_ddr_mc_phy/ddr_phy_4lanes_0.u_ddr_phy_4lanes/ddr_byte_lane_D.ddr_byte_lane_D/phaser_in_gen.phaser_in/ICLK
    PHASER_IN_PHY_X1Y7   PHASER_IN_PHY (Prop_phaser_in_phy_ICLK_ICLKDIV)
                                                      0.173     7.815 r  cnn_accelerator_system_i/mig_7series_0/u_cnn_accelerator_system_mig_7series_0_0_mig/u_memc_ui_top_axi/mem_intfc0/ddr_phy_top0/u_ddr_mc_phy_wrapper/u_ddr_mc_phy/ddr_phy_4lanes_0.u_ddr_phy_4lanes/ddr_byte_lane_D.ddr_byte_lane_D/phaser_in_gen.phaser_in/ICLKDIV
                         net (fo=9, routed)           0.471     8.286    cnn_accelerator_system_i/mig_7series_0/u_cnn_accelerator_system_mig_7series_0_0_mig/u_memc_ui_top_axi/mem_intfc0/ddr_phy_top0/u_ddr_mc_phy_wrapper/u_ddr_mc_phy/ddr_phy_4lanes_0.u_ddr_phy_4lanes/ddr_byte_lane_D.ddr_byte_lane_D/ddr_byte_group_io/iserdes_clkdiv
    ILOGIC_X1Y96         ISERDESE2                                    r  cnn_accelerator_system_i/mig_7series_0/u_cnn_accelerator_system_mig_7series_0_0_mig/u_memc_ui_top_axi/mem_intfc0/ddr_phy_top0/u_ddr_mc_phy_wrapper/u_ddr_mc_phy/ddr_phy_4lanes_0.u_ddr_phy_4lanes/ddr_byte_lane_D.ddr_byte_lane_D/ddr_byte_group_io/input_[7].iserdes_dq_.iserdesdq/CLKDIVP
  -------------------------------------------------------------------    -------------------
    ILOGIC_X1Y96         ISERDESE2 (Prop_iserdese2_CLKDIVP_Q3)
                                                      0.425     8.711 r  cnn_accelerator_system_i/mig_7series_0/u_cnn_accelerator_system_mig_7series_0_0_mig/u_memc_ui_top_axi/mem_intfc0/ddr_phy_top0/u_ddr_mc_phy_wrapper/u_ddr_mc_phy/ddr_phy_4lanes_0.u_ddr_phy_4lanes/ddr_byte_lane_D.ddr_byte_lane_D/ddr_byte_group_io/input_[7].iserdes_dq_.iserdesdq/Q3
                         net (fo=1, routed)           0.692     9.403    cnn_accelerator_system_i/mig_7series_0/u_cnn_accelerator_system_mig_7series_0_0_mig/u_memc_ui_top_axi/mem_intfc0/ddr_phy_top0/u_ddr_mc_phy_wrapper/u_ddr_mc_phy/ddr_phy_4lanes_0.u_ddr_phy_4lanes/ddr_byte_lane_D.ddr_byte_lane_D/if_d7[1]
    IN_FIFO_X1Y7         IN_FIFO                                      r  cnn_accelerator_system_i/mig_7series_0/u_cnn_accelerator_system_mig_7series_0_0_mig/u_memc_ui_top_axi/mem_intfc0/ddr_phy_top0/u_ddr_mc_phy_wrapper/u_ddr_mc_phy/ddr_phy_4lanes_0.u_ddr_phy_4lanes/ddr_byte_lane_D.ddr_byte_lane_D/in_fifo_gen.in_fifo/D7[1]
  -------------------------------------------------------------------    -------------------

                         (clock iserdes_clkdiv_1 rise edge)
                                                     12.308    12.308 r
    E3                                                0.000    12.308 r  CLK100MHZ (IN)
                         net (fo=0)                   0.000    12.308    CLK100MHZ
    E3                   IBUF (Prop_ibuf_I_O)         1.411    13.719 r  CLK100MHZ_IBUF_inst/O
                         net (fo=1, routed)           1.920    15.639    cnn_accelerator_system_i/util_ds_buf_0/U0/BUFG_I[0]
    BUFGCTRL_X0Y16       BUFG (Prop_bufg_I_O)         0.091    15.730 r  cnn_accelerator_system_i/util_ds_buf_0/U0/USE_BUFG.GEN_BUFG[0].BUFG_U/O
                         net (fo=2, routed)           1.544    17.274    cnn_accelerator_system_i/mig_7series_0/u_cnn_accelerator_system_mig_7series_0_0_mig/u_ddr3_infrastructure/mmcm_clk
    PLLE2_ADV_X1Y1       PLLE2_ADV (Prop_plle2_adv_CLKIN1_CLKOUT0)
                                                      0.083    17.357 r  cnn_accelerator_system_i/mig_7series_0/u_cnn_accelerator_system_mig_7series_0_0_mig/u_ddr3_infrastructure/plle2_i/CLKOUT0
                         net (fo=7, routed)           0.566    17.923    cnn_accelerator_system_i/mig_7series_0/u_cnn_accelerator_system_mig_7series_0_0_mig/u_memc_ui_top_axi/mem_intfc0/ddr_phy_top0/u_ddr_mc_phy_wrapper/u_ddr_mc_phy/ddr_phy_4lanes_0.u_ddr_phy_4lanes/ddr_byte_lane_D.ddr_byte_lane_D/freq_refclk
    PHASER_IN_PHY_X1Y7   PHASER_IN_PHY (Prop_phaser_in_phy_FREQREFCLK_ICLK)
                                                      1.650    19.574 r  cnn_accelerator_system_i/mig_7series_0/u_cnn_accelerator_system_mig_7series_0_0_mig/u_memc_ui_top_axi/mem_intfc0/ddr_phy_top0/u_ddr_mc_phy_wrapper/u_ddr_mc_phy/ddr_phy_4lanes_0.u_ddr_phy_4lanes/ddr_byte_lane_D.ddr_byte_lane_D/phaser_in_gen.phaser_in/ICLK
    PHASER_IN_PHY_X1Y7   PHASER_IN_PHY (Prop_phaser_in_phy_ICLK_ICLKDIV)
                                                      0.163    19.737 r  cnn_accelerator_system_i/mig_7series_0/u_cnn_accelerator_system_mig_7series_0_0_mig/u_memc_ui_top_axi/mem_intfc0/ddr_phy_top0/u_ddr_mc_phy_wrapper/u_ddr_mc_phy/ddr_phy_4lanes_0.u_ddr_phy_4lanes/ddr_byte_lane_D.ddr_byte_lane_D/phaser_in_gen.phaser_in/ICLKDIV
                         net (fo=9, routed)           0.000    19.737    cnn_accelerator_system_i/mig_7series_0/u_cnn_accelerator_system_mig_7series_0_0_mig/u_memc_ui_top_axi/mem_intfc0/ddr_phy_top0/u_ddr_mc_phy_wrapper/u_ddr_mc_phy/ddr_phy_4lanes_0.u_ddr_phy_4lanes/ddr_byte_lane_D.ddr_byte_lane_D/iserdes_clkdiv
    IN_FIFO_X1Y7         IN_FIFO                                      r  cnn_accelerator_system_i/mig_7series_0/u_cnn_accelerator_system_mig_7series_0_0_mig/u_memc_ui_top_axi/mem_intfc0/ddr_phy_top0/u_ddr_mc_phy_wrapper/u_ddr_mc_phy/ddr_phy_4lanes_0.u_ddr_phy_4lanes/ddr_byte_lane_D.ddr_byte_lane_D/in_fifo_gen.in_fifo/WRCLK
                         clock pessimism              0.386    20.123
                         clock uncertainty           -0.052    20.071
    IN_FIFO_X1Y7         IN_FIFO (Setup_in_fifo_WRCLK_D7[1])
                                                     -0.476    19.595    cnn_accelerator_system_i/mig_7series_0/u_cnn_accelerator_system_mig_7series_0_0_mig/u_memc_ui_top_axi/mem_intfc0/ddr_phy_top0/u_ddr_mc_phy_wrapper/u_ddr_mc_phy/ddr_phy_4lanes_0.u_ddr_phy_4lanes/ddr_byte_lane_D.ddr_byte_lane_D/in_fifo_gen.in_fifo
  -------------------------------------------------------------------
                         required time                         19.595
                         arrival time                          -9.403
  -------------------------------------------------------------------
                         slack                                 10.192





Min Delay Paths
--------------------------------------------------------------------------------------
Slack (MET) :             0.071ns  (arrival time - required time)
  Source:                 cnn_accelerator_system_i/mig_7series_0/u_cnn_accelerator_system_mig_7series_0_0_mig/u_memc_ui_top_axi/mem_intfc0/ddr_phy_top0/u_ddr_mc_phy_wrapper/u_ddr_mc_phy/ddr_phy_4lanes_0.u_ddr_phy_4lanes/ddr_byte_lane_D.ddr_byte_lane_D/phaser_in_gen.phaser_in/ICLKDIV
                            (rising edge-triggered cell PHASER_IN_PHY clocked by iserdes_clkdiv_1  {rise@0.000ns fall@6.154ns period=12.308ns})
  Destination:            cnn_accelerator_system_i/mig_7series_0/u_cnn_accelerator_system_mig_7series_0_0_mig/u_memc_ui_top_axi/mem_intfc0/ddr_phy_top0/u_ddr_mc_phy_wrapper/u_ddr_mc_phy/ddr_phy_4lanes_0.u_ddr_phy_4lanes/ddr_byte_lane_D.ddr_byte_lane_D/in_fifo_gen.in_fifo/WREN
                            (rising edge-triggered cell IN_FIFO clocked by iserdes_clkdiv_1  {rise@0.000ns fall@6.154ns period=12.308ns})
  Path Group:             iserdes_clkdiv_1
  Path Type:              Hold (Min at Fast Process Corner)
  Requirement:            0.000ns  (iserdes_clkdiv_1 rise@0.000ns - iserdes_clkdiv_1 rise@0.000ns)
  Data Path Delay:        0.058ns  (logic 0.058ns (100.000%)  route 0.000ns (0.000%))
  Logic Levels:           0
  Clock Path Skew:        0.000ns (DCD - SCD - CPR)
    Destination Clock Delay (DCD):    3.765ns
    Source Clock Delay      (SCD):    3.198ns
    Clock Pessimism Removal (CPR):    0.567ns

    Location             Delay type                Incr(ns)  Path(ns)    Netlist Resource(s)
  -------------------------------------------------------------------    -------------------
                         (clock iserdes_clkdiv_1 rise edge)
                                                      0.000     0.000 r
    E3                                                0.000     0.000 r  CLK100MHZ (IN)
                         net (fo=0)                   0.000     0.000    CLK100MHZ
    E3                   IBUF (Prop_ibuf_I_O)         0.250     0.250 r  CLK100MHZ_IBUF_inst/O
                         net (fo=1, routed)           0.644     0.894    cnn_accelerator_system_i/util_ds_buf_0/U0/BUFG_I[0]
    BUFGCTRL_X0Y16       BUFG (Prop_bufg_I_O)         0.026     0.920 r  cnn_accelerator_system_i/util_ds_buf_0/U0/USE_BUFG.GEN_BUFG[0].BUFG_U/O
                         net (fo=2, routed)           0.566     1.485    cnn_accelerator_system_i/mig_7series_0/u_cnn_accelerator_system_mig_7series_0_0_mig/u_ddr3_infrastructure/mmcm_clk
    PLLE2_ADV_X1Y1       PLLE2_ADV (Prop_plle2_adv_CLKIN1_CLKOUT0)
                                                      0.050     1.535 r  cnn_accelerator_system_i/mig_7series_0/u_cnn_accelerator_system_mig_7series_0_0_mig/u_ddr3_infrastructure/plle2_i/CLKOUT0
                         net (fo=7, routed)           0.191     1.726    cnn_accelerator_system_i/mig_7series_0/u_cnn_accelerator_system_mig_7series_0_0_mig/u_memc_ui_top_axi/mem_intfc0/ddr_phy_top0/u_ddr_mc_phy_wrapper/u_ddr_mc_phy/ddr_phy_4lanes_0.u_ddr_phy_4lanes/ddr_byte_lane_D.ddr_byte_lane_D/freq_refclk
    PHASER_IN_PHY_X1Y7   PHASER_IN_PHY (Prop_phaser_in_phy_FREQREFCLK_ICLK)
                                                      1.382     3.108 r  cnn_accelerator_system_i/mig_7series_0/u_cnn_accelerator_system_mig_7series_0_0_mig/u_memc_ui_top_axi/mem_intfc0/ddr_phy_top0/u_ddr_mc_phy_wrapper/u_ddr_mc_phy/ddr_phy_4lanes_0.u_ddr_phy_4lanes/ddr_byte_lane_D.ddr_byte_lane_D/phaser_in_gen.phaser_in/ICLK
    PHASER_IN_PHY_X1Y7   PHASER_IN_PHY (Prop_phaser_in_phy_ICLK_ICLKDIV)
                                                      0.090     3.198 r  cnn_accelerator_system_i/mig_7series_0/u_cnn_accelerator_system_mig_7series_0_0_mig/u_memc_ui_top_axi/mem_intfc0/ddr_phy_top0/u_ddr_mc_phy_wrapper/u_ddr_mc_phy/ddr_phy_4lanes_0.u_ddr_phy_4lanes/ddr_byte_lane_D.ddr_byte_lane_D/phaser_in_gen.phaser_in/ICLKDIV
  -------------------------------------------------------------------    -------------------
    PHASER_IN_PHY_X1Y7   PHASER_IN_PHY (Prop_phaser_in_phy_ICLKDIV_WRENABLE)
                                                      0.058     3.256 r  cnn_accelerator_system_i/mig_7series_0/u_cnn_accelerator_system_mig_7series_0_0_mig/u_memc_ui_top_axi/mem_intfc0/ddr_phy_top0/u_ddr_mc_phy_wrapper/u_ddr_mc_phy/ddr_phy_4lanes_0.u_ddr_phy_4lanes/ddr_byte_lane_D.ddr_byte_lane_D/phaser_in_gen.phaser_in/WRENABLE
                         net (fo=1, routed)           0.000     3.256    cnn_accelerator_system_i/mig_7series_0/u_cnn_accelerator_system_mig_7series_0_0_mig/u_memc_ui_top_axi/mem_intfc0/ddr_phy_top0/u_ddr_mc_phy_wrapper/u_ddr_mc_phy/ddr_phy_4lanes_0.u_ddr_phy_4lanes/ddr_byte_lane_D.ddr_byte_lane_D/ififo_wr_enable
    IN_FIFO_X1Y7         IN_FIFO                                      r  cnn_accelerator_system_i/mig_7series_0/u_cnn_accelerator_system_mig_7series_0_0_mig/u_memc_ui_top_axi/mem_intfc0/ddr_phy_top0/u_ddr_mc_phy_wrapper/u_ddr_mc_phy/ddr_phy_4lanes_0.u_ddr_phy_4lanes/ddr_byte_lane_D.ddr_byte_lane_D/in_fifo_gen.in_fifo/WREN
  -------------------------------------------------------------------    -------------------

                         (clock iserdes_clkdiv_1 rise edge)
                                                      0.000     0.000 r
    E3                                                0.000     0.000 r  CLK100MHZ (IN)
                         net (fo=0)                   0.000     0.000    CLK100MHZ
    E3                   IBUF (Prop_ibuf_I_O)         0.438     0.438 r  CLK100MHZ_IBUF_inst/O
                         net (fo=1, routed)           0.699     1.136    cnn_accelerator_system_i/util_ds_buf_0/U0/BUFG_I[0]
    BUFGCTRL_X0Y16       BUFG (Prop_bufg_I_O)         0.029     1.165 r  cnn_accelerator_system_i/util_ds_buf_0/U0/USE_BUFG.GEN_BUFG[0].BUFG_U/O
                         net (fo=2, routed)           0.835     2.000    cnn_accelerator_system_i/mig_7series_0/u_cnn_accelerator_system_mig_7series_0_0_mig/u_ddr3_infrastructure/mmcm_clk
    PLLE2_ADV_X1Y1       PLLE2_ADV (Prop_plle2_adv_CLKIN1_CLKOUT0)
                                                      0.053     2.053 r  cnn_accelerator_system_i/mig_7series_0/u_cnn_accelerator_system_mig_7series_0_0_mig/u_ddr3_infrastructure/plle2_i/CLKOUT0
                         net (fo=7, routed)           0.211     2.264    cnn_accelerator_system_i/mig_7series_0/u_cnn_accelerator_system_mig_7series_0_0_mig/u_memc_ui_top_axi/mem_intfc0/ddr_phy_top0/u_ddr_mc_phy_wrapper/u_ddr_mc_phy/ddr_phy_4lanes_0.u_ddr_phy_4lanes/ddr_byte_lane_D.ddr_byte_lane_D/freq_refclk
    PHASER_IN_PHY_X1Y7   PHASER_IN_PHY (Prop_phaser_in_phy_FREQREFCLK_ICLK)
                                                      1.406     3.669 r  cnn_accelerator_system_i/mig_7series_0/u_cnn_accelerator_system_mig_7series_0_0_mig/u_memc_ui_top_axi/mem_intfc0/ddr_phy_top0/u_ddr_mc_phy_wrapper/u_ddr_mc_phy/ddr_phy_4lanes_0.u_ddr_phy_4lanes/ddr_byte_lane_D.ddr_byte_lane_D/phaser_in_gen.phaser_in/ICLK
    PHASER_IN_PHY_X1Y7   PHASER_IN_PHY (Prop_phaser_in_phy_ICLK_ICLKDIV)
                                                      0.096     3.765 r  cnn_accelerator_system_i/mig_7series_0/u_cnn_accelerator_system_mig_7series_0_0_mig/u_memc_ui_top_axi/mem_intfc0/ddr_phy_top0/u_ddr_mc_phy_wrapper/u_ddr_mc_phy/ddr_phy_4lanes_0.u_ddr_phy_4lanes/ddr_byte_lane_D.ddr_byte_lane_D/phaser_in_gen.phaser_in/ICLKDIV
                         net (fo=9, routed)           0.000     3.765    cnn_accelerator_system_i/mig_7series_0/u_cnn_accelerator_system_mig_7series_0_0_mig/u_memc_ui_top_axi/mem_intfc0/ddr_phy_top0/u_ddr_mc_phy_wrapper/u_ddr_mc_phy/ddr_phy_4lanes_0.u_ddr_phy_4lanes/ddr_byte_lane_D.ddr_byte_lane_D/iserdes_clkdiv
    IN_FIFO_X1Y7         IN_FIFO                                      r  cnn_accelerator_system_i/mig_7series_0/u_cnn_accelerator_system_mig_7series_0_0_mig/u_memc_ui_top_axi/mem_intfc0/ddr_phy_top0/u_ddr_mc_phy_wrapper/u_ddr_mc_phy/ddr_phy_4lanes_0.u_ddr_phy_4lanes/ddr_byte_lane_D.ddr_byte_lane_D/in_fifo_gen.in_fifo/WRCLK
                         clock pessimism             -0.567     3.198
    IN_FIFO_X1Y7         IN_FIFO (Hold_in_fifo_WRCLK_WREN)
                                                     -0.013     3.185    cnn_accelerator_system_i/mig_7series_0/u_cnn_accelerator_system_mig_7series_0_0_mig/u_memc_ui_top_axi/mem_intfc0/ddr_phy_top0/u_ddr_mc_phy_wrapper/u_ddr_mc_phy/ddr_phy_4lanes_0.u_ddr_phy_4lanes/ddr_byte_lane_D.ddr_byte_lane_D/in_fifo_gen.in_fifo
  -------------------------------------------------------------------
                         required time                         -3.185
                         arrival time                           3.256
  -------------------------------------------------------------------
                         slack                                  0.071





Pulse Width Checks
--------------------------------------------------------------------------------------
Clock Name:         iserdes_clkdiv_1
Waveform(ns):       { 0.000 6.154 }
Period(ns):         12.308
Sources:            { cnn_accelerator_system_i/mig_7series_0/u_cnn_accelerator_system_mig_7series_0_0_mig/u_memc_ui_top_axi/mem_intfc0/ddr_phy_top0/u_ddr_mc_phy_wrapper/u_ddr_mc_phy/ddr_phy_4lanes_0.u_ddr_phy_4lanes/ddr_byte_lane_D.ddr_byte_lane_D/phaser_in_gen.phaser_in/ICLKDIV }

Check Type        Corner  Lib Pin        Reference Pin  Required(ns)  Actual(ns)  Slack(ns)  Location      Pin
Min Period        n/a     IN_FIFO/WRCLK  n/a            5.000         12.308      7.308      IN_FIFO_X1Y7  cnn_accelerator_system_i/mig_7series_0/u_cnn_accelerator_system_mig_7series_0_0_mig/u_memc_ui_top_axi/mem_intfc0/ddr_phy_top0/u_ddr_mc_phy_wrapper/u_ddr_mc_phy/ddr_phy_4lanes_0.u_ddr_phy_4lanes/ddr_byte_lane_D.ddr_byte_lane_D/in_fifo_gen.in_fifo/WRCLK
Low Pulse Width   Slow    IN_FIFO/WRCLK  n/a            2.150         6.154       4.004      IN_FIFO_X1Y7  cnn_accelerator_system_i/mig_7series_0/u_cnn_accelerator_system_mig_7series_0_0_mig/u_memc_ui_top_axi/mem_intfc0/ddr_phy_top0/u_ddr_mc_phy_wrapper/u_ddr_mc_phy/ddr_phy_4lanes_0.u_ddr_phy_4lanes/ddr_byte_lane_D.ddr_byte_lane_D/in_fifo_gen.in_fifo/WRCLK
High Pulse Width  Slow    IN_FIFO/WRCLK  n/a            2.150         6.154       4.004      IN_FIFO_X1Y7  cnn_accelerator_system_i/mig_7series_0/u_cnn_accelerator_system_mig_7series_0_0_mig/u_memc_ui_top_axi/mem_intfc0/ddr_phy_top0/u_ddr_mc_phy_wrapper/u_ddr_mc_phy/ddr_phy_4lanes_0.u_ddr_phy_4lanes/ddr_byte_lane_D.ddr_byte_lane_D/in_fifo_gen.in_fifo/WRCLK



---------------------------------------------------------------------------------------------------
From Clock:  mem_refclk
  To Clock:  mem_refclk

Setup :            0  Failing Endpoints,  Worst Slack        1.917ns,  Total Violation        0.000ns
Hold  :            0  Failing Endpoints,  Worst Slack        0.336ns,  Total Violation        0.000ns
PW    :            0  Failing Endpoints,  Worst Slack        0.913ns,  Total Violation        0.000ns
---------------------------------------------------------------------------------------------------


Max Delay Paths
--------------------------------------------------------------------------------------
Slack (MET) :             1.917ns  (required time - arrival time)
  Source:                 cnn_accelerator_system_i/mig_7series_0/u_cnn_accelerator_system_mig_7series_0_0_mig/u_memc_ui_top_axi/mem_intfc0/ddr_phy_top0/u_ddr_mc_phy_wrapper/u_ddr_mc_phy/ddr_phy_4lanes_0.u_ddr_phy_4lanes/phy_control_i/MEMREFCLK
                            (rising edge-triggered cell PHY_CONTROL clocked by mem_refclk  {rise@0.000ns fall@1.538ns period=3.077ns})
  Destination:            cnn_accelerator_system_i/mig_7series_0/u_cnn_accelerator_system_mig_7series_0_0_mig/u_memc_ui_top_axi/mem_intfc0/ddr_phy_top0/u_ddr_mc_phy_wrapper/u_ddr_mc_phy/ddr_phy_4lanes_0.u_ddr_phy_4lanes/phy_control_i/PHYCTLMSTREMPTY
                            (rising edge-triggered cell PHY_CONTROL clocked by mem_refclk  {rise@0.000ns fall@1.538ns period=3.077ns})
  Path Group:             mem_refclk
  Path Type:              Setup (Max at Slow Process Corner)
  Requirement:            3.077ns  (mem_refclk rise@3.077ns - mem_refclk rise@0.000ns)
  Data Path Delay:        1.093ns  (logic 0.622ns (56.908%)  route 0.471ns (43.092%))
  Logic Levels:           0
  Clock Path Skew:        0.000ns (DCD - SCD + CPR)
    Destination Clock Delay (DCD):    5.639ns = ( 8.716 - 3.077 )
    Source Clock Delay      (SCD):    5.978ns
    Clock Pessimism Removal (CPR):    0.339ns
  Clock Uncertainty:      0.056ns  ((TSJ^2 + DJ^2)^1/2) / 2 + PE
    Total System Jitter     (TSJ):    0.071ns
    Discrete Jitter          (DJ):    0.087ns
    Phase Error              (PE):    0.000ns

    Location             Delay type                Incr(ns)  Path(ns)    Netlist Resource(s)
  -------------------------------------------------------------------    -------------------
                         (clock mem_refclk rise edge)
                                                      0.000     0.000 r
    E3                                                0.000     0.000 r  CLK100MHZ (IN)
                         net (fo=0)                   0.000     0.000    CLK100MHZ
    E3                   IBUF (Prop_ibuf_I_O)         1.482     1.482 r  CLK100MHZ_IBUF_inst/O
                         net (fo=1, routed)           2.025     3.506    cnn_accelerator_system_i/util_ds_buf_0/U0/BUFG_I[0]
    BUFGCTRL_X0Y16       BUFG (Prop_bufg_I_O)         0.096     3.602 r  cnn_accelerator_system_i/util_ds_buf_0/U0/USE_BUFG.GEN_BUFG[0].BUFG_U/O
                         net (fo=2, routed)           1.666     5.269    cnn_accelerator_system_i/mig_7series_0/u_cnn_accelerator_system_mig_7series_0_0_mig/u_ddr3_infrastructure/mmcm_clk
    PLLE2_ADV_X1Y1       PLLE2_ADV (Prop_plle2_adv_CLKIN1_CLKOUT1)
                                                      0.088     5.357 r  cnn_accelerator_system_i/mig_7series_0/u_cnn_accelerator_system_mig_7series_0_0_mig/u_ddr3_infrastructure/plle2_i/CLKOUT1
                         net (fo=7, routed)           0.621     5.978    cnn_accelerator_system_i/mig_7series_0/u_cnn_accelerator_system_mig_7series_0_0_mig/u_memc_ui_top_axi/mem_intfc0/ddr_phy_top0/u_ddr_mc_phy_wrapper/u_ddr_mc_phy/ddr_phy_4lanes_0.u_ddr_phy_4lanes/mem_refclk
    PHY_CONTROL_X1Y1     PHY_CONTROL                                  r  cnn_accelerator_system_i/mig_7series_0/u_cnn_accelerator_system_mig_7series_0_0_mig/u_memc_ui_top_axi/mem_intfc0/ddr_phy_top0/u_ddr_mc_phy_wrapper/u_ddr_mc_phy/ddr_phy_4lanes_0.u_ddr_phy_4lanes/phy_control_i/MEMREFCLK
  -------------------------------------------------------------------    -------------------
    PHY_CONTROL_X1Y1     PHY_CONTROL (Prop_phy_control_MEMREFCLK_PHYCTLEMPTY)
                                                      0.622     6.600 r  cnn_accelerator_system_i/mig_7series_0/u_cnn_accelerator_system_mig_7series_0_0_mig/u_memc_ui_top_axi/mem_intfc0/ddr_phy_top0/u_ddr_mc_phy_wrapper/u_ddr_mc_phy/ddr_phy_4lanes_0.u_ddr_phy_4lanes/phy_control_i/PHYCTLEMPTY
                         net (fo=1, routed)           0.471     7.071    cnn_accelerator_system_i/mig_7series_0/u_cnn_accelerator_system_mig_7series_0_0_mig/u_memc_ui_top_axi/mem_intfc0/ddr_phy_top0/u_ddr_mc_phy_wrapper/u_ddr_mc_phy/ddr_phy_4lanes_0.u_ddr_phy_4lanes/phy_control_i_n_1
    PHY_CONTROL_X1Y1     PHY_CONTROL                                  r  cnn_accelerator_system_i/mig_7series_0/u_cnn_accelerator_system_mig_7series_0_0_mig/u_memc_ui_top_axi/mem_intfc0/ddr_phy_top0/u_ddr_mc_phy_wrapper/u_ddr_mc_phy/ddr_phy_4lanes_0.u_ddr_phy_4lanes/phy_control_i/PHYCTLMSTREMPTY
  -------------------------------------------------------------------    -------------------

                         (clock mem_refclk rise edge)
                                                      3.077     3.077 r
    E3                                                0.000     3.077 r  CLK100MHZ (IN)
                         net (fo=0)                   0.000     3.077    CLK100MHZ
    E3                   IBUF (Prop_ibuf_I_O)         1.411     4.488 r  CLK100MHZ_IBUF_inst/O
                         net (fo=1, routed)           1.920     6.408    cnn_accelerator_system_i/util_ds_buf_0/U0/BUFG_I[0]
    BUFGCTRL_X0Y16       BUFG (Prop_bufg_I_O)         0.091     6.499 r  cnn_accelerator_system_i/util_ds_buf_0/U0/USE_BUFG.GEN_BUFG[0].BUFG_U/O
                         net (fo=2, routed)           1.544     8.044    cnn_accelerator_system_i/mig_7series_0/u_cnn_accelerator_system_mig_7series_0_0_mig/u_ddr3_infrastructure/mmcm_clk
    PLLE2_ADV_X1Y1       PLLE2_ADV (Prop_plle2_adv_CLKIN1_CLKOUT1)
                                                      0.083     8.127 r  cnn_accelerator_system_i/mig_7series_0/u_cnn_accelerator_system_mig_7series_0_0_mig/u_ddr3_infrastructure/plle2_i/CLKOUT1
                         net (fo=7, routed)           0.589     8.716    cnn_accelerator_system_i/mig_7series_0/u_cnn_accelerator_system_mig_7series_0_0_mig/u_memc_ui_top_axi/mem_intfc0/ddr_phy_top0/u_ddr_mc_phy_wrapper/u_ddr_mc_phy/ddr_phy_4lanes_0.u_ddr_phy_4lanes/mem_refclk
    PHY_CONTROL_X1Y1     PHY_CONTROL                                  r  cnn_accelerator_system_i/mig_7series_0/u_cnn_accelerator_system_mig_7series_0_0_mig/u_memc_ui_top_axi/mem_intfc0/ddr_phy_top0/u_ddr_mc_phy_wrapper/u_ddr_mc_phy/ddr_phy_4lanes_0.u_ddr_phy_4lanes/phy_control_i/MEMREFCLK
                         clock pessimism              0.339     9.055
                         clock uncertainty           -0.056     8.999
    PHY_CONTROL_X1Y1     PHY_CONTROL (Setup_phy_control_MEMREFCLK_PHYCTLMSTREMPTY)
                                                     -0.011     8.988    cnn_accelerator_system_i/mig_7series_0/u_cnn_accelerator_system_mig_7series_0_0_mig/u_memc_ui_top_axi/mem_intfc0/ddr_phy_top0/u_ddr_mc_phy_wrapper/u_ddr_mc_phy/ddr_phy_4lanes_0.u_ddr_phy_4lanes/phy_control_i
  -------------------------------------------------------------------
                         required time                          8.988
                         arrival time                          -7.071
  -------------------------------------------------------------------
                         slack                                  1.917





Min Delay Paths
--------------------------------------------------------------------------------------
Slack (MET) :             0.336ns  (arrival time - required time)
  Source:                 cnn_accelerator_system_i/mig_7series_0/u_cnn_accelerator_system_mig_7series_0_0_mig/u_memc_ui_top_axi/mem_intfc0/ddr_phy_top0/u_ddr_mc_phy_wrapper/u_ddr_mc_phy/ddr_phy_4lanes_0.u_ddr_phy_4lanes/phy_control_i/MEMREFCLK
                            (rising edge-triggered cell PHY_CONTROL clocked by mem_refclk  {rise@0.000ns fall@1.538ns period=3.077ns})
  Destination:            cnn_accelerator_system_i/mig_7series_0/u_cnn_accelerator_system_mig_7series_0_0_mig/u_memc_ui_top_axi/mem_intfc0/ddr_phy_top0/u_ddr_mc_phy_wrapper/u_ddr_mc_phy/ddr_phy_4lanes_0.u_ddr_phy_4lanes/phy_control_i/PHYCTLMSTREMPTY
                            (rising edge-triggered cell PHY_CONTROL clocked by mem_refclk  {rise@0.000ns fall@1.538ns period=3.077ns})
  Path Group:             mem_refclk
  Path Type:              Hold (Min at Fast Process Corner)
  Requirement:            0.000ns  (mem_refclk rise@0.000ns - mem_refclk rise@0.000ns)
  Data Path Delay:        0.459ns  (logic 0.313ns (68.192%)  route 0.146ns (31.808%))
  Logic Levels:           0
  Clock Path Skew:        0.000ns (DCD - SCD - CPR)
    Destination Clock Delay (DCD):    2.268ns
    Source Clock Delay      (SCD):    1.730ns
    Clock Pessimism Removal (CPR):    0.537ns

    Location             Delay type                Incr(ns)  Path(ns)    Netlist Resource(s)
  -------------------------------------------------------------------    -------------------
                         (clock mem_refclk rise edge)
                                                      0.000     0.000 r
    E3                                                0.000     0.000 r  CLK100MHZ (IN)
                         net (fo=0)                   0.000     0.000    CLK100MHZ
    E3                   IBUF (Prop_ibuf_I_O)         0.250     0.250 r  CLK100MHZ_IBUF_inst/O
                         net (fo=1, routed)           0.644     0.894    cnn_accelerator_system_i/util_ds_buf_0/U0/BUFG_I[0]
    BUFGCTRL_X0Y16       BUFG (Prop_bufg_I_O)         0.026     0.920 r  cnn_accelerator_system_i/util_ds_buf_0/U0/USE_BUFG.GEN_BUFG[0].BUFG_U/O
                         net (fo=2, routed)           0.566     1.485    cnn_accelerator_system_i/mig_7series_0/u_cnn_accelerator_system_mig_7series_0_0_mig/u_ddr3_infrastructure/mmcm_clk
    PLLE2_ADV_X1Y1       PLLE2_ADV (Prop_plle2_adv_CLKIN1_CLKOUT1)
                                                      0.050     1.535 r  cnn_accelerator_system_i/mig_7series_0/u_cnn_accelerator_system_mig_7series_0_0_mig/u_ddr3_infrastructure/plle2_i/CLKOUT1
                         net (fo=7, routed)           0.195     1.730    cnn_accelerator_system_i/mig_7series_0/u_cnn_accelerator_system_mig_7series_0_0_mig/u_memc_ui_top_axi/mem_intfc0/ddr_phy_top0/u_ddr_mc_phy_wrapper/u_ddr_mc_phy/ddr_phy_4lanes_0.u_ddr_phy_4lanes/mem_refclk
    PHY_CONTROL_X1Y1     PHY_CONTROL                                  r  cnn_accelerator_system_i/mig_7series_0/u_cnn_accelerator_system_mig_7series_0_0_mig/u_memc_ui_top_axi/mem_intfc0/ddr_phy_top0/u_ddr_mc_phy_wrapper/u_ddr_mc_phy/ddr_phy_4lanes_0.u_ddr_phy_4lanes/phy_control_i/MEMREFCLK
  -------------------------------------------------------------------    -------------------
    PHY_CONTROL_X1Y1     PHY_CONTROL (Prop_phy_control_MEMREFCLK_PHYCTLEMPTY)
                                                      0.313     2.043 r  cnn_accelerator_system_i/mig_7series_0/u_cnn_accelerator_system_mig_7series_0_0_mig/u_memc_ui_top_axi/mem_intfc0/ddr_phy_top0/u_ddr_mc_phy_wrapper/u_ddr_mc_phy/ddr_phy_4lanes_0.u_ddr_phy_4lanes/phy_control_i/PHYCTLEMPTY
                         net (fo=1, routed)           0.146     2.189    cnn_accelerator_system_i/mig_7series_0/u_cnn_accelerator_system_mig_7series_0_0_mig/u_memc_ui_top_axi/mem_intfc0/ddr_phy_top0/u_ddr_mc_phy_wrapper/u_ddr_mc_phy/ddr_phy_4lanes_0.u_ddr_phy_4lanes/phy_control_i_n_1
    PHY_CONTROL_X1Y1     PHY_CONTROL                                  r  cnn_accelerator_system_i/mig_7series_0/u_cnn_accelerator_system_mig_7series_0_0_mig/u_memc_ui_top_axi/mem_intfc0/ddr_phy_top0/u_ddr_mc_phy_wrapper/u_ddr_mc_phy/ddr_phy_4lanes_0.u_ddr_phy_4lanes/phy_control_i/PHYCTLMSTREMPTY
  -------------------------------------------------------------------    -------------------

                         (clock mem_refclk rise edge)
                                                      0.000     0.000 r
    E3                                                0.000     0.000 r  CLK100MHZ (IN)
                         net (fo=0)                   0.000     0.000    CLK100MHZ
    E3                   IBUF (Prop_ibuf_I_O)         0.438     0.438 r  CLK100MHZ_IBUF_inst/O
                         net (fo=1, routed)           0.699     1.136    cnn_accelerator_system_i/util_ds_buf_0/U0/BUFG_I[0]
    BUFGCTRL_X0Y16       BUFG (Prop_bufg_I_O)         0.029     1.165 r  cnn_accelerator_system_i/util_ds_buf_0/U0/USE_BUFG.GEN_BUFG[0].BUFG_U/O
                         net (fo=2, routed)           0.835     2.000    cnn_accelerator_system_i/mig_7series_0/u_cnn_accelerator_system_mig_7series_0_0_mig/u_ddr3_infrastructure/mmcm_clk
    PLLE2_ADV_X1Y1       PLLE2_ADV (Prop_plle2_adv_CLKIN1_CLKOUT1)
                                                      0.053     2.053 r  cnn_accelerator_system_i/mig_7series_0/u_cnn_accelerator_system_mig_7series_0_0_mig/u_ddr3_infrastructure/plle2_i/CLKOUT1
                         net (fo=7, routed)           0.215     2.268    cnn_accelerator_system_i/mig_7series_0/u_cnn_accelerator_system_mig_7series_0_0_mig/u_memc_ui_top_axi/mem_intfc0/ddr_phy_top0/u_ddr_mc_phy_wrapper/u_ddr_mc_phy/ddr_phy_4lanes_0.u_ddr_phy_4lanes/mem_refclk
    PHY_CONTROL_X1Y1     PHY_CONTROL                                  r  cnn_accelerator_system_i/mig_7series_0/u_cnn_accelerator_system_mig_7series_0_0_mig/u_memc_ui_top_axi/mem_intfc0/ddr_phy_top0/u_ddr_mc_phy_wrapper/u_ddr_mc_phy/ddr_phy_4lanes_0.u_ddr_phy_4lanes/phy_control_i/MEMREFCLK
                         clock pessimism             -0.537     1.730
    PHY_CONTROL_X1Y1     PHY_CONTROL (Hold_phy_control_MEMREFCLK_PHYCTLMSTREMPTY)
                                                      0.123     1.853    cnn_accelerator_system_i/mig_7series_0/u_cnn_accelerator_system_mig_7series_0_0_mig/u_memc_ui_top_axi/mem_intfc0/ddr_phy_top0/u_ddr_mc_phy_wrapper/u_ddr_mc_phy/ddr_phy_4lanes_0.u_ddr_phy_4lanes/phy_control_i
  -------------------------------------------------------------------
                         required time                         -1.853
                         arrival time                           2.189
  -------------------------------------------------------------------
                         slack                                  0.336





Pulse Width Checks
--------------------------------------------------------------------------------------
Clock Name:         mem_refclk
Waveform(ns):       { 0.000 1.538 }
Period(ns):         3.077
Sources:            { cnn_accelerator_system_i/mig_7series_0/u_cnn_accelerator_system_mig_7series_0_0_mig/u_ddr3_infrastructure/plle2_i/CLKOUT1 }

Check Type        Corner  Lib Pin                Reference Pin  Required(ns)  Actual(ns)  Slack(ns)  Location          Pin
Min Period        n/a     PHY_CONTROL/MEMREFCLK  n/a            1.475         3.077       1.602      PHY_CONTROL_X1Y1  cnn_accelerator_system_i/mig_7series_0/u_cnn_accelerator_system_mig_7series_0_0_mig/u_memc_ui_top_axi/mem_intfc0/ddr_phy_top0/u_ddr_mc_phy_wrapper/u_ddr_mc_phy/ddr_phy_4lanes_0.u_ddr_phy_4lanes/phy_control_i/MEMREFCLK
Max Period        n/a     PLLE2_ADV/CLKOUT1      n/a            160.000       3.077       156.923    PLLE2_ADV_X1Y1    cnn_accelerator_system_i/mig_7series_0/u_cnn_accelerator_system_mig_7series_0_0_mig/u_ddr3_infrastructure/plle2_i/CLKOUT1
Low Pulse Width   Slow    PHY_CONTROL/MEMREFCLK  n/a            0.625         1.538       0.913      PHY_CONTROL_X1Y1  cnn_accelerator_system_i/mig_7series_0/u_cnn_accelerator_system_mig_7series_0_0_mig/u_memc_ui_top_axi/mem_intfc0/ddr_phy_top0/u_ddr_mc_phy_wrapper/u_ddr_mc_phy/ddr_phy_4lanes_0.u_ddr_phy_4lanes/phy_control_i/MEMREFCLK
High Pulse Width  Slow    PHY_CONTROL/MEMREFCLK  n/a            0.625         1.538       0.913      PHY_CONTROL_X1Y1  cnn_accelerator_system_i/mig_7series_0/u_cnn_accelerator_system_mig_7series_0_0_mig/u_memc_ui_top_axi/mem_intfc0/ddr_phy_top0/u_ddr_mc_phy_wrapper/u_ddr_mc_phy/ddr_phy_4lanes_0.u_ddr_phy_4lanes/phy_control_i/MEMREFCLK



---------------------------------------------------------------------------------------------------
From Clock:  oserdes_clk
  To Clock:  oserdes_clk

Setup :           NA  Failing Endpoints,  Worst Slack           NA  ,  Total Violation           NA
Hold  :           NA  Failing Endpoints,  Worst Slack           NA  ,  Total Violation           NA
PW    :            0  Failing Endpoints,  Worst Slack        1.410ns,  Total Violation        0.000ns
---------------------------------------------------------------------------------------------------


Pulse Width Checks
--------------------------------------------------------------------------------------
Clock Name:         oserdes_clk
Waveform(ns):       { 0.000 1.538 }
Period(ns):         3.077
Sources:            { cnn_accelerator_system_i/mig_7series_0/u_cnn_accelerator_system_mig_7series_0_0_mig/u_memc_ui_top_axi/mem_intfc0/ddr_phy_top0/u_ddr_mc_phy_wrapper/u_ddr_mc_phy/ddr_phy_4lanes_0.u_ddr_phy_4lanes/ddr_byte_lane_A.ddr_byte_lane_A/phaser_out/OCLK }

Check Type  Corner  Lib Pin        Reference Pin  Required(ns)  Actual(ns)  Slack(ns)  Location      Pin
Min Period  n/a     OSERDESE2/CLK  n/a            1.667         3.077       1.410      OLOGIC_X1Y51  cnn_accelerator_system_i/mig_7series_0/u_cnn_accelerator_system_mig_7series_0_0_mig/u_memc_ui_top_axi/mem_intfc0/ddr_phy_top0/u_ddr_mc_phy_wrapper/u_ddr_mc_phy/ddr_phy_4lanes_0.u_ddr_phy_4lanes/ddr_byte_lane_A.ddr_byte_lane_A/ddr_byte_group_io/output_[0].oserdes_dq_.sdr.oserdes_dq_i/CLK



---------------------------------------------------------------------------------------------------
From Clock:  oserdes_clkdiv
  To Clock:  oserdes_clkdiv

Setup :            0  Failing Endpoints,  Worst Slack       10.357ns,  Total Violation        0.000ns
Hold  :            0  Failing Endpoints,  Worst Slack        0.090ns,  Total Violation        0.000ns
PW    :            0  Failing Endpoints,  Worst Slack        4.004ns,  Total Violation        0.000ns
---------------------------------------------------------------------------------------------------


Max Delay Paths
--------------------------------------------------------------------------------------
Slack (MET) :             10.357ns  (required time - arrival time)
  Source:                 cnn_accelerator_system_i/mig_7series_0/u_cnn_accelerator_system_mig_7series_0_0_mig/u_memc_ui_top_axi/mem_intfc0/ddr_phy_top0/u_ddr_mc_phy_wrapper/u_ddr_mc_phy/ddr_phy_4lanes_0.u_ddr_phy_4lanes/ddr_byte_lane_A.ddr_byte_lane_A/out_fifo/RDCLK
                            (rising edge-triggered cell OUT_FIFO clocked by oserdes_clkdiv  {rise@0.000ns fall@6.154ns period=12.308ns})
  Destination:            cnn_accelerator_system_i/mig_7series_0/u_cnn_accelerator_system_mig_7series_0_0_mig/u_memc_ui_top_axi/mem_intfc0/ddr_phy_top0/u_ddr_mc_phy_wrapper/u_ddr_mc_phy/ddr_phy_4lanes_0.u_ddr_phy_4lanes/ddr_byte_lane_A.ddr_byte_lane_A/ddr_byte_group_io/output_[11].oserdes_dq_.sdr.oserdes_dq_i/D4
                            (rising edge-triggered cell OSERDESE2 clocked by oserdes_clkdiv  {rise@0.000ns fall@6.154ns period=12.308ns})
  Path Group:             oserdes_clkdiv
  Path Type:              Setup (Max at Slow Process Corner)
  Requirement:            12.308ns  (oserdes_clkdiv rise@12.308ns - oserdes_clkdiv rise@0.000ns)
  Data Path Delay:        1.681ns  (logic 0.674ns (40.087%)  route 1.007ns (59.913%))
  Logic Levels:           0
  Clock Path Skew:        0.412ns (DCD - SCD + CPR)
    Destination Clock Delay (DCD):    8.608ns = ( 20.915 - 12.308 )
    Source Clock Delay      (SCD):    8.608ns
    Clock Pessimism Removal (CPR):    0.412ns
  Clock Uncertainty:      0.056ns  ((TSJ^2 + DJ^2)^1/2) / 2 + PE
    Total System Jitter     (TSJ):    0.071ns
    Discrete Jitter          (DJ):    0.087ns
    Phase Error              (PE):    0.000ns

    Location             Delay type                Incr(ns)  Path(ns)    Netlist Resource(s)
  -------------------------------------------------------------------    -------------------
                         (clock oserdes_clkdiv rise edge)
                                                      0.000     0.000 r
    E3                                                0.000     0.000 r  CLK100MHZ (IN)
                         net (fo=0)                   0.000     0.000    CLK100MHZ
    E3                   IBUF (Prop_ibuf_I_O)         1.482     1.482 r  CLK100MHZ_IBUF_inst/O
                         net (fo=1, routed)           2.025     3.506    cnn_accelerator_system_i/util_ds_buf_0/U0/BUFG_I[0]
    BUFGCTRL_X0Y16       BUFG (Prop_bufg_I_O)         0.096     3.602 r  cnn_accelerator_system_i/util_ds_buf_0/U0/USE_BUFG.GEN_BUFG[0].BUFG_U/O
                         net (fo=2, routed)           1.666     5.269    cnn_accelerator_system_i/mig_7series_0/u_cnn_accelerator_system_mig_7series_0_0_mig/u_ddr3_infrastructure/mmcm_clk
    PLLE2_ADV_X1Y1       PLLE2_ADV (Prop_plle2_adv_CLKIN1_CLKOUT1)
                                                      0.088     5.357 r  cnn_accelerator_system_i/mig_7series_0/u_cnn_accelerator_system_mig_7series_0_0_mig/u_ddr3_infrastructure/plle2_i/CLKOUT1
                         net (fo=7, routed)           0.614     5.971    cnn_accelerator_system_i/mig_7series_0/u_cnn_accelerator_system_mig_7series_0_0_mig/u_memc_ui_top_axi/mem_intfc0/ddr_phy_top0/u_ddr_mc_phy_wrapper/u_ddr_mc_phy/ddr_phy_4lanes_0.u_ddr_phy_4lanes/ddr_byte_lane_A.ddr_byte_lane_A/mem_refclk
    PHASER_OUT_PHY_X1Y4  PHASER_OUT_PHY (Prop_phaser_out_phy_MEMREFCLK_OCLK)
                                                      2.480     8.451 r  cnn_accelerator_system_i/mig_7series_0/u_cnn_accelerator_system_mig_7series_0_0_mig/u_memc_ui_top_axi/mem_intfc0/ddr_phy_top0/u_ddr_mc_phy_wrapper/u_ddr_mc_phy/ddr_phy_4lanes_0.u_ddr_phy_4lanes/ddr_byte_lane_A.ddr_byte_lane_A/phaser_out/OCLK
    PHASER_OUT_PHY_X1Y4  PHASER_OUT_PHY (Prop_phaser_out_phy_OCLK_OCLKDIV)
                                                      0.157     8.608 r  cnn_accelerator_system_i/mig_7series_0/u_cnn_accelerator_system_mig_7series_0_0_mig/u_memc_ui_top_axi/mem_intfc0/ddr_phy_top0/u_ddr_mc_phy_wrapper/u_ddr_mc_phy/ddr_phy_4lanes_0.u_ddr_phy_4lanes/ddr_byte_lane_A.ddr_byte_lane_A/phaser_out/OCLKDIV
                         net (fo=12, routed)          0.000     8.608    cnn_accelerator_system_i/mig_7series_0/u_cnn_accelerator_system_mig_7series_0_0_mig/u_memc_ui_top_axi/mem_intfc0/ddr_phy_top0/u_ddr_mc_phy_wrapper/u_ddr_mc_phy/ddr_phy_4lanes_0.u_ddr_phy_4lanes/ddr_byte_lane_A.ddr_byte_lane_A/oserdes_clkdiv
    OUT_FIFO_X1Y4        OUT_FIFO                                     r  cnn_accelerator_system_i/mig_7series_0/u_cnn_accelerator_system_mig_7series_0_0_mig/u_memc_ui_top_axi/mem_intfc0/ddr_phy_top0/u_ddr_mc_phy_wrapper/u_ddr_mc_phy/ddr_phy_4lanes_0.u_ddr_phy_4lanes/ddr_byte_lane_A.ddr_byte_lane_A/out_fifo/RDCLK
  -------------------------------------------------------------------    -------------------
    OUT_FIFO_X1Y4        OUT_FIFO (Prop_out_fifo_RDCLK_Q6[7])
                                                      0.674     9.282 r  cnn_accelerator_system_i/mig_7series_0/u_cnn_accelerator_system_mig_7series_0_0_mig/u_memc_ui_top_axi/mem_intfc0/ddr_phy_top0/u_ddr_mc_phy_wrapper/u_ddr_mc_phy/ddr_phy_4lanes_0.u_ddr_phy_4lanes/ddr_byte_lane_A.ddr_byte_lane_A/out_fifo/Q6[7]
                         net (fo=1, routed)           1.007    10.289    cnn_accelerator_system_i/mig_7series_0/u_cnn_accelerator_system_mig_7series_0_0_mig/u_memc_ui_top_axi/mem_intfc0/ddr_phy_top0/u_ddr_mc_phy_wrapper/u_ddr_mc_phy/ddr_phy_4lanes_0.u_ddr_phy_4lanes/ddr_byte_lane_A.ddr_byte_lane_A/ddr_byte_group_io/oserdes_dq[43]
    OLOGIC_X1Y50         OSERDESE2                                    r  cnn_accelerator_system_i/mig_7series_0/u_cnn_accelerator_system_mig_7series_0_0_mig/u_memc_ui_top_axi/mem_intfc0/ddr_phy_top0/u_ddr_mc_phy_wrapper/u_ddr_mc_phy/ddr_phy_4lanes_0.u_ddr_phy_4lanes/ddr_byte_lane_A.ddr_byte_lane_A/ddr_byte_group_io/output_[11].oserdes_dq_.sdr.oserdes_dq_i/D4
  -------------------------------------------------------------------    -------------------

                         (clock oserdes_clkdiv rise edge)
                                                     12.308    12.308 r
    E3                                                0.000    12.308 r  CLK100MHZ (IN)
                         net (fo=0)                   0.000    12.308    CLK100MHZ
    E3                   IBUF (Prop_ibuf_I_O)         1.411    13.719 r  CLK100MHZ_IBUF_inst/O
                         net (fo=1, routed)           1.920    15.639    cnn_accelerator_system_i/util_ds_buf_0/U0/BUFG_I[0]
    BUFGCTRL_X0Y16       BUFG (Prop_bufg_I_O)         0.091    15.730 r  cnn_accelerator_system_i/util_ds_buf_0/U0/USE_BUFG.GEN_BUFG[0].BUFG_U/O
                         net (fo=2, routed)           1.544    17.274    cnn_accelerator_system_i/mig_7series_0/u_cnn_accelerator_system_mig_7series_0_0_mig/u_ddr3_infrastructure/mmcm_clk
    PLLE2_ADV_X1Y1       PLLE2_ADV (Prop_plle2_adv_CLKIN1_CLKOUT1)
                                                      0.083    17.357 r  cnn_accelerator_system_i/mig_7series_0/u_cnn_accelerator_system_mig_7series_0_0_mig/u_ddr3_infrastructure/plle2_i/CLKOUT1
                         net (fo=7, routed)           0.582    17.939    cnn_accelerator_system_i/mig_7series_0/u_cnn_accelerator_system_mig_7series_0_0_mig/u_memc_ui_top_axi/mem_intfc0/ddr_phy_top0/u_ddr_mc_phy_wrapper/u_ddr_mc_phy/ddr_phy_4lanes_0.u_ddr_phy_4lanes/ddr_byte_lane_A.ddr_byte_lane_A/mem_refclk
    PHASER_OUT_PHY_X1Y4  PHASER_OUT_PHY (Prop_phaser_out_phy_MEMREFCLK_OCLK)
                                                      2.416    20.355 r  cnn_accelerator_system_i/mig_7series_0/u_cnn_accelerator_system_mig_7series_0_0_mig/u_memc_ui_top_axi/mem_intfc0/ddr_phy_top0/u_ddr_mc_phy_wrapper/u_ddr_mc_phy/ddr_phy_4lanes_0.u_ddr_phy_4lanes/ddr_byte_lane_A.ddr_byte_lane_A/phaser_out/OCLK
    PHASER_OUT_PHY_X1Y4  PHASER_OUT_PHY (Prop_phaser_out_phy_OCLK_OCLKDIV)
                                                      0.148    20.503 r  cnn_accelerator_system_i/mig_7series_0/u_cnn_accelerator_system_mig_7series_0_0_mig/u_memc_ui_top_axi/mem_intfc0/ddr_phy_top0/u_ddr_mc_phy_wrapper/u_ddr_mc_phy/ddr_phy_4lanes_0.u_ddr_phy_4lanes/ddr_byte_lane_A.ddr_byte_lane_A/phaser_out/OCLKDIV
                         net (fo=12, routed)          0.412    20.915    cnn_accelerator_system_i/mig_7series_0/u_cnn_accelerator_system_mig_7series_0_0_mig/u_memc_ui_top_axi/mem_intfc0/ddr_phy_top0/u_ddr_mc_phy_wrapper/u_ddr_mc_phy/ddr_phy_4lanes_0.u_ddr_phy_4lanes/ddr_byte_lane_A.ddr_byte_lane_A/ddr_byte_group_io/oserdes_clkdiv
    OLOGIC_X1Y50         OSERDESE2                                    r  cnn_accelerator_system_i/mig_7series_0/u_cnn_accelerator_system_mig_7series_0_0_mig/u_memc_ui_top_axi/mem_intfc0/ddr_phy_top0/u_ddr_mc_phy_wrapper/u_ddr_mc_phy/ddr_phy_4lanes_0.u_ddr_phy_4lanes/ddr_byte_lane_A.ddr_byte_lane_A/ddr_byte_group_io/output_[11].oserdes_dq_.sdr.oserdes_dq_i/CLKDIV
                         clock pessimism              0.412    21.327
                         clock uncertainty           -0.056    21.272
    OLOGIC_X1Y50         OSERDESE2 (Setup_oserdese2_CLKDIV_D4)
                                                     -0.625    20.647    cnn_accelerator_system_i/mig_7series_0/u_cnn_accelerator_system_mig_7series_0_0_mig/u_memc_ui_top_axi/mem_intfc0/ddr_phy_top0/u_ddr_mc_phy_wrapper/u_ddr_mc_phy/ddr_phy_4lanes_0.u_ddr_phy_4lanes/ddr_byte_lane_A.ddr_byte_lane_A/ddr_byte_group_io/output_[11].oserdes_dq_.sdr.oserdes_dq_i
  -------------------------------------------------------------------
                         required time                         20.647
                         arrival time                         -10.289
  -------------------------------------------------------------------
                         slack                                 10.357





Min Delay Paths
--------------------------------------------------------------------------------------
Slack (MET) :             0.090ns  (arrival time - required time)
  Source:                 cnn_accelerator_system_i/mig_7series_0/u_cnn_accelerator_system_mig_7series_0_0_mig/u_memc_ui_top_axi/mem_intfc0/ddr_phy_top0/u_ddr_mc_phy_wrapper/u_ddr_mc_phy/ddr_phy_4lanes_0.u_ddr_phy_4lanes/ddr_byte_lane_A.ddr_byte_lane_A/out_fifo/RDCLK
                            (rising edge-triggered cell OUT_FIFO clocked by oserdes_clkdiv  {rise@0.000ns fall@6.154ns period=12.308ns})
  Destination:            cnn_accelerator_system_i/mig_7series_0/u_cnn_accelerator_system_mig_7series_0_0_mig/u_memc_ui_top_axi/mem_intfc0/ddr_phy_top0/u_ddr_mc_phy_wrapper/u_ddr_mc_phy/ddr_phy_4lanes_0.u_ddr_phy_4lanes/ddr_byte_lane_A.ddr_byte_lane_A/ddr_byte_group_io/output_[2].oserdes_dq_.sdr.oserdes_dq_i/D2
                            (rising edge-triggered cell OSERDESE2 clocked by oserdes_clkdiv  {rise@0.000ns fall@6.154ns period=12.308ns})
  Path Group:             oserdes_clkdiv
  Path Type:              Hold (Min at Fast Process Corner)
  Requirement:            0.000ns  (oserdes_clkdiv rise@0.000ns - oserdes_clkdiv rise@0.000ns)
  Data Path Delay:        0.288ns  (logic 0.138ns (47.866%)  route 0.150ns (52.134%))
  Logic Levels:           0
  Clock Path Skew:        0.179ns (DCD - SCD - CPR)
    Destination Clock Delay (DCD):    4.722ns
    Source Clock Delay      (SCD):    3.950ns
    Clock Pessimism Removal (CPR):    0.593ns

    Location             Delay type                Incr(ns)  Path(ns)    Netlist Resource(s)
  -------------------------------------------------------------------    -------------------
                         (clock oserdes_clkdiv rise edge)
                                                      0.000     0.000 r
    E3                                                0.000     0.000 r  CLK100MHZ (IN)
                         net (fo=0)                   0.000     0.000    CLK100MHZ
    E3                   IBUF (Prop_ibuf_I_O)         0.250     0.250 r  CLK100MHZ_IBUF_inst/O
                         net (fo=1, routed)           0.644     0.894    cnn_accelerator_system_i/util_ds_buf_0/U0/BUFG_I[0]
    BUFGCTRL_X0Y16       BUFG (Prop_bufg_I_O)         0.026     0.920 r  cnn_accelerator_system_i/util_ds_buf_0/U0/USE_BUFG.GEN_BUFG[0].BUFG_U/O
                         net (fo=2, routed)           0.566     1.485    cnn_accelerator_system_i/mig_7series_0/u_cnn_accelerator_system_mig_7series_0_0_mig/u_ddr3_infrastructure/mmcm_clk
    PLLE2_ADV_X1Y1       PLLE2_ADV (Prop_plle2_adv_CLKIN1_CLKOUT1)
                                                      0.050     1.535 r  cnn_accelerator_system_i/mig_7series_0/u_cnn_accelerator_system_mig_7series_0_0_mig/u_ddr3_infrastructure/plle2_i/CLKOUT1
                         net (fo=7, routed)           0.197     1.732    cnn_accelerator_system_i/mig_7series_0/u_cnn_accelerator_system_mig_7series_0_0_mig/u_memc_ui_top_axi/mem_intfc0/ddr_phy_top0/u_ddr_mc_phy_wrapper/u_ddr_mc_phy/ddr_phy_4lanes_0.u_ddr_phy_4lanes/ddr_byte_lane_A.ddr_byte_lane_A/mem_refclk
    PHASER_OUT_PHY_X1Y4  PHASER_OUT_PHY (Prop_phaser_out_phy_MEMREFCLK_OCLK)
                                                      2.135     3.867 r  cnn_accelerator_system_i/mig_7series_0/u_cnn_accelerator_system_mig_7series_0_0_mig/u_memc_ui_top_axi/mem_intfc0/ddr_phy_top0/u_ddr_mc_phy_wrapper/u_ddr_mc_phy/ddr_phy_4lanes_0.u_ddr_phy_4lanes/ddr_byte_lane_A.ddr_byte_lane_A/phaser_out/OCLK
    PHASER_OUT_PHY_X1Y4  PHASER_OUT_PHY (Prop_phaser_out_phy_OCLK_OCLKDIV)
                                                      0.083     3.950 r  cnn_accelerator_system_i/mig_7series_0/u_cnn_accelerator_system_mig_7series_0_0_mig/u_memc_ui_top_axi/mem_intfc0/ddr_phy_top0/u_ddr_mc_phy_wrapper/u_ddr_mc_phy/ddr_phy_4lanes_0.u_ddr_phy_4lanes/ddr_byte_lane_A.ddr_byte_lane_A/phaser_out/OCLKDIV
                         net (fo=12, routed)          0.000     3.950    cnn_accelerator_system_i/mig_7series_0/u_cnn_accelerator_system_mig_7series_0_0_mig/u_memc_ui_top_axi/mem_intfc0/ddr_phy_top0/u_ddr_mc_phy_wrapper/u_ddr_mc_phy/ddr_phy_4lanes_0.u_ddr_phy_4lanes/ddr_byte_lane_A.ddr_byte_lane_A/oserdes_clkdiv
    OUT_FIFO_X1Y4        OUT_FIFO                                     r  cnn_accelerator_system_i/mig_7series_0/u_cnn_accelerator_system_mig_7series_0_0_mig/u_memc_ui_top_axi/mem_intfc0/ddr_phy_top0/u_ddr_mc_phy_wrapper/u_ddr_mc_phy/ddr_phy_4lanes_0.u_ddr_phy_4lanes/ddr_byte_lane_A.ddr_byte_lane_A/out_fifo/RDCLK
  -------------------------------------------------------------------    -------------------
    OUT_FIFO_X1Y4        OUT_FIFO (Prop_out_fifo_RDCLK_Q2[1])
                                                      0.138     4.088 r  cnn_accelerator_system_i/mig_7series_0/u_cnn_accelerator_system_mig_7series_0_0_mig/u_memc_ui_top_axi/mem_intfc0/ddr_phy_top0/u_ddr_mc_phy_wrapper/u_ddr_mc_phy/ddr_phy_4lanes_0.u_ddr_phy_4lanes/ddr_byte_lane_A.ddr_byte_lane_A/out_fifo/Q2[1]
                         net (fo=1, routed)           0.150     4.239    cnn_accelerator_system_i/mig_7series_0/u_cnn_accelerator_system_mig_7series_0_0_mig/u_memc_ui_top_axi/mem_intfc0/ddr_phy_top0/u_ddr_mc_phy_wrapper/u_ddr_mc_phy/ddr_phy_4lanes_0.u_ddr_phy_4lanes/ddr_byte_lane_A.ddr_byte_lane_A/ddr_byte_group_io/oserdes_dq[9]
    OLOGIC_X1Y53         OSERDESE2                                    r  cnn_accelerator_system_i/mig_7series_0/u_cnn_accelerator_system_mig_7series_0_0_mig/u_memc_ui_top_axi/mem_intfc0/ddr_phy_top0/u_ddr_mc_phy_wrapper/u_ddr_mc_phy/ddr_phy_4lanes_0.u_ddr_phy_4lanes/ddr_byte_lane_A.ddr_byte_lane_A/ddr_byte_group_io/output_[2].oserdes_dq_.sdr.oserdes_dq_i/D2
  -------------------------------------------------------------------    -------------------

                         (clock oserdes_clkdiv rise edge)
                                                      0.000     0.000 r
    E3                                                0.000     0.000 r  CLK100MHZ (IN)
                         net (fo=0)                   0.000     0.000    CLK100MHZ
    E3                   IBUF (Prop_ibuf_I_O)         0.438     0.438 r  CLK100MHZ_IBUF_inst/O
                         net (fo=1, routed)           0.699     1.136    cnn_accelerator_system_i/util_ds_buf_0/U0/BUFG_I[0]
    BUFGCTRL_X0Y16       BUFG (Prop_bufg_I_O)         0.029     1.165 r  cnn_accelerator_system_i/util_ds_buf_0/U0/USE_BUFG.GEN_BUFG[0].BUFG_U/O
                         net (fo=2, routed)           0.835     2.000    cnn_accelerator_system_i/mig_7series_0/u_cnn_accelerator_system_mig_7series_0_0_mig/u_ddr3_infrastructure/mmcm_clk
    PLLE2_ADV_X1Y1       PLLE2_ADV (Prop_plle2_adv_CLKIN1_CLKOUT1)
                                                      0.053     2.053 r  cnn_accelerator_system_i/mig_7series_0/u_cnn_accelerator_system_mig_7series_0_0_mig/u_ddr3_infrastructure/plle2_i/CLKOUT1
                         net (fo=7, routed)           0.218     2.271    cnn_accelerator_system_i/mig_7series_0/u_cnn_accelerator_system_mig_7series_0_0_mig/u_memc_ui_top_axi/mem_intfc0/ddr_phy_top0/u_ddr_mc_phy_wrapper/u_ddr_mc_phy/ddr_phy_4lanes_0.u_ddr_phy_4lanes/ddr_byte_lane_A.ddr_byte_lane_A/mem_refclk
    PHASER_OUT_PHY_X1Y4  PHASER_OUT_PHY (Prop_phaser_out_phy_MEMREFCLK_OCLK)
                                                      2.184     4.455 r  cnn_accelerator_system_i/mig_7series_0/u_cnn_accelerator_system_mig_7series_0_0_mig/u_memc_ui_top_axi/mem_intfc0/ddr_phy_top0/u_ddr_mc_phy_wrapper/u_ddr_mc_phy/ddr_phy_4lanes_0.u_ddr_phy_4lanes/ddr_byte_lane_A.ddr_byte_lane_A/phaser_out/OCLK
    PHASER_OUT_PHY_X1Y4  PHASER_OUT_PHY (Prop_phaser_out_phy_OCLK_OCLKDIV)
                                                      0.088     4.543 r  cnn_accelerator_system_i/mig_7series_0/u_cnn_accelerator_system_mig_7series_0_0_mig/u_memc_ui_top_axi/mem_intfc0/ddr_phy_top0/u_ddr_mc_phy_wrapper/u_ddr_mc_phy/ddr_phy_4lanes_0.u_ddr_phy_4lanes/ddr_byte_lane_A.ddr_byte_lane_A/phaser_out/OCLKDIV
                         net (fo=12, routed)          0.179     4.722    cnn_accelerator_system_i/mig_7series_0/u_cnn_accelerator_system_mig_7series_0_0_mig/u_memc_ui_top_axi/mem_intfc0/ddr_phy_top0/u_ddr_mc_phy_wrapper/u_ddr_mc_phy/ddr_phy_4lanes_0.u_ddr_phy_4lanes/ddr_byte_lane_A.ddr_byte_lane_A/ddr_byte_group_io/oserdes_clkdiv
    OLOGIC_X1Y53         OSERDESE2                                    r  cnn_accelerator_system_i/mig_7series_0/u_cnn_accelerator_system_mig_7series_0_0_mig/u_memc_ui_top_axi/mem_intfc0/ddr_phy_top0/u_ddr_mc_phy_wrapper/u_ddr_mc_phy/ddr_phy_4lanes_0.u_ddr_phy_4lanes/ddr_byte_lane_A.ddr_byte_lane_A/ddr_byte_group_io/output_[2].oserdes_dq_.sdr.oserdes_dq_i/CLKDIV
                         clock pessimism             -0.593     4.129
    OLOGIC_X1Y53         OSERDESE2 (Hold_oserdese2_CLKDIV_D2)
                                                      0.019     4.148    cnn_accelerator_system_i/mig_7series_0/u_cnn_accelerator_system_mig_7series_0_0_mig/u_memc_ui_top_axi/mem_intfc0/ddr_phy_top0/u_ddr_mc_phy_wrapper/u_ddr_mc_phy/ddr_phy_4lanes_0.u_ddr_phy_4lanes/ddr_byte_lane_A.ddr_byte_lane_A/ddr_byte_group_io/output_[2].oserdes_dq_.sdr.oserdes_dq_i
  -------------------------------------------------------------------
                         required time                         -4.148
                         arrival time                           4.239
  -------------------------------------------------------------------
                         slack                                  0.090





Pulse Width Checks
--------------------------------------------------------------------------------------
Clock Name:         oserdes_clkdiv
Waveform(ns):       { 0.000 6.154 }
Period(ns):         12.308
Sources:            { cnn_accelerator_system_i/mig_7series_0/u_cnn_accelerator_system_mig_7series_0_0_mig/u_memc_ui_top_axi/mem_intfc0/ddr_phy_top0/u_ddr_mc_phy_wrapper/u_ddr_mc_phy/ddr_phy_4lanes_0.u_ddr_phy_4lanes/ddr_byte_lane_A.ddr_byte_lane_A/phaser_out/OCLKDIV }

Check Type        Corner  Lib Pin         Reference Pin  Required(ns)  Actual(ns)  Slack(ns)  Location       Pin
Min Period        n/a     OUT_FIFO/RDCLK  n/a            5.000         12.308      7.308      OUT_FIFO_X1Y4  cnn_accelerator_system_i/mig_7series_0/u_cnn_accelerator_system_mig_7series_0_0_mig/u_memc_ui_top_axi/mem_intfc0/ddr_phy_top0/u_ddr_mc_phy_wrapper/u_ddr_mc_phy/ddr_phy_4lanes_0.u_ddr_phy_4lanes/ddr_byte_lane_A.ddr_byte_lane_A/out_fifo/RDCLK
Low Pulse Width   Slow    OUT_FIFO/RDCLK  n/a            2.150         6.154       4.004      OUT_FIFO_X1Y4  cnn_accelerator_system_i/mig_7series_0/u_cnn_accelerator_system_mig_7series_0_0_mig/u_memc_ui_top_axi/mem_intfc0/ddr_phy_top0/u_ddr_mc_phy_wrapper/u_ddr_mc_phy/ddr_phy_4lanes_0.u_ddr_phy_4lanes/ddr_byte_lane_A.ddr_byte_lane_A/out_fifo/RDCLK
High Pulse Width  Slow    OUT_FIFO/RDCLK  n/a            2.150         6.154       4.004      OUT_FIFO_X1Y4  cnn_accelerator_system_i/mig_7series_0/u_cnn_accelerator_system_mig_7series_0_0_mig/u_memc_ui_top_axi/mem_intfc0/ddr_phy_top0/u_ddr_mc_phy_wrapper/u_ddr_mc_phy/ddr_phy_4lanes_0.u_ddr_phy_4lanes/ddr_byte_lane_A.ddr_byte_lane_A/out_fifo/RDCLK



---------------------------------------------------------------------------------------------------
From Clock:  oserdes_clk_1
  To Clock:  oserdes_clk_1

Setup :           NA  Failing Endpoints,  Worst Slack           NA  ,  Total Violation           NA
Hold  :           NA  Failing Endpoints,  Worst Slack           NA  ,  Total Violation           NA
PW    :            0  Failing Endpoints,  Worst Slack        1.410ns,  Total Violation        0.000ns
---------------------------------------------------------------------------------------------------


Pulse Width Checks
--------------------------------------------------------------------------------------
Clock Name:         oserdes_clk_1
Waveform(ns):       { 0.000 1.538 }
Period(ns):         3.077
Sources:            { cnn_accelerator_system_i/mig_7series_0/u_cnn_accelerator_system_mig_7series_0_0_mig/u_memc_ui_top_axi/mem_intfc0/ddr_phy_top0/u_ddr_mc_phy_wrapper/u_ddr_mc_phy/ddr_phy_4lanes_0.u_ddr_phy_4lanes/ddr_byte_lane_B.ddr_byte_lane_B/phaser_out/OCLK }

Check Type  Corner  Lib Pin        Reference Pin  Required(ns)  Actual(ns)  Slack(ns)  Location      Pin
Min Period  n/a     OSERDESE2/CLK  n/a            1.667         3.077       1.410      OLOGIC_X1Y63  cnn_accelerator_system_i/mig_7series_0/u_cnn_accelerator_system_mig_7series_0_0_mig/u_memc_ui_top_axi/mem_intfc0/ddr_phy_top0/u_ddr_mc_phy_wrapper/u_ddr_mc_phy/ddr_phy_4lanes_0.u_ddr_phy_4lanes/ddr_byte_lane_B.ddr_byte_lane_B/ddr_byte_group_io/output_[0].oserdes_dq_.sdr.oserdes_dq_i/CLK



---------------------------------------------------------------------------------------------------
From Clock:  oserdes_clkdiv_1
  To Clock:  oserdes_clkdiv_1

Setup :            0  Failing Endpoints,  Worst Slack       10.881ns,  Total Violation        0.000ns
Hold  :            0  Failing Endpoints,  Worst Slack        0.094ns,  Total Violation        0.000ns
PW    :            0  Failing Endpoints,  Worst Slack        4.004ns,  Total Violation        0.000ns
---------------------------------------------------------------------------------------------------


Max Delay Paths
--------------------------------------------------------------------------------------
Slack (MET) :             10.881ns  (required time - arrival time)
  Source:                 cnn_accelerator_system_i/mig_7series_0/u_cnn_accelerator_system_mig_7series_0_0_mig/u_memc_ui_top_axi/mem_intfc0/ddr_phy_top0/u_ddr_mc_phy_wrapper/u_ddr_mc_phy/ddr_phy_4lanes_0.u_ddr_phy_4lanes/ddr_byte_lane_B.ddr_byte_lane_B/out_fifo/RDCLK
                            (rising edge-triggered cell OUT_FIFO clocked by oserdes_clkdiv_1  {rise@0.000ns fall@6.154ns period=12.308ns})
  Destination:            cnn_accelerator_system_i/mig_7series_0/u_cnn_accelerator_system_mig_7series_0_0_mig/u_memc_ui_top_axi/mem_intfc0/ddr_phy_top0/u_ddr_mc_phy_wrapper/u_ddr_mc_phy/ddr_phy_4lanes_0.u_ddr_phy_4lanes/ddr_byte_lane_B.ddr_byte_lane_B/ddr_byte_group_io/output_[10].oserdes_dq_.sdr.oserdes_dq_i/D1
                            (rising edge-triggered cell OSERDESE2 clocked by oserdes_clkdiv_1  {rise@0.000ns fall@6.154ns period=12.308ns})
  Path Group:             oserdes_clkdiv_1
  Path Type:              Setup (Max at Slow Process Corner)
  Requirement:            12.308ns  (oserdes_clkdiv_1 rise@12.308ns - oserdes_clkdiv_1 rise@0.000ns)
  Data Path Delay:        1.142ns  (logic 0.674ns (59.003%)  route 0.468ns (40.996%))
  Logic Levels:           0
  Clock Path Skew:        0.396ns (DCD - SCD + CPR)
    Destination Clock Delay (DCD):    8.582ns = ( 20.889 - 12.308 )
    Source Clock Delay      (SCD):    8.597ns
    Clock Pessimism Removal (CPR):    0.411ns
  Clock Uncertainty:      0.056ns  ((TSJ^2 + DJ^2)^1/2) / 2 + PE
    Total System Jitter     (TSJ):    0.071ns
    Discrete Jitter          (DJ):    0.087ns
    Phase Error              (PE):    0.000ns

    Location             Delay type                Incr(ns)  Path(ns)    Netlist Resource(s)
  -------------------------------------------------------------------    -------------------
                         (clock oserdes_clkdiv_1 rise edge)
                                                      0.000     0.000 r
    E3                                                0.000     0.000 r  CLK100MHZ (IN)
                         net (fo=0)                   0.000     0.000    CLK100MHZ
    E3                   IBUF (Prop_ibuf_I_O)         1.482     1.482 r  CLK100MHZ_IBUF_inst/O
                         net (fo=1, routed)           2.025     3.506    cnn_accelerator_system_i/util_ds_buf_0/U0/BUFG_I[0]
    BUFGCTRL_X0Y16       BUFG (Prop_bufg_I_O)         0.096     3.602 r  cnn_accelerator_system_i/util_ds_buf_0/U0/USE_BUFG.GEN_BUFG[0].BUFG_U/O
                         net (fo=2, routed)           1.666     5.269    cnn_accelerator_system_i/mig_7series_0/u_cnn_accelerator_system_mig_7series_0_0_mig/u_ddr3_infrastructure/mmcm_clk
    PLLE2_ADV_X1Y1       PLLE2_ADV (Prop_plle2_adv_CLKIN1_CLKOUT1)
                                                      0.088     5.357 r  cnn_accelerator_system_i/mig_7series_0/u_cnn_accelerator_system_mig_7series_0_0_mig/u_ddr3_infrastructure/plle2_i/CLKOUT1
                         net (fo=7, routed)           0.603     5.960    cnn_accelerator_system_i/mig_7series_0/u_cnn_accelerator_system_mig_7series_0_0_mig/u_memc_ui_top_axi/mem_intfc0/ddr_phy_top0/u_ddr_mc_phy_wrapper/u_ddr_mc_phy/ddr_phy_4lanes_0.u_ddr_phy_4lanes/ddr_byte_lane_B.ddr_byte_lane_B/mem_refclk
    PHASER_OUT_PHY_X1Y5  PHASER_OUT_PHY (Prop_phaser_out_phy_MEMREFCLK_OCLK)
                                                      2.480     8.440 r  cnn_accelerator_system_i/mig_7series_0/u_cnn_accelerator_system_mig_7series_0_0_mig/u_memc_ui_top_axi/mem_intfc0/ddr_phy_top0/u_ddr_mc_phy_wrapper/u_ddr_mc_phy/ddr_phy_4lanes_0.u_ddr_phy_4lanes/ddr_byte_lane_B.ddr_byte_lane_B/phaser_out/OCLK
    PHASER_OUT_PHY_X1Y5  PHASER_OUT_PHY (Prop_phaser_out_phy_OCLK_OCLKDIV)
                                                      0.157     8.597 r  cnn_accelerator_system_i/mig_7series_0/u_cnn_accelerator_system_mig_7series_0_0_mig/u_memc_ui_top_axi/mem_intfc0/ddr_phy_top0/u_ddr_mc_phy_wrapper/u_ddr_mc_phy/ddr_phy_4lanes_0.u_ddr_phy_4lanes/ddr_byte_lane_B.ddr_byte_lane_B/phaser_out/OCLKDIV
                         net (fo=13, routed)          0.000     8.597    cnn_accelerator_system_i/mig_7series_0/u_cnn_accelerator_system_mig_7series_0_0_mig/u_memc_ui_top_axi/mem_intfc0/ddr_phy_top0/u_ddr_mc_phy_wrapper/u_ddr_mc_phy/ddr_phy_4lanes_0.u_ddr_phy_4lanes/ddr_byte_lane_B.ddr_byte_lane_B/oserdes_clkdiv
    OUT_FIFO_X1Y5        OUT_FIFO                                     r  cnn_accelerator_system_i/mig_7series_0/u_cnn_accelerator_system_mig_7series_0_0_mig/u_memc_ui_top_axi/mem_intfc0/ddr_phy_top0/u_ddr_mc_phy_wrapper/u_ddr_mc_phy/ddr_phy_4lanes_0.u_ddr_phy_4lanes/ddr_byte_lane_B.ddr_byte_lane_B/out_fifo/RDCLK
  -------------------------------------------------------------------    -------------------
    OUT_FIFO_X1Y5        OUT_FIFO (Prop_out_fifo_RDCLK_Q5[4])
                                                      0.674     9.271 r  cnn_accelerator_system_i/mig_7series_0/u_cnn_accelerator_system_mig_7series_0_0_mig/u_memc_ui_top_axi/mem_intfc0/ddr_phy_top0/u_ddr_mc_phy_wrapper/u_ddr_mc_phy/ddr_phy_4lanes_0.u_ddr_phy_4lanes/ddr_byte_lane_B.ddr_byte_lane_B/out_fifo/Q5[4]
                         net (fo=1, routed)           0.468     9.739    cnn_accelerator_system_i/mig_7series_0/u_cnn_accelerator_system_mig_7series_0_0_mig/u_memc_ui_top_axi/mem_intfc0/ddr_phy_top0/u_ddr_mc_phy_wrapper/u_ddr_mc_phy/ddr_phy_4lanes_0.u_ddr_phy_4lanes/ddr_byte_lane_B.ddr_byte_lane_B/ddr_byte_group_io/oserdes_dq[40]
    OLOGIC_X1Y69         OSERDESE2                                    r  cnn_accelerator_system_i/mig_7series_0/u_cnn_accelerator_system_mig_7series_0_0_mig/u_memc_ui_top_axi/mem_intfc0/ddr_phy_top0/u_ddr_mc_phy_wrapper/u_ddr_mc_phy/ddr_phy_4lanes_0.u_ddr_phy_4lanes/ddr_byte_lane_B.ddr_byte_lane_B/ddr_byte_group_io/output_[10].oserdes_dq_.sdr.oserdes_dq_i/D1
  -------------------------------------------------------------------    -------------------

                         (clock oserdes_clkdiv_1 rise edge)
                                                     12.308    12.308 r
    E3                                                0.000    12.308 r  CLK100MHZ (IN)
                         net (fo=0)                   0.000    12.308    CLK100MHZ
    E3                   IBUF (Prop_ibuf_I_O)         1.411    13.719 r  CLK100MHZ_IBUF_inst/O
                         net (fo=1, routed)           1.920    15.639    cnn_accelerator_system_i/util_ds_buf_0/U0/BUFG_I[0]
    BUFGCTRL_X0Y16       BUFG (Prop_bufg_I_O)         0.091    15.730 r  cnn_accelerator_system_i/util_ds_buf_0/U0/USE_BUFG.GEN_BUFG[0].BUFG_U/O
                         net (fo=2, routed)           1.544    17.274    cnn_accelerator_system_i/mig_7series_0/u_cnn_accelerator_system_mig_7series_0_0_mig/u_ddr3_infrastructure/mmcm_clk
    PLLE2_ADV_X1Y1       PLLE2_ADV (Prop_plle2_adv_CLKIN1_CLKOUT1)
                                                      0.083    17.357 r  cnn_accelerator_system_i/mig_7series_0/u_cnn_accelerator_system_mig_7series_0_0_mig/u_ddr3_infrastructure/plle2_i/CLKOUT1
                         net (fo=7, routed)           0.572    17.929    cnn_accelerator_system_i/mig_7series_0/u_cnn_accelerator_system_mig_7series_0_0_mig/u_memc_ui_top_axi/mem_intfc0/ddr_phy_top0/u_ddr_mc_phy_wrapper/u_ddr_mc_phy/ddr_phy_4lanes_0.u_ddr_phy_4lanes/ddr_byte_lane_B.ddr_byte_lane_B/mem_refclk
    PHASER_OUT_PHY_X1Y5  PHASER_OUT_PHY (Prop_phaser_out_phy_MEMREFCLK_OCLK)
                                                      2.416    20.345 r  cnn_accelerator_system_i/mig_7series_0/u_cnn_accelerator_system_mig_7series_0_0_mig/u_memc_ui_top_axi/mem_intfc0/ddr_phy_top0/u_ddr_mc_phy_wrapper/u_ddr_mc_phy/ddr_phy_4lanes_0.u_ddr_phy_4lanes/ddr_byte_lane_B.ddr_byte_lane_B/phaser_out/OCLK
    PHASER_OUT_PHY_X1Y5  PHASER_OUT_PHY (Prop_phaser_out_phy_OCLK_OCLKDIV)
                                                      0.148    20.493 r  cnn_accelerator_system_i/mig_7series_0/u_cnn_accelerator_system_mig_7series_0_0_mig/u_memc_ui_top_axi/mem_intfc0/ddr_phy_top0/u_ddr_mc_phy_wrapper/u_ddr_mc_phy/ddr_phy_4lanes_0.u_ddr_phy_4lanes/ddr_byte_lane_B.ddr_byte_lane_B/phaser_out/OCLKDIV
                         net (fo=13, routed)          0.396    20.889    cnn_accelerator_system_i/mig_7series_0/u_cnn_accelerator_system_mig_7series_0_0_mig/u_memc_ui_top_axi/mem_intfc0/ddr_phy_top0/u_ddr_mc_phy_wrapper/u_ddr_mc_phy/ddr_phy_4lanes_0.u_ddr_phy_4lanes/ddr_byte_lane_B.ddr_byte_lane_B/ddr_byte_group_io/oserdes_clkdiv
    OLOGIC_X1Y69         OSERDESE2                                    r  cnn_accelerator_system_i/mig_7series_0/u_cnn_accelerator_system_mig_7series_0_0_mig/u_memc_ui_top_axi/mem_intfc0/ddr_phy_top0/u_ddr_mc_phy_wrapper/u_ddr_mc_phy/ddr_phy_4lanes_0.u_ddr_phy_4lanes/ddr_byte_lane_B.ddr_byte_lane_B/ddr_byte_group_io/output_[10].oserdes_dq_.sdr.oserdes_dq_i/CLKDIV
                         clock pessimism              0.411    21.300
                         clock uncertainty           -0.056    21.245
    OLOGIC_X1Y69         OSERDESE2 (Setup_oserdese2_CLKDIV_D1)
                                                     -0.625    20.620    cnn_accelerator_system_i/mig_7series_0/u_cnn_accelerator_system_mig_7series_0_0_mig/u_memc_ui_top_axi/mem_intfc0/ddr_phy_top0/u_ddr_mc_phy_wrapper/u_ddr_mc_phy/ddr_phy_4lanes_0.u_ddr_phy_4lanes/ddr_byte_lane_B.ddr_byte_lane_B/ddr_byte_group_io/output_[10].oserdes_dq_.sdr.oserdes_dq_i
  -------------------------------------------------------------------
                         required time                         20.620
                         arrival time                          -9.739
  -------------------------------------------------------------------
                         slack                                 10.881





Min Delay Paths
--------------------------------------------------------------------------------------
Slack (MET) :             0.094ns  (arrival time - required time)
  Source:                 cnn_accelerator_system_i/mig_7series_0/u_cnn_accelerator_system_mig_7series_0_0_mig/u_memc_ui_top_axi/mem_intfc0/ddr_phy_top0/u_ddr_mc_phy_wrapper/u_ddr_mc_phy/ddr_phy_4lanes_0.u_ddr_phy_4lanes/ddr_byte_lane_B.ddr_byte_lane_B/out_fifo/RDCLK
                            (rising edge-triggered cell OUT_FIFO clocked by oserdes_clkdiv_1  {rise@0.000ns fall@6.154ns period=12.308ns})
  Destination:            cnn_accelerator_system_i/mig_7series_0/u_cnn_accelerator_system_mig_7series_0_0_mig/u_memc_ui_top_axi/mem_intfc0/ddr_phy_top0/u_ddr_mc_phy_wrapper/u_ddr_mc_phy/ddr_phy_4lanes_0.u_ddr_phy_4lanes/ddr_byte_lane_B.ddr_byte_lane_B/ddr_byte_group_io/output_[2].oserdes_dq_.sdr.oserdes_dq_i/D2
                            (rising edge-triggered cell OSERDESE2 clocked by oserdes_clkdiv_1  {rise@0.000ns fall@6.154ns period=12.308ns})
  Path Group:             oserdes_clkdiv_1
  Path Type:              Hold (Min at Fast Process Corner)
  Requirement:            0.000ns  (oserdes_clkdiv_1 rise@0.000ns - oserdes_clkdiv_1 rise@0.000ns)
  Data Path Delay:        0.288ns  (logic 0.138ns (47.866%)  route 0.150ns (52.134%))
  Logic Levels:           0
  Clock Path Skew:        0.175ns (DCD - SCD - CPR)
    Destination Clock Delay (DCD):    4.709ns
    Source Clock Delay      (SCD):    3.943ns
    Clock Pessimism Removal (CPR):    0.591ns

    Location             Delay type                Incr(ns)  Path(ns)    Netlist Resource(s)
  -------------------------------------------------------------------    -------------------
                         (clock oserdes_clkdiv_1 rise edge)
                                                      0.000     0.000 r
    E3                                                0.000     0.000 r  CLK100MHZ (IN)
                         net (fo=0)                   0.000     0.000    CLK100MHZ
    E3                   IBUF (Prop_ibuf_I_O)         0.250     0.250 r  CLK100MHZ_IBUF_inst/O
                         net (fo=1, routed)           0.644     0.894    cnn_accelerator_system_i/util_ds_buf_0/U0/BUFG_I[0]
    BUFGCTRL_X0Y16       BUFG (Prop_bufg_I_O)         0.026     0.920 r  cnn_accelerator_system_i/util_ds_buf_0/U0/USE_BUFG.GEN_BUFG[0].BUFG_U/O
                         net (fo=2, routed)           0.566     1.485    cnn_accelerator_system_i/mig_7series_0/u_cnn_accelerator_system_mig_7series_0_0_mig/u_ddr3_infrastructure/mmcm_clk
    PLLE2_ADV_X1Y1       PLLE2_ADV (Prop_plle2_adv_CLKIN1_CLKOUT1)
                                                      0.050     1.535 r  cnn_accelerator_system_i/mig_7series_0/u_cnn_accelerator_system_mig_7series_0_0_mig/u_ddr3_infrastructure/plle2_i/CLKOUT1
                         net (fo=7, routed)           0.190     1.725    cnn_accelerator_system_i/mig_7series_0/u_cnn_accelerator_system_mig_7series_0_0_mig/u_memc_ui_top_axi/mem_intfc0/ddr_phy_top0/u_ddr_mc_phy_wrapper/u_ddr_mc_phy/ddr_phy_4lanes_0.u_ddr_phy_4lanes/ddr_byte_lane_B.ddr_byte_lane_B/mem_refclk
    PHASER_OUT_PHY_X1Y5  PHASER_OUT_PHY (Prop_phaser_out_phy_MEMREFCLK_OCLK)
                                                      2.135     3.860 r  cnn_accelerator_system_i/mig_7series_0/u_cnn_accelerator_system_mig_7series_0_0_mig/u_memc_ui_top_axi/mem_intfc0/ddr_phy_top0/u_ddr_mc_phy_wrapper/u_ddr_mc_phy/ddr_phy_4lanes_0.u_ddr_phy_4lanes/ddr_byte_lane_B.ddr_byte_lane_B/phaser_out/OCLK
    PHASER_OUT_PHY_X1Y5  PHASER_OUT_PHY (Prop_phaser_out_phy_OCLK_OCLKDIV)
                                                      0.083     3.943 r  cnn_accelerator_system_i/mig_7series_0/u_cnn_accelerator_system_mig_7series_0_0_mig/u_memc_ui_top_axi/mem_intfc0/ddr_phy_top0/u_ddr_mc_phy_wrapper/u_ddr_mc_phy/ddr_phy_4lanes_0.u_ddr_phy_4lanes/ddr_byte_lane_B.ddr_byte_lane_B/phaser_out/OCLKDIV
                         net (fo=13, routed)          0.000     3.943    cnn_accelerator_system_i/mig_7series_0/u_cnn_accelerator_system_mig_7series_0_0_mig/u_memc_ui_top_axi/mem_intfc0/ddr_phy_top0/u_ddr_mc_phy_wrapper/u_ddr_mc_phy/ddr_phy_4lanes_0.u_ddr_phy_4lanes/ddr_byte_lane_B.ddr_byte_lane_B/oserdes_clkdiv
    OUT_FIFO_X1Y5        OUT_FIFO                                     r  cnn_accelerator_system_i/mig_7series_0/u_cnn_accelerator_system_mig_7series_0_0_mig/u_memc_ui_top_axi/mem_intfc0/ddr_phy_top0/u_ddr_mc_phy_wrapper/u_ddr_mc_phy/ddr_phy_4lanes_0.u_ddr_phy_4lanes/ddr_byte_lane_B.ddr_byte_lane_B/out_fifo/RDCLK
  -------------------------------------------------------------------    -------------------
    OUT_FIFO_X1Y5        OUT_FIFO (Prop_out_fifo_RDCLK_Q2[1])
                                                      0.138     4.081 r  cnn_accelerator_system_i/mig_7series_0/u_cnn_accelerator_system_mig_7series_0_0_mig/u_memc_ui_top_axi/mem_intfc0/ddr_phy_top0/u_ddr_mc_phy_wrapper/u_ddr_mc_phy/ddr_phy_4lanes_0.u_ddr_phy_4lanes/ddr_byte_lane_B.ddr_byte_lane_B/out_fifo/Q2[1]
                         net (fo=1, routed)           0.150     4.232    cnn_accelerator_system_i/mig_7series_0/u_cnn_accelerator_system_mig_7series_0_0_mig/u_memc_ui_top_axi/mem_intfc0/ddr_phy_top0/u_ddr_mc_phy_wrapper/u_ddr_mc_phy/ddr_phy_4lanes_0.u_ddr_phy_4lanes/ddr_byte_lane_B.ddr_byte_lane_B/ddr_byte_group_io/oserdes_dq[9]
    OLOGIC_X1Y65         OSERDESE2                                    r  cnn_accelerator_system_i/mig_7series_0/u_cnn_accelerator_system_mig_7series_0_0_mig/u_memc_ui_top_axi/mem_intfc0/ddr_phy_top0/u_ddr_mc_phy_wrapper/u_ddr_mc_phy/ddr_phy_4lanes_0.u_ddr_phy_4lanes/ddr_byte_lane_B.ddr_byte_lane_B/ddr_byte_group_io/output_[2].oserdes_dq_.sdr.oserdes_dq_i/D2
  -------------------------------------------------------------------    -------------------

                         (clock oserdes_clkdiv_1 rise edge)
                                                      0.000     0.000 r
    E3                                                0.000     0.000 r  CLK100MHZ (IN)
                         net (fo=0)                   0.000     0.000    CLK100MHZ
    E3                   IBUF (Prop_ibuf_I_O)         0.438     0.438 r  CLK100MHZ_IBUF_inst/O
                         net (fo=1, routed)           0.699     1.136    cnn_accelerator_system_i/util_ds_buf_0/U0/BUFG_I[0]
    BUFGCTRL_X0Y16       BUFG (Prop_bufg_I_O)         0.029     1.165 r  cnn_accelerator_system_i/util_ds_buf_0/U0/USE_BUFG.GEN_BUFG[0].BUFG_U/O
                         net (fo=2, routed)           0.835     2.000    cnn_accelerator_system_i/mig_7series_0/u_cnn_accelerator_system_mig_7series_0_0_mig/u_ddr3_infrastructure/mmcm_clk
    PLLE2_ADV_X1Y1       PLLE2_ADV (Prop_plle2_adv_CLKIN1_CLKOUT1)
                                                      0.053     2.053 r  cnn_accelerator_system_i/mig_7series_0/u_cnn_accelerator_system_mig_7series_0_0_mig/u_ddr3_infrastructure/plle2_i/CLKOUT1
                         net (fo=7, routed)           0.209     2.262    cnn_accelerator_system_i/mig_7series_0/u_cnn_accelerator_system_mig_7series_0_0_mig/u_memc_ui_top_axi/mem_intfc0/ddr_phy_top0/u_ddr_mc_phy_wrapper/u_ddr_mc_phy/ddr_phy_4lanes_0.u_ddr_phy_4lanes/ddr_byte_lane_B.ddr_byte_lane_B/mem_refclk
    PHASER_OUT_PHY_X1Y5  PHASER_OUT_PHY (Prop_phaser_out_phy_MEMREFCLK_OCLK)
                                                      2.184     4.446 r  cnn_accelerator_system_i/mig_7series_0/u_cnn_accelerator_system_mig_7series_0_0_mig/u_memc_ui_top_axi/mem_intfc0/ddr_phy_top0/u_ddr_mc_phy_wrapper/u_ddr_mc_phy/ddr_phy_4lanes_0.u_ddr_phy_4lanes/ddr_byte_lane_B.ddr_byte_lane_B/phaser_out/OCLK
    PHASER_OUT_PHY_X1Y5  PHASER_OUT_PHY (Prop_phaser_out_phy_OCLK_OCLKDIV)
                                                      0.088     4.534 r  cnn_accelerator_system_i/mig_7series_0/u_cnn_accelerator_system_mig_7series_0_0_mig/u_memc_ui_top_axi/mem_intfc0/ddr_phy_top0/u_ddr_mc_phy_wrapper/u_ddr_mc_phy/ddr_phy_4lanes_0.u_ddr_phy_4lanes/ddr_byte_lane_B.ddr_byte_lane_B/phaser_out/OCLKDIV
                         net (fo=13, routed)          0.175     4.709    cnn_accelerator_system_i/mig_7series_0/u_cnn_accelerator_system_mig_7series_0_0_mig/u_memc_ui_top_axi/mem_intfc0/ddr_phy_top0/u_ddr_mc_phy_wrapper/u_ddr_mc_phy/ddr_phy_4lanes_0.u_ddr_phy_4lanes/ddr_byte_lane_B.ddr_byte_lane_B/ddr_byte_group_io/oserdes_clkdiv
    OLOGIC_X1Y65         OSERDESE2                                    r  cnn_accelerator_system_i/mig_7series_0/u_cnn_accelerator_system_mig_7series_0_0_mig/u_memc_ui_top_axi/mem_intfc0/ddr_phy_top0/u_ddr_mc_phy_wrapper/u_ddr_mc_phy/ddr_phy_4lanes_0.u_ddr_phy_4lanes/ddr_byte_lane_B.ddr_byte_lane_B/ddr_byte_group_io/output_[2].oserdes_dq_.sdr.oserdes_dq_i/CLKDIV
                         clock pessimism             -0.591     4.118
    OLOGIC_X1Y65         OSERDESE2 (Hold_oserdese2_CLKDIV_D2)
                                                      0.019     4.137    cnn_accelerator_system_i/mig_7series_0/u_cnn_accelerator_system_mig_7series_0_0_mig/u_memc_ui_top_axi/mem_intfc0/ddr_phy_top0/u_ddr_mc_phy_wrapper/u_ddr_mc_phy/ddr_phy_4lanes_0.u_ddr_phy_4lanes/ddr_byte_lane_B.ddr_byte_lane_B/ddr_byte_group_io/output_[2].oserdes_dq_.sdr.oserdes_dq_i
  -------------------------------------------------------------------
                         required time                         -4.137
                         arrival time                           4.232
  -------------------------------------------------------------------
                         slack                                  0.094





Pulse Width Checks
--------------------------------------------------------------------------------------
Clock Name:         oserdes_clkdiv_1
Waveform(ns):       { 0.000 6.154 }
Period(ns):         12.308
Sources:            { cnn_accelerator_system_i/mig_7series_0/u_cnn_accelerator_system_mig_7series_0_0_mig/u_memc_ui_top_axi/mem_intfc0/ddr_phy_top0/u_ddr_mc_phy_wrapper/u_ddr_mc_phy/ddr_phy_4lanes_0.u_ddr_phy_4lanes/ddr_byte_lane_B.ddr_byte_lane_B/phaser_out/OCLKDIV }

Check Type        Corner  Lib Pin         Reference Pin  Required(ns)  Actual(ns)  Slack(ns)  Location       Pin
Min Period        n/a     OUT_FIFO/RDCLK  n/a            5.000         12.308      7.308      OUT_FIFO_X1Y5  cnn_accelerator_system_i/mig_7series_0/u_cnn_accelerator_system_mig_7series_0_0_mig/u_memc_ui_top_axi/mem_intfc0/ddr_phy_top0/u_ddr_mc_phy_wrapper/u_ddr_mc_phy/ddr_phy_4lanes_0.u_ddr_phy_4lanes/ddr_byte_lane_B.ddr_byte_lane_B/out_fifo/RDCLK
Low Pulse Width   Slow    OUT_FIFO/RDCLK  n/a            2.150         6.154       4.004      OUT_FIFO_X1Y5  cnn_accelerator_system_i/mig_7series_0/u_cnn_accelerator_system_mig_7series_0_0_mig/u_memc_ui_top_axi/mem_intfc0/ddr_phy_top0/u_ddr_mc_phy_wrapper/u_ddr_mc_phy/ddr_phy_4lanes_0.u_ddr_phy_4lanes/ddr_byte_lane_B.ddr_byte_lane_B/out_fifo/RDCLK
High Pulse Width  Slow    OUT_FIFO/RDCLK  n/a            2.150         6.154       4.004      OUT_FIFO_X1Y5  cnn_accelerator_system_i/mig_7series_0/u_cnn_accelerator_system_mig_7series_0_0_mig/u_memc_ui_top_axi/mem_intfc0/ddr_phy_top0/u_ddr_mc_phy_wrapper/u_ddr_mc_phy/ddr_phy_4lanes_0.u_ddr_phy_4lanes/ddr_byte_lane_B.ddr_byte_lane_B/out_fifo/RDCLK



---------------------------------------------------------------------------------------------------
From Clock:  oserdes_clk_2
  To Clock:  oserdes_clk_2

Setup :            0  Failing Endpoints,  Worst Slack        1.499ns,  Total Violation        0.000ns
Hold  :            0  Failing Endpoints,  Worst Slack        0.413ns,  Total Violation        0.000ns
PW    :            0  Failing Endpoints,  Worst Slack        1.410ns,  Total Violation        0.000ns
---------------------------------------------------------------------------------------------------


Max Delay Paths
--------------------------------------------------------------------------------------
Slack (MET) :             1.499ns  (required time - arrival time)
  Source:                 cnn_accelerator_system_i/mig_7series_0/u_cnn_accelerator_system_mig_7series_0_0_mig/u_memc_ui_top_axi/mem_intfc0/ddr_phy_top0/u_ddr_mc_phy_wrapper/u_ddr_mc_phy/ddr_phy_4lanes_0.u_ddr_phy_4lanes/ddr_byte_lane_C.ddr_byte_lane_C/phaser_out/OCLKDELAYED
                            (rising edge-triggered cell PHASER_OUT_PHY clocked by oserdes_clk_2  {rise@0.000ns fall@1.538ns period=3.077ns})
  Destination:            cnn_accelerator_system_i/mig_7series_0/u_cnn_accelerator_system_mig_7series_0_0_mig/u_memc_ui_top_axi/mem_intfc0/ddr_phy_top0/u_ddr_mc_phy_wrapper/u_ddr_mc_phy/ddr_phy_4lanes_0.u_ddr_phy_4lanes/ddr_byte_lane_C.ddr_byte_lane_C/ddr_byte_group_io/dqs_gen.oddr_dqsts/D1
                            (rising edge-triggered cell ODDR clocked by oserdes_clk_2  {rise@0.000ns fall@1.538ns period=3.077ns})
  Path Group:             oserdes_clk_2
  Path Type:              Setup (Max at Slow Process Corner)
  Requirement:            3.077ns  (oserdes_clk_2 rise@3.077ns - oserdes_clk_2 rise@0.000ns)
  Data Path Delay:        1.037ns  (logic 0.562ns (54.177%)  route 0.475ns (45.823%))
  Logic Levels:           0
  Clock Path Skew:        0.400ns (DCD - SCD + CPR)
    Destination Clock Delay (DCD):    9.202ns = ( 12.279 - 3.077 )
    Source Clock Delay      (SCD):    9.251ns
    Clock Pessimism Removal (CPR):    0.449ns
  Clock Uncertainty:      0.056ns  ((TSJ^2 + DJ^2)^1/2) / 2 + PE
    Total System Jitter     (TSJ):    0.071ns
    Discrete Jitter          (DJ):    0.087ns
    Phase Error              (PE):    0.000ns

    Location             Delay type                Incr(ns)  Path(ns)    Netlist Resource(s)
  -------------------------------------------------------------------    -------------------
                         (clock oserdes_clk_2 rise edge)
                                                      0.000     0.000 r
    E3                                                0.000     0.000 r  CLK100MHZ (IN)
                         net (fo=0)                   0.000     0.000    CLK100MHZ
    E3                   IBUF (Prop_ibuf_I_O)         1.482     1.482 r  CLK100MHZ_IBUF_inst/O
                         net (fo=1, routed)           2.025     3.506    cnn_accelerator_system_i/util_ds_buf_0/U0/BUFG_I[0]
    BUFGCTRL_X0Y16       BUFG (Prop_bufg_I_O)         0.096     3.602 r  cnn_accelerator_system_i/util_ds_buf_0/U0/USE_BUFG.GEN_BUFG[0].BUFG_U/O
                         net (fo=2, routed)           1.666     5.269    cnn_accelerator_system_i/mig_7series_0/u_cnn_accelerator_system_mig_7series_0_0_mig/u_ddr3_infrastructure/mmcm_clk
    PLLE2_ADV_X1Y1       PLLE2_ADV (Prop_plle2_adv_CLKIN1_CLKOUT1)
                                                      0.088     5.357 r  cnn_accelerator_system_i/mig_7series_0/u_cnn_accelerator_system_mig_7series_0_0_mig/u_ddr3_infrastructure/plle2_i/CLKOUT1
                         net (fo=7, routed)           0.614     5.971    cnn_accelerator_system_i/mig_7series_0/u_cnn_accelerator_system_mig_7series_0_0_mig/u_memc_ui_top_axi/mem_intfc0/ddr_phy_top0/u_ddr_mc_phy_wrapper/u_ddr_mc_phy/ddr_phy_4lanes_0.u_ddr_phy_4lanes/ddr_byte_lane_C.ddr_byte_lane_C/mem_refclk
    PHASER_OUT_PHY_X1Y6  PHASER_OUT_PHY (Prop_phaser_out_phy_MEMREFCLK_OCLK)
                                                      2.480     8.451 r  cnn_accelerator_system_i/mig_7series_0/u_cnn_accelerator_system_mig_7series_0_0_mig/u_memc_ui_top_axi/mem_intfc0/ddr_phy_top0/u_ddr_mc_phy_wrapper/u_ddr_mc_phy/ddr_phy_4lanes_0.u_ddr_phy_4lanes/ddr_byte_lane_C.ddr_byte_lane_C/phaser_out/OCLK
    PHASER_OUT_PHY_X1Y6  PHASER_OUT_PHY (Prop_phaser_out_phy_OCLK_OCLKDELAYED)
                                                      0.800     9.251 r  cnn_accelerator_system_i/mig_7series_0/u_cnn_accelerator_system_mig_7series_0_0_mig/u_memc_ui_top_axi/mem_intfc0/ddr_phy_top0/u_ddr_mc_phy_wrapper/u_ddr_mc_phy/ddr_phy_4lanes_0.u_ddr_phy_4lanes/ddr_byte_lane_C.ddr_byte_lane_C/phaser_out/OCLKDELAYED
  -------------------------------------------------------------------    -------------------
    PHASER_OUT_PHY_X1Y6  PHASER_OUT_PHY (Prop_phaser_out_phy_OCLKDELAYED_CTSBUS[0])
                                                      0.562     9.813 r  cnn_accelerator_system_i/mig_7series_0/u_cnn_accelerator_system_mig_7series_0_0_mig/u_memc_ui_top_axi/mem_intfc0/ddr_phy_top0/u_ddr_mc_phy_wrapper/u_ddr_mc_phy/ddr_phy_4lanes_0.u_ddr_phy_4lanes/ddr_byte_lane_C.ddr_byte_lane_C/phaser_out/CTSBUS[0]
                         net (fo=2, routed)           0.475    10.288    cnn_accelerator_system_i/mig_7series_0/u_cnn_accelerator_system_mig_7series_0_0_mig/u_memc_ui_top_axi/mem_intfc0/ddr_phy_top0/u_ddr_mc_phy_wrapper/u_ddr_mc_phy/ddr_phy_4lanes_0.u_ddr_phy_4lanes/ddr_byte_lane_C.ddr_byte_lane_C/ddr_byte_group_io/CTSBUS[0]
    OLOGIC_X1Y82         ODDR                                         r  cnn_accelerator_system_i/mig_7series_0/u_cnn_accelerator_system_mig_7series_0_0_mig/u_memc_ui_top_axi/mem_intfc0/ddr_phy_top0/u_ddr_mc_phy_wrapper/u_ddr_mc_phy/ddr_phy_4lanes_0.u_ddr_phy_4lanes/ddr_byte_lane_C.ddr_byte_lane_C/ddr_byte_group_io/dqs_gen.oddr_dqsts/D1
  -------------------------------------------------------------------    -------------------

                         (clock oserdes_clk_2 rise edge)
                                                      3.077     3.077 r
    E3                                                0.000     3.077 r  CLK100MHZ (IN)
                         net (fo=0)                   0.000     3.077    CLK100MHZ
    E3                   IBUF (Prop_ibuf_I_O)         1.411     4.488 r  CLK100MHZ_IBUF_inst/O
                         net (fo=1, routed)           1.920     6.408    cnn_accelerator_system_i/util_ds_buf_0/U0/BUFG_I[0]
    BUFGCTRL_X0Y16       BUFG (Prop_bufg_I_O)         0.091     6.499 r  cnn_accelerator_system_i/util_ds_buf_0/U0/USE_BUFG.GEN_BUFG[0].BUFG_U/O
                         net (fo=2, routed)           1.544     8.044    cnn_accelerator_system_i/mig_7series_0/u_cnn_accelerator_system_mig_7series_0_0_mig/u_ddr3_infrastructure/mmcm_clk
    PLLE2_ADV_X1Y1       PLLE2_ADV (Prop_plle2_adv_CLKIN1_CLKOUT1)
                                                      0.083     8.127 r  cnn_accelerator_system_i/mig_7series_0/u_cnn_accelerator_system_mig_7series_0_0_mig/u_ddr3_infrastructure/plle2_i/CLKOUT1
                         net (fo=7, routed)           0.582     8.709    cnn_accelerator_system_i/mig_7series_0/u_cnn_accelerator_system_mig_7series_0_0_mig/u_memc_ui_top_axi/mem_intfc0/ddr_phy_top0/u_ddr_mc_phy_wrapper/u_ddr_mc_phy/ddr_phy_4lanes_0.u_ddr_phy_4lanes/ddr_byte_lane_C.ddr_byte_lane_C/mem_refclk
    PHASER_OUT_PHY_X1Y6  PHASER_OUT_PHY (Prop_phaser_out_phy_MEMREFCLK_OCLK)
                                                      2.416    11.124 r  cnn_accelerator_system_i/mig_7series_0/u_cnn_accelerator_system_mig_7series_0_0_mig/u_memc_ui_top_axi/mem_intfc0/ddr_phy_top0/u_ddr_mc_phy_wrapper/u_ddr_mc_phy/ddr_phy_4lanes_0.u_ddr_phy_4lanes/ddr_byte_lane_C.ddr_byte_lane_C/phaser_out/OCLK
    PHASER_OUT_PHY_X1Y6  PHASER_OUT_PHY (Prop_phaser_out_phy_OCLK_OCLKDELAYED)
                                                      0.754    11.879 r  cnn_accelerator_system_i/mig_7series_0/u_cnn_accelerator_system_mig_7series_0_0_mig/u_memc_ui_top_axi/mem_intfc0/ddr_phy_top0/u_ddr_mc_phy_wrapper/u_ddr_mc_phy/ddr_phy_4lanes_0.u_ddr_phy_4lanes/ddr_byte_lane_C.ddr_byte_lane_C/phaser_out/OCLKDELAYED
                         net (fo=2, routed)           0.400    12.279    cnn_accelerator_system_i/mig_7series_0/u_cnn_accelerator_system_mig_7series_0_0_mig/u_memc_ui_top_axi/mem_intfc0/ddr_phy_top0/u_ddr_mc_phy_wrapper/u_ddr_mc_phy/ddr_phy_4lanes_0.u_ddr_phy_4lanes/ddr_byte_lane_C.ddr_byte_lane_C/ddr_byte_group_io/oserdes_clk_delayed
    OLOGIC_X1Y82         ODDR                                         r  cnn_accelerator_system_i/mig_7series_0/u_cnn_accelerator_system_mig_7series_0_0_mig/u_memc_ui_top_axi/mem_intfc0/ddr_phy_top0/u_ddr_mc_phy_wrapper/u_ddr_mc_phy/ddr_phy_4lanes_0.u_ddr_phy_4lanes/ddr_byte_lane_C.ddr_byte_lane_C/ddr_byte_group_io/dqs_gen.oddr_dqsts/C
                         clock pessimism              0.449    12.728
                         clock uncertainty           -0.056    12.672
    OLOGIC_X1Y82         ODDR (Setup_oddr_C_D1)      -0.885    11.787    cnn_accelerator_system_i/mig_7series_0/u_cnn_accelerator_system_mig_7series_0_0_mig/u_memc_ui_top_axi/mem_intfc0/ddr_phy_top0/u_ddr_mc_phy_wrapper/u_ddr_mc_phy/ddr_phy_4lanes_0.u_ddr_phy_4lanes/ddr_byte_lane_C.ddr_byte_lane_C/ddr_byte_group_io/dqs_gen.oddr_dqsts
  -------------------------------------------------------------------
                         required time                         11.787
                         arrival time                         -10.288
  -------------------------------------------------------------------
                         slack                                  1.499





Min Delay Paths
--------------------------------------------------------------------------------------
Slack (MET) :             0.413ns  (arrival time - required time)
  Source:                 cnn_accelerator_system_i/mig_7series_0/u_cnn_accelerator_system_mig_7series_0_0_mig/u_memc_ui_top_axi/mem_intfc0/ddr_phy_top0/u_ddr_mc_phy_wrapper/u_ddr_mc_phy/ddr_phy_4lanes_0.u_ddr_phy_4lanes/ddr_byte_lane_C.ddr_byte_lane_C/phaser_out/OCLKDELAYED
                            (rising edge-triggered cell PHASER_OUT_PHY clocked by oserdes_clk_2  {rise@0.000ns fall@1.538ns period=3.077ns})
  Destination:            cnn_accelerator_system_i/mig_7series_0/u_cnn_accelerator_system_mig_7series_0_0_mig/u_memc_ui_top_axi/mem_intfc0/ddr_phy_top0/u_ddr_mc_phy_wrapper/u_ddr_mc_phy/ddr_phy_4lanes_0.u_ddr_phy_4lanes/ddr_byte_lane_C.ddr_byte_lane_C/ddr_byte_group_io/dqs_gen.oddr_dqs/D2
                            (rising edge-triggered cell ODDR clocked by oserdes_clk_2  {rise@0.000ns fall@1.538ns period=3.077ns})
  Path Group:             oserdes_clk_2
  Path Type:              Hold (Min at Fast Process Corner)
  Requirement:            0.000ns  (oserdes_clk_2 rise@0.000ns - oserdes_clk_2 rise@0.000ns)
  Data Path Delay:        0.496ns  (logic 0.346ns (69.715%)  route 0.150ns (30.285%))
  Logic Levels:           0
  Clock Path Skew:        0.176ns (DCD - SCD - CPR)
    Destination Clock Delay (DCD):    5.316ns
    Source Clock Delay      (SCD):    4.512ns
    Clock Pessimism Removal (CPR):    0.628ns

    Location             Delay type                Incr(ns)  Path(ns)    Netlist Resource(s)
  -------------------------------------------------------------------    -------------------
                         (clock oserdes_clk_2 rise edge)
                                                      0.000     0.000 r
    E3                                                0.000     0.000 r  CLK100MHZ (IN)
                         net (fo=0)                   0.000     0.000    CLK100MHZ
    E3                   IBUF (Prop_ibuf_I_O)         0.250     0.250 r  CLK100MHZ_IBUF_inst/O
                         net (fo=1, routed)           0.644     0.894    cnn_accelerator_system_i/util_ds_buf_0/U0/BUFG_I[0]
    BUFGCTRL_X0Y16       BUFG (Prop_bufg_I_O)         0.026     0.920 r  cnn_accelerator_system_i/util_ds_buf_0/U0/USE_BUFG.GEN_BUFG[0].BUFG_U/O
                         net (fo=2, routed)           0.566     1.485    cnn_accelerator_system_i/mig_7series_0/u_cnn_accelerator_system_mig_7series_0_0_mig/u_ddr3_infrastructure/mmcm_clk
    PLLE2_ADV_X1Y1       PLLE2_ADV (Prop_plle2_adv_CLKIN1_CLKOUT1)
                                                      0.050     1.535 r  cnn_accelerator_system_i/mig_7series_0/u_cnn_accelerator_system_mig_7series_0_0_mig/u_ddr3_infrastructure/plle2_i/CLKOUT1
                         net (fo=7, routed)           0.197     1.732    cnn_accelerator_system_i/mig_7series_0/u_cnn_accelerator_system_mig_7series_0_0_mig/u_memc_ui_top_axi/mem_intfc0/ddr_phy_top0/u_ddr_mc_phy_wrapper/u_ddr_mc_phy/ddr_phy_4lanes_0.u_ddr_phy_4lanes/ddr_byte_lane_C.ddr_byte_lane_C/mem_refclk
    PHASER_OUT_PHY_X1Y6  PHASER_OUT_PHY (Prop_phaser_out_phy_MEMREFCLK_OCLK)
                                                      2.135     3.867 r  cnn_accelerator_system_i/mig_7series_0/u_cnn_accelerator_system_mig_7series_0_0_mig/u_memc_ui_top_axi/mem_intfc0/ddr_phy_top0/u_ddr_mc_phy_wrapper/u_ddr_mc_phy/ddr_phy_4lanes_0.u_ddr_phy_4lanes/ddr_byte_lane_C.ddr_byte_lane_C/phaser_out/OCLK
    PHASER_OUT_PHY_X1Y6  PHASER_OUT_PHY (Prop_phaser_out_phy_OCLK_OCLKDELAYED)
                                                      0.645     4.512 r  cnn_accelerator_system_i/mig_7series_0/u_cnn_accelerator_system_mig_7series_0_0_mig/u_memc_ui_top_axi/mem_intfc0/ddr_phy_top0/u_ddr_mc_phy_wrapper/u_ddr_mc_phy/ddr_phy_4lanes_0.u_ddr_phy_4lanes/ddr_byte_lane_C.ddr_byte_lane_C/phaser_out/OCLKDELAYED
  -------------------------------------------------------------------    -------------------
    PHASER_OUT_PHY_X1Y6  PHASER_OUT_PHY (Prop_phaser_out_phy_OCLKDELAYED_DQSBUS[1])
                                                      0.346     4.858 r  cnn_accelerator_system_i/mig_7series_0/u_cnn_accelerator_system_mig_7series_0_0_mig/u_memc_ui_top_axi/mem_intfc0/ddr_phy_top0/u_ddr_mc_phy_wrapper/u_ddr_mc_phy/ddr_phy_4lanes_0.u_ddr_phy_4lanes/ddr_byte_lane_C.ddr_byte_lane_C/phaser_out/DQSBUS[1]
                         net (fo=1, routed)           0.150     5.008    cnn_accelerator_system_i/mig_7series_0/u_cnn_accelerator_system_mig_7series_0_0_mig/u_memc_ui_top_axi/mem_intfc0/ddr_phy_top0/u_ddr_mc_phy_wrapper/u_ddr_mc_phy/ddr_phy_4lanes_0.u_ddr_phy_4lanes/ddr_byte_lane_C.ddr_byte_lane_C/ddr_byte_group_io/DQSBUS[1]
    OLOGIC_X1Y82         ODDR                                         r  cnn_accelerator_system_i/mig_7series_0/u_cnn_accelerator_system_mig_7series_0_0_mig/u_memc_ui_top_axi/mem_intfc0/ddr_phy_top0/u_ddr_mc_phy_wrapper/u_ddr_mc_phy/ddr_phy_4lanes_0.u_ddr_phy_4lanes/ddr_byte_lane_C.ddr_byte_lane_C/ddr_byte_group_io/dqs_gen.oddr_dqs/D2
  -------------------------------------------------------------------    -------------------

                         (clock oserdes_clk_2 rise edge)
                                                      0.000     0.000 r
    E3                                                0.000     0.000 r  CLK100MHZ (IN)
                         net (fo=0)                   0.000     0.000    CLK100MHZ
    E3                   IBUF (Prop_ibuf_I_O)         0.438     0.438 r  CLK100MHZ_IBUF_inst/O
                         net (fo=1, routed)           0.699     1.136    cnn_accelerator_system_i/util_ds_buf_0/U0/BUFG_I[0]
    BUFGCTRL_X0Y16       BUFG (Prop_bufg_I_O)         0.029     1.165 r  cnn_accelerator_system_i/util_ds_buf_0/U0/USE_BUFG.GEN_BUFG[0].BUFG_U/O
                         net (fo=2, routed)           0.835     2.000    cnn_accelerator_system_i/mig_7series_0/u_cnn_accelerator_system_mig_7series_0_0_mig/u_ddr3_infrastructure/mmcm_clk
    PLLE2_ADV_X1Y1       PLLE2_ADV (Prop_plle2_adv_CLKIN1_CLKOUT1)
                                                      0.053     2.053 r  cnn_accelerator_system_i/mig_7series_0/u_cnn_accelerator_system_mig_7series_0_0_mig/u_ddr3_infrastructure/plle2_i/CLKOUT1
                         net (fo=7, routed)           0.218     2.271    cnn_accelerator_system_i/mig_7series_0/u_cnn_accelerator_system_mig_7series_0_0_mig/u_memc_ui_top_axi/mem_intfc0/ddr_phy_top0/u_ddr_mc_phy_wrapper/u_ddr_mc_phy/ddr_phy_4lanes_0.u_ddr_phy_4lanes/ddr_byte_lane_C.ddr_byte_lane_C/mem_refclk
    PHASER_OUT_PHY_X1Y6  PHASER_OUT_PHY (Prop_phaser_out_phy_MEMREFCLK_OCLK)
                                                      2.184     4.455 r  cnn_accelerator_system_i/mig_7series_0/u_cnn_accelerator_system_mig_7series_0_0_mig/u_memc_ui_top_axi/mem_intfc0/ddr_phy_top0/u_ddr_mc_phy_wrapper/u_ddr_mc_phy/ddr_phy_4lanes_0.u_ddr_phy_4lanes/ddr_byte_lane_C.ddr_byte_lane_C/phaser_out/OCLK
    PHASER_OUT_PHY_X1Y6  PHASER_OUT_PHY (Prop_phaser_out_phy_OCLK_OCLKDELAYED)
                                                      0.685     5.140 r  cnn_accelerator_system_i/mig_7series_0/u_cnn_accelerator_system_mig_7series_0_0_mig/u_memc_ui_top_axi/mem_intfc0/ddr_phy_top0/u_ddr_mc_phy_wrapper/u_ddr_mc_phy/ddr_phy_4lanes_0.u_ddr_phy_4lanes/ddr_byte_lane_C.ddr_byte_lane_C/phaser_out/OCLKDELAYED
                         net (fo=2, routed)           0.176     5.316    cnn_accelerator_system_i/mig_7series_0/u_cnn_accelerator_system_mig_7series_0_0_mig/u_memc_ui_top_axi/mem_intfc0/ddr_phy_top0/u_ddr_mc_phy_wrapper/u_ddr_mc_phy/ddr_phy_4lanes_0.u_ddr_phy_4lanes/ddr_byte_lane_C.ddr_byte_lane_C/ddr_byte_group_io/oserdes_clk_delayed
    OLOGIC_X1Y82         ODDR                                         r  cnn_accelerator_system_i/mig_7series_0/u_cnn_accelerator_system_mig_7series_0_0_mig/u_memc_ui_top_axi/mem_intfc0/ddr_phy_top0/u_ddr_mc_phy_wrapper/u_ddr_mc_phy/ddr_phy_4lanes_0.u_ddr_phy_4lanes/ddr_byte_lane_C.ddr_byte_lane_C/ddr_byte_group_io/dqs_gen.oddr_dqs/C
                         clock pessimism             -0.628     4.688
    OLOGIC_X1Y82         ODDR (Hold_oddr_C_D2)       -0.093     4.595    cnn_accelerator_system_i/mig_7series_0/u_cnn_accelerator_system_mig_7series_0_0_mig/u_memc_ui_top_axi/mem_intfc0/ddr_phy_top0/u_ddr_mc_phy_wrapper/u_ddr_mc_phy/ddr_phy_4lanes_0.u_ddr_phy_4lanes/ddr_byte_lane_C.ddr_byte_lane_C/ddr_byte_group_io/dqs_gen.oddr_dqs
  -------------------------------------------------------------------
                         required time                         -4.595
                         arrival time                           5.008
  -------------------------------------------------------------------
                         slack                                  0.413





Pulse Width Checks
--------------------------------------------------------------------------------------
Clock Name:         oserdes_clk_2
Waveform(ns):       { 0.000 1.538 }
Period(ns):         3.077
Sources:            { cnn_accelerator_system_i/mig_7series_0/u_cnn_accelerator_system_mig_7series_0_0_mig/u_memc_ui_top_axi/mem_intfc0/ddr_phy_top0/u_ddr_mc_phy_wrapper/u_ddr_mc_phy/ddr_phy_4lanes_0.u_ddr_phy_4lanes/ddr_byte_lane_C.ddr_byte_lane_C/phaser_out/OCLK }

Check Type  Corner  Lib Pin        Reference Pin  Required(ns)  Actual(ns)  Slack(ns)  Location      Pin
Min Period  n/a     OSERDESE2/CLK  n/a            1.667         3.077       1.410      OLOGIC_X1Y76  cnn_accelerator_system_i/mig_7series_0/u_cnn_accelerator_system_mig_7series_0_0_mig/u_memc_ui_top_axi/mem_intfc0/ddr_phy_top0/u_ddr_mc_phy_wrapper/u_ddr_mc_phy/ddr_phy_4lanes_0.u_ddr_phy_4lanes/ddr_byte_lane_C.ddr_byte_lane_C/ddr_byte_group_io/output_[1].oserdes_dq_.ddr.oserdes_dq_i/CLK



---------------------------------------------------------------------------------------------------
From Clock:  oserdes_clkdiv_2
  To Clock:  oserdes_clkdiv_2

Setup :            0  Failing Endpoints,  Worst Slack        4.734ns,  Total Violation        0.000ns
Hold  :            0  Failing Endpoints,  Worst Slack        0.092ns,  Total Violation        0.000ns
PW    :            0  Failing Endpoints,  Worst Slack        0.927ns,  Total Violation        0.000ns
---------------------------------------------------------------------------------------------------


Max Delay Paths
--------------------------------------------------------------------------------------
Slack (MET) :             4.734ns  (required time - arrival time)
  Source:                 cnn_accelerator_system_i/mig_7series_0/u_cnn_accelerator_system_mig_7series_0_0_mig/u_memc_ui_top_axi/mem_intfc0/ddr_phy_top0/u_ddr_mc_phy_wrapper/u_ddr_mc_phy/ddr_phy_4lanes_0.u_ddr_phy_4lanes/ddr_byte_lane_C.ddr_byte_lane_C/out_fifo/RDCLK
                            (rising edge-triggered cell OUT_FIFO clocked by oserdes_clkdiv_2  {rise@0.000ns fall@3.077ns period=6.154ns})
  Destination:            cnn_accelerator_system_i/mig_7series_0/u_cnn_accelerator_system_mig_7series_0_0_mig/u_memc_ui_top_axi/mem_intfc0/ddr_phy_top0/u_ddr_mc_phy_wrapper/u_ddr_mc_phy/ddr_phy_4lanes_0.u_ddr_phy_4lanes/ddr_byte_lane_C.ddr_byte_lane_C/ddr_byte_group_io/output_[6].oserdes_dq_.ddr.oserdes_dq_i/D1
                            (rising edge-triggered cell OSERDESE2 clocked by oserdes_clkdiv_2  {rise@0.000ns fall@3.077ns period=6.154ns})
  Path Group:             oserdes_clkdiv_2
  Path Type:              Setup (Max at Slow Process Corner)
  Requirement:            6.154ns  (oserdes_clkdiv_2 rise@6.154ns - oserdes_clkdiv_2 rise@0.000ns)
  Data Path Delay:        1.142ns  (logic 0.674ns (59.003%)  route 0.468ns (40.996%))
  Logic Levels:           0
  Clock Path Skew:        0.403ns (DCD - SCD + CPR)
    Destination Clock Delay (DCD):    8.599ns = ( 14.752 - 6.154 )
    Source Clock Delay      (SCD):    8.608ns
    Clock Pessimism Removal (CPR):    0.412ns
  Clock Uncertainty:      0.056ns  ((TSJ^2 + DJ^2)^1/2) / 2 + PE
    Total System Jitter     (TSJ):    0.071ns
    Discrete Jitter          (DJ):    0.087ns
    Phase Error              (PE):    0.000ns

    Location             Delay type                Incr(ns)  Path(ns)    Netlist Resource(s)
  -------------------------------------------------------------------    -------------------
                         (clock oserdes_clkdiv_2 rise edge)
                                                      0.000     0.000 r
    E3                                                0.000     0.000 r  CLK100MHZ (IN)
                         net (fo=0)                   0.000     0.000    CLK100MHZ
    E3                   IBUF (Prop_ibuf_I_O)         1.482     1.482 r  CLK100MHZ_IBUF_inst/O
                         net (fo=1, routed)           2.025     3.506    cnn_accelerator_system_i/util_ds_buf_0/U0/BUFG_I[0]
    BUFGCTRL_X0Y16       BUFG (Prop_bufg_I_O)         0.096     3.602 r  cnn_accelerator_system_i/util_ds_buf_0/U0/USE_BUFG.GEN_BUFG[0].BUFG_U/O
                         net (fo=2, routed)           1.666     5.269    cnn_accelerator_system_i/mig_7series_0/u_cnn_accelerator_system_mig_7series_0_0_mig/u_ddr3_infrastructure/mmcm_clk
    PLLE2_ADV_X1Y1       PLLE2_ADV (Prop_plle2_adv_CLKIN1_CLKOUT1)
                                                      0.088     5.357 r  cnn_accelerator_system_i/mig_7series_0/u_cnn_accelerator_system_mig_7series_0_0_mig/u_ddr3_infrastructure/plle2_i/CLKOUT1
                         net (fo=7, routed)           0.614     5.971    cnn_accelerator_system_i/mig_7series_0/u_cnn_accelerator_system_mig_7series_0_0_mig/u_memc_ui_top_axi/mem_intfc0/ddr_phy_top0/u_ddr_mc_phy_wrapper/u_ddr_mc_phy/ddr_phy_4lanes_0.u_ddr_phy_4lanes/ddr_byte_lane_C.ddr_byte_lane_C/mem_refclk
    PHASER_OUT_PHY_X1Y6  PHASER_OUT_PHY (Prop_phaser_out_phy_MEMREFCLK_OCLK)
                                                      2.480     8.451 r  cnn_accelerator_system_i/mig_7series_0/u_cnn_accelerator_system_mig_7series_0_0_mig/u_memc_ui_top_axi/mem_intfc0/ddr_phy_top0/u_ddr_mc_phy_wrapper/u_ddr_mc_phy/ddr_phy_4lanes_0.u_ddr_phy_4lanes/ddr_byte_lane_C.ddr_byte_lane_C/phaser_out/OCLK
    PHASER_OUT_PHY_X1Y6  PHASER_OUT_PHY (Prop_phaser_out_phy_OCLK_OCLKDIV)
                                                      0.157     8.608 r  cnn_accelerator_system_i/mig_7series_0/u_cnn_accelerator_system_mig_7series_0_0_mig/u_memc_ui_top_axi/mem_intfc0/ddr_phy_top0/u_ddr_mc_phy_wrapper/u_ddr_mc_phy/ddr_phy_4lanes_0.u_ddr_phy_4lanes/ddr_byte_lane_C.ddr_byte_lane_C/phaser_out/OCLKDIV
                         net (fo=11, routed)          0.000     8.608    cnn_accelerator_system_i/mig_7series_0/u_cnn_accelerator_system_mig_7series_0_0_mig/u_memc_ui_top_axi/mem_intfc0/ddr_phy_top0/u_ddr_mc_phy_wrapper/u_ddr_mc_phy/ddr_phy_4lanes_0.u_ddr_phy_4lanes/ddr_byte_lane_C.ddr_byte_lane_C/oserdes_clkdiv
    OUT_FIFO_X1Y6        OUT_FIFO                                     r  cnn_accelerator_system_i/mig_7series_0/u_cnn_accelerator_system_mig_7series_0_0_mig/u_memc_ui_top_axi/mem_intfc0/ddr_phy_top0/u_ddr_mc_phy_wrapper/u_ddr_mc_phy/ddr_phy_4lanes_0.u_ddr_phy_4lanes/ddr_byte_lane_C.ddr_byte_lane_C/out_fifo/RDCLK
  -------------------------------------------------------------------    -------------------
    OUT_FIFO_X1Y6        OUT_FIFO (Prop_out_fifo_RDCLK_Q6[0])
                                                      0.674     9.282 r  cnn_accelerator_system_i/mig_7series_0/u_cnn_accelerator_system_mig_7series_0_0_mig/u_memc_ui_top_axi/mem_intfc0/ddr_phy_top0/u_ddr_mc_phy_wrapper/u_ddr_mc_phy/ddr_phy_4lanes_0.u_ddr_phy_4lanes/ddr_byte_lane_C.ddr_byte_lane_C/out_fifo/Q6[0]
                         net (fo=1, routed)           0.468     9.750    cnn_accelerator_system_i/mig_7series_0/u_cnn_accelerator_system_mig_7series_0_0_mig/u_memc_ui_top_axi/mem_intfc0/ddr_phy_top0/u_ddr_mc_phy_wrapper/u_ddr_mc_phy/ddr_phy_4lanes_0.u_ddr_phy_4lanes/ddr_byte_lane_C.ddr_byte_lane_C/ddr_byte_group_io/of_dqbus[20]
    OLOGIC_X1Y83         OSERDESE2                                    r  cnn_accelerator_system_i/mig_7series_0/u_cnn_accelerator_system_mig_7series_0_0_mig/u_memc_ui_top_axi/mem_intfc0/ddr_phy_top0/u_ddr_mc_phy_wrapper/u_ddr_mc_phy/ddr_phy_4lanes_0.u_ddr_phy_4lanes/ddr_byte_lane_C.ddr_byte_lane_C/ddr_byte_group_io/output_[6].oserdes_dq_.ddr.oserdes_dq_i/D1
  -------------------------------------------------------------------    -------------------

                         (clock oserdes_clkdiv_2 rise edge)
                                                      6.154     6.154 r
    E3                                                0.000     6.154 r  CLK100MHZ (IN)
                         net (fo=0)                   0.000     6.154    CLK100MHZ
    E3                   IBUF (Prop_ibuf_I_O)         1.411     7.565 r  CLK100MHZ_IBUF_inst/O
                         net (fo=1, routed)           1.920     9.485    cnn_accelerator_system_i/util_ds_buf_0/U0/BUFG_I[0]
    BUFGCTRL_X0Y16       BUFG (Prop_bufg_I_O)         0.091     9.576 r  cnn_accelerator_system_i/util_ds_buf_0/U0/USE_BUFG.GEN_BUFG[0].BUFG_U/O
                         net (fo=2, routed)           1.544    11.120    cnn_accelerator_system_i/mig_7series_0/u_cnn_accelerator_system_mig_7series_0_0_mig/u_ddr3_infrastructure/mmcm_clk
    PLLE2_ADV_X1Y1       PLLE2_ADV (Prop_plle2_adv_CLKIN1_CLKOUT1)
                                                      0.083    11.203 r  cnn_accelerator_system_i/mig_7series_0/u_cnn_accelerator_system_mig_7series_0_0_mig/u_ddr3_infrastructure/plle2_i/CLKOUT1
                         net (fo=7, routed)           0.582    11.785    cnn_accelerator_system_i/mig_7series_0/u_cnn_accelerator_system_mig_7series_0_0_mig/u_memc_ui_top_axi/mem_intfc0/ddr_phy_top0/u_ddr_mc_phy_wrapper/u_ddr_mc_phy/ddr_phy_4lanes_0.u_ddr_phy_4lanes/ddr_byte_lane_C.ddr_byte_lane_C/mem_refclk
    PHASER_OUT_PHY_X1Y6  PHASER_OUT_PHY (Prop_phaser_out_phy_MEMREFCLK_OCLK)
                                                      2.416    14.201 r  cnn_accelerator_system_i/mig_7series_0/u_cnn_accelerator_system_mig_7series_0_0_mig/u_memc_ui_top_axi/mem_intfc0/ddr_phy_top0/u_ddr_mc_phy_wrapper/u_ddr_mc_phy/ddr_phy_4lanes_0.u_ddr_phy_4lanes/ddr_byte_lane_C.ddr_byte_lane_C/phaser_out/OCLK
    PHASER_OUT_PHY_X1Y6  PHASER_OUT_PHY (Prop_phaser_out_phy_OCLK_OCLKDIV)
                                                      0.148    14.349 r  cnn_accelerator_system_i/mig_7series_0/u_cnn_accelerator_system_mig_7series_0_0_mig/u_memc_ui_top_axi/mem_intfc0/ddr_phy_top0/u_ddr_mc_phy_wrapper/u_ddr_mc_phy/ddr_phy_4lanes_0.u_ddr_phy_4lanes/ddr_byte_lane_C.ddr_byte_lane_C/phaser_out/OCLKDIV
                         net (fo=11, routed)          0.403    14.752    cnn_accelerator_system_i/mig_7series_0/u_cnn_accelerator_system_mig_7series_0_0_mig/u_memc_ui_top_axi/mem_intfc0/ddr_phy_top0/u_ddr_mc_phy_wrapper/u_ddr_mc_phy/ddr_phy_4lanes_0.u_ddr_phy_4lanes/ddr_byte_lane_C.ddr_byte_lane_C/ddr_byte_group_io/oserdes_clkdiv
    OLOGIC_X1Y83         OSERDESE2                                    r  cnn_accelerator_system_i/mig_7series_0/u_cnn_accelerator_system_mig_7series_0_0_mig/u_memc_ui_top_axi/mem_intfc0/ddr_phy_top0/u_ddr_mc_phy_wrapper/u_ddr_mc_phy/ddr_phy_4lanes_0.u_ddr_phy_4lanes/ddr_byte_lane_C.ddr_byte_lane_C/ddr_byte_group_io/output_[6].oserdes_dq_.ddr.oserdes_dq_i/CLKDIV
                         clock pessimism              0.412    15.165
                         clock uncertainty           -0.056    15.109
    OLOGIC_X1Y83         OSERDESE2 (Setup_oserdese2_CLKDIV_D1)
                                                     -0.625    14.484    cnn_accelerator_system_i/mig_7series_0/u_cnn_accelerator_system_mig_7series_0_0_mig/u_memc_ui_top_axi/mem_intfc0/ddr_phy_top0/u_ddr_mc_phy_wrapper/u_ddr_mc_phy/ddr_phy_4lanes_0.u_ddr_phy_4lanes/ddr_byte_lane_C.ddr_byte_lane_C/ddr_byte_group_io/output_[6].oserdes_dq_.ddr.oserdes_dq_i
  -------------------------------------------------------------------
                         required time                         14.484
                         arrival time                          -9.750
  -------------------------------------------------------------------
                         slack                                  4.734





Min Delay Paths
--------------------------------------------------------------------------------------
Slack (MET) :             0.092ns  (arrival time - required time)
  Source:                 cnn_accelerator_system_i/mig_7series_0/u_cnn_accelerator_system_mig_7series_0_0_mig/u_memc_ui_top_axi/mem_intfc0/ddr_phy_top0/u_ddr_mc_phy_wrapper/u_ddr_mc_phy/ddr_phy_4lanes_0.u_ddr_phy_4lanes/ddr_byte_lane_C.ddr_byte_lane_C/out_fifo/RDCLK
                            (rising edge-triggered cell OUT_FIFO clocked by oserdes_clkdiv_2  {rise@0.000ns fall@3.077ns period=6.154ns})
  Destination:            cnn_accelerator_system_i/mig_7series_0/u_cnn_accelerator_system_mig_7series_0_0_mig/u_memc_ui_top_axi/mem_intfc0/ddr_phy_top0/u_ddr_mc_phy_wrapper/u_ddr_mc_phy/ddr_phy_4lanes_0.u_ddr_phy_4lanes/ddr_byte_lane_C.ddr_byte_lane_C/ddr_byte_group_io/output_[2].oserdes_dq_.ddr.oserdes_dq_i/D2
                            (rising edge-triggered cell OSERDESE2 clocked by oserdes_clkdiv_2  {rise@0.000ns fall@3.077ns period=6.154ns})
  Path Group:             oserdes_clkdiv_2
  Path Type:              Hold (Min at Fast Process Corner)
  Requirement:            0.000ns  (oserdes_clkdiv_2 rise@0.000ns - oserdes_clkdiv_2 rise@0.000ns)
  Data Path Delay:        0.288ns  (logic 0.138ns (47.866%)  route 0.150ns (52.134%))
  Logic Levels:           0
  Clock Path Skew:        0.177ns (DCD - SCD - CPR)
    Destination Clock Delay (DCD):    4.720ns
    Source Clock Delay      (SCD):    3.950ns
    Clock Pessimism Removal (CPR):    0.593ns

    Location             Delay type                Incr(ns)  Path(ns)    Netlist Resource(s)
  -------------------------------------------------------------------    -------------------
                         (clock oserdes_clkdiv_2 rise edge)
                                                      0.000     0.000 r
    E3                                                0.000     0.000 r  CLK100MHZ (IN)
                         net (fo=0)                   0.000     0.000    CLK100MHZ
    E3                   IBUF (Prop_ibuf_I_O)         0.250     0.250 r  CLK100MHZ_IBUF_inst/O
                         net (fo=1, routed)           0.644     0.894    cnn_accelerator_system_i/util_ds_buf_0/U0/BUFG_I[0]
    BUFGCTRL_X0Y16       BUFG (Prop_bufg_I_O)         0.026     0.920 r  cnn_accelerator_system_i/util_ds_buf_0/U0/USE_BUFG.GEN_BUFG[0].BUFG_U/O
                         net (fo=2, routed)           0.566     1.485    cnn_accelerator_system_i/mig_7series_0/u_cnn_accelerator_system_mig_7series_0_0_mig/u_ddr3_infrastructure/mmcm_clk
    PLLE2_ADV_X1Y1       PLLE2_ADV (Prop_plle2_adv_CLKIN1_CLKOUT1)
                                                      0.050     1.535 r  cnn_accelerator_system_i/mig_7series_0/u_cnn_accelerator_system_mig_7series_0_0_mig/u_ddr3_infrastructure/plle2_i/CLKOUT1
                         net (fo=7, routed)           0.197     1.732    cnn_accelerator_system_i/mig_7series_0/u_cnn_accelerator_system_mig_7series_0_0_mig/u_memc_ui_top_axi/mem_intfc0/ddr_phy_top0/u_ddr_mc_phy_wrapper/u_ddr_mc_phy/ddr_phy_4lanes_0.u_ddr_phy_4lanes/ddr_byte_lane_C.ddr_byte_lane_C/mem_refclk
    PHASER_OUT_PHY_X1Y6  PHASER_OUT_PHY (Prop_phaser_out_phy_MEMREFCLK_OCLK)
                                                      2.135     3.867 r  cnn_accelerator_system_i/mig_7series_0/u_cnn_accelerator_system_mig_7series_0_0_mig/u_memc_ui_top_axi/mem_intfc0/ddr_phy_top0/u_ddr_mc_phy_wrapper/u_ddr_mc_phy/ddr_phy_4lanes_0.u_ddr_phy_4lanes/ddr_byte_lane_C.ddr_byte_lane_C/phaser_out/OCLK
    PHASER_OUT_PHY_X1Y6  PHASER_OUT_PHY (Prop_phaser_out_phy_OCLK_OCLKDIV)
                                                      0.083     3.950 r  cnn_accelerator_system_i/mig_7series_0/u_cnn_accelerator_system_mig_7series_0_0_mig/u_memc_ui_top_axi/mem_intfc0/ddr_phy_top0/u_ddr_mc_phy_wrapper/u_ddr_mc_phy/ddr_phy_4lanes_0.u_ddr_phy_4lanes/ddr_byte_lane_C.ddr_byte_lane_C/phaser_out/OCLKDIV
                         net (fo=11, routed)          0.000     3.950    cnn_accelerator_system_i/mig_7series_0/u_cnn_accelerator_system_mig_7series_0_0_mig/u_memc_ui_top_axi/mem_intfc0/ddr_phy_top0/u_ddr_mc_phy_wrapper/u_ddr_mc_phy/ddr_phy_4lanes_0.u_ddr_phy_4lanes/ddr_byte_lane_C.ddr_byte_lane_C/oserdes_clkdiv
    OUT_FIFO_X1Y6        OUT_FIFO                                     r  cnn_accelerator_system_i/mig_7series_0/u_cnn_accelerator_system_mig_7series_0_0_mig/u_memc_ui_top_axi/mem_intfc0/ddr_phy_top0/u_ddr_mc_phy_wrapper/u_ddr_mc_phy/ddr_phy_4lanes_0.u_ddr_phy_4lanes/ddr_byte_lane_C.ddr_byte_lane_C/out_fifo/RDCLK
  -------------------------------------------------------------------    -------------------
    OUT_FIFO_X1Y6        OUT_FIFO (Prop_out_fifo_RDCLK_Q2[1])
                                                      0.138     4.088 r  cnn_accelerator_system_i/mig_7series_0/u_cnn_accelerator_system_mig_7series_0_0_mig/u_memc_ui_top_axi/mem_intfc0/ddr_phy_top0/u_ddr_mc_phy_wrapper/u_ddr_mc_phy/ddr_phy_4lanes_0.u_ddr_phy_4lanes/ddr_byte_lane_C.ddr_byte_lane_C/out_fifo/Q2[1]
                         net (fo=1, routed)           0.150     4.239    cnn_accelerator_system_i/mig_7series_0/u_cnn_accelerator_system_mig_7series_0_0_mig/u_memc_ui_top_axi/mem_intfc0/ddr_phy_top0/u_ddr_mc_phy_wrapper/u_ddr_mc_phy/ddr_phy_4lanes_0.u_ddr_phy_4lanes/ddr_byte_lane_C.ddr_byte_lane_C/ddr_byte_group_io/of_dqbus[5]
    OLOGIC_X1Y77         OSERDESE2                                    r  cnn_accelerator_system_i/mig_7series_0/u_cnn_accelerator_system_mig_7series_0_0_mig/u_memc_ui_top_axi/mem_intfc0/ddr_phy_top0/u_ddr_mc_phy_wrapper/u_ddr_mc_phy/ddr_phy_4lanes_0.u_ddr_phy_4lanes/ddr_byte_lane_C.ddr_byte_lane_C/ddr_byte_group_io/output_[2].oserdes_dq_.ddr.oserdes_dq_i/D2
  -------------------------------------------------------------------    -------------------

                         (clock oserdes_clkdiv_2 rise edge)
                                                      0.000     0.000 r
    E3                                                0.000     0.000 r  CLK100MHZ (IN)
                         net (fo=0)                   0.000     0.000    CLK100MHZ
    E3                   IBUF (Prop_ibuf_I_O)         0.438     0.438 r  CLK100MHZ_IBUF_inst/O
                         net (fo=1, routed)           0.699     1.136    cnn_accelerator_system_i/util_ds_buf_0/U0/BUFG_I[0]
    BUFGCTRL_X0Y16       BUFG (Prop_bufg_I_O)         0.029     1.165 r  cnn_accelerator_system_i/util_ds_buf_0/U0/USE_BUFG.GEN_BUFG[0].BUFG_U/O
                         net (fo=2, routed)           0.835     2.000    cnn_accelerator_system_i/mig_7series_0/u_cnn_accelerator_system_mig_7series_0_0_mig/u_ddr3_infrastructure/mmcm_clk
    PLLE2_ADV_X1Y1       PLLE2_ADV (Prop_plle2_adv_CLKIN1_CLKOUT1)
                                                      0.053     2.053 r  cnn_accelerator_system_i/mig_7series_0/u_cnn_accelerator_system_mig_7series_0_0_mig/u_ddr3_infrastructure/plle2_i/CLKOUT1
                         net (fo=7, routed)           0.218     2.271    cnn_accelerator_system_i/mig_7series_0/u_cnn_accelerator_system_mig_7series_0_0_mig/u_memc_ui_top_axi/mem_intfc0/ddr_phy_top0/u_ddr_mc_phy_wrapper/u_ddr_mc_phy/ddr_phy_4lanes_0.u_ddr_phy_4lanes/ddr_byte_lane_C.ddr_byte_lane_C/mem_refclk
    PHASER_OUT_PHY_X1Y6  PHASER_OUT_PHY (Prop_phaser_out_phy_MEMREFCLK_OCLK)
                                                      2.184     4.455 r  cnn_accelerator_system_i/mig_7series_0/u_cnn_accelerator_system_mig_7series_0_0_mig/u_memc_ui_top_axi/mem_intfc0/ddr_phy_top0/u_ddr_mc_phy_wrapper/u_ddr_mc_phy/ddr_phy_4lanes_0.u_ddr_phy_4lanes/ddr_byte_lane_C.ddr_byte_lane_C/phaser_out/OCLK
    PHASER_OUT_PHY_X1Y6  PHASER_OUT_PHY (Prop_phaser_out_phy_OCLK_OCLKDIV)
                                                      0.088     4.543 r  cnn_accelerator_system_i/mig_7series_0/u_cnn_accelerator_system_mig_7series_0_0_mig/u_memc_ui_top_axi/mem_intfc0/ddr_phy_top0/u_ddr_mc_phy_wrapper/u_ddr_mc_phy/ddr_phy_4lanes_0.u_ddr_phy_4lanes/ddr_byte_lane_C.ddr_byte_lane_C/phaser_out/OCLKDIV
                         net (fo=11, routed)          0.177     4.720    cnn_accelerator_system_i/mig_7series_0/u_cnn_accelerator_system_mig_7series_0_0_mig/u_memc_ui_top_axi/mem_intfc0/ddr_phy_top0/u_ddr_mc_phy_wrapper/u_ddr_mc_phy/ddr_phy_4lanes_0.u_ddr_phy_4lanes/ddr_byte_lane_C.ddr_byte_lane_C/ddr_byte_group_io/oserdes_clkdiv
    OLOGIC_X1Y77         OSERDESE2                                    r  cnn_accelerator_system_i/mig_7series_0/u_cnn_accelerator_system_mig_7series_0_0_mig/u_memc_ui_top_axi/mem_intfc0/ddr_phy_top0/u_ddr_mc_phy_wrapper/u_ddr_mc_phy/ddr_phy_4lanes_0.u_ddr_phy_4lanes/ddr_byte_lane_C.ddr_byte_lane_C/ddr_byte_group_io/output_[2].oserdes_dq_.ddr.oserdes_dq_i/CLKDIV
                         clock pessimism             -0.593     4.127
    OLOGIC_X1Y77         OSERDESE2 (Hold_oserdese2_CLKDIV_D2)
                                                      0.019     4.146    cnn_accelerator_system_i/mig_7series_0/u_cnn_accelerator_system_mig_7series_0_0_mig/u_memc_ui_top_axi/mem_intfc0/ddr_phy_top0/u_ddr_mc_phy_wrapper/u_ddr_mc_phy/ddr_phy_4lanes_0.u_ddr_phy_4lanes/ddr_byte_lane_C.ddr_byte_lane_C/ddr_byte_group_io/output_[2].oserdes_dq_.ddr.oserdes_dq_i
  -------------------------------------------------------------------
                         required time                         -4.146
                         arrival time                           4.239
  -------------------------------------------------------------------
                         slack                                  0.092





Pulse Width Checks
--------------------------------------------------------------------------------------
Clock Name:         oserdes_clkdiv_2
Waveform(ns):       { 0.000 3.077 }
Period(ns):         6.154
Sources:            { cnn_accelerator_system_i/mig_7series_0/u_cnn_accelerator_system_mig_7series_0_0_mig/u_memc_ui_top_axi/mem_intfc0/ddr_phy_top0/u_ddr_mc_phy_wrapper/u_ddr_mc_phy/ddr_phy_4lanes_0.u_ddr_phy_4lanes/ddr_byte_lane_C.ddr_byte_lane_C/phaser_out/OCLKDIV }

Check Type        Corner  Lib Pin         Reference Pin  Required(ns)  Actual(ns)  Slack(ns)  Location       Pin
Min Period        n/a     OUT_FIFO/RDCLK  n/a            5.000         6.154       1.154      OUT_FIFO_X1Y6  cnn_accelerator_system_i/mig_7series_0/u_cnn_accelerator_system_mig_7series_0_0_mig/u_memc_ui_top_axi/mem_intfc0/ddr_phy_top0/u_ddr_mc_phy_wrapper/u_ddr_mc_phy/ddr_phy_4lanes_0.u_ddr_phy_4lanes/ddr_byte_lane_C.ddr_byte_lane_C/out_fifo/RDCLK
Low Pulse Width   Slow    OUT_FIFO/RDCLK  n/a            2.150         3.077       0.927      OUT_FIFO_X1Y6  cnn_accelerator_system_i/mig_7series_0/u_cnn_accelerator_system_mig_7series_0_0_mig/u_memc_ui_top_axi/mem_intfc0/ddr_phy_top0/u_ddr_mc_phy_wrapper/u_ddr_mc_phy/ddr_phy_4lanes_0.u_ddr_phy_4lanes/ddr_byte_lane_C.ddr_byte_lane_C/out_fifo/RDCLK
High Pulse Width  Slow    OUT_FIFO/RDCLK  n/a            2.150         3.077       0.927      OUT_FIFO_X1Y6  cnn_accelerator_system_i/mig_7series_0/u_cnn_accelerator_system_mig_7series_0_0_mig/u_memc_ui_top_axi/mem_intfc0/ddr_phy_top0/u_ddr_mc_phy_wrapper/u_ddr_mc_phy/ddr_phy_4lanes_0.u_ddr_phy_4lanes/ddr_byte_lane_C.ddr_byte_lane_C/out_fifo/RDCLK



---------------------------------------------------------------------------------------------------
From Clock:  oserdes_clk_3
  To Clock:  oserdes_clk_3

Setup :            0  Failing Endpoints,  Worst Slack        1.515ns,  Total Violation        0.000ns
Hold  :            0  Failing Endpoints,  Worst Slack        0.408ns,  Total Violation        0.000ns
PW    :            0  Failing Endpoints,  Worst Slack        1.410ns,  Total Violation        0.000ns
---------------------------------------------------------------------------------------------------


Max Delay Paths
--------------------------------------------------------------------------------------
Slack (MET) :             1.515ns  (required time - arrival time)
  Source:                 cnn_accelerator_system_i/mig_7series_0/u_cnn_accelerator_system_mig_7series_0_0_mig/u_memc_ui_top_axi/mem_intfc0/ddr_phy_top0/u_ddr_mc_phy_wrapper/u_ddr_mc_phy/ddr_phy_4lanes_0.u_ddr_phy_4lanes/ddr_byte_lane_D.ddr_byte_lane_D/phaser_out/OCLKDELAYED
                            (rising edge-triggered cell PHASER_OUT_PHY clocked by oserdes_clk_3  {rise@0.000ns fall@1.538ns period=3.077ns})
  Destination:            cnn_accelerator_system_i/mig_7series_0/u_cnn_accelerator_system_mig_7series_0_0_mig/u_memc_ui_top_axi/mem_intfc0/ddr_phy_top0/u_ddr_mc_phy_wrapper/u_ddr_mc_phy/ddr_phy_4lanes_0.u_ddr_phy_4lanes/ddr_byte_lane_D.ddr_byte_lane_D/ddr_byte_group_io/dqs_gen.oddr_dqsts/D1
                            (rising edge-triggered cell ODDR clocked by oserdes_clk_3  {rise@0.000ns fall@1.538ns period=3.077ns})
  Path Group:             oserdes_clk_3
  Path Type:              Setup (Max at Slow Process Corner)
  Requirement:            3.077ns  (oserdes_clk_3 rise@3.077ns - oserdes_clk_3 rise@0.000ns)
  Data Path Delay:        1.037ns  (logic 0.562ns (54.177%)  route 0.475ns (45.823%))
  Logic Levels:           0
  Clock Path Skew:        0.416ns (DCD - SCD + CPR)
    Destination Clock Delay (DCD):    9.208ns = ( 12.285 - 3.077 )
    Source Clock Delay      (SCD):    9.240ns
    Clock Pessimism Removal (CPR):    0.448ns
  Clock Uncertainty:      0.056ns  ((TSJ^2 + DJ^2)^1/2) / 2 + PE
    Total System Jitter     (TSJ):    0.071ns
    Discrete Jitter          (DJ):    0.087ns
    Phase Error              (PE):    0.000ns

    Location             Delay type                Incr(ns)  Path(ns)    Netlist Resource(s)
  -------------------------------------------------------------------    -------------------
                         (clock oserdes_clk_3 rise edge)
                                                      0.000     0.000 r
    E3                                                0.000     0.000 r  CLK100MHZ (IN)
                         net (fo=0)                   0.000     0.000    CLK100MHZ
    E3                   IBUF (Prop_ibuf_I_O)         1.482     1.482 r  CLK100MHZ_IBUF_inst/O
                         net (fo=1, routed)           2.025     3.506    cnn_accelerator_system_i/util_ds_buf_0/U0/BUFG_I[0]
    BUFGCTRL_X0Y16       BUFG (Prop_bufg_I_O)         0.096     3.602 r  cnn_accelerator_system_i/util_ds_buf_0/U0/USE_BUFG.GEN_BUFG[0].BUFG_U/O
                         net (fo=2, routed)           1.666     5.269    cnn_accelerator_system_i/mig_7series_0/u_cnn_accelerator_system_mig_7series_0_0_mig/u_ddr3_infrastructure/mmcm_clk
    PLLE2_ADV_X1Y1       PLLE2_ADV (Prop_plle2_adv_CLKIN1_CLKOUT1)
                                                      0.088     5.357 r  cnn_accelerator_system_i/mig_7series_0/u_cnn_accelerator_system_mig_7series_0_0_mig/u_ddr3_infrastructure/plle2_i/CLKOUT1
                         net (fo=7, routed)           0.603     5.960    cnn_accelerator_system_i/mig_7series_0/u_cnn_accelerator_system_mig_7series_0_0_mig/u_memc_ui_top_axi/mem_intfc0/ddr_phy_top0/u_ddr_mc_phy_wrapper/u_ddr_mc_phy/ddr_phy_4lanes_0.u_ddr_phy_4lanes/ddr_byte_lane_D.ddr_byte_lane_D/mem_refclk
    PHASER_OUT_PHY_X1Y7  PHASER_OUT_PHY (Prop_phaser_out_phy_MEMREFCLK_OCLK)
                                                      2.480     8.440 r  cnn_accelerator_system_i/mig_7series_0/u_cnn_accelerator_system_mig_7series_0_0_mig/u_memc_ui_top_axi/mem_intfc0/ddr_phy_top0/u_ddr_mc_phy_wrapper/u_ddr_mc_phy/ddr_phy_4lanes_0.u_ddr_phy_4lanes/ddr_byte_lane_D.ddr_byte_lane_D/phaser_out/OCLK
    PHASER_OUT_PHY_X1Y7  PHASER_OUT_PHY (Prop_phaser_out_phy_OCLK_OCLKDELAYED)
                                                      0.800     9.240 r  cnn_accelerator_system_i/mig_7series_0/u_cnn_accelerator_system_mig_7series_0_0_mig/u_memc_ui_top_axi/mem_intfc0/ddr_phy_top0/u_ddr_mc_phy_wrapper/u_ddr_mc_phy/ddr_phy_4lanes_0.u_ddr_phy_4lanes/ddr_byte_lane_D.ddr_byte_lane_D/phaser_out/OCLKDELAYED
  -------------------------------------------------------------------    -------------------
    PHASER_OUT_PHY_X1Y7  PHASER_OUT_PHY (Prop_phaser_out_phy_OCLKDELAYED_CTSBUS[0])
                                                      0.562     9.802 r  cnn_accelerator_system_i/mig_7series_0/u_cnn_accelerator_system_mig_7series_0_0_mig/u_memc_ui_top_axi/mem_intfc0/ddr_phy_top0/u_ddr_mc_phy_wrapper/u_ddr_mc_phy/ddr_phy_4lanes_0.u_ddr_phy_4lanes/ddr_byte_lane_D.ddr_byte_lane_D/phaser_out/CTSBUS[0]
                         net (fo=2, routed)           0.475    10.277    cnn_accelerator_system_i/mig_7series_0/u_cnn_accelerator_system_mig_7series_0_0_mig/u_memc_ui_top_axi/mem_intfc0/ddr_phy_top0/u_ddr_mc_phy_wrapper/u_ddr_mc_phy/ddr_phy_4lanes_0.u_ddr_phy_4lanes/ddr_byte_lane_D.ddr_byte_lane_D/ddr_byte_group_io/CTSBUS[0]
    OLOGIC_X1Y94         ODDR                                         r  cnn_accelerator_system_i/mig_7series_0/u_cnn_accelerator_system_mig_7series_0_0_mig/u_memc_ui_top_axi/mem_intfc0/ddr_phy_top0/u_ddr_mc_phy_wrapper/u_ddr_mc_phy/ddr_phy_4lanes_0.u_ddr_phy_4lanes/ddr_byte_lane_D.ddr_byte_lane_D/ddr_byte_group_io/dqs_gen.oddr_dqsts/D1
  -------------------------------------------------------------------    -------------------

                         (clock oserdes_clk_3 rise edge)
                                                      3.077     3.077 r
    E3                                                0.000     3.077 r  CLK100MHZ (IN)
                         net (fo=0)                   0.000     3.077    CLK100MHZ
    E3                   IBUF (Prop_ibuf_I_O)         1.411     4.488 r  CLK100MHZ_IBUF_inst/O
                         net (fo=1, routed)           1.920     6.408    cnn_accelerator_system_i/util_ds_buf_0/U0/BUFG_I[0]
    BUFGCTRL_X0Y16       BUFG (Prop_bufg_I_O)         0.091     6.499 r  cnn_accelerator_system_i/util_ds_buf_0/U0/USE_BUFG.GEN_BUFG[0].BUFG_U/O
                         net (fo=2, routed)           1.544     8.044    cnn_accelerator_system_i/mig_7series_0/u_cnn_accelerator_system_mig_7series_0_0_mig/u_ddr3_infrastructure/mmcm_clk
    PLLE2_ADV_X1Y1       PLLE2_ADV (Prop_plle2_adv_CLKIN1_CLKOUT1)
                                                      0.083     8.127 r  cnn_accelerator_system_i/mig_7series_0/u_cnn_accelerator_system_mig_7series_0_0_mig/u_ddr3_infrastructure/plle2_i/CLKOUT1
                         net (fo=7, routed)           0.572     8.699    cnn_accelerator_system_i/mig_7series_0/u_cnn_accelerator_system_mig_7series_0_0_mig/u_memc_ui_top_axi/mem_intfc0/ddr_phy_top0/u_ddr_mc_phy_wrapper/u_ddr_mc_phy/ddr_phy_4lanes_0.u_ddr_phy_4lanes/ddr_byte_lane_D.ddr_byte_lane_D/mem_refclk
    PHASER_OUT_PHY_X1Y7  PHASER_OUT_PHY (Prop_phaser_out_phy_MEMREFCLK_OCLK)
                                                      2.416    11.114 r  cnn_accelerator_system_i/mig_7series_0/u_cnn_accelerator_system_mig_7series_0_0_mig/u_memc_ui_top_axi/mem_intfc0/ddr_phy_top0/u_ddr_mc_phy_wrapper/u_ddr_mc_phy/ddr_phy_4lanes_0.u_ddr_phy_4lanes/ddr_byte_lane_D.ddr_byte_lane_D/phaser_out/OCLK
    PHASER_OUT_PHY_X1Y7  PHASER_OUT_PHY (Prop_phaser_out_phy_OCLK_OCLKDELAYED)
                                                      0.754    11.869 r  cnn_accelerator_system_i/mig_7series_0/u_cnn_accelerator_system_mig_7series_0_0_mig/u_memc_ui_top_axi/mem_intfc0/ddr_phy_top0/u_ddr_mc_phy_wrapper/u_ddr_mc_phy/ddr_phy_4lanes_0.u_ddr_phy_4lanes/ddr_byte_lane_D.ddr_byte_lane_D/phaser_out/OCLKDELAYED
                         net (fo=2, routed)           0.416    12.285    cnn_accelerator_system_i/mig_7series_0/u_cnn_accelerator_system_mig_7series_0_0_mig/u_memc_ui_top_axi/mem_intfc0/ddr_phy_top0/u_ddr_mc_phy_wrapper/u_ddr_mc_phy/ddr_phy_4lanes_0.u_ddr_phy_4lanes/ddr_byte_lane_D.ddr_byte_lane_D/ddr_byte_group_io/oserdes_clk_delayed
    OLOGIC_X1Y94         ODDR                                         r  cnn_accelerator_system_i/mig_7series_0/u_cnn_accelerator_system_mig_7series_0_0_mig/u_memc_ui_top_axi/mem_intfc0/ddr_phy_top0/u_ddr_mc_phy_wrapper/u_ddr_mc_phy/ddr_phy_4lanes_0.u_ddr_phy_4lanes/ddr_byte_lane_D.ddr_byte_lane_D/ddr_byte_group_io/dqs_gen.oddr_dqsts/C
                         clock pessimism              0.448    12.733
                         clock uncertainty           -0.056    12.677
    OLOGIC_X1Y94         ODDR (Setup_oddr_C_D1)      -0.885    11.792    cnn_accelerator_system_i/mig_7series_0/u_cnn_accelerator_system_mig_7series_0_0_mig/u_memc_ui_top_axi/mem_intfc0/ddr_phy_top0/u_ddr_mc_phy_wrapper/u_ddr_mc_phy/ddr_phy_4lanes_0.u_ddr_phy_4lanes/ddr_byte_lane_D.ddr_byte_lane_D/ddr_byte_group_io/dqs_gen.oddr_dqsts
  -------------------------------------------------------------------
                         required time                         11.792
                         arrival time                         -10.277
  -------------------------------------------------------------------
                         slack                                  1.515





Min Delay Paths
--------------------------------------------------------------------------------------
Slack (MET) :             0.408ns  (arrival time - required time)
  Source:                 cnn_accelerator_system_i/mig_7series_0/u_cnn_accelerator_system_mig_7series_0_0_mig/u_memc_ui_top_axi/mem_intfc0/ddr_phy_top0/u_ddr_mc_phy_wrapper/u_ddr_mc_phy/ddr_phy_4lanes_0.u_ddr_phy_4lanes/ddr_byte_lane_D.ddr_byte_lane_D/phaser_out/OCLKDELAYED
                            (rising edge-triggered cell PHASER_OUT_PHY clocked by oserdes_clk_3  {rise@0.000ns fall@1.538ns period=3.077ns})
  Destination:            cnn_accelerator_system_i/mig_7series_0/u_cnn_accelerator_system_mig_7series_0_0_mig/u_memc_ui_top_axi/mem_intfc0/ddr_phy_top0/u_ddr_mc_phy_wrapper/u_ddr_mc_phy/ddr_phy_4lanes_0.u_ddr_phy_4lanes/ddr_byte_lane_D.ddr_byte_lane_D/ddr_byte_group_io/dqs_gen.oddr_dqs/D2
                            (rising edge-triggered cell ODDR clocked by oserdes_clk_3  {rise@0.000ns fall@1.538ns period=3.077ns})
  Path Group:             oserdes_clk_3
  Path Type:              Hold (Min at Fast Process Corner)
  Requirement:            0.000ns  (oserdes_clk_3 rise@0.000ns - oserdes_clk_3 rise@0.000ns)
  Data Path Delay:        0.496ns  (logic 0.346ns (69.715%)  route 0.150ns (30.285%))
  Logic Levels:           0
  Clock Path Skew:        0.181ns (DCD - SCD - CPR)
    Destination Clock Delay (DCD):    5.312ns
    Source Clock Delay      (SCD):    4.505ns
    Clock Pessimism Removal (CPR):    0.626ns

    Location             Delay type                Incr(ns)  Path(ns)    Netlist Resource(s)
  -------------------------------------------------------------------    -------------------
                         (clock oserdes_clk_3 rise edge)
                                                      0.000     0.000 r
    E3                                                0.000     0.000 r  CLK100MHZ (IN)
                         net (fo=0)                   0.000     0.000    CLK100MHZ
    E3                   IBUF (Prop_ibuf_I_O)         0.250     0.250 r  CLK100MHZ_IBUF_inst/O
                         net (fo=1, routed)           0.644     0.894    cnn_accelerator_system_i/util_ds_buf_0/U0/BUFG_I[0]
    BUFGCTRL_X0Y16       BUFG (Prop_bufg_I_O)         0.026     0.920 r  cnn_accelerator_system_i/util_ds_buf_0/U0/USE_BUFG.GEN_BUFG[0].BUFG_U/O
                         net (fo=2, routed)           0.566     1.485    cnn_accelerator_system_i/mig_7series_0/u_cnn_accelerator_system_mig_7series_0_0_mig/u_ddr3_infrastructure/mmcm_clk
    PLLE2_ADV_X1Y1       PLLE2_ADV (Prop_plle2_adv_CLKIN1_CLKOUT1)
                                                      0.050     1.535 r  cnn_accelerator_system_i/mig_7series_0/u_cnn_accelerator_system_mig_7series_0_0_mig/u_ddr3_infrastructure/plle2_i/CLKOUT1
                         net (fo=7, routed)           0.190     1.725    cnn_accelerator_system_i/mig_7series_0/u_cnn_accelerator_system_mig_7series_0_0_mig/u_memc_ui_top_axi/mem_intfc0/ddr_phy_top0/u_ddr_mc_phy_wrapper/u_ddr_mc_phy/ddr_phy_4lanes_0.u_ddr_phy_4lanes/ddr_byte_lane_D.ddr_byte_lane_D/mem_refclk
    PHASER_OUT_PHY_X1Y7  PHASER_OUT_PHY (Prop_phaser_out_phy_MEMREFCLK_OCLK)
                                                      2.135     3.860 r  cnn_accelerator_system_i/mig_7series_0/u_cnn_accelerator_system_mig_7series_0_0_mig/u_memc_ui_top_axi/mem_intfc0/ddr_phy_top0/u_ddr_mc_phy_wrapper/u_ddr_mc_phy/ddr_phy_4lanes_0.u_ddr_phy_4lanes/ddr_byte_lane_D.ddr_byte_lane_D/phaser_out/OCLK
    PHASER_OUT_PHY_X1Y7  PHASER_OUT_PHY (Prop_phaser_out_phy_OCLK_OCLKDELAYED)
                                                      0.645     4.505 r  cnn_accelerator_system_i/mig_7series_0/u_cnn_accelerator_system_mig_7series_0_0_mig/u_memc_ui_top_axi/mem_intfc0/ddr_phy_top0/u_ddr_mc_phy_wrapper/u_ddr_mc_phy/ddr_phy_4lanes_0.u_ddr_phy_4lanes/ddr_byte_lane_D.ddr_byte_lane_D/phaser_out/OCLKDELAYED
  -------------------------------------------------------------------    -------------------
    PHASER_OUT_PHY_X1Y7  PHASER_OUT_PHY (Prop_phaser_out_phy_OCLKDELAYED_DQSBUS[1])
                                                      0.346     4.851 r  cnn_accelerator_system_i/mig_7series_0/u_cnn_accelerator_system_mig_7series_0_0_mig/u_memc_ui_top_axi/mem_intfc0/ddr_phy_top0/u_ddr_mc_phy_wrapper/u_ddr_mc_phy/ddr_phy_4lanes_0.u_ddr_phy_4lanes/ddr_byte_lane_D.ddr_byte_lane_D/phaser_out/DQSBUS[1]
                         net (fo=1, routed)           0.150     5.001    cnn_accelerator_system_i/mig_7series_0/u_cnn_accelerator_system_mig_7series_0_0_mig/u_memc_ui_top_axi/mem_intfc0/ddr_phy_top0/u_ddr_mc_phy_wrapper/u_ddr_mc_phy/ddr_phy_4lanes_0.u_ddr_phy_4lanes/ddr_byte_lane_D.ddr_byte_lane_D/ddr_byte_group_io/DQSBUS[1]
    OLOGIC_X1Y94         ODDR                                         r  cnn_accelerator_system_i/mig_7series_0/u_cnn_accelerator_system_mig_7series_0_0_mig/u_memc_ui_top_axi/mem_intfc0/ddr_phy_top0/u_ddr_mc_phy_wrapper/u_ddr_mc_phy/ddr_phy_4lanes_0.u_ddr_phy_4lanes/ddr_byte_lane_D.ddr_byte_lane_D/ddr_byte_group_io/dqs_gen.oddr_dqs/D2
  -------------------------------------------------------------------    -------------------

                         (clock oserdes_clk_3 rise edge)
                                                      0.000     0.000 r
    E3                                                0.000     0.000 r  CLK100MHZ (IN)
                         net (fo=0)                   0.000     0.000    CLK100MHZ
    E3                   IBUF (Prop_ibuf_I_O)         0.438     0.438 r  CLK100MHZ_IBUF_inst/O
                         net (fo=1, routed)           0.699     1.136    cnn_accelerator_system_i/util_ds_buf_0/U0/BUFG_I[0]
    BUFGCTRL_X0Y16       BUFG (Prop_bufg_I_O)         0.029     1.165 r  cnn_accelerator_system_i/util_ds_buf_0/U0/USE_BUFG.GEN_BUFG[0].BUFG_U/O
                         net (fo=2, routed)           0.835     2.000    cnn_accelerator_system_i/mig_7series_0/u_cnn_accelerator_system_mig_7series_0_0_mig/u_ddr3_infrastructure/mmcm_clk
    PLLE2_ADV_X1Y1       PLLE2_ADV (Prop_plle2_adv_CLKIN1_CLKOUT1)
                                                      0.053     2.053 r  cnn_accelerator_system_i/mig_7series_0/u_cnn_accelerator_system_mig_7series_0_0_mig/u_ddr3_infrastructure/plle2_i/CLKOUT1
                         net (fo=7, routed)           0.209     2.262    cnn_accelerator_system_i/mig_7series_0/u_cnn_accelerator_system_mig_7series_0_0_mig/u_memc_ui_top_axi/mem_intfc0/ddr_phy_top0/u_ddr_mc_phy_wrapper/u_ddr_mc_phy/ddr_phy_4lanes_0.u_ddr_phy_4lanes/ddr_byte_lane_D.ddr_byte_lane_D/mem_refclk
    PHASER_OUT_PHY_X1Y7  PHASER_OUT_PHY (Prop_phaser_out_phy_MEMREFCLK_OCLK)
                                                      2.184     4.446 r  cnn_accelerator_system_i/mig_7series_0/u_cnn_accelerator_system_mig_7series_0_0_mig/u_memc_ui_top_axi/mem_intfc0/ddr_phy_top0/u_ddr_mc_phy_wrapper/u_ddr_mc_phy/ddr_phy_4lanes_0.u_ddr_phy_4lanes/ddr_byte_lane_D.ddr_byte_lane_D/phaser_out/OCLK
    PHASER_OUT_PHY_X1Y7  PHASER_OUT_PHY (Prop_phaser_out_phy_OCLK_OCLKDELAYED)
                                                      0.685     5.131 r  cnn_accelerator_system_i/mig_7series_0/u_cnn_accelerator_system_mig_7series_0_0_mig/u_memc_ui_top_axi/mem_intfc0/ddr_phy_top0/u_ddr_mc_phy_wrapper/u_ddr_mc_phy/ddr_phy_4lanes_0.u_ddr_phy_4lanes/ddr_byte_lane_D.ddr_byte_lane_D/phaser_out/OCLKDELAYED
                         net (fo=2, routed)           0.181     5.312    cnn_accelerator_system_i/mig_7series_0/u_cnn_accelerator_system_mig_7series_0_0_mig/u_memc_ui_top_axi/mem_intfc0/ddr_phy_top0/u_ddr_mc_phy_wrapper/u_ddr_mc_phy/ddr_phy_4lanes_0.u_ddr_phy_4lanes/ddr_byte_lane_D.ddr_byte_lane_D/ddr_byte_group_io/oserdes_clk_delayed
    OLOGIC_X1Y94         ODDR                                         r  cnn_accelerator_system_i/mig_7series_0/u_cnn_accelerator_system_mig_7series_0_0_mig/u_memc_ui_top_axi/mem_intfc0/ddr_phy_top0/u_ddr_mc_phy_wrapper/u_ddr_mc_phy/ddr_phy_4lanes_0.u_ddr_phy_4lanes/ddr_byte_lane_D.ddr_byte_lane_D/ddr_byte_group_io/dqs_gen.oddr_dqs/C
                         clock pessimism             -0.626     4.686
    OLOGIC_X1Y94         ODDR (Hold_oddr_C_D2)       -0.093     4.593    cnn_accelerator_system_i/mig_7series_0/u_cnn_accelerator_system_mig_7series_0_0_mig/u_memc_ui_top_axi/mem_intfc0/ddr_phy_top0/u_ddr_mc_phy_wrapper/u_ddr_mc_phy/ddr_phy_4lanes_0.u_ddr_phy_4lanes/ddr_byte_lane_D.ddr_byte_lane_D/ddr_byte_group_io/dqs_gen.oddr_dqs
  -------------------------------------------------------------------
                         required time                         -4.593
                         arrival time                           5.001
  -------------------------------------------------------------------
                         slack                                  0.408





Pulse Width Checks
--------------------------------------------------------------------------------------
Clock Name:         oserdes_clk_3
Waveform(ns):       { 0.000 1.538 }
Period(ns):         3.077
Sources:            { cnn_accelerator_system_i/mig_7series_0/u_cnn_accelerator_system_mig_7series_0_0_mig/u_memc_ui_top_axi/mem_intfc0/ddr_phy_top0/u_ddr_mc_phy_wrapper/u_ddr_mc_phy/ddr_phy_4lanes_0.u_ddr_phy_4lanes/ddr_byte_lane_D.ddr_byte_lane_D/phaser_out/OCLK }

Check Type  Corner  Lib Pin        Reference Pin  Required(ns)  Actual(ns)  Slack(ns)  Location      Pin
Min Period  n/a     OSERDESE2/CLK  n/a            1.667         3.077       1.410      OLOGIC_X1Y88  cnn_accelerator_system_i/mig_7series_0/u_cnn_accelerator_system_mig_7series_0_0_mig/u_memc_ui_top_axi/mem_intfc0/ddr_phy_top0/u_ddr_mc_phy_wrapper/u_ddr_mc_phy/ddr_phy_4lanes_0.u_ddr_phy_4lanes/ddr_byte_lane_D.ddr_byte_lane_D/ddr_byte_group_io/output_[1].oserdes_dq_.ddr.oserdes_dq_i/CLK



---------------------------------------------------------------------------------------------------
From Clock:  oserdes_clkdiv_3
  To Clock:  oserdes_clkdiv_3

Setup :            0  Failing Endpoints,  Worst Slack        4.732ns,  Total Violation        0.000ns
Hold  :            0  Failing Endpoints,  Worst Slack        0.086ns,  Total Violation        0.000ns
PW    :            0  Failing Endpoints,  Worst Slack        0.927ns,  Total Violation        0.000ns
---------------------------------------------------------------------------------------------------


Max Delay Paths
--------------------------------------------------------------------------------------
Slack (MET) :             4.732ns  (required time - arrival time)
  Source:                 cnn_accelerator_system_i/mig_7series_0/u_cnn_accelerator_system_mig_7series_0_0_mig/u_memc_ui_top_axi/mem_intfc0/ddr_phy_top0/u_ddr_mc_phy_wrapper/u_ddr_mc_phy/ddr_phy_4lanes_0.u_ddr_phy_4lanes/ddr_byte_lane_D.ddr_byte_lane_D/out_fifo/RDCLK
                            (rising edge-triggered cell OUT_FIFO clocked by oserdes_clkdiv_3  {rise@0.000ns fall@3.077ns period=6.154ns})
  Destination:            cnn_accelerator_system_i/mig_7series_0/u_cnn_accelerator_system_mig_7series_0_0_mig/u_memc_ui_top_axi/mem_intfc0/ddr_phy_top0/u_ddr_mc_phy_wrapper/u_ddr_mc_phy/ddr_phy_4lanes_0.u_ddr_phy_4lanes/ddr_byte_lane_D.ddr_byte_lane_D/ddr_byte_group_io/output_[7].oserdes_dq_.ddr.oserdes_dq_i/D1
                            (rising edge-triggered cell OSERDESE2 clocked by oserdes_clkdiv_3  {rise@0.000ns fall@3.077ns period=6.154ns})
  Path Group:             oserdes_clkdiv_3
  Path Type:              Setup (Max at Slow Process Corner)
  Requirement:            6.154ns  (oserdes_clkdiv_3 rise@6.154ns - oserdes_clkdiv_3 rise@0.000ns)
  Data Path Delay:        1.163ns  (logic 0.674ns (57.945%)  route 0.489ns (42.055%))
  Logic Levels:           0
  Clock Path Skew:        0.422ns (DCD - SCD + CPR)
    Destination Clock Delay (DCD):    8.608ns = ( 14.761 - 6.154 )
    Source Clock Delay      (SCD):    8.597ns
    Clock Pessimism Removal (CPR):    0.411ns
  Clock Uncertainty:      0.056ns  ((TSJ^2 + DJ^2)^1/2) / 2 + PE
    Total System Jitter     (TSJ):    0.071ns
    Discrete Jitter          (DJ):    0.087ns
    Phase Error              (PE):    0.000ns

    Location             Delay type                Incr(ns)  Path(ns)    Netlist Resource(s)
  -------------------------------------------------------------------    -------------------
                         (clock oserdes_clkdiv_3 rise edge)
                                                      0.000     0.000 r
    E3                                                0.000     0.000 r  CLK100MHZ (IN)
                         net (fo=0)                   0.000     0.000    CLK100MHZ
    E3                   IBUF (Prop_ibuf_I_O)         1.482     1.482 r  CLK100MHZ_IBUF_inst/O
                         net (fo=1, routed)           2.025     3.506    cnn_accelerator_system_i/util_ds_buf_0/U0/BUFG_I[0]
    BUFGCTRL_X0Y16       BUFG (Prop_bufg_I_O)         0.096     3.602 r  cnn_accelerator_system_i/util_ds_buf_0/U0/USE_BUFG.GEN_BUFG[0].BUFG_U/O
                         net (fo=2, routed)           1.666     5.269    cnn_accelerator_system_i/mig_7series_0/u_cnn_accelerator_system_mig_7series_0_0_mig/u_ddr3_infrastructure/mmcm_clk
    PLLE2_ADV_X1Y1       PLLE2_ADV (Prop_plle2_adv_CLKIN1_CLKOUT1)
                                                      0.088     5.357 r  cnn_accelerator_system_i/mig_7series_0/u_cnn_accelerator_system_mig_7series_0_0_mig/u_ddr3_infrastructure/plle2_i/CLKOUT1
                         net (fo=7, routed)           0.603     5.960    cnn_accelerator_system_i/mig_7series_0/u_cnn_accelerator_system_mig_7series_0_0_mig/u_memc_ui_top_axi/mem_intfc0/ddr_phy_top0/u_ddr_mc_phy_wrapper/u_ddr_mc_phy/ddr_phy_4lanes_0.u_ddr_phy_4lanes/ddr_byte_lane_D.ddr_byte_lane_D/mem_refclk
    PHASER_OUT_PHY_X1Y7  PHASER_OUT_PHY (Prop_phaser_out_phy_MEMREFCLK_OCLK)
                                                      2.480     8.440 r  cnn_accelerator_system_i/mig_7series_0/u_cnn_accelerator_system_mig_7series_0_0_mig/u_memc_ui_top_axi/mem_intfc0/ddr_phy_top0/u_ddr_mc_phy_wrapper/u_ddr_mc_phy/ddr_phy_4lanes_0.u_ddr_phy_4lanes/ddr_byte_lane_D.ddr_byte_lane_D/phaser_out/OCLK
    PHASER_OUT_PHY_X1Y7  PHASER_OUT_PHY (Prop_phaser_out_phy_OCLK_OCLKDIV)
                                                      0.157     8.597 r  cnn_accelerator_system_i/mig_7series_0/u_cnn_accelerator_system_mig_7series_0_0_mig/u_memc_ui_top_axi/mem_intfc0/ddr_phy_top0/u_ddr_mc_phy_wrapper/u_ddr_mc_phy/ddr_phy_4lanes_0.u_ddr_phy_4lanes/ddr_byte_lane_D.ddr_byte_lane_D/phaser_out/OCLKDIV
                         net (fo=11, routed)          0.000     8.597    cnn_accelerator_system_i/mig_7series_0/u_cnn_accelerator_system_mig_7series_0_0_mig/u_memc_ui_top_axi/mem_intfc0/ddr_phy_top0/u_ddr_mc_phy_wrapper/u_ddr_mc_phy/ddr_phy_4lanes_0.u_ddr_phy_4lanes/ddr_byte_lane_D.ddr_byte_lane_D/oserdes_clkdiv
    OUT_FIFO_X1Y7        OUT_FIFO                                     r  cnn_accelerator_system_i/mig_7series_0/u_cnn_accelerator_system_mig_7series_0_0_mig/u_memc_ui_top_axi/mem_intfc0/ddr_phy_top0/u_ddr_mc_phy_wrapper/u_ddr_mc_phy/ddr_phy_4lanes_0.u_ddr_phy_4lanes/ddr_byte_lane_D.ddr_byte_lane_D/out_fifo/RDCLK
  -------------------------------------------------------------------    -------------------
    OUT_FIFO_X1Y7        OUT_FIFO (Prop_out_fifo_RDCLK_Q7[0])
                                                      0.674     9.271 r  cnn_accelerator_system_i/mig_7series_0/u_cnn_accelerator_system_mig_7series_0_0_mig/u_memc_ui_top_axi/mem_intfc0/ddr_phy_top0/u_ddr_mc_phy_wrapper/u_ddr_mc_phy/ddr_phy_4lanes_0.u_ddr_phy_4lanes/ddr_byte_lane_D.ddr_byte_lane_D/out_fifo/Q7[0]
                         net (fo=1, routed)           0.489     9.760    cnn_accelerator_system_i/mig_7series_0/u_cnn_accelerator_system_mig_7series_0_0_mig/u_memc_ui_top_axi/mem_intfc0/ddr_phy_top0/u_ddr_mc_phy_wrapper/u_ddr_mc_phy/ddr_phy_4lanes_0.u_ddr_phy_4lanes/ddr_byte_lane_D.ddr_byte_lane_D/ddr_byte_group_io/of_dqbus[24]
    OLOGIC_X1Y96         OSERDESE2                                    r  cnn_accelerator_system_i/mig_7series_0/u_cnn_accelerator_system_mig_7series_0_0_mig/u_memc_ui_top_axi/mem_intfc0/ddr_phy_top0/u_ddr_mc_phy_wrapper/u_ddr_mc_phy/ddr_phy_4lanes_0.u_ddr_phy_4lanes/ddr_byte_lane_D.ddr_byte_lane_D/ddr_byte_group_io/output_[7].oserdes_dq_.ddr.oserdes_dq_i/D1
  -------------------------------------------------------------------    -------------------

                         (clock oserdes_clkdiv_3 rise edge)
                                                      6.154     6.154 r
    E3                                                0.000     6.154 r  CLK100MHZ (IN)
                         net (fo=0)                   0.000     6.154    CLK100MHZ
    E3                   IBUF (Prop_ibuf_I_O)         1.411     7.565 r  CLK100MHZ_IBUF_inst/O
                         net (fo=1, routed)           1.920     9.485    cnn_accelerator_system_i/util_ds_buf_0/U0/BUFG_I[0]
    BUFGCTRL_X0Y16       BUFG (Prop_bufg_I_O)         0.091     9.576 r  cnn_accelerator_system_i/util_ds_buf_0/U0/USE_BUFG.GEN_BUFG[0].BUFG_U/O
                         net (fo=2, routed)           1.544    11.120    cnn_accelerator_system_i/mig_7series_0/u_cnn_accelerator_system_mig_7series_0_0_mig/u_ddr3_infrastructure/mmcm_clk
    PLLE2_ADV_X1Y1       PLLE2_ADV (Prop_plle2_adv_CLKIN1_CLKOUT1)
                                                      0.083    11.203 r  cnn_accelerator_system_i/mig_7series_0/u_cnn_accelerator_system_mig_7series_0_0_mig/u_ddr3_infrastructure/plle2_i/CLKOUT1
                         net (fo=7, routed)           0.572    11.775    cnn_accelerator_system_i/mig_7series_0/u_cnn_accelerator_system_mig_7series_0_0_mig/u_memc_ui_top_axi/mem_intfc0/ddr_phy_top0/u_ddr_mc_phy_wrapper/u_ddr_mc_phy/ddr_phy_4lanes_0.u_ddr_phy_4lanes/ddr_byte_lane_D.ddr_byte_lane_D/mem_refclk
    PHASER_OUT_PHY_X1Y7  PHASER_OUT_PHY (Prop_phaser_out_phy_MEMREFCLK_OCLK)
                                                      2.416    14.191 r  cnn_accelerator_system_i/mig_7series_0/u_cnn_accelerator_system_mig_7series_0_0_mig/u_memc_ui_top_axi/mem_intfc0/ddr_phy_top0/u_ddr_mc_phy_wrapper/u_ddr_mc_phy/ddr_phy_4lanes_0.u_ddr_phy_4lanes/ddr_byte_lane_D.ddr_byte_lane_D/phaser_out/OCLK
    PHASER_OUT_PHY_X1Y7  PHASER_OUT_PHY (Prop_phaser_out_phy_OCLK_OCLKDIV)
                                                      0.148    14.339 r  cnn_accelerator_system_i/mig_7series_0/u_cnn_accelerator_system_mig_7series_0_0_mig/u_memc_ui_top_axi/mem_intfc0/ddr_phy_top0/u_ddr_mc_phy_wrapper/u_ddr_mc_phy/ddr_phy_4lanes_0.u_ddr_phy_4lanes/ddr_byte_lane_D.ddr_byte_lane_D/phaser_out/OCLKDIV
                         net (fo=11, routed)          0.422    14.761    cnn_accelerator_system_i/mig_7series_0/u_cnn_accelerator_system_mig_7series_0_0_mig/u_memc_ui_top_axi/mem_intfc0/ddr_phy_top0/u_ddr_mc_phy_wrapper/u_ddr_mc_phy/ddr_phy_4lanes_0.u_ddr_phy_4lanes/ddr_byte_lane_D.ddr_byte_lane_D/ddr_byte_group_io/oserdes_clkdiv
    OLOGIC_X1Y96         OSERDESE2                                    r  cnn_accelerator_system_i/mig_7series_0/u_cnn_accelerator_system_mig_7series_0_0_mig/u_memc_ui_top_axi/mem_intfc0/ddr_phy_top0/u_ddr_mc_phy_wrapper/u_ddr_mc_phy/ddr_phy_4lanes_0.u_ddr_phy_4lanes/ddr_byte_lane_D.ddr_byte_lane_D/ddr_byte_group_io/output_[7].oserdes_dq_.ddr.oserdes_dq_i/CLKDIV
                         clock pessimism              0.411    15.173
                         clock uncertainty           -0.056    15.117
    OLOGIC_X1Y96         OSERDESE2 (Setup_oserdese2_CLKDIV_D1)
                                                     -0.625    14.492    cnn_accelerator_system_i/mig_7series_0/u_cnn_accelerator_system_mig_7series_0_0_mig/u_memc_ui_top_axi/mem_intfc0/ddr_phy_top0/u_ddr_mc_phy_wrapper/u_ddr_mc_phy/ddr_phy_4lanes_0.u_ddr_phy_4lanes/ddr_byte_lane_D.ddr_byte_lane_D/ddr_byte_group_io/output_[7].oserdes_dq_.ddr.oserdes_dq_i
  -------------------------------------------------------------------
                         required time                         14.492
                         arrival time                          -9.760
  -------------------------------------------------------------------
                         slack                                  4.732





Min Delay Paths
--------------------------------------------------------------------------------------
Slack (MET) :             0.086ns  (arrival time - required time)
  Source:                 cnn_accelerator_system_i/mig_7series_0/u_cnn_accelerator_system_mig_7series_0_0_mig/u_memc_ui_top_axi/mem_intfc0/ddr_phy_top0/u_ddr_mc_phy_wrapper/u_ddr_mc_phy/ddr_phy_4lanes_0.u_ddr_phy_4lanes/ddr_byte_lane_D.ddr_byte_lane_D/out_fifo/RDCLK
                            (rising edge-triggered cell OUT_FIFO clocked by oserdes_clkdiv_3  {rise@0.000ns fall@3.077ns period=6.154ns})
  Destination:            cnn_accelerator_system_i/mig_7series_0/u_cnn_accelerator_system_mig_7series_0_0_mig/u_memc_ui_top_axi/mem_intfc0/ddr_phy_top0/u_ddr_mc_phy_wrapper/u_ddr_mc_phy/ddr_phy_4lanes_0.u_ddr_phy_4lanes/ddr_byte_lane_D.ddr_byte_lane_D/ddr_byte_group_io/output_[2].oserdes_dq_.ddr.oserdes_dq_i/D2
                            (rising edge-triggered cell OSERDESE2 clocked by oserdes_clkdiv_3  {rise@0.000ns fall@3.077ns period=6.154ns})
  Path Group:             oserdes_clkdiv_3
  Path Type:              Hold (Min at Fast Process Corner)
  Requirement:            0.000ns  (oserdes_clkdiv_3 rise@0.000ns - oserdes_clkdiv_3 rise@0.000ns)
  Data Path Delay:        0.288ns  (logic 0.138ns (47.866%)  route 0.150ns (52.134%))
  Logic Levels:           0
  Clock Path Skew:        0.183ns (DCD - SCD - CPR)
    Destination Clock Delay (DCD):    4.717ns
    Source Clock Delay      (SCD):    3.943ns
    Clock Pessimism Removal (CPR):    0.591ns

    Location             Delay type                Incr(ns)  Path(ns)    Netlist Resource(s)
  -------------------------------------------------------------------    -------------------
                         (clock oserdes_clkdiv_3 rise edge)
                                                      0.000     0.000 r
    E3                                                0.000     0.000 r  CLK100MHZ (IN)
                         net (fo=0)                   0.000     0.000    CLK100MHZ
    E3                   IBUF (Prop_ibuf_I_O)         0.250     0.250 r  CLK100MHZ_IBUF_inst/O
                         net (fo=1, routed)           0.644     0.894    cnn_accelerator_system_i/util_ds_buf_0/U0/BUFG_I[0]
    BUFGCTRL_X0Y16       BUFG (Prop_bufg_I_O)         0.026     0.920 r  cnn_accelerator_system_i/util_ds_buf_0/U0/USE_BUFG.GEN_BUFG[0].BUFG_U/O
                         net (fo=2, routed)           0.566     1.485    cnn_accelerator_system_i/mig_7series_0/u_cnn_accelerator_system_mig_7series_0_0_mig/u_ddr3_infrastructure/mmcm_clk
    PLLE2_ADV_X1Y1       PLLE2_ADV (Prop_plle2_adv_CLKIN1_CLKOUT1)
                                                      0.050     1.535 r  cnn_accelerator_system_i/mig_7series_0/u_cnn_accelerator_system_mig_7series_0_0_mig/u_ddr3_infrastructure/plle2_i/CLKOUT1
                         net (fo=7, routed)           0.190     1.725    cnn_accelerator_system_i/mig_7series_0/u_cnn_accelerator_system_mig_7series_0_0_mig/u_memc_ui_top_axi/mem_intfc0/ddr_phy_top0/u_ddr_mc_phy_wrapper/u_ddr_mc_phy/ddr_phy_4lanes_0.u_ddr_phy_4lanes/ddr_byte_lane_D.ddr_byte_lane_D/mem_refclk
    PHASER_OUT_PHY_X1Y7  PHASER_OUT_PHY (Prop_phaser_out_phy_MEMREFCLK_OCLK)
                                                      2.135     3.860 r  cnn_accelerator_system_i/mig_7series_0/u_cnn_accelerator_system_mig_7series_0_0_mig/u_memc_ui_top_axi/mem_intfc0/ddr_phy_top0/u_ddr_mc_phy_wrapper/u_ddr_mc_phy/ddr_phy_4lanes_0.u_ddr_phy_4lanes/ddr_byte_lane_D.ddr_byte_lane_D/phaser_out/OCLK
    PHASER_OUT_PHY_X1Y7  PHASER_OUT_PHY (Prop_phaser_out_phy_OCLK_OCLKDIV)
                                                      0.083     3.943 r  cnn_accelerator_system_i/mig_7series_0/u_cnn_accelerator_system_mig_7series_0_0_mig/u_memc_ui_top_axi/mem_intfc0/ddr_phy_top0/u_ddr_mc_phy_wrapper/u_ddr_mc_phy/ddr_phy_4lanes_0.u_ddr_phy_4lanes/ddr_byte_lane_D.ddr_byte_lane_D/phaser_out/OCLKDIV
                         net (fo=11, routed)          0.000     3.943    cnn_accelerator_system_i/mig_7series_0/u_cnn_accelerator_system_mig_7series_0_0_mig/u_memc_ui_top_axi/mem_intfc0/ddr_phy_top0/u_ddr_mc_phy_wrapper/u_ddr_mc_phy/ddr_phy_4lanes_0.u_ddr_phy_4lanes/ddr_byte_lane_D.ddr_byte_lane_D/oserdes_clkdiv
    OUT_FIFO_X1Y7        OUT_FIFO                                     r  cnn_accelerator_system_i/mig_7series_0/u_cnn_accelerator_system_mig_7series_0_0_mig/u_memc_ui_top_axi/mem_intfc0/ddr_phy_top0/u_ddr_mc_phy_wrapper/u_ddr_mc_phy/ddr_phy_4lanes_0.u_ddr_phy_4lanes/ddr_byte_lane_D.ddr_byte_lane_D/out_fifo/RDCLK
  -------------------------------------------------------------------    -------------------
    OUT_FIFO_X1Y7        OUT_FIFO (Prop_out_fifo_RDCLK_Q2[1])
                                                      0.138     4.081 r  cnn_accelerator_system_i/mig_7series_0/u_cnn_accelerator_system_mig_7series_0_0_mig/u_memc_ui_top_axi/mem_intfc0/ddr_phy_top0/u_ddr_mc_phy_wrapper/u_ddr_mc_phy/ddr_phy_4lanes_0.u_ddr_phy_4lanes/ddr_byte_lane_D.ddr_byte_lane_D/out_fifo/Q2[1]
                         net (fo=1, routed)           0.150     4.232    cnn_accelerator_system_i/mig_7series_0/u_cnn_accelerator_system_mig_7series_0_0_mig/u_memc_ui_top_axi/mem_intfc0/ddr_phy_top0/u_ddr_mc_phy_wrapper/u_ddr_mc_phy/ddr_phy_4lanes_0.u_ddr_phy_4lanes/ddr_byte_lane_D.ddr_byte_lane_D/ddr_byte_group_io/of_dqbus[5]
    OLOGIC_X1Y89         OSERDESE2                                    r  cnn_accelerator_system_i/mig_7series_0/u_cnn_accelerator_system_mig_7series_0_0_mig/u_memc_ui_top_axi/mem_intfc0/ddr_phy_top0/u_ddr_mc_phy_wrapper/u_ddr_mc_phy/ddr_phy_4lanes_0.u_ddr_phy_4lanes/ddr_byte_lane_D.ddr_byte_lane_D/ddr_byte_group_io/output_[2].oserdes_dq_.ddr.oserdes_dq_i/D2
  -------------------------------------------------------------------    -------------------

                         (clock oserdes_clkdiv_3 rise edge)
                                                      0.000     0.000 r
    E3                                                0.000     0.000 r  CLK100MHZ (IN)
                         net (fo=0)                   0.000     0.000    CLK100MHZ
    E3                   IBUF (Prop_ibuf_I_O)         0.438     0.438 r  CLK100MHZ_IBUF_inst/O
                         net (fo=1, routed)           0.699     1.136    cnn_accelerator_system_i/util_ds_buf_0/U0/BUFG_I[0]
    BUFGCTRL_X0Y16       BUFG (Prop_bufg_I_O)         0.029     1.165 r  cnn_accelerator_system_i/util_ds_buf_0/U0/USE_BUFG.GEN_BUFG[0].BUFG_U/O
                         net (fo=2, routed)           0.835     2.000    cnn_accelerator_system_i/mig_7series_0/u_cnn_accelerator_system_mig_7series_0_0_mig/u_ddr3_infrastructure/mmcm_clk
    PLLE2_ADV_X1Y1       PLLE2_ADV (Prop_plle2_adv_CLKIN1_CLKOUT1)
                                                      0.053     2.053 r  cnn_accelerator_system_i/mig_7series_0/u_cnn_accelerator_system_mig_7series_0_0_mig/u_ddr3_infrastructure/plle2_i/CLKOUT1
                         net (fo=7, routed)           0.209     2.262    cnn_accelerator_system_i/mig_7series_0/u_cnn_accelerator_system_mig_7series_0_0_mig/u_memc_ui_top_axi/mem_intfc0/ddr_phy_top0/u_ddr_mc_phy_wrapper/u_ddr_mc_phy/ddr_phy_4lanes_0.u_ddr_phy_4lanes/ddr_byte_lane_D.ddr_byte_lane_D/mem_refclk
    PHASER_OUT_PHY_X1Y7  PHASER_OUT_PHY (Prop_phaser_out_phy_MEMREFCLK_OCLK)
                                                      2.184     4.446 r  cnn_accelerator_system_i/mig_7series_0/u_cnn_accelerator_system_mig_7series_0_0_mig/u_memc_ui_top_axi/mem_intfc0/ddr_phy_top0/u_ddr_mc_phy_wrapper/u_ddr_mc_phy/ddr_phy_4lanes_0.u_ddr_phy_4lanes/ddr_byte_lane_D.ddr_byte_lane_D/phaser_out/OCLK
    PHASER_OUT_PHY_X1Y7  PHASER_OUT_PHY (Prop_phaser_out_phy_OCLK_OCLKDIV)
                                                      0.088     4.534 r  cnn_accelerator_system_i/mig_7series_0/u_cnn_accelerator_system_mig_7series_0_0_mig/u_memc_ui_top_axi/mem_intfc0/ddr_phy_top0/u_ddr_mc_phy_wrapper/u_ddr_mc_phy/ddr_phy_4lanes_0.u_ddr_phy_4lanes/ddr_byte_lane_D.ddr_byte_lane_D/phaser_out/OCLKDIV
                         net (fo=11, routed)          0.183     4.717    cnn_accelerator_system_i/mig_7series_0/u_cnn_accelerator_system_mig_7series_0_0_mig/u_memc_ui_top_axi/mem_intfc0/ddr_phy_top0/u_ddr_mc_phy_wrapper/u_ddr_mc_phy/ddr_phy_4lanes_0.u_ddr_phy_4lanes/ddr_byte_lane_D.ddr_byte_lane_D/ddr_byte_group_io/oserdes_clkdiv
    OLOGIC_X1Y89         OSERDESE2                                    r  cnn_accelerator_system_i/mig_7series_0/u_cnn_accelerator_system_mig_7series_0_0_mig/u_memc_ui_top_axi/mem_intfc0/ddr_phy_top0/u_ddr_mc_phy_wrapper/u_ddr_mc_phy/ddr_phy_4lanes_0.u_ddr_phy_4lanes/ddr_byte_lane_D.ddr_byte_lane_D/ddr_byte_group_io/output_[2].oserdes_dq_.ddr.oserdes_dq_i/CLKDIV
                         clock pessimism             -0.591     4.126
    OLOGIC_X1Y89         OSERDESE2 (Hold_oserdese2_CLKDIV_D2)
                                                      0.019     4.145    cnn_accelerator_system_i/mig_7series_0/u_cnn_accelerator_system_mig_7series_0_0_mig/u_memc_ui_top_axi/mem_intfc0/ddr_phy_top0/u_ddr_mc_phy_wrapper/u_ddr_mc_phy/ddr_phy_4lanes_0.u_ddr_phy_4lanes/ddr_byte_lane_D.ddr_byte_lane_D/ddr_byte_group_io/output_[2].oserdes_dq_.ddr.oserdes_dq_i
  -------------------------------------------------------------------
                         required time                         -4.145
                         arrival time                           4.232
  -------------------------------------------------------------------
                         slack                                  0.086





Pulse Width Checks
--------------------------------------------------------------------------------------
Clock Name:         oserdes_clkdiv_3
Waveform(ns):       { 0.000 3.077 }
Period(ns):         6.154
Sources:            { cnn_accelerator_system_i/mig_7series_0/u_cnn_accelerator_system_mig_7series_0_0_mig/u_memc_ui_top_axi/mem_intfc0/ddr_phy_top0/u_ddr_mc_phy_wrapper/u_ddr_mc_phy/ddr_phy_4lanes_0.u_ddr_phy_4lanes/ddr_byte_lane_D.ddr_byte_lane_D/phaser_out/OCLKDIV }

Check Type        Corner  Lib Pin         Reference Pin  Required(ns)  Actual(ns)  Slack(ns)  Location       Pin
Min Period        n/a     OUT_FIFO/RDCLK  n/a            5.000         6.154       1.154      OUT_FIFO_X1Y7  cnn_accelerator_system_i/mig_7series_0/u_cnn_accelerator_system_mig_7series_0_0_mig/u_memc_ui_top_axi/mem_intfc0/ddr_phy_top0/u_ddr_mc_phy_wrapper/u_ddr_mc_phy/ddr_phy_4lanes_0.u_ddr_phy_4lanes/ddr_byte_lane_D.ddr_byte_lane_D/out_fifo/RDCLK
Low Pulse Width   Slow    OUT_FIFO/RDCLK  n/a            2.150         3.077       0.927      OUT_FIFO_X1Y7  cnn_accelerator_system_i/mig_7series_0/u_cnn_accelerator_system_mig_7series_0_0_mig/u_memc_ui_top_axi/mem_intfc0/ddr_phy_top0/u_ddr_mc_phy_wrapper/u_ddr_mc_phy/ddr_phy_4lanes_0.u_ddr_phy_4lanes/ddr_byte_lane_D.ddr_byte_lane_D/out_fifo/RDCLK
High Pulse Width  Slow    OUT_FIFO/RDCLK  n/a            2.150         3.077       0.927      OUT_FIFO_X1Y7  cnn_accelerator_system_i/mig_7series_0/u_cnn_accelerator_system_mig_7series_0_0_mig/u_memc_ui_top_axi/mem_intfc0/ddr_phy_top0/u_ddr_mc_phy_wrapper/u_ddr_mc_phy/ddr_phy_4lanes_0.u_ddr_phy_4lanes/ddr_byte_lane_D.ddr_byte_lane_D/out_fifo/RDCLK



---------------------------------------------------------------------------------------------------
From Clock:  pll_clk3_out
  To Clock:  pll_clk3_out

Setup :           NA  Failing Endpoints,  Worst Slack           NA  ,  Total Violation           NA
Hold  :           NA  Failing Endpoints,  Worst Slack           NA  ,  Total Violation           NA
PW    :            0  Failing Endpoints,  Worst Slack        3.154ns,  Total Violation        0.000ns
---------------------------------------------------------------------------------------------------


Pulse Width Checks
--------------------------------------------------------------------------------------
Clock Name:         pll_clk3_out
Waveform(ns):       { 0.000 6.154 }
Period(ns):         12.308
Sources:            { cnn_accelerator_system_i/mig_7series_0/u_cnn_accelerator_system_mig_7series_0_0_mig/u_ddr3_infrastructure/plle2_i/CLKOUT3 }

Check Type        Corner  Lib Pin            Reference Pin  Required(ns)  Actual(ns)  Slack(ns)  Location         Pin
Min Period        n/a     BUFH/I             n/a            2.155         12.308      10.152     BUFHCE_X1Y12     cnn_accelerator_system_i/mig_7series_0/u_cnn_accelerator_system_mig_7series_0_0_mig/u_ddr3_infrastructure/u_bufh_pll_clk3/I
Max Period        n/a     MMCME2_ADV/CLKIN1  n/a            100.000       12.308      87.692     MMCME2_ADV_X1Y1  cnn_accelerator_system_i/mig_7series_0/u_cnn_accelerator_system_mig_7series_0_0_mig/u_ddr3_infrastructure/gen_mmcm.mmcm_i/CLKIN1
Low Pulse Width   Slow    MMCME2_ADV/CLKIN1  n/a            3.000         6.154       3.154      MMCME2_ADV_X1Y1  cnn_accelerator_system_i/mig_7series_0/u_cnn_accelerator_system_mig_7series_0_0_mig/u_ddr3_infrastructure/gen_mmcm.mmcm_i/CLKIN1
High Pulse Width  Slow    MMCME2_ADV/CLKIN1  n/a            3.000         6.154       3.154      MMCME2_ADV_X1Y1  cnn_accelerator_system_i/mig_7series_0/u_cnn_accelerator_system_mig_7series_0_0_mig/u_ddr3_infrastructure/gen_mmcm.mmcm_i/CLKIN1



---------------------------------------------------------------------------------------------------
From Clock:  clk_div2_bufg_in
  To Clock:  clk_div2_bufg_in

Setup :            0  Failing Endpoints,  Worst Slack        4.987ns,  Total Violation        0.000ns
Hold  :            0  Failing Endpoints,  Worst Slack        0.171ns,  Total Violation        0.000ns
PW    :            0  Failing Endpoints,  Worst Slack        2.577ns,  Total Violation        0.000ns
---------------------------------------------------------------------------------------------------


Max Delay Paths
--------------------------------------------------------------------------------------
Slack (MET) :             4.987ns  (required time - arrival time)
  Source:                 cnn_accelerator_system_i/mig_7series_0/u_cnn_accelerator_system_mig_7series_0_0_mig/u_ddr3_infrastructure/rstdiv2_sync_r_reg[3]/C
                            (rising edge-triggered cell FDPE clocked by clk_div2_bufg_in  {rise@0.000ns fall@3.077ns period=6.154ns})
  Destination:            cnn_accelerator_system_i/mig_7series_0/u_cnn_accelerator_system_mig_7series_0_0_mig/u_ddr3_infrastructure/rstdiv2_sync_r_reg[4]/D
                            (rising edge-triggered cell FDPE clocked by clk_div2_bufg_in  {rise@0.000ns fall@3.077ns period=6.154ns})
  Path Group:             clk_div2_bufg_in
  Path Type:              Setup (Max at Slow Process Corner)
  Requirement:            6.154ns  (clk_div2_bufg_in rise@6.154ns - clk_div2_bufg_in rise@0.000ns)
  Data Path Delay:        1.038ns  (logic 0.518ns (49.891%)  route 0.520ns (50.109%))
  Logic Levels:           0
  Clock Path Skew:        0.000ns (DCD - SCD + CPR)
    Destination Clock Delay (DCD):    7.289ns = ( 13.443 - 6.154 )
    Source Clock Delay      (SCD):    7.768ns
    Clock Pessimism Removal (CPR):    0.478ns
  Clock Uncertainty:      0.084ns  ((TSJ^2 + DJ^2)^1/2) / 2 + PE
    Total System Jitter     (TSJ):    0.071ns
    Discrete Jitter          (DJ):    0.152ns
    Phase Error              (PE):    0.000ns

    Location             Delay type                Incr(ns)  Path(ns)    Netlist Resource(s)
  -------------------------------------------------------------------    -------------------
                         (clock clk_div2_bufg_in rise edge)
                                                      0.000     0.000 r
    E3                                                0.000     0.000 r  CLK100MHZ (IN)
                         net (fo=0)                   0.000     0.000    CLK100MHZ
    E3                   IBUF (Prop_ibuf_I_O)         1.482     1.482 r  CLK100MHZ_IBUF_inst/O
                         net (fo=1, routed)           2.025     3.506    cnn_accelerator_system_i/util_ds_buf_0/U0/BUFG_I[0]
    BUFGCTRL_X0Y16       BUFG (Prop_bufg_I_O)         0.096     3.602 r  cnn_accelerator_system_i/util_ds_buf_0/U0/USE_BUFG.GEN_BUFG[0].BUFG_U/O
                         net (fo=2, routed)           1.666     5.269    cnn_accelerator_system_i/mig_7series_0/u_cnn_accelerator_system_mig_7series_0_0_mig/u_ddr3_infrastructure/mmcm_clk
    PLLE2_ADV_X1Y1       PLLE2_ADV (Prop_plle2_adv_CLKIN1_CLKOUT3)
                                                      0.088     5.357 r  cnn_accelerator_system_i/mig_7series_0/u_cnn_accelerator_system_mig_7series_0_0_mig/u_ddr3_infrastructure/plle2_i/CLKOUT3
                         net (fo=1, routed)           1.281     6.638    cnn_accelerator_system_i/mig_7series_0/u_cnn_accelerator_system_mig_7series_0_0_mig/u_ddr3_infrastructure/pll_clk3_out
    BUFHCE_X1Y12         BUFH (Prop_bufh_I_O)         0.127     6.765 r  cnn_accelerator_system_i/mig_7series_0/u_cnn_accelerator_system_mig_7series_0_0_mig/u_ddr3_infrastructure/u_bufh_pll_clk3/O
                         net (fo=1, routed)           0.841     7.606    cnn_accelerator_system_i/mig_7series_0/u_cnn_accelerator_system_mig_7series_0_0_mig/u_ddr3_infrastructure/pll_clk3
    MMCME2_ADV_X1Y1      MMCME2_ADV (Prop_mmcme2_adv_CLKIN1_CLKOUT1)
                                                     -3.457     4.149 r  cnn_accelerator_system_i/mig_7series_0/u_cnn_accelerator_system_mig_7series_0_0_mig/u_ddr3_infrastructure/gen_mmcm.mmcm_i/CLKOUT1
                         net (fo=1, routed)           1.719     5.868    cnn_accelerator_system_i/mig_7series_0/u_cnn_accelerator_system_mig_7series_0_0_mig/u_ddr3_infrastructure/clk_div2_bufg_in
    BUFGCTRL_X0Y5        BUFG (Prop_bufg_I_O)         0.096     5.964 r  cnn_accelerator_system_i/mig_7series_0/u_cnn_accelerator_system_mig_7series_0_0_mig/u_ddr3_infrastructure/gen_mmcm.u_bufg_clk_div2/O
                         net (fo=13, routed)          1.803     7.768    cnn_accelerator_system_i/mig_7series_0/u_cnn_accelerator_system_mig_7series_0_0_mig/u_ddr3_infrastructure/gen_mmcm.u_bufg_clk_div2_n_0
    SLICE_X70Y199        FDPE                                         r  cnn_accelerator_system_i/mig_7series_0/u_cnn_accelerator_system_mig_7series_0_0_mig/u_ddr3_infrastructure/rstdiv2_sync_r_reg[3]/C
  -------------------------------------------------------------------    -------------------
    SLICE_X70Y199        FDPE (Prop_fdpe_C_Q)         0.518     8.286 r  cnn_accelerator_system_i/mig_7series_0/u_cnn_accelerator_system_mig_7series_0_0_mig/u_ddr3_infrastructure/rstdiv2_sync_r_reg[3]/Q
                         net (fo=1, routed)           0.520     8.806    cnn_accelerator_system_i/mig_7series_0/u_cnn_accelerator_system_mig_7series_0_0_mig/u_ddr3_infrastructure/rstdiv2_sync_r[3]
    SLICE_X70Y199        FDPE                                         r  cnn_accelerator_system_i/mig_7series_0/u_cnn_accelerator_system_mig_7series_0_0_mig/u_ddr3_infrastructure/rstdiv2_sync_r_reg[4]/D
  -------------------------------------------------------------------    -------------------

                         (clock clk_div2_bufg_in rise edge)
                                                      6.154     6.154 r
    E3                                                0.000     6.154 r  CLK100MHZ (IN)
                         net (fo=0)                   0.000     6.154    CLK100MHZ
    E3                   IBUF (Prop_ibuf_I_O)         1.411     7.565 r  CLK100MHZ_IBUF_inst/O
                         net (fo=1, routed)           1.920     9.485    cnn_accelerator_system_i/util_ds_buf_0/U0/BUFG_I[0]
    BUFGCTRL_X0Y16       BUFG (Prop_bufg_I_O)         0.091     9.576 r  cnn_accelerator_system_i/util_ds_buf_0/U0/USE_BUFG.GEN_BUFG[0].BUFG_U/O
                         net (fo=2, routed)           1.544    11.120    cnn_accelerator_system_i/mig_7series_0/u_cnn_accelerator_system_mig_7series_0_0_mig/u_ddr3_infrastructure/mmcm_clk
    PLLE2_ADV_X1Y1       PLLE2_ADV (Prop_plle2_adv_CLKIN1_CLKOUT3)
                                                      0.083    11.203 r  cnn_accelerator_system_i/mig_7series_0/u_cnn_accelerator_system_mig_7series_0_0_mig/u_ddr3_infrastructure/plle2_i/CLKOUT3
                         net (fo=1, routed)           1.205    12.408    cnn_accelerator_system_i/mig_7series_0/u_cnn_accelerator_system_mig_7series_0_0_mig/u_ddr3_infrastructure/pll_clk3_out
    BUFHCE_X1Y12         BUFH (Prop_bufh_I_O)         0.081    12.489 r  cnn_accelerator_system_i/mig_7series_0/u_cnn_accelerator_system_mig_7series_0_0_mig/u_ddr3_infrastructure/u_bufh_pll_clk3/O
                         net (fo=1, routed)           0.799    13.288    cnn_accelerator_system_i/mig_7series_0/u_cnn_accelerator_system_mig_7series_0_0_mig/u_ddr3_infrastructure/pll_clk3
    MMCME2_ADV_X1Y1      MMCME2_ADV (Prop_mmcme2_adv_CLKIN1_CLKOUT1)
                                                     -3.249    10.039 r  cnn_accelerator_system_i/mig_7series_0/u_cnn_accelerator_system_mig_7series_0_0_mig/u_ddr3_infrastructure/gen_mmcm.mmcm_i/CLKOUT1
                         net (fo=1, routed)           1.639    11.678    cnn_accelerator_system_i/mig_7series_0/u_cnn_accelerator_system_mig_7series_0_0_mig/u_ddr3_infrastructure/clk_div2_bufg_in
    BUFGCTRL_X0Y5        BUFG (Prop_bufg_I_O)         0.091    11.769 r  cnn_accelerator_system_i/mig_7series_0/u_cnn_accelerator_system_mig_7series_0_0_mig/u_ddr3_infrastructure/gen_mmcm.u_bufg_clk_div2/O
                         net (fo=13, routed)          1.674    13.443    cnn_accelerator_system_i/mig_7series_0/u_cnn_accelerator_system_mig_7series_0_0_mig/u_ddr3_infrastructure/gen_mmcm.u_bufg_clk_div2_n_0
    SLICE_X70Y199        FDPE                                         r  cnn_accelerator_system_i/mig_7series_0/u_cnn_accelerator_system_mig_7series_0_0_mig/u_ddr3_infrastructure/rstdiv2_sync_r_reg[4]/C
                         clock pessimism              0.478    13.922
                         clock uncertainty           -0.084    13.838
    SLICE_X70Y199        FDPE (Setup_fdpe_C_D)       -0.045    13.793    cnn_accelerator_system_i/mig_7series_0/u_cnn_accelerator_system_mig_7series_0_0_mig/u_ddr3_infrastructure/rstdiv2_sync_r_reg[4]
  -------------------------------------------------------------------
                         required time                         13.793
                         arrival time                          -8.806
  -------------------------------------------------------------------
                         slack                                  4.987





Min Delay Paths
--------------------------------------------------------------------------------------
Slack (MET) :             0.171ns  (arrival time - required time)
  Source:                 cnn_accelerator_system_i/mig_7series_0/u_cnn_accelerator_system_mig_7series_0_0_mig/u_ddr3_infrastructure/rstdiv2_sync_r_reg[7]/C
                            (rising edge-triggered cell FDPE clocked by clk_div2_bufg_in  {rise@0.000ns fall@3.077ns period=6.154ns})
  Destination:            cnn_accelerator_system_i/mig_7series_0/u_cnn_accelerator_system_mig_7series_0_0_mig/u_ddr3_infrastructure/rstdiv2_sync_r_reg[8]/D
                            (rising edge-triggered cell FDPE clocked by clk_div2_bufg_in  {rise@0.000ns fall@3.077ns period=6.154ns})
  Path Group:             clk_div2_bufg_in
  Path Type:              Hold (Min at Fast Process Corner)
  Requirement:            0.000ns  (clk_div2_bufg_in rise@0.000ns - clk_div2_bufg_in rise@0.000ns)
  Data Path Delay:        0.207ns  (logic 0.148ns (71.500%)  route 0.059ns (28.500%))
  Logic Levels:           0
  Clock Path Skew:        0.013ns (DCD - SCD - CPR)
    Destination Clock Delay (DCD):    3.122ns
    Source Clock Delay      (SCD):    2.307ns
    Clock Pessimism Removal (CPR):    0.802ns

    Location             Delay type                Incr(ns)  Path(ns)    Netlist Resource(s)
  -------------------------------------------------------------------    -------------------
                         (clock clk_div2_bufg_in rise edge)
                                                      0.000     0.000 r
    E3                                                0.000     0.000 r  CLK100MHZ (IN)
                         net (fo=0)                   0.000     0.000    CLK100MHZ
    E3                   IBUF (Prop_ibuf_I_O)         0.250     0.250 r  CLK100MHZ_IBUF_inst/O
                         net (fo=1, routed)           0.644     0.894    cnn_accelerator_system_i/util_ds_buf_0/U0/BUFG_I[0]
    BUFGCTRL_X0Y16       BUFG (Prop_bufg_I_O)         0.026     0.920 r  cnn_accelerator_system_i/util_ds_buf_0/U0/USE_BUFG.GEN_BUFG[0].BUFG_U/O
                         net (fo=2, routed)           0.566     1.485    cnn_accelerator_system_i/mig_7series_0/u_cnn_accelerator_system_mig_7series_0_0_mig/u_ddr3_infrastructure/mmcm_clk
    PLLE2_ADV_X1Y1       PLLE2_ADV (Prop_plle2_adv_CLKIN1_CLKOUT3)
                                                      0.050     1.535 r  cnn_accelerator_system_i/mig_7series_0/u_cnn_accelerator_system_mig_7series_0_0_mig/u_ddr3_infrastructure/plle2_i/CLKOUT3
                         net (fo=1, routed)           0.394     1.929    cnn_accelerator_system_i/mig_7series_0/u_cnn_accelerator_system_mig_7series_0_0_mig/u_ddr3_infrastructure/pll_clk3_out
    BUFHCE_X1Y12         BUFH (Prop_bufh_I_O)         0.020     1.949 r  cnn_accelerator_system_i/mig_7series_0/u_cnn_accelerator_system_mig_7series_0_0_mig/u_ddr3_infrastructure/u_bufh_pll_clk3/O
                         net (fo=1, routed)           0.269     2.218    cnn_accelerator_system_i/mig_7series_0/u_cnn_accelerator_system_mig_7series_0_0_mig/u_ddr3_infrastructure/pll_clk3
    MMCME2_ADV_X1Y1      MMCME2_ADV (Prop_mmcme2_adv_CLKIN1_CLKOUT1)
                                                     -1.083     1.135 r  cnn_accelerator_system_i/mig_7series_0/u_cnn_accelerator_system_mig_7series_0_0_mig/u_ddr3_infrastructure/gen_mmcm.mmcm_i/CLKOUT1
                         net (fo=1, routed)           0.499     1.634    cnn_accelerator_system_i/mig_7series_0/u_cnn_accelerator_system_mig_7series_0_0_mig/u_ddr3_infrastructure/clk_div2_bufg_in
    BUFGCTRL_X0Y5        BUFG (Prop_bufg_I_O)         0.026     1.660 r  cnn_accelerator_system_i/mig_7series_0/u_cnn_accelerator_system_mig_7series_0_0_mig/u_ddr3_infrastructure/gen_mmcm.u_bufg_clk_div2/O
                         net (fo=13, routed)          0.647     2.307    cnn_accelerator_system_i/mig_7series_0/u_cnn_accelerator_system_mig_7series_0_0_mig/u_ddr3_infrastructure/gen_mmcm.u_bufg_clk_div2_n_0
    SLICE_X70Y199        FDPE                                         r  cnn_accelerator_system_i/mig_7series_0/u_cnn_accelerator_system_mig_7series_0_0_mig/u_ddr3_infrastructure/rstdiv2_sync_r_reg[7]/C
  -------------------------------------------------------------------    -------------------
    SLICE_X70Y199        FDPE (Prop_fdpe_C_Q)         0.148     2.455 r  cnn_accelerator_system_i/mig_7series_0/u_cnn_accelerator_system_mig_7series_0_0_mig/u_ddr3_infrastructure/rstdiv2_sync_r_reg[7]/Q
                         net (fo=1, routed)           0.059     2.514    cnn_accelerator_system_i/mig_7series_0/u_cnn_accelerator_system_mig_7series_0_0_mig/u_ddr3_infrastructure/rstdiv2_sync_r[7]
    SLICE_X71Y199        FDPE                                         r  cnn_accelerator_system_i/mig_7series_0/u_cnn_accelerator_system_mig_7series_0_0_mig/u_ddr3_infrastructure/rstdiv2_sync_r_reg[8]/D
  -------------------------------------------------------------------    -------------------

                         (clock clk_div2_bufg_in rise edge)
                                                      0.000     0.000 r
    E3                                                0.000     0.000 r  CLK100MHZ (IN)
                         net (fo=0)                   0.000     0.000    CLK100MHZ
    E3                   IBUF (Prop_ibuf_I_O)         0.438     0.438 r  CLK100MHZ_IBUF_inst/O
                         net (fo=1, routed)           0.699     1.136    cnn_accelerator_system_i/util_ds_buf_0/U0/BUFG_I[0]
    BUFGCTRL_X0Y16       BUFG (Prop_bufg_I_O)         0.029     1.165 r  cnn_accelerator_system_i/util_ds_buf_0/U0/USE_BUFG.GEN_BUFG[0].BUFG_U/O
                         net (fo=2, routed)           0.835     2.000    cnn_accelerator_system_i/mig_7series_0/u_cnn_accelerator_system_mig_7series_0_0_mig/u_ddr3_infrastructure/mmcm_clk
    PLLE2_ADV_X1Y1       PLLE2_ADV (Prop_plle2_adv_CLKIN1_CLKOUT3)
                                                      0.053     2.053 r  cnn_accelerator_system_i/mig_7series_0/u_cnn_accelerator_system_mig_7series_0_0_mig/u_ddr3_infrastructure/plle2_i/CLKOUT3
                         net (fo=1, routed)           0.437     2.490    cnn_accelerator_system_i/mig_7series_0/u_cnn_accelerator_system_mig_7series_0_0_mig/u_ddr3_infrastructure/pll_clk3_out
    BUFHCE_X1Y12         BUFH (Prop_bufh_I_O)         0.043     2.533 r  cnn_accelerator_system_i/mig_7series_0/u_cnn_accelerator_system_mig_7series_0_0_mig/u_ddr3_infrastructure/u_bufh_pll_clk3/O
                         net (fo=1, routed)           0.494     3.027    cnn_accelerator_system_i/mig_7series_0/u_cnn_accelerator_system_mig_7series_0_0_mig/u_ddr3_infrastructure/pll_clk3
    MMCME2_ADV_X1Y1      MMCME2_ADV (Prop_mmcme2_adv_CLKIN1_CLKOUT1)
                                                     -1.400     1.627 r  cnn_accelerator_system_i/mig_7series_0/u_cnn_accelerator_system_mig_7series_0_0_mig/u_ddr3_infrastructure/gen_mmcm.mmcm_i/CLKOUT1
                         net (fo=1, routed)           0.544     2.170    cnn_accelerator_system_i/mig_7series_0/u_cnn_accelerator_system_mig_7series_0_0_mig/u_ddr3_infrastructure/clk_div2_bufg_in
    BUFGCTRL_X0Y5        BUFG (Prop_bufg_I_O)         0.029     2.199 r  cnn_accelerator_system_i/mig_7series_0/u_cnn_accelerator_system_mig_7series_0_0_mig/u_ddr3_infrastructure/gen_mmcm.u_bufg_clk_div2/O
                         net (fo=13, routed)          0.923     3.122    cnn_accelerator_system_i/mig_7series_0/u_cnn_accelerator_system_mig_7series_0_0_mig/u_ddr3_infrastructure/gen_mmcm.u_bufg_clk_div2_n_0
    SLICE_X71Y199        FDPE                                         r  cnn_accelerator_system_i/mig_7series_0/u_cnn_accelerator_system_mig_7series_0_0_mig/u_ddr3_infrastructure/rstdiv2_sync_r_reg[8]/C
                         clock pessimism             -0.802     2.320
    SLICE_X71Y199        FDPE (Hold_fdpe_C_D)         0.023     2.343    cnn_accelerator_system_i/mig_7series_0/u_cnn_accelerator_system_mig_7series_0_0_mig/u_ddr3_infrastructure/rstdiv2_sync_r_reg[8]
  -------------------------------------------------------------------
                         required time                         -2.343
                         arrival time                           2.514
  -------------------------------------------------------------------
                         slack                                  0.171





Pulse Width Checks
--------------------------------------------------------------------------------------
Clock Name:         clk_div2_bufg_in
Waveform(ns):       { 0.000 3.077 }
Period(ns):         6.154
Sources:            { cnn_accelerator_system_i/mig_7series_0/u_cnn_accelerator_system_mig_7series_0_0_mig/u_ddr3_infrastructure/gen_mmcm.mmcm_i/CLKOUT1 }

Check Type        Corner  Lib Pin             Reference Pin  Required(ns)  Actual(ns)  Slack(ns)  Location         Pin
Min Period        n/a     BUFG/I              n/a            2.155         6.154       3.999      BUFGCTRL_X0Y5    cnn_accelerator_system_i/mig_7series_0/u_cnn_accelerator_system_mig_7series_0_0_mig/u_ddr3_infrastructure/gen_mmcm.u_bufg_clk_div2/I
Max Period        n/a     MMCME2_ADV/CLKOUT1  n/a            213.360       6.154       207.206    MMCME2_ADV_X1Y1  cnn_accelerator_system_i/mig_7series_0/u_cnn_accelerator_system_mig_7series_0_0_mig/u_ddr3_infrastructure/gen_mmcm.mmcm_i/CLKOUT1
Low Pulse Width   Slow    FDPE/C              n/a            0.500         3.077       2.577      SLICE_X71Y199    cnn_accelerator_system_i/mig_7series_0/u_cnn_accelerator_system_mig_7series_0_0_mig/u_ddr3_infrastructure/rstdiv2_sync_r1_reg/C
High Pulse Width  Slow    FDPE/C              n/a            0.500         3.077       2.577      SLICE_X71Y199    cnn_accelerator_system_i/mig_7series_0/u_cnn_accelerator_system_mig_7series_0_0_mig/u_ddr3_infrastructure/rstdiv2_sync_r1_reg/C



---------------------------------------------------------------------------------------------------
From Clock:  clk_pll_i
  To Clock:  clk_pll_i

Setup :            0  Failing Endpoints,  Worst Slack        1.284ns,  Total Violation        0.000ns
Hold  :            0  Failing Endpoints,  Worst Slack        0.035ns,  Total Violation        0.000ns
PW    :            0  Failing Endpoints,  Worst Slack        4.004ns,  Total Violation        0.000ns
---------------------------------------------------------------------------------------------------


Max Delay Paths
--------------------------------------------------------------------------------------
Slack (MET) :             1.284ns  (required time - arrival time)
  Source:                 cnn_accelerator_system_i/mig_7series_0/u_cnn_accelerator_system_mig_7series_0_0_mig/u_ddr3_infrastructure/rstdiv0_sync_r1_reg_rep__16/C
                            (rising edge-triggered cell FDPE clocked by clk_pll_i  {rise@0.000ns fall@6.154ns period=12.308ns})
  Destination:            cnn_accelerator_system_i/mig_7series_0/u_cnn_accelerator_system_mig_7series_0_0_mig/u_memc_ui_top_axi/mem_intfc0/mc0/bank_mach0/arb_mux0/arb_row_col0/config_arb0/grant_r_reg[2]/D
                            (rising edge-triggered cell FDRE clocked by clk_pll_i  {rise@0.000ns fall@6.154ns period=12.308ns})
  Path Group:             clk_pll_i
  Path Type:              Setup (Max at Slow Process Corner)
  Requirement:            12.308ns  (clk_pll_i rise@12.308ns - clk_pll_i rise@0.000ns)
  Data Path Delay:        10.901ns  (logic 1.552ns (14.237%)  route 9.349ns (85.763%))
  Logic Levels:           7  (LUT1=1 LUT4=4 LUT6=2)
  Clock Path Skew:        -0.085ns (DCD - SCD + CPR)
    Destination Clock Delay (DCD):    7.324ns = ( 19.632 - 12.308 )
    Source Clock Delay      (SCD):    7.759ns
    Clock Pessimism Removal (CPR):    0.349ns
  Clock Uncertainty:      0.068ns  ((TSJ^2 + DJ^2)^1/2) / 2 + PE
    Total System Jitter     (TSJ):    0.071ns
    Discrete Jitter          (DJ):    0.116ns
    Phase Error              (PE):    0.000ns

    Location             Delay type                Incr(ns)  Path(ns)    Netlist Resource(s)
  -------------------------------------------------------------------    -------------------
                         (clock clk_pll_i rise edge)
                                                      0.000     0.000 r
    E3                                                0.000     0.000 r  CLK100MHZ (IN)
                         net (fo=0)                   0.000     0.000    CLK100MHZ
    E3                   IBUF (Prop_ibuf_I_O)         1.482     1.482 r  CLK100MHZ_IBUF_inst/O
                         net (fo=1, routed)           2.025     3.506    cnn_accelerator_system_i/util_ds_buf_0/U0/BUFG_I[0]
    BUFGCTRL_X0Y16       BUFG (Prop_bufg_I_O)         0.096     3.602 r  cnn_accelerator_system_i/util_ds_buf_0/U0/USE_BUFG.GEN_BUFG[0].BUFG_U/O
                         net (fo=2, routed)           1.666     5.269    cnn_accelerator_system_i/mig_7series_0/u_cnn_accelerator_system_mig_7series_0_0_mig/u_ddr3_infrastructure/mmcm_clk
    PLLE2_ADV_X1Y1       PLLE2_ADV (Prop_plle2_adv_CLKIN1_CLKOUT3)
                                                      0.088     5.357 r  cnn_accelerator_system_i/mig_7series_0/u_cnn_accelerator_system_mig_7series_0_0_mig/u_ddr3_infrastructure/plle2_i/CLKOUT3
                         net (fo=1, routed)           1.281     6.638    cnn_accelerator_system_i/mig_7series_0/u_cnn_accelerator_system_mig_7series_0_0_mig/u_ddr3_infrastructure/pll_clk3_out
    BUFHCE_X1Y12         BUFH (Prop_bufh_I_O)         0.127     6.765 r  cnn_accelerator_system_i/mig_7series_0/u_cnn_accelerator_system_mig_7series_0_0_mig/u_ddr3_infrastructure/u_bufh_pll_clk3/O
                         net (fo=1, routed)           0.841     7.606    cnn_accelerator_system_i/mig_7series_0/u_cnn_accelerator_system_mig_7series_0_0_mig/u_ddr3_infrastructure/pll_clk3
    MMCME2_ADV_X1Y1      MMCME2_ADV (Prop_mmcme2_adv_CLKIN1_CLKFBOUT)
                                                     -3.457     4.149 r  cnn_accelerator_system_i/mig_7series_0/u_cnn_accelerator_system_mig_7series_0_0_mig/u_ddr3_infrastructure/gen_mmcm.mmcm_i/CLKFBOUT
                         net (fo=1, routed)           1.719     5.868    cnn_accelerator_system_i/mig_7series_0/u_cnn_accelerator_system_mig_7series_0_0_mig/u_ddr3_infrastructure/clk_pll_i
    BUFGCTRL_X0Y1        BUFG (Prop_bufg_I_O)         0.096     5.964 r  cnn_accelerator_system_i/mig_7series_0/u_cnn_accelerator_system_mig_7series_0_0_mig/u_ddr3_infrastructure/u_bufg_clkdiv0/O
                         net (fo=6189, routed)        1.794     7.759    cnn_accelerator_system_i/mig_7series_0/u_cnn_accelerator_system_mig_7series_0_0_mig/u_ddr3_infrastructure/u_bufg_clkdiv0_0
    SLICE_X32Y177        FDPE                                         r  cnn_accelerator_system_i/mig_7series_0/u_cnn_accelerator_system_mig_7series_0_0_mig/u_ddr3_infrastructure/rstdiv0_sync_r1_reg_rep__16/C
  -------------------------------------------------------------------    -------------------
    SLICE_X32Y177        FDPE (Prop_fdpe_C_Q)         0.456     8.215 r  cnn_accelerator_system_i/mig_7series_0/u_cnn_accelerator_system_mig_7series_0_0_mig/u_ddr3_infrastructure/rstdiv0_sync_r1_reg_rep__16/Q
                         net (fo=1, routed)           0.417     8.632    cnn_accelerator_system_i/mig_7series_0/u_cnn_accelerator_system_mig_7series_0_0_mig/u_ddr3_infrastructure/rstdiv0_sync_r1_reg_rep__16_n_0
    SLICE_X32Y177        LUT1 (Prop_lut1_I0_O)        0.124     8.756 r  cnn_accelerator_system_i/mig_7series_0/u_cnn_accelerator_system_mig_7series_0_0_mig/u_ddr3_infrastructure/rstdiv0_sync_r1_inst_rep__15/O
                         net (fo=48, routed)          5.791    14.546    cnn_accelerator_system_i/mig_7series_0/u_cnn_accelerator_system_mig_7series_0_0_mig/u_memc_ui_top_axi/mem_intfc0/mc0/bank_mach0/arb_mux0/arb_row_col0/config_arb0/last_master_r_reg[2]_0
    SLICE_X74Y27         LUT4 (Prop_lut4_I1_O)        0.124    14.670 r  cnn_accelerator_system_i/mig_7series_0/u_cnn_accelerator_system_mig_7series_0_0_mig/u_memc_ui_top_axi/mem_intfc0/mc0/bank_mach0/arb_mux0/arb_row_col0/config_arb0/rnk_config_r[0]_i_2/O
                         net (fo=2, routed)           0.306    14.976    cnn_accelerator_system_i/mig_7series_0/u_cnn_accelerator_system_mig_7series_0_0_mig/u_memc_ui_top_axi/mem_intfc0/mc0/bank_mach0/arb_mux0/arb_row_col0/config_arb0/rnk_config_r[0]_i_2_n_0
    SLICE_X76Y27         LUT6 (Prop_lut6_I0_O)        0.124    15.100 f  cnn_accelerator_system_i/mig_7series_0/u_cnn_accelerator_system_mig_7series_0_0_mig/u_memc_ui_top_axi/mem_intfc0/mc0/bank_mach0/arb_mux0/arb_row_col0/config_arb0/grant_r[3]_i_10__1/O
                         net (fo=5, routed)           0.837    15.937    cnn_accelerator_system_i/mig_7series_0/u_cnn_accelerator_system_mig_7series_0_0_mig/u_memc_ui_top_axi/mem_intfc0/mc0/bank_mach0/arb_mux0/arb_row_col0/config_arb0/rnk_config_strobe_r_reg[0]
    SLICE_X77Y22         LUT4 (Prop_lut4_I3_O)        0.150    16.087 r  cnn_accelerator_system_i/mig_7series_0/u_cnn_accelerator_system_mig_7series_0_0_mig/u_memc_ui_top_axi/mem_intfc0/mc0/bank_mach0/arb_mux0/arb_row_col0/config_arb0/grant_r[3]_i_7__0/O
                         net (fo=4, routed)           0.521    16.608    cnn_accelerator_system_i/mig_7series_0/u_cnn_accelerator_system_mig_7series_0_0_mig/u_memc_ui_top_axi/mem_intfc0/mc0/bank_mach0/bank_cntrl[1].bank0/bank_queue0/rnk_config_strobe_r_reg[0]_3
    SLICE_X78Y21         LUT4 (Prop_lut4_I3_O)        0.326    16.934 f  cnn_accelerator_system_i/mig_7series_0/u_cnn_accelerator_system_mig_7series_0_0_mig/u_memc_ui_top_axi/mem_intfc0/mc0/bank_mach0/bank_cntrl[1].bank0/bank_queue0/grant_r[3]_i_2/O
                         net (fo=6, routed)           1.012    17.946    cnn_accelerator_system_i/mig_7series_0/u_cnn_accelerator_system_mig_7series_0_0_mig/u_memc_ui_top_axi/mem_intfc0/mc0/bank_mach0/arb_mux0/arb_row_col0/config_arb0/grant_r_reg[2]_0
    SLICE_X74Y27         LUT4 (Prop_lut4_I0_O)        0.124    18.070 r  cnn_accelerator_system_i/mig_7series_0/u_cnn_accelerator_system_mig_7series_0_0_mig/u_memc_ui_top_axi/mem_intfc0/mc0/bank_mach0/arb_mux0/arb_row_col0/config_arb0/grant_r[2]_i_2/O
                         net (fo=2, routed)           0.466    18.536    cnn_accelerator_system_i/mig_7series_0/u_cnn_accelerator_system_mig_7series_0_0_mig/u_memc_ui_top_axi/mem_intfc0/mc0/bank_mach0/arb_mux0/arb_row_col0/config_arb0/grant_r[2]_i_2_n_0
    SLICE_X75Y27         LUT6 (Prop_lut6_I0_O)        0.124    18.660 r  cnn_accelerator_system_i/mig_7series_0/u_cnn_accelerator_system_mig_7series_0_0_mig/u_memc_ui_top_axi/mem_intfc0/mc0/bank_mach0/arb_mux0/arb_row_col0/config_arb0/grant_r[2]_i_1__2/O
                         net (fo=1, routed)           0.000    18.660    cnn_accelerator_system_i/mig_7series_0/u_cnn_accelerator_system_mig_7series_0_0_mig/u_memc_ui_top_axi/mem_intfc0/mc0/bank_mach0/arb_mux0/arb_row_col0/config_arb0/grant_r[2]_i_1__2_n_0
    SLICE_X75Y27         FDRE                                         r  cnn_accelerator_system_i/mig_7series_0/u_cnn_accelerator_system_mig_7series_0_0_mig/u_memc_ui_top_axi/mem_intfc0/mc0/bank_mach0/arb_mux0/arb_row_col0/config_arb0/grant_r_reg[2]/D
  -------------------------------------------------------------------    -------------------

                         (clock clk_pll_i rise edge)
                                                     12.308    12.308 r
    E3                                                0.000    12.308 r  CLK100MHZ (IN)
                         net (fo=0)                   0.000    12.308    CLK100MHZ
    E3                   IBUF (Prop_ibuf_I_O)         1.411    13.719 r  CLK100MHZ_IBUF_inst/O
                         net (fo=1, routed)           1.920    15.639    cnn_accelerator_system_i/util_ds_buf_0/U0/BUFG_I[0]
    BUFGCTRL_X0Y16       BUFG (Prop_bufg_I_O)         0.091    15.730 r  cnn_accelerator_system_i/util_ds_buf_0/U0/USE_BUFG.GEN_BUFG[0].BUFG_U/O
                         net (fo=2, routed)           1.544    17.274    cnn_accelerator_system_i/mig_7series_0/u_cnn_accelerator_system_mig_7series_0_0_mig/u_ddr3_infrastructure/mmcm_clk
    PLLE2_ADV_X1Y1       PLLE2_ADV (Prop_plle2_adv_CLKIN1_CLKOUT3)
                                                      0.083    17.357 r  cnn_accelerator_system_i/mig_7series_0/u_cnn_accelerator_system_mig_7series_0_0_mig/u_ddr3_infrastructure/plle2_i/CLKOUT3
                         net (fo=1, routed)           1.205    18.562    cnn_accelerator_system_i/mig_7series_0/u_cnn_accelerator_system_mig_7series_0_0_mig/u_ddr3_infrastructure/pll_clk3_out
    BUFHCE_X1Y12         BUFH (Prop_bufh_I_O)         0.081    18.643 r  cnn_accelerator_system_i/mig_7series_0/u_cnn_accelerator_system_mig_7series_0_0_mig/u_ddr3_infrastructure/u_bufh_pll_clk3/O
                         net (fo=1, routed)           0.799    19.442    cnn_accelerator_system_i/mig_7series_0/u_cnn_accelerator_system_mig_7series_0_0_mig/u_ddr3_infrastructure/pll_clk3
    MMCME2_ADV_X1Y1      MMCME2_ADV (Prop_mmcme2_adv_CLKIN1_CLKFBOUT)
                                                     -3.249    16.193 r  cnn_accelerator_system_i/mig_7series_0/u_cnn_accelerator_system_mig_7series_0_0_mig/u_ddr3_infrastructure/gen_mmcm.mmcm_i/CLKFBOUT
                         net (fo=1, routed)           1.639    17.832    cnn_accelerator_system_i/mig_7series_0/u_cnn_accelerator_system_mig_7series_0_0_mig/u_ddr3_infrastructure/clk_pll_i
    BUFGCTRL_X0Y1        BUFG (Prop_bufg_I_O)         0.091    17.923 r  cnn_accelerator_system_i/mig_7series_0/u_cnn_accelerator_system_mig_7series_0_0_mig/u_ddr3_infrastructure/u_bufg_clkdiv0/O
                         net (fo=6189, routed)        1.709    19.632    cnn_accelerator_system_i/mig_7series_0/u_cnn_accelerator_system_mig_7series_0_0_mig/u_memc_ui_top_axi/mem_intfc0/mc0/bank_mach0/arb_mux0/arb_row_col0/config_arb0/grant_r_reg[3]_0
    SLICE_X75Y27         FDRE                                         r  cnn_accelerator_system_i/mig_7series_0/u_cnn_accelerator_system_mig_7series_0_0_mig/u_memc_ui_top_axi/mem_intfc0/mc0/bank_mach0/arb_mux0/arb_row_col0/config_arb0/grant_r_reg[2]/C
                         clock pessimism              0.349    19.981
                         clock uncertainty           -0.068    19.913
    SLICE_X75Y27         FDRE (Setup_fdre_C_D)        0.031    19.944    cnn_accelerator_system_i/mig_7series_0/u_cnn_accelerator_system_mig_7series_0_0_mig/u_memc_ui_top_axi/mem_intfc0/mc0/bank_mach0/arb_mux0/arb_row_col0/config_arb0/grant_r_reg[2]
  -------------------------------------------------------------------
                         required time                         19.944
                         arrival time                         -18.660
  -------------------------------------------------------------------
                         slack                                  1.284





Min Delay Paths
--------------------------------------------------------------------------------------
Slack (MET) :             0.035ns  (arrival time - required time)
  Source:                 cnn_accelerator_system_i/ram_interconnect/m00_couplers/auto_cc/inst/gen_clock_conv.gen_async_conv.asyncfifo_axi/inst_fifo_gen/gaxi_full_lite.gwrite_ch.gwach2.axi_wach/grf.rf/gntv_or_sync_fifo.mem/gdm.dm_gen.dm/gpr1.dout_i_reg[0]/C
                            (rising edge-triggered cell FDRE clocked by clk_pll_i  {rise@0.000ns fall@6.154ns period=12.308ns})
  Destination:            cnn_accelerator_system_i/ram_interconnect/m00_couplers/auto_cc/inst/gen_clock_conv.gen_async_conv.asyncfifo_axi/inst_fifo_gen/gaxi_full_lite.gwrite_ch.gwach2.axi_wach/grf.rf/gntv_or_sync_fifo.mem/goreg_dm.dout_i_reg[0]/D
                            (rising edge-triggered cell FDRE clocked by clk_pll_i  {rise@0.000ns fall@6.154ns period=12.308ns})
  Path Group:             clk_pll_i
  Path Type:              Hold (Min at Fast Process Corner)
  Requirement:            0.000ns  (clk_pll_i rise@0.000ns - clk_pll_i rise@0.000ns)
  Data Path Delay:        0.366ns  (logic 0.141ns (38.566%)  route 0.225ns (61.434%))
  Logic Levels:           0
  Clock Path Skew:        0.261ns (DCD - SCD - CPR)
    Destination Clock Delay (DCD):    3.092ns
    Source Clock Delay      (SCD):    2.283ns
    Clock Pessimism Removal (CPR):    0.548ns

    Location             Delay type                Incr(ns)  Path(ns)    Netlist Resource(s)
  -------------------------------------------------------------------    -------------------
                         (clock clk_pll_i rise edge)
                                                      0.000     0.000 r
    E3                                                0.000     0.000 r  CLK100MHZ (IN)
                         net (fo=0)                   0.000     0.000    CLK100MHZ
    E3                   IBUF (Prop_ibuf_I_O)         0.250     0.250 r  CLK100MHZ_IBUF_inst/O
                         net (fo=1, routed)           0.644     0.894    cnn_accelerator_system_i/util_ds_buf_0/U0/BUFG_I[0]
    BUFGCTRL_X0Y16       BUFG (Prop_bufg_I_O)         0.026     0.920 r  cnn_accelerator_system_i/util_ds_buf_0/U0/USE_BUFG.GEN_BUFG[0].BUFG_U/O
                         net (fo=2, routed)           0.566     1.485    cnn_accelerator_system_i/mig_7series_0/u_cnn_accelerator_system_mig_7series_0_0_mig/u_ddr3_infrastructure/mmcm_clk
    PLLE2_ADV_X1Y1       PLLE2_ADV (Prop_plle2_adv_CLKIN1_CLKOUT3)
                                                      0.050     1.535 r  cnn_accelerator_system_i/mig_7series_0/u_cnn_accelerator_system_mig_7series_0_0_mig/u_ddr3_infrastructure/plle2_i/CLKOUT3
                         net (fo=1, routed)           0.394     1.929    cnn_accelerator_system_i/mig_7series_0/u_cnn_accelerator_system_mig_7series_0_0_mig/u_ddr3_infrastructure/pll_clk3_out
    BUFHCE_X1Y12         BUFH (Prop_bufh_I_O)         0.020     1.949 r  cnn_accelerator_system_i/mig_7series_0/u_cnn_accelerator_system_mig_7series_0_0_mig/u_ddr3_infrastructure/u_bufh_pll_clk3/O
                         net (fo=1, routed)           0.269     2.218    cnn_accelerator_system_i/mig_7series_0/u_cnn_accelerator_system_mig_7series_0_0_mig/u_ddr3_infrastructure/pll_clk3
    MMCME2_ADV_X1Y1      MMCME2_ADV (Prop_mmcme2_adv_CLKIN1_CLKFBOUT)
                                                     -1.083     1.135 r  cnn_accelerator_system_i/mig_7series_0/u_cnn_accelerator_system_mig_7series_0_0_mig/u_ddr3_infrastructure/gen_mmcm.mmcm_i/CLKFBOUT
                         net (fo=1, routed)           0.499     1.634    cnn_accelerator_system_i/mig_7series_0/u_cnn_accelerator_system_mig_7series_0_0_mig/u_ddr3_infrastructure/clk_pll_i
    BUFGCTRL_X0Y1        BUFG (Prop_bufg_I_O)         0.026     1.660 r  cnn_accelerator_system_i/mig_7series_0/u_cnn_accelerator_system_mig_7series_0_0_mig/u_ddr3_infrastructure/u_bufg_clkdiv0/O
                         net (fo=6189, routed)        0.623     2.283    cnn_accelerator_system_i/ram_interconnect/m00_couplers/auto_cc/inst/gen_clock_conv.gen_async_conv.asyncfifo_axi/inst_fifo_gen/gaxi_full_lite.gwrite_ch.gwach2.axi_wach/grf.rf/gntv_or_sync_fifo.mem/gdm.dm_gen.dm/m_aclk
    SLICE_X49Y18         FDRE                                         r  cnn_accelerator_system_i/ram_interconnect/m00_couplers/auto_cc/inst/gen_clock_conv.gen_async_conv.asyncfifo_axi/inst_fifo_gen/gaxi_full_lite.gwrite_ch.gwach2.axi_wach/grf.rf/gntv_or_sync_fifo.mem/gdm.dm_gen.dm/gpr1.dout_i_reg[0]/C
  -------------------------------------------------------------------    -------------------
    SLICE_X49Y18         FDRE (Prop_fdre_C_Q)         0.141     2.424 r  cnn_accelerator_system_i/ram_interconnect/m00_couplers/auto_cc/inst/gen_clock_conv.gen_async_conv.asyncfifo_axi/inst_fifo_gen/gaxi_full_lite.gwrite_ch.gwach2.axi_wach/grf.rf/gntv_or_sync_fifo.mem/gdm.dm_gen.dm/gpr1.dout_i_reg[0]/Q
                         net (fo=1, routed)           0.225     2.649    cnn_accelerator_system_i/ram_interconnect/m00_couplers/auto_cc/inst/gen_clock_conv.gen_async_conv.asyncfifo_axi/inst_fifo_gen/gaxi_full_lite.gwrite_ch.gwach2.axi_wach/grf.rf/gntv_or_sync_fifo.mem/gdm.dm_gen.dm_n_58
    SLICE_X53Y18         FDRE                                         r  cnn_accelerator_system_i/ram_interconnect/m00_couplers/auto_cc/inst/gen_clock_conv.gen_async_conv.asyncfifo_axi/inst_fifo_gen/gaxi_full_lite.gwrite_ch.gwach2.axi_wach/grf.rf/gntv_or_sync_fifo.mem/goreg_dm.dout_i_reg[0]/D
  -------------------------------------------------------------------    -------------------

                         (clock clk_pll_i rise edge)
                                                      0.000     0.000 r
    E3                                                0.000     0.000 r  CLK100MHZ (IN)
                         net (fo=0)                   0.000     0.000    CLK100MHZ
    E3                   IBUF (Prop_ibuf_I_O)         0.438     0.438 r  CLK100MHZ_IBUF_inst/O
                         net (fo=1, routed)           0.699     1.136    cnn_accelerator_system_i/util_ds_buf_0/U0/BUFG_I[0]
    BUFGCTRL_X0Y16       BUFG (Prop_bufg_I_O)         0.029     1.165 r  cnn_accelerator_system_i/util_ds_buf_0/U0/USE_BUFG.GEN_BUFG[0].BUFG_U/O
                         net (fo=2, routed)           0.835     2.000    cnn_accelerator_system_i/mig_7series_0/u_cnn_accelerator_system_mig_7series_0_0_mig/u_ddr3_infrastructure/mmcm_clk
    PLLE2_ADV_X1Y1       PLLE2_ADV (Prop_plle2_adv_CLKIN1_CLKOUT3)
                                                      0.053     2.053 r  cnn_accelerator_system_i/mig_7series_0/u_cnn_accelerator_system_mig_7series_0_0_mig/u_ddr3_infrastructure/plle2_i/CLKOUT3
                         net (fo=1, routed)           0.437     2.490    cnn_accelerator_system_i/mig_7series_0/u_cnn_accelerator_system_mig_7series_0_0_mig/u_ddr3_infrastructure/pll_clk3_out
    BUFHCE_X1Y12         BUFH (Prop_bufh_I_O)         0.043     2.533 r  cnn_accelerator_system_i/mig_7series_0/u_cnn_accelerator_system_mig_7series_0_0_mig/u_ddr3_infrastructure/u_bufh_pll_clk3/O
                         net (fo=1, routed)           0.494     3.027    cnn_accelerator_system_i/mig_7series_0/u_cnn_accelerator_system_mig_7series_0_0_mig/u_ddr3_infrastructure/pll_clk3
    MMCME2_ADV_X1Y1      MMCME2_ADV (Prop_mmcme2_adv_CLKIN1_CLKFBOUT)
                                                     -1.400     1.627 r  cnn_accelerator_system_i/mig_7series_0/u_cnn_accelerator_system_mig_7series_0_0_mig/u_ddr3_infrastructure/gen_mmcm.mmcm_i/CLKFBOUT
                         net (fo=1, routed)           0.544     2.170    cnn_accelerator_system_i/mig_7series_0/u_cnn_accelerator_system_mig_7series_0_0_mig/u_ddr3_infrastructure/clk_pll_i
    BUFGCTRL_X0Y1        BUFG (Prop_bufg_I_O)         0.029     2.199 r  cnn_accelerator_system_i/mig_7series_0/u_cnn_accelerator_system_mig_7series_0_0_mig/u_ddr3_infrastructure/u_bufg_clkdiv0/O
                         net (fo=6189, routed)        0.893     3.092    cnn_accelerator_system_i/ram_interconnect/m00_couplers/auto_cc/inst/gen_clock_conv.gen_async_conv.asyncfifo_axi/inst_fifo_gen/gaxi_full_lite.gwrite_ch.gwach2.axi_wach/grf.rf/gntv_or_sync_fifo.mem/m_aclk
    SLICE_X53Y18         FDRE                                         r  cnn_accelerator_system_i/ram_interconnect/m00_couplers/auto_cc/inst/gen_clock_conv.gen_async_conv.asyncfifo_axi/inst_fifo_gen/gaxi_full_lite.gwrite_ch.gwach2.axi_wach/grf.rf/gntv_or_sync_fifo.mem/goreg_dm.dout_i_reg[0]/C
                         clock pessimism             -0.548     2.544
    SLICE_X53Y18         FDRE (Hold_fdre_C_D)         0.070     2.614    cnn_accelerator_system_i/ram_interconnect/m00_couplers/auto_cc/inst/gen_clock_conv.gen_async_conv.asyncfifo_axi/inst_fifo_gen/gaxi_full_lite.gwrite_ch.gwach2.axi_wach/grf.rf/gntv_or_sync_fifo.mem/goreg_dm.dout_i_reg[0]
  -------------------------------------------------------------------
                         required time                         -2.614
                         arrival time                           2.649
  -------------------------------------------------------------------
                         slack                                  0.035





Pulse Width Checks
--------------------------------------------------------------------------------------
Clock Name:         clk_pll_i
Waveform(ns):       { 0.000 6.154 }
Period(ns):         12.308
Sources:            { cnn_accelerator_system_i/mig_7series_0/u_cnn_accelerator_system_mig_7series_0_0_mig/u_ddr3_infrastructure/gen_mmcm.mmcm_i/CLKFBOUT }

Check Type        Corner  Lib Pin             Reference Pin  Required(ns)  Actual(ns)  Slack(ns)  Location         Pin
Min Period        n/a     OUT_FIFO/WRCLK      n/a            5.000         12.308      7.308      OUT_FIFO_X1Y4    cnn_accelerator_system_i/mig_7series_0/u_cnn_accelerator_system_mig_7series_0_0_mig/u_memc_ui_top_axi/mem_intfc0/ddr_phy_top0/u_ddr_mc_phy_wrapper/u_ddr_mc_phy/ddr_phy_4lanes_0.u_ddr_phy_4lanes/ddr_byte_lane_A.ddr_byte_lane_A/out_fifo/WRCLK
Max Period        n/a     MMCME2_ADV/CLKFBIN  n/a            100.000       12.308      87.692     MMCME2_ADV_X1Y1  cnn_accelerator_system_i/mig_7series_0/u_cnn_accelerator_system_mig_7series_0_0_mig/u_ddr3_infrastructure/gen_mmcm.mmcm_i/CLKFBIN
Low Pulse Width   Slow    OUT_FIFO/WRCLK      n/a            2.150         6.154       4.004      OUT_FIFO_X1Y4    cnn_accelerator_system_i/mig_7series_0/u_cnn_accelerator_system_mig_7series_0_0_mig/u_memc_ui_top_axi/mem_intfc0/ddr_phy_top0/u_ddr_mc_phy_wrapper/u_ddr_mc_phy/ddr_phy_4lanes_0.u_ddr_phy_4lanes/ddr_byte_lane_A.ddr_byte_lane_A/out_fifo/WRCLK
High Pulse Width  Slow    OUT_FIFO/WRCLK      n/a            2.150         6.154       4.004      OUT_FIFO_X1Y4    cnn_accelerator_system_i/mig_7series_0/u_cnn_accelerator_system_mig_7series_0_0_mig/u_memc_ui_top_axi/mem_intfc0/ddr_phy_top0/u_ddr_mc_phy_wrapper/u_ddr_mc_phy/ddr_phy_4lanes_0.u_ddr_phy_4lanes/ddr_byte_lane_A.ddr_byte_lane_A/out_fifo/WRCLK



---------------------------------------------------------------------------------------------------
From Clock:  mmcm_ps_clk_bufg_in
  To Clock:  mmcm_ps_clk_bufg_in

Setup :            0  Failing Endpoints,  Worst Slack       23.164ns,  Total Violation        0.000ns
Hold  :            0  Failing Endpoints,  Worst Slack        0.178ns,  Total Violation        0.000ns
PW    :            0  Failing Endpoints,  Worst Slack       11.808ns,  Total Violation        0.000ns
---------------------------------------------------------------------------------------------------


Max Delay Paths
--------------------------------------------------------------------------------------
Slack (MET) :             23.164ns  (required time - arrival time)
  Source:                 cnn_accelerator_system_i/mig_7series_0/u_cnn_accelerator_system_mig_7series_0_0_mig/u_ddr3_infrastructure/rst_sync_r_reg[1]/C
                            (rising edge-triggered cell FDPE clocked by mmcm_ps_clk_bufg_in  {rise@0.000ns fall@12.308ns period=24.615ns})
  Destination:            cnn_accelerator_system_i/mig_7series_0/u_cnn_accelerator_system_mig_7series_0_0_mig/u_ddr3_infrastructure/rst_sync_r_reg[2]/D
                            (rising edge-triggered cell FDPE clocked by mmcm_ps_clk_bufg_in  {rise@0.000ns fall@12.308ns period=24.615ns})
  Path Group:             mmcm_ps_clk_bufg_in
  Path Type:              Setup (Max at Slow Process Corner)
  Requirement:            24.615ns  (mmcm_ps_clk_bufg_in rise@24.615ns - mmcm_ps_clk_bufg_in rise@0.000ns)
  Data Path Delay:        1.047ns  (logic 0.419ns (40.034%)  route 0.628ns (59.966%))
  Logic Levels:           0
  Clock Path Skew:        -0.025ns (DCD - SCD + CPR)
    Destination Clock Delay (DCD):    7.338ns = ( 31.954 - 24.615 )
    Source Clock Delay      (SCD):    7.817ns
    Clock Pessimism Removal (CPR):    0.453ns
  Clock Uncertainty:      0.110ns  ((TSJ^2 + DJ^2)^1/2) / 2 + PE
    Total System Jitter     (TSJ):    0.071ns
    Discrete Jitter          (DJ):    0.208ns
    Phase Error              (PE):    0.000ns

    Location             Delay type                Incr(ns)  Path(ns)    Netlist Resource(s)
  -------------------------------------------------------------------    -------------------
                         (clock mmcm_ps_clk_bufg_in rise edge)
                                                      0.000     0.000 r
    E3                                                0.000     0.000 r  CLK100MHZ (IN)
                         net (fo=0)                   0.000     0.000    CLK100MHZ
    E3                   IBUF (Prop_ibuf_I_O)         1.482     1.482 r  CLK100MHZ_IBUF_inst/O
                         net (fo=1, routed)           2.025     3.506    cnn_accelerator_system_i/util_ds_buf_0/U0/BUFG_I[0]
    BUFGCTRL_X0Y16       BUFG (Prop_bufg_I_O)         0.096     3.602 r  cnn_accelerator_system_i/util_ds_buf_0/U0/USE_BUFG.GEN_BUFG[0].BUFG_U/O
                         net (fo=2, routed)           1.666     5.269    cnn_accelerator_system_i/mig_7series_0/u_cnn_accelerator_system_mig_7series_0_0_mig/u_ddr3_infrastructure/mmcm_clk
    PLLE2_ADV_X1Y1       PLLE2_ADV (Prop_plle2_adv_CLKIN1_CLKOUT3)
                                                      0.088     5.357 r  cnn_accelerator_system_i/mig_7series_0/u_cnn_accelerator_system_mig_7series_0_0_mig/u_ddr3_infrastructure/plle2_i/CLKOUT3
                         net (fo=1, routed)           1.281     6.638    cnn_accelerator_system_i/mig_7series_0/u_cnn_accelerator_system_mig_7series_0_0_mig/u_ddr3_infrastructure/pll_clk3_out
    BUFHCE_X1Y12         BUFH (Prop_bufh_I_O)         0.127     6.765 r  cnn_accelerator_system_i/mig_7series_0/u_cnn_accelerator_system_mig_7series_0_0_mig/u_ddr3_infrastructure/u_bufh_pll_clk3/O
                         net (fo=1, routed)           0.841     7.606    cnn_accelerator_system_i/mig_7series_0/u_cnn_accelerator_system_mig_7series_0_0_mig/u_ddr3_infrastructure/pll_clk3
    MMCME2_ADV_X1Y1      MMCME2_ADV (Prop_mmcme2_adv_CLKIN1_CLKOUT0)
                                                     -3.457     4.149 r  cnn_accelerator_system_i/mig_7series_0/u_cnn_accelerator_system_mig_7series_0_0_mig/u_ddr3_infrastructure/gen_mmcm.mmcm_i/CLKOUT0
                         net (fo=1, routed)           1.719     5.868    cnn_accelerator_system_i/mig_7series_0/u_cnn_accelerator_system_mig_7series_0_0_mig/u_ddr3_infrastructure/mmcm_ps_clk_bufg_in
    BUFGCTRL_X0Y6        BUFG (Prop_bufg_I_O)         0.096     5.964 r  cnn_accelerator_system_i/mig_7series_0/u_cnn_accelerator_system_mig_7series_0_0_mig/u_ddr3_infrastructure/gen_mmcm.u_bufg_mmcm_ps_clk/O
                         net (fo=13, routed)          1.852     7.817    cnn_accelerator_system_i/mig_7series_0/u_cnn_accelerator_system_mig_7series_0_0_mig/u_ddr3_infrastructure/gen_mmcm.u_bufg_mmcm_ps_clk_n_0
    SLICE_X77Y198        FDPE                                         r  cnn_accelerator_system_i/mig_7series_0/u_cnn_accelerator_system_mig_7series_0_0_mig/u_ddr3_infrastructure/rst_sync_r_reg[1]/C
  -------------------------------------------------------------------    -------------------
    SLICE_X77Y198        FDPE (Prop_fdpe_C_Q)         0.419     8.236 r  cnn_accelerator_system_i/mig_7series_0/u_cnn_accelerator_system_mig_7series_0_0_mig/u_ddr3_infrastructure/rst_sync_r_reg[1]/Q
                         net (fo=1, routed)           0.628     8.863    cnn_accelerator_system_i/mig_7series_0/u_cnn_accelerator_system_mig_7series_0_0_mig/u_ddr3_infrastructure/rst_sync_r[1]
    SLICE_X77Y199        FDPE                                         r  cnn_accelerator_system_i/mig_7series_0/u_cnn_accelerator_system_mig_7series_0_0_mig/u_ddr3_infrastructure/rst_sync_r_reg[2]/D
  -------------------------------------------------------------------    -------------------

                         (clock mmcm_ps_clk_bufg_in rise edge)
                                                     24.615    24.615 r
    E3                                                0.000    24.615 r  CLK100MHZ (IN)
                         net (fo=0)                   0.000    24.615    CLK100MHZ
    E3                   IBUF (Prop_ibuf_I_O)         1.411    26.027 r  CLK100MHZ_IBUF_inst/O
                         net (fo=1, routed)           1.920    27.947    cnn_accelerator_system_i/util_ds_buf_0/U0/BUFG_I[0]
    BUFGCTRL_X0Y16       BUFG (Prop_bufg_I_O)         0.091    28.038 r  cnn_accelerator_system_i/util_ds_buf_0/U0/USE_BUFG.GEN_BUFG[0].BUFG_U/O
                         net (fo=2, routed)           1.544    29.582    cnn_accelerator_system_i/mig_7series_0/u_cnn_accelerator_system_mig_7series_0_0_mig/u_ddr3_infrastructure/mmcm_clk
    PLLE2_ADV_X1Y1       PLLE2_ADV (Prop_plle2_adv_CLKIN1_CLKOUT3)
                                                      0.083    29.665 r  cnn_accelerator_system_i/mig_7series_0/u_cnn_accelerator_system_mig_7series_0_0_mig/u_ddr3_infrastructure/plle2_i/CLKOUT3
                         net (fo=1, routed)           1.205    30.870    cnn_accelerator_system_i/mig_7series_0/u_cnn_accelerator_system_mig_7series_0_0_mig/u_ddr3_infrastructure/pll_clk3_out
    BUFHCE_X1Y12         BUFH (Prop_bufh_I_O)         0.081    30.951 r  cnn_accelerator_system_i/mig_7series_0/u_cnn_accelerator_system_mig_7series_0_0_mig/u_ddr3_infrastructure/u_bufh_pll_clk3/O
                         net (fo=1, routed)           0.799    31.750    cnn_accelerator_system_i/mig_7series_0/u_cnn_accelerator_system_mig_7series_0_0_mig/u_ddr3_infrastructure/pll_clk3
    MMCME2_ADV_X1Y1      MMCME2_ADV (Prop_mmcme2_adv_CLKIN1_CLKOUT0)
                                                     -3.249    28.501 r  cnn_accelerator_system_i/mig_7series_0/u_cnn_accelerator_system_mig_7series_0_0_mig/u_ddr3_infrastructure/gen_mmcm.mmcm_i/CLKOUT0
                         net (fo=1, routed)           1.639    30.140    cnn_accelerator_system_i/mig_7series_0/u_cnn_accelerator_system_mig_7series_0_0_mig/u_ddr3_infrastructure/mmcm_ps_clk_bufg_in
    BUFGCTRL_X0Y6        BUFG (Prop_bufg_I_O)         0.091    30.231 r  cnn_accelerator_system_i/mig_7series_0/u_cnn_accelerator_system_mig_7series_0_0_mig/u_ddr3_infrastructure/gen_mmcm.u_bufg_mmcm_ps_clk/O
                         net (fo=13, routed)          1.723    31.954    cnn_accelerator_system_i/mig_7series_0/u_cnn_accelerator_system_mig_7series_0_0_mig/u_ddr3_infrastructure/gen_mmcm.u_bufg_mmcm_ps_clk_n_0
    SLICE_X77Y199        FDPE                                         r  cnn_accelerator_system_i/mig_7series_0/u_cnn_accelerator_system_mig_7series_0_0_mig/u_ddr3_infrastructure/rst_sync_r_reg[2]/C
                         clock pessimism              0.453    32.407
                         clock uncertainty           -0.110    32.297
    SLICE_X77Y199        FDPE (Setup_fdpe_C_D)       -0.270    32.027    cnn_accelerator_system_i/mig_7series_0/u_cnn_accelerator_system_mig_7series_0_0_mig/u_ddr3_infrastructure/rst_sync_r_reg[2]
  -------------------------------------------------------------------
                         required time                         32.027
                         arrival time                          -8.863
  -------------------------------------------------------------------
                         slack                                 23.164





Min Delay Paths
--------------------------------------------------------------------------------------
Slack (MET) :             0.178ns  (arrival time - required time)
  Source:                 cnn_accelerator_system_i/mig_7series_0/u_cnn_accelerator_system_mig_7series_0_0_mig/u_ddr3_infrastructure/rst_sync_r_reg[5]/C
                            (rising edge-triggered cell FDPE clocked by mmcm_ps_clk_bufg_in  {rise@0.000ns fall@12.308ns period=24.615ns})
  Destination:            cnn_accelerator_system_i/mig_7series_0/u_cnn_accelerator_system_mig_7series_0_0_mig/u_ddr3_infrastructure/rst_sync_r_reg[6]/D
                            (rising edge-triggered cell FDPE clocked by mmcm_ps_clk_bufg_in  {rise@0.000ns fall@12.308ns period=24.615ns})
  Path Group:             mmcm_ps_clk_bufg_in
  Path Type:              Hold (Min at Fast Process Corner)
  Requirement:            0.000ns  (mmcm_ps_clk_bufg_in rise@0.000ns - mmcm_ps_clk_bufg_in rise@0.000ns)
  Data Path Delay:        0.253ns  (logic 0.141ns (55.730%)  route 0.112ns (44.270%))
  Logic Levels:           0
  Clock Path Skew:        0.000ns (DCD - SCD - CPR)
    Destination Clock Delay (DCD):    3.142ns
    Source Clock Delay      (SCD):    2.328ns
    Clock Pessimism Removal (CPR):    0.814ns

    Location             Delay type                Incr(ns)  Path(ns)    Netlist Resource(s)
  -------------------------------------------------------------------    -------------------
                         (clock mmcm_ps_clk_bufg_in rise edge)
                                                      0.000     0.000 r
    E3                                                0.000     0.000 r  CLK100MHZ (IN)
                         net (fo=0)                   0.000     0.000    CLK100MHZ
    E3                   IBUF (Prop_ibuf_I_O)         0.250     0.250 r  CLK100MHZ_IBUF_inst/O
                         net (fo=1, routed)           0.644     0.894    cnn_accelerator_system_i/util_ds_buf_0/U0/BUFG_I[0]
    BUFGCTRL_X0Y16       BUFG (Prop_bufg_I_O)         0.026     0.920 r  cnn_accelerator_system_i/util_ds_buf_0/U0/USE_BUFG.GEN_BUFG[0].BUFG_U/O
                         net (fo=2, routed)           0.566     1.485    cnn_accelerator_system_i/mig_7series_0/u_cnn_accelerator_system_mig_7series_0_0_mig/u_ddr3_infrastructure/mmcm_clk
    PLLE2_ADV_X1Y1       PLLE2_ADV (Prop_plle2_adv_CLKIN1_CLKOUT3)
                                                      0.050     1.535 r  cnn_accelerator_system_i/mig_7series_0/u_cnn_accelerator_system_mig_7series_0_0_mig/u_ddr3_infrastructure/plle2_i/CLKOUT3
                         net (fo=1, routed)           0.394     1.929    cnn_accelerator_system_i/mig_7series_0/u_cnn_accelerator_system_mig_7series_0_0_mig/u_ddr3_infrastructure/pll_clk3_out
    BUFHCE_X1Y12         BUFH (Prop_bufh_I_O)         0.020     1.949 r  cnn_accelerator_system_i/mig_7series_0/u_cnn_accelerator_system_mig_7series_0_0_mig/u_ddr3_infrastructure/u_bufh_pll_clk3/O
                         net (fo=1, routed)           0.269     2.218    cnn_accelerator_system_i/mig_7series_0/u_cnn_accelerator_system_mig_7series_0_0_mig/u_ddr3_infrastructure/pll_clk3
    MMCME2_ADV_X1Y1      MMCME2_ADV (Prop_mmcme2_adv_CLKIN1_CLKOUT0)
                                                     -1.083     1.135 r  cnn_accelerator_system_i/mig_7series_0/u_cnn_accelerator_system_mig_7series_0_0_mig/u_ddr3_infrastructure/gen_mmcm.mmcm_i/CLKOUT0
                         net (fo=1, routed)           0.499     1.634    cnn_accelerator_system_i/mig_7series_0/u_cnn_accelerator_system_mig_7series_0_0_mig/u_ddr3_infrastructure/mmcm_ps_clk_bufg_in
    BUFGCTRL_X0Y6        BUFG (Prop_bufg_I_O)         0.026     1.660 r  cnn_accelerator_system_i/mig_7series_0/u_cnn_accelerator_system_mig_7series_0_0_mig/u_ddr3_infrastructure/gen_mmcm.u_bufg_mmcm_ps_clk/O
                         net (fo=13, routed)          0.668     2.328    cnn_accelerator_system_i/mig_7series_0/u_cnn_accelerator_system_mig_7series_0_0_mig/u_ddr3_infrastructure/gen_mmcm.u_bufg_mmcm_ps_clk_n_0
    SLICE_X77Y199        FDPE                                         r  cnn_accelerator_system_i/mig_7series_0/u_cnn_accelerator_system_mig_7series_0_0_mig/u_ddr3_infrastructure/rst_sync_r_reg[5]/C
  -------------------------------------------------------------------    -------------------
    SLICE_X77Y199        FDPE (Prop_fdpe_C_Q)         0.141     2.469 r  cnn_accelerator_system_i/mig_7series_0/u_cnn_accelerator_system_mig_7series_0_0_mig/u_ddr3_infrastructure/rst_sync_r_reg[5]/Q
                         net (fo=1, routed)           0.112     2.581    cnn_accelerator_system_i/mig_7series_0/u_cnn_accelerator_system_mig_7series_0_0_mig/u_ddr3_infrastructure/rst_sync_r[5]
    SLICE_X77Y199        FDPE                                         r  cnn_accelerator_system_i/mig_7series_0/u_cnn_accelerator_system_mig_7series_0_0_mig/u_ddr3_infrastructure/rst_sync_r_reg[6]/D
  -------------------------------------------------------------------    -------------------

                         (clock mmcm_ps_clk_bufg_in rise edge)
                                                      0.000     0.000 r
    E3                                                0.000     0.000 r  CLK100MHZ (IN)
                         net (fo=0)                   0.000     0.000    CLK100MHZ
    E3                   IBUF (Prop_ibuf_I_O)         0.438     0.438 r  CLK100MHZ_IBUF_inst/O
                         net (fo=1, routed)           0.699     1.136    cnn_accelerator_system_i/util_ds_buf_0/U0/BUFG_I[0]
    BUFGCTRL_X0Y16       BUFG (Prop_bufg_I_O)         0.029     1.165 r  cnn_accelerator_system_i/util_ds_buf_0/U0/USE_BUFG.GEN_BUFG[0].BUFG_U/O
                         net (fo=2, routed)           0.835     2.000    cnn_accelerator_system_i/mig_7series_0/u_cnn_accelerator_system_mig_7series_0_0_mig/u_ddr3_infrastructure/mmcm_clk
    PLLE2_ADV_X1Y1       PLLE2_ADV (Prop_plle2_adv_CLKIN1_CLKOUT3)
                                                      0.053     2.053 r  cnn_accelerator_system_i/mig_7series_0/u_cnn_accelerator_system_mig_7series_0_0_mig/u_ddr3_infrastructure/plle2_i/CLKOUT3
                         net (fo=1, routed)           0.437     2.490    cnn_accelerator_system_i/mig_7series_0/u_cnn_accelerator_system_mig_7series_0_0_mig/u_ddr3_infrastructure/pll_clk3_out
    BUFHCE_X1Y12         BUFH (Prop_bufh_I_O)         0.043     2.533 r  cnn_accelerator_system_i/mig_7series_0/u_cnn_accelerator_system_mig_7series_0_0_mig/u_ddr3_infrastructure/u_bufh_pll_clk3/O
                         net (fo=1, routed)           0.494     3.027    cnn_accelerator_system_i/mig_7series_0/u_cnn_accelerator_system_mig_7series_0_0_mig/u_ddr3_infrastructure/pll_clk3
    MMCME2_ADV_X1Y1      MMCME2_ADV (Prop_mmcme2_adv_CLKIN1_CLKOUT0)
                                                     -1.400     1.627 r  cnn_accelerator_system_i/mig_7series_0/u_cnn_accelerator_system_mig_7series_0_0_mig/u_ddr3_infrastructure/gen_mmcm.mmcm_i/CLKOUT0
                         net (fo=1, routed)           0.544     2.170    cnn_accelerator_system_i/mig_7series_0/u_cnn_accelerator_system_mig_7series_0_0_mig/u_ddr3_infrastructure/mmcm_ps_clk_bufg_in
    BUFGCTRL_X0Y6        BUFG (Prop_bufg_I_O)         0.029     2.199 r  cnn_accelerator_system_i/mig_7series_0/u_cnn_accelerator_system_mig_7series_0_0_mig/u_ddr3_infrastructure/gen_mmcm.u_bufg_mmcm_ps_clk/O
                         net (fo=13, routed)          0.943     3.142    cnn_accelerator_system_i/mig_7series_0/u_cnn_accelerator_system_mig_7series_0_0_mig/u_ddr3_infrastructure/gen_mmcm.u_bufg_mmcm_ps_clk_n_0
    SLICE_X77Y199        FDPE                                         r  cnn_accelerator_system_i/mig_7series_0/u_cnn_accelerator_system_mig_7series_0_0_mig/u_ddr3_infrastructure/rst_sync_r_reg[6]/C
                         clock pessimism             -0.814     2.328
    SLICE_X77Y199        FDPE (Hold_fdpe_C_D)         0.075     2.403    cnn_accelerator_system_i/mig_7series_0/u_cnn_accelerator_system_mig_7series_0_0_mig/u_ddr3_infrastructure/rst_sync_r_reg[6]
  -------------------------------------------------------------------
                         required time                         -2.403
                         arrival time                           2.581
  -------------------------------------------------------------------
                         slack                                  0.178





Pulse Width Checks
--------------------------------------------------------------------------------------
Clock Name:         mmcm_ps_clk_bufg_in
Waveform(ns):       { 0.000 12.308 }
Period(ns):         24.615
Sources:            { cnn_accelerator_system_i/mig_7series_0/u_cnn_accelerator_system_mig_7series_0_0_mig/u_ddr3_infrastructure/gen_mmcm.mmcm_i/CLKOUT0 }

Check Type        Corner  Lib Pin             Reference Pin  Required(ns)  Actual(ns)  Slack(ns)  Location         Pin
Min Period        n/a     BUFG/I              n/a            2.155         24.615      22.460     BUFGCTRL_X0Y6    cnn_accelerator_system_i/mig_7series_0/u_cnn_accelerator_system_mig_7series_0_0_mig/u_ddr3_infrastructure/gen_mmcm.u_bufg_mmcm_ps_clk/I
Max Period        n/a     MMCME2_ADV/CLKOUT0  n/a            213.360       24.615      188.745    MMCME2_ADV_X1Y1  cnn_accelerator_system_i/mig_7series_0/u_cnn_accelerator_system_mig_7series_0_0_mig/u_ddr3_infrastructure/gen_mmcm.mmcm_i/CLKOUT0
Low Pulse Width   Slow    FDPE/C              n/a            0.500         12.308      11.808     SLICE_X77Y198    cnn_accelerator_system_i/mig_7series_0/u_cnn_accelerator_system_mig_7series_0_0_mig/u_ddr3_infrastructure/rst_sync_r1_reg/C
High Pulse Width  Slow    FDPE/C              n/a            0.500         12.308      11.808     SLICE_X77Y198    cnn_accelerator_system_i/mig_7series_0/u_cnn_accelerator_system_mig_7series_0_0_mig/u_ddr3_infrastructure/rst_sync_r1_reg/C



---------------------------------------------------------------------------------------------------
From Clock:  pll_clkfbout
  To Clock:  pll_clkfbout

Setup :           NA  Failing Endpoints,  Worst Slack           NA  ,  Total Violation           NA
Hold  :           NA  Failing Endpoints,  Worst Slack           NA  ,  Total Violation           NA
PW    :            0  Failing Endpoints,  Worst Slack        8.751ns,  Total Violation        0.000ns
---------------------------------------------------------------------------------------------------


Pulse Width Checks
--------------------------------------------------------------------------------------
Clock Name:         pll_clkfbout
Waveform(ns):       { 0.000 5.000 }
Period(ns):         10.000
Sources:            { cnn_accelerator_system_i/mig_7series_0/u_cnn_accelerator_system_mig_7series_0_0_mig/u_ddr3_infrastructure/plle2_i/CLKFBOUT }

Check Type  Corner  Lib Pin             Reference Pin  Required(ns)  Actual(ns)  Slack(ns)  Location        Pin
Min Period  n/a     PLLE2_ADV/CLKFBOUT  n/a            1.249         10.000      8.751      PLLE2_ADV_X1Y1  cnn_accelerator_system_i/mig_7series_0/u_cnn_accelerator_system_mig_7series_0_0_mig/u_ddr3_infrastructure/plle2_i/CLKFBOUT
Max Period  n/a     PLLE2_ADV/CLKFBIN   n/a            52.633        10.000      42.633     PLLE2_ADV_X1Y1  cnn_accelerator_system_i/mig_7series_0/u_cnn_accelerator_system_mig_7series_0_0_mig/u_ddr3_infrastructure/plle2_i/CLKFBIN



---------------------------------------------------------------------------------------------------
From Clock:  sync_pulse
  To Clock:  sync_pulse

Setup :           NA  Failing Endpoints,  Worst Slack           NA  ,  Total Violation           NA
Hold  :           NA  Failing Endpoints,  Worst Slack           NA  ,  Total Violation           NA
PW    :            0  Failing Endpoints,  Worst Slack        1.827ns,  Total Violation        0.000ns
---------------------------------------------------------------------------------------------------


Pulse Width Checks
--------------------------------------------------------------------------------------
Clock Name:         sync_pulse
Waveform(ns):       { 1.346 4.423 }
Period(ns):         49.231
Sources:            { cnn_accelerator_system_i/mig_7series_0/u_cnn_accelerator_system_mig_7series_0_0_mig/u_ddr3_infrastructure/plle2_i/CLKOUT2 }

Check Type        Corner  Lib Pin                Reference Pin  Required(ns)  Actual(ns)  Slack(ns)  Location             Pin
Min Period        n/a     PLLE2_ADV/CLKOUT2      n/a            1.249         49.231      47.982     PLLE2_ADV_X1Y1       cnn_accelerator_system_i/mig_7series_0/u_cnn_accelerator_system_mig_7series_0_0_mig/u_ddr3_infrastructure/plle2_i/CLKOUT2
Max Period        n/a     PLLE2_ADV/CLKOUT2      n/a            160.000       49.231      110.769    PLLE2_ADV_X1Y1       cnn_accelerator_system_i/mig_7series_0/u_cnn_accelerator_system_mig_7series_0_0_mig/u_ddr3_infrastructure/plle2_i/CLKOUT2
High Pulse Width  Slow    PHASER_OUT_PHY/SYNCIN  n/a            1.250         3.077       1.827      PHASER_OUT_PHY_X1Y4  cnn_accelerator_system_i/mig_7series_0/u_cnn_accelerator_system_mig_7series_0_0_mig/u_memc_ui_top_axi/mem_intfc0/ddr_phy_top0/u_ddr_mc_phy_wrapper/u_ddr_mc_phy/ddr_phy_4lanes_0.u_ddr_phy_4lanes/ddr_byte_lane_A.ddr_byte_lane_A/phaser_out/SYNCIN



---------------------------------------------------------------------------------------------------
From Clock:  clk_pll_i
  To Clock:  clk_out1_cnn_accelerator_system_clk_wiz_0_0

Setup :            0  Failing Endpoints,  Worst Slack       10.549ns,  Total Violation        0.000ns
Hold  :           NA  Failing Endpoints,  Worst Slack           NA  ,  Total Violation           NA
---------------------------------------------------------------------------------------------------


Max Delay Paths
--------------------------------------------------------------------------------------
Slack (MET) :             10.549ns  (required time - arrival time)
  Source:                 cnn_accelerator_system_i/ram_interconnect/m00_couplers/auto_cc/inst/gen_clock_conv.gen_async_conv.asyncfifo_axi/inst_fifo_gen/gaxi_full_lite.gread_ch.grdch2.axi_rdch/grf.rf/gntv_or_sync_fifo.gcx.clkx/wr_pntr_cdc_inst/src_gray_ff_reg[2]/C
                            (rising edge-triggered cell FDRE clocked by clk_pll_i  {rise@0.000ns fall@6.154ns period=12.308ns})
  Destination:            cnn_accelerator_system_i/ram_interconnect/m00_couplers/auto_cc/inst/gen_clock_conv.gen_async_conv.asyncfifo_axi/inst_fifo_gen/gaxi_full_lite.gread_ch.grdch2.axi_rdch/grf.rf/gntv_or_sync_fifo.gcx.clkx/wr_pntr_cdc_inst/dest_graysync_ff_reg[0][2]/D
                            (rising edge-triggered cell FDRE clocked by clk_out1_cnn_accelerator_system_clk_wiz_0_0  {rise@0.000ns fall@5.000ns period=10.000ns})
  Path Group:             clk_out1_cnn_accelerator_system_clk_wiz_0_0
  Path Type:              Setup (Max at Slow Process Corner)
  Requirement:            12.308ns  (MaxDelay Path 12.308ns)
  Data Path Delay:        1.712ns  (logic 0.456ns (26.633%)  route 1.256ns (73.367%))
  Logic Levels:           0
  Timing Exception:       MaxDelay Path 12.308ns -datapath_only

    Location             Delay type                Incr(ns)  Path(ns)    Netlist Resource(s)
  -------------------------------------------------------------------    -------------------
    SLICE_X64Y69                                      0.000     0.000 r  cnn_accelerator_system_i/ram_interconnect/m00_couplers/auto_cc/inst/gen_clock_conv.gen_async_conv.asyncfifo_axi/inst_fifo_gen/gaxi_full_lite.gread_ch.grdch2.axi_rdch/grf.rf/gntv_or_sync_fifo.gcx.clkx/wr_pntr_cdc_inst/src_gray_ff_reg[2]/C
    SLICE_X64Y69         FDRE (Prop_fdre_C_Q)         0.456     0.456 r  cnn_accelerator_system_i/ram_interconnect/m00_couplers/auto_cc/inst/gen_clock_conv.gen_async_conv.asyncfifo_axi/inst_fifo_gen/gaxi_full_lite.gread_ch.grdch2.axi_rdch/grf.rf/gntv_or_sync_fifo.gcx.clkx/wr_pntr_cdc_inst/src_gray_ff_reg[2]/Q
                         net (fo=1, routed)           1.256     1.712    cnn_accelerator_system_i/ram_interconnect/m00_couplers/auto_cc/inst/gen_clock_conv.gen_async_conv.asyncfifo_axi/inst_fifo_gen/gaxi_full_lite.gread_ch.grdch2.axi_rdch/grf.rf/gntv_or_sync_fifo.gcx.clkx/wr_pntr_cdc_inst/async_path[2]
    SLICE_X70Y70         FDRE                                         r  cnn_accelerator_system_i/ram_interconnect/m00_couplers/auto_cc/inst/gen_clock_conv.gen_async_conv.asyncfifo_axi/inst_fifo_gen/gaxi_full_lite.gread_ch.grdch2.axi_rdch/grf.rf/gntv_or_sync_fifo.gcx.clkx/wr_pntr_cdc_inst/dest_graysync_ff_reg[0][2]/D
  -------------------------------------------------------------------    -------------------

                         max delay                   12.308    12.308
    SLICE_X70Y70         FDRE (Setup_fdre_C_D)       -0.047    12.261    cnn_accelerator_system_i/ram_interconnect/m00_couplers/auto_cc/inst/gen_clock_conv.gen_async_conv.asyncfifo_axi/inst_fifo_gen/gaxi_full_lite.gread_ch.grdch2.axi_rdch/grf.rf/gntv_or_sync_fifo.gcx.clkx/wr_pntr_cdc_inst/dest_graysync_ff_reg[0][2]
  -------------------------------------------------------------------
                         required time                         12.261
                         arrival time                          -1.712
  -------------------------------------------------------------------
                         slack                                 10.549





---------------------------------------------------------------------------------------------------
From Clock:  clk_pll_i
  To Clock:  clk_out2_cnn_accelerator_system_clk_wiz_0_0

Setup :            0  Failing Endpoints,  Worst Slack       15.356ns,  Total Violation        0.000ns
Hold  :           NA  Failing Endpoints,  Worst Slack           NA  ,  Total Violation           NA
---------------------------------------------------------------------------------------------------


Max Delay Paths
--------------------------------------------------------------------------------------
Slack (MET) :             15.356ns  (required time - arrival time)
  Source:                 cnn_accelerator_system_i/mig_7series_0/u_cnn_accelerator_system_mig_7series_0_0_mig/u_ddr3_infrastructure/rstdiv0_sync_r1_reg_rep/C
                            (rising edge-triggered cell FDPE clocked by clk_pll_i  {rise@0.000ns fall@6.154ns period=12.308ns})
  Destination:            cnn_accelerator_system_i/mig_7series_0/u_cnn_accelerator_system_mig_7series_0_0_mig/temp_mon_enabled.u_tempmon/xadc_supplied_temperature.rst_r1_reg/D
                            (rising edge-triggered cell FDRE clocked by clk_out2_cnn_accelerator_system_clk_wiz_0_0  {rise@0.000ns fall@2.500ns period=5.000ns})
  Path Group:             clk_out2_cnn_accelerator_system_clk_wiz_0_0
  Path Type:              Setup (Max at Slow Process Corner)
  Requirement:            20.000ns  (MaxDelay Path 20.000ns)
  Data Path Delay:        4.549ns  (logic 0.580ns (12.751%)  route 3.969ns (87.249%))
  Logic Levels:           1  (LUT1=1)
  Timing Exception:       MaxDelay Path 20.000ns -datapath_only

    Location             Delay type                Incr(ns)  Path(ns)    Netlist Resource(s)
  -------------------------------------------------------------------    -------------------
    SLICE_X29Y123                                     0.000     0.000 r  cnn_accelerator_system_i/mig_7series_0/u_cnn_accelerator_system_mig_7series_0_0_mig/u_ddr3_infrastructure/rstdiv0_sync_r1_reg_rep/C
    SLICE_X29Y123        FDPE (Prop_fdpe_C_Q)         0.456     0.456 r  cnn_accelerator_system_i/mig_7series_0/u_cnn_accelerator_system_mig_7series_0_0_mig/u_ddr3_infrastructure/rstdiv0_sync_r1_reg_rep/Q
                         net (fo=1, routed)           0.403     0.859    cnn_accelerator_system_i/mig_7series_0/u_cnn_accelerator_system_mig_7series_0_0_mig/u_ddr3_infrastructure/rstdiv0_sync_r1_reg_rep_n_0
    SLICE_X29Y123        LUT1 (Prop_lut1_I0_O)        0.124     0.983 r  cnn_accelerator_system_i/mig_7series_0/u_cnn_accelerator_system_mig_7series_0_0_mig/u_ddr3_infrastructure/rstdiv0_sync_r1_inst/O
                         net (fo=48, routed)          3.565     4.549    cnn_accelerator_system_i/mig_7series_0/u_cnn_accelerator_system_mig_7series_0_0_mig/temp_mon_enabled.u_tempmon/xadc_supplied_temperature.rst_r1_reg_0
    SLICE_X7Y179         FDRE                                         r  cnn_accelerator_system_i/mig_7series_0/u_cnn_accelerator_system_mig_7series_0_0_mig/temp_mon_enabled.u_tempmon/xadc_supplied_temperature.rst_r1_reg/D
  -------------------------------------------------------------------    -------------------

                         max delay                   20.000    20.000
    SLICE_X7Y179         FDRE (Setup_fdre_C_D)       -0.095    19.905    cnn_accelerator_system_i/mig_7series_0/u_cnn_accelerator_system_mig_7series_0_0_mig/temp_mon_enabled.u_tempmon/xadc_supplied_temperature.rst_r1_reg
  -------------------------------------------------------------------
                         required time                         19.905
                         arrival time                          -4.549
  -------------------------------------------------------------------
                         slack                                 15.356





---------------------------------------------------------------------------------------------------
From Clock:  clk_out1_cnn_accelerator_system_clk_wiz_0_0
  To Clock:  clk_out3_cnn_accelerator_system_clk_wiz_0_0

Setup :            0  Failing Endpoints,  Worst Slack        0.829ns,  Total Violation        0.000ns
Hold  :           NA  Failing Endpoints,  Worst Slack           NA  ,  Total Violation           NA
---------------------------------------------------------------------------------------------------


Max Delay Paths
--------------------------------------------------------------------------------------
Slack (MET) :             0.829ns  (required time - arrival time)
  Source:                 cnn_accelerator_system_i/rst_clk_wiz_0_100M/U0/ACTIVE_LOW_PR_OUT_DFF[0].FDRE_PER_N/C
                            (rising edge-triggered cell FDRE clocked by clk_out1_cnn_accelerator_system_clk_wiz_0_0  {rise@0.000ns fall@5.000ns period=10.000ns})
  Destination:            cnn_accelerator_system_i/cnn_accelerator_wino_0/inst/rst_leaf_reg_rep__44/PRE
                            (rising edge-triggered cell FDPE clocked by clk_out3_cnn_accelerator_system_clk_wiz_0_0  {rise@0.000ns fall@2.917ns period=5.833ns})
  Path Group:             clk_out3_cnn_accelerator_system_clk_wiz_0_0
  Path Type:              Recovery (Max at Slow Process Corner)
  Requirement:            10.000ns  (MaxDelay Path 10.000ns)
  Data Path Delay:        8.610ns  (logic 0.606ns (7.039%)  route 8.004ns (92.961%))
  Logic Levels:           1  (LUT1=1)
  Timing Exception:       MaxDelay Path 10.000ns -datapath_only

    Location             Delay type                Incr(ns)  Path(ns)    Netlist Resource(s)
  -------------------------------------------------------------------    -------------------
    SLICE_X29Y69                                      0.000     0.000 r  cnn_accelerator_system_i/rst_clk_wiz_0_100M/U0/ACTIVE_LOW_PR_OUT_DFF[0].FDRE_PER_N/C
    SLICE_X29Y69         FDRE (Prop_fdre_C_Q)         0.456     0.456 r  cnn_accelerator_system_i/rst_clk_wiz_0_100M/U0/ACTIVE_LOW_PR_OUT_DFF[0].FDRE_PER_N/Q
                         net (fo=179, routed)         1.295     1.751    cnn_accelerator_system_i/cnn_accelerator_wino_0/inst/u_inputcons_sync/resetn
    SLICE_X40Y82         LUT1 (Prop_lut1_I0_O)        0.150     1.901 f  cnn_accelerator_system_i/cnn_accelerator_wino_0/inst/u_inputcons_sync/sync0_i_1/O
                         net (fo=579, routed)         6.709     8.610    cnn_accelerator_system_i/cnn_accelerator_wino_0/inst/rst_a
    SLICE_X77Y197        FDPE                                         f  cnn_accelerator_system_i/cnn_accelerator_wino_0/inst/rst_leaf_reg_rep__44/PRE
  -------------------------------------------------------------------    -------------------

                         max delay                   10.000    10.000
    SLICE_X77Y197        FDPE (Recov_fdpe_C_PRE)     -0.561     9.439    cnn_accelerator_system_i/cnn_accelerator_wino_0/inst/rst_leaf_reg_rep__44
  -------------------------------------------------------------------
                         required time                          9.439
                         arrival time                          -8.610
  -------------------------------------------------------------------
                         slack                                  0.829





---------------------------------------------------------------------------------------------------
From Clock:  clk_pll_i
  To Clock:  u_memc_ui_top_axi/mem_intfc0/ddr_phy_top0/u_ddr_mc_phy_wrapper/u_ddr_mc_phy/ddr_phy_4lanes_0.u_ddr_phy_4lanes/ddr_byte_lane_C.ddr_byte_lane_C/iserdes_clk

Setup :            0  Failing Endpoints,  Worst Slack       10.817ns,  Total Violation        0.000ns
Hold  :            0  Failing Endpoints,  Worst Slack       46.474ns,  Total Violation        0.000ns
---------------------------------------------------------------------------------------------------


Max Delay Paths
--------------------------------------------------------------------------------------
Slack (MET) :             10.817ns  (required time - arrival time)
  Source:                 cnn_accelerator_system_i/mig_7series_0/u_cnn_accelerator_system_mig_7series_0_0_mig/u_memc_ui_top_axi/mem_intfc0/mc0/mc_read_idle_r_reg/C
                            (rising edge-triggered cell FDRE clocked by clk_pll_i  {rise@0.000ns fall@6.154ns period=12.308ns})
  Destination:            cnn_accelerator_system_i/mig_7series_0/u_cnn_accelerator_system_mig_7series_0_0_mig/u_memc_ui_top_axi/mem_intfc0/ddr_phy_top0/u_ddr_mc_phy_wrapper/u_ddr_mc_phy/ddr_phy_4lanes_0.u_ddr_phy_4lanes/ddr_byte_lane_C.ddr_byte_lane_C/ddr_byte_group_io/input_[8].iserdes_dq_.iserdesdq/DDLY
                            (falling edge-triggered cell ISERDESE2 clocked by u_memc_ui_top_axi/mem_intfc0/ddr_phy_top0/u_ddr_mc_phy_wrapper/u_ddr_mc_phy/ddr_phy_4lanes_0.u_ddr_phy_4lanes/ddr_byte_lane_C.ddr_byte_lane_C/iserdes_clk  {rise@0.000ns fall@1.538ns period=3.077ns})
  Path Group:             u_memc_ui_top_axi/mem_intfc0/ddr_phy_top0/u_ddr_mc_phy_wrapper/u_ddr_mc_phy/ddr_phy_4lanes_0.u_ddr_phy_4lanes/ddr_byte_lane_C.ddr_byte_lane_C/iserdes_clk
  Path Type:              Setup (Max at Slow Process Corner)
  Requirement:            16.923ns  (u_memc_ui_top_axi/mem_intfc0/ddr_phy_top0/u_ddr_mc_phy_wrapper/u_ddr_mc_phy/ddr_phy_4lanes_0.u_ddr_phy_4lanes/ddr_byte_lane_C.ddr_byte_lane_C/iserdes_clk fall@16.923ns - clk_pll_i rise@0.000ns)
  Data Path Delay:        6.041ns  (logic 3.867ns (64.018%)  route 2.174ns (35.982%))
  Logic Levels:           2  (IBUF_INTERMDISABLE=1 IDELAYE2=1)
  Clock Path Skew:        0.324ns (DCD - SCD + CPR)
    Destination Clock Delay (DCD):    7.688ns = ( 9.226 - 1.538 )
    Source Clock Delay      (SCD):    7.671ns
    Clock Pessimism Removal (CPR):    0.307ns
  Clock Uncertainty:      0.225ns  ((TSJ^2 + DJ^2)^1/2) / 2 + PE
    Total System Jitter     (TSJ):    0.071ns
    Discrete Jitter          (DJ):    0.114ns
    Phase Error              (PE):    0.158ns
  Timing Exception:       MultiCycle Path   Setup -end   6

    Location             Delay type                Incr(ns)  Path(ns)    Netlist Resource(s)
  -------------------------------------------------------------------    -------------------
                         (clock clk_pll_i rise edge)
                                                      0.000     0.000 r
    E3                                                0.000     0.000 r  CLK100MHZ (IN)
                         net (fo=0)                   0.000     0.000    CLK100MHZ
    E3                   IBUF (Prop_ibuf_I_O)         1.482     1.482 r  CLK100MHZ_IBUF_inst/O
                         net (fo=1, routed)           2.025     3.506    cnn_accelerator_system_i/util_ds_buf_0/U0/BUFG_I[0]
    BUFGCTRL_X0Y16       BUFG (Prop_bufg_I_O)         0.096     3.602 r  cnn_accelerator_system_i/util_ds_buf_0/U0/USE_BUFG.GEN_BUFG[0].BUFG_U/O
                         net (fo=2, routed)           1.666     5.269    cnn_accelerator_system_i/mig_7series_0/u_cnn_accelerator_system_mig_7series_0_0_mig/u_ddr3_infrastructure/mmcm_clk
    PLLE2_ADV_X1Y1       PLLE2_ADV (Prop_plle2_adv_CLKIN1_CLKOUT3)
                                                      0.088     5.357 r  cnn_accelerator_system_i/mig_7series_0/u_cnn_accelerator_system_mig_7series_0_0_mig/u_ddr3_infrastructure/plle2_i/CLKOUT3
                         net (fo=1, routed)           1.281     6.638    cnn_accelerator_system_i/mig_7series_0/u_cnn_accelerator_system_mig_7series_0_0_mig/u_ddr3_infrastructure/pll_clk3_out
    BUFHCE_X1Y12         BUFH (Prop_bufh_I_O)         0.127     6.765 r  cnn_accelerator_system_i/mig_7series_0/u_cnn_accelerator_system_mig_7series_0_0_mig/u_ddr3_infrastructure/u_bufh_pll_clk3/O
                         net (fo=1, routed)           0.841     7.606    cnn_accelerator_system_i/mig_7series_0/u_cnn_accelerator_system_mig_7series_0_0_mig/u_ddr3_infrastructure/pll_clk3
    MMCME2_ADV_X1Y1      MMCME2_ADV (Prop_mmcme2_adv_CLKIN1_CLKFBOUT)
                                                     -3.457     4.149 r  cnn_accelerator_system_i/mig_7series_0/u_cnn_accelerator_system_mig_7series_0_0_mig/u_ddr3_infrastructure/gen_mmcm.mmcm_i/CLKFBOUT
                         net (fo=1, routed)           1.719     5.868    cnn_accelerator_system_i/mig_7series_0/u_cnn_accelerator_system_mig_7series_0_0_mig/u_ddr3_infrastructure/clk_pll_i
    BUFGCTRL_X0Y1        BUFG (Prop_bufg_I_O)         0.096     5.964 r  cnn_accelerator_system_i/mig_7series_0/u_cnn_accelerator_system_mig_7series_0_0_mig/u_ddr3_infrastructure/u_bufg_clkdiv0/O
                         net (fo=6189, routed)        1.706     7.671    cnn_accelerator_system_i/mig_7series_0/u_cnn_accelerator_system_mig_7series_0_0_mig/u_memc_ui_top_axi/mem_intfc0/mc0/last_master_r_reg[2]
    SLICE_X79Y70         FDRE                                         r  cnn_accelerator_system_i/mig_7series_0/u_cnn_accelerator_system_mig_7series_0_0_mig/u_memc_ui_top_axi/mem_intfc0/mc0/mc_read_idle_r_reg/C
  -------------------------------------------------------------------    -------------------
    SLICE_X79Y70         FDRE (Prop_fdre_C_Q)         0.456     8.127 r  cnn_accelerator_system_i/mig_7series_0/u_cnn_accelerator_system_mig_7series_0_0_mig/u_memc_ui_top_axi/mem_intfc0/mc0/mc_read_idle_r_reg/Q
                         net (fo=40, routed)          2.174    10.300    cnn_accelerator_system_i/mig_7series_0/u_cnn_accelerator_system_mig_7series_0_0_mig/u_memc_ui_top_axi/mem_intfc0/ddr_phy_top0/u_ddr_mc_phy_wrapper/gen_dq_iobuf_HR.gen_dq_iobuf[12].u_iobuf_dq/IBUFDISABLE
    V1                   IBUF_INTERMDISABLE (Prop_ibuf_intermdisable_IBUFDISABLE_O)
                                                      2.596    12.896 r  cnn_accelerator_system_i/mig_7series_0/u_cnn_accelerator_system_mig_7series_0_0_mig/u_memc_ui_top_axi/mem_intfc0/ddr_phy_top0/u_ddr_mc_phy_wrapper/gen_dq_iobuf_HR.gen_dq_iobuf[12].u_iobuf_dq/IBUF/O
                         net (fo=2, routed)           0.000    12.896    cnn_accelerator_system_i/mig_7series_0/u_cnn_accelerator_system_mig_7series_0_0_mig/u_memc_ui_top_axi/mem_intfc0/ddr_phy_top0/u_ddr_mc_phy_wrapper/u_ddr_mc_phy/ddr_phy_4lanes_0.u_ddr_phy_4lanes/ddr_byte_lane_C.ddr_byte_lane_C/ddr_byte_group_io/mem_dq_in[7]
    IDELAY_X1Y85         IDELAYE2 (Prop_idelaye2_IDATAIN_DATAOUT)
                                                      0.815    13.711 r  cnn_accelerator_system_i/mig_7series_0/u_cnn_accelerator_system_mig_7series_0_0_mig/u_memc_ui_top_axi/mem_intfc0/ddr_phy_top0/u_ddr_mc_phy_wrapper/u_ddr_mc_phy/ddr_phy_4lanes_0.u_ddr_phy_4lanes/ddr_byte_lane_C.ddr_byte_lane_C/ddr_byte_group_io/input_[8].iserdes_dq_.idelay_dq.idelaye2/DATAOUT
                         net (fo=1, routed)           0.000    13.711    cnn_accelerator_system_i/mig_7series_0/u_cnn_accelerator_system_mig_7series_0_0_mig/u_memc_ui_top_axi/mem_intfc0/ddr_phy_top0/u_ddr_mc_phy_wrapper/u_ddr_mc_phy/ddr_phy_4lanes_0.u_ddr_phy_4lanes/ddr_byte_lane_C.ddr_byte_lane_C/ddr_byte_group_io/data_in_dly_8
    ILOGIC_X1Y85         ISERDESE2                                    r  cnn_accelerator_system_i/mig_7series_0/u_cnn_accelerator_system_mig_7series_0_0_mig/u_memc_ui_top_axi/mem_intfc0/ddr_phy_top0/u_ddr_mc_phy_wrapper/u_ddr_mc_phy/ddr_phy_4lanes_0.u_ddr_phy_4lanes/ddr_byte_lane_C.ddr_byte_lane_C/ddr_byte_group_io/input_[8].iserdes_dq_.iserdesdq/DDLY
  -------------------------------------------------------------------    -------------------

                         (clock u_memc_ui_top_axi/mem_intfc0/ddr_phy_top0/u_ddr_mc_phy_wrapper/u_ddr_mc_phy/ddr_phy_4lanes_0.u_ddr_phy_4lanes/ddr_byte_lane_C.ddr_byte_lane_C/iserdes_clk fall edge)
                                                     16.923    16.923 f
    E3                                                0.000    16.923 f  CLK100MHZ (IN)
                         net (fo=0)                   0.000    16.923    CLK100MHZ
    E3                   IBUF (Prop_ibuf_I_O)         1.411    18.334 f  CLK100MHZ_IBUF_inst/O
                         net (fo=1, routed)           1.920    20.254    cnn_accelerator_system_i/util_ds_buf_0/U0/BUFG_I[0]
    BUFGCTRL_X0Y16       BUFG (Prop_bufg_I_O)         0.091    20.345 f  cnn_accelerator_system_i/util_ds_buf_0/U0/USE_BUFG.GEN_BUFG[0].BUFG_U/O
                         net (fo=2, routed)           1.544    21.890    cnn_accelerator_system_i/mig_7series_0/u_cnn_accelerator_system_mig_7series_0_0_mig/u_ddr3_infrastructure/mmcm_clk
    PLLE2_ADV_X1Y1       PLLE2_ADV (Prop_plle2_adv_CLKIN1_CLKOUT0)
                                                      0.083    21.973 f  cnn_accelerator_system_i/mig_7series_0/u_cnn_accelerator_system_mig_7series_0_0_mig/u_ddr3_infrastructure/plle2_i/CLKOUT0
                         net (fo=7, routed)           0.576    22.549    cnn_accelerator_system_i/mig_7series_0/u_cnn_accelerator_system_mig_7series_0_0_mig/u_memc_ui_top_axi/mem_intfc0/ddr_phy_top0/u_ddr_mc_phy_wrapper/u_ddr_mc_phy/ddr_phy_4lanes_0.u_ddr_phy_4lanes/ddr_byte_lane_C.ddr_byte_lane_C/freq_refclk
    PHASER_IN_PHY_X1Y6   PHASER_IN_PHY (Prop_phaser_in_phy_FREQREFCLK_ICLK)
                                                      1.650    24.199 f  cnn_accelerator_system_i/mig_7series_0/u_cnn_accelerator_system_mig_7series_0_0_mig/u_memc_ui_top_axi/mem_intfc0/ddr_phy_top0/u_ddr_mc_phy_wrapper/u_ddr_mc_phy/ddr_phy_4lanes_0.u_ddr_phy_4lanes/ddr_byte_lane_C.ddr_byte_lane_C/phaser_in_gen.phaser_in/ICLK
                         net (fo=16, routed)          0.412    24.611    cnn_accelerator_system_i/mig_7series_0/u_cnn_accelerator_system_mig_7series_0_0_mig/u_memc_ui_top_axi/mem_intfc0/ddr_phy_top0/u_ddr_mc_phy_wrapper/u_ddr_mc_phy/ddr_phy_4lanes_0.u_ddr_phy_4lanes/ddr_byte_lane_C.ddr_byte_lane_C/ddr_byte_group_io/CLKB0
    ILOGIC_X1Y85         ISERDESE2                                    r  cnn_accelerator_system_i/mig_7series_0/u_cnn_accelerator_system_mig_7series_0_0_mig/u_memc_ui_top_axi/mem_intfc0/ddr_phy_top0/u_ddr_mc_phy_wrapper/u_ddr_mc_phy/ddr_phy_4lanes_0.u_ddr_phy_4lanes/ddr_byte_lane_C.ddr_byte_lane_C/ddr_byte_group_io/input_[8].iserdes_dq_.iserdesdq/CLKB  (IS_INVERTED)
                         clock pessimism              0.307    24.918
                         clock uncertainty           -0.225    24.693
    ILOGIC_X1Y85         ISERDESE2 (Setup_iserdese2_CLKB_DDLY)
                                                     -0.165    24.528    cnn_accelerator_system_i/mig_7series_0/u_cnn_accelerator_system_mig_7series_0_0_mig/u_memc_ui_top_axi/mem_intfc0/ddr_phy_top0/u_ddr_mc_phy_wrapper/u_ddr_mc_phy/ddr_phy_4lanes_0.u_ddr_phy_4lanes/ddr_byte_lane_C.ddr_byte_lane_C/ddr_byte_group_io/input_[8].iserdes_dq_.iserdesdq
  -------------------------------------------------------------------
                         required time                         24.528
                         arrival time                         -13.711
  -------------------------------------------------------------------
                         slack                                 10.817





Min Delay Paths
--------------------------------------------------------------------------------------
Slack (MET) :             46.474ns  (arrival time - required time)
  Source:                 cnn_accelerator_system_i/mig_7series_0/u_cnn_accelerator_system_mig_7series_0_0_mig/u_memc_ui_top_axi/mem_intfc0/mc0/mc_read_idle_r_reg/C
                            (rising edge-triggered cell FDRE clocked by clk_pll_i  {rise@0.000ns fall@6.154ns period=12.308ns})
  Destination:            cnn_accelerator_system_i/mig_7series_0/u_cnn_accelerator_system_mig_7series_0_0_mig/u_memc_ui_top_axi/mem_intfc0/ddr_phy_top0/u_ddr_mc_phy_wrapper/u_ddr_mc_phy/ddr_phy_4lanes_0.u_ddr_phy_4lanes/ddr_byte_lane_C.ddr_byte_lane_C/ddr_byte_group_io/input_[4].iserdes_dq_.iserdesdq/DDLY
                            (rising edge-triggered cell ISERDESE2 clocked by u_memc_ui_top_axi/mem_intfc0/ddr_phy_top0/u_ddr_mc_phy_wrapper/u_ddr_mc_phy/ddr_phy_4lanes_0.u_ddr_phy_4lanes/ddr_byte_lane_C.ddr_byte_lane_C/iserdes_clk  {rise@0.000ns fall@1.538ns period=3.077ns})
  Path Group:             u_memc_ui_top_axi/mem_intfc0/ddr_phy_top0/u_ddr_mc_phy_wrapper/u_ddr_mc_phy/ddr_phy_4lanes_0.u_ddr_phy_4lanes/ddr_byte_lane_C.ddr_byte_lane_C/iserdes_clk
  Path Type:              Hold (Min at Fast Process Corner)
  Requirement:            -46.154ns  (u_memc_ui_top_axi/mem_intfc0/ddr_phy_top0/u_ddr_mc_phy_wrapper/u_ddr_mc_phy/ddr_phy_4lanes_0.u_ddr_phy_4lanes/ddr_byte_lane_C.ddr_byte_lane_C/iserdes_clk rise@15.385ns - clk_pll_i rise@61.538ns)
  Data Path Delay:        1.688ns  (logic 1.068ns (63.283%)  route 0.620ns (36.717%))
  Logic Levels:           2  (IBUF_INTERMDISABLE=1 IDELAYE2=1)
  Clock Path Skew:        1.087ns (DCD - SCD - CPR)
    Destination Clock Delay (DCD):    3.852ns
    Source Clock Delay      (SCD):    2.248ns
    Clock Pessimism Removal (CPR):    0.517ns
  Clock Uncertainty:      0.225ns  ((TSJ^2 + DJ^2)^1/2) / 2 + PE
    Total System Jitter     (TSJ):    0.071ns
    Discrete Jitter          (DJ):    0.114ns
    Phase Error              (PE):    0.158ns
  Timing Exception:       MultiCycle Path   Setup -end   6    Hold  -start 5

    Location             Delay type                Incr(ns)  Path(ns)    Netlist Resource(s)
  -------------------------------------------------------------------    -------------------
                         (clock clk_pll_i rise edge)
                                                     61.538    61.538 r
    E3                                                0.000    61.538 r  CLK100MHZ (IN)
                         net (fo=0)                   0.000    61.538    CLK100MHZ
    E3                   IBUF (Prop_ibuf_I_O)         0.250    61.788 r  CLK100MHZ_IBUF_inst/O
                         net (fo=1, routed)           0.644    62.432    cnn_accelerator_system_i/util_ds_buf_0/U0/BUFG_I[0]
    BUFGCTRL_X0Y16       BUFG (Prop_bufg_I_O)         0.026    62.458 r  cnn_accelerator_system_i/util_ds_buf_0/U0/USE_BUFG.GEN_BUFG[0].BUFG_U/O
                         net (fo=2, routed)           0.566    63.024    cnn_accelerator_system_i/mig_7series_0/u_cnn_accelerator_system_mig_7series_0_0_mig/u_ddr3_infrastructure/mmcm_clk
    PLLE2_ADV_X1Y1       PLLE2_ADV (Prop_plle2_adv_CLKIN1_CLKOUT3)
                                                      0.050    63.074 r  cnn_accelerator_system_i/mig_7series_0/u_cnn_accelerator_system_mig_7series_0_0_mig/u_ddr3_infrastructure/plle2_i/CLKOUT3
                         net (fo=1, routed)           0.394    63.468    cnn_accelerator_system_i/mig_7series_0/u_cnn_accelerator_system_mig_7series_0_0_mig/u_ddr3_infrastructure/pll_clk3_out
    BUFHCE_X1Y12         BUFH (Prop_bufh_I_O)         0.020    63.488 r  cnn_accelerator_system_i/mig_7series_0/u_cnn_accelerator_system_mig_7series_0_0_mig/u_ddr3_infrastructure/u_bufh_pll_clk3/O
                         net (fo=1, routed)           0.269    63.757    cnn_accelerator_system_i/mig_7series_0/u_cnn_accelerator_system_mig_7series_0_0_mig/u_ddr3_infrastructure/pll_clk3
    MMCME2_ADV_X1Y1      MMCME2_ADV (Prop_mmcme2_adv_CLKIN1_CLKFBOUT)
                                                     -1.083    62.673 r  cnn_accelerator_system_i/mig_7series_0/u_cnn_accelerator_system_mig_7series_0_0_mig/u_ddr3_infrastructure/gen_mmcm.mmcm_i/CLKFBOUT
                         net (fo=1, routed)           0.499    63.172    cnn_accelerator_system_i/mig_7series_0/u_cnn_accelerator_system_mig_7series_0_0_mig/u_ddr3_infrastructure/clk_pll_i
    BUFGCTRL_X0Y1        BUFG (Prop_bufg_I_O)         0.026    63.198 r  cnn_accelerator_system_i/mig_7series_0/u_cnn_accelerator_system_mig_7series_0_0_mig/u_ddr3_infrastructure/u_bufg_clkdiv0/O
                         net (fo=6189, routed)        0.589    63.787    cnn_accelerator_system_i/mig_7series_0/u_cnn_accelerator_system_mig_7series_0_0_mig/u_memc_ui_top_axi/mem_intfc0/mc0/last_master_r_reg[2]
    SLICE_X79Y70         FDRE                                         r  cnn_accelerator_system_i/mig_7series_0/u_cnn_accelerator_system_mig_7series_0_0_mig/u_memc_ui_top_axi/mem_intfc0/mc0/mc_read_idle_r_reg/C
  -------------------------------------------------------------------    -------------------
    SLICE_X79Y70         FDRE (Prop_fdre_C_Q)         0.141    63.928 r  cnn_accelerator_system_i/mig_7series_0/u_cnn_accelerator_system_mig_7series_0_0_mig/u_memc_ui_top_axi/mem_intfc0/mc0/mc_read_idle_r_reg/Q
                         net (fo=40, routed)          0.620    64.547    cnn_accelerator_system_i/mig_7series_0/u_cnn_accelerator_system_mig_7series_0_0_mig/u_memc_ui_top_axi/mem_intfc0/ddr_phy_top0/u_ddr_mc_phy_wrapper/gen_dq_iobuf_HR.gen_dq_iobuf[8].u_iobuf_dq/IBUFDISABLE
    V4                   IBUF_INTERMDISABLE (Prop_ibuf_intermdisable_IBUFDISABLE_O)
                                                      0.684    65.231 r  cnn_accelerator_system_i/mig_7series_0/u_cnn_accelerator_system_mig_7series_0_0_mig/u_memc_ui_top_axi/mem_intfc0/ddr_phy_top0/u_ddr_mc_phy_wrapper/gen_dq_iobuf_HR.gen_dq_iobuf[8].u_iobuf_dq/IBUF/O
                         net (fo=2, routed)           0.000    65.231    cnn_accelerator_system_i/mig_7series_0/u_cnn_accelerator_system_mig_7series_0_0_mig/u_memc_ui_top_axi/mem_intfc0/ddr_phy_top0/u_ddr_mc_phy_wrapper/u_ddr_mc_phy/ddr_phy_4lanes_0.u_ddr_phy_4lanes/ddr_byte_lane_C.ddr_byte_lane_C/ddr_byte_group_io/mem_dq_in[3]
    IDELAY_X1Y79         IDELAYE2 (Prop_idelaye2_IDATAIN_DATAOUT)
                                                      0.243    65.474 r  cnn_accelerator_system_i/mig_7series_0/u_cnn_accelerator_system_mig_7series_0_0_mig/u_memc_ui_top_axi/mem_intfc0/ddr_phy_top0/u_ddr_mc_phy_wrapper/u_ddr_mc_phy/ddr_phy_4lanes_0.u_ddr_phy_4lanes/ddr_byte_lane_C.ddr_byte_lane_C/ddr_byte_group_io/input_[4].iserdes_dq_.idelay_dq.idelaye2/DATAOUT
                         net (fo=1, routed)           0.000    65.474    cnn_accelerator_system_i/mig_7series_0/u_cnn_accelerator_system_mig_7series_0_0_mig/u_memc_ui_top_axi/mem_intfc0/ddr_phy_top0/u_ddr_mc_phy_wrapper/u_ddr_mc_phy/ddr_phy_4lanes_0.u_ddr_phy_4lanes/ddr_byte_lane_C.ddr_byte_lane_C/ddr_byte_group_io/data_in_dly_4
    ILOGIC_X1Y79         ISERDESE2                                    r  cnn_accelerator_system_i/mig_7series_0/u_cnn_accelerator_system_mig_7series_0_0_mig/u_memc_ui_top_axi/mem_intfc0/ddr_phy_top0/u_ddr_mc_phy_wrapper/u_ddr_mc_phy/ddr_phy_4lanes_0.u_ddr_phy_4lanes/ddr_byte_lane_C.ddr_byte_lane_C/ddr_byte_group_io/input_[4].iserdes_dq_.iserdesdq/DDLY
  -------------------------------------------------------------------    -------------------

                         (clock u_memc_ui_top_axi/mem_intfc0/ddr_phy_top0/u_ddr_mc_phy_wrapper/u_ddr_mc_phy/ddr_phy_4lanes_0.u_ddr_phy_4lanes/ddr_byte_lane_C.ddr_byte_lane_C/iserdes_clk rise edge)
                                                     15.385    15.385 r
    E3                                                0.000    15.385 r  CLK100MHZ (IN)
                         net (fo=0)                   0.000    15.385    CLK100MHZ
    E3                   IBUF (Prop_ibuf_I_O)         0.438    15.822 r  CLK100MHZ_IBUF_inst/O
                         net (fo=1, routed)           0.699    16.521    cnn_accelerator_system_i/util_ds_buf_0/U0/BUFG_I[0]
    BUFGCTRL_X0Y16       BUFG (Prop_bufg_I_O)         0.029    16.550 r  cnn_accelerator_system_i/util_ds_buf_0/U0/USE_BUFG.GEN_BUFG[0].BUFG_U/O
                         net (fo=2, routed)           0.835    17.384    cnn_accelerator_system_i/mig_7series_0/u_cnn_accelerator_system_mig_7series_0_0_mig/u_ddr3_infrastructure/mmcm_clk
    PLLE2_ADV_X1Y1       PLLE2_ADV (Prop_plle2_adv_CLKIN1_CLKOUT0)
                                                      0.053    17.437 r  cnn_accelerator_system_i/mig_7series_0/u_cnn_accelerator_system_mig_7series_0_0_mig/u_ddr3_infrastructure/plle2_i/CLKOUT0
                         net (fo=7, routed)           0.217    17.654    cnn_accelerator_system_i/mig_7series_0/u_cnn_accelerator_system_mig_7series_0_0_mig/u_memc_ui_top_axi/mem_intfc0/ddr_phy_top0/u_ddr_mc_phy_wrapper/u_ddr_mc_phy/ddr_phy_4lanes_0.u_ddr_phy_4lanes/ddr_byte_lane_C.ddr_byte_lane_C/freq_refclk
    PHASER_IN_PHY_X1Y6   PHASER_IN_PHY (Prop_phaser_in_phy_FREQREFCLK_ICLK)
                                                      1.406    19.060 r  cnn_accelerator_system_i/mig_7series_0/u_cnn_accelerator_system_mig_7series_0_0_mig/u_memc_ui_top_axi/mem_intfc0/ddr_phy_top0/u_ddr_mc_phy_wrapper/u_ddr_mc_phy/ddr_phy_4lanes_0.u_ddr_phy_4lanes/ddr_byte_lane_C.ddr_byte_lane_C/phaser_in_gen.phaser_in/ICLK
                         net (fo=16, routed)          0.177    19.237    cnn_accelerator_system_i/mig_7series_0/u_cnn_accelerator_system_mig_7series_0_0_mig/u_memc_ui_top_axi/mem_intfc0/ddr_phy_top0/u_ddr_mc_phy_wrapper/u_ddr_mc_phy/ddr_phy_4lanes_0.u_ddr_phy_4lanes/ddr_byte_lane_C.ddr_byte_lane_C/ddr_byte_group_io/input_[8].iserdes_dq_.iserdesdq_0
    ILOGIC_X1Y79         ISERDESE2                                    r  cnn_accelerator_system_i/mig_7series_0/u_cnn_accelerator_system_mig_7series_0_0_mig/u_memc_ui_top_axi/mem_intfc0/ddr_phy_top0/u_ddr_mc_phy_wrapper/u_ddr_mc_phy/ddr_phy_4lanes_0.u_ddr_phy_4lanes/ddr_byte_lane_C.ddr_byte_lane_C/ddr_byte_group_io/input_[4].iserdes_dq_.iserdesdq/CLK
                         clock pessimism             -0.517    18.720
                         clock uncertainty            0.225    18.944
    ILOGIC_X1Y79         ISERDESE2 (Hold_iserdese2_CLK_DDLY)
                                                      0.056    19.000    cnn_accelerator_system_i/mig_7series_0/u_cnn_accelerator_system_mig_7series_0_0_mig/u_memc_ui_top_axi/mem_intfc0/ddr_phy_top0/u_ddr_mc_phy_wrapper/u_ddr_mc_phy/ddr_phy_4lanes_0.u_ddr_phy_4lanes/ddr_byte_lane_C.ddr_byte_lane_C/ddr_byte_group_io/input_[4].iserdes_dq_.iserdesdq
  -------------------------------------------------------------------
                         required time                        -19.000
                         arrival time                          65.474
  -------------------------------------------------------------------
                         slack                                 46.474





---------------------------------------------------------------------------------------------------
From Clock:  clk_pll_i
  To Clock:  u_memc_ui_top_axi/mem_intfc0/ddr_phy_top0/u_ddr_mc_phy_wrapper/u_ddr_mc_phy/ddr_phy_4lanes_0.u_ddr_phy_4lanes/ddr_byte_lane_D.ddr_byte_lane_D/iserdes_clk

Setup :            0  Failing Endpoints,  Worst Slack        9.284ns,  Total Violation        0.000ns
Hold  :            0  Failing Endpoints,  Worst Slack       47.030ns,  Total Violation        0.000ns
---------------------------------------------------------------------------------------------------


Max Delay Paths
--------------------------------------------------------------------------------------
Slack (MET) :             9.284ns  (required time - arrival time)
  Source:                 cnn_accelerator_system_i/mig_7series_0/u_cnn_accelerator_system_mig_7series_0_0_mig/u_memc_ui_top_axi/mem_intfc0/mc0/mc_read_idle_r_reg/C
                            (rising edge-triggered cell FDRE clocked by clk_pll_i  {rise@0.000ns fall@6.154ns period=12.308ns})
  Destination:            cnn_accelerator_system_i/mig_7series_0/u_cnn_accelerator_system_mig_7series_0_0_mig/u_memc_ui_top_axi/mem_intfc0/ddr_phy_top0/u_ddr_mc_phy_wrapper/u_ddr_mc_phy/ddr_phy_4lanes_0.u_ddr_phy_4lanes/ddr_byte_lane_D.ddr_byte_lane_D/ddr_byte_group_io/input_[8].iserdes_dq_.iserdesdq/DDLY
                            (falling edge-triggered cell ISERDESE2 clocked by u_memc_ui_top_axi/mem_intfc0/ddr_phy_top0/u_ddr_mc_phy_wrapper/u_ddr_mc_phy/ddr_phy_4lanes_0.u_ddr_phy_4lanes/ddr_byte_lane_D.ddr_byte_lane_D/iserdes_clk  {rise@0.000ns fall@1.538ns period=3.077ns})
  Path Group:             u_memc_ui_top_axi/mem_intfc0/ddr_phy_top0/u_ddr_mc_phy_wrapper/u_ddr_mc_phy/ddr_phy_4lanes_0.u_ddr_phy_4lanes/ddr_byte_lane_D.ddr_byte_lane_D/iserdes_clk
  Path Type:              Setup (Max at Slow Process Corner)
  Requirement:            16.923ns  (u_memc_ui_top_axi/mem_intfc0/ddr_phy_top0/u_ddr_mc_phy_wrapper/u_ddr_mc_phy/ddr_phy_4lanes_0.u_ddr_phy_4lanes/ddr_byte_lane_D.ddr_byte_lane_D/iserdes_clk fall@16.923ns - clk_pll_i rise@0.000ns)
  Data Path Delay:        7.581ns  (logic 3.867ns (51.011%)  route 3.714ns (48.989%))
  Logic Levels:           2  (IBUF_INTERMDISABLE=1 IDELAYE2=1)
  Clock Path Skew:        0.331ns (DCD - SCD + CPR)
    Destination Clock Delay (DCD):    7.695ns = ( 9.233 - 1.538 )
    Source Clock Delay      (SCD):    7.671ns
    Clock Pessimism Removal (CPR):    0.307ns
  Clock Uncertainty:      0.225ns  ((TSJ^2 + DJ^2)^1/2) / 2 + PE
    Total System Jitter     (TSJ):    0.071ns
    Discrete Jitter          (DJ):    0.114ns
    Phase Error              (PE):    0.158ns
  Timing Exception:       MultiCycle Path   Setup -end   6

    Location             Delay type                Incr(ns)  Path(ns)    Netlist Resource(s)
  -------------------------------------------------------------------    -------------------
                         (clock clk_pll_i rise edge)
                                                      0.000     0.000 r
    E3                                                0.000     0.000 r  CLK100MHZ (IN)
                         net (fo=0)                   0.000     0.000    CLK100MHZ
    E3                   IBUF (Prop_ibuf_I_O)         1.482     1.482 r  CLK100MHZ_IBUF_inst/O
                         net (fo=1, routed)           2.025     3.506    cnn_accelerator_system_i/util_ds_buf_0/U0/BUFG_I[0]
    BUFGCTRL_X0Y16       BUFG (Prop_bufg_I_O)         0.096     3.602 r  cnn_accelerator_system_i/util_ds_buf_0/U0/USE_BUFG.GEN_BUFG[0].BUFG_U/O
                         net (fo=2, routed)           1.666     5.269    cnn_accelerator_system_i/mig_7series_0/u_cnn_accelerator_system_mig_7series_0_0_mig/u_ddr3_infrastructure/mmcm_clk
    PLLE2_ADV_X1Y1       PLLE2_ADV (Prop_plle2_adv_CLKIN1_CLKOUT3)
                                                      0.088     5.357 r  cnn_accelerator_system_i/mig_7series_0/u_cnn_accelerator_system_mig_7series_0_0_mig/u_ddr3_infrastructure/plle2_i/CLKOUT3
                         net (fo=1, routed)           1.281     6.638    cnn_accelerator_system_i/mig_7series_0/u_cnn_accelerator_system_mig_7series_0_0_mig/u_ddr3_infrastructure/pll_clk3_out
    BUFHCE_X1Y12         BUFH (Prop_bufh_I_O)         0.127     6.765 r  cnn_accelerator_system_i/mig_7series_0/u_cnn_accelerator_system_mig_7series_0_0_mig/u_ddr3_infrastructure/u_bufh_pll_clk3/O
                         net (fo=1, routed)           0.841     7.606    cnn_accelerator_system_i/mig_7series_0/u_cnn_accelerator_system_mig_7series_0_0_mig/u_ddr3_infrastructure/pll_clk3
    MMCME2_ADV_X1Y1      MMCME2_ADV (Prop_mmcme2_adv_CLKIN1_CLKFBOUT)
                                                     -3.457     4.149 r  cnn_accelerator_system_i/mig_7series_0/u_cnn_accelerator_system_mig_7series_0_0_mig/u_ddr3_infrastructure/gen_mmcm.mmcm_i/CLKFBOUT
                         net (fo=1, routed)           1.719     5.868    cnn_accelerator_system_i/mig_7series_0/u_cnn_accelerator_system_mig_7series_0_0_mig/u_ddr3_infrastructure/clk_pll_i
    BUFGCTRL_X0Y1        BUFG (Prop_bufg_I_O)         0.096     5.964 r  cnn_accelerator_system_i/mig_7series_0/u_cnn_accelerator_system_mig_7series_0_0_mig/u_ddr3_infrastructure/u_bufg_clkdiv0/O
                         net (fo=6189, routed)        1.706     7.671    cnn_accelerator_system_i/mig_7series_0/u_cnn_accelerator_system_mig_7series_0_0_mig/u_memc_ui_top_axi/mem_intfc0/mc0/last_master_r_reg[2]
    SLICE_X79Y70         FDRE                                         r  cnn_accelerator_system_i/mig_7series_0/u_cnn_accelerator_system_mig_7series_0_0_mig/u_memc_ui_top_axi/mem_intfc0/mc0/mc_read_idle_r_reg/C
  -------------------------------------------------------------------    -------------------
    SLICE_X79Y70         FDRE (Prop_fdre_C_Q)         0.456     8.127 r  cnn_accelerator_system_i/mig_7series_0/u_cnn_accelerator_system_mig_7series_0_0_mig/u_memc_ui_top_axi/mem_intfc0/mc0/mc_read_idle_r_reg/Q
                         net (fo=40, routed)          3.714    11.840    cnn_accelerator_system_i/mig_7series_0/u_cnn_accelerator_system_mig_7series_0_0_mig/u_memc_ui_top_axi/mem_intfc0/ddr_phy_top0/u_ddr_mc_phy_wrapper/gen_dq_iobuf_HR.gen_dq_iobuf[5].u_iobuf_dq/IBUFDISABLE
    M1                   IBUF_INTERMDISABLE (Prop_ibuf_intermdisable_IBUFDISABLE_O)
                                                      2.596    14.436 r  cnn_accelerator_system_i/mig_7series_0/u_cnn_accelerator_system_mig_7series_0_0_mig/u_memc_ui_top_axi/mem_intfc0/ddr_phy_top0/u_ddr_mc_phy_wrapper/gen_dq_iobuf_HR.gen_dq_iobuf[5].u_iobuf_dq/IBUF/O
                         net (fo=2, routed)           0.000    14.436    cnn_accelerator_system_i/mig_7series_0/u_cnn_accelerator_system_mig_7series_0_0_mig/u_memc_ui_top_axi/mem_intfc0/ddr_phy_top0/u_ddr_mc_phy_wrapper/u_ddr_mc_phy/ddr_phy_4lanes_0.u_ddr_phy_4lanes/ddr_byte_lane_D.ddr_byte_lane_D/ddr_byte_group_io/mem_dq_in[7]
    IDELAY_X1Y97         IDELAYE2 (Prop_idelaye2_IDATAIN_DATAOUT)
                                                      0.815    15.251 r  cnn_accelerator_system_i/mig_7series_0/u_cnn_accelerator_system_mig_7series_0_0_mig/u_memc_ui_top_axi/mem_intfc0/ddr_phy_top0/u_ddr_mc_phy_wrapper/u_ddr_mc_phy/ddr_phy_4lanes_0.u_ddr_phy_4lanes/ddr_byte_lane_D.ddr_byte_lane_D/ddr_byte_group_io/input_[8].iserdes_dq_.idelay_dq.idelaye2/DATAOUT
                         net (fo=1, routed)           0.000    15.251    cnn_accelerator_system_i/mig_7series_0/u_cnn_accelerator_system_mig_7series_0_0_mig/u_memc_ui_top_axi/mem_intfc0/ddr_phy_top0/u_ddr_mc_phy_wrapper/u_ddr_mc_phy/ddr_phy_4lanes_0.u_ddr_phy_4lanes/ddr_byte_lane_D.ddr_byte_lane_D/ddr_byte_group_io/data_in_dly_8
    ILOGIC_X1Y97         ISERDESE2                                    r  cnn_accelerator_system_i/mig_7series_0/u_cnn_accelerator_system_mig_7series_0_0_mig/u_memc_ui_top_axi/mem_intfc0/ddr_phy_top0/u_ddr_mc_phy_wrapper/u_ddr_mc_phy/ddr_phy_4lanes_0.u_ddr_phy_4lanes/ddr_byte_lane_D.ddr_byte_lane_D/ddr_byte_group_io/input_[8].iserdes_dq_.iserdesdq/DDLY
  -------------------------------------------------------------------    -------------------

                         (clock u_memc_ui_top_axi/mem_intfc0/ddr_phy_top0/u_ddr_mc_phy_wrapper/u_ddr_mc_phy/ddr_phy_4lanes_0.u_ddr_phy_4lanes/ddr_byte_lane_D.ddr_byte_lane_D/iserdes_clk fall edge)
                                                     16.923    16.923 f
    E3                                                0.000    16.923 f  CLK100MHZ (IN)
                         net (fo=0)                   0.000    16.923    CLK100MHZ
    E3                   IBUF (Prop_ibuf_I_O)         1.411    18.334 f  CLK100MHZ_IBUF_inst/O
                         net (fo=1, routed)           1.920    20.254    cnn_accelerator_system_i/util_ds_buf_0/U0/BUFG_I[0]
    BUFGCTRL_X0Y16       BUFG (Prop_bufg_I_O)         0.091    20.345 f  cnn_accelerator_system_i/util_ds_buf_0/U0/USE_BUFG.GEN_BUFG[0].BUFG_U/O
                         net (fo=2, routed)           1.544    21.890    cnn_accelerator_system_i/mig_7series_0/u_cnn_accelerator_system_mig_7series_0_0_mig/u_ddr3_infrastructure/mmcm_clk
    PLLE2_ADV_X1Y1       PLLE2_ADV (Prop_plle2_adv_CLKIN1_CLKOUT0)
                                                      0.083    21.973 f  cnn_accelerator_system_i/mig_7series_0/u_cnn_accelerator_system_mig_7series_0_0_mig/u_ddr3_infrastructure/plle2_i/CLKOUT0
                         net (fo=7, routed)           0.566    22.539    cnn_accelerator_system_i/mig_7series_0/u_cnn_accelerator_system_mig_7series_0_0_mig/u_memc_ui_top_axi/mem_intfc0/ddr_phy_top0/u_ddr_mc_phy_wrapper/u_ddr_mc_phy/ddr_phy_4lanes_0.u_ddr_phy_4lanes/ddr_byte_lane_D.ddr_byte_lane_D/freq_refclk
    PHASER_IN_PHY_X1Y7   PHASER_IN_PHY (Prop_phaser_in_phy_FREQREFCLK_ICLK)
                                                      1.650    24.189 f  cnn_accelerator_system_i/mig_7series_0/u_cnn_accelerator_system_mig_7series_0_0_mig/u_memc_ui_top_axi/mem_intfc0/ddr_phy_top0/u_ddr_mc_phy_wrapper/u_ddr_mc_phy/ddr_phy_4lanes_0.u_ddr_phy_4lanes/ddr_byte_lane_D.ddr_byte_lane_D/phaser_in_gen.phaser_in/ICLK
                         net (fo=16, routed)          0.429    24.618    cnn_accelerator_system_i/mig_7series_0/u_cnn_accelerator_system_mig_7series_0_0_mig/u_memc_ui_top_axi/mem_intfc0/ddr_phy_top0/u_ddr_mc_phy_wrapper/u_ddr_mc_phy/ddr_phy_4lanes_0.u_ddr_phy_4lanes/ddr_byte_lane_D.ddr_byte_lane_D/ddr_byte_group_io/CLKB0_4
    ILOGIC_X1Y97         ISERDESE2                                    r  cnn_accelerator_system_i/mig_7series_0/u_cnn_accelerator_system_mig_7series_0_0_mig/u_memc_ui_top_axi/mem_intfc0/ddr_phy_top0/u_ddr_mc_phy_wrapper/u_ddr_mc_phy/ddr_phy_4lanes_0.u_ddr_phy_4lanes/ddr_byte_lane_D.ddr_byte_lane_D/ddr_byte_group_io/input_[8].iserdes_dq_.iserdesdq/CLKB  (IS_INVERTED)
                         clock pessimism              0.307    24.925
                         clock uncertainty           -0.225    24.700
    ILOGIC_X1Y97         ISERDESE2 (Setup_iserdese2_CLKB_DDLY)
                                                     -0.165    24.535    cnn_accelerator_system_i/mig_7series_0/u_cnn_accelerator_system_mig_7series_0_0_mig/u_memc_ui_top_axi/mem_intfc0/ddr_phy_top0/u_ddr_mc_phy_wrapper/u_ddr_mc_phy/ddr_phy_4lanes_0.u_ddr_phy_4lanes/ddr_byte_lane_D.ddr_byte_lane_D/ddr_byte_group_io/input_[8].iserdes_dq_.iserdesdq
  -------------------------------------------------------------------
                         required time                         24.535
                         arrival time                         -15.251
  -------------------------------------------------------------------
                         slack                                  9.284





Min Delay Paths
--------------------------------------------------------------------------------------
Slack (MET) :             47.030ns  (arrival time - required time)
  Source:                 cnn_accelerator_system_i/mig_7series_0/u_cnn_accelerator_system_mig_7series_0_0_mig/u_memc_ui_top_axi/mem_intfc0/mc0/mc_read_idle_r_reg/C
                            (rising edge-triggered cell FDRE clocked by clk_pll_i  {rise@0.000ns fall@6.154ns period=12.308ns})
  Destination:            cnn_accelerator_system_i/mig_7series_0/u_cnn_accelerator_system_mig_7series_0_0_mig/u_memc_ui_top_axi/mem_intfc0/ddr_phy_top0/u_ddr_mc_phy_wrapper/u_ddr_mc_phy/ddr_phy_4lanes_0.u_ddr_phy_4lanes/ddr_byte_lane_D.ddr_byte_lane_D/ddr_byte_group_io/input_[1].iserdes_dq_.iserdesdq/DDLY
                            (rising edge-triggered cell ISERDESE2 clocked by u_memc_ui_top_axi/mem_intfc0/ddr_phy_top0/u_ddr_mc_phy_wrapper/u_ddr_mc_phy/ddr_phy_4lanes_0.u_ddr_phy_4lanes/ddr_byte_lane_D.ddr_byte_lane_D/iserdes_clk  {rise@0.000ns fall@1.538ns period=3.077ns})
  Path Group:             u_memc_ui_top_axi/mem_intfc0/ddr_phy_top0/u_ddr_mc_phy_wrapper/u_ddr_mc_phy/ddr_phy_4lanes_0.u_ddr_phy_4lanes/ddr_byte_lane_D.ddr_byte_lane_D/iserdes_clk
  Path Type:              Hold (Min at Fast Process Corner)
  Requirement:            -46.154ns  (u_memc_ui_top_axi/mem_intfc0/ddr_phy_top0/u_ddr_mc_phy_wrapper/u_ddr_mc_phy/ddr_phy_4lanes_0.u_ddr_phy_4lanes/ddr_byte_lane_D.ddr_byte_lane_D/iserdes_clk rise@15.385ns - clk_pll_i rise@61.538ns)
  Data Path Delay:        2.244ns  (logic 1.068ns (47.603%)  route 1.176ns (52.397%))
  Logic Levels:           2  (IBUF_INTERMDISABLE=1 IDELAYE2=1)
  Clock Path Skew:        1.087ns (DCD - SCD - CPR)
    Destination Clock Delay (DCD):    3.852ns
    Source Clock Delay      (SCD):    2.248ns
    Clock Pessimism Removal (CPR):    0.517ns
  Clock Uncertainty:      0.225ns  ((TSJ^2 + DJ^2)^1/2) / 2 + PE
    Total System Jitter     (TSJ):    0.071ns
    Discrete Jitter          (DJ):    0.114ns
    Phase Error              (PE):    0.158ns
  Timing Exception:       MultiCycle Path   Setup -end   6    Hold  -start 5

    Location             Delay type                Incr(ns)  Path(ns)    Netlist Resource(s)
  -------------------------------------------------------------------    -------------------
                         (clock clk_pll_i rise edge)
                                                     61.538    61.538 r
    E3                                                0.000    61.538 r  CLK100MHZ (IN)
                         net (fo=0)                   0.000    61.538    CLK100MHZ
    E3                   IBUF (Prop_ibuf_I_O)         0.250    61.788 r  CLK100MHZ_IBUF_inst/O
                         net (fo=1, routed)           0.644    62.432    cnn_accelerator_system_i/util_ds_buf_0/U0/BUFG_I[0]
    BUFGCTRL_X0Y16       BUFG (Prop_bufg_I_O)         0.026    62.458 r  cnn_accelerator_system_i/util_ds_buf_0/U0/USE_BUFG.GEN_BUFG[0].BUFG_U/O
                         net (fo=2, routed)           0.566    63.024    cnn_accelerator_system_i/mig_7series_0/u_cnn_accelerator_system_mig_7series_0_0_mig/u_ddr3_infrastructure/mmcm_clk
    PLLE2_ADV_X1Y1       PLLE2_ADV (Prop_plle2_adv_CLKIN1_CLKOUT3)
                                                      0.050    63.074 r  cnn_accelerator_system_i/mig_7series_0/u_cnn_accelerator_system_mig_7series_0_0_mig/u_ddr3_infrastructure/plle2_i/CLKOUT3
                         net (fo=1, routed)           0.394    63.468    cnn_accelerator_system_i/mig_7series_0/u_cnn_accelerator_system_mig_7series_0_0_mig/u_ddr3_infrastructure/pll_clk3_out
    BUFHCE_X1Y12         BUFH (Prop_bufh_I_O)         0.020    63.488 r  cnn_accelerator_system_i/mig_7series_0/u_cnn_accelerator_system_mig_7series_0_0_mig/u_ddr3_infrastructure/u_bufh_pll_clk3/O
                         net (fo=1, routed)           0.269    63.757    cnn_accelerator_system_i/mig_7series_0/u_cnn_accelerator_system_mig_7series_0_0_mig/u_ddr3_infrastructure/pll_clk3
    MMCME2_ADV_X1Y1      MMCME2_ADV (Prop_mmcme2_adv_CLKIN1_CLKFBOUT)
                                                     -1.083    62.673 r  cnn_accelerator_system_i/mig_7series_0/u_cnn_accelerator_system_mig_7series_0_0_mig/u_ddr3_infrastructure/gen_mmcm.mmcm_i/CLKFBOUT
                         net (fo=1, routed)           0.499    63.172    cnn_accelerator_system_i/mig_7series_0/u_cnn_accelerator_system_mig_7series_0_0_mig/u_ddr3_infrastructure/clk_pll_i
    BUFGCTRL_X0Y1        BUFG (Prop_bufg_I_O)         0.026    63.198 r  cnn_accelerator_system_i/mig_7series_0/u_cnn_accelerator_system_mig_7series_0_0_mig/u_ddr3_infrastructure/u_bufg_clkdiv0/O
                         net (fo=6189, routed)        0.589    63.787    cnn_accelerator_system_i/mig_7series_0/u_cnn_accelerator_system_mig_7series_0_0_mig/u_memc_ui_top_axi/mem_intfc0/mc0/last_master_r_reg[2]
    SLICE_X79Y70         FDRE                                         r  cnn_accelerator_system_i/mig_7series_0/u_cnn_accelerator_system_mig_7series_0_0_mig/u_memc_ui_top_axi/mem_intfc0/mc0/mc_read_idle_r_reg/C
  -------------------------------------------------------------------    -------------------
    SLICE_X79Y70         FDRE (Prop_fdre_C_Q)         0.141    63.928 r  cnn_accelerator_system_i/mig_7series_0/u_cnn_accelerator_system_mig_7series_0_0_mig/u_memc_ui_top_axi/mem_intfc0/mc0/mc_read_idle_r_reg/Q
                         net (fo=40, routed)          1.176    65.103    cnn_accelerator_system_i/mig_7series_0/u_cnn_accelerator_system_mig_7series_0_0_mig/u_memc_ui_top_axi/mem_intfc0/ddr_phy_top0/u_ddr_mc_phy_wrapper/gen_dq_iobuf_HR.gen_dq_iobuf[3].u_iobuf_dq/IBUFDISABLE
    L6                   IBUF_INTERMDISABLE (Prop_ibuf_intermdisable_IBUFDISABLE_O)
                                                      0.684    65.787 r  cnn_accelerator_system_i/mig_7series_0/u_cnn_accelerator_system_mig_7series_0_0_mig/u_memc_ui_top_axi/mem_intfc0/ddr_phy_top0/u_ddr_mc_phy_wrapper/gen_dq_iobuf_HR.gen_dq_iobuf[3].u_iobuf_dq/IBUF/O
                         net (fo=2, routed)           0.000    65.787    cnn_accelerator_system_i/mig_7series_0/u_cnn_accelerator_system_mig_7series_0_0_mig/u_memc_ui_top_axi/mem_intfc0/ddr_phy_top0/u_ddr_mc_phy_wrapper/u_ddr_mc_phy/ddr_phy_4lanes_0.u_ddr_phy_4lanes/ddr_byte_lane_D.ddr_byte_lane_D/ddr_byte_group_io/mem_dq_in[0]
    IDELAY_X1Y88         IDELAYE2 (Prop_idelaye2_IDATAIN_DATAOUT)
                                                      0.243    66.030 r  cnn_accelerator_system_i/mig_7series_0/u_cnn_accelerator_system_mig_7series_0_0_mig/u_memc_ui_top_axi/mem_intfc0/ddr_phy_top0/u_ddr_mc_phy_wrapper/u_ddr_mc_phy/ddr_phy_4lanes_0.u_ddr_phy_4lanes/ddr_byte_lane_D.ddr_byte_lane_D/ddr_byte_group_io/input_[1].iserdes_dq_.idelay_dq.idelaye2/DATAOUT
                         net (fo=1, routed)           0.000    66.030    cnn_accelerator_system_i/mig_7series_0/u_cnn_accelerator_system_mig_7series_0_0_mig/u_memc_ui_top_axi/mem_intfc0/ddr_phy_top0/u_ddr_mc_phy_wrapper/u_ddr_mc_phy/ddr_phy_4lanes_0.u_ddr_phy_4lanes/ddr_byte_lane_D.ddr_byte_lane_D/ddr_byte_group_io/data_in_dly_1
    ILOGIC_X1Y88         ISERDESE2                                    r  cnn_accelerator_system_i/mig_7series_0/u_cnn_accelerator_system_mig_7series_0_0_mig/u_memc_ui_top_axi/mem_intfc0/ddr_phy_top0/u_ddr_mc_phy_wrapper/u_ddr_mc_phy/ddr_phy_4lanes_0.u_ddr_phy_4lanes/ddr_byte_lane_D.ddr_byte_lane_D/ddr_byte_group_io/input_[1].iserdes_dq_.iserdesdq/DDLY
  -------------------------------------------------------------------    -------------------

                         (clock u_memc_ui_top_axi/mem_intfc0/ddr_phy_top0/u_ddr_mc_phy_wrapper/u_ddr_mc_phy/ddr_phy_4lanes_0.u_ddr_phy_4lanes/ddr_byte_lane_D.ddr_byte_lane_D/iserdes_clk rise edge)
                                                     15.385    15.385 r
    E3                                                0.000    15.385 r  CLK100MHZ (IN)
                         net (fo=0)                   0.000    15.385    CLK100MHZ
    E3                   IBUF (Prop_ibuf_I_O)         0.438    15.822 r  CLK100MHZ_IBUF_inst/O
                         net (fo=1, routed)           0.699    16.521    cnn_accelerator_system_i/util_ds_buf_0/U0/BUFG_I[0]
    BUFGCTRL_X0Y16       BUFG (Prop_bufg_I_O)         0.029    16.550 r  cnn_accelerator_system_i/util_ds_buf_0/U0/USE_BUFG.GEN_BUFG[0].BUFG_U/O
                         net (fo=2, routed)           0.835    17.384    cnn_accelerator_system_i/mig_7series_0/u_cnn_accelerator_system_mig_7series_0_0_mig/u_ddr3_infrastructure/mmcm_clk
    PLLE2_ADV_X1Y1       PLLE2_ADV (Prop_plle2_adv_CLKIN1_CLKOUT0)
                                                      0.053    17.437 r  cnn_accelerator_system_i/mig_7series_0/u_cnn_accelerator_system_mig_7series_0_0_mig/u_ddr3_infrastructure/plle2_i/CLKOUT0
                         net (fo=7, routed)           0.211    17.648    cnn_accelerator_system_i/mig_7series_0/u_cnn_accelerator_system_mig_7series_0_0_mig/u_memc_ui_top_axi/mem_intfc0/ddr_phy_top0/u_ddr_mc_phy_wrapper/u_ddr_mc_phy/ddr_phy_4lanes_0.u_ddr_phy_4lanes/ddr_byte_lane_D.ddr_byte_lane_D/freq_refclk
    PHASER_IN_PHY_X1Y7   PHASER_IN_PHY (Prop_phaser_in_phy_FREQREFCLK_ICLK)
                                                      1.406    19.054 r  cnn_accelerator_system_i/mig_7series_0/u_cnn_accelerator_system_mig_7series_0_0_mig/u_memc_ui_top_axi/mem_intfc0/ddr_phy_top0/u_ddr_mc_phy_wrapper/u_ddr_mc_phy/ddr_phy_4lanes_0.u_ddr_phy_4lanes/ddr_byte_lane_D.ddr_byte_lane_D/phaser_in_gen.phaser_in/ICLK
                         net (fo=16, routed)          0.183    19.237    cnn_accelerator_system_i/mig_7series_0/u_cnn_accelerator_system_mig_7series_0_0_mig/u_memc_ui_top_axi/mem_intfc0/ddr_phy_top0/u_ddr_mc_phy_wrapper/u_ddr_mc_phy/ddr_phy_4lanes_0.u_ddr_phy_4lanes/ddr_byte_lane_D.ddr_byte_lane_D/ddr_byte_group_io/input_[8].iserdes_dq_.iserdesdq_0
    ILOGIC_X1Y88         ISERDESE2                                    r  cnn_accelerator_system_i/mig_7series_0/u_cnn_accelerator_system_mig_7series_0_0_mig/u_memc_ui_top_axi/mem_intfc0/ddr_phy_top0/u_ddr_mc_phy_wrapper/u_ddr_mc_phy/ddr_phy_4lanes_0.u_ddr_phy_4lanes/ddr_byte_lane_D.ddr_byte_lane_D/ddr_byte_group_io/input_[1].iserdes_dq_.iserdesdq/CLK
                         clock pessimism             -0.517    18.720
                         clock uncertainty            0.225    18.944
    ILOGIC_X1Y88         ISERDESE2 (Hold_iserdese2_CLK_DDLY)
                                                      0.056    19.000    cnn_accelerator_system_i/mig_7series_0/u_cnn_accelerator_system_mig_7series_0_0_mig/u_memc_ui_top_axi/mem_intfc0/ddr_phy_top0/u_ddr_mc_phy_wrapper/u_ddr_mc_phy/ddr_phy_4lanes_0.u_ddr_phy_4lanes/ddr_byte_lane_D.ddr_byte_lane_D/ddr_byte_group_io/input_[1].iserdes_dq_.iserdesdq
  -------------------------------------------------------------------
                         required time                        -19.000
                         arrival time                          66.030
  -------------------------------------------------------------------
                         slack                                 47.030





---------------------------------------------------------------------------------------------------
From Clock:  sync_pulse
  To Clock:  mem_refclk

Setup :            0  Failing Endpoints,  Worst Slack        1.316ns,  Total Violation        0.000ns
Hold  :            0  Failing Endpoints,  Worst Slack        0.939ns,  Total Violation        0.000ns
---------------------------------------------------------------------------------------------------


Max Delay Paths
--------------------------------------------------------------------------------------
Slack (MET) :             1.316ns  (required time - arrival time)
  Source:                 cnn_accelerator_system_i/mig_7series_0/u_cnn_accelerator_system_mig_7series_0_0_mig/u_ddr3_infrastructure/plle2_i/CLKOUT2
                            (clock source 'sync_pulse'  {rise@1.346ns fall@4.423ns period=49.231ns})
  Destination:            cnn_accelerator_system_i/mig_7series_0/u_cnn_accelerator_system_mig_7series_0_0_mig/u_memc_ui_top_axi/mem_intfc0/ddr_phy_top0/u_ddr_mc_phy_wrapper/u_ddr_mc_phy/ddr_phy_4lanes_0.u_ddr_phy_4lanes/phy_control_i/SYNCIN
                            (rising edge-triggered cell PHY_CONTROL clocked by mem_refclk  {rise@0.000ns fall@1.538ns period=3.077ns})
  Path Group:             mem_refclk
  Path Type:              Setup (Max at Slow Process Corner)
  Requirement:            1.731ns  (mem_refclk rise@3.077ns - sync_pulse rise@1.346ns)
  Data Path Delay:        0.621ns  (logic 0.000ns (0.000%)  route 0.621ns (100.000%))
  Logic Levels:           0
  Clock Path Skew:        0.589ns (DCD - SCD + CPR)
    Destination Clock Delay (DCD):    5.639ns = ( 8.716 - 3.077 )
    Source Clock Delay      (SCD):    5.357ns = ( 6.703 - 1.346 )
    Clock Pessimism Removal (CPR):    0.307ns
  Clock Uncertainty:      0.201ns  ((TSJ^2 + DJ^2)^1/2) / 2 + PE
    Total System Jitter     (TSJ):    0.071ns
    Discrete Jitter          (DJ):    0.145ns
    Phase Error              (PE):    0.120ns

    Location             Delay type                Incr(ns)  Path(ns)    Netlist Resource(s)
  -------------------------------------------------------------------    -------------------
                         (clock sync_pulse rise edge)
                                                      1.346     1.346 r
    E3                                                0.000     1.346 r  CLK100MHZ (IN)
                         net (fo=0)                   0.000     1.346    CLK100MHZ
    E3                   IBUF (Prop_ibuf_I_O)         1.482     2.828 r  CLK100MHZ_IBUF_inst/O
                         net (fo=1, routed)           2.025     4.852    cnn_accelerator_system_i/util_ds_buf_0/U0/BUFG_I[0]
    BUFGCTRL_X0Y16       BUFG (Prop_bufg_I_O)         0.096     4.948 r  cnn_accelerator_system_i/util_ds_buf_0/U0/USE_BUFG.GEN_BUFG[0].BUFG_U/O
                         net (fo=2, routed)           1.666     6.615    cnn_accelerator_system_i/mig_7series_0/u_cnn_accelerator_system_mig_7series_0_0_mig/u_ddr3_infrastructure/mmcm_clk
  -------------------------------------------------------------------    -------------------
    PLLE2_ADV_X1Y1       PLLE2_ADV (Prop_plle2_adv_CLKIN1_CLKOUT2)
                                                      0.088     6.703 r  cnn_accelerator_system_i/mig_7series_0/u_cnn_accelerator_system_mig_7series_0_0_mig/u_ddr3_infrastructure/plle2_i/CLKOUT2
                         net (fo=7, routed)           0.621     7.324    cnn_accelerator_system_i/mig_7series_0/u_cnn_accelerator_system_mig_7series_0_0_mig/u_memc_ui_top_axi/mem_intfc0/ddr_phy_top0/u_ddr_mc_phy_wrapper/u_ddr_mc_phy/ddr_phy_4lanes_0.u_ddr_phy_4lanes/sync_pulse
    PHY_CONTROL_X1Y1     PHY_CONTROL                                  r  cnn_accelerator_system_i/mig_7series_0/u_cnn_accelerator_system_mig_7series_0_0_mig/u_memc_ui_top_axi/mem_intfc0/ddr_phy_top0/u_ddr_mc_phy_wrapper/u_ddr_mc_phy/ddr_phy_4lanes_0.u_ddr_phy_4lanes/phy_control_i/SYNCIN
  -------------------------------------------------------------------    -------------------

                         (clock mem_refclk rise edge)
                                                      3.077     3.077 r
    E3                                                0.000     3.077 r  CLK100MHZ (IN)
                         net (fo=0)                   0.000     3.077    CLK100MHZ
    E3                   IBUF (Prop_ibuf_I_O)         1.411     4.488 r  CLK100MHZ_IBUF_inst/O
                         net (fo=1, routed)           1.920     6.408    cnn_accelerator_system_i/util_ds_buf_0/U0/BUFG_I[0]
    BUFGCTRL_X0Y16       BUFG (Prop_bufg_I_O)         0.091     6.499 r  cnn_accelerator_system_i/util_ds_buf_0/U0/USE_BUFG.GEN_BUFG[0].BUFG_U/O
                         net (fo=2, routed)           1.544     8.044    cnn_accelerator_system_i/mig_7series_0/u_cnn_accelerator_system_mig_7series_0_0_mig/u_ddr3_infrastructure/mmcm_clk
    PLLE2_ADV_X1Y1       PLLE2_ADV (Prop_plle2_adv_CLKIN1_CLKOUT1)
                                                      0.083     8.127 r  cnn_accelerator_system_i/mig_7series_0/u_cnn_accelerator_system_mig_7series_0_0_mig/u_ddr3_infrastructure/plle2_i/CLKOUT1
                         net (fo=7, routed)           0.589     8.716    cnn_accelerator_system_i/mig_7series_0/u_cnn_accelerator_system_mig_7series_0_0_mig/u_memc_ui_top_axi/mem_intfc0/ddr_phy_top0/u_ddr_mc_phy_wrapper/u_ddr_mc_phy/ddr_phy_4lanes_0.u_ddr_phy_4lanes/mem_refclk
    PHY_CONTROL_X1Y1     PHY_CONTROL                                  r  cnn_accelerator_system_i/mig_7series_0/u_cnn_accelerator_system_mig_7series_0_0_mig/u_memc_ui_top_axi/mem_intfc0/ddr_phy_top0/u_ddr_mc_phy_wrapper/u_ddr_mc_phy/ddr_phy_4lanes_0.u_ddr_phy_4lanes/phy_control_i/MEMREFCLK
                         clock pessimism              0.307     9.023
                         clock uncertainty           -0.201     8.822
    PHY_CONTROL_X1Y1     PHY_CONTROL (Setup_phy_control_MEMREFCLK_SYNCIN)
                                                     -0.182     8.640    cnn_accelerator_system_i/mig_7series_0/u_cnn_accelerator_system_mig_7series_0_0_mig/u_memc_ui_top_axi/mem_intfc0/ddr_phy_top0/u_ddr_mc_phy_wrapper/u_ddr_mc_phy/ddr_phy_4lanes_0.u_ddr_phy_4lanes/phy_control_i
  -------------------------------------------------------------------
                         required time                          8.640
                         arrival time                          -7.324
  -------------------------------------------------------------------
                         slack                                  1.316





Min Delay Paths
--------------------------------------------------------------------------------------
Slack (MET) :             0.939ns  (arrival time - required time)
  Source:                 cnn_accelerator_system_i/mig_7series_0/u_cnn_accelerator_system_mig_7series_0_0_mig/u_ddr3_infrastructure/plle2_i/CLKOUT2
                            (clock source 'sync_pulse'  {rise@1.346ns fall@4.423ns period=49.231ns})
  Destination:            cnn_accelerator_system_i/mig_7series_0/u_cnn_accelerator_system_mig_7series_0_0_mig/u_memc_ui_top_axi/mem_intfc0/ddr_phy_top0/u_ddr_mc_phy_wrapper/u_ddr_mc_phy/ddr_phy_4lanes_0.u_ddr_phy_4lanes/phy_control_i/SYNCIN
                            (rising edge-triggered cell PHY_CONTROL clocked by mem_refclk  {rise@0.000ns fall@1.538ns period=3.077ns})
  Path Group:             mem_refclk
  Path Type:              Hold (Min at Slow Process Corner)
  Requirement:            -1.346ns  (mem_refclk rise@3.077ns - sync_pulse fall@4.423ns)
  Data Path Delay:        0.589ns  (logic 0.000ns (0.000%)  route 0.589ns (100.000%))
  Logic Levels:           0
  Clock Path Skew:        0.621ns (DCD - SCD - CPR)
    Destination Clock Delay (DCD):    5.978ns = ( 9.055 - 3.077 )
    Source Clock Delay      (SCD):    5.050ns = ( 9.473 - 4.423 )
    Clock Pessimism Removal (CPR):    0.307ns
  Clock Uncertainty:      0.201ns  ((TSJ^2 + DJ^2)^1/2) / 2 + PE
    Total System Jitter     (TSJ):    0.071ns
    Discrete Jitter          (DJ):    0.145ns
    Phase Error              (PE):    0.120ns

    Location             Delay type                Incr(ns)  Path(ns)    Netlist Resource(s)
  -------------------------------------------------------------------    -------------------
                         (clock sync_pulse fall edge)
                                                      4.423     4.423 f
    E3                                                0.000     4.423 f  CLK100MHZ (IN)
                         net (fo=0)                   0.000     4.423    CLK100MHZ
    E3                   IBUF (Prop_ibuf_I_O)         1.411     5.834 f  CLK100MHZ_IBUF_inst/O
                         net (fo=1, routed)           1.920     7.754    cnn_accelerator_system_i/util_ds_buf_0/U0/BUFG_I[0]
    BUFGCTRL_X0Y16       BUFG (Prop_bufg_I_O)         0.091     7.845 f  cnn_accelerator_system_i/util_ds_buf_0/U0/USE_BUFG.GEN_BUFG[0].BUFG_U/O
                         net (fo=2, routed)           1.544     9.390    cnn_accelerator_system_i/mig_7series_0/u_cnn_accelerator_system_mig_7series_0_0_mig/u_ddr3_infrastructure/mmcm_clk
  -------------------------------------------------------------------    -------------------
    PLLE2_ADV_X1Y1       PLLE2_ADV (Prop_plle2_adv_CLKIN1_CLKOUT2)
                                                      0.083     9.473 f  cnn_accelerator_system_i/mig_7series_0/u_cnn_accelerator_system_mig_7series_0_0_mig/u_ddr3_infrastructure/plle2_i/CLKOUT2
                         net (fo=7, routed)           0.589    10.062    cnn_accelerator_system_i/mig_7series_0/u_cnn_accelerator_system_mig_7series_0_0_mig/u_memc_ui_top_axi/mem_intfc0/ddr_phy_top0/u_ddr_mc_phy_wrapper/u_ddr_mc_phy/ddr_phy_4lanes_0.u_ddr_phy_4lanes/sync_pulse
    PHY_CONTROL_X1Y1     PHY_CONTROL                                  f  cnn_accelerator_system_i/mig_7series_0/u_cnn_accelerator_system_mig_7series_0_0_mig/u_memc_ui_top_axi/mem_intfc0/ddr_phy_top0/u_ddr_mc_phy_wrapper/u_ddr_mc_phy/ddr_phy_4lanes_0.u_ddr_phy_4lanes/phy_control_i/SYNCIN
  -------------------------------------------------------------------    -------------------

                         (clock mem_refclk rise edge)
                                                      3.077     3.077 r
    E3                                                0.000     3.077 r  CLK100MHZ (IN)
                         net (fo=0)                   0.000     3.077    CLK100MHZ
    E3                   IBUF (Prop_ibuf_I_O)         1.482     4.559 r  CLK100MHZ_IBUF_inst/O
                         net (fo=1, routed)           2.025     6.583    cnn_accelerator_system_i/util_ds_buf_0/U0/BUFG_I[0]
    BUFGCTRL_X0Y16       BUFG (Prop_bufg_I_O)         0.096     6.679 r  cnn_accelerator_system_i/util_ds_buf_0/U0/USE_BUFG.GEN_BUFG[0].BUFG_U/O
                         net (fo=2, routed)           1.666     8.346    cnn_accelerator_system_i/mig_7series_0/u_cnn_accelerator_system_mig_7series_0_0_mig/u_ddr3_infrastructure/mmcm_clk
    PLLE2_ADV_X1Y1       PLLE2_ADV (Prop_plle2_adv_CLKIN1_CLKOUT1)
                                                      0.088     8.434 r  cnn_accelerator_system_i/mig_7series_0/u_cnn_accelerator_system_mig_7series_0_0_mig/u_ddr3_infrastructure/plle2_i/CLKOUT1
                         net (fo=7, routed)           0.621     9.055    cnn_accelerator_system_i/mig_7series_0/u_cnn_accelerator_system_mig_7series_0_0_mig/u_memc_ui_top_axi/mem_intfc0/ddr_phy_top0/u_ddr_mc_phy_wrapper/u_ddr_mc_phy/ddr_phy_4lanes_0.u_ddr_phy_4lanes/mem_refclk
    PHY_CONTROL_X1Y1     PHY_CONTROL                                  r  cnn_accelerator_system_i/mig_7series_0/u_cnn_accelerator_system_mig_7series_0_0_mig/u_memc_ui_top_axi/mem_intfc0/ddr_phy_top0/u_ddr_mc_phy_wrapper/u_ddr_mc_phy/ddr_phy_4lanes_0.u_ddr_phy_4lanes/phy_control_i/MEMREFCLK
                         clock pessimism             -0.307     8.748
                         clock uncertainty            0.201     8.948
    PHY_CONTROL_X1Y1     PHY_CONTROL (Hold_phy_control_MEMREFCLK_SYNCIN)
                                                      0.174     9.122    cnn_accelerator_system_i/mig_7series_0/u_cnn_accelerator_system_mig_7series_0_0_mig/u_memc_ui_top_axi/mem_intfc0/ddr_phy_top0/u_ddr_mc_phy_wrapper/u_ddr_mc_phy/ddr_phy_4lanes_0.u_ddr_phy_4lanes/phy_control_i
  -------------------------------------------------------------------
                         required time                         -9.122
                         arrival time                          10.062
  -------------------------------------------------------------------
                         slack                                  0.939





---------------------------------------------------------------------------------------------------
From Clock:  oserdes_clk
  To Clock:  oserdes_clkdiv

Setup :            0  Failing Endpoints,  Worst Slack        2.180ns,  Total Violation        0.000ns
Hold  :            0  Failing Endpoints,  Worst Slack        0.095ns,  Total Violation        0.000ns
---------------------------------------------------------------------------------------------------


Max Delay Paths
--------------------------------------------------------------------------------------
Slack (MET) :             2.180ns  (required time - arrival time)
  Source:                 cnn_accelerator_system_i/mig_7series_0/u_cnn_accelerator_system_mig_7series_0_0_mig/u_memc_ui_top_axi/mem_intfc0/ddr_phy_top0/u_ddr_mc_phy_wrapper/u_ddr_mc_phy/ddr_phy_4lanes_0.u_ddr_phy_4lanes/ddr_byte_lane_A.ddr_byte_lane_A/phaser_out/OCLK
                            (rising edge-triggered cell PHASER_OUT_PHY clocked by oserdes_clk  {rise@0.000ns fall@1.538ns period=3.077ns})
  Destination:            cnn_accelerator_system_i/mig_7series_0/u_cnn_accelerator_system_mig_7series_0_0_mig/u_memc_ui_top_axi/mem_intfc0/ddr_phy_top0/u_ddr_mc_phy_wrapper/u_ddr_mc_phy/ddr_phy_4lanes_0.u_ddr_phy_4lanes/ddr_byte_lane_A.ddr_byte_lane_A/out_fifo/RDEN
                            (rising edge-triggered cell OUT_FIFO clocked by oserdes_clkdiv  {rise@0.000ns fall@6.154ns period=12.308ns})
  Path Group:             oserdes_clkdiv
  Path Type:              Setup (Max at Slow Process Corner)
  Requirement:            3.077ns  (oserdes_clkdiv rise@12.308ns - oserdes_clk rise@9.231ns)
  Data Path Delay:        0.338ns  (logic 0.338ns (100.000%)  route 0.000ns (0.000%))
  Logic Levels:           0
  Clock Path Skew:        0.148ns (DCD - SCD + CPR)
    Destination Clock Delay (DCD):    8.196ns = ( 20.503 - 12.308 )
    Source Clock Delay      (SCD):    8.451ns = ( 17.682 - 9.231 )
    Clock Pessimism Removal (CPR):    0.403ns
  Clock Uncertainty:      0.056ns  ((TSJ^2 + DJ^2)^1/2) / 2 + PE
    Total System Jitter     (TSJ):    0.071ns
    Discrete Jitter          (DJ):    0.087ns
    Phase Error              (PE):    0.000ns

    Location             Delay type                Incr(ns)  Path(ns)    Netlist Resource(s)
  -------------------------------------------------------------------    -------------------
                         (clock oserdes_clk rise edge)
                                                      9.231     9.231 r
    E3                                                0.000     9.231 r  CLK100MHZ (IN)
                         net (fo=0)                   0.000     9.231    CLK100MHZ
    E3                   IBUF (Prop_ibuf_I_O)         1.482    10.713 r  CLK100MHZ_IBUF_inst/O
                         net (fo=1, routed)           2.025    12.737    cnn_accelerator_system_i/util_ds_buf_0/U0/BUFG_I[0]
    BUFGCTRL_X0Y16       BUFG (Prop_bufg_I_O)         0.096    12.833 r  cnn_accelerator_system_i/util_ds_buf_0/U0/USE_BUFG.GEN_BUFG[0].BUFG_U/O
                         net (fo=2, routed)           1.666    14.499    cnn_accelerator_system_i/mig_7series_0/u_cnn_accelerator_system_mig_7series_0_0_mig/u_ddr3_infrastructure/mmcm_clk
    PLLE2_ADV_X1Y1       PLLE2_ADV (Prop_plle2_adv_CLKIN1_CLKOUT1)
                                                      0.088    14.587 r  cnn_accelerator_system_i/mig_7series_0/u_cnn_accelerator_system_mig_7series_0_0_mig/u_ddr3_infrastructure/plle2_i/CLKOUT1
                         net (fo=7, routed)           0.614    15.201    cnn_accelerator_system_i/mig_7series_0/u_cnn_accelerator_system_mig_7series_0_0_mig/u_memc_ui_top_axi/mem_intfc0/ddr_phy_top0/u_ddr_mc_phy_wrapper/u_ddr_mc_phy/ddr_phy_4lanes_0.u_ddr_phy_4lanes/ddr_byte_lane_A.ddr_byte_lane_A/mem_refclk
    PHASER_OUT_PHY_X1Y4  PHASER_OUT_PHY (Prop_phaser_out_phy_MEMREFCLK_OCLK)
                                                      2.480    17.682 r  cnn_accelerator_system_i/mig_7series_0/u_cnn_accelerator_system_mig_7series_0_0_mig/u_memc_ui_top_axi/mem_intfc0/ddr_phy_top0/u_ddr_mc_phy_wrapper/u_ddr_mc_phy/ddr_phy_4lanes_0.u_ddr_phy_4lanes/ddr_byte_lane_A.ddr_byte_lane_A/phaser_out/OCLK
  -------------------------------------------------------------------    -------------------
    PHASER_OUT_PHY_X1Y4  PHASER_OUT_PHY (Prop_phaser_out_phy_OCLK_RDENABLE)
                                                      0.338    18.020 r  cnn_accelerator_system_i/mig_7series_0/u_cnn_accelerator_system_mig_7series_0_0_mig/u_memc_ui_top_axi/mem_intfc0/ddr_phy_top0/u_ddr_mc_phy_wrapper/u_ddr_mc_phy/ddr_phy_4lanes_0.u_ddr_phy_4lanes/ddr_byte_lane_A.ddr_byte_lane_A/phaser_out/RDENABLE
                         net (fo=1, routed)           0.000    18.020    cnn_accelerator_system_i/mig_7series_0/u_cnn_accelerator_system_mig_7series_0_0_mig/u_memc_ui_top_axi/mem_intfc0/ddr_phy_top0/u_ddr_mc_phy_wrapper/u_ddr_mc_phy/ddr_phy_4lanes_0.u_ddr_phy_4lanes/ddr_byte_lane_A.ddr_byte_lane_A/po_rd_enable
    OUT_FIFO_X1Y4        OUT_FIFO                                     r  cnn_accelerator_system_i/mig_7series_0/u_cnn_accelerator_system_mig_7series_0_0_mig/u_memc_ui_top_axi/mem_intfc0/ddr_phy_top0/u_ddr_mc_phy_wrapper/u_ddr_mc_phy/ddr_phy_4lanes_0.u_ddr_phy_4lanes/ddr_byte_lane_A.ddr_byte_lane_A/out_fifo/RDEN
  -------------------------------------------------------------------    -------------------

                         (clock oserdes_clkdiv rise edge)
                                                     12.308    12.308 r
    E3                                                0.000    12.308 r  CLK100MHZ (IN)
                         net (fo=0)                   0.000    12.308    CLK100MHZ
    E3                   IBUF (Prop_ibuf_I_O)         1.411    13.719 r  CLK100MHZ_IBUF_inst/O
                         net (fo=1, routed)           1.920    15.639    cnn_accelerator_system_i/util_ds_buf_0/U0/BUFG_I[0]
    BUFGCTRL_X0Y16       BUFG (Prop_bufg_I_O)         0.091    15.730 r  cnn_accelerator_system_i/util_ds_buf_0/U0/USE_BUFG.GEN_BUFG[0].BUFG_U/O
                         net (fo=2, routed)           1.544    17.274    cnn_accelerator_system_i/mig_7series_0/u_cnn_accelerator_system_mig_7series_0_0_mig/u_ddr3_infrastructure/mmcm_clk
    PLLE2_ADV_X1Y1       PLLE2_ADV (Prop_plle2_adv_CLKIN1_CLKOUT1)
                                                      0.083    17.357 r  cnn_accelerator_system_i/mig_7series_0/u_cnn_accelerator_system_mig_7series_0_0_mig/u_ddr3_infrastructure/plle2_i/CLKOUT1
                         net (fo=7, routed)           0.582    17.939    cnn_accelerator_system_i/mig_7series_0/u_cnn_accelerator_system_mig_7series_0_0_mig/u_memc_ui_top_axi/mem_intfc0/ddr_phy_top0/u_ddr_mc_phy_wrapper/u_ddr_mc_phy/ddr_phy_4lanes_0.u_ddr_phy_4lanes/ddr_byte_lane_A.ddr_byte_lane_A/mem_refclk
    PHASER_OUT_PHY_X1Y4  PHASER_OUT_PHY (Prop_phaser_out_phy_MEMREFCLK_OCLK)
                                                      2.416    20.355 r  cnn_accelerator_system_i/mig_7series_0/u_cnn_accelerator_system_mig_7series_0_0_mig/u_memc_ui_top_axi/mem_intfc0/ddr_phy_top0/u_ddr_mc_phy_wrapper/u_ddr_mc_phy/ddr_phy_4lanes_0.u_ddr_phy_4lanes/ddr_byte_lane_A.ddr_byte_lane_A/phaser_out/OCLK
    PHASER_OUT_PHY_X1Y4  PHASER_OUT_PHY (Prop_phaser_out_phy_OCLK_OCLKDIV)
                                                      0.148    20.503 r  cnn_accelerator_system_i/mig_7series_0/u_cnn_accelerator_system_mig_7series_0_0_mig/u_memc_ui_top_axi/mem_intfc0/ddr_phy_top0/u_ddr_mc_phy_wrapper/u_ddr_mc_phy/ddr_phy_4lanes_0.u_ddr_phy_4lanes/ddr_byte_lane_A.ddr_byte_lane_A/phaser_out/OCLKDIV
                         net (fo=12, routed)          0.000    20.503    cnn_accelerator_system_i/mig_7series_0/u_cnn_accelerator_system_mig_7series_0_0_mig/u_memc_ui_top_axi/mem_intfc0/ddr_phy_top0/u_ddr_mc_phy_wrapper/u_ddr_mc_phy/ddr_phy_4lanes_0.u_ddr_phy_4lanes/ddr_byte_lane_A.ddr_byte_lane_A/oserdes_clkdiv
    OUT_FIFO_X1Y4        OUT_FIFO                                     r  cnn_accelerator_system_i/mig_7series_0/u_cnn_accelerator_system_mig_7series_0_0_mig/u_memc_ui_top_axi/mem_intfc0/ddr_phy_top0/u_ddr_mc_phy_wrapper/u_ddr_mc_phy/ddr_phy_4lanes_0.u_ddr_phy_4lanes/ddr_byte_lane_A.ddr_byte_lane_A/out_fifo/RDCLK
                         clock pessimism              0.403    20.906
                         clock uncertainty           -0.056    20.851
    OUT_FIFO_X1Y4        OUT_FIFO (Setup_out_fifo_RDCLK_RDEN)
                                                     -0.651    20.200    cnn_accelerator_system_i/mig_7series_0/u_cnn_accelerator_system_mig_7series_0_0_mig/u_memc_ui_top_axi/mem_intfc0/ddr_phy_top0/u_ddr_mc_phy_wrapper/u_ddr_mc_phy/ddr_phy_4lanes_0.u_ddr_phy_4lanes/ddr_byte_lane_A.ddr_byte_lane_A/out_fifo
  -------------------------------------------------------------------
                         required time                         20.200
                         arrival time                         -18.020
  -------------------------------------------------------------------
                         slack                                  2.180





Min Delay Paths
--------------------------------------------------------------------------------------
Slack (MET) :             0.095ns  (arrival time - required time)
  Source:                 cnn_accelerator_system_i/mig_7series_0/u_cnn_accelerator_system_mig_7series_0_0_mig/u_memc_ui_top_axi/mem_intfc0/ddr_phy_top0/u_ddr_mc_phy_wrapper/u_ddr_mc_phy/ddr_phy_4lanes_0.u_ddr_phy_4lanes/ddr_byte_lane_A.ddr_byte_lane_A/phaser_out/OCLK
                            (rising edge-triggered cell PHASER_OUT_PHY clocked by oserdes_clk  {rise@0.000ns fall@1.538ns period=3.077ns})
  Destination:            cnn_accelerator_system_i/mig_7series_0/u_cnn_accelerator_system_mig_7series_0_0_mig/u_memc_ui_top_axi/mem_intfc0/ddr_phy_top0/u_ddr_mc_phy_wrapper/u_ddr_mc_phy/ddr_phy_4lanes_0.u_ddr_phy_4lanes/ddr_byte_lane_A.ddr_byte_lane_A/out_fifo/RDEN
                            (rising edge-triggered cell OUT_FIFO clocked by oserdes_clkdiv  {rise@0.000ns fall@6.154ns period=12.308ns})
  Path Group:             oserdes_clkdiv
  Path Type:              Hold (Min at Fast Process Corner)
  Requirement:            0.000ns  (oserdes_clkdiv rise@0.000ns - oserdes_clk rise@0.000ns)
  Data Path Delay:        0.172ns  (logic 0.172ns (100.000%)  route 0.000ns (0.000%))
  Logic Levels:           0
  Clock Path Skew:        0.088ns (DCD - SCD - CPR)
    Destination Clock Delay (DCD):    4.543ns
    Source Clock Delay      (SCD):    3.867ns
    Clock Pessimism Removal (CPR):    0.588ns

    Location             Delay type                Incr(ns)  Path(ns)    Netlist Resource(s)
  -------------------------------------------------------------------    -------------------
                         (clock oserdes_clk rise edge)
                                                      0.000     0.000 r
    E3                                                0.000     0.000 r  CLK100MHZ (IN)
                         net (fo=0)                   0.000     0.000    CLK100MHZ
    E3                   IBUF (Prop_ibuf_I_O)         0.250     0.250 r  CLK100MHZ_IBUF_inst/O
                         net (fo=1, routed)           0.644     0.894    cnn_accelerator_system_i/util_ds_buf_0/U0/BUFG_I[0]
    BUFGCTRL_X0Y16       BUFG (Prop_bufg_I_O)         0.026     0.920 r  cnn_accelerator_system_i/util_ds_buf_0/U0/USE_BUFG.GEN_BUFG[0].BUFG_U/O
                         net (fo=2, routed)           0.566     1.485    cnn_accelerator_system_i/mig_7series_0/u_cnn_accelerator_system_mig_7series_0_0_mig/u_ddr3_infrastructure/mmcm_clk
    PLLE2_ADV_X1Y1       PLLE2_ADV (Prop_plle2_adv_CLKIN1_CLKOUT1)
                                                      0.050     1.535 r  cnn_accelerator_system_i/mig_7series_0/u_cnn_accelerator_system_mig_7series_0_0_mig/u_ddr3_infrastructure/plle2_i/CLKOUT1
                         net (fo=7, routed)           0.197     1.732    cnn_accelerator_system_i/mig_7series_0/u_cnn_accelerator_system_mig_7series_0_0_mig/u_memc_ui_top_axi/mem_intfc0/ddr_phy_top0/u_ddr_mc_phy_wrapper/u_ddr_mc_phy/ddr_phy_4lanes_0.u_ddr_phy_4lanes/ddr_byte_lane_A.ddr_byte_lane_A/mem_refclk
    PHASER_OUT_PHY_X1Y4  PHASER_OUT_PHY (Prop_phaser_out_phy_MEMREFCLK_OCLK)
                                                      2.135     3.867 r  cnn_accelerator_system_i/mig_7series_0/u_cnn_accelerator_system_mig_7series_0_0_mig/u_memc_ui_top_axi/mem_intfc0/ddr_phy_top0/u_ddr_mc_phy_wrapper/u_ddr_mc_phy/ddr_phy_4lanes_0.u_ddr_phy_4lanes/ddr_byte_lane_A.ddr_byte_lane_A/phaser_out/OCLK
  -------------------------------------------------------------------    -------------------
    PHASER_OUT_PHY_X1Y4  PHASER_OUT_PHY (Prop_phaser_out_phy_OCLK_RDENABLE)
                                                      0.172     4.039 r  cnn_accelerator_system_i/mig_7series_0/u_cnn_accelerator_system_mig_7series_0_0_mig/u_memc_ui_top_axi/mem_intfc0/ddr_phy_top0/u_ddr_mc_phy_wrapper/u_ddr_mc_phy/ddr_phy_4lanes_0.u_ddr_phy_4lanes/ddr_byte_lane_A.ddr_byte_lane_A/phaser_out/RDENABLE
                         net (fo=1, routed)           0.000     4.039    cnn_accelerator_system_i/mig_7series_0/u_cnn_accelerator_system_mig_7series_0_0_mig/u_memc_ui_top_axi/mem_intfc0/ddr_phy_top0/u_ddr_mc_phy_wrapper/u_ddr_mc_phy/ddr_phy_4lanes_0.u_ddr_phy_4lanes/ddr_byte_lane_A.ddr_byte_lane_A/po_rd_enable
    OUT_FIFO_X1Y4        OUT_FIFO                                     r  cnn_accelerator_system_i/mig_7series_0/u_cnn_accelerator_system_mig_7series_0_0_mig/u_memc_ui_top_axi/mem_intfc0/ddr_phy_top0/u_ddr_mc_phy_wrapper/u_ddr_mc_phy/ddr_phy_4lanes_0.u_ddr_phy_4lanes/ddr_byte_lane_A.ddr_byte_lane_A/out_fifo/RDEN
  -------------------------------------------------------------------    -------------------

                         (clock oserdes_clkdiv rise edge)
                                                      0.000     0.000 r
    E3                                                0.000     0.000 r  CLK100MHZ (IN)
                         net (fo=0)                   0.000     0.000    CLK100MHZ
    E3                   IBUF (Prop_ibuf_I_O)         0.438     0.438 r  CLK100MHZ_IBUF_inst/O
                         net (fo=1, routed)           0.699     1.136    cnn_accelerator_system_i/util_ds_buf_0/U0/BUFG_I[0]
    BUFGCTRL_X0Y16       BUFG (Prop_bufg_I_O)         0.029     1.165 r  cnn_accelerator_system_i/util_ds_buf_0/U0/USE_BUFG.GEN_BUFG[0].BUFG_U/O
                         net (fo=2, routed)           0.835     2.000    cnn_accelerator_system_i/mig_7series_0/u_cnn_accelerator_system_mig_7series_0_0_mig/u_ddr3_infrastructure/mmcm_clk
    PLLE2_ADV_X1Y1       PLLE2_ADV (Prop_plle2_adv_CLKIN1_CLKOUT1)
                                                      0.053     2.053 r  cnn_accelerator_system_i/mig_7series_0/u_cnn_accelerator_system_mig_7series_0_0_mig/u_ddr3_infrastructure/plle2_i/CLKOUT1
                         net (fo=7, routed)           0.218     2.271    cnn_accelerator_system_i/mig_7series_0/u_cnn_accelerator_system_mig_7series_0_0_mig/u_memc_ui_top_axi/mem_intfc0/ddr_phy_top0/u_ddr_mc_phy_wrapper/u_ddr_mc_phy/ddr_phy_4lanes_0.u_ddr_phy_4lanes/ddr_byte_lane_A.ddr_byte_lane_A/mem_refclk
    PHASER_OUT_PHY_X1Y4  PHASER_OUT_PHY (Prop_phaser_out_phy_MEMREFCLK_OCLK)
                                                      2.184     4.455 r  cnn_accelerator_system_i/mig_7series_0/u_cnn_accelerator_system_mig_7series_0_0_mig/u_memc_ui_top_axi/mem_intfc0/ddr_phy_top0/u_ddr_mc_phy_wrapper/u_ddr_mc_phy/ddr_phy_4lanes_0.u_ddr_phy_4lanes/ddr_byte_lane_A.ddr_byte_lane_A/phaser_out/OCLK
    PHASER_OUT_PHY_X1Y4  PHASER_OUT_PHY (Prop_phaser_out_phy_OCLK_OCLKDIV)
                                                      0.088     4.543 r  cnn_accelerator_system_i/mig_7series_0/u_cnn_accelerator_system_mig_7series_0_0_mig/u_memc_ui_top_axi/mem_intfc0/ddr_phy_top0/u_ddr_mc_phy_wrapper/u_ddr_mc_phy/ddr_phy_4lanes_0.u_ddr_phy_4lanes/ddr_byte_lane_A.ddr_byte_lane_A/phaser_out/OCLKDIV
                         net (fo=12, routed)          0.000     4.543    cnn_accelerator_system_i/mig_7series_0/u_cnn_accelerator_system_mig_7series_0_0_mig/u_memc_ui_top_axi/mem_intfc0/ddr_phy_top0/u_ddr_mc_phy_wrapper/u_ddr_mc_phy/ddr_phy_4lanes_0.u_ddr_phy_4lanes/ddr_byte_lane_A.ddr_byte_lane_A/oserdes_clkdiv
    OUT_FIFO_X1Y4        OUT_FIFO                                     r  cnn_accelerator_system_i/mig_7series_0/u_cnn_accelerator_system_mig_7series_0_0_mig/u_memc_ui_top_axi/mem_intfc0/ddr_phy_top0/u_ddr_mc_phy_wrapper/u_ddr_mc_phy/ddr_phy_4lanes_0.u_ddr_phy_4lanes/ddr_byte_lane_A.ddr_byte_lane_A/out_fifo/RDCLK
                         clock pessimism             -0.588     3.955
    OUT_FIFO_X1Y4        OUT_FIFO (Hold_out_fifo_RDCLK_RDEN)
                                                     -0.011     3.944    cnn_accelerator_system_i/mig_7series_0/u_cnn_accelerator_system_mig_7series_0_0_mig/u_memc_ui_top_axi/mem_intfc0/ddr_phy_top0/u_ddr_mc_phy_wrapper/u_ddr_mc_phy/ddr_phy_4lanes_0.u_ddr_phy_4lanes/ddr_byte_lane_A.ddr_byte_lane_A/out_fifo
  -------------------------------------------------------------------
                         required time                         -3.944
                         arrival time                           4.039
  -------------------------------------------------------------------
                         slack                                  0.095





---------------------------------------------------------------------------------------------------
From Clock:  oserdes_clk_1
  To Clock:  oserdes_clkdiv_1

Setup :            0  Failing Endpoints,  Worst Slack        2.180ns,  Total Violation        0.000ns
Hold  :            0  Failing Endpoints,  Worst Slack        0.095ns,  Total Violation        0.000ns
---------------------------------------------------------------------------------------------------


Max Delay Paths
--------------------------------------------------------------------------------------
Slack (MET) :             2.180ns  (required time - arrival time)
  Source:                 cnn_accelerator_system_i/mig_7series_0/u_cnn_accelerator_system_mig_7series_0_0_mig/u_memc_ui_top_axi/mem_intfc0/ddr_phy_top0/u_ddr_mc_phy_wrapper/u_ddr_mc_phy/ddr_phy_4lanes_0.u_ddr_phy_4lanes/ddr_byte_lane_B.ddr_byte_lane_B/phaser_out/OCLK
                            (rising edge-triggered cell PHASER_OUT_PHY clocked by oserdes_clk_1  {rise@0.000ns fall@1.538ns period=3.077ns})
  Destination:            cnn_accelerator_system_i/mig_7series_0/u_cnn_accelerator_system_mig_7series_0_0_mig/u_memc_ui_top_axi/mem_intfc0/ddr_phy_top0/u_ddr_mc_phy_wrapper/u_ddr_mc_phy/ddr_phy_4lanes_0.u_ddr_phy_4lanes/ddr_byte_lane_B.ddr_byte_lane_B/out_fifo/RDEN
                            (rising edge-triggered cell OUT_FIFO clocked by oserdes_clkdiv_1  {rise@0.000ns fall@6.154ns period=12.308ns})
  Path Group:             oserdes_clkdiv_1
  Path Type:              Setup (Max at Slow Process Corner)
  Requirement:            3.077ns  (oserdes_clkdiv_1 rise@12.308ns - oserdes_clk_1 rise@9.231ns)
  Data Path Delay:        0.338ns  (logic 0.338ns (100.000%)  route 0.000ns (0.000%))
  Logic Levels:           0
  Clock Path Skew:        0.148ns (DCD - SCD + CPR)
    Destination Clock Delay (DCD):    8.186ns = ( 20.493 - 12.308 )
    Source Clock Delay      (SCD):    8.440ns = ( 17.671 - 9.231 )
    Clock Pessimism Removal (CPR):    0.402ns
  Clock Uncertainty:      0.056ns  ((TSJ^2 + DJ^2)^1/2) / 2 + PE
    Total System Jitter     (TSJ):    0.071ns
    Discrete Jitter          (DJ):    0.087ns
    Phase Error              (PE):    0.000ns

    Location             Delay type                Incr(ns)  Path(ns)    Netlist Resource(s)
  -------------------------------------------------------------------    -------------------
                         (clock oserdes_clk_1 rise edge)
                                                      9.231     9.231 r
    E3                                                0.000     9.231 r  CLK100MHZ (IN)
                         net (fo=0)                   0.000     9.231    CLK100MHZ
    E3                   IBUF (Prop_ibuf_I_O)         1.482    10.713 r  CLK100MHZ_IBUF_inst/O
                         net (fo=1, routed)           2.025    12.737    cnn_accelerator_system_i/util_ds_buf_0/U0/BUFG_I[0]
    BUFGCTRL_X0Y16       BUFG (Prop_bufg_I_O)         0.096    12.833 r  cnn_accelerator_system_i/util_ds_buf_0/U0/USE_BUFG.GEN_BUFG[0].BUFG_U/O
                         net (fo=2, routed)           1.666    14.499    cnn_accelerator_system_i/mig_7series_0/u_cnn_accelerator_system_mig_7series_0_0_mig/u_ddr3_infrastructure/mmcm_clk
    PLLE2_ADV_X1Y1       PLLE2_ADV (Prop_plle2_adv_CLKIN1_CLKOUT1)
                                                      0.088    14.587 r  cnn_accelerator_system_i/mig_7series_0/u_cnn_accelerator_system_mig_7series_0_0_mig/u_ddr3_infrastructure/plle2_i/CLKOUT1
                         net (fo=7, routed)           0.603    15.190    cnn_accelerator_system_i/mig_7series_0/u_cnn_accelerator_system_mig_7series_0_0_mig/u_memc_ui_top_axi/mem_intfc0/ddr_phy_top0/u_ddr_mc_phy_wrapper/u_ddr_mc_phy/ddr_phy_4lanes_0.u_ddr_phy_4lanes/ddr_byte_lane_B.ddr_byte_lane_B/mem_refclk
    PHASER_OUT_PHY_X1Y5  PHASER_OUT_PHY (Prop_phaser_out_phy_MEMREFCLK_OCLK)
                                                      2.480    17.671 r  cnn_accelerator_system_i/mig_7series_0/u_cnn_accelerator_system_mig_7series_0_0_mig/u_memc_ui_top_axi/mem_intfc0/ddr_phy_top0/u_ddr_mc_phy_wrapper/u_ddr_mc_phy/ddr_phy_4lanes_0.u_ddr_phy_4lanes/ddr_byte_lane_B.ddr_byte_lane_B/phaser_out/OCLK
  -------------------------------------------------------------------    -------------------
    PHASER_OUT_PHY_X1Y5  PHASER_OUT_PHY (Prop_phaser_out_phy_OCLK_RDENABLE)
                                                      0.338    18.009 r  cnn_accelerator_system_i/mig_7series_0/u_cnn_accelerator_system_mig_7series_0_0_mig/u_memc_ui_top_axi/mem_intfc0/ddr_phy_top0/u_ddr_mc_phy_wrapper/u_ddr_mc_phy/ddr_phy_4lanes_0.u_ddr_phy_4lanes/ddr_byte_lane_B.ddr_byte_lane_B/phaser_out/RDENABLE
                         net (fo=1, routed)           0.000    18.009    cnn_accelerator_system_i/mig_7series_0/u_cnn_accelerator_system_mig_7series_0_0_mig/u_memc_ui_top_axi/mem_intfc0/ddr_phy_top0/u_ddr_mc_phy_wrapper/u_ddr_mc_phy/ddr_phy_4lanes_0.u_ddr_phy_4lanes/ddr_byte_lane_B.ddr_byte_lane_B/po_rd_enable
    OUT_FIFO_X1Y5        OUT_FIFO                                     r  cnn_accelerator_system_i/mig_7series_0/u_cnn_accelerator_system_mig_7series_0_0_mig/u_memc_ui_top_axi/mem_intfc0/ddr_phy_top0/u_ddr_mc_phy_wrapper/u_ddr_mc_phy/ddr_phy_4lanes_0.u_ddr_phy_4lanes/ddr_byte_lane_B.ddr_byte_lane_B/out_fifo/RDEN
  -------------------------------------------------------------------    -------------------

                         (clock oserdes_clkdiv_1 rise edge)
                                                     12.308    12.308 r
    E3                                                0.000    12.308 r  CLK100MHZ (IN)
                         net (fo=0)                   0.000    12.308    CLK100MHZ
    E3                   IBUF (Prop_ibuf_I_O)         1.411    13.719 r  CLK100MHZ_IBUF_inst/O
                         net (fo=1, routed)           1.920    15.639    cnn_accelerator_system_i/util_ds_buf_0/U0/BUFG_I[0]
    BUFGCTRL_X0Y16       BUFG (Prop_bufg_I_O)         0.091    15.730 r  cnn_accelerator_system_i/util_ds_buf_0/U0/USE_BUFG.GEN_BUFG[0].BUFG_U/O
                         net (fo=2, routed)           1.544    17.274    cnn_accelerator_system_i/mig_7series_0/u_cnn_accelerator_system_mig_7series_0_0_mig/u_ddr3_infrastructure/mmcm_clk
    PLLE2_ADV_X1Y1       PLLE2_ADV (Prop_plle2_adv_CLKIN1_CLKOUT1)
                                                      0.083    17.357 r  cnn_accelerator_system_i/mig_7series_0/u_cnn_accelerator_system_mig_7series_0_0_mig/u_ddr3_infrastructure/plle2_i/CLKOUT1
                         net (fo=7, routed)           0.572    17.929    cnn_accelerator_system_i/mig_7series_0/u_cnn_accelerator_system_mig_7series_0_0_mig/u_memc_ui_top_axi/mem_intfc0/ddr_phy_top0/u_ddr_mc_phy_wrapper/u_ddr_mc_phy/ddr_phy_4lanes_0.u_ddr_phy_4lanes/ddr_byte_lane_B.ddr_byte_lane_B/mem_refclk
    PHASER_OUT_PHY_X1Y5  PHASER_OUT_PHY (Prop_phaser_out_phy_MEMREFCLK_OCLK)
                                                      2.416    20.345 r  cnn_accelerator_system_i/mig_7series_0/u_cnn_accelerator_system_mig_7series_0_0_mig/u_memc_ui_top_axi/mem_intfc0/ddr_phy_top0/u_ddr_mc_phy_wrapper/u_ddr_mc_phy/ddr_phy_4lanes_0.u_ddr_phy_4lanes/ddr_byte_lane_B.ddr_byte_lane_B/phaser_out/OCLK
    PHASER_OUT_PHY_X1Y5  PHASER_OUT_PHY (Prop_phaser_out_phy_OCLK_OCLKDIV)
                                                      0.148    20.493 r  cnn_accelerator_system_i/mig_7series_0/u_cnn_accelerator_system_mig_7series_0_0_mig/u_memc_ui_top_axi/mem_intfc0/ddr_phy_top0/u_ddr_mc_phy_wrapper/u_ddr_mc_phy/ddr_phy_4lanes_0.u_ddr_phy_4lanes/ddr_byte_lane_B.ddr_byte_lane_B/phaser_out/OCLKDIV
                         net (fo=13, routed)          0.000    20.493    cnn_accelerator_system_i/mig_7series_0/u_cnn_accelerator_system_mig_7series_0_0_mig/u_memc_ui_top_axi/mem_intfc0/ddr_phy_top0/u_ddr_mc_phy_wrapper/u_ddr_mc_phy/ddr_phy_4lanes_0.u_ddr_phy_4lanes/ddr_byte_lane_B.ddr_byte_lane_B/oserdes_clkdiv
    OUT_FIFO_X1Y5        OUT_FIFO                                     r  cnn_accelerator_system_i/mig_7series_0/u_cnn_accelerator_system_mig_7series_0_0_mig/u_memc_ui_top_axi/mem_intfc0/ddr_phy_top0/u_ddr_mc_phy_wrapper/u_ddr_mc_phy/ddr_phy_4lanes_0.u_ddr_phy_4lanes/ddr_byte_lane_B.ddr_byte_lane_B/out_fifo/RDCLK
                         clock pessimism              0.402    20.895
                         clock uncertainty           -0.056    20.840
    OUT_FIFO_X1Y5        OUT_FIFO (Setup_out_fifo_RDCLK_RDEN)
                                                     -0.651    20.189    cnn_accelerator_system_i/mig_7series_0/u_cnn_accelerator_system_mig_7series_0_0_mig/u_memc_ui_top_axi/mem_intfc0/ddr_phy_top0/u_ddr_mc_phy_wrapper/u_ddr_mc_phy/ddr_phy_4lanes_0.u_ddr_phy_4lanes/ddr_byte_lane_B.ddr_byte_lane_B/out_fifo
  -------------------------------------------------------------------
                         required time                         20.189
                         arrival time                         -18.009
  -------------------------------------------------------------------
                         slack                                  2.180





Min Delay Paths
--------------------------------------------------------------------------------------
Slack (MET) :             0.095ns  (arrival time - required time)
  Source:                 cnn_accelerator_system_i/mig_7series_0/u_cnn_accelerator_system_mig_7series_0_0_mig/u_memc_ui_top_axi/mem_intfc0/ddr_phy_top0/u_ddr_mc_phy_wrapper/u_ddr_mc_phy/ddr_phy_4lanes_0.u_ddr_phy_4lanes/ddr_byte_lane_B.ddr_byte_lane_B/phaser_out/OCLK
                            (rising edge-triggered cell PHASER_OUT_PHY clocked by oserdes_clk_1  {rise@0.000ns fall@1.538ns period=3.077ns})
  Destination:            cnn_accelerator_system_i/mig_7series_0/u_cnn_accelerator_system_mig_7series_0_0_mig/u_memc_ui_top_axi/mem_intfc0/ddr_phy_top0/u_ddr_mc_phy_wrapper/u_ddr_mc_phy/ddr_phy_4lanes_0.u_ddr_phy_4lanes/ddr_byte_lane_B.ddr_byte_lane_B/out_fifo/RDEN
                            (rising edge-triggered cell OUT_FIFO clocked by oserdes_clkdiv_1  {rise@0.000ns fall@6.154ns period=12.308ns})
  Path Group:             oserdes_clkdiv_1
  Path Type:              Hold (Min at Fast Process Corner)
  Requirement:            0.000ns  (oserdes_clkdiv_1 rise@0.000ns - oserdes_clk_1 rise@0.000ns)
  Data Path Delay:        0.172ns  (logic 0.172ns (100.000%)  route 0.000ns (0.000%))
  Logic Levels:           0
  Clock Path Skew:        0.088ns (DCD - SCD - CPR)
    Destination Clock Delay (DCD):    4.534ns
    Source Clock Delay      (SCD):    3.860ns
    Clock Pessimism Removal (CPR):    0.586ns

    Location             Delay type                Incr(ns)  Path(ns)    Netlist Resource(s)
  -------------------------------------------------------------------    -------------------
                         (clock oserdes_clk_1 rise edge)
                                                      0.000     0.000 r
    E3                                                0.000     0.000 r  CLK100MHZ (IN)
                         net (fo=0)                   0.000     0.000    CLK100MHZ
    E3                   IBUF (Prop_ibuf_I_O)         0.250     0.250 r  CLK100MHZ_IBUF_inst/O
                         net (fo=1, routed)           0.644     0.894    cnn_accelerator_system_i/util_ds_buf_0/U0/BUFG_I[0]
    BUFGCTRL_X0Y16       BUFG (Prop_bufg_I_O)         0.026     0.920 r  cnn_accelerator_system_i/util_ds_buf_0/U0/USE_BUFG.GEN_BUFG[0].BUFG_U/O
                         net (fo=2, routed)           0.566     1.485    cnn_accelerator_system_i/mig_7series_0/u_cnn_accelerator_system_mig_7series_0_0_mig/u_ddr3_infrastructure/mmcm_clk
    PLLE2_ADV_X1Y1       PLLE2_ADV (Prop_plle2_adv_CLKIN1_CLKOUT1)
                                                      0.050     1.535 r  cnn_accelerator_system_i/mig_7series_0/u_cnn_accelerator_system_mig_7series_0_0_mig/u_ddr3_infrastructure/plle2_i/CLKOUT1
                         net (fo=7, routed)           0.190     1.725    cnn_accelerator_system_i/mig_7series_0/u_cnn_accelerator_system_mig_7series_0_0_mig/u_memc_ui_top_axi/mem_intfc0/ddr_phy_top0/u_ddr_mc_phy_wrapper/u_ddr_mc_phy/ddr_phy_4lanes_0.u_ddr_phy_4lanes/ddr_byte_lane_B.ddr_byte_lane_B/mem_refclk
    PHASER_OUT_PHY_X1Y5  PHASER_OUT_PHY (Prop_phaser_out_phy_MEMREFCLK_OCLK)
                                                      2.135     3.860 r  cnn_accelerator_system_i/mig_7series_0/u_cnn_accelerator_system_mig_7series_0_0_mig/u_memc_ui_top_axi/mem_intfc0/ddr_phy_top0/u_ddr_mc_phy_wrapper/u_ddr_mc_phy/ddr_phy_4lanes_0.u_ddr_phy_4lanes/ddr_byte_lane_B.ddr_byte_lane_B/phaser_out/OCLK
  -------------------------------------------------------------------    -------------------
    PHASER_OUT_PHY_X1Y5  PHASER_OUT_PHY (Prop_phaser_out_phy_OCLK_RDENABLE)
                                                      0.172     4.032 r  cnn_accelerator_system_i/mig_7series_0/u_cnn_accelerator_system_mig_7series_0_0_mig/u_memc_ui_top_axi/mem_intfc0/ddr_phy_top0/u_ddr_mc_phy_wrapper/u_ddr_mc_phy/ddr_phy_4lanes_0.u_ddr_phy_4lanes/ddr_byte_lane_B.ddr_byte_lane_B/phaser_out/RDENABLE
                         net (fo=1, routed)           0.000     4.032    cnn_accelerator_system_i/mig_7series_0/u_cnn_accelerator_system_mig_7series_0_0_mig/u_memc_ui_top_axi/mem_intfc0/ddr_phy_top0/u_ddr_mc_phy_wrapper/u_ddr_mc_phy/ddr_phy_4lanes_0.u_ddr_phy_4lanes/ddr_byte_lane_B.ddr_byte_lane_B/po_rd_enable
    OUT_FIFO_X1Y5        OUT_FIFO                                     r  cnn_accelerator_system_i/mig_7series_0/u_cnn_accelerator_system_mig_7series_0_0_mig/u_memc_ui_top_axi/mem_intfc0/ddr_phy_top0/u_ddr_mc_phy_wrapper/u_ddr_mc_phy/ddr_phy_4lanes_0.u_ddr_phy_4lanes/ddr_byte_lane_B.ddr_byte_lane_B/out_fifo/RDEN
  -------------------------------------------------------------------    -------------------

                         (clock oserdes_clkdiv_1 rise edge)
                                                      0.000     0.000 r
    E3                                                0.000     0.000 r  CLK100MHZ (IN)
                         net (fo=0)                   0.000     0.000    CLK100MHZ
    E3                   IBUF (Prop_ibuf_I_O)         0.438     0.438 r  CLK100MHZ_IBUF_inst/O
                         net (fo=1, routed)           0.699     1.136    cnn_accelerator_system_i/util_ds_buf_0/U0/BUFG_I[0]
    BUFGCTRL_X0Y16       BUFG (Prop_bufg_I_O)         0.029     1.165 r  cnn_accelerator_system_i/util_ds_buf_0/U0/USE_BUFG.GEN_BUFG[0].BUFG_U/O
                         net (fo=2, routed)           0.835     2.000    cnn_accelerator_system_i/mig_7series_0/u_cnn_accelerator_system_mig_7series_0_0_mig/u_ddr3_infrastructure/mmcm_clk
    PLLE2_ADV_X1Y1       PLLE2_ADV (Prop_plle2_adv_CLKIN1_CLKOUT1)
                                                      0.053     2.053 r  cnn_accelerator_system_i/mig_7series_0/u_cnn_accelerator_system_mig_7series_0_0_mig/u_ddr3_infrastructure/plle2_i/CLKOUT1
                         net (fo=7, routed)           0.209     2.262    cnn_accelerator_system_i/mig_7series_0/u_cnn_accelerator_system_mig_7series_0_0_mig/u_memc_ui_top_axi/mem_intfc0/ddr_phy_top0/u_ddr_mc_phy_wrapper/u_ddr_mc_phy/ddr_phy_4lanes_0.u_ddr_phy_4lanes/ddr_byte_lane_B.ddr_byte_lane_B/mem_refclk
    PHASER_OUT_PHY_X1Y5  PHASER_OUT_PHY (Prop_phaser_out_phy_MEMREFCLK_OCLK)
                                                      2.184     4.446 r  cnn_accelerator_system_i/mig_7series_0/u_cnn_accelerator_system_mig_7series_0_0_mig/u_memc_ui_top_axi/mem_intfc0/ddr_phy_top0/u_ddr_mc_phy_wrapper/u_ddr_mc_phy/ddr_phy_4lanes_0.u_ddr_phy_4lanes/ddr_byte_lane_B.ddr_byte_lane_B/phaser_out/OCLK
    PHASER_OUT_PHY_X1Y5  PHASER_OUT_PHY (Prop_phaser_out_phy_OCLK_OCLKDIV)
                                                      0.088     4.534 r  cnn_accelerator_system_i/mig_7series_0/u_cnn_accelerator_system_mig_7series_0_0_mig/u_memc_ui_top_axi/mem_intfc0/ddr_phy_top0/u_ddr_mc_phy_wrapper/u_ddr_mc_phy/ddr_phy_4lanes_0.u_ddr_phy_4lanes/ddr_byte_lane_B.ddr_byte_lane_B/phaser_out/OCLKDIV
                         net (fo=13, routed)          0.000     4.534    cnn_accelerator_system_i/mig_7series_0/u_cnn_accelerator_system_mig_7series_0_0_mig/u_memc_ui_top_axi/mem_intfc0/ddr_phy_top0/u_ddr_mc_phy_wrapper/u_ddr_mc_phy/ddr_phy_4lanes_0.u_ddr_phy_4lanes/ddr_byte_lane_B.ddr_byte_lane_B/oserdes_clkdiv
    OUT_FIFO_X1Y5        OUT_FIFO                                     r  cnn_accelerator_system_i/mig_7series_0/u_cnn_accelerator_system_mig_7series_0_0_mig/u_memc_ui_top_axi/mem_intfc0/ddr_phy_top0/u_ddr_mc_phy_wrapper/u_ddr_mc_phy/ddr_phy_4lanes_0.u_ddr_phy_4lanes/ddr_byte_lane_B.ddr_byte_lane_B/out_fifo/RDCLK
                         clock pessimism             -0.586     3.948
    OUT_FIFO_X1Y5        OUT_FIFO (Hold_out_fifo_RDCLK_RDEN)
                                                     -0.011     3.937    cnn_accelerator_system_i/mig_7series_0/u_cnn_accelerator_system_mig_7series_0_0_mig/u_memc_ui_top_axi/mem_intfc0/ddr_phy_top0/u_ddr_mc_phy_wrapper/u_ddr_mc_phy/ddr_phy_4lanes_0.u_ddr_phy_4lanes/ddr_byte_lane_B.ddr_byte_lane_B/out_fifo
  -------------------------------------------------------------------
                         required time                         -3.937
                         arrival time                           4.032
  -------------------------------------------------------------------
                         slack                                  0.095





---------------------------------------------------------------------------------------------------
From Clock:  oserdes_clk_2
  To Clock:  oserdes_clkdiv_2

Setup :            0  Failing Endpoints,  Worst Slack        2.180ns,  Total Violation        0.000ns
Hold  :            0  Failing Endpoints,  Worst Slack        0.095ns,  Total Violation        0.000ns
---------------------------------------------------------------------------------------------------


Max Delay Paths
--------------------------------------------------------------------------------------
Slack (MET) :             2.180ns  (required time - arrival time)
  Source:                 cnn_accelerator_system_i/mig_7series_0/u_cnn_accelerator_system_mig_7series_0_0_mig/u_memc_ui_top_axi/mem_intfc0/ddr_phy_top0/u_ddr_mc_phy_wrapper/u_ddr_mc_phy/ddr_phy_4lanes_0.u_ddr_phy_4lanes/ddr_byte_lane_C.ddr_byte_lane_C/phaser_out/OCLK
                            (rising edge-triggered cell PHASER_OUT_PHY clocked by oserdes_clk_2  {rise@0.000ns fall@1.538ns period=3.077ns})
  Destination:            cnn_accelerator_system_i/mig_7series_0/u_cnn_accelerator_system_mig_7series_0_0_mig/u_memc_ui_top_axi/mem_intfc0/ddr_phy_top0/u_ddr_mc_phy_wrapper/u_ddr_mc_phy/ddr_phy_4lanes_0.u_ddr_phy_4lanes/ddr_byte_lane_C.ddr_byte_lane_C/out_fifo/RDEN
                            (rising edge-triggered cell OUT_FIFO clocked by oserdes_clkdiv_2  {rise@0.000ns fall@3.077ns period=6.154ns})
  Path Group:             oserdes_clkdiv_2
  Path Type:              Setup (Max at Slow Process Corner)
  Requirement:            3.077ns  (oserdes_clkdiv_2 rise@6.154ns - oserdes_clk_2 rise@3.077ns)
  Data Path Delay:        0.338ns  (logic 0.338ns (100.000%)  route 0.000ns (0.000%))
  Logic Levels:           0
  Clock Path Skew:        0.148ns (DCD - SCD + CPR)
    Destination Clock Delay (DCD):    8.196ns = ( 14.349 - 6.154 )
    Source Clock Delay      (SCD):    8.451ns = ( 11.528 - 3.077 )
    Clock Pessimism Removal (CPR):    0.403ns
  Clock Uncertainty:      0.056ns  ((TSJ^2 + DJ^2)^1/2) / 2 + PE
    Total System Jitter     (TSJ):    0.071ns
    Discrete Jitter          (DJ):    0.087ns
    Phase Error              (PE):    0.000ns

    Location             Delay type                Incr(ns)  Path(ns)    Netlist Resource(s)
  -------------------------------------------------------------------    -------------------
                         (clock oserdes_clk_2 rise edge)
                                                      3.077     3.077 r
    E3                                                0.000     3.077 r  CLK100MHZ (IN)
                         net (fo=0)                   0.000     3.077    CLK100MHZ
    E3                   IBUF (Prop_ibuf_I_O)         1.482     4.559 r  CLK100MHZ_IBUF_inst/O
                         net (fo=1, routed)           2.025     6.583    cnn_accelerator_system_i/util_ds_buf_0/U0/BUFG_I[0]
    BUFGCTRL_X0Y16       BUFG (Prop_bufg_I_O)         0.096     6.679 r  cnn_accelerator_system_i/util_ds_buf_0/U0/USE_BUFG.GEN_BUFG[0].BUFG_U/O
                         net (fo=2, routed)           1.666     8.346    cnn_accelerator_system_i/mig_7series_0/u_cnn_accelerator_system_mig_7series_0_0_mig/u_ddr3_infrastructure/mmcm_clk
    PLLE2_ADV_X1Y1       PLLE2_ADV (Prop_plle2_adv_CLKIN1_CLKOUT1)
                                                      0.088     8.434 r  cnn_accelerator_system_i/mig_7series_0/u_cnn_accelerator_system_mig_7series_0_0_mig/u_ddr3_infrastructure/plle2_i/CLKOUT1
                         net (fo=7, routed)           0.614     9.048    cnn_accelerator_system_i/mig_7series_0/u_cnn_accelerator_system_mig_7series_0_0_mig/u_memc_ui_top_axi/mem_intfc0/ddr_phy_top0/u_ddr_mc_phy_wrapper/u_ddr_mc_phy/ddr_phy_4lanes_0.u_ddr_phy_4lanes/ddr_byte_lane_C.ddr_byte_lane_C/mem_refclk
    PHASER_OUT_PHY_X1Y6  PHASER_OUT_PHY (Prop_phaser_out_phy_MEMREFCLK_OCLK)
                                                      2.480    11.528 r  cnn_accelerator_system_i/mig_7series_0/u_cnn_accelerator_system_mig_7series_0_0_mig/u_memc_ui_top_axi/mem_intfc0/ddr_phy_top0/u_ddr_mc_phy_wrapper/u_ddr_mc_phy/ddr_phy_4lanes_0.u_ddr_phy_4lanes/ddr_byte_lane_C.ddr_byte_lane_C/phaser_out/OCLK
  -------------------------------------------------------------------    -------------------
    PHASER_OUT_PHY_X1Y6  PHASER_OUT_PHY (Prop_phaser_out_phy_OCLK_RDENABLE)
                                                      0.338    11.866 r  cnn_accelerator_system_i/mig_7series_0/u_cnn_accelerator_system_mig_7series_0_0_mig/u_memc_ui_top_axi/mem_intfc0/ddr_phy_top0/u_ddr_mc_phy_wrapper/u_ddr_mc_phy/ddr_phy_4lanes_0.u_ddr_phy_4lanes/ddr_byte_lane_C.ddr_byte_lane_C/phaser_out/RDENABLE
                         net (fo=1, routed)           0.000    11.866    cnn_accelerator_system_i/mig_7series_0/u_cnn_accelerator_system_mig_7series_0_0_mig/u_memc_ui_top_axi/mem_intfc0/ddr_phy_top0/u_ddr_mc_phy_wrapper/u_ddr_mc_phy/ddr_phy_4lanes_0.u_ddr_phy_4lanes/ddr_byte_lane_C.ddr_byte_lane_C/po_rd_enable
    OUT_FIFO_X1Y6        OUT_FIFO                                     r  cnn_accelerator_system_i/mig_7series_0/u_cnn_accelerator_system_mig_7series_0_0_mig/u_memc_ui_top_axi/mem_intfc0/ddr_phy_top0/u_ddr_mc_phy_wrapper/u_ddr_mc_phy/ddr_phy_4lanes_0.u_ddr_phy_4lanes/ddr_byte_lane_C.ddr_byte_lane_C/out_fifo/RDEN
  -------------------------------------------------------------------    -------------------

                         (clock oserdes_clkdiv_2 rise edge)
                                                      6.154     6.154 r
    E3                                                0.000     6.154 r  CLK100MHZ (IN)
                         net (fo=0)                   0.000     6.154    CLK100MHZ
    E3                   IBUF (Prop_ibuf_I_O)         1.411     7.565 r  CLK100MHZ_IBUF_inst/O
                         net (fo=1, routed)           1.920     9.485    cnn_accelerator_system_i/util_ds_buf_0/U0/BUFG_I[0]
    BUFGCTRL_X0Y16       BUFG (Prop_bufg_I_O)         0.091     9.576 r  cnn_accelerator_system_i/util_ds_buf_0/U0/USE_BUFG.GEN_BUFG[0].BUFG_U/O
                         net (fo=2, routed)           1.544    11.120    cnn_accelerator_system_i/mig_7series_0/u_cnn_accelerator_system_mig_7series_0_0_mig/u_ddr3_infrastructure/mmcm_clk
    PLLE2_ADV_X1Y1       PLLE2_ADV (Prop_plle2_adv_CLKIN1_CLKOUT1)
                                                      0.083    11.203 r  cnn_accelerator_system_i/mig_7series_0/u_cnn_accelerator_system_mig_7series_0_0_mig/u_ddr3_infrastructure/plle2_i/CLKOUT1
                         net (fo=7, routed)           0.582    11.785    cnn_accelerator_system_i/mig_7series_0/u_cnn_accelerator_system_mig_7series_0_0_mig/u_memc_ui_top_axi/mem_intfc0/ddr_phy_top0/u_ddr_mc_phy_wrapper/u_ddr_mc_phy/ddr_phy_4lanes_0.u_ddr_phy_4lanes/ddr_byte_lane_C.ddr_byte_lane_C/mem_refclk
    PHASER_OUT_PHY_X1Y6  PHASER_OUT_PHY (Prop_phaser_out_phy_MEMREFCLK_OCLK)
                                                      2.416    14.201 r  cnn_accelerator_system_i/mig_7series_0/u_cnn_accelerator_system_mig_7series_0_0_mig/u_memc_ui_top_axi/mem_intfc0/ddr_phy_top0/u_ddr_mc_phy_wrapper/u_ddr_mc_phy/ddr_phy_4lanes_0.u_ddr_phy_4lanes/ddr_byte_lane_C.ddr_byte_lane_C/phaser_out/OCLK
    PHASER_OUT_PHY_X1Y6  PHASER_OUT_PHY (Prop_phaser_out_phy_OCLK_OCLKDIV)
                                                      0.148    14.349 r  cnn_accelerator_system_i/mig_7series_0/u_cnn_accelerator_system_mig_7series_0_0_mig/u_memc_ui_top_axi/mem_intfc0/ddr_phy_top0/u_ddr_mc_phy_wrapper/u_ddr_mc_phy/ddr_phy_4lanes_0.u_ddr_phy_4lanes/ddr_byte_lane_C.ddr_byte_lane_C/phaser_out/OCLKDIV
                         net (fo=11, routed)          0.000    14.349    cnn_accelerator_system_i/mig_7series_0/u_cnn_accelerator_system_mig_7series_0_0_mig/u_memc_ui_top_axi/mem_intfc0/ddr_phy_top0/u_ddr_mc_phy_wrapper/u_ddr_mc_phy/ddr_phy_4lanes_0.u_ddr_phy_4lanes/ddr_byte_lane_C.ddr_byte_lane_C/oserdes_clkdiv
    OUT_FIFO_X1Y6        OUT_FIFO                                     r  cnn_accelerator_system_i/mig_7series_0/u_cnn_accelerator_system_mig_7series_0_0_mig/u_memc_ui_top_axi/mem_intfc0/ddr_phy_top0/u_ddr_mc_phy_wrapper/u_ddr_mc_phy/ddr_phy_4lanes_0.u_ddr_phy_4lanes/ddr_byte_lane_C.ddr_byte_lane_C/out_fifo/RDCLK
                         clock pessimism              0.403    14.753
                         clock uncertainty           -0.056    14.697
    OUT_FIFO_X1Y6        OUT_FIFO (Setup_out_fifo_RDCLK_RDEN)
                                                     -0.651    14.046    cnn_accelerator_system_i/mig_7series_0/u_cnn_accelerator_system_mig_7series_0_0_mig/u_memc_ui_top_axi/mem_intfc0/ddr_phy_top0/u_ddr_mc_phy_wrapper/u_ddr_mc_phy/ddr_phy_4lanes_0.u_ddr_phy_4lanes/ddr_byte_lane_C.ddr_byte_lane_C/out_fifo
  -------------------------------------------------------------------
                         required time                         14.046
                         arrival time                         -11.866
  -------------------------------------------------------------------
                         slack                                  2.180





Min Delay Paths
--------------------------------------------------------------------------------------
Slack (MET) :             0.095ns  (arrival time - required time)
  Source:                 cnn_accelerator_system_i/mig_7series_0/u_cnn_accelerator_system_mig_7series_0_0_mig/u_memc_ui_top_axi/mem_intfc0/ddr_phy_top0/u_ddr_mc_phy_wrapper/u_ddr_mc_phy/ddr_phy_4lanes_0.u_ddr_phy_4lanes/ddr_byte_lane_C.ddr_byte_lane_C/phaser_out/OCLK
                            (rising edge-triggered cell PHASER_OUT_PHY clocked by oserdes_clk_2  {rise@0.000ns fall@1.538ns period=3.077ns})
  Destination:            cnn_accelerator_system_i/mig_7series_0/u_cnn_accelerator_system_mig_7series_0_0_mig/u_memc_ui_top_axi/mem_intfc0/ddr_phy_top0/u_ddr_mc_phy_wrapper/u_ddr_mc_phy/ddr_phy_4lanes_0.u_ddr_phy_4lanes/ddr_byte_lane_C.ddr_byte_lane_C/out_fifo/RDEN
                            (rising edge-triggered cell OUT_FIFO clocked by oserdes_clkdiv_2  {rise@0.000ns fall@3.077ns period=6.154ns})
  Path Group:             oserdes_clkdiv_2
  Path Type:              Hold (Min at Fast Process Corner)
  Requirement:            0.000ns  (oserdes_clkdiv_2 rise@0.000ns - oserdes_clk_2 rise@0.000ns)
  Data Path Delay:        0.172ns  (logic 0.172ns (100.000%)  route 0.000ns (0.000%))
  Logic Levels:           0
  Clock Path Skew:        0.088ns (DCD - SCD - CPR)
    Destination Clock Delay (DCD):    4.543ns
    Source Clock Delay      (SCD):    3.867ns
    Clock Pessimism Removal (CPR):    0.588ns

    Location             Delay type                Incr(ns)  Path(ns)    Netlist Resource(s)
  -------------------------------------------------------------------    -------------------
                         (clock oserdes_clk_2 rise edge)
                                                      0.000     0.000 r
    E3                                                0.000     0.000 r  CLK100MHZ (IN)
                         net (fo=0)                   0.000     0.000    CLK100MHZ
    E3                   IBUF (Prop_ibuf_I_O)         0.250     0.250 r  CLK100MHZ_IBUF_inst/O
                         net (fo=1, routed)           0.644     0.894    cnn_accelerator_system_i/util_ds_buf_0/U0/BUFG_I[0]
    BUFGCTRL_X0Y16       BUFG (Prop_bufg_I_O)         0.026     0.920 r  cnn_accelerator_system_i/util_ds_buf_0/U0/USE_BUFG.GEN_BUFG[0].BUFG_U/O
                         net (fo=2, routed)           0.566     1.485    cnn_accelerator_system_i/mig_7series_0/u_cnn_accelerator_system_mig_7series_0_0_mig/u_ddr3_infrastructure/mmcm_clk
    PLLE2_ADV_X1Y1       PLLE2_ADV (Prop_plle2_adv_CLKIN1_CLKOUT1)
                                                      0.050     1.535 r  cnn_accelerator_system_i/mig_7series_0/u_cnn_accelerator_system_mig_7series_0_0_mig/u_ddr3_infrastructure/plle2_i/CLKOUT1
                         net (fo=7, routed)           0.197     1.732    cnn_accelerator_system_i/mig_7series_0/u_cnn_accelerator_system_mig_7series_0_0_mig/u_memc_ui_top_axi/mem_intfc0/ddr_phy_top0/u_ddr_mc_phy_wrapper/u_ddr_mc_phy/ddr_phy_4lanes_0.u_ddr_phy_4lanes/ddr_byte_lane_C.ddr_byte_lane_C/mem_refclk
    PHASER_OUT_PHY_X1Y6  PHASER_OUT_PHY (Prop_phaser_out_phy_MEMREFCLK_OCLK)
                                                      2.135     3.867 r  cnn_accelerator_system_i/mig_7series_0/u_cnn_accelerator_system_mig_7series_0_0_mig/u_memc_ui_top_axi/mem_intfc0/ddr_phy_top0/u_ddr_mc_phy_wrapper/u_ddr_mc_phy/ddr_phy_4lanes_0.u_ddr_phy_4lanes/ddr_byte_lane_C.ddr_byte_lane_C/phaser_out/OCLK
  -------------------------------------------------------------------    -------------------
    PHASER_OUT_PHY_X1Y6  PHASER_OUT_PHY (Prop_phaser_out_phy_OCLK_RDENABLE)
                                                      0.172     4.039 r  cnn_accelerator_system_i/mig_7series_0/u_cnn_accelerator_system_mig_7series_0_0_mig/u_memc_ui_top_axi/mem_intfc0/ddr_phy_top0/u_ddr_mc_phy_wrapper/u_ddr_mc_phy/ddr_phy_4lanes_0.u_ddr_phy_4lanes/ddr_byte_lane_C.ddr_byte_lane_C/phaser_out/RDENABLE
                         net (fo=1, routed)           0.000     4.039    cnn_accelerator_system_i/mig_7series_0/u_cnn_accelerator_system_mig_7series_0_0_mig/u_memc_ui_top_axi/mem_intfc0/ddr_phy_top0/u_ddr_mc_phy_wrapper/u_ddr_mc_phy/ddr_phy_4lanes_0.u_ddr_phy_4lanes/ddr_byte_lane_C.ddr_byte_lane_C/po_rd_enable
    OUT_FIFO_X1Y6        OUT_FIFO                                     r  cnn_accelerator_system_i/mig_7series_0/u_cnn_accelerator_system_mig_7series_0_0_mig/u_memc_ui_top_axi/mem_intfc0/ddr_phy_top0/u_ddr_mc_phy_wrapper/u_ddr_mc_phy/ddr_phy_4lanes_0.u_ddr_phy_4lanes/ddr_byte_lane_C.ddr_byte_lane_C/out_fifo/RDEN
  -------------------------------------------------------------------    -------------------

                         (clock oserdes_clkdiv_2 rise edge)
                                                      0.000     0.000 r
    E3                                                0.000     0.000 r  CLK100MHZ (IN)
                         net (fo=0)                   0.000     0.000    CLK100MHZ
    E3                   IBUF (Prop_ibuf_I_O)         0.438     0.438 r  CLK100MHZ_IBUF_inst/O
                         net (fo=1, routed)           0.699     1.136    cnn_accelerator_system_i/util_ds_buf_0/U0/BUFG_I[0]
    BUFGCTRL_X0Y16       BUFG (Prop_bufg_I_O)         0.029     1.165 r  cnn_accelerator_system_i/util_ds_buf_0/U0/USE_BUFG.GEN_BUFG[0].BUFG_U/O
                         net (fo=2, routed)           0.835     2.000    cnn_accelerator_system_i/mig_7series_0/u_cnn_accelerator_system_mig_7series_0_0_mig/u_ddr3_infrastructure/mmcm_clk
    PLLE2_ADV_X1Y1       PLLE2_ADV (Prop_plle2_adv_CLKIN1_CLKOUT1)
                                                      0.053     2.053 r  cnn_accelerator_system_i/mig_7series_0/u_cnn_accelerator_system_mig_7series_0_0_mig/u_ddr3_infrastructure/plle2_i/CLKOUT1
                         net (fo=7, routed)           0.218     2.271    cnn_accelerator_system_i/mig_7series_0/u_cnn_accelerator_system_mig_7series_0_0_mig/u_memc_ui_top_axi/mem_intfc0/ddr_phy_top0/u_ddr_mc_phy_wrapper/u_ddr_mc_phy/ddr_phy_4lanes_0.u_ddr_phy_4lanes/ddr_byte_lane_C.ddr_byte_lane_C/mem_refclk
    PHASER_OUT_PHY_X1Y6  PHASER_OUT_PHY (Prop_phaser_out_phy_MEMREFCLK_OCLK)
                                                      2.184     4.455 r  cnn_accelerator_system_i/mig_7series_0/u_cnn_accelerator_system_mig_7series_0_0_mig/u_memc_ui_top_axi/mem_intfc0/ddr_phy_top0/u_ddr_mc_phy_wrapper/u_ddr_mc_phy/ddr_phy_4lanes_0.u_ddr_phy_4lanes/ddr_byte_lane_C.ddr_byte_lane_C/phaser_out/OCLK
    PHASER_OUT_PHY_X1Y6  PHASER_OUT_PHY (Prop_phaser_out_phy_OCLK_OCLKDIV)
                                                      0.088     4.543 r  cnn_accelerator_system_i/mig_7series_0/u_cnn_accelerator_system_mig_7series_0_0_mig/u_memc_ui_top_axi/mem_intfc0/ddr_phy_top0/u_ddr_mc_phy_wrapper/u_ddr_mc_phy/ddr_phy_4lanes_0.u_ddr_phy_4lanes/ddr_byte_lane_C.ddr_byte_lane_C/phaser_out/OCLKDIV
                         net (fo=11, routed)          0.000     4.543    cnn_accelerator_system_i/mig_7series_0/u_cnn_accelerator_system_mig_7series_0_0_mig/u_memc_ui_top_axi/mem_intfc0/ddr_phy_top0/u_ddr_mc_phy_wrapper/u_ddr_mc_phy/ddr_phy_4lanes_0.u_ddr_phy_4lanes/ddr_byte_lane_C.ddr_byte_lane_C/oserdes_clkdiv
    OUT_FIFO_X1Y6        OUT_FIFO                                     r  cnn_accelerator_system_i/mig_7series_0/u_cnn_accelerator_system_mig_7series_0_0_mig/u_memc_ui_top_axi/mem_intfc0/ddr_phy_top0/u_ddr_mc_phy_wrapper/u_ddr_mc_phy/ddr_phy_4lanes_0.u_ddr_phy_4lanes/ddr_byte_lane_C.ddr_byte_lane_C/out_fifo/RDCLK
                         clock pessimism             -0.588     3.955
    OUT_FIFO_X1Y6        OUT_FIFO (Hold_out_fifo_RDCLK_RDEN)
                                                     -0.011     3.944    cnn_accelerator_system_i/mig_7series_0/u_cnn_accelerator_system_mig_7series_0_0_mig/u_memc_ui_top_axi/mem_intfc0/ddr_phy_top0/u_ddr_mc_phy_wrapper/u_ddr_mc_phy/ddr_phy_4lanes_0.u_ddr_phy_4lanes/ddr_byte_lane_C.ddr_byte_lane_C/out_fifo
  -------------------------------------------------------------------
                         required time                         -3.944
                         arrival time                           4.039
  -------------------------------------------------------------------
                         slack                                  0.095





---------------------------------------------------------------------------------------------------
From Clock:  oserdes_clk_3
  To Clock:  oserdes_clkdiv_3

Setup :            0  Failing Endpoints,  Worst Slack        2.180ns,  Total Violation        0.000ns
Hold  :            0  Failing Endpoints,  Worst Slack        0.095ns,  Total Violation        0.000ns
---------------------------------------------------------------------------------------------------


Max Delay Paths
--------------------------------------------------------------------------------------
Slack (MET) :             2.180ns  (required time - arrival time)
  Source:                 cnn_accelerator_system_i/mig_7series_0/u_cnn_accelerator_system_mig_7series_0_0_mig/u_memc_ui_top_axi/mem_intfc0/ddr_phy_top0/u_ddr_mc_phy_wrapper/u_ddr_mc_phy/ddr_phy_4lanes_0.u_ddr_phy_4lanes/ddr_byte_lane_D.ddr_byte_lane_D/phaser_out/OCLK
                            (rising edge-triggered cell PHASER_OUT_PHY clocked by oserdes_clk_3  {rise@0.000ns fall@1.538ns period=3.077ns})
  Destination:            cnn_accelerator_system_i/mig_7series_0/u_cnn_accelerator_system_mig_7series_0_0_mig/u_memc_ui_top_axi/mem_intfc0/ddr_phy_top0/u_ddr_mc_phy_wrapper/u_ddr_mc_phy/ddr_phy_4lanes_0.u_ddr_phy_4lanes/ddr_byte_lane_D.ddr_byte_lane_D/out_fifo/RDEN
                            (rising edge-triggered cell OUT_FIFO clocked by oserdes_clkdiv_3  {rise@0.000ns fall@3.077ns period=6.154ns})
  Path Group:             oserdes_clkdiv_3
  Path Type:              Setup (Max at Slow Process Corner)
  Requirement:            3.077ns  (oserdes_clkdiv_3 rise@6.154ns - oserdes_clk_3 rise@3.077ns)
  Data Path Delay:        0.338ns  (logic 0.338ns (100.000%)  route 0.000ns (0.000%))
  Logic Levels:           0
  Clock Path Skew:        0.148ns (DCD - SCD + CPR)
    Destination Clock Delay (DCD):    8.186ns = ( 14.339 - 6.154 )
    Source Clock Delay      (SCD):    8.440ns = ( 11.517 - 3.077 )
    Clock Pessimism Removal (CPR):    0.402ns
  Clock Uncertainty:      0.056ns  ((TSJ^2 + DJ^2)^1/2) / 2 + PE
    Total System Jitter     (TSJ):    0.071ns
    Discrete Jitter          (DJ):    0.087ns
    Phase Error              (PE):    0.000ns

    Location             Delay type                Incr(ns)  Path(ns)    Netlist Resource(s)
  -------------------------------------------------------------------    -------------------
                         (clock oserdes_clk_3 rise edge)
                                                      3.077     3.077 r
    E3                                                0.000     3.077 r  CLK100MHZ (IN)
                         net (fo=0)                   0.000     3.077    CLK100MHZ
    E3                   IBUF (Prop_ibuf_I_O)         1.482     4.559 r  CLK100MHZ_IBUF_inst/O
                         net (fo=1, routed)           2.025     6.583    cnn_accelerator_system_i/util_ds_buf_0/U0/BUFG_I[0]
    BUFGCTRL_X0Y16       BUFG (Prop_bufg_I_O)         0.096     6.679 r  cnn_accelerator_system_i/util_ds_buf_0/U0/USE_BUFG.GEN_BUFG[0].BUFG_U/O
                         net (fo=2, routed)           1.666     8.346    cnn_accelerator_system_i/mig_7series_0/u_cnn_accelerator_system_mig_7series_0_0_mig/u_ddr3_infrastructure/mmcm_clk
    PLLE2_ADV_X1Y1       PLLE2_ADV (Prop_plle2_adv_CLKIN1_CLKOUT1)
                                                      0.088     8.434 r  cnn_accelerator_system_i/mig_7series_0/u_cnn_accelerator_system_mig_7series_0_0_mig/u_ddr3_infrastructure/plle2_i/CLKOUT1
                         net (fo=7, routed)           0.603     9.037    cnn_accelerator_system_i/mig_7series_0/u_cnn_accelerator_system_mig_7series_0_0_mig/u_memc_ui_top_axi/mem_intfc0/ddr_phy_top0/u_ddr_mc_phy_wrapper/u_ddr_mc_phy/ddr_phy_4lanes_0.u_ddr_phy_4lanes/ddr_byte_lane_D.ddr_byte_lane_D/mem_refclk
    PHASER_OUT_PHY_X1Y7  PHASER_OUT_PHY (Prop_phaser_out_phy_MEMREFCLK_OCLK)
                                                      2.480    11.517 r  cnn_accelerator_system_i/mig_7series_0/u_cnn_accelerator_system_mig_7series_0_0_mig/u_memc_ui_top_axi/mem_intfc0/ddr_phy_top0/u_ddr_mc_phy_wrapper/u_ddr_mc_phy/ddr_phy_4lanes_0.u_ddr_phy_4lanes/ddr_byte_lane_D.ddr_byte_lane_D/phaser_out/OCLK
  -------------------------------------------------------------------    -------------------
    PHASER_OUT_PHY_X1Y7  PHASER_OUT_PHY (Prop_phaser_out_phy_OCLK_RDENABLE)
                                                      0.338    11.855 r  cnn_accelerator_system_i/mig_7series_0/u_cnn_accelerator_system_mig_7series_0_0_mig/u_memc_ui_top_axi/mem_intfc0/ddr_phy_top0/u_ddr_mc_phy_wrapper/u_ddr_mc_phy/ddr_phy_4lanes_0.u_ddr_phy_4lanes/ddr_byte_lane_D.ddr_byte_lane_D/phaser_out/RDENABLE
                         net (fo=1, routed)           0.000    11.855    cnn_accelerator_system_i/mig_7series_0/u_cnn_accelerator_system_mig_7series_0_0_mig/u_memc_ui_top_axi/mem_intfc0/ddr_phy_top0/u_ddr_mc_phy_wrapper/u_ddr_mc_phy/ddr_phy_4lanes_0.u_ddr_phy_4lanes/ddr_byte_lane_D.ddr_byte_lane_D/po_rd_enable
    OUT_FIFO_X1Y7        OUT_FIFO                                     r  cnn_accelerator_system_i/mig_7series_0/u_cnn_accelerator_system_mig_7series_0_0_mig/u_memc_ui_top_axi/mem_intfc0/ddr_phy_top0/u_ddr_mc_phy_wrapper/u_ddr_mc_phy/ddr_phy_4lanes_0.u_ddr_phy_4lanes/ddr_byte_lane_D.ddr_byte_lane_D/out_fifo/RDEN
  -------------------------------------------------------------------    -------------------

                         (clock oserdes_clkdiv_3 rise edge)
                                                      6.154     6.154 r
    E3                                                0.000     6.154 r  CLK100MHZ (IN)
                         net (fo=0)                   0.000     6.154    CLK100MHZ
    E3                   IBUF (Prop_ibuf_I_O)         1.411     7.565 r  CLK100MHZ_IBUF_inst/O
                         net (fo=1, routed)           1.920     9.485    cnn_accelerator_system_i/util_ds_buf_0/U0/BUFG_I[0]
    BUFGCTRL_X0Y16       BUFG (Prop_bufg_I_O)         0.091     9.576 r  cnn_accelerator_system_i/util_ds_buf_0/U0/USE_BUFG.GEN_BUFG[0].BUFG_U/O
                         net (fo=2, routed)           1.544    11.120    cnn_accelerator_system_i/mig_7series_0/u_cnn_accelerator_system_mig_7series_0_0_mig/u_ddr3_infrastructure/mmcm_clk
    PLLE2_ADV_X1Y1       PLLE2_ADV (Prop_plle2_adv_CLKIN1_CLKOUT1)
                                                      0.083    11.203 r  cnn_accelerator_system_i/mig_7series_0/u_cnn_accelerator_system_mig_7series_0_0_mig/u_ddr3_infrastructure/plle2_i/CLKOUT1
                         net (fo=7, routed)           0.572    11.775    cnn_accelerator_system_i/mig_7series_0/u_cnn_accelerator_system_mig_7series_0_0_mig/u_memc_ui_top_axi/mem_intfc0/ddr_phy_top0/u_ddr_mc_phy_wrapper/u_ddr_mc_phy/ddr_phy_4lanes_0.u_ddr_phy_4lanes/ddr_byte_lane_D.ddr_byte_lane_D/mem_refclk
    PHASER_OUT_PHY_X1Y7  PHASER_OUT_PHY (Prop_phaser_out_phy_MEMREFCLK_OCLK)
                                                      2.416    14.191 r  cnn_accelerator_system_i/mig_7series_0/u_cnn_accelerator_system_mig_7series_0_0_mig/u_memc_ui_top_axi/mem_intfc0/ddr_phy_top0/u_ddr_mc_phy_wrapper/u_ddr_mc_phy/ddr_phy_4lanes_0.u_ddr_phy_4lanes/ddr_byte_lane_D.ddr_byte_lane_D/phaser_out/OCLK
    PHASER_OUT_PHY_X1Y7  PHASER_OUT_PHY (Prop_phaser_out_phy_OCLK_OCLKDIV)
                                                      0.148    14.339 r  cnn_accelerator_system_i/mig_7series_0/u_cnn_accelerator_system_mig_7series_0_0_mig/u_memc_ui_top_axi/mem_intfc0/ddr_phy_top0/u_ddr_mc_phy_wrapper/u_ddr_mc_phy/ddr_phy_4lanes_0.u_ddr_phy_4lanes/ddr_byte_lane_D.ddr_byte_lane_D/phaser_out/OCLKDIV
                         net (fo=11, routed)          0.000    14.339    cnn_accelerator_system_i/mig_7series_0/u_cnn_accelerator_system_mig_7series_0_0_mig/u_memc_ui_top_axi/mem_intfc0/ddr_phy_top0/u_ddr_mc_phy_wrapper/u_ddr_mc_phy/ddr_phy_4lanes_0.u_ddr_phy_4lanes/ddr_byte_lane_D.ddr_byte_lane_D/oserdes_clkdiv
    OUT_FIFO_X1Y7        OUT_FIFO                                     r  cnn_accelerator_system_i/mig_7series_0/u_cnn_accelerator_system_mig_7series_0_0_mig/u_memc_ui_top_axi/mem_intfc0/ddr_phy_top0/u_ddr_mc_phy_wrapper/u_ddr_mc_phy/ddr_phy_4lanes_0.u_ddr_phy_4lanes/ddr_byte_lane_D.ddr_byte_lane_D/out_fifo/RDCLK
                         clock pessimism              0.402    14.742
                         clock uncertainty           -0.056    14.686
    OUT_FIFO_X1Y7        OUT_FIFO (Setup_out_fifo_RDCLK_RDEN)
                                                     -0.651    14.035    cnn_accelerator_system_i/mig_7series_0/u_cnn_accelerator_system_mig_7series_0_0_mig/u_memc_ui_top_axi/mem_intfc0/ddr_phy_top0/u_ddr_mc_phy_wrapper/u_ddr_mc_phy/ddr_phy_4lanes_0.u_ddr_phy_4lanes/ddr_byte_lane_D.ddr_byte_lane_D/out_fifo
  -------------------------------------------------------------------
                         required time                         14.035
                         arrival time                         -11.855
  -------------------------------------------------------------------
                         slack                                  2.180





Min Delay Paths
--------------------------------------------------------------------------------------
Slack (MET) :             0.095ns  (arrival time - required time)
  Source:                 cnn_accelerator_system_i/mig_7series_0/u_cnn_accelerator_system_mig_7series_0_0_mig/u_memc_ui_top_axi/mem_intfc0/ddr_phy_top0/u_ddr_mc_phy_wrapper/u_ddr_mc_phy/ddr_phy_4lanes_0.u_ddr_phy_4lanes/ddr_byte_lane_D.ddr_byte_lane_D/phaser_out/OCLK
                            (rising edge-triggered cell PHASER_OUT_PHY clocked by oserdes_clk_3  {rise@0.000ns fall@1.538ns period=3.077ns})
  Destination:            cnn_accelerator_system_i/mig_7series_0/u_cnn_accelerator_system_mig_7series_0_0_mig/u_memc_ui_top_axi/mem_intfc0/ddr_phy_top0/u_ddr_mc_phy_wrapper/u_ddr_mc_phy/ddr_phy_4lanes_0.u_ddr_phy_4lanes/ddr_byte_lane_D.ddr_byte_lane_D/out_fifo/RDEN
                            (rising edge-triggered cell OUT_FIFO clocked by oserdes_clkdiv_3  {rise@0.000ns fall@3.077ns period=6.154ns})
  Path Group:             oserdes_clkdiv_3
  Path Type:              Hold (Min at Fast Process Corner)
  Requirement:            0.000ns  (oserdes_clkdiv_3 rise@0.000ns - oserdes_clk_3 rise@0.000ns)
  Data Path Delay:        0.172ns  (logic 0.172ns (100.000%)  route 0.000ns (0.000%))
  Logic Levels:           0
  Clock Path Skew:        0.088ns (DCD - SCD - CPR)
    Destination Clock Delay (DCD):    4.534ns
    Source Clock Delay      (SCD):    3.860ns
    Clock Pessimism Removal (CPR):    0.586ns

    Location             Delay type                Incr(ns)  Path(ns)    Netlist Resource(s)
  -------------------------------------------------------------------    -------------------
                         (clock oserdes_clk_3 rise edge)
                                                      0.000     0.000 r
    E3                                                0.000     0.000 r  CLK100MHZ (IN)
                         net (fo=0)                   0.000     0.000    CLK100MHZ
    E3                   IBUF (Prop_ibuf_I_O)         0.250     0.250 r  CLK100MHZ_IBUF_inst/O
                         net (fo=1, routed)           0.644     0.894    cnn_accelerator_system_i/util_ds_buf_0/U0/BUFG_I[0]
    BUFGCTRL_X0Y16       BUFG (Prop_bufg_I_O)         0.026     0.920 r  cnn_accelerator_system_i/util_ds_buf_0/U0/USE_BUFG.GEN_BUFG[0].BUFG_U/O
                         net (fo=2, routed)           0.566     1.485    cnn_accelerator_system_i/mig_7series_0/u_cnn_accelerator_system_mig_7series_0_0_mig/u_ddr3_infrastructure/mmcm_clk
    PLLE2_ADV_X1Y1       PLLE2_ADV (Prop_plle2_adv_CLKIN1_CLKOUT1)
                                                      0.050     1.535 r  cnn_accelerator_system_i/mig_7series_0/u_cnn_accelerator_system_mig_7series_0_0_mig/u_ddr3_infrastructure/plle2_i/CLKOUT1
                         net (fo=7, routed)           0.190     1.725    cnn_accelerator_system_i/mig_7series_0/u_cnn_accelerator_system_mig_7series_0_0_mig/u_memc_ui_top_axi/mem_intfc0/ddr_phy_top0/u_ddr_mc_phy_wrapper/u_ddr_mc_phy/ddr_phy_4lanes_0.u_ddr_phy_4lanes/ddr_byte_lane_D.ddr_byte_lane_D/mem_refclk
    PHASER_OUT_PHY_X1Y7  PHASER_OUT_PHY (Prop_phaser_out_phy_MEMREFCLK_OCLK)
                                                      2.135     3.860 r  cnn_accelerator_system_i/mig_7series_0/u_cnn_accelerator_system_mig_7series_0_0_mig/u_memc_ui_top_axi/mem_intfc0/ddr_phy_top0/u_ddr_mc_phy_wrapper/u_ddr_mc_phy/ddr_phy_4lanes_0.u_ddr_phy_4lanes/ddr_byte_lane_D.ddr_byte_lane_D/phaser_out/OCLK
  -------------------------------------------------------------------    -------------------
    PHASER_OUT_PHY_X1Y7  PHASER_OUT_PHY (Prop_phaser_out_phy_OCLK_RDENABLE)
                                                      0.172     4.032 r  cnn_accelerator_system_i/mig_7series_0/u_cnn_accelerator_system_mig_7series_0_0_mig/u_memc_ui_top_axi/mem_intfc0/ddr_phy_top0/u_ddr_mc_phy_wrapper/u_ddr_mc_phy/ddr_phy_4lanes_0.u_ddr_phy_4lanes/ddr_byte_lane_D.ddr_byte_lane_D/phaser_out/RDENABLE
                         net (fo=1, routed)           0.000     4.032    cnn_accelerator_system_i/mig_7series_0/u_cnn_accelerator_system_mig_7series_0_0_mig/u_memc_ui_top_axi/mem_intfc0/ddr_phy_top0/u_ddr_mc_phy_wrapper/u_ddr_mc_phy/ddr_phy_4lanes_0.u_ddr_phy_4lanes/ddr_byte_lane_D.ddr_byte_lane_D/po_rd_enable
    OUT_FIFO_X1Y7        OUT_FIFO                                     r  cnn_accelerator_system_i/mig_7series_0/u_cnn_accelerator_system_mig_7series_0_0_mig/u_memc_ui_top_axi/mem_intfc0/ddr_phy_top0/u_ddr_mc_phy_wrapper/u_ddr_mc_phy/ddr_phy_4lanes_0.u_ddr_phy_4lanes/ddr_byte_lane_D.ddr_byte_lane_D/out_fifo/RDEN
  -------------------------------------------------------------------    -------------------

                         (clock oserdes_clkdiv_3 rise edge)
                                                      0.000     0.000 r
    E3                                                0.000     0.000 r  CLK100MHZ (IN)
                         net (fo=0)                   0.000     0.000    CLK100MHZ
    E3                   IBUF (Prop_ibuf_I_O)         0.438     0.438 r  CLK100MHZ_IBUF_inst/O
                         net (fo=1, routed)           0.699     1.136    cnn_accelerator_system_i/util_ds_buf_0/U0/BUFG_I[0]
    BUFGCTRL_X0Y16       BUFG (Prop_bufg_I_O)         0.029     1.165 r  cnn_accelerator_system_i/util_ds_buf_0/U0/USE_BUFG.GEN_BUFG[0].BUFG_U/O
                         net (fo=2, routed)           0.835     2.000    cnn_accelerator_system_i/mig_7series_0/u_cnn_accelerator_system_mig_7series_0_0_mig/u_ddr3_infrastructure/mmcm_clk
    PLLE2_ADV_X1Y1       PLLE2_ADV (Prop_plle2_adv_CLKIN1_CLKOUT1)
                                                      0.053     2.053 r  cnn_accelerator_system_i/mig_7series_0/u_cnn_accelerator_system_mig_7series_0_0_mig/u_ddr3_infrastructure/plle2_i/CLKOUT1
                         net (fo=7, routed)           0.209     2.262    cnn_accelerator_system_i/mig_7series_0/u_cnn_accelerator_system_mig_7series_0_0_mig/u_memc_ui_top_axi/mem_intfc0/ddr_phy_top0/u_ddr_mc_phy_wrapper/u_ddr_mc_phy/ddr_phy_4lanes_0.u_ddr_phy_4lanes/ddr_byte_lane_D.ddr_byte_lane_D/mem_refclk
    PHASER_OUT_PHY_X1Y7  PHASER_OUT_PHY (Prop_phaser_out_phy_MEMREFCLK_OCLK)
                                                      2.184     4.446 r  cnn_accelerator_system_i/mig_7series_0/u_cnn_accelerator_system_mig_7series_0_0_mig/u_memc_ui_top_axi/mem_intfc0/ddr_phy_top0/u_ddr_mc_phy_wrapper/u_ddr_mc_phy/ddr_phy_4lanes_0.u_ddr_phy_4lanes/ddr_byte_lane_D.ddr_byte_lane_D/phaser_out/OCLK
    PHASER_OUT_PHY_X1Y7  PHASER_OUT_PHY (Prop_phaser_out_phy_OCLK_OCLKDIV)
                                                      0.088     4.534 r  cnn_accelerator_system_i/mig_7series_0/u_cnn_accelerator_system_mig_7series_0_0_mig/u_memc_ui_top_axi/mem_intfc0/ddr_phy_top0/u_ddr_mc_phy_wrapper/u_ddr_mc_phy/ddr_phy_4lanes_0.u_ddr_phy_4lanes/ddr_byte_lane_D.ddr_byte_lane_D/phaser_out/OCLKDIV
                         net (fo=11, routed)          0.000     4.534    cnn_accelerator_system_i/mig_7series_0/u_cnn_accelerator_system_mig_7series_0_0_mig/u_memc_ui_top_axi/mem_intfc0/ddr_phy_top0/u_ddr_mc_phy_wrapper/u_ddr_mc_phy/ddr_phy_4lanes_0.u_ddr_phy_4lanes/ddr_byte_lane_D.ddr_byte_lane_D/oserdes_clkdiv
    OUT_FIFO_X1Y7        OUT_FIFO                                     r  cnn_accelerator_system_i/mig_7series_0/u_cnn_accelerator_system_mig_7series_0_0_mig/u_memc_ui_top_axi/mem_intfc0/ddr_phy_top0/u_ddr_mc_phy_wrapper/u_ddr_mc_phy/ddr_phy_4lanes_0.u_ddr_phy_4lanes/ddr_byte_lane_D.ddr_byte_lane_D/out_fifo/RDCLK
                         clock pessimism             -0.586     3.948
    OUT_FIFO_X1Y7        OUT_FIFO (Hold_out_fifo_RDCLK_RDEN)
                                                     -0.011     3.937    cnn_accelerator_system_i/mig_7series_0/u_cnn_accelerator_system_mig_7series_0_0_mig/u_memc_ui_top_axi/mem_intfc0/ddr_phy_top0/u_ddr_mc_phy_wrapper/u_ddr_mc_phy/ddr_phy_4lanes_0.u_ddr_phy_4lanes/ddr_byte_lane_D.ddr_byte_lane_D/out_fifo
  -------------------------------------------------------------------
                         required time                         -3.937
                         arrival time                           4.032
  -------------------------------------------------------------------
                         slack                                  0.095





---------------------------------------------------------------------------------------------------
From Clock:  clk_out1_cnn_accelerator_system_clk_wiz_0_0
  To Clock:  clk_pll_i

Setup :            0  Failing Endpoints,  Worst Slack        8.401ns,  Total Violation        0.000ns
Hold  :           NA  Failing Endpoints,  Worst Slack           NA  ,  Total Violation           NA
---------------------------------------------------------------------------------------------------


Max Delay Paths
--------------------------------------------------------------------------------------
Slack (MET) :             8.401ns  (required time - arrival time)
  Source:                 cnn_accelerator_system_i/ram_interconnect/m00_couplers/auto_cc/inst/gen_clock_conv.gen_async_conv.asyncfifo_axi/inst_fifo_gen/gaxi_full_lite.gwrite_ch.gwdch2.axi_wdch/grf.rf/gntv_or_sync_fifo.gcx.clkx/wr_pntr_cdc_inst/src_gray_ff_reg[0]/C
                            (rising edge-triggered cell FDRE clocked by clk_out1_cnn_accelerator_system_clk_wiz_0_0  {rise@0.000ns fall@5.000ns period=10.000ns})
  Destination:            cnn_accelerator_system_i/ram_interconnect/m00_couplers/auto_cc/inst/gen_clock_conv.gen_async_conv.asyncfifo_axi/inst_fifo_gen/gaxi_full_lite.gwrite_ch.gwdch2.axi_wdch/grf.rf/gntv_or_sync_fifo.gcx.clkx/wr_pntr_cdc_inst/dest_graysync_ff_reg[0][0]/D
                            (rising edge-triggered cell FDRE clocked by clk_pll_i  {rise@0.000ns fall@6.154ns period=12.308ns})
  Path Group:             clk_pll_i
  Path Type:              Setup (Max at Slow Process Corner)
  Requirement:            10.000ns  (MaxDelay Path 10.000ns)
  Data Path Delay:        1.541ns  (logic 0.456ns (29.587%)  route 1.085ns (70.413%))
  Logic Levels:           0
  Timing Exception:       MaxDelay Path 10.000ns -datapath_only

    Location             Delay type                Incr(ns)  Path(ns)    Netlist Resource(s)
  -------------------------------------------------------------------    -------------------
    SLICE_X37Y123                                     0.000     0.000 r  cnn_accelerator_system_i/ram_interconnect/m00_couplers/auto_cc/inst/gen_clock_conv.gen_async_conv.asyncfifo_axi/inst_fifo_gen/gaxi_full_lite.gwrite_ch.gwdch2.axi_wdch/grf.rf/gntv_or_sync_fifo.gcx.clkx/wr_pntr_cdc_inst/src_gray_ff_reg[0]/C
    SLICE_X37Y123        FDRE (Prop_fdre_C_Q)         0.456     0.456 r  cnn_accelerator_system_i/ram_interconnect/m00_couplers/auto_cc/inst/gen_clock_conv.gen_async_conv.asyncfifo_axi/inst_fifo_gen/gaxi_full_lite.gwrite_ch.gwdch2.axi_wdch/grf.rf/gntv_or_sync_fifo.gcx.clkx/wr_pntr_cdc_inst/src_gray_ff_reg[0]/Q
                         net (fo=1, routed)           1.085     1.541    cnn_accelerator_system_i/ram_interconnect/m00_couplers/auto_cc/inst/gen_clock_conv.gen_async_conv.asyncfifo_axi/inst_fifo_gen/gaxi_full_lite.gwrite_ch.gwdch2.axi_wdch/grf.rf/gntv_or_sync_fifo.gcx.clkx/wr_pntr_cdc_inst/async_path[0]
    SLICE_X39Y137        FDRE                                         r  cnn_accelerator_system_i/ram_interconnect/m00_couplers/auto_cc/inst/gen_clock_conv.gen_async_conv.asyncfifo_axi/inst_fifo_gen/gaxi_full_lite.gwrite_ch.gwdch2.axi_wdch/grf.rf/gntv_or_sync_fifo.gcx.clkx/wr_pntr_cdc_inst/dest_graysync_ff_reg[0][0]/D
  -------------------------------------------------------------------    -------------------

                         max delay                   10.000    10.000
    SLICE_X39Y137        FDRE (Setup_fdre_C_D)       -0.058     9.942    cnn_accelerator_system_i/ram_interconnect/m00_couplers/auto_cc/inst/gen_clock_conv.gen_async_conv.asyncfifo_axi/inst_fifo_gen/gaxi_full_lite.gwrite_ch.gwdch2.axi_wdch/grf.rf/gntv_or_sync_fifo.gcx.clkx/wr_pntr_cdc_inst/dest_graysync_ff_reg[0][0]
  -------------------------------------------------------------------
                         required time                          9.942
                         arrival time                          -1.541
  -------------------------------------------------------------------
                         slack                                  8.401





---------------------------------------------------------------------------------------------------
From Clock:  clk_out2_cnn_accelerator_system_clk_wiz_0_0
  To Clock:  clk_pll_i

Setup :            0  Failing Endpoints,  Worst Slack       16.881ns,  Total Violation        0.000ns
Hold  :            0  Failing Endpoints,  Worst Slack        0.227ns,  Total Violation        0.000ns
---------------------------------------------------------------------------------------------------


Max Delay Paths
--------------------------------------------------------------------------------------
Slack (MET) :             16.881ns  (required time - arrival time)
  Source:                 cnn_accelerator_system_i/mig_7series_0/u_cnn_accelerator_system_mig_7series_0_0_mig/temp_mon_enabled.u_tempmon/xadc_supplied_temperature.temperature_reg[5]/C
                            (rising edge-triggered cell FDRE clocked by clk_out2_cnn_accelerator_system_clk_wiz_0_0  {rise@0.000ns fall@2.500ns period=5.000ns})
  Destination:            cnn_accelerator_system_i/mig_7series_0/u_cnn_accelerator_system_mig_7series_0_0_mig/temp_mon_enabled.u_tempmon/device_temp_sync_r1_reg[5]/D
                            (rising edge-triggered cell FDRE clocked by clk_pll_i  {rise@0.000ns fall@6.154ns period=12.308ns})
  Path Group:             clk_pll_i
  Path Type:              Setup (Max at Slow Process Corner)
  Requirement:            20.000ns  (MaxDelay Path 20.000ns)
  Data Path Delay:        4.741ns  (logic 0.667ns (14.070%)  route 4.074ns (85.930%))
  Logic Levels:           1  (LUT1=1)
  Clock Path Skew:        2.150ns (DCD - SCD + CPR)
    Destination Clock Delay (DCD):    7.370ns
    Source Clock Delay      (SCD):    5.401ns
    Clock Pessimism Removal (CPR):    0.180ns
  Clock Uncertainty:      0.273ns  ((TSJ^2 + DJ^2)^1/2) / 2 + PE
    Total System Jitter     (TSJ):    0.071ns
    Discrete Jitter          (DJ):    0.214ns
    Phase Error              (PE):    0.160ns
  Timing Exception:       MaxDelay Path 20.000ns

    Location             Delay type                Incr(ns)  Path(ns)    Netlist Resource(s)
  -------------------------------------------------------------------    -------------------
                         (clock clk_out2_cnn_accelerator_system_clk_wiz_0_0 rise edge)
                                                      0.000     0.000 r
    E3                                                0.000     0.000 r  CLK100MHZ (IN)
                         net (fo=0)                   0.000     0.000    CLK100MHZ
    E3                   IBUF (Prop_ibuf_I_O)         1.482     1.482 r  CLK100MHZ_IBUF_inst/O
                         net (fo=1, routed)           2.025     3.506    cnn_accelerator_system_i/util_ds_buf_0/U0/BUFG_I[0]
    BUFGCTRL_X0Y16       BUFG (Prop_bufg_I_O)         0.096     3.602 r  cnn_accelerator_system_i/util_ds_buf_0/U0/USE_BUFG.GEN_BUFG[0].BUFG_U/O
                         net (fo=2, routed)           1.809     5.412    cnn_accelerator_system_i/clk_wiz_0/inst/clk_in1
    MMCME2_ADV_X0Y0      MMCME2_ADV (Prop_mmcme2_adv_CLKIN1_CLKOUT1)
                                                     -3.922     1.490 r  cnn_accelerator_system_i/clk_wiz_0/inst/mmcm_adv_inst/CLKOUT1
                         net (fo=1, routed)           2.018     3.508    cnn_accelerator_system_i/clk_wiz_0/inst/clk_out2_cnn_accelerator_system_clk_wiz_0_0
    BUFGCTRL_X0Y2        BUFG (Prop_bufg_I_O)         0.096     3.604 r  cnn_accelerator_system_i/clk_wiz_0/inst/clkout2_buf/O
                         net (fo=62, routed)          1.796     5.401    cnn_accelerator_system_i/mig_7series_0/u_cnn_accelerator_system_mig_7series_0_0_mig/temp_mon_enabled.u_tempmon/clk_ref_i
    SLICE_X8Y174         FDRE                                         r  cnn_accelerator_system_i/mig_7series_0/u_cnn_accelerator_system_mig_7series_0_0_mig/temp_mon_enabled.u_tempmon/xadc_supplied_temperature.temperature_reg[5]/C
  -------------------------------------------------------------------    -------------------
    SLICE_X8Y174         FDRE (Prop_fdre_C_Q)         0.518     5.919 r  cnn_accelerator_system_i/mig_7series_0/u_cnn_accelerator_system_mig_7series_0_0_mig/temp_mon_enabled.u_tempmon/xadc_supplied_temperature.temperature_reg[5]/Q
                         net (fo=1, routed)           1.852     7.771    cnn_accelerator_system_i/mig_7series_0/u_cnn_accelerator_system_mig_7series_0_0_mig/temp_mon_enabled.u_tempmon/device_temp_lcl[5]
    SLICE_X5Y175         LUT1 (Prop_lut1_I0_O)        0.149     7.920 r  cnn_accelerator_system_i/mig_7series_0/u_cnn_accelerator_system_mig_7series_0_0_mig/temp_mon_enabled.u_tempmon/device_temp_lcl[5]_hold_fix/O
                         net (fo=1, routed)           2.222    10.141    cnn_accelerator_system_i/mig_7series_0/u_cnn_accelerator_system_mig_7series_0_0_mig/temp_mon_enabled.u_tempmon/device_temp_lcl[5]_hold_fix_1
    SLICE_X5Y179         FDRE                                         r  cnn_accelerator_system_i/mig_7series_0/u_cnn_accelerator_system_mig_7series_0_0_mig/temp_mon_enabled.u_tempmon/device_temp_sync_r1_reg[5]/D
  -------------------------------------------------------------------    -------------------

                         max delay                   20.000    20.000
    E3                                                0.000    20.000 r  CLK100MHZ (IN)
                         net (fo=0)                   0.000    20.000    CLK100MHZ
    E3                   IBUF (Prop_ibuf_I_O)         1.411    21.411 r  CLK100MHZ_IBUF_inst/O
                         net (fo=1, routed)           1.920    23.331    cnn_accelerator_system_i/util_ds_buf_0/U0/BUFG_I[0]
    BUFGCTRL_X0Y16       BUFG (Prop_bufg_I_O)         0.091    23.422 r  cnn_accelerator_system_i/util_ds_buf_0/U0/USE_BUFG.GEN_BUFG[0].BUFG_U/O
                         net (fo=2, routed)           1.544    24.967    cnn_accelerator_system_i/mig_7series_0/u_cnn_accelerator_system_mig_7series_0_0_mig/u_ddr3_infrastructure/mmcm_clk
    PLLE2_ADV_X1Y1       PLLE2_ADV (Prop_plle2_adv_CLKIN1_CLKOUT3)
                                                      0.083    25.050 r  cnn_accelerator_system_i/mig_7series_0/u_cnn_accelerator_system_mig_7series_0_0_mig/u_ddr3_infrastructure/plle2_i/CLKOUT3
                         net (fo=1, routed)           1.205    26.255    cnn_accelerator_system_i/mig_7series_0/u_cnn_accelerator_system_mig_7series_0_0_mig/u_ddr3_infrastructure/pll_clk3_out
    BUFHCE_X1Y12         BUFH (Prop_bufh_I_O)         0.081    26.336 r  cnn_accelerator_system_i/mig_7series_0/u_cnn_accelerator_system_mig_7series_0_0_mig/u_ddr3_infrastructure/u_bufh_pll_clk3/O
                         net (fo=1, routed)           0.799    27.135    cnn_accelerator_system_i/mig_7series_0/u_cnn_accelerator_system_mig_7series_0_0_mig/u_ddr3_infrastructure/pll_clk3
    MMCME2_ADV_X1Y1      MMCME2_ADV (Prop_mmcme2_adv_CLKIN1_CLKFBOUT)
                                                     -3.249    23.885 r  cnn_accelerator_system_i/mig_7series_0/u_cnn_accelerator_system_mig_7series_0_0_mig/u_ddr3_infrastructure/gen_mmcm.mmcm_i/CLKFBOUT
                         net (fo=1, routed)           1.639    25.524    cnn_accelerator_system_i/mig_7series_0/u_cnn_accelerator_system_mig_7series_0_0_mig/u_ddr3_infrastructure/clk_pll_i
    BUFGCTRL_X0Y1        BUFG (Prop_bufg_I_O)         0.091    25.615 r  cnn_accelerator_system_i/mig_7series_0/u_cnn_accelerator_system_mig_7series_0_0_mig/u_ddr3_infrastructure/u_bufg_clkdiv0/O
                         net (fo=6189, routed)        1.755    27.370    cnn_accelerator_system_i/mig_7series_0/u_cnn_accelerator_system_mig_7series_0_0_mig/temp_mon_enabled.u_tempmon/device_temp_sync_r5_reg[11]_0
    SLICE_X5Y179         FDRE                                         r  cnn_accelerator_system_i/mig_7series_0/u_cnn_accelerator_system_mig_7series_0_0_mig/temp_mon_enabled.u_tempmon/device_temp_sync_r1_reg[5]/C
                         clock pessimism              0.180    27.550
                         clock uncertainty           -0.273    27.278
    SLICE_X5Y179         FDRE (Setup_fdre_C_D)       -0.255    27.023    cnn_accelerator_system_i/mig_7series_0/u_cnn_accelerator_system_mig_7series_0_0_mig/temp_mon_enabled.u_tempmon/device_temp_sync_r1_reg[5]
  -------------------------------------------------------------------
                         required time                         27.023
                         arrival time                         -10.141
  -------------------------------------------------------------------
                         slack                                 16.881





Min Delay Paths
--------------------------------------------------------------------------------------
Slack (MET) :             0.227ns  (arrival time - required time)
  Source:                 cnn_accelerator_system_i/mig_7series_0/u_cnn_accelerator_system_mig_7series_0_0_mig/temp_mon_enabled.u_tempmon/xadc_supplied_temperature.temperature_reg[8]/C
                            (rising edge-triggered cell FDRE clocked by clk_out2_cnn_accelerator_system_clk_wiz_0_0  {rise@0.000ns fall@2.500ns period=5.000ns})
  Destination:            cnn_accelerator_system_i/mig_7series_0/u_cnn_accelerator_system_mig_7series_0_0_mig/temp_mon_enabled.u_tempmon/device_temp_sync_r1_reg[8]/D
                            (rising edge-triggered cell FDRE clocked by clk_pll_i  {rise@0.000ns fall@6.154ns period=12.308ns})
  Path Group:             clk_pll_i
  Path Type:              Hold (Min at Fast Process Corner)
  Requirement:            0.000ns  (clk_pll_i rise@0.000ns - clk_out2_cnn_accelerator_system_clk_wiz_0_0 rise@0.000ns)
  Data Path Delay:        1.896ns  (logic 0.209ns (11.021%)  route 1.687ns (88.979%))
  Logic Levels:           1  (LUT1=1)
  Clock Path Skew:        1.337ns (DCD - SCD - CPR)
    Destination Clock Delay (DCD):    3.144ns
    Source Clock Delay      (SCD):    1.562ns
    Clock Pessimism Removal (CPR):    0.245ns
  Clock Uncertainty:      0.273ns  ((TSJ^2 + DJ^2)^1/2) / 2 + PE
    Total System Jitter     (TSJ):    0.071ns
    Discrete Jitter          (DJ):    0.214ns
    Phase Error              (PE):    0.160ns

    Location             Delay type                Incr(ns)  Path(ns)    Netlist Resource(s)
  -------------------------------------------------------------------    -------------------
                         (clock clk_out2_cnn_accelerator_system_clk_wiz_0_0 rise edge)
                                                      0.000     0.000 r
    E3                                                0.000     0.000 r  CLK100MHZ (IN)
                         net (fo=0)                   0.000     0.000    CLK100MHZ
    E3                   IBUF (Prop_ibuf_I_O)         0.250     0.250 r  CLK100MHZ_IBUF_inst/O
                         net (fo=1, routed)           0.644     0.894    cnn_accelerator_system_i/util_ds_buf_0/U0/BUFG_I[0]
    BUFGCTRL_X0Y16       BUFG (Prop_bufg_I_O)         0.026     0.920 r  cnn_accelerator_system_i/util_ds_buf_0/U0/USE_BUFG.GEN_BUFG[0].BUFG_U/O
                         net (fo=2, routed)           0.624     1.544    cnn_accelerator_system_i/clk_wiz_0/inst/clk_in1
    MMCME2_ADV_X0Y0      MMCME2_ADV (Prop_mmcme2_adv_CLKIN1_CLKOUT1)
                                                     -1.296     0.248 r  cnn_accelerator_system_i/clk_wiz_0/inst/mmcm_adv_inst/CLKOUT1
                         net (fo=1, routed)           0.648     0.896    cnn_accelerator_system_i/clk_wiz_0/inst/clk_out2_cnn_accelerator_system_clk_wiz_0_0
    BUFGCTRL_X0Y2        BUFG (Prop_bufg_I_O)         0.026     0.922 r  cnn_accelerator_system_i/clk_wiz_0/inst/clkout2_buf/O
                         net (fo=62, routed)          0.640     1.562    cnn_accelerator_system_i/mig_7series_0/u_cnn_accelerator_system_mig_7series_0_0_mig/temp_mon_enabled.u_tempmon/clk_ref_i
    SLICE_X8Y174         FDRE                                         r  cnn_accelerator_system_i/mig_7series_0/u_cnn_accelerator_system_mig_7series_0_0_mig/temp_mon_enabled.u_tempmon/xadc_supplied_temperature.temperature_reg[8]/C
  -------------------------------------------------------------------    -------------------
    SLICE_X8Y174         FDRE (Prop_fdre_C_Q)         0.164     1.726 r  cnn_accelerator_system_i/mig_7series_0/u_cnn_accelerator_system_mig_7series_0_0_mig/temp_mon_enabled.u_tempmon/xadc_supplied_temperature.temperature_reg[8]/Q
                         net (fo=1, routed)           1.240     2.965    cnn_accelerator_system_i/mig_7series_0/u_cnn_accelerator_system_mig_7series_0_0_mig/temp_mon_enabled.u_tempmon/device_temp_lcl[8]
    SLICE_X7Y177         LUT1 (Prop_lut1_I0_O)        0.045     3.010 r  cnn_accelerator_system_i/mig_7series_0/u_cnn_accelerator_system_mig_7series_0_0_mig/temp_mon_enabled.u_tempmon/device_temp_lcl[8]_hold_fix/O
                         net (fo=1, routed)           0.448     3.458    cnn_accelerator_system_i/mig_7series_0/u_cnn_accelerator_system_mig_7series_0_0_mig/temp_mon_enabled.u_tempmon/device_temp_lcl[8]_hold_fix_1
    SLICE_X6Y177         FDRE                                         r  cnn_accelerator_system_i/mig_7series_0/u_cnn_accelerator_system_mig_7series_0_0_mig/temp_mon_enabled.u_tempmon/device_temp_sync_r1_reg[8]/D
  -------------------------------------------------------------------    -------------------

                         (clock clk_pll_i rise edge)
                                                      0.000     0.000 r
    E3                                                0.000     0.000 r  CLK100MHZ (IN)
                         net (fo=0)                   0.000     0.000    CLK100MHZ
    E3                   IBUF (Prop_ibuf_I_O)         0.438     0.438 r  CLK100MHZ_IBUF_inst/O
                         net (fo=1, routed)           0.699     1.136    cnn_accelerator_system_i/util_ds_buf_0/U0/BUFG_I[0]
    BUFGCTRL_X0Y16       BUFG (Prop_bufg_I_O)         0.029     1.165 r  cnn_accelerator_system_i/util_ds_buf_0/U0/USE_BUFG.GEN_BUFG[0].BUFG_U/O
                         net (fo=2, routed)           0.835     2.000    cnn_accelerator_system_i/mig_7series_0/u_cnn_accelerator_system_mig_7series_0_0_mig/u_ddr3_infrastructure/mmcm_clk
    PLLE2_ADV_X1Y1       PLLE2_ADV (Prop_plle2_adv_CLKIN1_CLKOUT3)
                                                      0.053     2.053 r  cnn_accelerator_system_i/mig_7series_0/u_cnn_accelerator_system_mig_7series_0_0_mig/u_ddr3_infrastructure/plle2_i/CLKOUT3
                         net (fo=1, routed)           0.437     2.490    cnn_accelerator_system_i/mig_7series_0/u_cnn_accelerator_system_mig_7series_0_0_mig/u_ddr3_infrastructure/pll_clk3_out
    BUFHCE_X1Y12         BUFH (Prop_bufh_I_O)         0.043     2.533 r  cnn_accelerator_system_i/mig_7series_0/u_cnn_accelerator_system_mig_7series_0_0_mig/u_ddr3_infrastructure/u_bufh_pll_clk3/O
                         net (fo=1, routed)           0.494     3.027    cnn_accelerator_system_i/mig_7series_0/u_cnn_accelerator_system_mig_7series_0_0_mig/u_ddr3_infrastructure/pll_clk3
    MMCME2_ADV_X1Y1      MMCME2_ADV (Prop_mmcme2_adv_CLKIN1_CLKFBOUT)
                                                     -1.400     1.627 r  cnn_accelerator_system_i/mig_7series_0/u_cnn_accelerator_system_mig_7series_0_0_mig/u_ddr3_infrastructure/gen_mmcm.mmcm_i/CLKFBOUT
                         net (fo=1, routed)           0.544     2.170    cnn_accelerator_system_i/mig_7series_0/u_cnn_accelerator_system_mig_7series_0_0_mig/u_ddr3_infrastructure/clk_pll_i
    BUFGCTRL_X0Y1        BUFG (Prop_bufg_I_O)         0.029     2.199 r  cnn_accelerator_system_i/mig_7series_0/u_cnn_accelerator_system_mig_7series_0_0_mig/u_ddr3_infrastructure/u_bufg_clkdiv0/O
                         net (fo=6189, routed)        0.945     3.144    cnn_accelerator_system_i/mig_7series_0/u_cnn_accelerator_system_mig_7series_0_0_mig/temp_mon_enabled.u_tempmon/device_temp_sync_r5_reg[11]_0
    SLICE_X6Y177         FDRE                                         r  cnn_accelerator_system_i/mig_7series_0/u_cnn_accelerator_system_mig_7series_0_0_mig/temp_mon_enabled.u_tempmon/device_temp_sync_r1_reg[8]/C
                         clock pessimism             -0.245     2.899
                         clock uncertainty            0.273     3.172
    SLICE_X6Y177         FDRE (Hold_fdre_C_D)         0.060     3.232    cnn_accelerator_system_i/mig_7series_0/u_cnn_accelerator_system_mig_7series_0_0_mig/temp_mon_enabled.u_tempmon/device_temp_sync_r1_reg[8]
  -------------------------------------------------------------------
                         required time                         -3.232
                         arrival time                           3.458
  -------------------------------------------------------------------
                         slack                                  0.227





---------------------------------------------------------------------------------------------------
Path Group:  **async_default**
From Clock:  clk_out1_cnn_accelerator_system_clk_wiz_0_0
  To Clock:  clk_out1_cnn_accelerator_system_clk_wiz_0_0

Setup :            0  Failing Endpoints,  Worst Slack        5.386ns,  Total Violation        0.000ns
Hold  :            0  Failing Endpoints,  Worst Slack        0.399ns,  Total Violation        0.000ns
---------------------------------------------------------------------------------------------------


Max Delay Paths
--------------------------------------------------------------------------------------
Slack (MET) :             5.386ns  (required time - arrival time)
  Source:                 cnn_accelerator_system_i/ram_interconnect/m01_couplers/auto_ds/inst/gen_downsizer.gen_simple_downsizer.axi_downsizer_inst/USE_WRITE.write_addr_inst/USE_B_CHANNEL.cmd_b_queue/inst/fifo_gen_inst/inst_fifo_gen/gconvfifo.rf/grf.rf/rstblk/ngwrdrst.grst.g7serrst.gnsckt_wrst.rst_wr_reg2_inst/arststages_ff_reg[1]/C
                            (rising edge-triggered cell FDPE clocked by clk_out1_cnn_accelerator_system_clk_wiz_0_0  {rise@0.000ns fall@5.000ns period=10.000ns})
  Destination:            cnn_accelerator_system_i/ram_interconnect/m01_couplers/auto_ds/inst/gen_downsizer.gen_simple_downsizer.axi_downsizer_inst/USE_WRITE.write_addr_inst/USE_B_CHANNEL.cmd_b_queue/inst/fifo_gen_inst/inst_fifo_gen/gconvfifo.rf/grf.rf/gntv_or_sync_fifo.gl0.wr/gwss.wsts/ram_full_fb_i_reg/CLR
                            (recovery check against rising-edge clock clk_out1_cnn_accelerator_system_clk_wiz_0_0  {rise@0.000ns fall@5.000ns period=10.000ns})
  Path Group:             **async_default**
  Path Type:              Recovery (Max at Slow Process Corner)
  Requirement:            10.000ns  (clk_out1_cnn_accelerator_system_clk_wiz_0_0 rise@10.000ns - clk_out1_cnn_accelerator_system_clk_wiz_0_0 rise@0.000ns)
  Data Path Delay:        4.020ns  (logic 0.773ns (19.230%)  route 3.247ns (80.770%))
  Logic Levels:           1  (LUT3=1)
  Clock Path Skew:        -0.122ns (DCD - SCD + CPR)
    Destination Clock Delay (DCD):    5.109ns = ( 15.109 - 10.000 )
    Source Clock Delay      (SCD):    5.499ns
    Clock Pessimism Removal (CPR):    0.267ns
  Clock Uncertainty:      0.067ns  ((TSJ^2 + DJ^2)^1/2) / 2 + PE
    Total System Jitter     (TSJ):    0.071ns
    Discrete Jitter          (DJ):    0.114ns
    Phase Error              (PE):    0.000ns

    Location             Delay type                Incr(ns)  Path(ns)    Netlist Resource(s)
  -------------------------------------------------------------------    -------------------
                         (clock clk_out1_cnn_accelerator_system_clk_wiz_0_0 rise edge)
                                                      0.000     0.000 r
    E3                                                0.000     0.000 r  CLK100MHZ (IN)
                         net (fo=0)                   0.000     0.000    CLK100MHZ
    E3                   IBUF (Prop_ibuf_I_O)         1.482     1.482 r  CLK100MHZ_IBUF_inst/O
                         net (fo=1, routed)           2.025     3.506    cnn_accelerator_system_i/util_ds_buf_0/U0/BUFG_I[0]
    BUFGCTRL_X0Y16       BUFG (Prop_bufg_I_O)         0.096     3.602 r  cnn_accelerator_system_i/util_ds_buf_0/U0/USE_BUFG.GEN_BUFG[0].BUFG_U/O
                         net (fo=2, routed)           1.809     5.412    cnn_accelerator_system_i/clk_wiz_0/inst/clk_in1
    MMCME2_ADV_X0Y0      MMCME2_ADV (Prop_mmcme2_adv_CLKIN1_CLKOUT0)
                                                     -3.922     1.490 r  cnn_accelerator_system_i/clk_wiz_0/inst/mmcm_adv_inst/CLKOUT0
                         net (fo=1, routed)           2.018     3.508    cnn_accelerator_system_i/clk_wiz_0/inst/clk_out1_cnn_accelerator_system_clk_wiz_0_0
    BUFGCTRL_X0Y3        BUFG (Prop_bufg_I_O)         0.096     3.604 r  cnn_accelerator_system_i/clk_wiz_0/inst/clkout1_buf/O
                         net (fo=14544, routed)       1.894     5.499    cnn_accelerator_system_i/ram_interconnect/m01_couplers/auto_ds/inst/gen_downsizer.gen_simple_downsizer.axi_downsizer_inst/USE_WRITE.write_addr_inst/USE_B_CHANNEL.cmd_b_queue/inst/fifo_gen_inst/inst_fifo_gen/gconvfifo.rf/grf.rf/rstblk/ngwrdrst.grst.g7serrst.gnsckt_wrst.rst_wr_reg2_inst/dest_clk
    SLICE_X2Y38          FDPE                                         r  cnn_accelerator_system_i/ram_interconnect/m01_couplers/auto_ds/inst/gen_downsizer.gen_simple_downsizer.axi_downsizer_inst/USE_WRITE.write_addr_inst/USE_B_CHANNEL.cmd_b_queue/inst/fifo_gen_inst/inst_fifo_gen/gconvfifo.rf/grf.rf/rstblk/ngwrdrst.grst.g7serrst.gnsckt_wrst.rst_wr_reg2_inst/arststages_ff_reg[1]/C
  -------------------------------------------------------------------    -------------------
    SLICE_X2Y38          FDPE (Prop_fdpe_C_Q)         0.478     5.977 f  cnn_accelerator_system_i/ram_interconnect/m01_couplers/auto_ds/inst/gen_downsizer.gen_simple_downsizer.axi_downsizer_inst/USE_WRITE.write_addr_inst/USE_B_CHANNEL.cmd_b_queue/inst/fifo_gen_inst/inst_fifo_gen/gconvfifo.rf/grf.rf/rstblk/ngwrdrst.grst.g7serrst.gnsckt_wrst.rst_wr_reg2_inst/arststages_ff_reg[1]/Q
                         net (fo=3, routed)           1.275     7.252    cnn_accelerator_system_i/ram_interconnect/m01_couplers/auto_ds/inst/gen_downsizer.gen_simple_downsizer.axi_downsizer_inst/USE_WRITE.write_addr_inst/USE_B_CHANNEL.cmd_b_queue/inst/fifo_gen_inst/inst_fifo_gen/gconvfifo.rf/grf.rf/rstblk/ngwrdrst.rst_wr_reg2
    SLICE_X5Y35          LUT3 (Prop_lut3_I2_O)        0.295     7.547 f  cnn_accelerator_system_i/ram_interconnect/m01_couplers/auto_ds/inst/gen_downsizer.gen_simple_downsizer.axi_downsizer_inst/USE_WRITE.write_addr_inst/USE_B_CHANNEL.cmd_b_queue/inst/fifo_gen_inst/inst_fifo_gen/gconvfifo.rf/grf.rf/rstblk/gpregsm1.curr_fwft_state[1]_i_2/O
                         net (fo=32, routed)          1.972     9.518    cnn_accelerator_system_i/ram_interconnect/m01_couplers/auto_ds/inst/gen_downsizer.gen_simple_downsizer.axi_downsizer_inst/USE_WRITE.write_addr_inst/USE_B_CHANNEL.cmd_b_queue/inst/fifo_gen_inst/inst_fifo_gen/gconvfifo.rf/grf.rf/gntv_or_sync_fifo.gl0.wr/gwss.wsts/AR[0]
    SLICE_X18Y39         FDCE                                         f  cnn_accelerator_system_i/ram_interconnect/m01_couplers/auto_ds/inst/gen_downsizer.gen_simple_downsizer.axi_downsizer_inst/USE_WRITE.write_addr_inst/USE_B_CHANNEL.cmd_b_queue/inst/fifo_gen_inst/inst_fifo_gen/gconvfifo.rf/grf.rf/gntv_or_sync_fifo.gl0.wr/gwss.wsts/ram_full_fb_i_reg/CLR
  -------------------------------------------------------------------    -------------------

                         (clock clk_out1_cnn_accelerator_system_clk_wiz_0_0 rise edge)
                                                     10.000    10.000 r
    E3                                                0.000    10.000 r  CLK100MHZ (IN)
                         net (fo=0)                   0.000    10.000    CLK100MHZ
    E3                   IBUF (Prop_ibuf_I_O)         1.411    11.411 r  CLK100MHZ_IBUF_inst/O
                         net (fo=1, routed)           1.920    13.331    cnn_accelerator_system_i/util_ds_buf_0/U0/BUFG_I[0]
    BUFGCTRL_X0Y16       BUFG (Prop_bufg_I_O)         0.091    13.422 r  cnn_accelerator_system_i/util_ds_buf_0/U0/USE_BUFG.GEN_BUFG[0].BUFG_U/O
                         net (fo=2, routed)           1.683    15.105    cnn_accelerator_system_i/clk_wiz_0/inst/clk_in1
    MMCME2_ADV_X0Y0      MMCME2_ADV (Prop_mmcme2_adv_CLKIN1_CLKOUT0)
                                                     -3.694    11.411 r  cnn_accelerator_system_i/clk_wiz_0/inst/mmcm_adv_inst/CLKOUT0
                         net (fo=1, routed)           1.923    13.334    cnn_accelerator_system_i/clk_wiz_0/inst/clk_out1_cnn_accelerator_system_clk_wiz_0_0
    BUFGCTRL_X0Y3        BUFG (Prop_bufg_I_O)         0.091    13.425 r  cnn_accelerator_system_i/clk_wiz_0/inst/clkout1_buf/O
                         net (fo=14544, routed)       1.684    15.109    cnn_accelerator_system_i/ram_interconnect/m01_couplers/auto_ds/inst/gen_downsizer.gen_simple_downsizer.axi_downsizer_inst/USE_WRITE.write_addr_inst/USE_B_CHANNEL.cmd_b_queue/inst/fifo_gen_inst/inst_fifo_gen/gconvfifo.rf/grf.rf/gntv_or_sync_fifo.gl0.wr/gwss.wsts/clk
    SLICE_X18Y39         FDCE                                         r  cnn_accelerator_system_i/ram_interconnect/m01_couplers/auto_ds/inst/gen_downsizer.gen_simple_downsizer.axi_downsizer_inst/USE_WRITE.write_addr_inst/USE_B_CHANNEL.cmd_b_queue/inst/fifo_gen_inst/inst_fifo_gen/gconvfifo.rf/grf.rf/gntv_or_sync_fifo.gl0.wr/gwss.wsts/ram_full_fb_i_reg/C
                         clock pessimism              0.267    15.377
                         clock uncertainty           -0.067    15.310
    SLICE_X18Y39         FDCE (Recov_fdce_C_CLR)     -0.405    14.905    cnn_accelerator_system_i/ram_interconnect/m01_couplers/auto_ds/inst/gen_downsizer.gen_simple_downsizer.axi_downsizer_inst/USE_WRITE.write_addr_inst/USE_B_CHANNEL.cmd_b_queue/inst/fifo_gen_inst/inst_fifo_gen/gconvfifo.rf/grf.rf/gntv_or_sync_fifo.gl0.wr/gwss.wsts/ram_full_fb_i_reg
  -------------------------------------------------------------------
                         required time                         14.905
                         arrival time                          -9.518
  -------------------------------------------------------------------
                         slack                                  5.386





Min Delay Paths
--------------------------------------------------------------------------------------
Slack (MET) :             0.399ns  (arrival time - required time)
  Source:                 cnn_accelerator_system_i/ram_interconnect/m00_couplers/auto_cc/inst/gen_clock_conv.gen_async_conv.asyncfifo_axi/inst_fifo_gen/gaxi_full_lite.gwrite_ch.gwach2.axi_wach/grf.rf/rstblk/grstd1.grst_full.grst_f.rst_d2_reg/C
                            (rising edge-triggered cell FDPE clocked by clk_out1_cnn_accelerator_system_clk_wiz_0_0  {rise@0.000ns fall@5.000ns period=10.000ns})
  Destination:            cnn_accelerator_system_i/ram_interconnect/m00_couplers/auto_cc/inst/gen_clock_conv.gen_async_conv.asyncfifo_axi/inst_fifo_gen/gaxi_full_lite.gwrite_ch.gwach2.axi_wach/grf.rf/gntv_or_sync_fifo.gl0.wr/gwas.wsts/ram_full_fb_i_reg/PRE
                            (removal check against rising-edge clock clk_out1_cnn_accelerator_system_clk_wiz_0_0  {rise@0.000ns fall@5.000ns period=10.000ns})
  Path Group:             **async_default**
  Path Type:              Removal (Min at Fast Process Corner)
  Requirement:            0.000ns  (clk_out1_cnn_accelerator_system_clk_wiz_0_0 rise@0.000ns - clk_out1_cnn_accelerator_system_clk_wiz_0_0 rise@0.000ns)
  Data Path Delay:        0.283ns  (logic 0.128ns (45.224%)  route 0.155ns (54.776%))
  Logic Levels:           0
  Clock Path Skew:        0.033ns (DCD - SCD - CPR)
    Destination Clock Delay (DCD):    2.070ns
    Source Clock Delay      (SCD):    1.554ns
    Clock Pessimism Removal (CPR):    0.483ns

    Location             Delay type                Incr(ns)  Path(ns)    Netlist Resource(s)
  -------------------------------------------------------------------    -------------------
                         (clock clk_out1_cnn_accelerator_system_clk_wiz_0_0 rise edge)
                                                      0.000     0.000 r
    E3                                                0.000     0.000 r  CLK100MHZ (IN)
                         net (fo=0)                   0.000     0.000    CLK100MHZ
    E3                   IBUF (Prop_ibuf_I_O)         0.250     0.250 r  CLK100MHZ_IBUF_inst/O
                         net (fo=1, routed)           0.644     0.894    cnn_accelerator_system_i/util_ds_buf_0/U0/BUFG_I[0]
    BUFGCTRL_X0Y16       BUFG (Prop_bufg_I_O)         0.026     0.920 r  cnn_accelerator_system_i/util_ds_buf_0/U0/USE_BUFG.GEN_BUFG[0].BUFG_U/O
                         net (fo=2, routed)           0.624     1.544    cnn_accelerator_system_i/clk_wiz_0/inst/clk_in1
    MMCME2_ADV_X0Y0      MMCME2_ADV (Prop_mmcme2_adv_CLKIN1_CLKOUT0)
                                                     -1.296     0.248 r  cnn_accelerator_system_i/clk_wiz_0/inst/mmcm_adv_inst/CLKOUT0
                         net (fo=1, routed)           0.648     0.896    cnn_accelerator_system_i/clk_wiz_0/inst/clk_out1_cnn_accelerator_system_clk_wiz_0_0
    BUFGCTRL_X0Y3        BUFG (Prop_bufg_I_O)         0.026     0.922 r  cnn_accelerator_system_i/clk_wiz_0/inst/clkout1_buf/O
                         net (fo=14544, routed)       0.632     1.554    cnn_accelerator_system_i/ram_interconnect/m00_couplers/auto_cc/inst/gen_clock_conv.gen_async_conv.asyncfifo_axi/inst_fifo_gen/gaxi_full_lite.gwrite_ch.gwach2.axi_wach/grf.rf/rstblk/s_aclk
    SLICE_X33Y13         FDPE                                         r  cnn_accelerator_system_i/ram_interconnect/m00_couplers/auto_cc/inst/gen_clock_conv.gen_async_conv.asyncfifo_axi/inst_fifo_gen/gaxi_full_lite.gwrite_ch.gwach2.axi_wach/grf.rf/rstblk/grstd1.grst_full.grst_f.rst_d2_reg/C
  -------------------------------------------------------------------    -------------------
    SLICE_X33Y13         FDPE (Prop_fdpe_C_Q)         0.128     1.682 f  cnn_accelerator_system_i/ram_interconnect/m00_couplers/auto_cc/inst/gen_clock_conv.gen_async_conv.asyncfifo_axi/inst_fifo_gen/gaxi_full_lite.gwrite_ch.gwach2.axi_wach/grf.rf/rstblk/grstd1.grst_full.grst_f.rst_d2_reg/Q
                         net (fo=3, routed)           0.155     1.837    cnn_accelerator_system_i/ram_interconnect/m00_couplers/auto_cc/inst/gen_clock_conv.gen_async_conv.asyncfifo_axi/inst_fifo_gen/gaxi_full_lite.gwrite_ch.gwach2.axi_wach/grf.rf/gntv_or_sync_fifo.gl0.wr/gwas.wsts/out
    SLICE_X40Y13         FDPE                                         f  cnn_accelerator_system_i/ram_interconnect/m00_couplers/auto_cc/inst/gen_clock_conv.gen_async_conv.asyncfifo_axi/inst_fifo_gen/gaxi_full_lite.gwrite_ch.gwach2.axi_wach/grf.rf/gntv_or_sync_fifo.gl0.wr/gwas.wsts/ram_full_fb_i_reg/PRE
  -------------------------------------------------------------------    -------------------

                         (clock clk_out1_cnn_accelerator_system_clk_wiz_0_0 rise edge)
                                                      0.000     0.000 r
    E3                                                0.000     0.000 r  CLK100MHZ (IN)
                         net (fo=0)                   0.000     0.000    CLK100MHZ
    E3                   IBUF (Prop_ibuf_I_O)         0.438     0.438 r  CLK100MHZ_IBUF_inst/O
                         net (fo=1, routed)           0.699     1.136    cnn_accelerator_system_i/util_ds_buf_0/U0/BUFG_I[0]
    BUFGCTRL_X0Y16       BUFG (Prop_bufg_I_O)         0.029     1.165 r  cnn_accelerator_system_i/util_ds_buf_0/U0/USE_BUFG.GEN_BUFG[0].BUFG_U/O
                         net (fo=2, routed)           0.898     2.063    cnn_accelerator_system_i/clk_wiz_0/inst/clk_in1
    MMCME2_ADV_X0Y0      MMCME2_ADV (Prop_mmcme2_adv_CLKIN1_CLKOUT0)
                                                     -1.625     0.438 r  cnn_accelerator_system_i/clk_wiz_0/inst/mmcm_adv_inst/CLKOUT0
                         net (fo=1, routed)           0.700     1.138    cnn_accelerator_system_i/clk_wiz_0/inst/clk_out1_cnn_accelerator_system_clk_wiz_0_0
    BUFGCTRL_X0Y3        BUFG (Prop_bufg_I_O)         0.029     1.167 r  cnn_accelerator_system_i/clk_wiz_0/inst/clkout1_buf/O
                         net (fo=14544, routed)       0.903     2.070    cnn_accelerator_system_i/ram_interconnect/m00_couplers/auto_cc/inst/gen_clock_conv.gen_async_conv.asyncfifo_axi/inst_fifo_gen/gaxi_full_lite.gwrite_ch.gwach2.axi_wach/grf.rf/gntv_or_sync_fifo.gl0.wr/gwas.wsts/s_aclk
    SLICE_X40Y13         FDPE                                         r  cnn_accelerator_system_i/ram_interconnect/m00_couplers/auto_cc/inst/gen_clock_conv.gen_async_conv.asyncfifo_axi/inst_fifo_gen/gaxi_full_lite.gwrite_ch.gwach2.axi_wach/grf.rf/gntv_or_sync_fifo.gl0.wr/gwas.wsts/ram_full_fb_i_reg/C
                         clock pessimism             -0.483     1.587
    SLICE_X40Y13         FDPE (Remov_fdpe_C_PRE)     -0.149     1.438    cnn_accelerator_system_i/ram_interconnect/m00_couplers/auto_cc/inst/gen_clock_conv.gen_async_conv.asyncfifo_axi/inst_fifo_gen/gaxi_full_lite.gwrite_ch.gwach2.axi_wach/grf.rf/gntv_or_sync_fifo.gl0.wr/gwas.wsts/ram_full_fb_i_reg
  -------------------------------------------------------------------
                         required time                         -1.438
                         arrival time                           1.837
  -------------------------------------------------------------------
                         slack                                  0.399





---------------------------------------------------------------------------------------------------
Path Group:  **async_default**
From Clock:  clk_pll_i
  To Clock:  clk_pll_i

Setup :            0  Failing Endpoints,  Worst Slack        6.107ns,  Total Violation        0.000ns
Hold  :            0  Failing Endpoints,  Worst Slack        0.379ns,  Total Violation        0.000ns
---------------------------------------------------------------------------------------------------


Max Delay Paths
--------------------------------------------------------------------------------------
Slack (MET) :             6.107ns  (required time - arrival time)
  Source:                 cnn_accelerator_system_i/mig_7series_0/u_cnn_accelerator_system_mig_7series_0_0_mig/u_ddr3_infrastructure/rstdiv0_sync_r1_reg_rep__8/C
                            (rising edge-triggered cell FDPE clocked by clk_pll_i  {rise@0.000ns fall@6.154ns period=12.308ns})
  Destination:            cnn_accelerator_system_i/mig_7series_0/u_cnn_accelerator_system_mig_7series_0_0_mig/u_memc_ui_top_axi/mem_intfc0/ddr_phy_top0/u_ddr_calib_top/u_ddr_phy_init/phy_reset_n_reg/CLR
                            (recovery check against rising-edge clock clk_pll_i  {rise@0.000ns fall@6.154ns period=12.308ns})
  Path Group:             **async_default**
  Path Type:              Recovery (Max at Slow Process Corner)
  Requirement:            12.308ns  (clk_pll_i rise@12.308ns - clk_pll_i rise@0.000ns)
  Data Path Delay:        5.509ns  (logic 0.580ns (10.528%)  route 4.929ns (89.472%))
  Logic Levels:           1  (LUT1=1)
  Clock Path Skew:        -0.305ns (DCD - SCD + CPR)
    Destination Clock Delay (DCD):    7.114ns = ( 19.422 - 12.308 )
    Source Clock Delay      (SCD):    7.775ns
    Clock Pessimism Removal (CPR):    0.356ns
  Clock Uncertainty:      0.068ns  ((TSJ^2 + DJ^2)^1/2) / 2 + PE
    Total System Jitter     (TSJ):    0.071ns
    Discrete Jitter          (DJ):    0.116ns
    Phase Error              (PE):    0.000ns

    Location             Delay type                Incr(ns)  Path(ns)    Netlist Resource(s)
  -------------------------------------------------------------------    -------------------
                         (clock clk_pll_i rise edge)
                                                      0.000     0.000 r
    E3                                                0.000     0.000 r  CLK100MHZ (IN)
                         net (fo=0)                   0.000     0.000    CLK100MHZ
    E3                   IBUF (Prop_ibuf_I_O)         1.482     1.482 r  CLK100MHZ_IBUF_inst/O
                         net (fo=1, routed)           2.025     3.506    cnn_accelerator_system_i/util_ds_buf_0/U0/BUFG_I[0]
    BUFGCTRL_X0Y16       BUFG (Prop_bufg_I_O)         0.096     3.602 r  cnn_accelerator_system_i/util_ds_buf_0/U0/USE_BUFG.GEN_BUFG[0].BUFG_U/O
                         net (fo=2, routed)           1.666     5.269    cnn_accelerator_system_i/mig_7series_0/u_cnn_accelerator_system_mig_7series_0_0_mig/u_ddr3_infrastructure/mmcm_clk
    PLLE2_ADV_X1Y1       PLLE2_ADV (Prop_plle2_adv_CLKIN1_CLKOUT3)
                                                      0.088     5.357 r  cnn_accelerator_system_i/mig_7series_0/u_cnn_accelerator_system_mig_7series_0_0_mig/u_ddr3_infrastructure/plle2_i/CLKOUT3
                         net (fo=1, routed)           1.281     6.638    cnn_accelerator_system_i/mig_7series_0/u_cnn_accelerator_system_mig_7series_0_0_mig/u_ddr3_infrastructure/pll_clk3_out
    BUFHCE_X1Y12         BUFH (Prop_bufh_I_O)         0.127     6.765 r  cnn_accelerator_system_i/mig_7series_0/u_cnn_accelerator_system_mig_7series_0_0_mig/u_ddr3_infrastructure/u_bufh_pll_clk3/O
                         net (fo=1, routed)           0.841     7.606    cnn_accelerator_system_i/mig_7series_0/u_cnn_accelerator_system_mig_7series_0_0_mig/u_ddr3_infrastructure/pll_clk3
    MMCME2_ADV_X1Y1      MMCME2_ADV (Prop_mmcme2_adv_CLKIN1_CLKFBOUT)
                                                     -3.457     4.149 r  cnn_accelerator_system_i/mig_7series_0/u_cnn_accelerator_system_mig_7series_0_0_mig/u_ddr3_infrastructure/gen_mmcm.mmcm_i/CLKFBOUT
                         net (fo=1, routed)           1.719     5.868    cnn_accelerator_system_i/mig_7series_0/u_cnn_accelerator_system_mig_7series_0_0_mig/u_ddr3_infrastructure/clk_pll_i
    BUFGCTRL_X0Y1        BUFG (Prop_bufg_I_O)         0.096     5.964 r  cnn_accelerator_system_i/mig_7series_0/u_cnn_accelerator_system_mig_7series_0_0_mig/u_ddr3_infrastructure/u_bufg_clkdiv0/O
                         net (fo=6189, routed)        1.810     7.775    cnn_accelerator_system_i/mig_7series_0/u_cnn_accelerator_system_mig_7series_0_0_mig/u_ddr3_infrastructure/u_bufg_clkdiv0_0
    SLICE_X33Y157        FDPE                                         r  cnn_accelerator_system_i/mig_7series_0/u_cnn_accelerator_system_mig_7series_0_0_mig/u_ddr3_infrastructure/rstdiv0_sync_r1_reg_rep__8/C
  -------------------------------------------------------------------    -------------------
    SLICE_X33Y157        FDPE (Prop_fdpe_C_Q)         0.456     8.231 f  cnn_accelerator_system_i/mig_7series_0/u_cnn_accelerator_system_mig_7series_0_0_mig/u_ddr3_infrastructure/rstdiv0_sync_r1_reg_rep__8/Q
                         net (fo=1, routed)           0.404     8.635    cnn_accelerator_system_i/mig_7series_0/u_cnn_accelerator_system_mig_7series_0_0_mig/u_ddr3_infrastructure/rstdiv0_sync_r1_reg_rep__8_n_0
    SLICE_X33Y157        LUT1 (Prop_lut1_I0_O)        0.124     8.759 f  cnn_accelerator_system_i/mig_7series_0/u_cnn_accelerator_system_mig_7series_0_0_mig/u_ddr3_infrastructure/rstdiv0_sync_r1_inst_rep__7/O
                         net (fo=47, routed)          4.525    13.284    cnn_accelerator_system_i/mig_7series_0/u_cnn_accelerator_system_mig_7series_0_0_mig/u_memc_ui_top_axi/mem_intfc0/ddr_phy_top0/u_ddr_calib_top/u_ddr_phy_init/phy_reset_n_reg_0
    SLICE_X70Y145        FDCE                                         f  cnn_accelerator_system_i/mig_7series_0/u_cnn_accelerator_system_mig_7series_0_0_mig/u_memc_ui_top_axi/mem_intfc0/ddr_phy_top0/u_ddr_calib_top/u_ddr_phy_init/phy_reset_n_reg/CLR
  -------------------------------------------------------------------    -------------------

                         (clock clk_pll_i rise edge)
                                                     12.308    12.308 r
    E3                                                0.000    12.308 r  CLK100MHZ (IN)
                         net (fo=0)                   0.000    12.308    CLK100MHZ
    E3                   IBUF (Prop_ibuf_I_O)         1.411    13.719 r  CLK100MHZ_IBUF_inst/O
                         net (fo=1, routed)           1.920    15.639    cnn_accelerator_system_i/util_ds_buf_0/U0/BUFG_I[0]
    BUFGCTRL_X0Y16       BUFG (Prop_bufg_I_O)         0.091    15.730 r  cnn_accelerator_system_i/util_ds_buf_0/U0/USE_BUFG.GEN_BUFG[0].BUFG_U/O
                         net (fo=2, routed)           1.544    17.274    cnn_accelerator_system_i/mig_7series_0/u_cnn_accelerator_system_mig_7series_0_0_mig/u_ddr3_infrastructure/mmcm_clk
    PLLE2_ADV_X1Y1       PLLE2_ADV (Prop_plle2_adv_CLKIN1_CLKOUT3)
                                                      0.083    17.357 r  cnn_accelerator_system_i/mig_7series_0/u_cnn_accelerator_system_mig_7series_0_0_mig/u_ddr3_infrastructure/plle2_i/CLKOUT3
                         net (fo=1, routed)           1.205    18.562    cnn_accelerator_system_i/mig_7series_0/u_cnn_accelerator_system_mig_7series_0_0_mig/u_ddr3_infrastructure/pll_clk3_out
    BUFHCE_X1Y12         BUFH (Prop_bufh_I_O)         0.081    18.643 r  cnn_accelerator_system_i/mig_7series_0/u_cnn_accelerator_system_mig_7series_0_0_mig/u_ddr3_infrastructure/u_bufh_pll_clk3/O
                         net (fo=1, routed)           0.799    19.442    cnn_accelerator_system_i/mig_7series_0/u_cnn_accelerator_system_mig_7series_0_0_mig/u_ddr3_infrastructure/pll_clk3
    MMCME2_ADV_X1Y1      MMCME2_ADV (Prop_mmcme2_adv_CLKIN1_CLKFBOUT)
                                                     -3.249    16.193 r  cnn_accelerator_system_i/mig_7series_0/u_cnn_accelerator_system_mig_7series_0_0_mig/u_ddr3_infrastructure/gen_mmcm.mmcm_i/CLKFBOUT
                         net (fo=1, routed)           1.639    17.832    cnn_accelerator_system_i/mig_7series_0/u_cnn_accelerator_system_mig_7series_0_0_mig/u_ddr3_infrastructure/clk_pll_i
    BUFGCTRL_X0Y1        BUFG (Prop_bufg_I_O)         0.091    17.923 r  cnn_accelerator_system_i/mig_7series_0/u_cnn_accelerator_system_mig_7series_0_0_mig/u_ddr3_infrastructure/u_bufg_clkdiv0/O
                         net (fo=6189, routed)        1.499    19.422    cnn_accelerator_system_i/mig_7series_0/u_cnn_accelerator_system_mig_7series_0_0_mig/u_memc_ui_top_axi/mem_intfc0/ddr_phy_top0/u_ddr_calib_top/u_ddr_phy_init/rdlvl_start_dly0_r_reg[14]_0
    SLICE_X70Y145        FDCE                                         r  cnn_accelerator_system_i/mig_7series_0/u_cnn_accelerator_system_mig_7series_0_0_mig/u_memc_ui_top_axi/mem_intfc0/ddr_phy_top0/u_ddr_calib_top/u_ddr_phy_init/phy_reset_n_reg/C
                         clock pessimism              0.356    19.778
                         clock uncertainty           -0.068    19.710
    SLICE_X70Y145        FDCE (Recov_fdce_C_CLR)     -0.319    19.391    cnn_accelerator_system_i/mig_7series_0/u_cnn_accelerator_system_mig_7series_0_0_mig/u_memc_ui_top_axi/mem_intfc0/ddr_phy_top0/u_ddr_calib_top/u_ddr_phy_init/phy_reset_n_reg
  -------------------------------------------------------------------
                         required time                         19.391
                         arrival time                         -13.284
  -------------------------------------------------------------------
                         slack                                  6.107





Min Delay Paths
--------------------------------------------------------------------------------------
Slack (MET) :             0.379ns  (arrival time - required time)
  Source:                 cnn_accelerator_system_i/ram_interconnect/m00_couplers/auto_cc/inst/gen_clock_conv.gen_async_conv.asyncfifo_axi/inst_fifo_gen/gaxi_full_lite.gwrite_ch.gwdch2.axi_wdch/grf.rf/rstblk/ngwrdrst.grst.g7serrst.gnsckt_wrst.gic_rst.rst_rd_reg2_inst/arststages_ff_reg[1]/C
                            (rising edge-triggered cell FDPE clocked by clk_pll_i  {rise@0.000ns fall@6.154ns period=12.308ns})
  Destination:            cnn_accelerator_system_i/ram_interconnect/m00_couplers/auto_cc/inst/gen_clock_conv.gen_async_conv.asyncfifo_axi/inst_fifo_gen/gaxi_full_lite.gwrite_ch.gwdch2.axi_wdch/grf.rf/rstblk/ngwrdrst.grst.g7serrst.gnsckt_wrst.gic_rst.wr_rst_rd_ext_reg[0]/CLR
                            (removal check against rising-edge clock clk_pll_i  {rise@0.000ns fall@6.154ns period=12.308ns})
  Path Group:             **async_default**
  Path Type:              Removal (Min at Fast Process Corner)
  Requirement:            0.000ns  (clk_pll_i rise@0.000ns - clk_pll_i rise@0.000ns)
  Data Path Delay:        0.247ns  (logic 0.128ns (51.789%)  route 0.119ns (48.211%))
  Logic Levels:           0
  Clock Path Skew:        0.014ns (DCD - SCD - CPR)
    Destination Clock Delay (DCD):    3.034ns
    Source Clock Delay      (SCD):    2.225ns
    Clock Pessimism Removal (CPR):    0.794ns

    Location             Delay type                Incr(ns)  Path(ns)    Netlist Resource(s)
  -------------------------------------------------------------------    -------------------
                         (clock clk_pll_i rise edge)
                                                      0.000     0.000 r
    E3                                                0.000     0.000 r  CLK100MHZ (IN)
                         net (fo=0)                   0.000     0.000    CLK100MHZ
    E3                   IBUF (Prop_ibuf_I_O)         0.250     0.250 r  CLK100MHZ_IBUF_inst/O
                         net (fo=1, routed)           0.644     0.894    cnn_accelerator_system_i/util_ds_buf_0/U0/BUFG_I[0]
    BUFGCTRL_X0Y16       BUFG (Prop_bufg_I_O)         0.026     0.920 r  cnn_accelerator_system_i/util_ds_buf_0/U0/USE_BUFG.GEN_BUFG[0].BUFG_U/O
                         net (fo=2, routed)           0.566     1.485    cnn_accelerator_system_i/mig_7series_0/u_cnn_accelerator_system_mig_7series_0_0_mig/u_ddr3_infrastructure/mmcm_clk
    PLLE2_ADV_X1Y1       PLLE2_ADV (Prop_plle2_adv_CLKIN1_CLKOUT3)
                                                      0.050     1.535 r  cnn_accelerator_system_i/mig_7series_0/u_cnn_accelerator_system_mig_7series_0_0_mig/u_ddr3_infrastructure/plle2_i/CLKOUT3
                         net (fo=1, routed)           0.394     1.929    cnn_accelerator_system_i/mig_7series_0/u_cnn_accelerator_system_mig_7series_0_0_mig/u_ddr3_infrastructure/pll_clk3_out
    BUFHCE_X1Y12         BUFH (Prop_bufh_I_O)         0.020     1.949 r  cnn_accelerator_system_i/mig_7series_0/u_cnn_accelerator_system_mig_7series_0_0_mig/u_ddr3_infrastructure/u_bufh_pll_clk3/O
                         net (fo=1, routed)           0.269     2.218    cnn_accelerator_system_i/mig_7series_0/u_cnn_accelerator_system_mig_7series_0_0_mig/u_ddr3_infrastructure/pll_clk3
    MMCME2_ADV_X1Y1      MMCME2_ADV (Prop_mmcme2_adv_CLKIN1_CLKFBOUT)
                                                     -1.083     1.135 r  cnn_accelerator_system_i/mig_7series_0/u_cnn_accelerator_system_mig_7series_0_0_mig/u_ddr3_infrastructure/gen_mmcm.mmcm_i/CLKFBOUT
                         net (fo=1, routed)           0.499     1.634    cnn_accelerator_system_i/mig_7series_0/u_cnn_accelerator_system_mig_7series_0_0_mig/u_ddr3_infrastructure/clk_pll_i
    BUFGCTRL_X0Y1        BUFG (Prop_bufg_I_O)         0.026     1.660 r  cnn_accelerator_system_i/mig_7series_0/u_cnn_accelerator_system_mig_7series_0_0_mig/u_ddr3_infrastructure/u_bufg_clkdiv0/O
                         net (fo=6189, routed)        0.566     2.225    cnn_accelerator_system_i/ram_interconnect/m00_couplers/auto_cc/inst/gen_clock_conv.gen_async_conv.asyncfifo_axi/inst_fifo_gen/gaxi_full_lite.gwrite_ch.gwdch2.axi_wdch/grf.rf/rstblk/ngwrdrst.grst.g7serrst.gnsckt_wrst.gic_rst.rst_rd_reg2_inst/dest_clk
    SLICE_X33Y62         FDPE                                         r  cnn_accelerator_system_i/ram_interconnect/m00_couplers/auto_cc/inst/gen_clock_conv.gen_async_conv.asyncfifo_axi/inst_fifo_gen/gaxi_full_lite.gwrite_ch.gwdch2.axi_wdch/grf.rf/rstblk/ngwrdrst.grst.g7serrst.gnsckt_wrst.gic_rst.rst_rd_reg2_inst/arststages_ff_reg[1]/C
  -------------------------------------------------------------------    -------------------
    SLICE_X33Y62         FDPE (Prop_fdpe_C_Q)         0.128     2.353 f  cnn_accelerator_system_i/ram_interconnect/m00_couplers/auto_cc/inst/gen_clock_conv.gen_async_conv.asyncfifo_axi/inst_fifo_gen/gaxi_full_lite.gwrite_ch.gwdch2.axi_wdch/grf.rf/rstblk/ngwrdrst.grst.g7serrst.gnsckt_wrst.gic_rst.rst_rd_reg2_inst/arststages_ff_reg[1]/Q
                         net (fo=3, routed)           0.119     2.472    cnn_accelerator_system_i/ram_interconnect/m00_couplers/auto_cc/inst/gen_clock_conv.gen_async_conv.asyncfifo_axi/inst_fifo_gen/gaxi_full_lite.gwrite_ch.gwdch2.axi_wdch/grf.rf/rstblk/ngwrdrst.grst.rst_rd_reg2
    SLICE_X33Y63         FDCE                                         f  cnn_accelerator_system_i/ram_interconnect/m00_couplers/auto_cc/inst/gen_clock_conv.gen_async_conv.asyncfifo_axi/inst_fifo_gen/gaxi_full_lite.gwrite_ch.gwdch2.axi_wdch/grf.rf/rstblk/ngwrdrst.grst.g7serrst.gnsckt_wrst.gic_rst.wr_rst_rd_ext_reg[0]/CLR
  -------------------------------------------------------------------    -------------------

                         (clock clk_pll_i rise edge)
                                                      0.000     0.000 r
    E3                                                0.000     0.000 r  CLK100MHZ (IN)
                         net (fo=0)                   0.000     0.000    CLK100MHZ
    E3                   IBUF (Prop_ibuf_I_O)         0.438     0.438 r  CLK100MHZ_IBUF_inst/O
                         net (fo=1, routed)           0.699     1.136    cnn_accelerator_system_i/util_ds_buf_0/U0/BUFG_I[0]
    BUFGCTRL_X0Y16       BUFG (Prop_bufg_I_O)         0.029     1.165 r  cnn_accelerator_system_i/util_ds_buf_0/U0/USE_BUFG.GEN_BUFG[0].BUFG_U/O
                         net (fo=2, routed)           0.835     2.000    cnn_accelerator_system_i/mig_7series_0/u_cnn_accelerator_system_mig_7series_0_0_mig/u_ddr3_infrastructure/mmcm_clk
    PLLE2_ADV_X1Y1       PLLE2_ADV (Prop_plle2_adv_CLKIN1_CLKOUT3)
                                                      0.053     2.053 r  cnn_accelerator_system_i/mig_7series_0/u_cnn_accelerator_system_mig_7series_0_0_mig/u_ddr3_infrastructure/plle2_i/CLKOUT3
                         net (fo=1, routed)           0.437     2.490    cnn_accelerator_system_i/mig_7series_0/u_cnn_accelerator_system_mig_7series_0_0_mig/u_ddr3_infrastructure/pll_clk3_out
    BUFHCE_X1Y12         BUFH (Prop_bufh_I_O)         0.043     2.533 r  cnn_accelerator_system_i/mig_7series_0/u_cnn_accelerator_system_mig_7series_0_0_mig/u_ddr3_infrastructure/u_bufh_pll_clk3/O
                         net (fo=1, routed)           0.494     3.027    cnn_accelerator_system_i/mig_7series_0/u_cnn_accelerator_system_mig_7series_0_0_mig/u_ddr3_infrastructure/pll_clk3
    MMCME2_ADV_X1Y1      MMCME2_ADV (Prop_mmcme2_adv_CLKIN1_CLKFBOUT)
                                                     -1.400     1.627 r  cnn_accelerator_system_i/mig_7series_0/u_cnn_accelerator_system_mig_7series_0_0_mig/u_ddr3_infrastructure/gen_mmcm.mmcm_i/CLKFBOUT
                         net (fo=1, routed)           0.544     2.170    cnn_accelerator_system_i/mig_7series_0/u_cnn_accelerator_system_mig_7series_0_0_mig/u_ddr3_infrastructure/clk_pll_i
    BUFGCTRL_X0Y1        BUFG (Prop_bufg_I_O)         0.029     2.199 r  cnn_accelerator_system_i/mig_7series_0/u_cnn_accelerator_system_mig_7series_0_0_mig/u_ddr3_infrastructure/u_bufg_clkdiv0/O
                         net (fo=6189, routed)        0.835     3.034    cnn_accelerator_system_i/ram_interconnect/m00_couplers/auto_cc/inst/gen_clock_conv.gen_async_conv.asyncfifo_axi/inst_fifo_gen/gaxi_full_lite.gwrite_ch.gwdch2.axi_wdch/grf.rf/rstblk/m_aclk
    SLICE_X33Y63         FDCE                                         r  cnn_accelerator_system_i/ram_interconnect/m00_couplers/auto_cc/inst/gen_clock_conv.gen_async_conv.asyncfifo_axi/inst_fifo_gen/gaxi_full_lite.gwrite_ch.gwdch2.axi_wdch/grf.rf/rstblk/ngwrdrst.grst.g7serrst.gnsckt_wrst.gic_rst.wr_rst_rd_ext_reg[0]/C
                         clock pessimism             -0.794     2.239
    SLICE_X33Y63         FDCE (Remov_fdce_C_CLR)     -0.146     2.093    cnn_accelerator_system_i/ram_interconnect/m00_couplers/auto_cc/inst/gen_clock_conv.gen_async_conv.asyncfifo_axi/inst_fifo_gen/gaxi_full_lite.gwrite_ch.gwdch2.axi_wdch/grf.rf/rstblk/ngwrdrst.grst.g7serrst.gnsckt_wrst.gic_rst.wr_rst_rd_ext_reg[0]
  -------------------------------------------------------------------
                         required time                         -2.093
                         arrival time                           2.472
  -------------------------------------------------------------------
                         slack                                  0.379





---------------------------------------------------------------------------------------------------
Path Group:  **default**
From Clock:  clk_pll_i
  To Clock:

Setup :            0  Failing Endpoints,  Worst Slack        1.175ns,  Total Violation        0.000ns
Hold  :           NA  Failing Endpoints,  Worst Slack           NA  ,  Total Violation           NA
---------------------------------------------------------------------------------------------------


Max Delay Paths
--------------------------------------------------------------------------------------
Slack (MET) :             1.175ns  (required time - arrival time)
  Source:                 cnn_accelerator_system_i/mig_7series_0/u_cnn_accelerator_system_mig_7series_0_0_mig/u_ddr3_infrastructure/rstdiv0_sync_r1_reg_rep/C
                            (rising edge-triggered cell FDPE clocked by clk_pll_i  {rise@0.000ns fall@6.154ns period=12.308ns})
  Destination:            cnn_accelerator_system_i/mig_7series_0/u_cnn_accelerator_system_mig_7series_0_0_mig/u_memc_ui_top_axi/mem_intfc0/ddr_phy_top0/u_ddr_mc_phy_wrapper/u_ddr_mc_phy/ddr_phy_4lanes_0.u_ddr_phy_4lanes/phy_control_i/RESET
  Path Group:             **default**
  Path Type:              Max at Slow Process Corner
  Requirement:            5.000ns  (MaxDelay Path 5.000ns)
  Data Path Delay:        3.825ns  (logic 0.580ns (15.165%)  route 3.245ns (84.835%))
  Logic Levels:           1  (LUT1=1)
  Output Delay:           0.000ns
  Timing Exception:       MaxDelay Path 5.000ns -datapath_only

    Location             Delay type                Incr(ns)  Path(ns)    Netlist Resource(s)
  -------------------------------------------------------------------    -------------------
    SLICE_X29Y123                                     0.000     0.000 r  cnn_accelerator_system_i/mig_7series_0/u_cnn_accelerator_system_mig_7series_0_0_mig/u_ddr3_infrastructure/rstdiv0_sync_r1_reg_rep/C
    SLICE_X29Y123        FDPE (Prop_fdpe_C_Q)         0.456     0.456 r  cnn_accelerator_system_i/mig_7series_0/u_cnn_accelerator_system_mig_7series_0_0_mig/u_ddr3_infrastructure/rstdiv0_sync_r1_reg_rep/Q
                         net (fo=1, routed)           0.403     0.859    cnn_accelerator_system_i/mig_7series_0/u_cnn_accelerator_system_mig_7series_0_0_mig/u_ddr3_infrastructure/rstdiv0_sync_r1_reg_rep_n_0
    SLICE_X29Y123        LUT1 (Prop_lut1_I0_O)        0.124     0.983 r  cnn_accelerator_system_i/mig_7series_0/u_cnn_accelerator_system_mig_7series_0_0_mig/u_ddr3_infrastructure/rstdiv0_sync_r1_inst/O
                         net (fo=48, routed)          2.841     3.825    cnn_accelerator_system_i/mig_7series_0/u_cnn_accelerator_system_mig_7series_0_0_mig/u_memc_ui_top_axi/mem_intfc0/ddr_phy_top0/u_ddr_mc_phy_wrapper/u_ddr_mc_phy/ddr_phy_4lanes_0.u_ddr_phy_4lanes/phy_control_i_0
    PHY_CONTROL_X1Y1     PHY_CONTROL                                  r  cnn_accelerator_system_i/mig_7series_0/u_cnn_accelerator_system_mig_7series_0_0_mig/u_memc_ui_top_axi/mem_intfc0/ddr_phy_top0/u_ddr_mc_phy_wrapper/u_ddr_mc_phy/ddr_phy_4lanes_0.u_ddr_phy_4lanes/phy_control_i/RESET
  -------------------------------------------------------------------    -------------------

                         max delay                    5.000     5.000
    PHY_CONTROL_X1Y1     PHY_CONTROL                  0.000     5.000    cnn_accelerator_system_i/mig_7series_0/u_cnn_accelerator_system_mig_7series_0_0_mig/u_memc_ui_top_axi/mem_intfc0/ddr_phy_top0/u_ddr_mc_phy_wrapper/u_ddr_mc_phy/ddr_phy_4lanes_0.u_ddr_phy_4lanes/phy_control_i
                         output delay                -0.000     5.000
  -------------------------------------------------------------------
                         required time                          5.000
                         arrival time                          -3.825
  -------------------------------------------------------------------
                         slack                                  1.175





report_timing_summary: Time (s): cpu = 00:00:42 ; elapsed = 00:00:27 . Memory (MB): peak = 10106.285 ; gain = 0.000
