Copyright 1986-2022 Xilinx, Inc. All Rights Reserved. Copyright 2022-2024 Advanced Micro Devices, Inc. All Rights Reserved.
--------------------------------------------------------------------------------------------------------------------------------------------------------------
| Tool Version : Vivado v.2024.1 (win64) Build 5076996 Wed May 22 18:37:14 MDT 2024
| Date         : Tue Jun 16 15:19:18 2026
| Host         : DOHYUNKIM266E running 64-bit major release  (build 9200)
| Command      : report_timing -setup -slack_lesser_than 0 -max_paths 50 -nworst 1 -unique_pins -input_pins -nets -file C:/Users/gimdohyeon/wino_paths146.rpt
| Design       : cnn_accelerator_system_wrapper
| Device       : 7a100t-csg324
| Speed File   : -1  PRODUCTION 1.23 2018-06-13
| Design State : Routed
--------------------------------------------------------------------------------------------------------------------------------------------------------------

Timing Report

Slack (VIOLATED) :        -0.150ns  (required time - arrival time)
  Source:                 cnn_accelerator_system_i/cnn_accelerator_wino_0/inst/conv2/gic[2].grp_q_ic_reg_rep__8/C
                            (rising edge-triggered cell FDRE clocked by clk_out3_cnn_accelerator_system_clk_wiz_0_0  {rise@0.000ns fall@2.500ns period=5.000ns})
  Destination:            cnn_accelerator_system_i/cnn_accelerator_wino_0/inst/conv2/gic[2].u_it/tre_reg[2][1][10]/D
                            (rising edge-triggered cell FDRE clocked by clk_out3_cnn_accelerator_system_clk_wiz_0_0  {rise@0.000ns fall@2.500ns period=5.000ns})
  Path Group:             clk_out3_cnn_accelerator_system_clk_wiz_0_0
  Path Type:              Setup (Max at Slow Process Corner)
  Requirement:            5.000ns  (clk_out3_cnn_accelerator_system_clk_wiz_0_0 rise@5.000ns - clk_out3_cnn_accelerator_system_clk_wiz_0_0 rise@0.000ns)
  Data Path Delay:        5.027ns  (logic 1.790ns (35.605%)  route 3.237ns (64.395%))
  Logic Levels:           5  (CARRY4=2 LUT3=2 LUT5=1)
  Clock Path Skew:        -0.118ns (DCD - SCD + CPR)
    Destination Clock Delay (DCD):    4.931ns = ( 9.931 - 5.000 ) 
    Source Clock Delay      (SCD):    5.308ns
    Clock Pessimism Removal (CPR):    0.259ns
  Clock Uncertainty:      0.067ns  ((TSJ^2 + DJ^2)^1/2) / 2 + PE
    Total System Jitter     (TSJ):    0.071ns
    Discrete Jitter          (DJ):    0.113ns
    Phase Error              (PE):    0.000ns

    Location             Delay type                Incr(ns)  Path(ns)    Netlist Resource(s)
  -------------------------------------------------------------------    -------------------
                         (clock clk_out3_cnn_accelerator_system_clk_wiz_0_0 rise edge)
                                                      0.000     0.000 r  
    E3                                                0.000     0.000 r  CLK100MHZ (IN)
                         net (fo=0)                   0.000     0.000    CLK100MHZ
    E3                                                                r  CLK100MHZ_IBUF_inst/I
    E3                   IBUF (Prop_ibuf_I_O)         1.482     1.482 r  CLK100MHZ_IBUF_inst/O
                         net (fo=1, routed)           2.025     3.506    cnn_accelerator_system_i/util_ds_buf_0/U0/BUFG_I[0]
    BUFGCTRL_X0Y16                                                    r  cnn_accelerator_system_i/util_ds_buf_0/U0/USE_BUFG.GEN_BUFG[0].BUFG_U/I
    BUFGCTRL_X0Y16       BUFG (Prop_bufg_I_O)         0.096     3.602 r  cnn_accelerator_system_i/util_ds_buf_0/U0/USE_BUFG.GEN_BUFG[0].BUFG_U/O
                         net (fo=2, routed)           1.809     5.412    cnn_accelerator_system_i/clk_wiz_0/inst/clk_in1
    MMCME2_ADV_X0Y0                                                   r  cnn_accelerator_system_i/clk_wiz_0/inst/mmcm_adv_inst/CLKIN1
    MMCME2_ADV_X0Y0      MMCME2_ADV (Prop_mmcme2_adv_CLKIN1_CLKOUT2)
                                                     -3.922     1.490 r  cnn_accelerator_system_i/clk_wiz_0/inst/mmcm_adv_inst/CLKOUT2
                         net (fo=1, routed)           2.018     3.508    cnn_accelerator_system_i/clk_wiz_0/inst/clk_out3_cnn_accelerator_system_clk_wiz_0_0
    BUFGCTRL_X0Y2                                                     r  cnn_accelerator_system_i/clk_wiz_0/inst/clkout3_buf/I
    BUFGCTRL_X0Y2        BUFG (Prop_bufg_I_O)         0.096     3.604 r  cnn_accelerator_system_i/clk_wiz_0/inst/clkout3_buf/O
                         net (fo=52890, routed)       1.703     5.308    cnn_accelerator_system_i/cnn_accelerator_wino_0/inst/conv2/clk
    SLICE_X77Y80         FDRE                                         r  cnn_accelerator_system_i/cnn_accelerator_wino_0/inst/conv2/gic[2].grp_q_ic_reg_rep__8/C
  -------------------------------------------------------------------    -------------------
    SLICE_X77Y80         FDRE (Prop_fdre_C_Q)         0.456     5.764 r  cnn_accelerator_system_i/cnn_accelerator_wino_0/inst/conv2/gic[2].grp_q_ic_reg_rep__8/Q
                         net (fo=16, routed)          1.174     6.938    cnn_accelerator_system_i/cnn_accelerator_wino_0/inst/conv2/gic[2].u_it/i___205_0
    SLICE_X77Y84                                                      r  cnn_accelerator_system_i/cnn_accelerator_wino_0/inst/conv2/gic[2].u_it/i___31_i_3__1/I1
    SLICE_X77Y84         LUT3 (Prop_lut3_I1_O)        0.152     7.090 r  cnn_accelerator_system_i/cnn_accelerator_wino_0/inst/conv2/gic[2].u_it/i___31_i_3__1/O
                         net (fo=6, routed)           0.707     7.797    cnn_accelerator_system_i/cnn_accelerator_wino_0/inst/conv2/gic[2].u_it/gic[2].d_flat_ic[109]
    SLICE_X72Y84                                                      r  cnn_accelerator_system_i/cnn_accelerator_wino_0/inst/conv2/gic[2].u_it/i___31/I2
    SLICE_X72Y84         LUT3 (Prop_lut3_I2_O)        0.326     8.123 r  cnn_accelerator_system_i/cnn_accelerator_wino_0/inst/conv2/gic[2].u_it/i___31/O
                         net (fo=4, routed)           0.691     8.815    cnn_accelerator_system_i/cnn_accelerator_wino_0/inst/conv2/gic[2].u_it/i___31_n_0
    SLICE_X71Y86                                                      r  cnn_accelerator_system_i/cnn_accelerator_wino_0/inst/conv2/gic[2].u_it/tre[2][1][7]_i_3__1/I3
    SLICE_X71Y86         LUT5 (Prop_lut5_I3_O)        0.124     8.939 r  cnn_accelerator_system_i/cnn_accelerator_wino_0/inst/conv2/gic[2].u_it/tre[2][1][7]_i_3__1/O
                         net (fo=2, routed)           0.665     9.603    cnn_accelerator_system_i/cnn_accelerator_wino_0/inst/conv2/gic[2].u_it/tre[2][1][7]_i_3__1_n_0
    SLICE_X69Y86                                                      r  cnn_accelerator_system_i/cnn_accelerator_wino_0/inst/conv2/gic[2].u_it/tre_reg[2][1][7]_i_1__1/DI[2]
    SLICE_X69Y86         CARRY4 (Prop_carry4_DI[2]_CO[3])
                                                      0.398    10.001 r  cnn_accelerator_system_i/cnn_accelerator_wino_0/inst/conv2/gic[2].u_it/tre_reg[2][1][7]_i_1__1/CO[3]
                         net (fo=1, routed)           0.000    10.001    cnn_accelerator_system_i/cnn_accelerator_wino_0/inst/conv2/gic[2].u_it/tre_reg[2][1][7]_i_1__1_n_0
    SLICE_X69Y87                                                      r  cnn_accelerator_system_i/cnn_accelerator_wino_0/inst/conv2/gic[2].u_it/tre_reg[2][1][10]_i_1__1/CI
    SLICE_X69Y87         CARRY4 (Prop_carry4_CI_O[1])
                                                      0.334    10.335 r  cnn_accelerator_system_i/cnn_accelerator_wino_0/inst/conv2/gic[2].u_it/tre_reg[2][1][10]_i_1__1/O[1]
                         net (fo=1, routed)           0.000    10.335    cnn_accelerator_system_i/cnn_accelerator_wino_0/inst/conv2/gic[2].u_it/tre_c[2][1]_1128[10]
    SLICE_X69Y87         FDRE                                         r  cnn_accelerator_system_i/cnn_accelerator_wino_0/inst/conv2/gic[2].u_it/tre_reg[2][1][10]/D
  -------------------------------------------------------------------    -------------------

                         (clock clk_out3_cnn_accelerator_system_clk_wiz_0_0 rise edge)
                                                      5.000     5.000 r  
    E3                                                0.000     5.000 r  CLK100MHZ (IN)
                         net (fo=0)                   0.000     5.000    CLK100MHZ
    E3                                                                r  CLK100MHZ_IBUF_inst/I
    E3                   IBUF (Prop_ibuf_I_O)         1.411     6.411 r  CLK100MHZ_IBUF_inst/O
                         net (fo=1, routed)           1.920     8.331    cnn_accelerator_system_i/util_ds_buf_0/U0/BUFG_I[0]
    BUFGCTRL_X0Y16                                                    r  cnn_accelerator_system_i/util_ds_buf_0/U0/USE_BUFG.GEN_BUFG[0].BUFG_U/I
    BUFGCTRL_X0Y16       BUFG (Prop_bufg_I_O)         0.091     8.422 r  cnn_accelerator_system_i/util_ds_buf_0/U0/USE_BUFG.GEN_BUFG[0].BUFG_U/O
                         net (fo=2, routed)           1.683    10.105    cnn_accelerator_system_i/clk_wiz_0/inst/clk_in1
    MMCME2_ADV_X0Y0                                                   r  cnn_accelerator_system_i/clk_wiz_0/inst/mmcm_adv_inst/CLKIN1
    MMCME2_ADV_X0Y0      MMCME2_ADV (Prop_mmcme2_adv_CLKIN1_CLKOUT2)
                                                     -3.694     6.411 r  cnn_accelerator_system_i/clk_wiz_0/inst/mmcm_adv_inst/CLKOUT2
                         net (fo=1, routed)           1.923     8.334    cnn_accelerator_system_i/clk_wiz_0/inst/clk_out3_cnn_accelerator_system_clk_wiz_0_0
    BUFGCTRL_X0Y2                                                     r  cnn_accelerator_system_i/clk_wiz_0/inst/clkout3_buf/I
    BUFGCTRL_X0Y2        BUFG (Prop_bufg_I_O)         0.091     8.425 r  cnn_accelerator_system_i/clk_wiz_0/inst/clkout3_buf/O
                         net (fo=52890, routed)       1.505     9.931    cnn_accelerator_system_i/cnn_accelerator_wino_0/inst/conv2/gic[2].u_it/clk
    SLICE_X69Y87         FDRE                                         r  cnn_accelerator_system_i/cnn_accelerator_wino_0/inst/conv2/gic[2].u_it/tre_reg[2][1][10]/C
                         clock pessimism              0.259    10.190    
                         clock uncertainty           -0.067    10.123    
    SLICE_X69Y87         FDRE (Setup_fdre_C_D)        0.062    10.185    cnn_accelerator_system_i/cnn_accelerator_wino_0/inst/conv2/gic[2].u_it/tre_reg[2][1][10]
  -------------------------------------------------------------------
                         required time                         10.185    
                         arrival time                         -10.335    
  -------------------------------------------------------------------
                         slack                                 -0.150    

Slack (VIOLATED) :        -0.137ns  (required time - arrival time)
  Source:                 cnn_accelerator_system_i/cnn_accelerator_wino_0/inst/conv2/gic[1].grp_q_ic_reg_rep__1/C
                            (rising edge-triggered cell FDRE clocked by clk_out3_cnn_accelerator_system_clk_wiz_0_0  {rise@0.000ns fall@2.500ns period=5.000ns})
  Destination:            cnn_accelerator_system_i/cnn_accelerator_wino_0/inst/conv2/gic[1].u_it/tre_reg[2][3][10]/D
                            (rising edge-triggered cell FDRE clocked by clk_out3_cnn_accelerator_system_clk_wiz_0_0  {rise@0.000ns fall@2.500ns period=5.000ns})
  Path Group:             clk_out3_cnn_accelerator_system_clk_wiz_0_0
  Path Type:              Setup (Max at Slow Process Corner)
  Requirement:            5.000ns  (clk_out3_cnn_accelerator_system_clk_wiz_0_0 rise@5.000ns - clk_out3_cnn_accelerator_system_clk_wiz_0_0 rise@0.000ns)
  Data Path Delay:        5.029ns  (logic 1.746ns (34.722%)  route 3.283ns (65.278%))
  Logic Levels:           6  (CARRY4=2 LUT3=2 LUT5=1 LUT6=1)
  Clock Path Skew:        -0.103ns (DCD - SCD + CPR)
    Destination Clock Delay (DCD):    4.919ns = ( 9.919 - 5.000 ) 
    Source Clock Delay      (SCD):    5.208ns
    Clock Pessimism Removal (CPR):    0.186ns
  Clock Uncertainty:      0.067ns  ((TSJ^2 + DJ^2)^1/2) / 2 + PE
    Total System Jitter     (TSJ):    0.071ns
    Discrete Jitter          (DJ):    0.113ns
    Phase Error              (PE):    0.000ns

    Location             Delay type                Incr(ns)  Path(ns)    Netlist Resource(s)
  -------------------------------------------------------------------    -------------------
                         (clock clk_out3_cnn_accelerator_system_clk_wiz_0_0 rise edge)
                                                      0.000     0.000 r  
    E3                                                0.000     0.000 r  CLK100MHZ (IN)
                         net (fo=0)                   0.000     0.000    CLK100MHZ
    E3                                                                r  CLK100MHZ_IBUF_inst/I
    E3                   IBUF (Prop_ibuf_I_O)         1.482     1.482 r  CLK100MHZ_IBUF_inst/O
                         net (fo=1, routed)           2.025     3.506    cnn_accelerator_system_i/util_ds_buf_0/U0/BUFG_I[0]
    BUFGCTRL_X0Y16                                                    r  cnn_accelerator_system_i/util_ds_buf_0/U0/USE_BUFG.GEN_BUFG[0].BUFG_U/I
    BUFGCTRL_X0Y16       BUFG (Prop_bufg_I_O)         0.096     3.602 r  cnn_accelerator_system_i/util_ds_buf_0/U0/USE_BUFG.GEN_BUFG[0].BUFG_U/O
                         net (fo=2, routed)           1.809     5.412    cnn_accelerator_system_i/clk_wiz_0/inst/clk_in1
    MMCME2_ADV_X0Y0                                                   r  cnn_accelerator_system_i/clk_wiz_0/inst/mmcm_adv_inst/CLKIN1
    MMCME2_ADV_X0Y0      MMCME2_ADV (Prop_mmcme2_adv_CLKIN1_CLKOUT2)
                                                     -3.922     1.490 r  cnn_accelerator_system_i/clk_wiz_0/inst/mmcm_adv_inst/CLKOUT2
                         net (fo=1, routed)           2.018     3.508    cnn_accelerator_system_i/clk_wiz_0/inst/clk_out3_cnn_accelerator_system_clk_wiz_0_0
    BUFGCTRL_X0Y2                                                     r  cnn_accelerator_system_i/clk_wiz_0/inst/clkout3_buf/I
    BUFGCTRL_X0Y2        BUFG (Prop_bufg_I_O)         0.096     3.604 r  cnn_accelerator_system_i/clk_wiz_0/inst/clkout3_buf/O
                         net (fo=52890, routed)       1.604     5.208    cnn_accelerator_system_i/cnn_accelerator_wino_0/inst/conv2/clk
    SLICE_X54Y115        FDRE                                         r  cnn_accelerator_system_i/cnn_accelerator_wino_0/inst/conv2/gic[1].grp_q_ic_reg_rep__1/C
  -------------------------------------------------------------------    -------------------
    SLICE_X54Y115        FDRE (Prop_fdre_C_Q)         0.518     5.726 r  cnn_accelerator_system_i/cnn_accelerator_wino_0/inst/conv2/gic[1].grp_q_ic_reg_rep__1/Q
                         net (fo=16, routed)          0.934     6.660    cnn_accelerator_system_i/cnn_accelerator_wino_0/inst/conv2/gic[1].u_it/i___156_1
    SLICE_X49Y111                                                     r  cnn_accelerator_system_i/cnn_accelerator_wino_0/inst/conv2/gic[1].u_it/i___17_i_2__0/I1
    SLICE_X49Y111        LUT3 (Prop_lut3_I1_O)        0.124     6.784 r  cnn_accelerator_system_i/cnn_accelerator_wino_0/inst/conv2/gic[1].u_it/i___17_i_2__0/O
                         net (fo=9, routed)           0.966     7.750    cnn_accelerator_system_i/cnn_accelerator_wino_0/inst/conv2/gic[1].u_it/gic[1].d_flat_ic[221]
    SLICE_X58Y113                                                     r  cnn_accelerator_system_i/cnn_accelerator_wino_0/inst/conv2/gic[1].u_it/i___17/I1
    SLICE_X58Y113        LUT3 (Prop_lut3_I1_O)        0.124     7.874 r  cnn_accelerator_system_i/cnn_accelerator_wino_0/inst/conv2/gic[1].u_it/i___17/O
                         net (fo=4, routed)           0.753     8.627    cnn_accelerator_system_i/cnn_accelerator_wino_0/inst/conv2/gic[1].u_it/i___17_n_0
    SLICE_X48Y118                                                     r  cnn_accelerator_system_i/cnn_accelerator_wino_0/inst/conv2/gic[1].u_it/tre[2][3][7]_i_3__0/I3
    SLICE_X48Y118        LUT5 (Prop_lut5_I3_O)        0.124     8.751 r  cnn_accelerator_system_i/cnn_accelerator_wino_0/inst/conv2/gic[1].u_it/tre[2][3][7]_i_3__0/O
                         net (fo=2, routed)           0.630     9.381    cnn_accelerator_system_i/cnn_accelerator_wino_0/inst/conv2/gic[1].u_it/tre[2][3][7]_i_3__0_n_0
    SLICE_X49Y114                                                     r  cnn_accelerator_system_i/cnn_accelerator_wino_0/inst/conv2/gic[1].u_it/tre[2][3][7]_i_7__0/I0
    SLICE_X49Y114        LUT6 (Prop_lut6_I0_O)        0.124     9.505 r  cnn_accelerator_system_i/cnn_accelerator_wino_0/inst/conv2/gic[1].u_it/tre[2][3][7]_i_7__0/O
                         net (fo=1, routed)           0.000     9.505    cnn_accelerator_system_i/cnn_accelerator_wino_0/inst/conv2/gic[1].u_it/tre[2][3][7]_i_7__0_n_0
    SLICE_X49Y114                                                     r  cnn_accelerator_system_i/cnn_accelerator_wino_0/inst/conv2/gic[1].u_it/tre_reg[2][3][7]_i_1__0/S[2]
    SLICE_X49Y114        CARRY4 (Prop_carry4_S[2]_CO[3])
                                                      0.398     9.903 r  cnn_accelerator_system_i/cnn_accelerator_wino_0/inst/conv2/gic[1].u_it/tre_reg[2][3][7]_i_1__0/CO[3]
                         net (fo=1, routed)           0.000     9.903    cnn_accelerator_system_i/cnn_accelerator_wino_0/inst/conv2/gic[1].u_it/tre_reg[2][3][7]_i_1__0_n_0
    SLICE_X49Y115                                                     r  cnn_accelerator_system_i/cnn_accelerator_wino_0/inst/conv2/gic[1].u_it/tre_reg[2][3][10]_i_1__0/CI
    SLICE_X49Y115        CARRY4 (Prop_carry4_CI_O[1])
                                                      0.334    10.237 r  cnn_accelerator_system_i/cnn_accelerator_wino_0/inst/conv2/gic[1].u_it/tre_reg[2][3][10]_i_1__0/O[1]
                         net (fo=1, routed)           0.000    10.237    cnn_accelerator_system_i/cnn_accelerator_wino_0/inst/conv2/gic[1].u_it/tre_c[2][3]_1047[10]
    SLICE_X49Y115        FDRE                                         r  cnn_accelerator_system_i/cnn_accelerator_wino_0/inst/conv2/gic[1].u_it/tre_reg[2][3][10]/D
  -------------------------------------------------------------------    -------------------

                         (clock clk_out3_cnn_accelerator_system_clk_wiz_0_0 rise edge)
                                                      5.000     5.000 r  
    E3                                                0.000     5.000 r  CLK100MHZ (IN)
                         net (fo=0)                   0.000     5.000    CLK100MHZ
    E3                                                                r  CLK100MHZ_IBUF_inst/I
    E3                   IBUF (Prop_ibuf_I_O)         1.411     6.411 r  CLK100MHZ_IBUF_inst/O
                         net (fo=1, routed)           1.920     8.331    cnn_accelerator_system_i/util_ds_buf_0/U0/BUFG_I[0]
    BUFGCTRL_X0Y16                                                    r  cnn_accelerator_system_i/util_ds_buf_0/U0/USE_BUFG.GEN_BUFG[0].BUFG_U/I
    BUFGCTRL_X0Y16       BUFG (Prop_bufg_I_O)         0.091     8.422 r  cnn_accelerator_system_i/util_ds_buf_0/U0/USE_BUFG.GEN_BUFG[0].BUFG_U/O
                         net (fo=2, routed)           1.683    10.105    cnn_accelerator_system_i/clk_wiz_0/inst/clk_in1
    MMCME2_ADV_X0Y0                                                   r  cnn_accelerator_system_i/clk_wiz_0/inst/mmcm_adv_inst/CLKIN1
    MMCME2_ADV_X0Y0      MMCME2_ADV (Prop_mmcme2_adv_CLKIN1_CLKOUT2)
                                                     -3.694     6.411 r  cnn_accelerator_system_i/clk_wiz_0/inst/mmcm_adv_inst/CLKOUT2
                         net (fo=1, routed)           1.923     8.334    cnn_accelerator_system_i/clk_wiz_0/inst/clk_out3_cnn_accelerator_system_clk_wiz_0_0
    BUFGCTRL_X0Y2                                                     r  cnn_accelerator_system_i/clk_wiz_0/inst/clkout3_buf/I
    BUFGCTRL_X0Y2        BUFG (Prop_bufg_I_O)         0.091     8.425 r  cnn_accelerator_system_i/clk_wiz_0/inst/clkout3_buf/O
                         net (fo=52890, routed)       1.494     9.919    cnn_accelerator_system_i/cnn_accelerator_wino_0/inst/conv2/gic[1].u_it/clk
    SLICE_X49Y115        FDRE                                         r  cnn_accelerator_system_i/cnn_accelerator_wino_0/inst/conv2/gic[1].u_it/tre_reg[2][3][10]/C
                         clock pessimism              0.186    10.105    
                         clock uncertainty           -0.067    10.038    
    SLICE_X49Y115        FDRE (Setup_fdre_C_D)        0.062    10.100    cnn_accelerator_system_i/cnn_accelerator_wino_0/inst/conv2/gic[1].u_it/tre_reg[2][3][10]
  -------------------------------------------------------------------
                         required time                         10.100    
                         arrival time                         -10.237    
  -------------------------------------------------------------------
                         slack                                 -0.137    

Slack (VIOLATED) :        -0.117ns  (required time - arrival time)
  Source:                 cnn_accelerator_system_i/cnn_accelerator_wino_0/inst/conv2/gic[1].tile6_q_ic_reg[304]/C
                            (rising edge-triggered cell FDRE clocked by clk_out3_cnn_accelerator_system_clk_wiz_0_0  {rise@0.000ns fall@2.500ns period=5.000ns})
  Destination:            cnn_accelerator_system_i/cnn_accelerator_wino_0/inst/conv2/gic[1].u_it/tre_reg[2][1][10]/D
                            (rising edge-triggered cell FDRE clocked by clk_out3_cnn_accelerator_system_clk_wiz_0_0  {rise@0.000ns fall@2.500ns period=5.000ns})
  Path Group:             clk_out3_cnn_accelerator_system_clk_wiz_0_0
  Path Type:              Setup (Max at Slow Process Corner)
  Requirement:            5.000ns  (clk_out3_cnn_accelerator_system_clk_wiz_0_0 rise@5.000ns - clk_out3_cnn_accelerator_system_clk_wiz_0_0 rise@0.000ns)
  Data Path Delay:        4.999ns  (logic 2.046ns (40.931%)  route 2.953ns (59.069%))
  Logic Levels:           5  (CARRY4=3 LUT3=2)
  Clock Path Skew:        -0.113ns (DCD - SCD + CPR)
    Destination Clock Delay (DCD):    4.925ns = ( 9.925 - 5.000 ) 
    Source Clock Delay      (SCD):    5.224ns
    Clock Pessimism Removal (CPR):    0.186ns
  Clock Uncertainty:      0.067ns  ((TSJ^2 + DJ^2)^1/2) / 2 + PE
    Total System Jitter     (TSJ):    0.071ns
    Discrete Jitter          (DJ):    0.113ns
    Phase Error              (PE):    0.000ns

    Location             Delay type                Incr(ns)  Path(ns)    Netlist Resource(s)
  -------------------------------------------------------------------    -------------------
                         (clock clk_out3_cnn_accelerator_system_clk_wiz_0_0 rise edge)
                                                      0.000     0.000 r  
    E3                                                0.000     0.000 r  CLK100MHZ (IN)
                         net (fo=0)                   0.000     0.000    CLK100MHZ
    E3                                                                r  CLK100MHZ_IBUF_inst/I
    E3                   IBUF (Prop_ibuf_I_O)         1.482     1.482 r  CLK100MHZ_IBUF_inst/O
                         net (fo=1, routed)           2.025     3.506    cnn_accelerator_system_i/util_ds_buf_0/U0/BUFG_I[0]
    BUFGCTRL_X0Y16                                                    r  cnn_accelerator_system_i/util_ds_buf_0/U0/USE_BUFG.GEN_BUFG[0].BUFG_U/I
    BUFGCTRL_X0Y16       BUFG (Prop_bufg_I_O)         0.096     3.602 r  cnn_accelerator_system_i/util_ds_buf_0/U0/USE_BUFG.GEN_BUFG[0].BUFG_U/O
                         net (fo=2, routed)           1.809     5.412    cnn_accelerator_system_i/clk_wiz_0/inst/clk_in1
    MMCME2_ADV_X0Y0                                                   r  cnn_accelerator_system_i/clk_wiz_0/inst/mmcm_adv_inst/CLKIN1
    MMCME2_ADV_X0Y0      MMCME2_ADV (Prop_mmcme2_adv_CLKIN1_CLKOUT2)
                                                     -3.922     1.490 r  cnn_accelerator_system_i/clk_wiz_0/inst/mmcm_adv_inst/CLKOUT2
                         net (fo=1, routed)           2.018     3.508    cnn_accelerator_system_i/clk_wiz_0/inst/clk_out3_cnn_accelerator_system_clk_wiz_0_0
    BUFGCTRL_X0Y2                                                     r  cnn_accelerator_system_i/clk_wiz_0/inst/clkout3_buf/I
    BUFGCTRL_X0Y2        BUFG (Prop_bufg_I_O)         0.096     3.604 r  cnn_accelerator_system_i/clk_wiz_0/inst/clkout3_buf/O
                         net (fo=52890, routed)       1.620     5.224    cnn_accelerator_system_i/cnn_accelerator_wino_0/inst/conv2/clk
    SLICE_X71Y102        FDRE                                         r  cnn_accelerator_system_i/cnn_accelerator_wino_0/inst/conv2/gic[1].tile6_q_ic_reg[304]/C
  -------------------------------------------------------------------    -------------------
    SLICE_X71Y102        FDRE (Prop_fdre_C_Q)         0.419     5.643 r  cnn_accelerator_system_i/cnn_accelerator_wino_0/inst/conv2/gic[1].tile6_q_ic_reg[304]/Q
                         net (fo=2, routed)           1.012     6.656    cnn_accelerator_system_i/cnn_accelerator_wino_0/inst/conv2/gic[1].u_it/out[304]
    SLICE_X65Y105                                                     r  cnn_accelerator_system_i/cnn_accelerator_wino_0/inst/conv2/gic[1].u_it/i___27_rep_i_1__0/I2
    SLICE_X65Y105        LUT3 (Prop_lut3_I2_O)        0.327     6.983 r  cnn_accelerator_system_i/cnn_accelerator_wino_0/inst/conv2/gic[1].u_it/i___27_rep_i_1__0/O
                         net (fo=6, routed)           1.317     8.299    cnn_accelerator_system_i/cnn_accelerator_wino_0/inst/conv2/gic[1].u_it/gic[1].d_flat_ic[152]
    SLICE_X48Y103                                                     r  cnn_accelerator_system_i/cnn_accelerator_wino_0/inst/conv2/gic[1].u_it/tre[2][1][3]_i_5__0/I1
    SLICE_X48Y103        LUT3 (Prop_lut3_I1_O)        0.326     8.625 r  cnn_accelerator_system_i/cnn_accelerator_wino_0/inst/conv2/gic[1].u_it/tre[2][1][3]_i_5__0/O
                         net (fo=1, routed)           0.624     9.249    cnn_accelerator_system_i/cnn_accelerator_wino_0/inst/conv2/gic[1].u_it/tre[2][1][3]_i_5__0_n_0
    SLICE_X49Y104                                                     r  cnn_accelerator_system_i/cnn_accelerator_wino_0/inst/conv2/gic[1].u_it/tre_reg[2][1][3]_i_1__0/DI[0]
    SLICE_X49Y104        CARRY4 (Prop_carry4_DI[0]_CO[3])
                                                      0.526     9.775 r  cnn_accelerator_system_i/cnn_accelerator_wino_0/inst/conv2/gic[1].u_it/tre_reg[2][1][3]_i_1__0/CO[3]
                         net (fo=1, routed)           0.000     9.775    cnn_accelerator_system_i/cnn_accelerator_wino_0/inst/conv2/gic[1].u_it/tre_reg[2][1][3]_i_1__0_n_0
    SLICE_X49Y105                                                     r  cnn_accelerator_system_i/cnn_accelerator_wino_0/inst/conv2/gic[1].u_it/tre_reg[2][1][7]_i_1__0/CI
    SLICE_X49Y105        CARRY4 (Prop_carry4_CI_CO[3])
                                                      0.114     9.889 r  cnn_accelerator_system_i/cnn_accelerator_wino_0/inst/conv2/gic[1].u_it/tre_reg[2][1][7]_i_1__0/CO[3]
                         net (fo=1, routed)           0.000     9.889    cnn_accelerator_system_i/cnn_accelerator_wino_0/inst/conv2/gic[1].u_it/tre_reg[2][1][7]_i_1__0_n_0
    SLICE_X49Y106                                                     r  cnn_accelerator_system_i/cnn_accelerator_wino_0/inst/conv2/gic[1].u_it/tre_reg[2][1][10]_i_1__0/CI
    SLICE_X49Y106        CARRY4 (Prop_carry4_CI_O[1])
                                                      0.334    10.223 r  cnn_accelerator_system_i/cnn_accelerator_wino_0/inst/conv2/gic[1].u_it/tre_reg[2][1][10]_i_1__0/O[1]
                         net (fo=1, routed)           0.000    10.223    cnn_accelerator_system_i/cnn_accelerator_wino_0/inst/conv2/gic[1].u_it/tre_c[2][1]_1059[10]
    SLICE_X49Y106        FDRE                                         r  cnn_accelerator_system_i/cnn_accelerator_wino_0/inst/conv2/gic[1].u_it/tre_reg[2][1][10]/D
  -------------------------------------------------------------------    -------------------

                         (clock clk_out3_cnn_accelerator_system_clk_wiz_0_0 rise edge)
                                                      5.000     5.000 r  
    E3                                                0.000     5.000 r  CLK100MHZ (IN)
                         net (fo=0)                   0.000     5.000    CLK100MHZ
    E3                                                                r  CLK100MHZ_IBUF_inst/I
    E3                   IBUF (Prop_ibuf_I_O)         1.411     6.411 r  CLK100MHZ_IBUF_inst/O
                         net (fo=1, routed)           1.920     8.331    cnn_accelerator_system_i/util_ds_buf_0/U0/BUFG_I[0]
    BUFGCTRL_X0Y16                                                    r  cnn_accelerator_system_i/util_ds_buf_0/U0/USE_BUFG.GEN_BUFG[0].BUFG_U/I
    BUFGCTRL_X0Y16       BUFG (Prop_bufg_I_O)         0.091     8.422 r  cnn_accelerator_system_i/util_ds_buf_0/U0/USE_BUFG.GEN_BUFG[0].BUFG_U/O
                         net (fo=2, routed)           1.683    10.105    cnn_accelerator_system_i/clk_wiz_0/inst/clk_in1
    MMCME2_ADV_X0Y0                                                   r  cnn_accelerator_system_i/clk_wiz_0/inst/mmcm_adv_inst/CLKIN1
    MMCME2_ADV_X0Y0      MMCME2_ADV (Prop_mmcme2_adv_CLKIN1_CLKOUT2)
                                                     -3.694     6.411 r  cnn_accelerator_system_i/clk_wiz_0/inst/mmcm_adv_inst/CLKOUT2
                         net (fo=1, routed)           1.923     8.334    cnn_accelerator_system_i/clk_wiz_0/inst/clk_out3_cnn_accelerator_system_clk_wiz_0_0
    BUFGCTRL_X0Y2                                                     r  cnn_accelerator_system_i/clk_wiz_0/inst/clkout3_buf/I
    BUFGCTRL_X0Y2        BUFG (Prop_bufg_I_O)         0.091     8.425 r  cnn_accelerator_system_i/clk_wiz_0/inst/clkout3_buf/O
                         net (fo=52890, routed)       1.500     9.925    cnn_accelerator_system_i/cnn_accelerator_wino_0/inst/conv2/gic[1].u_it/clk
    SLICE_X49Y106        FDRE                                         r  cnn_accelerator_system_i/cnn_accelerator_wino_0/inst/conv2/gic[1].u_it/tre_reg[2][1][10]/C
                         clock pessimism              0.186    10.111    
                         clock uncertainty           -0.067    10.044    
    SLICE_X49Y106        FDRE (Setup_fdre_C_D)        0.062    10.106    cnn_accelerator_system_i/cnn_accelerator_wino_0/inst/conv2/gic[1].u_it/tre_reg[2][1][10]
  -------------------------------------------------------------------
                         required time                         10.106    
                         arrival time                         -10.223    
  -------------------------------------------------------------------
                         slack                                 -0.117    

Slack (VIOLATED) :        -0.091ns  (required time - arrival time)
  Source:                 cnn_accelerator_system_i/cnn_accelerator_wino_0/inst/conv2/gic[2].tile6_q_ic_reg[230]/C
                            (rising edge-triggered cell FDRE clocked by clk_out3_cnn_accelerator_system_clk_wiz_0_0  {rise@0.000ns fall@2.500ns period=5.000ns})
  Destination:            cnn_accelerator_system_i/cnn_accelerator_wino_0/inst/conv2/gic[2].u_it/tre_reg[2][2][10]/D
                            (rising edge-triggered cell FDRE clocked by clk_out3_cnn_accelerator_system_clk_wiz_0_0  {rise@0.000ns fall@2.500ns period=5.000ns})
  Path Group:             clk_out3_cnn_accelerator_system_clk_wiz_0_0
  Path Type:              Setup (Max at Slow Process Corner)
  Requirement:            5.000ns  (clk_out3_cnn_accelerator_system_clk_wiz_0_0 rise@5.000ns - clk_out3_cnn_accelerator_system_clk_wiz_0_0 rise@0.000ns)
  Data Path Delay:        5.067ns  (logic 1.609ns (31.756%)  route 3.458ns (68.244%))
  Logic Levels:           5  (CARRY4=2 LUT3=2 LUT5=1)
  Clock Path Skew:        -0.020ns (DCD - SCD + CPR)
    Destination Clock Delay (DCD):    4.932ns = ( 9.932 - 5.000 ) 
    Source Clock Delay      (SCD):    5.228ns
    Clock Pessimism Removal (CPR):    0.276ns
  Clock Uncertainty:      0.067ns  ((TSJ^2 + DJ^2)^1/2) / 2 + PE
    Total System Jitter     (TSJ):    0.071ns
    Discrete Jitter          (DJ):    0.113ns
    Phase Error              (PE):    0.000ns

    Location             Delay type                Incr(ns)  Path(ns)    Netlist Resource(s)
  -------------------------------------------------------------------    -------------------
                         (clock clk_out3_cnn_accelerator_system_clk_wiz_0_0 rise edge)
                                                      0.000     0.000 r  
    E3                                                0.000     0.000 r  CLK100MHZ (IN)
                         net (fo=0)                   0.000     0.000    CLK100MHZ
    E3                                                                r  CLK100MHZ_IBUF_inst/I
    E3                   IBUF (Prop_ibuf_I_O)         1.482     1.482 r  CLK100MHZ_IBUF_inst/O
                         net (fo=1, routed)           2.025     3.506    cnn_accelerator_system_i/util_ds_buf_0/U0/BUFG_I[0]
    BUFGCTRL_X0Y16                                                    r  cnn_accelerator_system_i/util_ds_buf_0/U0/USE_BUFG.GEN_BUFG[0].BUFG_U/I
    BUFGCTRL_X0Y16       BUFG (Prop_bufg_I_O)         0.096     3.602 r  cnn_accelerator_system_i/util_ds_buf_0/U0/USE_BUFG.GEN_BUFG[0].BUFG_U/O
                         net (fo=2, routed)           1.809     5.412    cnn_accelerator_system_i/clk_wiz_0/inst/clk_in1
    MMCME2_ADV_X0Y0                                                   r  cnn_accelerator_system_i/clk_wiz_0/inst/mmcm_adv_inst/CLKIN1
    MMCME2_ADV_X0Y0      MMCME2_ADV (Prop_mmcme2_adv_CLKIN1_CLKOUT2)
                                                     -3.922     1.490 r  cnn_accelerator_system_i/clk_wiz_0/inst/mmcm_adv_inst/CLKOUT2
                         net (fo=1, routed)           2.018     3.508    cnn_accelerator_system_i/clk_wiz_0/inst/clk_out3_cnn_accelerator_system_clk_wiz_0_0
    BUFGCTRL_X0Y2                                                     r  cnn_accelerator_system_i/clk_wiz_0/inst/clkout3_buf/I
    BUFGCTRL_X0Y2        BUFG (Prop_bufg_I_O)         0.096     3.604 r  cnn_accelerator_system_i/clk_wiz_0/inst/clkout3_buf/O
                         net (fo=52890, routed)       1.623     5.228    cnn_accelerator_system_i/cnn_accelerator_wino_0/inst/conv2/clk
    SLICE_X60Y86         FDRE                                         r  cnn_accelerator_system_i/cnn_accelerator_wino_0/inst/conv2/gic[2].tile6_q_ic_reg[230]/C
  -------------------------------------------------------------------    -------------------
    SLICE_X60Y86         FDRE (Prop_fdre_C_Q)         0.518     5.746 r  cnn_accelerator_system_i/cnn_accelerator_wino_0/inst/conv2/gic[2].tile6_q_ic_reg[230]/Q
                         net (fo=1, routed)           0.881     6.626    cnn_accelerator_system_i/cnn_accelerator_wino_0/inst/conv2/gic[2].u_it/out[230]
    SLICE_X61Y97                                                      r  cnn_accelerator_system_i/cnn_accelerator_wino_0/inst/conv2/gic[2].u_it/i___25_i_3__1/I2
    SLICE_X61Y97         LUT3 (Prop_lut3_I2_O)        0.124     6.750 r  cnn_accelerator_system_i/cnn_accelerator_wino_0/inst/conv2/gic[2].u_it/i___25_i_3__1/O
                         net (fo=8, routed)           0.851     7.601    cnn_accelerator_system_i/cnn_accelerator_wino_0/inst/conv2/gic[2].u_it/gic[2].d_flat_ic[118]
    SLICE_X64Y97                                                      r  cnn_accelerator_system_i/cnn_accelerator_wino_0/inst/conv2/gic[2].u_it/i___25/I2
    SLICE_X64Y97         LUT3 (Prop_lut3_I2_O)        0.124     7.725 r  cnn_accelerator_system_i/cnn_accelerator_wino_0/inst/conv2/gic[2].u_it/i___25/O
                         net (fo=4, routed)           0.879     8.604    cnn_accelerator_system_i/cnn_accelerator_wino_0/inst/conv2/gic[2].u_it/i___25_n_0
    SLICE_X61Y101                                                     r  cnn_accelerator_system_i/cnn_accelerator_wino_0/inst/conv2/gic[2].u_it/tre[2][2][7]_i_2__1/I3
    SLICE_X61Y101        LUT5 (Prop_lut5_I3_O)        0.124     8.728 r  cnn_accelerator_system_i/cnn_accelerator_wino_0/inst/conv2/gic[2].u_it/tre[2][2][7]_i_2__1/O
                         net (fo=2, routed)           0.847     9.575    cnn_accelerator_system_i/cnn_accelerator_wino_0/inst/conv2/gic[2].u_it/tre[2][2][7]_i_2__1_n_0
    SLICE_X61Y92                                                      r  cnn_accelerator_system_i/cnn_accelerator_wino_0/inst/conv2/gic[2].u_it/tre_reg[2][2][7]_i_1__1/DI[3]
    SLICE_X61Y92         CARRY4 (Prop_carry4_DI[3]_CO[3])
                                                      0.385     9.960 r  cnn_accelerator_system_i/cnn_accelerator_wino_0/inst/conv2/gic[2].u_it/tre_reg[2][2][7]_i_1__1/CO[3]
                         net (fo=1, routed)           0.000     9.960    cnn_accelerator_system_i/cnn_accelerator_wino_0/inst/conv2/gic[2].u_it/tre_reg[2][2][7]_i_1__1_n_0
    SLICE_X61Y93                                                      r  cnn_accelerator_system_i/cnn_accelerator_wino_0/inst/conv2/gic[2].u_it/tre_reg[2][2][10]_i_1__1/CI
    SLICE_X61Y93         CARRY4 (Prop_carry4_CI_O[1])
                                                      0.334    10.294 r  cnn_accelerator_system_i/cnn_accelerator_wino_0/inst/conv2/gic[2].u_it/tre_reg[2][2][10]_i_1__1/O[1]
                         net (fo=1, routed)           0.000    10.294    cnn_accelerator_system_i/cnn_accelerator_wino_0/inst/conv2/gic[2].u_it/tre_c[2][2]_1122[10]
    SLICE_X61Y93         FDRE                                         r  cnn_accelerator_system_i/cnn_accelerator_wino_0/inst/conv2/gic[2].u_it/tre_reg[2][2][10]/D
  -------------------------------------------------------------------    -------------------

                         (clock clk_out3_cnn_accelerator_system_clk_wiz_0_0 rise edge)
                                                      5.000     5.000 r  
    E3                                                0.000     5.000 r  CLK100MHZ (IN)
                         net (fo=0)                   0.000     5.000    CLK100MHZ
    E3                                                                r  CLK100MHZ_IBUF_inst/I
    E3                   IBUF (Prop_ibuf_I_O)         1.411     6.411 r  CLK100MHZ_IBUF_inst/O
                         net (fo=1, routed)           1.920     8.331    cnn_accelerator_system_i/util_ds_buf_0/U0/BUFG_I[0]
    BUFGCTRL_X0Y16                                                    r  cnn_accelerator_system_i/util_ds_buf_0/U0/USE_BUFG.GEN_BUFG[0].BUFG_U/I
    BUFGCTRL_X0Y16       BUFG (Prop_bufg_I_O)         0.091     8.422 r  cnn_accelerator_system_i/util_ds_buf_0/U0/USE_BUFG.GEN_BUFG[0].BUFG_U/O
                         net (fo=2, routed)           1.683    10.105    cnn_accelerator_system_i/clk_wiz_0/inst/clk_in1
    MMCME2_ADV_X0Y0                                                   r  cnn_accelerator_system_i/clk_wiz_0/inst/mmcm_adv_inst/CLKIN1
    MMCME2_ADV_X0Y0      MMCME2_ADV (Prop_mmcme2_adv_CLKIN1_CLKOUT2)
                                                     -3.694     6.411 r  cnn_accelerator_system_i/clk_wiz_0/inst/mmcm_adv_inst/CLKOUT2
                         net (fo=1, routed)           1.923     8.334    cnn_accelerator_system_i/clk_wiz_0/inst/clk_out3_cnn_accelerator_system_clk_wiz_0_0
    BUFGCTRL_X0Y2                                                     r  cnn_accelerator_system_i/clk_wiz_0/inst/clkout3_buf/I
    BUFGCTRL_X0Y2        BUFG (Prop_bufg_I_O)         0.091     8.425 r  cnn_accelerator_system_i/clk_wiz_0/inst/clkout3_buf/O
                         net (fo=52890, routed)       1.506     9.932    cnn_accelerator_system_i/cnn_accelerator_wino_0/inst/conv2/gic[2].u_it/clk
    SLICE_X61Y93         FDRE                                         r  cnn_accelerator_system_i/cnn_accelerator_wino_0/inst/conv2/gic[2].u_it/tre_reg[2][2][10]/C
                         clock pessimism              0.276    10.208    
                         clock uncertainty           -0.067    10.141    
    SLICE_X61Y93         FDRE (Setup_fdre_C_D)        0.062    10.203    cnn_accelerator_system_i/cnn_accelerator_wino_0/inst/conv2/gic[2].u_it/tre_reg[2][2][10]
  -------------------------------------------------------------------
                         required time                         10.203    
                         arrival time                         -10.294    
  -------------------------------------------------------------------
                         slack                                 -0.091    

Slack (VIOLATED) :        -0.065ns  (required time - arrival time)
  Source:                 cnn_accelerator_system_i/cnn_accelerator_wino_0/inst/conv2/gic[3].tile6_q_ic_reg[382]/C
                            (rising edge-triggered cell FDRE clocked by clk_out3_cnn_accelerator_system_clk_wiz_0_0  {rise@0.000ns fall@2.500ns period=5.000ns})
  Destination:            cnn_accelerator_system_i/cnn_accelerator_wino_0/inst/conv2/gic[3].u_it/tre_reg[1][5][10]/D
                            (rising edge-triggered cell FDRE clocked by clk_out3_cnn_accelerator_system_clk_wiz_0_0  {rise@0.000ns fall@2.500ns period=5.000ns})
  Path Group:             clk_out3_cnn_accelerator_system_clk_wiz_0_0
  Path Type:              Setup (Max at Slow Process Corner)
  Requirement:            5.000ns  (clk_out3_cnn_accelerator_system_clk_wiz_0_0 rise@5.000ns - clk_out3_cnn_accelerator_system_clk_wiz_0_0 rise@0.000ns)
  Data Path Delay:        4.949ns  (logic 1.749ns (35.342%)  route 3.200ns (64.658%))
  Logic Levels:           6  (CARRY4=2 LUT3=2 LUT5=1 LUT6=1)
  Clock Path Skew:        -0.112ns (DCD - SCD + CPR)
    Destination Clock Delay (DCD):    4.923ns = ( 9.923 - 5.000 ) 
    Source Clock Delay      (SCD):    5.222ns
    Clock Pessimism Removal (CPR):    0.187ns
  Clock Uncertainty:      0.067ns  ((TSJ^2 + DJ^2)^1/2) / 2 + PE
    Total System Jitter     (TSJ):    0.071ns
    Discrete Jitter          (DJ):    0.113ns
    Phase Error              (PE):    0.000ns

    Location             Delay type                Incr(ns)  Path(ns)    Netlist Resource(s)
  -------------------------------------------------------------------    -------------------
                         (clock clk_out3_cnn_accelerator_system_clk_wiz_0_0 rise edge)
                                                      0.000     0.000 r  
    E3                                                0.000     0.000 r  CLK100MHZ (IN)
                         net (fo=0)                   0.000     0.000    CLK100MHZ
    E3                                                                r  CLK100MHZ_IBUF_inst/I
    E3                   IBUF (Prop_ibuf_I_O)         1.482     1.482 r  CLK100MHZ_IBUF_inst/O
                         net (fo=1, routed)           2.025     3.506    cnn_accelerator_system_i/util_ds_buf_0/U0/BUFG_I[0]
    BUFGCTRL_X0Y16                                                    r  cnn_accelerator_system_i/util_ds_buf_0/U0/USE_BUFG.GEN_BUFG[0].BUFG_U/I
    BUFGCTRL_X0Y16       BUFG (Prop_bufg_I_O)         0.096     3.602 r  cnn_accelerator_system_i/util_ds_buf_0/U0/USE_BUFG.GEN_BUFG[0].BUFG_U/O
                         net (fo=2, routed)           1.809     5.412    cnn_accelerator_system_i/clk_wiz_0/inst/clk_in1
    MMCME2_ADV_X0Y0                                                   r  cnn_accelerator_system_i/clk_wiz_0/inst/mmcm_adv_inst/CLKIN1
    MMCME2_ADV_X0Y0      MMCME2_ADV (Prop_mmcme2_adv_CLKIN1_CLKOUT2)
                                                     -3.922     1.490 r  cnn_accelerator_system_i/clk_wiz_0/inst/mmcm_adv_inst/CLKOUT2
                         net (fo=1, routed)           2.018     3.508    cnn_accelerator_system_i/clk_wiz_0/inst/clk_out3_cnn_accelerator_system_clk_wiz_0_0
    BUFGCTRL_X0Y2                                                     r  cnn_accelerator_system_i/clk_wiz_0/inst/clkout3_buf/I
    BUFGCTRL_X0Y2        BUFG (Prop_bufg_I_O)         0.096     3.604 r  cnn_accelerator_system_i/clk_wiz_0/inst/clkout3_buf/O
                         net (fo=52890, routed)       1.617     5.222    cnn_accelerator_system_i/cnn_accelerator_wino_0/inst/conv2/clk
    SLICE_X58Y81         FDRE                                         r  cnn_accelerator_system_i/cnn_accelerator_wino_0/inst/conv2/gic[3].tile6_q_ic_reg[382]/C
  -------------------------------------------------------------------    -------------------
    SLICE_X58Y81         FDRE (Prop_fdre_C_Q)         0.518     5.740 r  cnn_accelerator_system_i/cnn_accelerator_wino_0/inst/conv2/gic[3].tile6_q_ic_reg[382]/Q
                         net (fo=1, routed)           1.029     6.769    cnn_accelerator_system_i/cnn_accelerator_wino_0/inst/conv2/gic[3].u_it/out[382]
    SLICE_X52Y80                                                      r  cnn_accelerator_system_i/cnn_accelerator_wino_0/inst/conv2/gic[3].u_it/i___39_i_1__2/I0
    SLICE_X52Y80         LUT3 (Prop_lut3_I0_O)        0.124     6.893 r  cnn_accelerator_system_i/cnn_accelerator_wino_0/inst/conv2/gic[3].u_it/i___39_i_1__2/O
                         net (fo=8, routed)           0.827     7.720    cnn_accelerator_system_i/cnn_accelerator_wino_0/inst/conv2/gic[3].u_it/gic[3].d_flat_ic[190]
    SLICE_X53Y84                                                      r  cnn_accelerator_system_i/cnn_accelerator_wino_0/inst/conv2/gic[3].u_it/i___39/I0
    SLICE_X53Y84         LUT3 (Prop_lut3_I0_O)        0.124     7.844 f  cnn_accelerator_system_i/cnn_accelerator_wino_0/inst/conv2/gic[3].u_it/i___39/O
                         net (fo=4, routed)           0.588     8.432    cnn_accelerator_system_i/cnn_accelerator_wino_0/inst/conv2/gic[3].u_it/i___39_n_0
    SLICE_X53Y83                                                      f  cnn_accelerator_system_i/cnn_accelerator_wino_0/inst/conv2/gic[3].u_it/tre[1][5][7]_i_2__2/I4
    SLICE_X53Y83         LUT5 (Prop_lut5_I4_O)        0.124     8.556 r  cnn_accelerator_system_i/cnn_accelerator_wino_0/inst/conv2/gic[3].u_it/tre[1][5][7]_i_2__2/O
                         net (fo=2, routed)           0.756     9.311    cnn_accelerator_system_i/cnn_accelerator_wino_0/inst/conv2/gic[3].u_it/tre[1][5][7]_i_2__2_n_0
    SLICE_X51Y79                                                      r  cnn_accelerator_system_i/cnn_accelerator_wino_0/inst/conv2/gic[3].u_it/tre[1][5][7]_i_6__2/I0
    SLICE_X51Y79         LUT6 (Prop_lut6_I0_O)        0.124     9.435 r  cnn_accelerator_system_i/cnn_accelerator_wino_0/inst/conv2/gic[3].u_it/tre[1][5][7]_i_6__2/O
                         net (fo=1, routed)           0.000     9.435    cnn_accelerator_system_i/cnn_accelerator_wino_0/inst/conv2/gic[3].u_it/tre[1][5][7]_i_6__2_n_0
    SLICE_X51Y79                                                      r  cnn_accelerator_system_i/cnn_accelerator_wino_0/inst/conv2/gic[3].u_it/tre_reg[1][5][7]_i_1__2/S[3]
    SLICE_X51Y79         CARRY4 (Prop_carry4_S[3]_CO[3])
                                                      0.401     9.836 r  cnn_accelerator_system_i/cnn_accelerator_wino_0/inst/conv2/gic[3].u_it/tre_reg[1][5][7]_i_1__2/CO[3]
                         net (fo=1, routed)           0.000     9.836    cnn_accelerator_system_i/cnn_accelerator_wino_0/inst/conv2/gic[3].u_it/tre_reg[1][5][7]_i_1__2_n_0
    SLICE_X51Y80                                                      r  cnn_accelerator_system_i/cnn_accelerator_wino_0/inst/conv2/gic[3].u_it/tre_reg[1][5][10]_i_1__2/CI
    SLICE_X51Y80         CARRY4 (Prop_carry4_CI_O[1])
                                                      0.334    10.170 r  cnn_accelerator_system_i/cnn_accelerator_wino_0/inst/conv2/gic[3].u_it/tre_reg[1][5][10]_i_1__2/O[1]
                         net (fo=1, routed)           0.000    10.170    cnn_accelerator_system_i/cnn_accelerator_wino_0/inst/conv2/gic[3].u_it/tre_c[1][5]_1202[10]
    SLICE_X51Y80         FDRE                                         r  cnn_accelerator_system_i/cnn_accelerator_wino_0/inst/conv2/gic[3].u_it/tre_reg[1][5][10]/D
  -------------------------------------------------------------------    -------------------

                         (clock clk_out3_cnn_accelerator_system_clk_wiz_0_0 rise edge)
                                                      5.000     5.000 r  
    E3                                                0.000     5.000 r  CLK100MHZ (IN)
                         net (fo=0)                   0.000     5.000    CLK100MHZ
    E3                                                                r  CLK100MHZ_IBUF_inst/I
    E3                   IBUF (Prop_ibuf_I_O)         1.411     6.411 r  CLK100MHZ_IBUF_inst/O
                         net (fo=1, routed)           1.920     8.331    cnn_accelerator_system_i/util_ds_buf_0/U0/BUFG_I[0]
    BUFGCTRL_X0Y16                                                    r  cnn_accelerator_system_i/util_ds_buf_0/U0/USE_BUFG.GEN_BUFG[0].BUFG_U/I
    BUFGCTRL_X0Y16       BUFG (Prop_bufg_I_O)         0.091     8.422 r  cnn_accelerator_system_i/util_ds_buf_0/U0/USE_BUFG.GEN_BUFG[0].BUFG_U/O
                         net (fo=2, routed)           1.683    10.105    cnn_accelerator_system_i/clk_wiz_0/inst/clk_in1
    MMCME2_ADV_X0Y0                                                   r  cnn_accelerator_system_i/clk_wiz_0/inst/mmcm_adv_inst/CLKIN1
    MMCME2_ADV_X0Y0      MMCME2_ADV (Prop_mmcme2_adv_CLKIN1_CLKOUT2)
                                                     -3.694     6.411 r  cnn_accelerator_system_i/clk_wiz_0/inst/mmcm_adv_inst/CLKOUT2
                         net (fo=1, routed)           1.923     8.334    cnn_accelerator_system_i/clk_wiz_0/inst/clk_out3_cnn_accelerator_system_clk_wiz_0_0
    BUFGCTRL_X0Y2                                                     r  cnn_accelerator_system_i/clk_wiz_0/inst/clkout3_buf/I
    BUFGCTRL_X0Y2        BUFG (Prop_bufg_I_O)         0.091     8.425 r  cnn_accelerator_system_i/clk_wiz_0/inst/clkout3_buf/O
                         net (fo=52890, routed)       1.497     9.923    cnn_accelerator_system_i/cnn_accelerator_wino_0/inst/conv2/gic[3].u_it/clk
    SLICE_X51Y80         FDRE                                         r  cnn_accelerator_system_i/cnn_accelerator_wino_0/inst/conv2/gic[3].u_it/tre_reg[1][5][10]/C
                         clock pessimism              0.187    10.110    
                         clock uncertainty           -0.067    10.043    
    SLICE_X51Y80         FDRE (Setup_fdre_C_D)        0.062    10.105    cnn_accelerator_system_i/cnn_accelerator_wino_0/inst/conv2/gic[3].u_it/tre_reg[1][5][10]
  -------------------------------------------------------------------
                         required time                         10.105    
                         arrival time                         -10.170    
  -------------------------------------------------------------------
                         slack                                 -0.065    

Slack (VIOLATED) :        -0.060ns  (required time - arrival time)
  Source:                 cnn_accelerator_system_i/cnn_accelerator_wino_0/inst/conv2/gic[3].tile6_q_ic_reg[219]/C
                            (rising edge-triggered cell FDRE clocked by clk_out3_cnn_accelerator_system_clk_wiz_0_0  {rise@0.000ns fall@2.500ns period=5.000ns})
  Destination:            cnn_accelerator_system_i/cnn_accelerator_wino_0/inst/conv2/gic[3].u_it/tre_reg[2][1][10]/D
                            (rising edge-triggered cell FDRE clocked by clk_out3_cnn_accelerator_system_clk_wiz_0_0  {rise@0.000ns fall@2.500ns period=5.000ns})
  Path Group:             clk_out3_cnn_accelerator_system_clk_wiz_0_0
  Path Type:              Setup (Max at Slow Process Corner)
  Requirement:            5.000ns  (clk_out3_cnn_accelerator_system_clk_wiz_0_0 rise@5.000ns - clk_out3_cnn_accelerator_system_clk_wiz_0_0 rise@0.000ns)
  Data Path Delay:        5.008ns  (logic 1.750ns (34.945%)  route 3.258ns (65.055%))
  Logic Levels:           5  (CARRY4=2 LUT3=2 LUT5=1)
  Clock Path Skew:        -0.047ns (DCD - SCD + CPR)
    Destination Clock Delay (DCD):    4.928ns = ( 9.928 - 5.000 ) 
    Source Clock Delay      (SCD):    5.234ns
    Clock Pessimism Removal (CPR):    0.259ns
  Clock Uncertainty:      0.067ns  ((TSJ^2 + DJ^2)^1/2) / 2 + PE
    Total System Jitter     (TSJ):    0.071ns
    Discrete Jitter          (DJ):    0.113ns
    Phase Error              (PE):    0.000ns

    Location             Delay type                Incr(ns)  Path(ns)    Netlist Resource(s)
  -------------------------------------------------------------------    -------------------
                         (clock clk_out3_cnn_accelerator_system_clk_wiz_0_0 rise edge)
                                                      0.000     0.000 r  
    E3                                                0.000     0.000 r  CLK100MHZ (IN)
                         net (fo=0)                   0.000     0.000    CLK100MHZ
    E3                                                                r  CLK100MHZ_IBUF_inst/I
    E3                   IBUF (Prop_ibuf_I_O)         1.482     1.482 r  CLK100MHZ_IBUF_inst/O
                         net (fo=1, routed)           2.025     3.506    cnn_accelerator_system_i/util_ds_buf_0/U0/BUFG_I[0]
    BUFGCTRL_X0Y16                                                    r  cnn_accelerator_system_i/util_ds_buf_0/U0/USE_BUFG.GEN_BUFG[0].BUFG_U/I
    BUFGCTRL_X0Y16       BUFG (Prop_bufg_I_O)         0.096     3.602 r  cnn_accelerator_system_i/util_ds_buf_0/U0/USE_BUFG.GEN_BUFG[0].BUFG_U/O
                         net (fo=2, routed)           1.809     5.412    cnn_accelerator_system_i/clk_wiz_0/inst/clk_in1
    MMCME2_ADV_X0Y0                                                   r  cnn_accelerator_system_i/clk_wiz_0/inst/mmcm_adv_inst/CLKIN1
    MMCME2_ADV_X0Y0      MMCME2_ADV (Prop_mmcme2_adv_CLKIN1_CLKOUT2)
                                                     -3.922     1.490 r  cnn_accelerator_system_i/clk_wiz_0/inst/mmcm_adv_inst/CLKOUT2
                         net (fo=1, routed)           2.018     3.508    cnn_accelerator_system_i/clk_wiz_0/inst/clk_out3_cnn_accelerator_system_clk_wiz_0_0
    BUFGCTRL_X0Y2                                                     r  cnn_accelerator_system_i/clk_wiz_0/inst/clkout3_buf/I
    BUFGCTRL_X0Y2        BUFG (Prop_bufg_I_O)         0.096     3.604 r  cnn_accelerator_system_i/clk_wiz_0/inst/clkout3_buf/O
                         net (fo=52890, routed)       1.629     5.234    cnn_accelerator_system_i/cnn_accelerator_wino_0/inst/conv2/clk
    SLICE_X70Y90         FDRE                                         r  cnn_accelerator_system_i/cnn_accelerator_wino_0/inst/conv2/gic[3].tile6_q_ic_reg[219]/C
  -------------------------------------------------------------------    -------------------
    SLICE_X70Y90         FDRE (Prop_fdre_C_Q)         0.518     5.752 r  cnn_accelerator_system_i/cnn_accelerator_wino_0/inst/conv2/gic[3].tile6_q_ic_reg[219]/Q
                         net (fo=1, routed)           0.914     6.666    cnn_accelerator_system_i/cnn_accelerator_wino_0/inst/conv2/gic[3].u_it/out[219]
    SLICE_X68Y94                                                      r  cnn_accelerator_system_i/cnn_accelerator_wino_0/inst/conv2/gic[3].u_it/i___29_i_3__2/I0
    SLICE_X68Y94         LUT3 (Prop_lut3_I0_O)        0.124     6.790 r  cnn_accelerator_system_i/cnn_accelerator_wino_0/inst/conv2/gic[3].u_it/i___29_i_3__2/O
                         net (fo=6, routed)           1.065     7.855    cnn_accelerator_system_i/cnn_accelerator_wino_0/inst/conv2/gic[3].u_it/gic[3].d_flat_ic[107]
    SLICE_X61Y101                                                     r  cnn_accelerator_system_i/cnn_accelerator_wino_0/inst/conv2/gic[3].u_it/i___29/I2
    SLICE_X61Y101        LUT3 (Prop_lut3_I2_O)        0.124     7.979 r  cnn_accelerator_system_i/cnn_accelerator_wino_0/inst/conv2/gic[3].u_it/i___29/O
                         net (fo=4, routed)           0.489     8.468    cnn_accelerator_system_i/cnn_accelerator_wino_0/inst/conv2/gic[3].u_it/i___29_n_0
    SLICE_X57Y101                                                     r  cnn_accelerator_system_i/cnn_accelerator_wino_0/inst/conv2/gic[3].u_it/tre[2][1][7]_i_5__2/I3
    SLICE_X57Y101        LUT5 (Prop_lut5_I3_O)        0.124     8.592 r  cnn_accelerator_system_i/cnn_accelerator_wino_0/inst/conv2/gic[3].u_it/tre[2][1][7]_i_5__2/O
                         net (fo=2, routed)           0.790     9.382    cnn_accelerator_system_i/cnn_accelerator_wino_0/inst/conv2/gic[3].u_it/tre[2][1][7]_i_5__2_n_0
    SLICE_X53Y98                                                      r  cnn_accelerator_system_i/cnn_accelerator_wino_0/inst/conv2/gic[3].u_it/tre_reg[2][1][7]_i_1__2/DI[0]
    SLICE_X53Y98         CARRY4 (Prop_carry4_DI[0]_CO[3])
                                                      0.526     9.908 r  cnn_accelerator_system_i/cnn_accelerator_wino_0/inst/conv2/gic[3].u_it/tre_reg[2][1][7]_i_1__2/CO[3]
                         net (fo=1, routed)           0.000     9.908    cnn_accelerator_system_i/cnn_accelerator_wino_0/inst/conv2/gic[3].u_it/tre_reg[2][1][7]_i_1__2_n_0
    SLICE_X53Y99                                                      r  cnn_accelerator_system_i/cnn_accelerator_wino_0/inst/conv2/gic[3].u_it/tre_reg[2][1][10]_i_1__2/CI
    SLICE_X53Y99         CARRY4 (Prop_carry4_CI_O[1])
                                                      0.334    10.242 r  cnn_accelerator_system_i/cnn_accelerator_wino_0/inst/conv2/gic[3].u_it/tre_reg[2][1][10]_i_1__2/O[1]
                         net (fo=1, routed)           0.000    10.242    cnn_accelerator_system_i/cnn_accelerator_wino_0/inst/conv2/gic[3].u_it/tre_c[2][1]_1197[10]
    SLICE_X53Y99         FDRE                                         r  cnn_accelerator_system_i/cnn_accelerator_wino_0/inst/conv2/gic[3].u_it/tre_reg[2][1][10]/D
  -------------------------------------------------------------------    -------------------

                         (clock clk_out3_cnn_accelerator_system_clk_wiz_0_0 rise edge)
                                                      5.000     5.000 r  
    E3                                                0.000     5.000 r  CLK100MHZ (IN)
                         net (fo=0)                   0.000     5.000    CLK100MHZ
    E3                                                                r  CLK100MHZ_IBUF_inst/I
    E3                   IBUF (Prop_ibuf_I_O)         1.411     6.411 r  CLK100MHZ_IBUF_inst/O
                         net (fo=1, routed)           1.920     8.331    cnn_accelerator_system_i/util_ds_buf_0/U0/BUFG_I[0]
    BUFGCTRL_X0Y16                                                    r  cnn_accelerator_system_i/util_ds_buf_0/U0/USE_BUFG.GEN_BUFG[0].BUFG_U/I
    BUFGCTRL_X0Y16       BUFG (Prop_bufg_I_O)         0.091     8.422 r  cnn_accelerator_system_i/util_ds_buf_0/U0/USE_BUFG.GEN_BUFG[0].BUFG_U/O
                         net (fo=2, routed)           1.683    10.105    cnn_accelerator_system_i/clk_wiz_0/inst/clk_in1
    MMCME2_ADV_X0Y0                                                   r  cnn_accelerator_system_i/clk_wiz_0/inst/mmcm_adv_inst/CLKIN1
    MMCME2_ADV_X0Y0      MMCME2_ADV (Prop_mmcme2_adv_CLKIN1_CLKOUT2)
                                                     -3.694     6.411 r  cnn_accelerator_system_i/clk_wiz_0/inst/mmcm_adv_inst/CLKOUT2
                         net (fo=1, routed)           1.923     8.334    cnn_accelerator_system_i/clk_wiz_0/inst/clk_out3_cnn_accelerator_system_clk_wiz_0_0
    BUFGCTRL_X0Y2                                                     r  cnn_accelerator_system_i/clk_wiz_0/inst/clkout3_buf/I
    BUFGCTRL_X0Y2        BUFG (Prop_bufg_I_O)         0.091     8.425 r  cnn_accelerator_system_i/clk_wiz_0/inst/clkout3_buf/O
                         net (fo=52890, routed)       1.502     9.928    cnn_accelerator_system_i/cnn_accelerator_wino_0/inst/conv2/gic[3].u_it/clk
    SLICE_X53Y99         FDRE                                         r  cnn_accelerator_system_i/cnn_accelerator_wino_0/inst/conv2/gic[3].u_it/tre_reg[2][1][10]/C
                         clock pessimism              0.259    10.187    
                         clock uncertainty           -0.067    10.120    
    SLICE_X53Y99         FDRE (Setup_fdre_C_D)        0.062    10.182    cnn_accelerator_system_i/cnn_accelerator_wino_0/inst/conv2/gic[3].u_it/tre_reg[2][1][10]
  -------------------------------------------------------------------
                         required time                         10.182    
                         arrival time                         -10.242    
  -------------------------------------------------------------------
                         slack                                 -0.060    

Slack (VIOLATED) :        -0.047ns  (required time - arrival time)
  Source:                 cnn_accelerator_system_i/cnn_accelerator_wino_0/inst/conv2/gic[2].tile6_q_ic_reg[435]/C
                            (rising edge-triggered cell FDRE clocked by clk_out3_cnn_accelerator_system_clk_wiz_0_0  {rise@0.000ns fall@2.500ns period=5.000ns})
  Destination:            cnn_accelerator_system_i/cnn_accelerator_wino_0/inst/conv2/gic[2].u_it/tre_reg[2][3][10]/D
                            (rising edge-triggered cell FDRE clocked by clk_out3_cnn_accelerator_system_clk_wiz_0_0  {rise@0.000ns fall@2.500ns period=5.000ns})
  Path Group:             clk_out3_cnn_accelerator_system_clk_wiz_0_0
  Path Type:              Setup (Max at Slow Process Corner)
  Requirement:            5.000ns  (clk_out3_cnn_accelerator_system_clk_wiz_0_0 rise@5.000ns - clk_out3_cnn_accelerator_system_clk_wiz_0_0 rise@0.000ns)
  Data Path Delay:        4.937ns  (logic 1.986ns (40.225%)  route 2.951ns (59.774%))
  Logic Levels:           5  (CARRY4=2 LUT3=2 LUT5=1)
  Clock Path Skew:        -0.105ns (DCD - SCD + CPR)
    Destination Clock Delay (DCD):    4.935ns = ( 9.935 - 5.000 ) 
    Source Clock Delay      (SCD):    5.227ns
    Clock Pessimism Removal (CPR):    0.187ns
  Clock Uncertainty:      0.067ns  ((TSJ^2 + DJ^2)^1/2) / 2 + PE
    Total System Jitter     (TSJ):    0.071ns
    Discrete Jitter          (DJ):    0.113ns
    Phase Error              (PE):    0.000ns

    Location             Delay type                Incr(ns)  Path(ns)    Netlist Resource(s)
  -------------------------------------------------------------------    -------------------
                         (clock clk_out3_cnn_accelerator_system_clk_wiz_0_0 rise edge)
                                                      0.000     0.000 r  
    E3                                                0.000     0.000 r  CLK100MHZ (IN)
                         net (fo=0)                   0.000     0.000    CLK100MHZ
    E3                                                                r  CLK100MHZ_IBUF_inst/I
    E3                   IBUF (Prop_ibuf_I_O)         1.482     1.482 r  CLK100MHZ_IBUF_inst/O
                         net (fo=1, routed)           2.025     3.506    cnn_accelerator_system_i/util_ds_buf_0/U0/BUFG_I[0]
    BUFGCTRL_X0Y16                                                    r  cnn_accelerator_system_i/util_ds_buf_0/U0/USE_BUFG.GEN_BUFG[0].BUFG_U/I
    BUFGCTRL_X0Y16       BUFG (Prop_bufg_I_O)         0.096     3.602 r  cnn_accelerator_system_i/util_ds_buf_0/U0/USE_BUFG.GEN_BUFG[0].BUFG_U/O
                         net (fo=2, routed)           1.809     5.412    cnn_accelerator_system_i/clk_wiz_0/inst/clk_in1
    MMCME2_ADV_X0Y0                                                   r  cnn_accelerator_system_i/clk_wiz_0/inst/mmcm_adv_inst/CLKIN1
    MMCME2_ADV_X0Y0      MMCME2_ADV (Prop_mmcme2_adv_CLKIN1_CLKOUT2)
                                                     -3.922     1.490 r  cnn_accelerator_system_i/clk_wiz_0/inst/mmcm_adv_inst/CLKOUT2
                         net (fo=1, routed)           2.018     3.508    cnn_accelerator_system_i/clk_wiz_0/inst/clk_out3_cnn_accelerator_system_clk_wiz_0_0
    BUFGCTRL_X0Y2                                                     r  cnn_accelerator_system_i/clk_wiz_0/inst/clkout3_buf/I
    BUFGCTRL_X0Y2        BUFG (Prop_bufg_I_O)         0.096     3.604 r  cnn_accelerator_system_i/clk_wiz_0/inst/clkout3_buf/O
                         net (fo=52890, routed)       1.622     5.227    cnn_accelerator_system_i/cnn_accelerator_wino_0/inst/conv2/clk
    SLICE_X54Y92         FDRE                                         r  cnn_accelerator_system_i/cnn_accelerator_wino_0/inst/conv2/gic[2].tile6_q_ic_reg[435]/C
  -------------------------------------------------------------------    -------------------
    SLICE_X54Y92         FDRE (Prop_fdre_C_Q)         0.518     5.745 r  cnn_accelerator_system_i/cnn_accelerator_wino_0/inst/conv2/gic[2].tile6_q_ic_reg[435]/Q
                         net (fo=2, routed)           0.954     6.698    cnn_accelerator_system_i/cnn_accelerator_wino_0/inst/conv2/gic[2].u_it/out[435]
    SLICE_X53Y89                                                      r  cnn_accelerator_system_i/cnn_accelerator_wino_0/inst/conv2/gic[2].u_it/i___15_i_2__1/I2
    SLICE_X53Y89         LUT3 (Prop_lut3_I2_O)        0.152     6.850 r  cnn_accelerator_system_i/cnn_accelerator_wino_0/inst/conv2/gic[2].u_it/i___15_i_2__1/O
                         net (fo=9, routed)           0.834     7.684    cnn_accelerator_system_i/cnn_accelerator_wino_0/inst/conv2/gic[2].u_it/gic[2].d_flat_ic[219]
    SLICE_X43Y89                                                      r  cnn_accelerator_system_i/cnn_accelerator_wino_0/inst/conv2/gic[2].u_it/i___15/I1
    SLICE_X43Y89         LUT3 (Prop_lut3_I1_O)        0.332     8.016 r  cnn_accelerator_system_i/cnn_accelerator_wino_0/inst/conv2/gic[2].u_it/i___15/O
                         net (fo=4, routed)           0.675     8.691    cnn_accelerator_system_i/cnn_accelerator_wino_0/inst/conv2/gic[2].u_it/i___15_n_0
    SLICE_X44Y90                                                      r  cnn_accelerator_system_i/cnn_accelerator_wino_0/inst/conv2/gic[2].u_it/tre[2][3][7]_i_5__1/I3
    SLICE_X44Y90         LUT5 (Prop_lut5_I3_O)        0.124     8.815 r  cnn_accelerator_system_i/cnn_accelerator_wino_0/inst/conv2/gic[2].u_it/tre[2][3][7]_i_5__1/O
                         net (fo=2, routed)           0.488     9.304    cnn_accelerator_system_i/cnn_accelerator_wino_0/inst/conv2/gic[2].u_it/tre[2][3][7]_i_5__1_n_0
    SLICE_X47Y91                                                      r  cnn_accelerator_system_i/cnn_accelerator_wino_0/inst/conv2/gic[2].u_it/tre_reg[2][3][7]_i_1__1/DI[0]
    SLICE_X47Y91         CARRY4 (Prop_carry4_DI[0]_CO[3])
                                                      0.526     9.830 r  cnn_accelerator_system_i/cnn_accelerator_wino_0/inst/conv2/gic[2].u_it/tre_reg[2][3][7]_i_1__1/CO[3]
                         net (fo=1, routed)           0.000     9.830    cnn_accelerator_system_i/cnn_accelerator_wino_0/inst/conv2/gic[2].u_it/tre_reg[2][3][7]_i_1__1_n_0
    SLICE_X47Y92                                                      r  cnn_accelerator_system_i/cnn_accelerator_wino_0/inst/conv2/gic[2].u_it/tre_reg[2][3][10]_i_1__1/CI
    SLICE_X47Y92         CARRY4 (Prop_carry4_CI_O[1])
                                                      0.334    10.164 r  cnn_accelerator_system_i/cnn_accelerator_wino_0/inst/conv2/gic[2].u_it/tre_reg[2][3][10]_i_1__1/O[1]
                         net (fo=1, routed)           0.000    10.164    cnn_accelerator_system_i/cnn_accelerator_wino_0/inst/conv2/gic[2].u_it/tre_c[2][3]_1116[10]
    SLICE_X47Y92         FDRE                                         r  cnn_accelerator_system_i/cnn_accelerator_wino_0/inst/conv2/gic[2].u_it/tre_reg[2][3][10]/D
  -------------------------------------------------------------------    -------------------

                         (clock clk_out3_cnn_accelerator_system_clk_wiz_0_0 rise edge)
                                                      5.000     5.000 r  
    E3                                                0.000     5.000 r  CLK100MHZ (IN)
                         net (fo=0)                   0.000     5.000    CLK100MHZ
    E3                                                                r  CLK100MHZ_IBUF_inst/I
    E3                   IBUF (Prop_ibuf_I_O)         1.411     6.411 r  CLK100MHZ_IBUF_inst/O
                         net (fo=1, routed)           1.920     8.331    cnn_accelerator_system_i/util_ds_buf_0/U0/BUFG_I[0]
    BUFGCTRL_X0Y16                                                    r  cnn_accelerator_system_i/util_ds_buf_0/U0/USE_BUFG.GEN_BUFG[0].BUFG_U/I
    BUFGCTRL_X0Y16       BUFG (Prop_bufg_I_O)         0.091     8.422 r  cnn_accelerator_system_i/util_ds_buf_0/U0/USE_BUFG.GEN_BUFG[0].BUFG_U/O
                         net (fo=2, routed)           1.683    10.105    cnn_accelerator_system_i/clk_wiz_0/inst/clk_in1
    MMCME2_ADV_X0Y0                                                   r  cnn_accelerator_system_i/clk_wiz_0/inst/mmcm_adv_inst/CLKIN1
    MMCME2_ADV_X0Y0      MMCME2_ADV (Prop_mmcme2_adv_CLKIN1_CLKOUT2)
                                                     -3.694     6.411 r  cnn_accelerator_system_i/clk_wiz_0/inst/mmcm_adv_inst/CLKOUT2
                         net (fo=1, routed)           1.923     8.334    cnn_accelerator_system_i/clk_wiz_0/inst/clk_out3_cnn_accelerator_system_clk_wiz_0_0
    BUFGCTRL_X0Y2                                                     r  cnn_accelerator_system_i/clk_wiz_0/inst/clkout3_buf/I
    BUFGCTRL_X0Y2        BUFG (Prop_bufg_I_O)         0.091     8.425 r  cnn_accelerator_system_i/clk_wiz_0/inst/clkout3_buf/O
                         net (fo=52890, routed)       1.509     9.935    cnn_accelerator_system_i/cnn_accelerator_wino_0/inst/conv2/gic[2].u_it/clk
    SLICE_X47Y92         FDRE                                         r  cnn_accelerator_system_i/cnn_accelerator_wino_0/inst/conv2/gic[2].u_it/tre_reg[2][3][10]/C
                         clock pessimism              0.187    10.122    
                         clock uncertainty           -0.067    10.055    
    SLICE_X47Y92         FDRE (Setup_fdre_C_D)        0.062    10.117    cnn_accelerator_system_i/cnn_accelerator_wino_0/inst/conv2/gic[2].u_it/tre_reg[2][3][10]
  -------------------------------------------------------------------
                         required time                         10.117    
                         arrival time                         -10.164    
  -------------------------------------------------------------------
                         slack                                 -0.047    

Slack (VIOLATED) :        -0.046ns  (required time - arrival time)
  Source:                 cnn_accelerator_system_i/cnn_accelerator_wino_0/inst/conv2/gic[3].tile6_q_ic_reg[372]/C
                            (rising edge-triggered cell FDRE clocked by clk_out3_cnn_accelerator_system_clk_wiz_0_0  {rise@0.000ns fall@2.500ns period=5.000ns})
  Destination:            cnn_accelerator_system_i/cnn_accelerator_wino_0/inst/conv2/gic[3].u_it/tre_reg[2][5][10]/D
                            (rising edge-triggered cell FDRE clocked by clk_out3_cnn_accelerator_system_clk_wiz_0_0  {rise@0.000ns fall@2.500ns period=5.000ns})
  Path Group:             clk_out3_cnn_accelerator_system_clk_wiz_0_0
  Path Type:              Setup (Max at Slow Process Corner)
  Requirement:            5.000ns  (clk_out3_cnn_accelerator_system_clk_wiz_0_0 rise@5.000ns - clk_out3_cnn_accelerator_system_clk_wiz_0_0 rise@0.000ns)
  Data Path Delay:        5.040ns  (logic 2.102ns (41.706%)  route 2.938ns (58.294%))
  Logic Levels:           6  (CARRY4=2 LUT3=2 LUT5=1 LUT6=1)
  Clock Path Skew:        -0.048ns (DCD - SCD + CPR)
    Destination Clock Delay (DCD):    4.916ns = ( 9.916 - 5.000 ) 
    Source Clock Delay      (SCD):    5.223ns
    Clock Pessimism Removal (CPR):    0.259ns
  Clock Uncertainty:      0.067ns  ((TSJ^2 + DJ^2)^1/2) / 2 + PE
    Total System Jitter     (TSJ):    0.071ns
    Discrete Jitter          (DJ):    0.113ns
    Phase Error              (PE):    0.000ns

    Location             Delay type                Incr(ns)  Path(ns)    Netlist Resource(s)
  -------------------------------------------------------------------    -------------------
                         (clock clk_out3_cnn_accelerator_system_clk_wiz_0_0 rise edge)
                                                      0.000     0.000 r  
    E3                                                0.000     0.000 r  CLK100MHZ (IN)
                         net (fo=0)                   0.000     0.000    CLK100MHZ
    E3                                                                r  CLK100MHZ_IBUF_inst/I
    E3                   IBUF (Prop_ibuf_I_O)         1.482     1.482 r  CLK100MHZ_IBUF_inst/O
                         net (fo=1, routed)           2.025     3.506    cnn_accelerator_system_i/util_ds_buf_0/U0/BUFG_I[0]
    BUFGCTRL_X0Y16                                                    r  cnn_accelerator_system_i/util_ds_buf_0/U0/USE_BUFG.GEN_BUFG[0].BUFG_U/I
    BUFGCTRL_X0Y16       BUFG (Prop_bufg_I_O)         0.096     3.602 r  cnn_accelerator_system_i/util_ds_buf_0/U0/USE_BUFG.GEN_BUFG[0].BUFG_U/O
                         net (fo=2, routed)           1.809     5.412    cnn_accelerator_system_i/clk_wiz_0/inst/clk_in1
    MMCME2_ADV_X0Y0                                                   r  cnn_accelerator_system_i/clk_wiz_0/inst/mmcm_adv_inst/CLKIN1
    MMCME2_ADV_X0Y0      MMCME2_ADV (Prop_mmcme2_adv_CLKIN1_CLKOUT2)
                                                     -3.922     1.490 r  cnn_accelerator_system_i/clk_wiz_0/inst/mmcm_adv_inst/CLKOUT2
                         net (fo=1, routed)           2.018     3.508    cnn_accelerator_system_i/clk_wiz_0/inst/clk_out3_cnn_accelerator_system_clk_wiz_0_0
    BUFGCTRL_X0Y2                                                     r  cnn_accelerator_system_i/clk_wiz_0/inst/clkout3_buf/I
    BUFGCTRL_X0Y2        BUFG (Prop_bufg_I_O)         0.096     3.604 r  cnn_accelerator_system_i/clk_wiz_0/inst/clkout3_buf/O
                         net (fo=52890, routed)       1.618     5.223    cnn_accelerator_system_i/cnn_accelerator_wino_0/inst/conv2/clk
    SLICE_X62Y80         FDRE                                         r  cnn_accelerator_system_i/cnn_accelerator_wino_0/inst/conv2/gic[3].tile6_q_ic_reg[372]/C
  -------------------------------------------------------------------    -------------------
    SLICE_X62Y80         FDRE (Prop_fdre_C_Q)         0.518     5.741 r  cnn_accelerator_system_i/cnn_accelerator_wino_0/inst/conv2/gic[3].tile6_q_ic_reg[372]/Q
                         net (fo=1, routed)           1.162     6.903    cnn_accelerator_system_i/cnn_accelerator_wino_0/inst/conv2/gic[3].u_it/out[372]
    SLICE_X53Y84                                                      r  cnn_accelerator_system_i/cnn_accelerator_wino_0/inst/conv2/gic[3].u_it/i___37_i_1__2/I2
    SLICE_X53Y84         LUT3 (Prop_lut3_I2_O)        0.124     7.027 r  cnn_accelerator_system_i/cnn_accelerator_wino_0/inst/conv2/gic[3].u_it/i___37_i_1__2/O
                         net (fo=6, routed)           0.540     7.567    cnn_accelerator_system_i/cnn_accelerator_wino_0/inst/conv2/gic[3].u_it/gic[3].d_flat_ic[188]
    SLICE_X52Y84                                                      r  cnn_accelerator_system_i/cnn_accelerator_wino_0/inst/conv2/gic[3].u_it/i___37/I0
    SLICE_X52Y84         LUT3 (Prop_lut3_I0_O)        0.124     7.691 r  cnn_accelerator_system_i/cnn_accelerator_wino_0/inst/conv2/gic[3].u_it/i___37/O
                         net (fo=4, routed)           0.586     8.277    cnn_accelerator_system_i/cnn_accelerator_wino_0/inst/conv2/gic[3].u_it/i___37_n_0
    SLICE_X53Y83                                                      r  cnn_accelerator_system_i/cnn_accelerator_wino_0/inst/conv2/gic[3].u_it/tre[2][5][7]_i_4__2/I3
    SLICE_X53Y83         LUT5 (Prop_lut5_I3_O)        0.153     8.430 r  cnn_accelerator_system_i/cnn_accelerator_wino_0/inst/conv2/gic[3].u_it/tre[2][5][7]_i_4__2/O
                         net (fo=2, routed)           0.650     9.080    cnn_accelerator_system_i/cnn_accelerator_wino_0/inst/conv2/gic[3].u_it/tre[2][5][7]_i_4__2_n_0
    SLICE_X54Y79                                                      r  cnn_accelerator_system_i/cnn_accelerator_wino_0/inst/conv2/gic[3].u_it/tre[2][5][7]_i_8__2/I0
    SLICE_X54Y79         LUT6 (Prop_lut6_I0_O)        0.327     9.407 r  cnn_accelerator_system_i/cnn_accelerator_wino_0/inst/conv2/gic[3].u_it/tre[2][5][7]_i_8__2/O
                         net (fo=1, routed)           0.000     9.407    cnn_accelerator_system_i/cnn_accelerator_wino_0/inst/conv2/gic[3].u_it/tre[2][5][7]_i_8__2_n_0
    SLICE_X54Y79                                                      r  cnn_accelerator_system_i/cnn_accelerator_wino_0/inst/conv2/gic[3].u_it/tre_reg[2][5][7]_i_1__2/S[1]
    SLICE_X54Y79         CARRY4 (Prop_carry4_S[1]_CO[3])
                                                      0.533     9.940 r  cnn_accelerator_system_i/cnn_accelerator_wino_0/inst/conv2/gic[3].u_it/tre_reg[2][5][7]_i_1__2/CO[3]
                         net (fo=1, routed)           0.000     9.940    cnn_accelerator_system_i/cnn_accelerator_wino_0/inst/conv2/gic[3].u_it/tre_reg[2][5][7]_i_1__2_n_0
    SLICE_X54Y80                                                      r  cnn_accelerator_system_i/cnn_accelerator_wino_0/inst/conv2/gic[3].u_it/tre_reg[2][5][10]_i_1__2/CI
    SLICE_X54Y80         CARRY4 (Prop_carry4_CI_O[1])
                                                      0.323    10.263 r  cnn_accelerator_system_i/cnn_accelerator_wino_0/inst/conv2/gic[3].u_it/tre_reg[2][5][10]_i_1__2/O[1]
                         net (fo=1, routed)           0.000    10.263    cnn_accelerator_system_i/cnn_accelerator_wino_0/inst/conv2/gic[3].u_it/tre_c[2][5]_1203[10]
    SLICE_X54Y80         FDRE                                         r  cnn_accelerator_system_i/cnn_accelerator_wino_0/inst/conv2/gic[3].u_it/tre_reg[2][5][10]/D
  -------------------------------------------------------------------    -------------------

                         (clock clk_out3_cnn_accelerator_system_clk_wiz_0_0 rise edge)
                                                      5.000     5.000 r  
    E3                                                0.000     5.000 r  CLK100MHZ (IN)
                         net (fo=0)                   0.000     5.000    CLK100MHZ
    E3                                                                r  CLK100MHZ_IBUF_inst/I
    E3                   IBUF (Prop_ibuf_I_O)         1.411     6.411 r  CLK100MHZ_IBUF_inst/O
                         net (fo=1, routed)           1.920     8.331    cnn_accelerator_system_i/util_ds_buf_0/U0/BUFG_I[0]
    BUFGCTRL_X0Y16                                                    r  cnn_accelerator_system_i/util_ds_buf_0/U0/USE_BUFG.GEN_BUFG[0].BUFG_U/I
    BUFGCTRL_X0Y16       BUFG (Prop_bufg_I_O)         0.091     8.422 r  cnn_accelerator_system_i/util_ds_buf_0/U0/USE_BUFG.GEN_BUFG[0].BUFG_U/O
                         net (fo=2, routed)           1.683    10.105    cnn_accelerator_system_i/clk_wiz_0/inst/clk_in1
    MMCME2_ADV_X0Y0                                                   r  cnn_accelerator_system_i/clk_wiz_0/inst/mmcm_adv_inst/CLKIN1
    MMCME2_ADV_X0Y0      MMCME2_ADV (Prop_mmcme2_adv_CLKIN1_CLKOUT2)
                                                     -3.694     6.411 r  cnn_accelerator_system_i/clk_wiz_0/inst/mmcm_adv_inst/CLKOUT2
                         net (fo=1, routed)           1.923     8.334    cnn_accelerator_system_i/clk_wiz_0/inst/clk_out3_cnn_accelerator_system_clk_wiz_0_0
    BUFGCTRL_X0Y2                                                     r  cnn_accelerator_system_i/clk_wiz_0/inst/clkout3_buf/I
    BUFGCTRL_X0Y2        BUFG (Prop_bufg_I_O)         0.091     8.425 r  cnn_accelerator_system_i/clk_wiz_0/inst/clkout3_buf/O
                         net (fo=52890, routed)       1.490     9.916    cnn_accelerator_system_i/cnn_accelerator_wino_0/inst/conv2/gic[3].u_it/clk
    SLICE_X54Y80         FDRE                                         r  cnn_accelerator_system_i/cnn_accelerator_wino_0/inst/conv2/gic[3].u_it/tre_reg[2][5][10]/C
                         clock pessimism              0.259    10.175    
                         clock uncertainty           -0.067    10.108    
    SLICE_X54Y80         FDRE (Setup_fdre_C_D)        0.109    10.217    cnn_accelerator_system_i/cnn_accelerator_wino_0/inst/conv2/gic[3].u_it/tre_reg[2][5][10]
  -------------------------------------------------------------------
                         required time                         10.217    
                         arrival time                         -10.263    
  -------------------------------------------------------------------
                         slack                                 -0.046    

Slack (VIOLATED) :        -0.043ns  (required time - arrival time)
  Source:                 cnn_accelerator_system_i/cnn_accelerator_wino_0/inst/conv2/gic[2].grp_q_ic_reg_rep__5/C
                            (rising edge-triggered cell FDRE clocked by clk_out3_cnn_accelerator_system_clk_wiz_0_0  {rise@0.000ns fall@2.500ns period=5.000ns})
  Destination:            cnn_accelerator_system_i/cnn_accelerator_wino_0/inst/conv2/gic[2].u_it/tre_reg[1][0][10]/D
                            (rising edge-triggered cell FDRE clocked by clk_out3_cnn_accelerator_system_clk_wiz_0_0  {rise@0.000ns fall@2.500ns period=5.000ns})
  Path Group:             clk_out3_cnn_accelerator_system_clk_wiz_0_0
  Path Type:              Setup (Max at Slow Process Corner)
  Requirement:            5.000ns  (clk_out3_cnn_accelerator_system_clk_wiz_0_0 rise@5.000ns - clk_out3_cnn_accelerator_system_clk_wiz_0_0 rise@0.000ns)
  Data Path Delay:        4.987ns  (logic 1.880ns (37.700%)  route 3.107ns (62.300%))
  Logic Levels:           6  (CARRY4=2 LUT3=2 LUT5=1 LUT6=1)
  Clock Path Skew:        -0.052ns (DCD - SCD + CPR)
    Destination Clock Delay (DCD):    4.920ns = ( 9.920 - 5.000 ) 
    Source Clock Delay      (SCD):    5.231ns
    Clock Pessimism Removal (CPR):    0.259ns
  Clock Uncertainty:      0.067ns  ((TSJ^2 + DJ^2)^1/2) / 2 + PE
    Total System Jitter     (TSJ):    0.071ns
    Discrete Jitter          (DJ):    0.113ns
    Phase Error              (PE):    0.000ns

    Location             Delay type                Incr(ns)  Path(ns)    Netlist Resource(s)
  -------------------------------------------------------------------    -------------------
                         (clock clk_out3_cnn_accelerator_system_clk_wiz_0_0 rise edge)
                                                      0.000     0.000 r  
    E3                                                0.000     0.000 r  CLK100MHZ (IN)
                         net (fo=0)                   0.000     0.000    CLK100MHZ
    E3                                                                r  CLK100MHZ_IBUF_inst/I
    E3                   IBUF (Prop_ibuf_I_O)         1.482     1.482 r  CLK100MHZ_IBUF_inst/O
                         net (fo=1, routed)           2.025     3.506    cnn_accelerator_system_i/util_ds_buf_0/U0/BUFG_I[0]
    BUFGCTRL_X0Y16                                                    r  cnn_accelerator_system_i/util_ds_buf_0/U0/USE_BUFG.GEN_BUFG[0].BUFG_U/I
    BUFGCTRL_X0Y16       BUFG (Prop_bufg_I_O)         0.096     3.602 r  cnn_accelerator_system_i/util_ds_buf_0/U0/USE_BUFG.GEN_BUFG[0].BUFG_U/O
                         net (fo=2, routed)           1.809     5.412    cnn_accelerator_system_i/clk_wiz_0/inst/clk_in1
    MMCME2_ADV_X0Y0                                                   r  cnn_accelerator_system_i/clk_wiz_0/inst/mmcm_adv_inst/CLKIN1
    MMCME2_ADV_X0Y0      MMCME2_ADV (Prop_mmcme2_adv_CLKIN1_CLKOUT2)
                                                     -3.922     1.490 r  cnn_accelerator_system_i/clk_wiz_0/inst/mmcm_adv_inst/CLKOUT2
                         net (fo=1, routed)           2.018     3.508    cnn_accelerator_system_i/clk_wiz_0/inst/clk_out3_cnn_accelerator_system_clk_wiz_0_0
    BUFGCTRL_X0Y2                                                     r  cnn_accelerator_system_i/clk_wiz_0/inst/clkout3_buf/I
    BUFGCTRL_X0Y2        BUFG (Prop_bufg_I_O)         0.096     3.604 r  cnn_accelerator_system_i/clk_wiz_0/inst/clkout3_buf/O
                         net (fo=52890, routed)       1.626     5.231    cnn_accelerator_system_i/cnn_accelerator_wino_0/inst/conv2/clk
    SLICE_X66Y85         FDRE                                         r  cnn_accelerator_system_i/cnn_accelerator_wino_0/inst/conv2/gic[2].grp_q_ic_reg_rep__5/C
  -------------------------------------------------------------------    -------------------
    SLICE_X66Y85         FDRE (Prop_fdre_C_Q)         0.518     5.749 r  cnn_accelerator_system_i/cnn_accelerator_wino_0/inst/conv2/gic[2].grp_q_ic_reg_rep__5/Q
                         net (fo=16, routed)          1.281     7.029    cnn_accelerator_system_i/cnn_accelerator_wino_0/inst/conv2/gic[2].u_it/i___208_0
    SLICE_X60Y68                                                      r  cnn_accelerator_system_i/cnn_accelerator_wino_0/inst/conv2/gic[2].u_it/i___8_i_1__1/I1
    SLICE_X60Y68         LUT3 (Prop_lut3_I1_O)        0.124     7.153 r  cnn_accelerator_system_i/cnn_accelerator_wino_0/inst/conv2/gic[2].u_it/i___8_i_1__1/O
                         net (fo=6, routed)           0.464     7.617    cnn_accelerator_system_i/cnn_accelerator_wino_0/inst/conv2/gic[2].u_it/gic[2].d_flat_ic[147]
    SLICE_X60Y68                                                      r  cnn_accelerator_system_i/cnn_accelerator_wino_0/inst/conv2/gic[2].u_it/i___8/I0
    SLICE_X60Y68         LUT3 (Prop_lut3_I0_O)        0.124     7.741 f  cnn_accelerator_system_i/cnn_accelerator_wino_0/inst/conv2/gic[2].u_it/i___8/O
                         net (fo=4, routed)           0.687     8.429    cnn_accelerator_system_i/cnn_accelerator_wino_0/inst/conv2/gic[2].u_it/i___8_n_0
    SLICE_X61Y76                                                      f  cnn_accelerator_system_i/cnn_accelerator_wino_0/inst/conv2/gic[2].u_it/tre[1][0][7]_i_5__1/I4
    SLICE_X61Y76         LUT5 (Prop_lut5_I4_O)        0.124     8.553 r  cnn_accelerator_system_i/cnn_accelerator_wino_0/inst/conv2/gic[2].u_it/tre[1][0][7]_i_5__1/O
                         net (fo=2, routed)           0.675     9.227    cnn_accelerator_system_i/cnn_accelerator_wino_0/inst/conv2/gic[2].u_it/tre[1][0][7]_i_5__1_n_0
    SLICE_X63Y76                                                      r  cnn_accelerator_system_i/cnn_accelerator_wino_0/inst/conv2/gic[2].u_it/tre[1][0][7]_i_9__1/I0
    SLICE_X63Y76         LUT6 (Prop_lut6_I0_O)        0.124     9.351 r  cnn_accelerator_system_i/cnn_accelerator_wino_0/inst/conv2/gic[2].u_it/tre[1][0][7]_i_9__1/O
                         net (fo=1, routed)           0.000     9.351    cnn_accelerator_system_i/cnn_accelerator_wino_0/inst/conv2/gic[2].u_it/tre[1][0][7]_i_9__1_n_0
    SLICE_X63Y76                                                      r  cnn_accelerator_system_i/cnn_accelerator_wino_0/inst/conv2/gic[2].u_it/tre_reg[1][0][7]_i_1__1/S[0]
    SLICE_X63Y76         CARRY4 (Prop_carry4_S[0]_CO[3])
                                                      0.532     9.883 r  cnn_accelerator_system_i/cnn_accelerator_wino_0/inst/conv2/gic[2].u_it/tre_reg[1][0][7]_i_1__1/CO[3]
                         net (fo=1, routed)           0.000     9.883    cnn_accelerator_system_i/cnn_accelerator_wino_0/inst/conv2/gic[2].u_it/tre_reg[1][0][7]_i_1__1_n_0
    SLICE_X63Y77                                                      r  cnn_accelerator_system_i/cnn_accelerator_wino_0/inst/conv2/gic[2].u_it/tre_reg[1][0][10]_i_1__1/CI
    SLICE_X63Y77         CARRY4 (Prop_carry4_CI_O[1])
                                                      0.334    10.217 r  cnn_accelerator_system_i/cnn_accelerator_wino_0/inst/conv2/gic[2].u_it/tre_reg[1][0][10]_i_1__1/O[1]
                         net (fo=1, routed)           0.000    10.217    cnn_accelerator_system_i/cnn_accelerator_wino_0/inst/conv2/gic[2].u_it/tre_c[1][0]_1109[10]
    SLICE_X63Y77         FDRE                                         r  cnn_accelerator_system_i/cnn_accelerator_wino_0/inst/conv2/gic[2].u_it/tre_reg[1][0][10]/D
  -------------------------------------------------------------------    -------------------

                         (clock clk_out3_cnn_accelerator_system_clk_wiz_0_0 rise edge)
                                                      5.000     5.000 r  
    E3                                                0.000     5.000 r  CLK100MHZ (IN)
                         net (fo=0)                   0.000     5.000    CLK100MHZ
    E3                                                                r  CLK100MHZ_IBUF_inst/I
    E3                   IBUF (Prop_ibuf_I_O)         1.411     6.411 r  CLK100MHZ_IBUF_inst/O
                         net (fo=1, routed)           1.920     8.331    cnn_accelerator_system_i/util_ds_buf_0/U0/BUFG_I[0]
    BUFGCTRL_X0Y16                                                    r  cnn_accelerator_system_i/util_ds_buf_0/U0/USE_BUFG.GEN_BUFG[0].BUFG_U/I
    BUFGCTRL_X0Y16       BUFG (Prop_bufg_I_O)         0.091     8.422 r  cnn_accelerator_system_i/util_ds_buf_0/U0/USE_BUFG.GEN_BUFG[0].BUFG_U/O
                         net (fo=2, routed)           1.683    10.105    cnn_accelerator_system_i/clk_wiz_0/inst/clk_in1
    MMCME2_ADV_X0Y0                                                   r  cnn_accelerator_system_i/clk_wiz_0/inst/mmcm_adv_inst/CLKIN1
    MMCME2_ADV_X0Y0      MMCME2_ADV (Prop_mmcme2_adv_CLKIN1_CLKOUT2)
                                                     -3.694     6.411 r  cnn_accelerator_system_i/clk_wiz_0/inst/mmcm_adv_inst/CLKOUT2
                         net (fo=1, routed)           1.923     8.334    cnn_accelerator_system_i/clk_wiz_0/inst/clk_out3_cnn_accelerator_system_clk_wiz_0_0
    BUFGCTRL_X0Y2                                                     r  cnn_accelerator_system_i/clk_wiz_0/inst/clkout3_buf/I
    BUFGCTRL_X0Y2        BUFG (Prop_bufg_I_O)         0.091     8.425 r  cnn_accelerator_system_i/clk_wiz_0/inst/clkout3_buf/O
                         net (fo=52890, routed)       1.494     9.920    cnn_accelerator_system_i/cnn_accelerator_wino_0/inst/conv2/gic[2].u_it/clk
    SLICE_X63Y77         FDRE                                         r  cnn_accelerator_system_i/cnn_accelerator_wino_0/inst/conv2/gic[2].u_it/tre_reg[1][0][10]/C
                         clock pessimism              0.259    10.179    
                         clock uncertainty           -0.067    10.112    
    SLICE_X63Y77         FDRE (Setup_fdre_C_D)        0.062    10.174    cnn_accelerator_system_i/cnn_accelerator_wino_0/inst/conv2/gic[2].u_it/tre_reg[1][0][10]
  -------------------------------------------------------------------
                         required time                         10.174    
                         arrival time                         -10.217    
  -------------------------------------------------------------------
                         slack                                 -0.043    

Slack (VIOLATED) :        -0.042ns  (required time - arrival time)
  Source:                 cnn_accelerator_system_i/cnn_accelerator_wino_0/inst/conv2/gic[2].grp_q_ic_reg_rep__3/C
                            (rising edge-triggered cell FDRE clocked by clk_out3_cnn_accelerator_system_clk_wiz_0_0  {rise@0.000ns fall@2.500ns period=5.000ns})
  Destination:            cnn_accelerator_system_i/cnn_accelerator_wino_0/inst/conv2/gic[2].u_it/tre_reg[1][3][10]/D
                            (rising edge-triggered cell FDRE clocked by clk_out3_cnn_accelerator_system_clk_wiz_0_0  {rise@0.000ns fall@2.500ns period=5.000ns})
  Path Group:             clk_out3_cnn_accelerator_system_clk_wiz_0_0
  Path Type:              Setup (Max at Slow Process Corner)
  Requirement:            5.000ns  (clk_out3_cnn_accelerator_system_clk_wiz_0_0 rise@5.000ns - clk_out3_cnn_accelerator_system_clk_wiz_0_0 rise@0.000ns)
  Data Path Delay:        5.004ns  (logic 1.547ns (30.914%)  route 3.457ns (69.086%))
  Logic Levels:           5  (CARRY4=2 LUT3=2 LUT5=1)
  Clock Path Skew:        -0.033ns (DCD - SCD + CPR)
    Destination Clock Delay (DCD):    4.935ns = ( 9.935 - 5.000 ) 
    Source Clock Delay      (SCD):    5.227ns
    Clock Pessimism Removal (CPR):    0.259ns
  Clock Uncertainty:      0.067ns  ((TSJ^2 + DJ^2)^1/2) / 2 + PE
    Total System Jitter     (TSJ):    0.071ns
    Discrete Jitter          (DJ):    0.113ns
    Phase Error              (PE):    0.000ns

    Location             Delay type                Incr(ns)  Path(ns)    Netlist Resource(s)
  -------------------------------------------------------------------    -------------------
                         (clock clk_out3_cnn_accelerator_system_clk_wiz_0_0 rise edge)
                                                      0.000     0.000 r  
    E3                                                0.000     0.000 r  CLK100MHZ (IN)
                         net (fo=0)                   0.000     0.000    CLK100MHZ
    E3                                                                r  CLK100MHZ_IBUF_inst/I
    E3                   IBUF (Prop_ibuf_I_O)         1.482     1.482 r  CLK100MHZ_IBUF_inst/O
                         net (fo=1, routed)           2.025     3.506    cnn_accelerator_system_i/util_ds_buf_0/U0/BUFG_I[0]
    BUFGCTRL_X0Y16                                                    r  cnn_accelerator_system_i/util_ds_buf_0/U0/USE_BUFG.GEN_BUFG[0].BUFG_U/I
    BUFGCTRL_X0Y16       BUFG (Prop_bufg_I_O)         0.096     3.602 r  cnn_accelerator_system_i/util_ds_buf_0/U0/USE_BUFG.GEN_BUFG[0].BUFG_U/O
                         net (fo=2, routed)           1.809     5.412    cnn_accelerator_system_i/clk_wiz_0/inst/clk_in1
    MMCME2_ADV_X0Y0                                                   r  cnn_accelerator_system_i/clk_wiz_0/inst/mmcm_adv_inst/CLKIN1
    MMCME2_ADV_X0Y0      MMCME2_ADV (Prop_mmcme2_adv_CLKIN1_CLKOUT2)
                                                     -3.922     1.490 r  cnn_accelerator_system_i/clk_wiz_0/inst/mmcm_adv_inst/CLKOUT2
                         net (fo=1, routed)           2.018     3.508    cnn_accelerator_system_i/clk_wiz_0/inst/clk_out3_cnn_accelerator_system_clk_wiz_0_0
    BUFGCTRL_X0Y2                                                     r  cnn_accelerator_system_i/clk_wiz_0/inst/clkout3_buf/I
    BUFGCTRL_X0Y2        BUFG (Prop_bufg_I_O)         0.096     3.604 r  cnn_accelerator_system_i/clk_wiz_0/inst/clkout3_buf/O
                         net (fo=52890, routed)       1.622     5.227    cnn_accelerator_system_i/cnn_accelerator_wino_0/inst/conv2/clk
    SLICE_X51Y83         FDRE                                         r  cnn_accelerator_system_i/cnn_accelerator_wino_0/inst/conv2/gic[2].grp_q_ic_reg_rep__3/C
  -------------------------------------------------------------------    -------------------
    SLICE_X51Y83         FDRE (Prop_fdre_C_Q)         0.456     5.683 r  cnn_accelerator_system_i/cnn_accelerator_wino_0/inst/conv2/gic[2].grp_q_ic_reg_rep__3/Q
                         net (fo=17, routed)          1.166     6.849    cnn_accelerator_system_i/cnn_accelerator_wino_0/inst/conv2/gic[2].u_it/i___121_0
    SLICE_X52Y93                                                      r  cnn_accelerator_system_i/cnn_accelerator_wino_0/inst/conv2/gic[2].u_it/i___18_i_1__1/I1
    SLICE_X52Y93         LUT3 (Prop_lut3_I1_O)        0.124     6.973 r  cnn_accelerator_system_i/cnn_accelerator_wino_0/inst/conv2/gic[2].u_it/i___18_i_1__1/O
                         net (fo=8, routed)           0.869     7.842    cnn_accelerator_system_i/cnn_accelerator_wino_0/inst/conv2/gic[2].u_it/gic[2].d_flat_ic[174]
    SLICE_X48Y94                                                      r  cnn_accelerator_system_i/cnn_accelerator_wino_0/inst/conv2/gic[2].u_it/i___18/I0
    SLICE_X48Y94         LUT3 (Prop_lut3_I0_O)        0.124     7.966 f  cnn_accelerator_system_i/cnn_accelerator_wino_0/inst/conv2/gic[2].u_it/i___18/O
                         net (fo=4, routed)           0.786     8.753    cnn_accelerator_system_i/cnn_accelerator_wino_0/inst/conv2/gic[2].u_it/i___18_n_0
    SLICE_X45Y89                                                      f  cnn_accelerator_system_i/cnn_accelerator_wino_0/inst/conv2/gic[2].u_it/tre[1][3][7]_i_2__1/I4
    SLICE_X45Y89         LUT5 (Prop_lut5_I4_O)        0.124     8.877 r  cnn_accelerator_system_i/cnn_accelerator_wino_0/inst/conv2/gic[2].u_it/tre[1][3][7]_i_2__1/O
                         net (fo=2, routed)           0.635     9.512    cnn_accelerator_system_i/cnn_accelerator_wino_0/inst/conv2/gic[2].u_it/tre[1][3][7]_i_2__1_n_0
    SLICE_X49Y91                                                      r  cnn_accelerator_system_i/cnn_accelerator_wino_0/inst/conv2/gic[2].u_it/tre_reg[1][3][7]_i_1__1/DI[3]
    SLICE_X49Y91         CARRY4 (Prop_carry4_DI[3]_CO[3])
                                                      0.385     9.897 r  cnn_accelerator_system_i/cnn_accelerator_wino_0/inst/conv2/gic[2].u_it/tre_reg[1][3][7]_i_1__1/CO[3]
                         net (fo=1, routed)           0.000     9.897    cnn_accelerator_system_i/cnn_accelerator_wino_0/inst/conv2/gic[2].u_it/tre_reg[1][3][7]_i_1__1_n_0
    SLICE_X49Y92                                                      r  cnn_accelerator_system_i/cnn_accelerator_wino_0/inst/conv2/gic[2].u_it/tre_reg[1][3][10]_i_1__1/CI
    SLICE_X49Y92         CARRY4 (Prop_carry4_CI_O[1])
                                                      0.334    10.231 r  cnn_accelerator_system_i/cnn_accelerator_wino_0/inst/conv2/gic[2].u_it/tre_reg[1][3][10]_i_1__1/O[1]
                         net (fo=1, routed)           0.000    10.231    cnn_accelerator_system_i/cnn_accelerator_wino_0/inst/conv2/gic[2].u_it/tre_c[1][3]_1115[10]
    SLICE_X49Y92         FDRE                                         r  cnn_accelerator_system_i/cnn_accelerator_wino_0/inst/conv2/gic[2].u_it/tre_reg[1][3][10]/D
  -------------------------------------------------------------------    -------------------

                         (clock clk_out3_cnn_accelerator_system_clk_wiz_0_0 rise edge)
                                                      5.000     5.000 r  
    E3                                                0.000     5.000 r  CLK100MHZ (IN)
                         net (fo=0)                   0.000     5.000    CLK100MHZ
    E3                                                                r  CLK100MHZ_IBUF_inst/I
    E3                   IBUF (Prop_ibuf_I_O)         1.411     6.411 r  CLK100MHZ_IBUF_inst/O
                         net (fo=1, routed)           1.920     8.331    cnn_accelerator_system_i/util_ds_buf_0/U0/BUFG_I[0]
    BUFGCTRL_X0Y16                                                    r  cnn_accelerator_system_i/util_ds_buf_0/U0/USE_BUFG.GEN_BUFG[0].BUFG_U/I
    BUFGCTRL_X0Y16       BUFG (Prop_bufg_I_O)         0.091     8.422 r  cnn_accelerator_system_i/util_ds_buf_0/U0/USE_BUFG.GEN_BUFG[0].BUFG_U/O
                         net (fo=2, routed)           1.683    10.105    cnn_accelerator_system_i/clk_wiz_0/inst/clk_in1
    MMCME2_ADV_X0Y0                                                   r  cnn_accelerator_system_i/clk_wiz_0/inst/mmcm_adv_inst/CLKIN1
    MMCME2_ADV_X0Y0      MMCME2_ADV (Prop_mmcme2_adv_CLKIN1_CLKOUT2)
                                                     -3.694     6.411 r  cnn_accelerator_system_i/clk_wiz_0/inst/mmcm_adv_inst/CLKOUT2
                         net (fo=1, routed)           1.923     8.334    cnn_accelerator_system_i/clk_wiz_0/inst/clk_out3_cnn_accelerator_system_clk_wiz_0_0
    BUFGCTRL_X0Y2                                                     r  cnn_accelerator_system_i/clk_wiz_0/inst/clkout3_buf/I
    BUFGCTRL_X0Y2        BUFG (Prop_bufg_I_O)         0.091     8.425 r  cnn_accelerator_system_i/clk_wiz_0/inst/clkout3_buf/O
                         net (fo=52890, routed)       1.509     9.935    cnn_accelerator_system_i/cnn_accelerator_wino_0/inst/conv2/gic[2].u_it/clk
    SLICE_X49Y92         FDRE                                         r  cnn_accelerator_system_i/cnn_accelerator_wino_0/inst/conv2/gic[2].u_it/tre_reg[1][3][10]/C
                         clock pessimism              0.259    10.194    
                         clock uncertainty           -0.067    10.127    
    SLICE_X49Y92         FDRE (Setup_fdre_C_D)        0.062    10.189    cnn_accelerator_system_i/cnn_accelerator_wino_0/inst/conv2/gic[2].u_it/tre_reg[1][3][10]
  -------------------------------------------------------------------
                         required time                         10.189    
                         arrival time                         -10.231    
  -------------------------------------------------------------------
                         slack                                 -0.042    

Slack (VIOLATED) :        -0.039ns  (required time - arrival time)
  Source:                 cnn_accelerator_system_i/cnn_accelerator_wino_0/inst/conv2/gic[2].grp_q_ic_reg_rep__8/C
                            (rising edge-triggered cell FDRE clocked by clk_out3_cnn_accelerator_system_clk_wiz_0_0  {rise@0.000ns fall@2.500ns period=5.000ns})
  Destination:            cnn_accelerator_system_i/cnn_accelerator_wino_0/inst/conv2/gic[2].u_it/tre_reg[2][1][8]/D
                            (rising edge-triggered cell FDRE clocked by clk_out3_cnn_accelerator_system_clk_wiz_0_0  {rise@0.000ns fall@2.500ns period=5.000ns})
  Path Group:             clk_out3_cnn_accelerator_system_clk_wiz_0_0
  Path Type:              Setup (Max at Slow Process Corner)
  Requirement:            5.000ns  (clk_out3_cnn_accelerator_system_clk_wiz_0_0 rise@5.000ns - clk_out3_cnn_accelerator_system_clk_wiz_0_0 rise@0.000ns)
  Data Path Delay:        4.916ns  (logic 1.679ns (34.151%)  route 3.237ns (65.849%))
  Logic Levels:           5  (CARRY4=2 LUT3=2 LUT5=1)
  Clock Path Skew:        -0.118ns (DCD - SCD + CPR)
    Destination Clock Delay (DCD):    4.931ns = ( 9.931 - 5.000 ) 
    Source Clock Delay      (SCD):    5.308ns
    Clock Pessimism Removal (CPR):    0.259ns
  Clock Uncertainty:      0.067ns  ((TSJ^2 + DJ^2)^1/2) / 2 + PE
    Total System Jitter     (TSJ):    0.071ns
    Discrete Jitter          (DJ):    0.113ns
    Phase Error              (PE):    0.000ns

    Location             Delay type                Incr(ns)  Path(ns)    Netlist Resource(s)
  -------------------------------------------------------------------    -------------------
                         (clock clk_out3_cnn_accelerator_system_clk_wiz_0_0 rise edge)
                                                      0.000     0.000 r  
    E3                                                0.000     0.000 r  CLK100MHZ (IN)
                         net (fo=0)                   0.000     0.000    CLK100MHZ
    E3                                                                r  CLK100MHZ_IBUF_inst/I
    E3                   IBUF (Prop_ibuf_I_O)         1.482     1.482 r  CLK100MHZ_IBUF_inst/O
                         net (fo=1, routed)           2.025     3.506    cnn_accelerator_system_i/util_ds_buf_0/U0/BUFG_I[0]
    BUFGCTRL_X0Y16                                                    r  cnn_accelerator_system_i/util_ds_buf_0/U0/USE_BUFG.GEN_BUFG[0].BUFG_U/I
    BUFGCTRL_X0Y16       BUFG (Prop_bufg_I_O)         0.096     3.602 r  cnn_accelerator_system_i/util_ds_buf_0/U0/USE_BUFG.GEN_BUFG[0].BUFG_U/O
                         net (fo=2, routed)           1.809     5.412    cnn_accelerator_system_i/clk_wiz_0/inst/clk_in1
    MMCME2_ADV_X0Y0                                                   r  cnn_accelerator_system_i/clk_wiz_0/inst/mmcm_adv_inst/CLKIN1
    MMCME2_ADV_X0Y0      MMCME2_ADV (Prop_mmcme2_adv_CLKIN1_CLKOUT2)
                                                     -3.922     1.490 r  cnn_accelerator_system_i/clk_wiz_0/inst/mmcm_adv_inst/CLKOUT2
                         net (fo=1, routed)           2.018     3.508    cnn_accelerator_system_i/clk_wiz_0/inst/clk_out3_cnn_accelerator_system_clk_wiz_0_0
    BUFGCTRL_X0Y2                                                     r  cnn_accelerator_system_i/clk_wiz_0/inst/clkout3_buf/I
    BUFGCTRL_X0Y2        BUFG (Prop_bufg_I_O)         0.096     3.604 r  cnn_accelerator_system_i/clk_wiz_0/inst/clkout3_buf/O
                         net (fo=52890, routed)       1.703     5.308    cnn_accelerator_system_i/cnn_accelerator_wino_0/inst/conv2/clk
    SLICE_X77Y80         FDRE                                         r  cnn_accelerator_system_i/cnn_accelerator_wino_0/inst/conv2/gic[2].grp_q_ic_reg_rep__8/C
  -------------------------------------------------------------------    -------------------
    SLICE_X77Y80         FDRE (Prop_fdre_C_Q)         0.456     5.764 r  cnn_accelerator_system_i/cnn_accelerator_wino_0/inst/conv2/gic[2].grp_q_ic_reg_rep__8/Q
                         net (fo=16, routed)          1.174     6.938    cnn_accelerator_system_i/cnn_accelerator_wino_0/inst/conv2/gic[2].u_it/i___205_0
    SLICE_X77Y84                                                      r  cnn_accelerator_system_i/cnn_accelerator_wino_0/inst/conv2/gic[2].u_it/i___31_i_3__1/I1
    SLICE_X77Y84         LUT3 (Prop_lut3_I1_O)        0.152     7.090 r  cnn_accelerator_system_i/cnn_accelerator_wino_0/inst/conv2/gic[2].u_it/i___31_i_3__1/O
                         net (fo=6, routed)           0.707     7.797    cnn_accelerator_system_i/cnn_accelerator_wino_0/inst/conv2/gic[2].u_it/gic[2].d_flat_ic[109]
    SLICE_X72Y84                                                      r  cnn_accelerator_system_i/cnn_accelerator_wino_0/inst/conv2/gic[2].u_it/i___31/I2
    SLICE_X72Y84         LUT3 (Prop_lut3_I2_O)        0.326     8.123 r  cnn_accelerator_system_i/cnn_accelerator_wino_0/inst/conv2/gic[2].u_it/i___31/O
                         net (fo=4, routed)           0.691     8.815    cnn_accelerator_system_i/cnn_accelerator_wino_0/inst/conv2/gic[2].u_it/i___31_n_0
    SLICE_X71Y86                                                      r  cnn_accelerator_system_i/cnn_accelerator_wino_0/inst/conv2/gic[2].u_it/tre[2][1][7]_i_3__1/I3
    SLICE_X71Y86         LUT5 (Prop_lut5_I3_O)        0.124     8.939 r  cnn_accelerator_system_i/cnn_accelerator_wino_0/inst/conv2/gic[2].u_it/tre[2][1][7]_i_3__1/O
                         net (fo=2, routed)           0.665     9.603    cnn_accelerator_system_i/cnn_accelerator_wino_0/inst/conv2/gic[2].u_it/tre[2][1][7]_i_3__1_n_0
    SLICE_X69Y86                                                      r  cnn_accelerator_system_i/cnn_accelerator_wino_0/inst/conv2/gic[2].u_it/tre_reg[2][1][7]_i_1__1/DI[2]
    SLICE_X69Y86         CARRY4 (Prop_carry4_DI[2]_CO[3])
                                                      0.398    10.001 r  cnn_accelerator_system_i/cnn_accelerator_wino_0/inst/conv2/gic[2].u_it/tre_reg[2][1][7]_i_1__1/CO[3]
                         net (fo=1, routed)           0.000    10.001    cnn_accelerator_system_i/cnn_accelerator_wino_0/inst/conv2/gic[2].u_it/tre_reg[2][1][7]_i_1__1_n_0
    SLICE_X69Y87                                                      r  cnn_accelerator_system_i/cnn_accelerator_wino_0/inst/conv2/gic[2].u_it/tre_reg[2][1][10]_i_1__1/CI
    SLICE_X69Y87         CARRY4 (Prop_carry4_CI_O[0])
                                                      0.223    10.224 r  cnn_accelerator_system_i/cnn_accelerator_wino_0/inst/conv2/gic[2].u_it/tre_reg[2][1][10]_i_1__1/O[0]
                         net (fo=1, routed)           0.000    10.224    cnn_accelerator_system_i/cnn_accelerator_wino_0/inst/conv2/gic[2].u_it/tre_c[2][1]_1128[8]
    SLICE_X69Y87         FDRE                                         r  cnn_accelerator_system_i/cnn_accelerator_wino_0/inst/conv2/gic[2].u_it/tre_reg[2][1][8]/D
  -------------------------------------------------------------------    -------------------

                         (clock clk_out3_cnn_accelerator_system_clk_wiz_0_0 rise edge)
                                                      5.000     5.000 r  
    E3                                                0.000     5.000 r  CLK100MHZ (IN)
                         net (fo=0)                   0.000     5.000    CLK100MHZ
    E3                                                                r  CLK100MHZ_IBUF_inst/I
    E3                   IBUF (Prop_ibuf_I_O)         1.411     6.411 r  CLK100MHZ_IBUF_inst/O
                         net (fo=1, routed)           1.920     8.331    cnn_accelerator_system_i/util_ds_buf_0/U0/BUFG_I[0]
    BUFGCTRL_X0Y16                                                    r  cnn_accelerator_system_i/util_ds_buf_0/U0/USE_BUFG.GEN_BUFG[0].BUFG_U/I
    BUFGCTRL_X0Y16       BUFG (Prop_bufg_I_O)         0.091     8.422 r  cnn_accelerator_system_i/util_ds_buf_0/U0/USE_BUFG.GEN_BUFG[0].BUFG_U/O
                         net (fo=2, routed)           1.683    10.105    cnn_accelerator_system_i/clk_wiz_0/inst/clk_in1
    MMCME2_ADV_X0Y0                                                   r  cnn_accelerator_system_i/clk_wiz_0/inst/mmcm_adv_inst/CLKIN1
    MMCME2_ADV_X0Y0      MMCME2_ADV (Prop_mmcme2_adv_CLKIN1_CLKOUT2)
                                                     -3.694     6.411 r  cnn_accelerator_system_i/clk_wiz_0/inst/mmcm_adv_inst/CLKOUT2
                         net (fo=1, routed)           1.923     8.334    cnn_accelerator_system_i/clk_wiz_0/inst/clk_out3_cnn_accelerator_system_clk_wiz_0_0
    BUFGCTRL_X0Y2                                                     r  cnn_accelerator_system_i/clk_wiz_0/inst/clkout3_buf/I
    BUFGCTRL_X0Y2        BUFG (Prop_bufg_I_O)         0.091     8.425 r  cnn_accelerator_system_i/clk_wiz_0/inst/clkout3_buf/O
                         net (fo=52890, routed)       1.505     9.931    cnn_accelerator_system_i/cnn_accelerator_wino_0/inst/conv2/gic[2].u_it/clk
    SLICE_X69Y87         FDRE                                         r  cnn_accelerator_system_i/cnn_accelerator_wino_0/inst/conv2/gic[2].u_it/tre_reg[2][1][8]/C
                         clock pessimism              0.259    10.190    
                         clock uncertainty           -0.067    10.123    
    SLICE_X69Y87         FDRE (Setup_fdre_C_D)        0.062    10.185    cnn_accelerator_system_i/cnn_accelerator_wino_0/inst/conv2/gic[2].u_it/tre_reg[2][1][8]
  -------------------------------------------------------------------
                         required time                         10.185    
                         arrival time                         -10.224    
  -------------------------------------------------------------------
                         slack                                 -0.039    

Slack (VIOLATED) :        -0.031ns  (required time - arrival time)
  Source:                 cnn_accelerator_system_i/cnn_accelerator_wino_0/inst/conv2/gic[3].grp_q_ic_reg_rep__2/C
                            (rising edge-triggered cell FDRE clocked by clk_out3_cnn_accelerator_system_clk_wiz_0_0  {rise@0.000ns fall@2.500ns period=5.000ns})
  Destination:            cnn_accelerator_system_i/cnn_accelerator_wino_0/inst/conv2/gic[3].u_it/tre_reg[1][0][10]/D
                            (rising edge-triggered cell FDRE clocked by clk_out3_cnn_accelerator_system_clk_wiz_0_0  {rise@0.000ns fall@2.500ns period=5.000ns})
  Path Group:             clk_out3_cnn_accelerator_system_clk_wiz_0_0
  Path Type:              Setup (Max at Slow Process Corner)
  Requirement:            5.000ns  (clk_out3_cnn_accelerator_system_clk_wiz_0_0 rise@5.000ns - clk_out3_cnn_accelerator_system_clk_wiz_0_0 rise@0.000ns)
  Data Path Delay:        5.066ns  (logic 1.880ns (37.110%)  route 3.186ns (62.890%))
  Logic Levels:           6  (CARRY4=2 LUT3=2 LUT5=1 LUT6=1)
  Clock Path Skew:        0.040ns (DCD - SCD + CPR)
    Destination Clock Delay (DCD):    5.003ns = ( 10.003 - 5.000 ) 
    Source Clock Delay      (SCD):    5.222ns
    Clock Pessimism Removal (CPR):    0.259ns
  Clock Uncertainty:      0.067ns  ((TSJ^2 + DJ^2)^1/2) / 2 + PE
    Total System Jitter     (TSJ):    0.071ns
    Discrete Jitter          (DJ):    0.113ns
    Phase Error              (PE):    0.000ns

    Location             Delay type                Incr(ns)  Path(ns)    Netlist Resource(s)
  -------------------------------------------------------------------    -------------------
                         (clock clk_out3_cnn_accelerator_system_clk_wiz_0_0 rise edge)
                                                      0.000     0.000 r  
    E3                                                0.000     0.000 r  CLK100MHZ (IN)
                         net (fo=0)                   0.000     0.000    CLK100MHZ
    E3                                                                r  CLK100MHZ_IBUF_inst/I
    E3                   IBUF (Prop_ibuf_I_O)         1.482     1.482 r  CLK100MHZ_IBUF_inst/O
                         net (fo=1, routed)           2.025     3.506    cnn_accelerator_system_i/util_ds_buf_0/U0/BUFG_I[0]
    BUFGCTRL_X0Y16                                                    r  cnn_accelerator_system_i/util_ds_buf_0/U0/USE_BUFG.GEN_BUFG[0].BUFG_U/I
    BUFGCTRL_X0Y16       BUFG (Prop_bufg_I_O)         0.096     3.602 r  cnn_accelerator_system_i/util_ds_buf_0/U0/USE_BUFG.GEN_BUFG[0].BUFG_U/O
                         net (fo=2, routed)           1.809     5.412    cnn_accelerator_system_i/clk_wiz_0/inst/clk_in1
    MMCME2_ADV_X0Y0                                                   r  cnn_accelerator_system_i/clk_wiz_0/inst/mmcm_adv_inst/CLKIN1
    MMCME2_ADV_X0Y0      MMCME2_ADV (Prop_mmcme2_adv_CLKIN1_CLKOUT2)
                                                     -3.922     1.490 r  cnn_accelerator_system_i/clk_wiz_0/inst/mmcm_adv_inst/CLKOUT2
                         net (fo=1, routed)           2.018     3.508    cnn_accelerator_system_i/clk_wiz_0/inst/clk_out3_cnn_accelerator_system_clk_wiz_0_0
    BUFGCTRL_X0Y2                                                     r  cnn_accelerator_system_i/clk_wiz_0/inst/clkout3_buf/I
    BUFGCTRL_X0Y2        BUFG (Prop_bufg_I_O)         0.096     3.604 r  cnn_accelerator_system_i/clk_wiz_0/inst/clkout3_buf/O
                         net (fo=52890, routed)       1.617     5.222    cnn_accelerator_system_i/cnn_accelerator_wino_0/inst/conv2/clk
    SLICE_X62Y79         FDRE                                         r  cnn_accelerator_system_i/cnn_accelerator_wino_0/inst/conv2/gic[3].grp_q_ic_reg_rep__2/C
  -------------------------------------------------------------------    -------------------
    SLICE_X62Y79         FDRE (Prop_fdre_C_Q)         0.518     5.740 r  cnn_accelerator_system_i/cnn_accelerator_wino_0/inst/conv2/gic[3].grp_q_ic_reg_rep__2/Q
                         net (fo=16, routed)          0.919     6.659    cnn_accelerator_system_i/cnn_accelerator_wino_0/inst/conv2/gic[3].u_it/i___205_1
    SLICE_X71Y71                                                      r  cnn_accelerator_system_i/cnn_accelerator_wino_0/inst/conv2/gic[3].u_it/i___8_i_2__2/I1
    SLICE_X71Y71         LUT3 (Prop_lut3_I1_O)        0.124     6.783 r  cnn_accelerator_system_i/cnn_accelerator_wino_0/inst/conv2/gic[3].u_it/i___8_i_2__2/O
                         net (fo=9, routed)           1.137     7.920    cnn_accelerator_system_i/cnn_accelerator_wino_0/inst/conv2/gic[3].u_it/gic[3].d_flat_ic[195]
    SLICE_X79Y76                                                      r  cnn_accelerator_system_i/cnn_accelerator_wino_0/inst/conv2/gic[3].u_it/i___8/I1
    SLICE_X79Y76         LUT3 (Prop_lut3_I1_O)        0.124     8.044 f  cnn_accelerator_system_i/cnn_accelerator_wino_0/inst/conv2/gic[3].u_it/i___8/O
                         net (fo=4, routed)           0.577     8.621    cnn_accelerator_system_i/cnn_accelerator_wino_0/inst/conv2/gic[3].u_it/i___8_n_0
    SLICE_X75Y71                                                      f  cnn_accelerator_system_i/cnn_accelerator_wino_0/inst/conv2/gic[3].u_it/tre[1][0][7]_i_5__2/I4
    SLICE_X75Y71         LUT5 (Prop_lut5_I4_O)        0.124     8.745 r  cnn_accelerator_system_i/cnn_accelerator_wino_0/inst/conv2/gic[3].u_it/tre[1][0][7]_i_5__2/O
                         net (fo=2, routed)           0.553     9.298    cnn_accelerator_system_i/cnn_accelerator_wino_0/inst/conv2/gic[3].u_it/tre[1][0][7]_i_5__2_n_0
    SLICE_X75Y73                                                      r  cnn_accelerator_system_i/cnn_accelerator_wino_0/inst/conv2/gic[3].u_it/tre[1][0][7]_i_9__2/I0
    SLICE_X75Y73         LUT6 (Prop_lut6_I0_O)        0.124     9.422 r  cnn_accelerator_system_i/cnn_accelerator_wino_0/inst/conv2/gic[3].u_it/tre[1][0][7]_i_9__2/O
                         net (fo=1, routed)           0.000     9.422    cnn_accelerator_system_i/cnn_accelerator_wino_0/inst/conv2/gic[3].u_it/tre[1][0][7]_i_9__2_n_0
    SLICE_X75Y73                                                      r  cnn_accelerator_system_i/cnn_accelerator_wino_0/inst/conv2/gic[3].u_it/tre_reg[1][0][7]_i_1__2/S[0]
    SLICE_X75Y73         CARRY4 (Prop_carry4_S[0]_CO[3])
                                                      0.532     9.954 r  cnn_accelerator_system_i/cnn_accelerator_wino_0/inst/conv2/gic[3].u_it/tre_reg[1][0][7]_i_1__2/CO[3]
                         net (fo=1, routed)           0.000     9.954    cnn_accelerator_system_i/cnn_accelerator_wino_0/inst/conv2/gic[3].u_it/tre_reg[1][0][7]_i_1__2_n_0
    SLICE_X75Y74                                                      r  cnn_accelerator_system_i/cnn_accelerator_wino_0/inst/conv2/gic[3].u_it/tre_reg[1][0][10]_i_1__2/CI
    SLICE_X75Y74         CARRY4 (Prop_carry4_CI_O[1])
                                                      0.334    10.288 r  cnn_accelerator_system_i/cnn_accelerator_wino_0/inst/conv2/gic[3].u_it/tre_reg[1][0][10]_i_1__2/O[1]
                         net (fo=1, routed)           0.000    10.288    cnn_accelerator_system_i/cnn_accelerator_wino_0/inst/conv2/gic[3].u_it/tre_c[1][0]_1178[10]
    SLICE_X75Y74         FDRE                                         r  cnn_accelerator_system_i/cnn_accelerator_wino_0/inst/conv2/gic[3].u_it/tre_reg[1][0][10]/D
  -------------------------------------------------------------------    -------------------

                         (clock clk_out3_cnn_accelerator_system_clk_wiz_0_0 rise edge)
                                                      5.000     5.000 r  
    E3                                                0.000     5.000 r  CLK100MHZ (IN)
                         net (fo=0)                   0.000     5.000    CLK100MHZ
    E3                                                                r  CLK100MHZ_IBUF_inst/I
    E3                   IBUF (Prop_ibuf_I_O)         1.411     6.411 r  CLK100MHZ_IBUF_inst/O
                         net (fo=1, routed)           1.920     8.331    cnn_accelerator_system_i/util_ds_buf_0/U0/BUFG_I[0]
    BUFGCTRL_X0Y16                                                    r  cnn_accelerator_system_i/util_ds_buf_0/U0/USE_BUFG.GEN_BUFG[0].BUFG_U/I
    BUFGCTRL_X0Y16       BUFG (Prop_bufg_I_O)         0.091     8.422 r  cnn_accelerator_system_i/util_ds_buf_0/U0/USE_BUFG.GEN_BUFG[0].BUFG_U/O
                         net (fo=2, routed)           1.683    10.105    cnn_accelerator_system_i/clk_wiz_0/inst/clk_in1
    MMCME2_ADV_X0Y0                                                   r  cnn_accelerator_system_i/clk_wiz_0/inst/mmcm_adv_inst/CLKIN1
    MMCME2_ADV_X0Y0      MMCME2_ADV (Prop_mmcme2_adv_CLKIN1_CLKOUT2)
                                                     -3.694     6.411 r  cnn_accelerator_system_i/clk_wiz_0/inst/mmcm_adv_inst/CLKOUT2
                         net (fo=1, routed)           1.923     8.334    cnn_accelerator_system_i/clk_wiz_0/inst/clk_out3_cnn_accelerator_system_clk_wiz_0_0
    BUFGCTRL_X0Y2                                                     r  cnn_accelerator_system_i/clk_wiz_0/inst/clkout3_buf/I
    BUFGCTRL_X0Y2        BUFG (Prop_bufg_I_O)         0.091     8.425 r  cnn_accelerator_system_i/clk_wiz_0/inst/clkout3_buf/O
                         net (fo=52890, routed)       1.577    10.003    cnn_accelerator_system_i/cnn_accelerator_wino_0/inst/conv2/gic[3].u_it/clk
    SLICE_X75Y74         FDRE                                         r  cnn_accelerator_system_i/cnn_accelerator_wino_0/inst/conv2/gic[3].u_it/tre_reg[1][0][10]/C
                         clock pessimism              0.259    10.262    
                         clock uncertainty           -0.067    10.195    
    SLICE_X75Y74         FDRE (Setup_fdre_C_D)        0.062    10.257    cnn_accelerator_system_i/cnn_accelerator_wino_0/inst/conv2/gic[3].u_it/tre_reg[1][0][10]
  -------------------------------------------------------------------
                         required time                         10.257    
                         arrival time                         -10.288    
  -------------------------------------------------------------------
                         slack                                 -0.031    

Slack (VIOLATED) :        -0.028ns  (required time - arrival time)
  Source:                 cnn_accelerator_system_i/cnn_accelerator_wino_0/inst/conv2/gic[2].tile6_q_ic_reg[256]/C
                            (rising edge-triggered cell FDRE clocked by clk_out3_cnn_accelerator_system_clk_wiz_0_0  {rise@0.000ns fall@2.500ns period=5.000ns})
  Destination:            cnn_accelerator_system_i/cnn_accelerator_wino_0/inst/conv2/gic[2].u_it/tre_reg[3][4][1]/D
                            (rising edge-triggered cell FDRE clocked by clk_out3_cnn_accelerator_system_clk_wiz_0_0  {rise@0.000ns fall@2.500ns period=5.000ns})
  Path Group:             clk_out3_cnn_accelerator_system_clk_wiz_0_0
  Path Type:              Setup (Max at Slow Process Corner)
  Requirement:            5.000ns  (clk_out3_cnn_accelerator_system_clk_wiz_0_0 rise@5.000ns - clk_out3_cnn_accelerator_system_clk_wiz_0_0 rise@0.000ns)
  Data Path Delay:        4.674ns  (logic 1.372ns (29.356%)  route 3.302ns (70.644%))
  Logic Levels:           3  (CARRY4=1 LUT1=1 LUT3=1)
  Clock Path Skew:        -0.028ns (DCD - SCD + CPR)
    Destination Clock Delay (DCD):    5.020ns = ( 10.020 - 5.000 ) 
    Source Clock Delay      (SCD):    5.235ns
    Clock Pessimism Removal (CPR):    0.187ns
  Clock Uncertainty:      0.067ns  ((TSJ^2 + DJ^2)^1/2) / 2 + PE
    Total System Jitter     (TSJ):    0.071ns
    Discrete Jitter          (DJ):    0.113ns
    Phase Error              (PE):    0.000ns

    Location             Delay type                Incr(ns)  Path(ns)    Netlist Resource(s)
  -------------------------------------------------------------------    -------------------
                         (clock clk_out3_cnn_accelerator_system_clk_wiz_0_0 rise edge)
                                                      0.000     0.000 r  
    E3                                                0.000     0.000 r  CLK100MHZ (IN)
                         net (fo=0)                   0.000     0.000    CLK100MHZ
    E3                                                                r  CLK100MHZ_IBUF_inst/I
    E3                   IBUF (Prop_ibuf_I_O)         1.482     1.482 r  CLK100MHZ_IBUF_inst/O
                         net (fo=1, routed)           2.025     3.506    cnn_accelerator_system_i/util_ds_buf_0/U0/BUFG_I[0]
    BUFGCTRL_X0Y16                                                    r  cnn_accelerator_system_i/util_ds_buf_0/U0/USE_BUFG.GEN_BUFG[0].BUFG_U/I
    BUFGCTRL_X0Y16       BUFG (Prop_bufg_I_O)         0.096     3.602 r  cnn_accelerator_system_i/util_ds_buf_0/U0/USE_BUFG.GEN_BUFG[0].BUFG_U/O
                         net (fo=2, routed)           1.809     5.412    cnn_accelerator_system_i/clk_wiz_0/inst/clk_in1
    MMCME2_ADV_X0Y0                                                   r  cnn_accelerator_system_i/clk_wiz_0/inst/mmcm_adv_inst/CLKIN1
    MMCME2_ADV_X0Y0      MMCME2_ADV (Prop_mmcme2_adv_CLKIN1_CLKOUT2)
                                                     -3.922     1.490 r  cnn_accelerator_system_i/clk_wiz_0/inst/mmcm_adv_inst/CLKOUT2
                         net (fo=1, routed)           2.018     3.508    cnn_accelerator_system_i/clk_wiz_0/inst/clk_out3_cnn_accelerator_system_clk_wiz_0_0
    BUFGCTRL_X0Y2                                                     r  cnn_accelerator_system_i/clk_wiz_0/inst/clkout3_buf/I
    BUFGCTRL_X0Y2        BUFG (Prop_bufg_I_O)         0.096     3.604 r  cnn_accelerator_system_i/clk_wiz_0/inst/clkout3_buf/O
                         net (fo=52890, routed)       1.630     5.235    cnn_accelerator_system_i/cnn_accelerator_wino_0/inst/conv2/clk
    SLICE_X46Y90         FDRE                                         r  cnn_accelerator_system_i/cnn_accelerator_wino_0/inst/conv2/gic[2].tile6_q_ic_reg[256]/C
  -------------------------------------------------------------------    -------------------
    SLICE_X46Y90         FDRE (Prop_fdre_C_Q)         0.518     5.753 f  cnn_accelerator_system_i/cnn_accelerator_wino_0/inst/conv2/gic[2].tile6_q_ic_reg[256]/Q
                         net (fo=1, routed)           1.012     6.765    cnn_accelerator_system_i/cnn_accelerator_wino_0/inst/conv2/gic[2].u_it/out[256]
    SLICE_X49Y85                                                      f  cnn_accelerator_system_i/cnn_accelerator_wino_0/inst/conv2/gic[2].u_it/i___63_i_1__1/I2
    SLICE_X49Y85         LUT3 (Prop_lut3_I2_O)        0.124     6.889 f  cnn_accelerator_system_i/cnn_accelerator_wino_0/inst/conv2/gic[2].u_it/i___63_i_1__1/O
                         net (fo=7, routed)           0.575     7.463    cnn_accelerator_system_i/cnn_accelerator_wino_0/inst/conv2/gic[2].u_it/gic[2].d_flat_ic[128]
    SLICE_X49Y87                                                      f  cnn_accelerator_system_i/cnn_accelerator_wino_0/inst/conv2/gic[2].u_it/tre[3][4][3]_i_5__1/I0
    SLICE_X49Y87         LUT1 (Prop_lut1_I0_O)        0.120     7.583 r  cnn_accelerator_system_i/cnn_accelerator_wino_0/inst/conv2/gic[2].u_it/tre[3][4][3]_i_5__1/O
                         net (fo=1, routed)           0.629     8.213    cnn_accelerator_system_i/cnn_accelerator_wino_0/inst/conv2/gic[2].u_it/tre[3][4][3]_i_5__1_n_0
    SLICE_X49Y87                                                      r  cnn_accelerator_system_i/cnn_accelerator_wino_0/inst/conv2/gic[2].u_it/tre_reg[3][4][3]_i_1__1/DI[0]
    SLICE_X49Y87         CARRY4 (Prop_carry4_DI[0]_O[1])
                                                      0.610     8.823 r  cnn_accelerator_system_i/cnn_accelerator_wino_0/inst/conv2/gic[2].u_it/tre_reg[3][4][3]_i_1__1/O[1]
                         net (fo=1, routed)           1.086     9.908    cnn_accelerator_system_i/cnn_accelerator_wino_0/inst/conv2/gic[2].u_it/tre_c[3][4]_1107[1]
    SLICE_X75Y93         FDRE                                         r  cnn_accelerator_system_i/cnn_accelerator_wino_0/inst/conv2/gic[2].u_it/tre_reg[3][4][1]/D
  -------------------------------------------------------------------    -------------------

                         (clock clk_out3_cnn_accelerator_system_clk_wiz_0_0 rise edge)
                                                      5.000     5.000 r  
    E3                                                0.000     5.000 r  CLK100MHZ (IN)
                         net (fo=0)                   0.000     5.000    CLK100MHZ
    E3                                                                r  CLK100MHZ_IBUF_inst/I
    E3                   IBUF (Prop_ibuf_I_O)         1.411     6.411 r  CLK100MHZ_IBUF_inst/O
                         net (fo=1, routed)           1.920     8.331    cnn_accelerator_system_i/util_ds_buf_0/U0/BUFG_I[0]
    BUFGCTRL_X0Y16                                                    r  cnn_accelerator_system_i/util_ds_buf_0/U0/USE_BUFG.GEN_BUFG[0].BUFG_U/I
    BUFGCTRL_X0Y16       BUFG (Prop_bufg_I_O)         0.091     8.422 r  cnn_accelerator_system_i/util_ds_buf_0/U0/USE_BUFG.GEN_BUFG[0].BUFG_U/O
                         net (fo=2, routed)           1.683    10.105    cnn_accelerator_system_i/clk_wiz_0/inst/clk_in1
    MMCME2_ADV_X0Y0                                                   r  cnn_accelerator_system_i/clk_wiz_0/inst/mmcm_adv_inst/CLKIN1
    MMCME2_ADV_X0Y0      MMCME2_ADV (Prop_mmcme2_adv_CLKIN1_CLKOUT2)
                                                     -3.694     6.411 r  cnn_accelerator_system_i/clk_wiz_0/inst/mmcm_adv_inst/CLKOUT2
                         net (fo=1, routed)           1.923     8.334    cnn_accelerator_system_i/clk_wiz_0/inst/clk_out3_cnn_accelerator_system_clk_wiz_0_0
    BUFGCTRL_X0Y2                                                     r  cnn_accelerator_system_i/clk_wiz_0/inst/clkout3_buf/I
    BUFGCTRL_X0Y2        BUFG (Prop_bufg_I_O)         0.091     8.425 r  cnn_accelerator_system_i/clk_wiz_0/inst/clkout3_buf/O
                         net (fo=52890, routed)       1.594    10.020    cnn_accelerator_system_i/cnn_accelerator_wino_0/inst/conv2/gic[2].u_it/clk
    SLICE_X75Y93         FDRE                                         r  cnn_accelerator_system_i/cnn_accelerator_wino_0/inst/conv2/gic[2].u_it/tre_reg[3][4][1]/C
                         clock pessimism              0.187    10.207    
                         clock uncertainty           -0.067    10.140    
    SLICE_X75Y93         FDRE (Setup_fdre_C_D)       -0.260     9.880    cnn_accelerator_system_i/cnn_accelerator_wino_0/inst/conv2/gic[2].u_it/tre_reg[3][4][1]
  -------------------------------------------------------------------
                         required time                          9.880    
                         arrival time                          -9.908    
  -------------------------------------------------------------------
                         slack                                 -0.028    

Slack (VIOLATED) :        -0.026ns  (required time - arrival time)
  Source:                 cnn_accelerator_system_i/cnn_accelerator_wino_0/inst/conv2/gic[1].grp_q_ic_reg_rep__1/C
                            (rising edge-triggered cell FDRE clocked by clk_out3_cnn_accelerator_system_clk_wiz_0_0  {rise@0.000ns fall@2.500ns period=5.000ns})
  Destination:            cnn_accelerator_system_i/cnn_accelerator_wino_0/inst/conv2/gic[1].u_it/tre_reg[2][3][8]/D
                            (rising edge-triggered cell FDRE clocked by clk_out3_cnn_accelerator_system_clk_wiz_0_0  {rise@0.000ns fall@2.500ns period=5.000ns})
  Path Group:             clk_out3_cnn_accelerator_system_clk_wiz_0_0
  Path Type:              Setup (Max at Slow Process Corner)
  Requirement:            5.000ns  (clk_out3_cnn_accelerator_system_clk_wiz_0_0 rise@5.000ns - clk_out3_cnn_accelerator_system_clk_wiz_0_0 rise@0.000ns)
  Data Path Delay:        4.918ns  (logic 1.635ns (33.248%)  route 3.283ns (66.752%))
  Logic Levels:           6  (CARRY4=2 LUT3=2 LUT5=1 LUT6=1)
  Clock Path Skew:        -0.103ns (DCD - SCD + CPR)
    Destination Clock Delay (DCD):    4.919ns = ( 9.919 - 5.000 ) 
    Source Clock Delay      (SCD):    5.208ns
    Clock Pessimism Removal (CPR):    0.186ns
  Clock Uncertainty:      0.067ns  ((TSJ^2 + DJ^2)^1/2) / 2 + PE
    Total System Jitter     (TSJ):    0.071ns
    Discrete Jitter          (DJ):    0.113ns
    Phase Error              (PE):    0.000ns

    Location             Delay type                Incr(ns)  Path(ns)    Netlist Resource(s)
  -------------------------------------------------------------------    -------------------
                         (clock clk_out3_cnn_accelerator_system_clk_wiz_0_0 rise edge)
                                                      0.000     0.000 r  
    E3                                                0.000     0.000 r  CLK100MHZ (IN)
                         net (fo=0)                   0.000     0.000    CLK100MHZ
    E3                                                                r  CLK100MHZ_IBUF_inst/I
    E3                   IBUF (Prop_ibuf_I_O)         1.482     1.482 r  CLK100MHZ_IBUF_inst/O
                         net (fo=1, routed)           2.025     3.506    cnn_accelerator_system_i/util_ds_buf_0/U0/BUFG_I[0]
    BUFGCTRL_X0Y16                                                    r  cnn_accelerator_system_i/util_ds_buf_0/U0/USE_BUFG.GEN_BUFG[0].BUFG_U/I
    BUFGCTRL_X0Y16       BUFG (Prop_bufg_I_O)         0.096     3.602 r  cnn_accelerator_system_i/util_ds_buf_0/U0/USE_BUFG.GEN_BUFG[0].BUFG_U/O
                         net (fo=2, routed)           1.809     5.412    cnn_accelerator_system_i/clk_wiz_0/inst/clk_in1
    MMCME2_ADV_X0Y0                                                   r  cnn_accelerator_system_i/clk_wiz_0/inst/mmcm_adv_inst/CLKIN1
    MMCME2_ADV_X0Y0      MMCME2_ADV (Prop_mmcme2_adv_CLKIN1_CLKOUT2)
                                                     -3.922     1.490 r  cnn_accelerator_system_i/clk_wiz_0/inst/mmcm_adv_inst/CLKOUT2
                         net (fo=1, routed)           2.018     3.508    cnn_accelerator_system_i/clk_wiz_0/inst/clk_out3_cnn_accelerator_system_clk_wiz_0_0
    BUFGCTRL_X0Y2                                                     r  cnn_accelerator_system_i/clk_wiz_0/inst/clkout3_buf/I
    BUFGCTRL_X0Y2        BUFG (Prop_bufg_I_O)         0.096     3.604 r  cnn_accelerator_system_i/clk_wiz_0/inst/clkout3_buf/O
                         net (fo=52890, routed)       1.604     5.208    cnn_accelerator_system_i/cnn_accelerator_wino_0/inst/conv2/clk
    SLICE_X54Y115        FDRE                                         r  cnn_accelerator_system_i/cnn_accelerator_wino_0/inst/conv2/gic[1].grp_q_ic_reg_rep__1/C
  -------------------------------------------------------------------    -------------------
    SLICE_X54Y115        FDRE (Prop_fdre_C_Q)         0.518     5.726 r  cnn_accelerator_system_i/cnn_accelerator_wino_0/inst/conv2/gic[1].grp_q_ic_reg_rep__1/Q
                         net (fo=16, routed)          0.934     6.660    cnn_accelerator_system_i/cnn_accelerator_wino_0/inst/conv2/gic[1].u_it/i___156_1
    SLICE_X49Y111                                                     r  cnn_accelerator_system_i/cnn_accelerator_wino_0/inst/conv2/gic[1].u_it/i___17_i_2__0/I1
    SLICE_X49Y111        LUT3 (Prop_lut3_I1_O)        0.124     6.784 r  cnn_accelerator_system_i/cnn_accelerator_wino_0/inst/conv2/gic[1].u_it/i___17_i_2__0/O
                         net (fo=9, routed)           0.966     7.750    cnn_accelerator_system_i/cnn_accelerator_wino_0/inst/conv2/gic[1].u_it/gic[1].d_flat_ic[221]
    SLICE_X58Y113                                                     r  cnn_accelerator_system_i/cnn_accelerator_wino_0/inst/conv2/gic[1].u_it/i___17/I1
    SLICE_X58Y113        LUT3 (Prop_lut3_I1_O)        0.124     7.874 r  cnn_accelerator_system_i/cnn_accelerator_wino_0/inst/conv2/gic[1].u_it/i___17/O
                         net (fo=4, routed)           0.753     8.627    cnn_accelerator_system_i/cnn_accelerator_wino_0/inst/conv2/gic[1].u_it/i___17_n_0
    SLICE_X48Y118                                                     r  cnn_accelerator_system_i/cnn_accelerator_wino_0/inst/conv2/gic[1].u_it/tre[2][3][7]_i_3__0/I3
    SLICE_X48Y118        LUT5 (Prop_lut5_I3_O)        0.124     8.751 r  cnn_accelerator_system_i/cnn_accelerator_wino_0/inst/conv2/gic[1].u_it/tre[2][3][7]_i_3__0/O
                         net (fo=2, routed)           0.630     9.381    cnn_accelerator_system_i/cnn_accelerator_wino_0/inst/conv2/gic[1].u_it/tre[2][3][7]_i_3__0_n_0
    SLICE_X49Y114                                                     r  cnn_accelerator_system_i/cnn_accelerator_wino_0/inst/conv2/gic[1].u_it/tre[2][3][7]_i_7__0/I0
    SLICE_X49Y114        LUT6 (Prop_lut6_I0_O)        0.124     9.505 r  cnn_accelerator_system_i/cnn_accelerator_wino_0/inst/conv2/gic[1].u_it/tre[2][3][7]_i_7__0/O
                         net (fo=1, routed)           0.000     9.505    cnn_accelerator_system_i/cnn_accelerator_wino_0/inst/conv2/gic[1].u_it/tre[2][3][7]_i_7__0_n_0
    SLICE_X49Y114                                                     r  cnn_accelerator_system_i/cnn_accelerator_wino_0/inst/conv2/gic[1].u_it/tre_reg[2][3][7]_i_1__0/S[2]
    SLICE_X49Y114        CARRY4 (Prop_carry4_S[2]_CO[3])
                                                      0.398     9.903 r  cnn_accelerator_system_i/cnn_accelerator_wino_0/inst/conv2/gic[1].u_it/tre_reg[2][3][7]_i_1__0/CO[3]
                         net (fo=1, routed)           0.000     9.903    cnn_accelerator_system_i/cnn_accelerator_wino_0/inst/conv2/gic[1].u_it/tre_reg[2][3][7]_i_1__0_n_0
    SLICE_X49Y115                                                     r  cnn_accelerator_system_i/cnn_accelerator_wino_0/inst/conv2/gic[1].u_it/tre_reg[2][3][10]_i_1__0/CI
    SLICE_X49Y115        CARRY4 (Prop_carry4_CI_O[0])
                                                      0.223    10.126 r  cnn_accelerator_system_i/cnn_accelerator_wino_0/inst/conv2/gic[1].u_it/tre_reg[2][3][10]_i_1__0/O[0]
                         net (fo=1, routed)           0.000    10.126    cnn_accelerator_system_i/cnn_accelerator_wino_0/inst/conv2/gic[1].u_it/tre_c[2][3]_1047[8]
    SLICE_X49Y115        FDRE                                         r  cnn_accelerator_system_i/cnn_accelerator_wino_0/inst/conv2/gic[1].u_it/tre_reg[2][3][8]/D
  -------------------------------------------------------------------    -------------------

                         (clock clk_out3_cnn_accelerator_system_clk_wiz_0_0 rise edge)
                                                      5.000     5.000 r  
    E3                                                0.000     5.000 r  CLK100MHZ (IN)
                         net (fo=0)                   0.000     5.000    CLK100MHZ
    E3                                                                r  CLK100MHZ_IBUF_inst/I
    E3                   IBUF (Prop_ibuf_I_O)         1.411     6.411 r  CLK100MHZ_IBUF_inst/O
                         net (fo=1, routed)           1.920     8.331    cnn_accelerator_system_i/util_ds_buf_0/U0/BUFG_I[0]
    BUFGCTRL_X0Y16                                                    r  cnn_accelerator_system_i/util_ds_buf_0/U0/USE_BUFG.GEN_BUFG[0].BUFG_U/I
    BUFGCTRL_X0Y16       BUFG (Prop_bufg_I_O)         0.091     8.422 r  cnn_accelerator_system_i/util_ds_buf_0/U0/USE_BUFG.GEN_BUFG[0].BUFG_U/O
                         net (fo=2, routed)           1.683    10.105    cnn_accelerator_system_i/clk_wiz_0/inst/clk_in1
    MMCME2_ADV_X0Y0                                                   r  cnn_accelerator_system_i/clk_wiz_0/inst/mmcm_adv_inst/CLKIN1
    MMCME2_ADV_X0Y0      MMCME2_ADV (Prop_mmcme2_adv_CLKIN1_CLKOUT2)
                                                     -3.694     6.411 r  cnn_accelerator_system_i/clk_wiz_0/inst/mmcm_adv_inst/CLKOUT2
                         net (fo=1, routed)           1.923     8.334    cnn_accelerator_system_i/clk_wiz_0/inst/clk_out3_cnn_accelerator_system_clk_wiz_0_0
    BUFGCTRL_X0Y2                                                     r  cnn_accelerator_system_i/clk_wiz_0/inst/clkout3_buf/I
    BUFGCTRL_X0Y2        BUFG (Prop_bufg_I_O)         0.091     8.425 r  cnn_accelerator_system_i/clk_wiz_0/inst/clkout3_buf/O
                         net (fo=52890, routed)       1.494     9.919    cnn_accelerator_system_i/cnn_accelerator_wino_0/inst/conv2/gic[1].u_it/clk
    SLICE_X49Y115        FDRE                                         r  cnn_accelerator_system_i/cnn_accelerator_wino_0/inst/conv2/gic[1].u_it/tre_reg[2][3][8]/C
                         clock pessimism              0.186    10.105    
                         clock uncertainty           -0.067    10.038    
    SLICE_X49Y115        FDRE (Setup_fdre_C_D)        0.062    10.100    cnn_accelerator_system_i/cnn_accelerator_wino_0/inst/conv2/gic[1].u_it/tre_reg[2][3][8]
  -------------------------------------------------------------------
                         required time                         10.100    
                         arrival time                         -10.126    
  -------------------------------------------------------------------
                         slack                                 -0.026    

Slack (VIOLATED) :        -0.025ns  (required time - arrival time)
  Source:                 cnn_accelerator_system_i/cnn_accelerator_wino_0/inst/conv2/gic[2].tile6_q_ic_reg[256]/C
                            (rising edge-triggered cell FDRE clocked by clk_out3_cnn_accelerator_system_clk_wiz_0_0  {rise@0.000ns fall@2.500ns period=5.000ns})
  Destination:            cnn_accelerator_system_i/cnn_accelerator_wino_0/inst/conv2/gic[2].u_it/tre_reg[3][4][4]/D
                            (rising edge-triggered cell FDRE clocked by clk_out3_cnn_accelerator_system_clk_wiz_0_0  {rise@0.000ns fall@2.500ns period=5.000ns})
  Path Group:             clk_out3_cnn_accelerator_system_clk_wiz_0_0
  Path Type:              Setup (Max at Slow Process Corner)
  Requirement:            5.000ns  (clk_out3_cnn_accelerator_system_clk_wiz_0_0 rise@5.000ns - clk_out3_cnn_accelerator_system_clk_wiz_0_0 rise@0.000ns)
  Data Path Delay:        4.646ns  (logic 1.713ns (36.867%)  route 2.933ns (63.133%))
  Logic Levels:           4  (CARRY4=2 LUT1=1 LUT3=1)
  Clock Path Skew:        -0.121ns (DCD - SCD + CPR)
    Destination Clock Delay (DCD):    4.927ns = ( 9.927 - 5.000 ) 
    Source Clock Delay      (SCD):    5.235ns
    Clock Pessimism Removal (CPR):    0.187ns
  Clock Uncertainty:      0.067ns  ((TSJ^2 + DJ^2)^1/2) / 2 + PE
    Total System Jitter     (TSJ):    0.071ns
    Discrete Jitter          (DJ):    0.113ns
    Phase Error              (PE):    0.000ns

    Location             Delay type                Incr(ns)  Path(ns)    Netlist Resource(s)
  -------------------------------------------------------------------    -------------------
                         (clock clk_out3_cnn_accelerator_system_clk_wiz_0_0 rise edge)
                                                      0.000     0.000 r  
    E3                                                0.000     0.000 r  CLK100MHZ (IN)
                         net (fo=0)                   0.000     0.000    CLK100MHZ
    E3                                                                r  CLK100MHZ_IBUF_inst/I
    E3                   IBUF (Prop_ibuf_I_O)         1.482     1.482 r  CLK100MHZ_IBUF_inst/O
                         net (fo=1, routed)           2.025     3.506    cnn_accelerator_system_i/util_ds_buf_0/U0/BUFG_I[0]
    BUFGCTRL_X0Y16                                                    r  cnn_accelerator_system_i/util_ds_buf_0/U0/USE_BUFG.GEN_BUFG[0].BUFG_U/I
    BUFGCTRL_X0Y16       BUFG (Prop_bufg_I_O)         0.096     3.602 r  cnn_accelerator_system_i/util_ds_buf_0/U0/USE_BUFG.GEN_BUFG[0].BUFG_U/O
                         net (fo=2, routed)           1.809     5.412    cnn_accelerator_system_i/clk_wiz_0/inst/clk_in1
    MMCME2_ADV_X0Y0                                                   r  cnn_accelerator_system_i/clk_wiz_0/inst/mmcm_adv_inst/CLKIN1
    MMCME2_ADV_X0Y0      MMCME2_ADV (Prop_mmcme2_adv_CLKIN1_CLKOUT2)
                                                     -3.922     1.490 r  cnn_accelerator_system_i/clk_wiz_0/inst/mmcm_adv_inst/CLKOUT2
                         net (fo=1, routed)           2.018     3.508    cnn_accelerator_system_i/clk_wiz_0/inst/clk_out3_cnn_accelerator_system_clk_wiz_0_0
    BUFGCTRL_X0Y2                                                     r  cnn_accelerator_system_i/clk_wiz_0/inst/clkout3_buf/I
    BUFGCTRL_X0Y2        BUFG (Prop_bufg_I_O)         0.096     3.604 r  cnn_accelerator_system_i/clk_wiz_0/inst/clkout3_buf/O
                         net (fo=52890, routed)       1.630     5.235    cnn_accelerator_system_i/cnn_accelerator_wino_0/inst/conv2/clk
    SLICE_X46Y90         FDRE                                         r  cnn_accelerator_system_i/cnn_accelerator_wino_0/inst/conv2/gic[2].tile6_q_ic_reg[256]/C
  -------------------------------------------------------------------    -------------------
    SLICE_X46Y90         FDRE (Prop_fdre_C_Q)         0.518     5.753 f  cnn_accelerator_system_i/cnn_accelerator_wino_0/inst/conv2/gic[2].tile6_q_ic_reg[256]/Q
                         net (fo=1, routed)           1.012     6.765    cnn_accelerator_system_i/cnn_accelerator_wino_0/inst/conv2/gic[2].u_it/out[256]
    SLICE_X49Y85                                                      f  cnn_accelerator_system_i/cnn_accelerator_wino_0/inst/conv2/gic[2].u_it/i___63_i_1__1/I2
    SLICE_X49Y85         LUT3 (Prop_lut3_I2_O)        0.124     6.889 f  cnn_accelerator_system_i/cnn_accelerator_wino_0/inst/conv2/gic[2].u_it/i___63_i_1__1/O
                         net (fo=7, routed)           0.575     7.463    cnn_accelerator_system_i/cnn_accelerator_wino_0/inst/conv2/gic[2].u_it/gic[2].d_flat_ic[128]
    SLICE_X49Y87                                                      f  cnn_accelerator_system_i/cnn_accelerator_wino_0/inst/conv2/gic[2].u_it/tre[3][4][3]_i_5__1/I0
    SLICE_X49Y87         LUT1 (Prop_lut1_I0_O)        0.120     7.583 r  cnn_accelerator_system_i/cnn_accelerator_wino_0/inst/conv2/gic[2].u_it/tre[3][4][3]_i_5__1/O
                         net (fo=1, routed)           0.629     8.213    cnn_accelerator_system_i/cnn_accelerator_wino_0/inst/conv2/gic[2].u_it/tre[3][4][3]_i_5__1_n_0
    SLICE_X49Y87                                                      r  cnn_accelerator_system_i/cnn_accelerator_wino_0/inst/conv2/gic[2].u_it/tre_reg[3][4][3]_i_1__1/DI[0]
    SLICE_X49Y87         CARRY4 (Prop_carry4_DI[0]_CO[3])
                                                      0.729     8.942 r  cnn_accelerator_system_i/cnn_accelerator_wino_0/inst/conv2/gic[2].u_it/tre_reg[3][4][3]_i_1__1/CO[3]
                         net (fo=1, routed)           0.000     8.942    cnn_accelerator_system_i/cnn_accelerator_wino_0/inst/conv2/gic[2].u_it/tre_reg[3][4][3]_i_1__1_n_0
    SLICE_X49Y88                                                      r  cnn_accelerator_system_i/cnn_accelerator_wino_0/inst/conv2/gic[2].u_it/tre_reg[3][4][7]_i_1__1/CI
    SLICE_X49Y88         CARRY4 (Prop_carry4_CI_O[0])
                                                      0.222     9.164 r  cnn_accelerator_system_i/cnn_accelerator_wino_0/inst/conv2/gic[2].u_it/tre_reg[3][4][7]_i_1__1/O[0]
                         net (fo=1, routed)           0.718     9.881    cnn_accelerator_system_i/cnn_accelerator_wino_0/inst/conv2/gic[2].u_it/tre_c[3][4]_1107[4]
    SLICE_X54Y95         FDRE                                         r  cnn_accelerator_system_i/cnn_accelerator_wino_0/inst/conv2/gic[2].u_it/tre_reg[3][4][4]/D
  -------------------------------------------------------------------    -------------------

                         (clock clk_out3_cnn_accelerator_system_clk_wiz_0_0 rise edge)
                                                      5.000     5.000 r  
    E3                                                0.000     5.000 r  CLK100MHZ (IN)
                         net (fo=0)                   0.000     5.000    CLK100MHZ
    E3                                                                r  CLK100MHZ_IBUF_inst/I
    E3                   IBUF (Prop_ibuf_I_O)         1.411     6.411 r  CLK100MHZ_IBUF_inst/O
                         net (fo=1, routed)           1.920     8.331    cnn_accelerator_system_i/util_ds_buf_0/U0/BUFG_I[0]
    BUFGCTRL_X0Y16                                                    r  cnn_accelerator_system_i/util_ds_buf_0/U0/USE_BUFG.GEN_BUFG[0].BUFG_U/I
    BUFGCTRL_X0Y16       BUFG (Prop_bufg_I_O)         0.091     8.422 r  cnn_accelerator_system_i/util_ds_buf_0/U0/USE_BUFG.GEN_BUFG[0].BUFG_U/O
                         net (fo=2, routed)           1.683    10.105    cnn_accelerator_system_i/clk_wiz_0/inst/clk_in1
    MMCME2_ADV_X0Y0                                                   r  cnn_accelerator_system_i/clk_wiz_0/inst/mmcm_adv_inst/CLKIN1
    MMCME2_ADV_X0Y0      MMCME2_ADV (Prop_mmcme2_adv_CLKIN1_CLKOUT2)
                                                     -3.694     6.411 r  cnn_accelerator_system_i/clk_wiz_0/inst/mmcm_adv_inst/CLKOUT2
                         net (fo=1, routed)           1.923     8.334    cnn_accelerator_system_i/clk_wiz_0/inst/clk_out3_cnn_accelerator_system_clk_wiz_0_0
    BUFGCTRL_X0Y2                                                     r  cnn_accelerator_system_i/clk_wiz_0/inst/clkout3_buf/I
    BUFGCTRL_X0Y2        BUFG (Prop_bufg_I_O)         0.091     8.425 r  cnn_accelerator_system_i/clk_wiz_0/inst/clkout3_buf/O
                         net (fo=52890, routed)       1.501     9.927    cnn_accelerator_system_i/cnn_accelerator_wino_0/inst/conv2/gic[2].u_it/clk
    SLICE_X54Y95         FDRE                                         r  cnn_accelerator_system_i/cnn_accelerator_wino_0/inst/conv2/gic[2].u_it/tre_reg[3][4][4]/C
                         clock pessimism              0.187    10.114    
                         clock uncertainty           -0.067    10.047    
    SLICE_X54Y95         FDRE (Setup_fdre_C_D)       -0.191     9.856    cnn_accelerator_system_i/cnn_accelerator_wino_0/inst/conv2/gic[2].u_it/tre_reg[3][4][4]
  -------------------------------------------------------------------
                         required time                          9.856    
                         arrival time                          -9.881    
  -------------------------------------------------------------------
                         slack                                 -0.025    

Slack (VIOLATED) :        -0.021ns  (required time - arrival time)
  Source:                 cnn_accelerator_system_i/cnn_accelerator_wino_0/inst/conv2/tile_cnt_reg[1]_rep__37/C
                            (rising edge-triggered cell FDRE clocked by clk_out3_cnn_accelerator_system_clk_wiz_0_0  {rise@0.000ns fall@2.500ns period=5.000ns})
  Destination:            cnn_accelerator_system_i/cnn_accelerator_wino_0/inst/conv2/trow_cnt_reg[0]_rep__28/D
                            (rising edge-triggered cell FDRE clocked by clk_out3_cnn_accelerator_system_clk_wiz_0_0  {rise@0.000ns fall@2.500ns period=5.000ns})
  Path Group:             clk_out3_cnn_accelerator_system_clk_wiz_0_0
  Path Type:              Setup (Max at Slow Process Corner)
  Requirement:            5.000ns  (clk_out3_cnn_accelerator_system_clk_wiz_0_0 rise@5.000ns - clk_out3_cnn_accelerator_system_clk_wiz_0_0 rise@0.000ns)
  Data Path Delay:        4.764ns  (logic 0.828ns (17.382%)  route 3.936ns (82.618%))
  Logic Levels:           3  (LUT3=1 LUT5=2)
  Clock Path Skew:        -0.110ns (DCD - SCD + CPR)
    Destination Clock Delay (DCD):    4.927ns = ( 9.927 - 5.000 ) 
    Source Clock Delay      (SCD):    5.215ns
    Clock Pessimism Removal (CPR):    0.179ns
  Clock Uncertainty:      0.067ns  ((TSJ^2 + DJ^2)^1/2) / 2 + PE
    Total System Jitter     (TSJ):    0.071ns
    Discrete Jitter          (DJ):    0.113ns
    Phase Error              (PE):    0.000ns

    Location             Delay type                Incr(ns)  Path(ns)    Netlist Resource(s)
  -------------------------------------------------------------------    -------------------
                         (clock clk_out3_cnn_accelerator_system_clk_wiz_0_0 rise edge)
                                                      0.000     0.000 r  
    E3                                                0.000     0.000 r  CLK100MHZ (IN)
                         net (fo=0)                   0.000     0.000    CLK100MHZ
    E3                                                                r  CLK100MHZ_IBUF_inst/I
    E3                   IBUF (Prop_ibuf_I_O)         1.482     1.482 r  CLK100MHZ_IBUF_inst/O
                         net (fo=1, routed)           2.025     3.506    cnn_accelerator_system_i/util_ds_buf_0/U0/BUFG_I[0]
    BUFGCTRL_X0Y16                                                    r  cnn_accelerator_system_i/util_ds_buf_0/U0/USE_BUFG.GEN_BUFG[0].BUFG_U/I
    BUFGCTRL_X0Y16       BUFG (Prop_bufg_I_O)         0.096     3.602 r  cnn_accelerator_system_i/util_ds_buf_0/U0/USE_BUFG.GEN_BUFG[0].BUFG_U/O
                         net (fo=2, routed)           1.809     5.412    cnn_accelerator_system_i/clk_wiz_0/inst/clk_in1
    MMCME2_ADV_X0Y0                                                   r  cnn_accelerator_system_i/clk_wiz_0/inst/mmcm_adv_inst/CLKIN1
    MMCME2_ADV_X0Y0      MMCME2_ADV (Prop_mmcme2_adv_CLKIN1_CLKOUT2)
                                                     -3.922     1.490 r  cnn_accelerator_system_i/clk_wiz_0/inst/mmcm_adv_inst/CLKOUT2
                         net (fo=1, routed)           2.018     3.508    cnn_accelerator_system_i/clk_wiz_0/inst/clk_out3_cnn_accelerator_system_clk_wiz_0_0
    BUFGCTRL_X0Y2                                                     r  cnn_accelerator_system_i/clk_wiz_0/inst/clkout3_buf/I
    BUFGCTRL_X0Y2        BUFG (Prop_bufg_I_O)         0.096     3.604 r  cnn_accelerator_system_i/clk_wiz_0/inst/clkout3_buf/O
                         net (fo=52890, routed)       1.611     5.215    cnn_accelerator_system_i/cnn_accelerator_wino_0/inst/conv2/clk
    SLICE_X48Y117        FDRE                                         r  cnn_accelerator_system_i/cnn_accelerator_wino_0/inst/conv2/tile_cnt_reg[1]_rep__37/C
  -------------------------------------------------------------------    -------------------
    SLICE_X48Y117        FDRE (Prop_fdre_C_Q)         0.456     5.671 f  cnn_accelerator_system_i/cnn_accelerator_wino_0/inst/conv2/tile_cnt_reg[1]_rep__37/Q
                         net (fo=29, routed)          1.118     6.789    cnn_accelerator_system_i/cnn_accelerator_wino_0/inst/conv2/tile_cnt_reg[1]_rep__37_n_0
    SLICE_X44Y111                                                     f  cnn_accelerator_system_i/cnn_accelerator_wino_0/inst/conv2/trow_cnt[2]_i_3/I2
    SLICE_X44Y111        LUT3 (Prop_lut3_I2_O)        0.124     6.913 r  cnn_accelerator_system_i/cnn_accelerator_wino_0/inst/conv2/trow_cnt[2]_i_3/O
                         net (fo=2, routed)           0.923     7.836    cnn_accelerator_system_i/cnn_accelerator_wino_0/inst/conv2/trow_cnt[2]_i_3_n_0
    SLICE_X43Y116                                                     r  cnn_accelerator_system_i/cnn_accelerator_wino_0/inst/conv2/trow_cnt[0]_i_2/I4
    SLICE_X43Y116        LUT5 (Prop_lut5_I4_O)        0.124     7.960 r  cnn_accelerator_system_i/cnn_accelerator_wino_0/inst/conv2/trow_cnt[0]_i_2/O
                         net (fo=1, routed)           0.263     8.223    cnn_accelerator_system_i/cnn_accelerator_wino_0/inst/conv2/p_5_out
    SLICE_X43Y116                                                     r  cnn_accelerator_system_i/cnn_accelerator_wino_0/inst/conv2/trow_cnt[0]_i_1/I0
    SLICE_X43Y116        LUT5 (Prop_lut5_I0_O)        0.124     8.347 r  cnn_accelerator_system_i/cnn_accelerator_wino_0/inst/conv2/trow_cnt[0]_i_1/O
                         net (fo=40, routed)          1.631     9.979    cnn_accelerator_system_i/cnn_accelerator_wino_0/inst/conv2/trow_cnt[0]_i_1_n_0
    SLICE_X52Y96         FDRE                                         r  cnn_accelerator_system_i/cnn_accelerator_wino_0/inst/conv2/trow_cnt_reg[0]_rep__28/D
  -------------------------------------------------------------------    -------------------

                         (clock clk_out3_cnn_accelerator_system_clk_wiz_0_0 rise edge)
                                                      5.000     5.000 r  
    E3                                                0.000     5.000 r  CLK100MHZ (IN)
                         net (fo=0)                   0.000     5.000    CLK100MHZ
    E3                                                                r  CLK100MHZ_IBUF_inst/I
    E3                   IBUF (Prop_ibuf_I_O)         1.411     6.411 r  CLK100MHZ_IBUF_inst/O
                         net (fo=1, routed)           1.920     8.331    cnn_accelerator_system_i/util_ds_buf_0/U0/BUFG_I[0]
    BUFGCTRL_X0Y16                                                    r  cnn_accelerator_system_i/util_ds_buf_0/U0/USE_BUFG.GEN_BUFG[0].BUFG_U/I
    BUFGCTRL_X0Y16       BUFG (Prop_bufg_I_O)         0.091     8.422 r  cnn_accelerator_system_i/util_ds_buf_0/U0/USE_BUFG.GEN_BUFG[0].BUFG_U/O
                         net (fo=2, routed)           1.683    10.105    cnn_accelerator_system_i/clk_wiz_0/inst/clk_in1
    MMCME2_ADV_X0Y0                                                   r  cnn_accelerator_system_i/clk_wiz_0/inst/mmcm_adv_inst/CLKIN1
    MMCME2_ADV_X0Y0      MMCME2_ADV (Prop_mmcme2_adv_CLKIN1_CLKOUT2)
                                                     -3.694     6.411 r  cnn_accelerator_system_i/clk_wiz_0/inst/mmcm_adv_inst/CLKOUT2
                         net (fo=1, routed)           1.923     8.334    cnn_accelerator_system_i/clk_wiz_0/inst/clk_out3_cnn_accelerator_system_clk_wiz_0_0
    BUFGCTRL_X0Y2                                                     r  cnn_accelerator_system_i/clk_wiz_0/inst/clkout3_buf/I
    BUFGCTRL_X0Y2        BUFG (Prop_bufg_I_O)         0.091     8.425 r  cnn_accelerator_system_i/clk_wiz_0/inst/clkout3_buf/O
                         net (fo=52890, routed)       1.501     9.927    cnn_accelerator_system_i/cnn_accelerator_wino_0/inst/conv2/clk
    SLICE_X52Y96         FDRE                                         r  cnn_accelerator_system_i/cnn_accelerator_wino_0/inst/conv2/trow_cnt_reg[0]_rep__28/C
                         clock pessimism              0.179    10.106    
                         clock uncertainty           -0.067    10.039    
    SLICE_X52Y96         FDRE (Setup_fdre_C_D)       -0.081     9.958    cnn_accelerator_system_i/cnn_accelerator_wino_0/inst/conv2/trow_cnt_reg[0]_rep__28
  -------------------------------------------------------------------
                         required time                          9.958    
                         arrival time                          -9.979    
  -------------------------------------------------------------------
                         slack                                 -0.021    

Slack (VIOLATED) :        -0.020ns  (required time - arrival time)
  Source:                 cnn_accelerator_system_i/cnn_accelerator_wino_0/inst/conv2/gic[0].grp_q_ic_reg_rep__0/C
                            (rising edge-triggered cell FDRE clocked by clk_out3_cnn_accelerator_system_clk_wiz_0_0  {rise@0.000ns fall@2.500ns period=5.000ns})
  Destination:            cnn_accelerator_system_i/cnn_accelerator_wino_0/inst/conv2/gic[0].u_it/tre_reg[1][4][10]/D
                            (rising edge-triggered cell FDRE clocked by clk_out3_cnn_accelerator_system_clk_wiz_0_0  {rise@0.000ns fall@2.500ns period=5.000ns})
  Path Group:             clk_out3_cnn_accelerator_system_clk_wiz_0_0
  Path Type:              Setup (Max at Slow Process Corner)
  Requirement:            5.000ns  (clk_out3_cnn_accelerator_system_clk_wiz_0_0 rise@5.000ns - clk_out3_cnn_accelerator_system_clk_wiz_0_0 rise@0.000ns)
  Data Path Delay:        4.980ns  (logic 2.189ns (43.959%)  route 2.791ns (56.041%))
  Logic Levels:           5  (CARRY4=3 LUT3=1 LUT4=1)
  Clock Path Skew:        -0.036ns (DCD - SCD + CPR)
    Destination Clock Delay (DCD):    4.927ns = ( 9.927 - 5.000 ) 
    Source Clock Delay      (SCD):    5.220ns
    Clock Pessimism Removal (CPR):    0.257ns
  Clock Uncertainty:      0.067ns  ((TSJ^2 + DJ^2)^1/2) / 2 + PE
    Total System Jitter     (TSJ):    0.071ns
    Discrete Jitter          (DJ):    0.113ns
    Phase Error              (PE):    0.000ns

    Location             Delay type                Incr(ns)  Path(ns)    Netlist Resource(s)
  -------------------------------------------------------------------    -------------------
                         (clock clk_out3_cnn_accelerator_system_clk_wiz_0_0 rise edge)
                                                      0.000     0.000 r  
    E3                                                0.000     0.000 r  CLK100MHZ (IN)
                         net (fo=0)                   0.000     0.000    CLK100MHZ
    E3                                                                r  CLK100MHZ_IBUF_inst/I
    E3                   IBUF (Prop_ibuf_I_O)         1.482     1.482 r  CLK100MHZ_IBUF_inst/O
                         net (fo=1, routed)           2.025     3.506    cnn_accelerator_system_i/util_ds_buf_0/U0/BUFG_I[0]
    BUFGCTRL_X0Y16                                                    r  cnn_accelerator_system_i/util_ds_buf_0/U0/USE_BUFG.GEN_BUFG[0].BUFG_U/I
    BUFGCTRL_X0Y16       BUFG (Prop_bufg_I_O)         0.096     3.602 r  cnn_accelerator_system_i/util_ds_buf_0/U0/USE_BUFG.GEN_BUFG[0].BUFG_U/O
                         net (fo=2, routed)           1.809     5.412    cnn_accelerator_system_i/clk_wiz_0/inst/clk_in1
    MMCME2_ADV_X0Y0                                                   r  cnn_accelerator_system_i/clk_wiz_0/inst/mmcm_adv_inst/CLKIN1
    MMCME2_ADV_X0Y0      MMCME2_ADV (Prop_mmcme2_adv_CLKIN1_CLKOUT2)
                                                     -3.922     1.490 r  cnn_accelerator_system_i/clk_wiz_0/inst/mmcm_adv_inst/CLKOUT2
                         net (fo=1, routed)           2.018     3.508    cnn_accelerator_system_i/clk_wiz_0/inst/clk_out3_cnn_accelerator_system_clk_wiz_0_0
    BUFGCTRL_X0Y2                                                     r  cnn_accelerator_system_i/clk_wiz_0/inst/clkout3_buf/I
    BUFGCTRL_X0Y2        BUFG (Prop_bufg_I_O)         0.096     3.604 r  cnn_accelerator_system_i/clk_wiz_0/inst/clkout3_buf/O
                         net (fo=52890, routed)       1.616     5.220    cnn_accelerator_system_i/cnn_accelerator_wino_0/inst/conv2/clk
    SLICE_X46Y112        FDRE                                         r  cnn_accelerator_system_i/cnn_accelerator_wino_0/inst/conv2/gic[0].grp_q_ic_reg_rep__0/C
  -------------------------------------------------------------------    -------------------
    SLICE_X46Y112        FDRE (Prop_fdre_C_Q)         0.518     5.738 r  cnn_accelerator_system_i/cnn_accelerator_wino_0/inst/conv2/gic[0].grp_q_ic_reg_rep__0/Q
                         net (fo=16, routed)          1.071     6.810    cnn_accelerator_system_i/cnn_accelerator_wino_0/inst/conv2/gic[0].u_it/i___124_1
    SLICE_X40Y107                                                     r  cnn_accelerator_system_i/cnn_accelerator_wino_0/inst/conv2/gic[0].u_it/i___77_i_2/I1
    SLICE_X40Y107        LUT3 (Prop_lut3_I1_O)        0.150     6.960 r  cnn_accelerator_system_i/cnn_accelerator_wino_0/inst/conv2/gic[0].u_it/i___77_i_2/O
                         net (fo=13, routed)          1.188     8.147    cnn_accelerator_system_i/cnn_accelerator_wino_0/inst/conv2/gic[0].u_it/gic[0].d_flat_ic[225]
    SLICE_X37Y105                                                     r  cnn_accelerator_system_i/cnn_accelerator_wino_0/inst/conv2/gic[0].u_it/tre[1][4][3]_i_4/I2
    SLICE_X37Y105        LUT4 (Prop_lut4_I2_O)        0.358     8.505 r  cnn_accelerator_system_i/cnn_accelerator_wino_0/inst/conv2/gic[0].u_it/tre[1][4][3]_i_4/O
                         net (fo=1, routed)           0.532     9.037    cnn_accelerator_system_i/cnn_accelerator_wino_0/inst/conv2/gic[0].u_it/tre[1][4][3]_i_4_n_0
    SLICE_X37Y110                                                     r  cnn_accelerator_system_i/cnn_accelerator_wino_0/inst/conv2/gic[0].u_it/tre_reg[1][4][3]_i_1/DI[1]
    SLICE_X37Y110        CARRY4 (Prop_carry4_DI[1]_CO[3])
                                                      0.715     9.752 r  cnn_accelerator_system_i/cnn_accelerator_wino_0/inst/conv2/gic[0].u_it/tre_reg[1][4][3]_i_1/CO[3]
                         net (fo=1, routed)           0.000     9.752    cnn_accelerator_system_i/cnn_accelerator_wino_0/inst/conv2/gic[0].u_it/tre_reg[1][4][3]_i_1_n_0
    SLICE_X37Y111                                                     r  cnn_accelerator_system_i/cnn_accelerator_wino_0/inst/conv2/gic[0].u_it/tre_reg[1][4][7]_i_1/CI
    SLICE_X37Y111        CARRY4 (Prop_carry4_CI_CO[3])
                                                      0.114     9.866 r  cnn_accelerator_system_i/cnn_accelerator_wino_0/inst/conv2/gic[0].u_it/tre_reg[1][4][7]_i_1/CO[3]
                         net (fo=1, routed)           0.000     9.866    cnn_accelerator_system_i/cnn_accelerator_wino_0/inst/conv2/gic[0].u_it/tre_reg[1][4][7]_i_1_n_0
    SLICE_X37Y112                                                     r  cnn_accelerator_system_i/cnn_accelerator_wino_0/inst/conv2/gic[0].u_it/tre_reg[1][4][10]_i_1/CI
    SLICE_X37Y112        CARRY4 (Prop_carry4_CI_O[1])
                                                      0.334    10.200 r  cnn_accelerator_system_i/cnn_accelerator_wino_0/inst/conv2/gic[0].u_it/tre_reg[1][4][10]_i_1/O[1]
                         net (fo=1, routed)           0.000    10.200    cnn_accelerator_system_i/cnn_accelerator_wino_0/inst/conv2/gic[0].u_it/tre_c[1][4]_965[10]
    SLICE_X37Y112        FDRE                                         r  cnn_accelerator_system_i/cnn_accelerator_wino_0/inst/conv2/gic[0].u_it/tre_reg[1][4][10]/D
  -------------------------------------------------------------------    -------------------

                         (clock clk_out3_cnn_accelerator_system_clk_wiz_0_0 rise edge)
                                                      5.000     5.000 r  
    E3                                                0.000     5.000 r  CLK100MHZ (IN)
                         net (fo=0)                   0.000     5.000    CLK100MHZ
    E3                                                                r  CLK100MHZ_IBUF_inst/I
    E3                   IBUF (Prop_ibuf_I_O)         1.411     6.411 r  CLK100MHZ_IBUF_inst/O
                         net (fo=1, routed)           1.920     8.331    cnn_accelerator_system_i/util_ds_buf_0/U0/BUFG_I[0]
    BUFGCTRL_X0Y16                                                    r  cnn_accelerator_system_i/util_ds_buf_0/U0/USE_BUFG.GEN_BUFG[0].BUFG_U/I
    BUFGCTRL_X0Y16       BUFG (Prop_bufg_I_O)         0.091     8.422 r  cnn_accelerator_system_i/util_ds_buf_0/U0/USE_BUFG.GEN_BUFG[0].BUFG_U/O
                         net (fo=2, routed)           1.683    10.105    cnn_accelerator_system_i/clk_wiz_0/inst/clk_in1
    MMCME2_ADV_X0Y0                                                   r  cnn_accelerator_system_i/clk_wiz_0/inst/mmcm_adv_inst/CLKIN1
    MMCME2_ADV_X0Y0      MMCME2_ADV (Prop_mmcme2_adv_CLKIN1_CLKOUT2)
                                                     -3.694     6.411 r  cnn_accelerator_system_i/clk_wiz_0/inst/mmcm_adv_inst/CLKOUT2
                         net (fo=1, routed)           1.923     8.334    cnn_accelerator_system_i/clk_wiz_0/inst/clk_out3_cnn_accelerator_system_clk_wiz_0_0
    BUFGCTRL_X0Y2                                                     r  cnn_accelerator_system_i/clk_wiz_0/inst/clkout3_buf/I
    BUFGCTRL_X0Y2        BUFG (Prop_bufg_I_O)         0.091     8.425 r  cnn_accelerator_system_i/clk_wiz_0/inst/clkout3_buf/O
                         net (fo=52890, routed)       1.502     9.927    cnn_accelerator_system_i/cnn_accelerator_wino_0/inst/conv2/gic[0].u_it/clk
    SLICE_X37Y112        FDRE                                         r  cnn_accelerator_system_i/cnn_accelerator_wino_0/inst/conv2/gic[0].u_it/tre_reg[1][4][10]/C
                         clock pessimism              0.257    10.184    
                         clock uncertainty           -0.067    10.118    
    SLICE_X37Y112        FDRE (Setup_fdre_C_D)        0.062    10.180    cnn_accelerator_system_i/cnn_accelerator_wino_0/inst/conv2/gic[0].u_it/tre_reg[1][4][10]
  -------------------------------------------------------------------
                         required time                         10.180    
                         arrival time                         -10.200    
  -------------------------------------------------------------------
                         slack                                 -0.020    

Slack (VIOLATED) :        -0.019ns  (required time - arrival time)
  Source:                 cnn_accelerator_system_i/cnn_accelerator_wino_0/inst/conv2/gic[3].grp_q_ic_reg_rep__6/C
                            (rising edge-triggered cell FDRE clocked by clk_out3_cnn_accelerator_system_clk_wiz_0_0  {rise@0.000ns fall@2.500ns period=5.000ns})
  Destination:            cnn_accelerator_system_i/cnn_accelerator_wino_0/inst/conv2/gic[3].u_it/tre_reg[1][4][10]/D
                            (rising edge-triggered cell FDRE clocked by clk_out3_cnn_accelerator_system_clk_wiz_0_0  {rise@0.000ns fall@2.500ns period=5.000ns})
  Path Group:             clk_out3_cnn_accelerator_system_clk_wiz_0_0
  Path Type:              Setup (Max at Slow Process Corner)
  Requirement:            5.000ns  (clk_out3_cnn_accelerator_system_clk_wiz_0_0 rise@5.000ns - clk_out3_cnn_accelerator_system_clk_wiz_0_0 rise@0.000ns)
  Data Path Delay:        4.984ns  (logic 1.947ns (39.064%)  route 3.037ns (60.936%))
  Logic Levels:           6  (CARRY4=2 LUT3=2 LUT5=1 LUT6=1)
  Clock Path Skew:        -0.030ns (DCD - SCD + CPR)
    Destination Clock Delay (DCD):    4.930ns = ( 9.930 - 5.000 ) 
    Source Clock Delay      (SCD):    5.219ns
    Clock Pessimism Removal (CPR):    0.259ns
  Clock Uncertainty:      0.067ns  ((TSJ^2 + DJ^2)^1/2) / 2 + PE
    Total System Jitter     (TSJ):    0.071ns
    Discrete Jitter          (DJ):    0.113ns
    Phase Error              (PE):    0.000ns

    Location             Delay type                Incr(ns)  Path(ns)    Netlist Resource(s)
  -------------------------------------------------------------------    -------------------
                         (clock clk_out3_cnn_accelerator_system_clk_wiz_0_0 rise edge)
                                                      0.000     0.000 r  
    E3                                                0.000     0.000 r  CLK100MHZ (IN)
                         net (fo=0)                   0.000     0.000    CLK100MHZ
    E3                                                                r  CLK100MHZ_IBUF_inst/I
    E3                   IBUF (Prop_ibuf_I_O)         1.482     1.482 r  CLK100MHZ_IBUF_inst/O
                         net (fo=1, routed)           2.025     3.506    cnn_accelerator_system_i/util_ds_buf_0/U0/BUFG_I[0]
    BUFGCTRL_X0Y16                                                    r  cnn_accelerator_system_i/util_ds_buf_0/U0/USE_BUFG.GEN_BUFG[0].BUFG_U/I
    BUFGCTRL_X0Y16       BUFG (Prop_bufg_I_O)         0.096     3.602 r  cnn_accelerator_system_i/util_ds_buf_0/U0/USE_BUFG.GEN_BUFG[0].BUFG_U/O
                         net (fo=2, routed)           1.809     5.412    cnn_accelerator_system_i/clk_wiz_0/inst/clk_in1
    MMCME2_ADV_X0Y0                                                   r  cnn_accelerator_system_i/clk_wiz_0/inst/mmcm_adv_inst/CLKIN1
    MMCME2_ADV_X0Y0      MMCME2_ADV (Prop_mmcme2_adv_CLKIN1_CLKOUT2)
                                                     -3.922     1.490 r  cnn_accelerator_system_i/clk_wiz_0/inst/mmcm_adv_inst/CLKOUT2
                         net (fo=1, routed)           2.018     3.508    cnn_accelerator_system_i/clk_wiz_0/inst/clk_out3_cnn_accelerator_system_clk_wiz_0_0
    BUFGCTRL_X0Y2                                                     r  cnn_accelerator_system_i/clk_wiz_0/inst/clkout3_buf/I
    BUFGCTRL_X0Y2        BUFG (Prop_bufg_I_O)         0.096     3.604 r  cnn_accelerator_system_i/clk_wiz_0/inst/clkout3_buf/O
                         net (fo=52890, routed)       1.614     5.219    cnn_accelerator_system_i/cnn_accelerator_wino_0/inst/conv2/clk
    SLICE_X58Y78         FDRE                                         r  cnn_accelerator_system_i/cnn_accelerator_wino_0/inst/conv2/gic[3].grp_q_ic_reg_rep__6/C
  -------------------------------------------------------------------    -------------------
    SLICE_X58Y78         FDRE (Prop_fdre_C_Q)         0.518     5.737 r  cnn_accelerator_system_i/cnn_accelerator_wino_0/inst/conv2/gic[3].grp_q_ic_reg_rep__6/Q
                         net (fo=16, routed)          0.860     6.597    cnn_accelerator_system_i/cnn_accelerator_wino_0/inst/conv2/gic[3].u_it/i___124_0
    SLICE_X55Y85                                                      r  cnn_accelerator_system_i/cnn_accelerator_wino_0/inst/conv2/gic[3].u_it/i___3_i_3__2/I1
    SLICE_X55Y85         LUT3 (Prop_lut3_I1_O)        0.124     6.721 r  cnn_accelerator_system_i/cnn_accelerator_wino_0/inst/conv2/gic[3].u_it/i___3_i_3__2/O
                         net (fo=6, routed)           1.021     7.741    cnn_accelerator_system_i/cnn_accelerator_wino_0/inst/conv2/gic[3].u_it/gic[3].d_flat_ic[133]
    SLICE_X63Y89                                                      r  cnn_accelerator_system_i/cnn_accelerator_wino_0/inst/conv2/gic[3].u_it/i___3/I2
    SLICE_X63Y89         LUT3 (Prop_lut3_I2_O)        0.124     7.865 f  cnn_accelerator_system_i/cnn_accelerator_wino_0/inst/conv2/gic[3].u_it/i___3/O
                         net (fo=4, routed)           0.724     8.590    cnn_accelerator_system_i/cnn_accelerator_wino_0/inst/conv2/gic[3].u_it/i___3_n_0
    SLICE_X67Y86                                                      f  cnn_accelerator_system_i/cnn_accelerator_wino_0/inst/conv2/gic[3].u_it/tre[1][4][7]_i_3__2/I4
    SLICE_X67Y86         LUT5 (Prop_lut5_I4_O)        0.117     8.707 r  cnn_accelerator_system_i/cnn_accelerator_wino_0/inst/conv2/gic[3].u_it/tre[1][4][7]_i_3__2/O
                         net (fo=2, routed)           0.432     9.139    cnn_accelerator_system_i/cnn_accelerator_wino_0/inst/conv2/gic[3].u_it/tre[1][4][7]_i_3__2_n_0
    SLICE_X67Y85                                                      r  cnn_accelerator_system_i/cnn_accelerator_wino_0/inst/conv2/gic[3].u_it/tre[1][4][7]_i_7__2/I0
    SLICE_X67Y85         LUT6 (Prop_lut6_I0_O)        0.332     9.471 r  cnn_accelerator_system_i/cnn_accelerator_wino_0/inst/conv2/gic[3].u_it/tre[1][4][7]_i_7__2/O
                         net (fo=1, routed)           0.000     9.471    cnn_accelerator_system_i/cnn_accelerator_wino_0/inst/conv2/gic[3].u_it/tre[1][4][7]_i_7__2_n_0
    SLICE_X67Y85                                                      r  cnn_accelerator_system_i/cnn_accelerator_wino_0/inst/conv2/gic[3].u_it/tre_reg[1][4][7]_i_1__2/S[2]
    SLICE_X67Y85         CARRY4 (Prop_carry4_S[2]_CO[3])
                                                      0.398     9.869 r  cnn_accelerator_system_i/cnn_accelerator_wino_0/inst/conv2/gic[3].u_it/tre_reg[1][4][7]_i_1__2/CO[3]
                         net (fo=1, routed)           0.000     9.869    cnn_accelerator_system_i/cnn_accelerator_wino_0/inst/conv2/gic[3].u_it/tre_reg[1][4][7]_i_1__2_n_0
    SLICE_X67Y86                                                      r  cnn_accelerator_system_i/cnn_accelerator_wino_0/inst/conv2/gic[3].u_it/tre_reg[1][4][10]_i_1__2/CI
    SLICE_X67Y86         CARRY4 (Prop_carry4_CI_O[1])
                                                      0.334    10.203 r  cnn_accelerator_system_i/cnn_accelerator_wino_0/inst/conv2/gic[3].u_it/tre_reg[1][4][10]_i_1__2/O[1]
                         net (fo=1, routed)           0.000    10.203    cnn_accelerator_system_i/cnn_accelerator_wino_0/inst/conv2/gic[3].u_it/tre_c[1][4]_1172[10]
    SLICE_X67Y86         FDRE                                         r  cnn_accelerator_system_i/cnn_accelerator_wino_0/inst/conv2/gic[3].u_it/tre_reg[1][4][10]/D
  -------------------------------------------------------------------    -------------------

                         (clock clk_out3_cnn_accelerator_system_clk_wiz_0_0 rise edge)
                                                      5.000     5.000 r  
    E3                                                0.000     5.000 r  CLK100MHZ (IN)
                         net (fo=0)                   0.000     5.000    CLK100MHZ
    E3                                                                r  CLK100MHZ_IBUF_inst/I
    E3                   IBUF (Prop_ibuf_I_O)         1.411     6.411 r  CLK100MHZ_IBUF_inst/O
                         net (fo=1, routed)           1.920     8.331    cnn_accelerator_system_i/util_ds_buf_0/U0/BUFG_I[0]
    BUFGCTRL_X0Y16                                                    r  cnn_accelerator_system_i/util_ds_buf_0/U0/USE_BUFG.GEN_BUFG[0].BUFG_U/I
    BUFGCTRL_X0Y16       BUFG (Prop_bufg_I_O)         0.091     8.422 r  cnn_accelerator_system_i/util_ds_buf_0/U0/USE_BUFG.GEN_BUFG[0].BUFG_U/O
                         net (fo=2, routed)           1.683    10.105    cnn_accelerator_system_i/clk_wiz_0/inst/clk_in1
    MMCME2_ADV_X0Y0                                                   r  cnn_accelerator_system_i/clk_wiz_0/inst/mmcm_adv_inst/CLKIN1
    MMCME2_ADV_X0Y0      MMCME2_ADV (Prop_mmcme2_adv_CLKIN1_CLKOUT2)
                                                     -3.694     6.411 r  cnn_accelerator_system_i/clk_wiz_0/inst/mmcm_adv_inst/CLKOUT2
                         net (fo=1, routed)           1.923     8.334    cnn_accelerator_system_i/clk_wiz_0/inst/clk_out3_cnn_accelerator_system_clk_wiz_0_0
    BUFGCTRL_X0Y2                                                     r  cnn_accelerator_system_i/clk_wiz_0/inst/clkout3_buf/I
    BUFGCTRL_X0Y2        BUFG (Prop_bufg_I_O)         0.091     8.425 r  cnn_accelerator_system_i/clk_wiz_0/inst/clkout3_buf/O
                         net (fo=52890, routed)       1.504     9.930    cnn_accelerator_system_i/cnn_accelerator_wino_0/inst/conv2/gic[3].u_it/clk
    SLICE_X67Y86         FDRE                                         r  cnn_accelerator_system_i/cnn_accelerator_wino_0/inst/conv2/gic[3].u_it/tre_reg[1][4][10]/C
                         clock pessimism              0.259    10.189    
                         clock uncertainty           -0.067    10.122    
    SLICE_X67Y86         FDRE (Setup_fdre_C_D)        0.062    10.184    cnn_accelerator_system_i/cnn_accelerator_wino_0/inst/conv2/gic[3].u_it/tre_reg[1][4][10]
  -------------------------------------------------------------------
                         required time                         10.184    
                         arrival time                         -10.203    
  -------------------------------------------------------------------
                         slack                                 -0.019    

Slack (VIOLATED) :        -0.011ns  (required time - arrival time)
  Source:                 cnn_accelerator_system_i/cnn_accelerator_wino_0/inst/conv2/gic[0].grp_q_ic_reg_rep__2/C
                            (rising edge-triggered cell FDRE clocked by clk_out3_cnn_accelerator_system_clk_wiz_0_0  {rise@0.000ns fall@2.500ns period=5.000ns})
  Destination:            cnn_accelerator_system_i/cnn_accelerator_wino_0/inst/conv2/gic[0].u_it/tre_reg[1][0][10]/D
                            (rising edge-triggered cell FDRE clocked by clk_out3_cnn_accelerator_system_clk_wiz_0_0  {rise@0.000ns fall@2.500ns period=5.000ns})
  Path Group:             clk_out3_cnn_accelerator_system_clk_wiz_0_0
  Path Type:              Setup (Max at Slow Process Corner)
  Requirement:            5.000ns  (clk_out3_cnn_accelerator_system_clk_wiz_0_0 rise@5.000ns - clk_out3_cnn_accelerator_system_clk_wiz_0_0 rise@0.000ns)
  Data Path Delay:        4.954ns  (logic 1.674ns (33.792%)  route 3.280ns (66.208%))
  Logic Levels:           6  (CARRY4=3 LUT3=2 LUT5=1)
  Clock Path Skew:        -0.053ns (DCD - SCD + CPR)
    Destination Clock Delay (DCD):    4.925ns = ( 9.925 - 5.000 ) 
    Source Clock Delay      (SCD):    5.237ns
    Clock Pessimism Removal (CPR):    0.259ns
  Clock Uncertainty:      0.067ns  ((TSJ^2 + DJ^2)^1/2) / 2 + PE
    Total System Jitter     (TSJ):    0.071ns
    Discrete Jitter          (DJ):    0.113ns
    Phase Error              (PE):    0.000ns

    Location             Delay type                Incr(ns)  Path(ns)    Netlist Resource(s)
  -------------------------------------------------------------------    -------------------
                         (clock clk_out3_cnn_accelerator_system_clk_wiz_0_0 rise edge)
                                                      0.000     0.000 r  
    E3                                                0.000     0.000 r  CLK100MHZ (IN)
                         net (fo=0)                   0.000     0.000    CLK100MHZ
    E3                                                                r  CLK100MHZ_IBUF_inst/I
    E3                   IBUF (Prop_ibuf_I_O)         1.482     1.482 r  CLK100MHZ_IBUF_inst/O
                         net (fo=1, routed)           2.025     3.506    cnn_accelerator_system_i/util_ds_buf_0/U0/BUFG_I[0]
    BUFGCTRL_X0Y16                                                    r  cnn_accelerator_system_i/util_ds_buf_0/U0/USE_BUFG.GEN_BUFG[0].BUFG_U/I
    BUFGCTRL_X0Y16       BUFG (Prop_bufg_I_O)         0.096     3.602 r  cnn_accelerator_system_i/util_ds_buf_0/U0/USE_BUFG.GEN_BUFG[0].BUFG_U/O
                         net (fo=2, routed)           1.809     5.412    cnn_accelerator_system_i/clk_wiz_0/inst/clk_in1
    MMCME2_ADV_X0Y0                                                   r  cnn_accelerator_system_i/clk_wiz_0/inst/mmcm_adv_inst/CLKIN1
    MMCME2_ADV_X0Y0      MMCME2_ADV (Prop_mmcme2_adv_CLKIN1_CLKOUT2)
                                                     -3.922     1.490 r  cnn_accelerator_system_i/clk_wiz_0/inst/mmcm_adv_inst/CLKOUT2
                         net (fo=1, routed)           2.018     3.508    cnn_accelerator_system_i/clk_wiz_0/inst/clk_out3_cnn_accelerator_system_clk_wiz_0_0
    BUFGCTRL_X0Y2                                                     r  cnn_accelerator_system_i/clk_wiz_0/inst/clkout3_buf/I
    BUFGCTRL_X0Y2        BUFG (Prop_bufg_I_O)         0.096     3.604 r  cnn_accelerator_system_i/clk_wiz_0/inst/clkout3_buf/O
                         net (fo=52890, routed)       1.632     5.237    cnn_accelerator_system_i/cnn_accelerator_wino_0/inst/conv2/clk
    SLICE_X65Y97         FDRE                                         r  cnn_accelerator_system_i/cnn_accelerator_wino_0/inst/conv2/gic[0].grp_q_ic_reg_rep__2/C
  -------------------------------------------------------------------    -------------------
    SLICE_X65Y97         FDRE (Prop_fdre_C_Q)         0.456     5.693 r  cnn_accelerator_system_i/cnn_accelerator_wino_0/inst/conv2/gic[0].grp_q_ic_reg_rep__2/Q
                         net (fo=16, routed)          1.256     6.949    cnn_accelerator_system_i/cnn_accelerator_wino_0/inst/conv2/gic[0].u_it/i___205_1
    SLICE_X68Y78                                                      r  cnn_accelerator_system_i/cnn_accelerator_wino_0/inst/conv2/gic[0].u_it/i___7_i_2/I1
    SLICE_X68Y78         LUT3 (Prop_lut3_I1_O)        0.124     7.073 r  cnn_accelerator_system_i/cnn_accelerator_wino_0/inst/conv2/gic[0].u_it/i___7_i_2/O
                         net (fo=10, routed)          0.839     7.912    cnn_accelerator_system_i/cnn_accelerator_wino_0/inst/conv2/gic[0].u_it/gic[0].d_flat_ic[194]
    SLICE_X72Y79                                                      r  cnn_accelerator_system_i/cnn_accelerator_wino_0/inst/conv2/gic[0].u_it/i___7/I1
    SLICE_X72Y79         LUT3 (Prop_lut3_I1_O)        0.124     8.036 r  cnn_accelerator_system_i/cnn_accelerator_wino_0/inst/conv2/gic[0].u_it/i___7/O
                         net (fo=4, routed)           0.549     8.585    cnn_accelerator_system_i/cnn_accelerator_wino_0/inst/conv2/gic[0].u_it/i___7_n_0
    SLICE_X68Y79                                                      r  cnn_accelerator_system_i/cnn_accelerator_wino_0/inst/conv2/gic[0].u_it/tre[1][0][3]_i_3/I3
    SLICE_X68Y79         LUT5 (Prop_lut5_I3_O)        0.124     8.709 r  cnn_accelerator_system_i/cnn_accelerator_wino_0/inst/conv2/gic[0].u_it/tre[1][0][3]_i_3/O
                         net (fo=1, routed)           0.636     9.344    cnn_accelerator_system_i/cnn_accelerator_wino_0/inst/conv2/gic[0].u_it/tre[1][0][3]_i_3_n_0
    SLICE_X69Y79                                                      r  cnn_accelerator_system_i/cnn_accelerator_wino_0/inst/conv2/gic[0].u_it/tre_reg[1][0][3]_i_1/DI[2]
    SLICE_X69Y79         CARRY4 (Prop_carry4_DI[2]_CO[3])
                                                      0.398     9.742 r  cnn_accelerator_system_i/cnn_accelerator_wino_0/inst/conv2/gic[0].u_it/tre_reg[1][0][3]_i_1/CO[3]
                         net (fo=1, routed)           0.000     9.742    cnn_accelerator_system_i/cnn_accelerator_wino_0/inst/conv2/gic[0].u_it/tre_reg[1][0][3]_i_1_n_0
    SLICE_X69Y80                                                      r  cnn_accelerator_system_i/cnn_accelerator_wino_0/inst/conv2/gic[0].u_it/tre_reg[1][0][7]_i_1/CI
    SLICE_X69Y80         CARRY4 (Prop_carry4_CI_CO[3])
                                                      0.114     9.856 r  cnn_accelerator_system_i/cnn_accelerator_wino_0/inst/conv2/gic[0].u_it/tre_reg[1][0][7]_i_1/CO[3]
                         net (fo=1, routed)           0.000     9.856    cnn_accelerator_system_i/cnn_accelerator_wino_0/inst/conv2/gic[0].u_it/tre_reg[1][0][7]_i_1_n_0
    SLICE_X69Y81                                                      r  cnn_accelerator_system_i/cnn_accelerator_wino_0/inst/conv2/gic[0].u_it/tre_reg[1][0][10]_i_1/CI
    SLICE_X69Y81         CARRY4 (Prop_carry4_CI_O[1])
                                                      0.334    10.190 r  cnn_accelerator_system_i/cnn_accelerator_wino_0/inst/conv2/gic[0].u_it/tre_reg[1][0][10]_i_1/O[1]
                         net (fo=1, routed)           0.000    10.190    cnn_accelerator_system_i/cnn_accelerator_wino_0/inst/conv2/gic[0].u_it/tre_c[1][0]_971[10]
    SLICE_X69Y81         FDRE                                         r  cnn_accelerator_system_i/cnn_accelerator_wino_0/inst/conv2/gic[0].u_it/tre_reg[1][0][10]/D
  -------------------------------------------------------------------    -------------------

                         (clock clk_out3_cnn_accelerator_system_clk_wiz_0_0 rise edge)
                                                      5.000     5.000 r  
    E3                                                0.000     5.000 r  CLK100MHZ (IN)
                         net (fo=0)                   0.000     5.000    CLK100MHZ
    E3                                                                r  CLK100MHZ_IBUF_inst/I
    E3                   IBUF (Prop_ibuf_I_O)         1.411     6.411 r  CLK100MHZ_IBUF_inst/O
                         net (fo=1, routed)           1.920     8.331    cnn_accelerator_system_i/util_ds_buf_0/U0/BUFG_I[0]
    BUFGCTRL_X0Y16                                                    r  cnn_accelerator_system_i/util_ds_buf_0/U0/USE_BUFG.GEN_BUFG[0].BUFG_U/I
    BUFGCTRL_X0Y16       BUFG (Prop_bufg_I_O)         0.091     8.422 r  cnn_accelerator_system_i/util_ds_buf_0/U0/USE_BUFG.GEN_BUFG[0].BUFG_U/O
                         net (fo=2, routed)           1.683    10.105    cnn_accelerator_system_i/clk_wiz_0/inst/clk_in1
    MMCME2_ADV_X0Y0                                                   r  cnn_accelerator_system_i/clk_wiz_0/inst/mmcm_adv_inst/CLKIN1
    MMCME2_ADV_X0Y0      MMCME2_ADV (Prop_mmcme2_adv_CLKIN1_CLKOUT2)
                                                     -3.694     6.411 r  cnn_accelerator_system_i/clk_wiz_0/inst/mmcm_adv_inst/CLKOUT2
                         net (fo=1, routed)           1.923     8.334    cnn_accelerator_system_i/clk_wiz_0/inst/clk_out3_cnn_accelerator_system_clk_wiz_0_0
    BUFGCTRL_X0Y2                                                     r  cnn_accelerator_system_i/clk_wiz_0/inst/clkout3_buf/I
    BUFGCTRL_X0Y2        BUFG (Prop_bufg_I_O)         0.091     8.425 r  cnn_accelerator_system_i/clk_wiz_0/inst/clkout3_buf/O
                         net (fo=52890, routed)       1.499     9.925    cnn_accelerator_system_i/cnn_accelerator_wino_0/inst/conv2/gic[0].u_it/clk
    SLICE_X69Y81         FDRE                                         r  cnn_accelerator_system_i/cnn_accelerator_wino_0/inst/conv2/gic[0].u_it/tre_reg[1][0][10]/C
                         clock pessimism              0.259    10.184    
                         clock uncertainty           -0.067    10.117    
    SLICE_X69Y81         FDRE (Setup_fdre_C_D)        0.062    10.179    cnn_accelerator_system_i/cnn_accelerator_wino_0/inst/conv2/gic[0].u_it/tre_reg[1][0][10]
  -------------------------------------------------------------------
                         required time                         10.179    
                         arrival time                         -10.190    
  -------------------------------------------------------------------
                         slack                                 -0.011    

Slack (VIOLATED) :        -0.010ns  (required time - arrival time)
  Source:                 cnn_accelerator_system_i/cnn_accelerator_wino_0/inst/conv2/gic[0].grp_q_ic_reg_rep__3/C
                            (rising edge-triggered cell FDRE clocked by clk_out3_cnn_accelerator_system_clk_wiz_0_0  {rise@0.000ns fall@2.500ns period=5.000ns})
  Destination:            cnn_accelerator_system_i/cnn_accelerator_wino_0/inst/conv2/gic[0].u_it/tre_reg[2][4][10]/D
                            (rising edge-triggered cell FDRE clocked by clk_out3_cnn_accelerator_system_clk_wiz_0_0  {rise@0.000ns fall@2.500ns period=5.000ns})
  Path Group:             clk_out3_cnn_accelerator_system_clk_wiz_0_0
  Path Type:              Setup (Max at Slow Process Corner)
  Requirement:            5.000ns  (clk_out3_cnn_accelerator_system_clk_wiz_0_0 rise@5.000ns - clk_out3_cnn_accelerator_system_clk_wiz_0_0 rise@0.000ns)
  Data Path Delay:        4.969ns  (logic 1.880ns (37.836%)  route 3.089ns (62.163%))
  Logic Levels:           6  (CARRY4=2 LUT3=2 LUT5=1 LUT6=1)
  Clock Path Skew:        -0.037ns (DCD - SCD + CPR)
    Destination Clock Delay (DCD):    4.929ns = ( 9.929 - 5.000 ) 
    Source Clock Delay      (SCD):    5.223ns
    Clock Pessimism Removal (CPR):    0.257ns
  Clock Uncertainty:      0.067ns  ((TSJ^2 + DJ^2)^1/2) / 2 + PE
    Total System Jitter     (TSJ):    0.071ns
    Discrete Jitter          (DJ):    0.113ns
    Phase Error              (PE):    0.000ns

    Location             Delay type                Incr(ns)  Path(ns)    Netlist Resource(s)
  -------------------------------------------------------------------    -------------------
                         (clock clk_out3_cnn_accelerator_system_clk_wiz_0_0 rise edge)
                                                      0.000     0.000 r  
    E3                                                0.000     0.000 r  CLK100MHZ (IN)
                         net (fo=0)                   0.000     0.000    CLK100MHZ
    E3                                                                r  CLK100MHZ_IBUF_inst/I
    E3                   IBUF (Prop_ibuf_I_O)         1.482     1.482 r  CLK100MHZ_IBUF_inst/O
                         net (fo=1, routed)           2.025     3.506    cnn_accelerator_system_i/util_ds_buf_0/U0/BUFG_I[0]
    BUFGCTRL_X0Y16                                                    r  cnn_accelerator_system_i/util_ds_buf_0/U0/USE_BUFG.GEN_BUFG[0].BUFG_U/I
    BUFGCTRL_X0Y16       BUFG (Prop_bufg_I_O)         0.096     3.602 r  cnn_accelerator_system_i/util_ds_buf_0/U0/USE_BUFG.GEN_BUFG[0].BUFG_U/O
                         net (fo=2, routed)           1.809     5.412    cnn_accelerator_system_i/clk_wiz_0/inst/clk_in1
    MMCME2_ADV_X0Y0                                                   r  cnn_accelerator_system_i/clk_wiz_0/inst/mmcm_adv_inst/CLKIN1
    MMCME2_ADV_X0Y0      MMCME2_ADV (Prop_mmcme2_adv_CLKIN1_CLKOUT2)
                                                     -3.922     1.490 r  cnn_accelerator_system_i/clk_wiz_0/inst/mmcm_adv_inst/CLKOUT2
                         net (fo=1, routed)           2.018     3.508    cnn_accelerator_system_i/clk_wiz_0/inst/clk_out3_cnn_accelerator_system_clk_wiz_0_0
    BUFGCTRL_X0Y2                                                     r  cnn_accelerator_system_i/clk_wiz_0/inst/clkout3_buf/I
    BUFGCTRL_X0Y2        BUFG (Prop_bufg_I_O)         0.096     3.604 r  cnn_accelerator_system_i/clk_wiz_0/inst/clkout3_buf/O
                         net (fo=52890, routed)       1.619     5.223    cnn_accelerator_system_i/cnn_accelerator_wino_0/inst/conv2/clk
    SLICE_X46Y108        FDRE                                         r  cnn_accelerator_system_i/cnn_accelerator_wino_0/inst/conv2/gic[0].grp_q_ic_reg_rep__3/C
  -------------------------------------------------------------------    -------------------
    SLICE_X46Y108        FDRE (Prop_fdre_C_Q)         0.518     5.741 r  cnn_accelerator_system_i/cnn_accelerator_wino_0/inst/conv2/gic[0].grp_q_ic_reg_rep__3/Q
                         net (fo=16, routed)          0.803     6.545    cnn_accelerator_system_i/cnn_accelerator_wino_0/inst/conv2/gic[0].u_it/i___121_0
    SLICE_X51Y107                                                     r  cnn_accelerator_system_i/cnn_accelerator_wino_0/inst/conv2/gic[0].u_it/i___1_i_1/I1
    SLICE_X51Y107        LUT3 (Prop_lut3_I1_O)        0.124     6.669 r  cnn_accelerator_system_i/cnn_accelerator_wino_0/inst/conv2/gic[0].u_it/i___1_i_1/O
                         net (fo=6, routed)           0.918     7.586    cnn_accelerator_system_i/cnn_accelerator_wino_0/inst/conv2/gic[0].u_it/gic[0].d_flat_ic[179]
    SLICE_X48Y103                                                     r  cnn_accelerator_system_i/cnn_accelerator_wino_0/inst/conv2/gic[0].u_it/i___1/I0
    SLICE_X48Y103        LUT3 (Prop_lut3_I0_O)        0.124     7.710 r  cnn_accelerator_system_i/cnn_accelerator_wino_0/inst/conv2/gic[0].u_it/i___1/O
                         net (fo=4, routed)           0.632     8.342    cnn_accelerator_system_i/cnn_accelerator_wino_0/inst/conv2/gic[0].u_it/i___1_n_0
    SLICE_X43Y106                                                     r  cnn_accelerator_system_i/cnn_accelerator_wino_0/inst/conv2/gic[0].u_it/tre[2][4][7]_i_5/I3
    SLICE_X43Y106        LUT5 (Prop_lut5_I3_O)        0.124     8.466 r  cnn_accelerator_system_i/cnn_accelerator_wino_0/inst/conv2/gic[0].u_it/tre[2][4][7]_i_5/O
                         net (fo=2, routed)           0.736     9.202    cnn_accelerator_system_i/cnn_accelerator_wino_0/inst/conv2/gic[0].u_it/tre[2][4][7]_i_5_n_0
    SLICE_X35Y109                                                     r  cnn_accelerator_system_i/cnn_accelerator_wino_0/inst/conv2/gic[0].u_it/tre[2][4][7]_i_9/I0
    SLICE_X35Y109        LUT6 (Prop_lut6_I0_O)        0.124     9.326 r  cnn_accelerator_system_i/cnn_accelerator_wino_0/inst/conv2/gic[0].u_it/tre[2][4][7]_i_9/O
                         net (fo=1, routed)           0.000     9.326    cnn_accelerator_system_i/cnn_accelerator_wino_0/inst/conv2/gic[0].u_it/tre[2][4][7]_i_9_n_0
    SLICE_X35Y109                                                     r  cnn_accelerator_system_i/cnn_accelerator_wino_0/inst/conv2/gic[0].u_it/tre_reg[2][4][7]_i_1/S[0]
    SLICE_X35Y109        CARRY4 (Prop_carry4_S[0]_CO[3])
                                                      0.532     9.858 r  cnn_accelerator_system_i/cnn_accelerator_wino_0/inst/conv2/gic[0].u_it/tre_reg[2][4][7]_i_1/CO[3]
                         net (fo=1, routed)           0.000     9.858    cnn_accelerator_system_i/cnn_accelerator_wino_0/inst/conv2/gic[0].u_it/tre_reg[2][4][7]_i_1_n_0
    SLICE_X35Y110                                                     r  cnn_accelerator_system_i/cnn_accelerator_wino_0/inst/conv2/gic[0].u_it/tre_reg[2][4][10]_i_1/CI
    SLICE_X35Y110        CARRY4 (Prop_carry4_CI_O[1])
                                                      0.334    10.192 r  cnn_accelerator_system_i/cnn_accelerator_wino_0/inst/conv2/gic[0].u_it/tre_reg[2][4][10]_i_1/O[1]
                         net (fo=1, routed)           0.000    10.192    cnn_accelerator_system_i/cnn_accelerator_wino_0/inst/conv2/gic[0].u_it/tre_c[2][4]_966[10]
    SLICE_X35Y110        FDRE                                         r  cnn_accelerator_system_i/cnn_accelerator_wino_0/inst/conv2/gic[0].u_it/tre_reg[2][4][10]/D
  -------------------------------------------------------------------    -------------------

                         (clock clk_out3_cnn_accelerator_system_clk_wiz_0_0 rise edge)
                                                      5.000     5.000 r  
    E3                                                0.000     5.000 r  CLK100MHZ (IN)
                         net (fo=0)                   0.000     5.000    CLK100MHZ
    E3                                                                r  CLK100MHZ_IBUF_inst/I
    E3                   IBUF (Prop_ibuf_I_O)         1.411     6.411 r  CLK100MHZ_IBUF_inst/O
                         net (fo=1, routed)           1.920     8.331    cnn_accelerator_system_i/util_ds_buf_0/U0/BUFG_I[0]
    BUFGCTRL_X0Y16                                                    r  cnn_accelerator_system_i/util_ds_buf_0/U0/USE_BUFG.GEN_BUFG[0].BUFG_U/I
    BUFGCTRL_X0Y16       BUFG (Prop_bufg_I_O)         0.091     8.422 r  cnn_accelerator_system_i/util_ds_buf_0/U0/USE_BUFG.GEN_BUFG[0].BUFG_U/O
                         net (fo=2, routed)           1.683    10.105    cnn_accelerator_system_i/clk_wiz_0/inst/clk_in1
    MMCME2_ADV_X0Y0                                                   r  cnn_accelerator_system_i/clk_wiz_0/inst/mmcm_adv_inst/CLKIN1
    MMCME2_ADV_X0Y0      MMCME2_ADV (Prop_mmcme2_adv_CLKIN1_CLKOUT2)
                                                     -3.694     6.411 r  cnn_accelerator_system_i/clk_wiz_0/inst/mmcm_adv_inst/CLKOUT2
                         net (fo=1, routed)           1.923     8.334    cnn_accelerator_system_i/clk_wiz_0/inst/clk_out3_cnn_accelerator_system_clk_wiz_0_0
    BUFGCTRL_X0Y2                                                     r  cnn_accelerator_system_i/clk_wiz_0/inst/clkout3_buf/I
    BUFGCTRL_X0Y2        BUFG (Prop_bufg_I_O)         0.091     8.425 r  cnn_accelerator_system_i/clk_wiz_0/inst/clkout3_buf/O
                         net (fo=52890, routed)       1.504     9.929    cnn_accelerator_system_i/cnn_accelerator_wino_0/inst/conv2/gic[0].u_it/clk
    SLICE_X35Y110        FDRE                                         r  cnn_accelerator_system_i/cnn_accelerator_wino_0/inst/conv2/gic[0].u_it/tre_reg[2][4][10]/C
                         clock pessimism              0.257    10.186    
                         clock uncertainty           -0.067    10.120    
    SLICE_X35Y110        FDRE (Setup_fdre_C_D)        0.062    10.182    cnn_accelerator_system_i/cnn_accelerator_wino_0/inst/conv2/gic[0].u_it/tre_reg[2][4][10]
  -------------------------------------------------------------------
                         required time                         10.182    
                         arrival time                         -10.192    
  -------------------------------------------------------------------
                         slack                                 -0.010    

Slack (VIOLATED) :        -0.007ns  (required time - arrival time)
  Source:                 cnn_accelerator_system_i/cnn_accelerator_wino_0/inst/conv2/gic[2].tile6_q_ic_reg[256]/C
                            (rising edge-triggered cell FDRE clocked by clk_out3_cnn_accelerator_system_clk_wiz_0_0  {rise@0.000ns fall@2.500ns period=5.000ns})
  Destination:            cnn_accelerator_system_i/cnn_accelerator_wino_0/inst/conv2/gic[2].u_it/tre_reg[3][4][2]/D
                            (rising edge-triggered cell FDRE clocked by clk_out3_cnn_accelerator_system_clk_wiz_0_0  {rise@0.000ns fall@2.500ns period=5.000ns})
  Path Group:             clk_out3_cnn_accelerator_system_clk_wiz_0_0
  Path Type:              Setup (Max at Slow Process Corner)
  Requirement:            5.000ns  (clk_out3_cnn_accelerator_system_clk_wiz_0_0 rise@5.000ns - clk_out3_cnn_accelerator_system_clk_wiz_0_0 rise@0.000ns)
  Data Path Delay:        4.613ns  (logic 1.521ns (32.971%)  route 3.092ns (67.029%))
  Logic Levels:           3  (CARRY4=1 LUT1=1 LUT3=1)
  Clock Path Skew:        -0.121ns (DCD - SCD + CPR)
    Destination Clock Delay (DCD):    4.927ns = ( 9.927 - 5.000 ) 
    Source Clock Delay      (SCD):    5.235ns
    Clock Pessimism Removal (CPR):    0.187ns
  Clock Uncertainty:      0.067ns  ((TSJ^2 + DJ^2)^1/2) / 2 + PE
    Total System Jitter     (TSJ):    0.071ns
    Discrete Jitter          (DJ):    0.113ns
    Phase Error              (PE):    0.000ns

    Location             Delay type                Incr(ns)  Path(ns)    Netlist Resource(s)
  -------------------------------------------------------------------    -------------------
                         (clock clk_out3_cnn_accelerator_system_clk_wiz_0_0 rise edge)
                                                      0.000     0.000 r  
    E3                                                0.000     0.000 r  CLK100MHZ (IN)
                         net (fo=0)                   0.000     0.000    CLK100MHZ
    E3                                                                r  CLK100MHZ_IBUF_inst/I
    E3                   IBUF (Prop_ibuf_I_O)         1.482     1.482 r  CLK100MHZ_IBUF_inst/O
                         net (fo=1, routed)           2.025     3.506    cnn_accelerator_system_i/util_ds_buf_0/U0/BUFG_I[0]
    BUFGCTRL_X0Y16                                                    r  cnn_accelerator_system_i/util_ds_buf_0/U0/USE_BUFG.GEN_BUFG[0].BUFG_U/I
    BUFGCTRL_X0Y16       BUFG (Prop_bufg_I_O)         0.096     3.602 r  cnn_accelerator_system_i/util_ds_buf_0/U0/USE_BUFG.GEN_BUFG[0].BUFG_U/O
                         net (fo=2, routed)           1.809     5.412    cnn_accelerator_system_i/clk_wiz_0/inst/clk_in1
    MMCME2_ADV_X0Y0                                                   r  cnn_accelerator_system_i/clk_wiz_0/inst/mmcm_adv_inst/CLKIN1
    MMCME2_ADV_X0Y0      MMCME2_ADV (Prop_mmcme2_adv_CLKIN1_CLKOUT2)
                                                     -3.922     1.490 r  cnn_accelerator_system_i/clk_wiz_0/inst/mmcm_adv_inst/CLKOUT2
                         net (fo=1, routed)           2.018     3.508    cnn_accelerator_system_i/clk_wiz_0/inst/clk_out3_cnn_accelerator_system_clk_wiz_0_0
    BUFGCTRL_X0Y2                                                     r  cnn_accelerator_system_i/clk_wiz_0/inst/clkout3_buf/I
    BUFGCTRL_X0Y2        BUFG (Prop_bufg_I_O)         0.096     3.604 r  cnn_accelerator_system_i/clk_wiz_0/inst/clkout3_buf/O
                         net (fo=52890, routed)       1.630     5.235    cnn_accelerator_system_i/cnn_accelerator_wino_0/inst/conv2/clk
    SLICE_X46Y90         FDRE                                         r  cnn_accelerator_system_i/cnn_accelerator_wino_0/inst/conv2/gic[2].tile6_q_ic_reg[256]/C
  -------------------------------------------------------------------    -------------------
    SLICE_X46Y90         FDRE (Prop_fdre_C_Q)         0.518     5.753 f  cnn_accelerator_system_i/cnn_accelerator_wino_0/inst/conv2/gic[2].tile6_q_ic_reg[256]/Q
                         net (fo=1, routed)           1.012     6.765    cnn_accelerator_system_i/cnn_accelerator_wino_0/inst/conv2/gic[2].u_it/out[256]
    SLICE_X49Y85                                                      f  cnn_accelerator_system_i/cnn_accelerator_wino_0/inst/conv2/gic[2].u_it/i___63_i_1__1/I2
    SLICE_X49Y85         LUT3 (Prop_lut3_I2_O)        0.124     6.889 f  cnn_accelerator_system_i/cnn_accelerator_wino_0/inst/conv2/gic[2].u_it/i___63_i_1__1/O
                         net (fo=7, routed)           0.575     7.463    cnn_accelerator_system_i/cnn_accelerator_wino_0/inst/conv2/gic[2].u_it/gic[2].d_flat_ic[128]
    SLICE_X49Y87                                                      f  cnn_accelerator_system_i/cnn_accelerator_wino_0/inst/conv2/gic[2].u_it/tre[3][4][3]_i_5__1/I0
    SLICE_X49Y87         LUT1 (Prop_lut1_I0_O)        0.120     7.583 r  cnn_accelerator_system_i/cnn_accelerator_wino_0/inst/conv2/gic[2].u_it/tre[3][4][3]_i_5__1/O
                         net (fo=1, routed)           0.629     8.213    cnn_accelerator_system_i/cnn_accelerator_wino_0/inst/conv2/gic[2].u_it/tre[3][4][3]_i_5__1_n_0
    SLICE_X49Y87                                                      r  cnn_accelerator_system_i/cnn_accelerator_wino_0/inst/conv2/gic[2].u_it/tre_reg[3][4][3]_i_1__1/DI[0]
    SLICE_X49Y87         CARRY4 (Prop_carry4_DI[0]_O[2])
                                                      0.759     8.972 r  cnn_accelerator_system_i/cnn_accelerator_wino_0/inst/conv2/gic[2].u_it/tre_reg[3][4][3]_i_1__1/O[2]
                         net (fo=1, routed)           0.876     9.848    cnn_accelerator_system_i/cnn_accelerator_wino_0/inst/conv2/gic[2].u_it/tre_c[3][4]_1107[2]
    SLICE_X54Y95         FDRE                                         r  cnn_accelerator_system_i/cnn_accelerator_wino_0/inst/conv2/gic[2].u_it/tre_reg[3][4][2]/D
  -------------------------------------------------------------------    -------------------

                         (clock clk_out3_cnn_accelerator_system_clk_wiz_0_0 rise edge)
                                                      5.000     5.000 r  
    E3                                                0.000     5.000 r  CLK100MHZ (IN)
                         net (fo=0)                   0.000     5.000    CLK100MHZ
    E3                                                                r  CLK100MHZ_IBUF_inst/I
    E3                   IBUF (Prop_ibuf_I_O)         1.411     6.411 r  CLK100MHZ_IBUF_inst/O
                         net (fo=1, routed)           1.920     8.331    cnn_accelerator_system_i/util_ds_buf_0/U0/BUFG_I[0]
    BUFGCTRL_X0Y16                                                    r  cnn_accelerator_system_i/util_ds_buf_0/U0/USE_BUFG.GEN_BUFG[0].BUFG_U/I
    BUFGCTRL_X0Y16       BUFG (Prop_bufg_I_O)         0.091     8.422 r  cnn_accelerator_system_i/util_ds_buf_0/U0/USE_BUFG.GEN_BUFG[0].BUFG_U/O
                         net (fo=2, routed)           1.683    10.105    cnn_accelerator_system_i/clk_wiz_0/inst/clk_in1
    MMCME2_ADV_X0Y0                                                   r  cnn_accelerator_system_i/clk_wiz_0/inst/mmcm_adv_inst/CLKIN1
    MMCME2_ADV_X0Y0      MMCME2_ADV (Prop_mmcme2_adv_CLKIN1_CLKOUT2)
                                                     -3.694     6.411 r  cnn_accelerator_system_i/clk_wiz_0/inst/mmcm_adv_inst/CLKOUT2
                         net (fo=1, routed)           1.923     8.334    cnn_accelerator_system_i/clk_wiz_0/inst/clk_out3_cnn_accelerator_system_clk_wiz_0_0
    BUFGCTRL_X0Y2                                                     r  cnn_accelerator_system_i/clk_wiz_0/inst/clkout3_buf/I
    BUFGCTRL_X0Y2        BUFG (Prop_bufg_I_O)         0.091     8.425 r  cnn_accelerator_system_i/clk_wiz_0/inst/clkout3_buf/O
                         net (fo=52890, routed)       1.501     9.927    cnn_accelerator_system_i/cnn_accelerator_wino_0/inst/conv2/gic[2].u_it/clk
    SLICE_X54Y95         FDRE                                         r  cnn_accelerator_system_i/cnn_accelerator_wino_0/inst/conv2/gic[2].u_it/tre_reg[3][4][2]/C
                         clock pessimism              0.187    10.114    
                         clock uncertainty           -0.067    10.047    
    SLICE_X54Y95         FDRE (Setup_fdre_C_D)       -0.206     9.841    cnn_accelerator_system_i/cnn_accelerator_wino_0/inst/conv2/gic[2].u_it/tre_reg[3][4][2]
  -------------------------------------------------------------------
                         required time                          9.841    
                         arrival time                          -9.848    
  -------------------------------------------------------------------
                         slack                                 -0.007    

Slack (VIOLATED) :        -0.006ns  (required time - arrival time)
  Source:                 cnn_accelerator_system_i/cnn_accelerator_wino_0/inst/conv2/gic[1].tile6_q_ic_reg[304]/C
                            (rising edge-triggered cell FDRE clocked by clk_out3_cnn_accelerator_system_clk_wiz_0_0  {rise@0.000ns fall@2.500ns period=5.000ns})
  Destination:            cnn_accelerator_system_i/cnn_accelerator_wino_0/inst/conv2/gic[1].u_it/tre_reg[2][1][8]/D
                            (rising edge-triggered cell FDRE clocked by clk_out3_cnn_accelerator_system_clk_wiz_0_0  {rise@0.000ns fall@2.500ns period=5.000ns})
  Path Group:             clk_out3_cnn_accelerator_system_clk_wiz_0_0
  Path Type:              Setup (Max at Slow Process Corner)
  Requirement:            5.000ns  (clk_out3_cnn_accelerator_system_clk_wiz_0_0 rise@5.000ns - clk_out3_cnn_accelerator_system_clk_wiz_0_0 rise@0.000ns)
  Data Path Delay:        4.888ns  (logic 1.935ns (39.589%)  route 2.953ns (60.411%))
  Logic Levels:           5  (CARRY4=3 LUT3=2)
  Clock Path Skew:        -0.113ns (DCD - SCD + CPR)
    Destination Clock Delay (DCD):    4.925ns = ( 9.925 - 5.000 ) 
    Source Clock Delay      (SCD):    5.224ns
    Clock Pessimism Removal (CPR):    0.186ns
  Clock Uncertainty:      0.067ns  ((TSJ^2 + DJ^2)^1/2) / 2 + PE
    Total System Jitter     (TSJ):    0.071ns
    Discrete Jitter          (DJ):    0.113ns
    Phase Error              (PE):    0.000ns

    Location             Delay type                Incr(ns)  Path(ns)    Netlist Resource(s)
  -------------------------------------------------------------------    -------------------
                         (clock clk_out3_cnn_accelerator_system_clk_wiz_0_0 rise edge)
                                                      0.000     0.000 r  
    E3                                                0.000     0.000 r  CLK100MHZ (IN)
                         net (fo=0)                   0.000     0.000    CLK100MHZ
    E3                                                                r  CLK100MHZ_IBUF_inst/I
    E3                   IBUF (Prop_ibuf_I_O)         1.482     1.482 r  CLK100MHZ_IBUF_inst/O
                         net (fo=1, routed)           2.025     3.506    cnn_accelerator_system_i/util_ds_buf_0/U0/BUFG_I[0]
    BUFGCTRL_X0Y16                                                    r  cnn_accelerator_system_i/util_ds_buf_0/U0/USE_BUFG.GEN_BUFG[0].BUFG_U/I
    BUFGCTRL_X0Y16       BUFG (Prop_bufg_I_O)         0.096     3.602 r  cnn_accelerator_system_i/util_ds_buf_0/U0/USE_BUFG.GEN_BUFG[0].BUFG_U/O
                         net (fo=2, routed)           1.809     5.412    cnn_accelerator_system_i/clk_wiz_0/inst/clk_in1
    MMCME2_ADV_X0Y0                                                   r  cnn_accelerator_system_i/clk_wiz_0/inst/mmcm_adv_inst/CLKIN1
    MMCME2_ADV_X0Y0      MMCME2_ADV (Prop_mmcme2_adv_CLKIN1_CLKOUT2)
                                                     -3.922     1.490 r  cnn_accelerator_system_i/clk_wiz_0/inst/mmcm_adv_inst/CLKOUT2
                         net (fo=1, routed)           2.018     3.508    cnn_accelerator_system_i/clk_wiz_0/inst/clk_out3_cnn_accelerator_system_clk_wiz_0_0
    BUFGCTRL_X0Y2                                                     r  cnn_accelerator_system_i/clk_wiz_0/inst/clkout3_buf/I
    BUFGCTRL_X0Y2        BUFG (Prop_bufg_I_O)         0.096     3.604 r  cnn_accelerator_system_i/clk_wiz_0/inst/clkout3_buf/O
                         net (fo=52890, routed)       1.620     5.224    cnn_accelerator_system_i/cnn_accelerator_wino_0/inst/conv2/clk
    SLICE_X71Y102        FDRE                                         r  cnn_accelerator_system_i/cnn_accelerator_wino_0/inst/conv2/gic[1].tile6_q_ic_reg[304]/C
  -------------------------------------------------------------------    -------------------
    SLICE_X71Y102        FDRE (Prop_fdre_C_Q)         0.419     5.643 r  cnn_accelerator_system_i/cnn_accelerator_wino_0/inst/conv2/gic[1].tile6_q_ic_reg[304]/Q
                         net (fo=2, routed)           1.012     6.656    cnn_accelerator_system_i/cnn_accelerator_wino_0/inst/conv2/gic[1].u_it/out[304]
    SLICE_X65Y105                                                     r  cnn_accelerator_system_i/cnn_accelerator_wino_0/inst/conv2/gic[1].u_it/i___27_rep_i_1__0/I2
    SLICE_X65Y105        LUT3 (Prop_lut3_I2_O)        0.327     6.983 r  cnn_accelerator_system_i/cnn_accelerator_wino_0/inst/conv2/gic[1].u_it/i___27_rep_i_1__0/O
                         net (fo=6, routed)           1.317     8.299    cnn_accelerator_system_i/cnn_accelerator_wino_0/inst/conv2/gic[1].u_it/gic[1].d_flat_ic[152]
    SLICE_X48Y103                                                     r  cnn_accelerator_system_i/cnn_accelerator_wino_0/inst/conv2/gic[1].u_it/tre[2][1][3]_i_5__0/I1
    SLICE_X48Y103        LUT3 (Prop_lut3_I1_O)        0.326     8.625 r  cnn_accelerator_system_i/cnn_accelerator_wino_0/inst/conv2/gic[1].u_it/tre[2][1][3]_i_5__0/O
                         net (fo=1, routed)           0.624     9.249    cnn_accelerator_system_i/cnn_accelerator_wino_0/inst/conv2/gic[1].u_it/tre[2][1][3]_i_5__0_n_0
    SLICE_X49Y104                                                     r  cnn_accelerator_system_i/cnn_accelerator_wino_0/inst/conv2/gic[1].u_it/tre_reg[2][1][3]_i_1__0/DI[0]
    SLICE_X49Y104        CARRY4 (Prop_carry4_DI[0]_CO[3])
                                                      0.526     9.775 r  cnn_accelerator_system_i/cnn_accelerator_wino_0/inst/conv2/gic[1].u_it/tre_reg[2][1][3]_i_1__0/CO[3]
                         net (fo=1, routed)           0.000     9.775    cnn_accelerator_system_i/cnn_accelerator_wino_0/inst/conv2/gic[1].u_it/tre_reg[2][1][3]_i_1__0_n_0
    SLICE_X49Y105                                                     r  cnn_accelerator_system_i/cnn_accelerator_wino_0/inst/conv2/gic[1].u_it/tre_reg[2][1][7]_i_1__0/CI
    SLICE_X49Y105        CARRY4 (Prop_carry4_CI_CO[3])
                                                      0.114     9.889 r  cnn_accelerator_system_i/cnn_accelerator_wino_0/inst/conv2/gic[1].u_it/tre_reg[2][1][7]_i_1__0/CO[3]
                         net (fo=1, routed)           0.000     9.889    cnn_accelerator_system_i/cnn_accelerator_wino_0/inst/conv2/gic[1].u_it/tre_reg[2][1][7]_i_1__0_n_0
    SLICE_X49Y106                                                     r  cnn_accelerator_system_i/cnn_accelerator_wino_0/inst/conv2/gic[1].u_it/tre_reg[2][1][10]_i_1__0/CI
    SLICE_X49Y106        CARRY4 (Prop_carry4_CI_O[0])
                                                      0.223    10.112 r  cnn_accelerator_system_i/cnn_accelerator_wino_0/inst/conv2/gic[1].u_it/tre_reg[2][1][10]_i_1__0/O[0]
                         net (fo=1, routed)           0.000    10.112    cnn_accelerator_system_i/cnn_accelerator_wino_0/inst/conv2/gic[1].u_it/tre_c[2][1]_1059[8]
    SLICE_X49Y106        FDRE                                         r  cnn_accelerator_system_i/cnn_accelerator_wino_0/inst/conv2/gic[1].u_it/tre_reg[2][1][8]/D
  -------------------------------------------------------------------    -------------------

                         (clock clk_out3_cnn_accelerator_system_clk_wiz_0_0 rise edge)
                                                      5.000     5.000 r  
    E3                                                0.000     5.000 r  CLK100MHZ (IN)
                         net (fo=0)                   0.000     5.000    CLK100MHZ
    E3                                                                r  CLK100MHZ_IBUF_inst/I
    E3                   IBUF (Prop_ibuf_I_O)         1.411     6.411 r  CLK100MHZ_IBUF_inst/O
                         net (fo=1, routed)           1.920     8.331    cnn_accelerator_system_i/util_ds_buf_0/U0/BUFG_I[0]
    BUFGCTRL_X0Y16                                                    r  cnn_accelerator_system_i/util_ds_buf_0/U0/USE_BUFG.GEN_BUFG[0].BUFG_U/I
    BUFGCTRL_X0Y16       BUFG (Prop_bufg_I_O)         0.091     8.422 r  cnn_accelerator_system_i/util_ds_buf_0/U0/USE_BUFG.GEN_BUFG[0].BUFG_U/O
                         net (fo=2, routed)           1.683    10.105    cnn_accelerator_system_i/clk_wiz_0/inst/clk_in1
    MMCME2_ADV_X0Y0                                                   r  cnn_accelerator_system_i/clk_wiz_0/inst/mmcm_adv_inst/CLKIN1
    MMCME2_ADV_X0Y0      MMCME2_ADV (Prop_mmcme2_adv_CLKIN1_CLKOUT2)
                                                     -3.694     6.411 r  cnn_accelerator_system_i/clk_wiz_0/inst/mmcm_adv_inst/CLKOUT2
                         net (fo=1, routed)           1.923     8.334    cnn_accelerator_system_i/clk_wiz_0/inst/clk_out3_cnn_accelerator_system_clk_wiz_0_0
    BUFGCTRL_X0Y2                                                     r  cnn_accelerator_system_i/clk_wiz_0/inst/clkout3_buf/I
    BUFGCTRL_X0Y2        BUFG (Prop_bufg_I_O)         0.091     8.425 r  cnn_accelerator_system_i/clk_wiz_0/inst/clkout3_buf/O
                         net (fo=52890, routed)       1.500     9.925    cnn_accelerator_system_i/cnn_accelerator_wino_0/inst/conv2/gic[1].u_it/clk
    SLICE_X49Y106        FDRE                                         r  cnn_accelerator_system_i/cnn_accelerator_wino_0/inst/conv2/gic[1].u_it/tre_reg[2][1][8]/C
                         clock pessimism              0.186    10.111    
                         clock uncertainty           -0.067    10.044    
    SLICE_X49Y106        FDRE (Setup_fdre_C_D)        0.062    10.106    cnn_accelerator_system_i/cnn_accelerator_wino_0/inst/conv2/gic[1].u_it/tre_reg[2][1][8]
  -------------------------------------------------------------------
                         required time                         10.106    
                         arrival time                         -10.112    
  -------------------------------------------------------------------
                         slack                                 -0.006    

Slack (VIOLATED) :        -0.003ns  (required time - arrival time)
  Source:                 cnn_accelerator_system_i/cnn_accelerator_wino_0/inst/conv2/gic[1].tile6_q_ic_reg[304]/C
                            (rising edge-triggered cell FDRE clocked by clk_out3_cnn_accelerator_system_clk_wiz_0_0  {rise@0.000ns fall@2.500ns period=5.000ns})
  Destination:            cnn_accelerator_system_i/cnn_accelerator_wino_0/inst/conv2/gic[1].u_it/tre_reg[2][1][5]/D
                            (rising edge-triggered cell FDRE clocked by clk_out3_cnn_accelerator_system_clk_wiz_0_0  {rise@0.000ns fall@2.500ns period=5.000ns})
  Path Group:             clk_out3_cnn_accelerator_system_clk_wiz_0_0
  Path Type:              Setup (Max at Slow Process Corner)
  Requirement:            5.000ns  (clk_out3_cnn_accelerator_system_clk_wiz_0_0 rise@5.000ns - clk_out3_cnn_accelerator_system_clk_wiz_0_0 rise@0.000ns)
  Data Path Delay:        4.885ns  (logic 1.932ns (39.552%)  route 2.953ns (60.448%))
  Logic Levels:           4  (CARRY4=2 LUT3=2)
  Clock Path Skew:        -0.113ns (DCD - SCD + CPR)
    Destination Clock Delay (DCD):    4.925ns = ( 9.925 - 5.000 ) 
    Source Clock Delay      (SCD):    5.224ns
    Clock Pessimism Removal (CPR):    0.186ns
  Clock Uncertainty:      0.067ns  ((TSJ^2 + DJ^2)^1/2) / 2 + PE
    Total System Jitter     (TSJ):    0.071ns
    Discrete Jitter          (DJ):    0.113ns
    Phase Error              (PE):    0.000ns

    Location             Delay type                Incr(ns)  Path(ns)    Netlist Resource(s)
  -------------------------------------------------------------------    -------------------
                         (clock clk_out3_cnn_accelerator_system_clk_wiz_0_0 rise edge)
                                                      0.000     0.000 r  
    E3                                                0.000     0.000 r  CLK100MHZ (IN)
                         net (fo=0)                   0.000     0.000    CLK100MHZ
    E3                                                                r  CLK100MHZ_IBUF_inst/I
    E3                   IBUF (Prop_ibuf_I_O)         1.482     1.482 r  CLK100MHZ_IBUF_inst/O
                         net (fo=1, routed)           2.025     3.506    cnn_accelerator_system_i/util_ds_buf_0/U0/BUFG_I[0]
    BUFGCTRL_X0Y16                                                    r  cnn_accelerator_system_i/util_ds_buf_0/U0/USE_BUFG.GEN_BUFG[0].BUFG_U/I
    BUFGCTRL_X0Y16       BUFG (Prop_bufg_I_O)         0.096     3.602 r  cnn_accelerator_system_i/util_ds_buf_0/U0/USE_BUFG.GEN_BUFG[0].BUFG_U/O
                         net (fo=2, routed)           1.809     5.412    cnn_accelerator_system_i/clk_wiz_0/inst/clk_in1
    MMCME2_ADV_X0Y0                                                   r  cnn_accelerator_system_i/clk_wiz_0/inst/mmcm_adv_inst/CLKIN1
    MMCME2_ADV_X0Y0      MMCME2_ADV (Prop_mmcme2_adv_CLKIN1_CLKOUT2)
                                                     -3.922     1.490 r  cnn_accelerator_system_i/clk_wiz_0/inst/mmcm_adv_inst/CLKOUT2
                         net (fo=1, routed)           2.018     3.508    cnn_accelerator_system_i/clk_wiz_0/inst/clk_out3_cnn_accelerator_system_clk_wiz_0_0
    BUFGCTRL_X0Y2                                                     r  cnn_accelerator_system_i/clk_wiz_0/inst/clkout3_buf/I
    BUFGCTRL_X0Y2        BUFG (Prop_bufg_I_O)         0.096     3.604 r  cnn_accelerator_system_i/clk_wiz_0/inst/clkout3_buf/O
                         net (fo=52890, routed)       1.620     5.224    cnn_accelerator_system_i/cnn_accelerator_wino_0/inst/conv2/clk
    SLICE_X71Y102        FDRE                                         r  cnn_accelerator_system_i/cnn_accelerator_wino_0/inst/conv2/gic[1].tile6_q_ic_reg[304]/C
  -------------------------------------------------------------------    -------------------
    SLICE_X71Y102        FDRE (Prop_fdre_C_Q)         0.419     5.643 r  cnn_accelerator_system_i/cnn_accelerator_wino_0/inst/conv2/gic[1].tile6_q_ic_reg[304]/Q
                         net (fo=2, routed)           1.012     6.656    cnn_accelerator_system_i/cnn_accelerator_wino_0/inst/conv2/gic[1].u_it/out[304]
    SLICE_X65Y105                                                     r  cnn_accelerator_system_i/cnn_accelerator_wino_0/inst/conv2/gic[1].u_it/i___27_rep_i_1__0/I2
    SLICE_X65Y105        LUT3 (Prop_lut3_I2_O)        0.327     6.983 r  cnn_accelerator_system_i/cnn_accelerator_wino_0/inst/conv2/gic[1].u_it/i___27_rep_i_1__0/O
                         net (fo=6, routed)           1.317     8.299    cnn_accelerator_system_i/cnn_accelerator_wino_0/inst/conv2/gic[1].u_it/gic[1].d_flat_ic[152]
    SLICE_X48Y103                                                     r  cnn_accelerator_system_i/cnn_accelerator_wino_0/inst/conv2/gic[1].u_it/tre[2][1][3]_i_5__0/I1
    SLICE_X48Y103        LUT3 (Prop_lut3_I1_O)        0.326     8.625 r  cnn_accelerator_system_i/cnn_accelerator_wino_0/inst/conv2/gic[1].u_it/tre[2][1][3]_i_5__0/O
                         net (fo=1, routed)           0.624     9.249    cnn_accelerator_system_i/cnn_accelerator_wino_0/inst/conv2/gic[1].u_it/tre[2][1][3]_i_5__0_n_0
    SLICE_X49Y104                                                     r  cnn_accelerator_system_i/cnn_accelerator_wino_0/inst/conv2/gic[1].u_it/tre_reg[2][1][3]_i_1__0/DI[0]
    SLICE_X49Y104        CARRY4 (Prop_carry4_DI[0]_CO[3])
                                                      0.526     9.775 r  cnn_accelerator_system_i/cnn_accelerator_wino_0/inst/conv2/gic[1].u_it/tre_reg[2][1][3]_i_1__0/CO[3]
                         net (fo=1, routed)           0.000     9.775    cnn_accelerator_system_i/cnn_accelerator_wino_0/inst/conv2/gic[1].u_it/tre_reg[2][1][3]_i_1__0_n_0
    SLICE_X49Y105                                                     r  cnn_accelerator_system_i/cnn_accelerator_wino_0/inst/conv2/gic[1].u_it/tre_reg[2][1][7]_i_1__0/CI
    SLICE_X49Y105        CARRY4 (Prop_carry4_CI_O[1])
                                                      0.334    10.109 r  cnn_accelerator_system_i/cnn_accelerator_wino_0/inst/conv2/gic[1].u_it/tre_reg[2][1][7]_i_1__0/O[1]
                         net (fo=1, routed)           0.000    10.109    cnn_accelerator_system_i/cnn_accelerator_wino_0/inst/conv2/gic[1].u_it/tre_c[2][1]_1059[5]
    SLICE_X49Y105        FDRE                                         r  cnn_accelerator_system_i/cnn_accelerator_wino_0/inst/conv2/gic[1].u_it/tre_reg[2][1][5]/D
  -------------------------------------------------------------------    -------------------

                         (clock clk_out3_cnn_accelerator_system_clk_wiz_0_0 rise edge)
                                                      5.000     5.000 r  
    E3                                                0.000     5.000 r  CLK100MHZ (IN)
                         net (fo=0)                   0.000     5.000    CLK100MHZ
    E3                                                                r  CLK100MHZ_IBUF_inst/I
    E3                   IBUF (Prop_ibuf_I_O)         1.411     6.411 r  CLK100MHZ_IBUF_inst/O
                         net (fo=1, routed)           1.920     8.331    cnn_accelerator_system_i/util_ds_buf_0/U0/BUFG_I[0]
    BUFGCTRL_X0Y16                                                    r  cnn_accelerator_system_i/util_ds_buf_0/U0/USE_BUFG.GEN_BUFG[0].BUFG_U/I
    BUFGCTRL_X0Y16       BUFG (Prop_bufg_I_O)         0.091     8.422 r  cnn_accelerator_system_i/util_ds_buf_0/U0/USE_BUFG.GEN_BUFG[0].BUFG_U/O
                         net (fo=2, routed)           1.683    10.105    cnn_accelerator_system_i/clk_wiz_0/inst/clk_in1
    MMCME2_ADV_X0Y0                                                   r  cnn_accelerator_system_i/clk_wiz_0/inst/mmcm_adv_inst/CLKIN1
    MMCME2_ADV_X0Y0      MMCME2_ADV (Prop_mmcme2_adv_CLKIN1_CLKOUT2)
                                                     -3.694     6.411 r  cnn_accelerator_system_i/clk_wiz_0/inst/mmcm_adv_inst/CLKOUT2
                         net (fo=1, routed)           1.923     8.334    cnn_accelerator_system_i/clk_wiz_0/inst/clk_out3_cnn_accelerator_system_clk_wiz_0_0
    BUFGCTRL_X0Y2                                                     r  cnn_accelerator_system_i/clk_wiz_0/inst/clkout3_buf/I
    BUFGCTRL_X0Y2        BUFG (Prop_bufg_I_O)         0.091     8.425 r  cnn_accelerator_system_i/clk_wiz_0/inst/clkout3_buf/O
                         net (fo=52890, routed)       1.500     9.925    cnn_accelerator_system_i/cnn_accelerator_wino_0/inst/conv2/gic[1].u_it/clk
    SLICE_X49Y105        FDRE                                         r  cnn_accelerator_system_i/cnn_accelerator_wino_0/inst/conv2/gic[1].u_it/tre_reg[2][1][5]/C
                         clock pessimism              0.186    10.111    
                         clock uncertainty           -0.067    10.044    
    SLICE_X49Y105        FDRE (Setup_fdre_C_D)        0.062    10.106    cnn_accelerator_system_i/cnn_accelerator_wino_0/inst/conv2/gic[1].u_it/tre_reg[2][1][5]
  -------------------------------------------------------------------
                         required time                         10.106    
                         arrival time                         -10.109    
  -------------------------------------------------------------------
                         slack                                 -0.003    




