Copyright 1986-2022 Xilinx, Inc. All Rights Reserved. Copyright 2022-2024 Advanced Micro Devices, Inc. All Rights Reserved.
---------------------------------------------------------------------------------------------------------------------------------------------
| Tool Version : Vivado v.2024.1 (win64) Build 5076996 Wed May 22 18:37:14 MDT 2024
| Date         : Fri Jun 12 00:23:09 2026
| Host         : DOHYUNKIM266E running 64-bit major release  (build 9200)
| Command      : report_timing -setup -max_paths 30 -input_pins -nets -file C:/Users/gimdohyeon/wino_timing_paths.rpt
| Design       : cnn_accelerator_system_wrapper
| Device       : 7a100t-csg324
| Speed File   : -1  PRODUCTION 1.23 2018-06-13
| Design State : Routed
---------------------------------------------------------------------------------------------------------------------------------------------

Timing Report

Slack (VIOLATED) :        -1.735ns  (required time - arrival time)
  Source:                 cnn_accelerator_system_i/cnn_accelerator_wino_0/inst/conv2/m_im_flat_reg[231]/C
                            (rising edge-triggered cell FDRE clocked by clk_out3_cnn_accelerator_system_clk_wiz_0_0  {rise@0.000ns fall@2.500ns period=5.000ns})
  Destination:            cnn_accelerator_system_i/cnn_accelerator_wino_0/inst/conv2/u_ot/yim_reg[3][3][25]/D
                            (rising edge-triggered cell FDRE clocked by clk_out3_cnn_accelerator_system_clk_wiz_0_0  {rise@0.000ns fall@2.500ns period=5.000ns})
  Path Group:             clk_out3_cnn_accelerator_system_clk_wiz_0_0
  Path Type:              Setup (Max at Slow Process Corner)
  Requirement:            5.000ns  (clk_out3_cnn_accelerator_system_clk_wiz_0_0 rise@5.000ns - clk_out3_cnn_accelerator_system_clk_wiz_0_0 rise@0.000ns)
  Data Path Delay:        6.621ns  (logic 3.469ns (52.391%)  route 3.152ns (47.609%))
  Logic Levels:           10  (CARRY4=6 LUT3=2 LUT4=2)
  Clock Path Skew:        -0.109ns (DCD - SCD + CPR)
    Destination Clock Delay (DCD):    4.919ns = ( 9.919 - 5.000 ) 
    Source Clock Delay      (SCD):    5.215ns
    Clock Pessimism Removal (CPR):    0.187ns
  Clock Uncertainty:      0.067ns  ((TSJ^2 + DJ^2)^1/2) / 2 + PE
    Total System Jitter     (TSJ):    0.071ns
    Discrete Jitter          (DJ):    0.113ns
    Phase Error              (PE):    0.000ns

    Location             Delay type                Incr(ns)  Path(ns)    Netlist Resource(s)
  -------------------------------------------------------------------    -------------------
                         (clock clk_out3_cnn_accelerator_system_clk_wiz_0_0 rise edge)
                                                      0.000     0.000 r  
    E3                                                0.000     0.000 r  CLK100MHZ (IN)
                         net (fo=0)                   0.000     0.000    CLK100MHZ
    E3                                                                r  CLK100MHZ_IBUF_inst/I
    E3                   IBUF (Prop_ibuf_I_O)         1.482     1.482 r  CLK100MHZ_IBUF_inst/O
                         net (fo=1, routed)           2.025     3.506    cnn_accelerator_system_i/util_ds_buf_0/U0/BUFG_I[0]
    BUFGCTRL_X0Y16                                                    r  cnn_accelerator_system_i/util_ds_buf_0/U0/USE_BUFG.GEN_BUFG[0].BUFG_U/I
    BUFGCTRL_X0Y16       BUFG (Prop_bufg_I_O)         0.096     3.602 r  cnn_accelerator_system_i/util_ds_buf_0/U0/USE_BUFG.GEN_BUFG[0].BUFG_U/O
                         net (fo=2, routed)           1.809     5.412    cnn_accelerator_system_i/clk_wiz_0/inst/clk_in1
    MMCME2_ADV_X0Y0                                                   r  cnn_accelerator_system_i/clk_wiz_0/inst/mmcm_adv_inst/CLKIN1
    MMCME2_ADV_X0Y0      MMCME2_ADV (Prop_mmcme2_adv_CLKIN1_CLKOUT2)
                                                     -3.922     1.490 r  cnn_accelerator_system_i/clk_wiz_0/inst/mmcm_adv_inst/CLKOUT2
                         net (fo=1, routed)           2.018     3.508    cnn_accelerator_system_i/clk_wiz_0/inst/clk_out3_cnn_accelerator_system_clk_wiz_0_0
    BUFGCTRL_X0Y2                                                     r  cnn_accelerator_system_i/clk_wiz_0/inst/clkout3_buf/I
    BUFGCTRL_X0Y2        BUFG (Prop_bufg_I_O)         0.096     3.604 r  cnn_accelerator_system_i/clk_wiz_0/inst/clkout3_buf/O
                         net (fo=37889, routed)       1.610     5.215    cnn_accelerator_system_i/cnn_accelerator_wino_0/inst/conv2/clk
    SLICE_X56Y78         FDRE                                         r  cnn_accelerator_system_i/cnn_accelerator_wino_0/inst/conv2/m_im_flat_reg[231]/C
  -------------------------------------------------------------------    -------------------
    SLICE_X56Y78         FDRE (Prop_fdre_C_Q)         0.518     5.733 r  cnn_accelerator_system_i/cnn_accelerator_wino_0/inst/conv2/m_im_flat_reg[231]/Q
                         net (fo=8, routed)           1.111     6.844    cnn_accelerator_system_i/cnn_accelerator_wino_0/inst/conv2/u_ot/yim_reg[3][4][27]_i_2_0[56]
    SLICE_X53Y68                                                      r  cnn_accelerator_system_i/cnn_accelerator_wino_0/inst/conv2/u_ot/yim[3][3][11]_i_11/I2
    SLICE_X53Y68         LUT3 (Prop_lut3_I2_O)        0.153     6.997 r  cnn_accelerator_system_i/cnn_accelerator_wino_0/inst/conv2/u_ot/yim[3][3][11]_i_11/O
                         net (fo=2, routed)           0.690     7.687    cnn_accelerator_system_i/cnn_accelerator_wino_0/inst/conv2/u_ot/yim[3][3][11]_i_11_n_0
    SLICE_X53Y68                                                      r  cnn_accelerator_system_i/cnn_accelerator_wino_0/inst/conv2/u_ot/yim[3][3][11]_i_15/I3
    SLICE_X53Y68         LUT4 (Prop_lut4_I3_O)        0.327     8.014 r  cnn_accelerator_system_i/cnn_accelerator_wino_0/inst/conv2/u_ot/yim[3][3][11]_i_15/O
                         net (fo=1, routed)           0.000     8.014    cnn_accelerator_system_i/cnn_accelerator_wino_0/inst/conv2/u_ot/yim[3][3][11]_i_15_n_0
    SLICE_X53Y68                                                      r  cnn_accelerator_system_i/cnn_accelerator_wino_0/inst/conv2/u_ot/yim_reg[3][3][11]_i_10/S[3]
    SLICE_X53Y68         CARRY4 (Prop_carry4_S[3]_CO[3])
                                                      0.401     8.415 r  cnn_accelerator_system_i/cnn_accelerator_wino_0/inst/conv2/u_ot/yim_reg[3][3][11]_i_10/CO[3]
                         net (fo=1, routed)           0.000     8.415    cnn_accelerator_system_i/cnn_accelerator_wino_0/inst/conv2/u_ot/yim_reg[3][3][11]_i_10_n_0
    SLICE_X53Y69                                                      r  cnn_accelerator_system_i/cnn_accelerator_wino_0/inst/conv2/u_ot/yim_reg[3][3][15]_i_10/CI
    SLICE_X53Y69         CARRY4 (Prop_carry4_CI_CO[3])
                                                      0.114     8.529 r  cnn_accelerator_system_i/cnn_accelerator_wino_0/inst/conv2/u_ot/yim_reg[3][3][15]_i_10/CO[3]
                         net (fo=1, routed)           0.000     8.529    cnn_accelerator_system_i/cnn_accelerator_wino_0/inst/conv2/u_ot/yim_reg[3][3][15]_i_10_n_0
    SLICE_X53Y70                                                      r  cnn_accelerator_system_i/cnn_accelerator_wino_0/inst/conv2/u_ot/yim_reg[3][3][19]_i_10/CI
    SLICE_X53Y70         CARRY4 (Prop_carry4_CI_CO[3])
                                                      0.114     8.643 r  cnn_accelerator_system_i/cnn_accelerator_wino_0/inst/conv2/u_ot/yim_reg[3][3][19]_i_10/CO[3]
                         net (fo=1, routed)           0.000     8.643    cnn_accelerator_system_i/cnn_accelerator_wino_0/inst/conv2/u_ot/yim_reg[3][3][19]_i_10_n_0
    SLICE_X53Y71                                                      r  cnn_accelerator_system_i/cnn_accelerator_wino_0/inst/conv2/u_ot/yim_reg[3][3][23]_i_10/CI
    SLICE_X53Y71         CARRY4 (Prop_carry4_CI_O[3])
                                                      0.313     8.956 r  cnn_accelerator_system_i/cnn_accelerator_wino_0/inst/conv2/u_ot/yim_reg[3][3][23]_i_10/O[3]
                         net (fo=2, routed)           0.871     9.827    cnn_accelerator_system_i/cnn_accelerator_wino_0/inst/conv2/u_ot/yim_reg[3][3][23]_i_10_n_4
    SLICE_X51Y74                                                      r  cnn_accelerator_system_i/cnn_accelerator_wino_0/inst/conv2/u_ot/yim[3][3][23]_i_5/I0
    SLICE_X51Y74         LUT3 (Prop_lut3_I0_O)        0.331    10.158 r  cnn_accelerator_system_i/cnn_accelerator_wino_0/inst/conv2/u_ot/yim[3][3][23]_i_5/O
                         net (fo=2, routed)           0.480    10.638    cnn_accelerator_system_i/cnn_accelerator_wino_0/inst/conv2/u_ot/yim[3][3][23]_i_5_n_0
    SLICE_X51Y75                                                      r  cnn_accelerator_system_i/cnn_accelerator_wino_0/inst/conv2/u_ot/yim[3][3][23]_i_9/I3
    SLICE_X51Y75         LUT4 (Prop_lut4_I3_O)        0.332    10.970 r  cnn_accelerator_system_i/cnn_accelerator_wino_0/inst/conv2/u_ot/yim[3][3][23]_i_9/O
                         net (fo=1, routed)           0.000    10.970    cnn_accelerator_system_i/cnn_accelerator_wino_0/inst/conv2/u_ot/yim[3][3][23]_i_9_n_0
    SLICE_X51Y75                                                      r  cnn_accelerator_system_i/cnn_accelerator_wino_0/inst/conv2/u_ot/yim_reg[3][3][23]_i_1/S[0]
    SLICE_X51Y75         CARRY4 (Prop_carry4_S[0]_CO[3])
                                                      0.532    11.502 r  cnn_accelerator_system_i/cnn_accelerator_wino_0/inst/conv2/u_ot/yim_reg[3][3][23]_i_1/CO[3]
                         net (fo=1, routed)           0.000    11.502    cnn_accelerator_system_i/cnn_accelerator_wino_0/inst/conv2/u_ot/yim_reg[3][3][23]_i_1_n_0
    SLICE_X51Y76                                                      r  cnn_accelerator_system_i/cnn_accelerator_wino_0/inst/conv2/u_ot/yim_reg[3][3][27]_i_1/CI
    SLICE_X51Y76         CARRY4 (Prop_carry4_CI_O[1])
                                                      0.334    11.836 r  cnn_accelerator_system_i/cnn_accelerator_wino_0/inst/conv2/u_ot/yim_reg[3][3][27]_i_1/O[1]
                         net (fo=1, routed)           0.000    11.836    cnn_accelerator_system_i/cnn_accelerator_wino_0/inst/conv2/u_ot/yim_c[3][3]_1097[25]
    SLICE_X51Y76         FDRE                                         r  cnn_accelerator_system_i/cnn_accelerator_wino_0/inst/conv2/u_ot/yim_reg[3][3][25]/D
  -------------------------------------------------------------------    -------------------

                         (clock clk_out3_cnn_accelerator_system_clk_wiz_0_0 rise edge)
                                                      5.000     5.000 r  
    E3                                                0.000     5.000 r  CLK100MHZ (IN)
                         net (fo=0)                   0.000     5.000    CLK100MHZ
    E3                                                                r  CLK100MHZ_IBUF_inst/I
    E3                   IBUF (Prop_ibuf_I_O)         1.411     6.411 r  CLK100MHZ_IBUF_inst/O
                         net (fo=1, routed)           1.920     8.331    cnn_accelerator_system_i/util_ds_buf_0/U0/BUFG_I[0]
    BUFGCTRL_X0Y16                                                    r  cnn_accelerator_system_i/util_ds_buf_0/U0/USE_BUFG.GEN_BUFG[0].BUFG_U/I
    BUFGCTRL_X0Y16       BUFG (Prop_bufg_I_O)         0.091     8.422 r  cnn_accelerator_system_i/util_ds_buf_0/U0/USE_BUFG.GEN_BUFG[0].BUFG_U/O
                         net (fo=2, routed)           1.683    10.105    cnn_accelerator_system_i/clk_wiz_0/inst/clk_in1
    MMCME2_ADV_X0Y0                                                   r  cnn_accelerator_system_i/clk_wiz_0/inst/mmcm_adv_inst/CLKIN1
    MMCME2_ADV_X0Y0      MMCME2_ADV (Prop_mmcme2_adv_CLKIN1_CLKOUT2)
                                                     -3.694     6.411 r  cnn_accelerator_system_i/clk_wiz_0/inst/mmcm_adv_inst/CLKOUT2
                         net (fo=1, routed)           1.923     8.334    cnn_accelerator_system_i/clk_wiz_0/inst/clk_out3_cnn_accelerator_system_clk_wiz_0_0
    BUFGCTRL_X0Y2                                                     r  cnn_accelerator_system_i/clk_wiz_0/inst/clkout3_buf/I
    BUFGCTRL_X0Y2        BUFG (Prop_bufg_I_O)         0.091     8.425 r  cnn_accelerator_system_i/clk_wiz_0/inst/clkout3_buf/O
                         net (fo=37889, routed)       1.493     9.919    cnn_accelerator_system_i/cnn_accelerator_wino_0/inst/conv2/u_ot/clk
    SLICE_X51Y76         FDRE                                         r  cnn_accelerator_system_i/cnn_accelerator_wino_0/inst/conv2/u_ot/yim_reg[3][3][25]/C
                         clock pessimism              0.187    10.106    
                         clock uncertainty           -0.067    10.039    
    SLICE_X51Y76         FDRE (Setup_fdre_C_D)        0.062    10.101    cnn_accelerator_system_i/cnn_accelerator_wino_0/inst/conv2/u_ot/yim_reg[3][3][25]
  -------------------------------------------------------------------
                         required time                         10.101    
                         arrival time                         -11.836    
  -------------------------------------------------------------------
                         slack                                 -1.735    

Slack (VIOLATED) :        -1.728ns  (required time - arrival time)
  Source:                 cnn_accelerator_system_i/cnn_accelerator_wino_0/inst/conv2/m_re_flat_reg[702]/C
                            (rising edge-triggered cell FDRE clocked by clk_out3_cnn_accelerator_system_clk_wiz_0_0  {rise@0.000ns fall@2.500ns period=5.000ns})
  Destination:            cnn_accelerator_system_i/cnn_accelerator_wino_0/inst/conv2/u_ot/yre_reg[0][4][25]/D
                            (rising edge-triggered cell FDRE clocked by clk_out3_cnn_accelerator_system_clk_wiz_0_0  {rise@0.000ns fall@2.500ns period=5.000ns})
  Path Group:             clk_out3_cnn_accelerator_system_clk_wiz_0_0
  Path Type:              Setup (Max at Slow Process Corner)
  Requirement:            5.000ns  (clk_out3_cnn_accelerator_system_clk_wiz_0_0 rise@5.000ns - clk_out3_cnn_accelerator_system_clk_wiz_0_0 rise@0.000ns)
  Data Path Delay:        6.628ns  (logic 3.287ns (49.589%)  route 3.341ns (50.411%))
  Logic Levels:           12  (CARRY4=8 LUT3=2 LUT4=2)
  Clock Path Skew:        -0.095ns (DCD - SCD + CPR)
    Destination Clock Delay (DCD):    4.929ns = ( 9.929 - 5.000 ) 
    Source Clock Delay      (SCD):    5.211ns
    Clock Pessimism Removal (CPR):    0.187ns
  Clock Uncertainty:      0.067ns  ((TSJ^2 + DJ^2)^1/2) / 2 + PE
    Total System Jitter     (TSJ):    0.071ns
    Discrete Jitter          (DJ):    0.113ns
    Phase Error              (PE):    0.000ns

    Location             Delay type                Incr(ns)  Path(ns)    Netlist Resource(s)
  -------------------------------------------------------------------    -------------------
                         (clock clk_out3_cnn_accelerator_system_clk_wiz_0_0 rise edge)
                                                      0.000     0.000 r  
    E3                                                0.000     0.000 r  CLK100MHZ (IN)
                         net (fo=0)                   0.000     0.000    CLK100MHZ
    E3                                                                r  CLK100MHZ_IBUF_inst/I
    E3                   IBUF (Prop_ibuf_I_O)         1.482     1.482 r  CLK100MHZ_IBUF_inst/O
                         net (fo=1, routed)           2.025     3.506    cnn_accelerator_system_i/util_ds_buf_0/U0/BUFG_I[0]
    BUFGCTRL_X0Y16                                                    r  cnn_accelerator_system_i/util_ds_buf_0/U0/USE_BUFG.GEN_BUFG[0].BUFG_U/I
    BUFGCTRL_X0Y16       BUFG (Prop_bufg_I_O)         0.096     3.602 r  cnn_accelerator_system_i/util_ds_buf_0/U0/USE_BUFG.GEN_BUFG[0].BUFG_U/O
                         net (fo=2, routed)           1.809     5.412    cnn_accelerator_system_i/clk_wiz_0/inst/clk_in1
    MMCME2_ADV_X0Y0                                                   r  cnn_accelerator_system_i/clk_wiz_0/inst/mmcm_adv_inst/CLKIN1
    MMCME2_ADV_X0Y0      MMCME2_ADV (Prop_mmcme2_adv_CLKIN1_CLKOUT2)
                                                     -3.922     1.490 r  cnn_accelerator_system_i/clk_wiz_0/inst/mmcm_adv_inst/CLKOUT2
                         net (fo=1, routed)           2.018     3.508    cnn_accelerator_system_i/clk_wiz_0/inst/clk_out3_cnn_accelerator_system_clk_wiz_0_0
    BUFGCTRL_X0Y2                                                     r  cnn_accelerator_system_i/clk_wiz_0/inst/clkout3_buf/I
    BUFGCTRL_X0Y2        BUFG (Prop_bufg_I_O)         0.096     3.604 r  cnn_accelerator_system_i/clk_wiz_0/inst/clkout3_buf/O
                         net (fo=37889, routed)       1.606     5.211    cnn_accelerator_system_i/cnn_accelerator_wino_0/inst/conv2/clk
    SLICE_X52Y72         FDRE                                         r  cnn_accelerator_system_i/cnn_accelerator_wino_0/inst/conv2/m_re_flat_reg[702]/C
  -------------------------------------------------------------------    -------------------
    SLICE_X52Y72         FDRE (Prop_fdre_C_Q)         0.456     5.667 r  cnn_accelerator_system_i/cnn_accelerator_wino_0/inst/conv2/m_re_flat_reg[702]/Q
                         net (fo=19, routed)          1.166     6.833    cnn_accelerator_system_i/cnn_accelerator_wino_0/inst/conv2/u_ot/Q[502]
    SLICE_X45Y70                                                      r  cnn_accelerator_system_i/cnn_accelerator_wino_0/inst/conv2/u_ot/yre[0][3][7]_i_11/I2
    SLICE_X45Y70         LUT3 (Prop_lut3_I2_O)        0.154     6.987 r  cnn_accelerator_system_i/cnn_accelerator_wino_0/inst/conv2/u_ot/yre[0][3][7]_i_11/O
                         net (fo=4, routed)           0.721     7.708    cnn_accelerator_system_i/cnn_accelerator_wino_0/inst/conv2/u_ot/yre[0][3][7]_i_11_n_0
    SLICE_X45Y70                                                      r  cnn_accelerator_system_i/cnn_accelerator_wino_0/inst/conv2/u_ot/yre[0][4][7]_i_11/I3
    SLICE_X45Y70         LUT4 (Prop_lut4_I3_O)        0.327     8.035 r  cnn_accelerator_system_i/cnn_accelerator_wino_0/inst/conv2/u_ot/yre[0][4][7]_i_11/O
                         net (fo=1, routed)           0.000     8.035    cnn_accelerator_system_i/cnn_accelerator_wino_0/inst/conv2/u_ot/yre[0][4][7]_i_11_n_0
    SLICE_X45Y70                                                      r  cnn_accelerator_system_i/cnn_accelerator_wino_0/inst/conv2/u_ot/yre_reg[0][4][7]_i_10/S[3]
    SLICE_X45Y70         CARRY4 (Prop_carry4_S[3]_CO[3])
                                                      0.401     8.436 r  cnn_accelerator_system_i/cnn_accelerator_wino_0/inst/conv2/u_ot/yre_reg[0][4][7]_i_10/CO[3]
                         net (fo=1, routed)           0.000     8.436    cnn_accelerator_system_i/cnn_accelerator_wino_0/inst/conv2/u_ot/yre_reg[0][4][7]_i_10_n_0
    SLICE_X45Y71                                                      r  cnn_accelerator_system_i/cnn_accelerator_wino_0/inst/conv2/u_ot/yre_reg[0][4][11]_i_10/CI
    SLICE_X45Y71         CARRY4 (Prop_carry4_CI_CO[3])
                                                      0.114     8.550 r  cnn_accelerator_system_i/cnn_accelerator_wino_0/inst/conv2/u_ot/yre_reg[0][4][11]_i_10/CO[3]
                         net (fo=1, routed)           0.000     8.550    cnn_accelerator_system_i/cnn_accelerator_wino_0/inst/conv2/u_ot/yre_reg[0][4][11]_i_10_n_0
    SLICE_X45Y72                                                      r  cnn_accelerator_system_i/cnn_accelerator_wino_0/inst/conv2/u_ot/yre_reg[0][4][15]_i_10/CI
    SLICE_X45Y72         CARRY4 (Prop_carry4_CI_O[1])
                                                      0.334     8.884 r  cnn_accelerator_system_i/cnn_accelerator_wino_0/inst/conv2/u_ot/yre_reg[0][4][15]_i_10/O[1]
                         net (fo=2, routed)           0.465     9.349    cnn_accelerator_system_i/cnn_accelerator_wino_0/inst/conv2/u_ot/yre_reg[0][4][15]_i_10_n_6
    SLICE_X46Y73                                                      r  cnn_accelerator_system_i/cnn_accelerator_wino_0/inst/conv2/u_ot/yre[0][4][11]_i_3/I1
    SLICE_X46Y73         LUT3 (Prop_lut3_I1_O)        0.303     9.652 r  cnn_accelerator_system_i/cnn_accelerator_wino_0/inst/conv2/u_ot/yre[0][4][11]_i_3/O
                         net (fo=2, routed)           0.980    10.632    cnn_accelerator_system_i/cnn_accelerator_wino_0/inst/conv2/u_ot/yre[0][4][11]_i_3_n_0
    SLICE_X41Y74                                                      r  cnn_accelerator_system_i/cnn_accelerator_wino_0/inst/conv2/u_ot/yre[0][4][11]_i_7/I3
    SLICE_X41Y74         LUT4 (Prop_lut4_I3_O)        0.124    10.756 r  cnn_accelerator_system_i/cnn_accelerator_wino_0/inst/conv2/u_ot/yre[0][4][11]_i_7/O
                         net (fo=1, routed)           0.000    10.756    cnn_accelerator_system_i/cnn_accelerator_wino_0/inst/conv2/u_ot/yre[0][4][11]_i_7_n_0
    SLICE_X41Y74                                                      r  cnn_accelerator_system_i/cnn_accelerator_wino_0/inst/conv2/u_ot/yre_reg[0][4][11]_i_1/S[2]
    SLICE_X41Y74         CARRY4 (Prop_carry4_S[2]_CO[3])
                                                      0.398    11.154 r  cnn_accelerator_system_i/cnn_accelerator_wino_0/inst/conv2/u_ot/yre_reg[0][4][11]_i_1/CO[3]
                         net (fo=1, routed)           0.009    11.163    cnn_accelerator_system_i/cnn_accelerator_wino_0/inst/conv2/u_ot/yre_reg[0][4][11]_i_1_n_0
    SLICE_X41Y75                                                      r  cnn_accelerator_system_i/cnn_accelerator_wino_0/inst/conv2/u_ot/yre_reg[0][4][15]_i_1/CI
    SLICE_X41Y75         CARRY4 (Prop_carry4_CI_CO[3])
                                                      0.114    11.277 r  cnn_accelerator_system_i/cnn_accelerator_wino_0/inst/conv2/u_ot/yre_reg[0][4][15]_i_1/CO[3]
                         net (fo=1, routed)           0.000    11.277    cnn_accelerator_system_i/cnn_accelerator_wino_0/inst/conv2/u_ot/yre_reg[0][4][15]_i_1_n_0
    SLICE_X41Y76                                                      r  cnn_accelerator_system_i/cnn_accelerator_wino_0/inst/conv2/u_ot/yre_reg[0][4][19]_i_1/CI
    SLICE_X41Y76         CARRY4 (Prop_carry4_CI_CO[3])
                                                      0.114    11.391 r  cnn_accelerator_system_i/cnn_accelerator_wino_0/inst/conv2/u_ot/yre_reg[0][4][19]_i_1/CO[3]
                         net (fo=1, routed)           0.000    11.391    cnn_accelerator_system_i/cnn_accelerator_wino_0/inst/conv2/u_ot/yre_reg[0][4][19]_i_1_n_0
    SLICE_X41Y77                                                      r  cnn_accelerator_system_i/cnn_accelerator_wino_0/inst/conv2/u_ot/yre_reg[0][4][23]_i_1/CI
    SLICE_X41Y77         CARRY4 (Prop_carry4_CI_CO[3])
                                                      0.114    11.505 r  cnn_accelerator_system_i/cnn_accelerator_wino_0/inst/conv2/u_ot/yre_reg[0][4][23]_i_1/CO[3]
                         net (fo=1, routed)           0.000    11.505    cnn_accelerator_system_i/cnn_accelerator_wino_0/inst/conv2/u_ot/yre_reg[0][4][23]_i_1_n_0
    SLICE_X41Y78                                                      r  cnn_accelerator_system_i/cnn_accelerator_wino_0/inst/conv2/u_ot/yre_reg[0][4][27]_i_1/CI
    SLICE_X41Y78         CARRY4 (Prop_carry4_CI_O[1])
                                                      0.334    11.839 r  cnn_accelerator_system_i/cnn_accelerator_wino_0/inst/conv2/u_ot/yre_reg[0][4][27]_i_1/O[1]
                         net (fo=1, routed)           0.000    11.839    cnn_accelerator_system_i/cnn_accelerator_wino_0/inst/conv2/u_ot/yre_c[0][4]_1084[25]
    SLICE_X41Y78         FDRE                                         r  cnn_accelerator_system_i/cnn_accelerator_wino_0/inst/conv2/u_ot/yre_reg[0][4][25]/D
  -------------------------------------------------------------------    -------------------

                         (clock clk_out3_cnn_accelerator_system_clk_wiz_0_0 rise edge)
                                                      5.000     5.000 r  
    E3                                                0.000     5.000 r  CLK100MHZ (IN)
                         net (fo=0)                   0.000     5.000    CLK100MHZ
    E3                                                                r  CLK100MHZ_IBUF_inst/I
    E3                   IBUF (Prop_ibuf_I_O)         1.411     6.411 r  CLK100MHZ_IBUF_inst/O
                         net (fo=1, routed)           1.920     8.331    cnn_accelerator_system_i/util_ds_buf_0/U0/BUFG_I[0]
    BUFGCTRL_X0Y16                                                    r  cnn_accelerator_system_i/util_ds_buf_0/U0/USE_BUFG.GEN_BUFG[0].BUFG_U/I
    BUFGCTRL_X0Y16       BUFG (Prop_bufg_I_O)         0.091     8.422 r  cnn_accelerator_system_i/util_ds_buf_0/U0/USE_BUFG.GEN_BUFG[0].BUFG_U/O
                         net (fo=2, routed)           1.683    10.105    cnn_accelerator_system_i/clk_wiz_0/inst/clk_in1
    MMCME2_ADV_X0Y0                                                   r  cnn_accelerator_system_i/clk_wiz_0/inst/mmcm_adv_inst/CLKIN1
    MMCME2_ADV_X0Y0      MMCME2_ADV (Prop_mmcme2_adv_CLKIN1_CLKOUT2)
                                                     -3.694     6.411 r  cnn_accelerator_system_i/clk_wiz_0/inst/mmcm_adv_inst/CLKOUT2
                         net (fo=1, routed)           1.923     8.334    cnn_accelerator_system_i/clk_wiz_0/inst/clk_out3_cnn_accelerator_system_clk_wiz_0_0
    BUFGCTRL_X0Y2                                                     r  cnn_accelerator_system_i/clk_wiz_0/inst/clkout3_buf/I
    BUFGCTRL_X0Y2        BUFG (Prop_bufg_I_O)         0.091     8.425 r  cnn_accelerator_system_i/clk_wiz_0/inst/clkout3_buf/O
                         net (fo=37889, routed)       1.503     9.929    cnn_accelerator_system_i/cnn_accelerator_wino_0/inst/conv2/u_ot/clk
    SLICE_X41Y78         FDRE                                         r  cnn_accelerator_system_i/cnn_accelerator_wino_0/inst/conv2/u_ot/yre_reg[0][4][25]/C
                         clock pessimism              0.187    10.116    
                         clock uncertainty           -0.067    10.049    
    SLICE_X41Y78         FDRE (Setup_fdre_C_D)        0.062    10.111    cnn_accelerator_system_i/cnn_accelerator_wino_0/inst/conv2/u_ot/yre_reg[0][4][25]
  -------------------------------------------------------------------
                         required time                         10.111    
                         arrival time                         -11.839    
  -------------------------------------------------------------------
                         slack                                 -1.728    

Slack (VIOLATED) :        -1.714ns  (required time - arrival time)
  Source:                 cnn_accelerator_system_i/cnn_accelerator_wino_0/inst/conv2/m_im_flat_reg[231]/C
                            (rising edge-triggered cell FDRE clocked by clk_out3_cnn_accelerator_system_clk_wiz_0_0  {rise@0.000ns fall@2.500ns period=5.000ns})
  Destination:            cnn_accelerator_system_i/cnn_accelerator_wino_0/inst/conv2/u_ot/yim_reg[3][3][27]/D
                            (rising edge-triggered cell FDRE clocked by clk_out3_cnn_accelerator_system_clk_wiz_0_0  {rise@0.000ns fall@2.500ns period=5.000ns})
  Path Group:             clk_out3_cnn_accelerator_system_clk_wiz_0_0
  Path Type:              Setup (Max at Slow Process Corner)
  Requirement:            5.000ns  (clk_out3_cnn_accelerator_system_clk_wiz_0_0 rise@5.000ns - clk_out3_cnn_accelerator_system_clk_wiz_0_0 rise@0.000ns)
  Data Path Delay:        6.600ns  (logic 3.448ns (52.240%)  route 3.152ns (47.760%))
  Logic Levels:           10  (CARRY4=6 LUT3=2 LUT4=2)
  Clock Path Skew:        -0.109ns (DCD - SCD + CPR)
    Destination Clock Delay (DCD):    4.919ns = ( 9.919 - 5.000 ) 
    Source Clock Delay      (SCD):    5.215ns
    Clock Pessimism Removal (CPR):    0.187ns
  Clock Uncertainty:      0.067ns  ((TSJ^2 + DJ^2)^1/2) / 2 + PE
    Total System Jitter     (TSJ):    0.071ns
    Discrete Jitter          (DJ):    0.113ns
    Phase Error              (PE):    0.000ns

    Location             Delay type                Incr(ns)  Path(ns)    Netlist Resource(s)
  -------------------------------------------------------------------    -------------------
                         (clock clk_out3_cnn_accelerator_system_clk_wiz_0_0 rise edge)
                                                      0.000     0.000 r  
    E3                                                0.000     0.000 r  CLK100MHZ (IN)
                         net (fo=0)                   0.000     0.000    CLK100MHZ
    E3                                                                r  CLK100MHZ_IBUF_inst/I
    E3                   IBUF (Prop_ibuf_I_O)         1.482     1.482 r  CLK100MHZ_IBUF_inst/O
                         net (fo=1, routed)           2.025     3.506    cnn_accelerator_system_i/util_ds_buf_0/U0/BUFG_I[0]
    BUFGCTRL_X0Y16                                                    r  cnn_accelerator_system_i/util_ds_buf_0/U0/USE_BUFG.GEN_BUFG[0].BUFG_U/I
    BUFGCTRL_X0Y16       BUFG (Prop_bufg_I_O)         0.096     3.602 r  cnn_accelerator_system_i/util_ds_buf_0/U0/USE_BUFG.GEN_BUFG[0].BUFG_U/O
                         net (fo=2, routed)           1.809     5.412    cnn_accelerator_system_i/clk_wiz_0/inst/clk_in1
    MMCME2_ADV_X0Y0                                                   r  cnn_accelerator_system_i/clk_wiz_0/inst/mmcm_adv_inst/CLKIN1
    MMCME2_ADV_X0Y0      MMCME2_ADV (Prop_mmcme2_adv_CLKIN1_CLKOUT2)
                                                     -3.922     1.490 r  cnn_accelerator_system_i/clk_wiz_0/inst/mmcm_adv_inst/CLKOUT2
                         net (fo=1, routed)           2.018     3.508    cnn_accelerator_system_i/clk_wiz_0/inst/clk_out3_cnn_accelerator_system_clk_wiz_0_0
    BUFGCTRL_X0Y2                                                     r  cnn_accelerator_system_i/clk_wiz_0/inst/clkout3_buf/I
    BUFGCTRL_X0Y2        BUFG (Prop_bufg_I_O)         0.096     3.604 r  cnn_accelerator_system_i/clk_wiz_0/inst/clkout3_buf/O
                         net (fo=37889, routed)       1.610     5.215    cnn_accelerator_system_i/cnn_accelerator_wino_0/inst/conv2/clk
    SLICE_X56Y78         FDRE                                         r  cnn_accelerator_system_i/cnn_accelerator_wino_0/inst/conv2/m_im_flat_reg[231]/C
  -------------------------------------------------------------------    -------------------
    SLICE_X56Y78         FDRE (Prop_fdre_C_Q)         0.518     5.733 r  cnn_accelerator_system_i/cnn_accelerator_wino_0/inst/conv2/m_im_flat_reg[231]/Q
                         net (fo=8, routed)           1.111     6.844    cnn_accelerator_system_i/cnn_accelerator_wino_0/inst/conv2/u_ot/yim_reg[3][4][27]_i_2_0[56]
    SLICE_X53Y68                                                      r  cnn_accelerator_system_i/cnn_accelerator_wino_0/inst/conv2/u_ot/yim[3][3][11]_i_11/I2
    SLICE_X53Y68         LUT3 (Prop_lut3_I2_O)        0.153     6.997 r  cnn_accelerator_system_i/cnn_accelerator_wino_0/inst/conv2/u_ot/yim[3][3][11]_i_11/O
                         net (fo=2, routed)           0.690     7.687    cnn_accelerator_system_i/cnn_accelerator_wino_0/inst/conv2/u_ot/yim[3][3][11]_i_11_n_0
    SLICE_X53Y68                                                      r  cnn_accelerator_system_i/cnn_accelerator_wino_0/inst/conv2/u_ot/yim[3][3][11]_i_15/I3
    SLICE_X53Y68         LUT4 (Prop_lut4_I3_O)        0.327     8.014 r  cnn_accelerator_system_i/cnn_accelerator_wino_0/inst/conv2/u_ot/yim[3][3][11]_i_15/O
                         net (fo=1, routed)           0.000     8.014    cnn_accelerator_system_i/cnn_accelerator_wino_0/inst/conv2/u_ot/yim[3][3][11]_i_15_n_0
    SLICE_X53Y68                                                      r  cnn_accelerator_system_i/cnn_accelerator_wino_0/inst/conv2/u_ot/yim_reg[3][3][11]_i_10/S[3]
    SLICE_X53Y68         CARRY4 (Prop_carry4_S[3]_CO[3])
                                                      0.401     8.415 r  cnn_accelerator_system_i/cnn_accelerator_wino_0/inst/conv2/u_ot/yim_reg[3][3][11]_i_10/CO[3]
                         net (fo=1, routed)           0.000     8.415    cnn_accelerator_system_i/cnn_accelerator_wino_0/inst/conv2/u_ot/yim_reg[3][3][11]_i_10_n_0
    SLICE_X53Y69                                                      r  cnn_accelerator_system_i/cnn_accelerator_wino_0/inst/conv2/u_ot/yim_reg[3][3][15]_i_10/CI
    SLICE_X53Y69         CARRY4 (Prop_carry4_CI_CO[3])
                                                      0.114     8.529 r  cnn_accelerator_system_i/cnn_accelerator_wino_0/inst/conv2/u_ot/yim_reg[3][3][15]_i_10/CO[3]
                         net (fo=1, routed)           0.000     8.529    cnn_accelerator_system_i/cnn_accelerator_wino_0/inst/conv2/u_ot/yim_reg[3][3][15]_i_10_n_0
    SLICE_X53Y70                                                      r  cnn_accelerator_system_i/cnn_accelerator_wino_0/inst/conv2/u_ot/yim_reg[3][3][19]_i_10/CI
    SLICE_X53Y70         CARRY4 (Prop_carry4_CI_CO[3])
                                                      0.114     8.643 r  cnn_accelerator_system_i/cnn_accelerator_wino_0/inst/conv2/u_ot/yim_reg[3][3][19]_i_10/CO[3]
                         net (fo=1, routed)           0.000     8.643    cnn_accelerator_system_i/cnn_accelerator_wino_0/inst/conv2/u_ot/yim_reg[3][3][19]_i_10_n_0
    SLICE_X53Y71                                                      r  cnn_accelerator_system_i/cnn_accelerator_wino_0/inst/conv2/u_ot/yim_reg[3][3][23]_i_10/CI
    SLICE_X53Y71         CARRY4 (Prop_carry4_CI_O[3])
                                                      0.313     8.956 r  cnn_accelerator_system_i/cnn_accelerator_wino_0/inst/conv2/u_ot/yim_reg[3][3][23]_i_10/O[3]
                         net (fo=2, routed)           0.871     9.827    cnn_accelerator_system_i/cnn_accelerator_wino_0/inst/conv2/u_ot/yim_reg[3][3][23]_i_10_n_4
    SLICE_X51Y74                                                      r  cnn_accelerator_system_i/cnn_accelerator_wino_0/inst/conv2/u_ot/yim[3][3][23]_i_5/I0
    SLICE_X51Y74         LUT3 (Prop_lut3_I0_O)        0.331    10.158 r  cnn_accelerator_system_i/cnn_accelerator_wino_0/inst/conv2/u_ot/yim[3][3][23]_i_5/O
                         net (fo=2, routed)           0.480    10.638    cnn_accelerator_system_i/cnn_accelerator_wino_0/inst/conv2/u_ot/yim[3][3][23]_i_5_n_0
    SLICE_X51Y75                                                      r  cnn_accelerator_system_i/cnn_accelerator_wino_0/inst/conv2/u_ot/yim[3][3][23]_i_9/I3
    SLICE_X51Y75         LUT4 (Prop_lut4_I3_O)        0.332    10.970 r  cnn_accelerator_system_i/cnn_accelerator_wino_0/inst/conv2/u_ot/yim[3][3][23]_i_9/O
                         net (fo=1, routed)           0.000    10.970    cnn_accelerator_system_i/cnn_accelerator_wino_0/inst/conv2/u_ot/yim[3][3][23]_i_9_n_0
    SLICE_X51Y75                                                      r  cnn_accelerator_system_i/cnn_accelerator_wino_0/inst/conv2/u_ot/yim_reg[3][3][23]_i_1/S[0]
    SLICE_X51Y75         CARRY4 (Prop_carry4_S[0]_CO[3])
                                                      0.532    11.502 r  cnn_accelerator_system_i/cnn_accelerator_wino_0/inst/conv2/u_ot/yim_reg[3][3][23]_i_1/CO[3]
                         net (fo=1, routed)           0.000    11.502    cnn_accelerator_system_i/cnn_accelerator_wino_0/inst/conv2/u_ot/yim_reg[3][3][23]_i_1_n_0
    SLICE_X51Y76                                                      r  cnn_accelerator_system_i/cnn_accelerator_wino_0/inst/conv2/u_ot/yim_reg[3][3][27]_i_1/CI
    SLICE_X51Y76         CARRY4 (Prop_carry4_CI_O[3])
                                                      0.313    11.815 r  cnn_accelerator_system_i/cnn_accelerator_wino_0/inst/conv2/u_ot/yim_reg[3][3][27]_i_1/O[3]
                         net (fo=1, routed)           0.000    11.815    cnn_accelerator_system_i/cnn_accelerator_wino_0/inst/conv2/u_ot/yim_c[3][3]_1097[27]
    SLICE_X51Y76         FDRE                                         r  cnn_accelerator_system_i/cnn_accelerator_wino_0/inst/conv2/u_ot/yim_reg[3][3][27]/D
  -------------------------------------------------------------------    -------------------

                         (clock clk_out3_cnn_accelerator_system_clk_wiz_0_0 rise edge)
                                                      5.000     5.000 r  
    E3                                                0.000     5.000 r  CLK100MHZ (IN)
                         net (fo=0)                   0.000     5.000    CLK100MHZ
    E3                                                                r  CLK100MHZ_IBUF_inst/I
    E3                   IBUF (Prop_ibuf_I_O)         1.411     6.411 r  CLK100MHZ_IBUF_inst/O
                         net (fo=1, routed)           1.920     8.331    cnn_accelerator_system_i/util_ds_buf_0/U0/BUFG_I[0]
    BUFGCTRL_X0Y16                                                    r  cnn_accelerator_system_i/util_ds_buf_0/U0/USE_BUFG.GEN_BUFG[0].BUFG_U/I
    BUFGCTRL_X0Y16       BUFG (Prop_bufg_I_O)         0.091     8.422 r  cnn_accelerator_system_i/util_ds_buf_0/U0/USE_BUFG.GEN_BUFG[0].BUFG_U/O
                         net (fo=2, routed)           1.683    10.105    cnn_accelerator_system_i/clk_wiz_0/inst/clk_in1
    MMCME2_ADV_X0Y0                                                   r  cnn_accelerator_system_i/clk_wiz_0/inst/mmcm_adv_inst/CLKIN1
    MMCME2_ADV_X0Y0      MMCME2_ADV (Prop_mmcme2_adv_CLKIN1_CLKOUT2)
                                                     -3.694     6.411 r  cnn_accelerator_system_i/clk_wiz_0/inst/mmcm_adv_inst/CLKOUT2
                         net (fo=1, routed)           1.923     8.334    cnn_accelerator_system_i/clk_wiz_0/inst/clk_out3_cnn_accelerator_system_clk_wiz_0_0
    BUFGCTRL_X0Y2                                                     r  cnn_accelerator_system_i/clk_wiz_0/inst/clkout3_buf/I
    BUFGCTRL_X0Y2        BUFG (Prop_bufg_I_O)         0.091     8.425 r  cnn_accelerator_system_i/clk_wiz_0/inst/clkout3_buf/O
                         net (fo=37889, routed)       1.493     9.919    cnn_accelerator_system_i/cnn_accelerator_wino_0/inst/conv2/u_ot/clk
    SLICE_X51Y76         FDRE                                         r  cnn_accelerator_system_i/cnn_accelerator_wino_0/inst/conv2/u_ot/yim_reg[3][3][27]/C
                         clock pessimism              0.187    10.106    
                         clock uncertainty           -0.067    10.039    
    SLICE_X51Y76         FDRE (Setup_fdre_C_D)        0.062    10.101    cnn_accelerator_system_i/cnn_accelerator_wino_0/inst/conv2/u_ot/yim_reg[3][3][27]
  -------------------------------------------------------------------
                         required time                         10.101    
                         arrival time                         -11.815    
  -------------------------------------------------------------------
                         slack                                 -1.714    

Slack (VIOLATED) :        -1.707ns  (required time - arrival time)
  Source:                 cnn_accelerator_system_i/cnn_accelerator_wino_0/inst/conv2/m_re_flat_reg[702]/C
                            (rising edge-triggered cell FDRE clocked by clk_out3_cnn_accelerator_system_clk_wiz_0_0  {rise@0.000ns fall@2.500ns period=5.000ns})
  Destination:            cnn_accelerator_system_i/cnn_accelerator_wino_0/inst/conv2/u_ot/yre_reg[0][4][27]/D
                            (rising edge-triggered cell FDRE clocked by clk_out3_cnn_accelerator_system_clk_wiz_0_0  {rise@0.000ns fall@2.500ns period=5.000ns})
  Path Group:             clk_out3_cnn_accelerator_system_clk_wiz_0_0
  Path Type:              Setup (Max at Slow Process Corner)
  Requirement:            5.000ns  (clk_out3_cnn_accelerator_system_clk_wiz_0_0 rise@5.000ns - clk_out3_cnn_accelerator_system_clk_wiz_0_0 rise@0.000ns)
  Data Path Delay:        6.607ns  (logic 3.266ns (49.429%)  route 3.341ns (50.571%))
  Logic Levels:           12  (CARRY4=8 LUT3=2 LUT4=2)
  Clock Path Skew:        -0.095ns (DCD - SCD + CPR)
    Destination Clock Delay (DCD):    4.929ns = ( 9.929 - 5.000 ) 
    Source Clock Delay      (SCD):    5.211ns
    Clock Pessimism Removal (CPR):    0.187ns
  Clock Uncertainty:      0.067ns  ((TSJ^2 + DJ^2)^1/2) / 2 + PE
    Total System Jitter     (TSJ):    0.071ns
    Discrete Jitter          (DJ):    0.113ns
    Phase Error              (PE):    0.000ns

    Location             Delay type                Incr(ns)  Path(ns)    Netlist Resource(s)
  -------------------------------------------------------------------    -------------------
                         (clock clk_out3_cnn_accelerator_system_clk_wiz_0_0 rise edge)
                                                      0.000     0.000 r  
    E3                                                0.000     0.000 r  CLK100MHZ (IN)
                         net (fo=0)                   0.000     0.000    CLK100MHZ
    E3                                                                r  CLK100MHZ_IBUF_inst/I
    E3                   IBUF (Prop_ibuf_I_O)         1.482     1.482 r  CLK100MHZ_IBUF_inst/O
                         net (fo=1, routed)           2.025     3.506    cnn_accelerator_system_i/util_ds_buf_0/U0/BUFG_I[0]
    BUFGCTRL_X0Y16                                                    r  cnn_accelerator_system_i/util_ds_buf_0/U0/USE_BUFG.GEN_BUFG[0].BUFG_U/I
    BUFGCTRL_X0Y16       BUFG (Prop_bufg_I_O)         0.096     3.602 r  cnn_accelerator_system_i/util_ds_buf_0/U0/USE_BUFG.GEN_BUFG[0].BUFG_U/O
                         net (fo=2, routed)           1.809     5.412    cnn_accelerator_system_i/clk_wiz_0/inst/clk_in1
    MMCME2_ADV_X0Y0                                                   r  cnn_accelerator_system_i/clk_wiz_0/inst/mmcm_adv_inst/CLKIN1
    MMCME2_ADV_X0Y0      MMCME2_ADV (Prop_mmcme2_adv_CLKIN1_CLKOUT2)
                                                     -3.922     1.490 r  cnn_accelerator_system_i/clk_wiz_0/inst/mmcm_adv_inst/CLKOUT2
                         net (fo=1, routed)           2.018     3.508    cnn_accelerator_system_i/clk_wiz_0/inst/clk_out3_cnn_accelerator_system_clk_wiz_0_0
    BUFGCTRL_X0Y2                                                     r  cnn_accelerator_system_i/clk_wiz_0/inst/clkout3_buf/I
    BUFGCTRL_X0Y2        BUFG (Prop_bufg_I_O)         0.096     3.604 r  cnn_accelerator_system_i/clk_wiz_0/inst/clkout3_buf/O
                         net (fo=37889, routed)       1.606     5.211    cnn_accelerator_system_i/cnn_accelerator_wino_0/inst/conv2/clk
    SLICE_X52Y72         FDRE                                         r  cnn_accelerator_system_i/cnn_accelerator_wino_0/inst/conv2/m_re_flat_reg[702]/C
  -------------------------------------------------------------------    -------------------
    SLICE_X52Y72         FDRE (Prop_fdre_C_Q)         0.456     5.667 r  cnn_accelerator_system_i/cnn_accelerator_wino_0/inst/conv2/m_re_flat_reg[702]/Q
                         net (fo=19, routed)          1.166     6.833    cnn_accelerator_system_i/cnn_accelerator_wino_0/inst/conv2/u_ot/Q[502]
    SLICE_X45Y70                                                      r  cnn_accelerator_system_i/cnn_accelerator_wino_0/inst/conv2/u_ot/yre[0][3][7]_i_11/I2
    SLICE_X45Y70         LUT3 (Prop_lut3_I2_O)        0.154     6.987 r  cnn_accelerator_system_i/cnn_accelerator_wino_0/inst/conv2/u_ot/yre[0][3][7]_i_11/O
                         net (fo=4, routed)           0.721     7.708    cnn_accelerator_system_i/cnn_accelerator_wino_0/inst/conv2/u_ot/yre[0][3][7]_i_11_n_0
    SLICE_X45Y70                                                      r  cnn_accelerator_system_i/cnn_accelerator_wino_0/inst/conv2/u_ot/yre[0][4][7]_i_11/I3
    SLICE_X45Y70         LUT4 (Prop_lut4_I3_O)        0.327     8.035 r  cnn_accelerator_system_i/cnn_accelerator_wino_0/inst/conv2/u_ot/yre[0][4][7]_i_11/O
                         net (fo=1, routed)           0.000     8.035    cnn_accelerator_system_i/cnn_accelerator_wino_0/inst/conv2/u_ot/yre[0][4][7]_i_11_n_0
    SLICE_X45Y70                                                      r  cnn_accelerator_system_i/cnn_accelerator_wino_0/inst/conv2/u_ot/yre_reg[0][4][7]_i_10/S[3]
    SLICE_X45Y70         CARRY4 (Prop_carry4_S[3]_CO[3])
                                                      0.401     8.436 r  cnn_accelerator_system_i/cnn_accelerator_wino_0/inst/conv2/u_ot/yre_reg[0][4][7]_i_10/CO[3]
                         net (fo=1, routed)           0.000     8.436    cnn_accelerator_system_i/cnn_accelerator_wino_0/inst/conv2/u_ot/yre_reg[0][4][7]_i_10_n_0
    SLICE_X45Y71                                                      r  cnn_accelerator_system_i/cnn_accelerator_wino_0/inst/conv2/u_ot/yre_reg[0][4][11]_i_10/CI
    SLICE_X45Y71         CARRY4 (Prop_carry4_CI_CO[3])
                                                      0.114     8.550 r  cnn_accelerator_system_i/cnn_accelerator_wino_0/inst/conv2/u_ot/yre_reg[0][4][11]_i_10/CO[3]
                         net (fo=1, routed)           0.000     8.550    cnn_accelerator_system_i/cnn_accelerator_wino_0/inst/conv2/u_ot/yre_reg[0][4][11]_i_10_n_0
    SLICE_X45Y72                                                      r  cnn_accelerator_system_i/cnn_accelerator_wino_0/inst/conv2/u_ot/yre_reg[0][4][15]_i_10/CI
    SLICE_X45Y72         CARRY4 (Prop_carry4_CI_O[1])
                                                      0.334     8.884 r  cnn_accelerator_system_i/cnn_accelerator_wino_0/inst/conv2/u_ot/yre_reg[0][4][15]_i_10/O[1]
                         net (fo=2, routed)           0.465     9.349    cnn_accelerator_system_i/cnn_accelerator_wino_0/inst/conv2/u_ot/yre_reg[0][4][15]_i_10_n_6
    SLICE_X46Y73                                                      r  cnn_accelerator_system_i/cnn_accelerator_wino_0/inst/conv2/u_ot/yre[0][4][11]_i_3/I1
    SLICE_X46Y73         LUT3 (Prop_lut3_I1_O)        0.303     9.652 r  cnn_accelerator_system_i/cnn_accelerator_wino_0/inst/conv2/u_ot/yre[0][4][11]_i_3/O
                         net (fo=2, routed)           0.980    10.632    cnn_accelerator_system_i/cnn_accelerator_wino_0/inst/conv2/u_ot/yre[0][4][11]_i_3_n_0
    SLICE_X41Y74                                                      r  cnn_accelerator_system_i/cnn_accelerator_wino_0/inst/conv2/u_ot/yre[0][4][11]_i_7/I3
    SLICE_X41Y74         LUT4 (Prop_lut4_I3_O)        0.124    10.756 r  cnn_accelerator_system_i/cnn_accelerator_wino_0/inst/conv2/u_ot/yre[0][4][11]_i_7/O
                         net (fo=1, routed)           0.000    10.756    cnn_accelerator_system_i/cnn_accelerator_wino_0/inst/conv2/u_ot/yre[0][4][11]_i_7_n_0
    SLICE_X41Y74                                                      r  cnn_accelerator_system_i/cnn_accelerator_wino_0/inst/conv2/u_ot/yre_reg[0][4][11]_i_1/S[2]
    SLICE_X41Y74         CARRY4 (Prop_carry4_S[2]_CO[3])
                                                      0.398    11.154 r  cnn_accelerator_system_i/cnn_accelerator_wino_0/inst/conv2/u_ot/yre_reg[0][4][11]_i_1/CO[3]
                         net (fo=1, routed)           0.009    11.163    cnn_accelerator_system_i/cnn_accelerator_wino_0/inst/conv2/u_ot/yre_reg[0][4][11]_i_1_n_0
    SLICE_X41Y75                                                      r  cnn_accelerator_system_i/cnn_accelerator_wino_0/inst/conv2/u_ot/yre_reg[0][4][15]_i_1/CI
    SLICE_X41Y75         CARRY4 (Prop_carry4_CI_CO[3])
                                                      0.114    11.277 r  cnn_accelerator_system_i/cnn_accelerator_wino_0/inst/conv2/u_ot/yre_reg[0][4][15]_i_1/CO[3]
                         net (fo=1, routed)           0.000    11.277    cnn_accelerator_system_i/cnn_accelerator_wino_0/inst/conv2/u_ot/yre_reg[0][4][15]_i_1_n_0
    SLICE_X41Y76                                                      r  cnn_accelerator_system_i/cnn_accelerator_wino_0/inst/conv2/u_ot/yre_reg[0][4][19]_i_1/CI
    SLICE_X41Y76         CARRY4 (Prop_carry4_CI_CO[3])
                                                      0.114    11.391 r  cnn_accelerator_system_i/cnn_accelerator_wino_0/inst/conv2/u_ot/yre_reg[0][4][19]_i_1/CO[3]
                         net (fo=1, routed)           0.000    11.391    cnn_accelerator_system_i/cnn_accelerator_wino_0/inst/conv2/u_ot/yre_reg[0][4][19]_i_1_n_0
    SLICE_X41Y77                                                      r  cnn_accelerator_system_i/cnn_accelerator_wino_0/inst/conv2/u_ot/yre_reg[0][4][23]_i_1/CI
    SLICE_X41Y77         CARRY4 (Prop_carry4_CI_CO[3])
                                                      0.114    11.505 r  cnn_accelerator_system_i/cnn_accelerator_wino_0/inst/conv2/u_ot/yre_reg[0][4][23]_i_1/CO[3]
                         net (fo=1, routed)           0.000    11.505    cnn_accelerator_system_i/cnn_accelerator_wino_0/inst/conv2/u_ot/yre_reg[0][4][23]_i_1_n_0
    SLICE_X41Y78                                                      r  cnn_accelerator_system_i/cnn_accelerator_wino_0/inst/conv2/u_ot/yre_reg[0][4][27]_i_1/CI
    SLICE_X41Y78         CARRY4 (Prop_carry4_CI_O[3])
                                                      0.313    11.818 r  cnn_accelerator_system_i/cnn_accelerator_wino_0/inst/conv2/u_ot/yre_reg[0][4][27]_i_1/O[3]
                         net (fo=1, routed)           0.000    11.818    cnn_accelerator_system_i/cnn_accelerator_wino_0/inst/conv2/u_ot/yre_c[0][4]_1084[27]
    SLICE_X41Y78         FDRE                                         r  cnn_accelerator_system_i/cnn_accelerator_wino_0/inst/conv2/u_ot/yre_reg[0][4][27]/D
  -------------------------------------------------------------------    -------------------

                         (clock clk_out3_cnn_accelerator_system_clk_wiz_0_0 rise edge)
                                                      5.000     5.000 r  
    E3                                                0.000     5.000 r  CLK100MHZ (IN)
                         net (fo=0)                   0.000     5.000    CLK100MHZ
    E3                                                                r  CLK100MHZ_IBUF_inst/I
    E3                   IBUF (Prop_ibuf_I_O)         1.411     6.411 r  CLK100MHZ_IBUF_inst/O
                         net (fo=1, routed)           1.920     8.331    cnn_accelerator_system_i/util_ds_buf_0/U0/BUFG_I[0]
    BUFGCTRL_X0Y16                                                    r  cnn_accelerator_system_i/util_ds_buf_0/U0/USE_BUFG.GEN_BUFG[0].BUFG_U/I
    BUFGCTRL_X0Y16       BUFG (Prop_bufg_I_O)         0.091     8.422 r  cnn_accelerator_system_i/util_ds_buf_0/U0/USE_BUFG.GEN_BUFG[0].BUFG_U/O
                         net (fo=2, routed)           1.683    10.105    cnn_accelerator_system_i/clk_wiz_0/inst/clk_in1
    MMCME2_ADV_X0Y0                                                   r  cnn_accelerator_system_i/clk_wiz_0/inst/mmcm_adv_inst/CLKIN1
    MMCME2_ADV_X0Y0      MMCME2_ADV (Prop_mmcme2_adv_CLKIN1_CLKOUT2)
                                                     -3.694     6.411 r  cnn_accelerator_system_i/clk_wiz_0/inst/mmcm_adv_inst/CLKOUT2
                         net (fo=1, routed)           1.923     8.334    cnn_accelerator_system_i/clk_wiz_0/inst/clk_out3_cnn_accelerator_system_clk_wiz_0_0
    BUFGCTRL_X0Y2                                                     r  cnn_accelerator_system_i/clk_wiz_0/inst/clkout3_buf/I
    BUFGCTRL_X0Y2        BUFG (Prop_bufg_I_O)         0.091     8.425 r  cnn_accelerator_system_i/clk_wiz_0/inst/clkout3_buf/O
                         net (fo=37889, routed)       1.503     9.929    cnn_accelerator_system_i/cnn_accelerator_wino_0/inst/conv2/u_ot/clk
    SLICE_X41Y78         FDRE                                         r  cnn_accelerator_system_i/cnn_accelerator_wino_0/inst/conv2/u_ot/yre_reg[0][4][27]/C
                         clock pessimism              0.187    10.116    
                         clock uncertainty           -0.067    10.049    
    SLICE_X41Y78         FDRE (Setup_fdre_C_D)        0.062    10.111    cnn_accelerator_system_i/cnn_accelerator_wino_0/inst/conv2/u_ot/yre_reg[0][4][27]
  -------------------------------------------------------------------
                         required time                         10.111    
                         arrival time                         -11.818    
  -------------------------------------------------------------------
                         slack                                 -1.707    

Slack (VIOLATED) :        -1.680ns  (required time - arrival time)
  Source:                 cnn_accelerator_system_i/cnn_accelerator_wino_0/inst/conv2/m_im_flat_reg[552]/C
                            (rising edge-triggered cell FDRE clocked by clk_out3_cnn_accelerator_system_clk_wiz_0_0  {rise@0.000ns fall@2.500ns period=5.000ns})
  Destination:            cnn_accelerator_system_i/cnn_accelerator_wino_0/inst/conv2/u_ot/yim_reg[0][4][8]/D
                            (rising edge-triggered cell FDRE clocked by clk_out3_cnn_accelerator_system_clk_wiz_0_0  {rise@0.000ns fall@2.500ns period=5.000ns})
  Path Group:             clk_out3_cnn_accelerator_system_clk_wiz_0_0
  Path Type:              Setup (Max at Slow Process Corner)
  Requirement:            5.000ns  (clk_out3_cnn_accelerator_system_clk_wiz_0_0 rise@5.000ns - clk_out3_cnn_accelerator_system_clk_wiz_0_0 rise@0.000ns)
  Data Path Delay:        6.286ns  (logic 2.835ns (45.098%)  route 3.451ns (54.902%))
  Logic Levels:           8  (CARRY4=4 LUT3=2 LUT4=2)
  Clock Path Skew:        -0.107ns (DCD - SCD + CPR)
    Destination Clock Delay (DCD):    4.929ns = ( 9.929 - 5.000 ) 
    Source Clock Delay      (SCD):    5.223ns
    Clock Pessimism Removal (CPR):    0.187ns
  Clock Uncertainty:      0.067ns  ((TSJ^2 + DJ^2)^1/2) / 2 + PE
    Total System Jitter     (TSJ):    0.071ns
    Discrete Jitter          (DJ):    0.113ns
    Phase Error              (PE):    0.000ns

    Location             Delay type                Incr(ns)  Path(ns)    Netlist Resource(s)
  -------------------------------------------------------------------    -------------------
                         (clock clk_out3_cnn_accelerator_system_clk_wiz_0_0 rise edge)
                                                      0.000     0.000 r  
    E3                                                0.000     0.000 r  CLK100MHZ (IN)
                         net (fo=0)                   0.000     0.000    CLK100MHZ
    E3                                                                r  CLK100MHZ_IBUF_inst/I
    E3                   IBUF (Prop_ibuf_I_O)         1.482     1.482 r  CLK100MHZ_IBUF_inst/O
                         net (fo=1, routed)           2.025     3.506    cnn_accelerator_system_i/util_ds_buf_0/U0/BUFG_I[0]
    BUFGCTRL_X0Y16                                                    r  cnn_accelerator_system_i/util_ds_buf_0/U0/USE_BUFG.GEN_BUFG[0].BUFG_U/I
    BUFGCTRL_X0Y16       BUFG (Prop_bufg_I_O)         0.096     3.602 r  cnn_accelerator_system_i/util_ds_buf_0/U0/USE_BUFG.GEN_BUFG[0].BUFG_U/O
                         net (fo=2, routed)           1.809     5.412    cnn_accelerator_system_i/clk_wiz_0/inst/clk_in1
    MMCME2_ADV_X0Y0                                                   r  cnn_accelerator_system_i/clk_wiz_0/inst/mmcm_adv_inst/CLKIN1
    MMCME2_ADV_X0Y0      MMCME2_ADV (Prop_mmcme2_adv_CLKIN1_CLKOUT2)
                                                     -3.922     1.490 r  cnn_accelerator_system_i/clk_wiz_0/inst/mmcm_adv_inst/CLKOUT2
                         net (fo=1, routed)           2.018     3.508    cnn_accelerator_system_i/clk_wiz_0/inst/clk_out3_cnn_accelerator_system_clk_wiz_0_0
    BUFGCTRL_X0Y2                                                     r  cnn_accelerator_system_i/clk_wiz_0/inst/clkout3_buf/I
    BUFGCTRL_X0Y2        BUFG (Prop_bufg_I_O)         0.096     3.604 r  cnn_accelerator_system_i/clk_wiz_0/inst/clkout3_buf/O
                         net (fo=37889, routed)       1.618     5.223    cnn_accelerator_system_i/cnn_accelerator_wino_0/inst/conv2/clk
    SLICE_X52Y86         FDRE                                         r  cnn_accelerator_system_i/cnn_accelerator_wino_0/inst/conv2/m_im_flat_reg[552]/C
  -------------------------------------------------------------------    -------------------
    SLICE_X52Y86         FDRE (Prop_fdre_C_Q)         0.456     5.679 r  cnn_accelerator_system_i/cnn_accelerator_wino_0/inst/conv2/m_im_flat_reg[552]/Q
                         net (fo=13, routed)          0.965     6.643    cnn_accelerator_system_i/cnn_accelerator_wino_0/inst/conv2/u_ot/yim_reg[3][4][27]_i_2_0[252]
    SLICE_X56Y84                                                      r  cnn_accelerator_system_i/cnn_accelerator_wino_0/inst/conv2/u_ot/yim[0][4][7]_i_11/I2
    SLICE_X56Y84         LUT3 (Prop_lut3_I2_O)        0.153     6.796 r  cnn_accelerator_system_i/cnn_accelerator_wino_0/inst/conv2/u_ot/yim[0][4][7]_i_11/O
                         net (fo=2, routed)           0.708     7.504    cnn_accelerator_system_i/cnn_accelerator_wino_0/inst/conv2/u_ot/yim[0][4][7]_i_11_n_0
    SLICE_X56Y84                                                      r  cnn_accelerator_system_i/cnn_accelerator_wino_0/inst/conv2/u_ot/yim[0][4][7]_i_14/I3
    SLICE_X56Y84         LUT4 (Prop_lut4_I3_O)        0.331     7.835 r  cnn_accelerator_system_i/cnn_accelerator_wino_0/inst/conv2/u_ot/yim[0][4][7]_i_14/O
                         net (fo=1, routed)           0.000     7.835    cnn_accelerator_system_i/cnn_accelerator_wino_0/inst/conv2/u_ot/yim[0][4][7]_i_14_n_0
    SLICE_X56Y84                                                      r  cnn_accelerator_system_i/cnn_accelerator_wino_0/inst/conv2/u_ot/yim_reg[0][4][7]_i_10/S[3]
    SLICE_X56Y84         CARRY4 (Prop_carry4_S[3]_CO[3])
                                                      0.376     8.211 r  cnn_accelerator_system_i/cnn_accelerator_wino_0/inst/conv2/u_ot/yim_reg[0][4][7]_i_10/CO[3]
                         net (fo=1, routed)           0.000     8.211    cnn_accelerator_system_i/cnn_accelerator_wino_0/inst/conv2/u_ot/yim_reg[0][4][7]_i_10_n_0
    SLICE_X56Y85                                                      r  cnn_accelerator_system_i/cnn_accelerator_wino_0/inst/conv2/u_ot/yim_reg[0][4][11]_i_10/CI
    SLICE_X56Y85         CARRY4 (Prop_carry4_CI_O[2])
                                                      0.239     8.450 r  cnn_accelerator_system_i/cnn_accelerator_wino_0/inst/conv2/u_ot/yim_reg[0][4][11]_i_10/O[2]
                         net (fo=2, routed)           0.723     9.174    cnn_accelerator_system_i/cnn_accelerator_wino_0/inst/conv2/u_ot/yim_reg[0][4][11]_i_10_n_5
    SLICE_X53Y84                                                      r  cnn_accelerator_system_i/cnn_accelerator_wino_0/inst/conv2/u_ot/yim[0][4][7]_i_2/I0
    SLICE_X53Y84         LUT3 (Prop_lut3_I0_O)        0.330     9.504 r  cnn_accelerator_system_i/cnn_accelerator_wino_0/inst/conv2/u_ot/yim[0][4][7]_i_2/O
                         net (fo=2, routed)           0.586    10.090    cnn_accelerator_system_i/cnn_accelerator_wino_0/inst/conv2/u_ot/yim[0][4][7]_i_2_n_0
    SLICE_X53Y84                                                      r  cnn_accelerator_system_i/cnn_accelerator_wino_0/inst/conv2/u_ot/yim[0][4][7]_i_6/I3
    SLICE_X53Y84         LUT4 (Prop_lut4_I3_O)        0.327    10.417 r  cnn_accelerator_system_i/cnn_accelerator_wino_0/inst/conv2/u_ot/yim[0][4][7]_i_6/O
                         net (fo=1, routed)           0.000    10.417    cnn_accelerator_system_i/cnn_accelerator_wino_0/inst/conv2/u_ot/yim[0][4][7]_i_6_n_0
    SLICE_X53Y84                                                      r  cnn_accelerator_system_i/cnn_accelerator_wino_0/inst/conv2/u_ot/yim_reg[0][4][7]_i_1/S[3]
    SLICE_X53Y84         CARRY4 (Prop_carry4_S[3]_CO[3])
                                                      0.401    10.818 r  cnn_accelerator_system_i/cnn_accelerator_wino_0/inst/conv2/u_ot/yim_reg[0][4][7]_i_1/CO[3]
                         net (fo=1, routed)           0.000    10.818    cnn_accelerator_system_i/cnn_accelerator_wino_0/inst/conv2/u_ot/yim_reg[0][4][7]_i_1_n_0
    SLICE_X53Y85                                                      r  cnn_accelerator_system_i/cnn_accelerator_wino_0/inst/conv2/u_ot/yim_reg[0][4][11]_i_1/CI
    SLICE_X53Y85         CARRY4 (Prop_carry4_CI_O[0])
                                                      0.222    11.040 r  cnn_accelerator_system_i/cnn_accelerator_wino_0/inst/conv2/u_ot/yim_reg[0][4][11]_i_1/O[0]
                         net (fo=1, routed)           0.469    11.509    cnn_accelerator_system_i/cnn_accelerator_wino_0/inst/conv2/u_ot/yim_c[0][4]_1086[8]
    SLICE_X50Y85         FDRE                                         r  cnn_accelerator_system_i/cnn_accelerator_wino_0/inst/conv2/u_ot/yim_reg[0][4][8]/D
  -------------------------------------------------------------------    -------------------

                         (clock clk_out3_cnn_accelerator_system_clk_wiz_0_0 rise edge)
                                                      5.000     5.000 r  
    E3                                                0.000     5.000 r  CLK100MHZ (IN)
                         net (fo=0)                   0.000     5.000    CLK100MHZ
    E3                                                                r  CLK100MHZ_IBUF_inst/I
    E3                   IBUF (Prop_ibuf_I_O)         1.411     6.411 r  CLK100MHZ_IBUF_inst/O
                         net (fo=1, routed)           1.920     8.331    cnn_accelerator_system_i/util_ds_buf_0/U0/BUFG_I[0]
    BUFGCTRL_X0Y16                                                    r  cnn_accelerator_system_i/util_ds_buf_0/U0/USE_BUFG.GEN_BUFG[0].BUFG_U/I
    BUFGCTRL_X0Y16       BUFG (Prop_bufg_I_O)         0.091     8.422 r  cnn_accelerator_system_i/util_ds_buf_0/U0/USE_BUFG.GEN_BUFG[0].BUFG_U/O
                         net (fo=2, routed)           1.683    10.105    cnn_accelerator_system_i/clk_wiz_0/inst/clk_in1
    MMCME2_ADV_X0Y0                                                   r  cnn_accelerator_system_i/clk_wiz_0/inst/mmcm_adv_inst/CLKIN1
    MMCME2_ADV_X0Y0      MMCME2_ADV (Prop_mmcme2_adv_CLKIN1_CLKOUT2)
                                                     -3.694     6.411 r  cnn_accelerator_system_i/clk_wiz_0/inst/mmcm_adv_inst/CLKOUT2
                         net (fo=1, routed)           1.923     8.334    cnn_accelerator_system_i/clk_wiz_0/inst/clk_out3_cnn_accelerator_system_clk_wiz_0_0
    BUFGCTRL_X0Y2                                                     r  cnn_accelerator_system_i/clk_wiz_0/inst/clkout3_buf/I
    BUFGCTRL_X0Y2        BUFG (Prop_bufg_I_O)         0.091     8.425 r  cnn_accelerator_system_i/clk_wiz_0/inst/clkout3_buf/O
                         net (fo=37889, routed)       1.503     9.929    cnn_accelerator_system_i/cnn_accelerator_wino_0/inst/conv2/u_ot/clk
    SLICE_X50Y85         FDRE                                         r  cnn_accelerator_system_i/cnn_accelerator_wino_0/inst/conv2/u_ot/yim_reg[0][4][8]/C
                         clock pessimism              0.187    10.116    
                         clock uncertainty           -0.067    10.049    
    SLICE_X50Y85         FDRE (Setup_fdre_C_D)       -0.220     9.829    cnn_accelerator_system_i/cnn_accelerator_wino_0/inst/conv2/u_ot/yim_reg[0][4][8]
  -------------------------------------------------------------------
                         required time                          9.829    
                         arrival time                         -11.509    
  -------------------------------------------------------------------
                         slack                                 -1.680    

Slack (VIOLATED) :        -1.665ns  (required time - arrival time)
  Source:                 cnn_accelerator_system_i/cnn_accelerator_wino_0/inst/conv2/m_re_flat_reg[706]/C
                            (rising edge-triggered cell FDRE clocked by clk_out3_cnn_accelerator_system_clk_wiz_0_0  {rise@0.000ns fall@2.500ns period=5.000ns})
  Destination:            cnn_accelerator_system_i/cnn_accelerator_wino_0/inst/conv2/u_ot/yim_reg[3][4][25]/D
                            (rising edge-triggered cell FDRE clocked by clk_out3_cnn_accelerator_system_clk_wiz_0_0  {rise@0.000ns fall@2.500ns period=5.000ns})
  Path Group:             clk_out3_cnn_accelerator_system_clk_wiz_0_0
  Path Type:              Setup (Max at Slow Process Corner)
  Requirement:            5.000ns  (clk_out3_cnn_accelerator_system_clk_wiz_0_0 rise@5.000ns - clk_out3_cnn_accelerator_system_clk_wiz_0_0 rise@0.000ns)
  Data Path Delay:        6.627ns  (logic 3.173ns (47.883%)  route 3.454ns (52.117%))
  Logic Levels:           11  (CARRY4=7 LUT3=2 LUT4=2)
  Clock Path Skew:        -0.034ns (DCD - SCD + CPR)
    Destination Clock Delay (DCD):    4.915ns = ( 9.915 - 5.000 ) 
    Source Clock Delay      (SCD):    5.208ns
    Clock Pessimism Removal (CPR):    0.259ns
  Clock Uncertainty:      0.067ns  ((TSJ^2 + DJ^2)^1/2) / 2 + PE
    Total System Jitter     (TSJ):    0.071ns
    Discrete Jitter          (DJ):    0.113ns
    Phase Error              (PE):    0.000ns

    Location             Delay type                Incr(ns)  Path(ns)    Netlist Resource(s)
  -------------------------------------------------------------------    -------------------
                         (clock clk_out3_cnn_accelerator_system_clk_wiz_0_0 rise edge)
                                                      0.000     0.000 r  
    E3                                                0.000     0.000 r  CLK100MHZ (IN)
                         net (fo=0)                   0.000     0.000    CLK100MHZ
    E3                                                                r  CLK100MHZ_IBUF_inst/I
    E3                   IBUF (Prop_ibuf_I_O)         1.482     1.482 r  CLK100MHZ_IBUF_inst/O
                         net (fo=1, routed)           2.025     3.506    cnn_accelerator_system_i/util_ds_buf_0/U0/BUFG_I[0]
    BUFGCTRL_X0Y16                                                    r  cnn_accelerator_system_i/util_ds_buf_0/U0/USE_BUFG.GEN_BUFG[0].BUFG_U/I
    BUFGCTRL_X0Y16       BUFG (Prop_bufg_I_O)         0.096     3.602 r  cnn_accelerator_system_i/util_ds_buf_0/U0/USE_BUFG.GEN_BUFG[0].BUFG_U/O
                         net (fo=2, routed)           1.809     5.412    cnn_accelerator_system_i/clk_wiz_0/inst/clk_in1
    MMCME2_ADV_X0Y0                                                   r  cnn_accelerator_system_i/clk_wiz_0/inst/mmcm_adv_inst/CLKIN1
    MMCME2_ADV_X0Y0      MMCME2_ADV (Prop_mmcme2_adv_CLKIN1_CLKOUT2)
                                                     -3.922     1.490 r  cnn_accelerator_system_i/clk_wiz_0/inst/mmcm_adv_inst/CLKOUT2
                         net (fo=1, routed)           2.018     3.508    cnn_accelerator_system_i/clk_wiz_0/inst/clk_out3_cnn_accelerator_system_clk_wiz_0_0
    BUFGCTRL_X0Y2                                                     r  cnn_accelerator_system_i/clk_wiz_0/inst/clkout3_buf/I
    BUFGCTRL_X0Y2        BUFG (Prop_bufg_I_O)         0.096     3.604 r  cnn_accelerator_system_i/clk_wiz_0/inst/clkout3_buf/O
                         net (fo=37889, routed)       1.603     5.208    cnn_accelerator_system_i/cnn_accelerator_wino_0/inst/conv2/clk
    SLICE_X52Y75         FDRE                                         r  cnn_accelerator_system_i/cnn_accelerator_wino_0/inst/conv2/m_re_flat_reg[706]/C
  -------------------------------------------------------------------    -------------------
    SLICE_X52Y75         FDRE (Prop_fdre_C_Q)         0.456     5.664 r  cnn_accelerator_system_i/cnn_accelerator_wino_0/inst/conv2/m_re_flat_reg[706]/Q
                         net (fo=18, routed)          0.995     6.658    cnn_accelerator_system_i/cnn_accelerator_wino_0/inst/conv2/u_ot/Q[506]
    SLICE_X55Y73                                                      r  cnn_accelerator_system_i/cnn_accelerator_wino_0/inst/conv2/u_ot/yim[3][4][11]_i_11/I0
    SLICE_X55Y73         LUT3 (Prop_lut3_I0_O)        0.154     6.812 r  cnn_accelerator_system_i/cnn_accelerator_wino_0/inst/conv2/u_ot/yim[3][4][11]_i_11/O
                         net (fo=2, routed)           0.690     7.502    cnn_accelerator_system_i/cnn_accelerator_wino_0/inst/conv2/u_ot/yim[3][4][11]_i_11_n_0
    SLICE_X55Y73                                                      r  cnn_accelerator_system_i/cnn_accelerator_wino_0/inst/conv2/u_ot/yim[3][4][11]_i_15/I3
    SLICE_X55Y73         LUT4 (Prop_lut4_I3_O)        0.327     7.829 r  cnn_accelerator_system_i/cnn_accelerator_wino_0/inst/conv2/u_ot/yim[3][4][11]_i_15/O
                         net (fo=1, routed)           0.000     7.829    cnn_accelerator_system_i/cnn_accelerator_wino_0/inst/conv2/u_ot/yim[3][4][11]_i_15_n_0
    SLICE_X55Y73                                                      r  cnn_accelerator_system_i/cnn_accelerator_wino_0/inst/conv2/u_ot/yim_reg[3][4][11]_i_10/S[3]
    SLICE_X55Y73         CARRY4 (Prop_carry4_S[3]_CO[3])
                                                      0.401     8.230 r  cnn_accelerator_system_i/cnn_accelerator_wino_0/inst/conv2/u_ot/yim_reg[3][4][11]_i_10/CO[3]
                         net (fo=1, routed)           0.000     8.230    cnn_accelerator_system_i/cnn_accelerator_wino_0/inst/conv2/u_ot/yim_reg[3][4][11]_i_10_n_0
    SLICE_X55Y74                                                      r  cnn_accelerator_system_i/cnn_accelerator_wino_0/inst/conv2/u_ot/yim_reg[3][4][15]_i_10/CI
    SLICE_X55Y74         CARRY4 (Prop_carry4_CI_O[1])
                                                      0.334     8.564 r  cnn_accelerator_system_i/cnn_accelerator_wino_0/inst/conv2/u_ot/yim_reg[3][4][15]_i_10/O[1]
                         net (fo=2, routed)           0.871     9.435    cnn_accelerator_system_i/cnn_accelerator_wino_0/inst/conv2/u_ot/yim_reg[3][4][15]_i_10_n_6
    SLICE_X56Y69                                                      r  cnn_accelerator_system_i/cnn_accelerator_wino_0/inst/conv2/u_ot/yim[3][4][11]_i_3/I0
    SLICE_X56Y69         LUT3 (Prop_lut3_I0_O)        0.303     9.738 r  cnn_accelerator_system_i/cnn_accelerator_wino_0/inst/conv2/u_ot/yim[3][4][11]_i_3/O
                         net (fo=2, routed)           0.889    10.627    cnn_accelerator_system_i/cnn_accelerator_wino_0/inst/conv2/u_ot/yim[3][4][11]_i_3_n_0
    SLICE_X61Y71                                                      r  cnn_accelerator_system_i/cnn_accelerator_wino_0/inst/conv2/u_ot/yim[3][4][11]_i_7/I3
    SLICE_X61Y71         LUT4 (Prop_lut4_I3_O)        0.124    10.751 r  cnn_accelerator_system_i/cnn_accelerator_wino_0/inst/conv2/u_ot/yim[3][4][11]_i_7/O
                         net (fo=1, routed)           0.000    10.751    cnn_accelerator_system_i/cnn_accelerator_wino_0/inst/conv2/u_ot/yim[3][4][11]_i_7_n_0
    SLICE_X61Y71                                                      r  cnn_accelerator_system_i/cnn_accelerator_wino_0/inst/conv2/u_ot/yim_reg[3][4][11]_i_1/S[2]
    SLICE_X61Y71         CARRY4 (Prop_carry4_S[2]_CO[3])
                                                      0.398    11.149 r  cnn_accelerator_system_i/cnn_accelerator_wino_0/inst/conv2/u_ot/yim_reg[3][4][11]_i_1/CO[3]
                         net (fo=1, routed)           0.000    11.149    cnn_accelerator_system_i/cnn_accelerator_wino_0/inst/conv2/u_ot/yim_reg[3][4][11]_i_1_n_0
    SLICE_X61Y72                                                      r  cnn_accelerator_system_i/cnn_accelerator_wino_0/inst/conv2/u_ot/yim_reg[3][4][15]_i_1/CI
    SLICE_X61Y72         CARRY4 (Prop_carry4_CI_CO[3])
                                                      0.114    11.263 r  cnn_accelerator_system_i/cnn_accelerator_wino_0/inst/conv2/u_ot/yim_reg[3][4][15]_i_1/CO[3]
                         net (fo=1, routed)           0.000    11.263    cnn_accelerator_system_i/cnn_accelerator_wino_0/inst/conv2/u_ot/yim_reg[3][4][15]_i_1_n_0
    SLICE_X61Y73                                                      r  cnn_accelerator_system_i/cnn_accelerator_wino_0/inst/conv2/u_ot/yim_reg[3][4][19]_i_1/CI
    SLICE_X61Y73         CARRY4 (Prop_carry4_CI_CO[3])
                                                      0.114    11.377 r  cnn_accelerator_system_i/cnn_accelerator_wino_0/inst/conv2/u_ot/yim_reg[3][4][19]_i_1/CO[3]
                         net (fo=1, routed)           0.000    11.377    cnn_accelerator_system_i/cnn_accelerator_wino_0/inst/conv2/u_ot/yim_reg[3][4][19]_i_1_n_0
    SLICE_X61Y74                                                      r  cnn_accelerator_system_i/cnn_accelerator_wino_0/inst/conv2/u_ot/yim_reg[3][4][23]_i_1/CI
    SLICE_X61Y74         CARRY4 (Prop_carry4_CI_CO[3])
                                                      0.114    11.491 r  cnn_accelerator_system_i/cnn_accelerator_wino_0/inst/conv2/u_ot/yim_reg[3][4][23]_i_1/CO[3]
                         net (fo=1, routed)           0.009    11.500    cnn_accelerator_system_i/cnn_accelerator_wino_0/inst/conv2/u_ot/yim_reg[3][4][23]_i_1_n_0
    SLICE_X61Y75                                                      r  cnn_accelerator_system_i/cnn_accelerator_wino_0/inst/conv2/u_ot/yim_reg[3][4][27]_i_1/CI
    SLICE_X61Y75         CARRY4 (Prop_carry4_CI_O[1])
                                                      0.334    11.834 r  cnn_accelerator_system_i/cnn_accelerator_wino_0/inst/conv2/u_ot/yim_reg[3][4][27]_i_1/O[1]
                         net (fo=1, routed)           0.000    11.834    cnn_accelerator_system_i/cnn_accelerator_wino_0/inst/conv2/u_ot/yim_c[3][4]_1098[25]
    SLICE_X61Y75         FDRE                                         r  cnn_accelerator_system_i/cnn_accelerator_wino_0/inst/conv2/u_ot/yim_reg[3][4][25]/D
  -------------------------------------------------------------------    -------------------

                         (clock clk_out3_cnn_accelerator_system_clk_wiz_0_0 rise edge)
                                                      5.000     5.000 r  
    E3                                                0.000     5.000 r  CLK100MHZ (IN)
                         net (fo=0)                   0.000     5.000    CLK100MHZ
    E3                                                                r  CLK100MHZ_IBUF_inst/I
    E3                   IBUF (Prop_ibuf_I_O)         1.411     6.411 r  CLK100MHZ_IBUF_inst/O
                         net (fo=1, routed)           1.920     8.331    cnn_accelerator_system_i/util_ds_buf_0/U0/BUFG_I[0]
    BUFGCTRL_X0Y16                                                    r  cnn_accelerator_system_i/util_ds_buf_0/U0/USE_BUFG.GEN_BUFG[0].BUFG_U/I
    BUFGCTRL_X0Y16       BUFG (Prop_bufg_I_O)         0.091     8.422 r  cnn_accelerator_system_i/util_ds_buf_0/U0/USE_BUFG.GEN_BUFG[0].BUFG_U/O
                         net (fo=2, routed)           1.683    10.105    cnn_accelerator_system_i/clk_wiz_0/inst/clk_in1
    MMCME2_ADV_X0Y0                                                   r  cnn_accelerator_system_i/clk_wiz_0/inst/mmcm_adv_inst/CLKIN1
    MMCME2_ADV_X0Y0      MMCME2_ADV (Prop_mmcme2_adv_CLKIN1_CLKOUT2)
                                                     -3.694     6.411 r  cnn_accelerator_system_i/clk_wiz_0/inst/mmcm_adv_inst/CLKOUT2
                         net (fo=1, routed)           1.923     8.334    cnn_accelerator_system_i/clk_wiz_0/inst/clk_out3_cnn_accelerator_system_clk_wiz_0_0
    BUFGCTRL_X0Y2                                                     r  cnn_accelerator_system_i/clk_wiz_0/inst/clkout3_buf/I
    BUFGCTRL_X0Y2        BUFG (Prop_bufg_I_O)         0.091     8.425 r  cnn_accelerator_system_i/clk_wiz_0/inst/clkout3_buf/O
                         net (fo=37889, routed)       1.489     9.915    cnn_accelerator_system_i/cnn_accelerator_wino_0/inst/conv2/u_ot/clk
    SLICE_X61Y75         FDRE                                         r  cnn_accelerator_system_i/cnn_accelerator_wino_0/inst/conv2/u_ot/yim_reg[3][4][25]/C
                         clock pessimism              0.259    10.174    
                         clock uncertainty           -0.067    10.107    
    SLICE_X61Y75         FDRE (Setup_fdre_C_D)        0.062    10.169    cnn_accelerator_system_i/cnn_accelerator_wino_0/inst/conv2/u_ot/yim_reg[3][4][25]
  -------------------------------------------------------------------
                         required time                         10.169    
                         arrival time                         -11.834    
  -------------------------------------------------------------------
                         slack                                 -1.665    

Slack (VIOLATED) :        -1.644ns  (required time - arrival time)
  Source:                 cnn_accelerator_system_i/cnn_accelerator_wino_0/inst/conv2/m_re_flat_reg[706]/C
                            (rising edge-triggered cell FDRE clocked by clk_out3_cnn_accelerator_system_clk_wiz_0_0  {rise@0.000ns fall@2.500ns period=5.000ns})
  Destination:            cnn_accelerator_system_i/cnn_accelerator_wino_0/inst/conv2/u_ot/yim_reg[3][4][27]/D
                            (rising edge-triggered cell FDRE clocked by clk_out3_cnn_accelerator_system_clk_wiz_0_0  {rise@0.000ns fall@2.500ns period=5.000ns})
  Path Group:             clk_out3_cnn_accelerator_system_clk_wiz_0_0
  Path Type:              Setup (Max at Slow Process Corner)
  Requirement:            5.000ns  (clk_out3_cnn_accelerator_system_clk_wiz_0_0 rise@5.000ns - clk_out3_cnn_accelerator_system_clk_wiz_0_0 rise@0.000ns)
  Data Path Delay:        6.606ns  (logic 3.152ns (47.717%)  route 3.454ns (52.283%))
  Logic Levels:           11  (CARRY4=7 LUT3=2 LUT4=2)
  Clock Path Skew:        -0.034ns (DCD - SCD + CPR)
    Destination Clock Delay (DCD):    4.915ns = ( 9.915 - 5.000 ) 
    Source Clock Delay      (SCD):    5.208ns
    Clock Pessimism Removal (CPR):    0.259ns
  Clock Uncertainty:      0.067ns  ((TSJ^2 + DJ^2)^1/2) / 2 + PE
    Total System Jitter     (TSJ):    0.071ns
    Discrete Jitter          (DJ):    0.113ns
    Phase Error              (PE):    0.000ns

    Location             Delay type                Incr(ns)  Path(ns)    Netlist Resource(s)
  -------------------------------------------------------------------    -------------------
                         (clock clk_out3_cnn_accelerator_system_clk_wiz_0_0 rise edge)
                                                      0.000     0.000 r  
    E3                                                0.000     0.000 r  CLK100MHZ (IN)
                         net (fo=0)                   0.000     0.000    CLK100MHZ
    E3                                                                r  CLK100MHZ_IBUF_inst/I
    E3                   IBUF (Prop_ibuf_I_O)         1.482     1.482 r  CLK100MHZ_IBUF_inst/O
                         net (fo=1, routed)           2.025     3.506    cnn_accelerator_system_i/util_ds_buf_0/U0/BUFG_I[0]
    BUFGCTRL_X0Y16                                                    r  cnn_accelerator_system_i/util_ds_buf_0/U0/USE_BUFG.GEN_BUFG[0].BUFG_U/I
    BUFGCTRL_X0Y16       BUFG (Prop_bufg_I_O)         0.096     3.602 r  cnn_accelerator_system_i/util_ds_buf_0/U0/USE_BUFG.GEN_BUFG[0].BUFG_U/O
                         net (fo=2, routed)           1.809     5.412    cnn_accelerator_system_i/clk_wiz_0/inst/clk_in1
    MMCME2_ADV_X0Y0                                                   r  cnn_accelerator_system_i/clk_wiz_0/inst/mmcm_adv_inst/CLKIN1
    MMCME2_ADV_X0Y0      MMCME2_ADV (Prop_mmcme2_adv_CLKIN1_CLKOUT2)
                                                     -3.922     1.490 r  cnn_accelerator_system_i/clk_wiz_0/inst/mmcm_adv_inst/CLKOUT2
                         net (fo=1, routed)           2.018     3.508    cnn_accelerator_system_i/clk_wiz_0/inst/clk_out3_cnn_accelerator_system_clk_wiz_0_0
    BUFGCTRL_X0Y2                                                     r  cnn_accelerator_system_i/clk_wiz_0/inst/clkout3_buf/I
    BUFGCTRL_X0Y2        BUFG (Prop_bufg_I_O)         0.096     3.604 r  cnn_accelerator_system_i/clk_wiz_0/inst/clkout3_buf/O
                         net (fo=37889, routed)       1.603     5.208    cnn_accelerator_system_i/cnn_accelerator_wino_0/inst/conv2/clk
    SLICE_X52Y75         FDRE                                         r  cnn_accelerator_system_i/cnn_accelerator_wino_0/inst/conv2/m_re_flat_reg[706]/C
  -------------------------------------------------------------------    -------------------
    SLICE_X52Y75         FDRE (Prop_fdre_C_Q)         0.456     5.664 r  cnn_accelerator_system_i/cnn_accelerator_wino_0/inst/conv2/m_re_flat_reg[706]/Q
                         net (fo=18, routed)          0.995     6.658    cnn_accelerator_system_i/cnn_accelerator_wino_0/inst/conv2/u_ot/Q[506]
    SLICE_X55Y73                                                      r  cnn_accelerator_system_i/cnn_accelerator_wino_0/inst/conv2/u_ot/yim[3][4][11]_i_11/I0
    SLICE_X55Y73         LUT3 (Prop_lut3_I0_O)        0.154     6.812 r  cnn_accelerator_system_i/cnn_accelerator_wino_0/inst/conv2/u_ot/yim[3][4][11]_i_11/O
                         net (fo=2, routed)           0.690     7.502    cnn_accelerator_system_i/cnn_accelerator_wino_0/inst/conv2/u_ot/yim[3][4][11]_i_11_n_0
    SLICE_X55Y73                                                      r  cnn_accelerator_system_i/cnn_accelerator_wino_0/inst/conv2/u_ot/yim[3][4][11]_i_15/I3
    SLICE_X55Y73         LUT4 (Prop_lut4_I3_O)        0.327     7.829 r  cnn_accelerator_system_i/cnn_accelerator_wino_0/inst/conv2/u_ot/yim[3][4][11]_i_15/O
                         net (fo=1, routed)           0.000     7.829    cnn_accelerator_system_i/cnn_accelerator_wino_0/inst/conv2/u_ot/yim[3][4][11]_i_15_n_0
    SLICE_X55Y73                                                      r  cnn_accelerator_system_i/cnn_accelerator_wino_0/inst/conv2/u_ot/yim_reg[3][4][11]_i_10/S[3]
    SLICE_X55Y73         CARRY4 (Prop_carry4_S[3]_CO[3])
                                                      0.401     8.230 r  cnn_accelerator_system_i/cnn_accelerator_wino_0/inst/conv2/u_ot/yim_reg[3][4][11]_i_10/CO[3]
                         net (fo=1, routed)           0.000     8.230    cnn_accelerator_system_i/cnn_accelerator_wino_0/inst/conv2/u_ot/yim_reg[3][4][11]_i_10_n_0
    SLICE_X55Y74                                                      r  cnn_accelerator_system_i/cnn_accelerator_wino_0/inst/conv2/u_ot/yim_reg[3][4][15]_i_10/CI
    SLICE_X55Y74         CARRY4 (Prop_carry4_CI_O[1])
                                                      0.334     8.564 r  cnn_accelerator_system_i/cnn_accelerator_wino_0/inst/conv2/u_ot/yim_reg[3][4][15]_i_10/O[1]
                         net (fo=2, routed)           0.871     9.435    cnn_accelerator_system_i/cnn_accelerator_wino_0/inst/conv2/u_ot/yim_reg[3][4][15]_i_10_n_6
    SLICE_X56Y69                                                      r  cnn_accelerator_system_i/cnn_accelerator_wino_0/inst/conv2/u_ot/yim[3][4][11]_i_3/I0
    SLICE_X56Y69         LUT3 (Prop_lut3_I0_O)        0.303     9.738 r  cnn_accelerator_system_i/cnn_accelerator_wino_0/inst/conv2/u_ot/yim[3][4][11]_i_3/O
                         net (fo=2, routed)           0.889    10.627    cnn_accelerator_system_i/cnn_accelerator_wino_0/inst/conv2/u_ot/yim[3][4][11]_i_3_n_0
    SLICE_X61Y71                                                      r  cnn_accelerator_system_i/cnn_accelerator_wino_0/inst/conv2/u_ot/yim[3][4][11]_i_7/I3
    SLICE_X61Y71         LUT4 (Prop_lut4_I3_O)        0.124    10.751 r  cnn_accelerator_system_i/cnn_accelerator_wino_0/inst/conv2/u_ot/yim[3][4][11]_i_7/O
                         net (fo=1, routed)           0.000    10.751    cnn_accelerator_system_i/cnn_accelerator_wino_0/inst/conv2/u_ot/yim[3][4][11]_i_7_n_0
    SLICE_X61Y71                                                      r  cnn_accelerator_system_i/cnn_accelerator_wino_0/inst/conv2/u_ot/yim_reg[3][4][11]_i_1/S[2]
    SLICE_X61Y71         CARRY4 (Prop_carry4_S[2]_CO[3])
                                                      0.398    11.149 r  cnn_accelerator_system_i/cnn_accelerator_wino_0/inst/conv2/u_ot/yim_reg[3][4][11]_i_1/CO[3]
                         net (fo=1, routed)           0.000    11.149    cnn_accelerator_system_i/cnn_accelerator_wino_0/inst/conv2/u_ot/yim_reg[3][4][11]_i_1_n_0
    SLICE_X61Y72                                                      r  cnn_accelerator_system_i/cnn_accelerator_wino_0/inst/conv2/u_ot/yim_reg[3][4][15]_i_1/CI
    SLICE_X61Y72         CARRY4 (Prop_carry4_CI_CO[3])
                                                      0.114    11.263 r  cnn_accelerator_system_i/cnn_accelerator_wino_0/inst/conv2/u_ot/yim_reg[3][4][15]_i_1/CO[3]
                         net (fo=1, routed)           0.000    11.263    cnn_accelerator_system_i/cnn_accelerator_wino_0/inst/conv2/u_ot/yim_reg[3][4][15]_i_1_n_0
    SLICE_X61Y73                                                      r  cnn_accelerator_system_i/cnn_accelerator_wino_0/inst/conv2/u_ot/yim_reg[3][4][19]_i_1/CI
    SLICE_X61Y73         CARRY4 (Prop_carry4_CI_CO[3])
                                                      0.114    11.377 r  cnn_accelerator_system_i/cnn_accelerator_wino_0/inst/conv2/u_ot/yim_reg[3][4][19]_i_1/CO[3]
                         net (fo=1, routed)           0.000    11.377    cnn_accelerator_system_i/cnn_accelerator_wino_0/inst/conv2/u_ot/yim_reg[3][4][19]_i_1_n_0
    SLICE_X61Y74                                                      r  cnn_accelerator_system_i/cnn_accelerator_wino_0/inst/conv2/u_ot/yim_reg[3][4][23]_i_1/CI
    SLICE_X61Y74         CARRY4 (Prop_carry4_CI_CO[3])
                                                      0.114    11.491 r  cnn_accelerator_system_i/cnn_accelerator_wino_0/inst/conv2/u_ot/yim_reg[3][4][23]_i_1/CO[3]
                         net (fo=1, routed)           0.009    11.500    cnn_accelerator_system_i/cnn_accelerator_wino_0/inst/conv2/u_ot/yim_reg[3][4][23]_i_1_n_0
    SLICE_X61Y75                                                      r  cnn_accelerator_system_i/cnn_accelerator_wino_0/inst/conv2/u_ot/yim_reg[3][4][27]_i_1/CI
    SLICE_X61Y75         CARRY4 (Prop_carry4_CI_O[3])
                                                      0.313    11.813 r  cnn_accelerator_system_i/cnn_accelerator_wino_0/inst/conv2/u_ot/yim_reg[3][4][27]_i_1/O[3]
                         net (fo=1, routed)           0.000    11.813    cnn_accelerator_system_i/cnn_accelerator_wino_0/inst/conv2/u_ot/yim_c[3][4]_1098[27]
    SLICE_X61Y75         FDRE                                         r  cnn_accelerator_system_i/cnn_accelerator_wino_0/inst/conv2/u_ot/yim_reg[3][4][27]/D
  -------------------------------------------------------------------    -------------------

                         (clock clk_out3_cnn_accelerator_system_clk_wiz_0_0 rise edge)
                                                      5.000     5.000 r  
    E3                                                0.000     5.000 r  CLK100MHZ (IN)
                         net (fo=0)                   0.000     5.000    CLK100MHZ
    E3                                                                r  CLK100MHZ_IBUF_inst/I
    E3                   IBUF (Prop_ibuf_I_O)         1.411     6.411 r  CLK100MHZ_IBUF_inst/O
                         net (fo=1, routed)           1.920     8.331    cnn_accelerator_system_i/util_ds_buf_0/U0/BUFG_I[0]
    BUFGCTRL_X0Y16                                                    r  cnn_accelerator_system_i/util_ds_buf_0/U0/USE_BUFG.GEN_BUFG[0].BUFG_U/I
    BUFGCTRL_X0Y16       BUFG (Prop_bufg_I_O)         0.091     8.422 r  cnn_accelerator_system_i/util_ds_buf_0/U0/USE_BUFG.GEN_BUFG[0].BUFG_U/O
                         net (fo=2, routed)           1.683    10.105    cnn_accelerator_system_i/clk_wiz_0/inst/clk_in1
    MMCME2_ADV_X0Y0                                                   r  cnn_accelerator_system_i/clk_wiz_0/inst/mmcm_adv_inst/CLKIN1
    MMCME2_ADV_X0Y0      MMCME2_ADV (Prop_mmcme2_adv_CLKIN1_CLKOUT2)
                                                     -3.694     6.411 r  cnn_accelerator_system_i/clk_wiz_0/inst/mmcm_adv_inst/CLKOUT2
                         net (fo=1, routed)           1.923     8.334    cnn_accelerator_system_i/clk_wiz_0/inst/clk_out3_cnn_accelerator_system_clk_wiz_0_0
    BUFGCTRL_X0Y2                                                     r  cnn_accelerator_system_i/clk_wiz_0/inst/clkout3_buf/I
    BUFGCTRL_X0Y2        BUFG (Prop_bufg_I_O)         0.091     8.425 r  cnn_accelerator_system_i/clk_wiz_0/inst/clkout3_buf/O
                         net (fo=37889, routed)       1.489     9.915    cnn_accelerator_system_i/cnn_accelerator_wino_0/inst/conv2/u_ot/clk
    SLICE_X61Y75         FDRE                                         r  cnn_accelerator_system_i/cnn_accelerator_wino_0/inst/conv2/u_ot/yim_reg[3][4][27]/C
                         clock pessimism              0.259    10.174    
                         clock uncertainty           -0.067    10.107    
    SLICE_X61Y75         FDRE (Setup_fdre_C_D)        0.062    10.169    cnn_accelerator_system_i/cnn_accelerator_wino_0/inst/conv2/u_ot/yim_reg[3][4][27]
  -------------------------------------------------------------------
                         required time                         10.169    
                         arrival time                         -11.813    
  -------------------------------------------------------------------
                         slack                                 -1.644    

Slack (VIOLATED) :        -1.644ns  (required time - arrival time)
  Source:                 cnn_accelerator_system_i/cnn_accelerator_wino_0/inst/conv2/m_re_flat_reg[177]/C
                            (rising edge-triggered cell FDRE clocked by clk_out3_cnn_accelerator_system_clk_wiz_0_0  {rise@0.000ns fall@2.500ns period=5.000ns})
  Destination:            cnn_accelerator_system_i/cnn_accelerator_wino_0/inst/conv2/u_ot/yre_reg[3][1][25]/D
                            (rising edge-triggered cell FDRE clocked by clk_out3_cnn_accelerator_system_clk_wiz_0_0  {rise@0.000ns fall@2.500ns period=5.000ns})
  Path Group:             clk_out3_cnn_accelerator_system_clk_wiz_0_0
  Path Type:              Setup (Max at Slow Process Corner)
  Requirement:            5.000ns  (clk_out3_cnn_accelerator_system_clk_wiz_0_0 rise@5.000ns - clk_out3_cnn_accelerator_system_clk_wiz_0_0 rise@0.000ns)
  Data Path Delay:        6.530ns  (logic 3.490ns (53.449%)  route 3.040ns (46.551%))
  Logic Levels:           11  (CARRY4=7 LUT3=2 LUT4=2)
  Clock Path Skew:        -0.110ns (DCD - SCD + CPR)
    Destination Clock Delay (DCD):    4.924ns = ( 9.924 - 5.000 ) 
    Source Clock Delay      (SCD):    5.221ns
    Clock Pessimism Removal (CPR):    0.187ns
  Clock Uncertainty:      0.067ns  ((TSJ^2 + DJ^2)^1/2) / 2 + PE
    Total System Jitter     (TSJ):    0.071ns
    Discrete Jitter          (DJ):    0.113ns
    Phase Error              (PE):    0.000ns

    Location             Delay type                Incr(ns)  Path(ns)    Netlist Resource(s)
  -------------------------------------------------------------------    -------------------
                         (clock clk_out3_cnn_accelerator_system_clk_wiz_0_0 rise edge)
                                                      0.000     0.000 r  
    E3                                                0.000     0.000 r  CLK100MHZ (IN)
                         net (fo=0)                   0.000     0.000    CLK100MHZ
    E3                                                                r  CLK100MHZ_IBUF_inst/I
    E3                   IBUF (Prop_ibuf_I_O)         1.482     1.482 r  CLK100MHZ_IBUF_inst/O
                         net (fo=1, routed)           2.025     3.506    cnn_accelerator_system_i/util_ds_buf_0/U0/BUFG_I[0]
    BUFGCTRL_X0Y16                                                    r  cnn_accelerator_system_i/util_ds_buf_0/U0/USE_BUFG.GEN_BUFG[0].BUFG_U/I
    BUFGCTRL_X0Y16       BUFG (Prop_bufg_I_O)         0.096     3.602 r  cnn_accelerator_system_i/util_ds_buf_0/U0/USE_BUFG.GEN_BUFG[0].BUFG_U/O
                         net (fo=2, routed)           1.809     5.412    cnn_accelerator_system_i/clk_wiz_0/inst/clk_in1
    MMCME2_ADV_X0Y0                                                   r  cnn_accelerator_system_i/clk_wiz_0/inst/mmcm_adv_inst/CLKIN1
    MMCME2_ADV_X0Y0      MMCME2_ADV (Prop_mmcme2_adv_CLKIN1_CLKOUT2)
                                                     -3.922     1.490 r  cnn_accelerator_system_i/clk_wiz_0/inst/mmcm_adv_inst/CLKOUT2
                         net (fo=1, routed)           2.018     3.508    cnn_accelerator_system_i/clk_wiz_0/inst/clk_out3_cnn_accelerator_system_clk_wiz_0_0
    BUFGCTRL_X0Y2                                                     r  cnn_accelerator_system_i/clk_wiz_0/inst/clkout3_buf/I
    BUFGCTRL_X0Y2        BUFG (Prop_bufg_I_O)         0.096     3.604 r  cnn_accelerator_system_i/clk_wiz_0/inst/clkout3_buf/O
                         net (fo=37889, routed)       1.616     5.221    cnn_accelerator_system_i/cnn_accelerator_wino_0/inst/conv2/clk
    SLICE_X45Y77         FDRE                                         r  cnn_accelerator_system_i/cnn_accelerator_wino_0/inst/conv2/m_re_flat_reg[177]/C
  -------------------------------------------------------------------    -------------------
    SLICE_X45Y77         FDRE (Prop_fdre_C_Q)         0.456     5.677 r  cnn_accelerator_system_i/cnn_accelerator_wino_0/inst/conv2/m_re_flat_reg[177]/Q
                         net (fo=8, routed)           1.203     6.880    cnn_accelerator_system_i/cnn_accelerator_wino_0/inst/conv2/u_ot/Q[152]
    SLICE_X59Y76                                                      r  cnn_accelerator_system_i/cnn_accelerator_wino_0/inst/conv2/u_ot/yre[3][1][7]_i_11/I2
    SLICE_X59Y76         LUT3 (Prop_lut3_I2_O)        0.154     7.034 r  cnn_accelerator_system_i/cnn_accelerator_wino_0/inst/conv2/u_ot/yre[3][1][7]_i_11/O
                         net (fo=2, routed)           0.690     7.724    cnn_accelerator_system_i/cnn_accelerator_wino_0/inst/conv2/u_ot/yre[3][1][7]_i_11_n_0
    SLICE_X59Y76                                                      r  cnn_accelerator_system_i/cnn_accelerator_wino_0/inst/conv2/u_ot/yre[3][1][7]_i_14/I3
    SLICE_X59Y76         LUT4 (Prop_lut4_I3_O)        0.327     8.051 r  cnn_accelerator_system_i/cnn_accelerator_wino_0/inst/conv2/u_ot/yre[3][1][7]_i_14/O
                         net (fo=1, routed)           0.000     8.051    cnn_accelerator_system_i/cnn_accelerator_wino_0/inst/conv2/u_ot/yre[3][1][7]_i_14_n_0
    SLICE_X59Y76                                                      r  cnn_accelerator_system_i/cnn_accelerator_wino_0/inst/conv2/u_ot/yre_reg[3][1][7]_i_10/S[3]
    SLICE_X59Y76         CARRY4 (Prop_carry4_S[3]_CO[3])
                                                      0.401     8.452 r  cnn_accelerator_system_i/cnn_accelerator_wino_0/inst/conv2/u_ot/yre_reg[3][1][7]_i_10/CO[3]
                         net (fo=1, routed)           0.000     8.452    cnn_accelerator_system_i/cnn_accelerator_wino_0/inst/conv2/u_ot/yre_reg[3][1][7]_i_10_n_0
    SLICE_X59Y77                                                      r  cnn_accelerator_system_i/cnn_accelerator_wino_0/inst/conv2/u_ot/yre_reg[3][1][11]_i_10/CI
    SLICE_X59Y77         CARRY4 (Prop_carry4_CI_CO[3])
                                                      0.114     8.566 r  cnn_accelerator_system_i/cnn_accelerator_wino_0/inst/conv2/u_ot/yre_reg[3][1][11]_i_10/CO[3]
                         net (fo=1, routed)           0.000     8.566    cnn_accelerator_system_i/cnn_accelerator_wino_0/inst/conv2/u_ot/yre_reg[3][1][11]_i_10_n_0
    SLICE_X59Y78                                                      r  cnn_accelerator_system_i/cnn_accelerator_wino_0/inst/conv2/u_ot/yre_reg[3][1][15]_i_10/CI
    SLICE_X59Y78         CARRY4 (Prop_carry4_CI_CO[3])
                                                      0.114     8.680 r  cnn_accelerator_system_i/cnn_accelerator_wino_0/inst/conv2/u_ot/yre_reg[3][1][15]_i_10/CO[3]
                         net (fo=1, routed)           0.000     8.680    cnn_accelerator_system_i/cnn_accelerator_wino_0/inst/conv2/u_ot/yre_reg[3][1][15]_i_10_n_0
    SLICE_X59Y79                                                      r  cnn_accelerator_system_i/cnn_accelerator_wino_0/inst/conv2/u_ot/yre_reg[3][1][19]_i_10/CI
    SLICE_X59Y79         CARRY4 (Prop_carry4_CI_CO[3])
                                                      0.114     8.794 r  cnn_accelerator_system_i/cnn_accelerator_wino_0/inst/conv2/u_ot/yre_reg[3][1][19]_i_10/CO[3]
                         net (fo=1, routed)           0.000     8.794    cnn_accelerator_system_i/cnn_accelerator_wino_0/inst/conv2/u_ot/yre_reg[3][1][19]_i_10_n_0
    SLICE_X59Y80                                                      r  cnn_accelerator_system_i/cnn_accelerator_wino_0/inst/conv2/u_ot/yre_reg[3][1][23]_i_10/CI
    SLICE_X59Y80         CARRY4 (Prop_carry4_CI_O[3])
                                                      0.313     9.107 r  cnn_accelerator_system_i/cnn_accelerator_wino_0/inst/conv2/u_ot/yre_reg[3][1][23]_i_10/O[3]
                         net (fo=2, routed)           0.552     9.659    cnn_accelerator_system_i/cnn_accelerator_wino_0/inst/conv2/u_ot/yre_reg[3][1][23]_i_10_n_4
    SLICE_X61Y80                                                      r  cnn_accelerator_system_i/cnn_accelerator_wino_0/inst/conv2/u_ot/yre[3][1][23]_i_5/I1
    SLICE_X61Y80         LUT3 (Prop_lut3_I1_O)        0.299     9.958 r  cnn_accelerator_system_i/cnn_accelerator_wino_0/inst/conv2/u_ot/yre[3][1][23]_i_5/O
                         net (fo=2, routed)           0.594    10.552    cnn_accelerator_system_i/cnn_accelerator_wino_0/inst/conv2/u_ot/yre[3][1][23]_i_5_n_0
    SLICE_X61Y81                                                      r  cnn_accelerator_system_i/cnn_accelerator_wino_0/inst/conv2/u_ot/yre[3][1][23]_i_9/I3
    SLICE_X61Y81         LUT4 (Prop_lut4_I3_O)        0.332    10.884 r  cnn_accelerator_system_i/cnn_accelerator_wino_0/inst/conv2/u_ot/yre[3][1][23]_i_9/O
                         net (fo=1, routed)           0.000    10.884    cnn_accelerator_system_i/cnn_accelerator_wino_0/inst/conv2/u_ot/yre[3][1][23]_i_9_n_0
    SLICE_X61Y81                                                      r  cnn_accelerator_system_i/cnn_accelerator_wino_0/inst/conv2/u_ot/yre_reg[3][1][23]_i_1/S[0]
    SLICE_X61Y81         CARRY4 (Prop_carry4_S[0]_CO[3])
                                                      0.532    11.416 r  cnn_accelerator_system_i/cnn_accelerator_wino_0/inst/conv2/u_ot/yre_reg[3][1][23]_i_1/CO[3]
                         net (fo=1, routed)           0.000    11.416    cnn_accelerator_system_i/cnn_accelerator_wino_0/inst/conv2/u_ot/yre_reg[3][1][23]_i_1_n_0
    SLICE_X61Y82                                                      r  cnn_accelerator_system_i/cnn_accelerator_wino_0/inst/conv2/u_ot/yre_reg[3][1][27]_i_1/CI
    SLICE_X61Y82         CARRY4 (Prop_carry4_CI_O[1])
                                                      0.334    11.750 r  cnn_accelerator_system_i/cnn_accelerator_wino_0/inst/conv2/u_ot/yre_reg[3][1][27]_i_1/O[1]
                         net (fo=1, routed)           0.000    11.750    cnn_accelerator_system_i/cnn_accelerator_wino_0/inst/conv2/u_ot/yre_c[3][1]_1078[25]
    SLICE_X61Y82         FDRE                                         r  cnn_accelerator_system_i/cnn_accelerator_wino_0/inst/conv2/u_ot/yre_reg[3][1][25]/D
  -------------------------------------------------------------------    -------------------

                         (clock clk_out3_cnn_accelerator_system_clk_wiz_0_0 rise edge)
                                                      5.000     5.000 r  
    E3                                                0.000     5.000 r  CLK100MHZ (IN)
                         net (fo=0)                   0.000     5.000    CLK100MHZ
    E3                                                                r  CLK100MHZ_IBUF_inst/I
    E3                   IBUF (Prop_ibuf_I_O)         1.411     6.411 r  CLK100MHZ_IBUF_inst/O
                         net (fo=1, routed)           1.920     8.331    cnn_accelerator_system_i/util_ds_buf_0/U0/BUFG_I[0]
    BUFGCTRL_X0Y16                                                    r  cnn_accelerator_system_i/util_ds_buf_0/U0/USE_BUFG.GEN_BUFG[0].BUFG_U/I
    BUFGCTRL_X0Y16       BUFG (Prop_bufg_I_O)         0.091     8.422 r  cnn_accelerator_system_i/util_ds_buf_0/U0/USE_BUFG.GEN_BUFG[0].BUFG_U/O
                         net (fo=2, routed)           1.683    10.105    cnn_accelerator_system_i/clk_wiz_0/inst/clk_in1
    MMCME2_ADV_X0Y0                                                   r  cnn_accelerator_system_i/clk_wiz_0/inst/mmcm_adv_inst/CLKIN1
    MMCME2_ADV_X0Y0      MMCME2_ADV (Prop_mmcme2_adv_CLKIN1_CLKOUT2)
                                                     -3.694     6.411 r  cnn_accelerator_system_i/clk_wiz_0/inst/mmcm_adv_inst/CLKOUT2
                         net (fo=1, routed)           1.923     8.334    cnn_accelerator_system_i/clk_wiz_0/inst/clk_out3_cnn_accelerator_system_clk_wiz_0_0
    BUFGCTRL_X0Y2                                                     r  cnn_accelerator_system_i/clk_wiz_0/inst/clkout3_buf/I
    BUFGCTRL_X0Y2        BUFG (Prop_bufg_I_O)         0.091     8.425 r  cnn_accelerator_system_i/clk_wiz_0/inst/clkout3_buf/O
                         net (fo=37889, routed)       1.498     9.924    cnn_accelerator_system_i/cnn_accelerator_wino_0/inst/conv2/u_ot/clk
    SLICE_X61Y82         FDRE                                         r  cnn_accelerator_system_i/cnn_accelerator_wino_0/inst/conv2/u_ot/yre_reg[3][1][25]/C
                         clock pessimism              0.187    10.111    
                         clock uncertainty           -0.067    10.044    
    SLICE_X61Y82         FDRE (Setup_fdre_C_D)        0.062    10.106    cnn_accelerator_system_i/cnn_accelerator_wino_0/inst/conv2/u_ot/yre_reg[3][1][25]
  -------------------------------------------------------------------
                         required time                         10.106    
                         arrival time                         -11.750    
  -------------------------------------------------------------------
                         slack                                 -1.644    

Slack (VIOLATED) :        -1.640ns  (required time - arrival time)
  Source:                 cnn_accelerator_system_i/cnn_accelerator_wino_0/inst/conv2/m_im_flat_reg[231]/C
                            (rising edge-triggered cell FDRE clocked by clk_out3_cnn_accelerator_system_clk_wiz_0_0  {rise@0.000ns fall@2.500ns period=5.000ns})
  Destination:            cnn_accelerator_system_i/cnn_accelerator_wino_0/inst/conv2/u_ot/yim_reg[3][3][26]/D
                            (rising edge-triggered cell FDRE clocked by clk_out3_cnn_accelerator_system_clk_wiz_0_0  {rise@0.000ns fall@2.500ns period=5.000ns})
  Path Group:             clk_out3_cnn_accelerator_system_clk_wiz_0_0
  Path Type:              Setup (Max at Slow Process Corner)
  Requirement:            5.000ns  (clk_out3_cnn_accelerator_system_clk_wiz_0_0 rise@5.000ns - clk_out3_cnn_accelerator_system_clk_wiz_0_0 rise@0.000ns)
  Data Path Delay:        6.526ns  (logic 3.374ns (51.698%)  route 3.152ns (48.302%))
  Logic Levels:           10  (CARRY4=6 LUT3=2 LUT4=2)
  Clock Path Skew:        -0.109ns (DCD - SCD + CPR)
    Destination Clock Delay (DCD):    4.919ns = ( 9.919 - 5.000 ) 
    Source Clock Delay      (SCD):    5.215ns
    Clock Pessimism Removal (CPR):    0.187ns
  Clock Uncertainty:      0.067ns  ((TSJ^2 + DJ^2)^1/2) / 2 + PE
    Total System Jitter     (TSJ):    0.071ns
    Discrete Jitter          (DJ):    0.113ns
    Phase Error              (PE):    0.000ns

    Location             Delay type                Incr(ns)  Path(ns)    Netlist Resource(s)
  -------------------------------------------------------------------    -------------------
                         (clock clk_out3_cnn_accelerator_system_clk_wiz_0_0 rise edge)
                                                      0.000     0.000 r  
    E3                                                0.000     0.000 r  CLK100MHZ (IN)
                         net (fo=0)                   0.000     0.000    CLK100MHZ
    E3                                                                r  CLK100MHZ_IBUF_inst/I
    E3                   IBUF (Prop_ibuf_I_O)         1.482     1.482 r  CLK100MHZ_IBUF_inst/O
                         net (fo=1, routed)           2.025     3.506    cnn_accelerator_system_i/util_ds_buf_0/U0/BUFG_I[0]
    BUFGCTRL_X0Y16                                                    r  cnn_accelerator_system_i/util_ds_buf_0/U0/USE_BUFG.GEN_BUFG[0].BUFG_U/I
    BUFGCTRL_X0Y16       BUFG (Prop_bufg_I_O)         0.096     3.602 r  cnn_accelerator_system_i/util_ds_buf_0/U0/USE_BUFG.GEN_BUFG[0].BUFG_U/O
                         net (fo=2, routed)           1.809     5.412    cnn_accelerator_system_i/clk_wiz_0/inst/clk_in1
    MMCME2_ADV_X0Y0                                                   r  cnn_accelerator_system_i/clk_wiz_0/inst/mmcm_adv_inst/CLKIN1
    MMCME2_ADV_X0Y0      MMCME2_ADV (Prop_mmcme2_adv_CLKIN1_CLKOUT2)
                                                     -3.922     1.490 r  cnn_accelerator_system_i/clk_wiz_0/inst/mmcm_adv_inst/CLKOUT2
                         net (fo=1, routed)           2.018     3.508    cnn_accelerator_system_i/clk_wiz_0/inst/clk_out3_cnn_accelerator_system_clk_wiz_0_0
    BUFGCTRL_X0Y2                                                     r  cnn_accelerator_system_i/clk_wiz_0/inst/clkout3_buf/I
    BUFGCTRL_X0Y2        BUFG (Prop_bufg_I_O)         0.096     3.604 r  cnn_accelerator_system_i/clk_wiz_0/inst/clkout3_buf/O
                         net (fo=37889, routed)       1.610     5.215    cnn_accelerator_system_i/cnn_accelerator_wino_0/inst/conv2/clk
    SLICE_X56Y78         FDRE                                         r  cnn_accelerator_system_i/cnn_accelerator_wino_0/inst/conv2/m_im_flat_reg[231]/C
  -------------------------------------------------------------------    -------------------
    SLICE_X56Y78         FDRE (Prop_fdre_C_Q)         0.518     5.733 r  cnn_accelerator_system_i/cnn_accelerator_wino_0/inst/conv2/m_im_flat_reg[231]/Q
                         net (fo=8, routed)           1.111     6.844    cnn_accelerator_system_i/cnn_accelerator_wino_0/inst/conv2/u_ot/yim_reg[3][4][27]_i_2_0[56]
    SLICE_X53Y68                                                      r  cnn_accelerator_system_i/cnn_accelerator_wino_0/inst/conv2/u_ot/yim[3][3][11]_i_11/I2
    SLICE_X53Y68         LUT3 (Prop_lut3_I2_O)        0.153     6.997 r  cnn_accelerator_system_i/cnn_accelerator_wino_0/inst/conv2/u_ot/yim[3][3][11]_i_11/O
                         net (fo=2, routed)           0.690     7.687    cnn_accelerator_system_i/cnn_accelerator_wino_0/inst/conv2/u_ot/yim[3][3][11]_i_11_n_0
    SLICE_X53Y68                                                      r  cnn_accelerator_system_i/cnn_accelerator_wino_0/inst/conv2/u_ot/yim[3][3][11]_i_15/I3
    SLICE_X53Y68         LUT4 (Prop_lut4_I3_O)        0.327     8.014 r  cnn_accelerator_system_i/cnn_accelerator_wino_0/inst/conv2/u_ot/yim[3][3][11]_i_15/O
                         net (fo=1, routed)           0.000     8.014    cnn_accelerator_system_i/cnn_accelerator_wino_0/inst/conv2/u_ot/yim[3][3][11]_i_15_n_0
    SLICE_X53Y68                                                      r  cnn_accelerator_system_i/cnn_accelerator_wino_0/inst/conv2/u_ot/yim_reg[3][3][11]_i_10/S[3]
    SLICE_X53Y68         CARRY4 (Prop_carry4_S[3]_CO[3])
                                                      0.401     8.415 r  cnn_accelerator_system_i/cnn_accelerator_wino_0/inst/conv2/u_ot/yim_reg[3][3][11]_i_10/CO[3]
                         net (fo=1, routed)           0.000     8.415    cnn_accelerator_system_i/cnn_accelerator_wino_0/inst/conv2/u_ot/yim_reg[3][3][11]_i_10_n_0
    SLICE_X53Y69                                                      r  cnn_accelerator_system_i/cnn_accelerator_wino_0/inst/conv2/u_ot/yim_reg[3][3][15]_i_10/CI
    SLICE_X53Y69         CARRY4 (Prop_carry4_CI_CO[3])
                                                      0.114     8.529 r  cnn_accelerator_system_i/cnn_accelerator_wino_0/inst/conv2/u_ot/yim_reg[3][3][15]_i_10/CO[3]
                         net (fo=1, routed)           0.000     8.529    cnn_accelerator_system_i/cnn_accelerator_wino_0/inst/conv2/u_ot/yim_reg[3][3][15]_i_10_n_0
    SLICE_X53Y70                                                      r  cnn_accelerator_system_i/cnn_accelerator_wino_0/inst/conv2/u_ot/yim_reg[3][3][19]_i_10/CI
    SLICE_X53Y70         CARRY4 (Prop_carry4_CI_CO[3])
                                                      0.114     8.643 r  cnn_accelerator_system_i/cnn_accelerator_wino_0/inst/conv2/u_ot/yim_reg[3][3][19]_i_10/CO[3]
                         net (fo=1, routed)           0.000     8.643    cnn_accelerator_system_i/cnn_accelerator_wino_0/inst/conv2/u_ot/yim_reg[3][3][19]_i_10_n_0
    SLICE_X53Y71                                                      r  cnn_accelerator_system_i/cnn_accelerator_wino_0/inst/conv2/u_ot/yim_reg[3][3][23]_i_10/CI
    SLICE_X53Y71         CARRY4 (Prop_carry4_CI_O[3])
                                                      0.313     8.956 r  cnn_accelerator_system_i/cnn_accelerator_wino_0/inst/conv2/u_ot/yim_reg[3][3][23]_i_10/O[3]
                         net (fo=2, routed)           0.871     9.827    cnn_accelerator_system_i/cnn_accelerator_wino_0/inst/conv2/u_ot/yim_reg[3][3][23]_i_10_n_4
    SLICE_X51Y74                                                      r  cnn_accelerator_system_i/cnn_accelerator_wino_0/inst/conv2/u_ot/yim[3][3][23]_i_5/I0
    SLICE_X51Y74         LUT3 (Prop_lut3_I0_O)        0.331    10.158 r  cnn_accelerator_system_i/cnn_accelerator_wino_0/inst/conv2/u_ot/yim[3][3][23]_i_5/O
                         net (fo=2, routed)           0.480    10.638    cnn_accelerator_system_i/cnn_accelerator_wino_0/inst/conv2/u_ot/yim[3][3][23]_i_5_n_0
    SLICE_X51Y75                                                      r  cnn_accelerator_system_i/cnn_accelerator_wino_0/inst/conv2/u_ot/yim[3][3][23]_i_9/I3
    SLICE_X51Y75         LUT4 (Prop_lut4_I3_O)        0.332    10.970 r  cnn_accelerator_system_i/cnn_accelerator_wino_0/inst/conv2/u_ot/yim[3][3][23]_i_9/O
                         net (fo=1, routed)           0.000    10.970    cnn_accelerator_system_i/cnn_accelerator_wino_0/inst/conv2/u_ot/yim[3][3][23]_i_9_n_0
    SLICE_X51Y75                                                      r  cnn_accelerator_system_i/cnn_accelerator_wino_0/inst/conv2/u_ot/yim_reg[3][3][23]_i_1/S[0]
    SLICE_X51Y75         CARRY4 (Prop_carry4_S[0]_CO[3])
                                                      0.532    11.502 r  cnn_accelerator_system_i/cnn_accelerator_wino_0/inst/conv2/u_ot/yim_reg[3][3][23]_i_1/CO[3]
                         net (fo=1, routed)           0.000    11.502    cnn_accelerator_system_i/cnn_accelerator_wino_0/inst/conv2/u_ot/yim_reg[3][3][23]_i_1_n_0
    SLICE_X51Y76                                                      r  cnn_accelerator_system_i/cnn_accelerator_wino_0/inst/conv2/u_ot/yim_reg[3][3][27]_i_1/CI
    SLICE_X51Y76         CARRY4 (Prop_carry4_CI_O[2])
                                                      0.239    11.741 r  cnn_accelerator_system_i/cnn_accelerator_wino_0/inst/conv2/u_ot/yim_reg[3][3][27]_i_1/O[2]
                         net (fo=1, routed)           0.000    11.741    cnn_accelerator_system_i/cnn_accelerator_wino_0/inst/conv2/u_ot/yim_c[3][3]_1097[26]
    SLICE_X51Y76         FDRE                                         r  cnn_accelerator_system_i/cnn_accelerator_wino_0/inst/conv2/u_ot/yim_reg[3][3][26]/D
  -------------------------------------------------------------------    -------------------

                         (clock clk_out3_cnn_accelerator_system_clk_wiz_0_0 rise edge)
                                                      5.000     5.000 r  
    E3                                                0.000     5.000 r  CLK100MHZ (IN)
                         net (fo=0)                   0.000     5.000    CLK100MHZ
    E3                                                                r  CLK100MHZ_IBUF_inst/I
    E3                   IBUF (Prop_ibuf_I_O)         1.411     6.411 r  CLK100MHZ_IBUF_inst/O
                         net (fo=1, routed)           1.920     8.331    cnn_accelerator_system_i/util_ds_buf_0/U0/BUFG_I[0]
    BUFGCTRL_X0Y16                                                    r  cnn_accelerator_system_i/util_ds_buf_0/U0/USE_BUFG.GEN_BUFG[0].BUFG_U/I
    BUFGCTRL_X0Y16       BUFG (Prop_bufg_I_O)         0.091     8.422 r  cnn_accelerator_system_i/util_ds_buf_0/U0/USE_BUFG.GEN_BUFG[0].BUFG_U/O
                         net (fo=2, routed)           1.683    10.105    cnn_accelerator_system_i/clk_wiz_0/inst/clk_in1
    MMCME2_ADV_X0Y0                                                   r  cnn_accelerator_system_i/clk_wiz_0/inst/mmcm_adv_inst/CLKIN1
    MMCME2_ADV_X0Y0      MMCME2_ADV (Prop_mmcme2_adv_CLKIN1_CLKOUT2)
                                                     -3.694     6.411 r  cnn_accelerator_system_i/clk_wiz_0/inst/mmcm_adv_inst/CLKOUT2
                         net (fo=1, routed)           1.923     8.334    cnn_accelerator_system_i/clk_wiz_0/inst/clk_out3_cnn_accelerator_system_clk_wiz_0_0
    BUFGCTRL_X0Y2                                                     r  cnn_accelerator_system_i/clk_wiz_0/inst/clkout3_buf/I
    BUFGCTRL_X0Y2        BUFG (Prop_bufg_I_O)         0.091     8.425 r  cnn_accelerator_system_i/clk_wiz_0/inst/clkout3_buf/O
                         net (fo=37889, routed)       1.493     9.919    cnn_accelerator_system_i/cnn_accelerator_wino_0/inst/conv2/u_ot/clk
    SLICE_X51Y76         FDRE                                         r  cnn_accelerator_system_i/cnn_accelerator_wino_0/inst/conv2/u_ot/yim_reg[3][3][26]/C
                         clock pessimism              0.187    10.106    
                         clock uncertainty           -0.067    10.039    
    SLICE_X51Y76         FDRE (Setup_fdre_C_D)        0.062    10.101    cnn_accelerator_system_i/cnn_accelerator_wino_0/inst/conv2/u_ot/yim_reg[3][3][26]
  -------------------------------------------------------------------
                         required time                         10.101    
                         arrival time                         -11.741    
  -------------------------------------------------------------------
                         slack                                 -1.640    

Slack (VIOLATED) :        -1.633ns  (required time - arrival time)
  Source:                 cnn_accelerator_system_i/cnn_accelerator_wino_0/inst/conv2/m_re_flat_reg[702]/C
                            (rising edge-triggered cell FDRE clocked by clk_out3_cnn_accelerator_system_clk_wiz_0_0  {rise@0.000ns fall@2.500ns period=5.000ns})
  Destination:            cnn_accelerator_system_i/cnn_accelerator_wino_0/inst/conv2/u_ot/yre_reg[0][4][26]/D
                            (rising edge-triggered cell FDRE clocked by clk_out3_cnn_accelerator_system_clk_wiz_0_0  {rise@0.000ns fall@2.500ns period=5.000ns})
  Path Group:             clk_out3_cnn_accelerator_system_clk_wiz_0_0
  Path Type:              Setup (Max at Slow Process Corner)
  Requirement:            5.000ns  (clk_out3_cnn_accelerator_system_clk_wiz_0_0 rise@5.000ns - clk_out3_cnn_accelerator_system_clk_wiz_0_0 rise@0.000ns)
  Data Path Delay:        6.533ns  (logic 3.192ns (48.856%)  route 3.341ns (51.144%))
  Logic Levels:           12  (CARRY4=8 LUT3=2 LUT4=2)
  Clock Path Skew:        -0.095ns (DCD - SCD + CPR)
    Destination Clock Delay (DCD):    4.929ns = ( 9.929 - 5.000 ) 
    Source Clock Delay      (SCD):    5.211ns
    Clock Pessimism Removal (CPR):    0.187ns
  Clock Uncertainty:      0.067ns  ((TSJ^2 + DJ^2)^1/2) / 2 + PE
    Total System Jitter     (TSJ):    0.071ns
    Discrete Jitter          (DJ):    0.113ns
    Phase Error              (PE):    0.000ns

    Location             Delay type                Incr(ns)  Path(ns)    Netlist Resource(s)
  -------------------------------------------------------------------    -------------------
                         (clock clk_out3_cnn_accelerator_system_clk_wiz_0_0 rise edge)
                                                      0.000     0.000 r  
    E3                                                0.000     0.000 r  CLK100MHZ (IN)
                         net (fo=0)                   0.000     0.000    CLK100MHZ
    E3                                                                r  CLK100MHZ_IBUF_inst/I
    E3                   IBUF (Prop_ibuf_I_O)         1.482     1.482 r  CLK100MHZ_IBUF_inst/O
                         net (fo=1, routed)           2.025     3.506    cnn_accelerator_system_i/util_ds_buf_0/U0/BUFG_I[0]
    BUFGCTRL_X0Y16                                                    r  cnn_accelerator_system_i/util_ds_buf_0/U0/USE_BUFG.GEN_BUFG[0].BUFG_U/I
    BUFGCTRL_X0Y16       BUFG (Prop_bufg_I_O)         0.096     3.602 r  cnn_accelerator_system_i/util_ds_buf_0/U0/USE_BUFG.GEN_BUFG[0].BUFG_U/O
                         net (fo=2, routed)           1.809     5.412    cnn_accelerator_system_i/clk_wiz_0/inst/clk_in1
    MMCME2_ADV_X0Y0                                                   r  cnn_accelerator_system_i/clk_wiz_0/inst/mmcm_adv_inst/CLKIN1
    MMCME2_ADV_X0Y0      MMCME2_ADV (Prop_mmcme2_adv_CLKIN1_CLKOUT2)
                                                     -3.922     1.490 r  cnn_accelerator_system_i/clk_wiz_0/inst/mmcm_adv_inst/CLKOUT2
                         net (fo=1, routed)           2.018     3.508    cnn_accelerator_system_i/clk_wiz_0/inst/clk_out3_cnn_accelerator_system_clk_wiz_0_0
    BUFGCTRL_X0Y2                                                     r  cnn_accelerator_system_i/clk_wiz_0/inst/clkout3_buf/I
    BUFGCTRL_X0Y2        BUFG (Prop_bufg_I_O)         0.096     3.604 r  cnn_accelerator_system_i/clk_wiz_0/inst/clkout3_buf/O
                         net (fo=37889, routed)       1.606     5.211    cnn_accelerator_system_i/cnn_accelerator_wino_0/inst/conv2/clk
    SLICE_X52Y72         FDRE                                         r  cnn_accelerator_system_i/cnn_accelerator_wino_0/inst/conv2/m_re_flat_reg[702]/C
  -------------------------------------------------------------------    -------------------
    SLICE_X52Y72         FDRE (Prop_fdre_C_Q)         0.456     5.667 r  cnn_accelerator_system_i/cnn_accelerator_wino_0/inst/conv2/m_re_flat_reg[702]/Q
                         net (fo=19, routed)          1.166     6.833    cnn_accelerator_system_i/cnn_accelerator_wino_0/inst/conv2/u_ot/Q[502]
    SLICE_X45Y70                                                      r  cnn_accelerator_system_i/cnn_accelerator_wino_0/inst/conv2/u_ot/yre[0][3][7]_i_11/I2
    SLICE_X45Y70         LUT3 (Prop_lut3_I2_O)        0.154     6.987 r  cnn_accelerator_system_i/cnn_accelerator_wino_0/inst/conv2/u_ot/yre[0][3][7]_i_11/O
                         net (fo=4, routed)           0.721     7.708    cnn_accelerator_system_i/cnn_accelerator_wino_0/inst/conv2/u_ot/yre[0][3][7]_i_11_n_0
    SLICE_X45Y70                                                      r  cnn_accelerator_system_i/cnn_accelerator_wino_0/inst/conv2/u_ot/yre[0][4][7]_i_11/I3
    SLICE_X45Y70         LUT4 (Prop_lut4_I3_O)        0.327     8.035 r  cnn_accelerator_system_i/cnn_accelerator_wino_0/inst/conv2/u_ot/yre[0][4][7]_i_11/O
                         net (fo=1, routed)           0.000     8.035    cnn_accelerator_system_i/cnn_accelerator_wino_0/inst/conv2/u_ot/yre[0][4][7]_i_11_n_0
    SLICE_X45Y70                                                      r  cnn_accelerator_system_i/cnn_accelerator_wino_0/inst/conv2/u_ot/yre_reg[0][4][7]_i_10/S[3]
    SLICE_X45Y70         CARRY4 (Prop_carry4_S[3]_CO[3])
                                                      0.401     8.436 r  cnn_accelerator_system_i/cnn_accelerator_wino_0/inst/conv2/u_ot/yre_reg[0][4][7]_i_10/CO[3]
                         net (fo=1, routed)           0.000     8.436    cnn_accelerator_system_i/cnn_accelerator_wino_0/inst/conv2/u_ot/yre_reg[0][4][7]_i_10_n_0
    SLICE_X45Y71                                                      r  cnn_accelerator_system_i/cnn_accelerator_wino_0/inst/conv2/u_ot/yre_reg[0][4][11]_i_10/CI
    SLICE_X45Y71         CARRY4 (Prop_carry4_CI_CO[3])
                                                      0.114     8.550 r  cnn_accelerator_system_i/cnn_accelerator_wino_0/inst/conv2/u_ot/yre_reg[0][4][11]_i_10/CO[3]
                         net (fo=1, routed)           0.000     8.550    cnn_accelerator_system_i/cnn_accelerator_wino_0/inst/conv2/u_ot/yre_reg[0][4][11]_i_10_n_0
    SLICE_X45Y72                                                      r  cnn_accelerator_system_i/cnn_accelerator_wino_0/inst/conv2/u_ot/yre_reg[0][4][15]_i_10/CI
    SLICE_X45Y72         CARRY4 (Prop_carry4_CI_O[1])
                                                      0.334     8.884 r  cnn_accelerator_system_i/cnn_accelerator_wino_0/inst/conv2/u_ot/yre_reg[0][4][15]_i_10/O[1]
                         net (fo=2, routed)           0.465     9.349    cnn_accelerator_system_i/cnn_accelerator_wino_0/inst/conv2/u_ot/yre_reg[0][4][15]_i_10_n_6
    SLICE_X46Y73                                                      r  cnn_accelerator_system_i/cnn_accelerator_wino_0/inst/conv2/u_ot/yre[0][4][11]_i_3/I1
    SLICE_X46Y73         LUT3 (Prop_lut3_I1_O)        0.303     9.652 r  cnn_accelerator_system_i/cnn_accelerator_wino_0/inst/conv2/u_ot/yre[0][4][11]_i_3/O
                         net (fo=2, routed)           0.980    10.632    cnn_accelerator_system_i/cnn_accelerator_wino_0/inst/conv2/u_ot/yre[0][4][11]_i_3_n_0
    SLICE_X41Y74                                                      r  cnn_accelerator_system_i/cnn_accelerator_wino_0/inst/conv2/u_ot/yre[0][4][11]_i_7/I3
    SLICE_X41Y74         LUT4 (Prop_lut4_I3_O)        0.124    10.756 r  cnn_accelerator_system_i/cnn_accelerator_wino_0/inst/conv2/u_ot/yre[0][4][11]_i_7/O
                         net (fo=1, routed)           0.000    10.756    cnn_accelerator_system_i/cnn_accelerator_wino_0/inst/conv2/u_ot/yre[0][4][11]_i_7_n_0
    SLICE_X41Y74                                                      r  cnn_accelerator_system_i/cnn_accelerator_wino_0/inst/conv2/u_ot/yre_reg[0][4][11]_i_1/S[2]
    SLICE_X41Y74         CARRY4 (Prop_carry4_S[2]_CO[3])
                                                      0.398    11.154 r  cnn_accelerator_system_i/cnn_accelerator_wino_0/inst/conv2/u_ot/yre_reg[0][4][11]_i_1/CO[3]
                         net (fo=1, routed)           0.009    11.163    cnn_accelerator_system_i/cnn_accelerator_wino_0/inst/conv2/u_ot/yre_reg[0][4][11]_i_1_n_0
    SLICE_X41Y75                                                      r  cnn_accelerator_system_i/cnn_accelerator_wino_0/inst/conv2/u_ot/yre_reg[0][4][15]_i_1/CI
    SLICE_X41Y75         CARRY4 (Prop_carry4_CI_CO[3])
                                                      0.114    11.277 r  cnn_accelerator_system_i/cnn_accelerator_wino_0/inst/conv2/u_ot/yre_reg[0][4][15]_i_1/CO[3]
                         net (fo=1, routed)           0.000    11.277    cnn_accelerator_system_i/cnn_accelerator_wino_0/inst/conv2/u_ot/yre_reg[0][4][15]_i_1_n_0
    SLICE_X41Y76                                                      r  cnn_accelerator_system_i/cnn_accelerator_wino_0/inst/conv2/u_ot/yre_reg[0][4][19]_i_1/CI
    SLICE_X41Y76         CARRY4 (Prop_carry4_CI_CO[3])
                                                      0.114    11.391 r  cnn_accelerator_system_i/cnn_accelerator_wino_0/inst/conv2/u_ot/yre_reg[0][4][19]_i_1/CO[3]
                         net (fo=1, routed)           0.000    11.391    cnn_accelerator_system_i/cnn_accelerator_wino_0/inst/conv2/u_ot/yre_reg[0][4][19]_i_1_n_0
    SLICE_X41Y77                                                      r  cnn_accelerator_system_i/cnn_accelerator_wino_0/inst/conv2/u_ot/yre_reg[0][4][23]_i_1/CI
    SLICE_X41Y77         CARRY4 (Prop_carry4_CI_CO[3])
                                                      0.114    11.505 r  cnn_accelerator_system_i/cnn_accelerator_wino_0/inst/conv2/u_ot/yre_reg[0][4][23]_i_1/CO[3]
                         net (fo=1, routed)           0.000    11.505    cnn_accelerator_system_i/cnn_accelerator_wino_0/inst/conv2/u_ot/yre_reg[0][4][23]_i_1_n_0
    SLICE_X41Y78                                                      r  cnn_accelerator_system_i/cnn_accelerator_wino_0/inst/conv2/u_ot/yre_reg[0][4][27]_i_1/CI
    SLICE_X41Y78         CARRY4 (Prop_carry4_CI_O[2])
                                                      0.239    11.744 r  cnn_accelerator_system_i/cnn_accelerator_wino_0/inst/conv2/u_ot/yre_reg[0][4][27]_i_1/O[2]
                         net (fo=1, routed)           0.000    11.744    cnn_accelerator_system_i/cnn_accelerator_wino_0/inst/conv2/u_ot/yre_c[0][4]_1084[26]
    SLICE_X41Y78         FDRE                                         r  cnn_accelerator_system_i/cnn_accelerator_wino_0/inst/conv2/u_ot/yre_reg[0][4][26]/D
  -------------------------------------------------------------------    -------------------

                         (clock clk_out3_cnn_accelerator_system_clk_wiz_0_0 rise edge)
                                                      5.000     5.000 r  
    E3                                                0.000     5.000 r  CLK100MHZ (IN)
                         net (fo=0)                   0.000     5.000    CLK100MHZ
    E3                                                                r  CLK100MHZ_IBUF_inst/I
    E3                   IBUF (Prop_ibuf_I_O)         1.411     6.411 r  CLK100MHZ_IBUF_inst/O
                         net (fo=1, routed)           1.920     8.331    cnn_accelerator_system_i/util_ds_buf_0/U0/BUFG_I[0]
    BUFGCTRL_X0Y16                                                    r  cnn_accelerator_system_i/util_ds_buf_0/U0/USE_BUFG.GEN_BUFG[0].BUFG_U/I
    BUFGCTRL_X0Y16       BUFG (Prop_bufg_I_O)         0.091     8.422 r  cnn_accelerator_system_i/util_ds_buf_0/U0/USE_BUFG.GEN_BUFG[0].BUFG_U/O
                         net (fo=2, routed)           1.683    10.105    cnn_accelerator_system_i/clk_wiz_0/inst/clk_in1
    MMCME2_ADV_X0Y0                                                   r  cnn_accelerator_system_i/clk_wiz_0/inst/mmcm_adv_inst/CLKIN1
    MMCME2_ADV_X0Y0      MMCME2_ADV (Prop_mmcme2_adv_CLKIN1_CLKOUT2)
                                                     -3.694     6.411 r  cnn_accelerator_system_i/clk_wiz_0/inst/mmcm_adv_inst/CLKOUT2
                         net (fo=1, routed)           1.923     8.334    cnn_accelerator_system_i/clk_wiz_0/inst/clk_out3_cnn_accelerator_system_clk_wiz_0_0
    BUFGCTRL_X0Y2                                                     r  cnn_accelerator_system_i/clk_wiz_0/inst/clkout3_buf/I
    BUFGCTRL_X0Y2        BUFG (Prop_bufg_I_O)         0.091     8.425 r  cnn_accelerator_system_i/clk_wiz_0/inst/clkout3_buf/O
                         net (fo=37889, routed)       1.503     9.929    cnn_accelerator_system_i/cnn_accelerator_wino_0/inst/conv2/u_ot/clk
    SLICE_X41Y78         FDRE                                         r  cnn_accelerator_system_i/cnn_accelerator_wino_0/inst/conv2/u_ot/yre_reg[0][4][26]/C
                         clock pessimism              0.187    10.116    
                         clock uncertainty           -0.067    10.049    
    SLICE_X41Y78         FDRE (Setup_fdre_C_D)        0.062    10.111    cnn_accelerator_system_i/cnn_accelerator_wino_0/inst/conv2/u_ot/yre_reg[0][4][26]
  -------------------------------------------------------------------
                         required time                         10.111    
                         arrival time                         -11.744    
  -------------------------------------------------------------------
                         slack                                 -1.633    

Slack (VIOLATED) :        -1.624ns  (required time - arrival time)
  Source:                 cnn_accelerator_system_i/cnn_accelerator_wino_0/inst/conv2/m_im_flat_reg[231]/C
                            (rising edge-triggered cell FDRE clocked by clk_out3_cnn_accelerator_system_clk_wiz_0_0  {rise@0.000ns fall@2.500ns period=5.000ns})
  Destination:            cnn_accelerator_system_i/cnn_accelerator_wino_0/inst/conv2/u_ot/yim_reg[3][3][24]/D
                            (rising edge-triggered cell FDRE clocked by clk_out3_cnn_accelerator_system_clk_wiz_0_0  {rise@0.000ns fall@2.500ns period=5.000ns})
  Path Group:             clk_out3_cnn_accelerator_system_clk_wiz_0_0
  Path Type:              Setup (Max at Slow Process Corner)
  Requirement:            5.000ns  (clk_out3_cnn_accelerator_system_clk_wiz_0_0 rise@5.000ns - clk_out3_cnn_accelerator_system_clk_wiz_0_0 rise@0.000ns)
  Data Path Delay:        6.510ns  (logic 3.358ns (51.579%)  route 3.152ns (48.420%))
  Logic Levels:           10  (CARRY4=6 LUT3=2 LUT4=2)
  Clock Path Skew:        -0.109ns (DCD - SCD + CPR)
    Destination Clock Delay (DCD):    4.919ns = ( 9.919 - 5.000 ) 
    Source Clock Delay      (SCD):    5.215ns
    Clock Pessimism Removal (CPR):    0.187ns
  Clock Uncertainty:      0.067ns  ((TSJ^2 + DJ^2)^1/2) / 2 + PE
    Total System Jitter     (TSJ):    0.071ns
    Discrete Jitter          (DJ):    0.113ns
    Phase Error              (PE):    0.000ns

    Location             Delay type                Incr(ns)  Path(ns)    Netlist Resource(s)
  -------------------------------------------------------------------    -------------------
                         (clock clk_out3_cnn_accelerator_system_clk_wiz_0_0 rise edge)
                                                      0.000     0.000 r  
    E3                                                0.000     0.000 r  CLK100MHZ (IN)
                         net (fo=0)                   0.000     0.000    CLK100MHZ
    E3                                                                r  CLK100MHZ_IBUF_inst/I
    E3                   IBUF (Prop_ibuf_I_O)         1.482     1.482 r  CLK100MHZ_IBUF_inst/O
                         net (fo=1, routed)           2.025     3.506    cnn_accelerator_system_i/util_ds_buf_0/U0/BUFG_I[0]
    BUFGCTRL_X0Y16                                                    r  cnn_accelerator_system_i/util_ds_buf_0/U0/USE_BUFG.GEN_BUFG[0].BUFG_U/I
    BUFGCTRL_X0Y16       BUFG (Prop_bufg_I_O)         0.096     3.602 r  cnn_accelerator_system_i/util_ds_buf_0/U0/USE_BUFG.GEN_BUFG[0].BUFG_U/O
                         net (fo=2, routed)           1.809     5.412    cnn_accelerator_system_i/clk_wiz_0/inst/clk_in1
    MMCME2_ADV_X0Y0                                                   r  cnn_accelerator_system_i/clk_wiz_0/inst/mmcm_adv_inst/CLKIN1
    MMCME2_ADV_X0Y0      MMCME2_ADV (Prop_mmcme2_adv_CLKIN1_CLKOUT2)
                                                     -3.922     1.490 r  cnn_accelerator_system_i/clk_wiz_0/inst/mmcm_adv_inst/CLKOUT2
                         net (fo=1, routed)           2.018     3.508    cnn_accelerator_system_i/clk_wiz_0/inst/clk_out3_cnn_accelerator_system_clk_wiz_0_0
    BUFGCTRL_X0Y2                                                     r  cnn_accelerator_system_i/clk_wiz_0/inst/clkout3_buf/I
    BUFGCTRL_X0Y2        BUFG (Prop_bufg_I_O)         0.096     3.604 r  cnn_accelerator_system_i/clk_wiz_0/inst/clkout3_buf/O
                         net (fo=37889, routed)       1.610     5.215    cnn_accelerator_system_i/cnn_accelerator_wino_0/inst/conv2/clk
    SLICE_X56Y78         FDRE                                         r  cnn_accelerator_system_i/cnn_accelerator_wino_0/inst/conv2/m_im_flat_reg[231]/C
  -------------------------------------------------------------------    -------------------
    SLICE_X56Y78         FDRE (Prop_fdre_C_Q)         0.518     5.733 r  cnn_accelerator_system_i/cnn_accelerator_wino_0/inst/conv2/m_im_flat_reg[231]/Q
                         net (fo=8, routed)           1.111     6.844    cnn_accelerator_system_i/cnn_accelerator_wino_0/inst/conv2/u_ot/yim_reg[3][4][27]_i_2_0[56]
    SLICE_X53Y68                                                      r  cnn_accelerator_system_i/cnn_accelerator_wino_0/inst/conv2/u_ot/yim[3][3][11]_i_11/I2
    SLICE_X53Y68         LUT3 (Prop_lut3_I2_O)        0.153     6.997 r  cnn_accelerator_system_i/cnn_accelerator_wino_0/inst/conv2/u_ot/yim[3][3][11]_i_11/O
                         net (fo=2, routed)           0.690     7.687    cnn_accelerator_system_i/cnn_accelerator_wino_0/inst/conv2/u_ot/yim[3][3][11]_i_11_n_0
    SLICE_X53Y68                                                      r  cnn_accelerator_system_i/cnn_accelerator_wino_0/inst/conv2/u_ot/yim[3][3][11]_i_15/I3
    SLICE_X53Y68         LUT4 (Prop_lut4_I3_O)        0.327     8.014 r  cnn_accelerator_system_i/cnn_accelerator_wino_0/inst/conv2/u_ot/yim[3][3][11]_i_15/O
                         net (fo=1, routed)           0.000     8.014    cnn_accelerator_system_i/cnn_accelerator_wino_0/inst/conv2/u_ot/yim[3][3][11]_i_15_n_0
    SLICE_X53Y68                                                      r  cnn_accelerator_system_i/cnn_accelerator_wino_0/inst/conv2/u_ot/yim_reg[3][3][11]_i_10/S[3]
    SLICE_X53Y68         CARRY4 (Prop_carry4_S[3]_CO[3])
                                                      0.401     8.415 r  cnn_accelerator_system_i/cnn_accelerator_wino_0/inst/conv2/u_ot/yim_reg[3][3][11]_i_10/CO[3]
                         net (fo=1, routed)           0.000     8.415    cnn_accelerator_system_i/cnn_accelerator_wino_0/inst/conv2/u_ot/yim_reg[3][3][11]_i_10_n_0
    SLICE_X53Y69                                                      r  cnn_accelerator_system_i/cnn_accelerator_wino_0/inst/conv2/u_ot/yim_reg[3][3][15]_i_10/CI
    SLICE_X53Y69         CARRY4 (Prop_carry4_CI_CO[3])
                                                      0.114     8.529 r  cnn_accelerator_system_i/cnn_accelerator_wino_0/inst/conv2/u_ot/yim_reg[3][3][15]_i_10/CO[3]
                         net (fo=1, routed)           0.000     8.529    cnn_accelerator_system_i/cnn_accelerator_wino_0/inst/conv2/u_ot/yim_reg[3][3][15]_i_10_n_0
    SLICE_X53Y70                                                      r  cnn_accelerator_system_i/cnn_accelerator_wino_0/inst/conv2/u_ot/yim_reg[3][3][19]_i_10/CI
    SLICE_X53Y70         CARRY4 (Prop_carry4_CI_CO[3])
                                                      0.114     8.643 r  cnn_accelerator_system_i/cnn_accelerator_wino_0/inst/conv2/u_ot/yim_reg[3][3][19]_i_10/CO[3]
                         net (fo=1, routed)           0.000     8.643    cnn_accelerator_system_i/cnn_accelerator_wino_0/inst/conv2/u_ot/yim_reg[3][3][19]_i_10_n_0
    SLICE_X53Y71                                                      r  cnn_accelerator_system_i/cnn_accelerator_wino_0/inst/conv2/u_ot/yim_reg[3][3][23]_i_10/CI
    SLICE_X53Y71         CARRY4 (Prop_carry4_CI_O[3])
                                                      0.313     8.956 r  cnn_accelerator_system_i/cnn_accelerator_wino_0/inst/conv2/u_ot/yim_reg[3][3][23]_i_10/O[3]
                         net (fo=2, routed)           0.871     9.827    cnn_accelerator_system_i/cnn_accelerator_wino_0/inst/conv2/u_ot/yim_reg[3][3][23]_i_10_n_4
    SLICE_X51Y74                                                      r  cnn_accelerator_system_i/cnn_accelerator_wino_0/inst/conv2/u_ot/yim[3][3][23]_i_5/I0
    SLICE_X51Y74         LUT3 (Prop_lut3_I0_O)        0.331    10.158 r  cnn_accelerator_system_i/cnn_accelerator_wino_0/inst/conv2/u_ot/yim[3][3][23]_i_5/O
                         net (fo=2, routed)           0.480    10.638    cnn_accelerator_system_i/cnn_accelerator_wino_0/inst/conv2/u_ot/yim[3][3][23]_i_5_n_0
    SLICE_X51Y75                                                      r  cnn_accelerator_system_i/cnn_accelerator_wino_0/inst/conv2/u_ot/yim[3][3][23]_i_9/I3
    SLICE_X51Y75         LUT4 (Prop_lut4_I3_O)        0.332    10.970 r  cnn_accelerator_system_i/cnn_accelerator_wino_0/inst/conv2/u_ot/yim[3][3][23]_i_9/O
                         net (fo=1, routed)           0.000    10.970    cnn_accelerator_system_i/cnn_accelerator_wino_0/inst/conv2/u_ot/yim[3][3][23]_i_9_n_0
    SLICE_X51Y75                                                      r  cnn_accelerator_system_i/cnn_accelerator_wino_0/inst/conv2/u_ot/yim_reg[3][3][23]_i_1/S[0]
    SLICE_X51Y75         CARRY4 (Prop_carry4_S[0]_CO[3])
                                                      0.532    11.502 r  cnn_accelerator_system_i/cnn_accelerator_wino_0/inst/conv2/u_ot/yim_reg[3][3][23]_i_1/CO[3]
                         net (fo=1, routed)           0.000    11.502    cnn_accelerator_system_i/cnn_accelerator_wino_0/inst/conv2/u_ot/yim_reg[3][3][23]_i_1_n_0
    SLICE_X51Y76                                                      r  cnn_accelerator_system_i/cnn_accelerator_wino_0/inst/conv2/u_ot/yim_reg[3][3][27]_i_1/CI
    SLICE_X51Y76         CARRY4 (Prop_carry4_CI_O[0])
                                                      0.223    11.725 r  cnn_accelerator_system_i/cnn_accelerator_wino_0/inst/conv2/u_ot/yim_reg[3][3][27]_i_1/O[0]
                         net (fo=1, routed)           0.000    11.725    cnn_accelerator_system_i/cnn_accelerator_wino_0/inst/conv2/u_ot/yim_c[3][3]_1097[24]
    SLICE_X51Y76         FDRE                                         r  cnn_accelerator_system_i/cnn_accelerator_wino_0/inst/conv2/u_ot/yim_reg[3][3][24]/D
  -------------------------------------------------------------------    -------------------

                         (clock clk_out3_cnn_accelerator_system_clk_wiz_0_0 rise edge)
                                                      5.000     5.000 r  
    E3                                                0.000     5.000 r  CLK100MHZ (IN)
                         net (fo=0)                   0.000     5.000    CLK100MHZ
    E3                                                                r  CLK100MHZ_IBUF_inst/I
    E3                   IBUF (Prop_ibuf_I_O)         1.411     6.411 r  CLK100MHZ_IBUF_inst/O
                         net (fo=1, routed)           1.920     8.331    cnn_accelerator_system_i/util_ds_buf_0/U0/BUFG_I[0]
    BUFGCTRL_X0Y16                                                    r  cnn_accelerator_system_i/util_ds_buf_0/U0/USE_BUFG.GEN_BUFG[0].BUFG_U/I
    BUFGCTRL_X0Y16       BUFG (Prop_bufg_I_O)         0.091     8.422 r  cnn_accelerator_system_i/util_ds_buf_0/U0/USE_BUFG.GEN_BUFG[0].BUFG_U/O
                         net (fo=2, routed)           1.683    10.105    cnn_accelerator_system_i/clk_wiz_0/inst/clk_in1
    MMCME2_ADV_X0Y0                                                   r  cnn_accelerator_system_i/clk_wiz_0/inst/mmcm_adv_inst/CLKIN1
    MMCME2_ADV_X0Y0      MMCME2_ADV (Prop_mmcme2_adv_CLKIN1_CLKOUT2)
                                                     -3.694     6.411 r  cnn_accelerator_system_i/clk_wiz_0/inst/mmcm_adv_inst/CLKOUT2
                         net (fo=1, routed)           1.923     8.334    cnn_accelerator_system_i/clk_wiz_0/inst/clk_out3_cnn_accelerator_system_clk_wiz_0_0
    BUFGCTRL_X0Y2                                                     r  cnn_accelerator_system_i/clk_wiz_0/inst/clkout3_buf/I
    BUFGCTRL_X0Y2        BUFG (Prop_bufg_I_O)         0.091     8.425 r  cnn_accelerator_system_i/clk_wiz_0/inst/clkout3_buf/O
                         net (fo=37889, routed)       1.493     9.919    cnn_accelerator_system_i/cnn_accelerator_wino_0/inst/conv2/u_ot/clk
    SLICE_X51Y76         FDRE                                         r  cnn_accelerator_system_i/cnn_accelerator_wino_0/inst/conv2/u_ot/yim_reg[3][3][24]/C
                         clock pessimism              0.187    10.106    
                         clock uncertainty           -0.067    10.039    
    SLICE_X51Y76         FDRE (Setup_fdre_C_D)        0.062    10.101    cnn_accelerator_system_i/cnn_accelerator_wino_0/inst/conv2/u_ot/yim_reg[3][3][24]
  -------------------------------------------------------------------
                         required time                         10.101    
                         arrival time                         -11.725    
  -------------------------------------------------------------------
                         slack                                 -1.624    

Slack (VIOLATED) :        -1.623ns  (required time - arrival time)
  Source:                 cnn_accelerator_system_i/cnn_accelerator_wino_0/inst/conv2/m_re_flat_reg[177]/C
                            (rising edge-triggered cell FDRE clocked by clk_out3_cnn_accelerator_system_clk_wiz_0_0  {rise@0.000ns fall@2.500ns period=5.000ns})
  Destination:            cnn_accelerator_system_i/cnn_accelerator_wino_0/inst/conv2/u_ot/yre_reg[3][1][27]/D
                            (rising edge-triggered cell FDRE clocked by clk_out3_cnn_accelerator_system_clk_wiz_0_0  {rise@0.000ns fall@2.500ns period=5.000ns})
  Path Group:             clk_out3_cnn_accelerator_system_clk_wiz_0_0
  Path Type:              Setup (Max at Slow Process Corner)
  Requirement:            5.000ns  (clk_out3_cnn_accelerator_system_clk_wiz_0_0 rise@5.000ns - clk_out3_cnn_accelerator_system_clk_wiz_0_0 rise@0.000ns)
  Data Path Delay:        6.509ns  (logic 3.469ns (53.299%)  route 3.040ns (46.701%))
  Logic Levels:           11  (CARRY4=7 LUT3=2 LUT4=2)
  Clock Path Skew:        -0.110ns (DCD - SCD + CPR)
    Destination Clock Delay (DCD):    4.924ns = ( 9.924 - 5.000 ) 
    Source Clock Delay      (SCD):    5.221ns
    Clock Pessimism Removal (CPR):    0.187ns
  Clock Uncertainty:      0.067ns  ((TSJ^2 + DJ^2)^1/2) / 2 + PE
    Total System Jitter     (TSJ):    0.071ns
    Discrete Jitter          (DJ):    0.113ns
    Phase Error              (PE):    0.000ns

    Location             Delay type                Incr(ns)  Path(ns)    Netlist Resource(s)
  -------------------------------------------------------------------    -------------------
                         (clock clk_out3_cnn_accelerator_system_clk_wiz_0_0 rise edge)
                                                      0.000     0.000 r  
    E3                                                0.000     0.000 r  CLK100MHZ (IN)
                         net (fo=0)                   0.000     0.000    CLK100MHZ
    E3                                                                r  CLK100MHZ_IBUF_inst/I
    E3                   IBUF (Prop_ibuf_I_O)         1.482     1.482 r  CLK100MHZ_IBUF_inst/O
                         net (fo=1, routed)           2.025     3.506    cnn_accelerator_system_i/util_ds_buf_0/U0/BUFG_I[0]
    BUFGCTRL_X0Y16                                                    r  cnn_accelerator_system_i/util_ds_buf_0/U0/USE_BUFG.GEN_BUFG[0].BUFG_U/I
    BUFGCTRL_X0Y16       BUFG (Prop_bufg_I_O)         0.096     3.602 r  cnn_accelerator_system_i/util_ds_buf_0/U0/USE_BUFG.GEN_BUFG[0].BUFG_U/O
                         net (fo=2, routed)           1.809     5.412    cnn_accelerator_system_i/clk_wiz_0/inst/clk_in1
    MMCME2_ADV_X0Y0                                                   r  cnn_accelerator_system_i/clk_wiz_0/inst/mmcm_adv_inst/CLKIN1
    MMCME2_ADV_X0Y0      MMCME2_ADV (Prop_mmcme2_adv_CLKIN1_CLKOUT2)
                                                     -3.922     1.490 r  cnn_accelerator_system_i/clk_wiz_0/inst/mmcm_adv_inst/CLKOUT2
                         net (fo=1, routed)           2.018     3.508    cnn_accelerator_system_i/clk_wiz_0/inst/clk_out3_cnn_accelerator_system_clk_wiz_0_0
    BUFGCTRL_X0Y2                                                     r  cnn_accelerator_system_i/clk_wiz_0/inst/clkout3_buf/I
    BUFGCTRL_X0Y2        BUFG (Prop_bufg_I_O)         0.096     3.604 r  cnn_accelerator_system_i/clk_wiz_0/inst/clkout3_buf/O
                         net (fo=37889, routed)       1.616     5.221    cnn_accelerator_system_i/cnn_accelerator_wino_0/inst/conv2/clk
    SLICE_X45Y77         FDRE                                         r  cnn_accelerator_system_i/cnn_accelerator_wino_0/inst/conv2/m_re_flat_reg[177]/C
  -------------------------------------------------------------------    -------------------
    SLICE_X45Y77         FDRE (Prop_fdre_C_Q)         0.456     5.677 r  cnn_accelerator_system_i/cnn_accelerator_wino_0/inst/conv2/m_re_flat_reg[177]/Q
                         net (fo=8, routed)           1.203     6.880    cnn_accelerator_system_i/cnn_accelerator_wino_0/inst/conv2/u_ot/Q[152]
    SLICE_X59Y76                                                      r  cnn_accelerator_system_i/cnn_accelerator_wino_0/inst/conv2/u_ot/yre[3][1][7]_i_11/I2
    SLICE_X59Y76         LUT3 (Prop_lut3_I2_O)        0.154     7.034 r  cnn_accelerator_system_i/cnn_accelerator_wino_0/inst/conv2/u_ot/yre[3][1][7]_i_11/O
                         net (fo=2, routed)           0.690     7.724    cnn_accelerator_system_i/cnn_accelerator_wino_0/inst/conv2/u_ot/yre[3][1][7]_i_11_n_0
    SLICE_X59Y76                                                      r  cnn_accelerator_system_i/cnn_accelerator_wino_0/inst/conv2/u_ot/yre[3][1][7]_i_14/I3
    SLICE_X59Y76         LUT4 (Prop_lut4_I3_O)        0.327     8.051 r  cnn_accelerator_system_i/cnn_accelerator_wino_0/inst/conv2/u_ot/yre[3][1][7]_i_14/O
                         net (fo=1, routed)           0.000     8.051    cnn_accelerator_system_i/cnn_accelerator_wino_0/inst/conv2/u_ot/yre[3][1][7]_i_14_n_0
    SLICE_X59Y76                                                      r  cnn_accelerator_system_i/cnn_accelerator_wino_0/inst/conv2/u_ot/yre_reg[3][1][7]_i_10/S[3]
    SLICE_X59Y76         CARRY4 (Prop_carry4_S[3]_CO[3])
                                                      0.401     8.452 r  cnn_accelerator_system_i/cnn_accelerator_wino_0/inst/conv2/u_ot/yre_reg[3][1][7]_i_10/CO[3]
                         net (fo=1, routed)           0.000     8.452    cnn_accelerator_system_i/cnn_accelerator_wino_0/inst/conv2/u_ot/yre_reg[3][1][7]_i_10_n_0
    SLICE_X59Y77                                                      r  cnn_accelerator_system_i/cnn_accelerator_wino_0/inst/conv2/u_ot/yre_reg[3][1][11]_i_10/CI
    SLICE_X59Y77         CARRY4 (Prop_carry4_CI_CO[3])
                                                      0.114     8.566 r  cnn_accelerator_system_i/cnn_accelerator_wino_0/inst/conv2/u_ot/yre_reg[3][1][11]_i_10/CO[3]
                         net (fo=1, routed)           0.000     8.566    cnn_accelerator_system_i/cnn_accelerator_wino_0/inst/conv2/u_ot/yre_reg[3][1][11]_i_10_n_0
    SLICE_X59Y78                                                      r  cnn_accelerator_system_i/cnn_accelerator_wino_0/inst/conv2/u_ot/yre_reg[3][1][15]_i_10/CI
    SLICE_X59Y78         CARRY4 (Prop_carry4_CI_CO[3])
                                                      0.114     8.680 r  cnn_accelerator_system_i/cnn_accelerator_wino_0/inst/conv2/u_ot/yre_reg[3][1][15]_i_10/CO[3]
                         net (fo=1, routed)           0.000     8.680    cnn_accelerator_system_i/cnn_accelerator_wino_0/inst/conv2/u_ot/yre_reg[3][1][15]_i_10_n_0
    SLICE_X59Y79                                                      r  cnn_accelerator_system_i/cnn_accelerator_wino_0/inst/conv2/u_ot/yre_reg[3][1][19]_i_10/CI
    SLICE_X59Y79         CARRY4 (Prop_carry4_CI_CO[3])
                                                      0.114     8.794 r  cnn_accelerator_system_i/cnn_accelerator_wino_0/inst/conv2/u_ot/yre_reg[3][1][19]_i_10/CO[3]
                         net (fo=1, routed)           0.000     8.794    cnn_accelerator_system_i/cnn_accelerator_wino_0/inst/conv2/u_ot/yre_reg[3][1][19]_i_10_n_0
    SLICE_X59Y80                                                      r  cnn_accelerator_system_i/cnn_accelerator_wino_0/inst/conv2/u_ot/yre_reg[3][1][23]_i_10/CI
    SLICE_X59Y80         CARRY4 (Prop_carry4_CI_O[3])
                                                      0.313     9.107 r  cnn_accelerator_system_i/cnn_accelerator_wino_0/inst/conv2/u_ot/yre_reg[3][1][23]_i_10/O[3]
                         net (fo=2, routed)           0.552     9.659    cnn_accelerator_system_i/cnn_accelerator_wino_0/inst/conv2/u_ot/yre_reg[3][1][23]_i_10_n_4
    SLICE_X61Y80                                                      r  cnn_accelerator_system_i/cnn_accelerator_wino_0/inst/conv2/u_ot/yre[3][1][23]_i_5/I1
    SLICE_X61Y80         LUT3 (Prop_lut3_I1_O)        0.299     9.958 r  cnn_accelerator_system_i/cnn_accelerator_wino_0/inst/conv2/u_ot/yre[3][1][23]_i_5/O
                         net (fo=2, routed)           0.594    10.552    cnn_accelerator_system_i/cnn_accelerator_wino_0/inst/conv2/u_ot/yre[3][1][23]_i_5_n_0
    SLICE_X61Y81                                                      r  cnn_accelerator_system_i/cnn_accelerator_wino_0/inst/conv2/u_ot/yre[3][1][23]_i_9/I3
    SLICE_X61Y81         LUT4 (Prop_lut4_I3_O)        0.332    10.884 r  cnn_accelerator_system_i/cnn_accelerator_wino_0/inst/conv2/u_ot/yre[3][1][23]_i_9/O
                         net (fo=1, routed)           0.000    10.884    cnn_accelerator_system_i/cnn_accelerator_wino_0/inst/conv2/u_ot/yre[3][1][23]_i_9_n_0
    SLICE_X61Y81                                                      r  cnn_accelerator_system_i/cnn_accelerator_wino_0/inst/conv2/u_ot/yre_reg[3][1][23]_i_1/S[0]
    SLICE_X61Y81         CARRY4 (Prop_carry4_S[0]_CO[3])
                                                      0.532    11.416 r  cnn_accelerator_system_i/cnn_accelerator_wino_0/inst/conv2/u_ot/yre_reg[3][1][23]_i_1/CO[3]
                         net (fo=1, routed)           0.000    11.416    cnn_accelerator_system_i/cnn_accelerator_wino_0/inst/conv2/u_ot/yre_reg[3][1][23]_i_1_n_0
    SLICE_X61Y82                                                      r  cnn_accelerator_system_i/cnn_accelerator_wino_0/inst/conv2/u_ot/yre_reg[3][1][27]_i_1/CI
    SLICE_X61Y82         CARRY4 (Prop_carry4_CI_O[3])
                                                      0.313    11.729 r  cnn_accelerator_system_i/cnn_accelerator_wino_0/inst/conv2/u_ot/yre_reg[3][1][27]_i_1/O[3]
                         net (fo=1, routed)           0.000    11.729    cnn_accelerator_system_i/cnn_accelerator_wino_0/inst/conv2/u_ot/yre_c[3][1]_1078[27]
    SLICE_X61Y82         FDRE                                         r  cnn_accelerator_system_i/cnn_accelerator_wino_0/inst/conv2/u_ot/yre_reg[3][1][27]/D
  -------------------------------------------------------------------    -------------------

                         (clock clk_out3_cnn_accelerator_system_clk_wiz_0_0 rise edge)
                                                      5.000     5.000 r  
    E3                                                0.000     5.000 r  CLK100MHZ (IN)
                         net (fo=0)                   0.000     5.000    CLK100MHZ
    E3                                                                r  CLK100MHZ_IBUF_inst/I
    E3                   IBUF (Prop_ibuf_I_O)         1.411     6.411 r  CLK100MHZ_IBUF_inst/O
                         net (fo=1, routed)           1.920     8.331    cnn_accelerator_system_i/util_ds_buf_0/U0/BUFG_I[0]
    BUFGCTRL_X0Y16                                                    r  cnn_accelerator_system_i/util_ds_buf_0/U0/USE_BUFG.GEN_BUFG[0].BUFG_U/I
    BUFGCTRL_X0Y16       BUFG (Prop_bufg_I_O)         0.091     8.422 r  cnn_accelerator_system_i/util_ds_buf_0/U0/USE_BUFG.GEN_BUFG[0].BUFG_U/O
                         net (fo=2, routed)           1.683    10.105    cnn_accelerator_system_i/clk_wiz_0/inst/clk_in1
    MMCME2_ADV_X0Y0                                                   r  cnn_accelerator_system_i/clk_wiz_0/inst/mmcm_adv_inst/CLKIN1
    MMCME2_ADV_X0Y0      MMCME2_ADV (Prop_mmcme2_adv_CLKIN1_CLKOUT2)
                                                     -3.694     6.411 r  cnn_accelerator_system_i/clk_wiz_0/inst/mmcm_adv_inst/CLKOUT2
                         net (fo=1, routed)           1.923     8.334    cnn_accelerator_system_i/clk_wiz_0/inst/clk_out3_cnn_accelerator_system_clk_wiz_0_0
    BUFGCTRL_X0Y2                                                     r  cnn_accelerator_system_i/clk_wiz_0/inst/clkout3_buf/I
    BUFGCTRL_X0Y2        BUFG (Prop_bufg_I_O)         0.091     8.425 r  cnn_accelerator_system_i/clk_wiz_0/inst/clkout3_buf/O
                         net (fo=37889, routed)       1.498     9.924    cnn_accelerator_system_i/cnn_accelerator_wino_0/inst/conv2/u_ot/clk
    SLICE_X61Y82         FDRE                                         r  cnn_accelerator_system_i/cnn_accelerator_wino_0/inst/conv2/u_ot/yre_reg[3][1][27]/C
                         clock pessimism              0.187    10.111    
                         clock uncertainty           -0.067    10.044    
    SLICE_X61Y82         FDRE (Setup_fdre_C_D)        0.062    10.106    cnn_accelerator_system_i/cnn_accelerator_wino_0/inst/conv2/u_ot/yre_reg[3][1][27]
  -------------------------------------------------------------------
                         required time                         10.106    
                         arrival time                         -11.729    
  -------------------------------------------------------------------
                         slack                                 -1.623    

Slack (VIOLATED) :        -1.617ns  (required time - arrival time)
  Source:                 cnn_accelerator_system_i/cnn_accelerator_wino_0/inst/conv2/m_re_flat_reg[702]/C
                            (rising edge-triggered cell FDRE clocked by clk_out3_cnn_accelerator_system_clk_wiz_0_0  {rise@0.000ns fall@2.500ns period=5.000ns})
  Destination:            cnn_accelerator_system_i/cnn_accelerator_wino_0/inst/conv2/u_ot/yre_reg[0][4][24]/D
                            (rising edge-triggered cell FDRE clocked by clk_out3_cnn_accelerator_system_clk_wiz_0_0  {rise@0.000ns fall@2.500ns period=5.000ns})
  Path Group:             clk_out3_cnn_accelerator_system_clk_wiz_0_0
  Path Type:              Setup (Max at Slow Process Corner)
  Requirement:            5.000ns  (clk_out3_cnn_accelerator_system_clk_wiz_0_0 rise@5.000ns - clk_out3_cnn_accelerator_system_clk_wiz_0_0 rise@0.000ns)
  Data Path Delay:        6.517ns  (logic 3.176ns (48.731%)  route 3.341ns (51.269%))
  Logic Levels:           12  (CARRY4=8 LUT3=2 LUT4=2)
  Clock Path Skew:        -0.095ns (DCD - SCD + CPR)
    Destination Clock Delay (DCD):    4.929ns = ( 9.929 - 5.000 ) 
    Source Clock Delay      (SCD):    5.211ns
    Clock Pessimism Removal (CPR):    0.187ns
  Clock Uncertainty:      0.067ns  ((TSJ^2 + DJ^2)^1/2) / 2 + PE
    Total System Jitter     (TSJ):    0.071ns
    Discrete Jitter          (DJ):    0.113ns
    Phase Error              (PE):    0.000ns

    Location             Delay type                Incr(ns)  Path(ns)    Netlist Resource(s)
  -------------------------------------------------------------------    -------------------
                         (clock clk_out3_cnn_accelerator_system_clk_wiz_0_0 rise edge)
                                                      0.000     0.000 r  
    E3                                                0.000     0.000 r  CLK100MHZ (IN)
                         net (fo=0)                   0.000     0.000    CLK100MHZ
    E3                                                                r  CLK100MHZ_IBUF_inst/I
    E3                   IBUF (Prop_ibuf_I_O)         1.482     1.482 r  CLK100MHZ_IBUF_inst/O
                         net (fo=1, routed)           2.025     3.506    cnn_accelerator_system_i/util_ds_buf_0/U0/BUFG_I[0]
    BUFGCTRL_X0Y16                                                    r  cnn_accelerator_system_i/util_ds_buf_0/U0/USE_BUFG.GEN_BUFG[0].BUFG_U/I
    BUFGCTRL_X0Y16       BUFG (Prop_bufg_I_O)         0.096     3.602 r  cnn_accelerator_system_i/util_ds_buf_0/U0/USE_BUFG.GEN_BUFG[0].BUFG_U/O
                         net (fo=2, routed)           1.809     5.412    cnn_accelerator_system_i/clk_wiz_0/inst/clk_in1
    MMCME2_ADV_X0Y0                                                   r  cnn_accelerator_system_i/clk_wiz_0/inst/mmcm_adv_inst/CLKIN1
    MMCME2_ADV_X0Y0      MMCME2_ADV (Prop_mmcme2_adv_CLKIN1_CLKOUT2)
                                                     -3.922     1.490 r  cnn_accelerator_system_i/clk_wiz_0/inst/mmcm_adv_inst/CLKOUT2
                         net (fo=1, routed)           2.018     3.508    cnn_accelerator_system_i/clk_wiz_0/inst/clk_out3_cnn_accelerator_system_clk_wiz_0_0
    BUFGCTRL_X0Y2                                                     r  cnn_accelerator_system_i/clk_wiz_0/inst/clkout3_buf/I
    BUFGCTRL_X0Y2        BUFG (Prop_bufg_I_O)         0.096     3.604 r  cnn_accelerator_system_i/clk_wiz_0/inst/clkout3_buf/O
                         net (fo=37889, routed)       1.606     5.211    cnn_accelerator_system_i/cnn_accelerator_wino_0/inst/conv2/clk
    SLICE_X52Y72         FDRE                                         r  cnn_accelerator_system_i/cnn_accelerator_wino_0/inst/conv2/m_re_flat_reg[702]/C
  -------------------------------------------------------------------    -------------------
    SLICE_X52Y72         FDRE (Prop_fdre_C_Q)         0.456     5.667 r  cnn_accelerator_system_i/cnn_accelerator_wino_0/inst/conv2/m_re_flat_reg[702]/Q
                         net (fo=19, routed)          1.166     6.833    cnn_accelerator_system_i/cnn_accelerator_wino_0/inst/conv2/u_ot/Q[502]
    SLICE_X45Y70                                                      r  cnn_accelerator_system_i/cnn_accelerator_wino_0/inst/conv2/u_ot/yre[0][3][7]_i_11/I2
    SLICE_X45Y70         LUT3 (Prop_lut3_I2_O)        0.154     6.987 r  cnn_accelerator_system_i/cnn_accelerator_wino_0/inst/conv2/u_ot/yre[0][3][7]_i_11/O
                         net (fo=4, routed)           0.721     7.708    cnn_accelerator_system_i/cnn_accelerator_wino_0/inst/conv2/u_ot/yre[0][3][7]_i_11_n_0
    SLICE_X45Y70                                                      r  cnn_accelerator_system_i/cnn_accelerator_wino_0/inst/conv2/u_ot/yre[0][4][7]_i_11/I3
    SLICE_X45Y70         LUT4 (Prop_lut4_I3_O)        0.327     8.035 r  cnn_accelerator_system_i/cnn_accelerator_wino_0/inst/conv2/u_ot/yre[0][4][7]_i_11/O
                         net (fo=1, routed)           0.000     8.035    cnn_accelerator_system_i/cnn_accelerator_wino_0/inst/conv2/u_ot/yre[0][4][7]_i_11_n_0
    SLICE_X45Y70                                                      r  cnn_accelerator_system_i/cnn_accelerator_wino_0/inst/conv2/u_ot/yre_reg[0][4][7]_i_10/S[3]
    SLICE_X45Y70         CARRY4 (Prop_carry4_S[3]_CO[3])
                                                      0.401     8.436 r  cnn_accelerator_system_i/cnn_accelerator_wino_0/inst/conv2/u_ot/yre_reg[0][4][7]_i_10/CO[3]
                         net (fo=1, routed)           0.000     8.436    cnn_accelerator_system_i/cnn_accelerator_wino_0/inst/conv2/u_ot/yre_reg[0][4][7]_i_10_n_0
    SLICE_X45Y71                                                      r  cnn_accelerator_system_i/cnn_accelerator_wino_0/inst/conv2/u_ot/yre_reg[0][4][11]_i_10/CI
    SLICE_X45Y71         CARRY4 (Prop_carry4_CI_CO[3])
                                                      0.114     8.550 r  cnn_accelerator_system_i/cnn_accelerator_wino_0/inst/conv2/u_ot/yre_reg[0][4][11]_i_10/CO[3]
                         net (fo=1, routed)           0.000     8.550    cnn_accelerator_system_i/cnn_accelerator_wino_0/inst/conv2/u_ot/yre_reg[0][4][11]_i_10_n_0
    SLICE_X45Y72                                                      r  cnn_accelerator_system_i/cnn_accelerator_wino_0/inst/conv2/u_ot/yre_reg[0][4][15]_i_10/CI
    SLICE_X45Y72         CARRY4 (Prop_carry4_CI_O[1])
                                                      0.334     8.884 r  cnn_accelerator_system_i/cnn_accelerator_wino_0/inst/conv2/u_ot/yre_reg[0][4][15]_i_10/O[1]
                         net (fo=2, routed)           0.465     9.349    cnn_accelerator_system_i/cnn_accelerator_wino_0/inst/conv2/u_ot/yre_reg[0][4][15]_i_10_n_6
    SLICE_X46Y73                                                      r  cnn_accelerator_system_i/cnn_accelerator_wino_0/inst/conv2/u_ot/yre[0][4][11]_i_3/I1
    SLICE_X46Y73         LUT3 (Prop_lut3_I1_O)        0.303     9.652 r  cnn_accelerator_system_i/cnn_accelerator_wino_0/inst/conv2/u_ot/yre[0][4][11]_i_3/O
                         net (fo=2, routed)           0.980    10.632    cnn_accelerator_system_i/cnn_accelerator_wino_0/inst/conv2/u_ot/yre[0][4][11]_i_3_n_0
    SLICE_X41Y74                                                      r  cnn_accelerator_system_i/cnn_accelerator_wino_0/inst/conv2/u_ot/yre[0][4][11]_i_7/I3
    SLICE_X41Y74         LUT4 (Prop_lut4_I3_O)        0.124    10.756 r  cnn_accelerator_system_i/cnn_accelerator_wino_0/inst/conv2/u_ot/yre[0][4][11]_i_7/O
                         net (fo=1, routed)           0.000    10.756    cnn_accelerator_system_i/cnn_accelerator_wino_0/inst/conv2/u_ot/yre[0][4][11]_i_7_n_0
    SLICE_X41Y74                                                      r  cnn_accelerator_system_i/cnn_accelerator_wino_0/inst/conv2/u_ot/yre_reg[0][4][11]_i_1/S[2]
    SLICE_X41Y74         CARRY4 (Prop_carry4_S[2]_CO[3])
                                                      0.398    11.154 r  cnn_accelerator_system_i/cnn_accelerator_wino_0/inst/conv2/u_ot/yre_reg[0][4][11]_i_1/CO[3]
                         net (fo=1, routed)           0.009    11.163    cnn_accelerator_system_i/cnn_accelerator_wino_0/inst/conv2/u_ot/yre_reg[0][4][11]_i_1_n_0
    SLICE_X41Y75                                                      r  cnn_accelerator_system_i/cnn_accelerator_wino_0/inst/conv2/u_ot/yre_reg[0][4][15]_i_1/CI
    SLICE_X41Y75         CARRY4 (Prop_carry4_CI_CO[3])
                                                      0.114    11.277 r  cnn_accelerator_system_i/cnn_accelerator_wino_0/inst/conv2/u_ot/yre_reg[0][4][15]_i_1/CO[3]
                         net (fo=1, routed)           0.000    11.277    cnn_accelerator_system_i/cnn_accelerator_wino_0/inst/conv2/u_ot/yre_reg[0][4][15]_i_1_n_0
    SLICE_X41Y76                                                      r  cnn_accelerator_system_i/cnn_accelerator_wino_0/inst/conv2/u_ot/yre_reg[0][4][19]_i_1/CI
    SLICE_X41Y76         CARRY4 (Prop_carry4_CI_CO[3])
                                                      0.114    11.391 r  cnn_accelerator_system_i/cnn_accelerator_wino_0/inst/conv2/u_ot/yre_reg[0][4][19]_i_1/CO[3]
                         net (fo=1, routed)           0.000    11.391    cnn_accelerator_system_i/cnn_accelerator_wino_0/inst/conv2/u_ot/yre_reg[0][4][19]_i_1_n_0
    SLICE_X41Y77                                                      r  cnn_accelerator_system_i/cnn_accelerator_wino_0/inst/conv2/u_ot/yre_reg[0][4][23]_i_1/CI
    SLICE_X41Y77         CARRY4 (Prop_carry4_CI_CO[3])
                                                      0.114    11.505 r  cnn_accelerator_system_i/cnn_accelerator_wino_0/inst/conv2/u_ot/yre_reg[0][4][23]_i_1/CO[3]
                         net (fo=1, routed)           0.000    11.505    cnn_accelerator_system_i/cnn_accelerator_wino_0/inst/conv2/u_ot/yre_reg[0][4][23]_i_1_n_0
    SLICE_X41Y78                                                      r  cnn_accelerator_system_i/cnn_accelerator_wino_0/inst/conv2/u_ot/yre_reg[0][4][27]_i_1/CI
    SLICE_X41Y78         CARRY4 (Prop_carry4_CI_O[0])
                                                      0.223    11.728 r  cnn_accelerator_system_i/cnn_accelerator_wino_0/inst/conv2/u_ot/yre_reg[0][4][27]_i_1/O[0]
                         net (fo=1, routed)           0.000    11.728    cnn_accelerator_system_i/cnn_accelerator_wino_0/inst/conv2/u_ot/yre_c[0][4]_1084[24]
    SLICE_X41Y78         FDRE                                         r  cnn_accelerator_system_i/cnn_accelerator_wino_0/inst/conv2/u_ot/yre_reg[0][4][24]/D
  -------------------------------------------------------------------    -------------------

                         (clock clk_out3_cnn_accelerator_system_clk_wiz_0_0 rise edge)
                                                      5.000     5.000 r  
    E3                                                0.000     5.000 r  CLK100MHZ (IN)
                         net (fo=0)                   0.000     5.000    CLK100MHZ
    E3                                                                r  CLK100MHZ_IBUF_inst/I
    E3                   IBUF (Prop_ibuf_I_O)         1.411     6.411 r  CLK100MHZ_IBUF_inst/O
                         net (fo=1, routed)           1.920     8.331    cnn_accelerator_system_i/util_ds_buf_0/U0/BUFG_I[0]
    BUFGCTRL_X0Y16                                                    r  cnn_accelerator_system_i/util_ds_buf_0/U0/USE_BUFG.GEN_BUFG[0].BUFG_U/I
    BUFGCTRL_X0Y16       BUFG (Prop_bufg_I_O)         0.091     8.422 r  cnn_accelerator_system_i/util_ds_buf_0/U0/USE_BUFG.GEN_BUFG[0].BUFG_U/O
                         net (fo=2, routed)           1.683    10.105    cnn_accelerator_system_i/clk_wiz_0/inst/clk_in1
    MMCME2_ADV_X0Y0                                                   r  cnn_accelerator_system_i/clk_wiz_0/inst/mmcm_adv_inst/CLKIN1
    MMCME2_ADV_X0Y0      MMCME2_ADV (Prop_mmcme2_adv_CLKIN1_CLKOUT2)
                                                     -3.694     6.411 r  cnn_accelerator_system_i/clk_wiz_0/inst/mmcm_adv_inst/CLKOUT2
                         net (fo=1, routed)           1.923     8.334    cnn_accelerator_system_i/clk_wiz_0/inst/clk_out3_cnn_accelerator_system_clk_wiz_0_0
    BUFGCTRL_X0Y2                                                     r  cnn_accelerator_system_i/clk_wiz_0/inst/clkout3_buf/I
    BUFGCTRL_X0Y2        BUFG (Prop_bufg_I_O)         0.091     8.425 r  cnn_accelerator_system_i/clk_wiz_0/inst/clkout3_buf/O
                         net (fo=37889, routed)       1.503     9.929    cnn_accelerator_system_i/cnn_accelerator_wino_0/inst/conv2/u_ot/clk
    SLICE_X41Y78         FDRE                                         r  cnn_accelerator_system_i/cnn_accelerator_wino_0/inst/conv2/u_ot/yre_reg[0][4][24]/C
                         clock pessimism              0.187    10.116    
                         clock uncertainty           -0.067    10.049    
    SLICE_X41Y78         FDRE (Setup_fdre_C_D)        0.062    10.111    cnn_accelerator_system_i/cnn_accelerator_wino_0/inst/conv2/u_ot/yre_reg[0][4][24]
  -------------------------------------------------------------------
                         required time                         10.111    
                         arrival time                         -11.728    
  -------------------------------------------------------------------
                         slack                                 -1.617    

Slack (VIOLATED) :        -1.616ns  (required time - arrival time)
  Source:                 cnn_accelerator_system_i/cnn_accelerator_wino_0/inst/conv2/m_re_flat_reg[702]/C
                            (rising edge-triggered cell FDRE clocked by clk_out3_cnn_accelerator_system_clk_wiz_0_0  {rise@0.000ns fall@2.500ns period=5.000ns})
  Destination:            cnn_accelerator_system_i/cnn_accelerator_wino_0/inst/conv2/u_ot/yre_reg[0][4][21]/D
                            (rising edge-triggered cell FDRE clocked by clk_out3_cnn_accelerator_system_clk_wiz_0_0  {rise@0.000ns fall@2.500ns period=5.000ns})
  Path Group:             clk_out3_cnn_accelerator_system_clk_wiz_0_0
  Path Type:              Setup (Max at Slow Process Corner)
  Requirement:            5.000ns  (clk_out3_cnn_accelerator_system_clk_wiz_0_0 rise@5.000ns - clk_out3_cnn_accelerator_system_clk_wiz_0_0 rise@0.000ns)
  Data Path Delay:        6.514ns  (logic 3.173ns (48.707%)  route 3.341ns (51.293%))
  Logic Levels:           11  (CARRY4=7 LUT3=2 LUT4=2)
  Clock Path Skew:        -0.097ns (DCD - SCD + CPR)
    Destination Clock Delay (DCD):    4.927ns = ( 9.927 - 5.000 ) 
    Source Clock Delay      (SCD):    5.211ns
    Clock Pessimism Removal (CPR):    0.187ns
  Clock Uncertainty:      0.067ns  ((TSJ^2 + DJ^2)^1/2) / 2 + PE
    Total System Jitter     (TSJ):    0.071ns
    Discrete Jitter          (DJ):    0.113ns
    Phase Error              (PE):    0.000ns

    Location             Delay type                Incr(ns)  Path(ns)    Netlist Resource(s)
  -------------------------------------------------------------------    -------------------
                         (clock clk_out3_cnn_accelerator_system_clk_wiz_0_0 rise edge)
                                                      0.000     0.000 r  
    E3                                                0.000     0.000 r  CLK100MHZ (IN)
                         net (fo=0)                   0.000     0.000    CLK100MHZ
    E3                                                                r  CLK100MHZ_IBUF_inst/I
    E3                   IBUF (Prop_ibuf_I_O)         1.482     1.482 r  CLK100MHZ_IBUF_inst/O
                         net (fo=1, routed)           2.025     3.506    cnn_accelerator_system_i/util_ds_buf_0/U0/BUFG_I[0]
    BUFGCTRL_X0Y16                                                    r  cnn_accelerator_system_i/util_ds_buf_0/U0/USE_BUFG.GEN_BUFG[0].BUFG_U/I
    BUFGCTRL_X0Y16       BUFG (Prop_bufg_I_O)         0.096     3.602 r  cnn_accelerator_system_i/util_ds_buf_0/U0/USE_BUFG.GEN_BUFG[0].BUFG_U/O
                         net (fo=2, routed)           1.809     5.412    cnn_accelerator_system_i/clk_wiz_0/inst/clk_in1
    MMCME2_ADV_X0Y0                                                   r  cnn_accelerator_system_i/clk_wiz_0/inst/mmcm_adv_inst/CLKIN1
    MMCME2_ADV_X0Y0      MMCME2_ADV (Prop_mmcme2_adv_CLKIN1_CLKOUT2)
                                                     -3.922     1.490 r  cnn_accelerator_system_i/clk_wiz_0/inst/mmcm_adv_inst/CLKOUT2
                         net (fo=1, routed)           2.018     3.508    cnn_accelerator_system_i/clk_wiz_0/inst/clk_out3_cnn_accelerator_system_clk_wiz_0_0
    BUFGCTRL_X0Y2                                                     r  cnn_accelerator_system_i/clk_wiz_0/inst/clkout3_buf/I
    BUFGCTRL_X0Y2        BUFG (Prop_bufg_I_O)         0.096     3.604 r  cnn_accelerator_system_i/clk_wiz_0/inst/clkout3_buf/O
                         net (fo=37889, routed)       1.606     5.211    cnn_accelerator_system_i/cnn_accelerator_wino_0/inst/conv2/clk
    SLICE_X52Y72         FDRE                                         r  cnn_accelerator_system_i/cnn_accelerator_wino_0/inst/conv2/m_re_flat_reg[702]/C
  -------------------------------------------------------------------    -------------------
    SLICE_X52Y72         FDRE (Prop_fdre_C_Q)         0.456     5.667 r  cnn_accelerator_system_i/cnn_accelerator_wino_0/inst/conv2/m_re_flat_reg[702]/Q
                         net (fo=19, routed)          1.166     6.833    cnn_accelerator_system_i/cnn_accelerator_wino_0/inst/conv2/u_ot/Q[502]
    SLICE_X45Y70                                                      r  cnn_accelerator_system_i/cnn_accelerator_wino_0/inst/conv2/u_ot/yre[0][3][7]_i_11/I2
    SLICE_X45Y70         LUT3 (Prop_lut3_I2_O)        0.154     6.987 r  cnn_accelerator_system_i/cnn_accelerator_wino_0/inst/conv2/u_ot/yre[0][3][7]_i_11/O
                         net (fo=4, routed)           0.721     7.708    cnn_accelerator_system_i/cnn_accelerator_wino_0/inst/conv2/u_ot/yre[0][3][7]_i_11_n_0
    SLICE_X45Y70                                                      r  cnn_accelerator_system_i/cnn_accelerator_wino_0/inst/conv2/u_ot/yre[0][4][7]_i_11/I3
    SLICE_X45Y70         LUT4 (Prop_lut4_I3_O)        0.327     8.035 r  cnn_accelerator_system_i/cnn_accelerator_wino_0/inst/conv2/u_ot/yre[0][4][7]_i_11/O
                         net (fo=1, routed)           0.000     8.035    cnn_accelerator_system_i/cnn_accelerator_wino_0/inst/conv2/u_ot/yre[0][4][7]_i_11_n_0
    SLICE_X45Y70                                                      r  cnn_accelerator_system_i/cnn_accelerator_wino_0/inst/conv2/u_ot/yre_reg[0][4][7]_i_10/S[3]
    SLICE_X45Y70         CARRY4 (Prop_carry4_S[3]_CO[3])
                                                      0.401     8.436 r  cnn_accelerator_system_i/cnn_accelerator_wino_0/inst/conv2/u_ot/yre_reg[0][4][7]_i_10/CO[3]
                         net (fo=1, routed)           0.000     8.436    cnn_accelerator_system_i/cnn_accelerator_wino_0/inst/conv2/u_ot/yre_reg[0][4][7]_i_10_n_0
    SLICE_X45Y71                                                      r  cnn_accelerator_system_i/cnn_accelerator_wino_0/inst/conv2/u_ot/yre_reg[0][4][11]_i_10/CI
    SLICE_X45Y71         CARRY4 (Prop_carry4_CI_CO[3])
                                                      0.114     8.550 r  cnn_accelerator_system_i/cnn_accelerator_wino_0/inst/conv2/u_ot/yre_reg[0][4][11]_i_10/CO[3]
                         net (fo=1, routed)           0.000     8.550    cnn_accelerator_system_i/cnn_accelerator_wino_0/inst/conv2/u_ot/yre_reg[0][4][11]_i_10_n_0
    SLICE_X45Y72                                                      r  cnn_accelerator_system_i/cnn_accelerator_wino_0/inst/conv2/u_ot/yre_reg[0][4][15]_i_10/CI
    SLICE_X45Y72         CARRY4 (Prop_carry4_CI_O[1])
                                                      0.334     8.884 r  cnn_accelerator_system_i/cnn_accelerator_wino_0/inst/conv2/u_ot/yre_reg[0][4][15]_i_10/O[1]
                         net (fo=2, routed)           0.465     9.349    cnn_accelerator_system_i/cnn_accelerator_wino_0/inst/conv2/u_ot/yre_reg[0][4][15]_i_10_n_6
    SLICE_X46Y73                                                      r  cnn_accelerator_system_i/cnn_accelerator_wino_0/inst/conv2/u_ot/yre[0][4][11]_i_3/I1
    SLICE_X46Y73         LUT3 (Prop_lut3_I1_O)        0.303     9.652 r  cnn_accelerator_system_i/cnn_accelerator_wino_0/inst/conv2/u_ot/yre[0][4][11]_i_3/O
                         net (fo=2, routed)           0.980    10.632    cnn_accelerator_system_i/cnn_accelerator_wino_0/inst/conv2/u_ot/yre[0][4][11]_i_3_n_0
    SLICE_X41Y74                                                      r  cnn_accelerator_system_i/cnn_accelerator_wino_0/inst/conv2/u_ot/yre[0][4][11]_i_7/I3
    SLICE_X41Y74         LUT4 (Prop_lut4_I3_O)        0.124    10.756 r  cnn_accelerator_system_i/cnn_accelerator_wino_0/inst/conv2/u_ot/yre[0][4][11]_i_7/O
                         net (fo=1, routed)           0.000    10.756    cnn_accelerator_system_i/cnn_accelerator_wino_0/inst/conv2/u_ot/yre[0][4][11]_i_7_n_0
    SLICE_X41Y74                                                      r  cnn_accelerator_system_i/cnn_accelerator_wino_0/inst/conv2/u_ot/yre_reg[0][4][11]_i_1/S[2]
    SLICE_X41Y74         CARRY4 (Prop_carry4_S[2]_CO[3])
                                                      0.398    11.154 r  cnn_accelerator_system_i/cnn_accelerator_wino_0/inst/conv2/u_ot/yre_reg[0][4][11]_i_1/CO[3]
                         net (fo=1, routed)           0.009    11.163    cnn_accelerator_system_i/cnn_accelerator_wino_0/inst/conv2/u_ot/yre_reg[0][4][11]_i_1_n_0
    SLICE_X41Y75                                                      r  cnn_accelerator_system_i/cnn_accelerator_wino_0/inst/conv2/u_ot/yre_reg[0][4][15]_i_1/CI
    SLICE_X41Y75         CARRY4 (Prop_carry4_CI_CO[3])
                                                      0.114    11.277 r  cnn_accelerator_system_i/cnn_accelerator_wino_0/inst/conv2/u_ot/yre_reg[0][4][15]_i_1/CO[3]
                         net (fo=1, routed)           0.000    11.277    cnn_accelerator_system_i/cnn_accelerator_wino_0/inst/conv2/u_ot/yre_reg[0][4][15]_i_1_n_0
    SLICE_X41Y76                                                      r  cnn_accelerator_system_i/cnn_accelerator_wino_0/inst/conv2/u_ot/yre_reg[0][4][19]_i_1/CI
    SLICE_X41Y76         CARRY4 (Prop_carry4_CI_CO[3])
                                                      0.114    11.391 r  cnn_accelerator_system_i/cnn_accelerator_wino_0/inst/conv2/u_ot/yre_reg[0][4][19]_i_1/CO[3]
                         net (fo=1, routed)           0.000    11.391    cnn_accelerator_system_i/cnn_accelerator_wino_0/inst/conv2/u_ot/yre_reg[0][4][19]_i_1_n_0
    SLICE_X41Y77                                                      r  cnn_accelerator_system_i/cnn_accelerator_wino_0/inst/conv2/u_ot/yre_reg[0][4][23]_i_1/CI
    SLICE_X41Y77         CARRY4 (Prop_carry4_CI_O[1])
                                                      0.334    11.725 r  cnn_accelerator_system_i/cnn_accelerator_wino_0/inst/conv2/u_ot/yre_reg[0][4][23]_i_1/O[1]
                         net (fo=1, routed)           0.000    11.725    cnn_accelerator_system_i/cnn_accelerator_wino_0/inst/conv2/u_ot/yre_c[0][4]_1084[21]
    SLICE_X41Y77         FDRE                                         r  cnn_accelerator_system_i/cnn_accelerator_wino_0/inst/conv2/u_ot/yre_reg[0][4][21]/D
  -------------------------------------------------------------------    -------------------

                         (clock clk_out3_cnn_accelerator_system_clk_wiz_0_0 rise edge)
                                                      5.000     5.000 r  
    E3                                                0.000     5.000 r  CLK100MHZ (IN)
                         net (fo=0)                   0.000     5.000    CLK100MHZ
    E3                                                                r  CLK100MHZ_IBUF_inst/I
    E3                   IBUF (Prop_ibuf_I_O)         1.411     6.411 r  CLK100MHZ_IBUF_inst/O
                         net (fo=1, routed)           1.920     8.331    cnn_accelerator_system_i/util_ds_buf_0/U0/BUFG_I[0]
    BUFGCTRL_X0Y16                                                    r  cnn_accelerator_system_i/util_ds_buf_0/U0/USE_BUFG.GEN_BUFG[0].BUFG_U/I
    BUFGCTRL_X0Y16       BUFG (Prop_bufg_I_O)         0.091     8.422 r  cnn_accelerator_system_i/util_ds_buf_0/U0/USE_BUFG.GEN_BUFG[0].BUFG_U/O
                         net (fo=2, routed)           1.683    10.105    cnn_accelerator_system_i/clk_wiz_0/inst/clk_in1
    MMCME2_ADV_X0Y0                                                   r  cnn_accelerator_system_i/clk_wiz_0/inst/mmcm_adv_inst/CLKIN1
    MMCME2_ADV_X0Y0      MMCME2_ADV (Prop_mmcme2_adv_CLKIN1_CLKOUT2)
                                                     -3.694     6.411 r  cnn_accelerator_system_i/clk_wiz_0/inst/mmcm_adv_inst/CLKOUT2
                         net (fo=1, routed)           1.923     8.334    cnn_accelerator_system_i/clk_wiz_0/inst/clk_out3_cnn_accelerator_system_clk_wiz_0_0
    BUFGCTRL_X0Y2                                                     r  cnn_accelerator_system_i/clk_wiz_0/inst/clkout3_buf/I
    BUFGCTRL_X0Y2        BUFG (Prop_bufg_I_O)         0.091     8.425 r  cnn_accelerator_system_i/clk_wiz_0/inst/clkout3_buf/O
                         net (fo=37889, routed)       1.501     9.927    cnn_accelerator_system_i/cnn_accelerator_wino_0/inst/conv2/u_ot/clk
    SLICE_X41Y77         FDRE                                         r  cnn_accelerator_system_i/cnn_accelerator_wino_0/inst/conv2/u_ot/yre_reg[0][4][21]/C
                         clock pessimism              0.187    10.114    
                         clock uncertainty           -0.067    10.047    
    SLICE_X41Y77         FDRE (Setup_fdre_C_D)        0.062    10.109    cnn_accelerator_system_i/cnn_accelerator_wino_0/inst/conv2/u_ot/yre_reg[0][4][21]
  -------------------------------------------------------------------
                         required time                         10.109    
                         arrival time                         -11.725    
  -------------------------------------------------------------------
                         slack                                 -1.616    

Slack (VIOLATED) :        -1.595ns  (required time - arrival time)
  Source:                 cnn_accelerator_system_i/cnn_accelerator_wino_0/inst/conv2/m_re_flat_reg[702]/C
                            (rising edge-triggered cell FDRE clocked by clk_out3_cnn_accelerator_system_clk_wiz_0_0  {rise@0.000ns fall@2.500ns period=5.000ns})
  Destination:            cnn_accelerator_system_i/cnn_accelerator_wino_0/inst/conv2/u_ot/yre_reg[0][4][23]/D
                            (rising edge-triggered cell FDRE clocked by clk_out3_cnn_accelerator_system_clk_wiz_0_0  {rise@0.000ns fall@2.500ns period=5.000ns})
  Path Group:             clk_out3_cnn_accelerator_system_clk_wiz_0_0
  Path Type:              Setup (Max at Slow Process Corner)
  Requirement:            5.000ns  (clk_out3_cnn_accelerator_system_clk_wiz_0_0 rise@5.000ns - clk_out3_cnn_accelerator_system_clk_wiz_0_0 rise@0.000ns)
  Data Path Delay:        6.493ns  (logic 3.152ns (48.541%)  route 3.341ns (51.459%))
  Logic Levels:           11  (CARRY4=7 LUT3=2 LUT4=2)
  Clock Path Skew:        -0.097ns (DCD - SCD + CPR)
    Destination Clock Delay (DCD):    4.927ns = ( 9.927 - 5.000 ) 
    Source Clock Delay      (SCD):    5.211ns
    Clock Pessimism Removal (CPR):    0.187ns
  Clock Uncertainty:      0.067ns  ((TSJ^2 + DJ^2)^1/2) / 2 + PE
    Total System Jitter     (TSJ):    0.071ns
    Discrete Jitter          (DJ):    0.113ns
    Phase Error              (PE):    0.000ns

    Location             Delay type                Incr(ns)  Path(ns)    Netlist Resource(s)
  -------------------------------------------------------------------    -------------------
                         (clock clk_out3_cnn_accelerator_system_clk_wiz_0_0 rise edge)
                                                      0.000     0.000 r  
    E3                                                0.000     0.000 r  CLK100MHZ (IN)
                         net (fo=0)                   0.000     0.000    CLK100MHZ
    E3                                                                r  CLK100MHZ_IBUF_inst/I
    E3                   IBUF (Prop_ibuf_I_O)         1.482     1.482 r  CLK100MHZ_IBUF_inst/O
                         net (fo=1, routed)           2.025     3.506    cnn_accelerator_system_i/util_ds_buf_0/U0/BUFG_I[0]
    BUFGCTRL_X0Y16                                                    r  cnn_accelerator_system_i/util_ds_buf_0/U0/USE_BUFG.GEN_BUFG[0].BUFG_U/I
    BUFGCTRL_X0Y16       BUFG (Prop_bufg_I_O)         0.096     3.602 r  cnn_accelerator_system_i/util_ds_buf_0/U0/USE_BUFG.GEN_BUFG[0].BUFG_U/O
                         net (fo=2, routed)           1.809     5.412    cnn_accelerator_system_i/clk_wiz_0/inst/clk_in1
    MMCME2_ADV_X0Y0                                                   r  cnn_accelerator_system_i/clk_wiz_0/inst/mmcm_adv_inst/CLKIN1
    MMCME2_ADV_X0Y0      MMCME2_ADV (Prop_mmcme2_adv_CLKIN1_CLKOUT2)
                                                     -3.922     1.490 r  cnn_accelerator_system_i/clk_wiz_0/inst/mmcm_adv_inst/CLKOUT2
                         net (fo=1, routed)           2.018     3.508    cnn_accelerator_system_i/clk_wiz_0/inst/clk_out3_cnn_accelerator_system_clk_wiz_0_0
    BUFGCTRL_X0Y2                                                     r  cnn_accelerator_system_i/clk_wiz_0/inst/clkout3_buf/I
    BUFGCTRL_X0Y2        BUFG (Prop_bufg_I_O)         0.096     3.604 r  cnn_accelerator_system_i/clk_wiz_0/inst/clkout3_buf/O
                         net (fo=37889, routed)       1.606     5.211    cnn_accelerator_system_i/cnn_accelerator_wino_0/inst/conv2/clk
    SLICE_X52Y72         FDRE                                         r  cnn_accelerator_system_i/cnn_accelerator_wino_0/inst/conv2/m_re_flat_reg[702]/C
  -------------------------------------------------------------------    -------------------
    SLICE_X52Y72         FDRE (Prop_fdre_C_Q)         0.456     5.667 r  cnn_accelerator_system_i/cnn_accelerator_wino_0/inst/conv2/m_re_flat_reg[702]/Q
                         net (fo=19, routed)          1.166     6.833    cnn_accelerator_system_i/cnn_accelerator_wino_0/inst/conv2/u_ot/Q[502]
    SLICE_X45Y70                                                      r  cnn_accelerator_system_i/cnn_accelerator_wino_0/inst/conv2/u_ot/yre[0][3][7]_i_11/I2
    SLICE_X45Y70         LUT3 (Prop_lut3_I2_O)        0.154     6.987 r  cnn_accelerator_system_i/cnn_accelerator_wino_0/inst/conv2/u_ot/yre[0][3][7]_i_11/O
                         net (fo=4, routed)           0.721     7.708    cnn_accelerator_system_i/cnn_accelerator_wino_0/inst/conv2/u_ot/yre[0][3][7]_i_11_n_0
    SLICE_X45Y70                                                      r  cnn_accelerator_system_i/cnn_accelerator_wino_0/inst/conv2/u_ot/yre[0][4][7]_i_11/I3
    SLICE_X45Y70         LUT4 (Prop_lut4_I3_O)        0.327     8.035 r  cnn_accelerator_system_i/cnn_accelerator_wino_0/inst/conv2/u_ot/yre[0][4][7]_i_11/O
                         net (fo=1, routed)           0.000     8.035    cnn_accelerator_system_i/cnn_accelerator_wino_0/inst/conv2/u_ot/yre[0][4][7]_i_11_n_0
    SLICE_X45Y70                                                      r  cnn_accelerator_system_i/cnn_accelerator_wino_0/inst/conv2/u_ot/yre_reg[0][4][7]_i_10/S[3]
    SLICE_X45Y70         CARRY4 (Prop_carry4_S[3]_CO[3])
                                                      0.401     8.436 r  cnn_accelerator_system_i/cnn_accelerator_wino_0/inst/conv2/u_ot/yre_reg[0][4][7]_i_10/CO[3]
                         net (fo=1, routed)           0.000     8.436    cnn_accelerator_system_i/cnn_accelerator_wino_0/inst/conv2/u_ot/yre_reg[0][4][7]_i_10_n_0
    SLICE_X45Y71                                                      r  cnn_accelerator_system_i/cnn_accelerator_wino_0/inst/conv2/u_ot/yre_reg[0][4][11]_i_10/CI
    SLICE_X45Y71         CARRY4 (Prop_carry4_CI_CO[3])
                                                      0.114     8.550 r  cnn_accelerator_system_i/cnn_accelerator_wino_0/inst/conv2/u_ot/yre_reg[0][4][11]_i_10/CO[3]
                         net (fo=1, routed)           0.000     8.550    cnn_accelerator_system_i/cnn_accelerator_wino_0/inst/conv2/u_ot/yre_reg[0][4][11]_i_10_n_0
    SLICE_X45Y72                                                      r  cnn_accelerator_system_i/cnn_accelerator_wino_0/inst/conv2/u_ot/yre_reg[0][4][15]_i_10/CI
    SLICE_X45Y72         CARRY4 (Prop_carry4_CI_O[1])
                                                      0.334     8.884 r  cnn_accelerator_system_i/cnn_accelerator_wino_0/inst/conv2/u_ot/yre_reg[0][4][15]_i_10/O[1]
                         net (fo=2, routed)           0.465     9.349    cnn_accelerator_system_i/cnn_accelerator_wino_0/inst/conv2/u_ot/yre_reg[0][4][15]_i_10_n_6
    SLICE_X46Y73                                                      r  cnn_accelerator_system_i/cnn_accelerator_wino_0/inst/conv2/u_ot/yre[0][4][11]_i_3/I1
    SLICE_X46Y73         LUT3 (Prop_lut3_I1_O)        0.303     9.652 r  cnn_accelerator_system_i/cnn_accelerator_wino_0/inst/conv2/u_ot/yre[0][4][11]_i_3/O
                         net (fo=2, routed)           0.980    10.632    cnn_accelerator_system_i/cnn_accelerator_wino_0/inst/conv2/u_ot/yre[0][4][11]_i_3_n_0
    SLICE_X41Y74                                                      r  cnn_accelerator_system_i/cnn_accelerator_wino_0/inst/conv2/u_ot/yre[0][4][11]_i_7/I3
    SLICE_X41Y74         LUT4 (Prop_lut4_I3_O)        0.124    10.756 r  cnn_accelerator_system_i/cnn_accelerator_wino_0/inst/conv2/u_ot/yre[0][4][11]_i_7/O
                         net (fo=1, routed)           0.000    10.756    cnn_accelerator_system_i/cnn_accelerator_wino_0/inst/conv2/u_ot/yre[0][4][11]_i_7_n_0
    SLICE_X41Y74                                                      r  cnn_accelerator_system_i/cnn_accelerator_wino_0/inst/conv2/u_ot/yre_reg[0][4][11]_i_1/S[2]
    SLICE_X41Y74         CARRY4 (Prop_carry4_S[2]_CO[3])
                                                      0.398    11.154 r  cnn_accelerator_system_i/cnn_accelerator_wino_0/inst/conv2/u_ot/yre_reg[0][4][11]_i_1/CO[3]
                         net (fo=1, routed)           0.009    11.163    cnn_accelerator_system_i/cnn_accelerator_wino_0/inst/conv2/u_ot/yre_reg[0][4][11]_i_1_n_0
    SLICE_X41Y75                                                      r  cnn_accelerator_system_i/cnn_accelerator_wino_0/inst/conv2/u_ot/yre_reg[0][4][15]_i_1/CI
    SLICE_X41Y75         CARRY4 (Prop_carry4_CI_CO[3])
                                                      0.114    11.277 r  cnn_accelerator_system_i/cnn_accelerator_wino_0/inst/conv2/u_ot/yre_reg[0][4][15]_i_1/CO[3]
                         net (fo=1, routed)           0.000    11.277    cnn_accelerator_system_i/cnn_accelerator_wino_0/inst/conv2/u_ot/yre_reg[0][4][15]_i_1_n_0
    SLICE_X41Y76                                                      r  cnn_accelerator_system_i/cnn_accelerator_wino_0/inst/conv2/u_ot/yre_reg[0][4][19]_i_1/CI
    SLICE_X41Y76         CARRY4 (Prop_carry4_CI_CO[3])
                                                      0.114    11.391 r  cnn_accelerator_system_i/cnn_accelerator_wino_0/inst/conv2/u_ot/yre_reg[0][4][19]_i_1/CO[3]
                         net (fo=1, routed)           0.000    11.391    cnn_accelerator_system_i/cnn_accelerator_wino_0/inst/conv2/u_ot/yre_reg[0][4][19]_i_1_n_0
    SLICE_X41Y77                                                      r  cnn_accelerator_system_i/cnn_accelerator_wino_0/inst/conv2/u_ot/yre_reg[0][4][23]_i_1/CI
    SLICE_X41Y77         CARRY4 (Prop_carry4_CI_O[3])
                                                      0.313    11.704 r  cnn_accelerator_system_i/cnn_accelerator_wino_0/inst/conv2/u_ot/yre_reg[0][4][23]_i_1/O[3]
                         net (fo=1, routed)           0.000    11.704    cnn_accelerator_system_i/cnn_accelerator_wino_0/inst/conv2/u_ot/yre_c[0][4]_1084[23]
    SLICE_X41Y77         FDRE                                         r  cnn_accelerator_system_i/cnn_accelerator_wino_0/inst/conv2/u_ot/yre_reg[0][4][23]/D
  -------------------------------------------------------------------    -------------------

                         (clock clk_out3_cnn_accelerator_system_clk_wiz_0_0 rise edge)
                                                      5.000     5.000 r  
    E3                                                0.000     5.000 r  CLK100MHZ (IN)
                         net (fo=0)                   0.000     5.000    CLK100MHZ
    E3                                                                r  CLK100MHZ_IBUF_inst/I
    E3                   IBUF (Prop_ibuf_I_O)         1.411     6.411 r  CLK100MHZ_IBUF_inst/O
                         net (fo=1, routed)           1.920     8.331    cnn_accelerator_system_i/util_ds_buf_0/U0/BUFG_I[0]
    BUFGCTRL_X0Y16                                                    r  cnn_accelerator_system_i/util_ds_buf_0/U0/USE_BUFG.GEN_BUFG[0].BUFG_U/I
    BUFGCTRL_X0Y16       BUFG (Prop_bufg_I_O)         0.091     8.422 r  cnn_accelerator_system_i/util_ds_buf_0/U0/USE_BUFG.GEN_BUFG[0].BUFG_U/O
                         net (fo=2, routed)           1.683    10.105    cnn_accelerator_system_i/clk_wiz_0/inst/clk_in1
    MMCME2_ADV_X0Y0                                                   r  cnn_accelerator_system_i/clk_wiz_0/inst/mmcm_adv_inst/CLKIN1
    MMCME2_ADV_X0Y0      MMCME2_ADV (Prop_mmcme2_adv_CLKIN1_CLKOUT2)
                                                     -3.694     6.411 r  cnn_accelerator_system_i/clk_wiz_0/inst/mmcm_adv_inst/CLKOUT2
                         net (fo=1, routed)           1.923     8.334    cnn_accelerator_system_i/clk_wiz_0/inst/clk_out3_cnn_accelerator_system_clk_wiz_0_0
    BUFGCTRL_X0Y2                                                     r  cnn_accelerator_system_i/clk_wiz_0/inst/clkout3_buf/I
    BUFGCTRL_X0Y2        BUFG (Prop_bufg_I_O)         0.091     8.425 r  cnn_accelerator_system_i/clk_wiz_0/inst/clkout3_buf/O
                         net (fo=37889, routed)       1.501     9.927    cnn_accelerator_system_i/cnn_accelerator_wino_0/inst/conv2/u_ot/clk
    SLICE_X41Y77         FDRE                                         r  cnn_accelerator_system_i/cnn_accelerator_wino_0/inst/conv2/u_ot/yre_reg[0][4][23]/C
                         clock pessimism              0.187    10.114    
                         clock uncertainty           -0.067    10.047    
    SLICE_X41Y77         FDRE (Setup_fdre_C_D)        0.062    10.109    cnn_accelerator_system_i/cnn_accelerator_wino_0/inst/conv2/u_ot/yre_reg[0][4][23]
  -------------------------------------------------------------------
                         required time                         10.109    
                         arrival time                         -11.704    
  -------------------------------------------------------------------
                         slack                                 -1.595    

Slack (VIOLATED) :        -1.579ns  (required time - arrival time)
  Source:                 cnn_accelerator_system_i/cnn_accelerator_wino_0/inst/conv2/u_ot/yre_reg[3][0][3]/C
                            (rising edge-triggered cell FDRE clocked by clk_out3_cnn_accelerator_system_clk_wiz_0_0  {rise@0.000ns fall@2.500ns period=5.000ns})
  Destination:            cnn_accelerator_system_i/cnn_accelerator_wino_0/inst/conv2/u_ot/y16_flat_reg[361]/D
                            (rising edge-triggered cell FDRE clocked by clk_out3_cnn_accelerator_system_clk_wiz_0_0  {rise@0.000ns fall@2.500ns period=5.000ns})
  Path Group:             clk_out3_cnn_accelerator_system_clk_wiz_0_0
  Path Type:              Setup (Max at Slow Process Corner)
  Requirement:            5.000ns  (clk_out3_cnn_accelerator_system_clk_wiz_0_0 rise@5.000ns - clk_out3_cnn_accelerator_system_clk_wiz_0_0 rise@0.000ns)
  Data Path Delay:        6.609ns  (logic 3.569ns (53.999%)  route 3.040ns (46.001%))
  Logic Levels:           10  (CARRY4=6 LUT3=2 LUT4=2)
  Clock Path Skew:        0.035ns (DCD - SCD + CPR)
    Destination Clock Delay (DCD):    5.006ns = ( 10.006 - 5.000 ) 
    Source Clock Delay      (SCD):    5.230ns
    Clock Pessimism Removal (CPR):    0.259ns
  Clock Uncertainty:      0.067ns  ((TSJ^2 + DJ^2)^1/2) / 2 + PE
    Total System Jitter     (TSJ):    0.071ns
    Discrete Jitter          (DJ):    0.113ns
    Phase Error              (PE):    0.000ns

    Location             Delay type                Incr(ns)  Path(ns)    Netlist Resource(s)
  -------------------------------------------------------------------    -------------------
                         (clock clk_out3_cnn_accelerator_system_clk_wiz_0_0 rise edge)
                                                      0.000     0.000 r  
    E3                                                0.000     0.000 r  CLK100MHZ (IN)
                         net (fo=0)                   0.000     0.000    CLK100MHZ
    E3                                                                r  CLK100MHZ_IBUF_inst/I
    E3                   IBUF (Prop_ibuf_I_O)         1.482     1.482 r  CLK100MHZ_IBUF_inst/O
                         net (fo=1, routed)           2.025     3.506    cnn_accelerator_system_i/util_ds_buf_0/U0/BUFG_I[0]
    BUFGCTRL_X0Y16                                                    r  cnn_accelerator_system_i/util_ds_buf_0/U0/USE_BUFG.GEN_BUFG[0].BUFG_U/I
    BUFGCTRL_X0Y16       BUFG (Prop_bufg_I_O)         0.096     3.602 r  cnn_accelerator_system_i/util_ds_buf_0/U0/USE_BUFG.GEN_BUFG[0].BUFG_U/O
                         net (fo=2, routed)           1.809     5.412    cnn_accelerator_system_i/clk_wiz_0/inst/clk_in1
    MMCME2_ADV_X0Y0                                                   r  cnn_accelerator_system_i/clk_wiz_0/inst/mmcm_adv_inst/CLKIN1
    MMCME2_ADV_X0Y0      MMCME2_ADV (Prop_mmcme2_adv_CLKIN1_CLKOUT2)
                                                     -3.922     1.490 r  cnn_accelerator_system_i/clk_wiz_0/inst/mmcm_adv_inst/CLKOUT2
                         net (fo=1, routed)           2.018     3.508    cnn_accelerator_system_i/clk_wiz_0/inst/clk_out3_cnn_accelerator_system_clk_wiz_0_0
    BUFGCTRL_X0Y2                                                     r  cnn_accelerator_system_i/clk_wiz_0/inst/clkout3_buf/I
    BUFGCTRL_X0Y2        BUFG (Prop_bufg_I_O)         0.096     3.604 r  cnn_accelerator_system_i/clk_wiz_0/inst/clkout3_buf/O
                         net (fo=37889, routed)       1.625     5.230    cnn_accelerator_system_i/cnn_accelerator_wino_0/inst/conv2/u_ot/clk
    SLICE_X62Y63         FDRE                                         r  cnn_accelerator_system_i/cnn_accelerator_wino_0/inst/conv2/u_ot/yre_reg[3][0][3]/C
  -------------------------------------------------------------------    -------------------
    SLICE_X62Y63         FDRE (Prop_fdre_C_Q)         0.518     5.748 r  cnn_accelerator_system_i/cnn_accelerator_wino_0/inst/conv2/u_ot/yre_reg[3][0][3]/Q
                         net (fo=2, routed)           0.998     6.746    cnn_accelerator_system_i/cnn_accelerator_wino_0/inst/conv2/u_ot/yre_reg[3][0]_1071[3]
    SLICE_X73Y70                                                      r  cnn_accelerator_system_i/cnn_accelerator_wino_0/inst/conv2/u_ot/y16_flat[351]_i_50/I1
    SLICE_X73Y70         LUT3 (Prop_lut3_I1_O)        0.117     6.863 r  cnn_accelerator_system_i/cnn_accelerator_wino_0/inst/conv2/u_ot/y16_flat[351]_i_50/O
                         net (fo=2, routed)           0.817     7.680    cnn_accelerator_system_i/cnn_accelerator_wino_0/inst/conv2/u_ot/y16_flat[351]_i_50_n_0
    SLICE_X73Y71                                                      r  cnn_accelerator_system_i/cnn_accelerator_wino_0/inst/conv2/u_ot/y16_flat[351]_i_54/I3
    SLICE_X73Y71         LUT4 (Prop_lut4_I3_O)        0.332     8.012 r  cnn_accelerator_system_i/cnn_accelerator_wino_0/inst/conv2/u_ot/y16_flat[351]_i_54/O
                         net (fo=1, routed)           0.000     8.012    cnn_accelerator_system_i/cnn_accelerator_wino_0/inst/conv2/u_ot/y16_flat[351]_i_54_n_0
    SLICE_X73Y71                                                      r  cnn_accelerator_system_i/cnn_accelerator_wino_0/inst/conv2/u_ot/y16_flat_reg[351]_i_30/S[0]
    SLICE_X73Y71         CARRY4 (Prop_carry4_S[0]_CO[3])
                                                      0.532     8.544 r  cnn_accelerator_system_i/cnn_accelerator_wino_0/inst/conv2/u_ot/y16_flat_reg[351]_i_30/CO[3]
                         net (fo=1, routed)           0.000     8.544    cnn_accelerator_system_i/cnn_accelerator_wino_0/inst/conv2/u_ot/y16_flat_reg[351]_i_30_n_0
    SLICE_X73Y72                                                      r  cnn_accelerator_system_i/cnn_accelerator_wino_0/inst/conv2/u_ot/y16_flat_reg[351]_i_20/CI
    SLICE_X73Y72         CARRY4 (Prop_carry4_CI_CO[3])
                                                      0.114     8.658 r  cnn_accelerator_system_i/cnn_accelerator_wino_0/inst/conv2/u_ot/y16_flat_reg[351]_i_20/CO[3]
                         net (fo=1, routed)           0.000     8.658    cnn_accelerator_system_i/cnn_accelerator_wino_0/inst/conv2/u_ot/y16_flat_reg[351]_i_20_n_0
    SLICE_X73Y73                                                      r  cnn_accelerator_system_i/cnn_accelerator_wino_0/inst/conv2/u_ot/y16_flat_reg[355]_i_10/CI
    SLICE_X73Y73         CARRY4 (Prop_carry4_CI_CO[3])
                                                      0.114     8.772 r  cnn_accelerator_system_i/cnn_accelerator_wino_0/inst/conv2/u_ot/y16_flat_reg[355]_i_10/CO[3]
                         net (fo=1, routed)           0.000     8.772    cnn_accelerator_system_i/cnn_accelerator_wino_0/inst/conv2/u_ot/y16_flat_reg[355]_i_10_n_0
    SLICE_X73Y74                                                      r  cnn_accelerator_system_i/cnn_accelerator_wino_0/inst/conv2/u_ot/y16_flat_reg[359]_i_10/CI
    SLICE_X73Y74         CARRY4 (Prop_carry4_CI_O[3])
                                                      0.313     9.085 r  cnn_accelerator_system_i/cnn_accelerator_wino_0/inst/conv2/u_ot/y16_flat_reg[359]_i_10/O[3]
                         net (fo=2, routed)           0.631     9.716    cnn_accelerator_system_i/cnn_accelerator_wino_0/inst/conv2/u_ot/y16_flat_reg[359]_i_10_n_4
    SLICE_X75Y75                                                      r  cnn_accelerator_system_i/cnn_accelerator_wino_0/inst/conv2/u_ot/y16_flat[359]_i_5/I0
    SLICE_X75Y75         LUT3 (Prop_lut3_I0_O)        0.331    10.047 r  cnn_accelerator_system_i/cnn_accelerator_wino_0/inst/conv2/u_ot/y16_flat[359]_i_5/O
                         net (fo=2, routed)           0.594    10.641    cnn_accelerator_system_i/cnn_accelerator_wino_0/inst/conv2/u_ot/y16_flat[359]_i_5_n_0
    SLICE_X75Y76                                                      r  cnn_accelerator_system_i/cnn_accelerator_wino_0/inst/conv2/u_ot/y16_flat[359]_i_9/I3
    SLICE_X75Y76         LUT4 (Prop_lut4_I3_O)        0.332    10.973 r  cnn_accelerator_system_i/cnn_accelerator_wino_0/inst/conv2/u_ot/y16_flat[359]_i_9/O
                         net (fo=1, routed)           0.000    10.973    cnn_accelerator_system_i/cnn_accelerator_wino_0/inst/conv2/u_ot/y16_flat[359]_i_9_n_0
    SLICE_X75Y76                                                      r  cnn_accelerator_system_i/cnn_accelerator_wino_0/inst/conv2/u_ot/y16_flat_reg[359]_i_1/S[0]
    SLICE_X75Y76         CARRY4 (Prop_carry4_S[0]_CO[3])
                                                      0.532    11.505 r  cnn_accelerator_system_i/cnn_accelerator_wino_0/inst/conv2/u_ot/y16_flat_reg[359]_i_1/CO[3]
                         net (fo=1, routed)           0.000    11.505    cnn_accelerator_system_i/cnn_accelerator_wino_0/inst/conv2/u_ot/y16_flat_reg[359]_i_1_n_0
    SLICE_X75Y77                                                      r  cnn_accelerator_system_i/cnn_accelerator_wino_0/inst/conv2/u_ot/y16_flat_reg[363]_i_1/CI
    SLICE_X75Y77         CARRY4 (Prop_carry4_CI_O[1])
                                                      0.334    11.839 r  cnn_accelerator_system_i/cnn_accelerator_wino_0/inst/conv2/u_ot/y16_flat_reg[363]_i_1/O[1]
                         net (fo=1, routed)           0.000    11.839    cnn_accelerator_system_i/cnn_accelerator_wino_0/inst/conv2/u_ot/y16_c[3][0]_1119[25]
    SLICE_X75Y77         FDRE                                         r  cnn_accelerator_system_i/cnn_accelerator_wino_0/inst/conv2/u_ot/y16_flat_reg[361]/D
  -------------------------------------------------------------------    -------------------

                         (clock clk_out3_cnn_accelerator_system_clk_wiz_0_0 rise edge)
                                                      5.000     5.000 r  
    E3                                                0.000     5.000 r  CLK100MHZ (IN)
                         net (fo=0)                   0.000     5.000    CLK100MHZ
    E3                                                                r  CLK100MHZ_IBUF_inst/I
    E3                   IBUF (Prop_ibuf_I_O)         1.411     6.411 r  CLK100MHZ_IBUF_inst/O
                         net (fo=1, routed)           1.920     8.331    cnn_accelerator_system_i/util_ds_buf_0/U0/BUFG_I[0]
    BUFGCTRL_X0Y16                                                    r  cnn_accelerator_system_i/util_ds_buf_0/U0/USE_BUFG.GEN_BUFG[0].BUFG_U/I
    BUFGCTRL_X0Y16       BUFG (Prop_bufg_I_O)         0.091     8.422 r  cnn_accelerator_system_i/util_ds_buf_0/U0/USE_BUFG.GEN_BUFG[0].BUFG_U/O
                         net (fo=2, routed)           1.683    10.105    cnn_accelerator_system_i/clk_wiz_0/inst/clk_in1
    MMCME2_ADV_X0Y0                                                   r  cnn_accelerator_system_i/clk_wiz_0/inst/mmcm_adv_inst/CLKIN1
    MMCME2_ADV_X0Y0      MMCME2_ADV (Prop_mmcme2_adv_CLKIN1_CLKOUT2)
                                                     -3.694     6.411 r  cnn_accelerator_system_i/clk_wiz_0/inst/mmcm_adv_inst/CLKOUT2
                         net (fo=1, routed)           1.923     8.334    cnn_accelerator_system_i/clk_wiz_0/inst/clk_out3_cnn_accelerator_system_clk_wiz_0_0
    BUFGCTRL_X0Y2                                                     r  cnn_accelerator_system_i/clk_wiz_0/inst/clkout3_buf/I
    BUFGCTRL_X0Y2        BUFG (Prop_bufg_I_O)         0.091     8.425 r  cnn_accelerator_system_i/clk_wiz_0/inst/clkout3_buf/O
                         net (fo=37889, routed)       1.580    10.006    cnn_accelerator_system_i/cnn_accelerator_wino_0/inst/conv2/u_ot/clk
    SLICE_X75Y77         FDRE                                         r  cnn_accelerator_system_i/cnn_accelerator_wino_0/inst/conv2/u_ot/y16_flat_reg[361]/C
                         clock pessimism              0.259    10.265    
                         clock uncertainty           -0.067    10.198    
    SLICE_X75Y77         FDRE (Setup_fdre_C_D)        0.062    10.260    cnn_accelerator_system_i/cnn_accelerator_wino_0/inst/conv2/u_ot/y16_flat_reg[361]
  -------------------------------------------------------------------
                         required time                         10.260    
                         arrival time                         -11.839    
  -------------------------------------------------------------------
                         slack                                 -1.579    

Slack (VIOLATED) :        -1.570ns  (required time - arrival time)
  Source:                 cnn_accelerator_system_i/cnn_accelerator_wino_0/inst/conv2/m_re_flat_reg[706]/C
                            (rising edge-triggered cell FDRE clocked by clk_out3_cnn_accelerator_system_clk_wiz_0_0  {rise@0.000ns fall@2.500ns period=5.000ns})
  Destination:            cnn_accelerator_system_i/cnn_accelerator_wino_0/inst/conv2/u_ot/yim_reg[3][4][26]/D
                            (rising edge-triggered cell FDRE clocked by clk_out3_cnn_accelerator_system_clk_wiz_0_0  {rise@0.000ns fall@2.500ns period=5.000ns})
  Path Group:             clk_out3_cnn_accelerator_system_clk_wiz_0_0
  Path Type:              Setup (Max at Slow Process Corner)
  Requirement:            5.000ns  (clk_out3_cnn_accelerator_system_clk_wiz_0_0 rise@5.000ns - clk_out3_cnn_accelerator_system_clk_wiz_0_0 rise@0.000ns)
  Data Path Delay:        6.532ns  (logic 3.078ns (47.125%)  route 3.454ns (52.875%))
  Logic Levels:           11  (CARRY4=7 LUT3=2 LUT4=2)
  Clock Path Skew:        -0.034ns (DCD - SCD + CPR)
    Destination Clock Delay (DCD):    4.915ns = ( 9.915 - 5.000 ) 
    Source Clock Delay      (SCD):    5.208ns
    Clock Pessimism Removal (CPR):    0.259ns
  Clock Uncertainty:      0.067ns  ((TSJ^2 + DJ^2)^1/2) / 2 + PE
    Total System Jitter     (TSJ):    0.071ns
    Discrete Jitter          (DJ):    0.113ns
    Phase Error              (PE):    0.000ns

    Location             Delay type                Incr(ns)  Path(ns)    Netlist Resource(s)
  -------------------------------------------------------------------    -------------------
                         (clock clk_out3_cnn_accelerator_system_clk_wiz_0_0 rise edge)
                                                      0.000     0.000 r  
    E3                                                0.000     0.000 r  CLK100MHZ (IN)
                         net (fo=0)                   0.000     0.000    CLK100MHZ
    E3                                                                r  CLK100MHZ_IBUF_inst/I
    E3                   IBUF (Prop_ibuf_I_O)         1.482     1.482 r  CLK100MHZ_IBUF_inst/O
                         net (fo=1, routed)           2.025     3.506    cnn_accelerator_system_i/util_ds_buf_0/U0/BUFG_I[0]
    BUFGCTRL_X0Y16                                                    r  cnn_accelerator_system_i/util_ds_buf_0/U0/USE_BUFG.GEN_BUFG[0].BUFG_U/I
    BUFGCTRL_X0Y16       BUFG (Prop_bufg_I_O)         0.096     3.602 r  cnn_accelerator_system_i/util_ds_buf_0/U0/USE_BUFG.GEN_BUFG[0].BUFG_U/O
                         net (fo=2, routed)           1.809     5.412    cnn_accelerator_system_i/clk_wiz_0/inst/clk_in1
    MMCME2_ADV_X0Y0                                                   r  cnn_accelerator_system_i/clk_wiz_0/inst/mmcm_adv_inst/CLKIN1
    MMCME2_ADV_X0Y0      MMCME2_ADV (Prop_mmcme2_adv_CLKIN1_CLKOUT2)
                                                     -3.922     1.490 r  cnn_accelerator_system_i/clk_wiz_0/inst/mmcm_adv_inst/CLKOUT2
                         net (fo=1, routed)           2.018     3.508    cnn_accelerator_system_i/clk_wiz_0/inst/clk_out3_cnn_accelerator_system_clk_wiz_0_0
    BUFGCTRL_X0Y2                                                     r  cnn_accelerator_system_i/clk_wiz_0/inst/clkout3_buf/I
    BUFGCTRL_X0Y2        BUFG (Prop_bufg_I_O)         0.096     3.604 r  cnn_accelerator_system_i/clk_wiz_0/inst/clkout3_buf/O
                         net (fo=37889, routed)       1.603     5.208    cnn_accelerator_system_i/cnn_accelerator_wino_0/inst/conv2/clk
    SLICE_X52Y75         FDRE                                         r  cnn_accelerator_system_i/cnn_accelerator_wino_0/inst/conv2/m_re_flat_reg[706]/C
  -------------------------------------------------------------------    -------------------
    SLICE_X52Y75         FDRE (Prop_fdre_C_Q)         0.456     5.664 r  cnn_accelerator_system_i/cnn_accelerator_wino_0/inst/conv2/m_re_flat_reg[706]/Q
                         net (fo=18, routed)          0.995     6.658    cnn_accelerator_system_i/cnn_accelerator_wino_0/inst/conv2/u_ot/Q[506]
    SLICE_X55Y73                                                      r  cnn_accelerator_system_i/cnn_accelerator_wino_0/inst/conv2/u_ot/yim[3][4][11]_i_11/I0
    SLICE_X55Y73         LUT3 (Prop_lut3_I0_O)        0.154     6.812 r  cnn_accelerator_system_i/cnn_accelerator_wino_0/inst/conv2/u_ot/yim[3][4][11]_i_11/O
                         net (fo=2, routed)           0.690     7.502    cnn_accelerator_system_i/cnn_accelerator_wino_0/inst/conv2/u_ot/yim[3][4][11]_i_11_n_0
    SLICE_X55Y73                                                      r  cnn_accelerator_system_i/cnn_accelerator_wino_0/inst/conv2/u_ot/yim[3][4][11]_i_15/I3
    SLICE_X55Y73         LUT4 (Prop_lut4_I3_O)        0.327     7.829 r  cnn_accelerator_system_i/cnn_accelerator_wino_0/inst/conv2/u_ot/yim[3][4][11]_i_15/O
                         net (fo=1, routed)           0.000     7.829    cnn_accelerator_system_i/cnn_accelerator_wino_0/inst/conv2/u_ot/yim[3][4][11]_i_15_n_0
    SLICE_X55Y73                                                      r  cnn_accelerator_system_i/cnn_accelerator_wino_0/inst/conv2/u_ot/yim_reg[3][4][11]_i_10/S[3]
    SLICE_X55Y73         CARRY4 (Prop_carry4_S[3]_CO[3])
                                                      0.401     8.230 r  cnn_accelerator_system_i/cnn_accelerator_wino_0/inst/conv2/u_ot/yim_reg[3][4][11]_i_10/CO[3]
                         net (fo=1, routed)           0.000     8.230    cnn_accelerator_system_i/cnn_accelerator_wino_0/inst/conv2/u_ot/yim_reg[3][4][11]_i_10_n_0
    SLICE_X55Y74                                                      r  cnn_accelerator_system_i/cnn_accelerator_wino_0/inst/conv2/u_ot/yim_reg[3][4][15]_i_10/CI
    SLICE_X55Y74         CARRY4 (Prop_carry4_CI_O[1])
                                                      0.334     8.564 r  cnn_accelerator_system_i/cnn_accelerator_wino_0/inst/conv2/u_ot/yim_reg[3][4][15]_i_10/O[1]
                         net (fo=2, routed)           0.871     9.435    cnn_accelerator_system_i/cnn_accelerator_wino_0/inst/conv2/u_ot/yim_reg[3][4][15]_i_10_n_6
    SLICE_X56Y69                                                      r  cnn_accelerator_system_i/cnn_accelerator_wino_0/inst/conv2/u_ot/yim[3][4][11]_i_3/I0
    SLICE_X56Y69         LUT3 (Prop_lut3_I0_O)        0.303     9.738 r  cnn_accelerator_system_i/cnn_accelerator_wino_0/inst/conv2/u_ot/yim[3][4][11]_i_3/O
                         net (fo=2, routed)           0.889    10.627    cnn_accelerator_system_i/cnn_accelerator_wino_0/inst/conv2/u_ot/yim[3][4][11]_i_3_n_0
    SLICE_X61Y71                                                      r  cnn_accelerator_system_i/cnn_accelerator_wino_0/inst/conv2/u_ot/yim[3][4][11]_i_7/I3
    SLICE_X61Y71         LUT4 (Prop_lut4_I3_O)        0.124    10.751 r  cnn_accelerator_system_i/cnn_accelerator_wino_0/inst/conv2/u_ot/yim[3][4][11]_i_7/O
                         net (fo=1, routed)           0.000    10.751    cnn_accelerator_system_i/cnn_accelerator_wino_0/inst/conv2/u_ot/yim[3][4][11]_i_7_n_0
    SLICE_X61Y71                                                      r  cnn_accelerator_system_i/cnn_accelerator_wino_0/inst/conv2/u_ot/yim_reg[3][4][11]_i_1/S[2]
    SLICE_X61Y71         CARRY4 (Prop_carry4_S[2]_CO[3])
                                                      0.398    11.149 r  cnn_accelerator_system_i/cnn_accelerator_wino_0/inst/conv2/u_ot/yim_reg[3][4][11]_i_1/CO[3]
                         net (fo=1, routed)           0.000    11.149    cnn_accelerator_system_i/cnn_accelerator_wino_0/inst/conv2/u_ot/yim_reg[3][4][11]_i_1_n_0
    SLICE_X61Y72                                                      r  cnn_accelerator_system_i/cnn_accelerator_wino_0/inst/conv2/u_ot/yim_reg[3][4][15]_i_1/CI
    SLICE_X61Y72         CARRY4 (Prop_carry4_CI_CO[3])
                                                      0.114    11.263 r  cnn_accelerator_system_i/cnn_accelerator_wino_0/inst/conv2/u_ot/yim_reg[3][4][15]_i_1/CO[3]
                         net (fo=1, routed)           0.000    11.263    cnn_accelerator_system_i/cnn_accelerator_wino_0/inst/conv2/u_ot/yim_reg[3][4][15]_i_1_n_0
    SLICE_X61Y73                                                      r  cnn_accelerator_system_i/cnn_accelerator_wino_0/inst/conv2/u_ot/yim_reg[3][4][19]_i_1/CI
    SLICE_X61Y73         CARRY4 (Prop_carry4_CI_CO[3])
                                                      0.114    11.377 r  cnn_accelerator_system_i/cnn_accelerator_wino_0/inst/conv2/u_ot/yim_reg[3][4][19]_i_1/CO[3]
                         net (fo=1, routed)           0.000    11.377    cnn_accelerator_system_i/cnn_accelerator_wino_0/inst/conv2/u_ot/yim_reg[3][4][19]_i_1_n_0
    SLICE_X61Y74                                                      r  cnn_accelerator_system_i/cnn_accelerator_wino_0/inst/conv2/u_ot/yim_reg[3][4][23]_i_1/CI
    SLICE_X61Y74         CARRY4 (Prop_carry4_CI_CO[3])
                                                      0.114    11.491 r  cnn_accelerator_system_i/cnn_accelerator_wino_0/inst/conv2/u_ot/yim_reg[3][4][23]_i_1/CO[3]
                         net (fo=1, routed)           0.009    11.500    cnn_accelerator_system_i/cnn_accelerator_wino_0/inst/conv2/u_ot/yim_reg[3][4][23]_i_1_n_0
    SLICE_X61Y75                                                      r  cnn_accelerator_system_i/cnn_accelerator_wino_0/inst/conv2/u_ot/yim_reg[3][4][27]_i_1/CI
    SLICE_X61Y75         CARRY4 (Prop_carry4_CI_O[2])
                                                      0.239    11.739 r  cnn_accelerator_system_i/cnn_accelerator_wino_0/inst/conv2/u_ot/yim_reg[3][4][27]_i_1/O[2]
                         net (fo=1, routed)           0.000    11.739    cnn_accelerator_system_i/cnn_accelerator_wino_0/inst/conv2/u_ot/yim_c[3][4]_1098[26]
    SLICE_X61Y75         FDRE                                         r  cnn_accelerator_system_i/cnn_accelerator_wino_0/inst/conv2/u_ot/yim_reg[3][4][26]/D
  -------------------------------------------------------------------    -------------------

                         (clock clk_out3_cnn_accelerator_system_clk_wiz_0_0 rise edge)
                                                      5.000     5.000 r  
    E3                                                0.000     5.000 r  CLK100MHZ (IN)
                         net (fo=0)                   0.000     5.000    CLK100MHZ
    E3                                                                r  CLK100MHZ_IBUF_inst/I
    E3                   IBUF (Prop_ibuf_I_O)         1.411     6.411 r  CLK100MHZ_IBUF_inst/O
                         net (fo=1, routed)           1.920     8.331    cnn_accelerator_system_i/util_ds_buf_0/U0/BUFG_I[0]
    BUFGCTRL_X0Y16                                                    r  cnn_accelerator_system_i/util_ds_buf_0/U0/USE_BUFG.GEN_BUFG[0].BUFG_U/I
    BUFGCTRL_X0Y16       BUFG (Prop_bufg_I_O)         0.091     8.422 r  cnn_accelerator_system_i/util_ds_buf_0/U0/USE_BUFG.GEN_BUFG[0].BUFG_U/O
                         net (fo=2, routed)           1.683    10.105    cnn_accelerator_system_i/clk_wiz_0/inst/clk_in1
    MMCME2_ADV_X0Y0                                                   r  cnn_accelerator_system_i/clk_wiz_0/inst/mmcm_adv_inst/CLKIN1
    MMCME2_ADV_X0Y0      MMCME2_ADV (Prop_mmcme2_adv_CLKIN1_CLKOUT2)
                                                     -3.694     6.411 r  cnn_accelerator_system_i/clk_wiz_0/inst/mmcm_adv_inst/CLKOUT2
                         net (fo=1, routed)           1.923     8.334    cnn_accelerator_system_i/clk_wiz_0/inst/clk_out3_cnn_accelerator_system_clk_wiz_0_0
    BUFGCTRL_X0Y2                                                     r  cnn_accelerator_system_i/clk_wiz_0/inst/clkout3_buf/I
    BUFGCTRL_X0Y2        BUFG (Prop_bufg_I_O)         0.091     8.425 r  cnn_accelerator_system_i/clk_wiz_0/inst/clkout3_buf/O
                         net (fo=37889, routed)       1.489     9.915    cnn_accelerator_system_i/cnn_accelerator_wino_0/inst/conv2/u_ot/clk
    SLICE_X61Y75         FDRE                                         r  cnn_accelerator_system_i/cnn_accelerator_wino_0/inst/conv2/u_ot/yim_reg[3][4][26]/C
                         clock pessimism              0.259    10.174    
                         clock uncertainty           -0.067    10.107    
    SLICE_X61Y75         FDRE (Setup_fdre_C_D)        0.062    10.169    cnn_accelerator_system_i/cnn_accelerator_wino_0/inst/conv2/u_ot/yim_reg[3][4][26]
  -------------------------------------------------------------------
                         required time                         10.169    
                         arrival time                         -11.739    
  -------------------------------------------------------------------
                         slack                                 -1.570    

Slack (VIOLATED) :        -1.558ns  (required time - arrival time)
  Source:                 cnn_accelerator_system_i/cnn_accelerator_wino_0/inst/conv2/u_ot/yre_reg[3][0][3]/C
                            (rising edge-triggered cell FDRE clocked by clk_out3_cnn_accelerator_system_clk_wiz_0_0  {rise@0.000ns fall@2.500ns period=5.000ns})
  Destination:            cnn_accelerator_system_i/cnn_accelerator_wino_0/inst/conv2/u_ot/y16_flat_reg[363]/D
                            (rising edge-triggered cell FDRE clocked by clk_out3_cnn_accelerator_system_clk_wiz_0_0  {rise@0.000ns fall@2.500ns period=5.000ns})
  Path Group:             clk_out3_cnn_accelerator_system_clk_wiz_0_0
  Path Type:              Setup (Max at Slow Process Corner)
  Requirement:            5.000ns  (clk_out3_cnn_accelerator_system_clk_wiz_0_0 rise@5.000ns - clk_out3_cnn_accelerator_system_clk_wiz_0_0 rise@0.000ns)
  Data Path Delay:        6.588ns  (logic 3.548ns (53.853%)  route 3.040ns (46.147%))
  Logic Levels:           10  (CARRY4=6 LUT3=2 LUT4=2)
  Clock Path Skew:        0.035ns (DCD - SCD + CPR)
    Destination Clock Delay (DCD):    5.006ns = ( 10.006 - 5.000 ) 
    Source Clock Delay      (SCD):    5.230ns
    Clock Pessimism Removal (CPR):    0.259ns
  Clock Uncertainty:      0.067ns  ((TSJ^2 + DJ^2)^1/2) / 2 + PE
    Total System Jitter     (TSJ):    0.071ns
    Discrete Jitter          (DJ):    0.113ns
    Phase Error              (PE):    0.000ns

    Location             Delay type                Incr(ns)  Path(ns)    Netlist Resource(s)
  -------------------------------------------------------------------    -------------------
                         (clock clk_out3_cnn_accelerator_system_clk_wiz_0_0 rise edge)
                                                      0.000     0.000 r  
    E3                                                0.000     0.000 r  CLK100MHZ (IN)
                         net (fo=0)                   0.000     0.000    CLK100MHZ
    E3                                                                r  CLK100MHZ_IBUF_inst/I
    E3                   IBUF (Prop_ibuf_I_O)         1.482     1.482 r  CLK100MHZ_IBUF_inst/O
                         net (fo=1, routed)           2.025     3.506    cnn_accelerator_system_i/util_ds_buf_0/U0/BUFG_I[0]
    BUFGCTRL_X0Y16                                                    r  cnn_accelerator_system_i/util_ds_buf_0/U0/USE_BUFG.GEN_BUFG[0].BUFG_U/I
    BUFGCTRL_X0Y16       BUFG (Prop_bufg_I_O)         0.096     3.602 r  cnn_accelerator_system_i/util_ds_buf_0/U0/USE_BUFG.GEN_BUFG[0].BUFG_U/O
                         net (fo=2, routed)           1.809     5.412    cnn_accelerator_system_i/clk_wiz_0/inst/clk_in1
    MMCME2_ADV_X0Y0                                                   r  cnn_accelerator_system_i/clk_wiz_0/inst/mmcm_adv_inst/CLKIN1
    MMCME2_ADV_X0Y0      MMCME2_ADV (Prop_mmcme2_adv_CLKIN1_CLKOUT2)
                                                     -3.922     1.490 r  cnn_accelerator_system_i/clk_wiz_0/inst/mmcm_adv_inst/CLKOUT2
                         net (fo=1, routed)           2.018     3.508    cnn_accelerator_system_i/clk_wiz_0/inst/clk_out3_cnn_accelerator_system_clk_wiz_0_0
    BUFGCTRL_X0Y2                                                     r  cnn_accelerator_system_i/clk_wiz_0/inst/clkout3_buf/I
    BUFGCTRL_X0Y2        BUFG (Prop_bufg_I_O)         0.096     3.604 r  cnn_accelerator_system_i/clk_wiz_0/inst/clkout3_buf/O
                         net (fo=37889, routed)       1.625     5.230    cnn_accelerator_system_i/cnn_accelerator_wino_0/inst/conv2/u_ot/clk
    SLICE_X62Y63         FDRE                                         r  cnn_accelerator_system_i/cnn_accelerator_wino_0/inst/conv2/u_ot/yre_reg[3][0][3]/C
  -------------------------------------------------------------------    -------------------
    SLICE_X62Y63         FDRE (Prop_fdre_C_Q)         0.518     5.748 r  cnn_accelerator_system_i/cnn_accelerator_wino_0/inst/conv2/u_ot/yre_reg[3][0][3]/Q
                         net (fo=2, routed)           0.998     6.746    cnn_accelerator_system_i/cnn_accelerator_wino_0/inst/conv2/u_ot/yre_reg[3][0]_1071[3]
    SLICE_X73Y70                                                      r  cnn_accelerator_system_i/cnn_accelerator_wino_0/inst/conv2/u_ot/y16_flat[351]_i_50/I1
    SLICE_X73Y70         LUT3 (Prop_lut3_I1_O)        0.117     6.863 r  cnn_accelerator_system_i/cnn_accelerator_wino_0/inst/conv2/u_ot/y16_flat[351]_i_50/O
                         net (fo=2, routed)           0.817     7.680    cnn_accelerator_system_i/cnn_accelerator_wino_0/inst/conv2/u_ot/y16_flat[351]_i_50_n_0
    SLICE_X73Y71                                                      r  cnn_accelerator_system_i/cnn_accelerator_wino_0/inst/conv2/u_ot/y16_flat[351]_i_54/I3
    SLICE_X73Y71         LUT4 (Prop_lut4_I3_O)        0.332     8.012 r  cnn_accelerator_system_i/cnn_accelerator_wino_0/inst/conv2/u_ot/y16_flat[351]_i_54/O
                         net (fo=1, routed)           0.000     8.012    cnn_accelerator_system_i/cnn_accelerator_wino_0/inst/conv2/u_ot/y16_flat[351]_i_54_n_0
    SLICE_X73Y71                                                      r  cnn_accelerator_system_i/cnn_accelerator_wino_0/inst/conv2/u_ot/y16_flat_reg[351]_i_30/S[0]
    SLICE_X73Y71         CARRY4 (Prop_carry4_S[0]_CO[3])
                                                      0.532     8.544 r  cnn_accelerator_system_i/cnn_accelerator_wino_0/inst/conv2/u_ot/y16_flat_reg[351]_i_30/CO[3]
                         net (fo=1, routed)           0.000     8.544    cnn_accelerator_system_i/cnn_accelerator_wino_0/inst/conv2/u_ot/y16_flat_reg[351]_i_30_n_0
    SLICE_X73Y72                                                      r  cnn_accelerator_system_i/cnn_accelerator_wino_0/inst/conv2/u_ot/y16_flat_reg[351]_i_20/CI
    SLICE_X73Y72         CARRY4 (Prop_carry4_CI_CO[3])
                                                      0.114     8.658 r  cnn_accelerator_system_i/cnn_accelerator_wino_0/inst/conv2/u_ot/y16_flat_reg[351]_i_20/CO[3]
                         net (fo=1, routed)           0.000     8.658    cnn_accelerator_system_i/cnn_accelerator_wino_0/inst/conv2/u_ot/y16_flat_reg[351]_i_20_n_0
    SLICE_X73Y73                                                      r  cnn_accelerator_system_i/cnn_accelerator_wino_0/inst/conv2/u_ot/y16_flat_reg[355]_i_10/CI
    SLICE_X73Y73         CARRY4 (Prop_carry4_CI_CO[3])
                                                      0.114     8.772 r  cnn_accelerator_system_i/cnn_accelerator_wino_0/inst/conv2/u_ot/y16_flat_reg[355]_i_10/CO[3]
                         net (fo=1, routed)           0.000     8.772    cnn_accelerator_system_i/cnn_accelerator_wino_0/inst/conv2/u_ot/y16_flat_reg[355]_i_10_n_0
    SLICE_X73Y74                                                      r  cnn_accelerator_system_i/cnn_accelerator_wino_0/inst/conv2/u_ot/y16_flat_reg[359]_i_10/CI
    SLICE_X73Y74         CARRY4 (Prop_carry4_CI_O[3])
                                                      0.313     9.085 r  cnn_accelerator_system_i/cnn_accelerator_wino_0/inst/conv2/u_ot/y16_flat_reg[359]_i_10/O[3]
                         net (fo=2, routed)           0.631     9.716    cnn_accelerator_system_i/cnn_accelerator_wino_0/inst/conv2/u_ot/y16_flat_reg[359]_i_10_n_4
    SLICE_X75Y75                                                      r  cnn_accelerator_system_i/cnn_accelerator_wino_0/inst/conv2/u_ot/y16_flat[359]_i_5/I0
    SLICE_X75Y75         LUT3 (Prop_lut3_I0_O)        0.331    10.047 r  cnn_accelerator_system_i/cnn_accelerator_wino_0/inst/conv2/u_ot/y16_flat[359]_i_5/O
                         net (fo=2, routed)           0.594    10.641    cnn_accelerator_system_i/cnn_accelerator_wino_0/inst/conv2/u_ot/y16_flat[359]_i_5_n_0
    SLICE_X75Y76                                                      r  cnn_accelerator_system_i/cnn_accelerator_wino_0/inst/conv2/u_ot/y16_flat[359]_i_9/I3
    SLICE_X75Y76         LUT4 (Prop_lut4_I3_O)        0.332    10.973 r  cnn_accelerator_system_i/cnn_accelerator_wino_0/inst/conv2/u_ot/y16_flat[359]_i_9/O
                         net (fo=1, routed)           0.000    10.973    cnn_accelerator_system_i/cnn_accelerator_wino_0/inst/conv2/u_ot/y16_flat[359]_i_9_n_0
    SLICE_X75Y76                                                      r  cnn_accelerator_system_i/cnn_accelerator_wino_0/inst/conv2/u_ot/y16_flat_reg[359]_i_1/S[0]
    SLICE_X75Y76         CARRY4 (Prop_carry4_S[0]_CO[3])
                                                      0.532    11.505 r  cnn_accelerator_system_i/cnn_accelerator_wino_0/inst/conv2/u_ot/y16_flat_reg[359]_i_1/CO[3]
                         net (fo=1, routed)           0.000    11.505    cnn_accelerator_system_i/cnn_accelerator_wino_0/inst/conv2/u_ot/y16_flat_reg[359]_i_1_n_0
    SLICE_X75Y77                                                      r  cnn_accelerator_system_i/cnn_accelerator_wino_0/inst/conv2/u_ot/y16_flat_reg[363]_i_1/CI
    SLICE_X75Y77         CARRY4 (Prop_carry4_CI_O[3])
                                                      0.313    11.818 r  cnn_accelerator_system_i/cnn_accelerator_wino_0/inst/conv2/u_ot/y16_flat_reg[363]_i_1/O[3]
                         net (fo=1, routed)           0.000    11.818    cnn_accelerator_system_i/cnn_accelerator_wino_0/inst/conv2/u_ot/y16_c[3][0]_1119[27]
    SLICE_X75Y77         FDRE                                         r  cnn_accelerator_system_i/cnn_accelerator_wino_0/inst/conv2/u_ot/y16_flat_reg[363]/D
  -------------------------------------------------------------------    -------------------

                         (clock clk_out3_cnn_accelerator_system_clk_wiz_0_0 rise edge)
                                                      5.000     5.000 r  
    E3                                                0.000     5.000 r  CLK100MHZ (IN)
                         net (fo=0)                   0.000     5.000    CLK100MHZ
    E3                                                                r  CLK100MHZ_IBUF_inst/I
    E3                   IBUF (Prop_ibuf_I_O)         1.411     6.411 r  CLK100MHZ_IBUF_inst/O
                         net (fo=1, routed)           1.920     8.331    cnn_accelerator_system_i/util_ds_buf_0/U0/BUFG_I[0]
    BUFGCTRL_X0Y16                                                    r  cnn_accelerator_system_i/util_ds_buf_0/U0/USE_BUFG.GEN_BUFG[0].BUFG_U/I
    BUFGCTRL_X0Y16       BUFG (Prop_bufg_I_O)         0.091     8.422 r  cnn_accelerator_system_i/util_ds_buf_0/U0/USE_BUFG.GEN_BUFG[0].BUFG_U/O
                         net (fo=2, routed)           1.683    10.105    cnn_accelerator_system_i/clk_wiz_0/inst/clk_in1
    MMCME2_ADV_X0Y0                                                   r  cnn_accelerator_system_i/clk_wiz_0/inst/mmcm_adv_inst/CLKIN1
    MMCME2_ADV_X0Y0      MMCME2_ADV (Prop_mmcme2_adv_CLKIN1_CLKOUT2)
                                                     -3.694     6.411 r  cnn_accelerator_system_i/clk_wiz_0/inst/mmcm_adv_inst/CLKOUT2
                         net (fo=1, routed)           1.923     8.334    cnn_accelerator_system_i/clk_wiz_0/inst/clk_out3_cnn_accelerator_system_clk_wiz_0_0
    BUFGCTRL_X0Y2                                                     r  cnn_accelerator_system_i/clk_wiz_0/inst/clkout3_buf/I
    BUFGCTRL_X0Y2        BUFG (Prop_bufg_I_O)         0.091     8.425 r  cnn_accelerator_system_i/clk_wiz_0/inst/clkout3_buf/O
                         net (fo=37889, routed)       1.580    10.006    cnn_accelerator_system_i/cnn_accelerator_wino_0/inst/conv2/u_ot/clk
    SLICE_X75Y77         FDRE                                         r  cnn_accelerator_system_i/cnn_accelerator_wino_0/inst/conv2/u_ot/y16_flat_reg[363]/C
                         clock pessimism              0.259    10.265    
                         clock uncertainty           -0.067    10.198    
    SLICE_X75Y77         FDRE (Setup_fdre_C_D)        0.062    10.260    cnn_accelerator_system_i/cnn_accelerator_wino_0/inst/conv2/u_ot/y16_flat_reg[363]
  -------------------------------------------------------------------
                         required time                         10.260    
                         arrival time                         -11.818    
  -------------------------------------------------------------------
                         slack                                 -1.558    

Slack (VIOLATED) :        -1.554ns  (required time - arrival time)
  Source:                 cnn_accelerator_system_i/cnn_accelerator_wino_0/inst/conv2/m_re_flat_reg[706]/C
                            (rising edge-triggered cell FDRE clocked by clk_out3_cnn_accelerator_system_clk_wiz_0_0  {rise@0.000ns fall@2.500ns period=5.000ns})
  Destination:            cnn_accelerator_system_i/cnn_accelerator_wino_0/inst/conv2/u_ot/yim_reg[3][4][24]/D
                            (rising edge-triggered cell FDRE clocked by clk_out3_cnn_accelerator_system_clk_wiz_0_0  {rise@0.000ns fall@2.500ns period=5.000ns})
  Path Group:             clk_out3_cnn_accelerator_system_clk_wiz_0_0
  Path Type:              Setup (Max at Slow Process Corner)
  Requirement:            5.000ns  (clk_out3_cnn_accelerator_system_clk_wiz_0_0 rise@5.000ns - clk_out3_cnn_accelerator_system_clk_wiz_0_0 rise@0.000ns)
  Data Path Delay:        6.516ns  (logic 3.062ns (46.995%)  route 3.454ns (53.005%))
  Logic Levels:           11  (CARRY4=7 LUT3=2 LUT4=2)
  Clock Path Skew:        -0.034ns (DCD - SCD + CPR)
    Destination Clock Delay (DCD):    4.915ns = ( 9.915 - 5.000 ) 
    Source Clock Delay      (SCD):    5.208ns
    Clock Pessimism Removal (CPR):    0.259ns
  Clock Uncertainty:      0.067ns  ((TSJ^2 + DJ^2)^1/2) / 2 + PE
    Total System Jitter     (TSJ):    0.071ns
    Discrete Jitter          (DJ):    0.113ns
    Phase Error              (PE):    0.000ns

    Location             Delay type                Incr(ns)  Path(ns)    Netlist Resource(s)
  -------------------------------------------------------------------    -------------------
                         (clock clk_out3_cnn_accelerator_system_clk_wiz_0_0 rise edge)
                                                      0.000     0.000 r  
    E3                                                0.000     0.000 r  CLK100MHZ (IN)
                         net (fo=0)                   0.000     0.000    CLK100MHZ
    E3                                                                r  CLK100MHZ_IBUF_inst/I
    E3                   IBUF (Prop_ibuf_I_O)         1.482     1.482 r  CLK100MHZ_IBUF_inst/O
                         net (fo=1, routed)           2.025     3.506    cnn_accelerator_system_i/util_ds_buf_0/U0/BUFG_I[0]
    BUFGCTRL_X0Y16                                                    r  cnn_accelerator_system_i/util_ds_buf_0/U0/USE_BUFG.GEN_BUFG[0].BUFG_U/I
    BUFGCTRL_X0Y16       BUFG (Prop_bufg_I_O)         0.096     3.602 r  cnn_accelerator_system_i/util_ds_buf_0/U0/USE_BUFG.GEN_BUFG[0].BUFG_U/O
                         net (fo=2, routed)           1.809     5.412    cnn_accelerator_system_i/clk_wiz_0/inst/clk_in1
    MMCME2_ADV_X0Y0                                                   r  cnn_accelerator_system_i/clk_wiz_0/inst/mmcm_adv_inst/CLKIN1
    MMCME2_ADV_X0Y0      MMCME2_ADV (Prop_mmcme2_adv_CLKIN1_CLKOUT2)
                                                     -3.922     1.490 r  cnn_accelerator_system_i/clk_wiz_0/inst/mmcm_adv_inst/CLKOUT2
                         net (fo=1, routed)           2.018     3.508    cnn_accelerator_system_i/clk_wiz_0/inst/clk_out3_cnn_accelerator_system_clk_wiz_0_0
    BUFGCTRL_X0Y2                                                     r  cnn_accelerator_system_i/clk_wiz_0/inst/clkout3_buf/I
    BUFGCTRL_X0Y2        BUFG (Prop_bufg_I_O)         0.096     3.604 r  cnn_accelerator_system_i/clk_wiz_0/inst/clkout3_buf/O
                         net (fo=37889, routed)       1.603     5.208    cnn_accelerator_system_i/cnn_accelerator_wino_0/inst/conv2/clk
    SLICE_X52Y75         FDRE                                         r  cnn_accelerator_system_i/cnn_accelerator_wino_0/inst/conv2/m_re_flat_reg[706]/C
  -------------------------------------------------------------------    -------------------
    SLICE_X52Y75         FDRE (Prop_fdre_C_Q)         0.456     5.664 r  cnn_accelerator_system_i/cnn_accelerator_wino_0/inst/conv2/m_re_flat_reg[706]/Q
                         net (fo=18, routed)          0.995     6.658    cnn_accelerator_system_i/cnn_accelerator_wino_0/inst/conv2/u_ot/Q[506]
    SLICE_X55Y73                                                      r  cnn_accelerator_system_i/cnn_accelerator_wino_0/inst/conv2/u_ot/yim[3][4][11]_i_11/I0
    SLICE_X55Y73         LUT3 (Prop_lut3_I0_O)        0.154     6.812 r  cnn_accelerator_system_i/cnn_accelerator_wino_0/inst/conv2/u_ot/yim[3][4][11]_i_11/O
                         net (fo=2, routed)           0.690     7.502    cnn_accelerator_system_i/cnn_accelerator_wino_0/inst/conv2/u_ot/yim[3][4][11]_i_11_n_0
    SLICE_X55Y73                                                      r  cnn_accelerator_system_i/cnn_accelerator_wino_0/inst/conv2/u_ot/yim[3][4][11]_i_15/I3
    SLICE_X55Y73         LUT4 (Prop_lut4_I3_O)        0.327     7.829 r  cnn_accelerator_system_i/cnn_accelerator_wino_0/inst/conv2/u_ot/yim[3][4][11]_i_15/O
                         net (fo=1, routed)           0.000     7.829    cnn_accelerator_system_i/cnn_accelerator_wino_0/inst/conv2/u_ot/yim[3][4][11]_i_15_n_0
    SLICE_X55Y73                                                      r  cnn_accelerator_system_i/cnn_accelerator_wino_0/inst/conv2/u_ot/yim_reg[3][4][11]_i_10/S[3]
    SLICE_X55Y73         CARRY4 (Prop_carry4_S[3]_CO[3])
                                                      0.401     8.230 r  cnn_accelerator_system_i/cnn_accelerator_wino_0/inst/conv2/u_ot/yim_reg[3][4][11]_i_10/CO[3]
                         net (fo=1, routed)           0.000     8.230    cnn_accelerator_system_i/cnn_accelerator_wino_0/inst/conv2/u_ot/yim_reg[3][4][11]_i_10_n_0
    SLICE_X55Y74                                                      r  cnn_accelerator_system_i/cnn_accelerator_wino_0/inst/conv2/u_ot/yim_reg[3][4][15]_i_10/CI
    SLICE_X55Y74         CARRY4 (Prop_carry4_CI_O[1])
                                                      0.334     8.564 r  cnn_accelerator_system_i/cnn_accelerator_wino_0/inst/conv2/u_ot/yim_reg[3][4][15]_i_10/O[1]
                         net (fo=2, routed)           0.871     9.435    cnn_accelerator_system_i/cnn_accelerator_wino_0/inst/conv2/u_ot/yim_reg[3][4][15]_i_10_n_6
    SLICE_X56Y69                                                      r  cnn_accelerator_system_i/cnn_accelerator_wino_0/inst/conv2/u_ot/yim[3][4][11]_i_3/I0
    SLICE_X56Y69         LUT3 (Prop_lut3_I0_O)        0.303     9.738 r  cnn_accelerator_system_i/cnn_accelerator_wino_0/inst/conv2/u_ot/yim[3][4][11]_i_3/O
                         net (fo=2, routed)           0.889    10.627    cnn_accelerator_system_i/cnn_accelerator_wino_0/inst/conv2/u_ot/yim[3][4][11]_i_3_n_0
    SLICE_X61Y71                                                      r  cnn_accelerator_system_i/cnn_accelerator_wino_0/inst/conv2/u_ot/yim[3][4][11]_i_7/I3
    SLICE_X61Y71         LUT4 (Prop_lut4_I3_O)        0.124    10.751 r  cnn_accelerator_system_i/cnn_accelerator_wino_0/inst/conv2/u_ot/yim[3][4][11]_i_7/O
                         net (fo=1, routed)           0.000    10.751    cnn_accelerator_system_i/cnn_accelerator_wino_0/inst/conv2/u_ot/yim[3][4][11]_i_7_n_0
    SLICE_X61Y71                                                      r  cnn_accelerator_system_i/cnn_accelerator_wino_0/inst/conv2/u_ot/yim_reg[3][4][11]_i_1/S[2]
    SLICE_X61Y71         CARRY4 (Prop_carry4_S[2]_CO[3])
                                                      0.398    11.149 r  cnn_accelerator_system_i/cnn_accelerator_wino_0/inst/conv2/u_ot/yim_reg[3][4][11]_i_1/CO[3]
                         net (fo=1, routed)           0.000    11.149    cnn_accelerator_system_i/cnn_accelerator_wino_0/inst/conv2/u_ot/yim_reg[3][4][11]_i_1_n_0
    SLICE_X61Y72                                                      r  cnn_accelerator_system_i/cnn_accelerator_wino_0/inst/conv2/u_ot/yim_reg[3][4][15]_i_1/CI
    SLICE_X61Y72         CARRY4 (Prop_carry4_CI_CO[3])
                                                      0.114    11.263 r  cnn_accelerator_system_i/cnn_accelerator_wino_0/inst/conv2/u_ot/yim_reg[3][4][15]_i_1/CO[3]
                         net (fo=1, routed)           0.000    11.263    cnn_accelerator_system_i/cnn_accelerator_wino_0/inst/conv2/u_ot/yim_reg[3][4][15]_i_1_n_0
    SLICE_X61Y73                                                      r  cnn_accelerator_system_i/cnn_accelerator_wino_0/inst/conv2/u_ot/yim_reg[3][4][19]_i_1/CI
    SLICE_X61Y73         CARRY4 (Prop_carry4_CI_CO[3])
                                                      0.114    11.377 r  cnn_accelerator_system_i/cnn_accelerator_wino_0/inst/conv2/u_ot/yim_reg[3][4][19]_i_1/CO[3]
                         net (fo=1, routed)           0.000    11.377    cnn_accelerator_system_i/cnn_accelerator_wino_0/inst/conv2/u_ot/yim_reg[3][4][19]_i_1_n_0
    SLICE_X61Y74                                                      r  cnn_accelerator_system_i/cnn_accelerator_wino_0/inst/conv2/u_ot/yim_reg[3][4][23]_i_1/CI
    SLICE_X61Y74         CARRY4 (Prop_carry4_CI_CO[3])
                                                      0.114    11.491 r  cnn_accelerator_system_i/cnn_accelerator_wino_0/inst/conv2/u_ot/yim_reg[3][4][23]_i_1/CO[3]
                         net (fo=1, routed)           0.009    11.500    cnn_accelerator_system_i/cnn_accelerator_wino_0/inst/conv2/u_ot/yim_reg[3][4][23]_i_1_n_0
    SLICE_X61Y75                                                      r  cnn_accelerator_system_i/cnn_accelerator_wino_0/inst/conv2/u_ot/yim_reg[3][4][27]_i_1/CI
    SLICE_X61Y75         CARRY4 (Prop_carry4_CI_O[0])
                                                      0.223    11.723 r  cnn_accelerator_system_i/cnn_accelerator_wino_0/inst/conv2/u_ot/yim_reg[3][4][27]_i_1/O[0]
                         net (fo=1, routed)           0.000    11.723    cnn_accelerator_system_i/cnn_accelerator_wino_0/inst/conv2/u_ot/yim_c[3][4]_1098[24]
    SLICE_X61Y75         FDRE                                         r  cnn_accelerator_system_i/cnn_accelerator_wino_0/inst/conv2/u_ot/yim_reg[3][4][24]/D
  -------------------------------------------------------------------    -------------------

                         (clock clk_out3_cnn_accelerator_system_clk_wiz_0_0 rise edge)
                                                      5.000     5.000 r  
    E3                                                0.000     5.000 r  CLK100MHZ (IN)
                         net (fo=0)                   0.000     5.000    CLK100MHZ
    E3                                                                r  CLK100MHZ_IBUF_inst/I
    E3                   IBUF (Prop_ibuf_I_O)         1.411     6.411 r  CLK100MHZ_IBUF_inst/O
                         net (fo=1, routed)           1.920     8.331    cnn_accelerator_system_i/util_ds_buf_0/U0/BUFG_I[0]
    BUFGCTRL_X0Y16                                                    r  cnn_accelerator_system_i/util_ds_buf_0/U0/USE_BUFG.GEN_BUFG[0].BUFG_U/I
    BUFGCTRL_X0Y16       BUFG (Prop_bufg_I_O)         0.091     8.422 r  cnn_accelerator_system_i/util_ds_buf_0/U0/USE_BUFG.GEN_BUFG[0].BUFG_U/O
                         net (fo=2, routed)           1.683    10.105    cnn_accelerator_system_i/clk_wiz_0/inst/clk_in1
    MMCME2_ADV_X0Y0                                                   r  cnn_accelerator_system_i/clk_wiz_0/inst/mmcm_adv_inst/CLKIN1
    MMCME2_ADV_X0Y0      MMCME2_ADV (Prop_mmcme2_adv_CLKIN1_CLKOUT2)
                                                     -3.694     6.411 r  cnn_accelerator_system_i/clk_wiz_0/inst/mmcm_adv_inst/CLKOUT2
                         net (fo=1, routed)           1.923     8.334    cnn_accelerator_system_i/clk_wiz_0/inst/clk_out3_cnn_accelerator_system_clk_wiz_0_0
    BUFGCTRL_X0Y2                                                     r  cnn_accelerator_system_i/clk_wiz_0/inst/clkout3_buf/I
    BUFGCTRL_X0Y2        BUFG (Prop_bufg_I_O)         0.091     8.425 r  cnn_accelerator_system_i/clk_wiz_0/inst/clkout3_buf/O
                         net (fo=37889, routed)       1.489     9.915    cnn_accelerator_system_i/cnn_accelerator_wino_0/inst/conv2/u_ot/clk
    SLICE_X61Y75         FDRE                                         r  cnn_accelerator_system_i/cnn_accelerator_wino_0/inst/conv2/u_ot/yim_reg[3][4][24]/C
                         clock pessimism              0.259    10.174    
                         clock uncertainty           -0.067    10.107    
    SLICE_X61Y75         FDRE (Setup_fdre_C_D)        0.062    10.169    cnn_accelerator_system_i/cnn_accelerator_wino_0/inst/conv2/u_ot/yim_reg[3][4][24]
  -------------------------------------------------------------------
                         required time                         10.169    
                         arrival time                         -11.723    
  -------------------------------------------------------------------
                         slack                                 -1.554    

Slack (VIOLATED) :        -1.549ns  (required time - arrival time)
  Source:                 cnn_accelerator_system_i/cnn_accelerator_wino_0/inst/conv2/m_re_flat_reg[177]/C
                            (rising edge-triggered cell FDRE clocked by clk_out3_cnn_accelerator_system_clk_wiz_0_0  {rise@0.000ns fall@2.500ns period=5.000ns})
  Destination:            cnn_accelerator_system_i/cnn_accelerator_wino_0/inst/conv2/u_ot/yre_reg[3][1][26]/D
                            (rising edge-triggered cell FDRE clocked by clk_out3_cnn_accelerator_system_clk_wiz_0_0  {rise@0.000ns fall@2.500ns period=5.000ns})
  Path Group:             clk_out3_cnn_accelerator_system_clk_wiz_0_0
  Path Type:              Setup (Max at Slow Process Corner)
  Requirement:            5.000ns  (clk_out3_cnn_accelerator_system_clk_wiz_0_0 rise@5.000ns - clk_out3_cnn_accelerator_system_clk_wiz_0_0 rise@0.000ns)
  Data Path Delay:        6.435ns  (logic 3.395ns (52.762%)  route 3.040ns (47.238%))
  Logic Levels:           11  (CARRY4=7 LUT3=2 LUT4=2)
  Clock Path Skew:        -0.110ns (DCD - SCD + CPR)
    Destination Clock Delay (DCD):    4.924ns = ( 9.924 - 5.000 ) 
    Source Clock Delay      (SCD):    5.221ns
    Clock Pessimism Removal (CPR):    0.187ns
  Clock Uncertainty:      0.067ns  ((TSJ^2 + DJ^2)^1/2) / 2 + PE
    Total System Jitter     (TSJ):    0.071ns
    Discrete Jitter          (DJ):    0.113ns
    Phase Error              (PE):    0.000ns

    Location             Delay type                Incr(ns)  Path(ns)    Netlist Resource(s)
  -------------------------------------------------------------------    -------------------
                         (clock clk_out3_cnn_accelerator_system_clk_wiz_0_0 rise edge)
                                                      0.000     0.000 r  
    E3                                                0.000     0.000 r  CLK100MHZ (IN)
                         net (fo=0)                   0.000     0.000    CLK100MHZ
    E3                                                                r  CLK100MHZ_IBUF_inst/I
    E3                   IBUF (Prop_ibuf_I_O)         1.482     1.482 r  CLK100MHZ_IBUF_inst/O
                         net (fo=1, routed)           2.025     3.506    cnn_accelerator_system_i/util_ds_buf_0/U0/BUFG_I[0]
    BUFGCTRL_X0Y16                                                    r  cnn_accelerator_system_i/util_ds_buf_0/U0/USE_BUFG.GEN_BUFG[0].BUFG_U/I
    BUFGCTRL_X0Y16       BUFG (Prop_bufg_I_O)         0.096     3.602 r  cnn_accelerator_system_i/util_ds_buf_0/U0/USE_BUFG.GEN_BUFG[0].BUFG_U/O
                         net (fo=2, routed)           1.809     5.412    cnn_accelerator_system_i/clk_wiz_0/inst/clk_in1
    MMCME2_ADV_X0Y0                                                   r  cnn_accelerator_system_i/clk_wiz_0/inst/mmcm_adv_inst/CLKIN1
    MMCME2_ADV_X0Y0      MMCME2_ADV (Prop_mmcme2_adv_CLKIN1_CLKOUT2)
                                                     -3.922     1.490 r  cnn_accelerator_system_i/clk_wiz_0/inst/mmcm_adv_inst/CLKOUT2
                         net (fo=1, routed)           2.018     3.508    cnn_accelerator_system_i/clk_wiz_0/inst/clk_out3_cnn_accelerator_system_clk_wiz_0_0
    BUFGCTRL_X0Y2                                                     r  cnn_accelerator_system_i/clk_wiz_0/inst/clkout3_buf/I
    BUFGCTRL_X0Y2        BUFG (Prop_bufg_I_O)         0.096     3.604 r  cnn_accelerator_system_i/clk_wiz_0/inst/clkout3_buf/O
                         net (fo=37889, routed)       1.616     5.221    cnn_accelerator_system_i/cnn_accelerator_wino_0/inst/conv2/clk
    SLICE_X45Y77         FDRE                                         r  cnn_accelerator_system_i/cnn_accelerator_wino_0/inst/conv2/m_re_flat_reg[177]/C
  -------------------------------------------------------------------    -------------------
    SLICE_X45Y77         FDRE (Prop_fdre_C_Q)         0.456     5.677 r  cnn_accelerator_system_i/cnn_accelerator_wino_0/inst/conv2/m_re_flat_reg[177]/Q
                         net (fo=8, routed)           1.203     6.880    cnn_accelerator_system_i/cnn_accelerator_wino_0/inst/conv2/u_ot/Q[152]
    SLICE_X59Y76                                                      r  cnn_accelerator_system_i/cnn_accelerator_wino_0/inst/conv2/u_ot/yre[3][1][7]_i_11/I2
    SLICE_X59Y76         LUT3 (Prop_lut3_I2_O)        0.154     7.034 r  cnn_accelerator_system_i/cnn_accelerator_wino_0/inst/conv2/u_ot/yre[3][1][7]_i_11/O
                         net (fo=2, routed)           0.690     7.724    cnn_accelerator_system_i/cnn_accelerator_wino_0/inst/conv2/u_ot/yre[3][1][7]_i_11_n_0
    SLICE_X59Y76                                                      r  cnn_accelerator_system_i/cnn_accelerator_wino_0/inst/conv2/u_ot/yre[3][1][7]_i_14/I3
    SLICE_X59Y76         LUT4 (Prop_lut4_I3_O)        0.327     8.051 r  cnn_accelerator_system_i/cnn_accelerator_wino_0/inst/conv2/u_ot/yre[3][1][7]_i_14/O
                         net (fo=1, routed)           0.000     8.051    cnn_accelerator_system_i/cnn_accelerator_wino_0/inst/conv2/u_ot/yre[3][1][7]_i_14_n_0
    SLICE_X59Y76                                                      r  cnn_accelerator_system_i/cnn_accelerator_wino_0/inst/conv2/u_ot/yre_reg[3][1][7]_i_10/S[3]
    SLICE_X59Y76         CARRY4 (Prop_carry4_S[3]_CO[3])
                                                      0.401     8.452 r  cnn_accelerator_system_i/cnn_accelerator_wino_0/inst/conv2/u_ot/yre_reg[3][1][7]_i_10/CO[3]
                         net (fo=1, routed)           0.000     8.452    cnn_accelerator_system_i/cnn_accelerator_wino_0/inst/conv2/u_ot/yre_reg[3][1][7]_i_10_n_0
    SLICE_X59Y77                                                      r  cnn_accelerator_system_i/cnn_accelerator_wino_0/inst/conv2/u_ot/yre_reg[3][1][11]_i_10/CI
    SLICE_X59Y77         CARRY4 (Prop_carry4_CI_CO[3])
                                                      0.114     8.566 r  cnn_accelerator_system_i/cnn_accelerator_wino_0/inst/conv2/u_ot/yre_reg[3][1][11]_i_10/CO[3]
                         net (fo=1, routed)           0.000     8.566    cnn_accelerator_system_i/cnn_accelerator_wino_0/inst/conv2/u_ot/yre_reg[3][1][11]_i_10_n_0
    SLICE_X59Y78                                                      r  cnn_accelerator_system_i/cnn_accelerator_wino_0/inst/conv2/u_ot/yre_reg[3][1][15]_i_10/CI
    SLICE_X59Y78         CARRY4 (Prop_carry4_CI_CO[3])
                                                      0.114     8.680 r  cnn_accelerator_system_i/cnn_accelerator_wino_0/inst/conv2/u_ot/yre_reg[3][1][15]_i_10/CO[3]
                         net (fo=1, routed)           0.000     8.680    cnn_accelerator_system_i/cnn_accelerator_wino_0/inst/conv2/u_ot/yre_reg[3][1][15]_i_10_n_0
    SLICE_X59Y79                                                      r  cnn_accelerator_system_i/cnn_accelerator_wino_0/inst/conv2/u_ot/yre_reg[3][1][19]_i_10/CI
    SLICE_X59Y79         CARRY4 (Prop_carry4_CI_CO[3])
                                                      0.114     8.794 r  cnn_accelerator_system_i/cnn_accelerator_wino_0/inst/conv2/u_ot/yre_reg[3][1][19]_i_10/CO[3]
                         net (fo=1, routed)           0.000     8.794    cnn_accelerator_system_i/cnn_accelerator_wino_0/inst/conv2/u_ot/yre_reg[3][1][19]_i_10_n_0
    SLICE_X59Y80                                                      r  cnn_accelerator_system_i/cnn_accelerator_wino_0/inst/conv2/u_ot/yre_reg[3][1][23]_i_10/CI
    SLICE_X59Y80         CARRY4 (Prop_carry4_CI_O[3])
                                                      0.313     9.107 r  cnn_accelerator_system_i/cnn_accelerator_wino_0/inst/conv2/u_ot/yre_reg[3][1][23]_i_10/O[3]
                         net (fo=2, routed)           0.552     9.659    cnn_accelerator_system_i/cnn_accelerator_wino_0/inst/conv2/u_ot/yre_reg[3][1][23]_i_10_n_4
    SLICE_X61Y80                                                      r  cnn_accelerator_system_i/cnn_accelerator_wino_0/inst/conv2/u_ot/yre[3][1][23]_i_5/I1
    SLICE_X61Y80         LUT3 (Prop_lut3_I1_O)        0.299     9.958 r  cnn_accelerator_system_i/cnn_accelerator_wino_0/inst/conv2/u_ot/yre[3][1][23]_i_5/O
                         net (fo=2, routed)           0.594    10.552    cnn_accelerator_system_i/cnn_accelerator_wino_0/inst/conv2/u_ot/yre[3][1][23]_i_5_n_0
    SLICE_X61Y81                                                      r  cnn_accelerator_system_i/cnn_accelerator_wino_0/inst/conv2/u_ot/yre[3][1][23]_i_9/I3
    SLICE_X61Y81         LUT4 (Prop_lut4_I3_O)        0.332    10.884 r  cnn_accelerator_system_i/cnn_accelerator_wino_0/inst/conv2/u_ot/yre[3][1][23]_i_9/O
                         net (fo=1, routed)           0.000    10.884    cnn_accelerator_system_i/cnn_accelerator_wino_0/inst/conv2/u_ot/yre[3][1][23]_i_9_n_0
    SLICE_X61Y81                                                      r  cnn_accelerator_system_i/cnn_accelerator_wino_0/inst/conv2/u_ot/yre_reg[3][1][23]_i_1/S[0]
    SLICE_X61Y81         CARRY4 (Prop_carry4_S[0]_CO[3])
                                                      0.532    11.416 r  cnn_accelerator_system_i/cnn_accelerator_wino_0/inst/conv2/u_ot/yre_reg[3][1][23]_i_1/CO[3]
                         net (fo=1, routed)           0.000    11.416    cnn_accelerator_system_i/cnn_accelerator_wino_0/inst/conv2/u_ot/yre_reg[3][1][23]_i_1_n_0
    SLICE_X61Y82                                                      r  cnn_accelerator_system_i/cnn_accelerator_wino_0/inst/conv2/u_ot/yre_reg[3][1][27]_i_1/CI
    SLICE_X61Y82         CARRY4 (Prop_carry4_CI_O[2])
                                                      0.239    11.655 r  cnn_accelerator_system_i/cnn_accelerator_wino_0/inst/conv2/u_ot/yre_reg[3][1][27]_i_1/O[2]
                         net (fo=1, routed)           0.000    11.655    cnn_accelerator_system_i/cnn_accelerator_wino_0/inst/conv2/u_ot/yre_c[3][1]_1078[26]
    SLICE_X61Y82         FDRE                                         r  cnn_accelerator_system_i/cnn_accelerator_wino_0/inst/conv2/u_ot/yre_reg[3][1][26]/D
  -------------------------------------------------------------------    -------------------

                         (clock clk_out3_cnn_accelerator_system_clk_wiz_0_0 rise edge)
                                                      5.000     5.000 r  
    E3                                                0.000     5.000 r  CLK100MHZ (IN)
                         net (fo=0)                   0.000     5.000    CLK100MHZ
    E3                                                                r  CLK100MHZ_IBUF_inst/I
    E3                   IBUF (Prop_ibuf_I_O)         1.411     6.411 r  CLK100MHZ_IBUF_inst/O
                         net (fo=1, routed)           1.920     8.331    cnn_accelerator_system_i/util_ds_buf_0/U0/BUFG_I[0]
    BUFGCTRL_X0Y16                                                    r  cnn_accelerator_system_i/util_ds_buf_0/U0/USE_BUFG.GEN_BUFG[0].BUFG_U/I
    BUFGCTRL_X0Y16       BUFG (Prop_bufg_I_O)         0.091     8.422 r  cnn_accelerator_system_i/util_ds_buf_0/U0/USE_BUFG.GEN_BUFG[0].BUFG_U/O
                         net (fo=2, routed)           1.683    10.105    cnn_accelerator_system_i/clk_wiz_0/inst/clk_in1
    MMCME2_ADV_X0Y0                                                   r  cnn_accelerator_system_i/clk_wiz_0/inst/mmcm_adv_inst/CLKIN1
    MMCME2_ADV_X0Y0      MMCME2_ADV (Prop_mmcme2_adv_CLKIN1_CLKOUT2)
                                                     -3.694     6.411 r  cnn_accelerator_system_i/clk_wiz_0/inst/mmcm_adv_inst/CLKOUT2
                         net (fo=1, routed)           1.923     8.334    cnn_accelerator_system_i/clk_wiz_0/inst/clk_out3_cnn_accelerator_system_clk_wiz_0_0
    BUFGCTRL_X0Y2                                                     r  cnn_accelerator_system_i/clk_wiz_0/inst/clkout3_buf/I
    BUFGCTRL_X0Y2        BUFG (Prop_bufg_I_O)         0.091     8.425 r  cnn_accelerator_system_i/clk_wiz_0/inst/clkout3_buf/O
                         net (fo=37889, routed)       1.498     9.924    cnn_accelerator_system_i/cnn_accelerator_wino_0/inst/conv2/u_ot/clk
    SLICE_X61Y82         FDRE                                         r  cnn_accelerator_system_i/cnn_accelerator_wino_0/inst/conv2/u_ot/yre_reg[3][1][26]/C
                         clock pessimism              0.187    10.111    
                         clock uncertainty           -0.067    10.044    
    SLICE_X61Y82         FDRE (Setup_fdre_C_D)        0.062    10.106    cnn_accelerator_system_i/cnn_accelerator_wino_0/inst/conv2/u_ot/yre_reg[3][1][26]
  -------------------------------------------------------------------
                         required time                         10.106    
                         arrival time                         -11.655    
  -------------------------------------------------------------------
                         slack                                 -1.549    

Slack (VIOLATED) :        -1.542ns  (required time - arrival time)
  Source:                 cnn_accelerator_system_i/cnn_accelerator_wino_0/inst/conv2/m_re_flat_reg[706]/C
                            (rising edge-triggered cell FDRE clocked by clk_out3_cnn_accelerator_system_clk_wiz_0_0  {rise@0.000ns fall@2.500ns period=5.000ns})
  Destination:            cnn_accelerator_system_i/cnn_accelerator_wino_0/inst/conv2/u_ot/yim_reg[3][4][21]/D
                            (rising edge-triggered cell FDRE clocked by clk_out3_cnn_accelerator_system_clk_wiz_0_0  {rise@0.000ns fall@2.500ns period=5.000ns})
  Path Group:             clk_out3_cnn_accelerator_system_clk_wiz_0_0
  Path Type:              Setup (Max at Slow Process Corner)
  Requirement:            5.000ns  (clk_out3_cnn_accelerator_system_clk_wiz_0_0 rise@5.000ns - clk_out3_cnn_accelerator_system_clk_wiz_0_0 rise@0.000ns)
  Data Path Delay:        6.504ns  (logic 3.059ns (47.035%)  route 3.445ns (52.965%))
  Logic Levels:           10  (CARRY4=6 LUT3=2 LUT4=2)
  Clock Path Skew:        -0.034ns (DCD - SCD + CPR)
    Destination Clock Delay (DCD):    4.915ns = ( 9.915 - 5.000 ) 
    Source Clock Delay      (SCD):    5.208ns
    Clock Pessimism Removal (CPR):    0.259ns
  Clock Uncertainty:      0.067ns  ((TSJ^2 + DJ^2)^1/2) / 2 + PE
    Total System Jitter     (TSJ):    0.071ns
    Discrete Jitter          (DJ):    0.113ns
    Phase Error              (PE):    0.000ns

    Location             Delay type                Incr(ns)  Path(ns)    Netlist Resource(s)
  -------------------------------------------------------------------    -------------------
                         (clock clk_out3_cnn_accelerator_system_clk_wiz_0_0 rise edge)
                                                      0.000     0.000 r  
    E3                                                0.000     0.000 r  CLK100MHZ (IN)
                         net (fo=0)                   0.000     0.000    CLK100MHZ
    E3                                                                r  CLK100MHZ_IBUF_inst/I
    E3                   IBUF (Prop_ibuf_I_O)         1.482     1.482 r  CLK100MHZ_IBUF_inst/O
                         net (fo=1, routed)           2.025     3.506    cnn_accelerator_system_i/util_ds_buf_0/U0/BUFG_I[0]
    BUFGCTRL_X0Y16                                                    r  cnn_accelerator_system_i/util_ds_buf_0/U0/USE_BUFG.GEN_BUFG[0].BUFG_U/I
    BUFGCTRL_X0Y16       BUFG (Prop_bufg_I_O)         0.096     3.602 r  cnn_accelerator_system_i/util_ds_buf_0/U0/USE_BUFG.GEN_BUFG[0].BUFG_U/O
                         net (fo=2, routed)           1.809     5.412    cnn_accelerator_system_i/clk_wiz_0/inst/clk_in1
    MMCME2_ADV_X0Y0                                                   r  cnn_accelerator_system_i/clk_wiz_0/inst/mmcm_adv_inst/CLKIN1
    MMCME2_ADV_X0Y0      MMCME2_ADV (Prop_mmcme2_adv_CLKIN1_CLKOUT2)
                                                     -3.922     1.490 r  cnn_accelerator_system_i/clk_wiz_0/inst/mmcm_adv_inst/CLKOUT2
                         net (fo=1, routed)           2.018     3.508    cnn_accelerator_system_i/clk_wiz_0/inst/clk_out3_cnn_accelerator_system_clk_wiz_0_0
    BUFGCTRL_X0Y2                                                     r  cnn_accelerator_system_i/clk_wiz_0/inst/clkout3_buf/I
    BUFGCTRL_X0Y2        BUFG (Prop_bufg_I_O)         0.096     3.604 r  cnn_accelerator_system_i/clk_wiz_0/inst/clkout3_buf/O
                         net (fo=37889, routed)       1.603     5.208    cnn_accelerator_system_i/cnn_accelerator_wino_0/inst/conv2/clk
    SLICE_X52Y75         FDRE                                         r  cnn_accelerator_system_i/cnn_accelerator_wino_0/inst/conv2/m_re_flat_reg[706]/C
  -------------------------------------------------------------------    -------------------
    SLICE_X52Y75         FDRE (Prop_fdre_C_Q)         0.456     5.664 r  cnn_accelerator_system_i/cnn_accelerator_wino_0/inst/conv2/m_re_flat_reg[706]/Q
                         net (fo=18, routed)          0.995     6.658    cnn_accelerator_system_i/cnn_accelerator_wino_0/inst/conv2/u_ot/Q[506]
    SLICE_X55Y73                                                      r  cnn_accelerator_system_i/cnn_accelerator_wino_0/inst/conv2/u_ot/yim[3][4][11]_i_11/I0
    SLICE_X55Y73         LUT3 (Prop_lut3_I0_O)        0.154     6.812 r  cnn_accelerator_system_i/cnn_accelerator_wino_0/inst/conv2/u_ot/yim[3][4][11]_i_11/O
                         net (fo=2, routed)           0.690     7.502    cnn_accelerator_system_i/cnn_accelerator_wino_0/inst/conv2/u_ot/yim[3][4][11]_i_11_n_0
    SLICE_X55Y73                                                      r  cnn_accelerator_system_i/cnn_accelerator_wino_0/inst/conv2/u_ot/yim[3][4][11]_i_15/I3
    SLICE_X55Y73         LUT4 (Prop_lut4_I3_O)        0.327     7.829 r  cnn_accelerator_system_i/cnn_accelerator_wino_0/inst/conv2/u_ot/yim[3][4][11]_i_15/O
                         net (fo=1, routed)           0.000     7.829    cnn_accelerator_system_i/cnn_accelerator_wino_0/inst/conv2/u_ot/yim[3][4][11]_i_15_n_0
    SLICE_X55Y73                                                      r  cnn_accelerator_system_i/cnn_accelerator_wino_0/inst/conv2/u_ot/yim_reg[3][4][11]_i_10/S[3]
    SLICE_X55Y73         CARRY4 (Prop_carry4_S[3]_CO[3])
                                                      0.401     8.230 r  cnn_accelerator_system_i/cnn_accelerator_wino_0/inst/conv2/u_ot/yim_reg[3][4][11]_i_10/CO[3]
                         net (fo=1, routed)           0.000     8.230    cnn_accelerator_system_i/cnn_accelerator_wino_0/inst/conv2/u_ot/yim_reg[3][4][11]_i_10_n_0
    SLICE_X55Y74                                                      r  cnn_accelerator_system_i/cnn_accelerator_wino_0/inst/conv2/u_ot/yim_reg[3][4][15]_i_10/CI
    SLICE_X55Y74         CARRY4 (Prop_carry4_CI_O[1])
                                                      0.334     8.564 r  cnn_accelerator_system_i/cnn_accelerator_wino_0/inst/conv2/u_ot/yim_reg[3][4][15]_i_10/O[1]
                         net (fo=2, routed)           0.871     9.435    cnn_accelerator_system_i/cnn_accelerator_wino_0/inst/conv2/u_ot/yim_reg[3][4][15]_i_10_n_6
    SLICE_X56Y69                                                      r  cnn_accelerator_system_i/cnn_accelerator_wino_0/inst/conv2/u_ot/yim[3][4][11]_i_3/I0
    SLICE_X56Y69         LUT3 (Prop_lut3_I0_O)        0.303     9.738 r  cnn_accelerator_system_i/cnn_accelerator_wino_0/inst/conv2/u_ot/yim[3][4][11]_i_3/O
                         net (fo=2, routed)           0.889    10.627    cnn_accelerator_system_i/cnn_accelerator_wino_0/inst/conv2/u_ot/yim[3][4][11]_i_3_n_0
    SLICE_X61Y71                                                      r  cnn_accelerator_system_i/cnn_accelerator_wino_0/inst/conv2/u_ot/yim[3][4][11]_i_7/I3
    SLICE_X61Y71         LUT4 (Prop_lut4_I3_O)        0.124    10.751 r  cnn_accelerator_system_i/cnn_accelerator_wino_0/inst/conv2/u_ot/yim[3][4][11]_i_7/O
                         net (fo=1, routed)           0.000    10.751    cnn_accelerator_system_i/cnn_accelerator_wino_0/inst/conv2/u_ot/yim[3][4][11]_i_7_n_0
    SLICE_X61Y71                                                      r  cnn_accelerator_system_i/cnn_accelerator_wino_0/inst/conv2/u_ot/yim_reg[3][4][11]_i_1/S[2]
    SLICE_X61Y71         CARRY4 (Prop_carry4_S[2]_CO[3])
                                                      0.398    11.149 r  cnn_accelerator_system_i/cnn_accelerator_wino_0/inst/conv2/u_ot/yim_reg[3][4][11]_i_1/CO[3]
                         net (fo=1, routed)           0.000    11.149    cnn_accelerator_system_i/cnn_accelerator_wino_0/inst/conv2/u_ot/yim_reg[3][4][11]_i_1_n_0
    SLICE_X61Y72                                                      r  cnn_accelerator_system_i/cnn_accelerator_wino_0/inst/conv2/u_ot/yim_reg[3][4][15]_i_1/CI
    SLICE_X61Y72         CARRY4 (Prop_carry4_CI_CO[3])
                                                      0.114    11.263 r  cnn_accelerator_system_i/cnn_accelerator_wino_0/inst/conv2/u_ot/yim_reg[3][4][15]_i_1/CO[3]
                         net (fo=1, routed)           0.000    11.263    cnn_accelerator_system_i/cnn_accelerator_wino_0/inst/conv2/u_ot/yim_reg[3][4][15]_i_1_n_0
    SLICE_X61Y73                                                      r  cnn_accelerator_system_i/cnn_accelerator_wino_0/inst/conv2/u_ot/yim_reg[3][4][19]_i_1/CI
    SLICE_X61Y73         CARRY4 (Prop_carry4_CI_CO[3])
                                                      0.114    11.377 r  cnn_accelerator_system_i/cnn_accelerator_wino_0/inst/conv2/u_ot/yim_reg[3][4][19]_i_1/CO[3]
                         net (fo=1, routed)           0.000    11.377    cnn_accelerator_system_i/cnn_accelerator_wino_0/inst/conv2/u_ot/yim_reg[3][4][19]_i_1_n_0
    SLICE_X61Y74                                                      r  cnn_accelerator_system_i/cnn_accelerator_wino_0/inst/conv2/u_ot/yim_reg[3][4][23]_i_1/CI
    SLICE_X61Y74         CARRY4 (Prop_carry4_CI_O[1])
                                                      0.334    11.711 r  cnn_accelerator_system_i/cnn_accelerator_wino_0/inst/conv2/u_ot/yim_reg[3][4][23]_i_1/O[1]
                         net (fo=1, routed)           0.000    11.711    cnn_accelerator_system_i/cnn_accelerator_wino_0/inst/conv2/u_ot/yim_c[3][4]_1098[21]
    SLICE_X61Y74         FDRE                                         r  cnn_accelerator_system_i/cnn_accelerator_wino_0/inst/conv2/u_ot/yim_reg[3][4][21]/D
  -------------------------------------------------------------------    -------------------

                         (clock clk_out3_cnn_accelerator_system_clk_wiz_0_0 rise edge)
                                                      5.000     5.000 r  
    E3                                                0.000     5.000 r  CLK100MHZ (IN)
                         net (fo=0)                   0.000     5.000    CLK100MHZ
    E3                                                                r  CLK100MHZ_IBUF_inst/I
    E3                   IBUF (Prop_ibuf_I_O)         1.411     6.411 r  CLK100MHZ_IBUF_inst/O
                         net (fo=1, routed)           1.920     8.331    cnn_accelerator_system_i/util_ds_buf_0/U0/BUFG_I[0]
    BUFGCTRL_X0Y16                                                    r  cnn_accelerator_system_i/util_ds_buf_0/U0/USE_BUFG.GEN_BUFG[0].BUFG_U/I
    BUFGCTRL_X0Y16       BUFG (Prop_bufg_I_O)         0.091     8.422 r  cnn_accelerator_system_i/util_ds_buf_0/U0/USE_BUFG.GEN_BUFG[0].BUFG_U/O
                         net (fo=2, routed)           1.683    10.105    cnn_accelerator_system_i/clk_wiz_0/inst/clk_in1
    MMCME2_ADV_X0Y0                                                   r  cnn_accelerator_system_i/clk_wiz_0/inst/mmcm_adv_inst/CLKIN1
    MMCME2_ADV_X0Y0      MMCME2_ADV (Prop_mmcme2_adv_CLKIN1_CLKOUT2)
                                                     -3.694     6.411 r  cnn_accelerator_system_i/clk_wiz_0/inst/mmcm_adv_inst/CLKOUT2
                         net (fo=1, routed)           1.923     8.334    cnn_accelerator_system_i/clk_wiz_0/inst/clk_out3_cnn_accelerator_system_clk_wiz_0_0
    BUFGCTRL_X0Y2                                                     r  cnn_accelerator_system_i/clk_wiz_0/inst/clkout3_buf/I
    BUFGCTRL_X0Y2        BUFG (Prop_bufg_I_O)         0.091     8.425 r  cnn_accelerator_system_i/clk_wiz_0/inst/clkout3_buf/O
                         net (fo=37889, routed)       1.489     9.915    cnn_accelerator_system_i/cnn_accelerator_wino_0/inst/conv2/u_ot/clk
    SLICE_X61Y74         FDRE                                         r  cnn_accelerator_system_i/cnn_accelerator_wino_0/inst/conv2/u_ot/yim_reg[3][4][21]/C
                         clock pessimism              0.259    10.174    
                         clock uncertainty           -0.067    10.107    
    SLICE_X61Y74         FDRE (Setup_fdre_C_D)        0.062    10.169    cnn_accelerator_system_i/cnn_accelerator_wino_0/inst/conv2/u_ot/yim_reg[3][4][21]
  -------------------------------------------------------------------
                         required time                         10.169    
                         arrival time                         -11.711    
  -------------------------------------------------------------------
                         slack                                 -1.542    

Slack (VIOLATED) :        -1.533ns  (required time - arrival time)
  Source:                 cnn_accelerator_system_i/cnn_accelerator_wino_0/inst/conv2/m_re_flat_reg[177]/C
                            (rising edge-triggered cell FDRE clocked by clk_out3_cnn_accelerator_system_clk_wiz_0_0  {rise@0.000ns fall@2.500ns period=5.000ns})
  Destination:            cnn_accelerator_system_i/cnn_accelerator_wino_0/inst/conv2/u_ot/yre_reg[3][1][24]/D
                            (rising edge-triggered cell FDRE clocked by clk_out3_cnn_accelerator_system_clk_wiz_0_0  {rise@0.000ns fall@2.500ns period=5.000ns})
  Path Group:             clk_out3_cnn_accelerator_system_clk_wiz_0_0
  Path Type:              Setup (Max at Slow Process Corner)
  Requirement:            5.000ns  (clk_out3_cnn_accelerator_system_clk_wiz_0_0 rise@5.000ns - clk_out3_cnn_accelerator_system_clk_wiz_0_0 rise@0.000ns)
  Data Path Delay:        6.419ns  (logic 3.379ns (52.644%)  route 3.040ns (47.356%))
  Logic Levels:           11  (CARRY4=7 LUT3=2 LUT4=2)
  Clock Path Skew:        -0.110ns (DCD - SCD + CPR)
    Destination Clock Delay (DCD):    4.924ns = ( 9.924 - 5.000 ) 
    Source Clock Delay      (SCD):    5.221ns
    Clock Pessimism Removal (CPR):    0.187ns
  Clock Uncertainty:      0.067ns  ((TSJ^2 + DJ^2)^1/2) / 2 + PE
    Total System Jitter     (TSJ):    0.071ns
    Discrete Jitter          (DJ):    0.113ns
    Phase Error              (PE):    0.000ns

    Location             Delay type                Incr(ns)  Path(ns)    Netlist Resource(s)
  -------------------------------------------------------------------    -------------------
                         (clock clk_out3_cnn_accelerator_system_clk_wiz_0_0 rise edge)
                                                      0.000     0.000 r  
    E3                                                0.000     0.000 r  CLK100MHZ (IN)
                         net (fo=0)                   0.000     0.000    CLK100MHZ
    E3                                                                r  CLK100MHZ_IBUF_inst/I
    E3                   IBUF (Prop_ibuf_I_O)         1.482     1.482 r  CLK100MHZ_IBUF_inst/O
                         net (fo=1, routed)           2.025     3.506    cnn_accelerator_system_i/util_ds_buf_0/U0/BUFG_I[0]
    BUFGCTRL_X0Y16                                                    r  cnn_accelerator_system_i/util_ds_buf_0/U0/USE_BUFG.GEN_BUFG[0].BUFG_U/I
    BUFGCTRL_X0Y16       BUFG (Prop_bufg_I_O)         0.096     3.602 r  cnn_accelerator_system_i/util_ds_buf_0/U0/USE_BUFG.GEN_BUFG[0].BUFG_U/O
                         net (fo=2, routed)           1.809     5.412    cnn_accelerator_system_i/clk_wiz_0/inst/clk_in1
    MMCME2_ADV_X0Y0                                                   r  cnn_accelerator_system_i/clk_wiz_0/inst/mmcm_adv_inst/CLKIN1
    MMCME2_ADV_X0Y0      MMCME2_ADV (Prop_mmcme2_adv_CLKIN1_CLKOUT2)
                                                     -3.922     1.490 r  cnn_accelerator_system_i/clk_wiz_0/inst/mmcm_adv_inst/CLKOUT2
                         net (fo=1, routed)           2.018     3.508    cnn_accelerator_system_i/clk_wiz_0/inst/clk_out3_cnn_accelerator_system_clk_wiz_0_0
    BUFGCTRL_X0Y2                                                     r  cnn_accelerator_system_i/clk_wiz_0/inst/clkout3_buf/I
    BUFGCTRL_X0Y2        BUFG (Prop_bufg_I_O)         0.096     3.604 r  cnn_accelerator_system_i/clk_wiz_0/inst/clkout3_buf/O
                         net (fo=37889, routed)       1.616     5.221    cnn_accelerator_system_i/cnn_accelerator_wino_0/inst/conv2/clk
    SLICE_X45Y77         FDRE                                         r  cnn_accelerator_system_i/cnn_accelerator_wino_0/inst/conv2/m_re_flat_reg[177]/C
  -------------------------------------------------------------------    -------------------
    SLICE_X45Y77         FDRE (Prop_fdre_C_Q)         0.456     5.677 r  cnn_accelerator_system_i/cnn_accelerator_wino_0/inst/conv2/m_re_flat_reg[177]/Q
                         net (fo=8, routed)           1.203     6.880    cnn_accelerator_system_i/cnn_accelerator_wino_0/inst/conv2/u_ot/Q[152]
    SLICE_X59Y76                                                      r  cnn_accelerator_system_i/cnn_accelerator_wino_0/inst/conv2/u_ot/yre[3][1][7]_i_11/I2
    SLICE_X59Y76         LUT3 (Prop_lut3_I2_O)        0.154     7.034 r  cnn_accelerator_system_i/cnn_accelerator_wino_0/inst/conv2/u_ot/yre[3][1][7]_i_11/O
                         net (fo=2, routed)           0.690     7.724    cnn_accelerator_system_i/cnn_accelerator_wino_0/inst/conv2/u_ot/yre[3][1][7]_i_11_n_0
    SLICE_X59Y76                                                      r  cnn_accelerator_system_i/cnn_accelerator_wino_0/inst/conv2/u_ot/yre[3][1][7]_i_14/I3
    SLICE_X59Y76         LUT4 (Prop_lut4_I3_O)        0.327     8.051 r  cnn_accelerator_system_i/cnn_accelerator_wino_0/inst/conv2/u_ot/yre[3][1][7]_i_14/O
                         net (fo=1, routed)           0.000     8.051    cnn_accelerator_system_i/cnn_accelerator_wino_0/inst/conv2/u_ot/yre[3][1][7]_i_14_n_0
    SLICE_X59Y76                                                      r  cnn_accelerator_system_i/cnn_accelerator_wino_0/inst/conv2/u_ot/yre_reg[3][1][7]_i_10/S[3]
    SLICE_X59Y76         CARRY4 (Prop_carry4_S[3]_CO[3])
                                                      0.401     8.452 r  cnn_accelerator_system_i/cnn_accelerator_wino_0/inst/conv2/u_ot/yre_reg[3][1][7]_i_10/CO[3]
                         net (fo=1, routed)           0.000     8.452    cnn_accelerator_system_i/cnn_accelerator_wino_0/inst/conv2/u_ot/yre_reg[3][1][7]_i_10_n_0
    SLICE_X59Y77                                                      r  cnn_accelerator_system_i/cnn_accelerator_wino_0/inst/conv2/u_ot/yre_reg[3][1][11]_i_10/CI
    SLICE_X59Y77         CARRY4 (Prop_carry4_CI_CO[3])
                                                      0.114     8.566 r  cnn_accelerator_system_i/cnn_accelerator_wino_0/inst/conv2/u_ot/yre_reg[3][1][11]_i_10/CO[3]
                         net (fo=1, routed)           0.000     8.566    cnn_accelerator_system_i/cnn_accelerator_wino_0/inst/conv2/u_ot/yre_reg[3][1][11]_i_10_n_0
    SLICE_X59Y78                                                      r  cnn_accelerator_system_i/cnn_accelerator_wino_0/inst/conv2/u_ot/yre_reg[3][1][15]_i_10/CI
    SLICE_X59Y78         CARRY4 (Prop_carry4_CI_CO[3])
                                                      0.114     8.680 r  cnn_accelerator_system_i/cnn_accelerator_wino_0/inst/conv2/u_ot/yre_reg[3][1][15]_i_10/CO[3]
                         net (fo=1, routed)           0.000     8.680    cnn_accelerator_system_i/cnn_accelerator_wino_0/inst/conv2/u_ot/yre_reg[3][1][15]_i_10_n_0
    SLICE_X59Y79                                                      r  cnn_accelerator_system_i/cnn_accelerator_wino_0/inst/conv2/u_ot/yre_reg[3][1][19]_i_10/CI
    SLICE_X59Y79         CARRY4 (Prop_carry4_CI_CO[3])
                                                      0.114     8.794 r  cnn_accelerator_system_i/cnn_accelerator_wino_0/inst/conv2/u_ot/yre_reg[3][1][19]_i_10/CO[3]
                         net (fo=1, routed)           0.000     8.794    cnn_accelerator_system_i/cnn_accelerator_wino_0/inst/conv2/u_ot/yre_reg[3][1][19]_i_10_n_0
    SLICE_X59Y80                                                      r  cnn_accelerator_system_i/cnn_accelerator_wino_0/inst/conv2/u_ot/yre_reg[3][1][23]_i_10/CI
    SLICE_X59Y80         CARRY4 (Prop_carry4_CI_O[3])
                                                      0.313     9.107 r  cnn_accelerator_system_i/cnn_accelerator_wino_0/inst/conv2/u_ot/yre_reg[3][1][23]_i_10/O[3]
                         net (fo=2, routed)           0.552     9.659    cnn_accelerator_system_i/cnn_accelerator_wino_0/inst/conv2/u_ot/yre_reg[3][1][23]_i_10_n_4
    SLICE_X61Y80                                                      r  cnn_accelerator_system_i/cnn_accelerator_wino_0/inst/conv2/u_ot/yre[3][1][23]_i_5/I1
    SLICE_X61Y80         LUT3 (Prop_lut3_I1_O)        0.299     9.958 r  cnn_accelerator_system_i/cnn_accelerator_wino_0/inst/conv2/u_ot/yre[3][1][23]_i_5/O
                         net (fo=2, routed)           0.594    10.552    cnn_accelerator_system_i/cnn_accelerator_wino_0/inst/conv2/u_ot/yre[3][1][23]_i_5_n_0
    SLICE_X61Y81                                                      r  cnn_accelerator_system_i/cnn_accelerator_wino_0/inst/conv2/u_ot/yre[3][1][23]_i_9/I3
    SLICE_X61Y81         LUT4 (Prop_lut4_I3_O)        0.332    10.884 r  cnn_accelerator_system_i/cnn_accelerator_wino_0/inst/conv2/u_ot/yre[3][1][23]_i_9/O
                         net (fo=1, routed)           0.000    10.884    cnn_accelerator_system_i/cnn_accelerator_wino_0/inst/conv2/u_ot/yre[3][1][23]_i_9_n_0
    SLICE_X61Y81                                                      r  cnn_accelerator_system_i/cnn_accelerator_wino_0/inst/conv2/u_ot/yre_reg[3][1][23]_i_1/S[0]
    SLICE_X61Y81         CARRY4 (Prop_carry4_S[0]_CO[3])
                                                      0.532    11.416 r  cnn_accelerator_system_i/cnn_accelerator_wino_0/inst/conv2/u_ot/yre_reg[3][1][23]_i_1/CO[3]
                         net (fo=1, routed)           0.000    11.416    cnn_accelerator_system_i/cnn_accelerator_wino_0/inst/conv2/u_ot/yre_reg[3][1][23]_i_1_n_0
    SLICE_X61Y82                                                      r  cnn_accelerator_system_i/cnn_accelerator_wino_0/inst/conv2/u_ot/yre_reg[3][1][27]_i_1/CI
    SLICE_X61Y82         CARRY4 (Prop_carry4_CI_O[0])
                                                      0.223    11.639 r  cnn_accelerator_system_i/cnn_accelerator_wino_0/inst/conv2/u_ot/yre_reg[3][1][27]_i_1/O[0]
                         net (fo=1, routed)           0.000    11.639    cnn_accelerator_system_i/cnn_accelerator_wino_0/inst/conv2/u_ot/yre_c[3][1]_1078[24]
    SLICE_X61Y82         FDRE                                         r  cnn_accelerator_system_i/cnn_accelerator_wino_0/inst/conv2/u_ot/yre_reg[3][1][24]/D
  -------------------------------------------------------------------    -------------------

                         (clock clk_out3_cnn_accelerator_system_clk_wiz_0_0 rise edge)
                                                      5.000     5.000 r  
    E3                                                0.000     5.000 r  CLK100MHZ (IN)
                         net (fo=0)                   0.000     5.000    CLK100MHZ
    E3                                                                r  CLK100MHZ_IBUF_inst/I
    E3                   IBUF (Prop_ibuf_I_O)         1.411     6.411 r  CLK100MHZ_IBUF_inst/O
                         net (fo=1, routed)           1.920     8.331    cnn_accelerator_system_i/util_ds_buf_0/U0/BUFG_I[0]
    BUFGCTRL_X0Y16                                                    r  cnn_accelerator_system_i/util_ds_buf_0/U0/USE_BUFG.GEN_BUFG[0].BUFG_U/I
    BUFGCTRL_X0Y16       BUFG (Prop_bufg_I_O)         0.091     8.422 r  cnn_accelerator_system_i/util_ds_buf_0/U0/USE_BUFG.GEN_BUFG[0].BUFG_U/O
                         net (fo=2, routed)           1.683    10.105    cnn_accelerator_system_i/clk_wiz_0/inst/clk_in1
    MMCME2_ADV_X0Y0                                                   r  cnn_accelerator_system_i/clk_wiz_0/inst/mmcm_adv_inst/CLKIN1
    MMCME2_ADV_X0Y0      MMCME2_ADV (Prop_mmcme2_adv_CLKIN1_CLKOUT2)
                                                     -3.694     6.411 r  cnn_accelerator_system_i/clk_wiz_0/inst/mmcm_adv_inst/CLKOUT2
                         net (fo=1, routed)           1.923     8.334    cnn_accelerator_system_i/clk_wiz_0/inst/clk_out3_cnn_accelerator_system_clk_wiz_0_0
    BUFGCTRL_X0Y2                                                     r  cnn_accelerator_system_i/clk_wiz_0/inst/clkout3_buf/I
    BUFGCTRL_X0Y2        BUFG (Prop_bufg_I_O)         0.091     8.425 r  cnn_accelerator_system_i/clk_wiz_0/inst/clkout3_buf/O
                         net (fo=37889, routed)       1.498     9.924    cnn_accelerator_system_i/cnn_accelerator_wino_0/inst/conv2/u_ot/clk
    SLICE_X61Y82         FDRE                                         r  cnn_accelerator_system_i/cnn_accelerator_wino_0/inst/conv2/u_ot/yre_reg[3][1][24]/C
                         clock pessimism              0.187    10.111    
                         clock uncertainty           -0.067    10.044    
    SLICE_X61Y82         FDRE (Setup_fdre_C_D)        0.062    10.106    cnn_accelerator_system_i/cnn_accelerator_wino_0/inst/conv2/u_ot/yre_reg[3][1][24]
  -------------------------------------------------------------------
                         required time                         10.106    
                         arrival time                         -11.639    
  -------------------------------------------------------------------
                         slack                                 -1.533    

Slack (VIOLATED) :        -1.531ns  (required time - arrival time)
  Source:                 cnn_accelerator_system_i/cnn_accelerator_wino_0/inst/conv2/m_im_flat_reg[526]/C
                            (rising edge-triggered cell FDRE clocked by clk_out3_cnn_accelerator_system_clk_wiz_0_0  {rise@0.000ns fall@2.500ns period=5.000ns})
  Destination:            cnn_accelerator_system_i/cnn_accelerator_wino_0/inst/conv2/u_ot/yim_reg[0][3][25]/D
                            (rising edge-triggered cell FDRE clocked by clk_out3_cnn_accelerator_system_clk_wiz_0_0  {rise@0.000ns fall@2.500ns period=5.000ns})
  Path Group:             clk_out3_cnn_accelerator_system_clk_wiz_0_0
  Path Type:              Setup (Max at Slow Process Corner)
  Requirement:            5.000ns  (clk_out3_cnn_accelerator_system_clk_wiz_0_0 rise@5.000ns - clk_out3_cnn_accelerator_system_clk_wiz_0_0 rise@0.000ns)
  Data Path Delay:        6.417ns  (logic 3.088ns (48.126%)  route 3.329ns (51.874%))
  Logic Levels:           12  (CARRY4=8 LUT3=2 LUT4=2)
  Clock Path Skew:        -0.110ns (DCD - SCD + CPR)
    Destination Clock Delay (DCD):    4.926ns = ( 9.926 - 5.000 ) 
    Source Clock Delay      (SCD):    5.223ns
    Clock Pessimism Removal (CPR):    0.187ns
  Clock Uncertainty:      0.067ns  ((TSJ^2 + DJ^2)^1/2) / 2 + PE
    Total System Jitter     (TSJ):    0.071ns
    Discrete Jitter          (DJ):    0.113ns
    Phase Error              (PE):    0.000ns

    Location             Delay type                Incr(ns)  Path(ns)    Netlist Resource(s)
  -------------------------------------------------------------------    -------------------
                         (clock clk_out3_cnn_accelerator_system_clk_wiz_0_0 rise edge)
                                                      0.000     0.000 r  
    E3                                                0.000     0.000 r  CLK100MHZ (IN)
                         net (fo=0)                   0.000     0.000    CLK100MHZ
    E3                                                                r  CLK100MHZ_IBUF_inst/I
    E3                   IBUF (Prop_ibuf_I_O)         1.482     1.482 r  CLK100MHZ_IBUF_inst/O
                         net (fo=1, routed)           2.025     3.506    cnn_accelerator_system_i/util_ds_buf_0/U0/BUFG_I[0]
    BUFGCTRL_X0Y16                                                    r  cnn_accelerator_system_i/util_ds_buf_0/U0/USE_BUFG.GEN_BUFG[0].BUFG_U/I
    BUFGCTRL_X0Y16       BUFG (Prop_bufg_I_O)         0.096     3.602 r  cnn_accelerator_system_i/util_ds_buf_0/U0/USE_BUFG.GEN_BUFG[0].BUFG_U/O
                         net (fo=2, routed)           1.809     5.412    cnn_accelerator_system_i/clk_wiz_0/inst/clk_in1
    MMCME2_ADV_X0Y0                                                   r  cnn_accelerator_system_i/clk_wiz_0/inst/mmcm_adv_inst/CLKIN1
    MMCME2_ADV_X0Y0      MMCME2_ADV (Prop_mmcme2_adv_CLKIN1_CLKOUT2)
                                                     -3.922     1.490 r  cnn_accelerator_system_i/clk_wiz_0/inst/mmcm_adv_inst/CLKOUT2
                         net (fo=1, routed)           2.018     3.508    cnn_accelerator_system_i/clk_wiz_0/inst/clk_out3_cnn_accelerator_system_clk_wiz_0_0
    BUFGCTRL_X0Y2                                                     r  cnn_accelerator_system_i/clk_wiz_0/inst/clkout3_buf/I
    BUFGCTRL_X0Y2        BUFG (Prop_bufg_I_O)         0.096     3.604 r  cnn_accelerator_system_i/clk_wiz_0/inst/clkout3_buf/O
                         net (fo=37889, routed)       1.618     5.223    cnn_accelerator_system_i/cnn_accelerator_wino_0/inst/conv2/clk
    SLICE_X52Y85         FDRE                                         r  cnn_accelerator_system_i/cnn_accelerator_wino_0/inst/conv2/m_im_flat_reg[526]/C
  -------------------------------------------------------------------    -------------------
    SLICE_X52Y85         FDRE (Prop_fdre_C_Q)         0.456     5.679 r  cnn_accelerator_system_i/cnn_accelerator_wino_0/inst/conv2/m_im_flat_reg[526]/Q
                         net (fo=13, routed)          1.070     6.749    cnn_accelerator_system_i/cnn_accelerator_wino_0/inst/conv2/u_ot/yim_reg[3][4][27]_i_2_0[226]
    SLICE_X49Y74                                                      r  cnn_accelerator_system_i/cnn_accelerator_wino_0/inst/conv2/u_ot/yim[0][3][7]_i_12/I0
    SLICE_X49Y74         LUT3 (Prop_lut3_I0_O)        0.124     6.873 r  cnn_accelerator_system_i/cnn_accelerator_wino_0/inst/conv2/u_ot/yim[0][3][7]_i_12/O
                         net (fo=2, routed)           0.866     7.739    cnn_accelerator_system_i/cnn_accelerator_wino_0/inst/conv2/u_ot/yim[0][3][7]_i_12_n_0
    SLICE_X48Y75                                                      r  cnn_accelerator_system_i/cnn_accelerator_wino_0/inst/conv2/u_ot/yim[0][3][7]_i_15/I3
    SLICE_X48Y75         LUT4 (Prop_lut4_I3_O)        0.124     7.863 r  cnn_accelerator_system_i/cnn_accelerator_wino_0/inst/conv2/u_ot/yim[0][3][7]_i_15/O
                         net (fo=1, routed)           0.000     7.863    cnn_accelerator_system_i/cnn_accelerator_wino_0/inst/conv2/u_ot/yim[0][3][7]_i_15_n_0
    SLICE_X48Y75                                                      r  cnn_accelerator_system_i/cnn_accelerator_wino_0/inst/conv2/u_ot/yim_reg[0][3][7]_i_10/S[2]
    SLICE_X48Y75         CARRY4 (Prop_carry4_S[2]_CO[3])
                                                      0.398     8.261 r  cnn_accelerator_system_i/cnn_accelerator_wino_0/inst/conv2/u_ot/yim_reg[0][3][7]_i_10/CO[3]
                         net (fo=1, routed)           0.000     8.261    cnn_accelerator_system_i/cnn_accelerator_wino_0/inst/conv2/u_ot/yim_reg[0][3][7]_i_10_n_0
    SLICE_X48Y76                                                      r  cnn_accelerator_system_i/cnn_accelerator_wino_0/inst/conv2/u_ot/yim_reg[0][3][11]_i_10/CI
    SLICE_X48Y76         CARRY4 (Prop_carry4_CI_O[0])
                                                      0.223     8.484 r  cnn_accelerator_system_i/cnn_accelerator_wino_0/inst/conv2/u_ot/yim_reg[0][3][11]_i_10/O[0]
                         net (fo=2, routed)           0.598     9.082    cnn_accelerator_system_i/cnn_accelerator_wino_0/inst/conv2/u_ot/yim_reg[0][3][11]_i_10_n_7
    SLICE_X47Y73                                                      r  cnn_accelerator_system_i/cnn_accelerator_wino_0/inst/conv2/u_ot/yim[0][3][7]_i_4/I0
    SLICE_X47Y73         LUT3 (Prop_lut3_I0_O)        0.299     9.381 r  cnn_accelerator_system_i/cnn_accelerator_wino_0/inst/conv2/u_ot/yim[0][3][7]_i_4/O
                         net (fo=2, routed)           0.794    10.175    cnn_accelerator_system_i/cnn_accelerator_wino_0/inst/conv2/u_ot/yim[0][3][7]_i_4_n_0
    SLICE_X47Y76                                                      r  cnn_accelerator_system_i/cnn_accelerator_wino_0/inst/conv2/u_ot/yim[0][3][7]_i_8/I3
    SLICE_X47Y76         LUT4 (Prop_lut4_I3_O)        0.124    10.299 r  cnn_accelerator_system_i/cnn_accelerator_wino_0/inst/conv2/u_ot/yim[0][3][7]_i_8/O
                         net (fo=1, routed)           0.000    10.299    cnn_accelerator_system_i/cnn_accelerator_wino_0/inst/conv2/u_ot/yim[0][3][7]_i_8_n_0
    SLICE_X47Y76                                                      r  cnn_accelerator_system_i/cnn_accelerator_wino_0/inst/conv2/u_ot/yim_reg[0][3][7]_i_1/S[1]
    SLICE_X47Y76         CARRY4 (Prop_carry4_S[1]_CO[3])
                                                      0.550    10.849 r  cnn_accelerator_system_i/cnn_accelerator_wino_0/inst/conv2/u_ot/yim_reg[0][3][7]_i_1/CO[3]
                         net (fo=1, routed)           0.000    10.849    cnn_accelerator_system_i/cnn_accelerator_wino_0/inst/conv2/u_ot/yim_reg[0][3][7]_i_1_n_0
    SLICE_X47Y77                                                      r  cnn_accelerator_system_i/cnn_accelerator_wino_0/inst/conv2/u_ot/yim_reg[0][3][11]_i_1/CI
    SLICE_X47Y77         CARRY4 (Prop_carry4_CI_CO[3])
                                                      0.114    10.963 r  cnn_accelerator_system_i/cnn_accelerator_wino_0/inst/conv2/u_ot/yim_reg[0][3][11]_i_1/CO[3]
                         net (fo=1, routed)           0.000    10.963    cnn_accelerator_system_i/cnn_accelerator_wino_0/inst/conv2/u_ot/yim_reg[0][3][11]_i_1_n_0
    SLICE_X47Y78                                                      r  cnn_accelerator_system_i/cnn_accelerator_wino_0/inst/conv2/u_ot/yim_reg[0][3][15]_i_1/CI
    SLICE_X47Y78         CARRY4 (Prop_carry4_CI_CO[3])
                                                      0.114    11.077 r  cnn_accelerator_system_i/cnn_accelerator_wino_0/inst/conv2/u_ot/yim_reg[0][3][15]_i_1/CO[3]
                         net (fo=1, routed)           0.000    11.077    cnn_accelerator_system_i/cnn_accelerator_wino_0/inst/conv2/u_ot/yim_reg[0][3][15]_i_1_n_0
    SLICE_X47Y79                                                      r  cnn_accelerator_system_i/cnn_accelerator_wino_0/inst/conv2/u_ot/yim_reg[0][3][19]_i_1/CI
    SLICE_X47Y79         CARRY4 (Prop_carry4_CI_CO[3])
                                                      0.114    11.191 r  cnn_accelerator_system_i/cnn_accelerator_wino_0/inst/conv2/u_ot/yim_reg[0][3][19]_i_1/CO[3]
                         net (fo=1, routed)           0.000    11.191    cnn_accelerator_system_i/cnn_accelerator_wino_0/inst/conv2/u_ot/yim_reg[0][3][19]_i_1_n_0
    SLICE_X47Y80                                                      r  cnn_accelerator_system_i/cnn_accelerator_wino_0/inst/conv2/u_ot/yim_reg[0][3][23]_i_1/CI
    SLICE_X47Y80         CARRY4 (Prop_carry4_CI_CO[3])
                                                      0.114    11.305 r  cnn_accelerator_system_i/cnn_accelerator_wino_0/inst/conv2/u_ot/yim_reg[0][3][23]_i_1/CO[3]
                         net (fo=1, routed)           0.000    11.305    cnn_accelerator_system_i/cnn_accelerator_wino_0/inst/conv2/u_ot/yim_reg[0][3][23]_i_1_n_0
    SLICE_X47Y81                                                      r  cnn_accelerator_system_i/cnn_accelerator_wino_0/inst/conv2/u_ot/yim_reg[0][3][27]_i_1/CI
    SLICE_X47Y81         CARRY4 (Prop_carry4_CI_O[1])
                                                      0.334    11.639 r  cnn_accelerator_system_i/cnn_accelerator_wino_0/inst/conv2/u_ot/yim_reg[0][3][27]_i_1/O[1]
                         net (fo=1, routed)           0.000    11.639    cnn_accelerator_system_i/cnn_accelerator_wino_0/inst/conv2/u_ot/yim_c[0][3]_1085[25]
    SLICE_X47Y81         FDRE                                         r  cnn_accelerator_system_i/cnn_accelerator_wino_0/inst/conv2/u_ot/yim_reg[0][3][25]/D
  -------------------------------------------------------------------    -------------------

                         (clock clk_out3_cnn_accelerator_system_clk_wiz_0_0 rise edge)
                                                      5.000     5.000 r  
    E3                                                0.000     5.000 r  CLK100MHZ (IN)
                         net (fo=0)                   0.000     5.000    CLK100MHZ
    E3                                                                r  CLK100MHZ_IBUF_inst/I
    E3                   IBUF (Prop_ibuf_I_O)         1.411     6.411 r  CLK100MHZ_IBUF_inst/O
                         net (fo=1, routed)           1.920     8.331    cnn_accelerator_system_i/util_ds_buf_0/U0/BUFG_I[0]
    BUFGCTRL_X0Y16                                                    r  cnn_accelerator_system_i/util_ds_buf_0/U0/USE_BUFG.GEN_BUFG[0].BUFG_U/I
    BUFGCTRL_X0Y16       BUFG (Prop_bufg_I_O)         0.091     8.422 r  cnn_accelerator_system_i/util_ds_buf_0/U0/USE_BUFG.GEN_BUFG[0].BUFG_U/O
                         net (fo=2, routed)           1.683    10.105    cnn_accelerator_system_i/clk_wiz_0/inst/clk_in1
    MMCME2_ADV_X0Y0                                                   r  cnn_accelerator_system_i/clk_wiz_0/inst/mmcm_adv_inst/CLKIN1
    MMCME2_ADV_X0Y0      MMCME2_ADV (Prop_mmcme2_adv_CLKIN1_CLKOUT2)
                                                     -3.694     6.411 r  cnn_accelerator_system_i/clk_wiz_0/inst/mmcm_adv_inst/CLKOUT2
                         net (fo=1, routed)           1.923     8.334    cnn_accelerator_system_i/clk_wiz_0/inst/clk_out3_cnn_accelerator_system_clk_wiz_0_0
    BUFGCTRL_X0Y2                                                     r  cnn_accelerator_system_i/clk_wiz_0/inst/clkout3_buf/I
    BUFGCTRL_X0Y2        BUFG (Prop_bufg_I_O)         0.091     8.425 r  cnn_accelerator_system_i/clk_wiz_0/inst/clkout3_buf/O
                         net (fo=37889, routed)       1.500     9.926    cnn_accelerator_system_i/cnn_accelerator_wino_0/inst/conv2/u_ot/clk
    SLICE_X47Y81         FDRE                                         r  cnn_accelerator_system_i/cnn_accelerator_wino_0/inst/conv2/u_ot/yim_reg[0][3][25]/C
                         clock pessimism              0.187    10.113    
                         clock uncertainty           -0.067    10.046    
    SLICE_X47Y81         FDRE (Setup_fdre_C_D)        0.062    10.108    cnn_accelerator_system_i/cnn_accelerator_wino_0/inst/conv2/u_ot/yim_reg[0][3][25]
  -------------------------------------------------------------------
                         required time                         10.108    
                         arrival time                         -11.639    
  -------------------------------------------------------------------
                         slack                                 -1.531    

Slack (VIOLATED) :        -1.531ns  (required time - arrival time)
  Source:                 cnn_accelerator_system_i/cnn_accelerator_wino_0/inst/conv2/gic[0].u_it/tim_reg[3][1][2]/C
                            (rising edge-triggered cell FDRE clocked by clk_out3_cnn_accelerator_system_clk_wiz_0_0  {rise@0.000ns fall@2.500ns period=5.000ns})
  Destination:            cnn_accelerator_system_i/cnn_accelerator_wino_0/inst/conv2/lane[0].u_mul/a_q_reg[531]/D
                            (rising edge-triggered cell FDRE clocked by clk_out3_cnn_accelerator_system_clk_wiz_0_0  {rise@0.000ns fall@2.500ns period=5.000ns})
  Path Group:             clk_out3_cnn_accelerator_system_clk_wiz_0_0
  Path Type:              Setup (Max at Slow Process Corner)
  Requirement:            5.000ns  (clk_out3_cnn_accelerator_system_clk_wiz_0_0 rise@5.000ns - clk_out3_cnn_accelerator_system_clk_wiz_0_0 rise@0.000ns)
  Data Path Delay:        6.404ns  (logic 2.580ns (40.288%)  route 3.824ns (59.712%))
  Logic Levels:           9  (CARRY4=5 LUT3=1 LUT5=1 LUT6=2)
  Clock Path Skew:        -0.122ns (DCD - SCD + CPR)
    Destination Clock Delay (DCD):    4.912ns = ( 9.912 - 5.000 ) 
    Source Clock Delay      (SCD):    5.291ns
    Clock Pessimism Removal (CPR):    0.257ns
  Clock Uncertainty:      0.067ns  ((TSJ^2 + DJ^2)^1/2) / 2 + PE
    Total System Jitter     (TSJ):    0.071ns
    Discrete Jitter          (DJ):    0.113ns
    Phase Error              (PE):    0.000ns

    Location             Delay type                Incr(ns)  Path(ns)    Netlist Resource(s)
  -------------------------------------------------------------------    -------------------
                         (clock clk_out3_cnn_accelerator_system_clk_wiz_0_0 rise edge)
                                                      0.000     0.000 r  
    E3                                                0.000     0.000 r  CLK100MHZ (IN)
                         net (fo=0)                   0.000     0.000    CLK100MHZ
    E3                                                                r  CLK100MHZ_IBUF_inst/I
    E3                   IBUF (Prop_ibuf_I_O)         1.482     1.482 r  CLK100MHZ_IBUF_inst/O
                         net (fo=1, routed)           2.025     3.506    cnn_accelerator_system_i/util_ds_buf_0/U0/BUFG_I[0]
    BUFGCTRL_X0Y16                                                    r  cnn_accelerator_system_i/util_ds_buf_0/U0/USE_BUFG.GEN_BUFG[0].BUFG_U/I
    BUFGCTRL_X0Y16       BUFG (Prop_bufg_I_O)         0.096     3.602 r  cnn_accelerator_system_i/util_ds_buf_0/U0/USE_BUFG.GEN_BUFG[0].BUFG_U/O
                         net (fo=2, routed)           1.809     5.412    cnn_accelerator_system_i/clk_wiz_0/inst/clk_in1
    MMCME2_ADV_X0Y0                                                   r  cnn_accelerator_system_i/clk_wiz_0/inst/mmcm_adv_inst/CLKIN1
    MMCME2_ADV_X0Y0      MMCME2_ADV (Prop_mmcme2_adv_CLKIN1_CLKOUT2)
                                                     -3.922     1.490 r  cnn_accelerator_system_i/clk_wiz_0/inst/mmcm_adv_inst/CLKOUT2
                         net (fo=1, routed)           2.018     3.508    cnn_accelerator_system_i/clk_wiz_0/inst/clk_out3_cnn_accelerator_system_clk_wiz_0_0
    BUFGCTRL_X0Y2                                                     r  cnn_accelerator_system_i/clk_wiz_0/inst/clkout3_buf/I
    BUFGCTRL_X0Y2        BUFG (Prop_bufg_I_O)         0.096     3.604 r  cnn_accelerator_system_i/clk_wiz_0/inst/clkout3_buf/O
                         net (fo=37889, routed)       1.687     5.291    cnn_accelerator_system_i/cnn_accelerator_wino_0/inst/conv2/gic[0].u_it/clk
    SLICE_X79Y125        FDRE                                         r  cnn_accelerator_system_i/cnn_accelerator_wino_0/inst/conv2/gic[0].u_it/tim_reg[3][1][2]/C
  -------------------------------------------------------------------    -------------------
    SLICE_X79Y125        FDRE (Prop_fdre_C_Q)         0.456     5.747 f  cnn_accelerator_system_i/cnn_accelerator_wino_0/inst/conv2/gic[0].u_it/tim_reg[3][1][2]/Q
                         net (fo=21, routed)          1.084     6.832    cnn_accelerator_system_i/cnn_accelerator_wino_0/inst/conv2/gic[0].u_it/tim_reg[3][1]_799[2]
    SLICE_X73Y122                                                     f  cnn_accelerator_system_i/cnn_accelerator_wino_0/inst/conv2/gic[0].u_it/i___120_i_6/I2
    SLICE_X73Y122        LUT3 (Prop_lut3_I2_O)        0.124     6.956 r  cnn_accelerator_system_i/cnn_accelerator_wino_0/inst/conv2/gic[0].u_it/i___120_i_6/O
                         net (fo=1, routed)           0.655     7.610    cnn_accelerator_system_i/cnn_accelerator_wino_0/inst/conv2/gic[0].u_it/i___120_i_6_n_0
    SLICE_X73Y124                                                     r  cnn_accelerator_system_i/cnn_accelerator_wino_0/inst/conv2/gic[0].u_it/i___120_i_2/DI[3]
    SLICE_X73Y124        CARRY4 (Prop_carry4_DI[3]_CO[3])
                                                      0.385     7.995 r  cnn_accelerator_system_i/cnn_accelerator_wino_0/inst/conv2/gic[0].u_it/i___120_i_2/CO[3]
                         net (fo=1, routed)           0.009     8.004    cnn_accelerator_system_i/cnn_accelerator_wino_0/inst/conv2/gic[0].u_it/i___120_i_2_n_0
    SLICE_X73Y125                                                     r  cnn_accelerator_system_i/cnn_accelerator_wino_0/inst/conv2/gic[0].u_it/a_q_reg[529]_i_13/CI
    SLICE_X73Y125        CARRY4 (Prop_carry4_CI_CO[3])
                                                      0.114     8.118 r  cnn_accelerator_system_i/cnn_accelerator_wino_0/inst/conv2/gic[0].u_it/a_q_reg[529]_i_13/CO[3]
                         net (fo=1, routed)           0.000     8.118    cnn_accelerator_system_i/cnn_accelerator_wino_0/inst/conv2/gic[0].u_it/a_q_reg[529]_i_13_n_0
    SLICE_X73Y126                                                     r  cnn_accelerator_system_i/cnn_accelerator_wino_0/inst/conv2/gic[0].u_it/a_q_reg[531]_i_4/CI
    SLICE_X73Y126        CARRY4 (Prop_carry4_CI_O[0])
                                                      0.222     8.340 r  cnn_accelerator_system_i/cnn_accelerator_wino_0/inst/conv2/gic[0].u_it/a_q_reg[531]_i_4/O[0]
                         net (fo=4, routed)           1.141     9.481    cnn_accelerator_system_i/cnn_accelerator_wino_0/inst/conv2/gic[0].u_it/a_q_reg[531]_i_4_n_7
    SLICE_X71Y130                                                     r  cnn_accelerator_system_i/cnn_accelerator_wino_0/inst/conv2/gic[0].u_it/a_q[529]_i_11/I3
    SLICE_X71Y130        LUT6 (Prop_lut6_I3_O)        0.299     9.780 r  cnn_accelerator_system_i/cnn_accelerator_wino_0/inst/conv2/gic[0].u_it/a_q[529]_i_11/O
                         net (fo=2, routed)           0.354    10.134    cnn_accelerator_system_i/cnn_accelerator_wino_0/inst/conv2/gic[0].u_it/a_q[529]_i_11_n_0
    SLICE_X71Y129                                                     r  cnn_accelerator_system_i/cnn_accelerator_wino_0/inst/conv2/gic[0].u_it/a_q[529]_i_3/I0
    SLICE_X71Y129        LUT6 (Prop_lut6_I0_O)        0.124    10.258 r  cnn_accelerator_system_i/cnn_accelerator_wino_0/inst/conv2/gic[0].u_it/a_q[529]_i_3/O
                         net (fo=2, routed)           0.582    10.839    cnn_accelerator_system_i/cnn_accelerator_wino_0/inst/conv2/gic[0].u_it/a_q[529]_i_3_n_0
    SLICE_X71Y127                                                     r  cnn_accelerator_system_i/cnn_accelerator_wino_0/inst/conv2/gic[0].u_it/a_q[529]_i_7/I0
    SLICE_X71Y127        LUT5 (Prop_lut5_I0_O)        0.124    10.963 r  cnn_accelerator_system_i/cnn_accelerator_wino_0/inst/conv2/gic[0].u_it/a_q[529]_i_7/O
                         net (fo=1, routed)           0.000    10.963    cnn_accelerator_system_i/cnn_accelerator_wino_0/inst/conv2/gic[0].u_it/a_q[529]_i_7_n_0
    SLICE_X71Y127                                                     r  cnn_accelerator_system_i/cnn_accelerator_wino_0/inst/conv2/gic[0].u_it/a_q_reg[529]_i_1/S[2]
    SLICE_X71Y127        CARRY4 (Prop_carry4_S[2]_CO[3])
                                                      0.398    11.361 r  cnn_accelerator_system_i/cnn_accelerator_wino_0/inst/conv2/gic[0].u_it/a_q_reg[529]_i_1/CO[3]
                         net (fo=1, routed)           0.000    11.361    cnn_accelerator_system_i/cnn_accelerator_wino_0/inst/conv2/gic[0].u_it/a_q_reg[529]_i_1_n_0
    SLICE_X71Y128                                                     r  cnn_accelerator_system_i/cnn_accelerator_wino_0/inst/conv2/gic[0].u_it/a_q_reg[531]_i_1/CI
    SLICE_X71Y128        CARRY4 (Prop_carry4_CI_O[1])
                                                      0.334    11.695 r  cnn_accelerator_system_i/cnn_accelerator_wino_0/inst/conv2/gic[0].u_it/a_q_reg[531]_i_1/O[1]
                         net (fo=1, routed)           0.000    11.695    cnn_accelerator_system_i/cnn_accelerator_wino_0/inst/conv2/lane[0].u_mul/D[458]
    SLICE_X71Y128        FDRE                                         r  cnn_accelerator_system_i/cnn_accelerator_wino_0/inst/conv2/lane[0].u_mul/a_q_reg[531]/D
  -------------------------------------------------------------------    -------------------

                         (clock clk_out3_cnn_accelerator_system_clk_wiz_0_0 rise edge)
                                                      5.000     5.000 r  
    E3                                                0.000     5.000 r  CLK100MHZ (IN)
                         net (fo=0)                   0.000     5.000    CLK100MHZ
    E3                                                                r  CLK100MHZ_IBUF_inst/I
    E3                   IBUF (Prop_ibuf_I_O)         1.411     6.411 r  CLK100MHZ_IBUF_inst/O
                         net (fo=1, routed)           1.920     8.331    cnn_accelerator_system_i/util_ds_buf_0/U0/BUFG_I[0]
    BUFGCTRL_X0Y16                                                    r  cnn_accelerator_system_i/util_ds_buf_0/U0/USE_BUFG.GEN_BUFG[0].BUFG_U/I
    BUFGCTRL_X0Y16       BUFG (Prop_bufg_I_O)         0.091     8.422 r  cnn_accelerator_system_i/util_ds_buf_0/U0/USE_BUFG.GEN_BUFG[0].BUFG_U/O
                         net (fo=2, routed)           1.683    10.105    cnn_accelerator_system_i/clk_wiz_0/inst/clk_in1
    MMCME2_ADV_X0Y0                                                   r  cnn_accelerator_system_i/clk_wiz_0/inst/mmcm_adv_inst/CLKIN1
    MMCME2_ADV_X0Y0      MMCME2_ADV (Prop_mmcme2_adv_CLKIN1_CLKOUT2)
                                                     -3.694     6.411 r  cnn_accelerator_system_i/clk_wiz_0/inst/mmcm_adv_inst/CLKOUT2
                         net (fo=1, routed)           1.923     8.334    cnn_accelerator_system_i/clk_wiz_0/inst/clk_out3_cnn_accelerator_system_clk_wiz_0_0
    BUFGCTRL_X0Y2                                                     r  cnn_accelerator_system_i/clk_wiz_0/inst/clkout3_buf/I
    BUFGCTRL_X0Y2        BUFG (Prop_bufg_I_O)         0.091     8.425 r  cnn_accelerator_system_i/clk_wiz_0/inst/clkout3_buf/O
                         net (fo=37889, routed)       1.487     9.912    cnn_accelerator_system_i/cnn_accelerator_wino_0/inst/conv2/lane[0].u_mul/clk
    SLICE_X71Y128        FDRE                                         r  cnn_accelerator_system_i/cnn_accelerator_wino_0/inst/conv2/lane[0].u_mul/a_q_reg[531]/C
                         clock pessimism              0.257    10.169    
                         clock uncertainty           -0.067    10.103    
    SLICE_X71Y128        FDRE (Setup_fdre_C_D)        0.062    10.165    cnn_accelerator_system_i/cnn_accelerator_wino_0/inst/conv2/lane[0].u_mul/a_q_reg[531]
  -------------------------------------------------------------------
                         required time                         10.165    
                         arrival time                         -11.695    
  -------------------------------------------------------------------
                         slack                                 -1.531    

Slack (VIOLATED) :        -1.526ns  (required time - arrival time)
  Source:                 cnn_accelerator_system_i/cnn_accelerator_wino_0/inst/conv2/m_im_flat_reg[231]/C
                            (rising edge-triggered cell FDRE clocked by clk_out3_cnn_accelerator_system_clk_wiz_0_0  {rise@0.000ns fall@2.500ns period=5.000ns})
  Destination:            cnn_accelerator_system_i/cnn_accelerator_wino_0/inst/conv2/u_ot/yim_reg[3][3][21]/D
                            (rising edge-triggered cell FDRE clocked by clk_out3_cnn_accelerator_system_clk_wiz_0_0  {rise@0.000ns fall@2.500ns period=5.000ns})
  Path Group:             clk_out3_cnn_accelerator_system_clk_wiz_0_0
  Path Type:              Setup (Max at Slow Process Corner)
  Requirement:            5.000ns  (clk_out3_cnn_accelerator_system_clk_wiz_0_0 rise@5.000ns - clk_out3_cnn_accelerator_system_clk_wiz_0_0 rise@0.000ns)
  Data Path Delay:        6.410ns  (logic 3.323ns (51.837%)  route 3.087ns (48.163%))
  Logic Levels:           9  (CARRY4=5 LUT3=2 LUT4=2)
  Clock Path Skew:        -0.111ns (DCD - SCD + CPR)
    Destination Clock Delay (DCD):    4.917ns = ( 9.917 - 5.000 ) 
    Source Clock Delay      (SCD):    5.215ns
    Clock Pessimism Removal (CPR):    0.187ns
  Clock Uncertainty:      0.067ns  ((TSJ^2 + DJ^2)^1/2) / 2 + PE
    Total System Jitter     (TSJ):    0.071ns
    Discrete Jitter          (DJ):    0.113ns
    Phase Error              (PE):    0.000ns

    Location             Delay type                Incr(ns)  Path(ns)    Netlist Resource(s)
  -------------------------------------------------------------------    -------------------
                         (clock clk_out3_cnn_accelerator_system_clk_wiz_0_0 rise edge)
                                                      0.000     0.000 r  
    E3                                                0.000     0.000 r  CLK100MHZ (IN)
                         net (fo=0)                   0.000     0.000    CLK100MHZ
    E3                                                                r  CLK100MHZ_IBUF_inst/I
    E3                   IBUF (Prop_ibuf_I_O)         1.482     1.482 r  CLK100MHZ_IBUF_inst/O
                         net (fo=1, routed)           2.025     3.506    cnn_accelerator_system_i/util_ds_buf_0/U0/BUFG_I[0]
    BUFGCTRL_X0Y16                                                    r  cnn_accelerator_system_i/util_ds_buf_0/U0/USE_BUFG.GEN_BUFG[0].BUFG_U/I
    BUFGCTRL_X0Y16       BUFG (Prop_bufg_I_O)         0.096     3.602 r  cnn_accelerator_system_i/util_ds_buf_0/U0/USE_BUFG.GEN_BUFG[0].BUFG_U/O
                         net (fo=2, routed)           1.809     5.412    cnn_accelerator_system_i/clk_wiz_0/inst/clk_in1
    MMCME2_ADV_X0Y0                                                   r  cnn_accelerator_system_i/clk_wiz_0/inst/mmcm_adv_inst/CLKIN1
    MMCME2_ADV_X0Y0      MMCME2_ADV (Prop_mmcme2_adv_CLKIN1_CLKOUT2)
                                                     -3.922     1.490 r  cnn_accelerator_system_i/clk_wiz_0/inst/mmcm_adv_inst/CLKOUT2
                         net (fo=1, routed)           2.018     3.508    cnn_accelerator_system_i/clk_wiz_0/inst/clk_out3_cnn_accelerator_system_clk_wiz_0_0
    BUFGCTRL_X0Y2                                                     r  cnn_accelerator_system_i/clk_wiz_0/inst/clkout3_buf/I
    BUFGCTRL_X0Y2        BUFG (Prop_bufg_I_O)         0.096     3.604 r  cnn_accelerator_system_i/clk_wiz_0/inst/clkout3_buf/O
                         net (fo=37889, routed)       1.610     5.215    cnn_accelerator_system_i/cnn_accelerator_wino_0/inst/conv2/clk
    SLICE_X56Y78         FDRE                                         r  cnn_accelerator_system_i/cnn_accelerator_wino_0/inst/conv2/m_im_flat_reg[231]/C
  -------------------------------------------------------------------    -------------------
    SLICE_X56Y78         FDRE (Prop_fdre_C_Q)         0.518     5.733 r  cnn_accelerator_system_i/cnn_accelerator_wino_0/inst/conv2/m_im_flat_reg[231]/Q
                         net (fo=8, routed)           1.111     6.844    cnn_accelerator_system_i/cnn_accelerator_wino_0/inst/conv2/u_ot/yim_reg[3][4][27]_i_2_0[56]
    SLICE_X53Y68                                                      r  cnn_accelerator_system_i/cnn_accelerator_wino_0/inst/conv2/u_ot/yim[3][3][11]_i_11/I2
    SLICE_X53Y68         LUT3 (Prop_lut3_I2_O)        0.153     6.997 r  cnn_accelerator_system_i/cnn_accelerator_wino_0/inst/conv2/u_ot/yim[3][3][11]_i_11/O
                         net (fo=2, routed)           0.690     7.687    cnn_accelerator_system_i/cnn_accelerator_wino_0/inst/conv2/u_ot/yim[3][3][11]_i_11_n_0
    SLICE_X53Y68                                                      r  cnn_accelerator_system_i/cnn_accelerator_wino_0/inst/conv2/u_ot/yim[3][3][11]_i_15/I3
    SLICE_X53Y68         LUT4 (Prop_lut4_I3_O)        0.327     8.014 r  cnn_accelerator_system_i/cnn_accelerator_wino_0/inst/conv2/u_ot/yim[3][3][11]_i_15/O
                         net (fo=1, routed)           0.000     8.014    cnn_accelerator_system_i/cnn_accelerator_wino_0/inst/conv2/u_ot/yim[3][3][11]_i_15_n_0
    SLICE_X53Y68                                                      r  cnn_accelerator_system_i/cnn_accelerator_wino_0/inst/conv2/u_ot/yim_reg[3][3][11]_i_10/S[3]
    SLICE_X53Y68         CARRY4 (Prop_carry4_S[3]_CO[3])
                                                      0.401     8.415 r  cnn_accelerator_system_i/cnn_accelerator_wino_0/inst/conv2/u_ot/yim_reg[3][3][11]_i_10/CO[3]
                         net (fo=1, routed)           0.000     8.415    cnn_accelerator_system_i/cnn_accelerator_wino_0/inst/conv2/u_ot/yim_reg[3][3][11]_i_10_n_0
    SLICE_X53Y69                                                      r  cnn_accelerator_system_i/cnn_accelerator_wino_0/inst/conv2/u_ot/yim_reg[3][3][15]_i_10/CI
    SLICE_X53Y69         CARRY4 (Prop_carry4_CI_CO[3])
                                                      0.114     8.529 r  cnn_accelerator_system_i/cnn_accelerator_wino_0/inst/conv2/u_ot/yim_reg[3][3][15]_i_10/CO[3]
                         net (fo=1, routed)           0.000     8.529    cnn_accelerator_system_i/cnn_accelerator_wino_0/inst/conv2/u_ot/yim_reg[3][3][15]_i_10_n_0
    SLICE_X53Y70                                                      r  cnn_accelerator_system_i/cnn_accelerator_wino_0/inst/conv2/u_ot/yim_reg[3][3][19]_i_10/CI
    SLICE_X53Y70         CARRY4 (Prop_carry4_CI_O[3])
                                                      0.313     8.842 r  cnn_accelerator_system_i/cnn_accelerator_wino_0/inst/conv2/u_ot/yim_reg[3][3][19]_i_10/O[3]
                         net (fo=2, routed)           0.699     9.541    cnn_accelerator_system_i/cnn_accelerator_wino_0/inst/conv2/u_ot/yim_reg[3][3][19]_i_10_n_4
    SLICE_X51Y73                                                      r  cnn_accelerator_system_i/cnn_accelerator_wino_0/inst/conv2/u_ot/yim[3][3][19]_i_5/I0
    SLICE_X51Y73         LUT3 (Prop_lut3_I0_O)        0.299     9.840 r  cnn_accelerator_system_i/cnn_accelerator_wino_0/inst/conv2/u_ot/yim[3][3][19]_i_5/O
                         net (fo=2, routed)           0.579    10.418    cnn_accelerator_system_i/cnn_accelerator_wino_0/inst/conv2/u_ot/yim[3][3][19]_i_5_n_0
    SLICE_X51Y74                                                      r  cnn_accelerator_system_i/cnn_accelerator_wino_0/inst/conv2/u_ot/yim[3][3][19]_i_9/I3
    SLICE_X51Y74         LUT4 (Prop_lut4_I3_O)        0.332    10.750 r  cnn_accelerator_system_i/cnn_accelerator_wino_0/inst/conv2/u_ot/yim[3][3][19]_i_9/O
                         net (fo=1, routed)           0.000    10.750    cnn_accelerator_system_i/cnn_accelerator_wino_0/inst/conv2/u_ot/yim[3][3][19]_i_9_n_0
    SLICE_X51Y74                                                      r  cnn_accelerator_system_i/cnn_accelerator_wino_0/inst/conv2/u_ot/yim_reg[3][3][19]_i_1/S[0]
    SLICE_X51Y74         CARRY4 (Prop_carry4_S[0]_CO[3])
                                                      0.532    11.282 r  cnn_accelerator_system_i/cnn_accelerator_wino_0/inst/conv2/u_ot/yim_reg[3][3][19]_i_1/CO[3]
                         net (fo=1, routed)           0.009    11.291    cnn_accelerator_system_i/cnn_accelerator_wino_0/inst/conv2/u_ot/yim_reg[3][3][19]_i_1_n_0
    SLICE_X51Y75                                                      r  cnn_accelerator_system_i/cnn_accelerator_wino_0/inst/conv2/u_ot/yim_reg[3][3][23]_i_1/CI
    SLICE_X51Y75         CARRY4 (Prop_carry4_CI_O[1])
                                                      0.334    11.625 r  cnn_accelerator_system_i/cnn_accelerator_wino_0/inst/conv2/u_ot/yim_reg[3][3][23]_i_1/O[1]
                         net (fo=1, routed)           0.000    11.625    cnn_accelerator_system_i/cnn_accelerator_wino_0/inst/conv2/u_ot/yim_c[3][3]_1097[21]
    SLICE_X51Y75         FDRE                                         r  cnn_accelerator_system_i/cnn_accelerator_wino_0/inst/conv2/u_ot/yim_reg[3][3][21]/D
  -------------------------------------------------------------------    -------------------

                         (clock clk_out3_cnn_accelerator_system_clk_wiz_0_0 rise edge)
                                                      5.000     5.000 r  
    E3                                                0.000     5.000 r  CLK100MHZ (IN)
                         net (fo=0)                   0.000     5.000    CLK100MHZ
    E3                                                                r  CLK100MHZ_IBUF_inst/I
    E3                   IBUF (Prop_ibuf_I_O)         1.411     6.411 r  CLK100MHZ_IBUF_inst/O
                         net (fo=1, routed)           1.920     8.331    cnn_accelerator_system_i/util_ds_buf_0/U0/BUFG_I[0]
    BUFGCTRL_X0Y16                                                    r  cnn_accelerator_system_i/util_ds_buf_0/U0/USE_BUFG.GEN_BUFG[0].BUFG_U/I
    BUFGCTRL_X0Y16       BUFG (Prop_bufg_I_O)         0.091     8.422 r  cnn_accelerator_system_i/util_ds_buf_0/U0/USE_BUFG.GEN_BUFG[0].BUFG_U/O
                         net (fo=2, routed)           1.683    10.105    cnn_accelerator_system_i/clk_wiz_0/inst/clk_in1
    MMCME2_ADV_X0Y0                                                   r  cnn_accelerator_system_i/clk_wiz_0/inst/mmcm_adv_inst/CLKIN1
    MMCME2_ADV_X0Y0      MMCME2_ADV (Prop_mmcme2_adv_CLKIN1_CLKOUT2)
                                                     -3.694     6.411 r  cnn_accelerator_system_i/clk_wiz_0/inst/mmcm_adv_inst/CLKOUT2
                         net (fo=1, routed)           1.923     8.334    cnn_accelerator_system_i/clk_wiz_0/inst/clk_out3_cnn_accelerator_system_clk_wiz_0_0
    BUFGCTRL_X0Y2                                                     r  cnn_accelerator_system_i/clk_wiz_0/inst/clkout3_buf/I
    BUFGCTRL_X0Y2        BUFG (Prop_bufg_I_O)         0.091     8.425 r  cnn_accelerator_system_i/clk_wiz_0/inst/clkout3_buf/O
                         net (fo=37889, routed)       1.491     9.917    cnn_accelerator_system_i/cnn_accelerator_wino_0/inst/conv2/u_ot/clk
    SLICE_X51Y75         FDRE                                         r  cnn_accelerator_system_i/cnn_accelerator_wino_0/inst/conv2/u_ot/yim_reg[3][3][21]/C
                         clock pessimism              0.187    10.104    
                         clock uncertainty           -0.067    10.037    
    SLICE_X51Y75         FDRE (Setup_fdre_C_D)        0.062    10.099    cnn_accelerator_system_i/cnn_accelerator_wino_0/inst/conv2/u_ot/yim_reg[3][3][21]
  -------------------------------------------------------------------
                         required time                         10.099    
                         arrival time                         -11.625    
  -------------------------------------------------------------------
                         slack                                 -1.526    

Slack (VIOLATED) :        -1.521ns  (required time - arrival time)
  Source:                 cnn_accelerator_system_i/cnn_accelerator_wino_0/inst/conv2/m_re_flat_reg[706]/C
                            (rising edge-triggered cell FDRE clocked by clk_out3_cnn_accelerator_system_clk_wiz_0_0  {rise@0.000ns fall@2.500ns period=5.000ns})
  Destination:            cnn_accelerator_system_i/cnn_accelerator_wino_0/inst/conv2/u_ot/yim_reg[3][4][23]/D
                            (rising edge-triggered cell FDRE clocked by clk_out3_cnn_accelerator_system_clk_wiz_0_0  {rise@0.000ns fall@2.500ns period=5.000ns})
  Path Group:             clk_out3_cnn_accelerator_system_clk_wiz_0_0
  Path Type:              Setup (Max at Slow Process Corner)
  Requirement:            5.000ns  (clk_out3_cnn_accelerator_system_clk_wiz_0_0 rise@5.000ns - clk_out3_cnn_accelerator_system_clk_wiz_0_0 rise@0.000ns)
  Data Path Delay:        6.483ns  (logic 3.038ns (46.864%)  route 3.445ns (53.136%))
  Logic Levels:           10  (CARRY4=6 LUT3=2 LUT4=2)
  Clock Path Skew:        -0.034ns (DCD - SCD + CPR)
    Destination Clock Delay (DCD):    4.915ns = ( 9.915 - 5.000 ) 
    Source Clock Delay      (SCD):    5.208ns
    Clock Pessimism Removal (CPR):    0.259ns
  Clock Uncertainty:      0.067ns  ((TSJ^2 + DJ^2)^1/2) / 2 + PE
    Total System Jitter     (TSJ):    0.071ns
    Discrete Jitter          (DJ):    0.113ns
    Phase Error              (PE):    0.000ns

    Location             Delay type                Incr(ns)  Path(ns)    Netlist Resource(s)
  -------------------------------------------------------------------    -------------------
                         (clock clk_out3_cnn_accelerator_system_clk_wiz_0_0 rise edge)
                                                      0.000     0.000 r  
    E3                                                0.000     0.000 r  CLK100MHZ (IN)
                         net (fo=0)                   0.000     0.000    CLK100MHZ
    E3                                                                r  CLK100MHZ_IBUF_inst/I
    E3                   IBUF (Prop_ibuf_I_O)         1.482     1.482 r  CLK100MHZ_IBUF_inst/O
                         net (fo=1, routed)           2.025     3.506    cnn_accelerator_system_i/util_ds_buf_0/U0/BUFG_I[0]
    BUFGCTRL_X0Y16                                                    r  cnn_accelerator_system_i/util_ds_buf_0/U0/USE_BUFG.GEN_BUFG[0].BUFG_U/I
    BUFGCTRL_X0Y16       BUFG (Prop_bufg_I_O)         0.096     3.602 r  cnn_accelerator_system_i/util_ds_buf_0/U0/USE_BUFG.GEN_BUFG[0].BUFG_U/O
                         net (fo=2, routed)           1.809     5.412    cnn_accelerator_system_i/clk_wiz_0/inst/clk_in1
    MMCME2_ADV_X0Y0                                                   r  cnn_accelerator_system_i/clk_wiz_0/inst/mmcm_adv_inst/CLKIN1
    MMCME2_ADV_X0Y0      MMCME2_ADV (Prop_mmcme2_adv_CLKIN1_CLKOUT2)
                                                     -3.922     1.490 r  cnn_accelerator_system_i/clk_wiz_0/inst/mmcm_adv_inst/CLKOUT2
                         net (fo=1, routed)           2.018     3.508    cnn_accelerator_system_i/clk_wiz_0/inst/clk_out3_cnn_accelerator_system_clk_wiz_0_0
    BUFGCTRL_X0Y2                                                     r  cnn_accelerator_system_i/clk_wiz_0/inst/clkout3_buf/I
    BUFGCTRL_X0Y2        BUFG (Prop_bufg_I_O)         0.096     3.604 r  cnn_accelerator_system_i/clk_wiz_0/inst/clkout3_buf/O
                         net (fo=37889, routed)       1.603     5.208    cnn_accelerator_system_i/cnn_accelerator_wino_0/inst/conv2/clk
    SLICE_X52Y75         FDRE                                         r  cnn_accelerator_system_i/cnn_accelerator_wino_0/inst/conv2/m_re_flat_reg[706]/C
  -------------------------------------------------------------------    -------------------
    SLICE_X52Y75         FDRE (Prop_fdre_C_Q)         0.456     5.664 r  cnn_accelerator_system_i/cnn_accelerator_wino_0/inst/conv2/m_re_flat_reg[706]/Q
                         net (fo=18, routed)          0.995     6.658    cnn_accelerator_system_i/cnn_accelerator_wino_0/inst/conv2/u_ot/Q[506]
    SLICE_X55Y73                                                      r  cnn_accelerator_system_i/cnn_accelerator_wino_0/inst/conv2/u_ot/yim[3][4][11]_i_11/I0
    SLICE_X55Y73         LUT3 (Prop_lut3_I0_O)        0.154     6.812 r  cnn_accelerator_system_i/cnn_accelerator_wino_0/inst/conv2/u_ot/yim[3][4][11]_i_11/O
                         net (fo=2, routed)           0.690     7.502    cnn_accelerator_system_i/cnn_accelerator_wino_0/inst/conv2/u_ot/yim[3][4][11]_i_11_n_0
    SLICE_X55Y73                                                      r  cnn_accelerator_system_i/cnn_accelerator_wino_0/inst/conv2/u_ot/yim[3][4][11]_i_15/I3
    SLICE_X55Y73         LUT4 (Prop_lut4_I3_O)        0.327     7.829 r  cnn_accelerator_system_i/cnn_accelerator_wino_0/inst/conv2/u_ot/yim[3][4][11]_i_15/O
                         net (fo=1, routed)           0.000     7.829    cnn_accelerator_system_i/cnn_accelerator_wino_0/inst/conv2/u_ot/yim[3][4][11]_i_15_n_0
    SLICE_X55Y73                                                      r  cnn_accelerator_system_i/cnn_accelerator_wino_0/inst/conv2/u_ot/yim_reg[3][4][11]_i_10/S[3]
    SLICE_X55Y73         CARRY4 (Prop_carry4_S[3]_CO[3])
                                                      0.401     8.230 r  cnn_accelerator_system_i/cnn_accelerator_wino_0/inst/conv2/u_ot/yim_reg[3][4][11]_i_10/CO[3]
                         net (fo=1, routed)           0.000     8.230    cnn_accelerator_system_i/cnn_accelerator_wino_0/inst/conv2/u_ot/yim_reg[3][4][11]_i_10_n_0
    SLICE_X55Y74                                                      r  cnn_accelerator_system_i/cnn_accelerator_wino_0/inst/conv2/u_ot/yim_reg[3][4][15]_i_10/CI
    SLICE_X55Y74         CARRY4 (Prop_carry4_CI_O[1])
                                                      0.334     8.564 r  cnn_accelerator_system_i/cnn_accelerator_wino_0/inst/conv2/u_ot/yim_reg[3][4][15]_i_10/O[1]
                         net (fo=2, routed)           0.871     9.435    cnn_accelerator_system_i/cnn_accelerator_wino_0/inst/conv2/u_ot/yim_reg[3][4][15]_i_10_n_6
    SLICE_X56Y69                                                      r  cnn_accelerator_system_i/cnn_accelerator_wino_0/inst/conv2/u_ot/yim[3][4][11]_i_3/I0
    SLICE_X56Y69         LUT3 (Prop_lut3_I0_O)        0.303     9.738 r  cnn_accelerator_system_i/cnn_accelerator_wino_0/inst/conv2/u_ot/yim[3][4][11]_i_3/O
                         net (fo=2, routed)           0.889    10.627    cnn_accelerator_system_i/cnn_accelerator_wino_0/inst/conv2/u_ot/yim[3][4][11]_i_3_n_0
    SLICE_X61Y71                                                      r  cnn_accelerator_system_i/cnn_accelerator_wino_0/inst/conv2/u_ot/yim[3][4][11]_i_7/I3
    SLICE_X61Y71         LUT4 (Prop_lut4_I3_O)        0.124    10.751 r  cnn_accelerator_system_i/cnn_accelerator_wino_0/inst/conv2/u_ot/yim[3][4][11]_i_7/O
                         net (fo=1, routed)           0.000    10.751    cnn_accelerator_system_i/cnn_accelerator_wino_0/inst/conv2/u_ot/yim[3][4][11]_i_7_n_0
    SLICE_X61Y71                                                      r  cnn_accelerator_system_i/cnn_accelerator_wino_0/inst/conv2/u_ot/yim_reg[3][4][11]_i_1/S[2]
    SLICE_X61Y71         CARRY4 (Prop_carry4_S[2]_CO[3])
                                                      0.398    11.149 r  cnn_accelerator_system_i/cnn_accelerator_wino_0/inst/conv2/u_ot/yim_reg[3][4][11]_i_1/CO[3]
                         net (fo=1, routed)           0.000    11.149    cnn_accelerator_system_i/cnn_accelerator_wino_0/inst/conv2/u_ot/yim_reg[3][4][11]_i_1_n_0
    SLICE_X61Y72                                                      r  cnn_accelerator_system_i/cnn_accelerator_wino_0/inst/conv2/u_ot/yim_reg[3][4][15]_i_1/CI
    SLICE_X61Y72         CARRY4 (Prop_carry4_CI_CO[3])
                                                      0.114    11.263 r  cnn_accelerator_system_i/cnn_accelerator_wino_0/inst/conv2/u_ot/yim_reg[3][4][15]_i_1/CO[3]
                         net (fo=1, routed)           0.000    11.263    cnn_accelerator_system_i/cnn_accelerator_wino_0/inst/conv2/u_ot/yim_reg[3][4][15]_i_1_n_0
    SLICE_X61Y73                                                      r  cnn_accelerator_system_i/cnn_accelerator_wino_0/inst/conv2/u_ot/yim_reg[3][4][19]_i_1/CI
    SLICE_X61Y73         CARRY4 (Prop_carry4_CI_CO[3])
                                                      0.114    11.377 r  cnn_accelerator_system_i/cnn_accelerator_wino_0/inst/conv2/u_ot/yim_reg[3][4][19]_i_1/CO[3]
                         net (fo=1, routed)           0.000    11.377    cnn_accelerator_system_i/cnn_accelerator_wino_0/inst/conv2/u_ot/yim_reg[3][4][19]_i_1_n_0
    SLICE_X61Y74                                                      r  cnn_accelerator_system_i/cnn_accelerator_wino_0/inst/conv2/u_ot/yim_reg[3][4][23]_i_1/CI
    SLICE_X61Y74         CARRY4 (Prop_carry4_CI_O[3])
                                                      0.313    11.690 r  cnn_accelerator_system_i/cnn_accelerator_wino_0/inst/conv2/u_ot/yim_reg[3][4][23]_i_1/O[3]
                         net (fo=1, routed)           0.000    11.690    cnn_accelerator_system_i/cnn_accelerator_wino_0/inst/conv2/u_ot/yim_c[3][4]_1098[23]
    SLICE_X61Y74         FDRE                                         r  cnn_accelerator_system_i/cnn_accelerator_wino_0/inst/conv2/u_ot/yim_reg[3][4][23]/D
  -------------------------------------------------------------------    -------------------

                         (clock clk_out3_cnn_accelerator_system_clk_wiz_0_0 rise edge)
                                                      5.000     5.000 r  
    E3                                                0.000     5.000 r  CLK100MHZ (IN)
                         net (fo=0)                   0.000     5.000    CLK100MHZ
    E3                                                                r  CLK100MHZ_IBUF_inst/I
    E3                   IBUF (Prop_ibuf_I_O)         1.411     6.411 r  CLK100MHZ_IBUF_inst/O
                         net (fo=1, routed)           1.920     8.331    cnn_accelerator_system_i/util_ds_buf_0/U0/BUFG_I[0]
    BUFGCTRL_X0Y16                                                    r  cnn_accelerator_system_i/util_ds_buf_0/U0/USE_BUFG.GEN_BUFG[0].BUFG_U/I
    BUFGCTRL_X0Y16       BUFG (Prop_bufg_I_O)         0.091     8.422 r  cnn_accelerator_system_i/util_ds_buf_0/U0/USE_BUFG.GEN_BUFG[0].BUFG_U/O
                         net (fo=2, routed)           1.683    10.105    cnn_accelerator_system_i/clk_wiz_0/inst/clk_in1
    MMCME2_ADV_X0Y0                                                   r  cnn_accelerator_system_i/clk_wiz_0/inst/mmcm_adv_inst/CLKIN1
    MMCME2_ADV_X0Y0      MMCME2_ADV (Prop_mmcme2_adv_CLKIN1_CLKOUT2)
                                                     -3.694     6.411 r  cnn_accelerator_system_i/clk_wiz_0/inst/mmcm_adv_inst/CLKOUT2
                         net (fo=1, routed)           1.923     8.334    cnn_accelerator_system_i/clk_wiz_0/inst/clk_out3_cnn_accelerator_system_clk_wiz_0_0
    BUFGCTRL_X0Y2                                                     r  cnn_accelerator_system_i/clk_wiz_0/inst/clkout3_buf/I
    BUFGCTRL_X0Y2        BUFG (Prop_bufg_I_O)         0.091     8.425 r  cnn_accelerator_system_i/clk_wiz_0/inst/clkout3_buf/O
                         net (fo=37889, routed)       1.489     9.915    cnn_accelerator_system_i/cnn_accelerator_wino_0/inst/conv2/u_ot/clk
    SLICE_X61Y74         FDRE                                         r  cnn_accelerator_system_i/cnn_accelerator_wino_0/inst/conv2/u_ot/yim_reg[3][4][23]/C
                         clock pessimism              0.259    10.174    
                         clock uncertainty           -0.067    10.107    
    SLICE_X61Y74         FDRE (Setup_fdre_C_D)        0.062    10.169    cnn_accelerator_system_i/cnn_accelerator_wino_0/inst/conv2/u_ot/yim_reg[3][4][23]
  -------------------------------------------------------------------
                         required time                         10.169    
                         arrival time                         -11.690    
  -------------------------------------------------------------------
                         slack                                 -1.521    

Slack (VIOLATED) :        -1.521ns  (required time - arrival time)
  Source:                 cnn_accelerator_system_i/cnn_accelerator_wino_0/inst/conv2/m_re_flat_reg[702]/C
                            (rising edge-triggered cell FDRE clocked by clk_out3_cnn_accelerator_system_clk_wiz_0_0  {rise@0.000ns fall@2.500ns period=5.000ns})
  Destination:            cnn_accelerator_system_i/cnn_accelerator_wino_0/inst/conv2/u_ot/yre_reg[0][4][22]/D
                            (rising edge-triggered cell FDRE clocked by clk_out3_cnn_accelerator_system_clk_wiz_0_0  {rise@0.000ns fall@2.500ns period=5.000ns})
  Path Group:             clk_out3_cnn_accelerator_system_clk_wiz_0_0
  Path Type:              Setup (Max at Slow Process Corner)
  Requirement:            5.000ns  (clk_out3_cnn_accelerator_system_clk_wiz_0_0 rise@5.000ns - clk_out3_cnn_accelerator_system_clk_wiz_0_0 rise@0.000ns)
  Data Path Delay:        6.419ns  (logic 3.078ns (47.948%)  route 3.341ns (52.052%))
  Logic Levels:           11  (CARRY4=7 LUT3=2 LUT4=2)
  Clock Path Skew:        -0.097ns (DCD - SCD + CPR)
    Destination Clock Delay (DCD):    4.927ns = ( 9.927 - 5.000 ) 
    Source Clock Delay      (SCD):    5.211ns
    Clock Pessimism Removal (CPR):    0.187ns
  Clock Uncertainty:      0.067ns  ((TSJ^2 + DJ^2)^1/2) / 2 + PE
    Total System Jitter     (TSJ):    0.071ns
    Discrete Jitter          (DJ):    0.113ns
    Phase Error              (PE):    0.000ns

    Location             Delay type                Incr(ns)  Path(ns)    Netlist Resource(s)
  -------------------------------------------------------------------    -------------------
                         (clock clk_out3_cnn_accelerator_system_clk_wiz_0_0 rise edge)
                                                      0.000     0.000 r  
    E3                                                0.000     0.000 r  CLK100MHZ (IN)
                         net (fo=0)                   0.000     0.000    CLK100MHZ
    E3                                                                r  CLK100MHZ_IBUF_inst/I
    E3                   IBUF (Prop_ibuf_I_O)         1.482     1.482 r  CLK100MHZ_IBUF_inst/O
                         net (fo=1, routed)           2.025     3.506    cnn_accelerator_system_i/util_ds_buf_0/U0/BUFG_I[0]
    BUFGCTRL_X0Y16                                                    r  cnn_accelerator_system_i/util_ds_buf_0/U0/USE_BUFG.GEN_BUFG[0].BUFG_U/I
    BUFGCTRL_X0Y16       BUFG (Prop_bufg_I_O)         0.096     3.602 r  cnn_accelerator_system_i/util_ds_buf_0/U0/USE_BUFG.GEN_BUFG[0].BUFG_U/O
                         net (fo=2, routed)           1.809     5.412    cnn_accelerator_system_i/clk_wiz_0/inst/clk_in1
    MMCME2_ADV_X0Y0                                                   r  cnn_accelerator_system_i/clk_wiz_0/inst/mmcm_adv_inst/CLKIN1
    MMCME2_ADV_X0Y0      MMCME2_ADV (Prop_mmcme2_adv_CLKIN1_CLKOUT2)
                                                     -3.922     1.490 r  cnn_accelerator_system_i/clk_wiz_0/inst/mmcm_adv_inst/CLKOUT2
                         net (fo=1, routed)           2.018     3.508    cnn_accelerator_system_i/clk_wiz_0/inst/clk_out3_cnn_accelerator_system_clk_wiz_0_0
    BUFGCTRL_X0Y2                                                     r  cnn_accelerator_system_i/clk_wiz_0/inst/clkout3_buf/I
    BUFGCTRL_X0Y2        BUFG (Prop_bufg_I_O)         0.096     3.604 r  cnn_accelerator_system_i/clk_wiz_0/inst/clkout3_buf/O
                         net (fo=37889, routed)       1.606     5.211    cnn_accelerator_system_i/cnn_accelerator_wino_0/inst/conv2/clk
    SLICE_X52Y72         FDRE                                         r  cnn_accelerator_system_i/cnn_accelerator_wino_0/inst/conv2/m_re_flat_reg[702]/C
  -------------------------------------------------------------------    -------------------
    SLICE_X52Y72         FDRE (Prop_fdre_C_Q)         0.456     5.667 r  cnn_accelerator_system_i/cnn_accelerator_wino_0/inst/conv2/m_re_flat_reg[702]/Q
                         net (fo=19, routed)          1.166     6.833    cnn_accelerator_system_i/cnn_accelerator_wino_0/inst/conv2/u_ot/Q[502]
    SLICE_X45Y70                                                      r  cnn_accelerator_system_i/cnn_accelerator_wino_0/inst/conv2/u_ot/yre[0][3][7]_i_11/I2
    SLICE_X45Y70         LUT3 (Prop_lut3_I2_O)        0.154     6.987 r  cnn_accelerator_system_i/cnn_accelerator_wino_0/inst/conv2/u_ot/yre[0][3][7]_i_11/O
                         net (fo=4, routed)           0.721     7.708    cnn_accelerator_system_i/cnn_accelerator_wino_0/inst/conv2/u_ot/yre[0][3][7]_i_11_n_0
    SLICE_X45Y70                                                      r  cnn_accelerator_system_i/cnn_accelerator_wino_0/inst/conv2/u_ot/yre[0][4][7]_i_11/I3
    SLICE_X45Y70         LUT4 (Prop_lut4_I3_O)        0.327     8.035 r  cnn_accelerator_system_i/cnn_accelerator_wino_0/inst/conv2/u_ot/yre[0][4][7]_i_11/O
                         net (fo=1, routed)           0.000     8.035    cnn_accelerator_system_i/cnn_accelerator_wino_0/inst/conv2/u_ot/yre[0][4][7]_i_11_n_0
    SLICE_X45Y70                                                      r  cnn_accelerator_system_i/cnn_accelerator_wino_0/inst/conv2/u_ot/yre_reg[0][4][7]_i_10/S[3]
    SLICE_X45Y70         CARRY4 (Prop_carry4_S[3]_CO[3])
                                                      0.401     8.436 r  cnn_accelerator_system_i/cnn_accelerator_wino_0/inst/conv2/u_ot/yre_reg[0][4][7]_i_10/CO[3]
                         net (fo=1, routed)           0.000     8.436    cnn_accelerator_system_i/cnn_accelerator_wino_0/inst/conv2/u_ot/yre_reg[0][4][7]_i_10_n_0
    SLICE_X45Y71                                                      r  cnn_accelerator_system_i/cnn_accelerator_wino_0/inst/conv2/u_ot/yre_reg[0][4][11]_i_10/CI
    SLICE_X45Y71         CARRY4 (Prop_carry4_CI_CO[3])
                                                      0.114     8.550 r  cnn_accelerator_system_i/cnn_accelerator_wino_0/inst/conv2/u_ot/yre_reg[0][4][11]_i_10/CO[3]
                         net (fo=1, routed)           0.000     8.550    cnn_accelerator_system_i/cnn_accelerator_wino_0/inst/conv2/u_ot/yre_reg[0][4][11]_i_10_n_0
    SLICE_X45Y72                                                      r  cnn_accelerator_system_i/cnn_accelerator_wino_0/inst/conv2/u_ot/yre_reg[0][4][15]_i_10/CI
    SLICE_X45Y72         CARRY4 (Prop_carry4_CI_O[1])
                                                      0.334     8.884 r  cnn_accelerator_system_i/cnn_accelerator_wino_0/inst/conv2/u_ot/yre_reg[0][4][15]_i_10/O[1]
                         net (fo=2, routed)           0.465     9.349    cnn_accelerator_system_i/cnn_accelerator_wino_0/inst/conv2/u_ot/yre_reg[0][4][15]_i_10_n_6
    SLICE_X46Y73                                                      r  cnn_accelerator_system_i/cnn_accelerator_wino_0/inst/conv2/u_ot/yre[0][4][11]_i_3/I1
    SLICE_X46Y73         LUT3 (Prop_lut3_I1_O)        0.303     9.652 r  cnn_accelerator_system_i/cnn_accelerator_wino_0/inst/conv2/u_ot/yre[0][4][11]_i_3/O
                         net (fo=2, routed)           0.980    10.632    cnn_accelerator_system_i/cnn_accelerator_wino_0/inst/conv2/u_ot/yre[0][4][11]_i_3_n_0
    SLICE_X41Y74                                                      r  cnn_accelerator_system_i/cnn_accelerator_wino_0/inst/conv2/u_ot/yre[0][4][11]_i_7/I3
    SLICE_X41Y74         LUT4 (Prop_lut4_I3_O)        0.124    10.756 r  cnn_accelerator_system_i/cnn_accelerator_wino_0/inst/conv2/u_ot/yre[0][4][11]_i_7/O
                         net (fo=1, routed)           0.000    10.756    cnn_accelerator_system_i/cnn_accelerator_wino_0/inst/conv2/u_ot/yre[0][4][11]_i_7_n_0
    SLICE_X41Y74                                                      r  cnn_accelerator_system_i/cnn_accelerator_wino_0/inst/conv2/u_ot/yre_reg[0][4][11]_i_1/S[2]
    SLICE_X41Y74         CARRY4 (Prop_carry4_S[2]_CO[3])
                                                      0.398    11.154 r  cnn_accelerator_system_i/cnn_accelerator_wino_0/inst/conv2/u_ot/yre_reg[0][4][11]_i_1/CO[3]
                         net (fo=1, routed)           0.009    11.163    cnn_accelerator_system_i/cnn_accelerator_wino_0/inst/conv2/u_ot/yre_reg[0][4][11]_i_1_n_0
    SLICE_X41Y75                                                      r  cnn_accelerator_system_i/cnn_accelerator_wino_0/inst/conv2/u_ot/yre_reg[0][4][15]_i_1/CI
    SLICE_X41Y75         CARRY4 (Prop_carry4_CI_CO[3])
                                                      0.114    11.277 r  cnn_accelerator_system_i/cnn_accelerator_wino_0/inst/conv2/u_ot/yre_reg[0][4][15]_i_1/CO[3]
                         net (fo=1, routed)           0.000    11.277    cnn_accelerator_system_i/cnn_accelerator_wino_0/inst/conv2/u_ot/yre_reg[0][4][15]_i_1_n_0
    SLICE_X41Y76                                                      r  cnn_accelerator_system_i/cnn_accelerator_wino_0/inst/conv2/u_ot/yre_reg[0][4][19]_i_1/CI
    SLICE_X41Y76         CARRY4 (Prop_carry4_CI_CO[3])
                                                      0.114    11.391 r  cnn_accelerator_system_i/cnn_accelerator_wino_0/inst/conv2/u_ot/yre_reg[0][4][19]_i_1/CO[3]
                         net (fo=1, routed)           0.000    11.391    cnn_accelerator_system_i/cnn_accelerator_wino_0/inst/conv2/u_ot/yre_reg[0][4][19]_i_1_n_0
    SLICE_X41Y77                                                      r  cnn_accelerator_system_i/cnn_accelerator_wino_0/inst/conv2/u_ot/yre_reg[0][4][23]_i_1/CI
    SLICE_X41Y77         CARRY4 (Prop_carry4_CI_O[2])
                                                      0.239    11.630 r  cnn_accelerator_system_i/cnn_accelerator_wino_0/inst/conv2/u_ot/yre_reg[0][4][23]_i_1/O[2]
                         net (fo=1, routed)           0.000    11.630    cnn_accelerator_system_i/cnn_accelerator_wino_0/inst/conv2/u_ot/yre_c[0][4]_1084[22]
    SLICE_X41Y77         FDRE                                         r  cnn_accelerator_system_i/cnn_accelerator_wino_0/inst/conv2/u_ot/yre_reg[0][4][22]/D
  -------------------------------------------------------------------    -------------------

                         (clock clk_out3_cnn_accelerator_system_clk_wiz_0_0 rise edge)
                                                      5.000     5.000 r  
    E3                                                0.000     5.000 r  CLK100MHZ (IN)
                         net (fo=0)                   0.000     5.000    CLK100MHZ
    E3                                                                r  CLK100MHZ_IBUF_inst/I
    E3                   IBUF (Prop_ibuf_I_O)         1.411     6.411 r  CLK100MHZ_IBUF_inst/O
                         net (fo=1, routed)           1.920     8.331    cnn_accelerator_system_i/util_ds_buf_0/U0/BUFG_I[0]
    BUFGCTRL_X0Y16                                                    r  cnn_accelerator_system_i/util_ds_buf_0/U0/USE_BUFG.GEN_BUFG[0].BUFG_U/I
    BUFGCTRL_X0Y16       BUFG (Prop_bufg_I_O)         0.091     8.422 r  cnn_accelerator_system_i/util_ds_buf_0/U0/USE_BUFG.GEN_BUFG[0].BUFG_U/O
                         net (fo=2, routed)           1.683    10.105    cnn_accelerator_system_i/clk_wiz_0/inst/clk_in1
    MMCME2_ADV_X0Y0                                                   r  cnn_accelerator_system_i/clk_wiz_0/inst/mmcm_adv_inst/CLKIN1
    MMCME2_ADV_X0Y0      MMCME2_ADV (Prop_mmcme2_adv_CLKIN1_CLKOUT2)
                                                     -3.694     6.411 r  cnn_accelerator_system_i/clk_wiz_0/inst/mmcm_adv_inst/CLKOUT2
                         net (fo=1, routed)           1.923     8.334    cnn_accelerator_system_i/clk_wiz_0/inst/clk_out3_cnn_accelerator_system_clk_wiz_0_0
    BUFGCTRL_X0Y2                                                     r  cnn_accelerator_system_i/clk_wiz_0/inst/clkout3_buf/I
    BUFGCTRL_X0Y2        BUFG (Prop_bufg_I_O)         0.091     8.425 r  cnn_accelerator_system_i/clk_wiz_0/inst/clkout3_buf/O
                         net (fo=37889, routed)       1.501     9.927    cnn_accelerator_system_i/cnn_accelerator_wino_0/inst/conv2/u_ot/clk
    SLICE_X41Y77         FDRE                                         r  cnn_accelerator_system_i/cnn_accelerator_wino_0/inst/conv2/u_ot/yre_reg[0][4][22]/C
                         clock pessimism              0.187    10.114    
                         clock uncertainty           -0.067    10.047    
    SLICE_X41Y77         FDRE (Setup_fdre_C_D)        0.062    10.109    cnn_accelerator_system_i/cnn_accelerator_wino_0/inst/conv2/u_ot/yre_reg[0][4][22]
  -------------------------------------------------------------------
                         required time                         10.109    
                         arrival time                         -11.630    
  -------------------------------------------------------------------
                         slack                                 -1.521    

Slack (VIOLATED) :        -1.517ns  (required time - arrival time)
  Source:                 cnn_accelerator_system_i/cnn_accelerator_wino_0/inst/conv2/m_re_flat_reg[177]/C
                            (rising edge-triggered cell FDRE clocked by clk_out3_cnn_accelerator_system_clk_wiz_0_0  {rise@0.000ns fall@2.500ns period=5.000ns})
  Destination:            cnn_accelerator_system_i/cnn_accelerator_wino_0/inst/conv2/u_ot/yre_reg[3][1][21]/D
                            (rising edge-triggered cell FDRE clocked by clk_out3_cnn_accelerator_system_clk_wiz_0_0  {rise@0.000ns fall@2.500ns period=5.000ns})
  Path Group:             clk_out3_cnn_accelerator_system_clk_wiz_0_0
  Path Type:              Setup (Max at Slow Process Corner)
  Requirement:            5.000ns  (clk_out3_cnn_accelerator_system_clk_wiz_0_0 rise@5.000ns - clk_out3_cnn_accelerator_system_clk_wiz_0_0 rise@0.000ns)
  Data Path Delay:        6.400ns  (logic 3.376ns (52.750%)  route 3.024ns (47.250%))
  Logic Levels:           10  (CARRY4=6 LUT3=2 LUT4=2)
  Clock Path Skew:        -0.112ns (DCD - SCD + CPR)
    Destination Clock Delay (DCD):    4.922ns = ( 9.922 - 5.000 ) 
    Source Clock Delay      (SCD):    5.221ns
    Clock Pessimism Removal (CPR):    0.187ns
  Clock Uncertainty:      0.067ns  ((TSJ^2 + DJ^2)^1/2) / 2 + PE
    Total System Jitter     (TSJ):    0.071ns
    Discrete Jitter          (DJ):    0.113ns
    Phase Error              (PE):    0.000ns

    Location             Delay type                Incr(ns)  Path(ns)    Netlist Resource(s)
  -------------------------------------------------------------------    -------------------
                         (clock clk_out3_cnn_accelerator_system_clk_wiz_0_0 rise edge)
                                                      0.000     0.000 r  
    E3                                                0.000     0.000 r  CLK100MHZ (IN)
                         net (fo=0)                   0.000     0.000    CLK100MHZ
    E3                                                                r  CLK100MHZ_IBUF_inst/I
    E3                   IBUF (Prop_ibuf_I_O)         1.482     1.482 r  CLK100MHZ_IBUF_inst/O
                         net (fo=1, routed)           2.025     3.506    cnn_accelerator_system_i/util_ds_buf_0/U0/BUFG_I[0]
    BUFGCTRL_X0Y16                                                    r  cnn_accelerator_system_i/util_ds_buf_0/U0/USE_BUFG.GEN_BUFG[0].BUFG_U/I
    BUFGCTRL_X0Y16       BUFG (Prop_bufg_I_O)         0.096     3.602 r  cnn_accelerator_system_i/util_ds_buf_0/U0/USE_BUFG.GEN_BUFG[0].BUFG_U/O
                         net (fo=2, routed)           1.809     5.412    cnn_accelerator_system_i/clk_wiz_0/inst/clk_in1
    MMCME2_ADV_X0Y0                                                   r  cnn_accelerator_system_i/clk_wiz_0/inst/mmcm_adv_inst/CLKIN1
    MMCME2_ADV_X0Y0      MMCME2_ADV (Prop_mmcme2_adv_CLKIN1_CLKOUT2)
                                                     -3.922     1.490 r  cnn_accelerator_system_i/clk_wiz_0/inst/mmcm_adv_inst/CLKOUT2
                         net (fo=1, routed)           2.018     3.508    cnn_accelerator_system_i/clk_wiz_0/inst/clk_out3_cnn_accelerator_system_clk_wiz_0_0
    BUFGCTRL_X0Y2                                                     r  cnn_accelerator_system_i/clk_wiz_0/inst/clkout3_buf/I
    BUFGCTRL_X0Y2        BUFG (Prop_bufg_I_O)         0.096     3.604 r  cnn_accelerator_system_i/clk_wiz_0/inst/clkout3_buf/O
                         net (fo=37889, routed)       1.616     5.221    cnn_accelerator_system_i/cnn_accelerator_wino_0/inst/conv2/clk
    SLICE_X45Y77         FDRE                                         r  cnn_accelerator_system_i/cnn_accelerator_wino_0/inst/conv2/m_re_flat_reg[177]/C
  -------------------------------------------------------------------    -------------------
    SLICE_X45Y77         FDRE (Prop_fdre_C_Q)         0.456     5.677 r  cnn_accelerator_system_i/cnn_accelerator_wino_0/inst/conv2/m_re_flat_reg[177]/Q
                         net (fo=8, routed)           1.203     6.880    cnn_accelerator_system_i/cnn_accelerator_wino_0/inst/conv2/u_ot/Q[152]
    SLICE_X59Y76                                                      r  cnn_accelerator_system_i/cnn_accelerator_wino_0/inst/conv2/u_ot/yre[3][1][7]_i_11/I2
    SLICE_X59Y76         LUT3 (Prop_lut3_I2_O)        0.154     7.034 r  cnn_accelerator_system_i/cnn_accelerator_wino_0/inst/conv2/u_ot/yre[3][1][7]_i_11/O
                         net (fo=2, routed)           0.690     7.724    cnn_accelerator_system_i/cnn_accelerator_wino_0/inst/conv2/u_ot/yre[3][1][7]_i_11_n_0
    SLICE_X59Y76                                                      r  cnn_accelerator_system_i/cnn_accelerator_wino_0/inst/conv2/u_ot/yre[3][1][7]_i_14/I3
    SLICE_X59Y76         LUT4 (Prop_lut4_I3_O)        0.327     8.051 r  cnn_accelerator_system_i/cnn_accelerator_wino_0/inst/conv2/u_ot/yre[3][1][7]_i_14/O
                         net (fo=1, routed)           0.000     8.051    cnn_accelerator_system_i/cnn_accelerator_wino_0/inst/conv2/u_ot/yre[3][1][7]_i_14_n_0
    SLICE_X59Y76                                                      r  cnn_accelerator_system_i/cnn_accelerator_wino_0/inst/conv2/u_ot/yre_reg[3][1][7]_i_10/S[3]
    SLICE_X59Y76         CARRY4 (Prop_carry4_S[3]_CO[3])
                                                      0.401     8.452 r  cnn_accelerator_system_i/cnn_accelerator_wino_0/inst/conv2/u_ot/yre_reg[3][1][7]_i_10/CO[3]
                         net (fo=1, routed)           0.000     8.452    cnn_accelerator_system_i/cnn_accelerator_wino_0/inst/conv2/u_ot/yre_reg[3][1][7]_i_10_n_0
    SLICE_X59Y77                                                      r  cnn_accelerator_system_i/cnn_accelerator_wino_0/inst/conv2/u_ot/yre_reg[3][1][11]_i_10/CI
    SLICE_X59Y77         CARRY4 (Prop_carry4_CI_CO[3])
                                                      0.114     8.566 r  cnn_accelerator_system_i/cnn_accelerator_wino_0/inst/conv2/u_ot/yre_reg[3][1][11]_i_10/CO[3]
                         net (fo=1, routed)           0.000     8.566    cnn_accelerator_system_i/cnn_accelerator_wino_0/inst/conv2/u_ot/yre_reg[3][1][11]_i_10_n_0
    SLICE_X59Y78                                                      r  cnn_accelerator_system_i/cnn_accelerator_wino_0/inst/conv2/u_ot/yre_reg[3][1][15]_i_10/CI
    SLICE_X59Y78         CARRY4 (Prop_carry4_CI_O[3])
                                                      0.313     8.879 r  cnn_accelerator_system_i/cnn_accelerator_wino_0/inst/conv2/u_ot/yre_reg[3][1][15]_i_10/O[3]
                         net (fo=2, routed)           0.552     9.431    cnn_accelerator_system_i/cnn_accelerator_wino_0/inst/conv2/u_ot/yre_reg[3][1][15]_i_10_n_4
    SLICE_X61Y78                                                      r  cnn_accelerator_system_i/cnn_accelerator_wino_0/inst/conv2/u_ot/yre[3][1][15]_i_5/I1
    SLICE_X61Y78         LUT3 (Prop_lut3_I1_O)        0.299     9.730 r  cnn_accelerator_system_i/cnn_accelerator_wino_0/inst/conv2/u_ot/yre[3][1][15]_i_5/O
                         net (fo=2, routed)           0.579    10.309    cnn_accelerator_system_i/cnn_accelerator_wino_0/inst/conv2/u_ot/yre[3][1][15]_i_5_n_0
    SLICE_X61Y79                                                      r  cnn_accelerator_system_i/cnn_accelerator_wino_0/inst/conv2/u_ot/yre[3][1][15]_i_9/I3
    SLICE_X61Y79         LUT4 (Prop_lut4_I3_O)        0.332    10.641 r  cnn_accelerator_system_i/cnn_accelerator_wino_0/inst/conv2/u_ot/yre[3][1][15]_i_9/O
                         net (fo=1, routed)           0.000    10.641    cnn_accelerator_system_i/cnn_accelerator_wino_0/inst/conv2/u_ot/yre[3][1][15]_i_9_n_0
    SLICE_X61Y79                                                      r  cnn_accelerator_system_i/cnn_accelerator_wino_0/inst/conv2/u_ot/yre_reg[3][1][15]_i_1/S[0]
    SLICE_X61Y79         CARRY4 (Prop_carry4_S[0]_CO[3])
                                                      0.532    11.173 r  cnn_accelerator_system_i/cnn_accelerator_wino_0/inst/conv2/u_ot/yre_reg[3][1][15]_i_1/CO[3]
                         net (fo=1, routed)           0.000    11.173    cnn_accelerator_system_i/cnn_accelerator_wino_0/inst/conv2/u_ot/yre_reg[3][1][15]_i_1_n_0
    SLICE_X61Y80                                                      r  cnn_accelerator_system_i/cnn_accelerator_wino_0/inst/conv2/u_ot/yre_reg[3][1][19]_i_1/CI
    SLICE_X61Y80         CARRY4 (Prop_carry4_CI_CO[3])
                                                      0.114    11.287 r  cnn_accelerator_system_i/cnn_accelerator_wino_0/inst/conv2/u_ot/yre_reg[3][1][19]_i_1/CO[3]
                         net (fo=1, routed)           0.000    11.287    cnn_accelerator_system_i/cnn_accelerator_wino_0/inst/conv2/u_ot/yre_reg[3][1][19]_i_1_n_0
    SLICE_X61Y81                                                      r  cnn_accelerator_system_i/cnn_accelerator_wino_0/inst/conv2/u_ot/yre_reg[3][1][23]_i_1/CI
    SLICE_X61Y81         CARRY4 (Prop_carry4_CI_O[1])
                                                      0.334    11.621 r  cnn_accelerator_system_i/cnn_accelerator_wino_0/inst/conv2/u_ot/yre_reg[3][1][23]_i_1/O[1]
                         net (fo=1, routed)           0.000    11.621    cnn_accelerator_system_i/cnn_accelerator_wino_0/inst/conv2/u_ot/yre_c[3][1]_1078[21]
    SLICE_X61Y81         FDRE                                         r  cnn_accelerator_system_i/cnn_accelerator_wino_0/inst/conv2/u_ot/yre_reg[3][1][21]/D
  -------------------------------------------------------------------    -------------------

                         (clock clk_out3_cnn_accelerator_system_clk_wiz_0_0 rise edge)
                                                      5.000     5.000 r  
    E3                                                0.000     5.000 r  CLK100MHZ (IN)
                         net (fo=0)                   0.000     5.000    CLK100MHZ
    E3                                                                r  CLK100MHZ_IBUF_inst/I
    E3                   IBUF (Prop_ibuf_I_O)         1.411     6.411 r  CLK100MHZ_IBUF_inst/O
                         net (fo=1, routed)           1.920     8.331    cnn_accelerator_system_i/util_ds_buf_0/U0/BUFG_I[0]
    BUFGCTRL_X0Y16                                                    r  cnn_accelerator_system_i/util_ds_buf_0/U0/USE_BUFG.GEN_BUFG[0].BUFG_U/I
    BUFGCTRL_X0Y16       BUFG (Prop_bufg_I_O)         0.091     8.422 r  cnn_accelerator_system_i/util_ds_buf_0/U0/USE_BUFG.GEN_BUFG[0].BUFG_U/O
                         net (fo=2, routed)           1.683    10.105    cnn_accelerator_system_i/clk_wiz_0/inst/clk_in1
    MMCME2_ADV_X0Y0                                                   r  cnn_accelerator_system_i/clk_wiz_0/inst/mmcm_adv_inst/CLKIN1
    MMCME2_ADV_X0Y0      MMCME2_ADV (Prop_mmcme2_adv_CLKIN1_CLKOUT2)
                                                     -3.694     6.411 r  cnn_accelerator_system_i/clk_wiz_0/inst/mmcm_adv_inst/CLKOUT2
                         net (fo=1, routed)           1.923     8.334    cnn_accelerator_system_i/clk_wiz_0/inst/clk_out3_cnn_accelerator_system_clk_wiz_0_0
    BUFGCTRL_X0Y2                                                     r  cnn_accelerator_system_i/clk_wiz_0/inst/clkout3_buf/I
    BUFGCTRL_X0Y2        BUFG (Prop_bufg_I_O)         0.091     8.425 r  cnn_accelerator_system_i/clk_wiz_0/inst/clkout3_buf/O
                         net (fo=37889, routed)       1.496     9.922    cnn_accelerator_system_i/cnn_accelerator_wino_0/inst/conv2/u_ot/clk
    SLICE_X61Y81         FDRE                                         r  cnn_accelerator_system_i/cnn_accelerator_wino_0/inst/conv2/u_ot/yre_reg[3][1][21]/C
                         clock pessimism              0.187    10.109    
                         clock uncertainty           -0.067    10.042    
    SLICE_X61Y81         FDRE (Setup_fdre_C_D)        0.062    10.104    cnn_accelerator_system_i/cnn_accelerator_wino_0/inst/conv2/u_ot/yre_reg[3][1][21]
  -------------------------------------------------------------------
                         required time                         10.104    
                         arrival time                         -11.621    
  -------------------------------------------------------------------
                         slack                                 -1.517    

Slack (VIOLATED) :        -1.513ns  (required time - arrival time)
  Source:                 cnn_accelerator_system_i/cnn_accelerator_wino_0/inst/conv2/m_re_flat_reg[751]/C
                            (rising edge-triggered cell FDRE clocked by clk_out3_cnn_accelerator_system_clk_wiz_0_0  {rise@0.000ns fall@2.500ns period=5.000ns})
  Destination:            cnn_accelerator_system_i/cnn_accelerator_wino_0/inst/conv2/u_ot/yre_reg[3][0][8]/D
                            (rising edge-triggered cell FDRE clocked by clk_out3_cnn_accelerator_system_clk_wiz_0_0  {rise@0.000ns fall@2.500ns period=5.000ns})
  Path Group:             clk_out3_cnn_accelerator_system_clk_wiz_0_0
  Path Type:              Setup (Max at Slow Process Corner)
  Requirement:            5.000ns  (clk_out3_cnn_accelerator_system_clk_wiz_0_0 rise@5.000ns - clk_out3_cnn_accelerator_system_clk_wiz_0_0 rise@0.000ns)
  Data Path Delay:        6.170ns  (logic 2.598ns (42.110%)  route 3.572ns (57.890%))
  Logic Levels:           8  (CARRY4=4 LUT3=2 LUT4=2)
  Clock Path Skew:        -0.045ns (DCD - SCD + CPR)
    Destination Clock Delay (DCD):    4.928ns = ( 9.928 - 5.000 ) 
    Source Clock Delay      (SCD):    5.232ns
    Clock Pessimism Removal (CPR):    0.259ns
  Clock Uncertainty:      0.067ns  ((TSJ^2 + DJ^2)^1/2) / 2 + PE
    Total System Jitter     (TSJ):    0.071ns
    Discrete Jitter          (DJ):    0.113ns
    Phase Error              (PE):    0.000ns

    Location             Delay type                Incr(ns)  Path(ns)    Netlist Resource(s)
  -------------------------------------------------------------------    -------------------
                         (clock clk_out3_cnn_accelerator_system_clk_wiz_0_0 rise edge)
                                                      0.000     0.000 r  
    E3                                                0.000     0.000 r  CLK100MHZ (IN)
                         net (fo=0)                   0.000     0.000    CLK100MHZ
    E3                                                                r  CLK100MHZ_IBUF_inst/I
    E3                   IBUF (Prop_ibuf_I_O)         1.482     1.482 r  CLK100MHZ_IBUF_inst/O
                         net (fo=1, routed)           2.025     3.506    cnn_accelerator_system_i/util_ds_buf_0/U0/BUFG_I[0]
    BUFGCTRL_X0Y16                                                    r  cnn_accelerator_system_i/util_ds_buf_0/U0/USE_BUFG.GEN_BUFG[0].BUFG_U/I
    BUFGCTRL_X0Y16       BUFG (Prop_bufg_I_O)         0.096     3.602 r  cnn_accelerator_system_i/util_ds_buf_0/U0/USE_BUFG.GEN_BUFG[0].BUFG_U/O
                         net (fo=2, routed)           1.809     5.412    cnn_accelerator_system_i/clk_wiz_0/inst/clk_in1
    MMCME2_ADV_X0Y0                                                   r  cnn_accelerator_system_i/clk_wiz_0/inst/mmcm_adv_inst/CLKIN1
    MMCME2_ADV_X0Y0      MMCME2_ADV (Prop_mmcme2_adv_CLKIN1_CLKOUT2)
                                                     -3.922     1.490 r  cnn_accelerator_system_i/clk_wiz_0/inst/mmcm_adv_inst/CLKOUT2
                         net (fo=1, routed)           2.018     3.508    cnn_accelerator_system_i/clk_wiz_0/inst/clk_out3_cnn_accelerator_system_clk_wiz_0_0
    BUFGCTRL_X0Y2                                                     r  cnn_accelerator_system_i/clk_wiz_0/inst/clkout3_buf/I
    BUFGCTRL_X0Y2        BUFG (Prop_bufg_I_O)         0.096     3.604 r  cnn_accelerator_system_i/clk_wiz_0/inst/clkout3_buf/O
                         net (fo=37889, routed)       1.627     5.232    cnn_accelerator_system_i/cnn_accelerator_wino_0/inst/conv2/clk
    SLICE_X59Y57         FDRE                                         r  cnn_accelerator_system_i/cnn_accelerator_wino_0/inst/conv2/m_re_flat_reg[751]/C
  -------------------------------------------------------------------    -------------------
    SLICE_X59Y57         FDRE (Prop_fdre_C_Q)         0.456     5.688 r  cnn_accelerator_system_i/cnn_accelerator_wino_0/inst/conv2/m_re_flat_reg[751]/Q
                         net (fo=2, routed)           0.988     6.676    cnn_accelerator_system_i/cnn_accelerator_wino_0/inst/conv2/u_ot/Q[526]
    SLICE_X65Y61                                                      r  cnn_accelerator_system_i/cnn_accelerator_wino_0/inst/conv2/u_ot/yre[3][0][7]_i_12/I1
    SLICE_X65Y61         LUT3 (Prop_lut3_I1_O)        0.124     6.800 r  cnn_accelerator_system_i/cnn_accelerator_wino_0/inst/conv2/u_ot/yre[3][0][7]_i_12/O
                         net (fo=2, routed)           0.806     7.606    cnn_accelerator_system_i/cnn_accelerator_wino_0/inst/conv2/u_ot/yre[3][0][7]_i_12_n_0
    SLICE_X65Y62                                                      r  cnn_accelerator_system_i/cnn_accelerator_wino_0/inst/conv2/u_ot/yre[3][0][7]_i_15/I3
    SLICE_X65Y62         LUT4 (Prop_lut4_I3_O)        0.124     7.730 r  cnn_accelerator_system_i/cnn_accelerator_wino_0/inst/conv2/u_ot/yre[3][0][7]_i_15/O
                         net (fo=1, routed)           0.000     7.730    cnn_accelerator_system_i/cnn_accelerator_wino_0/inst/conv2/u_ot/yre[3][0][7]_i_15_n_0
    SLICE_X65Y62                                                      r  cnn_accelerator_system_i/cnn_accelerator_wino_0/inst/conv2/u_ot/yre_reg[3][0][7]_i_10/S[2]
    SLICE_X65Y62         CARRY4 (Prop_carry4_S[2]_CO[3])
                                                      0.398     8.128 r  cnn_accelerator_system_i/cnn_accelerator_wino_0/inst/conv2/u_ot/yre_reg[3][0][7]_i_10/CO[3]
                         net (fo=1, routed)           0.000     8.128    cnn_accelerator_system_i/cnn_accelerator_wino_0/inst/conv2/u_ot/yre_reg[3][0][7]_i_10_n_0
    SLICE_X65Y63                                                      r  cnn_accelerator_system_i/cnn_accelerator_wino_0/inst/conv2/u_ot/yre_reg[3][0][11]_i_10/CI
    SLICE_X65Y63         CARRY4 (Prop_carry4_CI_O[2])
                                                      0.239     8.367 r  cnn_accelerator_system_i/cnn_accelerator_wino_0/inst/conv2/u_ot/yre_reg[3][0][11]_i_10/O[2]
                         net (fo=2, routed)           0.617     8.984    cnn_accelerator_system_i/cnn_accelerator_wino_0/inst/conv2/u_ot/yre_reg[3][0][11]_i_10_n_5
    SLICE_X62Y64                                                      r  cnn_accelerator_system_i/cnn_accelerator_wino_0/inst/conv2/u_ot/yre[3][0][7]_i_2/I1
    SLICE_X62Y64         LUT3 (Prop_lut3_I1_O)        0.331     9.315 r  cnn_accelerator_system_i/cnn_accelerator_wino_0/inst/conv2/u_ot/yre[3][0][7]_i_2/O
                         net (fo=2, routed)           0.679     9.995    cnn_accelerator_system_i/cnn_accelerator_wino_0/inst/conv2/u_ot/yre[3][0][7]_i_2_n_0
    SLICE_X62Y64                                                      r  cnn_accelerator_system_i/cnn_accelerator_wino_0/inst/conv2/u_ot/yre[3][0][7]_i_6/I3
    SLICE_X62Y64         LUT4 (Prop_lut4_I3_O)        0.331    10.326 r  cnn_accelerator_system_i/cnn_accelerator_wino_0/inst/conv2/u_ot/yre[3][0][7]_i_6/O
                         net (fo=1, routed)           0.000    10.326    cnn_accelerator_system_i/cnn_accelerator_wino_0/inst/conv2/u_ot/yre[3][0][7]_i_6_n_0
    SLICE_X62Y64                                                      r  cnn_accelerator_system_i/cnn_accelerator_wino_0/inst/conv2/u_ot/yre_reg[3][0][7]_i_1/S[3]
    SLICE_X62Y64         CARRY4 (Prop_carry4_S[3]_CO[3])
                                                      0.376    10.702 r  cnn_accelerator_system_i/cnn_accelerator_wino_0/inst/conv2/u_ot/yre_reg[3][0][7]_i_1/CO[3]
                         net (fo=1, routed)           0.000    10.702    cnn_accelerator_system_i/cnn_accelerator_wino_0/inst/conv2/u_ot/yre_reg[3][0][7]_i_1_n_0
    SLICE_X62Y65                                                      r  cnn_accelerator_system_i/cnn_accelerator_wino_0/inst/conv2/u_ot/yre_reg[3][0][11]_i_1/CI
    SLICE_X62Y65         CARRY4 (Prop_carry4_CI_O[0])
                                                      0.219    10.921 r  cnn_accelerator_system_i/cnn_accelerator_wino_0/inst/conv2/u_ot/yre_reg[3][0][11]_i_1/O[0]
                         net (fo=1, routed)           0.481    11.401    cnn_accelerator_system_i/cnn_accelerator_wino_0/inst/conv2/u_ot/yre_c[3][0]_1102[8]
    SLICE_X67Y66         FDRE                                         r  cnn_accelerator_system_i/cnn_accelerator_wino_0/inst/conv2/u_ot/yre_reg[3][0][8]/D
  -------------------------------------------------------------------    -------------------

                         (clock clk_out3_cnn_accelerator_system_clk_wiz_0_0 rise edge)
                                                      5.000     5.000 r  
    E3                                                0.000     5.000 r  CLK100MHZ (IN)
                         net (fo=0)                   0.000     5.000    CLK100MHZ
    E3                                                                r  CLK100MHZ_IBUF_inst/I
    E3                   IBUF (Prop_ibuf_I_O)         1.411     6.411 r  CLK100MHZ_IBUF_inst/O
                         net (fo=1, routed)           1.920     8.331    cnn_accelerator_system_i/util_ds_buf_0/U0/BUFG_I[0]
    BUFGCTRL_X0Y16                                                    r  cnn_accelerator_system_i/util_ds_buf_0/U0/USE_BUFG.GEN_BUFG[0].BUFG_U/I
    BUFGCTRL_X0Y16       BUFG (Prop_bufg_I_O)         0.091     8.422 r  cnn_accelerator_system_i/util_ds_buf_0/U0/USE_BUFG.GEN_BUFG[0].BUFG_U/O
                         net (fo=2, routed)           1.683    10.105    cnn_accelerator_system_i/clk_wiz_0/inst/clk_in1
    MMCME2_ADV_X0Y0                                                   r  cnn_accelerator_system_i/clk_wiz_0/inst/mmcm_adv_inst/CLKIN1
    MMCME2_ADV_X0Y0      MMCME2_ADV (Prop_mmcme2_adv_CLKIN1_CLKOUT2)
                                                     -3.694     6.411 r  cnn_accelerator_system_i/clk_wiz_0/inst/mmcm_adv_inst/CLKOUT2
                         net (fo=1, routed)           1.923     8.334    cnn_accelerator_system_i/clk_wiz_0/inst/clk_out3_cnn_accelerator_system_clk_wiz_0_0
    BUFGCTRL_X0Y2                                                     r  cnn_accelerator_system_i/clk_wiz_0/inst/clkout3_buf/I
    BUFGCTRL_X0Y2        BUFG (Prop_bufg_I_O)         0.091     8.425 r  cnn_accelerator_system_i/clk_wiz_0/inst/clkout3_buf/O
                         net (fo=37889, routed)       1.502     9.928    cnn_accelerator_system_i/cnn_accelerator_wino_0/inst/conv2/u_ot/clk
    SLICE_X67Y66         FDRE                                         r  cnn_accelerator_system_i/cnn_accelerator_wino_0/inst/conv2/u_ot/yre_reg[3][0][8]/C
                         clock pessimism              0.259    10.187    
                         clock uncertainty           -0.067    10.120    
    SLICE_X67Y66         FDRE (Setup_fdre_C_D)       -0.232     9.888    cnn_accelerator_system_i/cnn_accelerator_wino_0/inst/conv2/u_ot/yre_reg[3][0][8]
  -------------------------------------------------------------------
                         required time                          9.888    
                         arrival time                         -11.401    
  -------------------------------------------------------------------
                         slack                                 -1.513    

Slack (VIOLATED) :        -1.510ns  (required time - arrival time)
  Source:                 cnn_accelerator_system_i/cnn_accelerator_wino_0/inst/conv2/m_im_flat_reg[526]/C
                            (rising edge-triggered cell FDRE clocked by clk_out3_cnn_accelerator_system_clk_wiz_0_0  {rise@0.000ns fall@2.500ns period=5.000ns})
  Destination:            cnn_accelerator_system_i/cnn_accelerator_wino_0/inst/conv2/u_ot/yim_reg[0][3][27]/D
                            (rising edge-triggered cell FDRE clocked by clk_out3_cnn_accelerator_system_clk_wiz_0_0  {rise@0.000ns fall@2.500ns period=5.000ns})
  Path Group:             clk_out3_cnn_accelerator_system_clk_wiz_0_0
  Path Type:              Setup (Max at Slow Process Corner)
  Requirement:            5.000ns  (clk_out3_cnn_accelerator_system_clk_wiz_0_0 rise@5.000ns - clk_out3_cnn_accelerator_system_clk_wiz_0_0 rise@0.000ns)
  Data Path Delay:        6.396ns  (logic 3.067ns (47.955%)  route 3.329ns (52.045%))
  Logic Levels:           12  (CARRY4=8 LUT3=2 LUT4=2)
  Clock Path Skew:        -0.110ns (DCD - SCD + CPR)
    Destination Clock Delay (DCD):    4.926ns = ( 9.926 - 5.000 ) 
    Source Clock Delay      (SCD):    5.223ns
    Clock Pessimism Removal (CPR):    0.187ns
  Clock Uncertainty:      0.067ns  ((TSJ^2 + DJ^2)^1/2) / 2 + PE
    Total System Jitter     (TSJ):    0.071ns
    Discrete Jitter          (DJ):    0.113ns
    Phase Error              (PE):    0.000ns

    Location             Delay type                Incr(ns)  Path(ns)    Netlist Resource(s)
  -------------------------------------------------------------------    -------------------
                         (clock clk_out3_cnn_accelerator_system_clk_wiz_0_0 rise edge)
                                                      0.000     0.000 r  
    E3                                                0.000     0.000 r  CLK100MHZ (IN)
                         net (fo=0)                   0.000     0.000    CLK100MHZ
    E3                                                                r  CLK100MHZ_IBUF_inst/I
    E3                   IBUF (Prop_ibuf_I_O)         1.482     1.482 r  CLK100MHZ_IBUF_inst/O
                         net (fo=1, routed)           2.025     3.506    cnn_accelerator_system_i/util_ds_buf_0/U0/BUFG_I[0]
    BUFGCTRL_X0Y16                                                    r  cnn_accelerator_system_i/util_ds_buf_0/U0/USE_BUFG.GEN_BUFG[0].BUFG_U/I
    BUFGCTRL_X0Y16       BUFG (Prop_bufg_I_O)         0.096     3.602 r  cnn_accelerator_system_i/util_ds_buf_0/U0/USE_BUFG.GEN_BUFG[0].BUFG_U/O
                         net (fo=2, routed)           1.809     5.412    cnn_accelerator_system_i/clk_wiz_0/inst/clk_in1
    MMCME2_ADV_X0Y0                                                   r  cnn_accelerator_system_i/clk_wiz_0/inst/mmcm_adv_inst/CLKIN1
    MMCME2_ADV_X0Y0      MMCME2_ADV (Prop_mmcme2_adv_CLKIN1_CLKOUT2)
                                                     -3.922     1.490 r  cnn_accelerator_system_i/clk_wiz_0/inst/mmcm_adv_inst/CLKOUT2
                         net (fo=1, routed)           2.018     3.508    cnn_accelerator_system_i/clk_wiz_0/inst/clk_out3_cnn_accelerator_system_clk_wiz_0_0
    BUFGCTRL_X0Y2                                                     r  cnn_accelerator_system_i/clk_wiz_0/inst/clkout3_buf/I
    BUFGCTRL_X0Y2        BUFG (Prop_bufg_I_O)         0.096     3.604 r  cnn_accelerator_system_i/clk_wiz_0/inst/clkout3_buf/O
                         net (fo=37889, routed)       1.618     5.223    cnn_accelerator_system_i/cnn_accelerator_wino_0/inst/conv2/clk
    SLICE_X52Y85         FDRE                                         r  cnn_accelerator_system_i/cnn_accelerator_wino_0/inst/conv2/m_im_flat_reg[526]/C
  -------------------------------------------------------------------    -------------------
    SLICE_X52Y85         FDRE (Prop_fdre_C_Q)         0.456     5.679 r  cnn_accelerator_system_i/cnn_accelerator_wino_0/inst/conv2/m_im_flat_reg[526]/Q
                         net (fo=13, routed)          1.070     6.749    cnn_accelerator_system_i/cnn_accelerator_wino_0/inst/conv2/u_ot/yim_reg[3][4][27]_i_2_0[226]
    SLICE_X49Y74                                                      r  cnn_accelerator_system_i/cnn_accelerator_wino_0/inst/conv2/u_ot/yim[0][3][7]_i_12/I0
    SLICE_X49Y74         LUT3 (Prop_lut3_I0_O)        0.124     6.873 r  cnn_accelerator_system_i/cnn_accelerator_wino_0/inst/conv2/u_ot/yim[0][3][7]_i_12/O
                         net (fo=2, routed)           0.866     7.739    cnn_accelerator_system_i/cnn_accelerator_wino_0/inst/conv2/u_ot/yim[0][3][7]_i_12_n_0
    SLICE_X48Y75                                                      r  cnn_accelerator_system_i/cnn_accelerator_wino_0/inst/conv2/u_ot/yim[0][3][7]_i_15/I3
    SLICE_X48Y75         LUT4 (Prop_lut4_I3_O)        0.124     7.863 r  cnn_accelerator_system_i/cnn_accelerator_wino_0/inst/conv2/u_ot/yim[0][3][7]_i_15/O
                         net (fo=1, routed)           0.000     7.863    cnn_accelerator_system_i/cnn_accelerator_wino_0/inst/conv2/u_ot/yim[0][3][7]_i_15_n_0
    SLICE_X48Y75                                                      r  cnn_accelerator_system_i/cnn_accelerator_wino_0/inst/conv2/u_ot/yim_reg[0][3][7]_i_10/S[2]
    SLICE_X48Y75         CARRY4 (Prop_carry4_S[2]_CO[3])
                                                      0.398     8.261 r  cnn_accelerator_system_i/cnn_accelerator_wino_0/inst/conv2/u_ot/yim_reg[0][3][7]_i_10/CO[3]
                         net (fo=1, routed)           0.000     8.261    cnn_accelerator_system_i/cnn_accelerator_wino_0/inst/conv2/u_ot/yim_reg[0][3][7]_i_10_n_0
    SLICE_X48Y76                                                      r  cnn_accelerator_system_i/cnn_accelerator_wino_0/inst/conv2/u_ot/yim_reg[0][3][11]_i_10/CI
    SLICE_X48Y76         CARRY4 (Prop_carry4_CI_O[0])
                                                      0.223     8.484 r  cnn_accelerator_system_i/cnn_accelerator_wino_0/inst/conv2/u_ot/yim_reg[0][3][11]_i_10/O[0]
                         net (fo=2, routed)           0.598     9.082    cnn_accelerator_system_i/cnn_accelerator_wino_0/inst/conv2/u_ot/yim_reg[0][3][11]_i_10_n_7
    SLICE_X47Y73                                                      r  cnn_accelerator_system_i/cnn_accelerator_wino_0/inst/conv2/u_ot/yim[0][3][7]_i_4/I0
    SLICE_X47Y73         LUT3 (Prop_lut3_I0_O)        0.299     9.381 r  cnn_accelerator_system_i/cnn_accelerator_wino_0/inst/conv2/u_ot/yim[0][3][7]_i_4/O
                         net (fo=2, routed)           0.794    10.175    cnn_accelerator_system_i/cnn_accelerator_wino_0/inst/conv2/u_ot/yim[0][3][7]_i_4_n_0
    SLICE_X47Y76                                                      r  cnn_accelerator_system_i/cnn_accelerator_wino_0/inst/conv2/u_ot/yim[0][3][7]_i_8/I3
    SLICE_X47Y76         LUT4 (Prop_lut4_I3_O)        0.124    10.299 r  cnn_accelerator_system_i/cnn_accelerator_wino_0/inst/conv2/u_ot/yim[0][3][7]_i_8/O
                         net (fo=1, routed)           0.000    10.299    cnn_accelerator_system_i/cnn_accelerator_wino_0/inst/conv2/u_ot/yim[0][3][7]_i_8_n_0
    SLICE_X47Y76                                                      r  cnn_accelerator_system_i/cnn_accelerator_wino_0/inst/conv2/u_ot/yim_reg[0][3][7]_i_1/S[1]
    SLICE_X47Y76         CARRY4 (Prop_carry4_S[1]_CO[3])
                                                      0.550    10.849 r  cnn_accelerator_system_i/cnn_accelerator_wino_0/inst/conv2/u_ot/yim_reg[0][3][7]_i_1/CO[3]
                         net (fo=1, routed)           0.000    10.849    cnn_accelerator_system_i/cnn_accelerator_wino_0/inst/conv2/u_ot/yim_reg[0][3][7]_i_1_n_0
    SLICE_X47Y77                                                      r  cnn_accelerator_system_i/cnn_accelerator_wino_0/inst/conv2/u_ot/yim_reg[0][3][11]_i_1/CI
    SLICE_X47Y77         CARRY4 (Prop_carry4_CI_CO[3])
                                                      0.114    10.963 r  cnn_accelerator_system_i/cnn_accelerator_wino_0/inst/conv2/u_ot/yim_reg[0][3][11]_i_1/CO[3]
                         net (fo=1, routed)           0.000    10.963    cnn_accelerator_system_i/cnn_accelerator_wino_0/inst/conv2/u_ot/yim_reg[0][3][11]_i_1_n_0
    SLICE_X47Y78                                                      r  cnn_accelerator_system_i/cnn_accelerator_wino_0/inst/conv2/u_ot/yim_reg[0][3][15]_i_1/CI
    SLICE_X47Y78         CARRY4 (Prop_carry4_CI_CO[3])
                                                      0.114    11.077 r  cnn_accelerator_system_i/cnn_accelerator_wino_0/inst/conv2/u_ot/yim_reg[0][3][15]_i_1/CO[3]
                         net (fo=1, routed)           0.000    11.077    cnn_accelerator_system_i/cnn_accelerator_wino_0/inst/conv2/u_ot/yim_reg[0][3][15]_i_1_n_0
    SLICE_X47Y79                                                      r  cnn_accelerator_system_i/cnn_accelerator_wino_0/inst/conv2/u_ot/yim_reg[0][3][19]_i_1/CI
    SLICE_X47Y79         CARRY4 (Prop_carry4_CI_CO[3])
                                                      0.114    11.191 r  cnn_accelerator_system_i/cnn_accelerator_wino_0/inst/conv2/u_ot/yim_reg[0][3][19]_i_1/CO[3]
                         net (fo=1, routed)           0.000    11.191    cnn_accelerator_system_i/cnn_accelerator_wino_0/inst/conv2/u_ot/yim_reg[0][3][19]_i_1_n_0
    SLICE_X47Y80                                                      r  cnn_accelerator_system_i/cnn_accelerator_wino_0/inst/conv2/u_ot/yim_reg[0][3][23]_i_1/CI
    SLICE_X47Y80         CARRY4 (Prop_carry4_CI_CO[3])
                                                      0.114    11.305 r  cnn_accelerator_system_i/cnn_accelerator_wino_0/inst/conv2/u_ot/yim_reg[0][3][23]_i_1/CO[3]
                         net (fo=1, routed)           0.000    11.305    cnn_accelerator_system_i/cnn_accelerator_wino_0/inst/conv2/u_ot/yim_reg[0][3][23]_i_1_n_0
    SLICE_X47Y81                                                      r  cnn_accelerator_system_i/cnn_accelerator_wino_0/inst/conv2/u_ot/yim_reg[0][3][27]_i_1/CI
    SLICE_X47Y81         CARRY4 (Prop_carry4_CI_O[3])
                                                      0.313    11.618 r  cnn_accelerator_system_i/cnn_accelerator_wino_0/inst/conv2/u_ot/yim_reg[0][3][27]_i_1/O[3]
                         net (fo=1, routed)           0.000    11.618    cnn_accelerator_system_i/cnn_accelerator_wino_0/inst/conv2/u_ot/yim_c[0][3]_1085[27]
    SLICE_X47Y81         FDRE                                         r  cnn_accelerator_system_i/cnn_accelerator_wino_0/inst/conv2/u_ot/yim_reg[0][3][27]/D
  -------------------------------------------------------------------    -------------------

                         (clock clk_out3_cnn_accelerator_system_clk_wiz_0_0 rise edge)
                                                      5.000     5.000 r  
    E3                                                0.000     5.000 r  CLK100MHZ (IN)
                         net (fo=0)                   0.000     5.000    CLK100MHZ
    E3                                                                r  CLK100MHZ_IBUF_inst/I
    E3                   IBUF (Prop_ibuf_I_O)         1.411     6.411 r  CLK100MHZ_IBUF_inst/O
                         net (fo=1, routed)           1.920     8.331    cnn_accelerator_system_i/util_ds_buf_0/U0/BUFG_I[0]
    BUFGCTRL_X0Y16                                                    r  cnn_accelerator_system_i/util_ds_buf_0/U0/USE_BUFG.GEN_BUFG[0].BUFG_U/I
    BUFGCTRL_X0Y16       BUFG (Prop_bufg_I_O)         0.091     8.422 r  cnn_accelerator_system_i/util_ds_buf_0/U0/USE_BUFG.GEN_BUFG[0].BUFG_U/O
                         net (fo=2, routed)           1.683    10.105    cnn_accelerator_system_i/clk_wiz_0/inst/clk_in1
    MMCME2_ADV_X0Y0                                                   r  cnn_accelerator_system_i/clk_wiz_0/inst/mmcm_adv_inst/CLKIN1
    MMCME2_ADV_X0Y0      MMCME2_ADV (Prop_mmcme2_adv_CLKIN1_CLKOUT2)
                                                     -3.694     6.411 r  cnn_accelerator_system_i/clk_wiz_0/inst/mmcm_adv_inst/CLKOUT2
                         net (fo=1, routed)           1.923     8.334    cnn_accelerator_system_i/clk_wiz_0/inst/clk_out3_cnn_accelerator_system_clk_wiz_0_0
    BUFGCTRL_X0Y2                                                     r  cnn_accelerator_system_i/clk_wiz_0/inst/clkout3_buf/I
    BUFGCTRL_X0Y2        BUFG (Prop_bufg_I_O)         0.091     8.425 r  cnn_accelerator_system_i/clk_wiz_0/inst/clkout3_buf/O
                         net (fo=37889, routed)       1.500     9.926    cnn_accelerator_system_i/cnn_accelerator_wino_0/inst/conv2/u_ot/clk
    SLICE_X47Y81         FDRE                                         r  cnn_accelerator_system_i/cnn_accelerator_wino_0/inst/conv2/u_ot/yim_reg[0][3][27]/C
                         clock pessimism              0.187    10.113    
                         clock uncertainty           -0.067    10.046    
    SLICE_X47Y81         FDRE (Setup_fdre_C_D)        0.062    10.108    cnn_accelerator_system_i/cnn_accelerator_wino_0/inst/conv2/u_ot/yim_reg[0][3][27]
  -------------------------------------------------------------------
                         required time                         10.108    
                         arrival time                         -11.618    
  -------------------------------------------------------------------
                         slack                                 -1.510    




