Copyright 1986-2022 Xilinx, Inc. All Rights Reserved. Copyright 2022-2024 Advanced Micro Devices, Inc. All Rights Reserved.
--------------------------------------------------------------------------------------------------------------------------------------------------------------
| Tool Version : Vivado v.2024.1 (win64) Build 5076996 Wed May 22 18:37:14 MDT 2024
| Date         : Tue Jun 16 22:54:34 2026
| Host         : DOHYUNKIM266E running 64-bit major release  (build 9200)
| Command      : report_timing -setup -slack_lesser_than 0 -max_paths 50 -nworst 1 -unique_pins -input_pins -nets -file C:/Users/gimdohyeon/wino_paths146.rpt
| Design       : cnn_accelerator_system_wrapper
| Device       : 7a100t-csg324
| Speed File   : -1  PRODUCTION 1.23 2018-06-13
| Design State : Routed
--------------------------------------------------------------------------------------------------------------------------------------------------------------

Timing Report

Slack (VIOLATED) :        -0.342ns  (required time - arrival time)
  Source:                 cnn_accelerator_system_i/cnn_accelerator_wino_0/inst/conv2/tile6_q_reg[956]/C
                            (rising edge-triggered cell FDRE clocked by clk_out3_cnn_accelerator_system_clk_wiz_0_0  {rise@0.000ns fall@2.500ns period=5.000ns})
  Destination:            cnn_accelerator_system_i/cnn_accelerator_wino_0/inst/conv2/gic[3].u_it/tre_reg[2][2][10]/D
                            (rising edge-triggered cell FDRE clocked by clk_out3_cnn_accelerator_system_clk_wiz_0_0  {rise@0.000ns fall@2.500ns period=5.000ns})
  Path Group:             clk_out3_cnn_accelerator_system_clk_wiz_0_0
  Path Type:              Setup (Max at Slow Process Corner)
  Requirement:            5.000ns  (clk_out3_cnn_accelerator_system_clk_wiz_0_0 rise@5.000ns - clk_out3_cnn_accelerator_system_clk_wiz_0_0 rise@0.000ns)
  Data Path Delay:        5.224ns  (logic 1.731ns (33.136%)  route 3.493ns (66.864%))
  Logic Levels:           5  (CARRY4=2 LUT3=2 LUT5=1)
  Clock Path Skew:        -0.113ns (DCD - SCD + CPR)
    Destination Clock Delay (DCD):    4.912ns = ( 9.912 - 5.000 ) 
    Source Clock Delay      (SCD):    5.211ns
    Clock Pessimism Removal (CPR):    0.186ns
  Clock Uncertainty:      0.067ns  ((TSJ^2 + DJ^2)^1/2) / 2 + PE
    Total System Jitter     (TSJ):    0.071ns
    Discrete Jitter          (DJ):    0.113ns
    Phase Error              (PE):    0.000ns

    Location             Delay type                Incr(ns)  Path(ns)    Netlist Resource(s)
  -------------------------------------------------------------------    -------------------
                         (clock clk_out3_cnn_accelerator_system_clk_wiz_0_0 rise edge)
                                                      0.000     0.000 r  
    E3                                                0.000     0.000 r  CLK100MHZ (IN)
                         net (fo=0)                   0.000     0.000    CLK100MHZ
    E3                                                                r  CLK100MHZ_IBUF_inst/I
    E3                   IBUF (Prop_ibuf_I_O)         1.482     1.482 r  CLK100MHZ_IBUF_inst/O
                         net (fo=1, routed)           2.025     3.506    cnn_accelerator_system_i/util_ds_buf_0/U0/BUFG_I[0]
    BUFGCTRL_X0Y16                                                    r  cnn_accelerator_system_i/util_ds_buf_0/U0/USE_BUFG.GEN_BUFG[0].BUFG_U/I
    BUFGCTRL_X0Y16       BUFG (Prop_bufg_I_O)         0.096     3.602 r  cnn_accelerator_system_i/util_ds_buf_0/U0/USE_BUFG.GEN_BUFG[0].BUFG_U/O
                         net (fo=2, routed)           1.809     5.412    cnn_accelerator_system_i/clk_wiz_0/inst/clk_in1
    MMCME2_ADV_X0Y0                                                   r  cnn_accelerator_system_i/clk_wiz_0/inst/mmcm_adv_inst/CLKIN1
    MMCME2_ADV_X0Y0      MMCME2_ADV (Prop_mmcme2_adv_CLKIN1_CLKOUT2)
                                                     -3.922     1.490 r  cnn_accelerator_system_i/clk_wiz_0/inst/mmcm_adv_inst/CLKOUT2
                         net (fo=1, routed)           2.018     3.508    cnn_accelerator_system_i/clk_wiz_0/inst/clk_out3_cnn_accelerator_system_clk_wiz_0_0
    BUFGCTRL_X0Y2                                                     r  cnn_accelerator_system_i/clk_wiz_0/inst/clkout3_buf/I
    BUFGCTRL_X0Y2        BUFG (Prop_bufg_I_O)         0.096     3.604 r  cnn_accelerator_system_i/clk_wiz_0/inst/clkout3_buf/O
                         net (fo=54397, routed)       1.607     5.211    cnn_accelerator_system_i/cnn_accelerator_wino_0/inst/conv2/clk
    SLICE_X56Y114        FDRE                                         r  cnn_accelerator_system_i/cnn_accelerator_wino_0/inst/conv2/tile6_q_reg[956]/C
  -------------------------------------------------------------------    -------------------
    SLICE_X56Y114        FDRE (Prop_fdre_C_Q)         0.518     5.729 r  cnn_accelerator_system_i/cnn_accelerator_wino_0/inst/conv2/tile6_q_reg[956]/Q
                         net (fo=1, routed)           1.145     6.875    cnn_accelerator_system_i/cnn_accelerator_wino_0/inst/conv2/gic[3].u_it/Q[236]
    SLICE_X47Y120                                                     r  cnn_accelerator_system_i/cnn_accelerator_wino_0/inst/conv2/gic[3].u_it/i___23_i_3__2/I0
    SLICE_X47Y120        LUT3 (Prop_lut3_I0_O)        0.124     6.999 r  cnn_accelerator_system_i/cnn_accelerator_wino_0/inst/conv2/gic[3].u_it/i___23_i_3__2/O
                         net (fo=6, routed)           0.737     7.736    cnn_accelerator_system_i/cnn_accelerator_wino_0/inst/conv2/gic[3].u_it/gic[3].d_flat_ic[116]
    SLICE_X49Y122                                                     r  cnn_accelerator_system_i/cnn_accelerator_wino_0/inst/conv2/gic[3].u_it/i___23/I2
    SLICE_X49Y122        LUT3 (Prop_lut3_I2_O)        0.124     7.860 r  cnn_accelerator_system_i/cnn_accelerator_wino_0/inst/conv2/gic[3].u_it/i___23/O
                         net (fo=4, routed)           0.792     8.652    cnn_accelerator_system_i/cnn_accelerator_wino_0/inst/conv2/gic[3].u_it/i___23_n_0
    SLICE_X44Y124                                                     r  cnn_accelerator_system_i/cnn_accelerator_wino_0/inst/conv2/gic[3].u_it/tre[2][2][7]_i_4__2/I3
    SLICE_X44Y124        LUT5 (Prop_lut5_I3_O)        0.124     8.776 r  cnn_accelerator_system_i/cnn_accelerator_wino_0/inst/conv2/gic[3].u_it/tre[2][2][7]_i_4__2/O
                         net (fo=2, routed)           0.819     9.594    cnn_accelerator_system_i/cnn_accelerator_wino_0/inst/conv2/gic[3].u_it/tre[2][2][7]_i_4__2_n_0
    SLICE_X51Y119                                                     r  cnn_accelerator_system_i/cnn_accelerator_wino_0/inst/conv2/gic[3].u_it/tre_reg[2][2][7]_i_1__2/DI[1]
    SLICE_X51Y119        CARRY4 (Prop_carry4_DI[1]_CO[3])
                                                      0.507    10.101 r  cnn_accelerator_system_i/cnn_accelerator_wino_0/inst/conv2/gic[3].u_it/tre_reg[2][2][7]_i_1__2/CO[3]
                         net (fo=1, routed)           0.000    10.101    cnn_accelerator_system_i/cnn_accelerator_wino_0/inst/conv2/gic[3].u_it/tre_reg[2][2][7]_i_1__2_n_0
    SLICE_X51Y120                                                     r  cnn_accelerator_system_i/cnn_accelerator_wino_0/inst/conv2/gic[3].u_it/tre_reg[2][2][10]_i_1__2/CI
    SLICE_X51Y120        CARRY4 (Prop_carry4_CI_O[1])
                                                      0.334    10.435 r  cnn_accelerator_system_i/cnn_accelerator_wino_0/inst/conv2/gic[3].u_it/tre_reg[2][2][10]_i_1__2/O[1]
                         net (fo=1, routed)           0.000    10.435    cnn_accelerator_system_i/cnn_accelerator_wino_0/inst/conv2/gic[3].u_it/tre_c[2][2]_495[10]
    SLICE_X51Y120        FDRE                                         r  cnn_accelerator_system_i/cnn_accelerator_wino_0/inst/conv2/gic[3].u_it/tre_reg[2][2][10]/D
  -------------------------------------------------------------------    -------------------

                         (clock clk_out3_cnn_accelerator_system_clk_wiz_0_0 rise edge)
                                                      5.000     5.000 r  
    E3                                                0.000     5.000 r  CLK100MHZ (IN)
                         net (fo=0)                   0.000     5.000    CLK100MHZ
    E3                                                                r  CLK100MHZ_IBUF_inst/I
    E3                   IBUF (Prop_ibuf_I_O)         1.411     6.411 r  CLK100MHZ_IBUF_inst/O
                         net (fo=1, routed)           1.920     8.331    cnn_accelerator_system_i/util_ds_buf_0/U0/BUFG_I[0]
    BUFGCTRL_X0Y16                                                    r  cnn_accelerator_system_i/util_ds_buf_0/U0/USE_BUFG.GEN_BUFG[0].BUFG_U/I
    BUFGCTRL_X0Y16       BUFG (Prop_bufg_I_O)         0.091     8.422 r  cnn_accelerator_system_i/util_ds_buf_0/U0/USE_BUFG.GEN_BUFG[0].BUFG_U/O
                         net (fo=2, routed)           1.683    10.105    cnn_accelerator_system_i/clk_wiz_0/inst/clk_in1
    MMCME2_ADV_X0Y0                                                   r  cnn_accelerator_system_i/clk_wiz_0/inst/mmcm_adv_inst/CLKIN1
    MMCME2_ADV_X0Y0      MMCME2_ADV (Prop_mmcme2_adv_CLKIN1_CLKOUT2)
                                                     -3.694     6.411 r  cnn_accelerator_system_i/clk_wiz_0/inst/mmcm_adv_inst/CLKOUT2
                         net (fo=1, routed)           1.923     8.334    cnn_accelerator_system_i/clk_wiz_0/inst/clk_out3_cnn_accelerator_system_clk_wiz_0_0
    BUFGCTRL_X0Y2                                                     r  cnn_accelerator_system_i/clk_wiz_0/inst/clkout3_buf/I
    BUFGCTRL_X0Y2        BUFG (Prop_bufg_I_O)         0.091     8.425 r  cnn_accelerator_system_i/clk_wiz_0/inst/clkout3_buf/O
                         net (fo=54397, routed)       1.487     9.912    cnn_accelerator_system_i/cnn_accelerator_wino_0/inst/conv2/gic[3].u_it/clk
    SLICE_X51Y120        FDRE                                         r  cnn_accelerator_system_i/cnn_accelerator_wino_0/inst/conv2/gic[3].u_it/tre_reg[2][2][10]/C
                         clock pessimism              0.186    10.098    
                         clock uncertainty           -0.067    10.031    
    SLICE_X51Y120        FDRE (Setup_fdre_C_D)        0.062    10.093    cnn_accelerator_system_i/cnn_accelerator_wino_0/inst/conv2/gic[3].u_it/tre_reg[2][2][10]
  -------------------------------------------------------------------
                         required time                         10.093    
                         arrival time                         -10.435    
  -------------------------------------------------------------------
                         slack                                 -0.342    

Slack (VIOLATED) :        -0.305ns  (required time - arrival time)
  Source:                 cnn_accelerator_system_i/cnn_accelerator_wino_0/inst/conv2/grp_q_reg_rep__94/C
                            (rising edge-triggered cell FDRE clocked by clk_out3_cnn_accelerator_system_clk_wiz_0_0  {rise@0.000ns fall@2.500ns period=5.000ns})
  Destination:            cnn_accelerator_system_i/cnn_accelerator_wino_0/inst/conv2/gic[0].u_it/tre_reg[2][5][10]/D
                            (rising edge-triggered cell FDRE clocked by clk_out3_cnn_accelerator_system_clk_wiz_0_0  {rise@0.000ns fall@2.500ns period=5.000ns})
  Path Group:             clk_out3_cnn_accelerator_system_clk_wiz_0_0
  Path Type:              Setup (Max at Slow Process Corner)
  Requirement:            5.000ns  (clk_out3_cnn_accelerator_system_clk_wiz_0_0 rise@5.000ns - clk_out3_cnn_accelerator_system_clk_wiz_0_0 rise@0.000ns)
  Data Path Delay:        5.235ns  (logic 1.926ns (36.794%)  route 3.309ns (63.206%))
  Logic Levels:           5  (CARRY4=3 LUT3=2)
  Clock Path Skew:        -0.113ns (DCD - SCD + CPR)
    Destination Clock Delay (DCD):    5.017ns = ( 10.017 - 5.000 ) 
    Source Clock Delay      (SCD):    5.308ns
    Clock Pessimism Removal (CPR):    0.179ns
  Clock Uncertainty:      0.067ns  ((TSJ^2 + DJ^2)^1/2) / 2 + PE
    Total System Jitter     (TSJ):    0.071ns
    Discrete Jitter          (DJ):    0.113ns
    Phase Error              (PE):    0.000ns

    Location             Delay type                Incr(ns)  Path(ns)    Netlist Resource(s)
  -------------------------------------------------------------------    -------------------
                         (clock clk_out3_cnn_accelerator_system_clk_wiz_0_0 rise edge)
                                                      0.000     0.000 r  
    E3                                                0.000     0.000 r  CLK100MHZ (IN)
                         net (fo=0)                   0.000     0.000    CLK100MHZ
    E3                                                                r  CLK100MHZ_IBUF_inst/I
    E3                   IBUF (Prop_ibuf_I_O)         1.482     1.482 r  CLK100MHZ_IBUF_inst/O
                         net (fo=1, routed)           2.025     3.506    cnn_accelerator_system_i/util_ds_buf_0/U0/BUFG_I[0]
    BUFGCTRL_X0Y16                                                    r  cnn_accelerator_system_i/util_ds_buf_0/U0/USE_BUFG.GEN_BUFG[0].BUFG_U/I
    BUFGCTRL_X0Y16       BUFG (Prop_bufg_I_O)         0.096     3.602 r  cnn_accelerator_system_i/util_ds_buf_0/U0/USE_BUFG.GEN_BUFG[0].BUFG_U/O
                         net (fo=2, routed)           1.809     5.412    cnn_accelerator_system_i/clk_wiz_0/inst/clk_in1
    MMCME2_ADV_X0Y0                                                   r  cnn_accelerator_system_i/clk_wiz_0/inst/mmcm_adv_inst/CLKIN1
    MMCME2_ADV_X0Y0      MMCME2_ADV (Prop_mmcme2_adv_CLKIN1_CLKOUT2)
                                                     -3.922     1.490 r  cnn_accelerator_system_i/clk_wiz_0/inst/mmcm_adv_inst/CLKOUT2
                         net (fo=1, routed)           2.018     3.508    cnn_accelerator_system_i/clk_wiz_0/inst/clk_out3_cnn_accelerator_system_clk_wiz_0_0
    BUFGCTRL_X0Y2                                                     r  cnn_accelerator_system_i/clk_wiz_0/inst/clkout3_buf/I
    BUFGCTRL_X0Y2        BUFG (Prop_bufg_I_O)         0.096     3.604 r  cnn_accelerator_system_i/clk_wiz_0/inst/clkout3_buf/O
                         net (fo=54397, routed)       1.704     5.308    cnn_accelerator_system_i/cnn_accelerator_wino_0/inst/conv2/clk
    SLICE_X75Y100        FDRE                                         r  cnn_accelerator_system_i/cnn_accelerator_wino_0/inst/conv2/grp_q_reg_rep__94/C
  -------------------------------------------------------------------    -------------------
    SLICE_X75Y100        FDRE (Prop_fdre_C_Q)         0.456     5.764 r  cnn_accelerator_system_i/cnn_accelerator_wino_0/inst/conv2/grp_q_reg_rep__94/Q
                         net (fo=8, routed)           1.647     7.411    cnn_accelerator_system_i/cnn_accelerator_wino_0/inst/conv2/gic[0].u_it/i___199_1
    SLICE_X72Y79                                                      r  cnn_accelerator_system_i/cnn_accelerator_wino_0/inst/conv2/gic[0].u_it/i___199_i_2/I1
    SLICE_X72Y79         LUT3 (Prop_lut3_I1_O)        0.153     7.564 r  cnn_accelerator_system_i/cnn_accelerator_wino_0/inst/conv2/gic[0].u_it/i___199_i_2/O
                         net (fo=9, routed)           0.832     8.396    cnn_accelerator_system_i/cnn_accelerator_wino_0/inst/conv2/gic[0].u_it/gic[0].d_flat_ic[232]
    SLICE_X77Y79                                                      r  cnn_accelerator_system_i/cnn_accelerator_wino_0/inst/conv2/gic[0].u_it/tre[2][5][3]_i_5/I0
    SLICE_X77Y79         LUT3 (Prop_lut3_I0_O)        0.327     8.723 r  cnn_accelerator_system_i/cnn_accelerator_wino_0/inst/conv2/gic[0].u_it/tre[2][5][3]_i_5/O
                         net (fo=1, routed)           0.830     9.553    cnn_accelerator_system_i/cnn_accelerator_wino_0/inst/conv2/gic[0].u_it/tre[2][5][3]_i_5_n_0
    SLICE_X74Y86                                                      r  cnn_accelerator_system_i/cnn_accelerator_wino_0/inst/conv2/gic[0].u_it/tre_reg[2][5][3]_i_1/DI[0]
    SLICE_X74Y86         CARRY4 (Prop_carry4_DI[0]_CO[3])
                                                      0.550    10.103 r  cnn_accelerator_system_i/cnn_accelerator_wino_0/inst/conv2/gic[0].u_it/tre_reg[2][5][3]_i_1/CO[3]
                         net (fo=1, routed)           0.000    10.103    cnn_accelerator_system_i/cnn_accelerator_wino_0/inst/conv2/gic[0].u_it/tre_reg[2][5][3]_i_1_n_0
    SLICE_X74Y87                                                      r  cnn_accelerator_system_i/cnn_accelerator_wino_0/inst/conv2/gic[0].u_it/tre_reg[2][5][7]_i_1/CI
    SLICE_X74Y87         CARRY4 (Prop_carry4_CI_CO[3])
                                                      0.117    10.220 r  cnn_accelerator_system_i/cnn_accelerator_wino_0/inst/conv2/gic[0].u_it/tre_reg[2][5][7]_i_1/CO[3]
                         net (fo=1, routed)           0.000    10.220    cnn_accelerator_system_i/cnn_accelerator_wino_0/inst/conv2/gic[0].u_it/tre_reg[2][5][7]_i_1_n_0
    SLICE_X74Y88                                                      r  cnn_accelerator_system_i/cnn_accelerator_wino_0/inst/conv2/gic[0].u_it/tre_reg[2][5][10]_i_1/CI
    SLICE_X74Y88         CARRY4 (Prop_carry4_CI_O[1])
                                                      0.323    10.543 r  cnn_accelerator_system_i/cnn_accelerator_wino_0/inst/conv2/gic[0].u_it/tre_reg[2][5][10]_i_1/O[1]
                         net (fo=1, routed)           0.000    10.543    cnn_accelerator_system_i/cnn_accelerator_wino_0/inst/conv2/gic[0].u_it/tre_c[2][5]_300[10]
    SLICE_X74Y88         FDRE                                         r  cnn_accelerator_system_i/cnn_accelerator_wino_0/inst/conv2/gic[0].u_it/tre_reg[2][5][10]/D
  -------------------------------------------------------------------    -------------------

                         (clock clk_out3_cnn_accelerator_system_clk_wiz_0_0 rise edge)
                                                      5.000     5.000 r  
    E3                                                0.000     5.000 r  CLK100MHZ (IN)
                         net (fo=0)                   0.000     5.000    CLK100MHZ
    E3                                                                r  CLK100MHZ_IBUF_inst/I
    E3                   IBUF (Prop_ibuf_I_O)         1.411     6.411 r  CLK100MHZ_IBUF_inst/O
                         net (fo=1, routed)           1.920     8.331    cnn_accelerator_system_i/util_ds_buf_0/U0/BUFG_I[0]
    BUFGCTRL_X0Y16                                                    r  cnn_accelerator_system_i/util_ds_buf_0/U0/USE_BUFG.GEN_BUFG[0].BUFG_U/I
    BUFGCTRL_X0Y16       BUFG (Prop_bufg_I_O)         0.091     8.422 r  cnn_accelerator_system_i/util_ds_buf_0/U0/USE_BUFG.GEN_BUFG[0].BUFG_U/O
                         net (fo=2, routed)           1.683    10.105    cnn_accelerator_system_i/clk_wiz_0/inst/clk_in1
    MMCME2_ADV_X0Y0                                                   r  cnn_accelerator_system_i/clk_wiz_0/inst/mmcm_adv_inst/CLKIN1
    MMCME2_ADV_X0Y0      MMCME2_ADV (Prop_mmcme2_adv_CLKIN1_CLKOUT2)
                                                     -3.694     6.411 r  cnn_accelerator_system_i/clk_wiz_0/inst/mmcm_adv_inst/CLKOUT2
                         net (fo=1, routed)           1.923     8.334    cnn_accelerator_system_i/clk_wiz_0/inst/clk_out3_cnn_accelerator_system_clk_wiz_0_0
    BUFGCTRL_X0Y2                                                     r  cnn_accelerator_system_i/clk_wiz_0/inst/clkout3_buf/I
    BUFGCTRL_X0Y2        BUFG (Prop_bufg_I_O)         0.091     8.425 r  cnn_accelerator_system_i/clk_wiz_0/inst/clkout3_buf/O
                         net (fo=54397, routed)       1.591    10.017    cnn_accelerator_system_i/cnn_accelerator_wino_0/inst/conv2/gic[0].u_it/clk
    SLICE_X74Y88         FDRE                                         r  cnn_accelerator_system_i/cnn_accelerator_wino_0/inst/conv2/gic[0].u_it/tre_reg[2][5][10]/C
                         clock pessimism              0.179    10.196    
                         clock uncertainty           -0.067    10.129    
    SLICE_X74Y88         FDRE (Setup_fdre_C_D)        0.109    10.238    cnn_accelerator_system_i/cnn_accelerator_wino_0/inst/conv2/gic[0].u_it/tre_reg[2][5][10]
  -------------------------------------------------------------------
                         required time                         10.238    
                         arrival time                         -10.543    
  -------------------------------------------------------------------
                         slack                                 -0.305    

Slack (VIOLATED) :        -0.302ns  (required time - arrival time)
  Source:                 cnn_accelerator_system_i/cnn_accelerator_wino_0/inst/conv2/lane[1].u_mul/wm_we_q_reg/C
                            (rising edge-triggered cell FDRE clocked by clk_out3_cnn_accelerator_system_clk_wiz_0_0  {rise@0.000ns fall@2.500ns period=5.000ns})
  Destination:            cnn_accelerator_system_i/cnn_accelerator_wino_0/inst/conv2/lane[1].u_mul/g_wpe[4].wmem_op_reg_0_31_6_11/RAMA/WE
                            (rising edge-triggered cell RAMD32 clocked by clk_out3_cnn_accelerator_system_clk_wiz_0_0  {rise@0.000ns fall@2.500ns period=5.000ns})
  Path Group:             clk_out3_cnn_accelerator_system_clk_wiz_0_0
  Path Type:              Setup (Max at Slow Process Corner)
  Requirement:            5.000ns  (clk_out3_cnn_accelerator_system_clk_wiz_0_0 rise@5.000ns - clk_out3_cnn_accelerator_system_clk_wiz_0_0 rise@0.000ns)
  Data Path Delay:        4.664ns  (logic 0.704ns (15.094%)  route 3.960ns (84.906%))
  Logic Levels:           2  (LUT4=1 LUT6=1)
  Clock Path Skew:        -0.039ns (DCD - SCD + CPR)
    Destination Clock Delay (DCD):    5.003ns = ( 10.003 - 5.000 ) 
    Source Clock Delay      (SCD):    5.220ns
    Clock Pessimism Removal (CPR):    0.179ns
  Clock Uncertainty:      0.067ns  ((TSJ^2 + DJ^2)^1/2) / 2 + PE
    Total System Jitter     (TSJ):    0.071ns
    Discrete Jitter          (DJ):    0.113ns
    Phase Error              (PE):    0.000ns

    Location             Delay type                Incr(ns)  Path(ns)    Netlist Resource(s)
  -------------------------------------------------------------------    -------------------
                         (clock clk_out3_cnn_accelerator_system_clk_wiz_0_0 rise edge)
                                                      0.000     0.000 r  
    E3                                                0.000     0.000 r  CLK100MHZ (IN)
                         net (fo=0)                   0.000     0.000    CLK100MHZ
    E3                                                                r  CLK100MHZ_IBUF_inst/I
    E3                   IBUF (Prop_ibuf_I_O)         1.482     1.482 r  CLK100MHZ_IBUF_inst/O
                         net (fo=1, routed)           2.025     3.506    cnn_accelerator_system_i/util_ds_buf_0/U0/BUFG_I[0]
    BUFGCTRL_X0Y16                                                    r  cnn_accelerator_system_i/util_ds_buf_0/U0/USE_BUFG.GEN_BUFG[0].BUFG_U/I
    BUFGCTRL_X0Y16       BUFG (Prop_bufg_I_O)         0.096     3.602 r  cnn_accelerator_system_i/util_ds_buf_0/U0/USE_BUFG.GEN_BUFG[0].BUFG_U/O
                         net (fo=2, routed)           1.809     5.412    cnn_accelerator_system_i/clk_wiz_0/inst/clk_in1
    MMCME2_ADV_X0Y0                                                   r  cnn_accelerator_system_i/clk_wiz_0/inst/mmcm_adv_inst/CLKIN1
    MMCME2_ADV_X0Y0      MMCME2_ADV (Prop_mmcme2_adv_CLKIN1_CLKOUT2)
                                                     -3.922     1.490 r  cnn_accelerator_system_i/clk_wiz_0/inst/mmcm_adv_inst/CLKOUT2
                         net (fo=1, routed)           2.018     3.508    cnn_accelerator_system_i/clk_wiz_0/inst/clk_out3_cnn_accelerator_system_clk_wiz_0_0
    BUFGCTRL_X0Y2                                                     r  cnn_accelerator_system_i/clk_wiz_0/inst/clkout3_buf/I
    BUFGCTRL_X0Y2        BUFG (Prop_bufg_I_O)         0.096     3.604 r  cnn_accelerator_system_i/clk_wiz_0/inst/clkout3_buf/O
                         net (fo=54397, routed)       1.616     5.220    cnn_accelerator_system_i/cnn_accelerator_wino_0/inst/conv2/lane[1].u_mul/clk
    SLICE_X45Y113        FDRE                                         r  cnn_accelerator_system_i/cnn_accelerator_wino_0/inst/conv2/lane[1].u_mul/wm_we_q_reg/C
  -------------------------------------------------------------------    -------------------
    SLICE_X45Y113        FDRE (Prop_fdre_C_Q)         0.456     5.676 r  cnn_accelerator_system_i/cnn_accelerator_wino_0/inst/conv2/lane[1].u_mul/wm_we_q_reg/Q
                         net (fo=1, routed)           0.633     6.309    cnn_accelerator_system_i/cnn_accelerator_wino_0/inst/conv2/lane[1].u_mul/wm_we_q
    SLICE_X43Y113                                                     r  cnn_accelerator_system_i/cnn_accelerator_wino_0/inst/conv2/lane[1].u_mul/g_wpe[0].wmem_op_reg_0_31_0_5_i_2__1/I0
    SLICE_X43Y113        LUT4 (Prop_lut4_I0_O)        0.124     6.433 r  cnn_accelerator_system_i/cnn_accelerator_wino_0/inst/conv2/lane[1].u_mul/g_wpe[0].wmem_op_reg_0_31_0_5_i_2__1/O
                         net (fo=18, routed)          1.035     7.468    cnn_accelerator_system_i/cnn_accelerator_wino_0/inst/conv2/lane[1].u_mul/g_wpe[0].wmem_op_reg_0_31_0_5_i_2__1_n_0
    SLICE_X44Y113                                                     r  cnn_accelerator_system_i/cnn_accelerator_wino_0/inst/conv2/lane[1].u_mul/g_wpe[4].wmem_op_reg_0_31_0_5_i_1__2/I1
    SLICE_X44Y113        LUT6 (Prop_lut6_I1_O)        0.124     7.592 r  cnn_accelerator_system_i/cnn_accelerator_wino_0/inst/conv2/lane[1].u_mul/g_wpe[4].wmem_op_reg_0_31_0_5_i_1__2/O
                         net (fo=16, routed)          2.292     9.884    cnn_accelerator_system_i/cnn_accelerator_wino_0/inst/conv2/lane[1].u_mul/g_wpe[4].wmem_op_reg_0_31_6_11/WE
    SLICE_X76Y74         RAMD32                                       r  cnn_accelerator_system_i/cnn_accelerator_wino_0/inst/conv2/lane[1].u_mul/g_wpe[4].wmem_op_reg_0_31_6_11/RAMA/WE
  -------------------------------------------------------------------    -------------------

                         (clock clk_out3_cnn_accelerator_system_clk_wiz_0_0 rise edge)
                                                      5.000     5.000 r  
    E3                                                0.000     5.000 r  CLK100MHZ (IN)
                         net (fo=0)                   0.000     5.000    CLK100MHZ
    E3                                                                r  CLK100MHZ_IBUF_inst/I
    E3                   IBUF (Prop_ibuf_I_O)         1.411     6.411 r  CLK100MHZ_IBUF_inst/O
                         net (fo=1, routed)           1.920     8.331    cnn_accelerator_system_i/util_ds_buf_0/U0/BUFG_I[0]
    BUFGCTRL_X0Y16                                                    r  cnn_accelerator_system_i/util_ds_buf_0/U0/USE_BUFG.GEN_BUFG[0].BUFG_U/I
    BUFGCTRL_X0Y16       BUFG (Prop_bufg_I_O)         0.091     8.422 r  cnn_accelerator_system_i/util_ds_buf_0/U0/USE_BUFG.GEN_BUFG[0].BUFG_U/O
                         net (fo=2, routed)           1.683    10.105    cnn_accelerator_system_i/clk_wiz_0/inst/clk_in1
    MMCME2_ADV_X0Y0                                                   r  cnn_accelerator_system_i/clk_wiz_0/inst/mmcm_adv_inst/CLKIN1
    MMCME2_ADV_X0Y0      MMCME2_ADV (Prop_mmcme2_adv_CLKIN1_CLKOUT2)
                                                     -3.694     6.411 r  cnn_accelerator_system_i/clk_wiz_0/inst/mmcm_adv_inst/CLKOUT2
                         net (fo=1, routed)           1.923     8.334    cnn_accelerator_system_i/clk_wiz_0/inst/clk_out3_cnn_accelerator_system_clk_wiz_0_0
    BUFGCTRL_X0Y2                                                     r  cnn_accelerator_system_i/clk_wiz_0/inst/clkout3_buf/I
    BUFGCTRL_X0Y2        BUFG (Prop_bufg_I_O)         0.091     8.425 r  cnn_accelerator_system_i/clk_wiz_0/inst/clkout3_buf/O
                         net (fo=54397, routed)       1.577    10.003    cnn_accelerator_system_i/cnn_accelerator_wino_0/inst/conv2/lane[1].u_mul/g_wpe[4].wmem_op_reg_0_31_6_11/WCLK
    SLICE_X76Y74         RAMD32                                       r  cnn_accelerator_system_i/cnn_accelerator_wino_0/inst/conv2/lane[1].u_mul/g_wpe[4].wmem_op_reg_0_31_6_11/RAMA/CLK
                         clock pessimism              0.179    10.182    
                         clock uncertainty           -0.067    10.115    
    SLICE_X76Y74         RAMD32 (Setup_ramd32_CLK_WE)
                                                     -0.533     9.582    cnn_accelerator_system_i/cnn_accelerator_wino_0/inst/conv2/lane[1].u_mul/g_wpe[4].wmem_op_reg_0_31_6_11/RAMA
  -------------------------------------------------------------------
                         required time                          9.582    
                         arrival time                          -9.884    
  -------------------------------------------------------------------
                         slack                                 -0.302    

Slack (VIOLATED) :        -0.302ns  (required time - arrival time)
  Source:                 cnn_accelerator_system_i/cnn_accelerator_wino_0/inst/conv2/lane[1].u_mul/wm_we_q_reg/C
                            (rising edge-triggered cell FDRE clocked by clk_out3_cnn_accelerator_system_clk_wiz_0_0  {rise@0.000ns fall@2.500ns period=5.000ns})
  Destination:            cnn_accelerator_system_i/cnn_accelerator_wino_0/inst/conv2/lane[1].u_mul/g_wpe[4].wmem_op_reg_0_31_6_11/RAMA_D1/WE
                            (rising edge-triggered cell RAMD32 clocked by clk_out3_cnn_accelerator_system_clk_wiz_0_0  {rise@0.000ns fall@2.500ns period=5.000ns})
  Path Group:             clk_out3_cnn_accelerator_system_clk_wiz_0_0
  Path Type:              Setup (Max at Slow Process Corner)
  Requirement:            5.000ns  (clk_out3_cnn_accelerator_system_clk_wiz_0_0 rise@5.000ns - clk_out3_cnn_accelerator_system_clk_wiz_0_0 rise@0.000ns)
  Data Path Delay:        4.664ns  (logic 0.704ns (15.094%)  route 3.960ns (84.906%))
  Logic Levels:           2  (LUT4=1 LUT6=1)
  Clock Path Skew:        -0.039ns (DCD - SCD + CPR)
    Destination Clock Delay (DCD):    5.003ns = ( 10.003 - 5.000 ) 
    Source Clock Delay      (SCD):    5.220ns
    Clock Pessimism Removal (CPR):    0.179ns
  Clock Uncertainty:      0.067ns  ((TSJ^2 + DJ^2)^1/2) / 2 + PE
    Total System Jitter     (TSJ):    0.071ns
    Discrete Jitter          (DJ):    0.113ns
    Phase Error              (PE):    0.000ns

    Location             Delay type                Incr(ns)  Path(ns)    Netlist Resource(s)
  -------------------------------------------------------------------    -------------------
                         (clock clk_out3_cnn_accelerator_system_clk_wiz_0_0 rise edge)
                                                      0.000     0.000 r  
    E3                                                0.000     0.000 r  CLK100MHZ (IN)
                         net (fo=0)                   0.000     0.000    CLK100MHZ
    E3                                                                r  CLK100MHZ_IBUF_inst/I
    E3                   IBUF (Prop_ibuf_I_O)         1.482     1.482 r  CLK100MHZ_IBUF_inst/O
                         net (fo=1, routed)           2.025     3.506    cnn_accelerator_system_i/util_ds_buf_0/U0/BUFG_I[0]
    BUFGCTRL_X0Y16                                                    r  cnn_accelerator_system_i/util_ds_buf_0/U0/USE_BUFG.GEN_BUFG[0].BUFG_U/I
    BUFGCTRL_X0Y16       BUFG (Prop_bufg_I_O)         0.096     3.602 r  cnn_accelerator_system_i/util_ds_buf_0/U0/USE_BUFG.GEN_BUFG[0].BUFG_U/O
                         net (fo=2, routed)           1.809     5.412    cnn_accelerator_system_i/clk_wiz_0/inst/clk_in1
    MMCME2_ADV_X0Y0                                                   r  cnn_accelerator_system_i/clk_wiz_0/inst/mmcm_adv_inst/CLKIN1
    MMCME2_ADV_X0Y0      MMCME2_ADV (Prop_mmcme2_adv_CLKIN1_CLKOUT2)
                                                     -3.922     1.490 r  cnn_accelerator_system_i/clk_wiz_0/inst/mmcm_adv_inst/CLKOUT2
                         net (fo=1, routed)           2.018     3.508    cnn_accelerator_system_i/clk_wiz_0/inst/clk_out3_cnn_accelerator_system_clk_wiz_0_0
    BUFGCTRL_X0Y2                                                     r  cnn_accelerator_system_i/clk_wiz_0/inst/clkout3_buf/I
    BUFGCTRL_X0Y2        BUFG (Prop_bufg_I_O)         0.096     3.604 r  cnn_accelerator_system_i/clk_wiz_0/inst/clkout3_buf/O
                         net (fo=54397, routed)       1.616     5.220    cnn_accelerator_system_i/cnn_accelerator_wino_0/inst/conv2/lane[1].u_mul/clk
    SLICE_X45Y113        FDRE                                         r  cnn_accelerator_system_i/cnn_accelerator_wino_0/inst/conv2/lane[1].u_mul/wm_we_q_reg/C
  -------------------------------------------------------------------    -------------------
    SLICE_X45Y113        FDRE (Prop_fdre_C_Q)         0.456     5.676 r  cnn_accelerator_system_i/cnn_accelerator_wino_0/inst/conv2/lane[1].u_mul/wm_we_q_reg/Q
                         net (fo=1, routed)           0.633     6.309    cnn_accelerator_system_i/cnn_accelerator_wino_0/inst/conv2/lane[1].u_mul/wm_we_q
    SLICE_X43Y113                                                     r  cnn_accelerator_system_i/cnn_accelerator_wino_0/inst/conv2/lane[1].u_mul/g_wpe[0].wmem_op_reg_0_31_0_5_i_2__1/I0
    SLICE_X43Y113        LUT4 (Prop_lut4_I0_O)        0.124     6.433 r  cnn_accelerator_system_i/cnn_accelerator_wino_0/inst/conv2/lane[1].u_mul/g_wpe[0].wmem_op_reg_0_31_0_5_i_2__1/O
                         net (fo=18, routed)          1.035     7.468    cnn_accelerator_system_i/cnn_accelerator_wino_0/inst/conv2/lane[1].u_mul/g_wpe[0].wmem_op_reg_0_31_0_5_i_2__1_n_0
    SLICE_X44Y113                                                     r  cnn_accelerator_system_i/cnn_accelerator_wino_0/inst/conv2/lane[1].u_mul/g_wpe[4].wmem_op_reg_0_31_0_5_i_1__2/I1
    SLICE_X44Y113        LUT6 (Prop_lut6_I1_O)        0.124     7.592 r  cnn_accelerator_system_i/cnn_accelerator_wino_0/inst/conv2/lane[1].u_mul/g_wpe[4].wmem_op_reg_0_31_0_5_i_1__2/O
                         net (fo=16, routed)          2.292     9.884    cnn_accelerator_system_i/cnn_accelerator_wino_0/inst/conv2/lane[1].u_mul/g_wpe[4].wmem_op_reg_0_31_6_11/WE
    SLICE_X76Y74         RAMD32                                       r  cnn_accelerator_system_i/cnn_accelerator_wino_0/inst/conv2/lane[1].u_mul/g_wpe[4].wmem_op_reg_0_31_6_11/RAMA_D1/WE
  -------------------------------------------------------------------    -------------------

                         (clock clk_out3_cnn_accelerator_system_clk_wiz_0_0 rise edge)
                                                      5.000     5.000 r  
    E3                                                0.000     5.000 r  CLK100MHZ (IN)
                         net (fo=0)                   0.000     5.000    CLK100MHZ
    E3                                                                r  CLK100MHZ_IBUF_inst/I
    E3                   IBUF (Prop_ibuf_I_O)         1.411     6.411 r  CLK100MHZ_IBUF_inst/O
                         net (fo=1, routed)           1.920     8.331    cnn_accelerator_system_i/util_ds_buf_0/U0/BUFG_I[0]
    BUFGCTRL_X0Y16                                                    r  cnn_accelerator_system_i/util_ds_buf_0/U0/USE_BUFG.GEN_BUFG[0].BUFG_U/I
    BUFGCTRL_X0Y16       BUFG (Prop_bufg_I_O)         0.091     8.422 r  cnn_accelerator_system_i/util_ds_buf_0/U0/USE_BUFG.GEN_BUFG[0].BUFG_U/O
                         net (fo=2, routed)           1.683    10.105    cnn_accelerator_system_i/clk_wiz_0/inst/clk_in1
    MMCME2_ADV_X0Y0                                                   r  cnn_accelerator_system_i/clk_wiz_0/inst/mmcm_adv_inst/CLKIN1
    MMCME2_ADV_X0Y0      MMCME2_ADV (Prop_mmcme2_adv_CLKIN1_CLKOUT2)
                                                     -3.694     6.411 r  cnn_accelerator_system_i/clk_wiz_0/inst/mmcm_adv_inst/CLKOUT2
                         net (fo=1, routed)           1.923     8.334    cnn_accelerator_system_i/clk_wiz_0/inst/clk_out3_cnn_accelerator_system_clk_wiz_0_0
    BUFGCTRL_X0Y2                                                     r  cnn_accelerator_system_i/clk_wiz_0/inst/clkout3_buf/I
    BUFGCTRL_X0Y2        BUFG (Prop_bufg_I_O)         0.091     8.425 r  cnn_accelerator_system_i/clk_wiz_0/inst/clkout3_buf/O
                         net (fo=54397, routed)       1.577    10.003    cnn_accelerator_system_i/cnn_accelerator_wino_0/inst/conv2/lane[1].u_mul/g_wpe[4].wmem_op_reg_0_31_6_11/WCLK
    SLICE_X76Y74         RAMD32                                       r  cnn_accelerator_system_i/cnn_accelerator_wino_0/inst/conv2/lane[1].u_mul/g_wpe[4].wmem_op_reg_0_31_6_11/RAMA_D1/CLK
                         clock pessimism              0.179    10.182    
                         clock uncertainty           -0.067    10.115    
    SLICE_X76Y74         RAMD32 (Setup_ramd32_CLK_WE)
                                                     -0.533     9.582    cnn_accelerator_system_i/cnn_accelerator_wino_0/inst/conv2/lane[1].u_mul/g_wpe[4].wmem_op_reg_0_31_6_11/RAMA_D1
  -------------------------------------------------------------------
                         required time                          9.582    
                         arrival time                          -9.884    
  -------------------------------------------------------------------
                         slack                                 -0.302    

Slack (VIOLATED) :        -0.302ns  (required time - arrival time)
  Source:                 cnn_accelerator_system_i/cnn_accelerator_wino_0/inst/conv2/lane[1].u_mul/wm_we_q_reg/C
                            (rising edge-triggered cell FDRE clocked by clk_out3_cnn_accelerator_system_clk_wiz_0_0  {rise@0.000ns fall@2.500ns period=5.000ns})
  Destination:            cnn_accelerator_system_i/cnn_accelerator_wino_0/inst/conv2/lane[1].u_mul/g_wpe[4].wmem_op_reg_0_31_6_11/RAMB/WE
                            (rising edge-triggered cell RAMD32 clocked by clk_out3_cnn_accelerator_system_clk_wiz_0_0  {rise@0.000ns fall@2.500ns period=5.000ns})
  Path Group:             clk_out3_cnn_accelerator_system_clk_wiz_0_0
  Path Type:              Setup (Max at Slow Process Corner)
  Requirement:            5.000ns  (clk_out3_cnn_accelerator_system_clk_wiz_0_0 rise@5.000ns - clk_out3_cnn_accelerator_system_clk_wiz_0_0 rise@0.000ns)
  Data Path Delay:        4.664ns  (logic 0.704ns (15.094%)  route 3.960ns (84.906%))
  Logic Levels:           2  (LUT4=1 LUT6=1)
  Clock Path Skew:        -0.039ns (DCD - SCD + CPR)
    Destination Clock Delay (DCD):    5.003ns = ( 10.003 - 5.000 ) 
    Source Clock Delay      (SCD):    5.220ns
    Clock Pessimism Removal (CPR):    0.179ns
  Clock Uncertainty:      0.067ns  ((TSJ^2 + DJ^2)^1/2) / 2 + PE
    Total System Jitter     (TSJ):    0.071ns
    Discrete Jitter          (DJ):    0.113ns
    Phase Error              (PE):    0.000ns

    Location             Delay type                Incr(ns)  Path(ns)    Netlist Resource(s)
  -------------------------------------------------------------------    -------------------
                         (clock clk_out3_cnn_accelerator_system_clk_wiz_0_0 rise edge)
                                                      0.000     0.000 r  
    E3                                                0.000     0.000 r  CLK100MHZ (IN)
                         net (fo=0)                   0.000     0.000    CLK100MHZ
    E3                                                                r  CLK100MHZ_IBUF_inst/I
    E3                   IBUF (Prop_ibuf_I_O)         1.482     1.482 r  CLK100MHZ_IBUF_inst/O
                         net (fo=1, routed)           2.025     3.506    cnn_accelerator_system_i/util_ds_buf_0/U0/BUFG_I[0]
    BUFGCTRL_X0Y16                                                    r  cnn_accelerator_system_i/util_ds_buf_0/U0/USE_BUFG.GEN_BUFG[0].BUFG_U/I
    BUFGCTRL_X0Y16       BUFG (Prop_bufg_I_O)         0.096     3.602 r  cnn_accelerator_system_i/util_ds_buf_0/U0/USE_BUFG.GEN_BUFG[0].BUFG_U/O
                         net (fo=2, routed)           1.809     5.412    cnn_accelerator_system_i/clk_wiz_0/inst/clk_in1
    MMCME2_ADV_X0Y0                                                   r  cnn_accelerator_system_i/clk_wiz_0/inst/mmcm_adv_inst/CLKIN1
    MMCME2_ADV_X0Y0      MMCME2_ADV (Prop_mmcme2_adv_CLKIN1_CLKOUT2)
                                                     -3.922     1.490 r  cnn_accelerator_system_i/clk_wiz_0/inst/mmcm_adv_inst/CLKOUT2
                         net (fo=1, routed)           2.018     3.508    cnn_accelerator_system_i/clk_wiz_0/inst/clk_out3_cnn_accelerator_system_clk_wiz_0_0
    BUFGCTRL_X0Y2                                                     r  cnn_accelerator_system_i/clk_wiz_0/inst/clkout3_buf/I
    BUFGCTRL_X0Y2        BUFG (Prop_bufg_I_O)         0.096     3.604 r  cnn_accelerator_system_i/clk_wiz_0/inst/clkout3_buf/O
                         net (fo=54397, routed)       1.616     5.220    cnn_accelerator_system_i/cnn_accelerator_wino_0/inst/conv2/lane[1].u_mul/clk
    SLICE_X45Y113        FDRE                                         r  cnn_accelerator_system_i/cnn_accelerator_wino_0/inst/conv2/lane[1].u_mul/wm_we_q_reg/C
  -------------------------------------------------------------------    -------------------
    SLICE_X45Y113        FDRE (Prop_fdre_C_Q)         0.456     5.676 r  cnn_accelerator_system_i/cnn_accelerator_wino_0/inst/conv2/lane[1].u_mul/wm_we_q_reg/Q
                         net (fo=1, routed)           0.633     6.309    cnn_accelerator_system_i/cnn_accelerator_wino_0/inst/conv2/lane[1].u_mul/wm_we_q
    SLICE_X43Y113                                                     r  cnn_accelerator_system_i/cnn_accelerator_wino_0/inst/conv2/lane[1].u_mul/g_wpe[0].wmem_op_reg_0_31_0_5_i_2__1/I0
    SLICE_X43Y113        LUT4 (Prop_lut4_I0_O)        0.124     6.433 r  cnn_accelerator_system_i/cnn_accelerator_wino_0/inst/conv2/lane[1].u_mul/g_wpe[0].wmem_op_reg_0_31_0_5_i_2__1/O
                         net (fo=18, routed)          1.035     7.468    cnn_accelerator_system_i/cnn_accelerator_wino_0/inst/conv2/lane[1].u_mul/g_wpe[0].wmem_op_reg_0_31_0_5_i_2__1_n_0
    SLICE_X44Y113                                                     r  cnn_accelerator_system_i/cnn_accelerator_wino_0/inst/conv2/lane[1].u_mul/g_wpe[4].wmem_op_reg_0_31_0_5_i_1__2/I1
    SLICE_X44Y113        LUT6 (Prop_lut6_I1_O)        0.124     7.592 r  cnn_accelerator_system_i/cnn_accelerator_wino_0/inst/conv2/lane[1].u_mul/g_wpe[4].wmem_op_reg_0_31_0_5_i_1__2/O
                         net (fo=16, routed)          2.292     9.884    cnn_accelerator_system_i/cnn_accelerator_wino_0/inst/conv2/lane[1].u_mul/g_wpe[4].wmem_op_reg_0_31_6_11/WE
    SLICE_X76Y74         RAMD32                                       r  cnn_accelerator_system_i/cnn_accelerator_wino_0/inst/conv2/lane[1].u_mul/g_wpe[4].wmem_op_reg_0_31_6_11/RAMB/WE
  -------------------------------------------------------------------    -------------------

                         (clock clk_out3_cnn_accelerator_system_clk_wiz_0_0 rise edge)
                                                      5.000     5.000 r  
    E3                                                0.000     5.000 r  CLK100MHZ (IN)
                         net (fo=0)                   0.000     5.000    CLK100MHZ
    E3                                                                r  CLK100MHZ_IBUF_inst/I
    E3                   IBUF (Prop_ibuf_I_O)         1.411     6.411 r  CLK100MHZ_IBUF_inst/O
                         net (fo=1, routed)           1.920     8.331    cnn_accelerator_system_i/util_ds_buf_0/U0/BUFG_I[0]
    BUFGCTRL_X0Y16                                                    r  cnn_accelerator_system_i/util_ds_buf_0/U0/USE_BUFG.GEN_BUFG[0].BUFG_U/I
    BUFGCTRL_X0Y16       BUFG (Prop_bufg_I_O)         0.091     8.422 r  cnn_accelerator_system_i/util_ds_buf_0/U0/USE_BUFG.GEN_BUFG[0].BUFG_U/O
                         net (fo=2, routed)           1.683    10.105    cnn_accelerator_system_i/clk_wiz_0/inst/clk_in1
    MMCME2_ADV_X0Y0                                                   r  cnn_accelerator_system_i/clk_wiz_0/inst/mmcm_adv_inst/CLKIN1
    MMCME2_ADV_X0Y0      MMCME2_ADV (Prop_mmcme2_adv_CLKIN1_CLKOUT2)
                                                     -3.694     6.411 r  cnn_accelerator_system_i/clk_wiz_0/inst/mmcm_adv_inst/CLKOUT2
                         net (fo=1, routed)           1.923     8.334    cnn_accelerator_system_i/clk_wiz_0/inst/clk_out3_cnn_accelerator_system_clk_wiz_0_0
    BUFGCTRL_X0Y2                                                     r  cnn_accelerator_system_i/clk_wiz_0/inst/clkout3_buf/I
    BUFGCTRL_X0Y2        BUFG (Prop_bufg_I_O)         0.091     8.425 r  cnn_accelerator_system_i/clk_wiz_0/inst/clkout3_buf/O
                         net (fo=54397, routed)       1.577    10.003    cnn_accelerator_system_i/cnn_accelerator_wino_0/inst/conv2/lane[1].u_mul/g_wpe[4].wmem_op_reg_0_31_6_11/WCLK
    SLICE_X76Y74         RAMD32                                       r  cnn_accelerator_system_i/cnn_accelerator_wino_0/inst/conv2/lane[1].u_mul/g_wpe[4].wmem_op_reg_0_31_6_11/RAMB/CLK
                         clock pessimism              0.179    10.182    
                         clock uncertainty           -0.067    10.115    
    SLICE_X76Y74         RAMD32 (Setup_ramd32_CLK_WE)
                                                     -0.533     9.582    cnn_accelerator_system_i/cnn_accelerator_wino_0/inst/conv2/lane[1].u_mul/g_wpe[4].wmem_op_reg_0_31_6_11/RAMB
  -------------------------------------------------------------------
                         required time                          9.582    
                         arrival time                          -9.884    
  -------------------------------------------------------------------
                         slack                                 -0.302    

Slack (VIOLATED) :        -0.302ns  (required time - arrival time)
  Source:                 cnn_accelerator_system_i/cnn_accelerator_wino_0/inst/conv2/lane[1].u_mul/wm_we_q_reg/C
                            (rising edge-triggered cell FDRE clocked by clk_out3_cnn_accelerator_system_clk_wiz_0_0  {rise@0.000ns fall@2.500ns period=5.000ns})
  Destination:            cnn_accelerator_system_i/cnn_accelerator_wino_0/inst/conv2/lane[1].u_mul/g_wpe[4].wmem_op_reg_0_31_6_11/RAMB_D1/WE
                            (rising edge-triggered cell RAMD32 clocked by clk_out3_cnn_accelerator_system_clk_wiz_0_0  {rise@0.000ns fall@2.500ns period=5.000ns})
  Path Group:             clk_out3_cnn_accelerator_system_clk_wiz_0_0
  Path Type:              Setup (Max at Slow Process Corner)
  Requirement:            5.000ns  (clk_out3_cnn_accelerator_system_clk_wiz_0_0 rise@5.000ns - clk_out3_cnn_accelerator_system_clk_wiz_0_0 rise@0.000ns)
  Data Path Delay:        4.664ns  (logic 0.704ns (15.094%)  route 3.960ns (84.906%))
  Logic Levels:           2  (LUT4=1 LUT6=1)
  Clock Path Skew:        -0.039ns (DCD - SCD + CPR)
    Destination Clock Delay (DCD):    5.003ns = ( 10.003 - 5.000 ) 
    Source Clock Delay      (SCD):    5.220ns
    Clock Pessimism Removal (CPR):    0.179ns
  Clock Uncertainty:      0.067ns  ((TSJ^2 + DJ^2)^1/2) / 2 + PE
    Total System Jitter     (TSJ):    0.071ns
    Discrete Jitter          (DJ):    0.113ns
    Phase Error              (PE):    0.000ns

    Location             Delay type                Incr(ns)  Path(ns)    Netlist Resource(s)
  -------------------------------------------------------------------    -------------------
                         (clock clk_out3_cnn_accelerator_system_clk_wiz_0_0 rise edge)
                                                      0.000     0.000 r  
    E3                                                0.000     0.000 r  CLK100MHZ (IN)
                         net (fo=0)                   0.000     0.000    CLK100MHZ
    E3                                                                r  CLK100MHZ_IBUF_inst/I
    E3                   IBUF (Prop_ibuf_I_O)         1.482     1.482 r  CLK100MHZ_IBUF_inst/O
                         net (fo=1, routed)           2.025     3.506    cnn_accelerator_system_i/util_ds_buf_0/U0/BUFG_I[0]
    BUFGCTRL_X0Y16                                                    r  cnn_accelerator_system_i/util_ds_buf_0/U0/USE_BUFG.GEN_BUFG[0].BUFG_U/I
    BUFGCTRL_X0Y16       BUFG (Prop_bufg_I_O)         0.096     3.602 r  cnn_accelerator_system_i/util_ds_buf_0/U0/USE_BUFG.GEN_BUFG[0].BUFG_U/O
                         net (fo=2, routed)           1.809     5.412    cnn_accelerator_system_i/clk_wiz_0/inst/clk_in1
    MMCME2_ADV_X0Y0                                                   r  cnn_accelerator_system_i/clk_wiz_0/inst/mmcm_adv_inst/CLKIN1
    MMCME2_ADV_X0Y0      MMCME2_ADV (Prop_mmcme2_adv_CLKIN1_CLKOUT2)
                                                     -3.922     1.490 r  cnn_accelerator_system_i/clk_wiz_0/inst/mmcm_adv_inst/CLKOUT2
                         net (fo=1, routed)           2.018     3.508    cnn_accelerator_system_i/clk_wiz_0/inst/clk_out3_cnn_accelerator_system_clk_wiz_0_0
    BUFGCTRL_X0Y2                                                     r  cnn_accelerator_system_i/clk_wiz_0/inst/clkout3_buf/I
    BUFGCTRL_X0Y2        BUFG (Prop_bufg_I_O)         0.096     3.604 r  cnn_accelerator_system_i/clk_wiz_0/inst/clkout3_buf/O
                         net (fo=54397, routed)       1.616     5.220    cnn_accelerator_system_i/cnn_accelerator_wino_0/inst/conv2/lane[1].u_mul/clk
    SLICE_X45Y113        FDRE                                         r  cnn_accelerator_system_i/cnn_accelerator_wino_0/inst/conv2/lane[1].u_mul/wm_we_q_reg/C
  -------------------------------------------------------------------    -------------------
    SLICE_X45Y113        FDRE (Prop_fdre_C_Q)         0.456     5.676 r  cnn_accelerator_system_i/cnn_accelerator_wino_0/inst/conv2/lane[1].u_mul/wm_we_q_reg/Q
                         net (fo=1, routed)           0.633     6.309    cnn_accelerator_system_i/cnn_accelerator_wino_0/inst/conv2/lane[1].u_mul/wm_we_q
    SLICE_X43Y113                                                     r  cnn_accelerator_system_i/cnn_accelerator_wino_0/inst/conv2/lane[1].u_mul/g_wpe[0].wmem_op_reg_0_31_0_5_i_2__1/I0
    SLICE_X43Y113        LUT4 (Prop_lut4_I0_O)        0.124     6.433 r  cnn_accelerator_system_i/cnn_accelerator_wino_0/inst/conv2/lane[1].u_mul/g_wpe[0].wmem_op_reg_0_31_0_5_i_2__1/O
                         net (fo=18, routed)          1.035     7.468    cnn_accelerator_system_i/cnn_accelerator_wino_0/inst/conv2/lane[1].u_mul/g_wpe[0].wmem_op_reg_0_31_0_5_i_2__1_n_0
    SLICE_X44Y113                                                     r  cnn_accelerator_system_i/cnn_accelerator_wino_0/inst/conv2/lane[1].u_mul/g_wpe[4].wmem_op_reg_0_31_0_5_i_1__2/I1
    SLICE_X44Y113        LUT6 (Prop_lut6_I1_O)        0.124     7.592 r  cnn_accelerator_system_i/cnn_accelerator_wino_0/inst/conv2/lane[1].u_mul/g_wpe[4].wmem_op_reg_0_31_0_5_i_1__2/O
                         net (fo=16, routed)          2.292     9.884    cnn_accelerator_system_i/cnn_accelerator_wino_0/inst/conv2/lane[1].u_mul/g_wpe[4].wmem_op_reg_0_31_6_11/WE
    SLICE_X76Y74         RAMD32                                       r  cnn_accelerator_system_i/cnn_accelerator_wino_0/inst/conv2/lane[1].u_mul/g_wpe[4].wmem_op_reg_0_31_6_11/RAMB_D1/WE
  -------------------------------------------------------------------    -------------------

                         (clock clk_out3_cnn_accelerator_system_clk_wiz_0_0 rise edge)
                                                      5.000     5.000 r  
    E3                                                0.000     5.000 r  CLK100MHZ (IN)
                         net (fo=0)                   0.000     5.000    CLK100MHZ
    E3                                                                r  CLK100MHZ_IBUF_inst/I
    E3                   IBUF (Prop_ibuf_I_O)         1.411     6.411 r  CLK100MHZ_IBUF_inst/O
                         net (fo=1, routed)           1.920     8.331    cnn_accelerator_system_i/util_ds_buf_0/U0/BUFG_I[0]
    BUFGCTRL_X0Y16                                                    r  cnn_accelerator_system_i/util_ds_buf_0/U0/USE_BUFG.GEN_BUFG[0].BUFG_U/I
    BUFGCTRL_X0Y16       BUFG (Prop_bufg_I_O)         0.091     8.422 r  cnn_accelerator_system_i/util_ds_buf_0/U0/USE_BUFG.GEN_BUFG[0].BUFG_U/O
                         net (fo=2, routed)           1.683    10.105    cnn_accelerator_system_i/clk_wiz_0/inst/clk_in1
    MMCME2_ADV_X0Y0                                                   r  cnn_accelerator_system_i/clk_wiz_0/inst/mmcm_adv_inst/CLKIN1
    MMCME2_ADV_X0Y0      MMCME2_ADV (Prop_mmcme2_adv_CLKIN1_CLKOUT2)
                                                     -3.694     6.411 r  cnn_accelerator_system_i/clk_wiz_0/inst/mmcm_adv_inst/CLKOUT2
                         net (fo=1, routed)           1.923     8.334    cnn_accelerator_system_i/clk_wiz_0/inst/clk_out3_cnn_accelerator_system_clk_wiz_0_0
    BUFGCTRL_X0Y2                                                     r  cnn_accelerator_system_i/clk_wiz_0/inst/clkout3_buf/I
    BUFGCTRL_X0Y2        BUFG (Prop_bufg_I_O)         0.091     8.425 r  cnn_accelerator_system_i/clk_wiz_0/inst/clkout3_buf/O
                         net (fo=54397, routed)       1.577    10.003    cnn_accelerator_system_i/cnn_accelerator_wino_0/inst/conv2/lane[1].u_mul/g_wpe[4].wmem_op_reg_0_31_6_11/WCLK
    SLICE_X76Y74         RAMD32                                       r  cnn_accelerator_system_i/cnn_accelerator_wino_0/inst/conv2/lane[1].u_mul/g_wpe[4].wmem_op_reg_0_31_6_11/RAMB_D1/CLK
                         clock pessimism              0.179    10.182    
                         clock uncertainty           -0.067    10.115    
    SLICE_X76Y74         RAMD32 (Setup_ramd32_CLK_WE)
                                                     -0.533     9.582    cnn_accelerator_system_i/cnn_accelerator_wino_0/inst/conv2/lane[1].u_mul/g_wpe[4].wmem_op_reg_0_31_6_11/RAMB_D1
  -------------------------------------------------------------------
                         required time                          9.582    
                         arrival time                          -9.884    
  -------------------------------------------------------------------
                         slack                                 -0.302    

Slack (VIOLATED) :        -0.302ns  (required time - arrival time)
  Source:                 cnn_accelerator_system_i/cnn_accelerator_wino_0/inst/conv2/lane[1].u_mul/wm_we_q_reg/C
                            (rising edge-triggered cell FDRE clocked by clk_out3_cnn_accelerator_system_clk_wiz_0_0  {rise@0.000ns fall@2.500ns period=5.000ns})
  Destination:            cnn_accelerator_system_i/cnn_accelerator_wino_0/inst/conv2/lane[1].u_mul/g_wpe[4].wmem_op_reg_0_31_6_11/RAMC/WE
                            (rising edge-triggered cell RAMD32 clocked by clk_out3_cnn_accelerator_system_clk_wiz_0_0  {rise@0.000ns fall@2.500ns period=5.000ns})
  Path Group:             clk_out3_cnn_accelerator_system_clk_wiz_0_0
  Path Type:              Setup (Max at Slow Process Corner)
  Requirement:            5.000ns  (clk_out3_cnn_accelerator_system_clk_wiz_0_0 rise@5.000ns - clk_out3_cnn_accelerator_system_clk_wiz_0_0 rise@0.000ns)
  Data Path Delay:        4.664ns  (logic 0.704ns (15.094%)  route 3.960ns (84.906%))
  Logic Levels:           2  (LUT4=1 LUT6=1)
  Clock Path Skew:        -0.039ns (DCD - SCD + CPR)
    Destination Clock Delay (DCD):    5.003ns = ( 10.003 - 5.000 ) 
    Source Clock Delay      (SCD):    5.220ns
    Clock Pessimism Removal (CPR):    0.179ns
  Clock Uncertainty:      0.067ns  ((TSJ^2 + DJ^2)^1/2) / 2 + PE
    Total System Jitter     (TSJ):    0.071ns
    Discrete Jitter          (DJ):    0.113ns
    Phase Error              (PE):    0.000ns

    Location             Delay type                Incr(ns)  Path(ns)    Netlist Resource(s)
  -------------------------------------------------------------------    -------------------
                         (clock clk_out3_cnn_accelerator_system_clk_wiz_0_0 rise edge)
                                                      0.000     0.000 r  
    E3                                                0.000     0.000 r  CLK100MHZ (IN)
                         net (fo=0)                   0.000     0.000    CLK100MHZ
    E3                                                                r  CLK100MHZ_IBUF_inst/I
    E3                   IBUF (Prop_ibuf_I_O)         1.482     1.482 r  CLK100MHZ_IBUF_inst/O
                         net (fo=1, routed)           2.025     3.506    cnn_accelerator_system_i/util_ds_buf_0/U0/BUFG_I[0]
    BUFGCTRL_X0Y16                                                    r  cnn_accelerator_system_i/util_ds_buf_0/U0/USE_BUFG.GEN_BUFG[0].BUFG_U/I
    BUFGCTRL_X0Y16       BUFG (Prop_bufg_I_O)         0.096     3.602 r  cnn_accelerator_system_i/util_ds_buf_0/U0/USE_BUFG.GEN_BUFG[0].BUFG_U/O
                         net (fo=2, routed)           1.809     5.412    cnn_accelerator_system_i/clk_wiz_0/inst/clk_in1
    MMCME2_ADV_X0Y0                                                   r  cnn_accelerator_system_i/clk_wiz_0/inst/mmcm_adv_inst/CLKIN1
    MMCME2_ADV_X0Y0      MMCME2_ADV (Prop_mmcme2_adv_CLKIN1_CLKOUT2)
                                                     -3.922     1.490 r  cnn_accelerator_system_i/clk_wiz_0/inst/mmcm_adv_inst/CLKOUT2
                         net (fo=1, routed)           2.018     3.508    cnn_accelerator_system_i/clk_wiz_0/inst/clk_out3_cnn_accelerator_system_clk_wiz_0_0
    BUFGCTRL_X0Y2                                                     r  cnn_accelerator_system_i/clk_wiz_0/inst/clkout3_buf/I
    BUFGCTRL_X0Y2        BUFG (Prop_bufg_I_O)         0.096     3.604 r  cnn_accelerator_system_i/clk_wiz_0/inst/clkout3_buf/O
                         net (fo=54397, routed)       1.616     5.220    cnn_accelerator_system_i/cnn_accelerator_wino_0/inst/conv2/lane[1].u_mul/clk
    SLICE_X45Y113        FDRE                                         r  cnn_accelerator_system_i/cnn_accelerator_wino_0/inst/conv2/lane[1].u_mul/wm_we_q_reg/C
  -------------------------------------------------------------------    -------------------
    SLICE_X45Y113        FDRE (Prop_fdre_C_Q)         0.456     5.676 r  cnn_accelerator_system_i/cnn_accelerator_wino_0/inst/conv2/lane[1].u_mul/wm_we_q_reg/Q
                         net (fo=1, routed)           0.633     6.309    cnn_accelerator_system_i/cnn_accelerator_wino_0/inst/conv2/lane[1].u_mul/wm_we_q
    SLICE_X43Y113                                                     r  cnn_accelerator_system_i/cnn_accelerator_wino_0/inst/conv2/lane[1].u_mul/g_wpe[0].wmem_op_reg_0_31_0_5_i_2__1/I0
    SLICE_X43Y113        LUT4 (Prop_lut4_I0_O)        0.124     6.433 r  cnn_accelerator_system_i/cnn_accelerator_wino_0/inst/conv2/lane[1].u_mul/g_wpe[0].wmem_op_reg_0_31_0_5_i_2__1/O
                         net (fo=18, routed)          1.035     7.468    cnn_accelerator_system_i/cnn_accelerator_wino_0/inst/conv2/lane[1].u_mul/g_wpe[0].wmem_op_reg_0_31_0_5_i_2__1_n_0
    SLICE_X44Y113                                                     r  cnn_accelerator_system_i/cnn_accelerator_wino_0/inst/conv2/lane[1].u_mul/g_wpe[4].wmem_op_reg_0_31_0_5_i_1__2/I1
    SLICE_X44Y113        LUT6 (Prop_lut6_I1_O)        0.124     7.592 r  cnn_accelerator_system_i/cnn_accelerator_wino_0/inst/conv2/lane[1].u_mul/g_wpe[4].wmem_op_reg_0_31_0_5_i_1__2/O
                         net (fo=16, routed)          2.292     9.884    cnn_accelerator_system_i/cnn_accelerator_wino_0/inst/conv2/lane[1].u_mul/g_wpe[4].wmem_op_reg_0_31_6_11/WE
    SLICE_X76Y74         RAMD32                                       r  cnn_accelerator_system_i/cnn_accelerator_wino_0/inst/conv2/lane[1].u_mul/g_wpe[4].wmem_op_reg_0_31_6_11/RAMC/WE
  -------------------------------------------------------------------    -------------------

                         (clock clk_out3_cnn_accelerator_system_clk_wiz_0_0 rise edge)
                                                      5.000     5.000 r  
    E3                                                0.000     5.000 r  CLK100MHZ (IN)
                         net (fo=0)                   0.000     5.000    CLK100MHZ
    E3                                                                r  CLK100MHZ_IBUF_inst/I
    E3                   IBUF (Prop_ibuf_I_O)         1.411     6.411 r  CLK100MHZ_IBUF_inst/O
                         net (fo=1, routed)           1.920     8.331    cnn_accelerator_system_i/util_ds_buf_0/U0/BUFG_I[0]
    BUFGCTRL_X0Y16                                                    r  cnn_accelerator_system_i/util_ds_buf_0/U0/USE_BUFG.GEN_BUFG[0].BUFG_U/I
    BUFGCTRL_X0Y16       BUFG (Prop_bufg_I_O)         0.091     8.422 r  cnn_accelerator_system_i/util_ds_buf_0/U0/USE_BUFG.GEN_BUFG[0].BUFG_U/O
                         net (fo=2, routed)           1.683    10.105    cnn_accelerator_system_i/clk_wiz_0/inst/clk_in1
    MMCME2_ADV_X0Y0                                                   r  cnn_accelerator_system_i/clk_wiz_0/inst/mmcm_adv_inst/CLKIN1
    MMCME2_ADV_X0Y0      MMCME2_ADV (Prop_mmcme2_adv_CLKIN1_CLKOUT2)
                                                     -3.694     6.411 r  cnn_accelerator_system_i/clk_wiz_0/inst/mmcm_adv_inst/CLKOUT2
                         net (fo=1, routed)           1.923     8.334    cnn_accelerator_system_i/clk_wiz_0/inst/clk_out3_cnn_accelerator_system_clk_wiz_0_0
    BUFGCTRL_X0Y2                                                     r  cnn_accelerator_system_i/clk_wiz_0/inst/clkout3_buf/I
    BUFGCTRL_X0Y2        BUFG (Prop_bufg_I_O)         0.091     8.425 r  cnn_accelerator_system_i/clk_wiz_0/inst/clkout3_buf/O
                         net (fo=54397, routed)       1.577    10.003    cnn_accelerator_system_i/cnn_accelerator_wino_0/inst/conv2/lane[1].u_mul/g_wpe[4].wmem_op_reg_0_31_6_11/WCLK
    SLICE_X76Y74         RAMD32                                       r  cnn_accelerator_system_i/cnn_accelerator_wino_0/inst/conv2/lane[1].u_mul/g_wpe[4].wmem_op_reg_0_31_6_11/RAMC/CLK
                         clock pessimism              0.179    10.182    
                         clock uncertainty           -0.067    10.115    
    SLICE_X76Y74         RAMD32 (Setup_ramd32_CLK_WE)
                                                     -0.533     9.582    cnn_accelerator_system_i/cnn_accelerator_wino_0/inst/conv2/lane[1].u_mul/g_wpe[4].wmem_op_reg_0_31_6_11/RAMC
  -------------------------------------------------------------------
                         required time                          9.582    
                         arrival time                          -9.884    
  -------------------------------------------------------------------
                         slack                                 -0.302    

Slack (VIOLATED) :        -0.302ns  (required time - arrival time)
  Source:                 cnn_accelerator_system_i/cnn_accelerator_wino_0/inst/conv2/lane[1].u_mul/wm_we_q_reg/C
                            (rising edge-triggered cell FDRE clocked by clk_out3_cnn_accelerator_system_clk_wiz_0_0  {rise@0.000ns fall@2.500ns period=5.000ns})
  Destination:            cnn_accelerator_system_i/cnn_accelerator_wino_0/inst/conv2/lane[1].u_mul/g_wpe[4].wmem_op_reg_0_31_6_11/RAMC_D1/WE
                            (rising edge-triggered cell RAMD32 clocked by clk_out3_cnn_accelerator_system_clk_wiz_0_0  {rise@0.000ns fall@2.500ns period=5.000ns})
  Path Group:             clk_out3_cnn_accelerator_system_clk_wiz_0_0
  Path Type:              Setup (Max at Slow Process Corner)
  Requirement:            5.000ns  (clk_out3_cnn_accelerator_system_clk_wiz_0_0 rise@5.000ns - clk_out3_cnn_accelerator_system_clk_wiz_0_0 rise@0.000ns)
  Data Path Delay:        4.664ns  (logic 0.704ns (15.094%)  route 3.960ns (84.906%))
  Logic Levels:           2  (LUT4=1 LUT6=1)
  Clock Path Skew:        -0.039ns (DCD - SCD + CPR)
    Destination Clock Delay (DCD):    5.003ns = ( 10.003 - 5.000 ) 
    Source Clock Delay      (SCD):    5.220ns
    Clock Pessimism Removal (CPR):    0.179ns
  Clock Uncertainty:      0.067ns  ((TSJ^2 + DJ^2)^1/2) / 2 + PE
    Total System Jitter     (TSJ):    0.071ns
    Discrete Jitter          (DJ):    0.113ns
    Phase Error              (PE):    0.000ns

    Location             Delay type                Incr(ns)  Path(ns)    Netlist Resource(s)
  -------------------------------------------------------------------    -------------------
                         (clock clk_out3_cnn_accelerator_system_clk_wiz_0_0 rise edge)
                                                      0.000     0.000 r  
    E3                                                0.000     0.000 r  CLK100MHZ (IN)
                         net (fo=0)                   0.000     0.000    CLK100MHZ
    E3                                                                r  CLK100MHZ_IBUF_inst/I
    E3                   IBUF (Prop_ibuf_I_O)         1.482     1.482 r  CLK100MHZ_IBUF_inst/O
                         net (fo=1, routed)           2.025     3.506    cnn_accelerator_system_i/util_ds_buf_0/U0/BUFG_I[0]
    BUFGCTRL_X0Y16                                                    r  cnn_accelerator_system_i/util_ds_buf_0/U0/USE_BUFG.GEN_BUFG[0].BUFG_U/I
    BUFGCTRL_X0Y16       BUFG (Prop_bufg_I_O)         0.096     3.602 r  cnn_accelerator_system_i/util_ds_buf_0/U0/USE_BUFG.GEN_BUFG[0].BUFG_U/O
                         net (fo=2, routed)           1.809     5.412    cnn_accelerator_system_i/clk_wiz_0/inst/clk_in1
    MMCME2_ADV_X0Y0                                                   r  cnn_accelerator_system_i/clk_wiz_0/inst/mmcm_adv_inst/CLKIN1
    MMCME2_ADV_X0Y0      MMCME2_ADV (Prop_mmcme2_adv_CLKIN1_CLKOUT2)
                                                     -3.922     1.490 r  cnn_accelerator_system_i/clk_wiz_0/inst/mmcm_adv_inst/CLKOUT2
                         net (fo=1, routed)           2.018     3.508    cnn_accelerator_system_i/clk_wiz_0/inst/clk_out3_cnn_accelerator_system_clk_wiz_0_0
    BUFGCTRL_X0Y2                                                     r  cnn_accelerator_system_i/clk_wiz_0/inst/clkout3_buf/I
    BUFGCTRL_X0Y2        BUFG (Prop_bufg_I_O)         0.096     3.604 r  cnn_accelerator_system_i/clk_wiz_0/inst/clkout3_buf/O
                         net (fo=54397, routed)       1.616     5.220    cnn_accelerator_system_i/cnn_accelerator_wino_0/inst/conv2/lane[1].u_mul/clk
    SLICE_X45Y113        FDRE                                         r  cnn_accelerator_system_i/cnn_accelerator_wino_0/inst/conv2/lane[1].u_mul/wm_we_q_reg/C
  -------------------------------------------------------------------    -------------------
    SLICE_X45Y113        FDRE (Prop_fdre_C_Q)         0.456     5.676 r  cnn_accelerator_system_i/cnn_accelerator_wino_0/inst/conv2/lane[1].u_mul/wm_we_q_reg/Q
                         net (fo=1, routed)           0.633     6.309    cnn_accelerator_system_i/cnn_accelerator_wino_0/inst/conv2/lane[1].u_mul/wm_we_q
    SLICE_X43Y113                                                     r  cnn_accelerator_system_i/cnn_accelerator_wino_0/inst/conv2/lane[1].u_mul/g_wpe[0].wmem_op_reg_0_31_0_5_i_2__1/I0
    SLICE_X43Y113        LUT4 (Prop_lut4_I0_O)        0.124     6.433 r  cnn_accelerator_system_i/cnn_accelerator_wino_0/inst/conv2/lane[1].u_mul/g_wpe[0].wmem_op_reg_0_31_0_5_i_2__1/O
                         net (fo=18, routed)          1.035     7.468    cnn_accelerator_system_i/cnn_accelerator_wino_0/inst/conv2/lane[1].u_mul/g_wpe[0].wmem_op_reg_0_31_0_5_i_2__1_n_0
    SLICE_X44Y113                                                     r  cnn_accelerator_system_i/cnn_accelerator_wino_0/inst/conv2/lane[1].u_mul/g_wpe[4].wmem_op_reg_0_31_0_5_i_1__2/I1
    SLICE_X44Y113        LUT6 (Prop_lut6_I1_O)        0.124     7.592 r  cnn_accelerator_system_i/cnn_accelerator_wino_0/inst/conv2/lane[1].u_mul/g_wpe[4].wmem_op_reg_0_31_0_5_i_1__2/O
                         net (fo=16, routed)          2.292     9.884    cnn_accelerator_system_i/cnn_accelerator_wino_0/inst/conv2/lane[1].u_mul/g_wpe[4].wmem_op_reg_0_31_6_11/WE
    SLICE_X76Y74         RAMD32                                       r  cnn_accelerator_system_i/cnn_accelerator_wino_0/inst/conv2/lane[1].u_mul/g_wpe[4].wmem_op_reg_0_31_6_11/RAMC_D1/WE
  -------------------------------------------------------------------    -------------------

                         (clock clk_out3_cnn_accelerator_system_clk_wiz_0_0 rise edge)
                                                      5.000     5.000 r  
    E3                                                0.000     5.000 r  CLK100MHZ (IN)
                         net (fo=0)                   0.000     5.000    CLK100MHZ
    E3                                                                r  CLK100MHZ_IBUF_inst/I
    E3                   IBUF (Prop_ibuf_I_O)         1.411     6.411 r  CLK100MHZ_IBUF_inst/O
                         net (fo=1, routed)           1.920     8.331    cnn_accelerator_system_i/util_ds_buf_0/U0/BUFG_I[0]
    BUFGCTRL_X0Y16                                                    r  cnn_accelerator_system_i/util_ds_buf_0/U0/USE_BUFG.GEN_BUFG[0].BUFG_U/I
    BUFGCTRL_X0Y16       BUFG (Prop_bufg_I_O)         0.091     8.422 r  cnn_accelerator_system_i/util_ds_buf_0/U0/USE_BUFG.GEN_BUFG[0].BUFG_U/O
                         net (fo=2, routed)           1.683    10.105    cnn_accelerator_system_i/clk_wiz_0/inst/clk_in1
    MMCME2_ADV_X0Y0                                                   r  cnn_accelerator_system_i/clk_wiz_0/inst/mmcm_adv_inst/CLKIN1
    MMCME2_ADV_X0Y0      MMCME2_ADV (Prop_mmcme2_adv_CLKIN1_CLKOUT2)
                                                     -3.694     6.411 r  cnn_accelerator_system_i/clk_wiz_0/inst/mmcm_adv_inst/CLKOUT2
                         net (fo=1, routed)           1.923     8.334    cnn_accelerator_system_i/clk_wiz_0/inst/clk_out3_cnn_accelerator_system_clk_wiz_0_0
    BUFGCTRL_X0Y2                                                     r  cnn_accelerator_system_i/clk_wiz_0/inst/clkout3_buf/I
    BUFGCTRL_X0Y2        BUFG (Prop_bufg_I_O)         0.091     8.425 r  cnn_accelerator_system_i/clk_wiz_0/inst/clkout3_buf/O
                         net (fo=54397, routed)       1.577    10.003    cnn_accelerator_system_i/cnn_accelerator_wino_0/inst/conv2/lane[1].u_mul/g_wpe[4].wmem_op_reg_0_31_6_11/WCLK
    SLICE_X76Y74         RAMD32                                       r  cnn_accelerator_system_i/cnn_accelerator_wino_0/inst/conv2/lane[1].u_mul/g_wpe[4].wmem_op_reg_0_31_6_11/RAMC_D1/CLK
                         clock pessimism              0.179    10.182    
                         clock uncertainty           -0.067    10.115    
    SLICE_X76Y74         RAMD32 (Setup_ramd32_CLK_WE)
                                                     -0.533     9.582    cnn_accelerator_system_i/cnn_accelerator_wino_0/inst/conv2/lane[1].u_mul/g_wpe[4].wmem_op_reg_0_31_6_11/RAMC_D1
  -------------------------------------------------------------------
                         required time                          9.582    
                         arrival time                          -9.884    
  -------------------------------------------------------------------
                         slack                                 -0.302    

Slack (VIOLATED) :        -0.302ns  (required time - arrival time)
  Source:                 cnn_accelerator_system_i/cnn_accelerator_wino_0/inst/conv2/lane[1].u_mul/wm_we_q_reg/C
                            (rising edge-triggered cell FDRE clocked by clk_out3_cnn_accelerator_system_clk_wiz_0_0  {rise@0.000ns fall@2.500ns period=5.000ns})
  Destination:            cnn_accelerator_system_i/cnn_accelerator_wino_0/inst/conv2/lane[1].u_mul/g_wpe[4].wmem_op_reg_0_31_6_11/RAMD/WE
                            (rising edge-triggered cell RAMS32 clocked by clk_out3_cnn_accelerator_system_clk_wiz_0_0  {rise@0.000ns fall@2.500ns period=5.000ns})
  Path Group:             clk_out3_cnn_accelerator_system_clk_wiz_0_0
  Path Type:              Setup (Max at Slow Process Corner)
  Requirement:            5.000ns  (clk_out3_cnn_accelerator_system_clk_wiz_0_0 rise@5.000ns - clk_out3_cnn_accelerator_system_clk_wiz_0_0 rise@0.000ns)
  Data Path Delay:        4.664ns  (logic 0.704ns (15.094%)  route 3.960ns (84.906%))
  Logic Levels:           2  (LUT4=1 LUT6=1)
  Clock Path Skew:        -0.039ns (DCD - SCD + CPR)
    Destination Clock Delay (DCD):    5.003ns = ( 10.003 - 5.000 ) 
    Source Clock Delay      (SCD):    5.220ns
    Clock Pessimism Removal (CPR):    0.179ns
  Clock Uncertainty:      0.067ns  ((TSJ^2 + DJ^2)^1/2) / 2 + PE
    Total System Jitter     (TSJ):    0.071ns
    Discrete Jitter          (DJ):    0.113ns
    Phase Error              (PE):    0.000ns

    Location             Delay type                Incr(ns)  Path(ns)    Netlist Resource(s)
  -------------------------------------------------------------------    -------------------
                         (clock clk_out3_cnn_accelerator_system_clk_wiz_0_0 rise edge)
                                                      0.000     0.000 r  
    E3                                                0.000     0.000 r  CLK100MHZ (IN)
                         net (fo=0)                   0.000     0.000    CLK100MHZ
    E3                                                                r  CLK100MHZ_IBUF_inst/I
    E3                   IBUF (Prop_ibuf_I_O)         1.482     1.482 r  CLK100MHZ_IBUF_inst/O
                         net (fo=1, routed)           2.025     3.506    cnn_accelerator_system_i/util_ds_buf_0/U0/BUFG_I[0]
    BUFGCTRL_X0Y16                                                    r  cnn_accelerator_system_i/util_ds_buf_0/U0/USE_BUFG.GEN_BUFG[0].BUFG_U/I
    BUFGCTRL_X0Y16       BUFG (Prop_bufg_I_O)         0.096     3.602 r  cnn_accelerator_system_i/util_ds_buf_0/U0/USE_BUFG.GEN_BUFG[0].BUFG_U/O
                         net (fo=2, routed)           1.809     5.412    cnn_accelerator_system_i/clk_wiz_0/inst/clk_in1
    MMCME2_ADV_X0Y0                                                   r  cnn_accelerator_system_i/clk_wiz_0/inst/mmcm_adv_inst/CLKIN1
    MMCME2_ADV_X0Y0      MMCME2_ADV (Prop_mmcme2_adv_CLKIN1_CLKOUT2)
                                                     -3.922     1.490 r  cnn_accelerator_system_i/clk_wiz_0/inst/mmcm_adv_inst/CLKOUT2
                         net (fo=1, routed)           2.018     3.508    cnn_accelerator_system_i/clk_wiz_0/inst/clk_out3_cnn_accelerator_system_clk_wiz_0_0
    BUFGCTRL_X0Y2                                                     r  cnn_accelerator_system_i/clk_wiz_0/inst/clkout3_buf/I
    BUFGCTRL_X0Y2        BUFG (Prop_bufg_I_O)         0.096     3.604 r  cnn_accelerator_system_i/clk_wiz_0/inst/clkout3_buf/O
                         net (fo=54397, routed)       1.616     5.220    cnn_accelerator_system_i/cnn_accelerator_wino_0/inst/conv2/lane[1].u_mul/clk
    SLICE_X45Y113        FDRE                                         r  cnn_accelerator_system_i/cnn_accelerator_wino_0/inst/conv2/lane[1].u_mul/wm_we_q_reg/C
  -------------------------------------------------------------------    -------------------
    SLICE_X45Y113        FDRE (Prop_fdre_C_Q)         0.456     5.676 r  cnn_accelerator_system_i/cnn_accelerator_wino_0/inst/conv2/lane[1].u_mul/wm_we_q_reg/Q
                         net (fo=1, routed)           0.633     6.309    cnn_accelerator_system_i/cnn_accelerator_wino_0/inst/conv2/lane[1].u_mul/wm_we_q
    SLICE_X43Y113                                                     r  cnn_accelerator_system_i/cnn_accelerator_wino_0/inst/conv2/lane[1].u_mul/g_wpe[0].wmem_op_reg_0_31_0_5_i_2__1/I0
    SLICE_X43Y113        LUT4 (Prop_lut4_I0_O)        0.124     6.433 r  cnn_accelerator_system_i/cnn_accelerator_wino_0/inst/conv2/lane[1].u_mul/g_wpe[0].wmem_op_reg_0_31_0_5_i_2__1/O
                         net (fo=18, routed)          1.035     7.468    cnn_accelerator_system_i/cnn_accelerator_wino_0/inst/conv2/lane[1].u_mul/g_wpe[0].wmem_op_reg_0_31_0_5_i_2__1_n_0
    SLICE_X44Y113                                                     r  cnn_accelerator_system_i/cnn_accelerator_wino_0/inst/conv2/lane[1].u_mul/g_wpe[4].wmem_op_reg_0_31_0_5_i_1__2/I1
    SLICE_X44Y113        LUT6 (Prop_lut6_I1_O)        0.124     7.592 r  cnn_accelerator_system_i/cnn_accelerator_wino_0/inst/conv2/lane[1].u_mul/g_wpe[4].wmem_op_reg_0_31_0_5_i_1__2/O
                         net (fo=16, routed)          2.292     9.884    cnn_accelerator_system_i/cnn_accelerator_wino_0/inst/conv2/lane[1].u_mul/g_wpe[4].wmem_op_reg_0_31_6_11/WE
    SLICE_X76Y74         RAMS32                                       r  cnn_accelerator_system_i/cnn_accelerator_wino_0/inst/conv2/lane[1].u_mul/g_wpe[4].wmem_op_reg_0_31_6_11/RAMD/WE
  -------------------------------------------------------------------    -------------------

                         (clock clk_out3_cnn_accelerator_system_clk_wiz_0_0 rise edge)
                                                      5.000     5.000 r  
    E3                                                0.000     5.000 r  CLK100MHZ (IN)
                         net (fo=0)                   0.000     5.000    CLK100MHZ
    E3                                                                r  CLK100MHZ_IBUF_inst/I
    E3                   IBUF (Prop_ibuf_I_O)         1.411     6.411 r  CLK100MHZ_IBUF_inst/O
                         net (fo=1, routed)           1.920     8.331    cnn_accelerator_system_i/util_ds_buf_0/U0/BUFG_I[0]
    BUFGCTRL_X0Y16                                                    r  cnn_accelerator_system_i/util_ds_buf_0/U0/USE_BUFG.GEN_BUFG[0].BUFG_U/I
    BUFGCTRL_X0Y16       BUFG (Prop_bufg_I_O)         0.091     8.422 r  cnn_accelerator_system_i/util_ds_buf_0/U0/USE_BUFG.GEN_BUFG[0].BUFG_U/O
                         net (fo=2, routed)           1.683    10.105    cnn_accelerator_system_i/clk_wiz_0/inst/clk_in1
    MMCME2_ADV_X0Y0                                                   r  cnn_accelerator_system_i/clk_wiz_0/inst/mmcm_adv_inst/CLKIN1
    MMCME2_ADV_X0Y0      MMCME2_ADV (Prop_mmcme2_adv_CLKIN1_CLKOUT2)
                                                     -3.694     6.411 r  cnn_accelerator_system_i/clk_wiz_0/inst/mmcm_adv_inst/CLKOUT2
                         net (fo=1, routed)           1.923     8.334    cnn_accelerator_system_i/clk_wiz_0/inst/clk_out3_cnn_accelerator_system_clk_wiz_0_0
    BUFGCTRL_X0Y2                                                     r  cnn_accelerator_system_i/clk_wiz_0/inst/clkout3_buf/I
    BUFGCTRL_X0Y2        BUFG (Prop_bufg_I_O)         0.091     8.425 r  cnn_accelerator_system_i/clk_wiz_0/inst/clkout3_buf/O
                         net (fo=54397, routed)       1.577    10.003    cnn_accelerator_system_i/cnn_accelerator_wino_0/inst/conv2/lane[1].u_mul/g_wpe[4].wmem_op_reg_0_31_6_11/WCLK
    SLICE_X76Y74         RAMS32                                       r  cnn_accelerator_system_i/cnn_accelerator_wino_0/inst/conv2/lane[1].u_mul/g_wpe[4].wmem_op_reg_0_31_6_11/RAMD/CLK
                         clock pessimism              0.179    10.182    
                         clock uncertainty           -0.067    10.115    
    SLICE_X76Y74         RAMS32 (Setup_rams32_CLK_WE)
                                                     -0.533     9.582    cnn_accelerator_system_i/cnn_accelerator_wino_0/inst/conv2/lane[1].u_mul/g_wpe[4].wmem_op_reg_0_31_6_11/RAMD
  -------------------------------------------------------------------
                         required time                          9.582    
                         arrival time                          -9.884    
  -------------------------------------------------------------------
                         slack                                 -0.302    

Slack (VIOLATED) :        -0.302ns  (required time - arrival time)
  Source:                 cnn_accelerator_system_i/cnn_accelerator_wino_0/inst/conv2/lane[1].u_mul/wm_we_q_reg/C
                            (rising edge-triggered cell FDRE clocked by clk_out3_cnn_accelerator_system_clk_wiz_0_0  {rise@0.000ns fall@2.500ns period=5.000ns})
  Destination:            cnn_accelerator_system_i/cnn_accelerator_wino_0/inst/conv2/lane[1].u_mul/g_wpe[4].wmem_op_reg_0_31_6_11/RAMD_D1/WE
                            (rising edge-triggered cell RAMS32 clocked by clk_out3_cnn_accelerator_system_clk_wiz_0_0  {rise@0.000ns fall@2.500ns period=5.000ns})
  Path Group:             clk_out3_cnn_accelerator_system_clk_wiz_0_0
  Path Type:              Setup (Max at Slow Process Corner)
  Requirement:            5.000ns  (clk_out3_cnn_accelerator_system_clk_wiz_0_0 rise@5.000ns - clk_out3_cnn_accelerator_system_clk_wiz_0_0 rise@0.000ns)
  Data Path Delay:        4.664ns  (logic 0.704ns (15.094%)  route 3.960ns (84.906%))
  Logic Levels:           2  (LUT4=1 LUT6=1)
  Clock Path Skew:        -0.039ns (DCD - SCD + CPR)
    Destination Clock Delay (DCD):    5.003ns = ( 10.003 - 5.000 ) 
    Source Clock Delay      (SCD):    5.220ns
    Clock Pessimism Removal (CPR):    0.179ns
  Clock Uncertainty:      0.067ns  ((TSJ^2 + DJ^2)^1/2) / 2 + PE
    Total System Jitter     (TSJ):    0.071ns
    Discrete Jitter          (DJ):    0.113ns
    Phase Error              (PE):    0.000ns

    Location             Delay type                Incr(ns)  Path(ns)    Netlist Resource(s)
  -------------------------------------------------------------------    -------------------
                         (clock clk_out3_cnn_accelerator_system_clk_wiz_0_0 rise edge)
                                                      0.000     0.000 r  
    E3                                                0.000     0.000 r  CLK100MHZ (IN)
                         net (fo=0)                   0.000     0.000    CLK100MHZ
    E3                                                                r  CLK100MHZ_IBUF_inst/I
    E3                   IBUF (Prop_ibuf_I_O)         1.482     1.482 r  CLK100MHZ_IBUF_inst/O
                         net (fo=1, routed)           2.025     3.506    cnn_accelerator_system_i/util_ds_buf_0/U0/BUFG_I[0]
    BUFGCTRL_X0Y16                                                    r  cnn_accelerator_system_i/util_ds_buf_0/U0/USE_BUFG.GEN_BUFG[0].BUFG_U/I
    BUFGCTRL_X0Y16       BUFG (Prop_bufg_I_O)         0.096     3.602 r  cnn_accelerator_system_i/util_ds_buf_0/U0/USE_BUFG.GEN_BUFG[0].BUFG_U/O
                         net (fo=2, routed)           1.809     5.412    cnn_accelerator_system_i/clk_wiz_0/inst/clk_in1
    MMCME2_ADV_X0Y0                                                   r  cnn_accelerator_system_i/clk_wiz_0/inst/mmcm_adv_inst/CLKIN1
    MMCME2_ADV_X0Y0      MMCME2_ADV (Prop_mmcme2_adv_CLKIN1_CLKOUT2)
                                                     -3.922     1.490 r  cnn_accelerator_system_i/clk_wiz_0/inst/mmcm_adv_inst/CLKOUT2
                         net (fo=1, routed)           2.018     3.508    cnn_accelerator_system_i/clk_wiz_0/inst/clk_out3_cnn_accelerator_system_clk_wiz_0_0
    BUFGCTRL_X0Y2                                                     r  cnn_accelerator_system_i/clk_wiz_0/inst/clkout3_buf/I
    BUFGCTRL_X0Y2        BUFG (Prop_bufg_I_O)         0.096     3.604 r  cnn_accelerator_system_i/clk_wiz_0/inst/clkout3_buf/O
                         net (fo=54397, routed)       1.616     5.220    cnn_accelerator_system_i/cnn_accelerator_wino_0/inst/conv2/lane[1].u_mul/clk
    SLICE_X45Y113        FDRE                                         r  cnn_accelerator_system_i/cnn_accelerator_wino_0/inst/conv2/lane[1].u_mul/wm_we_q_reg/C
  -------------------------------------------------------------------    -------------------
    SLICE_X45Y113        FDRE (Prop_fdre_C_Q)         0.456     5.676 r  cnn_accelerator_system_i/cnn_accelerator_wino_0/inst/conv2/lane[1].u_mul/wm_we_q_reg/Q
                         net (fo=1, routed)           0.633     6.309    cnn_accelerator_system_i/cnn_accelerator_wino_0/inst/conv2/lane[1].u_mul/wm_we_q
    SLICE_X43Y113                                                     r  cnn_accelerator_system_i/cnn_accelerator_wino_0/inst/conv2/lane[1].u_mul/g_wpe[0].wmem_op_reg_0_31_0_5_i_2__1/I0
    SLICE_X43Y113        LUT4 (Prop_lut4_I0_O)        0.124     6.433 r  cnn_accelerator_system_i/cnn_accelerator_wino_0/inst/conv2/lane[1].u_mul/g_wpe[0].wmem_op_reg_0_31_0_5_i_2__1/O
                         net (fo=18, routed)          1.035     7.468    cnn_accelerator_system_i/cnn_accelerator_wino_0/inst/conv2/lane[1].u_mul/g_wpe[0].wmem_op_reg_0_31_0_5_i_2__1_n_0
    SLICE_X44Y113                                                     r  cnn_accelerator_system_i/cnn_accelerator_wino_0/inst/conv2/lane[1].u_mul/g_wpe[4].wmem_op_reg_0_31_0_5_i_1__2/I1
    SLICE_X44Y113        LUT6 (Prop_lut6_I1_O)        0.124     7.592 r  cnn_accelerator_system_i/cnn_accelerator_wino_0/inst/conv2/lane[1].u_mul/g_wpe[4].wmem_op_reg_0_31_0_5_i_1__2/O
                         net (fo=16, routed)          2.292     9.884    cnn_accelerator_system_i/cnn_accelerator_wino_0/inst/conv2/lane[1].u_mul/g_wpe[4].wmem_op_reg_0_31_6_11/WE
    SLICE_X76Y74         RAMS32                                       r  cnn_accelerator_system_i/cnn_accelerator_wino_0/inst/conv2/lane[1].u_mul/g_wpe[4].wmem_op_reg_0_31_6_11/RAMD_D1/WE
  -------------------------------------------------------------------    -------------------

                         (clock clk_out3_cnn_accelerator_system_clk_wiz_0_0 rise edge)
                                                      5.000     5.000 r  
    E3                                                0.000     5.000 r  CLK100MHZ (IN)
                         net (fo=0)                   0.000     5.000    CLK100MHZ
    E3                                                                r  CLK100MHZ_IBUF_inst/I
    E3                   IBUF (Prop_ibuf_I_O)         1.411     6.411 r  CLK100MHZ_IBUF_inst/O
                         net (fo=1, routed)           1.920     8.331    cnn_accelerator_system_i/util_ds_buf_0/U0/BUFG_I[0]
    BUFGCTRL_X0Y16                                                    r  cnn_accelerator_system_i/util_ds_buf_0/U0/USE_BUFG.GEN_BUFG[0].BUFG_U/I
    BUFGCTRL_X0Y16       BUFG (Prop_bufg_I_O)         0.091     8.422 r  cnn_accelerator_system_i/util_ds_buf_0/U0/USE_BUFG.GEN_BUFG[0].BUFG_U/O
                         net (fo=2, routed)           1.683    10.105    cnn_accelerator_system_i/clk_wiz_0/inst/clk_in1
    MMCME2_ADV_X0Y0                                                   r  cnn_accelerator_system_i/clk_wiz_0/inst/mmcm_adv_inst/CLKIN1
    MMCME2_ADV_X0Y0      MMCME2_ADV (Prop_mmcme2_adv_CLKIN1_CLKOUT2)
                                                     -3.694     6.411 r  cnn_accelerator_system_i/clk_wiz_0/inst/mmcm_adv_inst/CLKOUT2
                         net (fo=1, routed)           1.923     8.334    cnn_accelerator_system_i/clk_wiz_0/inst/clk_out3_cnn_accelerator_system_clk_wiz_0_0
    BUFGCTRL_X0Y2                                                     r  cnn_accelerator_system_i/clk_wiz_0/inst/clkout3_buf/I
    BUFGCTRL_X0Y2        BUFG (Prop_bufg_I_O)         0.091     8.425 r  cnn_accelerator_system_i/clk_wiz_0/inst/clkout3_buf/O
                         net (fo=54397, routed)       1.577    10.003    cnn_accelerator_system_i/cnn_accelerator_wino_0/inst/conv2/lane[1].u_mul/g_wpe[4].wmem_op_reg_0_31_6_11/WCLK
    SLICE_X76Y74         RAMS32                                       r  cnn_accelerator_system_i/cnn_accelerator_wino_0/inst/conv2/lane[1].u_mul/g_wpe[4].wmem_op_reg_0_31_6_11/RAMD_D1/CLK
                         clock pessimism              0.179    10.182    
                         clock uncertainty           -0.067    10.115    
    SLICE_X76Y74         RAMS32 (Setup_rams32_CLK_WE)
                                                     -0.533     9.582    cnn_accelerator_system_i/cnn_accelerator_wino_0/inst/conv2/lane[1].u_mul/g_wpe[4].wmem_op_reg_0_31_6_11/RAMD_D1
  -------------------------------------------------------------------
                         required time                          9.582    
                         arrival time                          -9.884    
  -------------------------------------------------------------------
                         slack                                 -0.302    

Slack (VIOLATED) :        -0.298ns  (required time - arrival time)
  Source:                 cnn_accelerator_system_i/ram_interconnect/m01_couplers/auto_ds/inst/gen_downsizer.gen_simple_downsizer.axi_downsizer_inst/USE_WRITE.write_data_inst/first_word_reg/C
                            (rising edge-triggered cell FDSE clocked by clk_out1_cnn_accelerator_system_clk_wiz_0_0  {rise@0.000ns fall@5.000ns period=10.000ns})
  Destination:            cnn_accelerator_system_i/ram_interconnect/s02_couplers/auto_us/inst/gen_upsizer.gen_full_upsizer.axi_upsizer_inst/USE_WRITE.gen_non_fifo_w_upsizer.write_data_inst/WORD_LANE[0].USE_ALWAYS_PACKER.BYTE_LANE[1].USE_RTL_DATA.USE_REGISTER.M_AXI_WDATA_I_reg[12]/CE
                            (rising edge-triggered cell FDRE clocked by clk_out1_cnn_accelerator_system_clk_wiz_0_0  {rise@0.000ns fall@5.000ns period=10.000ns})
  Path Group:             clk_out1_cnn_accelerator_system_clk_wiz_0_0
  Path Type:              Setup (Max at Slow Process Corner)
  Requirement:            10.000ns  (clk_out1_cnn_accelerator_system_clk_wiz_0_0 rise@10.000ns - clk_out1_cnn_accelerator_system_clk_wiz_0_0 rise@0.000ns)
  Data Path Delay:        9.780ns  (logic 1.758ns (17.976%)  route 8.022ns (82.024%))
  Logic Levels:           10  (LUT2=1 LUT3=1 LUT4=1 LUT5=2 LUT6=5)
  Clock Path Skew:        -0.276ns (DCD - SCD + CPR)
    Destination Clock Delay (DCD):    4.938ns = ( 14.938 - 10.000 ) 
    Source Clock Delay      (SCD):    5.401ns
    Clock Pessimism Removal (CPR):    0.187ns
  Clock Uncertainty:      0.074ns  ((TSJ^2 + DJ^2)^1/2) / 2 + PE
    Total System Jitter     (TSJ):    0.071ns
    Discrete Jitter          (DJ):    0.129ns
    Phase Error              (PE):    0.000ns

    Location             Delay type                Incr(ns)  Path(ns)    Netlist Resource(s)
  -------------------------------------------------------------------    -------------------
                         (clock clk_out1_cnn_accelerator_system_clk_wiz_0_0 rise edge)
                                                      0.000     0.000 r  
    E3                                                0.000     0.000 r  CLK100MHZ (IN)
                         net (fo=0)                   0.000     0.000    CLK100MHZ
    E3                                                                r  CLK100MHZ_IBUF_inst/I
    E3                   IBUF (Prop_ibuf_I_O)         1.482     1.482 r  CLK100MHZ_IBUF_inst/O
                         net (fo=1, routed)           2.025     3.506    cnn_accelerator_system_i/util_ds_buf_0/U0/BUFG_I[0]
    BUFGCTRL_X0Y16                                                    r  cnn_accelerator_system_i/util_ds_buf_0/U0/USE_BUFG.GEN_BUFG[0].BUFG_U/I
    BUFGCTRL_X0Y16       BUFG (Prop_bufg_I_O)         0.096     3.602 r  cnn_accelerator_system_i/util_ds_buf_0/U0/USE_BUFG.GEN_BUFG[0].BUFG_U/O
                         net (fo=2, routed)           1.809     5.412    cnn_accelerator_system_i/clk_wiz_0/inst/clk_in1
    MMCME2_ADV_X0Y0                                                   r  cnn_accelerator_system_i/clk_wiz_0/inst/mmcm_adv_inst/CLKIN1
    MMCME2_ADV_X0Y0      MMCME2_ADV (Prop_mmcme2_adv_CLKIN1_CLKOUT0)
                                                     -3.922     1.490 r  cnn_accelerator_system_i/clk_wiz_0/inst/mmcm_adv_inst/CLKOUT0
                         net (fo=1, routed)           2.018     3.508    cnn_accelerator_system_i/clk_wiz_0/inst/clk_out1_cnn_accelerator_system_clk_wiz_0_0
    BUFGCTRL_X0Y3                                                     r  cnn_accelerator_system_i/clk_wiz_0/inst/clkout1_buf/I
    BUFGCTRL_X0Y3        BUFG (Prop_bufg_I_O)         0.096     3.604 r  cnn_accelerator_system_i/clk_wiz_0/inst/clkout1_buf/O
                         net (fo=14543, routed)       1.796     5.401    cnn_accelerator_system_i/ram_interconnect/m01_couplers/auto_ds/inst/gen_downsizer.gen_simple_downsizer.axi_downsizer_inst/USE_WRITE.write_data_inst/CLK
    SLICE_X42Y19         FDSE                                         r  cnn_accelerator_system_i/ram_interconnect/m01_couplers/auto_ds/inst/gen_downsizer.gen_simple_downsizer.axi_downsizer_inst/USE_WRITE.write_data_inst/first_word_reg/C
  -------------------------------------------------------------------    -------------------
    SLICE_X42Y19         FDSE (Prop_fdse_C_Q)         0.518     5.919 r  cnn_accelerator_system_i/ram_interconnect/m01_couplers/auto_ds/inst/gen_downsizer.gen_simple_downsizer.axi_downsizer_inst/USE_WRITE.write_data_inst/first_word_reg/Q
                         net (fo=20, routed)          1.364     7.282    cnn_accelerator_system_i/ram_interconnect/m01_couplers/auto_ds/inst/gen_downsizer.gen_simple_downsizer.axi_downsizer_inst/USE_WRITE.write_data_inst/first_mi_word
    SLICE_X32Y26                                                      r  cnn_accelerator_system_i/ram_interconnect/m01_couplers/auto_ds/inst/gen_downsizer.gen_simple_downsizer.axi_downsizer_inst/USE_WRITE.write_data_inst/current_word_1[1]_i_3/I1
    SLICE_X32Y26         LUT4 (Prop_lut4_I1_O)        0.124     7.406 f  cnn_accelerator_system_i/ram_interconnect/m01_couplers/auto_ds/inst/gen_downsizer.gen_simple_downsizer.axi_downsizer_inst/USE_WRITE.write_data_inst/current_word_1[1]_i_3/O
                         net (fo=3, routed)           0.600     8.006    cnn_accelerator_system_i/ram_interconnect/m01_couplers/auto_ds/inst/gen_downsizer.gen_simple_downsizer.axi_downsizer_inst/USE_WRITE.write_addr_inst/cmd_queue/inst/current_word_1_reg[1]_0
    SLICE_X35Y25                                                      f  cnn_accelerator_system_i/ram_interconnect/m01_couplers/auto_ds/inst/gen_downsizer.gen_simple_downsizer.axi_downsizer_inst/USE_WRITE.write_addr_inst/cmd_queue/inst/current_word_1[2]_i_2__0/I2
    SLICE_X35Y25         LUT5 (Prop_lut5_I2_O)        0.124     8.130 r  cnn_accelerator_system_i/ram_interconnect/m01_couplers/auto_ds/inst/gen_downsizer.gen_simple_downsizer.axi_downsizer_inst/USE_WRITE.write_addr_inst/cmd_queue/inst/current_word_1[2]_i_2__0/O
                         net (fo=2, routed)           0.582     8.712    cnn_accelerator_system_i/ram_interconnect/m01_couplers/auto_ds/inst/gen_downsizer.gen_simple_downsizer.axi_downsizer_inst/USE_WRITE.write_addr_inst/cmd_queue/inst/current_word_1[2]_i_2__0_n_0
    SLICE_X32Y25                                                      r  cnn_accelerator_system_i/ram_interconnect/m01_couplers/auto_ds/inst/gen_downsizer.gen_simple_downsizer.axi_downsizer_inst/USE_WRITE.write_addr_inst/cmd_queue/inst/s_axi_wready_INST_0_i_2/I3
    SLICE_X32Y25         LUT5 (Prop_lut5_I3_O)        0.124     8.836 r  cnn_accelerator_system_i/ram_interconnect/m01_couplers/auto_ds/inst/gen_downsizer.gen_simple_downsizer.axi_downsizer_inst/USE_WRITE.write_addr_inst/cmd_queue/inst/s_axi_wready_INST_0_i_2/O
                         net (fo=2, routed)           0.904     9.740    cnn_accelerator_system_i/ram_interconnect/m01_couplers/auto_ds/inst/gen_downsizer.gen_simple_downsizer.axi_downsizer_inst/USE_WRITE.write_addr_inst/cmd_queue/inst/s_axi_wready_INST_0_i_2_n_0
    SLICE_X27Y26                                                      r  cnn_accelerator_system_i/ram_interconnect/m01_couplers/auto_ds/inst/gen_downsizer.gen_simple_downsizer.axi_downsizer_inst/USE_WRITE.write_addr_inst/cmd_queue/inst/s_axi_wready_INST_0_i_1/I0
    SLICE_X27Y26         LUT6 (Prop_lut6_I0_O)        0.124     9.864 f  cnn_accelerator_system_i/ram_interconnect/m01_couplers/auto_ds/inst/gen_downsizer.gen_simple_downsizer.axi_downsizer_inst/USE_WRITE.write_addr_inst/cmd_queue/inst/s_axi_wready_INST_0_i_1/O
                         net (fo=1, routed)           0.295    10.159    cnn_accelerator_system_i/ram_interconnect/m01_couplers/auto_ds/inst/gen_downsizer.gen_simple_downsizer.axi_downsizer_inst/USE_WRITE.write_addr_inst/cmd_queue/inst/s_axi_wready_INST_0_i_1_n_0
    SLICE_X27Y28                                                      f  cnn_accelerator_system_i/ram_interconnect/m01_couplers/auto_ds/inst/gen_downsizer.gen_simple_downsizer.axi_downsizer_inst/USE_WRITE.write_addr_inst/cmd_queue/inst/s_axi_wready_INST_0/I5
    SLICE_X27Y28         LUT6 (Prop_lut6_I5_O)        0.124    10.283 r  cnn_accelerator_system_i/ram_interconnect/m01_couplers/auto_ds/inst/gen_downsizer.gen_simple_downsizer.axi_downsizer_inst/USE_WRITE.write_addr_inst/cmd_queue/inst/s_axi_wready_INST_0/O
                         net (fo=4, routed)           0.641    10.923    cnn_accelerator_system_i/ram_interconnect/xbar/inst/gen_samd.crossbar_samd/gen_slave_slots[2].gen_si_write.wdata_router_w/wrouter_aw_fifo/gen_srls[0].gen_rep[1].srl_nx1/m_axi_wready[0]
    SLICE_X27Y37                                                      r  cnn_accelerator_system_i/ram_interconnect/xbar/inst/gen_samd.crossbar_samd/gen_slave_slots[2].gen_si_write.wdata_router_w/wrouter_aw_fifo/gen_srls[0].gen_rep[1].srl_nx1/s_axi_wready[2]_INST_0_i_1/I3
    SLICE_X27Y37         LUT6 (Prop_lut6_I3_O)        0.124    11.047 r  cnn_accelerator_system_i/ram_interconnect/xbar/inst/gen_samd.crossbar_samd/gen_slave_slots[2].gen_si_write.wdata_router_w/wrouter_aw_fifo/gen_srls[0].gen_rep[1].srl_nx1/s_axi_wready[2]_INST_0_i_1/O
                         net (fo=4, routed)           0.759    11.807    cnn_accelerator_system_i/ram_interconnect/xbar/inst/gen_samd.crossbar_samd/gen_slave_slots[2].gen_si_write.wdata_router_w/wrouter_aw_fifo/m_aready0
    SLICE_X27Y45                                                      r  cnn_accelerator_system_i/ram_interconnect/xbar/inst/gen_samd.crossbar_samd/gen_slave_slots[2].gen_si_write.wdata_router_w/wrouter_aw_fifo/s_axi_wready[2]_INST_0/I1
    SLICE_X27Y45         LUT2 (Prop_lut2_I1_O)        0.124    11.931 r  cnn_accelerator_system_i/ram_interconnect/xbar/inst/gen_samd.crossbar_samd/gen_slave_slots[2].gen_si_write.wdata_router_w/wrouter_aw_fifo/s_axi_wready[2]_INST_0/O
                         net (fo=39, routed)          0.711    12.642    cnn_accelerator_system_i/ram_interconnect/s02_couplers/auto_us/inst/gen_upsizer.gen_full_upsizer.axi_upsizer_inst/USE_WRITE.write_addr_inst/GEN_CMD_QUEUE.cmd_queue/m_axi_wready
    SLICE_X29Y45                                                      r  cnn_accelerator_system_i/ram_interconnect/s02_couplers/auto_us/inst/gen_upsizer.gen_full_upsizer.axi_upsizer_inst/USE_WRITE.write_addr_inst/GEN_CMD_QUEUE.cmd_queue/WORD_LANE[3].USE_ALWAYS_PACKER.BYTE_LANE[3].USE_RTL_DATA.USE_REGISTER.M_AXI_WDATA_I[127]_i_6/I1
    SLICE_X29Y45         LUT6 (Prop_lut6_I1_O)        0.124    12.766 f  cnn_accelerator_system_i/ram_interconnect/s02_couplers/auto_us/inst/gen_upsizer.gen_full_upsizer.axi_upsizer_inst/USE_WRITE.write_addr_inst/GEN_CMD_QUEUE.cmd_queue/WORD_LANE[3].USE_ALWAYS_PACKER.BYTE_LANE[3].USE_RTL_DATA.USE_REGISTER.M_AXI_WDATA_I[127]_i_6/O
                         net (fo=2, routed)           0.610    13.376    cnn_accelerator_system_i/ram_interconnect/s02_couplers/auto_us/inst/gen_upsizer.gen_full_upsizer.axi_upsizer_inst/USE_WRITE.write_addr_inst/GEN_CMD_QUEUE.cmd_queue/WORD_LANE[3].USE_ALWAYS_PACKER.BYTE_LANE[3].USE_RTL_DATA.USE_REGISTER.M_AXI_WDATA_I[127]_i_6_n_0
    SLICE_X30Y45                                                      f  cnn_accelerator_system_i/ram_interconnect/s02_couplers/auto_us/inst/gen_upsizer.gen_full_upsizer.axi_upsizer_inst/USE_WRITE.write_addr_inst/GEN_CMD_QUEUE.cmd_queue/WORD_LANE[0].USE_ALWAYS_PACKER.BYTE_LANE[3].USE_RTL_DATA.USE_REGISTER.M_AXI_WDATA_I[31]_i_5/I2
    SLICE_X30Y45         LUT3 (Prop_lut3_I2_O)        0.124    13.500 f  cnn_accelerator_system_i/ram_interconnect/s02_couplers/auto_us/inst/gen_upsizer.gen_full_upsizer.axi_upsizer_inst/USE_WRITE.write_addr_inst/GEN_CMD_QUEUE.cmd_queue/WORD_LANE[0].USE_ALWAYS_PACKER.BYTE_LANE[3].USE_RTL_DATA.USE_REGISTER.M_AXI_WDATA_I[31]_i_5/O
                         net (fo=8, routed)           0.626    14.126    cnn_accelerator_system_i/ram_interconnect/s02_couplers/auto_us/inst/gen_upsizer.gen_full_upsizer.axi_upsizer_inst/USE_WRITE.gen_non_fifo_w_upsizer.write_data_inst/WORD_LANE[0].USE_ALWAYS_PACKER.BYTE_LANE[0].USE_RTL_DATA.USE_REGISTER.M_AXI_WSTRB_I_reg[0]_0
    SLICE_X35Y46                                                      f  cnn_accelerator_system_i/ram_interconnect/s02_couplers/auto_us/inst/gen_upsizer.gen_full_upsizer.axi_upsizer_inst/USE_WRITE.gen_non_fifo_w_upsizer.write_data_inst/WORD_LANE[0].USE_ALWAYS_PACKER.BYTE_LANE[1].USE_RTL_DATA.USE_REGISTER.M_AXI_WDATA_I[15]_i_1/I2
    SLICE_X35Y46         LUT6 (Prop_lut6_I2_O)        0.124    14.250 r  cnn_accelerator_system_i/ram_interconnect/s02_couplers/auto_us/inst/gen_upsizer.gen_full_upsizer.axi_upsizer_inst/USE_WRITE.gen_non_fifo_w_upsizer.write_data_inst/WORD_LANE[0].USE_ALWAYS_PACKER.BYTE_LANE[1].USE_RTL_DATA.USE_REGISTER.M_AXI_WDATA_I[15]_i_1/O
                         net (fo=8, routed)           0.931    15.181    cnn_accelerator_system_i/ram_interconnect/s02_couplers/auto_us/inst/gen_upsizer.gen_full_upsizer.axi_upsizer_inst/USE_WRITE.gen_non_fifo_w_upsizer.write_data_inst/WORD_LANE[0].USE_ALWAYS_PACKER.BYTE_LANE[1].USE_RTL_DATA.USE_REGISTER.M_AXI_WDATA_I[15]_i_1_n_0
    SLICE_X42Y54         FDRE                                         r  cnn_accelerator_system_i/ram_interconnect/s02_couplers/auto_us/inst/gen_upsizer.gen_full_upsizer.axi_upsizer_inst/USE_WRITE.gen_non_fifo_w_upsizer.write_data_inst/WORD_LANE[0].USE_ALWAYS_PACKER.BYTE_LANE[1].USE_RTL_DATA.USE_REGISTER.M_AXI_WDATA_I_reg[12]/CE
  -------------------------------------------------------------------    -------------------

                         (clock clk_out1_cnn_accelerator_system_clk_wiz_0_0 rise edge)
                                                     10.000    10.000 r  
    E3                                                0.000    10.000 r  CLK100MHZ (IN)
                         net (fo=0)                   0.000    10.000    CLK100MHZ
    E3                                                                r  CLK100MHZ_IBUF_inst/I
    E3                   IBUF (Prop_ibuf_I_O)         1.411    11.411 r  CLK100MHZ_IBUF_inst/O
                         net (fo=1, routed)           1.920    13.331    cnn_accelerator_system_i/util_ds_buf_0/U0/BUFG_I[0]
    BUFGCTRL_X0Y16                                                    r  cnn_accelerator_system_i/util_ds_buf_0/U0/USE_BUFG.GEN_BUFG[0].BUFG_U/I
    BUFGCTRL_X0Y16       BUFG (Prop_bufg_I_O)         0.091    13.422 r  cnn_accelerator_system_i/util_ds_buf_0/U0/USE_BUFG.GEN_BUFG[0].BUFG_U/O
                         net (fo=2, routed)           1.683    15.105    cnn_accelerator_system_i/clk_wiz_0/inst/clk_in1
    MMCME2_ADV_X0Y0                                                   r  cnn_accelerator_system_i/clk_wiz_0/inst/mmcm_adv_inst/CLKIN1
    MMCME2_ADV_X0Y0      MMCME2_ADV (Prop_mmcme2_adv_CLKIN1_CLKOUT0)
                                                     -3.694    11.411 r  cnn_accelerator_system_i/clk_wiz_0/inst/mmcm_adv_inst/CLKOUT0
                         net (fo=1, routed)           1.923    13.334    cnn_accelerator_system_i/clk_wiz_0/inst/clk_out1_cnn_accelerator_system_clk_wiz_0_0
    BUFGCTRL_X0Y3                                                     r  cnn_accelerator_system_i/clk_wiz_0/inst/clkout1_buf/I
    BUFGCTRL_X0Y3        BUFG (Prop_bufg_I_O)         0.091    13.425 r  cnn_accelerator_system_i/clk_wiz_0/inst/clkout1_buf/O
                         net (fo=14543, routed)       1.512    14.938    cnn_accelerator_system_i/ram_interconnect/s02_couplers/auto_us/inst/gen_upsizer.gen_full_upsizer.axi_upsizer_inst/USE_WRITE.gen_non_fifo_w_upsizer.write_data_inst/USE_RTL_LENGTH.length_counter_q_reg[0]_0
    SLICE_X42Y54         FDRE                                         r  cnn_accelerator_system_i/ram_interconnect/s02_couplers/auto_us/inst/gen_upsizer.gen_full_upsizer.axi_upsizer_inst/USE_WRITE.gen_non_fifo_w_upsizer.write_data_inst/WORD_LANE[0].USE_ALWAYS_PACKER.BYTE_LANE[1].USE_RTL_DATA.USE_REGISTER.M_AXI_WDATA_I_reg[12]/C
                         clock pessimism              0.187    15.125    
                         clock uncertainty           -0.074    15.051    
    SLICE_X42Y54         FDRE (Setup_fdre_C_CE)      -0.169    14.882    cnn_accelerator_system_i/ram_interconnect/s02_couplers/auto_us/inst/gen_upsizer.gen_full_upsizer.axi_upsizer_inst/USE_WRITE.gen_non_fifo_w_upsizer.write_data_inst/WORD_LANE[0].USE_ALWAYS_PACKER.BYTE_LANE[1].USE_RTL_DATA.USE_REGISTER.M_AXI_WDATA_I_reg[12]
  -------------------------------------------------------------------
                         required time                         14.882    
                         arrival time                         -15.181    
  -------------------------------------------------------------------
                         slack                                 -0.298    

Slack (VIOLATED) :        -0.298ns  (required time - arrival time)
  Source:                 cnn_accelerator_system_i/ram_interconnect/m01_couplers/auto_ds/inst/gen_downsizer.gen_simple_downsizer.axi_downsizer_inst/USE_WRITE.write_data_inst/first_word_reg/C
                            (rising edge-triggered cell FDSE clocked by clk_out1_cnn_accelerator_system_clk_wiz_0_0  {rise@0.000ns fall@5.000ns period=10.000ns})
  Destination:            cnn_accelerator_system_i/ram_interconnect/s02_couplers/auto_us/inst/gen_upsizer.gen_full_upsizer.axi_upsizer_inst/USE_WRITE.gen_non_fifo_w_upsizer.write_data_inst/WORD_LANE[0].USE_ALWAYS_PACKER.BYTE_LANE[1].USE_RTL_DATA.USE_REGISTER.M_AXI_WDATA_I_reg[14]/CE
                            (rising edge-triggered cell FDRE clocked by clk_out1_cnn_accelerator_system_clk_wiz_0_0  {rise@0.000ns fall@5.000ns period=10.000ns})
  Path Group:             clk_out1_cnn_accelerator_system_clk_wiz_0_0
  Path Type:              Setup (Max at Slow Process Corner)
  Requirement:            10.000ns  (clk_out1_cnn_accelerator_system_clk_wiz_0_0 rise@10.000ns - clk_out1_cnn_accelerator_system_clk_wiz_0_0 rise@0.000ns)
  Data Path Delay:        9.780ns  (logic 1.758ns (17.976%)  route 8.022ns (82.024%))
  Logic Levels:           10  (LUT2=1 LUT3=1 LUT4=1 LUT5=2 LUT6=5)
  Clock Path Skew:        -0.276ns (DCD - SCD + CPR)
    Destination Clock Delay (DCD):    4.938ns = ( 14.938 - 10.000 ) 
    Source Clock Delay      (SCD):    5.401ns
    Clock Pessimism Removal (CPR):    0.187ns
  Clock Uncertainty:      0.074ns  ((TSJ^2 + DJ^2)^1/2) / 2 + PE
    Total System Jitter     (TSJ):    0.071ns
    Discrete Jitter          (DJ):    0.129ns
    Phase Error              (PE):    0.000ns

    Location             Delay type                Incr(ns)  Path(ns)    Netlist Resource(s)
  -------------------------------------------------------------------    -------------------
                         (clock clk_out1_cnn_accelerator_system_clk_wiz_0_0 rise edge)
                                                      0.000     0.000 r  
    E3                                                0.000     0.000 r  CLK100MHZ (IN)
                         net (fo=0)                   0.000     0.000    CLK100MHZ
    E3                                                                r  CLK100MHZ_IBUF_inst/I
    E3                   IBUF (Prop_ibuf_I_O)         1.482     1.482 r  CLK100MHZ_IBUF_inst/O
                         net (fo=1, routed)           2.025     3.506    cnn_accelerator_system_i/util_ds_buf_0/U0/BUFG_I[0]
    BUFGCTRL_X0Y16                                                    r  cnn_accelerator_system_i/util_ds_buf_0/U0/USE_BUFG.GEN_BUFG[0].BUFG_U/I
    BUFGCTRL_X0Y16       BUFG (Prop_bufg_I_O)         0.096     3.602 r  cnn_accelerator_system_i/util_ds_buf_0/U0/USE_BUFG.GEN_BUFG[0].BUFG_U/O
                         net (fo=2, routed)           1.809     5.412    cnn_accelerator_system_i/clk_wiz_0/inst/clk_in1
    MMCME2_ADV_X0Y0                                                   r  cnn_accelerator_system_i/clk_wiz_0/inst/mmcm_adv_inst/CLKIN1
    MMCME2_ADV_X0Y0      MMCME2_ADV (Prop_mmcme2_adv_CLKIN1_CLKOUT0)
                                                     -3.922     1.490 r  cnn_accelerator_system_i/clk_wiz_0/inst/mmcm_adv_inst/CLKOUT0
                         net (fo=1, routed)           2.018     3.508    cnn_accelerator_system_i/clk_wiz_0/inst/clk_out1_cnn_accelerator_system_clk_wiz_0_0
    BUFGCTRL_X0Y3                                                     r  cnn_accelerator_system_i/clk_wiz_0/inst/clkout1_buf/I
    BUFGCTRL_X0Y3        BUFG (Prop_bufg_I_O)         0.096     3.604 r  cnn_accelerator_system_i/clk_wiz_0/inst/clkout1_buf/O
                         net (fo=14543, routed)       1.796     5.401    cnn_accelerator_system_i/ram_interconnect/m01_couplers/auto_ds/inst/gen_downsizer.gen_simple_downsizer.axi_downsizer_inst/USE_WRITE.write_data_inst/CLK
    SLICE_X42Y19         FDSE                                         r  cnn_accelerator_system_i/ram_interconnect/m01_couplers/auto_ds/inst/gen_downsizer.gen_simple_downsizer.axi_downsizer_inst/USE_WRITE.write_data_inst/first_word_reg/C
  -------------------------------------------------------------------    -------------------
    SLICE_X42Y19         FDSE (Prop_fdse_C_Q)         0.518     5.919 r  cnn_accelerator_system_i/ram_interconnect/m01_couplers/auto_ds/inst/gen_downsizer.gen_simple_downsizer.axi_downsizer_inst/USE_WRITE.write_data_inst/first_word_reg/Q
                         net (fo=20, routed)          1.364     7.282    cnn_accelerator_system_i/ram_interconnect/m01_couplers/auto_ds/inst/gen_downsizer.gen_simple_downsizer.axi_downsizer_inst/USE_WRITE.write_data_inst/first_mi_word
    SLICE_X32Y26                                                      r  cnn_accelerator_system_i/ram_interconnect/m01_couplers/auto_ds/inst/gen_downsizer.gen_simple_downsizer.axi_downsizer_inst/USE_WRITE.write_data_inst/current_word_1[1]_i_3/I1
    SLICE_X32Y26         LUT4 (Prop_lut4_I1_O)        0.124     7.406 f  cnn_accelerator_system_i/ram_interconnect/m01_couplers/auto_ds/inst/gen_downsizer.gen_simple_downsizer.axi_downsizer_inst/USE_WRITE.write_data_inst/current_word_1[1]_i_3/O
                         net (fo=3, routed)           0.600     8.006    cnn_accelerator_system_i/ram_interconnect/m01_couplers/auto_ds/inst/gen_downsizer.gen_simple_downsizer.axi_downsizer_inst/USE_WRITE.write_addr_inst/cmd_queue/inst/current_word_1_reg[1]_0
    SLICE_X35Y25                                                      f  cnn_accelerator_system_i/ram_interconnect/m01_couplers/auto_ds/inst/gen_downsizer.gen_simple_downsizer.axi_downsizer_inst/USE_WRITE.write_addr_inst/cmd_queue/inst/current_word_1[2]_i_2__0/I2
    SLICE_X35Y25         LUT5 (Prop_lut5_I2_O)        0.124     8.130 r  cnn_accelerator_system_i/ram_interconnect/m01_couplers/auto_ds/inst/gen_downsizer.gen_simple_downsizer.axi_downsizer_inst/USE_WRITE.write_addr_inst/cmd_queue/inst/current_word_1[2]_i_2__0/O
                         net (fo=2, routed)           0.582     8.712    cnn_accelerator_system_i/ram_interconnect/m01_couplers/auto_ds/inst/gen_downsizer.gen_simple_downsizer.axi_downsizer_inst/USE_WRITE.write_addr_inst/cmd_queue/inst/current_word_1[2]_i_2__0_n_0
    SLICE_X32Y25                                                      r  cnn_accelerator_system_i/ram_interconnect/m01_couplers/auto_ds/inst/gen_downsizer.gen_simple_downsizer.axi_downsizer_inst/USE_WRITE.write_addr_inst/cmd_queue/inst/s_axi_wready_INST_0_i_2/I3
    SLICE_X32Y25         LUT5 (Prop_lut5_I3_O)        0.124     8.836 r  cnn_accelerator_system_i/ram_interconnect/m01_couplers/auto_ds/inst/gen_downsizer.gen_simple_downsizer.axi_downsizer_inst/USE_WRITE.write_addr_inst/cmd_queue/inst/s_axi_wready_INST_0_i_2/O
                         net (fo=2, routed)           0.904     9.740    cnn_accelerator_system_i/ram_interconnect/m01_couplers/auto_ds/inst/gen_downsizer.gen_simple_downsizer.axi_downsizer_inst/USE_WRITE.write_addr_inst/cmd_queue/inst/s_axi_wready_INST_0_i_2_n_0
    SLICE_X27Y26                                                      r  cnn_accelerator_system_i/ram_interconnect/m01_couplers/auto_ds/inst/gen_downsizer.gen_simple_downsizer.axi_downsizer_inst/USE_WRITE.write_addr_inst/cmd_queue/inst/s_axi_wready_INST_0_i_1/I0
    SLICE_X27Y26         LUT6 (Prop_lut6_I0_O)        0.124     9.864 f  cnn_accelerator_system_i/ram_interconnect/m01_couplers/auto_ds/inst/gen_downsizer.gen_simple_downsizer.axi_downsizer_inst/USE_WRITE.write_addr_inst/cmd_queue/inst/s_axi_wready_INST_0_i_1/O
                         net (fo=1, routed)           0.295    10.159    cnn_accelerator_system_i/ram_interconnect/m01_couplers/auto_ds/inst/gen_downsizer.gen_simple_downsizer.axi_downsizer_inst/USE_WRITE.write_addr_inst/cmd_queue/inst/s_axi_wready_INST_0_i_1_n_0
    SLICE_X27Y28                                                      f  cnn_accelerator_system_i/ram_interconnect/m01_couplers/auto_ds/inst/gen_downsizer.gen_simple_downsizer.axi_downsizer_inst/USE_WRITE.write_addr_inst/cmd_queue/inst/s_axi_wready_INST_0/I5
    SLICE_X27Y28         LUT6 (Prop_lut6_I5_O)        0.124    10.283 r  cnn_accelerator_system_i/ram_interconnect/m01_couplers/auto_ds/inst/gen_downsizer.gen_simple_downsizer.axi_downsizer_inst/USE_WRITE.write_addr_inst/cmd_queue/inst/s_axi_wready_INST_0/O
                         net (fo=4, routed)           0.641    10.923    cnn_accelerator_system_i/ram_interconnect/xbar/inst/gen_samd.crossbar_samd/gen_slave_slots[2].gen_si_write.wdata_router_w/wrouter_aw_fifo/gen_srls[0].gen_rep[1].srl_nx1/m_axi_wready[0]
    SLICE_X27Y37                                                      r  cnn_accelerator_system_i/ram_interconnect/xbar/inst/gen_samd.crossbar_samd/gen_slave_slots[2].gen_si_write.wdata_router_w/wrouter_aw_fifo/gen_srls[0].gen_rep[1].srl_nx1/s_axi_wready[2]_INST_0_i_1/I3
    SLICE_X27Y37         LUT6 (Prop_lut6_I3_O)        0.124    11.047 r  cnn_accelerator_system_i/ram_interconnect/xbar/inst/gen_samd.crossbar_samd/gen_slave_slots[2].gen_si_write.wdata_router_w/wrouter_aw_fifo/gen_srls[0].gen_rep[1].srl_nx1/s_axi_wready[2]_INST_0_i_1/O
                         net (fo=4, routed)           0.759    11.807    cnn_accelerator_system_i/ram_interconnect/xbar/inst/gen_samd.crossbar_samd/gen_slave_slots[2].gen_si_write.wdata_router_w/wrouter_aw_fifo/m_aready0
    SLICE_X27Y45                                                      r  cnn_accelerator_system_i/ram_interconnect/xbar/inst/gen_samd.crossbar_samd/gen_slave_slots[2].gen_si_write.wdata_router_w/wrouter_aw_fifo/s_axi_wready[2]_INST_0/I1
    SLICE_X27Y45         LUT2 (Prop_lut2_I1_O)        0.124    11.931 r  cnn_accelerator_system_i/ram_interconnect/xbar/inst/gen_samd.crossbar_samd/gen_slave_slots[2].gen_si_write.wdata_router_w/wrouter_aw_fifo/s_axi_wready[2]_INST_0/O
                         net (fo=39, routed)          0.711    12.642    cnn_accelerator_system_i/ram_interconnect/s02_couplers/auto_us/inst/gen_upsizer.gen_full_upsizer.axi_upsizer_inst/USE_WRITE.write_addr_inst/GEN_CMD_QUEUE.cmd_queue/m_axi_wready
    SLICE_X29Y45                                                      r  cnn_accelerator_system_i/ram_interconnect/s02_couplers/auto_us/inst/gen_upsizer.gen_full_upsizer.axi_upsizer_inst/USE_WRITE.write_addr_inst/GEN_CMD_QUEUE.cmd_queue/WORD_LANE[3].USE_ALWAYS_PACKER.BYTE_LANE[3].USE_RTL_DATA.USE_REGISTER.M_AXI_WDATA_I[127]_i_6/I1
    SLICE_X29Y45         LUT6 (Prop_lut6_I1_O)        0.124    12.766 f  cnn_accelerator_system_i/ram_interconnect/s02_couplers/auto_us/inst/gen_upsizer.gen_full_upsizer.axi_upsizer_inst/USE_WRITE.write_addr_inst/GEN_CMD_QUEUE.cmd_queue/WORD_LANE[3].USE_ALWAYS_PACKER.BYTE_LANE[3].USE_RTL_DATA.USE_REGISTER.M_AXI_WDATA_I[127]_i_6/O
                         net (fo=2, routed)           0.610    13.376    cnn_accelerator_system_i/ram_interconnect/s02_couplers/auto_us/inst/gen_upsizer.gen_full_upsizer.axi_upsizer_inst/USE_WRITE.write_addr_inst/GEN_CMD_QUEUE.cmd_queue/WORD_LANE[3].USE_ALWAYS_PACKER.BYTE_LANE[3].USE_RTL_DATA.USE_REGISTER.M_AXI_WDATA_I[127]_i_6_n_0
    SLICE_X30Y45                                                      f  cnn_accelerator_system_i/ram_interconnect/s02_couplers/auto_us/inst/gen_upsizer.gen_full_upsizer.axi_upsizer_inst/USE_WRITE.write_addr_inst/GEN_CMD_QUEUE.cmd_queue/WORD_LANE[0].USE_ALWAYS_PACKER.BYTE_LANE[3].USE_RTL_DATA.USE_REGISTER.M_AXI_WDATA_I[31]_i_5/I2
    SLICE_X30Y45         LUT3 (Prop_lut3_I2_O)        0.124    13.500 f  cnn_accelerator_system_i/ram_interconnect/s02_couplers/auto_us/inst/gen_upsizer.gen_full_upsizer.axi_upsizer_inst/USE_WRITE.write_addr_inst/GEN_CMD_QUEUE.cmd_queue/WORD_LANE[0].USE_ALWAYS_PACKER.BYTE_LANE[3].USE_RTL_DATA.USE_REGISTER.M_AXI_WDATA_I[31]_i_5/O
                         net (fo=8, routed)           0.626    14.126    cnn_accelerator_system_i/ram_interconnect/s02_couplers/auto_us/inst/gen_upsizer.gen_full_upsizer.axi_upsizer_inst/USE_WRITE.gen_non_fifo_w_upsizer.write_data_inst/WORD_LANE[0].USE_ALWAYS_PACKER.BYTE_LANE[0].USE_RTL_DATA.USE_REGISTER.M_AXI_WSTRB_I_reg[0]_0
    SLICE_X35Y46                                                      f  cnn_accelerator_system_i/ram_interconnect/s02_couplers/auto_us/inst/gen_upsizer.gen_full_upsizer.axi_upsizer_inst/USE_WRITE.gen_non_fifo_w_upsizer.write_data_inst/WORD_LANE[0].USE_ALWAYS_PACKER.BYTE_LANE[1].USE_RTL_DATA.USE_REGISTER.M_AXI_WDATA_I[15]_i_1/I2
    SLICE_X35Y46         LUT6 (Prop_lut6_I2_O)        0.124    14.250 r  cnn_accelerator_system_i/ram_interconnect/s02_couplers/auto_us/inst/gen_upsizer.gen_full_upsizer.axi_upsizer_inst/USE_WRITE.gen_non_fifo_w_upsizer.write_data_inst/WORD_LANE[0].USE_ALWAYS_PACKER.BYTE_LANE[1].USE_RTL_DATA.USE_REGISTER.M_AXI_WDATA_I[15]_i_1/O
                         net (fo=8, routed)           0.931    15.181    cnn_accelerator_system_i/ram_interconnect/s02_couplers/auto_us/inst/gen_upsizer.gen_full_upsizer.axi_upsizer_inst/USE_WRITE.gen_non_fifo_w_upsizer.write_data_inst/WORD_LANE[0].USE_ALWAYS_PACKER.BYTE_LANE[1].USE_RTL_DATA.USE_REGISTER.M_AXI_WDATA_I[15]_i_1_n_0
    SLICE_X42Y54         FDRE                                         r  cnn_accelerator_system_i/ram_interconnect/s02_couplers/auto_us/inst/gen_upsizer.gen_full_upsizer.axi_upsizer_inst/USE_WRITE.gen_non_fifo_w_upsizer.write_data_inst/WORD_LANE[0].USE_ALWAYS_PACKER.BYTE_LANE[1].USE_RTL_DATA.USE_REGISTER.M_AXI_WDATA_I_reg[14]/CE
  -------------------------------------------------------------------    -------------------

                         (clock clk_out1_cnn_accelerator_system_clk_wiz_0_0 rise edge)
                                                     10.000    10.000 r  
    E3                                                0.000    10.000 r  CLK100MHZ (IN)
                         net (fo=0)                   0.000    10.000    CLK100MHZ
    E3                                                                r  CLK100MHZ_IBUF_inst/I
    E3                   IBUF (Prop_ibuf_I_O)         1.411    11.411 r  CLK100MHZ_IBUF_inst/O
                         net (fo=1, routed)           1.920    13.331    cnn_accelerator_system_i/util_ds_buf_0/U0/BUFG_I[0]
    BUFGCTRL_X0Y16                                                    r  cnn_accelerator_system_i/util_ds_buf_0/U0/USE_BUFG.GEN_BUFG[0].BUFG_U/I
    BUFGCTRL_X0Y16       BUFG (Prop_bufg_I_O)         0.091    13.422 r  cnn_accelerator_system_i/util_ds_buf_0/U0/USE_BUFG.GEN_BUFG[0].BUFG_U/O
                         net (fo=2, routed)           1.683    15.105    cnn_accelerator_system_i/clk_wiz_0/inst/clk_in1
    MMCME2_ADV_X0Y0                                                   r  cnn_accelerator_system_i/clk_wiz_0/inst/mmcm_adv_inst/CLKIN1
    MMCME2_ADV_X0Y0      MMCME2_ADV (Prop_mmcme2_adv_CLKIN1_CLKOUT0)
                                                     -3.694    11.411 r  cnn_accelerator_system_i/clk_wiz_0/inst/mmcm_adv_inst/CLKOUT0
                         net (fo=1, routed)           1.923    13.334    cnn_accelerator_system_i/clk_wiz_0/inst/clk_out1_cnn_accelerator_system_clk_wiz_0_0
    BUFGCTRL_X0Y3                                                     r  cnn_accelerator_system_i/clk_wiz_0/inst/clkout1_buf/I
    BUFGCTRL_X0Y3        BUFG (Prop_bufg_I_O)         0.091    13.425 r  cnn_accelerator_system_i/clk_wiz_0/inst/clkout1_buf/O
                         net (fo=14543, routed)       1.512    14.938    cnn_accelerator_system_i/ram_interconnect/s02_couplers/auto_us/inst/gen_upsizer.gen_full_upsizer.axi_upsizer_inst/USE_WRITE.gen_non_fifo_w_upsizer.write_data_inst/USE_RTL_LENGTH.length_counter_q_reg[0]_0
    SLICE_X42Y54         FDRE                                         r  cnn_accelerator_system_i/ram_interconnect/s02_couplers/auto_us/inst/gen_upsizer.gen_full_upsizer.axi_upsizer_inst/USE_WRITE.gen_non_fifo_w_upsizer.write_data_inst/WORD_LANE[0].USE_ALWAYS_PACKER.BYTE_LANE[1].USE_RTL_DATA.USE_REGISTER.M_AXI_WDATA_I_reg[14]/C
                         clock pessimism              0.187    15.125    
                         clock uncertainty           -0.074    15.051    
    SLICE_X42Y54         FDRE (Setup_fdre_C_CE)      -0.169    14.882    cnn_accelerator_system_i/ram_interconnect/s02_couplers/auto_us/inst/gen_upsizer.gen_full_upsizer.axi_upsizer_inst/USE_WRITE.gen_non_fifo_w_upsizer.write_data_inst/WORD_LANE[0].USE_ALWAYS_PACKER.BYTE_LANE[1].USE_RTL_DATA.USE_REGISTER.M_AXI_WDATA_I_reg[14]
  -------------------------------------------------------------------
                         required time                         14.882    
                         arrival time                         -15.181    
  -------------------------------------------------------------------
                         slack                                 -0.298    

Slack (VIOLATED) :        -0.240ns  (required time - arrival time)
  Source:                 cnn_accelerator_system_i/cnn_accelerator_wino_0/inst/conv2/tile6_q_reg[1803]/C
                            (rising edge-triggered cell FDRE clocked by clk_out3_cnn_accelerator_system_clk_wiz_0_0  {rise@0.000ns fall@2.500ns period=5.000ns})
  Destination:            cnn_accelerator_system_i/cnn_accelerator_wino_0/inst/conv2/gic[1].u_it/tre_reg[0][4][10]/D
                            (rising edge-triggered cell FDRE clocked by clk_out3_cnn_accelerator_system_clk_wiz_0_0  {rise@0.000ns fall@2.500ns period=5.000ns})
  Path Group:             clk_out3_cnn_accelerator_system_clk_wiz_0_0
  Path Type:              Setup (Max at Slow Process Corner)
  Requirement:            5.000ns  (clk_out3_cnn_accelerator_system_clk_wiz_0_0 rise@5.000ns - clk_out3_cnn_accelerator_system_clk_wiz_0_0 rise@0.000ns)
  Data Path Delay:        5.132ns  (logic 1.647ns (32.094%)  route 3.485ns (67.906%))
  Logic Levels:           4  (CARRY4=2 LUT2=1 LUT3=1)
  Clock Path Skew:        -0.104ns (DCD - SCD + CPR)
    Destination Clock Delay (DCD):    5.015ns = ( 10.015 - 5.000 ) 
    Source Clock Delay      (SCD):    5.297ns
    Clock Pessimism Removal (CPR):    0.179ns
  Clock Uncertainty:      0.067ns  ((TSJ^2 + DJ^2)^1/2) / 2 + PE
    Total System Jitter     (TSJ):    0.071ns
    Discrete Jitter          (DJ):    0.113ns
    Phase Error              (PE):    0.000ns

    Location             Delay type                Incr(ns)  Path(ns)    Netlist Resource(s)
  -------------------------------------------------------------------    -------------------
                         (clock clk_out3_cnn_accelerator_system_clk_wiz_0_0 rise edge)
                                                      0.000     0.000 r  
    E3                                                0.000     0.000 r  CLK100MHZ (IN)
                         net (fo=0)                   0.000     0.000    CLK100MHZ
    E3                                                                r  CLK100MHZ_IBUF_inst/I
    E3                   IBUF (Prop_ibuf_I_O)         1.482     1.482 r  CLK100MHZ_IBUF_inst/O
                         net (fo=1, routed)           2.025     3.506    cnn_accelerator_system_i/util_ds_buf_0/U0/BUFG_I[0]
    BUFGCTRL_X0Y16                                                    r  cnn_accelerator_system_i/util_ds_buf_0/U0/USE_BUFG.GEN_BUFG[0].BUFG_U/I
    BUFGCTRL_X0Y16       BUFG (Prop_bufg_I_O)         0.096     3.602 r  cnn_accelerator_system_i/util_ds_buf_0/U0/USE_BUFG.GEN_BUFG[0].BUFG_U/O
                         net (fo=2, routed)           1.809     5.412    cnn_accelerator_system_i/clk_wiz_0/inst/clk_in1
    MMCME2_ADV_X0Y0                                                   r  cnn_accelerator_system_i/clk_wiz_0/inst/mmcm_adv_inst/CLKIN1
    MMCME2_ADV_X0Y0      MMCME2_ADV (Prop_mmcme2_adv_CLKIN1_CLKOUT2)
                                                     -3.922     1.490 r  cnn_accelerator_system_i/clk_wiz_0/inst/mmcm_adv_inst/CLKOUT2
                         net (fo=1, routed)           2.018     3.508    cnn_accelerator_system_i/clk_wiz_0/inst/clk_out3_cnn_accelerator_system_clk_wiz_0_0
    BUFGCTRL_X0Y2                                                     r  cnn_accelerator_system_i/clk_wiz_0/inst/clkout3_buf/I
    BUFGCTRL_X0Y2        BUFG (Prop_bufg_I_O)         0.096     3.604 r  cnn_accelerator_system_i/clk_wiz_0/inst/clkout3_buf/O
                         net (fo=54397, routed)       1.693     5.297    cnn_accelerator_system_i/cnn_accelerator_wino_0/inst/conv2/clk
    SLICE_X78Y121        FDRE                                         r  cnn_accelerator_system_i/cnn_accelerator_wino_0/inst/conv2/tile6_q_reg[1803]/C
  -------------------------------------------------------------------    -------------------
    SLICE_X78Y121        FDRE (Prop_fdre_C_Q)         0.478     5.775 f  cnn_accelerator_system_i/cnn_accelerator_wino_0/inst/conv2/tile6_q_reg[1803]/Q
                         net (fo=2, routed)           0.796     6.572    cnn_accelerator_system_i/cnn_accelerator_wino_0/inst/conv2/gic[1].u_it/Q[451]
    SLICE_X77Y127                                                     f  cnn_accelerator_system_i/cnn_accelerator_wino_0/inst/conv2/gic[1].u_it/i___1_i_2__0/I2
    SLICE_X77Y127        LUT3 (Prop_lut3_I2_O)        0.296     6.868 f  cnn_accelerator_system_i/cnn_accelerator_wino_0/inst/conv2/gic[1].u_it/i___1_i_2__0/O
                         net (fo=9, routed)           1.927     8.795    cnn_accelerator_system_i/cnn_accelerator_wino_0/inst/conv2/gic[1].u_it/gic[1].d_flat_ic[227]
    SLICE_X82Y85                                                      f  cnn_accelerator_system_i/cnn_accelerator_wino_0/inst/conv2/gic[1].u_it/tre[0][4][9]_i_5__0/I1
    SLICE_X82Y85         LUT2 (Prop_lut2_I1_O)        0.124     8.919 r  cnn_accelerator_system_i/cnn_accelerator_wino_0/inst/conv2/gic[1].u_it/tre[0][4][9]_i_5__0/O
                         net (fo=1, routed)           0.762     9.680    cnn_accelerator_system_i/cnn_accelerator_wino_0/inst/conv2/gic[1].u_it/tre[0][4][9]_i_5__0_n_0
    SLICE_X77Y85                                                      r  cnn_accelerator_system_i/cnn_accelerator_wino_0/inst/conv2/gic[1].u_it/tre_reg[0][4][9]_i_1__0/DI[0]
    SLICE_X77Y85         CARRY4 (Prop_carry4_DI[0]_CO[3])
                                                      0.526    10.206 r  cnn_accelerator_system_i/cnn_accelerator_wino_0/inst/conv2/gic[1].u_it/tre_reg[0][4][9]_i_1__0/CO[3]
                         net (fo=1, routed)           0.000    10.206    cnn_accelerator_system_i/cnn_accelerator_wino_0/inst/conv2/gic[1].u_it/tre_reg[0][4][9]_i_1__0_n_0
    SLICE_X77Y86                                                      r  cnn_accelerator_system_i/cnn_accelerator_wino_0/inst/conv2/gic[1].u_it/tre_reg[0][4][10]_i_1__0/CI
    SLICE_X77Y86         CARRY4 (Prop_carry4_CI_O[0])
                                                      0.223    10.429 r  cnn_accelerator_system_i/cnn_accelerator_wino_0/inst/conv2/gic[1].u_it/tre_reg[0][4][10]_i_1__0/O[0]
                         net (fo=1, routed)           0.000    10.429    cnn_accelerator_system_i/cnn_accelerator_wino_0/inst/conv2/gic[1].u_it/tre_c[0][4]_337[10]
    SLICE_X77Y86         FDRE                                         r  cnn_accelerator_system_i/cnn_accelerator_wino_0/inst/conv2/gic[1].u_it/tre_reg[0][4][10]/D
  -------------------------------------------------------------------    -------------------

                         (clock clk_out3_cnn_accelerator_system_clk_wiz_0_0 rise edge)
                                                      5.000     5.000 r  
    E3                                                0.000     5.000 r  CLK100MHZ (IN)
                         net (fo=0)                   0.000     5.000    CLK100MHZ
    E3                                                                r  CLK100MHZ_IBUF_inst/I
    E3                   IBUF (Prop_ibuf_I_O)         1.411     6.411 r  CLK100MHZ_IBUF_inst/O
                         net (fo=1, routed)           1.920     8.331    cnn_accelerator_system_i/util_ds_buf_0/U0/BUFG_I[0]
    BUFGCTRL_X0Y16                                                    r  cnn_accelerator_system_i/util_ds_buf_0/U0/USE_BUFG.GEN_BUFG[0].BUFG_U/I
    BUFGCTRL_X0Y16       BUFG (Prop_bufg_I_O)         0.091     8.422 r  cnn_accelerator_system_i/util_ds_buf_0/U0/USE_BUFG.GEN_BUFG[0].BUFG_U/O
                         net (fo=2, routed)           1.683    10.105    cnn_accelerator_system_i/clk_wiz_0/inst/clk_in1
    MMCME2_ADV_X0Y0                                                   r  cnn_accelerator_system_i/clk_wiz_0/inst/mmcm_adv_inst/CLKIN1
    MMCME2_ADV_X0Y0      MMCME2_ADV (Prop_mmcme2_adv_CLKIN1_CLKOUT2)
                                                     -3.694     6.411 r  cnn_accelerator_system_i/clk_wiz_0/inst/mmcm_adv_inst/CLKOUT2
                         net (fo=1, routed)           1.923     8.334    cnn_accelerator_system_i/clk_wiz_0/inst/clk_out3_cnn_accelerator_system_clk_wiz_0_0
    BUFGCTRL_X0Y2                                                     r  cnn_accelerator_system_i/clk_wiz_0/inst/clkout3_buf/I
    BUFGCTRL_X0Y2        BUFG (Prop_bufg_I_O)         0.091     8.425 r  cnn_accelerator_system_i/clk_wiz_0/inst/clkout3_buf/O
                         net (fo=54397, routed)       1.589    10.015    cnn_accelerator_system_i/cnn_accelerator_wino_0/inst/conv2/gic[1].u_it/clk
    SLICE_X77Y86         FDRE                                         r  cnn_accelerator_system_i/cnn_accelerator_wino_0/inst/conv2/gic[1].u_it/tre_reg[0][4][10]/C
                         clock pessimism              0.179    10.194    
                         clock uncertainty           -0.067    10.127    
    SLICE_X77Y86         FDRE (Setup_fdre_C_D)        0.062    10.189    cnn_accelerator_system_i/cnn_accelerator_wino_0/inst/conv2/gic[1].u_it/tre_reg[0][4][10]
  -------------------------------------------------------------------
                         required time                         10.189    
                         arrival time                         -10.429    
  -------------------------------------------------------------------
                         slack                                 -0.240    

Slack (VIOLATED) :        -0.231ns  (required time - arrival time)
  Source:                 cnn_accelerator_system_i/cnn_accelerator_wino_0/inst/conv2/tile6_q_reg[956]/C
                            (rising edge-triggered cell FDRE clocked by clk_out3_cnn_accelerator_system_clk_wiz_0_0  {rise@0.000ns fall@2.500ns period=5.000ns})
  Destination:            cnn_accelerator_system_i/cnn_accelerator_wino_0/inst/conv2/gic[3].u_it/tre_reg[2][2][8]/D
                            (rising edge-triggered cell FDRE clocked by clk_out3_cnn_accelerator_system_clk_wiz_0_0  {rise@0.000ns fall@2.500ns period=5.000ns})
  Path Group:             clk_out3_cnn_accelerator_system_clk_wiz_0_0
  Path Type:              Setup (Max at Slow Process Corner)
  Requirement:            5.000ns  (clk_out3_cnn_accelerator_system_clk_wiz_0_0 rise@5.000ns - clk_out3_cnn_accelerator_system_clk_wiz_0_0 rise@0.000ns)
  Data Path Delay:        5.113ns  (logic 1.620ns (31.684%)  route 3.493ns (68.316%))
  Logic Levels:           5  (CARRY4=2 LUT3=2 LUT5=1)
  Clock Path Skew:        -0.113ns (DCD - SCD + CPR)
    Destination Clock Delay (DCD):    4.912ns = ( 9.912 - 5.000 ) 
    Source Clock Delay      (SCD):    5.211ns
    Clock Pessimism Removal (CPR):    0.186ns
  Clock Uncertainty:      0.067ns  ((TSJ^2 + DJ^2)^1/2) / 2 + PE
    Total System Jitter     (TSJ):    0.071ns
    Discrete Jitter          (DJ):    0.113ns
    Phase Error              (PE):    0.000ns

    Location             Delay type                Incr(ns)  Path(ns)    Netlist Resource(s)
  -------------------------------------------------------------------    -------------------
                         (clock clk_out3_cnn_accelerator_system_clk_wiz_0_0 rise edge)
                                                      0.000     0.000 r  
    E3                                                0.000     0.000 r  CLK100MHZ (IN)
                         net (fo=0)                   0.000     0.000    CLK100MHZ
    E3                                                                r  CLK100MHZ_IBUF_inst/I
    E3                   IBUF (Prop_ibuf_I_O)         1.482     1.482 r  CLK100MHZ_IBUF_inst/O
                         net (fo=1, routed)           2.025     3.506    cnn_accelerator_system_i/util_ds_buf_0/U0/BUFG_I[0]
    BUFGCTRL_X0Y16                                                    r  cnn_accelerator_system_i/util_ds_buf_0/U0/USE_BUFG.GEN_BUFG[0].BUFG_U/I
    BUFGCTRL_X0Y16       BUFG (Prop_bufg_I_O)         0.096     3.602 r  cnn_accelerator_system_i/util_ds_buf_0/U0/USE_BUFG.GEN_BUFG[0].BUFG_U/O
                         net (fo=2, routed)           1.809     5.412    cnn_accelerator_system_i/clk_wiz_0/inst/clk_in1
    MMCME2_ADV_X0Y0                                                   r  cnn_accelerator_system_i/clk_wiz_0/inst/mmcm_adv_inst/CLKIN1
    MMCME2_ADV_X0Y0      MMCME2_ADV (Prop_mmcme2_adv_CLKIN1_CLKOUT2)
                                                     -3.922     1.490 r  cnn_accelerator_system_i/clk_wiz_0/inst/mmcm_adv_inst/CLKOUT2
                         net (fo=1, routed)           2.018     3.508    cnn_accelerator_system_i/clk_wiz_0/inst/clk_out3_cnn_accelerator_system_clk_wiz_0_0
    BUFGCTRL_X0Y2                                                     r  cnn_accelerator_system_i/clk_wiz_0/inst/clkout3_buf/I
    BUFGCTRL_X0Y2        BUFG (Prop_bufg_I_O)         0.096     3.604 r  cnn_accelerator_system_i/clk_wiz_0/inst/clkout3_buf/O
                         net (fo=54397, routed)       1.607     5.211    cnn_accelerator_system_i/cnn_accelerator_wino_0/inst/conv2/clk
    SLICE_X56Y114        FDRE                                         r  cnn_accelerator_system_i/cnn_accelerator_wino_0/inst/conv2/tile6_q_reg[956]/C
  -------------------------------------------------------------------    -------------------
    SLICE_X56Y114        FDRE (Prop_fdre_C_Q)         0.518     5.729 r  cnn_accelerator_system_i/cnn_accelerator_wino_0/inst/conv2/tile6_q_reg[956]/Q
                         net (fo=1, routed)           1.145     6.875    cnn_accelerator_system_i/cnn_accelerator_wino_0/inst/conv2/gic[3].u_it/Q[236]
    SLICE_X47Y120                                                     r  cnn_accelerator_system_i/cnn_accelerator_wino_0/inst/conv2/gic[3].u_it/i___23_i_3__2/I0
    SLICE_X47Y120        LUT3 (Prop_lut3_I0_O)        0.124     6.999 r  cnn_accelerator_system_i/cnn_accelerator_wino_0/inst/conv2/gic[3].u_it/i___23_i_3__2/O
                         net (fo=6, routed)           0.737     7.736    cnn_accelerator_system_i/cnn_accelerator_wino_0/inst/conv2/gic[3].u_it/gic[3].d_flat_ic[116]
    SLICE_X49Y122                                                     r  cnn_accelerator_system_i/cnn_accelerator_wino_0/inst/conv2/gic[3].u_it/i___23/I2
    SLICE_X49Y122        LUT3 (Prop_lut3_I2_O)        0.124     7.860 r  cnn_accelerator_system_i/cnn_accelerator_wino_0/inst/conv2/gic[3].u_it/i___23/O
                         net (fo=4, routed)           0.792     8.652    cnn_accelerator_system_i/cnn_accelerator_wino_0/inst/conv2/gic[3].u_it/i___23_n_0
    SLICE_X44Y124                                                     r  cnn_accelerator_system_i/cnn_accelerator_wino_0/inst/conv2/gic[3].u_it/tre[2][2][7]_i_4__2/I3
    SLICE_X44Y124        LUT5 (Prop_lut5_I3_O)        0.124     8.776 r  cnn_accelerator_system_i/cnn_accelerator_wino_0/inst/conv2/gic[3].u_it/tre[2][2][7]_i_4__2/O
                         net (fo=2, routed)           0.819     9.594    cnn_accelerator_system_i/cnn_accelerator_wino_0/inst/conv2/gic[3].u_it/tre[2][2][7]_i_4__2_n_0
    SLICE_X51Y119                                                     r  cnn_accelerator_system_i/cnn_accelerator_wino_0/inst/conv2/gic[3].u_it/tre_reg[2][2][7]_i_1__2/DI[1]
    SLICE_X51Y119        CARRY4 (Prop_carry4_DI[1]_CO[3])
                                                      0.507    10.101 r  cnn_accelerator_system_i/cnn_accelerator_wino_0/inst/conv2/gic[3].u_it/tre_reg[2][2][7]_i_1__2/CO[3]
                         net (fo=1, routed)           0.000    10.101    cnn_accelerator_system_i/cnn_accelerator_wino_0/inst/conv2/gic[3].u_it/tre_reg[2][2][7]_i_1__2_n_0
    SLICE_X51Y120                                                     r  cnn_accelerator_system_i/cnn_accelerator_wino_0/inst/conv2/gic[3].u_it/tre_reg[2][2][10]_i_1__2/CI
    SLICE_X51Y120        CARRY4 (Prop_carry4_CI_O[0])
                                                      0.223    10.324 r  cnn_accelerator_system_i/cnn_accelerator_wino_0/inst/conv2/gic[3].u_it/tre_reg[2][2][10]_i_1__2/O[0]
                         net (fo=1, routed)           0.000    10.324    cnn_accelerator_system_i/cnn_accelerator_wino_0/inst/conv2/gic[3].u_it/tre_c[2][2]_495[8]
    SLICE_X51Y120        FDRE                                         r  cnn_accelerator_system_i/cnn_accelerator_wino_0/inst/conv2/gic[3].u_it/tre_reg[2][2][8]/D
  -------------------------------------------------------------------    -------------------

                         (clock clk_out3_cnn_accelerator_system_clk_wiz_0_0 rise edge)
                                                      5.000     5.000 r  
    E3                                                0.000     5.000 r  CLK100MHZ (IN)
                         net (fo=0)                   0.000     5.000    CLK100MHZ
    E3                                                                r  CLK100MHZ_IBUF_inst/I
    E3                   IBUF (Prop_ibuf_I_O)         1.411     6.411 r  CLK100MHZ_IBUF_inst/O
                         net (fo=1, routed)           1.920     8.331    cnn_accelerator_system_i/util_ds_buf_0/U0/BUFG_I[0]
    BUFGCTRL_X0Y16                                                    r  cnn_accelerator_system_i/util_ds_buf_0/U0/USE_BUFG.GEN_BUFG[0].BUFG_U/I
    BUFGCTRL_X0Y16       BUFG (Prop_bufg_I_O)         0.091     8.422 r  cnn_accelerator_system_i/util_ds_buf_0/U0/USE_BUFG.GEN_BUFG[0].BUFG_U/O
                         net (fo=2, routed)           1.683    10.105    cnn_accelerator_system_i/clk_wiz_0/inst/clk_in1
    MMCME2_ADV_X0Y0                                                   r  cnn_accelerator_system_i/clk_wiz_0/inst/mmcm_adv_inst/CLKIN1
    MMCME2_ADV_X0Y0      MMCME2_ADV (Prop_mmcme2_adv_CLKIN1_CLKOUT2)
                                                     -3.694     6.411 r  cnn_accelerator_system_i/clk_wiz_0/inst/mmcm_adv_inst/CLKOUT2
                         net (fo=1, routed)           1.923     8.334    cnn_accelerator_system_i/clk_wiz_0/inst/clk_out3_cnn_accelerator_system_clk_wiz_0_0
    BUFGCTRL_X0Y2                                                     r  cnn_accelerator_system_i/clk_wiz_0/inst/clkout3_buf/I
    BUFGCTRL_X0Y2        BUFG (Prop_bufg_I_O)         0.091     8.425 r  cnn_accelerator_system_i/clk_wiz_0/inst/clkout3_buf/O
                         net (fo=54397, routed)       1.487     9.912    cnn_accelerator_system_i/cnn_accelerator_wino_0/inst/conv2/gic[3].u_it/clk
    SLICE_X51Y120        FDRE                                         r  cnn_accelerator_system_i/cnn_accelerator_wino_0/inst/conv2/gic[3].u_it/tre_reg[2][2][8]/C
                         clock pessimism              0.186    10.098    
                         clock uncertainty           -0.067    10.031    
    SLICE_X51Y120        FDRE (Setup_fdre_C_D)        0.062    10.093    cnn_accelerator_system_i/cnn_accelerator_wino_0/inst/conv2/gic[3].u_it/tre_reg[2][2][8]
  -------------------------------------------------------------------
                         required time                         10.093    
                         arrival time                         -10.324    
  -------------------------------------------------------------------
                         slack                                 -0.231    

Slack (VIOLATED) :        -0.224ns  (required time - arrival time)
  Source:                 cnn_accelerator_system_i/cnn_accelerator_wino_0/inst/conv2/grp_q_reg_rep__14/C
                            (rising edge-triggered cell FDRE clocked by clk_out3_cnn_accelerator_system_clk_wiz_0_0  {rise@0.000ns fall@2.500ns period=5.000ns})
  Destination:            cnn_accelerator_system_i/cnn_accelerator_wino_0/inst/conv2/gic[3].u_it/tre_reg[2][5][10]/D
                            (rising edge-triggered cell FDRE clocked by clk_out3_cnn_accelerator_system_clk_wiz_0_0  {rise@0.000ns fall@2.500ns period=5.000ns})
  Path Group:             clk_out3_cnn_accelerator_system_clk_wiz_0_0
  Path Type:              Setup (Max at Slow Process Corner)
  Requirement:            5.000ns  (clk_out3_cnn_accelerator_system_clk_wiz_0_0 rise@5.000ns - clk_out3_cnn_accelerator_system_clk_wiz_0_0 rise@0.000ns)
  Data Path Delay:        5.105ns  (logic 1.898ns (37.176%)  route 3.207ns (62.824%))
  Logic Levels:           6  (CARRY4=2 LUT3=2 LUT5=1 LUT6=1)
  Clock Path Skew:        -0.114ns (DCD - SCD + CPR)
    Destination Clock Delay (DCD):    4.931ns = ( 9.931 - 5.000 ) 
    Source Clock Delay      (SCD):    5.223ns
    Clock Pessimism Removal (CPR):    0.179ns
  Clock Uncertainty:      0.067ns  ((TSJ^2 + DJ^2)^1/2) / 2 + PE
    Total System Jitter     (TSJ):    0.071ns
    Discrete Jitter          (DJ):    0.113ns
    Phase Error              (PE):    0.000ns

    Location             Delay type                Incr(ns)  Path(ns)    Netlist Resource(s)
  -------------------------------------------------------------------    -------------------
                         (clock clk_out3_cnn_accelerator_system_clk_wiz_0_0 rise edge)
                                                      0.000     0.000 r  
    E3                                                0.000     0.000 r  CLK100MHZ (IN)
                         net (fo=0)                   0.000     0.000    CLK100MHZ
    E3                                                                r  CLK100MHZ_IBUF_inst/I
    E3                   IBUF (Prop_ibuf_I_O)         1.482     1.482 r  CLK100MHZ_IBUF_inst/O
                         net (fo=1, routed)           2.025     3.506    cnn_accelerator_system_i/util_ds_buf_0/U0/BUFG_I[0]
    BUFGCTRL_X0Y16                                                    r  cnn_accelerator_system_i/util_ds_buf_0/U0/USE_BUFG.GEN_BUFG[0].BUFG_U/I
    BUFGCTRL_X0Y16       BUFG (Prop_bufg_I_O)         0.096     3.602 r  cnn_accelerator_system_i/util_ds_buf_0/U0/USE_BUFG.GEN_BUFG[0].BUFG_U/O
                         net (fo=2, routed)           1.809     5.412    cnn_accelerator_system_i/clk_wiz_0/inst/clk_in1
    MMCME2_ADV_X0Y0                                                   r  cnn_accelerator_system_i/clk_wiz_0/inst/mmcm_adv_inst/CLKIN1
    MMCME2_ADV_X0Y0      MMCME2_ADV (Prop_mmcme2_adv_CLKIN1_CLKOUT2)
                                                     -3.922     1.490 r  cnn_accelerator_system_i/clk_wiz_0/inst/mmcm_adv_inst/CLKOUT2
                         net (fo=1, routed)           2.018     3.508    cnn_accelerator_system_i/clk_wiz_0/inst/clk_out3_cnn_accelerator_system_clk_wiz_0_0
    BUFGCTRL_X0Y2                                                     r  cnn_accelerator_system_i/clk_wiz_0/inst/clkout3_buf/I
    BUFGCTRL_X0Y2        BUFG (Prop_bufg_I_O)         0.096     3.604 r  cnn_accelerator_system_i/clk_wiz_0/inst/clkout3_buf/O
                         net (fo=54397, routed)       1.619     5.223    cnn_accelerator_system_i/cnn_accelerator_wino_0/inst/conv2/clk
    SLICE_X70Y105        FDRE                                         r  cnn_accelerator_system_i/cnn_accelerator_wino_0/inst/conv2/grp_q_reg_rep__14/C
  -------------------------------------------------------------------    -------------------
    SLICE_X70Y105        FDRE (Prop_fdre_C_Q)         0.518     5.741 r  cnn_accelerator_system_i/cnn_accelerator_wino_0/inst/conv2/grp_q_reg_rep__14/Q
                         net (fo=8, routed)           1.139     6.880    cnn_accelerator_system_i/cnn_accelerator_wino_0/inst/conv2/gic[3].u_it/i___72_0
    SLICE_X54Y101                                                     r  cnn_accelerator_system_i/cnn_accelerator_wino_0/inst/conv2/gic[3].u_it/i___37_i_3__2/I1
    SLICE_X54Y101        LUT3 (Prop_lut3_I1_O)        0.124     7.004 r  cnn_accelerator_system_i/cnn_accelerator_wino_0/inst/conv2/gic[3].u_it/i___37_i_3__2/O
                         net (fo=6, routed)           0.804     7.808    cnn_accelerator_system_i/cnn_accelerator_wino_0/inst/conv2/gic[3].u_it/gic[3].d_flat_ic[140]
    SLICE_X53Y96                                                      r  cnn_accelerator_system_i/cnn_accelerator_wino_0/inst/conv2/gic[3].u_it/i___37/I2
    SLICE_X53Y96         LUT3 (Prop_lut3_I2_O)        0.124     7.932 r  cnn_accelerator_system_i/cnn_accelerator_wino_0/inst/conv2/gic[3].u_it/i___37/O
                         net (fo=4, routed)           0.609     8.541    cnn_accelerator_system_i/cnn_accelerator_wino_0/inst/conv2/gic[3].u_it/i___37_n_0
    SLICE_X57Y94                                                      r  cnn_accelerator_system_i/cnn_accelerator_wino_0/inst/conv2/gic[3].u_it/tre[2][5][7]_i_4__2/I3
    SLICE_X57Y94         LUT5 (Prop_lut5_I3_O)        0.124     8.665 r  cnn_accelerator_system_i/cnn_accelerator_wino_0/inst/conv2/gic[3].u_it/tre[2][5][7]_i_4__2/O
                         net (fo=2, routed)           0.655     9.321    cnn_accelerator_system_i/cnn_accelerator_wino_0/inst/conv2/gic[3].u_it/tre[2][5][7]_i_4__2_n_0
    SLICE_X59Y91                                                      r  cnn_accelerator_system_i/cnn_accelerator_wino_0/inst/conv2/gic[3].u_it/tre[2][5][7]_i_8__2/I0
    SLICE_X59Y91         LUT6 (Prop_lut6_I0_O)        0.124     9.445 r  cnn_accelerator_system_i/cnn_accelerator_wino_0/inst/conv2/gic[3].u_it/tre[2][5][7]_i_8__2/O
                         net (fo=1, routed)           0.000     9.445    cnn_accelerator_system_i/cnn_accelerator_wino_0/inst/conv2/gic[3].u_it/tre[2][5][7]_i_8__2_n_0
    SLICE_X59Y91                                                      r  cnn_accelerator_system_i/cnn_accelerator_wino_0/inst/conv2/gic[3].u_it/tre_reg[2][5][7]_i_1__2/S[1]
    SLICE_X59Y91         CARRY4 (Prop_carry4_S[1]_CO[3])
                                                      0.550     9.995 r  cnn_accelerator_system_i/cnn_accelerator_wino_0/inst/conv2/gic[3].u_it/tre_reg[2][5][7]_i_1__2/CO[3]
                         net (fo=1, routed)           0.000     9.995    cnn_accelerator_system_i/cnn_accelerator_wino_0/inst/conv2/gic[3].u_it/tre_reg[2][5][7]_i_1__2_n_0
    SLICE_X59Y92                                                      r  cnn_accelerator_system_i/cnn_accelerator_wino_0/inst/conv2/gic[3].u_it/tre_reg[2][5][10]_i_1__2/CI
    SLICE_X59Y92         CARRY4 (Prop_carry4_CI_O[1])
                                                      0.334    10.329 r  cnn_accelerator_system_i/cnn_accelerator_wino_0/inst/conv2/gic[3].u_it/tre_reg[2][5][10]_i_1__2/O[1]
                         net (fo=1, routed)           0.000    10.329    cnn_accelerator_system_i/cnn_accelerator_wino_0/inst/conv2/gic[3].u_it/tre_c[2][5]_507[10]
    SLICE_X59Y92         FDRE                                         r  cnn_accelerator_system_i/cnn_accelerator_wino_0/inst/conv2/gic[3].u_it/tre_reg[2][5][10]/D
  -------------------------------------------------------------------    -------------------

                         (clock clk_out3_cnn_accelerator_system_clk_wiz_0_0 rise edge)
                                                      5.000     5.000 r  
    E3                                                0.000     5.000 r  CLK100MHZ (IN)
                         net (fo=0)                   0.000     5.000    CLK100MHZ
    E3                                                                r  CLK100MHZ_IBUF_inst/I
    E3                   IBUF (Prop_ibuf_I_O)         1.411     6.411 r  CLK100MHZ_IBUF_inst/O
                         net (fo=1, routed)           1.920     8.331    cnn_accelerator_system_i/util_ds_buf_0/U0/BUFG_I[0]
    BUFGCTRL_X0Y16                                                    r  cnn_accelerator_system_i/util_ds_buf_0/U0/USE_BUFG.GEN_BUFG[0].BUFG_U/I
    BUFGCTRL_X0Y16       BUFG (Prop_bufg_I_O)         0.091     8.422 r  cnn_accelerator_system_i/util_ds_buf_0/U0/USE_BUFG.GEN_BUFG[0].BUFG_U/O
                         net (fo=2, routed)           1.683    10.105    cnn_accelerator_system_i/clk_wiz_0/inst/clk_in1
    MMCME2_ADV_X0Y0                                                   r  cnn_accelerator_system_i/clk_wiz_0/inst/mmcm_adv_inst/CLKIN1
    MMCME2_ADV_X0Y0      MMCME2_ADV (Prop_mmcme2_adv_CLKIN1_CLKOUT2)
                                                     -3.694     6.411 r  cnn_accelerator_system_i/clk_wiz_0/inst/mmcm_adv_inst/CLKOUT2
                         net (fo=1, routed)           1.923     8.334    cnn_accelerator_system_i/clk_wiz_0/inst/clk_out3_cnn_accelerator_system_clk_wiz_0_0
    BUFGCTRL_X0Y2                                                     r  cnn_accelerator_system_i/clk_wiz_0/inst/clkout3_buf/I
    BUFGCTRL_X0Y2        BUFG (Prop_bufg_I_O)         0.091     8.425 r  cnn_accelerator_system_i/clk_wiz_0/inst/clkout3_buf/O
                         net (fo=54397, routed)       1.505     9.931    cnn_accelerator_system_i/cnn_accelerator_wino_0/inst/conv2/gic[3].u_it/clk
    SLICE_X59Y92         FDRE                                         r  cnn_accelerator_system_i/cnn_accelerator_wino_0/inst/conv2/gic[3].u_it/tre_reg[2][5][10]/C
                         clock pessimism              0.179    10.110    
                         clock uncertainty           -0.067    10.043    
    SLICE_X59Y92         FDRE (Setup_fdre_C_D)        0.062    10.105    cnn_accelerator_system_i/cnn_accelerator_wino_0/inst/conv2/gic[3].u_it/tre_reg[2][5][10]
  -------------------------------------------------------------------
                         required time                         10.105    
                         arrival time                         -10.329    
  -------------------------------------------------------------------
                         slack                                 -0.224    

Slack (VIOLATED) :        -0.214ns  (required time - arrival time)
  Source:                 cnn_accelerator_system_i/ram_interconnect/m01_couplers/auto_ds/inst/gen_downsizer.gen_simple_downsizer.axi_downsizer_inst/USE_WRITE.write_data_inst/first_word_reg/C
                            (rising edge-triggered cell FDSE clocked by clk_out1_cnn_accelerator_system_clk_wiz_0_0  {rise@0.000ns fall@5.000ns period=10.000ns})
  Destination:            cnn_accelerator_system_i/ram_interconnect/s02_couplers/auto_us/inst/gen_upsizer.gen_full_upsizer.axi_upsizer_inst/USE_WRITE.gen_non_fifo_w_upsizer.write_data_inst/WORD_LANE[1].USE_ALWAYS_PACKER.BYTE_LANE[3].USE_RTL_DATA.USE_REGISTER.M_AXI_WDATA_I_reg[58]/CE
                            (rising edge-triggered cell FDRE clocked by clk_out1_cnn_accelerator_system_clk_wiz_0_0  {rise@0.000ns fall@5.000ns period=10.000ns})
  Path Group:             clk_out1_cnn_accelerator_system_clk_wiz_0_0
  Path Type:              Setup (Max at Slow Process Corner)
  Requirement:            10.000ns  (clk_out1_cnn_accelerator_system_clk_wiz_0_0 rise@10.000ns - clk_out1_cnn_accelerator_system_clk_wiz_0_0 rise@0.000ns)
  Data Path Delay:        9.664ns  (logic 1.961ns (20.291%)  route 7.703ns (79.709%))
  Logic Levels:           10  (LUT2=1 LUT4=2 LUT5=4 LUT6=3)
  Clock Path Skew:        -0.271ns (DCD - SCD + CPR)
    Destination Clock Delay (DCD):    4.943ns = ( 14.943 - 10.000 ) 
    Source Clock Delay      (SCD):    5.401ns
    Clock Pessimism Removal (CPR):    0.187ns
  Clock Uncertainty:      0.074ns  ((TSJ^2 + DJ^2)^1/2) / 2 + PE
    Total System Jitter     (TSJ):    0.071ns
    Discrete Jitter          (DJ):    0.129ns
    Phase Error              (PE):    0.000ns

    Location             Delay type                Incr(ns)  Path(ns)    Netlist Resource(s)
  -------------------------------------------------------------------    -------------------
                         (clock clk_out1_cnn_accelerator_system_clk_wiz_0_0 rise edge)
                                                      0.000     0.000 r  
    E3                                                0.000     0.000 r  CLK100MHZ (IN)
                         net (fo=0)                   0.000     0.000    CLK100MHZ
    E3                                                                r  CLK100MHZ_IBUF_inst/I
    E3                   IBUF (Prop_ibuf_I_O)         1.482     1.482 r  CLK100MHZ_IBUF_inst/O
                         net (fo=1, routed)           2.025     3.506    cnn_accelerator_system_i/util_ds_buf_0/U0/BUFG_I[0]
    BUFGCTRL_X0Y16                                                    r  cnn_accelerator_system_i/util_ds_buf_0/U0/USE_BUFG.GEN_BUFG[0].BUFG_U/I
    BUFGCTRL_X0Y16       BUFG (Prop_bufg_I_O)         0.096     3.602 r  cnn_accelerator_system_i/util_ds_buf_0/U0/USE_BUFG.GEN_BUFG[0].BUFG_U/O
                         net (fo=2, routed)           1.809     5.412    cnn_accelerator_system_i/clk_wiz_0/inst/clk_in1
    MMCME2_ADV_X0Y0                                                   r  cnn_accelerator_system_i/clk_wiz_0/inst/mmcm_adv_inst/CLKIN1
    MMCME2_ADV_X0Y0      MMCME2_ADV (Prop_mmcme2_adv_CLKIN1_CLKOUT0)
                                                     -3.922     1.490 r  cnn_accelerator_system_i/clk_wiz_0/inst/mmcm_adv_inst/CLKOUT0
                         net (fo=1, routed)           2.018     3.508    cnn_accelerator_system_i/clk_wiz_0/inst/clk_out1_cnn_accelerator_system_clk_wiz_0_0
    BUFGCTRL_X0Y3                                                     r  cnn_accelerator_system_i/clk_wiz_0/inst/clkout1_buf/I
    BUFGCTRL_X0Y3        BUFG (Prop_bufg_I_O)         0.096     3.604 r  cnn_accelerator_system_i/clk_wiz_0/inst/clkout1_buf/O
                         net (fo=14543, routed)       1.796     5.401    cnn_accelerator_system_i/ram_interconnect/m01_couplers/auto_ds/inst/gen_downsizer.gen_simple_downsizer.axi_downsizer_inst/USE_WRITE.write_data_inst/CLK
    SLICE_X42Y19         FDSE                                         r  cnn_accelerator_system_i/ram_interconnect/m01_couplers/auto_ds/inst/gen_downsizer.gen_simple_downsizer.axi_downsizer_inst/USE_WRITE.write_data_inst/first_word_reg/C
  -------------------------------------------------------------------    -------------------
    SLICE_X42Y19         FDSE (Prop_fdse_C_Q)         0.518     5.919 r  cnn_accelerator_system_i/ram_interconnect/m01_couplers/auto_ds/inst/gen_downsizer.gen_simple_downsizer.axi_downsizer_inst/USE_WRITE.write_data_inst/first_word_reg/Q
                         net (fo=20, routed)          1.364     7.282    cnn_accelerator_system_i/ram_interconnect/m01_couplers/auto_ds/inst/gen_downsizer.gen_simple_downsizer.axi_downsizer_inst/USE_WRITE.write_data_inst/first_mi_word
    SLICE_X32Y26                                                      r  cnn_accelerator_system_i/ram_interconnect/m01_couplers/auto_ds/inst/gen_downsizer.gen_simple_downsizer.axi_downsizer_inst/USE_WRITE.write_data_inst/current_word_1[1]_i_3/I1
    SLICE_X32Y26         LUT4 (Prop_lut4_I1_O)        0.124     7.406 f  cnn_accelerator_system_i/ram_interconnect/m01_couplers/auto_ds/inst/gen_downsizer.gen_simple_downsizer.axi_downsizer_inst/USE_WRITE.write_data_inst/current_word_1[1]_i_3/O
                         net (fo=3, routed)           0.600     8.006    cnn_accelerator_system_i/ram_interconnect/m01_couplers/auto_ds/inst/gen_downsizer.gen_simple_downsizer.axi_downsizer_inst/USE_WRITE.write_addr_inst/cmd_queue/inst/current_word_1_reg[1]_0
    SLICE_X35Y25                                                      f  cnn_accelerator_system_i/ram_interconnect/m01_couplers/auto_ds/inst/gen_downsizer.gen_simple_downsizer.axi_downsizer_inst/USE_WRITE.write_addr_inst/cmd_queue/inst/current_word_1[2]_i_2__0/I2
    SLICE_X35Y25         LUT5 (Prop_lut5_I2_O)        0.124     8.130 r  cnn_accelerator_system_i/ram_interconnect/m01_couplers/auto_ds/inst/gen_downsizer.gen_simple_downsizer.axi_downsizer_inst/USE_WRITE.write_addr_inst/cmd_queue/inst/current_word_1[2]_i_2__0/O
                         net (fo=2, routed)           0.582     8.712    cnn_accelerator_system_i/ram_interconnect/m01_couplers/auto_ds/inst/gen_downsizer.gen_simple_downsizer.axi_downsizer_inst/USE_WRITE.write_addr_inst/cmd_queue/inst/current_word_1[2]_i_2__0_n_0
    SLICE_X32Y25                                                      r  cnn_accelerator_system_i/ram_interconnect/m01_couplers/auto_ds/inst/gen_downsizer.gen_simple_downsizer.axi_downsizer_inst/USE_WRITE.write_addr_inst/cmd_queue/inst/s_axi_wready_INST_0_i_2/I3
    SLICE_X32Y25         LUT5 (Prop_lut5_I3_O)        0.124     8.836 r  cnn_accelerator_system_i/ram_interconnect/m01_couplers/auto_ds/inst/gen_downsizer.gen_simple_downsizer.axi_downsizer_inst/USE_WRITE.write_addr_inst/cmd_queue/inst/s_axi_wready_INST_0_i_2/O
                         net (fo=2, routed)           0.904     9.740    cnn_accelerator_system_i/ram_interconnect/m01_couplers/auto_ds/inst/gen_downsizer.gen_simple_downsizer.axi_downsizer_inst/USE_WRITE.write_addr_inst/cmd_queue/inst/s_axi_wready_INST_0_i_2_n_0
    SLICE_X27Y26                                                      r  cnn_accelerator_system_i/ram_interconnect/m01_couplers/auto_ds/inst/gen_downsizer.gen_simple_downsizer.axi_downsizer_inst/USE_WRITE.write_addr_inst/cmd_queue/inst/s_axi_wready_INST_0_i_1/I0
    SLICE_X27Y26         LUT6 (Prop_lut6_I0_O)        0.124     9.864 f  cnn_accelerator_system_i/ram_interconnect/m01_couplers/auto_ds/inst/gen_downsizer.gen_simple_downsizer.axi_downsizer_inst/USE_WRITE.write_addr_inst/cmd_queue/inst/s_axi_wready_INST_0_i_1/O
                         net (fo=1, routed)           0.295    10.159    cnn_accelerator_system_i/ram_interconnect/m01_couplers/auto_ds/inst/gen_downsizer.gen_simple_downsizer.axi_downsizer_inst/USE_WRITE.write_addr_inst/cmd_queue/inst/s_axi_wready_INST_0_i_1_n_0
    SLICE_X27Y28                                                      f  cnn_accelerator_system_i/ram_interconnect/m01_couplers/auto_ds/inst/gen_downsizer.gen_simple_downsizer.axi_downsizer_inst/USE_WRITE.write_addr_inst/cmd_queue/inst/s_axi_wready_INST_0/I5
    SLICE_X27Y28         LUT6 (Prop_lut6_I5_O)        0.124    10.283 r  cnn_accelerator_system_i/ram_interconnect/m01_couplers/auto_ds/inst/gen_downsizer.gen_simple_downsizer.axi_downsizer_inst/USE_WRITE.write_addr_inst/cmd_queue/inst/s_axi_wready_INST_0/O
                         net (fo=4, routed)           0.641    10.923    cnn_accelerator_system_i/ram_interconnect/xbar/inst/gen_samd.crossbar_samd/gen_slave_slots[2].gen_si_write.wdata_router_w/wrouter_aw_fifo/gen_srls[0].gen_rep[1].srl_nx1/m_axi_wready[0]
    SLICE_X27Y37                                                      r  cnn_accelerator_system_i/ram_interconnect/xbar/inst/gen_samd.crossbar_samd/gen_slave_slots[2].gen_si_write.wdata_router_w/wrouter_aw_fifo/gen_srls[0].gen_rep[1].srl_nx1/s_axi_wready[2]_INST_0_i_1/I3
    SLICE_X27Y37         LUT6 (Prop_lut6_I3_O)        0.124    11.047 r  cnn_accelerator_system_i/ram_interconnect/xbar/inst/gen_samd.crossbar_samd/gen_slave_slots[2].gen_si_write.wdata_router_w/wrouter_aw_fifo/gen_srls[0].gen_rep[1].srl_nx1/s_axi_wready[2]_INST_0_i_1/O
                         net (fo=4, routed)           0.759    11.807    cnn_accelerator_system_i/ram_interconnect/xbar/inst/gen_samd.crossbar_samd/gen_slave_slots[2].gen_si_write.wdata_router_w/wrouter_aw_fifo/m_aready0
    SLICE_X27Y45                                                      r  cnn_accelerator_system_i/ram_interconnect/xbar/inst/gen_samd.crossbar_samd/gen_slave_slots[2].gen_si_write.wdata_router_w/wrouter_aw_fifo/s_axi_wready[2]_INST_0/I1
    SLICE_X27Y45         LUT2 (Prop_lut2_I1_O)        0.124    11.931 r  cnn_accelerator_system_i/ram_interconnect/xbar/inst/gen_samd.crossbar_samd/gen_slave_slots[2].gen_si_write.wdata_router_w/wrouter_aw_fifo/s_axi_wready[2]_INST_0/O
                         net (fo=39, routed)          0.434    12.365    cnn_accelerator_system_i/ram_interconnect/s02_couplers/auto_us/inst/gen_upsizer.gen_full_upsizer.axi_upsizer_inst/USE_WRITE.write_addr_inst/GEN_CMD_QUEUE.cmd_queue/m_axi_wready
    SLICE_X26Y46                                                      r  cnn_accelerator_system_i/ram_interconnect/s02_couplers/auto_us/inst/gen_upsizer.gen_full_upsizer.axi_upsizer_inst/USE_WRITE.write_addr_inst/GEN_CMD_QUEUE.cmd_queue/WORD_LANE[0].USE_ALWAYS_PACKER.BYTE_LANE[3].USE_RTL_DATA.USE_REGISTER.M_AXI_WDATA_I[31]_i_3/I2
    SLICE_X26Y46         LUT5 (Prop_lut5_I2_O)        0.124    12.489 r  cnn_accelerator_system_i/ram_interconnect/s02_couplers/auto_us/inst/gen_upsizer.gen_full_upsizer.axi_upsizer_inst/USE_WRITE.write_addr_inst/GEN_CMD_QUEUE.cmd_queue/WORD_LANE[0].USE_ALWAYS_PACKER.BYTE_LANE[3].USE_RTL_DATA.USE_REGISTER.M_AXI_WDATA_I[31]_i_3/O
                         net (fo=20, routed)          0.770    13.260    cnn_accelerator_system_i/ram_interconnect/s02_couplers/auto_us/inst/gen_upsizer.gen_full_upsizer.axi_upsizer_inst/USE_WRITE.write_addr_inst/GEN_CMD_QUEUE.cmd_queue/USE_FF_OUT.USE_RTL_OUTPUT_PIPELINE.M_MESG_Q_reg[33]_0
    SLICE_X31Y49                                                      r  cnn_accelerator_system_i/ram_interconnect/s02_couplers/auto_us/inst/gen_upsizer.gen_full_upsizer.axi_upsizer_inst/USE_WRITE.write_addr_inst/GEN_CMD_QUEUE.cmd_queue/WORD_LANE[1].USE_ALWAYS_PACKER.BYTE_LANE[3].USE_RTL_DATA.USE_REGISTER.M_AXI_WDATA_I[63]_i_3/I3
    SLICE_X31Y49         LUT4 (Prop_lut4_I3_O)        0.119    13.379 r  cnn_accelerator_system_i/ram_interconnect/s02_couplers/auto_us/inst/gen_upsizer.gen_full_upsizer.axi_upsizer_inst/USE_WRITE.write_addr_inst/GEN_CMD_QUEUE.cmd_queue/WORD_LANE[1].USE_ALWAYS_PACKER.BYTE_LANE[3].USE_RTL_DATA.USE_REGISTER.M_AXI_WDATA_I[63]_i_3/O
                         net (fo=9, routed)           0.655    14.033    cnn_accelerator_system_i/ram_interconnect/s02_couplers/auto_us/inst/gen_upsizer.gen_full_upsizer.axi_upsizer_inst/USE_WRITE.write_addr_inst/GEN_CMD_QUEUE.cmd_queue/WORD_LANE[1].USE_ALWAYS_PACKER.BYTE_LANE[3].USE_RTL_DATA.USE_REGISTER.M_AXI_WDATA_I[63]_i_3_n_0
    SLICE_X29Y49                                                      r  cnn_accelerator_system_i/ram_interconnect/s02_couplers/auto_us/inst/gen_upsizer.gen_full_upsizer.axi_upsizer_inst/USE_WRITE.write_addr_inst/GEN_CMD_QUEUE.cmd_queue/WORD_LANE[1].USE_ALWAYS_PACKER.BYTE_LANE[3].USE_RTL_DATA.USE_REGISTER.M_AXI_WDATA_I[63]_i_1/I4
    SLICE_X29Y49         LUT5 (Prop_lut5_I4_O)        0.332    14.365 r  cnn_accelerator_system_i/ram_interconnect/s02_couplers/auto_us/inst/gen_upsizer.gen_full_upsizer.axi_upsizer_inst/USE_WRITE.write_addr_inst/GEN_CMD_QUEUE.cmd_queue/WORD_LANE[1].USE_ALWAYS_PACKER.BYTE_LANE[3].USE_RTL_DATA.USE_REGISTER.M_AXI_WDATA_I[63]_i_1/O
                         net (fo=8, routed)           0.699    15.065    cnn_accelerator_system_i/ram_interconnect/s02_couplers/auto_us/inst/gen_upsizer.gen_full_upsizer.axi_upsizer_inst/USE_WRITE.gen_non_fifo_w_upsizer.write_data_inst/WORD_LANE[1].USE_ALWAYS_PACKER.BYTE_LANE[3].USE_RTL_DATA.USE_REGISTER.M_AXI_WDATA_I_reg[63]_0[0]
    SLICE_X29Y57         FDRE                                         r  cnn_accelerator_system_i/ram_interconnect/s02_couplers/auto_us/inst/gen_upsizer.gen_full_upsizer.axi_upsizer_inst/USE_WRITE.gen_non_fifo_w_upsizer.write_data_inst/WORD_LANE[1].USE_ALWAYS_PACKER.BYTE_LANE[3].USE_RTL_DATA.USE_REGISTER.M_AXI_WDATA_I_reg[58]/CE
  -------------------------------------------------------------------    -------------------

                         (clock clk_out1_cnn_accelerator_system_clk_wiz_0_0 rise edge)
                                                     10.000    10.000 r  
    E3                                                0.000    10.000 r  CLK100MHZ (IN)
                         net (fo=0)                   0.000    10.000    CLK100MHZ
    E3                                                                r  CLK100MHZ_IBUF_inst/I
    E3                   IBUF (Prop_ibuf_I_O)         1.411    11.411 r  CLK100MHZ_IBUF_inst/O
                         net (fo=1, routed)           1.920    13.331    cnn_accelerator_system_i/util_ds_buf_0/U0/BUFG_I[0]
    BUFGCTRL_X0Y16                                                    r  cnn_accelerator_system_i/util_ds_buf_0/U0/USE_BUFG.GEN_BUFG[0].BUFG_U/I
    BUFGCTRL_X0Y16       BUFG (Prop_bufg_I_O)         0.091    13.422 r  cnn_accelerator_system_i/util_ds_buf_0/U0/USE_BUFG.GEN_BUFG[0].BUFG_U/O
                         net (fo=2, routed)           1.683    15.105    cnn_accelerator_system_i/clk_wiz_0/inst/clk_in1
    MMCME2_ADV_X0Y0                                                   r  cnn_accelerator_system_i/clk_wiz_0/inst/mmcm_adv_inst/CLKIN1
    MMCME2_ADV_X0Y0      MMCME2_ADV (Prop_mmcme2_adv_CLKIN1_CLKOUT0)
                                                     -3.694    11.411 r  cnn_accelerator_system_i/clk_wiz_0/inst/mmcm_adv_inst/CLKOUT0
                         net (fo=1, routed)           1.923    13.334    cnn_accelerator_system_i/clk_wiz_0/inst/clk_out1_cnn_accelerator_system_clk_wiz_0_0
    BUFGCTRL_X0Y3                                                     r  cnn_accelerator_system_i/clk_wiz_0/inst/clkout1_buf/I
    BUFGCTRL_X0Y3        BUFG (Prop_bufg_I_O)         0.091    13.425 r  cnn_accelerator_system_i/clk_wiz_0/inst/clkout1_buf/O
                         net (fo=14543, routed)       1.517    14.943    cnn_accelerator_system_i/ram_interconnect/s02_couplers/auto_us/inst/gen_upsizer.gen_full_upsizer.axi_upsizer_inst/USE_WRITE.gen_non_fifo_w_upsizer.write_data_inst/USE_RTL_LENGTH.length_counter_q_reg[0]_0
    SLICE_X29Y57         FDRE                                         r  cnn_accelerator_system_i/ram_interconnect/s02_couplers/auto_us/inst/gen_upsizer.gen_full_upsizer.axi_upsizer_inst/USE_WRITE.gen_non_fifo_w_upsizer.write_data_inst/WORD_LANE[1].USE_ALWAYS_PACKER.BYTE_LANE[3].USE_RTL_DATA.USE_REGISTER.M_AXI_WDATA_I_reg[58]/C
                         clock pessimism              0.187    15.130    
                         clock uncertainty           -0.074    15.056    
    SLICE_X29Y57         FDRE (Setup_fdre_C_CE)      -0.205    14.851    cnn_accelerator_system_i/ram_interconnect/s02_couplers/auto_us/inst/gen_upsizer.gen_full_upsizer.axi_upsizer_inst/USE_WRITE.gen_non_fifo_w_upsizer.write_data_inst/WORD_LANE[1].USE_ALWAYS_PACKER.BYTE_LANE[3].USE_RTL_DATA.USE_REGISTER.M_AXI_WDATA_I_reg[58]
  -------------------------------------------------------------------
                         required time                         14.851    
                         arrival time                         -15.065    
  -------------------------------------------------------------------
                         slack                                 -0.214    

Slack (VIOLATED) :        -0.214ns  (required time - arrival time)
  Source:                 cnn_accelerator_system_i/ram_interconnect/m01_couplers/auto_ds/inst/gen_downsizer.gen_simple_downsizer.axi_downsizer_inst/USE_WRITE.write_data_inst/first_word_reg/C
                            (rising edge-triggered cell FDSE clocked by clk_out1_cnn_accelerator_system_clk_wiz_0_0  {rise@0.000ns fall@5.000ns period=10.000ns})
  Destination:            cnn_accelerator_system_i/ram_interconnect/s02_couplers/auto_us/inst/gen_upsizer.gen_full_upsizer.axi_upsizer_inst/USE_WRITE.gen_non_fifo_w_upsizer.write_data_inst/WORD_LANE[1].USE_ALWAYS_PACKER.BYTE_LANE[3].USE_RTL_DATA.USE_REGISTER.M_AXI_WDATA_I_reg[63]/CE
                            (rising edge-triggered cell FDRE clocked by clk_out1_cnn_accelerator_system_clk_wiz_0_0  {rise@0.000ns fall@5.000ns period=10.000ns})
  Path Group:             clk_out1_cnn_accelerator_system_clk_wiz_0_0
  Path Type:              Setup (Max at Slow Process Corner)
  Requirement:            10.000ns  (clk_out1_cnn_accelerator_system_clk_wiz_0_0 rise@10.000ns - clk_out1_cnn_accelerator_system_clk_wiz_0_0 rise@0.000ns)
  Data Path Delay:        9.664ns  (logic 1.961ns (20.291%)  route 7.703ns (79.709%))
  Logic Levels:           10  (LUT2=1 LUT4=2 LUT5=4 LUT6=3)
  Clock Path Skew:        -0.271ns (DCD - SCD + CPR)
    Destination Clock Delay (DCD):    4.943ns = ( 14.943 - 10.000 ) 
    Source Clock Delay      (SCD):    5.401ns
    Clock Pessimism Removal (CPR):    0.187ns
  Clock Uncertainty:      0.074ns  ((TSJ^2 + DJ^2)^1/2) / 2 + PE
    Total System Jitter     (TSJ):    0.071ns
    Discrete Jitter          (DJ):    0.129ns
    Phase Error              (PE):    0.000ns

    Location             Delay type                Incr(ns)  Path(ns)    Netlist Resource(s)
  -------------------------------------------------------------------    -------------------
                         (clock clk_out1_cnn_accelerator_system_clk_wiz_0_0 rise edge)
                                                      0.000     0.000 r  
    E3                                                0.000     0.000 r  CLK100MHZ (IN)
                         net (fo=0)                   0.000     0.000    CLK100MHZ
    E3                                                                r  CLK100MHZ_IBUF_inst/I
    E3                   IBUF (Prop_ibuf_I_O)         1.482     1.482 r  CLK100MHZ_IBUF_inst/O
                         net (fo=1, routed)           2.025     3.506    cnn_accelerator_system_i/util_ds_buf_0/U0/BUFG_I[0]
    BUFGCTRL_X0Y16                                                    r  cnn_accelerator_system_i/util_ds_buf_0/U0/USE_BUFG.GEN_BUFG[0].BUFG_U/I
    BUFGCTRL_X0Y16       BUFG (Prop_bufg_I_O)         0.096     3.602 r  cnn_accelerator_system_i/util_ds_buf_0/U0/USE_BUFG.GEN_BUFG[0].BUFG_U/O
                         net (fo=2, routed)           1.809     5.412    cnn_accelerator_system_i/clk_wiz_0/inst/clk_in1
    MMCME2_ADV_X0Y0                                                   r  cnn_accelerator_system_i/clk_wiz_0/inst/mmcm_adv_inst/CLKIN1
    MMCME2_ADV_X0Y0      MMCME2_ADV (Prop_mmcme2_adv_CLKIN1_CLKOUT0)
                                                     -3.922     1.490 r  cnn_accelerator_system_i/clk_wiz_0/inst/mmcm_adv_inst/CLKOUT0
                         net (fo=1, routed)           2.018     3.508    cnn_accelerator_system_i/clk_wiz_0/inst/clk_out1_cnn_accelerator_system_clk_wiz_0_0
    BUFGCTRL_X0Y3                                                     r  cnn_accelerator_system_i/clk_wiz_0/inst/clkout1_buf/I
    BUFGCTRL_X0Y3        BUFG (Prop_bufg_I_O)         0.096     3.604 r  cnn_accelerator_system_i/clk_wiz_0/inst/clkout1_buf/O
                         net (fo=14543, routed)       1.796     5.401    cnn_accelerator_system_i/ram_interconnect/m01_couplers/auto_ds/inst/gen_downsizer.gen_simple_downsizer.axi_downsizer_inst/USE_WRITE.write_data_inst/CLK
    SLICE_X42Y19         FDSE                                         r  cnn_accelerator_system_i/ram_interconnect/m01_couplers/auto_ds/inst/gen_downsizer.gen_simple_downsizer.axi_downsizer_inst/USE_WRITE.write_data_inst/first_word_reg/C
  -------------------------------------------------------------------    -------------------
    SLICE_X42Y19         FDSE (Prop_fdse_C_Q)         0.518     5.919 r  cnn_accelerator_system_i/ram_interconnect/m01_couplers/auto_ds/inst/gen_downsizer.gen_simple_downsizer.axi_downsizer_inst/USE_WRITE.write_data_inst/first_word_reg/Q
                         net (fo=20, routed)          1.364     7.282    cnn_accelerator_system_i/ram_interconnect/m01_couplers/auto_ds/inst/gen_downsizer.gen_simple_downsizer.axi_downsizer_inst/USE_WRITE.write_data_inst/first_mi_word
    SLICE_X32Y26                                                      r  cnn_accelerator_system_i/ram_interconnect/m01_couplers/auto_ds/inst/gen_downsizer.gen_simple_downsizer.axi_downsizer_inst/USE_WRITE.write_data_inst/current_word_1[1]_i_3/I1
    SLICE_X32Y26         LUT4 (Prop_lut4_I1_O)        0.124     7.406 f  cnn_accelerator_system_i/ram_interconnect/m01_couplers/auto_ds/inst/gen_downsizer.gen_simple_downsizer.axi_downsizer_inst/USE_WRITE.write_data_inst/current_word_1[1]_i_3/O
                         net (fo=3, routed)           0.600     8.006    cnn_accelerator_system_i/ram_interconnect/m01_couplers/auto_ds/inst/gen_downsizer.gen_simple_downsizer.axi_downsizer_inst/USE_WRITE.write_addr_inst/cmd_queue/inst/current_word_1_reg[1]_0
    SLICE_X35Y25                                                      f  cnn_accelerator_system_i/ram_interconnect/m01_couplers/auto_ds/inst/gen_downsizer.gen_simple_downsizer.axi_downsizer_inst/USE_WRITE.write_addr_inst/cmd_queue/inst/current_word_1[2]_i_2__0/I2
    SLICE_X35Y25         LUT5 (Prop_lut5_I2_O)        0.124     8.130 r  cnn_accelerator_system_i/ram_interconnect/m01_couplers/auto_ds/inst/gen_downsizer.gen_simple_downsizer.axi_downsizer_inst/USE_WRITE.write_addr_inst/cmd_queue/inst/current_word_1[2]_i_2__0/O
                         net (fo=2, routed)           0.582     8.712    cnn_accelerator_system_i/ram_interconnect/m01_couplers/auto_ds/inst/gen_downsizer.gen_simple_downsizer.axi_downsizer_inst/USE_WRITE.write_addr_inst/cmd_queue/inst/current_word_1[2]_i_2__0_n_0
    SLICE_X32Y25                                                      r  cnn_accelerator_system_i/ram_interconnect/m01_couplers/auto_ds/inst/gen_downsizer.gen_simple_downsizer.axi_downsizer_inst/USE_WRITE.write_addr_inst/cmd_queue/inst/s_axi_wready_INST_0_i_2/I3
    SLICE_X32Y25         LUT5 (Prop_lut5_I3_O)        0.124     8.836 r  cnn_accelerator_system_i/ram_interconnect/m01_couplers/auto_ds/inst/gen_downsizer.gen_simple_downsizer.axi_downsizer_inst/USE_WRITE.write_addr_inst/cmd_queue/inst/s_axi_wready_INST_0_i_2/O
                         net (fo=2, routed)           0.904     9.740    cnn_accelerator_system_i/ram_interconnect/m01_couplers/auto_ds/inst/gen_downsizer.gen_simple_downsizer.axi_downsizer_inst/USE_WRITE.write_addr_inst/cmd_queue/inst/s_axi_wready_INST_0_i_2_n_0
    SLICE_X27Y26                                                      r  cnn_accelerator_system_i/ram_interconnect/m01_couplers/auto_ds/inst/gen_downsizer.gen_simple_downsizer.axi_downsizer_inst/USE_WRITE.write_addr_inst/cmd_queue/inst/s_axi_wready_INST_0_i_1/I0
    SLICE_X27Y26         LUT6 (Prop_lut6_I0_O)        0.124     9.864 f  cnn_accelerator_system_i/ram_interconnect/m01_couplers/auto_ds/inst/gen_downsizer.gen_simple_downsizer.axi_downsizer_inst/USE_WRITE.write_addr_inst/cmd_queue/inst/s_axi_wready_INST_0_i_1/O
                         net (fo=1, routed)           0.295    10.159    cnn_accelerator_system_i/ram_interconnect/m01_couplers/auto_ds/inst/gen_downsizer.gen_simple_downsizer.axi_downsizer_inst/USE_WRITE.write_addr_inst/cmd_queue/inst/s_axi_wready_INST_0_i_1_n_0
    SLICE_X27Y28                                                      f  cnn_accelerator_system_i/ram_interconnect/m01_couplers/auto_ds/inst/gen_downsizer.gen_simple_downsizer.axi_downsizer_inst/USE_WRITE.write_addr_inst/cmd_queue/inst/s_axi_wready_INST_0/I5
    SLICE_X27Y28         LUT6 (Prop_lut6_I5_O)        0.124    10.283 r  cnn_accelerator_system_i/ram_interconnect/m01_couplers/auto_ds/inst/gen_downsizer.gen_simple_downsizer.axi_downsizer_inst/USE_WRITE.write_addr_inst/cmd_queue/inst/s_axi_wready_INST_0/O
                         net (fo=4, routed)           0.641    10.923    cnn_accelerator_system_i/ram_interconnect/xbar/inst/gen_samd.crossbar_samd/gen_slave_slots[2].gen_si_write.wdata_router_w/wrouter_aw_fifo/gen_srls[0].gen_rep[1].srl_nx1/m_axi_wready[0]
    SLICE_X27Y37                                                      r  cnn_accelerator_system_i/ram_interconnect/xbar/inst/gen_samd.crossbar_samd/gen_slave_slots[2].gen_si_write.wdata_router_w/wrouter_aw_fifo/gen_srls[0].gen_rep[1].srl_nx1/s_axi_wready[2]_INST_0_i_1/I3
    SLICE_X27Y37         LUT6 (Prop_lut6_I3_O)        0.124    11.047 r  cnn_accelerator_system_i/ram_interconnect/xbar/inst/gen_samd.crossbar_samd/gen_slave_slots[2].gen_si_write.wdata_router_w/wrouter_aw_fifo/gen_srls[0].gen_rep[1].srl_nx1/s_axi_wready[2]_INST_0_i_1/O
                         net (fo=4, routed)           0.759    11.807    cnn_accelerator_system_i/ram_interconnect/xbar/inst/gen_samd.crossbar_samd/gen_slave_slots[2].gen_si_write.wdata_router_w/wrouter_aw_fifo/m_aready0
    SLICE_X27Y45                                                      r  cnn_accelerator_system_i/ram_interconnect/xbar/inst/gen_samd.crossbar_samd/gen_slave_slots[2].gen_si_write.wdata_router_w/wrouter_aw_fifo/s_axi_wready[2]_INST_0/I1
    SLICE_X27Y45         LUT2 (Prop_lut2_I1_O)        0.124    11.931 r  cnn_accelerator_system_i/ram_interconnect/xbar/inst/gen_samd.crossbar_samd/gen_slave_slots[2].gen_si_write.wdata_router_w/wrouter_aw_fifo/s_axi_wready[2]_INST_0/O
                         net (fo=39, routed)          0.434    12.365    cnn_accelerator_system_i/ram_interconnect/s02_couplers/auto_us/inst/gen_upsizer.gen_full_upsizer.axi_upsizer_inst/USE_WRITE.write_addr_inst/GEN_CMD_QUEUE.cmd_queue/m_axi_wready
    SLICE_X26Y46                                                      r  cnn_accelerator_system_i/ram_interconnect/s02_couplers/auto_us/inst/gen_upsizer.gen_full_upsizer.axi_upsizer_inst/USE_WRITE.write_addr_inst/GEN_CMD_QUEUE.cmd_queue/WORD_LANE[0].USE_ALWAYS_PACKER.BYTE_LANE[3].USE_RTL_DATA.USE_REGISTER.M_AXI_WDATA_I[31]_i_3/I2
    SLICE_X26Y46         LUT5 (Prop_lut5_I2_O)        0.124    12.489 r  cnn_accelerator_system_i/ram_interconnect/s02_couplers/auto_us/inst/gen_upsizer.gen_full_upsizer.axi_upsizer_inst/USE_WRITE.write_addr_inst/GEN_CMD_QUEUE.cmd_queue/WORD_LANE[0].USE_ALWAYS_PACKER.BYTE_LANE[3].USE_RTL_DATA.USE_REGISTER.M_AXI_WDATA_I[31]_i_3/O
                         net (fo=20, routed)          0.770    13.260    cnn_accelerator_system_i/ram_interconnect/s02_couplers/auto_us/inst/gen_upsizer.gen_full_upsizer.axi_upsizer_inst/USE_WRITE.write_addr_inst/GEN_CMD_QUEUE.cmd_queue/USE_FF_OUT.USE_RTL_OUTPUT_PIPELINE.M_MESG_Q_reg[33]_0
    SLICE_X31Y49                                                      r  cnn_accelerator_system_i/ram_interconnect/s02_couplers/auto_us/inst/gen_upsizer.gen_full_upsizer.axi_upsizer_inst/USE_WRITE.write_addr_inst/GEN_CMD_QUEUE.cmd_queue/WORD_LANE[1].USE_ALWAYS_PACKER.BYTE_LANE[3].USE_RTL_DATA.USE_REGISTER.M_AXI_WDATA_I[63]_i_3/I3
    SLICE_X31Y49         LUT4 (Prop_lut4_I3_O)        0.119    13.379 r  cnn_accelerator_system_i/ram_interconnect/s02_couplers/auto_us/inst/gen_upsizer.gen_full_upsizer.axi_upsizer_inst/USE_WRITE.write_addr_inst/GEN_CMD_QUEUE.cmd_queue/WORD_LANE[1].USE_ALWAYS_PACKER.BYTE_LANE[3].USE_RTL_DATA.USE_REGISTER.M_AXI_WDATA_I[63]_i_3/O
                         net (fo=9, routed)           0.655    14.033    cnn_accelerator_system_i/ram_interconnect/s02_couplers/auto_us/inst/gen_upsizer.gen_full_upsizer.axi_upsizer_inst/USE_WRITE.write_addr_inst/GEN_CMD_QUEUE.cmd_queue/WORD_LANE[1].USE_ALWAYS_PACKER.BYTE_LANE[3].USE_RTL_DATA.USE_REGISTER.M_AXI_WDATA_I[63]_i_3_n_0
    SLICE_X29Y49                                                      r  cnn_accelerator_system_i/ram_interconnect/s02_couplers/auto_us/inst/gen_upsizer.gen_full_upsizer.axi_upsizer_inst/USE_WRITE.write_addr_inst/GEN_CMD_QUEUE.cmd_queue/WORD_LANE[1].USE_ALWAYS_PACKER.BYTE_LANE[3].USE_RTL_DATA.USE_REGISTER.M_AXI_WDATA_I[63]_i_1/I4
    SLICE_X29Y49         LUT5 (Prop_lut5_I4_O)        0.332    14.365 r  cnn_accelerator_system_i/ram_interconnect/s02_couplers/auto_us/inst/gen_upsizer.gen_full_upsizer.axi_upsizer_inst/USE_WRITE.write_addr_inst/GEN_CMD_QUEUE.cmd_queue/WORD_LANE[1].USE_ALWAYS_PACKER.BYTE_LANE[3].USE_RTL_DATA.USE_REGISTER.M_AXI_WDATA_I[63]_i_1/O
                         net (fo=8, routed)           0.699    15.065    cnn_accelerator_system_i/ram_interconnect/s02_couplers/auto_us/inst/gen_upsizer.gen_full_upsizer.axi_upsizer_inst/USE_WRITE.gen_non_fifo_w_upsizer.write_data_inst/WORD_LANE[1].USE_ALWAYS_PACKER.BYTE_LANE[3].USE_RTL_DATA.USE_REGISTER.M_AXI_WDATA_I_reg[63]_0[0]
    SLICE_X29Y57         FDRE                                         r  cnn_accelerator_system_i/ram_interconnect/s02_couplers/auto_us/inst/gen_upsizer.gen_full_upsizer.axi_upsizer_inst/USE_WRITE.gen_non_fifo_w_upsizer.write_data_inst/WORD_LANE[1].USE_ALWAYS_PACKER.BYTE_LANE[3].USE_RTL_DATA.USE_REGISTER.M_AXI_WDATA_I_reg[63]/CE
  -------------------------------------------------------------------    -------------------

                         (clock clk_out1_cnn_accelerator_system_clk_wiz_0_0 rise edge)
                                                     10.000    10.000 r  
    E3                                                0.000    10.000 r  CLK100MHZ (IN)
                         net (fo=0)                   0.000    10.000    CLK100MHZ
    E3                                                                r  CLK100MHZ_IBUF_inst/I
    E3                   IBUF (Prop_ibuf_I_O)         1.411    11.411 r  CLK100MHZ_IBUF_inst/O
                         net (fo=1, routed)           1.920    13.331    cnn_accelerator_system_i/util_ds_buf_0/U0/BUFG_I[0]
    BUFGCTRL_X0Y16                                                    r  cnn_accelerator_system_i/util_ds_buf_0/U0/USE_BUFG.GEN_BUFG[0].BUFG_U/I
    BUFGCTRL_X0Y16       BUFG (Prop_bufg_I_O)         0.091    13.422 r  cnn_accelerator_system_i/util_ds_buf_0/U0/USE_BUFG.GEN_BUFG[0].BUFG_U/O
                         net (fo=2, routed)           1.683    15.105    cnn_accelerator_system_i/clk_wiz_0/inst/clk_in1
    MMCME2_ADV_X0Y0                                                   r  cnn_accelerator_system_i/clk_wiz_0/inst/mmcm_adv_inst/CLKIN1
    MMCME2_ADV_X0Y0      MMCME2_ADV (Prop_mmcme2_adv_CLKIN1_CLKOUT0)
                                                     -3.694    11.411 r  cnn_accelerator_system_i/clk_wiz_0/inst/mmcm_adv_inst/CLKOUT0
                         net (fo=1, routed)           1.923    13.334    cnn_accelerator_system_i/clk_wiz_0/inst/clk_out1_cnn_accelerator_system_clk_wiz_0_0
    BUFGCTRL_X0Y3                                                     r  cnn_accelerator_system_i/clk_wiz_0/inst/clkout1_buf/I
    BUFGCTRL_X0Y3        BUFG (Prop_bufg_I_O)         0.091    13.425 r  cnn_accelerator_system_i/clk_wiz_0/inst/clkout1_buf/O
                         net (fo=14543, routed)       1.517    14.943    cnn_accelerator_system_i/ram_interconnect/s02_couplers/auto_us/inst/gen_upsizer.gen_full_upsizer.axi_upsizer_inst/USE_WRITE.gen_non_fifo_w_upsizer.write_data_inst/USE_RTL_LENGTH.length_counter_q_reg[0]_0
    SLICE_X29Y57         FDRE                                         r  cnn_accelerator_system_i/ram_interconnect/s02_couplers/auto_us/inst/gen_upsizer.gen_full_upsizer.axi_upsizer_inst/USE_WRITE.gen_non_fifo_w_upsizer.write_data_inst/WORD_LANE[1].USE_ALWAYS_PACKER.BYTE_LANE[3].USE_RTL_DATA.USE_REGISTER.M_AXI_WDATA_I_reg[63]/C
                         clock pessimism              0.187    15.130    
                         clock uncertainty           -0.074    15.056    
    SLICE_X29Y57         FDRE (Setup_fdre_C_CE)      -0.205    14.851    cnn_accelerator_system_i/ram_interconnect/s02_couplers/auto_us/inst/gen_upsizer.gen_full_upsizer.axi_upsizer_inst/USE_WRITE.gen_non_fifo_w_upsizer.write_data_inst/WORD_LANE[1].USE_ALWAYS_PACKER.BYTE_LANE[3].USE_RTL_DATA.USE_REGISTER.M_AXI_WDATA_I_reg[63]
  -------------------------------------------------------------------
                         required time                         14.851    
                         arrival time                         -15.065    
  -------------------------------------------------------------------
                         slack                                 -0.214    

Slack (VIOLATED) :        -0.206ns  (required time - arrival time)
  Source:                 cnn_accelerator_system_i/ram_interconnect/m01_couplers/auto_ds/inst/gen_downsizer.gen_simple_downsizer.axi_downsizer_inst/USE_WRITE.write_data_inst/first_word_reg/C
                            (rising edge-triggered cell FDSE clocked by clk_out1_cnn_accelerator_system_clk_wiz_0_0  {rise@0.000ns fall@5.000ns period=10.000ns})
  Destination:            cnn_accelerator_system_i/ram_interconnect/s02_couplers/auto_us/inst/gen_upsizer.gen_full_upsizer.axi_upsizer_inst/USE_WRITE.gen_non_fifo_w_upsizer.write_data_inst/WORD_LANE[2].USE_ALWAYS_PACKER.BYTE_LANE[3].USE_RTL_DATA.USE_REGISTER.M_AXI_WDATA_I_reg[90]/D
                            (rising edge-triggered cell FDRE clocked by clk_out1_cnn_accelerator_system_clk_wiz_0_0  {rise@0.000ns fall@5.000ns period=10.000ns})
  Path Group:             clk_out1_cnn_accelerator_system_clk_wiz_0_0
  Path Type:              Setup (Max at Slow Process Corner)
  Requirement:            10.000ns  (clk_out1_cnn_accelerator_system_clk_wiz_0_0 rise@10.000ns - clk_out1_cnn_accelerator_system_clk_wiz_0_0 rise@0.000ns)
  Data Path Delay:        9.817ns  (logic 1.758ns (17.908%)  route 8.059ns (82.092%))
  Logic Levels:           10  (LUT2=1 LUT4=2 LUT5=3 LUT6=4)
  Clock Path Skew:        -0.269ns (DCD - SCD + CPR)
    Destination Clock Delay (DCD):    4.945ns = ( 14.945 - 10.000 ) 
    Source Clock Delay      (SCD):    5.401ns
    Clock Pessimism Removal (CPR):    0.187ns
  Clock Uncertainty:      0.074ns  ((TSJ^2 + DJ^2)^1/2) / 2 + PE
    Total System Jitter     (TSJ):    0.071ns
    Discrete Jitter          (DJ):    0.129ns
    Phase Error              (PE):    0.000ns

    Location             Delay type                Incr(ns)  Path(ns)    Netlist Resource(s)
  -------------------------------------------------------------------    -------------------
                         (clock clk_out1_cnn_accelerator_system_clk_wiz_0_0 rise edge)
                                                      0.000     0.000 r  
    E3                                                0.000     0.000 r  CLK100MHZ (IN)
                         net (fo=0)                   0.000     0.000    CLK100MHZ
    E3                                                                r  CLK100MHZ_IBUF_inst/I
    E3                   IBUF (Prop_ibuf_I_O)         1.482     1.482 r  CLK100MHZ_IBUF_inst/O
                         net (fo=1, routed)           2.025     3.506    cnn_accelerator_system_i/util_ds_buf_0/U0/BUFG_I[0]
    BUFGCTRL_X0Y16                                                    r  cnn_accelerator_system_i/util_ds_buf_0/U0/USE_BUFG.GEN_BUFG[0].BUFG_U/I
    BUFGCTRL_X0Y16       BUFG (Prop_bufg_I_O)         0.096     3.602 r  cnn_accelerator_system_i/util_ds_buf_0/U0/USE_BUFG.GEN_BUFG[0].BUFG_U/O
                         net (fo=2, routed)           1.809     5.412    cnn_accelerator_system_i/clk_wiz_0/inst/clk_in1
    MMCME2_ADV_X0Y0                                                   r  cnn_accelerator_system_i/clk_wiz_0/inst/mmcm_adv_inst/CLKIN1
    MMCME2_ADV_X0Y0      MMCME2_ADV (Prop_mmcme2_adv_CLKIN1_CLKOUT0)
                                                     -3.922     1.490 r  cnn_accelerator_system_i/clk_wiz_0/inst/mmcm_adv_inst/CLKOUT0
                         net (fo=1, routed)           2.018     3.508    cnn_accelerator_system_i/clk_wiz_0/inst/clk_out1_cnn_accelerator_system_clk_wiz_0_0
    BUFGCTRL_X0Y3                                                     r  cnn_accelerator_system_i/clk_wiz_0/inst/clkout1_buf/I
    BUFGCTRL_X0Y3        BUFG (Prop_bufg_I_O)         0.096     3.604 r  cnn_accelerator_system_i/clk_wiz_0/inst/clkout1_buf/O
                         net (fo=14543, routed)       1.796     5.401    cnn_accelerator_system_i/ram_interconnect/m01_couplers/auto_ds/inst/gen_downsizer.gen_simple_downsizer.axi_downsizer_inst/USE_WRITE.write_data_inst/CLK
    SLICE_X42Y19         FDSE                                         r  cnn_accelerator_system_i/ram_interconnect/m01_couplers/auto_ds/inst/gen_downsizer.gen_simple_downsizer.axi_downsizer_inst/USE_WRITE.write_data_inst/first_word_reg/C
  -------------------------------------------------------------------    -------------------
    SLICE_X42Y19         FDSE (Prop_fdse_C_Q)         0.518     5.919 r  cnn_accelerator_system_i/ram_interconnect/m01_couplers/auto_ds/inst/gen_downsizer.gen_simple_downsizer.axi_downsizer_inst/USE_WRITE.write_data_inst/first_word_reg/Q
                         net (fo=20, routed)          1.364     7.282    cnn_accelerator_system_i/ram_interconnect/m01_couplers/auto_ds/inst/gen_downsizer.gen_simple_downsizer.axi_downsizer_inst/USE_WRITE.write_data_inst/first_mi_word
    SLICE_X32Y26                                                      r  cnn_accelerator_system_i/ram_interconnect/m01_couplers/auto_ds/inst/gen_downsizer.gen_simple_downsizer.axi_downsizer_inst/USE_WRITE.write_data_inst/current_word_1[1]_i_3/I1
    SLICE_X32Y26         LUT4 (Prop_lut4_I1_O)        0.124     7.406 f  cnn_accelerator_system_i/ram_interconnect/m01_couplers/auto_ds/inst/gen_downsizer.gen_simple_downsizer.axi_downsizer_inst/USE_WRITE.write_data_inst/current_word_1[1]_i_3/O
                         net (fo=3, routed)           0.600     8.006    cnn_accelerator_system_i/ram_interconnect/m01_couplers/auto_ds/inst/gen_downsizer.gen_simple_downsizer.axi_downsizer_inst/USE_WRITE.write_addr_inst/cmd_queue/inst/current_word_1_reg[1]_0
    SLICE_X35Y25                                                      f  cnn_accelerator_system_i/ram_interconnect/m01_couplers/auto_ds/inst/gen_downsizer.gen_simple_downsizer.axi_downsizer_inst/USE_WRITE.write_addr_inst/cmd_queue/inst/current_word_1[2]_i_2__0/I2
    SLICE_X35Y25         LUT5 (Prop_lut5_I2_O)        0.124     8.130 r  cnn_accelerator_system_i/ram_interconnect/m01_couplers/auto_ds/inst/gen_downsizer.gen_simple_downsizer.axi_downsizer_inst/USE_WRITE.write_addr_inst/cmd_queue/inst/current_word_1[2]_i_2__0/O
                         net (fo=2, routed)           0.582     8.712    cnn_accelerator_system_i/ram_interconnect/m01_couplers/auto_ds/inst/gen_downsizer.gen_simple_downsizer.axi_downsizer_inst/USE_WRITE.write_addr_inst/cmd_queue/inst/current_word_1[2]_i_2__0_n_0
    SLICE_X32Y25                                                      r  cnn_accelerator_system_i/ram_interconnect/m01_couplers/auto_ds/inst/gen_downsizer.gen_simple_downsizer.axi_downsizer_inst/USE_WRITE.write_addr_inst/cmd_queue/inst/s_axi_wready_INST_0_i_2/I3
    SLICE_X32Y25         LUT5 (Prop_lut5_I3_O)        0.124     8.836 r  cnn_accelerator_system_i/ram_interconnect/m01_couplers/auto_ds/inst/gen_downsizer.gen_simple_downsizer.axi_downsizer_inst/USE_WRITE.write_addr_inst/cmd_queue/inst/s_axi_wready_INST_0_i_2/O
                         net (fo=2, routed)           0.904     9.740    cnn_accelerator_system_i/ram_interconnect/m01_couplers/auto_ds/inst/gen_downsizer.gen_simple_downsizer.axi_downsizer_inst/USE_WRITE.write_addr_inst/cmd_queue/inst/s_axi_wready_INST_0_i_2_n_0
    SLICE_X27Y26                                                      r  cnn_accelerator_system_i/ram_interconnect/m01_couplers/auto_ds/inst/gen_downsizer.gen_simple_downsizer.axi_downsizer_inst/USE_WRITE.write_addr_inst/cmd_queue/inst/s_axi_wready_INST_0_i_1/I0
    SLICE_X27Y26         LUT6 (Prop_lut6_I0_O)        0.124     9.864 f  cnn_accelerator_system_i/ram_interconnect/m01_couplers/auto_ds/inst/gen_downsizer.gen_simple_downsizer.axi_downsizer_inst/USE_WRITE.write_addr_inst/cmd_queue/inst/s_axi_wready_INST_0_i_1/O
                         net (fo=1, routed)           0.295    10.159    cnn_accelerator_system_i/ram_interconnect/m01_couplers/auto_ds/inst/gen_downsizer.gen_simple_downsizer.axi_downsizer_inst/USE_WRITE.write_addr_inst/cmd_queue/inst/s_axi_wready_INST_0_i_1_n_0
    SLICE_X27Y28                                                      f  cnn_accelerator_system_i/ram_interconnect/m01_couplers/auto_ds/inst/gen_downsizer.gen_simple_downsizer.axi_downsizer_inst/USE_WRITE.write_addr_inst/cmd_queue/inst/s_axi_wready_INST_0/I5
    SLICE_X27Y28         LUT6 (Prop_lut6_I5_O)        0.124    10.283 r  cnn_accelerator_system_i/ram_interconnect/m01_couplers/auto_ds/inst/gen_downsizer.gen_simple_downsizer.axi_downsizer_inst/USE_WRITE.write_addr_inst/cmd_queue/inst/s_axi_wready_INST_0/O
                         net (fo=4, routed)           0.641    10.923    cnn_accelerator_system_i/ram_interconnect/xbar/inst/gen_samd.crossbar_samd/gen_slave_slots[2].gen_si_write.wdata_router_w/wrouter_aw_fifo/gen_srls[0].gen_rep[1].srl_nx1/m_axi_wready[0]
    SLICE_X27Y37                                                      r  cnn_accelerator_system_i/ram_interconnect/xbar/inst/gen_samd.crossbar_samd/gen_slave_slots[2].gen_si_write.wdata_router_w/wrouter_aw_fifo/gen_srls[0].gen_rep[1].srl_nx1/s_axi_wready[2]_INST_0_i_1/I3
    SLICE_X27Y37         LUT6 (Prop_lut6_I3_O)        0.124    11.047 r  cnn_accelerator_system_i/ram_interconnect/xbar/inst/gen_samd.crossbar_samd/gen_slave_slots[2].gen_si_write.wdata_router_w/wrouter_aw_fifo/gen_srls[0].gen_rep[1].srl_nx1/s_axi_wready[2]_INST_0_i_1/O
                         net (fo=4, routed)           0.759    11.807    cnn_accelerator_system_i/ram_interconnect/xbar/inst/gen_samd.crossbar_samd/gen_slave_slots[2].gen_si_write.wdata_router_w/wrouter_aw_fifo/m_aready0
    SLICE_X27Y45                                                      r  cnn_accelerator_system_i/ram_interconnect/xbar/inst/gen_samd.crossbar_samd/gen_slave_slots[2].gen_si_write.wdata_router_w/wrouter_aw_fifo/s_axi_wready[2]_INST_0/I1
    SLICE_X27Y45         LUT2 (Prop_lut2_I1_O)        0.124    11.931 r  cnn_accelerator_system_i/ram_interconnect/xbar/inst/gen_samd.crossbar_samd/gen_slave_slots[2].gen_si_write.wdata_router_w/wrouter_aw_fifo/s_axi_wready[2]_INST_0/O
                         net (fo=39, routed)          0.251    12.182    cnn_accelerator_system_i/ram_interconnect/s02_couplers/auto_us/inst/gen_upsizer.gen_full_upsizer.axi_upsizer_inst/USE_WRITE.gen_non_fifo_w_upsizer.write_data_inst/m_axi_wready
    SLICE_X27Y45                                                      r  cnn_accelerator_system_i/ram_interconnect/s02_couplers/auto_us/inst/gen_upsizer.gen_full_upsizer.axi_upsizer_inst/USE_WRITE.gen_non_fifo_w_upsizer.write_data_inst/USE_RTL_LENGTH.first_mi_word_q_i_2/I0
    SLICE_X27Y45         LUT6 (Prop_lut6_I0_O)        0.124    12.306 r  cnn_accelerator_system_i/ram_interconnect/s02_couplers/auto_us/inst/gen_upsizer.gen_full_upsizer.axi_upsizer_inst/USE_WRITE.gen_non_fifo_w_upsizer.write_data_inst/USE_RTL_LENGTH.first_mi_word_q_i_2/O
                         net (fo=36, routed)          1.030    13.337    cnn_accelerator_system_i/ram_interconnect/s02_couplers/auto_us/inst/gen_upsizer.gen_full_upsizer.axi_upsizer_inst/USE_WRITE.write_addr_inst/GEN_CMD_QUEUE.cmd_queue/USE_FF_OUT.USE_RTL_OUTPUT_PIPELINE.M_MESG_Q_reg[0]_0
    SLICE_X28Y50                                                      r  cnn_accelerator_system_i/ram_interconnect/s02_couplers/auto_us/inst/gen_upsizer.gen_full_upsizer.axi_upsizer_inst/USE_WRITE.write_addr_inst/GEN_CMD_QUEUE.cmd_queue/WORD_LANE[2].USE_ALWAYS_PACKER.BYTE_LANE[3].USE_RTL_DATA.USE_REGISTER.M_AXI_WDATA_I[95]_i_3/I2
    SLICE_X28Y50         LUT4 (Prop_lut4_I2_O)        0.124    13.461 r  cnn_accelerator_system_i/ram_interconnect/s02_couplers/auto_us/inst/gen_upsizer.gen_full_upsizer.axi_upsizer_inst/USE_WRITE.write_addr_inst/GEN_CMD_QUEUE.cmd_queue/WORD_LANE[2].USE_ALWAYS_PACKER.BYTE_LANE[3].USE_RTL_DATA.USE_REGISTER.M_AXI_WDATA_I[95]_i_3/O
                         net (fo=9, routed)           0.955    14.416    cnn_accelerator_system_i/ram_interconnect/s02_couplers/auto_us/inst/gen_upsizer.gen_full_upsizer.axi_upsizer_inst/USE_WRITE.write_addr_inst/GEN_CMD_QUEUE.cmd_queue/WORD_LANE[2].USE_ALWAYS_PACKER.BYTE_LANE[3].USE_RTL_DATA.USE_REGISTER.M_AXI_WDATA_I[95]_i_3_n_0
    SLICE_X34Y56                                                      r  cnn_accelerator_system_i/ram_interconnect/s02_couplers/auto_us/inst/gen_upsizer.gen_full_upsizer.axi_upsizer_inst/USE_WRITE.write_addr_inst/GEN_CMD_QUEUE.cmd_queue/WORD_LANE[2].USE_ALWAYS_PACKER.BYTE_LANE[3].USE_RTL_DATA.USE_REGISTER.M_AXI_WDATA_I[90]_i_1/I1
    SLICE_X34Y56         LUT5 (Prop_lut5_I1_O)        0.124    14.540 r  cnn_accelerator_system_i/ram_interconnect/s02_couplers/auto_us/inst/gen_upsizer.gen_full_upsizer.axi_upsizer_inst/USE_WRITE.write_addr_inst/GEN_CMD_QUEUE.cmd_queue/WORD_LANE[2].USE_ALWAYS_PACKER.BYTE_LANE[3].USE_RTL_DATA.USE_REGISTER.M_AXI_WDATA_I[90]_i_1/O
                         net (fo=1, routed)           0.678    15.217    cnn_accelerator_system_i/ram_interconnect/s02_couplers/auto_us/inst/gen_upsizer.gen_full_upsizer.axi_upsizer_inst/USE_WRITE.gen_non_fifo_w_upsizer.write_data_inst/WORD_LANE[2].USE_ALWAYS_PACKER.BYTE_LANE[3].USE_RTL_DATA.USE_REGISTER.M_AXI_WDATA_I_reg[95]_1[2]
    SLICE_X28Y51         FDRE                                         r  cnn_accelerator_system_i/ram_interconnect/s02_couplers/auto_us/inst/gen_upsizer.gen_full_upsizer.axi_upsizer_inst/USE_WRITE.gen_non_fifo_w_upsizer.write_data_inst/WORD_LANE[2].USE_ALWAYS_PACKER.BYTE_LANE[3].USE_RTL_DATA.USE_REGISTER.M_AXI_WDATA_I_reg[90]/D
  -------------------------------------------------------------------    -------------------

                         (clock clk_out1_cnn_accelerator_system_clk_wiz_0_0 rise edge)
                                                     10.000    10.000 r  
    E3                                                0.000    10.000 r  CLK100MHZ (IN)
                         net (fo=0)                   0.000    10.000    CLK100MHZ
    E3                                                                r  CLK100MHZ_IBUF_inst/I
    E3                   IBUF (Prop_ibuf_I_O)         1.411    11.411 r  CLK100MHZ_IBUF_inst/O
                         net (fo=1, routed)           1.920    13.331    cnn_accelerator_system_i/util_ds_buf_0/U0/BUFG_I[0]
    BUFGCTRL_X0Y16                                                    r  cnn_accelerator_system_i/util_ds_buf_0/U0/USE_BUFG.GEN_BUFG[0].BUFG_U/I
    BUFGCTRL_X0Y16       BUFG (Prop_bufg_I_O)         0.091    13.422 r  cnn_accelerator_system_i/util_ds_buf_0/U0/USE_BUFG.GEN_BUFG[0].BUFG_U/O
                         net (fo=2, routed)           1.683    15.105    cnn_accelerator_system_i/clk_wiz_0/inst/clk_in1
    MMCME2_ADV_X0Y0                                                   r  cnn_accelerator_system_i/clk_wiz_0/inst/mmcm_adv_inst/CLKIN1
    MMCME2_ADV_X0Y0      MMCME2_ADV (Prop_mmcme2_adv_CLKIN1_CLKOUT0)
                                                     -3.694    11.411 r  cnn_accelerator_system_i/clk_wiz_0/inst/mmcm_adv_inst/CLKOUT0
                         net (fo=1, routed)           1.923    13.334    cnn_accelerator_system_i/clk_wiz_0/inst/clk_out1_cnn_accelerator_system_clk_wiz_0_0
    BUFGCTRL_X0Y3                                                     r  cnn_accelerator_system_i/clk_wiz_0/inst/clkout1_buf/I
    BUFGCTRL_X0Y3        BUFG (Prop_bufg_I_O)         0.091    13.425 r  cnn_accelerator_system_i/clk_wiz_0/inst/clkout1_buf/O
                         net (fo=14543, routed)       1.519    14.945    cnn_accelerator_system_i/ram_interconnect/s02_couplers/auto_us/inst/gen_upsizer.gen_full_upsizer.axi_upsizer_inst/USE_WRITE.gen_non_fifo_w_upsizer.write_data_inst/USE_RTL_LENGTH.length_counter_q_reg[0]_0
    SLICE_X28Y51         FDRE                                         r  cnn_accelerator_system_i/ram_interconnect/s02_couplers/auto_us/inst/gen_upsizer.gen_full_upsizer.axi_upsizer_inst/USE_WRITE.gen_non_fifo_w_upsizer.write_data_inst/WORD_LANE[2].USE_ALWAYS_PACKER.BYTE_LANE[3].USE_RTL_DATA.USE_REGISTER.M_AXI_WDATA_I_reg[90]/C
                         clock pessimism              0.187    15.132    
                         clock uncertainty           -0.074    15.058    
    SLICE_X28Y51         FDRE (Setup_fdre_C_D)       -0.047    15.011    cnn_accelerator_system_i/ram_interconnect/s02_couplers/auto_us/inst/gen_upsizer.gen_full_upsizer.axi_upsizer_inst/USE_WRITE.gen_non_fifo_w_upsizer.write_data_inst/WORD_LANE[2].USE_ALWAYS_PACKER.BYTE_LANE[3].USE_RTL_DATA.USE_REGISTER.M_AXI_WDATA_I_reg[90]
  -------------------------------------------------------------------
                         required time                         15.011    
                         arrival time                         -15.217    
  -------------------------------------------------------------------
                         slack                                 -0.206    

Slack (VIOLATED) :        -0.205ns  (required time - arrival time)
  Source:                 cnn_accelerator_system_i/cnn_accelerator_wino_0/inst/conv2/lane[1].u_mul/wm_we_q_reg/C
                            (rising edge-triggered cell FDRE clocked by clk_out3_cnn_accelerator_system_clk_wiz_0_0  {rise@0.000ns fall@2.500ns period=5.000ns})
  Destination:            cnn_accelerator_system_i/cnn_accelerator_wino_0/inst/conv2/lane[1].u_mul/g_wpe[2].wmem_op_reg_0_31_0_5/RAMA/WE
                            (rising edge-triggered cell RAMD32 clocked by clk_out3_cnn_accelerator_system_clk_wiz_0_0  {rise@0.000ns fall@2.500ns period=5.000ns})
  Path Group:             clk_out3_cnn_accelerator_system_clk_wiz_0_0
  Path Type:              Setup (Max at Slow Process Corner)
  Requirement:            5.000ns  (clk_out3_cnn_accelerator_system_clk_wiz_0_0 rise@5.000ns - clk_out3_cnn_accelerator_system_clk_wiz_0_0 rise@0.000ns)
  Data Path Delay:        4.586ns  (logic 0.704ns (15.352%)  route 3.882ns (84.648%))
  Logic Levels:           2  (LUT4=1 LUT6=1)
  Clock Path Skew:        -0.020ns (DCD - SCD + CPR)
    Destination Clock Delay (DCD):    5.022ns = ( 10.022 - 5.000 ) 
    Source Clock Delay      (SCD):    5.220ns
    Clock Pessimism Removal (CPR):    0.179ns
  Clock Uncertainty:      0.067ns  ((TSJ^2 + DJ^2)^1/2) / 2 + PE
    Total System Jitter     (TSJ):    0.071ns
    Discrete Jitter          (DJ):    0.113ns
    Phase Error              (PE):    0.000ns

    Location             Delay type                Incr(ns)  Path(ns)    Netlist Resource(s)
  -------------------------------------------------------------------    -------------------
                         (clock clk_out3_cnn_accelerator_system_clk_wiz_0_0 rise edge)
                                                      0.000     0.000 r  
    E3                                                0.000     0.000 r  CLK100MHZ (IN)
                         net (fo=0)                   0.000     0.000    CLK100MHZ
    E3                                                                r  CLK100MHZ_IBUF_inst/I
    E3                   IBUF (Prop_ibuf_I_O)         1.482     1.482 r  CLK100MHZ_IBUF_inst/O
                         net (fo=1, routed)           2.025     3.506    cnn_accelerator_system_i/util_ds_buf_0/U0/BUFG_I[0]
    BUFGCTRL_X0Y16                                                    r  cnn_accelerator_system_i/util_ds_buf_0/U0/USE_BUFG.GEN_BUFG[0].BUFG_U/I
    BUFGCTRL_X0Y16       BUFG (Prop_bufg_I_O)         0.096     3.602 r  cnn_accelerator_system_i/util_ds_buf_0/U0/USE_BUFG.GEN_BUFG[0].BUFG_U/O
                         net (fo=2, routed)           1.809     5.412    cnn_accelerator_system_i/clk_wiz_0/inst/clk_in1
    MMCME2_ADV_X0Y0                                                   r  cnn_accelerator_system_i/clk_wiz_0/inst/mmcm_adv_inst/CLKIN1
    MMCME2_ADV_X0Y0      MMCME2_ADV (Prop_mmcme2_adv_CLKIN1_CLKOUT2)
                                                     -3.922     1.490 r  cnn_accelerator_system_i/clk_wiz_0/inst/mmcm_adv_inst/CLKOUT2
                         net (fo=1, routed)           2.018     3.508    cnn_accelerator_system_i/clk_wiz_0/inst/clk_out3_cnn_accelerator_system_clk_wiz_0_0
    BUFGCTRL_X0Y2                                                     r  cnn_accelerator_system_i/clk_wiz_0/inst/clkout3_buf/I
    BUFGCTRL_X0Y2        BUFG (Prop_bufg_I_O)         0.096     3.604 r  cnn_accelerator_system_i/clk_wiz_0/inst/clkout3_buf/O
                         net (fo=54397, routed)       1.616     5.220    cnn_accelerator_system_i/cnn_accelerator_wino_0/inst/conv2/lane[1].u_mul/clk
    SLICE_X45Y113        FDRE                                         r  cnn_accelerator_system_i/cnn_accelerator_wino_0/inst/conv2/lane[1].u_mul/wm_we_q_reg/C
  -------------------------------------------------------------------    -------------------
    SLICE_X45Y113        FDRE (Prop_fdre_C_Q)         0.456     5.676 r  cnn_accelerator_system_i/cnn_accelerator_wino_0/inst/conv2/lane[1].u_mul/wm_we_q_reg/Q
                         net (fo=1, routed)           0.633     6.309    cnn_accelerator_system_i/cnn_accelerator_wino_0/inst/conv2/lane[1].u_mul/wm_we_q
    SLICE_X43Y113                                                     r  cnn_accelerator_system_i/cnn_accelerator_wino_0/inst/conv2/lane[1].u_mul/g_wpe[0].wmem_op_reg_0_31_0_5_i_2__1/I0
    SLICE_X43Y113        LUT4 (Prop_lut4_I0_O)        0.124     6.433 r  cnn_accelerator_system_i/cnn_accelerator_wino_0/inst/conv2/lane[1].u_mul/g_wpe[0].wmem_op_reg_0_31_0_5_i_2__1/O
                         net (fo=18, routed)          2.067     8.501    cnn_accelerator_system_i/cnn_accelerator_wino_0/inst/conv2/lane[1].u_mul/g_wpe[0].wmem_op_reg_0_31_0_5_i_2__1_n_0
    SLICE_X81Y97                                                      r  cnn_accelerator_system_i/cnn_accelerator_wino_0/inst/conv2/lane[1].u_mul/g_wpe[2].wmem_op_reg_0_31_0_5_i_1__2/I2
    SLICE_X81Y97         LUT6 (Prop_lut6_I2_O)        0.124     8.625 r  cnn_accelerator_system_i/cnn_accelerator_wino_0/inst/conv2/lane[1].u_mul/g_wpe[2].wmem_op_reg_0_31_0_5_i_1__2/O
                         net (fo=16, routed)          1.181     9.806    cnn_accelerator_system_i/cnn_accelerator_wino_0/inst/conv2/lane[1].u_mul/g_wpe[2].wmem_op_reg_0_31_0_5/WE
    SLICE_X84Y80         RAMD32                                       r  cnn_accelerator_system_i/cnn_accelerator_wino_0/inst/conv2/lane[1].u_mul/g_wpe[2].wmem_op_reg_0_31_0_5/RAMA/WE
  -------------------------------------------------------------------    -------------------

                         (clock clk_out3_cnn_accelerator_system_clk_wiz_0_0 rise edge)
                                                      5.000     5.000 r  
    E3                                                0.000     5.000 r  CLK100MHZ (IN)
                         net (fo=0)                   0.000     5.000    CLK100MHZ
    E3                                                                r  CLK100MHZ_IBUF_inst/I
    E3                   IBUF (Prop_ibuf_I_O)         1.411     6.411 r  CLK100MHZ_IBUF_inst/O
                         net (fo=1, routed)           1.920     8.331    cnn_accelerator_system_i/util_ds_buf_0/U0/BUFG_I[0]
    BUFGCTRL_X0Y16                                                    r  cnn_accelerator_system_i/util_ds_buf_0/U0/USE_BUFG.GEN_BUFG[0].BUFG_U/I
    BUFGCTRL_X0Y16       BUFG (Prop_bufg_I_O)         0.091     8.422 r  cnn_accelerator_system_i/util_ds_buf_0/U0/USE_BUFG.GEN_BUFG[0].BUFG_U/O
                         net (fo=2, routed)           1.683    10.105    cnn_accelerator_system_i/clk_wiz_0/inst/clk_in1
    MMCME2_ADV_X0Y0                                                   r  cnn_accelerator_system_i/clk_wiz_0/inst/mmcm_adv_inst/CLKIN1
    MMCME2_ADV_X0Y0      MMCME2_ADV (Prop_mmcme2_adv_CLKIN1_CLKOUT2)
                                                     -3.694     6.411 r  cnn_accelerator_system_i/clk_wiz_0/inst/mmcm_adv_inst/CLKOUT2
                         net (fo=1, routed)           1.923     8.334    cnn_accelerator_system_i/clk_wiz_0/inst/clk_out3_cnn_accelerator_system_clk_wiz_0_0
    BUFGCTRL_X0Y2                                                     r  cnn_accelerator_system_i/clk_wiz_0/inst/clkout3_buf/I
    BUFGCTRL_X0Y2        BUFG (Prop_bufg_I_O)         0.091     8.425 r  cnn_accelerator_system_i/clk_wiz_0/inst/clkout3_buf/O
                         net (fo=54397, routed)       1.596    10.022    cnn_accelerator_system_i/cnn_accelerator_wino_0/inst/conv2/lane[1].u_mul/g_wpe[2].wmem_op_reg_0_31_0_5/WCLK
    SLICE_X84Y80         RAMD32                                       r  cnn_accelerator_system_i/cnn_accelerator_wino_0/inst/conv2/lane[1].u_mul/g_wpe[2].wmem_op_reg_0_31_0_5/RAMA/CLK
                         clock pessimism              0.179    10.201    
                         clock uncertainty           -0.067    10.134    
    SLICE_X84Y80         RAMD32 (Setup_ramd32_CLK_WE)
                                                     -0.533     9.601    cnn_accelerator_system_i/cnn_accelerator_wino_0/inst/conv2/lane[1].u_mul/g_wpe[2].wmem_op_reg_0_31_0_5/RAMA
  -------------------------------------------------------------------
                         required time                          9.601    
                         arrival time                          -9.806    
  -------------------------------------------------------------------
                         slack                                 -0.205    

Slack (VIOLATED) :        -0.205ns  (required time - arrival time)
  Source:                 cnn_accelerator_system_i/cnn_accelerator_wino_0/inst/conv2/lane[1].u_mul/wm_we_q_reg/C
                            (rising edge-triggered cell FDRE clocked by clk_out3_cnn_accelerator_system_clk_wiz_0_0  {rise@0.000ns fall@2.500ns period=5.000ns})
  Destination:            cnn_accelerator_system_i/cnn_accelerator_wino_0/inst/conv2/lane[1].u_mul/g_wpe[2].wmem_op_reg_0_31_0_5/RAMA_D1/WE
                            (rising edge-triggered cell RAMD32 clocked by clk_out3_cnn_accelerator_system_clk_wiz_0_0  {rise@0.000ns fall@2.500ns period=5.000ns})
  Path Group:             clk_out3_cnn_accelerator_system_clk_wiz_0_0
  Path Type:              Setup (Max at Slow Process Corner)
  Requirement:            5.000ns  (clk_out3_cnn_accelerator_system_clk_wiz_0_0 rise@5.000ns - clk_out3_cnn_accelerator_system_clk_wiz_0_0 rise@0.000ns)
  Data Path Delay:        4.586ns  (logic 0.704ns (15.352%)  route 3.882ns (84.648%))
  Logic Levels:           2  (LUT4=1 LUT6=1)
  Clock Path Skew:        -0.020ns (DCD - SCD + CPR)
    Destination Clock Delay (DCD):    5.022ns = ( 10.022 - 5.000 ) 
    Source Clock Delay      (SCD):    5.220ns
    Clock Pessimism Removal (CPR):    0.179ns
  Clock Uncertainty:      0.067ns  ((TSJ^2 + DJ^2)^1/2) / 2 + PE
    Total System Jitter     (TSJ):    0.071ns
    Discrete Jitter          (DJ):    0.113ns
    Phase Error              (PE):    0.000ns

    Location             Delay type                Incr(ns)  Path(ns)    Netlist Resource(s)
  -------------------------------------------------------------------    -------------------
                         (clock clk_out3_cnn_accelerator_system_clk_wiz_0_0 rise edge)
                                                      0.000     0.000 r  
    E3                                                0.000     0.000 r  CLK100MHZ (IN)
                         net (fo=0)                   0.000     0.000    CLK100MHZ
    E3                                                                r  CLK100MHZ_IBUF_inst/I
    E3                   IBUF (Prop_ibuf_I_O)         1.482     1.482 r  CLK100MHZ_IBUF_inst/O
                         net (fo=1, routed)           2.025     3.506    cnn_accelerator_system_i/util_ds_buf_0/U0/BUFG_I[0]
    BUFGCTRL_X0Y16                                                    r  cnn_accelerator_system_i/util_ds_buf_0/U0/USE_BUFG.GEN_BUFG[0].BUFG_U/I
    BUFGCTRL_X0Y16       BUFG (Prop_bufg_I_O)         0.096     3.602 r  cnn_accelerator_system_i/util_ds_buf_0/U0/USE_BUFG.GEN_BUFG[0].BUFG_U/O
                         net (fo=2, routed)           1.809     5.412    cnn_accelerator_system_i/clk_wiz_0/inst/clk_in1
    MMCME2_ADV_X0Y0                                                   r  cnn_accelerator_system_i/clk_wiz_0/inst/mmcm_adv_inst/CLKIN1
    MMCME2_ADV_X0Y0      MMCME2_ADV (Prop_mmcme2_adv_CLKIN1_CLKOUT2)
                                                     -3.922     1.490 r  cnn_accelerator_system_i/clk_wiz_0/inst/mmcm_adv_inst/CLKOUT2
                         net (fo=1, routed)           2.018     3.508    cnn_accelerator_system_i/clk_wiz_0/inst/clk_out3_cnn_accelerator_system_clk_wiz_0_0
    BUFGCTRL_X0Y2                                                     r  cnn_accelerator_system_i/clk_wiz_0/inst/clkout3_buf/I
    BUFGCTRL_X0Y2        BUFG (Prop_bufg_I_O)         0.096     3.604 r  cnn_accelerator_system_i/clk_wiz_0/inst/clkout3_buf/O
                         net (fo=54397, routed)       1.616     5.220    cnn_accelerator_system_i/cnn_accelerator_wino_0/inst/conv2/lane[1].u_mul/clk
    SLICE_X45Y113        FDRE                                         r  cnn_accelerator_system_i/cnn_accelerator_wino_0/inst/conv2/lane[1].u_mul/wm_we_q_reg/C
  -------------------------------------------------------------------    -------------------
    SLICE_X45Y113        FDRE (Prop_fdre_C_Q)         0.456     5.676 r  cnn_accelerator_system_i/cnn_accelerator_wino_0/inst/conv2/lane[1].u_mul/wm_we_q_reg/Q
                         net (fo=1, routed)           0.633     6.309    cnn_accelerator_system_i/cnn_accelerator_wino_0/inst/conv2/lane[1].u_mul/wm_we_q
    SLICE_X43Y113                                                     r  cnn_accelerator_system_i/cnn_accelerator_wino_0/inst/conv2/lane[1].u_mul/g_wpe[0].wmem_op_reg_0_31_0_5_i_2__1/I0
    SLICE_X43Y113        LUT4 (Prop_lut4_I0_O)        0.124     6.433 r  cnn_accelerator_system_i/cnn_accelerator_wino_0/inst/conv2/lane[1].u_mul/g_wpe[0].wmem_op_reg_0_31_0_5_i_2__1/O
                         net (fo=18, routed)          2.067     8.501    cnn_accelerator_system_i/cnn_accelerator_wino_0/inst/conv2/lane[1].u_mul/g_wpe[0].wmem_op_reg_0_31_0_5_i_2__1_n_0
    SLICE_X81Y97                                                      r  cnn_accelerator_system_i/cnn_accelerator_wino_0/inst/conv2/lane[1].u_mul/g_wpe[2].wmem_op_reg_0_31_0_5_i_1__2/I2
    SLICE_X81Y97         LUT6 (Prop_lut6_I2_O)        0.124     8.625 r  cnn_accelerator_system_i/cnn_accelerator_wino_0/inst/conv2/lane[1].u_mul/g_wpe[2].wmem_op_reg_0_31_0_5_i_1__2/O
                         net (fo=16, routed)          1.181     9.806    cnn_accelerator_system_i/cnn_accelerator_wino_0/inst/conv2/lane[1].u_mul/g_wpe[2].wmem_op_reg_0_31_0_5/WE
    SLICE_X84Y80         RAMD32                                       r  cnn_accelerator_system_i/cnn_accelerator_wino_0/inst/conv2/lane[1].u_mul/g_wpe[2].wmem_op_reg_0_31_0_5/RAMA_D1/WE
  -------------------------------------------------------------------    -------------------

                         (clock clk_out3_cnn_accelerator_system_clk_wiz_0_0 rise edge)
                                                      5.000     5.000 r  
    E3                                                0.000     5.000 r  CLK100MHZ (IN)
                         net (fo=0)                   0.000     5.000    CLK100MHZ
    E3                                                                r  CLK100MHZ_IBUF_inst/I
    E3                   IBUF (Prop_ibuf_I_O)         1.411     6.411 r  CLK100MHZ_IBUF_inst/O
                         net (fo=1, routed)           1.920     8.331    cnn_accelerator_system_i/util_ds_buf_0/U0/BUFG_I[0]
    BUFGCTRL_X0Y16                                                    r  cnn_accelerator_system_i/util_ds_buf_0/U0/USE_BUFG.GEN_BUFG[0].BUFG_U/I
    BUFGCTRL_X0Y16       BUFG (Prop_bufg_I_O)         0.091     8.422 r  cnn_accelerator_system_i/util_ds_buf_0/U0/USE_BUFG.GEN_BUFG[0].BUFG_U/O
                         net (fo=2, routed)           1.683    10.105    cnn_accelerator_system_i/clk_wiz_0/inst/clk_in1
    MMCME2_ADV_X0Y0                                                   r  cnn_accelerator_system_i/clk_wiz_0/inst/mmcm_adv_inst/CLKIN1
    MMCME2_ADV_X0Y0      MMCME2_ADV (Prop_mmcme2_adv_CLKIN1_CLKOUT2)
                                                     -3.694     6.411 r  cnn_accelerator_system_i/clk_wiz_0/inst/mmcm_adv_inst/CLKOUT2
                         net (fo=1, routed)           1.923     8.334    cnn_accelerator_system_i/clk_wiz_0/inst/clk_out3_cnn_accelerator_system_clk_wiz_0_0
    BUFGCTRL_X0Y2                                                     r  cnn_accelerator_system_i/clk_wiz_0/inst/clkout3_buf/I
    BUFGCTRL_X0Y2        BUFG (Prop_bufg_I_O)         0.091     8.425 r  cnn_accelerator_system_i/clk_wiz_0/inst/clkout3_buf/O
                         net (fo=54397, routed)       1.596    10.022    cnn_accelerator_system_i/cnn_accelerator_wino_0/inst/conv2/lane[1].u_mul/g_wpe[2].wmem_op_reg_0_31_0_5/WCLK
    SLICE_X84Y80         RAMD32                                       r  cnn_accelerator_system_i/cnn_accelerator_wino_0/inst/conv2/lane[1].u_mul/g_wpe[2].wmem_op_reg_0_31_0_5/RAMA_D1/CLK
                         clock pessimism              0.179    10.201    
                         clock uncertainty           -0.067    10.134    
    SLICE_X84Y80         RAMD32 (Setup_ramd32_CLK_WE)
                                                     -0.533     9.601    cnn_accelerator_system_i/cnn_accelerator_wino_0/inst/conv2/lane[1].u_mul/g_wpe[2].wmem_op_reg_0_31_0_5/RAMA_D1
  -------------------------------------------------------------------
                         required time                          9.601    
                         arrival time                          -9.806    
  -------------------------------------------------------------------
                         slack                                 -0.205    

Slack (VIOLATED) :        -0.205ns  (required time - arrival time)
  Source:                 cnn_accelerator_system_i/cnn_accelerator_wino_0/inst/conv2/lane[1].u_mul/wm_we_q_reg/C
                            (rising edge-triggered cell FDRE clocked by clk_out3_cnn_accelerator_system_clk_wiz_0_0  {rise@0.000ns fall@2.500ns period=5.000ns})
  Destination:            cnn_accelerator_system_i/cnn_accelerator_wino_0/inst/conv2/lane[1].u_mul/g_wpe[2].wmem_op_reg_0_31_0_5/RAMB/WE
                            (rising edge-triggered cell RAMD32 clocked by clk_out3_cnn_accelerator_system_clk_wiz_0_0  {rise@0.000ns fall@2.500ns period=5.000ns})
  Path Group:             clk_out3_cnn_accelerator_system_clk_wiz_0_0
  Path Type:              Setup (Max at Slow Process Corner)
  Requirement:            5.000ns  (clk_out3_cnn_accelerator_system_clk_wiz_0_0 rise@5.000ns - clk_out3_cnn_accelerator_system_clk_wiz_0_0 rise@0.000ns)
  Data Path Delay:        4.586ns  (logic 0.704ns (15.352%)  route 3.882ns (84.648%))
  Logic Levels:           2  (LUT4=1 LUT6=1)
  Clock Path Skew:        -0.020ns (DCD - SCD + CPR)
    Destination Clock Delay (DCD):    5.022ns = ( 10.022 - 5.000 ) 
    Source Clock Delay      (SCD):    5.220ns
    Clock Pessimism Removal (CPR):    0.179ns
  Clock Uncertainty:      0.067ns  ((TSJ^2 + DJ^2)^1/2) / 2 + PE
    Total System Jitter     (TSJ):    0.071ns
    Discrete Jitter          (DJ):    0.113ns
    Phase Error              (PE):    0.000ns

    Location             Delay type                Incr(ns)  Path(ns)    Netlist Resource(s)
  -------------------------------------------------------------------    -------------------
                         (clock clk_out3_cnn_accelerator_system_clk_wiz_0_0 rise edge)
                                                      0.000     0.000 r  
    E3                                                0.000     0.000 r  CLK100MHZ (IN)
                         net (fo=0)                   0.000     0.000    CLK100MHZ
    E3                                                                r  CLK100MHZ_IBUF_inst/I
    E3                   IBUF (Prop_ibuf_I_O)         1.482     1.482 r  CLK100MHZ_IBUF_inst/O
                         net (fo=1, routed)           2.025     3.506    cnn_accelerator_system_i/util_ds_buf_0/U0/BUFG_I[0]
    BUFGCTRL_X0Y16                                                    r  cnn_accelerator_system_i/util_ds_buf_0/U0/USE_BUFG.GEN_BUFG[0].BUFG_U/I
    BUFGCTRL_X0Y16       BUFG (Prop_bufg_I_O)         0.096     3.602 r  cnn_accelerator_system_i/util_ds_buf_0/U0/USE_BUFG.GEN_BUFG[0].BUFG_U/O
                         net (fo=2, routed)           1.809     5.412    cnn_accelerator_system_i/clk_wiz_0/inst/clk_in1
    MMCME2_ADV_X0Y0                                                   r  cnn_accelerator_system_i/clk_wiz_0/inst/mmcm_adv_inst/CLKIN1
    MMCME2_ADV_X0Y0      MMCME2_ADV (Prop_mmcme2_adv_CLKIN1_CLKOUT2)
                                                     -3.922     1.490 r  cnn_accelerator_system_i/clk_wiz_0/inst/mmcm_adv_inst/CLKOUT2
                         net (fo=1, routed)           2.018     3.508    cnn_accelerator_system_i/clk_wiz_0/inst/clk_out3_cnn_accelerator_system_clk_wiz_0_0
    BUFGCTRL_X0Y2                                                     r  cnn_accelerator_system_i/clk_wiz_0/inst/clkout3_buf/I
    BUFGCTRL_X0Y2        BUFG (Prop_bufg_I_O)         0.096     3.604 r  cnn_accelerator_system_i/clk_wiz_0/inst/clkout3_buf/O
                         net (fo=54397, routed)       1.616     5.220    cnn_accelerator_system_i/cnn_accelerator_wino_0/inst/conv2/lane[1].u_mul/clk
    SLICE_X45Y113        FDRE                                         r  cnn_accelerator_system_i/cnn_accelerator_wino_0/inst/conv2/lane[1].u_mul/wm_we_q_reg/C
  -------------------------------------------------------------------    -------------------
    SLICE_X45Y113        FDRE (Prop_fdre_C_Q)         0.456     5.676 r  cnn_accelerator_system_i/cnn_accelerator_wino_0/inst/conv2/lane[1].u_mul/wm_we_q_reg/Q
                         net (fo=1, routed)           0.633     6.309    cnn_accelerator_system_i/cnn_accelerator_wino_0/inst/conv2/lane[1].u_mul/wm_we_q
    SLICE_X43Y113                                                     r  cnn_accelerator_system_i/cnn_accelerator_wino_0/inst/conv2/lane[1].u_mul/g_wpe[0].wmem_op_reg_0_31_0_5_i_2__1/I0
    SLICE_X43Y113        LUT4 (Prop_lut4_I0_O)        0.124     6.433 r  cnn_accelerator_system_i/cnn_accelerator_wino_0/inst/conv2/lane[1].u_mul/g_wpe[0].wmem_op_reg_0_31_0_5_i_2__1/O
                         net (fo=18, routed)          2.067     8.501    cnn_accelerator_system_i/cnn_accelerator_wino_0/inst/conv2/lane[1].u_mul/g_wpe[0].wmem_op_reg_0_31_0_5_i_2__1_n_0
    SLICE_X81Y97                                                      r  cnn_accelerator_system_i/cnn_accelerator_wino_0/inst/conv2/lane[1].u_mul/g_wpe[2].wmem_op_reg_0_31_0_5_i_1__2/I2
    SLICE_X81Y97         LUT6 (Prop_lut6_I2_O)        0.124     8.625 r  cnn_accelerator_system_i/cnn_accelerator_wino_0/inst/conv2/lane[1].u_mul/g_wpe[2].wmem_op_reg_0_31_0_5_i_1__2/O
                         net (fo=16, routed)          1.181     9.806    cnn_accelerator_system_i/cnn_accelerator_wino_0/inst/conv2/lane[1].u_mul/g_wpe[2].wmem_op_reg_0_31_0_5/WE
    SLICE_X84Y80         RAMD32                                       r  cnn_accelerator_system_i/cnn_accelerator_wino_0/inst/conv2/lane[1].u_mul/g_wpe[2].wmem_op_reg_0_31_0_5/RAMB/WE
  -------------------------------------------------------------------    -------------------

                         (clock clk_out3_cnn_accelerator_system_clk_wiz_0_0 rise edge)
                                                      5.000     5.000 r  
    E3                                                0.000     5.000 r  CLK100MHZ (IN)
                         net (fo=0)                   0.000     5.000    CLK100MHZ
    E3                                                                r  CLK100MHZ_IBUF_inst/I
    E3                   IBUF (Prop_ibuf_I_O)         1.411     6.411 r  CLK100MHZ_IBUF_inst/O
                         net (fo=1, routed)           1.920     8.331    cnn_accelerator_system_i/util_ds_buf_0/U0/BUFG_I[0]
    BUFGCTRL_X0Y16                                                    r  cnn_accelerator_system_i/util_ds_buf_0/U0/USE_BUFG.GEN_BUFG[0].BUFG_U/I
    BUFGCTRL_X0Y16       BUFG (Prop_bufg_I_O)         0.091     8.422 r  cnn_accelerator_system_i/util_ds_buf_0/U0/USE_BUFG.GEN_BUFG[0].BUFG_U/O
                         net (fo=2, routed)           1.683    10.105    cnn_accelerator_system_i/clk_wiz_0/inst/clk_in1
    MMCME2_ADV_X0Y0                                                   r  cnn_accelerator_system_i/clk_wiz_0/inst/mmcm_adv_inst/CLKIN1
    MMCME2_ADV_X0Y0      MMCME2_ADV (Prop_mmcme2_adv_CLKIN1_CLKOUT2)
                                                     -3.694     6.411 r  cnn_accelerator_system_i/clk_wiz_0/inst/mmcm_adv_inst/CLKOUT2
                         net (fo=1, routed)           1.923     8.334    cnn_accelerator_system_i/clk_wiz_0/inst/clk_out3_cnn_accelerator_system_clk_wiz_0_0
    BUFGCTRL_X0Y2                                                     r  cnn_accelerator_system_i/clk_wiz_0/inst/clkout3_buf/I
    BUFGCTRL_X0Y2        BUFG (Prop_bufg_I_O)         0.091     8.425 r  cnn_accelerator_system_i/clk_wiz_0/inst/clkout3_buf/O
                         net (fo=54397, routed)       1.596    10.022    cnn_accelerator_system_i/cnn_accelerator_wino_0/inst/conv2/lane[1].u_mul/g_wpe[2].wmem_op_reg_0_31_0_5/WCLK
    SLICE_X84Y80         RAMD32                                       r  cnn_accelerator_system_i/cnn_accelerator_wino_0/inst/conv2/lane[1].u_mul/g_wpe[2].wmem_op_reg_0_31_0_5/RAMB/CLK
                         clock pessimism              0.179    10.201    
                         clock uncertainty           -0.067    10.134    
    SLICE_X84Y80         RAMD32 (Setup_ramd32_CLK_WE)
                                                     -0.533     9.601    cnn_accelerator_system_i/cnn_accelerator_wino_0/inst/conv2/lane[1].u_mul/g_wpe[2].wmem_op_reg_0_31_0_5/RAMB
  -------------------------------------------------------------------
                         required time                          9.601    
                         arrival time                          -9.806    
  -------------------------------------------------------------------
                         slack                                 -0.205    

Slack (VIOLATED) :        -0.205ns  (required time - arrival time)
  Source:                 cnn_accelerator_system_i/cnn_accelerator_wino_0/inst/conv2/lane[1].u_mul/wm_we_q_reg/C
                            (rising edge-triggered cell FDRE clocked by clk_out3_cnn_accelerator_system_clk_wiz_0_0  {rise@0.000ns fall@2.500ns period=5.000ns})
  Destination:            cnn_accelerator_system_i/cnn_accelerator_wino_0/inst/conv2/lane[1].u_mul/g_wpe[2].wmem_op_reg_0_31_0_5/RAMB_D1/WE
                            (rising edge-triggered cell RAMD32 clocked by clk_out3_cnn_accelerator_system_clk_wiz_0_0  {rise@0.000ns fall@2.500ns period=5.000ns})
  Path Group:             clk_out3_cnn_accelerator_system_clk_wiz_0_0
  Path Type:              Setup (Max at Slow Process Corner)
  Requirement:            5.000ns  (clk_out3_cnn_accelerator_system_clk_wiz_0_0 rise@5.000ns - clk_out3_cnn_accelerator_system_clk_wiz_0_0 rise@0.000ns)
  Data Path Delay:        4.586ns  (logic 0.704ns (15.352%)  route 3.882ns (84.648%))
  Logic Levels:           2  (LUT4=1 LUT6=1)
  Clock Path Skew:        -0.020ns (DCD - SCD + CPR)
    Destination Clock Delay (DCD):    5.022ns = ( 10.022 - 5.000 ) 
    Source Clock Delay      (SCD):    5.220ns
    Clock Pessimism Removal (CPR):    0.179ns
  Clock Uncertainty:      0.067ns  ((TSJ^2 + DJ^2)^1/2) / 2 + PE
    Total System Jitter     (TSJ):    0.071ns
    Discrete Jitter          (DJ):    0.113ns
    Phase Error              (PE):    0.000ns

    Location             Delay type                Incr(ns)  Path(ns)    Netlist Resource(s)
  -------------------------------------------------------------------    -------------------
                         (clock clk_out3_cnn_accelerator_system_clk_wiz_0_0 rise edge)
                                                      0.000     0.000 r  
    E3                                                0.000     0.000 r  CLK100MHZ (IN)
                         net (fo=0)                   0.000     0.000    CLK100MHZ
    E3                                                                r  CLK100MHZ_IBUF_inst/I
    E3                   IBUF (Prop_ibuf_I_O)         1.482     1.482 r  CLK100MHZ_IBUF_inst/O
                         net (fo=1, routed)           2.025     3.506    cnn_accelerator_system_i/util_ds_buf_0/U0/BUFG_I[0]
    BUFGCTRL_X0Y16                                                    r  cnn_accelerator_system_i/util_ds_buf_0/U0/USE_BUFG.GEN_BUFG[0].BUFG_U/I
    BUFGCTRL_X0Y16       BUFG (Prop_bufg_I_O)         0.096     3.602 r  cnn_accelerator_system_i/util_ds_buf_0/U0/USE_BUFG.GEN_BUFG[0].BUFG_U/O
                         net (fo=2, routed)           1.809     5.412    cnn_accelerator_system_i/clk_wiz_0/inst/clk_in1
    MMCME2_ADV_X0Y0                                                   r  cnn_accelerator_system_i/clk_wiz_0/inst/mmcm_adv_inst/CLKIN1
    MMCME2_ADV_X0Y0      MMCME2_ADV (Prop_mmcme2_adv_CLKIN1_CLKOUT2)
                                                     -3.922     1.490 r  cnn_accelerator_system_i/clk_wiz_0/inst/mmcm_adv_inst/CLKOUT2
                         net (fo=1, routed)           2.018     3.508    cnn_accelerator_system_i/clk_wiz_0/inst/clk_out3_cnn_accelerator_system_clk_wiz_0_0
    BUFGCTRL_X0Y2                                                     r  cnn_accelerator_system_i/clk_wiz_0/inst/clkout3_buf/I
    BUFGCTRL_X0Y2        BUFG (Prop_bufg_I_O)         0.096     3.604 r  cnn_accelerator_system_i/clk_wiz_0/inst/clkout3_buf/O
                         net (fo=54397, routed)       1.616     5.220    cnn_accelerator_system_i/cnn_accelerator_wino_0/inst/conv2/lane[1].u_mul/clk
    SLICE_X45Y113        FDRE                                         r  cnn_accelerator_system_i/cnn_accelerator_wino_0/inst/conv2/lane[1].u_mul/wm_we_q_reg/C
  -------------------------------------------------------------------    -------------------
    SLICE_X45Y113        FDRE (Prop_fdre_C_Q)         0.456     5.676 r  cnn_accelerator_system_i/cnn_accelerator_wino_0/inst/conv2/lane[1].u_mul/wm_we_q_reg/Q
                         net (fo=1, routed)           0.633     6.309    cnn_accelerator_system_i/cnn_accelerator_wino_0/inst/conv2/lane[1].u_mul/wm_we_q
    SLICE_X43Y113                                                     r  cnn_accelerator_system_i/cnn_accelerator_wino_0/inst/conv2/lane[1].u_mul/g_wpe[0].wmem_op_reg_0_31_0_5_i_2__1/I0
    SLICE_X43Y113        LUT4 (Prop_lut4_I0_O)        0.124     6.433 r  cnn_accelerator_system_i/cnn_accelerator_wino_0/inst/conv2/lane[1].u_mul/g_wpe[0].wmem_op_reg_0_31_0_5_i_2__1/O
                         net (fo=18, routed)          2.067     8.501    cnn_accelerator_system_i/cnn_accelerator_wino_0/inst/conv2/lane[1].u_mul/g_wpe[0].wmem_op_reg_0_31_0_5_i_2__1_n_0
    SLICE_X81Y97                                                      r  cnn_accelerator_system_i/cnn_accelerator_wino_0/inst/conv2/lane[1].u_mul/g_wpe[2].wmem_op_reg_0_31_0_5_i_1__2/I2
    SLICE_X81Y97         LUT6 (Prop_lut6_I2_O)        0.124     8.625 r  cnn_accelerator_system_i/cnn_accelerator_wino_0/inst/conv2/lane[1].u_mul/g_wpe[2].wmem_op_reg_0_31_0_5_i_1__2/O
                         net (fo=16, routed)          1.181     9.806    cnn_accelerator_system_i/cnn_accelerator_wino_0/inst/conv2/lane[1].u_mul/g_wpe[2].wmem_op_reg_0_31_0_5/WE
    SLICE_X84Y80         RAMD32                                       r  cnn_accelerator_system_i/cnn_accelerator_wino_0/inst/conv2/lane[1].u_mul/g_wpe[2].wmem_op_reg_0_31_0_5/RAMB_D1/WE
  -------------------------------------------------------------------    -------------------

                         (clock clk_out3_cnn_accelerator_system_clk_wiz_0_0 rise edge)
                                                      5.000     5.000 r  
    E3                                                0.000     5.000 r  CLK100MHZ (IN)
                         net (fo=0)                   0.000     5.000    CLK100MHZ
    E3                                                                r  CLK100MHZ_IBUF_inst/I
    E3                   IBUF (Prop_ibuf_I_O)         1.411     6.411 r  CLK100MHZ_IBUF_inst/O
                         net (fo=1, routed)           1.920     8.331    cnn_accelerator_system_i/util_ds_buf_0/U0/BUFG_I[0]
    BUFGCTRL_X0Y16                                                    r  cnn_accelerator_system_i/util_ds_buf_0/U0/USE_BUFG.GEN_BUFG[0].BUFG_U/I
    BUFGCTRL_X0Y16       BUFG (Prop_bufg_I_O)         0.091     8.422 r  cnn_accelerator_system_i/util_ds_buf_0/U0/USE_BUFG.GEN_BUFG[0].BUFG_U/O
                         net (fo=2, routed)           1.683    10.105    cnn_accelerator_system_i/clk_wiz_0/inst/clk_in1
    MMCME2_ADV_X0Y0                                                   r  cnn_accelerator_system_i/clk_wiz_0/inst/mmcm_adv_inst/CLKIN1
    MMCME2_ADV_X0Y0      MMCME2_ADV (Prop_mmcme2_adv_CLKIN1_CLKOUT2)
                                                     -3.694     6.411 r  cnn_accelerator_system_i/clk_wiz_0/inst/mmcm_adv_inst/CLKOUT2
                         net (fo=1, routed)           1.923     8.334    cnn_accelerator_system_i/clk_wiz_0/inst/clk_out3_cnn_accelerator_system_clk_wiz_0_0
    BUFGCTRL_X0Y2                                                     r  cnn_accelerator_system_i/clk_wiz_0/inst/clkout3_buf/I
    BUFGCTRL_X0Y2        BUFG (Prop_bufg_I_O)         0.091     8.425 r  cnn_accelerator_system_i/clk_wiz_0/inst/clkout3_buf/O
                         net (fo=54397, routed)       1.596    10.022    cnn_accelerator_system_i/cnn_accelerator_wino_0/inst/conv2/lane[1].u_mul/g_wpe[2].wmem_op_reg_0_31_0_5/WCLK
    SLICE_X84Y80         RAMD32                                       r  cnn_accelerator_system_i/cnn_accelerator_wino_0/inst/conv2/lane[1].u_mul/g_wpe[2].wmem_op_reg_0_31_0_5/RAMB_D1/CLK
                         clock pessimism              0.179    10.201    
                         clock uncertainty           -0.067    10.134    
    SLICE_X84Y80         RAMD32 (Setup_ramd32_CLK_WE)
                                                     -0.533     9.601    cnn_accelerator_system_i/cnn_accelerator_wino_0/inst/conv2/lane[1].u_mul/g_wpe[2].wmem_op_reg_0_31_0_5/RAMB_D1
  -------------------------------------------------------------------
                         required time                          9.601    
                         arrival time                          -9.806    
  -------------------------------------------------------------------
                         slack                                 -0.205    

Slack (VIOLATED) :        -0.205ns  (required time - arrival time)
  Source:                 cnn_accelerator_system_i/cnn_accelerator_wino_0/inst/conv2/lane[1].u_mul/wm_we_q_reg/C
                            (rising edge-triggered cell FDRE clocked by clk_out3_cnn_accelerator_system_clk_wiz_0_0  {rise@0.000ns fall@2.500ns period=5.000ns})
  Destination:            cnn_accelerator_system_i/cnn_accelerator_wino_0/inst/conv2/lane[1].u_mul/g_wpe[2].wmem_op_reg_0_31_0_5/RAMC/WE
                            (rising edge-triggered cell RAMD32 clocked by clk_out3_cnn_accelerator_system_clk_wiz_0_0  {rise@0.000ns fall@2.500ns period=5.000ns})
  Path Group:             clk_out3_cnn_accelerator_system_clk_wiz_0_0
  Path Type:              Setup (Max at Slow Process Corner)
  Requirement:            5.000ns  (clk_out3_cnn_accelerator_system_clk_wiz_0_0 rise@5.000ns - clk_out3_cnn_accelerator_system_clk_wiz_0_0 rise@0.000ns)
  Data Path Delay:        4.586ns  (logic 0.704ns (15.352%)  route 3.882ns (84.648%))
  Logic Levels:           2  (LUT4=1 LUT6=1)
  Clock Path Skew:        -0.020ns (DCD - SCD + CPR)
    Destination Clock Delay (DCD):    5.022ns = ( 10.022 - 5.000 ) 
    Source Clock Delay      (SCD):    5.220ns
    Clock Pessimism Removal (CPR):    0.179ns
  Clock Uncertainty:      0.067ns  ((TSJ^2 + DJ^2)^1/2) / 2 + PE
    Total System Jitter     (TSJ):    0.071ns
    Discrete Jitter          (DJ):    0.113ns
    Phase Error              (PE):    0.000ns

    Location             Delay type                Incr(ns)  Path(ns)    Netlist Resource(s)
  -------------------------------------------------------------------    -------------------
                         (clock clk_out3_cnn_accelerator_system_clk_wiz_0_0 rise edge)
                                                      0.000     0.000 r  
    E3                                                0.000     0.000 r  CLK100MHZ (IN)
                         net (fo=0)                   0.000     0.000    CLK100MHZ
    E3                                                                r  CLK100MHZ_IBUF_inst/I
    E3                   IBUF (Prop_ibuf_I_O)         1.482     1.482 r  CLK100MHZ_IBUF_inst/O
                         net (fo=1, routed)           2.025     3.506    cnn_accelerator_system_i/util_ds_buf_0/U0/BUFG_I[0]
    BUFGCTRL_X0Y16                                                    r  cnn_accelerator_system_i/util_ds_buf_0/U0/USE_BUFG.GEN_BUFG[0].BUFG_U/I
    BUFGCTRL_X0Y16       BUFG (Prop_bufg_I_O)         0.096     3.602 r  cnn_accelerator_system_i/util_ds_buf_0/U0/USE_BUFG.GEN_BUFG[0].BUFG_U/O
                         net (fo=2, routed)           1.809     5.412    cnn_accelerator_system_i/clk_wiz_0/inst/clk_in1
    MMCME2_ADV_X0Y0                                                   r  cnn_accelerator_system_i/clk_wiz_0/inst/mmcm_adv_inst/CLKIN1
    MMCME2_ADV_X0Y0      MMCME2_ADV (Prop_mmcme2_adv_CLKIN1_CLKOUT2)
                                                     -3.922     1.490 r  cnn_accelerator_system_i/clk_wiz_0/inst/mmcm_adv_inst/CLKOUT2
                         net (fo=1, routed)           2.018     3.508    cnn_accelerator_system_i/clk_wiz_0/inst/clk_out3_cnn_accelerator_system_clk_wiz_0_0
    BUFGCTRL_X0Y2                                                     r  cnn_accelerator_system_i/clk_wiz_0/inst/clkout3_buf/I
    BUFGCTRL_X0Y2        BUFG (Prop_bufg_I_O)         0.096     3.604 r  cnn_accelerator_system_i/clk_wiz_0/inst/clkout3_buf/O
                         net (fo=54397, routed)       1.616     5.220    cnn_accelerator_system_i/cnn_accelerator_wino_0/inst/conv2/lane[1].u_mul/clk
    SLICE_X45Y113        FDRE                                         r  cnn_accelerator_system_i/cnn_accelerator_wino_0/inst/conv2/lane[1].u_mul/wm_we_q_reg/C
  -------------------------------------------------------------------    -------------------
    SLICE_X45Y113        FDRE (Prop_fdre_C_Q)         0.456     5.676 r  cnn_accelerator_system_i/cnn_accelerator_wino_0/inst/conv2/lane[1].u_mul/wm_we_q_reg/Q
                         net (fo=1, routed)           0.633     6.309    cnn_accelerator_system_i/cnn_accelerator_wino_0/inst/conv2/lane[1].u_mul/wm_we_q
    SLICE_X43Y113                                                     r  cnn_accelerator_system_i/cnn_accelerator_wino_0/inst/conv2/lane[1].u_mul/g_wpe[0].wmem_op_reg_0_31_0_5_i_2__1/I0
    SLICE_X43Y113        LUT4 (Prop_lut4_I0_O)        0.124     6.433 r  cnn_accelerator_system_i/cnn_accelerator_wino_0/inst/conv2/lane[1].u_mul/g_wpe[0].wmem_op_reg_0_31_0_5_i_2__1/O
                         net (fo=18, routed)          2.067     8.501    cnn_accelerator_system_i/cnn_accelerator_wino_0/inst/conv2/lane[1].u_mul/g_wpe[0].wmem_op_reg_0_31_0_5_i_2__1_n_0
    SLICE_X81Y97                                                      r  cnn_accelerator_system_i/cnn_accelerator_wino_0/inst/conv2/lane[1].u_mul/g_wpe[2].wmem_op_reg_0_31_0_5_i_1__2/I2
    SLICE_X81Y97         LUT6 (Prop_lut6_I2_O)        0.124     8.625 r  cnn_accelerator_system_i/cnn_accelerator_wino_0/inst/conv2/lane[1].u_mul/g_wpe[2].wmem_op_reg_0_31_0_5_i_1__2/O
                         net (fo=16, routed)          1.181     9.806    cnn_accelerator_system_i/cnn_accelerator_wino_0/inst/conv2/lane[1].u_mul/g_wpe[2].wmem_op_reg_0_31_0_5/WE
    SLICE_X84Y80         RAMD32                                       r  cnn_accelerator_system_i/cnn_accelerator_wino_0/inst/conv2/lane[1].u_mul/g_wpe[2].wmem_op_reg_0_31_0_5/RAMC/WE
  -------------------------------------------------------------------    -------------------

                         (clock clk_out3_cnn_accelerator_system_clk_wiz_0_0 rise edge)
                                                      5.000     5.000 r  
    E3                                                0.000     5.000 r  CLK100MHZ (IN)
                         net (fo=0)                   0.000     5.000    CLK100MHZ
    E3                                                                r  CLK100MHZ_IBUF_inst/I
    E3                   IBUF (Prop_ibuf_I_O)         1.411     6.411 r  CLK100MHZ_IBUF_inst/O
                         net (fo=1, routed)           1.920     8.331    cnn_accelerator_system_i/util_ds_buf_0/U0/BUFG_I[0]
    BUFGCTRL_X0Y16                                                    r  cnn_accelerator_system_i/util_ds_buf_0/U0/USE_BUFG.GEN_BUFG[0].BUFG_U/I
    BUFGCTRL_X0Y16       BUFG (Prop_bufg_I_O)         0.091     8.422 r  cnn_accelerator_system_i/util_ds_buf_0/U0/USE_BUFG.GEN_BUFG[0].BUFG_U/O
                         net (fo=2, routed)           1.683    10.105    cnn_accelerator_system_i/clk_wiz_0/inst/clk_in1
    MMCME2_ADV_X0Y0                                                   r  cnn_accelerator_system_i/clk_wiz_0/inst/mmcm_adv_inst/CLKIN1
    MMCME2_ADV_X0Y0      MMCME2_ADV (Prop_mmcme2_adv_CLKIN1_CLKOUT2)
                                                     -3.694     6.411 r  cnn_accelerator_system_i/clk_wiz_0/inst/mmcm_adv_inst/CLKOUT2
                         net (fo=1, routed)           1.923     8.334    cnn_accelerator_system_i/clk_wiz_0/inst/clk_out3_cnn_accelerator_system_clk_wiz_0_0
    BUFGCTRL_X0Y2                                                     r  cnn_accelerator_system_i/clk_wiz_0/inst/clkout3_buf/I
    BUFGCTRL_X0Y2        BUFG (Prop_bufg_I_O)         0.091     8.425 r  cnn_accelerator_system_i/clk_wiz_0/inst/clkout3_buf/O
                         net (fo=54397, routed)       1.596    10.022    cnn_accelerator_system_i/cnn_accelerator_wino_0/inst/conv2/lane[1].u_mul/g_wpe[2].wmem_op_reg_0_31_0_5/WCLK
    SLICE_X84Y80         RAMD32                                       r  cnn_accelerator_system_i/cnn_accelerator_wino_0/inst/conv2/lane[1].u_mul/g_wpe[2].wmem_op_reg_0_31_0_5/RAMC/CLK
                         clock pessimism              0.179    10.201    
                         clock uncertainty           -0.067    10.134    
    SLICE_X84Y80         RAMD32 (Setup_ramd32_CLK_WE)
                                                     -0.533     9.601    cnn_accelerator_system_i/cnn_accelerator_wino_0/inst/conv2/lane[1].u_mul/g_wpe[2].wmem_op_reg_0_31_0_5/RAMC
  -------------------------------------------------------------------
                         required time                          9.601    
                         arrival time                          -9.806    
  -------------------------------------------------------------------
                         slack                                 -0.205    

Slack (VIOLATED) :        -0.205ns  (required time - arrival time)
  Source:                 cnn_accelerator_system_i/cnn_accelerator_wino_0/inst/conv2/lane[1].u_mul/wm_we_q_reg/C
                            (rising edge-triggered cell FDRE clocked by clk_out3_cnn_accelerator_system_clk_wiz_0_0  {rise@0.000ns fall@2.500ns period=5.000ns})
  Destination:            cnn_accelerator_system_i/cnn_accelerator_wino_0/inst/conv2/lane[1].u_mul/g_wpe[2].wmem_op_reg_0_31_0_5/RAMC_D1/WE
                            (rising edge-triggered cell RAMD32 clocked by clk_out3_cnn_accelerator_system_clk_wiz_0_0  {rise@0.000ns fall@2.500ns period=5.000ns})
  Path Group:             clk_out3_cnn_accelerator_system_clk_wiz_0_0
  Path Type:              Setup (Max at Slow Process Corner)
  Requirement:            5.000ns  (clk_out3_cnn_accelerator_system_clk_wiz_0_0 rise@5.000ns - clk_out3_cnn_accelerator_system_clk_wiz_0_0 rise@0.000ns)
  Data Path Delay:        4.586ns  (logic 0.704ns (15.352%)  route 3.882ns (84.648%))
  Logic Levels:           2  (LUT4=1 LUT6=1)
  Clock Path Skew:        -0.020ns (DCD - SCD + CPR)
    Destination Clock Delay (DCD):    5.022ns = ( 10.022 - 5.000 ) 
    Source Clock Delay      (SCD):    5.220ns
    Clock Pessimism Removal (CPR):    0.179ns
  Clock Uncertainty:      0.067ns  ((TSJ^2 + DJ^2)^1/2) / 2 + PE
    Total System Jitter     (TSJ):    0.071ns
    Discrete Jitter          (DJ):    0.113ns
    Phase Error              (PE):    0.000ns

    Location             Delay type                Incr(ns)  Path(ns)    Netlist Resource(s)
  -------------------------------------------------------------------    -------------------
                         (clock clk_out3_cnn_accelerator_system_clk_wiz_0_0 rise edge)
                                                      0.000     0.000 r  
    E3                                                0.000     0.000 r  CLK100MHZ (IN)
                         net (fo=0)                   0.000     0.000    CLK100MHZ
    E3                                                                r  CLK100MHZ_IBUF_inst/I
    E3                   IBUF (Prop_ibuf_I_O)         1.482     1.482 r  CLK100MHZ_IBUF_inst/O
                         net (fo=1, routed)           2.025     3.506    cnn_accelerator_system_i/util_ds_buf_0/U0/BUFG_I[0]
    BUFGCTRL_X0Y16                                                    r  cnn_accelerator_system_i/util_ds_buf_0/U0/USE_BUFG.GEN_BUFG[0].BUFG_U/I
    BUFGCTRL_X0Y16       BUFG (Prop_bufg_I_O)         0.096     3.602 r  cnn_accelerator_system_i/util_ds_buf_0/U0/USE_BUFG.GEN_BUFG[0].BUFG_U/O
                         net (fo=2, routed)           1.809     5.412    cnn_accelerator_system_i/clk_wiz_0/inst/clk_in1
    MMCME2_ADV_X0Y0                                                   r  cnn_accelerator_system_i/clk_wiz_0/inst/mmcm_adv_inst/CLKIN1
    MMCME2_ADV_X0Y0      MMCME2_ADV (Prop_mmcme2_adv_CLKIN1_CLKOUT2)
                                                     -3.922     1.490 r  cnn_accelerator_system_i/clk_wiz_0/inst/mmcm_adv_inst/CLKOUT2
                         net (fo=1, routed)           2.018     3.508    cnn_accelerator_system_i/clk_wiz_0/inst/clk_out3_cnn_accelerator_system_clk_wiz_0_0
    BUFGCTRL_X0Y2                                                     r  cnn_accelerator_system_i/clk_wiz_0/inst/clkout3_buf/I
    BUFGCTRL_X0Y2        BUFG (Prop_bufg_I_O)         0.096     3.604 r  cnn_accelerator_system_i/clk_wiz_0/inst/clkout3_buf/O
                         net (fo=54397, routed)       1.616     5.220    cnn_accelerator_system_i/cnn_accelerator_wino_0/inst/conv2/lane[1].u_mul/clk
    SLICE_X45Y113        FDRE                                         r  cnn_accelerator_system_i/cnn_accelerator_wino_0/inst/conv2/lane[1].u_mul/wm_we_q_reg/C
  -------------------------------------------------------------------    -------------------
    SLICE_X45Y113        FDRE (Prop_fdre_C_Q)         0.456     5.676 r  cnn_accelerator_system_i/cnn_accelerator_wino_0/inst/conv2/lane[1].u_mul/wm_we_q_reg/Q
                         net (fo=1, routed)           0.633     6.309    cnn_accelerator_system_i/cnn_accelerator_wino_0/inst/conv2/lane[1].u_mul/wm_we_q
    SLICE_X43Y113                                                     r  cnn_accelerator_system_i/cnn_accelerator_wino_0/inst/conv2/lane[1].u_mul/g_wpe[0].wmem_op_reg_0_31_0_5_i_2__1/I0
    SLICE_X43Y113        LUT4 (Prop_lut4_I0_O)        0.124     6.433 r  cnn_accelerator_system_i/cnn_accelerator_wino_0/inst/conv2/lane[1].u_mul/g_wpe[0].wmem_op_reg_0_31_0_5_i_2__1/O
                         net (fo=18, routed)          2.067     8.501    cnn_accelerator_system_i/cnn_accelerator_wino_0/inst/conv2/lane[1].u_mul/g_wpe[0].wmem_op_reg_0_31_0_5_i_2__1_n_0
    SLICE_X81Y97                                                      r  cnn_accelerator_system_i/cnn_accelerator_wino_0/inst/conv2/lane[1].u_mul/g_wpe[2].wmem_op_reg_0_31_0_5_i_1__2/I2
    SLICE_X81Y97         LUT6 (Prop_lut6_I2_O)        0.124     8.625 r  cnn_accelerator_system_i/cnn_accelerator_wino_0/inst/conv2/lane[1].u_mul/g_wpe[2].wmem_op_reg_0_31_0_5_i_1__2/O
                         net (fo=16, routed)          1.181     9.806    cnn_accelerator_system_i/cnn_accelerator_wino_0/inst/conv2/lane[1].u_mul/g_wpe[2].wmem_op_reg_0_31_0_5/WE
    SLICE_X84Y80         RAMD32                                       r  cnn_accelerator_system_i/cnn_accelerator_wino_0/inst/conv2/lane[1].u_mul/g_wpe[2].wmem_op_reg_0_31_0_5/RAMC_D1/WE
  -------------------------------------------------------------------    -------------------

                         (clock clk_out3_cnn_accelerator_system_clk_wiz_0_0 rise edge)
                                                      5.000     5.000 r  
    E3                                                0.000     5.000 r  CLK100MHZ (IN)
                         net (fo=0)                   0.000     5.000    CLK100MHZ
    E3                                                                r  CLK100MHZ_IBUF_inst/I
    E3                   IBUF (Prop_ibuf_I_O)         1.411     6.411 r  CLK100MHZ_IBUF_inst/O
                         net (fo=1, routed)           1.920     8.331    cnn_accelerator_system_i/util_ds_buf_0/U0/BUFG_I[0]
    BUFGCTRL_X0Y16                                                    r  cnn_accelerator_system_i/util_ds_buf_0/U0/USE_BUFG.GEN_BUFG[0].BUFG_U/I
    BUFGCTRL_X0Y16       BUFG (Prop_bufg_I_O)         0.091     8.422 r  cnn_accelerator_system_i/util_ds_buf_0/U0/USE_BUFG.GEN_BUFG[0].BUFG_U/O
                         net (fo=2, routed)           1.683    10.105    cnn_accelerator_system_i/clk_wiz_0/inst/clk_in1
    MMCME2_ADV_X0Y0                                                   r  cnn_accelerator_system_i/clk_wiz_0/inst/mmcm_adv_inst/CLKIN1
    MMCME2_ADV_X0Y0      MMCME2_ADV (Prop_mmcme2_adv_CLKIN1_CLKOUT2)
                                                     -3.694     6.411 r  cnn_accelerator_system_i/clk_wiz_0/inst/mmcm_adv_inst/CLKOUT2
                         net (fo=1, routed)           1.923     8.334    cnn_accelerator_system_i/clk_wiz_0/inst/clk_out3_cnn_accelerator_system_clk_wiz_0_0
    BUFGCTRL_X0Y2                                                     r  cnn_accelerator_system_i/clk_wiz_0/inst/clkout3_buf/I
    BUFGCTRL_X0Y2        BUFG (Prop_bufg_I_O)         0.091     8.425 r  cnn_accelerator_system_i/clk_wiz_0/inst/clkout3_buf/O
                         net (fo=54397, routed)       1.596    10.022    cnn_accelerator_system_i/cnn_accelerator_wino_0/inst/conv2/lane[1].u_mul/g_wpe[2].wmem_op_reg_0_31_0_5/WCLK
    SLICE_X84Y80         RAMD32                                       r  cnn_accelerator_system_i/cnn_accelerator_wino_0/inst/conv2/lane[1].u_mul/g_wpe[2].wmem_op_reg_0_31_0_5/RAMC_D1/CLK
                         clock pessimism              0.179    10.201    
                         clock uncertainty           -0.067    10.134    
    SLICE_X84Y80         RAMD32 (Setup_ramd32_CLK_WE)
                                                     -0.533     9.601    cnn_accelerator_system_i/cnn_accelerator_wino_0/inst/conv2/lane[1].u_mul/g_wpe[2].wmem_op_reg_0_31_0_5/RAMC_D1
  -------------------------------------------------------------------
                         required time                          9.601    
                         arrival time                          -9.806    
  -------------------------------------------------------------------
                         slack                                 -0.205    

Slack (VIOLATED) :        -0.205ns  (required time - arrival time)
  Source:                 cnn_accelerator_system_i/cnn_accelerator_wino_0/inst/conv2/lane[1].u_mul/wm_we_q_reg/C
                            (rising edge-triggered cell FDRE clocked by clk_out3_cnn_accelerator_system_clk_wiz_0_0  {rise@0.000ns fall@2.500ns period=5.000ns})
  Destination:            cnn_accelerator_system_i/cnn_accelerator_wino_0/inst/conv2/lane[1].u_mul/g_wpe[2].wmem_op_reg_0_31_0_5/RAMD/WE
                            (rising edge-triggered cell RAMS32 clocked by clk_out3_cnn_accelerator_system_clk_wiz_0_0  {rise@0.000ns fall@2.500ns period=5.000ns})
  Path Group:             clk_out3_cnn_accelerator_system_clk_wiz_0_0
  Path Type:              Setup (Max at Slow Process Corner)
  Requirement:            5.000ns  (clk_out3_cnn_accelerator_system_clk_wiz_0_0 rise@5.000ns - clk_out3_cnn_accelerator_system_clk_wiz_0_0 rise@0.000ns)
  Data Path Delay:        4.586ns  (logic 0.704ns (15.352%)  route 3.882ns (84.648%))
  Logic Levels:           2  (LUT4=1 LUT6=1)
  Clock Path Skew:        -0.020ns (DCD - SCD + CPR)
    Destination Clock Delay (DCD):    5.022ns = ( 10.022 - 5.000 ) 
    Source Clock Delay      (SCD):    5.220ns
    Clock Pessimism Removal (CPR):    0.179ns
  Clock Uncertainty:      0.067ns  ((TSJ^2 + DJ^2)^1/2) / 2 + PE
    Total System Jitter     (TSJ):    0.071ns
    Discrete Jitter          (DJ):    0.113ns
    Phase Error              (PE):    0.000ns

    Location             Delay type                Incr(ns)  Path(ns)    Netlist Resource(s)
  -------------------------------------------------------------------    -------------------
                         (clock clk_out3_cnn_accelerator_system_clk_wiz_0_0 rise edge)
                                                      0.000     0.000 r  
    E3                                                0.000     0.000 r  CLK100MHZ (IN)
                         net (fo=0)                   0.000     0.000    CLK100MHZ
    E3                                                                r  CLK100MHZ_IBUF_inst/I
    E3                   IBUF (Prop_ibuf_I_O)         1.482     1.482 r  CLK100MHZ_IBUF_inst/O
                         net (fo=1, routed)           2.025     3.506    cnn_accelerator_system_i/util_ds_buf_0/U0/BUFG_I[0]
    BUFGCTRL_X0Y16                                                    r  cnn_accelerator_system_i/util_ds_buf_0/U0/USE_BUFG.GEN_BUFG[0].BUFG_U/I
    BUFGCTRL_X0Y16       BUFG (Prop_bufg_I_O)         0.096     3.602 r  cnn_accelerator_system_i/util_ds_buf_0/U0/USE_BUFG.GEN_BUFG[0].BUFG_U/O
                         net (fo=2, routed)           1.809     5.412    cnn_accelerator_system_i/clk_wiz_0/inst/clk_in1
    MMCME2_ADV_X0Y0                                                   r  cnn_accelerator_system_i/clk_wiz_0/inst/mmcm_adv_inst/CLKIN1
    MMCME2_ADV_X0Y0      MMCME2_ADV (Prop_mmcme2_adv_CLKIN1_CLKOUT2)
                                                     -3.922     1.490 r  cnn_accelerator_system_i/clk_wiz_0/inst/mmcm_adv_inst/CLKOUT2
                         net (fo=1, routed)           2.018     3.508    cnn_accelerator_system_i/clk_wiz_0/inst/clk_out3_cnn_accelerator_system_clk_wiz_0_0
    BUFGCTRL_X0Y2                                                     r  cnn_accelerator_system_i/clk_wiz_0/inst/clkout3_buf/I
    BUFGCTRL_X0Y2        BUFG (Prop_bufg_I_O)         0.096     3.604 r  cnn_accelerator_system_i/clk_wiz_0/inst/clkout3_buf/O
                         net (fo=54397, routed)       1.616     5.220    cnn_accelerator_system_i/cnn_accelerator_wino_0/inst/conv2/lane[1].u_mul/clk
    SLICE_X45Y113        FDRE                                         r  cnn_accelerator_system_i/cnn_accelerator_wino_0/inst/conv2/lane[1].u_mul/wm_we_q_reg/C
  -------------------------------------------------------------------    -------------------
    SLICE_X45Y113        FDRE (Prop_fdre_C_Q)         0.456     5.676 r  cnn_accelerator_system_i/cnn_accelerator_wino_0/inst/conv2/lane[1].u_mul/wm_we_q_reg/Q
                         net (fo=1, routed)           0.633     6.309    cnn_accelerator_system_i/cnn_accelerator_wino_0/inst/conv2/lane[1].u_mul/wm_we_q
    SLICE_X43Y113                                                     r  cnn_accelerator_system_i/cnn_accelerator_wino_0/inst/conv2/lane[1].u_mul/g_wpe[0].wmem_op_reg_0_31_0_5_i_2__1/I0
    SLICE_X43Y113        LUT4 (Prop_lut4_I0_O)        0.124     6.433 r  cnn_accelerator_system_i/cnn_accelerator_wino_0/inst/conv2/lane[1].u_mul/g_wpe[0].wmem_op_reg_0_31_0_5_i_2__1/O
                         net (fo=18, routed)          2.067     8.501    cnn_accelerator_system_i/cnn_accelerator_wino_0/inst/conv2/lane[1].u_mul/g_wpe[0].wmem_op_reg_0_31_0_5_i_2__1_n_0
    SLICE_X81Y97                                                      r  cnn_accelerator_system_i/cnn_accelerator_wino_0/inst/conv2/lane[1].u_mul/g_wpe[2].wmem_op_reg_0_31_0_5_i_1__2/I2
    SLICE_X81Y97         LUT6 (Prop_lut6_I2_O)        0.124     8.625 r  cnn_accelerator_system_i/cnn_accelerator_wino_0/inst/conv2/lane[1].u_mul/g_wpe[2].wmem_op_reg_0_31_0_5_i_1__2/O
                         net (fo=16, routed)          1.181     9.806    cnn_accelerator_system_i/cnn_accelerator_wino_0/inst/conv2/lane[1].u_mul/g_wpe[2].wmem_op_reg_0_31_0_5/WE
    SLICE_X84Y80         RAMS32                                       r  cnn_accelerator_system_i/cnn_accelerator_wino_0/inst/conv2/lane[1].u_mul/g_wpe[2].wmem_op_reg_0_31_0_5/RAMD/WE
  -------------------------------------------------------------------    -------------------

                         (clock clk_out3_cnn_accelerator_system_clk_wiz_0_0 rise edge)
                                                      5.000     5.000 r  
    E3                                                0.000     5.000 r  CLK100MHZ (IN)
                         net (fo=0)                   0.000     5.000    CLK100MHZ
    E3                                                                r  CLK100MHZ_IBUF_inst/I
    E3                   IBUF (Prop_ibuf_I_O)         1.411     6.411 r  CLK100MHZ_IBUF_inst/O
                         net (fo=1, routed)           1.920     8.331    cnn_accelerator_system_i/util_ds_buf_0/U0/BUFG_I[0]
    BUFGCTRL_X0Y16                                                    r  cnn_accelerator_system_i/util_ds_buf_0/U0/USE_BUFG.GEN_BUFG[0].BUFG_U/I
    BUFGCTRL_X0Y16       BUFG (Prop_bufg_I_O)         0.091     8.422 r  cnn_accelerator_system_i/util_ds_buf_0/U0/USE_BUFG.GEN_BUFG[0].BUFG_U/O
                         net (fo=2, routed)           1.683    10.105    cnn_accelerator_system_i/clk_wiz_0/inst/clk_in1
    MMCME2_ADV_X0Y0                                                   r  cnn_accelerator_system_i/clk_wiz_0/inst/mmcm_adv_inst/CLKIN1
    MMCME2_ADV_X0Y0      MMCME2_ADV (Prop_mmcme2_adv_CLKIN1_CLKOUT2)
                                                     -3.694     6.411 r  cnn_accelerator_system_i/clk_wiz_0/inst/mmcm_adv_inst/CLKOUT2
                         net (fo=1, routed)           1.923     8.334    cnn_accelerator_system_i/clk_wiz_0/inst/clk_out3_cnn_accelerator_system_clk_wiz_0_0
    BUFGCTRL_X0Y2                                                     r  cnn_accelerator_system_i/clk_wiz_0/inst/clkout3_buf/I
    BUFGCTRL_X0Y2        BUFG (Prop_bufg_I_O)         0.091     8.425 r  cnn_accelerator_system_i/clk_wiz_0/inst/clkout3_buf/O
                         net (fo=54397, routed)       1.596    10.022    cnn_accelerator_system_i/cnn_accelerator_wino_0/inst/conv2/lane[1].u_mul/g_wpe[2].wmem_op_reg_0_31_0_5/WCLK
    SLICE_X84Y80         RAMS32                                       r  cnn_accelerator_system_i/cnn_accelerator_wino_0/inst/conv2/lane[1].u_mul/g_wpe[2].wmem_op_reg_0_31_0_5/RAMD/CLK
                         clock pessimism              0.179    10.201    
                         clock uncertainty           -0.067    10.134    
    SLICE_X84Y80         RAMS32 (Setup_rams32_CLK_WE)
                                                     -0.533     9.601    cnn_accelerator_system_i/cnn_accelerator_wino_0/inst/conv2/lane[1].u_mul/g_wpe[2].wmem_op_reg_0_31_0_5/RAMD
  -------------------------------------------------------------------
                         required time                          9.601    
                         arrival time                          -9.806    
  -------------------------------------------------------------------
                         slack                                 -0.205    

Slack (VIOLATED) :        -0.205ns  (required time - arrival time)
  Source:                 cnn_accelerator_system_i/cnn_accelerator_wino_0/inst/conv2/lane[1].u_mul/wm_we_q_reg/C
                            (rising edge-triggered cell FDRE clocked by clk_out3_cnn_accelerator_system_clk_wiz_0_0  {rise@0.000ns fall@2.500ns period=5.000ns})
  Destination:            cnn_accelerator_system_i/cnn_accelerator_wino_0/inst/conv2/lane[1].u_mul/g_wpe[2].wmem_op_reg_0_31_0_5/RAMD_D1/WE
                            (rising edge-triggered cell RAMS32 clocked by clk_out3_cnn_accelerator_system_clk_wiz_0_0  {rise@0.000ns fall@2.500ns period=5.000ns})
  Path Group:             clk_out3_cnn_accelerator_system_clk_wiz_0_0
  Path Type:              Setup (Max at Slow Process Corner)
  Requirement:            5.000ns  (clk_out3_cnn_accelerator_system_clk_wiz_0_0 rise@5.000ns - clk_out3_cnn_accelerator_system_clk_wiz_0_0 rise@0.000ns)
  Data Path Delay:        4.586ns  (logic 0.704ns (15.352%)  route 3.882ns (84.648%))
  Logic Levels:           2  (LUT4=1 LUT6=1)
  Clock Path Skew:        -0.020ns (DCD - SCD + CPR)
    Destination Clock Delay (DCD):    5.022ns = ( 10.022 - 5.000 ) 
    Source Clock Delay      (SCD):    5.220ns
    Clock Pessimism Removal (CPR):    0.179ns
  Clock Uncertainty:      0.067ns  ((TSJ^2 + DJ^2)^1/2) / 2 + PE
    Total System Jitter     (TSJ):    0.071ns
    Discrete Jitter          (DJ):    0.113ns
    Phase Error              (PE):    0.000ns

    Location             Delay type                Incr(ns)  Path(ns)    Netlist Resource(s)
  -------------------------------------------------------------------    -------------------
                         (clock clk_out3_cnn_accelerator_system_clk_wiz_0_0 rise edge)
                                                      0.000     0.000 r  
    E3                                                0.000     0.000 r  CLK100MHZ (IN)
                         net (fo=0)                   0.000     0.000    CLK100MHZ
    E3                                                                r  CLK100MHZ_IBUF_inst/I
    E3                   IBUF (Prop_ibuf_I_O)         1.482     1.482 r  CLK100MHZ_IBUF_inst/O
                         net (fo=1, routed)           2.025     3.506    cnn_accelerator_system_i/util_ds_buf_0/U0/BUFG_I[0]
    BUFGCTRL_X0Y16                                                    r  cnn_accelerator_system_i/util_ds_buf_0/U0/USE_BUFG.GEN_BUFG[0].BUFG_U/I
    BUFGCTRL_X0Y16       BUFG (Prop_bufg_I_O)         0.096     3.602 r  cnn_accelerator_system_i/util_ds_buf_0/U0/USE_BUFG.GEN_BUFG[0].BUFG_U/O
                         net (fo=2, routed)           1.809     5.412    cnn_accelerator_system_i/clk_wiz_0/inst/clk_in1
    MMCME2_ADV_X0Y0                                                   r  cnn_accelerator_system_i/clk_wiz_0/inst/mmcm_adv_inst/CLKIN1
    MMCME2_ADV_X0Y0      MMCME2_ADV (Prop_mmcme2_adv_CLKIN1_CLKOUT2)
                                                     -3.922     1.490 r  cnn_accelerator_system_i/clk_wiz_0/inst/mmcm_adv_inst/CLKOUT2
                         net (fo=1, routed)           2.018     3.508    cnn_accelerator_system_i/clk_wiz_0/inst/clk_out3_cnn_accelerator_system_clk_wiz_0_0
    BUFGCTRL_X0Y2                                                     r  cnn_accelerator_system_i/clk_wiz_0/inst/clkout3_buf/I
    BUFGCTRL_X0Y2        BUFG (Prop_bufg_I_O)         0.096     3.604 r  cnn_accelerator_system_i/clk_wiz_0/inst/clkout3_buf/O
                         net (fo=54397, routed)       1.616     5.220    cnn_accelerator_system_i/cnn_accelerator_wino_0/inst/conv2/lane[1].u_mul/clk
    SLICE_X45Y113        FDRE                                         r  cnn_accelerator_system_i/cnn_accelerator_wino_0/inst/conv2/lane[1].u_mul/wm_we_q_reg/C
  -------------------------------------------------------------------    -------------------
    SLICE_X45Y113        FDRE (Prop_fdre_C_Q)         0.456     5.676 r  cnn_accelerator_system_i/cnn_accelerator_wino_0/inst/conv2/lane[1].u_mul/wm_we_q_reg/Q
                         net (fo=1, routed)           0.633     6.309    cnn_accelerator_system_i/cnn_accelerator_wino_0/inst/conv2/lane[1].u_mul/wm_we_q
    SLICE_X43Y113                                                     r  cnn_accelerator_system_i/cnn_accelerator_wino_0/inst/conv2/lane[1].u_mul/g_wpe[0].wmem_op_reg_0_31_0_5_i_2__1/I0
    SLICE_X43Y113        LUT4 (Prop_lut4_I0_O)        0.124     6.433 r  cnn_accelerator_system_i/cnn_accelerator_wino_0/inst/conv2/lane[1].u_mul/g_wpe[0].wmem_op_reg_0_31_0_5_i_2__1/O
                         net (fo=18, routed)          2.067     8.501    cnn_accelerator_system_i/cnn_accelerator_wino_0/inst/conv2/lane[1].u_mul/g_wpe[0].wmem_op_reg_0_31_0_5_i_2__1_n_0
    SLICE_X81Y97                                                      r  cnn_accelerator_system_i/cnn_accelerator_wino_0/inst/conv2/lane[1].u_mul/g_wpe[2].wmem_op_reg_0_31_0_5_i_1__2/I2
    SLICE_X81Y97         LUT6 (Prop_lut6_I2_O)        0.124     8.625 r  cnn_accelerator_system_i/cnn_accelerator_wino_0/inst/conv2/lane[1].u_mul/g_wpe[2].wmem_op_reg_0_31_0_5_i_1__2/O
                         net (fo=16, routed)          1.181     9.806    cnn_accelerator_system_i/cnn_accelerator_wino_0/inst/conv2/lane[1].u_mul/g_wpe[2].wmem_op_reg_0_31_0_5/WE
    SLICE_X84Y80         RAMS32                                       r  cnn_accelerator_system_i/cnn_accelerator_wino_0/inst/conv2/lane[1].u_mul/g_wpe[2].wmem_op_reg_0_31_0_5/RAMD_D1/WE
  -------------------------------------------------------------------    -------------------

                         (clock clk_out3_cnn_accelerator_system_clk_wiz_0_0 rise edge)
                                                      5.000     5.000 r  
    E3                                                0.000     5.000 r  CLK100MHZ (IN)
                         net (fo=0)                   0.000     5.000    CLK100MHZ
    E3                                                                r  CLK100MHZ_IBUF_inst/I
    E3                   IBUF (Prop_ibuf_I_O)         1.411     6.411 r  CLK100MHZ_IBUF_inst/O
                         net (fo=1, routed)           1.920     8.331    cnn_accelerator_system_i/util_ds_buf_0/U0/BUFG_I[0]
    BUFGCTRL_X0Y16                                                    r  cnn_accelerator_system_i/util_ds_buf_0/U0/USE_BUFG.GEN_BUFG[0].BUFG_U/I
    BUFGCTRL_X0Y16       BUFG (Prop_bufg_I_O)         0.091     8.422 r  cnn_accelerator_system_i/util_ds_buf_0/U0/USE_BUFG.GEN_BUFG[0].BUFG_U/O
                         net (fo=2, routed)           1.683    10.105    cnn_accelerator_system_i/clk_wiz_0/inst/clk_in1
    MMCME2_ADV_X0Y0                                                   r  cnn_accelerator_system_i/clk_wiz_0/inst/mmcm_adv_inst/CLKIN1
    MMCME2_ADV_X0Y0      MMCME2_ADV (Prop_mmcme2_adv_CLKIN1_CLKOUT2)
                                                     -3.694     6.411 r  cnn_accelerator_system_i/clk_wiz_0/inst/mmcm_adv_inst/CLKOUT2
                         net (fo=1, routed)           1.923     8.334    cnn_accelerator_system_i/clk_wiz_0/inst/clk_out3_cnn_accelerator_system_clk_wiz_0_0
    BUFGCTRL_X0Y2                                                     r  cnn_accelerator_system_i/clk_wiz_0/inst/clkout3_buf/I
    BUFGCTRL_X0Y2        BUFG (Prop_bufg_I_O)         0.091     8.425 r  cnn_accelerator_system_i/clk_wiz_0/inst/clkout3_buf/O
                         net (fo=54397, routed)       1.596    10.022    cnn_accelerator_system_i/cnn_accelerator_wino_0/inst/conv2/lane[1].u_mul/g_wpe[2].wmem_op_reg_0_31_0_5/WCLK
    SLICE_X84Y80         RAMS32                                       r  cnn_accelerator_system_i/cnn_accelerator_wino_0/inst/conv2/lane[1].u_mul/g_wpe[2].wmem_op_reg_0_31_0_5/RAMD_D1/CLK
                         clock pessimism              0.179    10.201    
                         clock uncertainty           -0.067    10.134    
    SLICE_X84Y80         RAMS32 (Setup_rams32_CLK_WE)
                                                     -0.533     9.601    cnn_accelerator_system_i/cnn_accelerator_wino_0/inst/conv2/lane[1].u_mul/g_wpe[2].wmem_op_reg_0_31_0_5/RAMD_D1
  -------------------------------------------------------------------
                         required time                          9.601    
                         arrival time                          -9.806    
  -------------------------------------------------------------------
                         slack                                 -0.205    

Slack (VIOLATED) :        -0.201ns  (required time - arrival time)
  Source:                 cnn_accelerator_system_i/cnn_accelerator_wino_0/inst/conv2/grp_q_reg_rep__14/C
                            (rising edge-triggered cell FDRE clocked by clk_out3_cnn_accelerator_system_clk_wiz_0_0  {rise@0.000ns fall@2.500ns period=5.000ns})
  Destination:            cnn_accelerator_system_i/cnn_accelerator_wino_0/inst/conv2/gic[3].u_it/tre_reg[1][5][10]/D
                            (rising edge-triggered cell FDRE clocked by clk_out3_cnn_accelerator_system_clk_wiz_0_0  {rise@0.000ns fall@2.500ns period=5.000ns})
  Path Group:             clk_out3_cnn_accelerator_system_clk_wiz_0_0
  Path Type:              Setup (Max at Slow Process Corner)
  Requirement:            5.000ns  (clk_out3_cnn_accelerator_system_clk_wiz_0_0 rise@5.000ns - clk_out3_cnn_accelerator_system_clk_wiz_0_0 rise@0.000ns)
  Data Path Delay:        5.083ns  (logic 1.898ns (37.341%)  route 3.185ns (62.659%))
  Logic Levels:           6  (CARRY4=2 LUT3=2 LUT5=1 LUT6=1)
  Clock Path Skew:        -0.114ns (DCD - SCD + CPR)
    Destination Clock Delay (DCD):    4.931ns = ( 9.931 - 5.000 ) 
    Source Clock Delay      (SCD):    5.223ns
    Clock Pessimism Removal (CPR):    0.179ns
  Clock Uncertainty:      0.067ns  ((TSJ^2 + DJ^2)^1/2) / 2 + PE
    Total System Jitter     (TSJ):    0.071ns
    Discrete Jitter          (DJ):    0.113ns
    Phase Error              (PE):    0.000ns

    Location             Delay type                Incr(ns)  Path(ns)    Netlist Resource(s)
  -------------------------------------------------------------------    -------------------
                         (clock clk_out3_cnn_accelerator_system_clk_wiz_0_0 rise edge)
                                                      0.000     0.000 r  
    E3                                                0.000     0.000 r  CLK100MHZ (IN)
                         net (fo=0)                   0.000     0.000    CLK100MHZ
    E3                                                                r  CLK100MHZ_IBUF_inst/I
    E3                   IBUF (Prop_ibuf_I_O)         1.482     1.482 r  CLK100MHZ_IBUF_inst/O
                         net (fo=1, routed)           2.025     3.506    cnn_accelerator_system_i/util_ds_buf_0/U0/BUFG_I[0]
    BUFGCTRL_X0Y16                                                    r  cnn_accelerator_system_i/util_ds_buf_0/U0/USE_BUFG.GEN_BUFG[0].BUFG_U/I
    BUFGCTRL_X0Y16       BUFG (Prop_bufg_I_O)         0.096     3.602 r  cnn_accelerator_system_i/util_ds_buf_0/U0/USE_BUFG.GEN_BUFG[0].BUFG_U/O
                         net (fo=2, routed)           1.809     5.412    cnn_accelerator_system_i/clk_wiz_0/inst/clk_in1
    MMCME2_ADV_X0Y0                                                   r  cnn_accelerator_system_i/clk_wiz_0/inst/mmcm_adv_inst/CLKIN1
    MMCME2_ADV_X0Y0      MMCME2_ADV (Prop_mmcme2_adv_CLKIN1_CLKOUT2)
                                                     -3.922     1.490 r  cnn_accelerator_system_i/clk_wiz_0/inst/mmcm_adv_inst/CLKOUT2
                         net (fo=1, routed)           2.018     3.508    cnn_accelerator_system_i/clk_wiz_0/inst/clk_out3_cnn_accelerator_system_clk_wiz_0_0
    BUFGCTRL_X0Y2                                                     r  cnn_accelerator_system_i/clk_wiz_0/inst/clkout3_buf/I
    BUFGCTRL_X0Y2        BUFG (Prop_bufg_I_O)         0.096     3.604 r  cnn_accelerator_system_i/clk_wiz_0/inst/clkout3_buf/O
                         net (fo=54397, routed)       1.619     5.223    cnn_accelerator_system_i/cnn_accelerator_wino_0/inst/conv2/clk
    SLICE_X70Y105        FDRE                                         r  cnn_accelerator_system_i/cnn_accelerator_wino_0/inst/conv2/grp_q_reg_rep__14/C
  -------------------------------------------------------------------    -------------------
    SLICE_X70Y105        FDRE (Prop_fdre_C_Q)         0.518     5.741 r  cnn_accelerator_system_i/cnn_accelerator_wino_0/inst/conv2/grp_q_reg_rep__14/Q
                         net (fo=8, routed)           1.139     6.880    cnn_accelerator_system_i/cnn_accelerator_wino_0/inst/conv2/gic[3].u_it/i___72_0
    SLICE_X54Y101                                                     r  cnn_accelerator_system_i/cnn_accelerator_wino_0/inst/conv2/gic[3].u_it/i___37_i_3__2/I1
    SLICE_X54Y101        LUT3 (Prop_lut3_I1_O)        0.124     7.004 r  cnn_accelerator_system_i/cnn_accelerator_wino_0/inst/conv2/gic[3].u_it/i___37_i_3__2/O
                         net (fo=6, routed)           0.804     7.808    cnn_accelerator_system_i/cnn_accelerator_wino_0/inst/conv2/gic[3].u_it/gic[3].d_flat_ic[140]
    SLICE_X53Y96                                                      r  cnn_accelerator_system_i/cnn_accelerator_wino_0/inst/conv2/gic[3].u_it/i___37/I2
    SLICE_X53Y96         LUT3 (Prop_lut3_I2_O)        0.124     7.932 f  cnn_accelerator_system_i/cnn_accelerator_wino_0/inst/conv2/gic[3].u_it/i___37/O
                         net (fo=4, routed)           0.677     8.609    cnn_accelerator_system_i/cnn_accelerator_wino_0/inst/conv2/gic[3].u_it/i___37_n_0
    SLICE_X59Y93                                                      f  cnn_accelerator_system_i/cnn_accelerator_wino_0/inst/conv2/gic[3].u_it/tre[1][5][7]_i_4__2/I3
    SLICE_X59Y93         LUT5 (Prop_lut5_I3_O)        0.124     8.733 r  cnn_accelerator_system_i/cnn_accelerator_wino_0/inst/conv2/gic[3].u_it/tre[1][5][7]_i_4__2/O
                         net (fo=2, routed)           0.565     9.298    cnn_accelerator_system_i/cnn_accelerator_wino_0/inst/conv2/gic[3].u_it/tre[1][5][7]_i_4__2_n_0
    SLICE_X61Y91                                                      r  cnn_accelerator_system_i/cnn_accelerator_wino_0/inst/conv2/gic[3].u_it/tre[1][5][7]_i_8__2/I0
    SLICE_X61Y91         LUT6 (Prop_lut6_I0_O)        0.124     9.422 r  cnn_accelerator_system_i/cnn_accelerator_wino_0/inst/conv2/gic[3].u_it/tre[1][5][7]_i_8__2/O
                         net (fo=1, routed)           0.000     9.422    cnn_accelerator_system_i/cnn_accelerator_wino_0/inst/conv2/gic[3].u_it/tre[1][5][7]_i_8__2_n_0
    SLICE_X61Y91                                                      r  cnn_accelerator_system_i/cnn_accelerator_wino_0/inst/conv2/gic[3].u_it/tre_reg[1][5][7]_i_1__2/S[1]
    SLICE_X61Y91         CARRY4 (Prop_carry4_S[1]_CO[3])
                                                      0.550     9.972 r  cnn_accelerator_system_i/cnn_accelerator_wino_0/inst/conv2/gic[3].u_it/tre_reg[1][5][7]_i_1__2/CO[3]
                         net (fo=1, routed)           0.000     9.972    cnn_accelerator_system_i/cnn_accelerator_wino_0/inst/conv2/gic[3].u_it/tre_reg[1][5][7]_i_1__2_n_0
    SLICE_X61Y92                                                      r  cnn_accelerator_system_i/cnn_accelerator_wino_0/inst/conv2/gic[3].u_it/tre_reg[1][5][10]_i_1__2/CI
    SLICE_X61Y92         CARRY4 (Prop_carry4_CI_O[1])
                                                      0.334    10.306 r  cnn_accelerator_system_i/cnn_accelerator_wino_0/inst/conv2/gic[3].u_it/tre_reg[1][5][10]_i_1__2/O[1]
                         net (fo=1, routed)           0.000    10.306    cnn_accelerator_system_i/cnn_accelerator_wino_0/inst/conv2/gic[3].u_it/tre_c[1][5]_506[10]
    SLICE_X61Y92         FDRE                                         r  cnn_accelerator_system_i/cnn_accelerator_wino_0/inst/conv2/gic[3].u_it/tre_reg[1][5][10]/D
  -------------------------------------------------------------------    -------------------

                         (clock clk_out3_cnn_accelerator_system_clk_wiz_0_0 rise edge)
                                                      5.000     5.000 r  
    E3                                                0.000     5.000 r  CLK100MHZ (IN)
                         net (fo=0)                   0.000     5.000    CLK100MHZ
    E3                                                                r  CLK100MHZ_IBUF_inst/I
    E3                   IBUF (Prop_ibuf_I_O)         1.411     6.411 r  CLK100MHZ_IBUF_inst/O
                         net (fo=1, routed)           1.920     8.331    cnn_accelerator_system_i/util_ds_buf_0/U0/BUFG_I[0]
    BUFGCTRL_X0Y16                                                    r  cnn_accelerator_system_i/util_ds_buf_0/U0/USE_BUFG.GEN_BUFG[0].BUFG_U/I
    BUFGCTRL_X0Y16       BUFG (Prop_bufg_I_O)         0.091     8.422 r  cnn_accelerator_system_i/util_ds_buf_0/U0/USE_BUFG.GEN_BUFG[0].BUFG_U/O
                         net (fo=2, routed)           1.683    10.105    cnn_accelerator_system_i/clk_wiz_0/inst/clk_in1
    MMCME2_ADV_X0Y0                                                   r  cnn_accelerator_system_i/clk_wiz_0/inst/mmcm_adv_inst/CLKIN1
    MMCME2_ADV_X0Y0      MMCME2_ADV (Prop_mmcme2_adv_CLKIN1_CLKOUT2)
                                                     -3.694     6.411 r  cnn_accelerator_system_i/clk_wiz_0/inst/mmcm_adv_inst/CLKOUT2
                         net (fo=1, routed)           1.923     8.334    cnn_accelerator_system_i/clk_wiz_0/inst/clk_out3_cnn_accelerator_system_clk_wiz_0_0
    BUFGCTRL_X0Y2                                                     r  cnn_accelerator_system_i/clk_wiz_0/inst/clkout3_buf/I
    BUFGCTRL_X0Y2        BUFG (Prop_bufg_I_O)         0.091     8.425 r  cnn_accelerator_system_i/clk_wiz_0/inst/clkout3_buf/O
                         net (fo=54397, routed)       1.505     9.931    cnn_accelerator_system_i/cnn_accelerator_wino_0/inst/conv2/gic[3].u_it/clk
    SLICE_X61Y92         FDRE                                         r  cnn_accelerator_system_i/cnn_accelerator_wino_0/inst/conv2/gic[3].u_it/tre_reg[1][5][10]/C
                         clock pessimism              0.179    10.110    
                         clock uncertainty           -0.067    10.043    
    SLICE_X61Y92         FDRE (Setup_fdre_C_D)        0.062    10.105    cnn_accelerator_system_i/cnn_accelerator_wino_0/inst/conv2/gic[3].u_it/tre_reg[1][5][10]
  -------------------------------------------------------------------
                         required time                         10.105    
                         arrival time                         -10.306    
  -------------------------------------------------------------------
                         slack                                 -0.201    

Slack (VIOLATED) :        -0.201ns  (required time - arrival time)
  Source:                 cnn_accelerator_system_i/cnn_accelerator_wino_0/inst/conv2/tile6_q_reg[870]/C
                            (rising edge-triggered cell FDRE clocked by clk_out3_cnn_accelerator_system_clk_wiz_0_0  {rise@0.000ns fall@2.500ns period=5.000ns})
  Destination:            cnn_accelerator_system_i/cnn_accelerator_wino_0/inst/conv2/gic[0].u_it/tre_reg[2][1][10]/D
                            (rising edge-triggered cell FDRE clocked by clk_out3_cnn_accelerator_system_clk_wiz_0_0  {rise@0.000ns fall@2.500ns period=5.000ns})
  Path Group:             clk_out3_cnn_accelerator_system_clk_wiz_0_0
  Path Type:              Setup (Max at Slow Process Corner)
  Requirement:            5.000ns  (clk_out3_cnn_accelerator_system_clk_wiz_0_0 rise@5.000ns - clk_out3_cnn_accelerator_system_clk_wiz_0_0 rise@0.000ns)
  Data Path Delay:        5.054ns  (logic 1.749ns (34.603%)  route 3.305ns (65.397%))
  Logic Levels:           6  (CARRY4=2 LUT3=2 LUT5=1 LUT6=1)
  Clock Path Skew:        -0.142ns (DCD - SCD + CPR)
    Destination Clock Delay (DCD):    4.912ns = ( 9.912 - 5.000 ) 
    Source Clock Delay      (SCD):    5.311ns
    Clock Pessimism Removal (CPR):    0.257ns
  Clock Uncertainty:      0.067ns  ((TSJ^2 + DJ^2)^1/2) / 2 + PE
    Total System Jitter     (TSJ):    0.071ns
    Discrete Jitter          (DJ):    0.113ns
    Phase Error              (PE):    0.000ns

    Location             Delay type                Incr(ns)  Path(ns)    Netlist Resource(s)
  -------------------------------------------------------------------    -------------------
                         (clock clk_out3_cnn_accelerator_system_clk_wiz_0_0 rise edge)
                                                      0.000     0.000 r  
    E3                                                0.000     0.000 r  CLK100MHZ (IN)
                         net (fo=0)                   0.000     0.000    CLK100MHZ
    E3                                                                r  CLK100MHZ_IBUF_inst/I
    E3                   IBUF (Prop_ibuf_I_O)         1.482     1.482 r  CLK100MHZ_IBUF_inst/O
                         net (fo=1, routed)           2.025     3.506    cnn_accelerator_system_i/util_ds_buf_0/U0/BUFG_I[0]
    BUFGCTRL_X0Y16                                                    r  cnn_accelerator_system_i/util_ds_buf_0/U0/USE_BUFG.GEN_BUFG[0].BUFG_U/I
    BUFGCTRL_X0Y16       BUFG (Prop_bufg_I_O)         0.096     3.602 r  cnn_accelerator_system_i/util_ds_buf_0/U0/USE_BUFG.GEN_BUFG[0].BUFG_U/O
                         net (fo=2, routed)           1.809     5.412    cnn_accelerator_system_i/clk_wiz_0/inst/clk_in1
    MMCME2_ADV_X0Y0                                                   r  cnn_accelerator_system_i/clk_wiz_0/inst/mmcm_adv_inst/CLKIN1
    MMCME2_ADV_X0Y0      MMCME2_ADV (Prop_mmcme2_adv_CLKIN1_CLKOUT2)
                                                     -3.922     1.490 r  cnn_accelerator_system_i/clk_wiz_0/inst/mmcm_adv_inst/CLKOUT2
                         net (fo=1, routed)           2.018     3.508    cnn_accelerator_system_i/clk_wiz_0/inst/clk_out3_cnn_accelerator_system_clk_wiz_0_0
    BUFGCTRL_X0Y2                                                     r  cnn_accelerator_system_i/clk_wiz_0/inst/clkout3_buf/I
    BUFGCTRL_X0Y2        BUFG (Prop_bufg_I_O)         0.096     3.604 r  cnn_accelerator_system_i/clk_wiz_0/inst/clkout3_buf/O
                         net (fo=54397, routed)       1.707     5.311    cnn_accelerator_system_i/cnn_accelerator_wino_0/inst/conv2/clk
    SLICE_X84Y132        FDRE                                         r  cnn_accelerator_system_i/cnn_accelerator_wino_0/inst/conv2/tile6_q_reg[870]/C
  -------------------------------------------------------------------    -------------------
    SLICE_X84Y132        FDRE (Prop_fdre_C_Q)         0.518     5.829 r  cnn_accelerator_system_i/cnn_accelerator_wino_0/inst/conv2/tile6_q_reg[870]/Q
                         net (fo=1, routed)           0.779     6.608    cnn_accelerator_system_i/cnn_accelerator_wino_0/inst/conv2/gic[0].u_it/Q[222]
    SLICE_X85Y127                                                     r  cnn_accelerator_system_i/cnn_accelerator_wino_0/inst/conv2/gic[0].u_it/i___32_i_3/I0
    SLICE_X85Y127        LUT3 (Prop_lut3_I0_O)        0.124     6.732 r  cnn_accelerator_system_i/cnn_accelerator_wino_0/inst/conv2/gic[0].u_it/i___32_i_3/O
                         net (fo=8, routed)           1.073     7.806    cnn_accelerator_system_i/cnn_accelerator_wino_0/inst/conv2/gic[0].u_it/gic[0].d_flat_ic[110]
    SLICE_X77Y122                                                     r  cnn_accelerator_system_i/cnn_accelerator_wino_0/inst/conv2/gic[0].u_it/i___32/I2
    SLICE_X77Y122        LUT3 (Prop_lut3_I2_O)        0.124     7.930 r  cnn_accelerator_system_i/cnn_accelerator_wino_0/inst/conv2/gic[0].u_it/i___32/O
                         net (fo=4, routed)           0.586     8.515    cnn_accelerator_system_i/cnn_accelerator_wino_0/inst/conv2/gic[0].u_it/i___32_n_0
    SLICE_X75Y127                                                     r  cnn_accelerator_system_i/cnn_accelerator_wino_0/inst/conv2/gic[0].u_it/tre[2][1][7]_i_2/I3
    SLICE_X75Y127        LUT5 (Prop_lut5_I3_O)        0.124     8.639 r  cnn_accelerator_system_i/cnn_accelerator_wino_0/inst/conv2/gic[0].u_it/tre[2][1][7]_i_2/O
                         net (fo=2, routed)           0.867     9.507    cnn_accelerator_system_i/cnn_accelerator_wino_0/inst/conv2/gic[0].u_it/tre[2][1][7]_i_2_n_0
    SLICE_X71Y120                                                     r  cnn_accelerator_system_i/cnn_accelerator_wino_0/inst/conv2/gic[0].u_it/tre[2][1][7]_i_6/I0
    SLICE_X71Y120        LUT6 (Prop_lut6_I0_O)        0.124     9.631 r  cnn_accelerator_system_i/cnn_accelerator_wino_0/inst/conv2/gic[0].u_it/tre[2][1][7]_i_6/O
                         net (fo=1, routed)           0.000     9.631    cnn_accelerator_system_i/cnn_accelerator_wino_0/inst/conv2/gic[0].u_it/tre[2][1][7]_i_6_n_0
    SLICE_X71Y120                                                     r  cnn_accelerator_system_i/cnn_accelerator_wino_0/inst/conv2/gic[0].u_it/tre_reg[2][1][7]_i_1/S[3]
    SLICE_X71Y120        CARRY4 (Prop_carry4_S[3]_CO[3])
                                                      0.401    10.032 r  cnn_accelerator_system_i/cnn_accelerator_wino_0/inst/conv2/gic[0].u_it/tre_reg[2][1][7]_i_1/CO[3]
                         net (fo=1, routed)           0.000    10.032    cnn_accelerator_system_i/cnn_accelerator_wino_0/inst/conv2/gic[0].u_it/tre_reg[2][1][7]_i_1_n_0
    SLICE_X71Y121                                                     r  cnn_accelerator_system_i/cnn_accelerator_wino_0/inst/conv2/gic[0].u_it/tre_reg[2][1][10]_i_1/CI
    SLICE_X71Y121        CARRY4 (Prop_carry4_CI_O[1])
                                                      0.334    10.366 r  cnn_accelerator_system_i/cnn_accelerator_wino_0/inst/conv2/gic[0].u_it/tre_reg[2][1][10]_i_1/O[1]
                         net (fo=1, routed)           0.000    10.366    cnn_accelerator_system_i/cnn_accelerator_wino_0/inst/conv2/gic[0].u_it/tre_c[2][1]_294[10]
    SLICE_X71Y121        FDRE                                         r  cnn_accelerator_system_i/cnn_accelerator_wino_0/inst/conv2/gic[0].u_it/tre_reg[2][1][10]/D
  -------------------------------------------------------------------    -------------------

                         (clock clk_out3_cnn_accelerator_system_clk_wiz_0_0 rise edge)
                                                      5.000     5.000 r  
    E3                                                0.000     5.000 r  CLK100MHZ (IN)
                         net (fo=0)                   0.000     5.000    CLK100MHZ
    E3                                                                r  CLK100MHZ_IBUF_inst/I
    E3                   IBUF (Prop_ibuf_I_O)         1.411     6.411 r  CLK100MHZ_IBUF_inst/O
                         net (fo=1, routed)           1.920     8.331    cnn_accelerator_system_i/util_ds_buf_0/U0/BUFG_I[0]
    BUFGCTRL_X0Y16                                                    r  cnn_accelerator_system_i/util_ds_buf_0/U0/USE_BUFG.GEN_BUFG[0].BUFG_U/I
    BUFGCTRL_X0Y16       BUFG (Prop_bufg_I_O)         0.091     8.422 r  cnn_accelerator_system_i/util_ds_buf_0/U0/USE_BUFG.GEN_BUFG[0].BUFG_U/O
                         net (fo=2, routed)           1.683    10.105    cnn_accelerator_system_i/clk_wiz_0/inst/clk_in1
    MMCME2_ADV_X0Y0                                                   r  cnn_accelerator_system_i/clk_wiz_0/inst/mmcm_adv_inst/CLKIN1
    MMCME2_ADV_X0Y0      MMCME2_ADV (Prop_mmcme2_adv_CLKIN1_CLKOUT2)
                                                     -3.694     6.411 r  cnn_accelerator_system_i/clk_wiz_0/inst/mmcm_adv_inst/CLKOUT2
                         net (fo=1, routed)           1.923     8.334    cnn_accelerator_system_i/clk_wiz_0/inst/clk_out3_cnn_accelerator_system_clk_wiz_0_0
    BUFGCTRL_X0Y2                                                     r  cnn_accelerator_system_i/clk_wiz_0/inst/clkout3_buf/I
    BUFGCTRL_X0Y2        BUFG (Prop_bufg_I_O)         0.091     8.425 r  cnn_accelerator_system_i/clk_wiz_0/inst/clkout3_buf/O
                         net (fo=54397, routed)       1.487     9.912    cnn_accelerator_system_i/cnn_accelerator_wino_0/inst/conv2/gic[0].u_it/clk
    SLICE_X71Y121        FDRE                                         r  cnn_accelerator_system_i/cnn_accelerator_wino_0/inst/conv2/gic[0].u_it/tre_reg[2][1][10]/C
                         clock pessimism              0.257    10.169    
                         clock uncertainty           -0.067    10.103    
    SLICE_X71Y121        FDRE (Setup_fdre_C_D)        0.062    10.165    cnn_accelerator_system_i/cnn_accelerator_wino_0/inst/conv2/gic[0].u_it/tre_reg[2][1][10]
  -------------------------------------------------------------------
                         required time                         10.165    
                         arrival time                         -10.366    
  -------------------------------------------------------------------
                         slack                                 -0.201    

Slack (VIOLATED) :        -0.201ns  (required time - arrival time)
  Source:                 cnn_accelerator_system_i/cnn_accelerator_wino_0/inst/conv2/grp_q_reg_rep__94/C
                            (rising edge-triggered cell FDRE clocked by clk_out3_cnn_accelerator_system_clk_wiz_0_0  {rise@0.000ns fall@2.500ns period=5.000ns})
  Destination:            cnn_accelerator_system_i/cnn_accelerator_wino_0/inst/conv2/gic[0].u_it/tre_reg[2][5][8]/D
                            (rising edge-triggered cell FDRE clocked by clk_out3_cnn_accelerator_system_clk_wiz_0_0  {rise@0.000ns fall@2.500ns period=5.000ns})
  Path Group:             clk_out3_cnn_accelerator_system_clk_wiz_0_0
  Path Type:              Setup (Max at Slow Process Corner)
  Requirement:            5.000ns  (clk_out3_cnn_accelerator_system_clk_wiz_0_0 rise@5.000ns - clk_out3_cnn_accelerator_system_clk_wiz_0_0 rise@0.000ns)
  Data Path Delay:        5.131ns  (logic 1.822ns (35.513%)  route 3.309ns (64.487%))
  Logic Levels:           5  (CARRY4=3 LUT3=2)
  Clock Path Skew:        -0.113ns (DCD - SCD + CPR)
    Destination Clock Delay (DCD):    5.017ns = ( 10.017 - 5.000 ) 
    Source Clock Delay      (SCD):    5.308ns
    Clock Pessimism Removal (CPR):    0.179ns
  Clock Uncertainty:      0.067ns  ((TSJ^2 + DJ^2)^1/2) / 2 + PE
    Total System Jitter     (TSJ):    0.071ns
    Discrete Jitter          (DJ):    0.113ns
    Phase Error              (PE):    0.000ns

    Location             Delay type                Incr(ns)  Path(ns)    Netlist Resource(s)
  -------------------------------------------------------------------    -------------------
                         (clock clk_out3_cnn_accelerator_system_clk_wiz_0_0 rise edge)
                                                      0.000     0.000 r  
    E3                                                0.000     0.000 r  CLK100MHZ (IN)
                         net (fo=0)                   0.000     0.000    CLK100MHZ
    E3                                                                r  CLK100MHZ_IBUF_inst/I
    E3                   IBUF (Prop_ibuf_I_O)         1.482     1.482 r  CLK100MHZ_IBUF_inst/O
                         net (fo=1, routed)           2.025     3.506    cnn_accelerator_system_i/util_ds_buf_0/U0/BUFG_I[0]
    BUFGCTRL_X0Y16                                                    r  cnn_accelerator_system_i/util_ds_buf_0/U0/USE_BUFG.GEN_BUFG[0].BUFG_U/I
    BUFGCTRL_X0Y16       BUFG (Prop_bufg_I_O)         0.096     3.602 r  cnn_accelerator_system_i/util_ds_buf_0/U0/USE_BUFG.GEN_BUFG[0].BUFG_U/O
                         net (fo=2, routed)           1.809     5.412    cnn_accelerator_system_i/clk_wiz_0/inst/clk_in1
    MMCME2_ADV_X0Y0                                                   r  cnn_accelerator_system_i/clk_wiz_0/inst/mmcm_adv_inst/CLKIN1
    MMCME2_ADV_X0Y0      MMCME2_ADV (Prop_mmcme2_adv_CLKIN1_CLKOUT2)
                                                     -3.922     1.490 r  cnn_accelerator_system_i/clk_wiz_0/inst/mmcm_adv_inst/CLKOUT2
                         net (fo=1, routed)           2.018     3.508    cnn_accelerator_system_i/clk_wiz_0/inst/clk_out3_cnn_accelerator_system_clk_wiz_0_0
    BUFGCTRL_X0Y2                                                     r  cnn_accelerator_system_i/clk_wiz_0/inst/clkout3_buf/I
    BUFGCTRL_X0Y2        BUFG (Prop_bufg_I_O)         0.096     3.604 r  cnn_accelerator_system_i/clk_wiz_0/inst/clkout3_buf/O
                         net (fo=54397, routed)       1.704     5.308    cnn_accelerator_system_i/cnn_accelerator_wino_0/inst/conv2/clk
    SLICE_X75Y100        FDRE                                         r  cnn_accelerator_system_i/cnn_accelerator_wino_0/inst/conv2/grp_q_reg_rep__94/C
  -------------------------------------------------------------------    -------------------
    SLICE_X75Y100        FDRE (Prop_fdre_C_Q)         0.456     5.764 r  cnn_accelerator_system_i/cnn_accelerator_wino_0/inst/conv2/grp_q_reg_rep__94/Q
                         net (fo=8, routed)           1.647     7.411    cnn_accelerator_system_i/cnn_accelerator_wino_0/inst/conv2/gic[0].u_it/i___199_1
    SLICE_X72Y79                                                      r  cnn_accelerator_system_i/cnn_accelerator_wino_0/inst/conv2/gic[0].u_it/i___199_i_2/I1
    SLICE_X72Y79         LUT3 (Prop_lut3_I1_O)        0.153     7.564 r  cnn_accelerator_system_i/cnn_accelerator_wino_0/inst/conv2/gic[0].u_it/i___199_i_2/O
                         net (fo=9, routed)           0.832     8.396    cnn_accelerator_system_i/cnn_accelerator_wino_0/inst/conv2/gic[0].u_it/gic[0].d_flat_ic[232]
    SLICE_X77Y79                                                      r  cnn_accelerator_system_i/cnn_accelerator_wino_0/inst/conv2/gic[0].u_it/tre[2][5][3]_i_5/I0
    SLICE_X77Y79         LUT3 (Prop_lut3_I0_O)        0.327     8.723 r  cnn_accelerator_system_i/cnn_accelerator_wino_0/inst/conv2/gic[0].u_it/tre[2][5][3]_i_5/O
                         net (fo=1, routed)           0.830     9.553    cnn_accelerator_system_i/cnn_accelerator_wino_0/inst/conv2/gic[0].u_it/tre[2][5][3]_i_5_n_0
    SLICE_X74Y86                                                      r  cnn_accelerator_system_i/cnn_accelerator_wino_0/inst/conv2/gic[0].u_it/tre_reg[2][5][3]_i_1/DI[0]
    SLICE_X74Y86         CARRY4 (Prop_carry4_DI[0]_CO[3])
                                                      0.550    10.103 r  cnn_accelerator_system_i/cnn_accelerator_wino_0/inst/conv2/gic[0].u_it/tre_reg[2][5][3]_i_1/CO[3]
                         net (fo=1, routed)           0.000    10.103    cnn_accelerator_system_i/cnn_accelerator_wino_0/inst/conv2/gic[0].u_it/tre_reg[2][5][3]_i_1_n_0
    SLICE_X74Y87                                                      r  cnn_accelerator_system_i/cnn_accelerator_wino_0/inst/conv2/gic[0].u_it/tre_reg[2][5][7]_i_1/CI
    SLICE_X74Y87         CARRY4 (Prop_carry4_CI_CO[3])
                                                      0.117    10.220 r  cnn_accelerator_system_i/cnn_accelerator_wino_0/inst/conv2/gic[0].u_it/tre_reg[2][5][7]_i_1/CO[3]
                         net (fo=1, routed)           0.000    10.220    cnn_accelerator_system_i/cnn_accelerator_wino_0/inst/conv2/gic[0].u_it/tre_reg[2][5][7]_i_1_n_0
    SLICE_X74Y88                                                      r  cnn_accelerator_system_i/cnn_accelerator_wino_0/inst/conv2/gic[0].u_it/tre_reg[2][5][10]_i_1/CI
    SLICE_X74Y88         CARRY4 (Prop_carry4_CI_O[0])
                                                      0.219    10.439 r  cnn_accelerator_system_i/cnn_accelerator_wino_0/inst/conv2/gic[0].u_it/tre_reg[2][5][10]_i_1/O[0]
                         net (fo=1, routed)           0.000    10.439    cnn_accelerator_system_i/cnn_accelerator_wino_0/inst/conv2/gic[0].u_it/tre_c[2][5]_300[8]
    SLICE_X74Y88         FDRE                                         r  cnn_accelerator_system_i/cnn_accelerator_wino_0/inst/conv2/gic[0].u_it/tre_reg[2][5][8]/D
  -------------------------------------------------------------------    -------------------

                         (clock clk_out3_cnn_accelerator_system_clk_wiz_0_0 rise edge)
                                                      5.000     5.000 r  
    E3                                                0.000     5.000 r  CLK100MHZ (IN)
                         net (fo=0)                   0.000     5.000    CLK100MHZ
    E3                                                                r  CLK100MHZ_IBUF_inst/I
    E3                   IBUF (Prop_ibuf_I_O)         1.411     6.411 r  CLK100MHZ_IBUF_inst/O
                         net (fo=1, routed)           1.920     8.331    cnn_accelerator_system_i/util_ds_buf_0/U0/BUFG_I[0]
    BUFGCTRL_X0Y16                                                    r  cnn_accelerator_system_i/util_ds_buf_0/U0/USE_BUFG.GEN_BUFG[0].BUFG_U/I
    BUFGCTRL_X0Y16       BUFG (Prop_bufg_I_O)         0.091     8.422 r  cnn_accelerator_system_i/util_ds_buf_0/U0/USE_BUFG.GEN_BUFG[0].BUFG_U/O
                         net (fo=2, routed)           1.683    10.105    cnn_accelerator_system_i/clk_wiz_0/inst/clk_in1
    MMCME2_ADV_X0Y0                                                   r  cnn_accelerator_system_i/clk_wiz_0/inst/mmcm_adv_inst/CLKIN1
    MMCME2_ADV_X0Y0      MMCME2_ADV (Prop_mmcme2_adv_CLKIN1_CLKOUT2)
                                                     -3.694     6.411 r  cnn_accelerator_system_i/clk_wiz_0/inst/mmcm_adv_inst/CLKOUT2
                         net (fo=1, routed)           1.923     8.334    cnn_accelerator_system_i/clk_wiz_0/inst/clk_out3_cnn_accelerator_system_clk_wiz_0_0
    BUFGCTRL_X0Y2                                                     r  cnn_accelerator_system_i/clk_wiz_0/inst/clkout3_buf/I
    BUFGCTRL_X0Y2        BUFG (Prop_bufg_I_O)         0.091     8.425 r  cnn_accelerator_system_i/clk_wiz_0/inst/clkout3_buf/O
                         net (fo=54397, routed)       1.591    10.017    cnn_accelerator_system_i/cnn_accelerator_wino_0/inst/conv2/gic[0].u_it/clk
    SLICE_X74Y88         FDRE                                         r  cnn_accelerator_system_i/cnn_accelerator_wino_0/inst/conv2/gic[0].u_it/tre_reg[2][5][8]/C
                         clock pessimism              0.179    10.196    
                         clock uncertainty           -0.067    10.129    
    SLICE_X74Y88         FDRE (Setup_fdre_C_D)        0.109    10.238    cnn_accelerator_system_i/cnn_accelerator_wino_0/inst/conv2/gic[0].u_it/tre_reg[2][5][8]
  -------------------------------------------------------------------
                         required time                         10.238    
                         arrival time                         -10.439    
  -------------------------------------------------------------------
                         slack                                 -0.201    

Slack (VIOLATED) :        -0.200ns  (required time - arrival time)
  Source:                 cnn_accelerator_system_i/cnn_accelerator_wino_0/inst/conv2/tile6_q_reg[1090]/C
                            (rising edge-triggered cell FDRE clocked by clk_out3_cnn_accelerator_system_clk_wiz_0_0  {rise@0.000ns fall@2.500ns period=5.000ns})
  Destination:            cnn_accelerator_system_i/cnn_accelerator_wino_0/inst/conv2/gic[0].u_it/tre_reg[1][5][10]/D
                            (rising edge-triggered cell FDRE clocked by clk_out3_cnn_accelerator_system_clk_wiz_0_0  {rise@0.000ns fall@2.500ns period=5.000ns})
  Path Group:             clk_out3_cnn_accelerator_system_clk_wiz_0_0
  Path Type:              Setup (Max at Slow Process Corner)
  Requirement:            5.000ns  (clk_out3_cnn_accelerator_system_clk_wiz_0_0 rise@5.000ns - clk_out3_cnn_accelerator_system_clk_wiz_0_0 rise@0.000ns)
  Data Path Delay:        5.171ns  (logic 1.863ns (36.028%)  route 3.308ns (63.972%))
  Logic Levels:           7  (CARRY4=3 LUT3=2 LUT5=1 LUT6=1)
  Clock Path Skew:        -0.025ns (DCD - SCD + CPR)
    Destination Clock Delay (DCD):    5.015ns = ( 10.015 - 5.000 ) 
    Source Clock Delay      (SCD):    5.218ns
    Clock Pessimism Removal (CPR):    0.179ns
  Clock Uncertainty:      0.067ns  ((TSJ^2 + DJ^2)^1/2) / 2 + PE
    Total System Jitter     (TSJ):    0.071ns
    Discrete Jitter          (DJ):    0.113ns
    Phase Error              (PE):    0.000ns

    Location             Delay type                Incr(ns)  Path(ns)    Netlist Resource(s)
  -------------------------------------------------------------------    -------------------
                         (clock clk_out3_cnn_accelerator_system_clk_wiz_0_0 rise edge)
                                                      0.000     0.000 r  
    E3                                                0.000     0.000 r  CLK100MHZ (IN)
                         net (fo=0)                   0.000     0.000    CLK100MHZ
    E3                                                                r  CLK100MHZ_IBUF_inst/I
    E3                   IBUF (Prop_ibuf_I_O)         1.482     1.482 r  CLK100MHZ_IBUF_inst/O
                         net (fo=1, routed)           2.025     3.506    cnn_accelerator_system_i/util_ds_buf_0/U0/BUFG_I[0]
    BUFGCTRL_X0Y16                                                    r  cnn_accelerator_system_i/util_ds_buf_0/U0/USE_BUFG.GEN_BUFG[0].BUFG_U/I
    BUFGCTRL_X0Y16       BUFG (Prop_bufg_I_O)         0.096     3.602 r  cnn_accelerator_system_i/util_ds_buf_0/U0/USE_BUFG.GEN_BUFG[0].BUFG_U/O
                         net (fo=2, routed)           1.809     5.412    cnn_accelerator_system_i/clk_wiz_0/inst/clk_in1
    MMCME2_ADV_X0Y0                                                   r  cnn_accelerator_system_i/clk_wiz_0/inst/mmcm_adv_inst/CLKIN1
    MMCME2_ADV_X0Y0      MMCME2_ADV (Prop_mmcme2_adv_CLKIN1_CLKOUT2)
                                                     -3.922     1.490 r  cnn_accelerator_system_i/clk_wiz_0/inst/mmcm_adv_inst/CLKOUT2
                         net (fo=1, routed)           2.018     3.508    cnn_accelerator_system_i/clk_wiz_0/inst/clk_out3_cnn_accelerator_system_clk_wiz_0_0
    BUFGCTRL_X0Y2                                                     r  cnn_accelerator_system_i/clk_wiz_0/inst/clkout3_buf/I
    BUFGCTRL_X0Y2        BUFG (Prop_bufg_I_O)         0.096     3.604 r  cnn_accelerator_system_i/clk_wiz_0/inst/clkout3_buf/O
                         net (fo=54397, routed)       1.614     5.218    cnn_accelerator_system_i/cnn_accelerator_wino_0/inst/conv2/clk
    SLICE_X70Y114        FDRE                                         r  cnn_accelerator_system_i/cnn_accelerator_wino_0/inst/conv2/tile6_q_reg[1090]/C
  -------------------------------------------------------------------    -------------------
    SLICE_X70Y114        FDRE (Prop_fdre_C_Q)         0.518     5.736 r  cnn_accelerator_system_i/cnn_accelerator_wino_0/inst/conv2/tile6_q_reg[1090]/Q
                         net (fo=1, routed)           1.352     7.088    cnn_accelerator_system_i/cnn_accelerator_wino_0/inst/conv2/gic[0].u_it/Q[274]
    SLICE_X81Y96                                                      r  cnn_accelerator_system_i/cnn_accelerator_wino_0/inst/conv2/gic[0].u_it/i___35_i_3/I2
    SLICE_X81Y96         LUT3 (Prop_lut3_I2_O)        0.124     7.212 r  cnn_accelerator_system_i/cnn_accelerator_wino_0/inst/conv2/gic[0].u_it/i___35_i_3/O
                         net (fo=7, routed)           0.785     7.997    cnn_accelerator_system_i/cnn_accelerator_wino_0/inst/conv2/gic[0].u_it/gic[0].d_flat_ic[138]
    SLICE_X75Y90                                                      r  cnn_accelerator_system_i/cnn_accelerator_wino_0/inst/conv2/gic[0].u_it/i___35/I2
    SLICE_X75Y90         LUT3 (Prop_lut3_I2_O)        0.124     8.121 f  cnn_accelerator_system_i/cnn_accelerator_wino_0/inst/conv2/gic[0].u_it/i___35/O
                         net (fo=4, routed)           0.710     8.831    cnn_accelerator_system_i/cnn_accelerator_wino_0/inst/conv2/gic[0].u_it/i___35_n_0
    SLICE_X75Y86                                                      f  cnn_accelerator_system_i/cnn_accelerator_wino_0/inst/conv2/gic[0].u_it/tre[1][5][3]_i_2/I3
    SLICE_X75Y86         LUT5 (Prop_lut5_I3_O)        0.124     8.955 r  cnn_accelerator_system_i/cnn_accelerator_wino_0/inst/conv2/gic[0].u_it/tre[1][5][3]_i_2/O
                         net (fo=2, routed)           0.461     9.416    cnn_accelerator_system_i/cnn_accelerator_wino_0/inst/conv2/gic[0].u_it/tre[1][5][3]_i_2_n_0
    SLICE_X72Y86                                                      r  cnn_accelerator_system_i/cnn_accelerator_wino_0/inst/conv2/gic[0].u_it/tre[1][5][3]_i_6/I0
    SLICE_X72Y86         LUT6 (Prop_lut6_I0_O)        0.124     9.540 r  cnn_accelerator_system_i/cnn_accelerator_wino_0/inst/conv2/gic[0].u_it/tre[1][5][3]_i_6/O
                         net (fo=1, routed)           0.000     9.540    cnn_accelerator_system_i/cnn_accelerator_wino_0/inst/conv2/gic[0].u_it/tre[1][5][3]_i_6_n_0
    SLICE_X72Y86                                                      r  cnn_accelerator_system_i/cnn_accelerator_wino_0/inst/conv2/gic[0].u_it/tre_reg[1][5][3]_i_1/S[3]
    SLICE_X72Y86         CARRY4 (Prop_carry4_S[3]_CO[3])
                                                      0.401     9.941 r  cnn_accelerator_system_i/cnn_accelerator_wino_0/inst/conv2/gic[0].u_it/tre_reg[1][5][3]_i_1/CO[3]
                         net (fo=1, routed)           0.000     9.941    cnn_accelerator_system_i/cnn_accelerator_wino_0/inst/conv2/gic[0].u_it/tre_reg[1][5][3]_i_1_n_0
    SLICE_X72Y87                                                      r  cnn_accelerator_system_i/cnn_accelerator_wino_0/inst/conv2/gic[0].u_it/tre_reg[1][5][7]_i_1/CI
    SLICE_X72Y87         CARRY4 (Prop_carry4_CI_CO[3])
                                                      0.114    10.055 r  cnn_accelerator_system_i/cnn_accelerator_wino_0/inst/conv2/gic[0].u_it/tre_reg[1][5][7]_i_1/CO[3]
                         net (fo=1, routed)           0.000    10.055    cnn_accelerator_system_i/cnn_accelerator_wino_0/inst/conv2/gic[0].u_it/tre_reg[1][5][7]_i_1_n_0
    SLICE_X72Y88                                                      r  cnn_accelerator_system_i/cnn_accelerator_wino_0/inst/conv2/gic[0].u_it/tre_reg[1][5][10]_i_1/CI
    SLICE_X72Y88         CARRY4 (Prop_carry4_CI_O[1])
                                                      0.334    10.389 r  cnn_accelerator_system_i/cnn_accelerator_wino_0/inst/conv2/gic[0].u_it/tre_reg[1][5][10]_i_1/O[1]
                         net (fo=1, routed)           0.000    10.389    cnn_accelerator_system_i/cnn_accelerator_wino_0/inst/conv2/gic[0].u_it/tre_c[1][5]_299[10]
    SLICE_X72Y88         FDRE                                         r  cnn_accelerator_system_i/cnn_accelerator_wino_0/inst/conv2/gic[0].u_it/tre_reg[1][5][10]/D
  -------------------------------------------------------------------    -------------------

                         (clock clk_out3_cnn_accelerator_system_clk_wiz_0_0 rise edge)
                                                      5.000     5.000 r  
    E3                                                0.000     5.000 r  CLK100MHZ (IN)
                         net (fo=0)                   0.000     5.000    CLK100MHZ
    E3                                                                r  CLK100MHZ_IBUF_inst/I
    E3                   IBUF (Prop_ibuf_I_O)         1.411     6.411 r  CLK100MHZ_IBUF_inst/O
                         net (fo=1, routed)           1.920     8.331    cnn_accelerator_system_i/util_ds_buf_0/U0/BUFG_I[0]
    BUFGCTRL_X0Y16                                                    r  cnn_accelerator_system_i/util_ds_buf_0/U0/USE_BUFG.GEN_BUFG[0].BUFG_U/I
    BUFGCTRL_X0Y16       BUFG (Prop_bufg_I_O)         0.091     8.422 r  cnn_accelerator_system_i/util_ds_buf_0/U0/USE_BUFG.GEN_BUFG[0].BUFG_U/O
                         net (fo=2, routed)           1.683    10.105    cnn_accelerator_system_i/clk_wiz_0/inst/clk_in1
    MMCME2_ADV_X0Y0                                                   r  cnn_accelerator_system_i/clk_wiz_0/inst/mmcm_adv_inst/CLKIN1
    MMCME2_ADV_X0Y0      MMCME2_ADV (Prop_mmcme2_adv_CLKIN1_CLKOUT2)
                                                     -3.694     6.411 r  cnn_accelerator_system_i/clk_wiz_0/inst/mmcm_adv_inst/CLKOUT2
                         net (fo=1, routed)           1.923     8.334    cnn_accelerator_system_i/clk_wiz_0/inst/clk_out3_cnn_accelerator_system_clk_wiz_0_0
    BUFGCTRL_X0Y2                                                     r  cnn_accelerator_system_i/clk_wiz_0/inst/clkout3_buf/I
    BUFGCTRL_X0Y2        BUFG (Prop_bufg_I_O)         0.091     8.425 r  cnn_accelerator_system_i/clk_wiz_0/inst/clkout3_buf/O
                         net (fo=54397, routed)       1.589    10.015    cnn_accelerator_system_i/cnn_accelerator_wino_0/inst/conv2/gic[0].u_it/clk
    SLICE_X72Y88         FDRE                                         r  cnn_accelerator_system_i/cnn_accelerator_wino_0/inst/conv2/gic[0].u_it/tre_reg[1][5][10]/C
                         clock pessimism              0.179    10.194    
                         clock uncertainty           -0.067    10.127    
    SLICE_X72Y88         FDRE (Setup_fdre_C_D)        0.062    10.189    cnn_accelerator_system_i/cnn_accelerator_wino_0/inst/conv2/gic[0].u_it/tre_reg[1][5][10]
  -------------------------------------------------------------------
                         required time                         10.189    
                         arrival time                         -10.389    
  -------------------------------------------------------------------
                         slack                                 -0.200    

Slack (VIOLATED) :        -0.197ns  (required time - arrival time)
  Source:                 cnn_accelerator_system_i/cnn_accelerator_wino_0/inst/conv2/lane[2].u_mul/wm_op_q_reg[5]/C
                            (rising edge-triggered cell FDRE clocked by clk_out3_cnn_accelerator_system_clk_wiz_0_0  {rise@0.000ns fall@2.500ns period=5.000ns})
  Destination:            cnn_accelerator_system_i/cnn_accelerator_wino_0/inst/conv2/lane[2].u_mul/g_wpe[26].wmem_op_reg_0_31_0_5/RAMA/WE
                            (rising edge-triggered cell RAMD32 clocked by clk_out3_cnn_accelerator_system_clk_wiz_0_0  {rise@0.000ns fall@2.500ns period=5.000ns})
  Path Group:             clk_out3_cnn_accelerator_system_clk_wiz_0_0
  Path Type:              Setup (Max at Slow Process Corner)
  Requirement:            5.000ns  (clk_out3_cnn_accelerator_system_clk_wiz_0_0 rise@5.000ns - clk_out3_cnn_accelerator_system_clk_wiz_0_0 rise@0.000ns)
  Data Path Delay:        4.539ns  (logic 0.704ns (15.511%)  route 3.835ns (84.489%))
  Logic Levels:           2  (LUT5=2)
  Clock Path Skew:        -0.059ns (DCD - SCD + CPR)
    Destination Clock Delay (DCD):    5.004ns = ( 10.004 - 5.000 ) 
    Source Clock Delay      (SCD):    5.242ns
    Clock Pessimism Removal (CPR):    0.179ns
  Clock Uncertainty:      0.067ns  ((TSJ^2 + DJ^2)^1/2) / 2 + PE
    Total System Jitter     (TSJ):    0.071ns
    Discrete Jitter          (DJ):    0.113ns
    Phase Error              (PE):    0.000ns

    Location             Delay type                Incr(ns)  Path(ns)    Netlist Resource(s)
  -------------------------------------------------------------------    -------------------
                         (clock clk_out3_cnn_accelerator_system_clk_wiz_0_0 rise edge)
                                                      0.000     0.000 r  
    E3                                                0.000     0.000 r  CLK100MHZ (IN)
                         net (fo=0)                   0.000     0.000    CLK100MHZ
    E3                                                                r  CLK100MHZ_IBUF_inst/I
    E3                   IBUF (Prop_ibuf_I_O)         1.482     1.482 r  CLK100MHZ_IBUF_inst/O
                         net (fo=1, routed)           2.025     3.506    cnn_accelerator_system_i/util_ds_buf_0/U0/BUFG_I[0]
    BUFGCTRL_X0Y16                                                    r  cnn_accelerator_system_i/util_ds_buf_0/U0/USE_BUFG.GEN_BUFG[0].BUFG_U/I
    BUFGCTRL_X0Y16       BUFG (Prop_bufg_I_O)         0.096     3.602 r  cnn_accelerator_system_i/util_ds_buf_0/U0/USE_BUFG.GEN_BUFG[0].BUFG_U/O
                         net (fo=2, routed)           1.809     5.412    cnn_accelerator_system_i/clk_wiz_0/inst/clk_in1
    MMCME2_ADV_X0Y0                                                   r  cnn_accelerator_system_i/clk_wiz_0/inst/mmcm_adv_inst/CLKIN1
    MMCME2_ADV_X0Y0      MMCME2_ADV (Prop_mmcme2_adv_CLKIN1_CLKOUT2)
                                                     -3.922     1.490 r  cnn_accelerator_system_i/clk_wiz_0/inst/mmcm_adv_inst/CLKOUT2
                         net (fo=1, routed)           2.018     3.508    cnn_accelerator_system_i/clk_wiz_0/inst/clk_out3_cnn_accelerator_system_clk_wiz_0_0
    BUFGCTRL_X0Y2                                                     r  cnn_accelerator_system_i/clk_wiz_0/inst/clkout3_buf/I
    BUFGCTRL_X0Y2        BUFG (Prop_bufg_I_O)         0.096     3.604 r  cnn_accelerator_system_i/clk_wiz_0/inst/clkout3_buf/O
                         net (fo=54397, routed)       1.637     5.242    cnn_accelerator_system_i/cnn_accelerator_wino_0/inst/conv2/lane[2].u_mul/clk
    SLICE_X41Y93         FDRE                                         r  cnn_accelerator_system_i/cnn_accelerator_wino_0/inst/conv2/lane[2].u_mul/wm_op_q_reg[5]/C
  -------------------------------------------------------------------    -------------------
    SLICE_X41Y93         FDRE (Prop_fdre_C_Q)         0.456     5.698 r  cnn_accelerator_system_i/cnn_accelerator_wino_0/inst/conv2/lane[2].u_mul/wm_op_q_reg[5]/Q
                         net (fo=3, routed)           0.819     6.517    cnn_accelerator_system_i/cnn_accelerator_wino_0/inst/conv2/lane[2].u_mul/wm_op_q[5]
    SLICE_X41Y94                                                      r  cnn_accelerator_system_i/cnn_accelerator_wino_0/inst/conv2/lane[2].u_mul/g_wpe[4].wmem_op_reg_0_31_0_5_i_2/I0
    SLICE_X41Y94         LUT5 (Prop_lut5_I0_O)        0.124     6.641 r  cnn_accelerator_system_i/cnn_accelerator_wino_0/inst/conv2/lane[2].u_mul/g_wpe[4].wmem_op_reg_0_31_0_5_i_2/O
                         net (fo=16, routed)          1.685     8.326    cnn_accelerator_system_i/cnn_accelerator_wino_0/inst/conv2/lane[2].u_mul/g_wpe[4].wmem_op_reg_0_31_0_5_i_2_n_0
    SLICE_X69Y119                                                     r  cnn_accelerator_system_i/cnn_accelerator_wino_0/inst/conv2/lane[2].u_mul/g_wpe[26].wmem_op_reg_0_31_0_5_i_1/I0
    SLICE_X69Y119        LUT5 (Prop_lut5_I0_O)        0.124     8.450 r  cnn_accelerator_system_i/cnn_accelerator_wino_0/inst/conv2/lane[2].u_mul/g_wpe[26].wmem_op_reg_0_31_0_5_i_1/O
                         net (fo=16, routed)          1.330     9.780    cnn_accelerator_system_i/cnn_accelerator_wino_0/inst/conv2/lane[2].u_mul/g_wpe[26].wmem_op_reg_0_31_0_5/WE
    SLICE_X74Y135        RAMD32                                       r  cnn_accelerator_system_i/cnn_accelerator_wino_0/inst/conv2/lane[2].u_mul/g_wpe[26].wmem_op_reg_0_31_0_5/RAMA/WE
  -------------------------------------------------------------------    -------------------

                         (clock clk_out3_cnn_accelerator_system_clk_wiz_0_0 rise edge)
                                                      5.000     5.000 r  
    E3                                                0.000     5.000 r  CLK100MHZ (IN)
                         net (fo=0)                   0.000     5.000    CLK100MHZ
    E3                                                                r  CLK100MHZ_IBUF_inst/I
    E3                   IBUF (Prop_ibuf_I_O)         1.411     6.411 r  CLK100MHZ_IBUF_inst/O
                         net (fo=1, routed)           1.920     8.331    cnn_accelerator_system_i/util_ds_buf_0/U0/BUFG_I[0]
    BUFGCTRL_X0Y16                                                    r  cnn_accelerator_system_i/util_ds_buf_0/U0/USE_BUFG.GEN_BUFG[0].BUFG_U/I
    BUFGCTRL_X0Y16       BUFG (Prop_bufg_I_O)         0.091     8.422 r  cnn_accelerator_system_i/util_ds_buf_0/U0/USE_BUFG.GEN_BUFG[0].BUFG_U/O
                         net (fo=2, routed)           1.683    10.105    cnn_accelerator_system_i/clk_wiz_0/inst/clk_in1
    MMCME2_ADV_X0Y0                                                   r  cnn_accelerator_system_i/clk_wiz_0/inst/mmcm_adv_inst/CLKIN1
    MMCME2_ADV_X0Y0      MMCME2_ADV (Prop_mmcme2_adv_CLKIN1_CLKOUT2)
                                                     -3.694     6.411 r  cnn_accelerator_system_i/clk_wiz_0/inst/mmcm_adv_inst/CLKOUT2
                         net (fo=1, routed)           1.923     8.334    cnn_accelerator_system_i/clk_wiz_0/inst/clk_out3_cnn_accelerator_system_clk_wiz_0_0
    BUFGCTRL_X0Y2                                                     r  cnn_accelerator_system_i/clk_wiz_0/inst/clkout3_buf/I
    BUFGCTRL_X0Y2        BUFG (Prop_bufg_I_O)         0.091     8.425 r  cnn_accelerator_system_i/clk_wiz_0/inst/clkout3_buf/O
                         net (fo=54397, routed)       1.579    10.004    cnn_accelerator_system_i/cnn_accelerator_wino_0/inst/conv2/lane[2].u_mul/g_wpe[26].wmem_op_reg_0_31_0_5/WCLK
    SLICE_X74Y135        RAMD32                                       r  cnn_accelerator_system_i/cnn_accelerator_wino_0/inst/conv2/lane[2].u_mul/g_wpe[26].wmem_op_reg_0_31_0_5/RAMA/CLK
                         clock pessimism              0.179    10.183    
                         clock uncertainty           -0.067    10.116    
    SLICE_X74Y135        RAMD32 (Setup_ramd32_CLK_WE)
                                                     -0.533     9.583    cnn_accelerator_system_i/cnn_accelerator_wino_0/inst/conv2/lane[2].u_mul/g_wpe[26].wmem_op_reg_0_31_0_5/RAMA
  -------------------------------------------------------------------
                         required time                          9.583    
                         arrival time                          -9.780    
  -------------------------------------------------------------------
                         slack                                 -0.197    

Slack (VIOLATED) :        -0.197ns  (required time - arrival time)
  Source:                 cnn_accelerator_system_i/cnn_accelerator_wino_0/inst/conv2/lane[2].u_mul/wm_op_q_reg[5]/C
                            (rising edge-triggered cell FDRE clocked by clk_out3_cnn_accelerator_system_clk_wiz_0_0  {rise@0.000ns fall@2.500ns period=5.000ns})
  Destination:            cnn_accelerator_system_i/cnn_accelerator_wino_0/inst/conv2/lane[2].u_mul/g_wpe[26].wmem_op_reg_0_31_0_5/RAMA_D1/WE
                            (rising edge-triggered cell RAMD32 clocked by clk_out3_cnn_accelerator_system_clk_wiz_0_0  {rise@0.000ns fall@2.500ns period=5.000ns})
  Path Group:             clk_out3_cnn_accelerator_system_clk_wiz_0_0
  Path Type:              Setup (Max at Slow Process Corner)
  Requirement:            5.000ns  (clk_out3_cnn_accelerator_system_clk_wiz_0_0 rise@5.000ns - clk_out3_cnn_accelerator_system_clk_wiz_0_0 rise@0.000ns)
  Data Path Delay:        4.539ns  (logic 0.704ns (15.511%)  route 3.835ns (84.489%))
  Logic Levels:           2  (LUT5=2)
  Clock Path Skew:        -0.059ns (DCD - SCD + CPR)
    Destination Clock Delay (DCD):    5.004ns = ( 10.004 - 5.000 ) 
    Source Clock Delay      (SCD):    5.242ns
    Clock Pessimism Removal (CPR):    0.179ns
  Clock Uncertainty:      0.067ns  ((TSJ^2 + DJ^2)^1/2) / 2 + PE
    Total System Jitter     (TSJ):    0.071ns
    Discrete Jitter          (DJ):    0.113ns
    Phase Error              (PE):    0.000ns

    Location             Delay type                Incr(ns)  Path(ns)    Netlist Resource(s)
  -------------------------------------------------------------------    -------------------
                         (clock clk_out3_cnn_accelerator_system_clk_wiz_0_0 rise edge)
                                                      0.000     0.000 r  
    E3                                                0.000     0.000 r  CLK100MHZ (IN)
                         net (fo=0)                   0.000     0.000    CLK100MHZ
    E3                                                                r  CLK100MHZ_IBUF_inst/I
    E3                   IBUF (Prop_ibuf_I_O)         1.482     1.482 r  CLK100MHZ_IBUF_inst/O
                         net (fo=1, routed)           2.025     3.506    cnn_accelerator_system_i/util_ds_buf_0/U0/BUFG_I[0]
    BUFGCTRL_X0Y16                                                    r  cnn_accelerator_system_i/util_ds_buf_0/U0/USE_BUFG.GEN_BUFG[0].BUFG_U/I
    BUFGCTRL_X0Y16       BUFG (Prop_bufg_I_O)         0.096     3.602 r  cnn_accelerator_system_i/util_ds_buf_0/U0/USE_BUFG.GEN_BUFG[0].BUFG_U/O
                         net (fo=2, routed)           1.809     5.412    cnn_accelerator_system_i/clk_wiz_0/inst/clk_in1
    MMCME2_ADV_X0Y0                                                   r  cnn_accelerator_system_i/clk_wiz_0/inst/mmcm_adv_inst/CLKIN1
    MMCME2_ADV_X0Y0      MMCME2_ADV (Prop_mmcme2_adv_CLKIN1_CLKOUT2)
                                                     -3.922     1.490 r  cnn_accelerator_system_i/clk_wiz_0/inst/mmcm_adv_inst/CLKOUT2
                         net (fo=1, routed)           2.018     3.508    cnn_accelerator_system_i/clk_wiz_0/inst/clk_out3_cnn_accelerator_system_clk_wiz_0_0
    BUFGCTRL_X0Y2                                                     r  cnn_accelerator_system_i/clk_wiz_0/inst/clkout3_buf/I
    BUFGCTRL_X0Y2        BUFG (Prop_bufg_I_O)         0.096     3.604 r  cnn_accelerator_system_i/clk_wiz_0/inst/clkout3_buf/O
                         net (fo=54397, routed)       1.637     5.242    cnn_accelerator_system_i/cnn_accelerator_wino_0/inst/conv2/lane[2].u_mul/clk
    SLICE_X41Y93         FDRE                                         r  cnn_accelerator_system_i/cnn_accelerator_wino_0/inst/conv2/lane[2].u_mul/wm_op_q_reg[5]/C
  -------------------------------------------------------------------    -------------------
    SLICE_X41Y93         FDRE (Prop_fdre_C_Q)         0.456     5.698 r  cnn_accelerator_system_i/cnn_accelerator_wino_0/inst/conv2/lane[2].u_mul/wm_op_q_reg[5]/Q
                         net (fo=3, routed)           0.819     6.517    cnn_accelerator_system_i/cnn_accelerator_wino_0/inst/conv2/lane[2].u_mul/wm_op_q[5]
    SLICE_X41Y94                                                      r  cnn_accelerator_system_i/cnn_accelerator_wino_0/inst/conv2/lane[2].u_mul/g_wpe[4].wmem_op_reg_0_31_0_5_i_2/I0
    SLICE_X41Y94         LUT5 (Prop_lut5_I0_O)        0.124     6.641 r  cnn_accelerator_system_i/cnn_accelerator_wino_0/inst/conv2/lane[2].u_mul/g_wpe[4].wmem_op_reg_0_31_0_5_i_2/O
                         net (fo=16, routed)          1.685     8.326    cnn_accelerator_system_i/cnn_accelerator_wino_0/inst/conv2/lane[2].u_mul/g_wpe[4].wmem_op_reg_0_31_0_5_i_2_n_0
    SLICE_X69Y119                                                     r  cnn_accelerator_system_i/cnn_accelerator_wino_0/inst/conv2/lane[2].u_mul/g_wpe[26].wmem_op_reg_0_31_0_5_i_1/I0
    SLICE_X69Y119        LUT5 (Prop_lut5_I0_O)        0.124     8.450 r  cnn_accelerator_system_i/cnn_accelerator_wino_0/inst/conv2/lane[2].u_mul/g_wpe[26].wmem_op_reg_0_31_0_5_i_1/O
                         net (fo=16, routed)          1.330     9.780    cnn_accelerator_system_i/cnn_accelerator_wino_0/inst/conv2/lane[2].u_mul/g_wpe[26].wmem_op_reg_0_31_0_5/WE
    SLICE_X74Y135        RAMD32                                       r  cnn_accelerator_system_i/cnn_accelerator_wino_0/inst/conv2/lane[2].u_mul/g_wpe[26].wmem_op_reg_0_31_0_5/RAMA_D1/WE
  -------------------------------------------------------------------    -------------------

                         (clock clk_out3_cnn_accelerator_system_clk_wiz_0_0 rise edge)
                                                      5.000     5.000 r  
    E3                                                0.000     5.000 r  CLK100MHZ (IN)
                         net (fo=0)                   0.000     5.000    CLK100MHZ
    E3                                                                r  CLK100MHZ_IBUF_inst/I
    E3                   IBUF (Prop_ibuf_I_O)         1.411     6.411 r  CLK100MHZ_IBUF_inst/O
                         net (fo=1, routed)           1.920     8.331    cnn_accelerator_system_i/util_ds_buf_0/U0/BUFG_I[0]
    BUFGCTRL_X0Y16                                                    r  cnn_accelerator_system_i/util_ds_buf_0/U0/USE_BUFG.GEN_BUFG[0].BUFG_U/I
    BUFGCTRL_X0Y16       BUFG (Prop_bufg_I_O)         0.091     8.422 r  cnn_accelerator_system_i/util_ds_buf_0/U0/USE_BUFG.GEN_BUFG[0].BUFG_U/O
                         net (fo=2, routed)           1.683    10.105    cnn_accelerator_system_i/clk_wiz_0/inst/clk_in1
    MMCME2_ADV_X0Y0                                                   r  cnn_accelerator_system_i/clk_wiz_0/inst/mmcm_adv_inst/CLKIN1
    MMCME2_ADV_X0Y0      MMCME2_ADV (Prop_mmcme2_adv_CLKIN1_CLKOUT2)
                                                     -3.694     6.411 r  cnn_accelerator_system_i/clk_wiz_0/inst/mmcm_adv_inst/CLKOUT2
                         net (fo=1, routed)           1.923     8.334    cnn_accelerator_system_i/clk_wiz_0/inst/clk_out3_cnn_accelerator_system_clk_wiz_0_0
    BUFGCTRL_X0Y2                                                     r  cnn_accelerator_system_i/clk_wiz_0/inst/clkout3_buf/I
    BUFGCTRL_X0Y2        BUFG (Prop_bufg_I_O)         0.091     8.425 r  cnn_accelerator_system_i/clk_wiz_0/inst/clkout3_buf/O
                         net (fo=54397, routed)       1.579    10.004    cnn_accelerator_system_i/cnn_accelerator_wino_0/inst/conv2/lane[2].u_mul/g_wpe[26].wmem_op_reg_0_31_0_5/WCLK
    SLICE_X74Y135        RAMD32                                       r  cnn_accelerator_system_i/cnn_accelerator_wino_0/inst/conv2/lane[2].u_mul/g_wpe[26].wmem_op_reg_0_31_0_5/RAMA_D1/CLK
                         clock pessimism              0.179    10.183    
                         clock uncertainty           -0.067    10.116    
    SLICE_X74Y135        RAMD32 (Setup_ramd32_CLK_WE)
                                                     -0.533     9.583    cnn_accelerator_system_i/cnn_accelerator_wino_0/inst/conv2/lane[2].u_mul/g_wpe[26].wmem_op_reg_0_31_0_5/RAMA_D1
  -------------------------------------------------------------------
                         required time                          9.583    
                         arrival time                          -9.780    
  -------------------------------------------------------------------
                         slack                                 -0.197    

Slack (VIOLATED) :        -0.197ns  (required time - arrival time)
  Source:                 cnn_accelerator_system_i/cnn_accelerator_wino_0/inst/conv2/lane[2].u_mul/wm_op_q_reg[5]/C
                            (rising edge-triggered cell FDRE clocked by clk_out3_cnn_accelerator_system_clk_wiz_0_0  {rise@0.000ns fall@2.500ns period=5.000ns})
  Destination:            cnn_accelerator_system_i/cnn_accelerator_wino_0/inst/conv2/lane[2].u_mul/g_wpe[26].wmem_op_reg_0_31_0_5/RAMB/WE
                            (rising edge-triggered cell RAMD32 clocked by clk_out3_cnn_accelerator_system_clk_wiz_0_0  {rise@0.000ns fall@2.500ns period=5.000ns})
  Path Group:             clk_out3_cnn_accelerator_system_clk_wiz_0_0
  Path Type:              Setup (Max at Slow Process Corner)
  Requirement:            5.000ns  (clk_out3_cnn_accelerator_system_clk_wiz_0_0 rise@5.000ns - clk_out3_cnn_accelerator_system_clk_wiz_0_0 rise@0.000ns)
  Data Path Delay:        4.539ns  (logic 0.704ns (15.511%)  route 3.835ns (84.489%))
  Logic Levels:           2  (LUT5=2)
  Clock Path Skew:        -0.059ns (DCD - SCD + CPR)
    Destination Clock Delay (DCD):    5.004ns = ( 10.004 - 5.000 ) 
    Source Clock Delay      (SCD):    5.242ns
    Clock Pessimism Removal (CPR):    0.179ns
  Clock Uncertainty:      0.067ns  ((TSJ^2 + DJ^2)^1/2) / 2 + PE
    Total System Jitter     (TSJ):    0.071ns
    Discrete Jitter          (DJ):    0.113ns
    Phase Error              (PE):    0.000ns

    Location             Delay type                Incr(ns)  Path(ns)    Netlist Resource(s)
  -------------------------------------------------------------------    -------------------
                         (clock clk_out3_cnn_accelerator_system_clk_wiz_0_0 rise edge)
                                                      0.000     0.000 r  
    E3                                                0.000     0.000 r  CLK100MHZ (IN)
                         net (fo=0)                   0.000     0.000    CLK100MHZ
    E3                                                                r  CLK100MHZ_IBUF_inst/I
    E3                   IBUF (Prop_ibuf_I_O)         1.482     1.482 r  CLK100MHZ_IBUF_inst/O
                         net (fo=1, routed)           2.025     3.506    cnn_accelerator_system_i/util_ds_buf_0/U0/BUFG_I[0]
    BUFGCTRL_X0Y16                                                    r  cnn_accelerator_system_i/util_ds_buf_0/U0/USE_BUFG.GEN_BUFG[0].BUFG_U/I
    BUFGCTRL_X0Y16       BUFG (Prop_bufg_I_O)         0.096     3.602 r  cnn_accelerator_system_i/util_ds_buf_0/U0/USE_BUFG.GEN_BUFG[0].BUFG_U/O
                         net (fo=2, routed)           1.809     5.412    cnn_accelerator_system_i/clk_wiz_0/inst/clk_in1
    MMCME2_ADV_X0Y0                                                   r  cnn_accelerator_system_i/clk_wiz_0/inst/mmcm_adv_inst/CLKIN1
    MMCME2_ADV_X0Y0      MMCME2_ADV (Prop_mmcme2_adv_CLKIN1_CLKOUT2)
                                                     -3.922     1.490 r  cnn_accelerator_system_i/clk_wiz_0/inst/mmcm_adv_inst/CLKOUT2
                         net (fo=1, routed)           2.018     3.508    cnn_accelerator_system_i/clk_wiz_0/inst/clk_out3_cnn_accelerator_system_clk_wiz_0_0
    BUFGCTRL_X0Y2                                                     r  cnn_accelerator_system_i/clk_wiz_0/inst/clkout3_buf/I
    BUFGCTRL_X0Y2        BUFG (Prop_bufg_I_O)         0.096     3.604 r  cnn_accelerator_system_i/clk_wiz_0/inst/clkout3_buf/O
                         net (fo=54397, routed)       1.637     5.242    cnn_accelerator_system_i/cnn_accelerator_wino_0/inst/conv2/lane[2].u_mul/clk
    SLICE_X41Y93         FDRE                                         r  cnn_accelerator_system_i/cnn_accelerator_wino_0/inst/conv2/lane[2].u_mul/wm_op_q_reg[5]/C
  -------------------------------------------------------------------    -------------------
    SLICE_X41Y93         FDRE (Prop_fdre_C_Q)         0.456     5.698 r  cnn_accelerator_system_i/cnn_accelerator_wino_0/inst/conv2/lane[2].u_mul/wm_op_q_reg[5]/Q
                         net (fo=3, routed)           0.819     6.517    cnn_accelerator_system_i/cnn_accelerator_wino_0/inst/conv2/lane[2].u_mul/wm_op_q[5]
    SLICE_X41Y94                                                      r  cnn_accelerator_system_i/cnn_accelerator_wino_0/inst/conv2/lane[2].u_mul/g_wpe[4].wmem_op_reg_0_31_0_5_i_2/I0
    SLICE_X41Y94         LUT5 (Prop_lut5_I0_O)        0.124     6.641 r  cnn_accelerator_system_i/cnn_accelerator_wino_0/inst/conv2/lane[2].u_mul/g_wpe[4].wmem_op_reg_0_31_0_5_i_2/O
                         net (fo=16, routed)          1.685     8.326    cnn_accelerator_system_i/cnn_accelerator_wino_0/inst/conv2/lane[2].u_mul/g_wpe[4].wmem_op_reg_0_31_0_5_i_2_n_0
    SLICE_X69Y119                                                     r  cnn_accelerator_system_i/cnn_accelerator_wino_0/inst/conv2/lane[2].u_mul/g_wpe[26].wmem_op_reg_0_31_0_5_i_1/I0
    SLICE_X69Y119        LUT5 (Prop_lut5_I0_O)        0.124     8.450 r  cnn_accelerator_system_i/cnn_accelerator_wino_0/inst/conv2/lane[2].u_mul/g_wpe[26].wmem_op_reg_0_31_0_5_i_1/O
                         net (fo=16, routed)          1.330     9.780    cnn_accelerator_system_i/cnn_accelerator_wino_0/inst/conv2/lane[2].u_mul/g_wpe[26].wmem_op_reg_0_31_0_5/WE
    SLICE_X74Y135        RAMD32                                       r  cnn_accelerator_system_i/cnn_accelerator_wino_0/inst/conv2/lane[2].u_mul/g_wpe[26].wmem_op_reg_0_31_0_5/RAMB/WE
  -------------------------------------------------------------------    -------------------

                         (clock clk_out3_cnn_accelerator_system_clk_wiz_0_0 rise edge)
                                                      5.000     5.000 r  
    E3                                                0.000     5.000 r  CLK100MHZ (IN)
                         net (fo=0)                   0.000     5.000    CLK100MHZ
    E3                                                                r  CLK100MHZ_IBUF_inst/I
    E3                   IBUF (Prop_ibuf_I_O)         1.411     6.411 r  CLK100MHZ_IBUF_inst/O
                         net (fo=1, routed)           1.920     8.331    cnn_accelerator_system_i/util_ds_buf_0/U0/BUFG_I[0]
    BUFGCTRL_X0Y16                                                    r  cnn_accelerator_system_i/util_ds_buf_0/U0/USE_BUFG.GEN_BUFG[0].BUFG_U/I
    BUFGCTRL_X0Y16       BUFG (Prop_bufg_I_O)         0.091     8.422 r  cnn_accelerator_system_i/util_ds_buf_0/U0/USE_BUFG.GEN_BUFG[0].BUFG_U/O
                         net (fo=2, routed)           1.683    10.105    cnn_accelerator_system_i/clk_wiz_0/inst/clk_in1
    MMCME2_ADV_X0Y0                                                   r  cnn_accelerator_system_i/clk_wiz_0/inst/mmcm_adv_inst/CLKIN1
    MMCME2_ADV_X0Y0      MMCME2_ADV (Prop_mmcme2_adv_CLKIN1_CLKOUT2)
                                                     -3.694     6.411 r  cnn_accelerator_system_i/clk_wiz_0/inst/mmcm_adv_inst/CLKOUT2
                         net (fo=1, routed)           1.923     8.334    cnn_accelerator_system_i/clk_wiz_0/inst/clk_out3_cnn_accelerator_system_clk_wiz_0_0
    BUFGCTRL_X0Y2                                                     r  cnn_accelerator_system_i/clk_wiz_0/inst/clkout3_buf/I
    BUFGCTRL_X0Y2        BUFG (Prop_bufg_I_O)         0.091     8.425 r  cnn_accelerator_system_i/clk_wiz_0/inst/clkout3_buf/O
                         net (fo=54397, routed)       1.579    10.004    cnn_accelerator_system_i/cnn_accelerator_wino_0/inst/conv2/lane[2].u_mul/g_wpe[26].wmem_op_reg_0_31_0_5/WCLK
    SLICE_X74Y135        RAMD32                                       r  cnn_accelerator_system_i/cnn_accelerator_wino_0/inst/conv2/lane[2].u_mul/g_wpe[26].wmem_op_reg_0_31_0_5/RAMB/CLK
                         clock pessimism              0.179    10.183    
                         clock uncertainty           -0.067    10.116    
    SLICE_X74Y135        RAMD32 (Setup_ramd32_CLK_WE)
                                                     -0.533     9.583    cnn_accelerator_system_i/cnn_accelerator_wino_0/inst/conv2/lane[2].u_mul/g_wpe[26].wmem_op_reg_0_31_0_5/RAMB
  -------------------------------------------------------------------
                         required time                          9.583    
                         arrival time                          -9.780    
  -------------------------------------------------------------------
                         slack                                 -0.197    

Slack (VIOLATED) :        -0.197ns  (required time - arrival time)
  Source:                 cnn_accelerator_system_i/cnn_accelerator_wino_0/inst/conv2/lane[2].u_mul/wm_op_q_reg[5]/C
                            (rising edge-triggered cell FDRE clocked by clk_out3_cnn_accelerator_system_clk_wiz_0_0  {rise@0.000ns fall@2.500ns period=5.000ns})
  Destination:            cnn_accelerator_system_i/cnn_accelerator_wino_0/inst/conv2/lane[2].u_mul/g_wpe[26].wmem_op_reg_0_31_0_5/RAMB_D1/WE
                            (rising edge-triggered cell RAMD32 clocked by clk_out3_cnn_accelerator_system_clk_wiz_0_0  {rise@0.000ns fall@2.500ns period=5.000ns})
  Path Group:             clk_out3_cnn_accelerator_system_clk_wiz_0_0
  Path Type:              Setup (Max at Slow Process Corner)
  Requirement:            5.000ns  (clk_out3_cnn_accelerator_system_clk_wiz_0_0 rise@5.000ns - clk_out3_cnn_accelerator_system_clk_wiz_0_0 rise@0.000ns)
  Data Path Delay:        4.539ns  (logic 0.704ns (15.511%)  route 3.835ns (84.489%))
  Logic Levels:           2  (LUT5=2)
  Clock Path Skew:        -0.059ns (DCD - SCD + CPR)
    Destination Clock Delay (DCD):    5.004ns = ( 10.004 - 5.000 ) 
    Source Clock Delay      (SCD):    5.242ns
    Clock Pessimism Removal (CPR):    0.179ns
  Clock Uncertainty:      0.067ns  ((TSJ^2 + DJ^2)^1/2) / 2 + PE
    Total System Jitter     (TSJ):    0.071ns
    Discrete Jitter          (DJ):    0.113ns
    Phase Error              (PE):    0.000ns

    Location             Delay type                Incr(ns)  Path(ns)    Netlist Resource(s)
  -------------------------------------------------------------------    -------------------
                         (clock clk_out3_cnn_accelerator_system_clk_wiz_0_0 rise edge)
                                                      0.000     0.000 r  
    E3                                                0.000     0.000 r  CLK100MHZ (IN)
                         net (fo=0)                   0.000     0.000    CLK100MHZ
    E3                                                                r  CLK100MHZ_IBUF_inst/I
    E3                   IBUF (Prop_ibuf_I_O)         1.482     1.482 r  CLK100MHZ_IBUF_inst/O
                         net (fo=1, routed)           2.025     3.506    cnn_accelerator_system_i/util_ds_buf_0/U0/BUFG_I[0]
    BUFGCTRL_X0Y16                                                    r  cnn_accelerator_system_i/util_ds_buf_0/U0/USE_BUFG.GEN_BUFG[0].BUFG_U/I
    BUFGCTRL_X0Y16       BUFG (Prop_bufg_I_O)         0.096     3.602 r  cnn_accelerator_system_i/util_ds_buf_0/U0/USE_BUFG.GEN_BUFG[0].BUFG_U/O
                         net (fo=2, routed)           1.809     5.412    cnn_accelerator_system_i/clk_wiz_0/inst/clk_in1
    MMCME2_ADV_X0Y0                                                   r  cnn_accelerator_system_i/clk_wiz_0/inst/mmcm_adv_inst/CLKIN1
    MMCME2_ADV_X0Y0      MMCME2_ADV (Prop_mmcme2_adv_CLKIN1_CLKOUT2)
                                                     -3.922     1.490 r  cnn_accelerator_system_i/clk_wiz_0/inst/mmcm_adv_inst/CLKOUT2
                         net (fo=1, routed)           2.018     3.508    cnn_accelerator_system_i/clk_wiz_0/inst/clk_out3_cnn_accelerator_system_clk_wiz_0_0
    BUFGCTRL_X0Y2                                                     r  cnn_accelerator_system_i/clk_wiz_0/inst/clkout3_buf/I
    BUFGCTRL_X0Y2        BUFG (Prop_bufg_I_O)         0.096     3.604 r  cnn_accelerator_system_i/clk_wiz_0/inst/clkout3_buf/O
                         net (fo=54397, routed)       1.637     5.242    cnn_accelerator_system_i/cnn_accelerator_wino_0/inst/conv2/lane[2].u_mul/clk
    SLICE_X41Y93         FDRE                                         r  cnn_accelerator_system_i/cnn_accelerator_wino_0/inst/conv2/lane[2].u_mul/wm_op_q_reg[5]/C
  -------------------------------------------------------------------    -------------------
    SLICE_X41Y93         FDRE (Prop_fdre_C_Q)         0.456     5.698 r  cnn_accelerator_system_i/cnn_accelerator_wino_0/inst/conv2/lane[2].u_mul/wm_op_q_reg[5]/Q
                         net (fo=3, routed)           0.819     6.517    cnn_accelerator_system_i/cnn_accelerator_wino_0/inst/conv2/lane[2].u_mul/wm_op_q[5]
    SLICE_X41Y94                                                      r  cnn_accelerator_system_i/cnn_accelerator_wino_0/inst/conv2/lane[2].u_mul/g_wpe[4].wmem_op_reg_0_31_0_5_i_2/I0
    SLICE_X41Y94         LUT5 (Prop_lut5_I0_O)        0.124     6.641 r  cnn_accelerator_system_i/cnn_accelerator_wino_0/inst/conv2/lane[2].u_mul/g_wpe[4].wmem_op_reg_0_31_0_5_i_2/O
                         net (fo=16, routed)          1.685     8.326    cnn_accelerator_system_i/cnn_accelerator_wino_0/inst/conv2/lane[2].u_mul/g_wpe[4].wmem_op_reg_0_31_0_5_i_2_n_0
    SLICE_X69Y119                                                     r  cnn_accelerator_system_i/cnn_accelerator_wino_0/inst/conv2/lane[2].u_mul/g_wpe[26].wmem_op_reg_0_31_0_5_i_1/I0
    SLICE_X69Y119        LUT5 (Prop_lut5_I0_O)        0.124     8.450 r  cnn_accelerator_system_i/cnn_accelerator_wino_0/inst/conv2/lane[2].u_mul/g_wpe[26].wmem_op_reg_0_31_0_5_i_1/O
                         net (fo=16, routed)          1.330     9.780    cnn_accelerator_system_i/cnn_accelerator_wino_0/inst/conv2/lane[2].u_mul/g_wpe[26].wmem_op_reg_0_31_0_5/WE
    SLICE_X74Y135        RAMD32                                       r  cnn_accelerator_system_i/cnn_accelerator_wino_0/inst/conv2/lane[2].u_mul/g_wpe[26].wmem_op_reg_0_31_0_5/RAMB_D1/WE
  -------------------------------------------------------------------    -------------------

                         (clock clk_out3_cnn_accelerator_system_clk_wiz_0_0 rise edge)
                                                      5.000     5.000 r  
    E3                                                0.000     5.000 r  CLK100MHZ (IN)
                         net (fo=0)                   0.000     5.000    CLK100MHZ
    E3                                                                r  CLK100MHZ_IBUF_inst/I
    E3                   IBUF (Prop_ibuf_I_O)         1.411     6.411 r  CLK100MHZ_IBUF_inst/O
                         net (fo=1, routed)           1.920     8.331    cnn_accelerator_system_i/util_ds_buf_0/U0/BUFG_I[0]
    BUFGCTRL_X0Y16                                                    r  cnn_accelerator_system_i/util_ds_buf_0/U0/USE_BUFG.GEN_BUFG[0].BUFG_U/I
    BUFGCTRL_X0Y16       BUFG (Prop_bufg_I_O)         0.091     8.422 r  cnn_accelerator_system_i/util_ds_buf_0/U0/USE_BUFG.GEN_BUFG[0].BUFG_U/O
                         net (fo=2, routed)           1.683    10.105    cnn_accelerator_system_i/clk_wiz_0/inst/clk_in1
    MMCME2_ADV_X0Y0                                                   r  cnn_accelerator_system_i/clk_wiz_0/inst/mmcm_adv_inst/CLKIN1
    MMCME2_ADV_X0Y0      MMCME2_ADV (Prop_mmcme2_adv_CLKIN1_CLKOUT2)
                                                     -3.694     6.411 r  cnn_accelerator_system_i/clk_wiz_0/inst/mmcm_adv_inst/CLKOUT2
                         net (fo=1, routed)           1.923     8.334    cnn_accelerator_system_i/clk_wiz_0/inst/clk_out3_cnn_accelerator_system_clk_wiz_0_0
    BUFGCTRL_X0Y2                                                     r  cnn_accelerator_system_i/clk_wiz_0/inst/clkout3_buf/I
    BUFGCTRL_X0Y2        BUFG (Prop_bufg_I_O)         0.091     8.425 r  cnn_accelerator_system_i/clk_wiz_0/inst/clkout3_buf/O
                         net (fo=54397, routed)       1.579    10.004    cnn_accelerator_system_i/cnn_accelerator_wino_0/inst/conv2/lane[2].u_mul/g_wpe[26].wmem_op_reg_0_31_0_5/WCLK
    SLICE_X74Y135        RAMD32                                       r  cnn_accelerator_system_i/cnn_accelerator_wino_0/inst/conv2/lane[2].u_mul/g_wpe[26].wmem_op_reg_0_31_0_5/RAMB_D1/CLK
                         clock pessimism              0.179    10.183    
                         clock uncertainty           -0.067    10.116    
    SLICE_X74Y135        RAMD32 (Setup_ramd32_CLK_WE)
                                                     -0.533     9.583    cnn_accelerator_system_i/cnn_accelerator_wino_0/inst/conv2/lane[2].u_mul/g_wpe[26].wmem_op_reg_0_31_0_5/RAMB_D1
  -------------------------------------------------------------------
                         required time                          9.583    
                         arrival time                          -9.780    
  -------------------------------------------------------------------
                         slack                                 -0.197    

Slack (VIOLATED) :        -0.197ns  (required time - arrival time)
  Source:                 cnn_accelerator_system_i/cnn_accelerator_wino_0/inst/conv2/lane[2].u_mul/wm_op_q_reg[5]/C
                            (rising edge-triggered cell FDRE clocked by clk_out3_cnn_accelerator_system_clk_wiz_0_0  {rise@0.000ns fall@2.500ns period=5.000ns})
  Destination:            cnn_accelerator_system_i/cnn_accelerator_wino_0/inst/conv2/lane[2].u_mul/g_wpe[26].wmem_op_reg_0_31_0_5/RAMC/WE
                            (rising edge-triggered cell RAMD32 clocked by clk_out3_cnn_accelerator_system_clk_wiz_0_0  {rise@0.000ns fall@2.500ns period=5.000ns})
  Path Group:             clk_out3_cnn_accelerator_system_clk_wiz_0_0
  Path Type:              Setup (Max at Slow Process Corner)
  Requirement:            5.000ns  (clk_out3_cnn_accelerator_system_clk_wiz_0_0 rise@5.000ns - clk_out3_cnn_accelerator_system_clk_wiz_0_0 rise@0.000ns)
  Data Path Delay:        4.539ns  (logic 0.704ns (15.511%)  route 3.835ns (84.489%))
  Logic Levels:           2  (LUT5=2)
  Clock Path Skew:        -0.059ns (DCD - SCD + CPR)
    Destination Clock Delay (DCD):    5.004ns = ( 10.004 - 5.000 ) 
    Source Clock Delay      (SCD):    5.242ns
    Clock Pessimism Removal (CPR):    0.179ns
  Clock Uncertainty:      0.067ns  ((TSJ^2 + DJ^2)^1/2) / 2 + PE
    Total System Jitter     (TSJ):    0.071ns
    Discrete Jitter          (DJ):    0.113ns
    Phase Error              (PE):    0.000ns

    Location             Delay type                Incr(ns)  Path(ns)    Netlist Resource(s)
  -------------------------------------------------------------------    -------------------
                         (clock clk_out3_cnn_accelerator_system_clk_wiz_0_0 rise edge)
                                                      0.000     0.000 r  
    E3                                                0.000     0.000 r  CLK100MHZ (IN)
                         net (fo=0)                   0.000     0.000    CLK100MHZ
    E3                                                                r  CLK100MHZ_IBUF_inst/I
    E3                   IBUF (Prop_ibuf_I_O)         1.482     1.482 r  CLK100MHZ_IBUF_inst/O
                         net (fo=1, routed)           2.025     3.506    cnn_accelerator_system_i/util_ds_buf_0/U0/BUFG_I[0]
    BUFGCTRL_X0Y16                                                    r  cnn_accelerator_system_i/util_ds_buf_0/U0/USE_BUFG.GEN_BUFG[0].BUFG_U/I
    BUFGCTRL_X0Y16       BUFG (Prop_bufg_I_O)         0.096     3.602 r  cnn_accelerator_system_i/util_ds_buf_0/U0/USE_BUFG.GEN_BUFG[0].BUFG_U/O
                         net (fo=2, routed)           1.809     5.412    cnn_accelerator_system_i/clk_wiz_0/inst/clk_in1
    MMCME2_ADV_X0Y0                                                   r  cnn_accelerator_system_i/clk_wiz_0/inst/mmcm_adv_inst/CLKIN1
    MMCME2_ADV_X0Y0      MMCME2_ADV (Prop_mmcme2_adv_CLKIN1_CLKOUT2)
                                                     -3.922     1.490 r  cnn_accelerator_system_i/clk_wiz_0/inst/mmcm_adv_inst/CLKOUT2
                         net (fo=1, routed)           2.018     3.508    cnn_accelerator_system_i/clk_wiz_0/inst/clk_out3_cnn_accelerator_system_clk_wiz_0_0
    BUFGCTRL_X0Y2                                                     r  cnn_accelerator_system_i/clk_wiz_0/inst/clkout3_buf/I
    BUFGCTRL_X0Y2        BUFG (Prop_bufg_I_O)         0.096     3.604 r  cnn_accelerator_system_i/clk_wiz_0/inst/clkout3_buf/O
                         net (fo=54397, routed)       1.637     5.242    cnn_accelerator_system_i/cnn_accelerator_wino_0/inst/conv2/lane[2].u_mul/clk
    SLICE_X41Y93         FDRE                                         r  cnn_accelerator_system_i/cnn_accelerator_wino_0/inst/conv2/lane[2].u_mul/wm_op_q_reg[5]/C
  -------------------------------------------------------------------    -------------------
    SLICE_X41Y93         FDRE (Prop_fdre_C_Q)         0.456     5.698 r  cnn_accelerator_system_i/cnn_accelerator_wino_0/inst/conv2/lane[2].u_mul/wm_op_q_reg[5]/Q
                         net (fo=3, routed)           0.819     6.517    cnn_accelerator_system_i/cnn_accelerator_wino_0/inst/conv2/lane[2].u_mul/wm_op_q[5]
    SLICE_X41Y94                                                      r  cnn_accelerator_system_i/cnn_accelerator_wino_0/inst/conv2/lane[2].u_mul/g_wpe[4].wmem_op_reg_0_31_0_5_i_2/I0
    SLICE_X41Y94         LUT5 (Prop_lut5_I0_O)        0.124     6.641 r  cnn_accelerator_system_i/cnn_accelerator_wino_0/inst/conv2/lane[2].u_mul/g_wpe[4].wmem_op_reg_0_31_0_5_i_2/O
                         net (fo=16, routed)          1.685     8.326    cnn_accelerator_system_i/cnn_accelerator_wino_0/inst/conv2/lane[2].u_mul/g_wpe[4].wmem_op_reg_0_31_0_5_i_2_n_0
    SLICE_X69Y119                                                     r  cnn_accelerator_system_i/cnn_accelerator_wino_0/inst/conv2/lane[2].u_mul/g_wpe[26].wmem_op_reg_0_31_0_5_i_1/I0
    SLICE_X69Y119        LUT5 (Prop_lut5_I0_O)        0.124     8.450 r  cnn_accelerator_system_i/cnn_accelerator_wino_0/inst/conv2/lane[2].u_mul/g_wpe[26].wmem_op_reg_0_31_0_5_i_1/O
                         net (fo=16, routed)          1.330     9.780    cnn_accelerator_system_i/cnn_accelerator_wino_0/inst/conv2/lane[2].u_mul/g_wpe[26].wmem_op_reg_0_31_0_5/WE
    SLICE_X74Y135        RAMD32                                       r  cnn_accelerator_system_i/cnn_accelerator_wino_0/inst/conv2/lane[2].u_mul/g_wpe[26].wmem_op_reg_0_31_0_5/RAMC/WE
  -------------------------------------------------------------------    -------------------

                         (clock clk_out3_cnn_accelerator_system_clk_wiz_0_0 rise edge)
                                                      5.000     5.000 r  
    E3                                                0.000     5.000 r  CLK100MHZ (IN)
                         net (fo=0)                   0.000     5.000    CLK100MHZ
    E3                                                                r  CLK100MHZ_IBUF_inst/I
    E3                   IBUF (Prop_ibuf_I_O)         1.411     6.411 r  CLK100MHZ_IBUF_inst/O
                         net (fo=1, routed)           1.920     8.331    cnn_accelerator_system_i/util_ds_buf_0/U0/BUFG_I[0]
    BUFGCTRL_X0Y16                                                    r  cnn_accelerator_system_i/util_ds_buf_0/U0/USE_BUFG.GEN_BUFG[0].BUFG_U/I
    BUFGCTRL_X0Y16       BUFG (Prop_bufg_I_O)         0.091     8.422 r  cnn_accelerator_system_i/util_ds_buf_0/U0/USE_BUFG.GEN_BUFG[0].BUFG_U/O
                         net (fo=2, routed)           1.683    10.105    cnn_accelerator_system_i/clk_wiz_0/inst/clk_in1
    MMCME2_ADV_X0Y0                                                   r  cnn_accelerator_system_i/clk_wiz_0/inst/mmcm_adv_inst/CLKIN1
    MMCME2_ADV_X0Y0      MMCME2_ADV (Prop_mmcme2_adv_CLKIN1_CLKOUT2)
                                                     -3.694     6.411 r  cnn_accelerator_system_i/clk_wiz_0/inst/mmcm_adv_inst/CLKOUT2
                         net (fo=1, routed)           1.923     8.334    cnn_accelerator_system_i/clk_wiz_0/inst/clk_out3_cnn_accelerator_system_clk_wiz_0_0
    BUFGCTRL_X0Y2                                                     r  cnn_accelerator_system_i/clk_wiz_0/inst/clkout3_buf/I
    BUFGCTRL_X0Y2        BUFG (Prop_bufg_I_O)         0.091     8.425 r  cnn_accelerator_system_i/clk_wiz_0/inst/clkout3_buf/O
                         net (fo=54397, routed)       1.579    10.004    cnn_accelerator_system_i/cnn_accelerator_wino_0/inst/conv2/lane[2].u_mul/g_wpe[26].wmem_op_reg_0_31_0_5/WCLK
    SLICE_X74Y135        RAMD32                                       r  cnn_accelerator_system_i/cnn_accelerator_wino_0/inst/conv2/lane[2].u_mul/g_wpe[26].wmem_op_reg_0_31_0_5/RAMC/CLK
                         clock pessimism              0.179    10.183    
                         clock uncertainty           -0.067    10.116    
    SLICE_X74Y135        RAMD32 (Setup_ramd32_CLK_WE)
                                                     -0.533     9.583    cnn_accelerator_system_i/cnn_accelerator_wino_0/inst/conv2/lane[2].u_mul/g_wpe[26].wmem_op_reg_0_31_0_5/RAMC
  -------------------------------------------------------------------
                         required time                          9.583    
                         arrival time                          -9.780    
  -------------------------------------------------------------------
                         slack                                 -0.197    

Slack (VIOLATED) :        -0.197ns  (required time - arrival time)
  Source:                 cnn_accelerator_system_i/cnn_accelerator_wino_0/inst/conv2/lane[2].u_mul/wm_op_q_reg[5]/C
                            (rising edge-triggered cell FDRE clocked by clk_out3_cnn_accelerator_system_clk_wiz_0_0  {rise@0.000ns fall@2.500ns period=5.000ns})
  Destination:            cnn_accelerator_system_i/cnn_accelerator_wino_0/inst/conv2/lane[2].u_mul/g_wpe[26].wmem_op_reg_0_31_0_5/RAMC_D1/WE
                            (rising edge-triggered cell RAMD32 clocked by clk_out3_cnn_accelerator_system_clk_wiz_0_0  {rise@0.000ns fall@2.500ns period=5.000ns})
  Path Group:             clk_out3_cnn_accelerator_system_clk_wiz_0_0
  Path Type:              Setup (Max at Slow Process Corner)
  Requirement:            5.000ns  (clk_out3_cnn_accelerator_system_clk_wiz_0_0 rise@5.000ns - clk_out3_cnn_accelerator_system_clk_wiz_0_0 rise@0.000ns)
  Data Path Delay:        4.539ns  (logic 0.704ns (15.511%)  route 3.835ns (84.489%))
  Logic Levels:           2  (LUT5=2)
  Clock Path Skew:        -0.059ns (DCD - SCD + CPR)
    Destination Clock Delay (DCD):    5.004ns = ( 10.004 - 5.000 ) 
    Source Clock Delay      (SCD):    5.242ns
    Clock Pessimism Removal (CPR):    0.179ns
  Clock Uncertainty:      0.067ns  ((TSJ^2 + DJ^2)^1/2) / 2 + PE
    Total System Jitter     (TSJ):    0.071ns
    Discrete Jitter          (DJ):    0.113ns
    Phase Error              (PE):    0.000ns

    Location             Delay type                Incr(ns)  Path(ns)    Netlist Resource(s)
  -------------------------------------------------------------------    -------------------
                         (clock clk_out3_cnn_accelerator_system_clk_wiz_0_0 rise edge)
                                                      0.000     0.000 r  
    E3                                                0.000     0.000 r  CLK100MHZ (IN)
                         net (fo=0)                   0.000     0.000    CLK100MHZ
    E3                                                                r  CLK100MHZ_IBUF_inst/I
    E3                   IBUF (Prop_ibuf_I_O)         1.482     1.482 r  CLK100MHZ_IBUF_inst/O
                         net (fo=1, routed)           2.025     3.506    cnn_accelerator_system_i/util_ds_buf_0/U0/BUFG_I[0]
    BUFGCTRL_X0Y16                                                    r  cnn_accelerator_system_i/util_ds_buf_0/U0/USE_BUFG.GEN_BUFG[0].BUFG_U/I
    BUFGCTRL_X0Y16       BUFG (Prop_bufg_I_O)         0.096     3.602 r  cnn_accelerator_system_i/util_ds_buf_0/U0/USE_BUFG.GEN_BUFG[0].BUFG_U/O
                         net (fo=2, routed)           1.809     5.412    cnn_accelerator_system_i/clk_wiz_0/inst/clk_in1
    MMCME2_ADV_X0Y0                                                   r  cnn_accelerator_system_i/clk_wiz_0/inst/mmcm_adv_inst/CLKIN1
    MMCME2_ADV_X0Y0      MMCME2_ADV (Prop_mmcme2_adv_CLKIN1_CLKOUT2)
                                                     -3.922     1.490 r  cnn_accelerator_system_i/clk_wiz_0/inst/mmcm_adv_inst/CLKOUT2
                         net (fo=1, routed)           2.018     3.508    cnn_accelerator_system_i/clk_wiz_0/inst/clk_out3_cnn_accelerator_system_clk_wiz_0_0
    BUFGCTRL_X0Y2                                                     r  cnn_accelerator_system_i/clk_wiz_0/inst/clkout3_buf/I
    BUFGCTRL_X0Y2        BUFG (Prop_bufg_I_O)         0.096     3.604 r  cnn_accelerator_system_i/clk_wiz_0/inst/clkout3_buf/O
                         net (fo=54397, routed)       1.637     5.242    cnn_accelerator_system_i/cnn_accelerator_wino_0/inst/conv2/lane[2].u_mul/clk
    SLICE_X41Y93         FDRE                                         r  cnn_accelerator_system_i/cnn_accelerator_wino_0/inst/conv2/lane[2].u_mul/wm_op_q_reg[5]/C
  -------------------------------------------------------------------    -------------------
    SLICE_X41Y93         FDRE (Prop_fdre_C_Q)         0.456     5.698 r  cnn_accelerator_system_i/cnn_accelerator_wino_0/inst/conv2/lane[2].u_mul/wm_op_q_reg[5]/Q
                         net (fo=3, routed)           0.819     6.517    cnn_accelerator_system_i/cnn_accelerator_wino_0/inst/conv2/lane[2].u_mul/wm_op_q[5]
    SLICE_X41Y94                                                      r  cnn_accelerator_system_i/cnn_accelerator_wino_0/inst/conv2/lane[2].u_mul/g_wpe[4].wmem_op_reg_0_31_0_5_i_2/I0
    SLICE_X41Y94         LUT5 (Prop_lut5_I0_O)        0.124     6.641 r  cnn_accelerator_system_i/cnn_accelerator_wino_0/inst/conv2/lane[2].u_mul/g_wpe[4].wmem_op_reg_0_31_0_5_i_2/O
                         net (fo=16, routed)          1.685     8.326    cnn_accelerator_system_i/cnn_accelerator_wino_0/inst/conv2/lane[2].u_mul/g_wpe[4].wmem_op_reg_0_31_0_5_i_2_n_0
    SLICE_X69Y119                                                     r  cnn_accelerator_system_i/cnn_accelerator_wino_0/inst/conv2/lane[2].u_mul/g_wpe[26].wmem_op_reg_0_31_0_5_i_1/I0
    SLICE_X69Y119        LUT5 (Prop_lut5_I0_O)        0.124     8.450 r  cnn_accelerator_system_i/cnn_accelerator_wino_0/inst/conv2/lane[2].u_mul/g_wpe[26].wmem_op_reg_0_31_0_5_i_1/O
                         net (fo=16, routed)          1.330     9.780    cnn_accelerator_system_i/cnn_accelerator_wino_0/inst/conv2/lane[2].u_mul/g_wpe[26].wmem_op_reg_0_31_0_5/WE
    SLICE_X74Y135        RAMD32                                       r  cnn_accelerator_system_i/cnn_accelerator_wino_0/inst/conv2/lane[2].u_mul/g_wpe[26].wmem_op_reg_0_31_0_5/RAMC_D1/WE
  -------------------------------------------------------------------    -------------------

                         (clock clk_out3_cnn_accelerator_system_clk_wiz_0_0 rise edge)
                                                      5.000     5.000 r  
    E3                                                0.000     5.000 r  CLK100MHZ (IN)
                         net (fo=0)                   0.000     5.000    CLK100MHZ
    E3                                                                r  CLK100MHZ_IBUF_inst/I
    E3                   IBUF (Prop_ibuf_I_O)         1.411     6.411 r  CLK100MHZ_IBUF_inst/O
                         net (fo=1, routed)           1.920     8.331    cnn_accelerator_system_i/util_ds_buf_0/U0/BUFG_I[0]
    BUFGCTRL_X0Y16                                                    r  cnn_accelerator_system_i/util_ds_buf_0/U0/USE_BUFG.GEN_BUFG[0].BUFG_U/I
    BUFGCTRL_X0Y16       BUFG (Prop_bufg_I_O)         0.091     8.422 r  cnn_accelerator_system_i/util_ds_buf_0/U0/USE_BUFG.GEN_BUFG[0].BUFG_U/O
                         net (fo=2, routed)           1.683    10.105    cnn_accelerator_system_i/clk_wiz_0/inst/clk_in1
    MMCME2_ADV_X0Y0                                                   r  cnn_accelerator_system_i/clk_wiz_0/inst/mmcm_adv_inst/CLKIN1
    MMCME2_ADV_X0Y0      MMCME2_ADV (Prop_mmcme2_adv_CLKIN1_CLKOUT2)
                                                     -3.694     6.411 r  cnn_accelerator_system_i/clk_wiz_0/inst/mmcm_adv_inst/CLKOUT2
                         net (fo=1, routed)           1.923     8.334    cnn_accelerator_system_i/clk_wiz_0/inst/clk_out3_cnn_accelerator_system_clk_wiz_0_0
    BUFGCTRL_X0Y2                                                     r  cnn_accelerator_system_i/clk_wiz_0/inst/clkout3_buf/I
    BUFGCTRL_X0Y2        BUFG (Prop_bufg_I_O)         0.091     8.425 r  cnn_accelerator_system_i/clk_wiz_0/inst/clkout3_buf/O
                         net (fo=54397, routed)       1.579    10.004    cnn_accelerator_system_i/cnn_accelerator_wino_0/inst/conv2/lane[2].u_mul/g_wpe[26].wmem_op_reg_0_31_0_5/WCLK
    SLICE_X74Y135        RAMD32                                       r  cnn_accelerator_system_i/cnn_accelerator_wino_0/inst/conv2/lane[2].u_mul/g_wpe[26].wmem_op_reg_0_31_0_5/RAMC_D1/CLK
                         clock pessimism              0.179    10.183    
                         clock uncertainty           -0.067    10.116    
    SLICE_X74Y135        RAMD32 (Setup_ramd32_CLK_WE)
                                                     -0.533     9.583    cnn_accelerator_system_i/cnn_accelerator_wino_0/inst/conv2/lane[2].u_mul/g_wpe[26].wmem_op_reg_0_31_0_5/RAMC_D1
  -------------------------------------------------------------------
                         required time                          9.583    
                         arrival time                          -9.780    
  -------------------------------------------------------------------
                         slack                                 -0.197    

Slack (VIOLATED) :        -0.197ns  (required time - arrival time)
  Source:                 cnn_accelerator_system_i/cnn_accelerator_wino_0/inst/conv2/lane[2].u_mul/wm_op_q_reg[5]/C
                            (rising edge-triggered cell FDRE clocked by clk_out3_cnn_accelerator_system_clk_wiz_0_0  {rise@0.000ns fall@2.500ns period=5.000ns})
  Destination:            cnn_accelerator_system_i/cnn_accelerator_wino_0/inst/conv2/lane[2].u_mul/g_wpe[26].wmem_op_reg_0_31_0_5/RAMD/WE
                            (rising edge-triggered cell RAMS32 clocked by clk_out3_cnn_accelerator_system_clk_wiz_0_0  {rise@0.000ns fall@2.500ns period=5.000ns})
  Path Group:             clk_out3_cnn_accelerator_system_clk_wiz_0_0
  Path Type:              Setup (Max at Slow Process Corner)
  Requirement:            5.000ns  (clk_out3_cnn_accelerator_system_clk_wiz_0_0 rise@5.000ns - clk_out3_cnn_accelerator_system_clk_wiz_0_0 rise@0.000ns)
  Data Path Delay:        4.539ns  (logic 0.704ns (15.511%)  route 3.835ns (84.489%))
  Logic Levels:           2  (LUT5=2)
  Clock Path Skew:        -0.059ns (DCD - SCD + CPR)
    Destination Clock Delay (DCD):    5.004ns = ( 10.004 - 5.000 ) 
    Source Clock Delay      (SCD):    5.242ns
    Clock Pessimism Removal (CPR):    0.179ns
  Clock Uncertainty:      0.067ns  ((TSJ^2 + DJ^2)^1/2) / 2 + PE
    Total System Jitter     (TSJ):    0.071ns
    Discrete Jitter          (DJ):    0.113ns
    Phase Error              (PE):    0.000ns

    Location             Delay type                Incr(ns)  Path(ns)    Netlist Resource(s)
  -------------------------------------------------------------------    -------------------
                         (clock clk_out3_cnn_accelerator_system_clk_wiz_0_0 rise edge)
                                                      0.000     0.000 r  
    E3                                                0.000     0.000 r  CLK100MHZ (IN)
                         net (fo=0)                   0.000     0.000    CLK100MHZ
    E3                                                                r  CLK100MHZ_IBUF_inst/I
    E3                   IBUF (Prop_ibuf_I_O)         1.482     1.482 r  CLK100MHZ_IBUF_inst/O
                         net (fo=1, routed)           2.025     3.506    cnn_accelerator_system_i/util_ds_buf_0/U0/BUFG_I[0]
    BUFGCTRL_X0Y16                                                    r  cnn_accelerator_system_i/util_ds_buf_0/U0/USE_BUFG.GEN_BUFG[0].BUFG_U/I
    BUFGCTRL_X0Y16       BUFG (Prop_bufg_I_O)         0.096     3.602 r  cnn_accelerator_system_i/util_ds_buf_0/U0/USE_BUFG.GEN_BUFG[0].BUFG_U/O
                         net (fo=2, routed)           1.809     5.412    cnn_accelerator_system_i/clk_wiz_0/inst/clk_in1
    MMCME2_ADV_X0Y0                                                   r  cnn_accelerator_system_i/clk_wiz_0/inst/mmcm_adv_inst/CLKIN1
    MMCME2_ADV_X0Y0      MMCME2_ADV (Prop_mmcme2_adv_CLKIN1_CLKOUT2)
                                                     -3.922     1.490 r  cnn_accelerator_system_i/clk_wiz_0/inst/mmcm_adv_inst/CLKOUT2
                         net (fo=1, routed)           2.018     3.508    cnn_accelerator_system_i/clk_wiz_0/inst/clk_out3_cnn_accelerator_system_clk_wiz_0_0
    BUFGCTRL_X0Y2                                                     r  cnn_accelerator_system_i/clk_wiz_0/inst/clkout3_buf/I
    BUFGCTRL_X0Y2        BUFG (Prop_bufg_I_O)         0.096     3.604 r  cnn_accelerator_system_i/clk_wiz_0/inst/clkout3_buf/O
                         net (fo=54397, routed)       1.637     5.242    cnn_accelerator_system_i/cnn_accelerator_wino_0/inst/conv2/lane[2].u_mul/clk
    SLICE_X41Y93         FDRE                                         r  cnn_accelerator_system_i/cnn_accelerator_wino_0/inst/conv2/lane[2].u_mul/wm_op_q_reg[5]/C
  -------------------------------------------------------------------    -------------------
    SLICE_X41Y93         FDRE (Prop_fdre_C_Q)         0.456     5.698 r  cnn_accelerator_system_i/cnn_accelerator_wino_0/inst/conv2/lane[2].u_mul/wm_op_q_reg[5]/Q
                         net (fo=3, routed)           0.819     6.517    cnn_accelerator_system_i/cnn_accelerator_wino_0/inst/conv2/lane[2].u_mul/wm_op_q[5]
    SLICE_X41Y94                                                      r  cnn_accelerator_system_i/cnn_accelerator_wino_0/inst/conv2/lane[2].u_mul/g_wpe[4].wmem_op_reg_0_31_0_5_i_2/I0
    SLICE_X41Y94         LUT5 (Prop_lut5_I0_O)        0.124     6.641 r  cnn_accelerator_system_i/cnn_accelerator_wino_0/inst/conv2/lane[2].u_mul/g_wpe[4].wmem_op_reg_0_31_0_5_i_2/O
                         net (fo=16, routed)          1.685     8.326    cnn_accelerator_system_i/cnn_accelerator_wino_0/inst/conv2/lane[2].u_mul/g_wpe[4].wmem_op_reg_0_31_0_5_i_2_n_0
    SLICE_X69Y119                                                     r  cnn_accelerator_system_i/cnn_accelerator_wino_0/inst/conv2/lane[2].u_mul/g_wpe[26].wmem_op_reg_0_31_0_5_i_1/I0
    SLICE_X69Y119        LUT5 (Prop_lut5_I0_O)        0.124     8.450 r  cnn_accelerator_system_i/cnn_accelerator_wino_0/inst/conv2/lane[2].u_mul/g_wpe[26].wmem_op_reg_0_31_0_5_i_1/O
                         net (fo=16, routed)          1.330     9.780    cnn_accelerator_system_i/cnn_accelerator_wino_0/inst/conv2/lane[2].u_mul/g_wpe[26].wmem_op_reg_0_31_0_5/WE
    SLICE_X74Y135        RAMS32                                       r  cnn_accelerator_system_i/cnn_accelerator_wino_0/inst/conv2/lane[2].u_mul/g_wpe[26].wmem_op_reg_0_31_0_5/RAMD/WE
  -------------------------------------------------------------------    -------------------

                         (clock clk_out3_cnn_accelerator_system_clk_wiz_0_0 rise edge)
                                                      5.000     5.000 r  
    E3                                                0.000     5.000 r  CLK100MHZ (IN)
                         net (fo=0)                   0.000     5.000    CLK100MHZ
    E3                                                                r  CLK100MHZ_IBUF_inst/I
    E3                   IBUF (Prop_ibuf_I_O)         1.411     6.411 r  CLK100MHZ_IBUF_inst/O
                         net (fo=1, routed)           1.920     8.331    cnn_accelerator_system_i/util_ds_buf_0/U0/BUFG_I[0]
    BUFGCTRL_X0Y16                                                    r  cnn_accelerator_system_i/util_ds_buf_0/U0/USE_BUFG.GEN_BUFG[0].BUFG_U/I
    BUFGCTRL_X0Y16       BUFG (Prop_bufg_I_O)         0.091     8.422 r  cnn_accelerator_system_i/util_ds_buf_0/U0/USE_BUFG.GEN_BUFG[0].BUFG_U/O
                         net (fo=2, routed)           1.683    10.105    cnn_accelerator_system_i/clk_wiz_0/inst/clk_in1
    MMCME2_ADV_X0Y0                                                   r  cnn_accelerator_system_i/clk_wiz_0/inst/mmcm_adv_inst/CLKIN1
    MMCME2_ADV_X0Y0      MMCME2_ADV (Prop_mmcme2_adv_CLKIN1_CLKOUT2)
                                                     -3.694     6.411 r  cnn_accelerator_system_i/clk_wiz_0/inst/mmcm_adv_inst/CLKOUT2
                         net (fo=1, routed)           1.923     8.334    cnn_accelerator_system_i/clk_wiz_0/inst/clk_out3_cnn_accelerator_system_clk_wiz_0_0
    BUFGCTRL_X0Y2                                                     r  cnn_accelerator_system_i/clk_wiz_0/inst/clkout3_buf/I
    BUFGCTRL_X0Y2        BUFG (Prop_bufg_I_O)         0.091     8.425 r  cnn_accelerator_system_i/clk_wiz_0/inst/clkout3_buf/O
                         net (fo=54397, routed)       1.579    10.004    cnn_accelerator_system_i/cnn_accelerator_wino_0/inst/conv2/lane[2].u_mul/g_wpe[26].wmem_op_reg_0_31_0_5/WCLK
    SLICE_X74Y135        RAMS32                                       r  cnn_accelerator_system_i/cnn_accelerator_wino_0/inst/conv2/lane[2].u_mul/g_wpe[26].wmem_op_reg_0_31_0_5/RAMD/CLK
                         clock pessimism              0.179    10.183    
                         clock uncertainty           -0.067    10.116    
    SLICE_X74Y135        RAMS32 (Setup_rams32_CLK_WE)
                                                     -0.533     9.583    cnn_accelerator_system_i/cnn_accelerator_wino_0/inst/conv2/lane[2].u_mul/g_wpe[26].wmem_op_reg_0_31_0_5/RAMD
  -------------------------------------------------------------------
                         required time                          9.583    
                         arrival time                          -9.780    
  -------------------------------------------------------------------
                         slack                                 -0.197    

Slack (VIOLATED) :        -0.197ns  (required time - arrival time)
  Source:                 cnn_accelerator_system_i/cnn_accelerator_wino_0/inst/conv2/lane[2].u_mul/wm_op_q_reg[5]/C
                            (rising edge-triggered cell FDRE clocked by clk_out3_cnn_accelerator_system_clk_wiz_0_0  {rise@0.000ns fall@2.500ns period=5.000ns})
  Destination:            cnn_accelerator_system_i/cnn_accelerator_wino_0/inst/conv2/lane[2].u_mul/g_wpe[26].wmem_op_reg_0_31_0_5/RAMD_D1/WE
                            (rising edge-triggered cell RAMS32 clocked by clk_out3_cnn_accelerator_system_clk_wiz_0_0  {rise@0.000ns fall@2.500ns period=5.000ns})
  Path Group:             clk_out3_cnn_accelerator_system_clk_wiz_0_0
  Path Type:              Setup (Max at Slow Process Corner)
  Requirement:            5.000ns  (clk_out3_cnn_accelerator_system_clk_wiz_0_0 rise@5.000ns - clk_out3_cnn_accelerator_system_clk_wiz_0_0 rise@0.000ns)
  Data Path Delay:        4.539ns  (logic 0.704ns (15.511%)  route 3.835ns (84.489%))
  Logic Levels:           2  (LUT5=2)
  Clock Path Skew:        -0.059ns (DCD - SCD + CPR)
    Destination Clock Delay (DCD):    5.004ns = ( 10.004 - 5.000 ) 
    Source Clock Delay      (SCD):    5.242ns
    Clock Pessimism Removal (CPR):    0.179ns
  Clock Uncertainty:      0.067ns  ((TSJ^2 + DJ^2)^1/2) / 2 + PE
    Total System Jitter     (TSJ):    0.071ns
    Discrete Jitter          (DJ):    0.113ns
    Phase Error              (PE):    0.000ns

    Location             Delay type                Incr(ns)  Path(ns)    Netlist Resource(s)
  -------------------------------------------------------------------    -------------------
                         (clock clk_out3_cnn_accelerator_system_clk_wiz_0_0 rise edge)
                                                      0.000     0.000 r  
    E3                                                0.000     0.000 r  CLK100MHZ (IN)
                         net (fo=0)                   0.000     0.000    CLK100MHZ
    E3                                                                r  CLK100MHZ_IBUF_inst/I
    E3                   IBUF (Prop_ibuf_I_O)         1.482     1.482 r  CLK100MHZ_IBUF_inst/O
                         net (fo=1, routed)           2.025     3.506    cnn_accelerator_system_i/util_ds_buf_0/U0/BUFG_I[0]
    BUFGCTRL_X0Y16                                                    r  cnn_accelerator_system_i/util_ds_buf_0/U0/USE_BUFG.GEN_BUFG[0].BUFG_U/I
    BUFGCTRL_X0Y16       BUFG (Prop_bufg_I_O)         0.096     3.602 r  cnn_accelerator_system_i/util_ds_buf_0/U0/USE_BUFG.GEN_BUFG[0].BUFG_U/O
                         net (fo=2, routed)           1.809     5.412    cnn_accelerator_system_i/clk_wiz_0/inst/clk_in1
    MMCME2_ADV_X0Y0                                                   r  cnn_accelerator_system_i/clk_wiz_0/inst/mmcm_adv_inst/CLKIN1
    MMCME2_ADV_X0Y0      MMCME2_ADV (Prop_mmcme2_adv_CLKIN1_CLKOUT2)
                                                     -3.922     1.490 r  cnn_accelerator_system_i/clk_wiz_0/inst/mmcm_adv_inst/CLKOUT2
                         net (fo=1, routed)           2.018     3.508    cnn_accelerator_system_i/clk_wiz_0/inst/clk_out3_cnn_accelerator_system_clk_wiz_0_0
    BUFGCTRL_X0Y2                                                     r  cnn_accelerator_system_i/clk_wiz_0/inst/clkout3_buf/I
    BUFGCTRL_X0Y2        BUFG (Prop_bufg_I_O)         0.096     3.604 r  cnn_accelerator_system_i/clk_wiz_0/inst/clkout3_buf/O
                         net (fo=54397, routed)       1.637     5.242    cnn_accelerator_system_i/cnn_accelerator_wino_0/inst/conv2/lane[2].u_mul/clk
    SLICE_X41Y93         FDRE                                         r  cnn_accelerator_system_i/cnn_accelerator_wino_0/inst/conv2/lane[2].u_mul/wm_op_q_reg[5]/C
  -------------------------------------------------------------------    -------------------
    SLICE_X41Y93         FDRE (Prop_fdre_C_Q)         0.456     5.698 r  cnn_accelerator_system_i/cnn_accelerator_wino_0/inst/conv2/lane[2].u_mul/wm_op_q_reg[5]/Q
                         net (fo=3, routed)           0.819     6.517    cnn_accelerator_system_i/cnn_accelerator_wino_0/inst/conv2/lane[2].u_mul/wm_op_q[5]
    SLICE_X41Y94                                                      r  cnn_accelerator_system_i/cnn_accelerator_wino_0/inst/conv2/lane[2].u_mul/g_wpe[4].wmem_op_reg_0_31_0_5_i_2/I0
    SLICE_X41Y94         LUT5 (Prop_lut5_I0_O)        0.124     6.641 r  cnn_accelerator_system_i/cnn_accelerator_wino_0/inst/conv2/lane[2].u_mul/g_wpe[4].wmem_op_reg_0_31_0_5_i_2/O
                         net (fo=16, routed)          1.685     8.326    cnn_accelerator_system_i/cnn_accelerator_wino_0/inst/conv2/lane[2].u_mul/g_wpe[4].wmem_op_reg_0_31_0_5_i_2_n_0
    SLICE_X69Y119                                                     r  cnn_accelerator_system_i/cnn_accelerator_wino_0/inst/conv2/lane[2].u_mul/g_wpe[26].wmem_op_reg_0_31_0_5_i_1/I0
    SLICE_X69Y119        LUT5 (Prop_lut5_I0_O)        0.124     8.450 r  cnn_accelerator_system_i/cnn_accelerator_wino_0/inst/conv2/lane[2].u_mul/g_wpe[26].wmem_op_reg_0_31_0_5_i_1/O
                         net (fo=16, routed)          1.330     9.780    cnn_accelerator_system_i/cnn_accelerator_wino_0/inst/conv2/lane[2].u_mul/g_wpe[26].wmem_op_reg_0_31_0_5/WE
    SLICE_X74Y135        RAMS32                                       r  cnn_accelerator_system_i/cnn_accelerator_wino_0/inst/conv2/lane[2].u_mul/g_wpe[26].wmem_op_reg_0_31_0_5/RAMD_D1/WE
  -------------------------------------------------------------------    -------------------

                         (clock clk_out3_cnn_accelerator_system_clk_wiz_0_0 rise edge)
                                                      5.000     5.000 r  
    E3                                                0.000     5.000 r  CLK100MHZ (IN)
                         net (fo=0)                   0.000     5.000    CLK100MHZ
    E3                                                                r  CLK100MHZ_IBUF_inst/I
    E3                   IBUF (Prop_ibuf_I_O)         1.411     6.411 r  CLK100MHZ_IBUF_inst/O
                         net (fo=1, routed)           1.920     8.331    cnn_accelerator_system_i/util_ds_buf_0/U0/BUFG_I[0]
    BUFGCTRL_X0Y16                                                    r  cnn_accelerator_system_i/util_ds_buf_0/U0/USE_BUFG.GEN_BUFG[0].BUFG_U/I
    BUFGCTRL_X0Y16       BUFG (Prop_bufg_I_O)         0.091     8.422 r  cnn_accelerator_system_i/util_ds_buf_0/U0/USE_BUFG.GEN_BUFG[0].BUFG_U/O
                         net (fo=2, routed)           1.683    10.105    cnn_accelerator_system_i/clk_wiz_0/inst/clk_in1
    MMCME2_ADV_X0Y0                                                   r  cnn_accelerator_system_i/clk_wiz_0/inst/mmcm_adv_inst/CLKIN1
    MMCME2_ADV_X0Y0      MMCME2_ADV (Prop_mmcme2_adv_CLKIN1_CLKOUT2)
                                                     -3.694     6.411 r  cnn_accelerator_system_i/clk_wiz_0/inst/mmcm_adv_inst/CLKOUT2
                         net (fo=1, routed)           1.923     8.334    cnn_accelerator_system_i/clk_wiz_0/inst/clk_out3_cnn_accelerator_system_clk_wiz_0_0
    BUFGCTRL_X0Y2                                                     r  cnn_accelerator_system_i/clk_wiz_0/inst/clkout3_buf/I
    BUFGCTRL_X0Y2        BUFG (Prop_bufg_I_O)         0.091     8.425 r  cnn_accelerator_system_i/clk_wiz_0/inst/clkout3_buf/O
                         net (fo=54397, routed)       1.579    10.004    cnn_accelerator_system_i/cnn_accelerator_wino_0/inst/conv2/lane[2].u_mul/g_wpe[26].wmem_op_reg_0_31_0_5/WCLK
    SLICE_X74Y135        RAMS32                                       r  cnn_accelerator_system_i/cnn_accelerator_wino_0/inst/conv2/lane[2].u_mul/g_wpe[26].wmem_op_reg_0_31_0_5/RAMD_D1/CLK
                         clock pessimism              0.179    10.183    
                         clock uncertainty           -0.067    10.116    
    SLICE_X74Y135        RAMS32 (Setup_rams32_CLK_WE)
                                                     -0.533     9.583    cnn_accelerator_system_i/cnn_accelerator_wino_0/inst/conv2/lane[2].u_mul/g_wpe[26].wmem_op_reg_0_31_0_5/RAMD_D1
  -------------------------------------------------------------------
                         required time                          9.583    
                         arrival time                          -9.780    
  -------------------------------------------------------------------
                         slack                                 -0.197    

Slack (VIOLATED) :        -0.189ns  (required time - arrival time)
  Source:                 cnn_accelerator_system_i/cnn_accelerator_wino_0/inst/conv2/grp_q_reg_rep__94/C
                            (rising edge-triggered cell FDRE clocked by clk_out3_cnn_accelerator_system_clk_wiz_0_0  {rise@0.000ns fall@2.500ns period=5.000ns})
  Destination:            cnn_accelerator_system_i/cnn_accelerator_wino_0/inst/conv2/gic[0].u_it/tre_reg[2][5][5]/D
                            (rising edge-triggered cell FDRE clocked by clk_out3_cnn_accelerator_system_clk_wiz_0_0  {rise@0.000ns fall@2.500ns period=5.000ns})
  Path Group:             clk_out3_cnn_accelerator_system_clk_wiz_0_0
  Path Type:              Setup (Max at Slow Process Corner)
  Requirement:            5.000ns  (clk_out3_cnn_accelerator_system_clk_wiz_0_0 rise@5.000ns - clk_out3_cnn_accelerator_system_clk_wiz_0_0 rise@0.000ns)
  Data Path Delay:        5.118ns  (logic 1.809ns (35.349%)  route 3.309ns (64.651%))
  Logic Levels:           4  (CARRY4=2 LUT3=2)
  Clock Path Skew:        -0.114ns (DCD - SCD + CPR)
    Destination Clock Delay (DCD):    5.016ns = ( 10.016 - 5.000 ) 
    Source Clock Delay      (SCD):    5.308ns
    Clock Pessimism Removal (CPR):    0.179ns
  Clock Uncertainty:      0.067ns  ((TSJ^2 + DJ^2)^1/2) / 2 + PE
    Total System Jitter     (TSJ):    0.071ns
    Discrete Jitter          (DJ):    0.113ns
    Phase Error              (PE):    0.000ns

    Location             Delay type                Incr(ns)  Path(ns)    Netlist Resource(s)
  -------------------------------------------------------------------    -------------------
                         (clock clk_out3_cnn_accelerator_system_clk_wiz_0_0 rise edge)
                                                      0.000     0.000 r  
    E3                                                0.000     0.000 r  CLK100MHZ (IN)
                         net (fo=0)                   0.000     0.000    CLK100MHZ
    E3                                                                r  CLK100MHZ_IBUF_inst/I
    E3                   IBUF (Prop_ibuf_I_O)         1.482     1.482 r  CLK100MHZ_IBUF_inst/O
                         net (fo=1, routed)           2.025     3.506    cnn_accelerator_system_i/util_ds_buf_0/U0/BUFG_I[0]
    BUFGCTRL_X0Y16                                                    r  cnn_accelerator_system_i/util_ds_buf_0/U0/USE_BUFG.GEN_BUFG[0].BUFG_U/I
    BUFGCTRL_X0Y16       BUFG (Prop_bufg_I_O)         0.096     3.602 r  cnn_accelerator_system_i/util_ds_buf_0/U0/USE_BUFG.GEN_BUFG[0].BUFG_U/O
                         net (fo=2, routed)           1.809     5.412    cnn_accelerator_system_i/clk_wiz_0/inst/clk_in1
    MMCME2_ADV_X0Y0                                                   r  cnn_accelerator_system_i/clk_wiz_0/inst/mmcm_adv_inst/CLKIN1
    MMCME2_ADV_X0Y0      MMCME2_ADV (Prop_mmcme2_adv_CLKIN1_CLKOUT2)
                                                     -3.922     1.490 r  cnn_accelerator_system_i/clk_wiz_0/inst/mmcm_adv_inst/CLKOUT2
                         net (fo=1, routed)           2.018     3.508    cnn_accelerator_system_i/clk_wiz_0/inst/clk_out3_cnn_accelerator_system_clk_wiz_0_0
    BUFGCTRL_X0Y2                                                     r  cnn_accelerator_system_i/clk_wiz_0/inst/clkout3_buf/I
    BUFGCTRL_X0Y2        BUFG (Prop_bufg_I_O)         0.096     3.604 r  cnn_accelerator_system_i/clk_wiz_0/inst/clkout3_buf/O
                         net (fo=54397, routed)       1.704     5.308    cnn_accelerator_system_i/cnn_accelerator_wino_0/inst/conv2/clk
    SLICE_X75Y100        FDRE                                         r  cnn_accelerator_system_i/cnn_accelerator_wino_0/inst/conv2/grp_q_reg_rep__94/C
  -------------------------------------------------------------------    -------------------
    SLICE_X75Y100        FDRE (Prop_fdre_C_Q)         0.456     5.764 r  cnn_accelerator_system_i/cnn_accelerator_wino_0/inst/conv2/grp_q_reg_rep__94/Q
                         net (fo=8, routed)           1.647     7.411    cnn_accelerator_system_i/cnn_accelerator_wino_0/inst/conv2/gic[0].u_it/i___199_1
    SLICE_X72Y79                                                      r  cnn_accelerator_system_i/cnn_accelerator_wino_0/inst/conv2/gic[0].u_it/i___199_i_2/I1
    SLICE_X72Y79         LUT3 (Prop_lut3_I1_O)        0.153     7.564 r  cnn_accelerator_system_i/cnn_accelerator_wino_0/inst/conv2/gic[0].u_it/i___199_i_2/O
                         net (fo=9, routed)           0.832     8.396    cnn_accelerator_system_i/cnn_accelerator_wino_0/inst/conv2/gic[0].u_it/gic[0].d_flat_ic[232]
    SLICE_X77Y79                                                      r  cnn_accelerator_system_i/cnn_accelerator_wino_0/inst/conv2/gic[0].u_it/tre[2][5][3]_i_5/I0
    SLICE_X77Y79         LUT3 (Prop_lut3_I0_O)        0.327     8.723 r  cnn_accelerator_system_i/cnn_accelerator_wino_0/inst/conv2/gic[0].u_it/tre[2][5][3]_i_5/O
                         net (fo=1, routed)           0.830     9.553    cnn_accelerator_system_i/cnn_accelerator_wino_0/inst/conv2/gic[0].u_it/tre[2][5][3]_i_5_n_0
    SLICE_X74Y86                                                      r  cnn_accelerator_system_i/cnn_accelerator_wino_0/inst/conv2/gic[0].u_it/tre_reg[2][5][3]_i_1/DI[0]
    SLICE_X74Y86         CARRY4 (Prop_carry4_DI[0]_CO[3])
                                                      0.550    10.103 r  cnn_accelerator_system_i/cnn_accelerator_wino_0/inst/conv2/gic[0].u_it/tre_reg[2][5][3]_i_1/CO[3]
                         net (fo=1, routed)           0.000    10.103    cnn_accelerator_system_i/cnn_accelerator_wino_0/inst/conv2/gic[0].u_it/tre_reg[2][5][3]_i_1_n_0
    SLICE_X74Y87                                                      r  cnn_accelerator_system_i/cnn_accelerator_wino_0/inst/conv2/gic[0].u_it/tre_reg[2][5][7]_i_1/CI
    SLICE_X74Y87         CARRY4 (Prop_carry4_CI_O[1])
                                                      0.323    10.426 r  cnn_accelerator_system_i/cnn_accelerator_wino_0/inst/conv2/gic[0].u_it/tre_reg[2][5][7]_i_1/O[1]
                         net (fo=1, routed)           0.000    10.426    cnn_accelerator_system_i/cnn_accelerator_wino_0/inst/conv2/gic[0].u_it/tre_c[2][5]_300[5]
    SLICE_X74Y87         FDRE                                         r  cnn_accelerator_system_i/cnn_accelerator_wino_0/inst/conv2/gic[0].u_it/tre_reg[2][5][5]/D
  -------------------------------------------------------------------    -------------------

                         (clock clk_out3_cnn_accelerator_system_clk_wiz_0_0 rise edge)
                                                      5.000     5.000 r  
    E3                                                0.000     5.000 r  CLK100MHZ (IN)
                         net (fo=0)                   0.000     5.000    CLK100MHZ
    E3                                                                r  CLK100MHZ_IBUF_inst/I
    E3                   IBUF (Prop_ibuf_I_O)         1.411     6.411 r  CLK100MHZ_IBUF_inst/O
                         net (fo=1, routed)           1.920     8.331    cnn_accelerator_system_i/util_ds_buf_0/U0/BUFG_I[0]
    BUFGCTRL_X0Y16                                                    r  cnn_accelerator_system_i/util_ds_buf_0/U0/USE_BUFG.GEN_BUFG[0].BUFG_U/I
    BUFGCTRL_X0Y16       BUFG (Prop_bufg_I_O)         0.091     8.422 r  cnn_accelerator_system_i/util_ds_buf_0/U0/USE_BUFG.GEN_BUFG[0].BUFG_U/O
                         net (fo=2, routed)           1.683    10.105    cnn_accelerator_system_i/clk_wiz_0/inst/clk_in1
    MMCME2_ADV_X0Y0                                                   r  cnn_accelerator_system_i/clk_wiz_0/inst/mmcm_adv_inst/CLKIN1
    MMCME2_ADV_X0Y0      MMCME2_ADV (Prop_mmcme2_adv_CLKIN1_CLKOUT2)
                                                     -3.694     6.411 r  cnn_accelerator_system_i/clk_wiz_0/inst/mmcm_adv_inst/CLKOUT2
                         net (fo=1, routed)           1.923     8.334    cnn_accelerator_system_i/clk_wiz_0/inst/clk_out3_cnn_accelerator_system_clk_wiz_0_0
    BUFGCTRL_X0Y2                                                     r  cnn_accelerator_system_i/clk_wiz_0/inst/clkout3_buf/I
    BUFGCTRL_X0Y2        BUFG (Prop_bufg_I_O)         0.091     8.425 r  cnn_accelerator_system_i/clk_wiz_0/inst/clkout3_buf/O
                         net (fo=54397, routed)       1.590    10.016    cnn_accelerator_system_i/cnn_accelerator_wino_0/inst/conv2/gic[0].u_it/clk
    SLICE_X74Y87         FDRE                                         r  cnn_accelerator_system_i/cnn_accelerator_wino_0/inst/conv2/gic[0].u_it/tre_reg[2][5][5]/C
                         clock pessimism              0.179    10.195    
                         clock uncertainty           -0.067    10.128    
    SLICE_X74Y87         FDRE (Setup_fdre_C_D)        0.109    10.237    cnn_accelerator_system_i/cnn_accelerator_wino_0/inst/conv2/gic[0].u_it/tre_reg[2][5][5]
  -------------------------------------------------------------------
                         required time                         10.237    
                         arrival time                         -10.426    
  -------------------------------------------------------------------
                         slack                                 -0.189    

Slack (VIOLATED) :        -0.183ns  (required time - arrival time)
  Source:                 cnn_accelerator_system_i/cnn_accelerator_wino_0/inst/conv2/tile6_q_reg[1030]/C
                            (rising edge-triggered cell FDRE clocked by clk_out3_cnn_accelerator_system_clk_wiz_0_0  {rise@0.000ns fall@2.500ns period=5.000ns})
  Destination:            cnn_accelerator_system_i/cnn_accelerator_wino_0/inst/conv2/gic[0].u_it/tre_reg[2][4][10]/D
                            (rising edge-triggered cell FDRE clocked by clk_out3_cnn_accelerator_system_clk_wiz_0_0  {rise@0.000ns fall@2.500ns period=5.000ns})
  Path Group:             clk_out3_cnn_accelerator_system_clk_wiz_0_0
  Path Type:              Setup (Max at Slow Process Corner)
  Requirement:            5.000ns  (clk_out3_cnn_accelerator_system_clk_wiz_0_0 rise@5.000ns - clk_out3_cnn_accelerator_system_clk_wiz_0_0 rise@0.000ns)
  Data Path Delay:        5.157ns  (logic 1.982ns (38.433%)  route 3.175ns (61.567%))
  Logic Levels:           6  (CARRY4=2 LUT3=2 LUT5=1 LUT6=1)
  Clock Path Skew:        -0.021ns (DCD - SCD + CPR)
    Destination Clock Delay (DCD):    5.019ns = ( 10.019 - 5.000 ) 
    Source Clock Delay      (SCD):    5.297ns
    Clock Pessimism Removal (CPR):    0.257ns
  Clock Uncertainty:      0.067ns  ((TSJ^2 + DJ^2)^1/2) / 2 + PE
    Total System Jitter     (TSJ):    0.071ns
    Discrete Jitter          (DJ):    0.113ns
    Phase Error              (PE):    0.000ns

    Location             Delay type                Incr(ns)  Path(ns)    Netlist Resource(s)
  -------------------------------------------------------------------    -------------------
                         (clock clk_out3_cnn_accelerator_system_clk_wiz_0_0 rise edge)
                                                      0.000     0.000 r  
    E3                                                0.000     0.000 r  CLK100MHZ (IN)
                         net (fo=0)                   0.000     0.000    CLK100MHZ
    E3                                                                r  CLK100MHZ_IBUF_inst/I
    E3                   IBUF (Prop_ibuf_I_O)         1.482     1.482 r  CLK100MHZ_IBUF_inst/O
                         net (fo=1, routed)           2.025     3.506    cnn_accelerator_system_i/util_ds_buf_0/U0/BUFG_I[0]
    BUFGCTRL_X0Y16                                                    r  cnn_accelerator_system_i/util_ds_buf_0/U0/USE_BUFG.GEN_BUFG[0].BUFG_U/I
    BUFGCTRL_X0Y16       BUFG (Prop_bufg_I_O)         0.096     3.602 r  cnn_accelerator_system_i/util_ds_buf_0/U0/USE_BUFG.GEN_BUFG[0].BUFG_U/O
                         net (fo=2, routed)           1.809     5.412    cnn_accelerator_system_i/clk_wiz_0/inst/clk_in1
    MMCME2_ADV_X0Y0                                                   r  cnn_accelerator_system_i/clk_wiz_0/inst/mmcm_adv_inst/CLKIN1
    MMCME2_ADV_X0Y0      MMCME2_ADV (Prop_mmcme2_adv_CLKIN1_CLKOUT2)
                                                     -3.922     1.490 r  cnn_accelerator_system_i/clk_wiz_0/inst/mmcm_adv_inst/CLKOUT2
                         net (fo=1, routed)           2.018     3.508    cnn_accelerator_system_i/clk_wiz_0/inst/clk_out3_cnn_accelerator_system_clk_wiz_0_0
    BUFGCTRL_X0Y2                                                     r  cnn_accelerator_system_i/clk_wiz_0/inst/clkout3_buf/I
    BUFGCTRL_X0Y2        BUFG (Prop_bufg_I_O)         0.096     3.604 r  cnn_accelerator_system_i/clk_wiz_0/inst/clkout3_buf/O
                         net (fo=54397, routed)       1.693     5.297    cnn_accelerator_system_i/cnn_accelerator_wino_0/inst/conv2/clk
    SLICE_X78Y128        FDRE                                         r  cnn_accelerator_system_i/cnn_accelerator_wino_0/inst/conv2/tile6_q_reg[1030]/C
  -------------------------------------------------------------------    -------------------
    SLICE_X78Y128        FDRE (Prop_fdre_C_Q)         0.518     5.815 r  cnn_accelerator_system_i/cnn_accelerator_wino_0/inst/conv2/tile6_q_reg[1030]/Q
                         net (fo=1, routed)           1.427     7.243    cnn_accelerator_system_i/cnn_accelerator_wino_0/inst/conv2/gic[0].u_it/Q[262]
    SLICE_X86Y112                                                     r  cnn_accelerator_system_i/cnn_accelerator_wino_0/inst/conv2/gic[0].u_it/i___4_i_3/I2
    SLICE_X86Y112        LUT3 (Prop_lut3_I2_O)        0.124     7.367 r  cnn_accelerator_system_i/cnn_accelerator_wino_0/inst/conv2/gic[0].u_it/i___4_i_3/O
                         net (fo=8, routed)           0.491     7.857    cnn_accelerator_system_i/cnn_accelerator_wino_0/inst/conv2/gic[0].u_it/gic[0].d_flat_ic[134]
    SLICE_X86Y112                                                     r  cnn_accelerator_system_i/cnn_accelerator_wino_0/inst/conv2/gic[0].u_it/i___4/I2
    SLICE_X86Y112        LUT3 (Prop_lut3_I2_O)        0.124     7.981 r  cnn_accelerator_system_i/cnn_accelerator_wino_0/inst/conv2/gic[0].u_it/i___4/O
                         net (fo=4, routed)           0.692     8.673    cnn_accelerator_system_i/cnn_accelerator_wino_0/inst/conv2/gic[0].u_it/i___4_n_0
    SLICE_X86Y112                                                     r  cnn_accelerator_system_i/cnn_accelerator_wino_0/inst/conv2/gic[0].u_it/tre[2][4][7]_i_2/I3
    SLICE_X86Y112        LUT5 (Prop_lut5_I3_O)        0.154     8.827 r  cnn_accelerator_system_i/cnn_accelerator_wino_0/inst/conv2/gic[0].u_it/tre[2][4][7]_i_2/O
                         net (fo=2, routed)           0.565     9.392    cnn_accelerator_system_i/cnn_accelerator_wino_0/inst/conv2/gic[0].u_it/tre[2][4][7]_i_2_n_0
    SLICE_X85Y110                                                     r  cnn_accelerator_system_i/cnn_accelerator_wino_0/inst/conv2/gic[0].u_it/tre[2][4][7]_i_6/I0
    SLICE_X85Y110        LUT6 (Prop_lut6_I0_O)        0.327     9.719 r  cnn_accelerator_system_i/cnn_accelerator_wino_0/inst/conv2/gic[0].u_it/tre[2][4][7]_i_6/O
                         net (fo=1, routed)           0.000     9.719    cnn_accelerator_system_i/cnn_accelerator_wino_0/inst/conv2/gic[0].u_it/tre[2][4][7]_i_6_n_0
    SLICE_X85Y110                                                     r  cnn_accelerator_system_i/cnn_accelerator_wino_0/inst/conv2/gic[0].u_it/tre_reg[2][4][7]_i_1/S[3]
    SLICE_X85Y110        CARRY4 (Prop_carry4_S[3]_CO[3])
                                                      0.401    10.120 r  cnn_accelerator_system_i/cnn_accelerator_wino_0/inst/conv2/gic[0].u_it/tre_reg[2][4][7]_i_1/CO[3]
                         net (fo=1, routed)           0.000    10.120    cnn_accelerator_system_i/cnn_accelerator_wino_0/inst/conv2/gic[0].u_it/tre_reg[2][4][7]_i_1_n_0
    SLICE_X85Y111                                                     r  cnn_accelerator_system_i/cnn_accelerator_wino_0/inst/conv2/gic[0].u_it/tre_reg[2][4][10]_i_1/CI
    SLICE_X85Y111        CARRY4 (Prop_carry4_CI_O[1])
                                                      0.334    10.454 r  cnn_accelerator_system_i/cnn_accelerator_wino_0/inst/conv2/gic[0].u_it/tre_reg[2][4][10]_i_1/O[1]
                         net (fo=1, routed)           0.000    10.454    cnn_accelerator_system_i/cnn_accelerator_wino_0/inst/conv2/gic[0].u_it/tre_c[2][4]_270[10]
    SLICE_X85Y111        FDRE                                         r  cnn_accelerator_system_i/cnn_accelerator_wino_0/inst/conv2/gic[0].u_it/tre_reg[2][4][10]/D
  -------------------------------------------------------------------    -------------------

                         (clock clk_out3_cnn_accelerator_system_clk_wiz_0_0 rise edge)
                                                      5.000     5.000 r  
    E3                                                0.000     5.000 r  CLK100MHZ (IN)
                         net (fo=0)                   0.000     5.000    CLK100MHZ
    E3                                                                r  CLK100MHZ_IBUF_inst/I
    E3                   IBUF (Prop_ibuf_I_O)         1.411     6.411 r  CLK100MHZ_IBUF_inst/O
                         net (fo=1, routed)           1.920     8.331    cnn_accelerator_system_i/util_ds_buf_0/U0/BUFG_I[0]
    BUFGCTRL_X0Y16                                                    r  cnn_accelerator_system_i/util_ds_buf_0/U0/USE_BUFG.GEN_BUFG[0].BUFG_U/I
    BUFGCTRL_X0Y16       BUFG (Prop_bufg_I_O)         0.091     8.422 r  cnn_accelerator_system_i/util_ds_buf_0/U0/USE_BUFG.GEN_BUFG[0].BUFG_U/O
                         net (fo=2, routed)           1.683    10.105    cnn_accelerator_system_i/clk_wiz_0/inst/clk_in1
    MMCME2_ADV_X0Y0                                                   r  cnn_accelerator_system_i/clk_wiz_0/inst/mmcm_adv_inst/CLKIN1
    MMCME2_ADV_X0Y0      MMCME2_ADV (Prop_mmcme2_adv_CLKIN1_CLKOUT2)
                                                     -3.694     6.411 r  cnn_accelerator_system_i/clk_wiz_0/inst/mmcm_adv_inst/CLKOUT2
                         net (fo=1, routed)           1.923     8.334    cnn_accelerator_system_i/clk_wiz_0/inst/clk_out3_cnn_accelerator_system_clk_wiz_0_0
    BUFGCTRL_X0Y2                                                     r  cnn_accelerator_system_i/clk_wiz_0/inst/clkout3_buf/I
    BUFGCTRL_X0Y2        BUFG (Prop_bufg_I_O)         0.091     8.425 r  cnn_accelerator_system_i/clk_wiz_0/inst/clkout3_buf/O
                         net (fo=54397, routed)       1.594    10.019    cnn_accelerator_system_i/cnn_accelerator_wino_0/inst/conv2/gic[0].u_it/clk
    SLICE_X85Y111        FDRE                                         r  cnn_accelerator_system_i/cnn_accelerator_wino_0/inst/conv2/gic[0].u_it/tre_reg[2][4][10]/C
                         clock pessimism              0.257    10.276    
                         clock uncertainty           -0.067    10.210    
    SLICE_X85Y111        FDRE (Setup_fdre_C_D)        0.062    10.272    cnn_accelerator_system_i/cnn_accelerator_wino_0/inst/conv2/gic[0].u_it/tre_reg[2][4][10]
  -------------------------------------------------------------------
                         required time                         10.272    
                         arrival time                         -10.454    
  -------------------------------------------------------------------
                         slack                                 -0.183    

Slack (VIOLATED) :        -0.181ns  (required time - arrival time)
  Source:                 cnn_accelerator_system_i/cnn_accelerator_wino_0/inst/conv2/grp_q_reg_rep__94/C
                            (rising edge-triggered cell FDRE clocked by clk_out3_cnn_accelerator_system_clk_wiz_0_0  {rise@0.000ns fall@2.500ns period=5.000ns})
  Destination:            cnn_accelerator_system_i/cnn_accelerator_wino_0/inst/conv2/gic[0].u_it/tre_reg[2][5][7]/D
                            (rising edge-triggered cell FDRE clocked by clk_out3_cnn_accelerator_system_clk_wiz_0_0  {rise@0.000ns fall@2.500ns period=5.000ns})
  Path Group:             clk_out3_cnn_accelerator_system_clk_wiz_0_0
  Path Type:              Setup (Max at Slow Process Corner)
  Requirement:            5.000ns  (clk_out3_cnn_accelerator_system_clk_wiz_0_0 rise@5.000ns - clk_out3_cnn_accelerator_system_clk_wiz_0_0 rise@0.000ns)
  Data Path Delay:        5.110ns  (logic 1.801ns (35.248%)  route 3.309ns (64.752%))
  Logic Levels:           4  (CARRY4=2 LUT3=2)
  Clock Path Skew:        -0.114ns (DCD - SCD + CPR)
    Destination Clock Delay (DCD):    5.016ns = ( 10.016 - 5.000 ) 
    Source Clock Delay      (SCD):    5.308ns
    Clock Pessimism Removal (CPR):    0.179ns
  Clock Uncertainty:      0.067ns  ((TSJ^2 + DJ^2)^1/2) / 2 + PE
    Total System Jitter     (TSJ):    0.071ns
    Discrete Jitter          (DJ):    0.113ns
    Phase Error              (PE):    0.000ns

    Location             Delay type                Incr(ns)  Path(ns)    Netlist Resource(s)
  -------------------------------------------------------------------    -------------------
                         (clock clk_out3_cnn_accelerator_system_clk_wiz_0_0 rise edge)
                                                      0.000     0.000 r  
    E3                                                0.000     0.000 r  CLK100MHZ (IN)
                         net (fo=0)                   0.000     0.000    CLK100MHZ
    E3                                                                r  CLK100MHZ_IBUF_inst/I
    E3                   IBUF (Prop_ibuf_I_O)         1.482     1.482 r  CLK100MHZ_IBUF_inst/O
                         net (fo=1, routed)           2.025     3.506    cnn_accelerator_system_i/util_ds_buf_0/U0/BUFG_I[0]
    BUFGCTRL_X0Y16                                                    r  cnn_accelerator_system_i/util_ds_buf_0/U0/USE_BUFG.GEN_BUFG[0].BUFG_U/I
    BUFGCTRL_X0Y16       BUFG (Prop_bufg_I_O)         0.096     3.602 r  cnn_accelerator_system_i/util_ds_buf_0/U0/USE_BUFG.GEN_BUFG[0].BUFG_U/O
                         net (fo=2, routed)           1.809     5.412    cnn_accelerator_system_i/clk_wiz_0/inst/clk_in1
    MMCME2_ADV_X0Y0                                                   r  cnn_accelerator_system_i/clk_wiz_0/inst/mmcm_adv_inst/CLKIN1
    MMCME2_ADV_X0Y0      MMCME2_ADV (Prop_mmcme2_adv_CLKIN1_CLKOUT2)
                                                     -3.922     1.490 r  cnn_accelerator_system_i/clk_wiz_0/inst/mmcm_adv_inst/CLKOUT2
                         net (fo=1, routed)           2.018     3.508    cnn_accelerator_system_i/clk_wiz_0/inst/clk_out3_cnn_accelerator_system_clk_wiz_0_0
    BUFGCTRL_X0Y2                                                     r  cnn_accelerator_system_i/clk_wiz_0/inst/clkout3_buf/I
    BUFGCTRL_X0Y2        BUFG (Prop_bufg_I_O)         0.096     3.604 r  cnn_accelerator_system_i/clk_wiz_0/inst/clkout3_buf/O
                         net (fo=54397, routed)       1.704     5.308    cnn_accelerator_system_i/cnn_accelerator_wino_0/inst/conv2/clk
    SLICE_X75Y100        FDRE                                         r  cnn_accelerator_system_i/cnn_accelerator_wino_0/inst/conv2/grp_q_reg_rep__94/C
  -------------------------------------------------------------------    -------------------
    SLICE_X75Y100        FDRE (Prop_fdre_C_Q)         0.456     5.764 r  cnn_accelerator_system_i/cnn_accelerator_wino_0/inst/conv2/grp_q_reg_rep__94/Q
                         net (fo=8, routed)           1.647     7.411    cnn_accelerator_system_i/cnn_accelerator_wino_0/inst/conv2/gic[0].u_it/i___199_1
    SLICE_X72Y79                                                      r  cnn_accelerator_system_i/cnn_accelerator_wino_0/inst/conv2/gic[0].u_it/i___199_i_2/I1
    SLICE_X72Y79         LUT3 (Prop_lut3_I1_O)        0.153     7.564 r  cnn_accelerator_system_i/cnn_accelerator_wino_0/inst/conv2/gic[0].u_it/i___199_i_2/O
                         net (fo=9, routed)           0.832     8.396    cnn_accelerator_system_i/cnn_accelerator_wino_0/inst/conv2/gic[0].u_it/gic[0].d_flat_ic[232]
    SLICE_X77Y79                                                      r  cnn_accelerator_system_i/cnn_accelerator_wino_0/inst/conv2/gic[0].u_it/tre[2][5][3]_i_5/I0
    SLICE_X77Y79         LUT3 (Prop_lut3_I0_O)        0.327     8.723 r  cnn_accelerator_system_i/cnn_accelerator_wino_0/inst/conv2/gic[0].u_it/tre[2][5][3]_i_5/O
                         net (fo=1, routed)           0.830     9.553    cnn_accelerator_system_i/cnn_accelerator_wino_0/inst/conv2/gic[0].u_it/tre[2][5][3]_i_5_n_0
    SLICE_X74Y86                                                      r  cnn_accelerator_system_i/cnn_accelerator_wino_0/inst/conv2/gic[0].u_it/tre_reg[2][5][3]_i_1/DI[0]
    SLICE_X74Y86         CARRY4 (Prop_carry4_DI[0]_CO[3])
                                                      0.550    10.103 r  cnn_accelerator_system_i/cnn_accelerator_wino_0/inst/conv2/gic[0].u_it/tre_reg[2][5][3]_i_1/CO[3]
                         net (fo=1, routed)           0.000    10.103    cnn_accelerator_system_i/cnn_accelerator_wino_0/inst/conv2/gic[0].u_it/tre_reg[2][5][3]_i_1_n_0
    SLICE_X74Y87                                                      r  cnn_accelerator_system_i/cnn_accelerator_wino_0/inst/conv2/gic[0].u_it/tre_reg[2][5][7]_i_1/CI
    SLICE_X74Y87         CARRY4 (Prop_carry4_CI_O[3])
                                                      0.315    10.418 r  cnn_accelerator_system_i/cnn_accelerator_wino_0/inst/conv2/gic[0].u_it/tre_reg[2][5][7]_i_1/O[3]
                         net (fo=1, routed)           0.000    10.418    cnn_accelerator_system_i/cnn_accelerator_wino_0/inst/conv2/gic[0].u_it/tre_c[2][5]_300[7]
    SLICE_X74Y87         FDRE                                         r  cnn_accelerator_system_i/cnn_accelerator_wino_0/inst/conv2/gic[0].u_it/tre_reg[2][5][7]/D
  -------------------------------------------------------------------    -------------------

                         (clock clk_out3_cnn_accelerator_system_clk_wiz_0_0 rise edge)
                                                      5.000     5.000 r  
    E3                                                0.000     5.000 r  CLK100MHZ (IN)
                         net (fo=0)                   0.000     5.000    CLK100MHZ
    E3                                                                r  CLK100MHZ_IBUF_inst/I
    E3                   IBUF (Prop_ibuf_I_O)         1.411     6.411 r  CLK100MHZ_IBUF_inst/O
                         net (fo=1, routed)           1.920     8.331    cnn_accelerator_system_i/util_ds_buf_0/U0/BUFG_I[0]
    BUFGCTRL_X0Y16                                                    r  cnn_accelerator_system_i/util_ds_buf_0/U0/USE_BUFG.GEN_BUFG[0].BUFG_U/I
    BUFGCTRL_X0Y16       BUFG (Prop_bufg_I_O)         0.091     8.422 r  cnn_accelerator_system_i/util_ds_buf_0/U0/USE_BUFG.GEN_BUFG[0].BUFG_U/O
                         net (fo=2, routed)           1.683    10.105    cnn_accelerator_system_i/clk_wiz_0/inst/clk_in1
    MMCME2_ADV_X0Y0                                                   r  cnn_accelerator_system_i/clk_wiz_0/inst/mmcm_adv_inst/CLKIN1
    MMCME2_ADV_X0Y0      MMCME2_ADV (Prop_mmcme2_adv_CLKIN1_CLKOUT2)
                                                     -3.694     6.411 r  cnn_accelerator_system_i/clk_wiz_0/inst/mmcm_adv_inst/CLKOUT2
                         net (fo=1, routed)           1.923     8.334    cnn_accelerator_system_i/clk_wiz_0/inst/clk_out3_cnn_accelerator_system_clk_wiz_0_0
    BUFGCTRL_X0Y2                                                     r  cnn_accelerator_system_i/clk_wiz_0/inst/clkout3_buf/I
    BUFGCTRL_X0Y2        BUFG (Prop_bufg_I_O)         0.091     8.425 r  cnn_accelerator_system_i/clk_wiz_0/inst/clkout3_buf/O
                         net (fo=54397, routed)       1.590    10.016    cnn_accelerator_system_i/cnn_accelerator_wino_0/inst/conv2/gic[0].u_it/clk
    SLICE_X74Y87         FDRE                                         r  cnn_accelerator_system_i/cnn_accelerator_wino_0/inst/conv2/gic[0].u_it/tre_reg[2][5][7]/C
                         clock pessimism              0.179    10.195    
                         clock uncertainty           -0.067    10.128    
    SLICE_X74Y87         FDRE (Setup_fdre_C_D)        0.109    10.237    cnn_accelerator_system_i/cnn_accelerator_wino_0/inst/conv2/gic[0].u_it/tre_reg[2][5][7]
  -------------------------------------------------------------------
                         required time                         10.237    
                         arrival time                         -10.418    
  -------------------------------------------------------------------
                         slack                                 -0.181    

Slack (VIOLATED) :        -0.179ns  (required time - arrival time)
  Source:                 cnn_accelerator_system_i/cnn_accelerator_wino_0/inst/conv2/tile6_q_reg[1595]/C
                            (rising edge-triggered cell FDRE clocked by clk_out3_cnn_accelerator_system_clk_wiz_0_0  {rise@0.000ns fall@2.500ns period=5.000ns})
  Destination:            cnn_accelerator_system_i/cnn_accelerator_wino_0/inst/conv2/gic[3].u_it/tre_reg[0][0][10]/D
                            (rising edge-triggered cell FDRE clocked by clk_out3_cnn_accelerator_system_clk_wiz_0_0  {rise@0.000ns fall@2.500ns period=5.000ns})
  Path Group:             clk_out3_cnn_accelerator_system_clk_wiz_0_0
  Path Type:              Setup (Max at Slow Process Corner)
  Requirement:            5.000ns  (clk_out3_cnn_accelerator_system_clk_wiz_0_0 rise@5.000ns - clk_out3_cnn_accelerator_system_clk_wiz_0_0 rise@0.000ns)
  Data Path Delay:        5.017ns  (logic 1.767ns (35.223%)  route 3.250ns (64.777%))
  Logic Levels:           4  (CARRY4=2 LUT2=1 LUT3=1)
  Clock Path Skew:        -0.205ns (DCD - SCD + CPR)
    Destination Clock Delay (DCD):    4.922ns = ( 9.922 - 5.000 ) 
    Source Clock Delay      (SCD):    5.305ns
    Clock Pessimism Removal (CPR):    0.179ns
  Clock Uncertainty:      0.067ns  ((TSJ^2 + DJ^2)^1/2) / 2 + PE
    Total System Jitter     (TSJ):    0.071ns
    Discrete Jitter          (DJ):    0.113ns
    Phase Error              (PE):    0.000ns

    Location             Delay type                Incr(ns)  Path(ns)    Netlist Resource(s)
  -------------------------------------------------------------------    -------------------
                         (clock clk_out3_cnn_accelerator_system_clk_wiz_0_0 rise edge)
                                                      0.000     0.000 r  
    E3                                                0.000     0.000 r  CLK100MHZ (IN)
                         net (fo=0)                   0.000     0.000    CLK100MHZ
    E3                                                                r  CLK100MHZ_IBUF_inst/I
    E3                   IBUF (Prop_ibuf_I_O)         1.482     1.482 r  CLK100MHZ_IBUF_inst/O
                         net (fo=1, routed)           2.025     3.506    cnn_accelerator_system_i/util_ds_buf_0/U0/BUFG_I[0]
    BUFGCTRL_X0Y16                                                    r  cnn_accelerator_system_i/util_ds_buf_0/U0/USE_BUFG.GEN_BUFG[0].BUFG_U/I
    BUFGCTRL_X0Y16       BUFG (Prop_bufg_I_O)         0.096     3.602 r  cnn_accelerator_system_i/util_ds_buf_0/U0/USE_BUFG.GEN_BUFG[0].BUFG_U/O
                         net (fo=2, routed)           1.809     5.412    cnn_accelerator_system_i/clk_wiz_0/inst/clk_in1
    MMCME2_ADV_X0Y0                                                   r  cnn_accelerator_system_i/clk_wiz_0/inst/mmcm_adv_inst/CLKIN1
    MMCME2_ADV_X0Y0      MMCME2_ADV (Prop_mmcme2_adv_CLKIN1_CLKOUT2)
                                                     -3.922     1.490 r  cnn_accelerator_system_i/clk_wiz_0/inst/mmcm_adv_inst/CLKOUT2
                         net (fo=1, routed)           2.018     3.508    cnn_accelerator_system_i/clk_wiz_0/inst/clk_out3_cnn_accelerator_system_clk_wiz_0_0
    BUFGCTRL_X0Y2                                                     r  cnn_accelerator_system_i/clk_wiz_0/inst/clkout3_buf/I
    BUFGCTRL_X0Y2        BUFG (Prop_bufg_I_O)         0.096     3.604 r  cnn_accelerator_system_i/clk_wiz_0/inst/clkout3_buf/O
                         net (fo=54397, routed)       1.701     5.305    cnn_accelerator_system_i/cnn_accelerator_wino_0/inst/conv2/clk
    SLICE_X76Y110        FDRE                                         r  cnn_accelerator_system_i/cnn_accelerator_wino_0/inst/conv2/tile6_q_reg[1595]/C
  -------------------------------------------------------------------    -------------------
    SLICE_X76Y110        FDRE (Prop_fdre_C_Q)         0.518     5.823 f  cnn_accelerator_system_i/cnn_accelerator_wino_0/inst/conv2/tile6_q_reg[1595]/Q
                         net (fo=2, routed)           1.003     6.826    cnn_accelerator_system_i/cnn_accelerator_wino_0/inst/conv2/gic[3].u_it/Q[395]
    SLICE_X65Y109                                                     f  cnn_accelerator_system_i/cnn_accelerator_wino_0/inst/conv2/gic[3].u_it/i___8_i_2__2/I0
    SLICE_X65Y109        LUT3 (Prop_lut3_I0_O)        0.124     6.950 f  cnn_accelerator_system_i/cnn_accelerator_wino_0/inst/conv2/gic[3].u_it/i___8_i_2__2/O
                         net (fo=9, routed)           1.211     8.161    cnn_accelerator_system_i/cnn_accelerator_wino_0/inst/conv2/gic[3].u_it/gic[3].d_flat_ic[195]
    SLICE_X63Y95                                                      f  cnn_accelerator_system_i/cnn_accelerator_wino_0/inst/conv2/gic[3].u_it/tre[0][0][9]_i_5__2/I1
    SLICE_X63Y95         LUT2 (Prop_lut2_I1_O)        0.153     8.314 r  cnn_accelerator_system_i/cnn_accelerator_wino_0/inst/conv2/gic[3].u_it/tre[0][0][9]_i_5__2/O
                         net (fo=1, routed)           1.036     9.350    cnn_accelerator_system_i/cnn_accelerator_wino_0/inst/conv2/gic[3].u_it/tre[0][0][9]_i_5__2_n_0
    SLICE_X60Y80                                                      r  cnn_accelerator_system_i/cnn_accelerator_wino_0/inst/conv2/gic[3].u_it/tre_reg[0][0][9]_i_1__2/DI[0]
    SLICE_X60Y80         CARRY4 (Prop_carry4_DI[0]_CO[3])
                                                      0.753    10.103 r  cnn_accelerator_system_i/cnn_accelerator_wino_0/inst/conv2/gic[3].u_it/tre_reg[0][0][9]_i_1__2/CO[3]
                         net (fo=1, routed)           0.000    10.103    cnn_accelerator_system_i/cnn_accelerator_wino_0/inst/conv2/gic[3].u_it/tre_reg[0][0][9]_i_1__2_n_0
    SLICE_X60Y81                                                      r  cnn_accelerator_system_i/cnn_accelerator_wino_0/inst/conv2/gic[3].u_it/tre_reg[0][0][10]_i_1__2/CI
    SLICE_X60Y81         CARRY4 (Prop_carry4_CI_O[0])
                                                      0.219    10.322 r  cnn_accelerator_system_i/cnn_accelerator_wino_0/inst/conv2/gic[3].u_it/tre_reg[0][0][10]_i_1__2/O[0]
                         net (fo=1, routed)           0.000    10.322    cnn_accelerator_system_i/cnn_accelerator_wino_0/inst/conv2/gic[3].u_it/tre_c[0][0]_481[10]
    SLICE_X60Y81         FDRE                                         r  cnn_accelerator_system_i/cnn_accelerator_wino_0/inst/conv2/gic[3].u_it/tre_reg[0][0][10]/D
  -------------------------------------------------------------------    -------------------

                         (clock clk_out3_cnn_accelerator_system_clk_wiz_0_0 rise edge)
                                                      5.000     5.000 r  
    E3                                                0.000     5.000 r  CLK100MHZ (IN)
                         net (fo=0)                   0.000     5.000    CLK100MHZ
    E3                                                                r  CLK100MHZ_IBUF_inst/I
    E3                   IBUF (Prop_ibuf_I_O)         1.411     6.411 r  CLK100MHZ_IBUF_inst/O
                         net (fo=1, routed)           1.920     8.331    cnn_accelerator_system_i/util_ds_buf_0/U0/BUFG_I[0]
    BUFGCTRL_X0Y16                                                    r  cnn_accelerator_system_i/util_ds_buf_0/U0/USE_BUFG.GEN_BUFG[0].BUFG_U/I
    BUFGCTRL_X0Y16       BUFG (Prop_bufg_I_O)         0.091     8.422 r  cnn_accelerator_system_i/util_ds_buf_0/U0/USE_BUFG.GEN_BUFG[0].BUFG_U/O
                         net (fo=2, routed)           1.683    10.105    cnn_accelerator_system_i/clk_wiz_0/inst/clk_in1
    MMCME2_ADV_X0Y0                                                   r  cnn_accelerator_system_i/clk_wiz_0/inst/mmcm_adv_inst/CLKIN1
    MMCME2_ADV_X0Y0      MMCME2_ADV (Prop_mmcme2_adv_CLKIN1_CLKOUT2)
                                                     -3.694     6.411 r  cnn_accelerator_system_i/clk_wiz_0/inst/mmcm_adv_inst/CLKOUT2
                         net (fo=1, routed)           1.923     8.334    cnn_accelerator_system_i/clk_wiz_0/inst/clk_out3_cnn_accelerator_system_clk_wiz_0_0
    BUFGCTRL_X0Y2                                                     r  cnn_accelerator_system_i/clk_wiz_0/inst/clkout3_buf/I
    BUFGCTRL_X0Y2        BUFG (Prop_bufg_I_O)         0.091     8.425 r  cnn_accelerator_system_i/clk_wiz_0/inst/clkout3_buf/O
                         net (fo=54397, routed)       1.496     9.922    cnn_accelerator_system_i/cnn_accelerator_wino_0/inst/conv2/gic[3].u_it/clk
    SLICE_X60Y81         FDRE                                         r  cnn_accelerator_system_i/cnn_accelerator_wino_0/inst/conv2/gic[3].u_it/tre_reg[0][0][10]/C
                         clock pessimism              0.179    10.101    
                         clock uncertainty           -0.067    10.034    
    SLICE_X60Y81         FDRE (Setup_fdre_C_D)        0.109    10.143    cnn_accelerator_system_i/cnn_accelerator_wino_0/inst/conv2/gic[3].u_it/tre_reg[0][0][10]
  -------------------------------------------------------------------
                         required time                         10.143    
                         arrival time                         -10.322    
  -------------------------------------------------------------------
                         slack                                 -0.179    

Slack (VIOLATED) :        -0.178ns  (required time - arrival time)
  Source:                 cnn_accelerator_system_i/cnn_accelerator_wino_0/inst/conv2/grp_q_reg_rep__4/C
                            (rising edge-triggered cell FDRE clocked by clk_out3_cnn_accelerator_system_clk_wiz_0_0  {rise@0.000ns fall@2.500ns period=5.000ns})
  Destination:            cnn_accelerator_system_i/cnn_accelerator_wino_0/inst/conv2/gic[3].u_it/tre_reg[1][3][10]/D
                            (rising edge-triggered cell FDRE clocked by clk_out3_cnn_accelerator_system_clk_wiz_0_0  {rise@0.000ns fall@2.500ns period=5.000ns})
  Path Group:             clk_out3_cnn_accelerator_system_clk_wiz_0_0
  Path Type:              Setup (Max at Slow Process Corner)
  Requirement:            5.000ns  (clk_out3_cnn_accelerator_system_clk_wiz_0_0 rise@5.000ns - clk_out3_cnn_accelerator_system_clk_wiz_0_0 rise@0.000ns)
  Data Path Delay:        5.130ns  (logic 1.622ns (31.619%)  route 3.508ns (68.381%))
  Logic Levels:           5  (CARRY4=2 LUT3=2 LUT5=1)
  Clock Path Skew:        -0.043ns (DCD - SCD + CPR)
    Destination Clock Delay (DCD):    4.912ns = ( 9.912 - 5.000 ) 
    Source Clock Delay      (SCD):    5.212ns
    Clock Pessimism Removal (CPR):    0.257ns
  Clock Uncertainty:      0.067ns  ((TSJ^2 + DJ^2)^1/2) / 2 + PE
    Total System Jitter     (TSJ):    0.071ns
    Discrete Jitter          (DJ):    0.113ns
    Phase Error              (PE):    0.000ns

    Location             Delay type                Incr(ns)  Path(ns)    Netlist Resource(s)
  -------------------------------------------------------------------    -------------------
                         (clock clk_out3_cnn_accelerator_system_clk_wiz_0_0 rise edge)
                                                      0.000     0.000 r  
    E3                                                0.000     0.000 r  CLK100MHZ (IN)
                         net (fo=0)                   0.000     0.000    CLK100MHZ
    E3                                                                r  CLK100MHZ_IBUF_inst/I
    E3                   IBUF (Prop_ibuf_I_O)         1.482     1.482 r  CLK100MHZ_IBUF_inst/O
                         net (fo=1, routed)           2.025     3.506    cnn_accelerator_system_i/util_ds_buf_0/U0/BUFG_I[0]
    BUFGCTRL_X0Y16                                                    r  cnn_accelerator_system_i/util_ds_buf_0/U0/USE_BUFG.GEN_BUFG[0].BUFG_U/I
    BUFGCTRL_X0Y16       BUFG (Prop_bufg_I_O)         0.096     3.602 r  cnn_accelerator_system_i/util_ds_buf_0/U0/USE_BUFG.GEN_BUFG[0].BUFG_U/O
                         net (fo=2, routed)           1.809     5.412    cnn_accelerator_system_i/clk_wiz_0/inst/clk_in1
    MMCME2_ADV_X0Y0                                                   r  cnn_accelerator_system_i/clk_wiz_0/inst/mmcm_adv_inst/CLKIN1
    MMCME2_ADV_X0Y0      MMCME2_ADV (Prop_mmcme2_adv_CLKIN1_CLKOUT2)
                                                     -3.922     1.490 r  cnn_accelerator_system_i/clk_wiz_0/inst/mmcm_adv_inst/CLKOUT2
                         net (fo=1, routed)           2.018     3.508    cnn_accelerator_system_i/clk_wiz_0/inst/clk_out3_cnn_accelerator_system_clk_wiz_0_0
    BUFGCTRL_X0Y2                                                     r  cnn_accelerator_system_i/clk_wiz_0/inst/clkout3_buf/I
    BUFGCTRL_X0Y2        BUFG (Prop_bufg_I_O)         0.096     3.604 r  cnn_accelerator_system_i/clk_wiz_0/inst/clkout3_buf/O
                         net (fo=54397, routed)       1.608     5.212    cnn_accelerator_system_i/cnn_accelerator_wino_0/inst/conv2/clk
    SLICE_X58Y116        FDRE                                         r  cnn_accelerator_system_i/cnn_accelerator_wino_0/inst/conv2/grp_q_reg_rep__4/C
  -------------------------------------------------------------------    -------------------
    SLICE_X58Y116        FDRE (Prop_fdre_C_Q)         0.518     5.730 r  cnn_accelerator_system_i/cnn_accelerator_wino_0/inst/conv2/grp_q_reg_rep__4/Q
                         net (fo=8, routed)           0.877     6.608    cnn_accelerator_system_i/cnn_accelerator_wino_0/inst/conv2/gic[3].u_it/i___140_1
    SLICE_X71Y117                                                     r  cnn_accelerator_system_i/cnn_accelerator_wino_0/inst/conv2/gic[3].u_it/i___17_i_2__2/I1
    SLICE_X71Y117        LUT3 (Prop_lut3_I1_O)        0.124     6.732 r  cnn_accelerator_system_i/cnn_accelerator_wino_0/inst/conv2/gic[3].u_it/i___17_i_2__2/O
                         net (fo=9, routed)           1.291     8.023    cnn_accelerator_system_i/cnn_accelerator_wino_0/inst/conv2/gic[3].u_it/gic[3].d_flat_ic[221]
    SLICE_X77Y129                                                     r  cnn_accelerator_system_i/cnn_accelerator_wino_0/inst/conv2/gic[3].u_it/i___17/I1
    SLICE_X77Y129        LUT3 (Prop_lut3_I1_O)        0.124     8.147 f  cnn_accelerator_system_i/cnn_accelerator_wino_0/inst/conv2/gic[3].u_it/i___17/O
                         net (fo=4, routed)           0.615     8.762    cnn_accelerator_system_i/cnn_accelerator_wino_0/inst/conv2/gic[3].u_it/i___17_n_0
    SLICE_X77Y127                                                     f  cnn_accelerator_system_i/cnn_accelerator_wino_0/inst/conv2/gic[3].u_it/tre[1][3][7]_i_3__2/I4
    SLICE_X77Y127        LUT5 (Prop_lut5_I4_O)        0.124     8.886 r  cnn_accelerator_system_i/cnn_accelerator_wino_0/inst/conv2/gic[3].u_it/tre[1][3][7]_i_3__2/O
                         net (fo=2, routed)           0.724     9.610    cnn_accelerator_system_i/cnn_accelerator_wino_0/inst/conv2/gic[3].u_it/tre[1][3][7]_i_3__2_n_0
    SLICE_X68Y127                                                     r  cnn_accelerator_system_i/cnn_accelerator_wino_0/inst/conv2/gic[3].u_it/tre_reg[1][3][7]_i_1__2/DI[2]
    SLICE_X68Y127        CARRY4 (Prop_carry4_DI[2]_CO[3])
                                                      0.398    10.008 r  cnn_accelerator_system_i/cnn_accelerator_wino_0/inst/conv2/gic[3].u_it/tre_reg[1][3][7]_i_1__2/CO[3]
                         net (fo=1, routed)           0.000    10.008    cnn_accelerator_system_i/cnn_accelerator_wino_0/inst/conv2/gic[3].u_it/tre_reg[1][3][7]_i_1__2_n_0
    SLICE_X68Y128                                                     r  cnn_accelerator_system_i/cnn_accelerator_wino_0/inst/conv2/gic[3].u_it/tre_reg[1][3][10]_i_1__2/CI
    SLICE_X68Y128        CARRY4 (Prop_carry4_CI_O[1])
                                                      0.334    10.342 r  cnn_accelerator_system_i/cnn_accelerator_wino_0/inst/conv2/gic[3].u_it/tre_reg[1][3][10]_i_1__2/O[1]
                         net (fo=1, routed)           0.000    10.342    cnn_accelerator_system_i/cnn_accelerator_wino_0/inst/conv2/gic[3].u_it/tre_c[1][3]_488[10]
    SLICE_X68Y128        FDRE                                         r  cnn_accelerator_system_i/cnn_accelerator_wino_0/inst/conv2/gic[3].u_it/tre_reg[1][3][10]/D
  -------------------------------------------------------------------    -------------------

                         (clock clk_out3_cnn_accelerator_system_clk_wiz_0_0 rise edge)
                                                      5.000     5.000 r  
    E3                                                0.000     5.000 r  CLK100MHZ (IN)
                         net (fo=0)                   0.000     5.000    CLK100MHZ
    E3                                                                r  CLK100MHZ_IBUF_inst/I
    E3                   IBUF (Prop_ibuf_I_O)         1.411     6.411 r  CLK100MHZ_IBUF_inst/O
                         net (fo=1, routed)           1.920     8.331    cnn_accelerator_system_i/util_ds_buf_0/U0/BUFG_I[0]
    BUFGCTRL_X0Y16                                                    r  cnn_accelerator_system_i/util_ds_buf_0/U0/USE_BUFG.GEN_BUFG[0].BUFG_U/I
    BUFGCTRL_X0Y16       BUFG (Prop_bufg_I_O)         0.091     8.422 r  cnn_accelerator_system_i/util_ds_buf_0/U0/USE_BUFG.GEN_BUFG[0].BUFG_U/O
                         net (fo=2, routed)           1.683    10.105    cnn_accelerator_system_i/clk_wiz_0/inst/clk_in1
    MMCME2_ADV_X0Y0                                                   r  cnn_accelerator_system_i/clk_wiz_0/inst/mmcm_adv_inst/CLKIN1
    MMCME2_ADV_X0Y0      MMCME2_ADV (Prop_mmcme2_adv_CLKIN1_CLKOUT2)
                                                     -3.694     6.411 r  cnn_accelerator_system_i/clk_wiz_0/inst/mmcm_adv_inst/CLKOUT2
                         net (fo=1, routed)           1.923     8.334    cnn_accelerator_system_i/clk_wiz_0/inst/clk_out3_cnn_accelerator_system_clk_wiz_0_0
    BUFGCTRL_X0Y2                                                     r  cnn_accelerator_system_i/clk_wiz_0/inst/clkout3_buf/I
    BUFGCTRL_X0Y2        BUFG (Prop_bufg_I_O)         0.091     8.425 r  cnn_accelerator_system_i/clk_wiz_0/inst/clkout3_buf/O
                         net (fo=54397, routed)       1.487     9.912    cnn_accelerator_system_i/cnn_accelerator_wino_0/inst/conv2/gic[3].u_it/clk
    SLICE_X68Y128        FDRE                                         r  cnn_accelerator_system_i/cnn_accelerator_wino_0/inst/conv2/gic[3].u_it/tre_reg[1][3][10]/C
                         clock pessimism              0.257    10.169    
                         clock uncertainty           -0.067    10.103    
    SLICE_X68Y128        FDRE (Setup_fdre_C_D)        0.062    10.165    cnn_accelerator_system_i/cnn_accelerator_wino_0/inst/conv2/gic[3].u_it/tre_reg[1][3][10]
  -------------------------------------------------------------------
                         required time                         10.165    
                         arrival time                         -10.342    
  -------------------------------------------------------------------
                         slack                                 -0.178    

Slack (VIOLATED) :        -0.174ns  (required time - arrival time)
  Source:                 cnn_accelerator_system_i/cnn_accelerator_wino_0/inst/conv2/gpab_re_reg[19][1]/C
                            (rising edge-triggered cell FDRE clocked by clk_out3_cnn_accelerator_system_clk_wiz_0_0  {rise@0.000ns fall@2.500ns period=5.000ns})
  Destination:            cnn_accelerator_system_i/cnn_accelerator_wino_0/inst/conv2/gpre_q_reg[19][21]/D
                            (rising edge-triggered cell FDRE clocked by clk_out3_cnn_accelerator_system_clk_wiz_0_0  {rise@0.000ns fall@2.500ns period=5.000ns})
  Path Group:             clk_out3_cnn_accelerator_system_clk_wiz_0_0
  Path Type:              Setup (Max at Slow Process Corner)
  Requirement:            5.000ns  (clk_out3_cnn_accelerator_system_clk_wiz_0_0 rise@5.000ns - clk_out3_cnn_accelerator_system_clk_wiz_0_0 rise@0.000ns)
  Data Path Delay:        4.763ns  (logic 1.982ns (41.609%)  route 2.781ns (58.391%))
  Logic Levels:           7  (CARRY4=6 LUT2=1)
  Clock Path Skew:        -0.125ns (DCD - SCD + CPR)
    Destination Clock Delay (DCD):    4.910ns = ( 9.910 - 5.000 ) 
    Source Clock Delay      (SCD):    5.221ns
    Clock Pessimism Removal (CPR):    0.186ns
  Clock Uncertainty:      0.067ns  ((TSJ^2 + DJ^2)^1/2) / 2 + PE
    Total System Jitter     (TSJ):    0.071ns
    Discrete Jitter          (DJ):    0.113ns
    Phase Error              (PE):    0.000ns

    Location             Delay type                Incr(ns)  Path(ns)    Netlist Resource(s)
  -------------------------------------------------------------------    -------------------
                         (clock clk_out3_cnn_accelerator_system_clk_wiz_0_0 rise edge)
                                                      0.000     0.000 r  
    E3                                                0.000     0.000 r  CLK100MHZ (IN)
                         net (fo=0)                   0.000     0.000    CLK100MHZ
    E3                                                                r  CLK100MHZ_IBUF_inst/I
    E3                   IBUF (Prop_ibuf_I_O)         1.482     1.482 r  CLK100MHZ_IBUF_inst/O
                         net (fo=1, routed)           2.025     3.506    cnn_accelerator_system_i/util_ds_buf_0/U0/BUFG_I[0]
    BUFGCTRL_X0Y16                                                    r  cnn_accelerator_system_i/util_ds_buf_0/U0/USE_BUFG.GEN_BUFG[0].BUFG_U/I
    BUFGCTRL_X0Y16       BUFG (Prop_bufg_I_O)         0.096     3.602 r  cnn_accelerator_system_i/util_ds_buf_0/U0/USE_BUFG.GEN_BUFG[0].BUFG_U/O
                         net (fo=2, routed)           1.809     5.412    cnn_accelerator_system_i/clk_wiz_0/inst/clk_in1
    MMCME2_ADV_X0Y0                                                   r  cnn_accelerator_system_i/clk_wiz_0/inst/mmcm_adv_inst/CLKIN1
    MMCME2_ADV_X0Y0      MMCME2_ADV (Prop_mmcme2_adv_CLKIN1_CLKOUT2)
                                                     -3.922     1.490 r  cnn_accelerator_system_i/clk_wiz_0/inst/mmcm_adv_inst/CLKOUT2
                         net (fo=1, routed)           2.018     3.508    cnn_accelerator_system_i/clk_wiz_0/inst/clk_out3_cnn_accelerator_system_clk_wiz_0_0
    BUFGCTRL_X0Y2                                                     r  cnn_accelerator_system_i/clk_wiz_0/inst/clkout3_buf/I
    BUFGCTRL_X0Y2        BUFG (Prop_bufg_I_O)         0.096     3.604 r  cnn_accelerator_system_i/clk_wiz_0/inst/clkout3_buf/O
                         net (fo=54397, routed)       1.617     5.221    cnn_accelerator_system_i/cnn_accelerator_wino_0/inst/conv2/clk
    SLICE_X58Y100        FDRE                                         r  cnn_accelerator_system_i/cnn_accelerator_wino_0/inst/conv2/gpab_re_reg[19][1]/C
  -------------------------------------------------------------------    -------------------
    SLICE_X58Y100        FDRE (Prop_fdre_C_Q)         0.518     5.739 r  cnn_accelerator_system_i/cnn_accelerator_wino_0/inst/conv2/gpab_re_reg[19][1]/Q
                         net (fo=2, routed)           1.675     7.415    cnn_accelerator_system_i/cnn_accelerator_wino_0/inst/conv2/gpab_re_reg[19]_1137[1]
    SLICE_X64Y129                                                     r  cnn_accelerator_system_i/cnn_accelerator_wino_0/inst/conv2/gpre_q[19][3]_i_4/I0
    SLICE_X64Y129        LUT2 (Prop_lut2_I0_O)        0.124     7.539 r  cnn_accelerator_system_i/cnn_accelerator_wino_0/inst/conv2/gpre_q[19][3]_i_4/O
                         net (fo=1, routed)           0.000     7.539    cnn_accelerator_system_i/cnn_accelerator_wino_0/inst/conv2/gpre_q[19][3]_i_4_n_0
    SLICE_X64Y129                                                     r  cnn_accelerator_system_i/cnn_accelerator_wino_0/inst/conv2/gpre_q_reg[19][3]_i_1/S[1]
    SLICE_X64Y129        CARRY4 (Prop_carry4_S[1]_CO[3])
                                                      0.550     8.089 r  cnn_accelerator_system_i/cnn_accelerator_wino_0/inst/conv2/gpre_q_reg[19][3]_i_1/CO[3]
                         net (fo=1, routed)           0.000     8.089    cnn_accelerator_system_i/cnn_accelerator_wino_0/inst/conv2/gpre_q_reg[19][3]_i_1_n_0
    SLICE_X64Y130                                                     r  cnn_accelerator_system_i/cnn_accelerator_wino_0/inst/conv2/gpre_q_reg[19][7]_i_1/CI
    SLICE_X64Y130        CARRY4 (Prop_carry4_CI_CO[3])
                                                      0.114     8.203 r  cnn_accelerator_system_i/cnn_accelerator_wino_0/inst/conv2/gpre_q_reg[19][7]_i_1/CO[3]
                         net (fo=1, routed)           0.000     8.203    cnn_accelerator_system_i/cnn_accelerator_wino_0/inst/conv2/gpre_q_reg[19][7]_i_1_n_0
    SLICE_X64Y131                                                     r  cnn_accelerator_system_i/cnn_accelerator_wino_0/inst/conv2/gpre_q_reg[19][11]_i_1/CI
    SLICE_X64Y131        CARRY4 (Prop_carry4_CI_CO[3])
                                                      0.114     8.317 r  cnn_accelerator_system_i/cnn_accelerator_wino_0/inst/conv2/gpre_q_reg[19][11]_i_1/CO[3]
                         net (fo=1, routed)           0.000     8.317    cnn_accelerator_system_i/cnn_accelerator_wino_0/inst/conv2/gpre_q_reg[19][11]_i_1_n_0
    SLICE_X64Y132                                                     r  cnn_accelerator_system_i/cnn_accelerator_wino_0/inst/conv2/gpre_q_reg[19][15]_i_1/CI
    SLICE_X64Y132        CARRY4 (Prop_carry4_CI_CO[3])
                                                      0.114     8.431 r  cnn_accelerator_system_i/cnn_accelerator_wino_0/inst/conv2/gpre_q_reg[19][15]_i_1/CO[3]
                         net (fo=1, routed)           0.000     8.431    cnn_accelerator_system_i/cnn_accelerator_wino_0/inst/conv2/gpre_q_reg[19][15]_i_1_n_0
    SLICE_X64Y133                                                     r  cnn_accelerator_system_i/cnn_accelerator_wino_0/inst/conv2/gpre_q_reg[19][19]_i_1/CI
    SLICE_X64Y133        CARRY4 (Prop_carry4_CI_CO[3])
                                                      0.114     8.545 r  cnn_accelerator_system_i/cnn_accelerator_wino_0/inst/conv2/gpre_q_reg[19][19]_i_1/CO[3]
                         net (fo=1, routed)           0.000     8.545    cnn_accelerator_system_i/cnn_accelerator_wino_0/inst/conv2/gpre_q_reg[19][19]_i_1_n_0
    SLICE_X64Y134                                                     r  cnn_accelerator_system_i/cnn_accelerator_wino_0/inst/conv2/gpre_q_reg[19][23]_i_1/CI
    SLICE_X64Y134        CARRY4 (Prop_carry4_CI_O[1])
                                                      0.334     8.879 r  cnn_accelerator_system_i/cnn_accelerator_wino_0/inst/conv2/gpre_q_reg[19][23]_i_1/O[1]
                         net (fo=1, routed)           1.106     9.985    cnn_accelerator_system_i/cnn_accelerator_wino_0/inst/conv2/gpre[19]_1138[21]
    SLICE_X49Y123        FDRE                                         r  cnn_accelerator_system_i/cnn_accelerator_wino_0/inst/conv2/gpre_q_reg[19][21]/D
  -------------------------------------------------------------------    -------------------

                         (clock clk_out3_cnn_accelerator_system_clk_wiz_0_0 rise edge)
                                                      5.000     5.000 r  
    E3                                                0.000     5.000 r  CLK100MHZ (IN)
                         net (fo=0)                   0.000     5.000    CLK100MHZ
    E3                                                                r  CLK100MHZ_IBUF_inst/I
    E3                   IBUF (Prop_ibuf_I_O)         1.411     6.411 r  CLK100MHZ_IBUF_inst/O
                         net (fo=1, routed)           1.920     8.331    cnn_accelerator_system_i/util_ds_buf_0/U0/BUFG_I[0]
    BUFGCTRL_X0Y16                                                    r  cnn_accelerator_system_i/util_ds_buf_0/U0/USE_BUFG.GEN_BUFG[0].BUFG_U/I
    BUFGCTRL_X0Y16       BUFG (Prop_bufg_I_O)         0.091     8.422 r  cnn_accelerator_system_i/util_ds_buf_0/U0/USE_BUFG.GEN_BUFG[0].BUFG_U/O
                         net (fo=2, routed)           1.683    10.105    cnn_accelerator_system_i/clk_wiz_0/inst/clk_in1
    MMCME2_ADV_X0Y0                                                   r  cnn_accelerator_system_i/clk_wiz_0/inst/mmcm_adv_inst/CLKIN1
    MMCME2_ADV_X0Y0      MMCME2_ADV (Prop_mmcme2_adv_CLKIN1_CLKOUT2)
                                                     -3.694     6.411 r  cnn_accelerator_system_i/clk_wiz_0/inst/mmcm_adv_inst/CLKOUT2
                         net (fo=1, routed)           1.923     8.334    cnn_accelerator_system_i/clk_wiz_0/inst/clk_out3_cnn_accelerator_system_clk_wiz_0_0
    BUFGCTRL_X0Y2                                                     r  cnn_accelerator_system_i/clk_wiz_0/inst/clkout3_buf/I
    BUFGCTRL_X0Y2        BUFG (Prop_bufg_I_O)         0.091     8.425 r  cnn_accelerator_system_i/clk_wiz_0/inst/clkout3_buf/O
                         net (fo=54397, routed)       1.485     9.910    cnn_accelerator_system_i/cnn_accelerator_wino_0/inst/conv2/clk
    SLICE_X49Y123        FDRE                                         r  cnn_accelerator_system_i/cnn_accelerator_wino_0/inst/conv2/gpre_q_reg[19][21]/C
                         clock pessimism              0.186    10.096    
                         clock uncertainty           -0.067    10.029    
    SLICE_X49Y123        FDRE (Setup_fdre_C_D)       -0.219     9.810    cnn_accelerator_system_i/cnn_accelerator_wino_0/inst/conv2/gpre_q_reg[19][21]
  -------------------------------------------------------------------
                         required time                          9.810    
                         arrival time                          -9.985    
  -------------------------------------------------------------------
                         slack                                 -0.174    

Slack (VIOLATED) :        -0.171ns  (required time - arrival time)
  Source:                 cnn_accelerator_system_i/cnn_accelerator_wino_0/inst/conv2/grp_q_reg_rep__68/C
                            (rising edge-triggered cell FDRE clocked by clk_out3_cnn_accelerator_system_clk_wiz_0_0  {rise@0.000ns fall@2.500ns period=5.000ns})
  Destination:            cnn_accelerator_system_i/cnn_accelerator_wino_0/inst/conv2/gic[1].u_it/tre_reg[0][1][10]/D
                            (rising edge-triggered cell FDRE clocked by clk_out3_cnn_accelerator_system_clk_wiz_0_0  {rise@0.000ns fall@2.500ns period=5.000ns})
  Path Group:             clk_out3_cnn_accelerator_system_clk_wiz_0_0
  Path Type:              Setup (Max at Slow Process Corner)
  Requirement:            5.000ns  (clk_out3_cnn_accelerator_system_clk_wiz_0_0 rise@5.000ns - clk_out3_cnn_accelerator_system_clk_wiz_0_0 rise@0.000ns)
  Data Path Delay:        5.051ns  (logic 1.667ns (33.004%)  route 3.384ns (66.996%))
  Logic Levels:           5  (CARRY4=3 LUT2=1 LUT3=1)
  Clock Path Skew:        -0.116ns (DCD - SCD + CPR)
    Destination Clock Delay (DCD):    4.929ns = ( 9.929 - 5.000 ) 
    Source Clock Delay      (SCD):    5.223ns
    Clock Pessimism Removal (CPR):    0.179ns
  Clock Uncertainty:      0.067ns  ((TSJ^2 + DJ^2)^1/2) / 2 + PE
    Total System Jitter     (TSJ):    0.071ns
    Discrete Jitter          (DJ):    0.113ns
    Phase Error              (PE):    0.000ns

    Location             Delay type                Incr(ns)  Path(ns)    Netlist Resource(s)
  -------------------------------------------------------------------    -------------------
                         (clock clk_out3_cnn_accelerator_system_clk_wiz_0_0 rise edge)
                                                      0.000     0.000 r  
    E3                                                0.000     0.000 r  CLK100MHZ (IN)
                         net (fo=0)                   0.000     0.000    CLK100MHZ
    E3                                                                r  CLK100MHZ_IBUF_inst/I
    E3                   IBUF (Prop_ibuf_I_O)         1.482     1.482 r  CLK100MHZ_IBUF_inst/O
                         net (fo=1, routed)           2.025     3.506    cnn_accelerator_system_i/util_ds_buf_0/U0/BUFG_I[0]
    BUFGCTRL_X0Y16                                                    r  cnn_accelerator_system_i/util_ds_buf_0/U0/USE_BUFG.GEN_BUFG[0].BUFG_U/I
    BUFGCTRL_X0Y16       BUFG (Prop_bufg_I_O)         0.096     3.602 r  cnn_accelerator_system_i/util_ds_buf_0/U0/USE_BUFG.GEN_BUFG[0].BUFG_U/O
                         net (fo=2, routed)           1.809     5.412    cnn_accelerator_system_i/clk_wiz_0/inst/clk_in1
    MMCME2_ADV_X0Y0                                                   r  cnn_accelerator_system_i/clk_wiz_0/inst/mmcm_adv_inst/CLKIN1
    MMCME2_ADV_X0Y0      MMCME2_ADV (Prop_mmcme2_adv_CLKIN1_CLKOUT2)
                                                     -3.922     1.490 r  cnn_accelerator_system_i/clk_wiz_0/inst/mmcm_adv_inst/CLKOUT2
                         net (fo=1, routed)           2.018     3.508    cnn_accelerator_system_i/clk_wiz_0/inst/clk_out3_cnn_accelerator_system_clk_wiz_0_0
    BUFGCTRL_X0Y2                                                     r  cnn_accelerator_system_i/clk_wiz_0/inst/clkout3_buf/I
    BUFGCTRL_X0Y2        BUFG (Prop_bufg_I_O)         0.096     3.604 r  cnn_accelerator_system_i/clk_wiz_0/inst/clkout3_buf/O
                         net (fo=54397, routed)       1.619     5.223    cnn_accelerator_system_i/cnn_accelerator_wino_0/inst/conv2/clk
    SLICE_X67Y105        FDRE                                         r  cnn_accelerator_system_i/cnn_accelerator_wino_0/inst/conv2/grp_q_reg_rep__68/C
  -------------------------------------------------------------------    -------------------
    SLICE_X67Y105        FDRE (Prop_fdre_C_Q)         0.456     5.679 r  cnn_accelerator_system_i/cnn_accelerator_wino_0/inst/conv2/grp_q_reg_rep__68/Q
                         net (fo=8, routed)           1.306     6.985    cnn_accelerator_system_i/cnn_accelerator_wino_0/inst/conv2/gic[1].u_it/i___112_1
    SLICE_X55Y111                                                     r  cnn_accelerator_system_i/cnn_accelerator_wino_0/inst/conv2/gic[1].u_it/i___161_i_2__0/I1
    SLICE_X55Y111        LUT3 (Prop_lut3_I1_O)        0.150     7.135 f  cnn_accelerator_system_i/cnn_accelerator_wino_0/inst/conv2/gic[1].u_it/i___161_i_2__0/O
                         net (fo=13, routed)          1.465     8.600    cnn_accelerator_system_i/cnn_accelerator_wino_0/inst/conv2/gic[1].u_it/gic[1].d_flat_ic[201]
    SLICE_X58Y88                                                      f  cnn_accelerator_system_i/cnn_accelerator_wino_0/inst/conv2/gic[1].u_it/tre[0][1][5]_i_3__0/I1
    SLICE_X58Y88         LUT2 (Prop_lut2_I1_O)        0.326     8.926 r  cnn_accelerator_system_i/cnn_accelerator_wino_0/inst/conv2/gic[1].u_it/tre[0][1][5]_i_3__0/O
                         net (fo=1, routed)           0.613     9.539    cnn_accelerator_system_i/cnn_accelerator_wino_0/inst/conv2/gic[1].u_it/tre[0][1][5]_i_3__0_n_0
    SLICE_X59Y86                                                      r  cnn_accelerator_system_i/cnn_accelerator_wino_0/inst/conv2/gic[1].u_it/tre_reg[0][1][5]_i_1__0/DI[2]
    SLICE_X59Y86         CARRY4 (Prop_carry4_DI[2]_CO[3])
                                                      0.398     9.937 r  cnn_accelerator_system_i/cnn_accelerator_wino_0/inst/conv2/gic[1].u_it/tre_reg[0][1][5]_i_1__0/CO[3]
                         net (fo=1, routed)           0.000     9.937    cnn_accelerator_system_i/cnn_accelerator_wino_0/inst/conv2/gic[1].u_it/tre_reg[0][1][5]_i_1__0_n_0
    SLICE_X59Y87                                                      r  cnn_accelerator_system_i/cnn_accelerator_wino_0/inst/conv2/gic[1].u_it/tre_reg[0][1][9]_i_1__0/CI
    SLICE_X59Y87         CARRY4 (Prop_carry4_CI_CO[3])
                                                      0.114    10.051 r  cnn_accelerator_system_i/cnn_accelerator_wino_0/inst/conv2/gic[1].u_it/tre_reg[0][1][9]_i_1__0/CO[3]
                         net (fo=1, routed)           0.000    10.051    cnn_accelerator_system_i/cnn_accelerator_wino_0/inst/conv2/gic[1].u_it/tre_reg[0][1][9]_i_1__0_n_0
    SLICE_X59Y88                                                      r  cnn_accelerator_system_i/cnn_accelerator_wino_0/inst/conv2/gic[1].u_it/tre_reg[0][1][10]_i_1__0/CI
    SLICE_X59Y88         CARRY4 (Prop_carry4_CI_O[0])
                                                      0.223    10.274 r  cnn_accelerator_system_i/cnn_accelerator_wino_0/inst/conv2/gic[1].u_it/tre_reg[0][1][10]_i_1__0/O[0]
                         net (fo=1, routed)           0.000    10.274    cnn_accelerator_system_i/cnn_accelerator_wino_0/inst/conv2/gic[1].u_it/tre_c[0][1]_361[10]
    SLICE_X59Y88         FDRE                                         r  cnn_accelerator_system_i/cnn_accelerator_wino_0/inst/conv2/gic[1].u_it/tre_reg[0][1][10]/D
  -------------------------------------------------------------------    -------------------

                         (clock clk_out3_cnn_accelerator_system_clk_wiz_0_0 rise edge)
                                                      5.000     5.000 r  
    E3                                                0.000     5.000 r  CLK100MHZ (IN)
                         net (fo=0)                   0.000     5.000    CLK100MHZ
    E3                                                                r  CLK100MHZ_IBUF_inst/I
    E3                   IBUF (Prop_ibuf_I_O)         1.411     6.411 r  CLK100MHZ_IBUF_inst/O
                         net (fo=1, routed)           1.920     8.331    cnn_accelerator_system_i/util_ds_buf_0/U0/BUFG_I[0]
    BUFGCTRL_X0Y16                                                    r  cnn_accelerator_system_i/util_ds_buf_0/U0/USE_BUFG.GEN_BUFG[0].BUFG_U/I
    BUFGCTRL_X0Y16       BUFG (Prop_bufg_I_O)         0.091     8.422 r  cnn_accelerator_system_i/util_ds_buf_0/U0/USE_BUFG.GEN_BUFG[0].BUFG_U/O
                         net (fo=2, routed)           1.683    10.105    cnn_accelerator_system_i/clk_wiz_0/inst/clk_in1
    MMCME2_ADV_X0Y0                                                   r  cnn_accelerator_system_i/clk_wiz_0/inst/mmcm_adv_inst/CLKIN1
    MMCME2_ADV_X0Y0      MMCME2_ADV (Prop_mmcme2_adv_CLKIN1_CLKOUT2)
                                                     -3.694     6.411 r  cnn_accelerator_system_i/clk_wiz_0/inst/mmcm_adv_inst/CLKOUT2
                         net (fo=1, routed)           1.923     8.334    cnn_accelerator_system_i/clk_wiz_0/inst/clk_out3_cnn_accelerator_system_clk_wiz_0_0
    BUFGCTRL_X0Y2                                                     r  cnn_accelerator_system_i/clk_wiz_0/inst/clkout3_buf/I
    BUFGCTRL_X0Y2        BUFG (Prop_bufg_I_O)         0.091     8.425 r  cnn_accelerator_system_i/clk_wiz_0/inst/clkout3_buf/O
                         net (fo=54397, routed)       1.503     9.929    cnn_accelerator_system_i/cnn_accelerator_wino_0/inst/conv2/gic[1].u_it/clk
    SLICE_X59Y88         FDRE                                         r  cnn_accelerator_system_i/cnn_accelerator_wino_0/inst/conv2/gic[1].u_it/tre_reg[0][1][10]/C
                         clock pessimism              0.179    10.108    
                         clock uncertainty           -0.067    10.041    
    SLICE_X59Y88         FDRE (Setup_fdre_C_D)        0.062    10.103    cnn_accelerator_system_i/cnn_accelerator_wino_0/inst/conv2/gic[1].u_it/tre_reg[0][1][10]
  -------------------------------------------------------------------
                         required time                         10.103    
                         arrival time                         -10.274    
  -------------------------------------------------------------------
                         slack                                 -0.171    

Slack (VIOLATED) :        -0.170ns  (required time - arrival time)
  Source:                 cnn_accelerator_system_i/cnn_accelerator_wino_0/inst/conv2/grp_q_reg_rep__81/C
                            (rising edge-triggered cell FDRE clocked by clk_out3_cnn_accelerator_system_clk_wiz_0_0  {rise@0.000ns fall@2.500ns period=5.000ns})
  Destination:            cnn_accelerator_system_i/cnn_accelerator_wino_0/inst/conv2/gic[1].u_it/tre_reg[2][5][10]/D
                            (rising edge-triggered cell FDRE clocked by clk_out3_cnn_accelerator_system_clk_wiz_0_0  {rise@0.000ns fall@2.500ns period=5.000ns})
  Path Group:             clk_out3_cnn_accelerator_system_clk_wiz_0_0
  Path Type:              Setup (Max at Slow Process Corner)
  Requirement:            5.000ns  (clk_out3_cnn_accelerator_system_clk_wiz_0_0 rise@5.000ns - clk_out3_cnn_accelerator_system_clk_wiz_0_0 rise@0.000ns)
  Data Path Delay:        4.967ns  (logic 1.832ns (36.881%)  route 3.135ns (63.119%))
  Logic Levels:           5  (CARRY4=2 LUT3=1 LUT5=1 LUT6=1)
  Clock Path Skew:        -0.198ns (DCD - SCD + CPR)
    Destination Clock Delay (DCD):    4.934ns = ( 9.934 - 5.000 ) 
    Source Clock Delay      (SCD):    5.319ns
    Clock Pessimism Removal (CPR):    0.187ns
  Clock Uncertainty:      0.067ns  ((TSJ^2 + DJ^2)^1/2) / 2 + PE
    Total System Jitter     (TSJ):    0.071ns
    Discrete Jitter          (DJ):    0.113ns
    Phase Error              (PE):    0.000ns

    Location             Delay type                Incr(ns)  Path(ns)    Netlist Resource(s)
  -------------------------------------------------------------------    -------------------
                         (clock clk_out3_cnn_accelerator_system_clk_wiz_0_0 rise edge)
                                                      0.000     0.000 r  
    E3                                                0.000     0.000 r  CLK100MHZ (IN)
                         net (fo=0)                   0.000     0.000    CLK100MHZ
    E3                                                                r  CLK100MHZ_IBUF_inst/I
    E3                   IBUF (Prop_ibuf_I_O)         1.482     1.482 r  CLK100MHZ_IBUF_inst/O
                         net (fo=1, routed)           2.025     3.506    cnn_accelerator_system_i/util_ds_buf_0/U0/BUFG_I[0]
    BUFGCTRL_X0Y16                                                    r  cnn_accelerator_system_i/util_ds_buf_0/U0/USE_BUFG.GEN_BUFG[0].BUFG_U/I
    BUFGCTRL_X0Y16       BUFG (Prop_bufg_I_O)         0.096     3.602 r  cnn_accelerator_system_i/util_ds_buf_0/U0/USE_BUFG.GEN_BUFG[0].BUFG_U/O
                         net (fo=2, routed)           1.809     5.412    cnn_accelerator_system_i/clk_wiz_0/inst/clk_in1
    MMCME2_ADV_X0Y0                                                   r  cnn_accelerator_system_i/clk_wiz_0/inst/mmcm_adv_inst/CLKIN1
    MMCME2_ADV_X0Y0      MMCME2_ADV (Prop_mmcme2_adv_CLKIN1_CLKOUT2)
                                                     -3.922     1.490 r  cnn_accelerator_system_i/clk_wiz_0/inst/mmcm_adv_inst/CLKOUT2
                         net (fo=1, routed)           2.018     3.508    cnn_accelerator_system_i/clk_wiz_0/inst/clk_out3_cnn_accelerator_system_clk_wiz_0_0
    BUFGCTRL_X0Y2                                                     r  cnn_accelerator_system_i/clk_wiz_0/inst/clkout3_buf/I
    BUFGCTRL_X0Y2        BUFG (Prop_bufg_I_O)         0.096     3.604 r  cnn_accelerator_system_i/clk_wiz_0/inst/clkout3_buf/O
                         net (fo=54397, routed)       1.714     5.319    cnn_accelerator_system_i/cnn_accelerator_wino_0/inst/conv2/clk
    SLICE_X72Y97         FDRE                                         r  cnn_accelerator_system_i/cnn_accelerator_wino_0/inst/conv2/grp_q_reg_rep__81/C
  -------------------------------------------------------------------    -------------------
    SLICE_X72Y97         FDRE (Prop_fdre_C_Q)         0.419     5.738 r  cnn_accelerator_system_i/cnn_accelerator_wino_0/inst/conv2/grp_q_reg_rep__81/Q
                         net (fo=8, routed)           1.074     6.812    cnn_accelerator_system_i/cnn_accelerator_wino_0/inst/conv2/gic[1].u_it/i___201_0
    SLICE_X64Y91                                                      r  cnn_accelerator_system_i/cnn_accelerator_wino_0/inst/conv2/gic[1].u_it/i___202_i_1__0/I1
    SLICE_X64Y91         LUT3 (Prop_lut3_I1_O)        0.299     7.111 f  cnn_accelerator_system_i/cnn_accelerator_wino_0/inst/conv2/gic[1].u_it/i___202_i_1__0/O
                         net (fo=9, routed)           1.438     8.549    cnn_accelerator_system_i/cnn_accelerator_wino_0/inst/conv2/gic[1].u_it/gic[1].d_flat_ic[91]
    SLICE_X50Y96                                                      f  cnn_accelerator_system_i/cnn_accelerator_wino_0/inst/conv2/gic[1].u_it/tre[2][5][7]_i_5__0/I4
    SLICE_X50Y96         LUT5 (Prop_lut5_I4_O)        0.124     8.673 r  cnn_accelerator_system_i/cnn_accelerator_wino_0/inst/conv2/gic[1].u_it/tre[2][5][7]_i_5__0/O
                         net (fo=2, routed)           0.623     9.296    cnn_accelerator_system_i/cnn_accelerator_wino_0/inst/conv2/gic[1].u_it/tre[2][5][7]_i_5__0_n_0
    SLICE_X51Y94                                                      r  cnn_accelerator_system_i/cnn_accelerator_wino_0/inst/conv2/gic[1].u_it/tre[2][5][7]_i_9__0/I0
    SLICE_X51Y94         LUT6 (Prop_lut6_I0_O)        0.124     9.420 r  cnn_accelerator_system_i/cnn_accelerator_wino_0/inst/conv2/gic[1].u_it/tre[2][5][7]_i_9__0/O
                         net (fo=1, routed)           0.000     9.420    cnn_accelerator_system_i/cnn_accelerator_wino_0/inst/conv2/gic[1].u_it/tre[2][5][7]_i_9__0_n_0
    SLICE_X51Y94                                                      r  cnn_accelerator_system_i/cnn_accelerator_wino_0/inst/conv2/gic[1].u_it/tre_reg[2][5][7]_i_1__0/S[0]
    SLICE_X51Y94         CARRY4 (Prop_carry4_S[0]_CO[3])
                                                      0.532     9.952 r  cnn_accelerator_system_i/cnn_accelerator_wino_0/inst/conv2/gic[1].u_it/tre_reg[2][5][7]_i_1__0/CO[3]
                         net (fo=1, routed)           0.000     9.952    cnn_accelerator_system_i/cnn_accelerator_wino_0/inst/conv2/gic[1].u_it/tre_reg[2][5][7]_i_1__0_n_0
    SLICE_X51Y95                                                      r  cnn_accelerator_system_i/cnn_accelerator_wino_0/inst/conv2/gic[1].u_it/tre_reg[2][5][10]_i_1__0/CI
    SLICE_X51Y95         CARRY4 (Prop_carry4_CI_O[1])
                                                      0.334    10.286 r  cnn_accelerator_system_i/cnn_accelerator_wino_0/inst/conv2/gic[1].u_it/tre_reg[2][5][10]_i_1__0/O[1]
                         net (fo=1, routed)           0.000    10.286    cnn_accelerator_system_i/cnn_accelerator_wino_0/inst/conv2/gic[1].u_it/tre_c[2][5]_369[10]
    SLICE_X51Y95         FDRE                                         r  cnn_accelerator_system_i/cnn_accelerator_wino_0/inst/conv2/gic[1].u_it/tre_reg[2][5][10]/D
  -------------------------------------------------------------------    -------------------

                         (clock clk_out3_cnn_accelerator_system_clk_wiz_0_0 rise edge)
                                                      5.000     5.000 r  
    E3                                                0.000     5.000 r  CLK100MHZ (IN)
                         net (fo=0)                   0.000     5.000    CLK100MHZ
    E3                                                                r  CLK100MHZ_IBUF_inst/I
    E3                   IBUF (Prop_ibuf_I_O)         1.411     6.411 r  CLK100MHZ_IBUF_inst/O
                         net (fo=1, routed)           1.920     8.331    cnn_accelerator_system_i/util_ds_buf_0/U0/BUFG_I[0]
    BUFGCTRL_X0Y16                                                    r  cnn_accelerator_system_i/util_ds_buf_0/U0/USE_BUFG.GEN_BUFG[0].BUFG_U/I
    BUFGCTRL_X0Y16       BUFG (Prop_bufg_I_O)         0.091     8.422 r  cnn_accelerator_system_i/util_ds_buf_0/U0/USE_BUFG.GEN_BUFG[0].BUFG_U/O
                         net (fo=2, routed)           1.683    10.105    cnn_accelerator_system_i/clk_wiz_0/inst/clk_in1
    MMCME2_ADV_X0Y0                                                   r  cnn_accelerator_system_i/clk_wiz_0/inst/mmcm_adv_inst/CLKIN1
    MMCME2_ADV_X0Y0      MMCME2_ADV (Prop_mmcme2_adv_CLKIN1_CLKOUT2)
                                                     -3.694     6.411 r  cnn_accelerator_system_i/clk_wiz_0/inst/mmcm_adv_inst/CLKOUT2
                         net (fo=1, routed)           1.923     8.334    cnn_accelerator_system_i/clk_wiz_0/inst/clk_out3_cnn_accelerator_system_clk_wiz_0_0
    BUFGCTRL_X0Y2                                                     r  cnn_accelerator_system_i/clk_wiz_0/inst/clkout3_buf/I
    BUFGCTRL_X0Y2        BUFG (Prop_bufg_I_O)         0.091     8.425 r  cnn_accelerator_system_i/clk_wiz_0/inst/clkout3_buf/O
                         net (fo=54397, routed)       1.508     9.934    cnn_accelerator_system_i/cnn_accelerator_wino_0/inst/conv2/gic[1].u_it/clk
    SLICE_X51Y95         FDRE                                         r  cnn_accelerator_system_i/cnn_accelerator_wino_0/inst/conv2/gic[1].u_it/tre_reg[2][5][10]/C
                         clock pessimism              0.187    10.121    
                         clock uncertainty           -0.067    10.054    
    SLICE_X51Y95         FDRE (Setup_fdre_C_D)        0.062    10.116    cnn_accelerator_system_i/cnn_accelerator_wino_0/inst/conv2/gic[1].u_it/tre_reg[2][5][10]
  -------------------------------------------------------------------
                         required time                         10.116    
                         arrival time                         -10.286    
  -------------------------------------------------------------------
                         slack                                 -0.170    

Slack (VIOLATED) :        -0.169ns  (required time - arrival time)
  Source:                 cnn_accelerator_system_i/cnn_accelerator_wino_0/inst/conv2/tile6_q_reg[1256]/C
                            (rising edge-triggered cell FDRE clocked by clk_out3_cnn_accelerator_system_clk_wiz_0_0  {rise@0.000ns fall@2.500ns period=5.000ns})
  Destination:            cnn_accelerator_system_i/cnn_accelerator_wino_0/inst/conv2/gic[1].u_it/tre_reg[2][1][10]/D
                            (rising edge-triggered cell FDRE clocked by clk_out3_cnn_accelerator_system_clk_wiz_0_0  {rise@0.000ns fall@2.500ns period=5.000ns})
  Path Group:             clk_out3_cnn_accelerator_system_clk_wiz_0_0
  Path Type:              Setup (Max at Slow Process Corner)
  Requirement:            5.000ns  (clk_out3_cnn_accelerator_system_clk_wiz_0_0 rise@5.000ns - clk_out3_cnn_accelerator_system_clk_wiz_0_0 rise@0.000ns)
  Data Path Delay:        5.061ns  (logic 1.970ns (38.923%)  route 3.091ns (61.077%))
  Logic Levels:           5  (CARRY4=3 LUT3=2)
  Clock Path Skew:        -0.103ns (DCD - SCD + CPR)
    Destination Clock Delay (DCD):    4.916ns = ( 9.916 - 5.000 ) 
    Source Clock Delay      (SCD):    5.205ns
    Clock Pessimism Removal (CPR):    0.186ns
  Clock Uncertainty:      0.067ns  ((TSJ^2 + DJ^2)^1/2) / 2 + PE
    Total System Jitter     (TSJ):    0.071ns
    Discrete Jitter          (DJ):    0.113ns
    Phase Error              (PE):    0.000ns

    Location             Delay type                Incr(ns)  Path(ns)    Netlist Resource(s)
  -------------------------------------------------------------------    -------------------
                         (clock clk_out3_cnn_accelerator_system_clk_wiz_0_0 rise edge)
                                                      0.000     0.000 r  
    E3                                                0.000     0.000 r  CLK100MHZ (IN)
                         net (fo=0)                   0.000     0.000    CLK100MHZ
    E3                                                                r  CLK100MHZ_IBUF_inst/I
    E3                   IBUF (Prop_ibuf_I_O)         1.482     1.482 r  CLK100MHZ_IBUF_inst/O
                         net (fo=1, routed)           2.025     3.506    cnn_accelerator_system_i/util_ds_buf_0/U0/BUFG_I[0]
    BUFGCTRL_X0Y16                                                    r  cnn_accelerator_system_i/util_ds_buf_0/U0/USE_BUFG.GEN_BUFG[0].BUFG_U/I
    BUFGCTRL_X0Y16       BUFG (Prop_bufg_I_O)         0.096     3.602 r  cnn_accelerator_system_i/util_ds_buf_0/U0/USE_BUFG.GEN_BUFG[0].BUFG_U/O
                         net (fo=2, routed)           1.809     5.412    cnn_accelerator_system_i/clk_wiz_0/inst/clk_in1
    MMCME2_ADV_X0Y0                                                   r  cnn_accelerator_system_i/clk_wiz_0/inst/mmcm_adv_inst/CLKIN1
    MMCME2_ADV_X0Y0      MMCME2_ADV (Prop_mmcme2_adv_CLKIN1_CLKOUT2)
                                                     -3.922     1.490 r  cnn_accelerator_system_i/clk_wiz_0/inst/mmcm_adv_inst/CLKOUT2
                         net (fo=1, routed)           2.018     3.508    cnn_accelerator_system_i/clk_wiz_0/inst/clk_out3_cnn_accelerator_system_clk_wiz_0_0
    BUFGCTRL_X0Y2                                                     r  cnn_accelerator_system_i/clk_wiz_0/inst/clkout3_buf/I
    BUFGCTRL_X0Y2        BUFG (Prop_bufg_I_O)         0.096     3.604 r  cnn_accelerator_system_i/clk_wiz_0/inst/clkout3_buf/O
                         net (fo=54397, routed)       1.601     5.205    cnn_accelerator_system_i/cnn_accelerator_wino_0/inst/conv2/clk
    SLICE_X66Y126        FDRE                                         r  cnn_accelerator_system_i/cnn_accelerator_wino_0/inst/conv2/tile6_q_reg[1256]/C
  -------------------------------------------------------------------    -------------------
    SLICE_X66Y126        FDRE (Prop_fdre_C_Q)         0.518     5.723 r  cnn_accelerator_system_i/cnn_accelerator_wino_0/inst/conv2/tile6_q_reg[1256]/Q
                         net (fo=2, routed)           2.046     7.769    cnn_accelerator_system_i/cnn_accelerator_wino_0/inst/conv2/gic[1].u_it/Q[312]
    SLICE_X48Y114                                                     r  cnn_accelerator_system_i/cnn_accelerator_wino_0/inst/conv2/gic[1].u_it/i___27_rep_i_1__0/I0
    SLICE_X48Y114        LUT3 (Prop_lut3_I0_O)        0.152     7.921 r  cnn_accelerator_system_i/cnn_accelerator_wino_0/inst/conv2/gic[1].u_it/i___27_rep_i_1__0/O
                         net (fo=6, routed)           0.565     8.486    cnn_accelerator_system_i/cnn_accelerator_wino_0/inst/conv2/gic[1].u_it/gic[1].d_flat_ic[152]
    SLICE_X47Y115                                                     r  cnn_accelerator_system_i/cnn_accelerator_wino_0/inst/conv2/gic[1].u_it/tre[2][1][3]_i_5__0/I1
    SLICE_X47Y115        LUT3 (Prop_lut3_I1_O)        0.326     8.812 r  cnn_accelerator_system_i/cnn_accelerator_wino_0/inst/conv2/gic[1].u_it/tre[2][1][3]_i_5__0/O
                         net (fo=1, routed)           0.480     9.293    cnn_accelerator_system_i/cnn_accelerator_wino_0/inst/conv2/gic[1].u_it/tre[2][1][3]_i_5__0_n_0
    SLICE_X45Y117                                                     r  cnn_accelerator_system_i/cnn_accelerator_wino_0/inst/conv2/gic[1].u_it/tre_reg[2][1][3]_i_1__0/DI[0]
    SLICE_X45Y117        CARRY4 (Prop_carry4_DI[0]_CO[3])
                                                      0.526     9.819 r  cnn_accelerator_system_i/cnn_accelerator_wino_0/inst/conv2/gic[1].u_it/tre_reg[2][1][3]_i_1__0/CO[3]
                         net (fo=1, routed)           0.000     9.819    cnn_accelerator_system_i/cnn_accelerator_wino_0/inst/conv2/gic[1].u_it/tre_reg[2][1][3]_i_1__0_n_0
    SLICE_X45Y118                                                     r  cnn_accelerator_system_i/cnn_accelerator_wino_0/inst/conv2/gic[1].u_it/tre_reg[2][1][7]_i_1__0/CI
    SLICE_X45Y118        CARRY4 (Prop_carry4_CI_CO[3])
                                                      0.114     9.933 r  cnn_accelerator_system_i/cnn_accelerator_wino_0/inst/conv2/gic[1].u_it/tre_reg[2][1][7]_i_1__0/CO[3]
                         net (fo=1, routed)           0.000     9.933    cnn_accelerator_system_i/cnn_accelerator_wino_0/inst/conv2/gic[1].u_it/tre_reg[2][1][7]_i_1__0_n_0
    SLICE_X45Y119                                                     r  cnn_accelerator_system_i/cnn_accelerator_wino_0/inst/conv2/gic[1].u_it/tre_reg[2][1][10]_i_1__0/CI
    SLICE_X45Y119        CARRY4 (Prop_carry4_CI_O[1])
                                                      0.334    10.267 r  cnn_accelerator_system_i/cnn_accelerator_wino_0/inst/conv2/gic[1].u_it/tre_reg[2][1][10]_i_1__0/O[1]
                         net (fo=1, routed)           0.000    10.267    cnn_accelerator_system_i/cnn_accelerator_wino_0/inst/conv2/gic[1].u_it/tre_c[2][1]_363[10]
    SLICE_X45Y119        FDRE                                         r  cnn_accelerator_system_i/cnn_accelerator_wino_0/inst/conv2/gic[1].u_it/tre_reg[2][1][10]/D
  -------------------------------------------------------------------    -------------------

                         (clock clk_out3_cnn_accelerator_system_clk_wiz_0_0 rise edge)
                                                      5.000     5.000 r  
    E3                                                0.000     5.000 r  CLK100MHZ (IN)
                         net (fo=0)                   0.000     5.000    CLK100MHZ
    E3                                                                r  CLK100MHZ_IBUF_inst/I
    E3                   IBUF (Prop_ibuf_I_O)         1.411     6.411 r  CLK100MHZ_IBUF_inst/O
                         net (fo=1, routed)           1.920     8.331    cnn_accelerator_system_i/util_ds_buf_0/U0/BUFG_I[0]
    BUFGCTRL_X0Y16                                                    r  cnn_accelerator_system_i/util_ds_buf_0/U0/USE_BUFG.GEN_BUFG[0].BUFG_U/I
    BUFGCTRL_X0Y16       BUFG (Prop_bufg_I_O)         0.091     8.422 r  cnn_accelerator_system_i/util_ds_buf_0/U0/USE_BUFG.GEN_BUFG[0].BUFG_U/O
                         net (fo=2, routed)           1.683    10.105    cnn_accelerator_system_i/clk_wiz_0/inst/clk_in1
    MMCME2_ADV_X0Y0                                                   r  cnn_accelerator_system_i/clk_wiz_0/inst/mmcm_adv_inst/CLKIN1
    MMCME2_ADV_X0Y0      MMCME2_ADV (Prop_mmcme2_adv_CLKIN1_CLKOUT2)
                                                     -3.694     6.411 r  cnn_accelerator_system_i/clk_wiz_0/inst/mmcm_adv_inst/CLKOUT2
                         net (fo=1, routed)           1.923     8.334    cnn_accelerator_system_i/clk_wiz_0/inst/clk_out3_cnn_accelerator_system_clk_wiz_0_0
    BUFGCTRL_X0Y2                                                     r  cnn_accelerator_system_i/clk_wiz_0/inst/clkout3_buf/I
    BUFGCTRL_X0Y2        BUFG (Prop_bufg_I_O)         0.091     8.425 r  cnn_accelerator_system_i/clk_wiz_0/inst/clkout3_buf/O
                         net (fo=54397, routed)       1.491     9.916    cnn_accelerator_system_i/cnn_accelerator_wino_0/inst/conv2/gic[1].u_it/clk
    SLICE_X45Y119        FDRE                                         r  cnn_accelerator_system_i/cnn_accelerator_wino_0/inst/conv2/gic[1].u_it/tre_reg[2][1][10]/C
                         clock pessimism              0.186    10.102    
                         clock uncertainty           -0.067    10.035    
    SLICE_X45Y119        FDRE (Setup_fdre_C_D)        0.062    10.097    cnn_accelerator_system_i/cnn_accelerator_wino_0/inst/conv2/gic[1].u_it/tre_reg[2][1][10]
  -------------------------------------------------------------------
                         required time                         10.097    
                         arrival time                         -10.267    
  -------------------------------------------------------------------
                         slack                                 -0.169    

Slack (VIOLATED) :        -0.169ns  (required time - arrival time)
  Source:                 cnn_accelerator_system_i/cnn_accelerator_wino_0/inst/conv2/grp_q_reg_rep__68/C
                            (rising edge-triggered cell FDRE clocked by clk_out3_cnn_accelerator_system_clk_wiz_0_0  {rise@0.000ns fall@2.500ns period=5.000ns})
  Destination:            cnn_accelerator_system_i/cnn_accelerator_wino_0/inst/conv2/gic[1].u_it/tre_reg[0][1][7]/D
                            (rising edge-triggered cell FDRE clocked by clk_out3_cnn_accelerator_system_clk_wiz_0_0  {rise@0.000ns fall@2.500ns period=5.000ns})
  Path Group:             clk_out3_cnn_accelerator_system_clk_wiz_0_0
  Path Type:              Setup (Max at Slow Process Corner)
  Requirement:            5.000ns  (clk_out3_cnn_accelerator_system_clk_wiz_0_0 rise@5.000ns - clk_out3_cnn_accelerator_system_clk_wiz_0_0 rise@0.000ns)
  Data Path Delay:        5.048ns  (logic 1.664ns (32.964%)  route 3.384ns (67.036%))
  Logic Levels:           4  (CARRY4=2 LUT2=1 LUT3=1)
  Clock Path Skew:        -0.117ns (DCD - SCD + CPR)
    Destination Clock Delay (DCD):    4.928ns = ( 9.928 - 5.000 ) 
    Source Clock Delay      (SCD):    5.223ns
    Clock Pessimism Removal (CPR):    0.179ns
  Clock Uncertainty:      0.067ns  ((TSJ^2 + DJ^2)^1/2) / 2 + PE
    Total System Jitter     (TSJ):    0.071ns
    Discrete Jitter          (DJ):    0.113ns
    Phase Error              (PE):    0.000ns

    Location             Delay type                Incr(ns)  Path(ns)    Netlist Resource(s)
  -------------------------------------------------------------------    -------------------
                         (clock clk_out3_cnn_accelerator_system_clk_wiz_0_0 rise edge)
                                                      0.000     0.000 r  
    E3                                                0.000     0.000 r  CLK100MHZ (IN)
                         net (fo=0)                   0.000     0.000    CLK100MHZ
    E3                                                                r  CLK100MHZ_IBUF_inst/I
    E3                   IBUF (Prop_ibuf_I_O)         1.482     1.482 r  CLK100MHZ_IBUF_inst/O
                         net (fo=1, routed)           2.025     3.506    cnn_accelerator_system_i/util_ds_buf_0/U0/BUFG_I[0]
    BUFGCTRL_X0Y16                                                    r  cnn_accelerator_system_i/util_ds_buf_0/U0/USE_BUFG.GEN_BUFG[0].BUFG_U/I
    BUFGCTRL_X0Y16       BUFG (Prop_bufg_I_O)         0.096     3.602 r  cnn_accelerator_system_i/util_ds_buf_0/U0/USE_BUFG.GEN_BUFG[0].BUFG_U/O
                         net (fo=2, routed)           1.809     5.412    cnn_accelerator_system_i/clk_wiz_0/inst/clk_in1
    MMCME2_ADV_X0Y0                                                   r  cnn_accelerator_system_i/clk_wiz_0/inst/mmcm_adv_inst/CLKIN1
    MMCME2_ADV_X0Y0      MMCME2_ADV (Prop_mmcme2_adv_CLKIN1_CLKOUT2)
                                                     -3.922     1.490 r  cnn_accelerator_system_i/clk_wiz_0/inst/mmcm_adv_inst/CLKOUT2
                         net (fo=1, routed)           2.018     3.508    cnn_accelerator_system_i/clk_wiz_0/inst/clk_out3_cnn_accelerator_system_clk_wiz_0_0
    BUFGCTRL_X0Y2                                                     r  cnn_accelerator_system_i/clk_wiz_0/inst/clkout3_buf/I
    BUFGCTRL_X0Y2        BUFG (Prop_bufg_I_O)         0.096     3.604 r  cnn_accelerator_system_i/clk_wiz_0/inst/clkout3_buf/O
                         net (fo=54397, routed)       1.619     5.223    cnn_accelerator_system_i/cnn_accelerator_wino_0/inst/conv2/clk
    SLICE_X67Y105        FDRE                                         r  cnn_accelerator_system_i/cnn_accelerator_wino_0/inst/conv2/grp_q_reg_rep__68/C
  -------------------------------------------------------------------    -------------------
    SLICE_X67Y105        FDRE (Prop_fdre_C_Q)         0.456     5.679 r  cnn_accelerator_system_i/cnn_accelerator_wino_0/inst/conv2/grp_q_reg_rep__68/Q
                         net (fo=8, routed)           1.306     6.985    cnn_accelerator_system_i/cnn_accelerator_wino_0/inst/conv2/gic[1].u_it/i___112_1
    SLICE_X55Y111                                                     r  cnn_accelerator_system_i/cnn_accelerator_wino_0/inst/conv2/gic[1].u_it/i___161_i_2__0/I1
    SLICE_X55Y111        LUT3 (Prop_lut3_I1_O)        0.150     7.135 f  cnn_accelerator_system_i/cnn_accelerator_wino_0/inst/conv2/gic[1].u_it/i___161_i_2__0/O
                         net (fo=13, routed)          1.465     8.600    cnn_accelerator_system_i/cnn_accelerator_wino_0/inst/conv2/gic[1].u_it/gic[1].d_flat_ic[201]
    SLICE_X58Y88                                                      f  cnn_accelerator_system_i/cnn_accelerator_wino_0/inst/conv2/gic[1].u_it/tre[0][1][5]_i_3__0/I1
    SLICE_X58Y88         LUT2 (Prop_lut2_I1_O)        0.326     8.926 r  cnn_accelerator_system_i/cnn_accelerator_wino_0/inst/conv2/gic[1].u_it/tre[0][1][5]_i_3__0/O
                         net (fo=1, routed)           0.613     9.539    cnn_accelerator_system_i/cnn_accelerator_wino_0/inst/conv2/gic[1].u_it/tre[0][1][5]_i_3__0_n_0
    SLICE_X59Y86                                                      r  cnn_accelerator_system_i/cnn_accelerator_wino_0/inst/conv2/gic[1].u_it/tre_reg[0][1][5]_i_1__0/DI[2]
    SLICE_X59Y86         CARRY4 (Prop_carry4_DI[2]_CO[3])
                                                      0.398     9.937 r  cnn_accelerator_system_i/cnn_accelerator_wino_0/inst/conv2/gic[1].u_it/tre_reg[0][1][5]_i_1__0/CO[3]
                         net (fo=1, routed)           0.000     9.937    cnn_accelerator_system_i/cnn_accelerator_wino_0/inst/conv2/gic[1].u_it/tre_reg[0][1][5]_i_1__0_n_0
    SLICE_X59Y87                                                      r  cnn_accelerator_system_i/cnn_accelerator_wino_0/inst/conv2/gic[1].u_it/tre_reg[0][1][9]_i_1__0/CI
    SLICE_X59Y87         CARRY4 (Prop_carry4_CI_O[1])
                                                      0.334    10.271 r  cnn_accelerator_system_i/cnn_accelerator_wino_0/inst/conv2/gic[1].u_it/tre_reg[0][1][9]_i_1__0/O[1]
                         net (fo=1, routed)           0.000    10.271    cnn_accelerator_system_i/cnn_accelerator_wino_0/inst/conv2/gic[1].u_it/tre_c[0][1]_361[7]
    SLICE_X59Y87         FDRE                                         r  cnn_accelerator_system_i/cnn_accelerator_wino_0/inst/conv2/gic[1].u_it/tre_reg[0][1][7]/D
  -------------------------------------------------------------------    -------------------

                         (clock clk_out3_cnn_accelerator_system_clk_wiz_0_0 rise edge)
                                                      5.000     5.000 r  
    E3                                                0.000     5.000 r  CLK100MHZ (IN)
                         net (fo=0)                   0.000     5.000    CLK100MHZ
    E3                                                                r  CLK100MHZ_IBUF_inst/I
    E3                   IBUF (Prop_ibuf_I_O)         1.411     6.411 r  CLK100MHZ_IBUF_inst/O
                         net (fo=1, routed)           1.920     8.331    cnn_accelerator_system_i/util_ds_buf_0/U0/BUFG_I[0]
    BUFGCTRL_X0Y16                                                    r  cnn_accelerator_system_i/util_ds_buf_0/U0/USE_BUFG.GEN_BUFG[0].BUFG_U/I
    BUFGCTRL_X0Y16       BUFG (Prop_bufg_I_O)         0.091     8.422 r  cnn_accelerator_system_i/util_ds_buf_0/U0/USE_BUFG.GEN_BUFG[0].BUFG_U/O
                         net (fo=2, routed)           1.683    10.105    cnn_accelerator_system_i/clk_wiz_0/inst/clk_in1
    MMCME2_ADV_X0Y0                                                   r  cnn_accelerator_system_i/clk_wiz_0/inst/mmcm_adv_inst/CLKIN1
    MMCME2_ADV_X0Y0      MMCME2_ADV (Prop_mmcme2_adv_CLKIN1_CLKOUT2)
                                                     -3.694     6.411 r  cnn_accelerator_system_i/clk_wiz_0/inst/mmcm_adv_inst/CLKOUT2
                         net (fo=1, routed)           1.923     8.334    cnn_accelerator_system_i/clk_wiz_0/inst/clk_out3_cnn_accelerator_system_clk_wiz_0_0
    BUFGCTRL_X0Y2                                                     r  cnn_accelerator_system_i/clk_wiz_0/inst/clkout3_buf/I
    BUFGCTRL_X0Y2        BUFG (Prop_bufg_I_O)         0.091     8.425 r  cnn_accelerator_system_i/clk_wiz_0/inst/clkout3_buf/O
                         net (fo=54397, routed)       1.502     9.928    cnn_accelerator_system_i/cnn_accelerator_wino_0/inst/conv2/gic[1].u_it/clk
    SLICE_X59Y87         FDRE                                         r  cnn_accelerator_system_i/cnn_accelerator_wino_0/inst/conv2/gic[1].u_it/tre_reg[0][1][7]/C
                         clock pessimism              0.179    10.107    
                         clock uncertainty           -0.067    10.040    
    SLICE_X59Y87         FDRE (Setup_fdre_C_D)        0.062    10.102    cnn_accelerator_system_i/cnn_accelerator_wino_0/inst/conv2/gic[1].u_it/tre_reg[0][1][7]
  -------------------------------------------------------------------
                         required time                         10.102    
                         arrival time                         -10.271    
  -------------------------------------------------------------------
                         slack                                 -0.169    

Slack (VIOLATED) :        -0.158ns  (required time - arrival time)
  Source:                 cnn_accelerator_system_i/ram_interconnect/m01_couplers/auto_ds/inst/gen_downsizer.gen_simple_downsizer.axi_downsizer_inst/USE_WRITE.write_data_inst/first_word_reg/C
                            (rising edge-triggered cell FDSE clocked by clk_out1_cnn_accelerator_system_clk_wiz_0_0  {rise@0.000ns fall@5.000ns period=10.000ns})
  Destination:            cnn_accelerator_system_i/ram_interconnect/s02_couplers/auto_us/inst/gen_upsizer.gen_full_upsizer.axi_upsizer_inst/USE_WRITE.gen_non_fifo_w_upsizer.write_data_inst/WORD_LANE[0].USE_ALWAYS_PACKER.BYTE_LANE[2].USE_RTL_DATA.USE_REGISTER.M_AXI_WDATA_I_reg[21]/CE
                            (rising edge-triggered cell FDRE clocked by clk_out1_cnn_accelerator_system_clk_wiz_0_0  {rise@0.000ns fall@5.000ns period=10.000ns})
  Path Group:             clk_out1_cnn_accelerator_system_clk_wiz_0_0
  Path Type:              Setup (Max at Slow Process Corner)
  Requirement:            10.000ns  (clk_out1_cnn_accelerator_system_clk_wiz_0_0 rise@10.000ns - clk_out1_cnn_accelerator_system_clk_wiz_0_0 rise@0.000ns)
  Data Path Delay:        9.608ns  (logic 1.758ns (18.298%)  route 7.850ns (81.702%))
  Logic Levels:           10  (LUT2=1 LUT3=1 LUT4=1 LUT5=2 LUT6=5)
  Clock Path Skew:        -0.272ns (DCD - SCD + CPR)
    Destination Clock Delay (DCD):    4.942ns = ( 14.942 - 10.000 ) 
    Source Clock Delay      (SCD):    5.401ns
    Clock Pessimism Removal (CPR):    0.187ns
  Clock Uncertainty:      0.074ns  ((TSJ^2 + DJ^2)^1/2) / 2 + PE
    Total System Jitter     (TSJ):    0.071ns
    Discrete Jitter          (DJ):    0.129ns
    Phase Error              (PE):    0.000ns

    Location             Delay type                Incr(ns)  Path(ns)    Netlist Resource(s)
  -------------------------------------------------------------------    -------------------
                         (clock clk_out1_cnn_accelerator_system_clk_wiz_0_0 rise edge)
                                                      0.000     0.000 r  
    E3                                                0.000     0.000 r  CLK100MHZ (IN)
                         net (fo=0)                   0.000     0.000    CLK100MHZ
    E3                                                                r  CLK100MHZ_IBUF_inst/I
    E3                   IBUF (Prop_ibuf_I_O)         1.482     1.482 r  CLK100MHZ_IBUF_inst/O
                         net (fo=1, routed)           2.025     3.506    cnn_accelerator_system_i/util_ds_buf_0/U0/BUFG_I[0]
    BUFGCTRL_X0Y16                                                    r  cnn_accelerator_system_i/util_ds_buf_0/U0/USE_BUFG.GEN_BUFG[0].BUFG_U/I
    BUFGCTRL_X0Y16       BUFG (Prop_bufg_I_O)         0.096     3.602 r  cnn_accelerator_system_i/util_ds_buf_0/U0/USE_BUFG.GEN_BUFG[0].BUFG_U/O
                         net (fo=2, routed)           1.809     5.412    cnn_accelerator_system_i/clk_wiz_0/inst/clk_in1
    MMCME2_ADV_X0Y0                                                   r  cnn_accelerator_system_i/clk_wiz_0/inst/mmcm_adv_inst/CLKIN1
    MMCME2_ADV_X0Y0      MMCME2_ADV (Prop_mmcme2_adv_CLKIN1_CLKOUT0)
                                                     -3.922     1.490 r  cnn_accelerator_system_i/clk_wiz_0/inst/mmcm_adv_inst/CLKOUT0
                         net (fo=1, routed)           2.018     3.508    cnn_accelerator_system_i/clk_wiz_0/inst/clk_out1_cnn_accelerator_system_clk_wiz_0_0
    BUFGCTRL_X0Y3                                                     r  cnn_accelerator_system_i/clk_wiz_0/inst/clkout1_buf/I
    BUFGCTRL_X0Y3        BUFG (Prop_bufg_I_O)         0.096     3.604 r  cnn_accelerator_system_i/clk_wiz_0/inst/clkout1_buf/O
                         net (fo=14543, routed)       1.796     5.401    cnn_accelerator_system_i/ram_interconnect/m01_couplers/auto_ds/inst/gen_downsizer.gen_simple_downsizer.axi_downsizer_inst/USE_WRITE.write_data_inst/CLK
    SLICE_X42Y19         FDSE                                         r  cnn_accelerator_system_i/ram_interconnect/m01_couplers/auto_ds/inst/gen_downsizer.gen_simple_downsizer.axi_downsizer_inst/USE_WRITE.write_data_inst/first_word_reg/C
  -------------------------------------------------------------------    -------------------
    SLICE_X42Y19         FDSE (Prop_fdse_C_Q)         0.518     5.919 r  cnn_accelerator_system_i/ram_interconnect/m01_couplers/auto_ds/inst/gen_downsizer.gen_simple_downsizer.axi_downsizer_inst/USE_WRITE.write_data_inst/first_word_reg/Q
                         net (fo=20, routed)          1.364     7.282    cnn_accelerator_system_i/ram_interconnect/m01_couplers/auto_ds/inst/gen_downsizer.gen_simple_downsizer.axi_downsizer_inst/USE_WRITE.write_data_inst/first_mi_word
    SLICE_X32Y26                                                      r  cnn_accelerator_system_i/ram_interconnect/m01_couplers/auto_ds/inst/gen_downsizer.gen_simple_downsizer.axi_downsizer_inst/USE_WRITE.write_data_inst/current_word_1[1]_i_3/I1
    SLICE_X32Y26         LUT4 (Prop_lut4_I1_O)        0.124     7.406 f  cnn_accelerator_system_i/ram_interconnect/m01_couplers/auto_ds/inst/gen_downsizer.gen_simple_downsizer.axi_downsizer_inst/USE_WRITE.write_data_inst/current_word_1[1]_i_3/O
                         net (fo=3, routed)           0.600     8.006    cnn_accelerator_system_i/ram_interconnect/m01_couplers/auto_ds/inst/gen_downsizer.gen_simple_downsizer.axi_downsizer_inst/USE_WRITE.write_addr_inst/cmd_queue/inst/current_word_1_reg[1]_0
    SLICE_X35Y25                                                      f  cnn_accelerator_system_i/ram_interconnect/m01_couplers/auto_ds/inst/gen_downsizer.gen_simple_downsizer.axi_downsizer_inst/USE_WRITE.write_addr_inst/cmd_queue/inst/current_word_1[2]_i_2__0/I2
    SLICE_X35Y25         LUT5 (Prop_lut5_I2_O)        0.124     8.130 r  cnn_accelerator_system_i/ram_interconnect/m01_couplers/auto_ds/inst/gen_downsizer.gen_simple_downsizer.axi_downsizer_inst/USE_WRITE.write_addr_inst/cmd_queue/inst/current_word_1[2]_i_2__0/O
                         net (fo=2, routed)           0.582     8.712    cnn_accelerator_system_i/ram_interconnect/m01_couplers/auto_ds/inst/gen_downsizer.gen_simple_downsizer.axi_downsizer_inst/USE_WRITE.write_addr_inst/cmd_queue/inst/current_word_1[2]_i_2__0_n_0
    SLICE_X32Y25                                                      r  cnn_accelerator_system_i/ram_interconnect/m01_couplers/auto_ds/inst/gen_downsizer.gen_simple_downsizer.axi_downsizer_inst/USE_WRITE.write_addr_inst/cmd_queue/inst/s_axi_wready_INST_0_i_2/I3
    SLICE_X32Y25         LUT5 (Prop_lut5_I3_O)        0.124     8.836 r  cnn_accelerator_system_i/ram_interconnect/m01_couplers/auto_ds/inst/gen_downsizer.gen_simple_downsizer.axi_downsizer_inst/USE_WRITE.write_addr_inst/cmd_queue/inst/s_axi_wready_INST_0_i_2/O
                         net (fo=2, routed)           0.904     9.740    cnn_accelerator_system_i/ram_interconnect/m01_couplers/auto_ds/inst/gen_downsizer.gen_simple_downsizer.axi_downsizer_inst/USE_WRITE.write_addr_inst/cmd_queue/inst/s_axi_wready_INST_0_i_2_n_0
    SLICE_X27Y26                                                      r  cnn_accelerator_system_i/ram_interconnect/m01_couplers/auto_ds/inst/gen_downsizer.gen_simple_downsizer.axi_downsizer_inst/USE_WRITE.write_addr_inst/cmd_queue/inst/s_axi_wready_INST_0_i_1/I0
    SLICE_X27Y26         LUT6 (Prop_lut6_I0_O)        0.124     9.864 f  cnn_accelerator_system_i/ram_interconnect/m01_couplers/auto_ds/inst/gen_downsizer.gen_simple_downsizer.axi_downsizer_inst/USE_WRITE.write_addr_inst/cmd_queue/inst/s_axi_wready_INST_0_i_1/O
                         net (fo=1, routed)           0.295    10.159    cnn_accelerator_system_i/ram_interconnect/m01_couplers/auto_ds/inst/gen_downsizer.gen_simple_downsizer.axi_downsizer_inst/USE_WRITE.write_addr_inst/cmd_queue/inst/s_axi_wready_INST_0_i_1_n_0
    SLICE_X27Y28                                                      f  cnn_accelerator_system_i/ram_interconnect/m01_couplers/auto_ds/inst/gen_downsizer.gen_simple_downsizer.axi_downsizer_inst/USE_WRITE.write_addr_inst/cmd_queue/inst/s_axi_wready_INST_0/I5
    SLICE_X27Y28         LUT6 (Prop_lut6_I5_O)        0.124    10.283 r  cnn_accelerator_system_i/ram_interconnect/m01_couplers/auto_ds/inst/gen_downsizer.gen_simple_downsizer.axi_downsizer_inst/USE_WRITE.write_addr_inst/cmd_queue/inst/s_axi_wready_INST_0/O
                         net (fo=4, routed)           0.641    10.923    cnn_accelerator_system_i/ram_interconnect/xbar/inst/gen_samd.crossbar_samd/gen_slave_slots[2].gen_si_write.wdata_router_w/wrouter_aw_fifo/gen_srls[0].gen_rep[1].srl_nx1/m_axi_wready[0]
    SLICE_X27Y37                                                      r  cnn_accelerator_system_i/ram_interconnect/xbar/inst/gen_samd.crossbar_samd/gen_slave_slots[2].gen_si_write.wdata_router_w/wrouter_aw_fifo/gen_srls[0].gen_rep[1].srl_nx1/s_axi_wready[2]_INST_0_i_1/I3
    SLICE_X27Y37         LUT6 (Prop_lut6_I3_O)        0.124    11.047 r  cnn_accelerator_system_i/ram_interconnect/xbar/inst/gen_samd.crossbar_samd/gen_slave_slots[2].gen_si_write.wdata_router_w/wrouter_aw_fifo/gen_srls[0].gen_rep[1].srl_nx1/s_axi_wready[2]_INST_0_i_1/O
                         net (fo=4, routed)           0.759    11.807    cnn_accelerator_system_i/ram_interconnect/xbar/inst/gen_samd.crossbar_samd/gen_slave_slots[2].gen_si_write.wdata_router_w/wrouter_aw_fifo/m_aready0
    SLICE_X27Y45                                                      r  cnn_accelerator_system_i/ram_interconnect/xbar/inst/gen_samd.crossbar_samd/gen_slave_slots[2].gen_si_write.wdata_router_w/wrouter_aw_fifo/s_axi_wready[2]_INST_0/I1
    SLICE_X27Y45         LUT2 (Prop_lut2_I1_O)        0.124    11.931 r  cnn_accelerator_system_i/ram_interconnect/xbar/inst/gen_samd.crossbar_samd/gen_slave_slots[2].gen_si_write.wdata_router_w/wrouter_aw_fifo/s_axi_wready[2]_INST_0/O
                         net (fo=39, routed)          0.711    12.642    cnn_accelerator_system_i/ram_interconnect/s02_couplers/auto_us/inst/gen_upsizer.gen_full_upsizer.axi_upsizer_inst/USE_WRITE.write_addr_inst/GEN_CMD_QUEUE.cmd_queue/m_axi_wready
    SLICE_X29Y45                                                      r  cnn_accelerator_system_i/ram_interconnect/s02_couplers/auto_us/inst/gen_upsizer.gen_full_upsizer.axi_upsizer_inst/USE_WRITE.write_addr_inst/GEN_CMD_QUEUE.cmd_queue/WORD_LANE[3].USE_ALWAYS_PACKER.BYTE_LANE[3].USE_RTL_DATA.USE_REGISTER.M_AXI_WDATA_I[127]_i_6/I1
    SLICE_X29Y45         LUT6 (Prop_lut6_I1_O)        0.124    12.766 f  cnn_accelerator_system_i/ram_interconnect/s02_couplers/auto_us/inst/gen_upsizer.gen_full_upsizer.axi_upsizer_inst/USE_WRITE.write_addr_inst/GEN_CMD_QUEUE.cmd_queue/WORD_LANE[3].USE_ALWAYS_PACKER.BYTE_LANE[3].USE_RTL_DATA.USE_REGISTER.M_AXI_WDATA_I[127]_i_6/O
                         net (fo=2, routed)           0.610    13.376    cnn_accelerator_system_i/ram_interconnect/s02_couplers/auto_us/inst/gen_upsizer.gen_full_upsizer.axi_upsizer_inst/USE_WRITE.write_addr_inst/GEN_CMD_QUEUE.cmd_queue/WORD_LANE[3].USE_ALWAYS_PACKER.BYTE_LANE[3].USE_RTL_DATA.USE_REGISTER.M_AXI_WDATA_I[127]_i_6_n_0
    SLICE_X30Y45                                                      f  cnn_accelerator_system_i/ram_interconnect/s02_couplers/auto_us/inst/gen_upsizer.gen_full_upsizer.axi_upsizer_inst/USE_WRITE.write_addr_inst/GEN_CMD_QUEUE.cmd_queue/WORD_LANE[0].USE_ALWAYS_PACKER.BYTE_LANE[3].USE_RTL_DATA.USE_REGISTER.M_AXI_WDATA_I[31]_i_5/I2
    SLICE_X30Y45         LUT3 (Prop_lut3_I2_O)        0.124    13.500 f  cnn_accelerator_system_i/ram_interconnect/s02_couplers/auto_us/inst/gen_upsizer.gen_full_upsizer.axi_upsizer_inst/USE_WRITE.write_addr_inst/GEN_CMD_QUEUE.cmd_queue/WORD_LANE[0].USE_ALWAYS_PACKER.BYTE_LANE[3].USE_RTL_DATA.USE_REGISTER.M_AXI_WDATA_I[31]_i_5/O
                         net (fo=8, routed)           0.734    14.234    cnn_accelerator_system_i/ram_interconnect/s02_couplers/auto_us/inst/gen_upsizer.gen_full_upsizer.axi_upsizer_inst/USE_WRITE.gen_non_fifo_w_upsizer.write_data_inst/WORD_LANE[0].USE_ALWAYS_PACKER.BYTE_LANE[0].USE_RTL_DATA.USE_REGISTER.M_AXI_WSTRB_I_reg[0]_0
    SLICE_X35Y49                                                      f  cnn_accelerator_system_i/ram_interconnect/s02_couplers/auto_us/inst/gen_upsizer.gen_full_upsizer.axi_upsizer_inst/USE_WRITE.gen_non_fifo_w_upsizer.write_data_inst/WORD_LANE[0].USE_ALWAYS_PACKER.BYTE_LANE[2].USE_RTL_DATA.USE_REGISTER.M_AXI_WDATA_I[23]_i_1/I2
    SLICE_X35Y49         LUT6 (Prop_lut6_I2_O)        0.124    14.358 r  cnn_accelerator_system_i/ram_interconnect/s02_couplers/auto_us/inst/gen_upsizer.gen_full_upsizer.axi_upsizer_inst/USE_WRITE.gen_non_fifo_w_upsizer.write_data_inst/WORD_LANE[0].USE_ALWAYS_PACKER.BYTE_LANE[2].USE_RTL_DATA.USE_REGISTER.M_AXI_WDATA_I[23]_i_1/O
                         net (fo=8, routed)           0.650    15.008    cnn_accelerator_system_i/ram_interconnect/s02_couplers/auto_us/inst/gen_upsizer.gen_full_upsizer.axi_upsizer_inst/USE_WRITE.gen_non_fifo_w_upsizer.write_data_inst/WORD_LANE[0].USE_ALWAYS_PACKER.BYTE_LANE[2].USE_RTL_DATA.USE_REGISTER.M_AXI_WDATA_I[23]_i_1_n_0
    SLICE_X40Y51         FDRE                                         r  cnn_accelerator_system_i/ram_interconnect/s02_couplers/auto_us/inst/gen_upsizer.gen_full_upsizer.axi_upsizer_inst/USE_WRITE.gen_non_fifo_w_upsizer.write_data_inst/WORD_LANE[0].USE_ALWAYS_PACKER.BYTE_LANE[2].USE_RTL_DATA.USE_REGISTER.M_AXI_WDATA_I_reg[21]/CE
  -------------------------------------------------------------------    -------------------

                         (clock clk_out1_cnn_accelerator_system_clk_wiz_0_0 rise edge)
                                                     10.000    10.000 r  
    E3                                                0.000    10.000 r  CLK100MHZ (IN)
                         net (fo=0)                   0.000    10.000    CLK100MHZ
    E3                                                                r  CLK100MHZ_IBUF_inst/I
    E3                   IBUF (Prop_ibuf_I_O)         1.411    11.411 r  CLK100MHZ_IBUF_inst/O
                         net (fo=1, routed)           1.920    13.331    cnn_accelerator_system_i/util_ds_buf_0/U0/BUFG_I[0]
    BUFGCTRL_X0Y16                                                    r  cnn_accelerator_system_i/util_ds_buf_0/U0/USE_BUFG.GEN_BUFG[0].BUFG_U/I
    BUFGCTRL_X0Y16       BUFG (Prop_bufg_I_O)         0.091    13.422 r  cnn_accelerator_system_i/util_ds_buf_0/U0/USE_BUFG.GEN_BUFG[0].BUFG_U/O
                         net (fo=2, routed)           1.683    15.105    cnn_accelerator_system_i/clk_wiz_0/inst/clk_in1
    MMCME2_ADV_X0Y0                                                   r  cnn_accelerator_system_i/clk_wiz_0/inst/mmcm_adv_inst/CLKIN1
    MMCME2_ADV_X0Y0      MMCME2_ADV (Prop_mmcme2_adv_CLKIN1_CLKOUT0)
                                                     -3.694    11.411 r  cnn_accelerator_system_i/clk_wiz_0/inst/mmcm_adv_inst/CLKOUT0
                         net (fo=1, routed)           1.923    13.334    cnn_accelerator_system_i/clk_wiz_0/inst/clk_out1_cnn_accelerator_system_clk_wiz_0_0
    BUFGCTRL_X0Y3                                                     r  cnn_accelerator_system_i/clk_wiz_0/inst/clkout1_buf/I
    BUFGCTRL_X0Y3        BUFG (Prop_bufg_I_O)         0.091    13.425 r  cnn_accelerator_system_i/clk_wiz_0/inst/clkout1_buf/O
                         net (fo=14543, routed)       1.516    14.942    cnn_accelerator_system_i/ram_interconnect/s02_couplers/auto_us/inst/gen_upsizer.gen_full_upsizer.axi_upsizer_inst/USE_WRITE.gen_non_fifo_w_upsizer.write_data_inst/USE_RTL_LENGTH.length_counter_q_reg[0]_0
    SLICE_X40Y51         FDRE                                         r  cnn_accelerator_system_i/ram_interconnect/s02_couplers/auto_us/inst/gen_upsizer.gen_full_upsizer.axi_upsizer_inst/USE_WRITE.gen_non_fifo_w_upsizer.write_data_inst/WORD_LANE[0].USE_ALWAYS_PACKER.BYTE_LANE[2].USE_RTL_DATA.USE_REGISTER.M_AXI_WDATA_I_reg[21]/C
                         clock pessimism              0.187    15.129    
                         clock uncertainty           -0.074    15.055    
    SLICE_X40Y51         FDRE (Setup_fdre_C_CE)      -0.205    14.850    cnn_accelerator_system_i/ram_interconnect/s02_couplers/auto_us/inst/gen_upsizer.gen_full_upsizer.axi_upsizer_inst/USE_WRITE.gen_non_fifo_w_upsizer.write_data_inst/WORD_LANE[0].USE_ALWAYS_PACKER.BYTE_LANE[2].USE_RTL_DATA.USE_REGISTER.M_AXI_WDATA_I_reg[21]
  -------------------------------------------------------------------
                         required time                         14.850    
                         arrival time                         -15.008    
  -------------------------------------------------------------------
                         slack                                 -0.158    

Slack (VIOLATED) :        -0.158ns  (required time - arrival time)
  Source:                 cnn_accelerator_system_i/ram_interconnect/m01_couplers/auto_ds/inst/gen_downsizer.gen_simple_downsizer.axi_downsizer_inst/USE_WRITE.write_data_inst/first_word_reg/C
                            (rising edge-triggered cell FDSE clocked by clk_out1_cnn_accelerator_system_clk_wiz_0_0  {rise@0.000ns fall@5.000ns period=10.000ns})
  Destination:            cnn_accelerator_system_i/ram_interconnect/s02_couplers/auto_us/inst/gen_upsizer.gen_full_upsizer.axi_upsizer_inst/USE_WRITE.gen_non_fifo_w_upsizer.write_data_inst/WORD_LANE[0].USE_ALWAYS_PACKER.BYTE_LANE[2].USE_RTL_DATA.USE_REGISTER.M_AXI_WDATA_I_reg[22]/CE
                            (rising edge-triggered cell FDRE clocked by clk_out1_cnn_accelerator_system_clk_wiz_0_0  {rise@0.000ns fall@5.000ns period=10.000ns})
  Path Group:             clk_out1_cnn_accelerator_system_clk_wiz_0_0
  Path Type:              Setup (Max at Slow Process Corner)
  Requirement:            10.000ns  (clk_out1_cnn_accelerator_system_clk_wiz_0_0 rise@10.000ns - clk_out1_cnn_accelerator_system_clk_wiz_0_0 rise@0.000ns)
  Data Path Delay:        9.608ns  (logic 1.758ns (18.298%)  route 7.850ns (81.702%))
  Logic Levels:           10  (LUT2=1 LUT3=1 LUT4=1 LUT5=2 LUT6=5)
  Clock Path Skew:        -0.272ns (DCD - SCD + CPR)
    Destination Clock Delay (DCD):    4.942ns = ( 14.942 - 10.000 ) 
    Source Clock Delay      (SCD):    5.401ns
    Clock Pessimism Removal (CPR):    0.187ns
  Clock Uncertainty:      0.074ns  ((TSJ^2 + DJ^2)^1/2) / 2 + PE
    Total System Jitter     (TSJ):    0.071ns
    Discrete Jitter          (DJ):    0.129ns
    Phase Error              (PE):    0.000ns

    Location             Delay type                Incr(ns)  Path(ns)    Netlist Resource(s)
  -------------------------------------------------------------------    -------------------
                         (clock clk_out1_cnn_accelerator_system_clk_wiz_0_0 rise edge)
                                                      0.000     0.000 r  
    E3                                                0.000     0.000 r  CLK100MHZ (IN)
                         net (fo=0)                   0.000     0.000    CLK100MHZ
    E3                                                                r  CLK100MHZ_IBUF_inst/I
    E3                   IBUF (Prop_ibuf_I_O)         1.482     1.482 r  CLK100MHZ_IBUF_inst/O
                         net (fo=1, routed)           2.025     3.506    cnn_accelerator_system_i/util_ds_buf_0/U0/BUFG_I[0]
    BUFGCTRL_X0Y16                                                    r  cnn_accelerator_system_i/util_ds_buf_0/U0/USE_BUFG.GEN_BUFG[0].BUFG_U/I
    BUFGCTRL_X0Y16       BUFG (Prop_bufg_I_O)         0.096     3.602 r  cnn_accelerator_system_i/util_ds_buf_0/U0/USE_BUFG.GEN_BUFG[0].BUFG_U/O
                         net (fo=2, routed)           1.809     5.412    cnn_accelerator_system_i/clk_wiz_0/inst/clk_in1
    MMCME2_ADV_X0Y0                                                   r  cnn_accelerator_system_i/clk_wiz_0/inst/mmcm_adv_inst/CLKIN1
    MMCME2_ADV_X0Y0      MMCME2_ADV (Prop_mmcme2_adv_CLKIN1_CLKOUT0)
                                                     -3.922     1.490 r  cnn_accelerator_system_i/clk_wiz_0/inst/mmcm_adv_inst/CLKOUT0
                         net (fo=1, routed)           2.018     3.508    cnn_accelerator_system_i/clk_wiz_0/inst/clk_out1_cnn_accelerator_system_clk_wiz_0_0
    BUFGCTRL_X0Y3                                                     r  cnn_accelerator_system_i/clk_wiz_0/inst/clkout1_buf/I
    BUFGCTRL_X0Y3        BUFG (Prop_bufg_I_O)         0.096     3.604 r  cnn_accelerator_system_i/clk_wiz_0/inst/clkout1_buf/O
                         net (fo=14543, routed)       1.796     5.401    cnn_accelerator_system_i/ram_interconnect/m01_couplers/auto_ds/inst/gen_downsizer.gen_simple_downsizer.axi_downsizer_inst/USE_WRITE.write_data_inst/CLK
    SLICE_X42Y19         FDSE                                         r  cnn_accelerator_system_i/ram_interconnect/m01_couplers/auto_ds/inst/gen_downsizer.gen_simple_downsizer.axi_downsizer_inst/USE_WRITE.write_data_inst/first_word_reg/C
  -------------------------------------------------------------------    -------------------
    SLICE_X42Y19         FDSE (Prop_fdse_C_Q)         0.518     5.919 r  cnn_accelerator_system_i/ram_interconnect/m01_couplers/auto_ds/inst/gen_downsizer.gen_simple_downsizer.axi_downsizer_inst/USE_WRITE.write_data_inst/first_word_reg/Q
                         net (fo=20, routed)          1.364     7.282    cnn_accelerator_system_i/ram_interconnect/m01_couplers/auto_ds/inst/gen_downsizer.gen_simple_downsizer.axi_downsizer_inst/USE_WRITE.write_data_inst/first_mi_word
    SLICE_X32Y26                                                      r  cnn_accelerator_system_i/ram_interconnect/m01_couplers/auto_ds/inst/gen_downsizer.gen_simple_downsizer.axi_downsizer_inst/USE_WRITE.write_data_inst/current_word_1[1]_i_3/I1
    SLICE_X32Y26         LUT4 (Prop_lut4_I1_O)        0.124     7.406 f  cnn_accelerator_system_i/ram_interconnect/m01_couplers/auto_ds/inst/gen_downsizer.gen_simple_downsizer.axi_downsizer_inst/USE_WRITE.write_data_inst/current_word_1[1]_i_3/O
                         net (fo=3, routed)           0.600     8.006    cnn_accelerator_system_i/ram_interconnect/m01_couplers/auto_ds/inst/gen_downsizer.gen_simple_downsizer.axi_downsizer_inst/USE_WRITE.write_addr_inst/cmd_queue/inst/current_word_1_reg[1]_0
    SLICE_X35Y25                                                      f  cnn_accelerator_system_i/ram_interconnect/m01_couplers/auto_ds/inst/gen_downsizer.gen_simple_downsizer.axi_downsizer_inst/USE_WRITE.write_addr_inst/cmd_queue/inst/current_word_1[2]_i_2__0/I2
    SLICE_X35Y25         LUT5 (Prop_lut5_I2_O)        0.124     8.130 r  cnn_accelerator_system_i/ram_interconnect/m01_couplers/auto_ds/inst/gen_downsizer.gen_simple_downsizer.axi_downsizer_inst/USE_WRITE.write_addr_inst/cmd_queue/inst/current_word_1[2]_i_2__0/O
                         net (fo=2, routed)           0.582     8.712    cnn_accelerator_system_i/ram_interconnect/m01_couplers/auto_ds/inst/gen_downsizer.gen_simple_downsizer.axi_downsizer_inst/USE_WRITE.write_addr_inst/cmd_queue/inst/current_word_1[2]_i_2__0_n_0
    SLICE_X32Y25                                                      r  cnn_accelerator_system_i/ram_interconnect/m01_couplers/auto_ds/inst/gen_downsizer.gen_simple_downsizer.axi_downsizer_inst/USE_WRITE.write_addr_inst/cmd_queue/inst/s_axi_wready_INST_0_i_2/I3
    SLICE_X32Y25         LUT5 (Prop_lut5_I3_O)        0.124     8.836 r  cnn_accelerator_system_i/ram_interconnect/m01_couplers/auto_ds/inst/gen_downsizer.gen_simple_downsizer.axi_downsizer_inst/USE_WRITE.write_addr_inst/cmd_queue/inst/s_axi_wready_INST_0_i_2/O
                         net (fo=2, routed)           0.904     9.740    cnn_accelerator_system_i/ram_interconnect/m01_couplers/auto_ds/inst/gen_downsizer.gen_simple_downsizer.axi_downsizer_inst/USE_WRITE.write_addr_inst/cmd_queue/inst/s_axi_wready_INST_0_i_2_n_0
    SLICE_X27Y26                                                      r  cnn_accelerator_system_i/ram_interconnect/m01_couplers/auto_ds/inst/gen_downsizer.gen_simple_downsizer.axi_downsizer_inst/USE_WRITE.write_addr_inst/cmd_queue/inst/s_axi_wready_INST_0_i_1/I0
    SLICE_X27Y26         LUT6 (Prop_lut6_I0_O)        0.124     9.864 f  cnn_accelerator_system_i/ram_interconnect/m01_couplers/auto_ds/inst/gen_downsizer.gen_simple_downsizer.axi_downsizer_inst/USE_WRITE.write_addr_inst/cmd_queue/inst/s_axi_wready_INST_0_i_1/O
                         net (fo=1, routed)           0.295    10.159    cnn_accelerator_system_i/ram_interconnect/m01_couplers/auto_ds/inst/gen_downsizer.gen_simple_downsizer.axi_downsizer_inst/USE_WRITE.write_addr_inst/cmd_queue/inst/s_axi_wready_INST_0_i_1_n_0
    SLICE_X27Y28                                                      f  cnn_accelerator_system_i/ram_interconnect/m01_couplers/auto_ds/inst/gen_downsizer.gen_simple_downsizer.axi_downsizer_inst/USE_WRITE.write_addr_inst/cmd_queue/inst/s_axi_wready_INST_0/I5
    SLICE_X27Y28         LUT6 (Prop_lut6_I5_O)        0.124    10.283 r  cnn_accelerator_system_i/ram_interconnect/m01_couplers/auto_ds/inst/gen_downsizer.gen_simple_downsizer.axi_downsizer_inst/USE_WRITE.write_addr_inst/cmd_queue/inst/s_axi_wready_INST_0/O
                         net (fo=4, routed)           0.641    10.923    cnn_accelerator_system_i/ram_interconnect/xbar/inst/gen_samd.crossbar_samd/gen_slave_slots[2].gen_si_write.wdata_router_w/wrouter_aw_fifo/gen_srls[0].gen_rep[1].srl_nx1/m_axi_wready[0]
    SLICE_X27Y37                                                      r  cnn_accelerator_system_i/ram_interconnect/xbar/inst/gen_samd.crossbar_samd/gen_slave_slots[2].gen_si_write.wdata_router_w/wrouter_aw_fifo/gen_srls[0].gen_rep[1].srl_nx1/s_axi_wready[2]_INST_0_i_1/I3
    SLICE_X27Y37         LUT6 (Prop_lut6_I3_O)        0.124    11.047 r  cnn_accelerator_system_i/ram_interconnect/xbar/inst/gen_samd.crossbar_samd/gen_slave_slots[2].gen_si_write.wdata_router_w/wrouter_aw_fifo/gen_srls[0].gen_rep[1].srl_nx1/s_axi_wready[2]_INST_0_i_1/O
                         net (fo=4, routed)           0.759    11.807    cnn_accelerator_system_i/ram_interconnect/xbar/inst/gen_samd.crossbar_samd/gen_slave_slots[2].gen_si_write.wdata_router_w/wrouter_aw_fifo/m_aready0
    SLICE_X27Y45                                                      r  cnn_accelerator_system_i/ram_interconnect/xbar/inst/gen_samd.crossbar_samd/gen_slave_slots[2].gen_si_write.wdata_router_w/wrouter_aw_fifo/s_axi_wready[2]_INST_0/I1
    SLICE_X27Y45         LUT2 (Prop_lut2_I1_O)        0.124    11.931 r  cnn_accelerator_system_i/ram_interconnect/xbar/inst/gen_samd.crossbar_samd/gen_slave_slots[2].gen_si_write.wdata_router_w/wrouter_aw_fifo/s_axi_wready[2]_INST_0/O
                         net (fo=39, routed)          0.711    12.642    cnn_accelerator_system_i/ram_interconnect/s02_couplers/auto_us/inst/gen_upsizer.gen_full_upsizer.axi_upsizer_inst/USE_WRITE.write_addr_inst/GEN_CMD_QUEUE.cmd_queue/m_axi_wready
    SLICE_X29Y45                                                      r  cnn_accelerator_system_i/ram_interconnect/s02_couplers/auto_us/inst/gen_upsizer.gen_full_upsizer.axi_upsizer_inst/USE_WRITE.write_addr_inst/GEN_CMD_QUEUE.cmd_queue/WORD_LANE[3].USE_ALWAYS_PACKER.BYTE_LANE[3].USE_RTL_DATA.USE_REGISTER.M_AXI_WDATA_I[127]_i_6/I1
    SLICE_X29Y45         LUT6 (Prop_lut6_I1_O)        0.124    12.766 f  cnn_accelerator_system_i/ram_interconnect/s02_couplers/auto_us/inst/gen_upsizer.gen_full_upsizer.axi_upsizer_inst/USE_WRITE.write_addr_inst/GEN_CMD_QUEUE.cmd_queue/WORD_LANE[3].USE_ALWAYS_PACKER.BYTE_LANE[3].USE_RTL_DATA.USE_REGISTER.M_AXI_WDATA_I[127]_i_6/O
                         net (fo=2, routed)           0.610    13.376    cnn_accelerator_system_i/ram_interconnect/s02_couplers/auto_us/inst/gen_upsizer.gen_full_upsizer.axi_upsizer_inst/USE_WRITE.write_addr_inst/GEN_CMD_QUEUE.cmd_queue/WORD_LANE[3].USE_ALWAYS_PACKER.BYTE_LANE[3].USE_RTL_DATA.USE_REGISTER.M_AXI_WDATA_I[127]_i_6_n_0
    SLICE_X30Y45                                                      f  cnn_accelerator_system_i/ram_interconnect/s02_couplers/auto_us/inst/gen_upsizer.gen_full_upsizer.axi_upsizer_inst/USE_WRITE.write_addr_inst/GEN_CMD_QUEUE.cmd_queue/WORD_LANE[0].USE_ALWAYS_PACKER.BYTE_LANE[3].USE_RTL_DATA.USE_REGISTER.M_AXI_WDATA_I[31]_i_5/I2
    SLICE_X30Y45         LUT3 (Prop_lut3_I2_O)        0.124    13.500 f  cnn_accelerator_system_i/ram_interconnect/s02_couplers/auto_us/inst/gen_upsizer.gen_full_upsizer.axi_upsizer_inst/USE_WRITE.write_addr_inst/GEN_CMD_QUEUE.cmd_queue/WORD_LANE[0].USE_ALWAYS_PACKER.BYTE_LANE[3].USE_RTL_DATA.USE_REGISTER.M_AXI_WDATA_I[31]_i_5/O
                         net (fo=8, routed)           0.734    14.234    cnn_accelerator_system_i/ram_interconnect/s02_couplers/auto_us/inst/gen_upsizer.gen_full_upsizer.axi_upsizer_inst/USE_WRITE.gen_non_fifo_w_upsizer.write_data_inst/WORD_LANE[0].USE_ALWAYS_PACKER.BYTE_LANE[0].USE_RTL_DATA.USE_REGISTER.M_AXI_WSTRB_I_reg[0]_0
    SLICE_X35Y49                                                      f  cnn_accelerator_system_i/ram_interconnect/s02_couplers/auto_us/inst/gen_upsizer.gen_full_upsizer.axi_upsizer_inst/USE_WRITE.gen_non_fifo_w_upsizer.write_data_inst/WORD_LANE[0].USE_ALWAYS_PACKER.BYTE_LANE[2].USE_RTL_DATA.USE_REGISTER.M_AXI_WDATA_I[23]_i_1/I2
    SLICE_X35Y49         LUT6 (Prop_lut6_I2_O)        0.124    14.358 r  cnn_accelerator_system_i/ram_interconnect/s02_couplers/auto_us/inst/gen_upsizer.gen_full_upsizer.axi_upsizer_inst/USE_WRITE.gen_non_fifo_w_upsizer.write_data_inst/WORD_LANE[0].USE_ALWAYS_PACKER.BYTE_LANE[2].USE_RTL_DATA.USE_REGISTER.M_AXI_WDATA_I[23]_i_1/O
                         net (fo=8, routed)           0.650    15.008    cnn_accelerator_system_i/ram_interconnect/s02_couplers/auto_us/inst/gen_upsizer.gen_full_upsizer.axi_upsizer_inst/USE_WRITE.gen_non_fifo_w_upsizer.write_data_inst/WORD_LANE[0].USE_ALWAYS_PACKER.BYTE_LANE[2].USE_RTL_DATA.USE_REGISTER.M_AXI_WDATA_I[23]_i_1_n_0
    SLICE_X40Y51         FDRE                                         r  cnn_accelerator_system_i/ram_interconnect/s02_couplers/auto_us/inst/gen_upsizer.gen_full_upsizer.axi_upsizer_inst/USE_WRITE.gen_non_fifo_w_upsizer.write_data_inst/WORD_LANE[0].USE_ALWAYS_PACKER.BYTE_LANE[2].USE_RTL_DATA.USE_REGISTER.M_AXI_WDATA_I_reg[22]/CE
  -------------------------------------------------------------------    -------------------

                         (clock clk_out1_cnn_accelerator_system_clk_wiz_0_0 rise edge)
                                                     10.000    10.000 r  
    E3                                                0.000    10.000 r  CLK100MHZ (IN)
                         net (fo=0)                   0.000    10.000    CLK100MHZ
    E3                                                                r  CLK100MHZ_IBUF_inst/I
    E3                   IBUF (Prop_ibuf_I_O)         1.411    11.411 r  CLK100MHZ_IBUF_inst/O
                         net (fo=1, routed)           1.920    13.331    cnn_accelerator_system_i/util_ds_buf_0/U0/BUFG_I[0]
    BUFGCTRL_X0Y16                                                    r  cnn_accelerator_system_i/util_ds_buf_0/U0/USE_BUFG.GEN_BUFG[0].BUFG_U/I
    BUFGCTRL_X0Y16       BUFG (Prop_bufg_I_O)         0.091    13.422 r  cnn_accelerator_system_i/util_ds_buf_0/U0/USE_BUFG.GEN_BUFG[0].BUFG_U/O
                         net (fo=2, routed)           1.683    15.105    cnn_accelerator_system_i/clk_wiz_0/inst/clk_in1
    MMCME2_ADV_X0Y0                                                   r  cnn_accelerator_system_i/clk_wiz_0/inst/mmcm_adv_inst/CLKIN1
    MMCME2_ADV_X0Y0      MMCME2_ADV (Prop_mmcme2_adv_CLKIN1_CLKOUT0)
                                                     -3.694    11.411 r  cnn_accelerator_system_i/clk_wiz_0/inst/mmcm_adv_inst/CLKOUT0
                         net (fo=1, routed)           1.923    13.334    cnn_accelerator_system_i/clk_wiz_0/inst/clk_out1_cnn_accelerator_system_clk_wiz_0_0
    BUFGCTRL_X0Y3                                                     r  cnn_accelerator_system_i/clk_wiz_0/inst/clkout1_buf/I
    BUFGCTRL_X0Y3        BUFG (Prop_bufg_I_O)         0.091    13.425 r  cnn_accelerator_system_i/clk_wiz_0/inst/clkout1_buf/O
                         net (fo=14543, routed)       1.516    14.942    cnn_accelerator_system_i/ram_interconnect/s02_couplers/auto_us/inst/gen_upsizer.gen_full_upsizer.axi_upsizer_inst/USE_WRITE.gen_non_fifo_w_upsizer.write_data_inst/USE_RTL_LENGTH.length_counter_q_reg[0]_0
    SLICE_X40Y51         FDRE                                         r  cnn_accelerator_system_i/ram_interconnect/s02_couplers/auto_us/inst/gen_upsizer.gen_full_upsizer.axi_upsizer_inst/USE_WRITE.gen_non_fifo_w_upsizer.write_data_inst/WORD_LANE[0].USE_ALWAYS_PACKER.BYTE_LANE[2].USE_RTL_DATA.USE_REGISTER.M_AXI_WDATA_I_reg[22]/C
                         clock pessimism              0.187    15.129    
                         clock uncertainty           -0.074    15.055    
    SLICE_X40Y51         FDRE (Setup_fdre_C_CE)      -0.205    14.850    cnn_accelerator_system_i/ram_interconnect/s02_couplers/auto_us/inst/gen_upsizer.gen_full_upsizer.axi_upsizer_inst/USE_WRITE.gen_non_fifo_w_upsizer.write_data_inst/WORD_LANE[0].USE_ALWAYS_PACKER.BYTE_LANE[2].USE_RTL_DATA.USE_REGISTER.M_AXI_WDATA_I_reg[22]
  -------------------------------------------------------------------
                         required time                         14.850    
                         arrival time                         -15.008    
  -------------------------------------------------------------------
                         slack                                 -0.158    




