Copyright 1986-2022 Xilinx, Inc. All Rights Reserved. Copyright 2022-2024 Advanced Micro Devices, Inc. All Rights Reserved.
---------------------------------------------------------------------------------------------------------------------------------------------
| Tool Version : Vivado v.2024.1 (win64) Build 5076996 Wed May 22 18:37:14 MDT 2024
| Date         : Thu Jun 11 22:13:58 2026
| Host         : DOHYUNKIM266E running 64-bit major release  (build 9200)
| Command      : report_timing_summary -file C:/Users/gimdohyeon/wino_timing_summary.rpt
| Design       : cnn_accelerator_system_wrapper
| Device       : 7a100t-csg324
| Speed File   : -1  PRODUCTION 1.23 2018-06-13
| Design State : Routed
---------------------------------------------------------------------------------------------------------------------------------------------

Timing Summary Report

------------------------------------------------------------------------------------------------
| Timer Settings
| --------------
------------------------------------------------------------------------------------------------

  Enable Multi Corner Analysis               :  Yes
  Enable Pessimism Removal                   :  Yes
  Pessimism Removal Resolution               :  Nearest Common Node
  Enable Input Delay Default Clock           :  No
  Enable Preset / Clear Arcs                 :  No
  Disable Flight Delays                      :  No
  Ignore I/O Paths                           :  No
  Timing Early Launch at Borrowing Latches   :  No
  Borrow Time for Max Delay Exceptions       :  Yes
  Merge Timing Exceptions                    :  Yes
  Inter-SLR Compensation                     :  Conservative

  Corner  Analyze    Analyze    
  Name    Max Paths  Min Paths  
  ------  ---------  ---------  
  Slow    Yes        Yes        
  Fast    Yes        Yes        


------------------------------------------------------------------------------------------------
| Report Methodology
| ------------------
------------------------------------------------------------------------------------------------

Rule       Severity  Description                                                                                            Violations  
---------  --------  -----------------------------------------------------------------------------------------------------  ----------  
LUTAR-1    Warning   LUT drives async reset alert                                                                           5           
TIMING-9   Warning   Unknown CDC Logic                                                                                      1           
TIMING-16  Warning   Large setup violation                                                                                  1000        
TIMING-18  Warning   Missing input or output delay                                                                          3           
TIMING-28  Warning   Auto-derived clock referenced by a timing constraint                                                   4           
TIMING-47  Warning   False path, asynchronous clock group or max delay datapath only constraint between synchronous clocks  2           
ULMTCS-1   Warning   Control Sets use limits recommend reduction                                                            1           
XDCB-5     Warning   Runtime inefficient way to find pin objects                                                            1           
REQP-1959  Advisory  connects_SERDES_RST_driver_not_FF                                                                      16          

Note: This report is based on the most recent report_methodology run and may not be up-to-date. Run report_methodology on the current design for the latest report.



check_timing report

Table of Contents
-----------------
1. checking no_clock (0)
2. checking constant_clock (0)
3. checking pulse_width_clock (0)
4. checking unconstrained_internal_endpoints (0)
5. checking no_input_delay (2)
6. checking no_output_delay (2)
7. checking multiple_clock (0)
8. checking generated_clocks (0)
9. checking loops (0)
10. checking partial_input_delay (0)
11. checking partial_output_delay (0)
12. checking latch_loops (0)

1. checking no_clock (0)
------------------------
 There are 0 register/latch pins with no clock.


2. checking constant_clock (0)
------------------------------
 There are 0 register/latch pins with constant_clock.


3. checking pulse_width_clock (0)
---------------------------------
 There are 0 register/latch pins which need pulse_width check


4. checking unconstrained_internal_endpoints (0)
------------------------------------------------
 There are 0 pins that are not constrained for maximum delay.

 There are 0 pins that are not constrained for maximum delay due to constant clock.


5. checking no_input_delay (2)
------------------------------
 There are 2 input ports with no input delay specified. (HIGH)

 There are 0 input ports with no input delay but user has a false path constraint.


6. checking no_output_delay (2)
-------------------------------
 There are 2 ports with no output delay specified. (HIGH)

 There are 0 ports with no output delay but user has a false path constraint

 There are 0 ports with no output delay but with a timing clock defined on it or propagating through it


7. checking multiple_clock (0)
------------------------------
 There are 0 register/latch pins with multiple clocks.


8. checking generated_clocks (0)
--------------------------------
 There are 0 generated clocks that are not connected to a clock source.


9. checking loops (0)
---------------------
 There are 0 combinational loops in the design.


10. checking partial_input_delay (0)
------------------------------------
 There are 0 input ports with partial input delay specified.


11. checking partial_output_delay (0)
-------------------------------------
 There are 0 ports with partial output delay specified.


12. checking latch_loops (0)
----------------------------
 There are 0 combinational latch loops in the design through latch input



------------------------------------------------------------------------------------------------
| Design Timing Summary
| ---------------------
------------------------------------------------------------------------------------------------

    WNS(ns)      TNS(ns)  TNS Failing Endpoints  TNS Total Endpoints      WHS(ns)      THS(ns)  THS Failing Endpoints  THS Total Endpoints     WPWS(ns)     TPWS(ns)  TPWS Failing Endpoints  TPWS Total Endpoints  
    -------      -------  ---------------------  -------------------      -------      -------  ---------------------  -------------------     --------     --------  ----------------------  --------------------  
     -2.037   -31374.922                  42808               174720        0.018        0.000                      0               173164        0.206        0.000                       0                 70843  


Timing constraints are not met.


------------------------------------------------------------------------------------------------
| Clock Summary
| -------------
------------------------------------------------------------------------------------------------

Clock                                                                                                                                                          Waveform(ns)         Period(ns)      Frequency(MHz)
-----                                                                                                                                                          ------------         ----------      --------------
cnn_accelerator_system_i/mdm_1/U0/Use_E2.BSCAN_I/Use_E2.BSCANE2_I/DRCK                                                                                         {0.000 16.666}       33.333          30.000          
cnn_accelerator_system_i/mdm_1/U0/Use_E2.BSCAN_I/Use_E2.BSCANE2_I/UPDATE                                                                                       {0.000 16.666}       33.333          30.000          
sys_clk_pin                                                                                                                                                    {0.000 5.000}        10.000          100.000         
  clk_out1_cnn_accelerator_system_clk_wiz_0_0                                                                                                                  {0.000 5.000}        10.000          100.000         
  clk_out2_cnn_accelerator_system_clk_wiz_0_0                                                                                                                  {0.000 2.500}        5.000           200.000         
  clk_out3_cnn_accelerator_system_clk_wiz_0_0                                                                                                                  {0.000 2.500}        5.000           200.000         
  clkfbout_cnn_accelerator_system_clk_wiz_0_0                                                                                                                  {0.000 5.000}        10.000          100.000         
  freq_refclk                                                                                                                                                  {0.000 0.769}        1.538           650.000         
    u_memc_ui_top_axi/mem_intfc0/ddr_phy_top0/u_ddr_mc_phy_wrapper/u_ddr_mc_phy/ddr_phy_4lanes_0.u_ddr_phy_4lanes/ddr_byte_lane_C.ddr_byte_lane_C/iserdes_clk  {0.000 1.538}        3.077           325.000         
      iserdes_clkdiv                                                                                                                                           {0.000 6.154}        12.308          81.250          
    u_memc_ui_top_axi/mem_intfc0/ddr_phy_top0/u_ddr_mc_phy_wrapper/u_ddr_mc_phy/ddr_phy_4lanes_0.u_ddr_phy_4lanes/ddr_byte_lane_D.ddr_byte_lane_D/iserdes_clk  {0.000 1.538}        3.077           325.000         
      iserdes_clkdiv_1                                                                                                                                         {0.000 6.154}        12.308          81.250          
  mem_refclk                                                                                                                                                   {0.000 1.538}        3.077           325.000         
    oserdes_clk                                                                                                                                                {0.000 1.538}        3.077           325.000         
      oserdes_clkdiv                                                                                                                                           {0.000 6.154}        12.308          81.250          
    oserdes_clk_1                                                                                                                                              {0.000 1.538}        3.077           325.000         
      oserdes_clkdiv_1                                                                                                                                         {0.000 6.154}        12.308          81.250          
    oserdes_clk_2                                                                                                                                              {0.000 1.538}        3.077           325.000         
      oserdes_clkdiv_2                                                                                                                                         {0.000 3.077}        6.154           162.500         
    oserdes_clk_3                                                                                                                                              {0.000 1.538}        3.077           325.000         
      oserdes_clkdiv_3                                                                                                                                         {0.000 3.077}        6.154           162.500         
  pll_clk3_out                                                                                                                                                 {0.000 6.154}        12.308          81.250          
    clk_div2_bufg_in                                                                                                                                           {0.000 3.077}        6.154           162.500         
    clk_pll_i                                                                                                                                                  {0.000 6.154}        12.308          81.250          
    mmcm_ps_clk_bufg_in                                                                                                                                        {0.000 12.308}       24.615          40.625          
  pll_clkfbout                                                                                                                                                 {0.000 5.000}        10.000          100.000         
  sync_pulse                                                                                                                                                   {1.346 4.423}        49.231          20.312          


------------------------------------------------------------------------------------------------
| Intra Clock Table
| -----------------
------------------------------------------------------------------------------------------------

Clock                                                                                                                                                              WNS(ns)      TNS(ns)  TNS Failing Endpoints  TNS Total Endpoints      WHS(ns)      THS(ns)  THS Failing Endpoints  THS Total Endpoints     WPWS(ns)     TPWS(ns)  TPWS Failing Endpoints  TPWS Total Endpoints  
-----                                                                                                                                                              -------      -------  ---------------------  -------------------      -------      -------  ---------------------  -------------------     --------     --------  ----------------------  --------------------  
cnn_accelerator_system_i/mdm_1/U0/Use_E2.BSCAN_I/Use_E2.BSCANE2_I/DRCK                                                                                              11.341        0.000                      0                  222        0.073        0.000                      0                  222       15.686        0.000                       0                   240  
cnn_accelerator_system_i/mdm_1/U0/Use_E2.BSCAN_I/Use_E2.BSCANE2_I/UPDATE                                                                                             8.636        0.000                      0                   47        0.263        0.000                      0                   47       16.166        0.000                       0                    40  
sys_clk_pin                                                                                                                                                                                                                                                                                                      3.000        0.000                       0                     3  
  clk_out1_cnn_accelerator_system_clk_wiz_0_0                                                                                                                       -0.166       -2.149                     32                24508        0.028        0.000                      0                24508        3.750        0.000                       0                  9201  
  clk_out2_cnn_accelerator_system_clk_wiz_0_0                                                                                                                        0.646        0.000                      0                  126        0.122        0.000                      0                  126        0.264        0.000                       0                    64  
  clk_out3_cnn_accelerator_system_clk_wiz_0_0                                                                                                                       -2.037   -31372.771                  42776               132926        0.018        0.000                      0               132926        1.250        0.000                       0                 55058  
  clkfbout_cnn_accelerator_system_clk_wiz_0_0                                                                                                                                                                                                                                                                    7.845        0.000                       0                     3  
  freq_refclk                                                                                                                                                                                                                                                                                                    0.206        0.000                       0                     8  
    u_memc_ui_top_axi/mem_intfc0/ddr_phy_top0/u_ddr_mc_phy_wrapper/u_ddr_mc_phy/ddr_phy_4lanes_0.u_ddr_phy_4lanes/ddr_byte_lane_C.ddr_byte_lane_C/iserdes_clk                                                                                                                                                    1.410        0.000                       0                    16  
      iserdes_clkdiv                                                                                                                                                10.260        0.000                      0                   33        0.071        0.000                      0                   33        4.004        0.000                       0                     9  
    u_memc_ui_top_axi/mem_intfc0/ddr_phy_top0/u_ddr_mc_phy_wrapper/u_ddr_mc_phy/ddr_phy_4lanes_0.u_ddr_phy_4lanes/ddr_byte_lane_D.ddr_byte_lane_D/iserdes_clk                                                                                                                                                    1.410        0.000                       0                    16  
      iserdes_clkdiv_1                                                                                                                                              10.264        0.000                      0                   33        0.071        0.000                      0                   33        4.004        0.000                       0                     9  
  mem_refclk                                                                                                                                                         1.917        0.000                      0                    1        0.336        0.000                      0                    1        0.913        0.000                       0                     8  
    oserdes_clk                                                                                                                                                                                                                                                                                                  1.410        0.000                       0                    12  
      oserdes_clkdiv                                                                                                                                                10.357        0.000                      0                   44        0.090        0.000                      0                   44        4.004        0.000                       0                    12  
    oserdes_clk_1                                                                                                                                                                                                                                                                                                1.410        0.000                       0                    12  
      oserdes_clkdiv_1                                                                                                                                              10.881        0.000                      0                   48        0.094        0.000                      0                   48        4.004        0.000                       0                    13  
    oserdes_clk_2                                                                                                                                                    1.499        0.000                      0                    4        0.413        0.000                      0                    4        1.410        0.000                       0                    12  
      oserdes_clkdiv_2                                                                                                                                               4.734        0.000                      0                   36        0.092        0.000                      0                   36        0.927        0.000                       0                    11  
    oserdes_clk_3                                                                                                                                                    1.515        0.000                      0                    4        0.408        0.000                      0                    4        1.410        0.000                       0                    12  
      oserdes_clkdiv_3                                                                                                                                               4.750        0.000                      0                   36        0.086        0.000                      0                   36        0.927        0.000                       0                    11  
  pll_clk3_out                                                                                                                                                                                                                                                                                                   3.154        0.000                       0                     3  
    clk_div2_bufg_in                                                                                                                                                 3.129        0.000                      0                   12        0.185        0.000                      0                   12        2.577        0.000                       0                    15  
    clk_pll_i                                                                                                                                                        2.285        0.000                      0                14665        0.022        0.000                      0                14665        4.004        0.000                       0                  6030  
    mmcm_ps_clk_bufg_in                                                                                                                                             23.116        0.000                      0                   12        0.221        0.000                      0                   12       11.808        0.000                       0                    15  
  pll_clkfbout                                                                                                                                                                                                                                                                                                   8.751        0.000                       0                     2  
  sync_pulse                                                                                                                                                                                                                                                                                                     1.827        0.000                       0                     8  


------------------------------------------------------------------------------------------------
| Inter Clock Table
| -----------------
------------------------------------------------------------------------------------------------

From Clock                                                                                                                                                 To Clock                                                                                                                                                       WNS(ns)      TNS(ns)  TNS Failing Endpoints  TNS Total Endpoints      WHS(ns)      THS(ns)  THS Failing Endpoints  THS Total Endpoints  
----------                                                                                                                                                 --------                                                                                                                                                       -------      -------  ---------------------  -------------------      -------      -------  ---------------------  -------------------  
clk_pll_i                                                                                                                                                  clk_out1_cnn_accelerator_system_clk_wiz_0_0                                                                                                                     10.759        0.000                      0                   20                                                                        
clk_pll_i                                                                                                                                                  clk_out2_cnn_accelerator_system_clk_wiz_0_0                                                                                                                     16.351        0.000                      0                    1                                                                        
clk_out1_cnn_accelerator_system_clk_wiz_0_0                                                                                                                clk_out3_cnn_accelerator_system_clk_wiz_0_0                                                                                                                      0.057        0.000                      0                 1514                                                                        
clk_pll_i                                                                                                                                                  u_memc_ui_top_axi/mem_intfc0/ddr_phy_top0/u_ddr_mc_phy_wrapper/u_ddr_mc_phy/ddr_phy_4lanes_0.u_ddr_phy_4lanes/ddr_byte_lane_C.ddr_byte_lane_C/iserdes_clk        9.692        0.000                      0                    8       46.845        0.000                      0                    8  
clk_pll_i                                                                                                                                                  u_memc_ui_top_axi/mem_intfc0/ddr_phy_top0/u_ddr_mc_phy_wrapper/u_ddr_mc_phy/ddr_phy_4lanes_0.u_ddr_phy_4lanes/ddr_byte_lane_D.ddr_byte_lane_D/iserdes_clk        8.299        0.000                      0                    8       47.545        0.000                      0                    8  
sync_pulse                                                                                                                                                 mem_refclk                                                                                                                                                       1.316        0.000                      0                    1        0.939        0.000                      0                    1  
oserdes_clk                                                                                                                                                oserdes_clkdiv                                                                                                                                                   2.180        0.000                      0                   12        0.087        0.000                      0                   12  
oserdes_clk_1                                                                                                                                              oserdes_clkdiv_1                                                                                                                                                 2.180        0.000                      0                   13        0.095        0.000                      0                   13  
oserdes_clk_2                                                                                                                                              oserdes_clkdiv_2                                                                                                                                                 2.180        0.000                      0                   15        0.088        0.000                      0                   15  
oserdes_clk_3                                                                                                                                              oserdes_clkdiv_3                                                                                                                                                 2.180        0.000                      0                   15        0.095        0.000                      0                   15  
clk_out1_cnn_accelerator_system_clk_wiz_0_0                                                                                                                clk_pll_i                                                                                                                                                        8.268        0.000                      0                   20                                                                        
clk_out2_cnn_accelerator_system_clk_wiz_0_0                                                                                                                clk_pll_i                                                                                                                                                       13.123        0.000                      0                   12        0.431        0.000                      0                   12  


------------------------------------------------------------------------------------------------
| Other Path Groups Table
| -----------------------
------------------------------------------------------------------------------------------------

Path Group                                   From Clock                                   To Clock                                         WNS(ns)      TNS(ns)  TNS Failing Endpoints  TNS Total Endpoints      WHS(ns)      THS(ns)  THS Failing Endpoints  THS Total Endpoints  
----------                                   ----------                                   --------                                         -------      -------  ---------------------  -------------------      -------      -------  ---------------------  -------------------  
**async_default**                            clk_out1_cnn_accelerator_system_clk_wiz_0_0  clk_out1_cnn_accelerator_system_clk_wiz_0_0        5.298        0.000                      0                  210        0.359        0.000                      0                  210  
**async_default**                            clk_pll_i                                    clk_pll_i                                          6.939        0.000                      0                  113        0.384        0.000                      0                  113  
**default**                                  clk_pll_i                                                                                       0.674        0.000                      0                    1                                                                        


------------------------------------------------------------------------------------------------
| Timing Details
| --------------
------------------------------------------------------------------------------------------------


---------------------------------------------------------------------------------------------------
From Clock:  cnn_accelerator_system_i/mdm_1/U0/Use_E2.BSCAN_I/Use_E2.BSCANE2_I/DRCK
  To Clock:  cnn_accelerator_system_i/mdm_1/U0/Use_E2.BSCAN_I/Use_E2.BSCANE2_I/DRCK

Setup :            0  Failing Endpoints,  Worst Slack       11.341ns,  Total Violation        0.000ns
Hold  :            0  Failing Endpoints,  Worst Slack        0.073ns,  Total Violation        0.000ns
PW    :            0  Failing Endpoints,  Worst Slack       15.686ns,  Total Violation        0.000ns
---------------------------------------------------------------------------------------------------


Max Delay Paths
--------------------------------------------------------------------------------------
Slack (MET) :             11.341ns  (required time - arrival time)
  Source:                 cnn_accelerator_system_i/mdm_1/U0/MDM_Core_I1/JTAG_CONTROL_I/Use_BSCAN.SYNC_FDRE/Using_FPGA.Native/C
                            (falling edge-triggered cell FDRE clocked by cnn_accelerator_system_i/mdm_1/U0/Use_E2.BSCAN_I/Use_E2.BSCANE2_I/DRCK  {rise@0.000ns fall@16.667ns period=33.333ns})
  Destination:            cnn_accelerator_system_i/microblaze_0/U0/MicroBlaze_Core_I/Performance.Core/Use_Debug_Logic.Master_Core.Debug_Perf/Serial_Dbg_Intf.shift_count_reg[1]/D
                            (rising edge-triggered cell FDRE clocked by cnn_accelerator_system_i/mdm_1/U0/Use_E2.BSCAN_I/Use_E2.BSCANE2_I/DRCK  {rise@0.000ns fall@16.667ns period=33.333ns})
  Path Group:             cnn_accelerator_system_i/mdm_1/U0/Use_E2.BSCAN_I/Use_E2.BSCANE2_I/DRCK
  Path Type:              Setup (Max at Slow Process Corner)
  Requirement:            16.667ns  (cnn_accelerator_system_i/mdm_1/U0/Use_E2.BSCAN_I/Use_E2.BSCANE2_I/DRCK rise@33.333ns - cnn_accelerator_system_i/mdm_1/U0/Use_E2.BSCAN_I/Use_E2.BSCANE2_I/DRCK fall@16.667ns)
  Data Path Delay:        5.120ns  (logic 0.772ns (15.077%)  route 4.348ns (84.923%))
  Logic Levels:           2  (LUT3=1 LUT6=1)
  Clock Path Skew:        -0.123ns (DCD - SCD + CPR)
    Destination Clock Delay (DCD):    3.592ns = ( 36.925 - 33.333 ) 
    Source Clock Delay      (SCD):    4.111ns = ( 20.778 - 16.667 ) 
    Clock Pessimism Removal (CPR):    0.396ns
  Clock Uncertainty:      0.035ns  ((TSJ^2 + TIJ^2)^1/2 + DJ) / 2 + PE
    Total System Jitter     (TSJ):    0.071ns
    Total Input Jitter      (TIJ):    0.000ns
    Discrete Jitter          (DJ):    0.000ns
    Phase Error              (PE):    0.000ns

    Location             Delay type                Incr(ns)  Path(ns)    Netlist Resource(s)
  -------------------------------------------------------------------    -------------------
                         (clock cnn_accelerator_system_i/mdm_1/U0/Use_E2.BSCAN_I/Use_E2.BSCANE2_I/DRCK fall edge)
                                                     16.667    16.667 f  
    BSCAN_X0Y1           BSCANE2                      0.000    16.667 f  cnn_accelerator_system_i/mdm_1/U0/Use_E2.BSCAN_I/Use_E2.BSCANE2_I/DRCK
                         net (fo=1, routed)           2.128    18.794    cnn_accelerator_system_i/mdm_1/U0/No_Dbg_Reg_Access.BUFG_DRCK/DRCK
    BUFGCTRL_X0Y4        BUFG (Prop_bufg_I_O)         0.096    18.890 f  cnn_accelerator_system_i/mdm_1/U0/No_Dbg_Reg_Access.BUFG_DRCK/Using_FPGA.Native/O
                         net (fo=239, routed)         1.887    20.778    cnn_accelerator_system_i/mdm_1/U0/MDM_Core_I1/JTAG_CONTROL_I/Use_BSCAN.SYNC_FDRE/Using_FPGA.Native_0
    SLICE_X6Y17          FDRE                                         r  cnn_accelerator_system_i/mdm_1/U0/MDM_Core_I1/JTAG_CONTROL_I/Use_BSCAN.SYNC_FDRE/Using_FPGA.Native/C  (IS_INVERTED)
  -------------------------------------------------------------------    -------------------
    SLICE_X6Y17          FDRE (Prop_fdre_C_Q)         0.524    21.302 r  cnn_accelerator_system_i/mdm_1/U0/MDM_Core_I1/JTAG_CONTROL_I/Use_BSCAN.SYNC_FDRE/Using_FPGA.Native/Q
                         net (fo=4, routed)           0.579    21.881    cnn_accelerator_system_i/mdm_1/U0/MDM_Core_I1/JTAG_CONTROL_I/Use_BSCAN.SYNC_FDRE/sync
    SLICE_X4Y15          LUT6 (Prop_lut6_I0_O)        0.124    22.005 r  cnn_accelerator_system_i/mdm_1/U0/MDM_Core_I1/JTAG_CONTROL_I/Use_BSCAN.SYNC_FDRE/Dbg_Shift_0_INST_0/O
                         net (fo=8, routed)           3.238    25.242    cnn_accelerator_system_i/microblaze_0/U0/MicroBlaze_Core_I/Performance.Core/Use_Debug_Logic.Master_Core.Debug_Perf/Dbg_Shift
    SLICE_X44Y37         LUT3 (Prop_lut3_I2_O)        0.124    25.366 r  cnn_accelerator_system_i/microblaze_0/U0/MicroBlaze_Core_I/Performance.Core/Use_Debug_Logic.Master_Core.Debug_Perf/Serial_Dbg_Intf.shift_count[1]_i_1/O
                         net (fo=1, routed)           0.532    25.898    cnn_accelerator_system_i/microblaze_0/U0/MicroBlaze_Core_I/Performance.Core/Use_Debug_Logic.Master_Core.Debug_Perf/Serial_Dbg_Intf.shift_count[1]_i_1_n_0
    SLICE_X41Y37         FDRE                                         r  cnn_accelerator_system_i/microblaze_0/U0/MicroBlaze_Core_I/Performance.Core/Use_Debug_Logic.Master_Core.Debug_Perf/Serial_Dbg_Intf.shift_count_reg[1]/D
  -------------------------------------------------------------------    -------------------

                         (clock cnn_accelerator_system_i/mdm_1/U0/Use_E2.BSCAN_I/Use_E2.BSCANE2_I/DRCK rise edge)
                                                     33.333    33.333 r  
    BSCAN_X0Y1           BSCANE2                      0.000    33.333 r  cnn_accelerator_system_i/mdm_1/U0/Use_E2.BSCAN_I/Use_E2.BSCANE2_I/DRCK
                         net (fo=1, routed)           1.825    35.158    cnn_accelerator_system_i/mdm_1/U0/No_Dbg_Reg_Access.BUFG_DRCK/DRCK
    BUFGCTRL_X0Y4        BUFG (Prop_bufg_I_O)         0.091    35.249 r  cnn_accelerator_system_i/mdm_1/U0/No_Dbg_Reg_Access.BUFG_DRCK/Using_FPGA.Native/O
                         net (fo=239, routed)         1.676    36.925    cnn_accelerator_system_i/microblaze_0/U0/MicroBlaze_Core_I/Performance.Core/Use_Debug_Logic.Master_Core.Debug_Perf/Dbg_Clk
    SLICE_X41Y37         FDRE                                         r  cnn_accelerator_system_i/microblaze_0/U0/MicroBlaze_Core_I/Performance.Core/Use_Debug_Logic.Master_Core.Debug_Perf/Serial_Dbg_Intf.shift_count_reg[1]/C
                         clock pessimism              0.396    37.321    
                         clock uncertainty           -0.035    37.286    
    SLICE_X41Y37         FDRE (Setup_fdre_C_D)       -0.047    37.239    cnn_accelerator_system_i/microblaze_0/U0/MicroBlaze_Core_I/Performance.Core/Use_Debug_Logic.Master_Core.Debug_Perf/Serial_Dbg_Intf.shift_count_reg[1]
  -------------------------------------------------------------------
                         required time                         37.239    
                         arrival time                         -25.898    
  -------------------------------------------------------------------
                         slack                                 11.341    





Min Delay Paths
--------------------------------------------------------------------------------------
Slack (MET) :             0.073ns  (arrival time - required time)
  Source:                 cnn_accelerator_system_i/microblaze_0/U0/MicroBlaze_Core_I/Performance.Core/Use_Debug_Logic.Master_Core.Debug_Perf/Serial_Dbg_Intf.shift_datain_reg[1]/C
                            (rising edge-triggered cell FDRE clocked by cnn_accelerator_system_i/mdm_1/U0/Use_E2.BSCAN_I/Use_E2.BSCANE2_I/DRCK  {rise@0.000ns fall@16.667ns period=33.333ns})
  Destination:            cnn_accelerator_system_i/microblaze_0/U0/MicroBlaze_Core_I/Performance.Core/Use_Debug_Logic.Master_Core.Debug_Perf/Serial_Dbg_Intf.New_Instr_Reg_TCK_reg[0]/D
                            (rising edge-triggered cell FDRE clocked by cnn_accelerator_system_i/mdm_1/U0/Use_E2.BSCAN_I/Use_E2.BSCANE2_I/DRCK  {rise@0.000ns fall@16.667ns period=33.333ns})
  Path Group:             cnn_accelerator_system_i/mdm_1/U0/Use_E2.BSCAN_I/Use_E2.BSCANE2_I/DRCK
  Path Type:              Hold (Min at Fast Process Corner)
  Requirement:            0.000ns  (cnn_accelerator_system_i/mdm_1/U0/Use_E2.BSCAN_I/Use_E2.BSCANE2_I/DRCK rise@0.000ns - cnn_accelerator_system_i/mdm_1/U0/Use_E2.BSCAN_I/Use_E2.BSCANE2_I/DRCK rise@0.000ns)
  Data Path Delay:        0.400ns  (logic 0.164ns (40.987%)  route 0.236ns (59.013%))
  Logic Levels:           0  
  Clock Path Skew:        0.268ns (DCD - SCD - CPR)
    Destination Clock Delay (DCD):    1.916ns
    Source Clock Delay      (SCD):    1.502ns
    Clock Pessimism Removal (CPR):    0.146ns

    Location             Delay type                Incr(ns)  Path(ns)    Netlist Resource(s)
  -------------------------------------------------------------------    -------------------
                         (clock cnn_accelerator_system_i/mdm_1/U0/Use_E2.BSCAN_I/Use_E2.BSCANE2_I/DRCK rise edge)
                                                      0.000     0.000 r  
    BSCAN_X0Y1           BSCANE2                      0.000     0.000 r  cnn_accelerator_system_i/mdm_1/U0/Use_E2.BSCAN_I/Use_E2.BSCANE2_I/DRCK
                         net (fo=1, routed)           0.859     0.859    cnn_accelerator_system_i/mdm_1/U0/No_Dbg_Reg_Access.BUFG_DRCK/DRCK
    BUFGCTRL_X0Y4        BUFG (Prop_bufg_I_O)         0.026     0.885 r  cnn_accelerator_system_i/mdm_1/U0/No_Dbg_Reg_Access.BUFG_DRCK/Using_FPGA.Native/O
                         net (fo=239, routed)         0.617     1.502    cnn_accelerator_system_i/microblaze_0/U0/MicroBlaze_Core_I/Performance.Core/Use_Debug_Logic.Master_Core.Debug_Perf/Dbg_Clk
    SLICE_X50Y26         FDRE                                         r  cnn_accelerator_system_i/microblaze_0/U0/MicroBlaze_Core_I/Performance.Core/Use_Debug_Logic.Master_Core.Debug_Perf/Serial_Dbg_Intf.shift_datain_reg[1]/C
  -------------------------------------------------------------------    -------------------
    SLICE_X50Y26         FDRE (Prop_fdre_C_Q)         0.164     1.666 r  cnn_accelerator_system_i/microblaze_0/U0/MicroBlaze_Core_I/Performance.Core/Use_Debug_Logic.Master_Core.Debug_Perf/Serial_Dbg_Intf.shift_datain_reg[1]/Q
                         net (fo=1, routed)           0.236     1.902    cnn_accelerator_system_i/microblaze_0/U0/MicroBlaze_Core_I/Performance.Core/Use_Debug_Logic.Master_Core.Debug_Perf/Serial_Dbg_Intf.shift_datain_reg_n_0_[1]
    SLICE_X54Y32         FDRE                                         r  cnn_accelerator_system_i/microblaze_0/U0/MicroBlaze_Core_I/Performance.Core/Use_Debug_Logic.Master_Core.Debug_Perf/Serial_Dbg_Intf.New_Instr_Reg_TCK_reg[0]/D
  -------------------------------------------------------------------    -------------------

                         (clock cnn_accelerator_system_i/mdm_1/U0/Use_E2.BSCAN_I/Use_E2.BSCANE2_I/DRCK rise edge)
                                                      0.000     0.000 r  
    BSCAN_X0Y1           BSCANE2                      0.000     0.000 r  cnn_accelerator_system_i/mdm_1/U0/Use_E2.BSCAN_I/Use_E2.BSCANE2_I/DRCK
                         net (fo=1, routed)           0.994     0.994    cnn_accelerator_system_i/mdm_1/U0/No_Dbg_Reg_Access.BUFG_DRCK/DRCK
    BUFGCTRL_X0Y4        BUFG (Prop_bufg_I_O)         0.029     1.023 r  cnn_accelerator_system_i/mdm_1/U0/No_Dbg_Reg_Access.BUFG_DRCK/Using_FPGA.Native/O
                         net (fo=239, routed)         0.894     1.916    cnn_accelerator_system_i/microblaze_0/U0/MicroBlaze_Core_I/Performance.Core/Use_Debug_Logic.Master_Core.Debug_Perf/Dbg_Clk
    SLICE_X54Y32         FDRE                                         r  cnn_accelerator_system_i/microblaze_0/U0/MicroBlaze_Core_I/Performance.Core/Use_Debug_Logic.Master_Core.Debug_Perf/Serial_Dbg_Intf.New_Instr_Reg_TCK_reg[0]/C
                         clock pessimism             -0.146     1.770    
    SLICE_X54Y32         FDRE (Hold_fdre_C_D)         0.059     1.829    cnn_accelerator_system_i/microblaze_0/U0/MicroBlaze_Core_I/Performance.Core/Use_Debug_Logic.Master_Core.Debug_Perf/Serial_Dbg_Intf.New_Instr_Reg_TCK_reg[0]
  -------------------------------------------------------------------
                         required time                         -1.829    
                         arrival time                           1.902    
  -------------------------------------------------------------------
                         slack                                  0.073    





Pulse Width Checks
--------------------------------------------------------------------------------------
Clock Name:         cnn_accelerator_system_i/mdm_1/U0/Use_E2.BSCAN_I/Use_E2.BSCANE2_I/DRCK
Waveform(ns):       { 0.000 16.667 }
Period(ns):         33.333
Sources:            { cnn_accelerator_system_i/mdm_1/U0/Use_E2.BSCAN_I/Use_E2.BSCANE2_I/DRCK }

Check Type        Corner  Lib Pin     Reference Pin  Required(ns)  Actual(ns)  Slack(ns)  Location       Pin
Min Period        n/a     BUFG/I      n/a            2.155         33.333      31.178     BUFGCTRL_X0Y4  cnn_accelerator_system_i/mdm_1/U0/No_Dbg_Reg_Access.BUFG_DRCK/Using_FPGA.Native/I
Low Pulse Width   Slow    SRL16E/CLK  n/a            0.980         16.666      15.686     SLICE_X2Y17    cnn_accelerator_system_i/mdm_1/U0/MDM_Core_I1/Use_BSCAN.Config_Reg_reg[12]_srl13_MDM_Core_I1_Use_BSCAN.Config_Reg_reg_c_35/CLK
High Pulse Width  Slow    SRL16E/CLK  n/a            0.980         16.667      15.687     SLICE_X2Y17    cnn_accelerator_system_i/mdm_1/U0/MDM_Core_I1/Use_BSCAN.Config_Reg_reg[12]_srl13_MDM_Core_I1_Use_BSCAN.Config_Reg_reg_c_35/CLK



---------------------------------------------------------------------------------------------------
From Clock:  cnn_accelerator_system_i/mdm_1/U0/Use_E2.BSCAN_I/Use_E2.BSCANE2_I/UPDATE
  To Clock:  cnn_accelerator_system_i/mdm_1/U0/Use_E2.BSCAN_I/Use_E2.BSCANE2_I/UPDATE

Setup :            0  Failing Endpoints,  Worst Slack        8.636ns,  Total Violation        0.000ns
Hold  :            0  Failing Endpoints,  Worst Slack        0.263ns,  Total Violation        0.000ns
PW    :            0  Failing Endpoints,  Worst Slack       16.166ns,  Total Violation        0.000ns
---------------------------------------------------------------------------------------------------


Max Delay Paths
--------------------------------------------------------------------------------------
Slack (MET) :             8.636ns  (required time - arrival time)
  Source:                 cnn_accelerator_system_i/mdm_1/U0/MDM_Core_I1/JTAG_CONTROL_I/Use_BSCAN.FDC_I/Using_FPGA.Native/C
                            (falling edge-triggered cell FDCE clocked by cnn_accelerator_system_i/mdm_1/U0/Use_E2.BSCAN_I/Use_E2.BSCANE2_I/UPDATE  {rise@0.000ns fall@16.667ns period=33.333ns})
  Destination:            cnn_accelerator_system_i/microblaze_0/U0/MicroBlaze_Core_I/Performance.Core/Use_Debug_Logic.Master_Core.Debug_Perf/Serial_Dbg_Intf.control_reg_reg[0]/CE
                            (rising edge-triggered cell FDRE clocked by cnn_accelerator_system_i/mdm_1/U0/Use_E2.BSCAN_I/Use_E2.BSCANE2_I/UPDATE  {rise@0.000ns fall@16.667ns period=33.333ns})
  Path Group:             cnn_accelerator_system_i/mdm_1/U0/Use_E2.BSCAN_I/Use_E2.BSCANE2_I/UPDATE
  Path Type:              Setup (Max at Slow Process Corner)
  Requirement:            16.667ns  (cnn_accelerator_system_i/mdm_1/U0/Use_E2.BSCAN_I/Use_E2.BSCANE2_I/UPDATE rise@33.333ns - cnn_accelerator_system_i/mdm_1/U0/Use_E2.BSCAN_I/Use_E2.BSCANE2_I/UPDATE fall@16.667ns)
  Data Path Delay:        6.798ns  (logic 0.831ns (12.225%)  route 5.967ns (87.775%))
  Logic Levels:           3  (LUT3=1 LUT4=1 LUT5=1)
  Clock Path Skew:        -0.993ns (DCD - SCD + CPR)
    Destination Clock Delay (DCD):    1.522ns = ( 34.855 - 33.333 ) 
    Source Clock Delay      (SCD):    2.572ns = ( 19.238 - 16.667 ) 
    Clock Pessimism Removal (CPR):    0.057ns
  Clock Uncertainty:      0.035ns  ((TSJ^2 + TIJ^2)^1/2 + DJ) / 2 + PE
    Total System Jitter     (TSJ):    0.071ns
    Total Input Jitter      (TIJ):    0.000ns
    Discrete Jitter          (DJ):    0.000ns
    Phase Error              (PE):    0.000ns

    Location             Delay type                Incr(ns)  Path(ns)    Netlist Resource(s)
  -------------------------------------------------------------------    -------------------
                         (clock cnn_accelerator_system_i/mdm_1/U0/Use_E2.BSCAN_I/Use_E2.BSCANE2_I/UPDATE fall edge)
                                                     16.667    16.667 f  
    BSCAN_X0Y1           BSCANE2                      0.000    16.667 f  cnn_accelerator_system_i/mdm_1/U0/Use_E2.BSCAN_I/Use_E2.BSCANE2_I/UPDATE
                         net (fo=40, routed)          2.572    19.238    cnn_accelerator_system_i/mdm_1/U0/MDM_Core_I1/JTAG_CONTROL_I/Use_BSCAN.FDC_I/CLK
    SLICE_X3Y14          FDCE                                         r  cnn_accelerator_system_i/mdm_1/U0/MDM_Core_I1/JTAG_CONTROL_I/Use_BSCAN.FDC_I/Using_FPGA.Native/C  (IS_INVERTED)
  -------------------------------------------------------------------    -------------------
    SLICE_X3Y14          FDCE (Prop_fdce_C_Q)         0.459    19.697 f  cnn_accelerator_system_i/mdm_1/U0/MDM_Core_I1/JTAG_CONTROL_I/Use_BSCAN.FDC_I/Using_FPGA.Native/Q
                         net (fo=16, routed)          1.661    21.358    cnn_accelerator_system_i/mdm_1/U0/MDM_Core_I1/JTAG_CONTROL_I/Use_BSCAN.FDC_I/Q_0
    SLICE_X2Y18          LUT3 (Prop_lut3_I1_O)        0.124    21.482 f  cnn_accelerator_system_i/mdm_1/U0/MDM_Core_I1/JTAG_CONTROL_I/Use_BSCAN.FDC_I/Dbg_Reg_En_0[2]_INST_0/O
                         net (fo=2, routed)           1.110    22.592    cnn_accelerator_system_i/microblaze_0/U0/MicroBlaze_Core_I/Performance.Core/Use_Debug_Logic.Master_Core.Debug_Perf/Dbg_Reg_En[2]
    SLICE_X5Y20          LUT4 (Prop_lut4_I0_O)        0.124    22.716 f  cnn_accelerator_system_i/microblaze_0/U0/MicroBlaze_Core_I/Performance.Core/Use_Debug_Logic.Master_Core.Debug_Perf/Dbg_TDO_INST_0_i_15/O
                         net (fo=7, routed)           1.982    24.697    cnn_accelerator_system_i/microblaze_0/U0/MicroBlaze_Core_I/Performance.Core/Use_Debug_Logic.Master_Core.Debug_Perf/Dbg_TDO_INST_0_i_15_n_0
    SLICE_X36Y35         LUT5 (Prop_lut5_I4_O)        0.124    24.821 r  cnn_accelerator_system_i/microblaze_0/U0/MicroBlaze_Core_I/Performance.Core/Use_Debug_Logic.Master_Core.Debug_Perf/Serial_Dbg_Intf.normal_stop_TClk_i_1/O
                         net (fo=9, routed)           1.215    26.036    cnn_accelerator_system_i/microblaze_0/U0/MicroBlaze_Core_I/Performance.Core/Use_Debug_Logic.Master_Core.Debug_Perf/Control_Reg_En
    SLICE_X43Y39         FDRE                                         r  cnn_accelerator_system_i/microblaze_0/U0/MicroBlaze_Core_I/Performance.Core/Use_Debug_Logic.Master_Core.Debug_Perf/Serial_Dbg_Intf.control_reg_reg[0]/CE
  -------------------------------------------------------------------    -------------------

                         (clock cnn_accelerator_system_i/mdm_1/U0/Use_E2.BSCAN_I/Use_E2.BSCANE2_I/UPDATE rise edge)
                                                     33.333    33.333 r  
    BSCAN_X0Y1           BSCANE2                      0.000    33.333 r  cnn_accelerator_system_i/mdm_1/U0/Use_E2.BSCAN_I/Use_E2.BSCANE2_I/UPDATE
                         net (fo=40, routed)          1.522    34.855    cnn_accelerator_system_i/microblaze_0/U0/MicroBlaze_Core_I/Performance.Core/Use_Debug_Logic.Master_Core.Debug_Perf/Dbg_Update
    SLICE_X43Y39         FDRE                                         r  cnn_accelerator_system_i/microblaze_0/U0/MicroBlaze_Core_I/Performance.Core/Use_Debug_Logic.Master_Core.Debug_Perf/Serial_Dbg_Intf.control_reg_reg[0]/C
                         clock pessimism              0.057    34.912    
                         clock uncertainty           -0.035    34.877    
    SLICE_X43Y39         FDRE (Setup_fdre_C_CE)      -0.205    34.672    cnn_accelerator_system_i/microblaze_0/U0/MicroBlaze_Core_I/Performance.Core/Use_Debug_Logic.Master_Core.Debug_Perf/Serial_Dbg_Intf.control_reg_reg[0]
  -------------------------------------------------------------------
                         required time                         34.672    
                         arrival time                         -26.036    
  -------------------------------------------------------------------
                         slack                                  8.636    





Min Delay Paths
--------------------------------------------------------------------------------------
Slack (MET) :             0.263ns  (arrival time - required time)
  Source:                 cnn_accelerator_system_i/mdm_1/U0/MDM_Core_I1/JTAG_CONTROL_I/Debug_Rst_i_reg/C
                            (rising edge-triggered cell FDRE clocked by cnn_accelerator_system_i/mdm_1/U0/Use_E2.BSCAN_I/Use_E2.BSCANE2_I/UPDATE  {rise@0.000ns fall@16.667ns period=33.333ns})
  Destination:            cnn_accelerator_system_i/mdm_1/U0/MDM_Core_I1/JTAG_CONTROL_I/Debug_Rst_i_reg/D
                            (rising edge-triggered cell FDRE clocked by cnn_accelerator_system_i/mdm_1/U0/Use_E2.BSCAN_I/Use_E2.BSCANE2_I/UPDATE  {rise@0.000ns fall@16.667ns period=33.333ns})
  Path Group:             cnn_accelerator_system_i/mdm_1/U0/Use_E2.BSCAN_I/Use_E2.BSCANE2_I/UPDATE
  Path Type:              Hold (Min at Fast Process Corner)
  Requirement:            0.000ns  (cnn_accelerator_system_i/mdm_1/U0/Use_E2.BSCAN_I/Use_E2.BSCANE2_I/UPDATE rise@0.000ns - cnn_accelerator_system_i/mdm_1/U0/Use_E2.BSCAN_I/Use_E2.BSCANE2_I/UPDATE rise@0.000ns)
  Data Path Delay:        0.354ns  (logic 0.186ns (52.498%)  route 0.168ns (47.502%))
  Logic Levels:           1  (LUT6=1)
  Clock Path Skew:        0.000ns (DCD - SCD - CPR)
    Destination Clock Delay (DCD):    1.187ns
    Source Clock Delay      (SCD):    1.007ns
    Clock Pessimism Removal (CPR):    0.180ns

    Location             Delay type                Incr(ns)  Path(ns)    Netlist Resource(s)
  -------------------------------------------------------------------    -------------------
                         (clock cnn_accelerator_system_i/mdm_1/U0/Use_E2.BSCAN_I/Use_E2.BSCANE2_I/UPDATE rise edge)
                                                      0.000     0.000 r  
    BSCAN_X0Y1           BSCANE2                      0.000     0.000 r  cnn_accelerator_system_i/mdm_1/U0/Use_E2.BSCAN_I/Use_E2.BSCANE2_I/UPDATE
                         net (fo=40, routed)          1.007     1.007    cnn_accelerator_system_i/mdm_1/U0/MDM_Core_I1/JTAG_CONTROL_I/CLK
    SLICE_X1Y16          FDRE                                         r  cnn_accelerator_system_i/mdm_1/U0/MDM_Core_I1/JTAG_CONTROL_I/Debug_Rst_i_reg/C
  -------------------------------------------------------------------    -------------------
    SLICE_X1Y16          FDRE (Prop_fdre_C_Q)         0.141     1.148 r  cnn_accelerator_system_i/mdm_1/U0/MDM_Core_I1/JTAG_CONTROL_I/Debug_Rst_i_reg/Q
                         net (fo=2, routed)           0.168     1.317    cnn_accelerator_system_i/mdm_1/U0/MDM_Core_I1/JTAG_CONTROL_I/Use_BSCAN.FDC_I/Dbg_Rst_0
    SLICE_X1Y16          LUT6 (Prop_lut6_I5_O)        0.045     1.362 r  cnn_accelerator_system_i/mdm_1/U0/MDM_Core_I1/JTAG_CONTROL_I/Use_BSCAN.FDC_I/Debug_Rst_i_i_1/O
                         net (fo=1, routed)           0.000     1.362    cnn_accelerator_system_i/mdm_1/U0/MDM_Core_I1/JTAG_CONTROL_I/Use_BSCAN.FDC_I_n_34
    SLICE_X1Y16          FDRE                                         r  cnn_accelerator_system_i/mdm_1/U0/MDM_Core_I1/JTAG_CONTROL_I/Debug_Rst_i_reg/D
  -------------------------------------------------------------------    -------------------

                         (clock cnn_accelerator_system_i/mdm_1/U0/Use_E2.BSCAN_I/Use_E2.BSCANE2_I/UPDATE rise edge)
                                                      0.000     0.000 r  
    BSCAN_X0Y1           BSCANE2                      0.000     0.000 r  cnn_accelerator_system_i/mdm_1/U0/Use_E2.BSCAN_I/Use_E2.BSCANE2_I/UPDATE
                         net (fo=40, routed)          1.187     1.187    cnn_accelerator_system_i/mdm_1/U0/MDM_Core_I1/JTAG_CONTROL_I/CLK
    SLICE_X1Y16          FDRE                                         r  cnn_accelerator_system_i/mdm_1/U0/MDM_Core_I1/JTAG_CONTROL_I/Debug_Rst_i_reg/C
                         clock pessimism             -0.180     1.007    
    SLICE_X1Y16          FDRE (Hold_fdre_C_D)         0.091     1.098    cnn_accelerator_system_i/mdm_1/U0/MDM_Core_I1/JTAG_CONTROL_I/Debug_Rst_i_reg
  -------------------------------------------------------------------
                         required time                         -1.098    
                         arrival time                           1.362    
  -------------------------------------------------------------------
                         slack                                  0.263    





Pulse Width Checks
--------------------------------------------------------------------------------------
Clock Name:         cnn_accelerator_system_i/mdm_1/U0/Use_E2.BSCAN_I/Use_E2.BSCANE2_I/UPDATE
Waveform(ns):       { 0.000 16.667 }
Period(ns):         33.333
Sources:            { cnn_accelerator_system_i/mdm_1/U0/Use_E2.BSCAN_I/Use_E2.BSCANE2_I/UPDATE }

Check Type        Corner  Lib Pin  Reference Pin  Required(ns)  Actual(ns)  Slack(ns)  Location     Pin
Min Period        n/a     FDCE/C   n/a            1.000         33.333      32.333     SLICE_X1Y20  cnn_accelerator_system_i/mdm_1/U0/MDM_Core_I1/Use_BSCAN.PORT_Selector_1_reg[0]/C
Low Pulse Width   Slow    FDCE/C   n/a            0.500         16.666      16.166     SLICE_X1Y20  cnn_accelerator_system_i/mdm_1/U0/MDM_Core_I1/Use_BSCAN.PORT_Selector_1_reg[0]/C
High Pulse Width  Slow    FDCE/C   n/a            0.500         16.667      16.167     SLICE_X1Y20  cnn_accelerator_system_i/mdm_1/U0/MDM_Core_I1/Use_BSCAN.PORT_Selector_1_reg[0]/C



---------------------------------------------------------------------------------------------------
From Clock:  sys_clk_pin
  To Clock:  sys_clk_pin

Setup :           NA  Failing Endpoints,  Worst Slack           NA  ,  Total Violation           NA
Hold  :           NA  Failing Endpoints,  Worst Slack           NA  ,  Total Violation           NA
PW    :            0  Failing Endpoints,  Worst Slack        3.000ns,  Total Violation        0.000ns
---------------------------------------------------------------------------------------------------


Pulse Width Checks
--------------------------------------------------------------------------------------
Clock Name:         sys_clk_pin
Waveform(ns):       { 0.000 5.000 }
Period(ns):         10.000
Sources:            { CLK100MHZ }

Check Type        Corner  Lib Pin            Reference Pin  Required(ns)  Actual(ns)  Slack(ns)  Location         Pin
Min Period        n/a     BUFG/I             n/a            2.155         10.000      7.845      BUFGCTRL_X0Y16   cnn_accelerator_system_i/util_ds_buf_0/U0/USE_BUFG.GEN_BUFG[0].BUFG_U/I
Max Period        n/a     PLLE2_ADV/CLKIN1   n/a            52.633        10.000      42.633     PLLE2_ADV_X1Y1   cnn_accelerator_system_i/mig_7series_0/u_cnn_accelerator_system_mig_7series_0_0_mig/u_ddr3_infrastructure/plle2_i/CLKIN1
Low Pulse Width   Slow    MMCME2_ADV/CLKIN1  n/a            2.000         5.000       3.000      MMCME2_ADV_X0Y0  cnn_accelerator_system_i/clk_wiz_0/inst/mmcm_adv_inst/CLKIN1
High Pulse Width  Slow    MMCME2_ADV/CLKIN1  n/a            2.000         5.000       3.000      MMCME2_ADV_X0Y0  cnn_accelerator_system_i/clk_wiz_0/inst/mmcm_adv_inst/CLKIN1



---------------------------------------------------------------------------------------------------
From Clock:  clk_out1_cnn_accelerator_system_clk_wiz_0_0
  To Clock:  clk_out1_cnn_accelerator_system_clk_wiz_0_0

Setup :           32  Failing Endpoints,  Worst Slack       -0.166ns,  Total Violation       -2.149ns
Hold  :            0  Failing Endpoints,  Worst Slack        0.028ns,  Total Violation        0.000ns
PW    :            0  Failing Endpoints,  Worst Slack        3.750ns,  Total Violation        0.000ns
---------------------------------------------------------------------------------------------------


Max Delay Paths
--------------------------------------------------------------------------------------
Slack (VIOLATED) :        -0.166ns  (required time - arrival time)
  Source:                 cnn_accelerator_system_i/ram_interconnect/m01_couplers/auto_ds/inst/gen_downsizer.gen_simple_downsizer.axi_downsizer_inst/USE_WRITE.write_addr_inst/cmd_queue/inst/fifo_gen_inst/inst_fifo_gen/gconvfifo.rf/grf.rf/gntv_or_sync_fifo.mem/goreg_dm.dout_i_reg[28]/C
                            (rising edge-triggered cell FDRE clocked by clk_out1_cnn_accelerator_system_clk_wiz_0_0  {rise@0.000ns fall@5.000ns period=10.000ns})
  Destination:            cnn_accelerator_system_i/ram_interconnect/s01_couplers/auto_us/inst/gen_upsizer.gen_full_upsizer.axi_upsizer_inst/USE_WRITE.gen_non_fifo_w_upsizer.write_data_inst/WORD_LANE[0].USE_ALWAYS_PACKER.BYTE_LANE[1].USE_RTL_DATA.USE_REGISTER.M_AXI_WDATA_I_reg[12]/CE
                            (rising edge-triggered cell FDRE clocked by clk_out1_cnn_accelerator_system_clk_wiz_0_0  {rise@0.000ns fall@5.000ns period=10.000ns})
  Path Group:             clk_out1_cnn_accelerator_system_clk_wiz_0_0
  Path Type:              Setup (Max at Slow Process Corner)
  Requirement:            10.000ns  (clk_out1_cnn_accelerator_system_clk_wiz_0_0 rise@10.000ns - clk_out1_cnn_accelerator_system_clk_wiz_0_0 rise@0.000ns)
  Data Path Delay:        9.749ns  (logic 2.068ns (21.212%)  route 7.681ns (78.788%))
  Logic Levels:           10  (LUT2=1 LUT3=1 LUT4=1 LUT5=1 LUT6=6)
  Clock Path Skew:        -0.138ns (DCD - SCD + CPR)
    Destination Clock Delay (DCD):    5.087ns = ( 15.087 - 10.000 ) 
    Source Clock Delay      (SCD):    5.421ns
    Clock Pessimism Removal (CPR):    0.195ns
  Clock Uncertainty:      0.074ns  ((TSJ^2 + DJ^2)^1/2) / 2 + PE
    Total System Jitter     (TSJ):    0.071ns
    Discrete Jitter          (DJ):    0.129ns
    Phase Error              (PE):    0.000ns

    Location             Delay type                Incr(ns)  Path(ns)    Netlist Resource(s)
  -------------------------------------------------------------------    -------------------
                         (clock clk_out1_cnn_accelerator_system_clk_wiz_0_0 rise edge)
                                                      0.000     0.000 r  
    E3                                                0.000     0.000 r  CLK100MHZ (IN)
                         net (fo=0)                   0.000     0.000    CLK100MHZ
    E3                   IBUF (Prop_ibuf_I_O)         1.482     1.482 r  CLK100MHZ_IBUF_inst/O
                         net (fo=1, routed)           2.025     3.506    cnn_accelerator_system_i/util_ds_buf_0/U0/BUFG_I[0]
    BUFGCTRL_X0Y16       BUFG (Prop_bufg_I_O)         0.096     3.602 r  cnn_accelerator_system_i/util_ds_buf_0/U0/USE_BUFG.GEN_BUFG[0].BUFG_U/O
                         net (fo=2, routed)           1.809     5.412    cnn_accelerator_system_i/clk_wiz_0/inst/clk_in1
    MMCME2_ADV_X0Y0      MMCME2_ADV (Prop_mmcme2_adv_CLKIN1_CLKOUT0)
                                                     -3.922     1.490 r  cnn_accelerator_system_i/clk_wiz_0/inst/mmcm_adv_inst/CLKOUT0
                         net (fo=1, routed)           2.018     3.508    cnn_accelerator_system_i/clk_wiz_0/inst/clk_out1_cnn_accelerator_system_clk_wiz_0_0
    BUFGCTRL_X0Y3        BUFG (Prop_bufg_I_O)         0.096     3.604 r  cnn_accelerator_system_i/clk_wiz_0/inst/clkout1_buf/O
                         net (fo=9199, routed)        1.816     5.421    cnn_accelerator_system_i/ram_interconnect/m01_couplers/auto_ds/inst/gen_downsizer.gen_simple_downsizer.axi_downsizer_inst/USE_WRITE.write_addr_inst/cmd_queue/inst/fifo_gen_inst/inst_fifo_gen/gconvfifo.rf/grf.rf/gntv_or_sync_fifo.mem/clk
    SLICE_X25Y5          FDRE                                         r  cnn_accelerator_system_i/ram_interconnect/m01_couplers/auto_ds/inst/gen_downsizer.gen_simple_downsizer.axi_downsizer_inst/USE_WRITE.write_addr_inst/cmd_queue/inst/fifo_gen_inst/inst_fifo_gen/gconvfifo.rf/grf.rf/gntv_or_sync_fifo.mem/goreg_dm.dout_i_reg[28]/C
  -------------------------------------------------------------------    -------------------
    SLICE_X25Y5          FDRE (Prop_fdre_C_Q)         0.419     5.840 r  cnn_accelerator_system_i/ram_interconnect/m01_couplers/auto_ds/inst/gen_downsizer.gen_simple_downsizer.axi_downsizer_inst/USE_WRITE.write_addr_inst/cmd_queue/inst/fifo_gen_inst/inst_fifo_gen/gconvfifo.rf/grf.rf/gntv_or_sync_fifo.mem/goreg_dm.dout_i_reg[28]/Q
                         net (fo=8, routed)           1.084     6.924    cnn_accelerator_system_i/ram_interconnect/m01_couplers/auto_ds/inst/gen_downsizer.gen_simple_downsizer.axi_downsizer_inst/USE_WRITE.write_data_inst/current_word_1_reg[1]_1[15]
    SLICE_X29Y8          LUT4 (Prop_lut4_I1_O)        0.325     7.249 r  cnn_accelerator_system_i/ram_interconnect/m01_couplers/auto_ds/inst/gen_downsizer.gen_simple_downsizer.axi_downsizer_inst/USE_WRITE.write_data_inst/current_word_1[1]_i_3__0/O
                         net (fo=4, routed)           0.784     8.033    cnn_accelerator_system_i/ram_interconnect/m01_couplers/auto_ds/inst/gen_downsizer.gen_simple_downsizer.axi_downsizer_inst/USE_WRITE.write_addr_inst/cmd_queue/inst/current_word_1_reg[1]_0
    SLICE_X27Y7          LUT6 (Prop_lut6_I5_O)        0.332     8.365 f  cnn_accelerator_system_i/ram_interconnect/m01_couplers/auto_ds/inst/gen_downsizer.gen_simple_downsizer.axi_downsizer_inst/USE_WRITE.write_addr_inst/cmd_queue/inst/current_word_1[1]_i_1__0/O
                         net (fo=2, routed)           0.614     8.980    cnn_accelerator_system_i/ram_interconnect/m01_couplers/auto_ds/inst/gen_downsizer.gen_simple_downsizer.axi_downsizer_inst/USE_WRITE.write_addr_inst/cmd_queue/inst/goreg_dm.dout_i_reg[17][1]
    SLICE_X32Y8          LUT5 (Prop_lut5_I0_O)        0.124     9.104 f  cnn_accelerator_system_i/ram_interconnect/m01_couplers/auto_ds/inst/gen_downsizer.gen_simple_downsizer.axi_downsizer_inst/USE_WRITE.write_addr_inst/cmd_queue/inst/s_axi_wready_INST_0_i_2/O
                         net (fo=1, routed)           0.280     9.384    cnn_accelerator_system_i/ram_interconnect/m01_couplers/auto_ds/inst/gen_downsizer.gen_simple_downsizer.axi_downsizer_inst/USE_WRITE.write_addr_inst/cmd_queue/inst/s_axi_wready_INST_0_i_2_n_0
    SLICE_X32Y8          LUT6 (Prop_lut6_I1_O)        0.124     9.508 f  cnn_accelerator_system_i/ram_interconnect/m01_couplers/auto_ds/inst/gen_downsizer.gen_simple_downsizer.axi_downsizer_inst/USE_WRITE.write_addr_inst/cmd_queue/inst/s_axi_wready_INST_0_i_1/O
                         net (fo=1, routed)           0.159     9.666    cnn_accelerator_system_i/ram_interconnect/m01_couplers/auto_ds/inst/gen_downsizer.gen_simple_downsizer.axi_downsizer_inst/USE_WRITE.write_addr_inst/cmd_queue/inst/s_axi_wready_INST_0_i_1_n_0
    SLICE_X32Y8          LUT6 (Prop_lut6_I5_O)        0.124     9.790 r  cnn_accelerator_system_i/ram_interconnect/m01_couplers/auto_ds/inst/gen_downsizer.gen_simple_downsizer.axi_downsizer_inst/USE_WRITE.write_addr_inst/cmd_queue/inst/s_axi_wready_INST_0/O
                         net (fo=4, routed)           0.652    10.442    cnn_accelerator_system_i/ram_interconnect/xbar/inst/gen_samd.crossbar_samd/gen_slave_slots[1].gen_si_write.wdata_router_w/wrouter_aw_fifo/m_axi_wready[0]
    SLICE_X45Y9          LUT6 (Prop_lut6_I3_O)        0.124    10.566 r  cnn_accelerator_system_i/ram_interconnect/xbar/inst/gen_samd.crossbar_samd/gen_slave_slots[1].gen_si_write.wdata_router_w/wrouter_aw_fifo/s_axi_wready[1]_INST_0_i_1/O
                         net (fo=1, routed)           0.646    11.212    cnn_accelerator_system_i/ram_interconnect/xbar/inst/gen_samd.crossbar_samd/gen_slave_slots[1].gen_si_write.wdata_router_w/wrouter_aw_fifo/m_aready0
    SLICE_X56Y10         LUT2 (Prop_lut2_I1_O)        0.124    11.336 r  cnn_accelerator_system_i/ram_interconnect/xbar/inst/gen_samd.crossbar_samd/gen_slave_slots[1].gen_si_write.wdata_router_w/wrouter_aw_fifo/s_axi_wready[1]_INST_0/O
                         net (fo=39, routed)          1.023    12.359    cnn_accelerator_system_i/ram_interconnect/s01_couplers/auto_us/inst/gen_upsizer.gen_full_upsizer.axi_upsizer_inst/USE_WRITE.write_addr_inst/GEN_CMD_QUEUE.cmd_queue/m_axi_wready
    SLICE_X68Y16         LUT6 (Prop_lut6_I1_O)        0.124    12.483 f  cnn_accelerator_system_i/ram_interconnect/s01_couplers/auto_us/inst/gen_upsizer.gen_full_upsizer.axi_upsizer_inst/USE_WRITE.write_addr_inst/GEN_CMD_QUEUE.cmd_queue/WORD_LANE[3].USE_ALWAYS_PACKER.BYTE_LANE[3].USE_RTL_DATA.USE_REGISTER.M_AXI_WDATA_I[127]_i_6/O
                         net (fo=2, routed)           0.738    13.221    cnn_accelerator_system_i/ram_interconnect/s01_couplers/auto_us/inst/gen_upsizer.gen_full_upsizer.axi_upsizer_inst/USE_WRITE.write_addr_inst/GEN_CMD_QUEUE.cmd_queue/WORD_LANE[3].USE_ALWAYS_PACKER.BYTE_LANE[3].USE_RTL_DATA.USE_REGISTER.M_AXI_WDATA_I[127]_i_6_n_0
    SLICE_X68Y19         LUT3 (Prop_lut3_I2_O)        0.124    13.345 f  cnn_accelerator_system_i/ram_interconnect/s01_couplers/auto_us/inst/gen_upsizer.gen_full_upsizer.axi_upsizer_inst/USE_WRITE.write_addr_inst/GEN_CMD_QUEUE.cmd_queue/WORD_LANE[0].USE_ALWAYS_PACKER.BYTE_LANE[3].USE_RTL_DATA.USE_REGISTER.M_AXI_WDATA_I[31]_i_5/O
                         net (fo=8, routed)           0.850    14.194    cnn_accelerator_system_i/ram_interconnect/s01_couplers/auto_us/inst/gen_upsizer.gen_full_upsizer.axi_upsizer_inst/USE_WRITE.gen_non_fifo_w_upsizer.write_data_inst/WORD_LANE[0].USE_ALWAYS_PACKER.BYTE_LANE[0].USE_RTL_DATA.USE_REGISTER.M_AXI_WSTRB_I_reg[0]_0
    SLICE_X66Y24         LUT6 (Prop_lut6_I2_O)        0.124    14.318 r  cnn_accelerator_system_i/ram_interconnect/s01_couplers/auto_us/inst/gen_upsizer.gen_full_upsizer.axi_upsizer_inst/USE_WRITE.gen_non_fifo_w_upsizer.write_data_inst/WORD_LANE[0].USE_ALWAYS_PACKER.BYTE_LANE[1].USE_RTL_DATA.USE_REGISTER.M_AXI_WDATA_I[15]_i_1/O
                         net (fo=8, routed)           0.851    15.170    cnn_accelerator_system_i/ram_interconnect/s01_couplers/auto_us/inst/gen_upsizer.gen_full_upsizer.axi_upsizer_inst/USE_WRITE.gen_non_fifo_w_upsizer.write_data_inst/WORD_LANE[0].USE_ALWAYS_PACKER.BYTE_LANE[1].USE_RTL_DATA.USE_REGISTER.M_AXI_WDATA_I[15]_i_1_n_0
    SLICE_X71Y21         FDRE                                         r  cnn_accelerator_system_i/ram_interconnect/s01_couplers/auto_us/inst/gen_upsizer.gen_full_upsizer.axi_upsizer_inst/USE_WRITE.gen_non_fifo_w_upsizer.write_data_inst/WORD_LANE[0].USE_ALWAYS_PACKER.BYTE_LANE[1].USE_RTL_DATA.USE_REGISTER.M_AXI_WDATA_I_reg[12]/CE
  -------------------------------------------------------------------    -------------------

                         (clock clk_out1_cnn_accelerator_system_clk_wiz_0_0 rise edge)
                                                     10.000    10.000 r  
    E3                                                0.000    10.000 r  CLK100MHZ (IN)
                         net (fo=0)                   0.000    10.000    CLK100MHZ
    E3                   IBUF (Prop_ibuf_I_O)         1.411    11.411 r  CLK100MHZ_IBUF_inst/O
                         net (fo=1, routed)           1.920    13.331    cnn_accelerator_system_i/util_ds_buf_0/U0/BUFG_I[0]
    BUFGCTRL_X0Y16       BUFG (Prop_bufg_I_O)         0.091    13.422 r  cnn_accelerator_system_i/util_ds_buf_0/U0/USE_BUFG.GEN_BUFG[0].BUFG_U/O
                         net (fo=2, routed)           1.683    15.105    cnn_accelerator_system_i/clk_wiz_0/inst/clk_in1
    MMCME2_ADV_X0Y0      MMCME2_ADV (Prop_mmcme2_adv_CLKIN1_CLKOUT0)
                                                     -3.694    11.411 r  cnn_accelerator_system_i/clk_wiz_0/inst/mmcm_adv_inst/CLKOUT0
                         net (fo=1, routed)           1.923    13.334    cnn_accelerator_system_i/clk_wiz_0/inst/clk_out1_cnn_accelerator_system_clk_wiz_0_0
    BUFGCTRL_X0Y3        BUFG (Prop_bufg_I_O)         0.091    13.425 r  cnn_accelerator_system_i/clk_wiz_0/inst/clkout1_buf/O
                         net (fo=9199, routed)        1.662    15.087    cnn_accelerator_system_i/ram_interconnect/s01_couplers/auto_us/inst/gen_upsizer.gen_full_upsizer.axi_upsizer_inst/USE_WRITE.gen_non_fifo_w_upsizer.write_data_inst/USE_RTL_LENGTH.length_counter_q_reg[0]_0
    SLICE_X71Y21         FDRE                                         r  cnn_accelerator_system_i/ram_interconnect/s01_couplers/auto_us/inst/gen_upsizer.gen_full_upsizer.axi_upsizer_inst/USE_WRITE.gen_non_fifo_w_upsizer.write_data_inst/WORD_LANE[0].USE_ALWAYS_PACKER.BYTE_LANE[1].USE_RTL_DATA.USE_REGISTER.M_AXI_WDATA_I_reg[12]/C
                         clock pessimism              0.195    15.283    
                         clock uncertainty           -0.074    15.209    
    SLICE_X71Y21         FDRE (Setup_fdre_C_CE)      -0.205    15.004    cnn_accelerator_system_i/ram_interconnect/s01_couplers/auto_us/inst/gen_upsizer.gen_full_upsizer.axi_upsizer_inst/USE_WRITE.gen_non_fifo_w_upsizer.write_data_inst/WORD_LANE[0].USE_ALWAYS_PACKER.BYTE_LANE[1].USE_RTL_DATA.USE_REGISTER.M_AXI_WDATA_I_reg[12]
  -------------------------------------------------------------------
                         required time                         15.004    
                         arrival time                         -15.170    
  -------------------------------------------------------------------
                         slack                                 -0.166    





Min Delay Paths
--------------------------------------------------------------------------------------
Slack (MET) :             0.028ns  (arrival time - required time)
  Source:                 cnn_accelerator_system_i/microblaze_0/U0/MicroBlaze_Core_I/Performance.Core/Using_ICache.ICache_I1/Cache_Interface_I1/Using_AXI.M_AXI_ARADDR_I_reg[28]/C
                            (rising edge-triggered cell FDRE clocked by clk_out1_cnn_accelerator_system_clk_wiz_0_0  {rise@0.000ns fall@5.000ns period=10.000ns})
  Destination:            cnn_accelerator_system_i/ram_interconnect/s00_couplers/auto_us/inst/gen_upsizer.gen_full_upsizer.axi_upsizer_inst/si_register_slice_inst/ar.ar_pipe/m_payload_i_reg[28]/D
                            (rising edge-triggered cell FDRE clocked by clk_out1_cnn_accelerator_system_clk_wiz_0_0  {rise@0.000ns fall@5.000ns period=10.000ns})
  Path Group:             clk_out1_cnn_accelerator_system_clk_wiz_0_0
  Path Type:              Hold (Min at Fast Process Corner)
  Requirement:            0.000ns  (clk_out1_cnn_accelerator_system_clk_wiz_0_0 rise@0.000ns - clk_out1_cnn_accelerator_system_clk_wiz_0_0 rise@0.000ns)
  Data Path Delay:        0.315ns  (logic 0.148ns (47.007%)  route 0.167ns (52.993%))
  Logic Levels:           0  
  Clock Path Skew:        0.265ns (DCD - SCD - CPR)
    Destination Clock Delay (DCD):    2.065ns
    Source Clock Delay      (SCD):    1.546ns
    Clock Pessimism Removal (CPR):    0.254ns

    Location             Delay type                Incr(ns)  Path(ns)    Netlist Resource(s)
  -------------------------------------------------------------------    -------------------
                         (clock clk_out1_cnn_accelerator_system_clk_wiz_0_0 rise edge)
                                                      0.000     0.000 r  
    E3                                                0.000     0.000 r  CLK100MHZ (IN)
                         net (fo=0)                   0.000     0.000    CLK100MHZ
    E3                   IBUF (Prop_ibuf_I_O)         0.250     0.250 r  CLK100MHZ_IBUF_inst/O
                         net (fo=1, routed)           0.644     0.894    cnn_accelerator_system_i/util_ds_buf_0/U0/BUFG_I[0]
    BUFGCTRL_X0Y16       BUFG (Prop_bufg_I_O)         0.026     0.920 r  cnn_accelerator_system_i/util_ds_buf_0/U0/USE_BUFG.GEN_BUFG[0].BUFG_U/O
                         net (fo=2, routed)           0.624     1.544    cnn_accelerator_system_i/clk_wiz_0/inst/clk_in1
    MMCME2_ADV_X0Y0      MMCME2_ADV (Prop_mmcme2_adv_CLKIN1_CLKOUT0)
                                                     -1.296     0.248 r  cnn_accelerator_system_i/clk_wiz_0/inst/mmcm_adv_inst/CLKOUT0
                         net (fo=1, routed)           0.648     0.896    cnn_accelerator_system_i/clk_wiz_0/inst/clk_out1_cnn_accelerator_system_clk_wiz_0_0
    BUFGCTRL_X0Y3        BUFG (Prop_bufg_I_O)         0.026     0.922 r  cnn_accelerator_system_i/clk_wiz_0/inst/clkout1_buf/O
                         net (fo=9199, routed)        0.624     1.546    cnn_accelerator_system_i/microblaze_0/U0/MicroBlaze_Core_I/Performance.Core/Using_ICache.ICache_I1/Cache_Interface_I1/Clk
    SLICE_X54Y15         FDRE                                         r  cnn_accelerator_system_i/microblaze_0/U0/MicroBlaze_Core_I/Performance.Core/Using_ICache.ICache_I1/Cache_Interface_I1/Using_AXI.M_AXI_ARADDR_I_reg[28]/C
  -------------------------------------------------------------------    -------------------
    SLICE_X54Y15         FDRE (Prop_fdre_C_Q)         0.148     1.694 r  cnn_accelerator_system_i/microblaze_0/U0/MicroBlaze_Core_I/Performance.Core/Using_ICache.ICache_I1/Cache_Interface_I1/Using_AXI.M_AXI_ARADDR_I_reg[28]/Q
                         net (fo=1, routed)           0.167     1.861    cnn_accelerator_system_i/ram_interconnect/s00_couplers/auto_us/inst/gen_upsizer.gen_full_upsizer.axi_upsizer_inst/si_register_slice_inst/ar.ar_pipe/D[26]
    SLICE_X51Y14         FDRE                                         r  cnn_accelerator_system_i/ram_interconnect/s00_couplers/auto_us/inst/gen_upsizer.gen_full_upsizer.axi_upsizer_inst/si_register_slice_inst/ar.ar_pipe/m_payload_i_reg[28]/D
  -------------------------------------------------------------------    -------------------

                         (clock clk_out1_cnn_accelerator_system_clk_wiz_0_0 rise edge)
                                                      0.000     0.000 r  
    E3                                                0.000     0.000 r  CLK100MHZ (IN)
                         net (fo=0)                   0.000     0.000    CLK100MHZ
    E3                   IBUF (Prop_ibuf_I_O)         0.438     0.438 r  CLK100MHZ_IBUF_inst/O
                         net (fo=1, routed)           0.699     1.136    cnn_accelerator_system_i/util_ds_buf_0/U0/BUFG_I[0]
    BUFGCTRL_X0Y16       BUFG (Prop_bufg_I_O)         0.029     1.165 r  cnn_accelerator_system_i/util_ds_buf_0/U0/USE_BUFG.GEN_BUFG[0].BUFG_U/O
                         net (fo=2, routed)           0.898     2.063    cnn_accelerator_system_i/clk_wiz_0/inst/clk_in1
    MMCME2_ADV_X0Y0      MMCME2_ADV (Prop_mmcme2_adv_CLKIN1_CLKOUT0)
                                                     -1.625     0.438 r  cnn_accelerator_system_i/clk_wiz_0/inst/mmcm_adv_inst/CLKOUT0
                         net (fo=1, routed)           0.700     1.138    cnn_accelerator_system_i/clk_wiz_0/inst/clk_out1_cnn_accelerator_system_clk_wiz_0_0
    BUFGCTRL_X0Y3        BUFG (Prop_bufg_I_O)         0.029     1.167 r  cnn_accelerator_system_i/clk_wiz_0/inst/clkout1_buf/O
                         net (fo=9199, routed)        0.898     2.065    cnn_accelerator_system_i/ram_interconnect/s00_couplers/auto_us/inst/gen_upsizer.gen_full_upsizer.axi_upsizer_inst/si_register_slice_inst/ar.ar_pipe/out
    SLICE_X51Y14         FDRE                                         r  cnn_accelerator_system_i/ram_interconnect/s00_couplers/auto_us/inst/gen_upsizer.gen_full_upsizer.axi_upsizer_inst/si_register_slice_inst/ar.ar_pipe/m_payload_i_reg[28]/C
                         clock pessimism             -0.254     1.811    
    SLICE_X51Y14         FDRE (Hold_fdre_C_D)         0.022     1.833    cnn_accelerator_system_i/ram_interconnect/s00_couplers/auto_us/inst/gen_upsizer.gen_full_upsizer.axi_upsizer_inst/si_register_slice_inst/ar.ar_pipe/m_payload_i_reg[28]
  -------------------------------------------------------------------
                         required time                         -1.833    
                         arrival time                           1.861    
  -------------------------------------------------------------------
                         slack                                  0.028    





Pulse Width Checks
--------------------------------------------------------------------------------------
Clock Name:         clk_out1_cnn_accelerator_system_clk_wiz_0_0
Waveform(ns):       { 0.000 5.000 }
Period(ns):         10.000
Sources:            { cnn_accelerator_system_i/clk_wiz_0/inst/mmcm_adv_inst/CLKOUT0 }

Check Type        Corner  Lib Pin             Reference Pin  Required(ns)  Actual(ns)  Slack(ns)  Location         Pin
Min Period        n/a     RAMB36E1/CLKARDCLK  n/a            2.944         10.000      7.056      RAMB36_X2Y10     cnn_accelerator_system_i/microblaze_0/U0/MicroBlaze_Core_I/Performance.Core/Using_DCache.Using_WriteThrough.DCache_I1/DATA_RAM_Module/Not_Using_XPM.Using_B36_S4.The_BRAMs[0].RAMB36_I1/Using_FPGA.Native/CLKARDCLK
Max Period        n/a     MMCME2_ADV/CLKOUT0  n/a            213.360       10.000      203.360    MMCME2_ADV_X0Y0  cnn_accelerator_system_i/clk_wiz_0/inst/mmcm_adv_inst/CLKOUT0
Low Pulse Width   Slow    RAMD32/CLK          n/a            1.250         5.000       3.750      SLICE_X56Y42     cnn_accelerator_system_i/microblaze_0/U0/MicroBlaze_Core_I/Performance.Core/Data_Flow_I/Register_File_I/Using_LUT6.All_RAM32M[0].ram32m_i/Using_FPGA.Native/RAMA/CLK
High Pulse Width  Slow    RAMD32/CLK          n/a            1.250         5.000       3.750      SLICE_X56Y42     cnn_accelerator_system_i/microblaze_0/U0/MicroBlaze_Core_I/Performance.Core/Data_Flow_I/Register_File_I/Using_LUT6.All_RAM32M[0].ram32m_i/Using_FPGA.Native/RAMA/CLK



---------------------------------------------------------------------------------------------------
From Clock:  clk_out2_cnn_accelerator_system_clk_wiz_0_0
  To Clock:  clk_out2_cnn_accelerator_system_clk_wiz_0_0

Setup :            0  Failing Endpoints,  Worst Slack        0.646ns,  Total Violation        0.000ns
Hold  :            0  Failing Endpoints,  Worst Slack        0.122ns,  Total Violation        0.000ns
PW    :            0  Failing Endpoints,  Worst Slack        0.264ns,  Total Violation        0.000ns
---------------------------------------------------------------------------------------------------


Max Delay Paths
--------------------------------------------------------------------------------------
Slack (MET) :             0.646ns  (required time - arrival time)
  Source:                 cnn_accelerator_system_i/mig_7series_0/u_cnn_accelerator_system_mig_7series_0_0_mig/temp_mon_enabled.u_tempmon/xadc_supplied_temperature.rst_r2_reg/C
                            (rising edge-triggered cell FDRE clocked by clk_out2_cnn_accelerator_system_clk_wiz_0_0  {rise@0.000ns fall@2.500ns period=5.000ns})
  Destination:            cnn_accelerator_system_i/mig_7series_0/u_cnn_accelerator_system_mig_7series_0_0_mig/temp_mon_enabled.u_tempmon/xadc_supplied_temperature.sample_timer_reg[0]/R
                            (rising edge-triggered cell FDRE clocked by clk_out2_cnn_accelerator_system_clk_wiz_0_0  {rise@0.000ns fall@2.500ns period=5.000ns})
  Path Group:             clk_out2_cnn_accelerator_system_clk_wiz_0_0
  Path Type:              Setup (Max at Slow Process Corner)
  Requirement:            5.000ns  (clk_out2_cnn_accelerator_system_clk_wiz_0_0 rise@5.000ns - clk_out2_cnn_accelerator_system_clk_wiz_0_0 rise@0.000ns)
  Data Path Delay:        3.809ns  (logic 0.718ns (18.848%)  route 3.091ns (81.152%))
  Logic Levels:           1  (LUT2=1)
  Clock Path Skew:        -0.049ns (DCD - SCD + CPR)
    Destination Clock Delay (DCD):    5.009ns = ( 10.009 - 5.000 ) 
    Source Clock Delay      (SCD):    5.315ns
    Clock Pessimism Removal (CPR):    0.257ns
  Clock Uncertainty:      0.067ns  ((TSJ^2 + DJ^2)^1/2) / 2 + PE
    Total System Jitter     (TSJ):    0.071ns
    Discrete Jitter          (DJ):    0.113ns
    Phase Error              (PE):    0.000ns

    Location             Delay type                Incr(ns)  Path(ns)    Netlist Resource(s)
  -------------------------------------------------------------------    -------------------
                         (clock clk_out2_cnn_accelerator_system_clk_wiz_0_0 rise edge)
                                                      0.000     0.000 r  
    E3                                                0.000     0.000 r  CLK100MHZ (IN)
                         net (fo=0)                   0.000     0.000    CLK100MHZ
    E3                   IBUF (Prop_ibuf_I_O)         1.482     1.482 r  CLK100MHZ_IBUF_inst/O
                         net (fo=1, routed)           2.025     3.506    cnn_accelerator_system_i/util_ds_buf_0/U0/BUFG_I[0]
    BUFGCTRL_X0Y16       BUFG (Prop_bufg_I_O)         0.096     3.602 r  cnn_accelerator_system_i/util_ds_buf_0/U0/USE_BUFG.GEN_BUFG[0].BUFG_U/O
                         net (fo=2, routed)           1.809     5.412    cnn_accelerator_system_i/clk_wiz_0/inst/clk_in1
    MMCME2_ADV_X0Y0      MMCME2_ADV (Prop_mmcme2_adv_CLKIN1_CLKOUT1)
                                                     -3.922     1.490 r  cnn_accelerator_system_i/clk_wiz_0/inst/mmcm_adv_inst/CLKOUT1
                         net (fo=1, routed)           2.018     3.508    cnn_accelerator_system_i/clk_wiz_0/inst/clk_out2_cnn_accelerator_system_clk_wiz_0_0
    BUFGCTRL_X0Y1        BUFG (Prop_bufg_I_O)         0.096     3.604 r  cnn_accelerator_system_i/clk_wiz_0/inst/clkout2_buf/O
                         net (fo=62, routed)          1.711     5.315    cnn_accelerator_system_i/mig_7series_0/u_cnn_accelerator_system_mig_7series_0_0_mig/temp_mon_enabled.u_tempmon/clk_ref_i
    SLICE_X3Y104         FDRE                                         r  cnn_accelerator_system_i/mig_7series_0/u_cnn_accelerator_system_mig_7series_0_0_mig/temp_mon_enabled.u_tempmon/xadc_supplied_temperature.rst_r2_reg/C
  -------------------------------------------------------------------    -------------------
    SLICE_X3Y104         FDRE (Prop_fdre_C_Q)         0.419     5.734 r  cnn_accelerator_system_i/mig_7series_0/u_cnn_accelerator_system_mig_7series_0_0_mig/temp_mon_enabled.u_tempmon/xadc_supplied_temperature.rst_r2_reg/Q
                         net (fo=32, routed)          2.238     7.973    cnn_accelerator_system_i/mig_7series_0/u_cnn_accelerator_system_mig_7series_0_0_mig/temp_mon_enabled.u_tempmon/xadc_supplied_temperature.rst_r2
    SLICE_X2Y130         LUT2 (Prop_lut2_I0_O)        0.299     8.272 r  cnn_accelerator_system_i/mig_7series_0/u_cnn_accelerator_system_mig_7series_0_0_mig/temp_mon_enabled.u_tempmon/xadc_supplied_temperature.sample_timer[10]_i_1/O
                         net (fo=11, routed)          0.853     9.125    cnn_accelerator_system_i/mig_7series_0/u_cnn_accelerator_system_mig_7series_0_0_mig/temp_mon_enabled.u_tempmon/xadc_supplied_temperature.sample_timer0__20
    SLICE_X0Y132         FDRE                                         r  cnn_accelerator_system_i/mig_7series_0/u_cnn_accelerator_system_mig_7series_0_0_mig/temp_mon_enabled.u_tempmon/xadc_supplied_temperature.sample_timer_reg[0]/R
  -------------------------------------------------------------------    -------------------

                         (clock clk_out2_cnn_accelerator_system_clk_wiz_0_0 rise edge)
                                                      5.000     5.000 r  
    E3                                                0.000     5.000 r  CLK100MHZ (IN)
                         net (fo=0)                   0.000     5.000    CLK100MHZ
    E3                   IBUF (Prop_ibuf_I_O)         1.411     6.411 r  CLK100MHZ_IBUF_inst/O
                         net (fo=1, routed)           1.920     8.331    cnn_accelerator_system_i/util_ds_buf_0/U0/BUFG_I[0]
    BUFGCTRL_X0Y16       BUFG (Prop_bufg_I_O)         0.091     8.422 r  cnn_accelerator_system_i/util_ds_buf_0/U0/USE_BUFG.GEN_BUFG[0].BUFG_U/O
                         net (fo=2, routed)           1.683    10.105    cnn_accelerator_system_i/clk_wiz_0/inst/clk_in1
    MMCME2_ADV_X0Y0      MMCME2_ADV (Prop_mmcme2_adv_CLKIN1_CLKOUT1)
                                                     -3.694     6.411 r  cnn_accelerator_system_i/clk_wiz_0/inst/mmcm_adv_inst/CLKOUT1
                         net (fo=1, routed)           1.923     8.334    cnn_accelerator_system_i/clk_wiz_0/inst/clk_out2_cnn_accelerator_system_clk_wiz_0_0
    BUFGCTRL_X0Y1        BUFG (Prop_bufg_I_O)         0.091     8.425 r  cnn_accelerator_system_i/clk_wiz_0/inst/clkout2_buf/O
                         net (fo=62, routed)          1.584    10.009    cnn_accelerator_system_i/mig_7series_0/u_cnn_accelerator_system_mig_7series_0_0_mig/temp_mon_enabled.u_tempmon/clk_ref_i
    SLICE_X0Y132         FDRE                                         r  cnn_accelerator_system_i/mig_7series_0/u_cnn_accelerator_system_mig_7series_0_0_mig/temp_mon_enabled.u_tempmon/xadc_supplied_temperature.sample_timer_reg[0]/C
                         clock pessimism              0.257    10.266    
                         clock uncertainty           -0.067    10.200    
    SLICE_X0Y132         FDRE (Setup_fdre_C_R)       -0.429     9.771    cnn_accelerator_system_i/mig_7series_0/u_cnn_accelerator_system_mig_7series_0_0_mig/temp_mon_enabled.u_tempmon/xadc_supplied_temperature.sample_timer_reg[0]
  -------------------------------------------------------------------
                         required time                          9.771    
                         arrival time                          -9.125    
  -------------------------------------------------------------------
                         slack                                  0.646    





Min Delay Paths
--------------------------------------------------------------------------------------
Slack (MET) :             0.122ns  (arrival time - required time)
  Source:                 cnn_accelerator_system_i/mig_7series_0/u_cnn_accelerator_system_mig_7series_0_0_mig/temp_mon_enabled.u_tempmon/xadc_supplied_temperature.rst_r1_reg/C
                            (rising edge-triggered cell FDRE clocked by clk_out2_cnn_accelerator_system_clk_wiz_0_0  {rise@0.000ns fall@2.500ns period=5.000ns})
  Destination:            cnn_accelerator_system_i/mig_7series_0/u_cnn_accelerator_system_mig_7series_0_0_mig/temp_mon_enabled.u_tempmon/xadc_supplied_temperature.rst_r2_reg/D
                            (rising edge-triggered cell FDRE clocked by clk_out2_cnn_accelerator_system_clk_wiz_0_0  {rise@0.000ns fall@2.500ns period=5.000ns})
  Path Group:             clk_out2_cnn_accelerator_system_clk_wiz_0_0
  Path Type:              Hold (Min at Fast Process Corner)
  Requirement:            0.000ns  (clk_out2_cnn_accelerator_system_clk_wiz_0_0 rise@0.000ns - clk_out2_cnn_accelerator_system_clk_wiz_0_0 rise@0.000ns)
  Data Path Delay:        0.197ns  (logic 0.141ns (71.611%)  route 0.056ns (28.389%))
  Logic Levels:           0  
  Clock Path Skew:        0.000ns (DCD - SCD - CPR)
    Destination Clock Delay (DCD):    2.040ns
    Source Clock Delay      (SCD):    1.521ns
    Clock Pessimism Removal (CPR):    0.518ns

    Location             Delay type                Incr(ns)  Path(ns)    Netlist Resource(s)
  -------------------------------------------------------------------    -------------------
                         (clock clk_out2_cnn_accelerator_system_clk_wiz_0_0 rise edge)
                                                      0.000     0.000 r  
    E3                                                0.000     0.000 r  CLK100MHZ (IN)
                         net (fo=0)                   0.000     0.000    CLK100MHZ
    E3                   IBUF (Prop_ibuf_I_O)         0.250     0.250 r  CLK100MHZ_IBUF_inst/O
                         net (fo=1, routed)           0.644     0.894    cnn_accelerator_system_i/util_ds_buf_0/U0/BUFG_I[0]
    BUFGCTRL_X0Y16       BUFG (Prop_bufg_I_O)         0.026     0.920 r  cnn_accelerator_system_i/util_ds_buf_0/U0/USE_BUFG.GEN_BUFG[0].BUFG_U/O
                         net (fo=2, routed)           0.624     1.544    cnn_accelerator_system_i/clk_wiz_0/inst/clk_in1
    MMCME2_ADV_X0Y0      MMCME2_ADV (Prop_mmcme2_adv_CLKIN1_CLKOUT1)
                                                     -1.296     0.248 r  cnn_accelerator_system_i/clk_wiz_0/inst/mmcm_adv_inst/CLKOUT1
                         net (fo=1, routed)           0.648     0.896    cnn_accelerator_system_i/clk_wiz_0/inst/clk_out2_cnn_accelerator_system_clk_wiz_0_0
    BUFGCTRL_X0Y1        BUFG (Prop_bufg_I_O)         0.026     0.922 r  cnn_accelerator_system_i/clk_wiz_0/inst/clkout2_buf/O
                         net (fo=62, routed)          0.600     1.521    cnn_accelerator_system_i/mig_7series_0/u_cnn_accelerator_system_mig_7series_0_0_mig/temp_mon_enabled.u_tempmon/clk_ref_i
    SLICE_X3Y104         FDRE                                         r  cnn_accelerator_system_i/mig_7series_0/u_cnn_accelerator_system_mig_7series_0_0_mig/temp_mon_enabled.u_tempmon/xadc_supplied_temperature.rst_r1_reg/C
  -------------------------------------------------------------------    -------------------
    SLICE_X3Y104         FDRE (Prop_fdre_C_Q)         0.141     1.662 r  cnn_accelerator_system_i/mig_7series_0/u_cnn_accelerator_system_mig_7series_0_0_mig/temp_mon_enabled.u_tempmon/xadc_supplied_temperature.rst_r1_reg/Q
                         net (fo=1, routed)           0.056     1.718    cnn_accelerator_system_i/mig_7series_0/u_cnn_accelerator_system_mig_7series_0_0_mig/temp_mon_enabled.u_tempmon/xadc_supplied_temperature.rst_r1
    SLICE_X3Y104         FDRE                                         r  cnn_accelerator_system_i/mig_7series_0/u_cnn_accelerator_system_mig_7series_0_0_mig/temp_mon_enabled.u_tempmon/xadc_supplied_temperature.rst_r2_reg/D
  -------------------------------------------------------------------    -------------------

                         (clock clk_out2_cnn_accelerator_system_clk_wiz_0_0 rise edge)
                                                      0.000     0.000 r  
    E3                                                0.000     0.000 r  CLK100MHZ (IN)
                         net (fo=0)                   0.000     0.000    CLK100MHZ
    E3                   IBUF (Prop_ibuf_I_O)         0.438     0.438 r  CLK100MHZ_IBUF_inst/O
                         net (fo=1, routed)           0.699     1.136    cnn_accelerator_system_i/util_ds_buf_0/U0/BUFG_I[0]
    BUFGCTRL_X0Y16       BUFG (Prop_bufg_I_O)         0.029     1.165 r  cnn_accelerator_system_i/util_ds_buf_0/U0/USE_BUFG.GEN_BUFG[0].BUFG_U/O
                         net (fo=2, routed)           0.898     2.063    cnn_accelerator_system_i/clk_wiz_0/inst/clk_in1
    MMCME2_ADV_X0Y0      MMCME2_ADV (Prop_mmcme2_adv_CLKIN1_CLKOUT1)
                                                     -1.625     0.438 r  cnn_accelerator_system_i/clk_wiz_0/inst/mmcm_adv_inst/CLKOUT1
                         net (fo=1, routed)           0.700     1.138    cnn_accelerator_system_i/clk_wiz_0/inst/clk_out2_cnn_accelerator_system_clk_wiz_0_0
    BUFGCTRL_X0Y1        BUFG (Prop_bufg_I_O)         0.029     1.167 r  cnn_accelerator_system_i/clk_wiz_0/inst/clkout2_buf/O
                         net (fo=62, routed)          0.872     2.040    cnn_accelerator_system_i/mig_7series_0/u_cnn_accelerator_system_mig_7series_0_0_mig/temp_mon_enabled.u_tempmon/clk_ref_i
    SLICE_X3Y104         FDRE                                         r  cnn_accelerator_system_i/mig_7series_0/u_cnn_accelerator_system_mig_7series_0_0_mig/temp_mon_enabled.u_tempmon/xadc_supplied_temperature.rst_r2_reg/C
                         clock pessimism             -0.518     1.521    
    SLICE_X3Y104         FDRE (Hold_fdre_C_D)         0.075     1.596    cnn_accelerator_system_i/mig_7series_0/u_cnn_accelerator_system_mig_7series_0_0_mig/temp_mon_enabled.u_tempmon/xadc_supplied_temperature.rst_r2_reg
  -------------------------------------------------------------------
                         required time                         -1.596    
                         arrival time                           1.718    
  -------------------------------------------------------------------
                         slack                                  0.122    





Pulse Width Checks
--------------------------------------------------------------------------------------
Clock Name:         clk_out2_cnn_accelerator_system_clk_wiz_0_0
Waveform(ns):       { 0.000 2.500 }
Period(ns):         5.000
Sources:            { cnn_accelerator_system_i/clk_wiz_0/inst/mmcm_adv_inst/CLKOUT1 }

Check Type        Corner  Lib Pin            Reference Pin  Required(ns)  Actual(ns)  Slack(ns)  Location         Pin
Min Period        n/a     XADC/DCLK          n/a            4.000         5.000       1.000      XADC_X0Y0        cnn_accelerator_system_i/mig_7series_0/u_cnn_accelerator_system_mig_7series_0_0_mig/temp_mon_enabled.u_tempmon/xadc_supplied_temperature.XADC_inst/DCLK
Max Period        n/a     IDELAYCTRL/REFCLK  n/a            5.264         5.000       0.264      IDELAYCTRL_X1Y1  cnn_accelerator_system_i/mig_7series_0/u_cnn_accelerator_system_mig_7series_0_0_mig/u_iodelay_ctrl/u_idelayctrl_200/REFCLK
Low Pulse Width   Slow    FDSE/C             n/a            0.500         2.500       2.000      SLICE_X5Y130     cnn_accelerator_system_i/mig_7series_0/u_cnn_accelerator_system_mig_7series_0_0_mig/temp_mon_enabled.u_tempmon/FSM_onehot_xadc_supplied_temperature.tempmon_state_reg[0]/C
High Pulse Width  Slow    FDSE/C             n/a            0.500         2.500       2.000      SLICE_X5Y130     cnn_accelerator_system_i/mig_7series_0/u_cnn_accelerator_system_mig_7series_0_0_mig/temp_mon_enabled.u_tempmon/FSM_onehot_xadc_supplied_temperature.tempmon_state_reg[0]/C



---------------------------------------------------------------------------------------------------
From Clock:  clk_out3_cnn_accelerator_system_clk_wiz_0_0
  To Clock:  clk_out3_cnn_accelerator_system_clk_wiz_0_0

Setup :        42776  Failing Endpoints,  Worst Slack       -2.037ns,  Total Violation   -31372.772ns
Hold  :            0  Failing Endpoints,  Worst Slack        0.018ns,  Total Violation        0.000ns
PW    :            0  Failing Endpoints,  Worst Slack        1.250ns,  Total Violation        0.000ns
---------------------------------------------------------------------------------------------------


Max Delay Paths
--------------------------------------------------------------------------------------
Slack (VIOLATED) :        -2.037ns  (required time - arrival time)
  Source:                 cnn_accelerator_system_i/cnn_accelerator_wino_0/inst/conv2/u_rb/rb_reg[0][0][0][4]_psbram/C
                            (rising edge-triggered cell FDRE clocked by clk_out3_cnn_accelerator_system_clk_wiz_0_0  {rise@0.000ns fall@2.500ns period=5.000ns})
  Destination:            cnn_accelerator_system_i/cnn_accelerator_wino_0/inst/conv2/u_rb/rb_reg[1][4][4][4]/D
                            (rising edge-triggered cell FDRE clocked by clk_out3_cnn_accelerator_system_clk_wiz_0_0  {rise@0.000ns fall@2.500ns period=5.000ns})
  Path Group:             clk_out3_cnn_accelerator_system_clk_wiz_0_0
  Path Type:              Setup (Max at Slow Process Corner)
  Requirement:            5.000ns  (clk_out3_cnn_accelerator_system_clk_wiz_0_0 rise@5.000ns - clk_out3_cnn_accelerator_system_clk_wiz_0_0 rise@0.000ns)
  Data Path Delay:        6.812ns  (logic 0.478ns (7.017%)  route 6.334ns (92.983%))
  Logic Levels:           0  
  Clock Path Skew:        0.053ns (DCD - SCD + CPR)
    Destination Clock Delay (DCD):    5.099ns = ( 10.099 - 5.000 ) 
    Source Clock Delay      (SCD):    5.226ns
    Clock Pessimism Removal (CPR):    0.179ns
  Clock Uncertainty:      0.067ns  ((TSJ^2 + DJ^2)^1/2) / 2 + PE
    Total System Jitter     (TSJ):    0.071ns
    Discrete Jitter          (DJ):    0.113ns
    Phase Error              (PE):    0.000ns

    Location             Delay type                Incr(ns)  Path(ns)    Netlist Resource(s)
  -------------------------------------------------------------------    -------------------
                         (clock clk_out3_cnn_accelerator_system_clk_wiz_0_0 rise edge)
                                                      0.000     0.000 r  
    E3                                                0.000     0.000 r  CLK100MHZ (IN)
                         net (fo=0)                   0.000     0.000    CLK100MHZ
    E3                   IBUF (Prop_ibuf_I_O)         1.482     1.482 r  CLK100MHZ_IBUF_inst/O
                         net (fo=1, routed)           2.025     3.506    cnn_accelerator_system_i/util_ds_buf_0/U0/BUFG_I[0]
    BUFGCTRL_X0Y16       BUFG (Prop_bufg_I_O)         0.096     3.602 r  cnn_accelerator_system_i/util_ds_buf_0/U0/USE_BUFG.GEN_BUFG[0].BUFG_U/O
                         net (fo=2, routed)           1.809     5.412    cnn_accelerator_system_i/clk_wiz_0/inst/clk_in1
    MMCME2_ADV_X0Y0      MMCME2_ADV (Prop_mmcme2_adv_CLKIN1_CLKOUT2)
                                                     -3.922     1.490 r  cnn_accelerator_system_i/clk_wiz_0/inst/mmcm_adv_inst/CLKOUT2
                         net (fo=1, routed)           2.018     3.508    cnn_accelerator_system_i/clk_wiz_0/inst/clk_out3_cnn_accelerator_system_clk_wiz_0_0
    BUFGCTRL_X0Y2        BUFG (Prop_bufg_I_O)         0.096     3.604 r  cnn_accelerator_system_i/clk_wiz_0/inst/clkout3_buf/O
                         net (fo=55056, routed)       1.621     5.226    cnn_accelerator_system_i/cnn_accelerator_wino_0/inst/conv2/u_rb/clk
    SLICE_X60Y84         FDRE                                         r  cnn_accelerator_system_i/cnn_accelerator_wino_0/inst/conv2/u_rb/rb_reg[0][0][0][4]_psbram/C
  -------------------------------------------------------------------    -------------------
    SLICE_X60Y84         FDRE (Prop_fdre_C_Q)         0.478     5.704 r  cnn_accelerator_system_i/cnn_accelerator_wino_0/inst/conv2/u_rb/rb_reg[0][0][0][4]_psbram/Q
                         net (fo=312, routed)         6.334    12.038    cnn_accelerator_system_i/cnn_accelerator_wino_0/inst/conv2/u_rb/rb_reg[0][3][25][63]_0[4]
    SLICE_X39Y185        FDRE                                         r  cnn_accelerator_system_i/cnn_accelerator_wino_0/inst/conv2/u_rb/rb_reg[1][4][4][4]/D
  -------------------------------------------------------------------    -------------------

                         (clock clk_out3_cnn_accelerator_system_clk_wiz_0_0 rise edge)
                                                      5.000     5.000 r  
    E3                                                0.000     5.000 r  CLK100MHZ (IN)
                         net (fo=0)                   0.000     5.000    CLK100MHZ
    E3                   IBUF (Prop_ibuf_I_O)         1.411     6.411 r  CLK100MHZ_IBUF_inst/O
                         net (fo=1, routed)           1.920     8.331    cnn_accelerator_system_i/util_ds_buf_0/U0/BUFG_I[0]
    BUFGCTRL_X0Y16       BUFG (Prop_bufg_I_O)         0.091     8.422 r  cnn_accelerator_system_i/util_ds_buf_0/U0/USE_BUFG.GEN_BUFG[0].BUFG_U/O
                         net (fo=2, routed)           1.683    10.105    cnn_accelerator_system_i/clk_wiz_0/inst/clk_in1
    MMCME2_ADV_X0Y0      MMCME2_ADV (Prop_mmcme2_adv_CLKIN1_CLKOUT2)
                                                     -3.694     6.411 r  cnn_accelerator_system_i/clk_wiz_0/inst/mmcm_adv_inst/CLKOUT2
                         net (fo=1, routed)           1.923     8.334    cnn_accelerator_system_i/clk_wiz_0/inst/clk_out3_cnn_accelerator_system_clk_wiz_0_0
    BUFGCTRL_X0Y2        BUFG (Prop_bufg_I_O)         0.091     8.425 r  cnn_accelerator_system_i/clk_wiz_0/inst/clkout3_buf/O
                         net (fo=55056, routed)       1.674    10.099    cnn_accelerator_system_i/cnn_accelerator_wino_0/inst/conv2/u_rb/clk
    SLICE_X39Y185        FDRE                                         r  cnn_accelerator_system_i/cnn_accelerator_wino_0/inst/conv2/u_rb/rb_reg[1][4][4][4]/C
                         clock pessimism              0.179    10.278    
                         clock uncertainty           -0.067    10.212    
    SLICE_X39Y185        FDRE (Setup_fdre_C_D)       -0.211    10.001    cnn_accelerator_system_i/cnn_accelerator_wino_0/inst/conv2/u_rb/rb_reg[1][4][4][4]
  -------------------------------------------------------------------
                         required time                         10.001    
                         arrival time                         -12.038    
  -------------------------------------------------------------------
                         slack                                 -2.037    





Min Delay Paths
--------------------------------------------------------------------------------------
Slack (MET) :             0.018ns  (arrival time - required time)
  Source:                 cnn_accelerator_system_i/cnn_accelerator_wino_0/inst/conv2/c2_din_r_reg[68]/C
                            (rising edge-triggered cell FDRE clocked by clk_out3_cnn_accelerator_system_clk_wiz_0_0  {rise@0.000ns fall@2.500ns period=5.000ns})
  Destination:            cnn_accelerator_system_i/cnn_accelerator_wino_0/inst/c2pool_bmg/U0/inst_blk_mem_gen/gnbram.gnativebmg.native_blk_mem_gen/valid.cstr/ramloop[4].ram.r/prim_noinit.ram/DEVICE_7SERIES.NO_BMM_INFO.SDP.SIMPLE_PRIM36.ram/DIADI[5]
                            (rising edge-triggered cell RAMB36E1 clocked by clk_out3_cnn_accelerator_system_clk_wiz_0_0  {rise@0.000ns fall@2.500ns period=5.000ns})
  Path Group:             clk_out3_cnn_accelerator_system_clk_wiz_0_0
  Path Type:              Hold (Min at Fast Process Corner)
  Requirement:            0.000ns  (clk_out3_cnn_accelerator_system_clk_wiz_0_0 rise@0.000ns - clk_out3_cnn_accelerator_system_clk_wiz_0_0 rise@0.000ns)
  Data Path Delay:        0.367ns  (logic 0.141ns (38.388%)  route 0.226ns (61.612%))
  Logic Levels:           0  
  Clock Path Skew:        0.053ns (DCD - SCD - CPR)
    Destination Clock Delay (DCD):    2.044ns
    Source Clock Delay      (SCD):    1.490ns
    Clock Pessimism Removal (CPR):    0.500ns

    Location             Delay type                Incr(ns)  Path(ns)    Netlist Resource(s)
  -------------------------------------------------------------------    -------------------
                         (clock clk_out3_cnn_accelerator_system_clk_wiz_0_0 rise edge)
                                                      0.000     0.000 r  
    E3                                                0.000     0.000 r  CLK100MHZ (IN)
                         net (fo=0)                   0.000     0.000    CLK100MHZ
    E3                   IBUF (Prop_ibuf_I_O)         0.250     0.250 r  CLK100MHZ_IBUF_inst/O
                         net (fo=1, routed)           0.644     0.894    cnn_accelerator_system_i/util_ds_buf_0/U0/BUFG_I[0]
    BUFGCTRL_X0Y16       BUFG (Prop_bufg_I_O)         0.026     0.920 r  cnn_accelerator_system_i/util_ds_buf_0/U0/USE_BUFG.GEN_BUFG[0].BUFG_U/O
                         net (fo=2, routed)           0.624     1.544    cnn_accelerator_system_i/clk_wiz_0/inst/clk_in1
    MMCME2_ADV_X0Y0      MMCME2_ADV (Prop_mmcme2_adv_CLKIN1_CLKOUT2)
                                                     -1.296     0.248 r  cnn_accelerator_system_i/clk_wiz_0/inst/mmcm_adv_inst/CLKOUT2
                         net (fo=1, routed)           0.648     0.896    cnn_accelerator_system_i/clk_wiz_0/inst/clk_out3_cnn_accelerator_system_clk_wiz_0_0
    BUFGCTRL_X0Y2        BUFG (Prop_bufg_I_O)         0.026     0.922 r  cnn_accelerator_system_i/clk_wiz_0/inst/clkout3_buf/O
                         net (fo=55056, routed)       0.569     1.490    cnn_accelerator_system_i/cnn_accelerator_wino_0/inst/conv2/clk
    SLICE_X9Y63          FDRE                                         r  cnn_accelerator_system_i/cnn_accelerator_wino_0/inst/conv2/c2_din_r_reg[68]/C
  -------------------------------------------------------------------    -------------------
    SLICE_X9Y63          FDRE (Prop_fdre_C_Q)         0.141     1.631 r  cnn_accelerator_system_i/cnn_accelerator_wino_0/inst/conv2/c2_din_r_reg[68]/Q
                         net (fo=1, routed)           0.226     1.858    cnn_accelerator_system_i/cnn_accelerator_wino_0/inst/c2pool_bmg/U0/inst_blk_mem_gen/gnbram.gnativebmg.native_blk_mem_gen/valid.cstr/ramloop[4].ram.r/prim_noinit.ram/dina[5]
    RAMB36_X0Y13         RAMB36E1                                     r  cnn_accelerator_system_i/cnn_accelerator_wino_0/inst/c2pool_bmg/U0/inst_blk_mem_gen/gnbram.gnativebmg.native_blk_mem_gen/valid.cstr/ramloop[4].ram.r/prim_noinit.ram/DEVICE_7SERIES.NO_BMM_INFO.SDP.SIMPLE_PRIM36.ram/DIADI[5]
  -------------------------------------------------------------------    -------------------

                         (clock clk_out3_cnn_accelerator_system_clk_wiz_0_0 rise edge)
                                                      0.000     0.000 r  
    E3                                                0.000     0.000 r  CLK100MHZ (IN)
                         net (fo=0)                   0.000     0.000    CLK100MHZ
    E3                   IBUF (Prop_ibuf_I_O)         0.438     0.438 r  CLK100MHZ_IBUF_inst/O
                         net (fo=1, routed)           0.699     1.136    cnn_accelerator_system_i/util_ds_buf_0/U0/BUFG_I[0]
    BUFGCTRL_X0Y16       BUFG (Prop_bufg_I_O)         0.029     1.165 r  cnn_accelerator_system_i/util_ds_buf_0/U0/USE_BUFG.GEN_BUFG[0].BUFG_U/O
                         net (fo=2, routed)           0.898     2.063    cnn_accelerator_system_i/clk_wiz_0/inst/clk_in1
    MMCME2_ADV_X0Y0      MMCME2_ADV (Prop_mmcme2_adv_CLKIN1_CLKOUT2)
                                                     -1.625     0.438 r  cnn_accelerator_system_i/clk_wiz_0/inst/mmcm_adv_inst/CLKOUT2
                         net (fo=1, routed)           0.700     1.138    cnn_accelerator_system_i/clk_wiz_0/inst/clk_out3_cnn_accelerator_system_clk_wiz_0_0
    BUFGCTRL_X0Y2        BUFG (Prop_bufg_I_O)         0.029     1.167 r  cnn_accelerator_system_i/clk_wiz_0/inst/clkout3_buf/O
                         net (fo=55056, routed)       0.877     2.044    cnn_accelerator_system_i/cnn_accelerator_wino_0/inst/c2pool_bmg/U0/inst_blk_mem_gen/gnbram.gnativebmg.native_blk_mem_gen/valid.cstr/ramloop[4].ram.r/prim_noinit.ram/clka
    RAMB36_X0Y13         RAMB36E1                                     r  cnn_accelerator_system_i/cnn_accelerator_wino_0/inst/c2pool_bmg/U0/inst_blk_mem_gen/gnbram.gnativebmg.native_blk_mem_gen/valid.cstr/ramloop[4].ram.r/prim_noinit.ram/DEVICE_7SERIES.NO_BMM_INFO.SDP.SIMPLE_PRIM36.ram/CLKARDCLK
                         clock pessimism             -0.500     1.544    
    RAMB36_X0Y13         RAMB36E1 (Hold_ramb36e1_CLKARDCLK_DIADI[5])
                                                      0.296     1.840    cnn_accelerator_system_i/cnn_accelerator_wino_0/inst/c2pool_bmg/U0/inst_blk_mem_gen/gnbram.gnativebmg.native_blk_mem_gen/valid.cstr/ramloop[4].ram.r/prim_noinit.ram/DEVICE_7SERIES.NO_BMM_INFO.SDP.SIMPLE_PRIM36.ram
  -------------------------------------------------------------------
                         required time                         -1.840    
                         arrival time                           1.858    
  -------------------------------------------------------------------
                         slack                                  0.018    





Pulse Width Checks
--------------------------------------------------------------------------------------
Clock Name:         clk_out3_cnn_accelerator_system_clk_wiz_0_0
Waveform(ns):       { 0.000 2.500 }
Period(ns):         5.000
Sources:            { cnn_accelerator_system_i/clk_wiz_0/inst/mmcm_adv_inst/CLKOUT2 }

Check Type        Corner  Lib Pin             Reference Pin  Required(ns)  Actual(ns)  Slack(ns)  Location         Pin
Min Period        n/a     RAMB18E1/CLKARDCLK  n/a            2.944         5.000       2.056      RAMB18_X2Y14     cnn_accelerator_system_i/cnn_accelerator_wino_0/inst/conv1/c1w_bmg_inst/U0/inst_blk_mem_gen/gnbram.gnativebmg.native_blk_mem_gen/valid.cstr/ramloop[0].ram.r/prim_noinit.ram/DEVICE_7SERIES.NO_BMM_INFO.SDP.WIDE_PRIM18.ram/CLKARDCLK
Max Period        n/a     MMCME2_ADV/CLKOUT2  n/a            213.360       5.000       208.360    MMCME2_ADV_X0Y0  cnn_accelerator_system_i/clk_wiz_0/inst/mmcm_adv_inst/CLKOUT2
Low Pulse Width   Slow    RAMD32/CLK          n/a            1.250         2.500       1.250      SLICE_X78Y73     cnn_accelerator_system_i/cnn_accelerator_wino_0/inst/conv2/g_wpe[0].wmem_op_reg_0_31_0_5/RAMA/CLK
High Pulse Width  Slow    RAMD32/CLK          n/a            1.250         2.500       1.250      SLICE_X78Y73     cnn_accelerator_system_i/cnn_accelerator_wino_0/inst/conv2/g_wpe[0].wmem_op_reg_0_31_0_5/RAMA/CLK



---------------------------------------------------------------------------------------------------
From Clock:  clkfbout_cnn_accelerator_system_clk_wiz_0_0
  To Clock:  clkfbout_cnn_accelerator_system_clk_wiz_0_0

Setup :           NA  Failing Endpoints,  Worst Slack           NA  ,  Total Violation           NA
Hold  :           NA  Failing Endpoints,  Worst Slack           NA  ,  Total Violation           NA
PW    :            0  Failing Endpoints,  Worst Slack        7.845ns,  Total Violation        0.000ns
---------------------------------------------------------------------------------------------------


Pulse Width Checks
--------------------------------------------------------------------------------------
Clock Name:         clkfbout_cnn_accelerator_system_clk_wiz_0_0
Waveform(ns):       { 0.000 5.000 }
Period(ns):         10.000
Sources:            { cnn_accelerator_system_i/clk_wiz_0/inst/mmcm_adv_inst/CLKFBOUT }

Check Type  Corner  Lib Pin             Reference Pin  Required(ns)  Actual(ns)  Slack(ns)  Location         Pin
Min Period  n/a     BUFG/I              n/a            2.155         10.000      7.845      BUFGCTRL_X0Y7    cnn_accelerator_system_i/clk_wiz_0/inst/clkf_buf/I
Max Period  n/a     MMCME2_ADV/CLKFBIN  n/a            100.000       10.000      90.000     MMCME2_ADV_X0Y0  cnn_accelerator_system_i/clk_wiz_0/inst/mmcm_adv_inst/CLKFBIN



---------------------------------------------------------------------------------------------------
From Clock:  freq_refclk
  To Clock:  freq_refclk

Setup :           NA  Failing Endpoints,  Worst Slack           NA  ,  Total Violation           NA
Hold  :           NA  Failing Endpoints,  Worst Slack           NA  ,  Total Violation           NA
PW    :            0  Failing Endpoints,  Worst Slack        0.206ns,  Total Violation        0.000ns
---------------------------------------------------------------------------------------------------


Pulse Width Checks
--------------------------------------------------------------------------------------
Clock Name:         freq_refclk
Waveform(ns):       { 0.000 0.769 }
Period(ns):         1.538
Sources:            { cnn_accelerator_system_i/mig_7series_0/u_cnn_accelerator_system_mig_7series_0_0_mig/u_ddr3_infrastructure/plle2_i/CLKOUT0 }

Check Type        Corner  Lib Pin                    Reference Pin  Required(ns)  Actual(ns)  Slack(ns)  Location             Pin
Min Period        n/a     PHASER_OUT_PHY/FREQREFCLK  n/a            1.250         1.538       0.288      PHASER_OUT_PHY_X1Y4  cnn_accelerator_system_i/mig_7series_0/u_cnn_accelerator_system_mig_7series_0_0_mig/u_memc_ui_top_axi/mem_intfc0/ddr_phy_top0/u_ddr_mc_phy_wrapper/u_ddr_mc_phy/ddr_phy_4lanes_0.u_ddr_phy_4lanes/ddr_byte_lane_A.ddr_byte_lane_A/phaser_out/FREQREFCLK
Max Period        n/a     PHASER_OUT_PHY/FREQREFCLK  n/a            2.500         1.538       0.962      PHASER_OUT_PHY_X1Y4  cnn_accelerator_system_i/mig_7series_0/u_cnn_accelerator_system_mig_7series_0_0_mig/u_memc_ui_top_axi/mem_intfc0/ddr_phy_top0/u_ddr_mc_phy_wrapper/u_ddr_mc_phy/ddr_phy_4lanes_0.u_ddr_phy_4lanes/ddr_byte_lane_A.ddr_byte_lane_A/phaser_out/FREQREFCLK
Low Pulse Width   Slow    PHASER_REF/CLKIN           n/a            0.562         0.769       0.207      PHASER_REF_X1Y1      cnn_accelerator_system_i/mig_7series_0/u_cnn_accelerator_system_mig_7series_0_0_mig/u_memc_ui_top_axi/mem_intfc0/ddr_phy_top0/u_ddr_mc_phy_wrapper/u_ddr_mc_phy/ddr_phy_4lanes_0.u_ddr_phy_4lanes/phaser_ref_i/CLKIN
High Pulse Width  Slow    PHASER_OUT_PHY/FREQREFCLK  n/a            0.563         0.769       0.206      PHASER_OUT_PHY_X1Y4  cnn_accelerator_system_i/mig_7series_0/u_cnn_accelerator_system_mig_7series_0_0_mig/u_memc_ui_top_axi/mem_intfc0/ddr_phy_top0/u_ddr_mc_phy_wrapper/u_ddr_mc_phy/ddr_phy_4lanes_0.u_ddr_phy_4lanes/ddr_byte_lane_A.ddr_byte_lane_A/phaser_out/FREQREFCLK



---------------------------------------------------------------------------------------------------
From Clock:  u_memc_ui_top_axi/mem_intfc0/ddr_phy_top0/u_ddr_mc_phy_wrapper/u_ddr_mc_phy/ddr_phy_4lanes_0.u_ddr_phy_4lanes/ddr_byte_lane_C.ddr_byte_lane_C/iserdes_clk
  To Clock:  u_memc_ui_top_axi/mem_intfc0/ddr_phy_top0/u_ddr_mc_phy_wrapper/u_ddr_mc_phy/ddr_phy_4lanes_0.u_ddr_phy_4lanes/ddr_byte_lane_C.ddr_byte_lane_C/iserdes_clk

Setup :           NA  Failing Endpoints,  Worst Slack           NA  ,  Total Violation           NA
Hold  :           NA  Failing Endpoints,  Worst Slack           NA  ,  Total Violation           NA
PW    :            0  Failing Endpoints,  Worst Slack        1.410ns,  Total Violation        0.000ns
---------------------------------------------------------------------------------------------------


Pulse Width Checks
--------------------------------------------------------------------------------------
Clock Name:         u_memc_ui_top_axi/mem_intfc0/ddr_phy_top0/u_ddr_mc_phy_wrapper/u_ddr_mc_phy/ddr_phy_4lanes_0.u_ddr_phy_4lanes/ddr_byte_lane_C.ddr_byte_lane_C/iserdes_clk
Waveform(ns):       { 0.000 1.538 }
Period(ns):         3.077
Sources:            { cnn_accelerator_system_i/mig_7series_0/u_cnn_accelerator_system_mig_7series_0_0_mig/u_memc_ui_top_axi/mem_intfc0/ddr_phy_top0/u_ddr_mc_phy_wrapper/u_ddr_mc_phy/ddr_phy_4lanes_0.u_ddr_phy_4lanes/ddr_byte_lane_C.ddr_byte_lane_C/phaser_in_gen.phaser_in/ICLK }

Check Type  Corner  Lib Pin        Reference Pin  Required(ns)  Actual(ns)  Slack(ns)  Location      Pin
Min Period  n/a     ISERDESE2/CLK  n/a            1.667         3.077       1.410      ILOGIC_X1Y76  cnn_accelerator_system_i/mig_7series_0/u_cnn_accelerator_system_mig_7series_0_0_mig/u_memc_ui_top_axi/mem_intfc0/ddr_phy_top0/u_ddr_mc_phy_wrapper/u_ddr_mc_phy/ddr_phy_4lanes_0.u_ddr_phy_4lanes/ddr_byte_lane_C.ddr_byte_lane_C/ddr_byte_group_io/input_[1].iserdes_dq_.iserdesdq/CLK



---------------------------------------------------------------------------------------------------
From Clock:  iserdes_clkdiv
  To Clock:  iserdes_clkdiv

Setup :            0  Failing Endpoints,  Worst Slack       10.260ns,  Total Violation        0.000ns
Hold  :            0  Failing Endpoints,  Worst Slack        0.071ns,  Total Violation        0.000ns
PW    :            0  Failing Endpoints,  Worst Slack        4.004ns,  Total Violation        0.000ns
---------------------------------------------------------------------------------------------------


Max Delay Paths
--------------------------------------------------------------------------------------
Slack (MET) :             10.260ns  (required time - arrival time)
  Source:                 cnn_accelerator_system_i/mig_7series_0/u_cnn_accelerator_system_mig_7series_0_0_mig/u_memc_ui_top_axi/mem_intfc0/ddr_phy_top0/u_ddr_mc_phy_wrapper/u_ddr_mc_phy/ddr_phy_4lanes_0.u_ddr_phy_4lanes/ddr_byte_lane_C.ddr_byte_lane_C/ddr_byte_group_io/input_[1].iserdes_dq_.iserdesdq/CLKDIVP
                            (rising edge-triggered cell ISERDESE2 clocked by iserdes_clkdiv  {rise@0.000ns fall@6.154ns period=12.308ns})
  Destination:            cnn_accelerator_system_i/mig_7series_0/u_cnn_accelerator_system_mig_7series_0_0_mig/u_memc_ui_top_axi/mem_intfc0/ddr_phy_top0/u_ddr_mc_phy_wrapper/u_ddr_mc_phy/ddr_phy_4lanes_0.u_ddr_phy_4lanes/ddr_byte_lane_C.ddr_byte_lane_C/in_fifo_gen.in_fifo/D1[2]
                            (rising edge-triggered cell IN_FIFO clocked by iserdes_clkdiv  {rise@0.000ns fall@6.154ns period=12.308ns})
  Path Group:             iserdes_clkdiv
  Path Type:              Setup (Max at Slow Process Corner)
  Requirement:            12.308ns  (iserdes_clkdiv rise@12.308ns - iserdes_clkdiv rise@0.000ns)
  Data Path Delay:        0.975ns  (logic 0.425ns (43.593%)  route 0.550ns (56.407%))
  Logic Levels:           0  
  Clock Path Skew:        -0.450ns (DCD - SCD + CPR)
    Destination Clock Delay (DCD):    7.439ns = ( 19.747 - 12.308 ) 
    Source Clock Delay      (SCD):    8.275ns
    Clock Pessimism Removal (CPR):    0.386ns
  Clock Uncertainty:      0.052ns  ((TSJ^2 + DJ^2)^1/2) / 2 + PE
    Total System Jitter     (TSJ):    0.071ns
    Discrete Jitter          (DJ):    0.076ns
    Phase Error              (PE):    0.000ns

    Location             Delay type                Incr(ns)  Path(ns)    Netlist Resource(s)
  -------------------------------------------------------------------    -------------------
                         (clock iserdes_clkdiv rise edge)
                                                      0.000     0.000 r  
    E3                                                0.000     0.000 r  CLK100MHZ (IN)
                         net (fo=0)                   0.000     0.000    CLK100MHZ
    E3                   IBUF (Prop_ibuf_I_O)         1.482     1.482 r  CLK100MHZ_IBUF_inst/O
                         net (fo=1, routed)           2.025     3.506    cnn_accelerator_system_i/util_ds_buf_0/U0/BUFG_I[0]
    BUFGCTRL_X0Y16       BUFG (Prop_bufg_I_O)         0.096     3.602 r  cnn_accelerator_system_i/util_ds_buf_0/U0/USE_BUFG.GEN_BUFG[0].BUFG_U/O
                         net (fo=2, routed)           1.666     5.269    cnn_accelerator_system_i/mig_7series_0/u_cnn_accelerator_system_mig_7series_0_0_mig/u_ddr3_infrastructure/mmcm_clk
    PLLE2_ADV_X1Y1       PLLE2_ADV (Prop_plle2_adv_CLKIN1_CLKOUT0)
                                                      0.088     5.357 r  cnn_accelerator_system_i/mig_7series_0/u_cnn_accelerator_system_mig_7series_0_0_mig/u_ddr3_infrastructure/plle2_i/CLKOUT0
                         net (fo=7, routed)           0.607     5.964    cnn_accelerator_system_i/mig_7series_0/u_cnn_accelerator_system_mig_7series_0_0_mig/u_memc_ui_top_axi/mem_intfc0/ddr_phy_top0/u_ddr_mc_phy_wrapper/u_ddr_mc_phy/ddr_phy_4lanes_0.u_ddr_phy_4lanes/ddr_byte_lane_C.ddr_byte_lane_C/freq_refclk
    PHASER_IN_PHY_X1Y6   PHASER_IN_PHY (Prop_phaser_in_phy_FREQREFCLK_ICLK)
                                                      1.688     7.652 r  cnn_accelerator_system_i/mig_7series_0/u_cnn_accelerator_system_mig_7series_0_0_mig/u_memc_ui_top_axi/mem_intfc0/ddr_phy_top0/u_ddr_mc_phy_wrapper/u_ddr_mc_phy/ddr_phy_4lanes_0.u_ddr_phy_4lanes/ddr_byte_lane_C.ddr_byte_lane_C/phaser_in_gen.phaser_in/ICLK
    PHASER_IN_PHY_X1Y6   PHASER_IN_PHY (Prop_phaser_in_phy_ICLK_ICLKDIV)
                                                      0.173     7.825 r  cnn_accelerator_system_i/mig_7series_0/u_cnn_accelerator_system_mig_7series_0_0_mig/u_memc_ui_top_axi/mem_intfc0/ddr_phy_top0/u_ddr_mc_phy_wrapper/u_ddr_mc_phy/ddr_phy_4lanes_0.u_ddr_phy_4lanes/ddr_byte_lane_C.ddr_byte_lane_C/phaser_in_gen.phaser_in/ICLKDIV
                         net (fo=9, routed)           0.450     8.275    cnn_accelerator_system_i/mig_7series_0/u_cnn_accelerator_system_mig_7series_0_0_mig/u_memc_ui_top_axi/mem_intfc0/ddr_phy_top0/u_ddr_mc_phy_wrapper/u_ddr_mc_phy/ddr_phy_4lanes_0.u_ddr_phy_4lanes/ddr_byte_lane_C.ddr_byte_lane_C/ddr_byte_group_io/iserdes_clkdiv
    ILOGIC_X1Y76         ISERDESE2                                    r  cnn_accelerator_system_i/mig_7series_0/u_cnn_accelerator_system_mig_7series_0_0_mig/u_memc_ui_top_axi/mem_intfc0/ddr_phy_top0/u_ddr_mc_phy_wrapper/u_ddr_mc_phy/ddr_phy_4lanes_0.u_ddr_phy_4lanes/ddr_byte_lane_C.ddr_byte_lane_C/ddr_byte_group_io/input_[1].iserdes_dq_.iserdesdq/CLKDIVP
  -------------------------------------------------------------------    -------------------
    ILOGIC_X1Y76         ISERDESE2 (Prop_iserdese2_CLKDIVP_Q2)
                                                      0.425     8.700 r  cnn_accelerator_system_i/mig_7series_0/u_cnn_accelerator_system_mig_7series_0_0_mig/u_memc_ui_top_axi/mem_intfc0/ddr_phy_top0/u_ddr_mc_phy_wrapper/u_ddr_mc_phy/ddr_phy_4lanes_0.u_ddr_phy_4lanes/ddr_byte_lane_C.ddr_byte_lane_C/ddr_byte_group_io/input_[1].iserdes_dq_.iserdesdq/Q2
                         net (fo=1, routed)           0.550     9.250    cnn_accelerator_system_i/mig_7series_0/u_cnn_accelerator_system_mig_7series_0_0_mig/u_memc_ui_top_axi/mem_intfc0/ddr_phy_top0/u_ddr_mc_phy_wrapper/u_ddr_mc_phy/ddr_phy_4lanes_0.u_ddr_phy_4lanes/ddr_byte_lane_C.ddr_byte_lane_C/if_d1[2]
    IN_FIFO_X1Y6         IN_FIFO                                      r  cnn_accelerator_system_i/mig_7series_0/u_cnn_accelerator_system_mig_7series_0_0_mig/u_memc_ui_top_axi/mem_intfc0/ddr_phy_top0/u_ddr_mc_phy_wrapper/u_ddr_mc_phy/ddr_phy_4lanes_0.u_ddr_phy_4lanes/ddr_byte_lane_C.ddr_byte_lane_C/in_fifo_gen.in_fifo/D1[2]
  -------------------------------------------------------------------    -------------------

                         (clock iserdes_clkdiv rise edge)
                                                     12.308    12.308 r  
    E3                                                0.000    12.308 r  CLK100MHZ (IN)
                         net (fo=0)                   0.000    12.308    CLK100MHZ
    E3                   IBUF (Prop_ibuf_I_O)         1.411    13.719 r  CLK100MHZ_IBUF_inst/O
                         net (fo=1, routed)           1.920    15.639    cnn_accelerator_system_i/util_ds_buf_0/U0/BUFG_I[0]
    BUFGCTRL_X0Y16       BUFG (Prop_bufg_I_O)         0.091    15.730 r  cnn_accelerator_system_i/util_ds_buf_0/U0/USE_BUFG.GEN_BUFG[0].BUFG_U/O
                         net (fo=2, routed)           1.544    17.274    cnn_accelerator_system_i/mig_7series_0/u_cnn_accelerator_system_mig_7series_0_0_mig/u_ddr3_infrastructure/mmcm_clk
    PLLE2_ADV_X1Y1       PLLE2_ADV (Prop_plle2_adv_CLKIN1_CLKOUT0)
                                                      0.083    17.357 r  cnn_accelerator_system_i/mig_7series_0/u_cnn_accelerator_system_mig_7series_0_0_mig/u_ddr3_infrastructure/plle2_i/CLKOUT0
                         net (fo=7, routed)           0.576    17.933    cnn_accelerator_system_i/mig_7series_0/u_cnn_accelerator_system_mig_7series_0_0_mig/u_memc_ui_top_axi/mem_intfc0/ddr_phy_top0/u_ddr_mc_phy_wrapper/u_ddr_mc_phy/ddr_phy_4lanes_0.u_ddr_phy_4lanes/ddr_byte_lane_C.ddr_byte_lane_C/freq_refclk
    PHASER_IN_PHY_X1Y6   PHASER_IN_PHY (Prop_phaser_in_phy_FREQREFCLK_ICLK)
                                                      1.650    19.584 r  cnn_accelerator_system_i/mig_7series_0/u_cnn_accelerator_system_mig_7series_0_0_mig/u_memc_ui_top_axi/mem_intfc0/ddr_phy_top0/u_ddr_mc_phy_wrapper/u_ddr_mc_phy/ddr_phy_4lanes_0.u_ddr_phy_4lanes/ddr_byte_lane_C.ddr_byte_lane_C/phaser_in_gen.phaser_in/ICLK
    PHASER_IN_PHY_X1Y6   PHASER_IN_PHY (Prop_phaser_in_phy_ICLK_ICLKDIV)
                                                      0.163    19.747 r  cnn_accelerator_system_i/mig_7series_0/u_cnn_accelerator_system_mig_7series_0_0_mig/u_memc_ui_top_axi/mem_intfc0/ddr_phy_top0/u_ddr_mc_phy_wrapper/u_ddr_mc_phy/ddr_phy_4lanes_0.u_ddr_phy_4lanes/ddr_byte_lane_C.ddr_byte_lane_C/phaser_in_gen.phaser_in/ICLKDIV
                         net (fo=9, routed)           0.000    19.747    cnn_accelerator_system_i/mig_7series_0/u_cnn_accelerator_system_mig_7series_0_0_mig/u_memc_ui_top_axi/mem_intfc0/ddr_phy_top0/u_ddr_mc_phy_wrapper/u_ddr_mc_phy/ddr_phy_4lanes_0.u_ddr_phy_4lanes/ddr_byte_lane_C.ddr_byte_lane_C/iserdes_clkdiv
    IN_FIFO_X1Y6         IN_FIFO                                      r  cnn_accelerator_system_i/mig_7series_0/u_cnn_accelerator_system_mig_7series_0_0_mig/u_memc_ui_top_axi/mem_intfc0/ddr_phy_top0/u_ddr_mc_phy_wrapper/u_ddr_mc_phy/ddr_phy_4lanes_0.u_ddr_phy_4lanes/ddr_byte_lane_C.ddr_byte_lane_C/in_fifo_gen.in_fifo/WRCLK
                         clock pessimism              0.386    20.133    
                         clock uncertainty           -0.052    20.081    
    IN_FIFO_X1Y6         IN_FIFO (Setup_in_fifo_WRCLK_D1[2])
                                                     -0.571    19.510    cnn_accelerator_system_i/mig_7series_0/u_cnn_accelerator_system_mig_7series_0_0_mig/u_memc_ui_top_axi/mem_intfc0/ddr_phy_top0/u_ddr_mc_phy_wrapper/u_ddr_mc_phy/ddr_phy_4lanes_0.u_ddr_phy_4lanes/ddr_byte_lane_C.ddr_byte_lane_C/in_fifo_gen.in_fifo
  -------------------------------------------------------------------
                         required time                         19.510    
                         arrival time                          -9.250    
  -------------------------------------------------------------------
                         slack                                 10.260    





Min Delay Paths
--------------------------------------------------------------------------------------
Slack (MET) :             0.071ns  (arrival time - required time)
  Source:                 cnn_accelerator_system_i/mig_7series_0/u_cnn_accelerator_system_mig_7series_0_0_mig/u_memc_ui_top_axi/mem_intfc0/ddr_phy_top0/u_ddr_mc_phy_wrapper/u_ddr_mc_phy/ddr_phy_4lanes_0.u_ddr_phy_4lanes/ddr_byte_lane_C.ddr_byte_lane_C/phaser_in_gen.phaser_in/ICLKDIV
                            (rising edge-triggered cell PHASER_IN_PHY clocked by iserdes_clkdiv  {rise@0.000ns fall@6.154ns period=12.308ns})
  Destination:            cnn_accelerator_system_i/mig_7series_0/u_cnn_accelerator_system_mig_7series_0_0_mig/u_memc_ui_top_axi/mem_intfc0/ddr_phy_top0/u_ddr_mc_phy_wrapper/u_ddr_mc_phy/ddr_phy_4lanes_0.u_ddr_phy_4lanes/ddr_byte_lane_C.ddr_byte_lane_C/in_fifo_gen.in_fifo/WREN
                            (rising edge-triggered cell IN_FIFO clocked by iserdes_clkdiv  {rise@0.000ns fall@6.154ns period=12.308ns})
  Path Group:             iserdes_clkdiv
  Path Type:              Hold (Min at Fast Process Corner)
  Requirement:            0.000ns  (iserdes_clkdiv rise@0.000ns - iserdes_clkdiv rise@0.000ns)
  Data Path Delay:        0.058ns  (logic 0.058ns (100.000%)  route 0.000ns (0.000%))
  Logic Levels:           0  
  Clock Path Skew:        0.000ns (DCD - SCD - CPR)
    Destination Clock Delay (DCD):    3.771ns
    Source Clock Delay      (SCD):    3.204ns
    Clock Pessimism Removal (CPR):    0.567ns

    Location             Delay type                Incr(ns)  Path(ns)    Netlist Resource(s)
  -------------------------------------------------------------------    -------------------
                         (clock iserdes_clkdiv rise edge)
                                                      0.000     0.000 r  
    E3                                                0.000     0.000 r  CLK100MHZ (IN)
                         net (fo=0)                   0.000     0.000    CLK100MHZ
    E3                   IBUF (Prop_ibuf_I_O)         0.250     0.250 r  CLK100MHZ_IBUF_inst/O
                         net (fo=1, routed)           0.644     0.894    cnn_accelerator_system_i/util_ds_buf_0/U0/BUFG_I[0]
    BUFGCTRL_X0Y16       BUFG (Prop_bufg_I_O)         0.026     0.920 r  cnn_accelerator_system_i/util_ds_buf_0/U0/USE_BUFG.GEN_BUFG[0].BUFG_U/O
                         net (fo=2, routed)           0.566     1.485    cnn_accelerator_system_i/mig_7series_0/u_cnn_accelerator_system_mig_7series_0_0_mig/u_ddr3_infrastructure/mmcm_clk
    PLLE2_ADV_X1Y1       PLLE2_ADV (Prop_plle2_adv_CLKIN1_CLKOUT0)
                                                      0.050     1.535 r  cnn_accelerator_system_i/mig_7series_0/u_cnn_accelerator_system_mig_7series_0_0_mig/u_ddr3_infrastructure/plle2_i/CLKOUT0
                         net (fo=7, routed)           0.197     1.732    cnn_accelerator_system_i/mig_7series_0/u_cnn_accelerator_system_mig_7series_0_0_mig/u_memc_ui_top_axi/mem_intfc0/ddr_phy_top0/u_ddr_mc_phy_wrapper/u_ddr_mc_phy/ddr_phy_4lanes_0.u_ddr_phy_4lanes/ddr_byte_lane_C.ddr_byte_lane_C/freq_refclk
    PHASER_IN_PHY_X1Y6   PHASER_IN_PHY (Prop_phaser_in_phy_FREQREFCLK_ICLK)
                                                      1.382     3.114 r  cnn_accelerator_system_i/mig_7series_0/u_cnn_accelerator_system_mig_7series_0_0_mig/u_memc_ui_top_axi/mem_intfc0/ddr_phy_top0/u_ddr_mc_phy_wrapper/u_ddr_mc_phy/ddr_phy_4lanes_0.u_ddr_phy_4lanes/ddr_byte_lane_C.ddr_byte_lane_C/phaser_in_gen.phaser_in/ICLK
    PHASER_IN_PHY_X1Y6   PHASER_IN_PHY (Prop_phaser_in_phy_ICLK_ICLKDIV)
                                                      0.090     3.204 r  cnn_accelerator_system_i/mig_7series_0/u_cnn_accelerator_system_mig_7series_0_0_mig/u_memc_ui_top_axi/mem_intfc0/ddr_phy_top0/u_ddr_mc_phy_wrapper/u_ddr_mc_phy/ddr_phy_4lanes_0.u_ddr_phy_4lanes/ddr_byte_lane_C.ddr_byte_lane_C/phaser_in_gen.phaser_in/ICLKDIV
  -------------------------------------------------------------------    -------------------
    PHASER_IN_PHY_X1Y6   PHASER_IN_PHY (Prop_phaser_in_phy_ICLKDIV_WRENABLE)
                                                      0.058     3.262 r  cnn_accelerator_system_i/mig_7series_0/u_cnn_accelerator_system_mig_7series_0_0_mig/u_memc_ui_top_axi/mem_intfc0/ddr_phy_top0/u_ddr_mc_phy_wrapper/u_ddr_mc_phy/ddr_phy_4lanes_0.u_ddr_phy_4lanes/ddr_byte_lane_C.ddr_byte_lane_C/phaser_in_gen.phaser_in/WRENABLE
                         net (fo=1, routed)           0.000     3.262    cnn_accelerator_system_i/mig_7series_0/u_cnn_accelerator_system_mig_7series_0_0_mig/u_memc_ui_top_axi/mem_intfc0/ddr_phy_top0/u_ddr_mc_phy_wrapper/u_ddr_mc_phy/ddr_phy_4lanes_0.u_ddr_phy_4lanes/ddr_byte_lane_C.ddr_byte_lane_C/ififo_wr_enable
    IN_FIFO_X1Y6         IN_FIFO                                      r  cnn_accelerator_system_i/mig_7series_0/u_cnn_accelerator_system_mig_7series_0_0_mig/u_memc_ui_top_axi/mem_intfc0/ddr_phy_top0/u_ddr_mc_phy_wrapper/u_ddr_mc_phy/ddr_phy_4lanes_0.u_ddr_phy_4lanes/ddr_byte_lane_C.ddr_byte_lane_C/in_fifo_gen.in_fifo/WREN
  -------------------------------------------------------------------    -------------------

                         (clock iserdes_clkdiv rise edge)
                                                      0.000     0.000 r  
    E3                                                0.000     0.000 r  CLK100MHZ (IN)
                         net (fo=0)                   0.000     0.000    CLK100MHZ
    E3                   IBUF (Prop_ibuf_I_O)         0.438     0.438 r  CLK100MHZ_IBUF_inst/O
                         net (fo=1, routed)           0.699     1.136    cnn_accelerator_system_i/util_ds_buf_0/U0/BUFG_I[0]
    BUFGCTRL_X0Y16       BUFG (Prop_bufg_I_O)         0.029     1.165 r  cnn_accelerator_system_i/util_ds_buf_0/U0/USE_BUFG.GEN_BUFG[0].BUFG_U/O
                         net (fo=2, routed)           0.835     2.000    cnn_accelerator_system_i/mig_7series_0/u_cnn_accelerator_system_mig_7series_0_0_mig/u_ddr3_infrastructure/mmcm_clk
    PLLE2_ADV_X1Y1       PLLE2_ADV (Prop_plle2_adv_CLKIN1_CLKOUT0)
                                                      0.053     2.053 r  cnn_accelerator_system_i/mig_7series_0/u_cnn_accelerator_system_mig_7series_0_0_mig/u_ddr3_infrastructure/plle2_i/CLKOUT0
                         net (fo=7, routed)           0.217     2.270    cnn_accelerator_system_i/mig_7series_0/u_cnn_accelerator_system_mig_7series_0_0_mig/u_memc_ui_top_axi/mem_intfc0/ddr_phy_top0/u_ddr_mc_phy_wrapper/u_ddr_mc_phy/ddr_phy_4lanes_0.u_ddr_phy_4lanes/ddr_byte_lane_C.ddr_byte_lane_C/freq_refclk
    PHASER_IN_PHY_X1Y6   PHASER_IN_PHY (Prop_phaser_in_phy_FREQREFCLK_ICLK)
                                                      1.406     3.675 r  cnn_accelerator_system_i/mig_7series_0/u_cnn_accelerator_system_mig_7series_0_0_mig/u_memc_ui_top_axi/mem_intfc0/ddr_phy_top0/u_ddr_mc_phy_wrapper/u_ddr_mc_phy/ddr_phy_4lanes_0.u_ddr_phy_4lanes/ddr_byte_lane_C.ddr_byte_lane_C/phaser_in_gen.phaser_in/ICLK
    PHASER_IN_PHY_X1Y6   PHASER_IN_PHY (Prop_phaser_in_phy_ICLK_ICLKDIV)
                                                      0.096     3.771 r  cnn_accelerator_system_i/mig_7series_0/u_cnn_accelerator_system_mig_7series_0_0_mig/u_memc_ui_top_axi/mem_intfc0/ddr_phy_top0/u_ddr_mc_phy_wrapper/u_ddr_mc_phy/ddr_phy_4lanes_0.u_ddr_phy_4lanes/ddr_byte_lane_C.ddr_byte_lane_C/phaser_in_gen.phaser_in/ICLKDIV
                         net (fo=9, routed)           0.000     3.771    cnn_accelerator_system_i/mig_7series_0/u_cnn_accelerator_system_mig_7series_0_0_mig/u_memc_ui_top_axi/mem_intfc0/ddr_phy_top0/u_ddr_mc_phy_wrapper/u_ddr_mc_phy/ddr_phy_4lanes_0.u_ddr_phy_4lanes/ddr_byte_lane_C.ddr_byte_lane_C/iserdes_clkdiv
    IN_FIFO_X1Y6         IN_FIFO                                      r  cnn_accelerator_system_i/mig_7series_0/u_cnn_accelerator_system_mig_7series_0_0_mig/u_memc_ui_top_axi/mem_intfc0/ddr_phy_top0/u_ddr_mc_phy_wrapper/u_ddr_mc_phy/ddr_phy_4lanes_0.u_ddr_phy_4lanes/ddr_byte_lane_C.ddr_byte_lane_C/in_fifo_gen.in_fifo/WRCLK
                         clock pessimism             -0.567     3.204    
    IN_FIFO_X1Y6         IN_FIFO (Hold_in_fifo_WRCLK_WREN)
                                                     -0.013     3.191    cnn_accelerator_system_i/mig_7series_0/u_cnn_accelerator_system_mig_7series_0_0_mig/u_memc_ui_top_axi/mem_intfc0/ddr_phy_top0/u_ddr_mc_phy_wrapper/u_ddr_mc_phy/ddr_phy_4lanes_0.u_ddr_phy_4lanes/ddr_byte_lane_C.ddr_byte_lane_C/in_fifo_gen.in_fifo
  -------------------------------------------------------------------
                         required time                         -3.191    
                         arrival time                           3.262    
  -------------------------------------------------------------------
                         slack                                  0.071    





Pulse Width Checks
--------------------------------------------------------------------------------------
Clock Name:         iserdes_clkdiv
Waveform(ns):       { 0.000 6.154 }
Period(ns):         12.308
Sources:            { cnn_accelerator_system_i/mig_7series_0/u_cnn_accelerator_system_mig_7series_0_0_mig/u_memc_ui_top_axi/mem_intfc0/ddr_phy_top0/u_ddr_mc_phy_wrapper/u_ddr_mc_phy/ddr_phy_4lanes_0.u_ddr_phy_4lanes/ddr_byte_lane_C.ddr_byte_lane_C/phaser_in_gen.phaser_in/ICLKDIV }

Check Type        Corner  Lib Pin        Reference Pin  Required(ns)  Actual(ns)  Slack(ns)  Location      Pin
Min Period        n/a     IN_FIFO/WRCLK  n/a            5.000         12.308      7.308      IN_FIFO_X1Y6  cnn_accelerator_system_i/mig_7series_0/u_cnn_accelerator_system_mig_7series_0_0_mig/u_memc_ui_top_axi/mem_intfc0/ddr_phy_top0/u_ddr_mc_phy_wrapper/u_ddr_mc_phy/ddr_phy_4lanes_0.u_ddr_phy_4lanes/ddr_byte_lane_C.ddr_byte_lane_C/in_fifo_gen.in_fifo/WRCLK
Low Pulse Width   Slow    IN_FIFO/WRCLK  n/a            2.150         6.154       4.004      IN_FIFO_X1Y6  cnn_accelerator_system_i/mig_7series_0/u_cnn_accelerator_system_mig_7series_0_0_mig/u_memc_ui_top_axi/mem_intfc0/ddr_phy_top0/u_ddr_mc_phy_wrapper/u_ddr_mc_phy/ddr_phy_4lanes_0.u_ddr_phy_4lanes/ddr_byte_lane_C.ddr_byte_lane_C/in_fifo_gen.in_fifo/WRCLK
High Pulse Width  Slow    IN_FIFO/WRCLK  n/a            2.150         6.154       4.004      IN_FIFO_X1Y6  cnn_accelerator_system_i/mig_7series_0/u_cnn_accelerator_system_mig_7series_0_0_mig/u_memc_ui_top_axi/mem_intfc0/ddr_phy_top0/u_ddr_mc_phy_wrapper/u_ddr_mc_phy/ddr_phy_4lanes_0.u_ddr_phy_4lanes/ddr_byte_lane_C.ddr_byte_lane_C/in_fifo_gen.in_fifo/WRCLK



---------------------------------------------------------------------------------------------------
From Clock:  u_memc_ui_top_axi/mem_intfc0/ddr_phy_top0/u_ddr_mc_phy_wrapper/u_ddr_mc_phy/ddr_phy_4lanes_0.u_ddr_phy_4lanes/ddr_byte_lane_D.ddr_byte_lane_D/iserdes_clk
  To Clock:  u_memc_ui_top_axi/mem_intfc0/ddr_phy_top0/u_ddr_mc_phy_wrapper/u_ddr_mc_phy/ddr_phy_4lanes_0.u_ddr_phy_4lanes/ddr_byte_lane_D.ddr_byte_lane_D/iserdes_clk

Setup :           NA  Failing Endpoints,  Worst Slack           NA  ,  Total Violation           NA
Hold  :           NA  Failing Endpoints,  Worst Slack           NA  ,  Total Violation           NA
PW    :            0  Failing Endpoints,  Worst Slack        1.410ns,  Total Violation        0.000ns
---------------------------------------------------------------------------------------------------


Pulse Width Checks
--------------------------------------------------------------------------------------
Clock Name:         u_memc_ui_top_axi/mem_intfc0/ddr_phy_top0/u_ddr_mc_phy_wrapper/u_ddr_mc_phy/ddr_phy_4lanes_0.u_ddr_phy_4lanes/ddr_byte_lane_D.ddr_byte_lane_D/iserdes_clk
Waveform(ns):       { 0.000 1.538 }
Period(ns):         3.077
Sources:            { cnn_accelerator_system_i/mig_7series_0/u_cnn_accelerator_system_mig_7series_0_0_mig/u_memc_ui_top_axi/mem_intfc0/ddr_phy_top0/u_ddr_mc_phy_wrapper/u_ddr_mc_phy/ddr_phy_4lanes_0.u_ddr_phy_4lanes/ddr_byte_lane_D.ddr_byte_lane_D/phaser_in_gen.phaser_in/ICLK }

Check Type  Corner  Lib Pin        Reference Pin  Required(ns)  Actual(ns)  Slack(ns)  Location      Pin
Min Period  n/a     ISERDESE2/CLK  n/a            1.667         3.077       1.410      ILOGIC_X1Y88  cnn_accelerator_system_i/mig_7series_0/u_cnn_accelerator_system_mig_7series_0_0_mig/u_memc_ui_top_axi/mem_intfc0/ddr_phy_top0/u_ddr_mc_phy_wrapper/u_ddr_mc_phy/ddr_phy_4lanes_0.u_ddr_phy_4lanes/ddr_byte_lane_D.ddr_byte_lane_D/ddr_byte_group_io/input_[1].iserdes_dq_.iserdesdq/CLK



---------------------------------------------------------------------------------------------------
From Clock:  iserdes_clkdiv_1
  To Clock:  iserdes_clkdiv_1

Setup :            0  Failing Endpoints,  Worst Slack       10.264ns,  Total Violation        0.000ns
Hold  :            0  Failing Endpoints,  Worst Slack        0.071ns,  Total Violation        0.000ns
PW    :            0  Failing Endpoints,  Worst Slack        4.004ns,  Total Violation        0.000ns
---------------------------------------------------------------------------------------------------


Max Delay Paths
--------------------------------------------------------------------------------------
Slack (MET) :             10.264ns  (required time - arrival time)
  Source:                 cnn_accelerator_system_i/mig_7series_0/u_cnn_accelerator_system_mig_7series_0_0_mig/u_memc_ui_top_axi/mem_intfc0/ddr_phy_top0/u_ddr_mc_phy_wrapper/u_ddr_mc_phy/ddr_phy_4lanes_0.u_ddr_phy_4lanes/ddr_byte_lane_D.ddr_byte_lane_D/ddr_byte_group_io/input_[1].iserdes_dq_.iserdesdq/CLKDIVP
                            (rising edge-triggered cell ISERDESE2 clocked by iserdes_clkdiv_1  {rise@0.000ns fall@6.154ns period=12.308ns})
  Destination:            cnn_accelerator_system_i/mig_7series_0/u_cnn_accelerator_system_mig_7series_0_0_mig/u_memc_ui_top_axi/mem_intfc0/ddr_phy_top0/u_ddr_mc_phy_wrapper/u_ddr_mc_phy/ddr_phy_4lanes_0.u_ddr_phy_4lanes/ddr_byte_lane_D.ddr_byte_lane_D/in_fifo_gen.in_fifo/D1[3]
                            (rising edge-triggered cell IN_FIFO clocked by iserdes_clkdiv_1  {rise@0.000ns fall@6.154ns period=12.308ns})
  Path Group:             iserdes_clkdiv_1
  Path Type:              Setup (Max at Slow Process Corner)
  Requirement:            12.308ns  (iserdes_clkdiv_1 rise@12.308ns - iserdes_clkdiv_1 rise@0.000ns)
  Data Path Delay:        0.954ns  (logic 0.425ns (44.547%)  route 0.529ns (55.453%))
  Logic Levels:           0  
  Clock Path Skew:        -0.467ns (DCD - SCD + CPR)
    Destination Clock Delay (DCD):    7.429ns = ( 19.737 - 12.308 ) 
    Source Clock Delay      (SCD):    8.282ns
    Clock Pessimism Removal (CPR):    0.386ns
  Clock Uncertainty:      0.052ns  ((TSJ^2 + DJ^2)^1/2) / 2 + PE
    Total System Jitter     (TSJ):    0.071ns
    Discrete Jitter          (DJ):    0.076ns
    Phase Error              (PE):    0.000ns

    Location             Delay type                Incr(ns)  Path(ns)    Netlist Resource(s)
  -------------------------------------------------------------------    -------------------
                         (clock iserdes_clkdiv_1 rise edge)
                                                      0.000     0.000 r  
    E3                                                0.000     0.000 r  CLK100MHZ (IN)
                         net (fo=0)                   0.000     0.000    CLK100MHZ
    E3                   IBUF (Prop_ibuf_I_O)         1.482     1.482 r  CLK100MHZ_IBUF_inst/O
                         net (fo=1, routed)           2.025     3.506    cnn_accelerator_system_i/util_ds_buf_0/U0/BUFG_I[0]
    BUFGCTRL_X0Y16       BUFG (Prop_bufg_I_O)         0.096     3.602 r  cnn_accelerator_system_i/util_ds_buf_0/U0/USE_BUFG.GEN_BUFG[0].BUFG_U/O
                         net (fo=2, routed)           1.666     5.269    cnn_accelerator_system_i/mig_7series_0/u_cnn_accelerator_system_mig_7series_0_0_mig/u_ddr3_infrastructure/mmcm_clk
    PLLE2_ADV_X1Y1       PLLE2_ADV (Prop_plle2_adv_CLKIN1_CLKOUT0)
                                                      0.088     5.357 r  cnn_accelerator_system_i/mig_7series_0/u_cnn_accelerator_system_mig_7series_0_0_mig/u_ddr3_infrastructure/plle2_i/CLKOUT0
                         net (fo=7, routed)           0.597     5.954    cnn_accelerator_system_i/mig_7series_0/u_cnn_accelerator_system_mig_7series_0_0_mig/u_memc_ui_top_axi/mem_intfc0/ddr_phy_top0/u_ddr_mc_phy_wrapper/u_ddr_mc_phy/ddr_phy_4lanes_0.u_ddr_phy_4lanes/ddr_byte_lane_D.ddr_byte_lane_D/freq_refclk
    PHASER_IN_PHY_X1Y7   PHASER_IN_PHY (Prop_phaser_in_phy_FREQREFCLK_ICLK)
                                                      1.688     7.642 r  cnn_accelerator_system_i/mig_7series_0/u_cnn_accelerator_system_mig_7series_0_0_mig/u_memc_ui_top_axi/mem_intfc0/ddr_phy_top0/u_ddr_mc_phy_wrapper/u_ddr_mc_phy/ddr_phy_4lanes_0.u_ddr_phy_4lanes/ddr_byte_lane_D.ddr_byte_lane_D/phaser_in_gen.phaser_in/ICLK
    PHASER_IN_PHY_X1Y7   PHASER_IN_PHY (Prop_phaser_in_phy_ICLK_ICLKDIV)
                                                      0.173     7.815 r  cnn_accelerator_system_i/mig_7series_0/u_cnn_accelerator_system_mig_7series_0_0_mig/u_memc_ui_top_axi/mem_intfc0/ddr_phy_top0/u_ddr_mc_phy_wrapper/u_ddr_mc_phy/ddr_phy_4lanes_0.u_ddr_phy_4lanes/ddr_byte_lane_D.ddr_byte_lane_D/phaser_in_gen.phaser_in/ICLKDIV
                         net (fo=9, routed)           0.467     8.282    cnn_accelerator_system_i/mig_7series_0/u_cnn_accelerator_system_mig_7series_0_0_mig/u_memc_ui_top_axi/mem_intfc0/ddr_phy_top0/u_ddr_mc_phy_wrapper/u_ddr_mc_phy/ddr_phy_4lanes_0.u_ddr_phy_4lanes/ddr_byte_lane_D.ddr_byte_lane_D/ddr_byte_group_io/iserdes_clkdiv
    ILOGIC_X1Y88         ISERDESE2                                    r  cnn_accelerator_system_i/mig_7series_0/u_cnn_accelerator_system_mig_7series_0_0_mig/u_memc_ui_top_axi/mem_intfc0/ddr_phy_top0/u_ddr_mc_phy_wrapper/u_ddr_mc_phy/ddr_phy_4lanes_0.u_ddr_phy_4lanes/ddr_byte_lane_D.ddr_byte_lane_D/ddr_byte_group_io/input_[1].iserdes_dq_.iserdesdq/CLKDIVP
  -------------------------------------------------------------------    -------------------
    ILOGIC_X1Y88         ISERDESE2 (Prop_iserdese2_CLKDIVP_Q1)
                                                      0.425     8.707 r  cnn_accelerator_system_i/mig_7series_0/u_cnn_accelerator_system_mig_7series_0_0_mig/u_memc_ui_top_axi/mem_intfc0/ddr_phy_top0/u_ddr_mc_phy_wrapper/u_ddr_mc_phy/ddr_phy_4lanes_0.u_ddr_phy_4lanes/ddr_byte_lane_D.ddr_byte_lane_D/ddr_byte_group_io/input_[1].iserdes_dq_.iserdesdq/Q1
                         net (fo=1, routed)           0.529     9.236    cnn_accelerator_system_i/mig_7series_0/u_cnn_accelerator_system_mig_7series_0_0_mig/u_memc_ui_top_axi/mem_intfc0/ddr_phy_top0/u_ddr_mc_phy_wrapper/u_ddr_mc_phy/ddr_phy_4lanes_0.u_ddr_phy_4lanes/ddr_byte_lane_D.ddr_byte_lane_D/if_d1[3]
    IN_FIFO_X1Y7         IN_FIFO                                      r  cnn_accelerator_system_i/mig_7series_0/u_cnn_accelerator_system_mig_7series_0_0_mig/u_memc_ui_top_axi/mem_intfc0/ddr_phy_top0/u_ddr_mc_phy_wrapper/u_ddr_mc_phy/ddr_phy_4lanes_0.u_ddr_phy_4lanes/ddr_byte_lane_D.ddr_byte_lane_D/in_fifo_gen.in_fifo/D1[3]
  -------------------------------------------------------------------    -------------------

                         (clock iserdes_clkdiv_1 rise edge)
                                                     12.308    12.308 r  
    E3                                                0.000    12.308 r  CLK100MHZ (IN)
                         net (fo=0)                   0.000    12.308    CLK100MHZ
    E3                   IBUF (Prop_ibuf_I_O)         1.411    13.719 r  CLK100MHZ_IBUF_inst/O
                         net (fo=1, routed)           1.920    15.639    cnn_accelerator_system_i/util_ds_buf_0/U0/BUFG_I[0]
    BUFGCTRL_X0Y16       BUFG (Prop_bufg_I_O)         0.091    15.730 r  cnn_accelerator_system_i/util_ds_buf_0/U0/USE_BUFG.GEN_BUFG[0].BUFG_U/O
                         net (fo=2, routed)           1.544    17.274    cnn_accelerator_system_i/mig_7series_0/u_cnn_accelerator_system_mig_7series_0_0_mig/u_ddr3_infrastructure/mmcm_clk
    PLLE2_ADV_X1Y1       PLLE2_ADV (Prop_plle2_adv_CLKIN1_CLKOUT0)
                                                      0.083    17.357 r  cnn_accelerator_system_i/mig_7series_0/u_cnn_accelerator_system_mig_7series_0_0_mig/u_ddr3_infrastructure/plle2_i/CLKOUT0
                         net (fo=7, routed)           0.566    17.923    cnn_accelerator_system_i/mig_7series_0/u_cnn_accelerator_system_mig_7series_0_0_mig/u_memc_ui_top_axi/mem_intfc0/ddr_phy_top0/u_ddr_mc_phy_wrapper/u_ddr_mc_phy/ddr_phy_4lanes_0.u_ddr_phy_4lanes/ddr_byte_lane_D.ddr_byte_lane_D/freq_refclk
    PHASER_IN_PHY_X1Y7   PHASER_IN_PHY (Prop_phaser_in_phy_FREQREFCLK_ICLK)
                                                      1.650    19.574 r  cnn_accelerator_system_i/mig_7series_0/u_cnn_accelerator_system_mig_7series_0_0_mig/u_memc_ui_top_axi/mem_intfc0/ddr_phy_top0/u_ddr_mc_phy_wrapper/u_ddr_mc_phy/ddr_phy_4lanes_0.u_ddr_phy_4lanes/ddr_byte_lane_D.ddr_byte_lane_D/phaser_in_gen.phaser_in/ICLK
    PHASER_IN_PHY_X1Y7   PHASER_IN_PHY (Prop_phaser_in_phy_ICLK_ICLKDIV)
                                                      0.163    19.737 r  cnn_accelerator_system_i/mig_7series_0/u_cnn_accelerator_system_mig_7series_0_0_mig/u_memc_ui_top_axi/mem_intfc0/ddr_phy_top0/u_ddr_mc_phy_wrapper/u_ddr_mc_phy/ddr_phy_4lanes_0.u_ddr_phy_4lanes/ddr_byte_lane_D.ddr_byte_lane_D/phaser_in_gen.phaser_in/ICLKDIV
                         net (fo=9, routed)           0.000    19.737    cnn_accelerator_system_i/mig_7series_0/u_cnn_accelerator_system_mig_7series_0_0_mig/u_memc_ui_top_axi/mem_intfc0/ddr_phy_top0/u_ddr_mc_phy_wrapper/u_ddr_mc_phy/ddr_phy_4lanes_0.u_ddr_phy_4lanes/ddr_byte_lane_D.ddr_byte_lane_D/iserdes_clkdiv
    IN_FIFO_X1Y7         IN_FIFO                                      r  cnn_accelerator_system_i/mig_7series_0/u_cnn_accelerator_system_mig_7series_0_0_mig/u_memc_ui_top_axi/mem_intfc0/ddr_phy_top0/u_ddr_mc_phy_wrapper/u_ddr_mc_phy/ddr_phy_4lanes_0.u_ddr_phy_4lanes/ddr_byte_lane_D.ddr_byte_lane_D/in_fifo_gen.in_fifo/WRCLK
                         clock pessimism              0.386    20.123    
                         clock uncertainty           -0.052    20.071    
    IN_FIFO_X1Y7         IN_FIFO (Setup_in_fifo_WRCLK_D1[3])
                                                     -0.571    19.500    cnn_accelerator_system_i/mig_7series_0/u_cnn_accelerator_system_mig_7series_0_0_mig/u_memc_ui_top_axi/mem_intfc0/ddr_phy_top0/u_ddr_mc_phy_wrapper/u_ddr_mc_phy/ddr_phy_4lanes_0.u_ddr_phy_4lanes/ddr_byte_lane_D.ddr_byte_lane_D/in_fifo_gen.in_fifo
  -------------------------------------------------------------------
                         required time                         19.500    
                         arrival time                          -9.236    
  -------------------------------------------------------------------
                         slack                                 10.264    





Min Delay Paths
--------------------------------------------------------------------------------------
Slack (MET) :             0.071ns  (arrival time - required time)
  Source:                 cnn_accelerator_system_i/mig_7series_0/u_cnn_accelerator_system_mig_7series_0_0_mig/u_memc_ui_top_axi/mem_intfc0/ddr_phy_top0/u_ddr_mc_phy_wrapper/u_ddr_mc_phy/ddr_phy_4lanes_0.u_ddr_phy_4lanes/ddr_byte_lane_D.ddr_byte_lane_D/phaser_in_gen.phaser_in/ICLKDIV
                            (rising edge-triggered cell PHASER_IN_PHY clocked by iserdes_clkdiv_1  {rise@0.000ns fall@6.154ns period=12.308ns})
  Destination:            cnn_accelerator_system_i/mig_7series_0/u_cnn_accelerator_system_mig_7series_0_0_mig/u_memc_ui_top_axi/mem_intfc0/ddr_phy_top0/u_ddr_mc_phy_wrapper/u_ddr_mc_phy/ddr_phy_4lanes_0.u_ddr_phy_4lanes/ddr_byte_lane_D.ddr_byte_lane_D/in_fifo_gen.in_fifo/WREN
                            (rising edge-triggered cell IN_FIFO clocked by iserdes_clkdiv_1  {rise@0.000ns fall@6.154ns period=12.308ns})
  Path Group:             iserdes_clkdiv_1
  Path Type:              Hold (Min at Fast Process Corner)
  Requirement:            0.000ns  (iserdes_clkdiv_1 rise@0.000ns - iserdes_clkdiv_1 rise@0.000ns)
  Data Path Delay:        0.058ns  (logic 0.058ns (100.000%)  route 0.000ns (0.000%))
  Logic Levels:           0  
  Clock Path Skew:        0.000ns (DCD - SCD - CPR)
    Destination Clock Delay (DCD):    3.765ns
    Source Clock Delay      (SCD):    3.198ns
    Clock Pessimism Removal (CPR):    0.567ns

    Location             Delay type                Incr(ns)  Path(ns)    Netlist Resource(s)
  -------------------------------------------------------------------    -------------------
                         (clock iserdes_clkdiv_1 rise edge)
                                                      0.000     0.000 r  
    E3                                                0.000     0.000 r  CLK100MHZ (IN)
                         net (fo=0)                   0.000     0.000    CLK100MHZ
    E3                   IBUF (Prop_ibuf_I_O)         0.250     0.250 r  CLK100MHZ_IBUF_inst/O
                         net (fo=1, routed)           0.644     0.894    cnn_accelerator_system_i/util_ds_buf_0/U0/BUFG_I[0]
    BUFGCTRL_X0Y16       BUFG (Prop_bufg_I_O)         0.026     0.920 r  cnn_accelerator_system_i/util_ds_buf_0/U0/USE_BUFG.GEN_BUFG[0].BUFG_U/O
                         net (fo=2, routed)           0.566     1.485    cnn_accelerator_system_i/mig_7series_0/u_cnn_accelerator_system_mig_7series_0_0_mig/u_ddr3_infrastructure/mmcm_clk
    PLLE2_ADV_X1Y1       PLLE2_ADV (Prop_plle2_adv_CLKIN1_CLKOUT0)
                                                      0.050     1.535 r  cnn_accelerator_system_i/mig_7series_0/u_cnn_accelerator_system_mig_7series_0_0_mig/u_ddr3_infrastructure/plle2_i/CLKOUT0
                         net (fo=7, routed)           0.191     1.726    cnn_accelerator_system_i/mig_7series_0/u_cnn_accelerator_system_mig_7series_0_0_mig/u_memc_ui_top_axi/mem_intfc0/ddr_phy_top0/u_ddr_mc_phy_wrapper/u_ddr_mc_phy/ddr_phy_4lanes_0.u_ddr_phy_4lanes/ddr_byte_lane_D.ddr_byte_lane_D/freq_refclk
    PHASER_IN_PHY_X1Y7   PHASER_IN_PHY (Prop_phaser_in_phy_FREQREFCLK_ICLK)
                                                      1.382     3.108 r  cnn_accelerator_system_i/mig_7series_0/u_cnn_accelerator_system_mig_7series_0_0_mig/u_memc_ui_top_axi/mem_intfc0/ddr_phy_top0/u_ddr_mc_phy_wrapper/u_ddr_mc_phy/ddr_phy_4lanes_0.u_ddr_phy_4lanes/ddr_byte_lane_D.ddr_byte_lane_D/phaser_in_gen.phaser_in/ICLK
    PHASER_IN_PHY_X1Y7   PHASER_IN_PHY (Prop_phaser_in_phy_ICLK_ICLKDIV)
                                                      0.090     3.198 r  cnn_accelerator_system_i/mig_7series_0/u_cnn_accelerator_system_mig_7series_0_0_mig/u_memc_ui_top_axi/mem_intfc0/ddr_phy_top0/u_ddr_mc_phy_wrapper/u_ddr_mc_phy/ddr_phy_4lanes_0.u_ddr_phy_4lanes/ddr_byte_lane_D.ddr_byte_lane_D/phaser_in_gen.phaser_in/ICLKDIV
  -------------------------------------------------------------------    -------------------
    PHASER_IN_PHY_X1Y7   PHASER_IN_PHY (Prop_phaser_in_phy_ICLKDIV_WRENABLE)
                                                      0.058     3.256 r  cnn_accelerator_system_i/mig_7series_0/u_cnn_accelerator_system_mig_7series_0_0_mig/u_memc_ui_top_axi/mem_intfc0/ddr_phy_top0/u_ddr_mc_phy_wrapper/u_ddr_mc_phy/ddr_phy_4lanes_0.u_ddr_phy_4lanes/ddr_byte_lane_D.ddr_byte_lane_D/phaser_in_gen.phaser_in/WRENABLE
                         net (fo=1, routed)           0.000     3.256    cnn_accelerator_system_i/mig_7series_0/u_cnn_accelerator_system_mig_7series_0_0_mig/u_memc_ui_top_axi/mem_intfc0/ddr_phy_top0/u_ddr_mc_phy_wrapper/u_ddr_mc_phy/ddr_phy_4lanes_0.u_ddr_phy_4lanes/ddr_byte_lane_D.ddr_byte_lane_D/ififo_wr_enable
    IN_FIFO_X1Y7         IN_FIFO                                      r  cnn_accelerator_system_i/mig_7series_0/u_cnn_accelerator_system_mig_7series_0_0_mig/u_memc_ui_top_axi/mem_intfc0/ddr_phy_top0/u_ddr_mc_phy_wrapper/u_ddr_mc_phy/ddr_phy_4lanes_0.u_ddr_phy_4lanes/ddr_byte_lane_D.ddr_byte_lane_D/in_fifo_gen.in_fifo/WREN
  -------------------------------------------------------------------    -------------------

                         (clock iserdes_clkdiv_1 rise edge)
                                                      0.000     0.000 r  
    E3                                                0.000     0.000 r  CLK100MHZ (IN)
                         net (fo=0)                   0.000     0.000    CLK100MHZ
    E3                   IBUF (Prop_ibuf_I_O)         0.438     0.438 r  CLK100MHZ_IBUF_inst/O
                         net (fo=1, routed)           0.699     1.136    cnn_accelerator_system_i/util_ds_buf_0/U0/BUFG_I[0]
    BUFGCTRL_X0Y16       BUFG (Prop_bufg_I_O)         0.029     1.165 r  cnn_accelerator_system_i/util_ds_buf_0/U0/USE_BUFG.GEN_BUFG[0].BUFG_U/O
                         net (fo=2, routed)           0.835     2.000    cnn_accelerator_system_i/mig_7series_0/u_cnn_accelerator_system_mig_7series_0_0_mig/u_ddr3_infrastructure/mmcm_clk
    PLLE2_ADV_X1Y1       PLLE2_ADV (Prop_plle2_adv_CLKIN1_CLKOUT0)
                                                      0.053     2.053 r  cnn_accelerator_system_i/mig_7series_0/u_cnn_accelerator_system_mig_7series_0_0_mig/u_ddr3_infrastructure/plle2_i/CLKOUT0
                         net (fo=7, routed)           0.211     2.264    cnn_accelerator_system_i/mig_7series_0/u_cnn_accelerator_system_mig_7series_0_0_mig/u_memc_ui_top_axi/mem_intfc0/ddr_phy_top0/u_ddr_mc_phy_wrapper/u_ddr_mc_phy/ddr_phy_4lanes_0.u_ddr_phy_4lanes/ddr_byte_lane_D.ddr_byte_lane_D/freq_refclk
    PHASER_IN_PHY_X1Y7   PHASER_IN_PHY (Prop_phaser_in_phy_FREQREFCLK_ICLK)
                                                      1.406     3.669 r  cnn_accelerator_system_i/mig_7series_0/u_cnn_accelerator_system_mig_7series_0_0_mig/u_memc_ui_top_axi/mem_intfc0/ddr_phy_top0/u_ddr_mc_phy_wrapper/u_ddr_mc_phy/ddr_phy_4lanes_0.u_ddr_phy_4lanes/ddr_byte_lane_D.ddr_byte_lane_D/phaser_in_gen.phaser_in/ICLK
    PHASER_IN_PHY_X1Y7   PHASER_IN_PHY (Prop_phaser_in_phy_ICLK_ICLKDIV)
                                                      0.096     3.765 r  cnn_accelerator_system_i/mig_7series_0/u_cnn_accelerator_system_mig_7series_0_0_mig/u_memc_ui_top_axi/mem_intfc0/ddr_phy_top0/u_ddr_mc_phy_wrapper/u_ddr_mc_phy/ddr_phy_4lanes_0.u_ddr_phy_4lanes/ddr_byte_lane_D.ddr_byte_lane_D/phaser_in_gen.phaser_in/ICLKDIV
                         net (fo=9, routed)           0.000     3.765    cnn_accelerator_system_i/mig_7series_0/u_cnn_accelerator_system_mig_7series_0_0_mig/u_memc_ui_top_axi/mem_intfc0/ddr_phy_top0/u_ddr_mc_phy_wrapper/u_ddr_mc_phy/ddr_phy_4lanes_0.u_ddr_phy_4lanes/ddr_byte_lane_D.ddr_byte_lane_D/iserdes_clkdiv
    IN_FIFO_X1Y7         IN_FIFO                                      r  cnn_accelerator_system_i/mig_7series_0/u_cnn_accelerator_system_mig_7series_0_0_mig/u_memc_ui_top_axi/mem_intfc0/ddr_phy_top0/u_ddr_mc_phy_wrapper/u_ddr_mc_phy/ddr_phy_4lanes_0.u_ddr_phy_4lanes/ddr_byte_lane_D.ddr_byte_lane_D/in_fifo_gen.in_fifo/WRCLK
                         clock pessimism             -0.567     3.198    
    IN_FIFO_X1Y7         IN_FIFO (Hold_in_fifo_WRCLK_WREN)
                                                     -0.013     3.185    cnn_accelerator_system_i/mig_7series_0/u_cnn_accelerator_system_mig_7series_0_0_mig/u_memc_ui_top_axi/mem_intfc0/ddr_phy_top0/u_ddr_mc_phy_wrapper/u_ddr_mc_phy/ddr_phy_4lanes_0.u_ddr_phy_4lanes/ddr_byte_lane_D.ddr_byte_lane_D/in_fifo_gen.in_fifo
  -------------------------------------------------------------------
                         required time                         -3.185    
                         arrival time                           3.256    
  -------------------------------------------------------------------
                         slack                                  0.071    





Pulse Width Checks
--------------------------------------------------------------------------------------
Clock Name:         iserdes_clkdiv_1
Waveform(ns):       { 0.000 6.154 }
Period(ns):         12.308
Sources:            { cnn_accelerator_system_i/mig_7series_0/u_cnn_accelerator_system_mig_7series_0_0_mig/u_memc_ui_top_axi/mem_intfc0/ddr_phy_top0/u_ddr_mc_phy_wrapper/u_ddr_mc_phy/ddr_phy_4lanes_0.u_ddr_phy_4lanes/ddr_byte_lane_D.ddr_byte_lane_D/phaser_in_gen.phaser_in/ICLKDIV }

Check Type        Corner  Lib Pin        Reference Pin  Required(ns)  Actual(ns)  Slack(ns)  Location      Pin
Min Period        n/a     IN_FIFO/WRCLK  n/a            5.000         12.308      7.308      IN_FIFO_X1Y7  cnn_accelerator_system_i/mig_7series_0/u_cnn_accelerator_system_mig_7series_0_0_mig/u_memc_ui_top_axi/mem_intfc0/ddr_phy_top0/u_ddr_mc_phy_wrapper/u_ddr_mc_phy/ddr_phy_4lanes_0.u_ddr_phy_4lanes/ddr_byte_lane_D.ddr_byte_lane_D/in_fifo_gen.in_fifo/WRCLK
Low Pulse Width   Slow    IN_FIFO/WRCLK  n/a            2.150         6.154       4.004      IN_FIFO_X1Y7  cnn_accelerator_system_i/mig_7series_0/u_cnn_accelerator_system_mig_7series_0_0_mig/u_memc_ui_top_axi/mem_intfc0/ddr_phy_top0/u_ddr_mc_phy_wrapper/u_ddr_mc_phy/ddr_phy_4lanes_0.u_ddr_phy_4lanes/ddr_byte_lane_D.ddr_byte_lane_D/in_fifo_gen.in_fifo/WRCLK
High Pulse Width  Slow    IN_FIFO/WRCLK  n/a            2.150         6.154       4.004      IN_FIFO_X1Y7  cnn_accelerator_system_i/mig_7series_0/u_cnn_accelerator_system_mig_7series_0_0_mig/u_memc_ui_top_axi/mem_intfc0/ddr_phy_top0/u_ddr_mc_phy_wrapper/u_ddr_mc_phy/ddr_phy_4lanes_0.u_ddr_phy_4lanes/ddr_byte_lane_D.ddr_byte_lane_D/in_fifo_gen.in_fifo/WRCLK



---------------------------------------------------------------------------------------------------
From Clock:  mem_refclk
  To Clock:  mem_refclk

Setup :            0  Failing Endpoints,  Worst Slack        1.917ns,  Total Violation        0.000ns
Hold  :            0  Failing Endpoints,  Worst Slack        0.336ns,  Total Violation        0.000ns
PW    :            0  Failing Endpoints,  Worst Slack        0.913ns,  Total Violation        0.000ns
---------------------------------------------------------------------------------------------------


Max Delay Paths
--------------------------------------------------------------------------------------
Slack (MET) :             1.917ns  (required time - arrival time)
  Source:                 cnn_accelerator_system_i/mig_7series_0/u_cnn_accelerator_system_mig_7series_0_0_mig/u_memc_ui_top_axi/mem_intfc0/ddr_phy_top0/u_ddr_mc_phy_wrapper/u_ddr_mc_phy/ddr_phy_4lanes_0.u_ddr_phy_4lanes/phy_control_i/MEMREFCLK
                            (rising edge-triggered cell PHY_CONTROL clocked by mem_refclk  {rise@0.000ns fall@1.538ns period=3.077ns})
  Destination:            cnn_accelerator_system_i/mig_7series_0/u_cnn_accelerator_system_mig_7series_0_0_mig/u_memc_ui_top_axi/mem_intfc0/ddr_phy_top0/u_ddr_mc_phy_wrapper/u_ddr_mc_phy/ddr_phy_4lanes_0.u_ddr_phy_4lanes/phy_control_i/PHYCTLMSTREMPTY
                            (rising edge-triggered cell PHY_CONTROL clocked by mem_refclk  {rise@0.000ns fall@1.538ns period=3.077ns})
  Path Group:             mem_refclk
  Path Type:              Setup (Max at Slow Process Corner)
  Requirement:            3.077ns  (mem_refclk rise@3.077ns - mem_refclk rise@0.000ns)
  Data Path Delay:        1.093ns  (logic 0.622ns (56.908%)  route 0.471ns (43.092%))
  Logic Levels:           0  
  Clock Path Skew:        0.000ns (DCD - SCD + CPR)
    Destination Clock Delay (DCD):    5.639ns = ( 8.716 - 3.077 ) 
    Source Clock Delay      (SCD):    5.978ns
    Clock Pessimism Removal (CPR):    0.339ns
  Clock Uncertainty:      0.056ns  ((TSJ^2 + DJ^2)^1/2) / 2 + PE
    Total System Jitter     (TSJ):    0.071ns
    Discrete Jitter          (DJ):    0.087ns
    Phase Error              (PE):    0.000ns

    Location             Delay type                Incr(ns)  Path(ns)    Netlist Resource(s)
  -------------------------------------------------------------------    -------------------
                         (clock mem_refclk rise edge)
                                                      0.000     0.000 r  
    E3                                                0.000     0.000 r  CLK100MHZ (IN)
                         net (fo=0)                   0.000     0.000    CLK100MHZ
    E3                   IBUF (Prop_ibuf_I_O)         1.482     1.482 r  CLK100MHZ_IBUF_inst/O
                         net (fo=1, routed)           2.025     3.506    cnn_accelerator_system_i/util_ds_buf_0/U0/BUFG_I[0]
    BUFGCTRL_X0Y16       BUFG (Prop_bufg_I_O)         0.096     3.602 r  cnn_accelerator_system_i/util_ds_buf_0/U0/USE_BUFG.GEN_BUFG[0].BUFG_U/O
                         net (fo=2, routed)           1.666     5.269    cnn_accelerator_system_i/mig_7series_0/u_cnn_accelerator_system_mig_7series_0_0_mig/u_ddr3_infrastructure/mmcm_clk
    PLLE2_ADV_X1Y1       PLLE2_ADV (Prop_plle2_adv_CLKIN1_CLKOUT1)
                                                      0.088     5.357 r  cnn_accelerator_system_i/mig_7series_0/u_cnn_accelerator_system_mig_7series_0_0_mig/u_ddr3_infrastructure/plle2_i/CLKOUT1
                         net (fo=7, routed)           0.621     5.978    cnn_accelerator_system_i/mig_7series_0/u_cnn_accelerator_system_mig_7series_0_0_mig/u_memc_ui_top_axi/mem_intfc0/ddr_phy_top0/u_ddr_mc_phy_wrapper/u_ddr_mc_phy/ddr_phy_4lanes_0.u_ddr_phy_4lanes/mem_refclk
    PHY_CONTROL_X1Y1     PHY_CONTROL                                  r  cnn_accelerator_system_i/mig_7series_0/u_cnn_accelerator_system_mig_7series_0_0_mig/u_memc_ui_top_axi/mem_intfc0/ddr_phy_top0/u_ddr_mc_phy_wrapper/u_ddr_mc_phy/ddr_phy_4lanes_0.u_ddr_phy_4lanes/phy_control_i/MEMREFCLK
  -------------------------------------------------------------------    -------------------
    PHY_CONTROL_X1Y1     PHY_CONTROL (Prop_phy_control_MEMREFCLK_PHYCTLEMPTY)
                                                      0.622     6.600 r  cnn_accelerator_system_i/mig_7series_0/u_cnn_accelerator_system_mig_7series_0_0_mig/u_memc_ui_top_axi/mem_intfc0/ddr_phy_top0/u_ddr_mc_phy_wrapper/u_ddr_mc_phy/ddr_phy_4lanes_0.u_ddr_phy_4lanes/phy_control_i/PHYCTLEMPTY
                         net (fo=1, routed)           0.471     7.071    cnn_accelerator_system_i/mig_7series_0/u_cnn_accelerator_system_mig_7series_0_0_mig/u_memc_ui_top_axi/mem_intfc0/ddr_phy_top0/u_ddr_mc_phy_wrapper/u_ddr_mc_phy/ddr_phy_4lanes_0.u_ddr_phy_4lanes/phy_control_i_n_1
    PHY_CONTROL_X1Y1     PHY_CONTROL                                  r  cnn_accelerator_system_i/mig_7series_0/u_cnn_accelerator_system_mig_7series_0_0_mig/u_memc_ui_top_axi/mem_intfc0/ddr_phy_top0/u_ddr_mc_phy_wrapper/u_ddr_mc_phy/ddr_phy_4lanes_0.u_ddr_phy_4lanes/phy_control_i/PHYCTLMSTREMPTY
  -------------------------------------------------------------------    -------------------

                         (clock mem_refclk rise edge)
                                                      3.077     3.077 r  
    E3                                                0.000     3.077 r  CLK100MHZ (IN)
                         net (fo=0)                   0.000     3.077    CLK100MHZ
    E3                   IBUF (Prop_ibuf_I_O)         1.411     4.488 r  CLK100MHZ_IBUF_inst/O
                         net (fo=1, routed)           1.920     6.408    cnn_accelerator_system_i/util_ds_buf_0/U0/BUFG_I[0]
    BUFGCTRL_X0Y16       BUFG (Prop_bufg_I_O)         0.091     6.499 r  cnn_accelerator_system_i/util_ds_buf_0/U0/USE_BUFG.GEN_BUFG[0].BUFG_U/O
                         net (fo=2, routed)           1.544     8.044    cnn_accelerator_system_i/mig_7series_0/u_cnn_accelerator_system_mig_7series_0_0_mig/u_ddr3_infrastructure/mmcm_clk
    PLLE2_ADV_X1Y1       PLLE2_ADV (Prop_plle2_adv_CLKIN1_CLKOUT1)
                                                      0.083     8.127 r  cnn_accelerator_system_i/mig_7series_0/u_cnn_accelerator_system_mig_7series_0_0_mig/u_ddr3_infrastructure/plle2_i/CLKOUT1
                         net (fo=7, routed)           0.589     8.716    cnn_accelerator_system_i/mig_7series_0/u_cnn_accelerator_system_mig_7series_0_0_mig/u_memc_ui_top_axi/mem_intfc0/ddr_phy_top0/u_ddr_mc_phy_wrapper/u_ddr_mc_phy/ddr_phy_4lanes_0.u_ddr_phy_4lanes/mem_refclk
    PHY_CONTROL_X1Y1     PHY_CONTROL                                  r  cnn_accelerator_system_i/mig_7series_0/u_cnn_accelerator_system_mig_7series_0_0_mig/u_memc_ui_top_axi/mem_intfc0/ddr_phy_top0/u_ddr_mc_phy_wrapper/u_ddr_mc_phy/ddr_phy_4lanes_0.u_ddr_phy_4lanes/phy_control_i/MEMREFCLK
                         clock pessimism              0.339     9.055    
                         clock uncertainty           -0.056     8.999    
    PHY_CONTROL_X1Y1     PHY_CONTROL (Setup_phy_control_MEMREFCLK_PHYCTLMSTREMPTY)
                                                     -0.011     8.988    cnn_accelerator_system_i/mig_7series_0/u_cnn_accelerator_system_mig_7series_0_0_mig/u_memc_ui_top_axi/mem_intfc0/ddr_phy_top0/u_ddr_mc_phy_wrapper/u_ddr_mc_phy/ddr_phy_4lanes_0.u_ddr_phy_4lanes/phy_control_i
  -------------------------------------------------------------------
                         required time                          8.988    
                         arrival time                          -7.071    
  -------------------------------------------------------------------
                         slack                                  1.917    





Min Delay Paths
--------------------------------------------------------------------------------------
Slack (MET) :             0.336ns  (arrival time - required time)
  Source:                 cnn_accelerator_system_i/mig_7series_0/u_cnn_accelerator_system_mig_7series_0_0_mig/u_memc_ui_top_axi/mem_intfc0/ddr_phy_top0/u_ddr_mc_phy_wrapper/u_ddr_mc_phy/ddr_phy_4lanes_0.u_ddr_phy_4lanes/phy_control_i/MEMREFCLK
                            (rising edge-triggered cell PHY_CONTROL clocked by mem_refclk  {rise@0.000ns fall@1.538ns period=3.077ns})
  Destination:            cnn_accelerator_system_i/mig_7series_0/u_cnn_accelerator_system_mig_7series_0_0_mig/u_memc_ui_top_axi/mem_intfc0/ddr_phy_top0/u_ddr_mc_phy_wrapper/u_ddr_mc_phy/ddr_phy_4lanes_0.u_ddr_phy_4lanes/phy_control_i/PHYCTLMSTREMPTY
                            (rising edge-triggered cell PHY_CONTROL clocked by mem_refclk  {rise@0.000ns fall@1.538ns period=3.077ns})
  Path Group:             mem_refclk
  Path Type:              Hold (Min at Fast Process Corner)
  Requirement:            0.000ns  (mem_refclk rise@0.000ns - mem_refclk rise@0.000ns)
  Data Path Delay:        0.459ns  (logic 0.313ns (68.192%)  route 0.146ns (31.808%))
  Logic Levels:           0  
  Clock Path Skew:        0.000ns (DCD - SCD - CPR)
    Destination Clock Delay (DCD):    2.268ns
    Source Clock Delay      (SCD):    1.730ns
    Clock Pessimism Removal (CPR):    0.537ns

    Location             Delay type                Incr(ns)  Path(ns)    Netlist Resource(s)
  -------------------------------------------------------------------    -------------------
                         (clock mem_refclk rise edge)
                                                      0.000     0.000 r  
    E3                                                0.000     0.000 r  CLK100MHZ (IN)
                         net (fo=0)                   0.000     0.000    CLK100MHZ
    E3                   IBUF (Prop_ibuf_I_O)         0.250     0.250 r  CLK100MHZ_IBUF_inst/O
                         net (fo=1, routed)           0.644     0.894    cnn_accelerator_system_i/util_ds_buf_0/U0/BUFG_I[0]
    BUFGCTRL_X0Y16       BUFG (Prop_bufg_I_O)         0.026     0.920 r  cnn_accelerator_system_i/util_ds_buf_0/U0/USE_BUFG.GEN_BUFG[0].BUFG_U/O
                         net (fo=2, routed)           0.566     1.485    cnn_accelerator_system_i/mig_7series_0/u_cnn_accelerator_system_mig_7series_0_0_mig/u_ddr3_infrastructure/mmcm_clk
    PLLE2_ADV_X1Y1       PLLE2_ADV (Prop_plle2_adv_CLKIN1_CLKOUT1)
                                                      0.050     1.535 r  cnn_accelerator_system_i/mig_7series_0/u_cnn_accelerator_system_mig_7series_0_0_mig/u_ddr3_infrastructure/plle2_i/CLKOUT1
                         net (fo=7, routed)           0.195     1.730    cnn_accelerator_system_i/mig_7series_0/u_cnn_accelerator_system_mig_7series_0_0_mig/u_memc_ui_top_axi/mem_intfc0/ddr_phy_top0/u_ddr_mc_phy_wrapper/u_ddr_mc_phy/ddr_phy_4lanes_0.u_ddr_phy_4lanes/mem_refclk
    PHY_CONTROL_X1Y1     PHY_CONTROL                                  r  cnn_accelerator_system_i/mig_7series_0/u_cnn_accelerator_system_mig_7series_0_0_mig/u_memc_ui_top_axi/mem_intfc0/ddr_phy_top0/u_ddr_mc_phy_wrapper/u_ddr_mc_phy/ddr_phy_4lanes_0.u_ddr_phy_4lanes/phy_control_i/MEMREFCLK
  -------------------------------------------------------------------    -------------------
    PHY_CONTROL_X1Y1     PHY_CONTROL (Prop_phy_control_MEMREFCLK_PHYCTLEMPTY)
                                                      0.313     2.043 r  cnn_accelerator_system_i/mig_7series_0/u_cnn_accelerator_system_mig_7series_0_0_mig/u_memc_ui_top_axi/mem_intfc0/ddr_phy_top0/u_ddr_mc_phy_wrapper/u_ddr_mc_phy/ddr_phy_4lanes_0.u_ddr_phy_4lanes/phy_control_i/PHYCTLEMPTY
                         net (fo=1, routed)           0.146     2.189    cnn_accelerator_system_i/mig_7series_0/u_cnn_accelerator_system_mig_7series_0_0_mig/u_memc_ui_top_axi/mem_intfc0/ddr_phy_top0/u_ddr_mc_phy_wrapper/u_ddr_mc_phy/ddr_phy_4lanes_0.u_ddr_phy_4lanes/phy_control_i_n_1
    PHY_CONTROL_X1Y1     PHY_CONTROL                                  r  cnn_accelerator_system_i/mig_7series_0/u_cnn_accelerator_system_mig_7series_0_0_mig/u_memc_ui_top_axi/mem_intfc0/ddr_phy_top0/u_ddr_mc_phy_wrapper/u_ddr_mc_phy/ddr_phy_4lanes_0.u_ddr_phy_4lanes/phy_control_i/PHYCTLMSTREMPTY
  -------------------------------------------------------------------    -------------------

                         (clock mem_refclk rise edge)
                                                      0.000     0.000 r  
    E3                                                0.000     0.000 r  CLK100MHZ (IN)
                         net (fo=0)                   0.000     0.000    CLK100MHZ
    E3                   IBUF (Prop_ibuf_I_O)         0.438     0.438 r  CLK100MHZ_IBUF_inst/O
                         net (fo=1, routed)           0.699     1.136    cnn_accelerator_system_i/util_ds_buf_0/U0/BUFG_I[0]
    BUFGCTRL_X0Y16       BUFG (Prop_bufg_I_O)         0.029     1.165 r  cnn_accelerator_system_i/util_ds_buf_0/U0/USE_BUFG.GEN_BUFG[0].BUFG_U/O
                         net (fo=2, routed)           0.835     2.000    cnn_accelerator_system_i/mig_7series_0/u_cnn_accelerator_system_mig_7series_0_0_mig/u_ddr3_infrastructure/mmcm_clk
    PLLE2_ADV_X1Y1       PLLE2_ADV (Prop_plle2_adv_CLKIN1_CLKOUT1)
                                                      0.053     2.053 r  cnn_accelerator_system_i/mig_7series_0/u_cnn_accelerator_system_mig_7series_0_0_mig/u_ddr3_infrastructure/plle2_i/CLKOUT1
                         net (fo=7, routed)           0.215     2.268    cnn_accelerator_system_i/mig_7series_0/u_cnn_accelerator_system_mig_7series_0_0_mig/u_memc_ui_top_axi/mem_intfc0/ddr_phy_top0/u_ddr_mc_phy_wrapper/u_ddr_mc_phy/ddr_phy_4lanes_0.u_ddr_phy_4lanes/mem_refclk
    PHY_CONTROL_X1Y1     PHY_CONTROL                                  r  cnn_accelerator_system_i/mig_7series_0/u_cnn_accelerator_system_mig_7series_0_0_mig/u_memc_ui_top_axi/mem_intfc0/ddr_phy_top0/u_ddr_mc_phy_wrapper/u_ddr_mc_phy/ddr_phy_4lanes_0.u_ddr_phy_4lanes/phy_control_i/MEMREFCLK
                         clock pessimism             -0.537     1.730    
    PHY_CONTROL_X1Y1     PHY_CONTROL (Hold_phy_control_MEMREFCLK_PHYCTLMSTREMPTY)
                                                      0.123     1.853    cnn_accelerator_system_i/mig_7series_0/u_cnn_accelerator_system_mig_7series_0_0_mig/u_memc_ui_top_axi/mem_intfc0/ddr_phy_top0/u_ddr_mc_phy_wrapper/u_ddr_mc_phy/ddr_phy_4lanes_0.u_ddr_phy_4lanes/phy_control_i
  -------------------------------------------------------------------
                         required time                         -1.853    
                         arrival time                           2.189    
  -------------------------------------------------------------------
                         slack                                  0.336    





Pulse Width Checks
--------------------------------------------------------------------------------------
Clock Name:         mem_refclk
Waveform(ns):       { 0.000 1.538 }
Period(ns):         3.077
Sources:            { cnn_accelerator_system_i/mig_7series_0/u_cnn_accelerator_system_mig_7series_0_0_mig/u_ddr3_infrastructure/plle2_i/CLKOUT1 }

Check Type        Corner  Lib Pin                Reference Pin  Required(ns)  Actual(ns)  Slack(ns)  Location          Pin
Min Period        n/a     PHY_CONTROL/MEMREFCLK  n/a            1.475         3.077       1.602      PHY_CONTROL_X1Y1  cnn_accelerator_system_i/mig_7series_0/u_cnn_accelerator_system_mig_7series_0_0_mig/u_memc_ui_top_axi/mem_intfc0/ddr_phy_top0/u_ddr_mc_phy_wrapper/u_ddr_mc_phy/ddr_phy_4lanes_0.u_ddr_phy_4lanes/phy_control_i/MEMREFCLK
Max Period        n/a     PLLE2_ADV/CLKOUT1      n/a            160.000       3.077       156.923    PLLE2_ADV_X1Y1    cnn_accelerator_system_i/mig_7series_0/u_cnn_accelerator_system_mig_7series_0_0_mig/u_ddr3_infrastructure/plle2_i/CLKOUT1
Low Pulse Width   Slow    PHY_CONTROL/MEMREFCLK  n/a            0.625         1.538       0.913      PHY_CONTROL_X1Y1  cnn_accelerator_system_i/mig_7series_0/u_cnn_accelerator_system_mig_7series_0_0_mig/u_memc_ui_top_axi/mem_intfc0/ddr_phy_top0/u_ddr_mc_phy_wrapper/u_ddr_mc_phy/ddr_phy_4lanes_0.u_ddr_phy_4lanes/phy_control_i/MEMREFCLK
High Pulse Width  Slow    PHY_CONTROL/MEMREFCLK  n/a            0.625         1.538       0.913      PHY_CONTROL_X1Y1  cnn_accelerator_system_i/mig_7series_0/u_cnn_accelerator_system_mig_7series_0_0_mig/u_memc_ui_top_axi/mem_intfc0/ddr_phy_top0/u_ddr_mc_phy_wrapper/u_ddr_mc_phy/ddr_phy_4lanes_0.u_ddr_phy_4lanes/phy_control_i/MEMREFCLK



---------------------------------------------------------------------------------------------------
From Clock:  oserdes_clk
  To Clock:  oserdes_clk

Setup :           NA  Failing Endpoints,  Worst Slack           NA  ,  Total Violation           NA
Hold  :           NA  Failing Endpoints,  Worst Slack           NA  ,  Total Violation           NA
PW    :            0  Failing Endpoints,  Worst Slack        1.410ns,  Total Violation        0.000ns
---------------------------------------------------------------------------------------------------


Pulse Width Checks
--------------------------------------------------------------------------------------
Clock Name:         oserdes_clk
Waveform(ns):       { 0.000 1.538 }
Period(ns):         3.077
Sources:            { cnn_accelerator_system_i/mig_7series_0/u_cnn_accelerator_system_mig_7series_0_0_mig/u_memc_ui_top_axi/mem_intfc0/ddr_phy_top0/u_ddr_mc_phy_wrapper/u_ddr_mc_phy/ddr_phy_4lanes_0.u_ddr_phy_4lanes/ddr_byte_lane_A.ddr_byte_lane_A/phaser_out/OCLK }

Check Type  Corner  Lib Pin        Reference Pin  Required(ns)  Actual(ns)  Slack(ns)  Location      Pin
Min Period  n/a     OSERDESE2/CLK  n/a            1.667         3.077       1.410      OLOGIC_X1Y51  cnn_accelerator_system_i/mig_7series_0/u_cnn_accelerator_system_mig_7series_0_0_mig/u_memc_ui_top_axi/mem_intfc0/ddr_phy_top0/u_ddr_mc_phy_wrapper/u_ddr_mc_phy/ddr_phy_4lanes_0.u_ddr_phy_4lanes/ddr_byte_lane_A.ddr_byte_lane_A/ddr_byte_group_io/output_[0].oserdes_dq_.sdr.oserdes_dq_i/CLK



---------------------------------------------------------------------------------------------------
From Clock:  oserdes_clkdiv
  To Clock:  oserdes_clkdiv

Setup :            0  Failing Endpoints,  Worst Slack       10.357ns,  Total Violation        0.000ns
Hold  :            0  Failing Endpoints,  Worst Slack        0.090ns,  Total Violation        0.000ns
PW    :            0  Failing Endpoints,  Worst Slack        4.004ns,  Total Violation        0.000ns
---------------------------------------------------------------------------------------------------


Max Delay Paths
--------------------------------------------------------------------------------------
Slack (MET) :             10.357ns  (required time - arrival time)
  Source:                 cnn_accelerator_system_i/mig_7series_0/u_cnn_accelerator_system_mig_7series_0_0_mig/u_memc_ui_top_axi/mem_intfc0/ddr_phy_top0/u_ddr_mc_phy_wrapper/u_ddr_mc_phy/ddr_phy_4lanes_0.u_ddr_phy_4lanes/ddr_byte_lane_A.ddr_byte_lane_A/out_fifo/RDCLK
                            (rising edge-triggered cell OUT_FIFO clocked by oserdes_clkdiv  {rise@0.000ns fall@6.154ns period=12.308ns})
  Destination:            cnn_accelerator_system_i/mig_7series_0/u_cnn_accelerator_system_mig_7series_0_0_mig/u_memc_ui_top_axi/mem_intfc0/ddr_phy_top0/u_ddr_mc_phy_wrapper/u_ddr_mc_phy/ddr_phy_4lanes_0.u_ddr_phy_4lanes/ddr_byte_lane_A.ddr_byte_lane_A/ddr_byte_group_io/output_[11].oserdes_dq_.sdr.oserdes_dq_i/D4
                            (rising edge-triggered cell OSERDESE2 clocked by oserdes_clkdiv  {rise@0.000ns fall@6.154ns period=12.308ns})
  Path Group:             oserdes_clkdiv
  Path Type:              Setup (Max at Slow Process Corner)
  Requirement:            12.308ns  (oserdes_clkdiv rise@12.308ns - oserdes_clkdiv rise@0.000ns)
  Data Path Delay:        1.681ns  (logic 0.674ns (40.087%)  route 1.007ns (59.913%))
  Logic Levels:           0  
  Clock Path Skew:        0.412ns (DCD - SCD + CPR)
    Destination Clock Delay (DCD):    8.608ns = ( 20.915 - 12.308 ) 
    Source Clock Delay      (SCD):    8.608ns
    Clock Pessimism Removal (CPR):    0.412ns
  Clock Uncertainty:      0.056ns  ((TSJ^2 + DJ^2)^1/2) / 2 + PE
    Total System Jitter     (TSJ):    0.071ns
    Discrete Jitter          (DJ):    0.087ns
    Phase Error              (PE):    0.000ns

    Location             Delay type                Incr(ns)  Path(ns)    Netlist Resource(s)
  -------------------------------------------------------------------    -------------------
                         (clock oserdes_clkdiv rise edge)
                                                      0.000     0.000 r  
    E3                                                0.000     0.000 r  CLK100MHZ (IN)
                         net (fo=0)                   0.000     0.000    CLK100MHZ
    E3                   IBUF (Prop_ibuf_I_O)         1.482     1.482 r  CLK100MHZ_IBUF_inst/O
                         net (fo=1, routed)           2.025     3.506    cnn_accelerator_system_i/util_ds_buf_0/U0/BUFG_I[0]
    BUFGCTRL_X0Y16       BUFG (Prop_bufg_I_O)         0.096     3.602 r  cnn_accelerator_system_i/util_ds_buf_0/U0/USE_BUFG.GEN_BUFG[0].BUFG_U/O
                         net (fo=2, routed)           1.666     5.269    cnn_accelerator_system_i/mig_7series_0/u_cnn_accelerator_system_mig_7series_0_0_mig/u_ddr3_infrastructure/mmcm_clk
    PLLE2_ADV_X1Y1       PLLE2_ADV (Prop_plle2_adv_CLKIN1_CLKOUT1)
                                                      0.088     5.357 r  cnn_accelerator_system_i/mig_7series_0/u_cnn_accelerator_system_mig_7series_0_0_mig/u_ddr3_infrastructure/plle2_i/CLKOUT1
                         net (fo=7, routed)           0.614     5.971    cnn_accelerator_system_i/mig_7series_0/u_cnn_accelerator_system_mig_7series_0_0_mig/u_memc_ui_top_axi/mem_intfc0/ddr_phy_top0/u_ddr_mc_phy_wrapper/u_ddr_mc_phy/ddr_phy_4lanes_0.u_ddr_phy_4lanes/ddr_byte_lane_A.ddr_byte_lane_A/mem_refclk
    PHASER_OUT_PHY_X1Y4  PHASER_OUT_PHY (Prop_phaser_out_phy_MEMREFCLK_OCLK)
                                                      2.480     8.451 r  cnn_accelerator_system_i/mig_7series_0/u_cnn_accelerator_system_mig_7series_0_0_mig/u_memc_ui_top_axi/mem_intfc0/ddr_phy_top0/u_ddr_mc_phy_wrapper/u_ddr_mc_phy/ddr_phy_4lanes_0.u_ddr_phy_4lanes/ddr_byte_lane_A.ddr_byte_lane_A/phaser_out/OCLK
    PHASER_OUT_PHY_X1Y4  PHASER_OUT_PHY (Prop_phaser_out_phy_OCLK_OCLKDIV)
                                                      0.157     8.608 r  cnn_accelerator_system_i/mig_7series_0/u_cnn_accelerator_system_mig_7series_0_0_mig/u_memc_ui_top_axi/mem_intfc0/ddr_phy_top0/u_ddr_mc_phy_wrapper/u_ddr_mc_phy/ddr_phy_4lanes_0.u_ddr_phy_4lanes/ddr_byte_lane_A.ddr_byte_lane_A/phaser_out/OCLKDIV
                         net (fo=12, routed)          0.000     8.608    cnn_accelerator_system_i/mig_7series_0/u_cnn_accelerator_system_mig_7series_0_0_mig/u_memc_ui_top_axi/mem_intfc0/ddr_phy_top0/u_ddr_mc_phy_wrapper/u_ddr_mc_phy/ddr_phy_4lanes_0.u_ddr_phy_4lanes/ddr_byte_lane_A.ddr_byte_lane_A/oserdes_clkdiv
    OUT_FIFO_X1Y4        OUT_FIFO                                     r  cnn_accelerator_system_i/mig_7series_0/u_cnn_accelerator_system_mig_7series_0_0_mig/u_memc_ui_top_axi/mem_intfc0/ddr_phy_top0/u_ddr_mc_phy_wrapper/u_ddr_mc_phy/ddr_phy_4lanes_0.u_ddr_phy_4lanes/ddr_byte_lane_A.ddr_byte_lane_A/out_fifo/RDCLK
  -------------------------------------------------------------------    -------------------
    OUT_FIFO_X1Y4        OUT_FIFO (Prop_out_fifo_RDCLK_Q6[7])
                                                      0.674     9.282 r  cnn_accelerator_system_i/mig_7series_0/u_cnn_accelerator_system_mig_7series_0_0_mig/u_memc_ui_top_axi/mem_intfc0/ddr_phy_top0/u_ddr_mc_phy_wrapper/u_ddr_mc_phy/ddr_phy_4lanes_0.u_ddr_phy_4lanes/ddr_byte_lane_A.ddr_byte_lane_A/out_fifo/Q6[7]
                         net (fo=1, routed)           1.007    10.289    cnn_accelerator_system_i/mig_7series_0/u_cnn_accelerator_system_mig_7series_0_0_mig/u_memc_ui_top_axi/mem_intfc0/ddr_phy_top0/u_ddr_mc_phy_wrapper/u_ddr_mc_phy/ddr_phy_4lanes_0.u_ddr_phy_4lanes/ddr_byte_lane_A.ddr_byte_lane_A/ddr_byte_group_io/oserdes_dq[43]
    OLOGIC_X1Y50         OSERDESE2                                    r  cnn_accelerator_system_i/mig_7series_0/u_cnn_accelerator_system_mig_7series_0_0_mig/u_memc_ui_top_axi/mem_intfc0/ddr_phy_top0/u_ddr_mc_phy_wrapper/u_ddr_mc_phy/ddr_phy_4lanes_0.u_ddr_phy_4lanes/ddr_byte_lane_A.ddr_byte_lane_A/ddr_byte_group_io/output_[11].oserdes_dq_.sdr.oserdes_dq_i/D4
  -------------------------------------------------------------------    -------------------

                         (clock oserdes_clkdiv rise edge)
                                                     12.308    12.308 r  
    E3                                                0.000    12.308 r  CLK100MHZ (IN)
                         net (fo=0)                   0.000    12.308    CLK100MHZ
    E3                   IBUF (Prop_ibuf_I_O)         1.411    13.719 r  CLK100MHZ_IBUF_inst/O
                         net (fo=1, routed)           1.920    15.639    cnn_accelerator_system_i/util_ds_buf_0/U0/BUFG_I[0]
    BUFGCTRL_X0Y16       BUFG (Prop_bufg_I_O)         0.091    15.730 r  cnn_accelerator_system_i/util_ds_buf_0/U0/USE_BUFG.GEN_BUFG[0].BUFG_U/O
                         net (fo=2, routed)           1.544    17.274    cnn_accelerator_system_i/mig_7series_0/u_cnn_accelerator_system_mig_7series_0_0_mig/u_ddr3_infrastructure/mmcm_clk
    PLLE2_ADV_X1Y1       PLLE2_ADV (Prop_plle2_adv_CLKIN1_CLKOUT1)
                                                      0.083    17.357 r  cnn_accelerator_system_i/mig_7series_0/u_cnn_accelerator_system_mig_7series_0_0_mig/u_ddr3_infrastructure/plle2_i/CLKOUT1
                         net (fo=7, routed)           0.582    17.939    cnn_accelerator_system_i/mig_7series_0/u_cnn_accelerator_system_mig_7series_0_0_mig/u_memc_ui_top_axi/mem_intfc0/ddr_phy_top0/u_ddr_mc_phy_wrapper/u_ddr_mc_phy/ddr_phy_4lanes_0.u_ddr_phy_4lanes/ddr_byte_lane_A.ddr_byte_lane_A/mem_refclk
    PHASER_OUT_PHY_X1Y4  PHASER_OUT_PHY (Prop_phaser_out_phy_MEMREFCLK_OCLK)
                                                      2.416    20.355 r  cnn_accelerator_system_i/mig_7series_0/u_cnn_accelerator_system_mig_7series_0_0_mig/u_memc_ui_top_axi/mem_intfc0/ddr_phy_top0/u_ddr_mc_phy_wrapper/u_ddr_mc_phy/ddr_phy_4lanes_0.u_ddr_phy_4lanes/ddr_byte_lane_A.ddr_byte_lane_A/phaser_out/OCLK
    PHASER_OUT_PHY_X1Y4  PHASER_OUT_PHY (Prop_phaser_out_phy_OCLK_OCLKDIV)
                                                      0.148    20.503 r  cnn_accelerator_system_i/mig_7series_0/u_cnn_accelerator_system_mig_7series_0_0_mig/u_memc_ui_top_axi/mem_intfc0/ddr_phy_top0/u_ddr_mc_phy_wrapper/u_ddr_mc_phy/ddr_phy_4lanes_0.u_ddr_phy_4lanes/ddr_byte_lane_A.ddr_byte_lane_A/phaser_out/OCLKDIV
                         net (fo=12, routed)          0.412    20.915    cnn_accelerator_system_i/mig_7series_0/u_cnn_accelerator_system_mig_7series_0_0_mig/u_memc_ui_top_axi/mem_intfc0/ddr_phy_top0/u_ddr_mc_phy_wrapper/u_ddr_mc_phy/ddr_phy_4lanes_0.u_ddr_phy_4lanes/ddr_byte_lane_A.ddr_byte_lane_A/ddr_byte_group_io/oserdes_clkdiv
    OLOGIC_X1Y50         OSERDESE2                                    r  cnn_accelerator_system_i/mig_7series_0/u_cnn_accelerator_system_mig_7series_0_0_mig/u_memc_ui_top_axi/mem_intfc0/ddr_phy_top0/u_ddr_mc_phy_wrapper/u_ddr_mc_phy/ddr_phy_4lanes_0.u_ddr_phy_4lanes/ddr_byte_lane_A.ddr_byte_lane_A/ddr_byte_group_io/output_[11].oserdes_dq_.sdr.oserdes_dq_i/CLKDIV
                         clock pessimism              0.412    21.327    
                         clock uncertainty           -0.056    21.272    
    OLOGIC_X1Y50         OSERDESE2 (Setup_oserdese2_CLKDIV_D4)
                                                     -0.625    20.647    cnn_accelerator_system_i/mig_7series_0/u_cnn_accelerator_system_mig_7series_0_0_mig/u_memc_ui_top_axi/mem_intfc0/ddr_phy_top0/u_ddr_mc_phy_wrapper/u_ddr_mc_phy/ddr_phy_4lanes_0.u_ddr_phy_4lanes/ddr_byte_lane_A.ddr_byte_lane_A/ddr_byte_group_io/output_[11].oserdes_dq_.sdr.oserdes_dq_i
  -------------------------------------------------------------------
                         required time                         20.647    
                         arrival time                         -10.289    
  -------------------------------------------------------------------
                         slack                                 10.357    





Min Delay Paths
--------------------------------------------------------------------------------------
Slack (MET) :             0.090ns  (arrival time - required time)
  Source:                 cnn_accelerator_system_i/mig_7series_0/u_cnn_accelerator_system_mig_7series_0_0_mig/u_memc_ui_top_axi/mem_intfc0/ddr_phy_top0/u_ddr_mc_phy_wrapper/u_ddr_mc_phy/ddr_phy_4lanes_0.u_ddr_phy_4lanes/ddr_byte_lane_A.ddr_byte_lane_A/out_fifo/RDCLK
                            (rising edge-triggered cell OUT_FIFO clocked by oserdes_clkdiv  {rise@0.000ns fall@6.154ns period=12.308ns})
  Destination:            cnn_accelerator_system_i/mig_7series_0/u_cnn_accelerator_system_mig_7series_0_0_mig/u_memc_ui_top_axi/mem_intfc0/ddr_phy_top0/u_ddr_mc_phy_wrapper/u_ddr_mc_phy/ddr_phy_4lanes_0.u_ddr_phy_4lanes/ddr_byte_lane_A.ddr_byte_lane_A/ddr_byte_group_io/output_[2].oserdes_dq_.sdr.oserdes_dq_i/D2
                            (rising edge-triggered cell OSERDESE2 clocked by oserdes_clkdiv  {rise@0.000ns fall@6.154ns period=12.308ns})
  Path Group:             oserdes_clkdiv
  Path Type:              Hold (Min at Fast Process Corner)
  Requirement:            0.000ns  (oserdes_clkdiv rise@0.000ns - oserdes_clkdiv rise@0.000ns)
  Data Path Delay:        0.288ns  (logic 0.138ns (47.866%)  route 0.150ns (52.134%))
  Logic Levels:           0  
  Clock Path Skew:        0.179ns (DCD - SCD - CPR)
    Destination Clock Delay (DCD):    4.722ns
    Source Clock Delay      (SCD):    3.950ns
    Clock Pessimism Removal (CPR):    0.593ns

    Location             Delay type                Incr(ns)  Path(ns)    Netlist Resource(s)
  -------------------------------------------------------------------    -------------------
                         (clock oserdes_clkdiv rise edge)
                                                      0.000     0.000 r  
    E3                                                0.000     0.000 r  CLK100MHZ (IN)
                         net (fo=0)                   0.000     0.000    CLK100MHZ
    E3                   IBUF (Prop_ibuf_I_O)         0.250     0.250 r  CLK100MHZ_IBUF_inst/O
                         net (fo=1, routed)           0.644     0.894    cnn_accelerator_system_i/util_ds_buf_0/U0/BUFG_I[0]
    BUFGCTRL_X0Y16       BUFG (Prop_bufg_I_O)         0.026     0.920 r  cnn_accelerator_system_i/util_ds_buf_0/U0/USE_BUFG.GEN_BUFG[0].BUFG_U/O
                         net (fo=2, routed)           0.566     1.485    cnn_accelerator_system_i/mig_7series_0/u_cnn_accelerator_system_mig_7series_0_0_mig/u_ddr3_infrastructure/mmcm_clk
    PLLE2_ADV_X1Y1       PLLE2_ADV (Prop_plle2_adv_CLKIN1_CLKOUT1)
                                                      0.050     1.535 r  cnn_accelerator_system_i/mig_7series_0/u_cnn_accelerator_system_mig_7series_0_0_mig/u_ddr3_infrastructure/plle2_i/CLKOUT1
                         net (fo=7, routed)           0.197     1.732    cnn_accelerator_system_i/mig_7series_0/u_cnn_accelerator_system_mig_7series_0_0_mig/u_memc_ui_top_axi/mem_intfc0/ddr_phy_top0/u_ddr_mc_phy_wrapper/u_ddr_mc_phy/ddr_phy_4lanes_0.u_ddr_phy_4lanes/ddr_byte_lane_A.ddr_byte_lane_A/mem_refclk
    PHASER_OUT_PHY_X1Y4  PHASER_OUT_PHY (Prop_phaser_out_phy_MEMREFCLK_OCLK)
                                                      2.135     3.867 r  cnn_accelerator_system_i/mig_7series_0/u_cnn_accelerator_system_mig_7series_0_0_mig/u_memc_ui_top_axi/mem_intfc0/ddr_phy_top0/u_ddr_mc_phy_wrapper/u_ddr_mc_phy/ddr_phy_4lanes_0.u_ddr_phy_4lanes/ddr_byte_lane_A.ddr_byte_lane_A/phaser_out/OCLK
    PHASER_OUT_PHY_X1Y4  PHASER_OUT_PHY (Prop_phaser_out_phy_OCLK_OCLKDIV)
                                                      0.083     3.950 r  cnn_accelerator_system_i/mig_7series_0/u_cnn_accelerator_system_mig_7series_0_0_mig/u_memc_ui_top_axi/mem_intfc0/ddr_phy_top0/u_ddr_mc_phy_wrapper/u_ddr_mc_phy/ddr_phy_4lanes_0.u_ddr_phy_4lanes/ddr_byte_lane_A.ddr_byte_lane_A/phaser_out/OCLKDIV
                         net (fo=12, routed)          0.000     3.950    cnn_accelerator_system_i/mig_7series_0/u_cnn_accelerator_system_mig_7series_0_0_mig/u_memc_ui_top_axi/mem_intfc0/ddr_phy_top0/u_ddr_mc_phy_wrapper/u_ddr_mc_phy/ddr_phy_4lanes_0.u_ddr_phy_4lanes/ddr_byte_lane_A.ddr_byte_lane_A/oserdes_clkdiv
    OUT_FIFO_X1Y4        OUT_FIFO                                     r  cnn_accelerator_system_i/mig_7series_0/u_cnn_accelerator_system_mig_7series_0_0_mig/u_memc_ui_top_axi/mem_intfc0/ddr_phy_top0/u_ddr_mc_phy_wrapper/u_ddr_mc_phy/ddr_phy_4lanes_0.u_ddr_phy_4lanes/ddr_byte_lane_A.ddr_byte_lane_A/out_fifo/RDCLK
  -------------------------------------------------------------------    -------------------
    OUT_FIFO_X1Y4        OUT_FIFO (Prop_out_fifo_RDCLK_Q2[1])
                                                      0.138     4.088 r  cnn_accelerator_system_i/mig_7series_0/u_cnn_accelerator_system_mig_7series_0_0_mig/u_memc_ui_top_axi/mem_intfc0/ddr_phy_top0/u_ddr_mc_phy_wrapper/u_ddr_mc_phy/ddr_phy_4lanes_0.u_ddr_phy_4lanes/ddr_byte_lane_A.ddr_byte_lane_A/out_fifo/Q2[1]
                         net (fo=1, routed)           0.150     4.239    cnn_accelerator_system_i/mig_7series_0/u_cnn_accelerator_system_mig_7series_0_0_mig/u_memc_ui_top_axi/mem_intfc0/ddr_phy_top0/u_ddr_mc_phy_wrapper/u_ddr_mc_phy/ddr_phy_4lanes_0.u_ddr_phy_4lanes/ddr_byte_lane_A.ddr_byte_lane_A/ddr_byte_group_io/oserdes_dq[9]
    OLOGIC_X1Y53         OSERDESE2                                    r  cnn_accelerator_system_i/mig_7series_0/u_cnn_accelerator_system_mig_7series_0_0_mig/u_memc_ui_top_axi/mem_intfc0/ddr_phy_top0/u_ddr_mc_phy_wrapper/u_ddr_mc_phy/ddr_phy_4lanes_0.u_ddr_phy_4lanes/ddr_byte_lane_A.ddr_byte_lane_A/ddr_byte_group_io/output_[2].oserdes_dq_.sdr.oserdes_dq_i/D2
  -------------------------------------------------------------------    -------------------

                         (clock oserdes_clkdiv rise edge)
                                                      0.000     0.000 r  
    E3                                                0.000     0.000 r  CLK100MHZ (IN)
                         net (fo=0)                   0.000     0.000    CLK100MHZ
    E3                   IBUF (Prop_ibuf_I_O)         0.438     0.438 r  CLK100MHZ_IBUF_inst/O
                         net (fo=1, routed)           0.699     1.136    cnn_accelerator_system_i/util_ds_buf_0/U0/BUFG_I[0]
    BUFGCTRL_X0Y16       BUFG (Prop_bufg_I_O)         0.029     1.165 r  cnn_accelerator_system_i/util_ds_buf_0/U0/USE_BUFG.GEN_BUFG[0].BUFG_U/O
                         net (fo=2, routed)           0.835     2.000    cnn_accelerator_system_i/mig_7series_0/u_cnn_accelerator_system_mig_7series_0_0_mig/u_ddr3_infrastructure/mmcm_clk
    PLLE2_ADV_X1Y1       PLLE2_ADV (Prop_plle2_adv_CLKIN1_CLKOUT1)
                                                      0.053     2.053 r  cnn_accelerator_system_i/mig_7series_0/u_cnn_accelerator_system_mig_7series_0_0_mig/u_ddr3_infrastructure/plle2_i/CLKOUT1
                         net (fo=7, routed)           0.218     2.271    cnn_accelerator_system_i/mig_7series_0/u_cnn_accelerator_system_mig_7series_0_0_mig/u_memc_ui_top_axi/mem_intfc0/ddr_phy_top0/u_ddr_mc_phy_wrapper/u_ddr_mc_phy/ddr_phy_4lanes_0.u_ddr_phy_4lanes/ddr_byte_lane_A.ddr_byte_lane_A/mem_refclk
    PHASER_OUT_PHY_X1Y4  PHASER_OUT_PHY (Prop_phaser_out_phy_MEMREFCLK_OCLK)
                                                      2.184     4.455 r  cnn_accelerator_system_i/mig_7series_0/u_cnn_accelerator_system_mig_7series_0_0_mig/u_memc_ui_top_axi/mem_intfc0/ddr_phy_top0/u_ddr_mc_phy_wrapper/u_ddr_mc_phy/ddr_phy_4lanes_0.u_ddr_phy_4lanes/ddr_byte_lane_A.ddr_byte_lane_A/phaser_out/OCLK
    PHASER_OUT_PHY_X1Y4  PHASER_OUT_PHY (Prop_phaser_out_phy_OCLK_OCLKDIV)
                                                      0.088     4.543 r  cnn_accelerator_system_i/mig_7series_0/u_cnn_accelerator_system_mig_7series_0_0_mig/u_memc_ui_top_axi/mem_intfc0/ddr_phy_top0/u_ddr_mc_phy_wrapper/u_ddr_mc_phy/ddr_phy_4lanes_0.u_ddr_phy_4lanes/ddr_byte_lane_A.ddr_byte_lane_A/phaser_out/OCLKDIV
                         net (fo=12, routed)          0.179     4.722    cnn_accelerator_system_i/mig_7series_0/u_cnn_accelerator_system_mig_7series_0_0_mig/u_memc_ui_top_axi/mem_intfc0/ddr_phy_top0/u_ddr_mc_phy_wrapper/u_ddr_mc_phy/ddr_phy_4lanes_0.u_ddr_phy_4lanes/ddr_byte_lane_A.ddr_byte_lane_A/ddr_byte_group_io/oserdes_clkdiv
    OLOGIC_X1Y53         OSERDESE2                                    r  cnn_accelerator_system_i/mig_7series_0/u_cnn_accelerator_system_mig_7series_0_0_mig/u_memc_ui_top_axi/mem_intfc0/ddr_phy_top0/u_ddr_mc_phy_wrapper/u_ddr_mc_phy/ddr_phy_4lanes_0.u_ddr_phy_4lanes/ddr_byte_lane_A.ddr_byte_lane_A/ddr_byte_group_io/output_[2].oserdes_dq_.sdr.oserdes_dq_i/CLKDIV
                         clock pessimism             -0.593     4.129    
    OLOGIC_X1Y53         OSERDESE2 (Hold_oserdese2_CLKDIV_D2)
                                                      0.019     4.148    cnn_accelerator_system_i/mig_7series_0/u_cnn_accelerator_system_mig_7series_0_0_mig/u_memc_ui_top_axi/mem_intfc0/ddr_phy_top0/u_ddr_mc_phy_wrapper/u_ddr_mc_phy/ddr_phy_4lanes_0.u_ddr_phy_4lanes/ddr_byte_lane_A.ddr_byte_lane_A/ddr_byte_group_io/output_[2].oserdes_dq_.sdr.oserdes_dq_i
  -------------------------------------------------------------------
                         required time                         -4.148    
                         arrival time                           4.239    
  -------------------------------------------------------------------
                         slack                                  0.090    





Pulse Width Checks
--------------------------------------------------------------------------------------
Clock Name:         oserdes_clkdiv
Waveform(ns):       { 0.000 6.154 }
Period(ns):         12.308
Sources:            { cnn_accelerator_system_i/mig_7series_0/u_cnn_accelerator_system_mig_7series_0_0_mig/u_memc_ui_top_axi/mem_intfc0/ddr_phy_top0/u_ddr_mc_phy_wrapper/u_ddr_mc_phy/ddr_phy_4lanes_0.u_ddr_phy_4lanes/ddr_byte_lane_A.ddr_byte_lane_A/phaser_out/OCLKDIV }

Check Type        Corner  Lib Pin         Reference Pin  Required(ns)  Actual(ns)  Slack(ns)  Location       Pin
Min Period        n/a     OUT_FIFO/RDCLK  n/a            5.000         12.308      7.308      OUT_FIFO_X1Y4  cnn_accelerator_system_i/mig_7series_0/u_cnn_accelerator_system_mig_7series_0_0_mig/u_memc_ui_top_axi/mem_intfc0/ddr_phy_top0/u_ddr_mc_phy_wrapper/u_ddr_mc_phy/ddr_phy_4lanes_0.u_ddr_phy_4lanes/ddr_byte_lane_A.ddr_byte_lane_A/out_fifo/RDCLK
Low Pulse Width   Slow    OUT_FIFO/RDCLK  n/a            2.150         6.154       4.004      OUT_FIFO_X1Y4  cnn_accelerator_system_i/mig_7series_0/u_cnn_accelerator_system_mig_7series_0_0_mig/u_memc_ui_top_axi/mem_intfc0/ddr_phy_top0/u_ddr_mc_phy_wrapper/u_ddr_mc_phy/ddr_phy_4lanes_0.u_ddr_phy_4lanes/ddr_byte_lane_A.ddr_byte_lane_A/out_fifo/RDCLK
High Pulse Width  Slow    OUT_FIFO/RDCLK  n/a            2.150         6.154       4.004      OUT_FIFO_X1Y4  cnn_accelerator_system_i/mig_7series_0/u_cnn_accelerator_system_mig_7series_0_0_mig/u_memc_ui_top_axi/mem_intfc0/ddr_phy_top0/u_ddr_mc_phy_wrapper/u_ddr_mc_phy/ddr_phy_4lanes_0.u_ddr_phy_4lanes/ddr_byte_lane_A.ddr_byte_lane_A/out_fifo/RDCLK



---------------------------------------------------------------------------------------------------
From Clock:  oserdes_clk_1
  To Clock:  oserdes_clk_1

Setup :           NA  Failing Endpoints,  Worst Slack           NA  ,  Total Violation           NA
Hold  :           NA  Failing Endpoints,  Worst Slack           NA  ,  Total Violation           NA
PW    :            0  Failing Endpoints,  Worst Slack        1.410ns,  Total Violation        0.000ns
---------------------------------------------------------------------------------------------------


Pulse Width Checks
--------------------------------------------------------------------------------------
Clock Name:         oserdes_clk_1
Waveform(ns):       { 0.000 1.538 }
Period(ns):         3.077
Sources:            { cnn_accelerator_system_i/mig_7series_0/u_cnn_accelerator_system_mig_7series_0_0_mig/u_memc_ui_top_axi/mem_intfc0/ddr_phy_top0/u_ddr_mc_phy_wrapper/u_ddr_mc_phy/ddr_phy_4lanes_0.u_ddr_phy_4lanes/ddr_byte_lane_B.ddr_byte_lane_B/phaser_out/OCLK }

Check Type  Corner  Lib Pin        Reference Pin  Required(ns)  Actual(ns)  Slack(ns)  Location      Pin
Min Period  n/a     OSERDESE2/CLK  n/a            1.667         3.077       1.410      OLOGIC_X1Y63  cnn_accelerator_system_i/mig_7series_0/u_cnn_accelerator_system_mig_7series_0_0_mig/u_memc_ui_top_axi/mem_intfc0/ddr_phy_top0/u_ddr_mc_phy_wrapper/u_ddr_mc_phy/ddr_phy_4lanes_0.u_ddr_phy_4lanes/ddr_byte_lane_B.ddr_byte_lane_B/ddr_byte_group_io/output_[0].oserdes_dq_.sdr.oserdes_dq_i/CLK



---------------------------------------------------------------------------------------------------
From Clock:  oserdes_clkdiv_1
  To Clock:  oserdes_clkdiv_1

Setup :            0  Failing Endpoints,  Worst Slack       10.881ns,  Total Violation        0.000ns
Hold  :            0  Failing Endpoints,  Worst Slack        0.094ns,  Total Violation        0.000ns
PW    :            0  Failing Endpoints,  Worst Slack        4.004ns,  Total Violation        0.000ns
---------------------------------------------------------------------------------------------------


Max Delay Paths
--------------------------------------------------------------------------------------
Slack (MET) :             10.881ns  (required time - arrival time)
  Source:                 cnn_accelerator_system_i/mig_7series_0/u_cnn_accelerator_system_mig_7series_0_0_mig/u_memc_ui_top_axi/mem_intfc0/ddr_phy_top0/u_ddr_mc_phy_wrapper/u_ddr_mc_phy/ddr_phy_4lanes_0.u_ddr_phy_4lanes/ddr_byte_lane_B.ddr_byte_lane_B/out_fifo/RDCLK
                            (rising edge-triggered cell OUT_FIFO clocked by oserdes_clkdiv_1  {rise@0.000ns fall@6.154ns period=12.308ns})
  Destination:            cnn_accelerator_system_i/mig_7series_0/u_cnn_accelerator_system_mig_7series_0_0_mig/u_memc_ui_top_axi/mem_intfc0/ddr_phy_top0/u_ddr_mc_phy_wrapper/u_ddr_mc_phy/ddr_phy_4lanes_0.u_ddr_phy_4lanes/ddr_byte_lane_B.ddr_byte_lane_B/ddr_byte_group_io/output_[10].oserdes_dq_.sdr.oserdes_dq_i/D1
                            (rising edge-triggered cell OSERDESE2 clocked by oserdes_clkdiv_1  {rise@0.000ns fall@6.154ns period=12.308ns})
  Path Group:             oserdes_clkdiv_1
  Path Type:              Setup (Max at Slow Process Corner)
  Requirement:            12.308ns  (oserdes_clkdiv_1 rise@12.308ns - oserdes_clkdiv_1 rise@0.000ns)
  Data Path Delay:        1.142ns  (logic 0.674ns (59.003%)  route 0.468ns (40.996%))
  Logic Levels:           0  
  Clock Path Skew:        0.396ns (DCD - SCD + CPR)
    Destination Clock Delay (DCD):    8.582ns = ( 20.889 - 12.308 ) 
    Source Clock Delay      (SCD):    8.597ns
    Clock Pessimism Removal (CPR):    0.411ns
  Clock Uncertainty:      0.056ns  ((TSJ^2 + DJ^2)^1/2) / 2 + PE
    Total System Jitter     (TSJ):    0.071ns
    Discrete Jitter          (DJ):    0.087ns
    Phase Error              (PE):    0.000ns

    Location             Delay type                Incr(ns)  Path(ns)    Netlist Resource(s)
  -------------------------------------------------------------------    -------------------
                         (clock oserdes_clkdiv_1 rise edge)
                                                      0.000     0.000 r  
    E3                                                0.000     0.000 r  CLK100MHZ (IN)
                         net (fo=0)                   0.000     0.000    CLK100MHZ
    E3                   IBUF (Prop_ibuf_I_O)         1.482     1.482 r  CLK100MHZ_IBUF_inst/O
                         net (fo=1, routed)           2.025     3.506    cnn_accelerator_system_i/util_ds_buf_0/U0/BUFG_I[0]
    BUFGCTRL_X0Y16       BUFG (Prop_bufg_I_O)         0.096     3.602 r  cnn_accelerator_system_i/util_ds_buf_0/U0/USE_BUFG.GEN_BUFG[0].BUFG_U/O
                         net (fo=2, routed)           1.666     5.269    cnn_accelerator_system_i/mig_7series_0/u_cnn_accelerator_system_mig_7series_0_0_mig/u_ddr3_infrastructure/mmcm_clk
    PLLE2_ADV_X1Y1       PLLE2_ADV (Prop_plle2_adv_CLKIN1_CLKOUT1)
                                                      0.088     5.357 r  cnn_accelerator_system_i/mig_7series_0/u_cnn_accelerator_system_mig_7series_0_0_mig/u_ddr3_infrastructure/plle2_i/CLKOUT1
                         net (fo=7, routed)           0.603     5.960    cnn_accelerator_system_i/mig_7series_0/u_cnn_accelerator_system_mig_7series_0_0_mig/u_memc_ui_top_axi/mem_intfc0/ddr_phy_top0/u_ddr_mc_phy_wrapper/u_ddr_mc_phy/ddr_phy_4lanes_0.u_ddr_phy_4lanes/ddr_byte_lane_B.ddr_byte_lane_B/mem_refclk
    PHASER_OUT_PHY_X1Y5  PHASER_OUT_PHY (Prop_phaser_out_phy_MEMREFCLK_OCLK)
                                                      2.480     8.440 r  cnn_accelerator_system_i/mig_7series_0/u_cnn_accelerator_system_mig_7series_0_0_mig/u_memc_ui_top_axi/mem_intfc0/ddr_phy_top0/u_ddr_mc_phy_wrapper/u_ddr_mc_phy/ddr_phy_4lanes_0.u_ddr_phy_4lanes/ddr_byte_lane_B.ddr_byte_lane_B/phaser_out/OCLK
    PHASER_OUT_PHY_X1Y5  PHASER_OUT_PHY (Prop_phaser_out_phy_OCLK_OCLKDIV)
                                                      0.157     8.597 r  cnn_accelerator_system_i/mig_7series_0/u_cnn_accelerator_system_mig_7series_0_0_mig/u_memc_ui_top_axi/mem_intfc0/ddr_phy_top0/u_ddr_mc_phy_wrapper/u_ddr_mc_phy/ddr_phy_4lanes_0.u_ddr_phy_4lanes/ddr_byte_lane_B.ddr_byte_lane_B/phaser_out/OCLKDIV
                         net (fo=13, routed)          0.000     8.597    cnn_accelerator_system_i/mig_7series_0/u_cnn_accelerator_system_mig_7series_0_0_mig/u_memc_ui_top_axi/mem_intfc0/ddr_phy_top0/u_ddr_mc_phy_wrapper/u_ddr_mc_phy/ddr_phy_4lanes_0.u_ddr_phy_4lanes/ddr_byte_lane_B.ddr_byte_lane_B/oserdes_clkdiv
    OUT_FIFO_X1Y5        OUT_FIFO                                     r  cnn_accelerator_system_i/mig_7series_0/u_cnn_accelerator_system_mig_7series_0_0_mig/u_memc_ui_top_axi/mem_intfc0/ddr_phy_top0/u_ddr_mc_phy_wrapper/u_ddr_mc_phy/ddr_phy_4lanes_0.u_ddr_phy_4lanes/ddr_byte_lane_B.ddr_byte_lane_B/out_fifo/RDCLK
  -------------------------------------------------------------------    -------------------
    OUT_FIFO_X1Y5        OUT_FIFO (Prop_out_fifo_RDCLK_Q5[4])
                                                      0.674     9.271 r  cnn_accelerator_system_i/mig_7series_0/u_cnn_accelerator_system_mig_7series_0_0_mig/u_memc_ui_top_axi/mem_intfc0/ddr_phy_top0/u_ddr_mc_phy_wrapper/u_ddr_mc_phy/ddr_phy_4lanes_0.u_ddr_phy_4lanes/ddr_byte_lane_B.ddr_byte_lane_B/out_fifo/Q5[4]
                         net (fo=1, routed)           0.468     9.739    cnn_accelerator_system_i/mig_7series_0/u_cnn_accelerator_system_mig_7series_0_0_mig/u_memc_ui_top_axi/mem_intfc0/ddr_phy_top0/u_ddr_mc_phy_wrapper/u_ddr_mc_phy/ddr_phy_4lanes_0.u_ddr_phy_4lanes/ddr_byte_lane_B.ddr_byte_lane_B/ddr_byte_group_io/oserdes_dq[40]
    OLOGIC_X1Y69         OSERDESE2                                    r  cnn_accelerator_system_i/mig_7series_0/u_cnn_accelerator_system_mig_7series_0_0_mig/u_memc_ui_top_axi/mem_intfc0/ddr_phy_top0/u_ddr_mc_phy_wrapper/u_ddr_mc_phy/ddr_phy_4lanes_0.u_ddr_phy_4lanes/ddr_byte_lane_B.ddr_byte_lane_B/ddr_byte_group_io/output_[10].oserdes_dq_.sdr.oserdes_dq_i/D1
  -------------------------------------------------------------------    -------------------

                         (clock oserdes_clkdiv_1 rise edge)
                                                     12.308    12.308 r  
    E3                                                0.000    12.308 r  CLK100MHZ (IN)
                         net (fo=0)                   0.000    12.308    CLK100MHZ
    E3                   IBUF (Prop_ibuf_I_O)         1.411    13.719 r  CLK100MHZ_IBUF_inst/O
                         net (fo=1, routed)           1.920    15.639    cnn_accelerator_system_i/util_ds_buf_0/U0/BUFG_I[0]
    BUFGCTRL_X0Y16       BUFG (Prop_bufg_I_O)         0.091    15.730 r  cnn_accelerator_system_i/util_ds_buf_0/U0/USE_BUFG.GEN_BUFG[0].BUFG_U/O
                         net (fo=2, routed)           1.544    17.274    cnn_accelerator_system_i/mig_7series_0/u_cnn_accelerator_system_mig_7series_0_0_mig/u_ddr3_infrastructure/mmcm_clk
    PLLE2_ADV_X1Y1       PLLE2_ADV (Prop_plle2_adv_CLKIN1_CLKOUT1)
                                                      0.083    17.357 r  cnn_accelerator_system_i/mig_7series_0/u_cnn_accelerator_system_mig_7series_0_0_mig/u_ddr3_infrastructure/plle2_i/CLKOUT1
                         net (fo=7, routed)           0.572    17.929    cnn_accelerator_system_i/mig_7series_0/u_cnn_accelerator_system_mig_7series_0_0_mig/u_memc_ui_top_axi/mem_intfc0/ddr_phy_top0/u_ddr_mc_phy_wrapper/u_ddr_mc_phy/ddr_phy_4lanes_0.u_ddr_phy_4lanes/ddr_byte_lane_B.ddr_byte_lane_B/mem_refclk
    PHASER_OUT_PHY_X1Y5  PHASER_OUT_PHY (Prop_phaser_out_phy_MEMREFCLK_OCLK)
                                                      2.416    20.345 r  cnn_accelerator_system_i/mig_7series_0/u_cnn_accelerator_system_mig_7series_0_0_mig/u_memc_ui_top_axi/mem_intfc0/ddr_phy_top0/u_ddr_mc_phy_wrapper/u_ddr_mc_phy/ddr_phy_4lanes_0.u_ddr_phy_4lanes/ddr_byte_lane_B.ddr_byte_lane_B/phaser_out/OCLK
    PHASER_OUT_PHY_X1Y5  PHASER_OUT_PHY (Prop_phaser_out_phy_OCLK_OCLKDIV)
                                                      0.148    20.493 r  cnn_accelerator_system_i/mig_7series_0/u_cnn_accelerator_system_mig_7series_0_0_mig/u_memc_ui_top_axi/mem_intfc0/ddr_phy_top0/u_ddr_mc_phy_wrapper/u_ddr_mc_phy/ddr_phy_4lanes_0.u_ddr_phy_4lanes/ddr_byte_lane_B.ddr_byte_lane_B/phaser_out/OCLKDIV
                         net (fo=13, routed)          0.396    20.889    cnn_accelerator_system_i/mig_7series_0/u_cnn_accelerator_system_mig_7series_0_0_mig/u_memc_ui_top_axi/mem_intfc0/ddr_phy_top0/u_ddr_mc_phy_wrapper/u_ddr_mc_phy/ddr_phy_4lanes_0.u_ddr_phy_4lanes/ddr_byte_lane_B.ddr_byte_lane_B/ddr_byte_group_io/oserdes_clkdiv
    OLOGIC_X1Y69         OSERDESE2                                    r  cnn_accelerator_system_i/mig_7series_0/u_cnn_accelerator_system_mig_7series_0_0_mig/u_memc_ui_top_axi/mem_intfc0/ddr_phy_top0/u_ddr_mc_phy_wrapper/u_ddr_mc_phy/ddr_phy_4lanes_0.u_ddr_phy_4lanes/ddr_byte_lane_B.ddr_byte_lane_B/ddr_byte_group_io/output_[10].oserdes_dq_.sdr.oserdes_dq_i/CLKDIV
                         clock pessimism              0.411    21.300    
                         clock uncertainty           -0.056    21.245    
    OLOGIC_X1Y69         OSERDESE2 (Setup_oserdese2_CLKDIV_D1)
                                                     -0.625    20.620    cnn_accelerator_system_i/mig_7series_0/u_cnn_accelerator_system_mig_7series_0_0_mig/u_memc_ui_top_axi/mem_intfc0/ddr_phy_top0/u_ddr_mc_phy_wrapper/u_ddr_mc_phy/ddr_phy_4lanes_0.u_ddr_phy_4lanes/ddr_byte_lane_B.ddr_byte_lane_B/ddr_byte_group_io/output_[10].oserdes_dq_.sdr.oserdes_dq_i
  -------------------------------------------------------------------
                         required time                         20.620    
                         arrival time                          -9.739    
  -------------------------------------------------------------------
                         slack                                 10.881    





Min Delay Paths
--------------------------------------------------------------------------------------
Slack (MET) :             0.094ns  (arrival time - required time)
  Source:                 cnn_accelerator_system_i/mig_7series_0/u_cnn_accelerator_system_mig_7series_0_0_mig/u_memc_ui_top_axi/mem_intfc0/ddr_phy_top0/u_ddr_mc_phy_wrapper/u_ddr_mc_phy/ddr_phy_4lanes_0.u_ddr_phy_4lanes/ddr_byte_lane_B.ddr_byte_lane_B/out_fifo/RDCLK
                            (rising edge-triggered cell OUT_FIFO clocked by oserdes_clkdiv_1  {rise@0.000ns fall@6.154ns period=12.308ns})
  Destination:            cnn_accelerator_system_i/mig_7series_0/u_cnn_accelerator_system_mig_7series_0_0_mig/u_memc_ui_top_axi/mem_intfc0/ddr_phy_top0/u_ddr_mc_phy_wrapper/u_ddr_mc_phy/ddr_phy_4lanes_0.u_ddr_phy_4lanes/ddr_byte_lane_B.ddr_byte_lane_B/ddr_byte_group_io/output_[2].oserdes_dq_.sdr.oserdes_dq_i/D2
                            (rising edge-triggered cell OSERDESE2 clocked by oserdes_clkdiv_1  {rise@0.000ns fall@6.154ns period=12.308ns})
  Path Group:             oserdes_clkdiv_1
  Path Type:              Hold (Min at Fast Process Corner)
  Requirement:            0.000ns  (oserdes_clkdiv_1 rise@0.000ns - oserdes_clkdiv_1 rise@0.000ns)
  Data Path Delay:        0.288ns  (logic 0.138ns (47.866%)  route 0.150ns (52.134%))
  Logic Levels:           0  
  Clock Path Skew:        0.175ns (DCD - SCD - CPR)
    Destination Clock Delay (DCD):    4.709ns
    Source Clock Delay      (SCD):    3.943ns
    Clock Pessimism Removal (CPR):    0.591ns

    Location             Delay type                Incr(ns)  Path(ns)    Netlist Resource(s)
  -------------------------------------------------------------------    -------------------
                         (clock oserdes_clkdiv_1 rise edge)
                                                      0.000     0.000 r  
    E3                                                0.000     0.000 r  CLK100MHZ (IN)
                         net (fo=0)                   0.000     0.000    CLK100MHZ
    E3                   IBUF (Prop_ibuf_I_O)         0.250     0.250 r  CLK100MHZ_IBUF_inst/O
                         net (fo=1, routed)           0.644     0.894    cnn_accelerator_system_i/util_ds_buf_0/U0/BUFG_I[0]
    BUFGCTRL_X0Y16       BUFG (Prop_bufg_I_O)         0.026     0.920 r  cnn_accelerator_system_i/util_ds_buf_0/U0/USE_BUFG.GEN_BUFG[0].BUFG_U/O
                         net (fo=2, routed)           0.566     1.485    cnn_accelerator_system_i/mig_7series_0/u_cnn_accelerator_system_mig_7series_0_0_mig/u_ddr3_infrastructure/mmcm_clk
    PLLE2_ADV_X1Y1       PLLE2_ADV (Prop_plle2_adv_CLKIN1_CLKOUT1)
                                                      0.050     1.535 r  cnn_accelerator_system_i/mig_7series_0/u_cnn_accelerator_system_mig_7series_0_0_mig/u_ddr3_infrastructure/plle2_i/CLKOUT1
                         net (fo=7, routed)           0.190     1.725    cnn_accelerator_system_i/mig_7series_0/u_cnn_accelerator_system_mig_7series_0_0_mig/u_memc_ui_top_axi/mem_intfc0/ddr_phy_top0/u_ddr_mc_phy_wrapper/u_ddr_mc_phy/ddr_phy_4lanes_0.u_ddr_phy_4lanes/ddr_byte_lane_B.ddr_byte_lane_B/mem_refclk
    PHASER_OUT_PHY_X1Y5  PHASER_OUT_PHY (Prop_phaser_out_phy_MEMREFCLK_OCLK)
                                                      2.135     3.860 r  cnn_accelerator_system_i/mig_7series_0/u_cnn_accelerator_system_mig_7series_0_0_mig/u_memc_ui_top_axi/mem_intfc0/ddr_phy_top0/u_ddr_mc_phy_wrapper/u_ddr_mc_phy/ddr_phy_4lanes_0.u_ddr_phy_4lanes/ddr_byte_lane_B.ddr_byte_lane_B/phaser_out/OCLK
    PHASER_OUT_PHY_X1Y5  PHASER_OUT_PHY (Prop_phaser_out_phy_OCLK_OCLKDIV)
                                                      0.083     3.943 r  cnn_accelerator_system_i/mig_7series_0/u_cnn_accelerator_system_mig_7series_0_0_mig/u_memc_ui_top_axi/mem_intfc0/ddr_phy_top0/u_ddr_mc_phy_wrapper/u_ddr_mc_phy/ddr_phy_4lanes_0.u_ddr_phy_4lanes/ddr_byte_lane_B.ddr_byte_lane_B/phaser_out/OCLKDIV
                         net (fo=13, routed)          0.000     3.943    cnn_accelerator_system_i/mig_7series_0/u_cnn_accelerator_system_mig_7series_0_0_mig/u_memc_ui_top_axi/mem_intfc0/ddr_phy_top0/u_ddr_mc_phy_wrapper/u_ddr_mc_phy/ddr_phy_4lanes_0.u_ddr_phy_4lanes/ddr_byte_lane_B.ddr_byte_lane_B/oserdes_clkdiv
    OUT_FIFO_X1Y5        OUT_FIFO                                     r  cnn_accelerator_system_i/mig_7series_0/u_cnn_accelerator_system_mig_7series_0_0_mig/u_memc_ui_top_axi/mem_intfc0/ddr_phy_top0/u_ddr_mc_phy_wrapper/u_ddr_mc_phy/ddr_phy_4lanes_0.u_ddr_phy_4lanes/ddr_byte_lane_B.ddr_byte_lane_B/out_fifo/RDCLK
  -------------------------------------------------------------------    -------------------
    OUT_FIFO_X1Y5        OUT_FIFO (Prop_out_fifo_RDCLK_Q2[1])
                                                      0.138     4.081 r  cnn_accelerator_system_i/mig_7series_0/u_cnn_accelerator_system_mig_7series_0_0_mig/u_memc_ui_top_axi/mem_intfc0/ddr_phy_top0/u_ddr_mc_phy_wrapper/u_ddr_mc_phy/ddr_phy_4lanes_0.u_ddr_phy_4lanes/ddr_byte_lane_B.ddr_byte_lane_B/out_fifo/Q2[1]
                         net (fo=1, routed)           0.150     4.232    cnn_accelerator_system_i/mig_7series_0/u_cnn_accelerator_system_mig_7series_0_0_mig/u_memc_ui_top_axi/mem_intfc0/ddr_phy_top0/u_ddr_mc_phy_wrapper/u_ddr_mc_phy/ddr_phy_4lanes_0.u_ddr_phy_4lanes/ddr_byte_lane_B.ddr_byte_lane_B/ddr_byte_group_io/oserdes_dq[9]
    OLOGIC_X1Y65         OSERDESE2                                    r  cnn_accelerator_system_i/mig_7series_0/u_cnn_accelerator_system_mig_7series_0_0_mig/u_memc_ui_top_axi/mem_intfc0/ddr_phy_top0/u_ddr_mc_phy_wrapper/u_ddr_mc_phy/ddr_phy_4lanes_0.u_ddr_phy_4lanes/ddr_byte_lane_B.ddr_byte_lane_B/ddr_byte_group_io/output_[2].oserdes_dq_.sdr.oserdes_dq_i/D2
  -------------------------------------------------------------------    -------------------

                         (clock oserdes_clkdiv_1 rise edge)
                                                      0.000     0.000 r  
    E3                                                0.000     0.000 r  CLK100MHZ (IN)
                         net (fo=0)                   0.000     0.000    CLK100MHZ
    E3                   IBUF (Prop_ibuf_I_O)         0.438     0.438 r  CLK100MHZ_IBUF_inst/O
                         net (fo=1, routed)           0.699     1.136    cnn_accelerator_system_i/util_ds_buf_0/U0/BUFG_I[0]
    BUFGCTRL_X0Y16       BUFG (Prop_bufg_I_O)         0.029     1.165 r  cnn_accelerator_system_i/util_ds_buf_0/U0/USE_BUFG.GEN_BUFG[0].BUFG_U/O
                         net (fo=2, routed)           0.835     2.000    cnn_accelerator_system_i/mig_7series_0/u_cnn_accelerator_system_mig_7series_0_0_mig/u_ddr3_infrastructure/mmcm_clk
    PLLE2_ADV_X1Y1       PLLE2_ADV (Prop_plle2_adv_CLKIN1_CLKOUT1)
                                                      0.053     2.053 r  cnn_accelerator_system_i/mig_7series_0/u_cnn_accelerator_system_mig_7series_0_0_mig/u_ddr3_infrastructure/plle2_i/CLKOUT1
                         net (fo=7, routed)           0.209     2.262    cnn_accelerator_system_i/mig_7series_0/u_cnn_accelerator_system_mig_7series_0_0_mig/u_memc_ui_top_axi/mem_intfc0/ddr_phy_top0/u_ddr_mc_phy_wrapper/u_ddr_mc_phy/ddr_phy_4lanes_0.u_ddr_phy_4lanes/ddr_byte_lane_B.ddr_byte_lane_B/mem_refclk
    PHASER_OUT_PHY_X1Y5  PHASER_OUT_PHY (Prop_phaser_out_phy_MEMREFCLK_OCLK)
                                                      2.184     4.446 r  cnn_accelerator_system_i/mig_7series_0/u_cnn_accelerator_system_mig_7series_0_0_mig/u_memc_ui_top_axi/mem_intfc0/ddr_phy_top0/u_ddr_mc_phy_wrapper/u_ddr_mc_phy/ddr_phy_4lanes_0.u_ddr_phy_4lanes/ddr_byte_lane_B.ddr_byte_lane_B/phaser_out/OCLK
    PHASER_OUT_PHY_X1Y5  PHASER_OUT_PHY (Prop_phaser_out_phy_OCLK_OCLKDIV)
                                                      0.088     4.534 r  cnn_accelerator_system_i/mig_7series_0/u_cnn_accelerator_system_mig_7series_0_0_mig/u_memc_ui_top_axi/mem_intfc0/ddr_phy_top0/u_ddr_mc_phy_wrapper/u_ddr_mc_phy/ddr_phy_4lanes_0.u_ddr_phy_4lanes/ddr_byte_lane_B.ddr_byte_lane_B/phaser_out/OCLKDIV
                         net (fo=13, routed)          0.175     4.709    cnn_accelerator_system_i/mig_7series_0/u_cnn_accelerator_system_mig_7series_0_0_mig/u_memc_ui_top_axi/mem_intfc0/ddr_phy_top0/u_ddr_mc_phy_wrapper/u_ddr_mc_phy/ddr_phy_4lanes_0.u_ddr_phy_4lanes/ddr_byte_lane_B.ddr_byte_lane_B/ddr_byte_group_io/oserdes_clkdiv
    OLOGIC_X1Y65         OSERDESE2                                    r  cnn_accelerator_system_i/mig_7series_0/u_cnn_accelerator_system_mig_7series_0_0_mig/u_memc_ui_top_axi/mem_intfc0/ddr_phy_top0/u_ddr_mc_phy_wrapper/u_ddr_mc_phy/ddr_phy_4lanes_0.u_ddr_phy_4lanes/ddr_byte_lane_B.ddr_byte_lane_B/ddr_byte_group_io/output_[2].oserdes_dq_.sdr.oserdes_dq_i/CLKDIV
                         clock pessimism             -0.591     4.118    
    OLOGIC_X1Y65         OSERDESE2 (Hold_oserdese2_CLKDIV_D2)
                                                      0.019     4.137    cnn_accelerator_system_i/mig_7series_0/u_cnn_accelerator_system_mig_7series_0_0_mig/u_memc_ui_top_axi/mem_intfc0/ddr_phy_top0/u_ddr_mc_phy_wrapper/u_ddr_mc_phy/ddr_phy_4lanes_0.u_ddr_phy_4lanes/ddr_byte_lane_B.ddr_byte_lane_B/ddr_byte_group_io/output_[2].oserdes_dq_.sdr.oserdes_dq_i
  -------------------------------------------------------------------
                         required time                         -4.137    
                         arrival time                           4.232    
  -------------------------------------------------------------------
                         slack                                  0.094    





Pulse Width Checks
--------------------------------------------------------------------------------------
Clock Name:         oserdes_clkdiv_1
Waveform(ns):       { 0.000 6.154 }
Period(ns):         12.308
Sources:            { cnn_accelerator_system_i/mig_7series_0/u_cnn_accelerator_system_mig_7series_0_0_mig/u_memc_ui_top_axi/mem_intfc0/ddr_phy_top0/u_ddr_mc_phy_wrapper/u_ddr_mc_phy/ddr_phy_4lanes_0.u_ddr_phy_4lanes/ddr_byte_lane_B.ddr_byte_lane_B/phaser_out/OCLKDIV }

Check Type        Corner  Lib Pin         Reference Pin  Required(ns)  Actual(ns)  Slack(ns)  Location       Pin
Min Period        n/a     OUT_FIFO/RDCLK  n/a            5.000         12.308      7.308      OUT_FIFO_X1Y5  cnn_accelerator_system_i/mig_7series_0/u_cnn_accelerator_system_mig_7series_0_0_mig/u_memc_ui_top_axi/mem_intfc0/ddr_phy_top0/u_ddr_mc_phy_wrapper/u_ddr_mc_phy/ddr_phy_4lanes_0.u_ddr_phy_4lanes/ddr_byte_lane_B.ddr_byte_lane_B/out_fifo/RDCLK
Low Pulse Width   Slow    OUT_FIFO/RDCLK  n/a            2.150         6.154       4.004      OUT_FIFO_X1Y5  cnn_accelerator_system_i/mig_7series_0/u_cnn_accelerator_system_mig_7series_0_0_mig/u_memc_ui_top_axi/mem_intfc0/ddr_phy_top0/u_ddr_mc_phy_wrapper/u_ddr_mc_phy/ddr_phy_4lanes_0.u_ddr_phy_4lanes/ddr_byte_lane_B.ddr_byte_lane_B/out_fifo/RDCLK
High Pulse Width  Slow    OUT_FIFO/RDCLK  n/a            2.150         6.154       4.004      OUT_FIFO_X1Y5  cnn_accelerator_system_i/mig_7series_0/u_cnn_accelerator_system_mig_7series_0_0_mig/u_memc_ui_top_axi/mem_intfc0/ddr_phy_top0/u_ddr_mc_phy_wrapper/u_ddr_mc_phy/ddr_phy_4lanes_0.u_ddr_phy_4lanes/ddr_byte_lane_B.ddr_byte_lane_B/out_fifo/RDCLK



---------------------------------------------------------------------------------------------------
From Clock:  oserdes_clk_2
  To Clock:  oserdes_clk_2

Setup :            0  Failing Endpoints,  Worst Slack        1.499ns,  Total Violation        0.000ns
Hold  :            0  Failing Endpoints,  Worst Slack        0.413ns,  Total Violation        0.000ns
PW    :            0  Failing Endpoints,  Worst Slack        1.410ns,  Total Violation        0.000ns
---------------------------------------------------------------------------------------------------


Max Delay Paths
--------------------------------------------------------------------------------------
Slack (MET) :             1.499ns  (required time - arrival time)
  Source:                 cnn_accelerator_system_i/mig_7series_0/u_cnn_accelerator_system_mig_7series_0_0_mig/u_memc_ui_top_axi/mem_intfc0/ddr_phy_top0/u_ddr_mc_phy_wrapper/u_ddr_mc_phy/ddr_phy_4lanes_0.u_ddr_phy_4lanes/ddr_byte_lane_C.ddr_byte_lane_C/phaser_out/OCLKDELAYED
                            (rising edge-triggered cell PHASER_OUT_PHY clocked by oserdes_clk_2  {rise@0.000ns fall@1.538ns period=3.077ns})
  Destination:            cnn_accelerator_system_i/mig_7series_0/u_cnn_accelerator_system_mig_7series_0_0_mig/u_memc_ui_top_axi/mem_intfc0/ddr_phy_top0/u_ddr_mc_phy_wrapper/u_ddr_mc_phy/ddr_phy_4lanes_0.u_ddr_phy_4lanes/ddr_byte_lane_C.ddr_byte_lane_C/ddr_byte_group_io/dqs_gen.oddr_dqsts/D1
                            (rising edge-triggered cell ODDR clocked by oserdes_clk_2  {rise@0.000ns fall@1.538ns period=3.077ns})
  Path Group:             oserdes_clk_2
  Path Type:              Setup (Max at Slow Process Corner)
  Requirement:            3.077ns  (oserdes_clk_2 rise@3.077ns - oserdes_clk_2 rise@0.000ns)
  Data Path Delay:        1.037ns  (logic 0.562ns (54.177%)  route 0.475ns (45.823%))
  Logic Levels:           0  
  Clock Path Skew:        0.400ns (DCD - SCD + CPR)
    Destination Clock Delay (DCD):    9.202ns = ( 12.279 - 3.077 ) 
    Source Clock Delay      (SCD):    9.251ns
    Clock Pessimism Removal (CPR):    0.449ns
  Clock Uncertainty:      0.056ns  ((TSJ^2 + DJ^2)^1/2) / 2 + PE
    Total System Jitter     (TSJ):    0.071ns
    Discrete Jitter          (DJ):    0.087ns
    Phase Error              (PE):    0.000ns

    Location             Delay type                Incr(ns)  Path(ns)    Netlist Resource(s)
  -------------------------------------------------------------------    -------------------
                         (clock oserdes_clk_2 rise edge)
                                                      0.000     0.000 r  
    E3                                                0.000     0.000 r  CLK100MHZ (IN)
                         net (fo=0)                   0.000     0.000    CLK100MHZ
    E3                   IBUF (Prop_ibuf_I_O)         1.482     1.482 r  CLK100MHZ_IBUF_inst/O
                         net (fo=1, routed)           2.025     3.506    cnn_accelerator_system_i/util_ds_buf_0/U0/BUFG_I[0]
    BUFGCTRL_X0Y16       BUFG (Prop_bufg_I_O)         0.096     3.602 r  cnn_accelerator_system_i/util_ds_buf_0/U0/USE_BUFG.GEN_BUFG[0].BUFG_U/O
                         net (fo=2, routed)           1.666     5.269    cnn_accelerator_system_i/mig_7series_0/u_cnn_accelerator_system_mig_7series_0_0_mig/u_ddr3_infrastructure/mmcm_clk
    PLLE2_ADV_X1Y1       PLLE2_ADV (Prop_plle2_adv_CLKIN1_CLKOUT1)
                                                      0.088     5.357 r  cnn_accelerator_system_i/mig_7series_0/u_cnn_accelerator_system_mig_7series_0_0_mig/u_ddr3_infrastructure/plle2_i/CLKOUT1
                         net (fo=7, routed)           0.614     5.971    cnn_accelerator_system_i/mig_7series_0/u_cnn_accelerator_system_mig_7series_0_0_mig/u_memc_ui_top_axi/mem_intfc0/ddr_phy_top0/u_ddr_mc_phy_wrapper/u_ddr_mc_phy/ddr_phy_4lanes_0.u_ddr_phy_4lanes/ddr_byte_lane_C.ddr_byte_lane_C/mem_refclk
    PHASER_OUT_PHY_X1Y6  PHASER_OUT_PHY (Prop_phaser_out_phy_MEMREFCLK_OCLK)
                                                      2.480     8.451 r  cnn_accelerator_system_i/mig_7series_0/u_cnn_accelerator_system_mig_7series_0_0_mig/u_memc_ui_top_axi/mem_intfc0/ddr_phy_top0/u_ddr_mc_phy_wrapper/u_ddr_mc_phy/ddr_phy_4lanes_0.u_ddr_phy_4lanes/ddr_byte_lane_C.ddr_byte_lane_C/phaser_out/OCLK
    PHASER_OUT_PHY_X1Y6  PHASER_OUT_PHY (Prop_phaser_out_phy_OCLK_OCLKDELAYED)
                                                      0.800     9.251 r  cnn_accelerator_system_i/mig_7series_0/u_cnn_accelerator_system_mig_7series_0_0_mig/u_memc_ui_top_axi/mem_intfc0/ddr_phy_top0/u_ddr_mc_phy_wrapper/u_ddr_mc_phy/ddr_phy_4lanes_0.u_ddr_phy_4lanes/ddr_byte_lane_C.ddr_byte_lane_C/phaser_out/OCLKDELAYED
  -------------------------------------------------------------------    -------------------
    PHASER_OUT_PHY_X1Y6  PHASER_OUT_PHY (Prop_phaser_out_phy_OCLKDELAYED_CTSBUS[0])
                                                      0.562     9.813 r  cnn_accelerator_system_i/mig_7series_0/u_cnn_accelerator_system_mig_7series_0_0_mig/u_memc_ui_top_axi/mem_intfc0/ddr_phy_top0/u_ddr_mc_phy_wrapper/u_ddr_mc_phy/ddr_phy_4lanes_0.u_ddr_phy_4lanes/ddr_byte_lane_C.ddr_byte_lane_C/phaser_out/CTSBUS[0]
                         net (fo=2, routed)           0.475    10.288    cnn_accelerator_system_i/mig_7series_0/u_cnn_accelerator_system_mig_7series_0_0_mig/u_memc_ui_top_axi/mem_intfc0/ddr_phy_top0/u_ddr_mc_phy_wrapper/u_ddr_mc_phy/ddr_phy_4lanes_0.u_ddr_phy_4lanes/ddr_byte_lane_C.ddr_byte_lane_C/ddr_byte_group_io/CTSBUS[0]
    OLOGIC_X1Y82         ODDR                                         r  cnn_accelerator_system_i/mig_7series_0/u_cnn_accelerator_system_mig_7series_0_0_mig/u_memc_ui_top_axi/mem_intfc0/ddr_phy_top0/u_ddr_mc_phy_wrapper/u_ddr_mc_phy/ddr_phy_4lanes_0.u_ddr_phy_4lanes/ddr_byte_lane_C.ddr_byte_lane_C/ddr_byte_group_io/dqs_gen.oddr_dqsts/D1
  -------------------------------------------------------------------    -------------------

                         (clock oserdes_clk_2 rise edge)
                                                      3.077     3.077 r  
    E3                                                0.000     3.077 r  CLK100MHZ (IN)
                         net (fo=0)                   0.000     3.077    CLK100MHZ
    E3                   IBUF (Prop_ibuf_I_O)         1.411     4.488 r  CLK100MHZ_IBUF_inst/O
                         net (fo=1, routed)           1.920     6.408    cnn_accelerator_system_i/util_ds_buf_0/U0/BUFG_I[0]
    BUFGCTRL_X0Y16       BUFG (Prop_bufg_I_O)         0.091     6.499 r  cnn_accelerator_system_i/util_ds_buf_0/U0/USE_BUFG.GEN_BUFG[0].BUFG_U/O
                         net (fo=2, routed)           1.544     8.044    cnn_accelerator_system_i/mig_7series_0/u_cnn_accelerator_system_mig_7series_0_0_mig/u_ddr3_infrastructure/mmcm_clk
    PLLE2_ADV_X1Y1       PLLE2_ADV (Prop_plle2_adv_CLKIN1_CLKOUT1)
                                                      0.083     8.127 r  cnn_accelerator_system_i/mig_7series_0/u_cnn_accelerator_system_mig_7series_0_0_mig/u_ddr3_infrastructure/plle2_i/CLKOUT1
                         net (fo=7, routed)           0.582     8.709    cnn_accelerator_system_i/mig_7series_0/u_cnn_accelerator_system_mig_7series_0_0_mig/u_memc_ui_top_axi/mem_intfc0/ddr_phy_top0/u_ddr_mc_phy_wrapper/u_ddr_mc_phy/ddr_phy_4lanes_0.u_ddr_phy_4lanes/ddr_byte_lane_C.ddr_byte_lane_C/mem_refclk
    PHASER_OUT_PHY_X1Y6  PHASER_OUT_PHY (Prop_phaser_out_phy_MEMREFCLK_OCLK)
                                                      2.416    11.124 r  cnn_accelerator_system_i/mig_7series_0/u_cnn_accelerator_system_mig_7series_0_0_mig/u_memc_ui_top_axi/mem_intfc0/ddr_phy_top0/u_ddr_mc_phy_wrapper/u_ddr_mc_phy/ddr_phy_4lanes_0.u_ddr_phy_4lanes/ddr_byte_lane_C.ddr_byte_lane_C/phaser_out/OCLK
    PHASER_OUT_PHY_X1Y6  PHASER_OUT_PHY (Prop_phaser_out_phy_OCLK_OCLKDELAYED)
                                                      0.754    11.879 r  cnn_accelerator_system_i/mig_7series_0/u_cnn_accelerator_system_mig_7series_0_0_mig/u_memc_ui_top_axi/mem_intfc0/ddr_phy_top0/u_ddr_mc_phy_wrapper/u_ddr_mc_phy/ddr_phy_4lanes_0.u_ddr_phy_4lanes/ddr_byte_lane_C.ddr_byte_lane_C/phaser_out/OCLKDELAYED
                         net (fo=2, routed)           0.400    12.279    cnn_accelerator_system_i/mig_7series_0/u_cnn_accelerator_system_mig_7series_0_0_mig/u_memc_ui_top_axi/mem_intfc0/ddr_phy_top0/u_ddr_mc_phy_wrapper/u_ddr_mc_phy/ddr_phy_4lanes_0.u_ddr_phy_4lanes/ddr_byte_lane_C.ddr_byte_lane_C/ddr_byte_group_io/oserdes_clk_delayed
    OLOGIC_X1Y82         ODDR                                         r  cnn_accelerator_system_i/mig_7series_0/u_cnn_accelerator_system_mig_7series_0_0_mig/u_memc_ui_top_axi/mem_intfc0/ddr_phy_top0/u_ddr_mc_phy_wrapper/u_ddr_mc_phy/ddr_phy_4lanes_0.u_ddr_phy_4lanes/ddr_byte_lane_C.ddr_byte_lane_C/ddr_byte_group_io/dqs_gen.oddr_dqsts/C
                         clock pessimism              0.449    12.728    
                         clock uncertainty           -0.056    12.672    
    OLOGIC_X1Y82         ODDR (Setup_oddr_C_D1)      -0.885    11.787    cnn_accelerator_system_i/mig_7series_0/u_cnn_accelerator_system_mig_7series_0_0_mig/u_memc_ui_top_axi/mem_intfc0/ddr_phy_top0/u_ddr_mc_phy_wrapper/u_ddr_mc_phy/ddr_phy_4lanes_0.u_ddr_phy_4lanes/ddr_byte_lane_C.ddr_byte_lane_C/ddr_byte_group_io/dqs_gen.oddr_dqsts
  -------------------------------------------------------------------
                         required time                         11.787    
                         arrival time                         -10.288    
  -------------------------------------------------------------------
                         slack                                  1.499    





Min Delay Paths
--------------------------------------------------------------------------------------
Slack (MET) :             0.413ns  (arrival time - required time)
  Source:                 cnn_accelerator_system_i/mig_7series_0/u_cnn_accelerator_system_mig_7series_0_0_mig/u_memc_ui_top_axi/mem_intfc0/ddr_phy_top0/u_ddr_mc_phy_wrapper/u_ddr_mc_phy/ddr_phy_4lanes_0.u_ddr_phy_4lanes/ddr_byte_lane_C.ddr_byte_lane_C/phaser_out/OCLKDELAYED
                            (rising edge-triggered cell PHASER_OUT_PHY clocked by oserdes_clk_2  {rise@0.000ns fall@1.538ns period=3.077ns})
  Destination:            cnn_accelerator_system_i/mig_7series_0/u_cnn_accelerator_system_mig_7series_0_0_mig/u_memc_ui_top_axi/mem_intfc0/ddr_phy_top0/u_ddr_mc_phy_wrapper/u_ddr_mc_phy/ddr_phy_4lanes_0.u_ddr_phy_4lanes/ddr_byte_lane_C.ddr_byte_lane_C/ddr_byte_group_io/dqs_gen.oddr_dqs/D2
                            (rising edge-triggered cell ODDR clocked by oserdes_clk_2  {rise@0.000ns fall@1.538ns period=3.077ns})
  Path Group:             oserdes_clk_2
  Path Type:              Hold (Min at Fast Process Corner)
  Requirement:            0.000ns  (oserdes_clk_2 rise@0.000ns - oserdes_clk_2 rise@0.000ns)
  Data Path Delay:        0.496ns  (logic 0.346ns (69.715%)  route 0.150ns (30.285%))
  Logic Levels:           0  
  Clock Path Skew:        0.176ns (DCD - SCD - CPR)
    Destination Clock Delay (DCD):    5.316ns
    Source Clock Delay      (SCD):    4.512ns
    Clock Pessimism Removal (CPR):    0.628ns

    Location             Delay type                Incr(ns)  Path(ns)    Netlist Resource(s)
  -------------------------------------------------------------------    -------------------
                         (clock oserdes_clk_2 rise edge)
                                                      0.000     0.000 r  
    E3                                                0.000     0.000 r  CLK100MHZ (IN)
                         net (fo=0)                   0.000     0.000    CLK100MHZ
    E3                   IBUF (Prop_ibuf_I_O)         0.250     0.250 r  CLK100MHZ_IBUF_inst/O
                         net (fo=1, routed)           0.644     0.894    cnn_accelerator_system_i/util_ds_buf_0/U0/BUFG_I[0]
    BUFGCTRL_X0Y16       BUFG (Prop_bufg_I_O)         0.026     0.920 r  cnn_accelerator_system_i/util_ds_buf_0/U0/USE_BUFG.GEN_BUFG[0].BUFG_U/O
                         net (fo=2, routed)           0.566     1.485    cnn_accelerator_system_i/mig_7series_0/u_cnn_accelerator_system_mig_7series_0_0_mig/u_ddr3_infrastructure/mmcm_clk
    PLLE2_ADV_X1Y1       PLLE2_ADV (Prop_plle2_adv_CLKIN1_CLKOUT1)
                                                      0.050     1.535 r  cnn_accelerator_system_i/mig_7series_0/u_cnn_accelerator_system_mig_7series_0_0_mig/u_ddr3_infrastructure/plle2_i/CLKOUT1
                         net (fo=7, routed)           0.197     1.732    cnn_accelerator_system_i/mig_7series_0/u_cnn_accelerator_system_mig_7series_0_0_mig/u_memc_ui_top_axi/mem_intfc0/ddr_phy_top0/u_ddr_mc_phy_wrapper/u_ddr_mc_phy/ddr_phy_4lanes_0.u_ddr_phy_4lanes/ddr_byte_lane_C.ddr_byte_lane_C/mem_refclk
    PHASER_OUT_PHY_X1Y6  PHASER_OUT_PHY (Prop_phaser_out_phy_MEMREFCLK_OCLK)
                                                      2.135     3.867 r  cnn_accelerator_system_i/mig_7series_0/u_cnn_accelerator_system_mig_7series_0_0_mig/u_memc_ui_top_axi/mem_intfc0/ddr_phy_top0/u_ddr_mc_phy_wrapper/u_ddr_mc_phy/ddr_phy_4lanes_0.u_ddr_phy_4lanes/ddr_byte_lane_C.ddr_byte_lane_C/phaser_out/OCLK
    PHASER_OUT_PHY_X1Y6  PHASER_OUT_PHY (Prop_phaser_out_phy_OCLK_OCLKDELAYED)
                                                      0.645     4.512 r  cnn_accelerator_system_i/mig_7series_0/u_cnn_accelerator_system_mig_7series_0_0_mig/u_memc_ui_top_axi/mem_intfc0/ddr_phy_top0/u_ddr_mc_phy_wrapper/u_ddr_mc_phy/ddr_phy_4lanes_0.u_ddr_phy_4lanes/ddr_byte_lane_C.ddr_byte_lane_C/phaser_out/OCLKDELAYED
  -------------------------------------------------------------------    -------------------
    PHASER_OUT_PHY_X1Y6  PHASER_OUT_PHY (Prop_phaser_out_phy_OCLKDELAYED_DQSBUS[1])
                                                      0.346     4.858 r  cnn_accelerator_system_i/mig_7series_0/u_cnn_accelerator_system_mig_7series_0_0_mig/u_memc_ui_top_axi/mem_intfc0/ddr_phy_top0/u_ddr_mc_phy_wrapper/u_ddr_mc_phy/ddr_phy_4lanes_0.u_ddr_phy_4lanes/ddr_byte_lane_C.ddr_byte_lane_C/phaser_out/DQSBUS[1]
                         net (fo=1, routed)           0.150     5.008    cnn_accelerator_system_i/mig_7series_0/u_cnn_accelerator_system_mig_7series_0_0_mig/u_memc_ui_top_axi/mem_intfc0/ddr_phy_top0/u_ddr_mc_phy_wrapper/u_ddr_mc_phy/ddr_phy_4lanes_0.u_ddr_phy_4lanes/ddr_byte_lane_C.ddr_byte_lane_C/ddr_byte_group_io/DQSBUS[1]
    OLOGIC_X1Y82         ODDR                                         r  cnn_accelerator_system_i/mig_7series_0/u_cnn_accelerator_system_mig_7series_0_0_mig/u_memc_ui_top_axi/mem_intfc0/ddr_phy_top0/u_ddr_mc_phy_wrapper/u_ddr_mc_phy/ddr_phy_4lanes_0.u_ddr_phy_4lanes/ddr_byte_lane_C.ddr_byte_lane_C/ddr_byte_group_io/dqs_gen.oddr_dqs/D2
  -------------------------------------------------------------------    -------------------

                         (clock oserdes_clk_2 rise edge)
                                                      0.000     0.000 r  
    E3                                                0.000     0.000 r  CLK100MHZ (IN)
                         net (fo=0)                   0.000     0.000    CLK100MHZ
    E3                   IBUF (Prop_ibuf_I_O)         0.438     0.438 r  CLK100MHZ_IBUF_inst/O
                         net (fo=1, routed)           0.699     1.136    cnn_accelerator_system_i/util_ds_buf_0/U0/BUFG_I[0]
    BUFGCTRL_X0Y16       BUFG (Prop_bufg_I_O)         0.029     1.165 r  cnn_accelerator_system_i/util_ds_buf_0/U0/USE_BUFG.GEN_BUFG[0].BUFG_U/O
                         net (fo=2, routed)           0.835     2.000    cnn_accelerator_system_i/mig_7series_0/u_cnn_accelerator_system_mig_7series_0_0_mig/u_ddr3_infrastructure/mmcm_clk
    PLLE2_ADV_X1Y1       PLLE2_ADV (Prop_plle2_adv_CLKIN1_CLKOUT1)
                                                      0.053     2.053 r  cnn_accelerator_system_i/mig_7series_0/u_cnn_accelerator_system_mig_7series_0_0_mig/u_ddr3_infrastructure/plle2_i/CLKOUT1
                         net (fo=7, routed)           0.218     2.271    cnn_accelerator_system_i/mig_7series_0/u_cnn_accelerator_system_mig_7series_0_0_mig/u_memc_ui_top_axi/mem_intfc0/ddr_phy_top0/u_ddr_mc_phy_wrapper/u_ddr_mc_phy/ddr_phy_4lanes_0.u_ddr_phy_4lanes/ddr_byte_lane_C.ddr_byte_lane_C/mem_refclk
    PHASER_OUT_PHY_X1Y6  PHASER_OUT_PHY (Prop_phaser_out_phy_MEMREFCLK_OCLK)
                                                      2.184     4.455 r  cnn_accelerator_system_i/mig_7series_0/u_cnn_accelerator_system_mig_7series_0_0_mig/u_memc_ui_top_axi/mem_intfc0/ddr_phy_top0/u_ddr_mc_phy_wrapper/u_ddr_mc_phy/ddr_phy_4lanes_0.u_ddr_phy_4lanes/ddr_byte_lane_C.ddr_byte_lane_C/phaser_out/OCLK
    PHASER_OUT_PHY_X1Y6  PHASER_OUT_PHY (Prop_phaser_out_phy_OCLK_OCLKDELAYED)
                                                      0.685     5.140 r  cnn_accelerator_system_i/mig_7series_0/u_cnn_accelerator_system_mig_7series_0_0_mig/u_memc_ui_top_axi/mem_intfc0/ddr_phy_top0/u_ddr_mc_phy_wrapper/u_ddr_mc_phy/ddr_phy_4lanes_0.u_ddr_phy_4lanes/ddr_byte_lane_C.ddr_byte_lane_C/phaser_out/OCLKDELAYED
                         net (fo=2, routed)           0.176     5.316    cnn_accelerator_system_i/mig_7series_0/u_cnn_accelerator_system_mig_7series_0_0_mig/u_memc_ui_top_axi/mem_intfc0/ddr_phy_top0/u_ddr_mc_phy_wrapper/u_ddr_mc_phy/ddr_phy_4lanes_0.u_ddr_phy_4lanes/ddr_byte_lane_C.ddr_byte_lane_C/ddr_byte_group_io/oserdes_clk_delayed
    OLOGIC_X1Y82         ODDR                                         r  cnn_accelerator_system_i/mig_7series_0/u_cnn_accelerator_system_mig_7series_0_0_mig/u_memc_ui_top_axi/mem_intfc0/ddr_phy_top0/u_ddr_mc_phy_wrapper/u_ddr_mc_phy/ddr_phy_4lanes_0.u_ddr_phy_4lanes/ddr_byte_lane_C.ddr_byte_lane_C/ddr_byte_group_io/dqs_gen.oddr_dqs/C
                         clock pessimism             -0.628     4.688    
    OLOGIC_X1Y82         ODDR (Hold_oddr_C_D2)       -0.093     4.595    cnn_accelerator_system_i/mig_7series_0/u_cnn_accelerator_system_mig_7series_0_0_mig/u_memc_ui_top_axi/mem_intfc0/ddr_phy_top0/u_ddr_mc_phy_wrapper/u_ddr_mc_phy/ddr_phy_4lanes_0.u_ddr_phy_4lanes/ddr_byte_lane_C.ddr_byte_lane_C/ddr_byte_group_io/dqs_gen.oddr_dqs
  -------------------------------------------------------------------
                         required time                         -4.595    
                         arrival time                           5.008    
  -------------------------------------------------------------------
                         slack                                  0.413    





Pulse Width Checks
--------------------------------------------------------------------------------------
Clock Name:         oserdes_clk_2
Waveform(ns):       { 0.000 1.538 }
Period(ns):         3.077
Sources:            { cnn_accelerator_system_i/mig_7series_0/u_cnn_accelerator_system_mig_7series_0_0_mig/u_memc_ui_top_axi/mem_intfc0/ddr_phy_top0/u_ddr_mc_phy_wrapper/u_ddr_mc_phy/ddr_phy_4lanes_0.u_ddr_phy_4lanes/ddr_byte_lane_C.ddr_byte_lane_C/phaser_out/OCLK }

Check Type  Corner  Lib Pin        Reference Pin  Required(ns)  Actual(ns)  Slack(ns)  Location      Pin
Min Period  n/a     OSERDESE2/CLK  n/a            1.667         3.077       1.410      OLOGIC_X1Y76  cnn_accelerator_system_i/mig_7series_0/u_cnn_accelerator_system_mig_7series_0_0_mig/u_memc_ui_top_axi/mem_intfc0/ddr_phy_top0/u_ddr_mc_phy_wrapper/u_ddr_mc_phy/ddr_phy_4lanes_0.u_ddr_phy_4lanes/ddr_byte_lane_C.ddr_byte_lane_C/ddr_byte_group_io/output_[1].oserdes_dq_.ddr.oserdes_dq_i/CLK



---------------------------------------------------------------------------------------------------
From Clock:  oserdes_clkdiv_2
  To Clock:  oserdes_clkdiv_2

Setup :            0  Failing Endpoints,  Worst Slack        4.734ns,  Total Violation        0.000ns
Hold  :            0  Failing Endpoints,  Worst Slack        0.092ns,  Total Violation        0.000ns
PW    :            0  Failing Endpoints,  Worst Slack        0.927ns,  Total Violation        0.000ns
---------------------------------------------------------------------------------------------------


Max Delay Paths
--------------------------------------------------------------------------------------
Slack (MET) :             4.734ns  (required time - arrival time)
  Source:                 cnn_accelerator_system_i/mig_7series_0/u_cnn_accelerator_system_mig_7series_0_0_mig/u_memc_ui_top_axi/mem_intfc0/ddr_phy_top0/u_ddr_mc_phy_wrapper/u_ddr_mc_phy/ddr_phy_4lanes_0.u_ddr_phy_4lanes/ddr_byte_lane_C.ddr_byte_lane_C/out_fifo/RDCLK
                            (rising edge-triggered cell OUT_FIFO clocked by oserdes_clkdiv_2  {rise@0.000ns fall@3.077ns period=6.154ns})
  Destination:            cnn_accelerator_system_i/mig_7series_0/u_cnn_accelerator_system_mig_7series_0_0_mig/u_memc_ui_top_axi/mem_intfc0/ddr_phy_top0/u_ddr_mc_phy_wrapper/u_ddr_mc_phy/ddr_phy_4lanes_0.u_ddr_phy_4lanes/ddr_byte_lane_C.ddr_byte_lane_C/ddr_byte_group_io/output_[6].oserdes_dq_.ddr.oserdes_dq_i/D1
                            (rising edge-triggered cell OSERDESE2 clocked by oserdes_clkdiv_2  {rise@0.000ns fall@3.077ns period=6.154ns})
  Path Group:             oserdes_clkdiv_2
  Path Type:              Setup (Max at Slow Process Corner)
  Requirement:            6.154ns  (oserdes_clkdiv_2 rise@6.154ns - oserdes_clkdiv_2 rise@0.000ns)
  Data Path Delay:        1.142ns  (logic 0.674ns (59.003%)  route 0.468ns (40.996%))
  Logic Levels:           0  
  Clock Path Skew:        0.403ns (DCD - SCD + CPR)
    Destination Clock Delay (DCD):    8.599ns = ( 14.752 - 6.154 ) 
    Source Clock Delay      (SCD):    8.608ns
    Clock Pessimism Removal (CPR):    0.412ns
  Clock Uncertainty:      0.056ns  ((TSJ^2 + DJ^2)^1/2) / 2 + PE
    Total System Jitter     (TSJ):    0.071ns
    Discrete Jitter          (DJ):    0.087ns
    Phase Error              (PE):    0.000ns

    Location             Delay type                Incr(ns)  Path(ns)    Netlist Resource(s)
  -------------------------------------------------------------------    -------------------
                         (clock oserdes_clkdiv_2 rise edge)
                                                      0.000     0.000 r  
    E3                                                0.000     0.000 r  CLK100MHZ (IN)
                         net (fo=0)                   0.000     0.000    CLK100MHZ
    E3                   IBUF (Prop_ibuf_I_O)         1.482     1.482 r  CLK100MHZ_IBUF_inst/O
                         net (fo=1, routed)           2.025     3.506    cnn_accelerator_system_i/util_ds_buf_0/U0/BUFG_I[0]
    BUFGCTRL_X0Y16       BUFG (Prop_bufg_I_O)         0.096     3.602 r  cnn_accelerator_system_i/util_ds_buf_0/U0/USE_BUFG.GEN_BUFG[0].BUFG_U/O
                         net (fo=2, routed)           1.666     5.269    cnn_accelerator_system_i/mig_7series_0/u_cnn_accelerator_system_mig_7series_0_0_mig/u_ddr3_infrastructure/mmcm_clk
    PLLE2_ADV_X1Y1       PLLE2_ADV (Prop_plle2_adv_CLKIN1_CLKOUT1)
                                                      0.088     5.357 r  cnn_accelerator_system_i/mig_7series_0/u_cnn_accelerator_system_mig_7series_0_0_mig/u_ddr3_infrastructure/plle2_i/CLKOUT1
                         net (fo=7, routed)           0.614     5.971    cnn_accelerator_system_i/mig_7series_0/u_cnn_accelerator_system_mig_7series_0_0_mig/u_memc_ui_top_axi/mem_intfc0/ddr_phy_top0/u_ddr_mc_phy_wrapper/u_ddr_mc_phy/ddr_phy_4lanes_0.u_ddr_phy_4lanes/ddr_byte_lane_C.ddr_byte_lane_C/mem_refclk
    PHASER_OUT_PHY_X1Y6  PHASER_OUT_PHY (Prop_phaser_out_phy_MEMREFCLK_OCLK)
                                                      2.480     8.451 r  cnn_accelerator_system_i/mig_7series_0/u_cnn_accelerator_system_mig_7series_0_0_mig/u_memc_ui_top_axi/mem_intfc0/ddr_phy_top0/u_ddr_mc_phy_wrapper/u_ddr_mc_phy/ddr_phy_4lanes_0.u_ddr_phy_4lanes/ddr_byte_lane_C.ddr_byte_lane_C/phaser_out/OCLK
    PHASER_OUT_PHY_X1Y6  PHASER_OUT_PHY (Prop_phaser_out_phy_OCLK_OCLKDIV)
                                                      0.157     8.608 r  cnn_accelerator_system_i/mig_7series_0/u_cnn_accelerator_system_mig_7series_0_0_mig/u_memc_ui_top_axi/mem_intfc0/ddr_phy_top0/u_ddr_mc_phy_wrapper/u_ddr_mc_phy/ddr_phy_4lanes_0.u_ddr_phy_4lanes/ddr_byte_lane_C.ddr_byte_lane_C/phaser_out/OCLKDIV
                         net (fo=11, routed)          0.000     8.608    cnn_accelerator_system_i/mig_7series_0/u_cnn_accelerator_system_mig_7series_0_0_mig/u_memc_ui_top_axi/mem_intfc0/ddr_phy_top0/u_ddr_mc_phy_wrapper/u_ddr_mc_phy/ddr_phy_4lanes_0.u_ddr_phy_4lanes/ddr_byte_lane_C.ddr_byte_lane_C/oserdes_clkdiv
    OUT_FIFO_X1Y6        OUT_FIFO                                     r  cnn_accelerator_system_i/mig_7series_0/u_cnn_accelerator_system_mig_7series_0_0_mig/u_memc_ui_top_axi/mem_intfc0/ddr_phy_top0/u_ddr_mc_phy_wrapper/u_ddr_mc_phy/ddr_phy_4lanes_0.u_ddr_phy_4lanes/ddr_byte_lane_C.ddr_byte_lane_C/out_fifo/RDCLK
  -------------------------------------------------------------------    -------------------
    OUT_FIFO_X1Y6        OUT_FIFO (Prop_out_fifo_RDCLK_Q6[0])
                                                      0.674     9.282 r  cnn_accelerator_system_i/mig_7series_0/u_cnn_accelerator_system_mig_7series_0_0_mig/u_memc_ui_top_axi/mem_intfc0/ddr_phy_top0/u_ddr_mc_phy_wrapper/u_ddr_mc_phy/ddr_phy_4lanes_0.u_ddr_phy_4lanes/ddr_byte_lane_C.ddr_byte_lane_C/out_fifo/Q6[0]
                         net (fo=1, routed)           0.468     9.750    cnn_accelerator_system_i/mig_7series_0/u_cnn_accelerator_system_mig_7series_0_0_mig/u_memc_ui_top_axi/mem_intfc0/ddr_phy_top0/u_ddr_mc_phy_wrapper/u_ddr_mc_phy/ddr_phy_4lanes_0.u_ddr_phy_4lanes/ddr_byte_lane_C.ddr_byte_lane_C/ddr_byte_group_io/of_dqbus[20]
    OLOGIC_X1Y83         OSERDESE2                                    r  cnn_accelerator_system_i/mig_7series_0/u_cnn_accelerator_system_mig_7series_0_0_mig/u_memc_ui_top_axi/mem_intfc0/ddr_phy_top0/u_ddr_mc_phy_wrapper/u_ddr_mc_phy/ddr_phy_4lanes_0.u_ddr_phy_4lanes/ddr_byte_lane_C.ddr_byte_lane_C/ddr_byte_group_io/output_[6].oserdes_dq_.ddr.oserdes_dq_i/D1
  -------------------------------------------------------------------    -------------------

                         (clock oserdes_clkdiv_2 rise edge)
                                                      6.154     6.154 r  
    E3                                                0.000     6.154 r  CLK100MHZ (IN)
                         net (fo=0)                   0.000     6.154    CLK100MHZ
    E3                   IBUF (Prop_ibuf_I_O)         1.411     7.565 r  CLK100MHZ_IBUF_inst/O
                         net (fo=1, routed)           1.920     9.485    cnn_accelerator_system_i/util_ds_buf_0/U0/BUFG_I[0]
    BUFGCTRL_X0Y16       BUFG (Prop_bufg_I_O)         0.091     9.576 r  cnn_accelerator_system_i/util_ds_buf_0/U0/USE_BUFG.GEN_BUFG[0].BUFG_U/O
                         net (fo=2, routed)           1.544    11.120    cnn_accelerator_system_i/mig_7series_0/u_cnn_accelerator_system_mig_7series_0_0_mig/u_ddr3_infrastructure/mmcm_clk
    PLLE2_ADV_X1Y1       PLLE2_ADV (Prop_plle2_adv_CLKIN1_CLKOUT1)
                                                      0.083    11.203 r  cnn_accelerator_system_i/mig_7series_0/u_cnn_accelerator_system_mig_7series_0_0_mig/u_ddr3_infrastructure/plle2_i/CLKOUT1
                         net (fo=7, routed)           0.582    11.785    cnn_accelerator_system_i/mig_7series_0/u_cnn_accelerator_system_mig_7series_0_0_mig/u_memc_ui_top_axi/mem_intfc0/ddr_phy_top0/u_ddr_mc_phy_wrapper/u_ddr_mc_phy/ddr_phy_4lanes_0.u_ddr_phy_4lanes/ddr_byte_lane_C.ddr_byte_lane_C/mem_refclk
    PHASER_OUT_PHY_X1Y6  PHASER_OUT_PHY (Prop_phaser_out_phy_MEMREFCLK_OCLK)
                                                      2.416    14.201 r  cnn_accelerator_system_i/mig_7series_0/u_cnn_accelerator_system_mig_7series_0_0_mig/u_memc_ui_top_axi/mem_intfc0/ddr_phy_top0/u_ddr_mc_phy_wrapper/u_ddr_mc_phy/ddr_phy_4lanes_0.u_ddr_phy_4lanes/ddr_byte_lane_C.ddr_byte_lane_C/phaser_out/OCLK
    PHASER_OUT_PHY_X1Y6  PHASER_OUT_PHY (Prop_phaser_out_phy_OCLK_OCLKDIV)
                                                      0.148    14.349 r  cnn_accelerator_system_i/mig_7series_0/u_cnn_accelerator_system_mig_7series_0_0_mig/u_memc_ui_top_axi/mem_intfc0/ddr_phy_top0/u_ddr_mc_phy_wrapper/u_ddr_mc_phy/ddr_phy_4lanes_0.u_ddr_phy_4lanes/ddr_byte_lane_C.ddr_byte_lane_C/phaser_out/OCLKDIV
                         net (fo=11, routed)          0.403    14.752    cnn_accelerator_system_i/mig_7series_0/u_cnn_accelerator_system_mig_7series_0_0_mig/u_memc_ui_top_axi/mem_intfc0/ddr_phy_top0/u_ddr_mc_phy_wrapper/u_ddr_mc_phy/ddr_phy_4lanes_0.u_ddr_phy_4lanes/ddr_byte_lane_C.ddr_byte_lane_C/ddr_byte_group_io/oserdes_clkdiv
    OLOGIC_X1Y83         OSERDESE2                                    r  cnn_accelerator_system_i/mig_7series_0/u_cnn_accelerator_system_mig_7series_0_0_mig/u_memc_ui_top_axi/mem_intfc0/ddr_phy_top0/u_ddr_mc_phy_wrapper/u_ddr_mc_phy/ddr_phy_4lanes_0.u_ddr_phy_4lanes/ddr_byte_lane_C.ddr_byte_lane_C/ddr_byte_group_io/output_[6].oserdes_dq_.ddr.oserdes_dq_i/CLKDIV
                         clock pessimism              0.412    15.165    
                         clock uncertainty           -0.056    15.109    
    OLOGIC_X1Y83         OSERDESE2 (Setup_oserdese2_CLKDIV_D1)
                                                     -0.625    14.484    cnn_accelerator_system_i/mig_7series_0/u_cnn_accelerator_system_mig_7series_0_0_mig/u_memc_ui_top_axi/mem_intfc0/ddr_phy_top0/u_ddr_mc_phy_wrapper/u_ddr_mc_phy/ddr_phy_4lanes_0.u_ddr_phy_4lanes/ddr_byte_lane_C.ddr_byte_lane_C/ddr_byte_group_io/output_[6].oserdes_dq_.ddr.oserdes_dq_i
  -------------------------------------------------------------------
                         required time                         14.484    
                         arrival time                          -9.750    
  -------------------------------------------------------------------
                         slack                                  4.734    





Min Delay Paths
--------------------------------------------------------------------------------------
Slack (MET) :             0.092ns  (arrival time - required time)
  Source:                 cnn_accelerator_system_i/mig_7series_0/u_cnn_accelerator_system_mig_7series_0_0_mig/u_memc_ui_top_axi/mem_intfc0/ddr_phy_top0/u_ddr_mc_phy_wrapper/u_ddr_mc_phy/ddr_phy_4lanes_0.u_ddr_phy_4lanes/ddr_byte_lane_C.ddr_byte_lane_C/out_fifo/RDCLK
                            (rising edge-triggered cell OUT_FIFO clocked by oserdes_clkdiv_2  {rise@0.000ns fall@3.077ns period=6.154ns})
  Destination:            cnn_accelerator_system_i/mig_7series_0/u_cnn_accelerator_system_mig_7series_0_0_mig/u_memc_ui_top_axi/mem_intfc0/ddr_phy_top0/u_ddr_mc_phy_wrapper/u_ddr_mc_phy/ddr_phy_4lanes_0.u_ddr_phy_4lanes/ddr_byte_lane_C.ddr_byte_lane_C/ddr_byte_group_io/output_[2].oserdes_dq_.ddr.oserdes_dq_i/D2
                            (rising edge-triggered cell OSERDESE2 clocked by oserdes_clkdiv_2  {rise@0.000ns fall@3.077ns period=6.154ns})
  Path Group:             oserdes_clkdiv_2
  Path Type:              Hold (Min at Fast Process Corner)
  Requirement:            0.000ns  (oserdes_clkdiv_2 rise@0.000ns - oserdes_clkdiv_2 rise@0.000ns)
  Data Path Delay:        0.288ns  (logic 0.138ns (47.866%)  route 0.150ns (52.134%))
  Logic Levels:           0  
  Clock Path Skew:        0.177ns (DCD - SCD - CPR)
    Destination Clock Delay (DCD):    4.720ns
    Source Clock Delay      (SCD):    3.950ns
    Clock Pessimism Removal (CPR):    0.593ns

    Location             Delay type                Incr(ns)  Path(ns)    Netlist Resource(s)
  -------------------------------------------------------------------    -------------------
                         (clock oserdes_clkdiv_2 rise edge)
                                                      0.000     0.000 r  
    E3                                                0.000     0.000 r  CLK100MHZ (IN)
                         net (fo=0)                   0.000     0.000    CLK100MHZ
    E3                   IBUF (Prop_ibuf_I_O)         0.250     0.250 r  CLK100MHZ_IBUF_inst/O
                         net (fo=1, routed)           0.644     0.894    cnn_accelerator_system_i/util_ds_buf_0/U0/BUFG_I[0]
    BUFGCTRL_X0Y16       BUFG (Prop_bufg_I_O)         0.026     0.920 r  cnn_accelerator_system_i/util_ds_buf_0/U0/USE_BUFG.GEN_BUFG[0].BUFG_U/O
                         net (fo=2, routed)           0.566     1.485    cnn_accelerator_system_i/mig_7series_0/u_cnn_accelerator_system_mig_7series_0_0_mig/u_ddr3_infrastructure/mmcm_clk
    PLLE2_ADV_X1Y1       PLLE2_ADV (Prop_plle2_adv_CLKIN1_CLKOUT1)
                                                      0.050     1.535 r  cnn_accelerator_system_i/mig_7series_0/u_cnn_accelerator_system_mig_7series_0_0_mig/u_ddr3_infrastructure/plle2_i/CLKOUT1
                         net (fo=7, routed)           0.197     1.732    cnn_accelerator_system_i/mig_7series_0/u_cnn_accelerator_system_mig_7series_0_0_mig/u_memc_ui_top_axi/mem_intfc0/ddr_phy_top0/u_ddr_mc_phy_wrapper/u_ddr_mc_phy/ddr_phy_4lanes_0.u_ddr_phy_4lanes/ddr_byte_lane_C.ddr_byte_lane_C/mem_refclk
    PHASER_OUT_PHY_X1Y6  PHASER_OUT_PHY (Prop_phaser_out_phy_MEMREFCLK_OCLK)
                                                      2.135     3.867 r  cnn_accelerator_system_i/mig_7series_0/u_cnn_accelerator_system_mig_7series_0_0_mig/u_memc_ui_top_axi/mem_intfc0/ddr_phy_top0/u_ddr_mc_phy_wrapper/u_ddr_mc_phy/ddr_phy_4lanes_0.u_ddr_phy_4lanes/ddr_byte_lane_C.ddr_byte_lane_C/phaser_out/OCLK
    PHASER_OUT_PHY_X1Y6  PHASER_OUT_PHY (Prop_phaser_out_phy_OCLK_OCLKDIV)
                                                      0.083     3.950 r  cnn_accelerator_system_i/mig_7series_0/u_cnn_accelerator_system_mig_7series_0_0_mig/u_memc_ui_top_axi/mem_intfc0/ddr_phy_top0/u_ddr_mc_phy_wrapper/u_ddr_mc_phy/ddr_phy_4lanes_0.u_ddr_phy_4lanes/ddr_byte_lane_C.ddr_byte_lane_C/phaser_out/OCLKDIV
                         net (fo=11, routed)          0.000     3.950    cnn_accelerator_system_i/mig_7series_0/u_cnn_accelerator_system_mig_7series_0_0_mig/u_memc_ui_top_axi/mem_intfc0/ddr_phy_top0/u_ddr_mc_phy_wrapper/u_ddr_mc_phy/ddr_phy_4lanes_0.u_ddr_phy_4lanes/ddr_byte_lane_C.ddr_byte_lane_C/oserdes_clkdiv
    OUT_FIFO_X1Y6        OUT_FIFO                                     r  cnn_accelerator_system_i/mig_7series_0/u_cnn_accelerator_system_mig_7series_0_0_mig/u_memc_ui_top_axi/mem_intfc0/ddr_phy_top0/u_ddr_mc_phy_wrapper/u_ddr_mc_phy/ddr_phy_4lanes_0.u_ddr_phy_4lanes/ddr_byte_lane_C.ddr_byte_lane_C/out_fifo/RDCLK
  -------------------------------------------------------------------    -------------------
    OUT_FIFO_X1Y6        OUT_FIFO (Prop_out_fifo_RDCLK_Q2[1])
                                                      0.138     4.088 r  cnn_accelerator_system_i/mig_7series_0/u_cnn_accelerator_system_mig_7series_0_0_mig/u_memc_ui_top_axi/mem_intfc0/ddr_phy_top0/u_ddr_mc_phy_wrapper/u_ddr_mc_phy/ddr_phy_4lanes_0.u_ddr_phy_4lanes/ddr_byte_lane_C.ddr_byte_lane_C/out_fifo/Q2[1]
                         net (fo=1, routed)           0.150     4.239    cnn_accelerator_system_i/mig_7series_0/u_cnn_accelerator_system_mig_7series_0_0_mig/u_memc_ui_top_axi/mem_intfc0/ddr_phy_top0/u_ddr_mc_phy_wrapper/u_ddr_mc_phy/ddr_phy_4lanes_0.u_ddr_phy_4lanes/ddr_byte_lane_C.ddr_byte_lane_C/ddr_byte_group_io/of_dqbus[5]
    OLOGIC_X1Y77         OSERDESE2                                    r  cnn_accelerator_system_i/mig_7series_0/u_cnn_accelerator_system_mig_7series_0_0_mig/u_memc_ui_top_axi/mem_intfc0/ddr_phy_top0/u_ddr_mc_phy_wrapper/u_ddr_mc_phy/ddr_phy_4lanes_0.u_ddr_phy_4lanes/ddr_byte_lane_C.ddr_byte_lane_C/ddr_byte_group_io/output_[2].oserdes_dq_.ddr.oserdes_dq_i/D2
  -------------------------------------------------------------------    -------------------

                         (clock oserdes_clkdiv_2 rise edge)
                                                      0.000     0.000 r  
    E3                                                0.000     0.000 r  CLK100MHZ (IN)
                         net (fo=0)                   0.000     0.000    CLK100MHZ
    E3                   IBUF (Prop_ibuf_I_O)         0.438     0.438 r  CLK100MHZ_IBUF_inst/O
                         net (fo=1, routed)           0.699     1.136    cnn_accelerator_system_i/util_ds_buf_0/U0/BUFG_I[0]
    BUFGCTRL_X0Y16       BUFG (Prop_bufg_I_O)         0.029     1.165 r  cnn_accelerator_system_i/util_ds_buf_0/U0/USE_BUFG.GEN_BUFG[0].BUFG_U/O
                         net (fo=2, routed)           0.835     2.000    cnn_accelerator_system_i/mig_7series_0/u_cnn_accelerator_system_mig_7series_0_0_mig/u_ddr3_infrastructure/mmcm_clk
    PLLE2_ADV_X1Y1       PLLE2_ADV (Prop_plle2_adv_CLKIN1_CLKOUT1)
                                                      0.053     2.053 r  cnn_accelerator_system_i/mig_7series_0/u_cnn_accelerator_system_mig_7series_0_0_mig/u_ddr3_infrastructure/plle2_i/CLKOUT1
                         net (fo=7, routed)           0.218     2.271    cnn_accelerator_system_i/mig_7series_0/u_cnn_accelerator_system_mig_7series_0_0_mig/u_memc_ui_top_axi/mem_intfc0/ddr_phy_top0/u_ddr_mc_phy_wrapper/u_ddr_mc_phy/ddr_phy_4lanes_0.u_ddr_phy_4lanes/ddr_byte_lane_C.ddr_byte_lane_C/mem_refclk
    PHASER_OUT_PHY_X1Y6  PHASER_OUT_PHY (Prop_phaser_out_phy_MEMREFCLK_OCLK)
                                                      2.184     4.455 r  cnn_accelerator_system_i/mig_7series_0/u_cnn_accelerator_system_mig_7series_0_0_mig/u_memc_ui_top_axi/mem_intfc0/ddr_phy_top0/u_ddr_mc_phy_wrapper/u_ddr_mc_phy/ddr_phy_4lanes_0.u_ddr_phy_4lanes/ddr_byte_lane_C.ddr_byte_lane_C/phaser_out/OCLK
    PHASER_OUT_PHY_X1Y6  PHASER_OUT_PHY (Prop_phaser_out_phy_OCLK_OCLKDIV)
                                                      0.088     4.543 r  cnn_accelerator_system_i/mig_7series_0/u_cnn_accelerator_system_mig_7series_0_0_mig/u_memc_ui_top_axi/mem_intfc0/ddr_phy_top0/u_ddr_mc_phy_wrapper/u_ddr_mc_phy/ddr_phy_4lanes_0.u_ddr_phy_4lanes/ddr_byte_lane_C.ddr_byte_lane_C/phaser_out/OCLKDIV
                         net (fo=11, routed)          0.177     4.720    cnn_accelerator_system_i/mig_7series_0/u_cnn_accelerator_system_mig_7series_0_0_mig/u_memc_ui_top_axi/mem_intfc0/ddr_phy_top0/u_ddr_mc_phy_wrapper/u_ddr_mc_phy/ddr_phy_4lanes_0.u_ddr_phy_4lanes/ddr_byte_lane_C.ddr_byte_lane_C/ddr_byte_group_io/oserdes_clkdiv
    OLOGIC_X1Y77         OSERDESE2                                    r  cnn_accelerator_system_i/mig_7series_0/u_cnn_accelerator_system_mig_7series_0_0_mig/u_memc_ui_top_axi/mem_intfc0/ddr_phy_top0/u_ddr_mc_phy_wrapper/u_ddr_mc_phy/ddr_phy_4lanes_0.u_ddr_phy_4lanes/ddr_byte_lane_C.ddr_byte_lane_C/ddr_byte_group_io/output_[2].oserdes_dq_.ddr.oserdes_dq_i/CLKDIV
                         clock pessimism             -0.593     4.127    
    OLOGIC_X1Y77         OSERDESE2 (Hold_oserdese2_CLKDIV_D2)
                                                      0.019     4.146    cnn_accelerator_system_i/mig_7series_0/u_cnn_accelerator_system_mig_7series_0_0_mig/u_memc_ui_top_axi/mem_intfc0/ddr_phy_top0/u_ddr_mc_phy_wrapper/u_ddr_mc_phy/ddr_phy_4lanes_0.u_ddr_phy_4lanes/ddr_byte_lane_C.ddr_byte_lane_C/ddr_byte_group_io/output_[2].oserdes_dq_.ddr.oserdes_dq_i
  -------------------------------------------------------------------
                         required time                         -4.146    
                         arrival time                           4.239    
  -------------------------------------------------------------------
                         slack                                  0.092    





Pulse Width Checks
--------------------------------------------------------------------------------------
Clock Name:         oserdes_clkdiv_2
Waveform(ns):       { 0.000 3.077 }
Period(ns):         6.154
Sources:            { cnn_accelerator_system_i/mig_7series_0/u_cnn_accelerator_system_mig_7series_0_0_mig/u_memc_ui_top_axi/mem_intfc0/ddr_phy_top0/u_ddr_mc_phy_wrapper/u_ddr_mc_phy/ddr_phy_4lanes_0.u_ddr_phy_4lanes/ddr_byte_lane_C.ddr_byte_lane_C/phaser_out/OCLKDIV }

Check Type        Corner  Lib Pin         Reference Pin  Required(ns)  Actual(ns)  Slack(ns)  Location       Pin
Min Period        n/a     OUT_FIFO/RDCLK  n/a            5.000         6.154       1.154      OUT_FIFO_X1Y6  cnn_accelerator_system_i/mig_7series_0/u_cnn_accelerator_system_mig_7series_0_0_mig/u_memc_ui_top_axi/mem_intfc0/ddr_phy_top0/u_ddr_mc_phy_wrapper/u_ddr_mc_phy/ddr_phy_4lanes_0.u_ddr_phy_4lanes/ddr_byte_lane_C.ddr_byte_lane_C/out_fifo/RDCLK
Low Pulse Width   Slow    OUT_FIFO/RDCLK  n/a            2.150         3.077       0.927      OUT_FIFO_X1Y6  cnn_accelerator_system_i/mig_7series_0/u_cnn_accelerator_system_mig_7series_0_0_mig/u_memc_ui_top_axi/mem_intfc0/ddr_phy_top0/u_ddr_mc_phy_wrapper/u_ddr_mc_phy/ddr_phy_4lanes_0.u_ddr_phy_4lanes/ddr_byte_lane_C.ddr_byte_lane_C/out_fifo/RDCLK
High Pulse Width  Slow    OUT_FIFO/RDCLK  n/a            2.150         3.077       0.927      OUT_FIFO_X1Y6  cnn_accelerator_system_i/mig_7series_0/u_cnn_accelerator_system_mig_7series_0_0_mig/u_memc_ui_top_axi/mem_intfc0/ddr_phy_top0/u_ddr_mc_phy_wrapper/u_ddr_mc_phy/ddr_phy_4lanes_0.u_ddr_phy_4lanes/ddr_byte_lane_C.ddr_byte_lane_C/out_fifo/RDCLK



---------------------------------------------------------------------------------------------------
From Clock:  oserdes_clk_3
  To Clock:  oserdes_clk_3

Setup :            0  Failing Endpoints,  Worst Slack        1.515ns,  Total Violation        0.000ns
Hold  :            0  Failing Endpoints,  Worst Slack        0.408ns,  Total Violation        0.000ns
PW    :            0  Failing Endpoints,  Worst Slack        1.410ns,  Total Violation        0.000ns
---------------------------------------------------------------------------------------------------


Max Delay Paths
--------------------------------------------------------------------------------------
Slack (MET) :             1.515ns  (required time - arrival time)
  Source:                 cnn_accelerator_system_i/mig_7series_0/u_cnn_accelerator_system_mig_7series_0_0_mig/u_memc_ui_top_axi/mem_intfc0/ddr_phy_top0/u_ddr_mc_phy_wrapper/u_ddr_mc_phy/ddr_phy_4lanes_0.u_ddr_phy_4lanes/ddr_byte_lane_D.ddr_byte_lane_D/phaser_out/OCLKDELAYED
                            (rising edge-triggered cell PHASER_OUT_PHY clocked by oserdes_clk_3  {rise@0.000ns fall@1.538ns period=3.077ns})
  Destination:            cnn_accelerator_system_i/mig_7series_0/u_cnn_accelerator_system_mig_7series_0_0_mig/u_memc_ui_top_axi/mem_intfc0/ddr_phy_top0/u_ddr_mc_phy_wrapper/u_ddr_mc_phy/ddr_phy_4lanes_0.u_ddr_phy_4lanes/ddr_byte_lane_D.ddr_byte_lane_D/ddr_byte_group_io/dqs_gen.oddr_dqsts/D1
                            (rising edge-triggered cell ODDR clocked by oserdes_clk_3  {rise@0.000ns fall@1.538ns period=3.077ns})
  Path Group:             oserdes_clk_3
  Path Type:              Setup (Max at Slow Process Corner)
  Requirement:            3.077ns  (oserdes_clk_3 rise@3.077ns - oserdes_clk_3 rise@0.000ns)
  Data Path Delay:        1.037ns  (logic 0.562ns (54.177%)  route 0.475ns (45.823%))
  Logic Levels:           0  
  Clock Path Skew:        0.416ns (DCD - SCD + CPR)
    Destination Clock Delay (DCD):    9.208ns = ( 12.285 - 3.077 ) 
    Source Clock Delay      (SCD):    9.240ns
    Clock Pessimism Removal (CPR):    0.448ns
  Clock Uncertainty:      0.056ns  ((TSJ^2 + DJ^2)^1/2) / 2 + PE
    Total System Jitter     (TSJ):    0.071ns
    Discrete Jitter          (DJ):    0.087ns
    Phase Error              (PE):    0.000ns

    Location             Delay type                Incr(ns)  Path(ns)    Netlist Resource(s)
  -------------------------------------------------------------------    -------------------
                         (clock oserdes_clk_3 rise edge)
                                                      0.000     0.000 r  
    E3                                                0.000     0.000 r  CLK100MHZ (IN)
                         net (fo=0)                   0.000     0.000    CLK100MHZ
    E3                   IBUF (Prop_ibuf_I_O)         1.482     1.482 r  CLK100MHZ_IBUF_inst/O
                         net (fo=1, routed)           2.025     3.506    cnn_accelerator_system_i/util_ds_buf_0/U0/BUFG_I[0]
    BUFGCTRL_X0Y16       BUFG (Prop_bufg_I_O)         0.096     3.602 r  cnn_accelerator_system_i/util_ds_buf_0/U0/USE_BUFG.GEN_BUFG[0].BUFG_U/O
                         net (fo=2, routed)           1.666     5.269    cnn_accelerator_system_i/mig_7series_0/u_cnn_accelerator_system_mig_7series_0_0_mig/u_ddr3_infrastructure/mmcm_clk
    PLLE2_ADV_X1Y1       PLLE2_ADV (Prop_plle2_adv_CLKIN1_CLKOUT1)
                                                      0.088     5.357 r  cnn_accelerator_system_i/mig_7series_0/u_cnn_accelerator_system_mig_7series_0_0_mig/u_ddr3_infrastructure/plle2_i/CLKOUT1
                         net (fo=7, routed)           0.603     5.960    cnn_accelerator_system_i/mig_7series_0/u_cnn_accelerator_system_mig_7series_0_0_mig/u_memc_ui_top_axi/mem_intfc0/ddr_phy_top0/u_ddr_mc_phy_wrapper/u_ddr_mc_phy/ddr_phy_4lanes_0.u_ddr_phy_4lanes/ddr_byte_lane_D.ddr_byte_lane_D/mem_refclk
    PHASER_OUT_PHY_X1Y7  PHASER_OUT_PHY (Prop_phaser_out_phy_MEMREFCLK_OCLK)
                                                      2.480     8.440 r  cnn_accelerator_system_i/mig_7series_0/u_cnn_accelerator_system_mig_7series_0_0_mig/u_memc_ui_top_axi/mem_intfc0/ddr_phy_top0/u_ddr_mc_phy_wrapper/u_ddr_mc_phy/ddr_phy_4lanes_0.u_ddr_phy_4lanes/ddr_byte_lane_D.ddr_byte_lane_D/phaser_out/OCLK
    PHASER_OUT_PHY_X1Y7  PHASER_OUT_PHY (Prop_phaser_out_phy_OCLK_OCLKDELAYED)
                                                      0.800     9.240 r  cnn_accelerator_system_i/mig_7series_0/u_cnn_accelerator_system_mig_7series_0_0_mig/u_memc_ui_top_axi/mem_intfc0/ddr_phy_top0/u_ddr_mc_phy_wrapper/u_ddr_mc_phy/ddr_phy_4lanes_0.u_ddr_phy_4lanes/ddr_byte_lane_D.ddr_byte_lane_D/phaser_out/OCLKDELAYED
  -------------------------------------------------------------------    -------------------
    PHASER_OUT_PHY_X1Y7  PHASER_OUT_PHY (Prop_phaser_out_phy_OCLKDELAYED_CTSBUS[0])
                                                      0.562     9.802 r  cnn_accelerator_system_i/mig_7series_0/u_cnn_accelerator_system_mig_7series_0_0_mig/u_memc_ui_top_axi/mem_intfc0/ddr_phy_top0/u_ddr_mc_phy_wrapper/u_ddr_mc_phy/ddr_phy_4lanes_0.u_ddr_phy_4lanes/ddr_byte_lane_D.ddr_byte_lane_D/phaser_out/CTSBUS[0]
                         net (fo=2, routed)           0.475    10.277    cnn_accelerator_system_i/mig_7series_0/u_cnn_accelerator_system_mig_7series_0_0_mig/u_memc_ui_top_axi/mem_intfc0/ddr_phy_top0/u_ddr_mc_phy_wrapper/u_ddr_mc_phy/ddr_phy_4lanes_0.u_ddr_phy_4lanes/ddr_byte_lane_D.ddr_byte_lane_D/ddr_byte_group_io/CTSBUS[0]
    OLOGIC_X1Y94         ODDR                                         r  cnn_accelerator_system_i/mig_7series_0/u_cnn_accelerator_system_mig_7series_0_0_mig/u_memc_ui_top_axi/mem_intfc0/ddr_phy_top0/u_ddr_mc_phy_wrapper/u_ddr_mc_phy/ddr_phy_4lanes_0.u_ddr_phy_4lanes/ddr_byte_lane_D.ddr_byte_lane_D/ddr_byte_group_io/dqs_gen.oddr_dqsts/D1
  -------------------------------------------------------------------    -------------------

                         (clock oserdes_clk_3 rise edge)
                                                      3.077     3.077 r  
    E3                                                0.000     3.077 r  CLK100MHZ (IN)
                         net (fo=0)                   0.000     3.077    CLK100MHZ
    E3                   IBUF (Prop_ibuf_I_O)         1.411     4.488 r  CLK100MHZ_IBUF_inst/O
                         net (fo=1, routed)           1.920     6.408    cnn_accelerator_system_i/util_ds_buf_0/U0/BUFG_I[0]
    BUFGCTRL_X0Y16       BUFG (Prop_bufg_I_O)         0.091     6.499 r  cnn_accelerator_system_i/util_ds_buf_0/U0/USE_BUFG.GEN_BUFG[0].BUFG_U/O
                         net (fo=2, routed)           1.544     8.044    cnn_accelerator_system_i/mig_7series_0/u_cnn_accelerator_system_mig_7series_0_0_mig/u_ddr3_infrastructure/mmcm_clk
    PLLE2_ADV_X1Y1       PLLE2_ADV (Prop_plle2_adv_CLKIN1_CLKOUT1)
                                                      0.083     8.127 r  cnn_accelerator_system_i/mig_7series_0/u_cnn_accelerator_system_mig_7series_0_0_mig/u_ddr3_infrastructure/plle2_i/CLKOUT1
                         net (fo=7, routed)           0.572     8.699    cnn_accelerator_system_i/mig_7series_0/u_cnn_accelerator_system_mig_7series_0_0_mig/u_memc_ui_top_axi/mem_intfc0/ddr_phy_top0/u_ddr_mc_phy_wrapper/u_ddr_mc_phy/ddr_phy_4lanes_0.u_ddr_phy_4lanes/ddr_byte_lane_D.ddr_byte_lane_D/mem_refclk
    PHASER_OUT_PHY_X1Y7  PHASER_OUT_PHY (Prop_phaser_out_phy_MEMREFCLK_OCLK)
                                                      2.416    11.114 r  cnn_accelerator_system_i/mig_7series_0/u_cnn_accelerator_system_mig_7series_0_0_mig/u_memc_ui_top_axi/mem_intfc0/ddr_phy_top0/u_ddr_mc_phy_wrapper/u_ddr_mc_phy/ddr_phy_4lanes_0.u_ddr_phy_4lanes/ddr_byte_lane_D.ddr_byte_lane_D/phaser_out/OCLK
    PHASER_OUT_PHY_X1Y7  PHASER_OUT_PHY (Prop_phaser_out_phy_OCLK_OCLKDELAYED)
                                                      0.754    11.869 r  cnn_accelerator_system_i/mig_7series_0/u_cnn_accelerator_system_mig_7series_0_0_mig/u_memc_ui_top_axi/mem_intfc0/ddr_phy_top0/u_ddr_mc_phy_wrapper/u_ddr_mc_phy/ddr_phy_4lanes_0.u_ddr_phy_4lanes/ddr_byte_lane_D.ddr_byte_lane_D/phaser_out/OCLKDELAYED
                         net (fo=2, routed)           0.416    12.285    cnn_accelerator_system_i/mig_7series_0/u_cnn_accelerator_system_mig_7series_0_0_mig/u_memc_ui_top_axi/mem_intfc0/ddr_phy_top0/u_ddr_mc_phy_wrapper/u_ddr_mc_phy/ddr_phy_4lanes_0.u_ddr_phy_4lanes/ddr_byte_lane_D.ddr_byte_lane_D/ddr_byte_group_io/oserdes_clk_delayed
    OLOGIC_X1Y94         ODDR                                         r  cnn_accelerator_system_i/mig_7series_0/u_cnn_accelerator_system_mig_7series_0_0_mig/u_memc_ui_top_axi/mem_intfc0/ddr_phy_top0/u_ddr_mc_phy_wrapper/u_ddr_mc_phy/ddr_phy_4lanes_0.u_ddr_phy_4lanes/ddr_byte_lane_D.ddr_byte_lane_D/ddr_byte_group_io/dqs_gen.oddr_dqsts/C
                         clock pessimism              0.448    12.733    
                         clock uncertainty           -0.056    12.677    
    OLOGIC_X1Y94         ODDR (Setup_oddr_C_D1)      -0.885    11.792    cnn_accelerator_system_i/mig_7series_0/u_cnn_accelerator_system_mig_7series_0_0_mig/u_memc_ui_top_axi/mem_intfc0/ddr_phy_top0/u_ddr_mc_phy_wrapper/u_ddr_mc_phy/ddr_phy_4lanes_0.u_ddr_phy_4lanes/ddr_byte_lane_D.ddr_byte_lane_D/ddr_byte_group_io/dqs_gen.oddr_dqsts
  -------------------------------------------------------------------
                         required time                         11.792    
                         arrival time                         -10.277    
  -------------------------------------------------------------------
                         slack                                  1.515    





Min Delay Paths
--------------------------------------------------------------------------------------
Slack (MET) :             0.408ns  (arrival time - required time)
  Source:                 cnn_accelerator_system_i/mig_7series_0/u_cnn_accelerator_system_mig_7series_0_0_mig/u_memc_ui_top_axi/mem_intfc0/ddr_phy_top0/u_ddr_mc_phy_wrapper/u_ddr_mc_phy/ddr_phy_4lanes_0.u_ddr_phy_4lanes/ddr_byte_lane_D.ddr_byte_lane_D/phaser_out/OCLKDELAYED
                            (rising edge-triggered cell PHASER_OUT_PHY clocked by oserdes_clk_3  {rise@0.000ns fall@1.538ns period=3.077ns})
  Destination:            cnn_accelerator_system_i/mig_7series_0/u_cnn_accelerator_system_mig_7series_0_0_mig/u_memc_ui_top_axi/mem_intfc0/ddr_phy_top0/u_ddr_mc_phy_wrapper/u_ddr_mc_phy/ddr_phy_4lanes_0.u_ddr_phy_4lanes/ddr_byte_lane_D.ddr_byte_lane_D/ddr_byte_group_io/dqs_gen.oddr_dqs/D2
                            (rising edge-triggered cell ODDR clocked by oserdes_clk_3  {rise@0.000ns fall@1.538ns period=3.077ns})
  Path Group:             oserdes_clk_3
  Path Type:              Hold (Min at Fast Process Corner)
  Requirement:            0.000ns  (oserdes_clk_3 rise@0.000ns - oserdes_clk_3 rise@0.000ns)
  Data Path Delay:        0.496ns  (logic 0.346ns (69.715%)  route 0.150ns (30.285%))
  Logic Levels:           0  
  Clock Path Skew:        0.181ns (DCD - SCD - CPR)
    Destination Clock Delay (DCD):    5.312ns
    Source Clock Delay      (SCD):    4.505ns
    Clock Pessimism Removal (CPR):    0.626ns

    Location             Delay type                Incr(ns)  Path(ns)    Netlist Resource(s)
  -------------------------------------------------------------------    -------------------
                         (clock oserdes_clk_3 rise edge)
                                                      0.000     0.000 r  
    E3                                                0.000     0.000 r  CLK100MHZ (IN)
                         net (fo=0)                   0.000     0.000    CLK100MHZ
    E3                   IBUF (Prop_ibuf_I_O)         0.250     0.250 r  CLK100MHZ_IBUF_inst/O
                         net (fo=1, routed)           0.644     0.894    cnn_accelerator_system_i/util_ds_buf_0/U0/BUFG_I[0]
    BUFGCTRL_X0Y16       BUFG (Prop_bufg_I_O)         0.026     0.920 r  cnn_accelerator_system_i/util_ds_buf_0/U0/USE_BUFG.GEN_BUFG[0].BUFG_U/O
                         net (fo=2, routed)           0.566     1.485    cnn_accelerator_system_i/mig_7series_0/u_cnn_accelerator_system_mig_7series_0_0_mig/u_ddr3_infrastructure/mmcm_clk
    PLLE2_ADV_X1Y1       PLLE2_ADV (Prop_plle2_adv_CLKIN1_CLKOUT1)
                                                      0.050     1.535 r  cnn_accelerator_system_i/mig_7series_0/u_cnn_accelerator_system_mig_7series_0_0_mig/u_ddr3_infrastructure/plle2_i/CLKOUT1
                         net (fo=7, routed)           0.190     1.725    cnn_accelerator_system_i/mig_7series_0/u_cnn_accelerator_system_mig_7series_0_0_mig/u_memc_ui_top_axi/mem_intfc0/ddr_phy_top0/u_ddr_mc_phy_wrapper/u_ddr_mc_phy/ddr_phy_4lanes_0.u_ddr_phy_4lanes/ddr_byte_lane_D.ddr_byte_lane_D/mem_refclk
    PHASER_OUT_PHY_X1Y7  PHASER_OUT_PHY (Prop_phaser_out_phy_MEMREFCLK_OCLK)
                                                      2.135     3.860 r  cnn_accelerator_system_i/mig_7series_0/u_cnn_accelerator_system_mig_7series_0_0_mig/u_memc_ui_top_axi/mem_intfc0/ddr_phy_top0/u_ddr_mc_phy_wrapper/u_ddr_mc_phy/ddr_phy_4lanes_0.u_ddr_phy_4lanes/ddr_byte_lane_D.ddr_byte_lane_D/phaser_out/OCLK
    PHASER_OUT_PHY_X1Y7  PHASER_OUT_PHY (Prop_phaser_out_phy_OCLK_OCLKDELAYED)
                                                      0.645     4.505 r  cnn_accelerator_system_i/mig_7series_0/u_cnn_accelerator_system_mig_7series_0_0_mig/u_memc_ui_top_axi/mem_intfc0/ddr_phy_top0/u_ddr_mc_phy_wrapper/u_ddr_mc_phy/ddr_phy_4lanes_0.u_ddr_phy_4lanes/ddr_byte_lane_D.ddr_byte_lane_D/phaser_out/OCLKDELAYED
  -------------------------------------------------------------------    -------------------
    PHASER_OUT_PHY_X1Y7  PHASER_OUT_PHY (Prop_phaser_out_phy_OCLKDELAYED_DQSBUS[1])
                                                      0.346     4.851 r  cnn_accelerator_system_i/mig_7series_0/u_cnn_accelerator_system_mig_7series_0_0_mig/u_memc_ui_top_axi/mem_intfc0/ddr_phy_top0/u_ddr_mc_phy_wrapper/u_ddr_mc_phy/ddr_phy_4lanes_0.u_ddr_phy_4lanes/ddr_byte_lane_D.ddr_byte_lane_D/phaser_out/DQSBUS[1]
                         net (fo=1, routed)           0.150     5.001    cnn_accelerator_system_i/mig_7series_0/u_cnn_accelerator_system_mig_7series_0_0_mig/u_memc_ui_top_axi/mem_intfc0/ddr_phy_top0/u_ddr_mc_phy_wrapper/u_ddr_mc_phy/ddr_phy_4lanes_0.u_ddr_phy_4lanes/ddr_byte_lane_D.ddr_byte_lane_D/ddr_byte_group_io/DQSBUS[1]
    OLOGIC_X1Y94         ODDR                                         r  cnn_accelerator_system_i/mig_7series_0/u_cnn_accelerator_system_mig_7series_0_0_mig/u_memc_ui_top_axi/mem_intfc0/ddr_phy_top0/u_ddr_mc_phy_wrapper/u_ddr_mc_phy/ddr_phy_4lanes_0.u_ddr_phy_4lanes/ddr_byte_lane_D.ddr_byte_lane_D/ddr_byte_group_io/dqs_gen.oddr_dqs/D2
  -------------------------------------------------------------------    -------------------

                         (clock oserdes_clk_3 rise edge)
                                                      0.000     0.000 r  
    E3                                                0.000     0.000 r  CLK100MHZ (IN)
                         net (fo=0)                   0.000     0.000    CLK100MHZ
    E3                   IBUF (Prop_ibuf_I_O)         0.438     0.438 r  CLK100MHZ_IBUF_inst/O
                         net (fo=1, routed)           0.699     1.136    cnn_accelerator_system_i/util_ds_buf_0/U0/BUFG_I[0]
    BUFGCTRL_X0Y16       BUFG (Prop_bufg_I_O)         0.029     1.165 r  cnn_accelerator_system_i/util_ds_buf_0/U0/USE_BUFG.GEN_BUFG[0].BUFG_U/O
                         net (fo=2, routed)           0.835     2.000    cnn_accelerator_system_i/mig_7series_0/u_cnn_accelerator_system_mig_7series_0_0_mig/u_ddr3_infrastructure/mmcm_clk
    PLLE2_ADV_X1Y1       PLLE2_ADV (Prop_plle2_adv_CLKIN1_CLKOUT1)
                                                      0.053     2.053 r  cnn_accelerator_system_i/mig_7series_0/u_cnn_accelerator_system_mig_7series_0_0_mig/u_ddr3_infrastructure/plle2_i/CLKOUT1
                         net (fo=7, routed)           0.209     2.262    cnn_accelerator_system_i/mig_7series_0/u_cnn_accelerator_system_mig_7series_0_0_mig/u_memc_ui_top_axi/mem_intfc0/ddr_phy_top0/u_ddr_mc_phy_wrapper/u_ddr_mc_phy/ddr_phy_4lanes_0.u_ddr_phy_4lanes/ddr_byte_lane_D.ddr_byte_lane_D/mem_refclk
    PHASER_OUT_PHY_X1Y7  PHASER_OUT_PHY (Prop_phaser_out_phy_MEMREFCLK_OCLK)
                                                      2.184     4.446 r  cnn_accelerator_system_i/mig_7series_0/u_cnn_accelerator_system_mig_7series_0_0_mig/u_memc_ui_top_axi/mem_intfc0/ddr_phy_top0/u_ddr_mc_phy_wrapper/u_ddr_mc_phy/ddr_phy_4lanes_0.u_ddr_phy_4lanes/ddr_byte_lane_D.ddr_byte_lane_D/phaser_out/OCLK
    PHASER_OUT_PHY_X1Y7  PHASER_OUT_PHY (Prop_phaser_out_phy_OCLK_OCLKDELAYED)
                                                      0.685     5.131 r  cnn_accelerator_system_i/mig_7series_0/u_cnn_accelerator_system_mig_7series_0_0_mig/u_memc_ui_top_axi/mem_intfc0/ddr_phy_top0/u_ddr_mc_phy_wrapper/u_ddr_mc_phy/ddr_phy_4lanes_0.u_ddr_phy_4lanes/ddr_byte_lane_D.ddr_byte_lane_D/phaser_out/OCLKDELAYED
                         net (fo=2, routed)           0.181     5.312    cnn_accelerator_system_i/mig_7series_0/u_cnn_accelerator_system_mig_7series_0_0_mig/u_memc_ui_top_axi/mem_intfc0/ddr_phy_top0/u_ddr_mc_phy_wrapper/u_ddr_mc_phy/ddr_phy_4lanes_0.u_ddr_phy_4lanes/ddr_byte_lane_D.ddr_byte_lane_D/ddr_byte_group_io/oserdes_clk_delayed
    OLOGIC_X1Y94         ODDR                                         r  cnn_accelerator_system_i/mig_7series_0/u_cnn_accelerator_system_mig_7series_0_0_mig/u_memc_ui_top_axi/mem_intfc0/ddr_phy_top0/u_ddr_mc_phy_wrapper/u_ddr_mc_phy/ddr_phy_4lanes_0.u_ddr_phy_4lanes/ddr_byte_lane_D.ddr_byte_lane_D/ddr_byte_group_io/dqs_gen.oddr_dqs/C
                         clock pessimism             -0.626     4.686    
    OLOGIC_X1Y94         ODDR (Hold_oddr_C_D2)       -0.093     4.593    cnn_accelerator_system_i/mig_7series_0/u_cnn_accelerator_system_mig_7series_0_0_mig/u_memc_ui_top_axi/mem_intfc0/ddr_phy_top0/u_ddr_mc_phy_wrapper/u_ddr_mc_phy/ddr_phy_4lanes_0.u_ddr_phy_4lanes/ddr_byte_lane_D.ddr_byte_lane_D/ddr_byte_group_io/dqs_gen.oddr_dqs
  -------------------------------------------------------------------
                         required time                         -4.593    
                         arrival time                           5.001    
  -------------------------------------------------------------------
                         slack                                  0.408    





Pulse Width Checks
--------------------------------------------------------------------------------------
Clock Name:         oserdes_clk_3
Waveform(ns):       { 0.000 1.538 }
Period(ns):         3.077
Sources:            { cnn_accelerator_system_i/mig_7series_0/u_cnn_accelerator_system_mig_7series_0_0_mig/u_memc_ui_top_axi/mem_intfc0/ddr_phy_top0/u_ddr_mc_phy_wrapper/u_ddr_mc_phy/ddr_phy_4lanes_0.u_ddr_phy_4lanes/ddr_byte_lane_D.ddr_byte_lane_D/phaser_out/OCLK }

Check Type  Corner  Lib Pin        Reference Pin  Required(ns)  Actual(ns)  Slack(ns)  Location      Pin
Min Period  n/a     OSERDESE2/CLK  n/a            1.667         3.077       1.410      OLOGIC_X1Y88  cnn_accelerator_system_i/mig_7series_0/u_cnn_accelerator_system_mig_7series_0_0_mig/u_memc_ui_top_axi/mem_intfc0/ddr_phy_top0/u_ddr_mc_phy_wrapper/u_ddr_mc_phy/ddr_phy_4lanes_0.u_ddr_phy_4lanes/ddr_byte_lane_D.ddr_byte_lane_D/ddr_byte_group_io/output_[1].oserdes_dq_.ddr.oserdes_dq_i/CLK



---------------------------------------------------------------------------------------------------
From Clock:  oserdes_clkdiv_3
  To Clock:  oserdes_clkdiv_3

Setup :            0  Failing Endpoints,  Worst Slack        4.750ns,  Total Violation        0.000ns
Hold  :            0  Failing Endpoints,  Worst Slack        0.086ns,  Total Violation        0.000ns
PW    :            0  Failing Endpoints,  Worst Slack        0.927ns,  Total Violation        0.000ns
---------------------------------------------------------------------------------------------------


Max Delay Paths
--------------------------------------------------------------------------------------
Slack (MET) :             4.750ns  (required time - arrival time)
  Source:                 cnn_accelerator_system_i/mig_7series_0/u_cnn_accelerator_system_mig_7series_0_0_mig/u_memc_ui_top_axi/mem_intfc0/ddr_phy_top0/u_ddr_mc_phy_wrapper/u_ddr_mc_phy/ddr_phy_4lanes_0.u_ddr_phy_4lanes/ddr_byte_lane_D.ddr_byte_lane_D/out_fifo/RDCLK
                            (rising edge-triggered cell OUT_FIFO clocked by oserdes_clkdiv_3  {rise@0.000ns fall@3.077ns period=6.154ns})
  Destination:            cnn_accelerator_system_i/mig_7series_0/u_cnn_accelerator_system_mig_7series_0_0_mig/u_memc_ui_top_axi/mem_intfc0/ddr_phy_top0/u_ddr_mc_phy_wrapper/u_ddr_mc_phy/ddr_phy_4lanes_0.u_ddr_phy_4lanes/ddr_byte_lane_D.ddr_byte_lane_D/ddr_byte_group_io/output_[6].oserdes_dq_.ddr.oserdes_dq_i/D1
                            (rising edge-triggered cell OSERDESE2 clocked by oserdes_clkdiv_3  {rise@0.000ns fall@3.077ns period=6.154ns})
  Path Group:             oserdes_clkdiv_3
  Path Type:              Setup (Max at Slow Process Corner)
  Requirement:            6.154ns  (oserdes_clkdiv_3 rise@6.154ns - oserdes_clkdiv_3 rise@0.000ns)
  Data Path Delay:        1.142ns  (logic 0.674ns (59.003%)  route 0.468ns (40.996%))
  Logic Levels:           0  
  Clock Path Skew:        0.419ns (DCD - SCD + CPR)
    Destination Clock Delay (DCD):    8.605ns = ( 14.758 - 6.154 ) 
    Source Clock Delay      (SCD):    8.597ns
    Clock Pessimism Removal (CPR):    0.411ns
  Clock Uncertainty:      0.056ns  ((TSJ^2 + DJ^2)^1/2) / 2 + PE
    Total System Jitter     (TSJ):    0.071ns
    Discrete Jitter          (DJ):    0.087ns
    Phase Error              (PE):    0.000ns

    Location             Delay type                Incr(ns)  Path(ns)    Netlist Resource(s)
  -------------------------------------------------------------------    -------------------
                         (clock oserdes_clkdiv_3 rise edge)
                                                      0.000     0.000 r  
    E3                                                0.000     0.000 r  CLK100MHZ (IN)
                         net (fo=0)                   0.000     0.000    CLK100MHZ
    E3                   IBUF (Prop_ibuf_I_O)         1.482     1.482 r  CLK100MHZ_IBUF_inst/O
                         net (fo=1, routed)           2.025     3.506    cnn_accelerator_system_i/util_ds_buf_0/U0/BUFG_I[0]
    BUFGCTRL_X0Y16       BUFG (Prop_bufg_I_O)         0.096     3.602 r  cnn_accelerator_system_i/util_ds_buf_0/U0/USE_BUFG.GEN_BUFG[0].BUFG_U/O
                         net (fo=2, routed)           1.666     5.269    cnn_accelerator_system_i/mig_7series_0/u_cnn_accelerator_system_mig_7series_0_0_mig/u_ddr3_infrastructure/mmcm_clk
    PLLE2_ADV_X1Y1       PLLE2_ADV (Prop_plle2_adv_CLKIN1_CLKOUT1)
                                                      0.088     5.357 r  cnn_accelerator_system_i/mig_7series_0/u_cnn_accelerator_system_mig_7series_0_0_mig/u_ddr3_infrastructure/plle2_i/CLKOUT1
                         net (fo=7, routed)           0.603     5.960    cnn_accelerator_system_i/mig_7series_0/u_cnn_accelerator_system_mig_7series_0_0_mig/u_memc_ui_top_axi/mem_intfc0/ddr_phy_top0/u_ddr_mc_phy_wrapper/u_ddr_mc_phy/ddr_phy_4lanes_0.u_ddr_phy_4lanes/ddr_byte_lane_D.ddr_byte_lane_D/mem_refclk
    PHASER_OUT_PHY_X1Y7  PHASER_OUT_PHY (Prop_phaser_out_phy_MEMREFCLK_OCLK)
                                                      2.480     8.440 r  cnn_accelerator_system_i/mig_7series_0/u_cnn_accelerator_system_mig_7series_0_0_mig/u_memc_ui_top_axi/mem_intfc0/ddr_phy_top0/u_ddr_mc_phy_wrapper/u_ddr_mc_phy/ddr_phy_4lanes_0.u_ddr_phy_4lanes/ddr_byte_lane_D.ddr_byte_lane_D/phaser_out/OCLK
    PHASER_OUT_PHY_X1Y7  PHASER_OUT_PHY (Prop_phaser_out_phy_OCLK_OCLKDIV)
                                                      0.157     8.597 r  cnn_accelerator_system_i/mig_7series_0/u_cnn_accelerator_system_mig_7series_0_0_mig/u_memc_ui_top_axi/mem_intfc0/ddr_phy_top0/u_ddr_mc_phy_wrapper/u_ddr_mc_phy/ddr_phy_4lanes_0.u_ddr_phy_4lanes/ddr_byte_lane_D.ddr_byte_lane_D/phaser_out/OCLKDIV
                         net (fo=11, routed)          0.000     8.597    cnn_accelerator_system_i/mig_7series_0/u_cnn_accelerator_system_mig_7series_0_0_mig/u_memc_ui_top_axi/mem_intfc0/ddr_phy_top0/u_ddr_mc_phy_wrapper/u_ddr_mc_phy/ddr_phy_4lanes_0.u_ddr_phy_4lanes/ddr_byte_lane_D.ddr_byte_lane_D/oserdes_clkdiv
    OUT_FIFO_X1Y7        OUT_FIFO                                     r  cnn_accelerator_system_i/mig_7series_0/u_cnn_accelerator_system_mig_7series_0_0_mig/u_memc_ui_top_axi/mem_intfc0/ddr_phy_top0/u_ddr_mc_phy_wrapper/u_ddr_mc_phy/ddr_phy_4lanes_0.u_ddr_phy_4lanes/ddr_byte_lane_D.ddr_byte_lane_D/out_fifo/RDCLK
  -------------------------------------------------------------------    -------------------
    OUT_FIFO_X1Y7        OUT_FIFO (Prop_out_fifo_RDCLK_Q6[0])
                                                      0.674     9.271 r  cnn_accelerator_system_i/mig_7series_0/u_cnn_accelerator_system_mig_7series_0_0_mig/u_memc_ui_top_axi/mem_intfc0/ddr_phy_top0/u_ddr_mc_phy_wrapper/u_ddr_mc_phy/ddr_phy_4lanes_0.u_ddr_phy_4lanes/ddr_byte_lane_D.ddr_byte_lane_D/out_fifo/Q6[0]
                         net (fo=1, routed)           0.468     9.739    cnn_accelerator_system_i/mig_7series_0/u_cnn_accelerator_system_mig_7series_0_0_mig/u_memc_ui_top_axi/mem_intfc0/ddr_phy_top0/u_ddr_mc_phy_wrapper/u_ddr_mc_phy/ddr_phy_4lanes_0.u_ddr_phy_4lanes/ddr_byte_lane_D.ddr_byte_lane_D/ddr_byte_group_io/of_dqbus[20]
    OLOGIC_X1Y95         OSERDESE2                                    r  cnn_accelerator_system_i/mig_7series_0/u_cnn_accelerator_system_mig_7series_0_0_mig/u_memc_ui_top_axi/mem_intfc0/ddr_phy_top0/u_ddr_mc_phy_wrapper/u_ddr_mc_phy/ddr_phy_4lanes_0.u_ddr_phy_4lanes/ddr_byte_lane_D.ddr_byte_lane_D/ddr_byte_group_io/output_[6].oserdes_dq_.ddr.oserdes_dq_i/D1
  -------------------------------------------------------------------    -------------------

                         (clock oserdes_clkdiv_3 rise edge)
                                                      6.154     6.154 r  
    E3                                                0.000     6.154 r  CLK100MHZ (IN)
                         net (fo=0)                   0.000     6.154    CLK100MHZ
    E3                   IBUF (Prop_ibuf_I_O)         1.411     7.565 r  CLK100MHZ_IBUF_inst/O
                         net (fo=1, routed)           1.920     9.485    cnn_accelerator_system_i/util_ds_buf_0/U0/BUFG_I[0]
    BUFGCTRL_X0Y16       BUFG (Prop_bufg_I_O)         0.091     9.576 r  cnn_accelerator_system_i/util_ds_buf_0/U0/USE_BUFG.GEN_BUFG[0].BUFG_U/O
                         net (fo=2, routed)           1.544    11.120    cnn_accelerator_system_i/mig_7series_0/u_cnn_accelerator_system_mig_7series_0_0_mig/u_ddr3_infrastructure/mmcm_clk
    PLLE2_ADV_X1Y1       PLLE2_ADV (Prop_plle2_adv_CLKIN1_CLKOUT1)
                                                      0.083    11.203 r  cnn_accelerator_system_i/mig_7series_0/u_cnn_accelerator_system_mig_7series_0_0_mig/u_ddr3_infrastructure/plle2_i/CLKOUT1
                         net (fo=7, routed)           0.572    11.775    cnn_accelerator_system_i/mig_7series_0/u_cnn_accelerator_system_mig_7series_0_0_mig/u_memc_ui_top_axi/mem_intfc0/ddr_phy_top0/u_ddr_mc_phy_wrapper/u_ddr_mc_phy/ddr_phy_4lanes_0.u_ddr_phy_4lanes/ddr_byte_lane_D.ddr_byte_lane_D/mem_refclk
    PHASER_OUT_PHY_X1Y7  PHASER_OUT_PHY (Prop_phaser_out_phy_MEMREFCLK_OCLK)
                                                      2.416    14.191 r  cnn_accelerator_system_i/mig_7series_0/u_cnn_accelerator_system_mig_7series_0_0_mig/u_memc_ui_top_axi/mem_intfc0/ddr_phy_top0/u_ddr_mc_phy_wrapper/u_ddr_mc_phy/ddr_phy_4lanes_0.u_ddr_phy_4lanes/ddr_byte_lane_D.ddr_byte_lane_D/phaser_out/OCLK
    PHASER_OUT_PHY_X1Y7  PHASER_OUT_PHY (Prop_phaser_out_phy_OCLK_OCLKDIV)
                                                      0.148    14.339 r  cnn_accelerator_system_i/mig_7series_0/u_cnn_accelerator_system_mig_7series_0_0_mig/u_memc_ui_top_axi/mem_intfc0/ddr_phy_top0/u_ddr_mc_phy_wrapper/u_ddr_mc_phy/ddr_phy_4lanes_0.u_ddr_phy_4lanes/ddr_byte_lane_D.ddr_byte_lane_D/phaser_out/OCLKDIV
                         net (fo=11, routed)          0.419    14.758    cnn_accelerator_system_i/mig_7series_0/u_cnn_accelerator_system_mig_7series_0_0_mig/u_memc_ui_top_axi/mem_intfc0/ddr_phy_top0/u_ddr_mc_phy_wrapper/u_ddr_mc_phy/ddr_phy_4lanes_0.u_ddr_phy_4lanes/ddr_byte_lane_D.ddr_byte_lane_D/ddr_byte_group_io/oserdes_clkdiv
    OLOGIC_X1Y95         OSERDESE2                                    r  cnn_accelerator_system_i/mig_7series_0/u_cnn_accelerator_system_mig_7series_0_0_mig/u_memc_ui_top_axi/mem_intfc0/ddr_phy_top0/u_ddr_mc_phy_wrapper/u_ddr_mc_phy/ddr_phy_4lanes_0.u_ddr_phy_4lanes/ddr_byte_lane_D.ddr_byte_lane_D/ddr_byte_group_io/output_[6].oserdes_dq_.ddr.oserdes_dq_i/CLKDIV
                         clock pessimism              0.411    15.170    
                         clock uncertainty           -0.056    15.114    
    OLOGIC_X1Y95         OSERDESE2 (Setup_oserdese2_CLKDIV_D1)
                                                     -0.625    14.489    cnn_accelerator_system_i/mig_7series_0/u_cnn_accelerator_system_mig_7series_0_0_mig/u_memc_ui_top_axi/mem_intfc0/ddr_phy_top0/u_ddr_mc_phy_wrapper/u_ddr_mc_phy/ddr_phy_4lanes_0.u_ddr_phy_4lanes/ddr_byte_lane_D.ddr_byte_lane_D/ddr_byte_group_io/output_[6].oserdes_dq_.ddr.oserdes_dq_i
  -------------------------------------------------------------------
                         required time                         14.489    
                         arrival time                          -9.739    
  -------------------------------------------------------------------
                         slack                                  4.750    





Min Delay Paths
--------------------------------------------------------------------------------------
Slack (MET) :             0.086ns  (arrival time - required time)
  Source:                 cnn_accelerator_system_i/mig_7series_0/u_cnn_accelerator_system_mig_7series_0_0_mig/u_memc_ui_top_axi/mem_intfc0/ddr_phy_top0/u_ddr_mc_phy_wrapper/u_ddr_mc_phy/ddr_phy_4lanes_0.u_ddr_phy_4lanes/ddr_byte_lane_D.ddr_byte_lane_D/out_fifo/RDCLK
                            (rising edge-triggered cell OUT_FIFO clocked by oserdes_clkdiv_3  {rise@0.000ns fall@3.077ns period=6.154ns})
  Destination:            cnn_accelerator_system_i/mig_7series_0/u_cnn_accelerator_system_mig_7series_0_0_mig/u_memc_ui_top_axi/mem_intfc0/ddr_phy_top0/u_ddr_mc_phy_wrapper/u_ddr_mc_phy/ddr_phy_4lanes_0.u_ddr_phy_4lanes/ddr_byte_lane_D.ddr_byte_lane_D/ddr_byte_group_io/output_[2].oserdes_dq_.ddr.oserdes_dq_i/D2
                            (rising edge-triggered cell OSERDESE2 clocked by oserdes_clkdiv_3  {rise@0.000ns fall@3.077ns period=6.154ns})
  Path Group:             oserdes_clkdiv_3
  Path Type:              Hold (Min at Fast Process Corner)
  Requirement:            0.000ns  (oserdes_clkdiv_3 rise@0.000ns - oserdes_clkdiv_3 rise@0.000ns)
  Data Path Delay:        0.288ns  (logic 0.138ns (47.866%)  route 0.150ns (52.134%))
  Logic Levels:           0  
  Clock Path Skew:        0.183ns (DCD - SCD - CPR)
    Destination Clock Delay (DCD):    4.717ns
    Source Clock Delay      (SCD):    3.943ns
    Clock Pessimism Removal (CPR):    0.591ns

    Location             Delay type                Incr(ns)  Path(ns)    Netlist Resource(s)
  -------------------------------------------------------------------    -------------------
                         (clock oserdes_clkdiv_3 rise edge)
                                                      0.000     0.000 r  
    E3                                                0.000     0.000 r  CLK100MHZ (IN)
                         net (fo=0)                   0.000     0.000    CLK100MHZ
    E3                   IBUF (Prop_ibuf_I_O)         0.250     0.250 r  CLK100MHZ_IBUF_inst/O
                         net (fo=1, routed)           0.644     0.894    cnn_accelerator_system_i/util_ds_buf_0/U0/BUFG_I[0]
    BUFGCTRL_X0Y16       BUFG (Prop_bufg_I_O)         0.026     0.920 r  cnn_accelerator_system_i/util_ds_buf_0/U0/USE_BUFG.GEN_BUFG[0].BUFG_U/O
                         net (fo=2, routed)           0.566     1.485    cnn_accelerator_system_i/mig_7series_0/u_cnn_accelerator_system_mig_7series_0_0_mig/u_ddr3_infrastructure/mmcm_clk
    PLLE2_ADV_X1Y1       PLLE2_ADV (Prop_plle2_adv_CLKIN1_CLKOUT1)
                                                      0.050     1.535 r  cnn_accelerator_system_i/mig_7series_0/u_cnn_accelerator_system_mig_7series_0_0_mig/u_ddr3_infrastructure/plle2_i/CLKOUT1
                         net (fo=7, routed)           0.190     1.725    cnn_accelerator_system_i/mig_7series_0/u_cnn_accelerator_system_mig_7series_0_0_mig/u_memc_ui_top_axi/mem_intfc0/ddr_phy_top0/u_ddr_mc_phy_wrapper/u_ddr_mc_phy/ddr_phy_4lanes_0.u_ddr_phy_4lanes/ddr_byte_lane_D.ddr_byte_lane_D/mem_refclk
    PHASER_OUT_PHY_X1Y7  PHASER_OUT_PHY (Prop_phaser_out_phy_MEMREFCLK_OCLK)
                                                      2.135     3.860 r  cnn_accelerator_system_i/mig_7series_0/u_cnn_accelerator_system_mig_7series_0_0_mig/u_memc_ui_top_axi/mem_intfc0/ddr_phy_top0/u_ddr_mc_phy_wrapper/u_ddr_mc_phy/ddr_phy_4lanes_0.u_ddr_phy_4lanes/ddr_byte_lane_D.ddr_byte_lane_D/phaser_out/OCLK
    PHASER_OUT_PHY_X1Y7  PHASER_OUT_PHY (Prop_phaser_out_phy_OCLK_OCLKDIV)
                                                      0.083     3.943 r  cnn_accelerator_system_i/mig_7series_0/u_cnn_accelerator_system_mig_7series_0_0_mig/u_memc_ui_top_axi/mem_intfc0/ddr_phy_top0/u_ddr_mc_phy_wrapper/u_ddr_mc_phy/ddr_phy_4lanes_0.u_ddr_phy_4lanes/ddr_byte_lane_D.ddr_byte_lane_D/phaser_out/OCLKDIV
                         net (fo=11, routed)          0.000     3.943    cnn_accelerator_system_i/mig_7series_0/u_cnn_accelerator_system_mig_7series_0_0_mig/u_memc_ui_top_axi/mem_intfc0/ddr_phy_top0/u_ddr_mc_phy_wrapper/u_ddr_mc_phy/ddr_phy_4lanes_0.u_ddr_phy_4lanes/ddr_byte_lane_D.ddr_byte_lane_D/oserdes_clkdiv
    OUT_FIFO_X1Y7        OUT_FIFO                                     r  cnn_accelerator_system_i/mig_7series_0/u_cnn_accelerator_system_mig_7series_0_0_mig/u_memc_ui_top_axi/mem_intfc0/ddr_phy_top0/u_ddr_mc_phy_wrapper/u_ddr_mc_phy/ddr_phy_4lanes_0.u_ddr_phy_4lanes/ddr_byte_lane_D.ddr_byte_lane_D/out_fifo/RDCLK
  -------------------------------------------------------------------    -------------------
    OUT_FIFO_X1Y7        OUT_FIFO (Prop_out_fifo_RDCLK_Q2[1])
                                                      0.138     4.081 r  cnn_accelerator_system_i/mig_7series_0/u_cnn_accelerator_system_mig_7series_0_0_mig/u_memc_ui_top_axi/mem_intfc0/ddr_phy_top0/u_ddr_mc_phy_wrapper/u_ddr_mc_phy/ddr_phy_4lanes_0.u_ddr_phy_4lanes/ddr_byte_lane_D.ddr_byte_lane_D/out_fifo/Q2[1]
                         net (fo=1, routed)           0.150     4.232    cnn_accelerator_system_i/mig_7series_0/u_cnn_accelerator_system_mig_7series_0_0_mig/u_memc_ui_top_axi/mem_intfc0/ddr_phy_top0/u_ddr_mc_phy_wrapper/u_ddr_mc_phy/ddr_phy_4lanes_0.u_ddr_phy_4lanes/ddr_byte_lane_D.ddr_byte_lane_D/ddr_byte_group_io/of_dqbus[5]
    OLOGIC_X1Y89         OSERDESE2                                    r  cnn_accelerator_system_i/mig_7series_0/u_cnn_accelerator_system_mig_7series_0_0_mig/u_memc_ui_top_axi/mem_intfc0/ddr_phy_top0/u_ddr_mc_phy_wrapper/u_ddr_mc_phy/ddr_phy_4lanes_0.u_ddr_phy_4lanes/ddr_byte_lane_D.ddr_byte_lane_D/ddr_byte_group_io/output_[2].oserdes_dq_.ddr.oserdes_dq_i/D2
  -------------------------------------------------------------------    -------------------

                         (clock oserdes_clkdiv_3 rise edge)
                                                      0.000     0.000 r  
    E3                                                0.000     0.000 r  CLK100MHZ (IN)
                         net (fo=0)                   0.000     0.000    CLK100MHZ
    E3                   IBUF (Prop_ibuf_I_O)         0.438     0.438 r  CLK100MHZ_IBUF_inst/O
                         net (fo=1, routed)           0.699     1.136    cnn_accelerator_system_i/util_ds_buf_0/U0/BUFG_I[0]
    BUFGCTRL_X0Y16       BUFG (Prop_bufg_I_O)         0.029     1.165 r  cnn_accelerator_system_i/util_ds_buf_0/U0/USE_BUFG.GEN_BUFG[0].BUFG_U/O
                         net (fo=2, routed)           0.835     2.000    cnn_accelerator_system_i/mig_7series_0/u_cnn_accelerator_system_mig_7series_0_0_mig/u_ddr3_infrastructure/mmcm_clk
    PLLE2_ADV_X1Y1       PLLE2_ADV (Prop_plle2_adv_CLKIN1_CLKOUT1)
                                                      0.053     2.053 r  cnn_accelerator_system_i/mig_7series_0/u_cnn_accelerator_system_mig_7series_0_0_mig/u_ddr3_infrastructure/plle2_i/CLKOUT1
                         net (fo=7, routed)           0.209     2.262    cnn_accelerator_system_i/mig_7series_0/u_cnn_accelerator_system_mig_7series_0_0_mig/u_memc_ui_top_axi/mem_intfc0/ddr_phy_top0/u_ddr_mc_phy_wrapper/u_ddr_mc_phy/ddr_phy_4lanes_0.u_ddr_phy_4lanes/ddr_byte_lane_D.ddr_byte_lane_D/mem_refclk
    PHASER_OUT_PHY_X1Y7  PHASER_OUT_PHY (Prop_phaser_out_phy_MEMREFCLK_OCLK)
                                                      2.184     4.446 r  cnn_accelerator_system_i/mig_7series_0/u_cnn_accelerator_system_mig_7series_0_0_mig/u_memc_ui_top_axi/mem_intfc0/ddr_phy_top0/u_ddr_mc_phy_wrapper/u_ddr_mc_phy/ddr_phy_4lanes_0.u_ddr_phy_4lanes/ddr_byte_lane_D.ddr_byte_lane_D/phaser_out/OCLK
    PHASER_OUT_PHY_X1Y7  PHASER_OUT_PHY (Prop_phaser_out_phy_OCLK_OCLKDIV)
                                                      0.088     4.534 r  cnn_accelerator_system_i/mig_7series_0/u_cnn_accelerator_system_mig_7series_0_0_mig/u_memc_ui_top_axi/mem_intfc0/ddr_phy_top0/u_ddr_mc_phy_wrapper/u_ddr_mc_phy/ddr_phy_4lanes_0.u_ddr_phy_4lanes/ddr_byte_lane_D.ddr_byte_lane_D/phaser_out/OCLKDIV
                         net (fo=11, routed)          0.183     4.717    cnn_accelerator_system_i/mig_7series_0/u_cnn_accelerator_system_mig_7series_0_0_mig/u_memc_ui_top_axi/mem_intfc0/ddr_phy_top0/u_ddr_mc_phy_wrapper/u_ddr_mc_phy/ddr_phy_4lanes_0.u_ddr_phy_4lanes/ddr_byte_lane_D.ddr_byte_lane_D/ddr_byte_group_io/oserdes_clkdiv
    OLOGIC_X1Y89         OSERDESE2                                    r  cnn_accelerator_system_i/mig_7series_0/u_cnn_accelerator_system_mig_7series_0_0_mig/u_memc_ui_top_axi/mem_intfc0/ddr_phy_top0/u_ddr_mc_phy_wrapper/u_ddr_mc_phy/ddr_phy_4lanes_0.u_ddr_phy_4lanes/ddr_byte_lane_D.ddr_byte_lane_D/ddr_byte_group_io/output_[2].oserdes_dq_.ddr.oserdes_dq_i/CLKDIV
                         clock pessimism             -0.591     4.126    
    OLOGIC_X1Y89         OSERDESE2 (Hold_oserdese2_CLKDIV_D2)
                                                      0.019     4.145    cnn_accelerator_system_i/mig_7series_0/u_cnn_accelerator_system_mig_7series_0_0_mig/u_memc_ui_top_axi/mem_intfc0/ddr_phy_top0/u_ddr_mc_phy_wrapper/u_ddr_mc_phy/ddr_phy_4lanes_0.u_ddr_phy_4lanes/ddr_byte_lane_D.ddr_byte_lane_D/ddr_byte_group_io/output_[2].oserdes_dq_.ddr.oserdes_dq_i
  -------------------------------------------------------------------
                         required time                         -4.145    
                         arrival time                           4.232    
  -------------------------------------------------------------------
                         slack                                  0.086    





Pulse Width Checks
--------------------------------------------------------------------------------------
Clock Name:         oserdes_clkdiv_3
Waveform(ns):       { 0.000 3.077 }
Period(ns):         6.154
Sources:            { cnn_accelerator_system_i/mig_7series_0/u_cnn_accelerator_system_mig_7series_0_0_mig/u_memc_ui_top_axi/mem_intfc0/ddr_phy_top0/u_ddr_mc_phy_wrapper/u_ddr_mc_phy/ddr_phy_4lanes_0.u_ddr_phy_4lanes/ddr_byte_lane_D.ddr_byte_lane_D/phaser_out/OCLKDIV }

Check Type        Corner  Lib Pin         Reference Pin  Required(ns)  Actual(ns)  Slack(ns)  Location       Pin
Min Period        n/a     OUT_FIFO/RDCLK  n/a            5.000         6.154       1.154      OUT_FIFO_X1Y7  cnn_accelerator_system_i/mig_7series_0/u_cnn_accelerator_system_mig_7series_0_0_mig/u_memc_ui_top_axi/mem_intfc0/ddr_phy_top0/u_ddr_mc_phy_wrapper/u_ddr_mc_phy/ddr_phy_4lanes_0.u_ddr_phy_4lanes/ddr_byte_lane_D.ddr_byte_lane_D/out_fifo/RDCLK
Low Pulse Width   Slow    OUT_FIFO/RDCLK  n/a            2.150         3.077       0.927      OUT_FIFO_X1Y7  cnn_accelerator_system_i/mig_7series_0/u_cnn_accelerator_system_mig_7series_0_0_mig/u_memc_ui_top_axi/mem_intfc0/ddr_phy_top0/u_ddr_mc_phy_wrapper/u_ddr_mc_phy/ddr_phy_4lanes_0.u_ddr_phy_4lanes/ddr_byte_lane_D.ddr_byte_lane_D/out_fifo/RDCLK
High Pulse Width  Slow    OUT_FIFO/RDCLK  n/a            2.150         3.077       0.927      OUT_FIFO_X1Y7  cnn_accelerator_system_i/mig_7series_0/u_cnn_accelerator_system_mig_7series_0_0_mig/u_memc_ui_top_axi/mem_intfc0/ddr_phy_top0/u_ddr_mc_phy_wrapper/u_ddr_mc_phy/ddr_phy_4lanes_0.u_ddr_phy_4lanes/ddr_byte_lane_D.ddr_byte_lane_D/out_fifo/RDCLK



---------------------------------------------------------------------------------------------------
From Clock:  pll_clk3_out
  To Clock:  pll_clk3_out

Setup :           NA  Failing Endpoints,  Worst Slack           NA  ,  Total Violation           NA
Hold  :           NA  Failing Endpoints,  Worst Slack           NA  ,  Total Violation           NA
PW    :            0  Failing Endpoints,  Worst Slack        3.154ns,  Total Violation        0.000ns
---------------------------------------------------------------------------------------------------


Pulse Width Checks
--------------------------------------------------------------------------------------
Clock Name:         pll_clk3_out
Waveform(ns):       { 0.000 6.154 }
Period(ns):         12.308
Sources:            { cnn_accelerator_system_i/mig_7series_0/u_cnn_accelerator_system_mig_7series_0_0_mig/u_ddr3_infrastructure/plle2_i/CLKOUT3 }

Check Type        Corner  Lib Pin            Reference Pin  Required(ns)  Actual(ns)  Slack(ns)  Location         Pin
Min Period        n/a     BUFH/I             n/a            2.155         12.308      10.152     BUFHCE_X1Y12     cnn_accelerator_system_i/mig_7series_0/u_cnn_accelerator_system_mig_7series_0_0_mig/u_ddr3_infrastructure/u_bufh_pll_clk3/I
Max Period        n/a     MMCME2_ADV/CLKIN1  n/a            100.000       12.308      87.692     MMCME2_ADV_X1Y1  cnn_accelerator_system_i/mig_7series_0/u_cnn_accelerator_system_mig_7series_0_0_mig/u_ddr3_infrastructure/gen_mmcm.mmcm_i/CLKIN1
Low Pulse Width   Slow    MMCME2_ADV/CLKIN1  n/a            3.000         6.154       3.154      MMCME2_ADV_X1Y1  cnn_accelerator_system_i/mig_7series_0/u_cnn_accelerator_system_mig_7series_0_0_mig/u_ddr3_infrastructure/gen_mmcm.mmcm_i/CLKIN1
High Pulse Width  Slow    MMCME2_ADV/CLKIN1  n/a            3.000         6.154       3.154      MMCME2_ADV_X1Y1  cnn_accelerator_system_i/mig_7series_0/u_cnn_accelerator_system_mig_7series_0_0_mig/u_ddr3_infrastructure/gen_mmcm.mmcm_i/CLKIN1



---------------------------------------------------------------------------------------------------
From Clock:  clk_div2_bufg_in
  To Clock:  clk_div2_bufg_in

Setup :            0  Failing Endpoints,  Worst Slack        3.129ns,  Total Violation        0.000ns
Hold  :            0  Failing Endpoints,  Worst Slack        0.185ns,  Total Violation        0.000ns
PW    :            0  Failing Endpoints,  Worst Slack        2.577ns,  Total Violation        0.000ns
---------------------------------------------------------------------------------------------------


Max Delay Paths
--------------------------------------------------------------------------------------
Slack (MET) :             3.129ns  (required time - arrival time)
  Source:                 cnn_accelerator_system_i/mig_7series_0/u_cnn_accelerator_system_mig_7series_0_0_mig/u_ddr3_infrastructure/rstdiv2_sync_r_reg[6]/C
                            (rising edge-triggered cell FDPE clocked by clk_div2_bufg_in  {rise@0.000ns fall@3.077ns period=6.154ns})
  Destination:            cnn_accelerator_system_i/mig_7series_0/u_cnn_accelerator_system_mig_7series_0_0_mig/u_ddr3_infrastructure/rstdiv2_sync_r_reg[7]/D
                            (rising edge-triggered cell FDPE clocked by clk_div2_bufg_in  {rise@0.000ns fall@3.077ns period=6.154ns})
  Path Group:             clk_div2_bufg_in
  Path Type:              Setup (Max at Slow Process Corner)
  Requirement:            6.154ns  (clk_div2_bufg_in rise@6.154ns - clk_div2_bufg_in rise@0.000ns)
  Data Path Delay:        2.685ns  (logic 0.456ns (16.983%)  route 2.229ns (83.017%))
  Logic Levels:           0  
  Clock Path Skew:        -0.198ns (DCD - SCD + CPR)
    Destination Clock Delay (DCD):    7.215ns = ( 13.368 - 6.154 ) 
    Source Clock Delay      (SCD):    7.770ns
    Clock Pessimism Removal (CPR):    0.357ns
  Clock Uncertainty:      0.084ns  ((TSJ^2 + DJ^2)^1/2) / 2 + PE
    Total System Jitter     (TSJ):    0.071ns
    Discrete Jitter          (DJ):    0.152ns
    Phase Error              (PE):    0.000ns

    Location             Delay type                Incr(ns)  Path(ns)    Netlist Resource(s)
  -------------------------------------------------------------------    -------------------
                         (clock clk_div2_bufg_in rise edge)
                                                      0.000     0.000 r  
    E3                                                0.000     0.000 r  CLK100MHZ (IN)
                         net (fo=0)                   0.000     0.000    CLK100MHZ
    E3                   IBUF (Prop_ibuf_I_O)         1.482     1.482 r  CLK100MHZ_IBUF_inst/O
                         net (fo=1, routed)           2.025     3.506    cnn_accelerator_system_i/util_ds_buf_0/U0/BUFG_I[0]
    BUFGCTRL_X0Y16       BUFG (Prop_bufg_I_O)         0.096     3.602 r  cnn_accelerator_system_i/util_ds_buf_0/U0/USE_BUFG.GEN_BUFG[0].BUFG_U/O
                         net (fo=2, routed)           1.666     5.269    cnn_accelerator_system_i/mig_7series_0/u_cnn_accelerator_system_mig_7series_0_0_mig/u_ddr3_infrastructure/mmcm_clk
    PLLE2_ADV_X1Y1       PLLE2_ADV (Prop_plle2_adv_CLKIN1_CLKOUT3)
                                                      0.088     5.357 r  cnn_accelerator_system_i/mig_7series_0/u_cnn_accelerator_system_mig_7series_0_0_mig/u_ddr3_infrastructure/plle2_i/CLKOUT3
                         net (fo=1, routed)           1.281     6.638    cnn_accelerator_system_i/mig_7series_0/u_cnn_accelerator_system_mig_7series_0_0_mig/u_ddr3_infrastructure/pll_clk3_out
    BUFHCE_X1Y12         BUFH (Prop_bufh_I_O)         0.127     6.765 r  cnn_accelerator_system_i/mig_7series_0/u_cnn_accelerator_system_mig_7series_0_0_mig/u_ddr3_infrastructure/u_bufh_pll_clk3/O
                         net (fo=1, routed)           0.841     7.606    cnn_accelerator_system_i/mig_7series_0/u_cnn_accelerator_system_mig_7series_0_0_mig/u_ddr3_infrastructure/pll_clk3
    MMCME2_ADV_X1Y1      MMCME2_ADV (Prop_mmcme2_adv_CLKIN1_CLKOUT1)
                                                     -3.457     4.149 r  cnn_accelerator_system_i/mig_7series_0/u_cnn_accelerator_system_mig_7series_0_0_mig/u_ddr3_infrastructure/gen_mmcm.mmcm_i/CLKOUT1
                         net (fo=1, routed)           1.719     5.868    cnn_accelerator_system_i/mig_7series_0/u_cnn_accelerator_system_mig_7series_0_0_mig/u_ddr3_infrastructure/clk_div2_bufg_in
    BUFGCTRL_X0Y5        BUFG (Prop_bufg_I_O)         0.096     5.964 r  cnn_accelerator_system_i/mig_7series_0/u_cnn_accelerator_system_mig_7series_0_0_mig/u_ddr3_infrastructure/gen_mmcm.u_bufg_clk_div2/O
                         net (fo=13, routed)          1.805     7.770    cnn_accelerator_system_i/mig_7series_0/u_cnn_accelerator_system_mig_7series_0_0_mig/u_ddr3_infrastructure/gen_mmcm.u_bufg_clk_div2_n_0
    SLICE_X20Y18         FDPE                                         r  cnn_accelerator_system_i/mig_7series_0/u_cnn_accelerator_system_mig_7series_0_0_mig/u_ddr3_infrastructure/rstdiv2_sync_r_reg[6]/C
  -------------------------------------------------------------------    -------------------
    SLICE_X20Y18         FDPE (Prop_fdpe_C_Q)         0.456     8.226 r  cnn_accelerator_system_i/mig_7series_0/u_cnn_accelerator_system_mig_7series_0_0_mig/u_ddr3_infrastructure/rstdiv2_sync_r_reg[6]/Q
                         net (fo=1, routed)           2.229    10.455    cnn_accelerator_system_i/mig_7series_0/u_cnn_accelerator_system_mig_7series_0_0_mig/u_ddr3_infrastructure/rstdiv2_sync_r[6]
    SLICE_X7Y57          FDPE                                         r  cnn_accelerator_system_i/mig_7series_0/u_cnn_accelerator_system_mig_7series_0_0_mig/u_ddr3_infrastructure/rstdiv2_sync_r_reg[7]/D
  -------------------------------------------------------------------    -------------------

                         (clock clk_div2_bufg_in rise edge)
                                                      6.154     6.154 r  
    E3                                                0.000     6.154 r  CLK100MHZ (IN)
                         net (fo=0)                   0.000     6.154    CLK100MHZ
    E3                   IBUF (Prop_ibuf_I_O)         1.411     7.565 r  CLK100MHZ_IBUF_inst/O
                         net (fo=1, routed)           1.920     9.485    cnn_accelerator_system_i/util_ds_buf_0/U0/BUFG_I[0]
    BUFGCTRL_X0Y16       BUFG (Prop_bufg_I_O)         0.091     9.576 r  cnn_accelerator_system_i/util_ds_buf_0/U0/USE_BUFG.GEN_BUFG[0].BUFG_U/O
                         net (fo=2, routed)           1.544    11.120    cnn_accelerator_system_i/mig_7series_0/u_cnn_accelerator_system_mig_7series_0_0_mig/u_ddr3_infrastructure/mmcm_clk
    PLLE2_ADV_X1Y1       PLLE2_ADV (Prop_plle2_adv_CLKIN1_CLKOUT3)
                                                      0.083    11.203 r  cnn_accelerator_system_i/mig_7series_0/u_cnn_accelerator_system_mig_7series_0_0_mig/u_ddr3_infrastructure/plle2_i/CLKOUT3
                         net (fo=1, routed)           1.205    12.408    cnn_accelerator_system_i/mig_7series_0/u_cnn_accelerator_system_mig_7series_0_0_mig/u_ddr3_infrastructure/pll_clk3_out
    BUFHCE_X1Y12         BUFH (Prop_bufh_I_O)         0.081    12.489 r  cnn_accelerator_system_i/mig_7series_0/u_cnn_accelerator_system_mig_7series_0_0_mig/u_ddr3_infrastructure/u_bufh_pll_clk3/O
                         net (fo=1, routed)           0.799    13.288    cnn_accelerator_system_i/mig_7series_0/u_cnn_accelerator_system_mig_7series_0_0_mig/u_ddr3_infrastructure/pll_clk3
    MMCME2_ADV_X1Y1      MMCME2_ADV (Prop_mmcme2_adv_CLKIN1_CLKOUT1)
                                                     -3.249    10.039 r  cnn_accelerator_system_i/mig_7series_0/u_cnn_accelerator_system_mig_7series_0_0_mig/u_ddr3_infrastructure/gen_mmcm.mmcm_i/CLKOUT1
                         net (fo=1, routed)           1.639    11.678    cnn_accelerator_system_i/mig_7series_0/u_cnn_accelerator_system_mig_7series_0_0_mig/u_ddr3_infrastructure/clk_div2_bufg_in
    BUFGCTRL_X0Y5        BUFG (Prop_bufg_I_O)         0.091    11.769 r  cnn_accelerator_system_i/mig_7series_0/u_cnn_accelerator_system_mig_7series_0_0_mig/u_ddr3_infrastructure/gen_mmcm.u_bufg_clk_div2/O
                         net (fo=13, routed)          1.599    13.368    cnn_accelerator_system_i/mig_7series_0/u_cnn_accelerator_system_mig_7series_0_0_mig/u_ddr3_infrastructure/gen_mmcm.u_bufg_clk_div2_n_0
    SLICE_X7Y57          FDPE                                         r  cnn_accelerator_system_i/mig_7series_0/u_cnn_accelerator_system_mig_7series_0_0_mig/u_ddr3_infrastructure/rstdiv2_sync_r_reg[7]/C
                         clock pessimism              0.357    13.726    
                         clock uncertainty           -0.084    13.642    
    SLICE_X7Y57          FDPE (Setup_fdpe_C_D)       -0.058    13.584    cnn_accelerator_system_i/mig_7series_0/u_cnn_accelerator_system_mig_7series_0_0_mig/u_ddr3_infrastructure/rstdiv2_sync_r_reg[7]
  -------------------------------------------------------------------
                         required time                         13.584    
                         arrival time                         -10.455    
  -------------------------------------------------------------------
                         slack                                  3.129    





Min Delay Paths
--------------------------------------------------------------------------------------
Slack (MET) :             0.185ns  (arrival time - required time)
  Source:                 cnn_accelerator_system_i/mig_7series_0/u_cnn_accelerator_system_mig_7series_0_0_mig/u_ddr3_infrastructure/rstdiv2_sync_r_reg[4]/C
                            (rising edge-triggered cell FDPE clocked by clk_div2_bufg_in  {rise@0.000ns fall@3.077ns period=6.154ns})
  Destination:            cnn_accelerator_system_i/mig_7series_0/u_cnn_accelerator_system_mig_7series_0_0_mig/u_ddr3_infrastructure/rstdiv2_sync_r_reg[5]/D
                            (rising edge-triggered cell FDPE clocked by clk_div2_bufg_in  {rise@0.000ns fall@3.077ns period=6.154ns})
  Path Group:             clk_div2_bufg_in
  Path Type:              Hold (Min at Fast Process Corner)
  Requirement:            0.000ns  (clk_div2_bufg_in rise@0.000ns - clk_div2_bufg_in rise@0.000ns)
  Data Path Delay:        0.255ns  (logic 0.141ns (55.385%)  route 0.114ns (44.615%))
  Logic Levels:           0  
  Clock Path Skew:        0.000ns (DCD - SCD - CPR)
    Destination Clock Delay (DCD):    3.104ns
    Source Clock Delay      (SCD):    2.291ns
    Clock Pessimism Removal (CPR):    0.813ns

    Location             Delay type                Incr(ns)  Path(ns)    Netlist Resource(s)
  -------------------------------------------------------------------    -------------------
                         (clock clk_div2_bufg_in rise edge)
                                                      0.000     0.000 r  
    E3                                                0.000     0.000 r  CLK100MHZ (IN)
                         net (fo=0)                   0.000     0.000    CLK100MHZ
    E3                   IBUF (Prop_ibuf_I_O)         0.250     0.250 r  CLK100MHZ_IBUF_inst/O
                         net (fo=1, routed)           0.644     0.894    cnn_accelerator_system_i/util_ds_buf_0/U0/BUFG_I[0]
    BUFGCTRL_X0Y16       BUFG (Prop_bufg_I_O)         0.026     0.920 r  cnn_accelerator_system_i/util_ds_buf_0/U0/USE_BUFG.GEN_BUFG[0].BUFG_U/O
                         net (fo=2, routed)           0.566     1.485    cnn_accelerator_system_i/mig_7series_0/u_cnn_accelerator_system_mig_7series_0_0_mig/u_ddr3_infrastructure/mmcm_clk
    PLLE2_ADV_X1Y1       PLLE2_ADV (Prop_plle2_adv_CLKIN1_CLKOUT3)
                                                      0.050     1.535 r  cnn_accelerator_system_i/mig_7series_0/u_cnn_accelerator_system_mig_7series_0_0_mig/u_ddr3_infrastructure/plle2_i/CLKOUT3
                         net (fo=1, routed)           0.394     1.929    cnn_accelerator_system_i/mig_7series_0/u_cnn_accelerator_system_mig_7series_0_0_mig/u_ddr3_infrastructure/pll_clk3_out
    BUFHCE_X1Y12         BUFH (Prop_bufh_I_O)         0.020     1.949 r  cnn_accelerator_system_i/mig_7series_0/u_cnn_accelerator_system_mig_7series_0_0_mig/u_ddr3_infrastructure/u_bufh_pll_clk3/O
                         net (fo=1, routed)           0.269     2.218    cnn_accelerator_system_i/mig_7series_0/u_cnn_accelerator_system_mig_7series_0_0_mig/u_ddr3_infrastructure/pll_clk3
    MMCME2_ADV_X1Y1      MMCME2_ADV (Prop_mmcme2_adv_CLKIN1_CLKOUT1)
                                                     -1.083     1.135 r  cnn_accelerator_system_i/mig_7series_0/u_cnn_accelerator_system_mig_7series_0_0_mig/u_ddr3_infrastructure/gen_mmcm.mmcm_i/CLKOUT1
                         net (fo=1, routed)           0.499     1.634    cnn_accelerator_system_i/mig_7series_0/u_cnn_accelerator_system_mig_7series_0_0_mig/u_ddr3_infrastructure/clk_div2_bufg_in
    BUFGCTRL_X0Y5        BUFG (Prop_bufg_I_O)         0.026     1.660 r  cnn_accelerator_system_i/mig_7series_0/u_cnn_accelerator_system_mig_7series_0_0_mig/u_ddr3_infrastructure/gen_mmcm.u_bufg_clk_div2/O
                         net (fo=13, routed)          0.631     2.291    cnn_accelerator_system_i/mig_7series_0/u_cnn_accelerator_system_mig_7series_0_0_mig/u_ddr3_infrastructure/gen_mmcm.u_bufg_clk_div2_n_0
    SLICE_X20Y18         FDPE                                         r  cnn_accelerator_system_i/mig_7series_0/u_cnn_accelerator_system_mig_7series_0_0_mig/u_ddr3_infrastructure/rstdiv2_sync_r_reg[4]/C
  -------------------------------------------------------------------    -------------------
    SLICE_X20Y18         FDPE (Prop_fdpe_C_Q)         0.141     2.432 r  cnn_accelerator_system_i/mig_7series_0/u_cnn_accelerator_system_mig_7series_0_0_mig/u_ddr3_infrastructure/rstdiv2_sync_r_reg[4]/Q
                         net (fo=1, routed)           0.114     2.546    cnn_accelerator_system_i/mig_7series_0/u_cnn_accelerator_system_mig_7series_0_0_mig/u_ddr3_infrastructure/rstdiv2_sync_r[4]
    SLICE_X20Y18         FDPE                                         r  cnn_accelerator_system_i/mig_7series_0/u_cnn_accelerator_system_mig_7series_0_0_mig/u_ddr3_infrastructure/rstdiv2_sync_r_reg[5]/D
  -------------------------------------------------------------------    -------------------

                         (clock clk_div2_bufg_in rise edge)
                                                      0.000     0.000 r  
    E3                                                0.000     0.000 r  CLK100MHZ (IN)
                         net (fo=0)                   0.000     0.000    CLK100MHZ
    E3                   IBUF (Prop_ibuf_I_O)         0.438     0.438 r  CLK100MHZ_IBUF_inst/O
                         net (fo=1, routed)           0.699     1.136    cnn_accelerator_system_i/util_ds_buf_0/U0/BUFG_I[0]
    BUFGCTRL_X0Y16       BUFG (Prop_bufg_I_O)         0.029     1.165 r  cnn_accelerator_system_i/util_ds_buf_0/U0/USE_BUFG.GEN_BUFG[0].BUFG_U/O
                         net (fo=2, routed)           0.835     2.000    cnn_accelerator_system_i/mig_7series_0/u_cnn_accelerator_system_mig_7series_0_0_mig/u_ddr3_infrastructure/mmcm_clk
    PLLE2_ADV_X1Y1       PLLE2_ADV (Prop_plle2_adv_CLKIN1_CLKOUT3)
                                                      0.053     2.053 r  cnn_accelerator_system_i/mig_7series_0/u_cnn_accelerator_system_mig_7series_0_0_mig/u_ddr3_infrastructure/plle2_i/CLKOUT3
                         net (fo=1, routed)           0.437     2.490    cnn_accelerator_system_i/mig_7series_0/u_cnn_accelerator_system_mig_7series_0_0_mig/u_ddr3_infrastructure/pll_clk3_out
    BUFHCE_X1Y12         BUFH (Prop_bufh_I_O)         0.043     2.533 r  cnn_accelerator_system_i/mig_7series_0/u_cnn_accelerator_system_mig_7series_0_0_mig/u_ddr3_infrastructure/u_bufh_pll_clk3/O
                         net (fo=1, routed)           0.494     3.027    cnn_accelerator_system_i/mig_7series_0/u_cnn_accelerator_system_mig_7series_0_0_mig/u_ddr3_infrastructure/pll_clk3
    MMCME2_ADV_X1Y1      MMCME2_ADV (Prop_mmcme2_adv_CLKIN1_CLKOUT1)
                                                     -1.400     1.627 r  cnn_accelerator_system_i/mig_7series_0/u_cnn_accelerator_system_mig_7series_0_0_mig/u_ddr3_infrastructure/gen_mmcm.mmcm_i/CLKOUT1
                         net (fo=1, routed)           0.544     2.170    cnn_accelerator_system_i/mig_7series_0/u_cnn_accelerator_system_mig_7series_0_0_mig/u_ddr3_infrastructure/clk_div2_bufg_in
    BUFGCTRL_X0Y5        BUFG (Prop_bufg_I_O)         0.029     2.199 r  cnn_accelerator_system_i/mig_7series_0/u_cnn_accelerator_system_mig_7series_0_0_mig/u_ddr3_infrastructure/gen_mmcm.u_bufg_clk_div2/O
                         net (fo=13, routed)          0.905     3.104    cnn_accelerator_system_i/mig_7series_0/u_cnn_accelerator_system_mig_7series_0_0_mig/u_ddr3_infrastructure/gen_mmcm.u_bufg_clk_div2_n_0
    SLICE_X20Y18         FDPE                                         r  cnn_accelerator_system_i/mig_7series_0/u_cnn_accelerator_system_mig_7series_0_0_mig/u_ddr3_infrastructure/rstdiv2_sync_r_reg[5]/C
                         clock pessimism             -0.813     2.291    
    SLICE_X20Y18         FDPE (Hold_fdpe_C_D)         0.070     2.361    cnn_accelerator_system_i/mig_7series_0/u_cnn_accelerator_system_mig_7series_0_0_mig/u_ddr3_infrastructure/rstdiv2_sync_r_reg[5]
  -------------------------------------------------------------------
                         required time                         -2.361    
                         arrival time                           2.546    
  -------------------------------------------------------------------
                         slack                                  0.185    





Pulse Width Checks
--------------------------------------------------------------------------------------
Clock Name:         clk_div2_bufg_in
Waveform(ns):       { 0.000 3.077 }
Period(ns):         6.154
Sources:            { cnn_accelerator_system_i/mig_7series_0/u_cnn_accelerator_system_mig_7series_0_0_mig/u_ddr3_infrastructure/gen_mmcm.mmcm_i/CLKOUT1 }

Check Type        Corner  Lib Pin             Reference Pin  Required(ns)  Actual(ns)  Slack(ns)  Location         Pin
Min Period        n/a     BUFG/I              n/a            2.155         6.154       3.999      BUFGCTRL_X0Y5    cnn_accelerator_system_i/mig_7series_0/u_cnn_accelerator_system_mig_7series_0_0_mig/u_ddr3_infrastructure/gen_mmcm.u_bufg_clk_div2/I
Max Period        n/a     MMCME2_ADV/CLKOUT1  n/a            213.360       6.154       207.206    MMCME2_ADV_X1Y1  cnn_accelerator_system_i/mig_7series_0/u_cnn_accelerator_system_mig_7series_0_0_mig/u_ddr3_infrastructure/gen_mmcm.mmcm_i/CLKOUT1
Low Pulse Width   Slow    FDPE/C              n/a            0.500         3.077       2.577      SLICE_X7Y57      cnn_accelerator_system_i/mig_7series_0/u_cnn_accelerator_system_mig_7series_0_0_mig/u_ddr3_infrastructure/rstdiv2_sync_r1_reg/C
High Pulse Width  Slow    FDPE/C              n/a            0.500         3.077       2.577      SLICE_X7Y57      cnn_accelerator_system_i/mig_7series_0/u_cnn_accelerator_system_mig_7series_0_0_mig/u_ddr3_infrastructure/rstdiv2_sync_r1_reg/C



---------------------------------------------------------------------------------------------------
From Clock:  clk_pll_i
  To Clock:  clk_pll_i

Setup :            0  Failing Endpoints,  Worst Slack        2.285ns,  Total Violation        0.000ns
Hold  :            0  Failing Endpoints,  Worst Slack        0.022ns,  Total Violation        0.000ns
PW    :            0  Failing Endpoints,  Worst Slack        4.004ns,  Total Violation        0.000ns
---------------------------------------------------------------------------------------------------


Max Delay Paths
--------------------------------------------------------------------------------------
Slack (MET) :             2.285ns  (required time - arrival time)
  Source:                 cnn_accelerator_system_i/mig_7series_0/u_cnn_accelerator_system_mig_7series_0_0_mig/u_memc_ui_top_axi/mem_intfc0/ddr_phy_top0/u_ddr_calib_top/u_ddr_phy_init/init_state_r_reg[2]/C
                            (rising edge-triggered cell FDRE clocked by clk_pll_i  {rise@0.000ns fall@6.154ns period=12.308ns})
  Destination:            cnn_accelerator_system_i/mig_7series_0/u_cnn_accelerator_system_mig_7series_0_0_mig/u_memc_ui_top_axi/mem_intfc0/ddr_phy_top0/u_ddr_calib_top/u_ddr_phy_init/burst_addr_r_reg/D
                            (rising edge-triggered cell FDRE clocked by clk_pll_i  {rise@0.000ns fall@6.154ns period=12.308ns})
  Path Group:             clk_pll_i
  Path Type:              Setup (Max at Slow Process Corner)
  Requirement:            12.308ns  (clk_pll_i rise@12.308ns - clk_pll_i rise@0.000ns)
  Data Path Delay:        9.962ns  (logic 1.445ns (14.505%)  route 8.517ns (85.495%))
  Logic Levels:           5  (LUT2=2 LUT4=1 LUT6=2)
  Clock Path Skew:        -0.021ns (DCD - SCD + CPR)
    Destination Clock Delay (DCD):    7.115ns = ( 19.422 - 12.308 ) 
    Source Clock Delay      (SCD):    7.582ns
    Clock Pessimism Removal (CPR):    0.446ns
  Clock Uncertainty:      0.068ns  ((TSJ^2 + DJ^2)^1/2) / 2 + PE
    Total System Jitter     (TSJ):    0.071ns
    Discrete Jitter          (DJ):    0.116ns
    Phase Error              (PE):    0.000ns

    Location             Delay type                Incr(ns)  Path(ns)    Netlist Resource(s)
  -------------------------------------------------------------------    -------------------
                         (clock clk_pll_i rise edge)
                                                      0.000     0.000 r  
    E3                                                0.000     0.000 r  CLK100MHZ (IN)
                         net (fo=0)                   0.000     0.000    CLK100MHZ
    E3                   IBUF (Prop_ibuf_I_O)         1.482     1.482 r  CLK100MHZ_IBUF_inst/O
                         net (fo=1, routed)           2.025     3.506    cnn_accelerator_system_i/util_ds_buf_0/U0/BUFG_I[0]
    BUFGCTRL_X0Y16       BUFG (Prop_bufg_I_O)         0.096     3.602 r  cnn_accelerator_system_i/util_ds_buf_0/U0/USE_BUFG.GEN_BUFG[0].BUFG_U/O
                         net (fo=2, routed)           1.666     5.269    cnn_accelerator_system_i/mig_7series_0/u_cnn_accelerator_system_mig_7series_0_0_mig/u_ddr3_infrastructure/mmcm_clk
    PLLE2_ADV_X1Y1       PLLE2_ADV (Prop_plle2_adv_CLKIN1_CLKOUT3)
                                                      0.088     5.357 r  cnn_accelerator_system_i/mig_7series_0/u_cnn_accelerator_system_mig_7series_0_0_mig/u_ddr3_infrastructure/plle2_i/CLKOUT3
                         net (fo=1, routed)           1.281     6.638    cnn_accelerator_system_i/mig_7series_0/u_cnn_accelerator_system_mig_7series_0_0_mig/u_ddr3_infrastructure/pll_clk3_out
    BUFHCE_X1Y12         BUFH (Prop_bufh_I_O)         0.127     6.765 r  cnn_accelerator_system_i/mig_7series_0/u_cnn_accelerator_system_mig_7series_0_0_mig/u_ddr3_infrastructure/u_bufh_pll_clk3/O
                         net (fo=1, routed)           0.841     7.606    cnn_accelerator_system_i/mig_7series_0/u_cnn_accelerator_system_mig_7series_0_0_mig/u_ddr3_infrastructure/pll_clk3
    MMCME2_ADV_X1Y1      MMCME2_ADV (Prop_mmcme2_adv_CLKIN1_CLKFBOUT)
                                                     -3.457     4.149 r  cnn_accelerator_system_i/mig_7series_0/u_cnn_accelerator_system_mig_7series_0_0_mig/u_ddr3_infrastructure/gen_mmcm.mmcm_i/CLKFBOUT
                         net (fo=1, routed)           1.719     5.868    cnn_accelerator_system_i/mig_7series_0/u_cnn_accelerator_system_mig_7series_0_0_mig/u_ddr3_infrastructure/clk_pll_i
    BUFGCTRL_X0Y0        BUFG (Prop_bufg_I_O)         0.096     5.964 r  cnn_accelerator_system_i/mig_7series_0/u_cnn_accelerator_system_mig_7series_0_0_mig/u_ddr3_infrastructure/u_bufg_clkdiv0/O
                         net (fo=6028, routed)        1.617     7.582    cnn_accelerator_system_i/mig_7series_0/u_cnn_accelerator_system_mig_7series_0_0_mig/u_memc_ui_top_axi/mem_intfc0/ddr_phy_top0/u_ddr_calib_top/u_ddr_phy_init/CLK
    SLICE_X71Y71         FDRE                                         r  cnn_accelerator_system_i/mig_7series_0/u_cnn_accelerator_system_mig_7series_0_0_mig/u_memc_ui_top_axi/mem_intfc0/ddr_phy_top0/u_ddr_calib_top/u_ddr_phy_init/init_state_r_reg[2]/C
  -------------------------------------------------------------------    -------------------
    SLICE_X71Y71         FDRE (Prop_fdre_C_Q)         0.419     8.001 r  cnn_accelerator_system_i/mig_7series_0/u_cnn_accelerator_system_mig_7series_0_0_mig/u_memc_ui_top_axi/mem_intfc0/ddr_phy_top0/u_ddr_calib_top/u_ddr_phy_init/init_state_r_reg[2]/Q
                         net (fo=112, routed)         3.110    11.111    cnn_accelerator_system_i/mig_7series_0/u_cnn_accelerator_system_mig_7series_0_0_mig/u_memc_ui_top_axi/mem_intfc0/ddr_phy_top0/u_ddr_calib_top/u_ddr_phy_init/init_state_r_reg_n_0_[2]
    SLICE_X55Y71         LUT2 (Prop_lut2_I1_O)        0.322    11.433 f  cnn_accelerator_system_i/mig_7series_0/u_cnn_accelerator_system_mig_7series_0_0_mig/u_memc_ui_top_axi/mem_intfc0/ddr_phy_top0/u_ddr_calib_top/u_ddr_phy_init/oclk_wr_cnt[3]_i_5/O
                         net (fo=23, routed)          1.537    12.970    cnn_accelerator_system_i/mig_7series_0/u_cnn_accelerator_system_mig_7series_0_0_mig/u_memc_ui_top_axi/mem_intfc0/ddr_phy_top0/u_ddr_calib_top/u_ddr_phy_init/oclk_wr_cnt[3]_i_5_n_0
    SLICE_X63Y78         LUT6 (Prop_lut6_I5_O)        0.332    13.302 r  cnn_accelerator_system_i/mig_7series_0/u_cnn_accelerator_system_mig_7series_0_0_mig/u_memc_ui_top_axi/mem_intfc0/ddr_phy_top0/u_ddr_calib_top/u_ddr_phy_init/oclk_wr_cnt[3]_i_2/O
                         net (fo=6, routed)           1.163    14.465    cnn_accelerator_system_i/mig_7series_0/u_cnn_accelerator_system_mig_7series_0_0_mig/u_memc_ui_top_axi/mem_intfc0/ddr_phy_top0/u_ddr_calib_top/u_ddr_phy_init/p_0_in0_in
    SLICE_X71Y70         LUT4 (Prop_lut4_I0_O)        0.124    14.589 r  cnn_accelerator_system_i/mig_7series_0/u_cnn_accelerator_system_mig_7series_0_0_mig/u_memc_ui_top_axi/mem_intfc0/ddr_phy_top0/u_ddr_calib_top/u_ddr_phy_init/calib_wrdata_en_i_1/O
                         net (fo=7, routed)           1.303    15.891    cnn_accelerator_system_i/mig_7series_0/u_cnn_accelerator_system_mig_7series_0_0_mig/u_memc_ui_top_axi/mem_intfc0/ddr_phy_top0/u_ddr_calib_top/u_ddr_phy_init/phy_wrdata_en
    SLICE_X82Y69         LUT2 (Prop_lut2_I1_O)        0.124    16.015 f  cnn_accelerator_system_i/mig_7series_0/u_cnn_accelerator_system_mig_7series_0_0_mig/u_memc_ui_top_axi/mem_intfc0/ddr_phy_top0/u_ddr_calib_top/u_ddr_phy_init/DDR3_1rank.phy_int_cs_n[1]_i_2/O
                         net (fo=5, routed)           1.405    17.420    cnn_accelerator_system_i/mig_7series_0/u_cnn_accelerator_system_mig_7series_0_0_mig/u_memc_ui_top_axi/mem_intfc0/ddr_phy_top0/u_ddr_calib_top/u_ddr_phy_init/DDR3_1rank.phy_int_cs_n[1]_i_2_n_0
    SLICE_X69Y68         LUT6 (Prop_lut6_I3_O)        0.124    17.544 r  cnn_accelerator_system_i/mig_7series_0/u_cnn_accelerator_system_mig_7series_0_0_mig/u_memc_ui_top_axi/mem_intfc0/ddr_phy_top0/u_ddr_calib_top/u_ddr_phy_init/burst_addr_r_i_1/O
                         net (fo=1, routed)           0.000    17.544    cnn_accelerator_system_i/mig_7series_0/u_cnn_accelerator_system_mig_7series_0_0_mig/u_memc_ui_top_axi/mem_intfc0/ddr_phy_top0/u_ddr_calib_top/u_ddr_phy_init/burst_addr_r_i_1_n_0
    SLICE_X69Y68         FDRE                                         r  cnn_accelerator_system_i/mig_7series_0/u_cnn_accelerator_system_mig_7series_0_0_mig/u_memc_ui_top_axi/mem_intfc0/ddr_phy_top0/u_ddr_calib_top/u_ddr_phy_init/burst_addr_r_reg/D
  -------------------------------------------------------------------    -------------------

                         (clock clk_pll_i rise edge)
                                                     12.308    12.308 r  
    E3                                                0.000    12.308 r  CLK100MHZ (IN)
                         net (fo=0)                   0.000    12.308    CLK100MHZ
    E3                   IBUF (Prop_ibuf_I_O)         1.411    13.719 r  CLK100MHZ_IBUF_inst/O
                         net (fo=1, routed)           1.920    15.639    cnn_accelerator_system_i/util_ds_buf_0/U0/BUFG_I[0]
    BUFGCTRL_X0Y16       BUFG (Prop_bufg_I_O)         0.091    15.730 r  cnn_accelerator_system_i/util_ds_buf_0/U0/USE_BUFG.GEN_BUFG[0].BUFG_U/O
                         net (fo=2, routed)           1.544    17.274    cnn_accelerator_system_i/mig_7series_0/u_cnn_accelerator_system_mig_7series_0_0_mig/u_ddr3_infrastructure/mmcm_clk
    PLLE2_ADV_X1Y1       PLLE2_ADV (Prop_plle2_adv_CLKIN1_CLKOUT3)
                                                      0.083    17.357 r  cnn_accelerator_system_i/mig_7series_0/u_cnn_accelerator_system_mig_7series_0_0_mig/u_ddr3_infrastructure/plle2_i/CLKOUT3
                         net (fo=1, routed)           1.205    18.562    cnn_accelerator_system_i/mig_7series_0/u_cnn_accelerator_system_mig_7series_0_0_mig/u_ddr3_infrastructure/pll_clk3_out
    BUFHCE_X1Y12         BUFH (Prop_bufh_I_O)         0.081    18.643 r  cnn_accelerator_system_i/mig_7series_0/u_cnn_accelerator_system_mig_7series_0_0_mig/u_ddr3_infrastructure/u_bufh_pll_clk3/O
                         net (fo=1, routed)           0.799    19.442    cnn_accelerator_system_i/mig_7series_0/u_cnn_accelerator_system_mig_7series_0_0_mig/u_ddr3_infrastructure/pll_clk3
    MMCME2_ADV_X1Y1      MMCME2_ADV (Prop_mmcme2_adv_CLKIN1_CLKFBOUT)
                                                     -3.249    16.193 r  cnn_accelerator_system_i/mig_7series_0/u_cnn_accelerator_system_mig_7series_0_0_mig/u_ddr3_infrastructure/gen_mmcm.mmcm_i/CLKFBOUT
                         net (fo=1, routed)           1.639    17.832    cnn_accelerator_system_i/mig_7series_0/u_cnn_accelerator_system_mig_7series_0_0_mig/u_ddr3_infrastructure/clk_pll_i
    BUFGCTRL_X0Y0        BUFG (Prop_bufg_I_O)         0.091    17.923 r  cnn_accelerator_system_i/mig_7series_0/u_cnn_accelerator_system_mig_7series_0_0_mig/u_ddr3_infrastructure/u_bufg_clkdiv0/O
                         net (fo=6028, routed)        1.499    19.422    cnn_accelerator_system_i/mig_7series_0/u_cnn_accelerator_system_mig_7series_0_0_mig/u_memc_ui_top_axi/mem_intfc0/ddr_phy_top0/u_ddr_calib_top/u_ddr_phy_init/CLK
    SLICE_X69Y68         FDRE                                         r  cnn_accelerator_system_i/mig_7series_0/u_cnn_accelerator_system_mig_7series_0_0_mig/u_memc_ui_top_axi/mem_intfc0/ddr_phy_top0/u_ddr_calib_top/u_ddr_phy_init/burst_addr_r_reg/C
                         clock pessimism              0.446    19.868    
                         clock uncertainty           -0.068    19.800    
    SLICE_X69Y68         FDRE (Setup_fdre_C_D)        0.029    19.829    cnn_accelerator_system_i/mig_7series_0/u_cnn_accelerator_system_mig_7series_0_0_mig/u_memc_ui_top_axi/mem_intfc0/ddr_phy_top0/u_ddr_calib_top/u_ddr_phy_init/burst_addr_r_reg
  -------------------------------------------------------------------
                         required time                         19.829    
                         arrival time                         -17.544    
  -------------------------------------------------------------------
                         slack                                  2.285    





Min Delay Paths
--------------------------------------------------------------------------------------
Slack (MET) :             0.022ns  (arrival time - required time)
  Source:                 cnn_accelerator_system_i/ram_interconnect/m00_couplers/auto_cc/inst/gen_clock_conv.gen_async_conv.asyncfifo_axi/inst_fifo_gen/gaxi_full_lite.gwrite_ch.gwach2.axi_wach/grf.rf/gntv_or_sync_fifo.mem/gdm.dm_gen.dm/gpr1.dout_i_reg[37]/C
                            (rising edge-triggered cell FDRE clocked by clk_pll_i  {rise@0.000ns fall@6.154ns period=12.308ns})
  Destination:            cnn_accelerator_system_i/ram_interconnect/m00_couplers/auto_cc/inst/gen_clock_conv.gen_async_conv.asyncfifo_axi/inst_fifo_gen/gaxi_full_lite.gwrite_ch.gwach2.axi_wach/grf.rf/gntv_or_sync_fifo.mem/goreg_dm.dout_i_reg[37]/D
                            (rising edge-triggered cell FDRE clocked by clk_pll_i  {rise@0.000ns fall@6.154ns period=12.308ns})
  Path Group:             clk_pll_i
  Path Type:              Hold (Min at Fast Process Corner)
  Requirement:            0.000ns  (clk_pll_i rise@0.000ns - clk_pll_i rise@0.000ns)
  Data Path Delay:        0.353ns  (logic 0.141ns (39.899%)  route 0.212ns (60.101%))
  Logic Levels:           0  
  Clock Path Skew:        0.267ns (DCD - SCD - CPR)
    Destination Clock Delay (DCD):    3.102ns
    Source Clock Delay      (SCD):    2.287ns
    Clock Pessimism Removal (CPR):    0.548ns

    Location             Delay type                Incr(ns)  Path(ns)    Netlist Resource(s)
  -------------------------------------------------------------------    -------------------
                         (clock clk_pll_i rise edge)
                                                      0.000     0.000 r  
    E3                                                0.000     0.000 r  CLK100MHZ (IN)
                         net (fo=0)                   0.000     0.000    CLK100MHZ
    E3                   IBUF (Prop_ibuf_I_O)         0.250     0.250 r  CLK100MHZ_IBUF_inst/O
                         net (fo=1, routed)           0.644     0.894    cnn_accelerator_system_i/util_ds_buf_0/U0/BUFG_I[0]
    BUFGCTRL_X0Y16       BUFG (Prop_bufg_I_O)         0.026     0.920 r  cnn_accelerator_system_i/util_ds_buf_0/U0/USE_BUFG.GEN_BUFG[0].BUFG_U/O
                         net (fo=2, routed)           0.566     1.485    cnn_accelerator_system_i/mig_7series_0/u_cnn_accelerator_system_mig_7series_0_0_mig/u_ddr3_infrastructure/mmcm_clk
    PLLE2_ADV_X1Y1       PLLE2_ADV (Prop_plle2_adv_CLKIN1_CLKOUT3)
                                                      0.050     1.535 r  cnn_accelerator_system_i/mig_7series_0/u_cnn_accelerator_system_mig_7series_0_0_mig/u_ddr3_infrastructure/plle2_i/CLKOUT3
                         net (fo=1, routed)           0.394     1.929    cnn_accelerator_system_i/mig_7series_0/u_cnn_accelerator_system_mig_7series_0_0_mig/u_ddr3_infrastructure/pll_clk3_out
    BUFHCE_X1Y12         BUFH (Prop_bufh_I_O)         0.020     1.949 r  cnn_accelerator_system_i/mig_7series_0/u_cnn_accelerator_system_mig_7series_0_0_mig/u_ddr3_infrastructure/u_bufh_pll_clk3/O
                         net (fo=1, routed)           0.269     2.218    cnn_accelerator_system_i/mig_7series_0/u_cnn_accelerator_system_mig_7series_0_0_mig/u_ddr3_infrastructure/pll_clk3
    MMCME2_ADV_X1Y1      MMCME2_ADV (Prop_mmcme2_adv_CLKIN1_CLKFBOUT)
                                                     -1.083     1.135 r  cnn_accelerator_system_i/mig_7series_0/u_cnn_accelerator_system_mig_7series_0_0_mig/u_ddr3_infrastructure/gen_mmcm.mmcm_i/CLKFBOUT
                         net (fo=1, routed)           0.499     1.634    cnn_accelerator_system_i/mig_7series_0/u_cnn_accelerator_system_mig_7series_0_0_mig/u_ddr3_infrastructure/clk_pll_i
    BUFGCTRL_X0Y0        BUFG (Prop_bufg_I_O)         0.026     1.660 r  cnn_accelerator_system_i/mig_7series_0/u_cnn_accelerator_system_mig_7series_0_0_mig/u_ddr3_infrastructure/u_bufg_clkdiv0/O
                         net (fo=6028, routed)        0.627     2.287    cnn_accelerator_system_i/ram_interconnect/m00_couplers/auto_cc/inst/gen_clock_conv.gen_async_conv.asyncfifo_axi/inst_fifo_gen/gaxi_full_lite.gwrite_ch.gwach2.axi_wach/grf.rf/gntv_or_sync_fifo.mem/gdm.dm_gen.dm/m_aclk
    SLICE_X52Y8          FDRE                                         r  cnn_accelerator_system_i/ram_interconnect/m00_couplers/auto_cc/inst/gen_clock_conv.gen_async_conv.asyncfifo_axi/inst_fifo_gen/gaxi_full_lite.gwrite_ch.gwach2.axi_wach/grf.rf/gntv_or_sync_fifo.mem/gdm.dm_gen.dm/gpr1.dout_i_reg[37]/C
  -------------------------------------------------------------------    -------------------
    SLICE_X52Y8          FDRE (Prop_fdre_C_Q)         0.141     2.428 r  cnn_accelerator_system_i/ram_interconnect/m00_couplers/auto_cc/inst/gen_clock_conv.gen_async_conv.asyncfifo_axi/inst_fifo_gen/gaxi_full_lite.gwrite_ch.gwach2.axi_wach/grf.rf/gntv_or_sync_fifo.mem/gdm.dm_gen.dm/gpr1.dout_i_reg[37]/Q
                         net (fo=1, routed)           0.212     2.640    cnn_accelerator_system_i/ram_interconnect/m00_couplers/auto_cc/inst/gen_clock_conv.gen_async_conv.asyncfifo_axi/inst_fifo_gen/gaxi_full_lite.gwrite_ch.gwach2.axi_wach/grf.rf/gntv_or_sync_fifo.mem/gdm.dm_gen.dm_n_21
    SLICE_X50Y6          FDRE                                         r  cnn_accelerator_system_i/ram_interconnect/m00_couplers/auto_cc/inst/gen_clock_conv.gen_async_conv.asyncfifo_axi/inst_fifo_gen/gaxi_full_lite.gwrite_ch.gwach2.axi_wach/grf.rf/gntv_or_sync_fifo.mem/goreg_dm.dout_i_reg[37]/D
  -------------------------------------------------------------------    -------------------

                         (clock clk_pll_i rise edge)
                                                      0.000     0.000 r  
    E3                                                0.000     0.000 r  CLK100MHZ (IN)
                         net (fo=0)                   0.000     0.000    CLK100MHZ
    E3                   IBUF (Prop_ibuf_I_O)         0.438     0.438 r  CLK100MHZ_IBUF_inst/O
                         net (fo=1, routed)           0.699     1.136    cnn_accelerator_system_i/util_ds_buf_0/U0/BUFG_I[0]
    BUFGCTRL_X0Y16       BUFG (Prop_bufg_I_O)         0.029     1.165 r  cnn_accelerator_system_i/util_ds_buf_0/U0/USE_BUFG.GEN_BUFG[0].BUFG_U/O
                         net (fo=2, routed)           0.835     2.000    cnn_accelerator_system_i/mig_7series_0/u_cnn_accelerator_system_mig_7series_0_0_mig/u_ddr3_infrastructure/mmcm_clk
    PLLE2_ADV_X1Y1       PLLE2_ADV (Prop_plle2_adv_CLKIN1_CLKOUT3)
                                                      0.053     2.053 r  cnn_accelerator_system_i/mig_7series_0/u_cnn_accelerator_system_mig_7series_0_0_mig/u_ddr3_infrastructure/plle2_i/CLKOUT3
                         net (fo=1, routed)           0.437     2.490    cnn_accelerator_system_i/mig_7series_0/u_cnn_accelerator_system_mig_7series_0_0_mig/u_ddr3_infrastructure/pll_clk3_out
    BUFHCE_X1Y12         BUFH (Prop_bufh_I_O)         0.043     2.533 r  cnn_accelerator_system_i/mig_7series_0/u_cnn_accelerator_system_mig_7series_0_0_mig/u_ddr3_infrastructure/u_bufh_pll_clk3/O
                         net (fo=1, routed)           0.494     3.027    cnn_accelerator_system_i/mig_7series_0/u_cnn_accelerator_system_mig_7series_0_0_mig/u_ddr3_infrastructure/pll_clk3
    MMCME2_ADV_X1Y1      MMCME2_ADV (Prop_mmcme2_adv_CLKIN1_CLKFBOUT)
                                                     -1.400     1.627 r  cnn_accelerator_system_i/mig_7series_0/u_cnn_accelerator_system_mig_7series_0_0_mig/u_ddr3_infrastructure/gen_mmcm.mmcm_i/CLKFBOUT
                         net (fo=1, routed)           0.544     2.170    cnn_accelerator_system_i/mig_7series_0/u_cnn_accelerator_system_mig_7series_0_0_mig/u_ddr3_infrastructure/clk_pll_i
    BUFGCTRL_X0Y0        BUFG (Prop_bufg_I_O)         0.029     2.199 r  cnn_accelerator_system_i/mig_7series_0/u_cnn_accelerator_system_mig_7series_0_0_mig/u_ddr3_infrastructure/u_bufg_clkdiv0/O
                         net (fo=6028, routed)        0.903     3.102    cnn_accelerator_system_i/ram_interconnect/m00_couplers/auto_cc/inst/gen_clock_conv.gen_async_conv.asyncfifo_axi/inst_fifo_gen/gaxi_full_lite.gwrite_ch.gwach2.axi_wach/grf.rf/gntv_or_sync_fifo.mem/m_aclk
    SLICE_X50Y6          FDRE                                         r  cnn_accelerator_system_i/ram_interconnect/m00_couplers/auto_cc/inst/gen_clock_conv.gen_async_conv.asyncfifo_axi/inst_fifo_gen/gaxi_full_lite.gwrite_ch.gwach2.axi_wach/grf.rf/gntv_or_sync_fifo.mem/goreg_dm.dout_i_reg[37]/C
                         clock pessimism             -0.548     2.554    
    SLICE_X50Y6          FDRE (Hold_fdre_C_D)         0.064     2.618    cnn_accelerator_system_i/ram_interconnect/m00_couplers/auto_cc/inst/gen_clock_conv.gen_async_conv.asyncfifo_axi/inst_fifo_gen/gaxi_full_lite.gwrite_ch.gwach2.axi_wach/grf.rf/gntv_or_sync_fifo.mem/goreg_dm.dout_i_reg[37]
  -------------------------------------------------------------------
                         required time                         -2.618    
                         arrival time                           2.640    
  -------------------------------------------------------------------
                         slack                                  0.022    





Pulse Width Checks
--------------------------------------------------------------------------------------
Clock Name:         clk_pll_i
Waveform(ns):       { 0.000 6.154 }
Period(ns):         12.308
Sources:            { cnn_accelerator_system_i/mig_7series_0/u_cnn_accelerator_system_mig_7series_0_0_mig/u_ddr3_infrastructure/gen_mmcm.mmcm_i/CLKFBOUT }

Check Type        Corner  Lib Pin             Reference Pin  Required(ns)  Actual(ns)  Slack(ns)  Location         Pin
Min Period        n/a     OUT_FIFO/WRCLK      n/a            5.000         12.308      7.308      OUT_FIFO_X1Y4    cnn_accelerator_system_i/mig_7series_0/u_cnn_accelerator_system_mig_7series_0_0_mig/u_memc_ui_top_axi/mem_intfc0/ddr_phy_top0/u_ddr_mc_phy_wrapper/u_ddr_mc_phy/ddr_phy_4lanes_0.u_ddr_phy_4lanes/ddr_byte_lane_A.ddr_byte_lane_A/out_fifo/WRCLK
Max Period        n/a     MMCME2_ADV/CLKFBIN  n/a            100.000       12.308      87.692     MMCME2_ADV_X1Y1  cnn_accelerator_system_i/mig_7series_0/u_cnn_accelerator_system_mig_7series_0_0_mig/u_ddr3_infrastructure/gen_mmcm.mmcm_i/CLKFBIN
Low Pulse Width   Slow    OUT_FIFO/WRCLK      n/a            2.150         6.154       4.004      OUT_FIFO_X1Y4    cnn_accelerator_system_i/mig_7series_0/u_cnn_accelerator_system_mig_7series_0_0_mig/u_memc_ui_top_axi/mem_intfc0/ddr_phy_top0/u_ddr_mc_phy_wrapper/u_ddr_mc_phy/ddr_phy_4lanes_0.u_ddr_phy_4lanes/ddr_byte_lane_A.ddr_byte_lane_A/out_fifo/WRCLK
High Pulse Width  Slow    OUT_FIFO/WRCLK      n/a            2.150         6.154       4.004      OUT_FIFO_X1Y4    cnn_accelerator_system_i/mig_7series_0/u_cnn_accelerator_system_mig_7series_0_0_mig/u_memc_ui_top_axi/mem_intfc0/ddr_phy_top0/u_ddr_mc_phy_wrapper/u_ddr_mc_phy/ddr_phy_4lanes_0.u_ddr_phy_4lanes/ddr_byte_lane_A.ddr_byte_lane_A/out_fifo/WRCLK



---------------------------------------------------------------------------------------------------
From Clock:  mmcm_ps_clk_bufg_in
  To Clock:  mmcm_ps_clk_bufg_in

Setup :            0  Failing Endpoints,  Worst Slack       23.116ns,  Total Violation        0.000ns
Hold  :            0  Failing Endpoints,  Worst Slack        0.221ns,  Total Violation        0.000ns
PW    :            0  Failing Endpoints,  Worst Slack       11.808ns,  Total Violation        0.000ns
---------------------------------------------------------------------------------------------------


Max Delay Paths
--------------------------------------------------------------------------------------
Slack (MET) :             23.116ns  (required time - arrival time)
  Source:                 cnn_accelerator_system_i/mig_7series_0/u_cnn_accelerator_system_mig_7series_0_0_mig/u_ddr3_infrastructure/rst_sync_r_reg[9]/C
                            (rising edge-triggered cell FDPE clocked by mmcm_ps_clk_bufg_in  {rise@0.000ns fall@12.308ns period=24.615ns})
  Destination:            cnn_accelerator_system_i/mig_7series_0/u_cnn_accelerator_system_mig_7series_0_0_mig/u_ddr3_infrastructure/rst_sync_r_reg[10]/D
                            (rising edge-triggered cell FDPE clocked by mmcm_ps_clk_bufg_in  {rise@0.000ns fall@12.308ns period=24.615ns})
  Path Group:             mmcm_ps_clk_bufg_in
  Path Type:              Setup (Max at Slow Process Corner)
  Requirement:            24.615ns  (mmcm_ps_clk_bufg_in rise@24.615ns - mmcm_ps_clk_bufg_in rise@0.000ns)
  Data Path Delay:        1.152ns  (logic 0.478ns (41.501%)  route 0.674ns (58.498%))
  Logic Levels:           0  
  Clock Path Skew:        0.000ns (DCD - SCD + CPR)
    Destination Clock Delay (DCD):    7.296ns = ( 31.912 - 24.615 ) 
    Source Clock Delay      (SCD):    7.774ns
    Clock Pessimism Removal (CPR):    0.477ns
  Clock Uncertainty:      0.110ns  ((TSJ^2 + DJ^2)^1/2) / 2 + PE
    Total System Jitter     (TSJ):    0.071ns
    Discrete Jitter          (DJ):    0.208ns
    Phase Error              (PE):    0.000ns

    Location             Delay type                Incr(ns)  Path(ns)    Netlist Resource(s)
  -------------------------------------------------------------------    -------------------
                         (clock mmcm_ps_clk_bufg_in rise edge)
                                                      0.000     0.000 r  
    E3                                                0.000     0.000 r  CLK100MHZ (IN)
                         net (fo=0)                   0.000     0.000    CLK100MHZ
    E3                   IBUF (Prop_ibuf_I_O)         1.482     1.482 r  CLK100MHZ_IBUF_inst/O
                         net (fo=1, routed)           2.025     3.506    cnn_accelerator_system_i/util_ds_buf_0/U0/BUFG_I[0]
    BUFGCTRL_X0Y16       BUFG (Prop_bufg_I_O)         0.096     3.602 r  cnn_accelerator_system_i/util_ds_buf_0/U0/USE_BUFG.GEN_BUFG[0].BUFG_U/O
                         net (fo=2, routed)           1.666     5.269    cnn_accelerator_system_i/mig_7series_0/u_cnn_accelerator_system_mig_7series_0_0_mig/u_ddr3_infrastructure/mmcm_clk
    PLLE2_ADV_X1Y1       PLLE2_ADV (Prop_plle2_adv_CLKIN1_CLKOUT3)
                                                      0.088     5.357 r  cnn_accelerator_system_i/mig_7series_0/u_cnn_accelerator_system_mig_7series_0_0_mig/u_ddr3_infrastructure/plle2_i/CLKOUT3
                         net (fo=1, routed)           1.281     6.638    cnn_accelerator_system_i/mig_7series_0/u_cnn_accelerator_system_mig_7series_0_0_mig/u_ddr3_infrastructure/pll_clk3_out
    BUFHCE_X1Y12         BUFH (Prop_bufh_I_O)         0.127     6.765 r  cnn_accelerator_system_i/mig_7series_0/u_cnn_accelerator_system_mig_7series_0_0_mig/u_ddr3_infrastructure/u_bufh_pll_clk3/O
                         net (fo=1, routed)           0.841     7.606    cnn_accelerator_system_i/mig_7series_0/u_cnn_accelerator_system_mig_7series_0_0_mig/u_ddr3_infrastructure/pll_clk3
    MMCME2_ADV_X1Y1      MMCME2_ADV (Prop_mmcme2_adv_CLKIN1_CLKOUT0)
                                                     -3.457     4.149 r  cnn_accelerator_system_i/mig_7series_0/u_cnn_accelerator_system_mig_7series_0_0_mig/u_ddr3_infrastructure/gen_mmcm.mmcm_i/CLKOUT0
                         net (fo=1, routed)           1.719     5.868    cnn_accelerator_system_i/mig_7series_0/u_cnn_accelerator_system_mig_7series_0_0_mig/u_ddr3_infrastructure/mmcm_ps_clk_bufg_in
    BUFGCTRL_X0Y6        BUFG (Prop_bufg_I_O)         0.096     5.964 r  cnn_accelerator_system_i/mig_7series_0/u_cnn_accelerator_system_mig_7series_0_0_mig/u_ddr3_infrastructure/gen_mmcm.u_bufg_mmcm_ps_clk/O
                         net (fo=13, routed)          1.809     7.774    cnn_accelerator_system_i/mig_7series_0/u_cnn_accelerator_system_mig_7series_0_0_mig/u_ddr3_infrastructure/gen_mmcm.u_bufg_mmcm_ps_clk_n_0
    SLICE_X8Y32          FDPE                                         r  cnn_accelerator_system_i/mig_7series_0/u_cnn_accelerator_system_mig_7series_0_0_mig/u_ddr3_infrastructure/rst_sync_r_reg[9]/C
  -------------------------------------------------------------------    -------------------
    SLICE_X8Y32          FDPE (Prop_fdpe_C_Q)         0.478     8.252 r  cnn_accelerator_system_i/mig_7series_0/u_cnn_accelerator_system_mig_7series_0_0_mig/u_ddr3_infrastructure/rst_sync_r_reg[9]/Q
                         net (fo=1, routed)           0.674     8.925    cnn_accelerator_system_i/mig_7series_0/u_cnn_accelerator_system_mig_7series_0_0_mig/u_ddr3_infrastructure/rst_sync_r[9]
    SLICE_X8Y32          FDPE                                         r  cnn_accelerator_system_i/mig_7series_0/u_cnn_accelerator_system_mig_7series_0_0_mig/u_ddr3_infrastructure/rst_sync_r_reg[10]/D
  -------------------------------------------------------------------    -------------------

                         (clock mmcm_ps_clk_bufg_in rise edge)
                                                     24.615    24.615 r  
    E3                                                0.000    24.615 r  CLK100MHZ (IN)
                         net (fo=0)                   0.000    24.615    CLK100MHZ
    E3                   IBUF (Prop_ibuf_I_O)         1.411    26.027 r  CLK100MHZ_IBUF_inst/O
                         net (fo=1, routed)           1.920    27.947    cnn_accelerator_system_i/util_ds_buf_0/U0/BUFG_I[0]
    BUFGCTRL_X0Y16       BUFG (Prop_bufg_I_O)         0.091    28.038 r  cnn_accelerator_system_i/util_ds_buf_0/U0/USE_BUFG.GEN_BUFG[0].BUFG_U/O
                         net (fo=2, routed)           1.544    29.582    cnn_accelerator_system_i/mig_7series_0/u_cnn_accelerator_system_mig_7series_0_0_mig/u_ddr3_infrastructure/mmcm_clk
    PLLE2_ADV_X1Y1       PLLE2_ADV (Prop_plle2_adv_CLKIN1_CLKOUT3)
                                                      0.083    29.665 r  cnn_accelerator_system_i/mig_7series_0/u_cnn_accelerator_system_mig_7series_0_0_mig/u_ddr3_infrastructure/plle2_i/CLKOUT3
                         net (fo=1, routed)           1.205    30.870    cnn_accelerator_system_i/mig_7series_0/u_cnn_accelerator_system_mig_7series_0_0_mig/u_ddr3_infrastructure/pll_clk3_out
    BUFHCE_X1Y12         BUFH (Prop_bufh_I_O)         0.081    30.951 r  cnn_accelerator_system_i/mig_7series_0/u_cnn_accelerator_system_mig_7series_0_0_mig/u_ddr3_infrastructure/u_bufh_pll_clk3/O
                         net (fo=1, routed)           0.799    31.750    cnn_accelerator_system_i/mig_7series_0/u_cnn_accelerator_system_mig_7series_0_0_mig/u_ddr3_infrastructure/pll_clk3
    MMCME2_ADV_X1Y1      MMCME2_ADV (Prop_mmcme2_adv_CLKIN1_CLKOUT0)
                                                     -3.249    28.501 r  cnn_accelerator_system_i/mig_7series_0/u_cnn_accelerator_system_mig_7series_0_0_mig/u_ddr3_infrastructure/gen_mmcm.mmcm_i/CLKOUT0
                         net (fo=1, routed)           1.639    30.140    cnn_accelerator_system_i/mig_7series_0/u_cnn_accelerator_system_mig_7series_0_0_mig/u_ddr3_infrastructure/mmcm_ps_clk_bufg_in
    BUFGCTRL_X0Y6        BUFG (Prop_bufg_I_O)         0.091    30.231 r  cnn_accelerator_system_i/mig_7series_0/u_cnn_accelerator_system_mig_7series_0_0_mig/u_ddr3_infrastructure/gen_mmcm.u_bufg_mmcm_ps_clk/O
                         net (fo=13, routed)          1.681    31.912    cnn_accelerator_system_i/mig_7series_0/u_cnn_accelerator_system_mig_7series_0_0_mig/u_ddr3_infrastructure/gen_mmcm.u_bufg_mmcm_ps_clk_n_0
    SLICE_X8Y32          FDPE                                         r  cnn_accelerator_system_i/mig_7series_0/u_cnn_accelerator_system_mig_7series_0_0_mig/u_ddr3_infrastructure/rst_sync_r_reg[10]/C
                         clock pessimism              0.477    32.389    
                         clock uncertainty           -0.110    32.279    
    SLICE_X8Y32          FDPE (Setup_fdpe_C_D)       -0.238    32.041    cnn_accelerator_system_i/mig_7series_0/u_cnn_accelerator_system_mig_7series_0_0_mig/u_ddr3_infrastructure/rst_sync_r_reg[10]
  -------------------------------------------------------------------
                         required time                         32.041    
                         arrival time                          -8.925    
  -------------------------------------------------------------------
                         slack                                 23.116    





Min Delay Paths
--------------------------------------------------------------------------------------
Slack (MET) :             0.221ns  (arrival time - required time)
  Source:                 cnn_accelerator_system_i/mig_7series_0/u_cnn_accelerator_system_mig_7series_0_0_mig/u_ddr3_infrastructure/rst_sync_r_reg[11]/C
                            (rising edge-triggered cell FDPE clocked by mmcm_ps_clk_bufg_in  {rise@0.000ns fall@12.308ns period=24.615ns})
  Destination:            cnn_accelerator_system_i/mig_7series_0/u_cnn_accelerator_system_mig_7series_0_0_mig/u_ddr3_infrastructure/rst_sync_r1_reg/D
                            (rising edge-triggered cell FDPE clocked by mmcm_ps_clk_bufg_in  {rise@0.000ns fall@12.308ns period=24.615ns})
  Path Group:             mmcm_ps_clk_bufg_in
  Path Type:              Hold (Min at Fast Process Corner)
  Requirement:            0.000ns  (mmcm_ps_clk_bufg_in rise@0.000ns - mmcm_ps_clk_bufg_in rise@0.000ns)
  Data Path Delay:        0.280ns  (logic 0.164ns (58.537%)  route 0.116ns (41.463%))
  Logic Levels:           0  
  Clock Path Skew:        0.000ns (DCD - SCD - CPR)
    Destination Clock Delay (DCD):    3.105ns
    Source Clock Delay      (SCD):    2.293ns
    Clock Pessimism Removal (CPR):    0.812ns

    Location             Delay type                Incr(ns)  Path(ns)    Netlist Resource(s)
  -------------------------------------------------------------------    -------------------
                         (clock mmcm_ps_clk_bufg_in rise edge)
                                                      0.000     0.000 r  
    E3                                                0.000     0.000 r  CLK100MHZ (IN)
                         net (fo=0)                   0.000     0.000    CLK100MHZ
    E3                   IBUF (Prop_ibuf_I_O)         0.250     0.250 r  CLK100MHZ_IBUF_inst/O
                         net (fo=1, routed)           0.644     0.894    cnn_accelerator_system_i/util_ds_buf_0/U0/BUFG_I[0]
    BUFGCTRL_X0Y16       BUFG (Prop_bufg_I_O)         0.026     0.920 r  cnn_accelerator_system_i/util_ds_buf_0/U0/USE_BUFG.GEN_BUFG[0].BUFG_U/O
                         net (fo=2, routed)           0.566     1.485    cnn_accelerator_system_i/mig_7series_0/u_cnn_accelerator_system_mig_7series_0_0_mig/u_ddr3_infrastructure/mmcm_clk
    PLLE2_ADV_X1Y1       PLLE2_ADV (Prop_plle2_adv_CLKIN1_CLKOUT3)
                                                      0.050     1.535 r  cnn_accelerator_system_i/mig_7series_0/u_cnn_accelerator_system_mig_7series_0_0_mig/u_ddr3_infrastructure/plle2_i/CLKOUT3
                         net (fo=1, routed)           0.394     1.929    cnn_accelerator_system_i/mig_7series_0/u_cnn_accelerator_system_mig_7series_0_0_mig/u_ddr3_infrastructure/pll_clk3_out
    BUFHCE_X1Y12         BUFH (Prop_bufh_I_O)         0.020     1.949 r  cnn_accelerator_system_i/mig_7series_0/u_cnn_accelerator_system_mig_7series_0_0_mig/u_ddr3_infrastructure/u_bufh_pll_clk3/O
                         net (fo=1, routed)           0.269     2.218    cnn_accelerator_system_i/mig_7series_0/u_cnn_accelerator_system_mig_7series_0_0_mig/u_ddr3_infrastructure/pll_clk3
    MMCME2_ADV_X1Y1      MMCME2_ADV (Prop_mmcme2_adv_CLKIN1_CLKOUT0)
                                                     -1.083     1.135 r  cnn_accelerator_system_i/mig_7series_0/u_cnn_accelerator_system_mig_7series_0_0_mig/u_ddr3_infrastructure/gen_mmcm.mmcm_i/CLKOUT0
                         net (fo=1, routed)           0.499     1.634    cnn_accelerator_system_i/mig_7series_0/u_cnn_accelerator_system_mig_7series_0_0_mig/u_ddr3_infrastructure/mmcm_ps_clk_bufg_in
    BUFGCTRL_X0Y6        BUFG (Prop_bufg_I_O)         0.026     1.660 r  cnn_accelerator_system_i/mig_7series_0/u_cnn_accelerator_system_mig_7series_0_0_mig/u_ddr3_infrastructure/gen_mmcm.u_bufg_mmcm_ps_clk/O
                         net (fo=13, routed)          0.633     2.293    cnn_accelerator_system_i/mig_7series_0/u_cnn_accelerator_system_mig_7series_0_0_mig/u_ddr3_infrastructure/gen_mmcm.u_bufg_mmcm_ps_clk_n_0
    SLICE_X8Y32          FDPE                                         r  cnn_accelerator_system_i/mig_7series_0/u_cnn_accelerator_system_mig_7series_0_0_mig/u_ddr3_infrastructure/rst_sync_r_reg[11]/C
  -------------------------------------------------------------------    -------------------
    SLICE_X8Y32          FDPE (Prop_fdpe_C_Q)         0.164     2.457 r  cnn_accelerator_system_i/mig_7series_0/u_cnn_accelerator_system_mig_7series_0_0_mig/u_ddr3_infrastructure/rst_sync_r_reg[11]/Q
                         net (fo=1, routed)           0.116     2.573    cnn_accelerator_system_i/mig_7series_0/u_cnn_accelerator_system_mig_7series_0_0_mig/u_ddr3_infrastructure/rst_sync_r[11]
    SLICE_X8Y32          FDPE                                         r  cnn_accelerator_system_i/mig_7series_0/u_cnn_accelerator_system_mig_7series_0_0_mig/u_ddr3_infrastructure/rst_sync_r1_reg/D
  -------------------------------------------------------------------    -------------------

                         (clock mmcm_ps_clk_bufg_in rise edge)
                                                      0.000     0.000 r  
    E3                                                0.000     0.000 r  CLK100MHZ (IN)
                         net (fo=0)                   0.000     0.000    CLK100MHZ
    E3                   IBUF (Prop_ibuf_I_O)         0.438     0.438 r  CLK100MHZ_IBUF_inst/O
                         net (fo=1, routed)           0.699     1.136    cnn_accelerator_system_i/util_ds_buf_0/U0/BUFG_I[0]
    BUFGCTRL_X0Y16       BUFG (Prop_bufg_I_O)         0.029     1.165 r  cnn_accelerator_system_i/util_ds_buf_0/U0/USE_BUFG.GEN_BUFG[0].BUFG_U/O
                         net (fo=2, routed)           0.835     2.000    cnn_accelerator_system_i/mig_7series_0/u_cnn_accelerator_system_mig_7series_0_0_mig/u_ddr3_infrastructure/mmcm_clk
    PLLE2_ADV_X1Y1       PLLE2_ADV (Prop_plle2_adv_CLKIN1_CLKOUT3)
                                                      0.053     2.053 r  cnn_accelerator_system_i/mig_7series_0/u_cnn_accelerator_system_mig_7series_0_0_mig/u_ddr3_infrastructure/plle2_i/CLKOUT3
                         net (fo=1, routed)           0.437     2.490    cnn_accelerator_system_i/mig_7series_0/u_cnn_accelerator_system_mig_7series_0_0_mig/u_ddr3_infrastructure/pll_clk3_out
    BUFHCE_X1Y12         BUFH (Prop_bufh_I_O)         0.043     2.533 r  cnn_accelerator_system_i/mig_7series_0/u_cnn_accelerator_system_mig_7series_0_0_mig/u_ddr3_infrastructure/u_bufh_pll_clk3/O
                         net (fo=1, routed)           0.494     3.027    cnn_accelerator_system_i/mig_7series_0/u_cnn_accelerator_system_mig_7series_0_0_mig/u_ddr3_infrastructure/pll_clk3
    MMCME2_ADV_X1Y1      MMCME2_ADV (Prop_mmcme2_adv_CLKIN1_CLKOUT0)
                                                     -1.400     1.627 r  cnn_accelerator_system_i/mig_7series_0/u_cnn_accelerator_system_mig_7series_0_0_mig/u_ddr3_infrastructure/gen_mmcm.mmcm_i/CLKOUT0
                         net (fo=1, routed)           0.544     2.170    cnn_accelerator_system_i/mig_7series_0/u_cnn_accelerator_system_mig_7series_0_0_mig/u_ddr3_infrastructure/mmcm_ps_clk_bufg_in
    BUFGCTRL_X0Y6        BUFG (Prop_bufg_I_O)         0.029     2.199 r  cnn_accelerator_system_i/mig_7series_0/u_cnn_accelerator_system_mig_7series_0_0_mig/u_ddr3_infrastructure/gen_mmcm.u_bufg_mmcm_ps_clk/O
                         net (fo=13, routed)          0.906     3.105    cnn_accelerator_system_i/mig_7series_0/u_cnn_accelerator_system_mig_7series_0_0_mig/u_ddr3_infrastructure/gen_mmcm.u_bufg_mmcm_ps_clk_n_0
    SLICE_X8Y32          FDPE                                         r  cnn_accelerator_system_i/mig_7series_0/u_cnn_accelerator_system_mig_7series_0_0_mig/u_ddr3_infrastructure/rst_sync_r1_reg/C
                         clock pessimism             -0.812     2.293    
    SLICE_X8Y32          FDPE (Hold_fdpe_C_D)         0.059     2.352    cnn_accelerator_system_i/mig_7series_0/u_cnn_accelerator_system_mig_7series_0_0_mig/u_ddr3_infrastructure/rst_sync_r1_reg
  -------------------------------------------------------------------
                         required time                         -2.352    
                         arrival time                           2.573    
  -------------------------------------------------------------------
                         slack                                  0.221    





Pulse Width Checks
--------------------------------------------------------------------------------------
Clock Name:         mmcm_ps_clk_bufg_in
Waveform(ns):       { 0.000 12.308 }
Period(ns):         24.615
Sources:            { cnn_accelerator_system_i/mig_7series_0/u_cnn_accelerator_system_mig_7series_0_0_mig/u_ddr3_infrastructure/gen_mmcm.mmcm_i/CLKOUT0 }

Check Type        Corner  Lib Pin             Reference Pin  Required(ns)  Actual(ns)  Slack(ns)  Location         Pin
Min Period        n/a     BUFG/I              n/a            2.155         24.615      22.460     BUFGCTRL_X0Y6    cnn_accelerator_system_i/mig_7series_0/u_cnn_accelerator_system_mig_7series_0_0_mig/u_ddr3_infrastructure/gen_mmcm.u_bufg_mmcm_ps_clk/I
Max Period        n/a     MMCME2_ADV/CLKOUT0  n/a            213.360       24.615      188.745    MMCME2_ADV_X1Y1  cnn_accelerator_system_i/mig_7series_0/u_cnn_accelerator_system_mig_7series_0_0_mig/u_ddr3_infrastructure/gen_mmcm.mmcm_i/CLKOUT0
Low Pulse Width   Slow    FDPE/C              n/a            0.500         12.308      11.808     SLICE_X8Y32      cnn_accelerator_system_i/mig_7series_0/u_cnn_accelerator_system_mig_7series_0_0_mig/u_ddr3_infrastructure/rst_sync_r1_reg/C
High Pulse Width  Slow    FDPE/C              n/a            0.500         12.308      11.808     SLICE_X8Y32      cnn_accelerator_system_i/mig_7series_0/u_cnn_accelerator_system_mig_7series_0_0_mig/u_ddr3_infrastructure/rst_sync_r1_reg/C



---------------------------------------------------------------------------------------------------
From Clock:  pll_clkfbout
  To Clock:  pll_clkfbout

Setup :           NA  Failing Endpoints,  Worst Slack           NA  ,  Total Violation           NA
Hold  :           NA  Failing Endpoints,  Worst Slack           NA  ,  Total Violation           NA
PW    :            0  Failing Endpoints,  Worst Slack        8.751ns,  Total Violation        0.000ns
---------------------------------------------------------------------------------------------------


Pulse Width Checks
--------------------------------------------------------------------------------------
Clock Name:         pll_clkfbout
Waveform(ns):       { 0.000 5.000 }
Period(ns):         10.000
Sources:            { cnn_accelerator_system_i/mig_7series_0/u_cnn_accelerator_system_mig_7series_0_0_mig/u_ddr3_infrastructure/plle2_i/CLKFBOUT }

Check Type  Corner  Lib Pin             Reference Pin  Required(ns)  Actual(ns)  Slack(ns)  Location        Pin
Min Period  n/a     PLLE2_ADV/CLKFBOUT  n/a            1.249         10.000      8.751      PLLE2_ADV_X1Y1  cnn_accelerator_system_i/mig_7series_0/u_cnn_accelerator_system_mig_7series_0_0_mig/u_ddr3_infrastructure/plle2_i/CLKFBOUT
Max Period  n/a     PLLE2_ADV/CLKFBIN   n/a            52.633        10.000      42.633     PLLE2_ADV_X1Y1  cnn_accelerator_system_i/mig_7series_0/u_cnn_accelerator_system_mig_7series_0_0_mig/u_ddr3_infrastructure/plle2_i/CLKFBIN



---------------------------------------------------------------------------------------------------
From Clock:  sync_pulse
  To Clock:  sync_pulse

Setup :           NA  Failing Endpoints,  Worst Slack           NA  ,  Total Violation           NA
Hold  :           NA  Failing Endpoints,  Worst Slack           NA  ,  Total Violation           NA
PW    :            0  Failing Endpoints,  Worst Slack        1.827ns,  Total Violation        0.000ns
---------------------------------------------------------------------------------------------------


Pulse Width Checks
--------------------------------------------------------------------------------------
Clock Name:         sync_pulse
Waveform(ns):       { 1.346 4.423 }
Period(ns):         49.231
Sources:            { cnn_accelerator_system_i/mig_7series_0/u_cnn_accelerator_system_mig_7series_0_0_mig/u_ddr3_infrastructure/plle2_i/CLKOUT2 }

Check Type        Corner  Lib Pin                Reference Pin  Required(ns)  Actual(ns)  Slack(ns)  Location             Pin
Min Period        n/a     PLLE2_ADV/CLKOUT2      n/a            1.249         49.231      47.982     PLLE2_ADV_X1Y1       cnn_accelerator_system_i/mig_7series_0/u_cnn_accelerator_system_mig_7series_0_0_mig/u_ddr3_infrastructure/plle2_i/CLKOUT2
Max Period        n/a     PLLE2_ADV/CLKOUT2      n/a            160.000       49.231      110.769    PLLE2_ADV_X1Y1       cnn_accelerator_system_i/mig_7series_0/u_cnn_accelerator_system_mig_7series_0_0_mig/u_ddr3_infrastructure/plle2_i/CLKOUT2
High Pulse Width  Slow    PHASER_OUT_PHY/SYNCIN  n/a            1.250         3.077       1.827      PHASER_OUT_PHY_X1Y4  cnn_accelerator_system_i/mig_7series_0/u_cnn_accelerator_system_mig_7series_0_0_mig/u_memc_ui_top_axi/mem_intfc0/ddr_phy_top0/u_ddr_mc_phy_wrapper/u_ddr_mc_phy/ddr_phy_4lanes_0.u_ddr_phy_4lanes/ddr_byte_lane_A.ddr_byte_lane_A/phaser_out/SYNCIN



---------------------------------------------------------------------------------------------------
From Clock:  clk_pll_i
  To Clock:  clk_out1_cnn_accelerator_system_clk_wiz_0_0

Setup :            0  Failing Endpoints,  Worst Slack       10.759ns,  Total Violation        0.000ns
Hold  :           NA  Failing Endpoints,  Worst Slack           NA  ,  Total Violation           NA
---------------------------------------------------------------------------------------------------


Max Delay Paths
--------------------------------------------------------------------------------------
Slack (MET) :             10.759ns  (required time - arrival time)
  Source:                 cnn_accelerator_system_i/ram_interconnect/m00_couplers/auto_cc/inst/gen_clock_conv.gen_async_conv.asyncfifo_axi/inst_fifo_gen/gaxi_full_lite.gwrite_ch.gwach2.axi_wach/grf.rf/gntv_or_sync_fifo.gcx.clkx/rd_pntr_cdc_inst/src_gray_ff_reg[1]/C
                            (rising edge-triggered cell FDRE clocked by clk_pll_i  {rise@0.000ns fall@6.154ns period=12.308ns})
  Destination:            cnn_accelerator_system_i/ram_interconnect/m00_couplers/auto_cc/inst/gen_clock_conv.gen_async_conv.asyncfifo_axi/inst_fifo_gen/gaxi_full_lite.gwrite_ch.gwach2.axi_wach/grf.rf/gntv_or_sync_fifo.gcx.clkx/rd_pntr_cdc_inst/dest_graysync_ff_reg[0][1]/D
                            (rising edge-triggered cell FDRE clocked by clk_out1_cnn_accelerator_system_clk_wiz_0_0  {rise@0.000ns fall@5.000ns period=10.000ns})
  Path Group:             clk_out1_cnn_accelerator_system_clk_wiz_0_0
  Path Type:              Setup (Max at Slow Process Corner)
  Requirement:            12.308ns  (MaxDelay Path 12.308ns)
  Data Path Delay:        1.282ns  (logic 0.478ns (37.294%)  route 0.804ns (62.706%))
  Logic Levels:           0  
  Timing Exception:       MaxDelay Path 12.308ns -datapath_only

    Location             Delay type                Incr(ns)  Path(ns)    Netlist Resource(s)
  -------------------------------------------------------------------    -------------------
    SLICE_X46Y5                                       0.000     0.000 r  cnn_accelerator_system_i/ram_interconnect/m00_couplers/auto_cc/inst/gen_clock_conv.gen_async_conv.asyncfifo_axi/inst_fifo_gen/gaxi_full_lite.gwrite_ch.gwach2.axi_wach/grf.rf/gntv_or_sync_fifo.gcx.clkx/rd_pntr_cdc_inst/src_gray_ff_reg[1]/C
    SLICE_X46Y5          FDRE (Prop_fdre_C_Q)         0.478     0.478 r  cnn_accelerator_system_i/ram_interconnect/m00_couplers/auto_cc/inst/gen_clock_conv.gen_async_conv.asyncfifo_axi/inst_fifo_gen/gaxi_full_lite.gwrite_ch.gwach2.axi_wach/grf.rf/gntv_or_sync_fifo.gcx.clkx/rd_pntr_cdc_inst/src_gray_ff_reg[1]/Q
                         net (fo=1, routed)           0.804     1.282    cnn_accelerator_system_i/ram_interconnect/m00_couplers/auto_cc/inst/gen_clock_conv.gen_async_conv.asyncfifo_axi/inst_fifo_gen/gaxi_full_lite.gwrite_ch.gwach2.axi_wach/grf.rf/gntv_or_sync_fifo.gcx.clkx/rd_pntr_cdc_inst/async_path[1]
    SLICE_X33Y5          FDRE                                         r  cnn_accelerator_system_i/ram_interconnect/m00_couplers/auto_cc/inst/gen_clock_conv.gen_async_conv.asyncfifo_axi/inst_fifo_gen/gaxi_full_lite.gwrite_ch.gwach2.axi_wach/grf.rf/gntv_or_sync_fifo.gcx.clkx/rd_pntr_cdc_inst/dest_graysync_ff_reg[0][1]/D
  -------------------------------------------------------------------    -------------------

                         max delay                   12.308    12.308    
    SLICE_X33Y5          FDRE (Setup_fdre_C_D)       -0.267    12.041    cnn_accelerator_system_i/ram_interconnect/m00_couplers/auto_cc/inst/gen_clock_conv.gen_async_conv.asyncfifo_axi/inst_fifo_gen/gaxi_full_lite.gwrite_ch.gwach2.axi_wach/grf.rf/gntv_or_sync_fifo.gcx.clkx/rd_pntr_cdc_inst/dest_graysync_ff_reg[0][1]
  -------------------------------------------------------------------
                         required time                         12.041    
                         arrival time                          -1.282    
  -------------------------------------------------------------------
                         slack                                 10.759    





---------------------------------------------------------------------------------------------------
From Clock:  clk_pll_i
  To Clock:  clk_out2_cnn_accelerator_system_clk_wiz_0_0

Setup :            0  Failing Endpoints,  Worst Slack       16.351ns,  Total Violation        0.000ns
Hold  :           NA  Failing Endpoints,  Worst Slack           NA  ,  Total Violation           NA
---------------------------------------------------------------------------------------------------


Max Delay Paths
--------------------------------------------------------------------------------------
Slack (MET) :             16.351ns  (required time - arrival time)
  Source:                 cnn_accelerator_system_i/mig_7series_0/u_cnn_accelerator_system_mig_7series_0_0_mig/u_ddr3_infrastructure/rstdiv0_sync_r1_reg_rep/C
                            (rising edge-triggered cell FDPE clocked by clk_pll_i  {rise@0.000ns fall@6.154ns period=12.308ns})
  Destination:            cnn_accelerator_system_i/mig_7series_0/u_cnn_accelerator_system_mig_7series_0_0_mig/temp_mon_enabled.u_tempmon/xadc_supplied_temperature.rst_r1_reg/D
                            (rising edge-triggered cell FDRE clocked by clk_out2_cnn_accelerator_system_clk_wiz_0_0  {rise@0.000ns fall@2.500ns period=5.000ns})
  Path Group:             clk_out2_cnn_accelerator_system_clk_wiz_0_0
  Path Type:              Setup (Max at Slow Process Corner)
  Requirement:            20.000ns  (MaxDelay Path 20.000ns)
  Data Path Delay:        3.544ns  (logic 0.580ns (16.368%)  route 2.964ns (83.632%))
  Logic Levels:           1  (LUT1=1)
  Timing Exception:       MaxDelay Path 20.000ns -datapath_only

    Location             Delay type                Incr(ns)  Path(ns)    Netlist Resource(s)
  -------------------------------------------------------------------    -------------------
    SLICE_X32Y74                                      0.000     0.000 r  cnn_accelerator_system_i/mig_7series_0/u_cnn_accelerator_system_mig_7series_0_0_mig/u_ddr3_infrastructure/rstdiv0_sync_r1_reg_rep/C
    SLICE_X32Y74         FDPE (Prop_fdpe_C_Q)         0.456     0.456 r  cnn_accelerator_system_i/mig_7series_0/u_cnn_accelerator_system_mig_7series_0_0_mig/u_ddr3_infrastructure/rstdiv0_sync_r1_reg_rep/Q
                         net (fo=1, routed)           0.510     0.966    cnn_accelerator_system_i/mig_7series_0/u_cnn_accelerator_system_mig_7series_0_0_mig/u_ddr3_infrastructure/rstdiv0_sync_r1_reg_rep_n_0
    SLICE_X32Y74         LUT1 (Prop_lut1_I0_O)        0.124     1.090 r  cnn_accelerator_system_i/mig_7series_0/u_cnn_accelerator_system_mig_7series_0_0_mig/u_ddr3_infrastructure/rstdiv0_sync_r1_inst/O
                         net (fo=50, routed)          2.454     3.544    cnn_accelerator_system_i/mig_7series_0/u_cnn_accelerator_system_mig_7series_0_0_mig/temp_mon_enabled.u_tempmon/in0
    SLICE_X3Y104         FDRE                                         r  cnn_accelerator_system_i/mig_7series_0/u_cnn_accelerator_system_mig_7series_0_0_mig/temp_mon_enabled.u_tempmon/xadc_supplied_temperature.rst_r1_reg/D
  -------------------------------------------------------------------    -------------------

                         max delay                   20.000    20.000    
    SLICE_X3Y104         FDRE (Setup_fdre_C_D)       -0.105    19.895    cnn_accelerator_system_i/mig_7series_0/u_cnn_accelerator_system_mig_7series_0_0_mig/temp_mon_enabled.u_tempmon/xadc_supplied_temperature.rst_r1_reg
  -------------------------------------------------------------------
                         required time                         19.895    
                         arrival time                          -3.544    
  -------------------------------------------------------------------
                         slack                                 16.351    





---------------------------------------------------------------------------------------------------
From Clock:  clk_out1_cnn_accelerator_system_clk_wiz_0_0
  To Clock:  clk_out3_cnn_accelerator_system_clk_wiz_0_0

Setup :            0  Failing Endpoints,  Worst Slack        0.057ns,  Total Violation        0.000ns
Hold  :           NA  Failing Endpoints,  Worst Slack           NA  ,  Total Violation           NA
---------------------------------------------------------------------------------------------------


Max Delay Paths
--------------------------------------------------------------------------------------
Slack (MET) :             0.057ns  (required time - arrival time)
  Source:                 cnn_accelerator_system_i/rst_clk_wiz_0_100M/U0/ACTIVE_LOW_PR_OUT_DFF[0].FDRE_PER_N/C
                            (rising edge-triggered cell FDRE clocked by clk_out1_cnn_accelerator_system_clk_wiz_0_0  {rise@0.000ns fall@5.000ns period=10.000ns})
  Destination:            cnn_accelerator_system_i/cnn_accelerator_wino_0/inst/rst_leaf_reg_rep__104/PRE
                            (rising edge-triggered cell FDPE clocked by clk_out3_cnn_accelerator_system_clk_wiz_0_0  {rise@0.000ns fall@2.500ns period=5.000ns})
  Path Group:             clk_out3_cnn_accelerator_system_clk_wiz_0_0
  Path Type:              Recovery (Max at Slow Process Corner)
  Requirement:            10.000ns  (MaxDelay Path 10.000ns)
  Data Path Delay:        9.584ns  (logic 0.779ns (8.128%)  route 8.805ns (91.872%))
  Logic Levels:           1  (LUT1=1)
  Timing Exception:       MaxDelay Path 10.000ns -datapath_only

    Location             Delay type                Incr(ns)  Path(ns)    Netlist Resource(s)
  -------------------------------------------------------------------    -------------------
    SLICE_X10Y19                                      0.000     0.000 r  cnn_accelerator_system_i/rst_clk_wiz_0_100M/U0/ACTIVE_LOW_PR_OUT_DFF[0].FDRE_PER_N/C
    SLICE_X10Y19         FDRE (Prop_fdre_C_Q)         0.478     0.478 r  cnn_accelerator_system_i/rst_clk_wiz_0_100M/U0/ACTIVE_LOW_PR_OUT_DFF[0].FDRE_PER_N/Q
                         net (fo=157, routed)         1.598     2.076    cnn_accelerator_system_i/cnn_accelerator_wino_0/inst/u_inputcons_sync/resetn
    SLICE_X35Y44         LUT1 (Prop_lut1_I0_O)        0.301     2.377 f  cnn_accelerator_system_i/cnn_accelerator_wino_0/inst/u_inputcons_sync/sync0_i_1/O
                         net (fo=590, routed)         7.207     9.584    cnn_accelerator_system_i/cnn_accelerator_wino_0/inst/rst_a
    SLICE_X57Y195        FDPE                                         f  cnn_accelerator_system_i/cnn_accelerator_wino_0/inst/rst_leaf_reg_rep__104/PRE
  -------------------------------------------------------------------    -------------------

                         max delay                   10.000    10.000    
    SLICE_X57Y195        FDPE (Recov_fdpe_C_PRE)     -0.359     9.641    cnn_accelerator_system_i/cnn_accelerator_wino_0/inst/rst_leaf_reg_rep__104
  -------------------------------------------------------------------
                         required time                          9.641    
                         arrival time                          -9.584    
  -------------------------------------------------------------------
                         slack                                  0.057    





---------------------------------------------------------------------------------------------------
From Clock:  clk_pll_i
  To Clock:  u_memc_ui_top_axi/mem_intfc0/ddr_phy_top0/u_ddr_mc_phy_wrapper/u_ddr_mc_phy/ddr_phy_4lanes_0.u_ddr_phy_4lanes/ddr_byte_lane_C.ddr_byte_lane_C/iserdes_clk

Setup :            0  Failing Endpoints,  Worst Slack        9.692ns,  Total Violation        0.000ns
Hold  :            0  Failing Endpoints,  Worst Slack       46.845ns,  Total Violation        0.000ns
---------------------------------------------------------------------------------------------------


Max Delay Paths
--------------------------------------------------------------------------------------
Slack (MET) :             9.692ns  (required time - arrival time)
  Source:                 cnn_accelerator_system_i/mig_7series_0/u_cnn_accelerator_system_mig_7series_0_0_mig/u_memc_ui_top_axi/mem_intfc0/mc0/mc_read_idle_r_reg/C
                            (rising edge-triggered cell FDRE clocked by clk_pll_i  {rise@0.000ns fall@6.154ns period=12.308ns})
  Destination:            cnn_accelerator_system_i/mig_7series_0/u_cnn_accelerator_system_mig_7series_0_0_mig/u_memc_ui_top_axi/mem_intfc0/ddr_phy_top0/u_ddr_mc_phy_wrapper/u_ddr_mc_phy/ddr_phy_4lanes_0.u_ddr_phy_4lanes/ddr_byte_lane_C.ddr_byte_lane_C/ddr_byte_group_io/input_[8].iserdes_dq_.iserdesdq/DDLY
                            (falling edge-triggered cell ISERDESE2 clocked by u_memc_ui_top_axi/mem_intfc0/ddr_phy_top0/u_ddr_mc_phy_wrapper/u_ddr_mc_phy/ddr_phy_4lanes_0.u_ddr_phy_4lanes/ddr_byte_lane_C.ddr_byte_lane_C/iserdes_clk  {rise@0.000ns fall@1.538ns period=3.077ns})
  Path Group:             u_memc_ui_top_axi/mem_intfc0/ddr_phy_top0/u_ddr_mc_phy_wrapper/u_ddr_mc_phy/ddr_phy_4lanes_0.u_ddr_phy_4lanes/ddr_byte_lane_C.ddr_byte_lane_C/iserdes_clk
  Path Type:              Setup (Max at Slow Process Corner)
  Requirement:            16.923ns  (u_memc_ui_top_axi/mem_intfc0/ddr_phy_top0/u_ddr_mc_phy_wrapper/u_ddr_mc_phy/ddr_phy_4lanes_0.u_ddr_phy_4lanes/ddr_byte_lane_C.ddr_byte_lane_C/iserdes_clk fall@16.923ns - clk_pll_i rise@0.000ns)
  Data Path Delay:        7.017ns  (logic 3.867ns (55.105%)  route 3.150ns (44.895%))
  Logic Levels:           2  (IBUF_INTERMDISABLE=1 IDELAYE2=1)
  Clock Path Skew:        0.176ns (DCD - SCD + CPR)
    Destination Clock Delay (DCD):    7.688ns = ( 9.226 - 1.538 ) 
    Source Clock Delay      (SCD):    7.819ns
    Clock Pessimism Removal (CPR):    0.307ns
  Clock Uncertainty:      0.225ns  ((TSJ^2 + DJ^2)^1/2) / 2 + PE
    Total System Jitter     (TSJ):    0.071ns
    Discrete Jitter          (DJ):    0.114ns
    Phase Error              (PE):    0.158ns
  Timing Exception:       MultiCycle Path   Setup -end   6

    Location             Delay type                Incr(ns)  Path(ns)    Netlist Resource(s)
  -------------------------------------------------------------------    -------------------
                         (clock clk_pll_i rise edge)
                                                      0.000     0.000 r  
    E3                                                0.000     0.000 r  CLK100MHZ (IN)
                         net (fo=0)                   0.000     0.000    CLK100MHZ
    E3                   IBUF (Prop_ibuf_I_O)         1.482     1.482 r  CLK100MHZ_IBUF_inst/O
                         net (fo=1, routed)           2.025     3.506    cnn_accelerator_system_i/util_ds_buf_0/U0/BUFG_I[0]
    BUFGCTRL_X0Y16       BUFG (Prop_bufg_I_O)         0.096     3.602 r  cnn_accelerator_system_i/util_ds_buf_0/U0/USE_BUFG.GEN_BUFG[0].BUFG_U/O
                         net (fo=2, routed)           1.666     5.269    cnn_accelerator_system_i/mig_7series_0/u_cnn_accelerator_system_mig_7series_0_0_mig/u_ddr3_infrastructure/mmcm_clk
    PLLE2_ADV_X1Y1       PLLE2_ADV (Prop_plle2_adv_CLKIN1_CLKOUT3)
                                                      0.088     5.357 r  cnn_accelerator_system_i/mig_7series_0/u_cnn_accelerator_system_mig_7series_0_0_mig/u_ddr3_infrastructure/plle2_i/CLKOUT3
                         net (fo=1, routed)           1.281     6.638    cnn_accelerator_system_i/mig_7series_0/u_cnn_accelerator_system_mig_7series_0_0_mig/u_ddr3_infrastructure/pll_clk3_out
    BUFHCE_X1Y12         BUFH (Prop_bufh_I_O)         0.127     6.765 r  cnn_accelerator_system_i/mig_7series_0/u_cnn_accelerator_system_mig_7series_0_0_mig/u_ddr3_infrastructure/u_bufh_pll_clk3/O
                         net (fo=1, routed)           0.841     7.606    cnn_accelerator_system_i/mig_7series_0/u_cnn_accelerator_system_mig_7series_0_0_mig/u_ddr3_infrastructure/pll_clk3
    MMCME2_ADV_X1Y1      MMCME2_ADV (Prop_mmcme2_adv_CLKIN1_CLKFBOUT)
                                                     -3.457     4.149 r  cnn_accelerator_system_i/mig_7series_0/u_cnn_accelerator_system_mig_7series_0_0_mig/u_ddr3_infrastructure/gen_mmcm.mmcm_i/CLKFBOUT
                         net (fo=1, routed)           1.719     5.868    cnn_accelerator_system_i/mig_7series_0/u_cnn_accelerator_system_mig_7series_0_0_mig/u_ddr3_infrastructure/clk_pll_i
    BUFGCTRL_X0Y0        BUFG (Prop_bufg_I_O)         0.096     5.964 r  cnn_accelerator_system_i/mig_7series_0/u_cnn_accelerator_system_mig_7series_0_0_mig/u_ddr3_infrastructure/u_bufg_clkdiv0/O
                         net (fo=6028, routed)        1.854     7.819    cnn_accelerator_system_i/mig_7series_0/u_cnn_accelerator_system_mig_7series_0_0_mig/u_memc_ui_top_axi/mem_intfc0/mc0/CLK
    SLICE_X73Y47         FDRE                                         r  cnn_accelerator_system_i/mig_7series_0/u_cnn_accelerator_system_mig_7series_0_0_mig/u_memc_ui_top_axi/mem_intfc0/mc0/mc_read_idle_r_reg/C
  -------------------------------------------------------------------    -------------------
    SLICE_X73Y47         FDRE (Prop_fdre_C_Q)         0.456     8.275 r  cnn_accelerator_system_i/mig_7series_0/u_cnn_accelerator_system_mig_7series_0_0_mig/u_memc_ui_top_axi/mem_intfc0/mc0/mc_read_idle_r_reg/Q
                         net (fo=40, routed)          3.150    11.425    cnn_accelerator_system_i/mig_7series_0/u_cnn_accelerator_system_mig_7series_0_0_mig/u_memc_ui_top_axi/mem_intfc0/ddr_phy_top0/u_ddr_mc_phy_wrapper/gen_dq_iobuf_HR.gen_dq_iobuf[12].u_iobuf_dq/IBUFDISABLE
    V1                   IBUF_INTERMDISABLE (Prop_ibuf_intermdisable_IBUFDISABLE_O)
                                                      2.596    14.021 r  cnn_accelerator_system_i/mig_7series_0/u_cnn_accelerator_system_mig_7series_0_0_mig/u_memc_ui_top_axi/mem_intfc0/ddr_phy_top0/u_ddr_mc_phy_wrapper/gen_dq_iobuf_HR.gen_dq_iobuf[12].u_iobuf_dq/IBUF/O
                         net (fo=2, routed)           0.000    14.021    cnn_accelerator_system_i/mig_7series_0/u_cnn_accelerator_system_mig_7series_0_0_mig/u_memc_ui_top_axi/mem_intfc0/ddr_phy_top0/u_ddr_mc_phy_wrapper/u_ddr_mc_phy/ddr_phy_4lanes_0.u_ddr_phy_4lanes/ddr_byte_lane_C.ddr_byte_lane_C/ddr_byte_group_io/mem_dq_in[7]
    IDELAY_X1Y85         IDELAYE2 (Prop_idelaye2_IDATAIN_DATAOUT)
                                                      0.815    14.836 r  cnn_accelerator_system_i/mig_7series_0/u_cnn_accelerator_system_mig_7series_0_0_mig/u_memc_ui_top_axi/mem_intfc0/ddr_phy_top0/u_ddr_mc_phy_wrapper/u_ddr_mc_phy/ddr_phy_4lanes_0.u_ddr_phy_4lanes/ddr_byte_lane_C.ddr_byte_lane_C/ddr_byte_group_io/input_[8].iserdes_dq_.idelay_dq.idelaye2/DATAOUT
                         net (fo=1, routed)           0.000    14.836    cnn_accelerator_system_i/mig_7series_0/u_cnn_accelerator_system_mig_7series_0_0_mig/u_memc_ui_top_axi/mem_intfc0/ddr_phy_top0/u_ddr_mc_phy_wrapper/u_ddr_mc_phy/ddr_phy_4lanes_0.u_ddr_phy_4lanes/ddr_byte_lane_C.ddr_byte_lane_C/ddr_byte_group_io/data_in_dly_8
    ILOGIC_X1Y85         ISERDESE2                                    r  cnn_accelerator_system_i/mig_7series_0/u_cnn_accelerator_system_mig_7series_0_0_mig/u_memc_ui_top_axi/mem_intfc0/ddr_phy_top0/u_ddr_mc_phy_wrapper/u_ddr_mc_phy/ddr_phy_4lanes_0.u_ddr_phy_4lanes/ddr_byte_lane_C.ddr_byte_lane_C/ddr_byte_group_io/input_[8].iserdes_dq_.iserdesdq/DDLY
  -------------------------------------------------------------------    -------------------

                         (clock u_memc_ui_top_axi/mem_intfc0/ddr_phy_top0/u_ddr_mc_phy_wrapper/u_ddr_mc_phy/ddr_phy_4lanes_0.u_ddr_phy_4lanes/ddr_byte_lane_C.ddr_byte_lane_C/iserdes_clk fall edge)
                                                     16.923    16.923 f  
    E3                                                0.000    16.923 f  CLK100MHZ (IN)
                         net (fo=0)                   0.000    16.923    CLK100MHZ
    E3                   IBUF (Prop_ibuf_I_O)         1.411    18.334 f  CLK100MHZ_IBUF_inst/O
                         net (fo=1, routed)           1.920    20.254    cnn_accelerator_system_i/util_ds_buf_0/U0/BUFG_I[0]
    BUFGCTRL_X0Y16       BUFG (Prop_bufg_I_O)         0.091    20.345 f  cnn_accelerator_system_i/util_ds_buf_0/U0/USE_BUFG.GEN_BUFG[0].BUFG_U/O
                         net (fo=2, routed)           1.544    21.890    cnn_accelerator_system_i/mig_7series_0/u_cnn_accelerator_system_mig_7series_0_0_mig/u_ddr3_infrastructure/mmcm_clk
    PLLE2_ADV_X1Y1       PLLE2_ADV (Prop_plle2_adv_CLKIN1_CLKOUT0)
                                                      0.083    21.973 f  cnn_accelerator_system_i/mig_7series_0/u_cnn_accelerator_system_mig_7series_0_0_mig/u_ddr3_infrastructure/plle2_i/CLKOUT0
                         net (fo=7, routed)           0.576    22.549    cnn_accelerator_system_i/mig_7series_0/u_cnn_accelerator_system_mig_7series_0_0_mig/u_memc_ui_top_axi/mem_intfc0/ddr_phy_top0/u_ddr_mc_phy_wrapper/u_ddr_mc_phy/ddr_phy_4lanes_0.u_ddr_phy_4lanes/ddr_byte_lane_C.ddr_byte_lane_C/freq_refclk
    PHASER_IN_PHY_X1Y6   PHASER_IN_PHY (Prop_phaser_in_phy_FREQREFCLK_ICLK)
                                                      1.650    24.199 f  cnn_accelerator_system_i/mig_7series_0/u_cnn_accelerator_system_mig_7series_0_0_mig/u_memc_ui_top_axi/mem_intfc0/ddr_phy_top0/u_ddr_mc_phy_wrapper/u_ddr_mc_phy/ddr_phy_4lanes_0.u_ddr_phy_4lanes/ddr_byte_lane_C.ddr_byte_lane_C/phaser_in_gen.phaser_in/ICLK
                         net (fo=16, routed)          0.412    24.611    cnn_accelerator_system_i/mig_7series_0/u_cnn_accelerator_system_mig_7series_0_0_mig/u_memc_ui_top_axi/mem_intfc0/ddr_phy_top0/u_ddr_mc_phy_wrapper/u_ddr_mc_phy/ddr_phy_4lanes_0.u_ddr_phy_4lanes/ddr_byte_lane_C.ddr_byte_lane_C/ddr_byte_group_io/CLKB0
    ILOGIC_X1Y85         ISERDESE2                                    r  cnn_accelerator_system_i/mig_7series_0/u_cnn_accelerator_system_mig_7series_0_0_mig/u_memc_ui_top_axi/mem_intfc0/ddr_phy_top0/u_ddr_mc_phy_wrapper/u_ddr_mc_phy/ddr_phy_4lanes_0.u_ddr_phy_4lanes/ddr_byte_lane_C.ddr_byte_lane_C/ddr_byte_group_io/input_[8].iserdes_dq_.iserdesdq/CLKB  (IS_INVERTED)
                         clock pessimism              0.307    24.918    
                         clock uncertainty           -0.225    24.693    
    ILOGIC_X1Y85         ISERDESE2 (Setup_iserdese2_CLKB_DDLY)
                                                     -0.165    24.528    cnn_accelerator_system_i/mig_7series_0/u_cnn_accelerator_system_mig_7series_0_0_mig/u_memc_ui_top_axi/mem_intfc0/ddr_phy_top0/u_ddr_mc_phy_wrapper/u_ddr_mc_phy/ddr_phy_4lanes_0.u_ddr_phy_4lanes/ddr_byte_lane_C.ddr_byte_lane_C/ddr_byte_group_io/input_[8].iserdes_dq_.iserdesdq
  -------------------------------------------------------------------
                         required time                         24.528    
                         arrival time                         -14.836    
  -------------------------------------------------------------------
                         slack                                  9.692    





Min Delay Paths
--------------------------------------------------------------------------------------
Slack (MET) :             46.845ns  (arrival time - required time)
  Source:                 cnn_accelerator_system_i/mig_7series_0/u_cnn_accelerator_system_mig_7series_0_0_mig/u_memc_ui_top_axi/mem_intfc0/mc0/mc_read_idle_r_reg/C
                            (rising edge-triggered cell FDRE clocked by clk_pll_i  {rise@0.000ns fall@6.154ns period=12.308ns})
  Destination:            cnn_accelerator_system_i/mig_7series_0/u_cnn_accelerator_system_mig_7series_0_0_mig/u_memc_ui_top_axi/mem_intfc0/ddr_phy_top0/u_ddr_mc_phy_wrapper/u_ddr_mc_phy/ddr_phy_4lanes_0.u_ddr_phy_4lanes/ddr_byte_lane_C.ddr_byte_lane_C/ddr_byte_group_io/input_[1].iserdes_dq_.iserdesdq/DDLY
                            (rising edge-triggered cell ISERDESE2 clocked by u_memc_ui_top_axi/mem_intfc0/ddr_phy_top0/u_ddr_mc_phy_wrapper/u_ddr_mc_phy/ddr_phy_4lanes_0.u_ddr_phy_4lanes/ddr_byte_lane_C.ddr_byte_lane_C/iserdes_clk  {rise@0.000ns fall@1.538ns period=3.077ns})
  Path Group:             u_memc_ui_top_axi/mem_intfc0/ddr_phy_top0/u_ddr_mc_phy_wrapper/u_ddr_mc_phy/ddr_phy_4lanes_0.u_ddr_phy_4lanes/ddr_byte_lane_C.ddr_byte_lane_C/iserdes_clk
  Path Type:              Hold (Min at Fast Process Corner)
  Requirement:            -46.154ns  (u_memc_ui_top_axi/mem_intfc0/ddr_phy_top0/u_ddr_mc_phy_wrapper/u_ddr_mc_phy/ddr_phy_4lanes_0.u_ddr_phy_4lanes/ddr_byte_lane_C.ddr_byte_lane_C/iserdes_clk rise@15.385ns - clk_pll_i rise@61.538ns)
  Data Path Delay:        1.995ns  (logic 1.068ns (53.526%)  route 0.927ns (46.474%))
  Logic Levels:           2  (IBUF_INTERMDISABLE=1 IDELAYE2=1)
  Clock Path Skew:        1.023ns (DCD - SCD - CPR)
    Destination Clock Delay (DCD):    3.853ns
    Source Clock Delay      (SCD):    2.313ns
    Clock Pessimism Removal (CPR):    0.517ns
  Clock Uncertainty:      0.225ns  ((TSJ^2 + DJ^2)^1/2) / 2 + PE
    Total System Jitter     (TSJ):    0.071ns
    Discrete Jitter          (DJ):    0.114ns
    Phase Error              (PE):    0.158ns
  Timing Exception:       MultiCycle Path   Setup -end   6    Hold  -start 5

    Location             Delay type                Incr(ns)  Path(ns)    Netlist Resource(s)
  -------------------------------------------------------------------    -------------------
                         (clock clk_pll_i rise edge)
                                                     61.538    61.538 r  
    E3                                                0.000    61.538 r  CLK100MHZ (IN)
                         net (fo=0)                   0.000    61.538    CLK100MHZ
    E3                   IBUF (Prop_ibuf_I_O)         0.250    61.788 r  CLK100MHZ_IBUF_inst/O
                         net (fo=1, routed)           0.644    62.432    cnn_accelerator_system_i/util_ds_buf_0/U0/BUFG_I[0]
    BUFGCTRL_X0Y16       BUFG (Prop_bufg_I_O)         0.026    62.458 r  cnn_accelerator_system_i/util_ds_buf_0/U0/USE_BUFG.GEN_BUFG[0].BUFG_U/O
                         net (fo=2, routed)           0.566    63.024    cnn_accelerator_system_i/mig_7series_0/u_cnn_accelerator_system_mig_7series_0_0_mig/u_ddr3_infrastructure/mmcm_clk
    PLLE2_ADV_X1Y1       PLLE2_ADV (Prop_plle2_adv_CLKIN1_CLKOUT3)
                                                      0.050    63.074 r  cnn_accelerator_system_i/mig_7series_0/u_cnn_accelerator_system_mig_7series_0_0_mig/u_ddr3_infrastructure/plle2_i/CLKOUT3
                         net (fo=1, routed)           0.394    63.468    cnn_accelerator_system_i/mig_7series_0/u_cnn_accelerator_system_mig_7series_0_0_mig/u_ddr3_infrastructure/pll_clk3_out
    BUFHCE_X1Y12         BUFH (Prop_bufh_I_O)         0.020    63.488 r  cnn_accelerator_system_i/mig_7series_0/u_cnn_accelerator_system_mig_7series_0_0_mig/u_ddr3_infrastructure/u_bufh_pll_clk3/O
                         net (fo=1, routed)           0.269    63.757    cnn_accelerator_system_i/mig_7series_0/u_cnn_accelerator_system_mig_7series_0_0_mig/u_ddr3_infrastructure/pll_clk3
    MMCME2_ADV_X1Y1      MMCME2_ADV (Prop_mmcme2_adv_CLKIN1_CLKFBOUT)
                                                     -1.083    62.673 r  cnn_accelerator_system_i/mig_7series_0/u_cnn_accelerator_system_mig_7series_0_0_mig/u_ddr3_infrastructure/gen_mmcm.mmcm_i/CLKFBOUT
                         net (fo=1, routed)           0.499    63.172    cnn_accelerator_system_i/mig_7series_0/u_cnn_accelerator_system_mig_7series_0_0_mig/u_ddr3_infrastructure/clk_pll_i
    BUFGCTRL_X0Y0        BUFG (Prop_bufg_I_O)         0.026    63.198 r  cnn_accelerator_system_i/mig_7series_0/u_cnn_accelerator_system_mig_7series_0_0_mig/u_ddr3_infrastructure/u_bufg_clkdiv0/O
                         net (fo=6028, routed)        0.653    63.851    cnn_accelerator_system_i/mig_7series_0/u_cnn_accelerator_system_mig_7series_0_0_mig/u_memc_ui_top_axi/mem_intfc0/mc0/CLK
    SLICE_X73Y47         FDRE                                         r  cnn_accelerator_system_i/mig_7series_0/u_cnn_accelerator_system_mig_7series_0_0_mig/u_memc_ui_top_axi/mem_intfc0/mc0/mc_read_idle_r_reg/C
  -------------------------------------------------------------------    -------------------
    SLICE_X73Y47         FDRE (Prop_fdre_C_Q)         0.141    63.992 r  cnn_accelerator_system_i/mig_7series_0/u_cnn_accelerator_system_mig_7series_0_0_mig/u_memc_ui_top_axi/mem_intfc0/mc0/mc_read_idle_r_reg/Q
                         net (fo=40, routed)          0.927    64.920    cnn_accelerator_system_i/mig_7series_0/u_cnn_accelerator_system_mig_7series_0_0_mig/u_memc_ui_top_axi/mem_intfc0/ddr_phy_top0/u_ddr_mc_phy_wrapper/gen_dq_iobuf_HR.gen_dq_iobuf[9].u_iobuf_dq/IBUFDISABLE
    T5                   IBUF_INTERMDISABLE (Prop_ibuf_intermdisable_IBUFDISABLE_O)
                                                      0.684    65.604 r  cnn_accelerator_system_i/mig_7series_0/u_cnn_accelerator_system_mig_7series_0_0_mig/u_memc_ui_top_axi/mem_intfc0/ddr_phy_top0/u_ddr_mc_phy_wrapper/gen_dq_iobuf_HR.gen_dq_iobuf[9].u_iobuf_dq/IBUF/O
                         net (fo=2, routed)           0.000    65.604    cnn_accelerator_system_i/mig_7series_0/u_cnn_accelerator_system_mig_7series_0_0_mig/u_memc_ui_top_axi/mem_intfc0/ddr_phy_top0/u_ddr_mc_phy_wrapper/u_ddr_mc_phy/ddr_phy_4lanes_0.u_ddr_phy_4lanes/ddr_byte_lane_C.ddr_byte_lane_C/ddr_byte_group_io/mem_dq_in[0]
    IDELAY_X1Y76         IDELAYE2 (Prop_idelaye2_IDATAIN_DATAOUT)
                                                      0.243    65.847 r  cnn_accelerator_system_i/mig_7series_0/u_cnn_accelerator_system_mig_7series_0_0_mig/u_memc_ui_top_axi/mem_intfc0/ddr_phy_top0/u_ddr_mc_phy_wrapper/u_ddr_mc_phy/ddr_phy_4lanes_0.u_ddr_phy_4lanes/ddr_byte_lane_C.ddr_byte_lane_C/ddr_byte_group_io/input_[1].iserdes_dq_.idelay_dq.idelaye2/DATAOUT
                         net (fo=1, routed)           0.000    65.847    cnn_accelerator_system_i/mig_7series_0/u_cnn_accelerator_system_mig_7series_0_0_mig/u_memc_ui_top_axi/mem_intfc0/ddr_phy_top0/u_ddr_mc_phy_wrapper/u_ddr_mc_phy/ddr_phy_4lanes_0.u_ddr_phy_4lanes/ddr_byte_lane_C.ddr_byte_lane_C/ddr_byte_group_io/data_in_dly_1
    ILOGIC_X1Y76         ISERDESE2                                    r  cnn_accelerator_system_i/mig_7series_0/u_cnn_accelerator_system_mig_7series_0_0_mig/u_memc_ui_top_axi/mem_intfc0/ddr_phy_top0/u_ddr_mc_phy_wrapper/u_ddr_mc_phy/ddr_phy_4lanes_0.u_ddr_phy_4lanes/ddr_byte_lane_C.ddr_byte_lane_C/ddr_byte_group_io/input_[1].iserdes_dq_.iserdesdq/DDLY
  -------------------------------------------------------------------    -------------------

                         (clock u_memc_ui_top_axi/mem_intfc0/ddr_phy_top0/u_ddr_mc_phy_wrapper/u_ddr_mc_phy/ddr_phy_4lanes_0.u_ddr_phy_4lanes/ddr_byte_lane_C.ddr_byte_lane_C/iserdes_clk rise edge)
                                                     15.385    15.385 r  
    E3                                                0.000    15.385 r  CLK100MHZ (IN)
                         net (fo=0)                   0.000    15.385    CLK100MHZ
    E3                   IBUF (Prop_ibuf_I_O)         0.438    15.822 r  CLK100MHZ_IBUF_inst/O
                         net (fo=1, routed)           0.699    16.521    cnn_accelerator_system_i/util_ds_buf_0/U0/BUFG_I[0]
    BUFGCTRL_X0Y16       BUFG (Prop_bufg_I_O)         0.029    16.550 r  cnn_accelerator_system_i/util_ds_buf_0/U0/USE_BUFG.GEN_BUFG[0].BUFG_U/O
                         net (fo=2, routed)           0.835    17.384    cnn_accelerator_system_i/mig_7series_0/u_cnn_accelerator_system_mig_7series_0_0_mig/u_ddr3_infrastructure/mmcm_clk
    PLLE2_ADV_X1Y1       PLLE2_ADV (Prop_plle2_adv_CLKIN1_CLKOUT0)
                                                      0.053    17.437 r  cnn_accelerator_system_i/mig_7series_0/u_cnn_accelerator_system_mig_7series_0_0_mig/u_ddr3_infrastructure/plle2_i/CLKOUT0
                         net (fo=7, routed)           0.217    17.654    cnn_accelerator_system_i/mig_7series_0/u_cnn_accelerator_system_mig_7series_0_0_mig/u_memc_ui_top_axi/mem_intfc0/ddr_phy_top0/u_ddr_mc_phy_wrapper/u_ddr_mc_phy/ddr_phy_4lanes_0.u_ddr_phy_4lanes/ddr_byte_lane_C.ddr_byte_lane_C/freq_refclk
    PHASER_IN_PHY_X1Y6   PHASER_IN_PHY (Prop_phaser_in_phy_FREQREFCLK_ICLK)
                                                      1.406    19.060 r  cnn_accelerator_system_i/mig_7series_0/u_cnn_accelerator_system_mig_7series_0_0_mig/u_memc_ui_top_axi/mem_intfc0/ddr_phy_top0/u_ddr_mc_phy_wrapper/u_ddr_mc_phy/ddr_phy_4lanes_0.u_ddr_phy_4lanes/ddr_byte_lane_C.ddr_byte_lane_C/phaser_in_gen.phaser_in/ICLK
                         net (fo=16, routed)          0.178    19.238    cnn_accelerator_system_i/mig_7series_0/u_cnn_accelerator_system_mig_7series_0_0_mig/u_memc_ui_top_axi/mem_intfc0/ddr_phy_top0/u_ddr_mc_phy_wrapper/u_ddr_mc_phy/ddr_phy_4lanes_0.u_ddr_phy_4lanes/ddr_byte_lane_C.ddr_byte_lane_C/ddr_byte_group_io/input_[8].iserdes_dq_.iserdesdq_0
    ILOGIC_X1Y76         ISERDESE2                                    r  cnn_accelerator_system_i/mig_7series_0/u_cnn_accelerator_system_mig_7series_0_0_mig/u_memc_ui_top_axi/mem_intfc0/ddr_phy_top0/u_ddr_mc_phy_wrapper/u_ddr_mc_phy/ddr_phy_4lanes_0.u_ddr_phy_4lanes/ddr_byte_lane_C.ddr_byte_lane_C/ddr_byte_group_io/input_[1].iserdes_dq_.iserdesdq/CLK
                         clock pessimism             -0.517    18.721    
                         clock uncertainty            0.225    18.945    
    ILOGIC_X1Y76         ISERDESE2 (Hold_iserdese2_CLK_DDLY)
                                                      0.056    19.001    cnn_accelerator_system_i/mig_7series_0/u_cnn_accelerator_system_mig_7series_0_0_mig/u_memc_ui_top_axi/mem_intfc0/ddr_phy_top0/u_ddr_mc_phy_wrapper/u_ddr_mc_phy/ddr_phy_4lanes_0.u_ddr_phy_4lanes/ddr_byte_lane_C.ddr_byte_lane_C/ddr_byte_group_io/input_[1].iserdes_dq_.iserdesdq
  -------------------------------------------------------------------
                         required time                        -19.001    
                         arrival time                          65.847    
  -------------------------------------------------------------------
                         slack                                 46.845    





---------------------------------------------------------------------------------------------------
From Clock:  clk_pll_i
  To Clock:  u_memc_ui_top_axi/mem_intfc0/ddr_phy_top0/u_ddr_mc_phy_wrapper/u_ddr_mc_phy/ddr_phy_4lanes_0.u_ddr_phy_4lanes/ddr_byte_lane_D.ddr_byte_lane_D/iserdes_clk

Setup :            0  Failing Endpoints,  Worst Slack        8.299ns,  Total Violation        0.000ns
Hold  :            0  Failing Endpoints,  Worst Slack       47.545ns,  Total Violation        0.000ns
---------------------------------------------------------------------------------------------------


Max Delay Paths
--------------------------------------------------------------------------------------
Slack (MET) :             8.299ns  (required time - arrival time)
  Source:                 cnn_accelerator_system_i/mig_7series_0/u_cnn_accelerator_system_mig_7series_0_0_mig/u_memc_ui_top_axi/mem_intfc0/mc0/mc_read_idle_r_reg/C
                            (rising edge-triggered cell FDRE clocked by clk_pll_i  {rise@0.000ns fall@6.154ns period=12.308ns})
  Destination:            cnn_accelerator_system_i/mig_7series_0/u_cnn_accelerator_system_mig_7series_0_0_mig/u_memc_ui_top_axi/mem_intfc0/ddr_phy_top0/u_ddr_mc_phy_wrapper/u_ddr_mc_phy/ddr_phy_4lanes_0.u_ddr_phy_4lanes/ddr_byte_lane_D.ddr_byte_lane_D/ddr_byte_group_io/input_[8].iserdes_dq_.iserdesdq/DDLY
                            (falling edge-triggered cell ISERDESE2 clocked by u_memc_ui_top_axi/mem_intfc0/ddr_phy_top0/u_ddr_mc_phy_wrapper/u_ddr_mc_phy/ddr_phy_4lanes_0.u_ddr_phy_4lanes/ddr_byte_lane_D.ddr_byte_lane_D/iserdes_clk  {rise@0.000ns fall@1.538ns period=3.077ns})
  Path Group:             u_memc_ui_top_axi/mem_intfc0/ddr_phy_top0/u_ddr_mc_phy_wrapper/u_ddr_mc_phy/ddr_phy_4lanes_0.u_ddr_phy_4lanes/ddr_byte_lane_D.ddr_byte_lane_D/iserdes_clk
  Path Type:              Setup (Max at Slow Process Corner)
  Requirement:            16.923ns  (u_memc_ui_top_axi/mem_intfc0/ddr_phy_top0/u_ddr_mc_phy_wrapper/u_ddr_mc_phy/ddr_phy_4lanes_0.u_ddr_phy_4lanes/ddr_byte_lane_D.ddr_byte_lane_D/iserdes_clk fall@16.923ns - clk_pll_i rise@0.000ns)
  Data Path Delay:        8.418ns  (logic 3.867ns (45.938%)  route 4.551ns (54.062%))
  Logic Levels:           2  (IBUF_INTERMDISABLE=1 IDELAYE2=1)
  Clock Path Skew:        0.183ns (DCD - SCD + CPR)
    Destination Clock Delay (DCD):    7.695ns = ( 9.233 - 1.538 ) 
    Source Clock Delay      (SCD):    7.819ns
    Clock Pessimism Removal (CPR):    0.307ns
  Clock Uncertainty:      0.225ns  ((TSJ^2 + DJ^2)^1/2) / 2 + PE
    Total System Jitter     (TSJ):    0.071ns
    Discrete Jitter          (DJ):    0.114ns
    Phase Error              (PE):    0.158ns
  Timing Exception:       MultiCycle Path   Setup -end   6

    Location             Delay type                Incr(ns)  Path(ns)    Netlist Resource(s)
  -------------------------------------------------------------------    -------------------
                         (clock clk_pll_i rise edge)
                                                      0.000     0.000 r  
    E3                                                0.000     0.000 r  CLK100MHZ (IN)
                         net (fo=0)                   0.000     0.000    CLK100MHZ
    E3                   IBUF (Prop_ibuf_I_O)         1.482     1.482 r  CLK100MHZ_IBUF_inst/O
                         net (fo=1, routed)           2.025     3.506    cnn_accelerator_system_i/util_ds_buf_0/U0/BUFG_I[0]
    BUFGCTRL_X0Y16       BUFG (Prop_bufg_I_O)         0.096     3.602 r  cnn_accelerator_system_i/util_ds_buf_0/U0/USE_BUFG.GEN_BUFG[0].BUFG_U/O
                         net (fo=2, routed)           1.666     5.269    cnn_accelerator_system_i/mig_7series_0/u_cnn_accelerator_system_mig_7series_0_0_mig/u_ddr3_infrastructure/mmcm_clk
    PLLE2_ADV_X1Y1       PLLE2_ADV (Prop_plle2_adv_CLKIN1_CLKOUT3)
                                                      0.088     5.357 r  cnn_accelerator_system_i/mig_7series_0/u_cnn_accelerator_system_mig_7series_0_0_mig/u_ddr3_infrastructure/plle2_i/CLKOUT3
                         net (fo=1, routed)           1.281     6.638    cnn_accelerator_system_i/mig_7series_0/u_cnn_accelerator_system_mig_7series_0_0_mig/u_ddr3_infrastructure/pll_clk3_out
    BUFHCE_X1Y12         BUFH (Prop_bufh_I_O)         0.127     6.765 r  cnn_accelerator_system_i/mig_7series_0/u_cnn_accelerator_system_mig_7series_0_0_mig/u_ddr3_infrastructure/u_bufh_pll_clk3/O
                         net (fo=1, routed)           0.841     7.606    cnn_accelerator_system_i/mig_7series_0/u_cnn_accelerator_system_mig_7series_0_0_mig/u_ddr3_infrastructure/pll_clk3
    MMCME2_ADV_X1Y1      MMCME2_ADV (Prop_mmcme2_adv_CLKIN1_CLKFBOUT)
                                                     -3.457     4.149 r  cnn_accelerator_system_i/mig_7series_0/u_cnn_accelerator_system_mig_7series_0_0_mig/u_ddr3_infrastructure/gen_mmcm.mmcm_i/CLKFBOUT
                         net (fo=1, routed)           1.719     5.868    cnn_accelerator_system_i/mig_7series_0/u_cnn_accelerator_system_mig_7series_0_0_mig/u_ddr3_infrastructure/clk_pll_i
    BUFGCTRL_X0Y0        BUFG (Prop_bufg_I_O)         0.096     5.964 r  cnn_accelerator_system_i/mig_7series_0/u_cnn_accelerator_system_mig_7series_0_0_mig/u_ddr3_infrastructure/u_bufg_clkdiv0/O
                         net (fo=6028, routed)        1.854     7.819    cnn_accelerator_system_i/mig_7series_0/u_cnn_accelerator_system_mig_7series_0_0_mig/u_memc_ui_top_axi/mem_intfc0/mc0/CLK
    SLICE_X73Y47         FDRE                                         r  cnn_accelerator_system_i/mig_7series_0/u_cnn_accelerator_system_mig_7series_0_0_mig/u_memc_ui_top_axi/mem_intfc0/mc0/mc_read_idle_r_reg/C
  -------------------------------------------------------------------    -------------------
    SLICE_X73Y47         FDRE (Prop_fdre_C_Q)         0.456     8.275 r  cnn_accelerator_system_i/mig_7series_0/u_cnn_accelerator_system_mig_7series_0_0_mig/u_memc_ui_top_axi/mem_intfc0/mc0/mc_read_idle_r_reg/Q
                         net (fo=40, routed)          4.551    12.826    cnn_accelerator_system_i/mig_7series_0/u_cnn_accelerator_system_mig_7series_0_0_mig/u_memc_ui_top_axi/mem_intfc0/ddr_phy_top0/u_ddr_mc_phy_wrapper/gen_dq_iobuf_HR.gen_dq_iobuf[5].u_iobuf_dq/IBUFDISABLE
    M1                   IBUF_INTERMDISABLE (Prop_ibuf_intermdisable_IBUFDISABLE_O)
                                                      2.596    15.422 r  cnn_accelerator_system_i/mig_7series_0/u_cnn_accelerator_system_mig_7series_0_0_mig/u_memc_ui_top_axi/mem_intfc0/ddr_phy_top0/u_ddr_mc_phy_wrapper/gen_dq_iobuf_HR.gen_dq_iobuf[5].u_iobuf_dq/IBUF/O
                         net (fo=2, routed)           0.000    15.422    cnn_accelerator_system_i/mig_7series_0/u_cnn_accelerator_system_mig_7series_0_0_mig/u_memc_ui_top_axi/mem_intfc0/ddr_phy_top0/u_ddr_mc_phy_wrapper/u_ddr_mc_phy/ddr_phy_4lanes_0.u_ddr_phy_4lanes/ddr_byte_lane_D.ddr_byte_lane_D/ddr_byte_group_io/mem_dq_in[7]
    IDELAY_X1Y97         IDELAYE2 (Prop_idelaye2_IDATAIN_DATAOUT)
                                                      0.815    16.237 r  cnn_accelerator_system_i/mig_7series_0/u_cnn_accelerator_system_mig_7series_0_0_mig/u_memc_ui_top_axi/mem_intfc0/ddr_phy_top0/u_ddr_mc_phy_wrapper/u_ddr_mc_phy/ddr_phy_4lanes_0.u_ddr_phy_4lanes/ddr_byte_lane_D.ddr_byte_lane_D/ddr_byte_group_io/input_[8].iserdes_dq_.idelay_dq.idelaye2/DATAOUT
                         net (fo=1, routed)           0.000    16.237    cnn_accelerator_system_i/mig_7series_0/u_cnn_accelerator_system_mig_7series_0_0_mig/u_memc_ui_top_axi/mem_intfc0/ddr_phy_top0/u_ddr_mc_phy_wrapper/u_ddr_mc_phy/ddr_phy_4lanes_0.u_ddr_phy_4lanes/ddr_byte_lane_D.ddr_byte_lane_D/ddr_byte_group_io/data_in_dly_8
    ILOGIC_X1Y97         ISERDESE2                                    r  cnn_accelerator_system_i/mig_7series_0/u_cnn_accelerator_system_mig_7series_0_0_mig/u_memc_ui_top_axi/mem_intfc0/ddr_phy_top0/u_ddr_mc_phy_wrapper/u_ddr_mc_phy/ddr_phy_4lanes_0.u_ddr_phy_4lanes/ddr_byte_lane_D.ddr_byte_lane_D/ddr_byte_group_io/input_[8].iserdes_dq_.iserdesdq/DDLY
  -------------------------------------------------------------------    -------------------

                         (clock u_memc_ui_top_axi/mem_intfc0/ddr_phy_top0/u_ddr_mc_phy_wrapper/u_ddr_mc_phy/ddr_phy_4lanes_0.u_ddr_phy_4lanes/ddr_byte_lane_D.ddr_byte_lane_D/iserdes_clk fall edge)
                                                     16.923    16.923 f  
    E3                                                0.000    16.923 f  CLK100MHZ (IN)
                         net (fo=0)                   0.000    16.923    CLK100MHZ
    E3                   IBUF (Prop_ibuf_I_O)         1.411    18.334 f  CLK100MHZ_IBUF_inst/O
                         net (fo=1, routed)           1.920    20.254    cnn_accelerator_system_i/util_ds_buf_0/U0/BUFG_I[0]
    BUFGCTRL_X0Y16       BUFG (Prop_bufg_I_O)         0.091    20.345 f  cnn_accelerator_system_i/util_ds_buf_0/U0/USE_BUFG.GEN_BUFG[0].BUFG_U/O
                         net (fo=2, routed)           1.544    21.890    cnn_accelerator_system_i/mig_7series_0/u_cnn_accelerator_system_mig_7series_0_0_mig/u_ddr3_infrastructure/mmcm_clk
    PLLE2_ADV_X1Y1       PLLE2_ADV (Prop_plle2_adv_CLKIN1_CLKOUT0)
                                                      0.083    21.973 f  cnn_accelerator_system_i/mig_7series_0/u_cnn_accelerator_system_mig_7series_0_0_mig/u_ddr3_infrastructure/plle2_i/CLKOUT0
                         net (fo=7, routed)           0.566    22.539    cnn_accelerator_system_i/mig_7series_0/u_cnn_accelerator_system_mig_7series_0_0_mig/u_memc_ui_top_axi/mem_intfc0/ddr_phy_top0/u_ddr_mc_phy_wrapper/u_ddr_mc_phy/ddr_phy_4lanes_0.u_ddr_phy_4lanes/ddr_byte_lane_D.ddr_byte_lane_D/freq_refclk
    PHASER_IN_PHY_X1Y7   PHASER_IN_PHY (Prop_phaser_in_phy_FREQREFCLK_ICLK)
                                                      1.650    24.189 f  cnn_accelerator_system_i/mig_7series_0/u_cnn_accelerator_system_mig_7series_0_0_mig/u_memc_ui_top_axi/mem_intfc0/ddr_phy_top0/u_ddr_mc_phy_wrapper/u_ddr_mc_phy/ddr_phy_4lanes_0.u_ddr_phy_4lanes/ddr_byte_lane_D.ddr_byte_lane_D/phaser_in_gen.phaser_in/ICLK
                         net (fo=16, routed)          0.429    24.618    cnn_accelerator_system_i/mig_7series_0/u_cnn_accelerator_system_mig_7series_0_0_mig/u_memc_ui_top_axi/mem_intfc0/ddr_phy_top0/u_ddr_mc_phy_wrapper/u_ddr_mc_phy/ddr_phy_4lanes_0.u_ddr_phy_4lanes/ddr_byte_lane_D.ddr_byte_lane_D/ddr_byte_group_io/CLKB0_1
    ILOGIC_X1Y97         ISERDESE2                                    r  cnn_accelerator_system_i/mig_7series_0/u_cnn_accelerator_system_mig_7series_0_0_mig/u_memc_ui_top_axi/mem_intfc0/ddr_phy_top0/u_ddr_mc_phy_wrapper/u_ddr_mc_phy/ddr_phy_4lanes_0.u_ddr_phy_4lanes/ddr_byte_lane_D.ddr_byte_lane_D/ddr_byte_group_io/input_[8].iserdes_dq_.iserdesdq/CLKB  (IS_INVERTED)
                         clock pessimism              0.307    24.925    
                         clock uncertainty           -0.225    24.700    
    ILOGIC_X1Y97         ISERDESE2 (Setup_iserdese2_CLKB_DDLY)
                                                     -0.165    24.535    cnn_accelerator_system_i/mig_7series_0/u_cnn_accelerator_system_mig_7series_0_0_mig/u_memc_ui_top_axi/mem_intfc0/ddr_phy_top0/u_ddr_mc_phy_wrapper/u_ddr_mc_phy/ddr_phy_4lanes_0.u_ddr_phy_4lanes/ddr_byte_lane_D.ddr_byte_lane_D/ddr_byte_group_io/input_[8].iserdes_dq_.iserdesdq
  -------------------------------------------------------------------
                         required time                         24.535    
                         arrival time                         -16.237    
  -------------------------------------------------------------------
                         slack                                  8.299    





Min Delay Paths
--------------------------------------------------------------------------------------
Slack (MET) :             47.545ns  (arrival time - required time)
  Source:                 cnn_accelerator_system_i/mig_7series_0/u_cnn_accelerator_system_mig_7series_0_0_mig/u_memc_ui_top_axi/mem_intfc0/mc0/mc_read_idle_r_reg/C
                            (rising edge-triggered cell FDRE clocked by clk_pll_i  {rise@0.000ns fall@6.154ns period=12.308ns})
  Destination:            cnn_accelerator_system_i/mig_7series_0/u_cnn_accelerator_system_mig_7series_0_0_mig/u_memc_ui_top_axi/mem_intfc0/ddr_phy_top0/u_ddr_mc_phy_wrapper/u_ddr_mc_phy/ddr_phy_4lanes_0.u_ddr_phy_4lanes/ddr_byte_lane_D.ddr_byte_lane_D/ddr_byte_group_io/input_[1].iserdes_dq_.iserdesdq/DDLY
                            (rising edge-triggered cell ISERDESE2 clocked by u_memc_ui_top_axi/mem_intfc0/ddr_phy_top0/u_ddr_mc_phy_wrapper/u_ddr_mc_phy/ddr_phy_4lanes_0.u_ddr_phy_4lanes/ddr_byte_lane_D.ddr_byte_lane_D/iserdes_clk  {rise@0.000ns fall@1.538ns period=3.077ns})
  Path Group:             u_memc_ui_top_axi/mem_intfc0/ddr_phy_top0/u_ddr_mc_phy_wrapper/u_ddr_mc_phy/ddr_phy_4lanes_0.u_ddr_phy_4lanes/ddr_byte_lane_D.ddr_byte_lane_D/iserdes_clk
  Path Type:              Hold (Min at Fast Process Corner)
  Requirement:            -46.154ns  (u_memc_ui_top_axi/mem_intfc0/ddr_phy_top0/u_ddr_mc_phy_wrapper/u_ddr_mc_phy/ddr_phy_4lanes_0.u_ddr_phy_4lanes/ddr_byte_lane_D.ddr_byte_lane_D/iserdes_clk rise@15.385ns - clk_pll_i rise@61.538ns)
  Data Path Delay:        2.694ns  (logic 1.068ns (39.647%)  route 1.626ns (60.353%))
  Logic Levels:           2  (IBUF_INTERMDISABLE=1 IDELAYE2=1)
  Clock Path Skew:        1.022ns (DCD - SCD - CPR)
    Destination Clock Delay (DCD):    3.852ns
    Source Clock Delay      (SCD):    2.313ns
    Clock Pessimism Removal (CPR):    0.517ns
  Clock Uncertainty:      0.225ns  ((TSJ^2 + DJ^2)^1/2) / 2 + PE
    Total System Jitter     (TSJ):    0.071ns
    Discrete Jitter          (DJ):    0.114ns
    Phase Error              (PE):    0.158ns
  Timing Exception:       MultiCycle Path   Setup -end   6    Hold  -start 5

    Location             Delay type                Incr(ns)  Path(ns)    Netlist Resource(s)
  -------------------------------------------------------------------    -------------------
                         (clock clk_pll_i rise edge)
                                                     61.538    61.538 r  
    E3                                                0.000    61.538 r  CLK100MHZ (IN)
                         net (fo=0)                   0.000    61.538    CLK100MHZ
    E3                   IBUF (Prop_ibuf_I_O)         0.250    61.788 r  CLK100MHZ_IBUF_inst/O
                         net (fo=1, routed)           0.644    62.432    cnn_accelerator_system_i/util_ds_buf_0/U0/BUFG_I[0]
    BUFGCTRL_X0Y16       BUFG (Prop_bufg_I_O)         0.026    62.458 r  cnn_accelerator_system_i/util_ds_buf_0/U0/USE_BUFG.GEN_BUFG[0].BUFG_U/O
                         net (fo=2, routed)           0.566    63.024    cnn_accelerator_system_i/mig_7series_0/u_cnn_accelerator_system_mig_7series_0_0_mig/u_ddr3_infrastructure/mmcm_clk
    PLLE2_ADV_X1Y1       PLLE2_ADV (Prop_plle2_adv_CLKIN1_CLKOUT3)
                                                      0.050    63.074 r  cnn_accelerator_system_i/mig_7series_0/u_cnn_accelerator_system_mig_7series_0_0_mig/u_ddr3_infrastructure/plle2_i/CLKOUT3
                         net (fo=1, routed)           0.394    63.468    cnn_accelerator_system_i/mig_7series_0/u_cnn_accelerator_system_mig_7series_0_0_mig/u_ddr3_infrastructure/pll_clk3_out
    BUFHCE_X1Y12         BUFH (Prop_bufh_I_O)         0.020    63.488 r  cnn_accelerator_system_i/mig_7series_0/u_cnn_accelerator_system_mig_7series_0_0_mig/u_ddr3_infrastructure/u_bufh_pll_clk3/O
                         net (fo=1, routed)           0.269    63.757    cnn_accelerator_system_i/mig_7series_0/u_cnn_accelerator_system_mig_7series_0_0_mig/u_ddr3_infrastructure/pll_clk3
    MMCME2_ADV_X1Y1      MMCME2_ADV (Prop_mmcme2_adv_CLKIN1_CLKFBOUT)
                                                     -1.083    62.673 r  cnn_accelerator_system_i/mig_7series_0/u_cnn_accelerator_system_mig_7series_0_0_mig/u_ddr3_infrastructure/gen_mmcm.mmcm_i/CLKFBOUT
                         net (fo=1, routed)           0.499    63.172    cnn_accelerator_system_i/mig_7series_0/u_cnn_accelerator_system_mig_7series_0_0_mig/u_ddr3_infrastructure/clk_pll_i
    BUFGCTRL_X0Y0        BUFG (Prop_bufg_I_O)         0.026    63.198 r  cnn_accelerator_system_i/mig_7series_0/u_cnn_accelerator_system_mig_7series_0_0_mig/u_ddr3_infrastructure/u_bufg_clkdiv0/O
                         net (fo=6028, routed)        0.653    63.851    cnn_accelerator_system_i/mig_7series_0/u_cnn_accelerator_system_mig_7series_0_0_mig/u_memc_ui_top_axi/mem_intfc0/mc0/CLK
    SLICE_X73Y47         FDRE                                         r  cnn_accelerator_system_i/mig_7series_0/u_cnn_accelerator_system_mig_7series_0_0_mig/u_memc_ui_top_axi/mem_intfc0/mc0/mc_read_idle_r_reg/C
  -------------------------------------------------------------------    -------------------
    SLICE_X73Y47         FDRE (Prop_fdre_C_Q)         0.141    63.992 r  cnn_accelerator_system_i/mig_7series_0/u_cnn_accelerator_system_mig_7series_0_0_mig/u_memc_ui_top_axi/mem_intfc0/mc0/mc_read_idle_r_reg/Q
                         net (fo=40, routed)          1.626    65.618    cnn_accelerator_system_i/mig_7series_0/u_cnn_accelerator_system_mig_7series_0_0_mig/u_memc_ui_top_axi/mem_intfc0/ddr_phy_top0/u_ddr_mc_phy_wrapper/gen_dq_iobuf_HR.gen_dq_iobuf[3].u_iobuf_dq/IBUFDISABLE
    L6                   IBUF_INTERMDISABLE (Prop_ibuf_intermdisable_IBUFDISABLE_O)
                                                      0.684    66.302 r  cnn_accelerator_system_i/mig_7series_0/u_cnn_accelerator_system_mig_7series_0_0_mig/u_memc_ui_top_axi/mem_intfc0/ddr_phy_top0/u_ddr_mc_phy_wrapper/gen_dq_iobuf_HR.gen_dq_iobuf[3].u_iobuf_dq/IBUF/O
                         net (fo=2, routed)           0.000    66.302    cnn_accelerator_system_i/mig_7series_0/u_cnn_accelerator_system_mig_7series_0_0_mig/u_memc_ui_top_axi/mem_intfc0/ddr_phy_top0/u_ddr_mc_phy_wrapper/u_ddr_mc_phy/ddr_phy_4lanes_0.u_ddr_phy_4lanes/ddr_byte_lane_D.ddr_byte_lane_D/ddr_byte_group_io/mem_dq_in[0]
    IDELAY_X1Y88         IDELAYE2 (Prop_idelaye2_IDATAIN_DATAOUT)
                                                      0.243    66.545 r  cnn_accelerator_system_i/mig_7series_0/u_cnn_accelerator_system_mig_7series_0_0_mig/u_memc_ui_top_axi/mem_intfc0/ddr_phy_top0/u_ddr_mc_phy_wrapper/u_ddr_mc_phy/ddr_phy_4lanes_0.u_ddr_phy_4lanes/ddr_byte_lane_D.ddr_byte_lane_D/ddr_byte_group_io/input_[1].iserdes_dq_.idelay_dq.idelaye2/DATAOUT
                         net (fo=1, routed)           0.000    66.545    cnn_accelerator_system_i/mig_7series_0/u_cnn_accelerator_system_mig_7series_0_0_mig/u_memc_ui_top_axi/mem_intfc0/ddr_phy_top0/u_ddr_mc_phy_wrapper/u_ddr_mc_phy/ddr_phy_4lanes_0.u_ddr_phy_4lanes/ddr_byte_lane_D.ddr_byte_lane_D/ddr_byte_group_io/data_in_dly_1
    ILOGIC_X1Y88         ISERDESE2                                    r  cnn_accelerator_system_i/mig_7series_0/u_cnn_accelerator_system_mig_7series_0_0_mig/u_memc_ui_top_axi/mem_intfc0/ddr_phy_top0/u_ddr_mc_phy_wrapper/u_ddr_mc_phy/ddr_phy_4lanes_0.u_ddr_phy_4lanes/ddr_byte_lane_D.ddr_byte_lane_D/ddr_byte_group_io/input_[1].iserdes_dq_.iserdesdq/DDLY
  -------------------------------------------------------------------    -------------------

                         (clock u_memc_ui_top_axi/mem_intfc0/ddr_phy_top0/u_ddr_mc_phy_wrapper/u_ddr_mc_phy/ddr_phy_4lanes_0.u_ddr_phy_4lanes/ddr_byte_lane_D.ddr_byte_lane_D/iserdes_clk rise edge)
                                                     15.385    15.385 r  
    E3                                                0.000    15.385 r  CLK100MHZ (IN)
                         net (fo=0)                   0.000    15.385    CLK100MHZ
    E3                   IBUF (Prop_ibuf_I_O)         0.438    15.822 r  CLK100MHZ_IBUF_inst/O
                         net (fo=1, routed)           0.699    16.521    cnn_accelerator_system_i/util_ds_buf_0/U0/BUFG_I[0]
    BUFGCTRL_X0Y16       BUFG (Prop_bufg_I_O)         0.029    16.550 r  cnn_accelerator_system_i/util_ds_buf_0/U0/USE_BUFG.GEN_BUFG[0].BUFG_U/O
                         net (fo=2, routed)           0.835    17.384    cnn_accelerator_system_i/mig_7series_0/u_cnn_accelerator_system_mig_7series_0_0_mig/u_ddr3_infrastructure/mmcm_clk
    PLLE2_ADV_X1Y1       PLLE2_ADV (Prop_plle2_adv_CLKIN1_CLKOUT0)
                                                      0.053    17.437 r  cnn_accelerator_system_i/mig_7series_0/u_cnn_accelerator_system_mig_7series_0_0_mig/u_ddr3_infrastructure/plle2_i/CLKOUT0
                         net (fo=7, routed)           0.211    17.648    cnn_accelerator_system_i/mig_7series_0/u_cnn_accelerator_system_mig_7series_0_0_mig/u_memc_ui_top_axi/mem_intfc0/ddr_phy_top0/u_ddr_mc_phy_wrapper/u_ddr_mc_phy/ddr_phy_4lanes_0.u_ddr_phy_4lanes/ddr_byte_lane_D.ddr_byte_lane_D/freq_refclk
    PHASER_IN_PHY_X1Y7   PHASER_IN_PHY (Prop_phaser_in_phy_FREQREFCLK_ICLK)
                                                      1.406    19.054 r  cnn_accelerator_system_i/mig_7series_0/u_cnn_accelerator_system_mig_7series_0_0_mig/u_memc_ui_top_axi/mem_intfc0/ddr_phy_top0/u_ddr_mc_phy_wrapper/u_ddr_mc_phy/ddr_phy_4lanes_0.u_ddr_phy_4lanes/ddr_byte_lane_D.ddr_byte_lane_D/phaser_in_gen.phaser_in/ICLK
                         net (fo=16, routed)          0.183    19.237    cnn_accelerator_system_i/mig_7series_0/u_cnn_accelerator_system_mig_7series_0_0_mig/u_memc_ui_top_axi/mem_intfc0/ddr_phy_top0/u_ddr_mc_phy_wrapper/u_ddr_mc_phy/ddr_phy_4lanes_0.u_ddr_phy_4lanes/ddr_byte_lane_D.ddr_byte_lane_D/ddr_byte_group_io/input_[8].iserdes_dq_.iserdesdq_0
    ILOGIC_X1Y88         ISERDESE2                                    r  cnn_accelerator_system_i/mig_7series_0/u_cnn_accelerator_system_mig_7series_0_0_mig/u_memc_ui_top_axi/mem_intfc0/ddr_phy_top0/u_ddr_mc_phy_wrapper/u_ddr_mc_phy/ddr_phy_4lanes_0.u_ddr_phy_4lanes/ddr_byte_lane_D.ddr_byte_lane_D/ddr_byte_group_io/input_[1].iserdes_dq_.iserdesdq/CLK
                         clock pessimism             -0.517    18.720    
                         clock uncertainty            0.225    18.944    
    ILOGIC_X1Y88         ISERDESE2 (Hold_iserdese2_CLK_DDLY)
                                                      0.056    19.000    cnn_accelerator_system_i/mig_7series_0/u_cnn_accelerator_system_mig_7series_0_0_mig/u_memc_ui_top_axi/mem_intfc0/ddr_phy_top0/u_ddr_mc_phy_wrapper/u_ddr_mc_phy/ddr_phy_4lanes_0.u_ddr_phy_4lanes/ddr_byte_lane_D.ddr_byte_lane_D/ddr_byte_group_io/input_[1].iserdes_dq_.iserdesdq
  -------------------------------------------------------------------
                         required time                        -19.000    
                         arrival time                          66.545    
  -------------------------------------------------------------------
                         slack                                 47.545    





---------------------------------------------------------------------------------------------------
From Clock:  sync_pulse
  To Clock:  mem_refclk

Setup :            0  Failing Endpoints,  Worst Slack        1.316ns,  Total Violation        0.000ns
Hold  :            0  Failing Endpoints,  Worst Slack        0.939ns,  Total Violation        0.000ns
---------------------------------------------------------------------------------------------------


Max Delay Paths
--------------------------------------------------------------------------------------
Slack (MET) :             1.316ns  (required time - arrival time)
  Source:                 cnn_accelerator_system_i/mig_7series_0/u_cnn_accelerator_system_mig_7series_0_0_mig/u_ddr3_infrastructure/plle2_i/CLKOUT2
                            (clock source 'sync_pulse'  {rise@1.346ns fall@4.423ns period=49.231ns})
  Destination:            cnn_accelerator_system_i/mig_7series_0/u_cnn_accelerator_system_mig_7series_0_0_mig/u_memc_ui_top_axi/mem_intfc0/ddr_phy_top0/u_ddr_mc_phy_wrapper/u_ddr_mc_phy/ddr_phy_4lanes_0.u_ddr_phy_4lanes/phy_control_i/SYNCIN
                            (rising edge-triggered cell PHY_CONTROL clocked by mem_refclk  {rise@0.000ns fall@1.538ns period=3.077ns})
  Path Group:             mem_refclk
  Path Type:              Setup (Max at Slow Process Corner)
  Requirement:            1.731ns  (mem_refclk rise@3.077ns - sync_pulse rise@1.346ns)
  Data Path Delay:        0.621ns  (logic 0.000ns (0.000%)  route 0.621ns (100.000%))
  Logic Levels:           0  
  Clock Path Skew:        0.589ns (DCD - SCD + CPR)
    Destination Clock Delay (DCD):    5.639ns = ( 8.716 - 3.077 ) 
    Source Clock Delay      (SCD):    5.357ns = ( 6.703 - 1.346 ) 
    Clock Pessimism Removal (CPR):    0.307ns
  Clock Uncertainty:      0.201ns  ((TSJ^2 + DJ^2)^1/2) / 2 + PE
    Total System Jitter     (TSJ):    0.071ns
    Discrete Jitter          (DJ):    0.145ns
    Phase Error              (PE):    0.120ns

    Location             Delay type                Incr(ns)  Path(ns)    Netlist Resource(s)
  -------------------------------------------------------------------    -------------------
                         (clock sync_pulse rise edge)
                                                      1.346     1.346 r  
    E3                                                0.000     1.346 r  CLK100MHZ (IN)
                         net (fo=0)                   0.000     1.346    CLK100MHZ
    E3                   IBUF (Prop_ibuf_I_O)         1.482     2.828 r  CLK100MHZ_IBUF_inst/O
                         net (fo=1, routed)           2.025     4.852    cnn_accelerator_system_i/util_ds_buf_0/U0/BUFG_I[0]
    BUFGCTRL_X0Y16       BUFG (Prop_bufg_I_O)         0.096     4.948 r  cnn_accelerator_system_i/util_ds_buf_0/U0/USE_BUFG.GEN_BUFG[0].BUFG_U/O
                         net (fo=2, routed)           1.666     6.615    cnn_accelerator_system_i/mig_7series_0/u_cnn_accelerator_system_mig_7series_0_0_mig/u_ddr3_infrastructure/mmcm_clk
  -------------------------------------------------------------------    -------------------
    PLLE2_ADV_X1Y1       PLLE2_ADV (Prop_plle2_adv_CLKIN1_CLKOUT2)
                                                      0.088     6.703 r  cnn_accelerator_system_i/mig_7series_0/u_cnn_accelerator_system_mig_7series_0_0_mig/u_ddr3_infrastructure/plle2_i/CLKOUT2
                         net (fo=7, routed)           0.621     7.324    cnn_accelerator_system_i/mig_7series_0/u_cnn_accelerator_system_mig_7series_0_0_mig/u_memc_ui_top_axi/mem_intfc0/ddr_phy_top0/u_ddr_mc_phy_wrapper/u_ddr_mc_phy/ddr_phy_4lanes_0.u_ddr_phy_4lanes/sync_pulse
    PHY_CONTROL_X1Y1     PHY_CONTROL                                  r  cnn_accelerator_system_i/mig_7series_0/u_cnn_accelerator_system_mig_7series_0_0_mig/u_memc_ui_top_axi/mem_intfc0/ddr_phy_top0/u_ddr_mc_phy_wrapper/u_ddr_mc_phy/ddr_phy_4lanes_0.u_ddr_phy_4lanes/phy_control_i/SYNCIN
  -------------------------------------------------------------------    -------------------

                         (clock mem_refclk rise edge)
                                                      3.077     3.077 r  
    E3                                                0.000     3.077 r  CLK100MHZ (IN)
                         net (fo=0)                   0.000     3.077    CLK100MHZ
    E3                   IBUF (Prop_ibuf_I_O)         1.411     4.488 r  CLK100MHZ_IBUF_inst/O
                         net (fo=1, routed)           1.920     6.408    cnn_accelerator_system_i/util_ds_buf_0/U0/BUFG_I[0]
    BUFGCTRL_X0Y16       BUFG (Prop_bufg_I_O)         0.091     6.499 r  cnn_accelerator_system_i/util_ds_buf_0/U0/USE_BUFG.GEN_BUFG[0].BUFG_U/O
                         net (fo=2, routed)           1.544     8.044    cnn_accelerator_system_i/mig_7series_0/u_cnn_accelerator_system_mig_7series_0_0_mig/u_ddr3_infrastructure/mmcm_clk
    PLLE2_ADV_X1Y1       PLLE2_ADV (Prop_plle2_adv_CLKIN1_CLKOUT1)
                                                      0.083     8.127 r  cnn_accelerator_system_i/mig_7series_0/u_cnn_accelerator_system_mig_7series_0_0_mig/u_ddr3_infrastructure/plle2_i/CLKOUT1
                         net (fo=7, routed)           0.589     8.716    cnn_accelerator_system_i/mig_7series_0/u_cnn_accelerator_system_mig_7series_0_0_mig/u_memc_ui_top_axi/mem_intfc0/ddr_phy_top0/u_ddr_mc_phy_wrapper/u_ddr_mc_phy/ddr_phy_4lanes_0.u_ddr_phy_4lanes/mem_refclk
    PHY_CONTROL_X1Y1     PHY_CONTROL                                  r  cnn_accelerator_system_i/mig_7series_0/u_cnn_accelerator_system_mig_7series_0_0_mig/u_memc_ui_top_axi/mem_intfc0/ddr_phy_top0/u_ddr_mc_phy_wrapper/u_ddr_mc_phy/ddr_phy_4lanes_0.u_ddr_phy_4lanes/phy_control_i/MEMREFCLK
                         clock pessimism              0.307     9.023    
                         clock uncertainty           -0.201     8.822    
    PHY_CONTROL_X1Y1     PHY_CONTROL (Setup_phy_control_MEMREFCLK_SYNCIN)
                                                     -0.182     8.640    cnn_accelerator_system_i/mig_7series_0/u_cnn_accelerator_system_mig_7series_0_0_mig/u_memc_ui_top_axi/mem_intfc0/ddr_phy_top0/u_ddr_mc_phy_wrapper/u_ddr_mc_phy/ddr_phy_4lanes_0.u_ddr_phy_4lanes/phy_control_i
  -------------------------------------------------------------------
                         required time                          8.640    
                         arrival time                          -7.324    
  -------------------------------------------------------------------
                         slack                                  1.316    





Min Delay Paths
--------------------------------------------------------------------------------------
Slack (MET) :             0.939ns  (arrival time - required time)
  Source:                 cnn_accelerator_system_i/mig_7series_0/u_cnn_accelerator_system_mig_7series_0_0_mig/u_ddr3_infrastructure/plle2_i/CLKOUT2
                            (clock source 'sync_pulse'  {rise@1.346ns fall@4.423ns period=49.231ns})
  Destination:            cnn_accelerator_system_i/mig_7series_0/u_cnn_accelerator_system_mig_7series_0_0_mig/u_memc_ui_top_axi/mem_intfc0/ddr_phy_top0/u_ddr_mc_phy_wrapper/u_ddr_mc_phy/ddr_phy_4lanes_0.u_ddr_phy_4lanes/phy_control_i/SYNCIN
                            (rising edge-triggered cell PHY_CONTROL clocked by mem_refclk  {rise@0.000ns fall@1.538ns period=3.077ns})
  Path Group:             mem_refclk
  Path Type:              Hold (Min at Slow Process Corner)
  Requirement:            -1.346ns  (mem_refclk rise@3.077ns - sync_pulse fall@4.423ns)
  Data Path Delay:        0.589ns  (logic 0.000ns (0.000%)  route 0.589ns (100.000%))
  Logic Levels:           0  
  Clock Path Skew:        0.621ns (DCD - SCD - CPR)
    Destination Clock Delay (DCD):    5.978ns = ( 9.055 - 3.077 ) 
    Source Clock Delay      (SCD):    5.050ns = ( 9.473 - 4.423 ) 
    Clock Pessimism Removal (CPR):    0.307ns
  Clock Uncertainty:      0.201ns  ((TSJ^2 + DJ^2)^1/2) / 2 + PE
    Total System Jitter     (TSJ):    0.071ns
    Discrete Jitter          (DJ):    0.145ns
    Phase Error              (PE):    0.120ns

    Location             Delay type                Incr(ns)  Path(ns)    Netlist Resource(s)
  -------------------------------------------------------------------    -------------------
                         (clock sync_pulse fall edge)
                                                      4.423     4.423 f  
    E3                                                0.000     4.423 f  CLK100MHZ (IN)
                         net (fo=0)                   0.000     4.423    CLK100MHZ
    E3                   IBUF (Prop_ibuf_I_O)         1.411     5.834 f  CLK100MHZ_IBUF_inst/O
                         net (fo=1, routed)           1.920     7.754    cnn_accelerator_system_i/util_ds_buf_0/U0/BUFG_I[0]
    BUFGCTRL_X0Y16       BUFG (Prop_bufg_I_O)         0.091     7.845 f  cnn_accelerator_system_i/util_ds_buf_0/U0/USE_BUFG.GEN_BUFG[0].BUFG_U/O
                         net (fo=2, routed)           1.544     9.390    cnn_accelerator_system_i/mig_7series_0/u_cnn_accelerator_system_mig_7series_0_0_mig/u_ddr3_infrastructure/mmcm_clk
  -------------------------------------------------------------------    -------------------
    PLLE2_ADV_X1Y1       PLLE2_ADV (Prop_plle2_adv_CLKIN1_CLKOUT2)
                                                      0.083     9.473 f  cnn_accelerator_system_i/mig_7series_0/u_cnn_accelerator_system_mig_7series_0_0_mig/u_ddr3_infrastructure/plle2_i/CLKOUT2
                         net (fo=7, routed)           0.589    10.062    cnn_accelerator_system_i/mig_7series_0/u_cnn_accelerator_system_mig_7series_0_0_mig/u_memc_ui_top_axi/mem_intfc0/ddr_phy_top0/u_ddr_mc_phy_wrapper/u_ddr_mc_phy/ddr_phy_4lanes_0.u_ddr_phy_4lanes/sync_pulse
    PHY_CONTROL_X1Y1     PHY_CONTROL                                  f  cnn_accelerator_system_i/mig_7series_0/u_cnn_accelerator_system_mig_7series_0_0_mig/u_memc_ui_top_axi/mem_intfc0/ddr_phy_top0/u_ddr_mc_phy_wrapper/u_ddr_mc_phy/ddr_phy_4lanes_0.u_ddr_phy_4lanes/phy_control_i/SYNCIN
  -------------------------------------------------------------------    -------------------

                         (clock mem_refclk rise edge)
                                                      3.077     3.077 r  
    E3                                                0.000     3.077 r  CLK100MHZ (IN)
                         net (fo=0)                   0.000     3.077    CLK100MHZ
    E3                   IBUF (Prop_ibuf_I_O)         1.482     4.559 r  CLK100MHZ_IBUF_inst/O
                         net (fo=1, routed)           2.025     6.583    cnn_accelerator_system_i/util_ds_buf_0/U0/BUFG_I[0]
    BUFGCTRL_X0Y16       BUFG (Prop_bufg_I_O)         0.096     6.679 r  cnn_accelerator_system_i/util_ds_buf_0/U0/USE_BUFG.GEN_BUFG[0].BUFG_U/O
                         net (fo=2, routed)           1.666     8.346    cnn_accelerator_system_i/mig_7series_0/u_cnn_accelerator_system_mig_7series_0_0_mig/u_ddr3_infrastructure/mmcm_clk
    PLLE2_ADV_X1Y1       PLLE2_ADV (Prop_plle2_adv_CLKIN1_CLKOUT1)
                                                      0.088     8.434 r  cnn_accelerator_system_i/mig_7series_0/u_cnn_accelerator_system_mig_7series_0_0_mig/u_ddr3_infrastructure/plle2_i/CLKOUT1
                         net (fo=7, routed)           0.621     9.055    cnn_accelerator_system_i/mig_7series_0/u_cnn_accelerator_system_mig_7series_0_0_mig/u_memc_ui_top_axi/mem_intfc0/ddr_phy_top0/u_ddr_mc_phy_wrapper/u_ddr_mc_phy/ddr_phy_4lanes_0.u_ddr_phy_4lanes/mem_refclk
    PHY_CONTROL_X1Y1     PHY_CONTROL                                  r  cnn_accelerator_system_i/mig_7series_0/u_cnn_accelerator_system_mig_7series_0_0_mig/u_memc_ui_top_axi/mem_intfc0/ddr_phy_top0/u_ddr_mc_phy_wrapper/u_ddr_mc_phy/ddr_phy_4lanes_0.u_ddr_phy_4lanes/phy_control_i/MEMREFCLK
                         clock pessimism             -0.307     8.748    
                         clock uncertainty            0.201     8.948    
    PHY_CONTROL_X1Y1     PHY_CONTROL (Hold_phy_control_MEMREFCLK_SYNCIN)
                                                      0.174     9.122    cnn_accelerator_system_i/mig_7series_0/u_cnn_accelerator_system_mig_7series_0_0_mig/u_memc_ui_top_axi/mem_intfc0/ddr_phy_top0/u_ddr_mc_phy_wrapper/u_ddr_mc_phy/ddr_phy_4lanes_0.u_ddr_phy_4lanes/phy_control_i
  -------------------------------------------------------------------
                         required time                         -9.122    
                         arrival time                          10.062    
  -------------------------------------------------------------------
                         slack                                  0.939    





---------------------------------------------------------------------------------------------------
From Clock:  oserdes_clk
  To Clock:  oserdes_clkdiv

Setup :            0  Failing Endpoints,  Worst Slack        2.180ns,  Total Violation        0.000ns
Hold  :            0  Failing Endpoints,  Worst Slack        0.087ns,  Total Violation        0.000ns
---------------------------------------------------------------------------------------------------


Max Delay Paths
--------------------------------------------------------------------------------------
Slack (MET) :             2.180ns  (required time - arrival time)
  Source:                 cnn_accelerator_system_i/mig_7series_0/u_cnn_accelerator_system_mig_7series_0_0_mig/u_memc_ui_top_axi/mem_intfc0/ddr_phy_top0/u_ddr_mc_phy_wrapper/u_ddr_mc_phy/ddr_phy_4lanes_0.u_ddr_phy_4lanes/ddr_byte_lane_A.ddr_byte_lane_A/phaser_out/OCLK
                            (rising edge-triggered cell PHASER_OUT_PHY clocked by oserdes_clk  {rise@0.000ns fall@1.538ns period=3.077ns})
  Destination:            cnn_accelerator_system_i/mig_7series_0/u_cnn_accelerator_system_mig_7series_0_0_mig/u_memc_ui_top_axi/mem_intfc0/ddr_phy_top0/u_ddr_mc_phy_wrapper/u_ddr_mc_phy/ddr_phy_4lanes_0.u_ddr_phy_4lanes/ddr_byte_lane_A.ddr_byte_lane_A/out_fifo/RDEN
                            (rising edge-triggered cell OUT_FIFO clocked by oserdes_clkdiv  {rise@0.000ns fall@6.154ns period=12.308ns})
  Path Group:             oserdes_clkdiv
  Path Type:              Setup (Max at Slow Process Corner)
  Requirement:            3.077ns  (oserdes_clkdiv rise@12.308ns - oserdes_clk rise@9.231ns)
  Data Path Delay:        0.338ns  (logic 0.338ns (100.000%)  route 0.000ns (0.000%))
  Logic Levels:           0  
  Clock Path Skew:        0.148ns (DCD - SCD + CPR)
    Destination Clock Delay (DCD):    8.196ns = ( 20.503 - 12.308 ) 
    Source Clock Delay      (SCD):    8.451ns = ( 17.682 - 9.231 ) 
    Clock Pessimism Removal (CPR):    0.403ns
  Clock Uncertainty:      0.056ns  ((TSJ^2 + DJ^2)^1/2) / 2 + PE
    Total System Jitter     (TSJ):    0.071ns
    Discrete Jitter          (DJ):    0.087ns
    Phase Error              (PE):    0.000ns

    Location             Delay type                Incr(ns)  Path(ns)    Netlist Resource(s)
  -------------------------------------------------------------------    -------------------
                         (clock oserdes_clk rise edge)
                                                      9.231     9.231 r  
    E3                                                0.000     9.231 r  CLK100MHZ (IN)
                         net (fo=0)                   0.000     9.231    CLK100MHZ
    E3                   IBUF (Prop_ibuf_I_O)         1.482    10.713 r  CLK100MHZ_IBUF_inst/O
                         net (fo=1, routed)           2.025    12.737    cnn_accelerator_system_i/util_ds_buf_0/U0/BUFG_I[0]
    BUFGCTRL_X0Y16       BUFG (Prop_bufg_I_O)         0.096    12.833 r  cnn_accelerator_system_i/util_ds_buf_0/U0/USE_BUFG.GEN_BUFG[0].BUFG_U/O
                         net (fo=2, routed)           1.666    14.499    cnn_accelerator_system_i/mig_7series_0/u_cnn_accelerator_system_mig_7series_0_0_mig/u_ddr3_infrastructure/mmcm_clk
    PLLE2_ADV_X1Y1       PLLE2_ADV (Prop_plle2_adv_CLKIN1_CLKOUT1)
                                                      0.088    14.587 r  cnn_accelerator_system_i/mig_7series_0/u_cnn_accelerator_system_mig_7series_0_0_mig/u_ddr3_infrastructure/plle2_i/CLKOUT1
                         net (fo=7, routed)           0.614    15.201    cnn_accelerator_system_i/mig_7series_0/u_cnn_accelerator_system_mig_7series_0_0_mig/u_memc_ui_top_axi/mem_intfc0/ddr_phy_top0/u_ddr_mc_phy_wrapper/u_ddr_mc_phy/ddr_phy_4lanes_0.u_ddr_phy_4lanes/ddr_byte_lane_A.ddr_byte_lane_A/mem_refclk
    PHASER_OUT_PHY_X1Y4  PHASER_OUT_PHY (Prop_phaser_out_phy_MEMREFCLK_OCLK)
                                                      2.480    17.682 r  cnn_accelerator_system_i/mig_7series_0/u_cnn_accelerator_system_mig_7series_0_0_mig/u_memc_ui_top_axi/mem_intfc0/ddr_phy_top0/u_ddr_mc_phy_wrapper/u_ddr_mc_phy/ddr_phy_4lanes_0.u_ddr_phy_4lanes/ddr_byte_lane_A.ddr_byte_lane_A/phaser_out/OCLK
  -------------------------------------------------------------------    -------------------
    PHASER_OUT_PHY_X1Y4  PHASER_OUT_PHY (Prop_phaser_out_phy_OCLK_RDENABLE)
                                                      0.338    18.020 r  cnn_accelerator_system_i/mig_7series_0/u_cnn_accelerator_system_mig_7series_0_0_mig/u_memc_ui_top_axi/mem_intfc0/ddr_phy_top0/u_ddr_mc_phy_wrapper/u_ddr_mc_phy/ddr_phy_4lanes_0.u_ddr_phy_4lanes/ddr_byte_lane_A.ddr_byte_lane_A/phaser_out/RDENABLE
                         net (fo=1, routed)           0.000    18.020    cnn_accelerator_system_i/mig_7series_0/u_cnn_accelerator_system_mig_7series_0_0_mig/u_memc_ui_top_axi/mem_intfc0/ddr_phy_top0/u_ddr_mc_phy_wrapper/u_ddr_mc_phy/ddr_phy_4lanes_0.u_ddr_phy_4lanes/ddr_byte_lane_A.ddr_byte_lane_A/po_rd_enable
    OUT_FIFO_X1Y4        OUT_FIFO                                     r  cnn_accelerator_system_i/mig_7series_0/u_cnn_accelerator_system_mig_7series_0_0_mig/u_memc_ui_top_axi/mem_intfc0/ddr_phy_top0/u_ddr_mc_phy_wrapper/u_ddr_mc_phy/ddr_phy_4lanes_0.u_ddr_phy_4lanes/ddr_byte_lane_A.ddr_byte_lane_A/out_fifo/RDEN
  -------------------------------------------------------------------    -------------------

                         (clock oserdes_clkdiv rise edge)
                                                     12.308    12.308 r  
    E3                                                0.000    12.308 r  CLK100MHZ (IN)
                         net (fo=0)                   0.000    12.308    CLK100MHZ
    E3                   IBUF (Prop_ibuf_I_O)         1.411    13.719 r  CLK100MHZ_IBUF_inst/O
                         net (fo=1, routed)           1.920    15.639    cnn_accelerator_system_i/util_ds_buf_0/U0/BUFG_I[0]
    BUFGCTRL_X0Y16       BUFG (Prop_bufg_I_O)         0.091    15.730 r  cnn_accelerator_system_i/util_ds_buf_0/U0/USE_BUFG.GEN_BUFG[0].BUFG_U/O
                         net (fo=2, routed)           1.544    17.274    cnn_accelerator_system_i/mig_7series_0/u_cnn_accelerator_system_mig_7series_0_0_mig/u_ddr3_infrastructure/mmcm_clk
    PLLE2_ADV_X1Y1       PLLE2_ADV (Prop_plle2_adv_CLKIN1_CLKOUT1)
                                                      0.083    17.357 r  cnn_accelerator_system_i/mig_7series_0/u_cnn_accelerator_system_mig_7series_0_0_mig/u_ddr3_infrastructure/plle2_i/CLKOUT1
                         net (fo=7, routed)           0.582    17.939    cnn_accelerator_system_i/mig_7series_0/u_cnn_accelerator_system_mig_7series_0_0_mig/u_memc_ui_top_axi/mem_intfc0/ddr_phy_top0/u_ddr_mc_phy_wrapper/u_ddr_mc_phy/ddr_phy_4lanes_0.u_ddr_phy_4lanes/ddr_byte_lane_A.ddr_byte_lane_A/mem_refclk
    PHASER_OUT_PHY_X1Y4  PHASER_OUT_PHY (Prop_phaser_out_phy_MEMREFCLK_OCLK)
                                                      2.416    20.355 r  cnn_accelerator_system_i/mig_7series_0/u_cnn_accelerator_system_mig_7series_0_0_mig/u_memc_ui_top_axi/mem_intfc0/ddr_phy_top0/u_ddr_mc_phy_wrapper/u_ddr_mc_phy/ddr_phy_4lanes_0.u_ddr_phy_4lanes/ddr_byte_lane_A.ddr_byte_lane_A/phaser_out/OCLK
    PHASER_OUT_PHY_X1Y4  PHASER_OUT_PHY (Prop_phaser_out_phy_OCLK_OCLKDIV)
                                                      0.148    20.503 r  cnn_accelerator_system_i/mig_7series_0/u_cnn_accelerator_system_mig_7series_0_0_mig/u_memc_ui_top_axi/mem_intfc0/ddr_phy_top0/u_ddr_mc_phy_wrapper/u_ddr_mc_phy/ddr_phy_4lanes_0.u_ddr_phy_4lanes/ddr_byte_lane_A.ddr_byte_lane_A/phaser_out/OCLKDIV
                         net (fo=12, routed)          0.000    20.503    cnn_accelerator_system_i/mig_7series_0/u_cnn_accelerator_system_mig_7series_0_0_mig/u_memc_ui_top_axi/mem_intfc0/ddr_phy_top0/u_ddr_mc_phy_wrapper/u_ddr_mc_phy/ddr_phy_4lanes_0.u_ddr_phy_4lanes/ddr_byte_lane_A.ddr_byte_lane_A/oserdes_clkdiv
    OUT_FIFO_X1Y4        OUT_FIFO                                     r  cnn_accelerator_system_i/mig_7series_0/u_cnn_accelerator_system_mig_7series_0_0_mig/u_memc_ui_top_axi/mem_intfc0/ddr_phy_top0/u_ddr_mc_phy_wrapper/u_ddr_mc_phy/ddr_phy_4lanes_0.u_ddr_phy_4lanes/ddr_byte_lane_A.ddr_byte_lane_A/out_fifo/RDCLK
                         clock pessimism              0.403    20.906    
                         clock uncertainty           -0.056    20.851    
    OUT_FIFO_X1Y4        OUT_FIFO (Setup_out_fifo_RDCLK_RDEN)
                                                     -0.651    20.200    cnn_accelerator_system_i/mig_7series_0/u_cnn_accelerator_system_mig_7series_0_0_mig/u_memc_ui_top_axi/mem_intfc0/ddr_phy_top0/u_ddr_mc_phy_wrapper/u_ddr_mc_phy/ddr_phy_4lanes_0.u_ddr_phy_4lanes/ddr_byte_lane_A.ddr_byte_lane_A/out_fifo
  -------------------------------------------------------------------
                         required time                         20.200    
                         arrival time                         -18.020    
  -------------------------------------------------------------------
                         slack                                  2.180    





Min Delay Paths
--------------------------------------------------------------------------------------
Slack (MET) :             0.087ns  (arrival time - required time)
  Source:                 cnn_accelerator_system_i/mig_7series_0/u_cnn_accelerator_system_mig_7series_0_0_mig/u_memc_ui_top_axi/mem_intfc0/ddr_phy_top0/u_ddr_mc_phy_wrapper/u_ddr_mc_phy/ddr_phy_4lanes_0.u_ddr_phy_4lanes/ddr_byte_lane_A.ddr_byte_lane_A/phaser_out/OCLK
                            (rising edge-triggered cell PHASER_OUT_PHY clocked by oserdes_clk  {rise@0.000ns fall@1.538ns period=3.077ns})
  Destination:            cnn_accelerator_system_i/mig_7series_0/u_cnn_accelerator_system_mig_7series_0_0_mig/u_memc_ui_top_axi/mem_intfc0/ddr_phy_top0/u_ddr_mc_phy_wrapper/u_ddr_mc_phy/ddr_phy_4lanes_0.u_ddr_phy_4lanes/ddr_byte_lane_A.ddr_byte_lane_A/ddr_byte_group_io/output_[9].oserdes_dq_.sdr.oserdes_dq_i/RST
                            (rising edge-triggered cell OSERDESE2 clocked by oserdes_clkdiv  {rise@0.000ns fall@6.154ns period=12.308ns})
  Path Group:             oserdes_clkdiv
  Path Type:              Hold (Min at Fast Process Corner)
  Requirement:            0.000ns  (oserdes_clkdiv rise@0.000ns - oserdes_clk rise@0.000ns)
  Data Path Delay:        0.914ns  (logic 0.272ns (29.775%)  route 0.642ns (70.225%))
  Logic Levels:           0  
  Clock Path Skew:        0.268ns (DCD - SCD - CPR)
    Destination Clock Delay (DCD):    4.723ns
    Source Clock Delay      (SCD):    3.867ns
    Clock Pessimism Removal (CPR):    0.588ns
  Timing Exception:       MultiCycle Path   Setup -start 2    Hold  -start 1

    Location             Delay type                Incr(ns)  Path(ns)    Netlist Resource(s)
  -------------------------------------------------------------------    -------------------
                         (clock oserdes_clk rise edge)
                                                      0.000     0.000 r  
    E3                                                0.000     0.000 r  CLK100MHZ (IN)
                         net (fo=0)                   0.000     0.000    CLK100MHZ
    E3                   IBUF (Prop_ibuf_I_O)         0.250     0.250 r  CLK100MHZ_IBUF_inst/O
                         net (fo=1, routed)           0.644     0.894    cnn_accelerator_system_i/util_ds_buf_0/U0/BUFG_I[0]
    BUFGCTRL_X0Y16       BUFG (Prop_bufg_I_O)         0.026     0.920 r  cnn_accelerator_system_i/util_ds_buf_0/U0/USE_BUFG.GEN_BUFG[0].BUFG_U/O
                         net (fo=2, routed)           0.566     1.485    cnn_accelerator_system_i/mig_7series_0/u_cnn_accelerator_system_mig_7series_0_0_mig/u_ddr3_infrastructure/mmcm_clk
    PLLE2_ADV_X1Y1       PLLE2_ADV (Prop_plle2_adv_CLKIN1_CLKOUT1)
                                                      0.050     1.535 r  cnn_accelerator_system_i/mig_7series_0/u_cnn_accelerator_system_mig_7series_0_0_mig/u_ddr3_infrastructure/plle2_i/CLKOUT1
                         net (fo=7, routed)           0.197     1.732    cnn_accelerator_system_i/mig_7series_0/u_cnn_accelerator_system_mig_7series_0_0_mig/u_memc_ui_top_axi/mem_intfc0/ddr_phy_top0/u_ddr_mc_phy_wrapper/u_ddr_mc_phy/ddr_phy_4lanes_0.u_ddr_phy_4lanes/ddr_byte_lane_A.ddr_byte_lane_A/mem_refclk
    PHASER_OUT_PHY_X1Y4  PHASER_OUT_PHY (Prop_phaser_out_phy_MEMREFCLK_OCLK)
                                                      2.135     3.867 r  cnn_accelerator_system_i/mig_7series_0/u_cnn_accelerator_system_mig_7series_0_0_mig/u_memc_ui_top_axi/mem_intfc0/ddr_phy_top0/u_ddr_mc_phy_wrapper/u_ddr_mc_phy/ddr_phy_4lanes_0.u_ddr_phy_4lanes/ddr_byte_lane_A.ddr_byte_lane_A/phaser_out/OCLK
  -------------------------------------------------------------------    -------------------
    PHASER_OUT_PHY_X1Y4  PHASER_OUT_PHY (Prop_phaser_out_phy_OCLK_OSERDESRST)
                                                      0.272     4.139 r  cnn_accelerator_system_i/mig_7series_0/u_cnn_accelerator_system_mig_7series_0_0_mig/u_memc_ui_top_axi/mem_intfc0/ddr_phy_top0/u_ddr_mc_phy_wrapper/u_ddr_mc_phy/ddr_phy_4lanes_0.u_ddr_phy_4lanes/ddr_byte_lane_A.ddr_byte_lane_A/phaser_out/OSERDESRST
                         net (fo=11, routed)          0.642     4.781    cnn_accelerator_system_i/mig_7series_0/u_cnn_accelerator_system_mig_7series_0_0_mig/u_memc_ui_top_axi/mem_intfc0/ddr_phy_top0/u_ddr_mc_phy_wrapper/u_ddr_mc_phy/ddr_phy_4lanes_0.u_ddr_phy_4lanes/ddr_byte_lane_A.ddr_byte_lane_A/ddr_byte_group_io/po_oserdes_rst
    OLOGIC_X1Y62         OSERDESE2                                    r  cnn_accelerator_system_i/mig_7series_0/u_cnn_accelerator_system_mig_7series_0_0_mig/u_memc_ui_top_axi/mem_intfc0/ddr_phy_top0/u_ddr_mc_phy_wrapper/u_ddr_mc_phy/ddr_phy_4lanes_0.u_ddr_phy_4lanes/ddr_byte_lane_A.ddr_byte_lane_A/ddr_byte_group_io/output_[9].oserdes_dq_.sdr.oserdes_dq_i/RST
  -------------------------------------------------------------------    -------------------

                         (clock oserdes_clkdiv rise edge)
                                                      0.000     0.000 r  
    E3                                                0.000     0.000 r  CLK100MHZ (IN)
                         net (fo=0)                   0.000     0.000    CLK100MHZ
    E3                   IBUF (Prop_ibuf_I_O)         0.438     0.438 r  CLK100MHZ_IBUF_inst/O
                         net (fo=1, routed)           0.699     1.136    cnn_accelerator_system_i/util_ds_buf_0/U0/BUFG_I[0]
    BUFGCTRL_X0Y16       BUFG (Prop_bufg_I_O)         0.029     1.165 r  cnn_accelerator_system_i/util_ds_buf_0/U0/USE_BUFG.GEN_BUFG[0].BUFG_U/O
                         net (fo=2, routed)           0.835     2.000    cnn_accelerator_system_i/mig_7series_0/u_cnn_accelerator_system_mig_7series_0_0_mig/u_ddr3_infrastructure/mmcm_clk
    PLLE2_ADV_X1Y1       PLLE2_ADV (Prop_plle2_adv_CLKIN1_CLKOUT1)
                                                      0.053     2.053 r  cnn_accelerator_system_i/mig_7series_0/u_cnn_accelerator_system_mig_7series_0_0_mig/u_ddr3_infrastructure/plle2_i/CLKOUT1
                         net (fo=7, routed)           0.218     2.271    cnn_accelerator_system_i/mig_7series_0/u_cnn_accelerator_system_mig_7series_0_0_mig/u_memc_ui_top_axi/mem_intfc0/ddr_phy_top0/u_ddr_mc_phy_wrapper/u_ddr_mc_phy/ddr_phy_4lanes_0.u_ddr_phy_4lanes/ddr_byte_lane_A.ddr_byte_lane_A/mem_refclk
    PHASER_OUT_PHY_X1Y4  PHASER_OUT_PHY (Prop_phaser_out_phy_MEMREFCLK_OCLK)
                                                      2.184     4.455 r  cnn_accelerator_system_i/mig_7series_0/u_cnn_accelerator_system_mig_7series_0_0_mig/u_memc_ui_top_axi/mem_intfc0/ddr_phy_top0/u_ddr_mc_phy_wrapper/u_ddr_mc_phy/ddr_phy_4lanes_0.u_ddr_phy_4lanes/ddr_byte_lane_A.ddr_byte_lane_A/phaser_out/OCLK
    PHASER_OUT_PHY_X1Y4  PHASER_OUT_PHY (Prop_phaser_out_phy_OCLK_OCLKDIV)
                                                      0.088     4.543 r  cnn_accelerator_system_i/mig_7series_0/u_cnn_accelerator_system_mig_7series_0_0_mig/u_memc_ui_top_axi/mem_intfc0/ddr_phy_top0/u_ddr_mc_phy_wrapper/u_ddr_mc_phy/ddr_phy_4lanes_0.u_ddr_phy_4lanes/ddr_byte_lane_A.ddr_byte_lane_A/phaser_out/OCLKDIV
                         net (fo=12, routed)          0.180     4.723    cnn_accelerator_system_i/mig_7series_0/u_cnn_accelerator_system_mig_7series_0_0_mig/u_memc_ui_top_axi/mem_intfc0/ddr_phy_top0/u_ddr_mc_phy_wrapper/u_ddr_mc_phy/ddr_phy_4lanes_0.u_ddr_phy_4lanes/ddr_byte_lane_A.ddr_byte_lane_A/ddr_byte_group_io/oserdes_clkdiv
    OLOGIC_X1Y62         OSERDESE2                                    r  cnn_accelerator_system_i/mig_7series_0/u_cnn_accelerator_system_mig_7series_0_0_mig/u_memc_ui_top_axi/mem_intfc0/ddr_phy_top0/u_ddr_mc_phy_wrapper/u_ddr_mc_phy/ddr_phy_4lanes_0.u_ddr_phy_4lanes/ddr_byte_lane_A.ddr_byte_lane_A/ddr_byte_group_io/output_[9].oserdes_dq_.sdr.oserdes_dq_i/CLKDIV
                         clock pessimism             -0.588     4.135    
    OLOGIC_X1Y62         OSERDESE2 (Hold_oserdese2_CLKDIV_RST)
                                                      0.559     4.694    cnn_accelerator_system_i/mig_7series_0/u_cnn_accelerator_system_mig_7series_0_0_mig/u_memc_ui_top_axi/mem_intfc0/ddr_phy_top0/u_ddr_mc_phy_wrapper/u_ddr_mc_phy/ddr_phy_4lanes_0.u_ddr_phy_4lanes/ddr_byte_lane_A.ddr_byte_lane_A/ddr_byte_group_io/output_[9].oserdes_dq_.sdr.oserdes_dq_i
  -------------------------------------------------------------------
                         required time                         -4.694    
                         arrival time                           4.781    
  -------------------------------------------------------------------
                         slack                                  0.087    





---------------------------------------------------------------------------------------------------
From Clock:  oserdes_clk_1
  To Clock:  oserdes_clkdiv_1

Setup :            0  Failing Endpoints,  Worst Slack        2.180ns,  Total Violation        0.000ns
Hold  :            0  Failing Endpoints,  Worst Slack        0.095ns,  Total Violation        0.000ns
---------------------------------------------------------------------------------------------------


Max Delay Paths
--------------------------------------------------------------------------------------
Slack (MET) :             2.180ns  (required time - arrival time)
  Source:                 cnn_accelerator_system_i/mig_7series_0/u_cnn_accelerator_system_mig_7series_0_0_mig/u_memc_ui_top_axi/mem_intfc0/ddr_phy_top0/u_ddr_mc_phy_wrapper/u_ddr_mc_phy/ddr_phy_4lanes_0.u_ddr_phy_4lanes/ddr_byte_lane_B.ddr_byte_lane_B/phaser_out/OCLK
                            (rising edge-triggered cell PHASER_OUT_PHY clocked by oserdes_clk_1  {rise@0.000ns fall@1.538ns period=3.077ns})
  Destination:            cnn_accelerator_system_i/mig_7series_0/u_cnn_accelerator_system_mig_7series_0_0_mig/u_memc_ui_top_axi/mem_intfc0/ddr_phy_top0/u_ddr_mc_phy_wrapper/u_ddr_mc_phy/ddr_phy_4lanes_0.u_ddr_phy_4lanes/ddr_byte_lane_B.ddr_byte_lane_B/out_fifo/RDEN
                            (rising edge-triggered cell OUT_FIFO clocked by oserdes_clkdiv_1  {rise@0.000ns fall@6.154ns period=12.308ns})
  Path Group:             oserdes_clkdiv_1
  Path Type:              Setup (Max at Slow Process Corner)
  Requirement:            3.077ns  (oserdes_clkdiv_1 rise@12.308ns - oserdes_clk_1 rise@9.231ns)
  Data Path Delay:        0.338ns  (logic 0.338ns (100.000%)  route 0.000ns (0.000%))
  Logic Levels:           0  
  Clock Path Skew:        0.148ns (DCD - SCD + CPR)
    Destination Clock Delay (DCD):    8.186ns = ( 20.493 - 12.308 ) 
    Source Clock Delay      (SCD):    8.440ns = ( 17.671 - 9.231 ) 
    Clock Pessimism Removal (CPR):    0.402ns
  Clock Uncertainty:      0.056ns  ((TSJ^2 + DJ^2)^1/2) / 2 + PE
    Total System Jitter     (TSJ):    0.071ns
    Discrete Jitter          (DJ):    0.087ns
    Phase Error              (PE):    0.000ns

    Location             Delay type                Incr(ns)  Path(ns)    Netlist Resource(s)
  -------------------------------------------------------------------    -------------------
                         (clock oserdes_clk_1 rise edge)
                                                      9.231     9.231 r  
    E3                                                0.000     9.231 r  CLK100MHZ (IN)
                         net (fo=0)                   0.000     9.231    CLK100MHZ
    E3                   IBUF (Prop_ibuf_I_O)         1.482    10.713 r  CLK100MHZ_IBUF_inst/O
                         net (fo=1, routed)           2.025    12.737    cnn_accelerator_system_i/util_ds_buf_0/U0/BUFG_I[0]
    BUFGCTRL_X0Y16       BUFG (Prop_bufg_I_O)         0.096    12.833 r  cnn_accelerator_system_i/util_ds_buf_0/U0/USE_BUFG.GEN_BUFG[0].BUFG_U/O
                         net (fo=2, routed)           1.666    14.499    cnn_accelerator_system_i/mig_7series_0/u_cnn_accelerator_system_mig_7series_0_0_mig/u_ddr3_infrastructure/mmcm_clk
    PLLE2_ADV_X1Y1       PLLE2_ADV (Prop_plle2_adv_CLKIN1_CLKOUT1)
                                                      0.088    14.587 r  cnn_accelerator_system_i/mig_7series_0/u_cnn_accelerator_system_mig_7series_0_0_mig/u_ddr3_infrastructure/plle2_i/CLKOUT1
                         net (fo=7, routed)           0.603    15.190    cnn_accelerator_system_i/mig_7series_0/u_cnn_accelerator_system_mig_7series_0_0_mig/u_memc_ui_top_axi/mem_intfc0/ddr_phy_top0/u_ddr_mc_phy_wrapper/u_ddr_mc_phy/ddr_phy_4lanes_0.u_ddr_phy_4lanes/ddr_byte_lane_B.ddr_byte_lane_B/mem_refclk
    PHASER_OUT_PHY_X1Y5  PHASER_OUT_PHY (Prop_phaser_out_phy_MEMREFCLK_OCLK)
                                                      2.480    17.671 r  cnn_accelerator_system_i/mig_7series_0/u_cnn_accelerator_system_mig_7series_0_0_mig/u_memc_ui_top_axi/mem_intfc0/ddr_phy_top0/u_ddr_mc_phy_wrapper/u_ddr_mc_phy/ddr_phy_4lanes_0.u_ddr_phy_4lanes/ddr_byte_lane_B.ddr_byte_lane_B/phaser_out/OCLK
  -------------------------------------------------------------------    -------------------
    PHASER_OUT_PHY_X1Y5  PHASER_OUT_PHY (Prop_phaser_out_phy_OCLK_RDENABLE)
                                                      0.338    18.009 r  cnn_accelerator_system_i/mig_7series_0/u_cnn_accelerator_system_mig_7series_0_0_mig/u_memc_ui_top_axi/mem_intfc0/ddr_phy_top0/u_ddr_mc_phy_wrapper/u_ddr_mc_phy/ddr_phy_4lanes_0.u_ddr_phy_4lanes/ddr_byte_lane_B.ddr_byte_lane_B/phaser_out/RDENABLE
                         net (fo=1, routed)           0.000    18.009    cnn_accelerator_system_i/mig_7series_0/u_cnn_accelerator_system_mig_7series_0_0_mig/u_memc_ui_top_axi/mem_intfc0/ddr_phy_top0/u_ddr_mc_phy_wrapper/u_ddr_mc_phy/ddr_phy_4lanes_0.u_ddr_phy_4lanes/ddr_byte_lane_B.ddr_byte_lane_B/po_rd_enable
    OUT_FIFO_X1Y5        OUT_FIFO                                     r  cnn_accelerator_system_i/mig_7series_0/u_cnn_accelerator_system_mig_7series_0_0_mig/u_memc_ui_top_axi/mem_intfc0/ddr_phy_top0/u_ddr_mc_phy_wrapper/u_ddr_mc_phy/ddr_phy_4lanes_0.u_ddr_phy_4lanes/ddr_byte_lane_B.ddr_byte_lane_B/out_fifo/RDEN
  -------------------------------------------------------------------    -------------------

                         (clock oserdes_clkdiv_1 rise edge)
                                                     12.308    12.308 r  
    E3                                                0.000    12.308 r  CLK100MHZ (IN)
                         net (fo=0)                   0.000    12.308    CLK100MHZ
    E3                   IBUF (Prop_ibuf_I_O)         1.411    13.719 r  CLK100MHZ_IBUF_inst/O
                         net (fo=1, routed)           1.920    15.639    cnn_accelerator_system_i/util_ds_buf_0/U0/BUFG_I[0]
    BUFGCTRL_X0Y16       BUFG (Prop_bufg_I_O)         0.091    15.730 r  cnn_accelerator_system_i/util_ds_buf_0/U0/USE_BUFG.GEN_BUFG[0].BUFG_U/O
                         net (fo=2, routed)           1.544    17.274    cnn_accelerator_system_i/mig_7series_0/u_cnn_accelerator_system_mig_7series_0_0_mig/u_ddr3_infrastructure/mmcm_clk
    PLLE2_ADV_X1Y1       PLLE2_ADV (Prop_plle2_adv_CLKIN1_CLKOUT1)
                                                      0.083    17.357 r  cnn_accelerator_system_i/mig_7series_0/u_cnn_accelerator_system_mig_7series_0_0_mig/u_ddr3_infrastructure/plle2_i/CLKOUT1
                         net (fo=7, routed)           0.572    17.929    cnn_accelerator_system_i/mig_7series_0/u_cnn_accelerator_system_mig_7series_0_0_mig/u_memc_ui_top_axi/mem_intfc0/ddr_phy_top0/u_ddr_mc_phy_wrapper/u_ddr_mc_phy/ddr_phy_4lanes_0.u_ddr_phy_4lanes/ddr_byte_lane_B.ddr_byte_lane_B/mem_refclk
    PHASER_OUT_PHY_X1Y5  PHASER_OUT_PHY (Prop_phaser_out_phy_MEMREFCLK_OCLK)
                                                      2.416    20.345 r  cnn_accelerator_system_i/mig_7series_0/u_cnn_accelerator_system_mig_7series_0_0_mig/u_memc_ui_top_axi/mem_intfc0/ddr_phy_top0/u_ddr_mc_phy_wrapper/u_ddr_mc_phy/ddr_phy_4lanes_0.u_ddr_phy_4lanes/ddr_byte_lane_B.ddr_byte_lane_B/phaser_out/OCLK
    PHASER_OUT_PHY_X1Y5  PHASER_OUT_PHY (Prop_phaser_out_phy_OCLK_OCLKDIV)
                                                      0.148    20.493 r  cnn_accelerator_system_i/mig_7series_0/u_cnn_accelerator_system_mig_7series_0_0_mig/u_memc_ui_top_axi/mem_intfc0/ddr_phy_top0/u_ddr_mc_phy_wrapper/u_ddr_mc_phy/ddr_phy_4lanes_0.u_ddr_phy_4lanes/ddr_byte_lane_B.ddr_byte_lane_B/phaser_out/OCLKDIV
                         net (fo=13, routed)          0.000    20.493    cnn_accelerator_system_i/mig_7series_0/u_cnn_accelerator_system_mig_7series_0_0_mig/u_memc_ui_top_axi/mem_intfc0/ddr_phy_top0/u_ddr_mc_phy_wrapper/u_ddr_mc_phy/ddr_phy_4lanes_0.u_ddr_phy_4lanes/ddr_byte_lane_B.ddr_byte_lane_B/oserdes_clkdiv
    OUT_FIFO_X1Y5        OUT_FIFO                                     r  cnn_accelerator_system_i/mig_7series_0/u_cnn_accelerator_system_mig_7series_0_0_mig/u_memc_ui_top_axi/mem_intfc0/ddr_phy_top0/u_ddr_mc_phy_wrapper/u_ddr_mc_phy/ddr_phy_4lanes_0.u_ddr_phy_4lanes/ddr_byte_lane_B.ddr_byte_lane_B/out_fifo/RDCLK
                         clock pessimism              0.402    20.895    
                         clock uncertainty           -0.056    20.840    
    OUT_FIFO_X1Y5        OUT_FIFO (Setup_out_fifo_RDCLK_RDEN)
                                                     -0.651    20.189    cnn_accelerator_system_i/mig_7series_0/u_cnn_accelerator_system_mig_7series_0_0_mig/u_memc_ui_top_axi/mem_intfc0/ddr_phy_top0/u_ddr_mc_phy_wrapper/u_ddr_mc_phy/ddr_phy_4lanes_0.u_ddr_phy_4lanes/ddr_byte_lane_B.ddr_byte_lane_B/out_fifo
  -------------------------------------------------------------------
                         required time                         20.189    
                         arrival time                         -18.009    
  -------------------------------------------------------------------
                         slack                                  2.180    





Min Delay Paths
--------------------------------------------------------------------------------------
Slack (MET) :             0.095ns  (arrival time - required time)
  Source:                 cnn_accelerator_system_i/mig_7series_0/u_cnn_accelerator_system_mig_7series_0_0_mig/u_memc_ui_top_axi/mem_intfc0/ddr_phy_top0/u_ddr_mc_phy_wrapper/u_ddr_mc_phy/ddr_phy_4lanes_0.u_ddr_phy_4lanes/ddr_byte_lane_B.ddr_byte_lane_B/phaser_out/OCLK
                            (rising edge-triggered cell PHASER_OUT_PHY clocked by oserdes_clk_1  {rise@0.000ns fall@1.538ns period=3.077ns})
  Destination:            cnn_accelerator_system_i/mig_7series_0/u_cnn_accelerator_system_mig_7series_0_0_mig/u_memc_ui_top_axi/mem_intfc0/ddr_phy_top0/u_ddr_mc_phy_wrapper/u_ddr_mc_phy/ddr_phy_4lanes_0.u_ddr_phy_4lanes/ddr_byte_lane_B.ddr_byte_lane_B/out_fifo/RDEN
                            (rising edge-triggered cell OUT_FIFO clocked by oserdes_clkdiv_1  {rise@0.000ns fall@6.154ns period=12.308ns})
  Path Group:             oserdes_clkdiv_1
  Path Type:              Hold (Min at Fast Process Corner)
  Requirement:            0.000ns  (oserdes_clkdiv_1 rise@0.000ns - oserdes_clk_1 rise@0.000ns)
  Data Path Delay:        0.172ns  (logic 0.172ns (100.000%)  route 0.000ns (0.000%))
  Logic Levels:           0  
  Clock Path Skew:        0.088ns (DCD - SCD - CPR)
    Destination Clock Delay (DCD):    4.534ns
    Source Clock Delay      (SCD):    3.860ns
    Clock Pessimism Removal (CPR):    0.586ns

    Location             Delay type                Incr(ns)  Path(ns)    Netlist Resource(s)
  -------------------------------------------------------------------    -------------------
                         (clock oserdes_clk_1 rise edge)
                                                      0.000     0.000 r  
    E3                                                0.000     0.000 r  CLK100MHZ (IN)
                         net (fo=0)                   0.000     0.000    CLK100MHZ
    E3                   IBUF (Prop_ibuf_I_O)         0.250     0.250 r  CLK100MHZ_IBUF_inst/O
                         net (fo=1, routed)           0.644     0.894    cnn_accelerator_system_i/util_ds_buf_0/U0/BUFG_I[0]
    BUFGCTRL_X0Y16       BUFG (Prop_bufg_I_O)         0.026     0.920 r  cnn_accelerator_system_i/util_ds_buf_0/U0/USE_BUFG.GEN_BUFG[0].BUFG_U/O
                         net (fo=2, routed)           0.566     1.485    cnn_accelerator_system_i/mig_7series_0/u_cnn_accelerator_system_mig_7series_0_0_mig/u_ddr3_infrastructure/mmcm_clk
    PLLE2_ADV_X1Y1       PLLE2_ADV (Prop_plle2_adv_CLKIN1_CLKOUT1)
                                                      0.050     1.535 r  cnn_accelerator_system_i/mig_7series_0/u_cnn_accelerator_system_mig_7series_0_0_mig/u_ddr3_infrastructure/plle2_i/CLKOUT1
                         net (fo=7, routed)           0.190     1.725    cnn_accelerator_system_i/mig_7series_0/u_cnn_accelerator_system_mig_7series_0_0_mig/u_memc_ui_top_axi/mem_intfc0/ddr_phy_top0/u_ddr_mc_phy_wrapper/u_ddr_mc_phy/ddr_phy_4lanes_0.u_ddr_phy_4lanes/ddr_byte_lane_B.ddr_byte_lane_B/mem_refclk
    PHASER_OUT_PHY_X1Y5  PHASER_OUT_PHY (Prop_phaser_out_phy_MEMREFCLK_OCLK)
                                                      2.135     3.860 r  cnn_accelerator_system_i/mig_7series_0/u_cnn_accelerator_system_mig_7series_0_0_mig/u_memc_ui_top_axi/mem_intfc0/ddr_phy_top0/u_ddr_mc_phy_wrapper/u_ddr_mc_phy/ddr_phy_4lanes_0.u_ddr_phy_4lanes/ddr_byte_lane_B.ddr_byte_lane_B/phaser_out/OCLK
  -------------------------------------------------------------------    -------------------
    PHASER_OUT_PHY_X1Y5  PHASER_OUT_PHY (Prop_phaser_out_phy_OCLK_RDENABLE)
                                                      0.172     4.032 r  cnn_accelerator_system_i/mig_7series_0/u_cnn_accelerator_system_mig_7series_0_0_mig/u_memc_ui_top_axi/mem_intfc0/ddr_phy_top0/u_ddr_mc_phy_wrapper/u_ddr_mc_phy/ddr_phy_4lanes_0.u_ddr_phy_4lanes/ddr_byte_lane_B.ddr_byte_lane_B/phaser_out/RDENABLE
                         net (fo=1, routed)           0.000     4.032    cnn_accelerator_system_i/mig_7series_0/u_cnn_accelerator_system_mig_7series_0_0_mig/u_memc_ui_top_axi/mem_intfc0/ddr_phy_top0/u_ddr_mc_phy_wrapper/u_ddr_mc_phy/ddr_phy_4lanes_0.u_ddr_phy_4lanes/ddr_byte_lane_B.ddr_byte_lane_B/po_rd_enable
    OUT_FIFO_X1Y5        OUT_FIFO                                     r  cnn_accelerator_system_i/mig_7series_0/u_cnn_accelerator_system_mig_7series_0_0_mig/u_memc_ui_top_axi/mem_intfc0/ddr_phy_top0/u_ddr_mc_phy_wrapper/u_ddr_mc_phy/ddr_phy_4lanes_0.u_ddr_phy_4lanes/ddr_byte_lane_B.ddr_byte_lane_B/out_fifo/RDEN
  -------------------------------------------------------------------    -------------------

                         (clock oserdes_clkdiv_1 rise edge)
                                                      0.000     0.000 r  
    E3                                                0.000     0.000 r  CLK100MHZ (IN)
                         net (fo=0)                   0.000     0.000    CLK100MHZ
    E3                   IBUF (Prop_ibuf_I_O)         0.438     0.438 r  CLK100MHZ_IBUF_inst/O
                         net (fo=1, routed)           0.699     1.136    cnn_accelerator_system_i/util_ds_buf_0/U0/BUFG_I[0]
    BUFGCTRL_X0Y16       BUFG (Prop_bufg_I_O)         0.029     1.165 r  cnn_accelerator_system_i/util_ds_buf_0/U0/USE_BUFG.GEN_BUFG[0].BUFG_U/O
                         net (fo=2, routed)           0.835     2.000    cnn_accelerator_system_i/mig_7series_0/u_cnn_accelerator_system_mig_7series_0_0_mig/u_ddr3_infrastructure/mmcm_clk
    PLLE2_ADV_X1Y1       PLLE2_ADV (Prop_plle2_adv_CLKIN1_CLKOUT1)
                                                      0.053     2.053 r  cnn_accelerator_system_i/mig_7series_0/u_cnn_accelerator_system_mig_7series_0_0_mig/u_ddr3_infrastructure/plle2_i/CLKOUT1
                         net (fo=7, routed)           0.209     2.262    cnn_accelerator_system_i/mig_7series_0/u_cnn_accelerator_system_mig_7series_0_0_mig/u_memc_ui_top_axi/mem_intfc0/ddr_phy_top0/u_ddr_mc_phy_wrapper/u_ddr_mc_phy/ddr_phy_4lanes_0.u_ddr_phy_4lanes/ddr_byte_lane_B.ddr_byte_lane_B/mem_refclk
    PHASER_OUT_PHY_X1Y5  PHASER_OUT_PHY (Prop_phaser_out_phy_MEMREFCLK_OCLK)
                                                      2.184     4.446 r  cnn_accelerator_system_i/mig_7series_0/u_cnn_accelerator_system_mig_7series_0_0_mig/u_memc_ui_top_axi/mem_intfc0/ddr_phy_top0/u_ddr_mc_phy_wrapper/u_ddr_mc_phy/ddr_phy_4lanes_0.u_ddr_phy_4lanes/ddr_byte_lane_B.ddr_byte_lane_B/phaser_out/OCLK
    PHASER_OUT_PHY_X1Y5  PHASER_OUT_PHY (Prop_phaser_out_phy_OCLK_OCLKDIV)
                                                      0.088     4.534 r  cnn_accelerator_system_i/mig_7series_0/u_cnn_accelerator_system_mig_7series_0_0_mig/u_memc_ui_top_axi/mem_intfc0/ddr_phy_top0/u_ddr_mc_phy_wrapper/u_ddr_mc_phy/ddr_phy_4lanes_0.u_ddr_phy_4lanes/ddr_byte_lane_B.ddr_byte_lane_B/phaser_out/OCLKDIV
                         net (fo=13, routed)          0.000     4.534    cnn_accelerator_system_i/mig_7series_0/u_cnn_accelerator_system_mig_7series_0_0_mig/u_memc_ui_top_axi/mem_intfc0/ddr_phy_top0/u_ddr_mc_phy_wrapper/u_ddr_mc_phy/ddr_phy_4lanes_0.u_ddr_phy_4lanes/ddr_byte_lane_B.ddr_byte_lane_B/oserdes_clkdiv
    OUT_FIFO_X1Y5        OUT_FIFO                                     r  cnn_accelerator_system_i/mig_7series_0/u_cnn_accelerator_system_mig_7series_0_0_mig/u_memc_ui_top_axi/mem_intfc0/ddr_phy_top0/u_ddr_mc_phy_wrapper/u_ddr_mc_phy/ddr_phy_4lanes_0.u_ddr_phy_4lanes/ddr_byte_lane_B.ddr_byte_lane_B/out_fifo/RDCLK
                         clock pessimism             -0.586     3.948    
    OUT_FIFO_X1Y5        OUT_FIFO (Hold_out_fifo_RDCLK_RDEN)
                                                     -0.011     3.937    cnn_accelerator_system_i/mig_7series_0/u_cnn_accelerator_system_mig_7series_0_0_mig/u_memc_ui_top_axi/mem_intfc0/ddr_phy_top0/u_ddr_mc_phy_wrapper/u_ddr_mc_phy/ddr_phy_4lanes_0.u_ddr_phy_4lanes/ddr_byte_lane_B.ddr_byte_lane_B/out_fifo
  -------------------------------------------------------------------
                         required time                         -3.937    
                         arrival time                           4.032    
  -------------------------------------------------------------------
                         slack                                  0.095    





---------------------------------------------------------------------------------------------------
From Clock:  oserdes_clk_2
  To Clock:  oserdes_clkdiv_2

Setup :            0  Failing Endpoints,  Worst Slack        2.180ns,  Total Violation        0.000ns
Hold  :            0  Failing Endpoints,  Worst Slack        0.088ns,  Total Violation        0.000ns
---------------------------------------------------------------------------------------------------


Max Delay Paths
--------------------------------------------------------------------------------------
Slack (MET) :             2.180ns  (required time - arrival time)
  Source:                 cnn_accelerator_system_i/mig_7series_0/u_cnn_accelerator_system_mig_7series_0_0_mig/u_memc_ui_top_axi/mem_intfc0/ddr_phy_top0/u_ddr_mc_phy_wrapper/u_ddr_mc_phy/ddr_phy_4lanes_0.u_ddr_phy_4lanes/ddr_byte_lane_C.ddr_byte_lane_C/phaser_out/OCLK
                            (rising edge-triggered cell PHASER_OUT_PHY clocked by oserdes_clk_2  {rise@0.000ns fall@1.538ns period=3.077ns})
  Destination:            cnn_accelerator_system_i/mig_7series_0/u_cnn_accelerator_system_mig_7series_0_0_mig/u_memc_ui_top_axi/mem_intfc0/ddr_phy_top0/u_ddr_mc_phy_wrapper/u_ddr_mc_phy/ddr_phy_4lanes_0.u_ddr_phy_4lanes/ddr_byte_lane_C.ddr_byte_lane_C/out_fifo/RDEN
                            (rising edge-triggered cell OUT_FIFO clocked by oserdes_clkdiv_2  {rise@0.000ns fall@3.077ns period=6.154ns})
  Path Group:             oserdes_clkdiv_2
  Path Type:              Setup (Max at Slow Process Corner)
  Requirement:            3.077ns  (oserdes_clkdiv_2 rise@6.154ns - oserdes_clk_2 rise@3.077ns)
  Data Path Delay:        0.338ns  (logic 0.338ns (100.000%)  route 0.000ns (0.000%))
  Logic Levels:           0  
  Clock Path Skew:        0.148ns (DCD - SCD + CPR)
    Destination Clock Delay (DCD):    8.196ns = ( 14.349 - 6.154 ) 
    Source Clock Delay      (SCD):    8.451ns = ( 11.528 - 3.077 ) 
    Clock Pessimism Removal (CPR):    0.403ns
  Clock Uncertainty:      0.056ns  ((TSJ^2 + DJ^2)^1/2) / 2 + PE
    Total System Jitter     (TSJ):    0.071ns
    Discrete Jitter          (DJ):    0.087ns
    Phase Error              (PE):    0.000ns

    Location             Delay type                Incr(ns)  Path(ns)    Netlist Resource(s)
  -------------------------------------------------------------------    -------------------
                         (clock oserdes_clk_2 rise edge)
                                                      3.077     3.077 r  
    E3                                                0.000     3.077 r  CLK100MHZ (IN)
                         net (fo=0)                   0.000     3.077    CLK100MHZ
    E3                   IBUF (Prop_ibuf_I_O)         1.482     4.559 r  CLK100MHZ_IBUF_inst/O
                         net (fo=1, routed)           2.025     6.583    cnn_accelerator_system_i/util_ds_buf_0/U0/BUFG_I[0]
    BUFGCTRL_X0Y16       BUFG (Prop_bufg_I_O)         0.096     6.679 r  cnn_accelerator_system_i/util_ds_buf_0/U0/USE_BUFG.GEN_BUFG[0].BUFG_U/O
                         net (fo=2, routed)           1.666     8.346    cnn_accelerator_system_i/mig_7series_0/u_cnn_accelerator_system_mig_7series_0_0_mig/u_ddr3_infrastructure/mmcm_clk
    PLLE2_ADV_X1Y1       PLLE2_ADV (Prop_plle2_adv_CLKIN1_CLKOUT1)
                                                      0.088     8.434 r  cnn_accelerator_system_i/mig_7series_0/u_cnn_accelerator_system_mig_7series_0_0_mig/u_ddr3_infrastructure/plle2_i/CLKOUT1
                         net (fo=7, routed)           0.614     9.048    cnn_accelerator_system_i/mig_7series_0/u_cnn_accelerator_system_mig_7series_0_0_mig/u_memc_ui_top_axi/mem_intfc0/ddr_phy_top0/u_ddr_mc_phy_wrapper/u_ddr_mc_phy/ddr_phy_4lanes_0.u_ddr_phy_4lanes/ddr_byte_lane_C.ddr_byte_lane_C/mem_refclk
    PHASER_OUT_PHY_X1Y6  PHASER_OUT_PHY (Prop_phaser_out_phy_MEMREFCLK_OCLK)
                                                      2.480    11.528 r  cnn_accelerator_system_i/mig_7series_0/u_cnn_accelerator_system_mig_7series_0_0_mig/u_memc_ui_top_axi/mem_intfc0/ddr_phy_top0/u_ddr_mc_phy_wrapper/u_ddr_mc_phy/ddr_phy_4lanes_0.u_ddr_phy_4lanes/ddr_byte_lane_C.ddr_byte_lane_C/phaser_out/OCLK
  -------------------------------------------------------------------    -------------------
    PHASER_OUT_PHY_X1Y6  PHASER_OUT_PHY (Prop_phaser_out_phy_OCLK_RDENABLE)
                                                      0.338    11.866 r  cnn_accelerator_system_i/mig_7series_0/u_cnn_accelerator_system_mig_7series_0_0_mig/u_memc_ui_top_axi/mem_intfc0/ddr_phy_top0/u_ddr_mc_phy_wrapper/u_ddr_mc_phy/ddr_phy_4lanes_0.u_ddr_phy_4lanes/ddr_byte_lane_C.ddr_byte_lane_C/phaser_out/RDENABLE
                         net (fo=1, routed)           0.000    11.866    cnn_accelerator_system_i/mig_7series_0/u_cnn_accelerator_system_mig_7series_0_0_mig/u_memc_ui_top_axi/mem_intfc0/ddr_phy_top0/u_ddr_mc_phy_wrapper/u_ddr_mc_phy/ddr_phy_4lanes_0.u_ddr_phy_4lanes/ddr_byte_lane_C.ddr_byte_lane_C/po_rd_enable
    OUT_FIFO_X1Y6        OUT_FIFO                                     r  cnn_accelerator_system_i/mig_7series_0/u_cnn_accelerator_system_mig_7series_0_0_mig/u_memc_ui_top_axi/mem_intfc0/ddr_phy_top0/u_ddr_mc_phy_wrapper/u_ddr_mc_phy/ddr_phy_4lanes_0.u_ddr_phy_4lanes/ddr_byte_lane_C.ddr_byte_lane_C/out_fifo/RDEN
  -------------------------------------------------------------------    -------------------

                         (clock oserdes_clkdiv_2 rise edge)
                                                      6.154     6.154 r  
    E3                                                0.000     6.154 r  CLK100MHZ (IN)
                         net (fo=0)                   0.000     6.154    CLK100MHZ
    E3                   IBUF (Prop_ibuf_I_O)         1.411     7.565 r  CLK100MHZ_IBUF_inst/O
                         net (fo=1, routed)           1.920     9.485    cnn_accelerator_system_i/util_ds_buf_0/U0/BUFG_I[0]
    BUFGCTRL_X0Y16       BUFG (Prop_bufg_I_O)         0.091     9.576 r  cnn_accelerator_system_i/util_ds_buf_0/U0/USE_BUFG.GEN_BUFG[0].BUFG_U/O
                         net (fo=2, routed)           1.544    11.120    cnn_accelerator_system_i/mig_7series_0/u_cnn_accelerator_system_mig_7series_0_0_mig/u_ddr3_infrastructure/mmcm_clk
    PLLE2_ADV_X1Y1       PLLE2_ADV (Prop_plle2_adv_CLKIN1_CLKOUT1)
                                                      0.083    11.203 r  cnn_accelerator_system_i/mig_7series_0/u_cnn_accelerator_system_mig_7series_0_0_mig/u_ddr3_infrastructure/plle2_i/CLKOUT1
                         net (fo=7, routed)           0.582    11.785    cnn_accelerator_system_i/mig_7series_0/u_cnn_accelerator_system_mig_7series_0_0_mig/u_memc_ui_top_axi/mem_intfc0/ddr_phy_top0/u_ddr_mc_phy_wrapper/u_ddr_mc_phy/ddr_phy_4lanes_0.u_ddr_phy_4lanes/ddr_byte_lane_C.ddr_byte_lane_C/mem_refclk
    PHASER_OUT_PHY_X1Y6  PHASER_OUT_PHY (Prop_phaser_out_phy_MEMREFCLK_OCLK)
                                                      2.416    14.201 r  cnn_accelerator_system_i/mig_7series_0/u_cnn_accelerator_system_mig_7series_0_0_mig/u_memc_ui_top_axi/mem_intfc0/ddr_phy_top0/u_ddr_mc_phy_wrapper/u_ddr_mc_phy/ddr_phy_4lanes_0.u_ddr_phy_4lanes/ddr_byte_lane_C.ddr_byte_lane_C/phaser_out/OCLK
    PHASER_OUT_PHY_X1Y6  PHASER_OUT_PHY (Prop_phaser_out_phy_OCLK_OCLKDIV)
                                                      0.148    14.349 r  cnn_accelerator_system_i/mig_7series_0/u_cnn_accelerator_system_mig_7series_0_0_mig/u_memc_ui_top_axi/mem_intfc0/ddr_phy_top0/u_ddr_mc_phy_wrapper/u_ddr_mc_phy/ddr_phy_4lanes_0.u_ddr_phy_4lanes/ddr_byte_lane_C.ddr_byte_lane_C/phaser_out/OCLKDIV
                         net (fo=11, routed)          0.000    14.349    cnn_accelerator_system_i/mig_7series_0/u_cnn_accelerator_system_mig_7series_0_0_mig/u_memc_ui_top_axi/mem_intfc0/ddr_phy_top0/u_ddr_mc_phy_wrapper/u_ddr_mc_phy/ddr_phy_4lanes_0.u_ddr_phy_4lanes/ddr_byte_lane_C.ddr_byte_lane_C/oserdes_clkdiv
    OUT_FIFO_X1Y6        OUT_FIFO                                     r  cnn_accelerator_system_i/mig_7series_0/u_cnn_accelerator_system_mig_7series_0_0_mig/u_memc_ui_top_axi/mem_intfc0/ddr_phy_top0/u_ddr_mc_phy_wrapper/u_ddr_mc_phy/ddr_phy_4lanes_0.u_ddr_phy_4lanes/ddr_byte_lane_C.ddr_byte_lane_C/out_fifo/RDCLK
                         clock pessimism              0.403    14.753    
                         clock uncertainty           -0.056    14.697    
    OUT_FIFO_X1Y6        OUT_FIFO (Setup_out_fifo_RDCLK_RDEN)
                                                     -0.651    14.046    cnn_accelerator_system_i/mig_7series_0/u_cnn_accelerator_system_mig_7series_0_0_mig/u_memc_ui_top_axi/mem_intfc0/ddr_phy_top0/u_ddr_mc_phy_wrapper/u_ddr_mc_phy/ddr_phy_4lanes_0.u_ddr_phy_4lanes/ddr_byte_lane_C.ddr_byte_lane_C/out_fifo
  -------------------------------------------------------------------
                         required time                         14.046    
                         arrival time                         -11.866    
  -------------------------------------------------------------------
                         slack                                  2.180    





Min Delay Paths
--------------------------------------------------------------------------------------
Slack (MET) :             0.088ns  (arrival time - required time)
  Source:                 cnn_accelerator_system_i/mig_7series_0/u_cnn_accelerator_system_mig_7series_0_0_mig/u_memc_ui_top_axi/mem_intfc0/ddr_phy_top0/u_ddr_mc_phy_wrapper/u_ddr_mc_phy/ddr_phy_4lanes_0.u_ddr_phy_4lanes/ddr_byte_lane_C.ddr_byte_lane_C/phaser_out/OCLK
                            (rising edge-triggered cell PHASER_OUT_PHY clocked by oserdes_clk_2  {rise@0.000ns fall@1.538ns period=3.077ns})
  Destination:            cnn_accelerator_system_i/mig_7series_0/u_cnn_accelerator_system_mig_7series_0_0_mig/u_memc_ui_top_axi/mem_intfc0/ddr_phy_top0/u_ddr_mc_phy_wrapper/u_ddr_mc_phy/ddr_phy_4lanes_0.u_ddr_phy_4lanes/ddr_byte_lane_C.ddr_byte_lane_C/ddr_byte_group_io/output_[1].oserdes_dq_.ddr.oserdes_dq_i/RST
                            (rising edge-triggered cell OSERDESE2 clocked by oserdes_clkdiv_2  {rise@0.000ns fall@3.077ns period=6.154ns})
  Path Group:             oserdes_clkdiv_2
  Path Type:              Hold (Min at Fast Process Corner)
  Requirement:            0.000ns  (oserdes_clkdiv_2 rise@0.000ns - oserdes_clk_2 rise@0.000ns)
  Data Path Delay:        0.912ns  (logic 0.272ns (29.836%)  route 0.640ns (70.164%))
  Logic Levels:           0  
  Clock Path Skew:        0.265ns (DCD - SCD - CPR)
    Destination Clock Delay (DCD):    4.720ns
    Source Clock Delay      (SCD):    3.867ns
    Clock Pessimism Removal (CPR):    0.588ns
  Timing Exception:       MultiCycle Path   Setup -start 2    Hold  -start 1

    Location             Delay type                Incr(ns)  Path(ns)    Netlist Resource(s)
  -------------------------------------------------------------------    -------------------
                         (clock oserdes_clk_2 rise edge)
                                                      0.000     0.000 r  
    E3                                                0.000     0.000 r  CLK100MHZ (IN)
                         net (fo=0)                   0.000     0.000    CLK100MHZ
    E3                   IBUF (Prop_ibuf_I_O)         0.250     0.250 r  CLK100MHZ_IBUF_inst/O
                         net (fo=1, routed)           0.644     0.894    cnn_accelerator_system_i/util_ds_buf_0/U0/BUFG_I[0]
    BUFGCTRL_X0Y16       BUFG (Prop_bufg_I_O)         0.026     0.920 r  cnn_accelerator_system_i/util_ds_buf_0/U0/USE_BUFG.GEN_BUFG[0].BUFG_U/O
                         net (fo=2, routed)           0.566     1.485    cnn_accelerator_system_i/mig_7series_0/u_cnn_accelerator_system_mig_7series_0_0_mig/u_ddr3_infrastructure/mmcm_clk
    PLLE2_ADV_X1Y1       PLLE2_ADV (Prop_plle2_adv_CLKIN1_CLKOUT1)
                                                      0.050     1.535 r  cnn_accelerator_system_i/mig_7series_0/u_cnn_accelerator_system_mig_7series_0_0_mig/u_ddr3_infrastructure/plle2_i/CLKOUT1
                         net (fo=7, routed)           0.197     1.732    cnn_accelerator_system_i/mig_7series_0/u_cnn_accelerator_system_mig_7series_0_0_mig/u_memc_ui_top_axi/mem_intfc0/ddr_phy_top0/u_ddr_mc_phy_wrapper/u_ddr_mc_phy/ddr_phy_4lanes_0.u_ddr_phy_4lanes/ddr_byte_lane_C.ddr_byte_lane_C/mem_refclk
    PHASER_OUT_PHY_X1Y6  PHASER_OUT_PHY (Prop_phaser_out_phy_MEMREFCLK_OCLK)
                                                      2.135     3.867 r  cnn_accelerator_system_i/mig_7series_0/u_cnn_accelerator_system_mig_7series_0_0_mig/u_memc_ui_top_axi/mem_intfc0/ddr_phy_top0/u_ddr_mc_phy_wrapper/u_ddr_mc_phy/ddr_phy_4lanes_0.u_ddr_phy_4lanes/ddr_byte_lane_C.ddr_byte_lane_C/phaser_out/OCLK
  -------------------------------------------------------------------    -------------------
    PHASER_OUT_PHY_X1Y6  PHASER_OUT_PHY (Prop_phaser_out_phy_OCLK_OSERDESRST)
                                                      0.272     4.139 r  cnn_accelerator_system_i/mig_7series_0/u_cnn_accelerator_system_mig_7series_0_0_mig/u_memc_ui_top_axi/mem_intfc0/ddr_phy_top0/u_ddr_mc_phy_wrapper/u_ddr_mc_phy/ddr_phy_4lanes_0.u_ddr_phy_4lanes/ddr_byte_lane_C.ddr_byte_lane_C/phaser_out/OSERDESRST
                         net (fo=10, routed)          0.640     4.779    cnn_accelerator_system_i/mig_7series_0/u_cnn_accelerator_system_mig_7series_0_0_mig/u_memc_ui_top_axi/mem_intfc0/ddr_phy_top0/u_ddr_mc_phy_wrapper/u_ddr_mc_phy/ddr_phy_4lanes_0.u_ddr_phy_4lanes/ddr_byte_lane_C.ddr_byte_lane_C/ddr_byte_group_io/po_oserdes_rst
    OLOGIC_X1Y76         OSERDESE2                                    r  cnn_accelerator_system_i/mig_7series_0/u_cnn_accelerator_system_mig_7series_0_0_mig/u_memc_ui_top_axi/mem_intfc0/ddr_phy_top0/u_ddr_mc_phy_wrapper/u_ddr_mc_phy/ddr_phy_4lanes_0.u_ddr_phy_4lanes/ddr_byte_lane_C.ddr_byte_lane_C/ddr_byte_group_io/output_[1].oserdes_dq_.ddr.oserdes_dq_i/RST
  -------------------------------------------------------------------    -------------------

                         (clock oserdes_clkdiv_2 rise edge)
                                                      0.000     0.000 r  
    E3                                                0.000     0.000 r  CLK100MHZ (IN)
                         net (fo=0)                   0.000     0.000    CLK100MHZ
    E3                   IBUF (Prop_ibuf_I_O)         0.438     0.438 r  CLK100MHZ_IBUF_inst/O
                         net (fo=1, routed)           0.699     1.136    cnn_accelerator_system_i/util_ds_buf_0/U0/BUFG_I[0]
    BUFGCTRL_X0Y16       BUFG (Prop_bufg_I_O)         0.029     1.165 r  cnn_accelerator_system_i/util_ds_buf_0/U0/USE_BUFG.GEN_BUFG[0].BUFG_U/O
                         net (fo=2, routed)           0.835     2.000    cnn_accelerator_system_i/mig_7series_0/u_cnn_accelerator_system_mig_7series_0_0_mig/u_ddr3_infrastructure/mmcm_clk
    PLLE2_ADV_X1Y1       PLLE2_ADV (Prop_plle2_adv_CLKIN1_CLKOUT1)
                                                      0.053     2.053 r  cnn_accelerator_system_i/mig_7series_0/u_cnn_accelerator_system_mig_7series_0_0_mig/u_ddr3_infrastructure/plle2_i/CLKOUT1
                         net (fo=7, routed)           0.218     2.271    cnn_accelerator_system_i/mig_7series_0/u_cnn_accelerator_system_mig_7series_0_0_mig/u_memc_ui_top_axi/mem_intfc0/ddr_phy_top0/u_ddr_mc_phy_wrapper/u_ddr_mc_phy/ddr_phy_4lanes_0.u_ddr_phy_4lanes/ddr_byte_lane_C.ddr_byte_lane_C/mem_refclk
    PHASER_OUT_PHY_X1Y6  PHASER_OUT_PHY (Prop_phaser_out_phy_MEMREFCLK_OCLK)
                                                      2.184     4.455 r  cnn_accelerator_system_i/mig_7series_0/u_cnn_accelerator_system_mig_7series_0_0_mig/u_memc_ui_top_axi/mem_intfc0/ddr_phy_top0/u_ddr_mc_phy_wrapper/u_ddr_mc_phy/ddr_phy_4lanes_0.u_ddr_phy_4lanes/ddr_byte_lane_C.ddr_byte_lane_C/phaser_out/OCLK
    PHASER_OUT_PHY_X1Y6  PHASER_OUT_PHY (Prop_phaser_out_phy_OCLK_OCLKDIV)
                                                      0.088     4.543 r  cnn_accelerator_system_i/mig_7series_0/u_cnn_accelerator_system_mig_7series_0_0_mig/u_memc_ui_top_axi/mem_intfc0/ddr_phy_top0/u_ddr_mc_phy_wrapper/u_ddr_mc_phy/ddr_phy_4lanes_0.u_ddr_phy_4lanes/ddr_byte_lane_C.ddr_byte_lane_C/phaser_out/OCLKDIV
                         net (fo=11, routed)          0.177     4.720    cnn_accelerator_system_i/mig_7series_0/u_cnn_accelerator_system_mig_7series_0_0_mig/u_memc_ui_top_axi/mem_intfc0/ddr_phy_top0/u_ddr_mc_phy_wrapper/u_ddr_mc_phy/ddr_phy_4lanes_0.u_ddr_phy_4lanes/ddr_byte_lane_C.ddr_byte_lane_C/ddr_byte_group_io/oserdes_clkdiv
    OLOGIC_X1Y76         OSERDESE2                                    r  cnn_accelerator_system_i/mig_7series_0/u_cnn_accelerator_system_mig_7series_0_0_mig/u_memc_ui_top_axi/mem_intfc0/ddr_phy_top0/u_ddr_mc_phy_wrapper/u_ddr_mc_phy/ddr_phy_4lanes_0.u_ddr_phy_4lanes/ddr_byte_lane_C.ddr_byte_lane_C/ddr_byte_group_io/output_[1].oserdes_dq_.ddr.oserdes_dq_i/CLKDIV
                         clock pessimism             -0.588     4.132    
    OLOGIC_X1Y76         OSERDESE2 (Hold_oserdese2_CLKDIV_RST)
                                                      0.559     4.691    cnn_accelerator_system_i/mig_7series_0/u_cnn_accelerator_system_mig_7series_0_0_mig/u_memc_ui_top_axi/mem_intfc0/ddr_phy_top0/u_ddr_mc_phy_wrapper/u_ddr_mc_phy/ddr_phy_4lanes_0.u_ddr_phy_4lanes/ddr_byte_lane_C.ddr_byte_lane_C/ddr_byte_group_io/output_[1].oserdes_dq_.ddr.oserdes_dq_i
  -------------------------------------------------------------------
                         required time                         -4.691    
                         arrival time                           4.779    
  -------------------------------------------------------------------
                         slack                                  0.088    





---------------------------------------------------------------------------------------------------
From Clock:  oserdes_clk_3
  To Clock:  oserdes_clkdiv_3

Setup :            0  Failing Endpoints,  Worst Slack        2.180ns,  Total Violation        0.000ns
Hold  :            0  Failing Endpoints,  Worst Slack        0.095ns,  Total Violation        0.000ns
---------------------------------------------------------------------------------------------------


Max Delay Paths
--------------------------------------------------------------------------------------
Slack (MET) :             2.180ns  (required time - arrival time)
  Source:                 cnn_accelerator_system_i/mig_7series_0/u_cnn_accelerator_system_mig_7series_0_0_mig/u_memc_ui_top_axi/mem_intfc0/ddr_phy_top0/u_ddr_mc_phy_wrapper/u_ddr_mc_phy/ddr_phy_4lanes_0.u_ddr_phy_4lanes/ddr_byte_lane_D.ddr_byte_lane_D/phaser_out/OCLK
                            (rising edge-triggered cell PHASER_OUT_PHY clocked by oserdes_clk_3  {rise@0.000ns fall@1.538ns period=3.077ns})
  Destination:            cnn_accelerator_system_i/mig_7series_0/u_cnn_accelerator_system_mig_7series_0_0_mig/u_memc_ui_top_axi/mem_intfc0/ddr_phy_top0/u_ddr_mc_phy_wrapper/u_ddr_mc_phy/ddr_phy_4lanes_0.u_ddr_phy_4lanes/ddr_byte_lane_D.ddr_byte_lane_D/out_fifo/RDEN
                            (rising edge-triggered cell OUT_FIFO clocked by oserdes_clkdiv_3  {rise@0.000ns fall@3.077ns period=6.154ns})
  Path Group:             oserdes_clkdiv_3
  Path Type:              Setup (Max at Slow Process Corner)
  Requirement:            3.077ns  (oserdes_clkdiv_3 rise@6.154ns - oserdes_clk_3 rise@3.077ns)
  Data Path Delay:        0.338ns  (logic 0.338ns (100.000%)  route 0.000ns (0.000%))
  Logic Levels:           0  
  Clock Path Skew:        0.148ns (DCD - SCD + CPR)
    Destination Clock Delay (DCD):    8.186ns = ( 14.339 - 6.154 ) 
    Source Clock Delay      (SCD):    8.440ns = ( 11.517 - 3.077 ) 
    Clock Pessimism Removal (CPR):    0.402ns
  Clock Uncertainty:      0.056ns  ((TSJ^2 + DJ^2)^1/2) / 2 + PE
    Total System Jitter     (TSJ):    0.071ns
    Discrete Jitter          (DJ):    0.087ns
    Phase Error              (PE):    0.000ns

    Location             Delay type                Incr(ns)  Path(ns)    Netlist Resource(s)
  -------------------------------------------------------------------    -------------------
                         (clock oserdes_clk_3 rise edge)
                                                      3.077     3.077 r  
    E3                                                0.000     3.077 r  CLK100MHZ (IN)
                         net (fo=0)                   0.000     3.077    CLK100MHZ
    E3                   IBUF (Prop_ibuf_I_O)         1.482     4.559 r  CLK100MHZ_IBUF_inst/O
                         net (fo=1, routed)           2.025     6.583    cnn_accelerator_system_i/util_ds_buf_0/U0/BUFG_I[0]
    BUFGCTRL_X0Y16       BUFG (Prop_bufg_I_O)         0.096     6.679 r  cnn_accelerator_system_i/util_ds_buf_0/U0/USE_BUFG.GEN_BUFG[0].BUFG_U/O
                         net (fo=2, routed)           1.666     8.346    cnn_accelerator_system_i/mig_7series_0/u_cnn_accelerator_system_mig_7series_0_0_mig/u_ddr3_infrastructure/mmcm_clk
    PLLE2_ADV_X1Y1       PLLE2_ADV (Prop_plle2_adv_CLKIN1_CLKOUT1)
                                                      0.088     8.434 r  cnn_accelerator_system_i/mig_7series_0/u_cnn_accelerator_system_mig_7series_0_0_mig/u_ddr3_infrastructure/plle2_i/CLKOUT1
                         net (fo=7, routed)           0.603     9.037    cnn_accelerator_system_i/mig_7series_0/u_cnn_accelerator_system_mig_7series_0_0_mig/u_memc_ui_top_axi/mem_intfc0/ddr_phy_top0/u_ddr_mc_phy_wrapper/u_ddr_mc_phy/ddr_phy_4lanes_0.u_ddr_phy_4lanes/ddr_byte_lane_D.ddr_byte_lane_D/mem_refclk
    PHASER_OUT_PHY_X1Y7  PHASER_OUT_PHY (Prop_phaser_out_phy_MEMREFCLK_OCLK)
                                                      2.480    11.517 r  cnn_accelerator_system_i/mig_7series_0/u_cnn_accelerator_system_mig_7series_0_0_mig/u_memc_ui_top_axi/mem_intfc0/ddr_phy_top0/u_ddr_mc_phy_wrapper/u_ddr_mc_phy/ddr_phy_4lanes_0.u_ddr_phy_4lanes/ddr_byte_lane_D.ddr_byte_lane_D/phaser_out/OCLK
  -------------------------------------------------------------------    -------------------
    PHASER_OUT_PHY_X1Y7  PHASER_OUT_PHY (Prop_phaser_out_phy_OCLK_RDENABLE)
                                                      0.338    11.855 r  cnn_accelerator_system_i/mig_7series_0/u_cnn_accelerator_system_mig_7series_0_0_mig/u_memc_ui_top_axi/mem_intfc0/ddr_phy_top0/u_ddr_mc_phy_wrapper/u_ddr_mc_phy/ddr_phy_4lanes_0.u_ddr_phy_4lanes/ddr_byte_lane_D.ddr_byte_lane_D/phaser_out/RDENABLE
                         net (fo=1, routed)           0.000    11.855    cnn_accelerator_system_i/mig_7series_0/u_cnn_accelerator_system_mig_7series_0_0_mig/u_memc_ui_top_axi/mem_intfc0/ddr_phy_top0/u_ddr_mc_phy_wrapper/u_ddr_mc_phy/ddr_phy_4lanes_0.u_ddr_phy_4lanes/ddr_byte_lane_D.ddr_byte_lane_D/po_rd_enable
    OUT_FIFO_X1Y7        OUT_FIFO                                     r  cnn_accelerator_system_i/mig_7series_0/u_cnn_accelerator_system_mig_7series_0_0_mig/u_memc_ui_top_axi/mem_intfc0/ddr_phy_top0/u_ddr_mc_phy_wrapper/u_ddr_mc_phy/ddr_phy_4lanes_0.u_ddr_phy_4lanes/ddr_byte_lane_D.ddr_byte_lane_D/out_fifo/RDEN
  -------------------------------------------------------------------    -------------------

                         (clock oserdes_clkdiv_3 rise edge)
                                                      6.154     6.154 r  
    E3                                                0.000     6.154 r  CLK100MHZ (IN)
                         net (fo=0)                   0.000     6.154    CLK100MHZ
    E3                   IBUF (Prop_ibuf_I_O)         1.411     7.565 r  CLK100MHZ_IBUF_inst/O
                         net (fo=1, routed)           1.920     9.485    cnn_accelerator_system_i/util_ds_buf_0/U0/BUFG_I[0]
    BUFGCTRL_X0Y16       BUFG (Prop_bufg_I_O)         0.091     9.576 r  cnn_accelerator_system_i/util_ds_buf_0/U0/USE_BUFG.GEN_BUFG[0].BUFG_U/O
                         net (fo=2, routed)           1.544    11.120    cnn_accelerator_system_i/mig_7series_0/u_cnn_accelerator_system_mig_7series_0_0_mig/u_ddr3_infrastructure/mmcm_clk
    PLLE2_ADV_X1Y1       PLLE2_ADV (Prop_plle2_adv_CLKIN1_CLKOUT1)
                                                      0.083    11.203 r  cnn_accelerator_system_i/mig_7series_0/u_cnn_accelerator_system_mig_7series_0_0_mig/u_ddr3_infrastructure/plle2_i/CLKOUT1
                         net (fo=7, routed)           0.572    11.775    cnn_accelerator_system_i/mig_7series_0/u_cnn_accelerator_system_mig_7series_0_0_mig/u_memc_ui_top_axi/mem_intfc0/ddr_phy_top0/u_ddr_mc_phy_wrapper/u_ddr_mc_phy/ddr_phy_4lanes_0.u_ddr_phy_4lanes/ddr_byte_lane_D.ddr_byte_lane_D/mem_refclk
    PHASER_OUT_PHY_X1Y7  PHASER_OUT_PHY (Prop_phaser_out_phy_MEMREFCLK_OCLK)
                                                      2.416    14.191 r  cnn_accelerator_system_i/mig_7series_0/u_cnn_accelerator_system_mig_7series_0_0_mig/u_memc_ui_top_axi/mem_intfc0/ddr_phy_top0/u_ddr_mc_phy_wrapper/u_ddr_mc_phy/ddr_phy_4lanes_0.u_ddr_phy_4lanes/ddr_byte_lane_D.ddr_byte_lane_D/phaser_out/OCLK
    PHASER_OUT_PHY_X1Y7  PHASER_OUT_PHY (Prop_phaser_out_phy_OCLK_OCLKDIV)
                                                      0.148    14.339 r  cnn_accelerator_system_i/mig_7series_0/u_cnn_accelerator_system_mig_7series_0_0_mig/u_memc_ui_top_axi/mem_intfc0/ddr_phy_top0/u_ddr_mc_phy_wrapper/u_ddr_mc_phy/ddr_phy_4lanes_0.u_ddr_phy_4lanes/ddr_byte_lane_D.ddr_byte_lane_D/phaser_out/OCLKDIV
                         net (fo=11, routed)          0.000    14.339    cnn_accelerator_system_i/mig_7series_0/u_cnn_accelerator_system_mig_7series_0_0_mig/u_memc_ui_top_axi/mem_intfc0/ddr_phy_top0/u_ddr_mc_phy_wrapper/u_ddr_mc_phy/ddr_phy_4lanes_0.u_ddr_phy_4lanes/ddr_byte_lane_D.ddr_byte_lane_D/oserdes_clkdiv
    OUT_FIFO_X1Y7        OUT_FIFO                                     r  cnn_accelerator_system_i/mig_7series_0/u_cnn_accelerator_system_mig_7series_0_0_mig/u_memc_ui_top_axi/mem_intfc0/ddr_phy_top0/u_ddr_mc_phy_wrapper/u_ddr_mc_phy/ddr_phy_4lanes_0.u_ddr_phy_4lanes/ddr_byte_lane_D.ddr_byte_lane_D/out_fifo/RDCLK
                         clock pessimism              0.402    14.742    
                         clock uncertainty           -0.056    14.686    
    OUT_FIFO_X1Y7        OUT_FIFO (Setup_out_fifo_RDCLK_RDEN)
                                                     -0.651    14.035    cnn_accelerator_system_i/mig_7series_0/u_cnn_accelerator_system_mig_7series_0_0_mig/u_memc_ui_top_axi/mem_intfc0/ddr_phy_top0/u_ddr_mc_phy_wrapper/u_ddr_mc_phy/ddr_phy_4lanes_0.u_ddr_phy_4lanes/ddr_byte_lane_D.ddr_byte_lane_D/out_fifo
  -------------------------------------------------------------------
                         required time                         14.035    
                         arrival time                         -11.855    
  -------------------------------------------------------------------
                         slack                                  2.180    





Min Delay Paths
--------------------------------------------------------------------------------------
Slack (MET) :             0.095ns  (arrival time - required time)
  Source:                 cnn_accelerator_system_i/mig_7series_0/u_cnn_accelerator_system_mig_7series_0_0_mig/u_memc_ui_top_axi/mem_intfc0/ddr_phy_top0/u_ddr_mc_phy_wrapper/u_ddr_mc_phy/ddr_phy_4lanes_0.u_ddr_phy_4lanes/ddr_byte_lane_D.ddr_byte_lane_D/phaser_out/OCLK
                            (rising edge-triggered cell PHASER_OUT_PHY clocked by oserdes_clk_3  {rise@0.000ns fall@1.538ns period=3.077ns})
  Destination:            cnn_accelerator_system_i/mig_7series_0/u_cnn_accelerator_system_mig_7series_0_0_mig/u_memc_ui_top_axi/mem_intfc0/ddr_phy_top0/u_ddr_mc_phy_wrapper/u_ddr_mc_phy/ddr_phy_4lanes_0.u_ddr_phy_4lanes/ddr_byte_lane_D.ddr_byte_lane_D/out_fifo/RDEN
                            (rising edge-triggered cell OUT_FIFO clocked by oserdes_clkdiv_3  {rise@0.000ns fall@3.077ns period=6.154ns})
  Path Group:             oserdes_clkdiv_3
  Path Type:              Hold (Min at Fast Process Corner)
  Requirement:            0.000ns  (oserdes_clkdiv_3 rise@0.000ns - oserdes_clk_3 rise@0.000ns)
  Data Path Delay:        0.172ns  (logic 0.172ns (100.000%)  route 0.000ns (0.000%))
  Logic Levels:           0  
  Clock Path Skew:        0.088ns (DCD - SCD - CPR)
    Destination Clock Delay (DCD):    4.534ns
    Source Clock Delay      (SCD):    3.860ns
    Clock Pessimism Removal (CPR):    0.586ns

    Location             Delay type                Incr(ns)  Path(ns)    Netlist Resource(s)
  -------------------------------------------------------------------    -------------------
                         (clock oserdes_clk_3 rise edge)
                                                      0.000     0.000 r  
    E3                                                0.000     0.000 r  CLK100MHZ (IN)
                         net (fo=0)                   0.000     0.000    CLK100MHZ
    E3                   IBUF (Prop_ibuf_I_O)         0.250     0.250 r  CLK100MHZ_IBUF_inst/O
                         net (fo=1, routed)           0.644     0.894    cnn_accelerator_system_i/util_ds_buf_0/U0/BUFG_I[0]
    BUFGCTRL_X0Y16       BUFG (Prop_bufg_I_O)         0.026     0.920 r  cnn_accelerator_system_i/util_ds_buf_0/U0/USE_BUFG.GEN_BUFG[0].BUFG_U/O
                         net (fo=2, routed)           0.566     1.485    cnn_accelerator_system_i/mig_7series_0/u_cnn_accelerator_system_mig_7series_0_0_mig/u_ddr3_infrastructure/mmcm_clk
    PLLE2_ADV_X1Y1       PLLE2_ADV (Prop_plle2_adv_CLKIN1_CLKOUT1)
                                                      0.050     1.535 r  cnn_accelerator_system_i/mig_7series_0/u_cnn_accelerator_system_mig_7series_0_0_mig/u_ddr3_infrastructure/plle2_i/CLKOUT1
                         net (fo=7, routed)           0.190     1.725    cnn_accelerator_system_i/mig_7series_0/u_cnn_accelerator_system_mig_7series_0_0_mig/u_memc_ui_top_axi/mem_intfc0/ddr_phy_top0/u_ddr_mc_phy_wrapper/u_ddr_mc_phy/ddr_phy_4lanes_0.u_ddr_phy_4lanes/ddr_byte_lane_D.ddr_byte_lane_D/mem_refclk
    PHASER_OUT_PHY_X1Y7  PHASER_OUT_PHY (Prop_phaser_out_phy_MEMREFCLK_OCLK)
                                                      2.135     3.860 r  cnn_accelerator_system_i/mig_7series_0/u_cnn_accelerator_system_mig_7series_0_0_mig/u_memc_ui_top_axi/mem_intfc0/ddr_phy_top0/u_ddr_mc_phy_wrapper/u_ddr_mc_phy/ddr_phy_4lanes_0.u_ddr_phy_4lanes/ddr_byte_lane_D.ddr_byte_lane_D/phaser_out/OCLK
  -------------------------------------------------------------------    -------------------
    PHASER_OUT_PHY_X1Y7  PHASER_OUT_PHY (Prop_phaser_out_phy_OCLK_RDENABLE)
                                                      0.172     4.032 r  cnn_accelerator_system_i/mig_7series_0/u_cnn_accelerator_system_mig_7series_0_0_mig/u_memc_ui_top_axi/mem_intfc0/ddr_phy_top0/u_ddr_mc_phy_wrapper/u_ddr_mc_phy/ddr_phy_4lanes_0.u_ddr_phy_4lanes/ddr_byte_lane_D.ddr_byte_lane_D/phaser_out/RDENABLE
                         net (fo=1, routed)           0.000     4.032    cnn_accelerator_system_i/mig_7series_0/u_cnn_accelerator_system_mig_7series_0_0_mig/u_memc_ui_top_axi/mem_intfc0/ddr_phy_top0/u_ddr_mc_phy_wrapper/u_ddr_mc_phy/ddr_phy_4lanes_0.u_ddr_phy_4lanes/ddr_byte_lane_D.ddr_byte_lane_D/po_rd_enable
    OUT_FIFO_X1Y7        OUT_FIFO                                     r  cnn_accelerator_system_i/mig_7series_0/u_cnn_accelerator_system_mig_7series_0_0_mig/u_memc_ui_top_axi/mem_intfc0/ddr_phy_top0/u_ddr_mc_phy_wrapper/u_ddr_mc_phy/ddr_phy_4lanes_0.u_ddr_phy_4lanes/ddr_byte_lane_D.ddr_byte_lane_D/out_fifo/RDEN
  -------------------------------------------------------------------    -------------------

                         (clock oserdes_clkdiv_3 rise edge)
                                                      0.000     0.000 r  
    E3                                                0.000     0.000 r  CLK100MHZ (IN)
                         net (fo=0)                   0.000     0.000    CLK100MHZ
    E3                   IBUF (Prop_ibuf_I_O)         0.438     0.438 r  CLK100MHZ_IBUF_inst/O
                         net (fo=1, routed)           0.699     1.136    cnn_accelerator_system_i/util_ds_buf_0/U0/BUFG_I[0]
    BUFGCTRL_X0Y16       BUFG (Prop_bufg_I_O)         0.029     1.165 r  cnn_accelerator_system_i/util_ds_buf_0/U0/USE_BUFG.GEN_BUFG[0].BUFG_U/O
                         net (fo=2, routed)           0.835     2.000    cnn_accelerator_system_i/mig_7series_0/u_cnn_accelerator_system_mig_7series_0_0_mig/u_ddr3_infrastructure/mmcm_clk
    PLLE2_ADV_X1Y1       PLLE2_ADV (Prop_plle2_adv_CLKIN1_CLKOUT1)
                                                      0.053     2.053 r  cnn_accelerator_system_i/mig_7series_0/u_cnn_accelerator_system_mig_7series_0_0_mig/u_ddr3_infrastructure/plle2_i/CLKOUT1
                         net (fo=7, routed)           0.209     2.262    cnn_accelerator_system_i/mig_7series_0/u_cnn_accelerator_system_mig_7series_0_0_mig/u_memc_ui_top_axi/mem_intfc0/ddr_phy_top0/u_ddr_mc_phy_wrapper/u_ddr_mc_phy/ddr_phy_4lanes_0.u_ddr_phy_4lanes/ddr_byte_lane_D.ddr_byte_lane_D/mem_refclk
    PHASER_OUT_PHY_X1Y7  PHASER_OUT_PHY (Prop_phaser_out_phy_MEMREFCLK_OCLK)
                                                      2.184     4.446 r  cnn_accelerator_system_i/mig_7series_0/u_cnn_accelerator_system_mig_7series_0_0_mig/u_memc_ui_top_axi/mem_intfc0/ddr_phy_top0/u_ddr_mc_phy_wrapper/u_ddr_mc_phy/ddr_phy_4lanes_0.u_ddr_phy_4lanes/ddr_byte_lane_D.ddr_byte_lane_D/phaser_out/OCLK
    PHASER_OUT_PHY_X1Y7  PHASER_OUT_PHY (Prop_phaser_out_phy_OCLK_OCLKDIV)
                                                      0.088     4.534 r  cnn_accelerator_system_i/mig_7series_0/u_cnn_accelerator_system_mig_7series_0_0_mig/u_memc_ui_top_axi/mem_intfc0/ddr_phy_top0/u_ddr_mc_phy_wrapper/u_ddr_mc_phy/ddr_phy_4lanes_0.u_ddr_phy_4lanes/ddr_byte_lane_D.ddr_byte_lane_D/phaser_out/OCLKDIV
                         net (fo=11, routed)          0.000     4.534    cnn_accelerator_system_i/mig_7series_0/u_cnn_accelerator_system_mig_7series_0_0_mig/u_memc_ui_top_axi/mem_intfc0/ddr_phy_top0/u_ddr_mc_phy_wrapper/u_ddr_mc_phy/ddr_phy_4lanes_0.u_ddr_phy_4lanes/ddr_byte_lane_D.ddr_byte_lane_D/oserdes_clkdiv
    OUT_FIFO_X1Y7        OUT_FIFO                                     r  cnn_accelerator_system_i/mig_7series_0/u_cnn_accelerator_system_mig_7series_0_0_mig/u_memc_ui_top_axi/mem_intfc0/ddr_phy_top0/u_ddr_mc_phy_wrapper/u_ddr_mc_phy/ddr_phy_4lanes_0.u_ddr_phy_4lanes/ddr_byte_lane_D.ddr_byte_lane_D/out_fifo/RDCLK
                         clock pessimism             -0.586     3.948    
    OUT_FIFO_X1Y7        OUT_FIFO (Hold_out_fifo_RDCLK_RDEN)
                                                     -0.011     3.937    cnn_accelerator_system_i/mig_7series_0/u_cnn_accelerator_system_mig_7series_0_0_mig/u_memc_ui_top_axi/mem_intfc0/ddr_phy_top0/u_ddr_mc_phy_wrapper/u_ddr_mc_phy/ddr_phy_4lanes_0.u_ddr_phy_4lanes/ddr_byte_lane_D.ddr_byte_lane_D/out_fifo
  -------------------------------------------------------------------
                         required time                         -3.937    
                         arrival time                           4.032    
  -------------------------------------------------------------------
                         slack                                  0.095    





---------------------------------------------------------------------------------------------------
From Clock:  clk_out1_cnn_accelerator_system_clk_wiz_0_0
  To Clock:  clk_pll_i

Setup :            0  Failing Endpoints,  Worst Slack        8.268ns,  Total Violation        0.000ns
Hold  :           NA  Failing Endpoints,  Worst Slack           NA  ,  Total Violation           NA
---------------------------------------------------------------------------------------------------


Max Delay Paths
--------------------------------------------------------------------------------------
Slack (MET) :             8.268ns  (required time - arrival time)
  Source:                 cnn_accelerator_system_i/ram_interconnect/m00_couplers/auto_cc/inst/gen_clock_conv.gen_async_conv.asyncfifo_axi/inst_fifo_gen/gaxi_full_lite.gwrite_ch.gwach2.axi_wach/grf.rf/gntv_or_sync_fifo.gcx.clkx/wr_pntr_cdc_inst/src_gray_ff_reg[2]/C
                            (rising edge-triggered cell FDRE clocked by clk_out1_cnn_accelerator_system_clk_wiz_0_0  {rise@0.000ns fall@5.000ns period=10.000ns})
  Destination:            cnn_accelerator_system_i/ram_interconnect/m00_couplers/auto_cc/inst/gen_clock_conv.gen_async_conv.asyncfifo_axi/inst_fifo_gen/gaxi_full_lite.gwrite_ch.gwach2.axi_wach/grf.rf/gntv_or_sync_fifo.gcx.clkx/wr_pntr_cdc_inst/dest_graysync_ff_reg[0][2]/D
                            (rising edge-triggered cell FDRE clocked by clk_pll_i  {rise@0.000ns fall@6.154ns period=12.308ns})
  Path Group:             clk_pll_i
  Path Type:              Setup (Max at Slow Process Corner)
  Requirement:            10.000ns  (MaxDelay Path 10.000ns)
  Data Path Delay:        1.639ns  (logic 0.456ns (27.829%)  route 1.183ns (72.171%))
  Logic Levels:           0  
  Timing Exception:       MaxDelay Path 10.000ns -datapath_only

    Location             Delay type                Incr(ns)  Path(ns)    Netlist Resource(s)
  -------------------------------------------------------------------    -------------------
    SLICE_X33Y5                                       0.000     0.000 r  cnn_accelerator_system_i/ram_interconnect/m00_couplers/auto_cc/inst/gen_clock_conv.gen_async_conv.asyncfifo_axi/inst_fifo_gen/gaxi_full_lite.gwrite_ch.gwach2.axi_wach/grf.rf/gntv_or_sync_fifo.gcx.clkx/wr_pntr_cdc_inst/src_gray_ff_reg[2]/C
    SLICE_X33Y5          FDRE (Prop_fdre_C_Q)         0.456     0.456 r  cnn_accelerator_system_i/ram_interconnect/m00_couplers/auto_cc/inst/gen_clock_conv.gen_async_conv.asyncfifo_axi/inst_fifo_gen/gaxi_full_lite.gwrite_ch.gwach2.axi_wach/grf.rf/gntv_or_sync_fifo.gcx.clkx/wr_pntr_cdc_inst/src_gray_ff_reg[2]/Q
                         net (fo=1, routed)           1.183     1.639    cnn_accelerator_system_i/ram_interconnect/m00_couplers/auto_cc/inst/gen_clock_conv.gen_async_conv.asyncfifo_axi/inst_fifo_gen/gaxi_full_lite.gwrite_ch.gwach2.axi_wach/grf.rf/gntv_or_sync_fifo.gcx.clkx/wr_pntr_cdc_inst/async_path[2]
    SLICE_X55Y0          FDRE                                         r  cnn_accelerator_system_i/ram_interconnect/m00_couplers/auto_cc/inst/gen_clock_conv.gen_async_conv.asyncfifo_axi/inst_fifo_gen/gaxi_full_lite.gwrite_ch.gwach2.axi_wach/grf.rf/gntv_or_sync_fifo.gcx.clkx/wr_pntr_cdc_inst/dest_graysync_ff_reg[0][2]/D
  -------------------------------------------------------------------    -------------------

                         max delay                   10.000    10.000    
    SLICE_X55Y0          FDRE (Setup_fdre_C_D)       -0.093     9.907    cnn_accelerator_system_i/ram_interconnect/m00_couplers/auto_cc/inst/gen_clock_conv.gen_async_conv.asyncfifo_axi/inst_fifo_gen/gaxi_full_lite.gwrite_ch.gwach2.axi_wach/grf.rf/gntv_or_sync_fifo.gcx.clkx/wr_pntr_cdc_inst/dest_graysync_ff_reg[0][2]
  -------------------------------------------------------------------
                         required time                          9.907    
                         arrival time                          -1.639    
  -------------------------------------------------------------------
                         slack                                  8.268    





---------------------------------------------------------------------------------------------------
From Clock:  clk_out2_cnn_accelerator_system_clk_wiz_0_0
  To Clock:  clk_pll_i

Setup :            0  Failing Endpoints,  Worst Slack       13.123ns,  Total Violation        0.000ns
Hold  :            0  Failing Endpoints,  Worst Slack        0.431ns,  Total Violation        0.000ns
---------------------------------------------------------------------------------------------------


Max Delay Paths
--------------------------------------------------------------------------------------
Slack (MET) :             13.123ns  (required time - arrival time)
  Source:                 cnn_accelerator_system_i/mig_7series_0/u_cnn_accelerator_system_mig_7series_0_0_mig/temp_mon_enabled.u_tempmon/xadc_supplied_temperature.temperature_reg[7]/C
                            (rising edge-triggered cell FDRE clocked by clk_out2_cnn_accelerator_system_clk_wiz_0_0  {rise@0.000ns fall@2.500ns period=5.000ns})
  Destination:            cnn_accelerator_system_i/mig_7series_0/u_cnn_accelerator_system_mig_7series_0_0_mig/temp_mon_enabled.u_tempmon/device_temp_sync_r1_reg[7]/D
                            (rising edge-triggered cell FDRE clocked by clk_pll_i  {rise@0.000ns fall@6.154ns period=12.308ns})
  Path Group:             clk_pll_i
  Path Type:              Setup (Max at Slow Process Corner)
  Requirement:            20.000ns  (MaxDelay Path 20.000ns)
  Data Path Delay:        8.613ns  (logic 0.716ns (8.313%)  route 7.897ns (91.687%))
  Logic Levels:           1  (LUT1=1)
  Clock Path Skew:        2.069ns (DCD - SCD + CPR)
    Destination Clock Delay (DCD):    7.200ns
    Source Clock Delay      (SCD):    5.311ns
    Clock Pessimism Removal (CPR):    0.180ns
  Clock Uncertainty:      0.285ns  ((TSJ^2 + DJ^2)^1/2) / 2 + PE
    Total System Jitter     (TSJ):    0.071ns
    Discrete Jitter          (DJ):    0.227ns
    Phase Error              (PE):    0.167ns
  Timing Exception:       MaxDelay Path 20.000ns

    Location             Delay type                Incr(ns)  Path(ns)    Netlist Resource(s)
  -------------------------------------------------------------------    -------------------
                         (clock clk_out2_cnn_accelerator_system_clk_wiz_0_0 rise edge)
                                                      0.000     0.000 r  
    E3                                                0.000     0.000 r  CLK100MHZ (IN)
                         net (fo=0)                   0.000     0.000    CLK100MHZ
    E3                   IBUF (Prop_ibuf_I_O)         1.482     1.482 r  CLK100MHZ_IBUF_inst/O
                         net (fo=1, routed)           2.025     3.506    cnn_accelerator_system_i/util_ds_buf_0/U0/BUFG_I[0]
    BUFGCTRL_X0Y16       BUFG (Prop_bufg_I_O)         0.096     3.602 r  cnn_accelerator_system_i/util_ds_buf_0/U0/USE_BUFG.GEN_BUFG[0].BUFG_U/O
                         net (fo=2, routed)           1.809     5.412    cnn_accelerator_system_i/clk_wiz_0/inst/clk_in1
    MMCME2_ADV_X0Y0      MMCME2_ADV (Prop_mmcme2_adv_CLKIN1_CLKOUT1)
                                                     -3.922     1.490 r  cnn_accelerator_system_i/clk_wiz_0/inst/mmcm_adv_inst/CLKOUT1
                         net (fo=1, routed)           2.018     3.508    cnn_accelerator_system_i/clk_wiz_0/inst/clk_out2_cnn_accelerator_system_clk_wiz_0_0
    BUFGCTRL_X0Y1        BUFG (Prop_bufg_I_O)         0.096     3.604 r  cnn_accelerator_system_i/clk_wiz_0/inst/clkout2_buf/O
                         net (fo=62, routed)          1.707     5.311    cnn_accelerator_system_i/mig_7series_0/u_cnn_accelerator_system_mig_7series_0_0_mig/temp_mon_enabled.u_tempmon/clk_ref_i
    SLICE_X5Y111         FDRE                                         r  cnn_accelerator_system_i/mig_7series_0/u_cnn_accelerator_system_mig_7series_0_0_mig/temp_mon_enabled.u_tempmon/xadc_supplied_temperature.temperature_reg[7]/C
  -------------------------------------------------------------------    -------------------
    SLICE_X5Y111         FDRE (Prop_fdre_C_Q)         0.419     5.730 r  cnn_accelerator_system_i/mig_7series_0/u_cnn_accelerator_system_mig_7series_0_0_mig/temp_mon_enabled.u_tempmon/xadc_supplied_temperature.temperature_reg[7]/Q
                         net (fo=1, routed)           3.268     8.998    cnn_accelerator_system_i/mig_7series_0/u_cnn_accelerator_system_mig_7series_0_0_mig/temp_mon_enabled.u_tempmon/device_temp_lcl[7]
    SLICE_X4Y182         LUT1 (Prop_lut1_I0_O)        0.297     9.295 r  cnn_accelerator_system_i/mig_7series_0/u_cnn_accelerator_system_mig_7series_0_0_mig/temp_mon_enabled.u_tempmon/device_temp_lcl[7]_hold_fix/O
                         net (fo=1, routed)           4.629    13.924    cnn_accelerator_system_i/mig_7series_0/u_cnn_accelerator_system_mig_7series_0_0_mig/temp_mon_enabled.u_tempmon/device_temp_lcl[7]_hold_fix_1
    SLICE_X4Y114         FDRE                                         r  cnn_accelerator_system_i/mig_7series_0/u_cnn_accelerator_system_mig_7series_0_0_mig/temp_mon_enabled.u_tempmon/device_temp_sync_r1_reg[7]/D
  -------------------------------------------------------------------    -------------------

                         max delay                   20.000    20.000    
    E3                                                0.000    20.000 r  CLK100MHZ (IN)
                         net (fo=0)                   0.000    20.000    CLK100MHZ
    E3                   IBUF (Prop_ibuf_I_O)         1.411    21.411 r  CLK100MHZ_IBUF_inst/O
                         net (fo=1, routed)           1.920    23.331    cnn_accelerator_system_i/util_ds_buf_0/U0/BUFG_I[0]
    BUFGCTRL_X0Y16       BUFG (Prop_bufg_I_O)         0.091    23.422 r  cnn_accelerator_system_i/util_ds_buf_0/U0/USE_BUFG.GEN_BUFG[0].BUFG_U/O
                         net (fo=2, routed)           1.544    24.967    cnn_accelerator_system_i/mig_7series_0/u_cnn_accelerator_system_mig_7series_0_0_mig/u_ddr3_infrastructure/mmcm_clk
    PLLE2_ADV_X1Y1       PLLE2_ADV (Prop_plle2_adv_CLKIN1_CLKOUT3)
                                                      0.083    25.050 r  cnn_accelerator_system_i/mig_7series_0/u_cnn_accelerator_system_mig_7series_0_0_mig/u_ddr3_infrastructure/plle2_i/CLKOUT3
                         net (fo=1, routed)           1.205    26.255    cnn_accelerator_system_i/mig_7series_0/u_cnn_accelerator_system_mig_7series_0_0_mig/u_ddr3_infrastructure/pll_clk3_out
    BUFHCE_X1Y12         BUFH (Prop_bufh_I_O)         0.081    26.336 r  cnn_accelerator_system_i/mig_7series_0/u_cnn_accelerator_system_mig_7series_0_0_mig/u_ddr3_infrastructure/u_bufh_pll_clk3/O
                         net (fo=1, routed)           0.799    27.135    cnn_accelerator_system_i/mig_7series_0/u_cnn_accelerator_system_mig_7series_0_0_mig/u_ddr3_infrastructure/pll_clk3
    MMCME2_ADV_X1Y1      MMCME2_ADV (Prop_mmcme2_adv_CLKIN1_CLKFBOUT)
                                                     -3.249    23.885 r  cnn_accelerator_system_i/mig_7series_0/u_cnn_accelerator_system_mig_7series_0_0_mig/u_ddr3_infrastructure/gen_mmcm.mmcm_i/CLKFBOUT
                         net (fo=1, routed)           1.639    25.524    cnn_accelerator_system_i/mig_7series_0/u_cnn_accelerator_system_mig_7series_0_0_mig/u_ddr3_infrastructure/clk_pll_i
    BUFGCTRL_X0Y0        BUFG (Prop_bufg_I_O)         0.091    25.615 r  cnn_accelerator_system_i/mig_7series_0/u_cnn_accelerator_system_mig_7series_0_0_mig/u_ddr3_infrastructure/u_bufg_clkdiv0/O
                         net (fo=6028, routed)        1.585    27.200    cnn_accelerator_system_i/mig_7series_0/u_cnn_accelerator_system_mig_7series_0_0_mig/temp_mon_enabled.u_tempmon/device_temp_r_reg[11]_0
    SLICE_X4Y114         FDRE                                         r  cnn_accelerator_system_i/mig_7series_0/u_cnn_accelerator_system_mig_7series_0_0_mig/temp_mon_enabled.u_tempmon/device_temp_sync_r1_reg[7]/C
                         clock pessimism              0.180    27.380    
                         clock uncertainty           -0.285    27.095    
    SLICE_X4Y114         FDRE (Setup_fdre_C_D)       -0.047    27.048    cnn_accelerator_system_i/mig_7series_0/u_cnn_accelerator_system_mig_7series_0_0_mig/temp_mon_enabled.u_tempmon/device_temp_sync_r1_reg[7]
  -------------------------------------------------------------------
                         required time                         27.048    
                         arrival time                         -13.924    
  -------------------------------------------------------------------
                         slack                                 13.123    





Min Delay Paths
--------------------------------------------------------------------------------------
Slack (MET) :             0.431ns  (arrival time - required time)
  Source:                 cnn_accelerator_system_i/mig_7series_0/u_cnn_accelerator_system_mig_7series_0_0_mig/temp_mon_enabled.u_tempmon/xadc_supplied_temperature.temperature_reg[10]/C
                            (rising edge-triggered cell FDRE clocked by clk_out2_cnn_accelerator_system_clk_wiz_0_0  {rise@0.000ns fall@2.500ns period=5.000ns})
  Destination:            cnn_accelerator_system_i/mig_7series_0/u_cnn_accelerator_system_mig_7series_0_0_mig/temp_mon_enabled.u_tempmon/device_temp_sync_r1_reg[10]/D
                            (rising edge-triggered cell FDRE clocked by clk_pll_i  {rise@0.000ns fall@6.154ns period=12.308ns})
  Path Group:             clk_pll_i
  Path Type:              Hold (Min at Fast Process Corner)
  Requirement:            0.000ns  (clk_pll_i rise@0.000ns - clk_out2_cnn_accelerator_system_clk_wiz_0_0 rise@0.000ns)
  Data Path Delay:        2.099ns  (logic 0.209ns (9.955%)  route 1.890ns (90.045%))
  Logic Levels:           1  (LUT1=1)
  Clock Path Skew:        1.308ns (DCD - SCD - CPR)
    Destination Clock Delay (DCD):    3.067ns
    Source Clock Delay      (SCD):    1.513ns
    Clock Pessimism Removal (CPR):    0.245ns
  Clock Uncertainty:      0.285ns  ((TSJ^2 + DJ^2)^1/2) / 2 + PE
    Total System Jitter     (TSJ):    0.071ns
    Discrete Jitter          (DJ):    0.227ns
    Phase Error              (PE):    0.167ns

    Location             Delay type                Incr(ns)  Path(ns)    Netlist Resource(s)
  -------------------------------------------------------------------    -------------------
                         (clock clk_out2_cnn_accelerator_system_clk_wiz_0_0 rise edge)
                                                      0.000     0.000 r  
    E3                                                0.000     0.000 r  CLK100MHZ (IN)
                         net (fo=0)                   0.000     0.000    CLK100MHZ
    E3                   IBUF (Prop_ibuf_I_O)         0.250     0.250 r  CLK100MHZ_IBUF_inst/O
                         net (fo=1, routed)           0.644     0.894    cnn_accelerator_system_i/util_ds_buf_0/U0/BUFG_I[0]
    BUFGCTRL_X0Y16       BUFG (Prop_bufg_I_O)         0.026     0.920 r  cnn_accelerator_system_i/util_ds_buf_0/U0/USE_BUFG.GEN_BUFG[0].BUFG_U/O
                         net (fo=2, routed)           0.624     1.544    cnn_accelerator_system_i/clk_wiz_0/inst/clk_in1
    MMCME2_ADV_X0Y0      MMCME2_ADV (Prop_mmcme2_adv_CLKIN1_CLKOUT1)
                                                     -1.296     0.248 r  cnn_accelerator_system_i/clk_wiz_0/inst/mmcm_adv_inst/CLKOUT1
                         net (fo=1, routed)           0.648     0.896    cnn_accelerator_system_i/clk_wiz_0/inst/clk_out2_cnn_accelerator_system_clk_wiz_0_0
    BUFGCTRL_X0Y1        BUFG (Prop_bufg_I_O)         0.026     0.922 r  cnn_accelerator_system_i/clk_wiz_0/inst/clkout2_buf/O
                         net (fo=62, routed)          0.592     1.513    cnn_accelerator_system_i/mig_7series_0/u_cnn_accelerator_system_mig_7series_0_0_mig/temp_mon_enabled.u_tempmon/clk_ref_i
    SLICE_X2Y119         FDRE                                         r  cnn_accelerator_system_i/mig_7series_0/u_cnn_accelerator_system_mig_7series_0_0_mig/temp_mon_enabled.u_tempmon/xadc_supplied_temperature.temperature_reg[10]/C
  -------------------------------------------------------------------    -------------------
    SLICE_X2Y119         FDRE (Prop_fdre_C_Q)         0.164     1.677 r  cnn_accelerator_system_i/mig_7series_0/u_cnn_accelerator_system_mig_7series_0_0_mig/temp_mon_enabled.u_tempmon/xadc_supplied_temperature.temperature_reg[10]/Q
                         net (fo=1, routed)           0.967     2.644    cnn_accelerator_system_i/mig_7series_0/u_cnn_accelerator_system_mig_7series_0_0_mig/temp_mon_enabled.u_tempmon/device_temp_lcl[10]
    SLICE_X3Y55          LUT1 (Prop_lut1_I0_O)        0.045     2.689 r  cnn_accelerator_system_i/mig_7series_0/u_cnn_accelerator_system_mig_7series_0_0_mig/temp_mon_enabled.u_tempmon/device_temp_lcl[10]_hold_fix/O
                         net (fo=1, routed)           0.924     3.613    cnn_accelerator_system_i/mig_7series_0/u_cnn_accelerator_system_mig_7series_0_0_mig/temp_mon_enabled.u_tempmon/device_temp_lcl[10]_hold_fix_1
    SLICE_X0Y113         FDRE                                         r  cnn_accelerator_system_i/mig_7series_0/u_cnn_accelerator_system_mig_7series_0_0_mig/temp_mon_enabled.u_tempmon/device_temp_sync_r1_reg[10]/D
  -------------------------------------------------------------------    -------------------

                         (clock clk_pll_i rise edge)
                                                      0.000     0.000 r  
    E3                                                0.000     0.000 r  CLK100MHZ (IN)
                         net (fo=0)                   0.000     0.000    CLK100MHZ
    E3                   IBUF (Prop_ibuf_I_O)         0.438     0.438 r  CLK100MHZ_IBUF_inst/O
                         net (fo=1, routed)           0.699     1.136    cnn_accelerator_system_i/util_ds_buf_0/U0/BUFG_I[0]
    BUFGCTRL_X0Y16       BUFG (Prop_bufg_I_O)         0.029     1.165 r  cnn_accelerator_system_i/util_ds_buf_0/U0/USE_BUFG.GEN_BUFG[0].BUFG_U/O
                         net (fo=2, routed)           0.835     2.000    cnn_accelerator_system_i/mig_7series_0/u_cnn_accelerator_system_mig_7series_0_0_mig/u_ddr3_infrastructure/mmcm_clk
    PLLE2_ADV_X1Y1       PLLE2_ADV (Prop_plle2_adv_CLKIN1_CLKOUT3)
                                                      0.053     2.053 r  cnn_accelerator_system_i/mig_7series_0/u_cnn_accelerator_system_mig_7series_0_0_mig/u_ddr3_infrastructure/plle2_i/CLKOUT3
                         net (fo=1, routed)           0.437     2.490    cnn_accelerator_system_i/mig_7series_0/u_cnn_accelerator_system_mig_7series_0_0_mig/u_ddr3_infrastructure/pll_clk3_out
    BUFHCE_X1Y12         BUFH (Prop_bufh_I_O)         0.043     2.533 r  cnn_accelerator_system_i/mig_7series_0/u_cnn_accelerator_system_mig_7series_0_0_mig/u_ddr3_infrastructure/u_bufh_pll_clk3/O
                         net (fo=1, routed)           0.494     3.027    cnn_accelerator_system_i/mig_7series_0/u_cnn_accelerator_system_mig_7series_0_0_mig/u_ddr3_infrastructure/pll_clk3
    MMCME2_ADV_X1Y1      MMCME2_ADV (Prop_mmcme2_adv_CLKIN1_CLKFBOUT)
                                                     -1.400     1.627 r  cnn_accelerator_system_i/mig_7series_0/u_cnn_accelerator_system_mig_7series_0_0_mig/u_ddr3_infrastructure/gen_mmcm.mmcm_i/CLKFBOUT
                         net (fo=1, routed)           0.544     2.170    cnn_accelerator_system_i/mig_7series_0/u_cnn_accelerator_system_mig_7series_0_0_mig/u_ddr3_infrastructure/clk_pll_i
    BUFGCTRL_X0Y0        BUFG (Prop_bufg_I_O)         0.029     2.199 r  cnn_accelerator_system_i/mig_7series_0/u_cnn_accelerator_system_mig_7series_0_0_mig/u_ddr3_infrastructure/u_bufg_clkdiv0/O
                         net (fo=6028, routed)        0.867     3.067    cnn_accelerator_system_i/mig_7series_0/u_cnn_accelerator_system_mig_7series_0_0_mig/temp_mon_enabled.u_tempmon/device_temp_r_reg[11]_0
    SLICE_X0Y113         FDRE                                         r  cnn_accelerator_system_i/mig_7series_0/u_cnn_accelerator_system_mig_7series_0_0_mig/temp_mon_enabled.u_tempmon/device_temp_sync_r1_reg[10]/C
                         clock pessimism             -0.245     2.821    
                         clock uncertainty            0.285     3.107    
    SLICE_X0Y113         FDRE (Hold_fdre_C_D)         0.075     3.182    cnn_accelerator_system_i/mig_7series_0/u_cnn_accelerator_system_mig_7series_0_0_mig/temp_mon_enabled.u_tempmon/device_temp_sync_r1_reg[10]
  -------------------------------------------------------------------
                         required time                         -3.182    
                         arrival time                           3.613    
  -------------------------------------------------------------------
                         slack                                  0.431    





---------------------------------------------------------------------------------------------------
Path Group:  **async_default**
From Clock:  clk_out1_cnn_accelerator_system_clk_wiz_0_0
  To Clock:  clk_out1_cnn_accelerator_system_clk_wiz_0_0

Setup :            0  Failing Endpoints,  Worst Slack        5.298ns,  Total Violation        0.000ns
Hold  :            0  Failing Endpoints,  Worst Slack        0.359ns,  Total Violation        0.000ns
---------------------------------------------------------------------------------------------------


Max Delay Paths
--------------------------------------------------------------------------------------
Slack (MET) :             5.298ns  (required time - arrival time)
  Source:                 cnn_accelerator_system_i/ram_interconnect/m01_couplers/auto_ds/inst/gen_downsizer.gen_simple_downsizer.axi_downsizer_inst/USE_WRITE.write_addr_inst/USE_B_CHANNEL.cmd_b_queue/inst/fifo_gen_inst/inst_fifo_gen/gconvfifo.rf/grf.rf/rstblk/ngwrdrst.grst.g7serrst.gnsckt_wrst.rst_wr_reg2_inst/arststages_ff_reg[1]/C
                            (rising edge-triggered cell FDPE clocked by clk_out1_cnn_accelerator_system_clk_wiz_0_0  {rise@0.000ns fall@5.000ns period=10.000ns})
  Destination:            cnn_accelerator_system_i/ram_interconnect/m01_couplers/auto_ds/inst/gen_downsizer.gen_simple_downsizer.axi_downsizer_inst/USE_WRITE.write_addr_inst/USE_B_CHANNEL.cmd_b_queue/inst/fifo_gen_inst/inst_fifo_gen/gconvfifo.rf/grf.rf/gntv_or_sync_fifo.gl0.rd/rpntr/gc0.count_reg[1]/CLR
                            (recovery check against rising-edge clock clk_out1_cnn_accelerator_system_clk_wiz_0_0  {rise@0.000ns fall@5.000ns period=10.000ns})
  Path Group:             **async_default**
  Path Type:              Recovery (Max at Slow Process Corner)
  Requirement:            10.000ns  (clk_out1_cnn_accelerator_system_clk_wiz_0_0 rise@10.000ns - clk_out1_cnn_accelerator_system_clk_wiz_0_0 rise@0.000ns)
  Data Path Delay:        4.181ns  (logic 0.718ns (17.174%)  route 3.463ns (82.826%))
  Logic Levels:           1  (LUT3=1)
  Clock Path Skew:        -0.043ns (DCD - SCD + CPR)
    Destination Clock Delay (DCD):    5.111ns = ( 15.111 - 10.000 ) 
    Source Clock Delay      (SCD):    5.422ns
    Clock Pessimism Removal (CPR):    0.267ns
  Clock Uncertainty:      0.074ns  ((TSJ^2 + DJ^2)^1/2) / 2 + PE
    Total System Jitter     (TSJ):    0.071ns
    Discrete Jitter          (DJ):    0.129ns
    Phase Error              (PE):    0.000ns

    Location             Delay type                Incr(ns)  Path(ns)    Netlist Resource(s)
  -------------------------------------------------------------------    -------------------
                         (clock clk_out1_cnn_accelerator_system_clk_wiz_0_0 rise edge)
                                                      0.000     0.000 r  
    E3                                                0.000     0.000 r  CLK100MHZ (IN)
                         net (fo=0)                   0.000     0.000    CLK100MHZ
    E3                   IBUF (Prop_ibuf_I_O)         1.482     1.482 r  CLK100MHZ_IBUF_inst/O
                         net (fo=1, routed)           2.025     3.506    cnn_accelerator_system_i/util_ds_buf_0/U0/BUFG_I[0]
    BUFGCTRL_X0Y16       BUFG (Prop_bufg_I_O)         0.096     3.602 r  cnn_accelerator_system_i/util_ds_buf_0/U0/USE_BUFG.GEN_BUFG[0].BUFG_U/O
                         net (fo=2, routed)           1.809     5.412    cnn_accelerator_system_i/clk_wiz_0/inst/clk_in1
    MMCME2_ADV_X0Y0      MMCME2_ADV (Prop_mmcme2_adv_CLKIN1_CLKOUT0)
                                                     -3.922     1.490 r  cnn_accelerator_system_i/clk_wiz_0/inst/mmcm_adv_inst/CLKOUT0
                         net (fo=1, routed)           2.018     3.508    cnn_accelerator_system_i/clk_wiz_0/inst/clk_out1_cnn_accelerator_system_clk_wiz_0_0
    BUFGCTRL_X0Y3        BUFG (Prop_bufg_I_O)         0.096     3.604 r  cnn_accelerator_system_i/clk_wiz_0/inst/clkout1_buf/O
                         net (fo=9199, routed)        1.817     5.422    cnn_accelerator_system_i/ram_interconnect/m01_couplers/auto_ds/inst/gen_downsizer.gen_simple_downsizer.axi_downsizer_inst/USE_WRITE.write_addr_inst/USE_B_CHANNEL.cmd_b_queue/inst/fifo_gen_inst/inst_fifo_gen/gconvfifo.rf/grf.rf/rstblk/ngwrdrst.grst.g7serrst.gnsckt_wrst.rst_wr_reg2_inst/dest_clk
    SLICE_X27Y1          FDPE                                         r  cnn_accelerator_system_i/ram_interconnect/m01_couplers/auto_ds/inst/gen_downsizer.gen_simple_downsizer.axi_downsizer_inst/USE_WRITE.write_addr_inst/USE_B_CHANNEL.cmd_b_queue/inst/fifo_gen_inst/inst_fifo_gen/gconvfifo.rf/grf.rf/rstblk/ngwrdrst.grst.g7serrst.gnsckt_wrst.rst_wr_reg2_inst/arststages_ff_reg[1]/C
  -------------------------------------------------------------------    -------------------
    SLICE_X27Y1          FDPE (Prop_fdpe_C_Q)         0.419     5.841 f  cnn_accelerator_system_i/ram_interconnect/m01_couplers/auto_ds/inst/gen_downsizer.gen_simple_downsizer.axi_downsizer_inst/USE_WRITE.write_addr_inst/USE_B_CHANNEL.cmd_b_queue/inst/fifo_gen_inst/inst_fifo_gen/gconvfifo.rf/grf.rf/rstblk/ngwrdrst.grst.g7serrst.gnsckt_wrst.rst_wr_reg2_inst/arststages_ff_reg[1]/Q
                         net (fo=3, routed)           1.930     7.771    cnn_accelerator_system_i/ram_interconnect/m01_couplers/auto_ds/inst/gen_downsizer.gen_simple_downsizer.axi_downsizer_inst/USE_WRITE.write_addr_inst/USE_B_CHANNEL.cmd_b_queue/inst/fifo_gen_inst/inst_fifo_gen/gconvfifo.rf/grf.rf/rstblk/ngwrdrst.rst_wr_reg2
    SLICE_X10Y10         LUT3 (Prop_lut3_I2_O)        0.299     8.070 f  cnn_accelerator_system_i/ram_interconnect/m01_couplers/auto_ds/inst/gen_downsizer.gen_simple_downsizer.axi_downsizer_inst/USE_WRITE.write_addr_inst/USE_B_CHANNEL.cmd_b_queue/inst/fifo_gen_inst/inst_fifo_gen/gconvfifo.rf/grf.rf/rstblk/gpregsm1.curr_fwft_state[1]_i_2/O
                         net (fo=32, routed)          1.533     9.602    cnn_accelerator_system_i/ram_interconnect/m01_couplers/auto_ds/inst/gen_downsizer.gen_simple_downsizer.axi_downsizer_inst/USE_WRITE.write_addr_inst/USE_B_CHANNEL.cmd_b_queue/inst/fifo_gen_inst/inst_fifo_gen/gconvfifo.rf/grf.rf/gntv_or_sync_fifo.gl0.rd/rpntr/gc0.count_d1_reg[4]_1
    SLICE_X20Y4          FDCE                                         f  cnn_accelerator_system_i/ram_interconnect/m01_couplers/auto_ds/inst/gen_downsizer.gen_simple_downsizer.axi_downsizer_inst/USE_WRITE.write_addr_inst/USE_B_CHANNEL.cmd_b_queue/inst/fifo_gen_inst/inst_fifo_gen/gconvfifo.rf/grf.rf/gntv_or_sync_fifo.gl0.rd/rpntr/gc0.count_reg[1]/CLR
  -------------------------------------------------------------------    -------------------

                         (clock clk_out1_cnn_accelerator_system_clk_wiz_0_0 rise edge)
                                                     10.000    10.000 r  
    E3                                                0.000    10.000 r  CLK100MHZ (IN)
                         net (fo=0)                   0.000    10.000    CLK100MHZ
    E3                   IBUF (Prop_ibuf_I_O)         1.411    11.411 r  CLK100MHZ_IBUF_inst/O
                         net (fo=1, routed)           1.920    13.331    cnn_accelerator_system_i/util_ds_buf_0/U0/BUFG_I[0]
    BUFGCTRL_X0Y16       BUFG (Prop_bufg_I_O)         0.091    13.422 r  cnn_accelerator_system_i/util_ds_buf_0/U0/USE_BUFG.GEN_BUFG[0].BUFG_U/O
                         net (fo=2, routed)           1.683    15.105    cnn_accelerator_system_i/clk_wiz_0/inst/clk_in1
    MMCME2_ADV_X0Y0      MMCME2_ADV (Prop_mmcme2_adv_CLKIN1_CLKOUT0)
                                                     -3.694    11.411 r  cnn_accelerator_system_i/clk_wiz_0/inst/mmcm_adv_inst/CLKOUT0
                         net (fo=1, routed)           1.923    13.334    cnn_accelerator_system_i/clk_wiz_0/inst/clk_out1_cnn_accelerator_system_clk_wiz_0_0
    BUFGCTRL_X0Y3        BUFG (Prop_bufg_I_O)         0.091    13.425 r  cnn_accelerator_system_i/clk_wiz_0/inst/clkout1_buf/O
                         net (fo=9199, routed)        1.686    15.111    cnn_accelerator_system_i/ram_interconnect/m01_couplers/auto_ds/inst/gen_downsizer.gen_simple_downsizer.axi_downsizer_inst/USE_WRITE.write_addr_inst/USE_B_CHANNEL.cmd_b_queue/inst/fifo_gen_inst/inst_fifo_gen/gconvfifo.rf/grf.rf/gntv_or_sync_fifo.gl0.rd/rpntr/clk
    SLICE_X20Y4          FDCE                                         r  cnn_accelerator_system_i/ram_interconnect/m01_couplers/auto_ds/inst/gen_downsizer.gen_simple_downsizer.axi_downsizer_inst/USE_WRITE.write_addr_inst/USE_B_CHANNEL.cmd_b_queue/inst/fifo_gen_inst/inst_fifo_gen/gconvfifo.rf/grf.rf/gntv_or_sync_fifo.gl0.rd/rpntr/gc0.count_reg[1]/C
                         clock pessimism              0.267    15.379    
                         clock uncertainty           -0.074    15.305    
    SLICE_X20Y4          FDCE (Recov_fdce_C_CLR)     -0.405    14.900    cnn_accelerator_system_i/ram_interconnect/m01_couplers/auto_ds/inst/gen_downsizer.gen_simple_downsizer.axi_downsizer_inst/USE_WRITE.write_addr_inst/USE_B_CHANNEL.cmd_b_queue/inst/fifo_gen_inst/inst_fifo_gen/gconvfifo.rf/grf.rf/gntv_or_sync_fifo.gl0.rd/rpntr/gc0.count_reg[1]
  -------------------------------------------------------------------
                         required time                         14.900    
                         arrival time                          -9.602    
  -------------------------------------------------------------------
                         slack                                  5.298    





Min Delay Paths
--------------------------------------------------------------------------------------
Slack (MET) :             0.359ns  (arrival time - required time)
  Source:                 cnn_accelerator_system_i/ram_interconnect/m00_couplers/auto_cc/inst/gen_clock_conv.gen_async_conv.asyncfifo_axi/inst_fifo_gen/gaxi_full_lite.gread_ch.grach2.axi_rach/grf.rf/rstblk/ngwrdrst.grst.g7serrst.gnsckt_wrst.gic_rst.sckt_wr_rst_ic_reg/C
                            (rising edge-triggered cell FDPE clocked by clk_out1_cnn_accelerator_system_clk_wiz_0_0  {rise@0.000ns fall@5.000ns period=10.000ns})
  Destination:            cnn_accelerator_system_i/ram_interconnect/m00_couplers/auto_cc/inst/gen_clock_conv.gen_async_conv.asyncfifo_axi/inst_fifo_gen/gaxi_full_lite.gread_ch.grach2.axi_rach/grf.rf/gntv_or_sync_fifo.gl0.wr/wpntr/gic0.gc0.count_reg[2]/CLR
                            (removal check against rising-edge clock clk_out1_cnn_accelerator_system_clk_wiz_0_0  {rise@0.000ns fall@5.000ns period=10.000ns})
  Path Group:             **async_default**
  Path Type:              Removal (Min at Fast Process Corner)
  Requirement:            0.000ns  (clk_out1_cnn_accelerator_system_clk_wiz_0_0 rise@0.000ns - clk_out1_cnn_accelerator_system_clk_wiz_0_0 rise@0.000ns)
  Data Path Delay:        0.536ns  (logic 0.141ns (26.306%)  route 0.395ns (73.694%))
  Logic Levels:           0  
  Clock Path Skew:        0.269ns (DCD - SCD - CPR)
    Destination Clock Delay (DCD):    2.074ns
    Source Clock Delay      (SCD):    1.551ns
    Clock Pessimism Removal (CPR):    0.254ns

    Location             Delay type                Incr(ns)  Path(ns)    Netlist Resource(s)
  -------------------------------------------------------------------    -------------------
                         (clock clk_out1_cnn_accelerator_system_clk_wiz_0_0 rise edge)
                                                      0.000     0.000 r  
    E3                                                0.000     0.000 r  CLK100MHZ (IN)
                         net (fo=0)                   0.000     0.000    CLK100MHZ
    E3                   IBUF (Prop_ibuf_I_O)         0.250     0.250 r  CLK100MHZ_IBUF_inst/O
                         net (fo=1, routed)           0.644     0.894    cnn_accelerator_system_i/util_ds_buf_0/U0/BUFG_I[0]
    BUFGCTRL_X0Y16       BUFG (Prop_bufg_I_O)         0.026     0.920 r  cnn_accelerator_system_i/util_ds_buf_0/U0/USE_BUFG.GEN_BUFG[0].BUFG_U/O
                         net (fo=2, routed)           0.624     1.544    cnn_accelerator_system_i/clk_wiz_0/inst/clk_in1
    MMCME2_ADV_X0Y0      MMCME2_ADV (Prop_mmcme2_adv_CLKIN1_CLKOUT0)
                                                     -1.296     0.248 r  cnn_accelerator_system_i/clk_wiz_0/inst/mmcm_adv_inst/CLKOUT0
                         net (fo=1, routed)           0.648     0.896    cnn_accelerator_system_i/clk_wiz_0/inst/clk_out1_cnn_accelerator_system_clk_wiz_0_0
    BUFGCTRL_X0Y3        BUFG (Prop_bufg_I_O)         0.026     0.922 r  cnn_accelerator_system_i/clk_wiz_0/inst/clkout1_buf/O
                         net (fo=9199, routed)        0.629     1.551    cnn_accelerator_system_i/ram_interconnect/m00_couplers/auto_cc/inst/gen_clock_conv.gen_async_conv.asyncfifo_axi/inst_fifo_gen/gaxi_full_lite.gread_ch.grach2.axi_rach/grf.rf/rstblk/s_aclk
    SLICE_X52Y2          FDPE                                         r  cnn_accelerator_system_i/ram_interconnect/m00_couplers/auto_cc/inst/gen_clock_conv.gen_async_conv.asyncfifo_axi/inst_fifo_gen/gaxi_full_lite.gread_ch.grach2.axi_rach/grf.rf/rstblk/ngwrdrst.grst.g7serrst.gnsckt_wrst.gic_rst.sckt_wr_rst_ic_reg/C
  -------------------------------------------------------------------    -------------------
    SLICE_X52Y2          FDPE (Prop_fdpe_C_Q)         0.141     1.692 f  cnn_accelerator_system_i/ram_interconnect/m00_couplers/auto_cc/inst/gen_clock_conv.gen_async_conv.asyncfifo_axi/inst_fifo_gen/gaxi_full_lite.gread_ch.grach2.axi_rach/grf.rf/rstblk/ngwrdrst.grst.g7serrst.gnsckt_wrst.gic_rst.sckt_wr_rst_ic_reg/Q
                         net (fo=15, routed)          0.395     2.087    cnn_accelerator_system_i/ram_interconnect/m00_couplers/auto_cc/inst/gen_clock_conv.gen_async_conv.asyncfifo_axi/inst_fifo_gen/gaxi_full_lite.gread_ch.grach2.axi_rach/grf.rf/gntv_or_sync_fifo.gl0.wr/wpntr/AR[0]
    SLICE_X44Y4          FDCE                                         f  cnn_accelerator_system_i/ram_interconnect/m00_couplers/auto_cc/inst/gen_clock_conv.gen_async_conv.asyncfifo_axi/inst_fifo_gen/gaxi_full_lite.gread_ch.grach2.axi_rach/grf.rf/gntv_or_sync_fifo.gl0.wr/wpntr/gic0.gc0.count_reg[2]/CLR
  -------------------------------------------------------------------    -------------------

                         (clock clk_out1_cnn_accelerator_system_clk_wiz_0_0 rise edge)
                                                      0.000     0.000 r  
    E3                                                0.000     0.000 r  CLK100MHZ (IN)
                         net (fo=0)                   0.000     0.000    CLK100MHZ
    E3                   IBUF (Prop_ibuf_I_O)         0.438     0.438 r  CLK100MHZ_IBUF_inst/O
                         net (fo=1, routed)           0.699     1.136    cnn_accelerator_system_i/util_ds_buf_0/U0/BUFG_I[0]
    BUFGCTRL_X0Y16       BUFG (Prop_bufg_I_O)         0.029     1.165 r  cnn_accelerator_system_i/util_ds_buf_0/U0/USE_BUFG.GEN_BUFG[0].BUFG_U/O
                         net (fo=2, routed)           0.898     2.063    cnn_accelerator_system_i/clk_wiz_0/inst/clk_in1
    MMCME2_ADV_X0Y0      MMCME2_ADV (Prop_mmcme2_adv_CLKIN1_CLKOUT0)
                                                     -1.625     0.438 r  cnn_accelerator_system_i/clk_wiz_0/inst/mmcm_adv_inst/CLKOUT0
                         net (fo=1, routed)           0.700     1.138    cnn_accelerator_system_i/clk_wiz_0/inst/clk_out1_cnn_accelerator_system_clk_wiz_0_0
    BUFGCTRL_X0Y3        BUFG (Prop_bufg_I_O)         0.029     1.167 r  cnn_accelerator_system_i/clk_wiz_0/inst/clkout1_buf/O
                         net (fo=9199, routed)        0.907     2.074    cnn_accelerator_system_i/ram_interconnect/m00_couplers/auto_cc/inst/gen_clock_conv.gen_async_conv.asyncfifo_axi/inst_fifo_gen/gaxi_full_lite.gread_ch.grach2.axi_rach/grf.rf/gntv_or_sync_fifo.gl0.wr/wpntr/s_aclk
    SLICE_X44Y4          FDCE                                         r  cnn_accelerator_system_i/ram_interconnect/m00_couplers/auto_cc/inst/gen_clock_conv.gen_async_conv.asyncfifo_axi/inst_fifo_gen/gaxi_full_lite.gread_ch.grach2.axi_rach/grf.rf/gntv_or_sync_fifo.gl0.wr/wpntr/gic0.gc0.count_reg[2]/C
                         clock pessimism             -0.254     1.820    
    SLICE_X44Y4          FDCE (Remov_fdce_C_CLR)     -0.092     1.728    cnn_accelerator_system_i/ram_interconnect/m00_couplers/auto_cc/inst/gen_clock_conv.gen_async_conv.asyncfifo_axi/inst_fifo_gen/gaxi_full_lite.gread_ch.grach2.axi_rach/grf.rf/gntv_or_sync_fifo.gl0.wr/wpntr/gic0.gc0.count_reg[2]
  -------------------------------------------------------------------
                         required time                         -1.728    
                         arrival time                           2.087    
  -------------------------------------------------------------------
                         slack                                  0.359    





---------------------------------------------------------------------------------------------------
Path Group:  **async_default**
From Clock:  clk_pll_i
  To Clock:  clk_pll_i

Setup :            0  Failing Endpoints,  Worst Slack        6.939ns,  Total Violation        0.000ns
Hold  :            0  Failing Endpoints,  Worst Slack        0.384ns,  Total Violation        0.000ns
---------------------------------------------------------------------------------------------------


Max Delay Paths
--------------------------------------------------------------------------------------
Slack (MET) :             6.939ns  (required time - arrival time)
  Source:                 cnn_accelerator_system_i/mig_7series_0/u_cnn_accelerator_system_mig_7series_0_0_mig/u_ddr3_infrastructure/rstdiv0_sync_r1_reg_rep/C
                            (rising edge-triggered cell FDPE clocked by clk_pll_i  {rise@0.000ns fall@6.154ns period=12.308ns})
  Destination:            cnn_accelerator_system_i/mig_7series_0/u_cnn_accelerator_system_mig_7series_0_0_mig/u_memc_ui_top_axi/mem_intfc0/ddr_phy_top0/u_ddr_mc_phy_wrapper/u_ddr_mc_phy/ddr_phy_4lanes_0.u_ddr_phy_4lanes/rst_out_reg/CLR
                            (recovery check against rising-edge clock clk_pll_i  {rise@0.000ns fall@6.154ns period=12.308ns})
  Path Group:             **async_default**
  Path Type:              Recovery (Max at Slow Process Corner)
  Requirement:            12.308ns  (clk_pll_i rise@12.308ns - clk_pll_i rise@0.000ns)
  Data Path Delay:        4.876ns  (logic 0.580ns (11.895%)  route 4.296ns (88.105%))
  Logic Levels:           1  (LUT1=1)
  Clock Path Skew:        -0.019ns (DCD - SCD + CPR)
    Destination Clock Delay (DCD):    7.208ns = ( 19.515 - 12.308 ) 
    Source Clock Delay      (SCD):    7.584ns
    Clock Pessimism Removal (CPR):    0.357ns
  Clock Uncertainty:      0.068ns  ((TSJ^2 + DJ^2)^1/2) / 2 + PE
    Total System Jitter     (TSJ):    0.071ns
    Discrete Jitter          (DJ):    0.116ns
    Phase Error              (PE):    0.000ns

    Location             Delay type                Incr(ns)  Path(ns)    Netlist Resource(s)
  -------------------------------------------------------------------    -------------------
                         (clock clk_pll_i rise edge)
                                                      0.000     0.000 r  
    E3                                                0.000     0.000 r  CLK100MHZ (IN)
                         net (fo=0)                   0.000     0.000    CLK100MHZ
    E3                   IBUF (Prop_ibuf_I_O)         1.482     1.482 r  CLK100MHZ_IBUF_inst/O
                         net (fo=1, routed)           2.025     3.506    cnn_accelerator_system_i/util_ds_buf_0/U0/BUFG_I[0]
    BUFGCTRL_X0Y16       BUFG (Prop_bufg_I_O)         0.096     3.602 r  cnn_accelerator_system_i/util_ds_buf_0/U0/USE_BUFG.GEN_BUFG[0].BUFG_U/O
                         net (fo=2, routed)           1.666     5.269    cnn_accelerator_system_i/mig_7series_0/u_cnn_accelerator_system_mig_7series_0_0_mig/u_ddr3_infrastructure/mmcm_clk
    PLLE2_ADV_X1Y1       PLLE2_ADV (Prop_plle2_adv_CLKIN1_CLKOUT3)
                                                      0.088     5.357 r  cnn_accelerator_system_i/mig_7series_0/u_cnn_accelerator_system_mig_7series_0_0_mig/u_ddr3_infrastructure/plle2_i/CLKOUT3
                         net (fo=1, routed)           1.281     6.638    cnn_accelerator_system_i/mig_7series_0/u_cnn_accelerator_system_mig_7series_0_0_mig/u_ddr3_infrastructure/pll_clk3_out
    BUFHCE_X1Y12         BUFH (Prop_bufh_I_O)         0.127     6.765 r  cnn_accelerator_system_i/mig_7series_0/u_cnn_accelerator_system_mig_7series_0_0_mig/u_ddr3_infrastructure/u_bufh_pll_clk3/O
                         net (fo=1, routed)           0.841     7.606    cnn_accelerator_system_i/mig_7series_0/u_cnn_accelerator_system_mig_7series_0_0_mig/u_ddr3_infrastructure/pll_clk3
    MMCME2_ADV_X1Y1      MMCME2_ADV (Prop_mmcme2_adv_CLKIN1_CLKFBOUT)
                                                     -3.457     4.149 r  cnn_accelerator_system_i/mig_7series_0/u_cnn_accelerator_system_mig_7series_0_0_mig/u_ddr3_infrastructure/gen_mmcm.mmcm_i/CLKFBOUT
                         net (fo=1, routed)           1.719     5.868    cnn_accelerator_system_i/mig_7series_0/u_cnn_accelerator_system_mig_7series_0_0_mig/u_ddr3_infrastructure/clk_pll_i
    BUFGCTRL_X0Y0        BUFG (Prop_bufg_I_O)         0.096     5.964 r  cnn_accelerator_system_i/mig_7series_0/u_cnn_accelerator_system_mig_7series_0_0_mig/u_ddr3_infrastructure/u_bufg_clkdiv0/O
                         net (fo=6028, routed)        1.619     7.584    cnn_accelerator_system_i/mig_7series_0/u_cnn_accelerator_system_mig_7series_0_0_mig/u_ddr3_infrastructure/CLK
    SLICE_X32Y74         FDPE                                         r  cnn_accelerator_system_i/mig_7series_0/u_cnn_accelerator_system_mig_7series_0_0_mig/u_ddr3_infrastructure/rstdiv0_sync_r1_reg_rep/C
  -------------------------------------------------------------------    -------------------
    SLICE_X32Y74         FDPE (Prop_fdpe_C_Q)         0.456     8.040 f  cnn_accelerator_system_i/mig_7series_0/u_cnn_accelerator_system_mig_7series_0_0_mig/u_ddr3_infrastructure/rstdiv0_sync_r1_reg_rep/Q
                         net (fo=1, routed)           0.510     8.549    cnn_accelerator_system_i/mig_7series_0/u_cnn_accelerator_system_mig_7series_0_0_mig/u_ddr3_infrastructure/rstdiv0_sync_r1_reg_rep_n_0
    SLICE_X32Y74         LUT1 (Prop_lut1_I0_O)        0.124     8.673 f  cnn_accelerator_system_i/mig_7series_0/u_cnn_accelerator_system_mig_7series_0_0_mig/u_ddr3_infrastructure/rstdiv0_sync_r1_inst/O
                         net (fo=50, routed)          3.787    12.460    cnn_accelerator_system_i/mig_7series_0/u_cnn_accelerator_system_mig_7series_0_0_mig/u_memc_ui_top_axi/mem_intfc0/ddr_phy_top0/u_ddr_mc_phy_wrapper/u_ddr_mc_phy/ddr_phy_4lanes_0.u_ddr_phy_4lanes/in0
    SLICE_X81Y67         FDCE                                         f  cnn_accelerator_system_i/mig_7series_0/u_cnn_accelerator_system_mig_7series_0_0_mig/u_memc_ui_top_axi/mem_intfc0/ddr_phy_top0/u_ddr_mc_phy_wrapper/u_ddr_mc_phy/ddr_phy_4lanes_0.u_ddr_phy_4lanes/rst_out_reg/CLR
  -------------------------------------------------------------------    -------------------

                         (clock clk_pll_i rise edge)
                                                     12.308    12.308 r  
    E3                                                0.000    12.308 r  CLK100MHZ (IN)
                         net (fo=0)                   0.000    12.308    CLK100MHZ
    E3                   IBUF (Prop_ibuf_I_O)         1.411    13.719 r  CLK100MHZ_IBUF_inst/O
                         net (fo=1, routed)           1.920    15.639    cnn_accelerator_system_i/util_ds_buf_0/U0/BUFG_I[0]
    BUFGCTRL_X0Y16       BUFG (Prop_bufg_I_O)         0.091    15.730 r  cnn_accelerator_system_i/util_ds_buf_0/U0/USE_BUFG.GEN_BUFG[0].BUFG_U/O
                         net (fo=2, routed)           1.544    17.274    cnn_accelerator_system_i/mig_7series_0/u_cnn_accelerator_system_mig_7series_0_0_mig/u_ddr3_infrastructure/mmcm_clk
    PLLE2_ADV_X1Y1       PLLE2_ADV (Prop_plle2_adv_CLKIN1_CLKOUT3)
                                                      0.083    17.357 r  cnn_accelerator_system_i/mig_7series_0/u_cnn_accelerator_system_mig_7series_0_0_mig/u_ddr3_infrastructure/plle2_i/CLKOUT3
                         net (fo=1, routed)           1.205    18.562    cnn_accelerator_system_i/mig_7series_0/u_cnn_accelerator_system_mig_7series_0_0_mig/u_ddr3_infrastructure/pll_clk3_out
    BUFHCE_X1Y12         BUFH (Prop_bufh_I_O)         0.081    18.643 r  cnn_accelerator_system_i/mig_7series_0/u_cnn_accelerator_system_mig_7series_0_0_mig/u_ddr3_infrastructure/u_bufh_pll_clk3/O
                         net (fo=1, routed)           0.799    19.442    cnn_accelerator_system_i/mig_7series_0/u_cnn_accelerator_system_mig_7series_0_0_mig/u_ddr3_infrastructure/pll_clk3
    MMCME2_ADV_X1Y1      MMCME2_ADV (Prop_mmcme2_adv_CLKIN1_CLKFBOUT)
                                                     -3.249    16.193 r  cnn_accelerator_system_i/mig_7series_0/u_cnn_accelerator_system_mig_7series_0_0_mig/u_ddr3_infrastructure/gen_mmcm.mmcm_i/CLKFBOUT
                         net (fo=1, routed)           1.639    17.832    cnn_accelerator_system_i/mig_7series_0/u_cnn_accelerator_system_mig_7series_0_0_mig/u_ddr3_infrastructure/clk_pll_i
    BUFGCTRL_X0Y0        BUFG (Prop_bufg_I_O)         0.091    17.923 r  cnn_accelerator_system_i/mig_7series_0/u_cnn_accelerator_system_mig_7series_0_0_mig/u_ddr3_infrastructure/u_bufg_clkdiv0/O
                         net (fo=6028, routed)        1.592    19.515    cnn_accelerator_system_i/mig_7series_0/u_cnn_accelerator_system_mig_7series_0_0_mig/u_memc_ui_top_axi/mem_intfc0/ddr_phy_top0/u_ddr_mc_phy_wrapper/u_ddr_mc_phy/ddr_phy_4lanes_0.u_ddr_phy_4lanes/CLK
    SLICE_X81Y67         FDCE                                         r  cnn_accelerator_system_i/mig_7series_0/u_cnn_accelerator_system_mig_7series_0_0_mig/u_memc_ui_top_axi/mem_intfc0/ddr_phy_top0/u_ddr_mc_phy_wrapper/u_ddr_mc_phy/ddr_phy_4lanes_0.u_ddr_phy_4lanes/rst_out_reg/C
                         clock pessimism              0.357    19.872    
                         clock uncertainty           -0.068    19.804    
    SLICE_X81Y67         FDCE (Recov_fdce_C_CLR)     -0.405    19.399    cnn_accelerator_system_i/mig_7series_0/u_cnn_accelerator_system_mig_7series_0_0_mig/u_memc_ui_top_axi/mem_intfc0/ddr_phy_top0/u_ddr_mc_phy_wrapper/u_ddr_mc_phy/ddr_phy_4lanes_0.u_ddr_phy_4lanes/rst_out_reg
  -------------------------------------------------------------------
                         required time                         19.399    
                         arrival time                         -12.460    
  -------------------------------------------------------------------
                         slack                                  6.939    





Min Delay Paths
--------------------------------------------------------------------------------------
Slack (MET) :             0.384ns  (arrival time - required time)
  Source:                 cnn_accelerator_system_i/ram_interconnect/m00_couplers/auto_cc/inst/gen_clock_conv.gen_async_conv.asyncfifo_axi/inst_fifo_gen/gaxi_full_lite.gread_ch.grach2.axi_rach/grf.rf/rstblk/ngwrdrst.grst.g7serrst.gnsckt_wrst.gic_rst.rst_rd_reg2_inst/arststages_ff_reg[1]/C
                            (rising edge-triggered cell FDPE clocked by clk_pll_i  {rise@0.000ns fall@6.154ns period=12.308ns})
  Destination:            cnn_accelerator_system_i/ram_interconnect/m00_couplers/auto_cc/inst/gen_clock_conv.gen_async_conv.asyncfifo_axi/inst_fifo_gen/gaxi_full_lite.gread_ch.grach2.axi_rach/grf.rf/rstblk/ngwrdrst.grst.g7serrst.gnsckt_wrst.gic_rst.wr_rst_rd_ext_reg[0]/CLR
                            (removal check against rising-edge clock clk_pll_i  {rise@0.000ns fall@6.154ns period=12.308ns})
  Path Group:             **async_default**
  Path Type:              Removal (Min at Fast Process Corner)
  Requirement:            0.000ns  (clk_pll_i rise@0.000ns - clk_pll_i rise@0.000ns)
  Data Path Delay:        0.496ns  (logic 0.128ns (25.820%)  route 0.368ns (74.180%))
  Logic Levels:           0  
  Clock Path Skew:        0.258ns (DCD - SCD - CPR)
    Destination Clock Delay (DCD):    3.101ns
    Source Clock Delay      (SCD):    2.295ns
    Clock Pessimism Removal (CPR):    0.548ns

    Location             Delay type                Incr(ns)  Path(ns)    Netlist Resource(s)
  -------------------------------------------------------------------    -------------------
                         (clock clk_pll_i rise edge)
                                                      0.000     0.000 r  
    E3                                                0.000     0.000 r  CLK100MHZ (IN)
                         net (fo=0)                   0.000     0.000    CLK100MHZ
    E3                   IBUF (Prop_ibuf_I_O)         0.250     0.250 r  CLK100MHZ_IBUF_inst/O
                         net (fo=1, routed)           0.644     0.894    cnn_accelerator_system_i/util_ds_buf_0/U0/BUFG_I[0]
    BUFGCTRL_X0Y16       BUFG (Prop_bufg_I_O)         0.026     0.920 r  cnn_accelerator_system_i/util_ds_buf_0/U0/USE_BUFG.GEN_BUFG[0].BUFG_U/O
                         net (fo=2, routed)           0.566     1.485    cnn_accelerator_system_i/mig_7series_0/u_cnn_accelerator_system_mig_7series_0_0_mig/u_ddr3_infrastructure/mmcm_clk
    PLLE2_ADV_X1Y1       PLLE2_ADV (Prop_plle2_adv_CLKIN1_CLKOUT3)
                                                      0.050     1.535 r  cnn_accelerator_system_i/mig_7series_0/u_cnn_accelerator_system_mig_7series_0_0_mig/u_ddr3_infrastructure/plle2_i/CLKOUT3
                         net (fo=1, routed)           0.394     1.929    cnn_accelerator_system_i/mig_7series_0/u_cnn_accelerator_system_mig_7series_0_0_mig/u_ddr3_infrastructure/pll_clk3_out
    BUFHCE_X1Y12         BUFH (Prop_bufh_I_O)         0.020     1.949 r  cnn_accelerator_system_i/mig_7series_0/u_cnn_accelerator_system_mig_7series_0_0_mig/u_ddr3_infrastructure/u_bufh_pll_clk3/O
                         net (fo=1, routed)           0.269     2.218    cnn_accelerator_system_i/mig_7series_0/u_cnn_accelerator_system_mig_7series_0_0_mig/u_ddr3_infrastructure/pll_clk3
    MMCME2_ADV_X1Y1      MMCME2_ADV (Prop_mmcme2_adv_CLKIN1_CLKFBOUT)
                                                     -1.083     1.135 r  cnn_accelerator_system_i/mig_7series_0/u_cnn_accelerator_system_mig_7series_0_0_mig/u_ddr3_infrastructure/gen_mmcm.mmcm_i/CLKFBOUT
                         net (fo=1, routed)           0.499     1.634    cnn_accelerator_system_i/mig_7series_0/u_cnn_accelerator_system_mig_7series_0_0_mig/u_ddr3_infrastructure/clk_pll_i
    BUFGCTRL_X0Y0        BUFG (Prop_bufg_I_O)         0.026     1.660 r  cnn_accelerator_system_i/mig_7series_0/u_cnn_accelerator_system_mig_7series_0_0_mig/u_ddr3_infrastructure/u_bufg_clkdiv0/O
                         net (fo=6028, routed)        0.635     2.295    cnn_accelerator_system_i/ram_interconnect/m00_couplers/auto_cc/inst/gen_clock_conv.gen_async_conv.asyncfifo_axi/inst_fifo_gen/gaxi_full_lite.gread_ch.grach2.axi_rach/grf.rf/rstblk/ngwrdrst.grst.g7serrst.gnsckt_wrst.gic_rst.rst_rd_reg2_inst/dest_clk
    SLICE_X37Y5          FDPE                                         r  cnn_accelerator_system_i/ram_interconnect/m00_couplers/auto_cc/inst/gen_clock_conv.gen_async_conv.asyncfifo_axi/inst_fifo_gen/gaxi_full_lite.gread_ch.grach2.axi_rach/grf.rf/rstblk/ngwrdrst.grst.g7serrst.gnsckt_wrst.gic_rst.rst_rd_reg2_inst/arststages_ff_reg[1]/C
  -------------------------------------------------------------------    -------------------
    SLICE_X37Y5          FDPE (Prop_fdpe_C_Q)         0.128     2.423 f  cnn_accelerator_system_i/ram_interconnect/m00_couplers/auto_cc/inst/gen_clock_conv.gen_async_conv.asyncfifo_axi/inst_fifo_gen/gaxi_full_lite.gread_ch.grach2.axi_rach/grf.rf/rstblk/ngwrdrst.grst.g7serrst.gnsckt_wrst.gic_rst.rst_rd_reg2_inst/arststages_ff_reg[1]/Q
                         net (fo=3, routed)           0.368     2.791    cnn_accelerator_system_i/ram_interconnect/m00_couplers/auto_cc/inst/gen_clock_conv.gen_async_conv.asyncfifo_axi/inst_fifo_gen/gaxi_full_lite.gread_ch.grach2.axi_rach/grf.rf/rstblk/ngwrdrst.grst.rst_rd_reg2
    SLICE_X53Y5          FDCE                                         f  cnn_accelerator_system_i/ram_interconnect/m00_couplers/auto_cc/inst/gen_clock_conv.gen_async_conv.asyncfifo_axi/inst_fifo_gen/gaxi_full_lite.gread_ch.grach2.axi_rach/grf.rf/rstblk/ngwrdrst.grst.g7serrst.gnsckt_wrst.gic_rst.wr_rst_rd_ext_reg[0]/CLR
  -------------------------------------------------------------------    -------------------

                         (clock clk_pll_i rise edge)
                                                      0.000     0.000 r  
    E3                                                0.000     0.000 r  CLK100MHZ (IN)
                         net (fo=0)                   0.000     0.000    CLK100MHZ
    E3                   IBUF (Prop_ibuf_I_O)         0.438     0.438 r  CLK100MHZ_IBUF_inst/O
                         net (fo=1, routed)           0.699     1.136    cnn_accelerator_system_i/util_ds_buf_0/U0/BUFG_I[0]
    BUFGCTRL_X0Y16       BUFG (Prop_bufg_I_O)         0.029     1.165 r  cnn_accelerator_system_i/util_ds_buf_0/U0/USE_BUFG.GEN_BUFG[0].BUFG_U/O
                         net (fo=2, routed)           0.835     2.000    cnn_accelerator_system_i/mig_7series_0/u_cnn_accelerator_system_mig_7series_0_0_mig/u_ddr3_infrastructure/mmcm_clk
    PLLE2_ADV_X1Y1       PLLE2_ADV (Prop_plle2_adv_CLKIN1_CLKOUT3)
                                                      0.053     2.053 r  cnn_accelerator_system_i/mig_7series_0/u_cnn_accelerator_system_mig_7series_0_0_mig/u_ddr3_infrastructure/plle2_i/CLKOUT3
                         net (fo=1, routed)           0.437     2.490    cnn_accelerator_system_i/mig_7series_0/u_cnn_accelerator_system_mig_7series_0_0_mig/u_ddr3_infrastructure/pll_clk3_out
    BUFHCE_X1Y12         BUFH (Prop_bufh_I_O)         0.043     2.533 r  cnn_accelerator_system_i/mig_7series_0/u_cnn_accelerator_system_mig_7series_0_0_mig/u_ddr3_infrastructure/u_bufh_pll_clk3/O
                         net (fo=1, routed)           0.494     3.027    cnn_accelerator_system_i/mig_7series_0/u_cnn_accelerator_system_mig_7series_0_0_mig/u_ddr3_infrastructure/pll_clk3
    MMCME2_ADV_X1Y1      MMCME2_ADV (Prop_mmcme2_adv_CLKIN1_CLKFBOUT)
                                                     -1.400     1.627 r  cnn_accelerator_system_i/mig_7series_0/u_cnn_accelerator_system_mig_7series_0_0_mig/u_ddr3_infrastructure/gen_mmcm.mmcm_i/CLKFBOUT
                         net (fo=1, routed)           0.544     2.170    cnn_accelerator_system_i/mig_7series_0/u_cnn_accelerator_system_mig_7series_0_0_mig/u_ddr3_infrastructure/clk_pll_i
    BUFGCTRL_X0Y0        BUFG (Prop_bufg_I_O)         0.029     2.199 r  cnn_accelerator_system_i/mig_7series_0/u_cnn_accelerator_system_mig_7series_0_0_mig/u_ddr3_infrastructure/u_bufg_clkdiv0/O
                         net (fo=6028, routed)        0.902     3.101    cnn_accelerator_system_i/ram_interconnect/m00_couplers/auto_cc/inst/gen_clock_conv.gen_async_conv.asyncfifo_axi/inst_fifo_gen/gaxi_full_lite.gread_ch.grach2.axi_rach/grf.rf/rstblk/m_aclk
    SLICE_X53Y5          FDCE                                         r  cnn_accelerator_system_i/ram_interconnect/m00_couplers/auto_cc/inst/gen_clock_conv.gen_async_conv.asyncfifo_axi/inst_fifo_gen/gaxi_full_lite.gread_ch.grach2.axi_rach/grf.rf/rstblk/ngwrdrst.grst.g7serrst.gnsckt_wrst.gic_rst.wr_rst_rd_ext_reg[0]/C
                         clock pessimism             -0.548     2.553    
    SLICE_X53Y5          FDCE (Remov_fdce_C_CLR)     -0.146     2.407    cnn_accelerator_system_i/ram_interconnect/m00_couplers/auto_cc/inst/gen_clock_conv.gen_async_conv.asyncfifo_axi/inst_fifo_gen/gaxi_full_lite.gread_ch.grach2.axi_rach/grf.rf/rstblk/ngwrdrst.grst.g7serrst.gnsckt_wrst.gic_rst.wr_rst_rd_ext_reg[0]
  -------------------------------------------------------------------
                         required time                         -2.407    
                         arrival time                           2.791    
  -------------------------------------------------------------------
                         slack                                  0.384    





---------------------------------------------------------------------------------------------------
Path Group:  **default**
From Clock:  clk_pll_i
  To Clock:  

Setup :            0  Failing Endpoints,  Worst Slack        0.674ns,  Total Violation        0.000ns
Hold  :           NA  Failing Endpoints,  Worst Slack           NA  ,  Total Violation           NA
---------------------------------------------------------------------------------------------------


Max Delay Paths
--------------------------------------------------------------------------------------
Slack (MET) :             0.674ns  (required time - arrival time)
  Source:                 cnn_accelerator_system_i/mig_7series_0/u_cnn_accelerator_system_mig_7series_0_0_mig/u_ddr3_infrastructure/rstdiv0_sync_r1_reg_rep/C
                            (rising edge-triggered cell FDPE clocked by clk_pll_i  {rise@0.000ns fall@6.154ns period=12.308ns})
  Destination:            cnn_accelerator_system_i/mig_7series_0/u_cnn_accelerator_system_mig_7series_0_0_mig/u_memc_ui_top_axi/mem_intfc0/ddr_phy_top0/u_ddr_mc_phy_wrapper/u_ddr_mc_phy/ddr_phy_4lanes_0.u_ddr_phy_4lanes/phy_control_i/RESET
  Path Group:             **default**
  Path Type:              Max at Slow Process Corner
  Requirement:            5.000ns  (MaxDelay Path 5.000ns)
  Data Path Delay:        4.326ns  (logic 0.580ns (13.409%)  route 3.746ns (86.591%))
  Logic Levels:           1  (LUT1=1)
  Output Delay:           0.000ns
  Timing Exception:       MaxDelay Path 5.000ns -datapath_only

    Location             Delay type                Incr(ns)  Path(ns)    Netlist Resource(s)
  -------------------------------------------------------------------    -------------------
    SLICE_X32Y74                                      0.000     0.000 r  cnn_accelerator_system_i/mig_7series_0/u_cnn_accelerator_system_mig_7series_0_0_mig/u_ddr3_infrastructure/rstdiv0_sync_r1_reg_rep/C
    SLICE_X32Y74         FDPE (Prop_fdpe_C_Q)         0.456     0.456 r  cnn_accelerator_system_i/mig_7series_0/u_cnn_accelerator_system_mig_7series_0_0_mig/u_ddr3_infrastructure/rstdiv0_sync_r1_reg_rep/Q
                         net (fo=1, routed)           0.510     0.966    cnn_accelerator_system_i/mig_7series_0/u_cnn_accelerator_system_mig_7series_0_0_mig/u_ddr3_infrastructure/rstdiv0_sync_r1_reg_rep_n_0
    SLICE_X32Y74         LUT1 (Prop_lut1_I0_O)        0.124     1.090 r  cnn_accelerator_system_i/mig_7series_0/u_cnn_accelerator_system_mig_7series_0_0_mig/u_ddr3_infrastructure/rstdiv0_sync_r1_inst/O
                         net (fo=50, routed)          3.236     4.326    cnn_accelerator_system_i/mig_7series_0/u_cnn_accelerator_system_mig_7series_0_0_mig/u_memc_ui_top_axi/mem_intfc0/ddr_phy_top0/u_ddr_mc_phy_wrapper/u_ddr_mc_phy/ddr_phy_4lanes_0.u_ddr_phy_4lanes/in0
    PHY_CONTROL_X1Y1     PHY_CONTROL                                  r  cnn_accelerator_system_i/mig_7series_0/u_cnn_accelerator_system_mig_7series_0_0_mig/u_memc_ui_top_axi/mem_intfc0/ddr_phy_top0/u_ddr_mc_phy_wrapper/u_ddr_mc_phy/ddr_phy_4lanes_0.u_ddr_phy_4lanes/phy_control_i/RESET
  -------------------------------------------------------------------    -------------------

                         max delay                    5.000     5.000    
    PHY_CONTROL_X1Y1     PHY_CONTROL                  0.000     5.000    cnn_accelerator_system_i/mig_7series_0/u_cnn_accelerator_system_mig_7series_0_0_mig/u_memc_ui_top_axi/mem_intfc0/ddr_phy_top0/u_ddr_mc_phy_wrapper/u_ddr_mc_phy/ddr_phy_4lanes_0.u_ddr_phy_4lanes/phy_control_i
                         output delay                -0.000     5.000    
  -------------------------------------------------------------------
                         required time                          5.000    
                         arrival time                          -4.326    
  -------------------------------------------------------------------
                         slack                                  0.674    





