Copyright 1986-2022 Xilinx, Inc. All Rights Reserved. Copyright 2022-2024 Advanced Micro Devices, Inc. All Rights Reserved.
--------------------------------------------------------------------------------------------------------------------------------------------------------------
| Tool Version : Vivado v.2024.1 (win64) Build 5076996 Wed May 22 18:37:14 MDT 2024
| Date         : Fri Jun 19 02:16:29 2026
| Host         : DOHYUNKIM266E running 64-bit major release  (build 9200)
| Command      : report_timing -setup -slack_lesser_than 0 -max_paths 50 -nworst 1 -unique_pins -input_pins -nets -file C:/Users/gimdohyeon/wino_paths146.rpt
| Design       : cnn_accelerator_system_wrapper
| Device       : 7a100t-csg324
| Speed File   : -1  PRODUCTION 1.23 2018-06-13
| Design State : Routed
--------------------------------------------------------------------------------------------------------------------------------------------------------------

Timing Report

Slack (VIOLATED) :        -0.146ns  (required time - arrival time)
  Source:                 cnn_accelerator_system_i/ram_interconnect/m01_couplers/auto_ds/inst/gen_downsizer.gen_simple_downsizer.axi_downsizer_inst/USE_WRITE.write_addr_inst/cmd_queue/inst/fifo_gen_inst/inst_fifo_gen/gconvfifo.rf/grf.rf/gntv_or_sync_fifo.mem/goreg_dm.dout_i_reg[4]/C
                            (rising edge-triggered cell FDRE clocked by clk_out1_cnn_accelerator_system_clk_wiz_0_0  {rise@0.000ns fall@5.000ns period=10.000ns})
  Destination:            cnn_accelerator_system_i/ram_interconnect/s02_couplers/auto_us/inst/gen_upsizer.gen_full_upsizer.axi_upsizer_inst/USE_WRITE.gen_non_fifo_w_upsizer.write_data_inst/WORD_LANE[1].USE_ALWAYS_PACKER.BYTE_LANE[0].USE_RTL_DATA.USE_REGISTER.M_AXI_WDATA_I_reg[33]/CE
                            (rising edge-triggered cell FDRE clocked by clk_out1_cnn_accelerator_system_clk_wiz_0_0  {rise@0.000ns fall@5.000ns period=10.000ns})
  Path Group:             clk_out1_cnn_accelerator_system_clk_wiz_0_0
  Path Type:              Setup (Max at Slow Process Corner)
  Requirement:            10.000ns  (clk_out1_cnn_accelerator_system_clk_wiz_0_0 rise@10.000ns - clk_out1_cnn_accelerator_system_clk_wiz_0_0 rise@0.000ns)
  Data Path Delay:        9.747ns  (logic 2.120ns (21.751%)  route 7.627ns (78.249%))
  Logic Levels:           10  (LUT2=1 LUT4=1 LUT5=3 LUT6=5)
  Clock Path Skew:        -0.121ns (DCD - SCD + CPR)
    Destination Clock Delay (DCD):    4.947ns = ( 14.947 - 10.000 ) 
    Source Clock Delay      (SCD):    5.327ns
    Clock Pessimism Removal (CPR):    0.259ns
  Clock Uncertainty:      0.074ns  ((TSJ^2 + DJ^2)^1/2) / 2 + PE
    Total System Jitter     (TSJ):    0.071ns
    Discrete Jitter          (DJ):    0.129ns
    Phase Error              (PE):    0.000ns

    Location             Delay type                Incr(ns)  Path(ns)    Netlist Resource(s)
  -------------------------------------------------------------------    -------------------
                         (clock clk_out1_cnn_accelerator_system_clk_wiz_0_0 rise edge)
                                                      0.000     0.000 r  
    E3                                                0.000     0.000 r  CLK100MHZ (IN)
                         net (fo=0)                   0.000     0.000    CLK100MHZ
    E3                                                                r  CLK100MHZ_IBUF_inst/I
    E3                   IBUF (Prop_ibuf_I_O)         1.482     1.482 r  CLK100MHZ_IBUF_inst/O
                         net (fo=1, routed)           2.025     3.506    cnn_accelerator_system_i/util_ds_buf_0/U0/BUFG_I[0]
    BUFGCTRL_X0Y16                                                    r  cnn_accelerator_system_i/util_ds_buf_0/U0/USE_BUFG.GEN_BUFG[0].BUFG_U/I
    BUFGCTRL_X0Y16       BUFG (Prop_bufg_I_O)         0.096     3.602 r  cnn_accelerator_system_i/util_ds_buf_0/U0/USE_BUFG.GEN_BUFG[0].BUFG_U/O
                         net (fo=2, routed)           1.809     5.412    cnn_accelerator_system_i/clk_wiz_0/inst/clk_in1
    MMCME2_ADV_X0Y0                                                   r  cnn_accelerator_system_i/clk_wiz_0/inst/mmcm_adv_inst/CLKIN1
    MMCME2_ADV_X0Y0      MMCME2_ADV (Prop_mmcme2_adv_CLKIN1_CLKOUT0)
                                                     -3.922     1.490 r  cnn_accelerator_system_i/clk_wiz_0/inst/mmcm_adv_inst/CLKOUT0
                         net (fo=1, routed)           2.018     3.508    cnn_accelerator_system_i/clk_wiz_0/inst/clk_out1_cnn_accelerator_system_clk_wiz_0_0
    BUFGCTRL_X0Y3                                                     r  cnn_accelerator_system_i/clk_wiz_0/inst/clkout1_buf/I
    BUFGCTRL_X0Y3        BUFG (Prop_bufg_I_O)         0.096     3.604 r  cnn_accelerator_system_i/clk_wiz_0/inst/clkout1_buf/O
                         net (fo=14543, routed)       1.722     5.327    cnn_accelerator_system_i/ram_interconnect/m01_couplers/auto_ds/inst/gen_downsizer.gen_simple_downsizer.axi_downsizer_inst/USE_WRITE.write_addr_inst/cmd_queue/inst/fifo_gen_inst/inst_fifo_gen/gconvfifo.rf/grf.rf/gntv_or_sync_fifo.mem/clk
    SLICE_X5Y54          FDRE                                         r  cnn_accelerator_system_i/ram_interconnect/m01_couplers/auto_ds/inst/gen_downsizer.gen_simple_downsizer.axi_downsizer_inst/USE_WRITE.write_addr_inst/cmd_queue/inst/fifo_gen_inst/inst_fifo_gen/gconvfifo.rf/grf.rf/gntv_or_sync_fifo.mem/goreg_dm.dout_i_reg[4]/C
  -------------------------------------------------------------------    -------------------
    SLICE_X5Y54          FDRE (Prop_fdre_C_Q)         0.456     5.783 f  cnn_accelerator_system_i/ram_interconnect/m01_couplers/auto_ds/inst/gen_downsizer.gen_simple_downsizer.axi_downsizer_inst/USE_WRITE.write_addr_inst/cmd_queue/inst/fifo_gen_inst/inst_fifo_gen/gconvfifo.rf/grf.rf/gntv_or_sync_fifo.mem/goreg_dm.dout_i_reg[4]/Q
                         net (fo=4, routed)           1.319     7.102    cnn_accelerator_system_i/ram_interconnect/m01_couplers/auto_ds/inst/gen_downsizer.gen_simple_downsizer.axi_downsizer_inst/USE_WRITE.write_data_inst/current_word_1_reg[1]_1[1]
    SLICE_X3Y54                                                       f  cnn_accelerator_system_i/ram_interconnect/m01_couplers/auto_ds/inst/gen_downsizer.gen_simple_downsizer.axi_downsizer_inst/USE_WRITE.write_data_inst/length_counter_1[3]_i_2/I4
    SLICE_X3Y54          LUT5 (Prop_lut5_I4_O)        0.150     7.252 r  cnn_accelerator_system_i/ram_interconnect/m01_couplers/auto_ds/inst/gen_downsizer.gen_simple_downsizer.axi_downsizer_inst/USE_WRITE.write_data_inst/length_counter_1[3]_i_2/O
                         net (fo=2, routed)           0.381     7.633    cnn_accelerator_system_i/ram_interconnect/m01_couplers/auto_ds/inst/gen_downsizer.gen_simple_downsizer.axi_downsizer_inst/USE_WRITE.write_data_inst/length_counter_1[3]_i_2_n_0
    SLICE_X2Y54                                                       r  cnn_accelerator_system_i/ram_interconnect/m01_couplers/auto_ds/inst/gen_downsizer.gen_simple_downsizer.axi_downsizer_inst/USE_WRITE.write_data_inst/m_axi_wlast_INST_0_i_2/I2
    SLICE_X2Y54          LUT6 (Prop_lut6_I2_O)        0.326     7.959 r  cnn_accelerator_system_i/ram_interconnect/m01_couplers/auto_ds/inst/gen_downsizer.gen_simple_downsizer.axi_downsizer_inst/USE_WRITE.write_data_inst/m_axi_wlast_INST_0_i_2/O
                         net (fo=2, routed)           0.307     8.266    cnn_accelerator_system_i/ram_interconnect/m01_couplers/auto_ds/inst/gen_downsizer.gen_simple_downsizer.axi_downsizer_inst/USE_WRITE.write_data_inst/m_axi_wlast_INST_0_i_2_n_0
    SLICE_X3Y54                                                       r  cnn_accelerator_system_i/ram_interconnect/m01_couplers/auto_ds/inst/gen_downsizer.gen_simple_downsizer.axi_downsizer_inst/USE_WRITE.write_data_inst/m_axi_wlast_INST_0_i_1/I5
    SLICE_X3Y54          LUT6 (Prop_lut6_I5_O)        0.124     8.390 f  cnn_accelerator_system_i/ram_interconnect/m01_couplers/auto_ds/inst/gen_downsizer.gen_simple_downsizer.axi_downsizer_inst/USE_WRITE.write_data_inst/m_axi_wlast_INST_0_i_1/O
                         net (fo=3, routed)           0.328     8.718    cnn_accelerator_system_i/ram_interconnect/m01_couplers/auto_ds/inst/gen_downsizer.gen_simple_downsizer.axi_downsizer_inst/USE_WRITE.write_data_inst/m_axi_wlast_INST_0_i_1_n_0
    SLICE_X4Y54                                                       f  cnn_accelerator_system_i/ram_interconnect/m01_couplers/auto_ds/inst/gen_downsizer.gen_simple_downsizer.axi_downsizer_inst/USE_WRITE.write_data_inst/m_axi_wlast_INST_0/I5
    SLICE_X4Y54          LUT6 (Prop_lut6_I5_O)        0.124     8.842 r  cnn_accelerator_system_i/ram_interconnect/m01_couplers/auto_ds/inst/gen_downsizer.gen_simple_downsizer.axi_downsizer_inst/USE_WRITE.write_data_inst/m_axi_wlast_INST_0/O
                         net (fo=10, routed)          1.032     9.874    cnn_accelerator_system_i/ram_interconnect/m01_couplers/auto_ds/inst/gen_downsizer.gen_simple_downsizer.axi_downsizer_inst/USE_WRITE.write_addr_inst/cmd_queue/inst/s_axi_wready_0
    SLICE_X12Y52                                                      r  cnn_accelerator_system_i/ram_interconnect/m01_couplers/auto_ds/inst/gen_downsizer.gen_simple_downsizer.axi_downsizer_inst/USE_WRITE.write_addr_inst/cmd_queue/inst/s_axi_wready_INST_0/I2
    SLICE_X12Y52         LUT6 (Prop_lut6_I2_O)        0.124     9.998 r  cnn_accelerator_system_i/ram_interconnect/m01_couplers/auto_ds/inst/gen_downsizer.gen_simple_downsizer.axi_downsizer_inst/USE_WRITE.write_addr_inst/cmd_queue/inst/s_axi_wready_INST_0/O
                         net (fo=4, routed)           0.519    10.517    cnn_accelerator_system_i/ram_interconnect/xbar/inst/gen_samd.crossbar_samd/gen_slave_slots[2].gen_si_write.wdata_router_w/wrouter_aw_fifo/gen_srls[0].gen_rep[1].srl_nx1/m_axi_wready[0]
    SLICE_X13Y45                                                      r  cnn_accelerator_system_i/ram_interconnect/xbar/inst/gen_samd.crossbar_samd/gen_slave_slots[2].gen_si_write.wdata_router_w/wrouter_aw_fifo/gen_srls[0].gen_rep[1].srl_nx1/s_axi_wready[2]_INST_0_i_1/I3
    SLICE_X13Y45         LUT6 (Prop_lut6_I3_O)        0.124    10.641 r  cnn_accelerator_system_i/ram_interconnect/xbar/inst/gen_samd.crossbar_samd/gen_slave_slots[2].gen_si_write.wdata_router_w/wrouter_aw_fifo/gen_srls[0].gen_rep[1].srl_nx1/s_axi_wready[2]_INST_0_i_1/O
                         net (fo=4, routed)           0.564    11.205    cnn_accelerator_system_i/ram_interconnect/xbar/inst/gen_samd.crossbar_samd/gen_slave_slots[2].gen_si_write.wdata_router_w/wrouter_aw_fifo/m_aready0
    SLICE_X15Y45                                                      r  cnn_accelerator_system_i/ram_interconnect/xbar/inst/gen_samd.crossbar_samd/gen_slave_slots[2].gen_si_write.wdata_router_w/wrouter_aw_fifo/s_axi_wready[2]_INST_0/I1
    SLICE_X15Y45         LUT2 (Prop_lut2_I1_O)        0.118    11.323 r  cnn_accelerator_system_i/ram_interconnect/xbar/inst/gen_samd.crossbar_samd/gen_slave_slots[2].gen_si_write.wdata_router_w/wrouter_aw_fifo/s_axi_wready[2]_INST_0/O
                         net (fo=39, routed)          0.754    12.077    cnn_accelerator_system_i/ram_interconnect/s02_couplers/auto_us/inst/gen_upsizer.gen_full_upsizer.axi_upsizer_inst/USE_WRITE.write_addr_inst/GEN_CMD_QUEUE.cmd_queue/m_axi_wready
    SLICE_X23Y49                                                      r  cnn_accelerator_system_i/ram_interconnect/s02_couplers/auto_us/inst/gen_upsizer.gen_full_upsizer.axi_upsizer_inst/USE_WRITE.write_addr_inst/GEN_CMD_QUEUE.cmd_queue/WORD_LANE[0].USE_ALWAYS_PACKER.BYTE_LANE[3].USE_RTL_DATA.USE_REGISTER.M_AXI_WDATA_I[31]_i_3/I2
    SLICE_X23Y49         LUT5 (Prop_lut5_I2_O)        0.326    12.403 r  cnn_accelerator_system_i/ram_interconnect/s02_couplers/auto_us/inst/gen_upsizer.gen_full_upsizer.axi_upsizer_inst/USE_WRITE.write_addr_inst/GEN_CMD_QUEUE.cmd_queue/WORD_LANE[0].USE_ALWAYS_PACKER.BYTE_LANE[3].USE_RTL_DATA.USE_REGISTER.M_AXI_WDATA_I[31]_i_3/O
                         net (fo=28, routed)          1.045    13.448    cnn_accelerator_system_i/ram_interconnect/s02_couplers/auto_us/inst/gen_upsizer.gen_full_upsizer.axi_upsizer_inst/USE_WRITE.write_addr_inst/GEN_CMD_QUEUE.cmd_queue/USE_FF_OUT.USE_RTL_OUTPUT_PIPELINE.M_MESG_Q_reg[33]_0
    SLICE_X15Y52                                                      r  cnn_accelerator_system_i/ram_interconnect/s02_couplers/auto_us/inst/gen_upsizer.gen_full_upsizer.axi_upsizer_inst/USE_WRITE.write_addr_inst/GEN_CMD_QUEUE.cmd_queue/WORD_LANE[1].USE_ALWAYS_PACKER.BYTE_LANE[0].USE_RTL_DATA.USE_REGISTER.M_AXI_WDATA_I[39]_i_3/I3
    SLICE_X15Y52         LUT4 (Prop_lut4_I3_O)        0.124    13.572 r  cnn_accelerator_system_i/ram_interconnect/s02_couplers/auto_us/inst/gen_upsizer.gen_full_upsizer.axi_upsizer_inst/USE_WRITE.write_addr_inst/GEN_CMD_QUEUE.cmd_queue/WORD_LANE[1].USE_ALWAYS_PACKER.BYTE_LANE[0].USE_RTL_DATA.USE_REGISTER.M_AXI_WDATA_I[39]_i_3/O
                         net (fo=9, routed)           0.711    14.283    cnn_accelerator_system_i/ram_interconnect/s02_couplers/auto_us/inst/gen_upsizer.gen_full_upsizer.axi_upsizer_inst/USE_WRITE.write_addr_inst/GEN_CMD_QUEUE.cmd_queue/WORD_LANE[1].USE_ALWAYS_PACKER.BYTE_LANE[0].USE_RTL_DATA.USE_REGISTER.M_AXI_WDATA_I[39]_i_3_n_0
    SLICE_X12Y54                                                      r  cnn_accelerator_system_i/ram_interconnect/s02_couplers/auto_us/inst/gen_upsizer.gen_full_upsizer.axi_upsizer_inst/USE_WRITE.write_addr_inst/GEN_CMD_QUEUE.cmd_queue/WORD_LANE[1].USE_ALWAYS_PACKER.BYTE_LANE[0].USE_RTL_DATA.USE_REGISTER.M_AXI_WDATA_I[39]_i_1/I4
    SLICE_X12Y54         LUT5 (Prop_lut5_I4_O)        0.124    14.407 r  cnn_accelerator_system_i/ram_interconnect/s02_couplers/auto_us/inst/gen_upsizer.gen_full_upsizer.axi_upsizer_inst/USE_WRITE.write_addr_inst/GEN_CMD_QUEUE.cmd_queue/WORD_LANE[1].USE_ALWAYS_PACKER.BYTE_LANE[0].USE_RTL_DATA.USE_REGISTER.M_AXI_WDATA_I[39]_i_1/O
                         net (fo=8, routed)           0.666    15.074    cnn_accelerator_system_i/ram_interconnect/s02_couplers/auto_us/inst/gen_upsizer.gen_full_upsizer.axi_upsizer_inst/USE_WRITE.gen_non_fifo_w_upsizer.write_data_inst/WORD_LANE[1].USE_ALWAYS_PACKER.BYTE_LANE[0].USE_RTL_DATA.USE_REGISTER.M_AXI_WDATA_I_reg[39]_0[0]
    SLICE_X9Y56          FDRE                                         r  cnn_accelerator_system_i/ram_interconnect/s02_couplers/auto_us/inst/gen_upsizer.gen_full_upsizer.axi_upsizer_inst/USE_WRITE.gen_non_fifo_w_upsizer.write_data_inst/WORD_LANE[1].USE_ALWAYS_PACKER.BYTE_LANE[0].USE_RTL_DATA.USE_REGISTER.M_AXI_WDATA_I_reg[33]/CE
  -------------------------------------------------------------------    -------------------

                         (clock clk_out1_cnn_accelerator_system_clk_wiz_0_0 rise edge)
                                                     10.000    10.000 r  
    E3                                                0.000    10.000 r  CLK100MHZ (IN)
                         net (fo=0)                   0.000    10.000    CLK100MHZ
    E3                                                                r  CLK100MHZ_IBUF_inst/I
    E3                   IBUF (Prop_ibuf_I_O)         1.411    11.411 r  CLK100MHZ_IBUF_inst/O
                         net (fo=1, routed)           1.920    13.331    cnn_accelerator_system_i/util_ds_buf_0/U0/BUFG_I[0]
    BUFGCTRL_X0Y16                                                    r  cnn_accelerator_system_i/util_ds_buf_0/U0/USE_BUFG.GEN_BUFG[0].BUFG_U/I
    BUFGCTRL_X0Y16       BUFG (Prop_bufg_I_O)         0.091    13.422 r  cnn_accelerator_system_i/util_ds_buf_0/U0/USE_BUFG.GEN_BUFG[0].BUFG_U/O
                         net (fo=2, routed)           1.683    15.105    cnn_accelerator_system_i/clk_wiz_0/inst/clk_in1
    MMCME2_ADV_X0Y0                                                   r  cnn_accelerator_system_i/clk_wiz_0/inst/mmcm_adv_inst/CLKIN1
    MMCME2_ADV_X0Y0      MMCME2_ADV (Prop_mmcme2_adv_CLKIN1_CLKOUT0)
                                                     -3.694    11.411 r  cnn_accelerator_system_i/clk_wiz_0/inst/mmcm_adv_inst/CLKOUT0
                         net (fo=1, routed)           1.923    13.334    cnn_accelerator_system_i/clk_wiz_0/inst/clk_out1_cnn_accelerator_system_clk_wiz_0_0
    BUFGCTRL_X0Y3                                                     r  cnn_accelerator_system_i/clk_wiz_0/inst/clkout1_buf/I
    BUFGCTRL_X0Y3        BUFG (Prop_bufg_I_O)         0.091    13.425 r  cnn_accelerator_system_i/clk_wiz_0/inst/clkout1_buf/O
                         net (fo=14543, routed)       1.521    14.947    cnn_accelerator_system_i/ram_interconnect/s02_couplers/auto_us/inst/gen_upsizer.gen_full_upsizer.axi_upsizer_inst/USE_WRITE.gen_non_fifo_w_upsizer.write_data_inst/USE_RTL_LENGTH.length_counter_q_reg[0]_0
    SLICE_X9Y56          FDRE                                         r  cnn_accelerator_system_i/ram_interconnect/s02_couplers/auto_us/inst/gen_upsizer.gen_full_upsizer.axi_upsizer_inst/USE_WRITE.gen_non_fifo_w_upsizer.write_data_inst/WORD_LANE[1].USE_ALWAYS_PACKER.BYTE_LANE[0].USE_RTL_DATA.USE_REGISTER.M_AXI_WDATA_I_reg[33]/C
                         clock pessimism              0.259    15.206    
                         clock uncertainty           -0.074    15.132    
    SLICE_X9Y56          FDRE (Setup_fdre_C_CE)      -0.205    14.927    cnn_accelerator_system_i/ram_interconnect/s02_couplers/auto_us/inst/gen_upsizer.gen_full_upsizer.axi_upsizer_inst/USE_WRITE.gen_non_fifo_w_upsizer.write_data_inst/WORD_LANE[1].USE_ALWAYS_PACKER.BYTE_LANE[0].USE_RTL_DATA.USE_REGISTER.M_AXI_WDATA_I_reg[33]
  -------------------------------------------------------------------
                         required time                         14.927    
                         arrival time                         -15.074    
  -------------------------------------------------------------------
                         slack                                 -0.146    

Slack (VIOLATED) :        -0.136ns  (required time - arrival time)
  Source:                 cnn_accelerator_system_i/cnn_accelerator_wino_0/inst/conv1/at_g2/sum0_reg[18]/C
                            (rising edge-triggered cell FDRE clocked by clk_out3_cnn_accelerator_system_clk_wiz_0_0  {rise@0.000ns fall@2.500ns period=5.000ns})
  Destination:            cnn_accelerator_system_i/cnn_accelerator_wino_0/inst/conv1/tr/ch[2].out_flat_reg[18]/D
                            (rising edge-triggered cell FDRE clocked by clk_out3_cnn_accelerator_system_clk_wiz_0_0  {rise@0.000ns fall@2.500ns period=5.000ns})
  Path Group:             clk_out3_cnn_accelerator_system_clk_wiz_0_0
  Path Type:              Setup (Max at Slow Process Corner)
  Requirement:            5.000ns  (clk_out3_cnn_accelerator_system_clk_wiz_0_0 rise@5.000ns - clk_out3_cnn_accelerator_system_clk_wiz_0_0 rise@0.000ns)
  Data Path Delay:        4.538ns  (logic 1.233ns (27.171%)  route 3.305ns (72.829%))
  Logic Levels:           3  (CARRY4=1 LUT2=1 LUT3=1)
  Clock Path Skew:        -0.267ns (DCD - SCD + CPR)
    Destination Clock Delay (DCD):    4.934ns = ( 9.934 - 5.000 ) 
    Source Clock Delay      (SCD):    5.388ns
    Clock Pessimism Removal (CPR):    0.187ns
  Clock Uncertainty:      0.067ns  ((TSJ^2 + DJ^2)^1/2) / 2 + PE
    Total System Jitter     (TSJ):    0.071ns
    Discrete Jitter          (DJ):    0.113ns
    Phase Error              (PE):    0.000ns

    Location             Delay type                Incr(ns)  Path(ns)    Netlist Resource(s)
  -------------------------------------------------------------------    -------------------
                         (clock clk_out3_cnn_accelerator_system_clk_wiz_0_0 rise edge)
                                                      0.000     0.000 r  
    E3                                                0.000     0.000 r  CLK100MHZ (IN)
                         net (fo=0)                   0.000     0.000    CLK100MHZ
    E3                                                                r  CLK100MHZ_IBUF_inst/I
    E3                   IBUF (Prop_ibuf_I_O)         1.482     1.482 r  CLK100MHZ_IBUF_inst/O
                         net (fo=1, routed)           2.025     3.506    cnn_accelerator_system_i/util_ds_buf_0/U0/BUFG_I[0]
    BUFGCTRL_X0Y16                                                    r  cnn_accelerator_system_i/util_ds_buf_0/U0/USE_BUFG.GEN_BUFG[0].BUFG_U/I
    BUFGCTRL_X0Y16       BUFG (Prop_bufg_I_O)         0.096     3.602 r  cnn_accelerator_system_i/util_ds_buf_0/U0/USE_BUFG.GEN_BUFG[0].BUFG_U/O
                         net (fo=2, routed)           1.809     5.412    cnn_accelerator_system_i/clk_wiz_0/inst/clk_in1
    MMCME2_ADV_X0Y0                                                   r  cnn_accelerator_system_i/clk_wiz_0/inst/mmcm_adv_inst/CLKIN1
    MMCME2_ADV_X0Y0      MMCME2_ADV (Prop_mmcme2_adv_CLKIN1_CLKOUT2)
                                                     -3.922     1.490 r  cnn_accelerator_system_i/clk_wiz_0/inst/mmcm_adv_inst/CLKOUT2
                         net (fo=1, routed)           2.018     3.508    cnn_accelerator_system_i/clk_wiz_0/inst/clk_out3_cnn_accelerator_system_clk_wiz_0_0
    BUFGCTRL_X0Y2                                                     r  cnn_accelerator_system_i/clk_wiz_0/inst/clkout3_buf/I
    BUFGCTRL_X0Y2        BUFG (Prop_bufg_I_O)         0.096     3.604 r  cnn_accelerator_system_i/clk_wiz_0/inst/clkout3_buf/O
                         net (fo=53115, routed)       1.783     5.388    cnn_accelerator_system_i/cnn_accelerator_wino_0/inst/conv1/at_g2/clk
    SLICE_X59Y26         FDRE                                         r  cnn_accelerator_system_i/cnn_accelerator_wino_0/inst/conv1/at_g2/sum0_reg[18]/C
  -------------------------------------------------------------------    -------------------
    SLICE_X59Y26         FDRE (Prop_fdre_C_Q)         0.456     5.844 f  cnn_accelerator_system_i/cnn_accelerator_wino_0/inst/conv1/at_g2/sum0_reg[18]/Q
                         net (fo=2, routed)           0.917     6.761    cnn_accelerator_system_i/cnn_accelerator_wino_0/inst/conv1/at_g2/tr_sum_flat[66]
    SLICE_X56Y30                                                      f  cnn_accelerator_system_i/cnn_accelerator_wino_0/inst/conv1/at_g2/i__carry_i_4__88/I0
    SLICE_X56Y30         LUT2 (Prop_lut2_I0_O)        0.124     6.885 r  cnn_accelerator_system_i/cnn_accelerator_wino_0/inst/conv1/at_g2/i__carry_i_4__88/O
                         net (fo=1, routed)           0.000     6.885    cnn_accelerator_system_i/cnn_accelerator_wino_0/inst/conv1/tr/ch[2].out_flat_reg[23]_1[1]
    SLICE_X56Y30                                                      r  cnn_accelerator_system_i/cnn_accelerator_wino_0/inst/conv1/tr/sat_relu11_inferred__0/i__carry/S[1]
    SLICE_X56Y30         CARRY4 (Prop_carry4_S[1]_CO[3])
                                                      0.533     7.418 r  cnn_accelerator_system_i/cnn_accelerator_wino_0/inst/conv1/tr/sat_relu11_inferred__0/i__carry/CO[3]
                         net (fo=8, routed)           1.771     9.188    cnn_accelerator_system_i/cnn_accelerator_wino_0/inst/conv1/at_g2/CO[0]
    SLICE_X63Y52                                                      r  cnn_accelerator_system_i/cnn_accelerator_wino_0/inst/conv1/at_g2/ch[2].out_flat[18]_i_1__0/I0
    SLICE_X63Y52         LUT3 (Prop_lut3_I0_O)        0.120     9.308 r  cnn_accelerator_system_i/cnn_accelerator_wino_0/inst/conv1/at_g2/ch[2].out_flat[18]_i_1__0/O
                         net (fo=1, routed)           0.617     9.926    cnn_accelerator_system_i/cnn_accelerator_wino_0/inst/conv1/tr/sat_relu1_return[2]
    SLICE_X63Y55         FDRE                                         r  cnn_accelerator_system_i/cnn_accelerator_wino_0/inst/conv1/tr/ch[2].out_flat_reg[18]/D
  -------------------------------------------------------------------    -------------------

                         (clock clk_out3_cnn_accelerator_system_clk_wiz_0_0 rise edge)
                                                      5.000     5.000 r  
    E3                                                0.000     5.000 r  CLK100MHZ (IN)
                         net (fo=0)                   0.000     5.000    CLK100MHZ
    E3                                                                r  CLK100MHZ_IBUF_inst/I
    E3                   IBUF (Prop_ibuf_I_O)         1.411     6.411 r  CLK100MHZ_IBUF_inst/O
                         net (fo=1, routed)           1.920     8.331    cnn_accelerator_system_i/util_ds_buf_0/U0/BUFG_I[0]
    BUFGCTRL_X0Y16                                                    r  cnn_accelerator_system_i/util_ds_buf_0/U0/USE_BUFG.GEN_BUFG[0].BUFG_U/I
    BUFGCTRL_X0Y16       BUFG (Prop_bufg_I_O)         0.091     8.422 r  cnn_accelerator_system_i/util_ds_buf_0/U0/USE_BUFG.GEN_BUFG[0].BUFG_U/O
                         net (fo=2, routed)           1.683    10.105    cnn_accelerator_system_i/clk_wiz_0/inst/clk_in1
    MMCME2_ADV_X0Y0                                                   r  cnn_accelerator_system_i/clk_wiz_0/inst/mmcm_adv_inst/CLKIN1
    MMCME2_ADV_X0Y0      MMCME2_ADV (Prop_mmcme2_adv_CLKIN1_CLKOUT2)
                                                     -3.694     6.411 r  cnn_accelerator_system_i/clk_wiz_0/inst/mmcm_adv_inst/CLKOUT2
                         net (fo=1, routed)           1.923     8.334    cnn_accelerator_system_i/clk_wiz_0/inst/clk_out3_cnn_accelerator_system_clk_wiz_0_0
    BUFGCTRL_X0Y2                                                     r  cnn_accelerator_system_i/clk_wiz_0/inst/clkout3_buf/I
    BUFGCTRL_X0Y2        BUFG (Prop_bufg_I_O)         0.091     8.425 r  cnn_accelerator_system_i/clk_wiz_0/inst/clkout3_buf/O
                         net (fo=53115, routed)       1.508     9.934    cnn_accelerator_system_i/cnn_accelerator_wino_0/inst/conv1/tr/clk
    SLICE_X63Y55         FDRE                                         r  cnn_accelerator_system_i/cnn_accelerator_wino_0/inst/conv1/tr/ch[2].out_flat_reg[18]/C
                         clock pessimism              0.187    10.121    
                         clock uncertainty           -0.067    10.054    
    SLICE_X63Y55         FDRE (Setup_fdre_C_D)       -0.264     9.790    cnn_accelerator_system_i/cnn_accelerator_wino_0/inst/conv1/tr/ch[2].out_flat_reg[18]
  -------------------------------------------------------------------
                         required time                          9.790    
                         arrival time                          -9.926    
  -------------------------------------------------------------------
                         slack                                 -0.136    

Slack (VIOLATED) :        -0.094ns  (required time - arrival time)
  Source:                 cnn_accelerator_system_i/cnn_accelerator_wino_0/inst/conv2/gpim_q_reg[25][4]/C
                            (rising edge-triggered cell FDRE clocked by clk_out3_cnn_accelerator_system_clk_wiz_0_0  {rise@0.000ns fall@2.500ns period=5.000ns})
  Destination:            cnn_accelerator_system_i/cnn_accelerator_wino_0/inst/conv2/m_im_flat_reg[874]/D
                            (rising edge-triggered cell FDRE clocked by clk_out3_cnn_accelerator_system_clk_wiz_0_0  {rise@0.000ns fall@2.500ns period=5.000ns})
  Path Group:             clk_out3_cnn_accelerator_system_clk_wiz_0_0
  Path Type:              Setup (Max at Slow Process Corner)
  Requirement:            5.000ns  (clk_out3_cnn_accelerator_system_clk_wiz_0_0 rise@5.000ns - clk_out3_cnn_accelerator_system_clk_wiz_0_0 rise@0.000ns)
  Data Path Delay:        4.942ns  (logic 2.851ns (57.689%)  route 2.091ns (42.311%))
  Logic Levels:           9  (CARRY4=7 LUT1=1 LUT2=1)
  Clock Path Skew:        -0.147ns (DCD - SCD + CPR)
    Destination Clock Delay (DCD):    4.914ns = ( 9.914 - 5.000 ) 
    Source Clock Delay      (SCD):    5.318ns
    Clock Pessimism Removal (CPR):    0.257ns
  Clock Uncertainty:      0.067ns  ((TSJ^2 + DJ^2)^1/2) / 2 + PE
    Total System Jitter     (TSJ):    0.071ns
    Discrete Jitter          (DJ):    0.113ns
    Phase Error              (PE):    0.000ns

    Location             Delay type                Incr(ns)  Path(ns)    Netlist Resource(s)
  -------------------------------------------------------------------    -------------------
                         (clock clk_out3_cnn_accelerator_system_clk_wiz_0_0 rise edge)
                                                      0.000     0.000 r  
    E3                                                0.000     0.000 r  CLK100MHZ (IN)
                         net (fo=0)                   0.000     0.000    CLK100MHZ
    E3                                                                r  CLK100MHZ_IBUF_inst/I
    E3                   IBUF (Prop_ibuf_I_O)         1.482     1.482 r  CLK100MHZ_IBUF_inst/O
                         net (fo=1, routed)           2.025     3.506    cnn_accelerator_system_i/util_ds_buf_0/U0/BUFG_I[0]
    BUFGCTRL_X0Y16                                                    r  cnn_accelerator_system_i/util_ds_buf_0/U0/USE_BUFG.GEN_BUFG[0].BUFG_U/I
    BUFGCTRL_X0Y16       BUFG (Prop_bufg_I_O)         0.096     3.602 r  cnn_accelerator_system_i/util_ds_buf_0/U0/USE_BUFG.GEN_BUFG[0].BUFG_U/O
                         net (fo=2, routed)           1.809     5.412    cnn_accelerator_system_i/clk_wiz_0/inst/clk_in1
    MMCME2_ADV_X0Y0                                                   r  cnn_accelerator_system_i/clk_wiz_0/inst/mmcm_adv_inst/CLKIN1
    MMCME2_ADV_X0Y0      MMCME2_ADV (Prop_mmcme2_adv_CLKIN1_CLKOUT2)
                                                     -3.922     1.490 r  cnn_accelerator_system_i/clk_wiz_0/inst/mmcm_adv_inst/CLKOUT2
                         net (fo=1, routed)           2.018     3.508    cnn_accelerator_system_i/clk_wiz_0/inst/clk_out3_cnn_accelerator_system_clk_wiz_0_0
    BUFGCTRL_X0Y2                                                     r  cnn_accelerator_system_i/clk_wiz_0/inst/clkout3_buf/I
    BUFGCTRL_X0Y2        BUFG (Prop_bufg_I_O)         0.096     3.604 r  cnn_accelerator_system_i/clk_wiz_0/inst/clkout3_buf/O
                         net (fo=53115, routed)       1.714     5.318    cnn_accelerator_system_i/cnn_accelerator_wino_0/inst/conv2/clk
    SLICE_X83Y110        FDRE                                         r  cnn_accelerator_system_i/cnn_accelerator_wino_0/inst/conv2/gpim_q_reg[25][4]/C
  -------------------------------------------------------------------    -------------------
    SLICE_X83Y110        FDRE (Prop_fdre_C_Q)         0.419     5.737 r  cnn_accelerator_system_i/cnn_accelerator_wino_0/inst/conv2/gpim_q_reg[25][4]/Q
                         net (fo=2, routed)           1.494     7.231    cnn_accelerator_system_i/cnn_accelerator_wino_0/inst/conv2/gpim_q_reg[25]_557[4]
    SLICE_X64Y126                                                     r  cnn_accelerator_system_i/cnn_accelerator_wino_0/inst/conv2/m_im_flat[832]_i_5/I1
    SLICE_X64Y126        LUT2 (Prop_lut2_I1_O)        0.299     7.530 r  cnn_accelerator_system_i/cnn_accelerator_wino_0/inst/conv2/m_im_flat[832]_i_5/O
                         net (fo=1, routed)           0.000     7.530    cnn_accelerator_system_i/cnn_accelerator_wino_0/inst/conv2/m_im_flat[832]_i_5_n_0
    SLICE_X64Y126                                                     r  cnn_accelerator_system_i/cnn_accelerator_wino_0/inst/conv2/m_im_flat_reg[832]_i_1/S[0]
    SLICE_X64Y126        CARRY4 (Prop_carry4_S[0]_CO[3])
                                                      0.532     8.062 r  cnn_accelerator_system_i/cnn_accelerator_wino_0/inst/conv2/m_im_flat_reg[832]_i_1/CO[3]
                         net (fo=1, routed)           0.000     8.062    cnn_accelerator_system_i/cnn_accelerator_wino_0/inst/conv2/m_im_flat_reg[832]_i_1_n_0
    SLICE_X64Y127                                                     r  cnn_accelerator_system_i/cnn_accelerator_wino_0/inst/conv2/m_im_flat_reg[836]_i_1/CI
    SLICE_X64Y127        CARRY4 (Prop_carry4_CI_CO[3])
                                                      0.114     8.176 r  cnn_accelerator_system_i/cnn_accelerator_wino_0/inst/conv2/m_im_flat_reg[836]_i_1/CO[3]
                         net (fo=1, routed)           0.000     8.176    cnn_accelerator_system_i/cnn_accelerator_wino_0/inst/conv2/m_im_flat_reg[836]_i_1_n_0
    SLICE_X64Y128                                                     r  cnn_accelerator_system_i/cnn_accelerator_wino_0/inst/conv2/m_im_flat_reg[840]_i_1/CI
    SLICE_X64Y128        CARRY4 (Prop_carry4_CI_CO[3])
                                                      0.114     8.290 r  cnn_accelerator_system_i/cnn_accelerator_wino_0/inst/conv2/m_im_flat_reg[840]_i_1/CO[3]
                         net (fo=1, routed)           0.000     8.290    cnn_accelerator_system_i/cnn_accelerator_wino_0/inst/conv2/m_im_flat_reg[840]_i_1_n_0
    SLICE_X64Y129                                                     r  cnn_accelerator_system_i/cnn_accelerator_wino_0/inst/conv2/m_im_flat_reg[844]_i_1/CI
    SLICE_X64Y129        CARRY4 (Prop_carry4_CI_CO[3])
                                                      0.114     8.404 r  cnn_accelerator_system_i/cnn_accelerator_wino_0/inst/conv2/m_im_flat_reg[844]_i_1/CO[3]
                         net (fo=1, routed)           0.000     8.404    cnn_accelerator_system_i/cnn_accelerator_wino_0/inst/conv2/m_im_flat_reg[844]_i_1_n_0
    SLICE_X64Y130                                                     r  cnn_accelerator_system_i/cnn_accelerator_wino_0/inst/conv2/m_im_flat_reg[848]_i_1/CI
    SLICE_X64Y130        CARRY4 (Prop_carry4_CI_O[3])
                                                      0.329     8.733 f  cnn_accelerator_system_i/cnn_accelerator_wino_0/inst/conv2/m_im_flat_reg[848]_i_1/O[3]
                         net (fo=2, routed)           0.597     9.330    cnn_accelerator_system_i/cnn_accelerator_wino_0/inst/conv2/u_asm/m_im_flat_reg[874][238]
    SLICE_X65Y130                                                     f  cnn_accelerator_system_i/cnn_accelerator_wino_0/inst/conv2/u_asm/m_im_flat[873]_i_2/I0
    SLICE_X65Y130        LUT1 (Prop_lut1_I0_O)        0.306     9.636 r  cnn_accelerator_system_i/cnn_accelerator_wino_0/inst/conv2/u_asm/m_im_flat[873]_i_2/O
                         net (fo=1, routed)           0.000     9.636    cnn_accelerator_system_i/cnn_accelerator_wino_0/inst_n_4354
    SLICE_X65Y130                                                     r  cnn_accelerator_system_i/cnn_accelerator_wino_0/u_asm/m_im_flat_reg[873]_i_1/S[3]
    SLICE_X65Y130        CARRY4 (Prop_carry4_S[3]_CO[3])
                                                      0.401    10.037 r  cnn_accelerator_system_i/cnn_accelerator_wino_0/u_asm/m_im_flat_reg[873]_i_1/CO[3]
                         net (fo=1, routed)           0.000    10.037    cnn_accelerator_system_i/cnn_accelerator_wino_0/inst/conv2/u_asm/m_im_flat_reg[874]_0[0]
    SLICE_X65Y131                                                     r  cnn_accelerator_system_i/cnn_accelerator_wino_0/inst/conv2/u_asm/m_im_flat_reg[874]_i_2/CI
    SLICE_X65Y131        CARRY4 (Prop_carry4_CI_O[0])
                                                      0.223    10.260 r  cnn_accelerator_system_i/cnn_accelerator_wino_0/inst/conv2/u_asm/m_im_flat_reg[874]_i_2/O[0]
                         net (fo=1, routed)           0.000    10.260    cnn_accelerator_system_i/cnn_accelerator_wino_0/inst/conv2/mim_flat0[24]
    SLICE_X65Y131        FDRE                                         r  cnn_accelerator_system_i/cnn_accelerator_wino_0/inst/conv2/m_im_flat_reg[874]/D
  -------------------------------------------------------------------    -------------------

                         (clock clk_out3_cnn_accelerator_system_clk_wiz_0_0 rise edge)
                                                      5.000     5.000 r  
    E3                                                0.000     5.000 r  CLK100MHZ (IN)
                         net (fo=0)                   0.000     5.000    CLK100MHZ
    E3                                                                r  CLK100MHZ_IBUF_inst/I
    E3                   IBUF (Prop_ibuf_I_O)         1.411     6.411 r  CLK100MHZ_IBUF_inst/O
                         net (fo=1, routed)           1.920     8.331    cnn_accelerator_system_i/util_ds_buf_0/U0/BUFG_I[0]
    BUFGCTRL_X0Y16                                                    r  cnn_accelerator_system_i/util_ds_buf_0/U0/USE_BUFG.GEN_BUFG[0].BUFG_U/I
    BUFGCTRL_X0Y16       BUFG (Prop_bufg_I_O)         0.091     8.422 r  cnn_accelerator_system_i/util_ds_buf_0/U0/USE_BUFG.GEN_BUFG[0].BUFG_U/O
                         net (fo=2, routed)           1.683    10.105    cnn_accelerator_system_i/clk_wiz_0/inst/clk_in1
    MMCME2_ADV_X0Y0                                                   r  cnn_accelerator_system_i/clk_wiz_0/inst/mmcm_adv_inst/CLKIN1
    MMCME2_ADV_X0Y0      MMCME2_ADV (Prop_mmcme2_adv_CLKIN1_CLKOUT2)
                                                     -3.694     6.411 r  cnn_accelerator_system_i/clk_wiz_0/inst/mmcm_adv_inst/CLKOUT2
                         net (fo=1, routed)           1.923     8.334    cnn_accelerator_system_i/clk_wiz_0/inst/clk_out3_cnn_accelerator_system_clk_wiz_0_0
    BUFGCTRL_X0Y2                                                     r  cnn_accelerator_system_i/clk_wiz_0/inst/clkout3_buf/I
    BUFGCTRL_X0Y2        BUFG (Prop_bufg_I_O)         0.091     8.425 r  cnn_accelerator_system_i/clk_wiz_0/inst/clkout3_buf/O
                         net (fo=53115, routed)       1.489     9.914    cnn_accelerator_system_i/cnn_accelerator_wino_0/inst/conv2/clk
    SLICE_X65Y131        FDRE                                         r  cnn_accelerator_system_i/cnn_accelerator_wino_0/inst/conv2/m_im_flat_reg[874]/C
                         clock pessimism              0.257    10.171    
                         clock uncertainty           -0.067    10.105    
    SLICE_X65Y131        FDRE (Setup_fdre_C_D)        0.062    10.167    cnn_accelerator_system_i/cnn_accelerator_wino_0/inst/conv2/m_im_flat_reg[874]
  -------------------------------------------------------------------
                         required time                         10.167    
                         arrival time                         -10.260    
  -------------------------------------------------------------------
                         slack                                 -0.094    

Slack (VIOLATED) :        -0.089ns  (required time - arrival time)
  Source:                 cnn_accelerator_system_i/cnn_accelerator_wino_0/inst/conv2/gpim_q_reg[25][4]/C
                            (rising edge-triggered cell FDRE clocked by clk_out3_cnn_accelerator_system_clk_wiz_0_0  {rise@0.000ns fall@2.500ns period=5.000ns})
  Destination:            cnn_accelerator_system_i/cnn_accelerator_wino_0/inst/conv2/m_im_flat_reg[871]/D
                            (rising edge-triggered cell FDRE clocked by clk_out3_cnn_accelerator_system_clk_wiz_0_0  {rise@0.000ns fall@2.500ns period=5.000ns})
  Path Group:             clk_out3_cnn_accelerator_system_clk_wiz_0_0
  Path Type:              Setup (Max at Slow Process Corner)
  Requirement:            5.000ns  (clk_out3_cnn_accelerator_system_clk_wiz_0_0 rise@5.000ns - clk_out3_cnn_accelerator_system_clk_wiz_0_0 rise@0.000ns)
  Data Path Delay:        4.937ns  (logic 2.848ns (57.689%)  route 2.089ns (42.311%))
  Logic Levels:           8  (CARRY4=6 LUT1=1 LUT2=1)
  Clock Path Skew:        -0.148ns (DCD - SCD + CPR)
    Destination Clock Delay (DCD):    4.913ns = ( 9.913 - 5.000 ) 
    Source Clock Delay      (SCD):    5.318ns
    Clock Pessimism Removal (CPR):    0.257ns
  Clock Uncertainty:      0.067ns  ((TSJ^2 + DJ^2)^1/2) / 2 + PE
    Total System Jitter     (TSJ):    0.071ns
    Discrete Jitter          (DJ):    0.113ns
    Phase Error              (PE):    0.000ns

    Location             Delay type                Incr(ns)  Path(ns)    Netlist Resource(s)
  -------------------------------------------------------------------    -------------------
                         (clock clk_out3_cnn_accelerator_system_clk_wiz_0_0 rise edge)
                                                      0.000     0.000 r  
    E3                                                0.000     0.000 r  CLK100MHZ (IN)
                         net (fo=0)                   0.000     0.000    CLK100MHZ
    E3                                                                r  CLK100MHZ_IBUF_inst/I
    E3                   IBUF (Prop_ibuf_I_O)         1.482     1.482 r  CLK100MHZ_IBUF_inst/O
                         net (fo=1, routed)           2.025     3.506    cnn_accelerator_system_i/util_ds_buf_0/U0/BUFG_I[0]
    BUFGCTRL_X0Y16                                                    r  cnn_accelerator_system_i/util_ds_buf_0/U0/USE_BUFG.GEN_BUFG[0].BUFG_U/I
    BUFGCTRL_X0Y16       BUFG (Prop_bufg_I_O)         0.096     3.602 r  cnn_accelerator_system_i/util_ds_buf_0/U0/USE_BUFG.GEN_BUFG[0].BUFG_U/O
                         net (fo=2, routed)           1.809     5.412    cnn_accelerator_system_i/clk_wiz_0/inst/clk_in1
    MMCME2_ADV_X0Y0                                                   r  cnn_accelerator_system_i/clk_wiz_0/inst/mmcm_adv_inst/CLKIN1
    MMCME2_ADV_X0Y0      MMCME2_ADV (Prop_mmcme2_adv_CLKIN1_CLKOUT2)
                                                     -3.922     1.490 r  cnn_accelerator_system_i/clk_wiz_0/inst/mmcm_adv_inst/CLKOUT2
                         net (fo=1, routed)           2.018     3.508    cnn_accelerator_system_i/clk_wiz_0/inst/clk_out3_cnn_accelerator_system_clk_wiz_0_0
    BUFGCTRL_X0Y2                                                     r  cnn_accelerator_system_i/clk_wiz_0/inst/clkout3_buf/I
    BUFGCTRL_X0Y2        BUFG (Prop_bufg_I_O)         0.096     3.604 r  cnn_accelerator_system_i/clk_wiz_0/inst/clkout3_buf/O
                         net (fo=53115, routed)       1.714     5.318    cnn_accelerator_system_i/cnn_accelerator_wino_0/inst/conv2/clk
    SLICE_X83Y110        FDRE                                         r  cnn_accelerator_system_i/cnn_accelerator_wino_0/inst/conv2/gpim_q_reg[25][4]/C
  -------------------------------------------------------------------    -------------------
    SLICE_X83Y110        FDRE (Prop_fdre_C_Q)         0.419     5.737 r  cnn_accelerator_system_i/cnn_accelerator_wino_0/inst/conv2/gpim_q_reg[25][4]/Q
                         net (fo=2, routed)           1.494     7.231    cnn_accelerator_system_i/cnn_accelerator_wino_0/inst/conv2/gpim_q_reg[25]_557[4]
    SLICE_X64Y126                                                     r  cnn_accelerator_system_i/cnn_accelerator_wino_0/inst/conv2/m_im_flat[832]_i_5/I1
    SLICE_X64Y126        LUT2 (Prop_lut2_I1_O)        0.299     7.530 r  cnn_accelerator_system_i/cnn_accelerator_wino_0/inst/conv2/m_im_flat[832]_i_5/O
                         net (fo=1, routed)           0.000     7.530    cnn_accelerator_system_i/cnn_accelerator_wino_0/inst/conv2/m_im_flat[832]_i_5_n_0
    SLICE_X64Y126                                                     r  cnn_accelerator_system_i/cnn_accelerator_wino_0/inst/conv2/m_im_flat_reg[832]_i_1/S[0]
    SLICE_X64Y126        CARRY4 (Prop_carry4_S[0]_CO[3])
                                                      0.532     8.062 r  cnn_accelerator_system_i/cnn_accelerator_wino_0/inst/conv2/m_im_flat_reg[832]_i_1/CO[3]
                         net (fo=1, routed)           0.000     8.062    cnn_accelerator_system_i/cnn_accelerator_wino_0/inst/conv2/m_im_flat_reg[832]_i_1_n_0
    SLICE_X64Y127                                                     r  cnn_accelerator_system_i/cnn_accelerator_wino_0/inst/conv2/m_im_flat_reg[836]_i_1/CI
    SLICE_X64Y127        CARRY4 (Prop_carry4_CI_O[3])
                                                      0.329     8.391 f  cnn_accelerator_system_i/cnn_accelerator_wino_0/inst/conv2/m_im_flat_reg[836]_i_1/O[3]
                         net (fo=2, routed)           0.595     8.986    cnn_accelerator_system_i/cnn_accelerator_wino_0/inst/conv2/u_asm/m_im_flat_reg[874][226]
    SLICE_X65Y127                                                     f  cnn_accelerator_system_i/cnn_accelerator_wino_0/inst/conv2/u_asm/m_im_flat[861]_i_2/I0
    SLICE_X65Y127        LUT1 (Prop_lut1_I0_O)        0.306     9.292 r  cnn_accelerator_system_i/cnn_accelerator_wino_0/inst/conv2/u_asm/m_im_flat[861]_i_2/O
                         net (fo=1, routed)           0.000     9.292    cnn_accelerator_system_i/cnn_accelerator_wino_0/inst_n_4342
    SLICE_X65Y127                                                     r  cnn_accelerator_system_i/cnn_accelerator_wino_0/u_asm/m_im_flat_reg[861]_i_1/S[3]
    SLICE_X65Y127        CARRY4 (Prop_carry4_S[3]_CO[3])
                                                      0.401     9.693 r  cnn_accelerator_system_i/cnn_accelerator_wino_0/u_asm/m_im_flat_reg[861]_i_1/CO[3]
                         net (fo=1, routed)           0.000     9.693    cnn_accelerator_system_i/cnn_accelerator_wino_0/u_asm/m_im_flat_reg[861]_i_1_n_0
    SLICE_X65Y128                                                     r  cnn_accelerator_system_i/cnn_accelerator_wino_0/u_asm/m_im_flat_reg[865]_i_1/CI
    SLICE_X65Y128        CARRY4 (Prop_carry4_CI_CO[3])
                                                      0.114     9.807 r  cnn_accelerator_system_i/cnn_accelerator_wino_0/u_asm/m_im_flat_reg[865]_i_1/CO[3]
                         net (fo=1, routed)           0.000     9.807    cnn_accelerator_system_i/cnn_accelerator_wino_0/u_asm/m_im_flat_reg[865]_i_1_n_0
    SLICE_X65Y129                                                     r  cnn_accelerator_system_i/cnn_accelerator_wino_0/u_asm/m_im_flat_reg[869]_i_1/CI
    SLICE_X65Y129        CARRY4 (Prop_carry4_CI_CO[3])
                                                      0.114     9.921 r  cnn_accelerator_system_i/cnn_accelerator_wino_0/u_asm/m_im_flat_reg[869]_i_1/CO[3]
                         net (fo=1, routed)           0.000     9.921    cnn_accelerator_system_i/cnn_accelerator_wino_0/u_asm/m_im_flat_reg[869]_i_1_n_0
    SLICE_X65Y130                                                     r  cnn_accelerator_system_i/cnn_accelerator_wino_0/u_asm/m_im_flat_reg[873]_i_1/CI
    SLICE_X65Y130        CARRY4 (Prop_carry4_CI_O[1])
                                                      0.334    10.255 r  cnn_accelerator_system_i/cnn_accelerator_wino_0/u_asm/m_im_flat_reg[873]_i_1/O[1]
                         net (fo=1, routed)           0.000    10.255    cnn_accelerator_system_i/cnn_accelerator_wino_0/inst/conv2/m_im_flat_reg[873]_0[237]
    SLICE_X65Y130        FDRE                                         r  cnn_accelerator_system_i/cnn_accelerator_wino_0/inst/conv2/m_im_flat_reg[871]/D
  -------------------------------------------------------------------    -------------------

                         (clock clk_out3_cnn_accelerator_system_clk_wiz_0_0 rise edge)
                                                      5.000     5.000 r  
    E3                                                0.000     5.000 r  CLK100MHZ (IN)
                         net (fo=0)                   0.000     5.000    CLK100MHZ
    E3                                                                r  CLK100MHZ_IBUF_inst/I
    E3                   IBUF (Prop_ibuf_I_O)         1.411     6.411 r  CLK100MHZ_IBUF_inst/O
                         net (fo=1, routed)           1.920     8.331    cnn_accelerator_system_i/util_ds_buf_0/U0/BUFG_I[0]
    BUFGCTRL_X0Y16                                                    r  cnn_accelerator_system_i/util_ds_buf_0/U0/USE_BUFG.GEN_BUFG[0].BUFG_U/I
    BUFGCTRL_X0Y16       BUFG (Prop_bufg_I_O)         0.091     8.422 r  cnn_accelerator_system_i/util_ds_buf_0/U0/USE_BUFG.GEN_BUFG[0].BUFG_U/O
                         net (fo=2, routed)           1.683    10.105    cnn_accelerator_system_i/clk_wiz_0/inst/clk_in1
    MMCME2_ADV_X0Y0                                                   r  cnn_accelerator_system_i/clk_wiz_0/inst/mmcm_adv_inst/CLKIN1
    MMCME2_ADV_X0Y0      MMCME2_ADV (Prop_mmcme2_adv_CLKIN1_CLKOUT2)
                                                     -3.694     6.411 r  cnn_accelerator_system_i/clk_wiz_0/inst/mmcm_adv_inst/CLKOUT2
                         net (fo=1, routed)           1.923     8.334    cnn_accelerator_system_i/clk_wiz_0/inst/clk_out3_cnn_accelerator_system_clk_wiz_0_0
    BUFGCTRL_X0Y2                                                     r  cnn_accelerator_system_i/clk_wiz_0/inst/clkout3_buf/I
    BUFGCTRL_X0Y2        BUFG (Prop_bufg_I_O)         0.091     8.425 r  cnn_accelerator_system_i/clk_wiz_0/inst/clkout3_buf/O
                         net (fo=53115, routed)       1.488     9.913    cnn_accelerator_system_i/cnn_accelerator_wino_0/inst/conv2/clk
    SLICE_X65Y130        FDRE                                         r  cnn_accelerator_system_i/cnn_accelerator_wino_0/inst/conv2/m_im_flat_reg[871]/C
                         clock pessimism              0.257    10.170    
                         clock uncertainty           -0.067    10.104    
    SLICE_X65Y130        FDRE (Setup_fdre_C_D)        0.062    10.166    cnn_accelerator_system_i/cnn_accelerator_wino_0/inst/conv2/m_im_flat_reg[871]
  -------------------------------------------------------------------
                         required time                         10.166    
                         arrival time                         -10.255    
  -------------------------------------------------------------------
                         slack                                 -0.089    

Slack (VIOLATED) :        -0.088ns  (required time - arrival time)
  Source:                 cnn_accelerator_system_i/cnn_accelerator_wino_0/inst/conv2/grp_q_reg_rep__75/C
                            (rising edge-triggered cell FDRE clocked by clk_out3_cnn_accelerator_system_clk_wiz_0_0  {rise@0.000ns fall@2.500ns period=5.000ns})
  Destination:            cnn_accelerator_system_i/cnn_accelerator_wino_0/inst/conv2/gic[1].u_it/tre_reg[1][5][10]/D
                            (rising edge-triggered cell FDRE clocked by clk_out3_cnn_accelerator_system_clk_wiz_0_0  {rise@0.000ns fall@2.500ns period=5.000ns})
  Path Group:             clk_out3_cnn_accelerator_system_clk_wiz_0_0
  Path Type:              Setup (Max at Slow Process Corner)
  Requirement:            5.000ns  (clk_out3_cnn_accelerator_system_clk_wiz_0_0 rise@5.000ns - clk_out3_cnn_accelerator_system_clk_wiz_0_0 rise@0.000ns)
  Data Path Delay:        5.098ns  (logic 1.617ns (31.718%)  route 3.481ns (68.282%))
  Logic Levels:           5  (CARRY4=2 LUT2=1 LUT3=1 LUT6=1)
  Clock Path Skew:        -0.032ns (DCD - SCD + CPR)
    Destination Clock Delay (DCD):    4.935ns = ( 9.935 - 5.000 ) 
    Source Clock Delay      (SCD):    5.226ns
    Clock Pessimism Removal (CPR):    0.259ns
  Clock Uncertainty:      0.067ns  ((TSJ^2 + DJ^2)^1/2) / 2 + PE
    Total System Jitter     (TSJ):    0.071ns
    Discrete Jitter          (DJ):    0.113ns
    Phase Error              (PE):    0.000ns

    Location             Delay type                Incr(ns)  Path(ns)    Netlist Resource(s)
  -------------------------------------------------------------------    -------------------
                         (clock clk_out3_cnn_accelerator_system_clk_wiz_0_0 rise edge)
                                                      0.000     0.000 r  
    E3                                                0.000     0.000 r  CLK100MHZ (IN)
                         net (fo=0)                   0.000     0.000    CLK100MHZ
    E3                                                                r  CLK100MHZ_IBUF_inst/I
    E3                   IBUF (Prop_ibuf_I_O)         1.482     1.482 r  CLK100MHZ_IBUF_inst/O
                         net (fo=1, routed)           2.025     3.506    cnn_accelerator_system_i/util_ds_buf_0/U0/BUFG_I[0]
    BUFGCTRL_X0Y16                                                    r  cnn_accelerator_system_i/util_ds_buf_0/U0/USE_BUFG.GEN_BUFG[0].BUFG_U/I
    BUFGCTRL_X0Y16       BUFG (Prop_bufg_I_O)         0.096     3.602 r  cnn_accelerator_system_i/util_ds_buf_0/U0/USE_BUFG.GEN_BUFG[0].BUFG_U/O
                         net (fo=2, routed)           1.809     5.412    cnn_accelerator_system_i/clk_wiz_0/inst/clk_in1
    MMCME2_ADV_X0Y0                                                   r  cnn_accelerator_system_i/clk_wiz_0/inst/mmcm_adv_inst/CLKIN1
    MMCME2_ADV_X0Y0      MMCME2_ADV (Prop_mmcme2_adv_CLKIN1_CLKOUT2)
                                                     -3.922     1.490 r  cnn_accelerator_system_i/clk_wiz_0/inst/mmcm_adv_inst/CLKOUT2
                         net (fo=1, routed)           2.018     3.508    cnn_accelerator_system_i/clk_wiz_0/inst/clk_out3_cnn_accelerator_system_clk_wiz_0_0
    BUFGCTRL_X0Y2                                                     r  cnn_accelerator_system_i/clk_wiz_0/inst/clkout3_buf/I
    BUFGCTRL_X0Y2        BUFG (Prop_bufg_I_O)         0.096     3.604 r  cnn_accelerator_system_i/clk_wiz_0/inst/clkout3_buf/O
                         net (fo=53115, routed)       1.621     5.226    cnn_accelerator_system_i/cnn_accelerator_wino_0/inst/conv2/clk
    SLICE_X30Y76         FDRE                                         r  cnn_accelerator_system_i/cnn_accelerator_wino_0/inst/conv2/grp_q_reg_rep__75/C
  -------------------------------------------------------------------    -------------------
    SLICE_X30Y76         FDRE (Prop_fdre_C_Q)         0.518     5.744 r  cnn_accelerator_system_i/cnn_accelerator_wino_0/inst/conv2/grp_q_reg_rep__75/Q
                         net (fo=8, routed)           1.032     6.776    cnn_accelerator_system_i/cnn_accelerator_wino_0/inst/conv2/gic[1].u_it/i___212_0
    SLICE_X28Y72                                                      r  cnn_accelerator_system_i/cnn_accelerator_wino_0/inst/conv2/gic[1].u_it/i___38_i_3__0/I1
    SLICE_X28Y72         LUT3 (Prop_lut3_I1_O)        0.124     6.900 r  cnn_accelerator_system_i/cnn_accelerator_wino_0/inst/conv2/gic[1].u_it/i___38_i_3__0/O
                         net (fo=7, routed)           0.933     7.833    cnn_accelerator_system_i/cnn_accelerator_wino_0/inst/conv2/gic[1].u_it/gic[1].d_flat_ic[141]
    SLICE_X29Y88                                                      r  cnn_accelerator_system_i/cnn_accelerator_wino_0/inst/conv2/gic[1].u_it/i___38_rewire/I1
    SLICE_X29Y88         LUT2 (Prop_lut2_I1_O)        0.124     7.957 r  cnn_accelerator_system_i/cnn_accelerator_wino_0/inst/conv2/gic[1].u_it/i___38_rewire/O
                         net (fo=2, routed)           0.416     8.372    cnn_accelerator_system_i/cnn_accelerator_wino_0/inst/conv2/gic[1].u_it/i___38_n_0
    SLICE_X29Y87                                                      r  cnn_accelerator_system_i/cnn_accelerator_wino_0/inst/conv2/gic[1].u_it/tre[1][5][7]_i_3__0_rewire/I5
    SLICE_X29Y87         LUT6 (Prop_lut6_I5_O)        0.124     8.496 r  cnn_accelerator_system_i/cnn_accelerator_wino_0/inst/conv2/gic[1].u_it/tre[1][5][7]_i_3__0_rewire/O
                         net (fo=2, routed)           1.100     9.597    cnn_accelerator_system_i/cnn_accelerator_wino_0/inst/conv2/gic[1].u_it/tre[1][5][7]_i_3__0_n_0
    SLICE_X14Y77                                                      r  cnn_accelerator_system_i/cnn_accelerator_wino_0/inst/conv2/gic[1].u_it/tre_reg[1][5][7]_i_1__0/DI[2]
    SLICE_X14Y77         CARRY4 (Prop_carry4_DI[2]_CO[3])
                                                      0.404    10.001 r  cnn_accelerator_system_i/cnn_accelerator_wino_0/inst/conv2/gic[1].u_it/tre_reg[1][5][7]_i_1__0/CO[3]
                         net (fo=1, routed)           0.000    10.001    cnn_accelerator_system_i/cnn_accelerator_wino_0/inst/conv2/gic[1].u_it/tre_reg[1][5][7]_i_1__0_n_0
    SLICE_X14Y78                                                      r  cnn_accelerator_system_i/cnn_accelerator_wino_0/inst/conv2/gic[1].u_it/tre_reg[1][5][10]_i_1__0/CI
    SLICE_X14Y78         CARRY4 (Prop_carry4_CI_O[1])
                                                      0.323    10.324 r  cnn_accelerator_system_i/cnn_accelerator_wino_0/inst/conv2/gic[1].u_it/tre_reg[1][5][10]_i_1__0/O[1]
                         net (fo=1, routed)           0.000    10.324    cnn_accelerator_system_i/cnn_accelerator_wino_0/inst/conv2/gic[1].u_it/tre_c[1][5]_1064[10]
    SLICE_X14Y78         FDRE                                         r  cnn_accelerator_system_i/cnn_accelerator_wino_0/inst/conv2/gic[1].u_it/tre_reg[1][5][10]/D
  -------------------------------------------------------------------    -------------------

                         (clock clk_out3_cnn_accelerator_system_clk_wiz_0_0 rise edge)
                                                      5.000     5.000 r  
    E3                                                0.000     5.000 r  CLK100MHZ (IN)
                         net (fo=0)                   0.000     5.000    CLK100MHZ
    E3                                                                r  CLK100MHZ_IBUF_inst/I
    E3                   IBUF (Prop_ibuf_I_O)         1.411     6.411 r  CLK100MHZ_IBUF_inst/O
                         net (fo=1, routed)           1.920     8.331    cnn_accelerator_system_i/util_ds_buf_0/U0/BUFG_I[0]
    BUFGCTRL_X0Y16                                                    r  cnn_accelerator_system_i/util_ds_buf_0/U0/USE_BUFG.GEN_BUFG[0].BUFG_U/I
    BUFGCTRL_X0Y16       BUFG (Prop_bufg_I_O)         0.091     8.422 r  cnn_accelerator_system_i/util_ds_buf_0/U0/USE_BUFG.GEN_BUFG[0].BUFG_U/O
                         net (fo=2, routed)           1.683    10.105    cnn_accelerator_system_i/clk_wiz_0/inst/clk_in1
    MMCME2_ADV_X0Y0                                                   r  cnn_accelerator_system_i/clk_wiz_0/inst/mmcm_adv_inst/CLKIN1
    MMCME2_ADV_X0Y0      MMCME2_ADV (Prop_mmcme2_adv_CLKIN1_CLKOUT2)
                                                     -3.694     6.411 r  cnn_accelerator_system_i/clk_wiz_0/inst/mmcm_adv_inst/CLKOUT2
                         net (fo=1, routed)           1.923     8.334    cnn_accelerator_system_i/clk_wiz_0/inst/clk_out3_cnn_accelerator_system_clk_wiz_0_0
    BUFGCTRL_X0Y2                                                     r  cnn_accelerator_system_i/clk_wiz_0/inst/clkout3_buf/I
    BUFGCTRL_X0Y2        BUFG (Prop_bufg_I_O)         0.091     8.425 r  cnn_accelerator_system_i/clk_wiz_0/inst/clkout3_buf/O
                         net (fo=53115, routed)       1.509     9.935    cnn_accelerator_system_i/cnn_accelerator_wino_0/inst/conv2/gic[1].u_it/clk
    SLICE_X14Y78         FDRE                                         r  cnn_accelerator_system_i/cnn_accelerator_wino_0/inst/conv2/gic[1].u_it/tre_reg[1][5][10]/C
                         clock pessimism              0.259    10.194    
                         clock uncertainty           -0.067    10.127    
    SLICE_X14Y78         FDRE (Setup_fdre_C_D)        0.109    10.236    cnn_accelerator_system_i/cnn_accelerator_wino_0/inst/conv2/gic[1].u_it/tre_reg[1][5][10]
  -------------------------------------------------------------------
                         required time                         10.236    
                         arrival time                         -10.324    
  -------------------------------------------------------------------
                         slack                                 -0.088    

Slack (VIOLATED) :        -0.068ns  (required time - arrival time)
  Source:                 cnn_accelerator_system_i/cnn_accelerator_wino_0/inst/conv2/gpim_q_reg[25][4]/C
                            (rising edge-triggered cell FDRE clocked by clk_out3_cnn_accelerator_system_clk_wiz_0_0  {rise@0.000ns fall@2.500ns period=5.000ns})
  Destination:            cnn_accelerator_system_i/cnn_accelerator_wino_0/inst/conv2/m_im_flat_reg[873]/D
                            (rising edge-triggered cell FDRE clocked by clk_out3_cnn_accelerator_system_clk_wiz_0_0  {rise@0.000ns fall@2.500ns period=5.000ns})
  Path Group:             clk_out3_cnn_accelerator_system_clk_wiz_0_0
  Path Type:              Setup (Max at Slow Process Corner)
  Requirement:            5.000ns  (clk_out3_cnn_accelerator_system_clk_wiz_0_0 rise@5.000ns - clk_out3_cnn_accelerator_system_clk_wiz_0_0 rise@0.000ns)
  Data Path Delay:        4.916ns  (logic 2.827ns (57.509%)  route 2.089ns (42.491%))
  Logic Levels:           8  (CARRY4=6 LUT1=1 LUT2=1)
  Clock Path Skew:        -0.148ns (DCD - SCD + CPR)
    Destination Clock Delay (DCD):    4.913ns = ( 9.913 - 5.000 ) 
    Source Clock Delay      (SCD):    5.318ns
    Clock Pessimism Removal (CPR):    0.257ns
  Clock Uncertainty:      0.067ns  ((TSJ^2 + DJ^2)^1/2) / 2 + PE
    Total System Jitter     (TSJ):    0.071ns
    Discrete Jitter          (DJ):    0.113ns
    Phase Error              (PE):    0.000ns

    Location             Delay type                Incr(ns)  Path(ns)    Netlist Resource(s)
  -------------------------------------------------------------------    -------------------
                         (clock clk_out3_cnn_accelerator_system_clk_wiz_0_0 rise edge)
                                                      0.000     0.000 r  
    E3                                                0.000     0.000 r  CLK100MHZ (IN)
                         net (fo=0)                   0.000     0.000    CLK100MHZ
    E3                                                                r  CLK100MHZ_IBUF_inst/I
    E3                   IBUF (Prop_ibuf_I_O)         1.482     1.482 r  CLK100MHZ_IBUF_inst/O
                         net (fo=1, routed)           2.025     3.506    cnn_accelerator_system_i/util_ds_buf_0/U0/BUFG_I[0]
    BUFGCTRL_X0Y16                                                    r  cnn_accelerator_system_i/util_ds_buf_0/U0/USE_BUFG.GEN_BUFG[0].BUFG_U/I
    BUFGCTRL_X0Y16       BUFG (Prop_bufg_I_O)         0.096     3.602 r  cnn_accelerator_system_i/util_ds_buf_0/U0/USE_BUFG.GEN_BUFG[0].BUFG_U/O
                         net (fo=2, routed)           1.809     5.412    cnn_accelerator_system_i/clk_wiz_0/inst/clk_in1
    MMCME2_ADV_X0Y0                                                   r  cnn_accelerator_system_i/clk_wiz_0/inst/mmcm_adv_inst/CLKIN1
    MMCME2_ADV_X0Y0      MMCME2_ADV (Prop_mmcme2_adv_CLKIN1_CLKOUT2)
                                                     -3.922     1.490 r  cnn_accelerator_system_i/clk_wiz_0/inst/mmcm_adv_inst/CLKOUT2
                         net (fo=1, routed)           2.018     3.508    cnn_accelerator_system_i/clk_wiz_0/inst/clk_out3_cnn_accelerator_system_clk_wiz_0_0
    BUFGCTRL_X0Y2                                                     r  cnn_accelerator_system_i/clk_wiz_0/inst/clkout3_buf/I
    BUFGCTRL_X0Y2        BUFG (Prop_bufg_I_O)         0.096     3.604 r  cnn_accelerator_system_i/clk_wiz_0/inst/clkout3_buf/O
                         net (fo=53115, routed)       1.714     5.318    cnn_accelerator_system_i/cnn_accelerator_wino_0/inst/conv2/clk
    SLICE_X83Y110        FDRE                                         r  cnn_accelerator_system_i/cnn_accelerator_wino_0/inst/conv2/gpim_q_reg[25][4]/C
  -------------------------------------------------------------------    -------------------
    SLICE_X83Y110        FDRE (Prop_fdre_C_Q)         0.419     5.737 r  cnn_accelerator_system_i/cnn_accelerator_wino_0/inst/conv2/gpim_q_reg[25][4]/Q
                         net (fo=2, routed)           1.494     7.231    cnn_accelerator_system_i/cnn_accelerator_wino_0/inst/conv2/gpim_q_reg[25]_557[4]
    SLICE_X64Y126                                                     r  cnn_accelerator_system_i/cnn_accelerator_wino_0/inst/conv2/m_im_flat[832]_i_5/I1
    SLICE_X64Y126        LUT2 (Prop_lut2_I1_O)        0.299     7.530 r  cnn_accelerator_system_i/cnn_accelerator_wino_0/inst/conv2/m_im_flat[832]_i_5/O
                         net (fo=1, routed)           0.000     7.530    cnn_accelerator_system_i/cnn_accelerator_wino_0/inst/conv2/m_im_flat[832]_i_5_n_0
    SLICE_X64Y126                                                     r  cnn_accelerator_system_i/cnn_accelerator_wino_0/inst/conv2/m_im_flat_reg[832]_i_1/S[0]
    SLICE_X64Y126        CARRY4 (Prop_carry4_S[0]_CO[3])
                                                      0.532     8.062 r  cnn_accelerator_system_i/cnn_accelerator_wino_0/inst/conv2/m_im_flat_reg[832]_i_1/CO[3]
                         net (fo=1, routed)           0.000     8.062    cnn_accelerator_system_i/cnn_accelerator_wino_0/inst/conv2/m_im_flat_reg[832]_i_1_n_0
    SLICE_X64Y127                                                     r  cnn_accelerator_system_i/cnn_accelerator_wino_0/inst/conv2/m_im_flat_reg[836]_i_1/CI
    SLICE_X64Y127        CARRY4 (Prop_carry4_CI_O[3])
                                                      0.329     8.391 f  cnn_accelerator_system_i/cnn_accelerator_wino_0/inst/conv2/m_im_flat_reg[836]_i_1/O[3]
                         net (fo=2, routed)           0.595     8.986    cnn_accelerator_system_i/cnn_accelerator_wino_0/inst/conv2/u_asm/m_im_flat_reg[874][226]
    SLICE_X65Y127                                                     f  cnn_accelerator_system_i/cnn_accelerator_wino_0/inst/conv2/u_asm/m_im_flat[861]_i_2/I0
    SLICE_X65Y127        LUT1 (Prop_lut1_I0_O)        0.306     9.292 r  cnn_accelerator_system_i/cnn_accelerator_wino_0/inst/conv2/u_asm/m_im_flat[861]_i_2/O
                         net (fo=1, routed)           0.000     9.292    cnn_accelerator_system_i/cnn_accelerator_wino_0/inst_n_4342
    SLICE_X65Y127                                                     r  cnn_accelerator_system_i/cnn_accelerator_wino_0/u_asm/m_im_flat_reg[861]_i_1/S[3]
    SLICE_X65Y127        CARRY4 (Prop_carry4_S[3]_CO[3])
                                                      0.401     9.693 r  cnn_accelerator_system_i/cnn_accelerator_wino_0/u_asm/m_im_flat_reg[861]_i_1/CO[3]
                         net (fo=1, routed)           0.000     9.693    cnn_accelerator_system_i/cnn_accelerator_wino_0/u_asm/m_im_flat_reg[861]_i_1_n_0
    SLICE_X65Y128                                                     r  cnn_accelerator_system_i/cnn_accelerator_wino_0/u_asm/m_im_flat_reg[865]_i_1/CI
    SLICE_X65Y128        CARRY4 (Prop_carry4_CI_CO[3])
                                                      0.114     9.807 r  cnn_accelerator_system_i/cnn_accelerator_wino_0/u_asm/m_im_flat_reg[865]_i_1/CO[3]
                         net (fo=1, routed)           0.000     9.807    cnn_accelerator_system_i/cnn_accelerator_wino_0/u_asm/m_im_flat_reg[865]_i_1_n_0
    SLICE_X65Y129                                                     r  cnn_accelerator_system_i/cnn_accelerator_wino_0/u_asm/m_im_flat_reg[869]_i_1/CI
    SLICE_X65Y129        CARRY4 (Prop_carry4_CI_CO[3])
                                                      0.114     9.921 r  cnn_accelerator_system_i/cnn_accelerator_wino_0/u_asm/m_im_flat_reg[869]_i_1/CO[3]
                         net (fo=1, routed)           0.000     9.921    cnn_accelerator_system_i/cnn_accelerator_wino_0/u_asm/m_im_flat_reg[869]_i_1_n_0
    SLICE_X65Y130                                                     r  cnn_accelerator_system_i/cnn_accelerator_wino_0/u_asm/m_im_flat_reg[873]_i_1/CI
    SLICE_X65Y130        CARRY4 (Prop_carry4_CI_O[3])
                                                      0.313    10.234 r  cnn_accelerator_system_i/cnn_accelerator_wino_0/u_asm/m_im_flat_reg[873]_i_1/O[3]
                         net (fo=1, routed)           0.000    10.234    cnn_accelerator_system_i/cnn_accelerator_wino_0/inst/conv2/m_im_flat_reg[873]_0[239]
    SLICE_X65Y130        FDRE                                         r  cnn_accelerator_system_i/cnn_accelerator_wino_0/inst/conv2/m_im_flat_reg[873]/D
  -------------------------------------------------------------------    -------------------

                         (clock clk_out3_cnn_accelerator_system_clk_wiz_0_0 rise edge)
                                                      5.000     5.000 r  
    E3                                                0.000     5.000 r  CLK100MHZ (IN)
                         net (fo=0)                   0.000     5.000    CLK100MHZ
    E3                                                                r  CLK100MHZ_IBUF_inst/I
    E3                   IBUF (Prop_ibuf_I_O)         1.411     6.411 r  CLK100MHZ_IBUF_inst/O
                         net (fo=1, routed)           1.920     8.331    cnn_accelerator_system_i/util_ds_buf_0/U0/BUFG_I[0]
    BUFGCTRL_X0Y16                                                    r  cnn_accelerator_system_i/util_ds_buf_0/U0/USE_BUFG.GEN_BUFG[0].BUFG_U/I
    BUFGCTRL_X0Y16       BUFG (Prop_bufg_I_O)         0.091     8.422 r  cnn_accelerator_system_i/util_ds_buf_0/U0/USE_BUFG.GEN_BUFG[0].BUFG_U/O
                         net (fo=2, routed)           1.683    10.105    cnn_accelerator_system_i/clk_wiz_0/inst/clk_in1
    MMCME2_ADV_X0Y0                                                   r  cnn_accelerator_system_i/clk_wiz_0/inst/mmcm_adv_inst/CLKIN1
    MMCME2_ADV_X0Y0      MMCME2_ADV (Prop_mmcme2_adv_CLKIN1_CLKOUT2)
                                                     -3.694     6.411 r  cnn_accelerator_system_i/clk_wiz_0/inst/mmcm_adv_inst/CLKOUT2
                         net (fo=1, routed)           1.923     8.334    cnn_accelerator_system_i/clk_wiz_0/inst/clk_out3_cnn_accelerator_system_clk_wiz_0_0
    BUFGCTRL_X0Y2                                                     r  cnn_accelerator_system_i/clk_wiz_0/inst/clkout3_buf/I
    BUFGCTRL_X0Y2        BUFG (Prop_bufg_I_O)         0.091     8.425 r  cnn_accelerator_system_i/clk_wiz_0/inst/clkout3_buf/O
                         net (fo=53115, routed)       1.488     9.913    cnn_accelerator_system_i/cnn_accelerator_wino_0/inst/conv2/clk
    SLICE_X65Y130        FDRE                                         r  cnn_accelerator_system_i/cnn_accelerator_wino_0/inst/conv2/m_im_flat_reg[873]/C
                         clock pessimism              0.257    10.170    
                         clock uncertainty           -0.067    10.104    
    SLICE_X65Y130        FDRE (Setup_fdre_C_D)        0.062    10.166    cnn_accelerator_system_i/cnn_accelerator_wino_0/inst/conv2/m_im_flat_reg[873]
  -------------------------------------------------------------------
                         required time                         10.166    
                         arrival time                         -10.234    
  -------------------------------------------------------------------
                         slack                                 -0.068    

Slack (VIOLATED) :        -0.048ns  (required time - arrival time)
  Source:                 cnn_accelerator_system_i/ram_interconnect/m01_couplers/auto_ds/inst/gen_downsizer.gen_simple_downsizer.axi_downsizer_inst/USE_WRITE.write_addr_inst/cmd_queue/inst/fifo_gen_inst/inst_fifo_gen/gconvfifo.rf/grf.rf/gntv_or_sync_fifo.mem/goreg_dm.dout_i_reg[4]/C
                            (rising edge-triggered cell FDRE clocked by clk_out1_cnn_accelerator_system_clk_wiz_0_0  {rise@0.000ns fall@5.000ns period=10.000ns})
  Destination:            cnn_accelerator_system_i/ram_interconnect/s02_couplers/auto_us/inst/gen_upsizer.gen_full_upsizer.axi_upsizer_inst/USE_WRITE.gen_non_fifo_w_upsizer.write_data_inst/WORD_LANE[3].USE_ALWAYS_PACKER.BYTE_LANE[0].USE_RTL_DATA.USE_REGISTER.M_AXI_WDATA_I_reg[100]/CE
                            (rising edge-triggered cell FDRE clocked by clk_out1_cnn_accelerator_system_clk_wiz_0_0  {rise@0.000ns fall@5.000ns period=10.000ns})
  Path Group:             clk_out1_cnn_accelerator_system_clk_wiz_0_0
  Path Type:              Setup (Max at Slow Process Corner)
  Requirement:            10.000ns  (clk_out1_cnn_accelerator_system_clk_wiz_0_0 rise@10.000ns - clk_out1_cnn_accelerator_system_clk_wiz_0_0 rise@0.000ns)
  Data Path Delay:        9.689ns  (logic 2.120ns (21.882%)  route 7.569ns (78.118%))
  Logic Levels:           10  (LUT2=1 LUT4=1 LUT5=2 LUT6=6)
  Clock Path Skew:        -0.117ns (DCD - SCD + CPR)
    Destination Clock Delay (DCD):    4.951ns = ( 14.951 - 10.000 ) 
    Source Clock Delay      (SCD):    5.327ns
    Clock Pessimism Removal (CPR):    0.259ns
  Clock Uncertainty:      0.074ns  ((TSJ^2 + DJ^2)^1/2) / 2 + PE
    Total System Jitter     (TSJ):    0.071ns
    Discrete Jitter          (DJ):    0.129ns
    Phase Error              (PE):    0.000ns

    Location             Delay type                Incr(ns)  Path(ns)    Netlist Resource(s)
  -------------------------------------------------------------------    -------------------
                         (clock clk_out1_cnn_accelerator_system_clk_wiz_0_0 rise edge)
                                                      0.000     0.000 r  
    E3                                                0.000     0.000 r  CLK100MHZ (IN)
                         net (fo=0)                   0.000     0.000    CLK100MHZ
    E3                                                                r  CLK100MHZ_IBUF_inst/I
    E3                   IBUF (Prop_ibuf_I_O)         1.482     1.482 r  CLK100MHZ_IBUF_inst/O
                         net (fo=1, routed)           2.025     3.506    cnn_accelerator_system_i/util_ds_buf_0/U0/BUFG_I[0]
    BUFGCTRL_X0Y16                                                    r  cnn_accelerator_system_i/util_ds_buf_0/U0/USE_BUFG.GEN_BUFG[0].BUFG_U/I
    BUFGCTRL_X0Y16       BUFG (Prop_bufg_I_O)         0.096     3.602 r  cnn_accelerator_system_i/util_ds_buf_0/U0/USE_BUFG.GEN_BUFG[0].BUFG_U/O
                         net (fo=2, routed)           1.809     5.412    cnn_accelerator_system_i/clk_wiz_0/inst/clk_in1
    MMCME2_ADV_X0Y0                                                   r  cnn_accelerator_system_i/clk_wiz_0/inst/mmcm_adv_inst/CLKIN1
    MMCME2_ADV_X0Y0      MMCME2_ADV (Prop_mmcme2_adv_CLKIN1_CLKOUT0)
                                                     -3.922     1.490 r  cnn_accelerator_system_i/clk_wiz_0/inst/mmcm_adv_inst/CLKOUT0
                         net (fo=1, routed)           2.018     3.508    cnn_accelerator_system_i/clk_wiz_0/inst/clk_out1_cnn_accelerator_system_clk_wiz_0_0
    BUFGCTRL_X0Y3                                                     r  cnn_accelerator_system_i/clk_wiz_0/inst/clkout1_buf/I
    BUFGCTRL_X0Y3        BUFG (Prop_bufg_I_O)         0.096     3.604 r  cnn_accelerator_system_i/clk_wiz_0/inst/clkout1_buf/O
                         net (fo=14543, routed)       1.722     5.327    cnn_accelerator_system_i/ram_interconnect/m01_couplers/auto_ds/inst/gen_downsizer.gen_simple_downsizer.axi_downsizer_inst/USE_WRITE.write_addr_inst/cmd_queue/inst/fifo_gen_inst/inst_fifo_gen/gconvfifo.rf/grf.rf/gntv_or_sync_fifo.mem/clk
    SLICE_X5Y54          FDRE                                         r  cnn_accelerator_system_i/ram_interconnect/m01_couplers/auto_ds/inst/gen_downsizer.gen_simple_downsizer.axi_downsizer_inst/USE_WRITE.write_addr_inst/cmd_queue/inst/fifo_gen_inst/inst_fifo_gen/gconvfifo.rf/grf.rf/gntv_or_sync_fifo.mem/goreg_dm.dout_i_reg[4]/C
  -------------------------------------------------------------------    -------------------
    SLICE_X5Y54          FDRE (Prop_fdre_C_Q)         0.456     5.783 f  cnn_accelerator_system_i/ram_interconnect/m01_couplers/auto_ds/inst/gen_downsizer.gen_simple_downsizer.axi_downsizer_inst/USE_WRITE.write_addr_inst/cmd_queue/inst/fifo_gen_inst/inst_fifo_gen/gconvfifo.rf/grf.rf/gntv_or_sync_fifo.mem/goreg_dm.dout_i_reg[4]/Q
                         net (fo=4, routed)           1.319     7.102    cnn_accelerator_system_i/ram_interconnect/m01_couplers/auto_ds/inst/gen_downsizer.gen_simple_downsizer.axi_downsizer_inst/USE_WRITE.write_data_inst/current_word_1_reg[1]_1[1]
    SLICE_X3Y54                                                       f  cnn_accelerator_system_i/ram_interconnect/m01_couplers/auto_ds/inst/gen_downsizer.gen_simple_downsizer.axi_downsizer_inst/USE_WRITE.write_data_inst/length_counter_1[3]_i_2/I4
    SLICE_X3Y54          LUT5 (Prop_lut5_I4_O)        0.150     7.252 r  cnn_accelerator_system_i/ram_interconnect/m01_couplers/auto_ds/inst/gen_downsizer.gen_simple_downsizer.axi_downsizer_inst/USE_WRITE.write_data_inst/length_counter_1[3]_i_2/O
                         net (fo=2, routed)           0.381     7.633    cnn_accelerator_system_i/ram_interconnect/m01_couplers/auto_ds/inst/gen_downsizer.gen_simple_downsizer.axi_downsizer_inst/USE_WRITE.write_data_inst/length_counter_1[3]_i_2_n_0
    SLICE_X2Y54                                                       r  cnn_accelerator_system_i/ram_interconnect/m01_couplers/auto_ds/inst/gen_downsizer.gen_simple_downsizer.axi_downsizer_inst/USE_WRITE.write_data_inst/m_axi_wlast_INST_0_i_2/I2
    SLICE_X2Y54          LUT6 (Prop_lut6_I2_O)        0.326     7.959 r  cnn_accelerator_system_i/ram_interconnect/m01_couplers/auto_ds/inst/gen_downsizer.gen_simple_downsizer.axi_downsizer_inst/USE_WRITE.write_data_inst/m_axi_wlast_INST_0_i_2/O
                         net (fo=2, routed)           0.307     8.266    cnn_accelerator_system_i/ram_interconnect/m01_couplers/auto_ds/inst/gen_downsizer.gen_simple_downsizer.axi_downsizer_inst/USE_WRITE.write_data_inst/m_axi_wlast_INST_0_i_2_n_0
    SLICE_X3Y54                                                       r  cnn_accelerator_system_i/ram_interconnect/m01_couplers/auto_ds/inst/gen_downsizer.gen_simple_downsizer.axi_downsizer_inst/USE_WRITE.write_data_inst/m_axi_wlast_INST_0_i_1/I5
    SLICE_X3Y54          LUT6 (Prop_lut6_I5_O)        0.124     8.390 f  cnn_accelerator_system_i/ram_interconnect/m01_couplers/auto_ds/inst/gen_downsizer.gen_simple_downsizer.axi_downsizer_inst/USE_WRITE.write_data_inst/m_axi_wlast_INST_0_i_1/O
                         net (fo=3, routed)           0.328     8.718    cnn_accelerator_system_i/ram_interconnect/m01_couplers/auto_ds/inst/gen_downsizer.gen_simple_downsizer.axi_downsizer_inst/USE_WRITE.write_data_inst/m_axi_wlast_INST_0_i_1_n_0
    SLICE_X4Y54                                                       f  cnn_accelerator_system_i/ram_interconnect/m01_couplers/auto_ds/inst/gen_downsizer.gen_simple_downsizer.axi_downsizer_inst/USE_WRITE.write_data_inst/m_axi_wlast_INST_0/I5
    SLICE_X4Y54          LUT6 (Prop_lut6_I5_O)        0.124     8.842 r  cnn_accelerator_system_i/ram_interconnect/m01_couplers/auto_ds/inst/gen_downsizer.gen_simple_downsizer.axi_downsizer_inst/USE_WRITE.write_data_inst/m_axi_wlast_INST_0/O
                         net (fo=10, routed)          1.032     9.874    cnn_accelerator_system_i/ram_interconnect/m01_couplers/auto_ds/inst/gen_downsizer.gen_simple_downsizer.axi_downsizer_inst/USE_WRITE.write_addr_inst/cmd_queue/inst/s_axi_wready_0
    SLICE_X12Y52                                                      r  cnn_accelerator_system_i/ram_interconnect/m01_couplers/auto_ds/inst/gen_downsizer.gen_simple_downsizer.axi_downsizer_inst/USE_WRITE.write_addr_inst/cmd_queue/inst/s_axi_wready_INST_0/I2
    SLICE_X12Y52         LUT6 (Prop_lut6_I2_O)        0.124     9.998 r  cnn_accelerator_system_i/ram_interconnect/m01_couplers/auto_ds/inst/gen_downsizer.gen_simple_downsizer.axi_downsizer_inst/USE_WRITE.write_addr_inst/cmd_queue/inst/s_axi_wready_INST_0/O
                         net (fo=4, routed)           0.519    10.517    cnn_accelerator_system_i/ram_interconnect/xbar/inst/gen_samd.crossbar_samd/gen_slave_slots[2].gen_si_write.wdata_router_w/wrouter_aw_fifo/gen_srls[0].gen_rep[1].srl_nx1/m_axi_wready[0]
    SLICE_X13Y45                                                      r  cnn_accelerator_system_i/ram_interconnect/xbar/inst/gen_samd.crossbar_samd/gen_slave_slots[2].gen_si_write.wdata_router_w/wrouter_aw_fifo/gen_srls[0].gen_rep[1].srl_nx1/s_axi_wready[2]_INST_0_i_1/I3
    SLICE_X13Y45         LUT6 (Prop_lut6_I3_O)        0.124    10.641 r  cnn_accelerator_system_i/ram_interconnect/xbar/inst/gen_samd.crossbar_samd/gen_slave_slots[2].gen_si_write.wdata_router_w/wrouter_aw_fifo/gen_srls[0].gen_rep[1].srl_nx1/s_axi_wready[2]_INST_0_i_1/O
                         net (fo=4, routed)           0.564    11.205    cnn_accelerator_system_i/ram_interconnect/xbar/inst/gen_samd.crossbar_samd/gen_slave_slots[2].gen_si_write.wdata_router_w/wrouter_aw_fifo/m_aready0
    SLICE_X15Y45                                                      r  cnn_accelerator_system_i/ram_interconnect/xbar/inst/gen_samd.crossbar_samd/gen_slave_slots[2].gen_si_write.wdata_router_w/wrouter_aw_fifo/s_axi_wready[2]_INST_0/I1
    SLICE_X15Y45         LUT2 (Prop_lut2_I1_O)        0.118    11.323 r  cnn_accelerator_system_i/ram_interconnect/xbar/inst/gen_samd.crossbar_samd/gen_slave_slots[2].gen_si_write.wdata_router_w/wrouter_aw_fifo/s_axi_wready[2]_INST_0/O
                         net (fo=39, routed)          0.429    11.753    cnn_accelerator_system_i/ram_interconnect/s02_couplers/auto_us/inst/gen_upsizer.gen_full_upsizer.axi_upsizer_inst/USE_WRITE.gen_non_fifo_w_upsizer.write_data_inst/m_axi_wready
    SLICE_X15Y46                                                      r  cnn_accelerator_system_i/ram_interconnect/s02_couplers/auto_us/inst/gen_upsizer.gen_full_upsizer.axi_upsizer_inst/USE_WRITE.gen_non_fifo_w_upsizer.write_data_inst/USE_RTL_LENGTH.first_mi_word_q_i_2/I0
    SLICE_X15Y46         LUT6 (Prop_lut6_I0_O)        0.326    12.079 r  cnn_accelerator_system_i/ram_interconnect/s02_couplers/auto_us/inst/gen_upsizer.gen_full_upsizer.axi_upsizer_inst/USE_WRITE.gen_non_fifo_w_upsizer.write_data_inst/USE_RTL_LENGTH.first_mi_word_q_i_2/O
                         net (fo=38, routed)          1.026    13.104    cnn_accelerator_system_i/ram_interconnect/s02_couplers/auto_us/inst/gen_upsizer.gen_full_upsizer.axi_upsizer_inst/USE_WRITE.write_addr_inst/GEN_CMD_QUEUE.cmd_queue/USE_FF_OUT.USE_RTL_OUTPUT_PIPELINE.M_MESG_Q_reg[0]_0
    SLICE_X23Y49                                                      r  cnn_accelerator_system_i/ram_interconnect/s02_couplers/auto_us/inst/gen_upsizer.gen_full_upsizer.axi_upsizer_inst/USE_WRITE.write_addr_inst/GEN_CMD_QUEUE.cmd_queue/WORD_LANE[3].USE_ALWAYS_PACKER.BYTE_LANE[0].USE_RTL_DATA.USE_REGISTER.M_AXI_WDATA_I[103]_i_3/I2
    SLICE_X23Y49         LUT4 (Prop_lut4_I2_O)        0.124    13.228 r  cnn_accelerator_system_i/ram_interconnect/s02_couplers/auto_us/inst/gen_upsizer.gen_full_upsizer.axi_upsizer_inst/USE_WRITE.write_addr_inst/GEN_CMD_QUEUE.cmd_queue/WORD_LANE[3].USE_ALWAYS_PACKER.BYTE_LANE[0].USE_RTL_DATA.USE_REGISTER.M_AXI_WDATA_I[103]_i_3/O
                         net (fo=9, routed)           0.899    14.127    cnn_accelerator_system_i/ram_interconnect/s02_couplers/auto_us/inst/gen_upsizer.gen_full_upsizer.axi_upsizer_inst/USE_WRITE.write_addr_inst/GEN_CMD_QUEUE.cmd_queue/WORD_LANE[3].USE_ALWAYS_PACKER.BYTE_LANE[0].USE_RTL_DATA.USE_REGISTER.M_AXI_WDATA_I[103]_i_3_n_0
    SLICE_X13Y53                                                      r  cnn_accelerator_system_i/ram_interconnect/s02_couplers/auto_us/inst/gen_upsizer.gen_full_upsizer.axi_upsizer_inst/USE_WRITE.write_addr_inst/GEN_CMD_QUEUE.cmd_queue/WORD_LANE[3].USE_ALWAYS_PACKER.BYTE_LANE[0].USE_RTL_DATA.USE_REGISTER.M_AXI_WDATA_I[103]_i_1/I4
    SLICE_X13Y53         LUT5 (Prop_lut5_I4_O)        0.124    14.251 r  cnn_accelerator_system_i/ram_interconnect/s02_couplers/auto_us/inst/gen_upsizer.gen_full_upsizer.axi_upsizer_inst/USE_WRITE.write_addr_inst/GEN_CMD_QUEUE.cmd_queue/WORD_LANE[3].USE_ALWAYS_PACKER.BYTE_LANE[0].USE_RTL_DATA.USE_REGISTER.M_AXI_WDATA_I[103]_i_1/O
                         net (fo=8, routed)           0.764    15.015    cnn_accelerator_system_i/ram_interconnect/s02_couplers/auto_us/inst/gen_upsizer.gen_full_upsizer.axi_upsizer_inst/USE_WRITE.gen_non_fifo_w_upsizer.write_data_inst/WORD_LANE[3].USE_ALWAYS_PACKER.BYTE_LANE[0].USE_RTL_DATA.USE_REGISTER.M_AXI_WDATA_I_reg[103]_0[0]
    SLICE_X10Y50         FDRE                                         r  cnn_accelerator_system_i/ram_interconnect/s02_couplers/auto_us/inst/gen_upsizer.gen_full_upsizer.axi_upsizer_inst/USE_WRITE.gen_non_fifo_w_upsizer.write_data_inst/WORD_LANE[3].USE_ALWAYS_PACKER.BYTE_LANE[0].USE_RTL_DATA.USE_REGISTER.M_AXI_WDATA_I_reg[100]/CE
  -------------------------------------------------------------------    -------------------

                         (clock clk_out1_cnn_accelerator_system_clk_wiz_0_0 rise edge)
                                                     10.000    10.000 r  
    E3                                                0.000    10.000 r  CLK100MHZ (IN)
                         net (fo=0)                   0.000    10.000    CLK100MHZ
    E3                                                                r  CLK100MHZ_IBUF_inst/I
    E3                   IBUF (Prop_ibuf_I_O)         1.411    11.411 r  CLK100MHZ_IBUF_inst/O
                         net (fo=1, routed)           1.920    13.331    cnn_accelerator_system_i/util_ds_buf_0/U0/BUFG_I[0]
    BUFGCTRL_X0Y16                                                    r  cnn_accelerator_system_i/util_ds_buf_0/U0/USE_BUFG.GEN_BUFG[0].BUFG_U/I
    BUFGCTRL_X0Y16       BUFG (Prop_bufg_I_O)         0.091    13.422 r  cnn_accelerator_system_i/util_ds_buf_0/U0/USE_BUFG.GEN_BUFG[0].BUFG_U/O
                         net (fo=2, routed)           1.683    15.105    cnn_accelerator_system_i/clk_wiz_0/inst/clk_in1
    MMCME2_ADV_X0Y0                                                   r  cnn_accelerator_system_i/clk_wiz_0/inst/mmcm_adv_inst/CLKIN1
    MMCME2_ADV_X0Y0      MMCME2_ADV (Prop_mmcme2_adv_CLKIN1_CLKOUT0)
                                                     -3.694    11.411 r  cnn_accelerator_system_i/clk_wiz_0/inst/mmcm_adv_inst/CLKOUT0
                         net (fo=1, routed)           1.923    13.334    cnn_accelerator_system_i/clk_wiz_0/inst/clk_out1_cnn_accelerator_system_clk_wiz_0_0
    BUFGCTRL_X0Y3                                                     r  cnn_accelerator_system_i/clk_wiz_0/inst/clkout1_buf/I
    BUFGCTRL_X0Y3        BUFG (Prop_bufg_I_O)         0.091    13.425 r  cnn_accelerator_system_i/clk_wiz_0/inst/clkout1_buf/O
                         net (fo=14543, routed)       1.525    14.951    cnn_accelerator_system_i/ram_interconnect/s02_couplers/auto_us/inst/gen_upsizer.gen_full_upsizer.axi_upsizer_inst/USE_WRITE.gen_non_fifo_w_upsizer.write_data_inst/USE_RTL_LENGTH.length_counter_q_reg[0]_0
    SLICE_X10Y50         FDRE                                         r  cnn_accelerator_system_i/ram_interconnect/s02_couplers/auto_us/inst/gen_upsizer.gen_full_upsizer.axi_upsizer_inst/USE_WRITE.gen_non_fifo_w_upsizer.write_data_inst/WORD_LANE[3].USE_ALWAYS_PACKER.BYTE_LANE[0].USE_RTL_DATA.USE_REGISTER.M_AXI_WDATA_I_reg[100]/C
                         clock pessimism              0.259    15.210    
                         clock uncertainty           -0.074    15.136    
    SLICE_X10Y50         FDRE (Setup_fdre_C_CE)      -0.169    14.967    cnn_accelerator_system_i/ram_interconnect/s02_couplers/auto_us/inst/gen_upsizer.gen_full_upsizer.axi_upsizer_inst/USE_WRITE.gen_non_fifo_w_upsizer.write_data_inst/WORD_LANE[3].USE_ALWAYS_PACKER.BYTE_LANE[0].USE_RTL_DATA.USE_REGISTER.M_AXI_WDATA_I_reg[100]
  -------------------------------------------------------------------
                         required time                         14.967    
                         arrival time                         -15.015    
  -------------------------------------------------------------------
                         slack                                 -0.048    

Slack (VIOLATED) :        -0.039ns  (required time - arrival time)
  Source:                 cnn_accelerator_system_i/ram_interconnect/m01_couplers/auto_ds/inst/gen_downsizer.gen_simple_downsizer.axi_downsizer_inst/USE_WRITE.write_addr_inst/cmd_queue/inst/fifo_gen_inst/inst_fifo_gen/gconvfifo.rf/grf.rf/gntv_or_sync_fifo.mem/goreg_dm.dout_i_reg[4]/C
                            (rising edge-triggered cell FDRE clocked by clk_out1_cnn_accelerator_system_clk_wiz_0_0  {rise@0.000ns fall@5.000ns period=10.000ns})
  Destination:            cnn_accelerator_system_i/ram_interconnect/s02_couplers/auto_us/inst/gen_upsizer.gen_full_upsizer.axi_upsizer_inst/USE_WRITE.gen_non_fifo_w_upsizer.write_data_inst/WORD_LANE[1].USE_ALWAYS_PACKER.BYTE_LANE[1].USE_RTL_DATA.USE_REGISTER.M_AXI_WDATA_I_reg[41]/CE
                            (rising edge-triggered cell FDRE clocked by clk_out1_cnn_accelerator_system_clk_wiz_0_0  {rise@0.000ns fall@5.000ns period=10.000ns})
  Path Group:             clk_out1_cnn_accelerator_system_clk_wiz_0_0
  Path Type:              Setup (Max at Slow Process Corner)
  Requirement:            10.000ns  (clk_out1_cnn_accelerator_system_clk_wiz_0_0 rise@10.000ns - clk_out1_cnn_accelerator_system_clk_wiz_0_0 rise@0.000ns)
  Data Path Delay:        9.641ns  (logic 2.323ns (24.096%)  route 7.318ns (75.904%))
  Logic Levels:           10  (LUT2=1 LUT3=1 LUT5=1 LUT6=7)
  Clock Path Skew:        -0.120ns (DCD - SCD + CPR)
    Destination Clock Delay (DCD):    4.948ns = ( 14.948 - 10.000 ) 
    Source Clock Delay      (SCD):    5.327ns
    Clock Pessimism Removal (CPR):    0.259ns
  Clock Uncertainty:      0.074ns  ((TSJ^2 + DJ^2)^1/2) / 2 + PE
    Total System Jitter     (TSJ):    0.071ns
    Discrete Jitter          (DJ):    0.129ns
    Phase Error              (PE):    0.000ns

    Location             Delay type                Incr(ns)  Path(ns)    Netlist Resource(s)
  -------------------------------------------------------------------    -------------------
                         (clock clk_out1_cnn_accelerator_system_clk_wiz_0_0 rise edge)
                                                      0.000     0.000 r  
    E3                                                0.000     0.000 r  CLK100MHZ (IN)
                         net (fo=0)                   0.000     0.000    CLK100MHZ
    E3                                                                r  CLK100MHZ_IBUF_inst/I
    E3                   IBUF (Prop_ibuf_I_O)         1.482     1.482 r  CLK100MHZ_IBUF_inst/O
                         net (fo=1, routed)           2.025     3.506    cnn_accelerator_system_i/util_ds_buf_0/U0/BUFG_I[0]
    BUFGCTRL_X0Y16                                                    r  cnn_accelerator_system_i/util_ds_buf_0/U0/USE_BUFG.GEN_BUFG[0].BUFG_U/I
    BUFGCTRL_X0Y16       BUFG (Prop_bufg_I_O)         0.096     3.602 r  cnn_accelerator_system_i/util_ds_buf_0/U0/USE_BUFG.GEN_BUFG[0].BUFG_U/O
                         net (fo=2, routed)           1.809     5.412    cnn_accelerator_system_i/clk_wiz_0/inst/clk_in1
    MMCME2_ADV_X0Y0                                                   r  cnn_accelerator_system_i/clk_wiz_0/inst/mmcm_adv_inst/CLKIN1
    MMCME2_ADV_X0Y0      MMCME2_ADV (Prop_mmcme2_adv_CLKIN1_CLKOUT0)
                                                     -3.922     1.490 r  cnn_accelerator_system_i/clk_wiz_0/inst/mmcm_adv_inst/CLKOUT0
                         net (fo=1, routed)           2.018     3.508    cnn_accelerator_system_i/clk_wiz_0/inst/clk_out1_cnn_accelerator_system_clk_wiz_0_0
    BUFGCTRL_X0Y3                                                     r  cnn_accelerator_system_i/clk_wiz_0/inst/clkout1_buf/I
    BUFGCTRL_X0Y3        BUFG (Prop_bufg_I_O)         0.096     3.604 r  cnn_accelerator_system_i/clk_wiz_0/inst/clkout1_buf/O
                         net (fo=14543, routed)       1.722     5.327    cnn_accelerator_system_i/ram_interconnect/m01_couplers/auto_ds/inst/gen_downsizer.gen_simple_downsizer.axi_downsizer_inst/USE_WRITE.write_addr_inst/cmd_queue/inst/fifo_gen_inst/inst_fifo_gen/gconvfifo.rf/grf.rf/gntv_or_sync_fifo.mem/clk
    SLICE_X5Y54          FDRE                                         r  cnn_accelerator_system_i/ram_interconnect/m01_couplers/auto_ds/inst/gen_downsizer.gen_simple_downsizer.axi_downsizer_inst/USE_WRITE.write_addr_inst/cmd_queue/inst/fifo_gen_inst/inst_fifo_gen/gconvfifo.rf/grf.rf/gntv_or_sync_fifo.mem/goreg_dm.dout_i_reg[4]/C
  -------------------------------------------------------------------    -------------------
    SLICE_X5Y54          FDRE (Prop_fdre_C_Q)         0.456     5.783 f  cnn_accelerator_system_i/ram_interconnect/m01_couplers/auto_ds/inst/gen_downsizer.gen_simple_downsizer.axi_downsizer_inst/USE_WRITE.write_addr_inst/cmd_queue/inst/fifo_gen_inst/inst_fifo_gen/gconvfifo.rf/grf.rf/gntv_or_sync_fifo.mem/goreg_dm.dout_i_reg[4]/Q
                         net (fo=4, routed)           1.319     7.102    cnn_accelerator_system_i/ram_interconnect/m01_couplers/auto_ds/inst/gen_downsizer.gen_simple_downsizer.axi_downsizer_inst/USE_WRITE.write_data_inst/current_word_1_reg[1]_1[1]
    SLICE_X3Y54                                                       f  cnn_accelerator_system_i/ram_interconnect/m01_couplers/auto_ds/inst/gen_downsizer.gen_simple_downsizer.axi_downsizer_inst/USE_WRITE.write_data_inst/length_counter_1[3]_i_2/I4
    SLICE_X3Y54          LUT5 (Prop_lut5_I4_O)        0.150     7.252 r  cnn_accelerator_system_i/ram_interconnect/m01_couplers/auto_ds/inst/gen_downsizer.gen_simple_downsizer.axi_downsizer_inst/USE_WRITE.write_data_inst/length_counter_1[3]_i_2/O
                         net (fo=2, routed)           0.381     7.633    cnn_accelerator_system_i/ram_interconnect/m01_couplers/auto_ds/inst/gen_downsizer.gen_simple_downsizer.axi_downsizer_inst/USE_WRITE.write_data_inst/length_counter_1[3]_i_2_n_0
    SLICE_X2Y54                                                       r  cnn_accelerator_system_i/ram_interconnect/m01_couplers/auto_ds/inst/gen_downsizer.gen_simple_downsizer.axi_downsizer_inst/USE_WRITE.write_data_inst/m_axi_wlast_INST_0_i_2/I2
    SLICE_X2Y54          LUT6 (Prop_lut6_I2_O)        0.326     7.959 r  cnn_accelerator_system_i/ram_interconnect/m01_couplers/auto_ds/inst/gen_downsizer.gen_simple_downsizer.axi_downsizer_inst/USE_WRITE.write_data_inst/m_axi_wlast_INST_0_i_2/O
                         net (fo=2, routed)           0.307     8.266    cnn_accelerator_system_i/ram_interconnect/m01_couplers/auto_ds/inst/gen_downsizer.gen_simple_downsizer.axi_downsizer_inst/USE_WRITE.write_data_inst/m_axi_wlast_INST_0_i_2_n_0
    SLICE_X3Y54                                                       r  cnn_accelerator_system_i/ram_interconnect/m01_couplers/auto_ds/inst/gen_downsizer.gen_simple_downsizer.axi_downsizer_inst/USE_WRITE.write_data_inst/m_axi_wlast_INST_0_i_1/I5
    SLICE_X3Y54          LUT6 (Prop_lut6_I5_O)        0.124     8.390 f  cnn_accelerator_system_i/ram_interconnect/m01_couplers/auto_ds/inst/gen_downsizer.gen_simple_downsizer.axi_downsizer_inst/USE_WRITE.write_data_inst/m_axi_wlast_INST_0_i_1/O
                         net (fo=3, routed)           0.328     8.718    cnn_accelerator_system_i/ram_interconnect/m01_couplers/auto_ds/inst/gen_downsizer.gen_simple_downsizer.axi_downsizer_inst/USE_WRITE.write_data_inst/m_axi_wlast_INST_0_i_1_n_0
    SLICE_X4Y54                                                       f  cnn_accelerator_system_i/ram_interconnect/m01_couplers/auto_ds/inst/gen_downsizer.gen_simple_downsizer.axi_downsizer_inst/USE_WRITE.write_data_inst/m_axi_wlast_INST_0/I5
    SLICE_X4Y54          LUT6 (Prop_lut6_I5_O)        0.124     8.842 r  cnn_accelerator_system_i/ram_interconnect/m01_couplers/auto_ds/inst/gen_downsizer.gen_simple_downsizer.axi_downsizer_inst/USE_WRITE.write_data_inst/m_axi_wlast_INST_0/O
                         net (fo=10, routed)          1.032     9.874    cnn_accelerator_system_i/ram_interconnect/m01_couplers/auto_ds/inst/gen_downsizer.gen_simple_downsizer.axi_downsizer_inst/USE_WRITE.write_addr_inst/cmd_queue/inst/s_axi_wready_0
    SLICE_X12Y52                                                      r  cnn_accelerator_system_i/ram_interconnect/m01_couplers/auto_ds/inst/gen_downsizer.gen_simple_downsizer.axi_downsizer_inst/USE_WRITE.write_addr_inst/cmd_queue/inst/s_axi_wready_INST_0/I2
    SLICE_X12Y52         LUT6 (Prop_lut6_I2_O)        0.124     9.998 r  cnn_accelerator_system_i/ram_interconnect/m01_couplers/auto_ds/inst/gen_downsizer.gen_simple_downsizer.axi_downsizer_inst/USE_WRITE.write_addr_inst/cmd_queue/inst/s_axi_wready_INST_0/O
                         net (fo=4, routed)           0.519    10.517    cnn_accelerator_system_i/ram_interconnect/xbar/inst/gen_samd.crossbar_samd/gen_slave_slots[2].gen_si_write.wdata_router_w/wrouter_aw_fifo/gen_srls[0].gen_rep[1].srl_nx1/m_axi_wready[0]
    SLICE_X13Y45                                                      r  cnn_accelerator_system_i/ram_interconnect/xbar/inst/gen_samd.crossbar_samd/gen_slave_slots[2].gen_si_write.wdata_router_w/wrouter_aw_fifo/gen_srls[0].gen_rep[1].srl_nx1/s_axi_wready[2]_INST_0_i_1/I3
    SLICE_X13Y45         LUT6 (Prop_lut6_I3_O)        0.124    10.641 r  cnn_accelerator_system_i/ram_interconnect/xbar/inst/gen_samd.crossbar_samd/gen_slave_slots[2].gen_si_write.wdata_router_w/wrouter_aw_fifo/gen_srls[0].gen_rep[1].srl_nx1/s_axi_wready[2]_INST_0_i_1/O
                         net (fo=4, routed)           0.564    11.205    cnn_accelerator_system_i/ram_interconnect/xbar/inst/gen_samd.crossbar_samd/gen_slave_slots[2].gen_si_write.wdata_router_w/wrouter_aw_fifo/m_aready0
    SLICE_X15Y45                                                      r  cnn_accelerator_system_i/ram_interconnect/xbar/inst/gen_samd.crossbar_samd/gen_slave_slots[2].gen_si_write.wdata_router_w/wrouter_aw_fifo/s_axi_wready[2]_INST_0/I1
    SLICE_X15Y45         LUT2 (Prop_lut2_I1_O)        0.118    11.323 r  cnn_accelerator_system_i/ram_interconnect/xbar/inst/gen_samd.crossbar_samd/gen_slave_slots[2].gen_si_write.wdata_router_w/wrouter_aw_fifo/s_axi_wready[2]_INST_0/O
                         net (fo=39, routed)          0.429    11.753    cnn_accelerator_system_i/ram_interconnect/s02_couplers/auto_us/inst/gen_upsizer.gen_full_upsizer.axi_upsizer_inst/USE_WRITE.gen_non_fifo_w_upsizer.write_data_inst/m_axi_wready
    SLICE_X15Y46                                                      r  cnn_accelerator_system_i/ram_interconnect/s02_couplers/auto_us/inst/gen_upsizer.gen_full_upsizer.axi_upsizer_inst/USE_WRITE.gen_non_fifo_w_upsizer.write_data_inst/USE_RTL_LENGTH.first_mi_word_q_i_2/I0
    SLICE_X15Y46         LUT6 (Prop_lut6_I0_O)        0.326    12.079 r  cnn_accelerator_system_i/ram_interconnect/s02_couplers/auto_us/inst/gen_upsizer.gen_full_upsizer.axi_upsizer_inst/USE_WRITE.gen_non_fifo_w_upsizer.write_data_inst/USE_RTL_LENGTH.first_mi_word_q_i_2/O
                         net (fo=38, routed)          0.912    12.990    cnn_accelerator_system_i/ram_interconnect/s02_couplers/auto_us/inst/gen_upsizer.gen_full_upsizer.axi_upsizer_inst/USE_WRITE.write_addr_inst/GEN_CMD_QUEUE.cmd_queue/USE_FF_OUT.USE_RTL_OUTPUT_PIPELINE.M_MESG_Q_reg[0]_0
    SLICE_X15Y52                                                      r  cnn_accelerator_system_i/ram_interconnect/s02_couplers/auto_us/inst/gen_upsizer.gen_full_upsizer.axi_upsizer_inst/USE_WRITE.write_addr_inst/GEN_CMD_QUEUE.cmd_queue/WORD_LANE[1].USE_ALWAYS_PACKER.BYTE_LANE[1].USE_RTL_DATA.USE_REGISTER.M_AXI_WDATA_I[47]_i_3_rewire/I2
    SLICE_X15Y52         LUT3 (Prop_lut3_I2_O)        0.119    13.109 r  cnn_accelerator_system_i/ram_interconnect/s02_couplers/auto_us/inst/gen_upsizer.gen_full_upsizer.axi_upsizer_inst/USE_WRITE.write_addr_inst/GEN_CMD_QUEUE.cmd_queue/WORD_LANE[1].USE_ALWAYS_PACKER.BYTE_LANE[1].USE_RTL_DATA.USE_REGISTER.M_AXI_WDATA_I[47]_i_3_rewire/O
                         net (fo=9, routed)           0.779    13.888    cnn_accelerator_system_i/ram_interconnect/s02_couplers/auto_us/inst/gen_upsizer.gen_full_upsizer.axi_upsizer_inst/USE_WRITE.write_addr_inst/GEN_CMD_QUEUE.cmd_queue/WORD_LANE[1].USE_ALWAYS_PACKER.BYTE_LANE[1].USE_RTL_DATA.USE_REGISTER.M_AXI_WDATA_I[47]_i_3_n_0
    SLICE_X20Y48                                                      r  cnn_accelerator_system_i/ram_interconnect/s02_couplers/auto_us/inst/gen_upsizer.gen_full_upsizer.axi_upsizer_inst/USE_WRITE.write_addr_inst/GEN_CMD_QUEUE.cmd_queue/WORD_LANE[1].USE_ALWAYS_PACKER.BYTE_LANE[1].USE_RTL_DATA.USE_REGISTER.M_AXI_WDATA_I[47]_i_1_rewire/I5
    SLICE_X20Y48         LUT6 (Prop_lut6_I5_O)        0.332    14.220 r  cnn_accelerator_system_i/ram_interconnect/s02_couplers/auto_us/inst/gen_upsizer.gen_full_upsizer.axi_upsizer_inst/USE_WRITE.write_addr_inst/GEN_CMD_QUEUE.cmd_queue/WORD_LANE[1].USE_ALWAYS_PACKER.BYTE_LANE[1].USE_RTL_DATA.USE_REGISTER.M_AXI_WDATA_I[47]_i_1_rewire/O
                         net (fo=8, routed)           0.747    14.967    cnn_accelerator_system_i/ram_interconnect/s02_couplers/auto_us/inst/gen_upsizer.gen_full_upsizer.axi_upsizer_inst/USE_WRITE.gen_non_fifo_w_upsizer.write_data_inst/WORD_LANE[1].USE_ALWAYS_PACKER.BYTE_LANE[1].USE_RTL_DATA.USE_REGISTER.M_AXI_WDATA_I_reg[47]_0[0]
    SLICE_X15Y52         FDRE                                         r  cnn_accelerator_system_i/ram_interconnect/s02_couplers/auto_us/inst/gen_upsizer.gen_full_upsizer.axi_upsizer_inst/USE_WRITE.gen_non_fifo_w_upsizer.write_data_inst/WORD_LANE[1].USE_ALWAYS_PACKER.BYTE_LANE[1].USE_RTL_DATA.USE_REGISTER.M_AXI_WDATA_I_reg[41]/CE
  -------------------------------------------------------------------    -------------------

                         (clock clk_out1_cnn_accelerator_system_clk_wiz_0_0 rise edge)
                                                     10.000    10.000 r  
    E3                                                0.000    10.000 r  CLK100MHZ (IN)
                         net (fo=0)                   0.000    10.000    CLK100MHZ
    E3                                                                r  CLK100MHZ_IBUF_inst/I
    E3                   IBUF (Prop_ibuf_I_O)         1.411    11.411 r  CLK100MHZ_IBUF_inst/O
                         net (fo=1, routed)           1.920    13.331    cnn_accelerator_system_i/util_ds_buf_0/U0/BUFG_I[0]
    BUFGCTRL_X0Y16                                                    r  cnn_accelerator_system_i/util_ds_buf_0/U0/USE_BUFG.GEN_BUFG[0].BUFG_U/I
    BUFGCTRL_X0Y16       BUFG (Prop_bufg_I_O)         0.091    13.422 r  cnn_accelerator_system_i/util_ds_buf_0/U0/USE_BUFG.GEN_BUFG[0].BUFG_U/O
                         net (fo=2, routed)           1.683    15.105    cnn_accelerator_system_i/clk_wiz_0/inst/clk_in1
    MMCME2_ADV_X0Y0                                                   r  cnn_accelerator_system_i/clk_wiz_0/inst/mmcm_adv_inst/CLKIN1
    MMCME2_ADV_X0Y0      MMCME2_ADV (Prop_mmcme2_adv_CLKIN1_CLKOUT0)
                                                     -3.694    11.411 r  cnn_accelerator_system_i/clk_wiz_0/inst/mmcm_adv_inst/CLKOUT0
                         net (fo=1, routed)           1.923    13.334    cnn_accelerator_system_i/clk_wiz_0/inst/clk_out1_cnn_accelerator_system_clk_wiz_0_0
    BUFGCTRL_X0Y3                                                     r  cnn_accelerator_system_i/clk_wiz_0/inst/clkout1_buf/I
    BUFGCTRL_X0Y3        BUFG (Prop_bufg_I_O)         0.091    13.425 r  cnn_accelerator_system_i/clk_wiz_0/inst/clkout1_buf/O
                         net (fo=14543, routed)       1.522    14.948    cnn_accelerator_system_i/ram_interconnect/s02_couplers/auto_us/inst/gen_upsizer.gen_full_upsizer.axi_upsizer_inst/USE_WRITE.gen_non_fifo_w_upsizer.write_data_inst/USE_RTL_LENGTH.length_counter_q_reg[0]_0
    SLICE_X15Y52         FDRE                                         r  cnn_accelerator_system_i/ram_interconnect/s02_couplers/auto_us/inst/gen_upsizer.gen_full_upsizer.axi_upsizer_inst/USE_WRITE.gen_non_fifo_w_upsizer.write_data_inst/WORD_LANE[1].USE_ALWAYS_PACKER.BYTE_LANE[1].USE_RTL_DATA.USE_REGISTER.M_AXI_WDATA_I_reg[41]/C
                         clock pessimism              0.259    15.207    
                         clock uncertainty           -0.074    15.133    
    SLICE_X15Y52         FDRE (Setup_fdre_C_CE)      -0.205    14.928    cnn_accelerator_system_i/ram_interconnect/s02_couplers/auto_us/inst/gen_upsizer.gen_full_upsizer.axi_upsizer_inst/USE_WRITE.gen_non_fifo_w_upsizer.write_data_inst/WORD_LANE[1].USE_ALWAYS_PACKER.BYTE_LANE[1].USE_RTL_DATA.USE_REGISTER.M_AXI_WDATA_I_reg[41]
  -------------------------------------------------------------------
                         required time                         14.928    
                         arrival time                         -14.967    
  -------------------------------------------------------------------
                         slack                                 -0.039    

Slack (VIOLATED) :        -0.039ns  (required time - arrival time)
  Source:                 cnn_accelerator_system_i/ram_interconnect/m01_couplers/auto_ds/inst/gen_downsizer.gen_simple_downsizer.axi_downsizer_inst/USE_WRITE.write_addr_inst/cmd_queue/inst/fifo_gen_inst/inst_fifo_gen/gconvfifo.rf/grf.rf/gntv_or_sync_fifo.mem/goreg_dm.dout_i_reg[4]/C
                            (rising edge-triggered cell FDRE clocked by clk_out1_cnn_accelerator_system_clk_wiz_0_0  {rise@0.000ns fall@5.000ns period=10.000ns})
  Destination:            cnn_accelerator_system_i/ram_interconnect/s02_couplers/auto_us/inst/gen_upsizer.gen_full_upsizer.axi_upsizer_inst/USE_WRITE.gen_non_fifo_w_upsizer.write_data_inst/WORD_LANE[1].USE_ALWAYS_PACKER.BYTE_LANE[1].USE_RTL_DATA.USE_REGISTER.M_AXI_WDATA_I_reg[42]/CE
                            (rising edge-triggered cell FDRE clocked by clk_out1_cnn_accelerator_system_clk_wiz_0_0  {rise@0.000ns fall@5.000ns period=10.000ns})
  Path Group:             clk_out1_cnn_accelerator_system_clk_wiz_0_0
  Path Type:              Setup (Max at Slow Process Corner)
  Requirement:            10.000ns  (clk_out1_cnn_accelerator_system_clk_wiz_0_0 rise@10.000ns - clk_out1_cnn_accelerator_system_clk_wiz_0_0 rise@0.000ns)
  Data Path Delay:        9.641ns  (logic 2.323ns (24.096%)  route 7.318ns (75.904%))
  Logic Levels:           10  (LUT2=1 LUT3=1 LUT5=1 LUT6=7)
  Clock Path Skew:        -0.120ns (DCD - SCD + CPR)
    Destination Clock Delay (DCD):    4.948ns = ( 14.948 - 10.000 ) 
    Source Clock Delay      (SCD):    5.327ns
    Clock Pessimism Removal (CPR):    0.259ns
  Clock Uncertainty:      0.074ns  ((TSJ^2 + DJ^2)^1/2) / 2 + PE
    Total System Jitter     (TSJ):    0.071ns
    Discrete Jitter          (DJ):    0.129ns
    Phase Error              (PE):    0.000ns

    Location             Delay type                Incr(ns)  Path(ns)    Netlist Resource(s)
  -------------------------------------------------------------------    -------------------
                         (clock clk_out1_cnn_accelerator_system_clk_wiz_0_0 rise edge)
                                                      0.000     0.000 r  
    E3                                                0.000     0.000 r  CLK100MHZ (IN)
                         net (fo=0)                   0.000     0.000    CLK100MHZ
    E3                                                                r  CLK100MHZ_IBUF_inst/I
    E3                   IBUF (Prop_ibuf_I_O)         1.482     1.482 r  CLK100MHZ_IBUF_inst/O
                         net (fo=1, routed)           2.025     3.506    cnn_accelerator_system_i/util_ds_buf_0/U0/BUFG_I[0]
    BUFGCTRL_X0Y16                                                    r  cnn_accelerator_system_i/util_ds_buf_0/U0/USE_BUFG.GEN_BUFG[0].BUFG_U/I
    BUFGCTRL_X0Y16       BUFG (Prop_bufg_I_O)         0.096     3.602 r  cnn_accelerator_system_i/util_ds_buf_0/U0/USE_BUFG.GEN_BUFG[0].BUFG_U/O
                         net (fo=2, routed)           1.809     5.412    cnn_accelerator_system_i/clk_wiz_0/inst/clk_in1
    MMCME2_ADV_X0Y0                                                   r  cnn_accelerator_system_i/clk_wiz_0/inst/mmcm_adv_inst/CLKIN1
    MMCME2_ADV_X0Y0      MMCME2_ADV (Prop_mmcme2_adv_CLKIN1_CLKOUT0)
                                                     -3.922     1.490 r  cnn_accelerator_system_i/clk_wiz_0/inst/mmcm_adv_inst/CLKOUT0
                         net (fo=1, routed)           2.018     3.508    cnn_accelerator_system_i/clk_wiz_0/inst/clk_out1_cnn_accelerator_system_clk_wiz_0_0
    BUFGCTRL_X0Y3                                                     r  cnn_accelerator_system_i/clk_wiz_0/inst/clkout1_buf/I
    BUFGCTRL_X0Y3        BUFG (Prop_bufg_I_O)         0.096     3.604 r  cnn_accelerator_system_i/clk_wiz_0/inst/clkout1_buf/O
                         net (fo=14543, routed)       1.722     5.327    cnn_accelerator_system_i/ram_interconnect/m01_couplers/auto_ds/inst/gen_downsizer.gen_simple_downsizer.axi_downsizer_inst/USE_WRITE.write_addr_inst/cmd_queue/inst/fifo_gen_inst/inst_fifo_gen/gconvfifo.rf/grf.rf/gntv_or_sync_fifo.mem/clk
    SLICE_X5Y54          FDRE                                         r  cnn_accelerator_system_i/ram_interconnect/m01_couplers/auto_ds/inst/gen_downsizer.gen_simple_downsizer.axi_downsizer_inst/USE_WRITE.write_addr_inst/cmd_queue/inst/fifo_gen_inst/inst_fifo_gen/gconvfifo.rf/grf.rf/gntv_or_sync_fifo.mem/goreg_dm.dout_i_reg[4]/C
  -------------------------------------------------------------------    -------------------
    SLICE_X5Y54          FDRE (Prop_fdre_C_Q)         0.456     5.783 f  cnn_accelerator_system_i/ram_interconnect/m01_couplers/auto_ds/inst/gen_downsizer.gen_simple_downsizer.axi_downsizer_inst/USE_WRITE.write_addr_inst/cmd_queue/inst/fifo_gen_inst/inst_fifo_gen/gconvfifo.rf/grf.rf/gntv_or_sync_fifo.mem/goreg_dm.dout_i_reg[4]/Q
                         net (fo=4, routed)           1.319     7.102    cnn_accelerator_system_i/ram_interconnect/m01_couplers/auto_ds/inst/gen_downsizer.gen_simple_downsizer.axi_downsizer_inst/USE_WRITE.write_data_inst/current_word_1_reg[1]_1[1]
    SLICE_X3Y54                                                       f  cnn_accelerator_system_i/ram_interconnect/m01_couplers/auto_ds/inst/gen_downsizer.gen_simple_downsizer.axi_downsizer_inst/USE_WRITE.write_data_inst/length_counter_1[3]_i_2/I4
    SLICE_X3Y54          LUT5 (Prop_lut5_I4_O)        0.150     7.252 r  cnn_accelerator_system_i/ram_interconnect/m01_couplers/auto_ds/inst/gen_downsizer.gen_simple_downsizer.axi_downsizer_inst/USE_WRITE.write_data_inst/length_counter_1[3]_i_2/O
                         net (fo=2, routed)           0.381     7.633    cnn_accelerator_system_i/ram_interconnect/m01_couplers/auto_ds/inst/gen_downsizer.gen_simple_downsizer.axi_downsizer_inst/USE_WRITE.write_data_inst/length_counter_1[3]_i_2_n_0
    SLICE_X2Y54                                                       r  cnn_accelerator_system_i/ram_interconnect/m01_couplers/auto_ds/inst/gen_downsizer.gen_simple_downsizer.axi_downsizer_inst/USE_WRITE.write_data_inst/m_axi_wlast_INST_0_i_2/I2
    SLICE_X2Y54          LUT6 (Prop_lut6_I2_O)        0.326     7.959 r  cnn_accelerator_system_i/ram_interconnect/m01_couplers/auto_ds/inst/gen_downsizer.gen_simple_downsizer.axi_downsizer_inst/USE_WRITE.write_data_inst/m_axi_wlast_INST_0_i_2/O
                         net (fo=2, routed)           0.307     8.266    cnn_accelerator_system_i/ram_interconnect/m01_couplers/auto_ds/inst/gen_downsizer.gen_simple_downsizer.axi_downsizer_inst/USE_WRITE.write_data_inst/m_axi_wlast_INST_0_i_2_n_0
    SLICE_X3Y54                                                       r  cnn_accelerator_system_i/ram_interconnect/m01_couplers/auto_ds/inst/gen_downsizer.gen_simple_downsizer.axi_downsizer_inst/USE_WRITE.write_data_inst/m_axi_wlast_INST_0_i_1/I5
    SLICE_X3Y54          LUT6 (Prop_lut6_I5_O)        0.124     8.390 f  cnn_accelerator_system_i/ram_interconnect/m01_couplers/auto_ds/inst/gen_downsizer.gen_simple_downsizer.axi_downsizer_inst/USE_WRITE.write_data_inst/m_axi_wlast_INST_0_i_1/O
                         net (fo=3, routed)           0.328     8.718    cnn_accelerator_system_i/ram_interconnect/m01_couplers/auto_ds/inst/gen_downsizer.gen_simple_downsizer.axi_downsizer_inst/USE_WRITE.write_data_inst/m_axi_wlast_INST_0_i_1_n_0
    SLICE_X4Y54                                                       f  cnn_accelerator_system_i/ram_interconnect/m01_couplers/auto_ds/inst/gen_downsizer.gen_simple_downsizer.axi_downsizer_inst/USE_WRITE.write_data_inst/m_axi_wlast_INST_0/I5
    SLICE_X4Y54          LUT6 (Prop_lut6_I5_O)        0.124     8.842 r  cnn_accelerator_system_i/ram_interconnect/m01_couplers/auto_ds/inst/gen_downsizer.gen_simple_downsizer.axi_downsizer_inst/USE_WRITE.write_data_inst/m_axi_wlast_INST_0/O
                         net (fo=10, routed)          1.032     9.874    cnn_accelerator_system_i/ram_interconnect/m01_couplers/auto_ds/inst/gen_downsizer.gen_simple_downsizer.axi_downsizer_inst/USE_WRITE.write_addr_inst/cmd_queue/inst/s_axi_wready_0
    SLICE_X12Y52                                                      r  cnn_accelerator_system_i/ram_interconnect/m01_couplers/auto_ds/inst/gen_downsizer.gen_simple_downsizer.axi_downsizer_inst/USE_WRITE.write_addr_inst/cmd_queue/inst/s_axi_wready_INST_0/I2
    SLICE_X12Y52         LUT6 (Prop_lut6_I2_O)        0.124     9.998 r  cnn_accelerator_system_i/ram_interconnect/m01_couplers/auto_ds/inst/gen_downsizer.gen_simple_downsizer.axi_downsizer_inst/USE_WRITE.write_addr_inst/cmd_queue/inst/s_axi_wready_INST_0/O
                         net (fo=4, routed)           0.519    10.517    cnn_accelerator_system_i/ram_interconnect/xbar/inst/gen_samd.crossbar_samd/gen_slave_slots[2].gen_si_write.wdata_router_w/wrouter_aw_fifo/gen_srls[0].gen_rep[1].srl_nx1/m_axi_wready[0]
    SLICE_X13Y45                                                      r  cnn_accelerator_system_i/ram_interconnect/xbar/inst/gen_samd.crossbar_samd/gen_slave_slots[2].gen_si_write.wdata_router_w/wrouter_aw_fifo/gen_srls[0].gen_rep[1].srl_nx1/s_axi_wready[2]_INST_0_i_1/I3
    SLICE_X13Y45         LUT6 (Prop_lut6_I3_O)        0.124    10.641 r  cnn_accelerator_system_i/ram_interconnect/xbar/inst/gen_samd.crossbar_samd/gen_slave_slots[2].gen_si_write.wdata_router_w/wrouter_aw_fifo/gen_srls[0].gen_rep[1].srl_nx1/s_axi_wready[2]_INST_0_i_1/O
                         net (fo=4, routed)           0.564    11.205    cnn_accelerator_system_i/ram_interconnect/xbar/inst/gen_samd.crossbar_samd/gen_slave_slots[2].gen_si_write.wdata_router_w/wrouter_aw_fifo/m_aready0
    SLICE_X15Y45                                                      r  cnn_accelerator_system_i/ram_interconnect/xbar/inst/gen_samd.crossbar_samd/gen_slave_slots[2].gen_si_write.wdata_router_w/wrouter_aw_fifo/s_axi_wready[2]_INST_0/I1
    SLICE_X15Y45         LUT2 (Prop_lut2_I1_O)        0.118    11.323 r  cnn_accelerator_system_i/ram_interconnect/xbar/inst/gen_samd.crossbar_samd/gen_slave_slots[2].gen_si_write.wdata_router_w/wrouter_aw_fifo/s_axi_wready[2]_INST_0/O
                         net (fo=39, routed)          0.429    11.753    cnn_accelerator_system_i/ram_interconnect/s02_couplers/auto_us/inst/gen_upsizer.gen_full_upsizer.axi_upsizer_inst/USE_WRITE.gen_non_fifo_w_upsizer.write_data_inst/m_axi_wready
    SLICE_X15Y46                                                      r  cnn_accelerator_system_i/ram_interconnect/s02_couplers/auto_us/inst/gen_upsizer.gen_full_upsizer.axi_upsizer_inst/USE_WRITE.gen_non_fifo_w_upsizer.write_data_inst/USE_RTL_LENGTH.first_mi_word_q_i_2/I0
    SLICE_X15Y46         LUT6 (Prop_lut6_I0_O)        0.326    12.079 r  cnn_accelerator_system_i/ram_interconnect/s02_couplers/auto_us/inst/gen_upsizer.gen_full_upsizer.axi_upsizer_inst/USE_WRITE.gen_non_fifo_w_upsizer.write_data_inst/USE_RTL_LENGTH.first_mi_word_q_i_2/O
                         net (fo=38, routed)          0.912    12.990    cnn_accelerator_system_i/ram_interconnect/s02_couplers/auto_us/inst/gen_upsizer.gen_full_upsizer.axi_upsizer_inst/USE_WRITE.write_addr_inst/GEN_CMD_QUEUE.cmd_queue/USE_FF_OUT.USE_RTL_OUTPUT_PIPELINE.M_MESG_Q_reg[0]_0
    SLICE_X15Y52                                                      r  cnn_accelerator_system_i/ram_interconnect/s02_couplers/auto_us/inst/gen_upsizer.gen_full_upsizer.axi_upsizer_inst/USE_WRITE.write_addr_inst/GEN_CMD_QUEUE.cmd_queue/WORD_LANE[1].USE_ALWAYS_PACKER.BYTE_LANE[1].USE_RTL_DATA.USE_REGISTER.M_AXI_WDATA_I[47]_i_3_rewire/I2
    SLICE_X15Y52         LUT3 (Prop_lut3_I2_O)        0.119    13.109 r  cnn_accelerator_system_i/ram_interconnect/s02_couplers/auto_us/inst/gen_upsizer.gen_full_upsizer.axi_upsizer_inst/USE_WRITE.write_addr_inst/GEN_CMD_QUEUE.cmd_queue/WORD_LANE[1].USE_ALWAYS_PACKER.BYTE_LANE[1].USE_RTL_DATA.USE_REGISTER.M_AXI_WDATA_I[47]_i_3_rewire/O
                         net (fo=9, routed)           0.779    13.888    cnn_accelerator_system_i/ram_interconnect/s02_couplers/auto_us/inst/gen_upsizer.gen_full_upsizer.axi_upsizer_inst/USE_WRITE.write_addr_inst/GEN_CMD_QUEUE.cmd_queue/WORD_LANE[1].USE_ALWAYS_PACKER.BYTE_LANE[1].USE_RTL_DATA.USE_REGISTER.M_AXI_WDATA_I[47]_i_3_n_0
    SLICE_X20Y48                                                      r  cnn_accelerator_system_i/ram_interconnect/s02_couplers/auto_us/inst/gen_upsizer.gen_full_upsizer.axi_upsizer_inst/USE_WRITE.write_addr_inst/GEN_CMD_QUEUE.cmd_queue/WORD_LANE[1].USE_ALWAYS_PACKER.BYTE_LANE[1].USE_RTL_DATA.USE_REGISTER.M_AXI_WDATA_I[47]_i_1_rewire/I5
    SLICE_X20Y48         LUT6 (Prop_lut6_I5_O)        0.332    14.220 r  cnn_accelerator_system_i/ram_interconnect/s02_couplers/auto_us/inst/gen_upsizer.gen_full_upsizer.axi_upsizer_inst/USE_WRITE.write_addr_inst/GEN_CMD_QUEUE.cmd_queue/WORD_LANE[1].USE_ALWAYS_PACKER.BYTE_LANE[1].USE_RTL_DATA.USE_REGISTER.M_AXI_WDATA_I[47]_i_1_rewire/O
                         net (fo=8, routed)           0.747    14.967    cnn_accelerator_system_i/ram_interconnect/s02_couplers/auto_us/inst/gen_upsizer.gen_full_upsizer.axi_upsizer_inst/USE_WRITE.gen_non_fifo_w_upsizer.write_data_inst/WORD_LANE[1].USE_ALWAYS_PACKER.BYTE_LANE[1].USE_RTL_DATA.USE_REGISTER.M_AXI_WDATA_I_reg[47]_0[0]
    SLICE_X15Y52         FDRE                                         r  cnn_accelerator_system_i/ram_interconnect/s02_couplers/auto_us/inst/gen_upsizer.gen_full_upsizer.axi_upsizer_inst/USE_WRITE.gen_non_fifo_w_upsizer.write_data_inst/WORD_LANE[1].USE_ALWAYS_PACKER.BYTE_LANE[1].USE_RTL_DATA.USE_REGISTER.M_AXI_WDATA_I_reg[42]/CE
  -------------------------------------------------------------------    -------------------

                         (clock clk_out1_cnn_accelerator_system_clk_wiz_0_0 rise edge)
                                                     10.000    10.000 r  
    E3                                                0.000    10.000 r  CLK100MHZ (IN)
                         net (fo=0)                   0.000    10.000    CLK100MHZ
    E3                                                                r  CLK100MHZ_IBUF_inst/I
    E3                   IBUF (Prop_ibuf_I_O)         1.411    11.411 r  CLK100MHZ_IBUF_inst/O
                         net (fo=1, routed)           1.920    13.331    cnn_accelerator_system_i/util_ds_buf_0/U0/BUFG_I[0]
    BUFGCTRL_X0Y16                                                    r  cnn_accelerator_system_i/util_ds_buf_0/U0/USE_BUFG.GEN_BUFG[0].BUFG_U/I
    BUFGCTRL_X0Y16       BUFG (Prop_bufg_I_O)         0.091    13.422 r  cnn_accelerator_system_i/util_ds_buf_0/U0/USE_BUFG.GEN_BUFG[0].BUFG_U/O
                         net (fo=2, routed)           1.683    15.105    cnn_accelerator_system_i/clk_wiz_0/inst/clk_in1
    MMCME2_ADV_X0Y0                                                   r  cnn_accelerator_system_i/clk_wiz_0/inst/mmcm_adv_inst/CLKIN1
    MMCME2_ADV_X0Y0      MMCME2_ADV (Prop_mmcme2_adv_CLKIN1_CLKOUT0)
                                                     -3.694    11.411 r  cnn_accelerator_system_i/clk_wiz_0/inst/mmcm_adv_inst/CLKOUT0
                         net (fo=1, routed)           1.923    13.334    cnn_accelerator_system_i/clk_wiz_0/inst/clk_out1_cnn_accelerator_system_clk_wiz_0_0
    BUFGCTRL_X0Y3                                                     r  cnn_accelerator_system_i/clk_wiz_0/inst/clkout1_buf/I
    BUFGCTRL_X0Y3        BUFG (Prop_bufg_I_O)         0.091    13.425 r  cnn_accelerator_system_i/clk_wiz_0/inst/clkout1_buf/O
                         net (fo=14543, routed)       1.522    14.948    cnn_accelerator_system_i/ram_interconnect/s02_couplers/auto_us/inst/gen_upsizer.gen_full_upsizer.axi_upsizer_inst/USE_WRITE.gen_non_fifo_w_upsizer.write_data_inst/USE_RTL_LENGTH.length_counter_q_reg[0]_0
    SLICE_X15Y52         FDRE                                         r  cnn_accelerator_system_i/ram_interconnect/s02_couplers/auto_us/inst/gen_upsizer.gen_full_upsizer.axi_upsizer_inst/USE_WRITE.gen_non_fifo_w_upsizer.write_data_inst/WORD_LANE[1].USE_ALWAYS_PACKER.BYTE_LANE[1].USE_RTL_DATA.USE_REGISTER.M_AXI_WDATA_I_reg[42]/C
                         clock pessimism              0.259    15.207    
                         clock uncertainty           -0.074    15.133    
    SLICE_X15Y52         FDRE (Setup_fdre_C_CE)      -0.205    14.928    cnn_accelerator_system_i/ram_interconnect/s02_couplers/auto_us/inst/gen_upsizer.gen_full_upsizer.axi_upsizer_inst/USE_WRITE.gen_non_fifo_w_upsizer.write_data_inst/WORD_LANE[1].USE_ALWAYS_PACKER.BYTE_LANE[1].USE_RTL_DATA.USE_REGISTER.M_AXI_WDATA_I_reg[42]
  -------------------------------------------------------------------
                         required time                         14.928    
                         arrival time                         -14.967    
  -------------------------------------------------------------------
                         slack                                 -0.039    

Slack (VIOLATED) :        -0.037ns  (required time - arrival time)
  Source:                 cnn_accelerator_system_i/cnn_accelerator_wino_0/inst/conv2/gpab_im_reg[20][1]/C
                            (rising edge-triggered cell FDRE clocked by clk_out3_cnn_accelerator_system_clk_wiz_0_0  {rise@0.000ns fall@2.500ns period=5.000ns})
  Destination:            cnn_accelerator_system_i/cnn_accelerator_wino_0/inst/conv2/gpim_q_reg[20][23]/D
                            (rising edge-triggered cell FDRE clocked by clk_out3_cnn_accelerator_system_clk_wiz_0_0  {rise@0.000ns fall@2.500ns period=5.000ns})
  Path Group:             clk_out3_cnn_accelerator_system_clk_wiz_0_0
  Path Type:              Setup (Max at Slow Process Corner)
  Requirement:            5.000ns  (clk_out3_cnn_accelerator_system_clk_wiz_0_0 rise@5.000ns - clk_out3_cnn_accelerator_system_clk_wiz_0_0 rise@0.000ns)
  Data Path Delay:        4.835ns  (logic 2.023ns (41.839%)  route 2.812ns (58.161%))
  Logic Levels:           7  (CARRY4=6 LUT2=1)
  Clock Path Skew:        0.114ns (DCD - SCD + CPR)
    Destination Clock Delay (DCD):    5.149ns = ( 10.149 - 5.000 ) 
    Source Clock Delay      (SCD):    5.221ns
    Clock Pessimism Removal (CPR):    0.186ns
  Clock Uncertainty:      0.067ns  ((TSJ^2 + DJ^2)^1/2) / 2 + PE
    Total System Jitter     (TSJ):    0.071ns
    Discrete Jitter          (DJ):    0.113ns
    Phase Error              (PE):    0.000ns

    Location             Delay type                Incr(ns)  Path(ns)    Netlist Resource(s)
  -------------------------------------------------------------------    -------------------
                         (clock clk_out3_cnn_accelerator_system_clk_wiz_0_0 rise edge)
                                                      0.000     0.000 r  
    E3                                                0.000     0.000 r  CLK100MHZ (IN)
                         net (fo=0)                   0.000     0.000    CLK100MHZ
    E3                                                                r  CLK100MHZ_IBUF_inst/I
    E3                   IBUF (Prop_ibuf_I_O)         1.482     1.482 r  CLK100MHZ_IBUF_inst/O
                         net (fo=1, routed)           2.025     3.506    cnn_accelerator_system_i/util_ds_buf_0/U0/BUFG_I[0]
    BUFGCTRL_X0Y16                                                    r  cnn_accelerator_system_i/util_ds_buf_0/U0/USE_BUFG.GEN_BUFG[0].BUFG_U/I
    BUFGCTRL_X0Y16       BUFG (Prop_bufg_I_O)         0.096     3.602 r  cnn_accelerator_system_i/util_ds_buf_0/U0/USE_BUFG.GEN_BUFG[0].BUFG_U/O
                         net (fo=2, routed)           1.809     5.412    cnn_accelerator_system_i/clk_wiz_0/inst/clk_in1
    MMCME2_ADV_X0Y0                                                   r  cnn_accelerator_system_i/clk_wiz_0/inst/mmcm_adv_inst/CLKIN1
    MMCME2_ADV_X0Y0      MMCME2_ADV (Prop_mmcme2_adv_CLKIN1_CLKOUT2)
                                                     -3.922     1.490 r  cnn_accelerator_system_i/clk_wiz_0/inst/mmcm_adv_inst/CLKOUT2
                         net (fo=1, routed)           2.018     3.508    cnn_accelerator_system_i/clk_wiz_0/inst/clk_out3_cnn_accelerator_system_clk_wiz_0_0
    BUFGCTRL_X0Y2                                                     r  cnn_accelerator_system_i/clk_wiz_0/inst/clkout3_buf/I
    BUFGCTRL_X0Y2        BUFG (Prop_bufg_I_O)         0.096     3.604 r  cnn_accelerator_system_i/clk_wiz_0/inst/clkout3_buf/O
                         net (fo=53115, routed)       1.617     5.221    cnn_accelerator_system_i/cnn_accelerator_wino_0/inst/conv2/clk
    SLICE_X67Y110        FDRE                                         r  cnn_accelerator_system_i/cnn_accelerator_wino_0/inst/conv2/gpab_im_reg[20][1]/C
  -------------------------------------------------------------------    -------------------
    SLICE_X67Y110        FDRE (Prop_fdre_C_Q)         0.456     5.677 r  cnn_accelerator_system_i/cnn_accelerator_wino_0/inst/conv2/gpab_im_reg[20][1]/Q
                         net (fo=2, routed)           1.250     6.928    cnn_accelerator_system_i/cnn_accelerator_wino_0/inst/conv2/gpab_im_reg[20]_550[1]
    SLICE_X70Y133                                                     r  cnn_accelerator_system_i/cnn_accelerator_wino_0/inst/conv2/gpim_q[20][3]_i_4/I0
    SLICE_X70Y133        LUT2 (Prop_lut2_I0_O)        0.124     7.052 r  cnn_accelerator_system_i/cnn_accelerator_wino_0/inst/conv2/gpim_q[20][3]_i_4/O
                         net (fo=1, routed)           0.480     7.531    cnn_accelerator_system_i/cnn_accelerator_wino_0/inst/conv2/gpim_q[20][3]_i_4_n_0
    SLICE_X69Y139                                                     r  cnn_accelerator_system_i/cnn_accelerator_wino_0/inst/conv2/gpim_q_reg[20][3]_i_1/S[1]
    SLICE_X69Y139        CARRY4 (Prop_carry4_S[1]_CO[3])
                                                      0.674     8.205 r  cnn_accelerator_system_i/cnn_accelerator_wino_0/inst/conv2/gpim_q_reg[20][3]_i_1/CO[3]
                         net (fo=1, routed)           0.000     8.205    cnn_accelerator_system_i/cnn_accelerator_wino_0/inst/conv2/gpim_q_reg[20][3]_i_1_n_0
    SLICE_X69Y140                                                     r  cnn_accelerator_system_i/cnn_accelerator_wino_0/inst/conv2/gpim_q_reg[20][7]_i_1/CI
    SLICE_X69Y140        CARRY4 (Prop_carry4_CI_CO[3])
                                                      0.114     8.319 r  cnn_accelerator_system_i/cnn_accelerator_wino_0/inst/conv2/gpim_q_reg[20][7]_i_1/CO[3]
                         net (fo=1, routed)           0.000     8.319    cnn_accelerator_system_i/cnn_accelerator_wino_0/inst/conv2/gpim_q_reg[20][7]_i_1_n_0
    SLICE_X69Y141                                                     r  cnn_accelerator_system_i/cnn_accelerator_wino_0/inst/conv2/gpim_q_reg[20][11]_i_1/CI
    SLICE_X69Y141        CARRY4 (Prop_carry4_CI_CO[3])
                                                      0.114     8.433 r  cnn_accelerator_system_i/cnn_accelerator_wino_0/inst/conv2/gpim_q_reg[20][11]_i_1/CO[3]
                         net (fo=1, routed)           0.000     8.433    cnn_accelerator_system_i/cnn_accelerator_wino_0/inst/conv2/gpim_q_reg[20][11]_i_1_n_0
    SLICE_X69Y142                                                     r  cnn_accelerator_system_i/cnn_accelerator_wino_0/inst/conv2/gpim_q_reg[20][15]_i_1/CI
    SLICE_X69Y142        CARRY4 (Prop_carry4_CI_CO[3])
                                                      0.114     8.547 r  cnn_accelerator_system_i/cnn_accelerator_wino_0/inst/conv2/gpim_q_reg[20][15]_i_1/CO[3]
                         net (fo=1, routed)           0.000     8.547    cnn_accelerator_system_i/cnn_accelerator_wino_0/inst/conv2/gpim_q_reg[20][15]_i_1_n_0
    SLICE_X69Y143                                                     r  cnn_accelerator_system_i/cnn_accelerator_wino_0/inst/conv2/gpim_q_reg[20][19]_i_1/CI
    SLICE_X69Y143        CARRY4 (Prop_carry4_CI_CO[3])
                                                      0.114     8.661 r  cnn_accelerator_system_i/cnn_accelerator_wino_0/inst/conv2/gpim_q_reg[20][19]_i_1/CO[3]
                         net (fo=1, routed)           0.000     8.661    cnn_accelerator_system_i/cnn_accelerator_wino_0/inst/conv2/gpim_q_reg[20][19]_i_1_n_0
    SLICE_X69Y144                                                     r  cnn_accelerator_system_i/cnn_accelerator_wino_0/inst/conv2/gpim_q_reg[20][23]_i_1/CI
    SLICE_X69Y144        CARRY4 (Prop_carry4_CI_O[3])
                                                      0.313     8.974 r  cnn_accelerator_system_i/cnn_accelerator_wino_0/inst/conv2/gpim_q_reg[20][23]_i_1/O[3]
                         net (fo=1, routed)           1.082    10.056    cnn_accelerator_system_i/cnn_accelerator_wino_0/inst/conv2/gpim[20]_784[23]
    SLICE_X79Y151        FDRE                                         r  cnn_accelerator_system_i/cnn_accelerator_wino_0/inst/conv2/gpim_q_reg[20][23]/D
  -------------------------------------------------------------------    -------------------

                         (clock clk_out3_cnn_accelerator_system_clk_wiz_0_0 rise edge)
                                                      5.000     5.000 r  
    E3                                                0.000     5.000 r  CLK100MHZ (IN)
                         net (fo=0)                   0.000     5.000    CLK100MHZ
    E3                                                                r  CLK100MHZ_IBUF_inst/I
    E3                   IBUF (Prop_ibuf_I_O)         1.411     6.411 r  CLK100MHZ_IBUF_inst/O
                         net (fo=1, routed)           1.920     8.331    cnn_accelerator_system_i/util_ds_buf_0/U0/BUFG_I[0]
    BUFGCTRL_X0Y16                                                    r  cnn_accelerator_system_i/util_ds_buf_0/U0/USE_BUFG.GEN_BUFG[0].BUFG_U/I
    BUFGCTRL_X0Y16       BUFG (Prop_bufg_I_O)         0.091     8.422 r  cnn_accelerator_system_i/util_ds_buf_0/U0/USE_BUFG.GEN_BUFG[0].BUFG_U/O
                         net (fo=2, routed)           1.683    10.105    cnn_accelerator_system_i/clk_wiz_0/inst/clk_in1
    MMCME2_ADV_X0Y0                                                   r  cnn_accelerator_system_i/clk_wiz_0/inst/mmcm_adv_inst/CLKIN1
    MMCME2_ADV_X0Y0      MMCME2_ADV (Prop_mmcme2_adv_CLKIN1_CLKOUT2)
                                                     -3.694     6.411 r  cnn_accelerator_system_i/clk_wiz_0/inst/mmcm_adv_inst/CLKOUT2
                         net (fo=1, routed)           1.923     8.334    cnn_accelerator_system_i/clk_wiz_0/inst/clk_out3_cnn_accelerator_system_clk_wiz_0_0
    BUFGCTRL_X0Y2                                                     r  cnn_accelerator_system_i/clk_wiz_0/inst/clkout3_buf/I
    BUFGCTRL_X0Y2        BUFG (Prop_bufg_I_O)         0.091     8.425 r  cnn_accelerator_system_i/clk_wiz_0/inst/clkout3_buf/O
                         net (fo=53115, routed)       1.724    10.149    cnn_accelerator_system_i/cnn_accelerator_wino_0/inst/conv2/clk
    SLICE_X79Y151        FDRE                                         r  cnn_accelerator_system_i/cnn_accelerator_wino_0/inst/conv2/gpim_q_reg[20][23]/C
                         clock pessimism              0.186    10.335    
                         clock uncertainty           -0.067    10.269    
    SLICE_X79Y151        FDRE (Setup_fdre_C_D)       -0.249    10.020    cnn_accelerator_system_i/cnn_accelerator_wino_0/inst/conv2/gpim_q_reg[20][23]
  -------------------------------------------------------------------
                         required time                         10.020    
                         arrival time                         -10.056    
  -------------------------------------------------------------------
                         slack                                 -0.037    

Slack (VIOLATED) :        -0.032ns  (required time - arrival time)
  Source:                 cnn_accelerator_system_i/cnn_accelerator_wino_0/inst/conv2/tile6_q_reg[1916]/C
                            (rising edge-triggered cell FDRE clocked by clk_out3_cnn_accelerator_system_clk_wiz_0_0  {rise@0.000ns fall@2.500ns period=5.000ns})
  Destination:            cnn_accelerator_system_i/cnn_accelerator_wino_0/inst/conv2/gic[3].u_it/tre_reg[2][5][10]/D
                            (rising edge-triggered cell FDRE clocked by clk_out3_cnn_accelerator_system_clk_wiz_0_0  {rise@0.000ns fall@2.500ns period=5.000ns})
  Path Group:             clk_out3_cnn_accelerator_system_clk_wiz_0_0
  Path Type:              Setup (Max at Slow Process Corner)
  Requirement:            5.000ns  (clk_out3_cnn_accelerator_system_clk_wiz_0_0 rise@5.000ns - clk_out3_cnn_accelerator_system_clk_wiz_0_0 rise@0.000ns)
  Data Path Delay:        4.990ns  (logic 1.898ns (38.039%)  route 3.092ns (61.961%))
  Logic Levels:           6  (CARRY4=2 LUT3=2 LUT5=1 LUT6=1)
  Clock Path Skew:        -0.038ns (DCD - SCD + CPR)
    Destination Clock Delay (DCD):    4.934ns = ( 9.934 - 5.000 ) 
    Source Clock Delay      (SCD):    5.231ns
    Clock Pessimism Removal (CPR):    0.259ns
  Clock Uncertainty:      0.067ns  ((TSJ^2 + DJ^2)^1/2) / 2 + PE
    Total System Jitter     (TSJ):    0.071ns
    Discrete Jitter          (DJ):    0.113ns
    Phase Error              (PE):    0.000ns

    Location             Delay type                Incr(ns)  Path(ns)    Netlist Resource(s)
  -------------------------------------------------------------------    -------------------
                         (clock clk_out3_cnn_accelerator_system_clk_wiz_0_0 rise edge)
                                                      0.000     0.000 r  
    E3                                                0.000     0.000 r  CLK100MHZ (IN)
                         net (fo=0)                   0.000     0.000    CLK100MHZ
    E3                                                                r  CLK100MHZ_IBUF_inst/I
    E3                   IBUF (Prop_ibuf_I_O)         1.482     1.482 r  CLK100MHZ_IBUF_inst/O
                         net (fo=1, routed)           2.025     3.506    cnn_accelerator_system_i/util_ds_buf_0/U0/BUFG_I[0]
    BUFGCTRL_X0Y16                                                    r  cnn_accelerator_system_i/util_ds_buf_0/U0/USE_BUFG.GEN_BUFG[0].BUFG_U/I
    BUFGCTRL_X0Y16       BUFG (Prop_bufg_I_O)         0.096     3.602 r  cnn_accelerator_system_i/util_ds_buf_0/U0/USE_BUFG.GEN_BUFG[0].BUFG_U/O
                         net (fo=2, routed)           1.809     5.412    cnn_accelerator_system_i/clk_wiz_0/inst/clk_in1
    MMCME2_ADV_X0Y0                                                   r  cnn_accelerator_system_i/clk_wiz_0/inst/mmcm_adv_inst/CLKIN1
    MMCME2_ADV_X0Y0      MMCME2_ADV (Prop_mmcme2_adv_CLKIN1_CLKOUT2)
                                                     -3.922     1.490 r  cnn_accelerator_system_i/clk_wiz_0/inst/mmcm_adv_inst/CLKOUT2
                         net (fo=1, routed)           2.018     3.508    cnn_accelerator_system_i/clk_wiz_0/inst/clk_out3_cnn_accelerator_system_clk_wiz_0_0
    BUFGCTRL_X0Y2                                                     r  cnn_accelerator_system_i/clk_wiz_0/inst/clkout3_buf/I
    BUFGCTRL_X0Y2        BUFG (Prop_bufg_I_O)         0.096     3.604 r  cnn_accelerator_system_i/clk_wiz_0/inst/clkout3_buf/O
                         net (fo=53115, routed)       1.626     5.231    cnn_accelerator_system_i/cnn_accelerator_wino_0/inst/conv2/clk
    SLICE_X58Y89         FDRE                                         r  cnn_accelerator_system_i/cnn_accelerator_wino_0/inst/conv2/tile6_q_reg[1916]/C
  -------------------------------------------------------------------    -------------------
    SLICE_X58Y89         FDRE (Prop_fdre_C_Q)         0.518     5.749 r  cnn_accelerator_system_i/cnn_accelerator_wino_0/inst/conv2/tile6_q_reg[1916]/Q
                         net (fo=2, routed)           1.124     6.873    cnn_accelerator_system_i/cnn_accelerator_wino_0/inst/conv2/gic[3].u_it/Q[476]
    SLICE_X67Y93                                                      r  cnn_accelerator_system_i/cnn_accelerator_wino_0/inst/conv2/gic[3].u_it/i___37_i_2__2/I0
    SLICE_X67Y93         LUT3 (Prop_lut3_I0_O)        0.124     6.997 r  cnn_accelerator_system_i/cnn_accelerator_wino_0/inst/conv2/gic[3].u_it/i___37_i_2__2/O
                         net (fo=9, routed)           0.923     7.919    cnn_accelerator_system_i/cnn_accelerator_wino_0/inst/conv2/gic[3].u_it/gic[3].d_flat_ic[236]
    SLICE_X67Y93                                                      r  cnn_accelerator_system_i/cnn_accelerator_wino_0/inst/conv2/gic[3].u_it/i___37/I1
    SLICE_X67Y93         LUT3 (Prop_lut3_I1_O)        0.124     8.043 r  cnn_accelerator_system_i/cnn_accelerator_wino_0/inst/conv2/gic[3].u_it/i___37/O
                         net (fo=4, routed)           0.593     8.636    cnn_accelerator_system_i/cnn_accelerator_wino_0/inst/conv2/gic[3].u_it/i___37_n_0
    SLICE_X63Y95                                                      r  cnn_accelerator_system_i/cnn_accelerator_wino_0/inst/conv2/gic[3].u_it/tre[2][5][7]_i_4__2/I3
    SLICE_X63Y95         LUT5 (Prop_lut5_I3_O)        0.124     8.760 r  cnn_accelerator_system_i/cnn_accelerator_wino_0/inst/conv2/gic[3].u_it/tre[2][5][7]_i_4__2/O
                         net (fo=2, routed)           0.452     9.212    cnn_accelerator_system_i/cnn_accelerator_wino_0/inst/conv2/gic[3].u_it/tre[2][5][7]_i_4__2_n_0
    SLICE_X63Y93                                                      r  cnn_accelerator_system_i/cnn_accelerator_wino_0/inst/conv2/gic[3].u_it/tre[2][5][7]_i_8__2/I0
    SLICE_X63Y93         LUT6 (Prop_lut6_I0_O)        0.124     9.336 r  cnn_accelerator_system_i/cnn_accelerator_wino_0/inst/conv2/gic[3].u_it/tre[2][5][7]_i_8__2/O
                         net (fo=1, routed)           0.000     9.336    cnn_accelerator_system_i/cnn_accelerator_wino_0/inst/conv2/gic[3].u_it/tre[2][5][7]_i_8__2_n_0
    SLICE_X63Y93                                                      r  cnn_accelerator_system_i/cnn_accelerator_wino_0/inst/conv2/gic[3].u_it/tre_reg[2][5][7]_i_1__2/S[1]
    SLICE_X63Y93         CARRY4 (Prop_carry4_S[1]_CO[3])
                                                      0.550     9.886 r  cnn_accelerator_system_i/cnn_accelerator_wino_0/inst/conv2/gic[3].u_it/tre_reg[2][5][7]_i_1__2/CO[3]
                         net (fo=1, routed)           0.000     9.886    cnn_accelerator_system_i/cnn_accelerator_wino_0/inst/conv2/gic[3].u_it/tre_reg[2][5][7]_i_1__2_n_0
    SLICE_X63Y94                                                      r  cnn_accelerator_system_i/cnn_accelerator_wino_0/inst/conv2/gic[3].u_it/tre_reg[2][5][10]_i_1__2/CI
    SLICE_X63Y94         CARRY4 (Prop_carry4_CI_O[1])
                                                      0.334    10.220 r  cnn_accelerator_system_i/cnn_accelerator_wino_0/inst/conv2/gic[3].u_it/tre_reg[2][5][10]_i_1__2/O[1]
                         net (fo=1, routed)           0.000    10.220    cnn_accelerator_system_i/cnn_accelerator_wino_0/inst/conv2/gic[3].u_it/tre_c[2][5]_1203[10]
    SLICE_X63Y94         FDRE                                         r  cnn_accelerator_system_i/cnn_accelerator_wino_0/inst/conv2/gic[3].u_it/tre_reg[2][5][10]/D
  -------------------------------------------------------------------    -------------------

                         (clock clk_out3_cnn_accelerator_system_clk_wiz_0_0 rise edge)
                                                      5.000     5.000 r  
    E3                                                0.000     5.000 r  CLK100MHZ (IN)
                         net (fo=0)                   0.000     5.000    CLK100MHZ
    E3                                                                r  CLK100MHZ_IBUF_inst/I
    E3                   IBUF (Prop_ibuf_I_O)         1.411     6.411 r  CLK100MHZ_IBUF_inst/O
                         net (fo=1, routed)           1.920     8.331    cnn_accelerator_system_i/util_ds_buf_0/U0/BUFG_I[0]
    BUFGCTRL_X0Y16                                                    r  cnn_accelerator_system_i/util_ds_buf_0/U0/USE_BUFG.GEN_BUFG[0].BUFG_U/I
    BUFGCTRL_X0Y16       BUFG (Prop_bufg_I_O)         0.091     8.422 r  cnn_accelerator_system_i/util_ds_buf_0/U0/USE_BUFG.GEN_BUFG[0].BUFG_U/O
                         net (fo=2, routed)           1.683    10.105    cnn_accelerator_system_i/clk_wiz_0/inst/clk_in1
    MMCME2_ADV_X0Y0                                                   r  cnn_accelerator_system_i/clk_wiz_0/inst/mmcm_adv_inst/CLKIN1
    MMCME2_ADV_X0Y0      MMCME2_ADV (Prop_mmcme2_adv_CLKIN1_CLKOUT2)
                                                     -3.694     6.411 r  cnn_accelerator_system_i/clk_wiz_0/inst/mmcm_adv_inst/CLKOUT2
                         net (fo=1, routed)           1.923     8.334    cnn_accelerator_system_i/clk_wiz_0/inst/clk_out3_cnn_accelerator_system_clk_wiz_0_0
    BUFGCTRL_X0Y2                                                     r  cnn_accelerator_system_i/clk_wiz_0/inst/clkout3_buf/I
    BUFGCTRL_X0Y2        BUFG (Prop_bufg_I_O)         0.091     8.425 r  cnn_accelerator_system_i/clk_wiz_0/inst/clkout3_buf/O
                         net (fo=53115, routed)       1.508     9.934    cnn_accelerator_system_i/cnn_accelerator_wino_0/inst/conv2/gic[3].u_it/clk
    SLICE_X63Y94         FDRE                                         r  cnn_accelerator_system_i/cnn_accelerator_wino_0/inst/conv2/gic[3].u_it/tre_reg[2][5][10]/C
                         clock pessimism              0.259    10.193    
                         clock uncertainty           -0.067    10.126    
    SLICE_X63Y94         FDRE (Setup_fdre_C_D)        0.062    10.188    cnn_accelerator_system_i/cnn_accelerator_wino_0/inst/conv2/gic[3].u_it/tre_reg[2][5][10]
  -------------------------------------------------------------------
                         required time                         10.188    
                         arrival time                         -10.220    
  -------------------------------------------------------------------
                         slack                                 -0.032    

Slack (VIOLATED) :        -0.023ns  (required time - arrival time)
  Source:                 cnn_accelerator_system_i/cnn_accelerator_wino_0/inst/conv2/tile6_q_reg[852]/C
                            (rising edge-triggered cell FDRE clocked by clk_out3_cnn_accelerator_system_clk_wiz_0_0  {rise@0.000ns fall@2.500ns period=5.000ns})
  Destination:            cnn_accelerator_system_i/cnn_accelerator_wino_0/inst/conv2/gic[2].u_it/tre_reg[1][1][10]/D
                            (rising edge-triggered cell FDRE clocked by clk_out3_cnn_accelerator_system_clk_wiz_0_0  {rise@0.000ns fall@2.500ns period=5.000ns})
  Path Group:             clk_out3_cnn_accelerator_system_clk_wiz_0_0
  Path Type:              Setup (Max at Slow Process Corner)
  Requirement:            5.000ns  (clk_out3_cnn_accelerator_system_clk_wiz_0_0 rise@5.000ns - clk_out3_cnn_accelerator_system_clk_wiz_0_0 rise@0.000ns)
  Data Path Delay:        4.970ns  (logic 1.898ns (38.191%)  route 3.072ns (61.809%))
  Logic Levels:           6  (CARRY4=2 LUT3=2 LUT5=1 LUT6=1)
  Clock Path Skew:        -0.049ns (DCD - SCD + CPR)
    Destination Clock Delay (DCD):    4.928ns = ( 9.928 - 5.000 ) 
    Source Clock Delay      (SCD):    5.234ns
    Clock Pessimism Removal (CPR):    0.257ns
  Clock Uncertainty:      0.067ns  ((TSJ^2 + DJ^2)^1/2) / 2 + PE
    Total System Jitter     (TSJ):    0.071ns
    Discrete Jitter          (DJ):    0.113ns
    Phase Error              (PE):    0.000ns

    Location             Delay type                Incr(ns)  Path(ns)    Netlist Resource(s)
  -------------------------------------------------------------------    -------------------
                         (clock clk_out3_cnn_accelerator_system_clk_wiz_0_0 rise edge)
                                                      0.000     0.000 r  
    E3                                                0.000     0.000 r  CLK100MHZ (IN)
                         net (fo=0)                   0.000     0.000    CLK100MHZ
    E3                                                                r  CLK100MHZ_IBUF_inst/I
    E3                   IBUF (Prop_ibuf_I_O)         1.482     1.482 r  CLK100MHZ_IBUF_inst/O
                         net (fo=1, routed)           2.025     3.506    cnn_accelerator_system_i/util_ds_buf_0/U0/BUFG_I[0]
    BUFGCTRL_X0Y16                                                    r  cnn_accelerator_system_i/util_ds_buf_0/U0/USE_BUFG.GEN_BUFG[0].BUFG_U/I
    BUFGCTRL_X0Y16       BUFG (Prop_bufg_I_O)         0.096     3.602 r  cnn_accelerator_system_i/util_ds_buf_0/U0/USE_BUFG.GEN_BUFG[0].BUFG_U/O
                         net (fo=2, routed)           1.809     5.412    cnn_accelerator_system_i/clk_wiz_0/inst/clk_in1
    MMCME2_ADV_X0Y0                                                   r  cnn_accelerator_system_i/clk_wiz_0/inst/mmcm_adv_inst/CLKIN1
    MMCME2_ADV_X0Y0      MMCME2_ADV (Prop_mmcme2_adv_CLKIN1_CLKOUT2)
                                                     -3.922     1.490 r  cnn_accelerator_system_i/clk_wiz_0/inst/mmcm_adv_inst/CLKOUT2
                         net (fo=1, routed)           2.018     3.508    cnn_accelerator_system_i/clk_wiz_0/inst/clk_out3_cnn_accelerator_system_clk_wiz_0_0
    BUFGCTRL_X0Y2                                                     r  cnn_accelerator_system_i/clk_wiz_0/inst/clkout3_buf/I
    BUFGCTRL_X0Y2        BUFG (Prop_bufg_I_O)         0.096     3.604 r  cnn_accelerator_system_i/clk_wiz_0/inst/clkout3_buf/O
                         net (fo=53115, routed)       1.630     5.234    cnn_accelerator_system_i/cnn_accelerator_wino_0/inst/conv2/clk
    SLICE_X14Y109        FDRE                                         r  cnn_accelerator_system_i/cnn_accelerator_wino_0/inst/conv2/tile6_q_reg[852]/C
  -------------------------------------------------------------------    -------------------
    SLICE_X14Y109        FDRE (Prop_fdre_C_Q)         0.518     5.752 r  cnn_accelerator_system_i/cnn_accelerator_wino_0/inst/conv2/tile6_q_reg[852]/Q
                         net (fo=1, routed)           1.126     6.878    cnn_accelerator_system_i/cnn_accelerator_wino_0/inst/conv2/gic[2].u_it/Q[212]
    SLICE_X32Y111                                                     r  cnn_accelerator_system_i/cnn_accelerator_wino_0/inst/conv2/gic[2].u_it/i___30_i_3__1/I2
    SLICE_X32Y111        LUT3 (Prop_lut3_I2_O)        0.124     7.002 r  cnn_accelerator_system_i/cnn_accelerator_wino_0/inst/conv2/gic[2].u_it/i___30_i_3__1/O
                         net (fo=6, routed)           0.598     7.600    cnn_accelerator_system_i/cnn_accelerator_wino_0/inst/conv2/gic[2].u_it/gic[2].d_flat_ic[108]
    SLICE_X36Y111                                                     r  cnn_accelerator_system_i/cnn_accelerator_wino_0/inst/conv2/gic[2].u_it/i___30/I2
    SLICE_X36Y111        LUT3 (Prop_lut3_I2_O)        0.124     7.724 f  cnn_accelerator_system_i/cnn_accelerator_wino_0/inst/conv2/gic[2].u_it/i___30/O
                         net (fo=4, routed)           0.681     8.405    cnn_accelerator_system_i/cnn_accelerator_wino_0/inst/conv2/gic[2].u_it/i___30_n_0
    SLICE_X37Y111                                                     f  cnn_accelerator_system_i/cnn_accelerator_wino_0/inst/conv2/gic[2].u_it/tre[1][1][7]_i_4__1/I3
    SLICE_X37Y111        LUT5 (Prop_lut5_I3_O)        0.124     8.529 r  cnn_accelerator_system_i/cnn_accelerator_wino_0/inst/conv2/gic[2].u_it/tre[1][1][7]_i_4__1/O
                         net (fo=2, routed)           0.667     9.196    cnn_accelerator_system_i/cnn_accelerator_wino_0/inst/conv2/gic[2].u_it/tre[1][1][7]_i_4__1_n_0
    SLICE_X28Y112                                                     r  cnn_accelerator_system_i/cnn_accelerator_wino_0/inst/conv2/gic[2].u_it/tre[1][1][7]_i_8__1/I0
    SLICE_X28Y112        LUT6 (Prop_lut6_I0_O)        0.124     9.320 r  cnn_accelerator_system_i/cnn_accelerator_wino_0/inst/conv2/gic[2].u_it/tre[1][1][7]_i_8__1/O
                         net (fo=1, routed)           0.000     9.320    cnn_accelerator_system_i/cnn_accelerator_wino_0/inst/conv2/gic[2].u_it/tre[1][1][7]_i_8__1_n_0
    SLICE_X28Y112                                                     r  cnn_accelerator_system_i/cnn_accelerator_wino_0/inst/conv2/gic[2].u_it/tre_reg[1][1][7]_i_1__1/S[1]
    SLICE_X28Y112        CARRY4 (Prop_carry4_S[1]_CO[3])
                                                      0.550     9.870 r  cnn_accelerator_system_i/cnn_accelerator_wino_0/inst/conv2/gic[2].u_it/tre_reg[1][1][7]_i_1__1/CO[3]
                         net (fo=1, routed)           0.000     9.870    cnn_accelerator_system_i/cnn_accelerator_wino_0/inst/conv2/gic[2].u_it/tre_reg[1][1][7]_i_1__1_n_0
    SLICE_X28Y113                                                     r  cnn_accelerator_system_i/cnn_accelerator_wino_0/inst/conv2/gic[2].u_it/tre_reg[1][1][10]_i_1__1/CI
    SLICE_X28Y113        CARRY4 (Prop_carry4_CI_O[1])
                                                      0.334    10.204 r  cnn_accelerator_system_i/cnn_accelerator_wino_0/inst/conv2/gic[2].u_it/tre_reg[1][1][10]_i_1__1/O[1]
                         net (fo=1, routed)           0.000    10.204    cnn_accelerator_system_i/cnn_accelerator_wino_0/inst/conv2/gic[2].u_it/tre_c[1][1]_1127[10]
    SLICE_X28Y113        FDRE                                         r  cnn_accelerator_system_i/cnn_accelerator_wino_0/inst/conv2/gic[2].u_it/tre_reg[1][1][10]/D
  -------------------------------------------------------------------    -------------------

                         (clock clk_out3_cnn_accelerator_system_clk_wiz_0_0 rise edge)
                                                      5.000     5.000 r  
    E3                                                0.000     5.000 r  CLK100MHZ (IN)
                         net (fo=0)                   0.000     5.000    CLK100MHZ
    E3                                                                r  CLK100MHZ_IBUF_inst/I
    E3                   IBUF (Prop_ibuf_I_O)         1.411     6.411 r  CLK100MHZ_IBUF_inst/O
                         net (fo=1, routed)           1.920     8.331    cnn_accelerator_system_i/util_ds_buf_0/U0/BUFG_I[0]
    BUFGCTRL_X0Y16                                                    r  cnn_accelerator_system_i/util_ds_buf_0/U0/USE_BUFG.GEN_BUFG[0].BUFG_U/I
    BUFGCTRL_X0Y16       BUFG (Prop_bufg_I_O)         0.091     8.422 r  cnn_accelerator_system_i/util_ds_buf_0/U0/USE_BUFG.GEN_BUFG[0].BUFG_U/O
                         net (fo=2, routed)           1.683    10.105    cnn_accelerator_system_i/clk_wiz_0/inst/clk_in1
    MMCME2_ADV_X0Y0                                                   r  cnn_accelerator_system_i/clk_wiz_0/inst/mmcm_adv_inst/CLKIN1
    MMCME2_ADV_X0Y0      MMCME2_ADV (Prop_mmcme2_adv_CLKIN1_CLKOUT2)
                                                     -3.694     6.411 r  cnn_accelerator_system_i/clk_wiz_0/inst/mmcm_adv_inst/CLKOUT2
                         net (fo=1, routed)           1.923     8.334    cnn_accelerator_system_i/clk_wiz_0/inst/clk_out3_cnn_accelerator_system_clk_wiz_0_0
    BUFGCTRL_X0Y2                                                     r  cnn_accelerator_system_i/clk_wiz_0/inst/clkout3_buf/I
    BUFGCTRL_X0Y2        BUFG (Prop_bufg_I_O)         0.091     8.425 r  cnn_accelerator_system_i/clk_wiz_0/inst/clkout3_buf/O
                         net (fo=53115, routed)       1.503     9.928    cnn_accelerator_system_i/cnn_accelerator_wino_0/inst/conv2/gic[2].u_it/clk
    SLICE_X28Y113        FDRE                                         r  cnn_accelerator_system_i/cnn_accelerator_wino_0/inst/conv2/gic[2].u_it/tre_reg[1][1][10]/C
                         clock pessimism              0.257    10.185    
                         clock uncertainty           -0.067    10.119    
    SLICE_X28Y113        FDRE (Setup_fdre_C_D)        0.062    10.181    cnn_accelerator_system_i/cnn_accelerator_wino_0/inst/conv2/gic[2].u_it/tre_reg[1][1][10]
  -------------------------------------------------------------------
                         required time                         10.181    
                         arrival time                         -10.204    
  -------------------------------------------------------------------
                         slack                                 -0.023    

Slack (VIOLATED) :        -0.007ns  (required time - arrival time)
  Source:                 cnn_accelerator_system_i/ram_interconnect/m01_couplers/auto_ds/inst/gen_downsizer.gen_simple_downsizer.axi_downsizer_inst/USE_WRITE.write_addr_inst/cmd_queue/inst/fifo_gen_inst/inst_fifo_gen/gconvfifo.rf/grf.rf/gntv_or_sync_fifo.mem/goreg_dm.dout_i_reg[4]/C
                            (rising edge-triggered cell FDRE clocked by clk_out1_cnn_accelerator_system_clk_wiz_0_0  {rise@0.000ns fall@5.000ns period=10.000ns})
  Destination:            cnn_accelerator_system_i/ram_interconnect/s02_couplers/auto_us/inst/gen_upsizer.gen_full_upsizer.axi_upsizer_inst/USE_WRITE.gen_non_fifo_w_upsizer.write_data_inst/WORD_LANE[2].USE_ALWAYS_PACKER.BYTE_LANE[2].USE_RTL_DATA.USE_REGISTER.M_AXI_WDATA_I_reg[80]/CE
                            (rising edge-triggered cell FDRE clocked by clk_out1_cnn_accelerator_system_clk_wiz_0_0  {rise@0.000ns fall@5.000ns period=10.000ns})
  Path Group:             clk_out1_cnn_accelerator_system_clk_wiz_0_0
  Path Type:              Setup (Max at Slow Process Corner)
  Requirement:            10.000ns  (clk_out1_cnn_accelerator_system_clk_wiz_0_0 rise@10.000ns - clk_out1_cnn_accelerator_system_clk_wiz_0_0 rise@0.000ns)
  Data Path Delay:        9.603ns  (logic 2.120ns (22.077%)  route 7.483ns (77.923%))
  Logic Levels:           10  (LUT2=1 LUT5=2 LUT6=7)
  Clock Path Skew:        -0.126ns (DCD - SCD + CPR)
    Destination Clock Delay (DCD):    4.942ns = ( 14.942 - 10.000 ) 
    Source Clock Delay      (SCD):    5.327ns
    Clock Pessimism Removal (CPR):    0.259ns
  Clock Uncertainty:      0.074ns  ((TSJ^2 + DJ^2)^1/2) / 2 + PE
    Total System Jitter     (TSJ):    0.071ns
    Discrete Jitter          (DJ):    0.129ns
    Phase Error              (PE):    0.000ns

    Location             Delay type                Incr(ns)  Path(ns)    Netlist Resource(s)
  -------------------------------------------------------------------    -------------------
                         (clock clk_out1_cnn_accelerator_system_clk_wiz_0_0 rise edge)
                                                      0.000     0.000 r  
    E3                                                0.000     0.000 r  CLK100MHZ (IN)
                         net (fo=0)                   0.000     0.000    CLK100MHZ
    E3                                                                r  CLK100MHZ_IBUF_inst/I
    E3                   IBUF (Prop_ibuf_I_O)         1.482     1.482 r  CLK100MHZ_IBUF_inst/O
                         net (fo=1, routed)           2.025     3.506    cnn_accelerator_system_i/util_ds_buf_0/U0/BUFG_I[0]
    BUFGCTRL_X0Y16                                                    r  cnn_accelerator_system_i/util_ds_buf_0/U0/USE_BUFG.GEN_BUFG[0].BUFG_U/I
    BUFGCTRL_X0Y16       BUFG (Prop_bufg_I_O)         0.096     3.602 r  cnn_accelerator_system_i/util_ds_buf_0/U0/USE_BUFG.GEN_BUFG[0].BUFG_U/O
                         net (fo=2, routed)           1.809     5.412    cnn_accelerator_system_i/clk_wiz_0/inst/clk_in1
    MMCME2_ADV_X0Y0                                                   r  cnn_accelerator_system_i/clk_wiz_0/inst/mmcm_adv_inst/CLKIN1
    MMCME2_ADV_X0Y0      MMCME2_ADV (Prop_mmcme2_adv_CLKIN1_CLKOUT0)
                                                     -3.922     1.490 r  cnn_accelerator_system_i/clk_wiz_0/inst/mmcm_adv_inst/CLKOUT0
                         net (fo=1, routed)           2.018     3.508    cnn_accelerator_system_i/clk_wiz_0/inst/clk_out1_cnn_accelerator_system_clk_wiz_0_0
    BUFGCTRL_X0Y3                                                     r  cnn_accelerator_system_i/clk_wiz_0/inst/clkout1_buf/I
    BUFGCTRL_X0Y3        BUFG (Prop_bufg_I_O)         0.096     3.604 r  cnn_accelerator_system_i/clk_wiz_0/inst/clkout1_buf/O
                         net (fo=14543, routed)       1.722     5.327    cnn_accelerator_system_i/ram_interconnect/m01_couplers/auto_ds/inst/gen_downsizer.gen_simple_downsizer.axi_downsizer_inst/USE_WRITE.write_addr_inst/cmd_queue/inst/fifo_gen_inst/inst_fifo_gen/gconvfifo.rf/grf.rf/gntv_or_sync_fifo.mem/clk
    SLICE_X5Y54          FDRE                                         r  cnn_accelerator_system_i/ram_interconnect/m01_couplers/auto_ds/inst/gen_downsizer.gen_simple_downsizer.axi_downsizer_inst/USE_WRITE.write_addr_inst/cmd_queue/inst/fifo_gen_inst/inst_fifo_gen/gconvfifo.rf/grf.rf/gntv_or_sync_fifo.mem/goreg_dm.dout_i_reg[4]/C
  -------------------------------------------------------------------    -------------------
    SLICE_X5Y54          FDRE (Prop_fdre_C_Q)         0.456     5.783 f  cnn_accelerator_system_i/ram_interconnect/m01_couplers/auto_ds/inst/gen_downsizer.gen_simple_downsizer.axi_downsizer_inst/USE_WRITE.write_addr_inst/cmd_queue/inst/fifo_gen_inst/inst_fifo_gen/gconvfifo.rf/grf.rf/gntv_or_sync_fifo.mem/goreg_dm.dout_i_reg[4]/Q
                         net (fo=4, routed)           1.319     7.102    cnn_accelerator_system_i/ram_interconnect/m01_couplers/auto_ds/inst/gen_downsizer.gen_simple_downsizer.axi_downsizer_inst/USE_WRITE.write_data_inst/current_word_1_reg[1]_1[1]
    SLICE_X3Y54                                                       f  cnn_accelerator_system_i/ram_interconnect/m01_couplers/auto_ds/inst/gen_downsizer.gen_simple_downsizer.axi_downsizer_inst/USE_WRITE.write_data_inst/length_counter_1[3]_i_2/I4
    SLICE_X3Y54          LUT5 (Prop_lut5_I4_O)        0.150     7.252 r  cnn_accelerator_system_i/ram_interconnect/m01_couplers/auto_ds/inst/gen_downsizer.gen_simple_downsizer.axi_downsizer_inst/USE_WRITE.write_data_inst/length_counter_1[3]_i_2/O
                         net (fo=2, routed)           0.381     7.633    cnn_accelerator_system_i/ram_interconnect/m01_couplers/auto_ds/inst/gen_downsizer.gen_simple_downsizer.axi_downsizer_inst/USE_WRITE.write_data_inst/length_counter_1[3]_i_2_n_0
    SLICE_X2Y54                                                       r  cnn_accelerator_system_i/ram_interconnect/m01_couplers/auto_ds/inst/gen_downsizer.gen_simple_downsizer.axi_downsizer_inst/USE_WRITE.write_data_inst/m_axi_wlast_INST_0_i_2/I2
    SLICE_X2Y54          LUT6 (Prop_lut6_I2_O)        0.326     7.959 r  cnn_accelerator_system_i/ram_interconnect/m01_couplers/auto_ds/inst/gen_downsizer.gen_simple_downsizer.axi_downsizer_inst/USE_WRITE.write_data_inst/m_axi_wlast_INST_0_i_2/O
                         net (fo=2, routed)           0.307     8.266    cnn_accelerator_system_i/ram_interconnect/m01_couplers/auto_ds/inst/gen_downsizer.gen_simple_downsizer.axi_downsizer_inst/USE_WRITE.write_data_inst/m_axi_wlast_INST_0_i_2_n_0
    SLICE_X3Y54                                                       r  cnn_accelerator_system_i/ram_interconnect/m01_couplers/auto_ds/inst/gen_downsizer.gen_simple_downsizer.axi_downsizer_inst/USE_WRITE.write_data_inst/m_axi_wlast_INST_0_i_1/I5
    SLICE_X3Y54          LUT6 (Prop_lut6_I5_O)        0.124     8.390 f  cnn_accelerator_system_i/ram_interconnect/m01_couplers/auto_ds/inst/gen_downsizer.gen_simple_downsizer.axi_downsizer_inst/USE_WRITE.write_data_inst/m_axi_wlast_INST_0_i_1/O
                         net (fo=3, routed)           0.328     8.718    cnn_accelerator_system_i/ram_interconnect/m01_couplers/auto_ds/inst/gen_downsizer.gen_simple_downsizer.axi_downsizer_inst/USE_WRITE.write_data_inst/m_axi_wlast_INST_0_i_1_n_0
    SLICE_X4Y54                                                       f  cnn_accelerator_system_i/ram_interconnect/m01_couplers/auto_ds/inst/gen_downsizer.gen_simple_downsizer.axi_downsizer_inst/USE_WRITE.write_data_inst/m_axi_wlast_INST_0/I5
    SLICE_X4Y54          LUT6 (Prop_lut6_I5_O)        0.124     8.842 r  cnn_accelerator_system_i/ram_interconnect/m01_couplers/auto_ds/inst/gen_downsizer.gen_simple_downsizer.axi_downsizer_inst/USE_WRITE.write_data_inst/m_axi_wlast_INST_0/O
                         net (fo=10, routed)          1.032     9.874    cnn_accelerator_system_i/ram_interconnect/m01_couplers/auto_ds/inst/gen_downsizer.gen_simple_downsizer.axi_downsizer_inst/USE_WRITE.write_addr_inst/cmd_queue/inst/s_axi_wready_0
    SLICE_X12Y52                                                      r  cnn_accelerator_system_i/ram_interconnect/m01_couplers/auto_ds/inst/gen_downsizer.gen_simple_downsizer.axi_downsizer_inst/USE_WRITE.write_addr_inst/cmd_queue/inst/s_axi_wready_INST_0/I2
    SLICE_X12Y52         LUT6 (Prop_lut6_I2_O)        0.124     9.998 r  cnn_accelerator_system_i/ram_interconnect/m01_couplers/auto_ds/inst/gen_downsizer.gen_simple_downsizer.axi_downsizer_inst/USE_WRITE.write_addr_inst/cmd_queue/inst/s_axi_wready_INST_0/O
                         net (fo=4, routed)           0.519    10.517    cnn_accelerator_system_i/ram_interconnect/xbar/inst/gen_samd.crossbar_samd/gen_slave_slots[2].gen_si_write.wdata_router_w/wrouter_aw_fifo/gen_srls[0].gen_rep[1].srl_nx1/m_axi_wready[0]
    SLICE_X13Y45                                                      r  cnn_accelerator_system_i/ram_interconnect/xbar/inst/gen_samd.crossbar_samd/gen_slave_slots[2].gen_si_write.wdata_router_w/wrouter_aw_fifo/gen_srls[0].gen_rep[1].srl_nx1/s_axi_wready[2]_INST_0_i_1/I3
    SLICE_X13Y45         LUT6 (Prop_lut6_I3_O)        0.124    10.641 r  cnn_accelerator_system_i/ram_interconnect/xbar/inst/gen_samd.crossbar_samd/gen_slave_slots[2].gen_si_write.wdata_router_w/wrouter_aw_fifo/gen_srls[0].gen_rep[1].srl_nx1/s_axi_wready[2]_INST_0_i_1/O
                         net (fo=4, routed)           0.564    11.205    cnn_accelerator_system_i/ram_interconnect/xbar/inst/gen_samd.crossbar_samd/gen_slave_slots[2].gen_si_write.wdata_router_w/wrouter_aw_fifo/m_aready0
    SLICE_X15Y45                                                      r  cnn_accelerator_system_i/ram_interconnect/xbar/inst/gen_samd.crossbar_samd/gen_slave_slots[2].gen_si_write.wdata_router_w/wrouter_aw_fifo/s_axi_wready[2]_INST_0/I1
    SLICE_X15Y45         LUT2 (Prop_lut2_I1_O)        0.118    11.323 r  cnn_accelerator_system_i/ram_interconnect/xbar/inst/gen_samd.crossbar_samd/gen_slave_slots[2].gen_si_write.wdata_router_w/wrouter_aw_fifo/s_axi_wready[2]_INST_0/O
                         net (fo=39, routed)          0.756    12.079    cnn_accelerator_system_i/ram_interconnect/s02_couplers/auto_us/inst/gen_upsizer.gen_full_upsizer.axi_upsizer_inst/USE_WRITE.write_addr_inst/GEN_CMD_QUEUE.cmd_queue/m_axi_wready
    SLICE_X25Y47                                                      r  cnn_accelerator_system_i/ram_interconnect/s02_couplers/auto_us/inst/gen_upsizer.gen_full_upsizer.axi_upsizer_inst/USE_WRITE.write_addr_inst/GEN_CMD_QUEUE.cmd_queue/WORD_LANE[3].USE_ALWAYS_PACKER.BYTE_LANE[3].USE_RTL_DATA.USE_REGISTER.M_AXI_WDATA_I[127]_i_6/I1
    SLICE_X25Y47         LUT6 (Prop_lut6_I1_O)        0.326    12.405 f  cnn_accelerator_system_i/ram_interconnect/s02_couplers/auto_us/inst/gen_upsizer.gen_full_upsizer.axi_upsizer_inst/USE_WRITE.write_addr_inst/GEN_CMD_QUEUE.cmd_queue/WORD_LANE[3].USE_ALWAYS_PACKER.BYTE_LANE[3].USE_RTL_DATA.USE_REGISTER.M_AXI_WDATA_I[127]_i_6/O
                         net (fo=2, routed)           0.350    12.756    cnn_accelerator_system_i/ram_interconnect/s02_couplers/auto_us/inst/gen_upsizer.gen_full_upsizer.axi_upsizer_inst/USE_WRITE.write_addr_inst/GEN_CMD_QUEUE.cmd_queue/WORD_LANE[3].USE_ALWAYS_PACKER.BYTE_LANE[3].USE_RTL_DATA.USE_REGISTER.M_AXI_WDATA_I[127]_i_6_n_0
    SLICE_X25Y48                                                      f  cnn_accelerator_system_i/ram_interconnect/s02_couplers/auto_us/inst/gen_upsizer.gen_full_upsizer.axi_upsizer_inst/USE_WRITE.write_addr_inst/GEN_CMD_QUEUE.cmd_queue/WORD_LANE[3].USE_ALWAYS_PACKER.BYTE_LANE[3].USE_RTL_DATA.USE_REGISTER.M_AXI_WDATA_I[127]_i_4/I0
    SLICE_X25Y48         LUT6 (Prop_lut6_I0_O)        0.124    12.880 f  cnn_accelerator_system_i/ram_interconnect/s02_couplers/auto_us/inst/gen_upsizer.gen_full_upsizer.axi_upsizer_inst/USE_WRITE.write_addr_inst/GEN_CMD_QUEUE.cmd_queue/WORD_LANE[3].USE_ALWAYS_PACKER.BYTE_LANE[3].USE_RTL_DATA.USE_REGISTER.M_AXI_WDATA_I[127]_i_4/O
                         net (fo=152, routed)         1.253    14.132    cnn_accelerator_system_i/ram_interconnect/s02_couplers/auto_us/inst/gen_upsizer.gen_full_upsizer.axi_upsizer_inst/USE_WRITE.write_addr_inst/GEN_CMD_QUEUE.cmd_queue/wrap_buffer_available_reg
    SLICE_X40Y53                                                      f  cnn_accelerator_system_i/ram_interconnect/s02_couplers/auto_us/inst/gen_upsizer.gen_full_upsizer.axi_upsizer_inst/USE_WRITE.write_addr_inst/GEN_CMD_QUEUE.cmd_queue/WORD_LANE[2].USE_ALWAYS_PACKER.BYTE_LANE[2].USE_RTL_DATA.USE_REGISTER.M_AXI_WDATA_I[87]_i_1/I0
    SLICE_X40Y53         LUT5 (Prop_lut5_I0_O)        0.124    14.256 r  cnn_accelerator_system_i/ram_interconnect/s02_couplers/auto_us/inst/gen_upsizer.gen_full_upsizer.axi_upsizer_inst/USE_WRITE.write_addr_inst/GEN_CMD_QUEUE.cmd_queue/WORD_LANE[2].USE_ALWAYS_PACKER.BYTE_LANE[2].USE_RTL_DATA.USE_REGISTER.M_AXI_WDATA_I[87]_i_1/O
                         net (fo=8, routed)           0.673    14.929    cnn_accelerator_system_i/ram_interconnect/s02_couplers/auto_us/inst/gen_upsizer.gen_full_upsizer.axi_upsizer_inst/USE_WRITE.gen_non_fifo_w_upsizer.write_data_inst/WORD_LANE[2].USE_ALWAYS_PACKER.BYTE_LANE[2].USE_RTL_DATA.USE_REGISTER.M_AXI_WDATA_I_reg[87]_0[0]
    SLICE_X37Y56         FDRE                                         r  cnn_accelerator_system_i/ram_interconnect/s02_couplers/auto_us/inst/gen_upsizer.gen_full_upsizer.axi_upsizer_inst/USE_WRITE.gen_non_fifo_w_upsizer.write_data_inst/WORD_LANE[2].USE_ALWAYS_PACKER.BYTE_LANE[2].USE_RTL_DATA.USE_REGISTER.M_AXI_WDATA_I_reg[80]/CE
  -------------------------------------------------------------------    -------------------

                         (clock clk_out1_cnn_accelerator_system_clk_wiz_0_0 rise edge)
                                                     10.000    10.000 r  
    E3                                                0.000    10.000 r  CLK100MHZ (IN)
                         net (fo=0)                   0.000    10.000    CLK100MHZ
    E3                                                                r  CLK100MHZ_IBUF_inst/I
    E3                   IBUF (Prop_ibuf_I_O)         1.411    11.411 r  CLK100MHZ_IBUF_inst/O
                         net (fo=1, routed)           1.920    13.331    cnn_accelerator_system_i/util_ds_buf_0/U0/BUFG_I[0]
    BUFGCTRL_X0Y16                                                    r  cnn_accelerator_system_i/util_ds_buf_0/U0/USE_BUFG.GEN_BUFG[0].BUFG_U/I
    BUFGCTRL_X0Y16       BUFG (Prop_bufg_I_O)         0.091    13.422 r  cnn_accelerator_system_i/util_ds_buf_0/U0/USE_BUFG.GEN_BUFG[0].BUFG_U/O
                         net (fo=2, routed)           1.683    15.105    cnn_accelerator_system_i/clk_wiz_0/inst/clk_in1
    MMCME2_ADV_X0Y0                                                   r  cnn_accelerator_system_i/clk_wiz_0/inst/mmcm_adv_inst/CLKIN1
    MMCME2_ADV_X0Y0      MMCME2_ADV (Prop_mmcme2_adv_CLKIN1_CLKOUT0)
                                                     -3.694    11.411 r  cnn_accelerator_system_i/clk_wiz_0/inst/mmcm_adv_inst/CLKOUT0
                         net (fo=1, routed)           1.923    13.334    cnn_accelerator_system_i/clk_wiz_0/inst/clk_out1_cnn_accelerator_system_clk_wiz_0_0
    BUFGCTRL_X0Y3                                                     r  cnn_accelerator_system_i/clk_wiz_0/inst/clkout1_buf/I
    BUFGCTRL_X0Y3        BUFG (Prop_bufg_I_O)         0.091    13.425 r  cnn_accelerator_system_i/clk_wiz_0/inst/clkout1_buf/O
                         net (fo=14543, routed)       1.516    14.942    cnn_accelerator_system_i/ram_interconnect/s02_couplers/auto_us/inst/gen_upsizer.gen_full_upsizer.axi_upsizer_inst/USE_WRITE.gen_non_fifo_w_upsizer.write_data_inst/USE_RTL_LENGTH.length_counter_q_reg[0]_0
    SLICE_X37Y56         FDRE                                         r  cnn_accelerator_system_i/ram_interconnect/s02_couplers/auto_us/inst/gen_upsizer.gen_full_upsizer.axi_upsizer_inst/USE_WRITE.gen_non_fifo_w_upsizer.write_data_inst/WORD_LANE[2].USE_ALWAYS_PACKER.BYTE_LANE[2].USE_RTL_DATA.USE_REGISTER.M_AXI_WDATA_I_reg[80]/C
                         clock pessimism              0.259    15.201    
                         clock uncertainty           -0.074    15.127    
    SLICE_X37Y56         FDRE (Setup_fdre_C_CE)      -0.205    14.922    cnn_accelerator_system_i/ram_interconnect/s02_couplers/auto_us/inst/gen_upsizer.gen_full_upsizer.axi_upsizer_inst/USE_WRITE.gen_non_fifo_w_upsizer.write_data_inst/WORD_LANE[2].USE_ALWAYS_PACKER.BYTE_LANE[2].USE_RTL_DATA.USE_REGISTER.M_AXI_WDATA_I_reg[80]
  -------------------------------------------------------------------
                         required time                         14.922    
                         arrival time                         -14.929    
  -------------------------------------------------------------------
                         slack                                 -0.007    




