Copyright 1986-2022 Xilinx, Inc. All Rights Reserved. Copyright 2022-2024 Advanced Micro Devices, Inc. All Rights Reserved.
---------------------------------------------------------------------------------------------------------------------------------------------
| Tool Version : Vivado v.2024.1 (win64) Build 5076996 Wed May 22 18:37:14 MDT 2024
| Date         : Fri Jun 12 12:01:57 2026
| Host         : DOHYUNKIM266E running 64-bit major release  (build 9200)
| Command      : report_timing -setup -max_paths 40 -nworst 1 -unique_pins -input_pins -nets -file C:/Users/gimdohyeon/wino_paths40.rpt
| Design       : cnn_accelerator_system_wrapper
| Device       : 7a100t-csg324
| Speed File   : -1  PRODUCTION 1.23 2018-06-13
| Design State : Routed
---------------------------------------------------------------------------------------------------------------------------------------------

Timing Report

Slack (VIOLATED) :        -0.341ns  (required time - arrival time)
  Source:                 cnn_accelerator_system_i/cnn_accelerator_wino_0/inst/conv2/gic[3].u_it/vim_0_3_p1_q_reg[3]/C
                            (rising edge-triggered cell FDRE clocked by clk_out3_cnn_accelerator_system_clk_wiz_0_0  {rise@0.000ns fall@2.500ns period=5.000ns})
  Destination:            cnn_accelerator_system_i/cnn_accelerator_wino_0/inst/conv2/lane[3].u_mul/a_q_reg[235]/D
                            (rising edge-triggered cell FDRE clocked by clk_out3_cnn_accelerator_system_clk_wiz_0_0  {rise@0.000ns fall@2.500ns period=5.000ns})
  Path Group:             clk_out3_cnn_accelerator_system_clk_wiz_0_0
  Path Type:              Setup (Max at Slow Process Corner)
  Requirement:            5.000ns  (clk_out3_cnn_accelerator_system_clk_wiz_0_0 rise@5.000ns - clk_out3_cnn_accelerator_system_clk_wiz_0_0 rise@0.000ns)
  Data Path Delay:        5.211ns  (logic 2.764ns (53.038%)  route 2.447ns (46.962%))
  Logic Levels:           6  (CARRY4=4 LUT2=2)
  Clock Path Skew:        -0.125ns (DCD - SCD + CPR)
    Destination Clock Delay (DCD):    4.930ns = ( 9.930 - 5.000 ) 
    Source Clock Delay      (SCD):    5.234ns
    Clock Pessimism Removal (CPR):    0.179ns
  Clock Uncertainty:      0.067ns  ((TSJ^2 + DJ^2)^1/2) / 2 + PE
    Total System Jitter     (TSJ):    0.071ns
    Discrete Jitter          (DJ):    0.113ns
    Phase Error              (PE):    0.000ns

    Location             Delay type                Incr(ns)  Path(ns)    Netlist Resource(s)
  -------------------------------------------------------------------    -------------------
                         (clock clk_out3_cnn_accelerator_system_clk_wiz_0_0 rise edge)
                                                      0.000     0.000 r  
    E3                                                0.000     0.000 r  CLK100MHZ (IN)
                         net (fo=0)                   0.000     0.000    CLK100MHZ
    E3                                                                r  CLK100MHZ_IBUF_inst/I
    E3                   IBUF (Prop_ibuf_I_O)         1.482     1.482 r  CLK100MHZ_IBUF_inst/O
                         net (fo=1, routed)           2.025     3.506    cnn_accelerator_system_i/util_ds_buf_0/U0/BUFG_I[0]
    BUFGCTRL_X0Y16                                                    r  cnn_accelerator_system_i/util_ds_buf_0/U0/USE_BUFG.GEN_BUFG[0].BUFG_U/I
    BUFGCTRL_X0Y16       BUFG (Prop_bufg_I_O)         0.096     3.602 r  cnn_accelerator_system_i/util_ds_buf_0/U0/USE_BUFG.GEN_BUFG[0].BUFG_U/O
                         net (fo=2, routed)           1.809     5.412    cnn_accelerator_system_i/clk_wiz_0/inst/clk_in1
    MMCME2_ADV_X0Y0                                                   r  cnn_accelerator_system_i/clk_wiz_0/inst/mmcm_adv_inst/CLKIN1
    MMCME2_ADV_X0Y0      MMCME2_ADV (Prop_mmcme2_adv_CLKIN1_CLKOUT2)
                                                     -3.922     1.490 r  cnn_accelerator_system_i/clk_wiz_0/inst/mmcm_adv_inst/CLKOUT2
                         net (fo=1, routed)           2.018     3.508    cnn_accelerator_system_i/clk_wiz_0/inst/clk_out3_cnn_accelerator_system_clk_wiz_0_0
    BUFGCTRL_X0Y2                                                     r  cnn_accelerator_system_i/clk_wiz_0/inst/clkout3_buf/I
    BUFGCTRL_X0Y2        BUFG (Prop_bufg_I_O)         0.096     3.604 r  cnn_accelerator_system_i/clk_wiz_0/inst/clkout3_buf/O
                         net (fo=51119, routed)       1.629     5.234    cnn_accelerator_system_i/cnn_accelerator_wino_0/inst/conv2/gic[3].u_it/clk
    SLICE_X35Y67         FDRE                                         r  cnn_accelerator_system_i/cnn_accelerator_wino_0/inst/conv2/gic[3].u_it/vim_0_3_p1_q_reg[3]/C
  -------------------------------------------------------------------    -------------------
    SLICE_X35Y67         FDRE (Prop_fdre_C_Q)         0.456     5.690 r  cnn_accelerator_system_i/cnn_accelerator_wino_0/inst/conv2/gic[3].u_it/vim_0_3_p1_q_reg[3]/Q
                         net (fo=1, routed)           0.708     6.398    cnn_accelerator_system_i/cnn_accelerator_wino_0/inst/conv2/gic[3].u_it/vim_0_3_p1_q[3]
    SLICE_X34Y71                                                      r  cnn_accelerator_system_i/cnn_accelerator_wino_0/inst/conv2/gic[3].u_it/a_q[257]_i_4__2/I1
    SLICE_X34Y71         LUT2 (Prop_lut2_I1_O)        0.124     6.522 r  cnn_accelerator_system_i/cnn_accelerator_wino_0/inst/conv2/gic[3].u_it/a_q[257]_i_4__2/O
                         net (fo=1, routed)           0.000     6.522    cnn_accelerator_system_i/cnn_accelerator_wino_0/inst/conv2/gic[3].u_it/a_q[257]_i_4__2_n_0
    SLICE_X34Y71                                                      r  cnn_accelerator_system_i/cnn_accelerator_wino_0/inst/conv2/gic[3].u_it/a_q_reg[257]_i_1__2/S[1]
    SLICE_X34Y71         CARRY4 (Prop_carry4_S[1]_CO[3])
                                                      0.533     7.055 r  cnn_accelerator_system_i/cnn_accelerator_wino_0/inst/conv2/gic[3].u_it/a_q_reg[257]_i_1__2/CO[3]
                         net (fo=1, routed)           0.000     7.055    cnn_accelerator_system_i/cnn_accelerator_wino_0/inst/conv2/gic[3].u_it/a_q_reg[257]_i_1__2_n_0
    SLICE_X34Y72                                                      r  cnn_accelerator_system_i/cnn_accelerator_wino_0/inst/conv2/gic[3].u_it/a_q_reg[261]_i_1__2/CI
    SLICE_X34Y72         CARRY4 (Prop_carry4_CI_O[1])
                                                      0.337     7.392 r  cnn_accelerator_system_i/cnn_accelerator_wino_0/inst/conv2/gic[3].u_it/a_q_reg[261]_i_1__2/O[1]
                         net (fo=2, routed)           1.107     8.499    cnn_accelerator_system_i/cnn_accelerator_wino_0/inst/conv2/gic[3].u_it/a_flat[212]
    SLICE_X41Y96                                                      r  cnn_accelerator_system_i/cnn_accelerator_wino_0/inst/conv2/gic[3].u_it/a_q[233]_i_4__2/I1
    SLICE_X41Y96         LUT2 (Prop_lut2_I1_O)        0.306     8.805 r  cnn_accelerator_system_i/cnn_accelerator_wino_0/inst/conv2/gic[3].u_it/a_q[233]_i_4__2/O
                         net (fo=1, routed)           0.632     9.437    cnn_accelerator_system_i/cnn_accelerator_wino_0/inst/conv2/gic[3].u_it/a_q[233]_i_4__2_n_0
    SLICE_X40Y102                                                     r  cnn_accelerator_system_i/cnn_accelerator_wino_0/inst/conv2/gic[3].u_it/a_q_reg[233]_i_1__2/S[1]
    SLICE_X40Y102        CARRY4 (Prop_carry4_S[1]_CO[3])
                                                      0.674    10.111 r  cnn_accelerator_system_i/cnn_accelerator_wino_0/inst/conv2/gic[3].u_it/a_q_reg[233]_i_1__2/CO[3]
                         net (fo=1, routed)           0.000    10.111    cnn_accelerator_system_i/cnn_accelerator_wino_0/inst/conv2/gic[3].u_it/a_q_reg[233]_i_1__2_n_0
    SLICE_X40Y103                                                     r  cnn_accelerator_system_i/cnn_accelerator_wino_0/inst/conv2/gic[3].u_it/a_q_reg[237]_i_1__2/CI
    SLICE_X40Y103        CARRY4 (Prop_carry4_CI_O[1])
                                                      0.334    10.445 r  cnn_accelerator_system_i/cnn_accelerator_wino_0/inst/conv2/gic[3].u_it/a_q_reg[237]_i_1__2/O[1]
                         net (fo=1, routed)           0.000    10.445    cnn_accelerator_system_i/cnn_accelerator_wino_0/inst/conv2/lane[3].u_mul/a_flat[193]
    SLICE_X40Y103        FDRE                                         r  cnn_accelerator_system_i/cnn_accelerator_wino_0/inst/conv2/lane[3].u_mul/a_q_reg[235]/D
  -------------------------------------------------------------------    -------------------

                         (clock clk_out3_cnn_accelerator_system_clk_wiz_0_0 rise edge)
                                                      5.000     5.000 r  
    E3                                                0.000     5.000 r  CLK100MHZ (IN)
                         net (fo=0)                   0.000     5.000    CLK100MHZ
    E3                                                                r  CLK100MHZ_IBUF_inst/I
    E3                   IBUF (Prop_ibuf_I_O)         1.411     6.411 r  CLK100MHZ_IBUF_inst/O
                         net (fo=1, routed)           1.920     8.331    cnn_accelerator_system_i/util_ds_buf_0/U0/BUFG_I[0]
    BUFGCTRL_X0Y16                                                    r  cnn_accelerator_system_i/util_ds_buf_0/U0/USE_BUFG.GEN_BUFG[0].BUFG_U/I
    BUFGCTRL_X0Y16       BUFG (Prop_bufg_I_O)         0.091     8.422 r  cnn_accelerator_system_i/util_ds_buf_0/U0/USE_BUFG.GEN_BUFG[0].BUFG_U/O
                         net (fo=2, routed)           1.683    10.105    cnn_accelerator_system_i/clk_wiz_0/inst/clk_in1
    MMCME2_ADV_X0Y0                                                   r  cnn_accelerator_system_i/clk_wiz_0/inst/mmcm_adv_inst/CLKIN1
    MMCME2_ADV_X0Y0      MMCME2_ADV (Prop_mmcme2_adv_CLKIN1_CLKOUT2)
                                                     -3.694     6.411 r  cnn_accelerator_system_i/clk_wiz_0/inst/mmcm_adv_inst/CLKOUT2
                         net (fo=1, routed)           1.923     8.334    cnn_accelerator_system_i/clk_wiz_0/inst/clk_out3_cnn_accelerator_system_clk_wiz_0_0
    BUFGCTRL_X0Y2                                                     r  cnn_accelerator_system_i/clk_wiz_0/inst/clkout3_buf/I
    BUFGCTRL_X0Y2        BUFG (Prop_bufg_I_O)         0.091     8.425 r  cnn_accelerator_system_i/clk_wiz_0/inst/clkout3_buf/O
                         net (fo=51119, routed)       1.505     9.930    cnn_accelerator_system_i/cnn_accelerator_wino_0/inst/conv2/lane[3].u_mul/clk
    SLICE_X40Y103        FDRE                                         r  cnn_accelerator_system_i/cnn_accelerator_wino_0/inst/conv2/lane[3].u_mul/a_q_reg[235]/C
                         clock pessimism              0.179    10.109    
                         clock uncertainty           -0.067    10.042    
    SLICE_X40Y103        FDRE (Setup_fdre_C_D)        0.062    10.104    cnn_accelerator_system_i/cnn_accelerator_wino_0/inst/conv2/lane[3].u_mul/a_q_reg[235]
  -------------------------------------------------------------------
                         required time                         10.104    
                         arrival time                         -10.445    
  -------------------------------------------------------------------
                         slack                                 -0.341    

Slack (VIOLATED) :        -0.320ns  (required time - arrival time)
  Source:                 cnn_accelerator_system_i/cnn_accelerator_wino_0/inst/conv2/gic[3].u_it/vim_0_3_p1_q_reg[3]/C
                            (rising edge-triggered cell FDRE clocked by clk_out3_cnn_accelerator_system_clk_wiz_0_0  {rise@0.000ns fall@2.500ns period=5.000ns})
  Destination:            cnn_accelerator_system_i/cnn_accelerator_wino_0/inst/conv2/lane[3].u_mul/a_q_reg[237]/D
                            (rising edge-triggered cell FDRE clocked by clk_out3_cnn_accelerator_system_clk_wiz_0_0  {rise@0.000ns fall@2.500ns period=5.000ns})
  Path Group:             clk_out3_cnn_accelerator_system_clk_wiz_0_0
  Path Type:              Setup (Max at Slow Process Corner)
  Requirement:            5.000ns  (clk_out3_cnn_accelerator_system_clk_wiz_0_0 rise@5.000ns - clk_out3_cnn_accelerator_system_clk_wiz_0_0 rise@0.000ns)
  Data Path Delay:        5.190ns  (logic 2.743ns (52.848%)  route 2.447ns (47.152%))
  Logic Levels:           6  (CARRY4=4 LUT2=2)
  Clock Path Skew:        -0.125ns (DCD - SCD + CPR)
    Destination Clock Delay (DCD):    4.930ns = ( 9.930 - 5.000 ) 
    Source Clock Delay      (SCD):    5.234ns
    Clock Pessimism Removal (CPR):    0.179ns
  Clock Uncertainty:      0.067ns  ((TSJ^2 + DJ^2)^1/2) / 2 + PE
    Total System Jitter     (TSJ):    0.071ns
    Discrete Jitter          (DJ):    0.113ns
    Phase Error              (PE):    0.000ns

    Location             Delay type                Incr(ns)  Path(ns)    Netlist Resource(s)
  -------------------------------------------------------------------    -------------------
                         (clock clk_out3_cnn_accelerator_system_clk_wiz_0_0 rise edge)
                                                      0.000     0.000 r  
    E3                                                0.000     0.000 r  CLK100MHZ (IN)
                         net (fo=0)                   0.000     0.000    CLK100MHZ
    E3                                                                r  CLK100MHZ_IBUF_inst/I
    E3                   IBUF (Prop_ibuf_I_O)         1.482     1.482 r  CLK100MHZ_IBUF_inst/O
                         net (fo=1, routed)           2.025     3.506    cnn_accelerator_system_i/util_ds_buf_0/U0/BUFG_I[0]
    BUFGCTRL_X0Y16                                                    r  cnn_accelerator_system_i/util_ds_buf_0/U0/USE_BUFG.GEN_BUFG[0].BUFG_U/I
    BUFGCTRL_X0Y16       BUFG (Prop_bufg_I_O)         0.096     3.602 r  cnn_accelerator_system_i/util_ds_buf_0/U0/USE_BUFG.GEN_BUFG[0].BUFG_U/O
                         net (fo=2, routed)           1.809     5.412    cnn_accelerator_system_i/clk_wiz_0/inst/clk_in1
    MMCME2_ADV_X0Y0                                                   r  cnn_accelerator_system_i/clk_wiz_0/inst/mmcm_adv_inst/CLKIN1
    MMCME2_ADV_X0Y0      MMCME2_ADV (Prop_mmcme2_adv_CLKIN1_CLKOUT2)
                                                     -3.922     1.490 r  cnn_accelerator_system_i/clk_wiz_0/inst/mmcm_adv_inst/CLKOUT2
                         net (fo=1, routed)           2.018     3.508    cnn_accelerator_system_i/clk_wiz_0/inst/clk_out3_cnn_accelerator_system_clk_wiz_0_0
    BUFGCTRL_X0Y2                                                     r  cnn_accelerator_system_i/clk_wiz_0/inst/clkout3_buf/I
    BUFGCTRL_X0Y2        BUFG (Prop_bufg_I_O)         0.096     3.604 r  cnn_accelerator_system_i/clk_wiz_0/inst/clkout3_buf/O
                         net (fo=51119, routed)       1.629     5.234    cnn_accelerator_system_i/cnn_accelerator_wino_0/inst/conv2/gic[3].u_it/clk
    SLICE_X35Y67         FDRE                                         r  cnn_accelerator_system_i/cnn_accelerator_wino_0/inst/conv2/gic[3].u_it/vim_0_3_p1_q_reg[3]/C
  -------------------------------------------------------------------    -------------------
    SLICE_X35Y67         FDRE (Prop_fdre_C_Q)         0.456     5.690 r  cnn_accelerator_system_i/cnn_accelerator_wino_0/inst/conv2/gic[3].u_it/vim_0_3_p1_q_reg[3]/Q
                         net (fo=1, routed)           0.708     6.398    cnn_accelerator_system_i/cnn_accelerator_wino_0/inst/conv2/gic[3].u_it/vim_0_3_p1_q[3]
    SLICE_X34Y71                                                      r  cnn_accelerator_system_i/cnn_accelerator_wino_0/inst/conv2/gic[3].u_it/a_q[257]_i_4__2/I1
    SLICE_X34Y71         LUT2 (Prop_lut2_I1_O)        0.124     6.522 r  cnn_accelerator_system_i/cnn_accelerator_wino_0/inst/conv2/gic[3].u_it/a_q[257]_i_4__2/O
                         net (fo=1, routed)           0.000     6.522    cnn_accelerator_system_i/cnn_accelerator_wino_0/inst/conv2/gic[3].u_it/a_q[257]_i_4__2_n_0
    SLICE_X34Y71                                                      r  cnn_accelerator_system_i/cnn_accelerator_wino_0/inst/conv2/gic[3].u_it/a_q_reg[257]_i_1__2/S[1]
    SLICE_X34Y71         CARRY4 (Prop_carry4_S[1]_CO[3])
                                                      0.533     7.055 r  cnn_accelerator_system_i/cnn_accelerator_wino_0/inst/conv2/gic[3].u_it/a_q_reg[257]_i_1__2/CO[3]
                         net (fo=1, routed)           0.000     7.055    cnn_accelerator_system_i/cnn_accelerator_wino_0/inst/conv2/gic[3].u_it/a_q_reg[257]_i_1__2_n_0
    SLICE_X34Y72                                                      r  cnn_accelerator_system_i/cnn_accelerator_wino_0/inst/conv2/gic[3].u_it/a_q_reg[261]_i_1__2/CI
    SLICE_X34Y72         CARRY4 (Prop_carry4_CI_O[1])
                                                      0.337     7.392 r  cnn_accelerator_system_i/cnn_accelerator_wino_0/inst/conv2/gic[3].u_it/a_q_reg[261]_i_1__2/O[1]
                         net (fo=2, routed)           1.107     8.499    cnn_accelerator_system_i/cnn_accelerator_wino_0/inst/conv2/gic[3].u_it/a_flat[212]
    SLICE_X41Y96                                                      r  cnn_accelerator_system_i/cnn_accelerator_wino_0/inst/conv2/gic[3].u_it/a_q[233]_i_4__2/I1
    SLICE_X41Y96         LUT2 (Prop_lut2_I1_O)        0.306     8.805 r  cnn_accelerator_system_i/cnn_accelerator_wino_0/inst/conv2/gic[3].u_it/a_q[233]_i_4__2/O
                         net (fo=1, routed)           0.632     9.437    cnn_accelerator_system_i/cnn_accelerator_wino_0/inst/conv2/gic[3].u_it/a_q[233]_i_4__2_n_0
    SLICE_X40Y102                                                     r  cnn_accelerator_system_i/cnn_accelerator_wino_0/inst/conv2/gic[3].u_it/a_q_reg[233]_i_1__2/S[1]
    SLICE_X40Y102        CARRY4 (Prop_carry4_S[1]_CO[3])
                                                      0.674    10.111 r  cnn_accelerator_system_i/cnn_accelerator_wino_0/inst/conv2/gic[3].u_it/a_q_reg[233]_i_1__2/CO[3]
                         net (fo=1, routed)           0.000    10.111    cnn_accelerator_system_i/cnn_accelerator_wino_0/inst/conv2/gic[3].u_it/a_q_reg[233]_i_1__2_n_0
    SLICE_X40Y103                                                     r  cnn_accelerator_system_i/cnn_accelerator_wino_0/inst/conv2/gic[3].u_it/a_q_reg[237]_i_1__2/CI
    SLICE_X40Y103        CARRY4 (Prop_carry4_CI_O[3])
                                                      0.313    10.424 r  cnn_accelerator_system_i/cnn_accelerator_wino_0/inst/conv2/gic[3].u_it/a_q_reg[237]_i_1__2/O[3]
                         net (fo=1, routed)           0.000    10.424    cnn_accelerator_system_i/cnn_accelerator_wino_0/inst/conv2/lane[3].u_mul/a_flat[195]
    SLICE_X40Y103        FDRE                                         r  cnn_accelerator_system_i/cnn_accelerator_wino_0/inst/conv2/lane[3].u_mul/a_q_reg[237]/D
  -------------------------------------------------------------------    -------------------

                         (clock clk_out3_cnn_accelerator_system_clk_wiz_0_0 rise edge)
                                                      5.000     5.000 r  
    E3                                                0.000     5.000 r  CLK100MHZ (IN)
                         net (fo=0)                   0.000     5.000    CLK100MHZ
    E3                                                                r  CLK100MHZ_IBUF_inst/I
    E3                   IBUF (Prop_ibuf_I_O)         1.411     6.411 r  CLK100MHZ_IBUF_inst/O
                         net (fo=1, routed)           1.920     8.331    cnn_accelerator_system_i/util_ds_buf_0/U0/BUFG_I[0]
    BUFGCTRL_X0Y16                                                    r  cnn_accelerator_system_i/util_ds_buf_0/U0/USE_BUFG.GEN_BUFG[0].BUFG_U/I
    BUFGCTRL_X0Y16       BUFG (Prop_bufg_I_O)         0.091     8.422 r  cnn_accelerator_system_i/util_ds_buf_0/U0/USE_BUFG.GEN_BUFG[0].BUFG_U/O
                         net (fo=2, routed)           1.683    10.105    cnn_accelerator_system_i/clk_wiz_0/inst/clk_in1
    MMCME2_ADV_X0Y0                                                   r  cnn_accelerator_system_i/clk_wiz_0/inst/mmcm_adv_inst/CLKIN1
    MMCME2_ADV_X0Y0      MMCME2_ADV (Prop_mmcme2_adv_CLKIN1_CLKOUT2)
                                                     -3.694     6.411 r  cnn_accelerator_system_i/clk_wiz_0/inst/mmcm_adv_inst/CLKOUT2
                         net (fo=1, routed)           1.923     8.334    cnn_accelerator_system_i/clk_wiz_0/inst/clk_out3_cnn_accelerator_system_clk_wiz_0_0
    BUFGCTRL_X0Y2                                                     r  cnn_accelerator_system_i/clk_wiz_0/inst/clkout3_buf/I
    BUFGCTRL_X0Y2        BUFG (Prop_bufg_I_O)         0.091     8.425 r  cnn_accelerator_system_i/clk_wiz_0/inst/clkout3_buf/O
                         net (fo=51119, routed)       1.505     9.930    cnn_accelerator_system_i/cnn_accelerator_wino_0/inst/conv2/lane[3].u_mul/clk
    SLICE_X40Y103        FDRE                                         r  cnn_accelerator_system_i/cnn_accelerator_wino_0/inst/conv2/lane[3].u_mul/a_q_reg[237]/C
                         clock pessimism              0.179    10.109    
                         clock uncertainty           -0.067    10.042    
    SLICE_X40Y103        FDRE (Setup_fdre_C_D)        0.062    10.104    cnn_accelerator_system_i/cnn_accelerator_wino_0/inst/conv2/lane[3].u_mul/a_q_reg[237]
  -------------------------------------------------------------------
                         required time                         10.104    
                         arrival time                         -10.424    
  -------------------------------------------------------------------
                         slack                                 -0.320    

Slack (VIOLATED) :        -0.246ns  (required time - arrival time)
  Source:                 cnn_accelerator_system_i/cnn_accelerator_wino_0/inst/conv2/gic[3].u_it/vim_0_3_p1_q_reg[3]/C
                            (rising edge-triggered cell FDRE clocked by clk_out3_cnn_accelerator_system_clk_wiz_0_0  {rise@0.000ns fall@2.500ns period=5.000ns})
  Destination:            cnn_accelerator_system_i/cnn_accelerator_wino_0/inst/conv2/lane[3].u_mul/a_q_reg[236]/D
                            (rising edge-triggered cell FDRE clocked by clk_out3_cnn_accelerator_system_clk_wiz_0_0  {rise@0.000ns fall@2.500ns period=5.000ns})
  Path Group:             clk_out3_cnn_accelerator_system_clk_wiz_0_0
  Path Type:              Setup (Max at Slow Process Corner)
  Requirement:            5.000ns  (clk_out3_cnn_accelerator_system_clk_wiz_0_0 rise@5.000ns - clk_out3_cnn_accelerator_system_clk_wiz_0_0 rise@0.000ns)
  Data Path Delay:        5.116ns  (logic 2.669ns (52.166%)  route 2.447ns (47.834%))
  Logic Levels:           6  (CARRY4=4 LUT2=2)
  Clock Path Skew:        -0.125ns (DCD - SCD + CPR)
    Destination Clock Delay (DCD):    4.930ns = ( 9.930 - 5.000 ) 
    Source Clock Delay      (SCD):    5.234ns
    Clock Pessimism Removal (CPR):    0.179ns
  Clock Uncertainty:      0.067ns  ((TSJ^2 + DJ^2)^1/2) / 2 + PE
    Total System Jitter     (TSJ):    0.071ns
    Discrete Jitter          (DJ):    0.113ns
    Phase Error              (PE):    0.000ns

    Location             Delay type                Incr(ns)  Path(ns)    Netlist Resource(s)
  -------------------------------------------------------------------    -------------------
                         (clock clk_out3_cnn_accelerator_system_clk_wiz_0_0 rise edge)
                                                      0.000     0.000 r  
    E3                                                0.000     0.000 r  CLK100MHZ (IN)
                         net (fo=0)                   0.000     0.000    CLK100MHZ
    E3                                                                r  CLK100MHZ_IBUF_inst/I
    E3                   IBUF (Prop_ibuf_I_O)         1.482     1.482 r  CLK100MHZ_IBUF_inst/O
                         net (fo=1, routed)           2.025     3.506    cnn_accelerator_system_i/util_ds_buf_0/U0/BUFG_I[0]
    BUFGCTRL_X0Y16                                                    r  cnn_accelerator_system_i/util_ds_buf_0/U0/USE_BUFG.GEN_BUFG[0].BUFG_U/I
    BUFGCTRL_X0Y16       BUFG (Prop_bufg_I_O)         0.096     3.602 r  cnn_accelerator_system_i/util_ds_buf_0/U0/USE_BUFG.GEN_BUFG[0].BUFG_U/O
                         net (fo=2, routed)           1.809     5.412    cnn_accelerator_system_i/clk_wiz_0/inst/clk_in1
    MMCME2_ADV_X0Y0                                                   r  cnn_accelerator_system_i/clk_wiz_0/inst/mmcm_adv_inst/CLKIN1
    MMCME2_ADV_X0Y0      MMCME2_ADV (Prop_mmcme2_adv_CLKIN1_CLKOUT2)
                                                     -3.922     1.490 r  cnn_accelerator_system_i/clk_wiz_0/inst/mmcm_adv_inst/CLKOUT2
                         net (fo=1, routed)           2.018     3.508    cnn_accelerator_system_i/clk_wiz_0/inst/clk_out3_cnn_accelerator_system_clk_wiz_0_0
    BUFGCTRL_X0Y2                                                     r  cnn_accelerator_system_i/clk_wiz_0/inst/clkout3_buf/I
    BUFGCTRL_X0Y2        BUFG (Prop_bufg_I_O)         0.096     3.604 r  cnn_accelerator_system_i/clk_wiz_0/inst/clkout3_buf/O
                         net (fo=51119, routed)       1.629     5.234    cnn_accelerator_system_i/cnn_accelerator_wino_0/inst/conv2/gic[3].u_it/clk
    SLICE_X35Y67         FDRE                                         r  cnn_accelerator_system_i/cnn_accelerator_wino_0/inst/conv2/gic[3].u_it/vim_0_3_p1_q_reg[3]/C
  -------------------------------------------------------------------    -------------------
    SLICE_X35Y67         FDRE (Prop_fdre_C_Q)         0.456     5.690 r  cnn_accelerator_system_i/cnn_accelerator_wino_0/inst/conv2/gic[3].u_it/vim_0_3_p1_q_reg[3]/Q
                         net (fo=1, routed)           0.708     6.398    cnn_accelerator_system_i/cnn_accelerator_wino_0/inst/conv2/gic[3].u_it/vim_0_3_p1_q[3]
    SLICE_X34Y71                                                      r  cnn_accelerator_system_i/cnn_accelerator_wino_0/inst/conv2/gic[3].u_it/a_q[257]_i_4__2/I1
    SLICE_X34Y71         LUT2 (Prop_lut2_I1_O)        0.124     6.522 r  cnn_accelerator_system_i/cnn_accelerator_wino_0/inst/conv2/gic[3].u_it/a_q[257]_i_4__2/O
                         net (fo=1, routed)           0.000     6.522    cnn_accelerator_system_i/cnn_accelerator_wino_0/inst/conv2/gic[3].u_it/a_q[257]_i_4__2_n_0
    SLICE_X34Y71                                                      r  cnn_accelerator_system_i/cnn_accelerator_wino_0/inst/conv2/gic[3].u_it/a_q_reg[257]_i_1__2/S[1]
    SLICE_X34Y71         CARRY4 (Prop_carry4_S[1]_CO[3])
                                                      0.533     7.055 r  cnn_accelerator_system_i/cnn_accelerator_wino_0/inst/conv2/gic[3].u_it/a_q_reg[257]_i_1__2/CO[3]
                         net (fo=1, routed)           0.000     7.055    cnn_accelerator_system_i/cnn_accelerator_wino_0/inst/conv2/gic[3].u_it/a_q_reg[257]_i_1__2_n_0
    SLICE_X34Y72                                                      r  cnn_accelerator_system_i/cnn_accelerator_wino_0/inst/conv2/gic[3].u_it/a_q_reg[261]_i_1__2/CI
    SLICE_X34Y72         CARRY4 (Prop_carry4_CI_O[1])
                                                      0.337     7.392 r  cnn_accelerator_system_i/cnn_accelerator_wino_0/inst/conv2/gic[3].u_it/a_q_reg[261]_i_1__2/O[1]
                         net (fo=2, routed)           1.107     8.499    cnn_accelerator_system_i/cnn_accelerator_wino_0/inst/conv2/gic[3].u_it/a_flat[212]
    SLICE_X41Y96                                                      r  cnn_accelerator_system_i/cnn_accelerator_wino_0/inst/conv2/gic[3].u_it/a_q[233]_i_4__2/I1
    SLICE_X41Y96         LUT2 (Prop_lut2_I1_O)        0.306     8.805 r  cnn_accelerator_system_i/cnn_accelerator_wino_0/inst/conv2/gic[3].u_it/a_q[233]_i_4__2/O
                         net (fo=1, routed)           0.632     9.437    cnn_accelerator_system_i/cnn_accelerator_wino_0/inst/conv2/gic[3].u_it/a_q[233]_i_4__2_n_0
    SLICE_X40Y102                                                     r  cnn_accelerator_system_i/cnn_accelerator_wino_0/inst/conv2/gic[3].u_it/a_q_reg[233]_i_1__2/S[1]
    SLICE_X40Y102        CARRY4 (Prop_carry4_S[1]_CO[3])
                                                      0.674    10.111 r  cnn_accelerator_system_i/cnn_accelerator_wino_0/inst/conv2/gic[3].u_it/a_q_reg[233]_i_1__2/CO[3]
                         net (fo=1, routed)           0.000    10.111    cnn_accelerator_system_i/cnn_accelerator_wino_0/inst/conv2/gic[3].u_it/a_q_reg[233]_i_1__2_n_0
    SLICE_X40Y103                                                     r  cnn_accelerator_system_i/cnn_accelerator_wino_0/inst/conv2/gic[3].u_it/a_q_reg[237]_i_1__2/CI
    SLICE_X40Y103        CARRY4 (Prop_carry4_CI_O[2])
                                                      0.239    10.350 r  cnn_accelerator_system_i/cnn_accelerator_wino_0/inst/conv2/gic[3].u_it/a_q_reg[237]_i_1__2/O[2]
                         net (fo=1, routed)           0.000    10.350    cnn_accelerator_system_i/cnn_accelerator_wino_0/inst/conv2/lane[3].u_mul/a_flat[194]
    SLICE_X40Y103        FDRE                                         r  cnn_accelerator_system_i/cnn_accelerator_wino_0/inst/conv2/lane[3].u_mul/a_q_reg[236]/D
  -------------------------------------------------------------------    -------------------

                         (clock clk_out3_cnn_accelerator_system_clk_wiz_0_0 rise edge)
                                                      5.000     5.000 r  
    E3                                                0.000     5.000 r  CLK100MHZ (IN)
                         net (fo=0)                   0.000     5.000    CLK100MHZ
    E3                                                                r  CLK100MHZ_IBUF_inst/I
    E3                   IBUF (Prop_ibuf_I_O)         1.411     6.411 r  CLK100MHZ_IBUF_inst/O
                         net (fo=1, routed)           1.920     8.331    cnn_accelerator_system_i/util_ds_buf_0/U0/BUFG_I[0]
    BUFGCTRL_X0Y16                                                    r  cnn_accelerator_system_i/util_ds_buf_0/U0/USE_BUFG.GEN_BUFG[0].BUFG_U/I
    BUFGCTRL_X0Y16       BUFG (Prop_bufg_I_O)         0.091     8.422 r  cnn_accelerator_system_i/util_ds_buf_0/U0/USE_BUFG.GEN_BUFG[0].BUFG_U/O
                         net (fo=2, routed)           1.683    10.105    cnn_accelerator_system_i/clk_wiz_0/inst/clk_in1
    MMCME2_ADV_X0Y0                                                   r  cnn_accelerator_system_i/clk_wiz_0/inst/mmcm_adv_inst/CLKIN1
    MMCME2_ADV_X0Y0      MMCME2_ADV (Prop_mmcme2_adv_CLKIN1_CLKOUT2)
                                                     -3.694     6.411 r  cnn_accelerator_system_i/clk_wiz_0/inst/mmcm_adv_inst/CLKOUT2
                         net (fo=1, routed)           1.923     8.334    cnn_accelerator_system_i/clk_wiz_0/inst/clk_out3_cnn_accelerator_system_clk_wiz_0_0
    BUFGCTRL_X0Y2                                                     r  cnn_accelerator_system_i/clk_wiz_0/inst/clkout3_buf/I
    BUFGCTRL_X0Y2        BUFG (Prop_bufg_I_O)         0.091     8.425 r  cnn_accelerator_system_i/clk_wiz_0/inst/clkout3_buf/O
                         net (fo=51119, routed)       1.505     9.930    cnn_accelerator_system_i/cnn_accelerator_wino_0/inst/conv2/lane[3].u_mul/clk
    SLICE_X40Y103        FDRE                                         r  cnn_accelerator_system_i/cnn_accelerator_wino_0/inst/conv2/lane[3].u_mul/a_q_reg[236]/C
                         clock pessimism              0.179    10.109    
                         clock uncertainty           -0.067    10.042    
    SLICE_X40Y103        FDRE (Setup_fdre_C_D)        0.062    10.104    cnn_accelerator_system_i/cnn_accelerator_wino_0/inst/conv2/lane[3].u_mul/a_q_reg[236]
  -------------------------------------------------------------------
                         required time                         10.104    
                         arrival time                         -10.350    
  -------------------------------------------------------------------
                         slack                                 -0.246    

Slack (VIOLATED) :        -0.231ns  (required time - arrival time)
  Source:                 cnn_accelerator_system_i/cnn_accelerator_wino_0/inst/conv2/tile6_q_reg[1846]/C
                            (rising edge-triggered cell FDRE clocked by clk_out3_cnn_accelerator_system_clk_wiz_0_0  {rise@0.000ns fall@2.500ns period=5.000ns})
  Destination:            cnn_accelerator_system_i/cnn_accelerator_wino_0/inst/conv2/gic[2].u_it/tre_reg[2][4][10]/D
                            (rising edge-triggered cell FDRE clocked by clk_out3_cnn_accelerator_system_clk_wiz_0_0  {rise@0.000ns fall@2.500ns period=5.000ns})
  Path Group:             clk_out3_cnn_accelerator_system_clk_wiz_0_0
  Path Type:              Setup (Max at Slow Process Corner)
  Requirement:            5.000ns  (clk_out3_cnn_accelerator_system_clk_wiz_0_0 rise@5.000ns - clk_out3_cnn_accelerator_system_clk_wiz_0_0 rise@0.000ns)
  Data Path Delay:        5.132ns  (logic 1.749ns (34.079%)  route 3.383ns (65.921%))
  Logic Levels:           6  (CARRY4=2 LUT3=2 LUT5=1 LUT6=1)
  Clock Path Skew:        -0.094ns (DCD - SCD + CPR)
    Destination Clock Delay (DCD):    4.940ns = ( 9.940 - 5.000 ) 
    Source Clock Delay      (SCD):    5.221ns
    Clock Pessimism Removal (CPR):    0.187ns
  Clock Uncertainty:      0.067ns  ((TSJ^2 + DJ^2)^1/2) / 2 + PE
    Total System Jitter     (TSJ):    0.071ns
    Discrete Jitter          (DJ):    0.113ns
    Phase Error              (PE):    0.000ns

    Location             Delay type                Incr(ns)  Path(ns)    Netlist Resource(s)
  -------------------------------------------------------------------    -------------------
                         (clock clk_out3_cnn_accelerator_system_clk_wiz_0_0 rise edge)
                                                      0.000     0.000 r  
    E3                                                0.000     0.000 r  CLK100MHZ (IN)
                         net (fo=0)                   0.000     0.000    CLK100MHZ
    E3                                                                r  CLK100MHZ_IBUF_inst/I
    E3                   IBUF (Prop_ibuf_I_O)         1.482     1.482 r  CLK100MHZ_IBUF_inst/O
                         net (fo=1, routed)           2.025     3.506    cnn_accelerator_system_i/util_ds_buf_0/U0/BUFG_I[0]
    BUFGCTRL_X0Y16                                                    r  cnn_accelerator_system_i/util_ds_buf_0/U0/USE_BUFG.GEN_BUFG[0].BUFG_U/I
    BUFGCTRL_X0Y16       BUFG (Prop_bufg_I_O)         0.096     3.602 r  cnn_accelerator_system_i/util_ds_buf_0/U0/USE_BUFG.GEN_BUFG[0].BUFG_U/O
                         net (fo=2, routed)           1.809     5.412    cnn_accelerator_system_i/clk_wiz_0/inst/clk_in1
    MMCME2_ADV_X0Y0                                                   r  cnn_accelerator_system_i/clk_wiz_0/inst/mmcm_adv_inst/CLKIN1
    MMCME2_ADV_X0Y0      MMCME2_ADV (Prop_mmcme2_adv_CLKIN1_CLKOUT2)
                                                     -3.922     1.490 r  cnn_accelerator_system_i/clk_wiz_0/inst/mmcm_adv_inst/CLKOUT2
                         net (fo=1, routed)           2.018     3.508    cnn_accelerator_system_i/clk_wiz_0/inst/clk_out3_cnn_accelerator_system_clk_wiz_0_0
    BUFGCTRL_X0Y2                                                     r  cnn_accelerator_system_i/clk_wiz_0/inst/clkout3_buf/I
    BUFGCTRL_X0Y2        BUFG (Prop_bufg_I_O)         0.096     3.604 r  cnn_accelerator_system_i/clk_wiz_0/inst/clkout3_buf/O
                         net (fo=51119, routed)       1.616     5.221    cnn_accelerator_system_i/cnn_accelerator_wino_0/inst/conv2/clk
    SLICE_X56Y83         FDRE                                         r  cnn_accelerator_system_i/cnn_accelerator_wino_0/inst/conv2/tile6_q_reg[1846]/C
  -------------------------------------------------------------------    -------------------
    SLICE_X56Y83         FDRE (Prop_fdre_C_Q)         0.518     5.739 r  cnn_accelerator_system_i/cnn_accelerator_wino_0/inst/conv2/tile6_q_reg[1846]/Q
                         net (fo=2, routed)           1.342     7.080    cnn_accelerator_system_i/cnn_accelerator_wino_0/inst/conv2/gic[2].u_it/Q[462]
    SLICE_X43Y88                                                      r  cnn_accelerator_system_i/cnn_accelerator_wino_0/inst/conv2/gic[2].u_it/i___4_i_2__1/I0
    SLICE_X43Y88         LUT3 (Prop_lut3_I0_O)        0.124     7.204 r  cnn_accelerator_system_i/cnn_accelerator_wino_0/inst/conv2/gic[2].u_it/i___4_i_2__1/O
                         net (fo=11, routed)          0.811     8.015    cnn_accelerator_system_i/cnn_accelerator_wino_0/inst/conv2/gic[2].u_it/gic[2].d_flat_ic[230]
    SLICE_X38Y88                                                      r  cnn_accelerator_system_i/cnn_accelerator_wino_0/inst/conv2/gic[2].u_it/i___4/I1
    SLICE_X38Y88         LUT3 (Prop_lut3_I1_O)        0.124     8.139 r  cnn_accelerator_system_i/cnn_accelerator_wino_0/inst/conv2/gic[2].u_it/i___4/O
                         net (fo=4, routed)           0.638     8.778    cnn_accelerator_system_i/cnn_accelerator_wino_0/inst/conv2/gic[2].u_it/i___4_n_0
    SLICE_X38Y88                                                      r  cnn_accelerator_system_i/cnn_accelerator_wino_0/inst/conv2/gic[2].u_it/tre[2][4][7]_i_2__1/I3
    SLICE_X38Y88         LUT5 (Prop_lut5_I3_O)        0.124     8.902 r  cnn_accelerator_system_i/cnn_accelerator_wino_0/inst/conv2/gic[2].u_it/tre[2][4][7]_i_2__1/O
                         net (fo=2, routed)           0.592     9.494    cnn_accelerator_system_i/cnn_accelerator_wino_0/inst/conv2/gic[2].u_it/tre[2][4][7]_i_2__1_n_0
    SLICE_X36Y89                                                      r  cnn_accelerator_system_i/cnn_accelerator_wino_0/inst/conv2/gic[2].u_it/tre[2][4][7]_i_6__1/I0
    SLICE_X36Y89         LUT6 (Prop_lut6_I0_O)        0.124     9.618 r  cnn_accelerator_system_i/cnn_accelerator_wino_0/inst/conv2/gic[2].u_it/tre[2][4][7]_i_6__1/O
                         net (fo=1, routed)           0.000     9.618    cnn_accelerator_system_i/cnn_accelerator_wino_0/inst/conv2/gic[2].u_it/tre[2][4][7]_i_6__1_n_0
    SLICE_X36Y89                                                      r  cnn_accelerator_system_i/cnn_accelerator_wino_0/inst/conv2/gic[2].u_it/tre_reg[2][4][7]_i_1__1/S[3]
    SLICE_X36Y89         CARRY4 (Prop_carry4_S[3]_CO[3])
                                                      0.401    10.019 r  cnn_accelerator_system_i/cnn_accelerator_wino_0/inst/conv2/gic[2].u_it/tre_reg[2][4][7]_i_1__1/CO[3]
                         net (fo=1, routed)           0.000    10.019    cnn_accelerator_system_i/cnn_accelerator_wino_0/inst/conv2/gic[2].u_it/tre_reg[2][4][7]_i_1__1_n_0
    SLICE_X36Y90                                                      r  cnn_accelerator_system_i/cnn_accelerator_wino_0/inst/conv2/gic[2].u_it/tre_reg[2][4][10]_i_1__1/CI
    SLICE_X36Y90         CARRY4 (Prop_carry4_CI_O[1])
                                                      0.334    10.353 r  cnn_accelerator_system_i/cnn_accelerator_wino_0/inst/conv2/gic[2].u_it/tre_reg[2][4][10]_i_1__1/O[1]
                         net (fo=1, routed)           0.000    10.353    cnn_accelerator_system_i/cnn_accelerator_wino_0/inst/conv2/gic[2].u_it/tre_c[2][4]_976[10]
    SLICE_X36Y90         FDRE                                         r  cnn_accelerator_system_i/cnn_accelerator_wino_0/inst/conv2/gic[2].u_it/tre_reg[2][4][10]/D
  -------------------------------------------------------------------    -------------------

                         (clock clk_out3_cnn_accelerator_system_clk_wiz_0_0 rise edge)
                                                      5.000     5.000 r  
    E3                                                0.000     5.000 r  CLK100MHZ (IN)
                         net (fo=0)                   0.000     5.000    CLK100MHZ
    E3                                                                r  CLK100MHZ_IBUF_inst/I
    E3                   IBUF (Prop_ibuf_I_O)         1.411     6.411 r  CLK100MHZ_IBUF_inst/O
                         net (fo=1, routed)           1.920     8.331    cnn_accelerator_system_i/util_ds_buf_0/U0/BUFG_I[0]
    BUFGCTRL_X0Y16                                                    r  cnn_accelerator_system_i/util_ds_buf_0/U0/USE_BUFG.GEN_BUFG[0].BUFG_U/I
    BUFGCTRL_X0Y16       BUFG (Prop_bufg_I_O)         0.091     8.422 r  cnn_accelerator_system_i/util_ds_buf_0/U0/USE_BUFG.GEN_BUFG[0].BUFG_U/O
                         net (fo=2, routed)           1.683    10.105    cnn_accelerator_system_i/clk_wiz_0/inst/clk_in1
    MMCME2_ADV_X0Y0                                                   r  cnn_accelerator_system_i/clk_wiz_0/inst/mmcm_adv_inst/CLKIN1
    MMCME2_ADV_X0Y0      MMCME2_ADV (Prop_mmcme2_adv_CLKIN1_CLKOUT2)
                                                     -3.694     6.411 r  cnn_accelerator_system_i/clk_wiz_0/inst/mmcm_adv_inst/CLKOUT2
                         net (fo=1, routed)           1.923     8.334    cnn_accelerator_system_i/clk_wiz_0/inst/clk_out3_cnn_accelerator_system_clk_wiz_0_0
    BUFGCTRL_X0Y2                                                     r  cnn_accelerator_system_i/clk_wiz_0/inst/clkout3_buf/I
    BUFGCTRL_X0Y2        BUFG (Prop_bufg_I_O)         0.091     8.425 r  cnn_accelerator_system_i/clk_wiz_0/inst/clkout3_buf/O
                         net (fo=51119, routed)       1.514     9.940    cnn_accelerator_system_i/cnn_accelerator_wino_0/inst/conv2/gic[2].u_it/clk
    SLICE_X36Y90         FDRE                                         r  cnn_accelerator_system_i/cnn_accelerator_wino_0/inst/conv2/gic[2].u_it/tre_reg[2][4][10]/C
                         clock pessimism              0.187    10.127    
                         clock uncertainty           -0.067    10.060    
    SLICE_X36Y90         FDRE (Setup_fdre_C_D)        0.062    10.122    cnn_accelerator_system_i/cnn_accelerator_wino_0/inst/conv2/gic[2].u_it/tre_reg[2][4][10]
  -------------------------------------------------------------------
                         required time                         10.122    
                         arrival time                         -10.353    
  -------------------------------------------------------------------
                         slack                                 -0.231    

Slack (VIOLATED) :        -0.230ns  (required time - arrival time)
  Source:                 cnn_accelerator_system_i/cnn_accelerator_wino_0/inst/conv2/gic[3].u_it/vim_0_3_p1_q_reg[3]/C
                            (rising edge-triggered cell FDRE clocked by clk_out3_cnn_accelerator_system_clk_wiz_0_0  {rise@0.000ns fall@2.500ns period=5.000ns})
  Destination:            cnn_accelerator_system_i/cnn_accelerator_wino_0/inst/conv2/lane[3].u_mul/a_q_reg[234]/D
                            (rising edge-triggered cell FDRE clocked by clk_out3_cnn_accelerator_system_clk_wiz_0_0  {rise@0.000ns fall@2.500ns period=5.000ns})
  Path Group:             clk_out3_cnn_accelerator_system_clk_wiz_0_0
  Path Type:              Setup (Max at Slow Process Corner)
  Requirement:            5.000ns  (clk_out3_cnn_accelerator_system_clk_wiz_0_0 rise@5.000ns - clk_out3_cnn_accelerator_system_clk_wiz_0_0 rise@0.000ns)
  Data Path Delay:        5.100ns  (logic 2.653ns (52.016%)  route 2.447ns (47.984%))
  Logic Levels:           6  (CARRY4=4 LUT2=2)
  Clock Path Skew:        -0.125ns (DCD - SCD + CPR)
    Destination Clock Delay (DCD):    4.930ns = ( 9.930 - 5.000 ) 
    Source Clock Delay      (SCD):    5.234ns
    Clock Pessimism Removal (CPR):    0.179ns
  Clock Uncertainty:      0.067ns  ((TSJ^2 + DJ^2)^1/2) / 2 + PE
    Total System Jitter     (TSJ):    0.071ns
    Discrete Jitter          (DJ):    0.113ns
    Phase Error              (PE):    0.000ns

    Location             Delay type                Incr(ns)  Path(ns)    Netlist Resource(s)
  -------------------------------------------------------------------    -------------------
                         (clock clk_out3_cnn_accelerator_system_clk_wiz_0_0 rise edge)
                                                      0.000     0.000 r  
    E3                                                0.000     0.000 r  CLK100MHZ (IN)
                         net (fo=0)                   0.000     0.000    CLK100MHZ
    E3                                                                r  CLK100MHZ_IBUF_inst/I
    E3                   IBUF (Prop_ibuf_I_O)         1.482     1.482 r  CLK100MHZ_IBUF_inst/O
                         net (fo=1, routed)           2.025     3.506    cnn_accelerator_system_i/util_ds_buf_0/U0/BUFG_I[0]
    BUFGCTRL_X0Y16                                                    r  cnn_accelerator_system_i/util_ds_buf_0/U0/USE_BUFG.GEN_BUFG[0].BUFG_U/I
    BUFGCTRL_X0Y16       BUFG (Prop_bufg_I_O)         0.096     3.602 r  cnn_accelerator_system_i/util_ds_buf_0/U0/USE_BUFG.GEN_BUFG[0].BUFG_U/O
                         net (fo=2, routed)           1.809     5.412    cnn_accelerator_system_i/clk_wiz_0/inst/clk_in1
    MMCME2_ADV_X0Y0                                                   r  cnn_accelerator_system_i/clk_wiz_0/inst/mmcm_adv_inst/CLKIN1
    MMCME2_ADV_X0Y0      MMCME2_ADV (Prop_mmcme2_adv_CLKIN1_CLKOUT2)
                                                     -3.922     1.490 r  cnn_accelerator_system_i/clk_wiz_0/inst/mmcm_adv_inst/CLKOUT2
                         net (fo=1, routed)           2.018     3.508    cnn_accelerator_system_i/clk_wiz_0/inst/clk_out3_cnn_accelerator_system_clk_wiz_0_0
    BUFGCTRL_X0Y2                                                     r  cnn_accelerator_system_i/clk_wiz_0/inst/clkout3_buf/I
    BUFGCTRL_X0Y2        BUFG (Prop_bufg_I_O)         0.096     3.604 r  cnn_accelerator_system_i/clk_wiz_0/inst/clkout3_buf/O
                         net (fo=51119, routed)       1.629     5.234    cnn_accelerator_system_i/cnn_accelerator_wino_0/inst/conv2/gic[3].u_it/clk
    SLICE_X35Y67         FDRE                                         r  cnn_accelerator_system_i/cnn_accelerator_wino_0/inst/conv2/gic[3].u_it/vim_0_3_p1_q_reg[3]/C
  -------------------------------------------------------------------    -------------------
    SLICE_X35Y67         FDRE (Prop_fdre_C_Q)         0.456     5.690 r  cnn_accelerator_system_i/cnn_accelerator_wino_0/inst/conv2/gic[3].u_it/vim_0_3_p1_q_reg[3]/Q
                         net (fo=1, routed)           0.708     6.398    cnn_accelerator_system_i/cnn_accelerator_wino_0/inst/conv2/gic[3].u_it/vim_0_3_p1_q[3]
    SLICE_X34Y71                                                      r  cnn_accelerator_system_i/cnn_accelerator_wino_0/inst/conv2/gic[3].u_it/a_q[257]_i_4__2/I1
    SLICE_X34Y71         LUT2 (Prop_lut2_I1_O)        0.124     6.522 r  cnn_accelerator_system_i/cnn_accelerator_wino_0/inst/conv2/gic[3].u_it/a_q[257]_i_4__2/O
                         net (fo=1, routed)           0.000     6.522    cnn_accelerator_system_i/cnn_accelerator_wino_0/inst/conv2/gic[3].u_it/a_q[257]_i_4__2_n_0
    SLICE_X34Y71                                                      r  cnn_accelerator_system_i/cnn_accelerator_wino_0/inst/conv2/gic[3].u_it/a_q_reg[257]_i_1__2/S[1]
    SLICE_X34Y71         CARRY4 (Prop_carry4_S[1]_CO[3])
                                                      0.533     7.055 r  cnn_accelerator_system_i/cnn_accelerator_wino_0/inst/conv2/gic[3].u_it/a_q_reg[257]_i_1__2/CO[3]
                         net (fo=1, routed)           0.000     7.055    cnn_accelerator_system_i/cnn_accelerator_wino_0/inst/conv2/gic[3].u_it/a_q_reg[257]_i_1__2_n_0
    SLICE_X34Y72                                                      r  cnn_accelerator_system_i/cnn_accelerator_wino_0/inst/conv2/gic[3].u_it/a_q_reg[261]_i_1__2/CI
    SLICE_X34Y72         CARRY4 (Prop_carry4_CI_O[1])
                                                      0.337     7.392 r  cnn_accelerator_system_i/cnn_accelerator_wino_0/inst/conv2/gic[3].u_it/a_q_reg[261]_i_1__2/O[1]
                         net (fo=2, routed)           1.107     8.499    cnn_accelerator_system_i/cnn_accelerator_wino_0/inst/conv2/gic[3].u_it/a_flat[212]
    SLICE_X41Y96                                                      r  cnn_accelerator_system_i/cnn_accelerator_wino_0/inst/conv2/gic[3].u_it/a_q[233]_i_4__2/I1
    SLICE_X41Y96         LUT2 (Prop_lut2_I1_O)        0.306     8.805 r  cnn_accelerator_system_i/cnn_accelerator_wino_0/inst/conv2/gic[3].u_it/a_q[233]_i_4__2/O
                         net (fo=1, routed)           0.632     9.437    cnn_accelerator_system_i/cnn_accelerator_wino_0/inst/conv2/gic[3].u_it/a_q[233]_i_4__2_n_0
    SLICE_X40Y102                                                     r  cnn_accelerator_system_i/cnn_accelerator_wino_0/inst/conv2/gic[3].u_it/a_q_reg[233]_i_1__2/S[1]
    SLICE_X40Y102        CARRY4 (Prop_carry4_S[1]_CO[3])
                                                      0.674    10.111 r  cnn_accelerator_system_i/cnn_accelerator_wino_0/inst/conv2/gic[3].u_it/a_q_reg[233]_i_1__2/CO[3]
                         net (fo=1, routed)           0.000    10.111    cnn_accelerator_system_i/cnn_accelerator_wino_0/inst/conv2/gic[3].u_it/a_q_reg[233]_i_1__2_n_0
    SLICE_X40Y103                                                     r  cnn_accelerator_system_i/cnn_accelerator_wino_0/inst/conv2/gic[3].u_it/a_q_reg[237]_i_1__2/CI
    SLICE_X40Y103        CARRY4 (Prop_carry4_CI_O[0])
                                                      0.223    10.334 r  cnn_accelerator_system_i/cnn_accelerator_wino_0/inst/conv2/gic[3].u_it/a_q_reg[237]_i_1__2/O[0]
                         net (fo=1, routed)           0.000    10.334    cnn_accelerator_system_i/cnn_accelerator_wino_0/inst/conv2/lane[3].u_mul/a_flat[192]
    SLICE_X40Y103        FDRE                                         r  cnn_accelerator_system_i/cnn_accelerator_wino_0/inst/conv2/lane[3].u_mul/a_q_reg[234]/D
  -------------------------------------------------------------------    -------------------

                         (clock clk_out3_cnn_accelerator_system_clk_wiz_0_0 rise edge)
                                                      5.000     5.000 r  
    E3                                                0.000     5.000 r  CLK100MHZ (IN)
                         net (fo=0)                   0.000     5.000    CLK100MHZ
    E3                                                                r  CLK100MHZ_IBUF_inst/I
    E3                   IBUF (Prop_ibuf_I_O)         1.411     6.411 r  CLK100MHZ_IBUF_inst/O
                         net (fo=1, routed)           1.920     8.331    cnn_accelerator_system_i/util_ds_buf_0/U0/BUFG_I[0]
    BUFGCTRL_X0Y16                                                    r  cnn_accelerator_system_i/util_ds_buf_0/U0/USE_BUFG.GEN_BUFG[0].BUFG_U/I
    BUFGCTRL_X0Y16       BUFG (Prop_bufg_I_O)         0.091     8.422 r  cnn_accelerator_system_i/util_ds_buf_0/U0/USE_BUFG.GEN_BUFG[0].BUFG_U/O
                         net (fo=2, routed)           1.683    10.105    cnn_accelerator_system_i/clk_wiz_0/inst/clk_in1
    MMCME2_ADV_X0Y0                                                   r  cnn_accelerator_system_i/clk_wiz_0/inst/mmcm_adv_inst/CLKIN1
    MMCME2_ADV_X0Y0      MMCME2_ADV (Prop_mmcme2_adv_CLKIN1_CLKOUT2)
                                                     -3.694     6.411 r  cnn_accelerator_system_i/clk_wiz_0/inst/mmcm_adv_inst/CLKOUT2
                         net (fo=1, routed)           1.923     8.334    cnn_accelerator_system_i/clk_wiz_0/inst/clk_out3_cnn_accelerator_system_clk_wiz_0_0
    BUFGCTRL_X0Y2                                                     r  cnn_accelerator_system_i/clk_wiz_0/inst/clkout3_buf/I
    BUFGCTRL_X0Y2        BUFG (Prop_bufg_I_O)         0.091     8.425 r  cnn_accelerator_system_i/clk_wiz_0/inst/clkout3_buf/O
                         net (fo=51119, routed)       1.505     9.930    cnn_accelerator_system_i/cnn_accelerator_wino_0/inst/conv2/lane[3].u_mul/clk
    SLICE_X40Y103        FDRE                                         r  cnn_accelerator_system_i/cnn_accelerator_wino_0/inst/conv2/lane[3].u_mul/a_q_reg[234]/C
                         clock pessimism              0.179    10.109    
                         clock uncertainty           -0.067    10.042    
    SLICE_X40Y103        FDRE (Setup_fdre_C_D)        0.062    10.104    cnn_accelerator_system_i/cnn_accelerator_wino_0/inst/conv2/lane[3].u_mul/a_q_reg[234]
  -------------------------------------------------------------------
                         required time                         10.104    
                         arrival time                         -10.334    
  -------------------------------------------------------------------
                         slack                                 -0.230    

Slack (VIOLATED) :        -0.152ns  (required time - arrival time)
  Source:                 cnn_accelerator_system_i/cnn_accelerator_wino_0/inst/conv2/tile6_q_reg[1102]/C
                            (rising edge-triggered cell FDRE clocked by clk_out3_cnn_accelerator_system_clk_wiz_0_0  {rise@0.000ns fall@2.500ns period=5.000ns})
  Destination:            cnn_accelerator_system_i/cnn_accelerator_wino_0/inst/conv2/gic[1].u_it/tre_reg[2][5][10]/D
                            (rising edge-triggered cell FDRE clocked by clk_out3_cnn_accelerator_system_clk_wiz_0_0  {rise@0.000ns fall@2.500ns period=5.000ns})
  Path Group:             clk_out3_cnn_accelerator_system_clk_wiz_0_0
  Path Type:              Setup (Max at Slow Process Corner)
  Requirement:            5.000ns  (clk_out3_cnn_accelerator_system_clk_wiz_0_0 rise@5.000ns - clk_out3_cnn_accelerator_system_clk_wiz_0_0 rise@0.000ns)
  Data Path Delay:        5.063ns  (logic 1.609ns (31.781%)  route 3.454ns (68.219%))
  Logic Levels:           5  (CARRY4=2 LUT3=2 LUT5=1)
  Clock Path Skew:        -0.132ns (DCD - SCD + CPR)
    Destination Clock Delay (DCD):    4.916ns = ( 9.916 - 5.000 ) 
    Source Clock Delay      (SCD):    5.307ns
    Clock Pessimism Removal (CPR):    0.259ns
  Clock Uncertainty:      0.067ns  ((TSJ^2 + DJ^2)^1/2) / 2 + PE
    Total System Jitter     (TSJ):    0.071ns
    Discrete Jitter          (DJ):    0.113ns
    Phase Error              (PE):    0.000ns

    Location             Delay type                Incr(ns)  Path(ns)    Netlist Resource(s)
  -------------------------------------------------------------------    -------------------
                         (clock clk_out3_cnn_accelerator_system_clk_wiz_0_0 rise edge)
                                                      0.000     0.000 r  
    E3                                                0.000     0.000 r  CLK100MHZ (IN)
                         net (fo=0)                   0.000     0.000    CLK100MHZ
    E3                                                                r  CLK100MHZ_IBUF_inst/I
    E3                   IBUF (Prop_ibuf_I_O)         1.482     1.482 r  CLK100MHZ_IBUF_inst/O
                         net (fo=1, routed)           2.025     3.506    cnn_accelerator_system_i/util_ds_buf_0/U0/BUFG_I[0]
    BUFGCTRL_X0Y16                                                    r  cnn_accelerator_system_i/util_ds_buf_0/U0/USE_BUFG.GEN_BUFG[0].BUFG_U/I
    BUFGCTRL_X0Y16       BUFG (Prop_bufg_I_O)         0.096     3.602 r  cnn_accelerator_system_i/util_ds_buf_0/U0/USE_BUFG.GEN_BUFG[0].BUFG_U/O
                         net (fo=2, routed)           1.809     5.412    cnn_accelerator_system_i/clk_wiz_0/inst/clk_in1
    MMCME2_ADV_X0Y0                                                   r  cnn_accelerator_system_i/clk_wiz_0/inst/mmcm_adv_inst/CLKIN1
    MMCME2_ADV_X0Y0      MMCME2_ADV (Prop_mmcme2_adv_CLKIN1_CLKOUT2)
                                                     -3.922     1.490 r  cnn_accelerator_system_i/clk_wiz_0/inst/mmcm_adv_inst/CLKOUT2
                         net (fo=1, routed)           2.018     3.508    cnn_accelerator_system_i/clk_wiz_0/inst/clk_out3_cnn_accelerator_system_clk_wiz_0_0
    BUFGCTRL_X0Y2                                                     r  cnn_accelerator_system_i/clk_wiz_0/inst/clkout3_buf/I
    BUFGCTRL_X0Y2        BUFG (Prop_bufg_I_O)         0.096     3.604 r  cnn_accelerator_system_i/clk_wiz_0/inst/clkout3_buf/O
                         net (fo=51119, routed)       1.702     5.307    cnn_accelerator_system_i/cnn_accelerator_wino_0/inst/conv2/clk
    SLICE_X74Y79         FDRE                                         r  cnn_accelerator_system_i/cnn_accelerator_wino_0/inst/conv2/tile6_q_reg[1102]/C
  -------------------------------------------------------------------    -------------------
    SLICE_X74Y79         FDRE (Prop_fdre_C_Q)         0.518     5.825 r  cnn_accelerator_system_i/cnn_accelerator_wino_0/inst/conv2/tile6_q_reg[1102]/Q
                         net (fo=1, routed)           0.962     6.787    cnn_accelerator_system_i/cnn_accelerator_wino_0/inst/conv2/gic[1].u_it/Q[278]
    SLICE_X59Y78                                                      r  cnn_accelerator_system_i/cnn_accelerator_wino_0/inst/conv2/gic[1].u_it/i___39_i_3__0/I2
    SLICE_X59Y78         LUT3 (Prop_lut3_I2_O)        0.124     6.911 r  cnn_accelerator_system_i/cnn_accelerator_wino_0/inst/conv2/gic[1].u_it/i___39_i_3__0/O
                         net (fo=8, routed)           1.110     8.021    cnn_accelerator_system_i/cnn_accelerator_wino_0/inst/conv2/gic[1].u_it/gic[1].d_flat_ic[142]
    SLICE_X56Y69                                                      r  cnn_accelerator_system_i/cnn_accelerator_wino_0/inst/conv2/gic[1].u_it/i___39/I2
    SLICE_X56Y69         LUT3 (Prop_lut3_I2_O)        0.124     8.145 r  cnn_accelerator_system_i/cnn_accelerator_wino_0/inst/conv2/gic[1].u_it/i___39/O
                         net (fo=4, routed)           0.616     8.761    cnn_accelerator_system_i/cnn_accelerator_wino_0/inst/conv2/gic[1].u_it/i___39_n_0
    SLICE_X55Y65                                                      r  cnn_accelerator_system_i/cnn_accelerator_wino_0/inst/conv2/gic[1].u_it/tre[2][5][7]_i_2__0/I3
    SLICE_X55Y65         LUT5 (Prop_lut5_I3_O)        0.124     8.885 r  cnn_accelerator_system_i/cnn_accelerator_wino_0/inst/conv2/gic[1].u_it/tre[2][5][7]_i_2__0/O
                         net (fo=2, routed)           0.766     9.650    cnn_accelerator_system_i/cnn_accelerator_wino_0/inst/conv2/gic[1].u_it/tre[2][5][7]_i_2__0_n_0
    SLICE_X54Y69                                                      r  cnn_accelerator_system_i/cnn_accelerator_wino_0/inst/conv2/gic[1].u_it/tre_reg[2][5][7]_i_1__0/DI[3]
    SLICE_X54Y69         CARRY4 (Prop_carry4_DI[3]_CO[3])
                                                      0.396    10.046 r  cnn_accelerator_system_i/cnn_accelerator_wino_0/inst/conv2/gic[1].u_it/tre_reg[2][5][7]_i_1__0/CO[3]
                         net (fo=1, routed)           0.000    10.046    cnn_accelerator_system_i/cnn_accelerator_wino_0/inst/conv2/gic[1].u_it/tre_reg[2][5][7]_i_1__0_n_0
    SLICE_X54Y70                                                      r  cnn_accelerator_system_i/cnn_accelerator_wino_0/inst/conv2/gic[1].u_it/tre_reg[2][5][10]_i_1__0/CI
    SLICE_X54Y70         CARRY4 (Prop_carry4_CI_O[1])
                                                      0.323    10.369 r  cnn_accelerator_system_i/cnn_accelerator_wino_0/inst/conv2/gic[1].u_it/tre_reg[2][5][10]_i_1__0/O[1]
                         net (fo=1, routed)           0.000    10.369    cnn_accelerator_system_i/cnn_accelerator_wino_0/inst/conv2/gic[1].u_it/tre_c[2][5]_937[10]
    SLICE_X54Y70         FDRE                                         r  cnn_accelerator_system_i/cnn_accelerator_wino_0/inst/conv2/gic[1].u_it/tre_reg[2][5][10]/D
  -------------------------------------------------------------------    -------------------

                         (clock clk_out3_cnn_accelerator_system_clk_wiz_0_0 rise edge)
                                                      5.000     5.000 r  
    E3                                                0.000     5.000 r  CLK100MHZ (IN)
                         net (fo=0)                   0.000     5.000    CLK100MHZ
    E3                                                                r  CLK100MHZ_IBUF_inst/I
    E3                   IBUF (Prop_ibuf_I_O)         1.411     6.411 r  CLK100MHZ_IBUF_inst/O
                         net (fo=1, routed)           1.920     8.331    cnn_accelerator_system_i/util_ds_buf_0/U0/BUFG_I[0]
    BUFGCTRL_X0Y16                                                    r  cnn_accelerator_system_i/util_ds_buf_0/U0/USE_BUFG.GEN_BUFG[0].BUFG_U/I
    BUFGCTRL_X0Y16       BUFG (Prop_bufg_I_O)         0.091     8.422 r  cnn_accelerator_system_i/util_ds_buf_0/U0/USE_BUFG.GEN_BUFG[0].BUFG_U/O
                         net (fo=2, routed)           1.683    10.105    cnn_accelerator_system_i/clk_wiz_0/inst/clk_in1
    MMCME2_ADV_X0Y0                                                   r  cnn_accelerator_system_i/clk_wiz_0/inst/mmcm_adv_inst/CLKIN1
    MMCME2_ADV_X0Y0      MMCME2_ADV (Prop_mmcme2_adv_CLKIN1_CLKOUT2)
                                                     -3.694     6.411 r  cnn_accelerator_system_i/clk_wiz_0/inst/mmcm_adv_inst/CLKOUT2
                         net (fo=1, routed)           1.923     8.334    cnn_accelerator_system_i/clk_wiz_0/inst/clk_out3_cnn_accelerator_system_clk_wiz_0_0
    BUFGCTRL_X0Y2                                                     r  cnn_accelerator_system_i/clk_wiz_0/inst/clkout3_buf/I
    BUFGCTRL_X0Y2        BUFG (Prop_bufg_I_O)         0.091     8.425 r  cnn_accelerator_system_i/clk_wiz_0/inst/clkout3_buf/O
                         net (fo=51119, routed)       1.490     9.916    cnn_accelerator_system_i/cnn_accelerator_wino_0/inst/conv2/gic[1].u_it/clk
    SLICE_X54Y70         FDRE                                         r  cnn_accelerator_system_i/cnn_accelerator_wino_0/inst/conv2/gic[1].u_it/tre_reg[2][5][10]/C
                         clock pessimism              0.259    10.175    
                         clock uncertainty           -0.067    10.108    
    SLICE_X54Y70         FDRE (Setup_fdre_C_D)        0.109    10.217    cnn_accelerator_system_i/cnn_accelerator_wino_0/inst/conv2/gic[1].u_it/tre_reg[2][5][10]
  -------------------------------------------------------------------
                         required time                         10.217    
                         arrival time                         -10.369    
  -------------------------------------------------------------------
                         slack                                 -0.152    

Slack (VIOLATED) :        -0.131ns  (required time - arrival time)
  Source:                 cnn_accelerator_system_i/cnn_accelerator_wino_0/inst/conv2/lane[1].u_mul/wm_op_q_reg[6]/C
                            (rising edge-triggered cell FDRE clocked by clk_out3_cnn_accelerator_system_clk_wiz_0_0  {rise@0.000ns fall@2.500ns period=5.000ns})
  Destination:            cnn_accelerator_system_i/cnn_accelerator_wino_0/inst/conv2/lane[1].u_mul/g_wpe[13].wmem_op_reg_0_31_6_11/RAMA/WE
                            (rising edge-triggered cell RAMD32 clocked by clk_out3_cnn_accelerator_system_clk_wiz_0_0  {rise@0.000ns fall@2.500ns period=5.000ns})
  Path Group:             clk_out3_cnn_accelerator_system_clk_wiz_0_0
  Path Type:              Setup (Max at Slow Process Corner)
  Requirement:            5.000ns  (clk_out3_cnn_accelerator_system_clk_wiz_0_0 rise@5.000ns - clk_out3_cnn_accelerator_system_clk_wiz_0_0 rise@0.000ns)
  Data Path Delay:        4.431ns  (logic 0.704ns (15.889%)  route 3.727ns (84.111%))
  Logic Levels:           2  (LUT4=1 LUT6=1)
  Clock Path Skew:        -0.101ns (DCD - SCD + CPR)
    Destination Clock Delay (DCD):    4.923ns = ( 9.923 - 5.000 ) 
    Source Clock Delay      (SCD):    5.202ns
    Clock Pessimism Removal (CPR):    0.179ns
  Clock Uncertainty:      0.067ns  ((TSJ^2 + DJ^2)^1/2) / 2 + PE
    Total System Jitter     (TSJ):    0.071ns
    Discrete Jitter          (DJ):    0.113ns
    Phase Error              (PE):    0.000ns

    Location             Delay type                Incr(ns)  Path(ns)    Netlist Resource(s)
  -------------------------------------------------------------------    -------------------
                         (clock clk_out3_cnn_accelerator_system_clk_wiz_0_0 rise edge)
                                                      0.000     0.000 r  
    E3                                                0.000     0.000 r  CLK100MHZ (IN)
                         net (fo=0)                   0.000     0.000    CLK100MHZ
    E3                                                                r  CLK100MHZ_IBUF_inst/I
    E3                   IBUF (Prop_ibuf_I_O)         1.482     1.482 r  CLK100MHZ_IBUF_inst/O
                         net (fo=1, routed)           2.025     3.506    cnn_accelerator_system_i/util_ds_buf_0/U0/BUFG_I[0]
    BUFGCTRL_X0Y16                                                    r  cnn_accelerator_system_i/util_ds_buf_0/U0/USE_BUFG.GEN_BUFG[0].BUFG_U/I
    BUFGCTRL_X0Y16       BUFG (Prop_bufg_I_O)         0.096     3.602 r  cnn_accelerator_system_i/util_ds_buf_0/U0/USE_BUFG.GEN_BUFG[0].BUFG_U/O
                         net (fo=2, routed)           1.809     5.412    cnn_accelerator_system_i/clk_wiz_0/inst/clk_in1
    MMCME2_ADV_X0Y0                                                   r  cnn_accelerator_system_i/clk_wiz_0/inst/mmcm_adv_inst/CLKIN1
    MMCME2_ADV_X0Y0      MMCME2_ADV (Prop_mmcme2_adv_CLKIN1_CLKOUT2)
                                                     -3.922     1.490 r  cnn_accelerator_system_i/clk_wiz_0/inst/mmcm_adv_inst/CLKOUT2
                         net (fo=1, routed)           2.018     3.508    cnn_accelerator_system_i/clk_wiz_0/inst/clk_out3_cnn_accelerator_system_clk_wiz_0_0
    BUFGCTRL_X0Y2                                                     r  cnn_accelerator_system_i/clk_wiz_0/inst/clkout3_buf/I
    BUFGCTRL_X0Y2        BUFG (Prop_bufg_I_O)         0.096     3.604 r  cnn_accelerator_system_i/clk_wiz_0/inst/clkout3_buf/O
                         net (fo=51119, routed)       1.598     5.202    cnn_accelerator_system_i/cnn_accelerator_wino_0/inst/conv2/lane[1].u_mul/clk
    SLICE_X51Y125        FDRE                                         r  cnn_accelerator_system_i/cnn_accelerator_wino_0/inst/conv2/lane[1].u_mul/wm_op_q_reg[6]/C
  -------------------------------------------------------------------    -------------------
    SLICE_X51Y125        FDRE (Prop_fdre_C_Q)         0.456     5.658 f  cnn_accelerator_system_i/cnn_accelerator_wino_0/inst/conv2/lane[1].u_mul/wm_op_q_reg[6]/Q
                         net (fo=15, routed)          1.003     6.661    cnn_accelerator_system_i/cnn_accelerator_wino_0/inst/conv2/lane[1].u_mul/wm_op_q[6]
    SLICE_X59Y127                                                     f  cnn_accelerator_system_i/cnn_accelerator_wino_0/inst/conv2/lane[1].u_mul/g_wpe[0].wmem_op_reg_0_31_0_5_i_2__1_replica_1/I3
    SLICE_X59Y127        LUT4 (Prop_lut4_I3_O)        0.124     6.785 r  cnn_accelerator_system_i/cnn_accelerator_wino_0/inst/conv2/lane[1].u_mul/g_wpe[0].wmem_op_reg_0_31_0_5_i_2__1_replica_1/O
                         net (fo=1, routed)           1.788     8.573    cnn_accelerator_system_i/cnn_accelerator_wino_0/inst/conv2/lane[1].u_mul/g_wpe[0].wmem_op_reg_0_31_0_5_i_2__1_n_0_repN_1
    SLICE_X67Y85                                                      r  cnn_accelerator_system_i/cnn_accelerator_wino_0/inst/conv2/lane[1].u_mul/g_wpe[13].wmem_op_reg_0_31_0_5_i_1__1/I3
    SLICE_X67Y85         LUT6 (Prop_lut6_I3_O)        0.124     8.697 r  cnn_accelerator_system_i/cnn_accelerator_wino_0/inst/conv2/lane[1].u_mul/g_wpe[13].wmem_op_reg_0_31_0_5_i_1__1/O
                         net (fo=16, routed)          0.936     9.633    cnn_accelerator_system_i/cnn_accelerator_wino_0/inst/conv2/lane[1].u_mul/g_wpe[13].wmem_op_reg_0_31_6_11/WE
    SLICE_X66Y71         RAMD32                                       r  cnn_accelerator_system_i/cnn_accelerator_wino_0/inst/conv2/lane[1].u_mul/g_wpe[13].wmem_op_reg_0_31_6_11/RAMA/WE
  -------------------------------------------------------------------    -------------------

                         (clock clk_out3_cnn_accelerator_system_clk_wiz_0_0 rise edge)
                                                      5.000     5.000 r  
    E3                                                0.000     5.000 r  CLK100MHZ (IN)
                         net (fo=0)                   0.000     5.000    CLK100MHZ
    E3                                                                r  CLK100MHZ_IBUF_inst/I
    E3                   IBUF (Prop_ibuf_I_O)         1.411     6.411 r  CLK100MHZ_IBUF_inst/O
                         net (fo=1, routed)           1.920     8.331    cnn_accelerator_system_i/util_ds_buf_0/U0/BUFG_I[0]
    BUFGCTRL_X0Y16                                                    r  cnn_accelerator_system_i/util_ds_buf_0/U0/USE_BUFG.GEN_BUFG[0].BUFG_U/I
    BUFGCTRL_X0Y16       BUFG (Prop_bufg_I_O)         0.091     8.422 r  cnn_accelerator_system_i/util_ds_buf_0/U0/USE_BUFG.GEN_BUFG[0].BUFG_U/O
                         net (fo=2, routed)           1.683    10.105    cnn_accelerator_system_i/clk_wiz_0/inst/clk_in1
    MMCME2_ADV_X0Y0                                                   r  cnn_accelerator_system_i/clk_wiz_0/inst/mmcm_adv_inst/CLKIN1
    MMCME2_ADV_X0Y0      MMCME2_ADV (Prop_mmcme2_adv_CLKIN1_CLKOUT2)
                                                     -3.694     6.411 r  cnn_accelerator_system_i/clk_wiz_0/inst/mmcm_adv_inst/CLKOUT2
                         net (fo=1, routed)           1.923     8.334    cnn_accelerator_system_i/clk_wiz_0/inst/clk_out3_cnn_accelerator_system_clk_wiz_0_0
    BUFGCTRL_X0Y2                                                     r  cnn_accelerator_system_i/clk_wiz_0/inst/clkout3_buf/I
    BUFGCTRL_X0Y2        BUFG (Prop_bufg_I_O)         0.091     8.425 r  cnn_accelerator_system_i/clk_wiz_0/inst/clkout3_buf/O
                         net (fo=51119, routed)       1.497     9.923    cnn_accelerator_system_i/cnn_accelerator_wino_0/inst/conv2/lane[1].u_mul/g_wpe[13].wmem_op_reg_0_31_6_11/WCLK
    SLICE_X66Y71         RAMD32                                       r  cnn_accelerator_system_i/cnn_accelerator_wino_0/inst/conv2/lane[1].u_mul/g_wpe[13].wmem_op_reg_0_31_6_11/RAMA/CLK
                         clock pessimism              0.179    10.102    
                         clock uncertainty           -0.067    10.035    
    SLICE_X66Y71         RAMD32 (Setup_ramd32_CLK_WE)
                                                     -0.533     9.502    cnn_accelerator_system_i/cnn_accelerator_wino_0/inst/conv2/lane[1].u_mul/g_wpe[13].wmem_op_reg_0_31_6_11/RAMA
  -------------------------------------------------------------------
                         required time                          9.502    
                         arrival time                          -9.633    
  -------------------------------------------------------------------
                         slack                                 -0.131    

Slack (VIOLATED) :        -0.131ns  (required time - arrival time)
  Source:                 cnn_accelerator_system_i/cnn_accelerator_wino_0/inst/conv2/lane[1].u_mul/wm_op_q_reg[6]/C
                            (rising edge-triggered cell FDRE clocked by clk_out3_cnn_accelerator_system_clk_wiz_0_0  {rise@0.000ns fall@2.500ns period=5.000ns})
  Destination:            cnn_accelerator_system_i/cnn_accelerator_wino_0/inst/conv2/lane[1].u_mul/g_wpe[13].wmem_op_reg_0_31_6_11/RAMA_D1/WE
                            (rising edge-triggered cell RAMD32 clocked by clk_out3_cnn_accelerator_system_clk_wiz_0_0  {rise@0.000ns fall@2.500ns period=5.000ns})
  Path Group:             clk_out3_cnn_accelerator_system_clk_wiz_0_0
  Path Type:              Setup (Max at Slow Process Corner)
  Requirement:            5.000ns  (clk_out3_cnn_accelerator_system_clk_wiz_0_0 rise@5.000ns - clk_out3_cnn_accelerator_system_clk_wiz_0_0 rise@0.000ns)
  Data Path Delay:        4.431ns  (logic 0.704ns (15.889%)  route 3.727ns (84.111%))
  Logic Levels:           2  (LUT4=1 LUT6=1)
  Clock Path Skew:        -0.101ns (DCD - SCD + CPR)
    Destination Clock Delay (DCD):    4.923ns = ( 9.923 - 5.000 ) 
    Source Clock Delay      (SCD):    5.202ns
    Clock Pessimism Removal (CPR):    0.179ns
  Clock Uncertainty:      0.067ns  ((TSJ^2 + DJ^2)^1/2) / 2 + PE
    Total System Jitter     (TSJ):    0.071ns
    Discrete Jitter          (DJ):    0.113ns
    Phase Error              (PE):    0.000ns

    Location             Delay type                Incr(ns)  Path(ns)    Netlist Resource(s)
  -------------------------------------------------------------------    -------------------
                         (clock clk_out3_cnn_accelerator_system_clk_wiz_0_0 rise edge)
                                                      0.000     0.000 r  
    E3                                                0.000     0.000 r  CLK100MHZ (IN)
                         net (fo=0)                   0.000     0.000    CLK100MHZ
    E3                                                                r  CLK100MHZ_IBUF_inst/I
    E3                   IBUF (Prop_ibuf_I_O)         1.482     1.482 r  CLK100MHZ_IBUF_inst/O
                         net (fo=1, routed)           2.025     3.506    cnn_accelerator_system_i/util_ds_buf_0/U0/BUFG_I[0]
    BUFGCTRL_X0Y16                                                    r  cnn_accelerator_system_i/util_ds_buf_0/U0/USE_BUFG.GEN_BUFG[0].BUFG_U/I
    BUFGCTRL_X0Y16       BUFG (Prop_bufg_I_O)         0.096     3.602 r  cnn_accelerator_system_i/util_ds_buf_0/U0/USE_BUFG.GEN_BUFG[0].BUFG_U/O
                         net (fo=2, routed)           1.809     5.412    cnn_accelerator_system_i/clk_wiz_0/inst/clk_in1
    MMCME2_ADV_X0Y0                                                   r  cnn_accelerator_system_i/clk_wiz_0/inst/mmcm_adv_inst/CLKIN1
    MMCME2_ADV_X0Y0      MMCME2_ADV (Prop_mmcme2_adv_CLKIN1_CLKOUT2)
                                                     -3.922     1.490 r  cnn_accelerator_system_i/clk_wiz_0/inst/mmcm_adv_inst/CLKOUT2
                         net (fo=1, routed)           2.018     3.508    cnn_accelerator_system_i/clk_wiz_0/inst/clk_out3_cnn_accelerator_system_clk_wiz_0_0
    BUFGCTRL_X0Y2                                                     r  cnn_accelerator_system_i/clk_wiz_0/inst/clkout3_buf/I
    BUFGCTRL_X0Y2        BUFG (Prop_bufg_I_O)         0.096     3.604 r  cnn_accelerator_system_i/clk_wiz_0/inst/clkout3_buf/O
                         net (fo=51119, routed)       1.598     5.202    cnn_accelerator_system_i/cnn_accelerator_wino_0/inst/conv2/lane[1].u_mul/clk
    SLICE_X51Y125        FDRE                                         r  cnn_accelerator_system_i/cnn_accelerator_wino_0/inst/conv2/lane[1].u_mul/wm_op_q_reg[6]/C
  -------------------------------------------------------------------    -------------------
    SLICE_X51Y125        FDRE (Prop_fdre_C_Q)         0.456     5.658 f  cnn_accelerator_system_i/cnn_accelerator_wino_0/inst/conv2/lane[1].u_mul/wm_op_q_reg[6]/Q
                         net (fo=15, routed)          1.003     6.661    cnn_accelerator_system_i/cnn_accelerator_wino_0/inst/conv2/lane[1].u_mul/wm_op_q[6]
    SLICE_X59Y127                                                     f  cnn_accelerator_system_i/cnn_accelerator_wino_0/inst/conv2/lane[1].u_mul/g_wpe[0].wmem_op_reg_0_31_0_5_i_2__1_replica_1/I3
    SLICE_X59Y127        LUT4 (Prop_lut4_I3_O)        0.124     6.785 r  cnn_accelerator_system_i/cnn_accelerator_wino_0/inst/conv2/lane[1].u_mul/g_wpe[0].wmem_op_reg_0_31_0_5_i_2__1_replica_1/O
                         net (fo=1, routed)           1.788     8.573    cnn_accelerator_system_i/cnn_accelerator_wino_0/inst/conv2/lane[1].u_mul/g_wpe[0].wmem_op_reg_0_31_0_5_i_2__1_n_0_repN_1
    SLICE_X67Y85                                                      r  cnn_accelerator_system_i/cnn_accelerator_wino_0/inst/conv2/lane[1].u_mul/g_wpe[13].wmem_op_reg_0_31_0_5_i_1__1/I3
    SLICE_X67Y85         LUT6 (Prop_lut6_I3_O)        0.124     8.697 r  cnn_accelerator_system_i/cnn_accelerator_wino_0/inst/conv2/lane[1].u_mul/g_wpe[13].wmem_op_reg_0_31_0_5_i_1__1/O
                         net (fo=16, routed)          0.936     9.633    cnn_accelerator_system_i/cnn_accelerator_wino_0/inst/conv2/lane[1].u_mul/g_wpe[13].wmem_op_reg_0_31_6_11/WE
    SLICE_X66Y71         RAMD32                                       r  cnn_accelerator_system_i/cnn_accelerator_wino_0/inst/conv2/lane[1].u_mul/g_wpe[13].wmem_op_reg_0_31_6_11/RAMA_D1/WE
  -------------------------------------------------------------------    -------------------

                         (clock clk_out3_cnn_accelerator_system_clk_wiz_0_0 rise edge)
                                                      5.000     5.000 r  
    E3                                                0.000     5.000 r  CLK100MHZ (IN)
                         net (fo=0)                   0.000     5.000    CLK100MHZ
    E3                                                                r  CLK100MHZ_IBUF_inst/I
    E3                   IBUF (Prop_ibuf_I_O)         1.411     6.411 r  CLK100MHZ_IBUF_inst/O
                         net (fo=1, routed)           1.920     8.331    cnn_accelerator_system_i/util_ds_buf_0/U0/BUFG_I[0]
    BUFGCTRL_X0Y16                                                    r  cnn_accelerator_system_i/util_ds_buf_0/U0/USE_BUFG.GEN_BUFG[0].BUFG_U/I
    BUFGCTRL_X0Y16       BUFG (Prop_bufg_I_O)         0.091     8.422 r  cnn_accelerator_system_i/util_ds_buf_0/U0/USE_BUFG.GEN_BUFG[0].BUFG_U/O
                         net (fo=2, routed)           1.683    10.105    cnn_accelerator_system_i/clk_wiz_0/inst/clk_in1
    MMCME2_ADV_X0Y0                                                   r  cnn_accelerator_system_i/clk_wiz_0/inst/mmcm_adv_inst/CLKIN1
    MMCME2_ADV_X0Y0      MMCME2_ADV (Prop_mmcme2_adv_CLKIN1_CLKOUT2)
                                                     -3.694     6.411 r  cnn_accelerator_system_i/clk_wiz_0/inst/mmcm_adv_inst/CLKOUT2
                         net (fo=1, routed)           1.923     8.334    cnn_accelerator_system_i/clk_wiz_0/inst/clk_out3_cnn_accelerator_system_clk_wiz_0_0
    BUFGCTRL_X0Y2                                                     r  cnn_accelerator_system_i/clk_wiz_0/inst/clkout3_buf/I
    BUFGCTRL_X0Y2        BUFG (Prop_bufg_I_O)         0.091     8.425 r  cnn_accelerator_system_i/clk_wiz_0/inst/clkout3_buf/O
                         net (fo=51119, routed)       1.497     9.923    cnn_accelerator_system_i/cnn_accelerator_wino_0/inst/conv2/lane[1].u_mul/g_wpe[13].wmem_op_reg_0_31_6_11/WCLK
    SLICE_X66Y71         RAMD32                                       r  cnn_accelerator_system_i/cnn_accelerator_wino_0/inst/conv2/lane[1].u_mul/g_wpe[13].wmem_op_reg_0_31_6_11/RAMA_D1/CLK
                         clock pessimism              0.179    10.102    
                         clock uncertainty           -0.067    10.035    
    SLICE_X66Y71         RAMD32 (Setup_ramd32_CLK_WE)
                                                     -0.533     9.502    cnn_accelerator_system_i/cnn_accelerator_wino_0/inst/conv2/lane[1].u_mul/g_wpe[13].wmem_op_reg_0_31_6_11/RAMA_D1
  -------------------------------------------------------------------
                         required time                          9.502    
                         arrival time                          -9.633    
  -------------------------------------------------------------------
                         slack                                 -0.131    

Slack (VIOLATED) :        -0.131ns  (required time - arrival time)
  Source:                 cnn_accelerator_system_i/cnn_accelerator_wino_0/inst/conv2/lane[1].u_mul/wm_op_q_reg[6]/C
                            (rising edge-triggered cell FDRE clocked by clk_out3_cnn_accelerator_system_clk_wiz_0_0  {rise@0.000ns fall@2.500ns period=5.000ns})
  Destination:            cnn_accelerator_system_i/cnn_accelerator_wino_0/inst/conv2/lane[1].u_mul/g_wpe[13].wmem_op_reg_0_31_6_11/RAMB/WE
                            (rising edge-triggered cell RAMD32 clocked by clk_out3_cnn_accelerator_system_clk_wiz_0_0  {rise@0.000ns fall@2.500ns period=5.000ns})
  Path Group:             clk_out3_cnn_accelerator_system_clk_wiz_0_0
  Path Type:              Setup (Max at Slow Process Corner)
  Requirement:            5.000ns  (clk_out3_cnn_accelerator_system_clk_wiz_0_0 rise@5.000ns - clk_out3_cnn_accelerator_system_clk_wiz_0_0 rise@0.000ns)
  Data Path Delay:        4.431ns  (logic 0.704ns (15.889%)  route 3.727ns (84.111%))
  Logic Levels:           2  (LUT4=1 LUT6=1)
  Clock Path Skew:        -0.101ns (DCD - SCD + CPR)
    Destination Clock Delay (DCD):    4.923ns = ( 9.923 - 5.000 ) 
    Source Clock Delay      (SCD):    5.202ns
    Clock Pessimism Removal (CPR):    0.179ns
  Clock Uncertainty:      0.067ns  ((TSJ^2 + DJ^2)^1/2) / 2 + PE
    Total System Jitter     (TSJ):    0.071ns
    Discrete Jitter          (DJ):    0.113ns
    Phase Error              (PE):    0.000ns

    Location             Delay type                Incr(ns)  Path(ns)    Netlist Resource(s)
  -------------------------------------------------------------------    -------------------
                         (clock clk_out3_cnn_accelerator_system_clk_wiz_0_0 rise edge)
                                                      0.000     0.000 r  
    E3                                                0.000     0.000 r  CLK100MHZ (IN)
                         net (fo=0)                   0.000     0.000    CLK100MHZ
    E3                                                                r  CLK100MHZ_IBUF_inst/I
    E3                   IBUF (Prop_ibuf_I_O)         1.482     1.482 r  CLK100MHZ_IBUF_inst/O
                         net (fo=1, routed)           2.025     3.506    cnn_accelerator_system_i/util_ds_buf_0/U0/BUFG_I[0]
    BUFGCTRL_X0Y16                                                    r  cnn_accelerator_system_i/util_ds_buf_0/U0/USE_BUFG.GEN_BUFG[0].BUFG_U/I
    BUFGCTRL_X0Y16       BUFG (Prop_bufg_I_O)         0.096     3.602 r  cnn_accelerator_system_i/util_ds_buf_0/U0/USE_BUFG.GEN_BUFG[0].BUFG_U/O
                         net (fo=2, routed)           1.809     5.412    cnn_accelerator_system_i/clk_wiz_0/inst/clk_in1
    MMCME2_ADV_X0Y0                                                   r  cnn_accelerator_system_i/clk_wiz_0/inst/mmcm_adv_inst/CLKIN1
    MMCME2_ADV_X0Y0      MMCME2_ADV (Prop_mmcme2_adv_CLKIN1_CLKOUT2)
                                                     -3.922     1.490 r  cnn_accelerator_system_i/clk_wiz_0/inst/mmcm_adv_inst/CLKOUT2
                         net (fo=1, routed)           2.018     3.508    cnn_accelerator_system_i/clk_wiz_0/inst/clk_out3_cnn_accelerator_system_clk_wiz_0_0
    BUFGCTRL_X0Y2                                                     r  cnn_accelerator_system_i/clk_wiz_0/inst/clkout3_buf/I
    BUFGCTRL_X0Y2        BUFG (Prop_bufg_I_O)         0.096     3.604 r  cnn_accelerator_system_i/clk_wiz_0/inst/clkout3_buf/O
                         net (fo=51119, routed)       1.598     5.202    cnn_accelerator_system_i/cnn_accelerator_wino_0/inst/conv2/lane[1].u_mul/clk
    SLICE_X51Y125        FDRE                                         r  cnn_accelerator_system_i/cnn_accelerator_wino_0/inst/conv2/lane[1].u_mul/wm_op_q_reg[6]/C
  -------------------------------------------------------------------    -------------------
    SLICE_X51Y125        FDRE (Prop_fdre_C_Q)         0.456     5.658 f  cnn_accelerator_system_i/cnn_accelerator_wino_0/inst/conv2/lane[1].u_mul/wm_op_q_reg[6]/Q
                         net (fo=15, routed)          1.003     6.661    cnn_accelerator_system_i/cnn_accelerator_wino_0/inst/conv2/lane[1].u_mul/wm_op_q[6]
    SLICE_X59Y127                                                     f  cnn_accelerator_system_i/cnn_accelerator_wino_0/inst/conv2/lane[1].u_mul/g_wpe[0].wmem_op_reg_0_31_0_5_i_2__1_replica_1/I3
    SLICE_X59Y127        LUT4 (Prop_lut4_I3_O)        0.124     6.785 r  cnn_accelerator_system_i/cnn_accelerator_wino_0/inst/conv2/lane[1].u_mul/g_wpe[0].wmem_op_reg_0_31_0_5_i_2__1_replica_1/O
                         net (fo=1, routed)           1.788     8.573    cnn_accelerator_system_i/cnn_accelerator_wino_0/inst/conv2/lane[1].u_mul/g_wpe[0].wmem_op_reg_0_31_0_5_i_2__1_n_0_repN_1
    SLICE_X67Y85                                                      r  cnn_accelerator_system_i/cnn_accelerator_wino_0/inst/conv2/lane[1].u_mul/g_wpe[13].wmem_op_reg_0_31_0_5_i_1__1/I3
    SLICE_X67Y85         LUT6 (Prop_lut6_I3_O)        0.124     8.697 r  cnn_accelerator_system_i/cnn_accelerator_wino_0/inst/conv2/lane[1].u_mul/g_wpe[13].wmem_op_reg_0_31_0_5_i_1__1/O
                         net (fo=16, routed)          0.936     9.633    cnn_accelerator_system_i/cnn_accelerator_wino_0/inst/conv2/lane[1].u_mul/g_wpe[13].wmem_op_reg_0_31_6_11/WE
    SLICE_X66Y71         RAMD32                                       r  cnn_accelerator_system_i/cnn_accelerator_wino_0/inst/conv2/lane[1].u_mul/g_wpe[13].wmem_op_reg_0_31_6_11/RAMB/WE
  -------------------------------------------------------------------    -------------------

                         (clock clk_out3_cnn_accelerator_system_clk_wiz_0_0 rise edge)
                                                      5.000     5.000 r  
    E3                                                0.000     5.000 r  CLK100MHZ (IN)
                         net (fo=0)                   0.000     5.000    CLK100MHZ
    E3                                                                r  CLK100MHZ_IBUF_inst/I
    E3                   IBUF (Prop_ibuf_I_O)         1.411     6.411 r  CLK100MHZ_IBUF_inst/O
                         net (fo=1, routed)           1.920     8.331    cnn_accelerator_system_i/util_ds_buf_0/U0/BUFG_I[0]
    BUFGCTRL_X0Y16                                                    r  cnn_accelerator_system_i/util_ds_buf_0/U0/USE_BUFG.GEN_BUFG[0].BUFG_U/I
    BUFGCTRL_X0Y16       BUFG (Prop_bufg_I_O)         0.091     8.422 r  cnn_accelerator_system_i/util_ds_buf_0/U0/USE_BUFG.GEN_BUFG[0].BUFG_U/O
                         net (fo=2, routed)           1.683    10.105    cnn_accelerator_system_i/clk_wiz_0/inst/clk_in1
    MMCME2_ADV_X0Y0                                                   r  cnn_accelerator_system_i/clk_wiz_0/inst/mmcm_adv_inst/CLKIN1
    MMCME2_ADV_X0Y0      MMCME2_ADV (Prop_mmcme2_adv_CLKIN1_CLKOUT2)
                                                     -3.694     6.411 r  cnn_accelerator_system_i/clk_wiz_0/inst/mmcm_adv_inst/CLKOUT2
                         net (fo=1, routed)           1.923     8.334    cnn_accelerator_system_i/clk_wiz_0/inst/clk_out3_cnn_accelerator_system_clk_wiz_0_0
    BUFGCTRL_X0Y2                                                     r  cnn_accelerator_system_i/clk_wiz_0/inst/clkout3_buf/I
    BUFGCTRL_X0Y2        BUFG (Prop_bufg_I_O)         0.091     8.425 r  cnn_accelerator_system_i/clk_wiz_0/inst/clkout3_buf/O
                         net (fo=51119, routed)       1.497     9.923    cnn_accelerator_system_i/cnn_accelerator_wino_0/inst/conv2/lane[1].u_mul/g_wpe[13].wmem_op_reg_0_31_6_11/WCLK
    SLICE_X66Y71         RAMD32                                       r  cnn_accelerator_system_i/cnn_accelerator_wino_0/inst/conv2/lane[1].u_mul/g_wpe[13].wmem_op_reg_0_31_6_11/RAMB/CLK
                         clock pessimism              0.179    10.102    
                         clock uncertainty           -0.067    10.035    
    SLICE_X66Y71         RAMD32 (Setup_ramd32_CLK_WE)
                                                     -0.533     9.502    cnn_accelerator_system_i/cnn_accelerator_wino_0/inst/conv2/lane[1].u_mul/g_wpe[13].wmem_op_reg_0_31_6_11/RAMB
  -------------------------------------------------------------------
                         required time                          9.502    
                         arrival time                          -9.633    
  -------------------------------------------------------------------
                         slack                                 -0.131    

Slack (VIOLATED) :        -0.131ns  (required time - arrival time)
  Source:                 cnn_accelerator_system_i/cnn_accelerator_wino_0/inst/conv2/lane[1].u_mul/wm_op_q_reg[6]/C
                            (rising edge-triggered cell FDRE clocked by clk_out3_cnn_accelerator_system_clk_wiz_0_0  {rise@0.000ns fall@2.500ns period=5.000ns})
  Destination:            cnn_accelerator_system_i/cnn_accelerator_wino_0/inst/conv2/lane[1].u_mul/g_wpe[13].wmem_op_reg_0_31_6_11/RAMB_D1/WE
                            (rising edge-triggered cell RAMD32 clocked by clk_out3_cnn_accelerator_system_clk_wiz_0_0  {rise@0.000ns fall@2.500ns period=5.000ns})
  Path Group:             clk_out3_cnn_accelerator_system_clk_wiz_0_0
  Path Type:              Setup (Max at Slow Process Corner)
  Requirement:            5.000ns  (clk_out3_cnn_accelerator_system_clk_wiz_0_0 rise@5.000ns - clk_out3_cnn_accelerator_system_clk_wiz_0_0 rise@0.000ns)
  Data Path Delay:        4.431ns  (logic 0.704ns (15.889%)  route 3.727ns (84.111%))
  Logic Levels:           2  (LUT4=1 LUT6=1)
  Clock Path Skew:        -0.101ns (DCD - SCD + CPR)
    Destination Clock Delay (DCD):    4.923ns = ( 9.923 - 5.000 ) 
    Source Clock Delay      (SCD):    5.202ns
    Clock Pessimism Removal (CPR):    0.179ns
  Clock Uncertainty:      0.067ns  ((TSJ^2 + DJ^2)^1/2) / 2 + PE
    Total System Jitter     (TSJ):    0.071ns
    Discrete Jitter          (DJ):    0.113ns
    Phase Error              (PE):    0.000ns

    Location             Delay type                Incr(ns)  Path(ns)    Netlist Resource(s)
  -------------------------------------------------------------------    -------------------
                         (clock clk_out3_cnn_accelerator_system_clk_wiz_0_0 rise edge)
                                                      0.000     0.000 r  
    E3                                                0.000     0.000 r  CLK100MHZ (IN)
                         net (fo=0)                   0.000     0.000    CLK100MHZ
    E3                                                                r  CLK100MHZ_IBUF_inst/I
    E3                   IBUF (Prop_ibuf_I_O)         1.482     1.482 r  CLK100MHZ_IBUF_inst/O
                         net (fo=1, routed)           2.025     3.506    cnn_accelerator_system_i/util_ds_buf_0/U0/BUFG_I[0]
    BUFGCTRL_X0Y16                                                    r  cnn_accelerator_system_i/util_ds_buf_0/U0/USE_BUFG.GEN_BUFG[0].BUFG_U/I
    BUFGCTRL_X0Y16       BUFG (Prop_bufg_I_O)         0.096     3.602 r  cnn_accelerator_system_i/util_ds_buf_0/U0/USE_BUFG.GEN_BUFG[0].BUFG_U/O
                         net (fo=2, routed)           1.809     5.412    cnn_accelerator_system_i/clk_wiz_0/inst/clk_in1
    MMCME2_ADV_X0Y0                                                   r  cnn_accelerator_system_i/clk_wiz_0/inst/mmcm_adv_inst/CLKIN1
    MMCME2_ADV_X0Y0      MMCME2_ADV (Prop_mmcme2_adv_CLKIN1_CLKOUT2)
                                                     -3.922     1.490 r  cnn_accelerator_system_i/clk_wiz_0/inst/mmcm_adv_inst/CLKOUT2
                         net (fo=1, routed)           2.018     3.508    cnn_accelerator_system_i/clk_wiz_0/inst/clk_out3_cnn_accelerator_system_clk_wiz_0_0
    BUFGCTRL_X0Y2                                                     r  cnn_accelerator_system_i/clk_wiz_0/inst/clkout3_buf/I
    BUFGCTRL_X0Y2        BUFG (Prop_bufg_I_O)         0.096     3.604 r  cnn_accelerator_system_i/clk_wiz_0/inst/clkout3_buf/O
                         net (fo=51119, routed)       1.598     5.202    cnn_accelerator_system_i/cnn_accelerator_wino_0/inst/conv2/lane[1].u_mul/clk
    SLICE_X51Y125        FDRE                                         r  cnn_accelerator_system_i/cnn_accelerator_wino_0/inst/conv2/lane[1].u_mul/wm_op_q_reg[6]/C
  -------------------------------------------------------------------    -------------------
    SLICE_X51Y125        FDRE (Prop_fdre_C_Q)         0.456     5.658 f  cnn_accelerator_system_i/cnn_accelerator_wino_0/inst/conv2/lane[1].u_mul/wm_op_q_reg[6]/Q
                         net (fo=15, routed)          1.003     6.661    cnn_accelerator_system_i/cnn_accelerator_wino_0/inst/conv2/lane[1].u_mul/wm_op_q[6]
    SLICE_X59Y127                                                     f  cnn_accelerator_system_i/cnn_accelerator_wino_0/inst/conv2/lane[1].u_mul/g_wpe[0].wmem_op_reg_0_31_0_5_i_2__1_replica_1/I3
    SLICE_X59Y127        LUT4 (Prop_lut4_I3_O)        0.124     6.785 r  cnn_accelerator_system_i/cnn_accelerator_wino_0/inst/conv2/lane[1].u_mul/g_wpe[0].wmem_op_reg_0_31_0_5_i_2__1_replica_1/O
                         net (fo=1, routed)           1.788     8.573    cnn_accelerator_system_i/cnn_accelerator_wino_0/inst/conv2/lane[1].u_mul/g_wpe[0].wmem_op_reg_0_31_0_5_i_2__1_n_0_repN_1
    SLICE_X67Y85                                                      r  cnn_accelerator_system_i/cnn_accelerator_wino_0/inst/conv2/lane[1].u_mul/g_wpe[13].wmem_op_reg_0_31_0_5_i_1__1/I3
    SLICE_X67Y85         LUT6 (Prop_lut6_I3_O)        0.124     8.697 r  cnn_accelerator_system_i/cnn_accelerator_wino_0/inst/conv2/lane[1].u_mul/g_wpe[13].wmem_op_reg_0_31_0_5_i_1__1/O
                         net (fo=16, routed)          0.936     9.633    cnn_accelerator_system_i/cnn_accelerator_wino_0/inst/conv2/lane[1].u_mul/g_wpe[13].wmem_op_reg_0_31_6_11/WE
    SLICE_X66Y71         RAMD32                                       r  cnn_accelerator_system_i/cnn_accelerator_wino_0/inst/conv2/lane[1].u_mul/g_wpe[13].wmem_op_reg_0_31_6_11/RAMB_D1/WE
  -------------------------------------------------------------------    -------------------

                         (clock clk_out3_cnn_accelerator_system_clk_wiz_0_0 rise edge)
                                                      5.000     5.000 r  
    E3                                                0.000     5.000 r  CLK100MHZ (IN)
                         net (fo=0)                   0.000     5.000    CLK100MHZ
    E3                                                                r  CLK100MHZ_IBUF_inst/I
    E3                   IBUF (Prop_ibuf_I_O)         1.411     6.411 r  CLK100MHZ_IBUF_inst/O
                         net (fo=1, routed)           1.920     8.331    cnn_accelerator_system_i/util_ds_buf_0/U0/BUFG_I[0]
    BUFGCTRL_X0Y16                                                    r  cnn_accelerator_system_i/util_ds_buf_0/U0/USE_BUFG.GEN_BUFG[0].BUFG_U/I
    BUFGCTRL_X0Y16       BUFG (Prop_bufg_I_O)         0.091     8.422 r  cnn_accelerator_system_i/util_ds_buf_0/U0/USE_BUFG.GEN_BUFG[0].BUFG_U/O
                         net (fo=2, routed)           1.683    10.105    cnn_accelerator_system_i/clk_wiz_0/inst/clk_in1
    MMCME2_ADV_X0Y0                                                   r  cnn_accelerator_system_i/clk_wiz_0/inst/mmcm_adv_inst/CLKIN1
    MMCME2_ADV_X0Y0      MMCME2_ADV (Prop_mmcme2_adv_CLKIN1_CLKOUT2)
                                                     -3.694     6.411 r  cnn_accelerator_system_i/clk_wiz_0/inst/mmcm_adv_inst/CLKOUT2
                         net (fo=1, routed)           1.923     8.334    cnn_accelerator_system_i/clk_wiz_0/inst/clk_out3_cnn_accelerator_system_clk_wiz_0_0
    BUFGCTRL_X0Y2                                                     r  cnn_accelerator_system_i/clk_wiz_0/inst/clkout3_buf/I
    BUFGCTRL_X0Y2        BUFG (Prop_bufg_I_O)         0.091     8.425 r  cnn_accelerator_system_i/clk_wiz_0/inst/clkout3_buf/O
                         net (fo=51119, routed)       1.497     9.923    cnn_accelerator_system_i/cnn_accelerator_wino_0/inst/conv2/lane[1].u_mul/g_wpe[13].wmem_op_reg_0_31_6_11/WCLK
    SLICE_X66Y71         RAMD32                                       r  cnn_accelerator_system_i/cnn_accelerator_wino_0/inst/conv2/lane[1].u_mul/g_wpe[13].wmem_op_reg_0_31_6_11/RAMB_D1/CLK
                         clock pessimism              0.179    10.102    
                         clock uncertainty           -0.067    10.035    
    SLICE_X66Y71         RAMD32 (Setup_ramd32_CLK_WE)
                                                     -0.533     9.502    cnn_accelerator_system_i/cnn_accelerator_wino_0/inst/conv2/lane[1].u_mul/g_wpe[13].wmem_op_reg_0_31_6_11/RAMB_D1
  -------------------------------------------------------------------
                         required time                          9.502    
                         arrival time                          -9.633    
  -------------------------------------------------------------------
                         slack                                 -0.131    

Slack (VIOLATED) :        -0.131ns  (required time - arrival time)
  Source:                 cnn_accelerator_system_i/cnn_accelerator_wino_0/inst/conv2/lane[1].u_mul/wm_op_q_reg[6]/C
                            (rising edge-triggered cell FDRE clocked by clk_out3_cnn_accelerator_system_clk_wiz_0_0  {rise@0.000ns fall@2.500ns period=5.000ns})
  Destination:            cnn_accelerator_system_i/cnn_accelerator_wino_0/inst/conv2/lane[1].u_mul/g_wpe[13].wmem_op_reg_0_31_6_11/RAMC/WE
                            (rising edge-triggered cell RAMD32 clocked by clk_out3_cnn_accelerator_system_clk_wiz_0_0  {rise@0.000ns fall@2.500ns period=5.000ns})
  Path Group:             clk_out3_cnn_accelerator_system_clk_wiz_0_0
  Path Type:              Setup (Max at Slow Process Corner)
  Requirement:            5.000ns  (clk_out3_cnn_accelerator_system_clk_wiz_0_0 rise@5.000ns - clk_out3_cnn_accelerator_system_clk_wiz_0_0 rise@0.000ns)
  Data Path Delay:        4.431ns  (logic 0.704ns (15.889%)  route 3.727ns (84.111%))
  Logic Levels:           2  (LUT4=1 LUT6=1)
  Clock Path Skew:        -0.101ns (DCD - SCD + CPR)
    Destination Clock Delay (DCD):    4.923ns = ( 9.923 - 5.000 ) 
    Source Clock Delay      (SCD):    5.202ns
    Clock Pessimism Removal (CPR):    0.179ns
  Clock Uncertainty:      0.067ns  ((TSJ^2 + DJ^2)^1/2) / 2 + PE
    Total System Jitter     (TSJ):    0.071ns
    Discrete Jitter          (DJ):    0.113ns
    Phase Error              (PE):    0.000ns

    Location             Delay type                Incr(ns)  Path(ns)    Netlist Resource(s)
  -------------------------------------------------------------------    -------------------
                         (clock clk_out3_cnn_accelerator_system_clk_wiz_0_0 rise edge)
                                                      0.000     0.000 r  
    E3                                                0.000     0.000 r  CLK100MHZ (IN)
                         net (fo=0)                   0.000     0.000    CLK100MHZ
    E3                                                                r  CLK100MHZ_IBUF_inst/I
    E3                   IBUF (Prop_ibuf_I_O)         1.482     1.482 r  CLK100MHZ_IBUF_inst/O
                         net (fo=1, routed)           2.025     3.506    cnn_accelerator_system_i/util_ds_buf_0/U0/BUFG_I[0]
    BUFGCTRL_X0Y16                                                    r  cnn_accelerator_system_i/util_ds_buf_0/U0/USE_BUFG.GEN_BUFG[0].BUFG_U/I
    BUFGCTRL_X0Y16       BUFG (Prop_bufg_I_O)         0.096     3.602 r  cnn_accelerator_system_i/util_ds_buf_0/U0/USE_BUFG.GEN_BUFG[0].BUFG_U/O
                         net (fo=2, routed)           1.809     5.412    cnn_accelerator_system_i/clk_wiz_0/inst/clk_in1
    MMCME2_ADV_X0Y0                                                   r  cnn_accelerator_system_i/clk_wiz_0/inst/mmcm_adv_inst/CLKIN1
    MMCME2_ADV_X0Y0      MMCME2_ADV (Prop_mmcme2_adv_CLKIN1_CLKOUT2)
                                                     -3.922     1.490 r  cnn_accelerator_system_i/clk_wiz_0/inst/mmcm_adv_inst/CLKOUT2
                         net (fo=1, routed)           2.018     3.508    cnn_accelerator_system_i/clk_wiz_0/inst/clk_out3_cnn_accelerator_system_clk_wiz_0_0
    BUFGCTRL_X0Y2                                                     r  cnn_accelerator_system_i/clk_wiz_0/inst/clkout3_buf/I
    BUFGCTRL_X0Y2        BUFG (Prop_bufg_I_O)         0.096     3.604 r  cnn_accelerator_system_i/clk_wiz_0/inst/clkout3_buf/O
                         net (fo=51119, routed)       1.598     5.202    cnn_accelerator_system_i/cnn_accelerator_wino_0/inst/conv2/lane[1].u_mul/clk
    SLICE_X51Y125        FDRE                                         r  cnn_accelerator_system_i/cnn_accelerator_wino_0/inst/conv2/lane[1].u_mul/wm_op_q_reg[6]/C
  -------------------------------------------------------------------    -------------------
    SLICE_X51Y125        FDRE (Prop_fdre_C_Q)         0.456     5.658 f  cnn_accelerator_system_i/cnn_accelerator_wino_0/inst/conv2/lane[1].u_mul/wm_op_q_reg[6]/Q
                         net (fo=15, routed)          1.003     6.661    cnn_accelerator_system_i/cnn_accelerator_wino_0/inst/conv2/lane[1].u_mul/wm_op_q[6]
    SLICE_X59Y127                                                     f  cnn_accelerator_system_i/cnn_accelerator_wino_0/inst/conv2/lane[1].u_mul/g_wpe[0].wmem_op_reg_0_31_0_5_i_2__1_replica_1/I3
    SLICE_X59Y127        LUT4 (Prop_lut4_I3_O)        0.124     6.785 r  cnn_accelerator_system_i/cnn_accelerator_wino_0/inst/conv2/lane[1].u_mul/g_wpe[0].wmem_op_reg_0_31_0_5_i_2__1_replica_1/O
                         net (fo=1, routed)           1.788     8.573    cnn_accelerator_system_i/cnn_accelerator_wino_0/inst/conv2/lane[1].u_mul/g_wpe[0].wmem_op_reg_0_31_0_5_i_2__1_n_0_repN_1
    SLICE_X67Y85                                                      r  cnn_accelerator_system_i/cnn_accelerator_wino_0/inst/conv2/lane[1].u_mul/g_wpe[13].wmem_op_reg_0_31_0_5_i_1__1/I3
    SLICE_X67Y85         LUT6 (Prop_lut6_I3_O)        0.124     8.697 r  cnn_accelerator_system_i/cnn_accelerator_wino_0/inst/conv2/lane[1].u_mul/g_wpe[13].wmem_op_reg_0_31_0_5_i_1__1/O
                         net (fo=16, routed)          0.936     9.633    cnn_accelerator_system_i/cnn_accelerator_wino_0/inst/conv2/lane[1].u_mul/g_wpe[13].wmem_op_reg_0_31_6_11/WE
    SLICE_X66Y71         RAMD32                                       r  cnn_accelerator_system_i/cnn_accelerator_wino_0/inst/conv2/lane[1].u_mul/g_wpe[13].wmem_op_reg_0_31_6_11/RAMC/WE
  -------------------------------------------------------------------    -------------------

                         (clock clk_out3_cnn_accelerator_system_clk_wiz_0_0 rise edge)
                                                      5.000     5.000 r  
    E3                                                0.000     5.000 r  CLK100MHZ (IN)
                         net (fo=0)                   0.000     5.000    CLK100MHZ
    E3                                                                r  CLK100MHZ_IBUF_inst/I
    E3                   IBUF (Prop_ibuf_I_O)         1.411     6.411 r  CLK100MHZ_IBUF_inst/O
                         net (fo=1, routed)           1.920     8.331    cnn_accelerator_system_i/util_ds_buf_0/U0/BUFG_I[0]
    BUFGCTRL_X0Y16                                                    r  cnn_accelerator_system_i/util_ds_buf_0/U0/USE_BUFG.GEN_BUFG[0].BUFG_U/I
    BUFGCTRL_X0Y16       BUFG (Prop_bufg_I_O)         0.091     8.422 r  cnn_accelerator_system_i/util_ds_buf_0/U0/USE_BUFG.GEN_BUFG[0].BUFG_U/O
                         net (fo=2, routed)           1.683    10.105    cnn_accelerator_system_i/clk_wiz_0/inst/clk_in1
    MMCME2_ADV_X0Y0                                                   r  cnn_accelerator_system_i/clk_wiz_0/inst/mmcm_adv_inst/CLKIN1
    MMCME2_ADV_X0Y0      MMCME2_ADV (Prop_mmcme2_adv_CLKIN1_CLKOUT2)
                                                     -3.694     6.411 r  cnn_accelerator_system_i/clk_wiz_0/inst/mmcm_adv_inst/CLKOUT2
                         net (fo=1, routed)           1.923     8.334    cnn_accelerator_system_i/clk_wiz_0/inst/clk_out3_cnn_accelerator_system_clk_wiz_0_0
    BUFGCTRL_X0Y2                                                     r  cnn_accelerator_system_i/clk_wiz_0/inst/clkout3_buf/I
    BUFGCTRL_X0Y2        BUFG (Prop_bufg_I_O)         0.091     8.425 r  cnn_accelerator_system_i/clk_wiz_0/inst/clkout3_buf/O
                         net (fo=51119, routed)       1.497     9.923    cnn_accelerator_system_i/cnn_accelerator_wino_0/inst/conv2/lane[1].u_mul/g_wpe[13].wmem_op_reg_0_31_6_11/WCLK
    SLICE_X66Y71         RAMD32                                       r  cnn_accelerator_system_i/cnn_accelerator_wino_0/inst/conv2/lane[1].u_mul/g_wpe[13].wmem_op_reg_0_31_6_11/RAMC/CLK
                         clock pessimism              0.179    10.102    
                         clock uncertainty           -0.067    10.035    
    SLICE_X66Y71         RAMD32 (Setup_ramd32_CLK_WE)
                                                     -0.533     9.502    cnn_accelerator_system_i/cnn_accelerator_wino_0/inst/conv2/lane[1].u_mul/g_wpe[13].wmem_op_reg_0_31_6_11/RAMC
  -------------------------------------------------------------------
                         required time                          9.502    
                         arrival time                          -9.633    
  -------------------------------------------------------------------
                         slack                                 -0.131    

Slack (VIOLATED) :        -0.131ns  (required time - arrival time)
  Source:                 cnn_accelerator_system_i/cnn_accelerator_wino_0/inst/conv2/lane[1].u_mul/wm_op_q_reg[6]/C
                            (rising edge-triggered cell FDRE clocked by clk_out3_cnn_accelerator_system_clk_wiz_0_0  {rise@0.000ns fall@2.500ns period=5.000ns})
  Destination:            cnn_accelerator_system_i/cnn_accelerator_wino_0/inst/conv2/lane[1].u_mul/g_wpe[13].wmem_op_reg_0_31_6_11/RAMC_D1/WE
                            (rising edge-triggered cell RAMD32 clocked by clk_out3_cnn_accelerator_system_clk_wiz_0_0  {rise@0.000ns fall@2.500ns period=5.000ns})
  Path Group:             clk_out3_cnn_accelerator_system_clk_wiz_0_0
  Path Type:              Setup (Max at Slow Process Corner)
  Requirement:            5.000ns  (clk_out3_cnn_accelerator_system_clk_wiz_0_0 rise@5.000ns - clk_out3_cnn_accelerator_system_clk_wiz_0_0 rise@0.000ns)
  Data Path Delay:        4.431ns  (logic 0.704ns (15.889%)  route 3.727ns (84.111%))
  Logic Levels:           2  (LUT4=1 LUT6=1)
  Clock Path Skew:        -0.101ns (DCD - SCD + CPR)
    Destination Clock Delay (DCD):    4.923ns = ( 9.923 - 5.000 ) 
    Source Clock Delay      (SCD):    5.202ns
    Clock Pessimism Removal (CPR):    0.179ns
  Clock Uncertainty:      0.067ns  ((TSJ^2 + DJ^2)^1/2) / 2 + PE
    Total System Jitter     (TSJ):    0.071ns
    Discrete Jitter          (DJ):    0.113ns
    Phase Error              (PE):    0.000ns

    Location             Delay type                Incr(ns)  Path(ns)    Netlist Resource(s)
  -------------------------------------------------------------------    -------------------
                         (clock clk_out3_cnn_accelerator_system_clk_wiz_0_0 rise edge)
                                                      0.000     0.000 r  
    E3                                                0.000     0.000 r  CLK100MHZ (IN)
                         net (fo=0)                   0.000     0.000    CLK100MHZ
    E3                                                                r  CLK100MHZ_IBUF_inst/I
    E3                   IBUF (Prop_ibuf_I_O)         1.482     1.482 r  CLK100MHZ_IBUF_inst/O
                         net (fo=1, routed)           2.025     3.506    cnn_accelerator_system_i/util_ds_buf_0/U0/BUFG_I[0]
    BUFGCTRL_X0Y16                                                    r  cnn_accelerator_system_i/util_ds_buf_0/U0/USE_BUFG.GEN_BUFG[0].BUFG_U/I
    BUFGCTRL_X0Y16       BUFG (Prop_bufg_I_O)         0.096     3.602 r  cnn_accelerator_system_i/util_ds_buf_0/U0/USE_BUFG.GEN_BUFG[0].BUFG_U/O
                         net (fo=2, routed)           1.809     5.412    cnn_accelerator_system_i/clk_wiz_0/inst/clk_in1
    MMCME2_ADV_X0Y0                                                   r  cnn_accelerator_system_i/clk_wiz_0/inst/mmcm_adv_inst/CLKIN1
    MMCME2_ADV_X0Y0      MMCME2_ADV (Prop_mmcme2_adv_CLKIN1_CLKOUT2)
                                                     -3.922     1.490 r  cnn_accelerator_system_i/clk_wiz_0/inst/mmcm_adv_inst/CLKOUT2
                         net (fo=1, routed)           2.018     3.508    cnn_accelerator_system_i/clk_wiz_0/inst/clk_out3_cnn_accelerator_system_clk_wiz_0_0
    BUFGCTRL_X0Y2                                                     r  cnn_accelerator_system_i/clk_wiz_0/inst/clkout3_buf/I
    BUFGCTRL_X0Y2        BUFG (Prop_bufg_I_O)         0.096     3.604 r  cnn_accelerator_system_i/clk_wiz_0/inst/clkout3_buf/O
                         net (fo=51119, routed)       1.598     5.202    cnn_accelerator_system_i/cnn_accelerator_wino_0/inst/conv2/lane[1].u_mul/clk
    SLICE_X51Y125        FDRE                                         r  cnn_accelerator_system_i/cnn_accelerator_wino_0/inst/conv2/lane[1].u_mul/wm_op_q_reg[6]/C
  -------------------------------------------------------------------    -------------------
    SLICE_X51Y125        FDRE (Prop_fdre_C_Q)         0.456     5.658 f  cnn_accelerator_system_i/cnn_accelerator_wino_0/inst/conv2/lane[1].u_mul/wm_op_q_reg[6]/Q
                         net (fo=15, routed)          1.003     6.661    cnn_accelerator_system_i/cnn_accelerator_wino_0/inst/conv2/lane[1].u_mul/wm_op_q[6]
    SLICE_X59Y127                                                     f  cnn_accelerator_system_i/cnn_accelerator_wino_0/inst/conv2/lane[1].u_mul/g_wpe[0].wmem_op_reg_0_31_0_5_i_2__1_replica_1/I3
    SLICE_X59Y127        LUT4 (Prop_lut4_I3_O)        0.124     6.785 r  cnn_accelerator_system_i/cnn_accelerator_wino_0/inst/conv2/lane[1].u_mul/g_wpe[0].wmem_op_reg_0_31_0_5_i_2__1_replica_1/O
                         net (fo=1, routed)           1.788     8.573    cnn_accelerator_system_i/cnn_accelerator_wino_0/inst/conv2/lane[1].u_mul/g_wpe[0].wmem_op_reg_0_31_0_5_i_2__1_n_0_repN_1
    SLICE_X67Y85                                                      r  cnn_accelerator_system_i/cnn_accelerator_wino_0/inst/conv2/lane[1].u_mul/g_wpe[13].wmem_op_reg_0_31_0_5_i_1__1/I3
    SLICE_X67Y85         LUT6 (Prop_lut6_I3_O)        0.124     8.697 r  cnn_accelerator_system_i/cnn_accelerator_wino_0/inst/conv2/lane[1].u_mul/g_wpe[13].wmem_op_reg_0_31_0_5_i_1__1/O
                         net (fo=16, routed)          0.936     9.633    cnn_accelerator_system_i/cnn_accelerator_wino_0/inst/conv2/lane[1].u_mul/g_wpe[13].wmem_op_reg_0_31_6_11/WE
    SLICE_X66Y71         RAMD32                                       r  cnn_accelerator_system_i/cnn_accelerator_wino_0/inst/conv2/lane[1].u_mul/g_wpe[13].wmem_op_reg_0_31_6_11/RAMC_D1/WE
  -------------------------------------------------------------------    -------------------

                         (clock clk_out3_cnn_accelerator_system_clk_wiz_0_0 rise edge)
                                                      5.000     5.000 r  
    E3                                                0.000     5.000 r  CLK100MHZ (IN)
                         net (fo=0)                   0.000     5.000    CLK100MHZ
    E3                                                                r  CLK100MHZ_IBUF_inst/I
    E3                   IBUF (Prop_ibuf_I_O)         1.411     6.411 r  CLK100MHZ_IBUF_inst/O
                         net (fo=1, routed)           1.920     8.331    cnn_accelerator_system_i/util_ds_buf_0/U0/BUFG_I[0]
    BUFGCTRL_X0Y16                                                    r  cnn_accelerator_system_i/util_ds_buf_0/U0/USE_BUFG.GEN_BUFG[0].BUFG_U/I
    BUFGCTRL_X0Y16       BUFG (Prop_bufg_I_O)         0.091     8.422 r  cnn_accelerator_system_i/util_ds_buf_0/U0/USE_BUFG.GEN_BUFG[0].BUFG_U/O
                         net (fo=2, routed)           1.683    10.105    cnn_accelerator_system_i/clk_wiz_0/inst/clk_in1
    MMCME2_ADV_X0Y0                                                   r  cnn_accelerator_system_i/clk_wiz_0/inst/mmcm_adv_inst/CLKIN1
    MMCME2_ADV_X0Y0      MMCME2_ADV (Prop_mmcme2_adv_CLKIN1_CLKOUT2)
                                                     -3.694     6.411 r  cnn_accelerator_system_i/clk_wiz_0/inst/mmcm_adv_inst/CLKOUT2
                         net (fo=1, routed)           1.923     8.334    cnn_accelerator_system_i/clk_wiz_0/inst/clk_out3_cnn_accelerator_system_clk_wiz_0_0
    BUFGCTRL_X0Y2                                                     r  cnn_accelerator_system_i/clk_wiz_0/inst/clkout3_buf/I
    BUFGCTRL_X0Y2        BUFG (Prop_bufg_I_O)         0.091     8.425 r  cnn_accelerator_system_i/clk_wiz_0/inst/clkout3_buf/O
                         net (fo=51119, routed)       1.497     9.923    cnn_accelerator_system_i/cnn_accelerator_wino_0/inst/conv2/lane[1].u_mul/g_wpe[13].wmem_op_reg_0_31_6_11/WCLK
    SLICE_X66Y71         RAMD32                                       r  cnn_accelerator_system_i/cnn_accelerator_wino_0/inst/conv2/lane[1].u_mul/g_wpe[13].wmem_op_reg_0_31_6_11/RAMC_D1/CLK
                         clock pessimism              0.179    10.102    
                         clock uncertainty           -0.067    10.035    
    SLICE_X66Y71         RAMD32 (Setup_ramd32_CLK_WE)
                                                     -0.533     9.502    cnn_accelerator_system_i/cnn_accelerator_wino_0/inst/conv2/lane[1].u_mul/g_wpe[13].wmem_op_reg_0_31_6_11/RAMC_D1
  -------------------------------------------------------------------
                         required time                          9.502    
                         arrival time                          -9.633    
  -------------------------------------------------------------------
                         slack                                 -0.131    

Slack (VIOLATED) :        -0.131ns  (required time - arrival time)
  Source:                 cnn_accelerator_system_i/cnn_accelerator_wino_0/inst/conv2/lane[1].u_mul/wm_op_q_reg[6]/C
                            (rising edge-triggered cell FDRE clocked by clk_out3_cnn_accelerator_system_clk_wiz_0_0  {rise@0.000ns fall@2.500ns period=5.000ns})
  Destination:            cnn_accelerator_system_i/cnn_accelerator_wino_0/inst/conv2/lane[1].u_mul/g_wpe[13].wmem_op_reg_0_31_6_11/RAMD/WE
                            (rising edge-triggered cell RAMS32 clocked by clk_out3_cnn_accelerator_system_clk_wiz_0_0  {rise@0.000ns fall@2.500ns period=5.000ns})
  Path Group:             clk_out3_cnn_accelerator_system_clk_wiz_0_0
  Path Type:              Setup (Max at Slow Process Corner)
  Requirement:            5.000ns  (clk_out3_cnn_accelerator_system_clk_wiz_0_0 rise@5.000ns - clk_out3_cnn_accelerator_system_clk_wiz_0_0 rise@0.000ns)
  Data Path Delay:        4.431ns  (logic 0.704ns (15.889%)  route 3.727ns (84.111%))
  Logic Levels:           2  (LUT4=1 LUT6=1)
  Clock Path Skew:        -0.101ns (DCD - SCD + CPR)
    Destination Clock Delay (DCD):    4.923ns = ( 9.923 - 5.000 ) 
    Source Clock Delay      (SCD):    5.202ns
    Clock Pessimism Removal (CPR):    0.179ns
  Clock Uncertainty:      0.067ns  ((TSJ^2 + DJ^2)^1/2) / 2 + PE
    Total System Jitter     (TSJ):    0.071ns
    Discrete Jitter          (DJ):    0.113ns
    Phase Error              (PE):    0.000ns

    Location             Delay type                Incr(ns)  Path(ns)    Netlist Resource(s)
  -------------------------------------------------------------------    -------------------
                         (clock clk_out3_cnn_accelerator_system_clk_wiz_0_0 rise edge)
                                                      0.000     0.000 r  
    E3                                                0.000     0.000 r  CLK100MHZ (IN)
                         net (fo=0)                   0.000     0.000    CLK100MHZ
    E3                                                                r  CLK100MHZ_IBUF_inst/I
    E3                   IBUF (Prop_ibuf_I_O)         1.482     1.482 r  CLK100MHZ_IBUF_inst/O
                         net (fo=1, routed)           2.025     3.506    cnn_accelerator_system_i/util_ds_buf_0/U0/BUFG_I[0]
    BUFGCTRL_X0Y16                                                    r  cnn_accelerator_system_i/util_ds_buf_0/U0/USE_BUFG.GEN_BUFG[0].BUFG_U/I
    BUFGCTRL_X0Y16       BUFG (Prop_bufg_I_O)         0.096     3.602 r  cnn_accelerator_system_i/util_ds_buf_0/U0/USE_BUFG.GEN_BUFG[0].BUFG_U/O
                         net (fo=2, routed)           1.809     5.412    cnn_accelerator_system_i/clk_wiz_0/inst/clk_in1
    MMCME2_ADV_X0Y0                                                   r  cnn_accelerator_system_i/clk_wiz_0/inst/mmcm_adv_inst/CLKIN1
    MMCME2_ADV_X0Y0      MMCME2_ADV (Prop_mmcme2_adv_CLKIN1_CLKOUT2)
                                                     -3.922     1.490 r  cnn_accelerator_system_i/clk_wiz_0/inst/mmcm_adv_inst/CLKOUT2
                         net (fo=1, routed)           2.018     3.508    cnn_accelerator_system_i/clk_wiz_0/inst/clk_out3_cnn_accelerator_system_clk_wiz_0_0
    BUFGCTRL_X0Y2                                                     r  cnn_accelerator_system_i/clk_wiz_0/inst/clkout3_buf/I
    BUFGCTRL_X0Y2        BUFG (Prop_bufg_I_O)         0.096     3.604 r  cnn_accelerator_system_i/clk_wiz_0/inst/clkout3_buf/O
                         net (fo=51119, routed)       1.598     5.202    cnn_accelerator_system_i/cnn_accelerator_wino_0/inst/conv2/lane[1].u_mul/clk
    SLICE_X51Y125        FDRE                                         r  cnn_accelerator_system_i/cnn_accelerator_wino_0/inst/conv2/lane[1].u_mul/wm_op_q_reg[6]/C
  -------------------------------------------------------------------    -------------------
    SLICE_X51Y125        FDRE (Prop_fdre_C_Q)         0.456     5.658 f  cnn_accelerator_system_i/cnn_accelerator_wino_0/inst/conv2/lane[1].u_mul/wm_op_q_reg[6]/Q
                         net (fo=15, routed)          1.003     6.661    cnn_accelerator_system_i/cnn_accelerator_wino_0/inst/conv2/lane[1].u_mul/wm_op_q[6]
    SLICE_X59Y127                                                     f  cnn_accelerator_system_i/cnn_accelerator_wino_0/inst/conv2/lane[1].u_mul/g_wpe[0].wmem_op_reg_0_31_0_5_i_2__1_replica_1/I3
    SLICE_X59Y127        LUT4 (Prop_lut4_I3_O)        0.124     6.785 r  cnn_accelerator_system_i/cnn_accelerator_wino_0/inst/conv2/lane[1].u_mul/g_wpe[0].wmem_op_reg_0_31_0_5_i_2__1_replica_1/O
                         net (fo=1, routed)           1.788     8.573    cnn_accelerator_system_i/cnn_accelerator_wino_0/inst/conv2/lane[1].u_mul/g_wpe[0].wmem_op_reg_0_31_0_5_i_2__1_n_0_repN_1
    SLICE_X67Y85                                                      r  cnn_accelerator_system_i/cnn_accelerator_wino_0/inst/conv2/lane[1].u_mul/g_wpe[13].wmem_op_reg_0_31_0_5_i_1__1/I3
    SLICE_X67Y85         LUT6 (Prop_lut6_I3_O)        0.124     8.697 r  cnn_accelerator_system_i/cnn_accelerator_wino_0/inst/conv2/lane[1].u_mul/g_wpe[13].wmem_op_reg_0_31_0_5_i_1__1/O
                         net (fo=16, routed)          0.936     9.633    cnn_accelerator_system_i/cnn_accelerator_wino_0/inst/conv2/lane[1].u_mul/g_wpe[13].wmem_op_reg_0_31_6_11/WE
    SLICE_X66Y71         RAMS32                                       r  cnn_accelerator_system_i/cnn_accelerator_wino_0/inst/conv2/lane[1].u_mul/g_wpe[13].wmem_op_reg_0_31_6_11/RAMD/WE
  -------------------------------------------------------------------    -------------------

                         (clock clk_out3_cnn_accelerator_system_clk_wiz_0_0 rise edge)
                                                      5.000     5.000 r  
    E3                                                0.000     5.000 r  CLK100MHZ (IN)
                         net (fo=0)                   0.000     5.000    CLK100MHZ
    E3                                                                r  CLK100MHZ_IBUF_inst/I
    E3                   IBUF (Prop_ibuf_I_O)         1.411     6.411 r  CLK100MHZ_IBUF_inst/O
                         net (fo=1, routed)           1.920     8.331    cnn_accelerator_system_i/util_ds_buf_0/U0/BUFG_I[0]
    BUFGCTRL_X0Y16                                                    r  cnn_accelerator_system_i/util_ds_buf_0/U0/USE_BUFG.GEN_BUFG[0].BUFG_U/I
    BUFGCTRL_X0Y16       BUFG (Prop_bufg_I_O)         0.091     8.422 r  cnn_accelerator_system_i/util_ds_buf_0/U0/USE_BUFG.GEN_BUFG[0].BUFG_U/O
                         net (fo=2, routed)           1.683    10.105    cnn_accelerator_system_i/clk_wiz_0/inst/clk_in1
    MMCME2_ADV_X0Y0                                                   r  cnn_accelerator_system_i/clk_wiz_0/inst/mmcm_adv_inst/CLKIN1
    MMCME2_ADV_X0Y0      MMCME2_ADV (Prop_mmcme2_adv_CLKIN1_CLKOUT2)
                                                     -3.694     6.411 r  cnn_accelerator_system_i/clk_wiz_0/inst/mmcm_adv_inst/CLKOUT2
                         net (fo=1, routed)           1.923     8.334    cnn_accelerator_system_i/clk_wiz_0/inst/clk_out3_cnn_accelerator_system_clk_wiz_0_0
    BUFGCTRL_X0Y2                                                     r  cnn_accelerator_system_i/clk_wiz_0/inst/clkout3_buf/I
    BUFGCTRL_X0Y2        BUFG (Prop_bufg_I_O)         0.091     8.425 r  cnn_accelerator_system_i/clk_wiz_0/inst/clkout3_buf/O
                         net (fo=51119, routed)       1.497     9.923    cnn_accelerator_system_i/cnn_accelerator_wino_0/inst/conv2/lane[1].u_mul/g_wpe[13].wmem_op_reg_0_31_6_11/WCLK
    SLICE_X66Y71         RAMS32                                       r  cnn_accelerator_system_i/cnn_accelerator_wino_0/inst/conv2/lane[1].u_mul/g_wpe[13].wmem_op_reg_0_31_6_11/RAMD/CLK
                         clock pessimism              0.179    10.102    
                         clock uncertainty           -0.067    10.035    
    SLICE_X66Y71         RAMS32 (Setup_rams32_CLK_WE)
                                                     -0.533     9.502    cnn_accelerator_system_i/cnn_accelerator_wino_0/inst/conv2/lane[1].u_mul/g_wpe[13].wmem_op_reg_0_31_6_11/RAMD
  -------------------------------------------------------------------
                         required time                          9.502    
                         arrival time                          -9.633    
  -------------------------------------------------------------------
                         slack                                 -0.131    

Slack (VIOLATED) :        -0.131ns  (required time - arrival time)
  Source:                 cnn_accelerator_system_i/cnn_accelerator_wino_0/inst/conv2/lane[1].u_mul/wm_op_q_reg[6]/C
                            (rising edge-triggered cell FDRE clocked by clk_out3_cnn_accelerator_system_clk_wiz_0_0  {rise@0.000ns fall@2.500ns period=5.000ns})
  Destination:            cnn_accelerator_system_i/cnn_accelerator_wino_0/inst/conv2/lane[1].u_mul/g_wpe[13].wmem_op_reg_0_31_6_11/RAMD_D1/WE
                            (rising edge-triggered cell RAMS32 clocked by clk_out3_cnn_accelerator_system_clk_wiz_0_0  {rise@0.000ns fall@2.500ns period=5.000ns})
  Path Group:             clk_out3_cnn_accelerator_system_clk_wiz_0_0
  Path Type:              Setup (Max at Slow Process Corner)
  Requirement:            5.000ns  (clk_out3_cnn_accelerator_system_clk_wiz_0_0 rise@5.000ns - clk_out3_cnn_accelerator_system_clk_wiz_0_0 rise@0.000ns)
  Data Path Delay:        4.431ns  (logic 0.704ns (15.889%)  route 3.727ns (84.111%))
  Logic Levels:           2  (LUT4=1 LUT6=1)
  Clock Path Skew:        -0.101ns (DCD - SCD + CPR)
    Destination Clock Delay (DCD):    4.923ns = ( 9.923 - 5.000 ) 
    Source Clock Delay      (SCD):    5.202ns
    Clock Pessimism Removal (CPR):    0.179ns
  Clock Uncertainty:      0.067ns  ((TSJ^2 + DJ^2)^1/2) / 2 + PE
    Total System Jitter     (TSJ):    0.071ns
    Discrete Jitter          (DJ):    0.113ns
    Phase Error              (PE):    0.000ns

    Location             Delay type                Incr(ns)  Path(ns)    Netlist Resource(s)
  -------------------------------------------------------------------    -------------------
                         (clock clk_out3_cnn_accelerator_system_clk_wiz_0_0 rise edge)
                                                      0.000     0.000 r  
    E3                                                0.000     0.000 r  CLK100MHZ (IN)
                         net (fo=0)                   0.000     0.000    CLK100MHZ
    E3                                                                r  CLK100MHZ_IBUF_inst/I
    E3                   IBUF (Prop_ibuf_I_O)         1.482     1.482 r  CLK100MHZ_IBUF_inst/O
                         net (fo=1, routed)           2.025     3.506    cnn_accelerator_system_i/util_ds_buf_0/U0/BUFG_I[0]
    BUFGCTRL_X0Y16                                                    r  cnn_accelerator_system_i/util_ds_buf_0/U0/USE_BUFG.GEN_BUFG[0].BUFG_U/I
    BUFGCTRL_X0Y16       BUFG (Prop_bufg_I_O)         0.096     3.602 r  cnn_accelerator_system_i/util_ds_buf_0/U0/USE_BUFG.GEN_BUFG[0].BUFG_U/O
                         net (fo=2, routed)           1.809     5.412    cnn_accelerator_system_i/clk_wiz_0/inst/clk_in1
    MMCME2_ADV_X0Y0                                                   r  cnn_accelerator_system_i/clk_wiz_0/inst/mmcm_adv_inst/CLKIN1
    MMCME2_ADV_X0Y0      MMCME2_ADV (Prop_mmcme2_adv_CLKIN1_CLKOUT2)
                                                     -3.922     1.490 r  cnn_accelerator_system_i/clk_wiz_0/inst/mmcm_adv_inst/CLKOUT2
                         net (fo=1, routed)           2.018     3.508    cnn_accelerator_system_i/clk_wiz_0/inst/clk_out3_cnn_accelerator_system_clk_wiz_0_0
    BUFGCTRL_X0Y2                                                     r  cnn_accelerator_system_i/clk_wiz_0/inst/clkout3_buf/I
    BUFGCTRL_X0Y2        BUFG (Prop_bufg_I_O)         0.096     3.604 r  cnn_accelerator_system_i/clk_wiz_0/inst/clkout3_buf/O
                         net (fo=51119, routed)       1.598     5.202    cnn_accelerator_system_i/cnn_accelerator_wino_0/inst/conv2/lane[1].u_mul/clk
    SLICE_X51Y125        FDRE                                         r  cnn_accelerator_system_i/cnn_accelerator_wino_0/inst/conv2/lane[1].u_mul/wm_op_q_reg[6]/C
  -------------------------------------------------------------------    -------------------
    SLICE_X51Y125        FDRE (Prop_fdre_C_Q)         0.456     5.658 f  cnn_accelerator_system_i/cnn_accelerator_wino_0/inst/conv2/lane[1].u_mul/wm_op_q_reg[6]/Q
                         net (fo=15, routed)          1.003     6.661    cnn_accelerator_system_i/cnn_accelerator_wino_0/inst/conv2/lane[1].u_mul/wm_op_q[6]
    SLICE_X59Y127                                                     f  cnn_accelerator_system_i/cnn_accelerator_wino_0/inst/conv2/lane[1].u_mul/g_wpe[0].wmem_op_reg_0_31_0_5_i_2__1_replica_1/I3
    SLICE_X59Y127        LUT4 (Prop_lut4_I3_O)        0.124     6.785 r  cnn_accelerator_system_i/cnn_accelerator_wino_0/inst/conv2/lane[1].u_mul/g_wpe[0].wmem_op_reg_0_31_0_5_i_2__1_replica_1/O
                         net (fo=1, routed)           1.788     8.573    cnn_accelerator_system_i/cnn_accelerator_wino_0/inst/conv2/lane[1].u_mul/g_wpe[0].wmem_op_reg_0_31_0_5_i_2__1_n_0_repN_1
    SLICE_X67Y85                                                      r  cnn_accelerator_system_i/cnn_accelerator_wino_0/inst/conv2/lane[1].u_mul/g_wpe[13].wmem_op_reg_0_31_0_5_i_1__1/I3
    SLICE_X67Y85         LUT6 (Prop_lut6_I3_O)        0.124     8.697 r  cnn_accelerator_system_i/cnn_accelerator_wino_0/inst/conv2/lane[1].u_mul/g_wpe[13].wmem_op_reg_0_31_0_5_i_1__1/O
                         net (fo=16, routed)          0.936     9.633    cnn_accelerator_system_i/cnn_accelerator_wino_0/inst/conv2/lane[1].u_mul/g_wpe[13].wmem_op_reg_0_31_6_11/WE
    SLICE_X66Y71         RAMS32                                       r  cnn_accelerator_system_i/cnn_accelerator_wino_0/inst/conv2/lane[1].u_mul/g_wpe[13].wmem_op_reg_0_31_6_11/RAMD_D1/WE
  -------------------------------------------------------------------    -------------------

                         (clock clk_out3_cnn_accelerator_system_clk_wiz_0_0 rise edge)
                                                      5.000     5.000 r  
    E3                                                0.000     5.000 r  CLK100MHZ (IN)
                         net (fo=0)                   0.000     5.000    CLK100MHZ
    E3                                                                r  CLK100MHZ_IBUF_inst/I
    E3                   IBUF (Prop_ibuf_I_O)         1.411     6.411 r  CLK100MHZ_IBUF_inst/O
                         net (fo=1, routed)           1.920     8.331    cnn_accelerator_system_i/util_ds_buf_0/U0/BUFG_I[0]
    BUFGCTRL_X0Y16                                                    r  cnn_accelerator_system_i/util_ds_buf_0/U0/USE_BUFG.GEN_BUFG[0].BUFG_U/I
    BUFGCTRL_X0Y16       BUFG (Prop_bufg_I_O)         0.091     8.422 r  cnn_accelerator_system_i/util_ds_buf_0/U0/USE_BUFG.GEN_BUFG[0].BUFG_U/O
                         net (fo=2, routed)           1.683    10.105    cnn_accelerator_system_i/clk_wiz_0/inst/clk_in1
    MMCME2_ADV_X0Y0                                                   r  cnn_accelerator_system_i/clk_wiz_0/inst/mmcm_adv_inst/CLKIN1
    MMCME2_ADV_X0Y0      MMCME2_ADV (Prop_mmcme2_adv_CLKIN1_CLKOUT2)
                                                     -3.694     6.411 r  cnn_accelerator_system_i/clk_wiz_0/inst/mmcm_adv_inst/CLKOUT2
                         net (fo=1, routed)           1.923     8.334    cnn_accelerator_system_i/clk_wiz_0/inst/clk_out3_cnn_accelerator_system_clk_wiz_0_0
    BUFGCTRL_X0Y2                                                     r  cnn_accelerator_system_i/clk_wiz_0/inst/clkout3_buf/I
    BUFGCTRL_X0Y2        BUFG (Prop_bufg_I_O)         0.091     8.425 r  cnn_accelerator_system_i/clk_wiz_0/inst/clkout3_buf/O
                         net (fo=51119, routed)       1.497     9.923    cnn_accelerator_system_i/cnn_accelerator_wino_0/inst/conv2/lane[1].u_mul/g_wpe[13].wmem_op_reg_0_31_6_11/WCLK
    SLICE_X66Y71         RAMS32                                       r  cnn_accelerator_system_i/cnn_accelerator_wino_0/inst/conv2/lane[1].u_mul/g_wpe[13].wmem_op_reg_0_31_6_11/RAMD_D1/CLK
                         clock pessimism              0.179    10.102    
                         clock uncertainty           -0.067    10.035    
    SLICE_X66Y71         RAMS32 (Setup_rams32_CLK_WE)
                                                     -0.533     9.502    cnn_accelerator_system_i/cnn_accelerator_wino_0/inst/conv2/lane[1].u_mul/g_wpe[13].wmem_op_reg_0_31_6_11/RAMD_D1
  -------------------------------------------------------------------
                         required time                          9.502    
                         arrival time                          -9.633    
  -------------------------------------------------------------------
                         slack                                 -0.131    

Slack (VIOLATED) :        -0.129ns  (required time - arrival time)
  Source:                 cnn_accelerator_system_i/cnn_accelerator_wino_0/inst/conv2/gic[2].u_it/vre_3_1_p0_q_reg[5]/C
                            (rising edge-triggered cell FDRE clocked by clk_out3_cnn_accelerator_system_clk_wiz_0_0  {rise@0.000ns fall@2.500ns period=5.000ns})
  Destination:            cnn_accelerator_system_i/cnn_accelerator_wino_0/inst/conv2/lane[2].u_mul/a_q_reg[405]/D
                            (rising edge-triggered cell FDRE clocked by clk_out3_cnn_accelerator_system_clk_wiz_0_0  {rise@0.000ns fall@2.500ns period=5.000ns})
  Path Group:             clk_out3_cnn_accelerator_system_clk_wiz_0_0
  Path Type:              Setup (Max at Slow Process Corner)
  Requirement:            5.000ns  (clk_out3_cnn_accelerator_system_clk_wiz_0_0 rise@5.000ns - clk_out3_cnn_accelerator_system_clk_wiz_0_0 rise@0.000ns)
  Data Path Delay:        5.022ns  (logic 2.640ns (52.564%)  route 2.382ns (47.436%))
  Logic Levels:           6  (CARRY4=4 LUT2=2)
  Clock Path Skew:        -0.102ns (DCD - SCD + CPR)
    Destination Clock Delay (DCD):    4.925ns = ( 9.925 - 5.000 ) 
    Source Clock Delay      (SCD):    5.213ns
    Clock Pessimism Removal (CPR):    0.186ns
  Clock Uncertainty:      0.067ns  ((TSJ^2 + DJ^2)^1/2) / 2 + PE
    Total System Jitter     (TSJ):    0.071ns
    Discrete Jitter          (DJ):    0.113ns
    Phase Error              (PE):    0.000ns

    Location             Delay type                Incr(ns)  Path(ns)    Netlist Resource(s)
  -------------------------------------------------------------------    -------------------
                         (clock clk_out3_cnn_accelerator_system_clk_wiz_0_0 rise edge)
                                                      0.000     0.000 r  
    E3                                                0.000     0.000 r  CLK100MHZ (IN)
                         net (fo=0)                   0.000     0.000    CLK100MHZ
    E3                                                                r  CLK100MHZ_IBUF_inst/I
    E3                   IBUF (Prop_ibuf_I_O)         1.482     1.482 r  CLK100MHZ_IBUF_inst/O
                         net (fo=1, routed)           2.025     3.506    cnn_accelerator_system_i/util_ds_buf_0/U0/BUFG_I[0]
    BUFGCTRL_X0Y16                                                    r  cnn_accelerator_system_i/util_ds_buf_0/U0/USE_BUFG.GEN_BUFG[0].BUFG_U/I
    BUFGCTRL_X0Y16       BUFG (Prop_bufg_I_O)         0.096     3.602 r  cnn_accelerator_system_i/util_ds_buf_0/U0/USE_BUFG.GEN_BUFG[0].BUFG_U/O
                         net (fo=2, routed)           1.809     5.412    cnn_accelerator_system_i/clk_wiz_0/inst/clk_in1
    MMCME2_ADV_X0Y0                                                   r  cnn_accelerator_system_i/clk_wiz_0/inst/mmcm_adv_inst/CLKIN1
    MMCME2_ADV_X0Y0      MMCME2_ADV (Prop_mmcme2_adv_CLKIN1_CLKOUT2)
                                                     -3.922     1.490 r  cnn_accelerator_system_i/clk_wiz_0/inst/mmcm_adv_inst/CLKOUT2
                         net (fo=1, routed)           2.018     3.508    cnn_accelerator_system_i/clk_wiz_0/inst/clk_out3_cnn_accelerator_system_clk_wiz_0_0
    BUFGCTRL_X0Y2                                                     r  cnn_accelerator_system_i/clk_wiz_0/inst/clkout3_buf/I
    BUFGCTRL_X0Y2        BUFG (Prop_bufg_I_O)         0.096     3.604 r  cnn_accelerator_system_i/clk_wiz_0/inst/clkout3_buf/O
                         net (fo=51119, routed)       1.609     5.213    cnn_accelerator_system_i/cnn_accelerator_wino_0/inst/conv2/gic[2].u_it/clk
    SLICE_X53Y110        FDRE                                         r  cnn_accelerator_system_i/cnn_accelerator_wino_0/inst/conv2/gic[2].u_it/vre_3_1_p0_q_reg[5]/C
  -------------------------------------------------------------------    -------------------
    SLICE_X53Y110        FDRE (Prop_fdre_C_Q)         0.456     5.669 r  cnn_accelerator_system_i/cnn_accelerator_wino_0/inst/conv2/gic[2].u_it/vre_3_1_p0_q_reg[5]/Q
                         net (fo=2, routed)           1.282     6.952    cnn_accelerator_system_i/cnn_accelerator_wino_0/inst/conv2/gic[2].u_it/vre_3_1_p0_q[5]
    SLICE_X56Y132                                                     r  cnn_accelerator_system_i/cnn_accelerator_wino_0/inst/conv2/gic[2].u_it/a_q[413]_i_4__1/I0
    SLICE_X56Y132        LUT2 (Prop_lut2_I0_O)        0.124     7.076 r  cnn_accelerator_system_i/cnn_accelerator_wino_0/inst/conv2/gic[2].u_it/a_q[413]_i_4__1/O
                         net (fo=1, routed)           0.000     7.076    cnn_accelerator_system_i/cnn_accelerator_wino_0/inst/conv2/gic[2].u_it/a_q[413]_i_4__1_n_0
    SLICE_X56Y132                                                     r  cnn_accelerator_system_i/cnn_accelerator_wino_0/inst/conv2/gic[2].u_it/a_q_reg[413]_i_1__1/S[1]
    SLICE_X56Y132        CARRY4 (Prop_carry4_S[1]_CO[3])
                                                      0.533     7.609 r  cnn_accelerator_system_i/cnn_accelerator_wino_0/inst/conv2/gic[2].u_it/a_q_reg[413]_i_1__1/CO[3]
                         net (fo=1, routed)           0.000     7.609    cnn_accelerator_system_i/cnn_accelerator_wino_0/inst/conv2/gic[2].u_it/a_q_reg[413]_i_1__1_n_0
    SLICE_X56Y133                                                     r  cnn_accelerator_system_i/cnn_accelerator_wino_0/inst/conv2/gic[2].u_it/a_q_reg[417]_i_1__1/CI
    SLICE_X56Y133        CARRY4 (Prop_carry4_CI_O[1])
                                                      0.337     7.946 r  cnn_accelerator_system_i/cnn_accelerator_wino_0/inst/conv2/gic[2].u_it/a_q_reg[417]_i_1__1/O[1]
                         net (fo=3, routed)           1.100     9.046    cnn_accelerator_system_i/cnn_accelerator_wino_0/inst/conv2/gic[2].u_it/a_flat[360]
    SLICE_X37Y133                                                     r  cnn_accelerator_system_i/cnn_accelerator_wino_0/inst/conv2/gic[2].u_it/a_q[403]_i_4__1/I0
    SLICE_X37Y133        LUT2 (Prop_lut2_I0_O)        0.306     9.352 r  cnn_accelerator_system_i/cnn_accelerator_wino_0/inst/conv2/gic[2].u_it/a_q[403]_i_4__1/O
                         net (fo=1, routed)           0.000     9.352    cnn_accelerator_system_i/cnn_accelerator_wino_0/inst/conv2/gic[2].u_it/a_q[403]_i_4__1_n_0
    SLICE_X37Y133                                                     r  cnn_accelerator_system_i/cnn_accelerator_wino_0/inst/conv2/gic[2].u_it/a_q_reg[403]_i_1__1/S[1]
    SLICE_X37Y133        CARRY4 (Prop_carry4_S[1]_CO[3])
                                                      0.550     9.902 r  cnn_accelerator_system_i/cnn_accelerator_wino_0/inst/conv2/gic[2].u_it/a_q_reg[403]_i_1__1/CO[3]
                         net (fo=1, routed)           0.000     9.902    cnn_accelerator_system_i/cnn_accelerator_wino_0/inst/conv2/gic[2].u_it/a_q_reg[403]_i_1__1_n_0
    SLICE_X37Y134                                                     r  cnn_accelerator_system_i/cnn_accelerator_wino_0/inst/conv2/gic[2].u_it/a_q_reg[405]_i_1__1/CI
    SLICE_X37Y134        CARRY4 (Prop_carry4_CI_O[1])
                                                      0.334    10.236 r  cnn_accelerator_system_i/cnn_accelerator_wino_0/inst/conv2/gic[2].u_it/a_q_reg[405]_i_1__1/O[1]
                         net (fo=1, routed)           0.000    10.236    cnn_accelerator_system_i/cnn_accelerator_wino_0/inst/conv2/lane[2].u_mul/a_flat[350]
    SLICE_X37Y134        FDRE                                         r  cnn_accelerator_system_i/cnn_accelerator_wino_0/inst/conv2/lane[2].u_mul/a_q_reg[405]/D
  -------------------------------------------------------------------    -------------------

                         (clock clk_out3_cnn_accelerator_system_clk_wiz_0_0 rise edge)
                                                      5.000     5.000 r  
    E3                                                0.000     5.000 r  CLK100MHZ (IN)
                         net (fo=0)                   0.000     5.000    CLK100MHZ
    E3                                                                r  CLK100MHZ_IBUF_inst/I
    E3                   IBUF (Prop_ibuf_I_O)         1.411     6.411 r  CLK100MHZ_IBUF_inst/O
                         net (fo=1, routed)           1.920     8.331    cnn_accelerator_system_i/util_ds_buf_0/U0/BUFG_I[0]
    BUFGCTRL_X0Y16                                                    r  cnn_accelerator_system_i/util_ds_buf_0/U0/USE_BUFG.GEN_BUFG[0].BUFG_U/I
    BUFGCTRL_X0Y16       BUFG (Prop_bufg_I_O)         0.091     8.422 r  cnn_accelerator_system_i/util_ds_buf_0/U0/USE_BUFG.GEN_BUFG[0].BUFG_U/O
                         net (fo=2, routed)           1.683    10.105    cnn_accelerator_system_i/clk_wiz_0/inst/clk_in1
    MMCME2_ADV_X0Y0                                                   r  cnn_accelerator_system_i/clk_wiz_0/inst/mmcm_adv_inst/CLKIN1
    MMCME2_ADV_X0Y0      MMCME2_ADV (Prop_mmcme2_adv_CLKIN1_CLKOUT2)
                                                     -3.694     6.411 r  cnn_accelerator_system_i/clk_wiz_0/inst/mmcm_adv_inst/CLKOUT2
                         net (fo=1, routed)           1.923     8.334    cnn_accelerator_system_i/clk_wiz_0/inst/clk_out3_cnn_accelerator_system_clk_wiz_0_0
    BUFGCTRL_X0Y2                                                     r  cnn_accelerator_system_i/clk_wiz_0/inst/clkout3_buf/I
    BUFGCTRL_X0Y2        BUFG (Prop_bufg_I_O)         0.091     8.425 r  cnn_accelerator_system_i/clk_wiz_0/inst/clkout3_buf/O
                         net (fo=51119, routed)       1.500     9.925    cnn_accelerator_system_i/cnn_accelerator_wino_0/inst/conv2/lane[2].u_mul/clk
    SLICE_X37Y134        FDRE                                         r  cnn_accelerator_system_i/cnn_accelerator_wino_0/inst/conv2/lane[2].u_mul/a_q_reg[405]/C
                         clock pessimism              0.186    10.111    
                         clock uncertainty           -0.067    10.044    
    SLICE_X37Y134        FDRE (Setup_fdre_C_D)        0.062    10.106    cnn_accelerator_system_i/cnn_accelerator_wino_0/inst/conv2/lane[2].u_mul/a_q_reg[405]
  -------------------------------------------------------------------
                         required time                         10.106    
                         arrival time                         -10.236    
  -------------------------------------------------------------------
                         slack                                 -0.129    

Slack (VIOLATED) :        -0.126ns  (required time - arrival time)
  Source:                 cnn_accelerator_system_i/cnn_accelerator_wino_0/inst/conv2/tile6_q_reg[1846]/C
                            (rising edge-triggered cell FDRE clocked by clk_out3_cnn_accelerator_system_clk_wiz_0_0  {rise@0.000ns fall@2.500ns period=5.000ns})
  Destination:            cnn_accelerator_system_i/cnn_accelerator_wino_0/inst/conv2/gic[2].u_it/tre_reg[1][4][10]/D
                            (rising edge-triggered cell FDRE clocked by clk_out3_cnn_accelerator_system_clk_wiz_0_0  {rise@0.000ns fall@2.500ns period=5.000ns})
  Path Group:             clk_out3_cnn_accelerator_system_clk_wiz_0_0
  Path Type:              Setup (Max at Slow Process Corner)
  Requirement:            5.000ns  (clk_out3_cnn_accelerator_system_clk_wiz_0_0 rise@5.000ns - clk_out3_cnn_accelerator_system_clk_wiz_0_0 rise@0.000ns)
  Data Path Delay:        5.028ns  (logic 1.749ns (34.785%)  route 3.279ns (65.215%))
  Logic Levels:           6  (CARRY4=2 LUT3=2 LUT5=1 LUT6=1)
  Clock Path Skew:        -0.093ns (DCD - SCD + CPR)
    Destination Clock Delay (DCD):    4.941ns = ( 9.941 - 5.000 ) 
    Source Clock Delay      (SCD):    5.221ns
    Clock Pessimism Removal (CPR):    0.187ns
  Clock Uncertainty:      0.067ns  ((TSJ^2 + DJ^2)^1/2) / 2 + PE
    Total System Jitter     (TSJ):    0.071ns
    Discrete Jitter          (DJ):    0.113ns
    Phase Error              (PE):    0.000ns

    Location             Delay type                Incr(ns)  Path(ns)    Netlist Resource(s)
  -------------------------------------------------------------------    -------------------
                         (clock clk_out3_cnn_accelerator_system_clk_wiz_0_0 rise edge)
                                                      0.000     0.000 r  
    E3                                                0.000     0.000 r  CLK100MHZ (IN)
                         net (fo=0)                   0.000     0.000    CLK100MHZ
    E3                                                                r  CLK100MHZ_IBUF_inst/I
    E3                   IBUF (Prop_ibuf_I_O)         1.482     1.482 r  CLK100MHZ_IBUF_inst/O
                         net (fo=1, routed)           2.025     3.506    cnn_accelerator_system_i/util_ds_buf_0/U0/BUFG_I[0]
    BUFGCTRL_X0Y16                                                    r  cnn_accelerator_system_i/util_ds_buf_0/U0/USE_BUFG.GEN_BUFG[0].BUFG_U/I
    BUFGCTRL_X0Y16       BUFG (Prop_bufg_I_O)         0.096     3.602 r  cnn_accelerator_system_i/util_ds_buf_0/U0/USE_BUFG.GEN_BUFG[0].BUFG_U/O
                         net (fo=2, routed)           1.809     5.412    cnn_accelerator_system_i/clk_wiz_0/inst/clk_in1
    MMCME2_ADV_X0Y0                                                   r  cnn_accelerator_system_i/clk_wiz_0/inst/mmcm_adv_inst/CLKIN1
    MMCME2_ADV_X0Y0      MMCME2_ADV (Prop_mmcme2_adv_CLKIN1_CLKOUT2)
                                                     -3.922     1.490 r  cnn_accelerator_system_i/clk_wiz_0/inst/mmcm_adv_inst/CLKOUT2
                         net (fo=1, routed)           2.018     3.508    cnn_accelerator_system_i/clk_wiz_0/inst/clk_out3_cnn_accelerator_system_clk_wiz_0_0
    BUFGCTRL_X0Y2                                                     r  cnn_accelerator_system_i/clk_wiz_0/inst/clkout3_buf/I
    BUFGCTRL_X0Y2        BUFG (Prop_bufg_I_O)         0.096     3.604 r  cnn_accelerator_system_i/clk_wiz_0/inst/clkout3_buf/O
                         net (fo=51119, routed)       1.616     5.221    cnn_accelerator_system_i/cnn_accelerator_wino_0/inst/conv2/clk
    SLICE_X56Y83         FDRE                                         r  cnn_accelerator_system_i/cnn_accelerator_wino_0/inst/conv2/tile6_q_reg[1846]/C
  -------------------------------------------------------------------    -------------------
    SLICE_X56Y83         FDRE (Prop_fdre_C_Q)         0.518     5.739 r  cnn_accelerator_system_i/cnn_accelerator_wino_0/inst/conv2/tile6_q_reg[1846]/Q
                         net (fo=2, routed)           1.342     7.080    cnn_accelerator_system_i/cnn_accelerator_wino_0/inst/conv2/gic[2].u_it/Q[462]
    SLICE_X43Y88                                                      r  cnn_accelerator_system_i/cnn_accelerator_wino_0/inst/conv2/gic[2].u_it/i___4_i_2__1/I0
    SLICE_X43Y88         LUT3 (Prop_lut3_I0_O)        0.124     7.204 r  cnn_accelerator_system_i/cnn_accelerator_wino_0/inst/conv2/gic[2].u_it/i___4_i_2__1/O
                         net (fo=11, routed)          0.811     8.015    cnn_accelerator_system_i/cnn_accelerator_wino_0/inst/conv2/gic[2].u_it/gic[2].d_flat_ic[230]
    SLICE_X38Y88                                                      r  cnn_accelerator_system_i/cnn_accelerator_wino_0/inst/conv2/gic[2].u_it/i___4/I1
    SLICE_X38Y88         LUT3 (Prop_lut3_I1_O)        0.124     8.139 f  cnn_accelerator_system_i/cnn_accelerator_wino_0/inst/conv2/gic[2].u_it/i___4/O
                         net (fo=4, routed)           0.621     8.760    cnn_accelerator_system_i/cnn_accelerator_wino_0/inst/conv2/gic[2].u_it/i___4_n_0
    SLICE_X34Y90                                                      f  cnn_accelerator_system_i/cnn_accelerator_wino_0/inst/conv2/gic[2].u_it/tre[1][4][7]_i_2__1/I4
    SLICE_X34Y90         LUT5 (Prop_lut5_I4_O)        0.124     8.884 r  cnn_accelerator_system_i/cnn_accelerator_wino_0/inst/conv2/gic[2].u_it/tre[1][4][7]_i_2__1/O
                         net (fo=2, routed)           0.505     9.390    cnn_accelerator_system_i/cnn_accelerator_wino_0/inst/conv2/gic[2].u_it/tre[1][4][7]_i_2__1_n_0
    SLICE_X35Y90                                                      r  cnn_accelerator_system_i/cnn_accelerator_wino_0/inst/conv2/gic[2].u_it/tre[1][4][7]_i_6__1/I0
    SLICE_X35Y90         LUT6 (Prop_lut6_I0_O)        0.124     9.514 r  cnn_accelerator_system_i/cnn_accelerator_wino_0/inst/conv2/gic[2].u_it/tre[1][4][7]_i_6__1/O
                         net (fo=1, routed)           0.000     9.514    cnn_accelerator_system_i/cnn_accelerator_wino_0/inst/conv2/gic[2].u_it/tre[1][4][7]_i_6__1_n_0
    SLICE_X35Y90                                                      r  cnn_accelerator_system_i/cnn_accelerator_wino_0/inst/conv2/gic[2].u_it/tre_reg[1][4][7]_i_1__1/S[3]
    SLICE_X35Y90         CARRY4 (Prop_carry4_S[3]_CO[3])
                                                      0.401     9.915 r  cnn_accelerator_system_i/cnn_accelerator_wino_0/inst/conv2/gic[2].u_it/tre_reg[1][4][7]_i_1__1/CO[3]
                         net (fo=1, routed)           0.000     9.915    cnn_accelerator_system_i/cnn_accelerator_wino_0/inst/conv2/gic[2].u_it/tre_reg[1][4][7]_i_1__1_n_0
    SLICE_X35Y91                                                      r  cnn_accelerator_system_i/cnn_accelerator_wino_0/inst/conv2/gic[2].u_it/tre_reg[1][4][10]_i_1__1/CI
    SLICE_X35Y91         CARRY4 (Prop_carry4_CI_O[1])
                                                      0.334    10.249 r  cnn_accelerator_system_i/cnn_accelerator_wino_0/inst/conv2/gic[2].u_it/tre_reg[1][4][10]_i_1__1/O[1]
                         net (fo=1, routed)           0.000    10.249    cnn_accelerator_system_i/cnn_accelerator_wino_0/inst/conv2/gic[2].u_it/tre_c[1][4]_975[10]
    SLICE_X35Y91         FDRE                                         r  cnn_accelerator_system_i/cnn_accelerator_wino_0/inst/conv2/gic[2].u_it/tre_reg[1][4][10]/D
  -------------------------------------------------------------------    -------------------

                         (clock clk_out3_cnn_accelerator_system_clk_wiz_0_0 rise edge)
                                                      5.000     5.000 r  
    E3                                                0.000     5.000 r  CLK100MHZ (IN)
                         net (fo=0)                   0.000     5.000    CLK100MHZ
    E3                                                                r  CLK100MHZ_IBUF_inst/I
    E3                   IBUF (Prop_ibuf_I_O)         1.411     6.411 r  CLK100MHZ_IBUF_inst/O
                         net (fo=1, routed)           1.920     8.331    cnn_accelerator_system_i/util_ds_buf_0/U0/BUFG_I[0]
    BUFGCTRL_X0Y16                                                    r  cnn_accelerator_system_i/util_ds_buf_0/U0/USE_BUFG.GEN_BUFG[0].BUFG_U/I
    BUFGCTRL_X0Y16       BUFG (Prop_bufg_I_O)         0.091     8.422 r  cnn_accelerator_system_i/util_ds_buf_0/U0/USE_BUFG.GEN_BUFG[0].BUFG_U/O
                         net (fo=2, routed)           1.683    10.105    cnn_accelerator_system_i/clk_wiz_0/inst/clk_in1
    MMCME2_ADV_X0Y0                                                   r  cnn_accelerator_system_i/clk_wiz_0/inst/mmcm_adv_inst/CLKIN1
    MMCME2_ADV_X0Y0      MMCME2_ADV (Prop_mmcme2_adv_CLKIN1_CLKOUT2)
                                                     -3.694     6.411 r  cnn_accelerator_system_i/clk_wiz_0/inst/mmcm_adv_inst/CLKOUT2
                         net (fo=1, routed)           1.923     8.334    cnn_accelerator_system_i/clk_wiz_0/inst/clk_out3_cnn_accelerator_system_clk_wiz_0_0
    BUFGCTRL_X0Y2                                                     r  cnn_accelerator_system_i/clk_wiz_0/inst/clkout3_buf/I
    BUFGCTRL_X0Y2        BUFG (Prop_bufg_I_O)         0.091     8.425 r  cnn_accelerator_system_i/clk_wiz_0/inst/clkout3_buf/O
                         net (fo=51119, routed)       1.515     9.941    cnn_accelerator_system_i/cnn_accelerator_wino_0/inst/conv2/gic[2].u_it/clk
    SLICE_X35Y91         FDRE                                         r  cnn_accelerator_system_i/cnn_accelerator_wino_0/inst/conv2/gic[2].u_it/tre_reg[1][4][10]/C
                         clock pessimism              0.187    10.128    
                         clock uncertainty           -0.067    10.061    
    SLICE_X35Y91         FDRE (Setup_fdre_C_D)        0.062    10.123    cnn_accelerator_system_i/cnn_accelerator_wino_0/inst/conv2/gic[2].u_it/tre_reg[1][4][10]
  -------------------------------------------------------------------
                         required time                         10.123    
                         arrival time                         -10.249    
  -------------------------------------------------------------------
                         slack                                 -0.126    

Slack (VIOLATED) :        -0.120ns  (required time - arrival time)
  Source:                 cnn_accelerator_system_i/cnn_accelerator_wino_0/inst/conv2/tile6_q_reg[1846]/C
                            (rising edge-triggered cell FDRE clocked by clk_out3_cnn_accelerator_system_clk_wiz_0_0  {rise@0.000ns fall@2.500ns period=5.000ns})
  Destination:            cnn_accelerator_system_i/cnn_accelerator_wino_0/inst/conv2/gic[2].u_it/tre_reg[2][4][8]/D
                            (rising edge-triggered cell FDRE clocked by clk_out3_cnn_accelerator_system_clk_wiz_0_0  {rise@0.000ns fall@2.500ns period=5.000ns})
  Path Group:             clk_out3_cnn_accelerator_system_clk_wiz_0_0
  Path Type:              Setup (Max at Slow Process Corner)
  Requirement:            5.000ns  (clk_out3_cnn_accelerator_system_clk_wiz_0_0 rise@5.000ns - clk_out3_cnn_accelerator_system_clk_wiz_0_0 rise@0.000ns)
  Data Path Delay:        5.021ns  (logic 1.638ns (32.622%)  route 3.383ns (67.378%))
  Logic Levels:           6  (CARRY4=2 LUT3=2 LUT5=1 LUT6=1)
  Clock Path Skew:        -0.094ns (DCD - SCD + CPR)
    Destination Clock Delay (DCD):    4.940ns = ( 9.940 - 5.000 ) 
    Source Clock Delay      (SCD):    5.221ns
    Clock Pessimism Removal (CPR):    0.187ns
  Clock Uncertainty:      0.067ns  ((TSJ^2 + DJ^2)^1/2) / 2 + PE
    Total System Jitter     (TSJ):    0.071ns
    Discrete Jitter          (DJ):    0.113ns
    Phase Error              (PE):    0.000ns

    Location             Delay type                Incr(ns)  Path(ns)    Netlist Resource(s)
  -------------------------------------------------------------------    -------------------
                         (clock clk_out3_cnn_accelerator_system_clk_wiz_0_0 rise edge)
                                                      0.000     0.000 r  
    E3                                                0.000     0.000 r  CLK100MHZ (IN)
                         net (fo=0)                   0.000     0.000    CLK100MHZ
    E3                                                                r  CLK100MHZ_IBUF_inst/I
    E3                   IBUF (Prop_ibuf_I_O)         1.482     1.482 r  CLK100MHZ_IBUF_inst/O
                         net (fo=1, routed)           2.025     3.506    cnn_accelerator_system_i/util_ds_buf_0/U0/BUFG_I[0]
    BUFGCTRL_X0Y16                                                    r  cnn_accelerator_system_i/util_ds_buf_0/U0/USE_BUFG.GEN_BUFG[0].BUFG_U/I
    BUFGCTRL_X0Y16       BUFG (Prop_bufg_I_O)         0.096     3.602 r  cnn_accelerator_system_i/util_ds_buf_0/U0/USE_BUFG.GEN_BUFG[0].BUFG_U/O
                         net (fo=2, routed)           1.809     5.412    cnn_accelerator_system_i/clk_wiz_0/inst/clk_in1
    MMCME2_ADV_X0Y0                                                   r  cnn_accelerator_system_i/clk_wiz_0/inst/mmcm_adv_inst/CLKIN1
    MMCME2_ADV_X0Y0      MMCME2_ADV (Prop_mmcme2_adv_CLKIN1_CLKOUT2)
                                                     -3.922     1.490 r  cnn_accelerator_system_i/clk_wiz_0/inst/mmcm_adv_inst/CLKOUT2
                         net (fo=1, routed)           2.018     3.508    cnn_accelerator_system_i/clk_wiz_0/inst/clk_out3_cnn_accelerator_system_clk_wiz_0_0
    BUFGCTRL_X0Y2                                                     r  cnn_accelerator_system_i/clk_wiz_0/inst/clkout3_buf/I
    BUFGCTRL_X0Y2        BUFG (Prop_bufg_I_O)         0.096     3.604 r  cnn_accelerator_system_i/clk_wiz_0/inst/clkout3_buf/O
                         net (fo=51119, routed)       1.616     5.221    cnn_accelerator_system_i/cnn_accelerator_wino_0/inst/conv2/clk
    SLICE_X56Y83         FDRE                                         r  cnn_accelerator_system_i/cnn_accelerator_wino_0/inst/conv2/tile6_q_reg[1846]/C
  -------------------------------------------------------------------    -------------------
    SLICE_X56Y83         FDRE (Prop_fdre_C_Q)         0.518     5.739 r  cnn_accelerator_system_i/cnn_accelerator_wino_0/inst/conv2/tile6_q_reg[1846]/Q
                         net (fo=2, routed)           1.342     7.080    cnn_accelerator_system_i/cnn_accelerator_wino_0/inst/conv2/gic[2].u_it/Q[462]
    SLICE_X43Y88                                                      r  cnn_accelerator_system_i/cnn_accelerator_wino_0/inst/conv2/gic[2].u_it/i___4_i_2__1/I0
    SLICE_X43Y88         LUT3 (Prop_lut3_I0_O)        0.124     7.204 r  cnn_accelerator_system_i/cnn_accelerator_wino_0/inst/conv2/gic[2].u_it/i___4_i_2__1/O
                         net (fo=11, routed)          0.811     8.015    cnn_accelerator_system_i/cnn_accelerator_wino_0/inst/conv2/gic[2].u_it/gic[2].d_flat_ic[230]
    SLICE_X38Y88                                                      r  cnn_accelerator_system_i/cnn_accelerator_wino_0/inst/conv2/gic[2].u_it/i___4/I1
    SLICE_X38Y88         LUT3 (Prop_lut3_I1_O)        0.124     8.139 r  cnn_accelerator_system_i/cnn_accelerator_wino_0/inst/conv2/gic[2].u_it/i___4/O
                         net (fo=4, routed)           0.638     8.778    cnn_accelerator_system_i/cnn_accelerator_wino_0/inst/conv2/gic[2].u_it/i___4_n_0
    SLICE_X38Y88                                                      r  cnn_accelerator_system_i/cnn_accelerator_wino_0/inst/conv2/gic[2].u_it/tre[2][4][7]_i_2__1/I3
    SLICE_X38Y88         LUT5 (Prop_lut5_I3_O)        0.124     8.902 r  cnn_accelerator_system_i/cnn_accelerator_wino_0/inst/conv2/gic[2].u_it/tre[2][4][7]_i_2__1/O
                         net (fo=2, routed)           0.592     9.494    cnn_accelerator_system_i/cnn_accelerator_wino_0/inst/conv2/gic[2].u_it/tre[2][4][7]_i_2__1_n_0
    SLICE_X36Y89                                                      r  cnn_accelerator_system_i/cnn_accelerator_wino_0/inst/conv2/gic[2].u_it/tre[2][4][7]_i_6__1/I0
    SLICE_X36Y89         LUT6 (Prop_lut6_I0_O)        0.124     9.618 r  cnn_accelerator_system_i/cnn_accelerator_wino_0/inst/conv2/gic[2].u_it/tre[2][4][7]_i_6__1/O
                         net (fo=1, routed)           0.000     9.618    cnn_accelerator_system_i/cnn_accelerator_wino_0/inst/conv2/gic[2].u_it/tre[2][4][7]_i_6__1_n_0
    SLICE_X36Y89                                                      r  cnn_accelerator_system_i/cnn_accelerator_wino_0/inst/conv2/gic[2].u_it/tre_reg[2][4][7]_i_1__1/S[3]
    SLICE_X36Y89         CARRY4 (Prop_carry4_S[3]_CO[3])
                                                      0.401    10.019 r  cnn_accelerator_system_i/cnn_accelerator_wino_0/inst/conv2/gic[2].u_it/tre_reg[2][4][7]_i_1__1/CO[3]
                         net (fo=1, routed)           0.000    10.019    cnn_accelerator_system_i/cnn_accelerator_wino_0/inst/conv2/gic[2].u_it/tre_reg[2][4][7]_i_1__1_n_0
    SLICE_X36Y90                                                      r  cnn_accelerator_system_i/cnn_accelerator_wino_0/inst/conv2/gic[2].u_it/tre_reg[2][4][10]_i_1__1/CI
    SLICE_X36Y90         CARRY4 (Prop_carry4_CI_O[0])
                                                      0.223    10.242 r  cnn_accelerator_system_i/cnn_accelerator_wino_0/inst/conv2/gic[2].u_it/tre_reg[2][4][10]_i_1__1/O[0]
                         net (fo=1, routed)           0.000    10.242    cnn_accelerator_system_i/cnn_accelerator_wino_0/inst/conv2/gic[2].u_it/tre_c[2][4]_976[8]
    SLICE_X36Y90         FDRE                                         r  cnn_accelerator_system_i/cnn_accelerator_wino_0/inst/conv2/gic[2].u_it/tre_reg[2][4][8]/D
  -------------------------------------------------------------------    -------------------

                         (clock clk_out3_cnn_accelerator_system_clk_wiz_0_0 rise edge)
                                                      5.000     5.000 r  
    E3                                                0.000     5.000 r  CLK100MHZ (IN)
                         net (fo=0)                   0.000     5.000    CLK100MHZ
    E3                                                                r  CLK100MHZ_IBUF_inst/I
    E3                   IBUF (Prop_ibuf_I_O)         1.411     6.411 r  CLK100MHZ_IBUF_inst/O
                         net (fo=1, routed)           1.920     8.331    cnn_accelerator_system_i/util_ds_buf_0/U0/BUFG_I[0]
    BUFGCTRL_X0Y16                                                    r  cnn_accelerator_system_i/util_ds_buf_0/U0/USE_BUFG.GEN_BUFG[0].BUFG_U/I
    BUFGCTRL_X0Y16       BUFG (Prop_bufg_I_O)         0.091     8.422 r  cnn_accelerator_system_i/util_ds_buf_0/U0/USE_BUFG.GEN_BUFG[0].BUFG_U/O
                         net (fo=2, routed)           1.683    10.105    cnn_accelerator_system_i/clk_wiz_0/inst/clk_in1
    MMCME2_ADV_X0Y0                                                   r  cnn_accelerator_system_i/clk_wiz_0/inst/mmcm_adv_inst/CLKIN1
    MMCME2_ADV_X0Y0      MMCME2_ADV (Prop_mmcme2_adv_CLKIN1_CLKOUT2)
                                                     -3.694     6.411 r  cnn_accelerator_system_i/clk_wiz_0/inst/mmcm_adv_inst/CLKOUT2
                         net (fo=1, routed)           1.923     8.334    cnn_accelerator_system_i/clk_wiz_0/inst/clk_out3_cnn_accelerator_system_clk_wiz_0_0
    BUFGCTRL_X0Y2                                                     r  cnn_accelerator_system_i/clk_wiz_0/inst/clkout3_buf/I
    BUFGCTRL_X0Y2        BUFG (Prop_bufg_I_O)         0.091     8.425 r  cnn_accelerator_system_i/clk_wiz_0/inst/clkout3_buf/O
                         net (fo=51119, routed)       1.514     9.940    cnn_accelerator_system_i/cnn_accelerator_wino_0/inst/conv2/gic[2].u_it/clk
    SLICE_X36Y90         FDRE                                         r  cnn_accelerator_system_i/cnn_accelerator_wino_0/inst/conv2/gic[2].u_it/tre_reg[2][4][8]/C
                         clock pessimism              0.187    10.127    
                         clock uncertainty           -0.067    10.060    
    SLICE_X36Y90         FDRE (Setup_fdre_C_D)        0.062    10.122    cnn_accelerator_system_i/cnn_accelerator_wino_0/inst/conv2/gic[2].u_it/tre_reg[2][4][8]
  -------------------------------------------------------------------
                         required time                         10.122    
                         arrival time                         -10.242    
  -------------------------------------------------------------------
                         slack                                 -0.120    

Slack (VIOLATED) :        -0.119ns  (required time - arrival time)
  Source:                 cnn_accelerator_system_i/cnn_accelerator_wino_0/inst/conv2/lane[1].u_mul/wm_op_q_reg[6]/C
                            (rising edge-triggered cell FDRE clocked by clk_out3_cnn_accelerator_system_clk_wiz_0_0  {rise@0.000ns fall@2.500ns period=5.000ns})
  Destination:            cnn_accelerator_system_i/cnn_accelerator_wino_0/inst/conv2/lane[1].u_mul/g_wpe[13].wmem_op_reg_0_31_0_5/RAMA/WE
                            (rising edge-triggered cell RAMD32 clocked by clk_out3_cnn_accelerator_system_clk_wiz_0_0  {rise@0.000ns fall@2.500ns period=5.000ns})
  Path Group:             clk_out3_cnn_accelerator_system_clk_wiz_0_0
  Path Type:              Setup (Max at Slow Process Corner)
  Requirement:            5.000ns  (clk_out3_cnn_accelerator_system_clk_wiz_0_0 rise@5.000ns - clk_out3_cnn_accelerator_system_clk_wiz_0_0 rise@0.000ns)
  Data Path Delay:        4.419ns  (logic 0.704ns (15.930%)  route 3.715ns (84.070%))
  Logic Levels:           2  (LUT4=1 LUT6=1)
  Clock Path Skew:        -0.100ns (DCD - SCD + CPR)
    Destination Clock Delay (DCD):    4.924ns = ( 9.924 - 5.000 ) 
    Source Clock Delay      (SCD):    5.202ns
    Clock Pessimism Removal (CPR):    0.179ns
  Clock Uncertainty:      0.067ns  ((TSJ^2 + DJ^2)^1/2) / 2 + PE
    Total System Jitter     (TSJ):    0.071ns
    Discrete Jitter          (DJ):    0.113ns
    Phase Error              (PE):    0.000ns

    Location             Delay type                Incr(ns)  Path(ns)    Netlist Resource(s)
  -------------------------------------------------------------------    -------------------
                         (clock clk_out3_cnn_accelerator_system_clk_wiz_0_0 rise edge)
                                                      0.000     0.000 r  
    E3                                                0.000     0.000 r  CLK100MHZ (IN)
                         net (fo=0)                   0.000     0.000    CLK100MHZ
    E3                                                                r  CLK100MHZ_IBUF_inst/I
    E3                   IBUF (Prop_ibuf_I_O)         1.482     1.482 r  CLK100MHZ_IBUF_inst/O
                         net (fo=1, routed)           2.025     3.506    cnn_accelerator_system_i/util_ds_buf_0/U0/BUFG_I[0]
    BUFGCTRL_X0Y16                                                    r  cnn_accelerator_system_i/util_ds_buf_0/U0/USE_BUFG.GEN_BUFG[0].BUFG_U/I
    BUFGCTRL_X0Y16       BUFG (Prop_bufg_I_O)         0.096     3.602 r  cnn_accelerator_system_i/util_ds_buf_0/U0/USE_BUFG.GEN_BUFG[0].BUFG_U/O
                         net (fo=2, routed)           1.809     5.412    cnn_accelerator_system_i/clk_wiz_0/inst/clk_in1
    MMCME2_ADV_X0Y0                                                   r  cnn_accelerator_system_i/clk_wiz_0/inst/mmcm_adv_inst/CLKIN1
    MMCME2_ADV_X0Y0      MMCME2_ADV (Prop_mmcme2_adv_CLKIN1_CLKOUT2)
                                                     -3.922     1.490 r  cnn_accelerator_system_i/clk_wiz_0/inst/mmcm_adv_inst/CLKOUT2
                         net (fo=1, routed)           2.018     3.508    cnn_accelerator_system_i/clk_wiz_0/inst/clk_out3_cnn_accelerator_system_clk_wiz_0_0
    BUFGCTRL_X0Y2                                                     r  cnn_accelerator_system_i/clk_wiz_0/inst/clkout3_buf/I
    BUFGCTRL_X0Y2        BUFG (Prop_bufg_I_O)         0.096     3.604 r  cnn_accelerator_system_i/clk_wiz_0/inst/clkout3_buf/O
                         net (fo=51119, routed)       1.598     5.202    cnn_accelerator_system_i/cnn_accelerator_wino_0/inst/conv2/lane[1].u_mul/clk
    SLICE_X51Y125        FDRE                                         r  cnn_accelerator_system_i/cnn_accelerator_wino_0/inst/conv2/lane[1].u_mul/wm_op_q_reg[6]/C
  -------------------------------------------------------------------    -------------------
    SLICE_X51Y125        FDRE (Prop_fdre_C_Q)         0.456     5.658 f  cnn_accelerator_system_i/cnn_accelerator_wino_0/inst/conv2/lane[1].u_mul/wm_op_q_reg[6]/Q
                         net (fo=15, routed)          1.003     6.661    cnn_accelerator_system_i/cnn_accelerator_wino_0/inst/conv2/lane[1].u_mul/wm_op_q[6]
    SLICE_X59Y127                                                     f  cnn_accelerator_system_i/cnn_accelerator_wino_0/inst/conv2/lane[1].u_mul/g_wpe[0].wmem_op_reg_0_31_0_5_i_2__1_replica_1/I3
    SLICE_X59Y127        LUT4 (Prop_lut4_I3_O)        0.124     6.785 r  cnn_accelerator_system_i/cnn_accelerator_wino_0/inst/conv2/lane[1].u_mul/g_wpe[0].wmem_op_reg_0_31_0_5_i_2__1_replica_1/O
                         net (fo=1, routed)           1.788     8.573    cnn_accelerator_system_i/cnn_accelerator_wino_0/inst/conv2/lane[1].u_mul/g_wpe[0].wmem_op_reg_0_31_0_5_i_2__1_n_0_repN_1
    SLICE_X67Y85                                                      r  cnn_accelerator_system_i/cnn_accelerator_wino_0/inst/conv2/lane[1].u_mul/g_wpe[13].wmem_op_reg_0_31_0_5_i_1__1/I3
    SLICE_X67Y85         LUT6 (Prop_lut6_I3_O)        0.124     8.697 r  cnn_accelerator_system_i/cnn_accelerator_wino_0/inst/conv2/lane[1].u_mul/g_wpe[13].wmem_op_reg_0_31_0_5_i_1__1/O
                         net (fo=16, routed)          0.925     9.622    cnn_accelerator_system_i/cnn_accelerator_wino_0/inst/conv2/lane[1].u_mul/g_wpe[13].wmem_op_reg_0_31_0_5/WE
    SLICE_X66Y70         RAMD32                                       r  cnn_accelerator_system_i/cnn_accelerator_wino_0/inst/conv2/lane[1].u_mul/g_wpe[13].wmem_op_reg_0_31_0_5/RAMA/WE
  -------------------------------------------------------------------    -------------------

                         (clock clk_out3_cnn_accelerator_system_clk_wiz_0_0 rise edge)
                                                      5.000     5.000 r  
    E3                                                0.000     5.000 r  CLK100MHZ (IN)
                         net (fo=0)                   0.000     5.000    CLK100MHZ
    E3                                                                r  CLK100MHZ_IBUF_inst/I
    E3                   IBUF (Prop_ibuf_I_O)         1.411     6.411 r  CLK100MHZ_IBUF_inst/O
                         net (fo=1, routed)           1.920     8.331    cnn_accelerator_system_i/util_ds_buf_0/U0/BUFG_I[0]
    BUFGCTRL_X0Y16                                                    r  cnn_accelerator_system_i/util_ds_buf_0/U0/USE_BUFG.GEN_BUFG[0].BUFG_U/I
    BUFGCTRL_X0Y16       BUFG (Prop_bufg_I_O)         0.091     8.422 r  cnn_accelerator_system_i/util_ds_buf_0/U0/USE_BUFG.GEN_BUFG[0].BUFG_U/O
                         net (fo=2, routed)           1.683    10.105    cnn_accelerator_system_i/clk_wiz_0/inst/clk_in1
    MMCME2_ADV_X0Y0                                                   r  cnn_accelerator_system_i/clk_wiz_0/inst/mmcm_adv_inst/CLKIN1
    MMCME2_ADV_X0Y0      MMCME2_ADV (Prop_mmcme2_adv_CLKIN1_CLKOUT2)
                                                     -3.694     6.411 r  cnn_accelerator_system_i/clk_wiz_0/inst/mmcm_adv_inst/CLKOUT2
                         net (fo=1, routed)           1.923     8.334    cnn_accelerator_system_i/clk_wiz_0/inst/clk_out3_cnn_accelerator_system_clk_wiz_0_0
    BUFGCTRL_X0Y2                                                     r  cnn_accelerator_system_i/clk_wiz_0/inst/clkout3_buf/I
    BUFGCTRL_X0Y2        BUFG (Prop_bufg_I_O)         0.091     8.425 r  cnn_accelerator_system_i/clk_wiz_0/inst/clkout3_buf/O
                         net (fo=51119, routed)       1.498     9.924    cnn_accelerator_system_i/cnn_accelerator_wino_0/inst/conv2/lane[1].u_mul/g_wpe[13].wmem_op_reg_0_31_0_5/WCLK
    SLICE_X66Y70         RAMD32                                       r  cnn_accelerator_system_i/cnn_accelerator_wino_0/inst/conv2/lane[1].u_mul/g_wpe[13].wmem_op_reg_0_31_0_5/RAMA/CLK
                         clock pessimism              0.179    10.103    
                         clock uncertainty           -0.067    10.036    
    SLICE_X66Y70         RAMD32 (Setup_ramd32_CLK_WE)
                                                     -0.533     9.503    cnn_accelerator_system_i/cnn_accelerator_wino_0/inst/conv2/lane[1].u_mul/g_wpe[13].wmem_op_reg_0_31_0_5/RAMA
  -------------------------------------------------------------------
                         required time                          9.503    
                         arrival time                          -9.622    
  -------------------------------------------------------------------
                         slack                                 -0.119    

Slack (VIOLATED) :        -0.119ns  (required time - arrival time)
  Source:                 cnn_accelerator_system_i/cnn_accelerator_wino_0/inst/conv2/lane[1].u_mul/wm_op_q_reg[6]/C
                            (rising edge-triggered cell FDRE clocked by clk_out3_cnn_accelerator_system_clk_wiz_0_0  {rise@0.000ns fall@2.500ns period=5.000ns})
  Destination:            cnn_accelerator_system_i/cnn_accelerator_wino_0/inst/conv2/lane[1].u_mul/g_wpe[13].wmem_op_reg_0_31_0_5/RAMA_D1/WE
                            (rising edge-triggered cell RAMD32 clocked by clk_out3_cnn_accelerator_system_clk_wiz_0_0  {rise@0.000ns fall@2.500ns period=5.000ns})
  Path Group:             clk_out3_cnn_accelerator_system_clk_wiz_0_0
  Path Type:              Setup (Max at Slow Process Corner)
  Requirement:            5.000ns  (clk_out3_cnn_accelerator_system_clk_wiz_0_0 rise@5.000ns - clk_out3_cnn_accelerator_system_clk_wiz_0_0 rise@0.000ns)
  Data Path Delay:        4.419ns  (logic 0.704ns (15.930%)  route 3.715ns (84.070%))
  Logic Levels:           2  (LUT4=1 LUT6=1)
  Clock Path Skew:        -0.100ns (DCD - SCD + CPR)
    Destination Clock Delay (DCD):    4.924ns = ( 9.924 - 5.000 ) 
    Source Clock Delay      (SCD):    5.202ns
    Clock Pessimism Removal (CPR):    0.179ns
  Clock Uncertainty:      0.067ns  ((TSJ^2 + DJ^2)^1/2) / 2 + PE
    Total System Jitter     (TSJ):    0.071ns
    Discrete Jitter          (DJ):    0.113ns
    Phase Error              (PE):    0.000ns

    Location             Delay type                Incr(ns)  Path(ns)    Netlist Resource(s)
  -------------------------------------------------------------------    -------------------
                         (clock clk_out3_cnn_accelerator_system_clk_wiz_0_0 rise edge)
                                                      0.000     0.000 r  
    E3                                                0.000     0.000 r  CLK100MHZ (IN)
                         net (fo=0)                   0.000     0.000    CLK100MHZ
    E3                                                                r  CLK100MHZ_IBUF_inst/I
    E3                   IBUF (Prop_ibuf_I_O)         1.482     1.482 r  CLK100MHZ_IBUF_inst/O
                         net (fo=1, routed)           2.025     3.506    cnn_accelerator_system_i/util_ds_buf_0/U0/BUFG_I[0]
    BUFGCTRL_X0Y16                                                    r  cnn_accelerator_system_i/util_ds_buf_0/U0/USE_BUFG.GEN_BUFG[0].BUFG_U/I
    BUFGCTRL_X0Y16       BUFG (Prop_bufg_I_O)         0.096     3.602 r  cnn_accelerator_system_i/util_ds_buf_0/U0/USE_BUFG.GEN_BUFG[0].BUFG_U/O
                         net (fo=2, routed)           1.809     5.412    cnn_accelerator_system_i/clk_wiz_0/inst/clk_in1
    MMCME2_ADV_X0Y0                                                   r  cnn_accelerator_system_i/clk_wiz_0/inst/mmcm_adv_inst/CLKIN1
    MMCME2_ADV_X0Y0      MMCME2_ADV (Prop_mmcme2_adv_CLKIN1_CLKOUT2)
                                                     -3.922     1.490 r  cnn_accelerator_system_i/clk_wiz_0/inst/mmcm_adv_inst/CLKOUT2
                         net (fo=1, routed)           2.018     3.508    cnn_accelerator_system_i/clk_wiz_0/inst/clk_out3_cnn_accelerator_system_clk_wiz_0_0
    BUFGCTRL_X0Y2                                                     r  cnn_accelerator_system_i/clk_wiz_0/inst/clkout3_buf/I
    BUFGCTRL_X0Y2        BUFG (Prop_bufg_I_O)         0.096     3.604 r  cnn_accelerator_system_i/clk_wiz_0/inst/clkout3_buf/O
                         net (fo=51119, routed)       1.598     5.202    cnn_accelerator_system_i/cnn_accelerator_wino_0/inst/conv2/lane[1].u_mul/clk
    SLICE_X51Y125        FDRE                                         r  cnn_accelerator_system_i/cnn_accelerator_wino_0/inst/conv2/lane[1].u_mul/wm_op_q_reg[6]/C
  -------------------------------------------------------------------    -------------------
    SLICE_X51Y125        FDRE (Prop_fdre_C_Q)         0.456     5.658 f  cnn_accelerator_system_i/cnn_accelerator_wino_0/inst/conv2/lane[1].u_mul/wm_op_q_reg[6]/Q
                         net (fo=15, routed)          1.003     6.661    cnn_accelerator_system_i/cnn_accelerator_wino_0/inst/conv2/lane[1].u_mul/wm_op_q[6]
    SLICE_X59Y127                                                     f  cnn_accelerator_system_i/cnn_accelerator_wino_0/inst/conv2/lane[1].u_mul/g_wpe[0].wmem_op_reg_0_31_0_5_i_2__1_replica_1/I3
    SLICE_X59Y127        LUT4 (Prop_lut4_I3_O)        0.124     6.785 r  cnn_accelerator_system_i/cnn_accelerator_wino_0/inst/conv2/lane[1].u_mul/g_wpe[0].wmem_op_reg_0_31_0_5_i_2__1_replica_1/O
                         net (fo=1, routed)           1.788     8.573    cnn_accelerator_system_i/cnn_accelerator_wino_0/inst/conv2/lane[1].u_mul/g_wpe[0].wmem_op_reg_0_31_0_5_i_2__1_n_0_repN_1
    SLICE_X67Y85                                                      r  cnn_accelerator_system_i/cnn_accelerator_wino_0/inst/conv2/lane[1].u_mul/g_wpe[13].wmem_op_reg_0_31_0_5_i_1__1/I3
    SLICE_X67Y85         LUT6 (Prop_lut6_I3_O)        0.124     8.697 r  cnn_accelerator_system_i/cnn_accelerator_wino_0/inst/conv2/lane[1].u_mul/g_wpe[13].wmem_op_reg_0_31_0_5_i_1__1/O
                         net (fo=16, routed)          0.925     9.622    cnn_accelerator_system_i/cnn_accelerator_wino_0/inst/conv2/lane[1].u_mul/g_wpe[13].wmem_op_reg_0_31_0_5/WE
    SLICE_X66Y70         RAMD32                                       r  cnn_accelerator_system_i/cnn_accelerator_wino_0/inst/conv2/lane[1].u_mul/g_wpe[13].wmem_op_reg_0_31_0_5/RAMA_D1/WE
  -------------------------------------------------------------------    -------------------

                         (clock clk_out3_cnn_accelerator_system_clk_wiz_0_0 rise edge)
                                                      5.000     5.000 r  
    E3                                                0.000     5.000 r  CLK100MHZ (IN)
                         net (fo=0)                   0.000     5.000    CLK100MHZ
    E3                                                                r  CLK100MHZ_IBUF_inst/I
    E3                   IBUF (Prop_ibuf_I_O)         1.411     6.411 r  CLK100MHZ_IBUF_inst/O
                         net (fo=1, routed)           1.920     8.331    cnn_accelerator_system_i/util_ds_buf_0/U0/BUFG_I[0]
    BUFGCTRL_X0Y16                                                    r  cnn_accelerator_system_i/util_ds_buf_0/U0/USE_BUFG.GEN_BUFG[0].BUFG_U/I
    BUFGCTRL_X0Y16       BUFG (Prop_bufg_I_O)         0.091     8.422 r  cnn_accelerator_system_i/util_ds_buf_0/U0/USE_BUFG.GEN_BUFG[0].BUFG_U/O
                         net (fo=2, routed)           1.683    10.105    cnn_accelerator_system_i/clk_wiz_0/inst/clk_in1
    MMCME2_ADV_X0Y0                                                   r  cnn_accelerator_system_i/clk_wiz_0/inst/mmcm_adv_inst/CLKIN1
    MMCME2_ADV_X0Y0      MMCME2_ADV (Prop_mmcme2_adv_CLKIN1_CLKOUT2)
                                                     -3.694     6.411 r  cnn_accelerator_system_i/clk_wiz_0/inst/mmcm_adv_inst/CLKOUT2
                         net (fo=1, routed)           1.923     8.334    cnn_accelerator_system_i/clk_wiz_0/inst/clk_out3_cnn_accelerator_system_clk_wiz_0_0
    BUFGCTRL_X0Y2                                                     r  cnn_accelerator_system_i/clk_wiz_0/inst/clkout3_buf/I
    BUFGCTRL_X0Y2        BUFG (Prop_bufg_I_O)         0.091     8.425 r  cnn_accelerator_system_i/clk_wiz_0/inst/clkout3_buf/O
                         net (fo=51119, routed)       1.498     9.924    cnn_accelerator_system_i/cnn_accelerator_wino_0/inst/conv2/lane[1].u_mul/g_wpe[13].wmem_op_reg_0_31_0_5/WCLK
    SLICE_X66Y70         RAMD32                                       r  cnn_accelerator_system_i/cnn_accelerator_wino_0/inst/conv2/lane[1].u_mul/g_wpe[13].wmem_op_reg_0_31_0_5/RAMA_D1/CLK
                         clock pessimism              0.179    10.103    
                         clock uncertainty           -0.067    10.036    
    SLICE_X66Y70         RAMD32 (Setup_ramd32_CLK_WE)
                                                     -0.533     9.503    cnn_accelerator_system_i/cnn_accelerator_wino_0/inst/conv2/lane[1].u_mul/g_wpe[13].wmem_op_reg_0_31_0_5/RAMA_D1
  -------------------------------------------------------------------
                         required time                          9.503    
                         arrival time                          -9.622    
  -------------------------------------------------------------------
                         slack                                 -0.119    

Slack (VIOLATED) :        -0.119ns  (required time - arrival time)
  Source:                 cnn_accelerator_system_i/cnn_accelerator_wino_0/inst/conv2/lane[1].u_mul/wm_op_q_reg[6]/C
                            (rising edge-triggered cell FDRE clocked by clk_out3_cnn_accelerator_system_clk_wiz_0_0  {rise@0.000ns fall@2.500ns period=5.000ns})
  Destination:            cnn_accelerator_system_i/cnn_accelerator_wino_0/inst/conv2/lane[1].u_mul/g_wpe[13].wmem_op_reg_0_31_0_5/RAMB/WE
                            (rising edge-triggered cell RAMD32 clocked by clk_out3_cnn_accelerator_system_clk_wiz_0_0  {rise@0.000ns fall@2.500ns period=5.000ns})
  Path Group:             clk_out3_cnn_accelerator_system_clk_wiz_0_0
  Path Type:              Setup (Max at Slow Process Corner)
  Requirement:            5.000ns  (clk_out3_cnn_accelerator_system_clk_wiz_0_0 rise@5.000ns - clk_out3_cnn_accelerator_system_clk_wiz_0_0 rise@0.000ns)
  Data Path Delay:        4.419ns  (logic 0.704ns (15.930%)  route 3.715ns (84.070%))
  Logic Levels:           2  (LUT4=1 LUT6=1)
  Clock Path Skew:        -0.100ns (DCD - SCD + CPR)
    Destination Clock Delay (DCD):    4.924ns = ( 9.924 - 5.000 ) 
    Source Clock Delay      (SCD):    5.202ns
    Clock Pessimism Removal (CPR):    0.179ns
  Clock Uncertainty:      0.067ns  ((TSJ^2 + DJ^2)^1/2) / 2 + PE
    Total System Jitter     (TSJ):    0.071ns
    Discrete Jitter          (DJ):    0.113ns
    Phase Error              (PE):    0.000ns

    Location             Delay type                Incr(ns)  Path(ns)    Netlist Resource(s)
  -------------------------------------------------------------------    -------------------
                         (clock clk_out3_cnn_accelerator_system_clk_wiz_0_0 rise edge)
                                                      0.000     0.000 r  
    E3                                                0.000     0.000 r  CLK100MHZ (IN)
                         net (fo=0)                   0.000     0.000    CLK100MHZ
    E3                                                                r  CLK100MHZ_IBUF_inst/I
    E3                   IBUF (Prop_ibuf_I_O)         1.482     1.482 r  CLK100MHZ_IBUF_inst/O
                         net (fo=1, routed)           2.025     3.506    cnn_accelerator_system_i/util_ds_buf_0/U0/BUFG_I[0]
    BUFGCTRL_X0Y16                                                    r  cnn_accelerator_system_i/util_ds_buf_0/U0/USE_BUFG.GEN_BUFG[0].BUFG_U/I
    BUFGCTRL_X0Y16       BUFG (Prop_bufg_I_O)         0.096     3.602 r  cnn_accelerator_system_i/util_ds_buf_0/U0/USE_BUFG.GEN_BUFG[0].BUFG_U/O
                         net (fo=2, routed)           1.809     5.412    cnn_accelerator_system_i/clk_wiz_0/inst/clk_in1
    MMCME2_ADV_X0Y0                                                   r  cnn_accelerator_system_i/clk_wiz_0/inst/mmcm_adv_inst/CLKIN1
    MMCME2_ADV_X0Y0      MMCME2_ADV (Prop_mmcme2_adv_CLKIN1_CLKOUT2)
                                                     -3.922     1.490 r  cnn_accelerator_system_i/clk_wiz_0/inst/mmcm_adv_inst/CLKOUT2
                         net (fo=1, routed)           2.018     3.508    cnn_accelerator_system_i/clk_wiz_0/inst/clk_out3_cnn_accelerator_system_clk_wiz_0_0
    BUFGCTRL_X0Y2                                                     r  cnn_accelerator_system_i/clk_wiz_0/inst/clkout3_buf/I
    BUFGCTRL_X0Y2        BUFG (Prop_bufg_I_O)         0.096     3.604 r  cnn_accelerator_system_i/clk_wiz_0/inst/clkout3_buf/O
                         net (fo=51119, routed)       1.598     5.202    cnn_accelerator_system_i/cnn_accelerator_wino_0/inst/conv2/lane[1].u_mul/clk
    SLICE_X51Y125        FDRE                                         r  cnn_accelerator_system_i/cnn_accelerator_wino_0/inst/conv2/lane[1].u_mul/wm_op_q_reg[6]/C
  -------------------------------------------------------------------    -------------------
    SLICE_X51Y125        FDRE (Prop_fdre_C_Q)         0.456     5.658 f  cnn_accelerator_system_i/cnn_accelerator_wino_0/inst/conv2/lane[1].u_mul/wm_op_q_reg[6]/Q
                         net (fo=15, routed)          1.003     6.661    cnn_accelerator_system_i/cnn_accelerator_wino_0/inst/conv2/lane[1].u_mul/wm_op_q[6]
    SLICE_X59Y127                                                     f  cnn_accelerator_system_i/cnn_accelerator_wino_0/inst/conv2/lane[1].u_mul/g_wpe[0].wmem_op_reg_0_31_0_5_i_2__1_replica_1/I3
    SLICE_X59Y127        LUT4 (Prop_lut4_I3_O)        0.124     6.785 r  cnn_accelerator_system_i/cnn_accelerator_wino_0/inst/conv2/lane[1].u_mul/g_wpe[0].wmem_op_reg_0_31_0_5_i_2__1_replica_1/O
                         net (fo=1, routed)           1.788     8.573    cnn_accelerator_system_i/cnn_accelerator_wino_0/inst/conv2/lane[1].u_mul/g_wpe[0].wmem_op_reg_0_31_0_5_i_2__1_n_0_repN_1
    SLICE_X67Y85                                                      r  cnn_accelerator_system_i/cnn_accelerator_wino_0/inst/conv2/lane[1].u_mul/g_wpe[13].wmem_op_reg_0_31_0_5_i_1__1/I3
    SLICE_X67Y85         LUT6 (Prop_lut6_I3_O)        0.124     8.697 r  cnn_accelerator_system_i/cnn_accelerator_wino_0/inst/conv2/lane[1].u_mul/g_wpe[13].wmem_op_reg_0_31_0_5_i_1__1/O
                         net (fo=16, routed)          0.925     9.622    cnn_accelerator_system_i/cnn_accelerator_wino_0/inst/conv2/lane[1].u_mul/g_wpe[13].wmem_op_reg_0_31_0_5/WE
    SLICE_X66Y70         RAMD32                                       r  cnn_accelerator_system_i/cnn_accelerator_wino_0/inst/conv2/lane[1].u_mul/g_wpe[13].wmem_op_reg_0_31_0_5/RAMB/WE
  -------------------------------------------------------------------    -------------------

                         (clock clk_out3_cnn_accelerator_system_clk_wiz_0_0 rise edge)
                                                      5.000     5.000 r  
    E3                                                0.000     5.000 r  CLK100MHZ (IN)
                         net (fo=0)                   0.000     5.000    CLK100MHZ
    E3                                                                r  CLK100MHZ_IBUF_inst/I
    E3                   IBUF (Prop_ibuf_I_O)         1.411     6.411 r  CLK100MHZ_IBUF_inst/O
                         net (fo=1, routed)           1.920     8.331    cnn_accelerator_system_i/util_ds_buf_0/U0/BUFG_I[0]
    BUFGCTRL_X0Y16                                                    r  cnn_accelerator_system_i/util_ds_buf_0/U0/USE_BUFG.GEN_BUFG[0].BUFG_U/I
    BUFGCTRL_X0Y16       BUFG (Prop_bufg_I_O)         0.091     8.422 r  cnn_accelerator_system_i/util_ds_buf_0/U0/USE_BUFG.GEN_BUFG[0].BUFG_U/O
                         net (fo=2, routed)           1.683    10.105    cnn_accelerator_system_i/clk_wiz_0/inst/clk_in1
    MMCME2_ADV_X0Y0                                                   r  cnn_accelerator_system_i/clk_wiz_0/inst/mmcm_adv_inst/CLKIN1
    MMCME2_ADV_X0Y0      MMCME2_ADV (Prop_mmcme2_adv_CLKIN1_CLKOUT2)
                                                     -3.694     6.411 r  cnn_accelerator_system_i/clk_wiz_0/inst/mmcm_adv_inst/CLKOUT2
                         net (fo=1, routed)           1.923     8.334    cnn_accelerator_system_i/clk_wiz_0/inst/clk_out3_cnn_accelerator_system_clk_wiz_0_0
    BUFGCTRL_X0Y2                                                     r  cnn_accelerator_system_i/clk_wiz_0/inst/clkout3_buf/I
    BUFGCTRL_X0Y2        BUFG (Prop_bufg_I_O)         0.091     8.425 r  cnn_accelerator_system_i/clk_wiz_0/inst/clkout3_buf/O
                         net (fo=51119, routed)       1.498     9.924    cnn_accelerator_system_i/cnn_accelerator_wino_0/inst/conv2/lane[1].u_mul/g_wpe[13].wmem_op_reg_0_31_0_5/WCLK
    SLICE_X66Y70         RAMD32                                       r  cnn_accelerator_system_i/cnn_accelerator_wino_0/inst/conv2/lane[1].u_mul/g_wpe[13].wmem_op_reg_0_31_0_5/RAMB/CLK
                         clock pessimism              0.179    10.103    
                         clock uncertainty           -0.067    10.036    
    SLICE_X66Y70         RAMD32 (Setup_ramd32_CLK_WE)
                                                     -0.533     9.503    cnn_accelerator_system_i/cnn_accelerator_wino_0/inst/conv2/lane[1].u_mul/g_wpe[13].wmem_op_reg_0_31_0_5/RAMB
  -------------------------------------------------------------------
                         required time                          9.503    
                         arrival time                          -9.622    
  -------------------------------------------------------------------
                         slack                                 -0.119    

Slack (VIOLATED) :        -0.119ns  (required time - arrival time)
  Source:                 cnn_accelerator_system_i/cnn_accelerator_wino_0/inst/conv2/lane[1].u_mul/wm_op_q_reg[6]/C
                            (rising edge-triggered cell FDRE clocked by clk_out3_cnn_accelerator_system_clk_wiz_0_0  {rise@0.000ns fall@2.500ns period=5.000ns})
  Destination:            cnn_accelerator_system_i/cnn_accelerator_wino_0/inst/conv2/lane[1].u_mul/g_wpe[13].wmem_op_reg_0_31_0_5/RAMB_D1/WE
                            (rising edge-triggered cell RAMD32 clocked by clk_out3_cnn_accelerator_system_clk_wiz_0_0  {rise@0.000ns fall@2.500ns period=5.000ns})
  Path Group:             clk_out3_cnn_accelerator_system_clk_wiz_0_0
  Path Type:              Setup (Max at Slow Process Corner)
  Requirement:            5.000ns  (clk_out3_cnn_accelerator_system_clk_wiz_0_0 rise@5.000ns - clk_out3_cnn_accelerator_system_clk_wiz_0_0 rise@0.000ns)
  Data Path Delay:        4.419ns  (logic 0.704ns (15.930%)  route 3.715ns (84.070%))
  Logic Levels:           2  (LUT4=1 LUT6=1)
  Clock Path Skew:        -0.100ns (DCD - SCD + CPR)
    Destination Clock Delay (DCD):    4.924ns = ( 9.924 - 5.000 ) 
    Source Clock Delay      (SCD):    5.202ns
    Clock Pessimism Removal (CPR):    0.179ns
  Clock Uncertainty:      0.067ns  ((TSJ^2 + DJ^2)^1/2) / 2 + PE
    Total System Jitter     (TSJ):    0.071ns
    Discrete Jitter          (DJ):    0.113ns
    Phase Error              (PE):    0.000ns

    Location             Delay type                Incr(ns)  Path(ns)    Netlist Resource(s)
  -------------------------------------------------------------------    -------------------
                         (clock clk_out3_cnn_accelerator_system_clk_wiz_0_0 rise edge)
                                                      0.000     0.000 r  
    E3                                                0.000     0.000 r  CLK100MHZ (IN)
                         net (fo=0)                   0.000     0.000    CLK100MHZ
    E3                                                                r  CLK100MHZ_IBUF_inst/I
    E3                   IBUF (Prop_ibuf_I_O)         1.482     1.482 r  CLK100MHZ_IBUF_inst/O
                         net (fo=1, routed)           2.025     3.506    cnn_accelerator_system_i/util_ds_buf_0/U0/BUFG_I[0]
    BUFGCTRL_X0Y16                                                    r  cnn_accelerator_system_i/util_ds_buf_0/U0/USE_BUFG.GEN_BUFG[0].BUFG_U/I
    BUFGCTRL_X0Y16       BUFG (Prop_bufg_I_O)         0.096     3.602 r  cnn_accelerator_system_i/util_ds_buf_0/U0/USE_BUFG.GEN_BUFG[0].BUFG_U/O
                         net (fo=2, routed)           1.809     5.412    cnn_accelerator_system_i/clk_wiz_0/inst/clk_in1
    MMCME2_ADV_X0Y0                                                   r  cnn_accelerator_system_i/clk_wiz_0/inst/mmcm_adv_inst/CLKIN1
    MMCME2_ADV_X0Y0      MMCME2_ADV (Prop_mmcme2_adv_CLKIN1_CLKOUT2)
                                                     -3.922     1.490 r  cnn_accelerator_system_i/clk_wiz_0/inst/mmcm_adv_inst/CLKOUT2
                         net (fo=1, routed)           2.018     3.508    cnn_accelerator_system_i/clk_wiz_0/inst/clk_out3_cnn_accelerator_system_clk_wiz_0_0
    BUFGCTRL_X0Y2                                                     r  cnn_accelerator_system_i/clk_wiz_0/inst/clkout3_buf/I
    BUFGCTRL_X0Y2        BUFG (Prop_bufg_I_O)         0.096     3.604 r  cnn_accelerator_system_i/clk_wiz_0/inst/clkout3_buf/O
                         net (fo=51119, routed)       1.598     5.202    cnn_accelerator_system_i/cnn_accelerator_wino_0/inst/conv2/lane[1].u_mul/clk
    SLICE_X51Y125        FDRE                                         r  cnn_accelerator_system_i/cnn_accelerator_wino_0/inst/conv2/lane[1].u_mul/wm_op_q_reg[6]/C
  -------------------------------------------------------------------    -------------------
    SLICE_X51Y125        FDRE (Prop_fdre_C_Q)         0.456     5.658 f  cnn_accelerator_system_i/cnn_accelerator_wino_0/inst/conv2/lane[1].u_mul/wm_op_q_reg[6]/Q
                         net (fo=15, routed)          1.003     6.661    cnn_accelerator_system_i/cnn_accelerator_wino_0/inst/conv2/lane[1].u_mul/wm_op_q[6]
    SLICE_X59Y127                                                     f  cnn_accelerator_system_i/cnn_accelerator_wino_0/inst/conv2/lane[1].u_mul/g_wpe[0].wmem_op_reg_0_31_0_5_i_2__1_replica_1/I3
    SLICE_X59Y127        LUT4 (Prop_lut4_I3_O)        0.124     6.785 r  cnn_accelerator_system_i/cnn_accelerator_wino_0/inst/conv2/lane[1].u_mul/g_wpe[0].wmem_op_reg_0_31_0_5_i_2__1_replica_1/O
                         net (fo=1, routed)           1.788     8.573    cnn_accelerator_system_i/cnn_accelerator_wino_0/inst/conv2/lane[1].u_mul/g_wpe[0].wmem_op_reg_0_31_0_5_i_2__1_n_0_repN_1
    SLICE_X67Y85                                                      r  cnn_accelerator_system_i/cnn_accelerator_wino_0/inst/conv2/lane[1].u_mul/g_wpe[13].wmem_op_reg_0_31_0_5_i_1__1/I3
    SLICE_X67Y85         LUT6 (Prop_lut6_I3_O)        0.124     8.697 r  cnn_accelerator_system_i/cnn_accelerator_wino_0/inst/conv2/lane[1].u_mul/g_wpe[13].wmem_op_reg_0_31_0_5_i_1__1/O
                         net (fo=16, routed)          0.925     9.622    cnn_accelerator_system_i/cnn_accelerator_wino_0/inst/conv2/lane[1].u_mul/g_wpe[13].wmem_op_reg_0_31_0_5/WE
    SLICE_X66Y70         RAMD32                                       r  cnn_accelerator_system_i/cnn_accelerator_wino_0/inst/conv2/lane[1].u_mul/g_wpe[13].wmem_op_reg_0_31_0_5/RAMB_D1/WE
  -------------------------------------------------------------------    -------------------

                         (clock clk_out3_cnn_accelerator_system_clk_wiz_0_0 rise edge)
                                                      5.000     5.000 r  
    E3                                                0.000     5.000 r  CLK100MHZ (IN)
                         net (fo=0)                   0.000     5.000    CLK100MHZ
    E3                                                                r  CLK100MHZ_IBUF_inst/I
    E3                   IBUF (Prop_ibuf_I_O)         1.411     6.411 r  CLK100MHZ_IBUF_inst/O
                         net (fo=1, routed)           1.920     8.331    cnn_accelerator_system_i/util_ds_buf_0/U0/BUFG_I[0]
    BUFGCTRL_X0Y16                                                    r  cnn_accelerator_system_i/util_ds_buf_0/U0/USE_BUFG.GEN_BUFG[0].BUFG_U/I
    BUFGCTRL_X0Y16       BUFG (Prop_bufg_I_O)         0.091     8.422 r  cnn_accelerator_system_i/util_ds_buf_0/U0/USE_BUFG.GEN_BUFG[0].BUFG_U/O
                         net (fo=2, routed)           1.683    10.105    cnn_accelerator_system_i/clk_wiz_0/inst/clk_in1
    MMCME2_ADV_X0Y0                                                   r  cnn_accelerator_system_i/clk_wiz_0/inst/mmcm_adv_inst/CLKIN1
    MMCME2_ADV_X0Y0      MMCME2_ADV (Prop_mmcme2_adv_CLKIN1_CLKOUT2)
                                                     -3.694     6.411 r  cnn_accelerator_system_i/clk_wiz_0/inst/mmcm_adv_inst/CLKOUT2
                         net (fo=1, routed)           1.923     8.334    cnn_accelerator_system_i/clk_wiz_0/inst/clk_out3_cnn_accelerator_system_clk_wiz_0_0
    BUFGCTRL_X0Y2                                                     r  cnn_accelerator_system_i/clk_wiz_0/inst/clkout3_buf/I
    BUFGCTRL_X0Y2        BUFG (Prop_bufg_I_O)         0.091     8.425 r  cnn_accelerator_system_i/clk_wiz_0/inst/clkout3_buf/O
                         net (fo=51119, routed)       1.498     9.924    cnn_accelerator_system_i/cnn_accelerator_wino_0/inst/conv2/lane[1].u_mul/g_wpe[13].wmem_op_reg_0_31_0_5/WCLK
    SLICE_X66Y70         RAMD32                                       r  cnn_accelerator_system_i/cnn_accelerator_wino_0/inst/conv2/lane[1].u_mul/g_wpe[13].wmem_op_reg_0_31_0_5/RAMB_D1/CLK
                         clock pessimism              0.179    10.103    
                         clock uncertainty           -0.067    10.036    
    SLICE_X66Y70         RAMD32 (Setup_ramd32_CLK_WE)
                                                     -0.533     9.503    cnn_accelerator_system_i/cnn_accelerator_wino_0/inst/conv2/lane[1].u_mul/g_wpe[13].wmem_op_reg_0_31_0_5/RAMB_D1
  -------------------------------------------------------------------
                         required time                          9.503    
                         arrival time                          -9.622    
  -------------------------------------------------------------------
                         slack                                 -0.119    

Slack (VIOLATED) :        -0.119ns  (required time - arrival time)
  Source:                 cnn_accelerator_system_i/cnn_accelerator_wino_0/inst/conv2/lane[1].u_mul/wm_op_q_reg[6]/C
                            (rising edge-triggered cell FDRE clocked by clk_out3_cnn_accelerator_system_clk_wiz_0_0  {rise@0.000ns fall@2.500ns period=5.000ns})
  Destination:            cnn_accelerator_system_i/cnn_accelerator_wino_0/inst/conv2/lane[1].u_mul/g_wpe[13].wmem_op_reg_0_31_0_5/RAMC/WE
                            (rising edge-triggered cell RAMD32 clocked by clk_out3_cnn_accelerator_system_clk_wiz_0_0  {rise@0.000ns fall@2.500ns period=5.000ns})
  Path Group:             clk_out3_cnn_accelerator_system_clk_wiz_0_0
  Path Type:              Setup (Max at Slow Process Corner)
  Requirement:            5.000ns  (clk_out3_cnn_accelerator_system_clk_wiz_0_0 rise@5.000ns - clk_out3_cnn_accelerator_system_clk_wiz_0_0 rise@0.000ns)
  Data Path Delay:        4.419ns  (logic 0.704ns (15.930%)  route 3.715ns (84.070%))
  Logic Levels:           2  (LUT4=1 LUT6=1)
  Clock Path Skew:        -0.100ns (DCD - SCD + CPR)
    Destination Clock Delay (DCD):    4.924ns = ( 9.924 - 5.000 ) 
    Source Clock Delay      (SCD):    5.202ns
    Clock Pessimism Removal (CPR):    0.179ns
  Clock Uncertainty:      0.067ns  ((TSJ^2 + DJ^2)^1/2) / 2 + PE
    Total System Jitter     (TSJ):    0.071ns
    Discrete Jitter          (DJ):    0.113ns
    Phase Error              (PE):    0.000ns

    Location             Delay type                Incr(ns)  Path(ns)    Netlist Resource(s)
  -------------------------------------------------------------------    -------------------
                         (clock clk_out3_cnn_accelerator_system_clk_wiz_0_0 rise edge)
                                                      0.000     0.000 r  
    E3                                                0.000     0.000 r  CLK100MHZ (IN)
                         net (fo=0)                   0.000     0.000    CLK100MHZ
    E3                                                                r  CLK100MHZ_IBUF_inst/I
    E3                   IBUF (Prop_ibuf_I_O)         1.482     1.482 r  CLK100MHZ_IBUF_inst/O
                         net (fo=1, routed)           2.025     3.506    cnn_accelerator_system_i/util_ds_buf_0/U0/BUFG_I[0]
    BUFGCTRL_X0Y16                                                    r  cnn_accelerator_system_i/util_ds_buf_0/U0/USE_BUFG.GEN_BUFG[0].BUFG_U/I
    BUFGCTRL_X0Y16       BUFG (Prop_bufg_I_O)         0.096     3.602 r  cnn_accelerator_system_i/util_ds_buf_0/U0/USE_BUFG.GEN_BUFG[0].BUFG_U/O
                         net (fo=2, routed)           1.809     5.412    cnn_accelerator_system_i/clk_wiz_0/inst/clk_in1
    MMCME2_ADV_X0Y0                                                   r  cnn_accelerator_system_i/clk_wiz_0/inst/mmcm_adv_inst/CLKIN1
    MMCME2_ADV_X0Y0      MMCME2_ADV (Prop_mmcme2_adv_CLKIN1_CLKOUT2)
                                                     -3.922     1.490 r  cnn_accelerator_system_i/clk_wiz_0/inst/mmcm_adv_inst/CLKOUT2
                         net (fo=1, routed)           2.018     3.508    cnn_accelerator_system_i/clk_wiz_0/inst/clk_out3_cnn_accelerator_system_clk_wiz_0_0
    BUFGCTRL_X0Y2                                                     r  cnn_accelerator_system_i/clk_wiz_0/inst/clkout3_buf/I
    BUFGCTRL_X0Y2        BUFG (Prop_bufg_I_O)         0.096     3.604 r  cnn_accelerator_system_i/clk_wiz_0/inst/clkout3_buf/O
                         net (fo=51119, routed)       1.598     5.202    cnn_accelerator_system_i/cnn_accelerator_wino_0/inst/conv2/lane[1].u_mul/clk
    SLICE_X51Y125        FDRE                                         r  cnn_accelerator_system_i/cnn_accelerator_wino_0/inst/conv2/lane[1].u_mul/wm_op_q_reg[6]/C
  -------------------------------------------------------------------    -------------------
    SLICE_X51Y125        FDRE (Prop_fdre_C_Q)         0.456     5.658 f  cnn_accelerator_system_i/cnn_accelerator_wino_0/inst/conv2/lane[1].u_mul/wm_op_q_reg[6]/Q
                         net (fo=15, routed)          1.003     6.661    cnn_accelerator_system_i/cnn_accelerator_wino_0/inst/conv2/lane[1].u_mul/wm_op_q[6]
    SLICE_X59Y127                                                     f  cnn_accelerator_system_i/cnn_accelerator_wino_0/inst/conv2/lane[1].u_mul/g_wpe[0].wmem_op_reg_0_31_0_5_i_2__1_replica_1/I3
    SLICE_X59Y127        LUT4 (Prop_lut4_I3_O)        0.124     6.785 r  cnn_accelerator_system_i/cnn_accelerator_wino_0/inst/conv2/lane[1].u_mul/g_wpe[0].wmem_op_reg_0_31_0_5_i_2__1_replica_1/O
                         net (fo=1, routed)           1.788     8.573    cnn_accelerator_system_i/cnn_accelerator_wino_0/inst/conv2/lane[1].u_mul/g_wpe[0].wmem_op_reg_0_31_0_5_i_2__1_n_0_repN_1
    SLICE_X67Y85                                                      r  cnn_accelerator_system_i/cnn_accelerator_wino_0/inst/conv2/lane[1].u_mul/g_wpe[13].wmem_op_reg_0_31_0_5_i_1__1/I3
    SLICE_X67Y85         LUT6 (Prop_lut6_I3_O)        0.124     8.697 r  cnn_accelerator_system_i/cnn_accelerator_wino_0/inst/conv2/lane[1].u_mul/g_wpe[13].wmem_op_reg_0_31_0_5_i_1__1/O
                         net (fo=16, routed)          0.925     9.622    cnn_accelerator_system_i/cnn_accelerator_wino_0/inst/conv2/lane[1].u_mul/g_wpe[13].wmem_op_reg_0_31_0_5/WE
    SLICE_X66Y70         RAMD32                                       r  cnn_accelerator_system_i/cnn_accelerator_wino_0/inst/conv2/lane[1].u_mul/g_wpe[13].wmem_op_reg_0_31_0_5/RAMC/WE
  -------------------------------------------------------------------    -------------------

                         (clock clk_out3_cnn_accelerator_system_clk_wiz_0_0 rise edge)
                                                      5.000     5.000 r  
    E3                                                0.000     5.000 r  CLK100MHZ (IN)
                         net (fo=0)                   0.000     5.000    CLK100MHZ
    E3                                                                r  CLK100MHZ_IBUF_inst/I
    E3                   IBUF (Prop_ibuf_I_O)         1.411     6.411 r  CLK100MHZ_IBUF_inst/O
                         net (fo=1, routed)           1.920     8.331    cnn_accelerator_system_i/util_ds_buf_0/U0/BUFG_I[0]
    BUFGCTRL_X0Y16                                                    r  cnn_accelerator_system_i/util_ds_buf_0/U0/USE_BUFG.GEN_BUFG[0].BUFG_U/I
    BUFGCTRL_X0Y16       BUFG (Prop_bufg_I_O)         0.091     8.422 r  cnn_accelerator_system_i/util_ds_buf_0/U0/USE_BUFG.GEN_BUFG[0].BUFG_U/O
                         net (fo=2, routed)           1.683    10.105    cnn_accelerator_system_i/clk_wiz_0/inst/clk_in1
    MMCME2_ADV_X0Y0                                                   r  cnn_accelerator_system_i/clk_wiz_0/inst/mmcm_adv_inst/CLKIN1
    MMCME2_ADV_X0Y0      MMCME2_ADV (Prop_mmcme2_adv_CLKIN1_CLKOUT2)
                                                     -3.694     6.411 r  cnn_accelerator_system_i/clk_wiz_0/inst/mmcm_adv_inst/CLKOUT2
                         net (fo=1, routed)           1.923     8.334    cnn_accelerator_system_i/clk_wiz_0/inst/clk_out3_cnn_accelerator_system_clk_wiz_0_0
    BUFGCTRL_X0Y2                                                     r  cnn_accelerator_system_i/clk_wiz_0/inst/clkout3_buf/I
    BUFGCTRL_X0Y2        BUFG (Prop_bufg_I_O)         0.091     8.425 r  cnn_accelerator_system_i/clk_wiz_0/inst/clkout3_buf/O
                         net (fo=51119, routed)       1.498     9.924    cnn_accelerator_system_i/cnn_accelerator_wino_0/inst/conv2/lane[1].u_mul/g_wpe[13].wmem_op_reg_0_31_0_5/WCLK
    SLICE_X66Y70         RAMD32                                       r  cnn_accelerator_system_i/cnn_accelerator_wino_0/inst/conv2/lane[1].u_mul/g_wpe[13].wmem_op_reg_0_31_0_5/RAMC/CLK
                         clock pessimism              0.179    10.103    
                         clock uncertainty           -0.067    10.036    
    SLICE_X66Y70         RAMD32 (Setup_ramd32_CLK_WE)
                                                     -0.533     9.503    cnn_accelerator_system_i/cnn_accelerator_wino_0/inst/conv2/lane[1].u_mul/g_wpe[13].wmem_op_reg_0_31_0_5/RAMC
  -------------------------------------------------------------------
                         required time                          9.503    
                         arrival time                          -9.622    
  -------------------------------------------------------------------
                         slack                                 -0.119    

Slack (VIOLATED) :        -0.119ns  (required time - arrival time)
  Source:                 cnn_accelerator_system_i/cnn_accelerator_wino_0/inst/conv2/lane[1].u_mul/wm_op_q_reg[6]/C
                            (rising edge-triggered cell FDRE clocked by clk_out3_cnn_accelerator_system_clk_wiz_0_0  {rise@0.000ns fall@2.500ns period=5.000ns})
  Destination:            cnn_accelerator_system_i/cnn_accelerator_wino_0/inst/conv2/lane[1].u_mul/g_wpe[13].wmem_op_reg_0_31_0_5/RAMC_D1/WE
                            (rising edge-triggered cell RAMD32 clocked by clk_out3_cnn_accelerator_system_clk_wiz_0_0  {rise@0.000ns fall@2.500ns period=5.000ns})
  Path Group:             clk_out3_cnn_accelerator_system_clk_wiz_0_0
  Path Type:              Setup (Max at Slow Process Corner)
  Requirement:            5.000ns  (clk_out3_cnn_accelerator_system_clk_wiz_0_0 rise@5.000ns - clk_out3_cnn_accelerator_system_clk_wiz_0_0 rise@0.000ns)
  Data Path Delay:        4.419ns  (logic 0.704ns (15.930%)  route 3.715ns (84.070%))
  Logic Levels:           2  (LUT4=1 LUT6=1)
  Clock Path Skew:        -0.100ns (DCD - SCD + CPR)
    Destination Clock Delay (DCD):    4.924ns = ( 9.924 - 5.000 ) 
    Source Clock Delay      (SCD):    5.202ns
    Clock Pessimism Removal (CPR):    0.179ns
  Clock Uncertainty:      0.067ns  ((TSJ^2 + DJ^2)^1/2) / 2 + PE
    Total System Jitter     (TSJ):    0.071ns
    Discrete Jitter          (DJ):    0.113ns
    Phase Error              (PE):    0.000ns

    Location             Delay type                Incr(ns)  Path(ns)    Netlist Resource(s)
  -------------------------------------------------------------------    -------------------
                         (clock clk_out3_cnn_accelerator_system_clk_wiz_0_0 rise edge)
                                                      0.000     0.000 r  
    E3                                                0.000     0.000 r  CLK100MHZ (IN)
                         net (fo=0)                   0.000     0.000    CLK100MHZ
    E3                                                                r  CLK100MHZ_IBUF_inst/I
    E3                   IBUF (Prop_ibuf_I_O)         1.482     1.482 r  CLK100MHZ_IBUF_inst/O
                         net (fo=1, routed)           2.025     3.506    cnn_accelerator_system_i/util_ds_buf_0/U0/BUFG_I[0]
    BUFGCTRL_X0Y16                                                    r  cnn_accelerator_system_i/util_ds_buf_0/U0/USE_BUFG.GEN_BUFG[0].BUFG_U/I
    BUFGCTRL_X0Y16       BUFG (Prop_bufg_I_O)         0.096     3.602 r  cnn_accelerator_system_i/util_ds_buf_0/U0/USE_BUFG.GEN_BUFG[0].BUFG_U/O
                         net (fo=2, routed)           1.809     5.412    cnn_accelerator_system_i/clk_wiz_0/inst/clk_in1
    MMCME2_ADV_X0Y0                                                   r  cnn_accelerator_system_i/clk_wiz_0/inst/mmcm_adv_inst/CLKIN1
    MMCME2_ADV_X0Y0      MMCME2_ADV (Prop_mmcme2_adv_CLKIN1_CLKOUT2)
                                                     -3.922     1.490 r  cnn_accelerator_system_i/clk_wiz_0/inst/mmcm_adv_inst/CLKOUT2
                         net (fo=1, routed)           2.018     3.508    cnn_accelerator_system_i/clk_wiz_0/inst/clk_out3_cnn_accelerator_system_clk_wiz_0_0
    BUFGCTRL_X0Y2                                                     r  cnn_accelerator_system_i/clk_wiz_0/inst/clkout3_buf/I
    BUFGCTRL_X0Y2        BUFG (Prop_bufg_I_O)         0.096     3.604 r  cnn_accelerator_system_i/clk_wiz_0/inst/clkout3_buf/O
                         net (fo=51119, routed)       1.598     5.202    cnn_accelerator_system_i/cnn_accelerator_wino_0/inst/conv2/lane[1].u_mul/clk
    SLICE_X51Y125        FDRE                                         r  cnn_accelerator_system_i/cnn_accelerator_wino_0/inst/conv2/lane[1].u_mul/wm_op_q_reg[6]/C
  -------------------------------------------------------------------    -------------------
    SLICE_X51Y125        FDRE (Prop_fdre_C_Q)         0.456     5.658 f  cnn_accelerator_system_i/cnn_accelerator_wino_0/inst/conv2/lane[1].u_mul/wm_op_q_reg[6]/Q
                         net (fo=15, routed)          1.003     6.661    cnn_accelerator_system_i/cnn_accelerator_wino_0/inst/conv2/lane[1].u_mul/wm_op_q[6]
    SLICE_X59Y127                                                     f  cnn_accelerator_system_i/cnn_accelerator_wino_0/inst/conv2/lane[1].u_mul/g_wpe[0].wmem_op_reg_0_31_0_5_i_2__1_replica_1/I3
    SLICE_X59Y127        LUT4 (Prop_lut4_I3_O)        0.124     6.785 r  cnn_accelerator_system_i/cnn_accelerator_wino_0/inst/conv2/lane[1].u_mul/g_wpe[0].wmem_op_reg_0_31_0_5_i_2__1_replica_1/O
                         net (fo=1, routed)           1.788     8.573    cnn_accelerator_system_i/cnn_accelerator_wino_0/inst/conv2/lane[1].u_mul/g_wpe[0].wmem_op_reg_0_31_0_5_i_2__1_n_0_repN_1
    SLICE_X67Y85                                                      r  cnn_accelerator_system_i/cnn_accelerator_wino_0/inst/conv2/lane[1].u_mul/g_wpe[13].wmem_op_reg_0_31_0_5_i_1__1/I3
    SLICE_X67Y85         LUT6 (Prop_lut6_I3_O)        0.124     8.697 r  cnn_accelerator_system_i/cnn_accelerator_wino_0/inst/conv2/lane[1].u_mul/g_wpe[13].wmem_op_reg_0_31_0_5_i_1__1/O
                         net (fo=16, routed)          0.925     9.622    cnn_accelerator_system_i/cnn_accelerator_wino_0/inst/conv2/lane[1].u_mul/g_wpe[13].wmem_op_reg_0_31_0_5/WE
    SLICE_X66Y70         RAMD32                                       r  cnn_accelerator_system_i/cnn_accelerator_wino_0/inst/conv2/lane[1].u_mul/g_wpe[13].wmem_op_reg_0_31_0_5/RAMC_D1/WE
  -------------------------------------------------------------------    -------------------

                         (clock clk_out3_cnn_accelerator_system_clk_wiz_0_0 rise edge)
                                                      5.000     5.000 r  
    E3                                                0.000     5.000 r  CLK100MHZ (IN)
                         net (fo=0)                   0.000     5.000    CLK100MHZ
    E3                                                                r  CLK100MHZ_IBUF_inst/I
    E3                   IBUF (Prop_ibuf_I_O)         1.411     6.411 r  CLK100MHZ_IBUF_inst/O
                         net (fo=1, routed)           1.920     8.331    cnn_accelerator_system_i/util_ds_buf_0/U0/BUFG_I[0]
    BUFGCTRL_X0Y16                                                    r  cnn_accelerator_system_i/util_ds_buf_0/U0/USE_BUFG.GEN_BUFG[0].BUFG_U/I
    BUFGCTRL_X0Y16       BUFG (Prop_bufg_I_O)         0.091     8.422 r  cnn_accelerator_system_i/util_ds_buf_0/U0/USE_BUFG.GEN_BUFG[0].BUFG_U/O
                         net (fo=2, routed)           1.683    10.105    cnn_accelerator_system_i/clk_wiz_0/inst/clk_in1
    MMCME2_ADV_X0Y0                                                   r  cnn_accelerator_system_i/clk_wiz_0/inst/mmcm_adv_inst/CLKIN1
    MMCME2_ADV_X0Y0      MMCME2_ADV (Prop_mmcme2_adv_CLKIN1_CLKOUT2)
                                                     -3.694     6.411 r  cnn_accelerator_system_i/clk_wiz_0/inst/mmcm_adv_inst/CLKOUT2
                         net (fo=1, routed)           1.923     8.334    cnn_accelerator_system_i/clk_wiz_0/inst/clk_out3_cnn_accelerator_system_clk_wiz_0_0
    BUFGCTRL_X0Y2                                                     r  cnn_accelerator_system_i/clk_wiz_0/inst/clkout3_buf/I
    BUFGCTRL_X0Y2        BUFG (Prop_bufg_I_O)         0.091     8.425 r  cnn_accelerator_system_i/clk_wiz_0/inst/clkout3_buf/O
                         net (fo=51119, routed)       1.498     9.924    cnn_accelerator_system_i/cnn_accelerator_wino_0/inst/conv2/lane[1].u_mul/g_wpe[13].wmem_op_reg_0_31_0_5/WCLK
    SLICE_X66Y70         RAMD32                                       r  cnn_accelerator_system_i/cnn_accelerator_wino_0/inst/conv2/lane[1].u_mul/g_wpe[13].wmem_op_reg_0_31_0_5/RAMC_D1/CLK
                         clock pessimism              0.179    10.103    
                         clock uncertainty           -0.067    10.036    
    SLICE_X66Y70         RAMD32 (Setup_ramd32_CLK_WE)
                                                     -0.533     9.503    cnn_accelerator_system_i/cnn_accelerator_wino_0/inst/conv2/lane[1].u_mul/g_wpe[13].wmem_op_reg_0_31_0_5/RAMC_D1
  -------------------------------------------------------------------
                         required time                          9.503    
                         arrival time                          -9.622    
  -------------------------------------------------------------------
                         slack                                 -0.119    

Slack (VIOLATED) :        -0.119ns  (required time - arrival time)
  Source:                 cnn_accelerator_system_i/cnn_accelerator_wino_0/inst/conv2/lane[1].u_mul/wm_op_q_reg[6]/C
                            (rising edge-triggered cell FDRE clocked by clk_out3_cnn_accelerator_system_clk_wiz_0_0  {rise@0.000ns fall@2.500ns period=5.000ns})
  Destination:            cnn_accelerator_system_i/cnn_accelerator_wino_0/inst/conv2/lane[1].u_mul/g_wpe[13].wmem_op_reg_0_31_0_5/RAMD/WE
                            (rising edge-triggered cell RAMS32 clocked by clk_out3_cnn_accelerator_system_clk_wiz_0_0  {rise@0.000ns fall@2.500ns period=5.000ns})
  Path Group:             clk_out3_cnn_accelerator_system_clk_wiz_0_0
  Path Type:              Setup (Max at Slow Process Corner)
  Requirement:            5.000ns  (clk_out3_cnn_accelerator_system_clk_wiz_0_0 rise@5.000ns - clk_out3_cnn_accelerator_system_clk_wiz_0_0 rise@0.000ns)
  Data Path Delay:        4.419ns  (logic 0.704ns (15.930%)  route 3.715ns (84.070%))
  Logic Levels:           2  (LUT4=1 LUT6=1)
  Clock Path Skew:        -0.100ns (DCD - SCD + CPR)
    Destination Clock Delay (DCD):    4.924ns = ( 9.924 - 5.000 ) 
    Source Clock Delay      (SCD):    5.202ns
    Clock Pessimism Removal (CPR):    0.179ns
  Clock Uncertainty:      0.067ns  ((TSJ^2 + DJ^2)^1/2) / 2 + PE
    Total System Jitter     (TSJ):    0.071ns
    Discrete Jitter          (DJ):    0.113ns
    Phase Error              (PE):    0.000ns

    Location             Delay type                Incr(ns)  Path(ns)    Netlist Resource(s)
  -------------------------------------------------------------------    -------------------
                         (clock clk_out3_cnn_accelerator_system_clk_wiz_0_0 rise edge)
                                                      0.000     0.000 r  
    E3                                                0.000     0.000 r  CLK100MHZ (IN)
                         net (fo=0)                   0.000     0.000    CLK100MHZ
    E3                                                                r  CLK100MHZ_IBUF_inst/I
    E3                   IBUF (Prop_ibuf_I_O)         1.482     1.482 r  CLK100MHZ_IBUF_inst/O
                         net (fo=1, routed)           2.025     3.506    cnn_accelerator_system_i/util_ds_buf_0/U0/BUFG_I[0]
    BUFGCTRL_X0Y16                                                    r  cnn_accelerator_system_i/util_ds_buf_0/U0/USE_BUFG.GEN_BUFG[0].BUFG_U/I
    BUFGCTRL_X0Y16       BUFG (Prop_bufg_I_O)         0.096     3.602 r  cnn_accelerator_system_i/util_ds_buf_0/U0/USE_BUFG.GEN_BUFG[0].BUFG_U/O
                         net (fo=2, routed)           1.809     5.412    cnn_accelerator_system_i/clk_wiz_0/inst/clk_in1
    MMCME2_ADV_X0Y0                                                   r  cnn_accelerator_system_i/clk_wiz_0/inst/mmcm_adv_inst/CLKIN1
    MMCME2_ADV_X0Y0      MMCME2_ADV (Prop_mmcme2_adv_CLKIN1_CLKOUT2)
                                                     -3.922     1.490 r  cnn_accelerator_system_i/clk_wiz_0/inst/mmcm_adv_inst/CLKOUT2
                         net (fo=1, routed)           2.018     3.508    cnn_accelerator_system_i/clk_wiz_0/inst/clk_out3_cnn_accelerator_system_clk_wiz_0_0
    BUFGCTRL_X0Y2                                                     r  cnn_accelerator_system_i/clk_wiz_0/inst/clkout3_buf/I
    BUFGCTRL_X0Y2        BUFG (Prop_bufg_I_O)         0.096     3.604 r  cnn_accelerator_system_i/clk_wiz_0/inst/clkout3_buf/O
                         net (fo=51119, routed)       1.598     5.202    cnn_accelerator_system_i/cnn_accelerator_wino_0/inst/conv2/lane[1].u_mul/clk
    SLICE_X51Y125        FDRE                                         r  cnn_accelerator_system_i/cnn_accelerator_wino_0/inst/conv2/lane[1].u_mul/wm_op_q_reg[6]/C
  -------------------------------------------------------------------    -------------------
    SLICE_X51Y125        FDRE (Prop_fdre_C_Q)         0.456     5.658 f  cnn_accelerator_system_i/cnn_accelerator_wino_0/inst/conv2/lane[1].u_mul/wm_op_q_reg[6]/Q
                         net (fo=15, routed)          1.003     6.661    cnn_accelerator_system_i/cnn_accelerator_wino_0/inst/conv2/lane[1].u_mul/wm_op_q[6]
    SLICE_X59Y127                                                     f  cnn_accelerator_system_i/cnn_accelerator_wino_0/inst/conv2/lane[1].u_mul/g_wpe[0].wmem_op_reg_0_31_0_5_i_2__1_replica_1/I3
    SLICE_X59Y127        LUT4 (Prop_lut4_I3_O)        0.124     6.785 r  cnn_accelerator_system_i/cnn_accelerator_wino_0/inst/conv2/lane[1].u_mul/g_wpe[0].wmem_op_reg_0_31_0_5_i_2__1_replica_1/O
                         net (fo=1, routed)           1.788     8.573    cnn_accelerator_system_i/cnn_accelerator_wino_0/inst/conv2/lane[1].u_mul/g_wpe[0].wmem_op_reg_0_31_0_5_i_2__1_n_0_repN_1
    SLICE_X67Y85                                                      r  cnn_accelerator_system_i/cnn_accelerator_wino_0/inst/conv2/lane[1].u_mul/g_wpe[13].wmem_op_reg_0_31_0_5_i_1__1/I3
    SLICE_X67Y85         LUT6 (Prop_lut6_I3_O)        0.124     8.697 r  cnn_accelerator_system_i/cnn_accelerator_wino_0/inst/conv2/lane[1].u_mul/g_wpe[13].wmem_op_reg_0_31_0_5_i_1__1/O
                         net (fo=16, routed)          0.925     9.622    cnn_accelerator_system_i/cnn_accelerator_wino_0/inst/conv2/lane[1].u_mul/g_wpe[13].wmem_op_reg_0_31_0_5/WE
    SLICE_X66Y70         RAMS32                                       r  cnn_accelerator_system_i/cnn_accelerator_wino_0/inst/conv2/lane[1].u_mul/g_wpe[13].wmem_op_reg_0_31_0_5/RAMD/WE
  -------------------------------------------------------------------    -------------------

                         (clock clk_out3_cnn_accelerator_system_clk_wiz_0_0 rise edge)
                                                      5.000     5.000 r  
    E3                                                0.000     5.000 r  CLK100MHZ (IN)
                         net (fo=0)                   0.000     5.000    CLK100MHZ
    E3                                                                r  CLK100MHZ_IBUF_inst/I
    E3                   IBUF (Prop_ibuf_I_O)         1.411     6.411 r  CLK100MHZ_IBUF_inst/O
                         net (fo=1, routed)           1.920     8.331    cnn_accelerator_system_i/util_ds_buf_0/U0/BUFG_I[0]
    BUFGCTRL_X0Y16                                                    r  cnn_accelerator_system_i/util_ds_buf_0/U0/USE_BUFG.GEN_BUFG[0].BUFG_U/I
    BUFGCTRL_X0Y16       BUFG (Prop_bufg_I_O)         0.091     8.422 r  cnn_accelerator_system_i/util_ds_buf_0/U0/USE_BUFG.GEN_BUFG[0].BUFG_U/O
                         net (fo=2, routed)           1.683    10.105    cnn_accelerator_system_i/clk_wiz_0/inst/clk_in1
    MMCME2_ADV_X0Y0                                                   r  cnn_accelerator_system_i/clk_wiz_0/inst/mmcm_adv_inst/CLKIN1
    MMCME2_ADV_X0Y0      MMCME2_ADV (Prop_mmcme2_adv_CLKIN1_CLKOUT2)
                                                     -3.694     6.411 r  cnn_accelerator_system_i/clk_wiz_0/inst/mmcm_adv_inst/CLKOUT2
                         net (fo=1, routed)           1.923     8.334    cnn_accelerator_system_i/clk_wiz_0/inst/clk_out3_cnn_accelerator_system_clk_wiz_0_0
    BUFGCTRL_X0Y2                                                     r  cnn_accelerator_system_i/clk_wiz_0/inst/clkout3_buf/I
    BUFGCTRL_X0Y2        BUFG (Prop_bufg_I_O)         0.091     8.425 r  cnn_accelerator_system_i/clk_wiz_0/inst/clkout3_buf/O
                         net (fo=51119, routed)       1.498     9.924    cnn_accelerator_system_i/cnn_accelerator_wino_0/inst/conv2/lane[1].u_mul/g_wpe[13].wmem_op_reg_0_31_0_5/WCLK
    SLICE_X66Y70         RAMS32                                       r  cnn_accelerator_system_i/cnn_accelerator_wino_0/inst/conv2/lane[1].u_mul/g_wpe[13].wmem_op_reg_0_31_0_5/RAMD/CLK
                         clock pessimism              0.179    10.103    
                         clock uncertainty           -0.067    10.036    
    SLICE_X66Y70         RAMS32 (Setup_rams32_CLK_WE)
                                                     -0.533     9.503    cnn_accelerator_system_i/cnn_accelerator_wino_0/inst/conv2/lane[1].u_mul/g_wpe[13].wmem_op_reg_0_31_0_5/RAMD
  -------------------------------------------------------------------
                         required time                          9.503    
                         arrival time                          -9.622    
  -------------------------------------------------------------------
                         slack                                 -0.119    

Slack (VIOLATED) :        -0.119ns  (required time - arrival time)
  Source:                 cnn_accelerator_system_i/cnn_accelerator_wino_0/inst/conv2/lane[1].u_mul/wm_op_q_reg[6]/C
                            (rising edge-triggered cell FDRE clocked by clk_out3_cnn_accelerator_system_clk_wiz_0_0  {rise@0.000ns fall@2.500ns period=5.000ns})
  Destination:            cnn_accelerator_system_i/cnn_accelerator_wino_0/inst/conv2/lane[1].u_mul/g_wpe[13].wmem_op_reg_0_31_0_5/RAMD_D1/WE
                            (rising edge-triggered cell RAMS32 clocked by clk_out3_cnn_accelerator_system_clk_wiz_0_0  {rise@0.000ns fall@2.500ns period=5.000ns})
  Path Group:             clk_out3_cnn_accelerator_system_clk_wiz_0_0
  Path Type:              Setup (Max at Slow Process Corner)
  Requirement:            5.000ns  (clk_out3_cnn_accelerator_system_clk_wiz_0_0 rise@5.000ns - clk_out3_cnn_accelerator_system_clk_wiz_0_0 rise@0.000ns)
  Data Path Delay:        4.419ns  (logic 0.704ns (15.930%)  route 3.715ns (84.070%))
  Logic Levels:           2  (LUT4=1 LUT6=1)
  Clock Path Skew:        -0.100ns (DCD - SCD + CPR)
    Destination Clock Delay (DCD):    4.924ns = ( 9.924 - 5.000 ) 
    Source Clock Delay      (SCD):    5.202ns
    Clock Pessimism Removal (CPR):    0.179ns
  Clock Uncertainty:      0.067ns  ((TSJ^2 + DJ^2)^1/2) / 2 + PE
    Total System Jitter     (TSJ):    0.071ns
    Discrete Jitter          (DJ):    0.113ns
    Phase Error              (PE):    0.000ns

    Location             Delay type                Incr(ns)  Path(ns)    Netlist Resource(s)
  -------------------------------------------------------------------    -------------------
                         (clock clk_out3_cnn_accelerator_system_clk_wiz_0_0 rise edge)
                                                      0.000     0.000 r  
    E3                                                0.000     0.000 r  CLK100MHZ (IN)
                         net (fo=0)                   0.000     0.000    CLK100MHZ
    E3                                                                r  CLK100MHZ_IBUF_inst/I
    E3                   IBUF (Prop_ibuf_I_O)         1.482     1.482 r  CLK100MHZ_IBUF_inst/O
                         net (fo=1, routed)           2.025     3.506    cnn_accelerator_system_i/util_ds_buf_0/U0/BUFG_I[0]
    BUFGCTRL_X0Y16                                                    r  cnn_accelerator_system_i/util_ds_buf_0/U0/USE_BUFG.GEN_BUFG[0].BUFG_U/I
    BUFGCTRL_X0Y16       BUFG (Prop_bufg_I_O)         0.096     3.602 r  cnn_accelerator_system_i/util_ds_buf_0/U0/USE_BUFG.GEN_BUFG[0].BUFG_U/O
                         net (fo=2, routed)           1.809     5.412    cnn_accelerator_system_i/clk_wiz_0/inst/clk_in1
    MMCME2_ADV_X0Y0                                                   r  cnn_accelerator_system_i/clk_wiz_0/inst/mmcm_adv_inst/CLKIN1
    MMCME2_ADV_X0Y0      MMCME2_ADV (Prop_mmcme2_adv_CLKIN1_CLKOUT2)
                                                     -3.922     1.490 r  cnn_accelerator_system_i/clk_wiz_0/inst/mmcm_adv_inst/CLKOUT2
                         net (fo=1, routed)           2.018     3.508    cnn_accelerator_system_i/clk_wiz_0/inst/clk_out3_cnn_accelerator_system_clk_wiz_0_0
    BUFGCTRL_X0Y2                                                     r  cnn_accelerator_system_i/clk_wiz_0/inst/clkout3_buf/I
    BUFGCTRL_X0Y2        BUFG (Prop_bufg_I_O)         0.096     3.604 r  cnn_accelerator_system_i/clk_wiz_0/inst/clkout3_buf/O
                         net (fo=51119, routed)       1.598     5.202    cnn_accelerator_system_i/cnn_accelerator_wino_0/inst/conv2/lane[1].u_mul/clk
    SLICE_X51Y125        FDRE                                         r  cnn_accelerator_system_i/cnn_accelerator_wino_0/inst/conv2/lane[1].u_mul/wm_op_q_reg[6]/C
  -------------------------------------------------------------------    -------------------
    SLICE_X51Y125        FDRE (Prop_fdre_C_Q)         0.456     5.658 f  cnn_accelerator_system_i/cnn_accelerator_wino_0/inst/conv2/lane[1].u_mul/wm_op_q_reg[6]/Q
                         net (fo=15, routed)          1.003     6.661    cnn_accelerator_system_i/cnn_accelerator_wino_0/inst/conv2/lane[1].u_mul/wm_op_q[6]
    SLICE_X59Y127                                                     f  cnn_accelerator_system_i/cnn_accelerator_wino_0/inst/conv2/lane[1].u_mul/g_wpe[0].wmem_op_reg_0_31_0_5_i_2__1_replica_1/I3
    SLICE_X59Y127        LUT4 (Prop_lut4_I3_O)        0.124     6.785 r  cnn_accelerator_system_i/cnn_accelerator_wino_0/inst/conv2/lane[1].u_mul/g_wpe[0].wmem_op_reg_0_31_0_5_i_2__1_replica_1/O
                         net (fo=1, routed)           1.788     8.573    cnn_accelerator_system_i/cnn_accelerator_wino_0/inst/conv2/lane[1].u_mul/g_wpe[0].wmem_op_reg_0_31_0_5_i_2__1_n_0_repN_1
    SLICE_X67Y85                                                      r  cnn_accelerator_system_i/cnn_accelerator_wino_0/inst/conv2/lane[1].u_mul/g_wpe[13].wmem_op_reg_0_31_0_5_i_1__1/I3
    SLICE_X67Y85         LUT6 (Prop_lut6_I3_O)        0.124     8.697 r  cnn_accelerator_system_i/cnn_accelerator_wino_0/inst/conv2/lane[1].u_mul/g_wpe[13].wmem_op_reg_0_31_0_5_i_1__1/O
                         net (fo=16, routed)          0.925     9.622    cnn_accelerator_system_i/cnn_accelerator_wino_0/inst/conv2/lane[1].u_mul/g_wpe[13].wmem_op_reg_0_31_0_5/WE
    SLICE_X66Y70         RAMS32                                       r  cnn_accelerator_system_i/cnn_accelerator_wino_0/inst/conv2/lane[1].u_mul/g_wpe[13].wmem_op_reg_0_31_0_5/RAMD_D1/WE
  -------------------------------------------------------------------    -------------------

                         (clock clk_out3_cnn_accelerator_system_clk_wiz_0_0 rise edge)
                                                      5.000     5.000 r  
    E3                                                0.000     5.000 r  CLK100MHZ (IN)
                         net (fo=0)                   0.000     5.000    CLK100MHZ
    E3                                                                r  CLK100MHZ_IBUF_inst/I
    E3                   IBUF (Prop_ibuf_I_O)         1.411     6.411 r  CLK100MHZ_IBUF_inst/O
                         net (fo=1, routed)           1.920     8.331    cnn_accelerator_system_i/util_ds_buf_0/U0/BUFG_I[0]
    BUFGCTRL_X0Y16                                                    r  cnn_accelerator_system_i/util_ds_buf_0/U0/USE_BUFG.GEN_BUFG[0].BUFG_U/I
    BUFGCTRL_X0Y16       BUFG (Prop_bufg_I_O)         0.091     8.422 r  cnn_accelerator_system_i/util_ds_buf_0/U0/USE_BUFG.GEN_BUFG[0].BUFG_U/O
                         net (fo=2, routed)           1.683    10.105    cnn_accelerator_system_i/clk_wiz_0/inst/clk_in1
    MMCME2_ADV_X0Y0                                                   r  cnn_accelerator_system_i/clk_wiz_0/inst/mmcm_adv_inst/CLKIN1
    MMCME2_ADV_X0Y0      MMCME2_ADV (Prop_mmcme2_adv_CLKIN1_CLKOUT2)
                                                     -3.694     6.411 r  cnn_accelerator_system_i/clk_wiz_0/inst/mmcm_adv_inst/CLKOUT2
                         net (fo=1, routed)           1.923     8.334    cnn_accelerator_system_i/clk_wiz_0/inst/clk_out3_cnn_accelerator_system_clk_wiz_0_0
    BUFGCTRL_X0Y2                                                     r  cnn_accelerator_system_i/clk_wiz_0/inst/clkout3_buf/I
    BUFGCTRL_X0Y2        BUFG (Prop_bufg_I_O)         0.091     8.425 r  cnn_accelerator_system_i/clk_wiz_0/inst/clkout3_buf/O
                         net (fo=51119, routed)       1.498     9.924    cnn_accelerator_system_i/cnn_accelerator_wino_0/inst/conv2/lane[1].u_mul/g_wpe[13].wmem_op_reg_0_31_0_5/WCLK
    SLICE_X66Y70         RAMS32                                       r  cnn_accelerator_system_i/cnn_accelerator_wino_0/inst/conv2/lane[1].u_mul/g_wpe[13].wmem_op_reg_0_31_0_5/RAMD_D1/CLK
                         clock pessimism              0.179    10.103    
                         clock uncertainty           -0.067    10.036    
    SLICE_X66Y70         RAMS32 (Setup_rams32_CLK_WE)
                                                     -0.533     9.503    cnn_accelerator_system_i/cnn_accelerator_wino_0/inst/conv2/lane[1].u_mul/g_wpe[13].wmem_op_reg_0_31_0_5/RAMD_D1
  -------------------------------------------------------------------
                         required time                          9.503    
                         arrival time                          -9.622    
  -------------------------------------------------------------------
                         slack                                 -0.119    

Slack (VIOLATED) :        -0.107ns  (required time - arrival time)
  Source:                 cnn_accelerator_system_i/cnn_accelerator_wino_0/inst/conv2/grp_q_reg_rep__17_replica/C
                            (rising edge-triggered cell FDRE clocked by clk_out3_cnn_accelerator_system_clk_wiz_0_0  {rise@0.000ns fall@2.500ns period=5.000ns})
  Destination:            cnn_accelerator_system_i/cnn_accelerator_wino_0/inst/conv2/gic[1].u_it/tre_reg[1][5][10]/D
                            (rising edge-triggered cell FDRE clocked by clk_out3_cnn_accelerator_system_clk_wiz_0_0  {rise@0.000ns fall@2.500ns period=5.000ns})
  Path Group:             clk_out3_cnn_accelerator_system_clk_wiz_0_0
  Path Type:              Setup (Max at Slow Process Corner)
  Requirement:            5.000ns  (clk_out3_cnn_accelerator_system_clk_wiz_0_0 rise@5.000ns - clk_out3_cnn_accelerator_system_clk_wiz_0_0 rise@0.000ns)
  Data Path Delay:        5.109ns  (logic 1.768ns (34.607%)  route 3.341ns (65.393%))
  Logic Levels:           7  (CARRY4=3 LUT2=1 LUT3=1 LUT6=2)
  Clock Path Skew:        -0.041ns (DCD - SCD + CPR)
    Destination Clock Delay (DCD):    4.918ns = ( 9.918 - 5.000 ) 
    Source Clock Delay      (SCD):    5.218ns
    Clock Pessimism Removal (CPR):    0.259ns
  Clock Uncertainty:      0.067ns  ((TSJ^2 + DJ^2)^1/2) / 2 + PE
    Total System Jitter     (TSJ):    0.071ns
    Discrete Jitter          (DJ):    0.113ns
    Phase Error              (PE):    0.000ns

    Location             Delay type                Incr(ns)  Path(ns)    Netlist Resource(s)
  -------------------------------------------------------------------    -------------------
                         (clock clk_out3_cnn_accelerator_system_clk_wiz_0_0 rise edge)
                                                      0.000     0.000 r  
    E3                                                0.000     0.000 r  CLK100MHZ (IN)
                         net (fo=0)                   0.000     0.000    CLK100MHZ
    E3                                                                r  CLK100MHZ_IBUF_inst/I
    E3                   IBUF (Prop_ibuf_I_O)         1.482     1.482 r  CLK100MHZ_IBUF_inst/O
                         net (fo=1, routed)           2.025     3.506    cnn_accelerator_system_i/util_ds_buf_0/U0/BUFG_I[0]
    BUFGCTRL_X0Y16                                                    r  cnn_accelerator_system_i/util_ds_buf_0/U0/USE_BUFG.GEN_BUFG[0].BUFG_U/I
    BUFGCTRL_X0Y16       BUFG (Prop_bufg_I_O)         0.096     3.602 r  cnn_accelerator_system_i/util_ds_buf_0/U0/USE_BUFG.GEN_BUFG[0].BUFG_U/O
                         net (fo=2, routed)           1.809     5.412    cnn_accelerator_system_i/clk_wiz_0/inst/clk_in1
    MMCME2_ADV_X0Y0                                                   r  cnn_accelerator_system_i/clk_wiz_0/inst/mmcm_adv_inst/CLKIN1
    MMCME2_ADV_X0Y0      MMCME2_ADV (Prop_mmcme2_adv_CLKIN1_CLKOUT2)
                                                     -3.922     1.490 r  cnn_accelerator_system_i/clk_wiz_0/inst/mmcm_adv_inst/CLKOUT2
                         net (fo=1, routed)           2.018     3.508    cnn_accelerator_system_i/clk_wiz_0/inst/clk_out3_cnn_accelerator_system_clk_wiz_0_0
    BUFGCTRL_X0Y2                                                     r  cnn_accelerator_system_i/clk_wiz_0/inst/clkout3_buf/I
    BUFGCTRL_X0Y2        BUFG (Prop_bufg_I_O)         0.096     3.604 r  cnn_accelerator_system_i/clk_wiz_0/inst/clkout3_buf/O
                         net (fo=51119, routed)       1.613     5.218    cnn_accelerator_system_i/cnn_accelerator_wino_0/inst/conv2/clk
    SLICE_X64Y76         FDRE                                         r  cnn_accelerator_system_i/cnn_accelerator_wino_0/inst/conv2/grp_q_reg_rep__17_replica/C
  -------------------------------------------------------------------    -------------------
    SLICE_X64Y76         FDRE (Prop_fdre_C_Q)         0.456     5.674 r  cnn_accelerator_system_i/cnn_accelerator_wino_0/inst/conv2/grp_q_reg_rep__17_replica/Q
                         net (fo=9, routed)           1.247     6.921    cnn_accelerator_system_i/cnn_accelerator_wino_0/inst/conv2/gic[1].u_it/grp_q_reg_rep__17_n_0_repN_alias
    SLICE_X57Y73                                                      r  cnn_accelerator_system_i/cnn_accelerator_wino_0/inst/conv2/gic[1].u_it/i___35_i_3__0/I1
    SLICE_X57Y73         LUT3 (Prop_lut3_I1_O)        0.124     7.045 r  cnn_accelerator_system_i/cnn_accelerator_wino_0/inst/conv2/gic[1].u_it/i___35_i_3__0/O
                         net (fo=9, routed)           0.913     7.958    cnn_accelerator_system_i/cnn_accelerator_wino_0/inst/conv2/gic[1].u_it/gic[1].d_flat_ic[138]
    SLICE_X43Y65                                                      r  cnn_accelerator_system_i/cnn_accelerator_wino_0/inst/conv2/gic[1].u_it/i___35_rewire_replica/I1
    SLICE_X43Y65         LUT2 (Prop_lut2_I1_O)        0.124     8.082 r  cnn_accelerator_system_i/cnn_accelerator_wino_0/inst/conv2/gic[1].u_it/i___35_rewire_replica/O
                         net (fo=1, routed)           0.433     8.514    cnn_accelerator_system_i/cnn_accelerator_wino_0/inst/conv2/gic[1].u_it/i___35_n_0_repN_1
    SLICE_X49Y65                                                      r  cnn_accelerator_system_i/cnn_accelerator_wino_0/inst/conv2/gic[1].u_it/tre[1][5][3]_i_2__0_rewire/I4
    SLICE_X49Y65         LUT6 (Prop_lut6_I4_O)        0.124     8.638 r  cnn_accelerator_system_i/cnn_accelerator_wino_0/inst/conv2/gic[1].u_it/tre[1][5][3]_i_2__0_rewire/O
                         net (fo=2, routed)           0.748     9.387    cnn_accelerator_system_i/cnn_accelerator_wino_0/inst/conv2/gic[1].u_it/tre[1][5][3]_i_2__0_n_0
    SLICE_X56Y66                                                      r  cnn_accelerator_system_i/cnn_accelerator_wino_0/inst/conv2/gic[1].u_it/tre[1][5][3]_i_6__0/I0
    SLICE_X56Y66         LUT6 (Prop_lut6_I0_O)        0.124     9.511 r  cnn_accelerator_system_i/cnn_accelerator_wino_0/inst/conv2/gic[1].u_it/tre[1][5][3]_i_6__0/O
                         net (fo=1, routed)           0.000     9.511    cnn_accelerator_system_i/cnn_accelerator_wino_0/inst/conv2/gic[1].u_it/tre[1][5][3]_i_6__0_n_0
    SLICE_X56Y66                                                      r  cnn_accelerator_system_i/cnn_accelerator_wino_0/inst/conv2/gic[1].u_it/tre_reg[1][5][3]_i_1__0/S[3]
    SLICE_X56Y66         CARRY4 (Prop_carry4_S[3]_CO[3])
                                                      0.376     9.887 r  cnn_accelerator_system_i/cnn_accelerator_wino_0/inst/conv2/gic[1].u_it/tre_reg[1][5][3]_i_1__0/CO[3]
                         net (fo=1, routed)           0.000     9.887    cnn_accelerator_system_i/cnn_accelerator_wino_0/inst/conv2/gic[1].u_it/tre_reg[1][5][3]_i_1__0_n_0
    SLICE_X56Y67                                                      r  cnn_accelerator_system_i/cnn_accelerator_wino_0/inst/conv2/gic[1].u_it/tre_reg[1][5][7]_i_1__0/CI
    SLICE_X56Y67         CARRY4 (Prop_carry4_CI_CO[3])
                                                      0.117    10.004 r  cnn_accelerator_system_i/cnn_accelerator_wino_0/inst/conv2/gic[1].u_it/tre_reg[1][5][7]_i_1__0/CO[3]
                         net (fo=1, routed)           0.000    10.004    cnn_accelerator_system_i/cnn_accelerator_wino_0/inst/conv2/gic[1].u_it/tre_reg[1][5][7]_i_1__0_n_0
    SLICE_X56Y68                                                      r  cnn_accelerator_system_i/cnn_accelerator_wino_0/inst/conv2/gic[1].u_it/tre_reg[1][5][10]_i_1__0/CI
    SLICE_X56Y68         CARRY4 (Prop_carry4_CI_O[1])
                                                      0.323    10.327 r  cnn_accelerator_system_i/cnn_accelerator_wino_0/inst/conv2/gic[1].u_it/tre_reg[1][5][10]_i_1__0/O[1]
                         net (fo=1, routed)           0.000    10.327    cnn_accelerator_system_i/cnn_accelerator_wino_0/inst/conv2/gic[1].u_it/tre_c[1][5]_936[10]
    SLICE_X56Y68         FDRE                                         r  cnn_accelerator_system_i/cnn_accelerator_wino_0/inst/conv2/gic[1].u_it/tre_reg[1][5][10]/D
  -------------------------------------------------------------------    -------------------

                         (clock clk_out3_cnn_accelerator_system_clk_wiz_0_0 rise edge)
                                                      5.000     5.000 r  
    E3                                                0.000     5.000 r  CLK100MHZ (IN)
                         net (fo=0)                   0.000     5.000    CLK100MHZ
    E3                                                                r  CLK100MHZ_IBUF_inst/I
    E3                   IBUF (Prop_ibuf_I_O)         1.411     6.411 r  CLK100MHZ_IBUF_inst/O
                         net (fo=1, routed)           1.920     8.331    cnn_accelerator_system_i/util_ds_buf_0/U0/BUFG_I[0]
    BUFGCTRL_X0Y16                                                    r  cnn_accelerator_system_i/util_ds_buf_0/U0/USE_BUFG.GEN_BUFG[0].BUFG_U/I
    BUFGCTRL_X0Y16       BUFG (Prop_bufg_I_O)         0.091     8.422 r  cnn_accelerator_system_i/util_ds_buf_0/U0/USE_BUFG.GEN_BUFG[0].BUFG_U/O
                         net (fo=2, routed)           1.683    10.105    cnn_accelerator_system_i/clk_wiz_0/inst/clk_in1
    MMCME2_ADV_X0Y0                                                   r  cnn_accelerator_system_i/clk_wiz_0/inst/mmcm_adv_inst/CLKIN1
    MMCME2_ADV_X0Y0      MMCME2_ADV (Prop_mmcme2_adv_CLKIN1_CLKOUT2)
                                                     -3.694     6.411 r  cnn_accelerator_system_i/clk_wiz_0/inst/mmcm_adv_inst/CLKOUT2
                         net (fo=1, routed)           1.923     8.334    cnn_accelerator_system_i/clk_wiz_0/inst/clk_out3_cnn_accelerator_system_clk_wiz_0_0
    BUFGCTRL_X0Y2                                                     r  cnn_accelerator_system_i/clk_wiz_0/inst/clkout3_buf/I
    BUFGCTRL_X0Y2        BUFG (Prop_bufg_I_O)         0.091     8.425 r  cnn_accelerator_system_i/clk_wiz_0/inst/clkout3_buf/O
                         net (fo=51119, routed)       1.492     9.918    cnn_accelerator_system_i/cnn_accelerator_wino_0/inst/conv2/gic[1].u_it/clk
    SLICE_X56Y68         FDRE                                         r  cnn_accelerator_system_i/cnn_accelerator_wino_0/inst/conv2/gic[1].u_it/tre_reg[1][5][10]/C
                         clock pessimism              0.259    10.177    
                         clock uncertainty           -0.067    10.110    
    SLICE_X56Y68         FDRE (Setup_fdre_C_D)        0.109    10.219    cnn_accelerator_system_i/cnn_accelerator_wino_0/inst/conv2/gic[1].u_it/tre_reg[1][5][10]
  -------------------------------------------------------------------
                         required time                         10.219    
                         arrival time                         -10.327    
  -------------------------------------------------------------------
                         slack                                 -0.107    

Slack (VIOLATED) :        -0.096ns  (required time - arrival time)
  Source:                 cnn_accelerator_system_i/cnn_accelerator_wino_0/inst/conv2/gic[3].u_it/vim_0_3_p1_q_reg[3]/C
                            (rising edge-triggered cell FDRE clocked by clk_out3_cnn_accelerator_system_clk_wiz_0_0  {rise@0.000ns fall@2.500ns period=5.000ns})
  Destination:            cnn_accelerator_system_i/cnn_accelerator_wino_0/inst/conv2/lane[3].u_mul/a_q_reg[233]/D
                            (rising edge-triggered cell FDRE clocked by clk_out3_cnn_accelerator_system_clk_wiz_0_0  {rise@0.000ns fall@2.500ns period=5.000ns})
  Path Group:             clk_out3_cnn_accelerator_system_clk_wiz_0_0
  Path Type:              Setup (Max at Slow Process Corner)
  Requirement:            5.000ns  (clk_out3_cnn_accelerator_system_clk_wiz_0_0 rise@5.000ns - clk_out3_cnn_accelerator_system_clk_wiz_0_0 rise@0.000ns)
  Data Path Delay:        4.967ns  (logic 2.520ns (50.732%)  route 2.447ns (49.268%))
  Logic Levels:           5  (CARRY4=3 LUT2=2)
  Clock Path Skew:        -0.124ns (DCD - SCD + CPR)
    Destination Clock Delay (DCD):    4.931ns = ( 9.931 - 5.000 ) 
    Source Clock Delay      (SCD):    5.234ns
    Clock Pessimism Removal (CPR):    0.179ns
  Clock Uncertainty:      0.067ns  ((TSJ^2 + DJ^2)^1/2) / 2 + PE
    Total System Jitter     (TSJ):    0.071ns
    Discrete Jitter          (DJ):    0.113ns
    Phase Error              (PE):    0.000ns

    Location             Delay type                Incr(ns)  Path(ns)    Netlist Resource(s)
  -------------------------------------------------------------------    -------------------
                         (clock clk_out3_cnn_accelerator_system_clk_wiz_0_0 rise edge)
                                                      0.000     0.000 r  
    E3                                                0.000     0.000 r  CLK100MHZ (IN)
                         net (fo=0)                   0.000     0.000    CLK100MHZ
    E3                                                                r  CLK100MHZ_IBUF_inst/I
    E3                   IBUF (Prop_ibuf_I_O)         1.482     1.482 r  CLK100MHZ_IBUF_inst/O
                         net (fo=1, routed)           2.025     3.506    cnn_accelerator_system_i/util_ds_buf_0/U0/BUFG_I[0]
    BUFGCTRL_X0Y16                                                    r  cnn_accelerator_system_i/util_ds_buf_0/U0/USE_BUFG.GEN_BUFG[0].BUFG_U/I
    BUFGCTRL_X0Y16       BUFG (Prop_bufg_I_O)         0.096     3.602 r  cnn_accelerator_system_i/util_ds_buf_0/U0/USE_BUFG.GEN_BUFG[0].BUFG_U/O
                         net (fo=2, routed)           1.809     5.412    cnn_accelerator_system_i/clk_wiz_0/inst/clk_in1
    MMCME2_ADV_X0Y0                                                   r  cnn_accelerator_system_i/clk_wiz_0/inst/mmcm_adv_inst/CLKIN1
    MMCME2_ADV_X0Y0      MMCME2_ADV (Prop_mmcme2_adv_CLKIN1_CLKOUT2)
                                                     -3.922     1.490 r  cnn_accelerator_system_i/clk_wiz_0/inst/mmcm_adv_inst/CLKOUT2
                         net (fo=1, routed)           2.018     3.508    cnn_accelerator_system_i/clk_wiz_0/inst/clk_out3_cnn_accelerator_system_clk_wiz_0_0
    BUFGCTRL_X0Y2                                                     r  cnn_accelerator_system_i/clk_wiz_0/inst/clkout3_buf/I
    BUFGCTRL_X0Y2        BUFG (Prop_bufg_I_O)         0.096     3.604 r  cnn_accelerator_system_i/clk_wiz_0/inst/clkout3_buf/O
                         net (fo=51119, routed)       1.629     5.234    cnn_accelerator_system_i/cnn_accelerator_wino_0/inst/conv2/gic[3].u_it/clk
    SLICE_X35Y67         FDRE                                         r  cnn_accelerator_system_i/cnn_accelerator_wino_0/inst/conv2/gic[3].u_it/vim_0_3_p1_q_reg[3]/C
  -------------------------------------------------------------------    -------------------
    SLICE_X35Y67         FDRE (Prop_fdre_C_Q)         0.456     5.690 r  cnn_accelerator_system_i/cnn_accelerator_wino_0/inst/conv2/gic[3].u_it/vim_0_3_p1_q_reg[3]/Q
                         net (fo=1, routed)           0.708     6.398    cnn_accelerator_system_i/cnn_accelerator_wino_0/inst/conv2/gic[3].u_it/vim_0_3_p1_q[3]
    SLICE_X34Y71                                                      r  cnn_accelerator_system_i/cnn_accelerator_wino_0/inst/conv2/gic[3].u_it/a_q[257]_i_4__2/I1
    SLICE_X34Y71         LUT2 (Prop_lut2_I1_O)        0.124     6.522 r  cnn_accelerator_system_i/cnn_accelerator_wino_0/inst/conv2/gic[3].u_it/a_q[257]_i_4__2/O
                         net (fo=1, routed)           0.000     6.522    cnn_accelerator_system_i/cnn_accelerator_wino_0/inst/conv2/gic[3].u_it/a_q[257]_i_4__2_n_0
    SLICE_X34Y71                                                      r  cnn_accelerator_system_i/cnn_accelerator_wino_0/inst/conv2/gic[3].u_it/a_q_reg[257]_i_1__2/S[1]
    SLICE_X34Y71         CARRY4 (Prop_carry4_S[1]_CO[3])
                                                      0.533     7.055 r  cnn_accelerator_system_i/cnn_accelerator_wino_0/inst/conv2/gic[3].u_it/a_q_reg[257]_i_1__2/CO[3]
                         net (fo=1, routed)           0.000     7.055    cnn_accelerator_system_i/cnn_accelerator_wino_0/inst/conv2/gic[3].u_it/a_q_reg[257]_i_1__2_n_0
    SLICE_X34Y72                                                      r  cnn_accelerator_system_i/cnn_accelerator_wino_0/inst/conv2/gic[3].u_it/a_q_reg[261]_i_1__2/CI
    SLICE_X34Y72         CARRY4 (Prop_carry4_CI_O[1])
                                                      0.337     7.392 r  cnn_accelerator_system_i/cnn_accelerator_wino_0/inst/conv2/gic[3].u_it/a_q_reg[261]_i_1__2/O[1]
                         net (fo=2, routed)           1.107     8.499    cnn_accelerator_system_i/cnn_accelerator_wino_0/inst/conv2/gic[3].u_it/a_flat[212]
    SLICE_X41Y96                                                      r  cnn_accelerator_system_i/cnn_accelerator_wino_0/inst/conv2/gic[3].u_it/a_q[233]_i_4__2/I1
    SLICE_X41Y96         LUT2 (Prop_lut2_I1_O)        0.306     8.805 r  cnn_accelerator_system_i/cnn_accelerator_wino_0/inst/conv2/gic[3].u_it/a_q[233]_i_4__2/O
                         net (fo=1, routed)           0.632     9.437    cnn_accelerator_system_i/cnn_accelerator_wino_0/inst/conv2/gic[3].u_it/a_q[233]_i_4__2_n_0
    SLICE_X40Y102                                                     r  cnn_accelerator_system_i/cnn_accelerator_wino_0/inst/conv2/gic[3].u_it/a_q_reg[233]_i_1__2/S[1]
    SLICE_X40Y102        CARRY4 (Prop_carry4_S[1]_O[3])
                                                      0.764    10.201 r  cnn_accelerator_system_i/cnn_accelerator_wino_0/inst/conv2/gic[3].u_it/a_q_reg[233]_i_1__2/O[3]
                         net (fo=1, routed)           0.000    10.201    cnn_accelerator_system_i/cnn_accelerator_wino_0/inst/conv2/lane[3].u_mul/a_flat[191]
    SLICE_X40Y102        FDRE                                         r  cnn_accelerator_system_i/cnn_accelerator_wino_0/inst/conv2/lane[3].u_mul/a_q_reg[233]/D
  -------------------------------------------------------------------    -------------------

                         (clock clk_out3_cnn_accelerator_system_clk_wiz_0_0 rise edge)
                                                      5.000     5.000 r  
    E3                                                0.000     5.000 r  CLK100MHZ (IN)
                         net (fo=0)                   0.000     5.000    CLK100MHZ
    E3                                                                r  CLK100MHZ_IBUF_inst/I
    E3                   IBUF (Prop_ibuf_I_O)         1.411     6.411 r  CLK100MHZ_IBUF_inst/O
                         net (fo=1, routed)           1.920     8.331    cnn_accelerator_system_i/util_ds_buf_0/U0/BUFG_I[0]
    BUFGCTRL_X0Y16                                                    r  cnn_accelerator_system_i/util_ds_buf_0/U0/USE_BUFG.GEN_BUFG[0].BUFG_U/I
    BUFGCTRL_X0Y16       BUFG (Prop_bufg_I_O)         0.091     8.422 r  cnn_accelerator_system_i/util_ds_buf_0/U0/USE_BUFG.GEN_BUFG[0].BUFG_U/O
                         net (fo=2, routed)           1.683    10.105    cnn_accelerator_system_i/clk_wiz_0/inst/clk_in1
    MMCME2_ADV_X0Y0                                                   r  cnn_accelerator_system_i/clk_wiz_0/inst/mmcm_adv_inst/CLKIN1
    MMCME2_ADV_X0Y0      MMCME2_ADV (Prop_mmcme2_adv_CLKIN1_CLKOUT2)
                                                     -3.694     6.411 r  cnn_accelerator_system_i/clk_wiz_0/inst/mmcm_adv_inst/CLKOUT2
                         net (fo=1, routed)           1.923     8.334    cnn_accelerator_system_i/clk_wiz_0/inst/clk_out3_cnn_accelerator_system_clk_wiz_0_0
    BUFGCTRL_X0Y2                                                     r  cnn_accelerator_system_i/clk_wiz_0/inst/clkout3_buf/I
    BUFGCTRL_X0Y2        BUFG (Prop_bufg_I_O)         0.091     8.425 r  cnn_accelerator_system_i/clk_wiz_0/inst/clkout3_buf/O
                         net (fo=51119, routed)       1.506     9.931    cnn_accelerator_system_i/cnn_accelerator_wino_0/inst/conv2/lane[3].u_mul/clk
    SLICE_X40Y102        FDRE                                         r  cnn_accelerator_system_i/cnn_accelerator_wino_0/inst/conv2/lane[3].u_mul/a_q_reg[233]/C
                         clock pessimism              0.179    10.110    
                         clock uncertainty           -0.067    10.043    
    SLICE_X40Y102        FDRE (Setup_fdre_C_D)        0.062    10.105    cnn_accelerator_system_i/cnn_accelerator_wino_0/inst/conv2/lane[3].u_mul/a_q_reg[233]
  -------------------------------------------------------------------
                         required time                         10.105    
                         arrival time                         -10.201    
  -------------------------------------------------------------------
                         slack                                 -0.096    

Slack (VIOLATED) :        -0.082ns  (required time - arrival time)
  Source:                 cnn_accelerator_system_i/cnn_accelerator_wino_0/inst/conv2/gpab_re_reg[12][1]/C
                            (rising edge-triggered cell FDRE clocked by clk_out3_cnn_accelerator_system_clk_wiz_0_0  {rise@0.000ns fall@2.500ns period=5.000ns})
  Destination:            cnn_accelerator_system_i/cnn_accelerator_wino_0/inst/conv2/gpre_q_reg[12][9]/D
                            (rising edge-triggered cell FDRE clocked by clk_out3_cnn_accelerator_system_clk_wiz_0_0  {rise@0.000ns fall@2.500ns period=5.000ns})
  Path Group:             clk_out3_cnn_accelerator_system_clk_wiz_0_0
  Path Type:              Setup (Max at Slow Process Corner)
  Requirement:            5.000ns  (clk_out3_cnn_accelerator_system_clk_wiz_0_0 rise@5.000ns - clk_out3_cnn_accelerator_system_clk_wiz_0_0 rise@0.000ns)
  Data Path Delay:        4.466ns  (logic 1.702ns (38.107%)  route 2.764ns (61.893%))
  Logic Levels:           4  (CARRY4=3 LUT2=1)
  Clock Path Skew:        -0.289ns (DCD - SCD + CPR)
    Destination Clock Delay (DCD):    4.934ns = ( 9.934 - 5.000 ) 
    Source Clock Delay      (SCD):    5.410ns
    Clock Pessimism Removal (CPR):    0.187ns
  Clock Uncertainty:      0.067ns  ((TSJ^2 + DJ^2)^1/2) / 2 + PE
    Total System Jitter     (TSJ):    0.071ns
    Discrete Jitter          (DJ):    0.113ns
    Phase Error              (PE):    0.000ns

    Location             Delay type                Incr(ns)  Path(ns)    Netlist Resource(s)
  -------------------------------------------------------------------    -------------------
                         (clock clk_out3_cnn_accelerator_system_clk_wiz_0_0 rise edge)
                                                      0.000     0.000 r  
    E3                                                0.000     0.000 r  CLK100MHZ (IN)
                         net (fo=0)                   0.000     0.000    CLK100MHZ
    E3                                                                r  CLK100MHZ_IBUF_inst/I
    E3                   IBUF (Prop_ibuf_I_O)         1.482     1.482 r  CLK100MHZ_IBUF_inst/O
                         net (fo=1, routed)           2.025     3.506    cnn_accelerator_system_i/util_ds_buf_0/U0/BUFG_I[0]
    BUFGCTRL_X0Y16                                                    r  cnn_accelerator_system_i/util_ds_buf_0/U0/USE_BUFG.GEN_BUFG[0].BUFG_U/I
    BUFGCTRL_X0Y16       BUFG (Prop_bufg_I_O)         0.096     3.602 r  cnn_accelerator_system_i/util_ds_buf_0/U0/USE_BUFG.GEN_BUFG[0].BUFG_U/O
                         net (fo=2, routed)           1.809     5.412    cnn_accelerator_system_i/clk_wiz_0/inst/clk_in1
    MMCME2_ADV_X0Y0                                                   r  cnn_accelerator_system_i/clk_wiz_0/inst/mmcm_adv_inst/CLKIN1
    MMCME2_ADV_X0Y0      MMCME2_ADV (Prop_mmcme2_adv_CLKIN1_CLKOUT2)
                                                     -3.922     1.490 r  cnn_accelerator_system_i/clk_wiz_0/inst/mmcm_adv_inst/CLKOUT2
                         net (fo=1, routed)           2.018     3.508    cnn_accelerator_system_i/clk_wiz_0/inst/clk_out3_cnn_accelerator_system_clk_wiz_0_0
    BUFGCTRL_X0Y2                                                     r  cnn_accelerator_system_i/clk_wiz_0/inst/clkout3_buf/I
    BUFGCTRL_X0Y2        BUFG (Prop_bufg_I_O)         0.096     3.604 r  cnn_accelerator_system_i/clk_wiz_0/inst/clkout3_buf/O
                         net (fo=51119, routed)       1.805     5.410    cnn_accelerator_system_i/cnn_accelerator_wino_0/inst/conv2/clk
    SLICE_X31Y16         FDRE                                         r  cnn_accelerator_system_i/cnn_accelerator_wino_0/inst/conv2/gpab_re_reg[12][1]/C
  -------------------------------------------------------------------    -------------------
    SLICE_X31Y16         FDRE (Prop_fdre_C_Q)         0.456     5.866 r  cnn_accelerator_system_i/cnn_accelerator_wino_0/inst/conv2/gpab_re_reg[12][1]/Q
                         net (fo=2, routed)           1.296     7.162    cnn_accelerator_system_i/cnn_accelerator_wino_0/inst/conv2/gpab_re_reg[12]_1125[1]
    SLICE_X32Y41                                                      r  cnn_accelerator_system_i/cnn_accelerator_wino_0/inst/conv2/gpre_q[12][3]_i_4/I0
    SLICE_X32Y41         LUT2 (Prop_lut2_I0_O)        0.124     7.286 r  cnn_accelerator_system_i/cnn_accelerator_wino_0/inst/conv2/gpre_q[12][3]_i_4/O
                         net (fo=1, routed)           0.295     7.580    cnn_accelerator_system_i/cnn_accelerator_wino_0/inst/conv2/gpre_q[12][3]_i_4_n_0
    SLICE_X33Y43                                                      r  cnn_accelerator_system_i/cnn_accelerator_wino_0/inst/conv2/gpre_q_reg[12][3]_i_1/S[1]
    SLICE_X33Y43         CARRY4 (Prop_carry4_S[1]_CO[3])
                                                      0.674     8.254 r  cnn_accelerator_system_i/cnn_accelerator_wino_0/inst/conv2/gpre_q_reg[12][3]_i_1/CO[3]
                         net (fo=1, routed)           0.000     8.254    cnn_accelerator_system_i/cnn_accelerator_wino_0/inst/conv2/gpre_q_reg[12][3]_i_1_n_0
    SLICE_X33Y44                                                      r  cnn_accelerator_system_i/cnn_accelerator_wino_0/inst/conv2/gpre_q_reg[12][7]_i_1/CI
    SLICE_X33Y44         CARRY4 (Prop_carry4_CI_CO[3])
                                                      0.114     8.368 r  cnn_accelerator_system_i/cnn_accelerator_wino_0/inst/conv2/gpre_q_reg[12][7]_i_1/CO[3]
                         net (fo=1, routed)           0.000     8.368    cnn_accelerator_system_i/cnn_accelerator_wino_0/inst/conv2/gpre_q_reg[12][7]_i_1_n_0
    SLICE_X33Y45                                                      r  cnn_accelerator_system_i/cnn_accelerator_wino_0/inst/conv2/gpre_q_reg[12][11]_i_1/CI
    SLICE_X33Y45         CARRY4 (Prop_carry4_CI_O[1])
                                                      0.334     8.702 r  cnn_accelerator_system_i/cnn_accelerator_wino_0/inst/conv2/gpre_q_reg[12][11]_i_1/O[1]
                         net (fo=1, routed)           1.174     9.876    cnn_accelerator_system_i/cnn_accelerator_wino_0/inst/conv2/gpre[12]_1126[9]
    SLICE_X39Y66         FDRE                                         r  cnn_accelerator_system_i/cnn_accelerator_wino_0/inst/conv2/gpre_q_reg[12][9]/D
  -------------------------------------------------------------------    -------------------

                         (clock clk_out3_cnn_accelerator_system_clk_wiz_0_0 rise edge)
                                                      5.000     5.000 r  
    E3                                                0.000     5.000 r  CLK100MHZ (IN)
                         net (fo=0)                   0.000     5.000    CLK100MHZ
    E3                                                                r  CLK100MHZ_IBUF_inst/I
    E3                   IBUF (Prop_ibuf_I_O)         1.411     6.411 r  CLK100MHZ_IBUF_inst/O
                         net (fo=1, routed)           1.920     8.331    cnn_accelerator_system_i/util_ds_buf_0/U0/BUFG_I[0]
    BUFGCTRL_X0Y16                                                    r  cnn_accelerator_system_i/util_ds_buf_0/U0/USE_BUFG.GEN_BUFG[0].BUFG_U/I
    BUFGCTRL_X0Y16       BUFG (Prop_bufg_I_O)         0.091     8.422 r  cnn_accelerator_system_i/util_ds_buf_0/U0/USE_BUFG.GEN_BUFG[0].BUFG_U/O
                         net (fo=2, routed)           1.683    10.105    cnn_accelerator_system_i/clk_wiz_0/inst/clk_in1
    MMCME2_ADV_X0Y0                                                   r  cnn_accelerator_system_i/clk_wiz_0/inst/mmcm_adv_inst/CLKIN1
    MMCME2_ADV_X0Y0      MMCME2_ADV (Prop_mmcme2_adv_CLKIN1_CLKOUT2)
                                                     -3.694     6.411 r  cnn_accelerator_system_i/clk_wiz_0/inst/mmcm_adv_inst/CLKOUT2
                         net (fo=1, routed)           1.923     8.334    cnn_accelerator_system_i/clk_wiz_0/inst/clk_out3_cnn_accelerator_system_clk_wiz_0_0
    BUFGCTRL_X0Y2                                                     r  cnn_accelerator_system_i/clk_wiz_0/inst/clkout3_buf/I
    BUFGCTRL_X0Y2        BUFG (Prop_bufg_I_O)         0.091     8.425 r  cnn_accelerator_system_i/clk_wiz_0/inst/clkout3_buf/O
                         net (fo=51119, routed)       1.508     9.934    cnn_accelerator_system_i/cnn_accelerator_wino_0/inst/conv2/clk
    SLICE_X39Y66         FDRE                                         r  cnn_accelerator_system_i/cnn_accelerator_wino_0/inst/conv2/gpre_q_reg[12][9]/C
                         clock pessimism              0.187    10.121    
                         clock uncertainty           -0.067    10.054    
    SLICE_X39Y66         FDRE (Setup_fdre_C_D)       -0.260     9.794    cnn_accelerator_system_i/cnn_accelerator_wino_0/inst/conv2/gpre_q_reg[12][9]
  -------------------------------------------------------------------
                         required time                          9.794    
                         arrival time                          -9.876    
  -------------------------------------------------------------------
                         slack                                 -0.082    

Slack (VIOLATED) :        -0.065ns  (required time - arrival time)
  Source:                 cnn_accelerator_system_i/cnn_accelerator_wino_0/inst/conv2/tile6_q_reg[1140]/C
                            (rising edge-triggered cell FDRE clocked by clk_out3_cnn_accelerator_system_clk_wiz_0_0  {rise@0.000ns fall@2.500ns period=5.000ns})
  Destination:            cnn_accelerator_system_i/cnn_accelerator_wino_0/inst/conv2/gic[2].u_it/tre_reg[2][5][10]/D
                            (rising edge-triggered cell FDRE clocked by clk_out3_cnn_accelerator_system_clk_wiz_0_0  {rise@0.000ns fall@2.500ns period=5.000ns})
  Path Group:             clk_out3_cnn_accelerator_system_clk_wiz_0_0
  Path Type:              Setup (Max at Slow Process Corner)
  Requirement:            5.000ns  (clk_out3_cnn_accelerator_system_clk_wiz_0_0 rise@5.000ns - clk_out3_cnn_accelerator_system_clk_wiz_0_0 rise@0.000ns)
  Data Path Delay:        4.949ns  (logic 1.898ns (38.352%)  route 3.051ns (61.648%))
  Logic Levels:           6  (CARRY4=2 LUT3=2 LUT5=1 LUT6=1)
  Clock Path Skew:        -0.111ns (DCD - SCD + CPR)
    Destination Clock Delay (DCD):    4.927ns = ( 9.927 - 5.000 ) 
    Source Clock Delay      (SCD):    5.225ns
    Clock Pessimism Removal (CPR):    0.187ns
  Clock Uncertainty:      0.067ns  ((TSJ^2 + DJ^2)^1/2) / 2 + PE
    Total System Jitter     (TSJ):    0.071ns
    Discrete Jitter          (DJ):    0.113ns
    Phase Error              (PE):    0.000ns

    Location             Delay type                Incr(ns)  Path(ns)    Netlist Resource(s)
  -------------------------------------------------------------------    -------------------
                         (clock clk_out3_cnn_accelerator_system_clk_wiz_0_0 rise edge)
                                                      0.000     0.000 r  
    E3                                                0.000     0.000 r  CLK100MHZ (IN)
                         net (fo=0)                   0.000     0.000    CLK100MHZ
    E3                                                                r  CLK100MHZ_IBUF_inst/I
    E3                   IBUF (Prop_ibuf_I_O)         1.482     1.482 r  CLK100MHZ_IBUF_inst/O
                         net (fo=1, routed)           2.025     3.506    cnn_accelerator_system_i/util_ds_buf_0/U0/BUFG_I[0]
    BUFGCTRL_X0Y16                                                    r  cnn_accelerator_system_i/util_ds_buf_0/U0/USE_BUFG.GEN_BUFG[0].BUFG_U/I
    BUFGCTRL_X0Y16       BUFG (Prop_bufg_I_O)         0.096     3.602 r  cnn_accelerator_system_i/util_ds_buf_0/U0/USE_BUFG.GEN_BUFG[0].BUFG_U/O
                         net (fo=2, routed)           1.809     5.412    cnn_accelerator_system_i/clk_wiz_0/inst/clk_in1
    MMCME2_ADV_X0Y0                                                   r  cnn_accelerator_system_i/clk_wiz_0/inst/mmcm_adv_inst/CLKIN1
    MMCME2_ADV_X0Y0      MMCME2_ADV (Prop_mmcme2_adv_CLKIN1_CLKOUT2)
                                                     -3.922     1.490 r  cnn_accelerator_system_i/clk_wiz_0/inst/mmcm_adv_inst/CLKOUT2
                         net (fo=1, routed)           2.018     3.508    cnn_accelerator_system_i/clk_wiz_0/inst/clk_out3_cnn_accelerator_system_clk_wiz_0_0
    BUFGCTRL_X0Y2                                                     r  cnn_accelerator_system_i/clk_wiz_0/inst/clkout3_buf/I
    BUFGCTRL_X0Y2        BUFG (Prop_bufg_I_O)         0.096     3.604 r  cnn_accelerator_system_i/clk_wiz_0/inst/clkout3_buf/O
                         net (fo=51119, routed)       1.620     5.225    cnn_accelerator_system_i/cnn_accelerator_wino_0/inst/conv2/clk
    SLICE_X58Y83         FDRE                                         r  cnn_accelerator_system_i/cnn_accelerator_wino_0/inst/conv2/tile6_q_reg[1140]/C
  -------------------------------------------------------------------    -------------------
    SLICE_X58Y83         FDRE (Prop_fdre_C_Q)         0.518     5.743 r  cnn_accelerator_system_i/cnn_accelerator_wino_0/inst/conv2/tile6_q_reg[1140]/Q
                         net (fo=1, routed)           0.931     6.673    cnn_accelerator_system_i/cnn_accelerator_wino_0/inst/conv2/gic[2].u_it/Q[284]
    SLICE_X47Y80                                                      r  cnn_accelerator_system_i/cnn_accelerator_wino_0/inst/conv2/gic[2].u_it/i___37_i_3__1/I0
    SLICE_X47Y80         LUT3 (Prop_lut3_I0_O)        0.124     6.797 r  cnn_accelerator_system_i/cnn_accelerator_wino_0/inst/conv2/gic[2].u_it/i___37_i_3__1/O
                         net (fo=6, routed)           1.026     7.824    cnn_accelerator_system_i/cnn_accelerator_wino_0/inst/conv2/gic[2].u_it/gic[2].d_flat_ic[140]
    SLICE_X49Y68                                                      r  cnn_accelerator_system_i/cnn_accelerator_wino_0/inst/conv2/gic[2].u_it/i___37/I2
    SLICE_X49Y68         LUT3 (Prop_lut3_I2_O)        0.124     7.948 r  cnn_accelerator_system_i/cnn_accelerator_wino_0/inst/conv2/gic[2].u_it/i___37/O
                         net (fo=4, routed)           0.465     8.413    cnn_accelerator_system_i/cnn_accelerator_wino_0/inst/conv2/gic[2].u_it/i___37_n_0
    SLICE_X45Y68                                                      r  cnn_accelerator_system_i/cnn_accelerator_wino_0/inst/conv2/gic[2].u_it/tre[2][5][7]_i_4__1/I3
    SLICE_X45Y68         LUT5 (Prop_lut5_I3_O)        0.124     8.537 r  cnn_accelerator_system_i/cnn_accelerator_wino_0/inst/conv2/gic[2].u_it/tre[2][5][7]_i_4__1/O
                         net (fo=2, routed)           0.629     9.166    cnn_accelerator_system_i/cnn_accelerator_wino_0/inst/conv2/gic[2].u_it/tre[2][5][7]_i_4__1_n_0
    SLICE_X43Y68                                                      r  cnn_accelerator_system_i/cnn_accelerator_wino_0/inst/conv2/gic[2].u_it/tre[2][5][7]_i_8__1/I0
    SLICE_X43Y68         LUT6 (Prop_lut6_I0_O)        0.124     9.290 r  cnn_accelerator_system_i/cnn_accelerator_wino_0/inst/conv2/gic[2].u_it/tre[2][5][7]_i_8__1/O
                         net (fo=1, routed)           0.000     9.290    cnn_accelerator_system_i/cnn_accelerator_wino_0/inst/conv2/gic[2].u_it/tre[2][5][7]_i_8__1_n_0
    SLICE_X43Y68                                                      r  cnn_accelerator_system_i/cnn_accelerator_wino_0/inst/conv2/gic[2].u_it/tre_reg[2][5][7]_i_1__1/S[1]
    SLICE_X43Y68         CARRY4 (Prop_carry4_S[1]_CO[3])
                                                      0.550     9.840 r  cnn_accelerator_system_i/cnn_accelerator_wino_0/inst/conv2/gic[2].u_it/tre_reg[2][5][7]_i_1__1/CO[3]
                         net (fo=1, routed)           0.000     9.840    cnn_accelerator_system_i/cnn_accelerator_wino_0/inst/conv2/gic[2].u_it/tre_reg[2][5][7]_i_1__1_n_0
    SLICE_X43Y69                                                      r  cnn_accelerator_system_i/cnn_accelerator_wino_0/inst/conv2/gic[2].u_it/tre_reg[2][5][10]_i_1__1/CI
    SLICE_X43Y69         CARRY4 (Prop_carry4_CI_O[1])
                                                      0.334    10.174 r  cnn_accelerator_system_i/cnn_accelerator_wino_0/inst/conv2/gic[2].u_it/tre_reg[2][5][10]_i_1__1/O[1]
                         net (fo=1, routed)           0.000    10.174    cnn_accelerator_system_i/cnn_accelerator_wino_0/inst/conv2/gic[2].u_it/tre_c[2][5]_1006[10]
    SLICE_X43Y69         FDRE                                         r  cnn_accelerator_system_i/cnn_accelerator_wino_0/inst/conv2/gic[2].u_it/tre_reg[2][5][10]/D
  -------------------------------------------------------------------    -------------------

                         (clock clk_out3_cnn_accelerator_system_clk_wiz_0_0 rise edge)
                                                      5.000     5.000 r  
    E3                                                0.000     5.000 r  CLK100MHZ (IN)
                         net (fo=0)                   0.000     5.000    CLK100MHZ
    E3                                                                r  CLK100MHZ_IBUF_inst/I
    E3                   IBUF (Prop_ibuf_I_O)         1.411     6.411 r  CLK100MHZ_IBUF_inst/O
                         net (fo=1, routed)           1.920     8.331    cnn_accelerator_system_i/util_ds_buf_0/U0/BUFG_I[0]
    BUFGCTRL_X0Y16                                                    r  cnn_accelerator_system_i/util_ds_buf_0/U0/USE_BUFG.GEN_BUFG[0].BUFG_U/I
    BUFGCTRL_X0Y16       BUFG (Prop_bufg_I_O)         0.091     8.422 r  cnn_accelerator_system_i/util_ds_buf_0/U0/USE_BUFG.GEN_BUFG[0].BUFG_U/O
                         net (fo=2, routed)           1.683    10.105    cnn_accelerator_system_i/clk_wiz_0/inst/clk_in1
    MMCME2_ADV_X0Y0                                                   r  cnn_accelerator_system_i/clk_wiz_0/inst/mmcm_adv_inst/CLKIN1
    MMCME2_ADV_X0Y0      MMCME2_ADV (Prop_mmcme2_adv_CLKIN1_CLKOUT2)
                                                     -3.694     6.411 r  cnn_accelerator_system_i/clk_wiz_0/inst/mmcm_adv_inst/CLKOUT2
                         net (fo=1, routed)           1.923     8.334    cnn_accelerator_system_i/clk_wiz_0/inst/clk_out3_cnn_accelerator_system_clk_wiz_0_0
    BUFGCTRL_X0Y2                                                     r  cnn_accelerator_system_i/clk_wiz_0/inst/clkout3_buf/I
    BUFGCTRL_X0Y2        BUFG (Prop_bufg_I_O)         0.091     8.425 r  cnn_accelerator_system_i/clk_wiz_0/inst/clkout3_buf/O
                         net (fo=51119, routed)       1.501     9.927    cnn_accelerator_system_i/cnn_accelerator_wino_0/inst/conv2/gic[2].u_it/clk
    SLICE_X43Y69         FDRE                                         r  cnn_accelerator_system_i/cnn_accelerator_wino_0/inst/conv2/gic[2].u_it/tre_reg[2][5][10]/C
                         clock pessimism              0.187    10.114    
                         clock uncertainty           -0.067    10.047    
    SLICE_X43Y69         FDRE (Setup_fdre_C_D)        0.062    10.109    cnn_accelerator_system_i/cnn_accelerator_wino_0/inst/conv2/gic[2].u_it/tre_reg[2][5][10]
  -------------------------------------------------------------------
                         required time                         10.109    
                         arrival time                         -10.174    
  -------------------------------------------------------------------
                         slack                                 -0.065    

Slack (VIOLATED) :        -0.056ns  (required time - arrival time)
  Source:                 cnn_accelerator_system_i/cnn_accelerator_wino_0/inst/conv2/gpab_re_reg[12][1]/C
                            (rising edge-triggered cell FDRE clocked by clk_out3_cnn_accelerator_system_clk_wiz_0_0  {rise@0.000ns fall@2.500ns period=5.000ns})
  Destination:            cnn_accelerator_system_i/cnn_accelerator_wino_0/inst/conv2/gpre_q_reg[12][21]/D
                            (rising edge-triggered cell FDRE clocked by clk_out3_cnn_accelerator_system_clk_wiz_0_0  {rise@0.000ns fall@2.500ns period=5.000ns})
  Path Group:             clk_out3_cnn_accelerator_system_clk_wiz_0_0
  Path Type:              Setup (Max at Slow Process Corner)
  Requirement:            5.000ns  (clk_out3_cnn_accelerator_system_clk_wiz_0_0 rise@5.000ns - clk_out3_cnn_accelerator_system_clk_wiz_0_0 rise@0.000ns)
  Data Path Delay:        4.448ns  (logic 2.044ns (45.954%)  route 2.404ns (54.046%))
  Logic Levels:           7  (CARRY4=6 LUT2=1)
  Clock Path Skew:        -0.281ns (DCD - SCD + CPR)
    Destination Clock Delay (DCD):    4.942ns = ( 9.942 - 5.000 ) 
    Source Clock Delay      (SCD):    5.410ns
    Clock Pessimism Removal (CPR):    0.187ns
  Clock Uncertainty:      0.067ns  ((TSJ^2 + DJ^2)^1/2) / 2 + PE
    Total System Jitter     (TSJ):    0.071ns
    Discrete Jitter          (DJ):    0.113ns
    Phase Error              (PE):    0.000ns

    Location             Delay type                Incr(ns)  Path(ns)    Netlist Resource(s)
  -------------------------------------------------------------------    -------------------
                         (clock clk_out3_cnn_accelerator_system_clk_wiz_0_0 rise edge)
                                                      0.000     0.000 r  
    E3                                                0.000     0.000 r  CLK100MHZ (IN)
                         net (fo=0)                   0.000     0.000    CLK100MHZ
    E3                                                                r  CLK100MHZ_IBUF_inst/I
    E3                   IBUF (Prop_ibuf_I_O)         1.482     1.482 r  CLK100MHZ_IBUF_inst/O
                         net (fo=1, routed)           2.025     3.506    cnn_accelerator_system_i/util_ds_buf_0/U0/BUFG_I[0]
    BUFGCTRL_X0Y16                                                    r  cnn_accelerator_system_i/util_ds_buf_0/U0/USE_BUFG.GEN_BUFG[0].BUFG_U/I
    BUFGCTRL_X0Y16       BUFG (Prop_bufg_I_O)         0.096     3.602 r  cnn_accelerator_system_i/util_ds_buf_0/U0/USE_BUFG.GEN_BUFG[0].BUFG_U/O
                         net (fo=2, routed)           1.809     5.412    cnn_accelerator_system_i/clk_wiz_0/inst/clk_in1
    MMCME2_ADV_X0Y0                                                   r  cnn_accelerator_system_i/clk_wiz_0/inst/mmcm_adv_inst/CLKIN1
    MMCME2_ADV_X0Y0      MMCME2_ADV (Prop_mmcme2_adv_CLKIN1_CLKOUT2)
                                                     -3.922     1.490 r  cnn_accelerator_system_i/clk_wiz_0/inst/mmcm_adv_inst/CLKOUT2
                         net (fo=1, routed)           2.018     3.508    cnn_accelerator_system_i/clk_wiz_0/inst/clk_out3_cnn_accelerator_system_clk_wiz_0_0
    BUFGCTRL_X0Y2                                                     r  cnn_accelerator_system_i/clk_wiz_0/inst/clkout3_buf/I
    BUFGCTRL_X0Y2        BUFG (Prop_bufg_I_O)         0.096     3.604 r  cnn_accelerator_system_i/clk_wiz_0/inst/clkout3_buf/O
                         net (fo=51119, routed)       1.805     5.410    cnn_accelerator_system_i/cnn_accelerator_wino_0/inst/conv2/clk
    SLICE_X31Y16         FDRE                                         r  cnn_accelerator_system_i/cnn_accelerator_wino_0/inst/conv2/gpab_re_reg[12][1]/C
  -------------------------------------------------------------------    -------------------
    SLICE_X31Y16         FDRE (Prop_fdre_C_Q)         0.456     5.866 r  cnn_accelerator_system_i/cnn_accelerator_wino_0/inst/conv2/gpab_re_reg[12][1]/Q
                         net (fo=2, routed)           1.296     7.162    cnn_accelerator_system_i/cnn_accelerator_wino_0/inst/conv2/gpab_re_reg[12]_1125[1]
    SLICE_X32Y41                                                      r  cnn_accelerator_system_i/cnn_accelerator_wino_0/inst/conv2/gpre_q[12][3]_i_4/I0
    SLICE_X32Y41         LUT2 (Prop_lut2_I0_O)        0.124     7.286 r  cnn_accelerator_system_i/cnn_accelerator_wino_0/inst/conv2/gpre_q[12][3]_i_4/O
                         net (fo=1, routed)           0.295     7.580    cnn_accelerator_system_i/cnn_accelerator_wino_0/inst/conv2/gpre_q[12][3]_i_4_n_0
    SLICE_X33Y43                                                      r  cnn_accelerator_system_i/cnn_accelerator_wino_0/inst/conv2/gpre_q_reg[12][3]_i_1/S[1]
    SLICE_X33Y43         CARRY4 (Prop_carry4_S[1]_CO[3])
                                                      0.674     8.254 r  cnn_accelerator_system_i/cnn_accelerator_wino_0/inst/conv2/gpre_q_reg[12][3]_i_1/CO[3]
                         net (fo=1, routed)           0.000     8.254    cnn_accelerator_system_i/cnn_accelerator_wino_0/inst/conv2/gpre_q_reg[12][3]_i_1_n_0
    SLICE_X33Y44                                                      r  cnn_accelerator_system_i/cnn_accelerator_wino_0/inst/conv2/gpre_q_reg[12][7]_i_1/CI
    SLICE_X33Y44         CARRY4 (Prop_carry4_CI_CO[3])
                                                      0.114     8.368 r  cnn_accelerator_system_i/cnn_accelerator_wino_0/inst/conv2/gpre_q_reg[12][7]_i_1/CO[3]
                         net (fo=1, routed)           0.000     8.368    cnn_accelerator_system_i/cnn_accelerator_wino_0/inst/conv2/gpre_q_reg[12][7]_i_1_n_0
    SLICE_X33Y45                                                      r  cnn_accelerator_system_i/cnn_accelerator_wino_0/inst/conv2/gpre_q_reg[12][11]_i_1/CI
    SLICE_X33Y45         CARRY4 (Prop_carry4_CI_CO[3])
                                                      0.114     8.482 r  cnn_accelerator_system_i/cnn_accelerator_wino_0/inst/conv2/gpre_q_reg[12][11]_i_1/CO[3]
                         net (fo=1, routed)           0.000     8.482    cnn_accelerator_system_i/cnn_accelerator_wino_0/inst/conv2/gpre_q_reg[12][11]_i_1_n_0
    SLICE_X33Y46                                                      r  cnn_accelerator_system_i/cnn_accelerator_wino_0/inst/conv2/gpre_q_reg[12][15]_i_1/CI
    SLICE_X33Y46         CARRY4 (Prop_carry4_CI_CO[3])
                                                      0.114     8.596 r  cnn_accelerator_system_i/cnn_accelerator_wino_0/inst/conv2/gpre_q_reg[12][15]_i_1/CO[3]
                         net (fo=1, routed)           0.000     8.596    cnn_accelerator_system_i/cnn_accelerator_wino_0/inst/conv2/gpre_q_reg[12][15]_i_1_n_0
    SLICE_X33Y47                                                      r  cnn_accelerator_system_i/cnn_accelerator_wino_0/inst/conv2/gpre_q_reg[12][19]_i_1/CI
    SLICE_X33Y47         CARRY4 (Prop_carry4_CI_CO[3])
                                                      0.114     8.710 r  cnn_accelerator_system_i/cnn_accelerator_wino_0/inst/conv2/gpre_q_reg[12][19]_i_1/CO[3]
                         net (fo=1, routed)           0.000     8.710    cnn_accelerator_system_i/cnn_accelerator_wino_0/inst/conv2/gpre_q_reg[12][19]_i_1_n_0
    SLICE_X33Y48                                                      r  cnn_accelerator_system_i/cnn_accelerator_wino_0/inst/conv2/gpre_q_reg[12][23]_i_1/CI
    SLICE_X33Y48         CARRY4 (Prop_carry4_CI_O[1])
                                                      0.334     9.044 r  cnn_accelerator_system_i/cnn_accelerator_wino_0/inst/conv2/gpre_q_reg[12][23]_i_1/O[1]
                         net (fo=1, routed)           0.813     9.858    cnn_accelerator_system_i/cnn_accelerator_wino_0/inst/conv2/gpre[12]_1126[21]
    SLICE_X31Y57         FDRE                                         r  cnn_accelerator_system_i/cnn_accelerator_wino_0/inst/conv2/gpre_q_reg[12][21]/D
  -------------------------------------------------------------------    -------------------

                         (clock clk_out3_cnn_accelerator_system_clk_wiz_0_0 rise edge)
                                                      5.000     5.000 r  
    E3                                                0.000     5.000 r  CLK100MHZ (IN)
                         net (fo=0)                   0.000     5.000    CLK100MHZ
    E3                                                                r  CLK100MHZ_IBUF_inst/I
    E3                   IBUF (Prop_ibuf_I_O)         1.411     6.411 r  CLK100MHZ_IBUF_inst/O
                         net (fo=1, routed)           1.920     8.331    cnn_accelerator_system_i/util_ds_buf_0/U0/BUFG_I[0]
    BUFGCTRL_X0Y16                                                    r  cnn_accelerator_system_i/util_ds_buf_0/U0/USE_BUFG.GEN_BUFG[0].BUFG_U/I
    BUFGCTRL_X0Y16       BUFG (Prop_bufg_I_O)         0.091     8.422 r  cnn_accelerator_system_i/util_ds_buf_0/U0/USE_BUFG.GEN_BUFG[0].BUFG_U/O
                         net (fo=2, routed)           1.683    10.105    cnn_accelerator_system_i/clk_wiz_0/inst/clk_in1
    MMCME2_ADV_X0Y0                                                   r  cnn_accelerator_system_i/clk_wiz_0/inst/mmcm_adv_inst/CLKIN1
    MMCME2_ADV_X0Y0      MMCME2_ADV (Prop_mmcme2_adv_CLKIN1_CLKOUT2)
                                                     -3.694     6.411 r  cnn_accelerator_system_i/clk_wiz_0/inst/mmcm_adv_inst/CLKOUT2
                         net (fo=1, routed)           1.923     8.334    cnn_accelerator_system_i/clk_wiz_0/inst/clk_out3_cnn_accelerator_system_clk_wiz_0_0
    BUFGCTRL_X0Y2                                                     r  cnn_accelerator_system_i/clk_wiz_0/inst/clkout3_buf/I
    BUFGCTRL_X0Y2        BUFG (Prop_bufg_I_O)         0.091     8.425 r  cnn_accelerator_system_i/clk_wiz_0/inst/clkout3_buf/O
                         net (fo=51119, routed)       1.516     9.942    cnn_accelerator_system_i/cnn_accelerator_wino_0/inst/conv2/clk
    SLICE_X31Y57         FDRE                                         r  cnn_accelerator_system_i/cnn_accelerator_wino_0/inst/conv2/gpre_q_reg[12][21]/C
                         clock pessimism              0.187    10.129    
                         clock uncertainty           -0.067    10.062    
    SLICE_X31Y57         FDRE (Setup_fdre_C_D)       -0.260     9.802    cnn_accelerator_system_i/cnn_accelerator_wino_0/inst/conv2/gpre_q_reg[12][21]
  -------------------------------------------------------------------
                         required time                          9.802    
                         arrival time                          -9.858    
  -------------------------------------------------------------------
                         slack                                 -0.056    

Slack (VIOLATED) :        -0.048ns  (required time - arrival time)
  Source:                 cnn_accelerator_system_i/cnn_accelerator_wino_0/inst/conv2/tile6_q_reg[1102]/C
                            (rising edge-triggered cell FDRE clocked by clk_out3_cnn_accelerator_system_clk_wiz_0_0  {rise@0.000ns fall@2.500ns period=5.000ns})
  Destination:            cnn_accelerator_system_i/cnn_accelerator_wino_0/inst/conv2/gic[1].u_it/tre_reg[2][5][8]/D
                            (rising edge-triggered cell FDRE clocked by clk_out3_cnn_accelerator_system_clk_wiz_0_0  {rise@0.000ns fall@2.500ns period=5.000ns})
  Path Group:             clk_out3_cnn_accelerator_system_clk_wiz_0_0
  Path Type:              Setup (Max at Slow Process Corner)
  Requirement:            5.000ns  (clk_out3_cnn_accelerator_system_clk_wiz_0_0 rise@5.000ns - clk_out3_cnn_accelerator_system_clk_wiz_0_0 rise@0.000ns)
  Data Path Delay:        4.959ns  (logic 1.505ns (30.351%)  route 3.454ns (69.649%))
  Logic Levels:           5  (CARRY4=2 LUT3=2 LUT5=1)
  Clock Path Skew:        -0.132ns (DCD - SCD + CPR)
    Destination Clock Delay (DCD):    4.916ns = ( 9.916 - 5.000 ) 
    Source Clock Delay      (SCD):    5.307ns
    Clock Pessimism Removal (CPR):    0.259ns
  Clock Uncertainty:      0.067ns  ((TSJ^2 + DJ^2)^1/2) / 2 + PE
    Total System Jitter     (TSJ):    0.071ns
    Discrete Jitter          (DJ):    0.113ns
    Phase Error              (PE):    0.000ns

    Location             Delay type                Incr(ns)  Path(ns)    Netlist Resource(s)
  -------------------------------------------------------------------    -------------------
                         (clock clk_out3_cnn_accelerator_system_clk_wiz_0_0 rise edge)
                                                      0.000     0.000 r  
    E3                                                0.000     0.000 r  CLK100MHZ (IN)
                         net (fo=0)                   0.000     0.000    CLK100MHZ
    E3                                                                r  CLK100MHZ_IBUF_inst/I
    E3                   IBUF (Prop_ibuf_I_O)         1.482     1.482 r  CLK100MHZ_IBUF_inst/O
                         net (fo=1, routed)           2.025     3.506    cnn_accelerator_system_i/util_ds_buf_0/U0/BUFG_I[0]
    BUFGCTRL_X0Y16                                                    r  cnn_accelerator_system_i/util_ds_buf_0/U0/USE_BUFG.GEN_BUFG[0].BUFG_U/I
    BUFGCTRL_X0Y16       BUFG (Prop_bufg_I_O)         0.096     3.602 r  cnn_accelerator_system_i/util_ds_buf_0/U0/USE_BUFG.GEN_BUFG[0].BUFG_U/O
                         net (fo=2, routed)           1.809     5.412    cnn_accelerator_system_i/clk_wiz_0/inst/clk_in1
    MMCME2_ADV_X0Y0                                                   r  cnn_accelerator_system_i/clk_wiz_0/inst/mmcm_adv_inst/CLKIN1
    MMCME2_ADV_X0Y0      MMCME2_ADV (Prop_mmcme2_adv_CLKIN1_CLKOUT2)
                                                     -3.922     1.490 r  cnn_accelerator_system_i/clk_wiz_0/inst/mmcm_adv_inst/CLKOUT2
                         net (fo=1, routed)           2.018     3.508    cnn_accelerator_system_i/clk_wiz_0/inst/clk_out3_cnn_accelerator_system_clk_wiz_0_0
    BUFGCTRL_X0Y2                                                     r  cnn_accelerator_system_i/clk_wiz_0/inst/clkout3_buf/I
    BUFGCTRL_X0Y2        BUFG (Prop_bufg_I_O)         0.096     3.604 r  cnn_accelerator_system_i/clk_wiz_0/inst/clkout3_buf/O
                         net (fo=51119, routed)       1.702     5.307    cnn_accelerator_system_i/cnn_accelerator_wino_0/inst/conv2/clk
    SLICE_X74Y79         FDRE                                         r  cnn_accelerator_system_i/cnn_accelerator_wino_0/inst/conv2/tile6_q_reg[1102]/C
  -------------------------------------------------------------------    -------------------
    SLICE_X74Y79         FDRE (Prop_fdre_C_Q)         0.518     5.825 r  cnn_accelerator_system_i/cnn_accelerator_wino_0/inst/conv2/tile6_q_reg[1102]/Q
                         net (fo=1, routed)           0.962     6.787    cnn_accelerator_system_i/cnn_accelerator_wino_0/inst/conv2/gic[1].u_it/Q[278]
    SLICE_X59Y78                                                      r  cnn_accelerator_system_i/cnn_accelerator_wino_0/inst/conv2/gic[1].u_it/i___39_i_3__0/I2
    SLICE_X59Y78         LUT3 (Prop_lut3_I2_O)        0.124     6.911 r  cnn_accelerator_system_i/cnn_accelerator_wino_0/inst/conv2/gic[1].u_it/i___39_i_3__0/O
                         net (fo=8, routed)           1.110     8.021    cnn_accelerator_system_i/cnn_accelerator_wino_0/inst/conv2/gic[1].u_it/gic[1].d_flat_ic[142]
    SLICE_X56Y69                                                      r  cnn_accelerator_system_i/cnn_accelerator_wino_0/inst/conv2/gic[1].u_it/i___39/I2
    SLICE_X56Y69         LUT3 (Prop_lut3_I2_O)        0.124     8.145 r  cnn_accelerator_system_i/cnn_accelerator_wino_0/inst/conv2/gic[1].u_it/i___39/O
                         net (fo=4, routed)           0.616     8.761    cnn_accelerator_system_i/cnn_accelerator_wino_0/inst/conv2/gic[1].u_it/i___39_n_0
    SLICE_X55Y65                                                      r  cnn_accelerator_system_i/cnn_accelerator_wino_0/inst/conv2/gic[1].u_it/tre[2][5][7]_i_2__0/I3
    SLICE_X55Y65         LUT5 (Prop_lut5_I3_O)        0.124     8.885 r  cnn_accelerator_system_i/cnn_accelerator_wino_0/inst/conv2/gic[1].u_it/tre[2][5][7]_i_2__0/O
                         net (fo=2, routed)           0.766     9.650    cnn_accelerator_system_i/cnn_accelerator_wino_0/inst/conv2/gic[1].u_it/tre[2][5][7]_i_2__0_n_0
    SLICE_X54Y69                                                      r  cnn_accelerator_system_i/cnn_accelerator_wino_0/inst/conv2/gic[1].u_it/tre_reg[2][5][7]_i_1__0/DI[3]
    SLICE_X54Y69         CARRY4 (Prop_carry4_DI[3]_CO[3])
                                                      0.396    10.046 r  cnn_accelerator_system_i/cnn_accelerator_wino_0/inst/conv2/gic[1].u_it/tre_reg[2][5][7]_i_1__0/CO[3]
                         net (fo=1, routed)           0.000    10.046    cnn_accelerator_system_i/cnn_accelerator_wino_0/inst/conv2/gic[1].u_it/tre_reg[2][5][7]_i_1__0_n_0
    SLICE_X54Y70                                                      r  cnn_accelerator_system_i/cnn_accelerator_wino_0/inst/conv2/gic[1].u_it/tre_reg[2][5][10]_i_1__0/CI
    SLICE_X54Y70         CARRY4 (Prop_carry4_CI_O[0])
                                                      0.219    10.265 r  cnn_accelerator_system_i/cnn_accelerator_wino_0/inst/conv2/gic[1].u_it/tre_reg[2][5][10]_i_1__0/O[0]
                         net (fo=1, routed)           0.000    10.265    cnn_accelerator_system_i/cnn_accelerator_wino_0/inst/conv2/gic[1].u_it/tre_c[2][5]_937[8]
    SLICE_X54Y70         FDRE                                         r  cnn_accelerator_system_i/cnn_accelerator_wino_0/inst/conv2/gic[1].u_it/tre_reg[2][5][8]/D
  -------------------------------------------------------------------    -------------------

                         (clock clk_out3_cnn_accelerator_system_clk_wiz_0_0 rise edge)
                                                      5.000     5.000 r  
    E3                                                0.000     5.000 r  CLK100MHZ (IN)
                         net (fo=0)                   0.000     5.000    CLK100MHZ
    E3                                                                r  CLK100MHZ_IBUF_inst/I
    E3                   IBUF (Prop_ibuf_I_O)         1.411     6.411 r  CLK100MHZ_IBUF_inst/O
                         net (fo=1, routed)           1.920     8.331    cnn_accelerator_system_i/util_ds_buf_0/U0/BUFG_I[0]
    BUFGCTRL_X0Y16                                                    r  cnn_accelerator_system_i/util_ds_buf_0/U0/USE_BUFG.GEN_BUFG[0].BUFG_U/I
    BUFGCTRL_X0Y16       BUFG (Prop_bufg_I_O)         0.091     8.422 r  cnn_accelerator_system_i/util_ds_buf_0/U0/USE_BUFG.GEN_BUFG[0].BUFG_U/O
                         net (fo=2, routed)           1.683    10.105    cnn_accelerator_system_i/clk_wiz_0/inst/clk_in1
    MMCME2_ADV_X0Y0                                                   r  cnn_accelerator_system_i/clk_wiz_0/inst/mmcm_adv_inst/CLKIN1
    MMCME2_ADV_X0Y0      MMCME2_ADV (Prop_mmcme2_adv_CLKIN1_CLKOUT2)
                                                     -3.694     6.411 r  cnn_accelerator_system_i/clk_wiz_0/inst/mmcm_adv_inst/CLKOUT2
                         net (fo=1, routed)           1.923     8.334    cnn_accelerator_system_i/clk_wiz_0/inst/clk_out3_cnn_accelerator_system_clk_wiz_0_0
    BUFGCTRL_X0Y2                                                     r  cnn_accelerator_system_i/clk_wiz_0/inst/clkout3_buf/I
    BUFGCTRL_X0Y2        BUFG (Prop_bufg_I_O)         0.091     8.425 r  cnn_accelerator_system_i/clk_wiz_0/inst/clkout3_buf/O
                         net (fo=51119, routed)       1.490     9.916    cnn_accelerator_system_i/cnn_accelerator_wino_0/inst/conv2/gic[1].u_it/clk
    SLICE_X54Y70         FDRE                                         r  cnn_accelerator_system_i/cnn_accelerator_wino_0/inst/conv2/gic[1].u_it/tre_reg[2][5][8]/C
                         clock pessimism              0.259    10.175    
                         clock uncertainty           -0.067    10.108    
    SLICE_X54Y70         FDRE (Setup_fdre_C_D)        0.109    10.217    cnn_accelerator_system_i/cnn_accelerator_wino_0/inst/conv2/gic[1].u_it/tre_reg[2][5][8]
  -------------------------------------------------------------------
                         required time                         10.217    
                         arrival time                         -10.265    
  -------------------------------------------------------------------
                         slack                                 -0.048    

Slack (VIOLATED) :        -0.044ns  (required time - arrival time)
  Source:                 cnn_accelerator_system_i/cnn_accelerator_wino_0/inst/conv2/gpcd_im_reg[22][4]/C
                            (rising edge-triggered cell FDRE clocked by clk_out3_cnn_accelerator_system_clk_wiz_0_0  {rise@0.000ns fall@2.500ns period=5.000ns})
  Destination:            cnn_accelerator_system_i/cnn_accelerator_wino_0/inst/conv2/gpim_q_reg[22][19]/D
                            (rising edge-triggered cell FDRE clocked by clk_out3_cnn_accelerator_system_clk_wiz_0_0  {rise@0.000ns fall@2.500ns period=5.000ns})
  Path Group:             clk_out3_cnn_accelerator_system_clk_wiz_0_0
  Path Type:              Setup (Max at Slow Process Corner)
  Requirement:            5.000ns  (clk_out3_cnn_accelerator_system_clk_wiz_0_0 rise@5.000ns - clk_out3_cnn_accelerator_system_clk_wiz_0_0 rise@0.000ns)
  Data Path Delay:        4.623ns  (logic 1.839ns (39.782%)  route 2.784ns (60.218%))
  Logic Levels:           5  (CARRY4=4 LUT2=1)
  Clock Path Skew:        -0.145ns (DCD - SCD + CPR)
    Destination Clock Delay (DCD):    4.913ns = ( 9.913 - 5.000 ) 
    Source Clock Delay      (SCD):    5.315ns
    Clock Pessimism Removal (CPR):    0.257ns
  Clock Uncertainty:      0.067ns  ((TSJ^2 + DJ^2)^1/2) / 2 + PE
    Total System Jitter     (TSJ):    0.071ns
    Discrete Jitter          (DJ):    0.113ns
    Phase Error              (PE):    0.000ns

    Location             Delay type                Incr(ns)  Path(ns)    Netlist Resource(s)
  -------------------------------------------------------------------    -------------------
                         (clock clk_out3_cnn_accelerator_system_clk_wiz_0_0 rise edge)
                                                      0.000     0.000 r  
    E3                                                0.000     0.000 r  CLK100MHZ (IN)
                         net (fo=0)                   0.000     0.000    CLK100MHZ
    E3                                                                r  CLK100MHZ_IBUF_inst/I
    E3                   IBUF (Prop_ibuf_I_O)         1.482     1.482 r  CLK100MHZ_IBUF_inst/O
                         net (fo=1, routed)           2.025     3.506    cnn_accelerator_system_i/util_ds_buf_0/U0/BUFG_I[0]
    BUFGCTRL_X0Y16                                                    r  cnn_accelerator_system_i/util_ds_buf_0/U0/USE_BUFG.GEN_BUFG[0].BUFG_U/I
    BUFGCTRL_X0Y16       BUFG (Prop_bufg_I_O)         0.096     3.602 r  cnn_accelerator_system_i/util_ds_buf_0/U0/USE_BUFG.GEN_BUFG[0].BUFG_U/O
                         net (fo=2, routed)           1.809     5.412    cnn_accelerator_system_i/clk_wiz_0/inst/clk_in1
    MMCME2_ADV_X0Y0                                                   r  cnn_accelerator_system_i/clk_wiz_0/inst/mmcm_adv_inst/CLKIN1
    MMCME2_ADV_X0Y0      MMCME2_ADV (Prop_mmcme2_adv_CLKIN1_CLKOUT2)
                                                     -3.922     1.490 r  cnn_accelerator_system_i/clk_wiz_0/inst/mmcm_adv_inst/CLKOUT2
                         net (fo=1, routed)           2.018     3.508    cnn_accelerator_system_i/clk_wiz_0/inst/clk_out3_cnn_accelerator_system_clk_wiz_0_0
    BUFGCTRL_X0Y2                                                     r  cnn_accelerator_system_i/clk_wiz_0/inst/clkout3_buf/I
    BUFGCTRL_X0Y2        BUFG (Prop_bufg_I_O)         0.096     3.604 r  cnn_accelerator_system_i/clk_wiz_0/inst/clkout3_buf/O
                         net (fo=51119, routed)       1.711     5.315    cnn_accelerator_system_i/cnn_accelerator_wino_0/inst/conv2/clk
    SLICE_X80Y102        FDRE                                         r  cnn_accelerator_system_i/cnn_accelerator_wino_0/inst/conv2/gpcd_im_reg[22][4]/C
  -------------------------------------------------------------------    -------------------
    SLICE_X80Y102        FDRE (Prop_fdre_C_Q)         0.518     5.833 r  cnn_accelerator_system_i/cnn_accelerator_wino_0/inst/conv2/gpcd_im_reg[22][4]/Q
                         net (fo=1, routed)           1.076     6.909    cnn_accelerator_system_i/cnn_accelerator_wino_0/inst/conv2/gpcd_im_reg_n_0_[22][4]
    SLICE_X74Y127                                                     r  cnn_accelerator_system_i/cnn_accelerator_wino_0/inst/conv2/gpim_q[22][7]_i_5/I1
    SLICE_X74Y127        LUT2 (Prop_lut2_I1_O)        0.124     7.033 r  cnn_accelerator_system_i/cnn_accelerator_wino_0/inst/conv2/gpim_q[22][7]_i_5/O
                         net (fo=1, routed)           0.455     7.488    cnn_accelerator_system_i/cnn_accelerator_wino_0/inst/conv2/gpim_q[22][7]_i_5_n_0
    SLICE_X72Y129                                                     r  cnn_accelerator_system_i/cnn_accelerator_wino_0/inst/conv2/gpim_q_reg[22][7]_i_1/S[0]
    SLICE_X72Y129        CARRY4 (Prop_carry4_S[0]_CO[3])
                                                      0.656     8.144 r  cnn_accelerator_system_i/cnn_accelerator_wino_0/inst/conv2/gpim_q_reg[22][7]_i_1/CO[3]
                         net (fo=1, routed)           0.000     8.144    cnn_accelerator_system_i/cnn_accelerator_wino_0/inst/conv2/gpim_q_reg[22][7]_i_1_n_0
    SLICE_X72Y130                                                     r  cnn_accelerator_system_i/cnn_accelerator_wino_0/inst/conv2/gpim_q_reg[22][11]_i_1/CI
    SLICE_X72Y130        CARRY4 (Prop_carry4_CI_CO[3])
                                                      0.114     8.258 r  cnn_accelerator_system_i/cnn_accelerator_wino_0/inst/conv2/gpim_q_reg[22][11]_i_1/CO[3]
                         net (fo=1, routed)           0.000     8.258    cnn_accelerator_system_i/cnn_accelerator_wino_0/inst/conv2/gpim_q_reg[22][11]_i_1_n_0
    SLICE_X72Y131                                                     r  cnn_accelerator_system_i/cnn_accelerator_wino_0/inst/conv2/gpim_q_reg[22][15]_i_1/CI
    SLICE_X72Y131        CARRY4 (Prop_carry4_CI_CO[3])
                                                      0.114     8.372 r  cnn_accelerator_system_i/cnn_accelerator_wino_0/inst/conv2/gpim_q_reg[22][15]_i_1/CO[3]
                         net (fo=1, routed)           0.000     8.372    cnn_accelerator_system_i/cnn_accelerator_wino_0/inst/conv2/gpim_q_reg[22][15]_i_1_n_0
    SLICE_X72Y132                                                     r  cnn_accelerator_system_i/cnn_accelerator_wino_0/inst/conv2/gpim_q_reg[22][19]_i_1/CI
    SLICE_X72Y132        CARRY4 (Prop_carry4_CI_O[3])
                                                      0.313     8.685 r  cnn_accelerator_system_i/cnn_accelerator_wino_0/inst/conv2/gpim_q_reg[22][19]_i_1/O[3]
                         net (fo=1, routed)           1.253     9.938    cnn_accelerator_system_i/cnn_accelerator_wino_0/inst/conv2/gpim[22]_800[19]
    SLICE_X56Y137        FDRE                                         r  cnn_accelerator_system_i/cnn_accelerator_wino_0/inst/conv2/gpim_q_reg[22][19]/D
  -------------------------------------------------------------------    -------------------

                         (clock clk_out3_cnn_accelerator_system_clk_wiz_0_0 rise edge)
                                                      5.000     5.000 r  
    E3                                                0.000     5.000 r  CLK100MHZ (IN)
                         net (fo=0)                   0.000     5.000    CLK100MHZ
    E3                                                                r  CLK100MHZ_IBUF_inst/I
    E3                   IBUF (Prop_ibuf_I_O)         1.411     6.411 r  CLK100MHZ_IBUF_inst/O
                         net (fo=1, routed)           1.920     8.331    cnn_accelerator_system_i/util_ds_buf_0/U0/BUFG_I[0]
    BUFGCTRL_X0Y16                                                    r  cnn_accelerator_system_i/util_ds_buf_0/U0/USE_BUFG.GEN_BUFG[0].BUFG_U/I
    BUFGCTRL_X0Y16       BUFG (Prop_bufg_I_O)         0.091     8.422 r  cnn_accelerator_system_i/util_ds_buf_0/U0/USE_BUFG.GEN_BUFG[0].BUFG_U/O
                         net (fo=2, routed)           1.683    10.105    cnn_accelerator_system_i/clk_wiz_0/inst/clk_in1
    MMCME2_ADV_X0Y0                                                   r  cnn_accelerator_system_i/clk_wiz_0/inst/mmcm_adv_inst/CLKIN1
    MMCME2_ADV_X0Y0      MMCME2_ADV (Prop_mmcme2_adv_CLKIN1_CLKOUT2)
                                                     -3.694     6.411 r  cnn_accelerator_system_i/clk_wiz_0/inst/mmcm_adv_inst/CLKOUT2
                         net (fo=1, routed)           1.923     8.334    cnn_accelerator_system_i/clk_wiz_0/inst/clk_out3_cnn_accelerator_system_clk_wiz_0_0
    BUFGCTRL_X0Y2                                                     r  cnn_accelerator_system_i/clk_wiz_0/inst/clkout3_buf/I
    BUFGCTRL_X0Y2        BUFG (Prop_bufg_I_O)         0.091     8.425 r  cnn_accelerator_system_i/clk_wiz_0/inst/clkout3_buf/O
                         net (fo=51119, routed)       1.488     9.913    cnn_accelerator_system_i/cnn_accelerator_wino_0/inst/conv2/clk
    SLICE_X56Y137        FDRE                                         r  cnn_accelerator_system_i/cnn_accelerator_wino_0/inst/conv2/gpim_q_reg[22][19]/C
                         clock pessimism              0.257    10.170    
                         clock uncertainty           -0.067    10.104    
    SLICE_X56Y137        FDRE (Setup_fdre_C_D)       -0.210     9.894    cnn_accelerator_system_i/cnn_accelerator_wino_0/inst/conv2/gpim_q_reg[22][19]
  -------------------------------------------------------------------
                         required time                          9.894    
                         arrival time                          -9.938    
  -------------------------------------------------------------------
                         slack                                 -0.044    

Slack (VIOLATED) :        -0.036ns  (required time - arrival time)
  Source:                 cnn_accelerator_system_i/cnn_accelerator_wino_0/inst/conv2/gic[3].u_it/vim_0_3_p1_q_reg[3]/C
                            (rising edge-triggered cell FDRE clocked by clk_out3_cnn_accelerator_system_clk_wiz_0_0  {rise@0.000ns fall@2.500ns period=5.000ns})
  Destination:            cnn_accelerator_system_i/cnn_accelerator_wino_0/inst/conv2/lane[3].u_mul/a_q_reg[232]/D
                            (rising edge-triggered cell FDRE clocked by clk_out3_cnn_accelerator_system_clk_wiz_0_0  {rise@0.000ns fall@2.500ns period=5.000ns})
  Path Group:             clk_out3_cnn_accelerator_system_clk_wiz_0_0
  Path Type:              Setup (Max at Slow Process Corner)
  Requirement:            5.000ns  (clk_out3_cnn_accelerator_system_clk_wiz_0_0 rise@5.000ns - clk_out3_cnn_accelerator_system_clk_wiz_0_0 rise@0.000ns)
  Data Path Delay:        4.907ns  (logic 2.460ns (50.129%)  route 2.447ns (49.871%))
  Logic Levels:           5  (CARRY4=3 LUT2=2)
  Clock Path Skew:        -0.124ns (DCD - SCD + CPR)
    Destination Clock Delay (DCD):    4.931ns = ( 9.931 - 5.000 ) 
    Source Clock Delay      (SCD):    5.234ns
    Clock Pessimism Removal (CPR):    0.179ns
  Clock Uncertainty:      0.067ns  ((TSJ^2 + DJ^2)^1/2) / 2 + PE
    Total System Jitter     (TSJ):    0.071ns
    Discrete Jitter          (DJ):    0.113ns
    Phase Error              (PE):    0.000ns

    Location             Delay type                Incr(ns)  Path(ns)    Netlist Resource(s)
  -------------------------------------------------------------------    -------------------
                         (clock clk_out3_cnn_accelerator_system_clk_wiz_0_0 rise edge)
                                                      0.000     0.000 r  
    E3                                                0.000     0.000 r  CLK100MHZ (IN)
                         net (fo=0)                   0.000     0.000    CLK100MHZ
    E3                                                                r  CLK100MHZ_IBUF_inst/I
    E3                   IBUF (Prop_ibuf_I_O)         1.482     1.482 r  CLK100MHZ_IBUF_inst/O
                         net (fo=1, routed)           2.025     3.506    cnn_accelerator_system_i/util_ds_buf_0/U0/BUFG_I[0]
    BUFGCTRL_X0Y16                                                    r  cnn_accelerator_system_i/util_ds_buf_0/U0/USE_BUFG.GEN_BUFG[0].BUFG_U/I
    BUFGCTRL_X0Y16       BUFG (Prop_bufg_I_O)         0.096     3.602 r  cnn_accelerator_system_i/util_ds_buf_0/U0/USE_BUFG.GEN_BUFG[0].BUFG_U/O
                         net (fo=2, routed)           1.809     5.412    cnn_accelerator_system_i/clk_wiz_0/inst/clk_in1
    MMCME2_ADV_X0Y0                                                   r  cnn_accelerator_system_i/clk_wiz_0/inst/mmcm_adv_inst/CLKIN1
    MMCME2_ADV_X0Y0      MMCME2_ADV (Prop_mmcme2_adv_CLKIN1_CLKOUT2)
                                                     -3.922     1.490 r  cnn_accelerator_system_i/clk_wiz_0/inst/mmcm_adv_inst/CLKOUT2
                         net (fo=1, routed)           2.018     3.508    cnn_accelerator_system_i/clk_wiz_0/inst/clk_out3_cnn_accelerator_system_clk_wiz_0_0
    BUFGCTRL_X0Y2                                                     r  cnn_accelerator_system_i/clk_wiz_0/inst/clkout3_buf/I
    BUFGCTRL_X0Y2        BUFG (Prop_bufg_I_O)         0.096     3.604 r  cnn_accelerator_system_i/clk_wiz_0/inst/clkout3_buf/O
                         net (fo=51119, routed)       1.629     5.234    cnn_accelerator_system_i/cnn_accelerator_wino_0/inst/conv2/gic[3].u_it/clk
    SLICE_X35Y67         FDRE                                         r  cnn_accelerator_system_i/cnn_accelerator_wino_0/inst/conv2/gic[3].u_it/vim_0_3_p1_q_reg[3]/C
  -------------------------------------------------------------------    -------------------
    SLICE_X35Y67         FDRE (Prop_fdre_C_Q)         0.456     5.690 r  cnn_accelerator_system_i/cnn_accelerator_wino_0/inst/conv2/gic[3].u_it/vim_0_3_p1_q_reg[3]/Q
                         net (fo=1, routed)           0.708     6.398    cnn_accelerator_system_i/cnn_accelerator_wino_0/inst/conv2/gic[3].u_it/vim_0_3_p1_q[3]
    SLICE_X34Y71                                                      r  cnn_accelerator_system_i/cnn_accelerator_wino_0/inst/conv2/gic[3].u_it/a_q[257]_i_4__2/I1
    SLICE_X34Y71         LUT2 (Prop_lut2_I1_O)        0.124     6.522 r  cnn_accelerator_system_i/cnn_accelerator_wino_0/inst/conv2/gic[3].u_it/a_q[257]_i_4__2/O
                         net (fo=1, routed)           0.000     6.522    cnn_accelerator_system_i/cnn_accelerator_wino_0/inst/conv2/gic[3].u_it/a_q[257]_i_4__2_n_0
    SLICE_X34Y71                                                      r  cnn_accelerator_system_i/cnn_accelerator_wino_0/inst/conv2/gic[3].u_it/a_q_reg[257]_i_1__2/S[1]
    SLICE_X34Y71         CARRY4 (Prop_carry4_S[1]_CO[3])
                                                      0.533     7.055 r  cnn_accelerator_system_i/cnn_accelerator_wino_0/inst/conv2/gic[3].u_it/a_q_reg[257]_i_1__2/CO[3]
                         net (fo=1, routed)           0.000     7.055    cnn_accelerator_system_i/cnn_accelerator_wino_0/inst/conv2/gic[3].u_it/a_q_reg[257]_i_1__2_n_0
    SLICE_X34Y72                                                      r  cnn_accelerator_system_i/cnn_accelerator_wino_0/inst/conv2/gic[3].u_it/a_q_reg[261]_i_1__2/CI
    SLICE_X34Y72         CARRY4 (Prop_carry4_CI_O[1])
                                                      0.337     7.392 r  cnn_accelerator_system_i/cnn_accelerator_wino_0/inst/conv2/gic[3].u_it/a_q_reg[261]_i_1__2/O[1]
                         net (fo=2, routed)           1.107     8.499    cnn_accelerator_system_i/cnn_accelerator_wino_0/inst/conv2/gic[3].u_it/a_flat[212]
    SLICE_X41Y96                                                      r  cnn_accelerator_system_i/cnn_accelerator_wino_0/inst/conv2/gic[3].u_it/a_q[233]_i_4__2/I1
    SLICE_X41Y96         LUT2 (Prop_lut2_I1_O)        0.306     8.805 r  cnn_accelerator_system_i/cnn_accelerator_wino_0/inst/conv2/gic[3].u_it/a_q[233]_i_4__2/O
                         net (fo=1, routed)           0.632     9.437    cnn_accelerator_system_i/cnn_accelerator_wino_0/inst/conv2/gic[3].u_it/a_q[233]_i_4__2_n_0
    SLICE_X40Y102                                                     r  cnn_accelerator_system_i/cnn_accelerator_wino_0/inst/conv2/gic[3].u_it/a_q_reg[233]_i_1__2/S[1]
    SLICE_X40Y102        CARRY4 (Prop_carry4_S[1]_O[2])
                                                      0.704    10.141 r  cnn_accelerator_system_i/cnn_accelerator_wino_0/inst/conv2/gic[3].u_it/a_q_reg[233]_i_1__2/O[2]
                         net (fo=1, routed)           0.000    10.141    cnn_accelerator_system_i/cnn_accelerator_wino_0/inst/conv2/lane[3].u_mul/a_flat[190]
    SLICE_X40Y102        FDRE                                         r  cnn_accelerator_system_i/cnn_accelerator_wino_0/inst/conv2/lane[3].u_mul/a_q_reg[232]/D
  -------------------------------------------------------------------    -------------------

                         (clock clk_out3_cnn_accelerator_system_clk_wiz_0_0 rise edge)
                                                      5.000     5.000 r  
    E3                                                0.000     5.000 r  CLK100MHZ (IN)
                         net (fo=0)                   0.000     5.000    CLK100MHZ
    E3                                                                r  CLK100MHZ_IBUF_inst/I
    E3                   IBUF (Prop_ibuf_I_O)         1.411     6.411 r  CLK100MHZ_IBUF_inst/O
                         net (fo=1, routed)           1.920     8.331    cnn_accelerator_system_i/util_ds_buf_0/U0/BUFG_I[0]
    BUFGCTRL_X0Y16                                                    r  cnn_accelerator_system_i/util_ds_buf_0/U0/USE_BUFG.GEN_BUFG[0].BUFG_U/I
    BUFGCTRL_X0Y16       BUFG (Prop_bufg_I_O)         0.091     8.422 r  cnn_accelerator_system_i/util_ds_buf_0/U0/USE_BUFG.GEN_BUFG[0].BUFG_U/O
                         net (fo=2, routed)           1.683    10.105    cnn_accelerator_system_i/clk_wiz_0/inst/clk_in1
    MMCME2_ADV_X0Y0                                                   r  cnn_accelerator_system_i/clk_wiz_0/inst/mmcm_adv_inst/CLKIN1
    MMCME2_ADV_X0Y0      MMCME2_ADV (Prop_mmcme2_adv_CLKIN1_CLKOUT2)
                                                     -3.694     6.411 r  cnn_accelerator_system_i/clk_wiz_0/inst/mmcm_adv_inst/CLKOUT2
                         net (fo=1, routed)           1.923     8.334    cnn_accelerator_system_i/clk_wiz_0/inst/clk_out3_cnn_accelerator_system_clk_wiz_0_0
    BUFGCTRL_X0Y2                                                     r  cnn_accelerator_system_i/clk_wiz_0/inst/clkout3_buf/I
    BUFGCTRL_X0Y2        BUFG (Prop_bufg_I_O)         0.091     8.425 r  cnn_accelerator_system_i/clk_wiz_0/inst/clkout3_buf/O
                         net (fo=51119, routed)       1.506     9.931    cnn_accelerator_system_i/cnn_accelerator_wino_0/inst/conv2/lane[3].u_mul/clk
    SLICE_X40Y102        FDRE                                         r  cnn_accelerator_system_i/cnn_accelerator_wino_0/inst/conv2/lane[3].u_mul/a_q_reg[232]/C
                         clock pessimism              0.179    10.110    
                         clock uncertainty           -0.067    10.043    
    SLICE_X40Y102        FDRE (Setup_fdre_C_D)        0.062    10.105    cnn_accelerator_system_i/cnn_accelerator_wino_0/inst/conv2/lane[3].u_mul/a_q_reg[232]
  -------------------------------------------------------------------
                         required time                         10.105    
                         arrival time                         -10.141    
  -------------------------------------------------------------------
                         slack                                 -0.036    

Slack (VIOLATED) :        -0.035ns  (required time - arrival time)
  Source:                 cnn_accelerator_system_i/cnn_accelerator_wino_0/inst/conv2/tile6_q_reg[867]/C
                            (rising edge-triggered cell FDRE clocked by clk_out3_cnn_accelerator_system_clk_wiz_0_0  {rise@0.000ns fall@2.500ns period=5.000ns})
  Destination:            cnn_accelerator_system_i/cnn_accelerator_wino_0/inst/conv2/gic[0].u_it/tre_reg[1][1][10]/D
                            (rising edge-triggered cell FDRE clocked by clk_out3_cnn_accelerator_system_clk_wiz_0_0  {rise@0.000ns fall@2.500ns period=5.000ns})
  Path Group:             clk_out3_cnn_accelerator_system_clk_wiz_0_0
  Path Type:              Setup (Max at Slow Process Corner)
  Requirement:            5.000ns  (clk_out3_cnn_accelerator_system_clk_wiz_0_0 rise@5.000ns - clk_out3_cnn_accelerator_system_clk_wiz_0_0 rise@0.000ns)
  Data Path Delay:        4.898ns  (logic 1.880ns (38.385%)  route 3.018ns (61.615%))
  Logic Levels:           6  (CARRY4=2 LUT2=1 LUT3=1 LUT6=2)
  Clock Path Skew:        -0.133ns (DCD - SCD + CPR)
    Destination Clock Delay (DCD):    4.933ns = ( 9.933 - 5.000 ) 
    Source Clock Delay      (SCD):    5.325ns
    Clock Pessimism Removal (CPR):    0.259ns
  Clock Uncertainty:      0.067ns  ((TSJ^2 + DJ^2)^1/2) / 2 + PE
    Total System Jitter     (TSJ):    0.071ns
    Discrete Jitter          (DJ):    0.113ns
    Phase Error              (PE):    0.000ns

    Location             Delay type                Incr(ns)  Path(ns)    Netlist Resource(s)
  -------------------------------------------------------------------    -------------------
                         (clock clk_out3_cnn_accelerator_system_clk_wiz_0_0 rise edge)
                                                      0.000     0.000 r  
    E3                                                0.000     0.000 r  CLK100MHZ (IN)
                         net (fo=0)                   0.000     0.000    CLK100MHZ
    E3                                                                r  CLK100MHZ_IBUF_inst/I
    E3                   IBUF (Prop_ibuf_I_O)         1.482     1.482 r  CLK100MHZ_IBUF_inst/O
                         net (fo=1, routed)           2.025     3.506    cnn_accelerator_system_i/util_ds_buf_0/U0/BUFG_I[0]
    BUFGCTRL_X0Y16                                                    r  cnn_accelerator_system_i/util_ds_buf_0/U0/USE_BUFG.GEN_BUFG[0].BUFG_U/I
    BUFGCTRL_X0Y16       BUFG (Prop_bufg_I_O)         0.096     3.602 r  cnn_accelerator_system_i/util_ds_buf_0/U0/USE_BUFG.GEN_BUFG[0].BUFG_U/O
                         net (fo=2, routed)           1.809     5.412    cnn_accelerator_system_i/clk_wiz_0/inst/clk_in1
    MMCME2_ADV_X0Y0                                                   r  cnn_accelerator_system_i/clk_wiz_0/inst/mmcm_adv_inst/CLKIN1
    MMCME2_ADV_X0Y0      MMCME2_ADV (Prop_mmcme2_adv_CLKIN1_CLKOUT2)
                                                     -3.922     1.490 r  cnn_accelerator_system_i/clk_wiz_0/inst/mmcm_adv_inst/CLKOUT2
                         net (fo=1, routed)           2.018     3.508    cnn_accelerator_system_i/clk_wiz_0/inst/clk_out3_cnn_accelerator_system_clk_wiz_0_0
    BUFGCTRL_X0Y2                                                     r  cnn_accelerator_system_i/clk_wiz_0/inst/clkout3_buf/I
    BUFGCTRL_X0Y2        BUFG (Prop_bufg_I_O)         0.096     3.604 r  cnn_accelerator_system_i/clk_wiz_0/inst/clkout3_buf/O
                         net (fo=51119, routed)       1.720     5.325    cnn_accelerator_system_i/cnn_accelerator_wino_0/inst/conv2/clk
    SLICE_X80Y90         FDRE                                         r  cnn_accelerator_system_i/cnn_accelerator_wino_0/inst/conv2/tile6_q_reg[867]/C
  -------------------------------------------------------------------    -------------------
    SLICE_X80Y90         FDRE (Prop_fdre_C_Q)         0.518     5.843 r  cnn_accelerator_system_i/cnn_accelerator_wino_0/inst/conv2/tile6_q_reg[867]/Q
                         net (fo=1, routed)           0.870     6.713    cnn_accelerator_system_i/cnn_accelerator_wino_0/inst/conv2/gic[0].u_it/Q[219]
    SLICE_X79Y88                                                      r  cnn_accelerator_system_i/cnn_accelerator_wino_0/inst/conv2/gic[0].u_it/i___29_i_3/I0
    SLICE_X79Y88         LUT3 (Prop_lut3_I0_O)        0.124     6.837 r  cnn_accelerator_system_i/cnn_accelerator_wino_0/inst/conv2/gic[0].u_it/i___29_i_3/O
                         net (fo=7, routed)           0.775     7.612    cnn_accelerator_system_i/cnn_accelerator_wino_0/inst/conv2/gic[0].u_it/gic[0].d_flat_ic[107]
    SLICE_X73Y85                                                      r  cnn_accelerator_system_i/cnn_accelerator_wino_0/inst/conv2/gic[0].u_it/i___29_rewire/I1
    SLICE_X73Y85         LUT2 (Prop_lut2_I1_O)        0.124     7.736 r  cnn_accelerator_system_i/cnn_accelerator_wino_0/inst/conv2/gic[0].u_it/i___29_rewire/O
                         net (fo=2, routed)           0.656     8.392    cnn_accelerator_system_i/cnn_accelerator_wino_0/inst/conv2/gic[0].u_it/i___29_n_0
    SLICE_X71Y85                                                      r  cnn_accelerator_system_i/cnn_accelerator_wino_0/inst/conv2/gic[0].u_it/tre[1][1][7]_i_5_rewire/I5
    SLICE_X71Y85         LUT6 (Prop_lut6_I5_O)        0.124     8.516 r  cnn_accelerator_system_i/cnn_accelerator_wino_0/inst/conv2/gic[0].u_it/tre[1][1][7]_i_5_rewire/O
                         net (fo=2, routed)           0.716     9.232    cnn_accelerator_system_i/cnn_accelerator_wino_0/inst/conv2/gic[0].u_it/tre[1][1][7]_i_5_n_0
    SLICE_X68Y89                                                      r  cnn_accelerator_system_i/cnn_accelerator_wino_0/inst/conv2/gic[0].u_it/tre[1][1][7]_i_9/I0
    SLICE_X68Y89         LUT6 (Prop_lut6_I0_O)        0.124     9.356 r  cnn_accelerator_system_i/cnn_accelerator_wino_0/inst/conv2/gic[0].u_it/tre[1][1][7]_i_9/O
                         net (fo=1, routed)           0.000     9.356    cnn_accelerator_system_i/cnn_accelerator_wino_0/inst/conv2/gic[0].u_it/tre[1][1][7]_i_9_n_0
    SLICE_X68Y89                                                      r  cnn_accelerator_system_i/cnn_accelerator_wino_0/inst/conv2/gic[0].u_it/tre_reg[1][1][7]_i_1/S[0]
    SLICE_X68Y89         CARRY4 (Prop_carry4_S[0]_CO[3])
                                                      0.532     9.888 r  cnn_accelerator_system_i/cnn_accelerator_wino_0/inst/conv2/gic[0].u_it/tre_reg[1][1][7]_i_1/CO[3]
                         net (fo=1, routed)           0.000     9.888    cnn_accelerator_system_i/cnn_accelerator_wino_0/inst/conv2/gic[0].u_it/tre_reg[1][1][7]_i_1_n_0
    SLICE_X68Y90                                                      r  cnn_accelerator_system_i/cnn_accelerator_wino_0/inst/conv2/gic[0].u_it/tre_reg[1][1][10]_i_1/CI
    SLICE_X68Y90         CARRY4 (Prop_carry4_CI_O[1])
                                                      0.334    10.222 r  cnn_accelerator_system_i/cnn_accelerator_wino_0/inst/conv2/gic[0].u_it/tre_reg[1][1][10]_i_1/O[1]
                         net (fo=1, routed)           0.000    10.222    cnn_accelerator_system_i/cnn_accelerator_wino_0/inst/conv2/gic[0].u_it/tre_c[1][1]_861[10]
    SLICE_X68Y90         FDRE                                         r  cnn_accelerator_system_i/cnn_accelerator_wino_0/inst/conv2/gic[0].u_it/tre_reg[1][1][10]/D
  -------------------------------------------------------------------    -------------------

                         (clock clk_out3_cnn_accelerator_system_clk_wiz_0_0 rise edge)
                                                      5.000     5.000 r  
    E3                                                0.000     5.000 r  CLK100MHZ (IN)
                         net (fo=0)                   0.000     5.000    CLK100MHZ
    E3                                                                r  CLK100MHZ_IBUF_inst/I
    E3                   IBUF (Prop_ibuf_I_O)         1.411     6.411 r  CLK100MHZ_IBUF_inst/O
                         net (fo=1, routed)           1.920     8.331    cnn_accelerator_system_i/util_ds_buf_0/U0/BUFG_I[0]
    BUFGCTRL_X0Y16                                                    r  cnn_accelerator_system_i/util_ds_buf_0/U0/USE_BUFG.GEN_BUFG[0].BUFG_U/I
    BUFGCTRL_X0Y16       BUFG (Prop_bufg_I_O)         0.091     8.422 r  cnn_accelerator_system_i/util_ds_buf_0/U0/USE_BUFG.GEN_BUFG[0].BUFG_U/O
                         net (fo=2, routed)           1.683    10.105    cnn_accelerator_system_i/clk_wiz_0/inst/clk_in1
    MMCME2_ADV_X0Y0                                                   r  cnn_accelerator_system_i/clk_wiz_0/inst/mmcm_adv_inst/CLKIN1
    MMCME2_ADV_X0Y0      MMCME2_ADV (Prop_mmcme2_adv_CLKIN1_CLKOUT2)
                                                     -3.694     6.411 r  cnn_accelerator_system_i/clk_wiz_0/inst/mmcm_adv_inst/CLKOUT2
                         net (fo=1, routed)           1.923     8.334    cnn_accelerator_system_i/clk_wiz_0/inst/clk_out3_cnn_accelerator_system_clk_wiz_0_0
    BUFGCTRL_X0Y2                                                     r  cnn_accelerator_system_i/clk_wiz_0/inst/clkout3_buf/I
    BUFGCTRL_X0Y2        BUFG (Prop_bufg_I_O)         0.091     8.425 r  cnn_accelerator_system_i/clk_wiz_0/inst/clkout3_buf/O
                         net (fo=51119, routed)       1.507     9.933    cnn_accelerator_system_i/cnn_accelerator_wino_0/inst/conv2/gic[0].u_it/clk
    SLICE_X68Y90         FDRE                                         r  cnn_accelerator_system_i/cnn_accelerator_wino_0/inst/conv2/gic[0].u_it/tre_reg[1][1][10]/C
                         clock pessimism              0.259    10.192    
                         clock uncertainty           -0.067    10.125    
    SLICE_X68Y90         FDRE (Setup_fdre_C_D)        0.062    10.187    cnn_accelerator_system_i/cnn_accelerator_wino_0/inst/conv2/gic[0].u_it/tre_reg[1][1][10]
  -------------------------------------------------------------------
                         required time                         10.187    
                         arrival time                         -10.222    
  -------------------------------------------------------------------
                         slack                                 -0.035    

Slack (VIOLATED) :        -0.032ns  (required time - arrival time)
  Source:                 cnn_accelerator_system_i/cnn_accelerator_wino_0/inst/conv2/tile6_q_reg[1280]/C
                            (rising edge-triggered cell FDRE clocked by clk_out3_cnn_accelerator_system_clk_wiz_0_0  {rise@0.000ns fall@2.500ns period=5.000ns})
  Destination:            cnn_accelerator_system_i/cnn_accelerator_wino_0/inst/conv2/gic[0].u_it/tre_reg[2][2][10]/D
                            (rising edge-triggered cell FDRE clocked by clk_out3_cnn_accelerator_system_clk_wiz_0_0  {rise@0.000ns fall@2.500ns period=5.000ns})
  Path Group:             clk_out3_cnn_accelerator_system_clk_wiz_0_0
  Path Type:              Setup (Max at Slow Process Corner)
  Requirement:            5.000ns  (clk_out3_cnn_accelerator_system_clk_wiz_0_0 rise@5.000ns - clk_out3_cnn_accelerator_system_clk_wiz_0_0 rise@0.000ns)
  Data Path Delay:        4.826ns  (logic 1.968ns (40.777%)  route 2.858ns (59.223%))
  Logic Levels:           5  (CARRY4=3 LUT3=2)
  Clock Path Skew:        -0.201ns (DCD - SCD + CPR)
    Destination Clock Delay (DCD):    4.913ns = ( 9.913 - 5.000 ) 
    Source Clock Delay      (SCD):    5.300ns
    Clock Pessimism Removal (CPR):    0.186ns
  Clock Uncertainty:      0.067ns  ((TSJ^2 + DJ^2)^1/2) / 2 + PE
    Total System Jitter     (TSJ):    0.071ns
    Discrete Jitter          (DJ):    0.113ns
    Phase Error              (PE):    0.000ns

    Location             Delay type                Incr(ns)  Path(ns)    Netlist Resource(s)
  -------------------------------------------------------------------    -------------------
                         (clock clk_out3_cnn_accelerator_system_clk_wiz_0_0 rise edge)
                                                      0.000     0.000 r  
    E3                                                0.000     0.000 r  CLK100MHZ (IN)
                         net (fo=0)                   0.000     0.000    CLK100MHZ
    E3                                                                r  CLK100MHZ_IBUF_inst/I
    E3                   IBUF (Prop_ibuf_I_O)         1.482     1.482 r  CLK100MHZ_IBUF_inst/O
                         net (fo=1, routed)           2.025     3.506    cnn_accelerator_system_i/util_ds_buf_0/U0/BUFG_I[0]
    BUFGCTRL_X0Y16                                                    r  cnn_accelerator_system_i/util_ds_buf_0/U0/USE_BUFG.GEN_BUFG[0].BUFG_U/I
    BUFGCTRL_X0Y16       BUFG (Prop_bufg_I_O)         0.096     3.602 r  cnn_accelerator_system_i/util_ds_buf_0/U0/USE_BUFG.GEN_BUFG[0].BUFG_U/O
                         net (fo=2, routed)           1.809     5.412    cnn_accelerator_system_i/clk_wiz_0/inst/clk_in1
    MMCME2_ADV_X0Y0                                                   r  cnn_accelerator_system_i/clk_wiz_0/inst/mmcm_adv_inst/CLKIN1
    MMCME2_ADV_X0Y0      MMCME2_ADV (Prop_mmcme2_adv_CLKIN1_CLKOUT2)
                                                     -3.922     1.490 r  cnn_accelerator_system_i/clk_wiz_0/inst/mmcm_adv_inst/CLKOUT2
                         net (fo=1, routed)           2.018     3.508    cnn_accelerator_system_i/clk_wiz_0/inst/clk_out3_cnn_accelerator_system_clk_wiz_0_0
    BUFGCTRL_X0Y2                                                     r  cnn_accelerator_system_i/clk_wiz_0/inst/clkout3_buf/I
    BUFGCTRL_X0Y2        BUFG (Prop_bufg_I_O)         0.096     3.604 r  cnn_accelerator_system_i/clk_wiz_0/inst/clkout3_buf/O
                         net (fo=51119, routed)       1.696     5.300    cnn_accelerator_system_i/cnn_accelerator_wino_0/inst/conv2/clk
    SLICE_X74Y115        FDRE                                         r  cnn_accelerator_system_i/cnn_accelerator_wino_0/inst/conv2/tile6_q_reg[1280]/C
  -------------------------------------------------------------------    -------------------
    SLICE_X74Y115        FDRE (Prop_fdre_C_Q)         0.518     5.818 r  cnn_accelerator_system_i/cnn_accelerator_wino_0/inst/conv2/tile6_q_reg[1280]/Q
                         net (fo=2, routed)           1.567     7.386    cnn_accelerator_system_i/cnn_accelerator_wino_0/inst/conv2/gic[0].u_it/Q[320]
    SLICE_X52Y118                                                     r  cnn_accelerator_system_i/cnn_accelerator_wino_0/inst/conv2/gic[0].u_it/i___20_rep_i_1/I2
    SLICE_X52Y118        LUT3 (Prop_lut3_I2_O)        0.150     7.536 r  cnn_accelerator_system_i/cnn_accelerator_wino_0/inst/conv2/gic[0].u_it/i___20_rep_i_1/O
                         net (fo=6, routed)           0.765     8.301    cnn_accelerator_system_i/cnn_accelerator_wino_0/inst/conv2/gic[0].u_it/gic[0].d_flat_ic[160]
    SLICE_X49Y118                                                     r  cnn_accelerator_system_i/cnn_accelerator_wino_0/inst/conv2/gic[0].u_it/tre[2][2][3]_i_5/I1
    SLICE_X49Y118        LUT3 (Prop_lut3_I1_O)        0.326     8.627 r  cnn_accelerator_system_i/cnn_accelerator_wino_0/inst/conv2/gic[0].u_it/tre[2][2][3]_i_5/O
                         net (fo=1, routed)           0.526     9.153    cnn_accelerator_system_i/cnn_accelerator_wino_0/inst/conv2/gic[0].u_it/tre[2][2][3]_i_5_n_0
    SLICE_X48Y119                                                     r  cnn_accelerator_system_i/cnn_accelerator_wino_0/inst/conv2/gic[0].u_it/tre_reg[2][2][3]_i_1/DI[0]
    SLICE_X48Y119        CARRY4 (Prop_carry4_DI[0]_CO[3])
                                                      0.526     9.679 r  cnn_accelerator_system_i/cnn_accelerator_wino_0/inst/conv2/gic[0].u_it/tre_reg[2][2][3]_i_1/CO[3]
                         net (fo=1, routed)           0.000     9.679    cnn_accelerator_system_i/cnn_accelerator_wino_0/inst/conv2/gic[0].u_it/tre_reg[2][2][3]_i_1_n_0
    SLICE_X48Y120                                                     r  cnn_accelerator_system_i/cnn_accelerator_wino_0/inst/conv2/gic[0].u_it/tre_reg[2][2][7]_i_1/CI
    SLICE_X48Y120        CARRY4 (Prop_carry4_CI_CO[3])
                                                      0.114     9.793 r  cnn_accelerator_system_i/cnn_accelerator_wino_0/inst/conv2/gic[0].u_it/tre_reg[2][2][7]_i_1/CO[3]
                         net (fo=1, routed)           0.000     9.793    cnn_accelerator_system_i/cnn_accelerator_wino_0/inst/conv2/gic[0].u_it/tre_reg[2][2][7]_i_1_n_0
    SLICE_X48Y121                                                     r  cnn_accelerator_system_i/cnn_accelerator_wino_0/inst/conv2/gic[0].u_it/tre_reg[2][2][10]_i_1/CI
    SLICE_X48Y121        CARRY4 (Prop_carry4_CI_O[1])
                                                      0.334    10.127 r  cnn_accelerator_system_i/cnn_accelerator_wino_0/inst/conv2/gic[0].u_it/tre_reg[2][2][10]_i_1/O[1]
                         net (fo=1, routed)           0.000    10.127    cnn_accelerator_system_i/cnn_accelerator_wino_0/inst/conv2/gic[0].u_it/tre_c[2][2]_856[10]
    SLICE_X48Y121        FDRE                                         r  cnn_accelerator_system_i/cnn_accelerator_wino_0/inst/conv2/gic[0].u_it/tre_reg[2][2][10]/D
  -------------------------------------------------------------------    -------------------

                         (clock clk_out3_cnn_accelerator_system_clk_wiz_0_0 rise edge)
                                                      5.000     5.000 r  
    E3                                                0.000     5.000 r  CLK100MHZ (IN)
                         net (fo=0)                   0.000     5.000    CLK100MHZ
    E3                                                                r  CLK100MHZ_IBUF_inst/I
    E3                   IBUF (Prop_ibuf_I_O)         1.411     6.411 r  CLK100MHZ_IBUF_inst/O
                         net (fo=1, routed)           1.920     8.331    cnn_accelerator_system_i/util_ds_buf_0/U0/BUFG_I[0]
    BUFGCTRL_X0Y16                                                    r  cnn_accelerator_system_i/util_ds_buf_0/U0/USE_BUFG.GEN_BUFG[0].BUFG_U/I
    BUFGCTRL_X0Y16       BUFG (Prop_bufg_I_O)         0.091     8.422 r  cnn_accelerator_system_i/util_ds_buf_0/U0/USE_BUFG.GEN_BUFG[0].BUFG_U/O
                         net (fo=2, routed)           1.683    10.105    cnn_accelerator_system_i/clk_wiz_0/inst/clk_in1
    MMCME2_ADV_X0Y0                                                   r  cnn_accelerator_system_i/clk_wiz_0/inst/mmcm_adv_inst/CLKIN1
    MMCME2_ADV_X0Y0      MMCME2_ADV (Prop_mmcme2_adv_CLKIN1_CLKOUT2)
                                                     -3.694     6.411 r  cnn_accelerator_system_i/clk_wiz_0/inst/mmcm_adv_inst/CLKOUT2
                         net (fo=1, routed)           1.923     8.334    cnn_accelerator_system_i/clk_wiz_0/inst/clk_out3_cnn_accelerator_system_clk_wiz_0_0
    BUFGCTRL_X0Y2                                                     r  cnn_accelerator_system_i/clk_wiz_0/inst/clkout3_buf/I
    BUFGCTRL_X0Y2        BUFG (Prop_bufg_I_O)         0.091     8.425 r  cnn_accelerator_system_i/clk_wiz_0/inst/clkout3_buf/O
                         net (fo=51119, routed)       1.488     9.913    cnn_accelerator_system_i/cnn_accelerator_wino_0/inst/conv2/gic[0].u_it/clk
    SLICE_X48Y121        FDRE                                         r  cnn_accelerator_system_i/cnn_accelerator_wino_0/inst/conv2/gic[0].u_it/tre_reg[2][2][10]/C
                         clock pessimism              0.186    10.099    
                         clock uncertainty           -0.067    10.032    
    SLICE_X48Y121        FDRE (Setup_fdre_C_D)        0.062    10.094    cnn_accelerator_system_i/cnn_accelerator_wino_0/inst/conv2/gic[0].u_it/tre_reg[2][2][10]
  -------------------------------------------------------------------
                         required time                         10.094    
                         arrival time                         -10.127    
  -------------------------------------------------------------------
                         slack                                 -0.032    

Slack (VIOLATED) :        -0.029ns  (required time - arrival time)
  Source:                 cnn_accelerator_system_i/cnn_accelerator_wino_0/inst/conv2/gpab_re_reg[12][1]/C
                            (rising edge-triggered cell FDRE clocked by clk_out3_cnn_accelerator_system_clk_wiz_0_0  {rise@0.000ns fall@2.500ns period=5.000ns})
  Destination:            cnn_accelerator_system_i/cnn_accelerator_wino_0/inst/conv2/gpre_q_reg[12][14]/D
                            (rising edge-triggered cell FDRE clocked by clk_out3_cnn_accelerator_system_clk_wiz_0_0  {rise@0.000ns fall@2.500ns period=5.000ns})
  Path Group:             clk_out3_cnn_accelerator_system_clk_wiz_0_0
  Path Type:              Setup (Max at Slow Process Corner)
  Requirement:            5.000ns  (clk_out3_cnn_accelerator_system_clk_wiz_0_0 rise@5.000ns - clk_out3_cnn_accelerator_system_clk_wiz_0_0 rise@0.000ns)
  Data Path Delay:        4.427ns  (logic 1.721ns (38.871%)  route 2.706ns (61.129%))
  Logic Levels:           5  (CARRY4=4 LUT2=1)
  Clock Path Skew:        -0.290ns (DCD - SCD + CPR)
    Destination Clock Delay (DCD):    4.933ns = ( 9.933 - 5.000 ) 
    Source Clock Delay      (SCD):    5.410ns
    Clock Pessimism Removal (CPR):    0.187ns
  Clock Uncertainty:      0.067ns  ((TSJ^2 + DJ^2)^1/2) / 2 + PE
    Total System Jitter     (TSJ):    0.071ns
    Discrete Jitter          (DJ):    0.113ns
    Phase Error              (PE):    0.000ns

    Location             Delay type                Incr(ns)  Path(ns)    Netlist Resource(s)
  -------------------------------------------------------------------    -------------------
                         (clock clk_out3_cnn_accelerator_system_clk_wiz_0_0 rise edge)
                                                      0.000     0.000 r  
    E3                                                0.000     0.000 r  CLK100MHZ (IN)
                         net (fo=0)                   0.000     0.000    CLK100MHZ
    E3                                                                r  CLK100MHZ_IBUF_inst/I
    E3                   IBUF (Prop_ibuf_I_O)         1.482     1.482 r  CLK100MHZ_IBUF_inst/O
                         net (fo=1, routed)           2.025     3.506    cnn_accelerator_system_i/util_ds_buf_0/U0/BUFG_I[0]
    BUFGCTRL_X0Y16                                                    r  cnn_accelerator_system_i/util_ds_buf_0/U0/USE_BUFG.GEN_BUFG[0].BUFG_U/I
    BUFGCTRL_X0Y16       BUFG (Prop_bufg_I_O)         0.096     3.602 r  cnn_accelerator_system_i/util_ds_buf_0/U0/USE_BUFG.GEN_BUFG[0].BUFG_U/O
                         net (fo=2, routed)           1.809     5.412    cnn_accelerator_system_i/clk_wiz_0/inst/clk_in1
    MMCME2_ADV_X0Y0                                                   r  cnn_accelerator_system_i/clk_wiz_0/inst/mmcm_adv_inst/CLKIN1
    MMCME2_ADV_X0Y0      MMCME2_ADV (Prop_mmcme2_adv_CLKIN1_CLKOUT2)
                                                     -3.922     1.490 r  cnn_accelerator_system_i/clk_wiz_0/inst/mmcm_adv_inst/CLKOUT2
                         net (fo=1, routed)           2.018     3.508    cnn_accelerator_system_i/clk_wiz_0/inst/clk_out3_cnn_accelerator_system_clk_wiz_0_0
    BUFGCTRL_X0Y2                                                     r  cnn_accelerator_system_i/clk_wiz_0/inst/clkout3_buf/I
    BUFGCTRL_X0Y2        BUFG (Prop_bufg_I_O)         0.096     3.604 r  cnn_accelerator_system_i/clk_wiz_0/inst/clkout3_buf/O
                         net (fo=51119, routed)       1.805     5.410    cnn_accelerator_system_i/cnn_accelerator_wino_0/inst/conv2/clk
    SLICE_X31Y16         FDRE                                         r  cnn_accelerator_system_i/cnn_accelerator_wino_0/inst/conv2/gpab_re_reg[12][1]/C
  -------------------------------------------------------------------    -------------------
    SLICE_X31Y16         FDRE (Prop_fdre_C_Q)         0.456     5.866 r  cnn_accelerator_system_i/cnn_accelerator_wino_0/inst/conv2/gpab_re_reg[12][1]/Q
                         net (fo=2, routed)           1.296     7.162    cnn_accelerator_system_i/cnn_accelerator_wino_0/inst/conv2/gpab_re_reg[12]_1125[1]
    SLICE_X32Y41                                                      r  cnn_accelerator_system_i/cnn_accelerator_wino_0/inst/conv2/gpre_q[12][3]_i_4/I0
    SLICE_X32Y41         LUT2 (Prop_lut2_I0_O)        0.124     7.286 r  cnn_accelerator_system_i/cnn_accelerator_wino_0/inst/conv2/gpre_q[12][3]_i_4/O
                         net (fo=1, routed)           0.295     7.580    cnn_accelerator_system_i/cnn_accelerator_wino_0/inst/conv2/gpre_q[12][3]_i_4_n_0
    SLICE_X33Y43                                                      r  cnn_accelerator_system_i/cnn_accelerator_wino_0/inst/conv2/gpre_q_reg[12][3]_i_1/S[1]
    SLICE_X33Y43         CARRY4 (Prop_carry4_S[1]_CO[3])
                                                      0.674     8.254 r  cnn_accelerator_system_i/cnn_accelerator_wino_0/inst/conv2/gpre_q_reg[12][3]_i_1/CO[3]
                         net (fo=1, routed)           0.000     8.254    cnn_accelerator_system_i/cnn_accelerator_wino_0/inst/conv2/gpre_q_reg[12][3]_i_1_n_0
    SLICE_X33Y44                                                      r  cnn_accelerator_system_i/cnn_accelerator_wino_0/inst/conv2/gpre_q_reg[12][7]_i_1/CI
    SLICE_X33Y44         CARRY4 (Prop_carry4_CI_CO[3])
                                                      0.114     8.368 r  cnn_accelerator_system_i/cnn_accelerator_wino_0/inst/conv2/gpre_q_reg[12][7]_i_1/CO[3]
                         net (fo=1, routed)           0.000     8.368    cnn_accelerator_system_i/cnn_accelerator_wino_0/inst/conv2/gpre_q_reg[12][7]_i_1_n_0
    SLICE_X33Y45                                                      r  cnn_accelerator_system_i/cnn_accelerator_wino_0/inst/conv2/gpre_q_reg[12][11]_i_1/CI
    SLICE_X33Y45         CARRY4 (Prop_carry4_CI_CO[3])
                                                      0.114     8.482 r  cnn_accelerator_system_i/cnn_accelerator_wino_0/inst/conv2/gpre_q_reg[12][11]_i_1/CO[3]
                         net (fo=1, routed)           0.000     8.482    cnn_accelerator_system_i/cnn_accelerator_wino_0/inst/conv2/gpre_q_reg[12][11]_i_1_n_0
    SLICE_X33Y46                                                      r  cnn_accelerator_system_i/cnn_accelerator_wino_0/inst/conv2/gpre_q_reg[12][15]_i_1/CI
    SLICE_X33Y46         CARRY4 (Prop_carry4_CI_O[2])
                                                      0.239     8.721 r  cnn_accelerator_system_i/cnn_accelerator_wino_0/inst/conv2/gpre_q_reg[12][15]_i_1/O[2]
                         net (fo=1, routed)           1.116     9.837    cnn_accelerator_system_i/cnn_accelerator_wino_0/inst/conv2/gpre[12]_1126[14]
    SLICE_X41Y67         FDRE                                         r  cnn_accelerator_system_i/cnn_accelerator_wino_0/inst/conv2/gpre_q_reg[12][14]/D
  -------------------------------------------------------------------    -------------------

                         (clock clk_out3_cnn_accelerator_system_clk_wiz_0_0 rise edge)
                                                      5.000     5.000 r  
    E3                                                0.000     5.000 r  CLK100MHZ (IN)
                         net (fo=0)                   0.000     5.000    CLK100MHZ
    E3                                                                r  CLK100MHZ_IBUF_inst/I
    E3                   IBUF (Prop_ibuf_I_O)         1.411     6.411 r  CLK100MHZ_IBUF_inst/O
                         net (fo=1, routed)           1.920     8.331    cnn_accelerator_system_i/util_ds_buf_0/U0/BUFG_I[0]
    BUFGCTRL_X0Y16                                                    r  cnn_accelerator_system_i/util_ds_buf_0/U0/USE_BUFG.GEN_BUFG[0].BUFG_U/I
    BUFGCTRL_X0Y16       BUFG (Prop_bufg_I_O)         0.091     8.422 r  cnn_accelerator_system_i/util_ds_buf_0/U0/USE_BUFG.GEN_BUFG[0].BUFG_U/O
                         net (fo=2, routed)           1.683    10.105    cnn_accelerator_system_i/clk_wiz_0/inst/clk_in1
    MMCME2_ADV_X0Y0                                                   r  cnn_accelerator_system_i/clk_wiz_0/inst/mmcm_adv_inst/CLKIN1
    MMCME2_ADV_X0Y0      MMCME2_ADV (Prop_mmcme2_adv_CLKIN1_CLKOUT2)
                                                     -3.694     6.411 r  cnn_accelerator_system_i/clk_wiz_0/inst/mmcm_adv_inst/CLKOUT2
                         net (fo=1, routed)           1.923     8.334    cnn_accelerator_system_i/clk_wiz_0/inst/clk_out3_cnn_accelerator_system_clk_wiz_0_0
    BUFGCTRL_X0Y2                                                     r  cnn_accelerator_system_i/clk_wiz_0/inst/clkout3_buf/I
    BUFGCTRL_X0Y2        BUFG (Prop_bufg_I_O)         0.091     8.425 r  cnn_accelerator_system_i/clk_wiz_0/inst/clkout3_buf/O
                         net (fo=51119, routed)       1.507     9.933    cnn_accelerator_system_i/cnn_accelerator_wino_0/inst/conv2/clk
    SLICE_X41Y67         FDRE                                         r  cnn_accelerator_system_i/cnn_accelerator_wino_0/inst/conv2/gpre_q_reg[12][14]/C
                         clock pessimism              0.187    10.120    
                         clock uncertainty           -0.067    10.053    
    SLICE_X41Y67         FDRE (Setup_fdre_C_D)       -0.245     9.808    cnn_accelerator_system_i/cnn_accelerator_wino_0/inst/conv2/gpre_q_reg[12][14]
  -------------------------------------------------------------------
                         required time                          9.808    
                         arrival time                          -9.837    
  -------------------------------------------------------------------
                         slack                                 -0.029    

Slack (VIOLATED) :        -0.027ns  (required time - arrival time)
  Source:                 cnn_accelerator_system_i/cnn_accelerator_wino_0/inst/conv2/gic[1].u_it/vim_3_4_p0_q_reg[1]/C
                            (rising edge-triggered cell FDRE clocked by clk_out3_cnn_accelerator_system_clk_wiz_0_0  {rise@0.000ns fall@2.500ns period=5.000ns})
  Destination:            cnn_accelerator_system_i/cnn_accelerator_wino_0/inst/conv2/lane[1].u_mul/a_q_reg[531]/D
                            (rising edge-triggered cell FDRE clocked by clk_out3_cnn_accelerator_system_clk_wiz_0_0  {rise@0.000ns fall@2.500ns period=5.000ns})
  Path Group:             clk_out3_cnn_accelerator_system_clk_wiz_0_0
  Path Type:              Setup (Max at Slow Process Corner)
  Requirement:            5.000ns  (clk_out3_cnn_accelerator_system_clk_wiz_0_0 rise@5.000ns - clk_out3_cnn_accelerator_system_clk_wiz_0_0 rise@0.000ns)
  Data Path Delay:        4.906ns  (logic 2.779ns (56.651%)  route 2.127ns (43.349%))
  Logic Levels:           7  (CARRY4=5 LUT2=2)
  Clock Path Skew:        -0.117ns (DCD - SCD + CPR)
    Destination Clock Delay (DCD):    4.917ns = ( 9.917 - 5.000 ) 
    Source Clock Delay      (SCD):    5.291ns
    Clock Pessimism Removal (CPR):    0.257ns
  Clock Uncertainty:      0.067ns  ((TSJ^2 + DJ^2)^1/2) / 2 + PE
    Total System Jitter     (TSJ):    0.071ns
    Discrete Jitter          (DJ):    0.113ns
    Phase Error              (PE):    0.000ns

    Location             Delay type                Incr(ns)  Path(ns)    Netlist Resource(s)
  -------------------------------------------------------------------    -------------------
                         (clock clk_out3_cnn_accelerator_system_clk_wiz_0_0 rise edge)
                                                      0.000     0.000 r  
    E3                                                0.000     0.000 r  CLK100MHZ (IN)
                         net (fo=0)                   0.000     0.000    CLK100MHZ
    E3                                                                r  CLK100MHZ_IBUF_inst/I
    E3                   IBUF (Prop_ibuf_I_O)         1.482     1.482 r  CLK100MHZ_IBUF_inst/O
                         net (fo=1, routed)           2.025     3.506    cnn_accelerator_system_i/util_ds_buf_0/U0/BUFG_I[0]
    BUFGCTRL_X0Y16                                                    r  cnn_accelerator_system_i/util_ds_buf_0/U0/USE_BUFG.GEN_BUFG[0].BUFG_U/I
    BUFGCTRL_X0Y16       BUFG (Prop_bufg_I_O)         0.096     3.602 r  cnn_accelerator_system_i/util_ds_buf_0/U0/USE_BUFG.GEN_BUFG[0].BUFG_U/O
                         net (fo=2, routed)           1.809     5.412    cnn_accelerator_system_i/clk_wiz_0/inst/clk_in1
    MMCME2_ADV_X0Y0                                                   r  cnn_accelerator_system_i/clk_wiz_0/inst/mmcm_adv_inst/CLKIN1
    MMCME2_ADV_X0Y0      MMCME2_ADV (Prop_mmcme2_adv_CLKIN1_CLKOUT2)
                                                     -3.922     1.490 r  cnn_accelerator_system_i/clk_wiz_0/inst/mmcm_adv_inst/CLKOUT2
                         net (fo=1, routed)           2.018     3.508    cnn_accelerator_system_i/clk_wiz_0/inst/clk_out3_cnn_accelerator_system_clk_wiz_0_0
    BUFGCTRL_X0Y2                                                     r  cnn_accelerator_system_i/clk_wiz_0/inst/clkout3_buf/I
    BUFGCTRL_X0Y2        BUFG (Prop_bufg_I_O)         0.096     3.604 r  cnn_accelerator_system_i/clk_wiz_0/inst/clkout3_buf/O
                         net (fo=51119, routed)       1.687     5.291    cnn_accelerator_system_i/cnn_accelerator_wino_0/inst/conv2/gic[1].u_it/clk
    SLICE_X72Y121        FDRE                                         r  cnn_accelerator_system_i/cnn_accelerator_wino_0/inst/conv2/gic[1].u_it/vim_3_4_p0_q_reg[1]/C
  -------------------------------------------------------------------    -------------------
    SLICE_X72Y121        FDRE (Prop_fdre_C_Q)         0.456     5.747 r  cnn_accelerator_system_i/cnn_accelerator_wino_0/inst/conv2/gic[1].u_it/vim_3_4_p0_q_reg[1]/Q
                         net (fo=2, routed)           0.863     6.610    cnn_accelerator_system_i/cnn_accelerator_wino_0/inst/conv2/gic[1].u_it/vim_3_4_p0_q[1]
    SLICE_X61Y121                                                     r  cnn_accelerator_system_i/cnn_accelerator_wino_0/inst/conv2/gic[1].u_it/a_q[549]_i_4__0/I0
    SLICE_X61Y121        LUT2 (Prop_lut2_I0_O)        0.124     6.734 r  cnn_accelerator_system_i/cnn_accelerator_wino_0/inst/conv2/gic[1].u_it/a_q[549]_i_4__0/O
                         net (fo=1, routed)           0.000     6.734    cnn_accelerator_system_i/cnn_accelerator_wino_0/inst/conv2/gic[1].u_it/a_q[549]_i_4__0_n_0
    SLICE_X61Y121                                                     r  cnn_accelerator_system_i/cnn_accelerator_wino_0/inst/conv2/gic[1].u_it/a_q_reg[549]_i_1__0/S[1]
    SLICE_X61Y121        CARRY4 (Prop_carry4_S[1]_CO[3])
                                                      0.550     7.284 r  cnn_accelerator_system_i/cnn_accelerator_wino_0/inst/conv2/gic[1].u_it/a_q_reg[549]_i_1__0/CO[3]
                         net (fo=1, routed)           0.000     7.284    cnn_accelerator_system_i/cnn_accelerator_wino_0/inst/conv2/gic[1].u_it/a_q_reg[549]_i_1__0_n_0
    SLICE_X61Y122                                                     r  cnn_accelerator_system_i/cnn_accelerator_wino_0/inst/conv2/gic[1].u_it/a_q_reg[553]_i_1__0/CI
    SLICE_X61Y122        CARRY4 (Prop_carry4_CI_O[1])
                                                      0.348     7.632 r  cnn_accelerator_system_i/cnn_accelerator_wino_0/inst/conv2/gic[1].u_it/a_q_reg[553]_i_1__0/O[1]
                         net (fo=2, routed)           1.263     8.895    cnn_accelerator_system_i/cnn_accelerator_wino_0/inst/conv2/gic[1].u_it/a_flat[491]
    SLICE_X53Y99                                                      r  cnn_accelerator_system_i/cnn_accelerator_wino_0/inst/conv2/gic[1].u_it/a_q[525]_i_4__0/I1
    SLICE_X53Y99         LUT2 (Prop_lut2_I1_O)        0.303     9.198 r  cnn_accelerator_system_i/cnn_accelerator_wino_0/inst/conv2/gic[1].u_it/a_q[525]_i_4__0/O
                         net (fo=1, routed)           0.000     9.198    cnn_accelerator_system_i/cnn_accelerator_wino_0/inst/conv2/gic[1].u_it/a_q[525]_i_4__0_n_0
    SLICE_X53Y99                                                      r  cnn_accelerator_system_i/cnn_accelerator_wino_0/inst/conv2/gic[1].u_it/a_q_reg[525]_i_1__0/S[1]
    SLICE_X53Y99         CARRY4 (Prop_carry4_S[1]_CO[3])
                                                      0.550     9.748 r  cnn_accelerator_system_i/cnn_accelerator_wino_0/inst/conv2/gic[1].u_it/a_q_reg[525]_i_1__0/CO[3]
                         net (fo=1, routed)           0.001     9.749    cnn_accelerator_system_i/cnn_accelerator_wino_0/inst/conv2/gic[1].u_it/a_q_reg[525]_i_1__0_n_0
    SLICE_X53Y100                                                     r  cnn_accelerator_system_i/cnn_accelerator_wino_0/inst/conv2/gic[1].u_it/a_q_reg[529]_i_1__0/CI
    SLICE_X53Y100        CARRY4 (Prop_carry4_CI_CO[3])
                                                      0.114     9.863 r  cnn_accelerator_system_i/cnn_accelerator_wino_0/inst/conv2/gic[1].u_it/a_q_reg[529]_i_1__0/CO[3]
                         net (fo=1, routed)           0.000     9.863    cnn_accelerator_system_i/cnn_accelerator_wino_0/inst/conv2/gic[1].u_it/a_q_reg[529]_i_1__0_n_0
    SLICE_X53Y101                                                     r  cnn_accelerator_system_i/cnn_accelerator_wino_0/inst/conv2/gic[1].u_it/a_q_reg[531]_i_1__0/CI
    SLICE_X53Y101        CARRY4 (Prop_carry4_CI_O[1])
                                                      0.334    10.197 r  cnn_accelerator_system_i/cnn_accelerator_wino_0/inst/conv2/gic[1].u_it/a_q_reg[531]_i_1__0/O[1]
                         net (fo=1, routed)           0.000    10.197    cnn_accelerator_system_i/cnn_accelerator_wino_0/inst/conv2/lane[1].u_mul/a_flat[471]
    SLICE_X53Y101        FDRE                                         r  cnn_accelerator_system_i/cnn_accelerator_wino_0/inst/conv2/lane[1].u_mul/a_q_reg[531]/D
  -------------------------------------------------------------------    -------------------

                         (clock clk_out3_cnn_accelerator_system_clk_wiz_0_0 rise edge)
                                                      5.000     5.000 r  
    E3                                                0.000     5.000 r  CLK100MHZ (IN)
                         net (fo=0)                   0.000     5.000    CLK100MHZ
    E3                                                                r  CLK100MHZ_IBUF_inst/I
    E3                   IBUF (Prop_ibuf_I_O)         1.411     6.411 r  CLK100MHZ_IBUF_inst/O
                         net (fo=1, routed)           1.920     8.331    cnn_accelerator_system_i/util_ds_buf_0/U0/BUFG_I[0]
    BUFGCTRL_X0Y16                                                    r  cnn_accelerator_system_i/util_ds_buf_0/U0/USE_BUFG.GEN_BUFG[0].BUFG_U/I
    BUFGCTRL_X0Y16       BUFG (Prop_bufg_I_O)         0.091     8.422 r  cnn_accelerator_system_i/util_ds_buf_0/U0/USE_BUFG.GEN_BUFG[0].BUFG_U/O
                         net (fo=2, routed)           1.683    10.105    cnn_accelerator_system_i/clk_wiz_0/inst/clk_in1
    MMCME2_ADV_X0Y0                                                   r  cnn_accelerator_system_i/clk_wiz_0/inst/mmcm_adv_inst/CLKIN1
    MMCME2_ADV_X0Y0      MMCME2_ADV (Prop_mmcme2_adv_CLKIN1_CLKOUT2)
                                                     -3.694     6.411 r  cnn_accelerator_system_i/clk_wiz_0/inst/mmcm_adv_inst/CLKOUT2
                         net (fo=1, routed)           1.923     8.334    cnn_accelerator_system_i/clk_wiz_0/inst/clk_out3_cnn_accelerator_system_clk_wiz_0_0
    BUFGCTRL_X0Y2                                                     r  cnn_accelerator_system_i/clk_wiz_0/inst/clkout3_buf/I
    BUFGCTRL_X0Y2        BUFG (Prop_bufg_I_O)         0.091     8.425 r  cnn_accelerator_system_i/clk_wiz_0/inst/clkout3_buf/O
                         net (fo=51119, routed)       1.492     9.917    cnn_accelerator_system_i/cnn_accelerator_wino_0/inst/conv2/lane[1].u_mul/clk
    SLICE_X53Y101        FDRE                                         r  cnn_accelerator_system_i/cnn_accelerator_wino_0/inst/conv2/lane[1].u_mul/a_q_reg[531]/C
                         clock pessimism              0.257    10.174    
                         clock uncertainty           -0.067    10.108    
    SLICE_X53Y101        FDRE (Setup_fdre_C_D)        0.062    10.170    cnn_accelerator_system_i/cnn_accelerator_wino_0/inst/conv2/lane[1].u_mul/a_q_reg[531]
  -------------------------------------------------------------------
                         required time                         10.170    
                         arrival time                         -10.197    
  -------------------------------------------------------------------
                         slack                                 -0.027    

Slack (VIOLATED) :        -0.018ns  (required time - arrival time)
  Source:                 cnn_accelerator_system_i/cnn_accelerator_wino_0/inst/conv2/gic[2].u_it/vre_3_1_p0_q_reg[5]/C
                            (rising edge-triggered cell FDRE clocked by clk_out3_cnn_accelerator_system_clk_wiz_0_0  {rise@0.000ns fall@2.500ns period=5.000ns})
  Destination:            cnn_accelerator_system_i/cnn_accelerator_wino_0/inst/conv2/lane[2].u_mul/a_q_reg[404]/D
                            (rising edge-triggered cell FDRE clocked by clk_out3_cnn_accelerator_system_clk_wiz_0_0  {rise@0.000ns fall@2.500ns period=5.000ns})
  Path Group:             clk_out3_cnn_accelerator_system_clk_wiz_0_0
  Path Type:              Setup (Max at Slow Process Corner)
  Requirement:            5.000ns  (clk_out3_cnn_accelerator_system_clk_wiz_0_0 rise@5.000ns - clk_out3_cnn_accelerator_system_clk_wiz_0_0 rise@0.000ns)
  Data Path Delay:        4.911ns  (logic 2.529ns (51.491%)  route 2.382ns (48.509%))
  Logic Levels:           6  (CARRY4=4 LUT2=2)
  Clock Path Skew:        -0.102ns (DCD - SCD + CPR)
    Destination Clock Delay (DCD):    4.925ns = ( 9.925 - 5.000 ) 
    Source Clock Delay      (SCD):    5.213ns
    Clock Pessimism Removal (CPR):    0.186ns
  Clock Uncertainty:      0.067ns  ((TSJ^2 + DJ^2)^1/2) / 2 + PE
    Total System Jitter     (TSJ):    0.071ns
    Discrete Jitter          (DJ):    0.113ns
    Phase Error              (PE):    0.000ns

    Location             Delay type                Incr(ns)  Path(ns)    Netlist Resource(s)
  -------------------------------------------------------------------    -------------------
                         (clock clk_out3_cnn_accelerator_system_clk_wiz_0_0 rise edge)
                                                      0.000     0.000 r  
    E3                                                0.000     0.000 r  CLK100MHZ (IN)
                         net (fo=0)                   0.000     0.000    CLK100MHZ
    E3                                                                r  CLK100MHZ_IBUF_inst/I
    E3                   IBUF (Prop_ibuf_I_O)         1.482     1.482 r  CLK100MHZ_IBUF_inst/O
                         net (fo=1, routed)           2.025     3.506    cnn_accelerator_system_i/util_ds_buf_0/U0/BUFG_I[0]
    BUFGCTRL_X0Y16                                                    r  cnn_accelerator_system_i/util_ds_buf_0/U0/USE_BUFG.GEN_BUFG[0].BUFG_U/I
    BUFGCTRL_X0Y16       BUFG (Prop_bufg_I_O)         0.096     3.602 r  cnn_accelerator_system_i/util_ds_buf_0/U0/USE_BUFG.GEN_BUFG[0].BUFG_U/O
                         net (fo=2, routed)           1.809     5.412    cnn_accelerator_system_i/clk_wiz_0/inst/clk_in1
    MMCME2_ADV_X0Y0                                                   r  cnn_accelerator_system_i/clk_wiz_0/inst/mmcm_adv_inst/CLKIN1
    MMCME2_ADV_X0Y0      MMCME2_ADV (Prop_mmcme2_adv_CLKIN1_CLKOUT2)
                                                     -3.922     1.490 r  cnn_accelerator_system_i/clk_wiz_0/inst/mmcm_adv_inst/CLKOUT2
                         net (fo=1, routed)           2.018     3.508    cnn_accelerator_system_i/clk_wiz_0/inst/clk_out3_cnn_accelerator_system_clk_wiz_0_0
    BUFGCTRL_X0Y2                                                     r  cnn_accelerator_system_i/clk_wiz_0/inst/clkout3_buf/I
    BUFGCTRL_X0Y2        BUFG (Prop_bufg_I_O)         0.096     3.604 r  cnn_accelerator_system_i/clk_wiz_0/inst/clkout3_buf/O
                         net (fo=51119, routed)       1.609     5.213    cnn_accelerator_system_i/cnn_accelerator_wino_0/inst/conv2/gic[2].u_it/clk
    SLICE_X53Y110        FDRE                                         r  cnn_accelerator_system_i/cnn_accelerator_wino_0/inst/conv2/gic[2].u_it/vre_3_1_p0_q_reg[5]/C
  -------------------------------------------------------------------    -------------------
    SLICE_X53Y110        FDRE (Prop_fdre_C_Q)         0.456     5.669 r  cnn_accelerator_system_i/cnn_accelerator_wino_0/inst/conv2/gic[2].u_it/vre_3_1_p0_q_reg[5]/Q
                         net (fo=2, routed)           1.282     6.952    cnn_accelerator_system_i/cnn_accelerator_wino_0/inst/conv2/gic[2].u_it/vre_3_1_p0_q[5]
    SLICE_X56Y132                                                     r  cnn_accelerator_system_i/cnn_accelerator_wino_0/inst/conv2/gic[2].u_it/a_q[413]_i_4__1/I0
    SLICE_X56Y132        LUT2 (Prop_lut2_I0_O)        0.124     7.076 r  cnn_accelerator_system_i/cnn_accelerator_wino_0/inst/conv2/gic[2].u_it/a_q[413]_i_4__1/O
                         net (fo=1, routed)           0.000     7.076    cnn_accelerator_system_i/cnn_accelerator_wino_0/inst/conv2/gic[2].u_it/a_q[413]_i_4__1_n_0
    SLICE_X56Y132                                                     r  cnn_accelerator_system_i/cnn_accelerator_wino_0/inst/conv2/gic[2].u_it/a_q_reg[413]_i_1__1/S[1]
    SLICE_X56Y132        CARRY4 (Prop_carry4_S[1]_CO[3])
                                                      0.533     7.609 r  cnn_accelerator_system_i/cnn_accelerator_wino_0/inst/conv2/gic[2].u_it/a_q_reg[413]_i_1__1/CO[3]
                         net (fo=1, routed)           0.000     7.609    cnn_accelerator_system_i/cnn_accelerator_wino_0/inst/conv2/gic[2].u_it/a_q_reg[413]_i_1__1_n_0
    SLICE_X56Y133                                                     r  cnn_accelerator_system_i/cnn_accelerator_wino_0/inst/conv2/gic[2].u_it/a_q_reg[417]_i_1__1/CI
    SLICE_X56Y133        CARRY4 (Prop_carry4_CI_O[1])
                                                      0.337     7.946 r  cnn_accelerator_system_i/cnn_accelerator_wino_0/inst/conv2/gic[2].u_it/a_q_reg[417]_i_1__1/O[1]
                         net (fo=3, routed)           1.100     9.046    cnn_accelerator_system_i/cnn_accelerator_wino_0/inst/conv2/gic[2].u_it/a_flat[360]
    SLICE_X37Y133                                                     r  cnn_accelerator_system_i/cnn_accelerator_wino_0/inst/conv2/gic[2].u_it/a_q[403]_i_4__1/I0
    SLICE_X37Y133        LUT2 (Prop_lut2_I0_O)        0.306     9.352 r  cnn_accelerator_system_i/cnn_accelerator_wino_0/inst/conv2/gic[2].u_it/a_q[403]_i_4__1/O
                         net (fo=1, routed)           0.000     9.352    cnn_accelerator_system_i/cnn_accelerator_wino_0/inst/conv2/gic[2].u_it/a_q[403]_i_4__1_n_0
    SLICE_X37Y133                                                     r  cnn_accelerator_system_i/cnn_accelerator_wino_0/inst/conv2/gic[2].u_it/a_q_reg[403]_i_1__1/S[1]
    SLICE_X37Y133        CARRY4 (Prop_carry4_S[1]_CO[3])
                                                      0.550     9.902 r  cnn_accelerator_system_i/cnn_accelerator_wino_0/inst/conv2/gic[2].u_it/a_q_reg[403]_i_1__1/CO[3]
                         net (fo=1, routed)           0.000     9.902    cnn_accelerator_system_i/cnn_accelerator_wino_0/inst/conv2/gic[2].u_it/a_q_reg[403]_i_1__1_n_0
    SLICE_X37Y134                                                     r  cnn_accelerator_system_i/cnn_accelerator_wino_0/inst/conv2/gic[2].u_it/a_q_reg[405]_i_1__1/CI
    SLICE_X37Y134        CARRY4 (Prop_carry4_CI_O[0])
                                                      0.223    10.125 r  cnn_accelerator_system_i/cnn_accelerator_wino_0/inst/conv2/gic[2].u_it/a_q_reg[405]_i_1__1/O[0]
                         net (fo=1, routed)           0.000    10.125    cnn_accelerator_system_i/cnn_accelerator_wino_0/inst/conv2/lane[2].u_mul/a_flat[349]
    SLICE_X37Y134        FDRE                                         r  cnn_accelerator_system_i/cnn_accelerator_wino_0/inst/conv2/lane[2].u_mul/a_q_reg[404]/D
  -------------------------------------------------------------------    -------------------

                         (clock clk_out3_cnn_accelerator_system_clk_wiz_0_0 rise edge)
                                                      5.000     5.000 r  
    E3                                                0.000     5.000 r  CLK100MHZ (IN)
                         net (fo=0)                   0.000     5.000    CLK100MHZ
    E3                                                                r  CLK100MHZ_IBUF_inst/I
    E3                   IBUF (Prop_ibuf_I_O)         1.411     6.411 r  CLK100MHZ_IBUF_inst/O
                         net (fo=1, routed)           1.920     8.331    cnn_accelerator_system_i/util_ds_buf_0/U0/BUFG_I[0]
    BUFGCTRL_X0Y16                                                    r  cnn_accelerator_system_i/util_ds_buf_0/U0/USE_BUFG.GEN_BUFG[0].BUFG_U/I
    BUFGCTRL_X0Y16       BUFG (Prop_bufg_I_O)         0.091     8.422 r  cnn_accelerator_system_i/util_ds_buf_0/U0/USE_BUFG.GEN_BUFG[0].BUFG_U/O
                         net (fo=2, routed)           1.683    10.105    cnn_accelerator_system_i/clk_wiz_0/inst/clk_in1
    MMCME2_ADV_X0Y0                                                   r  cnn_accelerator_system_i/clk_wiz_0/inst/mmcm_adv_inst/CLKIN1
    MMCME2_ADV_X0Y0      MMCME2_ADV (Prop_mmcme2_adv_CLKIN1_CLKOUT2)
                                                     -3.694     6.411 r  cnn_accelerator_system_i/clk_wiz_0/inst/mmcm_adv_inst/CLKOUT2
                         net (fo=1, routed)           1.923     8.334    cnn_accelerator_system_i/clk_wiz_0/inst/clk_out3_cnn_accelerator_system_clk_wiz_0_0
    BUFGCTRL_X0Y2                                                     r  cnn_accelerator_system_i/clk_wiz_0/inst/clkout3_buf/I
    BUFGCTRL_X0Y2        BUFG (Prop_bufg_I_O)         0.091     8.425 r  cnn_accelerator_system_i/clk_wiz_0/inst/clkout3_buf/O
                         net (fo=51119, routed)       1.500     9.925    cnn_accelerator_system_i/cnn_accelerator_wino_0/inst/conv2/lane[2].u_mul/clk
    SLICE_X37Y134        FDRE                                         r  cnn_accelerator_system_i/cnn_accelerator_wino_0/inst/conv2/lane[2].u_mul/a_q_reg[404]/C
                         clock pessimism              0.186    10.111    
                         clock uncertainty           -0.067    10.044    
    SLICE_X37Y134        FDRE (Setup_fdre_C_D)        0.062    10.106    cnn_accelerator_system_i/cnn_accelerator_wino_0/inst/conv2/lane[2].u_mul/a_q_reg[404]
  -------------------------------------------------------------------
                         required time                         10.106    
                         arrival time                         -10.125    
  -------------------------------------------------------------------
                         slack                                 -0.018    

Slack (VIOLATED) :        -0.015ns  (required time - arrival time)
  Source:                 cnn_accelerator_system_i/cnn_accelerator_wino_0/inst/conv2/tile6_q_reg[1846]/C
                            (rising edge-triggered cell FDRE clocked by clk_out3_cnn_accelerator_system_clk_wiz_0_0  {rise@0.000ns fall@2.500ns period=5.000ns})
  Destination:            cnn_accelerator_system_i/cnn_accelerator_wino_0/inst/conv2/gic[2].u_it/tre_reg[1][4][8]/D
                            (rising edge-triggered cell FDRE clocked by clk_out3_cnn_accelerator_system_clk_wiz_0_0  {rise@0.000ns fall@2.500ns period=5.000ns})
  Path Group:             clk_out3_cnn_accelerator_system_clk_wiz_0_0
  Path Type:              Setup (Max at Slow Process Corner)
  Requirement:            5.000ns  (clk_out3_cnn_accelerator_system_clk_wiz_0_0 rise@5.000ns - clk_out3_cnn_accelerator_system_clk_wiz_0_0 rise@0.000ns)
  Data Path Delay:        4.917ns  (logic 1.638ns (33.313%)  route 3.279ns (66.687%))
  Logic Levels:           6  (CARRY4=2 LUT3=2 LUT5=1 LUT6=1)
  Clock Path Skew:        -0.093ns (DCD - SCD + CPR)
    Destination Clock Delay (DCD):    4.941ns = ( 9.941 - 5.000 ) 
    Source Clock Delay      (SCD):    5.221ns
    Clock Pessimism Removal (CPR):    0.187ns
  Clock Uncertainty:      0.067ns  ((TSJ^2 + DJ^2)^1/2) / 2 + PE
    Total System Jitter     (TSJ):    0.071ns
    Discrete Jitter          (DJ):    0.113ns
    Phase Error              (PE):    0.000ns

    Location             Delay type                Incr(ns)  Path(ns)    Netlist Resource(s)
  -------------------------------------------------------------------    -------------------
                         (clock clk_out3_cnn_accelerator_system_clk_wiz_0_0 rise edge)
                                                      0.000     0.000 r  
    E3                                                0.000     0.000 r  CLK100MHZ (IN)
                         net (fo=0)                   0.000     0.000    CLK100MHZ
    E3                                                                r  CLK100MHZ_IBUF_inst/I
    E3                   IBUF (Prop_ibuf_I_O)         1.482     1.482 r  CLK100MHZ_IBUF_inst/O
                         net (fo=1, routed)           2.025     3.506    cnn_accelerator_system_i/util_ds_buf_0/U0/BUFG_I[0]
    BUFGCTRL_X0Y16                                                    r  cnn_accelerator_system_i/util_ds_buf_0/U0/USE_BUFG.GEN_BUFG[0].BUFG_U/I
    BUFGCTRL_X0Y16       BUFG (Prop_bufg_I_O)         0.096     3.602 r  cnn_accelerator_system_i/util_ds_buf_0/U0/USE_BUFG.GEN_BUFG[0].BUFG_U/O
                         net (fo=2, routed)           1.809     5.412    cnn_accelerator_system_i/clk_wiz_0/inst/clk_in1
    MMCME2_ADV_X0Y0                                                   r  cnn_accelerator_system_i/clk_wiz_0/inst/mmcm_adv_inst/CLKIN1
    MMCME2_ADV_X0Y0      MMCME2_ADV (Prop_mmcme2_adv_CLKIN1_CLKOUT2)
                                                     -3.922     1.490 r  cnn_accelerator_system_i/clk_wiz_0/inst/mmcm_adv_inst/CLKOUT2
                         net (fo=1, routed)           2.018     3.508    cnn_accelerator_system_i/clk_wiz_0/inst/clk_out3_cnn_accelerator_system_clk_wiz_0_0
    BUFGCTRL_X0Y2                                                     r  cnn_accelerator_system_i/clk_wiz_0/inst/clkout3_buf/I
    BUFGCTRL_X0Y2        BUFG (Prop_bufg_I_O)         0.096     3.604 r  cnn_accelerator_system_i/clk_wiz_0/inst/clkout3_buf/O
                         net (fo=51119, routed)       1.616     5.221    cnn_accelerator_system_i/cnn_accelerator_wino_0/inst/conv2/clk
    SLICE_X56Y83         FDRE                                         r  cnn_accelerator_system_i/cnn_accelerator_wino_0/inst/conv2/tile6_q_reg[1846]/C
  -------------------------------------------------------------------    -------------------
    SLICE_X56Y83         FDRE (Prop_fdre_C_Q)         0.518     5.739 r  cnn_accelerator_system_i/cnn_accelerator_wino_0/inst/conv2/tile6_q_reg[1846]/Q
                         net (fo=2, routed)           1.342     7.080    cnn_accelerator_system_i/cnn_accelerator_wino_0/inst/conv2/gic[2].u_it/Q[462]
    SLICE_X43Y88                                                      r  cnn_accelerator_system_i/cnn_accelerator_wino_0/inst/conv2/gic[2].u_it/i___4_i_2__1/I0
    SLICE_X43Y88         LUT3 (Prop_lut3_I0_O)        0.124     7.204 r  cnn_accelerator_system_i/cnn_accelerator_wino_0/inst/conv2/gic[2].u_it/i___4_i_2__1/O
                         net (fo=11, routed)          0.811     8.015    cnn_accelerator_system_i/cnn_accelerator_wino_0/inst/conv2/gic[2].u_it/gic[2].d_flat_ic[230]
    SLICE_X38Y88                                                      r  cnn_accelerator_system_i/cnn_accelerator_wino_0/inst/conv2/gic[2].u_it/i___4/I1
    SLICE_X38Y88         LUT3 (Prop_lut3_I1_O)        0.124     8.139 f  cnn_accelerator_system_i/cnn_accelerator_wino_0/inst/conv2/gic[2].u_it/i___4/O
                         net (fo=4, routed)           0.621     8.760    cnn_accelerator_system_i/cnn_accelerator_wino_0/inst/conv2/gic[2].u_it/i___4_n_0
    SLICE_X34Y90                                                      f  cnn_accelerator_system_i/cnn_accelerator_wino_0/inst/conv2/gic[2].u_it/tre[1][4][7]_i_2__1/I4
    SLICE_X34Y90         LUT5 (Prop_lut5_I4_O)        0.124     8.884 r  cnn_accelerator_system_i/cnn_accelerator_wino_0/inst/conv2/gic[2].u_it/tre[1][4][7]_i_2__1/O
                         net (fo=2, routed)           0.505     9.390    cnn_accelerator_system_i/cnn_accelerator_wino_0/inst/conv2/gic[2].u_it/tre[1][4][7]_i_2__1_n_0
    SLICE_X35Y90                                                      r  cnn_accelerator_system_i/cnn_accelerator_wino_0/inst/conv2/gic[2].u_it/tre[1][4][7]_i_6__1/I0
    SLICE_X35Y90         LUT6 (Prop_lut6_I0_O)        0.124     9.514 r  cnn_accelerator_system_i/cnn_accelerator_wino_0/inst/conv2/gic[2].u_it/tre[1][4][7]_i_6__1/O
                         net (fo=1, routed)           0.000     9.514    cnn_accelerator_system_i/cnn_accelerator_wino_0/inst/conv2/gic[2].u_it/tre[1][4][7]_i_6__1_n_0
    SLICE_X35Y90                                                      r  cnn_accelerator_system_i/cnn_accelerator_wino_0/inst/conv2/gic[2].u_it/tre_reg[1][4][7]_i_1__1/S[3]
    SLICE_X35Y90         CARRY4 (Prop_carry4_S[3]_CO[3])
                                                      0.401     9.915 r  cnn_accelerator_system_i/cnn_accelerator_wino_0/inst/conv2/gic[2].u_it/tre_reg[1][4][7]_i_1__1/CO[3]
                         net (fo=1, routed)           0.000     9.915    cnn_accelerator_system_i/cnn_accelerator_wino_0/inst/conv2/gic[2].u_it/tre_reg[1][4][7]_i_1__1_n_0
    SLICE_X35Y91                                                      r  cnn_accelerator_system_i/cnn_accelerator_wino_0/inst/conv2/gic[2].u_it/tre_reg[1][4][10]_i_1__1/CI
    SLICE_X35Y91         CARRY4 (Prop_carry4_CI_O[0])
                                                      0.223    10.138 r  cnn_accelerator_system_i/cnn_accelerator_wino_0/inst/conv2/gic[2].u_it/tre_reg[1][4][10]_i_1__1/O[0]
                         net (fo=1, routed)           0.000    10.138    cnn_accelerator_system_i/cnn_accelerator_wino_0/inst/conv2/gic[2].u_it/tre_c[1][4]_975[8]
    SLICE_X35Y91         FDRE                                         r  cnn_accelerator_system_i/cnn_accelerator_wino_0/inst/conv2/gic[2].u_it/tre_reg[1][4][8]/D
  -------------------------------------------------------------------    -------------------

                         (clock clk_out3_cnn_accelerator_system_clk_wiz_0_0 rise edge)
                                                      5.000     5.000 r  
    E3                                                0.000     5.000 r  CLK100MHZ (IN)
                         net (fo=0)                   0.000     5.000    CLK100MHZ
    E3                                                                r  CLK100MHZ_IBUF_inst/I
    E3                   IBUF (Prop_ibuf_I_O)         1.411     6.411 r  CLK100MHZ_IBUF_inst/O
                         net (fo=1, routed)           1.920     8.331    cnn_accelerator_system_i/util_ds_buf_0/U0/BUFG_I[0]
    BUFGCTRL_X0Y16                                                    r  cnn_accelerator_system_i/util_ds_buf_0/U0/USE_BUFG.GEN_BUFG[0].BUFG_U/I
    BUFGCTRL_X0Y16       BUFG (Prop_bufg_I_O)         0.091     8.422 r  cnn_accelerator_system_i/util_ds_buf_0/U0/USE_BUFG.GEN_BUFG[0].BUFG_U/O
                         net (fo=2, routed)           1.683    10.105    cnn_accelerator_system_i/clk_wiz_0/inst/clk_in1
    MMCME2_ADV_X0Y0                                                   r  cnn_accelerator_system_i/clk_wiz_0/inst/mmcm_adv_inst/CLKIN1
    MMCME2_ADV_X0Y0      MMCME2_ADV (Prop_mmcme2_adv_CLKIN1_CLKOUT2)
                                                     -3.694     6.411 r  cnn_accelerator_system_i/clk_wiz_0/inst/mmcm_adv_inst/CLKOUT2
                         net (fo=1, routed)           1.923     8.334    cnn_accelerator_system_i/clk_wiz_0/inst/clk_out3_cnn_accelerator_system_clk_wiz_0_0
    BUFGCTRL_X0Y2                                                     r  cnn_accelerator_system_i/clk_wiz_0/inst/clkout3_buf/I
    BUFGCTRL_X0Y2        BUFG (Prop_bufg_I_O)         0.091     8.425 r  cnn_accelerator_system_i/clk_wiz_0/inst/clkout3_buf/O
                         net (fo=51119, routed)       1.515     9.941    cnn_accelerator_system_i/cnn_accelerator_wino_0/inst/conv2/gic[2].u_it/clk
    SLICE_X35Y91         FDRE                                         r  cnn_accelerator_system_i/cnn_accelerator_wino_0/inst/conv2/gic[2].u_it/tre_reg[1][4][8]/C
                         clock pessimism              0.187    10.128    
                         clock uncertainty           -0.067    10.061    
    SLICE_X35Y91         FDRE (Setup_fdre_C_D)        0.062    10.123    cnn_accelerator_system_i/cnn_accelerator_wino_0/inst/conv2/gic[2].u_it/tre_reg[1][4][8]
  -------------------------------------------------------------------
                         required time                         10.123    
                         arrival time                         -10.138    
  -------------------------------------------------------------------
                         slack                                 -0.015    

Slack (VIOLATED) :        -0.003ns  (required time - arrival time)
  Source:                 cnn_accelerator_system_i/cnn_accelerator_wino_0/inst/conv2/grp_q_reg_rep__17_replica/C
                            (rising edge-triggered cell FDRE clocked by clk_out3_cnn_accelerator_system_clk_wiz_0_0  {rise@0.000ns fall@2.500ns period=5.000ns})
  Destination:            cnn_accelerator_system_i/cnn_accelerator_wino_0/inst/conv2/gic[1].u_it/tre_reg[1][5][8]/D
                            (rising edge-triggered cell FDRE clocked by clk_out3_cnn_accelerator_system_clk_wiz_0_0  {rise@0.000ns fall@2.500ns period=5.000ns})
  Path Group:             clk_out3_cnn_accelerator_system_clk_wiz_0_0
  Path Type:              Setup (Max at Slow Process Corner)
  Requirement:            5.000ns  (clk_out3_cnn_accelerator_system_clk_wiz_0_0 rise@5.000ns - clk_out3_cnn_accelerator_system_clk_wiz_0_0 rise@0.000ns)
  Data Path Delay:        5.005ns  (logic 1.664ns (33.248%)  route 3.341ns (66.752%))
  Logic Levels:           7  (CARRY4=3 LUT2=1 LUT3=1 LUT6=2)
  Clock Path Skew:        -0.041ns (DCD - SCD + CPR)
    Destination Clock Delay (DCD):    4.918ns = ( 9.918 - 5.000 ) 
    Source Clock Delay      (SCD):    5.218ns
    Clock Pessimism Removal (CPR):    0.259ns
  Clock Uncertainty:      0.067ns  ((TSJ^2 + DJ^2)^1/2) / 2 + PE
    Total System Jitter     (TSJ):    0.071ns
    Discrete Jitter          (DJ):    0.113ns
    Phase Error              (PE):    0.000ns

    Location             Delay type                Incr(ns)  Path(ns)    Netlist Resource(s)
  -------------------------------------------------------------------    -------------------
                         (clock clk_out3_cnn_accelerator_system_clk_wiz_0_0 rise edge)
                                                      0.000     0.000 r  
    E3                                                0.000     0.000 r  CLK100MHZ (IN)
                         net (fo=0)                   0.000     0.000    CLK100MHZ
    E3                                                                r  CLK100MHZ_IBUF_inst/I
    E3                   IBUF (Prop_ibuf_I_O)         1.482     1.482 r  CLK100MHZ_IBUF_inst/O
                         net (fo=1, routed)           2.025     3.506    cnn_accelerator_system_i/util_ds_buf_0/U0/BUFG_I[0]
    BUFGCTRL_X0Y16                                                    r  cnn_accelerator_system_i/util_ds_buf_0/U0/USE_BUFG.GEN_BUFG[0].BUFG_U/I
    BUFGCTRL_X0Y16       BUFG (Prop_bufg_I_O)         0.096     3.602 r  cnn_accelerator_system_i/util_ds_buf_0/U0/USE_BUFG.GEN_BUFG[0].BUFG_U/O
                         net (fo=2, routed)           1.809     5.412    cnn_accelerator_system_i/clk_wiz_0/inst/clk_in1
    MMCME2_ADV_X0Y0                                                   r  cnn_accelerator_system_i/clk_wiz_0/inst/mmcm_adv_inst/CLKIN1
    MMCME2_ADV_X0Y0      MMCME2_ADV (Prop_mmcme2_adv_CLKIN1_CLKOUT2)
                                                     -3.922     1.490 r  cnn_accelerator_system_i/clk_wiz_0/inst/mmcm_adv_inst/CLKOUT2
                         net (fo=1, routed)           2.018     3.508    cnn_accelerator_system_i/clk_wiz_0/inst/clk_out3_cnn_accelerator_system_clk_wiz_0_0
    BUFGCTRL_X0Y2                                                     r  cnn_accelerator_system_i/clk_wiz_0/inst/clkout3_buf/I
    BUFGCTRL_X0Y2        BUFG (Prop_bufg_I_O)         0.096     3.604 r  cnn_accelerator_system_i/clk_wiz_0/inst/clkout3_buf/O
                         net (fo=51119, routed)       1.613     5.218    cnn_accelerator_system_i/cnn_accelerator_wino_0/inst/conv2/clk
    SLICE_X64Y76         FDRE                                         r  cnn_accelerator_system_i/cnn_accelerator_wino_0/inst/conv2/grp_q_reg_rep__17_replica/C
  -------------------------------------------------------------------    -------------------
    SLICE_X64Y76         FDRE (Prop_fdre_C_Q)         0.456     5.674 r  cnn_accelerator_system_i/cnn_accelerator_wino_0/inst/conv2/grp_q_reg_rep__17_replica/Q
                         net (fo=9, routed)           1.247     6.921    cnn_accelerator_system_i/cnn_accelerator_wino_0/inst/conv2/gic[1].u_it/grp_q_reg_rep__17_n_0_repN_alias
    SLICE_X57Y73                                                      r  cnn_accelerator_system_i/cnn_accelerator_wino_0/inst/conv2/gic[1].u_it/i___35_i_3__0/I1
    SLICE_X57Y73         LUT3 (Prop_lut3_I1_O)        0.124     7.045 r  cnn_accelerator_system_i/cnn_accelerator_wino_0/inst/conv2/gic[1].u_it/i___35_i_3__0/O
                         net (fo=9, routed)           0.913     7.958    cnn_accelerator_system_i/cnn_accelerator_wino_0/inst/conv2/gic[1].u_it/gic[1].d_flat_ic[138]
    SLICE_X43Y65                                                      r  cnn_accelerator_system_i/cnn_accelerator_wino_0/inst/conv2/gic[1].u_it/i___35_rewire_replica/I1
    SLICE_X43Y65         LUT2 (Prop_lut2_I1_O)        0.124     8.082 r  cnn_accelerator_system_i/cnn_accelerator_wino_0/inst/conv2/gic[1].u_it/i___35_rewire_replica/O
                         net (fo=1, routed)           0.433     8.514    cnn_accelerator_system_i/cnn_accelerator_wino_0/inst/conv2/gic[1].u_it/i___35_n_0_repN_1
    SLICE_X49Y65                                                      r  cnn_accelerator_system_i/cnn_accelerator_wino_0/inst/conv2/gic[1].u_it/tre[1][5][3]_i_2__0_rewire/I4
    SLICE_X49Y65         LUT6 (Prop_lut6_I4_O)        0.124     8.638 r  cnn_accelerator_system_i/cnn_accelerator_wino_0/inst/conv2/gic[1].u_it/tre[1][5][3]_i_2__0_rewire/O
                         net (fo=2, routed)           0.748     9.387    cnn_accelerator_system_i/cnn_accelerator_wino_0/inst/conv2/gic[1].u_it/tre[1][5][3]_i_2__0_n_0
    SLICE_X56Y66                                                      r  cnn_accelerator_system_i/cnn_accelerator_wino_0/inst/conv2/gic[1].u_it/tre[1][5][3]_i_6__0/I0
    SLICE_X56Y66         LUT6 (Prop_lut6_I0_O)        0.124     9.511 r  cnn_accelerator_system_i/cnn_accelerator_wino_0/inst/conv2/gic[1].u_it/tre[1][5][3]_i_6__0/O
                         net (fo=1, routed)           0.000     9.511    cnn_accelerator_system_i/cnn_accelerator_wino_0/inst/conv2/gic[1].u_it/tre[1][5][3]_i_6__0_n_0
    SLICE_X56Y66                                                      r  cnn_accelerator_system_i/cnn_accelerator_wino_0/inst/conv2/gic[1].u_it/tre_reg[1][5][3]_i_1__0/S[3]
    SLICE_X56Y66         CARRY4 (Prop_carry4_S[3]_CO[3])
                                                      0.376     9.887 r  cnn_accelerator_system_i/cnn_accelerator_wino_0/inst/conv2/gic[1].u_it/tre_reg[1][5][3]_i_1__0/CO[3]
                         net (fo=1, routed)           0.000     9.887    cnn_accelerator_system_i/cnn_accelerator_wino_0/inst/conv2/gic[1].u_it/tre_reg[1][5][3]_i_1__0_n_0
    SLICE_X56Y67                                                      r  cnn_accelerator_system_i/cnn_accelerator_wino_0/inst/conv2/gic[1].u_it/tre_reg[1][5][7]_i_1__0/CI
    SLICE_X56Y67         CARRY4 (Prop_carry4_CI_CO[3])
                                                      0.117    10.004 r  cnn_accelerator_system_i/cnn_accelerator_wino_0/inst/conv2/gic[1].u_it/tre_reg[1][5][7]_i_1__0/CO[3]
                         net (fo=1, routed)           0.000    10.004    cnn_accelerator_system_i/cnn_accelerator_wino_0/inst/conv2/gic[1].u_it/tre_reg[1][5][7]_i_1__0_n_0
    SLICE_X56Y68                                                      r  cnn_accelerator_system_i/cnn_accelerator_wino_0/inst/conv2/gic[1].u_it/tre_reg[1][5][10]_i_1__0/CI
    SLICE_X56Y68         CARRY4 (Prop_carry4_CI_O[0])
                                                      0.219    10.223 r  cnn_accelerator_system_i/cnn_accelerator_wino_0/inst/conv2/gic[1].u_it/tre_reg[1][5][10]_i_1__0/O[0]
                         net (fo=1, routed)           0.000    10.223    cnn_accelerator_system_i/cnn_accelerator_wino_0/inst/conv2/gic[1].u_it/tre_c[1][5]_936[8]
    SLICE_X56Y68         FDRE                                         r  cnn_accelerator_system_i/cnn_accelerator_wino_0/inst/conv2/gic[1].u_it/tre_reg[1][5][8]/D
  -------------------------------------------------------------------    -------------------

                         (clock clk_out3_cnn_accelerator_system_clk_wiz_0_0 rise edge)
                                                      5.000     5.000 r  
    E3                                                0.000     5.000 r  CLK100MHZ (IN)
                         net (fo=0)                   0.000     5.000    CLK100MHZ
    E3                                                                r  CLK100MHZ_IBUF_inst/I
    E3                   IBUF (Prop_ibuf_I_O)         1.411     6.411 r  CLK100MHZ_IBUF_inst/O
                         net (fo=1, routed)           1.920     8.331    cnn_accelerator_system_i/util_ds_buf_0/U0/BUFG_I[0]
    BUFGCTRL_X0Y16                                                    r  cnn_accelerator_system_i/util_ds_buf_0/U0/USE_BUFG.GEN_BUFG[0].BUFG_U/I
    BUFGCTRL_X0Y16       BUFG (Prop_bufg_I_O)         0.091     8.422 r  cnn_accelerator_system_i/util_ds_buf_0/U0/USE_BUFG.GEN_BUFG[0].BUFG_U/O
                         net (fo=2, routed)           1.683    10.105    cnn_accelerator_system_i/clk_wiz_0/inst/clk_in1
    MMCME2_ADV_X0Y0                                                   r  cnn_accelerator_system_i/clk_wiz_0/inst/mmcm_adv_inst/CLKIN1
    MMCME2_ADV_X0Y0      MMCME2_ADV (Prop_mmcme2_adv_CLKIN1_CLKOUT2)
                                                     -3.694     6.411 r  cnn_accelerator_system_i/clk_wiz_0/inst/mmcm_adv_inst/CLKOUT2
                         net (fo=1, routed)           1.923     8.334    cnn_accelerator_system_i/clk_wiz_0/inst/clk_out3_cnn_accelerator_system_clk_wiz_0_0
    BUFGCTRL_X0Y2                                                     r  cnn_accelerator_system_i/clk_wiz_0/inst/clkout3_buf/I
    BUFGCTRL_X0Y2        BUFG (Prop_bufg_I_O)         0.091     8.425 r  cnn_accelerator_system_i/clk_wiz_0/inst/clkout3_buf/O
                         net (fo=51119, routed)       1.492     9.918    cnn_accelerator_system_i/cnn_accelerator_wino_0/inst/conv2/gic[1].u_it/clk
    SLICE_X56Y68         FDRE                                         r  cnn_accelerator_system_i/cnn_accelerator_wino_0/inst/conv2/gic[1].u_it/tre_reg[1][5][8]/C
                         clock pessimism              0.259    10.177    
                         clock uncertainty           -0.067    10.110    
    SLICE_X56Y68         FDRE (Setup_fdre_C_D)        0.109    10.219    cnn_accelerator_system_i/cnn_accelerator_wino_0/inst/conv2/gic[1].u_it/tre_reg[1][5][8]
  -------------------------------------------------------------------
                         required time                         10.219    
                         arrival time                         -10.223    
  -------------------------------------------------------------------
                         slack                                 -0.003    




