0460
3d60
0280
0890
0134
03b9
3fc5
3f80
3ef4
002b
3f5b
0060
3a50
0268
3e98
3b20
3ed8
3eb0
0028
3fcd
0065
3f68
007b
3ff5
0086
3e14
3e6c
3fa8
00b7
00d0
3fe7
3f2f
3f7e
3fb1
0159
00d8
0081
0069
002e
003b
3de0
3ef0
3ef0
3fe0
3fa8
0038
3c80
3fe0
00f0
0570
3ed0
0496
00c0
3db8
0290
3fba
0038
3f40
0460
3ce4
3eac
0460
00d8
0190
3f48
3ef4
3f7b
3f79
3fe4
3fd5
000f
0388
02a8
00e0
3ff2
3fd8
001a
3ee8
3f38
3fb0
3f16
3f75
3fa1
3f1c
3fb7
3f65
0140
3fb4
018c
00ec
3fe0
010c
3f90
0208
3f30
3af0
3ea0
03b7
001d
3f1c
3fb8
004b
3fdd
0094
3db0
3f00
3ee8
0490
3fb0
3f64
004c
3f73
0068
3f0b
3fc7
3f7a
004d
3f78
3ffc
3f7c
3f1f
3f65
3fba
3fe5
0009
3fdc
003d
007a
3fc3
002b
0058
3fd3
00bc
3fc8
00f4
0160
3f94
01cc
0360
0074
3ff4
3de0
0170
0361
002d
00a0
3cf0
00c3
000f
3fd0
3ad0
0044
0064
00b0
3f54
3efc
0058
001f
3ffb
0024
00b5
0099
001c
3e50
3ed0
3f80
3fe3
006a
3f79
001f
3fc2
005d
3f95
3fd6
3fbf
0005
000a
3ffb
0120
3fa0
0180
0024
017c
3ea8
0900
3b0c
3fd4
0c90
3d00
04ac
0036
0034
00b8
00e0
0042
3e0c
0040
01a4
3fc4
37b0
013c
00b0
008c
0016
0013
0003
3fa6
3fb3
3ff3
3c00
3d54
3eac
0104
009e
0066
00be
0028
0096
0116
00c3
0053
3ff8
3f8f
0069
3d6c
3df8
3f74
3d54
3f2c
3e28
00b0
0058
0000
3de0
3d7c
0434
0010
014c
3ee4
3f5a
0162
037c
0060
3ce4
01ac
03f0
0198
0214
3f84
00bc
0086
0036
3fca
3fb6
0014
3f64
0088
3edc
0058
002b
002d
0024
0005
001f
003e
3fc1
007d
3eb6
3ef3
3fc3
004c
00bc
3f90
3dbc
3ee0
3edc
3e10
04bc
3e6c
3840
0250
033a
3f9e
012c
01a8
3f10
3f78
3d84
0570
3f68
3d90
3720
3f4c
3fd4
3f78
003e
0010
002e
3f38
3fac
3f8c
00d8
011c
3fbc
3f7c
3f05
0077
005c
006f
3fed
007a
007f
3ffb
3f96
3fe9
3fad
002c
0190
3e9c
3c98
3f1c
3d7c
3c80
0028
00b0
3e80
01d4
0381
001b
021c
00c4
0069
3f1f
3fbc
3b50
0288
3ff8
3ae0
3c30
3e6c
3dc4
00bd
002a
0093
00b5
3fc4
00f1
017c
0104
0078
3fab
3f7f
002c
3fb9
3fd3
3fe6
3fa1
002a
3f77
3fab
006c
3f3f
0144
006c
00d8
3db8
3e60
3f58
3d90
3f74
3c74
3840
3f7c
035f
004d
02d4
3f7c
006f
0055
3ff4
3b60
0384
3fd4
3df0
00f4
019c
3f58
0041
3fb0
0091
0031
3fe4
004d
3f64
0024
3f40
007f
0065
001a
00dd
0097
0046
3f65
3f6a
3ffb
00c3
0076
004d
0414
019c
0278
0204
00f4
0110
00a0
3c70
00d8
0350
0004
03a4
3f6e
01a0
3fec
3fe2
0048
00e0
3a90
02c8
0120
3f50
0050
0154
3efc
3fe0
3fc1
001f
3fda
3f7d
005d
0064
0060
0004
0136
0089
00ad
3fac
3fe1
3fcb
3f38
3f4e
3fea
3f12
3f94
3f7e
3e40
3f10
3f30
00b0
3f7c
0134
3da0
02e0
00c8
0100
3fe8
0390
0018
0030
3e68
00a0
004c
3f98
3d90
007c
0294
3fc0
3fb0
3e0c
01a4
3ff0
00a6
3f4a
3fa0
3fd4
3fcc
3ee0
3ea8
0038
3f80
3fc2
3fbe
0024
3fdc
0048
009e
0092
000c
00ea
00ac
003e
3fc0
0004
3fbc
0064
3ef0
0174
3c40
0330
3ff8
0110
3dac
0364
0054
3efc
01a4
3f38
3fbc
006c
0350
0058
3dc8
3f40
00e0
011c
3fc4
003c
00b0
3f8c
3fcc
3fae
001e
00fc
0198
3f64
3fdc
3fc8
0014
3f98
3ff6
3fa2
003a
0008
0032
3fc2
3f7e
0044
3db4
0044
3d70
0180
0030
0150
0000
3f1c
01d4
05b0
3fe8
04a2
3fd4
3d08
0000
3fca
0100
0058
3f90
3f48
0218
07b0
3f54
3f00
0054
3f8e
0009
3f85
3f06
3faf
3f57
3d80
3e04
3f7c
006c
0056
0016
3fb2
3fde
3fd4
009a
00bb
3fdf
3fd0
0019
3fb7
3ee0
3f38
3fa8
3e20
3f08
3f18
3740
02dc
010c
04d0
0020
0381
3f6b
3d9c
00b8
3ed9
0073
0014
3f20
00b4
3ffc
3d70
010c
004c
00c0
0041
005c
3fe5
3fa9
3fc4
3fe5
02f8
00cc
022c
3ffb
3fef
000c
3fd5
003d
3f98
3fdb
0002
3fd9
0049
001e
002b
004c
3fc0
008c
0004
00a8
3f5c
0510
00a4
3fdc
3be0
3e50
03f4
0044
0040
3e78
3efe
011a
0098
0430
3ec4
022c
04e0
3b84
3d10
3e74
00d0
00a0
0030
00aa
006c
003e
3f18
3f4c
3fcc
003a
3fcf
006b
0056
3f85
00d1
0030
3ff5
003b
0068
003b
002d
01e8
005c
018c
001c
3ff8
0024
0570
3ec4
3e5c
3e80
3f18
03e0
00ea
00fc
3eb8
3f94
0056
3e2c
0350
3e9c
0064
04d0
3fb4
3fd8
3fdc
3fb8
3fdf
3fd9
3f78
3fc7
3fb1
3e98
3dd0
00c8
00c6
0074
0052
3fec
3f9a
0052
3f5a
0013
3f47
0114
0137
3fdd
008c
3f0c
0180
3f44
3e50
00f4
00b0
3df4
3f94
0110
0214
04f7
3f45
0060
0084
000b
3fe9
3ec0
3e50
00e4
00d4
3f20
3ffc
3fd4
0028
0053
0004
004f
3f87
3fcc
3fbb
3f24
3edc
0048
0071
3ff9
0078
001b
0017
0004
0085
00d4
3fb1
3f6b
004c
3f1f
3f10
00b0
3e60
3d74
3d6c
0008
0350
3d40
0250
01e0
0070
03b1
3fe3
3fa4
00c0
0005
3f7f
0084
00f0
3fd8
3f48
0760
3f38
3f08
0030
3fbd
3fd8
3fe5
0069
003c
002d
0238
3fd0
0268
0021
0079
3fa8
3f0b
3f53
3fb8
0055
0098
3fbd
3fc3
007c
3f47
0104
0084
0080
0138
0038
0100
39b0
0304
016c
3ae0
0274
03db
3f35
3ecc
3f64
3fd3
00f1
0164
3620
3e88
0458
0a70
01b4
0040
0174
3f41
3fa4
3f9d
0059
0026
0033
0074
0214
3e60
3feb
3fcb
0020
3fcd
3f47
0086
3f5b
0020
3f3b
0075
3fca
00ab
0124
3fd0
0154
0188
0108
0080
3e30
3ebc
008c
0a70
3edc
04c6
0040
3d84
3dbc
0104
00a2
3e2c
3950
007c
01e4
0690
00a4
3fc4
00e0
000e
0047
3fc7
0014
0017
3ffd
3fb4
01cc
3de8
3f80
3fdf
3fa1
0186
008b
00fb
0012
000a
0008
006c
3f90
00dc
0174
3f58
021c
0194
0158
003c
3c10
0010
02a8
3ed0
3f38
0435
0055
00bc
0138
005d
3f85
3fbc
3dd0
04d0
3f00
3880
3df8
3edc
3f1c
3fdf
0051
3f8e
0053
0021
0032
0058
0198
3ec0
0079
3fcb
00ae
3f0d
3f2b
3fe2
0057
0057
0000
3f07
3f73
3f94
3d24
3eb4
3e70
3f30
3f78
3fb8
3f20
0340
0110
3c50
3e38
0389
0011
3dc4
3f00
3fe3
002f
0184
0090
3f24
3d4c
0440
3d40
3ff0
3d50
005b
0049
0012
00e1
0065
007c
0018
0044
3fd4
3ee5
3f62
3f83
3f61
3fd0
3f91
0095
001e
0077
3fb9
3fcc
3fed
0164
0154
0010
3f74
3fd0
3fa4
05d0
0000
00d8
3c70
0178
02a9
3f65
0328
3f48
009f
3faf
3f28
3b00
025c
3fa4
3f30
3e50
3d74
00dc
3fe3
0031
3fb2
0005
0041
3fc4
3ad0
3cf8
3dd8
0011
000e
0003
0085
0048
003d
002d
0094
3f99
015d
0076
00e7
3fc8
3f10
00b8
01cc
0190
003c
0020
0070
0330
02a0
3f8c
0345
0049
006c
3fc4
00d7
3ecb
3de4
0160
01d0
3ee0
3820
3d98
3e30
3f68
00bd
006d
0050
01a7
0123
0084
3fbc
3e98
0124
0083
006c
0017
3fbf
3fd8
3fe7
000b
0050
3fbb
0043
3ffc
0047
3cec
3f30
3dbc
0110
01f8
3f18
00f0
3d88
3f50
01c0
0070
04cf
003d
0178
3e08
0003
0035
3f98
3cb0
3e64
007c
05a0
3e70
3e84
3fec
00e9
001e
00cb
0099
0090
0009
00a0
000c
0094
3f69
3fcf
3f9a
3faf
3faf
0000
0029
0068
3fc1
0167
0092
00d5
3f40
3dc0
0180
00c4
3fd0
00f4
0420
3f38
3eb8
3fd0
3ebc
04da
005c
3e98
3e2c
3faa
3ef8
0040
3f90
3ea0
3ed0
0450
3f78
3fa0
3fd8
3f86
0007
3f7f
3fd6
003d
3f99
3dfc
3e44
3fb8
003e
0068
3fd6
013c
0134
0008
0088
00db
3fad
3f7a
3f49
0031
3eb8
3fbc
3efc
0030
0118
3f18
02d0
3fc4
3e4c
0110
3f48
034d
0023
3f00
3d50
00e3
0059
3ec0
3b40
0160
0070
02e0
0004
3eb0
0154
0051
0082
3fcf
006f
00d8
3f97
01e0
0184
005c
0017
3fe2
0035
3f65
3fb8
3fad
3f83
3faf
3fd4
004d
0077
3fd6
0010
0088
3f88
0258
01a0
00b8
0030
3f5c
3ff4
0470
3d64
0449
00ff
0154
0184
3f65
00bf
0054
3e10
0120
0008
3fb0
3eb4
3e98
001c
003f
006a
3fd5
0017
0028
3fef
00f4
00b4
0040
3fbd
3fcd
3ff0
3eff
3f69
3f96
000d
3fd2
003b
012b
00d0
005b
3dec
3dec
0000
0218
0044
01d4
3d60
3ff8
3f68
0750
3f04
0454
00ee
3f5c
3f24
000a
3f5c
3fdc
0160
3da8
3e18
0310
0210
0028
01e8
002a
005f
3fcb
3fd4
0049
3f8b
0104
0064
00a0
3f7a
3fc5
3fb5
005c
0063
3ff9
008c
009a
3ff2
3ff6
3fd2
0024
3e14
3f04
3f10
3fb8
3f70
0048
3e90
3f00
00d8
0350
02c8
03c9
3eed
00b8
3dd8
3ee3
3fef
01b8
3d40
3d04
01a4
0580
01e8
3f7c
026c
3f33
3f89
3faa
002d
0073
3fba
3f98
0030
3f68
3f8f
3ff0
3f9f
0067
0008
005f
0021
0032
3fef
0129
002e
00fb
00d0
3ed0
0200
01ac
00a4
0108
0140
3d1c
0254
3fe0
0204
050f
3ee9
00b4
3fd4
3fc3
0001
00a4
0120
000c
0004
38d0
022c
01c8
0064
3f33
3f3c
3ff7
3fd7
3fea
3fed
3e94
3e5c
0038
00e5
007d
0068
000f
3fd9
0036
3fd7
3fde
3ff9
3f35
3fa8
3f8d
3eac
3f9c
3f10
3f4c
3f30
001c
3bb0
3ef4
3dd4
0230
011c
0440
002e
3f60
3e44
00aa
014c
3e38
3fb0
00b8
00c0
3b00
0124
0134
3ff0
3fba
3fe1
3fd9
3f18
3fe1
3f37
0194
0140
0054
3f9e
3fb1
3fed
3ff8
0029
3fcf
3fa2
3fbe
3fe4
3f68
3fb4
3fb4
3f70
010c
3e64
3cb0
3ee4
3dcc
3b50
0420
3f68
02c0
0028
03e4
0072
019c
0298
3dc6
3f58
3e94
0780
3b78
3f70
3a90
3eb0
3e6c
0044
3fd8
3fb7
0021
3f46
3fff
3f47
02a8
00e8
01c0
3fb8
0001
3fb7
000a
3ff9
0011
000a
002c
3fde
0008
0032
3fd6
3e64
3e98
3fcc
3e08
3f0c
3efc
02d0
3edc
0084
01d0
3ef0
04a2
0042
00a4
00d8
3fc4
3f6c
01fc
0220
3d08
3ed8
07c0
013c
3e88
02b4
3f6a
3f72
3ff8
0044
0010
0034
3f48
3e9c
00ac
002c
0041
3feb
0024
3fe9
003b
3fc4
00a1
3f23
012c
00a1
008b
3eec
3df0
00fc
01e8
0088
0160
02d0
0018
3d28
3400
006c
036f
3fdb
01b4
3f9c
3f19
00e1
0374
3bf0
3ea0
00a8
0970
0078
0248
3e30
0093
0059
003a
3ee1
3ef9
3fe8
3e9c
3f44
3f58
0077
0096
3fe1
00c7
0098
002f
0029
0000
0029
3fb5
3fae
0007
017c
0024
0158
0000
3fcc
0034
3ed0
0098
3f00
3e80
0044
0340
3fb6
3dc0
02b4
3f0a
3ff0
3f80
00f0
021c
0184
05e0
3f38
3f5c
3fdc
00a6
00bf
3fe7
3eb0
3f85
3f2b
0264
0124
0140
3f92
3f7d
0015
0034
001f
0015
009c
001e
007e
3fd2
002a
3fa8
0168
0138
0030
3f3c
3ea0
009c
3eb0
0008
3de0
0170
3ee0
047a
001e
0028
0138
3fca
00b2
0150
0150
3d68
0078
0580
3dd0
3f0c
3ec4
00c6
0084
0042
010a
0042
00c8
0160
3fec
0174
3f00
3fb8
3f48
0018
000e
000a
000e
008a
3f84
3fba
0020
3f9a
3f20
3ee4
003c
00a0
0018
0088
0060
0058
03a8
0140
3cf0
0417
00ab
01bc
0040
0033
3fb7
3ecc
3e30
00dc
3fa4
0050
0150
0068
00e8
3fe9
3f9f
004a
3fd9
0013
3fc6
3f20
0110
3e10
0057
3fed
006a
005f
3f81
00de
0009
001d
3fec
0049
3fa5
00a4
018c
002c
0160
01a4
01b8
3fec
0280
3fe4
3e94
0570
0254
042c
0052
3eac
3f5c
008e
3fd8
3e8c
3ce0
3ef8
0188
01f0
035c
0094
02c8
3e0a
3eb7
3f53
3fb8
0003
3fb5
3eec
3ee0
000c
3ee6
3fa3
3f43
0088
003f
0049
3f4a
3fba
3f90
005c
0030
002c
011c
000c
0110
02b0
0240
0070
09f0
3e28
0070
3f80
3d80
04db
3ffd
01f8
3f60
0005
004f
0120
0320
3f5c
0064
3980
3df8
3dfc
3ffc
00e5
0092
0053
005b
0018
0043
0070
3df0
0280
3ff1
3ff6
3ffb
3f33
3f50
3fe3
3fd7
0087
3f50
00b9
009b
001e
3dd8
3e1c
3fbc
3ddc
3ea0
3f3c
3530
3eac
0314
04c0
02c0
038f
3ecf
0068
0178
3fb1
3f9d
0188
3990
006c
016c
0250
0234
0208
002c
00b1
3ff7
00ba
3f3f
3f83
3fbc
3fd0
0004
3fcc
0097
00bc
3fdb
3fdf
3fc6
0019
3f33
3fa2
3f91
006b
0014
0057
3f00
3e70
0090
00bc
008c
0030
38a0
3e48
01f8
0760
3fd4
0492
0088
01fc
035c
0032
3f28
3d84
0690
3ea4
3b54
3ab0
0090
3fd8
00b8
004e
3fd7
0077
3f7e
000b
3f73
026c
0190
00dc
3f8c
3fca
3fc2
3f92
3fd0
3fc2
3f30
3fab
3f85
3f3a
3f57
3fe3
3e5c
3f28
3f34
3e0c
3fa4
3e68
3f60
3ec8
3e60
3ff0
014c
050c
3fca
3f10
002c
0082
3fd8
3dc0
0320
3ea8
00d8
00f0
0150
022c
3f24
009e
0001
009d
0014
3fbf
0055
00ec
3fcc
0120
3f88
000d
3f7b
0096
00a3
3ff3
3f26
3f3e
3fe8
3fd4
0092
3f42
0220
00d8
0148
3d20
3db0
3f70
3cf0
3f10
0090
0540
3f70
048a
3fa8
0054
01c8
3fce
00bc
015c
0570
3ee4
022c
04a0
3fd8
3f40
0098
00ba
0079
0041
3fd6
3fa9
002d
3f30
002c
3f04
001c
0006
0016
003a
0000
003a
3f84
0019
3f6b
00aa
0001
00a9
3e5c
3e08
0054
3eac
3dc0
00ec
0490
3f5c
3fd4
02a0
01cc
03ee
3f4c
3eec
3c04
3fb2
0054
01f4
3c80
3df8
3ff0
0120
3fec
3f78
0074
3ffa
3fc5
0035
0076
008f
3fe7
3eac
3e70
003c
3f88
3fca
3fbe
0082
00be
3fc4
00be
00e3
3fdb
00bc
0081
003b
3f94
0058
3f3c
01b8
012c
008c
0130
3f8c
0144
0420
3fa4
044a
0030
006c
00d4
3fce
3fb0
3f94
0760
3e3c
3f1c
3d90
02c4
0090
0234
3f92
0011
3f81
3f36
3f6f
3fc7
3f94
3e4c
0148
00ae
000e
00a0
3f74
3fa6
3fce
3fe8
00ad
3f3b
0032
0083
3faf
3dd4
3eb0
3f24
3dfc
3de4
0018
0400
3d78
00d8
02c0
3f08
04fb
0087
3f1c
3e48
3fd7
3f93
0134
3ec0
0014
3f44
3ea0
0148
0198
3fb0
3fc5
3f67
005e
0089
0027
0062
0188
01b0
3fd8
3ff7
3ffd
3ffa
3feb
3f89
0062
3fc1
3fd1
3ff0
3f55
3ed5
0080
3e64
3ec8
3f9c
3fa4
008c
3f18
0110
0178
3fa8
0540
3ff4
03a9
3fd7
3e54
3f3c
3f21
3fe7
007c
06f0
3e38
3c98
00b0
3f30
3e00
0130
0013
0042
3fd1
0117
007e
0099
012c
0028
0104
3fcd
3f87
0046
3f77
0039
3f3e
3f3f
3fec
3f53
3fe9
0040
3fa9
0214
00e0
0134
3e88
3f48
3f40
3fd0
3e84
3fec
01b0
3d1c
053f
006b
3e1c
3f04
010b
004f
3fac
01d0
003c
0004
04a0
3e34
3fd0
3e64
0095
0063
0032
3fb1
3fa7
000a
01ac
0170
003c
0055
002f
0026
001d
000f
000e
3feb
3fc9
0022
3fbb
0025
3f96
3f9c
006c
3f30
015c
0088
00d4
3c20
3ee4
3fb4
3f90
3d64
052d
3fe1
3f14
3f44
005b
0077
3f84
3fc0
0110
3f60
00b0
008c
01e4
3ea8
3f95
3f8d
0008
00d3
006b
0068
0184
01bc
3fc8
0041
3fba
0087
3fe5
3ff6
3fef
3fc5
3f8e
0037
3f4d
3fb2
3f9b
007c
000c
0070
0268
0248
0020
3a80
3f84
03c4
07d0
026c
0313
3fef
00b8
02cc
3f7d
3f59
3f30
02c0
02b0
3e00
37e0
3fdc
3ef4
00e8
3fa3
3f7f
0024
0009
0061
3fa8
0004
3fd4
0030
008b
0070
001b
3f33
3fb0
3f83
3fb3
0040
3f73
0047
0014
0033
3e08
3fb4
3e54
3f30
0078
3eb8
3f00
3fec
00fc
0070
009c
03a3
00d3
02d8
3f6c
3f5d
3fe5
00b8
3de0
000c
3e34
37b0
3ea4
3efc
3fa8
3ff1
3fc7
002a
005f
3fb9
00a6
3f4c
3f5c
3ff0
3ff7
005c
3f9b
3fd3
3fe4
3fef
00d5
00a0
0035
0055
0054
0001
0138
0150
3fe8
3f5c
3fa0
3fbc
0160
0200
3d70
39d0
3f6c
040b
3ffd
004c
02dc
3f7f
00c5
0194
3eb0
0114
03a4
0750
0020
00c0
3f60
3f95
3fe8
3fad
3ff9
3fae
004b
3d0c
3e84
3e88
3f8d
3f47
0046
0177
006f
0108
00b9
00d0
3fe9
0033
0026
000d
0124
0060
00c4
3fb4
3ef4
00c0
3ac0
3e64
0224
0570
0158
0492
0030
0104
00e0
00d8
3f26
3dcc
3de0
01ac
0054
3ec0
010c
3fcc
0140
0058
004b
000d
3f32
3f2d
0005
3f50
3f54
3ffc
00e4
0097
004d
0092
003d
0055
3f62
3fca
3f98
00f8
0102
3ff6
028c
00a0
01ec
0054
3f68
00ec
00c0
3f50
3d78
3c90
3ff4
0431
008f
0118
0004
00c7
3f45
3f10
37a0
0258
0078
0040
0048
3fe4
0064
0065
0014
0051
000f
0016
3ff9
3c84
3f54
3d30
00b1
0050
0061
0143
00aa
0099
0015
001f
3ff6
00d7
004f
0088
3e40
3f44
3efc
0098
3f88
0110
0120
01dc
00c4
3de0
00f4
03bb
3fd9
3e94
01f4
3eb1
3fcb
00cc
00a0
3e08
0048
08b0
00ac
3ff8
00b4
3f5b
3fea
3f71
3f55
3fc6
3f8f
3e0c
3dec
0020
0099
008a
000f
3faf
0006
3fa9
3fdf
3fd7
0008
00f1
0031
00c0
3e44
3e88
3fbc
0118
3fb0
0168
0310
3f10
3ef0
0550
0180
03fd
0055
3fcc
0168
00bf
3f93
3e94
3fa0
02b0
3fd0
0300
0030
0008
0028
3f9b
3f4d
004e
3fa5
3f8d
0018
00f8
3f1c
01dc
0081
0020
0061
004d
0066
3fe7
3f1d
3fe6
3f37
3fd9
0030
3fa9
3fcc
3f40
008c
3f58
3f38
0020
02b0
0080
0190
02a0
3e24
055b
3f71
3f90
3f94
3fb5
3fc3
3f98
0440
3c18
0000
0150
3f88
3e00
0188
3ff1
002e
3fc3
0013
3fd0
0043
00ec
006c
0080
3f29
3f3c
3fed
3f83
3f6e
0015
3fa3
0035
3f6e
3fb9
3ff9
3fc0
0038
00a4
3f94
0000
3edc
0124
3d50
01c4
3f8c
3d50
005c
036d
0035
024c
014c
00a3
3f8b
0124
06c0
000c
3f84
3ff0
3eb4
3f00
3fb4
00eb
0077
0074
0065
3fed
0078
3f2c
3ec4
0068
3fc1
3fdc
3fe5
0061
002c
0035
00c3
0008
00bb
0133
00b4
007f
001c
0070
3fac
0134
0010
0124
0760
3e44
0144
08f0
3e08
03e6
0032
3ec0
01c0
3fda
002a
3d20
0940
3ed0
3fa0
3700
019c
001c
0180
3fd0
3ffa
3fd6
3f38
3fe0
3f58
3ea8
3f4c
3f5c
00cc
0068
0064
0010
3f96
007a
3f94
000a
3f8a
3f14
3f20
3ff4
3c20
3e90
3d90
3cb8
3f10
3da8
3fd0
00e8
3fb8
0470
0030
03aa
0034
3f78
3e98
0034
000a
3ee8
01d0
014c
00e4
3fe0
3f20
3ec8
0058
003a
3feb
004f
0074
002b
0049
0080
00ec
3f94
00ae
3fbd
00f1
3fd4
3ff5
3fdf
3fb4
3f6c
0048
3fc6
3ffe
3fc8
00d0
0058
0078
00ac
3fa0
010c
01f0
00f8
00d0
38e0
0044
03e5
0051
3fc4
004c
3fcb
3ffb
001c
0610
3e48
3e00
0250
3ac8
3e74
3c54
00b1
005b
0056
00e3
3fef
00f4
012c
0000
012c
3ffb
3fcc
002f
3eff
3f8a
3f75
3ffd
0004
3ff9
3fdd
006e
3f6f
3e8c
0010
3e7c
00a0
3fac
00f4
3ee0
02d0
3dd8
3b70
0080
0348
0148
0178
0160
3f7a
3f56
3f40
0720
0054
3d1c
0210
3f40
3e24
011c
3fc4
3f98
002c
002a
001c
000e
02c0
0160
0160
3f76
3f63
0013
0022
3ffd
0025
002c
007f
3fad
0074
0045
002f
00b8
3fd4
00e4
00a4
3fb8
00ec
3ef0
3ff0
0370
3df0
3ecc
0409
3e7b
3f40
3fac
3fd3
3fe1
3ee8
07b0
3e6c
009c
3e40
0010
3f80
0090
00df
0098
0047
3f51
3ffc
3f55
01b4
003c
0178
0017
0050
3fc7
3f85
3fd8
3fad
003f
3ffd
0042
3f61
3fab
3fb6
3f40
0184
3dbc
3c84
3df4
3e90
00b0
3d24
3e04
3d20
002c
0488
0060
3f40
3f6c
3f28
0024
0040
3f20
3c54
0044
0250
3e04
3fdc
3e28
3fea
3ff8
3ff2
0116
0056
00c0
013c
3fe4
0158
0040
00a6
3f9a
0018
0008
0010
3ff0
0004
3fec
3f28
3f7e
3faa
3f08
3f80
3f88
00cc
0094
0038
3cd0
00d0
02f0
3b60
0144
0363
3f37
3f70
3f64
3eb7
0097
0198
05d0
3e2c
3fc4
0350
3df0
3f18
3ed8
3ff5
3fcb
002a
0081
003d
0044
019c
3f14
0288
3fe1
0055
3f8c
3f29
3fb7
3f72
0065
3ffb
006a
0039
008d
3fac
01a0
0154
004c
020c
0098
0174
04b0
00a4
3f94
01b0
3e40
04c4
000e
3e6c
3fe8
00cc
0006
3f64
05d0
0160
3e60
3af0
3edc
3e2c
00b0
3f74
3ff5
3f7f
0080
0049
0037
00b0
3fcc
00e4
3f42
3f4c
3ff6
3f88
3fd6
3fb2
3f72
0059
3f19
3fb8
3ff5
3fc3
004c
0078
3fd4
3ef8
3f40
3fb8
3d50
3e9c
3ffc
00f0
0214
03ac
3f76
3ed8
0104
005c
000a
0128
0070
3f08
02c8
0790
0084
017c
3f08
3fee
3fe5
0009
013e
001f
011f
0064
0124
3f40
3ff6
003e
3fb8
0048
3fde
006a
3efe
3f27
3fd7
3f78
3f55
0023
3e48
3f38
3f10
0100
3f00
0200
02b0
3eb4
3d74
0070
010c
0463
00d9
3e78
0044
00cf
3fdd
3f90
3c60
0210
3ed0
3be0
3f74
001c
3f58
0003
002a
3fd9
3faf
3f8e
0021
002c
3ff8
0034
3f7d
3f9d
3fe0
3fc7
000f
3fb8
0051
0006
004b
3f73
0022
3f51
00e0
01cc
3f14
3f70
3e80
00f0
3b90
3f20
3e98
0710
3f04
03f9
000f
3ee0
3dd4
00cf
003d
3dd0
3c10
3fa4
00e4
0150
01d8
015c
007c
3fd5
0034
3fa1
0097
0042
0055
0104
0224
3ee0
3f4b
3f80
3fcb
0041
00ca
3f77
3fc3
3fc1
0002
3f71
3f2d
0044
0030
0070
3fc0
01dc
0134
00a8
39e0
3f08
0388
00f0
3dc8
0332
007e
0158
02a0
0036
3e96
3fc0
0800
0064
3cec
3d80
3fc8
0060
3f68
0008
000a
3ffe
3ff8
3fe4
0014
3fd0
3f1c
00b4
0024
008a
3f9a
3fd4
3ff4
3fe0
0088
0032
0056
3ffc
0074
3f88
0198
0034
0164
3f1c
3e28
00f4
3290
0214
0134
02b0
00c0
03dc
3fd0
3fec
0120
3fb8
3f80
3f8c
0550
3fa8
3f48
0050
02c4
011c
01a8
3f74
3fc0
3fb4
3f44
3fde
3f66
04c0
02b8
0208
3f9c
0024
3f78
3fd8
3fca
000e
3f52
000a
3f48
3efe
3f48
3fb6
3d24
3e04
3f20
3d40
3e50
3ef0
3df0
013c
000c
3a60
0254
0381
3fc1
00ac
01fc
008b
3f8b
011c
3d20
00ac
000c
0230
00f4
0124
3fd0
3f53
3fad
3fa6
3f49
3f7f
3fca
010c
3fe0
012c
3ef1
3fa2
3f4f
3fbd
3ffa
3fc3
000b
007e
3f8d
0003
0026
3fdd
3ef4
001c
3ed8
0034
0034
0000
0110
3ed4
3f54
3ed0
3f80
03b2
00be
01b0
3fd8
3fc0
00d4
0080
0070
3fc8
3df8
00d0
00bc
0084
0038
001c
002a
3ff2
3f62
3fa0
3fc2
0290
0234
005c
3ffa
3fc7
0033
0026
3fff
0027
3f5c
3f9f
3fbd
3f40
3fbf
3f81
0048
3fb8
0090
3fa0
3f00
00a0
3a20
020c
3e7c
39c0
3ebc
0391
00f5
00e0
3e14
3fdd
0015
0188
3b50
0120
0040
06f0
3ed4
3f8c
3f48
006f
0043
002c
00fb
00e5
0016
018c
0228
3f64
3f95
3fad
3fe8
0091
0007
008a
3f29
3fa3
3f86
0065
004d
0018
00d8
0024
00b4
0320
0180
01a0
05b0
3e20
3f80
3c80
3d40
057a
3fb0
3f8c
0058
3f98
0042
0124
3d40
3f44
3e44
3e70
3e68
3f40
3f28
0010
3fef
0021
3fe2
0043
3f9f
0090
0174
3f1c
0024
3fdb
0049
0042
002f
0013
002c
3fd2
005a
3f2e
3f60
3fce
014c
0198
3fb4
0044
017c
3ec8
3850
0268
3ee8
3e70
02c0
03a9
00c9
01c4
0220
3f4d
00a5
0114
0310
3df0
3f58
3f70
0290
01b0
00e0
3f1d
3f4f
3fce
3f2d
3f63
3fca
00c0
3f38
0188
3f8d
3fe3
3faa
0035
004f
3fe6
0129
00cb
005e
3f9d
3fa7
3ff6
3f0c
3ffc
3f10
3d50
3fbc
3d94
0460
0148
3fd8
3c40
00dc
0429
3f8b
3f5c
3ebc
3fd1
3fb3
3fbc
3a30
3ef8
3fd0
3ae0
0178
0060
0118
3f59
0000
3f59
0005
3fd8
002d
3d2c
3e5c
3ed0
3f35
3fd1
3f64
3ff3
3ffb
3ff8
0115
0088
008d
0177
00d8
009f
011c
0044
00d8
3f68
3fb4
3fb4
0250
3f80
01e0
3f80
3d90
03fc
3fd6
0138
3d28
0084
0006
0078
3830
00d8
0030
3ca0
3e30
3ee8
3f48
006c
0043
0029
00d8
00b3
0025
3d90
3f2c
3e64
0044
3fca
007a
3fee
0040
3fae
010c
0087
0085
002a
0033
3ff7
3eb0
0038
3e78
0088
012c
3f5c
3c60
027c
016c
3e80
0038
041a
0032
0168
00c8
004e
3f7a
3e78
3e70
0070
3dd8
3820
0034
0074
3fc0
0044
0000
0044
3eb4
3fb6
3efe
3f28
3fe8
3f40
3f26
3ef8
002e
0036
3ff2
0044
3fd2
0014
3fbe
3fd6
3fc2
0014
3f18
00b8
3e60
3e68
3fb4
3eb4
0430
3f64
00fc
09f0
00e4
041a
3f2c
3c20
3b6c
0068
00c6
3e78
3930
3fbc
0024
03b0
000c
3fa8
0064
3fcc
0007
3fc5
3ffa
0093
3f67
3f1c
3f70
3fac
00c8
0095
0033
3f76
0031
3f45
0054
3ff4
0060
003a
3fca
0070
3eb0
3f24
3f8c
027c
0250
002c
3a40
3fd4
3d94
3f30
0268
0397
3fdf
0184
0150
003d
00f5
017c
3fd0
01b8
0370
3c50
013c
0144
3ff8
3fc5
3f81
0044
3f8f
3fcb
3fc4
0118
3f24
01f4
003f
0028
0017
0057
0054
0003
3ee1
3fc4
3f1d
0119
00e8
0031
3f3c
3f30
000c
3f60
3fa4
3fbc
02a0
00f4
3e1c
3c40
3e90
03bc
00d0
0164
3e68
0016
0096
0004
0270
0104
3ffc
01a0
00c4
0128
3f9c
00d8
0028
00b0
3fee
0024
3fca
3f60
3fcc
3f94
3fd0
3fcb
0005
003c
3ffd
003f
3ed2
3f4d
3f85
000e
3fe3
002b
3f24
3eac
0078
3ed4
3ea8
002c
3ea0
0360
3e20
3cd0
3ea0
032b
3fd9
3f5c
0038
0071
0007
0084
0340
02dc
009c
3ca0
0090
3fe8
00a8
007f
00a0
3fdf
003d
00d6
3f67
3fa0
3ffc
3fa4
3f6b
3f94
3fd7
0111
0046
00cb
0003
3fed
0016
3f7d
3fa5
3fd8
01dc
0190
004c
3f24
3fd4
3f50
3880
0198
0160
0070
0228
0401
0059
00d4
0060
0081
3fc5
3dc4
3d40
3d14
01fc
0100
01a0
00ac
00f4
0001
0007
3ffa
3f41
0011
3f30
0200
012c
00d4
3f41
002f
3f12
3fe5
3fc5
0020
0097
3fcf
00c8
3f53
3f45
000e
017c
3fec
0190
3f0c
0070
3e9c
0130
3e88
00d8
3de0
01c8
046a
3fca
3fcc
3f00
3fdc
0020
3f94
02a0
3ea0
0020
0220
0080
0038
0048
0040
3fe4
005c
009a
0084
0016
0188
3f8c
01fc
0032
005b
3fd7
00f6
00cd
0029
3f56
002f
3f27
3f86
3f91
3ff5
0214
00f0
0124
0120
0010
0110
0380
3d70
0090
0580
3db4
036d
00cb
013c
3edc
3fe3
0049
3cb4
3bb0
0278
3e20
3ab0
00f8
3f90
0168
005b
002c
002f
3f85
002e
3f57
3e6c
3fd0
3e9c
00ab
0014
0097
3f91
3f82
000f
3f79
3f99
3fe0
011b
0055
00c6
3dfc
3e98
3f64
01e8
015c
008c
3690
01a0
3f40
03a0
0060
034b
3ffb
3d88
0008
0027
0053
0058
3c40
00b4
0284
0450
0280
0228
0058
3f77
3f83
3ff4
0007
3ff9
000e
0130
0264
3ecc
3ecd
3f81
3f4c
3ff1
3ff3
3ffe
009f
3f95
010a
3fe7
3fd3
0014
0278
01e0
0098
02bc
015c
0160
04a0
00f8
01a8
00a0
0060
02ec
3f88
3e84
3ee0
00b4
3fd4
3f8c
06b0
0278
3ed8
37d0
3ea0
3ec8
3fd8
3f40
3fb8
3f88
3fdc
3ffa
3fe2
0268
0148
0120
3ff2
3f50
00a2
3fc6
002a
3f9c
0060
0036
002a
3f8c
3fb8
3fd4
3f6c
01f0
3d7c
3f08
3fb0
3f58
3cf0
045c
3f94
39a0
0158
032a
002a
02a4
3e20
3fce
0036
0064
0040
009c
3e84
3cf0
3f3c
3e70
00cc
3fbc
3fe4
3fd8
0018
0084
3f94
3e28
3ff4
3e34
3f9a
3f7e
001c
004a
3fce
007c
012c
00f8
0034
3f9c
3f90
000c
0074
002c
0048
3f6c
0058
3f14
3df0
3f88
0298
02c0
3f1c
03cd
3f1b
00a0
3ebc
0061
3fbf
0188
0630
0028
3f10
0070
0138
3f88
01b0
3fdb
3fe4
3ff7
011f
0074
00ab
02bc
01a4
0118
3faf
3fdb
3fd4
3f31
3f15
001c
3f09
3fa4
3f65
3ff7
0020
3fd7
3e90
3f34
3f5c
0038
3f8c
00ac
0030
01fc
3e9c
0290
3f8c
0364
0034
01d4
0254
3f6e
0022
01ac
04a0
0030
3e58
3bd0
008c
3f8c
0100
00a2
3ff4
00ae
3fd8
0014
3fc4
01bc
0048
0174
3f78
3fa1
3fd7
3f94
007b
3f19
3ec0
3f4d
3f73
3f1c
3f43
3fd9
3edc
3f58
3f84
3e28
0024
3e04
0130
019c
3e7c
3df0
3f6c
02a9
009d
0174
3f34
0013
00ef
3fcc
04b0
0234
0254
3aa0
0054
013c
3f18
0065
0027
003e
002f
0065
3fca
3fbc
3f88
0034
0049
3fe8
0061
005d
3fd8
0085
0071
0056
001b
3f4d
3fba
3f93
3e74
0018
3e5c
3dac
3ec4
3ee8
3b40
0040
3e70
3b00
0260
037e
0030
0138
0078
3f4e
0018
02e0
3bf0
02c8
0060
3f60
00e0
01f0
3ef0
3ff2
0017
3fdb
005a
3fb7
00a3
3fd8
00bc
3f1c
00bc
004a
0072
008a
0008
0082
3f90
3f39
0057
3fc6
3fb5
0011
0128
005c
00cc
0020
3ed4
014c
0040
0394
007c
3720
3ee0
035c
0084
02d4
0278
3fb0
3f80
014c
00b0
3fc0
3e70
3f60
3f3c
0050
3eec
3fea
0028
3fc2
00ea
0018
00d2
3ec0
0004
3ebc
3fe4
3fac
0038
3ff8
0010
3fe8
3fde
3fa8
0036
3fe6
3f34
00b2
3e84
3f08
3f7c
0278
0048
0230
3d70
3d58
0060
0360
0144
047b
3f7b
00d4
3ee4
00d3
3fff
3e7c
0070
0120
3ef8
3ec0
0120
023c
3ee4
3fc5
3f4d
0078
0025
002f
3ff6
00a4
3f1c
0188
3fa9
0003
3fa6
0031
00b5
3f7c
3fd9
3f79
0060
005d
007f
3fde
0294
00a0
01f4
0198
004c
014c
35e0
0188
0270
0ba0
3ec4
0439
0057
3e00
03a4
3fdb
3f81
3f70
05c0
3f04
001c
09d0
03c8
0124
02a4
3fd5
0018
3fbd
000b
3fc6
0045
014c
00e4
0068
3f43
3fca
3f79
3ef9
3f68
3f91
3ee3
3f83
3f60
00a9
3fe7
00c2
3fc0
3dd0
01f0
3f9c
3f18
0084
0180
3f20
00d0
0010
0168
0384
3ffa
0134
3ec0
3fde
3ec8
0184
37b0
0148
0050
0160
3eb8
3fe0
3ed8
3ffc
3f75
0087
0182
00e9
0099
0010
00d4
3f3c
3f76
3f91
3fe5
0074
3ff9
007b
0080
0024
005c
3fa6
3fba
3fec
00ec
0184
3f68
0340
0284
00bc
3dc0
0114
0034
3e10
3ea0
04c7
0023
3f7c
00b0
3fe9
00c9
01bc
3ed0
3f14
027c
05a0
3ffc
001c
3fe0
003b
3fe9
0052
3ed9
3f75
3f64
3f88
01a8
3de0
005d
3ff0
006d
3f05
3f2a
3fdb
3fe7
3ff6
3ff1
3fab
3f44
0067
3c4c
3e3c
3e10
3e8c
3fd0
3ebc
0810
3e20
3dd0
3db0
0154
04ca
3e98
3f08
3ea4
3fd8
007a
00d8
3ba0
3d9c
017c
04a0
3e20
3ef0
3f30
002a
3fab
007f
00a0
008b
0015
3e04
3ef4
3f10
0010
003f
3fd1
0072
005b
0017
0032
005a
3fd8
00b4
0094
0020
02a8
01a0
0108
00e4
3fe4
0100
3e80
3fe0
0030
3af0
0108
03b6
3fd4
0034
3ea0
00a2
3fb8
015c
3bd0
00b4
008c
0100
0070
00f8
3f78
3f70
3fd3
3f9d
0034
0037
3ffd
0060
004c
0014
00e6
009a
004c
004c
0084
3fc8
3f74
3fbf
3fb5
0002
0007
3ffb
3e24
3f78
3eac
0284
0160
0124
3f90
3f68
01f8
0280
0248
03af
3f67
0178
3fd0
3ff3
3f33
3e38
0540
3f24
3e94
3be0
0138
0008
0130
3fd7
3fcb
000c
002f
0023
000c
3fa8
3e7c
012c
00e7
0065
0082
3f2f
3fb9
3f76
3fef
0033
3fbc
3ff7
3fbb
003c
3f30
0028
3f08
3f0c
3fa4
3f68
06f0
3d44
3e6c
03b0
3dd4
051f
3fdf
3c58
0024
0005
00a1
0150
03d0
3ea4
038c
0440
026c
01c0
00ac
0009
002d
3fdc
3ff7
0015
3fe2
3e3c
3e9c
3fa0
00ab
0026
0085
015f
009c
00c3
3f87
3fe2
3fa5
0017
3f88
008f
3e80
3eac
3fd4
3f94
3f98
3ffc
3eb0
3f74
3f04
3db0
3e78
03a6
0060
01d4
0238
0076
00cc
0074
0230
000c
0194
0280
3fdc
3f7c
0060
3fe8
0019
3fcf
3f98
3f37
0061
00f0
01e8
3f08
0044
0032
0012
0026
3fa2
0084
000c
3fa1
006b
3ff2
3ff7
3ffb
3fdc
3f44
0098
009c
00a0
3ffc
39f0
3f10
01c8
03b0
0090
0462
3fc6
3fe8
0140
0018
0010
3ea0
0260
3f58
00b0
0150
01d0
00cc
0104
3f90
3fd8
3fb8
3f62
3fb4
3fae
0038
00d8
3f60
3f8e
3ff9
3f95
3eaa
3f37
3f73
0006
3fd1
0035
0052
005b
3ff7
3e68
3e0c
005c
3fe0
3f44
009c
39a0
0198
0128
0330
00e8
0432
3fba
3fbc
3fb0
3f9e
003e
02fc
0380
3e64
0084
00a0
0018
3fa8
0070
006a
0062
0008
011e
009a
0084
0140
0104
003c
3f94
3f7a
001a
0094
002e
0066
0018
0026
3ff2
0000
3fb2
004e
3f44
3f1c
0028
3ffc
00d4
3f28
3930
01c4
0024
0000
0038
0384
3f84
3ef0
0150
3fda
0086
0100
0280
0018
00e8
0130
3fbc
006c
3f50
002e
3ffc
0032
0004
3fd0
0034
0268
01dc
008c
3f9a
3f59
0041
3f96
002f
3f67
3fe6
3faf
0037
0032
3fb1
0081
3f68
0088
3ee0
3f40
3fa8
3f98
0c30
3f7c
003c
01f0
3f74
0476
3ffe
3df4
005c
3f96
0052
0114
0010
3ca0
0160
0810
3f74
3d8c
01e8
3ed8
3fb2
3f26
3f58
0010
3f48
3d14
3d40
3fd4
3ff8
000c
3fec
004c
0016
0036
00a0
010e
3f92
3f5c
0000
3f5c
009c
0034
0068
3eb0
0008
3ea8
3ec0
3d6c
01f4
3f60
006c
04a8
3fe2
0198
3edc
0040
0042
02a0
3b70
3e6c
0294
0420
3f6c
0078
3ef4
0012
3fb9
0059
00ee
0051
009d
3fcc
3e84
0148
3fa4
0072
3f32
005e
0010
004e
3ffa
3fd5
0025
0000
3f99
0067
3f00
3f64
3f9c
0254
0160
00f4
0220
3ea4
0354
02a0
00e8
0337
3f8f
0080
3dc0
0051
3f7d
0190
3c40
00d0
0130
0580
3f7c
3fe4
3f98
3fe1
3fbd
0024
0027
009d
3f8a
3ec0
3fbc
3f04
3f97
3ffe
3f99
3fc7
3f8c
003b
00e7
003e
00a9
3f83
3f8c
3ff7
0018
0038
3fe0
0018
0030
3fe8
0240
3f80
00c8
02e0
0008
043a
0004
3e28
3e70
005a
3f3c
3d18
02c0
3d7c
3e2c
0460
0128
0004
0124
3ef0
3f69
3f87
0088
0065
0023
0018
3f3c
00dc
3fcc
000c
3fc0
3f3e
3f8a
3fb4
0066
0087
3fdf
0028
00ab
3f7d
0168
0008
0160
01a4
0004
01a0
3c70
0260
0038
3ba0
0300
03ca
3f18
0238
0128
0050
001e
3f58
36a0
3f74
04cc
00f0
3c48
3dfc
3e4c
0056
0013
0043
3fbc
3f89
0033
3d70
3fec
3d84
3f0e
3eef
001f
00ec
3fe5
0107
00ea
0074
0076
004c
003c
0010
01c0
0100
00c0
011c
0180
3f9c
3620
03a4
3f74
3980
0160
0337
3ebb
3c94
0100
0001
0069
01a4
3cc0
0350
0030
3da0
0044
005c
3fe8
3eeb
3fe1
3f0a
3ff1
3fb5
003c
0150
0138
0018
000f
3ff6
0019
000f
0080
3f8f
0021
3fc0
0061
3ffd
0026
3fd7
00b4
0194
3f20
00b0
3f10
01a0
3e50
3e70
00d0
00d0
0304
03ae
0026
3e68
00b4
3f60
0028
00d0
3460
0184
022c
03f0
3f68
3f60
0008
3ed8
3f98
3f40
0042
001e
0024
3f14
00b4
3e60
00fc
008f
006d
0060
3fbf
00a1
3f96
3fb3
3fe3
3ff2
3fab
0047
3d38
3e94
3ea4
037c
00c8
02b4
0180
3f20
0000
0250
02a0
0361
3f8f
025c
3ee0
0043
3f95
3f3c
3bb0
3ea0
00c0
0160
3f10
3ed0
0040
3ffb
3fbe
003d
00e1
00a2
003f
3fd0
0058
3f78
3fc3
0076
3f4d
0029
3fe6
0043
3f7b
3fe5
3f96
00e5
0043
00a2
3ddc
3cfc
00e0
0148
0028
0120
3c20
3f60
3ef8
0230
04bc
029d
3ee3
0044
021c
007d
3ff7
3e14
0080
3fac
0054
0060
01c8
0224
3fa4
003f
3fd8
0067
3ecb
3f72
3f59
0094
3fe4
00b0
00b1
00a5
000c
0003
0041
3fc2
3ee5
3f44
3fa1
0037
3ff2
0045
3f24
3f0c
0018
3f04
3f88
3f7c
3db0
0330
3fc0
35c0
01dc
0408
3fac
00f4
019c
3f84
0008
00ec
02c0
0104
0334
0400
3f00
0088
3e78
3ff6
3f80
0076
3fba
3f68
0052
3da4
3e24
3f80
0036
3fa2
0094
0162
0096
00cc
3f94
3fba
3fda
0040
0086
3fba
0284
0150
0134
00b4
3e9c
0218
3840
02b4
0244
00a0
01e8
0419
0007
0194
3f08
002f
3ff5
0004
3b60
00f0
0028
3ac0
3fbc
0044
3f78
3f91
3f8e
0003
00ab
006c
003f
0198
00a0
00f8
3f71
3fc4
3fad
3e83
3e8a
3ff9
00d9
0085
0054
3f87
3f71
0016
3d74
3dd4
3fa0
0240
022c
0014
0310
3e50
3fa0
0200
01bc
047e
3f40
3f60
3d14
009c
005a
00c0
3790
004c
0274
09b0
3fc8
3d98
0230
3f8e
3fd9
3fb5
0070
0061
000f
3f04
3f28
3fdc
007a
0001
0079
00b4
3ffd
00b7
003c
00b6
3f86
0096
0080
0016
3ff8
3f78
0080
02b4
00e8
01cc
01d0
3f44
3d94
0090
3f90
0493
0051
0138
3e48
0089
00bf
0030
0410
3fa4
0124
3f40
3f74
3f84
3ff0
3fc9
3f94
0035
3ffb
3fce
002d
02f8
0054
02a4
3fc3
008a
3f39
001d
3fac
0071
3f85
000f
3f76
0007
005b
3fac
3ff0
3e44
01ac
3f4c
3f0c
0040
04a0
3ff4
3c6c
0360
0038
03e0
3fba
0010
0298
3f3e
3fe0
3f60
0940
3de0
3f08
3cc0
0064
0018
004c
3f5e
3fd1
3f8d
0028
000b
001d
3fb0
3ee0
00d0
3ff6
006d
3f89
3fe0
0097
3f49
3fa0
3f5c
0044
0026
0048
3fde
3f38
3ef0
0048
3ff8
3f7c
007c
3cf0
3f7c
00f4
02d0
3edc
03ee
00f0
01ec
0184
3ff0
3e8e
3f1c
3fd0
3fc0
3ed8
00c0
00d4
3f00
01d4
004c
0055
3ff7
008e
0025
0069
013c
00a8
0094
3f7a
3faf
3fcb
3f74
3f6b
0009
3f42
002a
3f18
00a0
0014
008c
3fec
3fa4
0048
01e0
00c4
011c
3ca0
00ac
01ec
0760
3e70
0454
005e
0060
3f48
00c6
0030
3d80
0300
0188
0040
37c0
038c
0234
0158
3f3e
3f9d
3fa1
3f00
3f77
3f89
0120
022c
3ef4
3f98
3fc3
3fd5
3fc6
3f59
006d
3fde
0012
3fcc
3f38
3f22
0016
3cb0
3d78
3f38
3e80
3e84
3ffc
3ae0
3f8c
0164
0840
0188
03e7
0011
3fa0
00a0
3ecf
3ffd
0068
0100
0020
0008
3ee0
00dc
0030
00ac
3fdd
3f90
004d
0045
0056
3fef
0220
004c
01d4
006b
00a7
3fc4
3ed5
3fab
3f2a
3f8f
3fbc
3fd3
3ef9
3f8a
3f6f
0048
3f6c
00dc
3f78
3fec
3f8c
3e60
3fbc
0004
0740
3d9c
046d
006d
3c14
0264
3fa3
3f1f
3e3c
0ab0
3f24
3e24
0630
020c
0178
0094
3f37
3fe1
3f56
3ed5
3f0d
3fc8
00cc
0078
0054
3f73
3fc8
3fab
006b
001a
0051
3ed7
3f24
3fb3
0087
0046
0041
0264
3f90
02d4
3e8c
3d7c
0110
3ea0
0010
3ed0
0110
3ca8
04c4
0098
3e8c
0038
00a2
008e
3d6c
0030
0124
3f4c
0100
0190
0180
0010
3fde
3fe8
3ff6
3f74
3fb2
3fc2
0008
00e0
3f28
3fa2
3f95
000d
0072
0001
0071
3fc0
3f77
0049
3ff8
0033
3fc5
012c
00dc
0050
01bc
00e0
00dc
00a0
3ebc
0144
0660
0064
03df
00a1
0170
3fac
006b
3ffd
0080
01e0
0124
3ec4
3ca0
3f9c
0020
3f7c
00cb
0064
0067
00ff
0024
00db
3d64
3e60
3f04
0033
0049
3fea
0045
3fdb
006a
0053
3fe2
0071
0135
00b6
007f
3f10
3e58
00b8
01f4
008c
0168
3cd0
3e68
02f8
0210
005c
0418
3ee4
3dd4
00fc
3fea
3fe6
0014
0350
3f74
010c
3e60
3ff0
3fe0
0010
0032
0088
3faa
3fe4
3fa6
003e
00fc
021c
3ee0
3f7e
000d
3f71
000a
3f55
00b5
007c
0015
0067
3f30
3f85
3fab
00fc
01a4
3f58
3ec4
3df8
00cc
0350
0274
3e34
3760
3fec
03f2
004e
0184
0104
3f06
3f72
000c
04c0
3d90
3fc0
0550
3d8c
3ea4
3ee8
3fc4
3fc6
3ffe
0064
005a
000a
3ebc
3dd8
00e4
3eb4
3fd4
3ee0
0168
00ec
007c
3fde
006a
3f74
3fda
003a
3fa0
03f4
0178
027c
3e80
3f28
3f58
3ee0
3f48
00f8
3fc0
009c
0380
3fd0
016c
017c
3f9a
0066
3fe4
0140
0018
0000
0390
3e78
0088
3df0
001e
3fda
0044
0064
003a
002a
016c
010c
0060
3f62
3ffd
3f65
3f42
3f1f
0023
00a6
3fbd
00e9
0042
0053
3fef
0254
00b0
01a4
0410
02e4
012c
3920
0194
3edc
3e50
3ff4
040b
005b
00a4
01e4
0011
0049
3efc
0610
3fe8
0058
3eb0
0364
02e0
0084
0087
0039
004e
3e95
3f0f
3f86
0124
006c
00b8
3f1b
3fa6
3f75
3fcb
3ff6
3fd5
3f57
3f98
3fbf
3f83
3f44
003f
0004
3ee0
0124
3d08
3e00
3f08
37b0
0298
3fb8
37a0
0270
039f
3fa9
0150
0408
3fff
006d
00f0
3970
0090
03f8
0210
01f8
0230
3fc8
001d
3f9e
007f
3e51
3edc
3f75
3e38
3f94
3ea4
3f9b
3fb1
3fea
00e1
00a9
0038
0057
3fb4
00a3
0049
0026
0023
0198
0200
3f98
3e50
3fac
3ea4
04a0
3cc0
3e98
0060
3ed0
04e1
0013
3fac
3fe8
3fdd
3fbf
0084
03d0
00a4
3f74
3ac0
3fb0
00cc
3ee4
3fef
3fb2
003d
0043
3fee
0055
3ea0
3ee4
3fbc
00a1
003b
0066
00f3
008d
0066
3fff
3f88
0077
0015
0010
0005
016c
01b8
3fb4
0014
005c
3fb8
3e60
01cc
3e54
0230
0040
0415
0097
00cc
00b8
3f8b
3ffd
3e54
0370
3fc8
3f20
3f70
006c
3fa8
00c4
3f73
0008
3f6b
0005
0082
3f83
0288
3f7c
030c
3f79
0004
3f75
3f4b
0002
3f49
3eef
3f5d
3f92
00e9
0109
3fe0
0034
3e40
01f4
0230
3f64
02cc
3aa0
014c
00dc
3ba0
01dc
039e
3fe6
0108
0094
3fc8
3fd8
3fe8
0270
0130
00a0
3f30
3ecc
0034
3e98
3f96
3fb2
3fe4
3f90
3fc0
3fd0
3f4c
3ed8
0074
008c
3f77
0115
003c
001b
0021
00fc
00d7
0025
0004
006b
3f99
3ef0
00b8
3e38
3fc0
0068
3f58
37d0
3f84
000c
00d0
3f48
04b6
00e0
3f7c
01f8
3fd4
0036
3dd4
00e0
001c
3f84
3d00
01cc
0240
3f8c
3fe6
3fb9
002d
3ec4
3f2b
3f99
0190
01c0
3fd0
001a
3fdb
003f
3f3c
3f45
3ff7
3eda
3f4e
3f8c
3fb8
3fde
3fda
3f3c
3fa8
3f94
3ec4
3f58
3f6c
03e0
3fb4
002c
0540
0238
03f3
3fdb
0064
3e08
3f8f
0017
3d64
3b90
3fe4
0094
3c40
0294
00a8
01ec
3f5f
3fa3
3fbc
3f6f
0037
3f38
3d28
3e60
3ec8
006d
3fff
006e
0045
0007
003e
3fed
3ff5
3ff8
012d
0089
00a4
3e3c
3dac
0090
020c
01a4
0068
0360
0138
3f90
3c50
3f50
0481
3fcf
3eb0
0178
0039
3f3f
3fc0
01f0
3f98
3dc0
01e0
0010
011c
3ef4
005d
0060
3ffd
0089
3f68
0121
3d78
3e14
3f64
3f31
3f7b
3fb6
003f
0049
3ff6
0079
000c
006d
005f
00c4
3f9b
0330
0278
00b8
01f0
0064
018c
02b0
00f4
0114
0220
3f1c
035d
0063
3ebc
002c
0063
3fa5
3d4c
0500
3eb0
3e28
3eb0
0084
3fe4
00a0
000f
0020
3fef
3ead
3ef8
3fb5
3fd4
004c
3f88
3fc1
0000
3fc1
3f87
3f98
3fef
0001
0033
3fce
3fbf
3fa9
0016
3ef4
3f2c
3fc8
3dc0
3e44
3f7c
3fe0
3e10
00e0
3bb0
3e1c
0464
006c
0088
00cc
3f56
00a2
01e0
03f0
3e6c
3f4c
0330
3eb8
0010
3ea8
3fe4
0000
3fe4
0046
3fc4
0082
01c4
00fc
00c8
0064
00b9
3fab
3f40
3ff3
3f4d
3fb6
3f5b
005b
0046
0061
3fe5
0158
0124
0034
021c
3f3c
02e0
3ed0
3de4
3fc4
3cf0
3f54
0438
3f22
3e58
01e4
00ee
3fdc
0018
3c50
00c0
0098
0630
3e44
3f6c
3ed8
0088
0019
006f
3f7e
3f95
3fe9
3fe4
007c
3f68
3fcc
3ffd
3fcf
3fba
3fb9
0001
3ffe
3ffc
0002
0118
009e
007a
01c8
0098
0130
0260
018c
00d4
3720
0150
0300
0020
3e2c
0331
0091
00b4
3f54
3fd5
3f69
3d3c
0450
0038
3d60
37c0
0010
0050
3fc0
0027
0099
3f8e
0063
0063
0000
0224
0260
3fc4
006b
3fb1
00ba
3f9b
3fbb
3fe0
3fbf
3fd1
3fee
3f07
3f47
3fc0
3f4c
0128
3e24
00d0
3fe4
00ec
3a50
01b0
3fd8
3c20
3e04
0406
00e0
01f8
0034
3f8c
3f62
0140
0290
00f0
3ee8
0030
0050
0144
3f0c
008a
000d
007d
0030
3fb5
007b
3f34
00bc
3e78
0076
001d
0059
0068
006d
3ffb
3e74
3f20
3f54
0016
3ff2
0024
3f58
3de4
0174
3e00
3e7c
3f84
05c0
000c
3e4c
3d30
0094
0418
0012
3d84
3fd4
3fa6
3f0c
0224
0210
3f2c
3e04
06a0
3eac
3e64
0048
3e98
3fd1
3ec7
0116
00ad
0069
028c
3fcc
02c0
3fc4
0023
3fa1
3f86
0007
3f7f
0062
0090
3fd2
3fa8
0072
3f36
01e4
013c
00a8
017c
0040
013c
0060
0188
3d18
3fd0
3e98
03ba
005c
00e0
0088
3f98
006e
0128
00a0
3f24
0174
02e0
3fa8
3f40
0068
3fd8
001d
3fbb
00ca
0055
0075
0290
00f0
01a0
3fec
0047
3fa5
002a
0087
3fa3
3f4c
3ffe
3f4e
0036
3fc4
0072
3dc8
3e8c
3f3c
0214
00dc
0138
3e50
0000
0198
0570
0120
03b5
001d
0130
3f58
00b5
0015
3ea8
3da0
0198
0168
3f00
00a0
3fd4
00cc
0001
3fa3
005e
0009
0017
3ff2
0238
0274
3fc4
3f9f
3fbd
3fe2
3e9b
3ee5
3fb6
3f97
3fc9
3fce
00bf
0005
00ba
3e30
3e3c
3ff4
3f88
00c8
3ec0
0270
00f0
0018
3df0
0244
03d6
3f80
3ea4
01e4
3fd0
3ef2
02dc
0170
006c
011c
04d0
00f0
3f24
01cc
3f54
0055
3eff
008a
3fdb
00af
3efc
3e94
0068
009e
003d
0061
00cc
009b
0031
3f8c
0014
3f78
3fd2
3fe8
3fea
3efc
3fc8
3f34
3fbc
3dcc
01f0
0240
0378
3c40
3570
3f08
030a
00da
017c
3d68
0144
006c
3d3c
39b0
04f4
3fc4
3ce0
0188
01b4
3fd4
3fb8
3fd2
3fe6
3fc6
0014
3fb2
3f88
3fd8
3fb0
3fc8
3f55
0073
0108
00a5
0063
3fb2
3fa3
000f
3fa6
000b
3f9b
03fc
024c
01b0
0074
3fe4
0090
0450
3e7c
00ac
08f0
3f94
03cd
3f71
3f28
3ddc
3fa1
3fd1
3e68
3c70
0030
02d8
0020
009c
3fcc
00d0
3fc5
3feb
3fda
0049
0099
3fb0
3ecc
3f88
3f44
004d
3ff3
005a
0119
0055
00c4
3eef
3f5d
3f92
0077
003f
0038
3fe0
3f20
00c0
0018
3f5c
00bc
3650
00fc
00d4
3db0
0030
03cc
3f2e
3ecc
0308
3f4e
3ff0
018c
0860
3f20
00f8
04c0
0154
01e8
3f6c
0042
002b
0017
00c4
3fed
00d7
0278
013c
013c
3fd8
0007
3fd1
000a
0021
3fe9
3f2e
3fbe
3f70
3f58
3fae
3faa
3f84
0024
3f60
3e00
3d24
00dc
0070
3ffc
0064
3cc0
3b24
047e
000e
0038
0134
0038
3ef0
3d68
0750
3f0c
3e3c
39a0
3f04
0070
3e94
0134
0082
00b2
3f46
3fc8
3f7e
000c
3f6c
00a0
3f72
0025
3f4d
3ff6
0049
3fad
0080
0037
0049
0010
3fcf
0041
0098
0078
0020
3bb4
3e44
3d70
05b0
3fb0
0060
3e80
3fd4
052c
00d8
3fec
00c4
3faa
3f8a
3f84
02b0
3ec0
3f10
3df0
3c50
3e30
3e20
005c
3ff0
006c
0092
3ff4
009e
3de4
3e84
3f60
3fa6
003d
3f69
0072
3fab
00c7
00b8
00b5
0003
00ac
0053
0059
015c
3fe0
017c
3e80
3e90
3ff0
3870
006c
0014
3c60
02c8
033f
3f03
00a0
0260
00b5
3f65
3dd8
3ee0
033c
3fac
3ce0
0074
00a8
3fcc
3f95
3fef
3fa6
3f47
3faf
3f98
3f48
3edc
006c
0099
0044
0055
3fe9
006e
3f7b
3fd1
0044
3f8d
3f4d
3fbe
3f8f
0000
009c
3f64
3dcc
3f1c
3eb0
0930
3eac
3f34
0580
0060
03df
3fc5
3edc
3d30
0073
3f8d
3f44
3ad0
0130
3ef0
0090
3db4
3df0
3fc4
00ab
00b8
3ff3
00f3
0076
007d
3c50
3d70
3ee0
0069
3ff7
0072
00cb
007f
004c
00af
006c
0043
0009
0016
3ff3
3ffc
00a0
3f5c
0250
00c8
0188
3ae0
02d0
3f58
04d0
3ea0
03d2
0062
3e40
3e58
3f5c
00cc
0158
3ef0
3f90
3fa8
3f00
0150
0074
00dc
003a
00bc
3f7e
00a0
003a
0066
01c0
0124
009c
3ef2
3f77
3f7b
3f7a
3f8f
3feb
011e
007b
00a3
3fda
3fc3
0017
3f80
3fcc
3fb4
3f10
3fb4
3f5c
0220
0230
0118
3e30
016c
0330
0042
022c
00fc
3fce
3ff4
3e7c
3db0
3ffc
3f04
3d60
3b40
3e24
3d1c
00f4
0039
00bb
0006
3fed
0019
3e7c
0054
3e28
3f92
3f8b
0007
3f94
3f57
003d
00b8
001e
009a
3fe6
3fc0
0026
0024
3f74
00b0
3db4
3fb8
3dfc
3be0
3de0
3e60
3d40
3f74
03a8
0078
3e60
00b4
006a
3ffe
3ff0
0220
028c
3f8c
35c0
3f38
00d8
3e60
3f62
002e
3f34
0058
3fe2
0076
018c
014c
0040
0098
0015
0083
0030
000f
0021
0078
3ffd
007b
3f6c
3f83
3fe9
3cd8
3f90
3d48
0094
0114
3f80
3a80
3ef0
0098
3da0
00fc
0424
3f02
01dc
3d8c
3ff8
005e
3f94
3dd0
3f10
0158
01b0
3f80
00ac
3ed4
0102
0035
00cd
0142
00e1
0061
3ef4
0024
3ed0
00b4
003c
0078
3fd6
0052
3f84
3ff2
0035
3fbd
3fdc
3fe9
3ff3
3fd4
0098
3f3c
3e60
3f8c
3ed4
38e0
03a0
3e68
3870
00c4
036d
00c1
01f4
008c
3fa1
0005
0054
38b0
015c
3f0c
0000
0180
01e4
3f9c
009f
3fd9
00c6
3f4b
3f7d
3fce
3f64
0018
3f4c
3f5d
3f4d
0010
3fc9
3fd9
3ff0
3faf
3fd1
3fde
00eb
0051
009a
0014
008c
3f88
00c4
0084
0040
05e0
3cf4
3ebc
06e0
007c
03fb
3fd5
3e28
3dec
0137
0149
3e30
0150
02b4
01f4
3fc0
3f44
0010
3f34
3f95
3fca
3fcb
3fd5
3faa
002b
023c
00cc
0170
3fcd
3fcb
0002
0003
0021
3fe2
0017
3ffa
001d
3f75
3ffe
3f77
0028
010c
3f1c
0124
3fb4
0170
3f90
00e0
3f78
3b70
3e0c
047c
0002
00f0
00fc
0024
3fee
0030
0390
3fe4
3ebc
0000
3f58
0004
3f54
00c6
0051
0075
3fc6
3fe7
3fdf
3fa4
3f3c
0068
3f84
3f8a
3ffa
3f16
3f86
3f90
0024
00c9
3f5b
3fa2
3fdf
3fc3
00d0
0070
0060
3e6c
3f90
3edc
01b0
3c28
0118
0830
0204
03f0
3fee
3f98
3ee4
00aa
3f84
3c98
3940
01bc
3d14
3610
00b0
00a8
0008
3f8e
3fb9
3fd5
0050
0041
000f
3ecc
3eec
3fe0
0128
0089
009f
3f0a
3fa9
3f61
0088
0034
0054
0006
3ff2
0014
3e90
3fa0
3ef0
0124
0228
3efc
0330
3f2c
3d6c
0170
3fc8
037e
00a6
0038
3f40
0002
0052
0150
3e80
0174
3f94
37c0
0244
3fec
0258
3ee0
3f80
3f60
0048
0028
0020
3f98
3ecc
00cc
00c2
0084
003e
3f6a
3ff4
3f76
3f9c
0034
3f68
3fc4
3f68
005c
3bf0
3ee4
3d0c
3e0c
3fc4
3e48
3a10
0018
01c0
3a00
3fd4
0464
00e2
3f28
0324
3f84
3f26
00c8
0a40
3da8
3ef0
0240
0040
013c
3f04
3fc6
3fad
0019
3fa2
3fd3
3fcf
00ec
003c
00b0
3f3a
3f8e
3fac
0070
0012
005e
006a
3fd9
0091
3f14
3fcf
3f45
0340
02a8
0098
3e10
3edc
3f34
3d30
00d4
01fc
0120
3ee4
039d
3f41
3f24
00f4
3fab
3fff
0234
3fc0
023c
01a4
3e00
017c
00d8
00a4
003f
009f
3fa0
3f6d
3f51
001c
3d9c
3f8c
3e10
3feb
3f6e
007d
0013
001a
3ff9
001d
001a
0003
00f1
00aa
0047
3f24
0064
3ec0
007c
3f10
016c
04b0
00dc
3d54
03f0
00b0
0414
009c
3f44
0148
0092
00ca
3eec
3e60
0214
008c
38f0
3f24
3e78
00ac
0016
0058
3fbe
3f3c
3f8a
3fb2
0158
0054
0104
3fae
0007
3fa7
0022
3fdf
0043
3fec
3ff1
3ffb
3fc4
3fc9
3ffb
3e94
3f18
3f7c
3f1c
3f68
3fb4
3cf0
01b4
3ccc
3940
005c
03b6
00cc
0180
02ac
3f10
00aa
0148
0070
3ecc
007c
3c10
01ac
0178
0034
3f9e
3f8b
0013
0030
3ff7
0039
3f14
3f64
3fb0
0024
003b
3fe9
0096
0037
005f
003e
0062
3fdc
3eb0
3f2c
3f84
00d8
0174
3f64
3d74
3f5c
3e18
3e70
0048
3d88
3d20
00f8
02fc
00f0
013c
0120
0058
0024
3e44
0040
00e4
3e94
0180
0010
3fc0
0050
3ef2
3f68
3f8a
3fea
0000
3fea
0080
006c
0014
3f20
3f92
3f8e
3fc8
3ffa
3fce
00ca
003e
008c
0092
004a
0048
029c
0168
0134
0274
011c
0158
3ef0
0278
3df0
3600
00fc
0393
005d
00fc
003c
0005
0073
0094
3b20
0050
0098
00b0
3ee0
3f44
3f9c
3f01
3fca
3f37
0093
003e
0055
0054
005c
3ff8
000f
3fd8
0037
0021
0044
3fdd
3f7f
3ff7
3f88
3eb5
3f69
3f4c
3f64
0090
3ed4
3fd0
3fe4
3fec
3cb0
3ec8
3f38
01e0
3fd8
0354
3ff6
02a0
0010
0096
000c
3fd8
3940
022c
015c
3ad0
0260
01a8
00b8
0032
0045
3fed
3f94
3f95
3fff
3f90
3f8c
0004
00b6
00c9
3fed
005c
0025
0037
3f22
3f58
3fca
3fb8
3fca
3fee
00e8
3f1c
01cc
3f4c
3ff4
3f58
0af0
3ee0
01b8
0170
3f90
0434
3fa2
0008
3ef0
3f74
3fe2
01e0
0300
3e88
3fd0
0020
3c20
3d84
3e9c
006c
0015
0057
0160
00b1
00af
3f68
3e00
0168
0020
003c
3fe4
3fbe
3fda
3fe4
3fa4
007b
3f29
3fc6
001b
3fab
0058
3ee4
0174
3fe8
00ac
3f3c
0440
010c
3f34
3f10
0000
0424
3fd0
000c
3fb8
3fd4
0000
3ecc
0660
0144
3e4c
3b70
00ec
0050
009c
3fee
3f62
008c
3ece
3f8a
3f44
0078
0004
0074
3f1c
3f3c
3fe0
0004
0060
3fa4
0052
0000
0052
009e
3fd4
00ca
0084
00c4
3fc0
3eac
3fb8
3ef4
0790
3d40
3e88
06c0
3dcc
0496
3ff4
3d20
3dcc
008c
008a
01a8
3a80
00bc
0024
0000
3f98
3f0c
008c
0018
3ff9
001f
00b2
002b
0087
3d04
3fac
3d58
00aa
001d
008d
007c
007b
0001
3fc0
3f70
0050
00b6
002c
008a
0000
3fcc
0034
011c
0118
0004
3d80
0034
3f2c
3e60
02d4
03b3
001b
005c
031c
3f03
0017
035c
3b60
3f88
0030
3d20
017c
01a0
3fdc
00b5
0031
0084
3f99
3f43
0056
3f74
3f98
3fdc
3ffb
0035
3fc6
006b
000b
0060
0003
0039
3fca
3f7f
3fd7
3fa8
00ac
0094
0018
3e00
3f64
3e9c
3c90
3f50
01f0
02f0
0068
045a
0014
0030
0088
001a
0058
3ee8
0490
3d54
015c
0070
3e60
3f08
3f58
0082
006b
0017
3ff6
3fe1
0015
0078
3f80
00f8
3ffa
00a2
3f58
3f94
3f5e
0036
002c
004d
3fdf
3f62
3f7f
3fe3
3ec0
3efc
3fc4
3f04
3fb8
3f4c
06f0
3f70
3f38
01f0
3bf4
042c
3f70
3d70
3f24
0074
0018
3e98
0240
0174
00c4
01a0
3d98
3d4c
004c
00a0
0114
3f8c
3f60
3fb0
3fb0
00b4
3fd4
00e0
0070
002a
0046
3fc4
3ff6
3fce
0000
0006
3ffa
0078
0062
0016
3f20
3edc
0044
001c
3f4c
00d0
00d0
3e3c
0024
0110
01a8
0386
3fa6
3da4
0088
0096
003a
3e9c
3e40
0018
0300
09d0
0024
0160
3ec4
3fbe
3fde
3fe0
3f36
3f28
000e
3eb0
3f40
3f70
0018
00a0
3f78
0078
3f92
00e6
3f96
3fbc
3fda
3fd2
3fa6
002c
011c
3e58
02c4
00c0
3ffc
00c4
0830
3eec
3ef4
05d0
3ecc
0513
3f1b
3cf8
3f9c
007d
3fa9
3ed8
3ec0
0048
3de8
3a00
3f84
3e88
00fc
009d
005f
003e
3f9f
0037
3f68
3fac
0014
3f98
006b
3ffa
0071
3faf
0020
3f8f
00e7
002c
00bb
003b
3f92
00a9
3eb8
3f90
3f28
3fb0
0178
3e38
3e50
04c4
3e2c
3b80
3f30
037a
3ff4
3ef4
0230
3f36
3ff4
0034
3c60
0130
3f30
0370
3e84
3e08
007c
00e6
00f5
3ff1
3eb2
3fab
3f07
3ca0
3dc8
3ed8
0018
3fd8
0040
005a
00ac
3fae
00be
008f
002f
0030
0089
3fa7
005c
009c
3fc0
3eb0
3fa0
3f10
3fd0
0170
3e50
3d50
3eb4
049e
006c
0108
3ee4
3ff0
3f96
3f08
0320
3c68
3fa0
3e60
01b0
3f98
0218
3fe0
3fcf
0011
3f7a
3fd5
3fa5
0094
00e4
3fb0
3f22
3efd
0025
0064
001b
0049
001c
0030
3fec
0076
3fc4
00b2
3f08
3fe0
3f28
3f88
00bc
3ecc
3bc0
3ff4
3cec
3780
02f0
02f0
3ff4
01d0
3f28
3fe4
00c4
03a0
3da0
3ea4
0134
0950
009c
01d8
3ec4
3faa
3fc0
3fea
3fda
3f5a
0080
3f90
0054
3f3c
008e
0052
003c
00ae
005c
0052
3fd6
3f8e
0048
0062
002c
0036
0128
0020
0108
0084
3fac
00d8
3aa0
0154
3eb4
0160
02bc
0377
3f5d
0020
012c
3fd3
00ad
3ed8
3fd0
3ee4
3e24
3880
033c
01ac
0190
3f2b
3f86
3fa5
3fdb
3fe0
3ffb
3ffc
001c
3fe0
3f9b
3ff9
3fa2
3fbd
3ffd
3fc0
00d1
00d0
0001
0027
3fa2
0085
3f50
0064
3eec
003c
012c
3f10
00c0
3dc0
3f50
3cb0
010c
03df
00cb
02f0
016c
0059
3fbd
0010
0610
3f30
3e00
3d80
3f30
0160
3dd0
3f5f
3f6b
3ff4
0065
003d
0028
00c4
0024
00a0
0053
00b2
3fa1
3fab
3fae
3ffd
0053
3ff2
0061
3ef7
3f4e
3fa9
0058
0018
0040
3eb8
0058
3e60
0590
3d68
3fb8
3f20
3e9c
040a
3fca
0028
3f4c
3f90
0028
0250
3ea0
3f88
0220
03b0
01a0
0000
01a0
3fb0
0074
3f3c
3fde
3fde
0000
3fe4
3f44
00a0
014c
00a3
00a9
008c
005f
002d
3fae
3fe1
3fcd
3fe6
3fcd
0019
3ef8
3f94
3f64
0098
3f54
0144
3e20
3ec8
00a8
07b0
3f44
0426
3fb6
3d58
02ac
3efa
0042
00b8
0560
3bd0
0120
05e0
01a8
0040
0168
3fd4
001e
3fb6
0010
0012
3ffe
00b4
0090
0024
0054
0082
3fd2
3f90
3fba
3fd6
3eea
3f70
3f7a
004a
3fe0
006a
3f70
3ee8
0088
0078
3fc8
00b0
02e0
3d58
3e10
01e0
3f10
041d
3fb5
00a4
0060
0091
00a9
3e2c
3f50
009c
03f4
3e00
0108
00ac
005c
3fdb
3fc1
001a
3f1b
3f99
3f82
3f60
0020
3f40
0093
3fe7
00ac
00a7
0043
0064
0041
000b
0036
3fe1
0003
3fde
01ec
01f8
3ff4
3e4c
3f30
3f1c
0290
3f58
3f30
07b0
3fa4
0347
3ff1
3ff4
3d9c
00f3
0085
000c
0340
0158
3e60
0150
0278
008c
01ec
3fcb
3fea
3fe1
000f
0002
000d
02b4
0090
0224
00ad
003b
0072
3f6b
3fad
3fbe
3e49
3f2c
3f1d
3fcb
3f78
0053
3d7c
3df0
3f8c
0020
3f84
009c
03b0
3ecc
0034
3db0
3f18
0425
00a5
00f0
0038
00d1
3f59
3b10
3be0
3ef0
3d50
39d0
3e9c
0080
3e1c
0075
3fdf
0096
3f19
3f6f
3faa
3ce8
3f30
3db8
3fc7
0063
3f64
00a3
0097
000c
0187
006f
0118
3fdf
3fcf
0010
0200
0138
00c8
3fb0
00e8
3ec8
01c0
3d94
3e4c
01a0
0064
0424
002a
0010
016c
00fe
0044
3ea0
0410
0094
3ff4
3e10
020c
00e0
012c
004a
3fd9
0071
3eec
3f3b
3fb1
0114
00c0
0054
0088
000d
007b
3fb2
3faf
0003
000e
3ffc
0012
0088
3fcc
00bc
3e68
3e90
3fd8
3e34
3ee4
3f50
3b60
00c4
0134
0510
01ac
0355
3fef
3f84
3fe4
0051
3fbf
3dc4
3a50
3fe0
02c0
0500
0424
022c
01f8
3ed9
3f32
3fa7
3f85
0030
3f55
01e4
0240
3fa4
0003
3fbd
0046
3fd5
3f59
007c
3f8d
3f92
3ffb
003b
0064
3fd7
0094
3f7c
0118
0190
0108
0088
3880
3fc8
0578
3ea0
03a8
0482
3f08
0108
00f8
3fe4
3f8e
0058
3cb0
0070
0190
00b0
0060
0050
0010
3f9c
3f8f
000d
3f3e
3f9b
3fa3
3f98
00d0
3ec8
0014
3fcd
0047
005e
3f71
00ed
0060
0014
004c
008e
0036
0058
01e8
3fa8
0240
3f60
3fd0
3f90
3e80
000c
001c
3cd0
0094
03c6
3f06
0160
00f4
3fa4
3fa0
0080
3f60
3eec
028c
3f50
0144
00fc
0048
003c
3fd8
0064
00aa
0088
0022
3f0c
3f64
3fa8
001c
0045
3fd7
0158
0043
0115
3f2c
3fbd
3f6f
00b4
004b
0069
0078
3f48
0130
0074
3f7c
00f8
3e90
3f78
0060
0070
3e54
0453
006b
00a8
015c
3f69
0009
3f50
02b0
3e1c
001c
3ec0
3ea8
002c
3e7c
0063
0043
0020
3f59
3f95
3fc4
01fc
0170
008c
0053
0090
3fc3
3f87
3fac
3fdb
3fd7
3fa2
0035
001b
3ff2
0029
00c0
3fe4
00dc
3e5c
3f94
3ec8
0a30
006c
3e0c
3ed0
3f48
03dd
3ffb
0004
0108
3f8d
0043
3f74
0b50
3d48
3e88
07c0
3dfc
3e9c
3f60
3fb5
3fd8
3fdd
3f5d
3fd4
3f89
3f78
3d38
0240
3fb9
0073
3f46
005b
00a9
3fb2
3fd5
3fd8
3ffd
3f47
002c
3f1b
0164
0024
0140
0090
3ef8
0198
3960
01fc
02bc
0100
00a8
0407
3f9f
3e4c
0220
3f6f
3f6f
3fbc
0240
3e88
0040
02e0
3fb4
0024
3f90
3f65
3fe1
3f84
008d
001d
0070
0150
013c
0014
001f
3faf
0070
001b
3fc3
0058
00b5
3fe3
00d2
3f39
3fbb
3f7e
024c
027c
3fd0
0028
3fdc
004c
0500
3cec
009c
0110
01e4
0412
3ede
0078
3e44
3fdc
3fd8
3f10
3b30
0084
0064
3630
3d7c
3ecc
3eb0
0126
0038
00ee
00e4
00de
0006
3fe4
0054
3f90
00aa
0055
0055
3f92
3fdd
3fb5
002e
005f
3fcf
0076
3fe7
008f
3cd8
3e54
3e84
3f1c
0154
3dc8
00f0
0264
0174
3e60
000c
03bc
3f28
3f18
3dd4
004c
0098
3cb0
06f0
0060
0188
02b0
00ac
007c
0030
0042
0054
3fee
3f1e
3fbc
3f62
021c
0088
0194
3f18
3f60
3fb8
3fe0
3fa8
0038
3fba
0018
3fa2
0082
006c
0016
0108
3fa4
0164
3ee0
3dcc
0114
3bd0
00dc
016c
0300
00bc
03f9
3ecd
3d84
024c
3f97
0067
00a4
0900
3e90
3eb8
02b0
3f4c
00ec
3e60
0057
001b
003c
3f59
3f13
0046
0354
0134
0220
3fbb
0024
3f97
004f
008a
3fc5
3f77
3fa0
3fd7
3f4b
3fd2
3f79
024c
00ec
0160
3d68
3de4
3f84
02d0
3cc0
3f08
0530
3f58
0409
0173
01a4
3fd8
3fad
3fc7
3e54
0210
3fdc
3bcc
3b50
0150
005c
00f4
0015
3ffe
0017
3eed
3f3e
3faf
0010
0080
3f90
006b
007f
3fec
3fa5
3f91
0014
002b
0006
0025
0055
0046
000f
0034
3e94
01a0
3f1c
3ee4
0038
3df0
0288
00c0
3400
3f38
0353
3fbf
0234
0110
3faf
002b
012c
3fe0
3ecc
006c
0120
3dd8
3fc4
3e14
0115
0067
00ae
3ff1
3fe7
000a
3fc0
0074
3f4c
3f73
3fcf
3fa4
3f4f
3f83
3fcc
3fc1
3f6f
0052
002d
0053
3fda
0114
0138
3fdc
3f24
3eec
0038
0390
3fd0
3fa0
3cc0
00fc
0425
0043
3ffc
007c
0087
3ff9
0014
3a00
0114
01dc
0760
3f38
0028
3f10
0049
3f9e
00ab
3fcb
3fb6
0015
3dfc
3fac
3e50
007d
005a
0023
0037
3fde
0059
3f97
3fbd
3fda
0059
3fdb
007e
3f5c
3f40
001c
012c
0078
00b4
0560
0180
3e40
38e0
3d34
0576
3f80
0094
3d8c
0082
0088
3fe4
0120
3ff4
3fd4
38d0
3e48
3f58
3ef0
00ae
0033
007b
0016
0005
0011
3dcc
3fb0
3e1c
0042
3f88
00ba
00b8
0054
0064
00b0
0025
008b
0042
0037
000b
029c
020c
0090
3f1c
0094
3e88
3f40
02a4
3e9c
3ab0
0050
0370
01a6
0260
01f8
3f32
3ecc
0010
0210
3f18
3ef8
0570
3f04
3f60
3fa4
3f50
3f7d
3fd3
3f56
3f8d
3fc9
3e88
3f94
3ef4
3ef6
3f39
3fbd
0008
3ff1
0017
005c
0036
0026
001e
003c
3fe2
03c0
01e0
01e0
3f58
3fb0
3fa8
3dd0
01e4
3c94
36d0
3fa4
0439
00b1
0290
001c
3f33
0093
0180
0530
3f14
3e1c
0070
3fa4
00bc
3ee8
00c9
0027
00a2
3ff7
3fd5
0022
3ff4
3fc8
002c
0049
0046
0003
3fd5
0082
3f53
0051
0034
001d
0001
3ff8
0009
0020
3fb0
0070
3f9c
3fc0
3fdc
0300
3eac
02ac
00e0
3ec0
0408
3fb0
008c
0240
3fe6
3ee2
3f04
0000
3eb8
01e8
0030
3dbc
3f7c
3e40
3fda
0048
3f92
3fa8
3fcc
3fdc
3e38
3eb0
3f88
3f44
0021
3f23
3f78
3f77
0001
00ec
000b
00e1
3ff0
0039
3fb7
010c
0138
3fd4
0130
0038
00f8
0320
3fdc
3e7c
0520
3f0c
03df
0001
0004
0074
3f71
3f7b
3f54
0050
3fcc
3fbc
3890
01b4
3fcc
01e8
3fe3
3fc8
001b
3fe1
0006
3fdb
00fc
0090
006c
3f01
3fae
3f53
005b
003c
001f
3ff5
0071
3f84
0067
3f91
00d6
3cec
3e9c
3e50
3ee4
3fc4
3f20
0310
0158
3cf8
3b20
3dc4
047d
00ef
3da0
0114
3f87
3f65
3f50
0180
3ee4
3c5c
3c30
3f98
3fa8
3ff0
3f1b
3fc2
3f59
3f79
3f9e
3fdb
00bc
0104
3fb8
005d
000c
0051
0033
005c
3fd7
00a1
3ff9
00a8
3f1f
3f5b
3fc4
3f98
0200
3d98
0214
00d8
013c
36e0
0404
01a4
3df0
013c
039d
3f57
3e90
3f94
3f99
3f9f
00b8
3f10
011c
00ac
0120
00b4
002c
0088
0103
0086
007d
3fb3
3fdc
3fd7
021c
0198
0084
3f19
3f75
3fa4
0023
0031
3ff2
3fc9
3fc0
0009
3f63
3f4a
0019
0040
00d4
3f6c
3cbc
3eb4
3e08
3fc0
02c0
3e60
3bf0
0194
02f2
0006
0048
0164
3fbc
3f6c
3f38
3b30
01d0
0140
3cd0
3e40
3f88
3eb8
3fce
3fba
0014
0140
00e2
005e
3f64
0004
3f60
3ff4
3fbb
0039
0060
0091
3fcf
004a
0043
0007
0026
0015
0011
3e10
0060
3db0
0188
0168
0020
0790
01d0
3bf8
33b0
0184
037b
0085
3fe4
0124
3fcd
000f
03a4
3f00
3ff0
3f18
0690
3e78
3ec4
3fb4
0039
0024
0015
3fbf
3f3a
0085
3d84
3dac
3fd8
0013
3ffc
0017
00e1
006a
0077
3f85
3fc9
3fbc
00f7
0105
3ff2
0324
019c
0188
0148
3ee4
0264
0340
3ebc
3e84
0550
3ecc
041e
3fec
3ff0
007c
3efe
0068
00d8
0230
3ec0
0220
39e0
0044
3fc8
007c
3fda
3fed
3fed
0036
001f
0017
3eac
3eb4
3ff8
0034
0072
3fc2
00b2
0032
0080
007e
3ff7
0087
3f38
3f71
3fc7
3f10
001c
3ef4
3e18
3f98
3e80
0660
3e74
0004
0520
0020
04c9
3fe1
3fc8
0220
3fe7
3f2b
3f98
3ef0
3e9c
3d6c
3be0
3e14
3e7c
3f98
00e1
0065
007c
3fbb
3fd9
3fe2
3ef0
3f68
3f88
00b9
00cc
3fed
3ff1
3ff6
3ffb
3f07
3f5e
3fa9
3ff3
0024
3fcf
3d68
3e20
3f48
0004
3f64
00a0
01b0
3e44
3e54
01d0
0148
034f
0037
0254
0180
000d
3f71
3e4c
0860
3f7c
3e3c
3ea0
00c4
3fac
0118
005b
000b
0050
0045
3fd7
006e
3fd8
3f5c
007c
0125
00c4
0061
001d
004a
3fd3
3f7f
3fce
3fb1
3ffb
3ff8
0003
3f3c
3f10
002c
3ff4
3f24
00d0
0170
0008
0250
0300
3fbc
0469
0027
3e84
3e34
00a1
3f2f
3dec
02d0
0254
3e5c
3c50
0070
3f94
00dc
3f4f
0038
3f17
0087
0034
0053
3f2c
3ec0
006c
0049
3fe5
0064
005f
3ffb
0064
3fcf
0018
3fb7
3fe1
002c
3fb5
3f5c
3f38
0024
3e7c
3d88
00f4
3cf0
0234
3ebc
0190
3fe4
03f6
3f62
3dbc
0124
3f30
00ac
017c
0140
3f58
0370
0380
3fd4
3f68
006c
001c
004c
3fd0
0012
3fd2
0040
3fcc
003c
3f90
3f96
3f63
0033
000e
000f
3fff
013c
0071
00cb
0050
003d
0013
00a4
00b4
3ff0
0048
00a4
3fa4
3820
3fe8
0040
0070
3e54
037b
0219
02ac
037c
3fd1
3f9b
000c
0a80
0044
3ab4
39a0
0180
00f4
008c
3f99
3fb2
3fe7
3f9f
3f6e
0031
3fc4
0038
3f8c
005f
0074
3feb
3fe1
0038
3fa9
00a3
0041
0062
0055
0003
0052
3eac
00e4
3dc8
008c
000c
0080
0300
3f08
0100
02c0
0240
040a
3f64
3f8c
0010
00c8
3fc2
3eec
00e0
0024
3f2c
0230
3d08
3e4c
3ebc
0046
3f7d
00c9
3f88
3feb
3f9d
3d28
3de8
3f40
3f60
3fc9
3f97
0042
0043
3fff
00e4
00ba
002a
00e2
0096
004c
3ffc
3f0c
00f0
001c
00b0
3f6c
3890
3f3c
009c
02d0
0120
04b4
3fd2
3db4
00b0
008a
3fb8
3db4
0360
3f7c
3cb4
3e80
037c
022c
0150
3f5a
3fad
3fad
3f28
3f67
3fc1
3e70
3f20
3f50
3fb4
3fc1
3ff3
0016
0053
3fc3
002a
000c
001e
0094
0020
0074
00c4
0124
3fa0
3fcc
3fc8
0004
3ca0
0068
3f40
3840
3fb0
0413
0069
0220
3e90
0083
00fd
0168
3fb0
3f0c
3fcc
01c0
00f0
01ac
3f44
3fad
3f50
005d
004d
005e
3fef
3f60
3fc8
3f98
3edb
3f69
3f72
006d
0035
0038
3f7b
3f54
0027
3ff9
000a
3fef
02e0
0174
016c
035c
0264
00f8
01b0
0018
3f50
3c10
3e0c
04a5
3fc5
0114
0134
004f
3f7f
3fcc
0420
3d24
3d8c
3c50
3ed0
3eb4
001c
000f
002f
3fe0
00c5
0069
005c
3f0c
3de8
0124
3f6f
0038
3f37
004b
00bc
3f8f
0011
3ff6
001b
3fcd
3fca
0003
00d4
0178
3f5c
00d4
0060
0074
0340
3f3c
029c
3f70
3f18
0421
3fe1
009c
3f90
0023
3eff
3e44
02d0
0030
3dc0
3870
007c
006c
0010
3e5f
3f71
3eee
3fed
3ff5
3ff8
0180
0054
012c
0049
0034
0015
3fa1
3ffe
3fa3
3fcd
000e
3fbf
3f5d
3fb8
3fa5
3ff4
0090
3f64
0010
3fc0
0050
0530
00d0
3f78
3920
3e8c
04fd
3fb5
3e74
3df4
3f37
0053
0244
0260
3dd0
0198
3ef0
3de8
3dd4
0014
00a7
00bb
3fec
003d
001b
0022
3f8c
3f38
0054
3f0b
3fd6
3f35
3ff3
0024
3fcf
3f97
3ff2
3fa5
00ab
3fd8
00d3
3f44
0024
3f20
3ef8
3f2c
3fcc
3a80
0058
02b0
0350
02f8
03d1
3eb5
3f24
0200
3ebd
00a9
02ac
0000
3f6c
03b4
0800
01c8
012c
009c
3fdb
0003
3fd8
3fcb
3ff3
3fd8
3f48
3fd4
3f74
0025
0053
3fd2
000d
3fd3
003a
0037
0021
0016
000b
0015
3ff6
0114
0068
00ac
3fe4
3f78
006c
3da0
0114
00f4
0380
0048
040c
0010
3fb0
3f48
3ff0
0124
3f68
3fe0
3e2c
001c
0100
00cc
006c
0060
0098
004c
004c
3f04
3f84
3f80
0088
0008
0080
0004
3fec
0018
3f40
3fb4
3f8c
3fc4
0080
3f44
3f6c
3f88
3fe4
3ba0
3ecc
3cd4
3cdc
3d8c
3f50
38d0
3e4c
020c
3d90
00d4
03a3
006f
01f0
02fc
0045
3f91
00d8
0670
3fb4
3f8c
3a30
3f84
006c
3f18
3fed
3fdf
000e
3fc7
0019
3fae
3f84
3f78
000c
00ff
0094
006b
3f37
3f70
3fc7
000d
000a
0003
005d
0076
3fe7
3d48
3ec4
3e84
3f0c
3f40
3fcc
3f00
3edc
0384
0a50
0034
04b0
3fc4
3c7c
00e4
0066
3fa6
3e64
07b0
3fac
3f3c
0590
0044
3fa0
00a4
3ffa
0008
3ff2
3fdc
0044
3f98
01bc
0194
0028
3fd6
3f47
008f
3f82
3f61
0021
3fca
0005
3fc5
3fc2
000f
3fb3
00a4
0070
0034
3f84
3ec4
00c0
0300
00a0
0188
00d0
3e84
03f2
3fe8
00f8
3f24
008e
3f14
3ff8
0140
3f64
3f5c
3a00
0048
3f1c
012c
0086
0091
3ff5
002e
008d
3fa1
3ec4
3f1c
3fa8
0024
000a
001a
3fde
3fd8
0006
3fb8
0075
3f43
3f12
3f9d
3f75
3de8
3f70
3e78
3d7c
3ea0
3edc
3a60
3fb8
0160
0200
00f4
046b
3eef
3d78
0114
00a5
3f89
0010
3d10
3fe8
0180
01b0
02b8
01fc
00bc
3f93
3fab
3fe8
3fcd
3f79
0054
3d5c
3fcc
3d90
3fcf
3f7a
0055
00a3
3fee
00b5
0103
00aa
0059
3fc3
3fde
3fe5
0278
01a4
00d4
3f20
3fb4
3f6c
0010
3ee8
3ff0
0850
3f9c
03ab
001f
3eb8
3e3c
0087
0003
3c20
3ea0
3fd8
0218
0130
02b0
00cc
01e4
3e99
3f85
3f14
0011
0075
3f9c
009c
012c
3f70
3ec7
3fb9
3f0e
3fa7
3f45
0062
3f85
3f7f
0006
0041
0017
002a
0190
000c
0184
0388
00d8
02b0
3e30
027c
006c
3c10
3ee4
02ed
0077
0428
015c
3f9b
3f4d
3ee0
08c0
3ebc
3ed4
3d00
00dc
01d4
3f08
0059
3fca
008f
006f
3fe0
008f
00ec
0028
00c4
007f
0014
006b
3f3d
3f9a
3fa3
3f23
3fb3
3f70
3f29
3fff
3f2a
3f70
0014
3f5c
3e6c
3de0
008c
3e60
0050
0368
01c0
0260
0366
3f40
3d9c
00a0
3fd0
3f6a
3eb4
3b90
3fc8
0280
07c0
3f60
0124
3e3c
002e
0003
002b
3f68
3fd9
3f8f
0168
0018
0150
3fd0
0027
3fa9
3f96
3f91
0005
0094
001a
007a
3f02
3f92
3f70
001c
0028
3ff4
0038
008c
3fac
3a20
0260
3fa0
3930
02cc
0290
00e4
0324
3fd4
3fe8
005c
3ffc
02c0
01d4
3e64
3fa0
00c0
0060
0060
3f86
3f44
0042
3fd2
3ffc
3fd6
00bc
0128
3f94
004a
3fc4
0086
0002
3fe0
0022
3f98
3fdc
3fbc
3fd8
007c
3f5c
0244
01e8
005c
3ec4
3f1c
3fa8
04d0
3f80
3d48
0180
3f14
03a9
00c1
3fcc
00a4
0085
00b9
002c
0300
01f0
00a0
0110
3dc8
3ee4
3ee4
3fa3
0019
3f8a
0033
0057
3fdc
3d6c
3eb4
3eb8
0047
3fb7
0090
0013
004d
3fc6
011b
004b
00d0
3fbf
002d
3f92
3db4
003c
3d78
00b8
3f70
0148
37e0
0044
021c
0580
01a0
040f
001b
3de0
00c8
0045
3f89
3e10
3ed0
004c
02ac
0610
021c
00d8
0144
3fa5
0005
3fa0
3f43
3f7f
3fc4
0108
007c
008c
0023
003e
3fe5
007b
3fde
009d
3fd1
3fe2
3fef
3f8d
0012
3f7b
0000
3fe0
0020
3f54
3e6c
00e8
3bb0
3f24
037c
05b0
000c
0475
3f33
0094
3fdc
00db
3f59
3e3c
0450
00e0
3f50
3a50
3f94
0018
3f7c
3f7b
3f92
3fe9
3f91
3fc0
3fd1
009c
00cc
3fd0
0069
3ff4
0075
3f6b
3f8a
3fe1
3f5f
3f43
001c
0021
002f
3ff2
3f5c
3f78
3fe4
3f88
3fc8
3fc0
3990
002c
00d4
0390
00b0
042a
0010
3ed4
0080
0076
0034
3f6c
3d40
0358
0140
0090
3f1c
0000
3f1c
3fc4
3fff
3fc5
3f80
3f93
3fed
0230
0270
3fc0
0074
3fa4
00d0
3f1e
3f2e
3ff0
3fde
3f83
005b
0080
0057
0029
3f84
3fa0
3fe4
3ff8
3ffc
3ffc
02e0
3e58
3de8
3f60
0038
0377
0083
02ac
3eb0
3fd1
00ed
0344
37b0
0170
0230
01e0
3f80
3f60
0020
3fc1
003d
3f84
008f
3faf
00e0
3d28
3e3c
3eec
0105
004e
00b7
0039
3ffa
003f
00f3
0076
007d
008b
0082
0009
3f94
0038
3f5c
0258
0158
0100
0160
0008
00f0
0600
3da4
050b
0039
3ee4
3e74
3f39
3f27
00a4
07a0
3b90
3df0
0300
0158
3fdc
017c
008b
0072
0019
002d
00b4
3f79
00c4
00dc
3fe8
3f93
3f8e
0005
3fdd
000c
3fd1
3f8b
3fd5
3fb6
3fc5
3fb9
000c
3dd4
3efc
3ed8
3e98
3ff8
3ea0
0170
00f8
0050
0300
3fa4
03de
0126
00d0
012c
3fae
3fee
0198
3f90
0154
3fdc
0480
3f08
3de4
0124
0102
00aa
0058
3f92
3fd2
3fc0
0014
0050
3fc4
004c
0028
0024
3f70
3f50
0020
3f60
3f9a
3fc6
0074
007a
3ffa
0008
3f64
00a4
3fe4
3f78
006c
3d30
0054
012c
3e80
01c4
0372
3ff2
01a4
3f24
0082
0102
3fec
3940
0134
0294
3d90
012c
0028
0104
3f96
3f6c
002a
3ffa
0038
3fc2
00b4
3f9c
0118
0012
00b2
3f60
000e
3f52
00bc
003a
0054
3fe6
0072
0088
3fea
003c
3f50
00ec
015c
0184
3fd8
0970
3ef4
3f24
3f20
0138
0330
3fae
0014
0050
3fec
00ea
002c
3f10
3fcc
3dd4
3b70
3e04
3eec
3f18
3fa4
3f7d
0027
3ffc
0015
3fe7
3cf0
3d74
3f7c
0050
009e
3fb2
005e
0098
3fc6
00b8
0061
0057
0032
3fb5
007d
3d7c
3f30
3e4c
0054
0150
3f04
07d0
3f10
0000
0180
3fa0
0365
3f35
0180
00d0
0029
3f89
3e60
3cf0
01a0
0188
3e80
3ec0
3f48
3f78
00fb
007b
0080
3f6b
3fcb
3fa0
3d50
3dc0
3f90
00cd
00db
3ff2
3fd1
3fcb
0006
008b
0079
0012
008f
004d
0042
3e10
3f38
3ed8
3e00
3ecc
3f34
00e0
0164
3d4c
3820
3fb0
0372
011a
0190
3e00
0022
00b2
01b8
0110
00c8
3d10
3970
00bc
00f8
3fc4
002a
0022
0008
0012
3ff6
001c
0088
0078
0010
00dc
004e
008e
3f6c
001a
3f52
3ff0
3fba
0036
0000
3fc6
003a
3c90
3f1c
3d74
0090
00ec
3fa4
01c0
3dcc
000c
0560
01c4
040a
3fac
3e64
3eb4
00a6
0014
3ebc
3dc0
01fc
3f94
0190
009c
0004
0098
3f18
3fb7
3f61
004c
3fc1
008b
013c
0044
00f8
0132
00d4
005e
0060
006c
3ff4
3f9e
003b
3f63
0064
002d
0037
3f3c
3f70
3fcc
02bc
0148
0174
39d0
00dc
03c4
0a00
0294
032e
3f00
3fb8
3e34
0026
3fc0
0128
3cd0
0078
3ea8
0250
020c
00a0
016c
3f04
3f5d
3fa7
00c8
0045
0083
3f2c
3f2c
0000
3ff6
001c
3fda
3fe4
3faa
003a
3f5c
3ff3
3f69
0112
0053
00bf
0018
3d68
02b0
0300
0108
01f8
3f40
3ee0
00d0
3dc0
0298
03cd
3f03
3fd0
3fe0
00c7
3fe1
3cb8
39c0
0258
0068
3a40
3d48
3f10
3e38
3fe5
3fcc
0019
3f53
3fa8
3fab
0030
00a4
3f8c
009d
000a
0093
0003
3fde
0025
019b
0103
0098
3fcd
3ffd
3fd0
3f98
00a4
3ef4
3ec0
0088
3e38
0800
0104
3fd4
02f0
00b4
0393
3f93
00d8
3d44
000f
3f7b
3ee8
3b60
0184
008c
3f30
3f74
3f2c
0048
0019
3fe3
0036
002d
0049
3fe4
3e64
3edc
3f88
3ffd
002d
3fd0
3ffd
3fe3
001a
3ff5
0059
3f9c
011d
006b
00b2
3cc8
3cd0
3ff8
003c
00b0
3f8c
3c60
3ef4
3e1c
0180
018c
039e
006c
032c
3c74
006a
0078
3f54
3680
0408
00b0
3740
3fe4
0020
3fc4
007a
3faf
00cb
0012
008b
3f87
00c4
0110
3fb4
00b0
0036
007a
008e
009c
3ff2
3f9c
3f99
0003
3fa6
000d
3f99
0014
0040
3fd4
0020
00d4
3f4c
3d50
0078
3f48
39f0
3f24
03b9
0073
0254
0144
0019
007b
023c
0790
0164
3dec
3c00
3f70
3f30
0040
0039
0068
3fd1
0059
3ff0
0069
0114
3e74
02a0
0063
0097
3fcc
3e9d
3fbd
3ee0
0017
005e
3fb9
0075
0076
3fff
3d7c
3f28
3e54
019c
3fd0
01cc
00d0
3ef8
3f70
0070
0128
046a
3f70
3fac
01c8
3fd0
3f62
00ac
3f80
3e94
0204
06d0
3de0
3dfc
3fe4
0050
0053
3ffd
3f9e
3ff7
3fa7
3b40
3db0
3d90
00d8
008d
004b
00ae
3ff5
00b9
009c
009e
3ffe
00c6
0080
0046
0074
3edc
0198
3f54
3fbc
3f98
3e70
00b0
0178
3a80
01ec
0457
3ffb
010c
3f64
002d
3f89
0094
3ad0
3f30
3f00
3d90
3d98
3f34
3e64
0053
3ff3
0060
0019
3ff1
0028
0034
3fc0
0074
3ead
3f1e
3f8f
0001
3fca
0037
0105
007e
0087
3f35
3f92
3fa3
0204
0100
0104
3e48
0058
3df0
0090
3db4
3f04
3fc0
3e24
043e
00fc
3fd4
0144
3faa
3fe4
3f3c
0950
3f60
3d70
3fb0
3f0c
3e74
0098
0086
00a5
3fe1
3fe2
000f
3fd3
027c
00cc
01b0
0058
0004
0054
000a
3fd0
003a
3fc2
0055
3f6d
3fe0
0017
3fc9
0034
0060
3fd4
3dd0
3e28
3fa8
3cc0
3f60
3f88
00b0
3f7c
0508
00c2
025c
3f2c
0030
0022
0104
3720
01b0
3f18
3dc0
3f20
3f4c
3fd4
0036
3fc1
0075
0006
3fc1
0045
3f0c
004c
3ec0
0136
0094
00a2
3f9c
3ffa
3fa2
0078
0063
0015
013a
006f
00cb
3cdc
3de0
3efc
0258
0114
0144
3b00
02b0
3ec0
01f0
00a4
0377
3fdd
3e90
3fb4
3fb3
0059
0090
0690
3e8c
3ec4
0740
0140
0140
0000
3fd7
0048
3f8f
3fff
3fe0
001f
012c
3ed4
0258
3fab
3f7d
002e
3f3d
000f
3f2e
3f93
0032
3f61
0019
0042
3fd7
3fb8
3f10
00a8
3e5c
3e08
0054
06d0
3db4
005c
05b0
3f30
03cb
3fe1
3df8
3c48
0053
003d
01d8
0070
0220
0098
0600
3edc
3f28
3fb4
0063
0072
3ff1
00df
0068
0077
0170
3ffc
0174
00ab
0095
0016
3ff5
0005
3ff0
3ea9
3f40
3f69
3fa7
0036
3f71
0048
3ef8
0150
00b0
3e94
021c
38e0
0298
0090
3fb0
009c
030c
3fc2
3e40
015c
3f8e
0068
0158
3c50
0174
023c
0420
0140
019c
3fa4
3f9a
000b
3f8f
3ef0
3f4b
3fa5
3db4
00a4
3d10
3fca
3f33
0097
001c
000f
000d
0072
3fae
00c4
00ec
0120
3fcc
0210
010c
0104
00f4
3f78
017c
3d00
3fac
0104
05b0
0208
0381
3fef
3f28
0258
3f15
3f6f
3f80
0160
3ed4
3e0c
07b0
015c
0058
0104
3f61
3fb8
3fa9
3f19
3f62
3fb7
0160
0048
0118
3fe3
3fe7
3ffc
3f45
3fef
3f56
3f2d
3f82
3fab
014b
00ac
009f
0078
3ec4
01b4
0324
0118
020c
3cd0
0158
0078
00d0
3fbc
0414
0028
3e84
3e84
0070
3fb8
3e0c
00b0
0300
3fc0
0040
0200
00a0
0160
3fd8
003a
3f9e
0048
0004
0044
0044
0020
0024
3fe0
3fda
0006
3fec
3fd0
001c
3eb6
3f16
3fa0
0026
3fd0
0056
002c
3f68
00c4
3ff8
3f18
00e0
0430
00c0
3db8
3d70
3d9c
0393
0039
3e78
0084
3f13
0059
3ef0
0120
3e0c
015c
09a0
3f18
00c4
3e54
3fb9
0054
3f65
3f9d
3fb8
3fe5
3e54
3ed8
3f7c
3ff5
0023
3fd2
0113
0099
007a
0087
3fde
00a9
3fed
3ffe
3fef
0368
013c
022c
01e4
0024
01c0
0900
3f64
3e24
3c80
00bc
035c
00aa
3fa8
3dac
3ff0
3f1e
3f80
0010
017c
3f4c
3d10
3f14
3e74
00a0
3f76
3ff7
3f7f
0076
0097
3fdf
3c3c
3da4
3e98
00b8
0030
0088
00de
002a
00b4
00ce
0059
0075
0060
0065
3ffb
0020
0044
3fdc
3f64
0054
3f10
3a00
00f0
01f0
0090
3f20
047e
3fb2
3cc8
02f8
007a
3f46
3fb8
3e70
0284
017c
0300
3f80
3ec8
00b8
0036
0086
3fb0
3fa2
3fc6
3fdc
3f98
012c
3e6c
0038
3f52
00e6
3f14
3f02
0012
009c
006e
002e
3f5c
3f92
3fca
3fd8
0138
3ea0
3ec4
3f68
3f5c
3940
024c
01dc
3930
0460
0350
3e52
00e0
0188
3fd2
006c
0190
3ca0
3e48
0238
3b90
3d9c
0084
3d18
0020
3feb
0035
009a
3ffd
009d
3f20
007c
3ea4
3f98
3f8b
000d
0032
001d
0015
00c0
0056
006a
3f6e
3fa2
3fcc
3f20
0078
3ea8
3eb0
3fa0
3f10
0840
3ed8
0220
03f0
019c
0445
0035
3e40
3f0c
3ebb
001b
0270
0100
3d00
3f98
0530
0010
3e74
019c
3ee3
3f85
3f5e
005d
0033
002a
3f5c
3dbc
01a0
3f31
0006
3f2b
3f95
3f6e
0027
002f
00fa
3f35
005f
004a
0015
00f0
0040
00b0
0140
3ffc
0144
0470
02c0
0060
38a0
3fd8
03cd
3fa5
0108
00f8
3f51
00a1
3f90
04d0
3d78
0018
3bc0
3fe8
3f08
00e0
3ff9
3ffd
3ffc
3f25
3f91
3f94
3e98
3e10
0088
3f33
3ff5
3f3e
3f8b
3fb9
3fd2
3f9f
0025
3f7a
0177
00f5
0082
0250
0074
01dc
3dc0
3f10
3eb0
3f10
3dcc
008c
0180
02b4
0437
0017
3eec
3fc4
00fb
3fd7
3ecc
3a00
3f58
0098
07e0
3f84
3f34
0050
3f09
3f57
3fb2
0019
0041
3fd8
3e74
3dc4
00b0
3fcb
0049
3f82
00eb
0093
0058
0087
003b
004c
013f
0099
00a6
022c
00e4
0148
0400
02f0
0110
3400
015c
01dc
3bf0
0114
03d9
3f2d
0188
00d4
3fe9
3f8d
00b0
3e90
3e84
009c
3cf0
01c4
021c
3fa8
008b
3fcf
00bc
3fdb
3f73
0068
3ec4
018c
3d38
0065
3fd7
008e
3ff9
3f87
0072
00b3
00a9
000a
3fb3
3f99
001a
3e20
3f9c
3e84
3d94
3fb0
3de4
3eb0
3f40
3f40
0430
3d4c
0522
000e
3d78
0054
3f94
0024
0150
0780
3cbc
3cfc
3f10
3e00
3e80
3f80
00bc
00a4
0018
006a
0038
0032
0354
0280
00d4
3f58
000d
3f4b
3ff8
0047
3fb1
3f74
3f4b
0029
001c
3fb9
0063
0070
3f8c
00e4
3fec
0034
3fb8
0470
3f10
3fb8
0990
035c
03ab
3f25
3e10
3e9c
3ffd
004f
3da8
3c00
3d14
0064
02e0
3fb0
3e2c
0184
3f5d
3fbe
3f9f
3ff3
00b0
3f43
3edc
0004
3ed8
3f99
001e
3f7b
3fd3
3fe4
3fef
006f
0007
0068
0111
0093
007e
00b0
3f64
014c
0054
015c
3ef8
3b80
3fc8
0000
3fa0
3ff0
0423
3fed
0020
0070
3f79
0067
3d00
3c90
027c
00ac
3510
02f8
0314
3fe4
3f4d
3f9e
3faf
3ea7
3fba
3eed
01e0
0150
0090
0043
3ffe
0045
3fb9
0016
3fa3
3f13
3fd9
3f3a
3ed5
3fab
3f2a
3db0
3ed0
3ee0
3cec
3e84
3e68
07b0
3fbc
3fb4
0350
3cf4
03b8
0058
3f20
3f3c
007a
000a
0070
3b40
0098
0270
0200
3ff4
3f60
0094
3ff4
0004
3ff0
00de
007a
0064
3d1c
3e80
3e9c
3fae
3fc3
3feb
012e
0013
011b
006e
004b
0023
00fe
00e7
0017
0070
3fa8
00c8
0350
019c
01b4
3f20
0230
0030
37c0
0148
035a
3f38
3fe0
0280
001a
3eb4
0108
3e20
0114
022c
03c0
3ef8
3fd8
3f20
3fc0
0029
3f97
3ff8
3f93
0065
3f18
3e24
00f4
005e
0028
0036
3ff0
0024
3fcc
00b2
0021
0091
3f9c
3fc7
3fd5
3ea0
004c
3e54
3f7c
3f68
0014
3bf0
00f4
01ec
02d0
3db4
04f1
3ff1
3da4
003c
003d
3f65
3f24
0520
3e54
3ccc
3ed0
3ef4
3e80
0074
0085
008f
3ff6
0071
00b7
3fba
00c4
3f98
012c
3f67
3f8f
3fd8
005b
0023
0038
3fd3
003b
3f98
3feb
0073
3f78
3fc4
3f94
0030
3ec4
3f48
3f7c
0b60
3d98
3bf0
3d40
3cb4
0486
010e
3e8c
003c
3ff0
007c
043c
05c0
3fd0
3c88
0100
0060
3fe4
007c
0014
0084
3f90
007e
3fe0
009e
3eb4
3f18
3f9c
3f72
3ff3
3f7f
001e
0089
3f95
000a
3fb3
0057
3ff2
3fd5
001d
0094
0054
0040
0150
0004
014c
01b0
3e10
3ec0
0850
3fd4
055d
3f4b
3b98
000c
0041
3f43
3f90
3e00
3f9c
01dc
0350
0018
3f18
0100
3efb
3fb6
3f45
007b
0010
006b
00cc
00a0
002c
003f
0007
0038
00e1
0003
00de
00cb
0088
0043
0069
0022
0047
3f28
3f04
0024
0114
01b4
3f60
38b0
01bc
011c
37f0
3f34
030c
3fac
01c0
01a4
3f64
006c
02e0
3fd0
3e68
0260
3fd0
3fd4
0044
3f90
0044
0064
3fe0
0090
3ff0
00a0
02d4
024c
0088
3f48
3f7c
3fcc
0040
0000
0040
3f8c
3fc6
3fc6
0014
3fee
0026
0050
00b8
3f98
0120
3fec
0134
01d0
3e88
3cc0
3db0
0090
03c1
00a7
0348
0090
3fd5
3feb
0110
0150
3ec4
016c
3e30
0078
005c
001c
00c7
3fbe
0109
3ffb
0046
3fb5
0338
00e0
0258
0023
002f
3ff4
005d
001d
0040
3f2d
3fde
3f4f
3fa7
3fc6
3fe1
3f10
3f04
000c
3ee4
0088
3e5c
3d30
025c
0354
0260
00ec
0465
3fb3
00ac
01a4
3f6d
3fb3
01f4
04b0
3fe0
0100
38e0
014c
0058
00f4
3ff7
0038
3fbf
3ff3
3f98
005b
00f4
0000
00f4
3fc5
3fcb
3ffa
3f4b
3f69
3fe2
3f83
3f9c
3fe7
0075
005c
0019
3e34
3f10
3f24
3e68
3e90
3fd8
01a0
0284
3f8c
0040
3f34
0339
00f5
0190
3f0c
001f
0077
3f38
0380
0038
01e8
0140
00bc
3f40
017c
3f2b
3f85
3fa6
3fa9
3fe1
3fc8
010c
3f88
0184
3f6b
3fbe
3fad
00ef
004c
00a3
0023
007a
3fa9
3f93
008c
3f07
01a8
3fe4
01c4
0108
3fd0
0138
3d20
0138
3fc0
3e70
0114
042a
011c
0240
3ee4
00ba
0050
3eb0
3fb0
0074
3e9c
3780
0208
0064
01a4
3fba
3f75
0045
3fca
002b
3f9f
002c
3fbc
0070
3f6a
3fe4
3f86
3fb4
3f7c
0038
3f2c
003b
3ef1
3f8e
3f85
0009
3e00
3e08
3ff8
3edc
0048
3e94
3a70
3d64
0054
0390
0150
03a5
004b
0044
0110
00c3
010d
3e44
3c90
01d4
00cc
3f00
0114
010c
0008
3fb9
3fd8
3fe1
3eff
3fa8
3f57
3df0
3f60
3e90
00f7
0098
005f
0059
0014
0045
0041
3fd5
006c
00af
007f
0030
00ac
3f14
0198
02e4
01d8
010c
3df0
3fb8
0178
0000
3ed0
03b7
003b
01ac
3f70
0027
006b
0124
3a30
05a8
3f00
3720
3dc8
3e68
3f60
0135
00ab
008a
005d
003f
001e
3e68
0068
3e00
017f
0073
010c
3f03
3f4b
3fb8
002d
3fdb
0052
3f91
3fc3
3fce
3ec4
0070
3e54
3ec8
3f5c
3f6c
0090
3fb0
00d0
0540
01f4
03ac
3f5e
3f54
3dfc
0010
0036
00e4
3d80
00fc
0104
3ec0
0290
0130
0160
3f62
3f53
000f
0006
0015
3ff1
3e1c
3e88
3f94
002e
0006
0028
3fb8
001e
3f9a
3ff6
00a9
3f4d
0084
0023
0061
3e44
3e9c
3fa8
3e74
0098
3ddc
3f20
0050
0138
0660
0170
03b2
3f6c
3cb0
00f8
0010
3ed6
0040
3bc0
01c0
0120
0780
0088
3ff4
0094
3fd2
0015
3fbd
005c
3fb5
00a7
0218
0174
00a4
0046
0061
3fe5
0068
0025
0043
3ec8
3f96
3f32
3f92
3fd0
3fc2
3e70
3e60
0010
01f0
3f08
02e8
3a20
3d70
3f98
3fd0
3cf0
03f3
011b
3f5c
0170
00ab
002f
3f2c
0ad0
3fb4
3dcc
0620
3fe0
012c
3eb4
0065
00af
3fb6
0001
3f89
0078
0260
01d8
0088
3fc3
001f
3fa4
003f
0051
3fee
005b
3fa3
00b8
3f4f
3fb1
3f9e
01bc
009c
0120
00a4
3ef8
01ac
0020
3de0
3d08
0190
3ee4
047e
00ae
3fb8
004c
006c
0020
3ec8
38a0
0204
0104
3c40
3fa0
009c
3f04
3f7c
3f70
000c
000a
0028
3fe2
3f54
00b0
3ea4
3f68
3f5b
000d
0194
00b9
00db
0078
002b
004d
0020
3fc5
005b
0000
0018
3fe8
01cc
023c
3f90
3f30
3e7c
3e6c
03d0
01a8
03c7
0053
0018
3ef8
003d
0081
3ee8
0490
00b4
3e94
3c30
017c
01d4
3fa8
3f8f
3f5b
0034
3fb5
3fa5
0010
00e0
0048
0098
007b
0088
3ff3
3f83
3f64
001f
3f53
3fee
3f65
3edf
3f7a
3f65
3f40
3ef8
0048
3d9c
3eb4
3ee8
0280
00f0
0008
3b00
0108
036e
3fda
00cc
3ea0
3f50
0038
006c
3cf0
3ee8
3f20
03b0
3e68
3f1c
3f4c
3fec
3f82
006a
0056
00ce
3f88
3c78
3da4
3ed4
0062
003f
0023
0066
00b9
3fad
00fe
00c7
0037
0036
3ff9
003d
0154
015c
3ff8
0078
00dc
3f9c
3e30
3ec0
0178
0510
018c
045b
005b
3dd0
3fdc
0073
3fbb
3e10
3b20
0100
01a0
3fc0
3fd0
3fe4
3fec
3ed7
3f89
3f4e
0017
3fc5
0052
3dac
3ebc
3ef0
0133
00d7
005c
0113
004b
00c8
0173
0061
0112
3fef
003d
3fb2
0000
00e0
3f20
0038
0010
0028
0570
019c
3af4
3670
3e98
03f1
00bd
019c
00a0
002d
0069
021c
00f0
01dc
3d84
3fa0
3d8c
3e00
3f8c
3fe7
0049
3f9e
0073
0031
0042
0180
0084
00fc
3fd5
3fb5
0020
0091
00e1
3fb0
001f
3fe1
003e
0023
0025
3ffe
02d4
0154
0180
027c
0130
014c
0390
0050
3cf8
3a50
3f14
04aa
0002
017c
3ebc
3fc0
00f4
02ec
3e10
3fa0
0150
0090
3fd0
3f44
008c
005c
3fc2
009a
3ff2
3fe2
0010
3c8c
3e80
3e0c
00a6
0007
009f
013a
00bd
007d
0066
0059
000d
005a
3fd7
0083
001c
3fd4
0048
0048
0110
3f38
3b00
3e98
0130
00b0
001c
0487
3fc3
3ebc
0274
3fef
3e9f
3f1c
3c70
3e1c
001c
0650
0198
00b4
00e4
0049
3fcb
007e
3fd9
0001
3fd8
3e34
3f10
3f24
0069
003b
002e
006d
005d
0010
002d
0023
000a
003d
3ff5
0048
00f4
00fc
3ff8
0104
0234
3ed0
3aa0
3de0
3fa8
3b90
3eb4
053f
004d
3e54
3f14
0053
0075
01e4
01a0
3e0c
3f64
08e0
0120
0144
3fdc
0075
0092
3fe3
00b1
000c
00a5
007c
000c
0070
0091
0069
0028
3f1f
3fdd
3f42
3fbd
3f7c
0041
0123
0056
00cd
00bc
00dc
3fe0
025c
0020
023c
3c00
0210
3fb8
39c0
0004
03c2
3f78
3fd8
00b4
3f24
0036
0288
38d0
0030
00b0
00f0
3fa0
3fe4
3fbc
0102
0041
00c1
3fd0
3fe1
3fef
3ee4
0214
3cd0
3f84
3f41
0043
004a
0019
0031
0066
3ff6
0070
0060
3ffc
0064
02a0
0270
0030
0190
01d8
3fb8
3cd0
0228
0128
3ab0
0068
03d2
3fe2
3fb4
3e40
3f82
0006
0264
38d0
3db0
0140
0920
3e28
0070
3db8
00ac
0030
007c
013c
00d6
0066
3ea0
3fbc
3ee4
3ed0
3f5c
3f74
0040
3ffe
0042
3f90
3f8a
0006
3ff4
3fc8
002c
3fd4
3f1c
00b8
0340
0248
00f8
0530
3efc
3e5c
38d0
016c
0360
000e
00a8
3da4
0086
0098
0090
3970
00e8
0220
0490
3dfc
3f7c
3e80
3fa8
3fe7
3fc1
3fee
3fd7
0017
3e14
3f40
3ed4
000a
3ff1
0019
00a8
3ff1
00b7
0188
00c4
00c4
3fd2
0076
3f5c
01a8
010c
009c
00b0
0014
009c
3c40
3fe8
3fb0
0580
3ee4
04a3
0049
3e88
0284
3f95
006f
3fc0
0790
3dc8
3ef8
02e0
0228
007c
01ac
3fcb
3fce
3ffd
3fa9
3fc6
3fe3
3ff4
3eb4
0140
009f
00d8
3fc7
3f6d
0018
3f55
0009
0021
3fe8
0063
0043
0020
3f48
3fc4
3f84
0100
0020
00e0
0130
3e7c
01bc
3eb0
0258
0370
0050
020c
3ed8
007a
3f9e
3f14
0060
3e0c
3ff4
0050
3f1c
008c
3e90
3fe6
3fb2
0034
0014
0072
3fa2
3dc0
3e20
3fa0
0032
00ad
3f85
3ed2
3eff
3fd3
00d2
0085
004d
00de
006f
006f
3f94
3d98
01fc
3ff4
00b8
3f3c
3e20
3e40
00c8
3c90
0034
033d
3f2b
0284
02fc
0045
3fe7
0024
3940
036c
00c4
3d60
3fd0
0074
3f5c
008d
0084
0009
3fa9
3fa2
0007
3cc4
3e68
3e5c
0183
0073
0110
000d
007b
3f92
0079
3fbe
00bb
3fff
0014
3feb
000c
0134
3ed8
0094
00b0
3fe4
0570
3e48
01e8
0370
3f50
044b
3fe1
3ec4
3de8
008d
3faf
3cc4
3f40
01e8
00f8
3f80
3e88
3fa8
3ee0
0093
0046
004d
3fbd
3fb2
000b
0140
0224
3f1c
0057
3f84
00d3
3fe1
3fa4
003d
0035
3fd9
005c
3f43
3f83
3fc0
0024
00bc
3f68
3f08
3ff0
3f18
3c20
3efc
0244
05e0
00f0
0389
3f81
3e8c
0238
3f9b
0017
01b4
3e50
02ec
015c
0120
3f9c
00c8
3ed4
00a1
007f
0022
005b
3f63
00f8
00f0
0024
00cc
0085
0042
0043
3fe9
3ff4
3ff5
000f
3fd6
0039
007b
004c
002f
000c
3ff0
001c
01dc
3f5c
0280
04c0
3f48
3e90
3880
3f50
0495
3f1d
01f0
3e58
001f
3eff
0060
0230
3ffc
3d2c
3700
3dd8
3e44
3f94
002b
001f
000c
00c9
0039
0090
3f10
3edc
0034
0115
006e
00a7
0005
009a
3f6b
000f
0002
000d
3fe7
0006
3fe1
3ee0
0050
3e90
0094
00d4
3fc0
37d0
00f0
0028
3a20
0054
03f5
3f4b
3f94
3f6c
0015
0117
02f4
3990
3f38
0310
0400
0090
0074
001c
00d3
0020
00b3
0037
3fae
0089
01a4
00a0
0104
3f51
3fdf
3f72
0033
0023
0010
0061
0062
3fff
0003
0040
3fc3
0234
0184
00b0
00f0
0074
007c
0070
0118
0328
0550
032c
0322
3f7a
3fe8
3ccc
0014
0000
00a0
3760
01b0
00c8
3ad0
3ff0
3fa0
0050
3fd0
3f7c
0054
0072
0068
000a
3ffc
3f74
0088
0074
0067
000d
3e6c
3ed1
3f9b
0000
3fd9
0027
0094
0093
0001
3e50
3ec4
3f8c
3f90
0024
3f6c
0920
3e14
3ea4
3bb0
3f74
03fb
0079
0364
0184
3f09
3f5b
00c4
3f30
0194
3e9c
38d0
3e4c
3fc4
3e88
009b
001a
0081
00a9
3ffa
00af
3e54
3e54
0000
0093
0070
0023
3fad
0018
3f95
00c1
0095
002c
3f2f
3f8b
3fa4
3e74
0054
3e20
3e44
0040
3e04
3d90
3de4
3fbc
0260
0458
02e8
3f90
0090
3e78
008c
0004
0008
3bf0
0334
00d4
3b40
3e44
3ef0
3f54
3fa8
3f9a
000e
003c
0072
3fca
3f60
3f20
0040
00f6
00ac
004a
0106
00a8
005e
007e
0056
0028
3f0a
3fde
3f2c
3eb8
004c
3e6c
3f4c
3ed4
0078
39c0
000c
3f34
05e0
0114
045a
3f2a
3af4
0224
0042
3fa6
3efc
3f80
00f0
0200
3fb0
00a4
0100
3fa4
3fe2
0022
3fc0
3f5a
3f7c
3fde
0134
01b4
3f80
3fe4
3fd8
000c
005c
0096
3fc6
3f7e
3fd0
3fae
3ea2
3ebe
3fe4
3eac
0068
3e44
3d38
3ee0
3e58
07b0
3fa0
00a0
0420
005c
033a
3f6c
3f50
3d34
0062
0038
3ff0
3e70
01fc
3fd4
00b0
3cf8
3d58
3fa0
00d4
00c7
000d
0084
0001
0083
012c
3f70
01bc
3f92
002e
3f64
3f60
3fa2
3fbe
3ffa
001d
3fdd
3fa8
0033
3f75
00c8
00c0
0008
3e54
3db8
009c
0190
3f1c
3fbc
3bb0
3f54
04ac
004e
0014
3f2c
3fba
0050
02e4
3c40
3f30
0150
06a0
3f9c
007c
3f20
0004
3f7d
0087
009a
006d
002d
3f44
0058
3eec
00b6
0013
00a3
3ff8
006b
3f8d
007c
3fd0
00ac
3f62
3f7e
3fe4
3f94
00ec
3ea8
0150
0230
3f20
3d30
0340
0068
38c0
01b8
037f
00a1
0260
0028
3f93
3fa9
0108
3fb0
3f68
3cc0
0170
0058
00e4
3f74
007d
0018
0065
0061
005a
0007
0068
00b8
3fb0
3f4b
3fdb
3f70
0021
000f
0012
3f77
3f52
0025
3fdd
3f7c
0061
0100
3f34
01cc
0108
01bc
3f4c
3f30
00e0
02f0
39b0
0058
034d
3fb9
00e0
0258
3f6d
3f45
0050
0150
00f0
3f30
0180
3dd8
3f68
3e70
0093
003f
0054
008f
0021
006e
3ed8
3ef0
3fe8
0087
0015
0072
0113
004b
00c8
004b
0049
0002
3f87
3fb3
3fd4
0238
0158
00e0
3e70
3f20
3f50
0350
3ee0
00e8
3db0
3e2c
0418
3ed6
3e3c
029c
3f8c
3f86
001c
0400
3df8
0118
02d0
3fd0
0054
3f7c
006c
000d
005f
3fac
3f5b
0051
0114
00e4
0030
000a
007a
3f90
0030
3fe2
004e
3f9c
3fcd
3fcf
3fc2
3fa7
001b
3f2c
0004
3f28
3dc0
3ea8
3f18
0780
3f78
0008
3b90
3f28
03b4
3fa4
0070
3e70
0026
3fa6
0178
3ca0
3f90
3f50
0490
3c20
3de0
3e40
0056
0040
0016
00c8
0046
0082
3e58
3f24
3f34
0078
3ffd
007b
3fbc
008d
3f2f
00ae
006f
003f
3fbe
0037
3f87
00d0
01d4
3efc
01d8
0118
00c0
0000
3f38
0148
0090
0288
0429
3ef7
3ec4
0100
3fb7
3fe5
3fac
3b10
019c
021c
3f40
3f80
0070
3f10
3f2b
3f0e
001d
000d
3fe0
002d
3ec8
0044
3e84
005d
3fd4
0089
3fc7
3fa6
0021
3f77
3ff1
3f86
0079
0049
0030
3f44
0098
3eac
01b4
3fd4
01e0
3fc0
3fdc
0074
03f0
00d8
0317
0043
3ff0
3fc0
3fdb
3ed7
3f40
0310
0040
3ec8
3ab0
026c
0008
0264
0075
00b5
3fc0
3f55
3fc9
3f8c
3e60
3de4
007c
002d
0097
3f96
006d
005f
000e
3fcf
0025
3faa
00ab
0049
0062
0078
0068
0010
3e30
3efc
3f34
0260
3d44
01dc
0800
3ec0
0435
3f17
3e00
3f50
0013
0059
3e58
0130
0130
3dc0
3740
3e44
3ea8
3f9c
0007
003e
3fc9
3fd9
3fee
3feb
3f88
3f98
3ff0
007f
004e
0031
3f4d
001a
3f33
0033
0037
3ffc
3fc9
0079
3f50
3e60
3fd4
3e8c
3e88
3e98
3ff0
3640
00a4
039c
0160
3ecc
0477
00c5
0008
013c
3fa9
3f73
3fc8
0090
0088
0030
3c00
0044
0048
3ffc
3f63
3ff6
3f6d
3ff9
3fb2
0047
0444
031c
0128
002f
3fde
0051
3ef5
3f4a
3fab
0029
3ffb
002e
3f7b
3f91
3fea
3e48
0000
3e48
3f90
3fc4
3fcc
3f50
3f60
3e20
0130
022c
0401
00cb
008c
3fe4
0023
0115
001c
3c20
0368
3fe8
3f00
0090
3fe0
00b0
3fdd
3fe6
3ff7
3f6b
3fc8
3fa3
0144
0068
00dc
00d5
0014
00c1
3f5b
3fda
3f81
3ef5
3f95
3f60
3f1b
3fe5
3f36
3fcc
3eec
00e0
3ce8
3e10
3ed8
0480
3d0c
0034
3d00
3e7c
04f8
0088
3e80
3d74
0104
3f68
3ee0
3cd0
005c
3d24
3e30
3d84
3e80
3f04
0044
00aa
3f9a
0004
0038
3fcc
3fcc
0090
3f3c
0062
3fe4
007e
3f16
3fda
3f3c
010c
004a
00c2
0070
0000
0070
0018
00a8
3f70
3fbc
3f88
0034
39a0
3f58
0358
03c0
3ee0
03fe
002e
3ea4
00e0
3f78
3f70
01bc
3fe0
3e60
3e50
03d0
0020
0158
3ec8
004c
3ffc
0050
3fbe
3f8e
0030
01d0
0058
0178
3ff4
3fbb
0039
3e78
3f8b
3eed
00c6
002f
0097
0062
0097
3fcb
3f8c
0048
3f44
0210
0178
0098
05d0
3f14
3ef4
0370
00b0
03f5
00eb
0230
0010
01a3
3f15
3ee8
04d0
00a0
3dd0
3760
0114
3eb4
0260
3f5b
3f74
3fe7
3f51
3f94
3fbd
3f48
3e98
00b0
3fc9
3fec
3fdd
002b
0064
3fc7
3f59
0041
3f18
0043
0043
0000
3f10
3f54
3fbc
3d48
3ed0
3e78
3ba0
0044
02dc
0460
0134
03ae
3f76
3ddc
009c
3fea
3fbe
006c
3a50
0054
3f84
0750
3ee4
3f58
3f8c
3eec
3f6a
3f82
0094
00bc
3fd8
017c
01a0
3fdc
0004
3f9a
006a
3f90
3fc4
3fcc
0028
000e
001a
3fec
0040
3fac
3f84
002c
3f58
0494
026c
0228
0340
00a8
02e8
0630
0058
0339
3f39
3d90
00a0
3fff
3f1b
3cf0
3bc0
0210
0298
3d30
0088
0018
0070
3fe7
3ff1
3ff6
3e5d
3f79
3ee4
3df8
3fe4
3e14
00df
005c
0083
007f
3fee
0091
006f
3ff8
0077
3f57
3f96
3fc1
0148
0118
0030
3d48
3f44
3e04
0050
02f4
3da4
3cc0
3fc8
03c0
3fda
3f40
0090
3fa8
005a
01f0
3680
0194
3fbc
0180
0194
006c
0128
3f9c
3fe5
3fb7
0034
0081
3fb3
3d98
3f2c
3e6c
0030
3fa8
0088
3ff6
0006
3ff0
0030
001b
0015
014e
00ab
00a3
00f0
0060
0090
047c
0348
0134
3ba0
0088
02b8
0370
3f90
0315
3f4f
3fb0
3f70
002f
0061
01e0
3db0
0158
01d8
0480
3d60
3ed0
3e90
00b7
007c
003b
0055
3fea
006b
0190
0248
3f48
3fa9
3fac
3ffd
3e7b
3efe
3f7d
3ff7
3fd5
0022
3f81
3fe9
3f98
3e80
3f30
3f50
3ec0
3ec0
0000
0400
00b8
01c0
0010
3fac
037a
0072
0124
3f0c
3f72
3ff2
0054
3ad0
00d0
00a8
3ac0
3df8
3f5c
3e9c
3fca
3f72
0058
3fc6
0012
3fb4
3f1c
017c
3da0
0016
3fda
003c
3f72
3f2e
0044
006e
0056
0018
3faa
3fa6
0004
3e94
3fb4
3ee0
0058
019c
3ebc
3d70
0154
3f2c
0080
03a4
032a
3fc4
3f3c
01d4
3f8c
0072
0174
3f00
0228
0160
0290
0134
0008
012c
3f24
3f53
3fd1
00aa
001f
008b
3f04
003c
3ec8
0066
0029
003d
00bc
0081
003b
3f1a
3fe6
3f34
3fb8
3f68
0050
3f3c
3ec8
0074
00e0
3f54
018c
3f40
008c
007c
3ed0
00b4
0434
0008
3e98
3fec
3fc0
3f28
3f50
3f20
0000
3f10
3d40
3ffc
3fec
0010
0068
0026
0042
0140
00a0
00a0
0034
3f98
009c
3f96
0024
3f72
005a
0052
0008
3f7c
3fa4
3fd8
3f9c
002e
3f6e
00c0
00dc
3fe4
3ea8
3ed0
3fd8
0470
3ecc
3e14
0070
3f50
0422
0038
0130
3fe8
0040
3f4a
3f70
3fe0
3d04
3ea4
0240
3fbc
0078
3f44
00ca
0009
00c1
0054
3ff1
0063
3dd8
3df4
3fe4
0024
00db
3f49
00ba
00ff
3fbb
00be
0084
003a
3fb8
3f86
0032
0098
0090
0008
3fd4
0124
3eb0
3a00
01a0
0170
0580
3dd4
04d2
007e
3f00
028c
3f58
3fec
3ee8
0020
3f48
3ee0
3d90
3f80
3fd8
3fa8
3fc4
0028
3f9c
3fda
3ffe
3fdc
0014
0068
3fac
3f84
3f71
0013
3ef4
3f35
3fbf
3f46
3f89
3fbd
00da
0081
0059
3fb0
3e5c
0154
0238
018c
00ac
0510
3d30
0158
0b10
3dc8
040b
006b
3e7c
3e88
0045
0061
01a4
0150
01f4
3fbc
0050
3f78
3ec4
00b4
0015
0021
3ff4
00c3
0061
0062
00e8
0030
00b8
00c3
00c8
3ffb
0027
0002
0025
3f0f
0006
3f09
3fb7
0010
3fa7
3ce4
3d68
3f7c
3e34
3dc8
006c
3e10
3ff8
3d80
3d20
3f60
04a8
008a
00cc
0060
3f2e
3fd0
00bc
3970
01fc
3e04
3e40
0128
022c
3efc
3f00
3f03
3ffd
3ff2
3fa1
0051
3c80
3f70
3d10
0056
3f53
0103
0064
00d9
3f8b
0006
3fd6
0030
0098
003a
005e
00fc
021c
3ee0
0094
00a0
3ff4
3b20
0168
0220
0250
00f0
0330
3f82
3f68
3f88
3f94
00ea
3f70
3f90
3f04
03a4
0930
3f38
003c
3efc
0026
3fd9
004d
3f4e
3fa7
3fa7
3dc8
3e7c
3f4c
000a
004e
3fbc
0068
3fb2
00b6
3fc2
3fdf
3fe3
0068
00c1
3fa7
0230
3f9c
0294
3ee4
3ec4
0020
0720
01b0
3c40
3cf0
3da0
041d
007f
0140
0218
3f85
3f67
3dc8
0550
3f84
0214
0050
3e18
3ec0
3f58
00d9
00c6
0013
3fc5
0006
3fbf
00d0
0054
007c
3fb1
3f87
002a
012b
0085
00a6
3fd5
3fea
3feb
3f3f
3fda
3f65
0118
0134
3fe4
3d3c
3e4c
3ef0
0380
3dfc
3f64
0470
3d8c
047e
3fa6
3fa0
002c
0094
0074
3e08
02b0
3ee4
0144
3a30
01d4
0150
0084
00c6
0072
0054
3f5c
3fc8
3f94
00f4
016c
3f88
00da
0091
0049
3fc6
3f81
0045
3f5e
3f97
3fc7
3f4a
3f57
3ff3
3fd8
001c
3fbc
3c14
3dfc
3e18
0090
3fd0
0068
3af0
014c
0410
3fac
00d4
00dc
0078
0020
3fcc
3ca0
0034
0034
0550
3fe8
3fc4
0024
3fda
3ff4
3fe6
3f7e
0006
3f78
0024
3f1c
0108
3ff0
3fdc
0014
3f18
3fde
3f3a
0020
0088
3f98
0094
00ba
3fda
3f44
3fe0
3f64
00f4
001c
00d8
0530
0144
3f24
0140
3fe0
04ca
0010
3ea0
3f78
3ee8
3fde
3e78
0660
3cac
0094
0190
3f6c
3f0c
0060
3f80
3fc9
3fb7
002a
004f
3fdb
0088
0044
0044
0010
3fc3
004d
3fb2
000d
3fa5
0082
0042
0040
3fb8
3fee
3fca
3ea8
0014
3e94
3ef4
3ef0
0004
3be0
0028
0280
0270
3db4
0400
00e4
3f0c
00dc
000c
3fc4
01cc
0520
007c
3d34
3da0
3da8
3e5c
3f4c
002e
3fea
0044
010e
001c
00f2
0404
0248
01bc
3f4c
3f8c
3fc0
3eb4
3f42
3f72
0078
00a2
3fd6
3fa8
3fa8
0000
3e94
3ff4
3ea0
3f9c
0028
3f74
0090
3f44
01a4
09b0
01c8
0357
3f67
3f38
3f40
0031
0015
3ef0
0180
01c0
3e80
39d0
013c
000c
0130
00f9
00ab
004e
00bb
0077
0044
3d10
3eb4
3e5c
0125
009e
0087
002d
3f98
0095
0041
003a
0007
0039
0014
0025
3cd0
3ed4
3dfc
3fc8
3fd8
3ff0
05f0
3f90
3da8
00c0
3f40
0426
3fe4
3eb0
3ed8
003e
00b8
3ed8
01e0
01c0
3f38
0160
3d48
3eb4
3e94
00e0
00cb
0015
0008
0041
3fc7
0030
00cc
3f64
0026
3fd6
0050
0060
00a2
3fbe
3f72
3f75
3ffd
3ec0
3faf
3f11
02e8
0224
00c4
3d48
3e2c
3f1c
09d0
3ef8
3e08
0480
3dfc
0488
007c
0104
3e8c
00d0
005c
3eb4
02e0
0144
3f7c
3e20
3f48
3fc8
3f80
0064
004a
001a
0038
0002
0036
3e7c
3eb4
3fc8
0046
001e
0028
3ffa
3f96
0064
3f8e
3f72
001c
00ca
009e
002c
3fd4
3e4c
0188
0244
0038
020c
0040
3ecc
00b4
0690
0000
03c7
001d
00f0
3ef0
00c9
0067
3da8
0280
01f4
3e64
39c0
3f2c
3e48
00e4
0033
0088
3fab
3fbd
0026
3f97
3e20
3f48
3ed8
0177
0068
010f
3fad
3fc6
3fe7
3fe3
3fc9
001a
00cd
0021
00ac
3db0
3ee4
3ecc
00ac
0004
00a8
0360
01a0
3ea0
3c70
3fac
0432
3f6a
3d2c
018c
3f48
3f8c
0304
0210
3bb0
3f08
0b60
3f50
3f00
0050
3f70
0002
3f6e
0056
3fc6
0090
3fcc
3f64
0068
3fc8
003f
3f89
0030
009d
3f93
3fdc
3fb3
0029
0064
3fd9
008b
0124
0118
000c
0258
00a4
01b4
09a0
3f8c
3dac
3d80
3dc0
045b
017f
0158
0078
00db
000f
3ef8
0490
3f74
3f64
3e20
3e64
3e6c
3ff8
0021
3fdb
0046
3f75
3fb7
3fbe
0018
3f9c
007c
3fdd
3fff
3fde
0051
000b
0046
0017
0061
3fb6
005b
3fd1
008a
3e70
3da0
00d0
3f54
012c
3e28
04a0
0080
3e68
3e00
3f8c
03dd
0027
0068
3e94
3fad
011f
01d8
3ed0
3ec0
0310
0450
3f88
3f7c
000c
3fdf
3f70
006f
3faf
3f80
002f
3e0c
3f00
3f0c
3ff5
3ff7
3ffe
008f
0089
0006
00af
008e
0021
00b1
0032
007f
0240
0100
0140
3e90
3f80
3f10
0070
00e4
001c
3aa0
0314
0452
0006
0148
01a4
3fac
3ffc
0110
0370
3ecc
3e14
3f80
3f6c
3fd8
3f94
3f88
3f10
0078
00a2
0030
0072
3e04
3f1c
3ee8
00fe
0075
0089
3f86
000f
3f77
3f9a
3fcd
3fcd
0072
005f
0013
0030
0034
3ffc
01f4
0038
01bc
3ff0
3f20
0198
05e0
0184
03c2
3f24
3fa0
00f4
3f78
001e
3d50
0360
3de0
3fa8
0180
0088
3f4c
013c
3fb0
0003
3fad
3f8e
3ffb
3f93
3f8c
3ef4
0098
3f6a
0087
3ee3
3f78
3ff3
3f85
3f6e
3f5a
0014
3ff4
0008
3fec
3fc0
3eb0
0110
3ee8
3e94
0054
0d60
00dc
3efc
0280
3f34
0376
3fca
3ed0
3e5c
3fb2
3f7a
3db8
0840
3f60
0030
03d0
3d14
3d04
0010
3fba
0006
3fb4
00a2
00e0
3fc2
3e84
3d98
00ec
001a
0074
3fa6
00a2
006a
0038
00b4
3fe4
00d0
00fc
0102
3ffa
0120
010c
0014
01a0
3fc8
01d8
01a0
0048
0160
02d0
0044
03d2
004c
3fac
3e84
009a
3f48
3e6c
0370
00d0
3e80
0030
3c68
3e04
3e64
0062
000b
0057
00b2
0061
0051
010c
0054
00b8
3edc
3f70
3f6c
000a
3fcc
003e
004a
004f
3ffb
3f5c
0009
3f53
0264
00bc
01a8
3e18
3f08
3f10
38b0
026c
0244
0520
3dc8
03f9
0111
3ff8
01b0
3fed
3ef5
3df0
07e0
3e6c
3cfc
3d60
02e4
0090
0254
3fe9
0017
3fd2
3f41
0033
3f0e
0350
025c
00f4
3f37
3f81
3fb6
3f5f
3f29
0036
0023
0025
3ffe
3f27
3f79
3fae
3ce8
3e24
3ec4
0024
0094
3f90
3d90
3eac
00ac
3ff0
01bc
02e4
009a
02ac
0224
0016
3f48
006c
0260
00b8
0158
0730
3fcc
0084
3f48
3f66
3f55
0011
000c
3fd5
0037
009c
3ea0
01fc
001c
0021
3ffb
3f8a
3f95
3ff5
3f98
004c
3f4c
005a
007e
3fdc
00bc
3ed4
01e8
3fc8
3f90
0038
0050
3dcc
3cdc
3ef0
0060
045d
00a9
0068
3ff8
0085
00b9
3db0
38b0
3f3c
021c
00b0
008c
00cc
3fc0
0029
000f
001a
3f7d
3f83
3ffa
3ec0
3eb4
000c
3f5b
0005
3f56
0003
0045
3fbe
0087
3ff3
0094
3fd7
3fff
3fd8
02c0
0194
012c
0024
0014
0010
3e20
02bc
0254
00f0
00d4
0362
3fb0
023c
3e14
00a2
0020
3f04
02c0
3f58
3d30
3ad0
3dec
3fb8
3e34
012e
0079
00b5
001e
3fa1
007d
034c
01d4
0178
3eda
3f1a
3fc0
3ed8
3f64
3f74
3f66
3f75
3ff1
000c
0099
3f73
0164
0050
0114
3f78
3e5c
011c
00d0
3f8c
3e44
0150
3eb8
052d
00fb
3e90
3fb0
3f43
0001
0288
3e00
3f54
3f1c
3da0
3ed4
3fe8
3eec
3f9d
3fe0
3fbd
00eb
3fee
00fd
3f48
3fdc
3f6c
00ad
0076
0037
3f6b
3fa4
3fc7
001d
3ff5
0028
3f9b
0025
3f76
3e30
3f54
3edc
3f7c
3f00
007c
3880
0244
0094
0360
000c
0452
3fc8
0070
01dc
0032
005c
3df8
3b30
00d0
0318
3c10
01dc
00c4
0118
0060
3fcd
0093
3f10
3fcf
3f41
003c
00f4
3f48
3fa6
3f32
0074
0048
002a
001e
00ce
0053
007b
0020
3fd1
004f
0020
021c
3e04
3e78
00e4
3d94
0300
3e74
3f24
0850
038c
046d
3f8b
3e04
3ea4
00cf
3fd1
3ca4
3ce0
00d4
0034
37d0
3f6c
3ea4
00c8
3f3b
3fa6
3f95
3ff5
005e
3f97
3efc
3f38
3fc4
0009
0014
3ff5
3f97
3fc8
3fcf
0069
003d
002c
010b
013f
3fcc
0004
3fb4
0050
0004
00dc
3f28
37d0
0330
00c0
3a80
3dfc
04b1
0093
3f24
0124
3e97
3f75
007c
02e0
3e4c
3f3c
3c60
0130
0090
00a0
3fa9
3fc8
3fe1
3fff
0014
3feb
034c
01b0
019c
00b7
003e
0079
3f25
3fba
3f6b
3f51
3fbf
3f92
3ff7
3fa5
0052
3d04
0008
3cfc
01d4
016c
0068
09d0
3f10
3be0
3c00
3dec
03b3
011f
3ff4
3f1c
0019
007d
01cc
0050
024c
3f54
3df0
3e98
3f38
3f60
000d
3fdf
002e
0077
00bd
3fba
3e9c
3e74
0028
0011
0048
3fc9
0085
00b4
3fd1
004f
003e
0011
3fab
3f3e
006d
3dfc
3ee8
3f14
3f54
0160
3df4
3e00
0334
3ecc
3bb0
0150
031d
0007
00dc
3f60
3f8f
00b5
3e14
0180
3f58
3f60
3a70
008c
3f60
012c
3fc5
3f80
0045
3ef3
3fac
3f47
3ff8
0048
3fb0
3edd
3f7a
3f63
3f4f
3fa2
3fad
007f
007b
0004
0051
0009
0048
3f0c
0058
3eb4
3be0
3ec4
3d1c
3c50
0150
0210
3ee0
3e84
03f4
3f78
0040
3e5c
3fa0
3fdc
00c0
3a60
0220
00a8
0130
3db0
3eb8
3ef8
0088
0086
0002
010c
00c2
004a
3dec
0030
3dbc
00d8
0024
00b4
0014
3ff4
0020
0010
3fea
0026
0024
0022
0002
3ec0
3f10
3fb0
0288
010c
017c
0140
026c
3e7c
3c20
3eb4
0482
0048
3df4
3fe4
0004
004e
004c
01a0
3f10
3f70
3e50
3e3c
3fb4
3e88
00d8
0067
0071
0006
3ff3
0013
02a4
017c
0128
3f30
3f5b
3fd5
3f4e
3f87
3fc7
0128
009e
008a
3f9a
0000
3f9a
3fe4
00c0
3f24
3f80
0148
3e38
3d20
0138
0110
3e60
0304
0353
3faf
0078
010c
3f7f
3faf
00a0
3500
01a0
0120
01b0
03b0
01e4
01cc
002f
3fe9
0046
3f97
3f9b
3ffc
3e24
3f98
3e8c
3fe5
3fe1
0004
0085
004f
0036
3f53
3f3f
0014
011f
0055
00ca
0428
01a4
0284
0068
00e0
3f88
0410
3fe0
3fb8
01c0
02c4
0255
006f
051c
3f3c
3f81
00cf
0034
04f0
3f80
3fa8
03c0
0040
3f9c
00a4
3f8f
3f6a
0025
004f
007c
3fd3
3fcc
3f58
0074
3fad
000d
3fa0
3fb7
3fcd
3fea
0021
3fdc
0045
0113
00ba
0059
00cc
3f88
0144
0298
006c
022c
05b0
3d9c
0034
3d70
3c34
04fc
005c
3f80
0004
3fb6
0012
3fe8
0830
3c34
0164
03b0
3fcc
3f50
007c
003e
0094
3faa
004c
0054
3ff8
015c
0084
00d8
3fe0
006d
3f73
3fdc
3fab
0031
3f78
3fe9
3f8f
3fec
3fd7
0015
0008
3fd4
0034
3e2c
3e84
3fa8
0040
02c4
0034
3690
3e88
041b
00bb
02d0
01e0
3f7f
3f9f
3ea0
0310
01d4
3db4
3980
3f5c
007c
3ee0
3fbd
3fc9
3ff4
3fc9
0001
3fc8
0038
3f3c
00fc
3fad
3f1b
0092
3f95
0057
3f3e
3fdf
0019
3fc6
3f57
0011
3f46
0178
02e8
3e90
3e4c
3e2c
0020
3ab0
01f4
00f4
3e50
0274
0348
3f60
3dc8
030c
3f70
3ee8
01c8
03b0
0124
00b4
03c0
3d54
3e44
3f10
3ff8
0014
3fe4
009c
001c
0080
3ffc
0050
3fac
007e
0018
0066
000e
3fd0
003e
008a
0072
0018
3f12
3fc6
3f4c
3eb8
3fa8
3f10
3f84
3e9c
00e8
0600
3d08
3f38
0560
3c60
0496
0076
3cc0
00e8
00a6
3f8e
3f78
0030
03d8
3f40
3ae0
0188
0030
0158
3fc8
0054
3f74
3f84
3fd4
3fb0
3fa0
3f84
001c
013c
009e
009e
3fec
0002
3fea
0076
0072
0004
3f0e
3f76
3f98
3f98
0134
3e64
3da0
3f0c
3e94
3fc0
0044
3f8c
3b10
02ec
0383
3f93
032c
0194
3f05
00f1
0154
02e0
3fe0
01a0
0500
001c
0088
3f94
0021
3f87
009a
3fcb
3fd7
3ff4
013c
0050
00ec
3ffb
3fea
0011
002f
0048
3fe7
3f43
3ffc
3f47
3f97
3f7e
0019
0084
0090
3ff4
3f20
3ee0
0040
0460
0054
3ecc
3c70
3f74
03a1
3fbf
3d4c
3ffc
0013
3fdd
3e84
3e60
3e6c
01d4
0140
3f5c
0110
3e4c
3f5f
3fb8
3fa7
0009
0008
0001
3f3c
3f08
0034
3f35
0014
3f21
004b
0034
0017
00ad
3fff
00ae
3f93
3fe9
3faa
0104
0138
3fcc
008c
0128
3f64
0a90
3dd4
3df4
01d0
3ca0
04d1
00bb
011c
3ff0
3fbb
0029
3f44
03a0
3d2c
011c
0000
0014
000c
0008
00f9
003a
00bf
0053
002a
0029
3f80
3ed0
00b0
3f5d
3ff6
3f67
00cb
006e
005d
3ff3
001d
3fd6
0085
000b
007a
3eac
3f28
3f84
3fcc
3f5c
0070
0210
01b0
0188
3dc0
3f34
0434
00e4
0110
00bc
3fe6
3f76
01e0
3750
00f0
01e0
0ad0
3dd0
3f7c
3e54
0022
0000
0022
00cc
3ff2
00da
3c84
3ec0
3dc4
3fbe
0017
3fa7
005e
3f77
00e7
0070
003f
0031
009c
00c7
3fd5
0218
3f28
02f0
0200
0018
01e8
00e0
3c60
0150
0690
0020
038d
001b
3fa0
3f50
000f
3fb5
3f10
3d50
3fa4
00c4
3e40
3f88
00d0
3eb8
002d
0028
0005
002b
000e
001d
3e18
0020
3df8
00cd
007a
0053
00a3
3f70
0133
3f7d
3f1f
005e
3edb
3f63
3f78
3fd0
3fd8
3ff8
002c
005c
3fd0
0720
3e3c
01cc
05a0
3d80
0417
0061
0160
00b0
0027
3e65
3db0
01b0
3e64
3e2c
3a90
3e84
3f8c
3ef8
00bd
005a
0063
0069
005c
000d
3f30
3fe0
3f50
3fb7
3faf
0008
3fad
3f93
001a
3fa7
3f86
0021
3fa9
0010
3f99
01a0
0078
0128
3fd4
0080
3f54
3ec0
3fd8
3fe8
0440
0088
045c
3fac
3d8c
0038
3fec
3f68
3ea4
3e60
3f28
3fa0
0020
00a0
00a0
0000
3fac
3f56
0056
3fd4
3fb8
001c
00f0
0058
0098
3fae
3f98
0016
008e
003a
0054
00a0
0076
002a
3ea8
3f1c
3f8c
3f74
0158
3e1c
3f78
006c
3f0c
0540
3f3c
3ef4
3bc0
0174
0391
0091
0038
3d34
00d7
3fe3
3ea8
3e80
3ff8
3f30
3bf0
3dcc
3f08
3ec4
001b
0039
3fe2
0105
0075
0090
007c
3fb4
00c8
3f53
3fa4
3faf
3fb3
0026
3f8d
3fc3
3ffe
3fc5
0023
3f94
008f
0130
0058
00d8
3f60
003c
3f24
3bb0
3f64
3f64
3ea0
3f64
042d
3fbd
00cc
0344
3f1d
3f51
00d4
0100
0024
3f14
3c70
028c
01e4
00a8
3f5d
3fa9
3fb4
3f85
3f47
003e
3fc4
3f7c
0048
0049
0021
0028
00b1
00a7
000a
3eff
3fc9
3f36
3ff3
3f6b
0088
3e5c
3e48
0014
007c
006c
0010
0060
0248
3d68
3960
3eac
038f
0045
00c4
3f84
002f
008d
00fc
3a10
01d4
031c
0430
0108
0060
00a8
0091
00dc
3fb5
3f55
3f74
3fe1
3d3c
3ea8
3e94
0061
0007
005a
00cb
00d1
3ffa
0003
3f94
006f
3f85
3f8c
3ff9
01bc
0090
012c
3f24
3ed0
0054
0410
0084
3f44
3fd0
0064
02a3
003f
3f84
3e6c
007b
00c3
00bc
3d70
0088
3f48
0490
3fbc
3f8c
0030
3fd7
3fd7
0000
008f
3ff1
009e
018c
0168
0024
3ead
3f21
3f8c
3f95
3f7f
0016
3feb
0027
3fc4
007b
0001
007a
3f6c
3f30
003c
0158
00c8
0090
0310
3d14
3f54
03b0
3f30
04b6
3ff0
3e08
3f88
3fb4
3fce
3f48
0890
3e5c
00b4
0180
3fec
3fac
0040
3ffe
008b
3f73
001c
3fc9
0053
01a8
0064
0144
3ff2
007b
3f77
3fd4
3f9d
0037
3fba
3fe4
3fd6
3fbc
3fcc
3ff0
0060
3fb8
00a8
3efc
3d80
017c
3ed0
3fd4
00ec
0400
3ec0
041b
3fd7
005c
3f38
3fe3
3feb
3fc4
3a60
3fe8
0080
0290
00bc
0090
002c
0085
0055
0030
3fb5
3fa7
000e
0038
0174
3ec4
00a7
3fe9
00be
3ea7
3f1b
3f8c
3f13
3f65
3fae
3fab
3fdb
3fd0
3d34
3d78
3fbc
0120
00c4
005c
01d0
012c
3f24
3d70
3e3c
0484
0052
006c
3dfc
009a
003c
3fd4
3e90
3ea0
3f20
02b0
00ec
0060
008c
0060
0067
3ff9
3f46
3ff3
3f53
02e4
0164
0180
3f14
3fb3
3f61
3fda
001b
3fbf
0006
3ff6
0010
0028
3ffc
002c
0204
00a8
015c
3f28
0050
3ed8
0440
3bfc
3e5c
3f00
0054
03c9
00dd
01d0
3ff4
0063
0063
0248
0080
02b0
3f28
02a0
3f9c
000c
3f90
0037
001f
0018
0045
3fcb
007a
00cc
0014
00b8
00d1
00be
0013
3f3d
3fe0
3f5d
0065
004e
0017
3f11
3fcc
3f45
3f50
0064
3eec
0010
3f5c
00b4
08a0
0000
3ed0
3af0
3da0
0386
00ca
0270
0220
3fa8
3efc
01a0
0580
3f50
3e00
0670
3d00
3ec8
3e38
0058
0024
0034
003a
3ff6
0044
3f18
3eb8
0060
00de
00c9
0015
009e
0019
0085
0050
002d
0023
3f14
3fed
3f27
0020
3ff0
0030
0060
3eb8
01a8
38b0
3ddc
02ac
0660
01a8
0471
3f37
003c
0318
0013
3fdd
3d9c
0370
3f64
016c
0270
0124
00cc
0058
3fad
3f84
0029
3f67
3fc0
3fa7
0220
00e0
0140
3fb9
0008
3fb1
3fbf
3ffc
3fc3
3e87
3f0f
3f78
3f71
3ff5
3f7c
00e4
3ffc
00e8
003c
3f80
00bc
3870
01ac
004c
0080
00fc
0306
005a
3f84
01e4
0022
3ea2
3dbc
3900
0394
3d44
3ae0
015c
0174
3fe8
3f8a
3fd4
3fb6
3f66
3fc2
3fa4
3f54
01c8
3d8c
009e
0028
0076
00aa
003e
006c
0004
3f8a
007a
3f84
3f70
0014
0194
0190
0004
0204
022c
3fd8
3de0
3f50
0508
0110
3f88
041c
3fd4
0100
3f00
3fc8
0028
0128
05d0
3fe0
3e70
3a60
3f18
3f3c
3fdc
0002
3fd6
002c
3fca
000a
3fc0
0210
3f3c
02d4
00d4
005e
0076
3de4
3e8e
3f56
002e
00ca
3f64
3f8e
000a
3f84
3a40
3d6c
3cd4
0038
3ff0
0048
07b0
3c9c
0134
0170
3ea8
04d1
3ff5
3ee8
3d88
0153
3fe7
3f10
0300
3d3c
3e5c
3d10
3f0c
3fe0
3f2c
3f75
3fb9
3fbc
0087
0043
0044
3dd8
3f78
3e60
3f9d
0024
3f79
3fe1
3fd4
000d
00f1
005c
0095
0099
0048
0051
3f68
3f7c
3fec
0064
016c
3ef8
00d0
0014
3ff4
0570
3fa8
039a
0028
01b8
0188
3f78
3f42
0000
0210
0150
3fc0
34e0
00c4
004c
0078
00d0
002f
00a1
3fe6
3f77
006f
3ec0
3f20
3fa0
3fe6
0005
3fe1
3fec
3fb1
003b
00de
00d2
000c
3fd0
3f74
005c
3d50
3f5c
3df4
3db8
3f30
3e88
0170
3fdc
0124
3ef0
0208
0416
0004
002c
0190
3fea
3f50
3fe4
01a0
00bc
00dc
3ab0
3efc
3f70
3f8c
3fec
3fe3
0009
0004
3fe3
0021
00b8
0024
0094
3fe6
3fac
003a
3fb0
3fba
3ff6
0020
00b1
3f6f
3f32
3f91
3fa1
3ccc
3f98
3d34
3e8c
3e64
0028
00f0
3fe4
3f6c
3da0
01b4
03d5
3ea3
3f84
3e64
001d
00a3
0084
03b0
00a4
0274
0510
3ebc
3f90
3f2c
00b3
006c
0047
3fb7
3fe4
3fd3
00ec
00f4
3ff8
0007
0013
3ff4
002d
3fbd
0070
3fe5
3f74
0071
3f87
3fe8
3f9f
046c
01e4
0288
3d7c
3ddc
3fa0
35a0
0258
0140
01e0
013c
031e
001a
3fd8
3fd4
005a
3fde
3e98
3b40
0358
0108
3d80
01b8
00bc
00fc
3f88
3f96
3ff2
3f78
0032
3f46
009c
02a8
3df4
001c
3f40
00dc
3fc0
3f74
004c
001a
3fb6
0064
3f8e
0046
3f48
0250
02b0
3fa0
0038
3f78
00c0
0020
3ec4
0144
0970
3ebc
042c
3f9c
3ee8
3f14
00a6
3fe2
3e08
0660
0014
008c
0010
02a4
01d4
00d0
0000
3fec
0014
0006
3ff0
0016
024c
0170
00dc
3f26
0005
3f21
0076
3fdf
0097
3e64
3f5f
3f05
3fc8
3fa1
0027
3e98
3e58
0040
3d54
3d98
3fbc
0090
3d60
0168
0980
01c4
0378
3fdc
3d94
02bc
0174
3f90
3ca4
3e70
0408
0168
3f10
00c0
0014
00ac
3ee4
3fb2
3f32
3f58
3f92
3fc6
3f14
3ee8
002c
0102
00b8
004a
3ff6
3ff4
0002
007e
005a
0024
3f9a
003a
3f60
3f5c
00dc
3e80
0068
3f40
0128
3dd0
0134
002c
3f40
3fec
0423
3f8b
00b0
3f7c
3fdd
3fdd
0340
3fd0
3f38
0018
04a0
001c
3f40
00dc
00af
009d
0012
0131
00d7
005a
01bc
3edc
02e0
0029
003c
3fed
3fc5
3ff8
3fcd
3f41
0028
3f19
3fe1
3fec
3ff5
3d50
3ee8
3e68
0240
0120
0120
0910
3dd8
0068
0160
0038
03a8
3f9e
0024
3f00
004a
3fd8
0004
0230
0170
0038
0240
3c00
3df8
3e08
00ee
006f
007f
012c
00a1
008b
3ed0
3df4
00dc
0088
0059
002f
3f46
0017
3f2f
3fba
3fde
3fdc
0034
0026
000e
011c
0034
00e8
3ee8
3f9c
3f4c
3e30
3e4c
002c
3790
3e08
04e3
005b
0300
0278
3fb3
3f7b
00f0
0660
3e0c
3cbc
3d60
3d94
0004
3d90
00dd
3fad
0130
3f21
3f69
3fb8
00c0
3fb0
0110
006b
0093
3fd8
0007
3fff
0008
0019
3ff9
0020
003d
0039
0004
3ec0
3f38
3f88
3e44
3f84
3ec0
0330
3f6c
027c
05b0
005c
037e
3ec2
3eac
3de4
00b8
00c8
006c
0100
01dc
03f4
3f50
0144
3fb4
0190
3fd0
0004
3fcc
004e
3fe0
006e
01c4
0070
0154
3ff8
0025
3fd3
0084
0023
0061
3fc8
0065
3f63
3fec
3f47
00a5
3c5c
3ebc
3da0
0124
0040
00e4
3d20
0154
3f8c
3fa0
0138
046d
0033
3e84
0238
3f6f
00f9
3f94
3f50
3f10
3ee8
0240
0264
0108
015c
3ed5
3f32
3fa3
3f47
3fda
3f6d
3fe8
00a0
3f48
0023
3faa
0079
0089
002e
005b
0085
3fc7
00be
0033
0059
3fda
02cc
01bc
0110
0180
0174
000c
38e0
3e24
038c
03c0
3fe0
03ee
3f98
3e98
0210
000c
3f32
3fc0
0560
3e84
3fe4
3e90
00cc
3fc8
0104
3fec
3ff9
3ff3
3fe6
0011
3fd5
0190
0248
3f48
0048
0037
0011
0032
3fd3
005f
3f98
3f7c
001c
0026
3f86
00a0
0008
0004
0004
0044
0134
3f10
3a00
0114
047c
0210
0230
0465
3f65
3eb8
0170
3f07
3fbb
0100
3b80
3fb4
012c
0200
00ec
00c8
0024
3f81
3fa5
3fdc
3f57
3fc1
3f96
3f38
00e0
3e58
003f
3fd0
006f
005b
3fee
006d
002d
3fd8
0055
3f6d
3fce
3f9f
3fb8
0114
3ea4
3f4c
3f88
3fc4
3b70
0040
0190
0220
0064
0435
3faf
3f08
005c
3f77
3ebd
3ee8
3dc0
3e54
3fac
05a0
0058
0170
3ee8
3fd7
3fd6
0001
3fb5
000e
3fa7
013c
0130
000c
3fb9
0032
3f87
0057
3fea
006d
3fd1
3fbb
0016
3f57
3f81
3fd6
0030
3e58
01d8
020c
01a0
006c
3c60
3f60
02c0
39d0
3ef0
0434
005e
0138
3ef8
00d2
3e3c
3ee0
05a0
3eac
3d44
0350
3e90
0098
3df8
3f7a
3f99
3fe1
0080
0017
0069
00c0
3fbc
0104
3f10
3f8b
3f85
3f92
3f9d
3ff5
00a2
0050
0052
0088
00a8
3fe0
0160
0104
005c
02d4
0040
0294
00c0
00b4
3fc4
3cf0
3ecc
0449
3f3d
3e20
3f34
0073
0067
3f28
39c0
00ac
0254
0150
3e04
00a4
3d60
3fff
3fdd
0022
003d
3fc7
0076
3dbc
3f80
3e3c
002b
3ffc
002f
00db
00c8
0013
00cd
0014
00b9
3f7d
3f84
3ff9
3fe0
014c
3e94
02bc
01c0
00fc
3890
3fc0
3f20
3bb0
0310
0385
0019
01fc
00d8
3ffb
005f
3f9c
0530
3bb4
0164
04a0
0198
0250
3f48
3f69
3ee3
0086
3faf
3fd5
3fda
0238
00bc
017c
3f47
3ffc
3f4b
0067
0020
0047
0037
0014
0023
001f
001c
0003
3fd4
3f94
0040
009c
0144
3f58
08e0
3fe8
3f68
3b90
3c74
0450
00ac
0310
3e94
3f9c
00ac
0328
3e70
3e7c
01bc
0260
3d48
3de8
3f60
00a2
0018
008a
00f2
0082
0070
3fac
0114
3e98
3fa0
3f7a
0026
0084
0034
0050
3fa0
3f54
004c
0178
006a
010e
0298
0074
0224
043c
0374
00c8
3d80
3dc0
3e78
0340
3fd4
0427
3f73
025c
3fac
0101
3ff1
3f74
0460
001c
003c
39d0
00f0
00f4
3ffc
0157
007b
00dc
3f75
3f57
001e
03f4
01b8
023c
3f99
002e
3f6b
3ff5
0020
3fd5
3fa3
0004
3f9f
3ee7
3f3e
3fa9
3f04
3fb8
3f4c
3a14
3c94
3d80
3de0
3e50
0230
0470
3f98
048e
0068
3d54
0188
3f8e
3f68
3e94
3d40
3f5c
3df4
01a0
3f70
3ed8
0098
0074
004d
0027
3fa4
001d
3f87
3d08
3dd8
3f30
00c4
00e8
3fdc
3fa2
3fca
3fd8
006a
0031
0039
0030
006d
3fc3
00a4
3fac
00f8
0064
3ff0
0074
0980
3ce8
3ef0
05a0
3ea4
0381
0023
00c4
0034
006f
3fcd
012c
0420
0138
3f08
05e0
00c8
3f2c
019c
0033
0058
3fdb
0061
001c
0045
3f4c
3ea4
00a8
00bb
0090
002b
3ff9
3fa4
0055
3feb
0045
3fa6
3f9d
0023
3f7a
004c
3f48
0104
3f50
3e28
0128
0500
3f68
00c0
0870
3cf4
041d
3f03
3c2c
3d74
3ffd
00eb
009c
0170
3fec
009c
00f0
3f28
3edc
004c
000b
008a
3f81
00b3
00c2
3ff1
0024
0014
0010
3fe5
3fb3
0032
3ff3
002d
3fc6
3fb3
3ffc
3fb7
0049
005c
3fed
3ffc
3f8c
0070
000c
00b4
3f58
00c0
3f2c
3ee4
3fb0
018c
0327
3f61
3ec4
3ed4
00c5
003f
0134
3b20
0164
02cc
3f20
3f8c
01d0
3dbc
3fed
3fe2
000b
0133
0014
011f
0244
0140
0104
000f
3fd0
003f
0029
0012
0017
3fcd
3fc3
000a
3f07
3f17
3ff0
3ff4
0024
3fd0
005c
00b0
3fac
00b0
3f4c
00c4
3f10
3ed0
046c
3f42
3f8c
0220
0040
3f92
0094
0700
3dd8
0048
0430
3c8c
3e10
3e7c
00a0
0087
0019
0000
3f75
008b
0020
3f78
00a8
3fd4
3fd0
0004
0096
006c
002a
3fee
3ff7
3ff7
0064
00d9
3f8b
0214
01b8
005c
0040
3e20
0220
0120
00b4
0144
01f0
3db0
0459
000f
3d68
02a0
3f59
3f73
0090
0360
3c4c
00e4
03f0
3cdc
3e24
3eb8
3ff3
0036
3fbd
3fd7
3fa0
0037
3f40
00b8
3e88
3f1d
3f55
3fc8
002f
3fc1
006e
00c9
006e
005b
0067
0064
0003
3ff8
0054
3fa4
003c
0038
0004
3cf0
3f3c
3d8c
3920
3fcc
0477
01d3
0188
3d6c
009b
3fcf
0210
02d0
3d70
3e10
0150
3e24
0054
3dd0
0013
3fc3
0050
0103
0067
009c
3f94
00b4
3ee0
0097
0057
0040
000b
3fff
000c
0077
0025
0052
3ff7
3ff1
0006
00c8
00a4
0024
0140
00d0
0070
3aa0
016c
3ef4
00a0
0378
03bb
3fa7
3fb8
0120
3ec9
3f71
0080
3c30
00ac
3e3c
3c50
00dc
0040
009c
009d
3fcd
00d0
0063
0059
000a
3ef8
3f94
3f64
3ff7
3fb8
003f
0087
00a6
3fe1
0017
0068
3faf
3fdf
3fd6
0009
3ed8
00c4
3e14
00e4
01c4
3f20
01d0
011c
3ecc
3b70
3fcc
03c5
3fd5
3e88
3e24
3fff
3fc7
3e98
3a80
0098
0110
0060
3e04
3ef4
3f10
005b
0029
0032
0021
0063
3fbe
019c
0148
0054
3edf
3f46
3f99
0077
0076
0001
3ec1
3f48
3f79
3f9d
3fd8
3fc5
0288
0140
0148
3f50
3f34
001c
3b90
0328
3f00
3bb0
0268
0397
0033
0080
0108
0067
0037
00d8
3d40
0070
3f08
03a0
3ec0
3fc4
3efc
005b
001f
003c
3ff3
3f05
00ee
0070
00e0
3f90
0011
3f8b
0086
3f05
3f79
3f8c
3fdb
0003
3fd8
3fbf
3fc1
3ffe
00d8
0064
0074
0018
3efc
011c
3e00
3fb8
3e50
0420
00a8
03f2
3fe6
3d48
0060
3f78
001c
3ed8
36e0
0074
01dc
02b0
02c8
0184
0144
3eba
3f6e
3f4c
0038
0038
0000
3c28
3d9c
3e8c
019a
00cf
00cb
00e2
009f
0043
3ffa
3ff5
0005
3fd6
3fb1
0025
0018
3fc0
0058
0254
0248
000c
0390
3eac
3ce4
3560
3df0
0332
010c
0398
3ec8
004a
00a0
0248
0270
3fb4
3fcc
0360
00f4
0190
3f64
007e
00d5
3fa9
000a
3fc3
0047
0020
3f0c
0114
0054
005e
3ff6
00a6
00ee
3fb8
3f4e
3fdf
3f6f
3f48
3f91
3fb7
00a0
0050
0050
3fa4
3f90
0014
3eb0
020c
3e9c
3b60
0280
02a2
3f64
3fac
3fe0
3f06
00e8
01e4
0030
3e78
0238
09e0
0184
010c
0078
3f60
3fdb
3f85
008c
003f
004d
3fd8
3fe0
3ff8
009a
008a
0010
0034
0034
0000
005c
0023
0039
000a
3fe3
0027
018c
0030
015c
00f8
0060
0098
0110
3f1c
3fe4
04d0
3e18
03d1
0119
3f50
0248
00cb
3f47
3d38
0530
0174
3e9c
3dc0
0044
3fd8
006c
3fe5
008f
3f56
3ff7
0093
3f64
0080
3f88
00f8
3fcf
3ff4
3fdb
3feb
0006
3fe5
3fad
3ffc
3fb1
3fe9
0062
3f87
3fb8
3f74
0044
0154
0028
012c
04a0
00cc
3f04
38e0
0044
0376
3fd6
3fcc
3ea4
00f4
3fec
00c4
3ad0
3fbc
00d4
03e0
3efc
0028
3ed4
3f3e
3fda
3f64
00b8
0060
0058
3e9c
3f84
3f18
3fa4
3fc9
3fdb
0098
0051
0047
3f70
3f89
3fe7
3f54
3fd5
3f7f
3f54
0030
3f24
01c4
0000
01c4
02e0
00fc
02e4
0350
3ee0
03ff
009f
011c
0158
3f71
3f6d
019c
0310
00dc
3da4
3e10
00dc
3f30
01ac
0057
003b
001c
3f39
3f8b
3fae
3e80
3eb4
3fcc
0087
3ffa
008d
3f53
3fb4
3f9f
3fa1
0088
3f19
0131
007e
00b3
3e04
3e24
3fe0
3dac
3e20
3f8c
0480
3cf4
016c
0210
3e54
040c
3f94
0258
3d94
0056
3fda
3f20
0a80
002c
3ebc
3da0
3eac
3f90
3f1c
0112
0092
0080
010c
0096
0076
03dc
01ac
0230
0054
3fd9
007b
3f78
3fcf
3fa9
3f34
3fe5
3f4f
3eec
3f93
3f59
3f48
000c
3f3c
3ea4
3de4
00c0
3e90
3e84
3f3c
3d70
3f00
047f
00e1
0084
01c8
3fe5
3ff3
02b4
0130
3e00
3e70
0390
3ffc
00f8
3f04
003f
3fc0
007f
0029
3fc4
0065
0398
017c
021c
3f6d
3fe4
3f89
3f0b
3f88
3f83
0003
0059
3faa
3ee5
3ecb
001a
3e9c
3f94
3f08
3f10
00d0
3e40
0630
3f1c
3d0c
3f50
3e98
0461
00b5
00e4
3f78
3f41
0065
3fd4
0600
3fb0
3db0
3d60
3eec
0014
3ed8
00d5
0079
005c
000d
0011
3ffc
02d8
0198
0140
0031
3fdb
0056
3f49
3fd3
3f76
3fc1
3ffd
3fc4
3f1d
3f4d
3fd0
3d7c
3ebc
3ec0
3da0
3f00
3ea0
00a0
0008
3f30
06c0
0110
03ad
0019
3f3c
3ee0
0097
008b
3fb4
0000
3edc
0034
0120
00a0
3f3c
0164
002f
3ff7
0038
3fed
0025
3fc8
01a0
3fc0
01e0
3f7f
003c
3f43
0073
004c
0027
0049
0080
3fc9
3f91
3fd8
3fb9
3f44
3fe8
3f5c
3fc4
0000
3fc4
0410
3eb0
3f78
0760
0080
043d
3fa9
3f90
0138
3fa7
3feb
0108
0010
3ec8
3f00
3bc0
3fe8
3dec
01fc
3fe5
3fe9
3ffc
009b
005b
0040
0018
3e0c
020c
3fcb
3ff2
3fd9
3f5b
0006
3f55
3fe7
008a
3f5d
00fb
00b6
0045
3b70
3d8c
3de4
0200
01ec
0014
0360
3ebc
0084
04c0
3eac
0440
3fcc
3ed0
0014
3ef4
0078
0028
0340
3cac
006c
05b0
3fac
3f20
008c
3fda
3ffc
3fde
3fd2
0018
3fba
3f64
3ed0
0094
004a
0086
3fc4
3f8e
3fee
3fa0
3f4c
0030
3f1c
00d0
00e4
3fec
00d8
3ef4
01e4
3f64
3e5c
0108
3e90
030c
00fc
04b0
3f54
033b
0099
0154
020c
3f33
3ee1
3d54
3f20
3ffc
00a4
3f90
0014
3f24
00f0
3fe1
3fb8
0029
0085
008c
3ff9
3dac
3ef8
3eb4
3fd9
3f83
0056
0107
0059
00ae
003b
002a
0011
0031
3f62
00cf
0014
000c
0008
0154
0208
3f4c
0450
3eac
3e84
0510
0104
04aa
3f70
3dcc
3e54
3ffc
00d6
02f4
3c30
3fdc
3f9c
0780
03bc
01e0
01dc
3f16
3f1d
3ff9
3ff8
3fc5
0033
3f14
008c
3e88
3f9c
3fed
3faf
3f6a
3fc9
3fa1
3f2a
3f88
3fa2
011c
002a
00f2
3e8c
3db8
00d4
003c
3fd4
0068
3930
0070
3ff0
0190
0228
03df
3f87
3f7c
0058
3ff9
3f09
3e94
3f50
3fc4
001c
0070
00a0
0118
3f88
0037
3fd3
0064
00b5
00a1
0014
3f60
3f38
0028
0091
0006
008b
0041
001a
0027
0091
002c
0065
3fe9
3fcc
001d
3d6c
3f58
3e14
00f4
0108
3fec
3b60
02c0
3eb8
3de0
02dc
03d0
0050
3f68
008c
3fd6
3f42
3fc8
34d0
3fc4
0214
3d90
3fd0
3fdc
3ff4
3f5a
3f32
0028
3fa8
3fda
3fce
3eac
0084
3e28
3f5c
3fbb
3fa1
00fc
002d
00cf
00f4
0065
008f
0078
3fcb
00ad
00c0
0030
0090
012c
02dc
3e50
06c0
3d80
3ff0
3f20
3e78
0417
3f39
3e10
3e70
0041
009b
0448
06d0
3f7c
3da4
0350
0038
3f68
00d0
0061
009a
3fc7
0083
0004
007f
0100
3ff4
010c
00e9
011c
3fcd
3edf
3fc6
3f19
3edb
3f6d
3f6e
0011
000d
0004
3ee0
3ec4
001c
3ffc
3ee0
011c
3c80
00a4
01a4
39c0
012c
03d2
3f22
006c
027c
3f62
3f96
3ecc
39f0
0024
0294
3f00
3e5c
007c
3de0
00b0
3fde
00d2
3fe0
3fe0
0000
3d9c
3efc
3ea0
3f7e
3f9a
3fe4
0066
3fe4
0082
004e
3fca
0084
005e
004c
0012
029c
0164
0138
3fe4
3ffc
3fe8
3c30
00ac
00d4
0230
0318
0273
001d
3f74
3fd8
0087
0021
014c
3900
039c
0084
0300
015c
0108
0054
3f33
3fdc
3f57
3f83
3fc4
3fbf
3f90
3fc0
3fd0
0005
3fdd
0028
006b
00ab
3fc0
0031
0022
000f
3eff
3f92
3f6d
0064
00f8
3f6c
3fac
3ed0
00dc
3890
00ac
021c
3d10
0374
0358
0008
3f68
02dc
0008
3e3c
3d30
0290
0064
3d4c
3f00
3ee4
0004
3ee0
3fb2
3fa8
000a
3fc6
0012
3fb4
3fec
0050
3f9c
007e
0050
002e
3faa
3f96
0014
00be
3fe4
00da
3ff2
3fd2
0020
0088
0024
0064
026c
0238
0034
3ee0
0140
0180
00a0
3f1c
0418
3fb2
0178
3fb4
013a
3fd0
3f48
03f0
01ac
0044
37f0
3e80
3f10
3f70
00a0
0099
0007
000a
3fb5
0055
012c
3ff8
0134
3f7e
3f7f
3fff
3fa8
3ff7
3fb1
010c
009c
0070
3fda
0056
3f84
3f90
00b0
3ee0
3ebc
3f60
3f5c
05d0
01e0
0130
0040
3e64
04af
3f85
3efc
3f2c
3fbf
3fd5
3fa4
3d10
3f8c
018c
03d0
3ee0
3e70
0070
003b
009e
3f9d
3f93
0006
3f8d
3c8c
3e88
3e04
0051
0039
0018
3ff3
3fab
0048
0081
3ffa
0087
004b
007a
3fd1
017c
0158
0024
3e0c
3e54
3fb8
3df0
003c
00d4
0370
00a8
03c1
3fb7
0118
3e60
0011
0007
3f90
3c60
3e18
0188
3ae0
3ff4
0108
3eec
3fdd
3fa0
003d
0035
3ff0
0045
3ec0
3eac
0014
3f9b
00a3
3ef8
00f5
005d
0098
3f4b
3ff4
3f57
003d
3ffc
0041
3e78
3dfc
007c
0048
0118
3f30
0380
0038
0130
0180
3f74
0449
0041
008c
3dec
3ffd
3f65
3dbc
03a0
3be8
3f60
0350
3e98
3ecc
3fcc
0013
002f
3fe4
3fe3
0027
3fbc
3fc4
3f40
0084
3f57
003d
3f1a
3fcf
3f85
004a
0091
00b9
3fd8
0041
0031
0010
3e8c
3dfc
0090
0018
00b4
3f64
0210
0060
3f58
0480
0048
0375
0009
3fcc
3c48
004f
00eb
008c
3bb0
0084
00ac
3780
0048
009c
3fac
004b
008d
3fbe
3ffd
004b
3fb2
00b0
3fb8
00f8
3fe5
0044
3fa1
0029
0080
3fa9
0057
0010
0047
3ea3
3f58
3f4b
3d84
3fc4
3dc0
3ce4
3e28
3ebc
00e0
0104
3f5c
3ce0
3ef4
0564
001e
3e9c
0124
3eb8
3ff2
3ef4
08d0
3d20
3e78
3a80
3d3c
3cf8
0044
0014
0077
3f9d
00a8
007b
002d
009c
3f0c
0190
002c
004e
3fde
3f56
3f80
3fd6
0040
0041
3fff
002e
0069
3fc5
003c
0040
3ffc
0000
3fd4
002c
3fd0
3f6c
3dd4
3cb0
00a0
04d9
3f9b
3de8
0078
3f39
00c3
0200
3e50
3eb4
3eb4
3fe0
00cc
3f48
0184
0007
0064
3fa3
3f0f
3fb0
3f5f
3dd8
3df4
3fe4
0005
3ff7
000e
00bb
0081
003a
3fe3
005c
3f87
0099
00d0
3fc9
01c0
0164
005c
3f94
3efc
0098
04f0
3e4c
005c
0570
3f48
032b
008d
3ffc
3ff0
006f
3fe1
3dcc
3f80
0340
3eb0
3d70
3c2c
3d2c
3f00
007f
002a
0055
0057
009a
3fbd
3e00
3f5c
3ea4
0103
00ed
0016
0035
3fc7
006e
00a7
007a
002d
002d
3fe2
004b
3f04
3ef4
0010
3ec0
0038
3e88
00c0
00c4
008c
01d0
3eb8
03cc
0056
0248
00d0
0004
3fc2
00b8
0060
0064
000c
3a10
3f04
3f88
3f7c
0100
007f
0081
0080
3fc9
00b7
0018
0074
3fa4
3f42
3f68
3fda
0008
3f68
00a0
3f54
3fbd
3f97
3fea
3fcf
001b
3f08
3ea0
0068
3fa4
3fd0
3fd4
0230
3c00
0018
0680
005c
0463
3f89
3f88
3fb4
0053
00a5
0038
3d90
3d44
02bc
0230
00d0
0054
007c
001b
3fb0
006b
3f6b
3faa
3fc1
3bfc
3e88
3d74
0049
009d
3fac
0107
0015
00f2
0053
003a
0019
00d9
00c8
0011
3f60
3df8
0168
3ffc
3fd8
0024
3df0
0114
0054
01e0
3dbc
0402
00cc
3fe0
0014
0026
0088
3e98
0120
3e08
0228
06b0
009c
3fdc
00c0
000c
0031
3fdb
3f44
3fcd
3f77
019c
01b8
3fe4
3f02
3fb8
3f4a
0058
004e
000a
004c
0027
0025
3fd2
3fbf
0013
0140
00dc
0064
3f98
0010
3f88
0810
3f6c
3c9c
0370
3b78
0465
0083
3ec8
0200
3ed9
009b
0090
0d70
00b0
3ec8
3d60
011c
3ecc
0250
0001
00de
3f23
3fb5
3fd0
3fe5
3f00
3f64
3f9c
00ef
006f
0080
0059
0053
0006
3f05
3f6a
3f9b
3ff7
0028
3fcf
3f98
3f1c
007c
3db8
3c8c
012c
0610
3ff0
3e00
0220
0128
041c
00a0
01d0
3fc8
001c
0090
00f8
3b70
006c
0034
3f30
00c0
3f30
0190
008e
003a
0054
3f96
3fa2
3ff4
3f80
3ee0
00a0
3f90
3fd2
3fbe
0014
000e
0006
3f7e
0058
3f26
3fde
0008
3fd6
3cf8
3e6c
3e8c
3fac
3ee8
00c4
04a0
3ec0
0150
07f0
3f10
047b
3f55
3f00
3c70
0089
008f
3ea8
3d40
0104
0044
3d80
3de8
3d30
00b8
00e5
0078
006d
3fc7
0014
3fb3
3f40
3f78
3fc8
0003
3fd8
002b
3ffd
3fcc
0031
0077
009b
3fdc
3fe1
0051
3f90
0060
00f4
3f6c
3d44
3e94
3eb0
3bd0
005c
3f74
0340
3fec
03ec
0080
0010
3fd4
0020
3f18
3dd0
0020
3ea8
3f10
00b0
0194
0200
3f94
3e9a
3f4c
3f4e
3fea
3fde
000c
025c
0010
024c
3fa6
0072
3f34
0026
3ff0
0036
3f6e
3f32
003c
3f72
3ff8
3f7a
01f8
3fb8
0240
0118
007c
009c
0420
3f78
0028
07c0
0324
0373
3f4b
3fc4
3f84
002d
3f95
3f8c
3d40
01b8
00c8
0170
0080
0070
0010
3f69
3f31
0038
00b3
003f
0074
3ecc
3edc
3ff0
3feb
3fb0
003b
0067
0050
0017
3f7d
3f38
0045
0041
00a0
3fa1
3fec
0030
3fbc
0258
3fc8
0290
3d80
3e38
0070
0160
3fc4
0558
3fd6
3c64
3e1c
0030
3efe
3fac
3da0
3f8c
3f3c
0100
3fe8
00ec
3efc
3f96
0007
3f8f
00de
00c3
001b
00c4
0160
3f64
0026
0032
3ff4
0098
0048
0050
0084
0033
0051
3ffa
3fcb
002f
3fec
3ef8
00f4
00b4
01a4
3f10
0370
3f34
0174
0990
0260
03bd
3efd
3e24
3f80
3f6d
0095
3cd4
3e50
01f0
0180
36a0
03bc
01cc
01f0
3f67
3f89
3fde
3f33
0015
3f1e
3fa0
3ef8
00a8
0143
0085
00be
3fcf
3ff1
3fde
3fb9
3fc1
3ff8
3f39
3efd
003c
3cf4
3f44
3db0
3eb8
3fa8
3f10
3a90
0244
02ec
3c80
0250
039c
3f4e
0220
3f58
003e
3f04
3df0
3820
01c0
0350
0280
3f64
0060
3f04
3fde
3fa5
0039
3f4c
000d
3f3f
3fa0
3ffc
3fa4
3fec
3fc3
0029
0062
3fcb
0097
0064
000c
0058
3fea
002e
3fbc
01d8
0040
0198
0028
00d0
3f58
3da0
0018
3f50
3cd0
3f88
04cf
3f79
3e28
0038
0081
3fe3
0268
02c0
3fa4
3e94
0280
0218
00d4
0144
3fdd
0058
3f85
3fc3
3ffe
3fc5
0168
0028
0140
3f35
3fba
3f7b
3fe7
0034
3fb3
3f2f
3fb1
3f7e
003d
001d
0020
00a8
3fd8
00d0
3eac
3e14
0098
02f0
3e50
0348
0c10
3fb8
0438
3f4e
3c44
3ef8
0002
3f38
3dec
0200
3f84
3d94
0290
3ec8
3e6c
005c
3f86
3ff7
3f8f
0064
002d
0037
0110
00e0
0030
3fd6
3ff3
3fe3
3ee8
3f95
3f53
0088
0056
0032
0036
001e
0018
3edc
3fa8
3f34
019c
3fdc
01c0
3840
0194
0134
3be0
019c
03d0
3fca
028c
3f54
00ce
0008
3dc4
0030
0048
3e60
39c0
006c
00cc
3fa0
003c
3fd9
0063
3ee6
3f9b
3f4b
0334
01f0
0144
3ee0
3f25
3fbb
3ffe
0057
3fa7
3f78
0016
3f62
3fde
0032
3fac
007c
0170
3f0c
3e98
3e7c
001c
0240
0038
3dc8
3ff0
0298
03ae
006e
018c
3fd0
0010
3f38
002c
01d0
0048
3cd0
00b0
0058
0090
3fc8
3f8a
3f68
0022
0050
3f7a
00d6
0168
0024
0144
003a
0013
0027
3fde
006f
3f6f
3f9a
000d
3f8d
3ef2
3f5d
3f95
3f14
002c
3ee8
3f10
3e84
008c
3c90
3f8c
0244
03e0
0064
039f
0081
0260
0124
011b
3eb1
3ea8
08b0
018c
3d34
01c0
0104
00e0
0024
3f73
3f96
3fdd
3fcb
3fb4
0017
02c4
005c
0268
3ee7
3f51
3f96
0009
004d
3fbc
3f11
3f8e
3f83
3f4b
3fd4
3f77
01b8
0064
0154
3f0c
3e10
00fc
3ab0
0310
3ee0
3b60
0150
0435
3fe1
0104
3e60
3f9f
0037
3eec
3c30
3f00
0040
3fc0
0238
01e0
0058
3fb1
3f95
001c
3fa3
0031
3f72
3ed0
3ff8
3ed8
3f07
3f30
3fd7
005f
000e
0051
0055
3fd6
007f
005d
3fe0
007d
02ec
0188
0164
0270
01a0
00d0
38e0
01a4
0024
3be0
3e80
04bf
0081
0018
01c8
3f99
00cf
0308
0830
3d98
3e88
0180
00c4
00c4
0000
3fd9
0018
3fc1
002f
3fa0
008f
0128
00e4
0044
3edf
3f7a
3f65
0065
009e
3fc7
0077
000f
0068
3ff5
3f75
0080
0030
00a0
3f90
0198
0058
0140
3990
022c
3e5c
3bd0
0048
03b8
006a
3dcc
00f8
3f80
000e
3ff4
0120
3d94
3fac
3ee0
016c
01ec
3f80
3fa2
3ff7
3fab
3fbe
3ffd
3fc1
0078
01f8
3e80
3f88
3f90
3ff8
0096
0018
007e
0024
3feb
0039
3e86
3f81
3f05
0034
0100
3f34
3f74
3f98
3fdc
0370
0188
00b8
3c90
3eac
0387
00bb
039c
3d5c
005b
0043
3f6c
0040
024c
00e4
3d20
3e60
3f58
3f08
0005
3fc5
0040
3ff9
00bf
3f3a
3ed4
3eec
3fe8
0055
3fd1
0084
3f8d
3f7f
000e
0089
0079
0010
0051
00b3
3f9e
013c
003c
0100
3f0c
00d0
3e3c
3f00
3cb4
01c4
0540
3cd4
04d6
0012
3f08
3edc
01a8
3fbc
3e18
0690
3de8
3fe8
0040
0084
0034
0050
007e
006c
0012
002c
002e
3ffe
0234
0130
0104
3f6c
0031
3f3b
3fd8
3ff5
3fe3
3f90
0001
3f8f
3fd4
0009
3fcb
3f98
0008
3f90
0028
0038
3ff0
05a0
3cd4
3dfc
0aa0
005c
0391
005f
3f7c
3e84
0079
3f5b
3c64
04a0
01cc
3e34
3cd0
016c
3f80
01ec
3f43
3f5e
3fe5
0013
0070
3fa3
3f84
3de8
019c
0015
008f
3f86
004f
00a7
3fa8
0009
008e
3f7b
0037
3fac
008b
3e54
3e88
3fcc
3fbc
0060
3f5c
3850
0300
3d90
3820
3f38
040f
0061
007c
3fe0
3efb
006d
0424
0770
3cb8
00a8
04d0
02a0
02f0
3fb0
0025
3fca
005b
0075
000e
0067
04c8
0224
02a4
3ef9
3f87
3f72
0047
007d
3fca
3f13
3fa2
3f71
3f91
3f46
004b
009c
00d8
3fc4
3df0
3ec8
3f28
04d0
0014
0094
01d0
0120
04fa
3eda
3fd0
0098
3fd0
0018
0180
0050
0144
028c
0010
3ebc
3d94
0128
0056
007a
3fdc
006c
3fe0
008c
0128
3fac
017c
3fde
001b
3fc3
3fee
3fb3
003b
3fda
0073
3f67
002a
3fe7
0043
3fa0
3f58
0048
3e4c
3f18
3f34
3e10
0070
3e48
3770
0344
02ed
3fe7
0154
000c
0033
0085
0154
3ee0
00e8
3fd0
0190
3fb0
0004
3fac
0093
3fc8
00cb
3fcd
003a
3f93
0084
3ee0
01a4
00af
00d0
3fdf
005d
008e
3fcf
0025
000b
001a
3ff3
3fcf
0024
007c
0054
0028
0190
01dc
3fb4
0550
3fc4
011c
0130
000c
0354
00a6
0244
3b64
00d4
3ffa
3e7c
3dd0
00fc
3fbc
3a20
0034
3e40
01f4
0002
0081
3f81
004a
00c7
3f83
01ac
00d8
00d4
3ff2
3fdc
0016
0000
003c
3fc4
3f5a
3fcf
3f8b
3fd0
3fe5
3feb
0034
3fe0
0054
3fec
00b4
3f38
0220
3d84
3fcc
01b0
014c
044a
3fa8
3f28
001c
0056
00bc
3f20
0270
00ec
023c
01a0
01c4
0150
0074
0012
0017
3ffb
3f2e
3fd7
3f57
3f14
3f9c
3f78
0098
003c
005c
008e
002e
0060
002c
3fc9
0063
3f2e
3fcd
3f61
0358
0194
01c4
3cd4
3e3c
3e98
0640
3ee0
3b78
3da0
3d70
037d
00cd
0254
02c8
001b
3f67
3e1c
0500
0000
3e08
38e0
0128
0054
00d4
00ed
0069
0084
3f33
3f65
3fce
0040
3ff4
004c
3fcd
0036
3f97
01a5
0148
005d
3fab
0052
3f59
3fd7
3fb4
0023
3e8c
3ff8
3e94
3da0
3ea4
3efc
3f40
3ed8
3ff8
3a30
01d0
0439
3fc5
3fb0
3dd0
00ed
3ffd
0310
3940
021c
0104
0170
3ff8
0208
3df0
3f53
3f4f
0004
00f7
3ff9
00fe
3f90
0078
3f18
0003
3ff5
000e
002b
003b
3ff0
0097
0051
0046
006f
0033
003c
3fa8
3fb0
3ff8
036c
0158
0214
3f90
3f10
3ee8
0150
004c
03b2
3ff8
3e28
3e6c
0020
0092
0190
02d0
00e8
0040
0990
02c8
015c
016c
3f60
3fd9
3f87
0032
001d
0015
3f9c
004c
3f50
00ae
0061
004d
00b8
00d9
3fdf
3f16
3f8c
3f8a
3f40
3fee
3f52
0128
0074
00b4
0018
3e2c
01ec
3b30
3ee4
3dcc
3b40
009c
0476
3fb8
02d8
3fb4
0104
00f6
0078
0250
0060
0100
3810
023c
0188
00b4
0066
3ffd
0069
3fbc
3fc3
3ff9
020c
0138
00d4
3faa
3fbf
3feb
0008
3ff9
000f
0012
3fac
0066
006c
0000
006c
0108
0040
00c8
3f60
0138
3e28
0140
3f9c
3cbc
3c10
3f44
0507
0129
0028
005c
3f5f
0061
3fa8
0300
3dfc
3fe4
0110
3da4
3f24
3e80
3fb5
3ffa
3fbb
3f91
3fde
3fb3
003c
00b8
3f84
3f57
3f99
3fbe
00c1
0047
007a
004d
0026
0027
3ff7
002a
3fcd
0210
00e0
0130
3f5c
3f20
003c
06a0
3d7c
02dc
08d0
3fbc
0416
3f3a
3d58
3cbc
016a
3f92
3d08
3da0
3fa4
3fe4
3d40
3fec
3f74
0078
0034
0030
0004
008c
00b6
3fd6
3e0c
3e94
3f78
3fa4
0020
3f84
0004
003a
3fca
00a8
0076
0032
0000
3f94
006c
0090
0050
0040
3f2c
001c
3f10
0450
3fc4
3e6c
3b40
3ee4
0524
00f6
3e84
000c
0008
0076
3fe4
0400
3e40
0180
0130
3e24
3f58
3ecc
0036
004b
3feb
3f76
3f9d
3fd9
01ec
00d0
011c
3fce
3fe2
3fec
00f4
002e
00c6
3f7e
0021
3f5d
3ef0
3f73
3f7d
014c
3fec
0160
3b90
3dd0
3dc0
0290
3f9c
0184
01a0
3f98
03e3
3fad
3f9c
0388
3ff1
3eab
3e5c
0370
3fa8
3fd0
0140
3d24
3d90
3f94
005d
0062
3ffb
3fdb
0018
3fc3
3fc0
3e90
0130
3f81
005c
3f25
00cf
006e
0061
008f
0075
001a
3fb5
0009
3fac
008c
3f8c
0100
3e90
3ee4
3fac
01d0
3ec4
3e2c
3e00
3ecc
0457
00b1
0228
3df4
0059
002f
3f58
3700
009c
00bc
0130
00e4
0078
006c
3ffd
3fce
002f
3fe3
0096
3f4d
3f44
0128
3e1c
00e1
007e
0063
3feb
3fd2
0019
005d
3fdb
0082
000b
3fb1
005a
3f78
0030
3f48
02fc
02fc
0000
3af0
3f50
03a0
0330
3f54
03ae
3fc0
3e34
3fa4
002c
3ed6
0104
03e0
3f74
3e7c
0160
0090
0080
0010
004a
0105
3f45
3f84
3f83
0001
0154
00f4
0060
3f4e
3ff1
3f5d
000c
3faf
005d
3f8e
3f48
0046
3ff0
3ff0
0000
02c4
00b4
0210
3f54
3f18
003c
3c90
3fa0
3fe8
3b50
017c
0480
00d6
3f98
3ecc
3f9a
0020
3ec0
3b50
002c
3e5c
04d0
3d48
3f5c
3dec
3fc8
3f61
0067
000a
001f
3feb
0114
01d4
3f40
007c
002b
0051
3f6e
3f6d
0001
3f28
3f32
3ff6
000e
0016
3ff8
01d0
3f54
027c
011c
0104
0018
0120
3d4c
3fe4
3c80
01a4
0419
3fa5
3eb4
3d44
0035
009d
0194
38e0
3edc
0164
3f60
3f8c
0128
3e64
3fd9
3fd3
0006
006d
3fed
0080
00fc
006c
0090
3fdd
3ffd
3fe0
3ff5
004f
3fa6
009b
0065
0036
3f0f
3f97
3f78
3fb4
01d4
3de0
3fdc
0098
3f44
0920
3c18
3fe8
0620
3dac
040f
002f
0090
3f6c
3fcb
3f6b
3eb8
00b0
3ef8
00e0
3ec0
0080
3f08
0178
0003
008b
3f78
3fbb
3ff7
3fc4
007c
3dfc
0280
001d
00d5
3f48
0055
3fd1
0084
002d
0057
3fd6
3fe5
0067
3f7e
3f28
3e9c
008c
0018
3fd4
0044
3e80
0044
3e6c
3cb0
3fb8
040c
3ff2
3f78
0188
0008
3f1a
3e90
3c10
3fa0
3f00
01c0
3fbc
0010
3fac
3fba
0003
3fb7
3ff2
3fa9
0049
01b8
0120
0098
3f6c
3fc8
3fa4
3ef2
3f84
3f6e
009c
0021
007b
009a
0047
0053
3fb8
00b4
3f04
0230
0150
00e0
3fe0
3e18
3fb0
3e80
00a4
04bf
3f41
002c
0094
008d
002b
0064
3ed0
00d8
0040
3e10
0120
006c
00b4
3fdb
002c
3faf
002d
3fd0
005d
3e3c
0084
3db8
0061
0056
000b
3f9b
3fce
3fcd
004b
0011
003a
3ff9
3fa3
0056
3f04
3ff0
3f14
3ea0
3f64
3f3c
0620
00d0
3e30
0260
3f4c
0303
013b
0040
3fbc
3f75
3fe5
0058
0220
0258
3e78
3cf0
3f98
3f18
0080
3f77
3fcd
3faa
0119
009f
007a
3cd4
3ddc
3ef8
01b7
00da
00dd
005b
005a
0001
00df
00aa
0035
000f
3fda
0035
3e78
002c
3e4c
00c8
0128
3fa0
3890
02d4
014c
3c40
01d8
0344
3f8c
0238
0100
3fd6
0062
0038
0270
3ef8
3eb8
02c0
3f14
0048
3ecc
3ff0
3f3a
00b6
3fda
001a
3fc0
0330
0254
00dc
3ee2
3f05
3fdd
005e
0033
002b
3f44
3f8d
3fb7
0090
006b
0025
0338
01a8
0190
00a8
00c0
3fe8
0310
3ec4
3fb4
02b0
3ec4
04be
0032
3eb0
3cbc
007a
006e
3e58
0720
3fb4
3dfc
39c0
3ffc
3fbc
0040
0090
006a
0026
0044
0066
3fde
0064
3f00
0164
00ac
3fe2
00ca
3fbc
000e
3fae
3f36
0044
3ef2
3f5e
3f90
3fce
3df8
3fb4
3e44
3e54
3f00
3f54
08b0
3d9c
3d84
0150
3fc4
04c3
008d
0078
3e8c
00db
3f99
3f10
3e00
3e10
3ff0
08d0
005c
3f88
00d4
3ef9
3f8c
3f6d
0039
0042
3ff7
3e2c
3e68
3fc4
3fb1
001f
3f92
005f
3fdb
0084
002d
3ffa
0033
0043
00a4
3f9f
0360
0094
02cc
0288
0130
0158
0540
3f80
3e78
3f10
0000
042d
00d1
0274
3ff0
3fd7
000f
3ec4
3f40
012c
3fec
3780
3fa0
006c
3f34
0043
3fab
0098
001d
3feb
0032
3e60
3da0
00c0
0025
003a
3feb
0065
0084
3fe1
0049
004a
3fff
0019
3f68
00b1
3f64
3f9c
3fc8
3ec4
017c
3d48
00c0
3f34
3dcc
3f20
0080
04ca
3fe8
0000
3e88
0070
3f7e
3ee8
0160
3e5c
3c94
0050
3fcc
3f20
00ac
3f92
3fc7
3fcb
0050
0045
000b
0280
0004
027c
3ff6
006b
3f8b
0048
00b9
3f8f
3ece
3f8a
3f44
0054
008e
3fc6
3ee8
3e9c
004c
018c
0030
015c
04c0
0014
3e3c
3bb0
000c
03d3
00d3
3ff0
3e4c
3ff1
0015
0038
0170
0010
0020
3e10
3ed4
3f10
3fc4
3fbf
3ff7
3fc8
0115
00a7
006e
0334
01dc
0158
3fc3
3fe8
3fdb
3ff3
3f4e
00a5
3f65
3fe0
3f85
0031
0016
001b
3ed8
3fa4
3f34
0070
0038
0038
3880
01fc
3ddc
3590
0210
037f
012b
005c
0240
0037
3fd7
00ec
0190
0244
3dc4
3de0
3fb4
00dc
3ed8
3e91
3ee5
3fac
0081
0013
006e
3e40
3e70
3fd0
006d
3fe5
0088
002d
005f
3fce
00f5
00d5
0020
3ffd
0003
3ffa
00b4
0234
3e80
008c
00cc
3fc0
0500
3ea8
0070
3ef0
0270
047e
0028
3f3c
0018
3fdc
3f72
3f24
3570
00f0
01a8
0aa0
3d90
3db4
3fdc
3fe6
3fb7
002f
004c
001b
0031
3eb0
3fa4
3f0c
00e0
0061
007f
000e
3fbd
0051
3faa
3fd0
3fda
01bc
0156
0066
02d4
3f90
0344
0308
0154
01b4
01c0
3db0
0120
03f0
3e6c
0540
0026
0164
0144
3fd4
3f96
3e8c
0210
3c78
0070
0320
01e0
0020
01c0
3ff8
3f9f
0059
3efc
3fdd
3f1f
00c4
0008
00bc
3fc8
002e
3f9a
006e
0076
3ff8
3f3a
3fd9
3f61
005c
006f
3fed
0154
3f18
023c
3fe8
3ffc
3fec
03e0
0000
3d98
3b80
3eac
0347
3f9b
0150
0034
3f7b
0087
0290
3a00
0114
0084
0340
3dc8
3f7c
3e4c
0007
3fef
0018
00af
0043
006c
3d5c
3e40
3f1c
00bd
00ab
0012
0035
0047
3fee
004d
3fab
00a2
0021
0017
000a
0238
0038
0200
01bc
0264
3f58
3c90
3fbc
3d74
36d0
0128
03e0
011a
0184
3fa0
0086
00f0
002c
3b90
0228
3ec0
3cf0
007c
0178
3f04
3ff4
0025
3fcf
3f0e
3f87
3f87
0010
001c
3ff4
3fa0
3f75
002b
3ff6
0023
3fd3
0058
000e
004a
3f0e
3fe6
3f28
036c
02f0
007c
3fe8
3fcc
001c
0390
01c8
00e8
3950
3e1c
0468
3ff8
3ff4
3d74
3f44
3ff8
03f4
05a0
3da8
0108
08e0
3df0
3df8
3ff8
017c
0090
00ec
017c
00fe
007e
0174
0000
0174
3f4a
3fe4
3f66
0002
3fe2
0020
3fa0
3f92
000e
0074
0074
0000
0304
015c
01a8
3fa8
0040
3f68
0140
0228
3eb0
3c40
01a0
0377
3fe3
3df4
3cd0
00a7
0007
3d0c
0110
00d4
02ac
3d70
3f40
3efc
0044
3f47
3fb5
3f92
001b
005f
3fbc
00f0
0070
0080
00a1
3fe9
00b8
0045
000f
0036
3f13
3f61
3fb2
3fab
0027
3f84
3f94
0098
3efc
3fc4
3ed0
00f4
0000
0014
021c
0a80
02ec
03be
3ed4
3e68
3f4c
0016
3f68
3ff8
3580
04c8
0108
00d0
01e4
3f40
02a4
3f72
3f93
3fdf
3fc6
3fb9
000d
3e9c
3f7c
3f20
00c4
3fca
00fa
3f96
3fde
3fb8
3fe6
008b
3f5b
0068
0021
0047
3b58
3df0
3d68
00c0
3fc0
0100
3e20
3fa8
3e80
0260
3e8c
0493
0069
3f14
01dc
3ff9
3ff7
00dc
02c0
3c58
3ea0
05f0
0108
0044
00c4
0053
3fde
0075
3f41
3f90
3fb1
0094
0164
3f30
3f39
3fe6
3f53
3fe3
0024
3fbf
0055
3fef
0066
009f
0033
006c
014c
0090
00bc
3fe8
006c
3f7c
3f80
3f98
3f88
3ae0
3dcc
03b0
0062
0364
010c
3fa6
00d8
024c
0590
002c
3f7c
3c90
3d68
3f90
3dd8
011e
0079
00a5
000c
3fff
000d
0314
0224
00f0
3fee
3fdb
0013
3f18
3f95
3f83
0018
3ffc
001c
3fde
3fe4
3ffa
009c
3fb0
00ec
3ed4
0004
3ed0
04c0
3e0c
00f4
06e0
3e7c
04fe
00aa
3de0
015c
3fae
3f46
3f28
0430
3e48
3da0
0130
3dc4
3e10
3fb4
3fde
0060
3f7e
3f92
3fea
3fa8
3fcc
3f04
00c8
0022
0026
3ffc
0022
3fa8
007a
0074
009c
3fd8
3f60
3f8e
3fd2
3eb8
3e34
0084
3eb0
3f8c
3f24
0a10
3e9c
000c
0580
0030
0429
3f0f
3cec
3ee8
00dd
3f73
004c
0410
0124
3f2c
3e80
3e7c
3e0c
0070
3fd9
005e
3f7b
017d
009a
00e3
3e58
3da4
00b4
0099
0017
0082
0093
004d
0046
008d
0096
3ff7
3fab
0032
3f79
3f8c
0194
3df8
007c
3f08
0174
01d0
00f4
3de4
3c50
3e94
03c6
008a
000c
3ec4
3f90
0190
01b4
3c10
00e4
01b4
3e90
00e4
01e4
3f00
0004
3ff4
0010
3f76
3fb0
3fc6
3ea4
0024
3e80
3fe4
3fdb
0009
003c
0001
003b
0078
3fcb
00ad
3f88
3f45
0043
001c
3f90
008c
3fdc
01dc
3e00
3e20
3f78
3fc8
3eb0
3de4
0546
3f42
3f8c
00e4
3fb0
3f88
0184
0280
3e60
3f40
0730
3da0
3f10
3e90
00ae
002c
0082
00a0
0084
001c
033c
0234
0108
3eea
3f3b
3faf
3fc6
3fe5
3fe1
3f88
3fc1
3fc7
3f78
0057
3f21
01cc
00a8
0124
0080
3f88
00f8
3ec0
3fb0
3fe8
0910
3fe0
03fe
004a
3e78
0088
0052
3fa2
3fb8
3930
0418
3f80
38c0
0400
0194
026c
3e8a
3f22
3f68
3f5a
3f84
3fd6
3d78
3f54
3e24
004e
3fe2
006c
0082
005c
0026
0038
0020
0018
0004
3fd6
002e
3f28
3fb0
3f78
0058
0074
3fe4
0930
0000
3ea8
0650
3fc0
02cf
001d
0038
3e40
3f9f
3f45
3d10
3910
0138
0010
3990
3e80
3e1c
0064
3fe7
000c
3fdb
0097
00a4
3ff3
3c50
3e50
3e00
007f
0047
0038
0041
0061
3fe0
0153
009a
00b9
3f99
001e
3f7b
3fa8
0144
3e64
3ff0
0194
3e5c
3de0
3fa0
0008
0070
3ee0
0424
3fd0
007c
00c0
3f74
0078
01fc
0b50
3e38
3ff8
00b0
3f28
0034
3ef4
002e
009e
3f90
3ff2
3f92
0060
0380
0218
0168
0006
002c
3fda
3fce
3f94
003a
3f8c
3fb6
3fd6
3ef8
3fb2
3f46
3e64
3f14
3f50
3f10
3db0
0160
3e80
00dc
3dfc
02e0
0264
0329
3fe1
3d00
3f74
3f11
0075
0080
3bf0
3e88
3f98
0410
0104
00cc
0038
3ec9
3fab
3f1e
00d1
0075
005c
0094
3f7c
0118
0029
000f
001a
0009
009d
3f6c
003f
0009
0036
0057
006b
3fec
0098
00d0
3fc8
0360
0160
0200
0820
3fbc
3ccc
36d0
3e14
0465
00f1
02c8
012c
00b5
000d
3ef0
0540
3f88
0038
3a80
3e94
3ec4
3fd0
0087
0011
0076
3f6f
3fcf
3fa0
3f14
3e58
00bc
3ea1
3f2d
3f74
00d1
00af
0022
00d5
00b7
001e
3fb1
3fb9
3ff8
0270
02a4
3fcc
3fc8
00d8
3ef0
3a90
02b0
0038
07a0
00b8
0428
3fe8
3c18
3fa0
009a
3f52
3d28
3e10
0038
3dd8
3a60
0278
0104
0174
3fac
3fcc
3fe0
3f96
0022
3f74
0208
0214
3ff4
3f7a
3fb1
3fc9
3ff6
004d
3fa9
3ede
3f23
3fbb
005a
3fe3
0077
0028
3ff0
0038
00e0
0190
3f50
0670
3c3c
022c
02e0
00b8
045d
3fb7
3f7c
3f10
0037
3f09
001c
0260
3d4c
3e44
0150
3ebc
3e7c
0040
3f1d
3f9a
3f83
007b
0088
3ff3
00f8
3f04
01f4
0041
00a8
3f99
006b
0062
0009
3f89
3fbf
3fca
3f23
3fc3
3f60
00cc
00bc
0010
0234
0088
01ac
00a0
01e8
3ef0
37a0
3eb4
04a3
3fd1
006c
3de4
3fc1
007b
3f64
3be0
01dc
023c
39c0
3e30
3fdc
3e54
00b5
0054
0061
00bb
0070
004b
3e8c
3fac
3ee0
3fd5
3fa2
0033
0063
3fee
0075
00a5
0097
000e
3faf
3ffd
3fb2
3fec
00f0
3efc
3f7c
004c
3f30
3b90
3e00
0178
09c0
0170
04e3
3f45
3c1c
00f0
0047
3f35
3e7c
3e30
3d40
0130
0830
0128
013c
3fec
3ef7
3f6c
3f8b
005b
3fc6
0095
3f48
3f28
0020
3fb9
000d
3fac
002b
3ff9
0032
00df
0056
0089
004d
0028
0025
007c
001c
0060
0088
0040
0048
0190
01d8
0198
0170
019c
0473
3f8d
3fdc
3d54
3ee3
0011
3f8c
3940
3e7c
002c
0270
3f68
3e80
00e8
3f5d
3f86
3fd7
00e1
0074
006d
0004
00f8
3f0c
3fbd
3fc9
3ff4
3fd3
3f6d
0066
00f5
00a8
004d
0037
000e
0029
3fc4
3fd4
3ff0
0084
005c
0028
3f40
3f54
001c
0580
00a0
041d
3fdf
005c
0280
3f2f
3fb1
3fa4
07a0
3ad4
3fdc
02d0
0204
0170
0094
3f81
3f34
004d
3f5f
3fae
3fb1
0380
0128
0258
3fa3
00aa
3ef9
3fa1
3fd0
3fd1
3ed7
3f65
3f72
0039
0021
0018
3e04
3cb0
0154
3fa4
3fc8
3fdc
0090
3d50
0070
0230
3f74
0416
3f82
3d60
3e7c
0076
00a2
0018
3d30
3fec
0314
0590
02d0
0190
0140
3f64
0012
3f52
3f58
3f9e
3fba
012c
00c0
006c
0088
005a
002e
0074
000e
0066
0046
3ff0
0056
3f5a
3f38
0022
00c8
01b4
3f14
3f74
3f48
002c
0330
00f8
00f8
3c90
0130
02fb
3ff3
0580
0030
0025
3ec9
3e18
02f0
3fc8
3f88
3920
3fd8
0080
3f58
000b
3f6d
009e
3ff5
0015
3fe0
0000
3f30
00d0
3fa3
3ff8
3fab
006b
002a
0041
3fd5
001e
3fb7
3f25
3fa0
3f85
0028
3ffc
002c
3eb0
0040
3e70
3970
0040
0138
0370
00bc
0365
3f55
3e80
00e4
0073
0003
0018
00c0
00b8
0148
3f00
3fe0
3f84
005c
0011
0049
3fc8
00b3
3ff7
00bc
024c
0120
012c
3ff9
0000
3ff9
0069
0024
0045
3f2d
3f82
3fab
004d
0002
004b
0040
3ebc
0184
00c8
0070
0058
0340
3fe0
3fe8
02e0
00d8
03f3
0143
3f9c
3ec8
00fd
3fbd
3de4
0210
0310
3e68
37d0
3e98
3f24
3f74
3fc3
3fe9
3fda
0021
0037
3fea
3ec0
0058
3e68
0061
3fd6
008b
0031
3fb2
007f
0169
005a
010f
3f5d
3fae
3faf
0014
01b0
3e64
3f08
3f5c
3fac
0040
0074
3f0c
0170
0168
0307
00a7
00d0
0078
0041
3fb9
3f90
3ad0
0140
3e88
0650
3e6c
3fc8
3ea4
3fa9
3f87
0022
00c3
001d
00a6
3f68
3ee8
0080
3f65
3fc4
3fa1
0019
0070
3fa9
3fc7
3fa2
0025
000f
3fca
0045
0278
00a8
01d0
03e8
01b4
0234
3e30
0018
01a8
03c0
008c
03c5
0039
3fd4
00b4
3fad
3fc1
013c
0360
3f90
0000
0570
3e88
3fa8
3ee0
3f0f
3fa1
3f6e
00bf
0025
009a
3e4c
3e18
0034
0067
0063
0004
3fdb
3ff3
3fe8
0121
0093
008e
0045
003b
000a
3f54
3f50
0004
0100
3fc8
0138
0480
3f3c
005c
0180
3d58
046f
0043
0104
0108
0089
3ef5
3dcc
03a0
3e50
3e90
0300
0324
0174
01b0
3f4f
3fb1
3f9e
3f29
3f4b
3fde
01c0
0008
01b8
3ef5
3fb4
3f41
3fb1
0034
3f7d
3fbd
3f8a
0033
00d1
0092
003f
01cc
0098
0134
02b0
0000
02b0
0450
0300
3f38
35d0
3f20
037a
00a4
0070
3fe0
0062
3fcc
0358
0290
3efc
3dc4
0250
3e68
3e6c
3ffc
0076
005d
0019
00ce
0029
00a5
3ff8
3f18
00e0
3f8c
3faa
3fe2
3f72
3fa0
3fd2
3ff8
0017
3fe1
00d2
007b
0057
0088
003c
004c
01bc
0078
0144
0310
3fe8
0078
3c90
3df0
0432
00ac
3f3c
3f00
005c
003e
0184
00e0
3fb4
3ecc
02d0
3ee0
3e90
0050
3f7c
000f
3f6d
0086
0091
3ff5
3f50
0120
3e30
000a
3f9d
006d
0040
002b
0015
003c
0030
000c
004e
001c
0032
020c
0168
00a4
0124
0128
3ffc
3d60
00f8
3f28
0260
01b4
03c2
3f24
3e8c
03ac
3f48
3fb2
01dc
0090
3f0c
3f74
0560
03d8
0188
0250
3fa6
0035
3f71
3fb4
3f77
003d
3fdc
0040
3f9c
3f74
3ff5
3f7f
0096
006b
002b
3fc4
0018
3fac
3ffa
3fa4
0056
015c
003c
0120
00ec
3fa0
014c
0450
015c
3e54
3aa0
3f98
0380
00ba
01d0
3ee8
3fb8
3f9e
3fc8
0000
0208
3f28
3f60
3d0c
3e30
3edc
0076
001d
0059
0006
005b
3fab
3ed8
3f38
3fa0
007a
0026
0054
0068
00be
3faa
3f86
001d
3f69
001c
007f
3f9d
0008
3ec4
0144
3f88
3ea8
00e0
0590
3eb4
3ddc
0120
3f9c
0418
00a6
3df8
3fa4
002a
008c
3f18
0910
3ff8
3c98
3bf0
0134
0080
00b4
3f5e
3fbb
3fa3
3e94
3f3f
3f55
001c
3ed8
0144
007e
0025
0059
3f48
0019
3f2f
003e
003c
0002
3f70
3fda
3f96
3e88
0108
3d80
3d80
3e90
3ef0
03a0
0018
3fb0
0390
3e80
04cc
3f8a
3c14
3ea8
005a
3fe4
3ef4
3cc0
3e80
0118
3e20
3e88
3eac
3fdc
3f6a
0027
3f43
004c
3fe3
0069
3cf8
0004
3cf4
3fea
3fd7
0013
0110
0083
008d
00da
00a8
0032
0070
3fe2
008e
3f04
000c
3ef8
3fc8
3f74
0054
3ac0
0450
3f58
3800
00a0
0360
0088
3fd0
01b8
3e58
3fd4
0240
0bc0
3e84
3d04
3a10
3e98
3fdc
3ebc
3ffe
3fbc
0042
3fe6
000e
3fd8
0330
0154
01dc
3faa
3faa
0000
3f46
3fd4
3f72
005a
0034
0026
3f7e
3f9a
3fe4
3fe0
0138
3ea8
3da4
3f54
3e50
3e10
02b0
0020
0020
0038
03fd
0029
0004
03b0
3f13
3f03
3e8c
01d0
00ac
3e24
3bc0
3f48
0050
3ef8
0087
3ff7
0090
0095
0057
003e
3ec0
000c
3eb4
002b
3fae
007d
000b
3ff4
0017
0037
0052
3fe5
0057
3fb8
009f
3d84
3f88
3dfc
0174
0170
0004
3370
3e8c
03dc
3f70
0214
02fe
3f52
014c
018c
0084
3ea4
013c
0450
00d0
3eb0
3d60
00bc
016c
3f50
0036
3fde
0058
007c
000e
006e
0314
0180
0194
3f72
0029
3f49
3f3e
3f77
3fc7
3f9c
3fe9
3fb3
00b8
003f
0079
3dfc
3de4
0018
0180
0078
0108
0520
0004
3e0c
3570
3bf8
0443
00bf
034c
01b0
3f7d
009d
023c
0d20
3ccc
3e34
0010
3df4
3f68
3e8c
0177
00cf
00a8
3fe1
3f93
004e
0068
3fe4
0084
3fe7
004c
3f9b
3fbf
3f8e
0031
0009
3f8a
007f
00b1
00c4
3fed
00ac
3fb4
00f8
3eac
3f58
3f54
3f50
3f6c
00bc
0520
02a0
0406
3f7c
0018
0010
00d8
3ffe
3e10
3b00
3e70
3f98
3fa0
3e9c
3e2c
0070
0000
3fad
0053
004a
0033
0017
3f28
3f80
3fa8
3f6a
0013
3f57
3f64
3f71
3ff3
00e0
00e8
3ff8
0016
3fe8
002e
3fc8
3ed4
00f4
0058
0154
3f04
3ff0
01f8
3f58
3a40
3f4c
031f
3fd3
0178
3bc4
003f
0073
0260
3d40
01d8
3ed0
3e10
3f88
3e80
0108
00cb
006d
005e
00d7
0105
3fd2
00a4
00b8
3fec
009b
3fc9
00d2
3fe7
0021
3fc6
3edf
3fb5
3f2a
0003
003d
3fc6
3f00
3f3c
3fc4
3f38
3ebc
007c
3b00
0014
041c
0810
00ac
031e
3fe0
3f80
006c
0008
3ed2
0048
3af0
0094
00cc
0510
018c
0140
004c
3f60
3f89
3fd7
003a
3faf
008b
3fac
008c
3f20
0018
003d
3fdb
3fb6
3f8b
002b
3f86
3fde
3fa8
004c
0036
0016
3f30
3e04
012c
3f94
3f60
0034
3f90
0084
3ea4
3870
3fac
03f3
0071
02f0
3cc4
0099
018b
0128
3a70
3d94
0184
01e0
008c
0154
3f38
0053
3ffa
0059
006d
3ffe
006f
0014
3fd8
003c
3f21
3f9a
3f87
0037
0046
3ff1
3f23
3fa3
3f80
0025
3fc9
005c
0148
00bc
008c
0074
0064
0010
0110
3ff8
3e20
38e0
0054
039a
0044
00d4
3fdc
3f7a
3fcc
019c
0210
3e74
3f4c
01b0
3e98
3df4
00a4
3fc4
3fb5
000f
00f4
0091
0063
000c
0010
3ffc
0030
004e
3fe2
002a
0054
3fd6
3fe2
0061
3f81
0004
007d
3f87
01b4
0158
005c
022c
0090
019c
04c0
007c
3d24
3900
3ed0
03a7
0047
3f1c
00c8
3fdf
009f
013c
02c0
0098
3f90
3970
3cf4
3eb8
3e3c
002b
0071
3fba
3f93
3f7d
0016
3f58
3f6c
3fec
3fcf
3fb7
0018
0047
006f
3fd8
006b
009d
3fce
3f1f
3f99
3f86
3f34
0194
3da0
3d50
3f0c
3e44
0410
3fe4
00bc
04d0
0034
03f7
0093
3f30
01cc
3e77
3ef3
3f70
00e0
0024
002c
3cb0
01a4
3ff8
01ac
3f37
3ffd
3f3a
0003
3fe1
0022
003c
3f68
00d4
008f
0047
0048
3f6b
3fb7
3fb4
3fbb
3f8f
002c
3f97
3f9b
3ffc
3f38
3fa8
3f90
0074
0018
005c
3f80
0214
3eac
3990
3fa8
03f3
002d
3e18
0120
3ffd
3f53
0030
0310
3dfc
0164
0b00
3f2c
3eb0
007c
3ef5
3f86
3f6f
009b
002e
006d
00e8
01b4
3f34
3f81
3f96
3feb
3fd7
3f9e
0039
3fa9
3ff9
3fb0
0053
0057
3ffc
0210
010c
0104
019c
0048
0154
0730
3ee4
012c
0040
3e80
04a0
3ff4
3ddc
3ea8
0074
3f8c
3f14
3cf0
3d80
0060
3f60
3d8c
3eb8
3ed4
3f24
3fcc
3f58
3ffc
0036
3fc6
3f58
002c
3f2c
3fb0
0028
3f88
3f8c
3f36
0056
0176
00ae
00c8
001a
0018
0002
0174
00c0
00b4
0148
01f8
3f50
0680
3d90
3e28
0840
3e78
0545
00c1
3fdc
3f40
3fe3
3f33
3e04
0290
3ef4
3ba4
3bb0
0278
0044
0234
003d
006b
3fd2
0033
002b
0008
0058
3f8c
00cc
3fc5
3fa6
001f
0061
0048
0019
3eff
3f88
3f77
3fdf
3fb6
0029
001c
3f20
00fc
3f8c
3f54
0038
0340
3e34
0054
0430
3ff0
03f8
0026
0078
3ef8
0058
0062
0080
3f00
00d4
00ec
3d50
00ec
3fb4
0138
3fd0
3f95
003b
3fe0
0027
3fb9
3d38
3cec
004c
00bc
0086
0036
0146
0072
00d4
004a
0091
3fb9
0004
3ff7
000d
0068
009c
3fcc
009c
01b0
3eec
03e0
3ee4
3e64
0040
3db4
0462
3f8c
001c
3ed4
0006
012c
00dc
3c50
3fb4
0244
3e50
00c4
00ec
3fd8
00f4
00c9
002b
0004
3ffb
0009
3ef4
3f64
3f90
000c
0040
3fcc
0072
00cc
3fa6
3ff8
3faf
0049
3f1a
3fd1
3f49
3f44
002c
3f18
3da4
3f34
3e70
3ed0
0334
01fc
3920
01fc
02ec
0002
00dc
3df4
3fe8
3ebe
0134
3ce0
0294
3fb4
02c0
3fdc
3f80
005c
3fd0
3fab
0025
00cc
005f
006d
3f1c
3fc0
3f5c
0098
003e
005a
005e
3fb8
00a6
3f78
3fb9
3fbf
0076
002d
0049
015c
3fc8
0194
0054
3f64
00f0
3ef0
3f88
0030
0120
3fd0
04e9
3f4f
3d4c
3f18
0033
00e9
001c
3be0
3e64
00ec
03e0
01b0
3fcc
01e4
3f6f
3ff4
3f7b
3f79
3fd2
3fa7
3f98
0064
3f34
3f61
3fe4
3f7d
0017
0056
3fc1
003b
0093
3fa8
0065
005b
000a
003c
0184
3eb8
0274
0100
0174
0650
3f24
008c
0040
0008
0445
3f0f
0024
01a0
3f23
0039
0274
0900
3e48
0028
0390
3e24
3e48
3fdc
012b
00f4
0037
003d
0014
0029
3e98
3de4
00b4
0141
00da
0067
3fe7
3fd2
0015
00d9
0079
0060
0023
0033
3ff0
3ecc
3ebc
0010
3e58
3f18
3f40
3c90
01c0
0168
0560
0094
048a
3fa4
3e74
3f9c
002e
0024
3c9c
39a0
00cc
0264
0580
0020
3f94
008c
3fc8
3fc7
0001
3f1c
3fed
3f2f
3f44
3f40
0004
0018
3faa
006e
0036
000a
002c
3ff4
006d
3f87
3fd2
005b
3f77
00fc
00e0
001c
004c
0030
001c
0060
3d40
0288
0780
3fb0
0449
3fbf
3e7c
0210
001b
3eb5
3cc4
06f0
0080
3db8
35b0
3ec0
3f44
3f7c
3fdd
000c
3fd1
3f9f
004c
3f53
3fb8
3ff8
3fc0
00ef
009a
0055
0011
3fba
0057
00a5
0047
005e
3fa3
0019
3f8a
3d44
3ed0
3e74
3e30
3f44
3eec
0570
3df8
00a0
04e0
3f44
03dc
00c0
3e8c
3ed4
3fa8
3fa4
0074
3f60
0048
3d60
3d20
0038
0054
3fe4
0082
007c
0006
00ae
0048
0066
3cec
3eb4
3e38
0036
0050
3fe6
001a
0000
001a
3fdc
3f9c
0040
00b8
3fec
00cc
3edc
3e98
0044
0078
3f9c
00dc
3e10
004c
0044
39b0
0138
037b
3f83
014c
3f68
3f05
3fc9
01a4
0750
3d4c
3f74
3bb0
3dbc
3ec8
3ef4
3fe5
3f9b
004a
00a7
00a7
0000
02c0
00b8
0208
0017
0082
3f95
3f4f
3f6c
3fe3
3fd7
3fba
001d
00b7
00a8
000f
3eac
3f28
3f84
002c
0110
3f1c
0530
00ec
3dd4
3db0
3bd4
043c
00c0
0110
3e0c
3fd6
007e
0220
0650
3ea8
3ff8
0130
0164
0060
0104
00a6
005a
004c
0138
0072
00c6
3ef4
0070
3e84
3ef6
3fc3
3f33
0112
007d
0095
3ff2
3fa5
004d
0046
3f97
00af
01d8
01b8
0020
3fe8
3f38
00b0
0710
3f88
3dc8
3a30
0090
042a
3fbe
3e40
3ed8
00e6
004a
0068
0170
3fd0
0090
04f0
3fd0
3f50
0080
3fa6
3f84
0022
3fca
3ffc
3fce
3f08
3f1c
3fec
3f9e
0042
3f5c
002a
001a
0010
3fee
0034
3fba
0042
003c
0006
00c8
003c
008c
0010
3f00
0110
3680
014c
0394
07c0
3fec
039a
0078
0020
03a4
3fa0
3faa
3ce0
02a0
013c
0084
3ad0
017c
0110
006c
3fa2
3feb
3fb7
3ed0
3f73
3f5d
00ac
00b8
3ff4
3fb6
3fad
0009
3f6c
3f31
003b
00e8
00c6
0022
3ffe
3fa8
0056
3f70
3ff0
3f80
3ecc
3f88
3f44
01e0
00c8
0188
0300
001c
03ca
3fd4
3d6c
3ffc
001c
004a
009c
3800
0248
0168
0060
00b0
3fc0
00f0
3f40
001b
3f25
3f42
3fbb
3f87
00ac
0184
3f28
3fbe
3f7d
0041
3f9c
3fa5
3ff7
3fde
0044
3f9a
3f04
3f52
3fb2
3fc4
0124
3ea0
3ef8
3ed8
0020
02b0
3ea8
0010
3ca0
3e9c
040d
0095
00a0
004c
3edb
3fbb
0260
0690
3c24
3f84
3f00
3ef8
3f54
3fa4
3fe1
3fb7
002a
0077
0059
001e
02dc
009c
0240
3fa3
0006
3f9d
3f57
3fb6
3fa1
3f97
0036
3f61
0027
003a
3fed
3ed8
3ff0
3ee8
3ea4
3f14
3f90
3e50
0064
011c
0490
3e68
03d5
3f73
3f00
02d8
3f83
3fa9
0008
03b0
3f64
3fcc
0650
0144
0178
3fcc
001f
0052
3fcd
3ea5
3f00
3fa5
00f0
0060
0090
3f7b
3f9a
3fe1
3ffd
0010
3fed
3ee9
3f55
3f94
00db
00cd
000e
0140
3f1c
0224
3e84
3e00
0084
04f0
3e24
3f0c
04b0
3e30
03ae
3fb4
0094
0078
3fb8
00f6
0064
04f0
0248
00f0
3cc0
01a4
0070
0134
0060
003d
0023
3fea
3fff
3feb
0058
0134
3f24
014c
007d
00cf
3f9a
3f97
0003
3fb2
3fb8
3ffa
3f6c
3f50
001c
3f9c
3f7c
0020
3e10
3ebc
3f54
0590
3f64
3fe4
0190
3e68
03e4
0024
3ff8
3f70
0020
3fe0
3e38
0440
3f68
3fb8
0240
01f4
00dc
0118
008c
004c
0040
0058
0034
0024
3ee0
3ee4
3ffc
3f3c
3fde
3f5e
00c4
009e
0026
3f60
3f9e
3fc2
00c8
003a
008e
0180
0030
0150
3e50
3e50
0000
3f30
3e34
000c
06c0
0194
0383
0031
014c
3f74
00d3
00b5
00dc
0140
024c
3e7c
3770
01bc
0058
0164
003d
0042
3ffb
0065
0040
0025
3ebc
0074
3e48
0047
001b
002c
0009
001b
3fee
3ea7
3f30
3f77
0099
003a
005f
3e14
3f1c
3ef8
3f2c
3ea4
0088
3df0
0104
0234
3e80
3f8c
03a4
008c
0110
0074
3f72
3f36
3ee0
0050
3d48
0038
02b0
3e24
3e44
3fe0
009c
00b6
3fe6
002a
0022
0008
3f24
3e18
010c
3f6a
0003
3f67
008a
0055
0035
00bc
002d
008f
3ff4
0057
3f9d
0408
01f0
0218
3ef0
3f18
3fd8
0370
0154
3fb4
0230
3eac
0373
007d
0270
3ebc
3f75
00cf
0238
3db0
3fb8
0188
02d0
014c
3fd4
0178
0021
003e
3fe3
0037
3fd8
005f
3e74
3eac
3fc8
00ed
007a
0073
011b
00b0
006b
004f
0099
3fb6
3fdd
3fad
0030
3f30
3f3c
3ff4
3f68
00a0
3ec8
3fb0
0144
0174
01f0
01c8
0474
000a
3cc8
0090
3f8c
0026
02e8
3e10
3de4
032c
0780
3f3c
3ebc
0080
3e96
3f6b
3f2b
00b2
009d
0015
00a8
0264
3e44
3efe
3f54
3faa
3fe4
3f6c
0078
3ff2
0009
3fe9
3f98
3f7f
0019
0040
3fe8
0058
00cc
00c0
000c
3560
3fb4
0244
3f30
0204
0427
3fa7
3f70
0224
3f9d
0015
01f8
3b50
02ec
0064
0250
0034
0164
3ed0
3f3f
3f85
3fba
0059
3f8b
00ce
3f2c
008c
3ea0
002d
3fe6
0047
3fcd
3fae
001f
0051
3ffe
0053
00ad
001e
008f
3f70
3e64
010c
01a4
00a8
00fc
04d0
014c
3dd4
3c10
0044
0362
006a
006c
0064
0006
002e
3d6c
3cf0
02a4
3fa4
3be0
3f44
0090
3eb4
000a
0024
3fe6
3f9e
0004
3f9a
3e6c
3ed4
3f98
003e
3fa4
009a
0142
0070
00d2
0092
0020
0072
3f5a
3f9c
3fbe
00d4
014c
3f88
3fdc
0054
3f88
0140
0244
01ac
3fc0
01f0
039f
0019
3e5c
3f58
3fa5
009f
00a4
3db0
0014
0054
04a0
00fc
3f98
0164
3eff
3fd4
3f2b
3f7d
3fce
3faf
0000
000c
3ff4
3fe7
3fae
0039
003d
3f48
00f5
3fa3
0015
3f8e
3fa9
3fad
3ffc
019c
3fa8
01f4
3e94
3eec
3fa8
3c50
0000
03b8
02a0
0070
03da
0028
01b0
0050
0028
3f5a
3e38
0440
3e18
3e30
0390
00e8
0124
3fc4
0014
0009
000b
3faa
3f91
0019
0040
3f88
00b8
3fd6
0037
3f9f
3ed4
3f43
3f91
0092
002e
0064
3fd0
3ff4
3fdc
0080
00ec
3f94
0098
3f74
0124
0660
003c
3ea4
0500
01b8
035e
00dc
00cc
3bc8
00de
3fc4
3db4
3eb0
00bc
3dfc
3810
0154
3f60
01f4
3fa2
3f83
001f
00d6
00c3
0013
01b0
00c8
00e8
3f50
3f98
3fb8
0066
00ae
3fb8
3f04
3f6f
3f95
3ff6
3f87
006f
3e24
3fd0
3e54
0024
00c4
3f60
3e60
3fcc
3fcc
0300
3f60
04a1
00b5
3f10
3f60
002b
00ab
3f80
0a80
3efc
3f84
3fe0
003c
00ac
3f90
0011
0043
3fce
009b
0013
0088
0268
0090
01d8
0017
3fc2
0055
3fd7
0014
3fc3
3e95
3f8a
3f0b
3f99
003c
3f5d
0098
3fc8
00d0
3d94
3d18
007c
0240
3dc8
0118
0760
3fac
040e
3fb6
3f00
00cc
005a
3f3a
3d80
3b20
00f4
0074
00c0
3f38
3f08
0030
3faa
0010
3f9a
3f92
3fb0
3fe2
3fa4
0154
3e50
00fa
00b6
0044
002e
3ffa
0034
3f86
3f8c
3ffa
3f6e
3ff8
3f76
00e0
0028
00b8
3ebc
3f34
3f88
3c10
0184
0044
3630
0074
033f
0003
0290
028c
3fed
3f29
0248
0440
0380
3f78
3ea0
3dac
3fc4
3de8
0075
0039
003c
005f
3f6b
00f4
00e4
3fa0
0144
00e1
0018
00c9
3ff1
3ffc
3ff5
0017
3ffe
0019
3efb
3f76
3f85
0018
008c
3f8c
00c8
3f9c
012c
0540
0020
3e38
3f00
3ecc
03fb
0091
3f80
3d44
0099
007f
3ea8
3d40
0028
3f58
3c80
3e68
3f2c
3f3c
3fa7
3fb0
3ff7
3fdd
0052
3f8b
01c4
0098
012c
3ff9
3fc8
0031
3fdf
0036
3fa9
3edd
3efd
3fe0
3f67
0009
3f5e
0348
021c
012c
0098
00f0
3fa8
3b50
030c
3fc4
37a0
3e14
04b9
00b5
0134
047c
3f8b
3f6f
029c
0a20
3d5c
3ef4
0110
01ec
0180
006c
0047
3fd7
0070
3f51
3f25
002c
00cc
0048
0084
3f65
3f6e
3ff7
0085
3fda
00ab
3f07
3fc2
3f45
001b
000e
000d
00f4
3fd0
0124
3efc
3ef8
0004
01e0
03e8
3e90
3810
00f4
038d
0029
0168
0114
3f9b
3fb3
0118
3b80
3d3c
003c
0270
3e60
3df4
006c
00df
007d
0062
3fd9
3fe1
3ff8
004c
00ac
3fa0
3ec9
3f18
3fb1
0019
005e
3fbb
0055
0024
0031
00b1
0056
005b
0238
0170
00c8
00dc
00e4
3ff8
3ef0
0160
3f28
0370
3db4
03be
006c
0030
03d4
3faa
3f98
3d68
0990
3ec0
3d78
0110
0378
0154
0224
3fd2
3feb
3fe7
3ec2
3ef3
3fcf
0184
0174
0010
3f44
3fbe
3f86
3ff6
3fc8
002e
3f40
3fcf
3f71
00ce
001f
00af
0090
3efc
0194
0010
0004
000c
0570
3fc0
00e8
05e0
0314
03a2
3f30
3d04
3e84
3fba
3fe8
0114
3820
3f5c
00a4
0150
3f78
3f54
0024
3f80
3ffd
3f83
0080
006d
0013
3df4
3f6c
3e88
001e
3fea
0034
3ee4
3f58
3f8c
00c4
3f95
012f
008e
0055
0039
3f4c
3fdc
3f70
0334
0298
009c
0b50
0014
3fec
3ea0
3da4
03b8
0096
0190
3ef4
0014
3fda
0070
00e0
3cb0
3eb8
05d0
3c4c
3db8
3e94
0010
0013
3ffd
3fcc
3fbf
000d
3e5c
3f44
3f18
3f18
002e
3eea
3fde
3fc8
0016
0100
0075
008b
0026
0085
3fa1
0028
3fe8
0040
0120
0014
010c
0650
3ed0
3e90
3ce0
3dc8
03a0
00e2
00e0
3f30
0162
0004
3f60
0480
023c
3ec4
37c0
0128
00a8
0080
0036
00ad
3f89
3f8c
3f9b
3ff1
3e48
3e5c
3fec
0030
0035
3ffb
3f3a
3fa3
3f97
00b6
0074
0042
3f44
3ff8
3f4c
3d20
3fa8
3d78
3ca4
3d18
3f8c
3c60
3de4
0144
0490
0168
03e7
3fad
003c
3db0
0061
3fb3
001c
37d0
0324
028c
3e50
017c
3f7c
0200
3fcd
0008
3fc5
0087
0044
0043
3f68
0024
3f44
0155
0060
00f5
3fc7
3f6c
005b
004d
00d3
3f7a
005b
0081
3fda
3df4
3e94
3f60
0044
0030
0014
3c90
0114
021c
3eb0
3dfc
0409
0013
014c
01cc
3f41
3f77
3fb4
0320
3dc4
3df4
3fe0
3e54
3f68
3eec
00b7
0050
0067
3fcf
3f8e
0041
0164
006c
00f8
3f7d
002d
3f50
3f5f
3f29
0036
003d
001c
0021
3ffb
3fc6
0035
3d04
3d70
3f94
007c
002c
0050
03c0
0118
3de8
3b90
02d4
03df
3f41
01b0
3ec4
0049
00ff
0138
3af0
0244
00bc
38a0
3cf0
3db0
3f40
00b1
0010
00a1
3f5b
3fc0
3f9b
3ca4
3db4
3ef0
0059
3fe6
0073
0077
00c6
3fb1
0119
00c9
0050
0067
004f
0018
3f18
012c
3dec
3d0c
3ef8
3e14
0330
3f70
00c8
0310
005c
0494
3ed2
0030
3ec4
3f36
004c
00a8
3b00
3ff4
00b4
3b90
3e58
3f6c
3eec
0016
3fe5
0031
0060
003b
0025
0104
0068
009c
0004
3fd7
002d
0086
002d
0059
3ff2
3f6a
0088
3f4c
3fa6
3fa6
0018
0024
3ff4
0294
0204
0090
0460
3cc0
3e80
0680
3f60
03c2
0118
3ed4
3ff8
007a
0018
004c
0780
0054
3d34
0040
0198
3f88
0210
3f96
3fdd
3fb9
0022
0061
3fc1
0180
00a4
00dc
009c
00c0
3fdc
3faa
001a
3f90
3f84
3fe1
3fa3
0082
3fd1
00b1
3e14
3e00
0014
3fc4
3fbc
0008
3bf0
3f74
00d4
3dc0
0114
0411
00c5
0054
007c
0107
000b
01d4
3fa0
3f64
0074
0160
3d9c
3fa4
3df8
0021
3f53
00ce
00f7
001d
00da
3f14
0020
3ef4
3fdb
3fa8
0033
0003
3fe4
001f
3fef
002c
3fc3
3f5f
3fac
3fb3
3e34
3f3c
3ef8
3e2c
3ef4
3f38
3c50
0324
3edc
01a0
011c
03e0
003a
3e04
0004
3f7a
00e0
025c
3530
3f88
0080
3f90
3ffc
0000
3ffc
3ef6
3ff9
3efd
0028
3ffd
002b
3e0c
0028
3de4
3fa2
3f93
000f
003c
3fe3
0059
00e6
00ac
003a
0088
007e
000a
3fec
3f08
00e4
00f0
0194
3f5c
3b10
0270
0068
3a40
0100
04af
3fd7
0024
3ff8
3e37
3fcb
05ec
3b30
3f28
3f00
3d10
3e10
3ed4
3f3c
0067
0025
0042
00f3
005b
0098
00d8
00ec
3fec
0047
0025
0022
0013
003f
3fd4
001d
0003
001a
0029
0035
3ff4
3f9c
0048
3f54
3fe8
0054
3f94
01a0
3ff4
0024
0520
3da4
03fa
3ff4
3f28
040c
3f88
3fa2
0090
0790
3ec0
3f08
0090
0124
00c4
0060
0000
3fc3
003d
3eda
3ee5
3ff5
00e4
0050
0094
3f2e
3fe3
3f4b
3ffc
3fed
000f
00a0
0018
0088
3fa2
0024
3f7e
3fe0
3f9c
0044
3cc0
3d7c
3f44
0360
3e28
3d70
39d0
3de8
046b
0141
021c
3fd0
3fad
3fcf
001c
0280
002c
0024
3c30
3e98
003c
3e5c
0027
0054
3fd3
0045
3ff0
0055
3f30
3f7c
3fb4
010d
00e6
0027
0017
002e
3fe9
0057
000f
0048
3f89
3f7d
000c
3f9c
005c
3f40
0094
3fc0
00d4
3f50
0268
0190
0170
3df4
0485
002f
3fb8
3fc4
001d
3f73
3f90
3ce0
0100
3eb8
3b80
0068
000c
005c
3fa1
3fa8
3ff9
3ff1
0082
3f6f
025c
0184
00d8
0033
3fab
0088
3ed5
3f6f
3f66
007d
003e
003f
3f5f
002c
3f33
3d98
3fb4
3de4
3fd8
011c
3ebc
3de0
3fac
040c
0580
0234
0342
3ef8
024c
3e0c
004c
0032
002c
36d0
02dc
011c
3890
00f4
021c
3ed8
3fc0
3f73
004d
005a
3f9d
00bd
3f8c
0020
3f6c
0110
0039
00d7
3fc6
3ff7
3fcf
3fe2
3fd2
0010
3f80
3f92
3fee
3e0c
3f44
3ec8
0004
0114
3ef0
3cc0
00c4
3fec
0300
3ff0
03fe
0050
3fc4
3fe0
3fca
000c
3ffc
0010
3fc8
3df0
3a90
0144
3fc0
0184
3fd2
3fe7
3feb
00f2
0107
3feb
0028
3ff8
0030
3f50
3fc8
3f88
3ffe
3fe6
0018
3f8c
3ffd
3f8f
3ff2
3fed
0005
3d74
3e08
3f6c
0100
00dc
0024
3b40
3f40
0170
3e50
3fec
0515
3fcb
3e24
01ac
3fb9
3f07
014c
0460
3c6c
031c
04b0
3f60
0110
3e50
0033
005e
3fd5
0057
003a
001d
01f4
00cc
0128
3f7d
0037
3f46
00d7
001d
00ba
3fc7
3fc2
0005
3e99
3f5a
3f3f
025c
0130
012c
3f74
3fcc
3fa8
0000
0110
0278
01a0
3e9c
03fd
0007
3f60
3ee4
3fe1
3fd7
3ef0
3920
3e78
0348
03b0
0138
008c
00ac
3f15
3fe8
3f2d
0001
0042
3fbf
3f74
0088
3eec
3f73
3f4b
0028
0079
3f93
00e6
0079
0044
0035
3fd7
0026
3fb1
03e0
0220
01c0
02a0
0238
0068
02d0
01b8
3d00
3f00
00ac
031a
00b0
03ac
3cfc
0146
00fc
3de4
0400
00d4
00d4
00f0
0198
018c
000c
0088
3fe1
00a7
0050
3fcd
0083
3fc4
3f04
00c0
3fe0
3fbe
0022
3fde
0048
3f96
3fd6
3ff3
3fe3
00d8
0063
0075
3f4c
3f90
3fbc
3fe4
3f1c
00c8
3e90
3ed8
3fe8
0630
3fc4
03bd
0075
3fe0
0094
3fc1
0079
0008
3aa0
0168
0148
0410
02a8
00c8
01e0
3fd5
0029
3fac
3fdd
0051
3f8c
0004
0044
3fc0
00ad
0061
004c
3f91
0015
3f7c
3f4d
3f71
3fdc
0079
0001
0078
0048
0044
0004
00d0
00c8
0008
38c0
01dc
01d4
0900
3f98
0468
0042
3e74
0078
3f1c
0042
3fa4
3d70
00c4
3f8c
3e00
0384
01a8
01dc
3eea
3f8f
3f5b
3f8e
004d
3f41
0090
0080
0010
3f10
3f3e
3fd2
3e86
3f12
3f74
0018
004f
3fc9
3f92
3f89
0009
3d54
3ed4
3e80
0094
0088
000c
0560
007c
3edc
3c90
3f40
03b8
00d8
01c4
00d8
3f5a
3f5e
02cc
01c0
3f84
3f3c
3bd0
3fac
3fc4
3fe8
010c
0066
00a6
0076
0016
0060
3e08
3e94
3f74
3f80
3f75
000b
0070
3fdf
0091
0066
006b
3ffb
3fee
3fe9
0005
3fac
3f48
0064
3e2c
00b8
3d74
3c30
00cc
3f9c
3f90
3e98
0423
3ff7
3dc4
00b8
0103
3ff3
3d94
3eb0
0268
0078
37c0
00d4
0084
0050
00cb
00bb
0010
3f5f
3f91
3fce
0178
0218
3f60
3f0d
3f53
3fba
006d
0015
0058
007f
0067
0018
3f5f
3f3d
0022
3f8c
009c
3ef0
3de0
3fd8
3e08
0090
3fcc
3d8c
0280
00c4
048e
00b0
00e4
020c
3f7e
3fb4
3e14
0420
3fe4
3d5c
3a70
005c
3ff4
0068
0020
3fd5
004b
3f90
0077
3f19
3f2c
3f30
3ffc
0014
0006
000e
0046
004e
3ff8
3fe4
0011
3fd3
00aa
006f
003b
015c
3fdc
0180
3f2c
3fe8
3f44
03a0
3d70
0248
0660
0008
043f
0001
3fc8
0018
00b9
3f87
3ce0
3a40
022c
00dc
03d0
3fd0
0074
3f5c
3fdf
3fa2
003d
3f51
3fb6
3f9b
3e28
3f20
3f08
00ed
0026
00c7
003b
3fda
0061
3ff3
3f77
007c
00b9
0099
0020
01c8
3fd4
01f4
026c
00e4
0188
0450
3f08
3dd8
0230
0090
0355
0061
0028
3ff8
3ffd
3f99
0138
37f0
025c
3dc4
3e00
00c0
0058
0068
00ed
006d
0080
3fed
3f99
0054
3f60
00ec
3e74
0087
0039
004e
0003
0081
3f82
3f5f
3f69
3ff6
00d7
3fc1
0116
3e10
3ec8
3f48
0184
0128
005c
01c0
02d4
3f9c
3e50
0014
0402
3f50
3d68
3e64
3f8e
0080
01b8
0150
3e40
3fe8
0420
3fec
3f08
00e4
3f74
002d
3f47
008c
00d7
3fb5
0214
00e4
0130
3fdc
3fe2
3ffa
3f4a
3f96
3fb4
0080
0013
006d
0056
3fe9
006d
0058
0030
0028
01b8
018c
002c
3db0
3fc8
3df0
3860
005c
044d
3f89
3e38
00dc
3f8d
3f71
01f0
0720
3e7c
3fbc
09b0
00e0
016c
3f74
3ec1
3f4b
3f76
00e9
0073
0076
012c
0004
0128
000f
0075
3f9a
00b7
0071
0046
0003
3fd5
002e
3ee3
3f85
3f5e
0340
0184
01bc
0254
0014
0240
06a0
3d88
3ed0
0230
0080
03cd
000f
3fa0
0300
00c3
3ed9
3c78
0930
0110
3cb0
3e50
3f70
3f14
005c
3fcb
3fd0
3ffb
3f19
3fd8
3f41
3f80
3de0
01a0
0193
0120
0073
0035
0054
3fe1
3f3f
3f9f
3fa0
3f45
0051
3ef4
00d8
3fe4
00f4
3ec8
3e60
0068
3ca0
00b4
3e0c
3bd0
0264
0386
000a
3f48
0084
0004
0048
01c8
3a80
0388
3fd8
0000
00c4
00a0
0024
3fb2
3fce
3fe4
0040
0020
0020
3f7c
3fec
3f90
0098
0025
0073
0008
0021
3fe7
000c
3fd7
0035
3fb8
3f7f
0039
0088
00c0
3fc8
3fa8
0060
3f48
3d20
3e74
0214
06b0
3f54
03b0
3fbe
0280
01a4
005a
3fe0
3e60
0690
00ac
3f0c
3970
003c
0074
3fc8
0092
0049
0049
3ff4
3fdf
0015
015c
3f9c
01c0
0032
0035
3ffd
3f30
3f9f
3f91
3f28
3f72
3fb6
3fb6
009e
3f18
3fc0
3f38
0088
3dbc
3d4c
0070
3d10
0034
003c
0260
0128
0397
0007
0074
3f68
3f7b
3fa3
3ea4
3fb0
00e8
00b0
3d10
3f4c
0038
3f14
0091
3ff3
009e
0021
3fc3
005e
0050
3fa8
00a8
3ff5
0027
3fce
00f1
004b
00a6
3f8f
0003
3f8c
0057
0077
3fe0
004c
3ff4
0058
00c8
3fc4
0104
3df0
004c
3f8c
03d0
0288
0442
0016
3e28
3e68
00e2
00ca
0010
3890
3f50
0280
0590
01b4
0084
0130
3ef0
3f8a
3f66
00a0
0044
005c
00d8
0040
0098
3f9a
3ff8
3fa2
0056
0082
3fd4
001a
3fd8
0042
0092
3fde
00b4
0160
0034
012c
03e0
02d8
0108
3d80
3e64
3edc
3c90
0188
03f5
00d7
021c
3e20
007d
0017
016c
3bc0
3d54
3fc4
0830
02cc
0138
0194
3f83
3f4a
0039
3f8b
3fe2
3fa9
0110
3fbc
0154
0005
00ab
3f5a
3fa3
3fd9
3fca
3f8b
000e
3f7d
004d
006a
3fe3
3f3c
3eac
0090
00f4
0094
0060
3c50
016c
02e4
0300
031c
0420
3fe8
0114
01bc
3ff2
3f9a
3eec
3e80
3fb0
3ff0
3f00
3cfc
3f58
3da4
0036
3f66
00d0
0048
0014
0034
0024
0074
3fb0
3fe8
3fa9
003f
3f2c
3f55
3fd7
0066
3ff1
0075
00c2
006d
0055
3d94
3eb0
3ee4
0340
0238
0108
3d30
014c
3f04
00d0
00c4
03f7
00e7
0148
008c
3f69
3fe5
3f88
3f60
015c
3ecc
36d0
3e74
3f80
3ef4
0025
0065
3fc0
0013
001d
3ff6
00d4
00c8
000c
3fad
3f76
0037
3fd1
3ff4
3fdd
0059
0024
0035
3f79
3ff2
3f87
3f60
0070
3ef0
3f5c
0034
3f28
0270
3f3c
3d54
0010
3ee8
03ca
00ec
0020
02a0
3eac
001a
0060
06a0
3ccc
3cec
0300
0074
3f48
012c
3ffe
0051
3fad
3ffc
3ff5
0007
3d20
3d9c
3f84
3ffa
007d
3f7d
00a4
00b9
3feb
0154
00ee
0066
3fa6
3fa0
0006
00a8
0180
3f28
0024
3ffc
0028
3d80
0168
3f78
37e0
0028
03b4
3f0a
3fa4
02f8
3ed6
0020
011c
3fc0
3ca0
0290
0b60
3d78
3fa8
3dd0
014a
0113
0037
3fdc
3fa3
0039
0070
01c0
3eb0
3fa4
3faf
3ff5
3fce
3f9b
0033
001c
3fb4
0068
3f4e
3fba
3f94
03a4
01e0
01c4
3dd0
3dd0
0000
3c80
01c4
01a4
3e40
3f10
0423
3ffb
01d4
3e70
3fc5
0009
001c
0640
3ec8
3e38
0000
3e9c
002c
3e70
00df
0065
007a
3fd1
0005
3fcc
01b0
0070
0140
3f69
3f6a
3fff
3f95
3fe0
3fb5
3ff7
3f9e
0059
3feb
0068
3f83
0134
0098
009c
3fa0
3f28
0078
06d0
3ecc
3d84
3e20
3e24
0350
006c
01ac
3dfc
00de
0106
000c
3ca0
01f4
01fc
01f0
3f94
3e28
016c
3fdc
006c
3f70
003a
0030
000a
3e14
3f58
3ebc
3fb6
3f99
001d
3ffe
3fc7
0037
0088
0037
0051
0088
00ed
3f9b
0264
012c
0138
00a4
0008
009c
3ae0
0078
0030
04d0
3f68
04b1
0049
3e18
3f98
0023
3fab
00c0
3c60
3fe0
02f0
0d50
0318
0224
00f4
3f57
3f6b
3fec
3ee5
3f19
3fcc
3f78
3fa8
3fd0
000d
3fba
0053
0109
006e
009b
3f3f
3f68
3fd7
009b
00c8
3fd3
01c0
3fbc
0204
01c8
0020
01a8
3d30
3f80
3fc8
33e0
3f80
03a8
3fd2
041c
0000
3fbe
3ff8
3fb4
0780
3dd8
01e0
0180
3e00
00dc
3d24
00da
0013
00c7
006c
0035
0037
02c0
0140
0180
0018
005d
3fbb
002e
3fdb
0053
0032
0034
3ffe
3f18
3fbc
3f5c
0134
0148
3fec
3d70
3e74
3efc
3a10
00bc
0054
3da0
001c
04b2
3fb4
3f84
3fc4
0062
3ff4
002c
02f0
3f40
0000
06a0
3dbc
3f70
3e4c
0018
004d
3fcb
006c
3fe9
0083
00c4
0048
007c
002c
3f4e
00de
0082
0070
0012
007e
0075
0009
3ffc
0059
3fa3
01f4
0270
3f84
0108
3f58
01b0
0420
000c
0014
0660
006c
03f9
3f9f
003c
3f34
0011
009f
3f9c
0050
3f8c
3c6c
3700
0224
3f68
02bc
3f83
3fd6
3fad
000f
007a
3f95
3e44
3e50
3ff4
3fe5
0017
3fce
3f37
000d
3f2a
3fc7
0008
3fbf
00f9
0050
00a9
3d7c
3edc
3ea0
00b4
011c
3f98
3fd0
3dec
3f64
0090
3f80
0438
00ea
0248
3d80
007c
001a
3f90
0300
0040
0008
3dc0
3f94
01d8
3dbc
0048
3ff3
0055
00e8
3fe9
00ff
3ff0
3fd8
0018
00ae
0048
0066
0028
0004
0024
3f14
3f95
3f7f
3fb6
000f
3fa7
3ee8
3ea4
0044
3fd8
3ec4
0114
3fd0
0130
01c0
02c0
3fdc
0538
3f8a
3ea4
0054
3f76
3ec8
3f74
3950
3ff8
3d88
3920
01e0
01a0
0040
0012
0003
000f
0040
0055
3feb
3ea4
0008
3e9c
0030
3fe5
004b
3fe6
3fcf
0017
3f5a
3f7a
3fe0
3ff8
3fca
002e
3d9c
3f64
3e38
0110
0118
3ff8
0260
3fac
3eb4
3ac0
3fc0
0516
0064
3fc4
0150
3f24
3f46
3f74
3f20
3e10
3e70
3f00
038c
0208
0184
3f88
3ff7
3f91
3f56
3fe3
3f73
3f38
3e80
00b8
0098
0037
0061
004a
00f7
3f53
3fd8
3fea
3fee
3f8e
3f84
000a
3ecc
016c
3d60
00c8
01b0
3f18
01f0
006c
3ccc
3f20
3ff4
03d3
3f97
0064
3e24
005d
3fed
3f8c
3e50
0050
3fd8
3900
3e34
3de4
0050
0141
00df
0062
0013
0057
3fbc
3fdc
007c
3f60
001b
3fc6
0055
0057
0040
0017
00e3
00ae
0035
006b
3fcc
009f
3dcc
3ec8
3f04
3f08
00fc
3e0c
0280
3ff4
3c1c
37d0
3df0
047b
00b7
028c
3f70
3fe1
015d
0054
0580
3ce8
3f80
3b60
3efc
0008
3ef4
00d9
0089
0050
3f83
3f67
001c
01f8
0140
00b8
3f81
3f78
0009
3fb5
0034
3f81
3f77
3fdc
3f9b
0017
0008
000f
009c
00a8
3ff4
3dd8
3ea4
3f34
3e50
3f78
0310
0240
3f28
04f8
3f42
3e38
3ed8
3f3c
3fba
3fb8
3e20
3ff4
02a4
0310
3ec0
3f8c
3f34
3fd8
3fe1
3ff7
0024
000b
0019
3ef8
3f20
3fd8
00a0
0016
008a
00de
0036
00a8
00f2
0055
009d
3fe4
0053
3f91
0198
0230
3f68
00fc
3f64
0198
3e60
023c
3e74
3730
0028
038a
0092
0004
0070
3f1c
3fb0
0364
3c70
3ff0
3d28
00b0
0004
0080
3f84
3f9a
3f80
001a
3fbc
3fac
0010
3e10
3f94
3e7c
002a
3f9d
008d
3fe2
0053
3f8f
0038
3fc7
0071
00d0
0099
0037
001c
004c
3fd0
3fb8
0094
3f24
0040
0364
0054
37d0
3d98
0389
00eb
0064
0300
3f63
3f8d
01bc
09e0
011c
3f84
0140
0064
3f94
00d0
000b
002c
3fdf
3fed
3fd2
001b
3fa0
3ffc
3fa4
3fb5
3f82
0033
3f8f
3f08
0087
3f63
3fbd
3fa6
0065
0009
005c
00d4
0030
00a4
3ee4
3e80
0064
0110
3f98
0078
05b0
3d8c
036f
0137
01d4
3ff4
0021
0079
009c
0360
3f4c
001c
0110
01a0
3fc8
01d8
3fe3
008b
3f58
3eed
3ef1
3ffc
3e44
3ec8
3f7c
000b
006a
3fa1
006f
001a
0055
3f87
3fc4
3fc3
006b
0034
0037
00dc
3e78
0264
3f4c
3f04
0048
01c0
3fa8
0010
3bc0
0034
0468
3fb4
0048
3dec
3f22
3f76
3f88
0000
3f28
3eb0
3ba0
3ed0
3f54
3f7c
3f56
3fd6
3f80
00b8
00c8
3ff0
3d6c
3e40
3f2c
0172
00b7
00bb
001a
3fef
002b
00d0
0037
0099
004c
001b
0031
0050
00c8
3f88
0288
0174
0114
05d0
3f50
3dd0
3ff0
3d58
03a7
0063
0090
0050
0089
0069
0008
02e0
007c
3ed4
3730
3e18
3f88
3e90
0029
0077
3fb2
3fd3
3faf
0024
3e68
3ed4
3f94
3f2f
3f9c
3f93
00a3
0096
000d
004b
3ffc
004f
3f7b
3f86
3ff5
3f70
0014
3f5c
3db4
3e80
3f34
3cf0
01b8
0108
3f80
0364
03e6
0082
3ea0
3fdc
0004
3f58
3ff0
3c80
3f74
3ff4
0510
3f58
3ea8
00b0
3ed6
3f8e
3f48
0088
0064
0024
0254
0230
0024
3f40
3f35
000b
3f6c
3f6d
3fff
3ef0
3fa7
3f49
0068
0003
0065
3f00
3e78
0088
00d4
0054
0080
3f70
3f5c
3fdc
0350
3fc8
04a9
0017
3df0
3ed8
00d5
3fc3
3d38
00d0
3eac
006c
0460
010c
3f94
0178
3fb5
3fe2
3fd3
3fb1
3fa6
000b
0268
00e8
0180
001d
000f
000e
004b
0021
002a
3efd
3ff0
3f0d
3fdf
0004
3fdb
3f90
3f3c
0054
3f44
3f54
3ff0
3d30
0140
0380
3fc0
0024
03ff
3f31
3d9c
00ac
3ff9
3f73
005c
03b0
0078
0030
00b0
3d40
3e88
3eb8
00d9
007e
005b
00bb
0084
0037
013c
0128
0014
3f85
3f5e
0027
00d7
0010
00c7
3fa3
3fdd
3fc6
3f3d
3fcd
3f70
0084
0044
0040
3fa0
3f7c
0024
02a0
3f6c
3f54
3f10
001c
0419
0029
00a8
00dc
3f01
3f65
3f58
3fc0
02c4
3ff4
3c70
3c64
3d40
3f24
00a3
0087
001c
0007
0011
3ff6
3f0c
3f34
3fd8
0181
00ad
00d4
0015
001f
3ff6
0001
005b
3fa6
00b1
00ad
0004
3fb8
3fe0
3fd8
3e34
3edc
3f58
0050
3e90
0038
0200
0104
0415
3eed
3ec8
0134
0015
000d
0060
04b0
0114
0014
3e60
0118
01bc
3f5c
3fbf
3fe5
3fda
0037
3fc1
0076
00a4
011c
3f88
00c1
001f
00a2
3f99
3ffb
3f9e
3eff
3f2f
3fd0
3fa3
3fa7
3ffc
0020
009c
3f84
009c
3ebc
01e0
0640
3e94
0164
0090
3dfc
0433
3f9f
0068
3f14
003b
3fc3
3f48
03b0
3d94
033c
0140
0064
3fcc
0098
3f93
3ff5
3f9e
3ffb
002b
3fd0
00ac
3f70
013c
3f57
3fed
3f6a
008f
3fdb
00b4
0069
006d
3ffc
3fd5
006b
3f6a
00a0
0000
00a0
018c
0148
0044
3a10
02cc
3fcc
3bd0
0070
03d9
003d
01d4
0230
3f93
3fc3
018c
0ab0
3ef8
3f10
0370
3f2c
001c
3f10
0093
0013
0080
00ad
0087
0026
0280
0148
0138
3f01
3ff4
3f0d
0035
3fe6
004f
3f7d
3f66
0017
3f19
3f60
3fb9
019c
0078
0124
3e90
3e9c
3ff4
0250
3e3c
00b4
09e0
3fc4
048b
00a3
3e80
3fdc
3fcf
0017
0098
0390
3d80
3ff8
07a0
02d4
0098
023c
3f2f
000d
3f22
0087
00c1
3fc6
01b4
3f38
027c
3fbb
002b
3f90
3fdf
3fdb
0004
3f23
3fd5
3f4e
0023
006d
3fb6
3fb0
3dc4
01ec
00a8
00bc
3fec
0330
00c8
00f0
03c0
3cec
0425
00f5
00e4
00d4
0049
3ee1
3e94
0000
026c
3d24
3640
00e8
000c
00dc
0023
0095
3f8e
3fc3
3fd9
3fea
3f2c
3f90
3f9c
00ad
0005
00a8
3fb9
3fa9
0010
3f27
3fed
3f3a
3f67
3f7d
3fea
3b64
3d9c
3dc8
3f0c
3eb0
005c
3e90
3e88
00a0
0240
02a0
040e
3f5a
3da4
0090
3efc
3f8c
3eac
0120
3eb4
3ed4
3d80
3d40
3f24
3e1c
3fa8
3fd6
3fd2
00da
0116
3fc4
0120
3f70
01b0
009a
0079
0021
3f5e
3fa7
3fb7
00d2
007b
0057
3f52
3f99
3fb9
0064
0050
0014
3f74
01d4
3da0
0230
0070
0038
03d0
0094
043a
3f32
3e84
3ea4
0006
00a6
3f54
3af0
001c
013c
00e0
3ca0
3dfc
3ea4
0100
005a
00a6
3f3c
3f6a
3fd2
3f24
3fac
3f78
3f9a
3fea
3fb0
00be
0082
003c
00e8
004c
009c
0098
00f8
3fa0
01fc
010c
00f0
3e9c
3e6c
0030
0840
3f18
3da0
3b00
3d10
0401
005b
00d0
3fa0
0005
00d7
0090
0510
00a8
3f58
0180
3ff0
3f14
00dc
0105
00e6
001f
3f75
3fde
3f97
3f18
3fc8
3f50
000b
3fb1
005a
3fa1
0047
3f5a
3fe7
000e
3fd9
3f7d
3f6a
0013
00a8
0108
3fa0
3d58
3d28
0030
39d0
022c
00f4
3e00
0208
047b
3f97
3e14
3f18
3f0f
003b
0224
0180
3e00
3fa8
00d0
3e34
3f60
3ed4
3fb1
3fd9
3fd8
0029
0021
0008
0370
0270
0100
3f03
3f1b
3fe8
3f5b
3fdb
3f80
0009
3fc1
0048
3fa5
0041
3f64
0214
027c
3f98
3f48
3efc
004c
3d60
0034
0144
01e0
0298
0375
0069
3de8
0078
3f8f
3f6f
0158
3d60
3ed0
01a0
0c70
025c
00fc
0160
3f4d
3fc5
3f88
0033
002d
0006
0140
0028
0118
3f4f
0048
3f07
3f9f
3f76
0029
3f89
3fec
3f9d
3fe9
002e
3fbb
3fd0
3e78
0158
0128
3f40
01e8
0390
0168
3fd0
3940
3f08
0333
3fcd
022c
00a0
3ea5
3fe7
02f4
3bf0
3f2c
3ffc
0300
3f40
3eb4
008c
0031
0020
0011
0037
3fca
006d
3f68
3f4c
001c
0093
006e
0025
3fc9
3ffc
3fcd
3fa9
3f8f
001a
007b
0047
0034
00dc
3fc8
0114
00a4
010c
3f98
3e60
01f0
00a8
3c10
0058
03fa
0000
3f4c
3e08
0128
3f92
3f1c
0240
010c
3edc
37a0
02d8
01b4
0124
3e96
3ead
3fe9
3fc8
3ff9
3fcf
01d8
00c8
0110
3eea
3f6b
3f7f
0014
001b
3ff9
3fc0
3fe2
3fde
0056
3fb8
009e
0034
00ec
3f48
001c
0144
3ed8
0aa0
3e78
3fa0
0330
3f64
0455
0055
3dbc
3f94
0063
3ff3
3e34
3d60
3fbc
3ef4
0220
0088
3efc
018c
3fad
3fdf
3fce
3f53
3f9d
3fb6
00e4
3edc
0208
3f3f
0028
3f17
3fff
0004
3ffb
0067
0052
0015
3fab
3fb6
3ff5
0124
0088
009c
00f4
00e8
000c
3ff0
0170
3f80
05b0
3fbc
03ac
0074
3ecc
0174
3f5c
00e8
015c
3f30
3ff4
0214
07c0
3ea0
3e18
0088
00ba
00b4
0006
008e
0006
0088
3d0c
3f58
3db4
3ff2
3fc2
0030
0006
3fc0
0046
00a2
0036
006c
0106
009c
006a
00bc
0024
0098
013c
000c
0130
0230
0040
3dd8
05d0
0110
03bb
3fe5
3e30
3de0
00c7
005d
00a0
3a30
0078
0200
04e0
0178
00b4
00c4
3f75
000a
3f6b
0121
005c
00c5
0178
0048
0130
3f99
3fd7
3fc2
3f9f
001b
3f84
3f1d
3f84
3f99
3fcf
3f72
005d
3ea0
3e50
0050
02e0
00ec
01f4
0040
0258
0140
3ed0
0178
032f
0015
3f60
0158
3fbf
3f89
3da0
0530
0020
3ea0
39e0
3e90
3e94
3ffc
3fbd
3fec
3fd1
3f61
3faa
3fb7
00b0
3fc0
00f0
3ea1
3efb
3fa6
3fa7
3fdf
3fc8
005d
007a
3fe3
3f1f
3fd8
3f47
0140
00f0
0050
3c40
3e28
3e18
06f0
3e7c
3d4c
0150
00e4
038f
3f9b
3f20
3dac
0053
0037
3dc8
39d0
02a0
3e30
3c00
00fc
3f74
0188
3f21
3fc5
3f5c
3f61
0045
3f1c
3c8c
3e88
3e04
01c5
007d
0148
0055
007d
3fd8
3f63
3fcf
3f94
0017
0023
3ff4
3f10
3fac
3f64
3f60
0050
3f10
0a00
3d9c
0024
01f0
3df0
03b5
00cb
0054
3fe0
004f
0055
016c
3ca0
3f0c
0054
0290
0014
3f18
00fc
009b
00e6
3fb5
0001
3f88
0079
3c70
3d30
3f40
0021
003c
3fe5
00bf
0016
00a9
3fa7
001b
3f8c
010d
0083
008a
3f2c
3ec8
0064
00e4
3f90
0154
3e60
3ea8
0050
0370
3eb8
0524
0010
0014
0040
0044
0048
00dc
3df0
3ef8
3f88
3de0
0290
017c
0114
0048
003e
000a
3f78
3fca
3fae
3e10
0064
3dac
0046
0002
0044
3f42
001e
3f24
00b2
0028
008a
0076
3fd0
00a6
3f84
0028
3f5c
3e50
3fa0
3eb0
3ab0
032c
0124
3eb0
00d0
032e
3ffe
029c
01e0
3f30
3ec8
3f44
3ef0
3f84
0024
3c20
025c
00d0
018c
0044
3ffc
0048
3f8a
3fc2
3fc8
0078
3ff8
0080
3fee
0001
3fed
005a
3fcd
008d
3f60
0027
3f39
009c
003b
0061
3d14
3d88
3f8c
00c4
004c
0078
3e30
3e78
0020
3e20
3d7c
0559
3fcf
006c
0244
007b
3f31
00c4
0490
00f4
00b4
3cc0
0140
0154
3fec
3ffd
0002
3ffb
0017
3fa0
0077
00c4
0060
0064
3fc3
3fda
3fe9
001d
3f94
0089
3f0f
3f75
3f9a
000d
0019
3ff4
3f5c
3fa0
3fbc
00d4
3fd4
0100
3e30
3f58
0268
0210
3ef8
0447
3f0f
3d4c
3f78
3f21
0019
0044
0240
3ef8
0148
3ee0
0008
0008
0000
3fe3
001f
3fc4
3f95
0015
3f80
3e08
3e98
3f70
004d
3ff4
0059
005d
0034
0029
0145
00cc
0079
3fed
0010
3fdd
3ed4
00e8
3dec
3fb0
00a8
3f08
02a0
3e14
0114
3c60
3f80
03bd
002b
016c
3f30
0055
3f4f
019c
0230
0058
3ef8
3c60
3e7c
3f64
3f18
3f3f
3fa6
3f99
011f
0068
00b7
3f00
3e50
00b0
0115
0131
3fe4
3f5b
3fb5
3fa6
002d
008e
3f9f
002f
0060
3fcf
3f04
3e4c
00b8
0048
00a0
3fa8
3dc0
3fc4
042c
0610
3ea4
0424
3f2e
3ca0
3edc
3f72
3f44
3f48
05d0
3fe4
008c
04f0
00ac
0110
3f9c
0002
0023
3fdf
3fbc
0075
3f47
02bc
00d0
01ec
0034
3fdb
0059
3f02
3f59
3fa9
003a
3ffa
0040
3f48
3fa6
3fa2
3f38
007c
3ebc
3fd4
00a0
3f34
3990
3ee4
04bc
0bd0
03ac
031c
3f86
3f0c
3ea4
0084
00e6
3df4
3aa0
03b8
01c0
3f30
01b4
0110
00a4
3f76
3fb9
3fbd
3f9e
3fcd
3fd1
005c
0028
0034
00a8
0020
0088
3e72
3ec6
3fac
3fd2
3fc5
000d
00b8
0071
0047
3e14
3ea0
3f74
3f60
3fb4
3fac
02f0
0130
3fb0
3f50
3f88
03db
3fc5
3fd8
3c20
0043
00bd
0018
3b40
3fa0
00f0
0010
3bf8
3d70
3e88
0025
0030
3ff5
00f1
0108
3fe9
01a8
016c
003c
3f33
3f61
3fd2
0001
0023
3fde
3fe1
3faa
0037
00cb
00a2
0029
3f20
3f88
3f98
02c0
01e8
00d8
0540
3d90
0050
3de0
0014
043b
0007
0284
3f34
0151
3f75
3d2c
0050
3f2c
3f8c
3d40
01c0
0138
0088
0067
3ffb
006c
3e6d
3f1d
3f50
02e4
00ec
01f8
3f11
3f72
3f9f
3fb5
0032
3f83
3f6d
3faa
3fc3
3fc5
3fb6
000f
00d4
00d0
0004
3de4
3f6c
3e78
36b0
3f9c
026c
0280
0130
044d
3f6b
012c
0298
3fcb
0039
3e4c
0300
01ec
00f4
3d00
0044
01ec
3e58
0085
0006
007f
3f03
3f6c
3f97
0170
00fc
0074
3fd1
3fb2
001f
0017
000c
000b
00a1
3fe7
00ba
3f0b
3f8b
3f80
01dc
01dc
0000
3ebc
3ff0
3ecc
0080
0010
3e80
0490
3e74
03cb
00c5
00b4
0264
3f49
008b
003c
0250
0074
3fcc
3f50
0170
3fa0
01d0
3fcd
3ff0
3fdd
3f4f
3fbe
3f91
3edc
000c
3ed0
0135
00ac
0089
3fd7
008a
3f4d
00cf
004b
0084
007d
001f
005e
3e2c
3fb0
3e7c
3f04
3fc0
3f44
09a0
0144
3e04
3d90
3f5c
03b0
0022
02f8
3d54
00d0
00ae
3dd0
39c0
0080
0010
3b30
3ce4
3e74
3e70
00c2
3ff9
00c9
002a
004b
3fdf
3f8c
0000
3f8c
3efe
3f82
3f7c
3fa0
001a
3f86
3faa
3f9b
000f
3fe4
3fcd
0017
3f88
3f2c
005c
0040
0078
3fc8
0790
3e44
3e1c
3d10
00dc
0415
3f79
3dc0
005c
3fab
3fff
00b0
0200
3e48
00b8
02e0
00cc
00d8
3ff4
3ea7
3f21
3f86
008d
002f
005e
3ea4
3ee4
3fc0
008d
0034
0059
0071
0060
0011
006f
3fdc
0093
3ee3
3fbc
3f27
01d8
0190
0048
0260
0140
0120
3e60
3f00
0188
3d80
3ff0
039f
3fed
3f40
0090
0039
0027
0268
3cc0
005c
01dc
0070
3d60
3f44
3e1c
0089
005a
002f
002b
3fa0
008b
3e10
3ea8
3f68
00c3
00ce
3ff5
0055
0048
000d
00ed
0053
009a
3fbb
3fe7
3fd4
3ed0
3f2c
3fa4
3edc
3ecc
0010
0580
3d68
0198
08c0
3ec0
032c
3fdc
3fe4
0040
003a
3f6e
005c
0370
0340
3fc0
3fc0
3e38
3e88
3fb0
007e
0056
0028
00c0
009a
0026
3e48
3ea0
3fa8
00be
0091
002d
3ffa
3fd3
0027
00e2
007b
0067
3f9a
3fe9
3fb1
3d1c
3e28
3ef4
3eb8
3f40
3f78
39d0
01cc
01a4
0660
0194
0471
0067
3f04
0224
3f9f
3ed1
3ec4
01f0
3d30
3e08
0330
014c
0108
0044
3f09
3f7e
3f8b
3f87
3fae
3fd9
3fa4
0004
3fa0
3fc1
3fe6
3fdb
003b
0042
3ff9
0033
0025
000e
3f15
3f8b
3f8a
3d84
3f4c
3e38
3fd8
3edc
00fc
3f00
3ddc
006c
3f40
00f0
0377
00f9
0484
3ea0
0095
3ff7
01d4
39c0
0234
3e34
3880
3f74
00c4
3eb0
0007
3f78
008f
00a1
006a
0037
0050
0070
3fe0
00a5
008a
001b
000b
0034
3fd7
3f8d
3f4f
003e
3f53
0013
3f40
0044
00a4
3fa0
00dc
0054
0088
3f70
0004
3fdc
0280
00a0
047d
001b
00c0
0058
0025
002b
0128
39a0
3ff8
3fb0
3b20
0154
3fe8
016c
3fbf
3f68
0057
3fa7
3fc8
3fdf
3d78
3f54
3e24
3f9b
3fa3
3ff8
3fd1
3fcd
0004
002d
3fb6
0077
00af
3ffe
00b1
3f40
3f6c
3fd4
3fb0
0134
3e7c
05c0
3ebc
3edc
0740
0078
03d3
3ef5
00a8
0118
0001
3fc3
3d60
02a0
00ec
3ff4
3a80
0154
3f44
0210
0017
005e
3fb9
3f41
3ffc
3f45
0030
3f50
00e0
3fd5
005a
3f7b
008f
0058
0037
0021
3ffb
0026
3fa7
3fcb
3fdc
0068
3fcc
009c
3e3c
3eb0
3f8c
3bc0
0108
3ff0
3c00
00a0
045c
0014
3f84
3ea8
3fc4
000c
011c
3da0
3f28
0078
0010
3ea8
005c
3e4c
3ffa
3f20
00da
0106
005c
00aa
0458
0184
02d4
3f78
3fb0
3fc8
3fa8
3fc0
3fe8
3efe
3f52
3fac
3fb2
001a
3f98
3fa4
3f78
002c
0260
0178
00e8
3570
01f8
0108
0100
0074
04b5
0003
01f0
016c
3f03
0031
0058
09f0
3cec
3cdc
3b90
0090
0160
3f30
00c5
3ff6
00cf
0017
3ffc
001b
0334
0090
02a4
3f9d
3f9e
3fff
3edf
3f58
3f87
3fcd
0033
3f9a
3fe3
0007
3fdc
3c48
3dbc
3e8c
3eec
3f9c
3f50
0760
3de0
3ff8
0600
3d80
03f5
007f
0218
0108
0029
3fbb
3ef8
3f00
01b4
3f24
3a80
0108
00fc
000c
0029
0004
0025
003d
3fd8
0065
3e18
3e64
3fb4
012f
00cf
0060
3f4d
3fdd
3f70
005b
3ffc
005f
006d
3fb8
00b5
3d50
3e80
3ed0
3f2c
00c4
3e68
3a10
0118
00a0
3c30
0350
02bc
0016
01a8
0388
3f48
3e72
00a8
0430
3f84
3e1c
04d0
00c8
008c
003c
0050
0025
002b
003c
3fb1
008b
0108
0084
0084
3fc6
0042
3f84
3f80
3f90
3ff0
3f86
3fab
3fdb
0050
006f
3fe1
02d0
0000
02d0
3e5c
3ee0
3f7c
0520
3c24
016c
0750
00f4
03d5
004d
3f5c
0094
3f99
3f35
3f34
02d0
0094
3ddc
3c00
3e64
3eb8
3fac
0027
3fb1
0076
007b
0077
0004
3dfc
3e04
3ff8
0187
00ed
009a
004f
0007
0048
00c7
005d
006a
008f
0027
0068
3ee4
3fb8
3f2c
0104
0140
3fc4
3d50
3ef8
00c8
0aa0
000c
0495
3fdf
3db4
3e64
0003
3f69
3d8c
3e40
01b8
3fb0
3e60
0398
0160
0238
3f9f
3fb4
3feb
3ff9
3ff4
0005
3f64
0080
3ee4
001b
3fe0
003b
005d
3ff4
0069
0047
0051
3ff6
3ff5
3f53
00a2
3eb4
3f80
3f34
3f90
009c
3ef4
0360
3e64
3eec
3ce0
3e58
03b2
0078
005c
0030
00a6
0058
01d4
05c0
00ac
0094
3e40
3c44
3e50
3df4
00b0
0077
0039
0094
3fe5
00af
3f60
3ee4
007c
005e
00ac
3fb2
00f8
002c
00cc
3fe2
3f8f
0053
3fd0
0009
3fc7
00cc
3fe0
00ec
0084
3ff0
0094
04e0
3f58
3da0
0300
3e80
0493
0115
3e24
0060
004b
0025
3e84
0370
3f78
3f48
3e10
01b0
3fbc
01f4
3f35
3f84
3fb1
3f89
3fd0
3fb9
3ec8
3e00
00c8
3f6b
3fbb
3fb0
0075
0081
3ff4
0071
006a
0007
003f
3fea
0055
006c
3fd4
0098
3f28
00a0
3e88
00b0
00c0
00b0
3f80
3f78
0310
3fa8
3fd8
00b0
3fba
0002
3f90
3e20
00d8
0198
38b0
3ec0
3e70
0050
3ffc
002c
3fd0
3f56
3ff6
3f60
3fb8
3fdc
3fdc
003e
000f
002f
0012
3fe3
002f
3fda
000d
3fcd
3f5e
3ffd
3f61
0038
01ac
3e8c
3e40
3fd0
3e70
0160
3f34
3ddc
3b50
3e40
03c2
006c
0008
00b8
3f12
3f88
01f8
0750
3ee4
3da4
03d0
3e9c
00b8
3de4
3fae
002d
3f81
3fee
3f8f
005f
0078
3f64
0114
0036
0090
3fa6
001c
0098
3f84
0104
0035
00cf
3f6a
3f9b
3fcf
01b8
0108
00b0
004c
3e8c
01c0
0130
3cdc
00cc
09e0
3e3c
04d3
3f39
3e18
3f3c
3fed
3f7b
00e8
02b0
3e38
0090
0260
0044
3ecc
0178
005b
006c
3fef
0051
0092
3fbf
01dc
015c
0080
3fe7
0086
3f61
0035
3fc0
0075
3feb
3f8d
005e
0025
3ffd
0028
0038
3ef8
0140
00f0
0224
3ecc
0360
3f84
3d44
36c0
3ce4
04b7
006d
026c
0034
0045
0027
3f84
02f0
0204
3de4
3ec0
00cc
01b4
3f18
0085
006e
0017
3ff7
3fe2
0015
00d4
3fa4
0130
009b
0048
0053
3fa5
0014
3f91
3fa3
3f33
0070
3f85
0011
3f74
00fc
00d0
002c
00a4
3f94
0110
0230
0168
0058
04e0
3e30
031f
0083
0048
00b0
0053
3ff3
3e88
3ed0
00ac
017c
3fd0
3fd8
3f60
0078
001f
0007
0018
3fef
3fed
0002
3e30
3e60
3fd0
3f67
3f97
3fd0
000f
3fe9
0026
00dd
00e7
3ff6
006d
0091
3fdc
3f18
00b8
3e60
0174
00e4
0090
0060
010c
3ec4
39f0
017c
0431
3f37
0030
014c
0031
3f67
0148
3cb0
0148
0278
0150
001c
0210
3e0c
004f
3ffc
0053
0023
3fa4
007f
3e6c
3fd4
3e98
0005
3f91
0074
00c3
0037
008c
00cf
002e
00a1
3f41
3f3a
0007
0100
01fc
3f04
00b0
00a0
0010
07e0
0008
0210
0800
01b8
03b6
3fb0
3ecc
3a48
00b6
00dc
3e2c
3e00
0178
3f00
3c00
3e98
3e74
0024
3fb2
3ff7
3fbb
00e6
00c1
0025
3fb8
3fb0
0008
3fd0
3fd6
3ffa
3ebe
3f1e
3fa0
0056
3fbb
009b
00a0
00cd
3fd3
01ac
0044
0168
01b0
005c
0154
0150
0050
0108
0aa0
3f8c
0327
0041
3fac
3f94
0093
3f81
3dec
3cf0
0178
0170
00e0
0150
3ff4
015c
0043
0046
3ffd
3fdf
000c
3fd3
3af4
3db0
3d44
002f
0033
3ffc
0019
3f7f
009a
0075
00ae
3fc7
010f
0070
009f
3fbc
3dcc
01f0
3f50
3ff4
3f5c
3be0
0000
3dc8
3bd0
0108
04aa
0066
3e3c
3fc8
00c4
3f74
3fec
32f0
016c
027c
0450
0030
00c4
3f6c
3f52
3f9a
3fb8
00b0
0056
005a
3f28
0188
3da0
3eea
3f25
3fc5
00da
3fff
00db
3fbc
3f9d
001f
0004
3fdb
0029
002c
0014
0018
02a4
0124
0180
02c0
01fc
004c
3a70
3f8c
0384
3fa8
00f8
3f34
3fe0
000c
3fb0
0440
3e78
3f98
04c0
3d9c
3e0c
3f90
00ac
3fbc
00f0
001c
00c0
3f5c
3e14
3ea0
3f74
0046
0008
003e
0036
0030
0006
007e
0070
000e
0072
0090
3fe2
01f8
020c
3fec
0018
00f0
3f28
36d0
3de8
03b0
0350
00b0
047f
3e7b
3de0
00d8
3fd5
3fd5
0128
0210
0058
0218
0970
0008
00f4
3f14
0053
0053
0000
005d
3fdb
0082
02e8
01c4
0124
0063
3ffc
0067
3fcf
3fa2
002d
3fbd
3fae
000f
3ff9
0004
3ff5
02a0
00bc
01e4
0180
0130
0050
0460
3ec4
3dac
3d00
3f44
0327
0101
01b0
0124
3ff1
3fc3
0170
3ec0
00f8
3ef0
3cc0
00cc
3fd8
00f4
3f53
3fe6
3f6d
3f79
3f5c
001d
3e74
3fcc
3ea8
0141
0078
00c9
007b
0072
0009
00cd
0065
0068
3fcb
3fe1
3fea
3db8
0028
3d90
3f50
3ef4
005c
00a0
00ec
037c
0430
3eac
038f
3fa7
3df4
0104
3f97
3f3f
3ee4
3d80
00e8
0118
0230
3edc
3e7c
0060
3fe1
0029
3fb8
007d
0055
0028
3df4
3ff0
3e04
0049
0079
3fd0
3fd9
3f8d
004c
0057
3ff9
005e
019f
0075
012a
3e44
3e64
3fe0
0240
0238
0008
3d90
0174
3d4c
0210
3ed4
03c8
007c
3fc8
3fa4
3f90
0058
00c0
38e0
3fdc
0064
04e0
026c
0210
005c
3f48
0016
3f32
0080
002c
0054
3f8c
0164
3e28
0092
0044
004e
0052
003a
0018
3fbc
3f58
0064
0008
3fb2
0056
3fd8
3ef4
00e4
0294
0188
010c
04b0
3f3c
001c
3da0
01f8
03de
3f3e
3ee0
3d68
3f8e
0022
0300
3a40
009c
0264
3f00
014c
00bc
0090
3ede
3fc4
3f1a
002e
3fea
0044
3fb0
0118
3e98
3fac
3f6a
0042
00d0
0060
0070
003e
3fde
0060
000a
3fa4
0066
3f68
0098
3ed0
022c
0160
00cc
3fa0
3f4c
0064
3f90
001c
0358
3f9c
00f4
01a4
0084
3f80
0074
0110
0208
3f98
36e0
3b6c
3d38
3e34
00b8
0064
0054
00f0
0038
00b8
3d9c
3f10
3e8c
00c8
0056
0072
3fcc
000e
3fbe
0110
0100
0010
00a8
002c
007c
3bdc
3ef4
3ce8
3f80
3fb8
3fc8
3c20
3e5c
01fc
0590
3d84
0483
0041
3db4
015c
004f
3fe5
3fcc
08e0
3f64
002c
0220
3f9c
3ffc
3fa0
00a7
001a
008d
3fab
3fe6
3fc5
01ac
0160
004c
0027
3fd3
0054
3f45
3f91
3fb4
3fa7
0066
3f41
001d
003a
3fe3
3dac
3e68
3f44
3d74
3d80
3ff4
39e0
0154
0164
0670
0170
046e
3efa
3e68
0160
0066
0076
0030
0710
3f38
0080
3c20
0374
00dc
0298
000a
0030
3fda
3f52
3f8e
3fc4
0038
3fc8
0070
3f64
3faa
3fba
3fa8
0014
3f94
3f9e
0010
3f8e
0006
3fda
002c
0048
00bc
3f8c
3b88
3db4
3dd4
0250
3d70
0008
3d80
3ee4
04de
00a2
0144
0094
3f4c
000c
021c
01a0
3f4c
0034
00b0
3f70
00a4
3ecc
00a2
000e
0094
0054
0082
3fd2
008c
3fbc
00d0
005e
00cb
3f93
3fc2
3f8d
0035
3f74
3f9d
3fd7
00a0
00af
3ff1
3e8c
3df8
0094
00bc
00d8
3fe4
0190
3cd0
3fc0
0480
3d24
04a7
0063
3f9c
007c
3f89
0029
0004
3c60
3f24
0044
3760
01f8
0168
0090
001d
0019
0004
3f53
3f79
3fda
3ebc
3fd8
3ee4
3ffb
008c
3f6f
0003
0026
3fdd
004f
0042
000d
0087
3f5c
012b
3e74
3fe8
3e8c
3e74
00dc
3d98
04e0
3f48
00e0
3a10
3fb0
03f6
3fd2
026c
3c10
020e
00c2
3e4c
0180
00e8
3e80
39a0
3e68
3fe4
3e84
00e6
0048
009e
3f86
3fd8
3fae
3fa8
3f30
0078
3ffa
001c
3fde
3fb2
3fb8
3ffa
3fb2
3ff4
3fbe
0002
3fec
0016
3f6c
3edc
0090
3e50
3fb4
3e9c
0260
3fa8
3f08
00e0
00f4
03c1
3f71
3fc4
017c
3fd7
3f6f
0184
3e70
3e7c
3ff4
0610
3f78
3da8
01d0
0045
0073
3fd2
00b3
0011
00a2
3c54
3e78
3ddc
008b
0078
0013
0087
0060
0027
0027
0028
3fff
01c7
0088
013f
3ee4
3dac
0138
014c
0078
00d4
0670
3e58
3ed8
3ad0
0394
0386
3f7c
0240
3df4
013c
00ca
3ea0
39a0
0434
01cc
0040
3f10
3fb8
3f58
3ffc
3fb5
0047
3fa6
3fff
3fa7
3d8c
3e84
3f08
00d2
00c3
000f
3fa0
3fa9
3ff7
3ff0
3fa4
004c
004a
0098
3fb2
0148
3fb0
0198
006c
3fe8
0084
04e0
3e24
3f0c
00d0
013c
0497
3f73
3f70
3fcc
003f
007f
3dd0
3ca0
00c8
00d8
3ee0
3f44
3f38
000c
3fab
3fbb
3ff0
3f0b
3ff9
3f12
3e84
3fd4
3eb0
0001
0013
3fee
003d
004d
3ff0
0023
3fd7
004c
0087
3fe9
009e
3fd0
0040
3f90
0028
0128
3f00
0950
3e24
3f3c
08d0
3f5c
0439
008d
3f50
3e8c
0033
001f
00d0
3d70
00ac
3f4c
0580
3efc
3e10
00ec
3faf
3f49
0066
0029
3fef
003a
3f14
3e3c
00d8
000f
001e
3ff1
0063
0076
3fed
3f39
3fe2
3f57
017d
010e
006f
3f88
3e90
00f8
0114
0054
00c0
0070
3fd8
3e68
03d0
3f10
03ab
001d
3e50
0088
00f3
003d
0058
05e0
3ee8
0198
0440
02e8
0098
0250
3f41
3f8a
3fb7
3fdd
3f96
0047
0110
005c
00b4
3f51
3fb5
3f9c
00e7
00cb
001c
3edf
3f70
3f6f
00ed
00cc
0021
0248
015c
00ec
0028
3eb0
0178
02f0
00a0
3de0
3b80
3fd4
03e3
3fd1
3fc8
3f74
3f67
3fb1
00a0
3a30
0204
015c
04b0
3d98
3ee0
3eb8
009d
0038
0065
013d
005a
00e3
3d54
3e14
3f40
010d
002d
00e0
3fbb
002d
3f8e
00d1
0080
0051
00c3
0086
003d
0028
3fcc
005c
001c
0080
3f9c
3e40
3e44
3dcc
3b60
008c
040c
0060
01c0
0144
00bc
00b8
0118
0210
3dd4
015c
07a0
026c
01a0
00cc
3f1c
3f58
3fc4
0030
3fdc
0054
3f34
3f90
3fa4
3f4e
3fe8
3f66
0102
00c8
003a
3fb2
3fe6
3fcc
0152
009e
00b4
01a0
008c
0114
01d4
3fe0
01f4
0220
3df8
3ff0
0160
3f08
0461
3f85
001c
3dd0
006b
00eb
01b4
3d70
0164
014c
37a0
3e60
0044
3e1c
00ab
0023
0088
00b5
0003
00b2
3f28
3e6c
00bc
0107
007a
008d
00bf
008c
0033
002f
004a
3fe5
3f3f
3f8c
3fb3
3d8c
0080
3d0c
3f3c
3fe0
3f5c
0380
3ef0
3f18
0170
0180
0444
003e
3d7c
3ce0
3fba
0008
3efc
3940
0128
0028
00e0
3fc0
008c
3f34
3f7c
3fe1
3f9b
0112
00ed
0025
3e00
3e88
3f78
00aa
006f
003b
3fb4
3fef
3fc5
0000
3fcc
0034
004e
002e
0020
3edc
3fcc
3f10
0460
0220
0240
3b10
0154
3fb4
01f0
02b8
0314
00b6
00d8
3fc0
007a
007c
00a8
0150
3f84
3ebc
0470
3f5c
3f84
3fd8
3eee
3f29
3fc5
0048
001b
002d
3ec0
3f8c
3f34
3fac
005b
3f51
3ffe
3fb1
004d
0026
3ffe
0028
0024
0052
3fd2
01b0
3f38
0278
01e4
0108
00dc
0030
01f8
3f00
3d30
0118
0364
3f6c
0278
3f38
000c
3f84
3d88
3b90
0094
0034
3820
0078
01fc
3e7c
004e
3f66
00e8
3ffa
0062
3f98
3ff0
0060
3f90
3fca
002c
3f9e
0006
0028
3fde
0064
3fb2
00b2
3f18
3f3a
3fde
0028
0160
3ec8
0204
02b4
3f50
0330
0170
3e58
0200
0000
03b2
3fb8
3fc8
0118
3fde
0054
3dc0
0a60
004c
3e24
38e0
3dd8
3e7c
3f5c
0044
0053
3ff1
3f2c
3fa7
3f85
0180
3f94
01ec
0028
0014
0014
3f3a
3fd2
3f68
008a
006d
001d
3efc
3fa5
3f57
3e08
3f7c
3e8c
3d54
3d78
3fdc
3500
0088
0278
0110
0104
03ac
0080
3f10
00b4
0058
3f0c
3ef8
3b40
0028
0148
3dd0
00c8
00a0
0028
3f8e
001c
3f72
3e8a
3f40
3f4a
020c
01e4
0028
3f82
3fae
3fd4
3ffa
3f7a
0080
3fd4
0050
3f84
3fe4
004c
3f98
00c8
00d4
3ff4
3e10
3eb0
3f60
3ca0
0128
3ee0
00e0
02b4
0297
3fd1
3ea8
0104
3fc5
3feb
3e88
36e0
02a0
3fb0
3e20
3fe0
3ecc
0114
0023
004a
3fd9
0015
003a
3fdb
3e94
3f9c
3ef8
0065
3fd0
0095
3fe7
0030
3fb7
0083
003d
0046
007d
001b
0062
3e00
0050
3db0
03e8
0258
0190
36b0
00ec
021c
0460
013c
0356
0020
0088
004c
004c
3fe2
3fa0
03d0
0318
3d00
3340
0134
01bc
3f78
3f9a
3fbf
3fdb
3f78
3f7b
3ffd
0334
0244
00f0
0072
0003
006f
3f48
3f9f
3fa9
3edc
3f9e
3f3e
3f96
3ff4
3fa2
3bd8
3e14
3dc4
3f58
3efc
005c
3c00
0098
0028
3ed0
0178
0378
0046
0158
03e8
002e
3f70
0040
02d0
02b8
3fe0
3b30
3fe8
0098
3f50
3f28
0005
3f23
3efe
3ecd
0031
0170
3f48
0228
3fec
3fbd
002f
3fee
000d
3fe1
0096
0088
000e
3f88
0026
3f62
3f78
007c
3efc
3d60
3dc4
3f9c
3e50
0354
3f1c
3a30
002c
037a
3ff8
0154
0384
001c
3fce
004c
3eb0
3fd0
0088
0400
3ffc
3ea0
015c
0038
0053
3fe5
3f4a
3f57
3ff3
3f3c
3ef0
004c
3ef8
3fb1
3f47
3fae
3fcd
3fe1
3f34
3ffa
3f3a
016e
0100
006e
0154
3e50
0304
0118
3f1c
01fc
3f70
0020
01d8
0060
0280
0437
3f17
0084
3db8
00fd
3fb9
3ea4
3750
0110
00a8
02b0
3ec8
3f44
3f84
3f2d
3f3d
3ff0
0043
3ff1
0052
0110
010c
0004
3f55
3fac
3fa9
3f01
3f62
3f9f
3fd1
3fc4
000d
00d1
005e
0073
0014
3fac
0068
02f0
0114
01dc
0470
022c
3f54
3a40
0234
02ff
3f33
3f10
3d24
00d9
3fbd
0028
3cb0
0160
3e58
3e80
3da4
3f48
3e5c
0065
3ff5
0070
3fdf
3f83
005c
0234
013c
00f8
3f2b
3f4e
3fdd
3fc7
0026
3fa1
3fe9
3fdc
000d
3f39
3fec
3f4d
00c0
0194
3f2c
3f08
3ef4
0014
0250
005c
3ea4
3d60
00f0
036a
3fce
0054
0168
3f98
3f70
3d74
3c10
3fa8
0050
03e0
009c
3fa0
00fc
3ff0
0004
3fec
3f8e
0024
3f6a
3d08
0044
3cc4
007c
0053
0029
00e4
0035
00af
3f9c
3fbf
3fdd
0164
0041
0123
3eb4
3eac
0008
0288
00bc
01cc
0730
3d7c
02b4
0bd0
0184
0464
3ee4
3d44
3c3c
002e
002a
3fd4
3340
0234
0034
3ec0
3efc
3eb8
0044
3f94
3fa4
3ff0
0022
0034
3fee
3e6c
3eb8
3fb4
0118
0067
00b1
0040
0015
002b
3faa
3ff9
3fb1
0016
005b
3fbb
3e44
3e74
3fd0
021c
01b4
0068
3f80
3fb0
0038
3ed0
3fec
03fe
3f8e
3cc8
0094
3f44
002c
01b8
3d10
3e98
0088
0350
0048
3f64
00e4
3fae
3ff4
3fba
0004
003a
3fca
00fc
0240
3ebc
3f52
3f7b
3fd7
0056
0023
0033
006a
0013
0057
3fb2
3f5b
0057
0108
0158
3fb0
0030
01f8
3e38
3e40
3d24
3d04
0540
0070
0465
3fdd
3f60
03a8
001f
0087
3fb0
0530
3d78
00d0
0260
008c
0024
0068
005d
003f
001e
3f1b
3f09
0012
3ef8
3e7c
007c
000b
00d6
3f35
0063
0052
0011
004f
0076
3fd9
3fe3
3fee
3ff5
3fb0
3ea0
0110
3b38
3cf4
3e44
3cd0
01e8
00d8
3b40
3ec4
0326
3ff6
0204
3ce4
00c0
3f54
3d84
3760
0110
0108
3fe0
3eb8
3f78
3f40
00d4
0056
007e
0102
012a
3fd8
3fc4
00ac
3f18
3fea
3fb7
0033
004a
003d
000d
007a
3fd1
00a9
3f92
001b
3f77
0204
0134
00d0
00d0
011c
3fb4
0290
3d7c
3fcc
0280
3f4c
047c
0024
0080
3e74
0002
007e
00a0
0260
016c
005c
0640
3fac
002c
3f80
00e0
00a4
003c
3fe2
0004
3fde
0384
01a0
01e4
007e
0027
0057
3fda
0025
3fb5
3ea0
3f6f
3f31
3f48
3fcd
3f7b
01b8
00b0
0108
3f8c
3e14
0178
05c0
3c24
3f44
02f0
3e7c
0440
3f38
3f3c
0084
0126
0016
3df4
0370
0078
01d0
00a0
0094
0024
0070
004c
009e
3fae
002e
3fe0
004e
3eec
3f10
3fdc
0012
0037
3fdb
0122
00e7
003b
3f66
3f93
3fd3
000a
000f
3ffb
007c
3f98
00e4
3f78
3ecc
00ac
0550
3f08
0178
0470
021c
0462
3fc4
3f0c
3f64
006c
3f7e
3efc
3bb0
0268
0068
37c0
3fc8
3e68
0160
005e
001b
0043
3fd0
001d
3fb3
3d94
3e88
3f0c
0096
3fc3
00d3
0068
3fb9
00af
00ae
00e0
3fce
0080
005c
0024
3e7c
3f14
3f68
3d08
3ef8
3e10
0320
3fd8
3e28
0260
0010
0405
3f97
3fec
0270
3f3d
3f7b
3f9c
0560
00f4
3fb4
38b0
0200
0030
01d0
0085
008e
3ff7
3f65
3f98
3fcd
3ff8
3f08
00f0
3fcb
0015
3fb6
0099
00a1
3ff8
3ef5
3fa0
3f55
0137
00aa
008d
3dc4
3dbc
0008
3eac
3e5c
0050
3f20
01b4
0154
3d50
3f3c
037e
0032
01d4
017c
3fac
0078
0034
0180
005c
3f4c
3e10
3f4c
3f3c
0010
00e4
009e
0046
3e96
3f38
3f5e
3cec
3d7c
3f70
0034
000f
0025
3ffc
004b
3fb1
0002
0073
3f8f
0042
005b
3fe7
013c
0004
0138
3bb4
3c8c
3f28
0100
0168
3ed8
3760
0128
02b1
001d
019c
0258
3fb3
00fb
3f64
0770
000c
3f1c
3f60
3f98
0078
3f20
3f81
3f83
3ffe
3ebf
3f17
3fa8
0058
0048
0010
002d
001a
0013
3fbd
3fc0
3ffd
3fd3
3f84
004f
0127
00c2
0065
01a4
0090
0114
3fac
0004
3fa8
3f90
03b8
3fa0
3f60
3dbc
046c
0074
3ec8
00f4
3fc6
3fe6
0100
0470
3fa8
0240
04f0
3f88
3f0c
007c
3fa2
004e
3f54
0060
3fd4
008c
02bc
0170
014c
3f6c
3f23
0049
0070
001f
0051
3fa6
0005
3fa1
3fda
00b1
3f29
0338
0204
0134
00d0
3e94
023c
01e0
3d24
000c
01f0
0018
046d
0047
3f90
3da8
00a1
006b
3d50
0170
3f60
00a8
3a70
3e74
3e58
001c
0047
0004
0043
3fab
000c
3f9f
02d0
0130
01a0
3fd5
0097
3f3e
0017
0015
0002
3fbf
3fde
3fe1
3f39
0006
3f33
3fe8
0050
3f98
3dd8
3dc4
0014
0300
3e0c
3e64
3ee0
3e88
04d7
0029
3ea0
3f60
00d3
0009
3e40
0290
0340
3ea0
3840
00d4
0000
00d4
0019
00be
3f5b
3fbd
3fb0
000d
0050
001c
0034
00d3
000d
00c6
00b1
00cd
3fe4
3f8b
3fb2
3fd9
3fbd
3fb8
0005
3ef8
0078
3e80
3f80
3f08
0078
3e30
3c78
0210
0870
3c8c
04c4
00b0
3fdc
3fbc
3fde
3f4a
3d9c
0750
3d28
3dc8
01c0
0180
011c
0064
0042
0052
3ff0
0060
00dc
3f84
01a4
00ac
00f8
3ffe
00db
3f23
3fe2
3fa7
003b
3fd4
3fd7
3ffd
3f24
3fab
3f79
0134
0014
0120
3fa0
0050
3f50
0370
3fb4
00dc
3e30
3f28
046f
007b
0114
0040
002b
3fd7
01fc
03a0
02d4
3f2c
3fe0
3e14
3fb0
3e64
00cd
0029
00a4
0089
3fc5
00c4
0058
3f34
0124
00b9
3fab
010e
3f9d
000f
3f8e
3faf
0019
3f96
3f87
0019
3f6e
0054
00b8
3f9c
3ddc
3e08
3fd4
0490
00f4
00b4
0030
3cb0
0354
00de
00d8
3f60
0066
3fbc
0028
05a0
3fc0
3ed0
02d0
3e0c
3f0c
3f00
0160
00dd
0083
0082
0031
0051
3f48
3ff0
3f58
3f78
0001
3f77
3fda
3fb5
0025
001a
003a
3fe0
0080
0038
0048
0088
3f60
0128
3d28
3e80
3ea8
03a0
016c
3e9c
3b70
3e24
041b
003f
3ecc
3d94
0077
0053
3f9c
05d0
3dbc
00ec
3fd0
3cb4
3e4c
3e68
012d
00f3
003a
0001
003b
3fc6
00b4
0034
0080
3fed
3ff1
3ffc
004d
0015
0038
008b
006f
001c
3e63
3f53
3f10
3f5c
008c
3ed0
3d14
3e84
3e90
0320
3ef0
3ed0
03f0
3d08
0526
3fd2
3eb8
0130
3f5a
001a
0228
0900
3e58
3fb8
07c0
0038
3f90
00a8
0084
0094
3ff0
3fcc
0006
3fc6
0170
00fc
0074
0032
0034
3ffe
3fc6
3fc6
0000
3fde
3fc4
001a
3f5a
3f9a
3fc0
3f80
3f58
0028
3ef8
3dc0
0138
0050
3e08
3ff0
0360
3f70
0419
005d
000c
00c0
3f33
0023
3fa4
3dd0
3d94
00ec
0100
0168
00fc
006c
3f41
3f93
3fae
3fb3
0063
3f50
03b8
01a8
0210
3f5f
0024
3f3b
3fdb
0002
3fd9
3f9d
3fea
3fb3
3f45
3fc4
3f81
025c
00f8
0164
00f4
0140
3fb4
3e20
002c
3f7c
3d60
01d0
03ce
3fd2
3e0c
3e80
007a
3f52
005c
3b90
019c
015c
3e60
0134
012c
0008
3fb4
002e
3f86
3fd8
0030
3fa8
3dc0
3ec0
3f00
0110
009e
0072
0120
0044
00dc
3fdc
0000
3fdc
3f70
3fea
3f86
3f1c
3eec
0030
3c6c
3e4c
3e20
0570
01d8
3c40
3a40
3de8
043b
00bf
00c8
3c90
3fd1
002d
01a8
3ef0
0028
0080
03e0
0010
008c
3f84
3fe7
002b
3fbc
0105
0039
00cc
0080
001c
0064
0011
3fa6
006b
3fed
0056
3f97
002d
000e
001f
3fdd
3ff6
3fe7
0140
0188
3fb8
0050
001c
0034
0090
01ac
031c
01d0
3f14
033a
3fe2
0204
00ec
3fb0
3f24
3df4
3d20
0298
0168
3cf0
006c
3f4c
0120
0012
0032
3fe0
3f08
3fe6
3f22
0034
0050
3fe4
010c
0067
00a5
3fe8
3f81
0067
0056
0021
0035
009e
006f
002f
3e34
3ebc
3f78
3ea8
0038
3e70
03b0
3f88
3fb8
01c0
3c54
03b0
00f6
01c8
0044
3fa2
3f90
3fb8
07b0
3e5c
3d34
00f0
3e48
3e88
3fc0
00ae
00fd
3fb1
0068
003b
002d
0134
0174
3fc0
3f9a
3fd3
3fc7
3f74
0011
3f63
3fe0
3faa
0036
0042
3fce
0074
3ff0
0058
3f98
0044
0008
003c
0630
3dc0
0030
0140
3f2c
03e6
3fec
01b4
3c54
0066
3fc8
0024
3ab0
00c4
0194
0110
3e10
3ed0
3f40
014e
0093
00bb
00ba
00a1
0019
3ebc
3fd0
3eec
3ff6
0026
3fd0
3fcc
3fea
3fe2
0074
0069
000b
0012
3f63
00af
3ff4
3f5c
0098
3fe4
0094
3f50
0530
02b0
0040
0010
011c
0375
3faf
0014
0074
3e99
3f6f
020c
3c20
3f20
0208
0710
3fc0
3e48
0178
004f
004e
0001
3fc7
3ff8
3fcf
3f7c
3f28
0054
006b
0069
0002
0009
3fe5
0024
0087
00d2
3fb5
0025
3fac
0079
3f44
3f68
3fdc
3d78
3eec
3e8c
3ec0
3d9c
00ec
01d0
0050
0419
3f47
3ee4
0000
004d
3f1f
3ccc
00e0
0174
3e14
3be0
3f74
007c
3ef8
000f
3ff8
0017
0053
0026
002d
3f60
00d8
3e88
3fbd
3f97
0026
3f8f
004b
3f44
0021
3f50
00d1
002b
3fc2
0069
0014
0170
3ea4
01e4
0064
0180
3a70
0050
0210
3f60
004c
046b
0071
3e8c
02bc
3fc9
3eef
3f9c
0300
3fac
3eec
05c0
3ef0
3f30
3fc0
3fbf
0002
3fbd
3f95
3fc8
3fcd
3cdc
3e24
3eb8
3fef
3fe2
000d
3fd5
000c
3fc9
0163
0101
0062
0041
0045
3ffc
00bc
011c
3fa0
3f14
3f3c
3fd8
3dc0
3fac
3f54
3a90
0068
02e6
006c
0290
0048
0044
006a
0178
3e90
02b4
3fbc
3f40
3ea4
0078
3e2c
3f6a
3fc7
3fa3
0080
3fe5
009b
0278
0228
0050
00ea
0067
0083
002c
0005
0027
3f8e
3fae
3fe0
3ee4
3f6a
3f7a
0028
0094
3f94
3fd4
3f10
00c4
3ce0
3de4
3f8c
3e60
01f4
0423
3f9d
3fe4
3ef4
3f69
0047
0164
3de0
3f10
3ee8
0270
0034
0108
3f2c
3fdf
3f84
005b
0099
0044
0055
030c
01fc
0110
008d
005e
002f
3f3b
3fae
3f8d
3fcb
3f93
0038
3f25
3fa9
3f7c
0174
009c
00d8
0290
01ac
00e4
3b30
00e4
02c4
0000
0074
03b4
3f82
3f38
0094
006e
3ffc
3fc8
0050
3f6c
0074
0480
3fb4
3ff4
3fc0
3fc8
0003
3fc5
006e
3f95
00d9
02bc
0124
0198
3f96
3fc5
3fd1
0078
005b
001d
0082
005c
0026
0004
0004
0000
0218
0158
00c0
004c
0038
0014
0240
3f7c
01fc
0490
3f50
047b
3fa9
3eb8
00c8
3fa7
3f71
3d20
3c20
0020
3fb8
0190
00e4
3fc4
0120
0011
002a
3fe7
0001
3ff4
000d
3f78
3f0c
006c
3fcf
0001
3fce
0071
0065
000c
3f4b
3fec
3f5f
00c5
0062
0063
0050
3fbc
0094
0208
007c
018c
3b40
0124
00bc
3f70
0108
0394
3fb0
3fac
00b8
3f04
0028
008c
3bd0
3fd8
0270
0480
00f4
0110
3fe4
0042
3fb8
008a
0086
001c
006a
3ec0
3f08
3fb8
0052
004e
0004
0022
3fee
0034
0098
3ff2
00a6
00b0
003e
0072
018c
0024
0168
0180
018c
3ff4
3da0
0554
3e14
3820
0000
03da
001c
00f0
0228
3f56
0078
01a8
0340
3d14
0044
0640
0034
002c
0008
0024
3f93
0091
3fa4
3fdf
3fc5
02b0
016c
0144
3e66
3ef6
3f70
3fec
001c
3fd0
3f38
3f6f
3fc9
006a
0043
0027
3fe0
3f3c
00a4
020c
0114
00f8
3ff0
3ed4
04a4
0360
3f88
047f
0027
3ee4
3de8
004f
000b
3d2c
3dd0
002c
0064
3a80
005c
014c
3f10
3f8f
3f91
3ffe
3faf
3fd3
3fdc
00a8
0108
3fa0
0117
001f
00f8
3fbf
3f7d
0042
00dd
002d
00b0
3ecd
3f2b
3fa2
3e4c
00e8
3d64
3f6c
01b0
3dbc
3b00
0114
021c
3d30
0274
030b
3fad
3f80
3f34
003d
3f7b
0158
3f40
016c
3e2c
01e0
00f4
0178
3f7c
3fdf
3ffc
3fe3
00a1
0060
0041
01fc
0124
00d8
3fe3
3f68
007b
3f51
3f88
3fc9
3fe5
3ffb
3fea
3f2f
3fa9
3f86
3fb8
000c
3fac
00fc
008c
0070
09d0
3f50
3c10
3f50
0004
03c8
0084
00fc
3fb4
0006
00e2
03cc
3df0
3f64
016c
0130
0180
3fc0
01c0
0056
3ffa
005c
0050
3fe0
0070
3da4
3df4
3fb0
3fac
3fa1
000b
0118
0081
0097
3fd6
0009
3fcd
013e
0089
00b5
3fd4
3efc
00d8
00ec
00d8
0014
3fd0
3f04
0094
3cd0
3e28
041f
3ff7
00e8
0110
0049
00c1
0178
0720
0104
3f64
3f80
01e4
01fc
3fe8
000d
3feb
0022
3f1f
3f5d
3fc2
0080
3e94
01ec
3f9f
3fa0
3fff
3fcb
001c
3faf
004d
0082
3fcb
3efd
3fc2
3f3b
00b8
01b0
3f08
3d94
3e84
3f10
0600
0028
0158
05c0
3d80
03ce
3efe
3f3c
0198
0038
3f20
3e94
01c0
0038
3e90
3cc0
3c40
3d88
3eb8
014c
00fc
0050
0006
3fee
0018
0108
3f94
0174
3fb2
3fb9
3ff9
3fea
0079
3f71
3ffc
3fcb
0031
0034
008f
3fa5
004c
0038
0014
0048
3fdc
006c
3bb0
00f8
3f58
0380
0118
0314
0080
0350
0278
004c
3f3c
3ef8
02d0
0130
3e10
3a30
00a8
0088
0020
3ff6
3f9e
0058
3f72
3f18
005a
0030
00b8
3f78
00a4
002a
007a
009c
0054
0048
3fe4
3fd0
0014
3f4c
3fc6
3f86
3e48
3f8c
3ebc
3e70
3f88
3ee8
3e80
3e98
0158
0560
0208
03ed
3ef7
3e74
0140
0123
0059
02f4
0200
3fe8
02c0
08e0
0038
0020
0018
3f33
3f66
3fcd
003d
3fa6
0097
3f40
3e4c
00f4
002d
0056
3fd7
0063
001a
0049
0005
0013
3ff2
3ff3
0031
3fc2
3f74
3f64
0010
00b0
3f54
015c
3c80
3dc8
0260
3ec0
3edc
04aa
001a
00a4
3ddc
0142
3f62
3f7c
00a0
0098
3f78
0020
0048
00dc
3f6c
0006
001a
3fec
3fda
3ff6
3fe4
0344
0244
0100
0000
3ff0
0010
0034
001c
0018
3f04
3fc4
3f40
3e38
3f04
3f34
3e7c
3ff0
3e8c
3ee8
3dc0
0128
03d0
3fec
00a4
3970
0154
03ff
3fd9
02bc
00bc
0031
3f5f
000c
0270
3ff0
3e80
3df0
3f9c
3fb8
3fe4
3fb7
3f4a
006d
3fd9
3ffe
3fdb
3d2c
3db0
3f7c
00ab
003c
006f
3f51
0010
3f41
3ff9
0021
3fd8
00ff
0057
00a8
3d4c
3f34
3e18
0078
0078
0000
01e0
3f64
3e44
0150
3f00
03cd
0047
3f74
3e68
0027
3f35
0194
03b0
00a0
3d40
0120
3f2c
3fb4
3f78
3ff9
0046
3fb3
003f
3fda
0065
3e80
3f7c
3f04
0165
0088
00dd
0013
0058
3fbb
0047
0051
3ff6
3f79
3f9f
3fda
3d94
3f3c
3e58
3ef8
3f00
3ff8
3c00
020c
3fd4
3b60
3ee0
0398
0060
0050
3ff0
3fc4
0024
3f20
3de0
0174
015c
0050
008c
0098
3ff4
3fea
3fd8
0012
001e
0078
3fa6
02f8
0228
00d0
00c4
0034
0090
3fb0
3fec
3fc4
3fde
3fe6
3ff8
3ee6
3f5a
3f8c
3e00
3ff8
3e08
0024
00e8
3f3c
00c0
029c
3ffc
3c60
3fc8
0337
3ff9
3ec4
3f70
3fc1
00cf
01bc
09a0
3d2c
003c
0210
3c24
3e94
3d90
00e5
0092
0053
00cf
006a
0065
0080
3f3c
0144
3e7d
3fbc
3ec1
002b
3fc0
006b
3fd9
3ff9
3fe0
3fa3
3fff
3fa4
01c4
0080
0144
3f54
3ebc
0098
0860
3f0c
3f9c
3d10
3fc0
039e
0046
3f3c
0018
0060
3fb8
006c
3e20
00a4
3ef4
0400
3dc4
3dcc
3ff8
3f56
3fac
3faa
0070
008a
3fe6
3d58
3df4
3f64
00a0
3ffb
00a5
3ffc
0057
3fa5
00fc
0087
0075
0014
008b
3f89
00b4
0104
3fb0
0184
01ac
3fd8
04d0
0038
3f60
3ed0
3d5c
049d
00a5
01d4
002c
3f2b
3ed7
3ec4
3f90
3fd4
3ce4
37a0
3f88
3efc
008c
00a3
0069
003a
0031
0041
3ff0
3dcc
3eb4
3f18
00f3
0102
3ff1
004f
0010
003f
001f
00a8
3f77
3fbb
3f72
0049
3e04
3e0c
3ff8
3dcc
3f5c
3e70
0150
3e3c
3ea4
3ef0
3fec
03cf
0007
0128
3f8c
3fbb
008f
3e80
3d30
0064
02c4
01b0
3f54
3ee8
006c
004f
0041
000e
3fef
0043
3fac
3e34
007c
3db8
0175
007d
00f8
00b5
000f
00a6
3fc7
0025
3fa2
0077
002b
004c
3e18
3ecc
3f4c
3f44
3ef4
0050
0260
3ed0
0328
09e0
3e4c
03b9
3fbb
3f64
009c
00d9
3ff3
3e04
03b0
00e4
3be4
3b70
3fd0
3fcc
0004
3f65
3fe2
3f83
3ff5
3fae
0047
00ec
0084
0068
0001
3ff7
000a
3e2b
3ef5
3f36
0029
3fe8
0041
3fa3
3f84
001f
3d8c
3e5c
3f30
00fc
003c
00c0
3f30
3df0
3fd0
04b0
3f00
044d
3fb9
3d9c
3f60
0043
00bb
00bc
0080
0104
02ec
02e0
0278
3fb8
02c0
3f85
001d
3f68
3ff7
0001
3ff6
00e0
0070
0070
0097
0022
0075
003b
3fe0
005b
3f49
3f9c
3fad
00a5
002a
007b
3f1c
0024
3ef8
3f7c
3f40
003c
3bb0
3f84
017c
07e0
00e4
03eb
0065
3e00
01c4
3feb
3f8d
3f88
3c80
01e0
0100
0090
0444
0230
0214
3f95
3ffe
3f97
3e81
3ece
3fb3
0054
010c
3f48
0071
0067
000a
0023
3fd9
004a
3f67
3f94
3fd3
0011
3fdc
0035
0090
3fac
00e4
3fe0
3eb0
0130
3d20
3f08
0038
0590
3d3c
04af
0093
3ee4
3f34
0001
3fb1
023c
0280
3ba8
3ed0
01d0
0288
0110
0178
0059
0077
3fe2
0173
007b
00f8
013c
01b8
3f84
3fb5
003e
3f77
3f91
3fb8
3fd9
3fbd
3ff6
3fc7
002d
3fb8
0075
3cdc
3e00
3edc
00d8
005c
007c
3f60
3f84
006c
3e40
018c
0426
3f70
3ff0
012c
0114
0066
00f0
3c20
3fc0
0198
0290
3fe4
0060
3f84
0004
3fb7
004d
3f36
3f81
3fb5
3dfc
3f34
3ec8
003a
3ff9
0041
3fd4
0047
3f8d
003c
0098
3fa4
009a
0008
0092
3d70
3f70
3e00
0038
019c
3e9c
0010
3f20
0018
01b0
3f54
0421
000b
3f74
3de4
3fbf
3fb5
3fd4
3d40
3d14
0064
0930
3fc0
00ec
3ed4
0081
0034
004d
3ff7
001c
3fdb
3ed4
3ec4
0010
0061
009e
3fc3
004f
001e
0031
0023
3fb7
006c
0021
0035
3fec
002c
3f44
00e8
00bc
0044
0078
3bb0
0064
3fec
3fc0
02ac
038e
3ffa
3f9c
3fec
0058
3fac
3fdc
3740
02a4
019c
0100
01dc
0190
004c
3f50
3fb4
3f9c
004a
3fba
0090
3f7c
3f9c
3fe0
0036
3faf
0087
3fee
0017
3fd7
3fb0
3fbb
3ff5
3fc4
3f6b
0059
3ef4
3ec4
0030
006c
0038
0034
3d60
3f4c
3e9c
03f0
3d28
0432
023c
0220
3ef0
00b6
3f88
3f00
3e90
00b8
3d50
3c50
0004
00c4
3f40
002e
3fb1
007d
00a6
0071
0035
0008
00fc
3f0c
3fee
3ff4
3ffa
3fe0
3fa6
003a
00b6
0025
0091
3f7c
3ff9
3f83
0078
0000
0078
0300
025c
00a4
01e0
0100
3fe8
3ac0
3e50
03f3
008f
0280
0160
0009
3fd9
0388
3ee0
00bc
3ea4
03a0
3e60
3f4c
3f14
010f
004f
00c0
3fe5
3f77
006e
3fa0
0018
3f88
0015
0056
3fbf
3fed
3fc0
002d
006f
0024
004b
00af
00ce
3fe1
0120
3fdc
0144
0024
3fc8
005c
0460
3f08
3e38
0040
013c
0398
008a
0254
3e14
0090
00c2
3e6c
3cf0
00f4
0134
3ef0
3f18
3f68
3fb0
3ffa
3fdb
001f
002a
0067
3fc3
3f7c
3f00
007c
3f76
3fe6
3f90
00c8
3ff4
00d4
0054
0031
0023
3fce
0009
3fc5
02a4
00e8
01bc
01fc
015c
00a0
3bf0
00c8
3fe8
3ec0
3fe4
034c
3fc0
0010
3e7c
3ff4
00e0
03b0
0040
0250
3fd0
0630
3f98
00d0
3ec8
0056
0076
3fe0
0012
0022
3ff0
0054
3f90
00c4
000c
3fda
0032
3f5c
3fe2
3f7a
3f9a
3fb0
3fea
0076
0094
3fe2
3fe0
3f78
0068
01e0
00c8
0118
39c0
0190
3ff8
0010
0140
04b6
3f32
3d10
3f78
3fa8
00e0
02d0
3720
3e44
030c
0440
0160
007c
00e4
3fb6
3ffe
3fb8
0058
002e
002a
3fc0
00bc
3f04
0044
003f
0005
0088
0091
3ff7
3f32
3f9f
3f93
00de
3fad
0131
3c88
3d58
3f30
02dc
01c0
011c
0100
3fc4
02b4
0560
02b4
03a4
00fa
012c
3f6c
004e
3f50
3ddc
3c90
0170
3ec0
3ad0
0024
001c
0008
3fb0
3f63
004d
005e
0013
004b
3cac
3df0
3ebc
00a6
0083
0023
0088
3fd7
00b1
005c
0076
3fe6
005a
002c
002e
3f9c
3ecc
00d0
3f80
00a0
3ee0
03f0
3f38
0028
3cf0
3e60
0507
008d
000c
3f50
3eb7
0001
01e4
0000
3c6c
3f2c
0240
3db0
3f00
3eb0
0053
004a
0009
00cf
0094
003b
3fd8
3ef8
00e0
0015
0051
3fc4
3fd7
0025
3fb2
3f63
3f7c
3fe7
3f89
3fba
3fcf
3ffc
0128
3ed4
001c
3fcc
0050
0060
0158
00b8
04f0
0190
045a
3f08
3d58
3f58
003c
005a
3ce8
3be0
3ff8
0250
0460
3fc8
3f30
0098
3fbc
3feb
3fd1
3f9a
0059
3f41
0198
013c
005c
3fc6
3f1f
00a7
0024
3fa9
007b
3f58
3fa2
3fb6
3ff6
001e
3fd8
0178
0030
0148
0050
0144
3f0c
3e20
0180
3e20
3770
01b0
03cf
3f05
009c
00e8
3ee3
3f7d
0014
03f0
3cb4
3f84
0490
3fb8
3fe0
3fd8
3f75
3fcc
3fa9
0091
009a
3ff7
00a8
3f8c
011c
3fd5
0021
3fb4
001b
0021
3ffa
0021
0072
3faf
3f33
3fec
3f47
007c
0018
0064
0124
005c
00c8
3d40
00a4
3e04
3a70
0028
045a
3fc8
3f28
00c8
3fd0
3fda
3ea8
3f50
3edc
02a4
0690
00f4
004c
00a8
001a
3ffd
001d
3f68
3fc9
3f9f
0050
0140
3f10
3f38
3f6d
3fcb
0066
005d
0009
005e
0050
000e
0060
3fda
0086
0268
01a8
00c0
3f3c
3fd0
3f6c
3c10
0098
0130
00c0
0050
048d
3f37
3d80
3ee0
3f23
3f89
3e80
0040
3f0c
0024
00d0
3f80
001c
3f64
00df
0094
004b
3fc9
0014
3fb5
3f78
3fc0
3fb8
00c7
000a
00bd
00a1
003a
0067
3fa3
009b
3f08
0011
3fd9
0038
3e18
3f40
3ed8
3c04
3de0
3e24
0b60
3cd8
3f40
0540
3e78
050b
3fc1
3e10
3fe0
3fc3
3f65
3fe0
0240
3d1c
3ffc
0140
3eb0
3f04
3fac
00e7
00bc
002b
3f7f
3fca
3fb5
3e30
3ddc
0054
009f
3fe9
00b6
00e1
00a5
003c
0055
00f0
3f65
3fb7
3ffa
3fbd
3e40
0048
3df8
3d34
3e3c
3ef8
0770
3f24
3f7c
02f0
3ecc
0343
007f
3fdc
3e8c
000f
3f8f
3f2c
0370
3ff4
3e2c
3990
3d2c
3d98
3f94
0093
0067
002c
009f
00e9
3fb6
3f64
3df4
0170
000d
001f
3fee
007d
003d
0040
3fdb
009d
3f3e
3f93
3fcf
3fc4
3d4c
3e74
3ed8
3e3c
3f60
3edc
0010
02f8
0008
3bb0
3f34
036e
0054
008c
00fc
3f40
00be
0144
04a0
0014
0194
00d0
3f10
3f30
3fe0
3fee
0013
3fdb
0020
3fe1
003f
3fb4
00b0
3f04
3fa2
3f29
0079
0034
3f83
00b1
011e
00f0
002e
3fac
3f88
0024
001c
00e8
3f34
3c7c
3ed4
3da8
00e0
0260
3ee0
3ee0
0190
030b
3fcd
007c
3f00
3f41
00ab
01f4
0190
0030
3eb8
3d00
3da0
3ef8
3ea8
00e3
0044
009f
004d
005a
3ff3
0140
00a0
00a0
3fe9
3fec
3ffd
3fd7
004e
3f89
0069
00b1
3fb8
002f
3fbd
0072
3dcc
3f58
3e74
3e48
003c
3e0c
3f60
0118
3d40
3f80
0034
04b2
00d6
3ec0
0224
3e76
006e
0270
3f80
3e58
3fe8
3f20
02f0
015c
0194
3f3a
3fbc
3f7e
3fe6
3fd6
0010
3f84
00e4
3ea0
0058
0070
3fe8
006c
0006
0066
3f4a
3fce
3f7c
3faa
3f5c
004e
3f40
3f40
0000
00d8
0188
3f50
02f0
3c58
0078
3d80
3ed4
048a
3f60
01e0
3fac
3fd0
000e
0130
0700
3e88
00c8
3ea0
3f68
0130
3e38
0074
0027
004d
00d6
0045
0091
3fdc
3fa8
0034
0074
00b5
3fbf
007e
0043
003b
0046
005a
3fec
3f08
3f4e
3fba
3fd8
0090
3f48
3ed0
3f10
3fc0
0070
3ee4
3fcc
0430
00b4
0526
3fb2
3bac
3da4
0040
0098
3e34
3a70
3ecc
014c
0040
02e4
0198
014c
3f02
3f86
3f7c
3fb4
3fc6
3fee
3ef4
00b4
3e40
3f30
3f0f
0021
0094
0039
005b
3fca
3f8f
003b
005e
3f65
00f9
0094
0080
0014
3f64
002c
3f38
08e0
3df4
01dc
01c0
3d40
03e3
3f53
3e00
3ea8
00db
003f
0280
3d80
0230
0378
02b0
3d5c
3d38
0024
005f
00ad
3fb2
0097
001f
0078
3fa0
005c
3f44
3ff7
3fc1
0036
004f
3fd3
007c
0049
0007
0042
0071
0051
0020
3fc8
3f30
0098
0050
3ff4
005c
3b40
0094
3fa4
3c60
3f10
03f5
00b9
01a0
0028
0071
0019
3f38
02d0
3f08
3e38
3840
02dc
020c
00d0
3f89
3fd9
3fb0
3ef5
3f8f
3f66
3fe0
0174
3e6c
3f7f
0001
3f7e
001b
3fb3
0068
0079
0015
0064
006d
3fcb
00a2
3f68
3f84
3fe4
00c8
0140
3f88
3d90
3e98
01f0
05b0
0108
045b
0069
3f44
0210
004d
3ef3
3de4
02e0
0030
3cc0
3a90
3fd8
3fe4
3ff4
3fad
3fa0
000d
008f
004e
0041
3fe8
3f1c
00cc
0065
007e
3fe7
3ff3
0038
3fbb
3ffb
3fcf
002c
0009
0073
3f96
00e4
010c
3fd8
0308
0168
01a0
3b90
0184
0004
01b0
014c
0351
3fe3
3e10
01a4
3fd5
3f73
0058
0520
3d64
0114
0200
3f04
0034
3ed0
0053
0022
0031
006b
0014
0057
0174
3f40
0234
0019
00c5
3f54
3fdb
0005
3fd6
005d
0024
0039
3faf
3fbe
3ff1
3eb0
3f1c
3f94
001c
0084
3f98
37c0
00e0
0210
0420
01c8
034c
0036
00ec
0280
3fac
3f92
3c84
0110
3fc8
3ff0
38f0
0108
0240
3ec8
3fb6
3f97
001f
3fe6
0011
3fd5
02c8
00a4
0224
3ffc
0094
3f68
3f56
3f78
3fde
3f70
3fcf
3fa1
3ef6
3f1d
3fd9
3e24
3e58
3fcc
0020
0104
3f1c
3b40
3f3c
00e4
0230
002c
049d
3fcf
3f4c
0064
00d1
0027
3ee4
03a0
3f84
3dc4
3ee0
027c
0260
001c
3eeb
3f5e
3f8d
006f
3ff4
007b
003c
0058
3fe4
3fc7
0029
3f9e
3f55
3f65
3ff0
3fe7
0000
3fe7
0015
3fae
0067
3ee4
3e58
008c
01b4
0064
0150
3bf0
0284
02fc
01e0
00c8
039f
3f9f
0058
0038
0081
3f31
3e80
39c0
01d8
0168
3800
0124
00c0
0064
3ff7
3fe9
000e
3f71
3fcf
3fa2
3d08
3fd8
3d30
3fcb
3f6c
005f
000b
3f70
009b
006f
005e
0011
0003
3f96
006d
3e40
3e84
3fbc
3f18
0178
3da0
3c50
3f00
3fe8
3ab0
0314
03b1
3f5f
00d4
030c
3f99
3fb3
00e4
3c50
3e34
006c
0640
3f60
3fbc
3fa4
004f
0018
0037
3fdb
3f9e
003d
3d04
3f60
3da4
3e8b
3f41
3f4a
012d
0081
00ac
00c3
0044
007f
00f5
009e
0057
045c
026c
01f0
3f8c
3f38
0054
0120
3ff4
3f24
3e40
003c
04d3
3f81
3fb8
0134
3f7b
006d
0130
0320
3ebc
3f5c
0160
3c14
3e7c
3d98
3fdf
3fcc
0013
3fbb
3f6a
0051
3f7c
00e8
3e94
0033
003f
3ff4
3ff1
0027
3fca
0109
3ff2
0117
0077
0074
0003
3f88
3f6c
001c
0084
0084
0000
0550
3e20
3e68
0260
3f60
0457
0083
3f7c
3a88
00f9
0085
3ed4
38d0
027c
02ec
0370
00d0
0084
004c
3f73
0025
3f4e
3ffd
0057
3fa6
3ef0
003c
3eb4
0097
0036
0061
011b
3ff6
0125
3f23
3f70
3fb3
00a7
009c
000b
019c
3fe0
01bc
02ec
3fd4
0318
0300
00bc
3e5c
3a80
00b8
04ab
00a5
0084
3f10
0009
004b
3ffc
3b20
001c
3e64
39d0
3f74
3f74
0000
3f59
3fbc
3f9d
3fe3
0006
3fdd
0370
0154
021c
3f8b
3fdc
3faf
3f79
3f96
3fe3
0035
0071
3fc4
3ee7
3f89
3f5e
3fec
3f98
0054
3fd4
00f8
3edc
05a0
0040
3e40
01a0
3c60
03d8
3fb2
3e64
3ee0
0020
005a
3dec
0bd0
3f10
3f18
0540
00d8
3fa8
0130
0064
00e1
3f83
3fdc
0055
3f87
0178
0060
0118
3fba
0040
3f7a
3f5c
3fe6
3f76
3f06
3f55
3fb1
3fa0
001d
3f83
014c
0050
00fc
3e40
3d64
00dc
3d80
3f38
3f18
3a00
0030
046e
0058
3f1c
01b8
3ffa
3f2c
000c
02c0
0090
3cc8
3d30
0020
0080
3fa0
3f9c
3fc9
3fd3
00c8
007d
004b
3ef0
3ea4
004c
00e0
00ae
0032
008e
0070
001e
3f9e
3f47
0057
0004
003f
3fc5
017c
012c
0050
0290
0194
00fc
3f50
0120
0050
04d0
01a0
0373
3ff9
0234
0290
3f99
3fe7
000c
0500
00bc
0024
3d00
3fa0
3f20
0080
009d
3fa0
00fd
3fdf
0026
3fb9
3ec0
3f80
3f40
0137
0072
00c5
00cd
005c
0071
0011
001d
3ff4
002f
0029
0006
3f14
3f28
3fec
3fcc
0000
3fcc
03e0
3f08
3ec8
0090
3ec8
04dc
007c
00c8
0118
3f78
3fc4
3e88
3f30
3eec
3db4
3970
3e68
00b0
3db8
006e
3fba
00b4
3f66
3f7c
3fea
3d20
3e38
3ee8
0042
0064
3fde
0046
007a
3fcc
006a
004e
001c
000a
3fc4
0046
3de0
3fa8
3e38
3fd4
0080
3f54
3d60
0098
0230
0170
3f04
0437
0049
0014
3edc
0063
3f25
3e4c
00b0
00ec
3f04
3bd0
3e68
3ff4
3e74
000b
3fba
0051
009f
0056
0049
3f7c
0038
3f44
3f4b
3f6b
3fe0
00b5
0005
00b0
0057
3f9a
00bd
3f7d
3fd2
3fab
008c
0100
3f8c
0114
01c0
3f54
3de0
3eac
018c
02c0
0134
0427
3e65
3e0c
00ec
006f
3f89
3ef4
3630
0260
0280
0170
3f44
0074
3ed0
00d7
004e
0089
3f5f
3f70
3fef
006c
0160
3f0c
0007
3fad
005a
0061
3fb1
00b0
3fe9
3f8e
005b
0127
00bc
006b
028c
3fc8
02c4
0110
0120
3ff0
3900
0098
3e70
0280
00b8
03d6
00ba
3fdc
02a8
3fa2
3f12
3d0c
3e60
009c
3df4
0040
0360
01a4
01bc
3ffc
3fdc
0020
3f20
0002
3f1e
3e38
3ed0
3f68
3fa8
001c
3f8c
0034
00aa
3f8a
3fa8
3fee
3fba
0064
0034
0030
016c
00cc
00a0
3efc
0018
3ee4
3eb0
02b0
00f0
3ee0
0048
03f0
0064
0180
01b0
3f7a
3fda
01e8
3d00
3fe8
0078
0230
3fc0
3f90
0030
3ffc
3fa2
005a
3f7e
3f7e
0000
3f08
3e74
0094
3f5e
3f63
3ffb
006e
0045
0029
0070
00b7
3fb9
0034
3ff5
003f
3ed0
3fe4
3eec
00c0
0080
0040
3f10
3ea0
3f20
3fb0
0160
0307
3f7d
019c
3f68
3f9b
3ff9
013c
0390
3f84
3efc
0280
3f48
3f20
0028
0025
0072
3fb3
0041
0032
000f
0230
0024
020c
0019
0021
3ff8
3f8f
0073
3f1c
0027
0048
3fdf
0009
0054
3fb5
3dfc
3fc4
3e38
3fdc
3e50
018c
3fc0
0030
3ed0
01a0
00d4
033d
3f13
3c2c
004c
0001
00d3
00bc
3a50
00fc
0244
09c0
00b0
3fe8
00c8
3f2f
3fc0
3f6f
3f33
3fc2
3f71
3e8c
3f28
3f64
3fdb
003d
3f9e
00d5
0065
0070
3fff
3fee
0011
3fb9
3fcc
3fed
00c4
3fe4
00e0
004c
3ff8
0054
3770
012c
0164
3740
0274
0405
3f89
3e5c
00bc
0013
003b
0084
3900
0000
0198
0050
3fc4
0148
3e7c
3f53
3f5b
3ff8
3fe1
3fd3
000e
3f2c
0048
3ee4
3f73
002e
3f45
0067
0004
0063
3fe3
3fa8
003b
3eef
3f72
3f7d
03ac
0220
018c
0080
00e4
3f9c
0240
0068
0138
0510
3ecc
042d
004d
0044
3f94
0027
000f
3c04
02f0
01b0
0098
0000
02f0
0148
01a8
0059
3ffd
005c
3f83
004f
3f34
3f6c
3f90
3fdc
0153
007e
00d5
002b
3fd2
0059
3f43
3f42
0001
3f8b
3f42
0049
3f3c
3f5c
3fe0
0010
00ec
3f24
3d80
3eb8
3f90
0350
01fc
03fa
3fc8
3f70
02c4
3fa6
0014
0268
03f0
3f54
00e4
03a0
3f98
019c
3dfc
3fa8
3f63
0045
00c8
0003
00c5
00f4
0168
3f8c
3ff8
0012
3fe6
3faa
3ffc
3fae
3f56
3f8f
3fc7
3f78
3f5f
0019
3c70
3de4
3e8c
011c
3fdc
0140
0720
3f9c
001c
0b40
3df0
041f
3f87
3c00
3df0
0053
012b
0100
3c00
3e68
0230
0660
014c
3e0c
0340
00b7
00e5
3fd2
3fef
0009
3fe6
0060
3f60
0100
3f51
3fd1
3f80
3fa9
3fa9
0000
3f1d
0021
3efc
00c9
0055
0074
3e70
3e08
0068
00e0
005c
0084
0620
3e08
3df8
01e0
0038
04a3
0025
3f5c
3ab8
004f
0109
01ec
34f0
3fc0
0120
05e0
00d0
3f40
0190
0037
3fd0
0067
00ef
00c4
002b
0028
3fb8
0070
3f2b
3f69
3fc2
3f89
3fe3
3fa6
3fff
0056
3fa9
009d
0012
008b
00d4
0164
3f70
0200
01e0
0020
08c0
3f54
3f04
3e90
3d7c
0353
002d
0184
006c
3f97
00c9
3f84
3c40
0490
0038
3de0
01ec
3fa4
0248
0043
0074
3fcf
3f77
3f84
3ff3
3f54
3fb4
3fa0
00cb
3fff
00cc
3f29
3f65
3fc4
3fd3
3fb6
001d
00f9
0066
0093
0024
001c
0008
0098
002c
006c
0130
00f0
3d08
3fd0
3e28
049c
011c
3f00
3eb8
3fbc
010c
3f90
02f0
3e50
3da0
3ac0
3e38
3efc
3f3c
3fbe
3fee
3fd0
3f76
3f9a
3fdc
0250
0190
00c0
3ebe
3fa0
3f1e
3fca
3ff8
3fd2
0068
0020
0048
3ffc
3f88
0074
3f10
3fd8
3f38
0138
0158
3fe0
0030
3fd8
0150
3d00
0298
039c
3f1e
00ac
0100
3ffc
3faa
0184
3e40
02a4
00c4
0150
3d48
3f64
3de4
00c8
0069
005f
00bc
001b
00a1
3dd0
3f74
3e5c
017a
008a
00f0
001c
3fd6
0046
3fb4
3fc9
3feb
004a
002b
001f
3ebc
3ed8
3fe4
0164
000c
0158
07d0
3bb0
00d0
0030
00d0
0448
0094
02ec
3e50
002e
3f92
3f1c
0180
01d0
3c88
38f0
3fb8
3f68
0050
00a4
0010
0094
3fc2
005a
3f68
3ff8
3ec8
0130
00bc
00b7
0005
3fd4
0013
3fc1
3f20
3fb5
3f6b
3f9c
3fe1
3fbb
3e14
3eb4
3f60
3f78
0074
3f04
3cb0
01a4
3edc
0180
0134
0374
3f32
01ac
0044
3f7c
004e
3f14
00d0
3e60
0268
01f0
0184
3f80
0204
3ed2
3f67
3f6b
3fb6
0075
3f41
00fc
00dc
0020
006c
0010
005c
00ae
00ac
0002
3fa4
3fa3
0001
0036
006d
3fc9
00fc
00d0
002c
0298
01dc
00bc
03b0
3f80
3e58
0030
3f60
051a
3fe6
3d78
00e8
3f8a
3fea
3e88
3b60
3e80
3fd0
3fe0
0048
3f6c
00dc
0010
0060
3fb0
3f7c
0012
3f6a
3ec8
3ffc
3ecc
3f76
3fb8
3fbe
3fa6
0042
3f64
3f86
3f92
3ff4
0056
3fb0
00a6
3f90
00e0
3eb0
3ee8
3fb0
3f38
0080
3d50
0060
0680
3f28
04e0
3fd4
3e54
02c0
0082
3ee6
3e44
0680
3e60
3d60
3af0
3cc0
3ee8
3dd8
3fc8
0000
3fc8
3f7e
3f72
000c
3ed0
0034
3e9c
004c
006d
3fdf
0038
0045
3ff3
012c
0077
00b5
002c
3fef
003d
3c2c
3e84
3da8
0048
0018
0030
0330
0094
00f4
00e0
0058
0439
3f23
3f88
00f0
3f8f
0149
01b0
01a0
3f10
01f0
02a0
3e74
3dd4
00a0
3fc7
3ffc
3fcb
3fdd
3fde
3fff
0098
3eec
01ac
3f6d
3fe4
3f89
3fa7
3ff6
3fb1
011b
0107
0014
006d
008b
3fe2
01c0
00ac
0114
0168
0140
0028
0130
3e6c
00d4
0110
3f94
047b
3fa5
3f8c
012c
00c1
3f9f
3e44
0330
0268
3dc0
3a60
0024
01e8
3e3c
0019
3ff8
0021
3f33
3fcc
3f67
0194
3fa8
01ec
0003
3ff0
0013
3e75
3f84
3ef1
3fcb
3faf
001c
3f05
3fb9
3f4c
3d9c
3ff8
3da4
3e80
3f5c
3f24
3ab0
0160
0290
3a50
3f94
0350
0028
004c
3e94
3f4a
0066
03cc
3b20
004c
3f5c
0510
3f28
0020
3f08
0038
00e0
3f58
00ca
0018
00b2
005c
00f4
3f68
0004
3fcb
0039
3f5c
3f51
000b
3fe2
3fd3
000f
3fd6
3fdd
3ff9
3eb4
3fbc
3ef8
0254
002c
0228
3880
0344
3e84
3d50
0078
0375
0013
0254
0000
3f3d
0153
007c
3e70
018c
016c
3ab0
00d4
011c
3fb8
005b
005a
0001
3f3f
3f96
3fa9
3ea0
0104
3d9c
3fdf
3ff3
3fec
0095
0051
0044
0011
3f4e
00c3
3faf
3f8a
0025
00a4
0028
007c
3ed4
3f7c
3f58
02b0
3f2c
3f5c
0230
00dc
0334
00c0
0134
0074
0084
0088
3fc4
3af0
0108
0010
3f00
3eb4
3e3c
0078
001e
003c
3fe2
3ede
3f50
3f8e
3fec
3fc0
002c
004e
0060
3fee
0036
3ff8
003e
00a8
0082
0026
0108
0082
0086
3eb4
3edc
3fd8
0160
0184
3fdc
3b70
3f34
3d7c
02c0
000c
052f
0025
3d40
3e34
0011
006b
3f68
0690
0004
3e2c
0020
01d4
00e8
00ec
3ea1
3f62
3f3f
0073
0086
3fed
02cc
00c0
020c
0089
006e
001b
0033
004a
3fe9
000d
0067
3fa6
000f
0001
000e
3f50
3f54
3ffc
0194
00f8
009c
3c30
3f24
01bc
0090
017c
03f3
0015
005c
02dc
000d
3f3b
3d9c
0380
013c
3ec4
00c0
0104
00f8
000c
3f9b
3f58
0043
3e55
3f58
3efd
001c
3fec
0030
0083
006c
0017
3f51
3f5c
3ff5
0009
3feb
001e
3ffb
004d
3fae
0054
3f2c
0128
3e6c
3e38
0034
0520
3fd0
3ee0
3b70
3df8
0427
3fa3
0108
3d18
00b9
3fed
3da8
37e0
0380
3e20
3af0
3e78
3df8
0080
006f
00c9
3fa6
0025
0093
3f92
3d70
3f98
3dd8
00e5
3fcc
0119
3fc9
0034
3f95
3ff5
000c
3fe9
00c1
0010
00b1
3e50
3f90
3ec0
00f8
0058
00a0
3a40
0004
020c
0010
0138
0330
008e
0180
03a8
3f62
0070
00e8
3f70
0280
3dc0
0190
3f94
0110
3e84
0002
3fc7
003b
3f74
3f0d
0067
3eb8
3f10
3fa8
0116
005d
00b9
3ef0
3fc3
3f2d
0060
003e
0022
3f9e
002e
3f70
0078
009c
3fdc
00a8
3f60
0148
3cd0
01a8
3ee8
3d80
3fec
04d4
0010
3d98
3e74
0052
0082
0118
3df0
0184
008c
03b0
0448
0250
01f8
3f62
3f90
3fd2
3f2c
3f68
3fc4
00fc
0158
3fa4
0058
3f51
0107
003c
004f
3fed
3f94
3fdf
3fb5
3fd4
3fcd
0007
3f50
00e8
3e68
024c
0158
00f4
0140
01cc
3f8c
34d0
01dc
03af
3fbd
008c
00a4
3fd5
008f
026c
02d0
0210
3e10
3890
3c4c
3e94
3db8
3ff5
3fa6
004f
3fbb
0006
3fb5
00dc
3f88
0154
0015
3fca
004b
3f43
3fca
3f79
0191
00d9
00b8
3faf
003f
3f70
3fec
012c
3ec0
3f30
00c8
3e68
3e50
3fd4
0354
09b0
3f0c
03e1
3eb9
003c
0174
0013
3f57
3e14
0870
3fb4
0014
3d80
0014
3fe4
0030
00b7
008f
0028
3fc9
3faf
001a
030c
01b0
015c
3f05
3f6e
3f97
0081
0024
005d
3fb9
3fce
3feb
0001
0020
3fe1
0064
3f50
0114
3e0c
3e8c
3f80
3e80
0008
01b0
3e60
3ff4
0344
0010
0244
004c
3fa8
0024
3f4c
3fb0
0068
3ed0
3f60
3e10
3f74
3e9c
00dc
0078
0064
3fe8
0044
3fa4
01ec
3ee0
030c
3f6e
3ffc
3f72
3f5e
3fd4
3f8a
3f9e
3f76
0028
3fca
0076
3f54
0044
3f30
0114
0138
008c
00ac
03b0
3d30
3fa8
0420
012c
03aa
0034
3f28
0114
0030
3f3e
3f80
0470
3e7c
3f0c
3bc0
3da0
3f04
3e9c
005c
0019
0043
00ca
0031
0099
3ddc
3ef0
3eec
00fc
00d3
0029
0066
0043
0023
0138
009a
009e
0016
3fa8
006e
3d98
3fe4
3db4
00bc
00e4
3fd8
3ee0
0088
00a0
0190
3f88
047a
0076
3e44
0210
3f6c
3f60
3eb4
38b0
3e9c
009c
3f80
0050
011c
3f34
3f76
3fb4
3fc2
3f7c
3f82
3ffa
3df8
3f94
3e64
0006
3ff7
000f
3f66
3f7b
3feb
004e
3f9d
00b1
007e
0075
0009
00e4
00b4
0030
0254
01ac
00a8
0570
3f2c
3e74
3c10
0098
03db
0075
01cc
3e48
000f
0091
3fe4
3f00
0048
3f58
3fa0
02c4
00e8
01dc
3f87
3fc4
3fc3
3f67
3ff0
3f77
3f10
3ec8
0048
001b
0051
3fca
3f59
3fff
3f5a
3f5b
3f82
3fd9
0109
0082
0087
3f8c
3fe8
3fa4
01d8
0160
0078
3be0
3fd8
00b8
04b0
0054
042c
0030
3f40
021c
00f0
3f74
3e90
0b60
3ecc
3d44
3dc0
0100
00c8
0038
0024
3ffa
002a
0054
3fee
0066
01b4
0030
0184
3f84
0000
3f84
3fc4
00a8
3f1c
0024
3fb2
0072
3f9c
3f7e
001e
3f98
0100
3e98
3f1c
3f80
3f9c
0470
010c
3fcc
3ad0
3f34
0382
0072
3f10
3f4c
0028
3ef4
3fe0
3f50
02d4
3dfc
0090
3cdc
3da4
3f38
004a
0098
3fb2
00fc
00d0
002c
00d4
0188
3f4c
3ff2
3f8d
0065
00d6
002b
00ab
006c
3fe3
0089
3f68
3fed
3f7b
0348
02f0
0058
3ee4
3eb0
0034
0020
3f44
011c
0230
0150
0498
0000
0104
3f88
3fd0
3f80
005c
3550
0084
015c
0130
0054
0168
3eec
001c
3f38
00e4
0028
0040
3fe8
3da0
3f6c
3e34
3f76
3f24
0052
005a
0020
003a
004e
3fd4
007a
008a
0064
0026
001c
00a0
3f7c
016c
0228
3f44
04b0
3f88
3f38
3ed0
01ec
03ba
3f26
3e7c
3ecc
0082
003e
3fbc
3e30
0024
0164
01c0
3e30
3db8
0078
00a2
0094
000e
3ffa
0094
3f66
3ec4
3f54
3f70
0050
007c
3fd4
001c
0034
3fe8
0020
3fea
0036
3f64
001e
3f46
3fb4
002c
3f88
3e84
3f6c
3f18
3a50
3e98
0170
0330
00e0
048f
3f39
3e34
3dd8
00eb
3fcd
3ecc
37a0
004c
00bc
00f0
0100
0104
3ffc
0067
3ff6
0071
001b
004a
3fd1
01d8
0224
3fb4
3f5d
3fd5
3f88
00ab
0043
0068
3f75
3f66
000f
3f37
3f6a
3fcd
0244
0158
00ec
00ec
020c
3ee0
3e60
00d4
01d4
0260
01f4
03a7
3fa3
00a4
3fd4
00bb
0003
0024
0660
3fe0
3fc8
3bc0
3dec
3e9c
3f50
0177
0111
0066
3fcf
3fef
3fe0
01b4
0054
0160
3ee5
3f8d
3f58
3fd1
3fe3
3fee
000f
00ad
3f62
3f5f
3f7f
3fe0
3e2c
3e94
3f98
3bf8
3cec
3f0c
0630
3db0
0158
08c0
3ecc
03cd
3f71
3e30
3ee4
3fff
3fdb
3f58
06b0
00e0
00a8
0290
3f08
3e0c
00fc
0027
001f
0008
0091
009d
3ff4
007c
3f88
00f4
3fef
0016
3fd9
002b
000a
0021
3f0d
3ff8
3f15
00ed
00e0
000d
3e58
3e2c
002c
3e90
3e84
000c
3930
3f98
04c8
3f20
3f68
036d
3fd9
0008
00c8
000b
3e3b
01f8
02a0
011c
3d84
0180
0018
3fe8
0030
3fbf
3fe3
3fdc
00e1
009f
0042
02e8
0180
0168
002d
0032
3ffb
3ef5
3fc8
3f2d
0011
0024
3fed
3fa9
3fba
3fef
3e80
3fb0
3ed0
0154
0008
014c
00e0
3f6c
3ee4
0050
3fb8
04b4
3ef4
3edc
0040
0074
00e0
00a4
0460
3e5c
01ec
0310
0124
00a8
007c
3fba
001a
3fa0
3fb2
0008
3faa
3e18
3ff4
3e24
00a8
0038
0070
0080
3ffa
0086
0014
000e
0006
00b0
0080
0030
3ebc
3ef0
3fcc
00ec
3ffc
00f0
3b10
3f78
3f18
0150
0384
031f
3f59
033c
0264
002d
000b
3f7c
0160
01bc
3fdc
3b70
00d8
3fd0
0108
3fed
3f50
009d
3f93
0018
3f7b
3fc4
3f6c
0058
006b
0072
3ff9
0055
003a
001b
3fa3
3fa7
3ffc
3fc5
001d
3fa8
00d4
0014
00c0
3d54
3f04
3e50
0170
01f4
3fc4
0160
3fd4
03d2
3fd0
3d94
3fdc
3ffa
0084
3e84
3f20
3f88
00d0
00f0
3fa4
0044
3f60
001e
006f
3faf
3fd6
0075
3f61
3dec
3f98
3e54
3f0c
3f42
3fca
0002
3fea
0018
00ce
0053
007b
005c
3ffd
005f
000c
006c
3fa0
0290
01ac
00e4
07a0
3d08
01a0
0870
3e90
0560
3f46
3f08
3e40
0030
011e
0088
3e80
3dd4
001c
3db0
3f70
3fec
3f84
3f9c
3f99
0003
3fc8
3fe1
3fe7
3ff0
3e98
0158
3fca
0066
3f64
3f34
3ff0
3f44
00b6
0013
00a3
002c
003b
3ff1
3e10
3f10
3f00
039c
02a8
00f4
3ce0
006c
01f4
0320
3ec4
04b1
3ed7
00b8
022c
3f45
0107
0408
0800
3d34
0384
0620
3fec
3eb0
013c
0121
00c2
005f
0059
3ff4
0065
012c
3f98
0194
3fbb
3ff3
3fc8
3f3d
3f5f
3fde
3f55
0024
3f31
3fc7
001a
3fad
00d8
3f30
01a8
3dbc
3dec
3fd0
03e0
3e84
000c
3f40
3eec
03fb
00bf
0098
3dec
3ffd
3fe1
0068
3770
0088
3e68
0870
3e4c
3f08
3f44
3faf
3ff5
3fba
0025
000f
0016
3c2c
3e74
3db8
0049
002e
001b
3fcd
3fde
3fef
0131
0076
00bb
0185
00f6
008f
0300
0118
01e8
0420
01c8
0258
0670
3e54
3d44
3f60
3c24
03dd
00e7
0470
3ccc
00f1
0043
3ff8
3a50
02c0
3e40
3bb0
014c
0094
00b8
00b5
0070
0045
0005
001c
3fe9
3dbc
0000
3dbc
00c5
0053
0072
0007
0001
0006
000d
0000
000d
3fa3
3fac
3ff7
3fd8
3fac
002c
3e10
3fb0
3e60
3960
01b8
3ee8
3870
0054
0494
0098
00f8
3f04
0084
0088
0078
0460
00e4
3f5c
3980
3fb8
3fe0
3fd8
0022
3ff4
002e
003a
3ffc
003e
01dc
3ffc
01e0
3eee
3fa6
3f48
3ffe
0086
3f78
3f54
3fd4
3f80
009c
00b4
3fe8
0158
0180
3fd8
0004
3ef8
010c
3bd0
02b0
0020
0610
0184
040c
3fae
0040
016c
0006
3fc4
3d70
3bc0
0108
0138
3ff0
3f50
3de8
0168
3fbe
3fc5
3ff9
0010
0019
3ff7
3df4
3eb8
3f3c
001a
3fed
002d
3fe0
001d
3fc3
3fce
0040
3f8e
021c
013e
00de
3ea8
3e10
0098
01d0
0180
0050
3f50
3fc4
0014
0650
0154
041b
004f
3f94
3fec
3ff9
0071
0154
3e90
3ef0
0130
0580
0014
3f74
00a0
004b
006b
3fe0
00b1
001b
0096
3f44
3fe8
3f5c
3ecb
3f68
3f63
0017
000a
000d
003d
0080
3fbd
0139
005e
00db
3e4c
3df4
0058
02b8
00c8
01f0
00b0
3fa4
00b4
3d10
0008
03fe
0120
02e8
0160
0108
3f62
3d98
0500
3f48
3e38
3be0
3dd4
3ebc
3f18
3f5e
3fe3
3f7b
3f7c
3fd1
3fab
0000
3f3c
00c4
3f9c
0037
3f65
3f1a
3f79
3fa1
00c0
0038
0088
0006
0010
3ff6
0000
3fb8
0048
00e8
0020
00c8
3dd0
3e84
0084
02f0
0174
039b
003b
02b8
0364
3fbd
3f75
3dd8
00e0
00ac
3f34
3aa0
001c
00dc
3f40
3fd3
3fe5
3fee
3f3d
3f5f
3fde
3dc4
001c
3da8
3f8b
3ff8
3f93
0103
0018
00eb
0043
3ffa
0049
3f8f
3fc6
3fc9
0068
3f38
0130
3f4c
3fe0
3f6c
3d80
3f88
3f38
3d90
008c
04a5
3f15
3cbc
3e2c
3f41
0059
01bc
3b30
3d64
014c
08c0
00a8
0008
00a0
3fd3
0015
3fbe
007b
00f9
3f82
3e9c
0064
3e38
0089
0021
0068
00b1
0025
008c
3f9b
3fbf
3fdc
005f
0013
004c
0064
3f74
00f0
020c
0180
008c
0870
0128
3ed8
06a0
3e04
043c
0032
3d74
3cf4
3f92
000c
0224
3c30
3fb0
3f00
0350
3e38
3d00
0138
3fe6
005b
3f8b
012c
00ab
0081
01bc
0074
0148
3fca
3fd1
3ff9
3f54
3fc5
3f8f
3fe6
003a
3fac
00e0
0044
009c
3d24
3e24
3f00
0170
0190
3fe0
04f0
3ff0
3f78
39b0
3f10
0412
0016
0288
0018
3fd0
0028
0170
0660
3de4
3f44
3dd0
3c18
3d5c
3ebc
01a8
0134
0074
00e2
008c
0056
0080
3fac
00d4
3fae
3fbb
3ff3
0036
0049
3fed
007e
007d
0001
0076
3fa7
00cf
0038
3fdc
005c
3e24
3fec
3e38
00a0
01d0
3f10
3fe0
3ca4
036b
00a9
0044
014c
3fc5
3fd7
0114
0790
0150
3e08
3e00
3fd0
3fe8
3fe8
00e1
014c
3f95
0003
3fd4
002f
3d9c
3da8
3ff4
0011
0058
3fb9
3fcb
3fa8
0023
3ff5
3fcb
002a
00b3
00d5
3fde
017c
3f9c
01e0
3f08
3d34
01d4
0350
3fa8
3fb8
02e0
3ea0
047b
3ff5
3fec
00b8
3fdb
008d
0104
3de0
3f78
00a0
0230
0138
3ff8
0140
0037
0014
0023
3ea7
3f34
3f73
0130
3fb4
017c
3f73
3ff1
3f82
3ff1
0077
3f7a
3f9b
3f9c
3fff
0021
0000
0021
3fac
0050
3f5c
0110
3fe4
012c
3970
0118
0198
3f40
00e4
0434
005c
00a4
016c
0036
001a
004c
3a40
00d4
3f64
3cf0
01d0
01b8
0018
3fe6
3ff6
3ff0
3fac
3f7a
0032
3ecc
0068
3e64
3f80
3f57
0029
3fd4
3ffd
3fd7
3fb8
0031
3f87
0028
3f73
00b5
3e44
3f18
3f2c
002c
0164
3ec8
0370
0194
3e44
3c70
3f64
02d3
005b
02c4
020c
3f87
009b
010c
3f20
022c
01ec
01e0
3f64
3f34
0030
00b3
3ffb
00b8
3eeb
3f69
3f82
3d34
3eb0
3e84
3fa5
3f91
0014
003d
3fdf
005e
00a7
0053
0054
00db
0059
0082
3fcc
3f70
005c
0164
0114
0050
3d20
3dc0
0120
3f90
3e08
044b
0029
3fb0
3fa8
0137
3fed
3dd0
0510
013c
3d74
3770
01e8
01f0
3ff8
0085
3fec
0099
3f19
3f84
3f95
04a8
01d0
02d8
3f15
3f73
3fa2
3fb3
0005
3fae
3f33
3fb4
3f7f
3ef9
3fa8
3f51
0090
0190
3f00
3cfc
3e78
3e84
3b50
0298
00b0
3e90
0084
038c
3fc6
3e18
0244
3f04
3f52
0118
3de0
0084
3f64
3ff0
00e0
00b4
002c
3ef8
3fd9
3f1f
3fbc
3fd3
3fe9
0014
3fb4
0060
3fa8
3f66
0042
3fda
002a
3fb0
0132
006d
00c5
0058
3fdb
007d
0040
0110
3f30
03a4
0284
0120
3fe0
3e84
3f74
3f30
014c
03e3
001d
03f0
3e74
3f6f
0039
0058
0280
3dc0
3e30
3c30
3ee4
002c
3eb8
00f3
0066
008d
0097
0096
0001
3e8c
3ef8
3f94
0057
0071
3fe6
0015
0027
3fee
00db
0082
0059
3f8d
3f76
0017
3e88
3fbc
3ecc
3e98
00b0
3de8
0010
0010
00e0
05f0
3ea8
04e0
3fee
3ed0
0178
0000
3f0a
3e90
0410
0110
01f8
3dd0
0120
0168
3fb8
0048
3ff7
0051
3f28
3fcd
3f5b
0108
00c0
0048
0024
3fda
004a
00ba
003a
0080
3ec2
3f11
3fb1
3fac
3f93
0019
3e18
3e38
3fe0
3f50
3f5c
3ff4
0640
000c
3c6c
3760
0270
042d
3fc3
3fd8
0038
3f15
00df
01b8
32e0
00d0
0140
0160
3f54
3f8c
3fc8
3fdf
3f78
0067
3f83
3fce
3fb5
3b38
3df4
3d44
00ab
000f
009c
00d9
005f
007a
0033
0074
3fbf
00e9
002e
00bb
0080
0108
3f78
0060
01d0
3e90
03a0
0070
3f90
3e20
01a0
03fd
0041
3fac
3e38
0051
3f51
3fe4
3e70
0034
3ec4
39e0
3bd0
3e00
3dd0
0017
3fb3
0064
00f3
00a1
0052
3f80
3f7c
0004
3f09
3fe7
3f22
00cd
00a9
0024
0065
0079
3fec
0031
004b
3fe6
3fbc
3f58
0064
3f84
004c
3f38
3510
3f84
0074
04a0
0178
03fc
000c
3fbc
3f00
00d8
3f70
3f24
04a0
00e4
3f84
38c0
037c
0314
0068
3f0e
3f62
3fac
0032
3fba
0078
02d0
01c4
010c
000e
002c
3fe2
3fb6
3fd4
3fe2
3ffc
3fbe
003e
3f8c
3fce
3fbe
3db4
3ea8
3f0c
3e3c
3f04
3f38
0450
3db0
0188
0450
3ec4
042b
0059
00a4
3e74
00f5
3f3b
0154
3a80
02b0
3c60
3fd0
3fa0
3f0c
0094
00cf
0040
008f
0035
002a
000b
3fcc
3eac
0120
3fbb
0006
3fb5
3ef1
3fb0
3f41
007f
00b5
3fca
00f1
00b9
0038
3ebc
3f24
3f98
00d8
0120
3fb8
0690
3f44
014c
3c20
3f68
0491
3ebd
3e64
00b8
3f97
3f5f
3f54
0240
3ea0
0168
3db0
3f4c
3fc8
3f84
006b
005b
0010
3f65
3fe3
3f82
0268
3ff0
0278
3f51
3f9a
3fb7
0075
0044
0031
3ea5
3f46
3f5f
3f61
3fdc
3f85
01e4
0214
3fd0
3ec0
3f64
3f5c
0720
0050
3ca8
34c0
00e8
0371
0091
036c
3bd0
0073
00ab
0234
3830
0084
01cc
06d0
3f40
00d4
3e6c
3f6d
3f5d
0010
0183
009f
00e4
0140
0074
00cc
3faf
3fd0
3fdf
00df
0088
0057
3ec3
3f2a
3f99
0003
3fca
0039
0164
0030
0134
0414
01b8
025c
34f0
01e4
3f1c
3eb0
00ac
0439
3e8f
3e2c
3f44
3f97
00c1
0174
0470
3f5c
0174
0570
051c
02a8
0274
3f5b
3fee
3f6d
3f99
001a
3f7f
0354
0250
0104
3f4f
3f90
3fbf
0029
0014
0015
3f13
3f83
3f90
3fb1
3f79
0038
0294
00a0
01f4
3efc
3e40
00bc
3e50
3f94
007c
03e0
00b0
0419
0027
0070
0180
3ee5
3fa3
00c8
03d0
3f14
3df4
3ac0
013c
0008
0134
3f9b
3fd0
3fcb
3f73
3f8c
3fe7
0030
0060
3fd0
0031
0007
002a
00bf
00bd
0002
3ea7
3ed8
3fcf
0099
0034
0065
00e8
009c
004c
012c
001c
0110
3fd0
3e3c
3dbc
3a40
0244
0370
004c
0114
3eb4
005a
3fd6
3d44
0560
3e10
3ed0
0120
000c
0114
3ef8
3eee
3f5e
3f90
0004
00a4
3f60
018c
00e4
00a8
3fd0
001d
3fb3
0090
0035
005b
0022
3fbb
0067
3f56
3f53
0003
01ac
022c
3f80
0220
01b0
0070
0050
01ac
3fcc
3f40
3f38
03a3
0099
020c
3f08
3fc1
0033
00f4
3a60
3e98
00a0
39c0
0064
3ef4
0170
001b
0012
0009
00b1
00e2
3fcf
3ca0
3ec8
3dd8
001d
005c
3fc1
00c7
001c
00ab
0037
3fd5
0062
002d
3faf
007e
3ef4
0010
3ee4
3fd8
01c4
3e14
0610
00a4
3e24
3c00
0000
03bb
0065
026c
00f8
3e9d
003b
022c
3f90
3d80
0060
3dd0
006c
3efc
0170
0077
003c
003b
3fd9
3fac
002d
3e30
3de4
004c
000f
0034
3fdb
00f5
00dc
0019
0055
0093
3fc2
3fc7
3f89
003e
00bc
0124
3f98
3df8
3fc8
3e30
3f30
3f40
3f70
3d20
0194
03b8
3f9e
3fb0
3eac
3f3a
00dc
0360
3b30
00c8
00b0
03c0
3f38
3f50
3fe8
0056
0017
003f
0108
0073
0095
3f9c
0058
3f44
3f72
3f9f
3fd3
0064
00a7
3fbd
3efa
3f28
3fd2
0094
3ff2
00a2
01c0
01c8
3ff8
0288
00cc
01bc
3a50
3f44
033c
0aa0
03c0
02e9
3f1b
0040
0138
0061
0007
3ec8
3550
01f0
02a8
3f10
0194
0088
010c
3f49
3fb4
3f95
3fcd
3fea
3fe3
3d80
3f7c
3e04
00e5
009f
0046
3fbb
3f8b
0030
3f37
3f7a
3fbd
0075
0088
3fed
3cd0
3cec
3fe4
0258
00dc
017c
39e0
3f30
00e0
0220
049c
03e0
0000
0010
009c
3f2e
002a
0328
3b00
003c
3edc
0480
01c0
00d0
00f0
3ed6
3eea
3fec
004c
0006
0046
3e64
0024
3e40
00c0
004f
0071
0014
0011
0003
3f30
3f4f
3fe1
0170
00c5
00ab
3f48
3f04
0044
0394
00dc
02b8
04d0
00b8
3c10
0150
3f2c
055c
3fe2
3dec
3f6c
3ed2
3ffc
008c
0160
3e20
00a8
0930
00c8
0114
3fb4
3fce
3fd3
3ffb
3f6c
3f93
3fd9
003c
0054
3fe8
0034
3fdf
0055
008e
00b3
3fdb
3ffc
000c
3ff0
3f46
3fbe
3f88
0124
001c
0108
00a8
3f9c
010c
3ba0
0038
0150
0050
3f7c
04bc
3fa8
3da8
01c4
3fca
3f26
3f20
0730
3e84
3de4
3c90
0048
01a4
3ea4
3f5e
3f56
0008
3ff4
0048
3fac
00ac
3f18
0194
3f6e
3fe3
3f8b
0016
0037
3fdf
3f98
3fb7
3fe1
3f34
3fc7
3f6d
0108
0174
3f94
3edc
3ebc
0020
02a0
01ac
3e04
3b90
0054
0414
3fec
3ef0
3eac
3f3e
00ba
01d0
3e90
3f08
3e60
0110
3f34
0018
3f1c
000e
0054
3fba
0060
002c
0034
3d24
3da0
3f84
3fbc
0015
3fa7
005c
0053
0009
0228
00e5
0143
0038
000f
0029
0178
0248
3f30
0138
01dc
3f5c
0520
3c88
3f08
0670
3d14
046b
003f
0004
0194
0073
3f4b
3c2c
3e40
005c
012c
3a00
01a0
00d0
00d0
001d
0073
3faa
3f61
3fe9
3f78
009c
006c
0030
3fb9
3fdb
3fde
0005
0079
3f8c
3fa1
3fb1
3ff0
3f61
3f1b
0046
3f34
00a0
3e94
3fa4
3fbc
3fe8
3ff0
0150
3fb0
3e80
020c
03c6
0082
02c8
3dac
3f4c
010c
0060
3800
3dd4
02b4
0300
01d8
0128
00b0
3fc6
3f44
0082
3fd8
0074
3f64
3f7c
0004
3f78
0008
3ff3
0015
0018
3fc5
0053
3fe6
3fe9
3ffd
3ff2
3fef
0003
0060
00a4
3fbc
3fec
00d4
3f18
3bc0
0284
00ac
3bb0
0180
034c
3ee4
3f20
02c0
3fe0
3f24
0160
0110
00cc
0064
0310
3df4
0050
3da4
0030
3fe4
004c
004c
3fea
0062
0110
0070
00a0
3f6e
3fa6
3fc8
3f46
001c
3f2a
0088
0036
0052
3f3c
3ff0
3f4c
0048
00d0
3f78
0004
3f70
0094
3f10
0010
3d48
3da0
0094
03a4
0062
3f18
3df4
00fc
3f8e
3f58
3e00
01d0
3f50
0110
0260
01ac
00b4
3fa4
3fe3
3fc1
0060
0099
3fc7
3ff4
00c4
3f30
0068
0074
3ff4
0096
00a4
3ff2
3f86
3fc5
3fc1
3f30
3f9f
3f91
3f80
3ef0
0090
3ec0
3f88
3f38
0030
0088
3fa0
0000
014c
03fd
00c9
0170
00a4
3fbf
3fc7
0030
3ff0
01b0
3da0
3c50
3e48
3f34
3f14
3fd1
3f8d
0044
014b
0089
00c2
02a4
0150
0154
3fc7
3f84
0043
3f3f
0022
3f1d
3f45
3faa
3f9b
3f4d
3f94
3fb9
3e60
0028
3e38
0208
00b8
0150
0a20
0084
3cfc
39b0
3f24
03a1
0049
0054
000c
3f53
005b
019c
3e30
0288
0170
3de0
3dd4
3f78
3e5c
3f77
000b
3f6c
0041
0021
0020
3ce4
3de0
3f04
016b
004c
011f
011f
00cc
0053
0035
3fa0
0095
3f61
3fe0
3f81
019c
02b8
3ee4
0230
010c
0124
0c90
3e60
3b90
0160
3fe0
0534
002a
3e60
3c70
0066
00c8
00b8
3a80
3e60
01d8
0330
0038
3f80
00b8
3f46
0007
3f3f
00a8
0047
0061
3cc8
3e78
3e50
000c
000d
3fff
009a
0051
0049
0064
0004
0060
00ca
3fda
00f0
3e08
3f34
3ed4
02e0
0204
00dc
3510
0018
0088
3ca0
0084
0413
3ffd
3e60
03f4
0023
3ead
3e88
3dd0
3fb4
3fdc
3ec0
00b8
0270
3e48
3f41
3f9a
3fa7
007d
3fd6
00a7
3ee4
000c
3ed8
0081
004f
0032
019b
00ad
00ee
3f43
3f34
000f
000d
3fd8
0035
0000
3fe4
001c
040c
0140
02cc
3bf0
0134
0024
3c10
3e40
03f2
3fca
3f6c
0178
3f72
3f82
0164
0710
0020
3e70
3f80
3efc
3fa4
3f58
00a8
0086
0022
3fc0
3fd6
3fea
00e0
00ec
3ff4
00cc
0022
00aa
3fa8
3f66
0042
000a
3fd4
0036
3f72
0028
3f4a
3f9c
0030
3f6c
0038
3f00
0138
31c0
018c
01fc
3fd0
02a0
03e6
000a
3e70
0140
00c0
3ed4
3fc0
3fd0
0044
3f0c
0020
0294
01bc
00d8
3ebc
3f34
3f88
0042
004e
3ff4
0130
0180
3fb0
3f18
3f27
3ff1
0044
3ff7
004d
3fa2
3fb7
3feb
00ba
003f
007b
0098
0020
0078
011c
01c0
3f5c
0750
3ff4
3f74
00f0
3e74
038e
3fec
0244
3dbc
001a
00cc
024c
0260
0148
02f0
0340
3e2c
3f14
3f18
0124
009f
0085
0050
3fe5
006b
3e1c
3fa8
3e74
004a
000a
0040
0070
3f76
00fa
0156
00cb
008b
0080
0051
002f
3f3c
3ea0
009c
3f88
3e44
0144
3e10
3e48
3de0
0190
3f24
03a9
003b
0094
3fa4
0015
00e3
0134
3fe0
0160
0090
3df0
02b0
0104
01ac
003b
0002
0039
3fdf
0030
3faf
00a4
001c
0088
00b7
0095
0022
0045
0041
0004
3f9f
3f9c
0003
3fe5
3f96
004f
3e64
3f7c
3ee8
3fd0
0068
3f68
0880
3e28
0180
0270
3ddc
03c2
0062
3e78
3cb4
00f6
002a
3fa0
3cb0
012c
02b4
0120
3d60
3dac
3fb4
0024
007e
3fa6
005c
0080
3fdc
01e4
0028
01bc
0036
0074
3fc2
3fca
3f82
0048
0006
0048
3fbe
3f22
3fd2
3f50
3f80
002c
3f54
3de4
3ef0
3ef4
34c0
00fc
3ee4
3960
3ec8
038e
00ea
02a4
02c8
3f72
0026
022c
0550
00e8
3cd8
3e90
012c
02f8
3e34
3fb2
3f62
0050
3f5a
3f3e
001c
02a8
0158
0150
0040
0042
3ffe
3f50
0006
3f4a
001c
0026
3ff6
3f10
3f92
3f7e
3d8c
3f98
3df4
3fe8
3ff0
3ff8
0520
3eb8
3d18
3d00
3db4
0526
0120
0014
005c
00fe
3fe8
0064
02d0
00e8
3e40
3db0
3ff0
0050
3fa0
0042
3ff1
0051
0006
3fe5
0021
3e8c
3f80
3f0c
3ffe
3fae
0050
0080
0060
0020
00ea
008f
005b
3f40
3f87
3fb9
0164
02ec
3e78
3ff0
00fc
3ef4
39e0
0214
0294
3df0
3f84
0438
3e7e
3f40
3fdc
006c
003a
3f30
3ca0
0054
0094
0060
3e3c
3efc
3f40
006c
0037
0035
0000
3feb
0015
00f4
01a8
3f4c
3f10
3f5c
3fb4
3f82
3f9a
3fe8
3f84
3f81
0003
005e
0071
3fed
0270
01d0
00a0
0174
3f9c
01d8
3f60
3f44
3eec
39f0
00d4
03a8
006e
3e48
3e5c
0088
006a
3f18
03d0
01ec
3e14
3d90
3f5c
00c8
3e94
3f30
3f95
3f9b
3fdc
0063
3f79
0274
0020
0254
3ff2
3fd8
001a
3ef8
3fdc
3f1c
3fd8
3f83
0055
3f06
3f4d
3fb9
0018
0198
3e80
3f8c
0140
3e4c
3be0
0020
00b8
3aa0
00d0
04d9
3f0d
3cf8
00f0
3f21
3f51
0128
0170
3d68
0068
3ff0
3fc0
001c
3fa4
0053
0081
3fd2
0097
0043
0054
0178
0160
0018
3fbf
3ff7
3fc8
3fb3
3f5d
0056
3fbb
003d
3f7e
3f73
3f4f
0024
3ed8
0058
3e80
3fb0
00d8
3ed8
0550
3fcc
3eb4
3980
3e8c
046f
00ef
0430
3fcc
0017
3fd3
0070
3e00
01fc
3de4
33e0
3e4c
3e38
0014
0197
0087
0110
001f
0059
3fc6
3fac
010c
3ea0
0035
0005
0030
002d
003f
3fee
3ff3
3fe1
0012
3fa7
3fd7
3fd0
3f48
3ff0
3f58
3ed4
00b0
3e24
0310
3cec
0154
3e70
00e8
0446
3ef6
0010
3e90
0060
001c
01a8
0290
3e44
3ebc
00c0
00f4
0188
3f6c
3f96
3fa0
3ff6
3f94
3f44
0050
0070
000c
0064
00b6
006b
004b
3f06
3fd5
3f31
3f40
3f5b
3fe5
0078
3fe5
0093
3c80
3e4c
3e34
0104
3fd8
012c
0020
00d8
0218
3fb0
0128
03fc
3fb8
0044
00f8
3f5a
3f92
001c
0450
3fcc
3fc4
3dc0
0288
0090
01f8
0016
3f5e
00b8
3fac
004a
3f62
00f0
0090
0060
3ff2
002f
3fc3
3fce
3ff9
3fd5
3e76
3f9d
3ed9
3fe2
3f5b
0087
3e84
3f18
3f6c
3cac
3f58
3d54
3c00
0164
00e4
3fa0
3fc0
03ec
3ff0
013c
03a0
3f8e
3f26
00ec
09f0
3e44
3e94
3d50
0134
010c
0028
3f20
3f60
3fc0
3fba
3fa8
0012
00a8
3ff8
00b0
00a6
001d
0089
3eee
3fc7
3f27
0064
002f
0035
3f34
3fbd
3f77
3e6c
0094
3dd8
3f7c
3f74
0008
3d20
0074
0074
3bd0
3fc8
042d
3fc5
0138
3fc8
3f79
3f81
3fb0
3e90
3ce8
3ea8
0010
3f4c
3ecc
0080
3fd5
002f
3fa6
00c1
0057
006a
00f8
0128
3fd0
3fd5
0043
3f92
3ffd
3fbb
0042
3fb9
001d
3f9c
3fb5
0041
3f74
0190
00cc
00c4
0168
3f90
01d8
02c0
3f54
3da4
3ba0
3de8
045c
3fd6
0064
3fb0
009e
0014
0084
05d0
3ca0
3e08
3b20
00cc
006c
0060
0026
0013
0013
004c
3fd3
0079
3f68
3ebc
00ac
3f80
3fe1
3f9f
3f6e
002d
3f41
0008
0064
3fa4
002a
3fee
003c
3ec4
0124
3da0
0058
3fbc
009c
3e00
3e78
0008
0970
0150
03cc
008a
3e8c
0088
00a8
006e
004c
0200
0170
3ed8
3dd0
00d0
3fa0
0130
3ebc
3f87
3f35
0004
0033
3fd1
00e0
3f64
017c
00d6
00b6
0020
0064
004c
0018
3f92
000b
3f87
3f90
002b
3f65
3dec
3e44
3fa8
0110
009c
0074
0250
00b8
3fb0
3db0
3ef8
0461
3fd1
3f08
0058
3ff7
3faf
0018
03e0
3fd0
3c08
3b20
0008
00e4
3f24
0035
0027
000e
0063
3ff1
0072
3fd8
3f98
0040
3fff
0018
3fe7
3f03
3fb4
3f4f
3faf
000c
3fa3
003f
008c
3fb3
0038
3fd8
0060
3f68
3ec4
00a4
04e0
0038
3e08
3bc0
3e9c
0414
00aa
02f0
3e1c
3f92
3ef0
3fe0
0160
3f90
3d78
3390
3dd0
3ec0
3f10
3fee
004b
3fa3
0054
0039
001b
3f4c
3fac
3fa0
3fba
3f87
0033
0010
0021
3fef
00c0
00b2
000e
004a
3ffa
0050
3f68
0078
3ef0
3d38
3f1c
3e1c
3a00
018c
021c
0380
009c
03d1
3fd1
3ef4
3eec
0061
3f61
3f34
0250
3fc4
3b5c
3a00
3fc4
003c
3f88
0019
0015
0004
012d
004d
00e0
033c
0274
00c8
3fe7
3ff9
3fee
3f17
0005
3f12
3f8f
3ffb
3f94
3f0f
3f4b
3fc4
3eb4
0044
3e70
00c4
3ff0
00d4
3fd0
0050
00e0
0210
022c
032c
3f22
3ee0
3e74
001a
008c
00f0
3dc0
3fa0
00f8
0450
3fb0
3f78
0038
0048
0027
0021
3ff6
00a7
3f4f
3fc4
3fc0
0004
3ff2
0043
3faf
006c
0083
3fe9
00a8
0034
0074
0016
005e
3fb8
0140
00d8
0068
3e10
3ffc
3e14
3eb0
3f4c
0254
0100
014c
03f7
3ee5
00ec
0094
3fe1
3f27
3fec
0480
3f4c
3f3c
3e90
3f6c
3ff0
3f7c
0001
3fa6
005b
009b
0088
0013
0034
0028
000c
3f8b
3ff6
3f95
0025
3fc0
0065
3f01
3f4b
3fb6
0097
0037
0060
0244
3fd4
0270
00e4
00ec
3ff8
0500
3f7c
3dcc
0610
3bb8
05c4
006e
3fec
3df0
3f32
008c
005c
06a0
3c2c
3eb4
3d70
01f4
00ac
0148
0080
001d
0063
002e
0037
3ff7
02b8
0004
02b4
3faa
3fe3
3fc7
00b0
00bd
3ff3
3f22
3f96
3f8c
3fa8
3fb6
3ff2
3fbc
3fec
3fd0
0094
3ff8
009c
0930
3fb8
0040
3db0
3dac
03ec
3fdc
0260
3f64
004c
3fd4
0000
0230
016c
3e94
3800
3eb8
3dd4
00e4
00b6
003a
007c
3fea
000e
3fdc
3ffc
3f98
0064
000c
3f84
0088
3ff0
3fe4
000c
004a
00b6
3f94
00a6
0046
0060
3cf8
3ec8
3e30
3edc
3f80
3f5c
02d0
3dc4
00d4
0490
3ebc
04ae
0006
000c
00ac
3fac
0058
3f1c
0630
3fbc
3f7c
0140
3f24
00a4
3e80
3f92
3f86
000c
3fd8
3f5a
007e
001c
3e3c
01e0
3fa2
000b
3f97
3ff2
0059
3f99
0094
0023
0071
3fa8
0055
3f53
01a4
010c
0098
00fc
004c
00b0
3ce0
3fbc
014c
05a0
0230
0305
3f95
3e44
3f18
3fdf
3ebf
3c8c
3e50
0164
3f74
3b60
03d4
0114
02c0
3eaf
3f5d
3f52
000d
00cb
3f42
0110
3f34
01dc
3f33
3fb6
3f7d
0097
0012
0085
3f9d
3fe6
3fb7
3fb5
3fc6
3fef
00fc
00c0
003c
011c
0094
0088
3af0
02b0
3ff0
3e70
3ecc
043a
006a
0070
015c
0050
0078
00c0
0230
3f28
3e40
3ac0
3da8
3f18
3e90
0094
002e
0066
3ff2
3ff4
3ffe
0204
00ac
0158
3ee8
3f67
3f81
3eec
3fb7
3f35
00ba
008d
002d
3f2a
3f6d
3fbd
3e40
0038
3e08
3d18
3f74
3da4
0150
3ecc
009c
00a0
0064
0383
3f7d
0100
00ec
006f
3e79
3ee0
3ab0
0234
02a4
0180
008c
3ffc
0090
0055
0002
0053
3f21
3f72
3faf
3e64
3ed0
3f94
0057
3ff1
0066
0059
3fdf
007a
003d
0034
0009
0047
0034
0013
00d0
00b8
0018
3edc
3fc4
3f18
3800
0110
02f8
3ee0
0094
0378
3f5a
3f84
0134
3ec8
0016
0524
02c0
3dc0
01a0
0460
3cc8
3e7c
3e4c
0030
0091
3f9f
00bc
003b
0081
0224
01fc
0028
3f4a
002a
3f20
3f6c
3f72
3ffa
0024
0025
3fff
3eda
3f7b
3f5f
005c
3fc4
0098
3dc8
3ef8
3ed0
00d0
0128
00e8
3d20
3f5c
02d3
3f25
0068
013c
3fd1
0087
3ee0
03d0
023c
3f54
3620
3d98
3fd0
3dc8
011d
00ba
0063
3fab
0022
3f89
3fd4
3f3c
0098
004f
006c
3fe3
0009
002c
3fdd
0067
0043
0024
3f9d
0011
3f8c
3ef8
010c
3dec
3e7c
3fb0
3ecc
3690
027c
3fdc
3b30
3f90
0421
0037
0128
04a0
3ec1
3f5f
0108
0650
3d54
3f94
3f50
0164
012c
0038
3fef
3ffc
3ff3
0003
3fbc
0047
0030
0000
0030
0007
3fed
001a
0125
0123
0002
3f71
3f82
3fef
004b
001a
0031
0148
0210
3f38
01c4
0124
00a0
3a50
3fd8
3fd8
3f00
0248
03a5
005b
00d4
3c90
001d
0103
3ffc
3780
0048
0208
0280
3f50
0088
3ec8
001d
3fea
0033
0095
00ee
3fa7
3f90
0064
3f2c
0039
0019
0020
0033
0007
002c
3fbd
3f74
0049
3f7b
3fdc
3f9f
01d4
0168
006c
0030
00c8
3f68
0640
3dac
3d44
3e80
3ee0
03d4
0054
3f54
01a0
003a
00de
01a4
3cc0
0068
0030
01d0
00a4
0010
0094
002e
3fe2
004c
3f78
3efe
007a
3b20
3d10
3e10
00ca
0051
0079
0072
0057
001b
002a
0035
3ff5
011e
007b
00a3
3fa4
002c
3f78
02c0
00ac
0214
0400
3f18
3fc0
0530
0050
03ef
3f15
3e80
3f00
3fe7
3fb9
3ee8
3f60
3f9c
015c
3f00
3f30
3f94
3f9c
00db
00b0
002b
3f4b
3fde
3f6d
0200
0090
0170
3f35
3f59
3fdc
008b
0085
0006
3f7f
3fda
3fa5
3f65
3f98
3fcd
3ef8
3fec
3f0c
3be4
3e1c
3dc8
0020
01b0
0198
3f70
0118
02c0
3ffa
0080
3f98
0090
3f92
0040
00d0
0134
3f6c
04e0
00c8
3e54
0274
3fea
003b
3faf
001a
008f
3f8b
02f8
00e8
0210
3f6e
3f4e
0020
3f18
3fac
3f6c
3f3c
3fcd
3f6f
3fee
3fd1
001d
3f78
3f60
0018
003c
3f78
00c4
0480
004c
3d2c
38d0
0200
0376
3f64
01f0
0050
3fd4
0096
3fc8
3cf0
3f98
3fa0
0290
005c
0084
3fd8
3fd8
3f7d
005b
3fee
0005
3fe9
00a8
3f10
0198
3f1a
3f55
3fc5
0018
00c5
3f53
3ff6
3ffc
3ffa
00bc
005e
005e
0160
019c
3fc4
0330
0274
00bc
3e20
0044
0174
0030
025c
035f
3f3f
3f80
00ac
0085
3fc5
00e8
0380
0124
00c4
0170
003c
008c
3fb0
3f65
3f9b
3fca
3fd7
3fcd
000a
3fe4
3fec
3ff8
3fc5
3fb6
000f
3ff9
3f96
0063
0043
3f9e
00a5
00bb
0112
3fa9
0430
0174
02bc
3f3c
3f4c
3ff0
0290
3df0
01d8
3ca0
00e4
0442
3f94
0074
3ea4
0134
005a
008c
3eb0
0154
00c4
3ad0
3c60
3d8c
3ed4
002e
0085
3fa9
000c
000d
3fff
3e14
3f2c
3ee8
013c
0081
00bb
3f52
3f7d
3fd5
00ee
005c
0092
006c
0042
002a
3f44
3fa0
3fa4
3ed4
3fb4
3f20
3730
3fdc
042c
0710
0210
02a4
3fb8
3db8
0038
0036
3ee6
3df8
0070
3ff4
0134
0260
3ef4
3ff4
3f00
3f64
3fc6
3f9e
003a
0002
0038
0168
00dc
008c
00cc
00f3
3fd9
3f58
3f75
3fe3
009a
3fff
009b
004a
3fdd
006d
3eb0
3eb0
0000
00dc
0084
0058
34e0
00a4
0104
3bc0
0234
02c7
3ed3
00f0
02f4
3fb3
3fe7
3f80
3dd0
01d8
0188
02a0
00dc
01e4
3ef8
00b5
0023
0092
3f45
3f8f
3fb6
3f2c
008c
3ea0
00dd
0085
0058
0035
3fbd
0078
3fdb
3f89
0052
00db
0069
0072
0298
00e0
01b8
0290
0208
0088
0410
3ef4
02d4
03b0
3f38
03bc
00ac
030c
3f68
00b0
0004
3f04
3b20
0334
020c
38c0
3ff4
3eac
0148
0008
0016
3ff2
3f78
3fd0
3fa8
3c70
3f30
3d40
010a
0042
00c8
001e
3f48
00d6
0020
003c
3fe4
00b4
0076
003e
3f5c
3f40
001c
3f7c
0098
3ee4
0310
3fb0
3fe0
0160
3de8
0453
0091
0090
0008
0009
3eff
0050
09b0
3ea0
3d80
3ac0
3ec0
0018
3ea8
0025
0046
3fdf
00bb
0064
0057
3f08
3de0
0128
00d1
007a
0057
3f57
3f98
3fbf
00a7
003d
006a
0051
0051
0000
3d08
3ee8
3e20
0020
3fe8
0038
0060
0080
00f0
3be0
0064
02a3
001d
0148
3fbc
3f35
0027
0060
3a60
0268
0200
0330
3fd8
3fa0
0038
3ff1
000e
3fe3
3f9b
3fa4
3ff7
3d14
3f28
3dec
00c1
0026
009b
0053
3fb8
009b
006f
0061
000e
00a9
0079
0030
01d0
0134
009c
01d0
009c
0134
3910
00a8
0140
0430
0190
0416
3fe6
3f34
0058
0046
004e
005c
0310
3fd4
3dec
3d60
3f98
3ffc
3f9c
0028
3fda
004e
3ecc
3f52
3f7a
02d0
0064
026c
0004
000c
3ff8
3f60
3fb0
3fb0
3f56
0090
3ec6
3fde
3fe0
3ffe
3c1c
3dc0
3e5c
3bec
3e60
3d8c
0140
3ec4
3f84
3a50
3e4c
0447
00e9
0154
3f34
0117
3ff9
3d1c
3b20
0270
3f18
3ce0
3f1c
000c
3f10
3fb5
3fba
3ffb
3fe1
00ba
3f27
3f6c
3ff8
3f74
3f85
3fed
3f98
0067
3fdb
008c
010f
007a
0095
3ff9
3faa
004f
0264
0180
00e4
0128
02ac
3e7c
3a30
0084
0194
0460
01dc
043f
3f45
00b0
009c
3f97
000d
3f78
3e10
3f08
0220
04a0
02ac
0124
0188
0007
000a
3ffd
3ec7
3f3a
3f8d
3f6c
3e8c
00e0
3f91
0011
3f80
000b
002f
3fdc
3f6d
3fae
3fbf
00c7
00d2
3ff5
00f8
3f64
0194
3f48
3f2c
001c
3da0
3f98
0250
0170
3f78
04eb
0073
0190
0060
3fe5
3e99
0058
3b30
3f08
3db8
0090
3d58
3dfc
3f5c
0089
0053
0036
00f3
009f
0054
3f48
0074
3ed4
002b
001a
0011
3fb3
3fb8
3ffb
001f
0002
001d
00d7
00bc
001b
0070
3f14
015c
01d8
0210
3fc8
3940
3f28
3f98
00f0
03d4
03f7
3edf
3df4
0164
3f97
00bf
0284
3950
003c
3ffc
0330
0190
00b8
00d8
3edf
3f45
3f9a
3fcb
3fc9
0002
3e0c
3fd4
3e38
00ff
00f3
000c
3f23
3fb7
3f6c
3fdf
3fad
0032
00af
0045
006a
3e54
3eac
3fa8
0244
0154
00f0
0690
3e08
3e50
3ce0
3dac
0462
3ed0
3de8
3fcc
00f2
3ff4
0128
0480
016c
3fcc
3e00
0008
009c
3f6c
0036
004f
3fe7
3fd2
0001
3fd1
004c
3ef4
0158
0052
0040
0012
0020
0080
3fa0
3fd8
005f
3f79
3f36
3f8d
3fa9
3f00
0048
3eb8
3e7c
0004
3e78
37e0
3f98
0430
0490
02d0
03a3
3f8b
3f84
0000
0067
3f43
3f9c
0210
0070
3ed0
01c0
01a8
0114
0094
3f6f
3fd7
3f98
3fdf
3fed
3ff2
0028
3ef0
0138
3f9f
001d
3f82
3fcf
003f
3f90
3fed
3fdf
000e
3f91
3f7d
0014
0114
3fc8
014c
01b0
00a8
0108
3b30
3e64
023c
3ef0
0308
02fd
3fd7
0130
3f50
0185
0073
0020
3cf0
0424
014c
3d00
02e4
0240
00a4
3f65
3ffc
3f69
3f61
3fbe
3fa3
0268
01ac
00bc
0043
3ff3
0050
3f51
3f6b
3fe6
3fd5
3fbe
0017
3f9b
3f84
0017
3ed8
3f90
3f48
012c
3fd0
015c
0350
0088
0098
3f90
3e44
0488
0042
00c0
00f4
3f3a
3fc4
3f78
3ff0
3dbc
3e64
0050
3e58
3d98
00c0
3fe6
3ff7
3fef
3f60
3f89
3fd7
3c8c
3e3c
3e50
3f5c
3f73
3fe9
00da
004d
008d
0022
004c
3fd6
0090
00f8
3f98
0198
001c
017c
3fb4
3ee0
00d4
3ee0
3e8c
013c
3f10
3f80
0511
3ff9
3f08
01d8
00d1
3f91
0060
3d30
3eb0
0270
06f0
3f14
0074
3ea0
3fbb
3fd5
3fe6
3fab
3f85
0026
00d0
0044
008c
3fab
3fb5
3ff6
3f9b
3f75
0026
3fad
3f89
0024
0089
3fed
009c
00d0
3f64
016c
01d8
0130
00a8
3e40
3ed4
02cc
0490
0030
04a4
00dc
3f0c
01d0
3fda
3f1a
3d2c
0020
3e68
0118
3b60
02d4
0138
019c
3fb8
0028
3f90
3efa
3ff6
3f04
0100
00a0
0060
3eee
3fa7
3f47
3fba
3f6b
004f
004e
003f
000f
3f8a
3f6f
001b
0134
00e4
0050
3e10
0000
3e10
37f0
030c
00fc
07f0
0048
0378
3ffa
3e14
0240
3f16
3f7c
3fec
3870
00fc
01f4
0760
02f4
0124
01d0
002a
008d
3f9d
00ac
004d
005f
0078
028c
3dec
3f78
3f51
0027
0092
3fdd
00b5
3f10
3f44
3fcc
0052
3fd2
0080
00b4
3fa0
0114
02d4
3fc0
0314
3e50
0050
3ff8
0040
3f78
035e
00f2
01f0
3e50
011e
0022
3e90
3ea0
019c
3e9c
0220
0100
00c4
003c
3fe8
3fca
001e
3fdc
3fe2
3ffa
3e90
3e8c
0004
3fa8
3fe4
3fc4
0004
007c
3f88
0052
0012
0040
003e
001a
0024
0110
0128
3fe8
00c4
3f0c
01b8
3e50
3e98
0000
3f40
3ea8
03ed
0069
02b0
01a8
3f1d
0011
0230
0310
0068
0018
3900
3f70
3ff4
3f7c
3fe1
3fc3
001e
3fb9
3fef
3fca
0138
00a8
0090
002b
0061
3fca
3fd7
0021
3fb6
00c7
0017
00b0
3f23
3f33
3ff0
3e30
0078
3db8
3ec0
0048
3e78
00a0
3f54
0044
03f0
0010
03c5
3fd7
3fd4
0228
0005
3f77
3e54
3cd0
3cf4
01cc
0090
01dc
3fd4
0208
005f
0066
3ff9
3f33
3f96
3f9d
3cf8
3f4c
3dac
3fbd
004b
3f72
0107
002d
00da
3ff7
3fa2
0055
3fdd
3f66
0077
0124
014c
3fd8
3f24
3f48
3fdc
07f0
3e24
3f8c
0150
3d30
0392
3fe6
0144
0048
3f32
00c2
03f4
3f50
3e88
0138
0bc0
3fa4
3f70
0034
00ba
005a
0060
3ff2
001c
3fd6
00a8
3f34
0174
3f9a
0044
3f56
0016
000e
0008
3fc8
3ff8
3fd0
009c
00d2
3fca
0244
004c
01f8
01d8
00c0
0118
0570
3ffc
3edc
0490
028c
03c7
3f79
3f78
3dd4
008f
003d
3f70
3850
0014
0024
3ca0
3f84
3e8c
00f8
3f91
3fa6
3feb
00fd
0058
00a5
002c
0050
3fdc
0049
0053
3ff6
009f
004f
0050
3ec1
3f66
3f5b
0023
003c
3fe7
0180
3fec
0194
00ac
006c
0040
3370
3fa0
0288
0380
00c8
04a8
3f26
00a4
0558
3fb0
3ece
3e54
0380
00cc
3e44
3ed0
01b0
016c
0044
001a
3f89
0091
3f76
3f95
3fe1
00a0
0070
0030
0112
0092
0080
0038
0024
0014
3edc
3f79
3f63
3fca
3fd5
3ff5
3d6c
3d4c
0020
0034
3fc8
006c
3f70
3fb4
009c
01b0
020c
03f1
3f4b
3d78
3f74
00c1
0027
3f68
3700
00a8
01f8
0070
036c
0120
024c
3eb1
3f64
3f4d
3fc1
3fb6
000b
3b74
3dc0
3db4
0029
3fd9
0050
0103
00a1
0062
3faf
0010
3f9f
0071
0042
002f
0188
00c8
00c0
0008
0008
0000
3cb0
3e84
3fe4
0010
3f14
03b5
0031
0078
3ecc
0015
00c1
3fd8
0050
02e4
3f74
3e20
00d4
007c
0058
00ab
00bd
3fee
001f
3ff5
002a
0054
00a8
3fac
00f5
00c9
002c
0035
0071
3fc4
3f0f
3f79
3f96
00af
0025
008a
3e98
3ef8
3fa0
3f64
3ee4
0080
3890
00f4
0134
0150
0184
049e
0036
3f10
027c
3f0a
3fbe
0160
0310
3db4
3d54
0450
0134
012c
0008
3fcc
3f6c
0060
3fe8
3fae
003a
0254
0010
0244
3fae
3fae
0000
3f4e
3fec
3f62
3f7e
005c
3f22
3fea
3f82
0068
3ce8
3df8
3ef0
013c
00ac
0090
00d0
0060
3e80
0160
0008
036a
0078
0218
3fd0
3fcc
0072
3fe8
02e0
3df8
01c0
3f80
3f38
3f48
3ff0
005a
0021
0039
00a0
007b
0025
0038
3e2c
020c
3fae
005d
3f51
005c
007f
3fdd
0026
006e
3fb8
3f54
3f8a
3fca
3fe8
0080
3f68
3f80
0044
3f3c
0330
01f4
3c84
37a0
00e4
0399
00b5
00bc
3e94
005b
0077
3dec
00c0
0004
3f4c
3da0
3f9c
3fc4
3fd8
0099
007d
001c
3f4b
0003
3f48
00a4
3fdc
00c8
3ef7
3f0c
3feb
3fb7
0050
3f67
0003
3fba
0049
0037
00a2
3f95
047c
02c4
01b8
3f44
0010
3f34
3640
02b8
3fd0
3940
03d4
03ec
0060
0220
007c
3fd2
0052
0020
3770
01b8
0238
0040
0120
015c
3fc4
3e7a
3eda
3fa0
0038
002e
000a
010c
00a8
0064
0082
0025
005d
003e
0023
001b
3f0e
3f1b
3ff3
0082
0065
001d
0150
0090
00c0
0430
01a0
0290
0300
009c
0194
00a0
3e60
0403
0041
0184
01c0
3fb3
3fdd
01b4
0770
3f0c
0184
0160
0104
0108
3ffc
3f09
3f52
3fb7
0011
3f6c
00a5
0060
3f78
00e8
3fcd
3ff1
3fdc
0037
000d
002a
3ff5
001e
3fd7
3f07
3ffc
3f0b
015c
01a4
3fb8
3fac
3de0
01cc
3f00
3f48
3d88
0360
00d8
0312
00be
00a8
3f88
3fdc
005c
0250
38e0
0100
3f60
0500
01c0
0108
00b8
3f46
3f8a
3fbc
00e0
004a
0096
3f48
3fd8
3f70
00c6
0021
00a5
0036
003f
3ff7
0044
001b
0029
3f5c
3f1d
003f
3d58
3ec4
3e94
0358
0280
00d8
35c0
0174
007c
0010
0080
0424
3fd4
00f0
0050
3fc4
0060
02f0
3e20
0004
3f94
0140
0244
0148
00fc
3fb8
002a
3f8e
3fec
3f9c
0050
01c8
02a0
3f28
0084
3ff4
0090
0044
3fc2
0082
3eee
3f7c
3f72
001e
3faa
0074
3e40
3ed0
3f70
0084
3f5c
0128
3e80
3f70
0358
0320
3ffc
0483
3fff
3de4
01d4
3fe3
3f7f
01ac
0590
0140
3c58
0110
0088
3ff4
0094
3fc7
004f
3f78
3fbf
3fbf
0000
00c4
3fd0
00f4
0123
0081
00a2
3f6b
3fb9
3fb2
004f
0023
002c
3f7b
3fd3
3fa8
3e54
3ff0
3e64
0010
3fb4
005c
3fc0
3d88
3e78
0120
3e38
04ce
0070
3fe4
3db8
0036
0030
3ffc
3c60
3f98
3f80
00c0
0120
0010
0110
3fe2
001d
3fc5
00b6
0051
0065
0238
01a8
0090
3fbc
3fce
3fee
006a
0010
005a
3ed8
3fc5
3f13
3fba
3fd5
3fe5
00bc
0018
00a4
0168
00d4
0094
02a0
3f40
0238
0010
3cc4
04bd
0113
018c
3e84
0007
3f85
0054
0780
3db8
3e00
01f0
3e78
3e9c
3fdc
0093
0018
007b
0029
008a
3f9f
0234
005c
01d8
3fbd
001c
3fa1
3fe7
3f86
0061
3fb3
0077
3f3c
0071
000f
0062
3efc
3e78
0084
3f68
3fcc
3f9c
04c0
3bc8
3ef0
0420
00e0
04c4
0060
0164
3e48
006a
012e
3eec
3a80
3e78
00c8
38f0
00e0
0044
009c
0040
3fca
0076
3f62
3ff8
3f6a
3e18
3fd4
3e44
00ce
007d
0051
3fe6
3fe9
3ffd
007e
0057
0027
009e
3fdb
00c3
3c7c
3cf0
3f8c
3fd0
0230
3da0
0410
010c
0044
0760
3fcc
0467
3ff1
0008
3ef4
3f71
0043
3f58
3aa0
00b4
01a4
39b0
3f0c
3db8
0154
3f79
3f62
0017
0047
004c
3ffb
3f64
0008
3f5c
3fdf
3fb8
0027
3fc1
3f7a
0047
3fb5
0049
3f6c
015f
0089
00d6
3de0
3e20
3fc0
002c
0064
3fc8
0170
0040
0020
08d0
0044
04b2
3fe0
0104
3e74
006c
3ffe
3c44
0000
3efc
3f44
38b0
01f0
0048
01a8
3f9e
3f5b
0043
0044
00df
3f65
3f04
3f64
3fa0
3f26
3f79
3fad
0050
001d
0033
3fd4
3fce
0006
3f4e
3f74
3fda
0044
001c
0028
3ef4
0010
3ee4
3d80
3ecc
016c
0430
00c0
0451
0061
0090
0310
3f55
3ee5
3db8
3db0
01e8
3da0
39a0
003c
3fec
0050
002f
3fb5
007a
3f77
3f75
0002
3e70
3f48
3f28
00f3
005d
0096
3f07
3f89
3f7e
3fa9
3fe1
3fc8
00e1
0071
0070
3ea8
3e44
0064
0160
00e4
007c
03b0
3eac
0014
0060
0004
0410
0040
01a4
3f4c
3f70
0014
0134
0690
3ce0
01c0
0150
00d4
0038
009c
000a
3ffe
000c
0082
0028
005a
00a4
3de8
02bc
3fa2
0072
3f30
0082
0010
0072
3fda
004c
3f8e
3ef6
3fa2
3f54
0244
00c4
0180
3dc0
3eb0
3f10
3ed0
3fdc
004c
02b0
0284
03c1
3f53
3e30
3ddc
00bd
005b
3e30
39a0
0170
0028
3aa0
0064
006c
3ff8
3fc1
3fd4
3fed
3fe5
003e
3fa7
00fc
3fd8
0124
0031
0087
3faa
3f47
3f93
3fb4
3fc3
3f34
008f
3fe1
0002
3fdf
3fb0
3f48
0068
0078
0084
3ff4
3c30
3ffc
00b4
0220
3f1c
02e0
0024
3f2c
002c
00dc
0050
007c
3dd0
010c
005c
00a0
0344
0198
01ac
3f8e
0010
3f7e
005a
0008
0052
3ffc
3fb4
0048
0018
3ff6
0022
00ac
0076
0036
3eba
3f56
3f64
3fce
3f76
0058
00dc
00f4
3fe8
018c
00f4
0098
3e20
038c
3e6c
39e0
00a8
0390
0050
3ff8
3fa8
3f60
3f2c
01a8
3ee0
016c
3e24
0170
3f1c
3e74
00a8
3f7c
3fe8
3f94
0104
00be
0046
03a8
0180
0228
3fc8
3f9e
002a
3fc0
0060
3f60
3f66
003e
3f28
3fa2
3fb0
3ff2
00b8
0100
3fb8
00dc
0018
00c4
3a20
0200
0088
0280
3fec
03eb
0069
00c8
01dc
3f97
3fd1
3d50
02d0
0124
020c
3e20
0050
01a4
3eac
0045
3ffe
0047
3f61
3f5c
0005
00cc
3f64
0168
002f
0005
002a
011d
0051
00cc
003f
0030
000f
3e15
3efa
3f1b
00a0
0124
3f7c
3dfc
3dc0
003c
01d0
0038
3ec0
3f40
0078
0345
0019
3f08
01d0
009f
004f
3e98
0200
00a8
3fb8
3c10
01f0
3f5c
0294
3ee9
3f49
3fa0
3e8f
3f49
3f46
0170
0064
010c
3f41
3fe8
3f59
0085
005e
0027
002b
0096
3f95
3f7f
3fbc
3fc3
0110
0188
3f88
3cc8
3e90
3e38
3f50
3e90
0048
0a70
3fb8
0397
0099
0014
01b0
3ff7
3fd1
0094
00f0
3f74
01b4
0290
0240
007c
01c4
3fd1
3f90
0041
3f4d
3fbc
3f91
3ec0
3fdc
3ee4
3fe3
007f
3f64
0055
0045
0010
0071
0052
001f
0057
3f72
00e5
3d94
3de4
3fb0
3f6c
00ec
3e80
3e00
0104
0064
04c0
0460
02cc
3f5e
3fb4
3dd0
00fc
3f36
3f54
38f0
01a8
3ea0
3e00
3f44
3f74
3fd0
3f6e
3fad
3fc1
008e
0019
0075
0200
0230
3fd0
3f98
3fae
3fea
000e
0048
3fc6
004e
3fe5
0069
3fe8
3fb9
002f
3f5c
3fcc
3f90
02b0
01d4
00dc
0200
033c
001c
36b0
3ebc
0366
3fc2
01d0
3f2c
0028
0000
0080
03c0
0048
3fe8
3eb0
3d4c
3eac
3ea0
017e
00d2
00ac
0064
001a
004a
3e6c
3eec
3f80
0062
000b
0057
009e
0071
002d
00d0
0085
004b
0084
3fcb
00b9
3ff8
01a0
3e58
3f70
3f70
0000
3f80
3e50
3ef8
3c70
0038
045c
3f8a
3f6c
3e00
3fd4
3fea
3e4c
0560
003c
3cc4
3be0
3d98
3edc
3ebc
003e
3fcb
0073
008a
00d3
3fb7
0180
000c
0174
3ffc
3fee
000e
3fca
00ac
3f1e
00da
00bb
001f
3fe4
001b
3fc9
01cc
0204
3fc8
3e3c
0028
3e14
0570
0054
3e74
0460
3dec
0397
0009
0010
3c44
004f
0099
3f08
0030
3fe8
0208
03f0
3f04
3f6c
3f98
00a1
0078
0029
017d
011c
0061
005c
00c0
3f9c
001d
3fab
0072
00b3
0031
0082
3f17
3f98
3f7f
3ff9
006c
3f8d
0218
0024
01f4
0068
3f08
0160
00c0
0004
0004
0040
3fec
0408
3fec
3e20
3d6c
00de
3fea
3e70
00d0
3fc4
3fac
0330
3f04
0094
3e70
0046
0010
0036
003c
3fd6
0066
00fc
3efc
0200
0004
001b
3fe9
0044
0103
3f41
003e
008d
3fb1
3ede
3f71
3f6d
0048
0118
3f30
3de4
3f00
3ee4
0460
3f18
3dc8
3920
0094
03d3
3fa7
017c
015c
0055
3f65
01f4
38e0
0358
3ff0
3750
3eb0
3ea8
0008
0035
0005
0030
0103
0051
00b2
3e14
3e58
3fbc
00e1
005c
0085
3ff5
002a
3fcb
0095
00e8
3fad
00a1
007a
0027
3cd4
3f18
3dbc
0038
00cc
3f6c
3d40
02e0
3ff0
38f0
0198
02ec
00aa
0480
3fb0
3fdc
3eda
3fa8
37b0
0054
00c4
3ee0
3f38
3ed8
0060
3ffe
0017
3fe7
0112
00a7
006b
3e58
3f64
3ef4
0034
0028
000c
006a
3fee
007c
3faa
3fb9
3ff1
010c
000d
00ff
0050
3f4c
0104
01ec
0184
0068
3f70
3f9c
0104
0720
3f70
0499
3eeb
3ebc
3f60
3ff3
3ffd
01f4
03a0
3d44
0314
06e0
0104
3f50
01b4
0085
00c2
3fc3
0097
0030
0067
00f0
0190
3f60
3f89
3fae
3fdb
3fff
3fe4
001b
0025
0039
3fec
0003
3ff1
0012
3da4
3f80
3e24
3e84
3e34
0050
0580
0014
3f8c
0140
3ff0
0334
0028
0070
3e60
008e
0082
3e90
00a0
3fa0
3e98
3e00
00ec
0028
00c4
3fe2
3ffa
3fe8
3fa8
3fb0
3ff8
3d60
3de8
3f78
00a6
000d
0099
3fc6
0049
3f7d
00e4
00bf
0025
0088
00bb
3fcd
0170
01b0
3fc0
0040
3f7c
00c4
0500
0014
3e2c
3d30
3ee8
03e0
0010
3f98
0010
3f98
0050
3e48
38b0
0104
024c
0100
3f44
00e0
3e64
0094
0068
002c
3f94
0028
3f6c
3fd8
00dc
3efc
3f86
3f6c
001a
00e2
0050
0092
002a
3f7a
00b0
3efe
3f56
3fa8
02c8
0108
01c0
3f74
0080
3ef4
01c0
3e30
3fa8
0700
029c
03d5
3f61
0190
011c
003d
3fdd
3d10
00b0
0284
0074
3d20
0118
002c
00ec
005b
002b
0030
3ea7
3fad
3efa
00f4
006c
0088
006b
0045
0026
00cf
0057
0078
3f3f
3f81
3fbe
3f93
3fab
3fe8
0050
3f78
00d8
3d0c
3e7c
3e90
3ba0
3f38
3e68
0a50
02cc
0394
3fe6
0060
00ac
3f86
00fc
3e80
3b70
00c8
0278
3d80
0350
00d8
0278
3fdc
3fd5
0007
3f52
0021
3f31
0214
016c
00a8
00b0
0089
0027
002e
3fb1
007d
3e7e
3f16
3f68
3fb8
3f5c
005c
3e20
3d08
0118
00d0
0148
3f88
0510
3d9c
0144
0280
3ea4
03f7
0007
0040
3ff4
00d1
3f91
3e90
0560
3f48
0058
02d0
005c
3ef0
016c
002d
0079
3fb4
0013
000f
0004
01ec
3eb4
0338
3fd3
009c
3f37
3fb3
000c
3fa7
3f75
3ff8
3f7d
0085
00a0
3fe5
0158
3ee8
0270
0090
3ea0
01f0
3ea0
3fd8
3fb0
3e00
0208
0457
3f77
3d58
3fd0
3fd7
008b
00f0
3fd0
00b0
00b8
0040
3d28
3ef4
3e34
3fcf
3ff7
3fd8
005b
0011
004a
3f30
3f04
002c
0113
00fd
0016
3fff
001f
3fe0
0091
3ff1
00a0
3ff1
0023
3fce
3f58
007c
3edc
0200
003c
01c4
00e0
0200
3f20
03d0
0068
03b9
0009
3f1c
0110
0065
3f15
3e0c
3d70
0038
3fb8
3dd0
3fa8
3ef0
00b8
001f
0055
3fca
3ffb
3fd9
0022
3ff8
3fec
000c
3f43
3f95
3fae
0043
0039
000a
3f2d
3fcd
3f60
3fa9
0001
3fa8
0154
3f44
0210
3db0
3ed8
3ed8
3990
3f68
0258
01d0
019c
0426
3f34
0158
005c
3fcc
3fb2
3fa0
04a0
3e84
3eb4
3890
3eb8
3f48
3f70
006c
001f
004d
3fd6
3f89
004d
0244
01fc
0048
3ece
3f2d
3fa1
3f48
3fd7
3f71
0084
0072
0012
3fce
3fde
3ff0
0050
01ac
3ea4
3dec
3e7c
3f70
02e0
0088
3d30
0020
0024
0387
3fed
0004
0194
3fa7
0055
00cc
3fb0
0044
3fcc
0000
0078
3fdc
009c
007d
005a
0023
3ff9
3fae
004b
014c
003c
0110
3f57
3f81
3fd6
3fed
0037
3fb6
3e6d
3f56
3f17
0117
00da
003d
00cc
3f78
0154
3ee4
3ee0
0004
0860
0128
0010
3e90
3d3c
047a
001e
0098
010c
3f5a
3fb2
3e88
0600
3fac
3f14
0200
3d08
3ed4
3e34
0130
003c
00f4
3f54
3f96
3fbe
3dc4
3e2c
3f98
3f8c
3fd2
3fba
003c
006c
3fd0
00bc
0044
0078
0114
00ba
005a
0218
0030
01e8
0084
0008
007c
04c0
3dbc
3f6c
3640
00f8
0486
005c
0230
3e70
00a8
3f66
3fc8
3b50
3fb8
3e38
3fc0
3c6c
3ecc
3da0
0026
3fb9
006d
0038
001b
001d
0038
3ed4
0164
0048
0023
0025
3fee
00d9
3f15
3fc4
3fd2
3ff2
3ef2
3fe6
3f0c
02e0
0254
008c
3fa8
00b0
3ef8
3cc0
018c
0064
3990
011c
03d4
002c
000c
3e5c
002e
3f0a
01a4
3fe0
0040
3ee8
01b0
3e44
0148
3cfc
3f76
3fca
3fac
00fc
0042
00ba
018c
3ff4
0198
3f6e
3fc7
3fa7
3ffa
004d
3fad
3fb2
3f5d
0055
3e7a
3f77
3f03
0134
00f8
003c
3f40
3f64
3fdc
0c80
3d98
3f68
3a80
3e30
04db
00c1
0284
3e90
3fcd
3f93
013c
0970
3c90
3d38
3e40
3cc8
3ea0
3e28
0169
0050
0119
009b
005e
003d
00a8
3eb8
01f0
003b
005c
3fdf
3fbd
0006
3fb7
3ee9
3f4f
3f9a
0003
000b
3ff8
3f7c
0038
3f44
0000
3f9c
0064
0990
0048
3e98
3fa0
3e74
05b3
0037
3dcc
3fc4
3f71
0021
0194
0130
3cd4
0084
00b0
3c00
3d50
3eb0
0123
00d1
0052
002d
001d
0010
3f0c
3ef4
0018
3f2f
3f92
3f9d
0067
004c
001b
0081
3ff8
0089
3fe5
003e
3fa7
01e4
0188
005c
0074
00b4
3fc0
3c70
000c
02ec
01e0
3ea0
03d2
3fae
3f94
0188
009a
3ef2
009c
0120
01e4
015c
0030
3dc4
3ef4
3ed0
00e0
0088
0058
0088
3fea
009e
3f10
3fc4
3f4c
00ec
0066
0086
3fd8
3fd4
0004
00e8
0120
3fc8
0084
0026
005e
3f0c
3f90
3f7c
3ed4
0008
3ecc
03d0
3de0
3ff8
3e70
3ed0
04ba
00e8
0070
3d08
009a
3fe8
0050
3c50
3e8c
0014
3bc0
3ea0
3f94
3f0c
008a
0077
0013
00ee
005b
0093
0150
0124
002c
3fb4
0018
3f9c
3f6e
3fb6
3fb8
3fdc
0031
3fab
00c2
3fed
00d5
3ed8
3f50
3f88
3f1c
3fa0
3f7c
3ae0
3fcc
0384
0620
0180
032a
3daa
3fac
0028
0018
3fc8
3c54
39e0
00fc
01ac
3c80
00cc
0010
00bc
005c
002a
0032
3f2e
3ff8
3f36
0070
015c
3f14
0018
3fd9
003f
3fa4
0011
3f93
3ffa
0049
3fb1
3fba
3f81
0039
3cc4
3ee8
3ddc
3e04
3fd4
3e30
05a0
029c
3f14
0250
3e58
046c
3f68
3ec8
3fc0
3fa6
3f9a
3ea0
0460
3e6c
3de4
3c90
3f64
3ea8
00bc
0068
005e
000a
002a
00bc
3f6e
3e00
3f24
3edc
3ff0
3fe9
0007
0014
004d
3fc7
00d8
007f
0059
002c
3f8f
009d
3d00
3f6c
3d94
3fb4
0128
3e8c
0370
3fd8
00c8
05a0
3ed4
0379
0065
3de8
3e0c
00d3
3fbb
3d08
0250
02d4
0164
3d90
0280
00f0
0190
3f51
0023
3f2e
3fff
0097
3f68
0114
3fa8
016c
3f7f
3f70
000f
3fcb
3fce
3ffd
3fc5
0008
3fbd
3f85
3fda
3fab
0090
3f80
0110
3f64
3fb4
3fb0
3aa0
3f40
3f68
0190
016c
03c9
3fe5
3e70
02ac
3fc5
3fcd
0050
3b50
3fbc
0044
0180
3f10
0084
3e8c
3fb9
3fa5
0014
3f51
3f2f
0022
011c
00dc
0040
3fcd
3fa7
0026
3f89
3ff5
3f94
001b
3fb1
006a
008f
0067
0028
3f78
3fc8
3fb0
0214
0190
0084
0050
3f70
00e8
04e0
0104
0388
00cc
0308
3ffc
0052
3f8e
3cd8
3b60
0308
0188
36b0
3d98
3d3c
005c
0132
00d6
005c
0038
006c
3fcc
3f44
0038
3f0c
008c
004f
003d
3fa4
3f47
005d
0076
3ff9
007d
007a
0045
0035
3f48
3f30
0018
3f68
0038
3f30
3ea0
0190
0010
3a10
0064
0425
3fd7
01a8
3efc
3ef7
3fad
0150
3fa0
0004
3f14
3920
3e98
3f78
3f20
009d
0024
0079
00cb
0060
006b
026c
0238
0034
3ffd
0028
3fd5
3f6f
3f98
3fd7
3fb7
3f91
0026
3fa1
3f73
002e
3e50
3eb4
3f9c
0074
00b4
3fc0
0340
0048
0140
0190
3dc8
042e
3fa4
0020
0290
3f60
3f0e
3e18
0400
3e70
3fc0
3c80
3e80
3dec
0094
0114
0071
00a3
001a
0097
3f83
3e88
3e04
0084
0008
006f
3f99
0032
003d
3ff5
00e6
007a
006c
3fc4
0032
3f92
3f18
3fec
3f2c
0028
0040
3fe8
04d0
00a4
3d2c
00c0
3fa8
032d
00c7
0208
3dc0
0049
019b
3f50
3ea0
0200
01a0
3e10
3f34
3ef0
0044
0045
0046
3fff
3fd5
3fde
3ff7
3fb8
3fcc
3fec
008d
0035
0058
00b3
004f
0064
0011
3fd2
003f
003f
3ffa
0045
00b0
3fe4
00cc
3f70
3f10
0060
3ee0
3f0c
0084
0470
0154
0477
3fbf
3e88
0024
3e91
0099
3fe0
3a00
3fd8
0120
00a0
01f4
0278
3f7c
3f45
3f3f
0006
3f8b
3fa5
3fe6
3c34
3eac
3d88
0117
00b2
0065
0067
0002
0065
3ff9
3fac
004d
0095
3fec
00a9
0038
3e9c
019c
02a0
02a4
3ffc
06c0
3e38
3e18
3f30
3e70
051b
0035
0050
3e40
3fd9
0017
0168
0280
0160
3f38
3cf0
3f88
0110
3e78
0037
0008
002f
006d
005c
0011
00f8
0078
0080
3ffd
3f8e
006f
009f
00ba
3fe5
3faf
3f67
0048
3f8d
3fcd
3fc0
00f0
010c
3fe4
3ff0
003c
3fb4
0ab0
3e38
3be8
3b60
0054
04df
3f8f
00d0
3bf4
0069
012d
00d0
39b0
00a0
0088
3eb0
0048
3fe8
0060
3fa5
3f93
0012
0023
000b
0018
3f6c
3f1c
0050
005d
0006
0057
0085
0078
000d
0029
0060
3fc9
0059
0022
0037
0030
00a8
3f88
3ec0
0024
3e9c
3cf0
0024
3ffc
3810
3f08
03db
0033
02bc
00e8
3ff7
00b3
02ec
03e0
3f70
0078
3e20
006c
0158
3f14
0111
0097
007a
0001
3ff9
0008
01c8
3fb0
0218
3ff5
001b
3fda
0059
004d
000c
3e91
3eef
3fa2
3fe5
0035
3fb0
3ff4
0014
3fe0
01b8
0034
0184
0770
3eec
3cac
3bc0
3e9c
046c
00a0
3fbc
3ffc
3f6e
013e
0264
0ef0
3e1c
3fc4
03a0
009c
0084
0018
3fd4
3fcc
0008
0056
3ff4
0062
0394
0084
0310
3fb0
3fd3
3fdd
3fb8
3fe1
3fd7
3efa
3fc1
3f39
3f22
3fff
3f23
0074
0000
0074
3f1c
3d50
01cc
3e40
0038
3ff0
0260
3e54
0406
3fc2
3eec
00ec
0016
3fd6
3f14
0510
3fe4
3fa4
3f00
3ef0
3fa4
3f4c
3ff8
001c
3fdc
3f78
3f72
0006
016c
3ff8
0174
007c
001a
0062
3f78
3ff8
3f80
3fa4
0014
3f90
3f50
0002
3f4e
3dbc
3fe0
3ddc
3dac
3dcc
3fe0
3e40
3e60
3df8
04d0
0004
039b
0047
3fa8
00d4
3fcb
3feb
0020
3ca0
008c
0274
0580
0428
01fc
022c
3efb
3f85
3f76
3f57
3f3f
0018
3f84
3ffc
3f88
0047
001f
0028
00bf
0041
007e
3fa9
3fa5
0004
006d
3fe3
008a
3f50
3de4
016c
025c
0110
014c
3df0
0010
00c8
3f40
016c
049c
3f28
3c40
3fbc
0022
00c2
3fc8
3bd0
3cd0
0200
0840
0170
0184
3fec
3f4c
3f74
3fd8
3f5e
3fdc
3f82
3fec
010c
3ee0
3f58
3fb5
3fa3
3fa4
3fb3
3ff1
3fc2
3fbb
0007
0056
3fb9
009d
0158
0024
0134
3fe8
00c8
3f20
3ee0
01e4
3f0c
3c20
0158
03c4
3fd6
3d7c
0168
3f3c
007a
3f44
3cc0
3f40
0158
0440
3e3c
3f90
3eac
0058
00df
3f79
3f20
3f1d
0003
3d98
3d70
0028
3f8a
001c
3f6e
0164
00d4
0090
00ec
0087
0065
3fde
002d
3fb1
030c
0138
01d4
0008
3f34
00d4
0240
3fc8
0150
06b0
0018
03ab
3ff3
3f2c
3d08
006d
0035
3f74
3cb0
0370
3ee0
0390
0158
00fc
005c
0011
3fad
0064
00a3
00bb
3fe8
00b0
0038
0078
00b1
3fcc
00e5
3fa1
3fa8
3ff9
3ee3
3f76
3f6d
000b
3fe6
0025
3e54
3e30
0024
01c0
00f0
00d0
0140
3f98
3f68
0270
018c
031e
3fb2
003c
00bc
0012
0086
3fbc
3d80
01e0
0110
3d80
3e20
3fa0
3e80
0022
3fe6
003c
007a
3fb6
00c4
007c
3f4c
0130
3f74
3f92
3fe2
3fd8
3fce
000a
3ff0
0018
3fd8
0130
00a8
0088
0114
3fdc
0138
0148
0178
3fd0
0240
020c
3f04
01f0
3e18
0312
004a
3fb4
0240
3ff4
3f44
3c44
01b0
3f48
3ee8
3d40
3fd4
3f38
009c
3f6a
0016
3f54
3ec4
3f68
3f5c
0020
0014
000c
0056
0015
0041
3fee
0005
3fe9
3fa6
3fdd
3fc9
3f96
0021
3f75
000c
3f54
00b8
3f40
3f78
3fc8
36c0
0124
0154
01d0
3efc
035a
000e
01b0
012c
0014
3fb4
3d58
01b0
01a8
3eb0
3c90
3f34
0094
3ea0
00e2
00b8
002a
3f8c
3fbc
3fd0
00f4
015c
3f98
0026
004d
3fd9
000a
3feb
001f
3f84
3f8f
3ff5
0004
001d
3fe7
3fd8
3f5c
007c
00b0
008c
0024
3e90
0004
3f3c
0350
3fc8
04b5
3fef
3e44
3d58
0047
00bd
0044
3850
0234
01d4
0530
0174
00c8
00ac
3fd1
3f74
005d
3fbb
3fd4
3fe7
3fa0
0090
3f10
0083
005c
0027
000d
3f7c
0091
3f29
3f9f
3f8a
007b
3ff5
0086
3ff4
3eac
0148
0074
00a4
3fd0
01e0
3eb8
3ff8
3e50
0110
03dc
0082
0044
0080
3fb0
3fb2
010c
02e0
0150
3fa0
3ee0
3ff8
3fe0
0018
0038
0019
001f
3f8c
3fab
3fe1
3d80
3d98
3fe8
011c
00d0
004c
00a2
0080
0022
0046
3fe5
0061
3efc
3fc7
3f35
00ec
0130
3fbc
3d50
3e68
3ee8
05c0
3f30
3e28
3d70
3f98
04b9
3fcb
3de0
00a8
3fc1
3fb3
00a8
0bd0
3cac
3eec
0080
3bf8
3dc4
3e34
3fdd
001e
3fbf
0129
007a
00af
00e8
3f40
01a8
3fd7
0003
3fd4
0141
00f5
004c
002b
007a
3fb1
3fa5
3ff2
3fb3
3f80
018c
3df4
01b4
3f8c
0228
0240
010c
3e9c
0020
3f88
03ee
3f90
3ea8
3e70
0016
3fd0
3e28
3db0
0098
0390
01a0
3ff4
3e3c
01b8
00a6
0085
0021
004e
00c1
3f8d
3eb0
3f1c
3f94
3f9e
3fa6
3ff8
01d4
00c4
0110
3fa6
3ff7
3faf
0088
0027
0061
02a0
0158
0148
3fb8
0024
3f94
02f0
0064
3ed4
3ee0
3d38
0409
3fb3
3fd0
3de8
3fad
00a7
02b0
3ff0
017c
01bc
3ea0
3efc
3ecc
0030
00eb
00c2
0029
3fef
000a
3fe5
3e48
3f90
3eb8
3f87
3f57
0030
00c9
0031
0098
0089
00a4
3fe5
00e7
0020
00c7
3e60
3f48
3f18
3dcc
3f34
3e98
3b60
01f4
008c
3ce0
012c
03ef
0089
3fe8
007c
3f87
004d
0028
01f0
007c
3fc4
3bc0
3edc
3f58
3f84
3ffb
0068
3f93
3f13
3f6a
3fa9
3ef4
3ecc
0028
004b
3fc9
0082
0051
0051
0000
00ed
00fc
3ff1
3f3f
3fe2
3f5d
0018
0278
3da0
3f74
3f10
0064
0af0
3d28
00a0
09c0
3e8c
03eb
001d
3e24
000c
3fbb
3fdd
3ea4
0310
3d5c
017c
0440
0098
3eac
01ec
0007
002e
3fd9
002b
0046
3fe5
3f44
3ee4
0060
3feb
004b
3fa0
0085
001d
0068
3f77
3ff4
3f83
012d
0008
0125
3ed4
3ea4
0030
0054
00cc
3f88
01c0
3f20
3f80
3a80
3ea4
0459
0085
0100
014c
0057
3f77
01f8
0790
03dc
3e94
3860
3e98
0140
3d58
00d1
0051
0080
0067
3fc1
00a6
0224
0040
01e4
008f
3ff2
009d
0017
0040
3fd7
3fdd
0020
3fbd
3ec5
3f46
3f7f
3e38
00dc
3d5c
3d9c
3e88
3f14
3fb0
3fb8
03f8
0100
0190
030a
3f82
0358
0040
007e
3fc2
3f00
3c50
0054
0044
3990
3ea8
3e58
0050
00d2
3ffe
00d4
3f9a
0004
3f96
0260
0248
0018
3f62
3fc0
3fa2
3eaa
3f26
3f84
3fc4
3ff6
3fce
0080
0014
006c
3f98
3f94
0004
3e24
005c
3dc8
3f50
023c
000c
0390
3ee8
0293
0027
0200
0018
009d
3fe1
0068
0280
03dc
3f6c
3fb0
0014
3e94
0180
000f
0021
3fee
3fcd
3fa3
002a
3fc8
0008
3fc0
3f19
3f80
3f99
0025
3ff8
002d
003d
0064
3fd9
0109
00cc
003d
3f68
3f24
0044
0074
3f94
00e0
3df0
00bc
014c
3910
0078
0362
3f96
0484
02d0
3fb8
3f5c
3fd4
00c0
0368
3f28
38e0
3b64
3ddc
3d88
00ee
0018
00d6
0090
002e
0062
3d28
3ee4
3e44
00d8
005d
007b
004c
000d
003f
0084
0035
004f
0080
006d
0013
00e4
00dc
0008
00a8
00b8
3ff0
0230
0188
3ef8
0150
3f44
034e
0012
3ea8
3f34
3f24
012c
0118
01c0
3ed4
00ac
0340
3f10
3e80
0090
3fac
3fc4
3fe8
00a2
00b8
3fea
3f6c
3e64
0108
3f76
3ffd
3f79
0022
0043
3fdf
014a
00ef
005b
002e
0055
3fd9
0050
0130
3f20
036c
0240
012c
0260
3e84
0074
04a0
3fa0
03a9
00a3
00c0
01f0
0047
006d
0008
3f50
03e8
3f88
3e70
3f1c
3ebc
0060
00ef
00a4
004b
3fad
3f84
0029
3d88
0008
3d80
0109
0076
0093
3f3b
3f2e
000d
0011
3fb9
0058
00ef
00e3
000c
3dc8
3de4
3fe4
3f60
3ea8
00b8
39b0
00d8
02b8
3940
3e78
03c6
000a
3f8c
01f0
3fb4
3f98
016c
03a0
3fbc
3df4
3ea0
0128
01c8
3f60
3fe2
0014
3fce
3f64
3f0e
0056
0020
001c
0004
005c
0015
0047
3fb4
3fad
0007
008c
0037
0055
3fc4
3fb7
000d
01dc
016c
0070
3eac
3e98
0014
00e0
3eec
3ea4
3df0
0278
0403
3f5f
3da4
3e00
0087
007f
3df4
3e40
3ec0
0050
3f20
3f8c
3ff0
3f9c
3f39
3f8b
3fae
3fe5
3fe5
0000
3f70
3f4c
0024
3ef7
3f55
3fa2
00bb
0037
0084
008f
005d
0032
005f
3ff3
006c
0224
00cc
0158
0038
0180
3eb8
3ac0
0224
03bc
3af0
3fa0
0377
3fdf
3f58
3f80
3f73
3f83
01b8
3f10
3e98
0138
0190
004c
0018
0034
3fd5
3fe9
3fec
3fbd
3fa9
0014
3f80
0010
3f70
3f5d
3fcf
3f8e
0005
3fa7
005e
0043
3feb
0058
0083
0097
3fec
02a0
01e0
00c0
3fd8
3fa0
0038
0310
3ed8
3f90
0270
01b4
03f1
3f97
3fe4
3d9c
0079
0023
3e84
3b20
000c
014c
0190
0120
3fec
0134
3fbf
001e
3fa1
001b
0090
3f8b
0264
01e8
007c
3f9f
3fe9
3fb6
00a5
0001
00a4
3eef
3f98
3f57
3f29
3f5e
3fcb
0184
3ff4
0190
3f3c
004c
3ef0
0230
0014
0074
0220
02c8
03b6
3ece
3f30
3f48
3ff6
00ba
02b8
3b70
0018
03f8
07e0
3d44
3f34
3e10
00a6
005c
004a
00be
0006
00b8
3f98
3f48
0050
3fce
0038
3f96
00c2
006e
0054
3fa8
0008
3fa0
3f2c
3f66
3fc6
3f98
3ec4
00d4
3dc0
3e80
3f40
0100
3fa4
3eec
3fc0
3eb8
0470
00ec
3f64
3ee0
3fa8
3fe8
0064
04f0
3f88
3d80
3f70
0004
0188
3e7c
3f82
3fec
3f96
0122
007e
00a4
0110
0114
3ffc
000a
3fda
0030
0066
002c
003a
0036
3ff6
0040
003e
3fcc
0072
0114
006c
00a8
0338
015c
01dc
3fd0
00dc
013c
3cf0
0010
03fc
0084
3fac
3f48
3f76
0042
029c
3a10
3f60
3ed0
04f0
3f74
0084
3ef0
3f4a
3f5c
3fee
0098
0048
0050
3f20
008c
3e94
0050
002f
0021
3f64
3f31
0033
0190
00fb
0095
0004
3fb5
004f
3f74
0084
3ef0
0320
0298
0088
04b0
3ecc
01dc
3ff0
00d4
0538
3f32
3ee8
008c
000e
3fc4
3dd8
0180
3ba8
0100
0810
3ecc
00ac
3e20
3f70
3f01
006f
001a
001d
3ffd
3fa4
3e88
011c
3fb2
001f
3f93
0044
0033
0011
3f44
3f36
000e
3fda
0044
3f96
0210
3f98
0278
01a0
0134
006c
0160
3ef8
01a8
05d0
3f04
0442
3f30
3c9c
010c
007e
0010
3f64
3a60
0374
028c
3ee0
3fb0
3ef8
00b8
3fa8
0007
3fa1
0024
3f99
008b
3eec
00c0
3e2c
00c6
005e
0068
0000
3f7e
0082
0096
00a5
3ff1
0014
3fdf
0035
3e04
3ea8
3f5c
3e9c
3f88
3f14
0220
0124
3fcc
3ad0
0058
0309
3ff3
0288
3e88
007d
002b
02b8
0610
0140
0070
0280
3f0c
3e98
0074
001f
3fd0
004f
008b
0022
0069
00c8
3fb0
0118
3fd3
3fe1
3ff2
0019
3fdd
003c
002b
0082
3fa9
00c5
011c
3fa9
3f70
3fe8
3f88
0160
3ee8
0278
3fb0
01f0
3e58
36e0
0170
02bb
3ff1
0148
03b0
3fa1
3f3b
00a8
0040
007c
004c
3e20
3ec8
3fdc
3eec
3fa5
3fce
3fd7
3f2f
3fb6
3f79
3de0
3ff8
3de8
00e3
3fdc
0107
014d
00b8
0095
3feb
3fb7
0034
3fa5
3fed
3fb8
0150
0140
0010
3f2c
3fcc
3f60
0250
0244
3e94
3fc0
3fc8
03be
3fdc
02f0
3db8
0002
00e4
00f8
3f00
3ed8
0028
0230
3e44
3f44
3f00
007c
3ff1
008b
00b4
0037
007d
3cb8
3e60
3e58
3f40
3fb8
3f88
007a
0010
006a
00a0
00a7
3ff9
012a
0069
00c1
3ee8
3e1c
00cc
00d8
0040
0098
3e70
0060
03c8
05e0
3ee4
04a8
3faa
3eb4
3d94
008a
3ff8
3fd4
0060
3ef8
3d78
05d0
0008
3ed4
0134
005a
0049
0011
00f4
005d
0097
0174
01a4
3fd0
3e98
3fc9
3ecf
3efa
3f35
3fc5
0004
004e
3fb6
0086
3fe4
00a2
011c
3ecc
0250
3ff8
3fd0
0028
0070
01c0
0010
3840
3f58
0461
3feb
00fc
0178
3fd5
3fff
01b4
0310
3f84
3eec
3ce0
3d98
3f20
3e78
3ff7
0050
3fa7
3fa7
3fb8
3fef
3e50
3e68
3fe8
000d
0013
3ffa
3f8b
3fdd
3fae
014f
0042
010d
00ed
014e
3f9f
0274
0130
0144
3ef4
3ed0
0024
0360
3e60
00b0
0290
00c0
02e5
3fd5
3f90
01f0
0043
3f3f
3f10
01e0
0430
3fb0
3c20
3f50
0100
3e50
006b
3feb
0080
3f9d
3f77
0026
3e70
3e00
0070
3ffd
3ffa
0003
0049
0044
0005
009d
3fb4
00e9
0045
0056
3fef
0160
0118
0048
01a8
00c8
00e0
0910
3c90
0000
0020
0008
042b
3f85
3df0
3fe8
3fc1
3fc7
0010
01d0
3df4
003c
0820
00d0
0078
0058
3fb7
3fd2
3fe5
3fa9
3fb2
3ff7
3f20
3f18
0008
0027
00a0
3f87
3ff1
3fbc
0035
3fc9
3fe5
3fe4
004b
3fef
005c
01f0
0010
01e0
023c
0160
00dc
0170
006c
3fb4
02a0
00e8
03d7
0039
3edc
3f60
0019
3fc3
3fbc
3cc0
3f10
0208
3da0
007c
3f98
00e4
3ee1
3ed6
000b
00ab
0070
003b
00f0
0044
00ac
3fe3
3ff8
3feb
00e1
0076
006b
0039
0049
3ff0
3fc7
3f9d
002a
3f0c
0064
3ea8
0048
00fc
3f4c
3db0
3ff8
00a8
3f30
02c0
0461
3e71
3d44
3ea0
3fa7
3fab
0014
3f00
0130
3fe0
3e00
0300
0330
3fd0
3f95
3fab
3fea
3f17
3fcb
3f4c
00d8
3fe8
00f0
003f
3fe6
0059
0063
00b8
3fab
3f1d
3fdc
3f41
3f41
3f46
3ffb
3c84
3e8c
3df8
3d60
3db8
3fa8
3eb0
00c4
012c
3780
0198
03e2
3f68
0098
3e58
3f50
3f82
02f8
37f0
004c
020c
0290
003c
0268
3dd4
0036
3f99
009d
3fb4
3fd5
3fdf
3fa8
00b8
3ef0
0060
0005
005b
3ff2
0049
3fa9
006e
3f86
00e8
3f7c
3fb0
3fcc
00b8
0158
3f60
0134
012c
0008
0ab0
3d2c
3d8c
0000
3e54
0495
0091
00b0
3d3c
3fed
0091
0070
03b0
3e74
3e84
00a0
3fb4
3efc
00b8
007f
0065
001a
0043
0051
3ff2
3f74
3eb0
00c4
0123
0093
0090
3fb3
003b
3f78
3f51
3fd7
3f7a
3ed1
3f7b
3f56
3e78
0148
3d30
3e44
3e0c
0038
0110
3ffc
3d64
3ab0
3d28
03f7
00a5
0104
0030
3fed
0037
3dfc
3be0
01d8
0168
39f0
012c
00b8
0074
3fb1
3f90
0021
3f47
3fb4
3f93
3ee8
0024
3ec4
3f71
3f76
3ffb
00df
009e
0041
0115
0083
0092
3fbf
3f8d
0032
013c
02a8
3e94
3f50
0140
3e10
0560
3e8c
0004
03f0
00f0
03ab
00f5
3d40
3e70
3fbd
000b
0048
3510
00e8
02d0
0650
00c4
3fb0
0114
3ef1
3f7a
3f77
3f77
3fa2
3fd5
3d58
3ec8
3e90
00d9
006e
006b
0123
001a
0109
3f59
3fb3
3fa6
00df
0075
006a
0000
3e64
019c
0310
015c
01b4
38b0
01e8
0128
3d20
3fdc
03ab
00b9
3fcc
0104
3fc5
006b
02c4
3e90
01d0
3fd8
04a0
0158
0238
3f20
3f99
0004
3f95
3f77
3fa2
3fd5
0194
0080
0114
3f1b
3f46
3fd5
3f6d
3f64
0009
3f61
3ef7
006a
005b
009f
3fbc
030c
0168
01a4
0210
3f4c
02c4
37c0
0164
3e04
39f0
3fb0
0395
3fbb
01ec
0280
0027
009d
008c
0150
0310
0048
3ab0
027c
016c
0110
0065
0022
0043
3f13
3f68
3fab
0068
3f48
0120
3fb3
3fb8
3ffb
006d
00f2
3f7b
00bb
00b9
0002
3f79
3fd1
3fa8
01f4
01d4
0020
3e98
3f2c
3f6c
39f0
3fa8
3fb8
04b0
0064
038b
002d
01ac
3fdc
00bb
3f71
3e8c
0320
0398
3cc0
3c90
0160
01c8
3f98
007f
0046
0039
3f9b
3fd8
3fc3
001c
3fd8
0044
005d
3ff9
0064
3fa7
3ff9
3fae
0027
3f76
00b1
3fb1
0020
3f91
001c
3fc4
0058
3f68
3f34
0034
0770
0150
3e90
3ca0
0188
0359
3f65
0078
0088
3f8f
0053
3ff0
3a10
00a4
0054
3b80
3f28
3ed0
0058
3f49
3fd7
3f72
3f0b
3fa1
3f6a
3ce8
3e00
3ee8
3fd3
3ff2
3fe1
3f67
3fba
3fad
0133
0102
0031
0007
3fda
002d
3f70
3ff4
3f7c
3e9c
007c
3e20
0920
3d78
3f98
3c80
3ecc
0533
0067
3e6c
3e5c
0129
00a5
011c
0380
3fac
3f3c
3c80
3cf0
3f10
3de0
3fc3
3f8d
0036
0071
004b
0026
3fb4
3ea4
0110
0047
004c
3ffb
3f37
3fcc
3f6b
00d3
00b0
0023
3f7b
3f7c
3fff
3d34
3e4c
3ee8
3ebc
011c
3da0
0170
3e9c
3e54
0200
3ef0
0433
3ff3
3f64
00e0
0059
3fb9
001c
0460
3f28
3ed0
3d30
3f34
0140
3df4
0119
0021
00f8
3fab
3f83
0028
3f68
3f78
3ff0
0073
0088
3feb
003b
0094
3fa7
0029
3fb8
0071
0069
000c
005d
3e9c
3f10
3f8c
3f08
0024
3ee4
3f30
0048
3ec0
3930
0074
03b1
3ff7
0148
3ee4
0067
3eb1
3dc8
01a0
3f9c
3f84
3c60
3d78
3f14
3e64
0077
0016
0061
00c9
009a
002f
01d4
00ec
00e8
3f5d
3f50
000d
3fa3
0058
3f4b
009d
0003
009a
3fc7
3ff5
3fd2
01c0
0340
3e80
3fd4
0010
3fc4
3eb0
0058
3fb0
3f00
01c0
03af
0007
3f50
0180
3f4b
3fb3
00f8
0230
3f60
3f08
3e20
3e68
3f6c
3efc
3f8d
3f9d
3ff0
3ff1
006d
3f84
0070
0158
3f18
00a3
0089
001a
3fc7
3fc5
0002
3f8d
3fbd
3fd0
3ef9
3f79
3f80
3fb8
3fdc
3fdc
3ec0
3f54
3f6c
0220
3f64
3ff4
0610
3f40
04fd
3f95
3e40
3ec0
0097
3f57
3ec8
0550
0084
016c
3f30
3e64
3e5c
0008
0029
0087
3fa2
008f
3fe9
00a6
3eb8
3ed8
3fe0
007f
3ffe
0081
00ab
003a
0071
005b
0070
3feb
3ff3
0088
3f6b
3f20
3f44
3fdc
3d04
3d38
3fcc
0900
3fc0
00a0
0620
3dc4
044f
0001
3b7c
3efc
3fa3
3fa1
3ecc
0070
3cf4
00bc
0620
3fe0
3ef0
00f0
3fc7
008e
3f39
0007
0098
3f6f
3ee4
3f08
3fdc
3f49
0017
3f32
0027
3fdb
004c
3f83
3fe6
3f9d
3f89
3ff8
3f91
010c
3f6c
01a0
3f24
3e58
00cc
06c0
00a4
3cac
3a70
3d6c
0331
0077
02b8
3d84
009f
00d1
3f98
3e10
0030
0368
0090
00fc
3f98
0164
00b7
0076
0041
3fdd
004a
3f93
3fdc
0010
3fcc
3f43
3fc6
3f7d
00ad
00b2
3ffb
00b7
0085
0032
3f65
3f67
3ffe
0038
00c0
3f78
3ec8
006c
3e5c
03a0
3fbc
3d74
0030
3ecc
03ff
004f
3fac
0034
3fab
0003
02b4
3f20
3f18
00f8
09f0
3fec
3ed0
011c
3fb9
005d
3f5c
3fc1
3f75
004c
3ecc
3ff8
3ed4
3fcb
3fff
3fcc
015b
00f3
0068
001d
0037
3fe6
3fd5
000f
3fc6
0204
01b0
0054
0070
3ea0
01d0
02e0
3bf0
0018
0300
0184
03f8
3ee2
01a4
3df4
00de
0080
3f5c
3dd0
3f44
03cc
3f20
00a8
006c
003c
00a6
000d
0099
0058
006b
3fed
3d44
3f44
3e00
00ae
008b
0023
00b4
0035
007f
3ee4
3f58
3f8c
0096
0084
0012
0114
0058
00bc
3fdc
3f30
00ac
3b30
3f84
002c
3ca0
0030
03c8
00b4
0118
3e28
3ffc
0014
0208
3c90
0018
01f0
3f70
3f5c
0010
3f4c
002a
000c
001e
007e
0022
005c
00c8
0134
3f94
004c
3f96
00b6
005c
001c
0040
3ff4
006c
3f88
3fe0
001e
3fc2
3ee8
00d0
3e18
0018
0024
3ff4
08d0
3d70
3ed0
0a00
3e90
04a2
3f58
3c58
3eb8
3fb8
00c2
3e88
3e00
3e54
00a4
0890
01e8
00b0
0138
3f8a
0017
3f73
3f60
3f9b
3fc5
3d38
3e04
3f34
00d2
00dd
3ff5
0090
0019
0077
0110
0096
007a
00de
0040
009e
0058
3ef0
0168
016c
0044
0128
3e00
3ee4
3ee4
0420
3fc4
0469
3fdf
0210
02bc
3fd9
0003
3e48
06a0
3eec
3edc
3c70
014c
019c
3fb0
0061
3fa8
00b9
3ef9
3ef2
0007
01dc
00a0
013c
3efd
3fb9
3f44
00f7
00ad
004a
3fcb
3faa
0021
0069
0044
0025
01a0
3f94
020c
3fd4
3fec
3fe8
3d30
0378
0060
3c60
0050
038f
3f4d
3e68
0268
3f15
3f7b
01c0
0140
3e7c
3f9c
05d0
0148
007c
00cc
3f0f
3ffc
3f13
3fbd
3fea
3fd3
00e0
009c
0044
3efd
3f72
3f8b
3f97
0020
3f77
0039
0001
0038
3fe7
3fe9
3ffe
00b8
00dc
3fdc
0284
0124
0160
0180
00b0
3d30
3a70
01a0
02b9
00cb
01d8
0140
3ff1
00e7
0298
0370
3fbc
007c
3ff0
0148
0080
00c8
3f65
3fa6
3fbf
002d
3fc8
0065
0040
3f18
0128
3f41
3ffd
3f44
3fdb
3fe1
3ffa
3fcf
3ffa
3fd5
004d
004c
0001
0190
0018
0178
3f0c
3ecc
0040
3a70
01f4
3fe4
3b40
00d0
046d
3ee7
3ee4
3f98
3f9b
00f9
02fc
3bb0
3dbc
00dc
3f60
0164
0114
0050
007d
002e
004f
3fc7
3fb6
0011
0290
02ec
3fa4
3f3b
3f98
3fa3
3f45
3f98
3fad
3f39
3f83
3fb6
3fd7
3f7d
005a
000c
3f98
0074
3e34
3fc4
3e70
0240
3ef8
3fb8
3ef0
0124
02c7
0067
0160
3f04
3fdd
0045
3ff0
0130
0124
3e0c
3d00
0098
00f8
3fa0
008d
002f
005e
3fb7
3fdd
3fda
3f3c
3e5c
00e0
008d
0072
001b
0025
007a
3fab
3eef
3f68
3f87
3f73
0018
3f5b
0020
0010
0010
3f14
3dd8
013c
3db0
00c4
0094
0070
00ec
0463
0053
0088
006c
3fad
3f9d
0110
3f50
0204
3bb4
3850
03c4
0224
01a0
3f89
3f3d
004c
004f
000b
0044
0034
0084
3fb0
00bf
3fda
00e5
3f1b
3fc6
3f55
3f41
3fb8
3f89
0005
3f90
0075
3ec0
3f7c
3f44
3f1c
3f74
3fa8
39f0
3fc0
02e0
0be0
3fdc
0383
3e8b
3ce4
3f3c
00b9
3fd9
3f2c
3980
0400
0300
00e0
0140
3f48
01f8
3fdf
005d
3f82
013d
00e3
005a
016c
00c4
00a8
0079
3fd0
00a9
3ff1
001c
3fd5
3f0d
3fd2
3f3b
0041
0022
001f
3f0c
3f38
3fd4
00e0
3fc8
0118
3b50
0114
0084
3fb0
3ff8
048a
3fa0
3cfc
0070
0030
001e
3f64
05f0
3f08
3df0
3cf0
3e64
009c
3dc8
3fd4
3fdf
3ff5
00be
0075
0049
0070
3fe4
008c
3f20
3f89
3f97
0052
006f
3fe3
007e
001a
0064
3ef0
3f0e
3fe2
0194
00f8
009c
0078
0194
3ee4
3d10
0198
3fe0
3ef0
0144
041c
3fce
3ed8
0144
0094
3faa
3ca8
0820
00bc
00dc
3ce0
3fb0
3f44
006c
3f0a
3f67
3fa3
3f42
3fa1
3fa1
0214
015c
00b8
0048
3f9a
00ae
3fea
3fe2
0008
0038
0021
0017
3fb6
3fe7
3fcf
3f10
0048
3ec8
3e34
3eac
3f88
3c80
0114
01ac
3eb0
3f90
0346
0040
3f3c
3fe8
00be
0004
3fc4
0070
0074
3dd4
01a0
3f4c
3f40
000c
3f96
0041
3f55
3fd6
3fb3
0023
0370
01ec
0184
3f3e
3fa2
3f9c
3f2c
3f72
3fba
0024
001f
0005
3f1a
003d
3edd
3f34
0060
3ed4
0164
3f54
0210
3f60
0070
0128
0180
3f0c
0405
00cd
3eec
3e34
005b
0017
3ee4
3820
3f34
0014
3ef0
0060
3ef4
016c
3fdf
0069
3f76
00bd
0081
003c
0014
0078
3f9c
3feb
0034
3fb7
3f1b
3fa6
3f75
3fa3
3fec
3fb7
013b
005e
00dd
3dc4
3f38
3e8c
032c
01a4
0188
3f20
3f48
01b0
05f0
3d78
041a
3fec
3e18
3ff8
007a
00ac
3f78
0890
3f4c
3f9c
3f40
00e0
3f24
01bc
3f90
00a5
3eeb
3fb4
3fcd
3fe7
01d8
0188
0050
0044
3fc8
007c
3fce
3fd6
3ff8
3f62
3fad
3fb5
009c
0045
0057
3f58
0018
3f40
3f64
3f34
0030
04d0
3e4c
0014
0920
0038
0461
009f
000c
3be8
0071
012f
003c
3d10
0068
3e40
3d30
000c
3e58
01b4
0035
3fd8
005d
0011
00a0
3f71
3ed8
0050
3e88
00c3
004d
0076
3f1d
3f57
3fc6
0053
0060
3ff3
006d
3fec
0081
3d54
3ea4
3eb0
0018
013c
3edc
3cb0
0250
0068
04d0
0004
0357
3fcb
0178
3f44
001d
0011
3cb8
0450
00e0
3fc8
3ae0
3f88
3dd4
01b4
3feb
002d
3fbe
3f5d
000b
3f52
00bc
0014
00a8
0033
3ff2
0041
009b
0012
0089
00ab
006c
003f
0073
00c8
3fab
3fa0
3f40
0060
3fc0
3f34
008c
05c0
3fd8
3f80
3dc0
3e94
0454
3f3a
0224
3d9c
0044
009a
0044
0060
0054
008c
3ee0
3ff0
3ff4
3ffc
00c8
0025
00a3
3fa8
0021
3f87
023c
0070
01cc
3fcc
0062
3f6a
3f9e
3fa4
3ffa
3f54
3fa9
3fab
3fda
001d
3fbd
3f54
3f04
0050
3f64
3fd0
3f94
3da0
3e40
0288
0680
00e8
0422
3ffe
3ea8
3df8
00d4
3f84
3c90
3cd0
0050
0208
3d20
0150
00b4
009c
3f12
3f96
3f7c
00cc
008a
0042
3f80
3fa8
3fd8
002c
001d
000f
3ff0
3f97
0059
3ffe
3f8d
0071
3fda
3fe3
3ff7
0020
3ff4
002c
0210
0144
00cc
05b0
3c20
3f10
0020
3f40
0390
000a
00d4
3d38
0164
00ae
0174
3eb0
0318
0110
3b60
3f78
0020
3f58
00ca
000d
00bd
010e
00cd
0041
3e90
3eac
3fe4
00b6
0050
0066
0038
3ffa
003e
3f7c
3fd1
3fab
3f9a
3fe5
3fb5
3f34
3fdc
3f58
3ee0
00e4
3dfc
05d0
3f5c
3f44
3c30
3c80
047c
0102
3f64
3f30
0082
0000
3fe4
0140
3f6c
3f1c
0370
0064
0130
3f34
3f84
002d
3f57
003a
3fd3
0067
0030
0098
3f98
3f56
3f97
3fbf
3fcc
3fdd
3fef
3ed6
3f88
3f4e
0010
0024
3fec
029c
016c
0130
01ac
3fec
01c0
0830
018c
3cb4
0200
00b0
032f
0017
3f54
3cb0
000b
00e7
3fec
0270
3fd0
3fa0
03c0
000c
3f70
009c
007d
00bd
3fc0
0039
004f
3fea
0010
3f48
00c8
3efb
3fcf
3f2c
00bb
0055
0066
3f73
3f75
3ffe
3fe7
3fff
3fe8
00f4
0098
005c
0000
3ec0
0140
0350
0100
00c0
0360
3e20
044f
00d7
0148
3db8
3fdd
00c1
3d70
3b30
3f4c
00cc
3bc0
0188
3f60
0228
3fe1
3fcd
0014
3f9f
0061
3f3e
3de0
3f34
3eac
0047
0030
0017
001b
3fd2
0049
3fcb
006c
3f5f
005b
0012
0049
3e78
3f34
3f44
3f04
01bc
3d48
0a40
0048
3c78
3d10
00b0
0336
3fb4
3ee8
3e38
3f94
0066
00b8
3d10
3fd0
01d8
0150
0018
0008
0010
3f82
3f8d
3ff5
0088
0075
0013
3e40
3e8c
3fb4
3ffe
003d
3fc1
0108
0095
0073
3f7c
3fde
3f9e
3ffa
001c
3fde
0180
3fc8
01b8
3ea8
3ef4
3fb4
0a10
3e24
009c
01a0
3bcc
0529
3ed3
002c
3f3c
0013
3f75
3e7c
3c70
0034
3f9c
39e0
3da4
3e48
3f5c
0135
00e6
004f
00a3
0078
002b
3f7c
001c
3f60
0005
0026
3fdf
3fe3
3ffc
3fe7
3ff5
3fef
0006
0063
0037
002c
3f14
3ec4
0050
00ac
00b8
3ff4
3d60
3f44
3eb4
0150
0208
04ad
3fc1
3e30
3ff0
0093
003f
3d98
3d90
0014
3f9c
3b80
02dc
024c
0090
3ec5
3f2b
3f9a
000b
3fe9
0022
0358
02c4
0094
3f5d
0008
3f55
3f21
3f58
3fc9
3ff5
3fba
003b
3f69
3f3a
002f
3ee8
3ea4
0044
0214
0210
0004
3d90
3f08
3d58
3990
0140
041f
0057
3fbc
0080
3f9d
00b1
0064
3eb0
015c
0124
0280
0070
00c0
3fb0
3f95
3fbb
3fda
3fa3
0063
3f40
0298
0110
0188
0025
0038
3fed
00b5
005e
0057
3f85
3fa4
3fe1
3ef5
3f46
3faf
020c
01e8
0024
0014
0110
3f04
38d0
0430
0248
3e30
0328
032a
3f4c
3f58
3f48
3fb2
0040
0018
3c40
3f30
0320
3f70
0028
3f94
0094
0070
002f
0041
3f6c
3fad
3fbf
0098
0230
3e68
3f5e
3fae
3fb0
0000
3f56
00aa
0002
3ff5
000d
013c
003f
00fd
3f00
3e40
00c0
3e78
3f08
3f70
0280
3d30
3f88
0220
3fc8
039f
0099
0180
02e0
3fa7
3f91
0248
0310
00bc
3d64
0130
3f58
3f84
3fd4
006f
0048
0027
0057
3fc8
008f
3eb0
3e3c
0074
00af
00ed
3fc2
3fc9
0017
3fb2
0073
0002
0071
00ad
0092
001b
01b8
0074
0144
00a4
3fa8
00fc
02f0
3d40
3eb8
39d0
3da0
03cf
0125
0260
0120
0041
0043
01e0
3ac0
0140
0348
3e90
0068
0144
3f24
3ff1
3fdc
0015
3f8f
3f94
3ffb
3cd8
3f00
3dd8
0085
0048
003d
00f3
3fe8
010b
3fd5
3fc3
0012
3fcf
3fc1
000e
3f40
3fd8
3f68
3f90
3f44
004c
3ef0
0124
0044
3ce0
3f68
0446
0096
3ff8
3e28
00b2
0052
0210
00e0
01ac
3fb4
3fc0
0034
00c4
3f70
0020
3fda
0046
00f4
002e
00c6
0148
0198
3fb0
0124
0036
00ee
3fc8
3f6a
005e
005a
0090
3fca
3f2a
3f50
3fda
3e20
0064
3dbc
01cc
00b0
011c
3d60
3d9c
003c
02e0
3ec4
0502
0044
3fc0
3d6c
00ca
003c
3e18
3a50
000c
01e4
0200
3f6c
019c
3dd0
0138
001f
0119
002c
0033
3ff9
00a4
0030
0074
002a
3fa0
008a
0090
0042
004e
0068
001d
004b
3f5a
3fc1
3f99
00d0
010c
3fc4
3f74
01a0
3dd4
39c0
0044
0174
05b0
0068
03fc
3fd6
01b0
3dc0
3f3e
3fe0
0158
3860
3f34
01a4
0600
0234
00cc
0168
009e
001d
0081
0084
009f
3fe5
0288
01f4
0094
3f9a
3fff
3f9b
3f98
3f89
000f
3e5c
3f40
3f1c
3fae
3fc4
3fea
00d0
3e3c
0294
3f84
0034
3f50
05a0
3ee4
3e9c
04a0
0160
03e3
3feb
3fb0
3df8
0043
00ab
0050
04d0
3ff8
3e08
00a0
01c4
0138
008c
003f
3f91
00ae
3f37
3ff1
3f46
00b0
3e8c
0224
3f6f
0043
3f2c
3f7f
3ffb
3f84
3fcb
3ffd
3fce
0097
0015
0082
3f50
3e78
00d8
3ee0
0010
3ed0
3680
0080
0158
0420
03cc
02bf
3f77
0128
3fe4
0055
3ff9
3fe0
3c00
0074
005c
3f50
03a0
01dc
01c4
3f8f
3fbf
3fd0
3f71
3fab
3fc6
3f04
3f68
3f9c
3f91
0042
3f4f
3fc9
3f88
0041
3fc7
0000
3fc7
011b
007a
00a1
3f68
3e4c
011c
0154
01b0
3fa4
02c0
0038
3ea0
34d0
0068
0465
0027
018c
0068
0089
00b3
0114
0190
01e4
00c4
3ce0
3d70
3e84
3eec
001b
006e
3fad
3fa3
3f82
0021
3f20
3f40
3fe0
00c9
004f
007a
001b
0005
0016
00b3
0042
0071
3fa1
0026
3f7b
013c
00f8
0044
3dfc
3ef4
3f08
3f00
00ac
005c
3d60
3f50
0453
3f9d
3f64
3f10
0067
3fad
3d34
3a80
00bc
3fa4
3710
3ed4
3ebc
0018
0061
009a
3fc7
001d
0000
001d
0008
0060
3fa8
3fc7
3fbb
000c
005d
0033
002a
3ff3
0070
3f83
3eb5
3ee6
3fcf
3f3c
00b4
3e88
3d8c
3fa8
3de4
3d00
3e98
0018
0740
3fd0
04a3
3feb
3bec
00d8
007b
006b
3f64
0190
0084
01f4
0100
0150
00e0
0070
3fdd
009d
3f40
3f61
0011
3f50
3fc8
0014
3fb4
3fa1
3fff
3fa2
0069
000f
005a
00af
002f
0080
0047
3f9b
00ac
3efc
3eb8
0044
3e8c
006c
3e20
08e0
3e60
3f18
3f70
3ff4
0362
3fe4
0120
3f0c
0060
3f5a
0068
01b0
0004
3d6c
3e50
3f68
3f04
0064
00b2
00fb
3fb7
0084
0015
006f
000c
3e50
01bc
00aa
00af
3ffb
3f1c
3fed
3f2f
3ffe
008e
3f70
0038
3fb6
0082
3d78
3e94
3ee4
3f2c
3e58
00d4
3b20
0028
3e20
3930
3f2c
0448
0054
00e0
0364
3f66
3f92
0048
0290
3f78
0000
3ec0
0068
0204
3e64
3fba
3fca
3ff0
3fc4
3fd4
3ff0
3f4c
3fe8
3f64
0060
0005
005b
00c0
0031
008f
0072
3f8f
00e3
3e5e
3f1b
3f43
3f88
0164
3e24
0070
3f74
00fc
3720
3f94
0254
05e0
025c
0451
3f53
3b3c
0084
00a1
3f7f
3df4
3b10
03e4
3fdc
3c30
0214
0154
00c0
3eb7
3f50
3f67
3f2b
3f62
3fc9
3efc
01b0
3d4c
0055
3fc7
008e
0077
0067
0010
3fad
3f7c
0031
00c3
3ffa
00c9
005c
0068
3ff4
011c
0038
00e4
03f0
0034
3fdc
08d0
007c
040e
3fd2
3f0c
3f74
3fe6
3fce
3c8c
38e0
3f8c
3f9c
3ae0
0004
3ec0
0144
3fb4
005a
3f5a
3f28
3f98
3f90
3da4
3d40
0064
00a6
00a0
0006
3f36
001a
3f1c
000e
0030
3fde
0042
0032
0010
3d74
3e3c
3f38
007c
006c
0010
07a0
0008
3cd0
3a60
3c44
0438
00b6
3fb8
0154
3fd6
0028
00f0
0c40
3af8
0018
0580
3f90
3f54
003c
0010
0051
3fbf
004e
3fed
0061
3f04
3ec4
0040
3ed2
3f7d
3f55
0004
3fe1
0023
3fc0
0004
3fbc
0122
007a
00a8
3fe8
3ffc
3fec
0120
0010
0110
38e0
3fe4
00e4
0170
018c
044f
3f83
018c
3f64
0023
006f
3fb4
35c0
0078
0178
3ec0
0304
0124
01e0
3fa3
3fd7
3fcc
3f0f
3f9b
3f74
00a4
0208
3e9c
3f6f
0015
3f5a
00cb
0031
009a
3fd3
3fa9
002a
0023
3fe5
003e
0164
0028
013c
0120
0118
0008
38a0
3e74
02ec
00e0
028c
03c9
3f2b
3f00
002c
3ff1
005f
3ee0
0200
011c
3f5c
0280
02b4
01d0
00e4
3fb1
3fba
3ff7
3f35
3fb0
3f85
3f9c
009c
3f00
00a1
00e9
3fb8
3fc3
3fb9
000a
3f3f
3edc
0063
003d
001e
001f
03a0
0060
0340
3f6c
3ed4
0098
3b50
00d0
02f0
0630
00c0
03e9
3fa1
0254
0038
3ef9
3fe9
0024
0300
3e54
3cc4
3910
0178
00e8
0090
3fc9
3f6d
005c
009d
0089
0014
0320
0104
021c
3fa9
3fed
3fbc
3fa9
0029
3f80
3ed9
3f77
3f62
3ff9
3f97
0062
3e24
3ddc
0048
003c
00ac
3f90
0420
3ec0
3fe0
0600
3eac
03ca
0052
3fd0
3e34
0178
003c
3c60
0230
0198
3f00
3d90
3fb0
3e78
0138
3fea
0012
3fd8
000c
0076
3f96
017c
0180
3ffc
3f64
3fdf
3f85
3fb0
3fe1
3fcf
0052
0053
3fff
3fba
3fc5
3ff5
0140
0088
00b8
0038
3fd4
0064
36f0
01f8
0210
0040
0304
0369
3f2f
00b0
3e9c
003b
3fb9
0048
39e0
0070
0138
3fa0
0218
0114
0104
3ff9
0028
3fd1
0007
0096
3f71
00b4
0168
3f4c
3f99
3fd8
3fc1
3fe7
3fc6
0021
00e9
0025
00c4
3ee7
3ef9
3fee
3ff8
006c
3f8c
3f80
00c4
3ebc
0280
0044
3e3c
3930
00d4
0349
3f17
01e8
3e74
0045
006f
3fe0
3890
0124
0104
3dd0
3fa4
3fb8
3fec
00d7
0050
0087
3f77
0016
3f61
3d8c
3f34
3e58
00af
007d
0032
009d
0039
0064
0013
3f9a
0079
3fe1
3ff8
3fe9
01c8
00b4
0114
3efc
00fc
3e00
3ad0
3f84
3e24
3e00
3f48
0405
3f8d
3ec4
00e0
005d
002d
002c
0080
3fcc
3ffc
3ea0
3ff4
0004
3ff0
0055
00a5
3fb0
3fa1
3f99
0008
01b8
00cc
00ec
3f6d
3f37
0036
00dd
00d3
000a
3fd9
3fbd
001c
0151
00ed
0064
0064
3ff0
0074
00bc
3fec
00d0
03b0
01c0
3f68
3e60
0244
03d7
0093
01b0
3dd4
3fad
00a5
3ed0
3a60
3fd4
013c
3d60
0020
0024
3ffc
3f59
3f37
0022
3f2f
000b
3f24
004c
3f1c
0130
3f5f
3f7c
3fe3
001b
0046
3fd5
0077
0050
0027
3ee7
3f9e
3f49
3f08
0028
3ee0
3fec
0070
3f7c
3f70
3ebc
3e64
0350
3fac
0446
003e
0004
0364
0030
3f8c
3d4c
0130
0084
3f4c
3f40
0094
3ff0
00a4
3fce
3f7c
0052
3f34
3f70
3fc4
3eec
3ff0
3efc
3f26
3fc9
3f5d
007e
003f
003f
00e0
005d
0083
0128
006f
00b9
00ac
3f70
013c
3f9c
0030
3f6c
0a30
3f18
3ed0
3f50
3bb4
04a2
00bc
007c
3f5c
00de
3f44
3dc4
0230
3fb0
00f0
3ec0
3f70
3f5c
0014
00be
009d
0021
3ffa
0003
3ff7
3fd4
3f28
00ac
3fd6
3ff2
3fe4
00c0
0092
002e
3fbc
3fcd
3fef
3f1e
3fa7
3f77
3ffc
00b8
3f44
3d90
3df8
3f98
3e90
0184
0074
3f40
3f78
0370
003c
3f98
3ce0
00fa
0022
3dd8
3b50
0030
0140
3f40
3f1c
005c
3ec0
3f74
3fa0
3fd4
3fce
001c
3fb2
3e78
3f9c
3edc
0028
3f95
0093
0038
0013
0025
0066
0053
0013
3f66
002d
3f39
3f80
00d0
3eb0
3e78
3ee8
3f90
3e60
3ee4
00bc
0540
0134
040b
0065
3da4
3f94
3fb9
3ff7
3d8c
3960
3cd4
0044
0640
01d4
0100
00d4
3ecd
3faa
3f23
3fcb
0022
3fa9
3e4c
3f3c
3f10
3f91
0022
3f6f
00c3
009a
0029
3ff5
3fa5
0050
0093
0063
0030
0154
00f0
0064
03fc
024c
01b0
3fc0
0020
3d50
3aa0
3ecc
04b3
0029
3f6c
021c
3f23
0045
01ec
01a0
3ec4
3fbc
01d0
0070
0168
3f08
3f99
3f84
0015
3ff5
3f76
007f
00c4
00dc
3fe8
3fdd
0025
3fb8
006f
3fd1
009e
0045
0066
3fdf
3f93
3ff8
3f9b
3f5c
3f44
0018
3eac
3ec0
3fec
0580
3f90
00d8
0200
3dc4
0469
3fa7
3c44
001c
3ff5
3f4b
01c4
00c0
3f5c
3cdc
0760
3d90
3f34
3e5c
3fcf
0026
3fa9
00b7
0002
00b5
3e94
3e90
0004
3fad
0029
3f84
3fcb
0073
3f58
0123
00a8
007b
0051
005c
3ff5
00d4
0124
3fb0
00b4
3f74
0140
01d0
3f00
3f68
3800
02d4
026d
0031
0320
007c
3ff7
3f23
0100
39e0
02a8
0228
0350
3e20
3f34
3eec
00a5
3fff
00a6
0067
0029
003e
3f8c
3f20
006c
00b3
008c
0027
0083
3ffc
0087
007b
006c
000f
3f03
3fd8
3f2b
0180
00d8
00a8
3d98
3ef8
3ea0
05e0
0068
3e40
02e0
002c
0447
0093
01c0
3fdc
3f4f
3fcb
0358
0040
3d80
3ce0
38a0
00c0
0004
00bc
3fbf
3f65
005a
00f3
0029
00ca
3db4
3e34
3f80
3f15
3f8b
3f8a
0055
0053
0002
006d
00ad
3fc0
3fd5
3fc5
0010
3d60
3f84
3ddc
0118
0118
0000
0290
3ffc
0054
3f10
3f4c
0410
00de
3fd0
3cb4
0048
0042
3f50
3a50
0180
0030
39f0
0094
0000
0094
3f9c
3fb9
3fe3
0090
00b7
3fd9
3d8c
3fd8
3db4
004c
0058
3ff4
0052
001c
0036
0152
006f
00e3
3f30
3f49
3fe7
0130
01d0
3f60
3fc0
01f8
3dc8
0150
000c
006c
0120
0284
0372
0036
029c
3e94
3f52
3fbe
013c
0150
00f0
3ce0
3d10
3f7c
3f34
0048
3f7c
3f34
0048
0080
0080
0000
00ec
00a4
0048
3ff4
3f7c
0078
3fc4
0034
3f90
3faa
3fbe
3fec
00de
006a
0074
01d4
006c
0168
0080
00a0
3fe0
0ad0
0000
3f20
07a0
3e3c
03db
0055
3fc0
3d84
001b
0031
00f0
3f80
02ac
3eac
3ef0
0040
3e70
01d0
3f8d
3fe4
3fa9
0155
008a
00cb
01c4
0078
014c
3fd5
3fd9
3ffc
3f97
0019
3f7e
3fa1
3fea
3fb7
3fe3
3fa0
0043
3e28
3e70
3fb8
02a4
0124
0180
3670
0018
3e50
39c0
0120
04c1
3fd1
3f38
0018
3fdb
00b7
0278
38d0
3f58
0200
0a00
02e0
02a4
003c
3f5f
3fa9
3fb6
0025
3fb9
006c
3f48
0174
3dd4
000d
3f7a
0093
009d
004c
0051
3f2d
3fb8
3f75
001d
3fae
006f
00c0
0088
0038
00f8
3f9c
015c
0610
3eac
3f64
3aa0
3fb4
0479
000d
3f58
3d3c
0091
0019
00a8
3e10
3dd0
3cd8
04c0
3dec
3e18
3fd4
3f79
0061
3f18
00dd
007f
005e
014c
0138
0014
3f87
3ff5
3f92
3fd3
007f
3f54
0015
0003
0012
0081
3fd1
00b0
0138
0068
00d0
0380
00dc
02a4
3fe0
0008
3e10
3d50
3eec
040b
0047
3fd8
3e84
00b5
0069
00a0
3e40
00e0
01b8
0600
0008
3fc4
0044
00b1
0047
006a
3ffb
0065
3f96
026c
01a8
00c4
0039
3fbc
007d
00b1
00b4
3ffd
3fc7
3f76
0051
001f
0046
3fd9
00d8
002c
00ac
3fb0
3f94
001c
00d0
02dc
0014
38a0
0008
0321
00f7
02b0
0130
002d
3f9b
0100
0580
3f24
3d2c
3c00
3fcc
0048
3f84
0001
0028
3fd9
3ffd
3fbc
0041
0268
00b4
01b4
3f75
3fe3
3f92
3e7f
3f49
3f36
0015
3fe4
0031
3f3f
3f94
3fab
3f38
0060
3ed8
3e84
3de8
009c
0600
0204
3f5c
3d40
3ec4
03e6
00c8
3fb8
3d9c
0084
3f8e
3f80
3e90
0098
3db8
3bd0
3e3c
3dd0
006c
0038
004d
3feb
007e
00ab
3fd3
3fdc
3e30
01ac
3f60
3f9f
3fc1
005a
0059
0001
3fce
0012
3fbc
3fd0
0086
3f4a
0018
006c
3fac
00e8
0060
0088
3ff0
3f6c
3f2c
3ca0
3c80
04ea
0024
0020
00f0
0078
3f1e
3e60
0380
0054
3e0c
3db0
3d7c
3dcc
3fb0
0068
00ab
3fbd
008e
009b
3ff3
3fb0
00a0
3f10
004c
3fc9
0083
3fc6
3fed
3fd9
0028
0002
0026
0082
0050
0032
0208
0140
00c8
3f14
0058
3ebc
0030
0114
3f14
3d60
00f0
0359
3ecf
3e88
3f78
3fc9
00b7
0160
0640
0024
3e84
0020
0104
0024
00e0
3fcf
003e
3f91
3f6b
3fe2
3f89
0270
0074
01fc
0079
0039
0040
3f57
3fc3
3f94
003b
0028
0013
3f89
3f90
3ff9
3e20
0054
3dcc
3fb4
3fa4
0010
3bf0
01d0
0028
3780
3f0c
03ab
00a7
041c
039c
3ed3
004f
0174
0850
3fd8
3e50
3350
0068
01cc
3e9c
0103
0047
00bc
3f23
3f77
3fac
017c
00bc
00c0
0043
3ffb
0048
3f73
0007
3f6c
3fb7
3f81
0036
3f8b
3f45
0046
3f04
0090
3e74
3cb8
3fbc
3cfc
3ad0
00d0
0380
3c10
0300
038f
3eb7
3f80
0270
002b
3f4b
3fb8
3870
3ea8
0230
02c0
3dc0
3e60
3f60
3eff
3f53
3fac
3f77
3fdf
3f98
0050
0050
0000
3f77
3fcb
3fac
3f47
3f7f
3fc8
019f
0095
010a
008f
0031
005e
3e88
0024
3e64
0310
033c
3fd4
38d0
007c
3f84
0650
3dfc
0501
009b
3fbc
006c
3fd1
002b
3d74
3ff0
3e30
3f30
3db0
03f4
0108
02ec
003b
0064
3fd7
3e9f
3fac
3ef3
003c
01b4
3e88
3faf
000b
3fa4
3fb1
3fed
3fc4
3fd1
3fc8
0009
002b
3f8c
009f
3fc4
3f40
0084
3e80
3fe0
3ea0
3b40
3e94
006c
0500
0194
0412
0032
3cf4
3f3c
00b8
3fc8
3e5c
3e40
0070
3db8
0000
3f7c
0020
3f5c
3f34
3fa8
3f8c
0086
0082
0004
3fac
0040
3f6c
3fe4
3fff
3fe5
3f08
3f8b
3f7d
001e
0049
3fd5
001a
0021
3ff9
3e7c
3f90
3eec
0250
01dc
0074
0530
3fe8
3ee0
0290
3e9c
0318
012e
0074
3e44
0086
0040
3d84
3a00
02cc
3f44
3800
3e78
3ed4
3fa4
000e
0077
3f97
3fe8
0007
3fe1
3d9c
00c0
3cdc
009c
0065
0037
0006
3ff5
0011
0068
001c
004c
011a
0016
0104
3e3c
3f1c
3f20
00ac
01b0
3efc
3b20
0050
0298
0420
3fd0
041a
002c
3efc
0038
001e
0010
3fa4
00a0
3fb8
3fe8
00c0
0038
3f64
00d4
3fc0
3fa7
0019
00bc
006f
004d
01f0
003c
01b4
0014
3ff4
0020
3eea
3f1e
3fcc
008e
00b3
3fdb
3f20
3f8b
3f95
3e14
3ef0
3f24
0120
0220
3f00
03b0
00ac
3d64
3cc0
3d08
047b
0117
0100
3ee0
3fbf
003b
0108
0300
3f44
00ac
0370
005c
0050
000c
006b
0093
3fd8
001b
3ff3
0028
0160
3ff4
016c
006d
0047
0026
0089
00af
3fda
3f99
3fa1
3ff8
3f89
3fa5
3fe4
3fd8
3ff4
3fe4
000c
3f18
00f4
3ca0
0298
0148
0230
0240
037c
3f64
3d30
3fa8
006a
3eaa
3d70
3bf0
00bc
3fd4
0450
00e8
0058
0090
3f2e
3fe4
3f4a
3fa0
3fbe
3fe2
0028
3ecc
015c
3ebc
3f83
3f39
0058
0053
0005
3f5e
3fd7
3f87
00ae
004f
005f
01a8
0010
0198
0064
3f18
014c
01e0
3fbc
0154
3e30
3c30
0420
005e
3f4c
3e48
0018
0012
01cc
3b80
00b8
3e40
3f50
3df4
3dd0
0024
0012
0061
3fb1
00e2
008b
0057
3f80
00c4
3ebc
003e
3fbe
0080
3f74
3fde
3f96
00ce
3feb
00e3
0058
0011
0047
00e4
0134
3fb0
01c0
0224
3f9c
3ef0
002c
014c
3a30
3e68
03d5
0079
027c
0048
3f17
3f8b
00cc
0850
010c
3db4
3d20
3e6c
3e44
0028
004b
00af
3f9c
0091
0065
002c
3fd0
3ec8
0108
013d
008c
00b1
0045
0044
0001
001b
009a
3f81
3fe7
3fea
3ffd
3e84
3fd4
3eb0
3f1c
3f20
3ffc
0110
3e6c
3f14
00f0
3fd0
0349
3fe5
3f34
3e48
00a5
005d
005c
3860
0220
01d0
0640
0314
01b8
015c
3f9b
3fe3
3fb8
0013
3fe9
002a
3ef0
3ff4
3efc
007b
0051
002a
011f
006b
00b4
3e73
3f29
3f4a
00c7
0037
0090
02fc
0008
02f4
02e8
0120
01c8
0200
00e4
3efc
3c50
3ef8
03d9
00a1
3fcc
0000
3f29
0081
016c
0130
3d30
00d8
05f0
3ffc
3f28
00d4
3ffd
004d
3fb0
0025
3fed
0038
0258
025c
3ffc
3e9f
3f25
3f7a
3f5f
3fa5
3fba
0027
3ffd
002a
0057
3fe5
0072
02a4
01ac
00f8
0240
0164
00dc
0020
0024
00c4
3ff0
3fc8
02f4
007e
3fc0
0210
3fa2
3f90
0120
06d0
00a8
3d50
0130
3ce4
3d14
3fd0
3f5e
006d
3ef1
00ac
0095
0017
3f60
3f94
3fcc
0076
003f
0037
3fec
0027
3fc5
00ca
006a
0060
0028
3ffc
002c
3f08
3fd8
3f30
0168
010c
005c
0590
004c
3f7c
05e0
0100
03b8
3fa4
3ed4
3e70
0070
0084
3fa4
39c0
0118
0340
05d0
3f04
3f64
3fa0
0066
002a
003c
000a
002a
3fe0
3f30
3f98
3f98
3fd6
0026
3fb0
0016
3f6e
00a8
3ffc
3fdc
0020
3fe0
007c
3f64
019c
3f04
0298
0128
3ffc
012c
01f0
00dc
010c
39c0
3d68
0411
00a1
0050
3d18
0029
3f79
02e8
03b0
3ffc
0004
0380
3e2c
3f54
3ed8
008f
005b
0034
018b
00eb
00a0
0288
3fb8
02d0
3ef7
3f9d
3f5a
0083
0095
3fee
3f5d
3fbb
3fa2
3fd9
0053
3f86
0198
005c
013c
018c
0050
013c
3fc0
3fa0
3e10
0100
3ea4
039a
0108
02f4
3d24
012a
0188
022c
3af0
00fc
010c
0370
02b0
01f0
00c0
3ff4
3fdb
0019
0004
3fe7
001d
3f14
3f44
3fd0
3ff6
3fdc
001a
3fc0
3fe6
3fda
3fbc
0073
3f49
3f6e
3f3f
002f
3e4c
3f20
3f2c
3f34
3f64
3fd0
0120
3fe4
027c
0220
0274
043b
3f6f
0160
3d64
0051
0059
00f8
3f50
3ea8
0010
3e50
3f54
3dc0
0194
002f
3fdb
0054
0019
00a3
3f76
3f0c
3ec4
0048
3fa3
002c
3f77
3f3f
3f36
0009
006d
006e
3fff
0061
0058
0009
00e8
3f24
01c4
3f18
012c
3dec
3b00
0284
016c
0670
3fd4
039c
0042
3dd8
3f2c
3fc4
3fce
3e48
0040
0034
0014
0520
0144
0130
0014
3f1e
3faf
3f6f
0002
0039
3fc9
3ffc
00e0
3f1c
3faa
3f8e
001c
3fd8
3f6e
006a
3eb6
3f4b
3f6b
009c
0049
0053
3fe0
3e88
0158
00ec
3ee4
0208
0820
01e8
3d38
3700
3edc
02f1
0083
0208
0174
0039
3f63
3ff0
0130
006c
001c
02c0
3d10
3d38
3fd8
0057
0094
3fc3
003f
001c
0023
3dbc
3d88
0034
3fa5
3ff9
3fac
0117
00eb
002c
0033
0040
3ff3
3fe5
0064
3f81
0358
01a4
01b4
00cc
3f54
0178
3730
02d4
0224
3e60
008c
0405
0041
3f20
037c
3f53
3ef3
0128
03a0
3ef0
0160
0010
3f94
3fe4
3fb0
3fe1
0033
3fae
003b
3fd3
0068
025c
015c
0100
3fc1
3f90
0031
3f69
3f52
0017
006f
0082
3fed
3f5b
3f90
3fcb
3d58
3e94
3ec4
3f78
3ff0
3f88
0090
3f64
0034
01e0
0038
03a2
3fb0
00ec
0320
3f68
3f86
3f84
03f0
3f08
3dd8
3cc0
00fc
00d4
0028
003a
001d
001d
0014
3f63
00b1
3db8
3e74
3f44
0020
0095
3f8b
000e
000f
3fff
001c
3ffa
0022
3efa
3f42
3fb8
00b4
0070
0044
3f50
3fa8
3fa8
3b90
3f14
3fe4
3ec0
3f64
03f7
3fcd
00b8
016c
3f3d
0147
0390
0140
3e4c
0134
0790
3ef4
3fec
3f08
00f7
00d2
0025
002d
3fd2
005b
3fbc
3ff0
3fcc
00b3
0080
0033
3fb5
3fc4
3ff1
009d
0031
006c
3fcb
3feb
3fe0
3f80
00c4
3ebc
00b4
3f78
013c
06d0
0154
0054
0370
3cb4
0446
007a
0298
3fd4
009e
3f52
3da8
0420
3f64
3d4c
3990
3dc4
3e5c
3f68
0110
0052
00be
3ff8
3ffa
3ffe
0064
0014
0050
3f04
3f54
3fb0
3fbc
3fc8
3ff4
0132
00d2
0060
3fca
0036
3f94
0038
0010
0028
0074
00b0
3fc4
0140
0068
3e20
3ef0
3d08
03dd
0041
0060
0130
3f25
0081
0250
3b50
3f30
0090
0360
0100
003c
00c4
00df
00a1
003e
004f
000d
0042
3df0
3ecc
3f24
3ff9
005d
3f9c
0005
3fed
0018
008b
0061
002a
0007
3fbd
004a
3e60
3df0
0070
3fe0
0140
3ea0
39a0
3fb0
0010
3c40
01ac
041d
3ffb
00a0
00e4
0073
3fa1
3df0
00c0
3dd8
3ee8
0160
3fd8
0050
3f88
3fb1
3f4c
0065
00af
00ca
3fe5
3f34
3f38
3ffc
008f
00c6
3fc9
00c1
003c
0085
3ff7
3fff
3ff8
3f49
3f63
3fe6
0220
00e8
0138
0078
0150
3f28
0090
00f8
3ed8
3f50
3fec
03ce
3f7a
3fac
3f3c
3fb0
3f74
3ffc
3b20
3ea8
0098
0390
0058
0030
0028
3fa6
3ff0
3fb6
0090
0086
000a
3e44
3ffc
3e48
008a
0007
0083
00be
007b
0043
0022
0085
3f9d
0056
3fcd
0089
0044
3fac
0098
3fc0
00a0
3f20
3cb0
0044
3f94
39f0
00fc
0440
0004
01cc
0174
00a4
3fe4
021c
03a0
0104
00d4
3db0
3ff4
004c
3fa8
3fe8
3fe0
0008
009c
3fc2
00da
0054
3fd0
0084
0066
0076
3ff0
002a
0000
002a
3fcc
0056
3f76
3fd0
3fac
0024
3d8c
3e9c
3ef0
3fdc
3ea4
0138
3c70
0100
02e0
3b80
02b8
02d4
0036
0350
3e88
008c
005e
02c8
3800
0164
002c
3c90
3cc0
3f28
3d98
3fd2
3fc3
000f
00ee
003f
00af
0050
00e8
3f68
3fce
002c
3fa2
3f38
3f5e
3fda
0080
3fe9
0097
0092
0091
0001
3ec0
3f84
3f3c
02b4
0268
004c
3df0
3f20
00a0
3f90
3fa4
03ff
0125
0090
0124
0051
0017
3eb0
0180
3e88
3f08
3f20
0100
3f88
0178
3f65
3fbe
3fa7
3f2f
3fc8
3f67
000c
3e3c
01d0
002f
0098
3f97
3fbd
001e
3f9f
3fe9
3fdb
000e
00ab
00b3
3ff8
0100
00b0
0050
0328
01a0
0188
3a60
0318
3f90
3820
0168
0389
3f77
02a0
00d8
3e99
009b
03c0
37c0
3fa8
0238
3cf0
3fb8
00dc
3edc
005b
3fbc
009f
3fcb
3fde
3fed
3e18
00b0
3d68
0089
001f
006a
3feb
3fb3
0038
00b5
3fdc
00d9
3fcf
3f9e
0031
3ec8
0070
3e58
3ed8
0100
3dd8
3b70
3fec
3fac
3cb0
00ac
036b
0009
01c0
006c
3f9f
00c1
0260
3750
023c
3f6c
3e20
3ecc
3fa4
3f28
0003
0078
3f8b
002b
3fc2
0069
3ddc
3f0c
3ed0
009b
3ff3
00a8
3fb1
3fe7
3fca
00c9
0086
0043
0157
00fc
005b
3f90
0018
3f78
0434
01c4
0270
0210
3f2c
3f2c
3f80
0110
0331
0065
017c
0060
3f9f
3fcb
0234
3420
0364
00e4
0390
3dfc
3f84
3e78
001f
3fb5
006a
004d
0017
0036
3d20
3f90
3d90
004b
002e
001d
00df
0042
009d
3fd1
3faa
0027
003d
006a
3fd3
023c
0090
01ac
01f4
00b4
0140
0300
3e08
3e58
3fc0
3ff0
0459
003d
0050
3f78
00d3
0027
3d38
0120
00e4
3e1c
3af0
3e48
3f88
3ec0
3fcd
3f8f
003e
000b
0039
3fd2
3e78
3ef4
3f84
3fd9
3fbe
001b
00a1
006e
0033
0021
3ff8
0029
0019
0074
3fa5
0138
0194
3fa4
3f9c
0040
3f5c
0380
3cfc
3d84
3f40
3e9c
04ad
0097
3fc8
01e4
005b
3fd1
3fa8
3dc0
0050
00b8
0300
3fdc
0098
3f44
3f7f
3fe0
3f9f
3fe9
3f98
0051
3e54
3f08
3f4c
000f
000c
0003
017d
0114
0069
005f
0073
3fec
0049
002d
001c
0270
0148
0128
3f98
3ff4
3fa4
0190
3fb4
3f14
3c50
0004
0420
003c
0120
3c2c
0074
011c
0178
3b10
0378
3f00
00a0
0024
3fdc
0048
00a6
0096
0010
0062
0054
000e
018c
0180
000c
3f34
3f12
0022
3fac
0070
3f3c
00ac
008a
0022
005c
3ffc
0060
01a8
01bc
3fec
3f80
0024
3f5c
3b90
01ec
007c
3560
01b8
033a
012c
03dc
01d0
3fc4
0046
018c
3d10
00b0
3f28
37e0
3ed4
006c
3e68
3f88
3fbd
3fcb
3fca
3faf
001b
3ef0
002c
3ec4
001a
0025
3ff5
3f60
3f77
3fe9
0044
000a
003a
0092
004e
0044
000c
3f6c
00a0
3ea0
3fec
3eb4
3e60
3ff8
3d78
0040
3e94
04d2
0172
0118
3fac
00ce
005a
3fa8
0250
3e68
0028
3d20
0038
0148
3ef0
006a
004e
001c
3f92
3fa0
3ff2
3e84
3f88
3efc
3f6c
3fe6
3f86
0044
0038
000c
00c6
0060
0066
3fb2
3f8e
0024
3e00
3fd8
3e28
3e60
3ee8
3f78
02b0
3fc0
0150
3d70
0088
0482
3f54
3fa8
3ea8
00d4
000a
3db0
39e0
0258
0248
0360
3ea0
3e70
0030
3fda
3fdd
3ffd
3f84
002d
3f57
3f98
3f28
0070
001e
000f
000f
3fdc
3f57
0085
0058
0024
0034
0086
00c2
3fc4
02b0
010c
01a4
0118
0048
00d0
0280
0064
002c
3d10
01b0
03e8
3f92
3e14
3e58
3f7c
00be
03cc
3ac0
3f2c
013c
0730
3d9c
0050
3d4c
3f08
3ee3
0025
00dc
0017
00c5
0008
3f04
0104
0090
0024
006c
3fea
000e
3fdc
3ff8
3fff
3ff9
0046
008b
3fbb
00fc
0070
008c
0374
019c
01d8
0350
0238
3c38
3b70
3ff4
0394
0026
009c
0324
3f3a
3f6c
0184
03b0
3f74
3c6c
3d40
0068
3fc8
00a0
3fbc
3fcb
3ff1
000e
3fb1
005d
3ed4
3e3c
0098
3fac
0013
3f99
005e
00c5
3f99
3fa4
0008
3f9c
005a
3fc4
0096
3ef4
3ef8
3ffc
3f4c
3fa8
3fa4
0720
3e54
3ca4
01f0
00cc
03b4
3f9a
3d84
3c2c
00e8
0132
001c
3a10
019c
00dc
0520
0134
0034
0100
3f7c
000b
3f71
0010
0015
3ffb
3f94
007c
3f18
009e
005a
0044
3fe4
3fea
3ffa
3fd4
0001
3fd3
3fb6
3f8f
0027
3f9c
3f90
000c
0044
3eb4
0190
3e90
3e00
00b8
3c90
3d8c
04a4
00e8
0488
3ef4
00bc
0060
3f58
3cf0
0018
0270
01e0
0000
009c
3f64
011c
003e
00de
3fdc
0026
3fb6
014c
0138
0014
00bc
0052
006a
0044
3f86
00be
3f90
000a
3f86
0010
3ffe
0012
3f38
3ea8
0090
3fe8
0114
3ed4
0060
02a4
3e3c
39b0
0144
0360
3fc8
3f44
3cf4
3f5a
0072
3edc
3950
0064
3ff4
00a0
0114
0030
00e4
001e
003e
3fe0
007c
0124
3f58
3fe4
0014
3fd0
3fde
3fdd
0001
3fca
0055
3f75
0124
006f
00b5
3fa0
3fc3
3fdd
00a4
0220
3e84
0264
030c
3f58
3b70
0020
3fd0
0360
0134
03a5
00ad
3e7c
002c
3fb7
0017
3ef4
39d0
3f50
0130
0600
0340
0278
00c8
3f2d
3f85
3fa8
3f03
3fd3
3f30
3f14
0098
3e7c
0045
002a
001b
3f7d
3f82
3ffb
3fed
3f8c
0061
014d
0030
011d
3f74
3fa0
3fd4
0248
01b0
0098
3480
0138
00c8
3fb0
0124
03ce
3fb6
00d0
012c
005e
0032
3c20
0440
00b4
3fac
3830
00e8
01b8
3f30
010e
0036
00d8
3ece
3f88
3f46
0304
0260
00a4
3e9e
3f18
3f86
3f26
3fa6
3f80
3f6c
3fe0
3f8c
3fe8
3faa
003e
3f38
3ff8
3f40
3b14
3e18
3cfc
3e70
3d58
00a8
0540
0220
03ec
3ff2
3f08
0028
0078
003e
0458
3970
0090
03b0
0ca0
3fb0
0030
3f80
3f88
3fdf
3fa9
0088
3f6b
011d
3e88
0074
3e14
00e2
009e
0044
00bc
0010
00ac
0006
3ff1
0015
00e0
0015
00cb
3e60
3e20
0040
0340
0108
0238
0320
3f30
0068
0050
3f44
0320
0074
00a4
006c
0006
3fee
3edc
3d90
00ac
029c
0110
3fa8
3fdc
3fcc
0066
0062
0004
00ac
000e
009e
3cec
3f88
3d64
0038
0051
3fe7
00e4
0083
0061
3fc0
3faf
0011
00e4
3ff9
00eb
0114
3fb0
0164
00ec
003c
00b0
0610
012c
3e74
3da0
01c4
0476
003c
3d8c
3da4
3f8e
3ffc
3e64
03f0
3e34
3f64
0760
3e9c
3ce0
01bc
3ef0
3fb3
3f3d
3fbc
007b
3f41
01e4
00a4
0140
3f78
3fe2
3f96
3f76
3ff4
3f82
004e
0079
3fd5
00b4
00dd
3fd7
0224
0088
019c
3f2c
3f2c
0000
3fa0
019c
3e5c
02f0
0220
03a0
0086
0054
3f80
00aa
00e8
3e8c
3f90
011c
00a4
3f20
026c
0114
0158
3e9a
3efd
3f9d
004c
000b
0041
01a8
0198
0010
3f1a
3f55
3fc5
0034
3fcb
0069
3f18
3f54
3fc4
3ff2
3fd8
001a
0094
3f78
011c
0144
0050
00f4
04a0
3fac
3fac
37a0
3e08
0404
005c
02c0
3f20
3f68
3fb4
02a8
0440
3f18
3ec0
01d0
3dec
3f54
3e98
0098
0068
0030
00d4
004a
008a
01d8
01fc
3fdc
00ce
0040
008e
3f56
3f9e
3fb8
3fe8
3f78
0070
3f0c
3f8a
3f82
00a0
004c
0054
0278
00bc
01bc
0810
3b80
00a0
0460
3b64
04b4
0090
0138
000c
002c
005c
3ff8
0340
3eb4
3f2c
01f0
3ed0
3f80
3f50
0118
00c6
0052
3f64
3fc4
3fa0
01ac
00d0
00dc
3fd0
0054
3f7c
3f80
3f6a
0016
3f9e
3f7a
0024
0002
0050
3fb2
0030
3f60
00d0
0094
3f40
0154
06c0
0104
3f34
0110
00ac
0348
000a
00b0
02bc
3f78
3efa
3e50
0550
01b0
3fd0
0440
3fdc
0004
3fd8
3fe8
3ff9
3fef
3eb0
3f71
3f3f
3fe4
3e4c
0198
0010
3f76
009a
000e
000c
0002
3fc4
0019
3fab
0072
0081
3ff1
0050
3f58
00f8
00c8
0028
00a0
3fc0
0148
3fc0
3bc0
3c2c
0517
3f5b
3d38
3f74
00a7
3fd3
0108
0ce0
013c
3eac
3ff0
3e98
3f94
3f04
008f
00c1
3fce
007b
3fdd
009e
016c
3fe8
0184
3fdb
3f83
0058
3f83
3fe3
3fa0
000b
0025
3fe6
3ffb
0091
3f6a
0240
0210
0030
3e7c
3d14
0168
3bb0
3e38
3ef0
01c0
0254
042c
3fc8
3eb8
3ff4
00d8
00e0
0108
0240
3f58
0080
3cf0
0330
015c
01d4
3fd2
3fbe
0014
3fae
3fd0
3fde
034c
01f4
0158
3fd4
3f6a
006a
3f44
3fac
3f98
3f20
3fd6
3f4a
3f70
3f90
3fe0
3e98
3fc8
3ed0
3dd0
3f0c
3ec4
3c60
3ff4
0124
01c0
3ec0
03f8
3f72
0034
3ee0
3fb2
007c
3de4
04e0
3dec
3f5c
3a90
0034
3f34
0100
00d8
00bb
001d
3ed6
3fe1
3ef5
0158
3fa8
01b0
000c
0069
3fa3
003e
0023
001b
001c
0032
3fea
0052
00ca
3f88
3ffc
3f04
00f8
3d74
3e2c
3f48
3eb0
3d94
0114
0b00
0128
0462
3fbc
3d24
0090
3f6e
0028
3ffc
3930
0100
3f90
3f20
016c
009c
00d0
3f90
3ff1
3f9f
3ee8
3f85
3f63
3f90
0134
3e5c
006c
0036
0036
3ef2
3fa8
3f4a
002e
3fd1
005d
006c
3f99
00d3
3d54
3e20
3f34
3fe0
0138
3ea8
0140
3f6c
3da4
39e0
3cfc
0488
0110
00b4
020c
3f92
004e
0294
3e20
3f9c
00dc
01a0
02e4
0198
014c
3edc
3fbe
3f1e
3fda
3fa6
0034
013c
0244
3ef8
00ba
000d
00ad
000a
3fcb
003f
3f00
3f6d
3f93
0050
0003
004d
3f54
3ecc
0088
0174
0064
0110
03f0
3f54
0154
3ff0
3efc
0415
3f95
3e94
00a4
003b
3f93
3f64
0020
3f50
3e38
0060
3ecc
005c
3e70
0001
0041
3fc0
005b
3fc3
0098
3da4
3ea8
3efc
00ad
00b0
3ffd
007d
0038
0045
3f79
3f66
0013
00e1
0022
00bf
01c4
3fac
0218
00d8
0074
0064
0250
019c
3fcc
3d60
0074
036f
3f65
03b4
3f44
3ff7
3ffd
001c
3930
029c
0034
3f30
3e5c
3dcc
0090
012d
0000
012d
3ffd
002c
3fd1
3ecc
3f54
3f78
0007
3fab
005c
0059
0021
0038
3fbd
3fe6
3fd7
0057
003e
0019
00dc
0050
008c
0094
00f0
3fa4
0230
007c
3f8c
39a0
0298
033c
0074
010c
3d38
3fea
00d6
0194
39e0
0170
3ef8
3b10
3f6c
3f9c
3fd0
3eee
3f6a
3f84
0018
005a
3fbe
3ee8
3fc8
3f20
0164
00d1
0093
0074
0023
0051
3fb0
0039
3f77
3fc4
3faf
0015
3c1c
3eb0
3d6c
3ef0
003c
3eb4
0080
01ac
0254
0450
00f0
0325
3f43
3ff4
0118
3f51
3f53
013c
0430
00c8
3e08
3c20
3ff4
3fc8
002c
0105
00b4
0051
3f71
3f9a
3fd7
00e8
001c
00cc
3fd1
3fc5
000c
3fff
3ff9
0006
3fc7
008c
3f3b
3fb9
3f42
0077
3e34
3ec0
3f74
3c30
3e18
3e18
3580
01bc
026c
05e0
02ac
0378
0026
01b0
3f64
008a
3fd0
3df8
3980
01d4
013c
38c0
0274
00e4
0190
3f88
3f9d
3feb
007e
006b
0013
0234
01e0
0054
3fb8
3f71
0047
3efa
3ee7
0013
0020
0032
3fee
005e
3fda
0084
3d78
3e34
3f44
0004
0198
3e6c
3d50
0138
0028
3a20
3e44
04e0
3fa4
0080
010c
3f8c
003c
0090
3e10
00ac
0254
0110
3f60
3f68
3ff8
00c4
0022
00a2
3fdc
3fe8
3ff4
00c4
0018
00ac
3fee
3f94
005a
001e
0026
3ff8
010c
00c2
004a
3ff0
009c
3f54
0178
0210
3f68
3fec
3f18
00d4
0740
3f90
3fd8
03d0
3dfc
048f
3f97
3f60
3d6c
0035
0111
3fd0
08c0
3dd8
0018
0380
0010
3ecc
0144
005f
0053
000c
00d1
009f
0032
01f4
3fe4
0210
3fe7
3fee
3ff9
3e63
3f44
3f1f
3fd1
0026
3fab
00b1
0058
0059
3dd0
3eb8
3f18
3f70
3f88
3fe8
0700
3e2c
006c
05e0
3d9c
0418
0056
3ed4
3e1c
0024
3f82
0054
0290
3e58
3f00
0420
0174
3f84
01f0
3fdc
0081
3f5b
0028
003d
3feb
007c
3ef4
0188
3ffa
0046
3fb4
0024
3fec
0038
3fee
0095
3f59
3fcc
0029
3fa3
3ebc
3e5c
0060
3fb8
3ef4
00c4
3b40
01b0
00b0
0300
022c
03d2
3ef8
3e28
3f2c
3ff0
010a
0178
0190
0048
0450
0160
00c8
3f30
0198
3f8e
3fc5
3fc9
002c
0001
002b
01ac
000c
01a0
3fcc
3fbd
000f
0062
0031
0031
00d2
011c
3fb6
009c
006e
002e
3ed8
3f80
3f58
3f08
3fac
3f5c
3ce0
011c
0084
3a40
01d4
03b1
3f8f
004c
3fec
00d1
3f5f
3f7c
3f20
3f5c
3f04
3eb0
3f74
3f18
005c
008d
0020
006d
0001
0004
3ffd
0324
0220
0104
3ef1
3f6b
3f86
3fa3
3fad
3ff6
3fcd
3fc2
000b
3f97
3f72
0025
0104
0164
3fa0
003c
0020
001c
0350
0144
00f4
38e0
3e7c
0482
3ffe
0130
3e84
3f6a
005a
01f0
3f00
3f44
3f7c
0260
3dac
3e64
3f48
3f2c
3fb2
3f7a
00dc
0058
0084
00e4
0148
3f9c
3f12
3eea
0028
3f9a
3fa4
3ff6
0082
0010
0072
0036
0016
0020
0080
00d0
3fb0
038c
0148
0244
00a0
3ef0
0218
01f0
3fc8
0459
3fe5
3ec4
3f98
00a3
005b
3df4
0030
0034
3fe4
0040
3f18
3f14
0004
3ff7
006f
3f88
3ffd
005f
3f9e
3e58
3fe0
3e78
3fd7
0044
3f93
006b
000a
0061
3feb
3f9c
004f
3fe7
0052
3f95
012c
009c
0090
0134
002c
0108
3950
3f64
3dfc
3f10
3e28
0508
00b8
03fc
0000
00e8
00dc
3e34
3f30
0024
3fd4
3ac0
0334
0150
01e4
00fe
0020
00de
3f82
0016
3f6c
3fe8
007c
3f6c
3fd6
3fdc
3ffa
001e
003e
3fe0
3fde
3ff6
3fe8
00be
3ff0
00ce
001c
0048
3fd4
003c
0094
3fa8
3a20
3d68
0210
05c0
3f90
0570
3fc6
3d48
0040
008a
3fa0
3f10
0990
3cf4
014c
07a0
0048
00d4
3f74
3ff8
3f87
0071
3f9e
3ff5
3fa9
0348
00e0
0268
3f22
3fdb
3f47
3fb4
3fc1
3ff3
3ff6
3fe2
0014
3fb0
3fee
3fc2
0218
00bc
015c
3f14
3f58
3fbc
3ce0
3ec4
3d84
3cf0
3f7c
048d
00e7
3f20
3d04
012f
00c9
0050
3c20
01a0
3f50
3a60
01dc
017c
0060
3fdd
3ffc
3fe1
004f
001a
0035
003c
3fe8
0054
3f97
3f72
0025
0069
0090
3fd9
0027
00a5
3f82
3f35
3f75
3fc0
3ff8
0090
3f68
3f18
00a8
3e70
01a0
0010
3e90
3e80
3ebc
057a
0034
3f60
3c3c
3ffc
00d2
3f40
3a20
3ce8
0040
3e00
3fa8
3f50
0058
3fa2
3fb3
3fef
00ac
009f
000d
00ac
000c
00a0
3f9c
3ffd
3f9f
3fce
3fe1
3fed
3fda
0016
3fc4
3f00
3fb4
3f4c
00f0
0060
0090
0028
00fc
3f2c
0060
3fcc
0044
37f0
3ef8
047c
003e
3fa0
3fa0
3fb2
0024
0208
0190
3f04
3f64
3f70
3d74
3f40
3e34
0084
0063
0021
012e
0081
00ad
0090
0144
3f4c
3f60
3f6b
3ff5
0102
3fb9
0149
0050
0048
0008
002e
3fd0
005e
02f8
01c4
0134
00b4
0054
0060
3c80
025c
3f54
37b0
0198
0398
3f9e
3f64
0130
3fae
002c
025c
3d20
01d0
0150
3d30
3fcc
00b8
3f14
3fb4
000b
3fa9
001e
004d
3fd1
3e88
3f54
3f34
3f9e
3faf
3fef
00fc
00c1
003b
0026
0034
3ff2
3f4c
3f6c
3fe0
00fc
0188
3f74
0048
00a8
3fa0
0840
3d5c
00c4
06d0
3f48
03e9
3fc7
3f3c
0080
004d
3fb7
3eec
00d0
0118
3f10
3f30
3d64
3dd0
3f94
009b
3ff0
00ab
004b
0026
0025
3d50
3d2c
0024
0001
0023
3fde
3ee7
3fcb
3f1c
011d
009c
0081
010b
00b6
0055
3fe4
3f44
00a0
00f8
01e4
3f14
3b20
0004
028c
03e0
0094
036e
3f28
00d0
3df4
00e8
005e
3dc0
0150
3f2c
0144
3cc0
00bc
0208
3eb4
004c
3fc1
008b
3f7e
3fe9
3f95
0134
01d4
3f60
3fd8
002f
3fa9
3f12
3f37
3fdb
3fb8
3fc2
3ff6
3f66
3f48
001e
3c70
3d80
3ef0
3cd4
3ef0
3de4
0610
3f6c
027c
0430
001c
0491
3f27
3d68
3e9c
00a9
0017
00a8
34f0
02c4
01bc
3dd0
3d4c
3ef4
3e58
3fa1
3fba
3fe7
3ff5
0002
3ff3
3c8c
3f04
3d88
0117
0033
00e4
3f55
3f5d
3ff8
0093
0072
0021
0025
0026
3fff
3dc0
3eb0
3f10
3f5c
0048
3f14
0610
3c38
3e10
0380
3ec4
046c
3fb0
3dec
3e3c
0040
0038
3e84
0500
3e48
0050
3fe0
0098
00f4
3fa4
3ffc
001e
3fde
3fdc
3fec
3ff0
3f3c
3ea8
0094
0154
0120
0034
00b8
007a
003e
00a6
00b0
3ff6
3fe6
3f5a
008c
3c9c
3f00
3d9c
3f68
0044
3f24
3f50
0364
3f74
3950
3e38
04ce
000e
3dbc
0028
3ec4
3ff4
0044
06c0
3f74
3f84
03c0
3f6c
3f54
0018
3f4a
3fa6
3fa4
3fc4
3fd8
3fec
01e0
3f88
0258
3fba
3fd3
3fe7
3f5e
3fe7
3f77
002a
004f
3fdb
0096
00c7
3fcf
02bc
00f8
01c4
0064
005c
0008
3f80
0020
0310
07e0
3e78
04f2
0094
3ef0
0070
3f30
002a
0240
3fe0
0108
3e08
3cd0
3fb8
3ec0
00f8
3fec
005d
3f8f
002e
0003
002b
3e90
3fec
3ea4
0038
3f95
00a3
3eb2
3f4b
3f67
3f56
3fba
3f9c
00f0
004e
00a2
3c58
3de0
3e78
01b0
00e8
00c8
3d70
3d30
3f90
0130
3e2c
050a
010c
3dc4
01bc
0030
005e
3fec
0090
3f7c
3f74
0790
0198
0100
0098
3ef4
0003
3ef1
0036
3fe3
0053
00fc
0054
00a8
3fca
0003
3fc7
3f74
3fab
3fc9
008a
3ff2
0098
3fe4
3fe8
3ffc
0234
0128
010c
0334
0158
01dc
3c70
3ef0
0058
0640
3f50
040c
3fda
3f60
0120
3f34
3f8e
0188
3f00
3eb0
3ee8
07a0
02b0
005c
0254
3fde
0027
3fb7
0012
0041
3fd1
3f40
0020
3f20
0052
0014
003e
3fcc
3fc0
000c
3f26
000f
3f17
0030
3fe1
004f
3e28
3dc4
0064
0140
001c
0124
0400
3fb4
3e2c
37a0
014c
0434
3f8c
3ff0
0124
00bc
0060
0088
0270
3f0c
01dc
3d60
3d4c
3ef8
3e54
0010
0000
0010
0014
3fb2
0062
3ddc
3ed8
3f04
003c
001c
0020
00fc
00ba
0042
00ba
00ea
3fd0
3f7e
3fb8
3fc6
3ee8
0164
3d84
3df4
3ebc
3f38
01c0
003c
3f8c
0480
3ffc
037d
0033
3d64
039c
3f4f
3ee9
3f74
3cd0
0140
3f50
3fc0
3f4c
3f14
0038
004d
0034
0019
000f
000c
0003
3d1c
3e24
3ef8
00b9
0034
0085
3f8b
0064
3f27
016b
0039
0132
0011
0043
3fce
000c
019c
3e70
3ff8
0050
3fa8
3db0
3f1c
0284
0330
3d98
037a
3ffc
00d0
3f38
00aa
0060
3f28
0320
00b4
3f54
0400
3e3c
3e78
3fc4
0198
012b
006d
3fc4
002d
3f97
00e8
00f8
3ff0
00e2
0096
004c
3ef8
3ee6
0012
0086
0037
004f
004c
0015
0037
3e98
3f64
3f34
3f8c
3ebc
00d0
3830
01ec
01d4
0010
3ffc
0382
0092
025c
0044
3f20
3f70
03c4
0170
3fd4
3fbc
0500
0054
0010
0044
3fb8
3fc6
3ff2
0112
0068
00aa
3fd4
0010
3fc4
0096
0053
0043
3fce
3fbb
0013
0124
004d
00d7
3fe0
000d
3fd3
000c
0070
3f9c
01a4
00d0
00d4
00c0
0158
3f20
3af0
3f78
03b6
3ffa
014c
3fa8
3f6e
00ba
015c
04d0
3c90
3ec0
0480
3ea8
3fa4
3f04
3fd8
3f94
0044
0000
3fe0
0020
3e98
3fa0
3ef8
3f70
3ff2
3f7e
3fd4
002a
3faa
3fbe
3fd0
3fee
009e
0004
009a
0264
00e4
0180
0038
00c8
3f70
0070
3ee8
3ec0
3700
0358
0483
3f17
003c
3e70
3fb7
00cf
01ec
00a0
3ff4
0094
0210
3f98
0104
3e94
3ef1
3f45
3fac
0031
004f
3fe2
3f30
3eec
0044
0007
000d
3ffa
004b
004f
3ffc
009f
0035
006a
3fcb
3fdb
3ff0
019c
00fc
00a0
3f34
3fbc
3f78
3e60
0018
3e18
0170
3cc8
043e
0090
0234
0178
00f0
009a
0084
3d60
0338
3ff8
3850
0150
00e8
0068
00f2
00b9
0039
3fc8
3fd3
3ff5
3dc8
3f10
3eb8
0074
002f
0045
006e
005d
0011
0018
3ff0
0028
004e
3fac
00a2
3f04
3f2c
3fd8
3f08
3fd0
3f38
05d0
3d78
3dd8
3b80
3fec
045b
3fd1
000c
3f34
0133
0005
3c94
0770
3d00
3f90
3970
3fc8
3ef8
00d0
0039
006c
3fcd
3f5d
3fea
3f73
0104
3fb8
014c
3f2f
0079
3eb6
0069
006d
3ffc
3ffb
3ffe
3ffd
3f51
3fbc
3f95
029c
0240
005c
3c80
3e10
3e70
38b0
00b4
3e6c
04c0
0088
0446
3fd2
3e7c
3e48
011e
012a
3fa4
3a90
046c
028c
3a20
0134
0120
0014
0002
3fb6
004c
0112
006a
00a8
3fa0
00f8
3ea8
3fa6
3f5a
004c
006e
0022
004c
3ffe
0038
3fc6
3f8a
3fc4
3fc6
3fec
00f0
3efc
3fbc
002c
3f90
0280
3f3c
3f54
0660
00d8
04c0
0004
3dd0
01d8
0012
009a
0110
3e40
0078
01a8
0360
3eac
3ec0
3fec
3fa6
3fe4
3fc2
3f70
3f74
3ffc
3d48
3e88
3ec0
0102
0099
0069
003e
003b
0003
001a
3ff5
0025
0002
0107
3efb
3fa8
3fc0
3fe8
3f18
3ea8
0070
3f00
02d4
3f2c
3b60
0150
0315
008d
0070
00b0
0047
00a3
0260
3740
00a0
0188
01d0
3c9c
3e50
3e4c
0031
0037
3ffa
0123
001b
0108
3d00
3f48
3db8
006b
3ff8
0073
3fc7
3f76
0051
00ed
00b0
003d
0071
00a2
3fcf
3ef8
3f38
3fc0
0310
015c
01b4
3c70
00f4
0154
3fd0
0080
029a
003a
3e9c
3fd8
00a0
0004
009c
04e0
0078
3e90
02f0
3fe4
010c
3ed8
3f5a
3fa6
3fb4
0050
003a
0016
0018
3fac
006c
002e
0067
3fc7
3f46
3fc1
3f85
0048
0033
0015
0024
3fa1
0083
3d4c
3e2c
3f20
3fe0
00ec
3ef4
01c0
3ec0
00b8
3fe0
3d58
042b
0009
00b0
3e20
010b
0041
3f10
3c60
029c
3fcc
3ef0
0070
3fac
00c4
3ffd
007e
3f7f
3f15
3f5a
3fbb
0010
0124
3eec
3f4f
3f3b
0014
3fc1
3ff5
3fcc
3f71
3fdc
3f95
3fd7
3fa4
0033
3e68
3f78
3ef0
3f8c
3edc
00b0
3d40
3ef8
3f48
3c80
00e4
0473
3feb
01bc
037c
0019
0001
3efc
0200
3fe8
3f58
3a40
3e68
3fb0
3eb8
0075
000d
0068
3e7f
3f2f
3f50
3f94
3fe8
3fac
3feb
000a
3fe1
3fd7
0002
3fd5
3fc5
3ff4
3fd1
3f89
3fe0
3fa9
00c4
0054
0070
3eb0
3f70
3f40
3f80
3f20
0438
0740
3df8
0516
3fca
0008
3fb8
3f44
3f08
3ee0
0110
3e54
3e94
0050
3e60
3e4c
0014
007c
0042
003a
001e
00b4
3f6a
3f80
0068
3f18
00ba
002d
008d
3f6a
3fa5
3fc5
007c
005d
001f
0004
3fe5
001f
3d80
3e84
3efc
0224
01e4
0040
3ab0
01b8
0070
3e20
3f68
049b
002b
3ee4
3ee8
0007
00c3
3f1c
05b0
3fd0
3e08
3b10
3e50
0024
3e2c
3fad
3f59
0054
3ff9
0047
3fb2
0250
00c0
0190
3f93
3fb5
3fde
3fbb
3fef
3fcc
3fef
3ffb
3ff4
3f93
0011
3f82
3f4c
00f0
3e5c
0100
0104
3ffc
3a30
0224
003c
35e0
3ee0
04d9
00af
0048
0190
0005
001f
0270
0400
0000
3f68
0740
3da4
3fa8
3dfc
009d
0040
005d
015d
0012
014b
0120
00f8
0028
000b
3fcf
003c
3f4d
3f9f
3fae
3fa5
3fbe
3fe7
004b
0064
3fe7
02c8
015c
016c
0168
3fcc
019c
3f60
3f4c
3e24
3f40
3fa4
04b2
006a
0260
0234
3f88
3fd4
00d8
03b0
3e6c
005c
3710
3e3c
3e98
3fa4
00c4
0004
00c0
001a
3fe8
0032
3f1c
3efc
0020
0098
0073
0025
0064
0029
003b
005c
00af
3fad
0024
000d
0017
3cc8
3ea4
3e24
3e3c
005c
3de0
3b80
3edc
00a4
3980
0194
046a
006e
3f38
02ac
3fc0
3e9c
01c0
0160
3f70
3f10
0300
3e94
3f48
3f4c
3f86
3fc4
3fc2
3fc0
3fa6
001a
3fec
0040
3fac
002e
3ff3
003b
3f72
3f87
3feb
0082
0053
002f
3fc6
00a7
3f1f
0118
0134
3fe4
3f98
3e98
0100
3cc0
01dc
01a4
00b0
019c
035a
3f18
3fc0
0134
003a
3fac
0028
3fe0
0218
3f78
3b30
009c
3f88
0114
3f4c
3f83
3fc9
3fd8
0019
3fbf
3ec4
3fc8
3efc
3f90
3fcc
3fc4
3f92
3f94
3ffe
00d0
0039
0097
008e
0067
0027
0080
3fcc
00b4
0178
0170
0008
3b80
3d54
01c4
3dc0
0018
04a6
0078
0148
0070
00ec
3f52
3f78
0270
3f18
02d0
0130
3f84
3ffc
3f88
3ff0
3fad
0043
3fd6
000d
3fc9
0038
3f2c
010c
0032
0067
3fcb
0054
3fb3
00a1
0072
00ea
3f88
0010
001c
3ff4
3dd0
3eb0
3f20
3da0
3efc
3ea4
3e10
01a4
3fcc
3bd0
3ea0
0392
00ee
0464
01c8
3faa
3fc2
0084
3ed0
3e04
01b4
3b80
0094
00c8
3fcc
00cc
0052
007a
0040
009c
3fa4
0020
0084
3f9c
3f50
3f5a
3ff6
0144
008c
00b8
3f90
3fcc
3fc4
3f80
3f92
3fee
006c
00bc
3fb0
3f64
0094
3ed0
00f0
3f70
0010
3c20
3fa0
03c3
3fef
3e40
3fa8
3fdd
3f61
0058
0090
3ff4
3f54
06c0
3e38
3fa0
3e98
3f71
3fbd
3fb4
003b
002b
0010
00f0
3f6c
0184
3fd9
000e
3fcb
3fa9
3fda
3fcf
3ee7
3f76
3f71
0023
00aa
3f79
0390
0174
021c
01e4
3e6c
0378
03a0
3e64
015c
0190
3fd8
040d
3f2d
3e54
02e0
001d
3f85
00d4
0140
0020
3fc8
09c0
3e54
3ed8
3f7c
00e1
00a9
0038
0029
3f55
00d4
3ed0
3f5c
3f74
3ff9
0027
3fd2
3fbd
0017
3fa6
3f69
3f9d
3fcc
0015
0031
3fe4
01c4
00fc
00c8
01d0
3f8c
0244
0140
3f8c
02bc
0860
3f50
0452
0058
3ef0
0000
3f90
3f1a
3d70
3cd0
3e30
3fd0
3be0
3fd4
3f34
00a0
3f32
3fc3
3f6f
3f8c
3fbf
3fcd
0020
0098
3f88
3fea
0007
3fe3
3fa8
3fb7
3ff1
0098
0062
0036
3fbe
3fb4
000a
00b0
00b0
0000
0110
01c0
3f50
3fc0
0270
00d8
0020
3e80
0445
00c9
00bc
0110
0003
3f07
3d6c
02a0
005c
3ecc
3da0
0318
014c
01cc
3f0f
3f2b
3fe4
3fb9
0005
3fb4
01c8
0050
0178
3e93
3f1c
3f77
009b
008c
000f
3f75
3fce
3fa7
3fd1
0006
3fcb
02b4
0134
0180
00b4
001c
0098
3c20
3e90
3fb8
04b0
0060
0429
0053
00fc
3ff0
0011
3f43
3d64
3b70
0168
3e98
3a00
0110
00e4
002c
0063
3fea
0079
3fb3
003a
3f79
3ce8
3ff0
3cf8
012d
0065
00c8
0087
005b
002c
3fab
3fae
3ffd
00f9
0046
00b3
3ec4
3f88
3f3c
0050
3fa0
00b0
3e60
01f4
3fe4
3900
0070
0463
0033
0104
0170
3f63
3f93
0114
0560
0078
3ef0
01b0
3e94
3f3c
3f58
3fd3
3fa5
002e
008b
3ffd
008e
00f8
3ff0
0108
0037
3fab
008c
3fb7
3fc7
3ff0
3f77
3f81
3ff6
3fb3
3ff5
3fbe
01f4
00b4
0140
3f50
0004
3f4c
00b0
03b8
3ec0
35b0
3fb8
0378
3fe6
3fcc
3f18
3e52
3f7c
021c
3ef0
3f90
3f10
0300
3fc0
00b4
3f0c
0016
0015
0001
0050
0081
3fcf
3ef0
3f60
3f90
007c
000d
006f
3f76
0039
3f3d
0090
0014
007c
3fae
0032
3f7c
00d4
0154
3f80
3f48
3f68
3fe0
0350
0070
0028
3dd0
3ecc
03ec
3f6e
3dbc
3e54
0012
00bc
02ec
3c70
3ff4
0274
0740
0060
3f34
012c
004e
003f
000f
003c
0025
0017
01dc
0038
01a4
3f62
3fcf
3f93
3fcc
3fe9
3fe3
0040
0046
3ffa
3f62
3f2a
0038
3f34
3ffc
3f38
3f24
004c
3ed8
0810
01c0
3ec8
00f0
00c0
02f2
3fd2
0014
3d58
00d0
00dc
0024
0000
01e4
0144
3d50
3d00
3dc4
3f3c
3fd0
3fd6
3ffa
0032
3ff2
0040
3e00
3e5c
3fa4
000e
3fe5
0029
0026
3fe3
0043
0172
00ff
0073
3f92
0009
3f89
3e24
3fcc
3e58
00e4
0034
00b0
3ba0
0044
023c
0920
02bc
037c
3f6c
3e6c
00e4
3f76
3f22
3dc4
3da0
0114
015c
3bf0
0014
3ed0
0144
001e
0014
000a
3f18
3fcc
3f4c
3e44
3f98
3eac
0042
0021
0021
00d2
3fef
00e3
0002
000d
3ff5
0072
3ffb
0077
3eac
3f48
3f64
3d6c
3ee0
3e8c
3bc0
0108
0190
3430
3f24
0323
3fe3
02f4
3d7c
0043
3f73
01dc
3b30
3ff0
00f8
0820
3ec8
014c
3d7c
00ad
0033
007a
00c5
0083
0042
0114
0120
3ff4
0057
3fbd
009a
3feb
3f8d
005e
0015
0003
0012
3f8d
3fcf
3fbe
0124
0068
00bc
00d8
00e4
3ff4
0580
3ca0
3f88
0410
3ed8
04ba
00de
0074
3f58
00ba
0006
3f14
3d10
01b8
0090
38f0
3e00
3fc4
3e3c
0104
0034
00d0
3f5c
3f84
3fd8
3fb0
3ea8
0108
0104
009c
0068
3fc4
3fc0
0004
3ec6
3f7c
3f4a
3ff2
006c
3f86
3d1c
3db4
3f68
3d18
3edc
3e3c
0490
3d88
0080
0640
3ec0
0478
00d6
012c
01e8
3fc2
3efc
3f6c
04c0
0068
3e98
3870
3e40
3f4c
3ef4
006a
3ff3
0077
0020
004f
3fd1
3ec8
3f6c
3f5c
00cc
00f5
3fd7
3fce
3fcd
0001
3ef8
3f60
3f98
3fb2
3fa6
000c
3c14
3d2c
3ee8
3f80
3f30
0050
01a0
00d4
003c
0060
3f40
0447
0063
0018
3cc0
0029
006d
0368
3be0
3d38
0110
0bd0
00a4
0088
001c
3f7d
3f65
0018
0147
004f
00f8
3fc8
3fe8
3fe0
3fc7
3fee
3fd9
006b
3fda
0091
0075
004c
0029
00c5
0040
0085
0108
3fc8
0140
0390
0254
013c
3e40
3e80
0098
3de0
3efc
05ca
3fe8
3e78
003c
0046
3ef8
3e48
05e0
3e24
3d64
0050
3f18
0064
3eb4
0074
3ff1
0083
3f10
3f67
3fa9
3ef4
3e4c
00a8
3fc8
001a
3fae
00ce
0046
0088
001c
0041
3fdb
009a
00d7
3fc3
0210
0128
00e8
3e04
3e6c
3f98
0440
3f74
3f3c
0440
00bc
0466
3fe4
00e4
3fe4
0048
3f8e
3f9c
0050
3ed0
0090
3f30
3ffc
0010
3fec
0042
0017
002b
3f88
3f2d
005b
3fbc
3fa0
001c
3fca
3fb5
0015
00c0
006b
0055
003e
0044
3ffa
3e90
3f40
3f50
3f64
0068
3efc
3d88
3e88
3f00
3d40
3e84
3f34
3f40
3f98
0435
0097
3ffc
3ff8
3fa1
008b
010c
02e0
0104
001c
0520
00ac
01ac
3f00
0025
3ff0
0035
3fcd
0060
3f6d
0120
0048
00d8
0129
00b1
0078
3fdb
0057
3f84
3ff1
0002
3fef
3f6f
3f9a
3fd5
3f64
3fdc
3f88
0014
3fa0
0074
3f60
3f14
02b4
05d0
0008
04f9
3f8b
3ec4
0040
3f69
3fab
005c
0080
3e84
006c
04f0
3fd4
3fdc
3ff8
3fed
0006
3fe7
3fe5
3fee
3ff7
0098
0124
3f74
00bd
0013
00aa
3f47
3f61
3fe6
3ff5
3fe4
0011
3f37
3fd8
3f5f
3f3c
3f80
3fbc
3dcc
3db8
0014
3960
0114
0224
3d90
00e4
03cd
0053
01bc
0204
3f4f
3e61
01cc
0230
0110
3de0
39c0
3f2c
0164
3dc8
0031
3fa4
008d
3fab
3f94
0017
3e8c
3f0c
3f80
00ad
0024
0089
002f
0060
3fcf
3faf
3f59
0056
3f75
0043
3f32
00ac
00d4
3fd8
3dd8
3ea8
3f30
3fb0
3fdc
025c
0000
0174
047f
3f51
3f68
02e4
3eed
3f77
00a8
3e10
3ef0
3f20
06b0
3f5c
3fa4
3fb8
3f25
3f7e
3fa7
0027
3ff8
002f
3fd4
0074
3f60
3f1f
3f30
3fef
0005
3fd2
0033
00c1
002f
0092
00af
006f
0040
0360
01f0
0170
0458
02a8
01b0
3e00
0010
3e38
3e50
017c
02f2
005a
0044
3fe4
3fea
00ee
3fb4
3b40
048c
3f74
39d0
3f98
0034
3f64
3f78
3fee
3f8a
3f74
3f90
3fe4
3fac
00e0
3ecc
00fa
3fee
010c
0042
009c
3fa6
004a
3fe4
0066
3f7a
3fba
3fc0
0144
01dc
3f68
3e9c
3f38
3f64
04c0
02c8
3ff8
38e0
00e8
0348
3f34
0070
3f48
3f84
0094
01a0
3d90
0030
0260
3f80
3f68
3f00
0068
00c6
0034
0092
3fa2
3fae
3ff4
3e10
3ff0
3e20
0020
3fb6
006a
002c
0004
0028
3ff8
003e
3fba
00d8
3ff4
00e4
3f30
00f0
3e40
3e48
3e38
0010
3d40
01fc
3ec4
3db0
3ce4
039a
0120
0248
015c
0060
002a
0290
0140
00dc
001c
0580
009c
3e80
021c
00e6
007b
006b
3f9c
3f77
0025
031c
0218
0104
3ee2
3f61
3f81
0050
0009
0047
3f88
002e
3f5a
004e
3fdc
0072
00b0
3fa4
010c
0014
3fbc
0058
3f00
3f88
3f60
0710
0174
03b8
3f34
3c70
01c4
0070
0098
3e80
3da0
3f5c
3f5c
03e0
00f8
002c
00cc
3f6c
3ffe
3f6e
3ec4
3f8c
3f38
0064
0054
0010
3fe8
0038
3fb0
3f5c
3fe6
3f76
3f16
3f32
3fe4
3f8e
3fdc
3fb2
0150
3fe8
0168
3f4c
0044
3f08
06a0
3ea4
3da4
0750
0060
03b6
003c
3eb8
3e80
002a
00ac
3fe8
38b0
025c
3e4c
3bd0
020c
0014
01f8
3f64
0043
3f21
0024
3fd5
004f
3c10
3ed8
3d38
00cc
3fea
00e2
007a
004e
002c
0088
0021
0067
0062
000b
0057
0018
0068
3fb0
012c
0044
00e8
37f0
0358
0028
3710
019c
03cf
3fd3
0044
004c
3f43
3f67
0234
3bd0
00e0
3e00
0200
0078
0090
3fe8
3faf
0011
3f9e
0043
3fe9
005a
3f64
00d4
3e90
0095
3fe5
00b0
0091
0099
3ff8
008d
3fef
009e
3fb1
3fcb
3fe6
005c
01bc
3ea0
0128
0008
0120
04b0
007c
3e7c
0750
3f24
0462
0008
3ec8
000c
3ea6
3ff4
0108
05a0
3ea0
0098
3c20
3ff4
3e7c
0178
3f58
3fd7
3f81
0010
003f
3fd1
006c
3ed0
019c
3f90
3fe2
3fae
006a
0060
000a
006a
0093
3fd7
3f9c
3fcb
3fd1
3ce8
3ed8
3e10
3f70
0014
3f5c
3e80
028c
000c
3d60
00d4
02ef
3faf
01f0
008c
3f43
005f
0108
3d20
0208
3ff8
3890
3fa4
3f1c
0088
00ed
005d
0090
3ecd
3f33
3f9a
3f04
0058
3eac
00ab
003f
006c
3f9f
3fa5
3ffa
00a3
0069
003a
001b
001b
0000
3d40
3f5c
3de4
3e98
3ea8
3ff0
0300
3c2c
01d4
0320
3f10
051d
3f8d
3e00
3eb8
012b
3f9b
0038
39a0
0214
02dc
0680
3f74
0018
3f5c
3f8d
3f65
0028
002f
3ff7
0038
0040
0024
001c
00c1
0020
00a1
00b1
003c
0075
0065
0066
3fff
3f85
3faa
3fdb
0068
0134
3f34
0164
0108
005c
01a0
3e9c
3fac
3c50
3f4c
04b6
0056
0140
0164
0000
3fa0
3ec8
0430
3ff4
3d24
3870
3dfc
3fb4
3e48
00bc
3fee
00ce
3f9e
3fe8
3fb6
00ac
3ed0
01dc
3fc8
000f
3fb9
0000
3fdf
0021
0086
007b
000b
0012
00e3
3f2f
0030
0054
3fdc
3f3c
000c
3f30
0150
0090
0180
0960
00d0
0433
3fc7
3f4c
3d88
3edd
3f55
3e64
3890
0034
005c
3c50
0280
0090
01f0
3f79
3fe1
3f98
00a7
00e1
3fc6
0158
01cc
3f8c
0071
3fc0
00b1
3f29
3f72
3fb7
3f51
3f26
002b
0009
3fe0
0029
3edc
3e90
004c
009c
0078
0024
01e0
0224
0024
3e40
0160
035a
005e
0040
01a0
3fec
0004
0098
3760
007c
028c
0510
3f34
3f3c
3ff8
3f56
3f86
3fd0
3fb4
3fb2
0002
3d68
3ed0
3e98
3f9e
3faf
3fef
0062
0041
0021
00a8
0069
003f
0104
001b
00e9
02e0
0174
016c
00f4
0114
3fe0
3d00
3f18
3ec0
04b0
3fc4
041d
3f85
3dfc
01ac
00ef
3f17
3dcc
0240
01a8
3f98
3bc0
0230
020c
0024
3fb3
3fdf
3fd4
3f5d
3ef1
006c
00ac
0180
3f2c
0023
3fd8
004b
0037
0018
001f
3fa1
3f9c
0005
3fd5
3fd8
3ffd
3ff4
005c
3f98
3fc0
3ef0
00d0
04d0
004c
3e94
3d00
0174
039d
3fb7
3fe4
3ecc
00b3
0145
02d4
3ee0
3f70
0478
0940
00f4
3f80
0174
3f2f
3f7e
3fb1
0025
3fd8
004d
0074
3f48
012c
3fcf
004e
3f81
00ad
004c
0061
3f55
0011
3f44
00bf
0021
009e
3f6c
3dbc
01b0
01c8
010c
00bc
00f0
0020
3fe8
3ab0
00d4
0439
0023
3fa8
3eac
000d
3f93
3f88
3e00
0184
3f54
3fa0
3fc0
3efc
00c4
3f57
3fda
3f7d
3fff
0034
3fcb
0184
0030
0154
3fb5
3f83
0032
3ff7
3fe7
0010
3f6d
3fda
3f93
3f67
3ff8
3f6f
0048
01a8
3ea0
3fa4
3e74
0130
0480
3de8
3e50
0560
3f1c
0480
0072
3e04
01c4
3fc2
3fec
0174
0710
3c38
3f40
05f0
3ea8
3e74
0034
006c
001d
004f
008e
0043
004b
00f4
3ea8
024c
3e84
3fb3
3ed1
00aa
005d
004d
3ffc
006a
3f92
00a2
007e
0024
00bc
3f0c
01b0
0068
002c
003c
05c0
3f70
0148
3bf0
3dcc
03f4
0046
0094
0244
3f64
3f26
01e4
0430
001c
3e14
3ee0
3e90
3f24
3f6c
0050
0043
000d
002c
001f
000d
3e4c
3fc0
3e8c
3fda
3f84
0056
00c4
005e
0066
3fc6
3f85
0041
0004
0045
3fbf
03f4
0234
01c0
00c4
0088
003c
3910
0060
0358
0840
0040
03a0
0012
3f50
3fc0
00d0
001e
3fa8
0010
02dc
3f94
00b0
01e0
018c
0054
0044
3feb
0059
3ed4
3f39
3f9b
0088
0110
3f78
0032
3fea
0048
3ef8
3f6a
3f8e
3f30
3faf
3f81
001e
3fc1
005d
3ca8
3dd4
3ed4
3f9c
3f88
0014
3570
0390
0210
3d40
3f04
04a8
3fa4
3f6c
027c
3f08
3f00
3edc
06c0
3ef8
3e10
3e50
0040
0060
3fe0
003a
0034
0006
3f8e
0006
3f88
0294
01d0
00c4
0072
3fc2
00b0
3f3e
3f94
3faa
0016
0010
0006
3f8e
3fd6
3fb8
3e94
3f1c
3f78
3f58
3f1c
003c
36a0
011c
0304
00a0
01f8
038b
3efd
3d38
3dc8
0123
004d
0100
0040
0088
3f18
0590
3fa4
3f18
008c
3f9b
000a
3f91
0067
002a
003d
02f8
0368
3f90
3fb7
3fb1
0006
3f2d
3f0b
0022
3fe3
3fb0
0033
0025
0014
0011
00b8
005c
005c
00f0
0060
0090
3f50
0178
0150
3be0
01c0
02bd
3f5b
01fc
00a8
0051
3fb7
0114
00b0
0030
01d8
3f20
3f78
3f84
3ff4
007f
005e
0021
003b
0002
0039
0050
3e54
01fc
3fef
0045
3faa
005d
3ffb
0062
3ff1
0026
3fcb
009f
0082
001d
007c
3ea0
01dc
3e98
3f64
3f34
3ef0
3ec8
3f68
3c30
0118
0360
3f58
00e0
0278
002a
0012
3f68
3e20
012c
0174
0140
3e90
3e70
0020
3f72
0016
3f5c
3fcc
000c
3fc0
3f30
3ec0
0070
007e
0075
0009
3f66
000d
3f59
006c
0073
3ff9
00cc
008f
003d
3e20
3f7c
3ea4
0094
0018
007c
0790
3e9c
0004
00b0
3e8c
0471
003b
01b4
3ec4
3f23
0135
041c
3d20
3f54
01c4
01a0
3f1c
3f90
3f8c
001b
3ff0
002b
00e1
004e
0093
00a4
0030
0074
0019
3fe4
0035
3f63
3f46
001d
0007
0031
3fd6
3f79
0005
3f74
0124
0060
00c4
0154
009c
00b8
3c70
027c
022c
0010
3f44
04c2
3f50
3dc0
0244
3fb6
3fac
0260
04f0
3b74
00cc
0820
3fdc
0084
3f58
0054
00c1
3f93
0030
3fd9
0057
010c
014c
3fc0
3f4c
3f58
3ff4
3fde
3f82
005c
00aa
0035
0075
3f20
3f6d
3fb3
0128
0078
00b0
3f3c
3f20
001c
0220
009c
3f7c
3b20
004c
0393
3f15
3f38
004c
3fa7
0101
0240
01f0
0008
03c8
3e90
3ffc
3ee4
0118
3fa9
0044
3f65
3fc9
3fcc
3ffd
0184
00a4
00e0
3fc9
0049
3f80
3fc7
3f6b
005c
0053
006e
3fe5
3f9d
3fae
3fef
3f28
001c
3f0c
3e20
3f98
3e88
0270
0190
3f68
3cf0
01d4
0383
004f
3c64
3f1c
002d
3fa5
00c4
3e30
0090
3c70
0060
3d80
3fb4
3dcc
3e73
3eef
3f84
00cd
005b
0072
019c
0118
0084
3fd7
3fd4
0003
3ff7
0032
3fc5
008d
3fe6
00a7
3f15
3fd0
3f45
01c4
021c
3fa8
0140
0138
0008
0600
3da4
3e6c
0240
3d10
0425
0161
0200
0118
00a1
3f89
0028
0580
3f1c
00fc
3f70
009c
00d0
3fcc
00a5
0075
0030
00f5
005b
009a
3f90
3ecc
00c4
00b7
00ed
3fca
004b
0017
0034
3f11
3f37
3fda
3f4d
3fdd
3f70
0048
0014
0034
00e4
000c
00d8
0430
0020
3ff8
3fa0
3ec4
048f
3ffd
3e08
3f4c
3f6f
3f55
3e08
03b0
3ed8
0040
3e90
3f50
3fd4
3f7c
3f53
003a
3f19
006f
00aa
3fc5
03c4
00e0
02e4
3f6f
0009
3f66
3fb9
3fa7
0012
3fd3
3fd8
3ffb
3ebd
3f84
3f39
3ee8
3f60
3f88
3fc0
007c
3f44
0330
00d4
3eac
0470
3f60
0380
3faa
3de8
00e0
3f66
3f9c
3f78
0760
001c
3e8c
3c50
02bc
0178
0144
3f7c
3ff9
3f83
3f2a
0001
3f29
0070
3f18
0158
0014
005b
3fb9
3f92
003b
3f57
3f7e
3f8e
3ff0
3f98
0004
3f94
3e88
3f40
3f48
3dd4
3f04
3ed0
3df0
0188
00e0
3d30
3da4
03da
3f2c
3e9c
3efc
00b0
000a
3e34
0b40
3fdc
3df4
0170
3ea8
3ec4
3fe4
0104
00c5
003f
0046
003b
000b
0134
0000
0134
3f82
3fc3
3fbf
009c
008d
000f
0014
3fd0
0044
0006
0088
3f7e
041c
01f8
0224
3f5c
3ef8
0064
3ee0
3f8c
013c
07f0
3e90
02fc
0002
01c4
0400
0006
3f00
3e4c
0440
025c
3f8c
38b0
3f74
3f4c
0028
00d0
005f
0071
3f72
3f03
006f
0070
0190
3ee0
0050
003f
0011
003e
000b
0033
3fd6
0016
3fc0
0030
3fa4
008c
3ef4
3e78
007c
3d14
3e0c
3f08
3a20
0064
00c4
0920
00d8
0444
002c
3f98
3f98
0060
3f74
0060
3ee0
3ec0
3e68
3fc0
02dc
01fc
00e0
000e
3fae
0060
009a
0038
0062
0258
0310
3f48
3f7c
3fc4
3fb8
3f40
3f72
3fce
3f84
3fec
3f98
3fd4
3f7e
0056
3da8
3d94
0014
0048
3f7c
00cc
3480
048c
00ac
3d20
0158
0332
0012
0194
00f0
3f76
3faa
3f6c
3a70
023c
0114
3cb0
00b4
00fc
3fb8
3f74
001e
3f56
3ff4
3fe4
0010
3f18
00f4
3e24
3ff8
3f62
0096
0100
0004
00fc
3fe0
3f80
0060
3fb8
003e
3f7a
01e4
00a0
0144
024c
0010
023c
0500
026c
3f8c
3b60
0050
038f
0003
3fdc
3dc0
0059
3fa1
003c
3880
027c
3c54
3fd0
3e94
3f84
3f10
3ef1
3f5d
3f94
006f
003d
0032
00a0
0088
0018
3f7d
3f42
003b
3f6d
3ff4
3f79
0079
003c
003d
3f99
3ff6
3fa3
0064
3fec
0078
025c
01f0
006c
3e60
0090
00e8
3890
02a4
03dd
3fd7
009c
3e5c
00bd
0073
0094
3c30
3d2c
3fdc
06c0
3fe0
00ac
3f34
3fb3
3fda
3fd9
0007
0020
3fe7
0114
0108
000c
3dd3
3ef5
3ede
3fed
3fe5
0008
0007
3f9c
006b
0011
0026
3feb
0514
0210
0304
0064
0034
0030
0200
01c0
0258
0100
3f48
0448
0024
3ddc
3df8
0000
3f64
3df4
3de0
3dcc
3e94
0390
3fb8
3e2c
018c
0030
008e
3fa2
00a4
011a
3f8a
3e98
3e38
0060
3f52
3fa2
3fb0
3ffa
0056
3fa4
3f62
3fd0
3f92
0072
0050
0022
0034
00b8
3f7c
01b4
0138
007c
0390
3f58
3ff8
3d80
0118
0400
3fe0
3ff0
0028
3ff8
3fa4
3fc8
3a60
3f00
0310
0370
0058
0090
3fc8
3f6e
3fbe
3fb0
0072
0098
3fda
3e10
3fe8
3e28
3f9a
3fb8
3fe2
00ca
3fea
00e0
3f9e
0010
3f8e
3ffa
3f62
0098
3fd0
3f3c
0094
0048
00e8
3f60
3920
3fd4
3fa4
01d0
01b0
039d
3f43
3fc4
0160
3f6b
3f91
3ecc
02d0
3ff0
00c8
0750
01fc
01bc
0040
3fb1
3f58
0059
002b
3fe2
0049
00c0
0088
0038
0069
0066
0003
00cf
002c
00a3
3e6d
3f37
3f36
0073
004f
0024
01b4
3f60
0254
0240
3ff4
024c
0480
3be8
3ed0
0570
3fe8
04bc
3f9a
3ddc
3eb0
00e8
0032
00e4
3680
0140
0310
0450
0008
0054
3fb4
00e4
0073
0071
0008
3f85
0083
3dc0
3f64
3e5c
00de
004a
0094
005c
0046
0016
002c
3fc5
0067
0016
3fbb
005b
008c
0090
3ffc
0058
00a8
3fb0
08c0
005c
3dec
3860
3dbc
0402
3fda
0000
3ea4
0068
000c
3ec8
0030
008c
0124
0230
3c8c
3e94
3df8
0110
00c6
004a
0022
3fc6
005c
0024
0108
3f1c
3f80
3f15
006b
00b0
0033
007d
00a4
0073
0031
0004
3fe1
0023
0118
0184
3f94
0034
3f70
00c4
03c0
3f48
3f08
3cb0
0014
046d
3f7d
0070
3fb4
3fe3
0003
00a0
0340
3f18
0190
0220
0088
0050
0038
003f
3fff
0040
0019
0075
3fa4
3fdc
3ed4
0108
00cb
0090
003b
0067
0004
0063
3fc9
3fd2
3ff7
3f35
3f96
3f9f
3e78
3f78
3f00
3f18
3f8c
3f8c
04e0
3f24
3dbc
0120
0180
044e
3f2e
3e24
00f0
3f58
3ffc
03f4
3af0
3e98
0280
0b00
0094
0060
0034
0054
0014
0040
00da
000c
00ce
3e20
3f50
3ed0
0036
004f
3fe7
3fca
0049
3f81
3ffe
3fd9
0025
0046
3fd7
006f
3f54
3fac
3fa8
00b8
00ac
000c
3e80
0304
3f9c
3a80
3df0
03ef
3fa9
0048
0238
3fb5
3f7f
0378
3d50
0080
3ec8
3f10
0044
0068
3fdc
00d5
00b8
001d
3fc3
3f3a
0089
3e60
3ef4
3f6c
00af
0008
00a7
0085
00fe
3f87
3fc5
3fab
001a
3fe7
0007
3fe0
0038
0158
3ee0
0010
000c
0004
0960
3de0
0238
01b0
3c40
04c1
3fd9
3e08
3f08
0069
3f9d
3f78
0460
001c
01ac
3d10
3e30
3e04
002c
0093
00df
3fb4
0103
0055
00ae
3da8
3ee4
3ec4
001b
3fd3
0048
00bb
3ffd
00be
3fdb
002d
3fae
001f
0067
3fb8
0028
0078
3fb0
3db4
3d44
0070
3af0
3e64
023c
0270
023c
03c6
3f98
0220
3ff4
3f86
3f98
3df8
3ec0
0000
3eb8
3e00
014c
0210
3f3c
3fe4
3f8d
0057
3f3c
3ff5
3f47
004c
3ec0
018c
0098
0090
0008
3fa2
0036
3f6c
001e
3f9b
0083
3f08
3faf
3f59
3e98
3f6c
3f2c
00b0
3ffc
00b4
3a30
3f20
0278
3e80
013c
035f
3ff3
02fc
03ec
3f8d
3efd
004c
09b0
3f08
3da8
0380
0220
021c
0004
0023
3fe1
0042
0075
3fd9
009c
0004
3ffc
0008
3fcb
0042
3f89
3f27
3ffc
3f2b
3f45
3f62
3fe3
002d
3fc0
006d
3fd4
3f4c
0088
0088
3e88
0200
01f0
01ac
3e5c
3c40
00a8
03af
3f91
0280
3ff8
3f27
000d
0058
38c0
008c
3fdc
3fb0
3e64
002c
3e38
0171
0040
0131
0079
004e
002b
3ef8
00c8
3e30
3fd5
0005
3fd0
3f7f
3fa5
3fda
0035
3f6e
00c7
0057
3fd0
0087
3e38
3e3c
3ffc
015c
01ac
3fb0
3e70
013c
02ac
0460
0264
0399
3f53
3ff8
009c
0069
009f
3f68
3e30
3f00
0220
0a20
007c
3eec
0190
0027
3fd6
0051
3f53
3ff4
3f5f
3f94
3fa8
3fec
3ff5
0037
3fbe
3f6f
3eff
0070
0055
003e
0017
00c7
0070
0057
01b0
3fc0
01f0
00e0
0060
0080
3e60
002c
3ef4
3d80
004c
042a
007c
01e8
3ef4
3fc4
005a
0130
3e20
3fe0
00f8
3440
0244
00a8
019c
3f04
3f5b
3fa9
0036
0063
3fd3
00b4
3ee0
01d4
3fae
3fc9
3fe5
00c8
00ad
001b
00d6
011a
3fbc
3f40
3f68
3fd8
3e48
00fc
3d4c
3f08
01b4
3d54
0620
3ed0
3f08
3f20
3fb0
0479
3fff
0164
3e50
0081
00bb
010c
0330
3ea8
00d8
0150
3e98
3eb4
3fe4
0061
0020
0041
016d
009e
00cf
3fa0
3f88
0018
3f93
0037
3f5c
0059
008b
3fce
0019
3fd0
0049
005b
3fc6
0095
0104
3fb8
014c
3f40
0050
3ef0
0100
00b0
0068
3de0
0330
0342
0002
0454
3d48
0056
3fa2
3f4c
3bf0
3fe4
3ea4
3770
0040
3fb4
008c
00a2
3fb6
00ec
011a
00ec
002e
3e68
3e54
0014
004a
0000
004a
004a
0076
3fd4
0044
0052
3ff2
0060
0070
3ff0
01c4
0168
005c
3f44
00bc
3e88
0550
008c
3bc4
37b0
0000
0431
0063
0154
3e88
3fb3
0061
034c
3d10
3f34
3f94
0bc0
3fcc
0090
3f3c
3fd5
3f92
0043
002f
3fce
0061
3e40
004c
3df4
003d
3f7c
00c1
0117
00ac
006b
3f1f
3f0d
0012
011d
0087
0096
0204
00a8
015c
043c
00ec
0350
0220
0118
02c0
05e0
3ee4
0312
0084
0188
3d24
006c
003a
0038
3f10
3ecc
3fac
0520
3fd0
3e2c
01a4
0092
00d1
3fc1
0034
0055
3fdf
3ecc
3fac
3f20
3fe2
3fd3
000f
3fd0
3f5b
0075
3fe8
3fc8
0020
00fe
005e
00a0
00e8
3ec0
0228
015c
0064
00f8
02a0
008c
3fc4
3970
3fb8
039b
0091
011c
3fb0
3fa3
3f79
3edc
3a80
00e8
3e68
3b10
3e74
0088
3dec
0001
3f52
00af
3fb1
3fbe
3ff3
3f78
3f7c
3ffc
00d7
00af
0028
0035
003d
3ff8
0019
3f96
0083
0003
000a
3ff9
0154
00d4
0080
00f8
01e0
3f18
0520
00f4
3df4
3b40
3e50
04ae
004a
3fb0
3f00
3ff2
0006
3e28
3d50
3fdc
02cc
0320
3f1c
002c
3ef0
3ff2
3fc4
002e
000e
0024
3fea
3d40
3f58
3de8
3fce
0012
3fbc
017a
00ce
00ac
003e
0014
002a
008a
006c
001e
01a8
3fdc
01cc
0104
009c
0068
3a20
3f54
3f3c
0380
0128
02ff
0077
3ff0
01d0
009d
0009
3d38
04b0
0454
3f5c
3770
00e4
0158
3f8c
3fc9
000b
3fbe
3f1f
3f9f
3f80
0048
3e14
0234
001f
0036
3fe9
0093
008c
0007
3fe3
002c
3fb7
000f
0082
3f8d
0198
0104
0094
3ea4
3eb8
3fec
3cd0
0080
3f20
0730
00e8
0377
3f89
3d68
0078
3f8b
00b1
0120
3dd0
3ffc
00fc
0880
01c8
0020
01a8
3eb5
3fba
3efb
00f5
00f8
3ffd
0030
0048
3fe8
3feb
3fe1
000a
3fb1
0041
3f70
000b
3f58
00b3
3fe5
3fee
3ff7
01d8
0054
0184
03a4
02a4
0100
3ba0
3f7c
002c
0060
01b0
03f1
0023
0148
0198
0015
3fd3
3e30
3dd0
0238
3c78
3870
02f4
02b4
0040
3f7d
3fa2
3fdb
3fe9
3fd0
0019
3eb8
0194
3d24
00b3
0031
0082
3f31
3fe1
3f50
3fed
3fb8
0035
0037
3ef6
0141
3bc8
3d64
3e64
0130
01c0
3f70
0300
3e84
00a4
0650
3fac
04e9
3f53
3c74
3dac
0063
002d
3d54
3670
0184
02fc
0450
0044
3ee4
0160
006f
00b0
3fbf
3fed
0036
3fb7
0064
00a4
3fc0
3f61
3f38
0029
0087
0026
0061
3f43
3fdb
3f68
0061
0083
3fde
019c
005c
0140
0024
3ef8
012c
39a0
0358
00c8
3fd0
0320
0314
3f48
0054
3f98
3f12
3f8a
01dc
3c80
00ec
3e7c
0310
0030
3f90
00a0
3ffe
3fc6
0038
3fec
001a
3fd2
0050
003c
0014
00b8
002f
0089
3ff8
3ff5
0003
3fd4
0027
3fad
3ff4
3fb1
0043
3e7c
3e80
3ffc
3ea4
3f74
3f30
3d90
00a4
000c
3dd0
0234
02b3
3f15
0120
3e3c
0067
00a5
3f78
0080
00c8
0040
3d90
3eac
3fc0
3eec
00f7
0084
0073
3fb3
0056
3f5d
0254
0238
001c
3f83
3fc5
3fbe
3fbd
3fb9
0004
3fa9
3fde
3fcb
3faf
3fa0
000f
3ea0
3f4c
3f54
3d10
3f04
3e0c
3ff0
3db0
0270
02b0
0134
0401
3fbb
3f1c
00c4
00cb
3ecd
3d64
3fa0
0004
3f84
0080
3f78
3f60
0018
0049
005a
3fef
0057
0044
0013
0154
00e4
0070
3f25
3fc6
3f5f
0033
3fdc
0057
3f31
3fc7
3f6a
3f4f
3ff7
3f58
043c
0150
02ec
002c
001c
0010
3e90
3c54
017c
0810
3e68
042e
0072
3ef4
0160
007c
3fb4
0134
04c0
00dc
3efc
3d00
02a4
01d0
00d4
3ff0
3ff8
3ff8
0036
3fe8
004e
00f0
00e4
000c
008c
00b5
3fd7
3f24
3fab
3f79
3ffc
003d
3fbf
3f7c
3f23
0059
3e94
3f8c
3f08
3db4
004c
3d68
09c0
3cd4
3ff4
3e60
3ed4
045b
0001
0048
3f74
0019
005f
0048
0120
0078
0090
3880
0034
0014
0020
3f5d
3f54
0009
3fbb
0012
3fa9
3cec
3dac
3f40
000d
002c
3fe1
00a7
005a
004d
0023
0003
0020
0115
00df
0036
00a8
0150
3f58
3ee0
3f84
3f5c
0090
0000
3ef8
0330
3e8c
03c9
006f
3f74
3edc
3f7f
3f99
013c
0500
3d94
3e44
09a0
0118
00ac
006c
3eb1
3f82
3f2f
0007
002e
3fd9
028c
00b4
01d8
3fbf
3ff6
3fc9
009d
008e
000f
3f21
3f03
001e
3fb7
3fd1
3fe6
006c
3ff0
007c
031c
0064
02b8
0620
3fac
3f0c
0290
0094
047c
3f64
3da4
3b94
00ac
006c
3fa4
0480
3f40
0078
0300
016c
00e4
0088
3fba
3faa
0010
001e
3fee
0030
0334
01cc
0168
3f3c
3f92
3faa
3fa4
3f96
000e
3e9a
3f1a
3f80
3f9a
3ff2
3fa8
02f4
00a4
0250
3e18
3e04
0014
0750
00ec
3dbc
0350
3db0
03b1
0127
0198
3c40
3f57
3fb1
3da0
3f80
3ee8
3e90
3f90
0084
3f84
0100
0027
006e
3fb9
0069
00ba
3faf
3f78
00a8
3ed0
0005
0050
3fb5
000f
3f68
00a7
3fb9
3f9d
001c
00ef
000b
00e4
3f10
3d9c
0174
0180
019c
3fe4
3a50
0220
3da8
3d60
0088
044b
3ff9
0004
02d8
3fcb
3fe9
3ff4
3d90
3f20
3db0
3e50
02b8
0284
0034
3f53
3f54
3fff
3f9b
3f90
000b
3fe0
3f98
0048
3f3b
3fad
3f8e
0035
0083
3fb2
3f2f
3f40
3fef
005d
0048
0015
01b4
3ff4
01c0
0218
0178
00a0
0600
3dfc
0044
3c10
0094
03f1
0031
021c
3ddc
00db
001b
016c
3ed0
3f94
3e14
3960
3dfc
3f18
3ee4
0027
3fa7
0080
3fd1
3fb1
0020
3ed4
3e48
008c
3fe1
0082
3f5f
3fdd
005e
3f7f
002f
0006
0029
011b
00fe
001d
003c
0024
0018
3e74
3f74
3f00
03e0
007c
0234
3b40
3c2c
04ad
3f93
0230
3e94
003d
00b3
0310
04e0
3f1c
3fdc
0250
3e5c
3fd0
3e8c
018b
00c4
00c7
003f
3fb8
0087
3fcc
0010
3fbc
3f5f
3f59
0006
3f25
3f7f
3fa6
00d1
0082
004f
0003
002a
3fd9
0110
0060
00b0
3cac
3da4
3f08
3c10
0090
3ff0
3d60
3f3c
03be
0004
3fac
045c
3fec
3fde
3fe4
0670
01ac
3f04
3e30
0158
00c8
0090
0020
0085
3f9b
3ec2
3f41
3f81
3f74
3f2c
0048
002c
0025
0007
009e
0099
0005
3f30
3f98
3f98
0032
0016
001c
3ec4
3fa0
3f24
3d54
3d10
0044
01e0
00fc
3ec4
0090
00fc
0313
3f7d
3f9c
010c
3ff5
3fdf
00b4
01c0
01c8
0118
0040
3ee4
0000
3ee4
004f
006e
3fe1
0121
0024
00fd
3f8c
3fec
3fa0
0007
0010
3ff7
0061
0042
001f
3fbb
3fdb
3fe0
3fe9
000f
3fda
3f5c
3fe0
3f7c
00c0
3e48
0278
3c40
3ed4
3f14
3ed0
00f4
03ae
3fae
00a8
00dc
000e
3f7a
0028
3da0
00fc
3f54
3e90
0284
018c
00f8
3f8e
3fbc
3fd2
3fd6
3fe6
3ff0
007c
00d0
3fac
00a8
00d4
3fd4
3f78
3fbe
3fba
00b2
0096
001c
3f8a
3f2c
005e
3be0
3f10
3cd0
003c
0010
002c
01c0
3f68
0118
0610
3fd0
035f
3fdb
000c
3cc0
003d
013d
3ea4
03e0
0014
01d4
3bc0
3ec0
3ed8
3fe8
001d
0001
001c
3ff7
0019
3fde
0128
3f78
01b0
3fbd
3fd6
3fe7
3f4d
3f78
3fd5
0161
012c
0035
3fc9
3fd2
3ff7
3dd4
0008
3dcc
3eac
3f04
3fa8
0440
3b4c
3fc4
0b80
0000
04cb
00ff
0164
00d0
000b
3faf
3c44
0040
3cc8
3ed8
3c40
0114
3fb0
0164
0061
3fa7
00ba
3e7d
3f73
3f0a
0080
3fb0
00d0
00ad
0107
3fa6
3f4d
3f73
3fda
0087
0077
0010
002f
004b
3fe4
3e3c
3dac
0090
3e58
3fc0
3e98
02b0
01bc
3e84
38d0
3ddc
045d
3f5b
3e48
010c
3f31
3fef
02a0
03f0
0084
3ff4
3dc0
00fc
0050
00ac
008f
009c
3ff3
3f67
3fd0
3f97
0224
021c
0008
3fa5
3f29
007c
000f
002f
3fe0
3f8b
3fe0
3fab
3e81
3f28
3f59
0108
0244
3ec4
3d44
3fa4
3da0
3db0
0050
0198
3ca0
00e8
03b0
3f6e
0278
3f30
000e
3f04
3ee8
3cd0
3ebc
001c
3cf0
3f70
3f7c
3ff4
3fda
3fdb
3fff
009c
0069
0033
0038
000c
002c
0026
3fb5
0071
0014
0013
0001
0048
008e
3fba
3ed2
3f6e
3f64
3f48
00d0
3e78
3f24
0034
3ef0
00f0
022c
01bc
3a10
3e8c
0418
3fa4
0060
023c
3fc4
3f68
0130
0690
3f6c
009c
0110
3dbc
3f74
3e48
00da
00a4
0036
008e
3fc4
00ca
3e6c
000c
3e60
3f2e
3f0a
0024
0016
3fee
0028
0010
3f90
0080
0030
0034
3ffc
0020
0110
3f10
3e54
3e04
0050
3ce0
01f4
3cec
38c0
0294
0349
007b
3f58
002c
3eaf
0021
0008
0490
3de0
3ef8
00d0
007c
00d0
3fac
3ef1
3f38
3fb9
3fb3
3fa2
0011
012c
0110
001c
3f77
3fc4
3fb3
3f45
3fbe
3f87
3fbf
3f8f
0030
00a1
00d3
3fce
3fe8
00a8
3f40
00c0
3eec
01d4
3fe0
0140
01b8
3c80
3f14
0370
0102
0154
001c
3f82
0058
028c
0090
3fe4
3ec4
0070
3f08
3f4c
3fbc
3f94
000d
3f87
0002
3fb1
0051
0104
0190
3f74
3f22
3fdd
3f45
3f2c
3f41
3feb
3fa0
3f7c
0024
00d6
005a
007c
3eb4
3e70
0044
00fc
3eec
0210
0a10
3fa8
3ee0
3eb0
3fcc
044d
3f7b
3f30
3d54
0037
0051
01a8
3e20
3fd4
012c
0750
3fa8
3ea4
0104
3fe5
008c
3f59
00ab
00a8
0003
3e64
3ea8
3fbc
3f63
3fbc
3fa7
00e5
0014
00d1
3f35
0023
3f12
3fab
3fc9
3fe2
00a0
3f6c
0134
3f14
3de0
0134
0360
3f98
0078
0270
3da0
038e
3f9a
3ff8
3df8
0048
004c
3d00
3d60
00c8
0160
3e80
0050
3fe0
0070
00ca
008a
0040
3eec
0018
3ed4
3d98
3fec
3dac
0118
0077
00a1
0080
0013
006d
0028
3f95
0093
3fec
3fd9
0013
0280
0154
012c
3de8
007c
3d6c
01b0
019c
3f7c
3de0
003c
03d2
0074
3f24
3f1c
0018
005e
0024
03a0
01f0
0170
3bd0
004c
014c
3f00
3f50
3fa1
3faf
3fca
3fdd
3fed
02ec
0074
0278
3f66
3ef1
0075
3f74
3fc5
3faf
3fd6
3fec
3fea
3ea8
3faa
3efe
013c
01ec
3f50
3ea0
3f88
3f18
0060
0020
0028
01a0
0344
0370
3f7a
3e54
012c
0016
0000
3f04
3d80
0134
002c
0250
3ef0
3efc
3ff4
00ce
0023
00ab
3f9c
3fed
3faf
01c4
00b8
010c
3f1a
3f8d
3f8d
3ff4
3fd7
001d
3ee0
3ff0
3ef0
0032
000c
0026
0024
3ef4
0130
3ddc
3e00
3fdc
04b0
3f84
3edc
0460
0244
03dc
00b4
3d78
3ebc
00f2
3f7e
3f00
3a80
005c
0094
0140
3dcc
3e60
3f6c
3f04
3f44
3fc0
00fe
006c
0092
3f54
3e98
00bc
3fb2
005b
3f57
001a
0021
3ff9
3fe8
0059
3f8f
015c
00f3
0069
3fa0
3ef4
00ac
015c
0128
0034
0140
3e88
3dc8
3e10
3fc8
0452
00b0
3eb4
00f0
3f94
00d2
0314
08b0
3e58
3d88
3fc0
3eb0
0008
3ea8
000a
0031
3fd9
009c
3fff
009d
00b0
003c
0074
3ffe
00a7
3f57
0014
3ffd
0017
3fa2
3ff6
3fac
3f68
3fc2
3fa6
3f74
3f84
3ff0
3ea8
3e78
0030
3f40
3ff0
3d58
3990
3f5c
0394
00b4
011c
00bc
001a
0032
0304
3650
01f4
0164
01c0
0010
00dc
3f34
004c
000c
0040
0062
3fa6
00bc
3c6c
3f94
3cd8
005e
0075
3fe9
0166
0039
012d
3f8a
3f6d
001d
005a
0011
0049
02fc
00b8
0244
0224
0094
0190
0520
00f4
3e3c
0060
3ef8
040a
00aa
3f14
3eb0
0036
0022
3ff4
0250
0288
3eb8
3d20
3ea4
3ed8
3fcc
3f9a
0008
3f92
3f5a
3f8a
3fd0
0040
3fa4
009c
004a
0004
0046
0052
0006
004c
3fb8
3f64
0054
0008
008a
3f7e
0164
000c
0158
00f8
3fd8
0120
0120
0200
3e20
3e00
00fc
035a
000a
3ff4
024c
3f7a
00da
3ebc
3ec0
00f0
02a0
3fd0
3fa8
0020
3f88
3f84
3f4c
0038
3ff0
0020
3fd0
3ff4
000c
3fe8
3ff2
001e
3fd4
00d6
0046
0090
3e90
3f0c
3f84
0054
0028
002c
0194
3f58
023c
3fc0
3fa8
0018
0590
0074
0094
3ee0
3ed8
0395
0017
3fcc
0070
011d
3ef7
3fb4
3e00
0244
3fd4
0040
3fd4
3f7c
0058
3fff
0040
3fbf
0067
0064
0003
3cc0
3e5c
3e64
009f
0079
0026
0089
3fd3
00b6
000d
3fc0
004d
002f
0020
000f
3fe4
3fe8
3ffc
02c4
0114
01b0
3a70
02b8
0288
3ce0
02b4
03af
3f6f
3e78
02bc
3edf
3fdf
01e0
0230
3eac
3f1c
00e0
3ea8
00b0
3df8
0067
3fe9
007e
3fbb
3f79
0042
010c
3f40
01cc
3f8b
0029
3f62
3f33
3f75
3fbe
0037
3fd5
0062
0043
0075
3fce
0180
00a4
00dc
3fdc
3fb4
0028
0160
0064
015c
0120
3f2c
03fa
3f22
3c08
0084
005c
3ecc
3ed0
3d80
013c
0134
0090
3d34
3ef8
3e3c
0078
007a
3ffe
0096
002c
006a
3e74
3f88
3eec
3fb4
3fd5
3fdf
0050
004d
0003
00de
0005
00d9
00ee
0039
00b5
0058
0074
3fe4
0204
0108
00fc
01f0
0048
01b8
0340
3ea8
038c
009c
0004
3fa0
3fe8
3fe0
010c
0690
006c
3b84
3920
0158
00a0
00b8
0022
0038
3fea
3ff2
3fc4
002e
02f0
0224
00cc
3f60
3f8a
3fd6
3ee8
3f86
3f62
3f0a
3f68
3fa2
3fc6
3fac
001a
3cd4
3de8
3eec
00f4
0030
00c4
0b20
3d14
3fb4
0040
3e08
04ae
00a0
3e08
3ef0
3f48
0012
00d0
0420
3e20
02d8
08c0
3fac
3fe4
3fc8
3fbc
3fb1
000b
3f86
3ff3
3f93
3fa8
3f5c
004c
0002
0021
3fe1
00c4
0033
0091
0020
3f54
00cc
007a
0088
3ff2
03a8
0184
0224
0120
00a4
007c
0b70
3e24
3f94
3e30
3dc0
046a
3fd8
3e30
3f78
00f4
3ffa
3f28
0290
3eec
026c
04e0
3e44
3ec4
3f80
3fe8
004b
3f9d
00aa
0045
0065
3eb8
3ddc
00dc
000a
006d
3f9d
0018
3fe3
0035
3ff4
0046
3fae
3f8a
002a
3f60
0048
3f7c
00cc
3f44
3e24
0120
0060
00b4
02d4
02f0
3fd8
0455
3ef7
3ee4
00b8
3fa3
0075
3fbc
0150
01ec
037c
0640
3ec4
0004
3ec0
3ff1
0036
3fbb
3eef
3f5c
3f93
3fe8
3fe0
0008
0087
0008
007f
3fc1
3f6a
0057
0107
0091
0076
3ff9
3fc9
0030
3e64
3ea0
3fc4
3fb4
3f6c
0048
3ad0
3f6c
01a4
0850
0068
044e
0022
3ecc
3ef8
3ffa
3fda
3edc
3a90
3e24
3e24
0060
04cc
0230
029c
3ea6
3f6e
3f38
3f5a
3fbc
3f9e
3fc8
0070
3f58
3f66
3f9e
3fc8
3f2e
3fb0
3f7e
0098
00ac
3fec
0000
3f8a
0076
3c8c
3e44
3e48
018c
010c
0080
0640
0058
3f20
02f0
3da0
0464
0094
3f7c
3e98
3fae
3fe6
3f3c
02c0
3d4c
00ac
0270
0000
3f8c
0074
00cc
008c
0040
005a
008e
3fcc
0038
003c
3ffc
3f80
3fc9
3fb7
009c
0021
007b
001c
0015
0007
0028
3fc1
0067
02bc
00c4
01f8
0014
01c4
3e50
3f00
3fc8
3f18
3c40
3f54
0469
0073
3ee8
3edc
0025
00ab
0238
3f50
3fc4
0144
0680
3f88
3fa8
3fe0
3fe7
0030
3fb7
00e7
004a
009d
3f4c
3f00
004c
3f8d
3fe7
3fa6
002b
0027
0004
3f89
005a
3f2f
3f1b
3fd8
3f43
0100
0118
3fe8
3f4c
3e34
0118
3e50
01c4
3fac
0000
0308
02bc
0030
0218
3fc0
3fba
00b6
0140
3760
00b8
02d0
0030
00fc
3fc0
013c
0096
0004
0092
3f74
003e
3f36
3fd0
001c
3fb4
0042
0047
3ffb
3ff2
3feb
0007
3fac
3fc1
3feb
3fc4
3fb5
000f
3f88
3fe4
3fa4
3f70
0044
3f2c
0080
0004
002c
0590
027c
033c
0086
00e8
3d64
00c8
3f3a
3c50
0140
0178
3dd0
3e60
00e4
0048
009c
3f3e
3f5f
3fdf
0012
003b
3fd7
01e4
00c0
0124
3fcc
001e
3fae
3f0e
3f20
3fee
3fce
0019
3fb5
0020
004d
3fd3
3ee0
3f4c
3f94
0010
3f44
00cc
3f30
00f4
04c4
02c0
3e24
04ca
3f44
3fdc
00dc
0098
3f4a
3cf4
0630
3e40
0020
3c50
3f94
3fcc
3fc8
007a
008d
3fed
3f74
3fbf
3fb5
022c
00a0
018c
3e56
3f0f
3f47
3f60
3f85
3fdb
3fbe
3fe8
3fd6
0024
3ff8
002c
007c
3fb8
00c4
3f78
00a0
3ed8
02f0
01d0
3ea0
3de0
3f40
04b0
0078
3d70
0048
3f36
006e
01f8
00b0
3e20
3d60
0530
3e60
3f10
3f50
0014
0070
3fa4
3fb6
3faa
000c
3db0
3e3c
3f74
3f02
3f7d
3f85
3fde
0085
3f59
0096
0049
004d
0032
3fc5
006d
01e0
01dc
0004
0198
0160
0038
3750
00c0
3e88
3820
0478
02b9
0049
03fc
3fc0
3fe5
3fb9
3f1c
3b70
0054
003c
3860
0170
01dc
3f94
3fa5
3f39
006c
005d
0037
0026
3fb0
3f5c
0054
0053
009f
3fb4
00a3
007d
0026
004d
3fbd
0090
3ff1
3fcf
0022
0204
01e4
0020
0014
0148
3ecc
3a90
3dfc
0284
0410
0200
0434
3f04
3fb4
0048
3fa2
3fda
3f9c
0710
3e74
3ff4
3ff0
0144
0188
3fbc
00ec
0082
006a
0062
3fa0
00c2
3f88
3eb4
00d4
006c
00af
3fbd
3f84
3feb
3f99
3fa0
3fcd
3fd3
000c
3fad
005f
3e14
3e80
3f94
3ccc
3dfc
3ed0
3d40
000c
3f64
3bc0
3f5c
047c
0130
0138
3f94
0026
3fea
3f48
3a30
0104
3e04
3ea0
3e54
0038
3e1c
0038
3f98
00a0
00c6
008e
0038
004c
00a8
3fa4
0058
007f
3fd9
3fac
3fc3
3fe9
3fec
3fa5
0047
3fb4
000d
3fa7
0158
3f60
01f8
017c
00fc
0080
0020
3e78
0150
0260
0008
0473
0035
3fa4
3e10
006b
002d
010c
3980
00ec
3e6c
0590
3fb0
004c
3f64
3fa5
3f5c
0049
3fcd
3f88
0045
3e60
3eec
3f74
00ab
0029
0082
0095
0087
000e
3ffd
3ffe
3fff
0083
00be
3fc5
0014
3ff8
001c
02c4
00fc
01c8
36e0
0088
3fc8
03a0
0198
0319
3ee9
00ac
0168
3f6b
00a7
015c
3f90
3ee0
0310
0250
02d0
0220
00b0
006d
0003
006a
0067
3fb7
00b0
3f50
0128
3e28
007f
0034
004b
00c7
007a
004d
0005
0026
3fdf
3fdd
3f98
0045
3de4
3e8c
3f58
3e30
3e90
3fa0
3fa0
0068
01c8
0160
0094
0410
3fa2
3fa4
3f2c
00a6
3f5c
3f84
3cf0
0008
0050
3c40
0070
00e8
3f88
001c
3faf
006d
3fea
3fbf
002b
3f34
3fc0
3f74
3f28
3f6f
3fb9
3fd6
005f
3f77
009e
3fdc
00c2
00fc
00e6
0016
026c
0284
3fe8
01e0
0204
3fdc
39e0
024c
3f6c
38f0
00f4
043b
3feb
3de4
3d94
3f8b
0043
3f4c
3d50
00a4
007c
3d50
3ff4
00c4
3f30
3ef7
3f3b
3fbc
00db
00ef
3fec
03b4
01c4
01f0
3fc7
3fcb
3ffc
007f
00a3
3fdc
3fa3
3fe5
3fbe
3f3b
3f29
0012
3fd4
0110
3ec4
00a4
01c8
3edc
02a0
3c04
0014
0860
3ee0
050c
009a
00d0
0090
017c
3f8a
3e08
0460
0148
00b0
0310
018c
3fbc
01d0
3fea
3ff1
3ff9
3fba
3fa9
0011
3f70
3f60
0010
00b8
0018
00a0
001a
3fd2
0048
3f12
3fc3
3f4f
002c
005b
3fd1
00c0
0004
00bc
3f88
3ecc
00bc
3df0
3dac
3fd4
0760
0190
04dc
3e8a
3d64
3c00
007e
0104
00dc
3710
00a8
01a0
0080
02c4
0050
0274
0006
003d
3fc9
0004
0077
3f8d
3f20
0018
3f08
0084
0001
0083
0076
005b
001b
3fba
0012
3fa8
001c
3fca
0052
3e4c
3ee0
3f6c
0170
0124
004c
3f40
003c
3e84
3ff0
3fac
03c6
00c8
3fb0
0114
3f9e
0044
3e20
05d0
3dfc
3f9c
0430
0024
0108
3f1c
3f9e
3ff1
3fad
3f12
3f3f
3fd3
3e54
3e68
3fec
0018
0022
3ff6
0022
3ff6
002c
3fb6
3f9f
0017
0118
0109
000f
02a0
0068
0238
017c
3f54
0228
3fb0
3ff8
01e8
0170
3c58
04cf
003b
3d70
0020
001b
3ff3
0030
0890
3e88
00c8
04d0
3f40
3ea8
0098
00e1
0083
005e
0005
0011
3ff4
00d8
3f8c
014c
009f
006b
0034
3fc7
3f9d
002a
0017
0079
3f9e
3fd3
0017
3fbc
3f20
3f88
3f98
3ee8
3f38
3fb0
0c80
3d3c
3d74
3ad0
3d48
0464
00a0
00a8
3f80
3f9e
3fb2
3ff0
0a60
3db0
3e10
3f20
3fcc
0040
3f8c
3fda
3fe8
3ff2
0028
3ffa
002e
0118
3e5c
02bc
0010
00d9
3f37
010c
00a1
006b
3fda
3fa7
0033
3f36
0033
3f03
0240
01b4
008c
00f8
0000
00f8
3bb0
0224
01d4
3c30
3ff0
047c
3f08
3e7c
01a8
3f10
3f98
0394
3f50
3f2c
3e84
3f80
3f94
0064
3f30
004e
0032
001c
007e
001c
0062
3eb8
0074
3e44
0040
3fdc
0064
001c
006e
3fae
3fe4
3f80
0064
3fb0
000a
3fa6
01e4
01c0
0024
0064
0080
3fe4
3f70
00d4
3f7c
01c0
3fd8
0392
0080
3f64
00b8
3f7c
3fa6
00f4
0200
3f24
3f9c
07c0
008c
3fb8
00d4
3fd2
0021
3fb1
3fe4
3f41
00a3
01d0
0170
0060
3f62
3fa5
3fbd
3fe4
0069
3f7b
3f2c
3f62
3fca
0062
3fcc
0096
0194
00fc
0098
0144
3fc0
0184
3e10
0094
0224
0460
3f9c
04c9
3f7b
3f38
3fcc
001f
3ed9
3df8
07a0
3ef0
3d90
3550
00cc
00fc
3fd0
3edf
3f28
3fb7
3fa1
3fd6
3fcb
02d4
3fb4
0320
3ff5
3fdc
0019
3f13
3ffa
3f19
3fbf
0033
3f8c
003d
0073
3fca
3d40
3ea0
3ea0
3e98
3ff0
3ea8
02c0
0254
3ddc
00a0
0140
02d4
3ff2
02d4
3e10
3f82
00e8
00ac
3e30
0258
0230
3960
3ff4
3f60
0094
0034
3fc1
0073
3fa2
0013
3f8f
00b0
0150
3f60
0052
3ff1
0061
0010
3fd3
003d
3fae
3fee
3fc0
3fc0
3f7a
0046
3c5c
3e10
3e4c
3d88
3fcc
3dbc
04d0
0238
3f40
0270
3c34
0451
0023
3d7c
3efc
008d
3feb
3ee4
0010
3e30
3fe8
0200
3f90
3de4
01ac
0067
00ce
3f99
3f9f
3fdc
3fc3
0074
0100
3f74
3ee5
3f41
3fa4
0037
3ff9
003e
3f05
3ff0
3f15
0047
0036
0011
00d4
3fd0
0104
3f50
3e1c
0134
3cc0
01c0
0000
0250
00c8
0355
3f75
3db4
0140
005d
3f75
001c
0370
0310
3f60
3be0
0148
3fe8
0160
0013
0075
3f9e
3f6b
3f71
3ffa
0188
0104
0084
0011
3f9b
0076
0051
00a7
3faa
3fcf
002f
3fa0
000b
3fab
0060
3fc4
0188
3e3c
3e88
3e80
0008
3570
0064
021c
0470
03b4
04a7
3f5b
3f20
00c4
00c1
3fad
3e58
3f20
3f28
3e40
0050
00d4
0130
3fa4
3f0b
3f0f
3ffc
3f9d
3f91
000c
01b4
007c
0138
0019
0052
3fc7
3edd
3fb2
3f2b
3fd5
3f9e
0037
00dd
00b6
0027
3dc0
3d8c
0034
0258
3fdc
027c
3c40
3cf8
3fb0
3c20
0258
0566
3fc2
3e90
0080
00e4
3f14
01b0
0780
3e68
3c90
0390
0070
00a4
3fcc
3f20
3fae
3f72
004a
3fce
007c
0098
3eac
01ec
0040
00a1
3f9f
0004
00b3
3f51
0014
0053
3fc1
3ffc
001d
3fdf
3ef8
3fe8
3f10
0130
3f2c
0204
3990
0038
01d8
04c0
00f4
0413
3f35
3f60
00c4
0133
0005
0040
0690
0048
3f58
02d0
03b0
0258
0158
002b
3ff8
0033
3fbb
3fc8
3ff3
0284
021c
0068
3fcf
3f55
007a
3f19
3f4b
3fce
3f4b
3f52
3ff9
007d
004e
002f
0098
0040
0058
0118
3fb8
0160
00f0
021c
0044
37f0
3e20
042f
3fa9
00ac
0380
3ed3
3f11
0164
0410
3ce0
3ed8
0550
3fd4
3f78
005c
0027
0032
3ff5
3f5f
3f58
0007
3eb8
3e90
0028
3f8d
005b
3f32
004f
003f
0010
3fd7
3fe8
3fef
00a1
3fd6
00cb
3f74
3fa0
3fd4
0188
3fd4
01b4
03e0
3cbc
022c
0430
3ec4
04cc
3fc4
3e3c
009c
3fb6
3ff2
00ac
0520
3e8c
3f9c
0550
015c
00d4
0088
3fca
001e
3fac
0010
3fd2
003e
0024
3f48
00dc
004e
008f
3fbf
3f6a
3f51
0019
009a
0019
0081
008a
003b
004f
0114
3ed4
0240
014c
3f7c
01d0
3a40
3edc
016c
04d0
3ee4
041d
3ee7
003c
3ffc
3fb3
003d
3ec4
0760
3fac
027c
3f00
010c
012c
3fe0
0013
0022
3ff1
0029
004c
3fdd
01a4
0178
002c
0051
0040
0011
00ef
0016
00d9
3f3f
3fa7
3f98
3f69
3fa3
3fc6
3fbc
3f18
00a4
3ee4
3e4c
0098
0350
013c
01f4
0220
3fcc
038f
3fcd
3f58
015c
0049
3fb7
3fc8
0160
0040
0120
03b0
3eec
3ee8
0004
003d
3fe2
005b
00ab
0060
004b
0144
004c
00f8
006b
3fda
0091
3ed5
3f1c
3fb9
3edd
3f6d
3f70
3f4b
3fdd
3f6e
3ea0
3ea0
0000
0000
3f58
00a8
0120
0060
0280
0560
025c
0378
3fd0
3f24
3fcc
3f42
005a
3e64
3ed0
3f3c
3f8c
3f20
0100
00d8
0028
3ecc
3f04
3fc8
3f66
3fc2
3fa4
006c
3f24
0148
005e
3fe7
0077
3f6a
3fd7
3f93
3f9e
3fed
3fb1
3f5a
001d
3f3d
3f2c
0094
3e98
0024
008c
3f98
0610
3aa8
3f48
08c0
3fbc
0541
00b7
3c60
3eb4
0029
000b
3ed0
3970
3ff4
3ffc
0130
0188
00d0
00b8
3f0d
3fba
3f53
3f8d
3fa8
3fe5
3f4c
3ee8
0064
00d1
0051
0080
3f6f
3ff1
3f7e
3fb3
3fc2
3ff1
0051
0054
3ffd
0010
0008
0008
00c4
00d0
3ff4
3b90
00c0
0118
0450
3f44
0456
003e
0124
02dc
0064
3f40
3f64
0100
3dd4
3f94
3b30
03a8
022c
017c
0022
3fae
0074
3f70
3fa2
3fce
004c
0148
3f04
3f30
3f95
3f9b
0018
0013
0005
3ffa
3fb5
0045
3ff6
3f37
00bf
3d94
3f0c
3e88
0084
016c
3f18
0760
3d90
00b8
04e0
3de8
051a
0042
0178
00e0
3ff0
0020
02a0
07b0
3eec
3f5c
0350
00b8
0004
00b4
3fea
3fcc
001e
0058
3faa
00ae
0020
3fbc
0064
0088
004d
003b
3f10
3f69
3fa7
3f04
3faf
3f55
3fd0
3fdf
3ff1
3f90
3e94
00fc
3f4c
3dd4
0178
39e0
0120
00d0
0010
02c8
040a
3f7e
3e60
0130
3fac
3f44
3e88
0280
3f50
3c90
3f60
3ed8
0008
3ed0
0038
3fca
006e
0076
001a
005c
0180
002c
0154
3f66
3fb7
3faf
3f46
0035
3f11
3ff2
3fdb
0017
0006
0059
3fad
0240
0104
013c
3e20
3ec0
3f60
3d00
3da0
01b8
05e0
01cc
030e
3fa6
3edc
01b4
00d0
3fa4
3e14
0040
0188
0100
3ee0
01b8
01d4
3fe4
3fe2
3fc0
0022
3f54
3f90
3fc4
3f9c
3ee0
00bc
0040
0073
3fcd
3ff0
3fe5
000b
00ae
0051
005d
3fce
3fdb
3ff3
3f54
3f40
0014
3e88
3fc4
3ec4
3ff0
3bc0
0118
0040
020c
03b8
3f76
0030
004c
0080
005e
02e8
0580
01c8
3eb0
0250
3ee0
3ffc
3ee4
3f74
3f89
3feb
007c
3fc1
00bb
0134
001c
0118
013a
00d2
0068
3fa4
3fc0
3fe4
0026
0051
3fd5
3f94
3fcd
3fc7
3ea8
3fdc
3ecc
0000
3f5c
00a4
3f00
0074
3e04
3750
00b0
039c
0052
020c
0250
0074
3f6e
0224
08d0
0180
3cb0
3e10
0084
01ec
3e98
0048
3f93
00b5
007c
001d
005f
01d0
0088
0148
3f72
3fe8
3f8a
3fe0
0060
3f80
3f70
3f49
0027
3fe2
3fcf
0013
0034
0050
3fe4
3fa0
3f38
0068
3c80
0008
3fe0
3ae0
3f8c
051c
0090
0214
0074
0018
0068
02f4
0590
3e5c
0084
0170
3ea0
00bc
3de4
0000
3f30
00d0
005c
000a
0052
01dc
0280
3f5c
0032
3f9a
0098
003a
3ff0
004a
0058
0038
0020
3f90
3f4e
0042
3ff4
3fdc
0018
3ecc
0018
3eb4
3d20
3fb8
0418
0410
0068
03cc
3ef8
3e5c
3f20
00b6
3ef2
3cfc
3fd0
0220
3ec8
3890
3da0
3ec0
3ee0
00ea
00b8
0032
3fbc
0052
3f6a
0168
00d4
0094
3fc8
0013
3fb5
3f64
3f8b
3fd9
3f86
3ff7
3f8f
3efa
3fd3
3f27
3f24
3ed4
0050
3cd8
3e0c
3ecc
0b20
3df8
3e28
04f0
3ed8
049b
0033
01f0
0058
3f35
3fbd
3ff0
0620
3dd8
0108
07d0
0110
3f28
01e8
00bf
000f
00b0
3f31
3fdd
3f54
3f38
3dc8
0170
0047
00b0
3f97
3ff3
001c
3fd7
3fe7
0002
3fe5
00bb
002e
008d
0070
3e38
0238
3eb0
3fc8
3ee8
0240
0090
0040
00b0
0134
04b8
3f96
3d50
3ccc
0080
00c6
3f10
3640
02e4
00f4
00b0
3f78
0110
3e68
3f92
3f4f
0043
3fd6
002b
3fab
3e74
3fc8
3eac
00a2
3ffa
00a8
0038
002c
000c
007c
003b
0041
3ede
3f53
3f8b
3ff0
0078
3f78
3f2c
002c
3f00
3ee0
3e00
0068
0150
0244
0401
3f55
3e14
3ec4
0003
0083
3ec4
3c30
3f78
3fd0
0420
00b0
01ac
3f04
3f95
3f3b
005a
0027
003b
3fec
024c
01ac
00a0
3faf
3f98
0017
000f
0016
3ff9
0011
3fa0
0071
3f8d
000e
3f7f
0034
016c
3ec8
02b0
015c
0154
0030
3e70
3f48
3f30
3ff4
044f
010f
00bc
3d14
0087
0047
3eb4
0410
3d6c
3e2c
0090
3e60
008c
3dd4
003b
0011
002a
00b3
0039
007a
0104
007c
0088
3f93
002d
3f66
3f9f
3ff9
3fa6
3fd7
3f31
00a6
3fb7
0039
3f7e
03b4
0160
0254
002c
3fd4
0058
3ba0
0080
3f70
0520
3fd8
03f1
0121
3f4c
0170
3f9b
3f17
3fa4
0260
00bc
3dc4
0020
0468
01e8
0280
3f69
3f8d
3fdc
3f67
3fc1
3fa6
3f90
3f14
007c
3fcd
3ffe
3fcf
0021
3ff8
0029
3fbb
0072
3f49
0083
0020
0063
3e1c
3eb8
3f64
3f7c
3fe0
3f9c
3df0
0030
00f8
0220
001c
03da
0064
0090
3eb4
008e
3e94
3dd0
3ed0
0084
3d8c
3b30
0040
3ee4
015c
001a
3fef
002b
0076
00dd
3f99
029c
0328
3f74
3fe4
3fca
001a
3f92
3ff2
3fa0
3eda
3f3d
3f9d
3ff4
3fbb
0039
3d68
3ee8
3e80
3fa4
3f98
000c
00d0
3e78
3fd8
0120
3eb0
0464
3ff2
01c4
3e68
3f74
3f96
026c
3c80
3c14
011c
0370
3ed8
3fc0
3f18
0080
001f
0061
00f8
0011
00e7
0120
00cc
0054
3ebe
3f8e
3f30
0040
3fe2
005e
002c
0053
3fd9
3f1a
3fbd
3f5d
01a4
3ff0
01b4
004c
0028
0024
04b0
3f78
3fc8
3f00
01a4
033e
0008
003c
3e54
3fc2
0084
3f24
3e20
0078
0388
07e0
3f20
3f30
3ff0
3f66
3f8d
3fd9
3fc6
002d
3f99
016c
00a4
00c8
3fe8
004a
3f9e
016a
0094
00d6
3fec
3fd7
0015
3fda
3fe3
3ff7
01ec
0088
0164
01f8
00a8
0150
3c30
02f8
3fa8
36f0
3f10
03f8
00b0
005c
0260
3ec0
3ee8
02b4
3f20
3d88
3df8
06a0
3f40
0148
3df8
3fd2
0008
3fca
009a
000c
008e
3f28
0138
3df0
3fc6
3f96
0030
3fbe
3fde
3fe0
0074
3ff6
007e
3f18
3f6a
3fae
3f14
0058
3ebc
0058
3f58
0100
0680
3dd0
00e8
0550
02bc
03ac
3f9c
003c
3ce4
0012
0032
3ed4
3d70
00a8
3f40
3c10
00b0
3f7c
0134
000c
3fc4
0048
0022
008a
3f98
3f64
3f60
0004
00d6
0083
0053
3e9e
3f2b
3f73
3fce
000b
3fc3
0046
001b
002b
3dbc
3ed0
3eec
3ff0
001c
3fd4
3ca0
0270
3fa0
3df0
0080
03fe
0008
00f4
3ed0
3f64
007a
0084
0000
3bb4
01dc
0440
3f90
00c0
3ed0
00c2
004d
0075
00cc
3ff9
00d3
0128
3f60
01c8
3f42
3ff3
3f4f
3fbc
3f7f
003d
001c
0050
3fcc
3f26
3fde
3f48
00f4
00bc
0038
3ebc
3ee0
3fdc
0160
3eac
3fdc
0290
3ea8
038c
3ff6
3f88
3f88
002c
3fae
3f90
0260
00bc
3f94
0070
0024
3fc4
0060
3fc4
001f
3fa5
00c8
0083
0045
0048
3ec0
0188
0158
011c
003c
3faa
0006
3fa4
3f90
0011
3f7f
3f4e
000d
3f41
3bb0
3d9c
3e14
3f94
3de8
01ac
3f00
0334
3efc
3810
3d64
0450
0080
0100
001c
3f28
0028
0180
0210
3f5c
000c
3c80
3df4
3eb8
3f3c
009e
0038
0066
0106
00e0
0026
0074
0110
3f64
3f58
3f9c
3fbc
0050
001c
0034
3f66
3f90
3fd6
00ea
0098
0052
00f0
00b8
0038
3f5c
3f9c
3fc0
3e40
3e10
3e68
3d50
0428
0286
0022
01dc
3dd8
00d4
0034
00b4
3ce0
01d0
3f58
0620
0258
0164
00f4
3f9c
3f98
0004
0006
0034
3fd2
00f8
00e8
0010
00a4
00bd
3fe7
3fe8
0053
3f95
3fb0
3f49
0067
3fdc
3feb
3ff1
0244
00d0
0174
01b8
3fac
020c
3d90
0054
3d54
3f40
011c
03b5
0093
00b0
3e64
008b
004d
3eb0
0440
3d9c
3e6c
3cd0
0114
0054
00c0
3fe5
3f84
0061
3f13
3fc0
3f53
012c
0020
010c
3fff
00a0
3f5f
3fb1
0008
3fa9
000d
0061
3fac
0023
3feb
0038
00b0
3fc0
00f0
3e0c
0024
3de8
3d70
3de8
02a0
04f0
3f58
03b8
0034
3ea0
0438
00de
3eda
3da8
3f50
0298
3f58
38e0
00f0
3fd4
011c
3f80
0038
3f48
3f1e
3f4e
3fd0
01f8
0178
0080
3f66
3fb9
3fad
3f9a
3ff1
3fa9
3f6e
3f85
3fe9
3f86
3f91
3ff5
3ed8
3fc4
3f14
3ee8
3ec0
0028
0600
3f90
3f80
0320
3f7c
0463
3fdb
0068
001c
0011
0091
0060
0200
3ea0
3f18
3b80
3ec0
3e20
00a0
3fd3
3fbd
0016
0021
3faf
0072
010c
3fdc
0130
3f4b
0010
3f3b
3f57
001c
3f3b
00db
00e4
3ff7
002b
0034
3ff7
3f40
3fdc
3f64
3ea0
3fe4
3ebc
37f0
3f20
00f0
06b0
3d40
040d
005b
3e84
0190
0067
3fd1
3f24
0850
0130
3ff0
0070
03d8
0150
0288
3fbb
0092
3f29
3f41
3f86
3fbb
03e0
0260
0180
3f35
3f82
3fb3
000f
3fe6
0029
3e9d
3f3b
3f62
3feb
3fed
3ffe
0134
0034
0100
3f50
3dd0
0180
3c70
3f80
01a0
3ec0
0080
03cf
0071
02c8
3fc0
3fb9
3f9b
00d8
3cf0
010c
3fcc
39d0
3fb8
3fe0
3fd8
005b
004e
000d
0119
00b8
0061
3de0
3f28
3eb8
0037
0012
0025
3ff1
3f8c
0065
3fdb
005b
3f80
0041
3fff
0042
3ea0
3e40
0060
0054
011c
3f38
0510
3d94
0324
0410
3c20
0438
0008
0008
0048
3ff4
3ff0
0000
3e90
01ec
3c9c
3a40
002c
3fec
0040
0164
0124
0040
3f84
3ff6
3f8e
3f50
3f14
003c
0152
00ee
0064
3e82
3f58
3f2a
0018
0008
0010
3ffc
3fde
001e
3bd0
3d44
3e8c
3f2c
0064
3ec8
0010
0264
3f54
38f0
3f38
03b2
3fae
3ebc
0170
3f82
3f4a
3fec
0280
3eb0
0048
04d0
3ff4
00e4
3f10
0066
3ff2
0074
0072
0030
0042
0098
3fa4
00f4
3fc4
3fa6
001e
3fe0
0058
3f88
0072
00bc
3fb6
002e
002e
0000
00dc
0124
3fb8
3e50
3f34
3f1c
0530
00c4
3d6c
0150
00c4
03b1
3fa3
3ffc
3ef4
3f99
003f
0214
3d30
3cf0
0388
0940
01b4
0068
014c
3f91
3f7c
0015
0029
3fc2
0067
3ddc
3f7c
3e60
3e99
3f21
3f78
015f
0071
00ee
008b
0086
0005
0079
000c
006d
01ec
3fc0
022c
3f40
3f34
000c
3ed0
0018
3fe8
3eb0
3f50
03fa
000e
020c
0200
3f6c
3ed0
3da4
0940
3dd4
3e44
3df0
3fd8
0058
3f80
0040
3fb8
0088
004a
008e
3fbc
0168
3f30
0238
3f3a
3fd1
3f69
0082
00c9
3fb9
3f7c
3fd1
3fab
0000
0055
3fab
00e4
00a0
0044
014c
3fdc
0170
05e0
3fa0
3c30
0320
3da8
03dc
007e
0014
3f78
3fe4
009e
0174
3f90
0058
0290
0310
0130
0030
0100
0008
0037
3fd1
3ff0
3fef
0001
3e60
3f58
3f08
0006
3fee
0018
006c
0070
3ffc
3fe2
0043
3f9f
3f44
3f13
0031
3c5c
3e6c
3df0
3ee8
3fec
3efc
0620
3f70
3db0
3e80
004c
039e
017e
042c
3f0c
001e
3fe6
0064
39c0
0220
3de0
3d50
0050
3fa8
00a8
000a
3fe2
0028
3ffe
3fd6
0028
3fbc
3fd4
3fe8
00ae
0044
006a
3f9e
3fe4
3fba
0012
3fd6
003c
002a
0002
0028
0034
0048
3fec
01e8
01b8
0030
08f0
3d50
00c8
0330
3de0
03da
004e
3d78
3f90
011c
3f7c
3f20
3d20
02b8
00d0
0000
3e08
3f44
3ec4
3fac
000a
3fa2
0066
0022
0044
3f90
0088
3f08
0108
3ff9
010f
0040
3faf
0091
0070
3fe7
0089
3f24
3fad
3f77
0080
0164
3f1c
3fb8
0094
3f24
3b40
0094
035c
0120
0028
049c
0076
3e38
00a8
0064
3f92
0098
0850
3f68
3f58
3dd0
0114
3f78
019c
000e
0055
3fb9
3f3a
3fd7
3f63
0138
0098
00a0
0052
3fa0
00b2
3f6c
3f44
0028
0036
005b
3fdb
3f60
3fe9
3f77
3fe8
00d8
3f10
3cb0
3dd0
3ee0
0740
3e68
0148
3da0
3e4c
03d5
005b
0084
3f34
0027
3f4d
3f54
0240
017c
3fd4
0640
3fd0
3ed8
00f8
0053
00ae
3fa5
3f65
3fc8
3f9d
3e8c
3ec0
3fcc
0145
00c8
007d
000f
3fd6
0039
0057
0083
3fd4
3fe9
006f
3f7a
0184
0064
0120
3eec
3e00
00ec
02b0
014c
3fb4
0110
3d90
0438
0058
0054
3f98
0030
3f74
0154
3fe0
00b4
3fec
3e40
00ec
00c8
0024
00d2
000a
00c8
001e
0028
3ff6
0100
3fb4
014c
3fe2
001c
3fc6
004a
0042
0008
3ff2
0020
3fd2
3f66
3fb6
3fb0
009c
0084
0018
3fb4
0030
3f84
0040
00bc
007c
3ae0
0340
0321
0011
0148
3da0
004f
3ffb
0110
35d0
3fbc
00a4
0270
002c
3ff4
0038
0041
0011
0030
0083
00a5
3fde
3fb0
3f28
0088
0023
0076
3fad
3f03
3f50
3fb3
00dd
00d8
0005
0009
3fe6
0023
3eb0
3f84
3f2c
009c
0230
3e6c
3990
0244
3fdc
3ce0
01a0
0423
0043
018c
00b8
3fc3
0033
3fc4
37b0
3fa0
0160
05d0
3f7c
00d8
3ea4
3f9d
3f53
004a
3f6d
3feb
3f82
3f58
3fa4
3fb4
0001
3fcf
0032
00b1
0087
002a
3ff7
3f83
0074
001b
007b
3fa0
02d4
01a8
012c
0268
0210
0058
0860
012c
3f74
3f30
3f9c
03a8
007e
010c
3f1c
3fcc
0096
0034
3760
00e8
0100
3e20
3f1c
3e40
00dc
00a2
0035
006d
3fa6
3fe7
3fbf
3b84
3e24
3d60
3fc4
000c
3fb8
0042
3fb4
008e
00d8
0095
0043
018a
00ab
00df
004c
0018
0034
3f18
00b4
3e64
3f20
3e20
0058
07b0
3e84
04c3
004d
3d28
024c
0055
3f23
3fb8
0890
002c
3f6c
0290
0078
3ed4
01a4
3f47
3fb8
3f8f
3fa9
3fb0
3ff9
023c
00b8
0184
006b
0046
0025
3f89
3ffa
3f8f
3fb9
0001
3fb8
3fb3
0013
3fa0
3ef0
3f90
3f60
3e84
3f64
3f20
03d0
3d48
3d60
0300
3f5c
03e5
0087
01f0
3ecc
00e7
0035
3d58
0270
0128
3fe8
3bb0
3f28
3f6c
3fbc
0043
3fce
0075
3fa5
000e
3f97
3fe4
00cc
3f18
00db
3fd8
0103
0111
0090
0081
3f77
3fc7
3fb0
008d
0091
3ffc
0088
3f34
0154
0010
3fe0
0030
3ac0
00d4
00cc
0210
0564
0340
3f9c
3e74
00c4
3ffc
3fb0
3e44
3960
026c
3dcc
3bf0
3f34
3fa0
3f94
3ec0
3f4c
3f74
3f00
3f8c
3f74
3e64
3f6c
3ef8
00a6
3fd4
00d2
3f32
3fcc
3f66
00d6
001e
00b8
003e
002e
0010
0004
0114
3ef0
022c
0124
0108
01d0
3f1c
3d4c
3b40
013c
03a7
3f79
3f30
3d24
008f
0099
00d8
3b00
3f20
03b8
0090
3df4
3edc
3f18
000d
000c
0001
0109
009c
006d
3f94
3fb0
3fe4
3fa1
3fe1
3fc0
012f
0063
00cc
00a3
00c2
3fe1
3f55
001e
3f37
0290
025c
0034
3e38
3eac
3f8c
3bb0
0210
0298
0210
0228
0422
3f0a
3ed0
0118
3f5c
3f48
0088
0390
3f50
3dd8
3d50
0118
018c
3f8c
0030
3ff4
003c
3f96
3f64
0032
0178
0068
0110
3f6c
3f9f
3fcd
3fd8
0011
3fc7
0030
005d
3fd3
3f98
3fb3
3fe5
3d38
3f24
3e14
3f88
3f84
0004
0350
3dac
00ac
3f70
3df0
04e7
3f89
0020
3ed8
0047
0099
0020
3fc0
3f08
0090
3eb0
3e74
004c
3e28
008d
0038
0055
003d
0078
3fc5
3ed8
3fd4
3f04
3fbb
0025
3f96
3fd5
3f8f
0046
0069
3f66
0103
00b7
0046
0071
3f70
3f48
0028
0088
00ec
3f9c
01c0
0028
00b0
01e0
3d84
0485
0071
0104
3ddc
0055
00bd
3f1c
0550
3de4
3fac
0410
0260
0134
012c
000d
3fe3
002a
3f5d
3fe5
3f78
3fdc
0098
3f44
0005
0001
0004
0035
3ffb
003a
3f53
3f8d
3fc6
3f0f
3fd3
3f3c
00a4
0028
007c
3fc4
3ea0
0124
3550
02dc
3f4c
3bf0
003c
031b
0023
3f18
034c
0017
3f9f
3db0
04b0
00c8
3ff8
3bf0
3fac
005c
3f50
3f9d
3fe9
3fb4
3eed
3f05
3fe8
038c
019c
01f0
3f89
3fab
3fde
0015
005b
3fba
00d3
0099
003a
3ebf
3f81
3f3e
0120
01e4
3f3c
3da8
3e48
3f60
3f70
3f04
3fe4
3cd0
3e38
049c
001c
3e28
3f30
0000
3f4c
0258
01f0
3f48
3dd0
3d50
3d34
3f7c
3db8
0056
0076
3fe0
013a
0064
00d6
3fb0
005c
3f54
3fec
0002
3fea
3fe4
3ff0
3ff4
3fd4
3ff0
3fe4
3f98
000a
3f8e
0078
0110
3f68
3ef8
3e9c
005c
0480
3db8
3ee8
06f0
3cd8
0441
3ff3
0054
3fa8
00bf
0001
3bf4
01d0
3e48
01b8
02d0
0208
0080
0188
0091
00e6
3fab
3f67
3fc8
3f9f
0260
0078
01e8
3f5f
003e
3f21
00c5
006c
0059
3f2f
3fd5
3f5a
3fdd
3fb9
0024
0064
3f3c
0128
3fb8
3ea0
0118
3ea0
0024
3c84
3c20
3efc
0459
01b3
00d4
3ef4
3f5b
006d
02fc
04d0
3ddc
3e7c
0980
3fbc
0034
3f88
3fa5
3fac
3ff9
0033
0072
3fc1
013c
0068
00d4
3f77
3faa
3fcd
3fb5
001c
3f99
3fcf
3fd5
3ffa
3fb1
004d
3f64
014c
00c0
008c
0114
3f94
0180
3450
0190
02e0
3b60
0028
032d
0107
0264
04a0
3f89
3f5b
026c
0530
01a0
3d30
3f40
0008
0078
3f90
3fdb
3fcc
000f
0057
3fd0
0087
3fe0
002c
3fb4
3fab
3ffb
3fb0
3fa9
3fa5
0004
003d
3fc4
0079
006b
000c
005f
01d4
3fe0
01f4
0000
3f78
0088
02d0
3e30
0028
3d40
3f58
039a
003e
3fe4
00d8
00c0
3f1c
0094
3ce0
008c
01f4
0100
3fb8
3ec4
00f4
00a0
00be
3fe2
3fe2
3fc4
001e
0130
0030
0100
0018
005d
3fbb
0018
0035
3fe3
3ff6
0051
3fa5
011e
0039
00e5
3fdc
3f94
0048
0024
3fd0
0054
0ae0
3e70
3de0
3f40
3e64
0415
001f
0354
3c64
0039
0087
3e5c
3d20
01b8
0400
0110
3e68
3e30
0038
00b5
002e
0087
00b5
0108
3fad
3ff4
3f34
00c0
00b1
3ffd
00b4
0073
005d
0016
000b
3fe4
0027
3f51
3fc2
3f8f
009c
0138
3f64
3fc8
006c
3f5c
0090
005c
010c
0320
016c
03b4
3f18
3f40
0254
0182
3fa2
3e00
3f30
0234
0034
37d0
3f94
3f1c
0078
3fdc
3fde
3ffe
002a
000a
0020
3fdc
3fd8
0004
3fca
3f7b
004f
000a
0001
0009
004c
007f
3fcd
3fd8
3ff5
3fe3
3e30
0028
3e08
3e74
008c
3de8
3b90
0114
3f4c
0670
01a8
03b3
0071
01fc
01c8
3f45
3f5b
3f4c
02d0
3e98
3d88
3990
0364
01f0
0174
0015
3fa2
0073
3eeb
3fb8
3f33
0150
00d0
0080
3f91
3ff0
3fa1
006f
005e
0011
3ff7
3fb5
0042
3fe1
3fa9
0038
009c
3f34
0168
3da0
3fd8
3dc8
3d50
3f34
3f6c
39b0
02e4
027f
00c1
0368
3f84
008d
004f
0008
0010
00e8
3ea8
3a20
3ff4
3fd8
001c
001f
0034
3feb
3f7d
3fde
3f9f
3f64
3f04
0060
00f9
00a0
0059
002b
0046
3fe5
3fe5
002d
3fb8
0057
004d
000a
3ea0
0018
3e88
3d38
3eb8
3e80
3e10
006c
3e8c
3f90
0304
03c8
0034
020c
01ec
3ffc
0040
005c
0050
3c9c
0004
0310
0104
004c
00b8
3ffc
3f5c
00a0
3f6c
3f40
002c
0324
00e0
0244
3e92
3fa8
3eea
0056
0048
000e
3f8e
3fe6
3fa8
3fde
3fe2
3ffc
0244
012c
0118
0004
0048
3fbc
3cd0
00d8
0118
01f0
3f14
0379
0013
3eac
01dc
0011
3fe3
00bc
02f0
00d0
3f88
0200
0170
01e8
3f88
0031
0046
3feb
3f31
3f66
3fcb
025c
0158
0104
3fdf
0021
3fbe
0075
0037
003e
3fe7
3f0c
00db
3f5d
3ff8
3f65
0114
000c
0108
0040
002c
0014
3c50
00d8
3ef0
3f40
00cc
03ec
3fec
3f70
017c
3f3a
00ce
02c8
3ff0
3dd0
3f30
3cf0
01f8
018c
006c
3e78
3f36
3f42
3fda
3ff2
3fe8
01fc
01dc
0020
3f1c
3f81
3f9b
3f78
3fc7
3fb1
3fee
3fbf
002f
3fba
3fe9
3fd1
0038
014c
3eec
0228
01b8
0070
0890
3ea4
3ffc
05c0
3f24
03da
3f76
3e94
3e0c
3f54
0044
013c
3bb0
010c
00cc
3df0
3df4
3d90
0064
0026
009c
3f8a
0020
3ffc
0024
3e7c
3e58
0024
0016
0059
3fbd
0006
3fe3
0023
0044
00b5
3f8f
0020
0023
3ffd
3d04
3eb0
3e54
3f6c
3ec4
00a8
01a0
0170
3d58
3780
3cc0
03f2
0192
028c
00f8
005a
00ce
3f2c
00f0
0044
3e7c
3a60
3d78
3f4c
3e2c
3fe6
0014
3fd2
3f46
3f6a
3fdc
0100
0114
3fec
3ff8
3ff6
0002
0080
0050
0030
00a6
0070
0036
3f26
3fce
3f58
3f7c
3ffc
3f80
3ff4
3f38
00bc
00b0
3e20
3f40
0660
3fd4
048d
3f1f
3df4
0204
004d
3f3f
3e1c
0730
0100
3fe0
05e0
0140
0158
3fe8
3fcd
3fc6
0007
0001
3f6e
0093
010c
001c
00f0
008b
006f
001c
0039
0065
3fd4
3fe3
3fe4
3fff
3fd9
3fe0
3ff9
0044
3f60
00e4
0058
3ec8
0190
3fb0
3fc0
0240
3ca0
3de0
047d
001f
0080
0178
003d
3e53
3cf8
0060
3db0
3e38
3ea0
3fa0
0098
3f08
00cd
003c
0091
3f95
3fce
3fc7
0008
0094
3f74
3f5f
001d
3f42
0079
0059
0020
0071
0068
0009
3fab
3f9a
0011
3f38
00b4
3e84
3f88
004c
3f3c
3f30
01b0
0020
3fe0
3bf0
045f
00e7
3f08
3ff0
3faf
0063
00c8
0630
3eec
3db4
02f0
00d0
00e8
3fe8
0001
0051
3fb0
3fcd
3fb7
0016
3fa8
0070
3f38
3fcb
3fa1
002a
3f63
3f67
3ffc
3f3b
3fb1
3f8a
00c7
00ab
001c
3fb0
3dd8
01d8
00a4
3eb8
01ec
3ca0
0094
3ed4
3eb0
00a8
04fa
001e
3d94
0308
3f74
3f9c
016c
3e20
007c
00fc
0040
002c
3ea4
0188
3ed8
3f74
3f64
3fb2
3fe0
3fd2
3ea8
3fa0
3f08
002c
0011
001b
00ac
005b
0051
009c
007d
001f
0014
3fcf
0045
3fac
0110
3e9c
01cc
0134
0098
0140
3e18
0018
04e0
3f6c
0489
3f2f
3ec8
003c
0115
3f73
3e20
01e0
0160
0070
0350
3ff0
3ec8
0128
3fc5
0072
3f53
0089
002e
005b
3fb4
012c
3e88
3f8b
3f71
001a
0025
3fc3
0062
3f8b
3fb8
3fd3
0091
0084
000d
0200
004c
01b4
0168
3e70
02f8
3920
017c
3fbc
0510
3fb4
039b
0055
3e44
03e4
3ef9
0043
000c
3f40
3fb4
0194
3de0
0114
3f64
01b0
3fd7
3fc4
0013
3f59
3fc6
3f93
3f1c
3f9c
3f80
008d
0010
007d
000f
3fea
0025
012d
012b
0002
3fdf
3feb
3ff4
3d64
3f70
3df4
3f2c
00c4
3e68
3e50
0180
3ed8
3f30
3f74
0367
009f
000c
3dfc
00b9
00cd
0234
0180
0270
0020
3f80
0248
00ec
015c
3f37
001f
3f18
0041
003b
0006
3de4
3f30
3eb4
00bd
0054
0069
3ffd
3f9a
0063
3f47
3fa0
3fa7
3ff3
3fca
0029
3dfc
3e58
3fa4
0120
3f20
0200
0050
3f70
0200
0b40
0120
03de
3fc0
3e8c
3fc0
00d2
00c0
3d2c
3a30
03d8
00e0
3e00
3f50
3e50
0100
3fda
0019
3fc1
3faa
003b
3f6f
3fb8
3ff8
3fc0
3fda
3ff6
3fe4
3fa8
3f8e
001a
00e8
00b9
002f
006e
3ff7
0077
3ed4
3e9c
0038
3f80
00ac
3ed4
3e10
0028
00f0
3e30
3ff8
0463
0019
0164
0160
3fdd
3ffb
3fa4
0250
3f88
3e40
3a10
3e00
3ec4
3f3c
0033
0096
3f9d
3f79
3fb4
3fc5
3f28
00a4
3e84
00a3
0002
00a1
3f61
3f48
0019
3fa3
3fc3
3fe0
0001
007f
3f82
0104
002c
00d8
3dc0
3e3c
3f84
01c0
0084
3c54
3ba0
3f1c
0432
0076
003c
009c
3fb6
002a
009c
3f20
3e74
0014
0240
02b4
0114
01a0
3ef2
3f3e
3fb4
00a2
0042
0060
3ba4
3d14
3e90
0028
0014
0014
00e4
00a0
0044
0008
003a
3fce
0150
007e
00d2
3e94
3f5c
3f38
00fc
009c
0060
3c10
0254
3eec
3ca0
000c
042e
003a
0048
01f4
0012
3f5a
0190
0470
3eac
00cc
0350
00c4
0120
3fa4
006c
0006
0066
3f9c
3fa0
3ffc
0014
3ef8
011c
3f94
3fe0
3fb4
0128
0016
0112
3fdc
0026
3fb6
3f7c
3fbc
3fc0
0030
3f1c
0114
3db4
0004
3db0
0530
3e78
00f8
0690
3fdc
03e1
3fab
3fc4
3dec
3fc5
006b
3f2c
01a0
3f64
3f34
3cf0
02c8
0130
0198
3fa9
3fa8
0001
0049
010a
3f3f
3e14
3ebc
3f58
0017
0047
3fd0
0029
3ffb
002e
3fa5
3fd4
3fd1
0067
0002
0065
00bc
3fb8
0104
3fe4
015c
3e88
05e0
3c2c
017c
0a00
3dcc
03ac
3f8e
0058
009c
00ac
3f6a
3cf8
0100
03b8
3f58
3930
3ec4
3e3c
0088
00c6
005d
0069
3fda
3fcf
000b
3ebc
3e74
0048
0094
009c
3ff8
3f86
3fc0
3fc6
3fac
0047
3f65
00ce
00b9
0015
3ef8
3ec8
0030
3ed0
3ee0
3ff0
3dd0
0060
0030
0290
01d4
03fc
00f0
3f68
3dc4
0004
00b8
3e78
3480
005c
001c
3d80
3e58
3fc0
3e98
3f66
3f3c
002a
0022
00a4
3f7e
3df4
3f0c
3ee8
0092
006a
0028
005e
0026
0038
0044
0020
0024
3ff0
0024
3fcc
3fd0
3fe0
3ff0
0274
0264
0010
3e10
0244
017c
3e20
0044
0464
3fbc
3dec
3ef4
007a
005a
0004
3740
00e4
0274
05c0
3f0c
3f80
3f8c
0102
00c6
003c
3fc8
3ff8
3fd0
0134
014c
3fe8
3f2c
3f77
3fb5
0044
3ff7
004d
0036
3f69
00cd
0016
0069
3fad
041c
0220
01fc
0034
0034
0000
3ee0
014c
3f54
3a00
0184
046a
009e
0124
3ebc
3ff8
0090
001c
3a90
3f8c
3e44
0090
3f04
3f58
3fac
3fb0
3fa2
000e
002a
3ff6
0034
3d44
3ee8
3e5c
004a
0093
3fb7
3ffa
3fc1
0039
013a
009f
009b
00ae
0035
0079
00ac
3f90
011c
007c
0070
000c
3940
3f38
3fa8
3cf0
016c
042e
0046
005c
3f3c
0014
0008
0244
36e0
0088
0060
0270
0060
0178
3ee8
3f94
3fe0
3fb4
00e2
0088
005a
3efc
00c4
3e38
3f90
3fe1
3faf
010c
004f
00bd
3f78
3f79
3fff
3fb8
3f6f
0049
0074
3f68
010c
03e0
0274
016c
06f0
3f40
0038
0650
3ecc
03a6
3fe6
3f90
3f54
3f94
3f88
3dc8
3f60
0120
3ff0
37c0
3e80
3e0c
0074
001e
006a
3fb4
3f94
0006
3f8e
0004
3f98
006c
0080
0073
000d
0058
0001
0057
0052
0073
3fdf
00a6
3ff5
00b1
3c98
3da4
3ef4
3f10
3fe0
3f30
3af0
3f78
3f90
0480
0344
039f
0013
3f38
008c
00b7
3fbb
3eb8
3b10
3e3c
006c
03b0
00e8
006c
007c
3ebb
3f47
3f74
3ff3
3fbf
0034
012c
01e0
3f4c
3f39
3fef
3f4a
3ecd
3f1f
3fae
3ffd
3f9b
0062
00b5
0057
005e
00c0
3f20
01a0
0184
007c
0108
3d50
3ed4
0324
0240
3ebc
0459
0045
0078
3db4
0001
0025
0070
00c0
3f6c
009c
3fd0
0014
003c
3fd8
3ffb
3fd7
0024
3fab
3fe7
3fc4
0224
00e0
0144
0029
0049
3fe0
3ee9
3f19
3fd0
3f37
3ff5
3f42
3f8b
0009
3f82
3d98
3dbc
3fdc
3e6c
3f5c
3f10
3ce0
0048
0188
07c0
3ee8
03d3
3fc9
3eac
00d8
0037
0031
3f64
02a0
3ff8
0300
0710
03e8
0210
01d8
008d
0052
003b
3f59
3f6c
3fed
0178
01e0
3f98
3fd7
3ffb
3fdc
0041
3feb
0056
3f47
3fa0
3fa7
3f69
3f32
0037
3f8c
3ec8
00c4
3e20
3f3c
3ee4
3ca0
01bc
012c
0110
3e30
03ea
0042
3fc8
0058
0040
3f78
3f68
38a0
003c
3f1c
3840
01b4
015c
0058
0014
007a
3f9a
0036
3fdc
005a
3e48
005c
3dec
3f96
3fa5
3ff1
00aa
0059
0051
3f18
3f3d
3fdb
3fe8
3f85
0063
3fe8
0030
3fb8
00c4
0114
3fb0
02b0
00d4
3ffc
03a0
3fa4
0361
0001
00d4
3f2c
3fab
0063
025c
01f0
01d8
3e90
3d90
3f2c
3f90
3f9c
004d
3ff5
0058
3feb
3f9b
0050
006c
00e0
3f8c
0079
3fc4
00b5
3f3d
3f6c
3fd1
007d
00a0
3fdd
3ff1
0000
3ff1
3bcc
3e70
3d5c
3e38
3edc
3f5c
01c0
0014
018c
3d40
01bc
036c
3fb8
0278
3efc
006e
3fce
3f58
0490
3ee0
0120
3eb0
3c6c
3e88
3de4
00c4
3f9a
012a
00d6
0076
0060
3fdc
3e8c
0150
0018
004d
3fcb
0088
004f
0039
0092
00a1
3ff1
3fb6
3ff3
3fc3
3e60
3ff0
3e70
3eb0
0078
3e38
3800
00d0
00c0
0180
024c
0390
3f90
00b0
3fe4
3fe8
0024
3e98
3e80
0148
02b0
0230
00a8
0140
3f68
3f88
3f6c
001c
3f5c
0032
3f2a
020c
00e0
012c
007c
0048
0034
0070
006a
0006
3f56
3f50
0006
3e96
3f9a
3efc
0310
0144
01cc
0008
3f74
0094
3d00
02c4
3fcc
3c60
3e3c
0418
00d8
020c
004c
3fe2
3f72
3ed4
0140
3ea0
3f58
0120
0164
3fd8
018c
009e
0026
0078
3f64
3fd8
3f8c
3ecc
3f2c
3fa0
3faa
3fdf
3fcb
3fb6
0007
3faf
3fe0
0045
3f9b
00dc
0075
0067
3f24
3f10
0014
3d70
3f1c
3e54
0560
3de4
002c
01f0
0104
04c2
3f5c
3e90
3d84
0072
00c4
3f38
3d70
3d40
3fa0
3c80
3f7c
3fd0
3fac
00fe
004d
00b1
0022
0001
0021
3fb4
3eb4
0100
3fd6
0008
3fce
3f68
000a
3f5e
0076
00c5
3fb1
003c
0019
0023
3d20
3f8c
3d94
3f28
3fc0
3f68
3df0
3ef8
3f20
3b40
00b8
0400
008a
0120
3de0
0118
0016
3e30
0200
0208
0050
0080
3e08
3fbc
3e4c
0048
3ff1
0057
0094
00c3
3fd1
0090
0024
006c
004e
3fd6
0078
009c
007a
0022
3ff4
3f9b
0059
3f76
3fd5
3fa1
3fe0
0188
3e58
0078
3f44
0134
3fb0
3dec
013c
3ec0
0174
03d7
3f1d
010c
012c
0065
0007
3d7c
3ff0
0220
0070
3a20
0104
0114
3ff0
3f0f
3f4a
3fc5
3f95
3ffa
3f9b
3dec
3e58
3f94
017f
006e
0111
3fb5
3fda
3fdb
3fb5
0011
3fa4
3f47
3fbb
3f8c
3e7c
3ffc
3e80
3ef8
3fe0
3f18
01d0
0234
3fdc
3ee0
0150
0317
3f75
020c
3d50
3f51
0013
0134
00d0
0164
3f14
3e40
3e8c
0000
3e8c
0093
3fde
00b5
010d
00e6
0027
0008
00b8
3f50
3fc5
0000
3fc5
3fc3
3fe0
3fe3
00cf
0043
008c
3fc1
3f99
0028
004c
3f60
00ec
3f3c
006c
3ed0
0470
0028
3d10
3d40
3e2c
0492
0120
3e2c
3fc4
3f96
0014
3fbc
3ce0
0050
01e0
3cb0
3ef8
3f7c
3f7c
3ffc
0091
3f6b
005c
0025
0037
3e04
3f10
3ef4
3fd0
3fdc
3ff4
0112
0066
00ac
3fde
3f8b
0053
3efc
3fb7
3f45
022c
021c
0010
3f88
3f98
3ff0
3ff0
3ff8
0120
0610
3dc8
048d
00d5
0058
3fd8
00ad
3fa5
3e08
3b90
0108
3fe8
3d30
3f80
3dfc
0184
0039
0073
3fc6
3fc5
3ff7
3fce
3eb8
0038
3e80
3f83
3fe1
3fa2
3fbb
3fcd
3fee
0143
00ed
0056
008f
3ff1
009e
3ee0
3f68
3f78
0070
00b0
3fc0
3c20
3d4c
02ac
0a20
033c
03de
006c
3e3c
3d54
0068
3fae
3ffc
3b50
002c
016c
0590
0054
00ac
3fa8
3f02
3f7b
3f87
0138
00b9
007f
007c
00d8
3fa4
00e0
00e3
3ffd
0052
000d
0045
3f70
3f58
0018
3ff6
3ffc
3ffa
3fac
3f34
0078
036c
0174
01f8
3be0
02c4
3df4
36b0
00f8
02d4
001c
0040
3e48
3fa4
0104
0308
3c10
01b8
01e8
0710
00fc
01d4
3f28
002a
0000
002a
008a
005c
002e
0130
0190
3fa0
0008
3ff6
0012
3f6c
3f8a
3fe2
3ed6
3ef0
3fe6
3fce
0060
3f6e
0228
0084
01a4
00a0
3f30
0170
3760
0078
3fc8
3950
3f64
038e
0114
02f4
0104
3f62
0018
00d4
01d0
3e48
3fd0
3d20
0018
00e0
3f38
3fd0
3fc5
000b
0060
0031
002f
03ac
0284
0128
3eaa
3f98
3f12
3fc4
3fb6
000e
3f30
3f83
3fad
003e
002b
0013
00a4
3fcc
00d8
3fd8
3f9c
003c
03d0
3d68
0140
0390
3f98
043b
3f13
3f30
3d08
0171
00fd
3f60
0660
0088
3fb0
3f70
3eb0
3ec4
3fec
0085
003b
004a
3fd7
0007
3fd0
0278
0010
0268
0037
0040
3ff7
3fd3
3ff2
3fe1
3fff
0094
3f6b
3fdb
3fa2
0039
3d40
3e28
3f18
3dc0
3f5c
3e64
3780
0168
01b8
0050
015c
0360
3ff4
01f4
3f74
3f36
3fb6
3fc4
3de0
00d4
3e44
3650
0070
00a8
3fc8
00a0
000e
0092
00b6
00ba
3ffc
004c
0190
3ebc
0048
3faf
0099
3f48
3fd5
3f73
0006
3fab
005b
3fea
3fd9
0011
3ea4
3f84
3f20
3e1c
3f7c
3ea0
3810
020c
0174
0060
02f4
039f
3ff9
0020
029c
3ef9
3f67
0068
0700
3e54
3eac
3e50
001c
0108
3f14
3fcb
3fc6
0005
3fb9
3f92
0027
00ec
0000
00ec
001b
0052
3fc9
006d
005a
0013
00f5
0073
0082
3e0f
3eed
3f22
01d8
01cc
000c
3c24
3ef8
3d2c
3ee0
3e74
3f94
3f10
3fe4
0533
3fa7
3e4c
01ac
3f41
0081
0114
3f50
3ce4
0024
0250
3ff4
0064
3f90
3ff3
3fd9
001a
3f5d
3f1d
0040
3eac
3ff0
3ebc
3f6f
3f98
3fd7
3fe3
0052
3f91
0069
3ff4
0075
0089
0056
0033
0094
01a8
3eec
02fc
0154
01a8
0140
3ed8
3da0
3750
3ec4
0545
0035
3f44
0154
3f2b
0067
01a4
3ec0
001c
0034
3f60
3e00
002c
3dd4
3f9b
3f3d
005e
0045
3fa9
009c
3c2c
3e44
3de8
00a3
0004
009f
00cf
00a6
0029
003b
003c
3fff
00a7
0076
0031
006c
00ec
3f80
019c
0100
009c
3d90
3c90
00b8
3c00
3f70
0429
009d
009c
3ee0
0009
0019
019c
0040
0078
3e38
01d0
3f10
3fe4
3f2c
0013
3ff9
001a
0023
001f
0004
3f40
3fe0
3f60
0225
014b
00da
0031
000d
0024
0085
006f
0016
3f2d
3f7d
3fb0
3e3c
3fd4
3e68
0058
3fc0
0098
3a50
03e0
0120
3f40
3da0
039d
0179
00bc
00c8
3f5d
3fc5
3ef4
3ee0
0144
3f4c
3f40
0058
0088
3fd0
0061
0045
001c
3f19
3f73
3fa6
01c0
0244
3f7c
3f39
3f2b
000e
3f49
3f6d
3fdc
000f
3fe9
0026
0027
002b
3ffc
00f4
00e0
0014
3edc
3f38
3fa4
3fa0
0090
0140
03e0
00ec
0305
002f
0024
011c
0005
0007
3efc
0720
3f08
3ef0
0290
0140
0008
0138
0023
3fe6
003d
3f5b
3f9e
3fbd
01c4
3fe4
01e0
0031
3fe3
004e
3fb7
3fd9
3fde
3eff
3fa2
3f5d
3f61
3fae
3fb3
3e84
3fe8
3e9c
3ec8
3e64
0064
04e0
3d48
01a8
04e0
0094
044f
3fbd
00b0
3ccc
00df
3fc1
3ca0
3c80
0090
3f48
3880
3fc8
3f40
0088
001f
3f9a
0085
0087
00b4
3fd3
0024
0048
3fdc
0011
0005
000c
3f1b
3f8d
3f8e
3fb7
002a
3f8d
0015
3fc0
0055
3e40
3e88
3fb8
3f28
0054
3ed4
3f20
3e6c
3e6c
3e60
0044
03f5
3fdb
0030
005c
00d1
006b
01b8
0340
3fb8
3fa0
0680
00f4
00c4
0030
00bb
00b0
000b
3fcf
3fce
0001
0234
3ff0
0244
3fe7
006d
3f7a
0081
00b9
3fc8
3ecf
3ef2
3fdd
3fa9
004c
3f5d
0168
3ffc
016c
01d8
3f44
0294
05b0
00f0
3e80
3c20
3f50
0484
0022
0194
3f78
0118
001a
3e3c
3df0
0258
0040
3d70
3d10
3de0
3f30
0002
3feb
0017
006a
002d
003d
3db8
3ff4
3dc4
3f8e
3f82
000c
0050
003e
0012
0052
3fb5
009d
0144
00ef
0055
02ec
0158
0194
0120
0084
009c
05c0
3ef8
3e68
3bd0
3dd8
044c
3fe6
3dec
3d28
0008
00fa
026c
3cf0
3d30
0320
0a60
01f0
0130
00c0
0068
00b7
3fb1
005c
004f
000d
0130
3f78
01b8
3fc6
001c
3faa
00c0
0072
004e
0046
000f
0037
3f0c
3f83
3f89
01a4
024c
3f58
00d8
00f8
3fe0
3e00
007c
01bc
0350
0294
040b
3f17
3ea4
01a4
3eff
3f6f
3da4
3ad0
3f4c
3fa4
0000
002c
3f8c
00a0
001b
0035
3fe6
3f6f
3f97
3fd8
004c
006c
3fe0
3f9f
3fed
3fb2
3f5b
000b
3f50
003d
3fdf
005e
00e5
0095
0050
01b4
00ac
0108
000c
0048
3fc4
3e00
3ff8
3f30
3d70
3fa0
04b9
3f49
014c
0068
005f
0077
3ffc
3ec0
3e18
0050
0300
3f10
3ffc
3f14
00af
0001
00ae
3f9d
3f9b
0002
3df8
3f1c
3edc
00ab
00e0
3fcb
0103
0098
006b
3fc5
3ff0
3fd5
0051
0078
3fd9
00fc
3ebc
0240
0058
3f2c
012c
3c30
0144
0044
3d40
0250
03b8
0008
0010
0160
0036
3fa2
3f70
3c20
006c
3f8c
3c70
3d84
0014
3d70
3ef0
3f2e
3fc2
0082
3ffe
0084
3ec8
0048
3e80
002e
002d
0001
3ffe
0077
3f87
010c
0059
00b3
3f9c
3fab
3ff1
3f50
0178
3dd8
007c
009c
3fe0
0550
3f88
3e28
3d80
0208
026c
0056
01b8
0030
3f50
004e
02b8
3ea0
0180
0178
0430
00b0
0080
0030
002c
004d
3fdf
3ff8
3fbb
003d
3d10
3eb4
3e5c
0096
005c
003a
00a4
0038
006c
0038
0023
0015
0042
3fe9
0059
01e8
00d0
0118
3f98
3ea4
00f4
3ae0
3fd8
3fa0
3e50
0354
035c
3fe8
3fbc
0224
3fac
3fe4
019c
0250
3f74
3e54
03f0
0000
00cc
3f34
3fc4
3f62
0062
3f74
3f9c
3fd8
01f4
004c
01a8
009a
005a
0040
3fe6
3fdc
000a
3fac
3f50
005c
3fdc
0082
3f5a
017c
00c4
00b8
00b4
3ffc
00b8
3f70
3ea0
0040
3ef0
3f64
04b2
00fc
0084
3e14
0086
3fc8
3fbc
3e30
3f48
3c18
3b50
0168
0208
3f60
3fbc
3f8b
0031
3fc4
0007
3fbd
005c
3f8c
00d0
3f6c
3fb2
3fba
0012
0030
3fe2
008e
0027
0067
3f18
3f9f
3f79
016c
00d8
0094
0078
0120
3f58
0150
3da0
0248
0820
0174
03e9
3f39
0234
3edc
003f
3fc3
3d44
0180
0014
005c
3cf0
3ee8
3f7c
3f6c
008d
3f5b
0132
3fcb
0007
3fc4
0084
0038
004c
3f79
0002
3f77
3f2d
3f70
3fbd
001b
0006
0015
00df
0024
00bb
3eb4
3dbc
00f8
3eec
0108
3de4
39a0
00e4
3ecc
0180
3eb8
047b
0063
3fdc
0210
3fa9
007d
3e34
3e20
013c
006c
3c60
3e8c
3fa8
3ee4
013d
00bb
0082
3f9b
3fff
3f9c
3ef0
0034
3ebc
3fa9
3ff2
3fb7
0059
0050
0009
3fc9
3f7e
004b
0021
001c
0005
3ff4
0028
3fcc
001c
3fc4
0058
3ea0
3ff8
00a8
3780
0018
03c9
3f63
3f5c
3eb0
00b5
0047
024c
3bb0
3fd8
3f20
00c0
3e78
0040
3e38
3f77
3fb4
3fc3
015b
0060
00fb
0078
00f4
3f84
3f99
3fbf
3fda
3fb3
3fed
3fc6
0077
0026
0051
3f91
3fce
3fc3
016c
0144
0028
0108
0144
3fc4
04a0
3edc
3ddc
3840
3e1c
043d
0091
0360
3e7c
3fd3
3fbb
00b0
03e0
3f00
3d28
3a30
3f14
00b4
3e60
00a1
0025
007c
00d3
3fd9
00fa
3f64
3e8c
00d8
00b7
00de
3fd9
003f
00d4
3f6b
00c9
0076
0053
3f51
3f74
3fdd
0008
0148
3ec0
3ef8
00b4
3e44
0350
3e70
01c0
02b0
3f58
0450
3eee
0098
00d8
003e
3f8c
0188
0850
3ef4
3f5c
3a40
01d0
01a8
0028
00c0
002d
0093
001a
3ff7
0023
3ef8
3e88
0070
3fe2
003b
3fa7
3f5c
0019
3f43
0082
0078
000a
3f78
3f2c
004c
3cf8
3ff0
3d08
3d2c
3ec0
3e6c
3d40
3ef4
3de4
3750
013c
03c2
3ff0
3ea4
034c
0014
3f5a
0034
0010
3f7c
0074
0500
3f94
0174
3e20
0042
0091
3fb1
3fd4
3f23
00b1
3f94
008c
3f08
0010
001f
3ff1
0052
003d
0015
003c
3f80
00bc
3eae
3f58
3f56
0144
022c
3f18
010c
3f10
01fc
0aa0
3fc0
3d30
39b0
3f20
0366
0074
3efc
3d08
3ffa
00ac
026c
3eb0
3ddc
3f8c
04b0
3fa0
3ef8
00a8
3ec8
3fdd
3eeb
00cc
004b
0081
3de8
3f6c
3e7c
0070
0056
001a
3ffe
000a
3ff4
3fec
0079
3f73
0072
0027
004b
00a4
3fdc
00c8
0064
3fec
0078
0090
3e88
3e20
3a20
3f08
035c
009c
3fcc
3f98
00d4
00d0
3ffc
0710
0384
3d94
3c70
3f58
3fc4
3f94
3fae
0030
3f7e
3fe2
0012
3fd0
0200
0200
0000
0038
3f62
00d6
3f7c
3fd4
3fa8
002c
002a
0002
3fe0
0000
3fe0
3efc
01c4
3d38
3f04
3eac
0058
39e0
0090
3f90
02d0
014c
0367
3fad
3eac
026c
002b
0081
0084
0310
0148
3fe0
3ee0
0358
01e0
0178
3fef
3f92
005d
3eb7
3ed6
3fe1
3f44
3fa4
3fa0
3f7f
3fc3
3fbc
0051
000d
0044
3f53
3f82
3fd1
0045
0086
3fbf
020c
0068
01a4
3ee0
3ea4
003c
3900
0460
01b0
3ed0
3fd8
0476
3f9e
3c60
03c8
3f5e
3ffe
0220
0190
0098
0078
0220
3f08
00b0
3e58
3fae
3f92
001c
006e
3f8a
00e4
01d0
00a0
0130
3f3c
3f32
000a
3fe4
3fe2
0002
3fd4
005a
3f7a
3f64
3ffe
3f66
0038
0118
3f20
3ef8
3f20
3fd8
0550
3e58
3f70
3990
3e6c
0445
3e7f
3f84
3d94
0163
001d
3e1c
3f90
03e8
01b0
36e0
3f58
005c
3efc
003b
0008
0033
0031
0056
3fdb
3f04
3f28
3fdc
00e3
007e
0065
0029
0094
3f95
0029
3feb
003e
3ff7
3ff3
0004
001c
01d8
3e44
3ee0
009c
3e44
3f80
3e50
3ff8
3dc0
3f30
0371
0119
02f0
3e98
0091
0025
0120
3f30
0204
3fc4
3dd0
00d8
00cc
000c
0117
00b1
0066
0077
0013
0064
3ea8
3fc4
3ee4
0019
000b
000e
004d
001d
0030
0001
3fd1
0030
0035
3f9b
009a
0190
0080
0110
3f5c
3fe4
3f78
03b0
3f84
3e5c
38d0
3e34
030f
007d
0260
3f04
003f
007d
3eb0
02e0
01d0
3e70
38e0
3e2c
3f80
3eac
000b
0064
3fa7
0033
0038
3ffb
3dc4
3db4
0010
004f
0015
003a
3fb5
0037
3f7e
0103
003e
00c5
00ad
0096
0017
0218
0240
3fd8
0168
0038
0130
3b80
046c
00e4
3e20
3fec
03b4
3f9e
01bc
01ac
3f7e
3fd4
3f54
0690
0098
0060
3bb0
016c
0018
0154
0098
0083
0015
3f42
3fc3
3f7f
022c
0124
0108
3fde
3f71
006d
3f9c
3fad
3fef
3f18
3f7e
3f9a
0006
3fdc
002a
3f94
0040
3f54
3de8
3e8c
3f5c
0420
3ff0
3e78
3e10
3f80
0375
0049
0164
00b8
0031
00a1
3dcc
3a40
0094
010c
3890
3e78
3ec4
3fb4
3fdf
3fbb
0024
3f37
3f7d
3fba
3d58
3e04
3f54
003d
0027
0016
00d5
0035
00a0
00c1
0079
0048
3ef9
3fbb
3f3e
0254
01f0
0064
3edc
00d0
3e0c
09c0
3dd4
00ec
0210
3e70
04cb
3ff1
3ee0
3f20
0047
3fd1
0018
0240
3ec0
3e20
3de0
3ff4
3f48
00ac
0017
0062
3fb5
0047
001c
002b
3d88
3d98
3ff0
005f
009d
3fc2
3fb9
3fd5
3fe4
00a1
00bc
3fe5
3fef
3faa
0045
3dc8
3f34
3e94
3f68
3fd0
3f98
3d60
0338
0018
3dc0
0120
0332
3fea
3ebc
00b0
3f42
3ffa
3e9c
3a90
3fc8
0068
3ff0
3eb8
00d8
3de0
0054
005c
3ff8
3ed4
3f28
3fac
3f68
0050
3f18
3fec
3ffe
3fee
0118
0092
0086
00a2
002a
0078
3ed6
3f46
3f90
00a4
01a4
3f00
3dc8
3f78
3e50
0080
0028
3e10
00f0
01d0
03e2
0032
0058
0070
3fca
00ce
0130
3bb0
3f78
0058
06f0
0120
01fc
3f24
002c
3fbe
006e
3fb0
3fe4
3fcc
3f38
0050
3ee8
0020
004c
3fd4
3fd0
3f76
005a
3f28
3f36
3ff2
3fe0
3fe0
0000
3f60
3dac
01b4
01a8
00c0
00e8
3ba0
0010
3f58
3cd0
01cc
042b
0029
0108
0254
3f47
0009
3fe8
3c80
3f88
0310
01a0
3ed0
004c
3e84
3f33
3f14
001f
3f5b
3f82
3fd9
3ebc
0048
3e74
3f75
3fa5
3fd0
0083
3fe1
00a2
003b
3f94
00a7
00f1
007e
0073
0238
0158
00e0
0238
012c
010c
0670
3d88
3f58
3d70
3b9c
047e
00de
3e30
3ee4
0074
3f34
0070
02e0
3f00
0018
03b0
3da8
3e98
3f10
0010
0016
3ffa
0166
010c
005a
01cc
00e0
00ec
3f50
3fc3
3f8d
0094
007b
0019
0022
3fdd
0045
3f02
3fc1
3f41
02d0
02c0
0010
0108
0174
3f94
03c0
3f70
0058
3fb0
3df8
047d
0047
006c
00e8
3f1f
0039
3f34
0420
3cd0
3fd8
3cc0
3dc0
3f34
3e8c
005b
000c
004f
3e65
3f32
3f33
3e68
3e58
0010
3f83
000a
3f79
004d
0074
3fd9
00dd
3ff9
00e4
002f
008d
3fa2
017c
01b0
3fcc
00b8
0124
3f94
0650
3f4c
0034
3e10
3c04
0402
00f2
0098
00fc
3f3e
000a
00b8
3ed0
002c
0074
0200
3fdc
0080
3f5c
004a
0050
3ffa
007e
3ff6
0088
0004
3fc0
0044
0066
3fe8
007e
3fd2
3f9e
0034
0008
3fdc
002c
3f84
002a
3f5a
0190
0140
0050
0274
0098
01dc
0360
3f04
3ffc
3fb0
00bc
04d2
3fc6
0028
3e64
0012
00ae
03c8
3cd0
3f64
01bc
0b40
3e3c
3f98
3ea4
3f9e
3f6a
0034
00da
3fca
0110
0294
0180
0114
3f96
3fdc
3fba
3fc6
3fe0
3fe6
3f6e
3fd8
3f96
3f72
3fe4
3f8e
01d8
0000
01d8
3f84
3ec0
00c4
3ec0
3f5c
3fd4
07e0
0198
03c6
005c
3e9c
3f58
3f8a
0098
0024
02f0
3e9c
0104
0410
3f44
3e90
00b4
3fc2
3fb1
0011
0072
0009
0069
01f8
00a8
0150
0018
3fe0
0038
0062
0036
002c
3f3c
002f
3f0d
002e
0017
0017
00cc
3f60
016c
3eac
3e68
0044
3da0
3f54
3fe4
0740
3e84
049c
3fce
3d74
01d4
0058
0046
3ee4
0430
3fd8
3ea0
3fb0
011c
000c
0110
0022
0063
3fbf
3f92
0031
3f61
01bc
0074
0148
003c
3ffe
003e
3f0e
3fd2
3f3c
0028
000f
0019
3f56
3fe9
3f6d
3eb4
3ffc
3eb8
00b0
3f7c
0134
38d0
3ef0
0190
08d0
3f18
0422
0092
00c4
3e90
00de
0046
3cfc
3e70
005c
00a4
0000
01e0
00b8
0128
000c
0040
3fcc
3f34
3fe0
3f54
02b0
0244
006c
3fd4
000e
3fc6
3f98
3faa
3fee
3f46
0028
3f1e
3ef2
3f44
3fae
3bcc
3d58
3e74
3f64
3fc0
3fa4
3be0
01cc
0154
0090
3e04
0399
0059
0040
016c
3ff5
0071
3d08
05a0
00f4
0074
3d20
012c
00a0
008c
00ad
0027
0086
3f19
3fb1
3f68
0364
02d8
008c
003b
002d
000e
3ff3
3f6f
0084
3f3d
3fbb
3f82
3f25
3f5d
3fc8
0020
3eec
0134
3b7c
3dec
3d90
3ba0
0354
00b4
05e0
0090
0345
0033
3fec
00a0
3f7b
0071
008c
3f10
3fe8
3ef8
02c0
013c
0044
00f8
3fdf
3fec
3ff3
0079
0052
0027
3f18
00b0
3e68
3fd3
3f96
003d
3f49
3fa0
3fa9
0059
3ffb
005e
002b
3f3f
00ec
3ca4
3edc
3dc8
0388
0290
00f8
00c0
0150
3db0
3af0
0038
0281
3f7f
0028
0010
0087
0021
0090
3c80
035c
0074
00b0
3f90
3fc0
3fd0
3f4d
3fce
3f7f
0047
3fea
005d
00b0
007c
0034
3fe1
3fa4
003d
0127
0108
001f
3fcb
3fe3
3fe8
3f11
3f55
3fbc
0228
01fc
002c
3f54
3f68
3fec
3dd0
010c
0024
0040
00f4
026b
002b
0244
0144
3fa3
3fa7
3ffc
0370
04d8
3f08
3b10
00ec
3fa0
014c
3ec7
3f73
3f54
0077
0049
002e
0144
0024
0120
00a7
0029
007e
3feb
0033
3fb8
001d
0053
3fca
3ef5
3f95
3f60
0004
00c0
3f44
0068
3fe8
0080
0380
3f34
3e2c
02b0
3ebc
0444
0094
3e74
3ee4
00bc
003c
3fc4
0350
0398
3ed0
3d40
01b4
3fb8
01fc
000e
003c
3fd2
3fb6
3ff0
3fc6
3e3c
3e80
3fbc
00a2
3fbc
00e6
001e
0038
3fe6
3ff0
3fce
0022
00c8
0002
00c6
3e94
0044
3e50
0038
3f24
0114
3ff0
0238
3e58
37b0
000c
03a0
00a6
0288
3c64
001a
00a0
3dc0
3c40
0060
00a0
3e50
3f30
0018
3f18
00be
0037
0087
3f88
0035
3f53
00ec
0068
0084
3f4a
3f33
0017
0064
0011
0053
3f50
3fd4
3f7c
3f66
0024
3f42
01e8
025c
3f8c
3da8
3de0
3fc8
3e10
01a8
3fe0
02d0
3cd4
0488
00c0
3fa8
0284
3fb0
3f48
3c70
0660
3dd0
3fe8
38b0
0320
010c
0214
00b2
006c
0046
3f7e
0058
3f26
003c
006c
3fd0
3ec2
3f5e
3f64
005a
0036
0024
3fdc
3ff0
3fec
0000
3fa8
0058
3f48
0034
3f14
3ea8
0054
3e54
02b0
022c
3d54
36c0
3f00
03a8
015a
0180
3e00
003e
3fc8
3e70
39c0
00b4
3f3c
3700
3d04
3dc0
3f44
3fb4
3ff7
3fbd
0046
0099
3fad
3ef0
0128
3dc8
3f7a
3f4f
002b
00d0
0021
00af
013e
0066
00d8
0010
0036
3fda
0130
0248
3ee8
00cc
02d0
3dfc
0000
0164
3f9c
3fa0
0020
0316
00a8
018c
0000
3f9c
000e
0304
3f80
0190
3f10
06b0
3fc4
3e08
01bc
001e
0033
3feb
00cc
00c5
0007
0128
0168
3fc0
0058
3ff3
0065
0076
000d
0069
3f04
3f96
3f6e
0052
002e
0024
3fe4
3f00
00e4
0220
00e8
0138
3dd0
3e5c
3e04
3f90
3eb0
038c
0074
019c
0170
00b6
0056
3ecc
3e80
0460
3e30
3880
3f54
0028
3f2c
00ee
0052
009c
006c
3fb0
00bc
3fc8
0098
3f30
00ae
0019
0095
3f5a
0005
3f55
0000
3fdb
0025
0004
3fa7
005d
3e44
3f24
3f20
3fe8
0050
3f98
3e70
3eec
3dd4
3fc0
0174
040f
3fdb
0068
3fc4
0059
015d
0280
0040
0110
0058
3980
013c
0058
00e4
0069
3fdb
008e
3f7b
3fb5
3fc6
3f0c
3fa4
3f68
000d
3fac
0061
0021
0018
0009
0017
0000
0017
3fbb
3fac
000f
0018
00ac
3f6c
3e88
00c4
3dc4
07f0
3d88
0130
0640
3df0
04c3
00bb
3ea0
0028
3f79
3fc1
0180
01d0
3eb8
3d50
0450
3f98
3fd4
3fc4
3f51
3fb7
3f9a
001f
3ffd
0022
3e00
3ecc
3f34
00a9
00bc
3fed
3f3d
3fc0
3f7d
3fe7
000a
3fdd
0037
0022
0015
3cd0
3d58
3f78
0258
0064
01f4
3b90
3e84
025c
0900
0250
043e
3ef2
3e80
3ee8
00c6
3f1e
3da8
0050
3f98
0308
0370
0294
0168
012c
3f2c
3f14
0018
0068
005e
000a
00c0
018c
3f34
000e
004a
3fc4
00fa
003c
00be
3fb2
3fce
3fe4
3f4e
3fb0
3f9e
3f40
3f34
000c
3ea0
3f80
3f20
3c80
3e2c
00fc
07c0
003c
0480
0082
3fb4
3be4
006a
3f7c
3e44
3f60
0060
3d30
39a0
019c
0004
0198
3ffc
0003
3ff9
00ee
0131
3fbd
0154
01b8
3f9c
0092
3ffd
0095
0038
0057
3fe1
3f5e
3fd6
3f88
0068
3fa6
00c2
3d6c
3de4
3f88
00c0
0118
3fa8
0860
3e60
3dc0
0820
3ecc
0489
0075
3ed8
3f9c
3fc3
00e7
3fd8
3d60
3eb4
035c
06e0
01f0
3fb0
0240
3fb7
3ff5
3fc2
3f4d
3feb
3f62
3e8c
3f14
3f78
003b
0062
3fd9
0017
3fe6
0031
3ed1
3f88
3f49
3fc5
0034
3f91
3f08
3e88
0080
3eac
3ec8
3fe4
01f0
004c
00d4
0410
000c
03fd
00e1
3f60
3cac
00ef
3fd3
3d00
0730
009c
3c34
3ca0
3f54
3ef0
0064
3fdb
000d
3fce
002d
0093
3f9a
011c
3f8c
0190
0021
000e
0013
3f99
3fea
3faf
3ee3
0010
3ed3
3fc3
3fe0
3fe3
3ed8
3f40
3f98
3f1c
3ec0
005c
0160
3e64
3fe4
0200
0004
030c
003c
0154
018c
0168
3fcc
3d4c
0040
0004
00bc
3b00
0054
0114
3f40
00be
001e
00a0
3f8e
3f68
0026
3db4
3e68
3f4c
0086
006c
001a
00aa
002a
0080
009a
007e
001c
007a
0038
0042
3f84
3fe0
3fa4
3e7c
3ee0
3f9c
0090
3ff4
012c
3f40
3f64
042a
0088
002c
00fc
3ed8
3fa6
0164
00f0
3fcc
022c
0210
3e34
3e20
0014
3fe4
0053
3f91
009a
0099
0001
0054
3fa0
00b4
3ffa
0019
3fe1
0074
3fcf
00a5
00c4
0060
0064
3fce
3fc4
000a
013c
00b0
008c
0034
00f4
3f40
3e00
00d4
3fe4
3bc0
00fc
0426
3fd4
3da4
3edc
001a
0098
01a4
3bf0
3e70
0330
04b0
00fc
015c
3fa0
3f18
3fa9
3f6f
0048
0009
003f
004c
00fc
3f50
3fba
3fc0
3ffa
3fbc
3f52
006a
3fc8
0053
3f75
3f46
3f7b
3fcb
0114
00cc
0048
01a8
0150
0058
01b0
005c
009c
0770
3e20
0310
3fbe
0068
00a0
3f38
00e2
01c8
04d0
01fc
3eec
0150
009c
0064
0038
0086
00bb
3fcb
00a6
0011
0095
3e90
3e30
0060
0070
0026
004a
008e
008a
0004
3fd4
0029
3fab
3ffa
3fef
000b
3fc0
3f08
00b8
004c
3f94
00b8
3aa0
3edc
00c4
00a0
00fc
02bb
3fbd
01ec
0404
00df
3f95
3f8c
07b0
0068
0268
01a0
00d4
0068
006c
0007
000a
3ffd
3eab
3f30
3f7b
012c
00e0
004c
3fa9
3fff
3faa
000b
3fc7
0044
002f
002a
0005
3f49
3f88
3fc1
3fcc
0064
3f68
3c48
3de0
3e68
3af0
3fb4
024c
0860
3f70
0430
3f94
3f78
01b8
0088
3f28
3d88
0810
3ff0
3ec0
3950
0124
3ec0
0264
3fbe
3fc2
3ffc
3f92
0034
3f5e
0188
0114
0074
0056
3ffe
0058
3f8a
3f98
3ff2
3f3e
3fca
3f74
3fe2
0088
3f5a
3df0
3f50
3ea0
3e70
3e90
3fe0
0320
0258
3ed8
3cb0
3f1c
0341
00d9
3f64
02ac
3f9f
3ff7
0054
0020
0318
3f10
3970
3fb0
3e80
0130
3f61
3ff3
3f6e
3f43
3f95
3fae
3d0c
3e64
3ea8
0065
3ffa
006b
3fd5
3fb2
0023
00c1
009a
0027
005d
000a
0053
3e04
3f9c
3e68
3e28
3f34
3ef4
3fb0
3f00
02e0
3f00
3e2c
0415
3fd7
0138
3fd4
3fbb
3f19
3ef8
01e0
001c
3ecc
3ed0
3fe0
0050
3f90
0177
0076
0101
0095
00b2
3fe3
022c
00e0
014c
3fd7
0038
3f9f
3f3d
3f3c
0001
3f3f
3f93
3fac
3fed
3fd1
001c
0000
3f08
00f8
3d3c
3ed4
3e68
0270
000c
0144
0260
3ff4
038c
3f2a
3ff0
032c
3f6e
3ef4
3fc8
0200
3f48
3f68
3c10
0184
0120
0064
0114
0051
00c3
3f9a
3fb3
3fe7
3e3c
3df0
004c
0092
0049
0049
0054
3ffb
0059
00ba
006a
0050
3f80
3f92
3fee
3fa0
008c
3f14
3e48
3fc0
3e88
0330
3db8
0190
3d20
3f04
050e
00b4
00ac
0264
00be
3e70
3edc
00c0
00f0
0098
02b0
3cb0
3e1c
3e94
0066
002f
0037
0026
0019
000d
3edc
005c
3e80
3fe2
3fde
0004
0024
3faa
007a
002c
0029
0003
0066
006f
3ff7
019c
3fc4
01d8
00c0
3fcc
00f4
3b80
3ea0
0120
0170
0270
03e6
005a
00b4
02a0
3f24
3f78
018c
07d0
3e34
3e04
0000
0030
00b0
3f80
3f8a
3f88
0002
3fc4
3fea
3fda
0280
00d8
01a8
0018
00c1
3f57
3fa0
3fb1
3fef
3fbc
3fd7
3fe5
3f14
3f6f
3fa5
3f0c
3ef8
0014
3e74
3e94
3fe0
3ea0
3ebc
020c
3fa0
0258
02b8
0018
008c
3e68
3ffa
3f66
007c
3a30
00e8
0018
01d0
3d8c
3ef4
3e98
3fd8
3fce
000a
0066
0022
0044
0000
3f98
0068
00e2
00af
0033
009e
002d
0071
0000
3fb9
0047
3f1c
002b
3ef1
01bc
0074
0148
3fb8
3fb0
0008
01b0
3dd0
3e00
3ef0
3f18
04e0
0034
3fb8
0150
0022
3f52
3c78
0550
3f88
3dc8
37e0
3f28
00a8
3e80
3f8a
3f3e
004c
3f8c
0032
3f5a
00c0
005c
0064
3ffa
0025
3fd5
000e
0007
0007
003e
3ffb
0043
3f5a
3fe5
3f75
00b0
0100
3fb0
0040
0180
3ec0
3e60
3fe8
01c8
02b0
0080
0454
001c
3f78
3f90
006a
3f72
3fe0
3fc0
3e88
00c8
03c0
01a8
0178
0030
3faa
3fa4
0006
3fe0
000e
3fd2
0178
01c8
3fb0
3ff6
0031
3fc5
3fae
3f65
0049
3fb4
3f99
001b
3f78
3f49
002f
3ce0
3dbc
3f24
3fe0
3f68
0078
03c0
3f3c
01f4
0a00
3c58
04bf
003d
3ebc
3ec8
005f
0085
3e9c
0280
00a0
0010
0980
0154
0078
00dc
3f6b
3fd6
3f95
3fa3
0022
3f81
3f00
0060
3ea0
0119
008d
008c
3fdf
3fc7
0018
3fa9
3f50
0059
005f
003c
0023
3fcc
3dcc
0200
01d0
3f70
0260
0220
0250
3ff0
3f60
0030
03c7
0025
0000
3f50
3fd9
00ef
00b0
04c0
0074
3e2c
01d0
3f88
3ef8
0090
0075
003c
0039
0067
0002
0065
0108
3e78
0290
0067
0036
0031
3eb9
3fd8
3ee1
3ff9
0021
3fd8
0063
0061
0002
3ed8
3f68
3f70
0014
0018
3ffc
3d40
3fb4
030c
0a10
0174
03ee
3f48
3d7c
3e8c
3fa8
0122
3f24
39d0
023c
0244
3d20
3f0c
3e78
0094
3fbe
3ff7
3fc7
002c
0099
3f93
3f84
0058
3f2c
0016
3faf
0067
3f60
3f45
001b
000a
3fe6
0024
3fbc
3ff6
3fc6
00f4
0000
00f4
0064
0118
3f4c
0080
0178
3ee0
03f0
00c4
04bc
3f88
0004
00f4
3f54
0014
002c
3de0
000c
3fc4
0030
0058
3ed4
0184
0088
0070
0018
3fe0
3fb2
002e
3d34
3eac
3e88
3fb8
3f56
0062
3ff8
0068
3f90
00b6
0088
002e
00f6
0072
0084
3fc4
00b0
3f14
3fa4
3f38
006c
3fc0
3ec4
3fcc
3cc0
009c
0503
000b
3d2c
0074
006f
3f5b
0014
0250
3d8c
3ecc
07a0
3ee4
3ed8
000c
3f87
0007
3f80
3f6f
3fbd
3fb2
3e0c
3e78
3f94
3feb
0015
3fd6
00af
00ab
0004
00a1
004d
0054
0171
0093
00de
019c
0080
011c
010c
00e4
0028
39e0
02a8
3f30
3b70
3df8
0435
0011
0168
0190
3fc1
3ffd
3ea0
0360
3e68
00d8
3c00
3e38
3f4c
3eec
0033
3ffb
0038
0027
0033
3ff4
0150
0104
004c
3fc1
3f93
002e
00b5
00e7
3fce
00af
00b9
3ff6
3f2f
3f8d
3fa2
3f00
000c
3ef4
3e60
3fd8
3e88
01d0
3f38
0040
05a0
3ed8
045c
0084
3d10
3f38
0060
3fbc
3e28
3fc0
0014
3e8c
0030
01a0
3fac
01f4
3ffc
004c
3fb0
0088
00ee
3f9a
0250
0118
0138
0094
006e
0026
3f5c
3fac
3fb0
3ffa
3fda
0020
3fee
3fd4
001a
3e48
3f3c
3f0c
0044
0130
3f14
0600
030c
3d24
01c0
00d0
040f
003b
3f2c
3e18
3f7d
0085
00ac
3b60
3fc8
3fc8
0190
3e9c
3da8
00f4
3fd5
3fcd
0008
000b
005d
3fae
3ce0
3e6c
3e74
3f79
3f38
0041
00bd
007e
003f
017d
011e
005f
0021
3ff4
002d
005c
00f4
3f68
00a8
0260
3e48
3c50
3d4c
037c
0650
0094
03f4
3f04
3e94
3ed4
005e
0016
3fa4
0230
0250
0060
3d70
0024
00dc
3f48
3fc2
3ff4
3fce
009c
0082
001a
02c4
0194
0130
0058
0017
0041
3ed4
3f33
3fa1
3ff2
3fcd
0025
3f4a
3fb5
3f95
3cbc
3f44
3d78
0120
0040
00e0
3660
02b4
0174
3db0
0078
0399
0003
0098
3f00
0059
00b3
3ef8
00d0
00d8
01c0
3b00
3ff4
3f8c
0068
00b7
003a
007d
3fd7
3fd6
0001
02c8
01b4
0114
3ef3
3f79
3f7a
0009
3f9b
006e
3f71
004c
3f25
0063
0024
003f
3eb0
3f90
3f20
3ed0
3e74
005c
3e00
026c
0044
0080
0100
03e8
0070
0018
01f0
3f08
0064
3e48
0140
3f68
0030
3f80
00dc
01a8
3f34
3f84
3f52
0032
3ea4
3f40
3f64
3e40
3ee0
3f60
3f62
3fc6
3f9c
005e
0020
003e
3fa0
3fe2
3fbe
3f5c
0034
3f28
0210
0138
00d8
3de8
3ec4
3f24
3d80
00d4
3f94
02f0
3f94
035b
0013
3eec
010c
008f
3fc7
3fd4
02c0
0038
3fc0
02c0
0144
003c
0108
0029
002b
3ffe
3fc9
3f63
0066
019c
0220
3f7c
00eb
0095
0056
3feb
3ff5
3ff6
3f69
3f97
3fd2
0015
3f7f
0096
3ffc
3f80
007c
3fd8
3ee4
00f4
0340
0104
3d1c
3fe0
3e38
040d
0123
001c
0190
3fe1
002f
3de4
3eb0
0188
0080
3b00
3f5c
00a8
3eb4
3f2f
3f76
3fb9
3f4f
3f7e
3fd1
3e98
3ff4
3ea4
3fdd
3f73
006a
00df
007d
0062
00b3
0084
002f
3f4d
3f78
3fd5
002c
00f0
3f3c
3c90
3f4c
3d44
0510
3fec
3f9c
03c0
0180
03ac
3f30
3f10
0050
3ff0
3fd4
0130
00f0
3f5c
000c
0a80
032c
016c
01c0
3f8e
3fa2
3fec
3f8e
3f92
3ffc
3ed0
3e38
0098
3fe6
3fdc
000a
0026
0078
3fae
3ecc
3fca
3f02
0060
005e
0002
01a0
0068
0138
011c
3f1c
0200
0550
0204
3e8c
38c0
3d9c
037c
0092
0080
3e94
005a
0078
0168
3ee0
0318
3db8
3410
3ff4
00e8
3f0c
3f62
3ffb
3f67
0000
3fbd
0043
015c
00c8
0094
3fc8
3fe7
3fe1
3f76
3ff5
3f81
0026
0016
0010
3e18
3f16
3f02
3d28
0004
3d24
3f48
3f60
3fe8
0250
01ac
3ee4
36f0
3d28
0426
3fb2
03ec
0168
3ff8
3fd4
006c
3ca0
015c
0164
3750
3f44
0020
3f24
01d6
00b6
0120
3f20
3f5c
3fc4
3fb0
0058
3f58
3f2c
3f25
0007
3f58
3f61
3ff7
0050
0011
003f
0078
002d
004b
3f4c
003c
3f10
3df4
3fc0
3e34
3dc0
00ec
002c
01f0
3ed8
03ed
3f3f
3eb8
0218
3f87
0009
3da0
00b0
0220
3e48
3530
3f1c
0094
3e88
3fcd
3fc8
0005
3f23
3f6e
3fb5
3ea8
0000
3ea8
017b
0070
010b
0041
0036
000b
0033
3fcb
0068
3f25
3fd3
3f52
3ee8
00bc
3e2c
3f00
3eec
0014
3d20
0194
01fc
0520
3f48
032d
3fab
3bb0
00e8
3f95
3fe3
00c8
0370
3f50
3fc0
06e0
00e4
0018
00cc
3f8b
00a0
3eeb
0063
3fe8
007b
0280
0120
0160
3f8f
3fff
3f90
3fa1
3fcd
3fd4
3f11
3f94
3f7d
3fcf
3fa0
002f
3e70
3ecc
3fa4
3fa0
3e48
0158
0090
3f90
0140
0260
0270
0402
3f14
3fe4
3f10
0076
0004
0044
3960
008c
0134
01f0
0260
0078
01e8
3fac
3f7b
0031
0038
0075
3fc3
3f58
3e48
0110
0042
0050
3ff2
00bc
0098
0024
3fca
0051
3f79
3f9c
3f37
0065
3e1c
3e64
3fb8
0194
0218
3f7c
3ae0
0078
3e28
00b0
3ddc
0483
001b
3f20
0154
3f01
0005
3f90
0470
3ff4
3f74
3b60
0170
0068
0108
0013
011b
3ef8
3ff9
001f
3fda
008c
3fd0
00bc
0095
002a
006b
008d
0078
0015
0017
000a
000d
3f5b
0008
3f53
0010
3ff8
0018
3f1c
3ecc
0050
05d0
3cec
3f5c
3c90
3f3c
051e
3fe4
3fcc
3fc4
00a0
3fea
3f94
3df0
3e78
3e18
38e0
006c
00f4
3f78
009a
3fa5
00f5
3fa0
3ffd
3fa3
3cac
3d38
3f74
0074
008f
3fe5
0012
0063
3faf
004a
0058
3ff2
0054
0016
003e
00b4
00d8
3fdc
3db8
00e8
3cd0
3f10
00a8
3f68
0640
0170
02e7
0017
3ef8
02b0
3f93
3fe3
0020
0330
3f90
00c8
3c50
0170
3fe0
0190
3ffd
0087
3f76
3f89
3f9b
3fee
3fc8
0078
3f50
0063
0009
005a
3faf
3f75
003a
0075
003b
003a
007d
0043
003a
3e00
3f4c
3eb4
3f58
3f74
3fe4
3c70
039c
0074
3c20
0110
02d2
0044
031c
3f30
0036
3f5c
3eec
0200
3f28
3f20
3bd0
004c
00c8
3f84
00d6
0077
005f
3fde
0025
3fb9
0358
01e8
0170
3ee2
3f8a
3f58
3f48
3f92
3fb6
0000
0003
3ffd
3f4a
3fa9
3fa1
3e24
3f4c
3ed8
3fb0
0054
3f5c
0030
0110
0020
3b20
0030
0408
0030
0154
3f20
0066
3fb6
00dc
3960
3f88
3dd0
3d10
3ce8
3e58
3e90
3f96
3f50
0046
0058
0052
0006
3fd0
0180
3e50
3ee8
3f2b
3fbd
3ff8
0013
3fe5
00d2
0031
00a1
0006
001d
3fe9
02f4
0268
008c
01f8
0194
0064
0510
3d38
3fe0
05a0
3cc4
0490
0252
00f0
3ee4
00a8
3f86
3f90
02c0
0100
3c30
0010
0108
0034
00d4
3fd6
0021
3fb5
3fc2
3fb7
000b
3f94
00ac
3ee8
0052
0032
0020
3fa4
3f8e
0016
3f7a
3ffd
3f7d
3ff4
3fcb
0029
3d38
3df0
3f48
0028
3f50
00d8
0340
0054
015c
0810
010c
03a3
3fef
3d78
3dec
00ff
3fb7
3e38
0480
00fc
0004
0230
015c
3fb8
01a4
3f27
3f81
3fa6
3fff
0087
3f78
024c
009c
01b0
3f91
3fa5
3fec
3f81
3f97
3fea
0003
3fb7
004c
3f17
3f61
3fb6
0158
0160
3ff8
00dc
00c0
001c
0640
0158
3be8
3760
3e58
035b
3fe5
3fb0
3e80
007d
00bf
0208
06d0
3f4c
0024
0100
3ef8
3eb8
0040
3fd7
00a6
3f31
0085
0020
0065
3ff0
3e64
018c
3f69
3f7c
3fed
3fdb
0052
3f89
0009
0031
3fd8
3fc7
005d
3f6a
3f80
004c
3f34
004c
3f78
00d4
3f40
3f5c
3f44
0540
00b8
03e9
3fd7
3fec
0190
3faf
3f81
3fdc
37a0
0278
0238
0050
038c
0288
0104
0007
3fe4
0023
3ff5
3fb4
0041
3c90
3e2c
3e64
018b
00ca
00c1
0051
004e
0003
3f7b
0015
3f66
0011
3f7b
0096
3c94
3e7c
3e18
0008
3fb8
0050
0450
014c
3c94
0000
3f24
03c0
0032
004c
3de4
3f64
0122
000c
3f10
022c
3f44
3d30
3edc
3f28
3fb4
3fb6
008b
3f2b
003e
001d
0021
3eac
3f9c
3f10
3fdc
3fa6
0036
001a
002a
3ff0
0040
3f75
00cb
000a
3fe7
0023
00b4
00b4
0000
025c
00f8
0164
3ea0
006c
3d04
0060
3e4c
0450
0000
01b8
0244
3fe6
006e
3fd8
3f30
3ec4
3e2c
3940
3f94
3ed8
00bc
0142
0094
00ae
3f84
3f96
3fee
3efc
0030
3ecc
3fee
3f8d
0061
3fae
0039
3f75
0088
0083
0005
00dc
003b
00a1
3d90
0018
3d78
003c
0038
0004
06c0
3e84
008c
3eb0
3ea8
0482
3fa8
3f64
3c78
00a4
0106
3f1c
3d00
01a4
0104
3e60
3e9c
3eb8
3fe4
3ff8
003b
3fbd
00c2
008f
0033
3f30
3f40
3ff0
0078
0073
0005
0006
0003
0003
0028
3f84
00a4
3fe2
3fea
3ff8
027c
01c8
00b4
0294
01c4
00d0
3b20
02e8
0308
3b00
0190
02c2
3efe
3fd0
3ea0
0006
00a2
0178
3a30
0248
0380
01a0
3f68
0068
3f00
0038
0058
3fe0
0088
000c
007c
0208
0128
00e0
3fbc
3fa4
0018
3f78
3f6c
000c
00c6
0044
0082
3f26
3f44
3fe2
3e90
007c
3e14
3ed8
3f94
3f44
3700
0344
037c
0310
0048
0383
008f
3f90
0128
3f33
3fa7
0098
00b0
3fc8
3e98
0590
004c
0008
0044
3f23
3f71
3fb2
0107
002d
00da
00e0
0100
3fe0
3f6b
3fbd
3fae
3e97
3ef9
3f9e
3fff
0011
3fee
0013
004d
3fc6
0030
3ea4
018c
0150
00c8
0088
0470
3ea8
3eb0
3c50
0000
0368
010e
02a8
3d98
0094
0012
00c0
3f20
0234
3f1c
3e60
00b8
3fcc
00ec
3ff6
005b
3f9b
003a
3ff3
0047
3dd8
3f44
3e94
008e
0036
0058
3ff0
0004
3fec
006c
000b
0061
00e2
3fdf
0103
3ef8
3f3c
3fbc
3fb4
0028
3f8c
0100
3fec
01fc
3e50
3e74
039c
3f0a
00cc
0064
000e
3f70
3f34
0240
3f7c
02b4
3fb0
00b4
3f1c
0198
004e
0093
3fbb
3fd8
0047
3f91
000c
011c
3ef0
3fe4
3f77
006d
00ce
0093
003b
004c
0040
000c
0056
3fc2
0094
3f0c
00c8
3e44
3fb4
0038
3f7c
0020
02ac
3fb4
3ba0
3f7c
04cf
0047
017c
017c
3f37
3f7b
0104
3cf0
3da8
3ff8
3fc0
3e2c
3d68
00c4
006f
0051
001e
0057
0017
0040
3d64
3ecc
3e98
3fff
3fbf
0040
3f7b
3fa9
3fd2
0001
00bb
3f46
0095
0011
0084
3d6c
3e58
3f14
3f38
3f40
3ff8
01d0
3f84
008c
3cd0
3f38
03c4
3f82
02b8
3e90
00fa
3f58
3f38
0670
3f74
3c34
3b50
3e2c
3d28
0104
007c
0031
004b
0096
005b
003b
0290
0044
024c
3f52
0045
3f0d
3f5c
3fd7
3f85
3fda
0016
3fc4
0130
00c6
006a
00c0
3ed8
01e8
022c
0114
0118
0480
0064
3d74
3910
3f48
0450
0080
01fc
3d80
3f54
00b8
02e4
05c0
3f9c
3d74
3f50
3f94
3ecc
00c8
3fc6
3ff2
3fd4
017a
00fc
007e
0280
00c4
01bc
3f36
3f2e
0008
3fde
0010
3fce
3ff6
0038
3fbe
002a
0056
3fd4
00ec
0170
3f7c
029c
0160
013c
3e90
002c
0094
3be0
3e74
03ea
0022
02dc
0124
3fa2
3f52
3f54
0340
001c
003c
00e0
3ffc
00f0
3f0c
0020
0010
0010
3f40
3f58
3fe8
3dc4
3eac
3f18
0136
00c0
0076
3f72
3fac
3fc6
3ff0
3fb4
003c
0014
00a8
3f6c
004c
0058
3ff4
3ffc
3ec4
0138
3aa0
3e54
0134
0510
006c
0428
3fe2
3f24
3dc4
3fe2
0078
015c
39d0
016c
3ffc
0360
3fe4
0124
3ec0
0050
0005
004b
00aa
0039
0071
029c
0178
0124
3fec
0001
3feb
3f96
3f85
0011
3fca
005a
3f70
3ec0
3f00
3fc0
3df4
3e00
3ff4
3f84
0024
3f60
3f00
3fe8
0150
0060
0064
0389
3f51
00d0
02e4
3fd1
3f75
0010
00b0
02c8
3db8
3c30
3e88
3f54
3f34
0011
3ff7
001a
3efd
3f49
3fb4
02ac
018c
0120
3fbf
3fb3
000c
3ea3
3fcd
3ed6
3fc1
0009
3fb8
004d
0047
0006
3f90
3fc0
3fd0
3df0
3e60
3f90
0610
3eec
3f34
0330
3ea0
03fe
3fd6
3e00
00c8
0152
3fc6
3db8
3900
0204
022c
0150
3bc4
3dd0
3df4
008c
0066
0026
001c
3fcc
0050
3c48
3dac
3e9c
3fa0
3fa8
3ff8
0080
3ff6
008a
0084
0042
0042
00bc
00e0
3fdc
0258
00bc
019c
3f9c
3fe8
3fb4
3760
0118
3f28
02b0
0094
03ee
3fc0
3f4c
018c
3fe6
0004
3e74
3e30
3f24
020c
0170
00c0
0160
3f60
3fb8
3ff7
3fc1
3f3c
3f41
3ffb
00cc
00e0
3fec
3fbe
0040
3f7e
3fc4
3fac
0018
00f6
00a1
0055
3f8c
0057
3f35
001c
3f78
00a4
3cf4
3dd8
3f1c
3e80
3fa4
032c
02c0
017c
03a6
3ee4
3ef4
3d94
3f54
3fa2
009c
3bd0
0024
01b4
3d40
002c
0018
0014
3f84
3f61
0023
0032
00bf
3f73
3ff4
0038
3fbc
0092
0015
007d
3f60
3fd7
3f89
0018
0018
0000
3fe2
3f84
005e
3c94
3ea0
3df4
008c
021c
3e70
3ef0
3bec
014c
0630
0224
0439
3f17
3f20
3e8c
015d
0053
3f38
0160
3f54
3fdc
3f40
007c
3f64
0118
0071
0038
0039
3f99
3f98
0001
00a4
0020
0084
0077
008d
3fea
3f7d
3feb
3f92
3f4f
3fce
3f81
3fa5
3fd2
3fd3
0048
3fa4
00a4
3e9c
3f38
3f64
3f70
3fb4
3ffc
3d90
012c
040b
3fc5
3f70
02d4
3f6b
3f35
3f18
3900
3f24
3ec4
0200
00cc
0180
3f4c
3f9f
3fce
3fd1
3f0b
3f52
3fb9
3e1c
0018
3e04
0077
0021
0056
3ff5
0063
3f92
00d3
0028
00ab
3fc5
3fa4
0021
3f50
3fd4
3f7c
0104
019c
3f68
0290
00a8
3f40
3710
0094
0350
3f60
02c4
3cf4
0006
0066
0034
3f10
015c
3ebc
3b10
3d98
3f6c
3e2c
0034
3fc4
0070
00a2
004a
0058
3e8c
3e8c
0000
00c6
0061
0065
00aa
00cd
3fdd
3fb6
3ffb
3fbb
3ff2
3feb
0007
002c
009c
3f90
0194
0104
0090
0420
3d14
00ec
0440
3fa8
049b
3fb1
3e04
3ee8
0061
3e67
3ebc
3ed0
3ee4
3f4c
00c0
3fbc
3f38
0084
3fa1
0022
3f7f
0123
011c
0007
0118
00d8
0040
00a3
0020
0083
0085
0032
0053
008d
004b
0042
0073
0013
0060
0254
0120
0134
0234
0208
002c
0490
0130
0150
3d30
3ed8
03c8
3fa0
0034
3ea8
004e
3fce
3e14
0180
3fac
017c
0190
3db0
3df0
3fc0
0086
006c
001a
3ff8
3fd6
0022
3f98
3de8
01b0
3f7e
3f9b
3fe3
007a
0053
0027
0060
3ffb
0065
00c8
016b
3f5d
054c
028c
02c0
0044
3ea4
01a0
01e0
02cc
3fac
3b00
3f8c
03f1
3f8f
3ea0
3eec
000d
00c3
02b0
39a0
0000
0140
0230
3e94
3fd4
3ec0
00b5
009e
0017
3fbd
3fca
3ff3
3fc4
3fbc
0008
3f2d
3f89
3fa4
3fa7
3fa3
0004
00d1
0072
005f
3ecf
3ffa
3ed5
0060
0098
3fc8
3e30
3f18
3f18
0370
00f4
3f0c
3820
3f9c
03e1
00b1
0438
0024
3fcb
3fcf
0090
00e0
3ed8
3c48
3960
3edc
3f10
3fcc
00a9
00b1
3ff8
0047
3fe1
0066
0014
3f38
00dc
3fe3
3fce
0015
3f47
0004
3f43
3fe5
0032
3fb3
0075
3fb4
00c1
3dd8
3f2c
3eac
0148
0020
0128
0060
00a4
3d0c
3c70
3f20
03d0
3fda
3ee0
3f70
002e
00c8
3fe0
3b70
0124
0194
3c50
0064
0060
0004
0048
000d
003b
000a
002f
3fdb
3e60
3eb0
3fb0
3f4a
3ff1
3f59
00a8
00a7
0001
0032
3fd2
0060
3fc0
3fd2
3fee
01d0
0110
00c0
3ebc
3fe4
3ed8
03a0
0094
013c
3dc0
0288
038c
3ee2
0078
3fd0
3ffa
3f2c
3f40
0460
3edc
0054
3f90
3f5c
3f48
0014
3ff0
3fc9
0027
0022
0009
0019
3ff0
3f5c
0094
3fb4
001d
3f97
00ca
3ff1
00d9
0012
0008
000a
3ef8
3fbe
3f3a
0290
00f4
019c
002c
3f60
00cc
3860
0124
0114
0210
00c8
03fb
3fbd
3ff4
3ef0
3f53
3ff5
3f64
3c60
3e70
0140
3dd0
00fc
3f5c
01a0
0043
0004
003f
3fe3
009c
3f47
0050
0104
3f4c
00c7
00bb
000c
3f69
3fdd
3f8c
3fa7
0000
3fa7
0019
3ff8
0021
3fac
002c
3f80
0038
0160
3ed8
3ec0
007c
0094
04d0
3f84
040f
3fa5
0094
01d4
3f99
3f3f
3f1c
0650
3edc
0034
0620
021c
0148
00d4
003b
3fe2
0059
3ff9
002c
3fcd
3e2c
3f84
3ea8
006d
0012
005b
00a7
3fd4
00d3
0071
0011
0060
3ffb
3fe5
0016
3ffc
3f00
00fc
0014
3ff8
001c
3cc0
0058
3f78
3a20
3fa0
0436
3f42
3f70
01f8
3f20
3fc4
02a8
3ea0
01ac
3fdc
3e60
00a8
00c0
3fe8
0088
00b2
3fd6
3f4a
3f80
3fca
0058
3f2c
012c
0036
0001
0035
3f62
000d
3f55
00b8
0009
00af
3f84
3fb9
3fcb
3ee8
009c
3e4c
3df4
3f5c
3e98
08f0
0064
3ab4
3c70
3e5c
03f5
00fb
00ac
003c
3fcf
016d
01a4
3bd0
3e90
01b8
05e0
3fe4
3f74
0070
0091
000c
0085
3f27
3f76
3fb1
3b44
3d8c
3db8
0023
0012
0011
0159
0084
00d5
0027
000b
001c
005d
0037
0026
0094
0008
008c
0108
009c
006c
3e10
3fc4
00a4
0400
0014
03c5
3f3f
3e0c
3fb4
3fb7
3f35
003c
3980
0174
014c
0090
00d4
0164
3f70
3f59
3f78
3fe1
006b
0020
004b
002c
000c
0020
000d
0018
3ff5
3ff3
3ff8
3ffb
019b
0091
010a
3fa1
3faf
3ff2
3f6c
002c
3f40
3fb4
0170
3e44
3970
3ec0
0198
0800
3f38
04d6
0012
3d28
01a8
3fac
3fa8
0040
0690
3f98
3e60
03c0
0180
014c
0034
0034
007c
3fb8
002a
000a
0020
02e8
00e8
0200
0038
0021
0017
3edc
3fa5
3f37
3fd6
3fd3
0003
3ff6
3fdb
001b
3de8
3ecc
3f1c
3f18
3f3c
3fdc
3d80
3edc
025c
0440
3ee0
03b9
00a7
01ec
3f40
00c7
3fad
004c
3eb0
031c
3dec
3900
3f7c
3e54
0128
004f
00b4
3f9b
008d
004e
003f
0258
0140
0118
3f7f
002a
3f55
3ee5
3f6c
3f79
0035
003d
3ff8
0037
0009
002e
3e74
3f34
3f40
3fbc
3f84
0038
0660
3e74
3f24
3e00
3dd0
042f
0041
3e64
3ec8
3fdd
0013
00ac
0040
3ee4
0084
0490
3ff4
3f14
00e0
0057
00a8
3faf
003d
00e8
3f55
3f08
0034
3ed4
3fc3
3fd6
3fed
00a1
0012
008f
0009
0051
3fb8
3feb
3fd7
0014
0164
0148
001c
3e84
3f04
3f80
3ec0
3f78
0330
0610
0108
038e
3f6e
3ee4
01a8
001a
3f3a
3d84
3940
0314
3f24
3a40
0108
018c
3f7c
3fd6
0012
3fc4
3f6e
3fd6
3f98
3bd8
3e90
3d48
016c
00ba
00b2
0000
3f82
007e
0068
0016
0052
3f64
3fb6
3fae
0024
002c
3ff8
3e1c
3f24
3ef8
3cb0
3fac
0034
3de0
005c
0448
3ffc
3f4c
3f5c
009a
3fea
01ac
0260
3fc0
3f28
3c80
3f9c
0020
3f7c
0110
00a2
006e
003e
0006
0038
0214
3ff4
0220
3f46
3fe3
3f63
006e
00b5
3fb9
00b0
0051
005f
3e3c
3ee3
3f59
3fdc
010c
3ed0
3dd0
3efc
3ed4
3930
3f80
0300
3be0
0190
0438
3fb4
3f0c
3e18
00e6
3ffe
008c
01f0
01c8
3f00
3e40
3f60
0058
3f08
3fe0
3fcc
0014
0076
3ff4
0082
03e0
0214
01cc
0058
0055
0003
3f90
3faf
3fe1
3fc6
008b
3f3b
3f06
3f29
3fdd
3e54
0094
3dc0
3f60
3f94
3fcc
02d0
016c
00e4
0020
3fac
03b6
3fb2
3ff4
3e4c
0004
004c
3de4
3800
01ec
00b4
34d0
3e74
3e68
000c
002a
0062
3fc8
3f04
004e
3eb6
015c
01ec
3f70
0066
3fab
00bb
0042
3fbd
0085
0064
0071
3ff3
3fd0
3f93
003d
3f14
000c
3f08
3e6c
0180
3cec
0360
0004
3fe4
01c0
3ef0
03b0
006c
019c
3c58
008c
0078
3fc4
01b0
0084
3f0c
3f20
0164
3f84
01e0
003a
00ac
3f8e
0072
009c
3fd6
0188
003c
014c
0052
001e
0034
002e
006a
3fc4
3f14
3f80
3f94
3f50
3fd8
3f78
3fd4
0018
3fbc
01cc
3f70
025c
0340
3dd8
3ed0
0350
006c
03d3
3ff7
3e24
3f74
0067
00b7
017c
3df0
0380
3ee0
3c80
3e70
3df4
007c
004d
00d3
3f7a
0049
0035
0014
01c4
3fa8
021c
0047
0005
0042
3f9b
004f
3f4c
3fb3
3fe5
3fce
3fa3
001b
3f88
00c4
0140
3f84
0080
3f70
0110
03e0
3f54
019c
04a0
3e78
050a
3f7a
3e8c
3e48
00fc
0050
0104
02a0
3fb0
3fc0
3e60
00c4
3f90
0134
0042
009e
3fa4
0024
3f86
009e
3fd8
3fd8
0000
3fa0
3fd3
3fcd
3f78
3f91
3fe7
3f8e
3fd3
3fbb
3fc2
0015
3fad
3f94
3f50
0044
3ec8
3e18
00b0
3770
007c
002c
0030
3ee8
0432
3fd4
3f48
01d0
3fc6
3fe4
3f58
08a0
3e68
3e28
3c80
0124
015c
3fc8
3f92
3f8f
0003
0002
3fed
0015
0358
0224
0134
3f74
3fca
3faa
3f42
3f62
3fe0
3f0e
3f7f
3f8f
3fe8
0039
3faf
3f18
3ed0
0048
0008
3fb8
0050
0050
01fc
00bc
0190
008c
03e4
3f5a
3f1c
3edc
3fe4
3fba
3e3c
3f00
3cb4
0234
0370
3ffc
3f84
0078
0082
0029
0059
0046
00c5
3f81
3fac
001c
3f90
3ed6
3f4c
3f8a
00a8
005e
004a
3ff4
0005
3fef
3ff6
000d
3fe9
0104
0114
3ff0
003c
00ec
3f50
3930
007c
3fac
02a0
00b8
0496
0026
3fd0
3e90
0062
0132
3ec0
0360
0064
00cc
3a90
01a4
00a4
0100
3fb6
3fca
3fec
001e
008a
3f94
0178
00dc
009c
0074
002c
0048
3f10
3f64
3fac
3f7c
3ff4
3f88
00a0
0040
0060
3e68
3df8
0070
3e9c
0010
3e8c
3940
0040
0068
06a0
3cf4
03e5
0133
00f8
01d4
0057
3fc5
3e30
0500
00ec
3d0c
3520
0468
0384
00e4
3f6b
3fe0
3f8b
3f99
3f46
0053
02ec
020c
00e0
3f05
3f50
3fb5
3f33
0002
3f31
3faf
3fcd
3fe2
3fa9
3f21
0088
3d48
3ed4
3e74
3ed4
3f7c
3f58
3ff0
3e14
00d4
0070
3ff0
041a
00d8
00e0
3ed0
00aa
3fb4
3e50
0320
010c
3da4
3ce0
036c
032c
0040
3f40
3f47
3ff9
3ffc
0045
3fb7
0348
0108
0240
3f80
3fb4
3fcc
3fbe
0010
3fae
3fec
3fb3
0039
3f1e
3f35
3fe9
0120
0010
0110
005c
0238
3e24
3f20
3eb4
00a4
0570
3e48
0469
00ad
3fd4
0218
3f19
3f51
011c
01e0
0148
3e18
0230
01b4
3f4c
0268
3fd7
0049
3f8e
3fe3
002b
3fb8
0198
00f0
00a8
010f
0077
0098
3fe7
001d
3fca
3faf
3feb
3fc4
000b
3fad
005e
3ff4
0000
3ff4
0038
3fb8
0080
00d0
3f88
3fc0
37a0
3f0c
04ee
0024
3ea8
00ac
3fd4
3fa2
0268
0140
3f40
3e28
06b0
3cc8
3e2c
3e9c
3f98
000b
3f8d
0032
0029
0009
0014
3f54
00c0
0004
3ff1
0013
3f9e
3f77
0027
014e
00b2
009c
3ff8
003e
3fba
00d8
0070
0068
0168
0124
0044
0530
01f0
3f10
0530
3c54
0384
011c
3e10
3f9c
3f74
3fb4
0168
01c0
0054
3d5c
3c90
3f08
3e20
00e8
0012
004e
3fc4
00ba
0042
0078
3f44
00d0
3e74
3f3c
3f2e
000e
3fcc
3fd2
3ffa
00c2
0080
0042
3ff2
3fcc
0026
3f68
0064
3f04
0044
0138
3f0c
32d0
0320
0138
0130
00cc
03b8
3ee8
3bd8
0124
3fbe
3ffe
01d8
08a0
3e4c
0004
0ae0
0178
019c
3fdc
3ffe
006e
3f90
3f88
3f28
0060
0344
0268
00dc
3efa
3eed
000d
0022
0065
3fbd
3f80
3fa9
3fd7
0068
0049
001f
01a0
00f8
00a8
3eec
3de0
010c
09b0
0018
3ce8
39a0
3e00
03a0
0112
00fc
3cd0
01c6
0084
3ba4
3bc0
0040
3e98
3870
3c50
3e00
3e50
00a8
005f
0049
3f82
3fbb
3fc7
3f50
3fa0
3fb0
3f6a
3f83
3fe7
3fd8
0033
3fa5
0024
0012
0012
3f8a
0030
3f5a
00e4
0158
3f8c
3e08
3f74
3e94
00c0
3ddc
017c
0380
003c
02da
0040
024c
018c
001c
3ee2
3de4
0000
0138
0018
3b40
3da4
3f4c
3e58
0066
0007
005f
0064
0039
002b
3d8c
3e4c
3f40
00fe
005b
00a3
00b8
0011
00a7
0062
3fe8
007a
3fb8
0040
3f78
0144
0118
002c
0168
0180
3fe8
0220
00f0
3fe8
02e0
3ec0
02e8
0004
02a4
3be8
00f4
006c
3ebc
3790
035c
0164
3500
0038
0054
3fe4
0100
009a
0066
0050
0048
0008
0060
0064
3ffc
3f76
3fc2
3fb4
0026
3fcc
005a
0010
002c
3fe4
002c
3f8e
009e
3dbc
3e08
3fb4
3e1c
0018
3e04
01b0
3fb0
0088
3a80
003c
03d7
3f7b
000c
015c
3f93
3fbf
0084
3f60
3dc0
0000
3ff0
3db8
3ed4
3ee4
3f77
0055
3f22
3ffb
3fd1
002a
3ecc
3f1c
3fb0
3f9f
3ff7
3fa8
3fdf
3fef
3ff0
0103
0063
00a0
3f2b
3f8f
3f9c
3fa4
00f8
3eac
3f68
3f10
0058
3f80
3fd0
03d8
0700
006c
0327
00e9
021c
3eac
0035
3e77
3c5c
3c40
014c
3d54
3880
3f50
3fa4
3fac
3fd3
3fd2
0001
0081
0064
001d
3d4c
3fc4
3d88
00ed
0068
0085
0077
3ffe
0079
0095
0033
0062
0073
004b
0028
3f44
3ee4
0060
011c
0060
00bc
3a40
02d8
3fe0
3f10
3ea0
03c0
003a
0048
0058
3fd0
0066
0258
3e00
0130
3f48
00d0
01f0
0094
015c
3fba
003f
3f7b
3fbe
3ff1
3fcd
0238
025c
3fdc
3fe4
3fb2
0032
3fd2
002a
3fa8
0078
3f79
00ff
3fda
3fb3
0027
3fb8
0148
3e70
01b8
00b4
0104
3af0
019c
00b4
0000
019c
036b
3fc1
01ec
015c
3f67
004d
0004
0410
3c00
3fd0
0340
0024
0040
3fe4
3fcb
3faa
0021
3f53
3f8a
3fc9
0344
017c
01c8
3f9b
0067
3f34
3f61
0019
3f48
000b
0020
3feb
3fc9
3fa4
0025
0014
3fe8
002c
3ed0
3f88
3f48
3c90
3e8c
3f6c
0200
3ff0
0477
0097
3f18
0020
3fb3
003f
03b0
02b0
3e40
0070
0990
03b4
017c
0238
3f97
3fed
3faa
3fe7
3faf
0038
02a8
0298
0010
3f87
3fff
3f88
3fdf
3f99
0046
3fe9
3fcb
001e
00a1
3f91
0110
3e28
3ddc
004c
00f8
3fa8
0150
03c0
00f0
3d38
03a0
00a0
0468
3fca
0014
3c90
3fae
0154
019c
3ed0
3ef4
02e4
0630
3fc0
3f8c
0034
3f64
3f6f
3ff5
00fa
009f
005b
3e50
3e90
3fc0
0014
3faf
0065
000e
3ffb
0013
3fda
006e
3f6c
0084
0088
3ffc
3dec
3e18
3fd4
00c4
0084
0040
0120
01a0
3f58
3be0
3ea4
0354
0096
02fc
3eec
0074
0086
00fc
0040
043c
3ebc
3300
3d70
3e44
3f2c
011c
00c3
0059
00b4
3ff7
00bd
3ff4
0048
3fac
00a6
3fc8
00de
3f50
3f82
3fce
00be
0047
0077
3fec
3fc3
0029
3bbc
3e4c
3d70
3f74
004c
3f28
0310
0014
0094
04f0
0070
03b4
00ba
3f98
3ed0
015c
3f7e
3db8
0020
01b0
3c90
3db0
00c4
3fec
00d8
3f6a
3f85
3fe5
3ff6
3ffb
3ffb
0010
3fe8
0028
0010
0034
3fdc
002a
001c
000e
005c
0005
0057
3fe2
002f
3fb3
3f48
3fe8
3f60
3fe8
3fe8
0000
3ce0
014c
3fb4
3880
017c
0439
3feb
00ec
0004
3fc1
3fef
007c
0130
3e3c
0104
3c70
3e34
3ea0
3f94
3f5b
3f42
0019
007b
0098
3fe3
0164
0150
0014
3f37
3fd9
3f5e
0081
0011
0070
007b
3fee
008d
3f8d
000c
3f81
038c
01cc
01c0
3dcc
3fb0
3e1c
3ea0
3d10
0190
0080
00e4
0466
3fcc
002c
3ffc
3fc2
009c
01bc
0310
3fb4
00b4
0050
3f48
0010
3f38
3f76
3f63
0013
006a
3fe9
0081
3f9c
0000
3f9c
00ba
00a2
0018
0000
3fca
0036
00cc
008b
0041
00a2
0055
004d
3ffc
3eec
0110
00e4
0084
0060
3210
0214
3ef4
3d70
0240
0435
0055
0134
02f8
0069
3f61
3f44
3e50
0034
3f8c
0610
0074
02c4
3db0
0089
3fc5
00c4
3fbd
3f65
0058
0160
0144
001c
3ed5
3f3b
3f9a
3fcd
3fd3
3ffa
3fed
3fff
3fee
3eed
3fa7
3f46
014c
0044
0108
3ebc
3e30
008c
0360
0004
0004
0410
3e00
0453
3fd1
007c
0100
3edf
3fbd
3e14
0900
3bc4
025c
0390
3ebc
3edc
3fe0
0049
0020
0029
0051
00a8
3fa9
3ed8
3e20
00b8
3fef
00a5
3f4a
3ff1
3fc3
002e
0081
001e
0063
0033
007a
3fb9
008c
3f08
0184
3ee4
3f08
3fdc
3910
0090
3f80
03b0
0168
0317
3fe9
3ec8
0160
003b
3fd9
3db8
00b0
00b8
3f50
03a0
02c8
3f90
0338
3ffb
0038
3fc3
3e5f
3f72
3eed
01b0
018c
0024
3fef
3fe7
0008
0025
0023
0002
3fbd
0016
3fa7
3f57
3fa4
3fb3
3fb8
3fe0
3fd8
3d90
3d4c
0044
00b0
3fa4
00d4
0890
009c
0475
3efd
3e98
3f64
0021
0051
3d88
0000
3ed0
0258
0080
0204
3fb4
0250
0053
0031
0022
3f23
3fd5
3f4e
011c
00c0
005c
0053
0071
3fe2
0047
0055
3ff2
3eb9
3f95
3f24
3f71
3fcd
3fa4
3e08
3f28
3ee0
3ed8
3ef4
3fe4
3b00
3fe4
0044
0170
3f58
0524
0074
0014
3f78
3f46
0036
3e04
3d40
3e1c
3e7c
3d80
009c
0124
3f78
0078
0016
0062
3fe2
0048
3f9a
3e78
3f78
3f00
0028
3fb9
006f
3f90
3fb5
3fdb
01c4
008f
0135
3f20
3fbb
3f65
00ac
0174
3f38
3eb4
00c4
3df0
39a0
003c
3e8c
3ae0
3fa4
0493
3fdb
00f0
02e4
0057
00b7
00d8
0350
0178
3fb8
3a70
3ec4
0144
3d80
00af
3fe7
00c8
3fbb
3fab
0010
0254
0134
0120
3eef
3f33
3fbc
3f5b
3fdf
3f7c
002f
001d
0012
3f0b
3f89
3f82
00c0
0184
3f3c
3d98
3f40
3e58
35b0
0068
0338
0210
3fcc
03dc
3f8e
001c
0234
3ec8
3fc2
0114
00c0
3d28
3eb0
0290
3ec0
0068
3e58
0100
0053
00ad
3f88
3f9b
3fed
006c
01d8
3e94
0016
0080
3f96
3ef0
3f76
3f7a
0082
3fed
0095
0038
000d
002b
3eb4
3de0
00d4
0048
006c
3fdc
3ce0
3e44
3df4
3da0
01a8
041c
3fe4
3e78
0330
3fa4
3fe4
02c8
0150
3e90
0050
0bd0
3ef4
00a4
3e50
008a
0068
0022
3fae
3f0c
00a2
3e80
3e8c
3ff4
014c
00da
0072
3fa0
3fee
3fb2
3fce
3fce
0000
0056
0092
3fc4
3e68
3dd0
0098
3ee8
3d50
0198
3f80
018c
3fac
0080
009c
038d
007f
0018
3f94
3ffd
0047
3f50
3dc0
3f78
3fa0
02b0
3ea4
3f2c
3f78
3f63
3fb4
3faf
0077
008c
3feb
0234
01b0
0084
3f59
3f2f
002a
000b
0011
3ffa
3fa3
3ffc
3fa7
3f4d
3fa4
3fa9
0070
006c
0004
0108
009c
006c
3d00
0254
0344
0120
02f4
0391
3f27
3fcc
3fe4
3fe7
3e41
3e4c
3ed0
3e14
3f5c
00a0
3fe4
3f94
0050
3f4d
3f46
0007
3fd7
0096
3f41
3f64
3f74
3ff0
000b
0038
3fd3
3fa1
3f84
001d
00b9
005b
005e
3f67
3fad
3fba
00e4
00dc
0008
002c
00a8
3f84
3bc0
006c
3f84
3fe0
3f38
03cc
0088
3fd0
0090
3f6e
005e
3f40
0270
3e50
0148
0150
016c
01f8
3f74
3ee0
3f98
3f48
002e
0064
3fca
00b8
3fb4
0104
3ffa
3ffb
3fff
0042
0029
0019
0038
0073
3fc5
3e90
3f0d
3f83
0010
0070
3fa0
0138
01cc
3f6c
3c50
004c
3fec
0550
00a4
039f
001f
01a8
021c
3f7f
3f9b
3df8
0380
0008
3e28
38e0
3f9c
3ec4
00d8
0007
0021
3fe6
3fdf
002f
3fb0
00a4
3e50
0254
00f9
0087
0072
3f45
3fb9
3f8c
0097
00e7
3fb0
3feb
006d
3f7e
3dc8
3f68
3e60
3e00
0070
3d90
01b0
003c
000c
3720
3f48
040e
002a
0220
3ef8
3fa4
3fb4
0380
00e0
3f34
3f24
0630
3bac
3e3c
3d70
0128
0086
00a2
3fca
3f2e
009c
3f38
3f58
3fe0
3f78
3ff3
3f85
00a4
0025
007f
0008
0029
3fdf
00f0
00b3
003d
01e0
3f80
0260
3df4
3d7c
0078
3c10
03dc
00ec
3e00
3f5c
0339
0115
02c8
000c
3fb9
3fcd
3e50
3d50
02ac
3fb4
3d20
018c
009c
00f0
003b
3ff7
0044
3fef
005b
3f94
01b4
028c
3f28
3fa9
3eff
00aa
0015
3fe3
0032
3f57
3f53
0004
3fdf
000f
3fd0
0360
02a4
00bc
00ec
0118
3fd4
3eb0
3f24
3f3c
39a0
3f68
0475
004f
00b0
3d20
0019
00fb
03a0
3c90
02a8
0028
3a70
3da4
3f60
3e44
0085
009c
3fe9
0061
3fe8
0079
01c8
010c
00bc
3fcb
3fbf
000c
3f05
3f61
3fa4
0037
0032
0005
3fcd
0036
3f97
3f60
0038
3f28
3f18
3ec8
0050
3bd0
00b0
00a0
0730
3c68
0448
00d2
0040
0330
3f90
007a
3f98
0900
3d20
3f00
0310
0080
0060
0020
00a2
002b
0077
3eee
3f0f
3fdf
0138
0184
3fb4
3fc2
3fc4
3ffe
3ef0
3f6a
3f86
0074
001b
0059
3f82
3f53
002f
3fb0
3f54
005c
3df8
3fa0
3e58
3bf0
3e4c
02fc
0180
3fb0
04da
00c2
0030
0268
3ff8
3f78
3fd0
02b0
0008
0030
0520
00e4
0134
3fb0
3fb4
3fd0
3fe4
006e
3fde
0090
0278
01bc
00bc
0038
3fbd
007b
3f9c
3f51
004b
3f72
3f8b
3fe7
0096
005b
003b
3fe8
0030
3fb8
0268
3fe4
0284
05e0
0014
0074
3ed0
0018
0421
3f19
3f70
3e60
3f47
0027
01f0
0370
3e0c
3fe4
0410
3f74
3eac
00c8
3fa1
3fcd
3fd4
3ff3
0037
3fbc
0140
3e8c
02b4
3f17
3fa2
3f75
3fb3
0042
3f71
004b
002e
001d
005f
00de
3f81
01c8
00c0
0108
007c
0128
3f54
3df0
0174
3f94
3f70
00ac
03a2
00a8
0148
0224
3f66
3f54
3de0
07f0
3d4c
3eb4
3d30
0204
0184
0080
3fa8
3f41
0067
3fd0
0001
3fcf
3f9c
3f58
0044
3f74
3fee
3f86
000e
0020
3fee
3fde
0089
3f55
0034
3fdd
0057
0088
3fcc
00bc
3e1c
3f88
3e94
0600
0088
3f48
3f50
3d20
0433
0051
3e04
0048
3f31
002f
0344
0140
3e74
01b4
0c70
3c30
3e18
3e18
00c1
00b0
0011
006b
3fda
0091
3e40
3f64
3edc
3f51
001a
3f37
3fe7
3ff8
3fef
0007
3fe5
0022
0075
0035
0040
0124
0004
0120
00cc
3f7c
0150
3df0
00d4
007c
3bb0
0078
0393
000b
3f78
0118
3f97
0033
3fb0
3b80
3db4
0144
3c00
000c
0010
3ffc
3ee9
3f83
3f66
3e8d
3f15
3f78
3e28
0068
3dc0
0039
3fcd
006c
0115
005b
00ba
014d
00cb
0082
3f31
3f49
3fe8
3f48
015c
3dec
3eb4
003c
3e78
3960
0090
0430
0410
0220
0420
3eda
3e68
0178
3eec
002e
0298
3e60
3e7c
013c
05e0
0040
0038
0008
3f4c
3fab
3fa1
3ff0
002b
3fc5
3f08
002c
3edc
00b2
0056
005c
3fe0
3f68
0078
0042
3fdb
0067
3fc4
3faf
0015
3eb0
3e90
0020
02bc
00d4
01e8
3e90
3f7c
0104
0000
0030
04d6
3f38
3e24
00e8
3ff4
3fbe
0064
00e0
0070
0368
0340
3f14
3f60
3fb4
0080
0031
004f
0022
001f
0003
00b0
3fb4
00fc
0064
0075
3fef
005a
3fab
00af
3fc2
0034
3f8e
0040
0024
001c
3ecc
3e94
0038
00e8
3f5c
018c
3e70
3f68
02a0
0570
0090
039e
003a
3fbc
0028
3fec
3fd0
3d74
3cc0
0250
3eb8
3e40
3f10
3eec
0024
3f3a
3fb8
3f82
00a0
0082
001e
3d68
3f0c
3e5c
00c4
0069
005b
3f70
3fb9
3fb7
00b4
00a7
000d
0148
00bb
008d
3e7c
3ed8
3fa4
0348
0204
0144
3fa0
0014
00bc
0120
0274
034d
3f6d
3f70
3fdc
0037
3f2f
3fc0
3ee0
0030
0018
03e0
009c
0028
0074
3fab
3fe7
3fc4
3fc5
3fbd
0008
3d9c
3ec0
3edc
3fc5
3fe2
3fe3
00e9
008e
005b
3fbf
3f36
0089
004b
001e
002d
0028
0010
0018
00a8
3fa4
0104
0130
0050
3f18
0260
3f78
0394
3f4c
3e00
3c40
00e8
00e8
3ff8
3990
0058
02f8
03c0
00e8
3f5c
018c
3f1e
0042
3edc
008a
00a2
3fe8
0088
002c
005c
3f60
3f74
3fec
3f98
3ff4
3fa4
0096
007e
0018
008e
002e
0060
01a8
0114
0094
01b0
0088
0128
3d00
01d8
3fb8
3d20
3d90
03c4
0032
3e94
0270
3f32
3fd4
0314
0850
3c74
3f24
09b0
3e40
3fd8
3e68
005c
008d
3fcf
008a
3f5d
012d
0180
0070
0110
3fbe
000d
3fb1
3fec
001d
3fcf
0030
3fe2
004e
0026
000c
001a
0134
0044
00f0
00ac
3e84
0228
0300
3e8c
3f0c
3b90
003c
0450
0160
0220
3d54
00ce
0026
3fb0
0250
0100
3e88
3d50
3ea4
3f7c
3f28
3f8c
3fb6
3fd6
0052
0008
004a
0384
01e8
019c
0044
000f
0035
3f28
3fbf
3f69
3ee0
3ff3
3eed
3fd8
3fd7
0001
3e80
3fe0
3ea0
3f50
3f14
003c
00f0
3efc
0274
0980
015c
041e
3f30
3d9c
3eec
0076
3fcc
3de4
3b00
3fb8
0028
01b0
3eec
3f48
3fa4
00a4
00a5
3fff
3ff0
3fcb
0025
3e8c
3e14
0078
009c
00ba
3fe2
0026
006e
3fb8
0080
006f
0011
3f46
3f99
3fad
3e94
3fd8
3ebc
3f78
3ff8
3f80
3d10
0210
3ff0
3b70
0214
03b8
00a4
3f00
3f04
3f12
00d2
0398
3b30
3f08
3e58
0690
3ce0
3f28
3db8
0044
002c
0018
0062
001c
0046
3f04
3f0c
3ff8
3fc6
3fdb
3feb
3f36
3fa9
3f8d
007c
3fff
007d
0114
0115
3fff
00a8
0024
0084
02a0
0170
0130
3970
0194
005c
3ee0
0204
03cf
3f51
3dac
0014
3f6f
0071
3ffc
0640
3f04
3f94
3b80
3ebc
3f48
3f74
3fdb
3ffa
3fe1
006b
0086
3fe5
01b4
0134
0080
3fe1
3fd3
000e
0073
0045
002e
3f99
3fbe
3fdb
003f
3f72
00cd
3edc
3f84
3f58
3f14
0084
3e90
3e20
0084
0294
3fa0
3df8
04c4
3fbe
3ef4
01e8
3eee
3f50
01c4
3cb0
3e54
3f84
0030
3e14
003c
3dd8
3f7c
3fef
3f8d
3ffe
3fe9
0015
3f78
0120
3e58
0088
0037
0051
3f86
3f7d
0009
0084
3fec
0098
3f36
3f88
3fae
0024
3fb4
0070
0064
01a4
3ec0
0430
3f40
0080
02c0
3ef8
03fb
3f67
3ea0
0180
3fd9
3f51
3e50
06e0
001c
3f1c
3e20
3fb8
3df0
01c8
3f93
0031
3f62
0021
004d
3fd4
0038
3e9c
019c
3fd9
002a
3faf
0015
0024
3ff1
3fbb
004c
3f6f
0033
005a
3fd9
3ea8
3f90
3f18
3ec4
3f04
3fc0
0170
0268
3fb8
01a0
023c
03c3
3ef5
3f1c
3d84
3ed7
0015
3fbc
3890
3f6c
02ac
0110
0160
0000
0160
3f81
3f8e
3ff3
0039
0068
3fd1
009c
0010
008c
3f8f
3f9b
3ff4
0059
009b
3fbe
3fe7
002c
3fbb
3efd
3f56
3fa7
029c
024c
0050
3f94
007c
3f18
3fe0
3ea8
0058
00d0
01d0
0417
3f29
002c
01a8
009d
3fdf
3e9c
3b30
0160
0170
0210
3e68
0028
3e40
010b
007c
008f
3f51
3f8a
3fc7
3e48
3f9c
3eac
008d
002c
0061
00e3
008a
0059
3fb9
3f53
0066
007f
0043
003c
0224
0074
01b0
3e38
3fb8
3e80
0910
3f20
0018
0610
3e30
03dc
3fcc
3f94
3f38
0058
0030
3f84
0510
3e5c
3f9c
3ed0
3d40
3d4c
3ff4
007a
009a
3fe0
0092
0062
0030
00f8
0024
00d4
000a
0002
0008
3fb6
3ff2
3fc4
003c
00b0
3f8c
3f58
3fe0
3f78
3cc4
3f04
3dc0
3f7c
3efc
0080
3860
0194
004c
0980
3fa4
03d6
00a6
3e7c
0224
3fce
0026
3e9c
0920
3e04
3f4c
3d20
027c
00b0
01cc
3ffc
005c
3fa0
0018
000c
000c
0364
012c
0238
3eec
3fbc
3f30
3e90
3ef4
3f9c
0032
008a
3fa8
003e
3fa6
0098
3ce4
3e2c
3eb8
3f34
3ff8
3f3c
0180
3fb4
02d4
0160
3eb4
04c3
3fcd
00b8
3f2c
003b
3f55
3ed8
0360
3c28
3ec8
0610
3d4c
3f74
3dd8
3ff9
3ffe
3ffb
0019
003e
3fdb
00d4
0118
3fbc
3ee9
3f85
3f64
3ed7
3f53
3f84
0007
3fa2
0065
3ff5
0082
3f73
01b8
0040
0178
0090
3f08
0188
3f20
3d58
0050
03d0
3f68
04e0
0022
3e60
3f70
3fda
0104
3f30
0570
3dcc
03ac
0570
3f30
3f34
3ffc
000c
0055
3fb7
3fb6
3fbb
3ffb
0130
01ac
3f84
0006
3fdd
0029
0060
3fcb
0095
3ff6
0002
3ff4
3f60
3fbe
3fa2
0150
00d0
0080
3dcc
3d6c
0060
0130
0104
01a4
0060
3fb0
0459
3ef5
3c74
3f88
002d
3fed
00b4
0240
0114
0264
0840
3cac
3ddc
3ed0
3f9d
0049
3f54
0109
007b
008e
3d40
3f54
3dec
005d
3f91
00cc
00b9
004f
006a
3f8f
3ff9
3f96
006b
006f
3ffc
0024
3f84
00a0
3f3c
3dec
0150
03f0
3ff0
3ee8
3690
3e6c
0430
0022
0224
3ebc
3efc
0022
01ec
0360
3f60
3f90
3b40
3cf8
3e6c
3e8c
0054
0043
0011
0050
006d
3fe3
0144
00d4
0070
3f8a
0020
3f6a
0058
0014
0044
00bc
3ffd
00bf
3fc2
3fdf
3fe3
0154
0088
00cc
3e90
3f40
3f50
0280
0094
3f0c
3fd0
0284
041d
3f99
3f20
0044
0021
3ec5
3c40
3ba0
0024
3c2c
3800
0094
0030
0064
3f81
3f4b
0036
3f61
3f87
3fda
006c
0004
0068
3f87
3f57
0030
3f37
3fe7
3f50
0023
000d
0016
0053
009d
3fb6
3f58
00f8
3e60
0004
00b0
3f54
08d0
3d48
3f60
3c60
023c
02f1
0071
03cc
3e64
00bb
3fe3
3fc4
3b40
3f20
0018
0000
3db0
3ea4
3f0c
3fb1
3fdf
3fd2
00e3
00f1
3ff2
3d6c
3ee0
3e8c
3fa5
0018
3f8d
3f9d
3fcc
3fd1
0105
0052
00b3
0071
005a
0017
3f8c
0020
3f6c
03a0
02ec
00b4
3df0
3fc0
0168
03e0
02d4
0398
3ece
3d00
0034
3ff6
3f80
3e10
00c0
0164
3f64
3dd0
3ec0
3f34
3f8c
3fd2
003d
3f95
3fc0
0049
3f77
002c
3f94
0098
018c
00b3
00d9
0002
3fef
0013
0054
0030
0024
3fde
005a
3f84
3f00
3f60
3fa0
007c
3f84
00f8
3e30
0304
3fd4
3c80
3eac
0463
3f6b
3dec
3ef4
001d
0029
0114
3f40
3fd4
3ee4
3ae0
022c
005c
01d0
3f7d
3fcb
3fb2
009b
00a3
3ff8
3e44
3f90
3eb4
3fbd
3f2c
0091
3fad
0006
3fa7
3f9d
3fe2
3fbb
00dd
0024
00b9
3f54
3fb0
3fa4
0044
0174
3ed0
3e00
3fc4
3cbc
3b50
021c
0378
0044
00ac
3f7c
002c
0154
0344
3d30
3f94
012c
0350
0124
01c8
3f5c
3fcc
3f54
0078
3ff8
3faa
004e
021c
0054
01c8
3fdc
3fce
000e
0014
3fd0
0044
3fae
002c
3f82
3f26
3f7a
3fac
005c
00b0
3fac
3f2c
0088
3ea4
02f0
3e6c
3efc
0390
0184
03af
001d
0270
3e64
00c1
3f9b
3ef0
3cf0
02a8
01e0
3a70
0034
3eb4
0180
003b
0030
000b
008d
0090
3ffd
3e9c
002c
3e70
00c3
000a
00b9
0075
0022
0053
0009
000d
3ffc
3fbb
3fab
0010
3ec0
0060
3e60
3eb8
3fb4
3f04
3f20
3f74
3fc4
3fe0
010c
040f
3fd7
0008
00cc
0009
004d
3f78
0620
3dd4
01dc
0810
0304
011c
01e8
3ef1
3f17
3fda
3f0b
3fc3
3f48
3e4c
3e3c
0010
3f7b
3f9a
3fe1
010f
0070
009f
3f67
3f88
3fdf
009b
0076
0025
03d0
0050
0380
3fdc
3fa0
003c
0080
00ac
3fd4
0120
3e04
0464
0156
3f88
3d24
3f86
003c
3fc8
3cb0
3f54
3ecc
3840
3d64
3e18
3f4c
3f82
0023
3f5f
012c
00e7
0045
3fbc
0074
3f48
00e6
0055
0091
3f0c
3f7d
3f8f
3ff2
001a
3fd8
003c
0004
0038
3bd8
3de0
3df8
00cc
0110
3fbc
0190
0298
3f48
03f0
3ed0
03bc
0004
011c
0128
3ece
3ff6
3fe4
0170
3d84
01fc
0340
3ec0
3dd0
00f0
006e
0024
004a
3f6c
3fca
3fa2
3ee0
004c
3e94
3f70
3fd3
3f9d
0030
002b
0005
00fa
005d
009d
00e6
0065
0081
3fbc
3ec0
00fc
007c
00a0
3fdc
3fe0
0034
01c4
3980
0208
03bf
3eff
3edc
0110
3ff3
003f
026c
0180
3fa8
3ff8
0520
3d3c
3ecc
3e70
0049
3ff5
0054
0005
3fab
005a
01e0
3ff4
01ec
3f55
3fc7
3f8e
3f69
3fa5
3fc4
0059
003b
001e
0091
0081
0010
012c
008c
00a0
00e8
0088
0060
3f80
013c
016c
05b0
030c
04b4
3f0c
3dd8
3e84
00b6
3f8a
3df0
3a10
0044
0244
3dc0
3ed4
3ef4
3fe0
3fd0
3fc8
0008
0086
003c
004a
00ac
0068
0044
3f86
3f97
3fef
3fbe
3f81
003d
0040
00b5
3f8b
3ef4
3f2f
3fc5
3d40
3eb4
3e8c
3e7c
3f94
3ee8
3df0
03e8
01c8
3d50
3fd0
033b
3eb5
3f24
3fd0
00e7
3ffd
017c
0270
01a8
3f58
0150
3fd8
3f10
00c8
3fed
0062
3f8b
0045
0030
0015
00e8
3fd0
0118
3f6f
3f8d
3fe2
3ff5
000d
3fe8
3fef
0084
3f6b
0011
3fee
0023
3fbc
3fa0
001c
3d40
3e38
3f08
3df0
3fd4
0024
0500
03cc
03ea
3f14
3fd4
3fb4
3f8a
0158
02bc
3970
3e70
01c0
01a0
3dfc
3dc4
0038
3fcc
3fe5
3fe7
0018
3fc3
0055
003c
3fa0
009c
0042
009e
3fa4
3f5c
3f26
0036
00d6
00c3
0013
004c
0069
3fe3
3dac
3db8
3ff4
3f80
0080
3f00
3a80
02b0
01a0
3810
3f44
03cd
3fff
3ff4
0414
3f89
3f2b
0314
0480
017c
3f6c
03c0
0028
0050
3fd8
00b9
00a8
0011
0109
0018
00f1
0144
013c
0008
3f9f
3f81
001e
0071
0023
004e
001f
3ffa
0025
3f45
3f6a
3fdb
00e4
01bc
3f28
01d4
0094
0140
3f50
01b0
3ff0
3350
3db8
03ce
3fcc
02fc
0140
0096
3f80
3fe4
02d0
0190
0098
0710
3e30
00c0
3d70
01b2
0107
00ab
3f7e
3f95
3fe9
01f0
015c
0094
3f56
3f3e
0018
3fdc
3fca
0012
0004
3f75
008f
3f72
0017
3f5b
02ac
0188
0124
3ef8
3d34
01c4
02a0
0078
3f18
3a70
002c
03c7
0131
040c
3d44
003b
0055
0214
3be0
0144
007c
0290
3f38
0030
3f08
0041
000e
0033
0085
000e
0077
3ecc
00d8
3df4
00c3
0095
002e
0065
3fdf
0086
0039
3f50
00e9
008b
0064
0027
001c
3fe0
003c
0264
3fd8
028c
3c30
3fbc
0074
0140
007c
045d
00f5
0160
0394
3f73
3fe7
0018
03d0
000c
3e4c
3c80
3fdc
0160
3e7c
005b
0001
005a
3f61
3f31
0030
00a4
0060
0044
3f8f
3fc0
3fcf
3fcf
001e
3fb1
0027
3fb4
0073
0067
0076
3ff1
00a8
00b4
3ff4
3ee4
3f0c
3fd8
05d0
3db0
3e70
02d0
3ddc
042b
3ffb
3fd4
3e84
0035
3fbd
3c54
3e50
007c
3ed4
3960
01c8
0100
00c8
00fb
00c9
0032
3e75
3f3b
3f3a
3ff4
3fd8
001c
003f
0094
3fab
0013
3fdc
0037
3fa7
3f98
000f
0007
3fe0
0027
003c
3f54
00e8
3d3c
3e48
3ef4
0540
3ef0
02f8
0120
3d28
0453
3f19
3f64
3f88
0041
3f27
3f64
0290
3d7c
3e14
00b0
0050
3f84
00cc
0023
009c
3f87
0081
0036
004b
0190
01b0
3fe0
3ed3
3f6e
3f65
3ff1
0000
3ff1
0003
3fc3
0040
3fdd
3f43
009a
3fe4
00e4
3f00
012c
00b0
007c
3ff0
3d9c
3efc
0530
3f54
0478
00ce
0014
004c
3fce
00d0
0024
06e0
3e44
3f0c
0100
0294
0224
0070
3f26
3f97
3f8f
3fc0
3f7f
0041
00b4
00c0
3ff4
3f88
0035
3f53
0032
0011
0021
00b8
0054
0064
008a
3fd6
00b4
3d9c
3dec
3fb0
002c
3fa8
0084
3f30
0094
3e9c
0150
3f08
03a6
0042
004c
3df0
00c8
0028
3fb4
39a0
03e8
3f90
0040
00ac
3ff0
00bc
3fa2
3fd0
3fd2
00fc
0098
0064
0038
009c
3f9c
0068
3f8d
00db
005c
0097
3fc5
0012
0057
3fbb
3f2a
3f91
3f99
3f9c
3ff0
3fac
3f20
3fec
3f34
3b10
0004
3f1c
0560
0180
047b
0071
3f9c
3d00
009f
00a9
3dfc
38b0
003c
009c
3fa0
0234
01c0
0074
3f05
3f8c
3f79
3fb5
002e
3f87
0008
0040
3fc8
3fd1
0023
3fae
3ff7
3f83
0074
0061
001e
0043
3fdb
3ff0
3feb
0044
3efc
0148
3f44
00b4
3e90
0560
3ff8
00b0
3d20
3ec0
0400
00bc
0118
3cc0
3fde
3f1e
3d98
3c10
00b8
3e78
3b20
3fa8
3f8c
001c
000e
0024
3fea
00b4
00dc
3fd8
0220
0080
01a0
3f32
3fb9
3f79
3fca
3feb
3fdf
3f32
3fab
3f87
006e
0045
0029
0130
0048
00e8
3ff8
0040
3fb8
3fc0
3e54
3fbc
0800
3ea8
03e0
00ca
014c
0050
3f76
007c
004c
0280
3ee0
0118
01d0
019c
0148
0054
0038
3fb9
007f
3f76
3fdd
3f99
3e60
3f4c
3f14
0070
003b
0035
00e6
000b
00db
3fce
3fb2
001c
3fc0
3f94
002c
3eac
3e1c
0090
3cb8
3f24
3d94
3f10
3e84
3f8c
04f0
3f68
049b
3ecd
3dc8
0268
3fe5
3fdf
3d08
0690
3f1c
3ff4
3cd0
3fc4
3f00
00c4
0079
00a0
3fd9
3f33
3fce
3f65
3e08
3de8
0020
0083
0080
0003
0089
00d2
3fb7
0039
0027
0012
005b
003b
0020
0028
0028
0000
3fa4
3f10
0094
3820
3ec4
0314
0950
02d4
0458
3f54
3ff0
0084
008c
3f20
3b40
3f60
3f84
0164
3ec0
0214
01c4
0050
3fe8
3fa8
0040
3fe0
009c
3f44
3fbc
015c
3e60
0094
0034
0060
0004
3fa8
005c
3fb0
3f48
0068
3f5c
3fa4
3fb8
3fd8
3ef8
00e0
3fcc
005c
3f70
07e0
3f44
3f1c
0360
00c8
0330
3fce
3f5c
3dc0
009e
007c
016c
0210
3f90
01b8
07b0
3f84
3f60
0024
0050
0021
002f
0096
0023
0073
3f48
3f3c
000c
3f40
3fa9
3f97
0006
3fab
005b
3ff8
3fca
002e
3fd2
009a
3f38
02b4
00fc
01b8
3f60
3efc
0064
0070
0000
0010
0800
0274
0344
3fcc
3e50
001c
002a
3fca
3cc0
3be0
009c
022c
3e70
0398
01f8
01a0
3e8c
3f9e
3eee
3f02
3fb4
3f4e
3f64
0028
3f3c
0078
3feb
008d
00c8
3fd3
00f5
0000
0009
3ff7
3f84
3f85
3fff
3f58
3f50
0008
3fc4
3ec4
0100
3db0
3fe8
3ea8
3e80
0280
03d3
3fa7
0164
0070
3ff5
0009
00dc
3e80
0044
003c
3b10
0270
0238
0038
3feb
3f99
0052
3fb5
002f
3f86
0090
0058
0038
0007
0024
3fe3
003b
0090
3fab
3f1b
3f86
3f95
3f5f
3f3a
0025
3fa4
3f98
000c
3c94
3f48
3d4c
0850
3e5c
3e5c
02c0
0084
04c5
3f99
00b0
3fbc
3ffb
3f83
3d68
3d30
3e34
3f74
3b30
3ea4
3f64
3f40
007d
3fb5
00c8
001f
0069
3fb6
3e34
3e60
3fd4
0063
00c8
3f9b
000b
0072
3f99
3f81
0004
3f7d
3fb1
3fc6
3feb
3f10
3f6c
3fa4
3edc
014c
3d90
04d0
3fe4
3d1c
3db0
3ee4
0476
006e
3efc
3d54
3fd8
003c
00d4
38c0
3e88
0290
06d0
03f4
0228
01cc
3f2a
3f62
3fc8
0080
0096
3fea
3fc4
0154
3e70
3f44
3fe3
3f61
00e8
000d
00db
3f56
3f87
3fcf
3f9e
3f3d
0061
02c4
0050
0274
01c8
020c
3fbc
3dc0
3e98
01f8
0020
3edc
0462
3fe2
010c
01b4
3fa0
3fb8
3fc4
09d0
3d04
3fac
3ff0
0240
0218
0028
00c0
001c
00a4
3ec6
3f42
3f84
003c
3f80
00bc
3fbe
003b
3f83
3f5a
3f43
0017
3fa4
3fbf
3fe5
0070
3fd7
0099
3f74
3e08
016c
3cac
3f08
3da4
3a60
3f88
3e30
3b50
00f8
03a4
00f8
00d8
3f88
0044
00b4
3f58
0060
01d8
3eb0
3780
01c8
0134
0094
3f9a
3fec
3fae
3fba
3fca
3ff0
3e40
0028
3e18
0054
0008
004c
0030
3fe2
004e
00e4
00b4
0030
00bc
3fba
0102
0028
0098
3f90
3fa8
006c
3f3c
0000
01c4
3e2c
3b90
022c
02b8
3f96
01c0
015c
3fae
3f64
0040
3bd0
02d8
0270
3950
004c
3f78
00d4
0088
007d
000b
3fba
3fef
3fcb
3dc4
0024
3da0
0064
002f
0035
00f6
003d
00b9
0000
0014
3fec
00b6
0044
0072
3ea8
3fd8
3ed0
3ed8
3f7c
3f5c
3de0
3f88
0218
3ba0
00b8
04ac
3f90
00fc
0008
00e4
3fc4
3ff4
0020
3fb8
00c0
3dd0
3f30
3ff8
3f38
0042
3fb8
008a
001e
0002
001c
3d58
3e08
3f50
001c
0032
3fea
3fa8
3fd4
3fd4
3f98
001c
3f7c
00d0
00c2
000e
3f2c
3f78
3fb4
3e10
3e74
3f9c
0450
3f74
3f34
00c0
0018
030c
0040
01ac
0288
001e
3fe6
3d5c
0020
011c
3e64
3890
014c
00c4
0088
0022
3fe0
0042
3eb8
3f80
3f38
3f00
3e88
0078
00d2
00bb
0017
3fba
3fc1
3ff9
3ee2
3fbf
3f23
3fa6
3fa5
0001
3d24
3eac
3e78
3fcc
3f88
0044
3d40
0028
0160
3d20
3f2c
0430
3ff8
0018
01ac
0076
3f7e
0118
0960
0178
3ec8
3e10
3cd8
3ddc
3efc
0044
0022
0022
002e
002c
0002
02dc
01ac
0130
3f92
3f2d
0065
3f1a
3fad
3f6d
3f92
0041
3f51
3fae
0029
3f85
3fd8
0090
3f48
3e78
3dd8
00a0
03a0
3ec4
3f24
0160
3f24
0474
0010
3f5c
3f24
0048
3fc4
3ff4
01c0
3e9c
3dd4
0270
011c
3e9c
0280
3f98
000e
3f8a
0058
008e
3fca
3ec4
3fa4
3f20
0060
002a
0036
3f7c
0012
3f6a
3ffc
3ff2
000a
00c0
3ff6
00ca
3f5c
3ea8
00b4
0174
0168
000c
3900
0270
3fe0
3870
0218
03bb
004f
0120
3fe8
3ef9
009d
0240
3ac0
3fac
01a4
0100
0120
0100
0020
3f21
3f5b
3fc6
3fdf
0019
3fc6
3fc8
0088
3f40
3f91
3f90
0001
3f7d
3fac
3fd1
0003
0038
3fcb
004f
0090
3fbf
0208
3ff0
0218
3ff4
0068
3f8c
3ba0
3fe4
3f54
3cd0
3fa4
03cf
007f
0084
3ea4
011b
0073
3ffc
3ed0
01d0
0010
0020
3ee4
3f84
3f60
008f
0033
005c
000b
0023
3fe8
0154
0134
0020
3fab
3f59
0052
003b
0051
3fea
0033
001d
0016
00f3
007d
0076
02ac
01d8
00d4
3fc0
0138
3e88
0560
3df4
3f3c
3ab0
3e08
0451
00d5
00b0
3f28
3fc3
3f8f
3ff0
04f0
3de0
3e68
02d0
3f54
3fc8
3f8c
00bb
00e7
3fd4
0021
0019
0008
3fd0
0088
3f48
3ff7
3fe0
0017
000b
0048
3fc3
004d
3fa4
00a9
3ff5
0080
3f75
0358
02e8
0070
3fa8
3ef4
00b4
05d0
006c
00fc
0170
3f54
03e1
3f39
3d38
3e3c
0051
3f9d
3fe0
3c40
3eb4
01e4
0520
3b84
3dc4
3dc0
006d
000d
0060
00c9
00ab
001e
3e3c
3fc0
3e7c
3fe5
3fc3
0022
00a5
3fe1
00c4
3fdb
3fe5
3ff6
3fef
0073
3f7c
0158
3fec
016c
005c
3fcc
0090
3a90
3fc0
3ed0
3f90
0470
029a
00a6
3e54
0050
0080
0110
0134
0050
0074
008c
0c10
00c0
0228
3e98
3efe
3f2e
3fd0
3ff0
3faa
0046
01e8
0088
0160
3f48
3fe7
3f61
3f6c
3f85
3fe7
3fca
3f55
0075
008e
0077
0017
023c
004c
01f0
02ec
00d8
0214
00d0
0208
3fb0
3590
3ebc
03e0
00e4
01b8
015c
3fd6
3f42
01e8
3e40
3f4c
3f94
00f0
3f58
0004
3f54
3fe0
3fa4
003c
00a2
00aa
3ff8
3e14
3ea4
3f70
3f60
3f83
3fdd
017c
010b
0071
0014
0019
3ffb
0034
3ffd
0037
0188
0180
0008
01fc
0148
00b4
3ee0
0290
3e68
3c50
0078
035c
00a8
01a4
3e10
3fd0
0048
3e34
3c70
0078
3e38
3a50
3f60
3f34
002c
3fc0
004e
3f72
001c
004c
3fd0
0028
006c
3fbc
3f96
3fe2
3fb4
3f7a
0004
3f76
00f0
0064
008c
0130
00ae
0082
004c
0064
3fe8
01f8
00d0
0128
00b0
3dd0
3ee0
3f60
3eb8
044c
0068
0074
00b0
011e
3faa
3e44
0160
005c
3d8c
3c60
0300
0110
01f0
0024
00a2
3f82
3f12
3f70
3fa2
01e0
00ec
00f4
001a
0049
3fd1
009e
006d
0031
3fde
3fd5
0009
3fa2
3fe5
3fbd
0244
016c
00d8
3fb4
3ef4
00c0
01e0
0040
3e88
3a30
005c
03c3
3f21
3d74
3fdc
002f
00f5
014c
00f0
3efc
0214
0300
3ed8
003c
3e9c
3fc1
3fba
0007
3f8d
3fa6
3fe7
3fe4
0094
3f50
3fa3
3fcf
3fd4
00f5
0049
00ac
006d
0020
004d
0093
00a4
3fef
0124
0040
00e4
3fe4
0048
3f9c
0200
3ff0
3e30
0280
3c68
0437
0159
3fdc
01d0
3fb7
0055
3ebc
0470
3edc
00dc
02a0
3ff0
3fb0
0040
005d
006c
3ff1
3f59
3f3e
001b
3c88
3d7c
3f0c
000d
0053
3fba
0147
0057
00f0
0049
001a
002f
3fc3
0094
3f2f
02fc
0164
0198
3bec
3ca4
3f48
3e70
3f6c
01b4
03f0
0320
0456
3f0c
3d78
3cc8
004c
3fc6
3d68
3540
0120
3f90
3ff0
000c
0040
3fcc
3f30
3f77
3fb9
0142
00cb
0077
3f70
3fd4
3f9c
0068
3fef
0079
3fd2
002b
3fa7
0068
3ff4
0074
007e
00c6
3fb8
0058
0100
3f58
04a0
0230
0270
0b00
3f24
3fa4
3f10
0010
047d
3fb3
0128
3ed8
3f93
00e5
0330
3f30
3ebc
00b4
0150
3dd4
3e84
3f50
3f31
3f00
0031
009b
0040
005b
3ee8
3e9c
004c
0017
003a
3fdd
3fc1
3fce
3ff3
0041
0051
3ff0
00ef
0043
00ac
3fd8
3f4c
008c
008c
0110
3f7c
0370
3f78
0078
38e0
3f1c
04c6
010a
00b8
01f4
0074
3f10
3fc0
0010
0100
3ef0
3af0
3df8
3f60
3e98
3fa6
3fec
3fba
3f74
3f6e
0006
00f4
3fc8
012c
3fd6
3fdb
3ffb
3ff6
3ff7
3fff
002e
3ff3
003b
3f96
3fe7
3faf
3fb0
012c
3e84
3e80
3f38
3f48
06b0
3f84
01dc
3e40
3fe8
040b
3f29
012c
00b0
002f
00d5
0104
3e60
024c
03bc
3f20
3e7c
3fc0
3ebc
3f7b
3f5c
001f
3f77
3fec
3f8b
3f70
3f5c
0014
007b
3fb7
00c4
3f2d
3f41
3fec
0037
0076
3fc1
3eed
3f8e
3f5f
3f64
0028
3f3c
3dac
3ff4
3db8
0460
01d8
3e90
0110
3f10
0361
3fcf
3ea4
00e0
0085
3fbb
3e94
3a40
3fe8
0090
0070
3e78
3db4
00c4
0093
00be
3fd5
3fd3
3f9e
0035
3e10
3f18
3ef8
3f5b
3f7d
3fde
00ed
00c7
0026
0101
00ca
0037
001b
0046
3fd5
00ec
018c
3f60
3f98
003c
3f5c
0b60
3c78
3fa8
0a20
3ce4
046f
005f
3f98
3dac
00b9
0081
3f18
02c0
0164
00e4
05e0
3f98
3f10
0088
0101
0089
0078
009f
003b
0064
3f54
3f60
3ff4
0137
008a
00ad
3fb7
3fb6
0001
3f45
3f5e
3fe7
0045
004a
3ffb
0068
3f80
00e8
0014
3eac
0168
3c00
0088
3e40
3b90
3fd0
0440
004e
024c
02e0
00fe
3fb8
3ecc
3f70
0220
3e88
3bc0
00d0
00d4
3ffc
3fca
3f93
0037
3fe4
3f93
0051
0088
0098
3ff0
3efc
3f65
3f97
0062
0079
3fe9
0108
0052
00b6
3ffe
3fd0
002e
027c
01e4
0098
3fc0
0004
3fbc
3f60
3f00
0150
3d10
3e74
038b
3ef7
3ec4
0034
3fb7
000f
3fec
3e70
0168
0038
03d0
3f00
3f00
0000
0023
00c3
3f60
0013
0041
3fd2
016c
01f4
3f78
0101
0059
00a8
3f05
3f43
3fc2
3fab
3fd3
3fd8
3f87
3fc9
3fbe
009c
0038
0064
01e8
00d8
0110
0640
00f4
00e4
3c40
3f54
0412
0030
0250
3e6c
3fc4
3f26
0060
3d60
3fe4
012c
3dd0
3e6c
3e4c
0020
00e8
0055
0093
005e
0079
3fe5
3f9c
0030
3f6c
000c
000f
3ffd
3fe6
3fa7
003f
00dc
00ca
0012
00ae
3fa4
010a
3ec0
3f18
3fa8
3dd4
0058
3d7c
0280
3e24
0084
0460
012c
03b8
3f2e
3e78
0194
3f70
3fb2
00a0
00f0
3fe4
3f74
3980
3fac
3f94
0018
0026
0047
3fdf
001a
0021
3ff9
3f2c
3fe0
3f4c
003e
002c
0012
0040
3fec
0054
013e
00a7
0097
0030
3f8d
00a3
3e10
3ed4
3f3c
3ed4
00dc
3df8
0070
0278
3cf0
3bb0
02a8
0377
0089
3e44
00e8
3ee9
0007
038c
3ed0
3e74
3ed4
04c0
0050
003c
0014
3edd
3fc4
3f19
008b
3fe8
00a3
3fd0
3eb8
0118
3fcb
0058
3f73
0025
009c
3f89
3fb7
3ff3
3fc4
3fa1
3fdd
3fc4
3f74
3f58
001c
01bc
0164
0058
03b0
3d50
3f40
3f70
0264
044e
0138
01b4
0034
3fe4
3f8a
3ea4
35f0
003c
00fc
0070
3fd8
0128
3eb0
3fae
3f1f
008f
0008
3fe3
0025
3dbc
3e94
3f28
0076
005d
0019
00a8
0005
00a3
0098
3fec
00ac
0006
0006
0000
00bc
0004
00b8
01dc
0234
3fa8
05e0
3d78
0128
0690
3d9c
04bf
00e7
0028
3e8c
3f41
0019
3e70
0110
3fcc
3e54
3a90
3e40
0018
3e28
008b
0075
0016
00a5
000b
009a
3fb4
3ff4
3fc0
00c7
006a
005d
3f4f
3fd2
3f7d
003f
3fac
0093
3f7b
3fe8
3f93
3f90
0054
3f3c
3ee4
3e58
008c
3800
005c
015c
3b20
01a4
0467
3f13
3f4c
00e4
0051
0041
3e64
0430
0008
3fe8
3ee0
00c4
00a4
0020
3ff5
0007
3fee
3f8f
3fff
3f90
026c
002c
0240
003b
3fbe
007d
3ef7
3f1c
3fdb
0087
008a
3ffd
3f27
0038
3eef
0074
0188
3eec
3fc0
3f80
0040
08d0
3f20
3f68
0530
3d3c
03f6
0072
00d8
005c
0078
0088
3fd0
3ac0
00f4
01f4
05f0
3fb8
3e44
0174
0070
00a4
3fcc
3f92
3fa0
3ff2
3d0c
3e6c
3ea0
3fd2
3feb
3fe7
014e
0095
00b9
3fda
3fc5
0015
0116
009b
007b
00c8
3ebc
020c
019c
002c
0170
0680
3ef8
3f90
3e70
3f14
03f3
0019
3e3c
006c
004f
001d
016c
0330
3da8
01c0
04c0
3f18
002c
3eec
0003
006c
3f97
3f6f
3f58
0017
3c74
3e58
3e1c
0061
0091
3fd0
0133
0073
00c0
0019
0010
0009
005f
3ffc
0063
00a4
0084
0020
0038
3f2c
010c
3d60
3f08
00e0
3bc0
3f20
047e
3f5a
02b0
3e30
0018
0000
3ea8
02b0
0060
0198
3d80
3c68
3e1c
3e4c
0118
0084
0094
00ca
00cc
3ffe
00c0
00e8
3fd8
002a
3f85
00a5
0096
0067
002f
0102
0063
009f
3fc6
0019
3fad
3fd8
009c
3f3c
3e10
3f04
3f0c
0130
00d8
0050
38d0
3fc0
041b
0041
00a8
0158
002f
3e85
0000
0470
3f74
3dac
0640
3c98
3f6c
3d2c
006d
0050
001d
3fed
3f80
006d
00a8
0014
0094
3fb1
0027
3f8a
0083
00cd
3fb6
007b
3fc8
00b3
002d
0034
3ff9
0328
013c
01ec
0134
00b8
007c
3e10
3d54
000c
0010
3ec8
0449
006d
006c
0078
0057
3f8b
006c
0490
3e14
3f04
0100
3f7c
0008
3f74
00d9
0055
0084
3f1b
3f0f
000c
0228
0140
00e8
3f75
0024
3f51
0085
0058
002d
004d
0024
0029
3f69
3f58
0011
3f44
0004
3f40
3e2c
0034
3df8
0550
0164
3ee4
3d80
0108
0340
3ffe
01e4
3e10
0004
00ba
0184
3d30
00fc
01a4
3f10
0034
3ff4
0040
3fa2
3feb
3fb7
001e
0053
3fcb
0160
00f4
006c
3f64
3fb0
3fb4
015a
0032
0128
3ee2
3f1f
3fc3
3f34
3f43
3ff1
02ec
005c
0290
3eac
3f00
3fac
01f0
000c
3e8c
3fb0
00b8
036d
3fa7
0100
3e60
3fe7
0091
0290
0050
02d0
0008
39a0
3c0c
3dac
3e60
0185
0060
0125
009b
00b6
3fe5
3ef8
3fbc
3f3c
00c1
0022
009f
0057
0050
0007
3fa1
0021
3f80
002b
0001
002a
3e40
3ee8
3f58
3ca0
3e54
3e4c
3b40
3e04
008c
3fa0
00d4
03e3
3feb
3f4c
3eac
3f9b
0097
3f94
3e10
3f20
0080
3f20
01e4
0150
0094
00bf
005f
0060
3ed3
3fa1
3f32
03a4
0290
0114
3fd9
004f
3f8a
000d
3fd1
003c
3eab
3f3f
3f6c
3f63
3fa9
3fba
01a4
0030
0174
3c58
3e40
3e18
3860
03a8
00b0
3d70
0240
03bc
001a
0040
0230
3e88
3fa6
0288
3f10
02d0
3f38
3eb0
0260
00e4
017c
3fb4
3f25
008f
0004
0035
3fcf
01a0
00e8
00b8
002a
3f7c
00ae
3ffc
0032
3fca
00a6
0061
0045
005c
0025
0037
3e88
000c
3e7c
3fa0
00fc
3ea4
00f0
0004
0064
3ed0
3fb8
030d
007b
0484
3d80
3f8d
003b
00bc
02c0
3d5c
3f2c
39c0
005c
0074
3fe8
00a3
001e
0085
3ff7
0002
3ff5
0018
3f3c
00dc
3fd3
0053
3f80
3f8d
3fd1
3fbc
00b9
00e4
3fd5
3fb3
0018
3f9b
3fd4
0060
3f74
3c6c
3e8c
3de0
3fd0
3d68
3ff8
3f90
3f3c
0497
0033
006c
3f54
00bb
00f3
00e4
0460
3dec
3efc
02e0
00d8
0148
3f90
3fc7
3fc3
0004
006b
0005
0066
0004
3fe0
0024
3f69
3fe1
3f88
3f8d
3fe7
3fa6
003b
3fa9
0092
00ef
0093
005c
00bc
3ff8
00c4
008c
0084
0008
0340
3c18
01c0
07e0
3dac
04a1
0075
3e50
0004
00d1
3f45
3ea8
0560
3f44
3db4
02b0
3fc8
3fc4
0004
3f9b
3fdd
3fbe
0083
0031
0052
0114
00a0
0074
0021
006b
3fb6
3f25
3fa3
3f82
3edf
3f3b
3fa4
3f9b
3fb3
3fe8
0090
3ff4
009c
3e14
3e2c
3fe8
3d30
3f4c
3fd4
06a0
3e68
049c
3f6a
3d38
3dc8
0000
00fa
0118
3ed0
3fa8
0220
0880
010c
0060
00ac
00a0
009f
0001
0014
0029
3feb
0000
0190
3e70
3ff4
3fbe
0036
0062
0002
0060
0032
3fa1
0091
0024
005f
3fc5
0050
0030
0020
0128
0004
0124
3cc0
3ee8
3f98
0540
006c
043c
3fe8
0018
3ec4
3f62
0066
0018
3d30
3d90
0000
03a0
0118
0098
0080
0044
3f9a
00aa
0072
0034
003e
041c
0280
019c
3fc6
002f
3f97
3f4e
3f93
3fbb
3ed6
3f3f
3f97
3f26
3f73
3fb3
3f40
3f60
3fe0
0130
0118
0018
02d0
00f0
3e90
0180
3e5c
051e
3fe2
0064
3f1c
3f36
3ff2
3f3c
07f0
3f88
3de8
3cc0
3f78
00d0
3ea8
0002
3fd2
0030
3ffe
000e
3ff0
0154
00a4
00b0
002e
3fa6
0088
3fb6
3fa2
0014
00ce
002e
00a0
3f0a
3fa6
3f64
3eac
3fa8
3f04
3f00
3fd0
3f30
0280
0260
3ef8
3ee0
3c34
03fc
3fce
00d0
3d24
0114
001e
3c18
3ca0
01d0
3f58
3750
3f28
3e64
00c4
00b0
0097
0019
3fb0
006f
3f41
3d3c
3fa4
3d98
3fdc
3fc8
0014
00ea
001e
00cc
0090
0059
0037
006a
000d
005d
3ff8
3efc
00fc
3f80
00ac
3ed4
0010
023c
3fbc
00c0
3e1c
0423
00ef
3fb8
3ffc
0019
3fe1
0160
0490
3fd4
3f44
00f0
3f9c
3fdc
3fc0
3f61
3fef
3f72
0013
3f93
0080
01d4
001c
01b8
3f91
3fe6
3fab
3eb9
3f90
3f29
0099
006a
002f
0025
3fd0
0055
3f60
3edc
0084
00cc
0094
0038
04c0
01d0
3f70
37d0
009c
02c2
0010
00f4
3f74
00d8
3fea
3fac
3d70
0164
3fe4
3ff0
3f00
3fb8
3f48
0004
000d
3ff7
3fae
3f85
0029
3be4
3ea8
3d3c
0004
3f73
0091
0046
002f
0017
007c
00a2
3fda
0126
0058
00ce
00d4
01a0
3f34
0014
00a4
3f70
3af0
02ac
015c
3d10
021c
0454
3f9c
3e4c
02b4
3efa
3fca
00ac
0190
3fc0
3f60
0580
0184
0074
0110
3ff4
0054
3fa0
3f8a
3f6e
001c
3f5c
0008
3f54
0072
3fe9
0089
3fee
000d
3fe1
3f26
3fc7
3f5f
0072
3fef
0083
017c
005c
0120
0008
3f10
00f8
3a10
0440
0220
3cc0
3ef8
0364
3fbc
01b8
02d0
3fc6
3f56
00d8
0730
3f88
3f28
0100
0068
0008
0060
00c6
0048
007e
3f54
3fb6
3f9e
0328
01f4
0134
3ec6
3f1f
3fa7
0072
002f
0043
0024
0063
3fc1
3f9c
3fdb
3fc1
0180
0068
0118
3c50
3ee8
3d68
0080
0014
015c
04d0
3ed0
04e6
3fc2
3f08
02a0
0034
3fa8
3ef8
0310
3f38
0020
03d0
3fd4
3f08
00cc
0054
0070
3fe4
3f5a
3f76
3fe4
3f98
00b0
3ee8
3f50
3fa5
3fab
0060
3f75
00eb
3ff6
3fd5
0021
3f22
3ff1
3f31
0078
3f10
0168
3fe0
3f44
009c
3d90
00c8
3ff8
3e10
004c
040c
3f00
3e20
0014
0018
3fb8
3ed0
0380
01f8
0218
0060
0120
0090
0090
3fb8
3ff2
3fc6
3f60
3fe4
3f7c
032c
00f0
023c
3fe4
001a
3fca
0090
3ff4
009c
3f3a
3f82
3fb8
3f82
0014
3f6e
0250
0008
0248
3e30
3e68
3fc8
3900
02d4
005c
3c20
0180
03d8
3f98
3d10
01b0
3fb6
3fc2
0120
3ea0
3f60
3ee0
0730
3df4
3e88
3f6c
3f36
3fce
3f68
004c
3fb2
009a
3fd0
01e8
3de8
3f1a
3f33
3fe7
3fd2
3ff1
3fe1
00ba
0051
0069
00d6
3fe7
00ef
3f48
3fe8
3f60
03e8
0220
01c8
02d0
00b4
010c
0570
3e68
0458
0060
3ebc
0010
3fd8
3f70
3fdc
3f30
3ee0
0158
0260
00bc
3fd8
00e4
3fb4
003e
3f76
0024
0096
3f8e
3e18
3f1c
3efc
3fca
3f98
0032
004a
3f9c
00ae
3fc6
3f86
0040
0072
00b2
3fc0
0224
3f9c
0288
3f08
3ecc
003c
35b0
02f8
0238
0350
027c
0288
003a
00ec
0084
0028
3f32
3edc
01b0
012c
3f9c
0010
0080
00d0
3fb0
3f80
3fab
3fd5
00bc
0053
0069
02bc
0170
014c
006c
006a
0002
3f0e
3fa0
3f6e
0064
3fef
0075
3fb2
3f73
003f
3f4c
3f6c
3fe0
00a4
0054
0050
39d0
00e4
0244
3a00
02b4
045f
3f59
0214
016c
3f87
3fd5
0054
3da0
3f9c
00ec
3c20
3edc
0074
3e68
00c9
0026
00a3
3fe1
3fcc
0015
3f74
0088
3eec
004f
0001
004e
3fed
3fe1
000c
0033
3fe2
0051
3fdd
3fc0
001d
0024
00dc
3f48
009c
00b4
3fe8
3df0
01b4
0074
0040
3e84
0398
3fe4
3f5c
3f1c
3f20
0044
013c
08f0
3eb4
0074
0020
000c
0124
3ee8
3ff8
0052
3fa6
0040
0082
3fbe
02f4
0170
0184
3f9c
3fce
3fce
3fbc
3fea
3fd2
0034
0052
3fe2
3eb4
3eda
3fda
3da4
3f34
3e70
3e84
3ee4
3fa0
3cb0
0180
3e88
3da0
00e8
043e
3fd2
3f20
01e0
3fb0
0000
3f48
0020
0054
3fa4
0410
0090
0044
004c
3fc2
001e
3fa4
0018
3fd6
0042
3f90
004c
3f44
0076
3fe5
0091
00ce
0053
007b
3e74
3edd
3f97
0054
3fe7
006d
0058
3fb4
00a4
0244
3fdc
0268
0280
00b0
0130
3cf0
3e14
03e0
00ac
0094
00a4
0012
3fb6
0144
0200
0224
3de4
3c60
3f38
3f40
3ff8
3fb2
0010
3fa2
0020
3fd2
004e
3dbc
3f7c
3e40
0060
0013
004d
001c
3fff
001d
00a6
00c9
3fdd
007a
0011
0069
0014
3ff4
0020
3f54
3f4c
0008
0340
00d8
0038
0220
3f20
046d
3fd3
013c
3d40
00a9
3ff3
3f44
3a10
3f34
3fb4
3aa0
3ff8
3e60
0198
0095
0030
0065
3ff9
000e
3feb
00b8
00b0
0008
3e8b
3f3f
3f4c
3fa1
0003
3f9e
00cd
00ae
001f
3fdf
3f84
005b
3e14
3f70
3ea4
3e44
0064
3de0
03c0
3dac
007c
0740
3fdc
04a5
0033
3f28
3c5c
011b
00d5
0258
3c60
3fdc
0014
0070
0184
003c
0148
3fb7
3fbc
3ffb
00bd
0038
0085
3d8c
3f54
3e38
00b1
0084
002d
006f
0000
006f
0059
00ab
3fae
3fff
3f61
009e
3cf0
3e60
3e90
3ff4
0130
3ec4
04a0
3fec
3fd4
3ef0
3f34
03eb
3fdb
01dc
3eb4
00d7
3fdb
3fe4
3ac0
028c
3f3c
38d0
3f14
3f20
3ff4
3f79
3fa3
3fd6
01c5
00cd
00f8
002c
0004
0028
0039
002f
000a
3ed5
3f65
3f70
3ff1
3fe5
000c
3ff5
3f6b
008a
3c04
3d68
3e9c
018c
01e4
3fa8
3a60
3ec0
01f0
3ba0
00e4
0344
0004
0098
00ac
005c
3edc
3fc8
3f90
020c
3dcc
00d0
3fc0
0018
3fa8
0000
0006
3ffa
0060
004a
0016
034c
00f8
0254
3fe6
0010
3fd6
003a
0058
3fe2
0006
0038
3fce
3fde
3ff8
3fe6
0258
0130
0128
014c
01ac
3fa0
3b90
00e0
3e60
0010
0184
0401
008d
009c
0344
3f8b
3eeb
3f54
3ef0
3f48
3f20
01f0
3f88
3fa8
3fe0
3feb
3fbb
0030
0035
3ff7
003e
3c8c
3f1c
3d70
00db
0082
0059
00b3
0064
004f
3fa7
3fce
3fd9
00af
0040
006f
0114
0048
00cc
00d8
00a4
0034
38f0
0220
00b0
3aa0
033c
03ca
3f1a
021c
017c
3f2c
3f64
01b4
39a0
3f1c
01b4
0260
0130
3ff8
0138
006c
0010
005c
001e
3fde
0040
3f4c
3fc4
3f88
0020
3ff3
002d
0034
3fbb
0079
3eae
3faf
3eff
006a
0033
0037
3e94
3e88
000c
3f3c
3f48
3ff4
0370
0144
00e4
3d30
3cbc
03da
00da
3fa8
3e9c
3ff0
3fe4
0140
00a0
0120
3cc0
01c0
3f64
3f6c
3ff8
3f9e
3fe0
3fbe
005c
0058
0004
016c
0034
0138
000e
0047
3fc7
3ed6
3f99
3f3d
3fa0
3f9d
0003
0030
0027
0009
3f58
3ecc
008c
0290
0108
0188
3d50
3fe8
0150
0630
00ac
0431
3f0f
3ef8
02d4
000d
3e9b
3ec8
0100
0104
3eec
3720
00f0
017c
3f74
3fb1
3fd6
3fdb
3f89
3f7e
000b
3f4c
3f60
3fec
00f5
0065
0090
3fcf
0023
3fac
3f85
3fee
3f97
3edb
3fca
3f11
3c08
3ed8
3d30
3c64
3d38
3f2c
3cf0
019c
0104
3ff0
029c
0337
3f89
3e14
00ec
3fc7
3fa1
3f14
3910
00c8
0270
0350
3de4
3e60
3f84
3fa7
0020
3f87
0017
0088
3f8f
3fcc
0084
3f48
3faf
3fa7
0008
0039
3fcd
006c
0017
0008
000f
3f89
3fd0
3fb9
0284
01cc
00b8
3f60
0074
3eec
3f40
019c
3fc4
0420
3f84
045c
3f50
3aac
009c
3ff4
3fc0
019c
02c0
3fbc
0304
0650
3eec
3e78
0074
3fce
0084
3f4a
007a
000c
006e
02dc
00c8
0214
3f44
3f1e
0026
3fa0
3fbe
3fe2
3f42
3fe8
3f5a
3fae
3fe4
3fca
3f7c
3fd4
3fa8
0094
3f50
0144
01b0
0064
3f94
3c50
3df0
0387
0021
01d4
0268
006d
3f87
3ee4
0470
3ff8
3fb0
3c20
0014
3f74
00a0
0167
0182
3fe5
3f81
3ff0
3f91
3ed8
3f1c
3fbc
006f
0036
0039
000d
0010
3ffd
008b
002d
005e
3fc5
0005
3fc0
3f6c
0074
3ef8
3e88
3dec
009c
39e0
02a0
3f50
3ac0
3ea4
0389
0021
3f90
01cc
3f6d
0049
00a8
0380
011c
0034
3cb0
3fc0
0008
3fb8
002f
00bd
3f72
005b
006f
3fec
023c
0170
00cc
0069
3fcd
009c
3f6d
0013
3f5a
3fdd
3fa3
003a
3f89
3fe9
3fa0
3e70
007c
3df4
0014
3f18
00fc
0980
3e7c
3dbc
3ed0
3fac
0393
3ff7
01cc
3f24
002f
0013
3f24
02c0
3f6c
3e94
3c20
3fe4
3f94
0050
006d
3faf
00be
3f81
0003
3f7e
3dfc
3e58
3fa4
005d
0055
0008
3f99
3fd1
3fc8
00b3
0031
0082
006f
0089
3fe6
3de4
3f48
3e9c
00bc
0178
3f44
06b0
3ca0
3ff8
0410
0044
042e
3fc6
3cdc
3f94
003e
00a6
0304
3c60
00e0
3e28
0500
3ee0
3e94
004c
3f52
3fb0
3fa2
0116
0050
00c6
00b4
004c
0068
008e
0098
3ff6
3f62
3fd0
3f92
3fda
3ff2
3fe8
00b2
007a
0038
3e0c
3d70
009c
0318
014c
01cc
0a40
00f0
3ec8
0340
3bdc
0375
00d1
3f70
3e3c
3fd1
0089
3fe0
3a10
3f74
0284
0ae0
0038
3e64
01d4
001b
00d5
3f46
0027
0027
0000
3dd4
3fac
3e28
0051
007d
3fd4
0081
0027
005a
3fc1
3f8b
0036
0085
3fed
0098
0160
3eb0
02b0
00b4
3ff4
00c0
3f00
3fb4
03dc
07a0
3d44
0462
003a
3fd8
00bc
0020
3f68
3e38
02e0
3f94
3ddc
3c80
3f74
3ef0
0084
00c8
009e
002a
005a
3fe8
0072
01b4
01b8
3ffc
3fe0
0021
3fbf
3f28
3f0d
001b
00de
00cf
000f
008a
3fdb
00af
3e18
3ed0
3f48
3de4
3f90
3e54
3760
3fb4
034c
3f60
0140
0546
3f72
3e2c
01c8
3f42
3fbe
0154
0260
3e80
3f60
3d70
3dd4
3f80
3e54
3f94
3fa0
3ff4
3fe8
3fd8
0010
01c8
009c
012c
3fe2
004c
3f96
3f82
3f68
001a
002c
0004
0028
0060
002c
0034
3fa4
3fb8
3fec
0128
00c8
0060
0220
3f34
3db4
3f30
016c
0403
3f51
3f1c
3ee4
0063
0069
3e5c
3950
0024
02bc
3e10
3f3c
0074
3ec8
3fd3
0024
3faf
3f9b
3fb8
3fe3
02dc
01f0
00ec
3fb5
3fdf
3fd6
003b
0031
000a
0065
002c
0039
3e77
3f10
3f67
00b4
012c
3f88
3d8c
3f80
3e0c
0830
3fc0
3d90
3970
0088
03ee
3fe6
015c
3ea0
007e
00fa
0254
3950
3ed4
0314
08a0
3e30
3f78
3eb8
3fe4
3fc8
001c
0004
3f8e
0076
3df0
3ebc
3f34
000c
003e
3fce
00f8
002c
00cc
0150
0082
00ce
3fb0
3fb8
3ff8
02ac
00f0
01bc
0084
019c
3ee8
0450
0250
3d78
3a50
3e74
038a
00a2
0130
022c
3fc4
3fcc
3fd8
02b0
001c
3fd4
3c60
3d70
3df4
3f7c
00b6
00b2
0004
3fa0
3fc0
3fe0
3e3c
3e50
3fec
3f4c
3f97
3fb5
003c
3ff3
0049
009c
002f
006d
008c
00bf
3fcd
01a0
01dc
3fc4
3cd4
3e18
3ebc
3c30
3ea8
00e8
0600
02cc
03e4
3f0a
3ff0
3e5c
0070
004a
3f60
3be0
016c
00fc
3c60
02e8
00d8
0210
3f68
3f83
3fe5
3fe0
0039
3fa7
01bc
0104
00b8
3fa6
3fba
3fec
0090
008a
0006
3f74
0029
3f4b
0062
0003
005f
3cd0
3e68
3e68
3f74
00d4
3ea0
0520
3e94
3f3c
3f20
006c
0443
3fc7
3e10
3d8c
0053
007f
0008
01e0
01b4
00cc
39b0
0004
3fb8
004c
3eef
3f71
3f7e
0077
0085
3ff2
00cc
3f04
01c8
3f67
3f65
0002
0027
0001
0026
3ffb
0065
3f96
008b
0041
004a
3e50
3fa4
3eac
00c4
00d8
3fec
06c0
3fa8
0050
0220
0048
0460
3f48
3ed8
3f30
3ff0
0050
3fb0
3fb0
00f4
3f5c
3ca0
3e20
3d44
00dc
00c0
00ae
0012
3f74
3fe2
3f92
3df0
3cf4
00fc
00c4
0062
0062
3f9c
0026
3f76
0064
0096
3fce
3ff0
0056
3f9a
3d78
3fbc
3dbc
3cac
3d58
3f54
3ed0
0118
3d70
3eb0
0280
0372
004e
3e08
3f68
0112
0012
3f58
3ef0
0010
3dd0
0200
00d8
3fa4
0134
3f40
3fe0
3f60
3f28
3fbe
3f6a
3f90
3f6c
0024
000c
3ff6
0016
3f8c
0030
3f5c
3fa4
3fce
3fd6
3fe4
0014
3fd0
01b0
0228
3f88
0028
3ef0
0138
0380
3f40
0148
0550
008c
03e2
3f94
3e10
024c
00be
3f70
01a8
0150
3f68
0120
0940
00c8
3fec
00dc
3f76
3f5b
001b
00de
3fe7
00f7
3eb4
3e1c
0098
3fd8
3fd8
0000
000e
3fb2
005c
3fc8
0049
3f7f
0046
0099
3fad
0258
012c
012c
3fb0
3f84
002c
0050
3eb0
0198
3d80
02e8
042b
0065
009c
0108
3f61
3f27
00a4
3e50
3ee8
3f48
3ec0
3ef8
004c
3eac
3f9b
3f76
0025
0065
005e
0007
3e68
3ed8
3f90
0097
3ffe
0099
3ff1
002a
3fc7
00e5
0023
00c2
004f
00b5
3f9a
0234
01d8
005c
0220
0258
3fc8
3f30
3f84
3f7c
0030
0340
03dd
003d
00c0
3f50
3fa3
001b
3f80
3db0
024c
3e54
3680
3f44
3fb0
3f94
3f13
3f6b
3fa8
0031
0065
3fcc
3e80
3f90
3ef0
00dd
001a
00c3
0085
0072
0013
008b
0070
001b
3feb
3fe8
0003
0030
00f8
3f38
0054
00f8
3f5c
3eb0
0094
00bc
00a0
0330
03fe
3fb8
3f28
3fa0
3fb4
3faa
3f98
3c60
0040
3e58
0300
3edc
3f50
3f8c
3f68
3fbb
3fad
010e
0047
00c7
3f58
0068
3ef0
3f5e
3f1b
0043
3f98
3fc3
3fd5
013a
0050
00ea
0064
0006
005e
0190
01c8
3fc8
04a0
0324
017c
3d90
3f48
01e0
3df0
0040
03ce
3f4c
01a4
3fd0
0060
3eb6
0034
00f0
002c
3f74
0110
00d0
00f4
3fdc
006a
0065
0005
00e8
002b
00bd
0180
01c0
3fc0
3fd2
3f97
003b
00e0
0021
00bf
3f6a
3f7c
3fee
3f40
3fec
3f54
017c
008c
00f0
019c
3f68
0234
3dc0
0254
0114
3ef0
3f4c
03c8
0028
0024
3f84
000e
3fd6
0074
3b40
3e38
0210
0560
0114
013c
3fd8
002c
3fd6
0056
007a
005c
001e
0104
01b8
3f4c
3e94
3f1b
3f79
3fc0
3f3b
0085
3f98
3fbf
3fd9
0138
002f
0109
003c
3f44
00f8
0270
0204
006c
0220
3f1c
0184
0070
3dd0
0528
3f88
3d74
3f18
3faa
005a
3e84
3720
0070
0300
0120
00bc
3f80
013c
3ff2
005a
3f98
3f54
3fd0
3f84
3ea0
0104
3d9c
3ff8
3fb5
0043
3f7c
3f21
005b
0052
3fb1
00a1
000e
0065
3fa9
00cc
014c
3f80
0288
0030
0258
3dd0
0200
3e10
01d0
3f54
0365
00a9
0124
044c
006f
3f57
3bd4
0140
0244
3f44
38a0
0158
0138
0020
3fd3
3fa7
002c
3ee5
3ef7
3fee
005c
00c8
3f94
3fab
3f8a
0021
00b3
0094
001f
0057
0046
0011
3fd7
000c
3fcb
0134
0184
3fb0
3f34
0034
3f00
02c0
3fe0
3f30
3ba0
3ecc
045e
0098
0200
3f6c
3f38
3ffe
3f18
0090
3dac
3e4c
3420
3f58
00a8
3eb0
000a
3f8d
007d
0010
0079
3f97
3fdc
3f4c
0090
012e
011f
000f
0094
003b
0059
0044
3fde
0066
3fca
3f9c
002e
3e18
3f24
3ef4
3f7c
01d4
3da8
0050
009c
025c
02a0
3ea0
03ea
0096
0060
3e28
3fe6
012e
3fa0
3bb0
3fb4
3e4c
01b0
3e3c
3e74
3fc8
00ba
0098
0022
3ffa
0002
3ff8
3ee0
3eec
3ff4
3ff2
3fe4
000e
3ebe
3f46
3f78
0020
0004
001c
00b8
00ae
000a
0088
3f20
0168
0134
0088
00ac
0260
3fc4
3fd4
3e00
3f88
02fe
008c
0204
0310
3f3e
3fc8
0084
3fb0
01a8
3f58
3c50
3ea4
3f0c
3f98
00c2
007f
0043
3fa6
3fdd
3fc9
3e48
3f04
3f44
0038
0058
3fe0
0042
0034
000e
3ff6
3fe1
0015
00e8
005f
0089
02cc
0104
01c8
3f80
0088
3ef8
0150
00f0
3d38
3be0
3f30
0333
3fed
00ec
3f28
3fd9
008b
0084
0050
0200
0140
0200
00c0
01dc
3ee4
0077
3fda
009d
3fe9
3fa8
0041
00e8
3ffc
00ec
000f
001e
3ff1
004d
000c
0041
3fdb
3fd5
0006
3f3d
3fb5
3f88
01d4
00e8
00ec
3e88
3f80
3f08
0870
00ec
3e6c
3f60
3edc
0441
001f
0090
3f54
0143
00d1
3f58
3ba0
00b0
0230
3fd0
3f5c
3fec
3f70
006d
002a
0043
3f8f
3f38
0057
3ce4
3f40
3da4
0065
3fb6
00af
3fab
3fc4
3fe7
3fbd
3fab
0012
0057
3fe7
0070
3e68
3f3c
3f2c
00c8
0048
0080
3f40
3e68
0008
0150
00a8
04ad
3fe5
0078
3f68
0031
010d
01f8
0060
0058
3f58
3cc0
03b8
02a8
0110
3f4b
3f2d
001e
0023
0017
000c
0050
3fb8
0098
010b
0049
00c2
3f4b
3f57
3ff4
3ff3
3fc3
0030
3fd3
3ff9
3fda
3e78
3fc8
3eb0
0250
0150
0100
3790
00a4
009c
3fe0
0384
035c
0072
0194
3e04
00f2
3fc8
3f84
3860
01dc
3fdc
3b80
00ec
0210
3edc
3fb0
3f4d
0063
00ea
005f
008b
02f4
0254
00a0
3f10
3f4d
3fc3
3f66
3fbb
3fab
0068
0040
0028
3f7a
3f70
000a
3e44
3f14
3f30
3f74
004c
3f28
3e90
3d14
3f24
0cd0
029c
042a
3fbc
3d4c
009c
0002
3f40
3cf4
3ec0
3fc4
0014
00a0
033c
0104
0238
3f22
3fa1
3f81
3f5e
000b
3f53
3e94
3dbc
00d8
3fc2
0076
3f4c
011c
0112
000a
3ef4
3fb3
3f41
3fee
3ffd
3ff1
005c
3f58
0104
3f44
3f74
3fd0
02c0
0050
0088
0030
3e48
0443
0057
3dd8
3ee0
3f2f
0057
0058
39e0
0308
0050
3e10
3e10
007c
3d94
3ffb
3fe5
0016
00a7
007b
002c
3f50
0014
3f3c
010b
004f
00bc
0027
0039
3fee
0109
3fe1
0128
0011
0007
000a
0058
0130
3f28
0148
01ec
3f5c
0ad0
00e0
3d38
3c40
0094
042f
3fa7
3f0c
3c04
0031
0065
0214
35b0
01fc
024c
3f00
3c28
3d74
3eb4
0069
004b
001e
0123
008b
0098
3d6c
3e8c
3ee0
0047
3fda
006d
015b
00b8
00a3
001f
3fe8
0037
3ff3
0012
3fe1
00a4
0110
3f94
023c
0194
00a8
3de0
0108
3ee8
3fc0
3fa8
048e
3ff2
3e60
0060
0004
000c
3fb8
3dc0
00e0
01b0
00a0
0178
0018
0160
3dde
3f2c
3eb2
3fa0
3f70
0030
3f00
3fc4
3f3c
004e
0041
000d
00b6
002b
008b
3fd8
0043
3f95
3fdc
3fed
3fef
3eb8
3efc
3fbc
0210
00c0
0150
0150
0064
01c4
3f50
3fdc
0520
3ffe
3f78
3f2c
007a
3f44
3f70
3e70
3f20
0120
0880
3c54
3e54
3e00
3fbe
3f91
002d
00b4
0069
004b
3cb4
3e14
3ea0
3fe0
3fb5
002b
00c2
0055
006d
00a4
003a
006a
0142
014c
3ff6
02a8
3fa4
0304
0010
0008
0008
38e0
3e90
04b0
01d0
0308
03e6
3f22
3dfc
00c8
00a2
3faa
3f4c
3910
0000
0128
3cf0
00d0
0130
3fa0
3ed2
3f50
3f82
00ce
006a
0064
0070
0190
3ee0
3f78
3fba
3fbe
3eb8
3f18
3fa0
00f2
006a
0088
000e
3fb8
0056
3ea4
00e4
3dc0
00f8
00d4
0024
3ae0
024c
00f4
3ad0
021c
044c
3ea6
3e34
01b4
3f32
002c
0054
3870
3fe4
0344
3f80
00a4
0120
3f84
3f9c
3f53
0049
0006
3ffd
0009
3e9c
0030
3e6c
00b6
0041
0075
0110
006b
00a5
3f76
3f96
3fe0
0044
001e
0026
01dc
006c
0170
00a4
01bc
3ee8
0130
01c8
00b8
0300
0304
041c
3eee
3fdc
014c
3f90
3f0a
3dbc
3ec0
3dc8
01e0
05c0
3ca0
3dc0
3ee0
00b6
0059
005d
3fea
3fc1
0029
0004
3ed0
0134
3f8c
001a
3f72
0026
0034
3ff2
007a
007b
3fff
3fb8
0023
3f95
0084
3fcc
00b8
3eb0
3efc
3fb4
3e10
0230
0020
0540
00d4
03f9
3fd5
3dc8
3f2c
3f89
0025
01c0
01e0
3f2c
0104
05d0
3f60
3ef0
0070
3f21
3fd5
3f4c
0135
00d1
0064
014c
3f98
01b4
3fb1
3f6f
0042
3ff5
0063
3f92
3f95
3f79
001c
0015
3fd9
003c
0038
3f4c
00ec
026c
00a8
01c4
02f0
0038
3e20
37a0
0194
02bc
3fb2
0174
3b9c
017a
0060
3ef4
3a70
0180
3e80
37d0
3d08
3e2c
3edc
00ce
0087
0047
00c0
005d
0063
0074
0000
0074
3fba
3f85
0035
3fc4
001b
3fa9
004c
004c
0000
3f8a
3fc4
3fc6
017c
024c
3f30
3ee0
3fc0
3f20
3e60
3f7c
009c
07b0
00c8
02f8
0020
022c
01b8
3fe8
3ffc
3c9c
3ab0
02c0
3f68
3c20
3fdc
3efc
00e0
00b8
0052
0066
3fac
0008
3fa4
0010
0198
3e78
004e
0000
004e
3ff2
0026
3fcc
3f50
3f32
001e
00e4
3fe8
00fc
000c
3f64
00a8
00a8
007c
002c
0240
3e78
0198
07a0
3ebc
0508
00f8
0070
3e9c
008e
3f7a
3cd0
07e0
3d64
3dec
03a0
3fb8
3f58
0060
0030
3fea
0046
0056
000a
004c
3f4c
3e7c
00d0
3ff6
0073
3f83
002e
3fdd
0051
3fbc
3fe9
3fd3
0064
008f
3fd5
0050
3ed0
0180
00f4
3f70
0184
3d90
0098
00b8
3d40
011c
0313
3f0f
3f9c
008c
00c5
002d
0164
3b90
03f4
01cc
3fb0
3de8
0110
3cd8
0049
3feb
005e
008b
3f9b
00f0
3dcc
3e44
3f88
00a3
004a
0059
3fdb
0050
3f8b
006f
004c
0023
3fa3
3fba
3fe9
3f5c
00d0
3e8c
016c
3fd8
0194
3fb0
3cfc
3ea4
3f30
3ff4
0372
3fb4
01b8
0044
0166
3fbc
3f78
3920
01e0
0150
0510
02ac
01a0
010c
0040
0077
3fc9
3f64
3fa9
3fbb
00ac
025c
3e50
0010
0000
0010
011a
0090
008a
3f38
3f41
3ff7
0002
3f6b
0097
0110
3fc8
0148
0248
0070
01d8
37e0
00fc
3d84
3c40
0004
038e
0088
0268
3f9c
006e
0130
00b0
0280
3fe4
0054
3f20
004c
0198
3eb4
3fe0
3fc5
001b
3f90
3fc1
3fcf
0394
01a0
01f4
0000
3fb0
0050
3fa6
3fe2
3fc4
0002
004d
3fb5
3f20
3f91
3f8f
3d98
3f84
3e14
3e24
3f9c
3e88
3c60
0324
0054
3e20
00c4
02d7
0053
02a4
3f64
00d3
0027
3cd4
0620
014c
3e2c
00e0
008c
3f14
0178
0037
3feb
004c
3fbf
000b
3fb4
0274
0114
0160
3f67
3edb
008c
3f77
3fbb
3fbc
3f6b
3fb3
3fb8
3fff
0067
3f98
01b4
017c
0038
001c
3f1c
0100
3b70
0168
0030
01c0
01f8
027f
3fb1
3f34
0360
3fff
3fa5
0154
0a30
3eec
3f4c
0270
0078
0064
0014
3fa9
004c
3f5d
3f0d
3f7a
3f93
0250
00d4
017c
3f95
3fe1
3fb4
0003
0009
3ffa
3f7d
3f8e
3fef
003b
0040
3ffb
0024
3f8c
0098
3ef4
3e9c
0058
0840
3fd8
3e60
3d10
3d2c
03ad
0113
0008
3f5c
0029
0013
3da0
3fa0
3f9c
0124
0130
3ea8
3f5c
3f4c
3f4d
3fee
3f5f
3fd9
0018
3fc1
3d94
3e9c
3ef8
0087
006d
001a
0145
00b1
0094
000d
0002
000b
3f83
001c
3f67
01a0
001c
0184
004c
3ee0
016c
0290
3f5c
002c
0400
3e18
04f4
008a
3f00
0048
3f94
3f6e
3f20
0280
3f84
3df4
38c0
00fc
3f34
01c8
001a
0049
3fd1
3ff2
004f
3fa3
00a8
3fb0
00f8
001a
0036
3fe4
3fc0
3fc6
3ffa
3f5a
3fa3
3fb7
3f5c
3fb1
3fab
3fa0
0020
3f80
3fb4
00cc
3ee8
0130
3f9c
3c4c
3fc0
3c68
04a6
0086
3e48
02f0
3f58
3ff8
0050
0c40
3e9c
3e84
0490
0054
008c
3fc8
0020
0006
001a
3f42
3fa8
3f9a
3f78
3f1c
005c
3fac
3fcf
3fdd
0064
00db
3f89
0146
00f3
0053
3f8a
3f9f
3feb
0090
017c
3f14
3d54
3eb8
3e9c
3ce0
02f0
0290
37a0
006c
02d8
0066
0218
3f2c
001e
3fd0
0190
3cc0
3eb0
3f90
0830
3d20
3f30
3df0
0052
001f
0033
00d0
0077
0059
3e5c
3ffc
3e60
3fee
3fe9
0005
3f3c
3f41
3ffb
0072
3fc8
00aa
0038
3ffa
003e
02a0
0114
018c
0140
0170
3fd0
0940
004c
3f6c
3870
3ebc
03d6
0068
027c
3eac
0054
3f72
001c
0250
3f68
3cf8
3d40
3aec
3d9c
3d50
00b2
001b
0097
00a4
0047
005d
3d4c
3eb4
3e98
3f28
3fb1
3f77
3fa2
0011
3f91
00c6
0060
0066
010c
00ea
0022
0074
010c
3f68
3fc8
3fd0
3ff8
3b00
3e20
03d8
03c0
01dc
03f1
3e95
3e98
3e34
3fc9
001d
00f0
3ce0
3fe0
0208
3e10
3ff0
00ac
3f44
0097
0051
0046
00ff
009d
0062
3fc4
3fb0
0014
0027
0039
3fee
3fb3
3f61
0052
3f9d
3fb9
3fe4
0039
0001
0038
3e30
3f34
3efc
3fd8
3f64
0074
3df0
3e7c
00e4
03d0
0104
03aa
3fdc
00cc
00ac
0048
3f82
3d14
3c10
01c8
3f58
3e50
00a4
00b0
3ff4
3fa8
3f95
0013
3f56
3fdf
3f77
3d5c
3df0
3f6c
00f2
00bf
0033
0080
0001
007f
3fc0
3fdc
3fe4
3fc6
0070
3f56
030c
0138
01d4
3fb0
3f08
00a8
0220
0070
3e78
39f0
3fc4
033b
0067
0288
00cc
3f1f
00db
0030
3b30
0234
3d6c
34e0
3f68
3f84
3fe4
0057
001b
003c
3fa7
3fb3
3ff4
3c8c
3da8
3ee4
00c1
0007
00ba
3fb5
0047
3f6e
0141
0081
00c0
00c1
001d
00a4
0060
0144
3f1c
0124
0228
3efc
0240
3ec8
3f38
04b0
3fac
04e7
00dd
3f88
009c
00f1
3e77
3b98
3e30
0140
3f58
3d60
0058
3fe8
0070
3f49
3f30
0019
3f4f
3f7a
3fd5
00ac
3f04
01a8
0021
3ff2
002f
3fd3
0040
3f93
3ff3
3fff
3ff4
002d
0027
0006
3e78
3fb0
3ec8
3f80
0064
3f1c
3910
3e38
0090
01b0
0238
03c4
3f16
3cdc
02d0
0082
3f84
000c
0070
0148
3f20
0240
0348
0294
00b4
3efa
3f41
3fb9
3f50
3f77
3fd9
3f18
3efc
001c
009c
00a7
3ff5
3f9e
3fc5
3fd9
0072
3fd4
009e
3fa8
3f98
0010
010c
012c
3fe0
00a8
004c
005c
0280
3e9c
00b4
3e20
0180
03a3
3efd
00b0
3e80
0097
3f41
3f28
3d60
3f04
00b4
3f40
3ec4
3fe8
3edc
3fe7
3fb8
002f
0073
0024
004f
0178
0088
00f0
3fb3
0041
3f72
3fc1
003b
3f86
3fff
0018
3fe7
3fbd
3f54
0069
3e28
3e0c
001c
00bc
01a4
3f18
3b70
00fc
003c
3e70
3f64
0461
3f1d
3d34
021c
3fdd
0039
0144
01c0
0028
0060
0420
0254
0244
0010
0029
3f99
0090
3f61
3f45
001c
021c
0130
00ec
3f39
0005
3f34
3fed
3fe9
0004
3fa1
3fb3
3fee
00b9
003f
007a
0184
3fd4
01b0
0170
0114
005c
39b0
026c
037c
0210
0384
037d
3f11
0100
0004
007b
3fbf
3e10
3eb0
0268
3fd0
3650
0124
005c
00c8
3f93
3fbb
3fd8
3fd1
3fc9
0008
01cc
0054
0178
3f97
3f94
0003
3ef3
3fcc
3f27
0059
3fea
006f
3fd9
0016
3fc3
3f00
3f60
3fa0
0030
00e4
3f4c
0310
3ef8
0198
0350
0148
032b
3fdd
3ef8
0038
3f91
0043
02e8
0550
3d90
01c8
05f0
3f20
3e78
00a8
003b
0086
3fb5
00b9
0064
0055
0350
0000
0350
3f8f
0076
3f19
3f59
3f90
3fc9
3fbf
0025
3f9a
3f65
3f9d
3fc8
0070
0018
0058
3f20
3f2c
3ff4
3af0
3f48
00f8
07b0
3e80
0400
3fe6
0050
0290
3f80
005e
0068
0430
3f50
0298
0160
0178
0180
3ff8
0000
3f99
0067
3fbc
3f3d
007f
0068
3fd8
0090
3fec
002a
3fc2
00a2
3ff8
00aa
3fc0
0055
3f6b
3f92
3ff1
3fa1
3e68
3eb4
3fb4
3e60
3d54
010c
00d0
027c
010c
3c50
3fcc
0356
0080
01c0
020c
3f3a
3f08
3fb8
0860
3e84
3e84
0300
3edc
000c
3ed0
3ff0
3fa5
004b
004c
3fcb
0081
00c4
002c
0098
007a
3fe2
0098
0014
0022
3ff2
3f8e
0009
3f85
3f9c
3f77
0025
3ef0
001c
3ed4
0094
006c
0028
0020
0138
3d60
3a40
022c
0340
3fec
0234
3df4
0042
0056
0074
37b0
0290
0030
36b0
00a0
3fc4
00dc
0084
0052
0032
0002
0084
3f7e
015c
0048
0114
3fea
0013
3fd7
004a
005f
3feb
005a
00ad
3fad
3fe2
3fb9
0029
3e1c
3fac
3e70
3e10
0040
3dd0
0a90
3e34
3ec4
3ce0
3da0
043d
014f
02c8
00f0
0053
3fa5
3f50
0830
01d0
3dc8
3c10
3f24
3f64
3fc0
3efd
3f58
3fa5
004b
0032
0019
3c48
3d08
3f40
0169
0126
0043
3fcb
3f6c
005f
009d
008d
0010
00bb
007d
003e
3d10
3d44
3fcc
0050
3f94
00bc
3a70
0050
3f28
04e0
008c
0457
3fc3
3e24
018c
0065
3f8d
3f4c
0810
3fb4
3f74
02c0
0070
0024
004c
3f99
3f63
0036
00a3
006b
0038
012c
00a4
0088
003b
0002
0039
3ff3
3ff4
3fff
3fe3
0086
3f5d
0027
3ff0
0037
3e94
3f38
3f5c
005c
3fa4
00b8
37d0
0388
0130
0160
01e8
02b2
006c
0034
3f40
3fea
3f74
3f5c
39a0
0210
3fb0
38e0
0018
0034
3fe4
0040
0023
001d
00ac
0067
0045
3f70
00ec
3e84
00bc
0042
007a
005a
3f8c
00ce
3fba
3fb3
0007
3f24
3f7f
3fa5
3eec
3f98
3f54
3f98
3fc8
3fd0
0210
3f8c
01f4
3f20
3d34
0444
0074
01a4
3dbc
00e2
3fae
3f5c
0680
3f9c
00d4
0470
3f9c
0040
3f5c
00a4
006e
0036
007a
0006
0074
02c4
0088
023c
3ff2
3fb7
003b
3f32
3f69
3fc9
3fb0
3ff9
3fb7
0040
007f
3fc1
0034
3f70
00c4
3e74
3db0
00c4
3ef0
0128
3fc0
02e0
00e8
03c5
3fd1
0014
3f80
3f87
0097
01ec
0170
3eac
008c
3d80
0030
008c
3fa4
3fef
3fb1
003e
00cd
0035
0098
0028
009c
3f8c
3f17
3f3a
3fdd
004b
3fd0
007b
3f3f
0010
3f2f
3fb7
3fbe
3ff9
3dec
3f60
3e8c
3d7c
3ebc
3ec0
0320
0114
3f74
3a40
3e38
03b0
016e
00c0
0200
005c
001a
3fe0
0030
00c0
3f38
3d10
3e1c
3ff4
3e28
3f90
3fe1
3faf
3fe4
3f85
005f
3fd0
010c
3ec4
3fbe
3fd8
3fe6
3f14
3f82
3f92
00c6
3fd9
00ed
0000
3fa5
005b
0198
0078
0120
3f60
3fdc
3f84
0780
3e08
3f88
3ac0
3d24
0465
000f
0044
3edc
3fc5
00af
02cc
0060
3f60
0038
05a0
3f38
3f68
3fd0
00ab
00d4
3fd7
008b
3fec
009f
00c4
3f18
01ac
3fa9
000f
3f9a
005f
005d
0002
3f9f
3fd0
3fcf
3f7d
3fe8
3f95
000c
00f0
3f1c
0118
3f04
0214
3ed0
3de8
3fd0
3ea0
0354
02d8
0036
01c8
3e94
01a6
3fe0
3eb0
0020
0328
3f70
3a10
00d0
3fc4
010c
3fa0
3fdd
3fc3
3fb2
0015
3f9d
006c
3fec
0080
009c
00b1
3feb
3ffe
3fc5
0039
0056
3ffa
005c
3f90
3fc4
3fcc
0098
3fb4
00e4
3db8
3f3c
3e7c
3e30
00cc
03bc
3f20
0074
0367
3fcb
3e6c
0344
0059
3eb1
0034
02b0
3f0c
3e34
0040
3e04
3fa4
3e60
3ffb
3fff
3ffc
3f5d
3f0f
004e
0014
3f04
0110
3f61
3fb4
3fad
3fa9
3f7e
002b
00bf
002a
0095
0057
0088
3fcf
00dc
0020
00bc
3fe4
3fc0
0024
0290
3f50
0048
3750
02f0
02cf
3f67
0274
3fd0
006f
0097
0174
3970
0140
0410
02d0
3d80
3f0c
3e74
006f
3f8f
00e0
3fc3
0023
3fa0
3fd0
3fe0
3ff0
010d
0103
000a
0019
002b
3fee
0069
002f
003a
3fa5
3fd3
3fd2
3f94
3ffc
3f98
3e68
0028
3e40
0360
3f54
02d4
0980
3ff8
0498
3fa0
0084
3fe0
007e
3f66
3e04
3df0
3f5c
3fbc
3910
00ac
000c
00a0
007c
3fca
00b2
0006
002c
3fda
0008
3e54
01b4
3fc8
004b
3f7d
3f64
3fbb
3fa9
3fe8
006d
3f7b
3fc0
3fb1
000f
3d8c
3d6c
0020
3e24
0074
3db0
3f90
00f8
0018
06b0
3fdc
04fd
001b
3d64
00a4
3f6f
3fbd
3ecc
3f00
3fc0
02a0
0250
3f48
3ed8
0070
3fe5
0036
3faf
3f7f
3f40
003f
3f0c
3f10
3ffc
3fbf
3fd4
3feb
00b9
3fca
00ef
00af
00bf
3ff0
3f3d
000b
3f32
006c
00a8
3fc4
3d48
3dc0
3f88
0420
0068
0230
3c30
3f18
04e7
3fb7
3eb8
3da0
3f69
3f65
02a8
3e70
3e54
0024
02e0
3e38
3f04
3f34
3faf
3f9b
0014
00d5
007f
0056
3f30
3f9c
3f94
0001
3fec
0015
00c1
004e
0073
011f
007a
00a5
3fa3
3fc4
3fdf
0198
01a8
3ff0
00ac
0064
0048
0030
0240
3ef8
02b0
000c
0487
0023
3f08
0344
0001
3f55
3f70
00f0
3fd0
3c08
3700
0040
006c
3fd4
3ff9
3fe1
0018
3f4f
3f47
0008
3f5c
3f50
000c
0003
002c
3fd7
001f
00a4
3f7b
00f5
0054
00a1
3ff5
3f94
0061
3d60
3f44
3e1c
3fe8
00c4
3f24
3fd0
00b0
3f98
3e70
0030
040e
007e
0044
0100
005e
3fc6
0044
02c0
0230
3fa8
0450
0160
0154
000c
3f86
3f8e
3ff8
3fe2
3f82
0060
0158
3f60
01f8
0080
0064
001c
3ee0
3f70
3f70
3fa4
0006
3f9e
0074
006e
0006
3dec
3df4
3ff8
0200
3f9c
0264
00c0
0150
3fd8
3820
3fe4
0408
0016
01d8
00bc
3fb4
3f6e
3f90
3fc0
029c
3f4c
3c20
3f40
3fa4
3f9c
000a
3f8d
007d
3fba
3fef
3fcb
3c7c
3f48
3d34
3fac
3f0e
009e
00ee
0042
00ac
00a4
004b
0059
3fca
3fc9
0001
0218
0204
0014
3e2c
3f24
3f08
0ab0
3f98
3ee0
3810
3df0
0471
009d
020c
3fa8
3efd
0001
3fb4
00e0
0088
0020
3a30
3cb0
3e74
3e3c
0043
3ff3
0050
3f83
3fd7
3fac
3fd0
3e1c
01b4
3fe7
3ff3
3ff4
0013
0017
3ffc
00f9
00e7
0012
0049
00b7
3f92
0094
0118
3f7c
3f38
3f9c
3f9c
0440
3f68
3f00
0050
3e2c
03d4
3f76
3f74
3f6c
00a8
0052
00c4
0420
007c
015c
01d0
0298
3fc4
02d4
0030
0041
3fef
3ff0
0019
3fd7
3e64
3e44
0020
0180
00a2
00de
00be
00e4
3fda
3eb4
3f8f
3f25
00f2
0047
00ab
3fac
3f74
0038
3fa4
3f94
0010
3f30
01a0
0228
0330
0584
02d5
3f91
3fc8
3e24
3fd3
0033
00f0
3700
0120
0080
0070
0020
3fd4
004c
3ef1
3f53
3f9e
013f
005f
00e0
3f7c
3f54
0028
3fa9
3fc8
3fe1
0019
3ff6
0023
000f
001c
3ff3
0013
002e
3fe5
3ee8
3f14
3fd4
0238
3ff0
0248
0560
020c
3c9c
0340
00a8
02b4
3ffe
0038
3fc0
0046
0040
0008
3640
016c
00f4
3e00
01b4
00dc
00d8
0022
3ff9
0029
0030
3fab
0085
3e00
3ffc
3e04
3fba
3fe3
3fd7
016c
007d
00ef
3ed4
3f42
3f92
0062
3f96
00cc
3f38
3e90
00a8
01d4
0148
008c
3990
3e20
3f18
0210
017c
0490
3fbe
3eb4
037c
005e
3fa4
3f14
3b10
0170
0110
0800
0248
01d4
0074
3f18
3f73
3fa5
3f82
3f79
0009
3e0c
00bc
3d50
0038
001d
001b
3fc6
3f9b
002b
00b0
3f96
011a
3ffe
3fa6
0058
0114
3f5c
01b8
01e8
00f0
00f8
0500
3d90
0110
04f0
3e88
04ac
00b6
0028
0168
0016
3f04
3de0
0400
3fd0
3c20
3ce0
0040
0018
0028
3f7c
3fa7
3fd5
3f3e
3f8b
3fb3
3f40
3ed0
0070
014e
0061
00ed
3f48
3f95
3fb3
0100
0068
0098
3fea
006a
3f80
3da0
3f54
3e4c
3fa0
3f80
0020
0500
3e2c
3e54
01b0
3ce0
0453
3fbb
3ff0
3d88
005f
0053
0050
0750
0044
3e4c
3570
005c
3f58
0104
004d
0059
3ff4
0111
00db
0036
0020
3f74
00ac
007b
004d
002e
3f67
0033
3f34
3fd3
3fc1
0012
3fcb
3f93
0038
3e18
0098
3d80
3ec4
3ff8
3ecc
3dc0
0104
01d4
03d0
0450
03a9
3e61
3dc4
0018
3ffb
3eff
3d14
3720
005c
01c4
3d90
3f64
3ea4
00c0
3f5d
3fa3
3fba
3f87
0007
3f80
3f58
00c4
3e94
3ffd
3fb0
004d
0071
000e
0063
009f
00b8
3fe7
3fcb
3f86
0045
3c7c
3f1c
3d60
003c
0250
3dec
3c10
017c
024c
0560
3f98
0391
3fc5
0060
3fe0
3f23
0087
3ff0
3b50
3e68
0000
3d90
0134
0094
00a0
3f97
3f93
0004
3f41
3fc9
3f78
3e68
003c
3e2c
3fdb
3fc2
0019
001f
3ffa
0025
00c9
3ff0
00d9
00d1
0058
0079
3f30
3fc0
3f70
01f8
0224
3fd4
00c0
00b4
3e34
0760
3fe8
0388
002c
3d28
3e78
0034
0024
3f20
0040
0154
3f44
3eb0
02e4
0184
0160
3eda
3f64
3f76
00aa
009a
0010
3f48
3f68
3fe0
00fa
0090
006a
3f76
3ffe
3f78
3f8e
3fce
3fc0
0086
3fe8
009e
3e20
3e94
3f8c
0144
00cc
0078
03a0
0128
0078
00a0
3f98
0402
000c
02b4
3e10
0102
3f8c
3c84
3bf0
027c
3e64
3af0
00e8
00b8
0030
00dc
0073
0069
000c
0017
3ff5
3fe0
3f1c
00c4
0008
003a
3fce
3f4e
3fa4
3faa
3eae
3f95
3f19
3f78
3fcd
3fab
3d0c
3ce4
0028
3f7c
3f50
002c
36c0
3ff0
00a0
3c10
0024
03f3
3fcf
00ac
0234
3f7d
0041
0344
3f20
3eb0
01c0
0050
0180
00e0
00a0
0057
003d
001a
3fc5
3fd3
3ff2
0304
025c
00a8
3fe3
000a
3fd9
3f67
3f32
0035
006b
002a
0041
3eef
3f2a
3fc5
3e54
3fd0
3e84
3e80
0068
3e18
3d60
3fd0
3fc8
3cb0
3f50
0447
0091
0150
0228
0001
0053
00e8
04a0
3e28
3f98
3c20
0080
00b4
3fcc
00cb
0060
006b
3fb5
3f76
003f
0308
01e4
0124
3efb
3f64
3f97
0049
3faa
009f
3fdf
3fef
3ff0
3f3d
3f87
3fb6
3fd0
00b4
3f1c
3d78
3e18
3f60
06a0
3fb4
3c1c
3860
004c
03bc
0026
013c
3e8c
3fd2
00f8
3f54
3a50
0068
3f10
3b60
3db4
3eb0
3f04
3ff6
0011
3fe5
3fc4
007d
3f47
3ef4
0064
3e90
3fa0
3fe5
3fbb
009a
00c5
3fd5
0124
007a
00aa
3fde
3fb0
002e
00cc
0260
3e6c
3f50
011c
3e34
0570
007c
3f24
3b70
0054
0410
005e
3dec
3f4c
3f60
00a2
0294
0380
00c8
3e48
3e20
3c94
3c98
3ffc
3fcc
006b
3f61
010c
0069
00a3
00d4
3ef8
01dc
001c
0054
3fc8
3eae
3f90
3f1e
3fd6
0045
3f91
00bc
00c3
3ff9
3f2c
0008
3f24
0070
3e88
01e8
0710
3e78
0068
3d60
0048
043e
3ff0
018c
0158
3f54
3ed2
3fc4
06c0
3ed8
3e50
3d80
0048
0030
0018
3f84
3f95
3fef
3f92
3fdd
3fb5
0028
3e90
0198
001c
002d
3fef
0036
008d
3fa9
3f8c
3fa8
3fe4
3f4a
3fea
3f60
0034
00b8
3f7c
3c10
3ddc
3e34
3830
01bc
016c
3e90
0250
0395
3fb5
3f0c
0208
3f43
3ec7
3dc4
3900
0250
3e18
38c0
001c
0054
3fc8
0057
0055
0002
3f5d
3fed
3f70
0030
3ff4
003c
004b
0048
0003
004b
0042
0009
000f
3fbc
0053
003f
009e
3fa1
0054
0010
0044
00f8
00ac
004c
3810
0190
03f0
3aa0
001c
0379
3fa9
0188
01e4
3fa7
3f87
0298
0020
010c
0024
0540
3f18
3fd8
3f40
3f9d
3f81
001c
0063
3fbf
00a4
3edc
0008
3ed4
0127
3ffe
0129
3f93
3faa
3fe9
00c7
0068
005f
0043
0020
0023
3fa8
3fe8
3fc0
00cc
00b8
0014
3c50
3cf8
0070
0810
0498
037a
3ff6
3e30
0018
0082
0062
3e50
3620
01b0
0268
3f90
0170
00fc
0074
3e30
3ede
3f52
0010
3f90
0080
0118
00b0
0068
004e
0002
004c
007a
3ffc
007e
3f96
0012
3f84
3f8e
3fc8
3fc6
3ef8
3fe8
3f10
02c8
0154
0174
3b50
01c8
0078
0420
3ff8
033e
007c
00f8
0298
3fb4
3fbe
0068
0760
3f04
3dc4
3b70
0268
00d8
0190
00be
007b
0043
3f50
3f87
3fc9
0038
3fa8
0090
000e
0055
3fb9
3fdc
3fb9
0023
3fd4
002c
3fa8
3f5a
3f2e
002c
3da8
3e88
3f20
3c6c
3e34
3e38
0140
3d08
3e60
3e60
00a4
04f0
0018
3f70
3e2c
004a
00fa
0048
3da0
015c
00e4
3d10
0100
0054
00ac
003a
0048
3ff2
0050
000a
0046
002c
0030
3ffc
0072
3faf
00c3
0056
0087
3fcf
3f48
3fb3
3f95
0070
0037
0039
0270
0194
00dc
3f4c
3ff8
3f54
3900
3dc0
0210
02d0
004c
03cb
00c5
027c
0354
00cf
3f9d
3ef4
01a0
0028
00b0
04c0
00f0
01c0
3f30
0085
0012
0073
3f25
3ef8
002d
017c
0090
00ec
3fff
0017
3fe8
3f31
3f5f
3fd2
3fbb
3f9c
001f
3fd9
3ffe
3fdb
01f4
0040
01b4
3e88
3e44
0044
3ce0
0148
3fe8
3a90
000c
0430
3fca
00dc
016c
3f4c
3fde
3f84
0390
3adc
00b4
0450
3c28
3e20
3e08
0174
00bd
00b7
00b8
0035
0083
3fb4
3f4c
0068
3fa4
0060
3f44
0082
003e
0044
3f9c
3fe3
3fb9
002a
0073
3fb7
006c
3fc8
00a4
3f44
3e68
00dc
0220
3e38
3e00
3cb0
3fac
044b
3f2d
3f04
3e84
0061
0007
00dc
3c80
3fe4
00dc
06c0
3f60
3ed4
008c
3fa1
3fa2
3fff
00bb
007e
003d
0074
3f30
0144
0111
00fe
0013
00ab
00b6
3ff5
3f99
0023
3f76
001f
3ff9
0026
3fe4
3f40
00a4
0204
0248
3fbc
0530
3d84
002c
03a0
3f54
0401
3e99
3e10
3f9c
00dd
3fa5
00e8
04a0
00d4
007c
0040
011c
0068
00b4
005d
005d
0000
0031
3f9d
0094
01ac
00a0
010c
006d
0091
3fdc
001d
0021
3ffc
3f35
3f75
3fc0
3fed
3fd1
001c
3e28
3da4
0084
3e94
3eb8
3fdc
3cb0
3e3c
3f54
0100
00bc
0373
001f
3e78
3ccc
009b
00df
3ec8
3fd0
00d8
0300
0080
024c
0110
013c
3f3d
3fc7
3f76
0035
0047
3fee
02fc
024c
00b0
3eff
3fb7
3f48
003b
3fb3
0088
3f85
3f9b
3fea
3f79
3f97
3fe2
00b0
0088
0028
3fb8
3fa4
0014
0270
3f28
3f88
3c80
3e64
03f0
3ff2
3ed8
00c4
0044
0086
3ff8
3df0
0160
01a8
3fe0
3e98
3fc0
3ed8
002e
002d
0001
0016
3ff1
0025
3c2c
3dbc
3e70
3fa0
3f66
003a
005e
0058
0006
025a
014f
010b
003c
3fd7
0065
3f78
0268
3d10
3fc0
008c
3f34
3d00
0190
01a8
3d70
021c
037d
3fc3
007c
022c
3fe7
3f91
004c
0520
3d20
0008
0510
0058
00cc
3f8c
3f3d
3f68
3fd5
3e8f
3f60
3f2f
01ac
3ed4
02d8
3f73
3fec
3f87
3fd9
3f80
0059
3fc9
009b
3f2e
3f2b
0015
3f16
3f0c
3f94
3f78
3d68
3e44
3f24
0050
3f80
0028
3db0
3f04
0460
0076
00f8
3efc
3f96
00c4
02f0
3ba0
3e98
01e8
07c0
01a8
004c
015c
3f6e
3f81
3fed
0038
3fe3
0055
3fdc
3f48
0094
3f0c
3ff7
3f15
003a
0019
0021
3f96
006a
3f2c
3ff4
3fba
003a
0008
3efc
010c
00d8
3f58
0180
3e40
0108
0200
0090
3f44
04df
3f6d
3ddc
3d24
0081
0047
00f4
3ba0
3dc4
0104
0370
3e70
3f84
3eec
3fe5
3fe4
0001
0187
00be
00c9
00f4
014c
3fa8
3f51
3fc0
3f91
0017
3fa2
0075
0063
008d
3fd6
3fe9
3fb5
0034
3f04
3e98
006c
0194
0134
0060
3f80
01dc
0194
0240
00b8
0353
0047
00a4
0128
3f4d
3ff1
3ff4
0df0
3d04
00dc
0590
3f9c
3fe8
3fb4
3f69
3fdd
3f8c
0007
3ff3
0014
0310
3fa0
0370
3e69
3f94
3ed5
008d
0070
001d
3fcb
3fe8
3fe3
3f93
0028
3f6b
0134
3f7c
01b8
3ddc
3dd8
0004
0380
3eac
3d1c
00a0
3ef4
044e
00f0
00e0
018c
0026
0018
3cb0
0250
3e40
0030
00d0
3f3c
001c
3f20
002a
3ffb
002f
3fe6
3fe7
3fff
000c
0010
3ffc
3fc8
000e
3fba
003a
3ffc
003e
3fe4
3f89
005b
3ebe
3fed
3ed1
0268
0150
0118
3f00
3ff8
3f08
0030
3f68
3f38
01c0
014c
0474
3e7e
3cbc
002c
3f3e
3fc8
3eac
3b10
3fb4
0324
0850
0118
0000
0118
002a
0053
3fd7
3fcc
3fe9
3fe3
3d54
3ed4
3e80
00c2
0031
0091
00b8
0077
0041
0094
004a
004a
001a
0036
3fe4
00dc
010c
3fd0
01ac
009c
0110
3cd0
3fe8
03b0
06f0
0158
035e
3eac
0130
01c0
3f88
3ede
3ed8
3c10
0274
022c
39f0
3e88
3e2c
005c
00c6
3fdf
00e7
3fd4
0015
3fbf
3db0
0024
3d8c
0086
0023
0063
00a8
3fd1
00d7
0016
0010
0006
0014
3ff0
0024
3ee8
3de4
0104
3e24
0060
3dc4
07e0
00ec
3f84
3e40
3fb4
0408
0006
3fb4
3e0c
3faa
3ff0
3e8c
3e60
3fc8
3e40
3ad0
3dac
3f40
3e6c
3fcc
0019
3fb3
3f6a
3f93
3fd7
3f9c
3f90
000c
001a
3fbb
005f
3fac
004d
3f5f
00e6
0060
0086
003c
0030
000c
0034
00b0
3f84
0168
016c
3ffc
3ff0
004c
00dc
3f40
0058
04c5
0037
3fa8
00d0
3f79
3fdf
0058
3f80
3d30
02d0
02c0
3d8c
3dcc
3fc0
000b
3fea
0021
0007
0018
3fef
3f08
3e9c
006c
3f8f
0057
3f38
000d
3fab
0062
0097
0076
0021
3f8d
0094
3ef9
0268
0218
0050
3f88
3fc0
3fc8
3e60
0000
00e0
0030
0024
047d
3ffd
3f58
3e9c
3ec7
3fb3
01f8
3f90
3e04
0014
05f0
0238
00d0
0168
3f49
3fa9
3fa0
3f3f
3fe1
3f5e
00ac
0030
007c
3f23
3fba
3f69
3f5f
3f80
3fdf
3fdd
0006
3fd7
00dd
00bc
0021
0070
3f68
0108
0134
3fc4
0170
36a0
01ac
002c
04e0
0338
0425
3f7f
3cfc
0118
0017
3f91
01ec
3d30
0194
00fc
02f0
01a4
018c
0018
3f6b
3fd6
3f95
00d9
3fa4
0135
3ee8
0030
3eb8
00b7
3ff4
00c3
0029
3f86
00a3
3fed
0053
3f9a
00db
007b
0060
3d1c
3dcc
3f50
3f3c
3ee8
0054
3910
00c8
0288
3da0
3fc4
0458
3fee
0088
3f9c
003c
00ee
00d0
3f10
0074
00b4
0090
3fa0
3f58
0048
0096
0015
0081
001a
005b
3fbf
0134
0178
3fbc
3eea
3f34
3fb6
3fc0
3fcc
3ff4
002a
0081
3fa9
007c
001f
005d
00a0
003c
0064
3ecc
0034
3e98
0150
028c
0074
3860
3f50
03d9
3fdd
0214
0190
3f1d
3e45
3e9c
3c30
3f78
3d40
34c0
000c
3fe0
002c
00b9
0043
0076
3fc5
0029
3f9c
3f20
0080
3ea0
3f3d
3f89
3fb4
0075
0027
004e
00e3
002d
00b6
3f57
3f6b
3fec
017c
0270
3f0c
3ef0
00dc
3e14
3f30
01c8
3e38
3430
3d10
0468
00cc
0120
00d8
3fdc
002c
0148
0420
3e24
3f04
0300
3fb0
0130
3e80
3fd0
3fd4
3ffc
0008
0012
3ff6
00a8
010c
3f9c
3f96
3f5a
003c
3f82
0038
3f4a
0080
3fdc
00a4
3f1c
3f26
3ff6
01f0
0244
3fac
3f9c
0014
3f88
0090
008c
013c
3d30
3f54
0388
0076
02e8
3f5c
002a
0000
0148
3c80
02b0
3fa8
3d60
3c74
3e84
3df0
00c4
0059
006b
0056
0083
3fd3
3e9c
3ef8
3fa4
0050
0047
0009
3efe
3f45
3fb9
3fbc
0010
3fac
3f96
003c
3f5a
3d78
3f28
3e50
3ea0
3eb4
3fec
3d20
00e8
0088
3a70
0018
04f6
001c
3e40
3f80
00d8
3f3e
3ea0
0070
0030
3ef0
3e70
3ef0
3e78
0078
3ff0
3fc7
0029
0002
0075
3f8d
0180
0214
3f6c
3f82
3f81
0001
3f40
3faf
3f91
0008
000e
3ffa
3fae
3fd2
3fdc
00b8
0180
3f38
3cf8
3f38
3dc0
0020
01e8
3f28
3f70
0038
03b9
0083
0110
0130
3f9f
3fc5
3ea8
0630
0254
3cdc
3e10
0078
3f40
0138
0059
006a
3fef
3faf
0002
3fad
0000
3f4c
00b4
0065
3ff8
006d
3ffb
0038
3fc3
3eeb
3f53
3f98
00e5
0069
007c
0038
3e8c
01ac
3fdc
3f40
009c
3c90
3f40
0010
02a0
0080
042e
3f46
004c
3e88
0082
0016
3ec4
3c00
00e8
0058
3be0
0150
0140
0010
0082
3ff2
0090
0032
0070
3fc2
0000
0094
3f6c
3fbc
3fbe
3ffe
3f98
3fb8
3fe0
001e
3fd2
004c
3ee6
3f38
3fae
3fe4
3fc0
0024
3fd0
0148
3e88
3be0
3f34
00ec
01f0
0138
0402
3f72
3d7c
0398
3fbc
3f60
3f5c
0000
00d4
00a4
0180
0094
01e8
3eac
3f78
0012
3f66
3f66
3f52
0014
00e0
0130
3fb0
3ff8
3fe7
0011
3f98
3fe5
3fb3
3fc4
3f75
004f
0004
005b
3fa9
3e3c
3f64
3ed8
0234
3fa4
0290
0530
000c
3cd4
3d20
0098
0422
0020
001c
3ed0
3f74
011a
0044
00b0
3f64
3e3c
0010
015c
3ff0
016c
3f9e
0049
3f55
0004
001f
3fe5
0128
3f24
0204
3fc8
0031
3f97
3f5a
3f93
3fc7
3f40
3fb0
3f90
001a
000c
000e
3f9c
3e88
0114
014c
00a0
00ac
3c50
3e34
3fac
0670
3fdc
03ee
0024
3f98
3ee4
001e
3f6c
3e88
3fb0
005c
3ddc
0370
036c
02d8
0094
0042
0043
3fff
3e82
3f2b
3f57
0004
0048
3fbc
00e0
00c2
001e
3f62
3fec
3f76
3fdc
3f65
0077
3ffa
3fb1
0049
3e68
3e98
3fd0
0294
0124
0170
3b80
3ff0
01b0
0300
0028
04a4
3f66
3dec
02b8
0076
0060
0004
3f00
0248
3fe0
3d60
01a8
0208
3fa0
3fb2
000f
3fa3
3f24
3f49
3fdb
00c8
0040
0088
3fe0
000b
3fd5
3f7e
3fe5
3f99
3eee
3f1c
3fd2
3f8c
3ff4
3f98
3f94
0088
3f0c
3f68
3e34
0134
0230
3de8
00b8
0560
3fb4
04ab
3f1d
3e5c
3fdc
3f0b
3fa1
00a4
3fd0
3dfc
01a4
06e0
3e70
3e18
0058
3fd7
000c
3fcb
009f
00ba
3fe5
00cc
3f80
014c
3f69
3ffd
3f6c
001b
008d
3f8e
0067
0052
0015
0035
0094
3fa1
0194
00c0
00d4
0134
3ff8
013c
0510
3fb4
0184
0480
3ed0
0413
3fe9
3e90
0040
3fed
00bb
3e40
00f0
0000
0108
3dc0
3dc4
3e6c
3f58
3fcf
003a
3f95
001d
3fe8
0035
3f80
3f80
0000
3f2d
3f56
3fd7
003b
3fa4
0097
0089
001b
006e
3eff
3fe7
3f18
01b8
01b8
0000
3f18
3ec4
0054
0490
0000
3ea8
01b0
3e78
03b0
3fc4
3ef4
0370
3ebc
0030
00f4
0a30
3f44
3ff4
0900
0000
3fe4
001c
3ffc
0052
3faa
0050
3fe6
006a
3d70
3e3c
3f34
000a
0060
3faa
004e
004c
0002
010a
0076
0094
00e6
0026
00c0
00cc
3fac
0120
00b4
3f2c
0188
0710
3fac
3f7c
3e40
3fdc
03dc
0064
3f50
3de4
009e
001a
3fd0
37e0
00e8
0160
3fe0
3f8c
00c4
3ec8
3fca
3f6a
0060
3fc4
001a
3faa
3de4
3dc0
0024
004e
009d
3fb1
009e
008f
000f
00d2
008b
0047
0026
3fb9
006d
0068
00e8
3f80
00d0
0224
3eac
0ad0
3f04
00ec
00b0
3df0
0476
0094
0038
3f10
0006
3f68
3fc8
0440
3d50
3bf0
3ca0
3c3c
3ce8
3f54
0114
00cf
0045
0114
00bd
0057
3db8
3e28
3f90
3fb0
3fac
0004
3f96
0080
3f16
0094
004d
0047
3f8e
3faf
3fdf
3d70
00c0
3cb0
3ef0
3fc0
3f30
3530
02c4
0184
3ec0
013c
04a0
3ef6
3eb0
02a4
3ffc
3fa2
0080
3e50
3da0
0360
04d0
3ffc
3f94
0068
0036
00bd
3f79
3fa2
3f7d
0025
3e34
3fc8
3e6c
3f74
3fca
3faa
0086
3ffc
008a
0116
00b5
0061
3ff8
3fd9
001f
0060
00c0
3fa0
3eb8
3e48
0070
01b0
3f88
0040
3af0
0168
03da
3ff4
0060
0018
004a
0010
0030
0260
3f5c
006c
0520
3dc0
0014
3dac
006c
3fdd
008f
3f1c
3fff
3f1d
3df8
3ea0
3f58
3fc2
0058
3f6a
007c
00a0
3fdc
008e
0003
008b
3f3c
3fed
3f4f
0170
0118
0058
3dec
3e9c
3f50
0430
0004
3d7c
3590
3fe8
0396
0102
0300
3e88
3ff8
0040
0328
3ec0
00f4
3e8c
0130
3dfc
0028
3dd4
3f8a
3f8c
3ffe
0114
0064
00b0
0288
00c8
01c0
0054
0049
000b
0018
0053
3fc5
0006
000f
3ff7
3efe
3f25
3fd9
3fc0
002c
3f94
002c
00d8
3f54
05b0
0008
3fc0
35f0
3f58
03b4
0080
0178
3f18
3f96
0082
01e8
3bf0
0104
3ecc
3d00
3ed0
3fec
3ee4
3fc4
3fce
3ff6
006e
3fec
0082
3f18
0090
3e88
0050
3fc3
008d
3e98
3ecb
3fcd
008c
3fc7
00c5
0094
0023
0071
3ff0
00f0
3f00
03e4
0200
01e4
3900
3e5c
00ec
3c50
0078
0549
3fdb
3eb0
3ff0
0051
3fbf
0090
3bd0
3fdc
004c
3c50
3f84
014c
3e38
0001
3fbe
0043
0091
3fec
00a5
02b0
00fc
01b4
3f1d
3fa7
3f76
000b
3fff
000c
0057
003a
001d
3f21
3f64
3fbd
0128
0248
3ee0
008c
007c
0010
05f0
3f50
0068
3e20
3da4
04d0
002a
0034
3e34
3fa0
3fa6
026c
0000
0058
01a0
05f0
3d28
3ec4
3e64
003e
007f
3fbf
3ff2
3fcd
0025
0124
008c
0098
3f38
3f7c
3fbc
0042
3f74
00ce
00b4
0045
006f
3ef2
0007
3eeb
031c
0168
01b4
3e48
3edc
3f6c
03a0
3be4
3f44
0410
3f9c
0420
3faa
3efc
3e94
01f4
001e
3e3c
02c0
0300
3ff8
3840
00ec
3fa4
0148
0064
0021
0043
3f2c
3fa9
3f83
3f84
3f70
0014
002a
3fe2
0048
0020
003c
3fe4
3ff6
3ff3
0003
0034
3fff
0035
015c
0214
3f48
3dd8
3f04
3ed4
0590
009c
3f4c
3850
3fdc
0408
3fc8
3ed8
3f74
3faa
0046
3df8
38e0
01ac
0084
3dd0
3db4
3e3c
3f78
3fc8
0032
3f96
3f7e
0082
3efc
3f6c
3f88
3fe4
00ca
0033
0097
00d2
0089
0049
0008
3fdf
0029
3fa8
3fd9
3fcf
01c0
0258
3f68
00bc
0170
3f4c
02c0
3e8c
3f34
00f0
0074
0416
3ff4
001c
032c
3f6c
3fb2
3dc4
0450
3fb0
0058
3d10
3f34
3fb8
3f7c
3ffa
0037
3fc3
3ed8
3f29
3faf
3f3c
0028
3f14
3fb0
0023
3f8d
0102
00fd
0005
009c
003a
0062
3f0a
3f3a
3fd0
025c
0270
3fec
3bd0
3e5c
3d74
0550
3e88
3ee8
0200
0080
041c
3f70
3f70
3da8
00de
3f6e
3ea8
3e80
009c
3efc
3a70
0058
3fb0
00a8
3fe8
3fe2
0006
3fa2
3fd6
3fcc
00d8
3f4c
018c
002c
00bf
3f6d
003c
00ad
3f8f
3fe6
3fff
3fe7
3ff2
3fb1
0041
3ed0
008c
3e44
0094
0144
3f50
01a0
3d68
3f90
0120
0160
03d9
3f5f
0080
3d38
013f
3fa5
3e30
3b40
014c
0094
0210
01f8
0174
0084
000d
0018
3ff5
3f5f
3f8a
3fd5
0078
3f6c
010c
00cb
0052
0079
3f95
0048
3f4d
3f7f
3f9d
3fe2
3f29
3fd9
3f50
0048
0160
3ee8
3ddc
3da8
0034
3920
0044
03cc
05f0
3ff8
03d7
3f4b
0088
3ee8
3fe9
3f89
3e60
0330
3ea4
3ecc
3e50
3fa4
3f60
0044
00a9
003f
006a
0047
0067
3fe0
03e8
01c0
0228
3efd
3fa8
3f55
3fad
3fae
3fff
0019
004c
3fcd
3fa5
3f9e
0007
0038
3fc4
0074
3f9c
0028
3f74
04d0
3ffc
3fbc
03a0
3cac
0404
008a
0060
3de4
3fa4
3fa6
0008
0380
3f3c
3e1c
3f60
3d54
3d64
3ff0
0032
0043
3fef
00e2
010d
3fd5
011c
3ff8
0124
0030
0096
3f9a
3f52
3fb6
3f9c
3f98
0017
3f81
3f6a
3fe1
3f89
0040
3ee4
015c
3db4
3eb4
3f00
37a0
0288
0058
3cf0
0000
03dc
3ee8
3cd0
0460
3f16
0082
0228
0590
0020
00f8
0600
0110
01a0
3f70
0018
0054
3fc4
3f5e
3f1a
0044
01b0
0098
0118
0038
0057
3fe1
3f98
3fe3
3fb5
0040
3fdb
0065
3f84
002f
3f55
01d8
00fc
00dc
0040
3f9c
00a4
3af0
0154
01cc
3a80
3eec
047b
3fe9
0254
0044
3f71
3f9b
012c
02a0
3ebc
0144
0020
00fc
0150
3fac
3fd9
0000
3fd9
004f
3fe0
006f
3fe4
00c0
3f24
3ebf
3ee8
3fd7
00b9
002c
008d
00bb
004b
0070
0009
0021
3fe8
0214
0180
0094
3f8c
3f60
002c
0370
3f44
3e4c
3e20
3f14
0431
0151
3fd0
01cc
3fb7
3f87
3d60
02c0
3ff4
3d74
39d0
3f5c
00c0
3e9c
3fcd
3fe3
3fea
3f03
3fb9
3f4a
3eb4
3ec0
3ff4
0059
004e
000b
00e1
00a6
003b
0039
3ff8
0041
3ff5
0050
3fa5
0230
0190
00a0
3f14
3f24
3ff0
0090
3f78
3f10
0310
0118
048c
003c
3ea4
01c8
006a
3fc2
3ddc
0240
3e98
01a0
01b0
0108
3f5c
01ac
3f4a
3f86
3fc4
3f6c
3fc8
3fa4
3ef0
3f48
3fa8
003a
003b
3fff
00ba
003f
007b
00a8
0063
0045
00c0
3feb
00d5
3fdc
3ec8
0114
3f60
3fac
3fb4
03e0
01b8
00f0
0170
3ee0
0315
0073
02f0
0098
3f53
0059
3f50
3dd0
01f4
3dec
36f0
01a8
3fcc
01dc
3fbb
3fc6
3ff5
3fb5
0008
3fad
3df8
3f8c
3e6c
009d
0034
0069
3f6f
3fb6
3fb9
002f
3fad
0082
0101
0001
0100
3ef8
3ff0
3f08
0174
0188
3fec
0be0
3e48
0208
0510
3eec
048f
3ea5
3e70
3e54
3fe3
3f05
3ef0
38d0
02d4
0154
3cf0
3ef0
3d90
0160
003d
0088
3fb5
0065
0072
3ff3
3d84
3d98
3fec
014f
008f
00c0
0071
0063
000e
0057
3ffc
005b
011d
00ea
0033
0070
3ed8
0198
0104
00c4
0040
3a60
01d4
3f7c
05a0
3f78
0305
3fdd
00f8
0208
003f
3fdf
3db8
04a0
3f04
3dac
3d30
0194
0120
0074
00a3
0063
0040
3ea1
3f4d
3f54
0088
3f98
00f0
3fbf
0034
3f8b
3ff7
0028
3fcf
3f81
0000
3f81
3f91
3fbc
3fd5
3df0
3e60
3f90
3c84
3e38
3e4c
3d70
3e48
00b0
3f50
0050
0417
3f7d
3ce0
0060
00a5
0053
0268
0560
000c
002c
0a10
3f70
00d4
3e9c
3f81
001a
3f67
001f
3f2c
00f3
0188
0190
3ff8
0079
0066
0013
3f8b
3f84
0007
3fd3
3fb3
0020
0021
3fdf
0042
00c8
00b4
0014
01a4
3f24
0280
36e0
0078
0118
3ac0
0178
03e7
3fa3
00ac
0168
0047
00c7
03dc
3fb0
3dbc
01ac
0870
00c8
0208
3ec0
3fb9
3fd7
3fe2
0109
3fd5
0134
03a8
0258
0150
3ea9
3ef1
3fb8
3fc9
3f8b
003e
3fd9
0013
3fc6
3fcd
3fa9
0024
3fac
3f6c
0040
010c
0064
00a8
0940
3f78
3fe0
0280
3ee0
0451
3fd1
3eac
3ff0
002d
3f95
0024
0420
3f88
01f0
0130
3da8
3e0c
3f9c
3f39
3f89
3fb0
0125
00f5
0030
3f38
3f88
3fb0
0001
0019
3fe8
008d
0035
0058
00d5
0043
0092
3f19
3f9f
3f7a
3f8c
0000
3f8c
3fe0
008c
3f54
3ba0
3ec0
0048
0320
3dc8
0412
3fe8
0380
3eb0
00d2
005c
3ce0
0640
3f98
3ea0
39e0
0350
028c
00c4
0050
0007
0049
3e5c
3f85
3ed7
02d8
01cc
010c
3eea
3f74
3f76
3fb8
3ffc
3fbc
3eba
3f83
3f37
3f64
3f55
000f
3f40
3f20
0020
3bb0
3e44
3d6c
3af0
3dfc
028c
0940
3f80
03e1
3fb1
3da0
3fd8
0127
0003
0018
38c0
0134
0194
0410
01c4
0094
0130
3f93
3fff
3f94
3fed
3fff
3fee
3ee0
3f5c
3f84
0075
0062
0013
3fb5
3f90
0025
00b9
0016
00a3
0105
00b4
0051
3f78
3e9c
00dc
042c
0274
01b8
0310
00c8
3da8
0240
00a8
043e
3fd4
3fb4
3c98
00ee
0190
028c
3d50
00b0
0360
3fd0
0138
3fc0
0178
3f80
3fb9
3fc7
005c
3fdb
0081
0118
3f58
01c0
3fbc
3fbc
0000
00ba
008c
002e
3fc0
0081
3f3f
3fe6
3fcb
001b
3cf4
3f40
3db4
3e98
3fc8
3ed0
0300
3e4c
3e8c
0480
3cf4
04ca
00bc
3f1c
009c
3fa6
0034
3ed4
08a0
3c18
3f90
0330
0084
007c
0008
011e
00a5
0079
3f7e
3ffb
3f83
3ebc
3fc0
3efc
00b2
0094
001e
0004
3fd4
0030
3fb0
3f99
0017
3fca
3fff
3fcb
3f3c
3fd0
3f6c
3e40
3f44
3efc
0c20
3d9c
3ffc
0230
3e80
038b
3fc9
3ff0
0088
0189
3f73
3e30
3ee0
029c
008c
3ef0
3ed4
3ee4
3ff0
0041
0042
3fff
0033
000e
0025
3cf8
3d2c
3fcc
0039
0078
3fc1
00af
006c
0043
0015
000d
0008
0063
3ff7
006c
3f98
3ea0
00f8
3ecc
3f14
3fb8
0ab0
0288
3ef0
3970
3d40
03e7
3ff7
0138
0018
3f63
0067
00e0
0550
00e4
3e9c
0580
3dc8
3d9c
002c
009b
0081
001a
3f37
3f87
3fb0
3ec0
3dfc
00c4
001d
0007
0016
3fb9
0029
3f90
00d7
006f
0068
008b
00fd
3f8e
03c0
022c
0194
3f7c
3ec0
00bc
0160
0148
3f30
3f70
3ed4
03c7
006b
0258
0204
3faf
00b3
3f68
0b00
3e3c
00b4
37d0
3f10
3d94
017c
002b
005f
3fcc
3f3f
3fd3
3f6c
0104
3fac
0158
003f
0041
3ffe
3f3f
3f55
3fea
00a7
0165
3f42
3fe3
3ff9
3fea
3cc8
3e88
3e40
3b64
3d88
3ddc
3c50
039c
3e8c
3aa0
005c
03c5
3fd7
02e8
02dc
3f7d
3fd7
0170
0900
3e80
0138
0410
002c
0074
3fb8
0129
00f2
0037
3fa1
3f9a
0007
011c
00a4
0078
3e4f
3f2f
3f20
0129
0095
0094
3f93
3f88
000b
001d
0000
001d
02f8
0174
0184
3d40
3d64
3fdc
00c0
0244
3f94
3e10
01c0
0398
0008
3e60
3e30
0064
0114
3db0
3810
0148
00a0
0120
3f8c
3fbc
3fd0
3f84
3fda
3faa
3f7c
001e
3f5e
3f40
3f90
3fb0
3f4c
3f86
3fc6
0068
003a
002e
3fe8
3fc8
0020
3fc0
002c
3f94
02b0
0120
0190
0270
01d4
009c
0410
3d60
3e30
3d40
3fc4
02fb
005f
01c4
0014
005d
001d
029c
3780
0344
3fcc
0030
3f10
3fc8
3f48
0137
0095
00a2
0095
3fcd
00c8
3b94
3e1c
3d78
0193
00c0
00d3
009f
00a2
3ffd
006d
0034
0039
3ff5
3fde
0017
3fa4
3ff8
3fac
00ec
3fa0
014c
00e0
01f0
3ce8
3ad0
0190
0265
3fe9
3f28
01f0
3fab
0057
0008
3870
0214
3f84
01d0
00c8
0054
0074
0077
005f
0018
3f29
3fa9
3f80
3d98
3ed0
3ec8
006d
002a
0043
0025
0022
0003
3f9b
3f88
0013
00df
00a4
003b
0180
0030
0150
028c
0114
0178
0190
0028
3f60
3940
3e50
045d
3fdd
0190
3ef0
3fa1
0091
02a8
0320
3d14
02ac
0a30
3fc8
01e4
3de4
0009
3f59
00b0
00d9
0079
0060
0008
00e8
3f20
3f6d
3fbb
3fb2
0071
001b
0056
3f41
3f33
000e
002d
3fe7
0046
0128
3f34
01f4
021c
0150
00cc
0030
3dc8
3fc0
3c90
0070
0355
3fcd
0018
3ed8
0025
0095
0208
3c70
3ffc
3fc4
0470
0118
012c
3fec
3f8b
3ff7
3f94
0063
0067
3ffc
3ee0
3fd4
3f0c
0171
0155
001c
0065
0029
003c
3fe7
0049
3f9e
0033
3fcd
0066
3e50
3e28
0028
3ffc
0070
3f8c
3980
3fa0
0390
0130
0088
03c9
3fa1
0010
3e40
0073
3fb3
3f18
3ef0
3f54
00bc
03d0
00b0
00a0
0010
0125
008f
0096
3f3f
3ff1
3f4e
0000
0094
3f6c
00bf
0070
004f
3f5b
3f6c
3fef
3f87
3f78
000f
3faf
3f9c
0013
0160
00b4
00ac
3f64
00a8
3ebc
0570
3f20
3e68
0050
3f74
042c
3f5a
3fbc
3eac
0080
0012
001c
0130
3dc4
3ec4
0240
3f58
0024
3f34
0084
0017
006d
0080
0085
3ffb
3f8c
0098
3ef4
3f1c
0000
3f1c
3fe6
3fec
3ffa
3fce
3f69
0065
003c
000b
0031
3fbc
3ecc
00f0
0104
010c
3ff8
3fe0
3f54
3e34
0570
021c
0455
3f41
3dd8
013c
3fc1
3f71
0100
3940
0250
3ff8
0200
00dc
00d4
0008
3fdd
3fef
3fee
0021
3f9d
0084
3ed4
3e24
00b0
0077
3ff5
0082
008b
00af
3fdc
0005
3ff7
000e
3fa5
004d
3f58
00b0
3fc4
00ec
01c0
3fdc
01e4
37a0
3fb4
3e84
0170
3e9c
03db
0045
3dc4
02b4
0045
3fdf
3d94
0200
3f14
0104
06f0
032c
0214
0118
3f61
3ffe
3f63
3e7f
3ed0
3faf
00bc
0200
3ebc
3f93
3fc4
3fcf
0019
002e
3feb
0009
3f9b
006e
3fef
3fdb
0014
0154
0054
0100
3e3c
3e24
0018
3df0
0084
01ec
0590
0210
035f
3f11
3d14
00f0
00ad
3fd7
3ea4
0070
0180
0158
3d70
3fdc
3f40
009c
3f39
3fca
3f6f
3f47
3f84
3fc3
0108
00a0
0068
3ff5
3ffa
3ffb
0093
3fe4
00af
0093
00af
3fe4
0081
002b
0056
0144
3fec
0158
3ce0
3e64
3e7c
01d0
3f78
0008
3ed0
3f98
04c3
0025
014c
0040
3fdf
0031
01fc
0350
3fd0
0090
0060
0028
0078
3fb0
003b
3fa8
0093
3ff7
3fc8
002f
3f70
3e64
010c
0069
004f
001a
012f
0085
00aa
008d
0056
0037
3fab
0022
3f89
0134
001c
0118
3f60
0058
3f08
04b0
3f80
0048
3ed0
0144
042d
0095
02e4
3fe4
3ff3
3fdf
3f5c
39c0
3e34
3ff4
0310
3cf0
3f34
3dbc
0033
3fc3
0070
0085
002b
005a
3f24
3ebc
0068
3fe1
0086
3f5b
0065
0028
003d
3fa5
3fa4
0001
3fe5
001e
3fc7
0124
3f40
01e4
0304
0154
01b0
3e80
3da0
01b8
3dd0
00b8
04e8
3f9c
3e74
3f60
004c
3fe0
0134
3a20
006c
0074
05c0
00b8
015c
3f5c
000c
0056
3fb6
00e4
0016
00ce
3fc8
006c
3f5c
008c
0016
0076
00ac
0022
008a
3fe4
3fe4
0000
3fcc
3f80
004c
00c4
0154
3f70
01fc
0050
01ac
0850
0080
3fe0
37f0
3f28
0394
007a
03b8
3e90
0000
3f0e
0040
38d0
3ebc
00c4
02b0
3bb8
3d78
3e40
00f2
0045
00ad
00f2
008d
0065
3e88
003c
3e4c
003c
0038
0004
00fa
0042
00b8
00c2
003b
0087
0020
3ff3
002d
0008
0054
3fb4
0154
0128
002c
0720
3d74
004c
0220
3e28
0409
3fd3
0020
3e98
005b
0049
3ec0
0090
3d78
0090
03f0
3dec
3da8
0044
005d
005e
3fff
007f
00fe
3f81
3f78
0028
3f50
0047
000e
0039
0051
0016
003b
3f8d
3f5b
0032
3fd3
0085
3f4e
0290
00a8
01e8
0060
0034
002c
02c0
00bc
3db4
3b70
0284
034e
3fe2
0178
001c
3f92
006a
0170
3d30
00a0
3ff0
39f0
00b4
0060
0054
00ac
003a
0072
3f40
3fa4
3f9c
006c
3f08
0164
003e
0042
3ffc
3f9a
002c
3f6e
3f52
000e
3f44
3fa2
3f68
003a
3d80
3fdc
3da4
3cd0
3f30
3da0
04d0
3ee8
3f78
3db0
3d84
0492
3ff6
00a4
3f6c
3e8c
00d4
04e4
3f70
0030
0258
0470
3f58
3ff8
3f60
00ac
0026
0086
002a
3fd2
0058
0004
3e80
0184
009e
006f
002f
0162
010d
0055
3f92
003d
3f55
3fd2
002b
3fa7
0084
00dc
3fa8
3e58
3f4c
3f0c
0530
3e08
3e98
0180
00c0
0499
3f2d
3d18
02d8
3f25
0011
0288
04a0
3e58
3f50
3ed0
0100
0028
00d8
3fc5
3fc7
3ffe
0069
3fdf
008a
0090
3ebc
01d4
0005
00af
3f56
0011
0057
3fba
3f85
001d
3f68
3f69
3f99
3fd0
3d90
3e30
3f60
00e8
00f4
3ff4
3840
0370
03a8
37e0
0084
0420
3f8e
3f20
3f8c
3fc2
3f98
0010
0060
3f74
3ffc
3f50
3e60
3fe4
3e7c
3fcc
3ffb
3fd1
00e2
0079
0069
01cc
00a0
012c
004e
3f89
00c5
3f00
3f07
3ff9
000a
3fbc
004e
3f64
3fe4
3f80
0160
0200
3f60
0204
0068
019c
0590
3eb4
0034
00c0
3eb0
0597
3f9f
3fe8
0088
004b
3ffb
3df0
02b0
3fc8
3ed0
3a70
003c
0074
3fc8
0023
0009
001a
3f3f
3f95
3faa
3fa8
0064
3f44
00ed
002f
00be
3fd9
3f7f
005a
3fe5
3fe3
0002
3f2d
3f53
3fda
3f10
001c
3ef4
3e70
3fdc
3e94
0240
3f6c
0014
3e40
3da8
04c6
002a
3e88
02c8
3f8e
3fbe
3e90
0290
3e94
014c
3c60
3fa4
3f20
0084
00e0
00cc
0014
3f40
3fee
3f52
0078
00a8
3fd0
00ae
0096
0018
3f8a
3fc0
3fca
005e
0040
001e
3f9a
3f7a
0020
3d90
3fdc
3db4
3e0c
3f38
3ed4
0280
3be8
01f0
01d0
3ed4
0471
3fe3
3fe4
028c
3f99
3fbf
00e4
0420
3ee0
3f30
3f90
3f68
3f94
3fd4
3fcd
3fe2
3feb
3fad
3fec
3fc1
3f54
3eb8
009c
004f
00f7
3f58
0021
3f6b
00b6
0019
0008
0011
000f
004a
3fc5
3fcc
3e8c
0140
0098
00a0
3ff8
3660
0018
3fd8
05c0
02c0
037a
3ff8
3ef8
3f80
3fbc
0076
0110
3c70
0048
0230
02d0
04c8
0228
02a0
3f66
3fc1
3fa5
3f9c
3f9d
3fff
0270
01b0
00c0
0016
0067
3faf
3f88
3fdb
3fad
3fa4
0032
3f72
3eda
3ec4
0016
3b08
3d64
3da4
3f18
3f34
3fe4
0220
0008
3f98
3d40
3ee8
03eb
001f
3e54
3f88
00f1
3f8d
3eec
3f60
0138
3e20
00e0
3fc8
0088
3f40
0027
009d
3f8a
007d
3fcf
00ae
3e38
3fd8
3e60
0059
3ff0
0069
0015
0020
3ff5
3fe9
003a
3faf
3fe5
3fd6
000f
003c
0060
3fdc
3fd0
3e0c
01c4
3d40
02ec
3efc
3aa0
3fc0
0445
3fe3
3f18
3ea0
3fd9
00cb
0208
3fb0
3f70
3fa0
3fd0
3eb4
3f6c
3f48
0033
00a6
3f8d
00e3
0054
008f
3ff0
3ed8
0118
3fd7
3f97
0040
0039
0047
3ff2
3f9f
3fc8
3fd7
004d
002a
0023
0070
0148
3f28
00e8
3f60
0188
3d10
0194
3e9c
3dc0
0094
03f2
3fe6
011c
0174
3f20
3fdc
3e54
03f0
3c88
0080
01a0
3ef4
3e18
00dc
0090
3ff8
0098
001a
00d2
3f48
01b4
00dc
00d8
3f46
3f99
3fad
3faa
3ff9
3fb1
3fe0
000d
3fd3
3fc0
0005
3fbb
01ec
01a8
0044
0030
01ec
3e44
38c0
3ea4
009c
04f0
3ed4
0468
00c8
00a4
017c
00c6
3f1a
3dfc
05f0
018c
3d4c
3c40
005c
00b0
3fac
3efe
3f86
3f78
3ff4
3fea
000a
036c
0308
0064
3f74
3fe3
3f91
3f30
3f75
3fbb
3f24
3f4b
3fd9
3fc4
3fdd
3fe7
3ec4
3e40
0084
00b4
3f7c
0138
3f90
3f08
01b0
0010
3efc
0377
3f47
3e54
0084
3ff9
0025
0194
0090
015c
02e4
0800
3f78
3f6c
000c
3ff1
0031
3fc0
3fb7
0079
3f3e
00ac
0110
3f9c
005d
3fc4
0099
3f45
3f12
0033
3ffd
0044
3fb9
3ef9
3f2e
3fcb
3dcc
3f44
3e88
3e04
3ea0
3f64
01a0
0030
3ea8
3960
3e5c
040f
012b
007c
3f84
3fc5
3ff1
01cc
3e30
3fb8
3e38
3fb0
3e48
0084
3dc4
3f7d
3fed
3f90
004f
3f63
00ec
0034
3f58
00dc
00a7
0084
0023
3faf
0014
3f9b
0145
008e
00b7
3fb1
000a
3fa7
0054
009c
3fb8
01f8
0038
01c0
3820
0268
3ec0
3e00
0108
032b
00b5
3ff0
0058
0019
00fb
00c8
3f40
0028
3ed0
3de0
0238
015c
00dc
3f33
3f3a
3ff9
0049
0004
0045
0390
0258
0138
3fa3
3fc2
3fe1
3f45
3fe8
3f5d
3f2f
3f75
3fba
003d
3fd1
006c
3da0
3f54
3e4c
0170
00a4
00cc
3a50
02cc
03b4
3b40
014c
038e
3f44
0054
3fe4
0040
3f36
01bc
3d10
005c
3eb4
3e00
3ddc
3f88
3e54
3fe4
000d
3fd7
015e
001f
013f
0084
0198
3eec
3f22
3fa9
3f79
3f54
3faf
3fa5
0080
0022
005e
008e
0026
0068
014c
0150
3ffc
000c
3f28
00e4
0390
3f04
00bc
01a0
0080
035d
3fad
3ea8
0010
0025
0049
3ee0
06b0
3ffc
3eac
3d80
004c
0110
3f3c
3fc1
3fcd
3ff4
3fc9
3fab
001e
0070
3fc8
00a8
00f5
0083
0072
3f89
3fd9
3fb0
3f63
3fc5
3f9e
3e63
3ee3
3f80
3cd8
3f2c
3dac
3d7c
3edc
3ea0
3ea0
0220
0138
0590
3ee0
037f
3f95
002c
3fe0
0091
3fdb
3e2c
03d0
010c
3f84
3c70
01f0
005c
0194
003d
001c
0021
3ff3
0068
3f8b
00f8
0108
3ff0
00c1
0026
009b
0033
000e
0025
3ed9
3f1f
3fba
3fdf
3ff1
3fee
005c
3fbc
00a0
3f44
0018
3f2c
