0000000
0000000
0000000
0004ffc
1ffb004
0000000
0000000
0000000
0000000
000f146
1ff0eba
0000000
0000000
0000000
0000000
1ff2e80
000d180
0000000
1ff0634
1fefeb8
1ff91d2
0010848
1fefd6e
0039ed4
000f9cc
0010148
0006e2e
0010292
1fef7b8
1fc612c
0000000
0000000
0000000
1fe2d50
001d2b0
0000000
0000000
0000000
0000000
0009328
1ff6cd8
0000000
0000000
0000000
0000000
1fdc577
0023a89
0000000
0000000
0000000
0000000
00078d3
1ff872d
0000000
0011500
0000c52
1fead22
0002e2b
000afc9
0008e80
1feeb00
1fff3ae
00152de
1ff5037
1ffd1d5
1ff7180
0000000
0000000
0000000
001db94
1fe246c
0000000
0000000
0000000
0000000
1ff03dc
000fc24
0000000
0000000
0000000
0000000
1ffab2f
00054d1
0000000
0000000
0000000
0000000
1ffd387
0002c79
0000000
002d2b4
000879d
000f771
000f35a
1ffe9b0
00069dc
1fd2d4c
1ff7863
1ff088f
0001650
1ff0ca6
1ff9624
0000000
0000000
0000000
1fcfa60
00305a0
0000000
0000000
0000000
0000000
1feb1a4
0014e5c
0000000
0000000
0000000
0000000
00181f8
1fe7e08
0000000
0000000
0000000
0000000
00033ce
1ffcc32
0000000
1ff30c0
1ff3b26
000450c
0009924
0014f4e
1fe21d8
000cf40
000c4da
1ffbaf4
1feb0b2
1ff66dc
001de28
0000000
0000000
0000000
1febd08
00142f8
0000000
0000000
0000000
0000000
00061fc
1ff9e04
0000000
0000000
0000000
0000000
000a4fc
1ff5b04
0000000
0000000
0000000
0000000
1ffcd3c
00032c4
0000000
1fe5194
00068c5
0007535
1ffe501
1ffef7d
1fed8f4
001ae6c
1ff973b
1ff8acb
0001083
0001aff
001270c
0000000
0000000
0000000
1fe25d4
001da2c
0000000
0000000
0000000
0000000
000b648
1ff49b8
0000000
0000000
0000000
0000000
1fffce4
000031c
0000000
0000000
0000000
0000000
1fd4068
002bf98
0000000
001ddfc
1fffef3
1ff4c3b
1fed52f
1ff8273
1fe7f3c
1fe2204
000010d
000b3c5
0007d8d
0012ad1
00180c4
0000000
0000000
0000000
00125e4
1feda1c
0000000
0000000
0000000
0000000
1fe7b00
0018500
0000000
0000000
0000000
0000000
0001686
1ffe97a
0000000
0000000
0000000
0000000
000cd24
1ff32dc
0000000
000ee78
001281d
1ff68f3
0000fe5
0004107
000b128
1ff1188
1fed7e3
000970d
1ffbef9
1fff01b
1ff4ed8
0000000
0000000
0000000
1ffe4fc
0001b04
0000000
0000000
0000000
0000000
000a170
1ff5e90
0000000
0000000
0000000
0000000
000092a
1fff6d6
0000000
0000000
0000000
0000000
00048e4
1ffb71c
0000000
00021f4
0003846
001ec54
00033f6
1fe16fc
001418c
1ffde0c
1ffc7ba
1fe13ac
001e904
1ffcc0a
1febe74
0000000
0000000
0000000
0007a84
1ff857c
0000000
0000000
0000000
0000000
1fff0a4
0000f5c
0000000
0000000
0000000
0000000
1fface4
000531c
0000000
0000000
0000000
0000000
1ffcb2c
00034d4
0000000
1ff4774
1ff758f
1ff5d3b
1fe7ed7
000b0cf
0010bcc
000b88c
0008a71
000a2c5
1ff4f31
0018129
1fef434
0000000
0000000
0000000
00392d8
1fc6d28
0000000
0000000
0000000
0000000
00150c8
1feaf38
0000000
0000000
0000000
0000000
00050f8
1ffaf08
0000000
0000000
0000000
0000000
000ca4a
1ff35b6
0000000
1fe4464
1ff8c62
0016214
0007c62
000d538
1ff4c60
001bb9c
000739e
1fe9dec
1ff2ac8
1ff839e
000b3a0
0000000
0000000
0000000
0002784
1ffd87c
0000000
0000000
0000000
0000000
1ffe53c
0001ac4
0000000
0000000
0000000
0000000
0005792
1ffa86e
0000000
0000000
0000000
0000000
1ff9eda
0006126
0000000
0014494
0006e7c
1fe5dec
1fff866
000c096
1fedb60
1febb6c
1ff9184
001a214
1ff3f6a
000079a
00124a0
0000000
0000000
0000000
1ff1c78
000e388
0000000
0000000
0000000
0000000
0012420
1fedbe0
0000000
0000000
0000000
0000000
1ff74f3
0008b0d
0000000
0000000
0000000
0000000
1fff22b
0000dd5
0000000
1fe504c
1ffaa46
1ffdd6e
000e755
1ffd0a3
00001d8
001afb4
00055ba
0002292
0002f5d
1ff18ab
1fffe28
0000000
0000000
0000000
1ff60f8
0009f08
0000000
0000000
0000000
0000000
1fd2254
002ddac
0000000
0000000
0000000
0000000
1ff4c0f
000b3f1
0000000
0000000
0000000
0000000
1fde82d
00217d3
0000000
1ff95a8
1fed9b3
0015871
0001f7c
1ff9df0
1fff3dc
0006a58
001264d
1fea78f
0006210
1ffe084
0000c24
0000000
0000000
0000000
0009a7c
1ff6584
0000000
0000000
0000000
0000000
0004f4c
1ffb0b4
0000000
0000000
0000000
0000000
1ff3a12
000c5ee
0000000
0000000
0000000
0000000
000984e
1ff67b2
0000000
1fe55e4
0007e73
0011993
1ff1f37
1fe68e7
0014a58
001aa1c
1ff818d
1fee66d
0019719
000e0c9
1feb5a8
0000000
0000000
0000000
0017a14
1fe85ec
0000000
0000000
0000000
0000000
1fe5b88
001a478
0000000
0000000
0000000
0000000
1ffdfd3
000202d
0000000
0000000
0000000
0000000
1ff540f
000abf1
0000000
00241b0
000353c
1ffdbd4
000c617
1ffc52d
0032bb8
1fdbe50
1ffcac4
000242c
0003ad3
1ff39e9
1fcd448
0000000
0000000
0000000
1ffda80
0002580
0000000
0000000
0000000
0000000
0005b20
1ffa4e0
0000000
0000000
0000000
0000000
1ff0213
000fded
0000000
0000000
0000000
0000000
1ffac01
00053ff
0000000
1fe9154
0000f02
1ff014c
001f2d7
0002703
1fdaf98
0016eac
1fff0fe
000feb4
1ffd8fd
1fe0d29
0025068
0000000
0000000
0000000
000ce08
1ff31f8
0000000
0000000
0000000
0000000
1fe4168
001be98
0000000
0000000
0000000
0000000
0005071
1ffaf8f
0000000
0000000
0000000
0000000
000b2a7
1ff4d59
0000000
1fe4414
000a2ff
00062e9
000e318
1ff74d4
000251c
001bbec
1ff5d01
1ff9d17
0008b2c
1ff1ce8
1ffdae4
0000000
0000000
0000000
00057e8
1ffa818
0000000
0000000
0000000
0000000
1fee614
00119ec
0000000
0000000
0000000
0000000
0007b88
1ff8478
0000000
0000000
0000000
0000000
000a61e
1ff59e2
0000000
001aed4
000443b
000a1e1
0000525
1ff675b
000fe48
1fe512c
1ffbbc5
1ff5e1f
00098a5
1fffadb
1ff01b8
0000000
0000000
0000000
0016d2c
1fe92d4
0000000
0000000
0000000
0000000
1fe2c20
001d3e0
0000000
0000000
0000000
0000000
1ff5747
000a8b9
0000000
0000000
0000000
0000000
0024d3f
1fdb2c1
0000000
1ffda38
1ff67fd
1feaf6d
1febef8
1fe2d32
0007ca4
00025c8
0009803
0015093
001d2ce
0014108
1ff835c
0000000
0000000
0000000
00063bc
1ff9c44
0000000
0000000
0000000
0000000
1fd5508
002aaf8
0000000
0000000
0000000
0000000
001325b
1fecda5
0000000
0000000
0000000
0000000
1ffd395
0002c6b
0000000
0030a84
1fe263c
001caaa
0009c3f
1ff1b47
0018178
1fcf57c
001d9c4
1fe3556
000e4b9
1ff63c1
1fe7e88
0000000
0000000
0000000
1ff8748
00078b8
0000000
0000000
0000000
0000000
1ff7814
00087ec
0000000
0000000
0000000
0000000
1fe4b25
001b4db
0000000
0000000
0000000
0000000
001362f
1fec9d1
0000000
1fdd7a0
001ce45
1ffb87f
0014626
001246a
0043560
0022860
1fe31bb
0004781
1fedb96
1feb9da
1fbcaa0
0000000
0000000
0000000
0009320
1ff6ce0
0000000
0000000
0000000
0000000
1fe92b4
0016d4c
0000000
0000000
0000000
0000000
00268c6
1fd973a
0000000
0000000
0000000
0000000
1ff7c32
00083ce
0000000
1ff156c
00037ca
1fee12e
000e674
1ffb8b0
1fe98cc
000ea94
1ffc836
0011ed2
0004750
1ff198c
0016734
0000000
0000000
0000000
0007840
1ff87c0
0000000
0000000
0000000
0000000
1ff0a44
000f5bc
0000000
0000000
0000000
0000000
1ffa476
0005b8a
0000000
0000000
0000000
0000000
00062fc
1ff9d04
0000000
0000798
0014698
1ff842e
0007e7a
0007b8c
1ffb168
1fff868
1feb968
0007bd2
1ff8474
1ff8186
0004e98
0000000
0000000
0000000
0007cf0
1ff8310
0000000
0000000
0000000
0000000
0003404
1ffcbfc
0000000
0000000
0000000
0000000
1ff2373
000dc8d
0000000
0000000
0000000
0000000
1fcda69
0032597
0000000
1ff8650
000bc09
1fefc6f
1ff39b2
1ff1fd6
1fd9ec0
00079b0
1ff43f7
0010391
000e02a
000c64e
0026140
0000000
0000000
0000000
0001394
1ffec6c
0000000
0000000
0000000
0000000
1fdee60
00211a0
0000000
0000000
0000000
0000000
0007b00
1ff8500
0000000
0000000
0000000
0000000
00141c2
1febe3e
0000000
1fe7178
0018e33
000158d
1fe5243
1ffd19d
1fcf094
0018e88
1fe71cd
1ffea73
0002e63
001adbd
0030f6c
0000000
0000000
0000000
000b438
1ff4bc8
0000000
0000000
0000000
0000000
1fecc9c
0013364
0000000
0000000
0000000
0000000
0017258
1fe8da8
0000000
0000000
0000000
0000000
1feebc8
0011438
0000000
0020030
1ff05ae
0015f8e
0006dc8
1ff95a0
1feeef8
1fdffd0
000fa52
1fea072
0006a60
1ff9238
0011108
0000000
0000000
0000000
1fcc2b8
0033d48
0000000
0000000
0000000
0000000
1fe9554
0016aac
0000000
0000000
0000000
0000000
00199b7
1fe6649
0000000
0000000
0000000
0000000
0001d95
1ffe26b
0000000
000f4b8
1ffc7f0
1ff3bc6
1fe7e91
1fe3d69
001e984
1ff0b48
0003810
000c43a
001c297
001816f
1fe167c
0000000
0000000
0000000
1fe325c
001cda4
0000000
0000000
0000000
0000000
1ff49ac
000b654
0000000
0000000
0000000
0000000
1ff1805
000e7fb
0000000
0000000
0000000
0000000
1ffd5c3
0002a3d
0000000
0006a50
1ff661a
1ff0a24
1ff8d43
1ff4877
000430c
1ff95b0
00099e6
000f5dc
000b789
00072bd
1ffbcf4
0000000
0000000
0000000
1ffb294
0004d6c
0000000
0000000
0000000
0000000
1ffed74
000128c
0000000
0000000
0000000
0000000
1ffb722
00048de
0000000
0000000
0000000
0000000
000953a
1ff6ac6
0000000
00001ec
1ffc5f3
000ae4b
1fe0a4b
1ff6a87
0038d5c
1fffe14
0003a0d
1ff51b5
0009579
001f5b5
1fc72a4
0000000
0000000
0000000
1feef20
00110e0
0000000
0000000
0000000
0000000
1ff5230
000add0
0000000
0000000
0000000
0000000
00026a4
1ffd95c
0000000
0000000
0000000
0000000
0020190
1fdfe70
0000000
1fddd80
1ff4bba
00077a2
00036de
0015a32
1fef130
0022280
000b446
1ff885e
1fea5ce
1ffc922
0010ed0
0000000
0000000
0000000
1fff8ec
0000714
0000000
0000000
0000000
0000000
0023bd4
1fdc42c
0000000
0000000
0000000
0000000
0008b7e
1ff7482
0000000
0000000
0000000
0000000
000b350
1ff4cb0
0000000
1ffe41c
1ff6ac2
00147cc
1fd408c
000bcb6
1fe01d8
0001be4
000953e
1feb834
1ff434a
002bf74
001fe28
0000000
0000000
0000000
1fea6c8
0015938
0000000
0000000
0000000
0000000
1fcb88c
0034774
0000000
0000000
0000000
0000000
1fff698
0000968
0000000
0000000
0000000
0000000
00129f8
1fed608
0000000
0000e6c
0000cdc
000a128
1ff3ab6
000b526
0013ac8
1fff194
1fff324
1ff5ed8
1ff4ada
000c54a
1fec538
0000000
0000000
0000000
1ff0790
000f870
0000000
0000000
0000000
0000000
0011634
1fee9cc
0000000
0000000
0000000
0000000
1ffbee9
0004117
0000000
0000000
0000000
0000000
1fe8e67
0017199
0000000
1ff19e4
000ee68
00035d2
1ff2c9d
001648d
0012dfc
000e61c
1ff1198
1ffca2e
1fe9b73
000d363
1fed204
0000000
0000000
0000000
1ff90a8
0006f58
0000000
0000000
0000000
0000000
000b508
1ff4af8
0000000
0000000
0000000
0000000
1fd6b9e
0029462
0000000
0000000
0000000
0000000
0013716
1fec8ea
0000000
1fffd58
1ffb97e
00128d2
000e3ae
000730e
1fe391c
00002a8
0004682
1fed72e
1ff8cf2
1ff1c52
001c6e4
0000000
0000000
0000000
001e000
1fe2000
0000000
0000000
0000000
0000000
1ff6840
00097c0
0000000
0000000
0000000
0000000
1ffd93f
00026c1
0000000
0000000
0000000
0000000
1ff216b
000de95
0000000
000cd38
1fe2564
1fe651c
0007647
00083a5
1fd8c04
1ff32c8
001da9c
0019ae4
1ff7c5b
1ff89b9
00273fc
0000000
0000000
0000000
1fdb130
0024ed0
0000000
0000000
0000000
0000000
1fec214
0013dec
0000000
0000000
0000000
0000000
001a250
1fe5db0
0000000
0000000
0000000
0000000
00048c4
1ffb73c
0000000
0040d70
1ff92e3
00037e3
1ff034d
00068e9
1ff08c8
1fbf290
0006d1d
1ffc81d
1ff9717
000fcb3
000f738
0000000
0000000
0000000
1fdb148
0024eb8
0000000
0000000
0000000
0000000
1fd3ccc
002c334
0000000
0000000
0000000
0000000
1ff2047
000dfb9
0000000
0000000
0000000
0000000
00031c1
1ffce3f
0000000
1fec57c
0006429
0018183
0018c3c
000ab68
1fdff60
0013a84
1ff9bd7
1fe7e7d
1ff5498
1fe73c4
00200a0
0000000
0000000
0000000
1fd8984
002767c
0000000
0000000
0000000
0000000
001df4c
1fe20b4
0000000
0000000
0000000
0000000
000047b
1fffb85
0000000
0000000
0000000
0000000
1ff903f
0006fc1
0000000
1ffa538
1ffadd1
0005b09
1ff732e
1ffa3c0
1ff1e30
0005ac8
000522f
1ffa4f7
0005c40
0008cd2
000e1d0
0000000
0000000
0000000
0014ba0
1feb460
0000000
0000000
0000000
0000000
0010c54
1fef3ac
0000000
0000000
0000000
0000000
1fef8b9
0010747
0000000
0000000
0000000
0000000
0012461
1fedb9f
0000000
1ffd8c4
1ff22ec
1feadf8
1ff8e7d
000be8b
1fefe1c
000273c
000dd14
0015208
1ff4175
0007183
00101e4
0000000
0000000
0000000
1fee594
0011a6c
0000000
0000000
0000000
0000000
001808c
1fe7f74
0000000
0000000
0000000
0000000
0004bec
1ffb414
0000000
0000000
0000000
0000000
1ff4b8c
000b474
0000000
00158bc
0010040
1ff8acc
1feffac
00089d0
000c584
1fea744
1feffc0
0007534
1ff7630
0010054
1ff3a7c
0000000
0000000
0000000
1fe3d80
001c280
0000000
0000000
0000000
0000000
0014630
1feb9d0
0000000
0000000
0000000
0000000
1ff13c3
000ec3d
0000000
0000000
0000000
0000000
000677d
1ff9883
0000000
1fde9e0
1ff1809
00168b7
1ff9b20
1ff682c
1ff503c
0021620
000e7f7
1fe9749
00097d4
00064e0
000afc4
0000000
0000000
0000000
1fef734
00108cc
0000000
0000000
0000000
0000000
1fe9800
0016800
0000000
0000000
0000000
0000000
000ef80
1ff1080
0000000
0000000
0000000
0000000
1fff2b4
0000d4c
0000000
0027a40
1fe1e9a
1ffd34a
1ff878c
1ff82a0
1febff0
1fd85c0
001e166
0002cb6
0007d60
0007874
0014010
0000000
0000000
0000000
1ff05cc
000fa34
0000000
0000000
0000000
0000000
000c3d4
1ff3c2c
0000000
0000000
0000000
0000000
000b6a8
1ff4958
0000000
0000000
0000000
0000000
1ff7cc2
000833e
0000000
1ff096c
000b256
0007198
1ffc0d8
0021802
0005588
000f694
1ff4daa
1ff8e68
1fde7fe
0003f28
1ffaa78
0000000
0000000
0000000
1fec678
0013988
0000000
0000000
0000000
0000000
1ffe864
000179c
0000000
0000000
0000000
0000000
1fe7d08
00182f8
0000000
0000000
0000000
0000000
0025894
1fda76c
0000000
1ffdeec
0010042
1fe5e6e
00102c0
1ffe964
1fea398
0002114
1feffbe
001a192
000169c
1fefd40
0015c68
0000000
0000000
0000000
00082fc
1ff7d04
0000000
0000000
0000000
0000000
1ffbd28
00042d8
0000000
0000000
0000000
0000000
1ff01b8
000fe48
0000000
0000000
0000000
0000000
1fdaeb8
0025148
0000000
1fd0f34
000ee5b
1fee27f
0019365
0010d8d
1fd8c70
002f0cc
1ff11a5
0011d81
1fef273
1fe6c9b
0027390
0000000
0000000
0000000
1fd456c
002ba94
0000000
0000000
0000000
0000000
0012b0c
1fed4f4
0000000
0000000
0000000
0000000
1feaa2d
00155d3
0000000
0000000
0000000
0000000
1ff772f
00088d1
0000000
00072e4
1ff9c4c
00035d2
1ffb0c7
00264a3
002d814
1ff8d1c
00063b4
1ffca2e
1fd9b5d
0004f39
1fd27ec
0000000
0000000
0000000
000bf6c
1ff4094
0000000
0000000
0000000
0000000
003b104
1fc4efc
0000000
0000000
0000000
0000000
1ff0bf1
000f40f
0000000
0000000
0000000
0000000
1ff1193
000ee6d
0000000
00275e8
000e3a2
1fee4f8
1ff9a39
0014f29
1ffb460
1fd8a18
1ff1c5e
0011b08
1feb0d7
00065c7
0004ba0
0000000
0000000
0000000
1febf80
0014080
0000000
0000000
0000000
0000000
1fe5bbc
001a444
0000000
0000000
0000000
0000000
1ff4631
000b9cf
0000000
0000000
0000000
0000000
000914f
1ff6eb1
0000000
000be68
0009495
000c367
1feb1f6
1ff609e
0001a08
1ff4198
1ff6b6b
1ff3c99
0009f62
0014e0a
1ffe5f8
0000000
0000000
0000000
0007cec
1ff8314
0000000
0000000
0000000
0000000
1ff88d4
000772c
0000000
0000000
0000000
0000000
1feb183
0014e7d
0000000
0000000
0000000
0000000
001369b
1fec965
0000000
0029d7c
0007de1
1ff4805
000803e
1ff79dc
1fd936c
1fd6284
1ff821f
000b7fb
0008624
1ff7fc2
0026c94
0000000
0000000
0000000
0008cd4
1ff732c
0000000
0000000
0000000
0000000
1ff13fc
000ec04
0000000
0000000
0000000
0000000
1fffbd7
0000429
0000000
0000000
0000000
0000000
0006519
1ff9ae7
0000000
00135c4
000d42f
0007a5d
0001554
000a9d0
1ff661c
1feca3c
1ff2bd1
1ff85a3
1ff5630
1ffeaac
00099e4
0000000
0000000
0000000
1febfdc
0014024
0000000
0000000
0000000
0000000
1feacec
0015314
0000000
0000000
0000000
0000000
1feca20
00135e0
0000000
0000000
0000000
0000000
1ffc3cc
0003c34
0000000
00091f0
1ff7793
1ffaa13
1ffcde3
0000137
1ff7f90
1ff6e10
000886d
00055ed
1fffec9
000321d
0008070
0000000
0000000
0000000
001907c
1fe6f84
0000000
0000000
0000000
0000000
1ff998c
0006674
0000000
0000000
0000000
0000000
1feedaf
0011251
0000000
0000000
0000000
0000000
0005837
1ffa7c9
0000000
000a2c0
00141ae
001451e
1fff5b7
1fee971
0013af0
1ff5d40
1febe52
1febae2
001168f
0000a49
1fec510
0000000
0000000
0000000
0007080
1ff8f80
0000000
0000000
0000000
0000000
1ffa530
0005ad0
0000000
0000000
0000000
0000000
000d284
1ff2d7c
0000000
0000000
0000000
0000000
0007f44
1ff80bc
0000000
000d010
1ff75a1
000d8a9
1ff51db
1febb47
0010efc
1ff2ff0
0008a5f
1ff2757
00144b9
000ae25
1fef104
0000000
0000000
0000000
001387c
1fec784
0000000
0000000
0000000
0000000
1fea338
0015cc8
0000000
0000000
0000000
0000000
0003c73
1ffc38d
0000000
0000000
0000000
0000000
001229f
1fedd61
0000000
1ffe3f4
1ff4820
0008e18
1ffd5dd
00137d7
00149dc
0001c0c
000b7e0
1ff71e8
1fec829
0002a23
1feb624
0000000
0000000
0000000
0006d48
1ff92b8
0000000
0000000
0000000
0000000
0017d44
1fe82bc
0000000
0000000
0000000
0000000
000347a
1ffcb86
0000000
0000000
0000000
0000000
0007e0e
1ff81f2
0000000
1fec130
1ff2e5c
1ff9638
000dc58
1fecc18
1ffe48c
0013ed0
000d1a4
00069c8
00133e8
1ff23a8
0001b74
0000000
0000000
0000000
1fc42e4
003bd1c
0000000
0000000
0000000
0000000
1fef4a8
0010b58
0000000
0000000
0000000
0000000
1ffa7b1
000584f
0000000
0000000
0000000
0000000
001db2d
1fe24d3
0000000
0000470
00047e6
1fdece6
001e4f1
1ff886b
1ff05dc
1fffb90
1ffb81a
002131a
0007795
1fe1b0f
000fa24
0000000
0000000
0000000
000eb28
1ff14d8
0000000
0000000
0000000
0000000
00202c0
1fdfd40
0000000
0000000
0000000
0000000
1ff1391
000ec6f
0000000
0000000
0000000
0000000
1ffab55
00054ab
0000000
1ff7990
1fe2a80
00226e8
1ffea91
1fecceb
1ffbe14
0008670
001d580
1fdd918
0013315
000156f
00041ec
0000000
0000000
0000000
0018a10
1fe75f0
0000000
0000000
0000000
0000000
0004240
1ffbdc0
0000000
0000000
0000000
0000000
1fec4e0
0013b20
0000000
0000000
0000000
0000000
00105ce
1fefa32
0000000
000b994
1ff9c62
0012a00
0013d00
001983e
0015fa0
1ff466c
000639e
1fed600
1fe67c2
1fec300
1fea060
0000000
0000000
0000000
000b64c
1ff49b4
0000000
0000000
0000000
0000000
1fd0adc
002f524
0000000
0000000
0000000
0000000
001f52e
1fe0ad2
0000000
0000000
0000000
0000000
1ff606c
0009f94
0000000
00417c8
1ff8834
1fd954a
0004632
0015c60
1fe78c8
1fbe838
00077cc
0026ab6
1fea3a0
1ffb9ce
0018738
0000000
0000000
0000000
0005630
1ffa9d0
0000000
0000000
0000000
0000000
001633c
1fe9cc4
0000000
0000000
0000000
0000000
0007a23
1ff85dd
0000000
0000000
0000000
0000000
1ff356d
000ca93
0000000
0002fc4
00069b9
1fed67b
1ffe48c
1fffae4
1ffac64
1ffd03c
1ff9647
0012985
000051c
0001b74
000539c
0000000
0000000
0000000
1fea9f8
0015608
0000000
0000000
0000000
0000000
1fea5d4
0015a2c
0000000
0000000
0000000
0000000
0003ee2
1ffc11e
0000000
0000000
0000000
0000000
0019e6a
1fe6196
0000000
1ff49c8
0003a7c
0003390
000c730
1ff9f80
00024a8
000b638
1ffc584
1ffcc70
0006080
1ff38d0
1ffdb58
0000000
0000000
0000000
00113cc
1feec34
0000000
0000000
0000000
0000000
000a7a8
1ff5858
0000000
0000000
0000000
0000000
000e437
1ff1bc9
0000000
0000000
0000000
0000000
0004e7b
1ffb185
0000000
1ffa828
1ffa476
1ffea92
1ff7fd7
001247d
1ff3684
00057d8
0005b8a
000156e
1fedb83
0008029
000c97c
0000000
0000000
0000000
1ffae18
00051e8
0000000
0000000
0000000
0000000
1ffb81c
00047e4
0000000
0000000
0000000
0000000
1ff4107
000bef9
0000000
0000000
0000000
0000000
1fff69d
0000963
0000000
000fd40
0000119
1ff60c3
1ff6f5c
0004ae0
1fdd754
1ff02c0
1fffee7
0009f3d
1ffb520
00090a4
00228ac
0000000
0000000
0000000
1feb8dc
0014724
0000000
0000000
0000000
0000000
1fd5058
002afa8
0000000
0000000
0000000
0000000
00101f0
1fefe10
0000000
0000000
0000000
0000000
0006fa6
1ff905a
0000000
0003748
1ffdf9b
1ff5145
00143ad
00052db
0008da8
1ffc8b8
0002065
000aebb
1ffad25
1febc53
1ff7258
0000000
0000000
0000000
000d774
1ff288c
0000000
0000000
0000000
0000000
1fef1c0
0010e40
0000000
0000000
0000000
0000000
1ff3d66
000c29a
0000000
0000000
0000000
0000000
1fffb5c
00004a4
0000000
0018e7c
1ff1de3
000050d
0001231
000d883
0010fa0
1fe7184
000e21d
1fffaf3
1ff277d
1ffedcf
1fef060
0000000
0000000
0000000
1ffc13c
0003ec4
0000000
0000000
0000000
0000000
0019668
1fe6998
0000000
0000000
0000000
0000000
0016f99
1fe9067
0000000
0000000
0000000
0000000
1ff1e17
000e1e9
0000000
0022240
0007185
0005303
1fea408
0013940
00172c0
1fdddc0
1ff8e7b
1ffacfd
1fec6c0
0015bf8
1fe8d40
0000000
0000000
0000000
1ff07bc
000f844
0000000
0000000
0000000
0000000
00041e0
1ffbe20
0000000
0000000
0000000
0000000
1ff6018
0009fe8
0000000
0000000
0000000
0000000
0001892
1ffe76e
0000000
0002018
1ffeaa7
1ffd251
00072b5
1ff49cb
001cb04
1ffdfe8
0001559
0002daf
000b635
1ff8d4b
1fe34fc
0000000
0000000
0000000
0011f80
1fee080
0000000
0000000
0000000
0000000
000de88
1ff2178
0000000
0000000
0000000
0000000
0009ba2
1ff645e
0000000
0000000
0000000
0000000
1ff562a
000a9d6
0000000
00238f0
1feda1f
1ff25ab
1ffa119
1fee071
1ffb05c
1fdc710
00125e1
000da55
0011f8f
0005ee7
0004fa4
0000000
0000000
0000000
00032d8
1ffcd28
0000000
0000000
0000000
0000000
1fd8704
00278fc
0000000
0000000
0000000
0000000
1ff7bfa
0008406
0000000
0000000
0000000
0000000
00166d4
1fe992c
0000000
000ecc4
1fe11b3
1ffe5f9
002712d
0015c13
0017068
1ff133c
001ee4d
0001a07
1fea3ed
1fd8ed3
1fe8f98
0000000
0000000
0000000
1fe89b8
0017648
0000000
0000000
0000000
0000000
001b4ec
1fe4b14
0000000
0000000
0000000
0000000
1fe8205
0017dfb
0000000
0000000
0000000
0000000
1ffe963
000169d
0000000
00167c0
1ffe1a0
0001106
1ffad5d
0012af1
00024fc
1fe9840
0001e60
1ffeefa
1fed50f
00052a3
1ffdb04
0000000
0000000
0000000
002dc7c
1fd2384
0000000
0000000
0000000
0000000
1fded68
0021298
0000000
0000000
0000000
0000000
001efc9
1fe1037
0000000
0000000
0000000
0000000
000bcab
1ff4355
0000000
000c7f0
1fe260c
000447e
000a22b
0009e43
001d35c
1ff3810
001d9f4
1ffbb82
1ff61bd
1ff5dd5
1fe2ca4
0000000
0000000
0000000
1fe8764
001789c
0000000
0000000
0000000
0000000
0001f24
1ffe0dc
0000000
0000000
0000000
0000000
0000a79
1fff587
0000000
0000000
0000000
0000000
1ffee27
00011d9
0000000
1feaa60
0002bef
000dc01
1ff38d0
1ffdcb4
0007c08
00155a0
1ffd411
1ff23ff
000234c
000c730
1ff83f8
0000000
0000000
0000000
1ffaf4c
00050b4
0000000
0000000
0000000
0000000
1ffa8f8
0005708
0000000
0000000
0000000
0000000
1fedf1c
00120e4
0000000
0000000
0000000
0000000
1ff4f44
000b0bc
0000000
1fd1b6c
0001626
001079e
000ff78
0029874
1fdd330
002e494
1ffe9da
1fef862
1fd678c
1ff0088
0022cd0
0000000
0000000
0000000
0006468
1ff9b98
0000000
0000000
0000000
0000000
000c7c4
1ff383c
0000000
0000000
0000000
0000000
0002e38
1ffd1c8
0000000
0000000
0000000
0000000
0016da0
1fe9260
0000000
003de50
1febf12
1ff1eaa
1fec4c4
1ff3a78
0014e00
1fc21b0
00140ee
000e156
000c588
0013b3c
1feb200
0000000
0000000
0000000
1ff7ef4
000810c
0000000
0000000
0000000
0000000
1ff8570
0007a90
0000000
0000000
0000000
0000000
1ff5063
000af9d
0000000
0000000
0000000
0000000
1ff6775
000988b
0000000
001849c
1fe15ea
000987c
1feb793
1ff5cf7
0002e7c
1fe7b64
001ea16
1ff6784
000a309
001486d
1ffd184
0000000
0000000
0000000
00008d8
1fff728
0000000
0000000
0000000
0000000
1fdf218
0020de8
0000000
0000000
0000000
0000000
1ffc9c2
000363e
0000000
0000000
0000000
0000000
000f160
1ff0ea0
0000000
1fee3e4
000631b
0012b75
1ff5c65
001311f
0025564
0011c1c
1ff9ce5
1fed48b
1fecee1
000a39b
1fdaa9c
0000000
0000000
0000000
1fff8a4
000075c
0000000
0000000
0000000
0000000
1fe5444
001abbc
0000000
0000000
0000000
0000000
1ff4c7a
000b386
0000000
0000000
0000000
0000000
1fe2506
001dafa
0000000
000bce4
1ff7f02
0004e72
1fff17a
1fffebe
0007470
1ff431c
00080fe
1ffb18e
0000142
0000e86
1ff8b90
0000000
0000000
0000000
0000b20
1fff4e0
0000000
0000000
0000000
0000000
0017ab8
1fe8548
0000000
0000000
0000000
0000000
0005dd0
1ffa230
0000000
0000000
0000000
0000000
1ff473a
000b8c6
0000000
1fc47ec
0008692
1ff8edc
0015a98
000f0ee
1fe8f88
003b814
1ff796e
0007124
1ff0f12
1fea568
0017078
0000000
0000000
0000000
1ffe0a4
0001f5c
0000000
0000000
0000000
0000000
0011a3c
1fee5c4
0000000
0000000
0000000
0000000
0007108
1ff8ef8
0000000
0000000
0000000
0000000
1ff4ca2
000b35e
0000000
1ffd260
000ebd9
000002b
000cabb
1ff91f1
1fd5388
0002da0
1ff1427
1ffffd5
0006e0f
1ff3545
002ac78
0000000
0000000
0000000
1ff8948
00076b8
0000000
0000000
0000000
0000000
000635c
1ff9ca4
0000000
0000000
0000000
0000000
001ece4
1fe131c
0000000
0000000
0000000
0000000
1fed560
0012aa0
0000000
000c288
0008edd
1ffb0d1
1fee9b7
1ffc173
1fe50b8
1ff3d78
1ff7123
0004f2f
0003e8d
0011649
001af48
0000000
0000000
0000000
1ff7840
00087c0
0000000
0000000
0000000
0000000
0003b9c
1ffc464
0000000
0000000
0000000
0000000
1ff46b5
000b94b
0000000
0000000
0000000
0000000
000631b
1ff9ce5
0000000
1ff8e20
001add4
1febeba
0021fbd
000a9b9
0019480
00071e0
1fe522c
0014146
1ff5647
1fde043
1fe6b80
0000000
0000000
0000000
0033518
1fccae8
0000000
0000000
0000000
0000000
1fdb174
0024e8c
0000000
0000000
0000000
0000000
0019aae
1fe6552
0000000
0000000
0000000
0000000
001b1d4
1fe4e2c
0000000
000b760
0008755
1fe267b
000aacd
1ffef2f
1ff8f34
1ff48a0
1ff78ab
001d985
00010d1
1ff5533
00070cc
0000000
0000000
0000000
1fefd2c
00102d4
0000000
0000000
0000000
0000000
1fe96a0
0016960
0000000
0000000
0000000
0000000
1ff6d19
00092e7
0000000
0000000
0000000
0000000
0005f09
1ffa0f7
0000000
000f7f8
0002a0d
1fede31
000dcec
1fed38a
1fed56c
1ff0808
1ffd5f3
00121cf
0012c76
1ff2314
0012a94
0000000
0000000
0000000
1ff0b68
000f498
0000000
0000000
0000000
0000000
1ff40c8
000bf38
0000000
0000000
0000000
0000000
1fff858
00007a8
0000000
0000000
0000000
0000000
000074e
1fff8b2
0000000
1fff898
1fe9917
00125a5
0008a35
0017ebb
0029884
0000768
00166e9
1feda5b
1fe8145
1ff75cb
1fd677c
0000000
0000000
0000000
0018e08
1fe71f8
0000000
0000000
0000000
0000000
1ffe0e4
0001f1c
0000000
0000000
0000000
0000000
1ff87aa
0007856
0000000
0000000
0000000
0000000
0012b3c
1fed4c4
0000000
0004154
1fdfca2
00021d4
1ff580a
002144c
000cd2c
1ffbeac
002035e
1ffde2c
1fdebb4
000a7f6
1ff32d4
0000000
0000000
0000000
1feb7b4
001484c
0000000
0000000
0000000
0000000
000a3e8
1ff5c18
0000000
0000000
0000000
0000000
1ffac78
0005388
0000000
0000000
0000000
0000000
0005226
1ffadda
0000000
1ff3648
0008ce6
000448c
0007690
000081a
1fd8df4
000c9b8
1ff731a
1ffbb74
1fff7e6
1ff8970
002720c
0000000
0000000
0000000
0026114
1fd9eec
0000000
0000000
0000000
0000000
0007c1c
1ff83e4
0000000
0000000
0000000
0000000
1ff47b6
000b84a
0000000
0000000
0000000
0000000
0014704
1feb8fc
0000000
1ff0ae4
1fe8f40
0000246
1ffb11c
1ff7fde
00075cc
000f51c
00170c0
1fffdba
0008022
0004ee4
1ff8a34
0000000
0000000
0000000
0022e84
1fdd17c
0000000
0000000
0000000
0000000
1fef65c
00109a4
0000000
0000000
0000000
0000000
0003129
1ffced7
0000000
0000000
0000000
0000000
1fe9633
00169cd
0000000
1fe0ed4
1ffe8e2
0011bcc
1ff0381
1fe987d
000328c
001f12c
000171e
1fee434
0016783
000fc7f
1ffcd74
0000000
0000000
0000000
1ffb544
0004abc
0000000
0000000
0000000
0000000
1fdd460
0022ba0
0000000
0000000
0000000
0000000
000ed28
1ff12d8
0000000
0000000
0000000
0000000
00073ea
1ff8c16
0000000
0002a54
1ff8538
000c7ea
1ff5fd2
0019f88
1ff8bc4
1ffd5ac
0007ac8
1ff3816
1fe6078
000a02e
000743c
0000000
0000000
0000000
0024400
1fdbc00
0000000
0000000
0000000
0000000
1ffceb4
000314c
0000000
0000000
0000000
0000000
000f778
1ff0888
0000000
0000000
0000000
0000000
00003b2
1fffc4e
0000000
1fdc714
0014adb
1ff9f25
1ffabd7
000129d
0001160
00238ec
1feb525
00060db
1ffed63
0005429
1ffeea0
0000000
0000000
0000000
00212a0
1fded60
0000000
0000000
0000000
0000000
1ff8338
0007cc8
0000000
0000000
0000000
0000000
0004d29
1ffb2d7
0000000
0000000
0000000
0000000
1feb6dd
0014923
0000000
1ff47d4
1ffecab
000f0a7
0018a0e
1ffd358
1fdc6cc
000b82c
0001355
1ff0f59
0002ca8
1fe75f2
0023934
0000000
0000000
0000000
0021474
1fdeb8c
0000000
0000000
0000000
0000000
0000ca4
1fff35c
0000000
0000000
0000000
0000000
0003ec3
1ffc13d
0000000
0000000
0000000
0000000
1ff9f85
000607b
0000000
1fd45f0
1fff184
000ea22
00037a7
1fff157
0011810
002ba10
0000e7c
1ff15de
0000ea9
1ffc859
1fee7f0
0000000
0000000
0000000
1fe6658
00199a8
0000000
0000000
0000000
0000000
0011d1c
1fee2e4
0000000
0000000
0000000
0000000
1ff02e7
000fd19
0000000
0000000
0000000
0000000
000a90f
1ff56f1
0000000
1ffda74
000eaeb
0012efb
1ffc70c
1feb976
1fe5a88
000258c
1ff1515
1fed105
001468a
00038f4
001a578
0000000
0000000
0000000
0029924
1fd66dc
0000000
0000000
0000000
0000000
001a290
1fe5d70
0000000
0000000
0000000
0000000
0004700
1ffb900
0000000
0000000
0000000
0000000
000b212
1ff4dee
0000000
0015acc
00060f1
000a0d3
0007c31
0000c87
000c334
1fea534
1ff9f0f
1ff5f2d
1fff379
1ff83cf
1ff3ccc
0000000
0000000
0000000
002ef34
1fd10cc
0000000
0000000
0000000
0000000
1fe8d18
00172e8
0000000
0000000
0000000
0000000
1fefd35
00102cb
0000000
0000000
0000000
0000000
1ffae59
00051a7
0000000
1ffd920
0000819
1ffdcb9
00097f2
1fefe48
00122f0
00026e0
1fff7e7
0002347
00101b8
1ff680e
1fedd10
0000000
0000000
0000000
000ecb8
1ff1348
0000000
0000000
0000000
0000000
1ff9d64
000629c
0000000
0000000
0000000
0000000
1ffa2f1
0005d0f
0000000
0000000
0000000
0000000
1fe8521
0017adf
0000000
0015f7c
1ffdd3a
1ff9086
1ffb8a1
1ff3707
000340c
1fea084
00022c6
0006f7a
000c8f9
000475f
1ffcbf4
0000000
0000000
0000000
1ffff58
00000a8
0000000
0000000
0000000
0000000
0018904
1fe76fc
0000000
0000000
0000000
0000000
0006009
1ff9ff7
0000000
0000000
0000000
0000000
000a30d
1ff5cf3
0000000
000eae4
00088a6
000260a
0011561
0017093
1fe5bec
1ff151c
1ff775a
1ffd9f6
1fe8f6d
1feea9f
001a414
0000000
0000000
0000000
00144c4
1febb3c
0000000
0000000
0000000
0000000
0002ba0
1ffd460
0000000
0000000
0000000
0000000
1ffa547
0005ab9
0000000
0000000
0000000
0000000
0009c87
1ff6379
0000000
000afe4
1ffa539
000cbe9
0007ca2
1ffbbe8
1ff7dfc
1ff501c
0005ac7
1ff3417
0004418
1ff835e
0008204
0000000
0000000
0000000
1feaf38
00150c8
0000000
0000000
0000000
0000000
0010ec0
1fef140
0000000
0000000
0000000
0000000
1fffdc7
0000239
0000000
0000000
0000000
0000000
0020db5
1fdf24b
0000000
1ff8aa0
000bd69
1fe241b
1fefc34
0007a48
000ea18
0007560
1ff4297
001dbe5
1ff85b8
00103cc
1ff15e8
0000000
0000000
0000000
0033c80
1fcc380
0000000
0000000
0000000
0000000
1ff8c64
000739c
0000000
0000000
0000000
0000000
000a8bd
1ff5743
0000000
0000000
0000000
0000000
0001f83
1ffe07d
0000000
000b2c8
1fd4e89
1ffbeab
1feff7a
001a196
1ffb100
1ff4d38
002b177
0004155
1fe5e6a
0010086
0004f00
0000000
0000000
0000000
1ff3104
000cefc
0000000
0000000
0000000
0000000
1ff1b58
000e4a8
0000000
0000000
0000000
0000000
00006e8
1fff918
0000000
0000000
0000000
0000000
1fff6f6
000090a
0000000
1ff6020
1ff0fa4
1ff234a
0002c1c
000e52e
002d1f8
0009fe0
000f05c
000dcb6
1ff1ad2
1ffd3e4
1fd2e08
0000000
0000000
0000000
1ffe2f4
0001d0c
0000000
0000000
0000000
0000000
1ffa8d4
000572c
0000000
0000000
0000000
0000000
1ff3236
000cdca
0000000
0000000
0000000
0000000
1ff5dd2
000a22e
0000000
1ff9e50
1ff7134
00076d0
1ff82f6
0004f86
1ff9d24
00061b0
0008ecc
1ff8930
1ffb07a
0007d0a
00062dc
0000000
0000000
0000000
00157a4
1fea85c
0000000
0000000
0000000
0000000
000648c
1ff9b74
0000000
0000000
0000000
0000000
1fe7d33
00182cd
0000000
0000000
0000000
0000000
1ff9ac5
000653b
0000000
1fdd078
000a302
1ff209c
000866f
000e47f
1fcbac8
0022f88
1ff5cfe
000df64
1ff1b81
1ff7991
0034538
0000000
0000000
0000000
1ff57d0
000a830
0000000
0000000
0000000
0000000
1fecf60
00130a0
0000000
0000000
0000000
0000000
1ffde3c
00021c4
0000000
0000000
0000000
0000000
0000b68
1fff498
0000000
00051d8
1ff5ed8
0002fec
0005baa
1fee596
1fea6f0
1ffae28
000a128
1ffd014
0011a6a
1ffa456
0015910
0000000
0000000
0000000
00089dc
1ff7624
0000000
0000000
0000000
0000000
0003f30
1ffc0d0
0000000
0000000
0000000
0000000
1ffd5bc
0002a44
0000000
0000000
0000000
0000000
1ffa87c
0005784
0000000
1ff9bf8
1fefa95
000ecb5
1ffd069
1ff80a5
00217c4
0006408
001056b
1ff134b
0007f5b
0002f97
1fde83c
0000000
0000000
0000000
1ffd0bc
0002f44
0000000
0000000
0000000
0000000
1ffe4d8
0001b28
0000000
0000000
0000000
0000000
001c4c9
1fe3b37
0000000
0000000
0000000
0000000
00041fd
1ffbe03
0000000
1fceef4
1ff8809
1ff82dd
0007c4a
0030f28
1ffe8d0
003110c
00077f7
0007d23
1fcf0d8
1ff83b6
0001730
0000000
0000000
0000000
000010c
1fffef4
0000000
0000000
0000000
0000000
1fae87c
0051784
0000000
0000000
0000000
0000000
1fff8f1
000070f
0000000
0000000
0000000
0000000
000232f
1ffdcd1
0000000
0001f5c
1ffcce9
1ffa39b
00081e2
0005192
1fd7944
1ffe0a4
0003317
0005c65
1ffae6e
1ff7e1e
00286bc
0000000
0000000
0000000
0005890
1ffa770
0000000
0000000
0000000
0000000
0039344
1fc6cbc
0000000
0000000
0000000
0000000
1ff3b1f
000c4e1
0000000
0000000
0000000
0000000
0012e97
1fed169
0000000
1ff04ac
1ff585d
00170d1
1ffe982
001d390
002f0fc
000fb54
000a7a3
1fe8f2f
1fe2c70
000167e
1fd0f04
0000000
0000000
0000000
1fe7618
00189e8
0000000
0000000
0000000
0000000
1fe2f6c
001d094
0000000
0000000
0000000
0000000
1fe487b
001b785
0000000
0000000
0000000
0000000
001ccf5
1fe330b
0000000
1fefbc8
000348a
0003c8c
001af85
1ff2c75
1ffd334
0010438
1ffcb76
1ffc374
000d38b
1fe507b
0002ccc
0000000
0000000
0000000
00026f0
1ffd910
0000000
0000000
0000000
0000000
1fb9294
0046d6c
0000000
0000000
0000000
0000000
1ff1bc3
000e43d
0000000
0000000
0000000
0000000
00019cf
1ffe631
0000000
00144bc
1fef659
1fe3305
0000d70
1fe86a6
1fe85a4
1febb44
00109a7
001ccfb
001795a
1fff290
0017a5c
0000000
0000000
0000000
00028a4
1ffd75c
0000000
0000000
0000000
0000000
1fe9da4
001625c
0000000
0000000
0000000
0000000
000e76c
1ff1894
0000000
0000000
0000000
0000000
0004748
1ffb8b8
0000000
0009bb4
1fed107
1ff0c1f
1ffe45d
1ff9cf5
0000ccc
1ff644c
0012ef9
000f3e1
000630b
0001ba3
1fff334
0000000
0000000
0000000
1ffb594
0004a6c
0000000
0000000
0000000
0000000
0030efc
1fcf104
0000000
0000000
0000000
0000000
1ff9c96
000636a
0000000
0000000
0000000
0000000
1ff5f0e
000a0f2
0000000
000502c
000e6aa
1ff802e
1ffdee0
000bad0
1fe5064
1ffafd4
1ff1956
0007fd2
1ff4530
0002120
001af9c
0000000
0000000
0000000
1ff7f00
0008100
0000000
0000000
0000000
0000000
1ffd920
00026e0
0000000
0000000
0000000
0000000
0010ad3
1fef52d
0000000
0000000
0000000
0000000
1fffbf1
000040f
0000000
1ff8a90
0006fbe
000dc90
0001b2b
000cd27
000111c
0007570
1ff9042
1ff2370
1ff32d9
1ffe4d5
1ffeee4
0000000
0000000
0000000
1fd9830
00267d0
0000000
0000000
0000000
0000000
1feb864
001479c
0000000
0000000
0000000
0000000
0008023
1ff7fdd
0000000
0000000
0000000
0000000
0020b29
1fdf4d7
0000000
1ff52a0
0001909
1ffecc7
000a074
1fe7aa4
1fe763c
000ad60
1ffe6f7
0001339
001855c
1ff5f8c
00189c4
0000000
0000000
0000000
0027498
1fd8b68
0000000
0000000
0000000
0000000
00046dc
1ffb924
0000000
0000000
0000000
0000000
1ff20bf
000df41
0000000
0000000
0000000
0000000
1fe8379
0017c87
0000000
1ffdc64
1ffd3fe
00023f0
1ffab4f
1fee887
0007030
000239c
0002c02
1ffdc10
0011779
00054b1
1ff8fd0
0000000
0000000
0000000
00014d4
1ffeb2c
0000000
0000000
0000000
0000000
1ffe768
0001898
0000000
0000000
0000000
0000000
0019ebb
1fe6145
0000000
0000000
0000000
0000000
00117cb
1fee835
0000000
1ffd16c
0015f71
1fda379
000edf8
0017d0e
1ff370c
0002e94
1fea08f
0025c87
1fe82f2
1ff1208
000c8f4
0000000
0000000
0000000
1fdafb4
002504c
0000000
0000000
0000000
0000000
1fe1f4c
001e0b4
0000000
0000000
0000000
0000000
00159d0
1fea630
0000000
0000000
0000000
0000000
000aed0
1ff5130
0000000
00035c0
0003ec1
000cef5
1ffb073
00241b3
1ff8578
1ffca40
1ffc13f
1ff310b
1fdbe4d
0004f8d
0007a88
0000000
0000000
0000000
1fe5948
001a6b8
0000000
0000000
0000000
0000000
1fd01d0
002fe30
0000000
0000000
0000000
0000000
1fd8c6f
0027391
0000000
0000000
0000000
0000000
0002491
1ffdb6f
0000000
1ff00e4
000aa04
0011ff6
1ff38ef
1ff63af
001a3cc
000ff1c
1ff55fc
1fee00a
0009c51
000c711
1fe5c34
0000000
0000000
0000000
0032804
1fcd7fc
0000000
0000000
0000000
0000000
1fea28c
0015d74
0000000
0000000
0000000
0000000
1ff68dc
0009724
0000000
0000000
0000000
0000000
000ba0c
1ff45f4
0000000
0014dcc
0006dcd
0013299
1fecff1
0012f79
1ff27cc
1feb234
1ff9233
1fecd67
1fed087
001300f
000d834
0000000
0000000
0000000
0019c18
1fe63e8
0000000
0000000
0000000
0000000
1fe1f94
001e06c
0000000
0000000
0000000
0000000
000cc6d
1ff3393
0000000
0000000
0000000
0000000
0010425
1fefbdb
0000000
1ffb568
1ff88d2
1fedee2
0003473
1ff2769
1fa82f0
0004a98
000772e
001211e
000d897
1ffcb8d
0057d10
0000000
0000000
0000000
1fd9028
0026fd8
0000000
0000000
0000000
0000000
1fec3a4
0013c5c
0000000
0000000
0000000
0000000
1ffd7ae
0002852
0000000
0000000
0000000
0000000
000665a
1ff99a6
0000000
00067f4
1ff3985
1ff1435
1ff2ad9
1fee995
1fec298
1ff980c
000c67b
000ebcb
001166b
000d527
0013d68
0000000
0000000
0000000
0013990
1fec670
0000000
0000000
0000000
0000000
1ff4d58
000b2a8
0000000
0000000
0000000
0000000
000b585
1ff4a7b
0000000
0000000
0000000
0000000
001e1d7
1fe1e29
0000000
00085fc
1ff9253
000beb1
1fecc12
1ffc9d2
1ff8b14
1ff7a04
0006dad
1ff414f
000362e
00133ee
00074ec
0000000
0000000
0000000
1fdada0
0025260
0000000
0000000
0000000
0000000
002923c
1fd6dc4
0000000
0000000
0000000
0000000
1fec1b3
0013e4d
0000000
0000000
0000000
0000000
00085bb
1ff7a45
0000000
0028140
1fe7315
1ff091d
1ff2e2a
00220c4
1ff09dc
1fd7ec0
0018ceb
000f6e3
1fddf3c
000d1d6
000f624
0000000
0000000
0000000
1fe1d54
001e2ac
0000000
0000000
0000000
0000000
0003d64
1ffc29c
0000000
0000000
0000000
0000000
1ff5444
000abbc
0000000
0000000
0000000
0000000
0017efa
1fe8106
0000000
0023ae0
0013821
1fd83df
1ff57bf
000562d
1ffa8c4
1fdc520
1fec7df
0027c21
1ffa9d3
000a841
000573c
0000000
0000000
0000000
002fc58
1fd03a8
0000000
0000000
0000000
0000000
1fac90c
00536f4
0000000
0000000
0000000
0000000
1ff3ea0
000c160
0000000
0000000
0000000
0000000
0019da0
1fe6260
0000000
000c920
1fff25c
00050bc
001e234
1ffe074
1fd2ae4
1ff36e0
0000da4
1ffaf44
0001f8c
1fe1dcc
002d51c
0000000
0000000
0000000
0004fa8
1ffb058
0000000
0000000
0000000
0000000
1ff5920
000a6e0
0000000
0000000
0000000
0000000
000e43f
1ff1bc1
0000000
0000000
0000000
0000000
000e1ff
1ff1e01
0000000
0010194
1ffa2f4
1ff0798
1fef0b9
0002a6b
0006d10
1fefe6c
0005d0c
000f868
1ffd595
0010f47
1ff92f0
0000000
0000000
0000000
1ff3e3c
000c1c4
0000000
0000000
0000000
0000000
1fff8c4
000073c
0000000
0000000
0000000
0000000
1ff7a2c
00085d4
0000000
0000000
0000000
0000000
1ff4f88
000b078
0000000
1fde374
000079a
0004602
00080c6
0011fc6
000a0c8
0021c8c
1fff866
1ffb9fe
1fee03a
1ff7f3a
1ff5f38
0000000
0000000
0000000
001389c
1fec764
0000000
0000000
0000000
0000000
1ff0ec8
000f138
0000000
0000000
0000000
0000000
0008d4c
1ff72b4
0000000
0000000
0000000
0000000
1ff265c
000d9a4
0000000
1ff3880
00175fc
1fff958
0013c8c
1fefcd0
000e6bc
000c780
1fe8a04
00006a8
0010330
1fec374
1ff1944
0000000
0000000
0000000
1fcf2d4
0030d2c
0000000
0000000
0000000
0000000
1ffbee0
0004120
0000000
0000000
0000000
0000000
0002713
1ffd8ed
0000000
0000000
0000000
0000000
1fe7717
00188e9
0000000
00087fc
1febf42
1fefb02
00031ab
1fef56d
001ecf4
1ff7804
00140be
00104fe
0010a93
1ffce55
1fe130c
0000000
0000000
0000000
000acf8
1ff5308
0000000
0000000
0000000
0000000
1fe06b4
001f94c
0000000
0000000
0000000
0000000
000b399
1ff4c67
0000000
0000000
0000000
0000000
1ff516b
000ae95
0000000
00126a8
000eb63
1ffaf71
1ffae4a
1ff21ae
1fd4e6c
1fed958
1ff149d
000508f
000de52
00051b6
002b194
0000000
0000000
0000000
1ffb088
0004f78
0000000
0000000
0000000
0000000
1fd7bfc
0028404
0000000
0000000
0000000
0000000
000adf3
1ff520d
0000000
0000000
0000000
0000000
0002e99
1ffd167
0000000
1fe7ce0
0004ab2
1fef848
00120e9
1ff0655
0009bb8
0018320
1ffb54e
00107b8
000f9ab
1fedf17
1ff6448
0000000
0000000
0000000
1fe00ec
001ff14
0000000
0000000
0000000
0000000
1fec488
0013b78
0000000
0000000
0000000
0000000
1fe71fd
0018e03
0000000
0000000
0000000
0000000
1ff2e21
000d1df
0000000
001afac
0003b13
0001eaf
1ffc1b2
1ff5fc8
1ff1e40
1fe5054
1ffc4ed
1ffe151
000a038
0003e4e
000e1c0
0000000
0000000
0000000
000b7e8
1ff4818
0000000
0000000
0000000
0000000
00029b8
1ffd648
0000000
0000000
0000000
0000000
1fe11cc
001ee34
0000000
0000000
0000000
0000000
1ff6aa6
000955a
0000000
000bb48
1fe827a
1fe1f08
1ffec44
1ff3fae
1ffed18
1ff44b8
0017d86
001e0f8
000c052
00013bc
00012e8
0000000
0000000
0000000
0011598
1feea68
0000000
0000000
0000000
0000000
001c8d8
1fe3728
0000000
0000000
0000000
0000000
1ff118f
000ee71
0000000
0000000
0000000
0000000
1fecd75
001328b
0000000
1ff2be4
1ffaa88
00015da
000b815
0004b29
0013698
000d41c
0005578
1ffea26
1ffb4d7
1ff47eb
1fec968
0000000
0000000
0000000
001313c
1fecec4
0000000
0000000
0000000
0000000
1fd6178
0029e88
0000000
0000000
0000000
0000000
0014832
1feb7ce
0000000
0000000
0000000
0000000
1fe4308
001bcf8
0000000
0017b7c
1ff37a8
1ff59e6
1ff13de
0008ca4
1ff3e20
1fe8484
000c858
000a61a
1ff735c
000ec22
000c1e0
0000000
0000000
0000000
1fe03a8
001fc58
0000000
0000000
0000000
0000000
1ffbd58
00042a8
0000000
0000000
0000000
0000000
1ff6654
00099ac
0000000
0000000
0000000
0000000
001d274
1fe2d8c
0000000
1ff3418
0002283
0005d6f
1ff8c51
00004b9
0018d70
000cbe8
1ffdd7d
1ffa291
1fffb47
00073af
1fe7290
0000000
0000000
0000000
0033c88
1fcc378
0000000
0000000
0000000
0000000
1ffd578
0002a88
0000000
0000000
0000000
0000000
1ffd23a
0002dc6
0000000
0000000
0000000
0000000
0004e74
1ffb18c
0000000
0014530
000615f
1ffb6e9
000c791
1ffb69f
1fd955c
1febad0
1ff9ea1
0004917
0004961
1ff386f
0026aa4
0000000
0000000
0000000
1fc8a00
0037600
0000000
0000000
0000000
0000000
1fe4598
001ba68
0000000
0000000
0000000
0000000
00230aa
1fdcf56
0000000
0000000
0000000
0000000
1ffc44e
0003bb2
0000000
1fe4494
1fedd9a
000712a
1ff4a96
0002ac2
1feb0f0
001bb6c
0012266
1ff8ed6
1ffd53e
000b56a
0014f10
0000000
0000000
0000000
1fecf2c
00130d4
0000000
0000000
0000000
0000000
1ff7fb8
0008048
0000000
0000000
0000000
0000000
1feaf7b
0015085
0000000
0000000
0000000
0000000
000c31b
1ff3ce5
0000000
1ff99f4
1ffe358
00025c0
0005e01
000fbd3
1fddce0
000660c
0001ca8
1ffda40
1ff042d
1ffa1ff
0022320
0000000
0000000
0000000
001ed44
1fe12bc
0000000
0000000
0000000
0000000
1fdfe50
00201b0
0000000
0000000
0000000
0000000
1ff2d1a
000d2e6
0000000
0000000
0000000
0000000
1ff6a26
00095da
0000000
1ffaabc
1ffbe3e
1ff644a
000ad30
1fec298
0010c78
0005544
00041c2
0009bb6
0013d68
1ff52d0
1fef388
0000000
0000000
0000000
1fee9e8
0011618
0000000
0000000
0000000
0000000
1ff74bc
0008b44
0000000
0000000
0000000
0000000
00055aa
1ffaa56
0000000
0000000
0000000
0000000
000e312
1ff1cee
0000000
1ff8fc8
0007b83
1ffc677
1fed7f1
0007fa5
0012fc0
0007038
1ff847d
0003989
1ff805b
001280f
1fed040
0000000
0000000
0000000
00396b8
1fc6948
0000000
0000000
0000000
0000000
000a384
1ff5c7c
0000000
0000000
0000000
0000000
1fdff94
002006c
0000000
0000000
0000000
0000000
1feaf82
001507e
0000000
1fe6fec
0002144
0015d9e
00002fa
000dccc
1ff25ac
0019014
1ffdebc
1fea262
1ff2334
1fffd06
000da54
0000000
0000000
0000000
1ff08e4
000f71c
0000000
0000000
0000000
0000000
1fdb538
0024ac8
0000000
0000000
0000000
0000000
0003c93
1ffc36d
0000000
0000000
0000000
0000000
0001975
1ffe68b
0000000
0000218
1ffc91c
1ff2a9e
0015cb9
1ffa2d5
1fff074
1fffde8
00036e4
000d562
0005d2b
1fea347
0000f8c
0000000
0000000
0000000
000f2d8
1ff0d28
0000000
0000000
0000000
0000000
1ff6178
0009e88
0000000
0000000
0000000
0000000
1ffe608
00019f8
0000000
0000000
0000000
0000000
1ff361a
000c9e6
0000000
1fcf498
000a667
0008b89
0031e2f
00012dd
1ffe1d8
0030b68
1ff5999
1ff7477
1ffed23
1fce1d1
0001e28
0000000
0000000
0000000
1fef6c0
0010940
0000000
0000000
0000000
0000000
0018720
1fe78e0
0000000
0000000
0000000
0000000
1ff1d59
000e2a7
0000000
0000000
0000000
0000000
1ff2ae7
000d519
0000000
0002170
0006f38
0001d2e
1feea19
1ffe045
1ff3a14
1ffde90
1ff90c8
1ffe2d2
0001fbb
00115e7
000c5ec
0000000
0000000
0000000
1ff9450
0006bb0
0000000
0000000
0000000
0000000
1ff7dec
0008214
0000000
0000000
0000000
0000000
1ffc9a1
000365f
0000000
0000000
0000000
0000000
0010f43
1fef0bd
0000000
1fed570
0007aa6
1ff893c
0004183
1ffaab7
1fe1230
0012a90
1ff855a
00076c4
0005549
1ffbe7d
001edd0
0000000
0000000
0000000
1ff4868
000b798
0000000
0000000
0000000
0000000
002a2d8
1fd5d28
0000000
0000000
0000000
0000000
1ff385d
000c7a3
0000000
0000000
0000000
0000000
1fe2993
001d66d
0000000
0028a58
1ff6a03
1fea305
1feb8f0
000bb74
1ffd4a8
1fd75a8
00095fd
0015cfb
1ff448c
0014710
0002b58
0000000
0000000
0000000
1fee3b0
0011c50
0000000
0000000
0000000
0000000
0023fe0
1fdc020
0000000
0000000
0000000
0000000
1fe6c24
00193dc
0000000
0000000
0000000
0000000
00033c2
1ffcc3e
0000000
000c0a8
1fea02c
0003f62
0010898
1ffffd2
1fec38c
1ff3f58
0015fd4
1ffc09e
000002e
1fef768
0013c74
0000000
0000000
0000000
0009fdc
1ff6024
0000000
0000000
0000000
0000000
1fe2570
001da90
0000000
0000000
0000000
0000000
1ffd5d4
0002a2c
0000000
0000000
0000000
0000000
1ffded6
000212a
0000000
1ffe848
000ec89
1fe251b
1fe9ab9
1ff285f
0001dec
00017b8
1ff1377
001dae5
000d7a1
0016547
1ffe214
0000000
0000000
0000000
000219c
1ffde64
0000000
0000000
0000000
0000000
000dddc
1ff2224
0000000
0000000
0000000
0000000
1fea11c
0015ee4
0000000
0000000
0000000
0000000
1ffad38
00052c8
0000000
1fff700
00198fc
0004fd8
001334c
0002dc0
0008da8
0000900
1fe6704
1ffb028
1ffd240
1feccb4
1ff7258
0000000
0000000
0000000
000a1fc
1ff5e04
0000000
0000000
0000000
0000000
00142e8
1febd18
0000000
0000000
0000000
0000000
1ffcf13
00030ed
0000000
0000000
0000000
0000000
1ff4b9d
000b463
0000000
1ffd8c8
1ffb110
0000cea
000568f
1fecb9f
000584c
0002738
0004ef0
1fff316
0013461
1ffa971
1ffa7b4
0000000
0000000
0000000
1fed31c
0012ce4
0000000
0000000
0000000
0000000
000bd04
1ff42fc
0000000
0000000
0000000
0000000
1ffa37c
0005c84
0000000
0000000
0000000
0000000
1ff9e48
00061b8
0000000
002491c
0001255
1ff532d
1fe9bdf
1ff1bb3
1fbd5d8
1fdb6e4
1ffedab
000acd3
000e44d
0016421
0042a28
0000000
0000000
0000000
1fe419c
001be64
0000000
0000000
0000000
0000000
1fef754
00108ac
0000000
0000000
0000000
0000000
000b9c2
1ff463e
0000000
0000000
0000000
0000000
0012750
1fed8b0
0000000
000701c
000b1c8
1fd3e72
1fe7a94
1fffe96
1fea758
1ff8fe4
1ff4e38
002c18e
000016a
001856c
00158a8
0000000
0000000
0000000
00005c0
1fffa40
0000000
0000000
0000000
0000000
0001b04
1ffe4fc
0000000
0000000
0000000
0000000
1ffaefe
0005102
0000000
0000000
0000000
0000000
0011c6e
1fee392
0000000
0012908
1fedbae
000fd9a
1ff9c4e
1fff906
1fef2c0
1fed6f8
0012452
1ff0266
00006fa
00063b2
0010d40
0000000
0000000
0000000
000ae04
1ff51fc
0000000
0000000
0000000
0000000
00003f0
1fffc10
0000000
0000000
0000000
0000000
1fdcef4
002310c
0000000
0000000
0000000
0000000
1ff5cf6
000a30a
0000000
1ff0e98
000a836
1ffdc7c
0002200
000e1a2
1fff290
000f168
1ff57ca
0002384
1ff1e5e
1ffde00
0000d70
0000000
0000000
0000000
1ffcab4
000354c
0000000
0000000
0000000
0000000
1ffa5a4
0005a5c
0000000
0000000
0000000
0000000
0004619
1ffb9e7
0000000
0000000
0000000
0000000
1fff15f
0000ea1
0000000
1fe80d0
000a92c
000644e
000540d
000033d
0024ae8
0017f30
1ff56d4
1ff9bb2
1fffcc3
1ffabf3
1fdb518
0000000
0000000
0000000
1ffd894
000276c
0000000
0000000
0000000
0000000
1ff6188
0009e78
0000000
0000000
0000000
0000000
1fd8784
002787c
0000000
0000000
0000000
0000000
1ff2236
000ddca
0000000
000621c
1ff4d9c
1fff442
0020b5c
1ff5b6e
1ffc748
1ff9de4
000b264
0000bbe
000a492
1fdf4a4
00038b8
0000000
0000000
0000000
0030ffc
1fcf004
0000000
0000000
0000000
0000000
1fffa68
0000598
0000000
0000000
0000000
0000000
0005516
1ffaaea
0000000
0000000
0000000
0000000
1fe85fe
0017a02
0000000
1ff59fc
0009660
000f974
0001662
0015fce
000a82c
000a604
1ff69a0
1ff068c
1fea032
1ffe99e
1ff57d4
0000000
0000000
0000000
001f1dc
1fe0e24
0000000
0000000
0000000
0000000
1ff51f4
000ae0c
0000000
0000000
0000000
0000000
000cc8a
1ff3376
0000000
0000000
0000000
0000000
000572e
1ffa8d2
0000000
1ff8ca4
001d19c
0004478
0012304
1ff5e8c
1ff481c
000735c
1fe2e64
1ffbb88
000a174
1fedcfc
000b7e4
0000000
0000000
0000000
00094b4
1ff6b4c
0000000
0000000
0000000
0000000
00181d0
1fe7e30
0000000
0000000
0000000
0000000
1fe0928
001f6d8
0000000
0000000
0000000
0000000
000bf82
1ff407e
0000000
1ff9898
1ffe443
1ffd57d
1fe6027
0016385
1ff4a50
0006768
0001bbd
0002a83
1fe9c7b
0019fd9
000b5b0
0000000
0000000
0000000
1ff9df8
0006208
0000000
0000000
0000000
0000000
000fc08
1ff03f8
0000000
0000000
0000000
0000000
000bccd
1ff4333
0000000
0000000
0000000
0000000
1fe5a59
001a5a7
0000000
000a0cc
00080aa
1fe8d9a
0023e73
1fed0f9
1fd1b74
1ff5f34
1ff7f56
0017266
0012f07
1fdc18d
002e48c
0000000
0000000
0000000
0015c3c
1fea3c4
0000000
0000000
0000000
0000000
1fffe3c
00001c4
0000000
0000000
0000000
0000000
0000b3f
1fff4c1
0000000
0000000
0000000
0000000
1ff9b7f
0006481
0000000
1fd8720
0003c9d
0016d8d
1ffb09c
0013032
1feb990
00278e0
1ffc363
1fe9273
1fecfce
0004f64
0014670
0000000
0000000
0000000
1fe1c9c
001e364
0000000
0000000
0000000
0000000
000b2d8
1ff4d28
0000000
0000000
0000000
0000000
1feb8f4
001470c
0000000
0000000
0000000
0000000
0001888
1ffe778
0000000
1febd28
1ffe73c
00202f0
000ff1a
0006bc2
0030858
00142d8
00018c4
1fdfd10
1ff943e
1ff00e6
1fcf7a8
0000000
0000000
0000000
000b678
1ff4988
0000000
0000000
0000000
0000000
1fe11b0
001ee50
0000000
0000000
0000000
0000000
1fe45cd
001ba33
0000000
0000000
0000000
0000000
001789d
1fe8763
0000000
1fa5ba4
1ff9844
0009c14
0001cbf
00107dd
0011560
005a45c
00067bc
1ff63ec
1fef823
1ffe341
1feeaa0
0000000
0000000
0000000
1ff662c
00099d4
0000000
0000000
0000000
0000000
1ff52d8
000ad28
0000000
0000000
0000000
0000000
1ff6838
00097c8
0000000
0000000
0000000
0000000
0001340
1ffecc0
0000000
001f638
0002bbf
1ff5473
1ffbd11
1ff0091
1fea93c
1fe09c8
1ffd441
000ab8d
000ff6f
00042ef
00156c4
0000000
0000000
0000000
1ffc054
0003fac
0000000
0000000
0000000
0000000
000c45c
1ff3ba4
0000000
0000000
0000000
0000000
001c610
1fe39f0
0000000
0000000
0000000
0000000
1fed4f0
0012b10
0000000
00046d8
0008693
1ffc453
1fe8343
1ff1863
000ec84
1ffb928
1ff796d
0003bad
000e79d
0017cbd
1ff137c
0000000
0000000
0000000
0027e10
1fd81f0
0000000
0000000
0000000
0000000
00114ec
1feeb14
0000000
0000000
0000000
0000000
1ff8217
0007de9
0000000
0000000
0000000
0000000
1ffc82f
00037d1
0000000
1fec390
000b5a4
001674c
0017635
000908b
1ff7710
0013c70
1ff4a5c
1fe98b4
1ff6f75
1fe89cb
00088f0
0000000
0000000
0000000
0023e44
1fdc1bc
0000000
0000000
0000000
0000000
1ffd8c0
0002740
0000000
0000000
0000000
0000000
1ff2b54
000d4ac
0000000
0000000
0000000
0000000
001bdb6
1fe424a
0000000
1ff3de8
000e688
1fe8b8a
1ffc05a
1ffd794
1fdd40c
000c218
1ff1978
0017476
000286c
0003fa6
0022bf4
0000000
0000000
0000000
1ff9f10
00060f0
0000000
0000000
0000000
0000000
000234c
1ffdcb4
0000000
0000000
0000000
0000000
1fea752
00158ae
0000000
0000000
0000000
0000000
1ffab6a
0005496
0000000
1fe11c8
1feccc3
1fdd7d7
000df85
000ee01
0005914
001ee38
001333d
0022829
1ff11ff
1ff207b
1ffa6ec
0000000
0000000
0000000
1ff0d0c
000f2f4
0000000
0000000
0000000
0000000
1ff42b8
000bd48
0000000
0000000
0000000
0000000
1ffcecc
0003134
0000000
0000000
0000000
0000000
1fff89c
0000764
0000000
000cc58
1ff9dce
1ff4d1e
1fe282a
1fdd44a
1ff1944
1ff33a8
0006232
000b2e2
0022bb6
001d7d6
000e6bc
0000000
0000000
0000000
1fe8580
0017a80
0000000
0000000
0000000
0000000
1ff73c0
0008c40
0000000
0000000
0000000
0000000
1ff27ea
000d816
0000000
0000000
0000000
0000000
001786e
1fe8792
0000000
0002910
000d6a4
000bf04
1ff4964
1ff8070
0014078
1ffd6f0
1ff295c
1ff40fc
0007f90
000b69c
1febf88
0000000
0000000
0000000
001b660
1fe49a0
0000000
0000000
0000000
0000000
1ff3cd0
000c330
0000000
0000000
0000000
0000000
000595f
1ffa6a1
0000000
0000000
0000000
0000000
00031d9
1ffce27
0000000
1ff1314
0011d18
1ff4bda
00255bd
1ff3d3d
000a288
000ecec
1fee2e8
000b426
000c2c3
1fdaa43
1ff5d78
0000000
0000000
0000000
001e0c4
1fe1f3c
0000000
0000000
0000000
0000000
1ff4914
000b6ec
0000000
0000000
0000000
0000000
000517e
1ffae82
0000000
0000000
0000000
0000000
1ff78b0
0008750
0000000
1fe58c4
00137b3
00096ed
000bf9f
1fee87d
1fe1f4c
001a73c
1fec84d
1ff6913
0011783
1ff4061
001e0b4
0000000
0000000
0000000
00090dc
1ff6f24
0000000
0000000
0000000
0000000
1fd5230
002add0
0000000
0000000
0000000
0000000
0004a30
1ffb5d0
0000000
0000000
0000000
0000000
000b69c
1ff4964
0000000
1ff18c4
1ffb42d
1ff7af9
0000d65
0012229
0002f80
000e73c
0004bd3
0008507
1feddd7
1fff29b
1ffd080
0000000
0000000
0000000
0018308
1fe7cf8
0000000
0000000
0000000
0000000
1ffc4d4
0003b2c
0000000
0000000
0000000
0000000
1ffd463
0002b9d
0000000
0000000
0000000
0000000
1fff391
0000c6f
0000000
0020368
1ff39f2
1fee9d4
0008457
1ff64f7
1fd2848
1fdfc98
000c60e
001162c
0009b09
1ff7ba9
002d7b8
0000000
0000000
0000000
1fceca8
0031358
0000000
0000000
0000000
0000000
003c678
1fc3988
0000000
0000000
0000000
0000000
1feb9c9
0014637
0000000
0000000
0000000
0000000
1ff5c3d
000a3c3
0000000
1ffbd10
000093d
000a461
1ff4a9a
1ffe0f8
1fd80d0
00042f0
1fff6c3
1ff5b9f
0001f08
000b566
0027f30
0000000
0000000
0000000
000923c
1ff6dc4
0000000
0000000
0000000
0000000
1feeed8
0011128
0000000
0000000
0000000
0000000
000400a
1ffbff6
0000000
0000000
0000000
0000000
1ffbc94
000436c
0000000
0011cb0
1fef388
001bde2
0000a38
1ff5022
00083e0
1fee350
0010c78
1fe421e
000afde
1fff5c8
1ff7c20
0000000
0000000
0000000
1feccf8
0013308
0000000
0000000
0000000
0000000
1ffb3c0
0004c40
0000000
0000000
0000000
0000000
1fee523
0011add
0000000
0000000
0000000
0000000
001a7b5
1fe584b
0000000
0008894
1fec180
1ffe82e
000e76f
0017fd7
1fecd64
1ff776c
0013e80
00017d2
1fe8029
1ff1891
001329c
0000000
0000000
0000000
1fec118
0013ee8
0000000
0000000
0000000
0000000
1fef6e8
0010918
0000000
0000000
0000000
0000000
0009624
1ff69dc
0000000
0000000
0000000
0000000
1ffa2fa
0005d06
0000000
0014b00
1ff8e0f
0001079
000be6b
0016961
1febc78
1feb500
00071f1
1ffef87
1fe969f
1ff4195
0014388
0000000
0000000
0000000
000cc94
1ff336c
0000000
0000000
0000000
0000000
000e074
1ff1f8c
0000000
0000000
0000000
0000000
1fe2e41
001d1bf
0000000
0000000
0000000
0000000
1fe53d7
001ac29
0000000
1ff7130
001b22a
1ffd6c4
0000d15
1fe9265
0005168
0008ed0
1fe4dd6
000293c
0016d9b
1fff2eb
1ffae98
0000000
0000000
0000000
1fffbf0
0000410
0000000
0000000
0000000
0000000
0029710
1fd68f0
0000000
0000000
0000000
0000000
1ff94e1
0006b1f
0000000
0000000
0000000
0000000
1ff43a7
000bc59
0000000
1ffdb58
000bbae
000ce30
1ffe781
1ffc505
1ffa6f4
00024a8
1ff4452
1ff31d0
0003afb
000187f
000590c
0000000
0000000
0000000
00021a8
1ffde58
0000000
0000000
0000000
0000000
0019ec8
1fe6138
0000000
0000000
0000000
0000000
000662a
1ff99d6
0000000
0000000
0000000
0000000
1ffe306
0001cfa
0000000
1ffc560
000c2c4
0002738
1ffba8e
1ffb1ae
1fea958
0003aa0
1ff3d3c
1ffd8c8
0004e52
0004572
00156a8
0000000
0000000
0000000
1ff9194
0006e6c
0000000
0000000
0000000
0000000
1fecbd8
0013428
0000000
0000000
0000000
0000000
00157b3
1fea84d
0000000
0000000
0000000
0000000
1ff390f
000c6f1
0000000
002bff4
1ff7462
1fec4ea
0009719
0015b6b
001408c
1fd400c
0008b9e
0013b16
1fea495
1ff68e7
1febf74
0000000
0000000
0000000
0001940
1ffe6c0
0000000
0000000
0000000
0000000
1fe7484
0018b7c
0000000
0000000
0000000
0000000
0005236
1ffadca
0000000
0000000
0000000
0000000
000f1f2
1ff0e0e
0000000
1febc3c
1ff8508
000b544
1ffa47c
000946c
001c7d8
00143c4
0007af8
1ff4abc
1ff6b94
0005b84
1fe3828
0000000
0000000
0000000
1fe5950
001a6b0
0000000
0000000
0000000
0000000
1ff0834
000f7cc
0000000
0000000
0000000
0000000
0005bd3
1ffa42d
0000000
0000000
0000000
0000000
1ff3515
000caeb
0000000
003f484
1ff2506
1ffe47c
00043ef
00020c3
001245c
1fc0b7c
000dafa
0001b84
1ffdf3d
1ffbc11
1fedba4
0000000
0000000
0000000
1fde638
00219c8
0000000
0000000
0000000
0000000
0000bb0
1fff450
0000000
0000000
0000000
0000000
0008027
1ff7fd9
0000000
0000000
0000000
0000000
000559d
1ffaa63
0000000
000d8e4
1ff45e5
1fe6dc3
1ff6e44
0000f1c
1fe85f4
1ff271c
000ba1b
001923d
1fff0e4
00091bc
0017a0c
0000000
0000000
0000000
0016590
1fe9a70
0000000
0000000
0000000
0000000
0001f58
1ffe0a8
0000000
0000000
0000000
0000000
001d2e8
1fe2d18
0000000
0000000
0000000
0000000
1ff746a
0008b96
0000000
1febeb8
0011831
1ffdc07
1ffa379
1fe7bd7
1fdcbb0
0014148
1fee7cf
00023f9
0018429
0005c87
0023450
0000000
0000000
0000000
1fbb8bc
0044744
0000000
0000000
0000000
0000000
1fe45e8
001ba18
0000000
0000000
0000000
0000000
000cc3f
1ff33c1
0000000
0000000
0000000
0000000
1ffa03b
0005fc5
0000000
0002398
1ff1600
1ff17ec
00285a1
1ffc0eb
1ffee90
1ffdc68
000ea00
000e814
0003f15
1fd7a5f
0001170
0000000
0000000
0000000
000d108
1ff2ef8
0000000
0000000
0000000
0000000
0032868
1fcd798
0000000
0000000
0000000
0000000
1ffe4e3
0001b1d
0000000
0000000
0000000
0000000
1ff70c7
0008f39
0000000
00066c0
1fff4e2
1fe372a
1fe3115
000ceeb
1fe0e00
1ff9940
0000b1e
001c8d6
1ff3115
001ceeb
001f200
0000000
0000000
0000000
1ff0450
000fbb0
0000000
0000000
0000000
0000000
002ef90
1fd1070
0000000
0000000
0000000
0000000
000390c
1ffc6f4
0000000
0000000
0000000
0000000
1ffb8e4
000471c
0000000
1fecb14
0000dad
0023f25
1ff9c71
00045f5
1fee2d8
00134ec
1fff253
1fdc0db
1ffba0b
000638f
0011d28
0000000
0000000
0000000
1ff7adc
0008524
0000000
0000000
0000000
0000000
000b8fc
1ff4704
0000000
0000000
0000000
0000000
0014cd8
1feb328
0000000
0000000
0000000
0000000
1feed1c
00112e4
0000000
1fe4c64
001614e
1ffacb6
1ffd414
0003c30
001b6f4
001b39c
1fe9eb2
000534a
1ffc3d0
0002bec
1fe490c
0000000
0000000
0000000
1fdd068
0022f98
0000000
0000000
0000000
0000000
1ff487c
000b784
0000000
0000000
0000000
0000000
1ff5f28
000a0d8
0000000
0000000
0000000
0000000
1fefa0a
00105f6
0000000
0012a9c
1ff0a15
1ffc1bb
1ff3211
1ff8e3f
1ff0c1c
1fed564
000f5eb
0003e45
00071c1
000cdef
000f3e4
0000000
0000000
0000000
00029b0
1ffd650
0000000
0000000
0000000
0000000
00130b8
1fecf48
0000000
0000000
0000000
0000000
1fc7a00
0038600
0000000
0000000
0000000
0000000
1ff06fe
000f902
0000000
0019bdc
000a010
1ffeb76
00034fa
1ff6ebc
1fd5400
1fe6424
1ff5ff0
000148a
0009144
1ffcb06
002ac00
0000000
0000000
0000000
000405c
1ffbfa4
0000000
0000000
0000000
0000000
1fe7e78
0018188
0000000
0000000
0000000
0000000
000c8ee
1ff3712
0000000
0000000
0000000
0000000
0020552
1fdfaae
0000000
1fef48c
1ffe4ab
1ffe737
1ff5c65
1ffea61
0017058
0010b74
0001b55
00018c9
000159f
000a39b
1fe8fa8
0000000
0000000
0000000
1fe69a0
0019660
0000000
0000000
0000000
0000000
00106bc
1fef944
0000000
0000000
0000000
0000000
1fec106
0013efa
0000000
0000000
0000000
0000000
1ff0dd6
000f22a
0000000
1ffc860
000c250
1ff3d00
1ffb95a
1ffefba
0000e20
00037a0
1ff3db0
000c300
0001046
00046a6
1fff1e0
0000000
0000000
0000000
0002a1c
1ffd5e4
0000000
0000000
0000000
0000000
0037ed0
1fc8130
0000000
0000000
0000000
0000000
1ff99c8
0006638
0000000
0000000
0000000
0000000
00037e2
1ffc81e
0000000
0031478
1fe653c
0004466
1ff3c82
00058c4
000ddc8
1fceb88
0019ac4
1ffbb9a
1ffa73c
000c37e
1ff2238
0000000
0000000
0000000
002fb9c
1fd0464
0000000
0000000
0000000
0000000
0017534
1fe8acc
0000000
0000000
0000000
0000000
1fe6543
0019abd
0000000
0000000
0000000
0000000
1ffff0f
00000f1
0000000
1feaa14
00153a0
1ff77a0
0002233
000d9e9
0010d94
00155ec
1feac60
0008860
1ff2617
1ffddcd
1fef26c
0000000
0000000
0000000
001cd38
1fe32c8
0000000
0000000
0000000
0000000
1ff0ef4
000f10c
0000000
0000000
0000000
0000000
000f0f5
1ff0f0b
0000000
0000000
0000000
0000000
1ffcf9b
0003065
0000000
000b744
1ffa010
1ff3926
1fec37f
000f29f
1feeb8c
1ff48bc
0005ff0
000c6da
1ff0d61
0013c81
0011474
0000000
0000000
0000000
1fdd968
0022698
0000000
0000000
0000000
0000000
000e788
1ff1878
0000000
0000000
0000000
0000000
000a361
1ff5c9f
0000000
0000000
0000000
0000000
0006a0d
1ff95f3
0000000
00188d4
001ab1b
1ffccc3
000eb82
1feb7c4
000a3cc
1fe772c
1fe54e5
000333d
001483c
1ff147e
1ff5c34
0000000
0000000
0000000
001dfe4
1fe201c
0000000
0000000
0000000
0000000
0011a60
1fee5a0
0000000
0000000
0000000
0000000
1fff703
00008fd
0000000
0000000
0000000
0000000
0009453
1ff6bad
0000000
1ffcfc8
1ff8bb1
0014365
000fa82
0002214
0004ee8
0003038
000744f
1febc9b
1ffddec
1ff057e
1ffb118
0000000
0000000
0000000
002a3e8
1fd5c18
0000000
0000000
0000000
0000000
1fea9c0
0015640
0000000
0000000
0000000
0000000
0008b7f
1ff7481
0000000
0000000
0000000
0000000
1ff8561
0007a9f
0000000
1fd8ba4
1ff28ea
000d444
0008c75
1fffaf5
0013e50
002745c
000d716
1ff2bbc
000050b
1ff738b
1fec1b0
0000000
0000000
0000000
1fd4e74
002b18c
0000000
0000000
0000000
0000000
0008268
1ff7d98
0000000
0000000
0000000
0000000
1febd16
00142ea
0000000
0000000
0000000
0000000
001644c
1fe9bb4
0000000
0035b50
001f467
1ff59ed
1ff6613
1fd7e41
00152bc
1fca4b0
1fe0b99
000a613
00281bf
00099ed
1fead44
0000000
0000000
0000000
00318d4
1fce72c
0000000
0000000
0000000
0000000
0007d18
1ff82e8
0000000
0000000
0000000
0000000
0017c2d
1fe83d3
0000000
0000000
0000000
0000000
1ff5f11
000a0ef
0000000
1ff9bd8
1fedec5
1ff04c5
0013666
0011b78
0024f48
0006428
001213b
000fb3b
1fee488
1fec99a
1fdb0b8
0000000
0000000
0000000
1ffc8c8
0003738
0000000
0000000
0000000
0000000
1ffb248
0004db8
0000000
0000000
0000000
0000000
1fe077b
001f885
0000000
0000000
0000000
0000000
000e701
1ff18ff
0000000
1fdd16c
000113c
000979a
0008833
1fff6d7
00089ec
0022e94
1ffeec4
1ff6866
0000929
1ff77cd
1ff7614
0000000
0000000
0000000
0017a7c
1fe8584
0000000
0000000
0000000
0000000
0001be4
1ffe41c
0000000
0000000
0000000
0000000
0019bee
1fe6412
0000000
0000000
0000000
0000000
1ffe536
0001aca
0000000
0005c4c
0017dee
1fffc12
0019460
1fe18bc
000fbdc
1ffa3b4
1fe8212
00003ee
001e744
1fe6ba0
1ff0424
0000000
0000000
0000000
1ffa3e0
0005c20
0000000
0000000
0000000
0000000
1fe1abc
001e544
0000000
0000000
0000000
0000000
0017f90
1fe8070
0000000
0000000
0000000
0000000
0000dba
1fff246
0000000
00022d4
0002827
1ff7245
1ff697f
0003621
1ffe0a4
1ffdd2c
1ffd7d9
0008dbb
1ffc9df
0009681
0001f5c
0000000
0000000
0000000
1ff30f4
000cf0c
0000000
0000000
0000000
0000000
000853c
1ff7ac4
0000000
0000000
0000000
0000000
1feefc3
001103d
0000000
0000000
0000000
0000000
0004759
1ffb8a7
0000000
002748c
1feff63
1ff16e1
1ffafda
000d85a
003320c
1fd8b74
001009d
000e91f
1ff27a6
0005026
1fccdf4
0000000
0000000
0000000
1feb280
0014d80
0000000
0000000
0000000
0000000
1fd95e4
0026a1c
0000000
0000000
0000000
0000000
000d8dc
1ff2724
0000000
0000000
0000000
0000000
000eaa0
1ff1560
0000000
1fe1558
0014f6b
001ebb7
000bafb
1ff7217
0020b14
001eaa8
1feb095
1fe1449
0008de9
1ff4505
1fdf4ec
0000000
0000000
0000000
1ffdde8
0002218
0000000
0000000
0000000
0000000
0000ac0
1fff540
0000000
0000000
0000000
0000000
0005b8e
1ffa472
0000000
0000000
0000000
0000000
1ff53c0
000ac40
0000000
0011bc8
0000b79
1ff94eb
0001dab
1ff14f9
1ff5c6c
1fee438
1fff487
0006b15
000eb07
1ffe255
000a394
0000000
0000000
0000000
0005ec0
1ffa140
0000000
0000000
0000000
0000000
0009c94
1ff636c
0000000
0000000
0000000
0000000
000bcda
1ff4326
0000000
0000000
0000000
0000000
000936e
1ff6c92
0000000
0016420
1ffa840
0004980
1ffe7e8
0011558
002f3b0
1fe9be0
00057c0
1ffb680
1feeaa8
0001818
1fd0c50
0000000
0000000
0000000
0000e20
1fff1e0
0000000
0000000
0000000
0000000
00169cc
1fe9634
0000000
0000000
0000000
0000000
1ff3acb
000c535
0000000
0000000
0000000
0000000
1ff666d
0009993
0000000
1ff1520
001c349
001710b
001b3dc
1ffddfc
1fea7a8
000eae0
1fe3cb7
1fe8ef5
0002204
1fe4c24
0015858
0000000
0000000
0000000
000d94c
1ff26b4
0000000
0000000
0000000
0000000
1ff0304
000fcfc
0000000
0000000
0000000
0000000
1ff5f70
000a090
0000000
0000000
0000000
0000000
1ffadb6
000524a
0000000
003b288
1fdb88e
1ffce80
1fff378
1fe3182
00197f4
1fc4d78
0024772
0003180
001ce7e
0000c88
1fe680c
0000000
0000000
0000000
1ff7718
00088e8
0000000
0000000
0000000
0000000
00298f4
1fd670c
0000000
0000000
0000000
0000000
00073a9
1ff8c57
0000000
0000000
0000000
0000000
0002bb7
1ffd449
0000000
1ffcbd8
1ffe124
0008f2a
000cb11
00074c5
1ff653c
0003428
0001edc
1ff70d6
1ff8b3b
1ff34ef
0009ac4
0000000
0000000
0000000
0010b14
1fef4ec
0000000
0000000
0000000
0000000
0041fd0
1fbe030
0000000
0000000
0000000
0000000
1fec119
0013ee7
0000000
0000000
0000000
0000000
1feea8f
0011571
0000000
1ffb5f8
00090cd
1fe3497
1ff3b96
0002836
001382c
0004a08
1ff6f33
001cb69
1ffd7ca
000c46a
1fec7d4
0000000
0000000
0000000
1ffffd4
000002c
0000000
0000000
0000000
0000000
002a4bc
1fd5b44
0000000
0000000
0000000
0000000
000a2d2
1ff5d2e
0000000
0000000
0000000
0000000
1ff273a
000d8c6
0000000
0006e38
0007643
0004dfb
1ff0335
1ff42a1
0001254
1ff91c8
1ff89bd
1ffb205
000bd5f
000fccb
1ffedac
0000000
0000000
0000000
1fe8b94
001746c
0000000
0000000
0000000
0000000
0012a0c
1fed5f4
0000000
0000000
0000000
0000000
0005264
1ffad9c
0000000
0000000
0000000
0000000
1fdf884
002077c
0000000
000470c
1ff9948
1ffea28
1fe57fa
0006ea6
001c2f4
1ffb8f4
00066b8
00015d8
1ff915a
001a806
1fe3d0c
0000000
0000000
0000000
000ba38
1ff45c8
0000000
0000000
0000000
0000000
1fec594
0013a6c
0000000
0000000
0000000
0000000
1ff4324
000bcdc
0000000
0000000
0000000
0000000
1ff744e
0008bb2
0000000
0019924
0002b72
1ffe17c
0000ece
1ffed3c
1ff0024
1fe66dc
1ffd48e
0001e84
00012c4
1fff132
000ffdc
0000000
0000000
0000000
1ffe270
0001d90
0000000
0000000
0000000
0000000
1fdc21c
0023de4
0000000
0000000
0000000
0000000
001db75
1fe248b
0000000
0000000
0000000
0000000
0014713
1feb8ed
0000000
1fc3edc
000320a
000a758
000af27
1fe60a7
1ff3410
003c124
1ffcdf6
1ff58a8
0019f59
1ff50d9
000cbf0
0000000
0000000
0000000
1fdc32c
0023cd4
0000000
0000000
0000000
0000000
000c0ac
1ff3f54
0000000
0000000
0000000
0000000
1fe82e5
0017d1b
0000000
0000000
0000000
0000000
1ff3795
000c86b
0000000
1fe72f4
000907c
1ff3768
0004ee3
1ff1461
0008d8c
0018d0c
1ff6f84
000c898
000eb9f
1ffb11d
1ff7274
0000000
0000000
0000000
1fffbbc
0000444
0000000
0000000
0000000
0000000
00085e8
1ff7a18
0000000
0000000
0000000
0000000
001025a
1fefda6
0000000
0000000
0000000
0000000
0001588
1ffea78
0000000
1fe5f80
0001b5b
00158c5
1feaaaf
001d815
00027d0
001a080
1ffe4a5
1fea73b
1fe27eb
0015551
1ffd830
0000000
0000000
0000000
0000b8c
1fff474
0000000
0000000
0000000
0000000
1fe1214
001edec
0000000
0000000
0000000
0000000
0017f4f
1fe80b1
0000000
0000000
0000000
0000000
1ffa93b
00056c5
0000000
1ff5468
001059e
00078a6
0007fd9
0007c2f
1fee43c
000ab98
1fefa62
1ff875a
1ff83d1
1ff8027
0011bc4
0000000
0000000
0000000
000c638
1ff39c8
0000000
0000000
0000000
0000000
0002da4
1ffd25c
0000000
0000000
0000000
0000000
1ff2d9a
000d266
0000000
0000000
0000000
0000000
00067b0
1ff9850
0000000
1ffa7ac
1ff547d
00067c7
00088ed
000b3bf
0002460
0005854
000ab83
1ff9839
1ff4c41
1ff7713
1ffdba0
0000000
0000000
0000000
000113c
1ffeec4
0000000
0000000
0000000
0000000
0036d7c
1fc9284
0000000
0000000
0000000
0000000
00010e8
1ffef18
0000000
0000000
0000000
0000000
1fe7eae
0018152
0000000
001c160
1fff64c
1fe7e5a
1fdb034
1ff7396
002bb88
1fe3ea0
00009b4
00181a6
0008c6a
0024fcc
1fd4478
0000000
0000000
0000000
1fff7fc
0000804
0000000
0000000
0000000
0000000
002592c
1fda6d4
0000000
0000000
0000000
0000000
00083be
1ff7c42
0000000
0000000
0000000
0000000
1fee0e2
0011f1e
0000000
0027b98
1fd9582
1ffef86
1fe1d44
1ff5198
00311cc
1fd8468
0026a7e
000107a
000ae68
001e2bc
1fcee34
0000000
0000000
0000000
003ac10
1fc53f0
0000000
0000000
0000000
0000000
000242c
1ffdbd4
0000000
0000000
0000000
0000000
000ddb3
1ff224d
0000000
0000000
0000000
0000000
1fec7bd
0013843
0000000
1febbf8
000d1ea
0003ad8
0013189
1ffae41
1ffb6c0
0014408
1ff2e16
1ffc528
00051bf
1fece77
0004940
0000000
0000000
0000000
1ff719c
0008e64
0000000
0000000
0000000
0000000
1ffb938
00046c8
0000000
0000000
0000000
0000000
002133a
1fdecc6
0000000
0000000
0000000
0000000
0003fa0
1ffc060
0000000
1ff8e38
00031b2
1fe919c
000fc3e
000df8c
1feaa7c
00071c8
1ffce4e
0016e64
1ff2074
1ff03c2
0015584
0000000
0000000
0000000
1fdf1c8
0020e38
0000000
0000000
0000000
0000000
1ff9f1c
00060e4
0000000
0000000
0000000
0000000
0024625
1fdb9db
0000000
0000000
0000000
0000000
1ff73b7
0008c49
0000000
0010444
0004916
1ffecf4
000a257
1fe5bfb
0012f34
1fefbbc
1ffb6ea
000130c
001a405
1ff5da9
1fed0cc
0000000
0000000
0000000
00059fc
1ffa604
0000000
0000000
0000000
0000000
1ff19f8
000e608
0000000
0000000
0000000
0000000
1ff4f08
000b0f8
0000000
0000000
0000000
0000000
1ff5f62
000a09e
0000000
00015f4
1fe1544
001dbf6
1fe2f52
1fe2a44
0001b78
1ffea0c
001eabc
1fe240a
001d5bc
001d0ae
1ffe488
0000000
0000000
0000000
001d69c
1fe2964
0000000
0000000
0000000
0000000
1fd4b94
002b46c
0000000
0000000
0000000
0000000
000c8ac
1ff3754
0000000
0000000
0000000
0000000
0003cb4
1ffc34c
0000000
1fe2d08
1feeee5
0013e65
0015dcf
1ffd8cf
0001d5c
001d2f8
001111b
1fec19b
0002731
1fea231
1ffe2a4
0000000
0000000
0000000
1ff242c
000dbd4
0000000
0000000
0000000
0000000
1fe6efc
0019104
0000000
0000000
0000000
0000000
1ff4ce7
000b319
0000000
0000000
0000000
0000000
1ffa6c7
0005939
0000000
0010010
1ff127d
0002b81
000270c
1ff0102
000efcc
1fefff0
000ed83
1ffd47f
000fefe
1ffd8f4
1ff1034
0000000
0000000
0000000
1fd3d8c
002c274
0000000
0000000
0000000
0000000
1ff611c
0009ee4
0000000
0000000
0000000
0000000
1ff01a3
000fe5d
0000000
0000000
0000000
0000000
1ff8ae1
000751f
0000000
0003c9c
1fe960e
000765c
1ff1f0d
1ff74c1
1fec9c0
1ffc364
00169f2
1ff89a4
0008b3f
000e0f3
0013640
0000000
0000000
0000000
1ff653c
0009ac4
0000000
0000000
0000000
0000000
0033c30
1fcc3d0
0000000
0000000
0000000
0000000
0009759
1ff68a7
0000000
0000000
0000000
0000000
1fee3e1
0011c1f
0000000
1ff2054
1ffef4b
00087e3
0005e9e
1ff0294
0015e8c
000dfac
00010b5
1ff781d
000fd6c
1ffa162
1fea174
0000000
0000000
0000000
1ff0720
000f8e0
0000000
0000000
0000000
0000000
0011228
1feedd8
0000000
0000000
0000000
0000000
000558d
1ffaa73
0000000
0000000
0000000
0000000
1ff33e1
000cc1f
0000000
000435c
0007108
1ff85fc
0002b01
1fffecb
000fac0
1ffbca4
1ff8ef8
0007a04
0000135
1ffd4ff
1ff0540
0000000
0000000
0000000
1ff87d8
0007828
0000000
0000000
0000000
0000000
00115d0
1feea30
0000000
0000000
0000000
0000000
1ff7e92
000816e
0000000
0000000
0000000
0000000
0006606
1ff99fa
0000000
1ff62f4
00076e4
1ff6ec4
1ff910c
1fee31c
1fe53ec
0009d0c
1ff891c
000913c
0011ce4
0006ef4
001ac14
0000000
0000000
0000000
1fc9808
00367f8
0000000
0000000
0000000
0000000
1ffa520
0005ae0
0000000
0000000
0000000
0000000
1ff5cbd
000a343
0000000
0000000
0000000
0000000
000893b
1ff76c5
0000000
001dbd0
1ffd06c
1feae0a
0011f23
000131f
000fe88
1fe2430
0002f94
00151f6
1ffece1
1fee0dd
1ff0178
0000000
0000000
0000000
0001974
1ffe68c
0000000
0000000
0000000
0000000
1ffc9e4
000361c
0000000
0000000
0000000
0000000
1fdc528
0023ad8
0000000
0000000
0000000
0000000
1ff6546
0009aba
0000000
1fffa10
000748c
1ff5172
000635c
1fe9b62
00101b4
00005f0
1ff8b74
000ae8e
001649e
1ff9ca4
1fefe4c
0000000
0000000
0000000
0020c7c
1fdf384
0000000
0000000
0000000
0000000
00043c4
1ffbc3c
0000000
0000000
0000000
0000000
1ff7b72
000848e
0000000
0000000
0000000
0000000
1ff2684
000d97c
0000000
002d790
000a3d8
1ff487e
1fcad00
1ffe37a
1fc2b40
1fd2870
1ff5c28
000b782
0001c86
0035300
003d4c0
0000000
0000000
0000000
00161d8
1fe9e28
0000000
0000000
0000000
0000000
003d390
1fc2c70
0000000
0000000
0000000
0000000
1fee4ba
0011b46
0000000
0000000
0000000
0000000
0001d0e
1ffe2f2
0000000
1fe3ce8
0004873
1fed067
1ffac19
001ceb9
000b1d0
001c318
1ffb78d
0012f99
1fe3147
00053e7
1ff4e30
0000000
0000000
0000000
000ed18
1ff12e8
0000000
0000000
0000000
0000000
1fefde4
001021c
0000000
0000000
0000000
0000000
001deb0
1fe2150
0000000
0000000
0000000
0000000
0000bfe
1fff402
0000000
1ff91cc
0014c86
00024b8
1fe96fa
1fffc00
1ff0260
0006e34
1feb37a
1ffdb48
0000400
0016906
000fda0
0000000
0000000
0000000
0019820
1fe67e0
0000000
0000000
0000000
0000000
0017d18
1fe82e8
0000000
0000000
0000000
0000000
1fee133
0011ecd
0000000
0000000
0000000
0000000
1ffa57b
0005a85
0000000
0001858
0007025
1ff92c5
000365c
1fe706e
1ff0af0
1ffe7a8
1ff8fdb
0006d3b
0018f92
1ffc9a4
000f510
0000000
0000000
0000000
1ff0664
000f99c
0000000
0000000
0000000
0000000
0007340
1ff8cc0
0000000
0000000
0000000
0000000
1ff053b
000fac5
0000000
0000000
0000000
0000000
1ffd03f
0002fc1
0000000
0004cb8
1ff8587
1ffa273
00056e4
1fff84e
1ffee14
1ffb348
0007a79
0005d8d
00007b2
1ffa91c
00011ec
0000000
0000000
0000000
1fd931c
0026ce4
0000000
0000000
0000000
0000000
1ff775c
00088a4
0000000
0000000
0000000
0000000
00056c0
1ffa940
0000000
0000000
0000000
0000000
1ffaa34
00055cc
0000000
000b08c
00071bd
1ff783d
1fff623
0007c2b
0000730
1ff4f74
1ff8e43
00087c3
1ff83d5
00009dd
1fff8d0
0000000
0000000
0000000
0004cec
1ffb314
0000000
0000000
0000000
0000000
1ff3214
000cdec
0000000
0000000
0000000
0000000
1fe1db9
001e247
0000000
0000000
0000000
0000000
1fff915
00006eb
0000000
1ff6974
1fee7f9
0005191
000bae2
1ff8758
002ba70
000968c
0011807
1ffae6f
00078a8
1ff451e
1fd4590
0000000
0000000
0000000
0034934
1fcb6cc
0000000
0000000
0000000
0000000
1fcf788
0030878
0000000
0000000
0000000
0000000
0002c50
1ffd3b0
0000000
0000000
0000000
0000000
1ff7580
0008a80
0000000
1fe4d38
00160fb
1ff5997
0010fe7
1fe1a8b
0025f04
001b2c8
1fe9f05
000a669
001e575
1fef019
1fda0fc
0000000
0000000
0000000
1fd3bb8
002c448
0000000
0000000
0000000
0000000
1ff9584
0006a7c
0000000
0000000
0000000
0000000
0007fd8
1ff8028
0000000
0000000
0000000
0000000
1ff611a
0009ee6
0000000
1ff5d0c
0025740
00093be
00217d8
000790e
0015d6c
000a2f4
1fda8c0
1ff6c42
1ff86f2
1fde828
1fea294
0000000
0000000
0000000
001a5a4
1fe5a5c
0000000
0000000
0000000
0000000
1febbc8
0014438
0000000
0000000
0000000
0000000
0030220
1fcfde0
0000000
0000000
0000000
0000000
001a472
1fe5b8e
0000000
0007720
1ffbb42
1feca74
1feff4e
1ff386c
1ffc134
1ff88e0
00044be
001358c
000c794
00100b2
0003ecc
0000000
0000000
0000000
1fea0c8
0015f38
0000000
0000000
0000000
0000000
0008094
1ff7f6c
0000000
0000000
0000000
0000000
00073bf
1ff8c41
0000000
0000000
0000000
0000000
0011b9f
1fee461
0000000
1ffc2c8
000e5b0
000ed18
1ff6513
1fed4f9
0026dd8
0003d38
1ff1a50
1ff12e8
0012b07
0009aed
1fd9228
0000000
0000000
0000000
0009c7c
1ff6384
0000000
0000000
0000000
0000000
1fee5e0
0011a20
0000000
0000000
0000000
0000000
1ffc574
0003a8c
0000000
0000000
0000000
0000000
1ff458a
000ba76
0000000
1ffbcd4
1ff4f98
1ffc2d6
0004c72
1fe8cc0
1ffe81c
000432c
000b068
0003d2a
0017340
1ffb38e
00017e4
0000000
0000000
0000000
00072b4
1ff8d4c
0000000
0000000
0000000
0000000
0017798
1fe8868
0000000
0000000
0000000
0000000
0000ec2
1fff13e
0000000
0000000
0000000
0000000
1ff09e6
000f61a
0000000
1ffe098
1fe6443
1ff92e7
00030fb
1fefbcf
0019a5c
0001f68
0019bbd
0006d19
0010431
1ffcf05
1fe65a4
0000000
0000000
0000000
1fca5d4
0035a2c
0000000
0000000
0000000
0000000
002d16c
1fd2e94
0000000
0000000
0000000
0000000
1ff7920
00086e0
0000000
0000000
0000000
0000000
1ff8ea8
0007158
0000000
000ea90
1fe5942
1ff36c6
000610a
1ff2436
0003580
1ff1570
001a6be
000c93a
000dbca
1ff9ef6
1ffca80
0000000
0000000
0000000
000d4a0
1ff2b60
0000000
0000000
0000000
0000000
1fef9cc
0010634
0000000
0000000
0000000
0000000
1ffbcbe
0004342
0000000
0000000
0000000
0000000
1fefe1e
00101e2
0000000
1ff66b0
001e614
1ff20c8
1ff3512
1fee272
1ffd7a0
0009950
1fe19ec
000df38
0011d8e
000caee
0002860
0000000
0000000
0000000
1ff78a8
0008758
0000000
0000000
0000000
0000000
1fead0c
00152f4
0000000
0000000
0000000
0000000
0005da0
1ffa260
0000000
0000000
0000000
0000000
1ff2c80
000d380
0000000
1fc2e44
1ffb334
0009be0
000f728
1fe38cc
0021114
003d1bc
0004ccc
1ff6420
001c734
1ff08d8
1fdeeec
0000000
0000000
0000000
00160a8
1fe9f58
0000000
0000000
0000000
0000000
1fea22c
0015dd4
0000000
0000000
0000000
0000000
1ff6ded
0009213
0000000
0000000
0000000
0000000
000a011
1ff5fef
0000000
1fdf59c
000c804
000b624
000e4bd
000a203
1fd78e0
0020a64
1ff37fc
1ff49dc
1ff5dfd
1ff1b43
0028720
0000000
0000000
0000000
000d430
1ff2bd0
0000000
0000000
0000000
0000000
00298d0
1fd6730
0000000
0000000
0000000
0000000
1fe7086
0018f7a
0000000
0000000
0000000
0000000
00081cc
1ff7e34
0000000
1ff6b30
000157d
001080b
000a6e5
002ca77
1ff6a8c
00094d0
1ffea83
1fef7f5
1fd3589
1ff591b
0009574
0000000
0000000
0000000
0000e94
1fff16c
0000000
0000000
0000000
0000000
0006c9c
1ff9364
0000000
0000000
0000000
0000000
1ffb49f
0004b61
0000000
0000000
0000000
0000000
1feb245
0014dbb
0000000
1ffd278
000f2e2
000fdb0
1fdfe53
1ff4c83
0020588
0002d88
1ff0d1e
1ff0250
000b37d
00201ad
1fdfa78
0000000
0000000
0000000
001efe8
1fe1018
0000000
0000000
0000000
0000000
1fc48ec
003b714
0000000
0000000
0000000
0000000
1ffd956
00026aa
0000000
0000000
0000000
0000000
00080ba
1ff7f46
0000000
0011214
1fe4be9
1ff093d
1ff295d
000054d
1ffac60
1feedec
001b417
000f6c3
1fffab3
000d6a3
00053a0
0000000
0000000
0000000
1fd9710
00268f0
0000000
0000000
0000000
0000000
000dde8
1ff2218
0000000
0000000
0000000
0000000
1ffd19a
0002e66
0000000
0000000
0000000
0000000
00019c4
1ffe63c
0000000
1ff7d10
1ff5397
000e8c1
0001c37
1ffb9f9
000be38
00082f0
000ac69
1ff173f
0004607
1ffe3c9
1ff41c8
0000000
0000000
0000000
002e9ac
1fd1654
0000000
0000000
0000000
0000000
1ffe854
00017ac
0000000
0000000
0000000
0000000
1ff87b0
0007850
0000000
0000000
0000000
0000000
0012bae
1fed452
0000000
1feabb0
000fe38
00149d2
0002e5e
000ee84
0000f14
0015450
1ff01c8
1feb62e
1ff117c
1ffd1a2
1fff0ec
0000000
0000000
0000000
1ff06d4
000f92c
0000000
0000000
0000000
0000000
000479c
1ffb864
0000000
0000000
0000000
0000000
1ff7b5a
00084a6
0000000
0000000
0000000
0000000
000819a
1ff7e66
0000000
1fd9114
1ffd938
1ff0c04
0002e44
0015bd8
1ff7830
0026eec
00026c8
000f3fc
1fea428
1ffd1bc
00087d0
0000000
0000000
0000000
1ff90ec
0006f14
0000000
0000000
0000000
0000000
1ff5004
000affc
0000000
0000000
0000000
0000000
1ff10c4
000ef3c
0000000
0000000
0000000
0000000
0005dbc
1ffa244
0000000
001e564
1ff63d9
0010665
1ff7d1f
0002e97
1fed674
1fe1a9c
0009c27
1fef99b
1ffd169
00082e1
001298c
0000000
0000000
0000000
1ffd6bc
0002944
0000000
0000000
0000000
0000000
002ae98
1fd5168
0000000
0000000
0000000
0000000
1feef03
00110fd
0000000
0000000
0000000
0000000
1feda67
0012599
0000000
1fe372c
001ba2c
000184c
1fd90a3
000f079
1fef630
001c8d4
1fe45d4
1ffe7b4
1ff0f87
0026f5d
00109d0
0000000
0000000
0000000
0036130
1fc9ed0
0000000
0000000
0000000
0000000
1fcf3a4
0030c5c
0000000
0000000
0000000
0000000
0014f1d
1feb0e3
0000000
0000000
0000000
0000000
1ff7b47
00084b9
0000000
001b7f8
1fffee6
1ffd5bc
1ff499b
1fe3c53
1fee668
1fe4808
000011a
0002a44
001c3ad
000b665
0011998
0000000
0000000
0000000
1fe5fe8
001a018
0000000
0000000
0000000
0000000
0009378
1ff6c88
0000000
0000000
0000000
0000000
1fe6a76
001958a
0000000
0000000
0000000
0000000
0010c80
1fef380
0000000
0004f0c
00026a8
1fdf876
1ffd6da
1ff5b2c
1fe6bf8
1ffb0f4
1ffd958
002078a
000a4d4
0002926
0019408
0000000
0000000
0000000
1fff47c
0000b84
0000000
0000000
0000000
0000000
00065ec
1ff9a14
0000000
0000000
0000000
0000000
1fffcc7
0000339
0000000
0000000
0000000
0000000
1ffd2ab
0002d55
0000000
1ff5194
1fe6f68
1ffe194
0005493
0004171
002a570
000ae6c
0019098
0001e6c
1ffbe8f
1ffab6d
1fd5a90
0000000
0000000
0000000
1ff78fc
0008704
0000000
0000000
0000000
0000000
000095c
1fff6a4
0000000
0000000
0000000
0000000
0002da3
1ffd25d
0000000
0000000
0000000
0000000
1fdf26d
0020d93
0000000
1ff9f4c
1ff8b0a
0007a38
1fe6b7b
000cfd7
0027580
00060b4
00074f6
1ff85c8
1ff3029
0019485
1fd8a80
0000000
0000000
0000000
000e6c4
1ff193c
0000000
0000000
0000000
0000000
0006ad4
1ff952c
0000000
0000000
0000000
0000000
1ff6a2e
00095d2
0000000
0000000
0000000
0000000
1ff6f1c
00090e4
0000000
1fee9c0
0006397
1ff23a5
1ffb8d5
1fe6e0b
001f534
0011640
1ff9c69
000dc5b
00191f5
000472b
1fe0acc
0000000
0000000
0000000
1ffd9d0
0002630
0000000
0000000
0000000
0000000
1ff5d70
000a290
0000000
0000000
0000000
0000000
1ff5aea
000a516
0000000
0000000
0000000
0000000
0006c0c
1ff93f4
0000000
1fe1338
00039e3
000243d
1fee8ef
0008095
1feae34
001ecc8
1ffc61d
1ffdbc3
1ff7f6b
0011711
00151cc
0000000
0000000
0000000
0007a94
1ff856c
0000000
0000000
0000000
0000000
0003c7c
1ffc384
0000000
0000000
0000000
0000000
1fef7b0
0010850
0000000
0000000
0000000
0000000
00117f4
1fee80c
0000000
002f890
1fe4708
1ffb528
0006c26
000d3be
1fde3a4
1fd0770
001b8f8
0004ad8
1ff2c42
1ff93da
0021c5c
0000000
0000000
0000000
001894c
1fe76b4
0000000
0000000
0000000
0000000
1fe6920
00196e0
0000000
0000000
0000000
0000000
000bf6b
1ff4095
0000000
0000000
0000000
0000000
1fe517b
001ae85
0000000
1fe6664
0023cc8
1fefad8
002def7
1ffb521
1fcef30
001999c
1fdc338
0010528
0004adf
1fd2109
00310d0
0000000
0000000
0000000
0008b50
1ff74b0
0000000
0000000
0000000
0000000
1fd28cc
002d734
0000000
0000000
0000000
0000000
1ff8dad
0007253
0000000
0000000
0000000
0000000
1ff0f49
000f0b7
0000000
1fea32c
0008abb
000bde7
001137a
1ff2c1c
1ff7480
0015cd4
1ff7545
1ff4219
000d3e4
1feec86
0008b80
0000000
0000000
0000000
0002a78
1ffd588
0000000
0000000
0000000
0000000
0006808
1ff97f8
0000000
0000000
0000000
0000000
0001216
1ffedea
0000000
0000000
0000000
0000000
000550e
1ffaaf2
0000000
1ff4b0c
1ffdb2c
0009290
1ff97c0
000a154
1feae04
000b4f4
00024d4
1ff6d70
1ff5eac
0006840
00151fc
0000000
0000000
0000000
00041c4
1ffbe3c
0000000
0000000
0000000
0000000
1ff5af4
000a50c
0000000
0000000
0000000
0000000
0001ad6
1ffe52a
0000000
0000000
0000000
0000000
1fe48f6
001b70a
0000000
000946c
002219e
000027e
0008664
1ffd11c
000bab8
1ff6b94
1fdde62
1fffd82
0002ee4
1ff799c
1ff4548
0000000
0000000
0000000
1ff1130
000eed0
0000000
0000000
0000000
0000000
000b024
1ff4fdc
0000000
0000000
0000000
0000000
1ff675f
00098a1
0000000
0000000
0000000
0000000
1feb809
00147f7
0000000
1fe4800
0016258
000b84a
1fe8dc3
1ff34b3
1ff1020
001b800
1fe9da8
1ff47b6
000cb4d
001723d
000efe0
0000000
0000000
0000000
1fd9700
0026900
0000000
0000000
0000000
0000000
0019de8
1fe6218
0000000
0000000
0000000
0000000
1fe897c
0017684
0000000
0000000
0000000
0000000
0000224
1fffddc
0000000
1ff6a0c
1fff84a
1ffe516
000d6c0
1ff5ad8
1ff2bf8
00095f4
00007b6
0001aea
000a528
1ff2940
000d408
0000000
0000000
0000000
1ff3940
000c6c0
0000000
0000000
0000000
0000000
1ff4240
000bdc0
0000000
0000000
0000000
0000000
1ffef4d
00010b3
0000000
0000000
0000000
0000000
1ff749d
0008b63
0000000
0002188
000f98f
000378b
0006026
1ff0bb4
00090f8
1ffde78
1ff0671
1ffc875
000f44c
1ff9fda
1ff6f08
0000000
0000000
0000000
1ff4654
000b9ac
0000000
0000000
0000000
0000000
002065c
1fdf9a4
0000000
0000000
0000000
0000000
0003811
1ffc7ef
0000000
0000000
0000000
0000000
1fe2fb3
001d04d
0000000
1fee468
1fff0f8
001b0be
1ff7f65
00046e5
0007200
0011b98
0000f08
1fe4f42
1ffb91b
000809b
1ff8e00
0000000
0000000
0000000
1ffa800
0005800
0000000
0000000
0000000
0000000
0022108
1fddef8
0000000
0000000
0000000
0000000
1ff8ffc
0007004
0000000
0000000
0000000
0000000
00033b0
1ffcc50
0000000
00050bc
1fe7004
1fe3b44
1febe70
002a340
1fdddac
1ffaf44
0018ffc
001c4bc
1fd5cc0
0014190
0022254
0000000
0000000
0000000
00048ec
1ffb714
0000000
0000000
0000000
0000000
002dcb8
1fd2348
0000000
0000000
0000000
0000000
1ffb7f7
0004809
0000000
0000000
0000000
0000000
1fed483
0012b7d
0000000
001607c
1feb242
1ff4bea
00188bd
1ff06e3
1fe91c0
1fe9f84
0014dbe
000b416
000f91d
1fe7743
0016e40
0000000
0000000
0000000
1fd2498
002db68
0000000
0000000
0000000
0000000
0037028
1fc8fd8
0000000
0000000
0000000
0000000
000f8a5
1ff075b
0000000
0000000
0000000
0000000
1ffc05f
0003fa1
0000000
0012624
1ffaf0d
000d77f
0003096
000659a
001802c
1fed9dc
00050f3
1ff2881
1ff9a66
1ffcf6a
1fe7fd4
0000000
0000000
0000000
0001e88
1ffe178
0000000
0000000
0000000
0000000
0015668
1fea998
0000000
0000000
0000000
0000000
00000f0
1ffff10
0000000
0000000
0000000
0000000
001fa46
1fe05ba
0000000
1ff9bd4
001f403
1ff0b1d
1ffea03
1fff609
1fcf870
000642c
1fe0bfd
000f4e3
00009f7
00015fd
0030790
0000000
0000000
0000000
0020ae8
1fdf518
0000000
0000000
0000000
0000000
1fea678
0015988
0000000
0000000
0000000
0000000
1ffc22d
0003dd3
0000000
0000000
0000000
0000000
0003f93
1ffc06d
0000000
00107fc
000103f
1feff55
0006174
1fee29c
1fcc814
1fef804
1ffefc1
00100ab
0011d64
1ff9e8c
00337ec
0000000
0000000
0000000
0009130
1ff6ed0
0000000
0000000
0000000
0000000
0021504
1fdeafc
0000000
0000000
0000000
0000000
1fdc911
00236ef
0000000
0000000
0000000
0000000
000c4ab
1ff3b55
0000000
1ff8cec
1ffa488
0010752
0011fcb
1fee853
000d1d0
0007314
0005b78
1fef8ae
00117ad
1fee035
1ff2e30
0000000
0000000
0000000
001565c
1fea9a4
0000000
0000000
0000000
0000000
1fd02e8
002fd18
0000000
0000000
0000000
0000000
00287d0
1fd7830
0000000
0000000
0000000
0000000
0011f50
1fee0b0
0000000
1ff6674
1ff61c2
1fe688e
000ef64
000a864
1fff7ac
000998c
0009e3e
0019772
1ff579c
1ff109c
0000854
0000000
0000000
0000000
1feeda8
0011258
0000000
0000000
0000000
0000000
0021104
1fdeefc
0000000
0000000
0000000
0000000
1ffac63
000539d
0000000
0000000
0000000
0000000
1ff6513
0009aed
0000000
1ff3130
1ff54f0
1fe4f9c
0000dcd
1ff560f
1ffe970
000ced0
000ab10
001b064
000a9f1
1fff233
0001690
0000000
0000000
0000000
001fde0
1fe0220
0000000
0000000
0000000
0000000
1ff1298
000ed68
0000000
0000000
0000000
0000000
0007468
1ff8b98
0000000
0000000
0000000
0000000
1ff70ea
0008f16
0000000
1fec210
1fff161
00061d3
0007315
1ffc627
000df94
0013df0
0000e9f
1ff9e2d
00039d9
1ff8ceb
1ff206c
0000000
0000000
0000000
1ff3e58
000c1a8
0000000
0000000
0000000
0000000
1fd0224
002fddc
0000000
0000000
0000000
0000000
1fff504
0000afc
0000000
0000000
0000000
0000000
000c60e
1ff39f2
0000000
001d0d0
0001b1d
00072fb
1ffb9a1
1ffb15b
00096c8
1fe2f30
1ffe4e3
1ff8d05
0004ea5
000465f
1ff6938
0000000
0000000
0000000
1fd8f08
00270f8
0000000
0000000
0000000
0000000
1fec7b0
0013850
0000000
0000000
0000000
0000000
0007f5d
1ff80a3
0000000
0000000
0000000
0000000
1ffcd97
0003269
0000000
1ff3e38
1ff5724
0001756
00075e5
000a481
001828c
000c1c8
000a8dc
1ffe8aa
1ff5b7f
1ff8a1b
1fe7d74
0000000
0000000
0000000
1fe5b88
001a478
0000000
0000000
0000000
0000000
1fff044
0000fbc
0000000
0000000
0000000
0000000
1ffd698
0002968
0000000
0000000
0000000
0000000
1ff7b8a
0008476
0000000
1fe6760
00145cf
1ffceb1
1ff4a89
0002c43
000bf58
00198a0
1feba31
000314f
1ffd3bd
000b577
1ff40a8
0000000
0000000
0000000
000dbc8
1ff2438
0000000
0000000
0000000
0000000
001e8fc
1fe1704
0000000
0000000
0000000
0000000
1ff340c
000cbf4
0000000
0000000
0000000
0000000
0011a20
1fee5e0
0000000
000b5f4
1ff0cf4
1fff9a0
001fa46
00067fa
000430c
1ff4a0c
000f30c
0000660
1ff9806
1fe05ba
1ffbcf4
0000000
0000000
0000000
1fd0c28
002f3d8
0000000
0000000
0000000
0000000
0006658
1ff99a8
0000000
0000000
0000000
0000000
000430b
1ffbcf5
0000000
0000000
0000000
0000000
1fff0c3
0000f3d
0000000
000fb38
0002f55
1ff529d
000b6a6
001ce34
000d434
1ff04c8
1ffd0ab
000ad63
1fe31cc
1ff495a
1ff2bcc
0000000
0000000
0000000
000c250
1ff3db0
0000000
0000000
0000000
0000000
1fec3c0
0013c40
0000000
0000000
0000000
0000000
1fe55ad
001aa53
0000000
0000000
0000000
0000000
1ff4b1b
000b4e5
0000000
1fec448
000eed5
1ff2173
00025c0
1fd5b54
1fe9fa4
0013bb8
1ff112b
000de8d
002a4ac
1ffda40
001605c
0000000
0000000
0000000
0017504
1fe8afc
0000000
0000000
0000000
0000000
0019528
1fe6ad8
0000000
0000000
0000000
0000000
000c7e3
1ff381d
0000000
0000000
0000000
0000000
00011bf
1ffee41
0000000
0020b3c
1ffaf6e
00105ce
1feb2bd
1fe1eb7
0024538
1fdf4c4
0005092
1fefa32
001e149
0014d43
1fdbac8
0000000
0000000
0000000
00067c0
1ff9840
0000000
0000000
0000000
0000000
000b4f8
1ff4b08
0000000
0000000
0000000
0000000
0011026
1feefda
0000000
0000000
0000000
0000000
000a6b2
1ff594e
0000000
000f858
1fdde57
1ff09eb
1ff8fad
000b315
0003584
1ff07a8
00221a9
000f615
1ff4ceb
0007053
1ffca7c
0000000
0000000
0000000
0006768
1ff9898
0000000
0000000
0000000
0000000
00477bc
1fb8844
0000000
0000000
0000000
0000000
1ff655a
0009aa6
0000000
0000000
0000000
0000000
1ff4428
000bbd8
0000000
000d294
000fc32
1ffbb00
1fe8592
1ffd228
0017540
1ff2d6c
1ff03ce
0004500
0002dd8
0017a6e
1fe8ac0
0000000
0000000
0000000
1fff4a4
0000b5c
0000000
0000000
0000000
0000000
001bd2c
1fe42d4
0000000
0000000
0000000
0000000
000b6b1
1ff494f
0000000
0000000
0000000
0000000
1fe8ddb
0017225
0000000
1ffb2e8
000ef0a
00141ec
1ff458f
1ff86cb
1fdd41c
0004d18
1ff10f6
1febe14
0007935
000ba71
0022be4
0000000
0000000
0000000
1f9cbf0
0063410
0000000
0000000
0000000
0000000
1fc9090
0036f70
0000000
0000000
0000000
0000000
000bab3
1ff454d
0000000
0000000
0000000
0000000
1fedd5d
00122a3
0000000
1fc475c
0008759
1fea3a7
1fefef6
00167d6
00039e4
003b8a4
1ff78a7
0015c59
1fe982a
001010a
1ffc61c
0000000
0000000
0000000
1fecfe4
001301c
0000000
0000000
0000000
0000000
001e89c
1fe1764
0000000
0000000
0000000
0000000
1ff7294
0008d6c
0000000
0000000
0000000
0000000
1ffd29a
0002d66
0000000
0004e24
1ff524a
1ffd344
000a394
1ff59fe
00327a8
1ffb1dc
000adb6
0002cbc
000a602
1ff5c6c
1fcd858
0000000
0000000
0000000
00022f8
1ffdd08
0000000
0000000
0000000
0000000
1fd9a68
0026598
0000000
0000000
0000000
0000000
000d3fc
1ff2c04
0000000
0000000
0000000
0000000
000a01a
1ff5fe6
0000000
1ffdd94
1ff5d13
001a689
0008751
1fe165b
00257a4
000226c
000a2ed
1fe5977
001e9a5
1ff78af
1fda85c
0000000
0000000
0000000
1ff869c
0007964
0000000
0000000
0000000
0000000
004647c
1fb9b84
0000000
0000000
0000000
0000000
1ffad1b
00052e5
0000000
0000000
0000000
0000000
1ff4c0d
000b3f3
0000000
1fe6930
1ffa1ad
00285d7
1ffe696
0011212
000af04
00196d0
0005e53
1fd7a29
1feedee
000196a
1ff50fc
0000000
0000000
0000000
1fecc70
0013390
0000000
0000000
0000000
0000000
1feabb4
001544c
0000000
0000000
0000000
0000000
1ffeaf1
000150f
0000000
0000000
0000000
0000000
1fe2347
001dcb9
0000000
1fef034
1fd1b6b
0011dd1
00071b4
0007ac0
0007f00
0010fcc
002e495
1fee22f
1ff8540
1ff8e4c
1ff8100
0000000
0000000
0000000
1ffaa5c
00055a4
0000000
0000000
0000000
0000000
00188c4
1fe773c
0000000
0000000
0000000
0000000
0009c71
1ff638f
0000000
0000000
0000000
0000000
1febc23
00143dd
0000000
00162a4
1ffe72c
1ffa476
1fdc8db
00018cb
1fe8228
1fe9d5c
00018d4
0005b8a
1ffe735
0023725
0017dd8
0000000
0000000
0000000
1ff9f70
0006090
0000000
0000000
0000000
0000000
1fead24
00152dc
0000000
0000000
0000000
0000000
1ff439c
000bc64
0000000
0000000
0000000
0000000
1fffbd8
0000428
0000000
000a46c
1ff4223
1ffad6b
1ff95df
1feed5f
1ffdee4
1ff5b94
000bddd
0005295
00112a1
0006a21
000211c
0000000
0000000
0000000
00253cc
1fdac34
0000000
0000000
0000000
0000000
1fe9e48
00161b8
0000000
0000000
0000000
0000000
1ffe960
00016a0
0000000
0000000
0000000
0000000
001162c
1fee9d4
0000000
1ffe0ec
1ffffa0
000a1c4
000d7a2
1ff1dd6
1fed148
0001f14
0000060
1ff5e3c
000e22a
1ff285e
0012eb8
0000000
0000000
0000000
001b940
1fe46c0
0000000
0000000
0000000
0000000
0006948
1ff96b8
0000000
0000000
0000000
0000000
001104d
1feefb3
0000000
0000000
0000000
0000000
001111f
1feeee1
0000000
1fe0664
1ff6585
00054d7
0001798
0017ddc
001e6e8
001f99c
0009a7b
1ffab29
1fe8224
1ffe868
1fe1918
0000000
0000000
0000000
0009748
1ff68b8
0000000
0000000
0000000
0000000
1fe670c
00198f4
0000000
0000000
0000000
0000000
001223b
1feddc5
0000000
0000000
0000000
0000000
1ffbc61
000439f
0000000
0020db8
1ff698a
1fef038
1fece67
1ffda1f
001c83c
1fdf248
0009676
0010fc8
00025e1
0013199
1fe37c4
0000000
0000000
0000000
0001534
1ffeacc
0000000
0000000
0000000
0000000
00185dc
1fe7a24
0000000
0000000
0000000
0000000
1ffd1c5
0002e3b
0000000
0000000
0000000
0000000
1ff15cb
000ea35
0000000
000cd40
1ff2f52
1ffb768
1ffc01b
1ff8637
1ff74e4
1ff32c0
000d0ae
0004898
00079c9
0003fe5
0008b1c
0000000
0000000
0000000
1feecd4
001132c
0000000
0000000
0000000
0000000
1fe64d0
0019b30
0000000
0000000
0000000
0000000
000a471
1ff5b8f
0000000
0000000
0000000
0000000
000cb81
1ff347f
0000000
1ff1edc
000325e
1fffd4e
000658d
1ff692f
0000544
000e124
1ffcda2
00002b2
00096d1
1ff9a73
1fffabc
0000000
0000000
0000000
1ff841c
0007be4
0000000
0000000
0000000
0000000
1fc8364
0037c9c
0000000
0000000
0000000
0000000
1fed7c4
001283c
0000000
0000000
0000000
0000000
0002a38
1ffd5c8
0000000
1fff7a0
1fff34a
1ffe912
001649c
1ff8598
1ff48fc
0000860
0000cb6
00016ee
0007a68
1fe9b64
000b704
0000000
0000000
0000000
000aa80
1ff5580
0000000
0000000
0000000
0000000
00104ac
1fefb54
0000000
0000000
0000000
0000000
1ff6f79
0009087
0000000
0000000
0000000
0000000
1ff18b9
000e747
0000000
001b7b8
000601e
000460e
1ffc901
00180db
000cc64
1fe4848
1ff9fe2
1ffb9f2
1fe7f25
00036ff
1ff339c
0000000
0000000
0000000
1ff4544
000babc
0000000
0000000
0000000
0000000
000e934
1ff16cc
0000000
0000000
0000000
0000000
0011c6c
1fee394
0000000
0000000
0000000
0000000
1ff92ee
0006d12
0000000
002522c
1ff6c3d
1ffd84f
000d1db
000d959
1ff5f78
1fdadd4
00093c3
00027b1
1ff26a7
1ff2e25
000a088
0000000
0000000
0000000
1fe822c
0017dd4
0000000
0000000
0000000
0000000
1fd3b14
002c4ec
0000000
0000000
0000000
0000000
000bddf
1ff4221
0000000
0000000
0000000
0000000
002102f
1fdefd1
0000000
1ffab8c
1fee685
000860d
1fffd8a
000a76c
0008c48
0005474
001197b
1ff79f3
1ff5894
0000276
1ff73b8
0000000
0000000
0000000
1fffa28
00005d8
0000000
0000000
0000000
0000000
0012d98
1fed268
0000000
0000000
0000000
0000000
1ff0113
000feed
0000000
0000000
0000000
0000000
1ff4687
000b979
0000000
0002c2c
1ff7d14
1fff96c
00008b9
001624f
004822c
1ffd3d4
00082ec
0000694
1fe9db1
1fff747
1fb7dd4
0000000
0000000
0000000
002e5e4
1fd1a1c
0000000
0000000
0000000
0000000
000f114
1ff0eec
0000000
0000000
0000000
0000000
1fe7e9b
0018165
0000000
0000000
0000000
0000000
1ff1bc9
000e437
0000000
00217ec
0016706
000dd6c
001e043
1fe85e7
1fffc0c
1fde814
1fe98fa
1ff2294
0017a19
1fe1fbd
00003f4
0000000
0000000
0000000
0005580
1ffaa80
0000000
0000000
0000000
0000000
1fe127c
001ed84
0000000
0000000
0000000
0000000
0022d85
1fdd27b
0000000
0000000
0000000
0000000
1ff6b79
0009487
0000000
000a354
000d414
1ff2ac8
0007075
000b2eb
1ffb644
1ff5cac
1ff2bec
000d538
1ff4d15
1ff8f8b
00049bc
0000000
0000000
0000000
1fe0e78
001f188
0000000
0000000
0000000
0000000
001ad18
1fe52e8
0000000
0000000
0000000
0000000
000d67a
1ff2986
0000000
0000000
0000000
0000000
1ff4170
000be90
0000000
1feffe0
00145ec
000c772
000f494
0001bce
0015fcc
0010020
1feba14
1ff388e
1ffe432
1ff0b6c
1fea034
0000000
0000000
0000000
1ff2474
000db8c
0000000
0000000
0000000
0000000
1fd4c64
002b39c
0000000
0000000
0000000
0000000
1ff40e5
000bf1b
0000000
0000000
0000000
0000000
1ff2903
000d6fd
0000000
000d264
000795a
1ff9a40
001e3a1
000cd71
1fe86a0
1ff2d9c
1ff86a6
00065c0
1ff328f
1fe1c5f
0017960
0000000
0000000
0000000
1fd5f60
002a0a0
0000000
0000000
0000000
0000000
1feef8c
0011074
0000000
0000000
0000000
0000000
1ff0824
000f7dc
0000000
0000000
0000000
0000000
1ffa586
0005a7a
0000000
1fe4014
00113ec
0011472
001152e
1fe7c74
001cfb0
001bfec
1feec14
1feeb8e
001838c
1feead2
1fe3050
0000000
0000000
0000000
1ffb8d0
0004730
0000000
0000000
0000000
0000000
0010fe4
1fef01c
0000000
0000000
0000000
0000000
1fd2d16
002d2ea
0000000
0000000
0000000
0000000
1ffd260
0002da0
0000000
1fc96c8
1ff4b74
1ff7886
1ff9544
1ff69e2
1feb3b8
0036938
000b48c
000877a
000961e
0006abc
0014c48
0000000
0000000
0000000
0002a80
1ffd580
0000000
0000000
0000000
0000000
0001a28
1ffe5d8
0000000
0000000
0000000
0000000
000b6a2
1ff495e
0000000
0000000
0000000
0000000
1fed224
0012ddc
0000000
1fe02c8
1ffbe9e
000d408
000050c
00057b6
0000134
001fd38
0004162
1ff2bf8
1ffa84a
1fffaf4
1fffecc
0000000
0000000
0000000
1fddfa8
0022058
0000000
0000000
0000000
0000000
1ffd4a0
0002b60
0000000
0000000
0000000
0000000
1ff0e8d
000f173
0000000
0000000
0000000
0000000
0004c95
1ffb36b
0000000
1ffba4c
00194ab
1ff3b5b
0026d0a
000e3a8
1fee3d0
00045b4
1fe6b55
000c4a5
1ff1c58
1fd92f6
0011c30
0000000
0000000
0000000
0005b38
1ffa4c8
0000000
0000000
0000000
0000000
00084b4
1ff7b4c
0000000
0000000
0000000
0000000
000e1b3
1ff1e4d
0000000
0000000
0000000
0000000
1ffef65
000109b
0000000
00054b4
0010db8
1ff90be
000ff7b
1ffe15b
1ffb25c
1ffab4c
1fef248
0006f42
0001ea5
1ff0085
0004da4
0000000
0000000
0000000
1fdb920
00246e0
0000000
0000000
0000000
0000000
1ff1904
000e6fc
0000000
0000000
0000000
0000000
00062ba
1ff9d46
0000000
0000000
0000000
0000000
0003cc0
1ffc340
0000000
0012d48
1ff7381
00035eb
00001b7
0011b79
000dcfc
1fed2b8
0008c7f
1ffca15
1fee487
1fffe49
1ff2304
0000000
0000000
0000000
1fd2d10
002d2f0
0000000
0000000
0000000
0000000
1ff27f8
000d808
0000000
0000000
0000000
0000000
1ffa547
0005ab9
0000000
0000000
0000000
0000000
1ffe10b
0001ef5
0000000
0015c6c
1ffb0d1
1fff2a5
000c740
0012cce
1fdc370
1fea394
0004f2f
0000d5b
1fed332
1ff38c0
0023c90
0000000
0000000
0000000
1ff3684
000c97c
0000000
0000000
0000000
0000000
0007be0
1ff8420
0000000
0000000
0000000
0000000
0006527
1ff9ad9
0000000
0000000
0000000
0000000
1ff86f1
000790f
0000000
0021350
1feb765
1ff9da3
000ae1e
1feb216
001becc
1fdecb0
001489b
000625d
0014dea
1ff51e2
1fe4134
0000000
0000000
0000000
1ff5c58
000a3a8
0000000
0000000
0000000
0000000
00063d0
1ff9c30
0000000
0000000
0000000
0000000
000b55f
1ff4aa1
0000000
0000000
0000000
0000000
0000f73
1fff08d
0000000
0017bf8
1fe7814
0013adc
1ffb57f
000e979
0011580
1fe8408
00187ec
1fec524
1ff1687
0004a81
1feea80
0000000
0000000
0000000
000943c
1ff6bc4
0000000
0000000
0000000
0000000
0004f4c
1ffb0b4
0000000
0000000
0000000
0000000
0002493
1ffdb6d
0000000
0000000
0000000
0000000
0004e4b
1ffb1b5
0000000
001726c
000a993
00054b7
0007334
1febd9a
1fe8a64
1fe8d94
1ff566d
1ffab49
0014266
1ff8ccc
001759c
0000000
0000000
0000000
0021214
1fdedec
0000000
0000000
0000000
0000000
1fee5cc
0011a34
0000000
0000000
0000000
0000000
0003016
1ffcfea
0000000
0000000
0000000
0000000
000cefa
1ff3106
0000000
1fe6aa8
000034f
000e9e7
1ff3a1d
000e6b9
1fe9b00
0019558
1fffcb1
1ff1619
1ff1947
000c5e3
0016500
0000000
0000000
0000000
0006658
1ff99a8
0000000
0000000
0000000
0000000
1ff20ec
000df14
0000000
0000000
0000000
0000000
0015e8f
1fea171
0000000
0000000
0000000
0000000
000b541
1ff4abf
0000000
1fd969c
00141fa
1fe18fc
000f9f3
0013553
1fc60d8
0026964
1febe06
001e704
1fecaad
1ff060d
0039f28
0000000
0000000
0000000
000763c
1ff89c4
0000000
0000000
0000000
0000000
1ff77dc
0008824
0000000
0000000
0000000
0000000
00072bd
1ff8d43
0000000
0000000
0000000
0000000
00075e1
1ff8a1f
0000000
000d00c
0000f3e
1fd1e66
1fe72d3
1ffc03d
1fbf6c8
1ff2ff4
1fff0c2
002e19a
0003fc3
0018d2d
0040938
0000000
0000000
0000000
1feb574
0014a8c
0000000
0000000
0000000
0000000
0018b00
1fe7500
0000000
0000000
0000000
0000000
1fef6ab
0010955
0000000
0000000
0000000
0000000
001ace7
1fe5319
0000000
1fef050
1ff35a7
1fef06f
1ff4f76
001e940
1ff5c28
0010fb0
000ca59
0010f91
1fe16c0
000b08a
000a3d8
0000000
0000000
0000000
001ef74
1fe108c
0000000
0000000
0000000
0000000
1fe5f90
001a070
0000000
0000000
0000000
0000000
00200f6
1fdff0a
0000000
0000000
0000000
0000000
000c646
1ff39ba
0000000
1fdc510
0008d7c
00055dc
0010c1e
00069e2
002513c
0023af0
1ff7284
1ffaa24
1ff961e
1fef3e2
1fdaec4
0000000
0000000
0000000
1feea14
00115ec
0000000
0000000
0000000
0000000
0004a40
1ffb5c0
0000000
0000000
0000000
0000000
1fdba12
00245ee
0000000
0000000
0000000
0000000
001df14
1fe20ec
0000000
1fdb4e8
00056bc
0011302
1fff80a
0019cec
1ff1318
0024b18
1ffa944
1feecfe
1fe6314
00007f6
000ece8
0000000
0000000
0000000
000f45c
1ff0ba4
0000000
0000000
0000000
0000000
0005bd8
1ffa428
0000000
0000000
0000000
0000000
000a011
1ff5fef
0000000
0000000
0000000
0000000
000804b
1ff7fb5
0000000
0009764
001a321
000a52b
1fe34a4
1ffe620
1ff59f8
1ff689c
1fe5cdf
1ff5ad5
00019e0
001cb5c
000a608
0000000
0000000
0000000
0011f08
1fee0f8
0000000
0000000
0000000
0000000
00337ac
1fcc854
0000000
0000000
0000000
0000000
1fde476
0021b8a
0000000
0000000
0000000
0000000
1ff94a8
0006b58
0000000
1fc8f3c
0009bd1
1fe477f
001b829
0010e33
1ffb070
00370c4
1ff642f
001b881
1fef1cd
1fe47d7
0004f90
0000000
0000000
0000000
1ff73a4
0008c5c
0000000
0000000
0000000
0000000
0009664
1ff699c
0000000
0000000
0000000
0000000
1fed477
0012b89
0000000
0000000
0000000
0000000
0008c63
1ff739d
0000000
1fdd14c
000cbe0
0005444
1fff1cd
0003f0b
000e3ec
0022eb4
1ff3420
1ffabbc
1ffc0f5
0000e33
1ff1c14
0000000
0000000
0000000
0012440
1fedbc0
0000000
0000000
0000000
0000000
001d988
1fe2678
0000000
0000000
0000000
0000000
1ff3224
000cddc
0000000
0000000
0000000
0000000
000b1ae
1ff4e52
0000000
1ffd92c
0001bd9
1ffdd7f
1ffcd8b
0007779
1fd21f4
00026d4
1ffe427
0002281
1ff8887
0003275
002de0c
0000000
0000000
0000000
000e9e0
1ff1620
0000000
0000000
0000000
0000000
1fda520
0025ae0
0000000
0000000
0000000
0000000
000d6ef
1ff2911
0000000
0000000
0000000
0000000
1ff4a45
000b5bb
0000000
00035f4
1ffd48c
1feaa76
0017977
1ff9b67
1ff3954
1ffca0c
0002b74
001558a
0006499
1fe8689
000c6ac
0000000
0000000
0000000
0007fe0
1ff8020
0000000
0000000
0000000
0000000
1fecb54
00134ac
0000000
0000000
0000000
0000000
000debe
1ff2142
0000000
0000000
0000000
0000000
1ff6154
0009eac
0000000
1fe79ac
00008f8
1ffbc3e
000d846
0002d80
001802c
0018654
1fff708
00043c2
1ffd280
1ff27ba
1fe7fd4
0000000
0000000
0000000
0000294
1fffd6c
0000000
0000000
0000000
0000000
00126e4
1fed91c
0000000
0000000
0000000
0000000
1ff252f
000dad1
0000000
0000000
0000000
0000000
0007c45
1ff83bb
0000000
1fd7140
0004f88
0017e76
1ffa4bf
000ae57
1fd2fd4
0028ec0
1ffb078
1fe818a
1ff51a9
0005b41
002d02c
0000000
0000000
0000000
1ff1684
000e97c
0000000
0000000
0000000
0000000
00106ac
1fef954
0000000
0000000
0000000
0000000
1ff7963
000869d
0000000
0000000
0000000
0000000
1ff6e93
000916d
0000000
1ffdf64
001e5f8
0009e9c
00059d3
0009209
1fcbc48
000209c
1fe1a08
1ff6164
1ff6df7
1ffa62d
00343b8
0000000
0000000
0000000
001363c
1fec9c4
0000000
0000000
0000000
0000000
0045c80
1fba380
0000000
0000000
0000000
0000000
1ffa1b6
0005e4a
0000000
0000000
0000000
0000000
0009e98
1ff6168
0000000
00006bc
0010964
1fee27a
1ff1a66
1ffd19c
1fe3650
1fff944
1fef69c
0011d86
0002e64
000e59a
001c9b0
0000000
0000000
0000000
0004a08
1ffb5f8
0000000
0000000
0000000
0000000
1ff1440
000ebc0
0000000
0000000
0000000
0000000
0000fc2
1fff03e
0000000
0000000
0000000
0000000
0001c74
1ffe38c
0000000
0006b44
1ff4533
1feea41
1ffc8b7
1ff72f9
1fd38f4
1ff94bc
000bacd
00115bf
0008d07
0003749
002c70c
0000000
0000000
0000000
1ff5c04
000a3fc
0000000
0000000
0000000
0000000
1fff70c
00008f4
0000000
0000000
0000000
0000000
001e0a9
1fe1f57
0000000
0000000
0000000
0000000
1ff87ed
0007813
0000000
1ffcd7c
1ff411b
1fee57b
0008ae0
0009d4a
000afe4
0003284
000bee5
0011a85
1ff62b6
1ff7520
1ff501c
0000000
0000000
0000000
1fea538
0015ac8
0000000
0000000
0000000
0000000
1ff77b4
000884c
0000000
0000000
0000000
0000000
000937d
1ff6c83
0000000
0000000
0000000
0000000
1ffb189
0004e77
0000000
1ff4c80
1fffd27
000c89b
1fec3fc
1ffe646
1fe847c
000b380
00002d9
1ff3765
00019ba
0013c04
0017b84
0000000
0000000
0000000
1ff4440
000bbc0
0000000
0000000
0000000
0000000
0000b20
1fff4e0
0000000
0000000
0000000
0000000
001387d
1fec783
0000000
0000000
0000000
0000000
0008b8b
1ff7475
0000000
1fe64d4
001be53
0004e9d
000f382
000acde
0002e60
0019b2c
1fe41ad
1ffb163
1ff5322
1ff0c7e
1ffd1a0
0000000
0000000
0000000
1ff1850
000e7b0
0000000
0000000
0000000
0000000
1ffc3b0
0003c50
0000000
0000000
0000000
0000000
1fefc5e
00103a2
0000000
0000000
0000000
0000000
1fe5668
001a998
0000000
00090b8
1fe5970
1ff7a8a
1ff8e7a
1fe3308
1ff4754
1ff6f48
001a690
0008576
001ccf8
0007186
000b8ac
0000000
0000000
0000000
0019ce4
1fe631c
0000000
0000000
0000000
0000000
1fd786c
0028794
0000000
0000000
0000000
0000000
0002278
1ffdd88
0000000
0000000
0000000
0000000
000c642
1ff39be
0000000
1ff22ec
000c116
1fef634
000cace
0020f88
001dd04
000dd14
1ff3eea
00109cc
1fdf078
1ff3532
1fe22fc
0000000
0000000
0000000
1ffc5b4
0003a4c
0000000
0000000
0000000
0000000
1ffee58
00011a8
0000000
0000000
0000000
0000000
1ff3581
000ca7f
0000000
0000000
0000000
0000000
1ff5ae9
000a517
0000000
0038b30
1fd4c41
1ff9f31
1ff37da
1ff54b4
0015e14
1fc74d0
002b3bf
00060cf
000ab4c
000c826
1fea1ec
0000000
0000000
0000000
000c06c
1ff3f94
0000000
0000000
0000000
0000000
0017f88
1fe8078
0000000
0000000
0000000
0000000
000c5d6
1ff3a2a
0000000
0000000
0000000
0000000
1fe78fc
0018704
0000000
00085cc
1ffd5fe
1ff9624
1fe8364
1ffd9e2
1ff51fc
1ff7a34
0002a02
00069dc
000261e
0017c9c
000ae04
0000000
0000000
0000000
1ff4590
000ba70
0000000
0000000
0000000
0000000
1fd5b78
002a488
0000000
0000000
0000000
0000000
000a1df
1ff5e21
0000000
0000000
0000000
0000000
0012f0d
1fed0f3
0000000
1feb194
0004388
0002352
1ffc685
1fda1c1
1fcefb0
0014e6c
1ffbc78
1ffdcae
0025e3f
000397b
0031050
0000000
0000000
0000000
00042a0
1ffbd60
0000000
0000000
0000000
0000000
1ffaf90
0005070
0000000
0000000
0000000
0000000
1ffc4e1
0003b1f
0000000
0000000
0000000
0000000
00034e9
1ffcb17
0000000
1ff7138
001ed8d
1ff9c49
000c384
1fff4f2
1fcc0a8
0008ec8
1fe1273
00063b7
0000b0e
1ff3c7c
0033f58
0000000
0000000
0000000
1fe3418
001cbe8
0000000
0000000
0000000
0000000
002062c
1fdf9d4
0000000
0000000
0000000
0000000
1fff783
000087d
0000000
0000000
0000000
0000000
000af1d
1ff50e3
0000000
1ffec84
1ff0ca5
1fef9bb
000b2cc
0004f30
000e78c
000137c
000f35b
0010645
1ffb0d0
1ff4d34
1ff1874
0000000
0000000
0000000
001f48c
1fe0b74
0000000
0000000
0000000
0000000
0017b94
1fe846c
0000000
0000000
0000000
0000000
0010299
1fefd67
0000000
0000000
0000000
0000000
000eee7
1ff1119
0000000
1fce8c4
001b58f
000aae5
1ffa274
000f928
1fb8938
003173c
1fe4a71
1ff551b
1ff06d8
0005d8c
00476c8
0000000
0000000
0000000
0011060
1feefa0
0000000
0000000
0000000
0000000
001da0c
1fe25f4
0000000
0000000
0000000
0000000
000e8f3
1ff170d
0000000
0000000
0000000
0000000
1ff78b9
0008747
0000000
1fe852c
000570d
000a21f
1ffcfba
000d206
000c0f8
0017ad4
1ffa8f3
1ff5de1
1ff2dfa
0003046
1ff3f08
0000000
0000000
0000000
1fe06b0
001f950
0000000
0000000
0000000
0000000
002567c
1fda984
0000000
0000000
0000000
0000000
1fec617
00139e9
0000000
0000000
0000000
0000000
1fef8ab
0010755
0000000
0001bd8
1ff1902
000537e
00112bf
0023249
0023338
1ffe428
000e6fe
1ffac82
1fdcdb7
1feed41
1fdccc8
0000000
0000000
0000000
1fe4b98
001b468
0000000
0000000
0000000
0000000
1fe3640
001c9c0
0000000
0000000
0000000
0000000
0001888
1ffe778
0000000
0000000
0000000
0000000
1ffbf54
00040ac
0000000
000b64c
0004900
0006c7c
000c34e
1ffc562
1ff2f50
1ff49b4
1ffb700
1ff9384
0003a9e
1ff3cb2
000d0b0
0000000
0000000
0000000
1feaf0c
00150f4
0000000
0000000
0000000
0000000
1fd986c
0026794
0000000
0000000
0000000
0000000
1fe805a
0017fa6
0000000
0000000
0000000
0000000
0009ac6
1ff653a
0000000
000a2b8
0001b88
1ff792c
1ffd94c
000a3f0
0016624
1ff5d48
1ffe478
00086d4
1ff5c10
00026b4
1fe99dc
0000000
0000000
0000000
0032030
1fcdfd0
0000000
0000000
0000000
0000000
00191dc
1fe6e24
0000000
0000000
0000000
0000000
001d9fd
1fe2603
0000000
0000000
0000000
0000000
1fe1dc1
001e23f
0000000
1fe9bac
1fec7d1
00003f1
0004caa
000054c
1fff76c
0016454
001382f
1fffc0f
1fffab4
1ffb356
0000894
0000000
0000000
0000000
1fe7cc8
0018338
0000000
0000000
0000000
0000000
001b9a8
1fe4658
0000000
0000000
0000000
0000000
1ff176e
000e892
0000000
0000000
0000000
0000000
1ff3a22
000c5de
0000000
001b0ac
0008ea3
1ff65eb
0009fc1
1fff0f9
0016010
1fe4f54
1ff715d
0009a15
0000f07
1ff603f
1fe9ff0
0000000
0000000
0000000
00347dc
1fcb824
0000000
0000000
0000000
0000000
1fe7a78
0018588
0000000
0000000
0000000
0000000
0008bee
1ff7412
0000000
0000000
0000000
0000000
0004772
1ffb88e
0000000
0004cb8
0000025
0006f19
0002efd
1fe29b1
1fe029c
1ffb348
1ffffdb
1ff90e7
001d64f
1ffd103
001fd64
0000000
0000000
0000000
000cd00
1ff3300
0000000
0000000
0000000
0000000
1ff4e6c
000b194
0000000
0000000
0000000
0000000
000f1ff
1ff0e01
0000000
0000000
0000000
0000000
0025431
1fdabcf
0000000
002bccc
1ff2a00
1ffe692
1fe8655
00016f9
1ff7c30
1fd4334
000d600
000196e
1ffe907
00179ab
00083d0
0000000
0000000
0000000
1ffea9c
0001564
0000000
0000000
0000000
0000000
1fd2600
002da00
0000000
0000000
0000000
0000000
0001e5a
1ffe1a6
0000000
0000000
0000000
0000000
001b93e
1fe46c2
0000000
001b16c
1ff5595
1ff04fd
1fe8461
1fe5781
1fd3068
1fe4e94
000aa6b
000fb03
001a87f
0017b9f
002cf98
0000000
0000000
0000000
1fe5c94
001a36c
0000000
0000000
0000000
0000000
002c500
1fd3b00
0000000
0000000
0000000
0000000
1feacf5
001530b
0000000
0000000
0000000
0000000
0003f97
1ffc069
0000000
002fd44
0007d91
001897b
1fe609e
1fee9be
1feaf80
1fd02bc
1ff826f
1fe7685
0011642
0019f62
0015080
0000000
0000000
0000000
0020aac
1fdf554
0000000
0000000
0000000
0000000
001ac8c
1fe5374
0000000
0000000
0000000
0000000
1ff2bec
000d414
0000000
0000000
0000000
0000000
1ff6594
0009a6c
0000000
00121a0
000b622
00047c2
0010f2c
000d690
0005b7c
1fede60
1ff49de
1ffb83e
1ff2970
1fef0d4
1ffa484
0000000
0000000
0000000
1ff4564
000ba9c
0000000
0000000
0000000
0000000
1ffea64
000159c
0000000
0000000
0000000
0000000
000531f
1fface1
0000000
0000000
0000000
0000000
000f065
1ff0f9b
0000000
001d5cc
1ff24f3
1ff5b71
001dd48
1ff88a8
1ff9b14
1fe2a34
000db0d
000a48f
0007758
1fe22b8
00064ec
0000000
0000000
0000000
001d074
1fe2f8c
0000000
0000000
0000000
0000000
00078f8
1ff8708
0000000
0000000
0000000
0000000
1fee735
00118cb
0000000
0000000
0000000
0000000
0018be5
1fe741b
0000000
00062b0
1ff5129
1fff94d
0025132
001b0b8
0002c80
1ff9d50
000aed7
00006b3
1fe4f48
1fdaece
1ffd380
0000000
0000000
0000000
1ffaea8
0005158
0000000
0000000
0000000
0000000
000e1e8
1ff1e18
0000000
0000000
0000000
0000000
0019b6e
1fe6492
0000000
0000000
0000000
0000000
1ff0218
000fde8
0000000
1ffb698
1ff603e
1ff8ce0
1ffb87a
00065c4
1ff9a54
0004968
0009fc2
0007320
1ff9a3c
0004786
00065ac
0000000
0000000
0000000
1fe6b74
001948c
0000000
0000000
0000000
0000000
1fee13c
0011ec4
0000000
0000000
0000000
0000000
0000d50
1fff2b0
0000000
0000000
0000000
0000000
0012452
1fedbae
0000000
00002c4
1fed929
0001f7f
00024c7
1ff74b5
0002304
1fffd3c
00126d7
1ffe081
0008b4b
1ffdb39
1ffdcfc
0000000
0000000
0000000
1fd8ebc
0027144
0000000
0000000
0000000
0000000
0005bec
1ffa414
0000000
0000000
0000000
0000000
1ff1f28
000e0d8
0000000
0000000
0000000
0000000
1ffa384
0005c7c
0000000
1fe3c34
000d0bf
000143f
00277bf
1ff872f
1fe4014
001c3cc
1ff2f41
1ffebc1
00078d1
1fd8841
001bfec
0000000
0000000
0000000
0025e5c
1fda1a4
0000000
0000000
0000000
0000000
0005590
1ffaa70
0000000
0000000
0000000
0000000
001222f
1feddd1
0000000
0000000
0000000
0000000
1ff5fbd
000a043
0000000
00103e8
1fe9717
1ffcc71
0006748
000f238
001cd5c
1fefc18
00168e9
000338f
1ff0dc8
1ff98b8
1fe32a4
0000000
0000000
0000000
002b510
1fd4af0
0000000
0000000
0000000
0000000
00125dc
1feda24
0000000
0000000
0000000
0000000
0001971
1ffe68f
0000000
0000000
0000000
0000000
000bb35
1ff44cb
0000000
1fe5b9c
001139d
1feb285
000a9d2
0011db4
00043b0
001a464
1feec63
0014d7b
1fee24c
1ff562e
1ffbc50
0000000
0000000
0000000
1ff9ac8
0006538
0000000
0000000
0000000
0000000
1ff6ac8
0009538
0000000
0000000
0000000
0000000
00063bc
1ff9c44
0000000
0000000
0000000
0000000
0002a4a
1ffd5b6
0000000
1ff26c0
0011f35
1fe1a1b
00003a7
1fed58d
00074a4
000d940
1fee0cb
001e5e5
0012a73
1fffc59
1ff8b5c
0000000
0000000
0000000
000ae08
1ff51f8
0000000
0000000
0000000
0000000
1ffc724
00038dc
0000000
0000000
0000000
0000000
000c600
1ff3a00
0000000
0000000
0000000
0000000
1fed544
0012abc
0000000
1fef254
1fe6105
0014085
000a017
1fff94f
1fe97e8
0010dac
0019efb
1febf7b
00006b1
1ff5fe9
0016818
0000000
0000000
0000000
1ff3720
000c8e0
0000000
0000000
0000000
0000000
0027800
1fd8800
0000000
0000000
0000000
0000000
0006563
1ff9a9d
0000000
0000000
0000000
0000000
1ffc77d
0003883
0000000
0029b3c
1fdf69a
1ffcd10
1fff2eb
1fe99e7
001bb84
1fd64c4
0020966
00032f0
0016619
0000d15
1fe447c
0000000
0000000
0000000
001b818
1fe47e8
0000000
0000000
0000000
0000000
0020964
1fdf69c
0000000
0000000
0000000
0000000
1fef39f
0010c61
0000000
0000000
0000000
0000000
1ffce01
00031ff
0000000
0003414
0001c88
1fe4fb2
1ff379b
000c0bf
1ff659c
1ffcbec
1ffe378
001b04e
1ff3f41
000c865
0009a64
0000000
0000000
0000000
002fb4c
1fd04b4
0000000
0000000
0000000
0000000
1ffc9a0
0003660
0000000
0000000
0000000
0000000
1ff5d39
000a2c7
0000000
0000000
0000000
0000000
1ff53e1
000ac1f
0000000
000e0e8
1feb9b8
000ec98
1ff8055
001c8db
001943c
1ff1f18
0014648
1ff1368
1fe3725
0007fab
1fe6bc4
0000000
0000000
0000000
1fec300
0013d00
0000000
0000000
0000000
0000000
0019ebc
1fe6144
0000000
0000000
0000000
0000000
0003868
1ffc798
0000000
0000000
0000000
0000000
000751e
1ff8ae2
0000000
1ff8594
1ff8ec2
1fed0d4
1fedd2a
001551c
1ffa2ac
0007a6c
000713e
0012f2c
1feaae4
00122d6
0005d54
0000000
0000000
0000000
002d5a4
1fd2a5c
0000000
0000000
0000000
0000000
00218cc
1fde734
0000000
0000000
0000000
0000000
1ff4d36
000b2ca
0000000
0000000
0000000
0000000
0014fe4
1feb01c
0000000
0029014
0011b3c
1ffa5da
1ff55bc
1fe898e
000ea3c
1fd6fec
1fee4c4
0005a26
0017672
000aa44
1ff15c4
0000000
0000000
0000000
001c6b4
1fe394c
0000000
0000000
0000000
0000000
1fd90ac
0026f54
0000000
0000000
0000000
0000000
0018db8
1fe7248
0000000
0000000
0000000
0000000
0013ef4
1fec10c
0000000
0026678
0008077
1feb377
0000595
0003c49
0004dec
1fd9988
1ff7f89
0014c89
1ffc3b7
1fffa6b
1ffb214
0000000
0000000
0000000
00133e0
1fecc20
0000000
0000000
0000000
0000000
000d6b0
1ff2950
0000000
0000000
0000000
0000000
1fffaf3
000050d
0000000
0000000
0000000
0000000
1ff0143
000febd
0000000
0002944
1fe7fd3
1ff1ce7
1fd38c8
000a3aa
0009910
1ffd6bc
001802d
000e319
1ff5c56
002c738
1ff66f0
0000000
0000000
0000000
0025d78
1fda288
0000000
0000000
0000000
0000000
1ffb128
0004ed8
0000000
0000000
0000000
0000000
1fe379a
001c866
0000000
0000000
0000000
0000000
1ffc9e6
000361a
0000000
1fc9d98
1ff08d8
001f614
1ffc152
0006c7e
0030774
0036268
000f728
1fe09ec
1ff9382
0003eae
1fcf88c
0000000
0000000
0000000
0007550
1ff8ab0
0000000
0000000
0000000
0000000
1fe5114
001aeec
0000000
0000000
0000000
0000000
001dd3c
1fe22c4
0000000
0000000
0000000
0000000
000973a
1ff68c6
0000000
1ffdad8
1ff92ac
1ff8022
1ff653e
001b424
1fe82b0
0002528
0006d54
0007fde
1fe4bdc
0009ac2
0017d50
0000000
0000000
0000000
1ffd70c
00028f4
0000000
0000000
0000000
0000000
1ffa0f0
0005f10
0000000
0000000
0000000
0000000
1ffef99
0001067
0000000
0000000
0000000
0000000
1ffa2df
0005d21
0000000
002ace8
1ff5dd0
0004af6
1ff0117
00019cf
1ffa7c8
1fd5318
000a230
1ffb50a
1ffe631
000fee9
0005838
0000000
0000000
0000000
0002304
1ffdcfc
0000000
0000000
0000000
0000000
0004de8
1ffb218
0000000
0000000
0000000
0000000
1fee1ab
0011e55
0000000
0000000
0000000
0000000
000ede1
1ff121f
0000000
000d0d0
1ff4159
00104c3
1fe8648
1ff0edc
0002b38
1ff2f30
000bea7
1fefb3d
000f124
00179b8
1ffd4c8
0000000
0000000
0000000
00120d4
1fedf2c
0000000
0000000
0000000
0000000
1ff7530
0008ad0
0000000
0000000
0000000
0000000
0012d91
1fed26f
0000000
0000000
0000000
0000000
00050f3
1ffaf0d
0000000
1ff7734
000cf77
1ffb545
0005554
000972c
0008724
00088cc
1ff3089
0004abb
1ff68d4
1ffaaac
1ff78dc
0000000
0000000
0000000
0012ad0
1fed530
0000000
0000000
0000000
0000000
0009348
1ff6cb8
0000000
0000000
0000000
0000000
0001e14
1ffe1ec
0000000
0000000
0000000
0000000
1fff0dc
0000f24
0000000
00086b4
0015498
1ff9dc0
1ffb02a
1fe6806
1fda37c
1ff794c
1feab68
0006240
00197fa
0004fd6
0025c84
0000000
0000000
0000000
1ff7bfc
0008404
0000000
0000000
0000000
0000000
000cf1c
1ff30e4
0000000
0000000
0000000
0000000
000e442
1ff1bbe
0000000
0000000
0000000
0000000
1ff2d98
000d268
0000000
000bc44
000de28
1ffe8de
000b61c
0005c16
1ff97b0
1ff43bc
1ff21d8
0001722
1ffa3ea
1ff49e4
0006850
0000000
0000000
0000000
000a408
1ff5bf8
0000000
0000000
0000000
0000000
1fc6a88
0039578
0000000
0000000
0000000
0000000
000793a
1ff86c6
0000000
0000000
0000000
0000000
0008028
1ff7fd8
0000000
000f408
1fccb0f
1fef461
00016ed
000d38b
000a520
1ff0bf8
00334f1
0010b9f
1ff2c75
1ffe913
1ff5ae0
0000000
0000000
0000000
001e1bc
1fe1e44
0000000
0000000
0000000
0000000
000ac18
1ff53e8
0000000
0000000
0000000
0000000
0001ba6
1ffe45a
0000000
0000000
0000000
0000000
1ffd98e
0002672
0000000
00002b0
00113e9
1ff8051
0008845
0020615
1fdb744
1fffd50
1feec17
0007faf
1fdf9eb
1ff77bb
00248bc
0000000
0000000
0000000
000d698
1ff2968
0000000
0000000
0000000
0000000
000f920
1ff06e0
0000000
0000000
0000000
0000000
0014a40
1feb5c0
0000000
0000000
0000000
0000000
1ffdfc0
0002040
0000000
0004b98
000c2b9
0003c39
0009abb
1feefb7
1fed0cc
1ffb468
1ff3d47
1ffc3c7
0011049
1ff6545
0012f34
0000000
0000000
0000000
000b8a0
1ff4760
0000000
0000000
0000000
0000000
1fe7114
0018eec
0000000
0000000
0000000
0000000
000abdd
1ff5423
0000000
0000000
0000000
0000000
000bb89
1ff4477
0000000
000888c
1ff1a07
1feb9cb
00195be
00147bc
1fe47d8
1ff7774
000e5f9
0014635
1feb844
1fe6a42
001b828
0000000
0000000
0000000
1fe8648
00179b8
0000000
0000000
0000000
0000000
1fe939c
0016c64
0000000
0000000
0000000
0000000
0007775
1ff888b
0000000
0000000
0000000
0000000
1ff1fa3
000e05d
0000000
001c210
1fcfb30
1fd38b6
000317f
001cb17
1ff2718
1fe3df0
00304d0
002c74a
1fe34e9
1ffce81
000d8e8
0000000
0000000
0000000
1fe4184
001be7c
0000000
0000000
0000000
0000000
1fe2c5c
001d3a4
0000000
0000000
0000000
0000000
1ff8b1c
00074e4
0000000
0000000
0000000
0000000
1ff30e4
000cf1c
0000000
1ff9b64
000550a
000c10a
000fcba
1fdc05a
1ff0b98
000649c
1ffaaf6
1ff3ef6
0023fa6
1ff0346
000f468
0000000
0000000
0000000
1ff8320
0007ce0
0000000
0000000
0000000
0000000
1fff3dc
0000c24
0000000
0000000
0000000
0000000
1fe77d4
001882c
0000000
0000000
0000000
0000000
0017b6c
1fe8494
0000000
1fcd8f0
003970c
1fecc4c
1fff4e6
1fe9ac6
1ff3544
0032710
1fc68f4
00133b4
001653a
0000b1a
000cabc
0000000
0000000
0000000
002fa9c
1fd0564
0000000
0000000
0000000
0000000
001a7a0
1fe5860
0000000
0000000
0000000
0000000
1ff3319
000cce7
0000000
0000000
0000000
0000000
002963b
1fd69c5
0000000
0016358
1ff941f
1fe7599
1ffa88a
1ff47ee
000c52c
1fe9ca8
0006be1
0018a67
000b812
0005776
1ff3ad4
0000000
0000000
0000000
000bb0c
1ff44f4
0000000
0000000
0000000
0000000
0004cf0
1ffb310
0000000
0000000
0000000
0000000
1ff7392
0008c6e
0000000
0000000
0000000
0000000
1ff9a24
00065dc
0000000
1fef6ec
000b152
0009dc8
000ab58
1fe9bd2
0011360
0010914
1ff4eae
1ff6238
001642e
1ff54a8
1feeca0
0000000
0000000
0000000
00096fc
1ff6904
0000000
0000000
0000000
0000000
1fdf334
0020ccc
0000000
0000000
0000000
0000000
1fedfb3
001204d
0000000
0000000
0000000
0000000
000ad05
1ff52fb
0000000
0019198
1ffd587
00094e9
1fea60e
1ff56f6
000ee40
1fe6e68
0002a79
1ff6b17
000a90a
00159f2
1ff11c0
0000000
0000000
0000000
002486c
1fdb794
0000000
0000000
0000000
0000000
0025540
1fdaac0
0000000
0000000
0000000
0000000
1ff0853
000f7ad
0000000
0000000
0000000
0000000
1fea2df
0015d21
0000000
1fd3bf4
0008b33
1fff7e3
1ff47e6
0010490
000aedc
002c40c
1ff74cd
000081d
1fefb70
000b81a
1ff5124
0000000
0000000
0000000
1ffb150
0004eb0
0000000
0000000
0000000
0000000
002c864
1fd379c
0000000
0000000
0000000
0000000
1feed52
00112ae
0000000
0000000
0000000
0000000
0004e06
1ffb1fa
0000000
1fe6ca8
00053b1
1ffdbe1
00017ab
0014657
0003910
0019358
1ffac4f
000241f
1feb9a9
1ffe855
1ffc6f0
0000000
0000000
0000000
1fee640
00119c0
0000000
0000000
0000000
0000000
00048fc
1ffb704
0000000
0000000
0000000
0000000
0012828
1fed7d8
0000000
0000000
0000000
0000000
1ffb77a
0004886
0000000
0005f88
1ff4e4b
1fe7fe5
000f743
1ffc329
1fdaf30
1ffa078
000b1b5
001801b
0003cd7
1ff08bd
00250d0
0000000
0000000
0000000
00032ec
1ffcd14
0000000
0000000
0000000
0000000
1ff5058
000afa8
0000000
0000000
0000000
0000000
1ff6195
0009e6b
0000000
0000000
0000000
0000000
0019bf5
1fe640b
0000000
1ffe7c4
0001331
0001ab5
000c278
1ff3a06
0015ce4
000183c
1ffeccf
1ffe54b
000c5fa
1ff3d88
1fea31c
0000000
0000000
0000000
1fe6528
0019ad8
0000000
0000000
0000000
0000000
0000268
1fffd98
0000000
0000000
0000000
0000000
0011e39
1fee1c7
0000000
0000000
0000000
0000000
0001f63
1ffe09d
0000000
1fe9edc
000128f
1ff2a99
1ffe18e
0000806
000381c
0016124
1ffed71
000d567
1fff7fa
0001e72
1ffc7e4
0000000
0000000
0000000
1ff6454
0009bac
0000000
0000000
0000000
0000000
1fc8304
0037cfc
0000000
0000000
0000000
0000000
1ffc3e4
0003c1c
0000000
0000000
0000000
0000000
1ffa28a
0005d76
0000000
0006f18
1ff246d
1ffdedf
0010513
0006ce5
1ff1c4c
1ff90e8
000db93
0002121
1ff931b
1fefaed
000e3b4
0000000
0000000
0000000
00122e4
1fedd1c
0000000
0000000
0000000
0000000
1ffa830
00057d0
0000000
0000000
0000000
0000000
1ff5e0f
000a1f1
0000000
0000000
0000000
0000000
00013c1
1ffec3f
0000000
0025718
1febfbc
0021c8a
0004781
1fd4561
002aa88
1fda8e8
0014044
1fde376
002ba9f
1ffb87f
1fd5578
0000000
0000000
0000000
1fe0c9c
001f364
0000000
0000000
0000000
0000000
0008738
1ff78c8
0000000
0000000
0000000
0000000
1ffb415
0004beb
0000000
0000000
0000000
0000000
1fdc667
0023999
0000000
1ff4484
0006546
1ff62ec
1ffbbf3
0013e0b
1fe905c
000bb7c
1ff9aba
0009d14
1fec1f5
000440d
0016fa4
0000000
0000000
0000000
1ffea9c
0001564
0000000
0000000
0000000
0000000
1ff2574
000da8c
0000000
0000000
0000000
0000000
0032cc9
1fcd337
0000000
0000000
0000000
0000000
1ffd9ff
0002601
0000000
000e84c
000e9d1
1fea55f
000c0b6
1ffe012
1fe0348
1ff17b4
1ff162f
0015aa1
0001fee
1ff3f4a
001fcb8
0000000
0000000
0000000
1fcc74c
00338b4
0000000
0000000
0000000
0000000
0007ee8
1ff8118
0000000
0000000
0000000
0000000
1ffb53b
0004ac5
0000000
0000000
0000000
0000000
1fff40b
0000bf5
0000000
0018400
00077e9
001bea9
1ffe5f0
0002486
1ffa344
1fe7c00
1ff8817
1fe4157
1ffdb7a
0001a10
0005cbc
0000000
0000000
0000000
1fff85c
00007a4
0000000
0000000
0000000
0000000
0019754
1fe68ac
0000000
0000000
0000000
0000000
0005318
1fface8
0000000
0000000
0000000
0000000
0015e5a
1fea1a6
0000000
1fdf158
1ffdedc
0010532
1ff2aac
1fea09a
0024f28
0020ea8
0002124
1feface
0015f66
000d554
1fdb0d8
0000000
0000000
0000000
1ff6f4c
00090b4
0000000
0000000
0000000
0000000
1ffb844
00047bc
0000000
0000000
0000000
0000000
1ff5bf7
000a409
0000000
0000000
0000000
0000000
1ffa9e7
0005619
0000000
1fd797c
1ff1770
0001a9c
0005d89
1fe95df
1fe7028
0028684
000e890
1ffe564
0016a21
1ffa277
0018fd8
0000000
0000000
0000000
1ff8cc0
0007340
0000000
0000000
0000000
0000000
1fff070
0000f90
0000000
0000000
0000000
0000000
1fda755
00258ab
0000000
0000000
0000000
0000000
1ffb645
00049bb
0000000
1ff874c
000a511
0017f41
000316a
1ff2b90
00159e0
00078b4
1ff5aef
1fe80bf
000d470
1ffce96
1fea620
0000000
0000000
0000000
00112dc
1feed24
0000000
0000000
0000000
0000000
1fe6790
0019870
0000000
0000000
0000000
0000000
0002e25
1ffd1db
0000000
0000000
0000000
0000000
1ff3ac9
000c537
0000000
1ff6b54
1ff1e39
0018769
000d49c
1ff34d6
00142e8
00094ac
000e1c7
1fe7897
000cb2a
1ff2b64
1febd18
0000000
0000000
0000000
1ff8c0c
00073f4
0000000
0000000
0000000
0000000
0017c28
1fe83d8
0000000
0000000
0000000
0000000
001357c
1feca84
0000000
0000000
0000000
0000000
1ff4cea
000b316
0000000
0025b9c
0019971
1fe1d5f
1ffc0d3
00087d1
1ff6aec
1fda464
1fe668f
001e2a1
1ff782f
0003f2d
0009514
0000000
0000000
0000000
1fd07e8
002f818
0000000
0000000
0000000
0000000
000f684
1ff097c
0000000
0000000
0000000
0000000
0005400
1ffac00
0000000
0000000
0000000
0000000
0000922
1fff6de
0000000
1fff188
1ffc19e
1ff89f0
1fe05ea
1ffd0c0
000b08c
0000e78
0003e62
0007610
0002f40
001fa16
1ff4f74
0000000
0000000
0000000
1fecec4
001313c
0000000
0000000
0000000
0000000
002e084
1fd1f7c
0000000
0000000
0000000
0000000
00082e6
1ff7d1a
0000000
0000000
0000000
0000000
1ff58ca
000a736
0000000
0000554
000cb44
1fffe2c
1fe4208
0003f98
1ff8cfc
1fffaac
1ff34bc
00001d4
1ffc068
001bdf8
0007304
0000000
0000000
0000000
1ff1558
000eaa8
0000000
0000000
0000000
0000000
00140bc
1febf44
0000000
0000000
0000000
0000000
1ff08a7
000f759
0000000
0000000
0000000
0000000
1ff6c5d
00093a3
0000000
1fe89f8
1ffba94
000f56a
0001e81
001245d
1feba1c
0017608
000456c
1ff0a96
1fedba3
1ffe17f
00145e4
0000000
0000000
0000000
0019020
1fe6fe0
0000000
0000000
0000000
0000000
1fedaf4
001250c
0000000
0000000
0000000
0000000
00028a9
1ffd757
0000000
0000000
0000000
0000000
0003423
1ffcbdd
0000000
001edf4
1ff82ab
000010d
0015fa0
0000798
1ff5cf4
1fe120c
0007d55
1fffef3
1fff868
1fea060
000a30c
0000000
0000000
0000000
1fd4218
002bde8
0000000
0000000
0000000
0000000
1ff3404
000cbfc
0000000
0000000
0000000
0000000
000ca60
1ff35a0
0000000
0000000
0000000
0000000
0006962
1ff969e
0000000
0011118
001f76e
1ff143c
1fe185c
000b0a6
1fcd690
1feeee8
1fe0892
000ebc4
1ff4f5a
001e7a4
0032970
0000000
0000000
0000000
1ffa470
0005b90
0000000
0000000
0000000
0000000
000a7f8
1ff5808
0000000
0000000
0000000
0000000
1fe6df0
0019210
0000000
0000000
0000000
0000000
1ff9196
0006e6a
0000000
1ffdf54
1ff72d7
1ffdff9
1ffd339
1fe7d3f
1ff31e4
00020ac
0008d29
0002007
00182c1
0002cc7
000ce1c
0000000
0000000
0000000
0010efc
1fef104
0000000
0000000
0000000
0000000
0016560
1fe9aa0
0000000
0000000
0000000
0000000
1ff1217
000ede9
0000000
0000000
0000000
0000000
0000e23
1fff1dd
0000000
1fdddf4
0015b45
001f2b1
1ff9230
1ff9dba
1ffbc58
002220c
1fea4bb
1fe0d4f
0006246
0006dd0
00043a8
0000000
0000000
0000000
000a368
1ff5c98
0000000
0000000
0000000
0000000
1fe4170
001be90
0000000
0000000
0000000
0000000
1fff711
00008ef
0000000
0000000
0000000
0000000
0008681
1ff797f
0000000
000b498
1fe0741
1ff2c41
0009022
1ff60d0
1ff6874
1ff4b68
001f8bf
000d3bf
0009f30
1ff6fde
000978c
0000000
0000000
0000000
1ffabf0
0005410
0000000
0000000
0000000
0000000
003cbf4
1fc340c
0000000
0000000
0000000
0000000
1fe377a
001c886
0000000
0000000
0000000
0000000
1fe051a
001fae6
0000000
003458c
1ff1252
1ffdc46
1ffe118
1ff81c0
1fd9890
1fcba74
000edae
00023ba
0007e40
0001ee8
0026770
0000000
0000000
0000000
1fdba30
00245d0
0000000
0000000
0000000
0000000
1fe5268
001ad98
0000000
0000000
0000000
0000000
1ff9768
0006898
0000000
0000000
0000000
0000000
0014908
1feb6f8
0000000
00002b0
0016155
000254d
0005493
1ff7d33
1ff2548
1fffd50
1fe9eab
1ffdab3
00082cd
1ffab6d
000dab8
0000000
0000000
0000000
1feb3e0
0014c20
0000000
0000000
0000000
0000000
00193c8
1fe6c38
0000000
0000000
0000000
0000000
1ffbd58
00042a8
0000000
0000000
0000000
0000000
1fe424e
001bdb2
0000000
1fed128
1ff7dbd
1ffffe3
1feb777
1fe8d51
00006f0
0012ed8
0008243
000001d
00172af
0014889
1fff910
0000000
0000000
0000000
1ff1474
000eb8c
0000000
0000000
0000000
0000000
002d264
1fd2d9c
0000000
0000000
0000000
0000000
00080fa
1ff7f06
0000000
0000000
0000000
0000000
1fe6832
00197ce
0000000
1fff274
00219b2
000eaf6
1ffa3c4
1ff4464
1fa7c9c
0000d8c
1fde64e
1ff150a
000bb9c
0005c3c
0058364
0000000
0000000
0000000
1fc305c
003cfa4
0000000
0000000
0000000
0000000
000a770
1ff5890
0000000
0000000
0000000
0000000
1ffddba
0002246
0000000
0000000
0000000
0000000
1ffe21a
0001de6
0000000
000303c
1ff9346
000fefe
1febf16
0005ebe
0012eb0
1ffcfc4
0006cba
1ff0102
1ffa142
00140ea
1fed150
0000000
0000000
0000000
1ff1260
000eda0
0000000
0000000
0000000
0000000
1ff04bc
000fb44
0000000
0000000
0000000
0000000
1fea53f
0015ac1
0000000
0000000
0000000
0000000
1fe4b79
001b487
0000000
0015c10
1fff6e6
1fec4e0
1ff2aaf
000f7b3
1feb5f4
1fea3f0
000091a
0013b20
1ff084d
000d551
0014a0c
0000000
0000000
0000000
000d158
1ff2ea8
0000000
0000000
0000000
0000000
1fea3ec
0015c14
0000000
0000000
0000000
0000000
0000884
1fff77c
0000000
0000000
0000000
0000000
1ff58b8
000a748
0000000
0017b70
1ffbe9c
1ffd814
0004fc4
1fee10c
1fdee80
1fe8490
0004164
00027ec
0011ef4
1ffb03c
0021180
0000000
0000000
0000000
1fe2178
001de88
0000000
0000000
0000000
0000000
1fc6094
0039f6c
0000000
0000000
0000000
0000000
0006daf
1ff9251
0000000
0000000
0000000
0000000
1ff731d
0008ce3
0000000
1ff4518
1ff384e
1fee938
1ff6773
1ffb107
0008a34
000bae8
000c7b2
00116c8
0004ef9
000988d
1ff75cc
0000000
0000000
0000000
1fd1bf8
002e408
0000000
0000000
0000000
0000000
1ff7ea4
000815c
0000000
0000000
0000000
0000000
1ff5bdc
000a424
0000000
0000000
0000000
0000000
00114e2
1feeb1e
0000000
1fee620
002228b
0003bb9
0003f29
1ff8e67
1fea01c
00119e0
1fddd75
1ffc447
0007199
1ffc0d7
0015fe4
0000000
0000000
0000000
00094e0
1ff6b20
0000000
0000000
0000000
0000000
1fe0f64
001f09c
0000000
0000000
0000000
0000000
0015a91
1fea56f
0000000
0000000
0000000
0000000
000be2b
1ff41d5
0000000
1ffe1a0
0003cfb
1ffaff5
0022246
1ff515e
0002978
0001e60
1ffc305
000500b
000aea2
1fdddba
1ffd688
0000000
0000000
0000000
0015464
1feab9c
0000000
0000000
0000000
0000000
000726c
1ff8d94
0000000
0000000
0000000
0000000
1fee571
0011a8f
0000000
0000000
0000000
0000000
000507b
1ffaf85
0000000
1fceb88
000822b
0007eb9
0016f30
1ffc574
00075ac
0031478
1ff7dd5
1ff8147
0003a8c
1fe90d0
1ff8a54
0000000
0000000
0000000
1fec37c
0013c84
0000000
0000000
0000000
0000000
1fff790
0000870
0000000
0000000
0000000
0000000
1fdf76c
0020894
0000000
0000000
0000000
0000000
1febe68
0014198
0000000
1ffcfd0
0002d0c
1ff5284
1ff2c7e
0002136
00281fc
0003030
1ffd2f4
000ad7c
1ffdeca
000d382
1fd7e04
0000000
0000000
0000000
002e8a0
1fd1760
0000000
0000000
0000000
0000000
1fe9cf4
001630c
0000000
0000000
0000000
0000000
0002cef
1ffd311
0000000
0000000
0000000
0000000
1ff08a7
000f759
0000000
0031204
1fee6ea
1fff042
0002a81
1ffc317
1fe5e88
1fcedfc
0011916
0000fbe
0003ce9
1ffd57f
001a178
0000000
0000000
0000000
001afe4
1fe501c
0000000
0000000
0000000
0000000
00048d4
1ffb72c
0000000
0000000
0000000
0000000
0014a71
1feb58f
0000000
0000000
0000000
0000000
1ff3b2b
000c4d5
0000000
1fdde04
0011f09
0003287
1ff6cf6
1fea0e6
1ff3350
00221fc
1fee0f7
1ffcd79
0015f1a
000930a
000ccb0
0000000
0000000
0000000
1ffa830
00057d0
0000000
0000000
0000000
0000000
1fec384
0013c7c
0000000
0000000
0000000
0000000
1ff6edc
0009124
0000000
0000000
0000000
0000000
1fd9726
00268da
0000000
0035fd4
1ffad82
000c960
0008758
1ff1c42
0019d94
1fca02c
000527e
1ff36a0
000e3be
1ff78a8
1fe626c
0000000
0000000
0000000
1fe1fb8
001e048
0000000
0000000
0000000
0000000
1fe61e0
0019e20
0000000
0000000
0000000
0000000
1ffb1f9
0004e07
0000000
0000000
0000000
0000000
0000f37
1fff0c9
0000000
00044b4
1ffa95c
0016fae
000bb91
1fde6c5
1ff65dc
1ffbb4c
00056a4
1fe9052
002193b
1ff446f
0009a24
0000000
0000000
0000000
0010744
1fef8bc
0000000
0000000
0000000
0000000
1ff77e4
000881c
0000000
0000000
0000000
0000000
1ff4b8c
000b474
0000000
0000000
0000000
0000000
001448e
1febb72
0000000
003abfc
1fdabfc
1ffffda
1fcef9a
1ff96d8
0014ae0
1fc5404
0025404
0000026
0006928
0031066
1feb520
0000000
0000000
0000000
001cd40
1fe32c0
0000000
0000000
0000000
0000000
1fe3844
001c7bc
0000000
0000000
0000000
0000000
1fe8d46
00172ba
0000000
0000000
0000000
0000000
0012604
1fed9fc
0000000
001de54
1feb65a
1fef674
1ff1c46
00020ec
0003578
1fe21ac
00149a6
001098c
1ffdf14
000e3ba
1ffca88
0000000
0000000
0000000
0021e64
1fde19c
0000000
0000000
0000000
0000000
1ff00f0
000ff10
0000000
0000000
0000000
0000000
0019681
1fe697f
0000000
0000000
0000000
0000000
000ff75
1ff008b
0000000
0021ba0
1ff67d4
00088dc
1fff8cd
1fecf9f
00072a0
1fde460
000982c
1ff7724
0013061
0000733
1ff8d60
0000000
0000000
0000000
1fe8454
0017bac
0000000
0000000
0000000
0000000
0018608
1fe79f8
0000000
0000000
0000000
0000000
1fecee9
0013117
0000000
0000000
0000000
0000000
1fc954d
0036ab3
0000000
1ffbfa0
1ffac35
1fee2a1
000e358
1ff2e62
0010558
0004060
00053cb
0011d5f
000d19e
1ff1ca8
1fefaa8
0000000
0000000
0000000
000a874
1ff578c
0000000
0000000
0000000
0000000
1ff3228
000cdd8
0000000
0000000
0000000
0000000
1ff17c6
000e83a
0000000
0000000
0000000
0000000
1fed092
0012f6e
0000000
000e404
0012564
0022878
0007490
00075c4
000474c
1ff1bfc
1feda9c
1fdd788
1ff8a3c
1ff8b70
1ffb8b4
0000000
0000000
0000000
0015a50
1fea5b0
0000000
0000000
0000000
0000000
1ff8ac8
0007538
0000000
0000000
0000000
0000000
00052c1
1ffad3f
0000000
0000000
0000000
0000000
1ff12e3
000ed1d
0000000
1fcb3fc
001e374
0001e42
1fee9f3
0012913
000d804
0034c04
1fe1c8c
1ffe1be
1fed6ed
001160d
1ff27fc
0000000
0000000
0000000
1fd8154
0027eac
0000000
0000000
0000000
0000000
0013368
1fecc98
0000000
0000000
0000000
0000000
1ff1923
000e6dd
0000000
0000000
0000000
0000000
1ff3739
000c8c7
0000000
1fdb070
00139bd
0018eab
1fff35e
1ffa55e
0000ea4
0024f90
1fec643
1fe7155
0005aa2
0000ca2
1fff15c
0000000
0000000
0000000
1fedf7c
0012084
0000000
0000000
0000000
0000000
1fe47b4
001b84c
0000000
0000000
0000000
0000000
00018bb
1ffe745
0000000
0000000
0000000
0000000
1fe4ac1
001b53f
0000000
1ff8778
00006ca
0011024
1ffaf07
1ff481f
1fecd34
0007888
1fff936
1feefdc
000b7e1
00050f9
00132cc
0000000
0000000
0000000
1fed938
00126c8
0000000
0000000
0000000
0000000
000b3a4
1ff4c5c
0000000
0000000
0000000
0000000
0003f21
1ffc0df
0000000
0000000
0000000
0000000
000bdbd
1ff4243
0000000
1fec400
0018222
1ff5222
1ff6a75
000a97f
1ff556c
0013c00
1fe7dde
000adde
1ff5681
000958b
000aa94
0000000
0000000
0000000
0003bd4
1ffc42c
0000000
0000000
0000000
0000000
0008d30
1ff72d0
0000000
0000000
0000000
0000000
1ff5764
000a89c
0000000
0000000
0000000
0000000
1ffc812
00037ee
0000000
1ffb770
1ff672a
1fff910
1fef744
000d516
001057c
0004890
00098d6
00006f0
1ff2aea
00108bc
1fefa84
0000000
0000000
0000000
1fe7228
0018dd8
0000000
0000000
0000000
0000000
1fe847c
0017b84
0000000
0000000
0000000
0000000
001dca6
1fe235a
0000000
0000000
0000000
0000000
0004dfa
1ffb206
0000000
1fec110
001be09
0000569
1feea01
000d12d
1fff168
0013ef0
1fe41f7
1fffa97
1ff2ed3
00115ff
0000e98
0000000
0000000
0000000
0029fd8
1fd6028
0000000
0000000
0000000
0000000
1fee40c
0011bf4
0000000
0000000
0000000
0000000
0001d35
1ffe2cb
0000000
0000000
0000000
0000000
1ffb9f3
000460d
0000000
0006998
1ffe3fd
1ffb09b
1ff72b6
1fe9212
0013ec4
1ff9668
0001c03
0004f65
0016dee
0008d4a
1fec13c
0000000
0000000
0000000
0024694
1fdb96c
0000000
0000000
0000000
0000000
0000500
1fffb00
0000000
0000000
0000000
0000000
1fec472
0013b8e
0000000
0000000
0000000
0000000
000a6e0
1ff5920
0000000
1ff9bd8
0003128
1fee6be
0019db2
0007a10
002349c
0006428
1ffced8
0011942
1ff85f0
1fe624e
1fdcb64
0000000
0000000
0000000
00086e4
1ff791c
0000000
0000000
0000000
0000000
00078d0
1ff8730
0000000
0000000
0000000
0000000
001e832
1fe17ce
0000000
0000000
0000000
0000000
1ff6cf2
000930e
0000000
1fe6834
0010998
0006e18
000520c
000604c
0008e94
00197cc
1fef668
1ff91e8
1ff9fb4
1ffadf4
1ff716c
0000000
0000000
0000000
1fe8b24
00174dc
0000000
0000000
0000000
0000000
000e524
1ff1adc
0000000
0000000
0000000
0000000
1ffda4a
00025b6
0000000
0000000
0000000
0000000
00151cc
1feae34
0000000
0006528
1fe9df8
1fe654e
000be94
000626e
1fee564
1ff9ad8
0016208
0019ab2
1ff9d92
1ff416c
0011a9c
0000000
0000000
0000000
1fe8d90
0017270
0000000
0000000
0000000
0000000
1fcf564
0030a9c
0000000
0000000
0000000
0000000
0005437
1ffabc9
0000000
0000000
0000000
0000000
000f1f1
1ff0e0f
0000000
000c300
001bdc8
0001a96
0000bcf
1ffbbbf
1fc4958
1ff3d00
1fe4238
1ffe56a
0004441
1fff431
003b6a8
0000000
0000000
0000000
1ffabb4
000544c
0000000
0000000
0000000
0000000
1ff15a8
000ea58
0000000
0000000
0000000
0000000
1fecbce
0013432
0000000
0000000
0000000
0000000
000ff0a
1ff00f6
0000000
00082f0
0006034
1ff0924
000700a
1ff2992
00167f4
1ff7d10
1ff9fcc
000f6dc
000d66e
1ff8ff6
1fe980c
0000000
0000000
0000000
000dc58
1ff23a8
0000000
0000000
0000000
0000000
001f6c8
1fe0938
0000000
0000000
0000000
0000000
0003722
1ffc8de
0000000
0000000
0000000
0000000
1ff4dc8
000b238
0000000
1ff9388
1ffdb4c
1ff2cd2
1ff9278
001948e
001d55c
0006c78
00024b4
000d32e
1fe6b72
0006d88
1fe2aa4
0000000
0000000
0000000
1ffc420
0003be0
0000000
0000000
0000000
0000000
1ff25a8
000da58
0000000
0000000
0000000
0000000
001199a
1fee666
0000000
0000000
0000000
0000000
1ff1f42
000e0be
0000000
0017b2c
1ff75b8
1ff5928
1ff1718
00159b4
000f3e0
1fe84d4
0008a48
000a6d8
1fea64c
000e8e8
1ff0c20
0000000
0000000
0000000
1ff62fc
0009d04
0000000
0000000
0000000
0000000
1ff4380
000bc80
0000000
0000000
0000000
0000000
0002a94
1ffd56c
0000000
0000000
0000000
0000000
0008730
1ff78d0
0000000
0020950
1ff1bbc
0004740
000e314
1ff68d0
1fc808c
1fdf6b0
000e444
1ffb8c0
0009730
1ff1cec
0037f74
0000000
0000000
0000000
000f28c
1ff0d74
0000000
0000000
0000000
0000000
00030b4
1ffcf4c
0000000
0000000
0000000
0000000
0002255
1ffddab
0000000
0000000
0000000
0000000
1ff0275
000fd8b
0000000
1ff8fd0
002069b
1fe8223
0015e6e
0005038
1fe3cdc
0007030
1fdf965
0017ddd
1ffafc8
1fea192
001c324
0000000
0000000
0000000
1ff8b90
0007470
0000000
0000000
0000000
0000000
1ff5e98
000a168
0000000
0000000
0000000
0000000
0018de7
1fe7219
0000000
0000000
0000000
0000000
1ffe48f
0001b71
0000000
1ffb8b0
1ff4072
0012932
1ffeeb3
000df19
000157c
0004750
000bf8e
1fed6ce
1ff20e7
000114d
1ffea84
0000000
0000000
0000000
0037560
1fc8aa0
0000000
0000000
0000000
0000000
1fe8834
00177cc
0000000
0000000
0000000
0000000
00166f0
1fe9910
0000000
0000000
0000000
0000000
1ff743a
0008bc6
0000000
002a6cc
001ae3d
1ffb7e3
1feafcb
1fdf569
1fd9454
1fd5934
1fe51c3
000481d
0020a97
0015035
0026bac
0000000
0000000
0000000
1ffa858
00057a8
0000000
0000000
0000000
0000000
1fff6e4
000091c
0000000
0000000
0000000
0000000
1ff8ba5
000745b
0000000
0000000
0000000
0000000
1ff2c89
000d377
0000000
000e9d0
1ff121d
0003759
1fe5e3a
000766c
000454c
1ff1630
000ede3
1ffc8a7
1ff8994
001a1c6
1ffbab4
0000000
0000000
0000000
0019a24
1fe65dc
0000000
0000000
0000000
0000000
1fe5498
001ab68
0000000
0000000
0000000
0000000
0006ba2
1ff945e
0000000
0000000
0000000
0000000
1fefe8c
0010174
0000000
0019710
0013e5b
1ffa85d
001c3cd
1ffd9a3
1ff79dc
1fe68f0
1fec1a5
00057a3
000265d
1fe3c33
0008624
0000000
0000000
0000000
1fec73c
00138c4
0000000
0000000
0000000
0000000
1fff2f8
0000d08
0000000
0000000
0000000
0000000
0003293
1ffcd6d
0000000
0000000
0000000
0000000
00091f9
1ff6e07
0000000
000c264
1fe2a65
0008a63
1ffa12e
1ffa566
00346a8
1ff3d9c
001d59b
1ff759d
0005a9a
0005ed2
1fcb958
0000000
0000000
0000000
1fdf93c
00206c4
0000000
0000000
0000000
0000000
0001908
1ffe6f8
0000000
0000000
0000000
0000000
1ffe79a
0001866
0000000
0000000
0000000
0000000
1ffdc4e
00023b2
0000000
0012e78
001af2b
1fffe5b
1fe9dc1
1ffcad9
0015f48
1fed188
1fe50d5
00001a5
0003527
001623f
1fea0b8
0000000
0000000
0000000
0016690
1fe9970
0000000
0000000
0000000
0000000
1fd8d54
00272ac
0000000
0000000
0000000
0000000
000b2d0
1ff4d30
0000000
0000000
0000000
0000000
1ffaab2
000554e
0000000
1ff21f8
1ff1177
0013d2d
00166ad
1ffb8cb
1fe64fc
000de08
000ee89
1fec2d3
0004735
1fe9953
0019b04
0000000
0000000
0000000
1ff69fc
0009604
0000000
0000000
0000000
0000000
1fea85c
00157a4
0000000
0000000
0000000
0000000
000ee19
1ff11e7
0000000
0000000
0000000
0000000
000255d
1ffdaa3
0000000
0005b6c
000a56a
1ff367e
0000b51
00051c7
000aa88
1ffa494
1ff5a96
000c982
1ffae39
1fff4af
1ff5578
0000000
0000000
0000000
001f2d8
1fe0d28
0000000
0000000
0000000
0000000
002901c
1fd6fe4
0000000
0000000
0000000
0000000
1ffe1a9
0001e57
0000000
0000000
0000000
0000000
0003899
1ffc767
0000000
1fe48f0
000e85e
1fff98e
0002b35
00101d3
00108f8
001b710
1ff17a2
0000672
1fefe2d
1ffd4cb
1fef708
0000000
0000000
0000000
0000c88
1fff378
0000000
0000000
0000000
0000000
1fe0050
001ffb0
0000000
0000000
0000000
0000000
000df79
1ff2087
0000000
0000000
0000000
0000000
1fffac9
0000537
0000000
1fd2904
00072e5
002cec5
000ad9e
1ffee78
0018674
002d6fc
1ff8d1b
1fd313b
0001188
1ff5262
1fe798c
0000000
0000000
0000000
1fe6bf4
001940c
0000000
0000000
0000000
0000000
0034108
1fcbef8
0000000
0000000
0000000
0000000
1ffcc28
00033d8
0000000
0000000
0000000
0000000
1ff77f2
000880e
0000000
1fe42dc
0019fd3
1ff58fd
1fd8ad5
0031aa3
1fdc308
001bd24
1fe602d
000a703
1fce55d
002752b
0023cf8
0000000
0000000
0000000
1fec034
0013fcc
0000000
0000000
0000000
0000000
1ffa4e8
0005b18
0000000
0000000
0000000
0000000
000b077
1ff4f89
0000000
0000000
0000000
0000000
0002783
1ffd87d
0000000
1fffa9c
0001ee7
0002167
1ff296a
001d1c0
0008da0
0000564
1ffe119
1ffde99
1fe2e40
000d696
1ff7260
0000000
0000000
0000000
00188d0
1fe7730
0000000
0000000
0000000
0000000
00203d4
1fdfc2c
0000000
0000000
0000000
0000000
1fe1fcb
001e035
0000000
0000000
0000000
0000000
1fe7e63
001819d
0000000
1ff6fec
0004ab2
0012a86
1febbfd
0018d3b
1ff5790
0009014
1ffb54e
1fed57a
1fe72c5
0014403
000a870
0000000
0000000
0000000
1fe6cf4
001930c
0000000
0000000
0000000
0000000
0002c40
1ffd3c0
0000000
0000000
0000000
0000000
0001c1a
1ffe3e6
0000000
0000000
0000000
0000000
1ff48cc
000b734
0000000
0018f20
000ae92
1ff4e04
1ff293e
000e760
001435c
1fe70e0
1ff516e
000b1fc
1ff18a0
000d6c2
1febca4
0000000
0000000
0000000
1ff4204
000bdfc
0000000
0000000
0000000
0000000
0008f94
1ff706c
0000000
0000000
0000000
0000000
1ff2260
000dda0
0000000
0000000
0000000
0000000
1ffcd7c
0003284
0000000
000eb5c
1ff3e39
0018185
1fdf5db
000493f
0015d38
1ff14a4
000c1c7
1fe7e7b
1ffb6c1
0020a25
1fea2c8
0000000
0000000
0000000
1fd59c0
002a640
0000000
0000000
0000000
0000000
1feb9a0
0014660
0000000
0000000
0000000
0000000
00052c6
1ffad3a
0000000
0000000
0000000
0000000
00113f6
1feec0a
0000000
1fe3fe4
0000ad2
1ff0b6e
001fcc0
1fe9720
1febaac
001c01c
1fff52e
000f492
00168e0
1fe0340
0014554
0000000
0000000
0000000
1ff9a64
000659c
0000000
0000000
0000000
0000000
0009f38
1ff60c8
0000000
0000000
0000000
0000000
000e9a2
1ff165e
0000000
0000000
0000000
0000000
1ff743a
0008bc6
0000000
00160a4
1ff821b
000660b
1ff12e5
1ff823d
001f924
1fe9f5c
0007de5
1ff99f5
0007dc3
000ed1b
1fe06dc
0000000
0000000
0000000
1fd1ea0
002e160
0000000
0000000
0000000
0000000
1fb5db0
004a250
0000000
0000000
0000000
0000000
00275cb
1fd8a35
0000000
0000000
0000000
0000000
1ff60c1
0009f3f
0000000
1ff87d8
1fe79ed
000b7f7
1ff7976
1ff9716
001666c
0007828
0018613
1ff4809
00068ea
000868a
1fe9994
0000000
0000000
0000000
1fff744
00008bc
0000000
0000000
0000000
0000000
1ff6888
0009778
0000000
0000000
0000000
0000000
1ffeef4
000110c
0000000
0000000
0000000
0000000
0004cc2
1ffb33e
0000000
1fe60e8
002c5ef
000bbdd
0003e69
1fe9aaf
000a264
0019f18
1fd3a11
1ff4423
0016551
1ffc197
1ff5d9c
0000000
0000000
0000000
1ff9e50
00061b0
0000000
0000000
0000000
0000000
1fd71fc
0028e04
0000000
0000000
0000000
0000000
000e2f0
1ff1d10
0000000
0000000
0000000
0000000
000514a
1ffaeb6
0000000
00149cc
1fe8cca
000aa4c
001c8ac
1ff2ea2
002e514
1feb634
0017336
1ff55b4
000d15e
1fe3754
1fd1aec
0000000
0000000
0000000
1fdc110
0023ef0
0000000
0000000
0000000
0000000
0001eb0
1ffe150
0000000
0000000
0000000
0000000
1ff3a72
000c58e
0000000
0000000
0000000
0000000
1ff8ca2
000735e
0000000
1fea9f4
0000363
000423b
001a047
1ff6abf
1fe5894
001560c
1fffc9d
1ffbdc5
0009541
1fe5fb9
001a76c
0000000
0000000
0000000
1ff95e4
0006a1c
0000000
0000000
0000000
0000000
1fed898
0012768
0000000
0000000
0000000
0000000
1ff3ead
000c153
0000000
0000000
0000000
0000000
0015085
1feaf7b
0000000
000574c
00125c3
1ff15eb
000c248
1ffeaa2
1fdb574
1ffa8b4
1feda3d
000ea15
000155e
1ff3db8
0024a8c
0000000
0000000
0000000
0011300
1feed00
0000000
0000000
0000000
0000000
1ffd5c0
0002a40
0000000
0000000
0000000
0000000
0008ab1
1ff754f
0000000
0000000
0000000
0000000
1ffd4f9
0002b07
0000000
002b2f8
1fe9ffc
001a204
1ff3b35
1ffcc97
0015224
1fd4d08
0016004
1fe5dfc
0003369
000c4cb
1feaddc
0000000
0000000
0000000
1ffc480
0003b80
0000000
0000000
0000000
0000000
1fe97e8
0016818
0000000
0000000
0000000
0000000
000955e
1ff6aa2
0000000
0000000
0000000
0000000
1ff515a
000aea6
0000000
1ff0d84
0024674
0000a48
1ff628e
1fea932
1fe8c74
000f27c
1fdb98c
1fff5b8
00156ce
0009d72
001738c
0000000
0000000
0000000
1ff425c
000bda4
0000000
0000000
0000000
0000000
1fc4138
003bec8
0000000
0000000
0000000
0000000
0009e90
1ff6170
0000000
0000000
0000000
0000000
002255e
1fddaa2
0000000
000cdb8
1ff40ad
1ff7933
00043ad
1ff7a3b
1fff054
1ff3248
000bf53
00086cd
00085c5
1ffbc53
0000fac
0000000
0000000
0000000
000d2ac
1ff2d54
0000000
0000000
0000000
0000000
0003034
1ffcfcc
0000000
0000000
0000000
0000000
0001e35
1ffe1cb
0000000
0000000
0000000
0000000
1fef69b
0010965
0000000
1fe7c98
0003c64
1fef7f2
1feb917
1fec15b
1fc861c
0018368
1ffc39c
001080e
0013ea5
00146e9
00379e4
0000000
0000000
0000000
1fee964
001169c
0000000
0000000
0000000
0000000
1ff66b4
000994c
0000000
0000000
0000000
0000000
1ff2521
000dadf
0000000
0000000
0000000
0000000
0009dff
1ff6201
0000000
000b61c
0005cc0
000e66a
1ffec03
1fc9417
1fdf174
1ff49e4
1ffa340
1ff1996
0036be9
00013fd
0020e8c
0000000
0000000
0000000
0007230
1ff8dd0
0000000
0000000
0000000
0000000
1ff991c
00066e4
0000000
0000000
0000000
0000000
00032c4
1ffcd3c
0000000
0000000
0000000
0000000
1ff977e
0006882
0000000
0015f74
1fe9753
1ffa7bd
00134ab
000ae19
001301c
1fea08c
00168ad
0005843
1ff51e7
1fecb55
1fecfe4
0000000
0000000
0000000
00180fc
1fe7f04
0000000
0000000
0000000
0000000
0052acc
1fad534
0000000
0000000
0000000
0000000
1fd0dd0
002f230
0000000
0000000
0000000
0000000
0000148
1fffeb8
0000000
1fdefcc
0005e64
0003d50
0005aee
001105e
1fedbec
0021034
1ffa19c
1ffc2b0
1feefa2
1ffa512
0012414
0000000
0000000
0000000
00168d8
1fe9728
0000000
0000000
0000000
0000000
1ffff7c
0000084
0000000
0000000
0000000
0000000
1fd71fb
0028e05
0000000
0000000
0000000
0000000
1fe8391
0017c6f
0000000
1fec3b4
1ffc7f2
000a424
000f405
000b991
000f6c8
0013c4c
000380e
1ff5bdc
1ff466f
1ff0bfb
1ff0938
0000000
0000000
0000000
1fda700
0025900
0000000
0000000
0000000
0000000
1ffa628
00059d8
0000000
0000000
0000000
0000000
0001c7c
1ffe384
0000000
0000000
0000000
0000000
1ff7ac2
000853e
0000000
0036e2c
1ff86ac
1ff569a
001043c
1ffeabe
0041050
1fc91d4
0007954
000a966
0001542
1fefbc4
1fbefb0
0000000
0000000
0000000
00229c8
1fdd638
0000000
0000000
0000000
0000000
000ccbc
1ff3344
0000000
0000000
0000000
0000000
000773f
1ff88c1
0000000
0000000
0000000
0000000
1ff7455
0008bab
0000000
0027bec
1ffb219
1ff2ccb
1feb4fc
00025ac
00083e0
1fd8414
0004de7
000d335
1ffda54
0014b04
1ff7c20
0000000
0000000
0000000
1ff909c
0006f64
0000000
0000000
0000000
0000000
1fe8d64
001729c
0000000
0000000
0000000
0000000
0005171
1ffae8f
0000000
0000000
0000000
0000000
000c807
1ff37f9
0000000
00197b0
1ff8ff9
1ff7107
1febab6
1fe9016
1fdf044
1fe6850
0007007
0008ef9
0016fea
001454a
0020fbc
0000000
0000000
0000000
002ab44
1fd54bc
0000000
0000000
0000000
0000000
00219f0
1fde610
0000000
0000000
0000000
0000000
1ffe82a
00017d6
0000000
0000000
0000000
0000000
1fde3e0
0021c20
0000000
0001b48
1ffd77d
002ae17
1fef6b5
1fde41f
1fea404
1ffe4b8
0002883
1fd51e9
0021be1
001094b
0015bfc
0000000
0000000
0000000
0022248
1fdddb8
0000000
0000000
0000000
0000000
1fd548c
002ab74
0000000
0000000
0000000
0000000
1fee2aa
0011d56
0000000
0000000
0000000
0000000
00107ca
1fef836
0000000
1fec714
1ff63de
000191a
1ff5e9c
0003874
00178fc
00138ec
0009c22
1ffe6e6
1ffc78c
000a164
1fe8704
0000000
0000000
0000000
00099e0
1ff6620
0000000
0000000
0000000
0000000
001538c
1feac74
0000000
0000000
0000000
0000000
00205ae
1fdfa52
0000000
0000000
0000000
0000000
1fe560e
001a9f2
0000000
1ffe580
1fffc46
1ff2ee6
1ff5052
0004b5e
1fdcad4
0001a80
00003ba
000d11a
1ffb4a2
000afae
002352c
0000000
0000000
0000000
1ff497c
000b684
0000000
0000000
0000000
0000000
1fec27c
0013d84
0000000
0000000
0000000
0000000
1ffe3b2
0001c4e
0000000
0000000
0000000
0000000
00039e4
1ffc61c
0000000
1fe13b4
1ffe438
00083fa
0016304
0010a46
002faec
001ec4c
0001bc8
1ff7c06
1fef5ba
1fe9cfc
1fd0514
0000000
0000000
0000000
1ff8be4
000741c
0000000
0000000
0000000
0000000
1fe0c10
001f3f0
0000000
0000000
0000000
0000000
001c1c8
1fe3e38
0000000
0000000
0000000
0000000
00145c6
1feba3a
0000000
1fe5cec
0000aef
0008685
1ffeb63
0010ac9
1fe3e48
001a314
1fff511
1ff797b
1fef537
000149d
001c1b8
0000000
0000000
0000000
0015140
1feaec0
0000000
0000000
0000000
0000000
0011a24
1fee5dc
0000000
0000000
0000000
0000000
1fef1f8
0010e08
0000000
0000000
0000000
0000000
001be9a
1fe4166
0000000
1ff88bc
00042ac
000faa6
1fe8b6a
1fec6ac
0030788
0007744
1ffbd54
1ff055a
0013954
0017496
1fcf878
0000000
0000000
0000000
0004e0c
1ffb1f4
0000000
0000000
0000000
0000000
1fff72c
00008d4
0000000
0000000
0000000
0000000
1ffd71d
00028e3
0000000
0000000
0000000
0000000
0005755
1ffa8ab
0000000
1feadfc
1fe4b8a
1ffab3a
0025d1d
0003173
1fdd868
0015204
001b476
00054c6
1ffce8d
1fda2e3
0022798
0000000
0000000
0000000
1ffb054
0004fac
0000000
0000000
0000000
0000000
00034cc
1ffcb34
0000000
0000000
0000000
0000000
1feb360
0014ca0
0000000
0000000
0000000
0000000
1ff7148
0008eb8
0000000
0009aa0
0009f37
0005ce7
1ffe4af
001a9e3
000039c
1ff6560
1ff60c9
1ffa319
1fe561d
0001b51
1fffc64
0000000
0000000
0000000
002fc78
1fd0388
0000000
0000000
0000000
0000000
1ffe0bc
0001f44
0000000
0000000
0000000
0000000
1ff2a15
000d5eb
0000000
0000000
0000000
0000000
1ffaba3
000545d
0000000
1ffe544
1ffe079
1fefcbf
0004b54
0002470
1ff63d8
0001abc
0001f87
0010341
1ffdb90
1ffb4ac
0009c28
0000000
0000000
0000000
002a378
1fd5c88
0000000
0000000
0000000
0000000
000ea70
1ff1590
0000000
0000000
0000000
0000000
1ff7671
000898f
0000000
0000000
0000000
0000000
1fe7b2b
00184d5
0000000
1fe41d4
1ffe1ca
0013984
0006a49
1ff148d
00091a0
001be2c
0001e36
1fec67c
000eb73
1ff95b7
1ff6e60
0000000
0000000
0000000
1ff084c
000f7b4
0000000
0000000
0000000
0000000
1ffaa40
00055c0
0000000
0000000
0000000
0000000
0015029
1feafd7
0000000
0000000
0000000
0000000
1ff42f1
000bd0f
0000000
0012280
000c41f
00050c7
0014d2e
1ff4454
1feb708
1fedd80
1ff3be1
1ffaf39
000bbac
1feb2d2
00148f8
0000000
0000000
0000000
1fd5be4
002a41c
0000000
0000000
0000000
0000000
001bfa8
1fe4058
0000000
0000000
0000000
0000000
1fe751f
0018ae1
0000000
0000000
0000000
0000000
1fea78d
0015873
0000000
1ffb488
1ffad93
0008971
1ff95aa
1ff4de2
1ff48c0
0004b78
000526d
1ff768f
000b21e
0006a56
000b740
0000000
0000000
0000000
002226c
1fddd94
0000000
0000000
0000000
0000000
1ff8a7c
0007584
0000000
0000000
0000000
0000000
0023ce4
1fdc31c
0000000
0000000
0000000
0000000
1fe0a08
001f5f8
0000000
0019b80
1ff4ab5
1feb581
1ff7833
001401b
1ff77f8
1fe6480
000b54b
0014a7f
1febfe5
00087cd
0008808
0000000
0000000
0000000
1fde568
0021a98
0000000
0000000
0000000
0000000
0033ecc
1fcc134
0000000
0000000
0000000
0000000
000579a
1ffa866
0000000
0000000
0000000
0000000
1ff40a6
000bf5a
0000000
1fe7810
001983c
000b5bc
1ff01a8
0013b88
0006188
00187f0
1fe67c4
1ff4a44
1fec478
000fe58
1ff9e78
0000000
0000000
0000000
1ff7d94
000826c
0000000
0000000
0000000
0000000
0020e74
1fdf18c
0000000
0000000
0000000
0000000
1ff4e9d
000b163
0000000
0000000
0000000
0000000
1ffefa1
000105f
0000000
000a0e0
000be66
0014bb2
000eb7b
1ff3a8d
001dde0
1ff5f20
1ff419a
1feb44e
000c573
1ff1485
1fe2220
0000000
0000000
0000000
1fe6348
0019cb8
0000000
0000000
0000000
0000000
1fd5524
002aadc
0000000
0000000
0000000
0000000
1fecbd4
001342c
0000000
0000000
0000000
0000000
000769e
1ff8962
0000000
00044e8
1ffab59
0005ad7
0012227
1fdf6fd
1fe4e68
1ffbb18
00054a7
1ffa529
0020903
1feddd9
001b198
0000000
0000000
0000000
000c098
1ff3f68
0000000
0000000
0000000
0000000
1ff6560
0009aa0
0000000
0000000
0000000
0000000
00075be
1ff8a42
0000000
0000000
0000000
0000000
1fefde0
0010220
0000000
1ffa6e8
00123f2
000931c
0001d2e
1fd7c6c
1ff49b0
0005918
1fedc0e
1ff6ce4
0028394
1ffe2d2
000b650
0000000
0000000
0000000
1fdad78
0025288
0000000
0000000
0000000
0000000
00255d4
1fdaa2c
0000000
0000000
0000000
0000000
1ffc598
0003a68
0000000
0000000
0000000
0000000
1fe9524
0016adc
0000000
0020b48
0002434
0001b44
1ff7d30
0015984
1fdc6f4
1fdf4b8
1ffdbcc
1ffe4bc
1fea67c
00082d0
002390c
0000000
0000000
0000000
0007a90
1ff8570
0000000
0000000
0000000
0000000
00041cc
1ffbe34
0000000
0000000
0000000
0000000
0003622
1ffc9de
0000000
0000000
0000000
0000000
1fe54ea
001ab16
0000000
000e314
0013a61
000f009
1ff4b9b
1ff0c87
000cfdc
1ff1cec
1fec59f
1ff0ff7
000f379
000b465
1ff3024
0000000
0000000
0000000
1ff3af0
000c510
0000000
0000000
0000000
0000000
1fe729c
0018d64
0000000
0000000
0000000
0000000
001024d
1fefdb3
0000000
0000000
0000000
0000000
1ffd879
0002787
0000000
1ff3c40
0007a90
001b044
000f1bf
000f47d
001b56c
000c3c0
1ff8570
1fe4fbc
1ff0b83
1ff0e41
1fe4a94
0000000
0000000
0000000
0016fdc
1fe9024
0000000
0000000
0000000
0000000
0011f48
1fee0b8
0000000
0000000
0000000
0000000
00108d1
1fef72f
0000000
0000000
0000000
0000000
0012f23
1fed0dd
0000000
000b5bc
1fed100
0006cce
001b2ab
000acb7
000a954
1ff4a44
0012f00
1ff9332
1ff5349
1fe4d55
1ff56ac
0000000
0000000
0000000
1fe95d0
0016a30
0000000
0000000
0000000
0000000
000f1c8
1ff0e38
0000000
0000000
0000000
0000000
1fed3be
0012c42
0000000
0000000
0000000
0000000
1feb9d0
0014630
0000000
000c9c0
1ff2cbb
1ffcc41
000c577
0002e11
1fd6208
1ff3640
000d345
00033bf
1ffd1ef
1ff3a89
0029df8
0000000
0000000
0000000
1fe34f4
001cb0c
0000000
0000000
0000000
0000000
001361c
1fec9e4
0000000
0000000
0000000
0000000
1ff4e54
000b1ac
0000000
0000000
0000000
0000000
1ff2930
000d6d0
0000000
0012224
000afe7
1ffeaa3
000a26d
001146d
0012a54
1fedddc
1ff5019
000155d
1feeb93
1ff5d93
1fed5ac
0000000
0000000
0000000
00109ec
1fef614
0000000
0000000
0000000
0000000
1febea8
0014158
0000000
0000000
0000000
0000000
1ffd9ae
0002652
0000000
0000000
0000000
0000000
001297e
1fed682
0000000
000f60c
1ff976e
000582e
000ed40
1fe0298
1fef584
1ff09f4
0006892
1ffa7d2
001fd68
1ff12c0
0010a7c
0000000
0000000
0000000
001edc4
1fe123c
0000000
0000000
0000000
0000000
002d75c
1fd28a4
0000000
0000000
0000000
0000000
1ffd3c0
0002c40
0000000
0000000
0000000
0000000
1feaec6
001513a
0000000
1ff7cb0
0006c9b
0004e69
1fec1ad
1fffc87
000f870
0008350
1ff9365
1ffb197
0000379
0013e53
1ff0790
0000000
0000000
0000000
0010104
1fefefc
0000000
0000000
0000000
0000000
000f088
1ff0f78
0000000
0000000
0000000
0000000
000dabd
1ff2543
0000000
0000000
0000000
0000000
0007a99
1ff8567
0000000
001c420
1feafc6
1ffa542
000be13
0003d19
0021b40
1fe3be0
001503a
0005abe
1ffc2e7
1ff41ed
1fde4c0
0000000
0000000
0000000
1ff82fc
0007d04
0000000
0000000
0000000
0000000
000b830
1ff47d0
0000000
0000000
0000000
0000000
0010382
1fefc7e
0000000
0000000
0000000
0000000
1ff3ba8
000c458
0000000
0020dd0
1fe276a
000a68c
1ff1cc0
0013486
0009f64
1fdf230
001d896
1ff5974
1fecb7a
000e340
1ff609c
0000000
0000000
0000000
1fe58f0
001a710
0000000
0000000
0000000
0000000
00067f0
1ff9810
0000000
0000000
0000000
0000000
00050e1
1ffaf1f
0000000
0000000
0000000
0000000
1fe1bc7
001e439
0000000
1fe2584
1ff960c
1ffee46
1ff823f
000e34f
001db2c
001da7c
00069f4
00011ba
1ff1cb1
0007dc1
1fe24d4
0000000
0000000
0000000
001afd4
1fe502c
0000000
0000000
0000000
0000000
1fd9adc
0026524
0000000
0000000
0000000
0000000
001221d
1fedde3
0000000
0000000
0000000
0000000
1ff7781
000887f
0000000
0009b08
0002f99
00047a9
000ce22
1ffc81c
0018a84
1ff64f8
1ffd067
1ffb857
00037e4
1ff31de
1fe757c
0000000
0000000
0000000
1fd88f0
0027710
0000000
0000000
0000000
0000000
0013288
1fecd78
0000000
0000000
0000000
0000000
1fe7b52
00184ae
0000000
0000000
0000000
0000000
00101f0
1fefe10
0000000
002f198
000c14f
1fec831
1fe4cf9
1fe780b
0002f54
1fd0e68
1ff3eb1
00137cf
00187f5
001b307
1ffd0ac
0000000
0000000
0000000
000e638
1ff19c8
0000000
0000000
0000000
0000000
1fd7d98
0028268
0000000
0000000
0000000
0000000
0013f9d
1fec063
0000000
0000000
0000000
0000000
00003e5
1fffc1b
0000000
1fc843c
001ad4d
1fefc0d
0017c20
1fe15b2
1fcbb50
0037bc4
1fe52b3
00103f3
001ea4e
1fe83e0
00344b0
0000000
0000000
0000000
1fd6d44
00292bc
0000000
0000000
0000000
0000000
1ff9b0c
00064f4
0000000
0000000
0000000
0000000
1ffe2d8
0001d28
0000000
0000000
0000000
0000000
1fff69e
0000962
0000000
0032018
1fe07b9
1ff396b
1fff4fd
1fff2cb
1fe2fb8
1fcdfe8
001f847
000c695
0000d35
0000b03
001d048
0000000
0000000
0000000
1fd8a30
00275d0
0000000
0000000
0000000
0000000
00257b4
1fda84c
0000000
0000000
0000000
0000000
1febc8a
0014376
0000000
0000000
0000000
0000000
1fff2ec
0000d14
0000000
1fd1f64
001a295
0005f1b
1ff73e3
00015c9
0014968
002e09c
1fe5d6b
1ffa0e5
1ffea37
0008c1d
1feb698
0000000
0000000
0000000
1ff3cc4
000c33c
0000000
0000000
0000000
0000000
0031580
1fcea80
0000000
0000000
0000000
0000000
1feee04
00111fc
0000000
0000000
0000000
0000000
1ff7e80
0008180
0000000
000b594
1fe173e
000176e
00106cc
1fefae8
0001d78
1ff4a6c
001e8c2
1ffe892
0010518
1fef934
1ffe288
0000000
0000000
0000000
0003ee4
1ffc11c
0000000
0000000
0000000
0000000
0029e70
1fd6190
0000000
0000000
0000000
0000000
1fe98be
0016742
0000000
0000000
0000000
0000000
1ff6c48
00093b8
0000000
001bd78
1fe6113
0006621
0006a31
1ffb1ff
000234c
1fe4288
0019eed
1ff99df
0004e01
1ff95cf
1ffdcb4
0000000
0000000
0000000
0016e54
1fe91ac
0000000
0000000
0000000
0000000
001112c
1feeed4
0000000
0000000
0000000
0000000
1ff03c7
000fc39
0000000
0000000
0000000
0000000
0001737
1ffe8c9
0000000
0024d0c
00039ee
1ffc5aa
0000b9d
1fe23af
1fff844
1fdb2f4
1ffc612
0003a56
001dc51
1fff463
00007bc
0000000
0000000
0000000
000c050
1ff3fb0
0000000
0000000
0000000
0000000
002ee08
1fd11f8
0000000
0000000
0000000
0000000
1fe93d1
0016c2f
0000000
0000000
0000000
0000000
00017b1
1ffe84f
0000000
1ff0624
0007437
0010eeb
0007204
1ff95de
000f3ec
000f9dc
1ff8bc9
1fef115
0006a22
1ff8dfc
1ff0c14
0000000
0000000
0000000
000ee64
1ff119c
0000000
0000000
0000000
0000000
1fd985c
00267a4
0000000
0000000
0000000
0000000
1fe9874
001678c
0000000
0000000
0000000
0000000
0011684
1fee97c
0000000
0004508
0010f55
000b00d
1fe3f85
1ffb6b1
0027204
1ffbaf8
1fef0ab
1ff4ff3
000494f
001c07b
1fd8dfc
0000000
0000000
0000000
002ea0c
1fd15f4
0000000
0000000
0000000
0000000
00116cc
1fee934
0000000
0000000
0000000
0000000
000977b
1ff6885
0000000
0000000
0000000
0000000
1ff495f
000b6a1
0000000
000b13c
1ffc09d
1ff94fd
0019032
0003084
1fe3a20
1ff4ec4
0003f63
0006b03
1ffcf7c
1fe6fce
001c5e0
0000000
0000000
0000000
1ffc020
0003fe0
0000000
0000000
0000000
0000000
0008674
1ff798c
0000000
0000000
0000000
0000000
1fef693
001096d
0000000
0000000
0000000
0000000
1ff20b9
000df47
0000000
00073e4
001baef
1febe8d
1ffba0a
1ff7c36
1ffe70c
1ff8c1c
1fe4511
0014173
00083ca
00045f6
00018f4
0000000
0000000
0000000
0015940
1fea6c0
0000000
0000000
0000000
0000000
001a800
1fe5800
0000000
0000000
0000000
0000000
1fec1db
0013e25
0000000
0000000
0000000
0000000
001cecf
1fe3131
0000000
1fde5b8
0011cb5
1ffdcc5
0022b84
001ab6e
000807c
0021a48
1fee34b
000233b
1fe5492
1fdd47c
1ff7f84
0000000
0000000
0000000
002a4ac
1fd5b54
0000000
0000000
0000000
0000000
000ec18
1ff13e8
0000000
0000000
0000000
0000000
000704b
1ff8fb5
0000000
0000000
0000000
0000000
1fff731
00008cf
0000000
1ff4834
000bb53
0004679
1fece78
1ffa6c8
000949c
000b7cc
1ff44ad
1ffb987
0005938
0013188
1ff6b64
0000000
0000000
0000000
1fdd398
0022c68
0000000
0000000
0000000
0000000
0011bf8
1fee408
0000000
0000000
0000000
0000000
1ff390b
000c6f5
0000000
0000000
0000000
0000000
1ff5fd1
000a02f
0000000
0017290
1ffebac
1ffc7b6
1fe0bc3
0006bcf
1ffc054
1fe8d70
0001454
000384a
1ff9431
001f43d
0003fac
0000000
0000000
0000000
00123d8
1fedc28
0000000
0000000
0000000
0000000
001a86c
1fe5794
0000000
0000000
0000000
0000000
00070fa
1ff8f06
0000000
0000000
0000000
0000000
1ff155a
000eaa6
0000000
000bd6c
1ff1f99
000e035
00068a7
1ff77df
1ffe4a8
1ff4294
000e067
1ff1fcb
0008821
1ff9759
0001b58
0000000
0000000
0000000
00050cc
1ffaf34
0000000
0000000
0000000
0000000
1ff5a7c
000a584
0000000
0000000
0000000
0000000
1ff8ffa
0007006
0000000
0000000
0000000
0000000
00087ec
1ff7814
0000000
0002140
1ffa01b
1fec361
0000531
000828f
0015258
1ffdec0
0005fe5
0013c9f
1ff7d71
1fffacf
1feada8
0000000
0000000
0000000
1ff6a80
0009580
0000000
0000000
0000000
0000000
1fed94c
00126b4
0000000
0000000
0000000
0000000
1ff607f
0009f81
0000000
0000000
0000000
0000000
1fe0cab
001f355
0000000
1ffd614
1fe538f
1ff829b
000f764
1fec9ca
0004064
00029ec
001ac71
0007d65
0013636
1ff089c
1ffbf9c
0000000
0000000
0000000
1fd0ba4
002f45c
0000000
0000000
0000000
0000000
0003604
1ffc9fc
0000000
0000000
0000000
0000000
1ffbaad
0004553
0000000
0000000
0000000
0000000
000fbcb
1ff0435
0000000
1fdeb24
1ff8bcb
1ffe3c1
1fe9164
00216f0
1fcba18
00214dc
0007435
0001c3f
1fde910
0016e9c
00345e8
0000000
0000000
0000000
0019898
1fe6768
0000000
0000000
0000000
0000000
000b458
1ff4ba8
0000000
0000000
0000000
0000000
1fec6d3
001392d
0000000
0000000
0000000
0000000
00056db
1ffa925
0000000
1fe2460
1ffda48
000fe44
1ff3f89
000481f
1ffcf7c
001dba0
00025b8
1ff01bc
1ffb7e1
000c077
0003084
0000000
0000000
0000000
001880c
1fe77f4
0000000
0000000
0000000
0000000
0000b50
1fff4b0
0000000
0000000
0000000
0000000
0005e59
1ffa1a7
0000000
0000000
0000000
0000000
0004fb1
1ffb04f
0000000
000f9b4
0009f28
00022a8
1ff757f
1ff883d
00053ec
1ff064c
1ff60d8
1ffdd58
00077c3
0008a81
1ffac14
0000000
0000000
0000000
0011188
1feee78
0000000
0000000
0000000
0000000
1ff73b4
0008c4c
0000000
0000000
0000000
0000000
0013c91
1fec36f
0000000
0000000
0000000
0000000
1ff887f
0007781
0000000
001917c
1ff771b
0002aed
0015c90
1ffe8a8
000747c
1fe6e84
00088e5
1ffd513
0001758
1fea370
1ff8b84
0000000
0000000
0000000
000a968
1ff5698
0000000
0000000
0000000
0000000
001c900
1fe3700
0000000
0000000
0000000
0000000
00040b7
1ffbf49
0000000
0000000
0000000
0000000
1ff2a2f
000d5d1
0000000
1fea6c8
000dc21
000628d
1fe9016
1ff7338
001e0cc
0015938
1ff23df
1ff9d73
0008cc8
0016fea
1fe1f34
0000000
0000000
0000000
1ffd4f8
0002b08
0000000
0000000
0000000
0000000
1fff9d0
0000630
0000000
0000000
0000000
0000000
000347d
1ffcb83
0000000
0000000
0000000
0000000
1ff5e75
000a18b
0000000
0001154
00046ea
0017f0a
1ffa501
0009c67
1fdf7ec
1ffeeac
1ffb916
1fe80f6
1ff6399
0005aff
0020814
0000000
0000000
0000000
1fd6998
0029668
0000000
0000000
0000000
0000000
1fe6dfc
0019204
0000000
0000000
0000000
0000000
000836a
1ff7c96
0000000
0000000
0000000
0000000
1ff57aa
000a856
0000000
0004fe8
1ffec68
1ff9d7c
1fe0622
1ff131e
1ffb254
1ffb018
0001398
0006284
000ece2
001f9de
0004dac
0000000
0000000
0000000
1ffda24
00025dc
0000000
0000000
0000000
0000000
0003cf4
1ffc30c
0000000
0000000
0000000
0000000
1ff9307
0006cf9
0000000
0000000
0000000
0000000
1ffa0f3
0005f0d
0000000
000dd1c
000c01c
1ff8e20
1ff9535
0006763
1ff4b90
1ff22e4
1ff3fe4
00071e0
1ff989d
0006acb
000b470
0000000
0000000
0000000
0017328
1fe8cd8
0000000
0000000
0000000
0000000
1ffeae0
0001520
0000000
0000000
0000000
0000000
1ffb819
00047e7
0000000
0000000
0000000
0000000
1ff7f03
00080fd
0000000
001665c
1ff8776
1ff88b8
1ff9d35
1fff45d
000059c
1fe99a4
000788a
0007748
0000ba3
00062cb
1fffa64
0000000
0000000
0000000
1ff699c
0009664
0000000
0000000
0000000
0000000
1fea188
0015e78
0000000
0000000
0000000
0000000
000c4db
1ff3b25
0000000
0000000
0000000
0000000
1ff3045
000cfbb
0000000
1ff0b40
000945d
1fec91b
00016be
0013c3a
000fc98
000f4c0
1ff6ba3
00136e5
1fec3c6
1ffe942
1ff0368
0000000
0000000
0000000
00190e4
1fe6f1c
0000000
0000000
0000000
0000000
002bf5c
1fd40a4
0000000
0000000
0000000
0000000
1fef8f4
001070c
0000000
0000000
0000000
0000000
000b092
1ff4f6e
0000000
000cb40
1ffd583
00015cd
000f48d
1ff664f
000129c
1ff34c0
0002a7d
1ffea33
00099b1
1ff0b73
1ffed64
0000000
0000000
0000000
0044d74
1fbb28c
0000000
0000000
0000000
0000000
1fcc308
0033cf8
0000000
0000000
0000000
0000000
000d19b
1ff2e65
0000000
0000000
0000000
0000000
1ffc11b
0003ee5
0000000
1ffc8c8
0013a5b
000e9bb
0007970
0002272
0012c50
0003738
1fec5a5
1ff1645
1ffdd8e
1ff8690
1fed3b0
0000000
0000000
0000000
000d6d0
1ff2930
0000000
0000000
0000000
0000000
0014b20
1feb4e0
0000000
0000000
0000000
0000000
1fffb2c
00004d4
0000000
0000000
0000000
0000000
1ff742a
0008bd6
0000000
1fee2b0
0009fac
1ff2262
1ff3b06
1fed628
001cdd4
0011d50
1ff6054
000dd9e
00129d8
000c4fa
1fe322c
0000000
0000000
0000000
0020140
1fdfec0
0000000
0000000
0000000
0000000
1ffd834
00027cc
0000000
0000000
0000000
0000000
1ff2ffc
000d004
0000000
0000000
0000000
0000000
1ff2ef0
000d110
0000000
001184c
1ff77c1
1fed3fd
000b145
1fff891
0006210
1fee7b4
000883f
0012c03
000076f
1ff4ebb
1ff9df0
0000000
0000000
0000000
00012b0
1ffed50
0000000
0000000
0000000
0000000
000fb7c
1ff0484
0000000
0000000
0000000
0000000
0008280
1ff7d80
0000000
0000000
0000000
0000000
1fdcc42
00233be
0000000
00233d4
1ffa8f2
1fdbbac
1fe767c
1fff1de
1ff5778
1fdcc2c
000570e
0024454
0000e22
0018984
000a888
0000000
0000000
0000000
00206f8
1fdf908
0000000
0000000
0000000
0000000
000bb08
1ff44f8
0000000
0000000
0000000
0000000
00015a4
1ffea5c
0000000
0000000
0000000
0000000
0011bea
1fee416
0000000
0004a20
1ffef78
1ff69fe
1ff4fd6
1ff8f84
1ff5a5c
1ffb5e0
0001088
0009602
000707c
000b02a
000a5a4
0000000
0000000
0000000
1fecf40
00130c0
0000000
0000000
0000000
0000000
00054f0
1ffab10
0000000
0000000
0000000
0000000
1ffdf42
00020be
0000000
0000000
0000000
0000000
1ff4e94
000b16c
0000000
0001304
000c5d1
1ff6683
00210e3
0004e01
001e050
1ffecfc
1ff3a2f
000997d
1ffb1ff
1fdef1d
1fe1fb0
0000000
0000000
0000000
1ff368c
000c974
0000000
0000000
0000000
0000000
001bba0
1fe4460
0000000
0000000
0000000
0000000
00030c4
1ffcf3c
0000000
0000000
0000000
0000000
000cc2e
1ff33d2
0000000
0018938
1ff6d7c
0013fa6
1fe4fb8
1ff623a
0030304
1fe76c8
0009284
1fec05a
0009dc6
001b048
1fcfcfc
0000000
0000000
0000000
002c118
1fd3ee8
0000000
0000000
0000000
0000000
1fec5d8
0013a28
0000000
0000000
0000000
0000000
000dcfc
1ff2304
0000000
0000000
0000000
0000000
1fe81de
0017e22
0000000
00057f8
000573b
0007bf1
000a11d
1ff4533
0008744
1ffa808
1ffa8c5
1ff840f
000bacd
1ff5ee3
1ff78bc
0000000
0000000
0000000
1ff210c
000def4
0000000
0000000
0000000
0000000
0027678
1fd8988
0000000
0000000
0000000
0000000
1ff5607
000a9f9
0000000
0000000
0000000
0000000
0016807
1fe97f9
0000000
1fc793c
0002094
1ff81fc
0006ae9
00168c7
1ff4900
00386c4
1ffdf6c
0007e04
1fe9739
1ff9517
000b700
0000000
0000000
0000000
000b444
1ff4bbc
0000000
0000000
0000000
0000000
1ff3fb0
000c050
0000000
0000000
0000000
0000000
1ff1259
000eda7
0000000
0000000
0000000
0000000
1ff522d
000add3
0000000
1fef24c
0019978
0014014
1fe8569
1fe5c97
1ff8be0
0010db4
1fe6688
1febfec
001a369
0017a97
0007420
0000000
0000000
0000000
1ff23d8
000dc28
0000000
0000000
0000000
0000000
0004540
1ffbac0
0000000
0000000
0000000
0000000
001ad78
1fe5288
0000000
0000000
0000000
0000000
000a148
1ff5eb8
0000000
000997c
0003923
1fea09b
1ff7c5d
1ffca19
001bc0c
1ff6684
1ffc6dd
0015f65
00035e7
00083a3
1fe43f4
0000000
0000000
0000000
1ff5ac4
000a53c
0000000
0000000
0000000
0000000
1fed988
0012678
0000000
0000000
0000000
0000000
1ff9e1a
00061e6
0000000
0000000
0000000
0000000
0010d48
1fef2b8
0000000
0008a14
1ff05ed
000fa97
1ff9b2d
0009c27
0020fa4
1ff75ec
000fa13
1ff0569
1ff63d9
00064d3
1fdf05c
0000000
0000000
0000000
0018a3c
1fe75c4
0000000
0000000
0000000
0000000
0013c58
1fec3a8
0000000
0000000
0000000
0000000
00110bd
1feef43
0000000
0000000
0000000
0000000
000bc29
1ff43d7
0000000
1febffc
0006c87
1ffe34f
000f384
1ffee26
1ffb480
0014004
1ff9379
0001cb1
00011da
1ff0c7c
0004b80
0000000
0000000
0000000
002b384
1fd4c7c
0000000
0000000
0000000
0000000
1fec628
00139d8
0000000
0000000
0000000
0000000
0003c39
1ffc3c7
0000000
0000000
0000000
0000000
001a21f
1fe5de1
0000000
1ff91c4
0000371
1ffeacb
1ffd83c
00019d0
0006274
0006e3c
1fffc8f
0001535
1ffe630
00027c4
1ff9d8c
0000000
0000000
0000000
1fef6f8
0010908
0000000
0000000
0000000
0000000
000d5b8
1ff2a48
0000000
0000000
0000000
0000000
00037b8
1ffc848
0000000
0000000
0000000
0000000
1ff877c
0007884
0000000
1ff26e0
001a699
1ff73f5
1ff66b5
1ffd3e1
1ff546c
000d920
1fe5967
0008c0b
0002c1f
000994b
000ab94
0000000
0000000
0000000
1ff88e8
0007718
0000000
0000000
0000000
0000000
002032c
1fdfcd4
0000000
0000000
0000000
0000000
00025e9
1ffda17
0000000
0000000
0000000
0000000
0012a09
1fed5f7
0000000
00099cc
1ff9db2
001fa9a
1ffd113
00145d5
0005824
1ff6634
000624e
1fe0566
1feba2b
0002eed
1ffa7dc
0000000
0000000
0000000
000a26c
1ff5d94
0000000
0000000
0000000
0000000
000a4d0
1ff5b30
0000000
0000000
0000000
0000000
1ff8892
000776e
0000000
0000000
0000000
0000000
000fa5a
1ff05a6
0000000
0021e68
1fd6e36
1ff4ac6
1fe7512
1fee736
0008d18
1fde198
00291ca
000b53a
00118ca
0018aee
1ff72e8
0000000
0000000
0000000
0026dfc
1fd9204
0000000
0000000
0000000
0000000
1ff1c7c
000e384
0000000
0000000
0000000
0000000
001d5a4
1fe2a5c
0000000
0000000
0000000
0000000
1ff436c
000bc94
0000000
00103f8
1fe9415
000deb1
1fee7c9
000c141
00217ec
1fefc08
0016beb
1ff214f
1ff3ebf
0011837
1fde814
0000000
0000000
0000000
1fef604
00109fc
0000000
0000000
0000000
0000000
1ffa1c0
0005e40
0000000
0000000
0000000
0000000
1fff8e0
0000720
0000000
0000000
0000000
0000000
1fe6b8e
0019472
0000000
1feb410
00219e7
0001021
000cef9
0004dd7
1fdb424
0014bf0
1fde619
1ffefdf
1ffb229
1ff3107
0024bdc
0000000
0000000
0000000
1fea200
0015e00
0000000
0000000
0000000
0000000
1fe994c
00166b4
0000000
0000000
0000000
0000000
001ec21
1fe13df
0000000
0000000
0000000
0000000
000f0f3
1ff0f0d
0000000
0000c30
00055a8
1ff69ce
001a3c1
1ff2705
001a9a8
1fff3d0
1ffaa58
0009632
000d8fb
1fe5c3f
1fe5658
0000000
0000000
0000000
000d9f8
1ff2608
0000000
0000000
0000000
0000000
000840c
1ff7bf4
0000000
0000000
0000000
0000000
1fefc02
00103fe
0000000
0000000
0000000
0000000
0004ec0
1ffb140
0000000
1fba86c
0001fe8
000cece
0008e44
1fff3aa
0000c18
0045794
1ffe018
1ff3132
0000c56
1ff71bc
1fff3e8
0000000
0000000
0000000
1ff5dd0
000a230
0000000
0000000
0000000
0000000
001301c
1fecfe4
0000000
0000000
0000000
0000000
1ff3a7c
000c584
0000000
0000000
0000000
0000000
0018086
1fe7f7a
0000000
1fef16c
1ffd0f2
1fe87b4
1ffd63a
000bb88
000f10c
0010e94
0002f0e
001784c
1ff4478
00029c6
1ff0ef4
0000000
0000000
0000000
1ff64d4
0009b2c
0000000
0000000
0000000
0000000
1febd0c
00142f4
0000000
0000000
0000000
0000000
00132fe
1fecd02
0000000
0000000
0000000
0000000
0000390
1fffc70
0000000
0021980
1ff51e1
1fedb1f
000e54b
1ff53e1
00103c8
1fde680
000ae1f
00124e1
000ac1f
1ff1ab5
1fefc38
0000000
0000000
0000000
000ab28
1ff54d8
0000000
0000000
0000000
0000000
00101f8
1fefe08
0000000
0000000
0000000
0000000
0014868
1feb798
0000000
0000000
0000000
0000000
000cab2
1ff354e
0000000
1fe2b84
000255d
1ffcc9b
1ffdfd9
000eadb
1ff5dc4
001d47c
1ffdaa3
0003365
1ff1525
0002027
000a23c
0000000
0000000
0000000
0005828
1ffa7d8
0000000
0000000
0000000
0000000
1ff6de8
0009218
0000000
0000000
0000000
0000000
001f94f
1fe06b1
0000000
0000000
0000000
0000000
0019da9
1fe6257
0000000
1ffec0c
1ffd6e7
0003fc5
1ffe4fa
1ff33ea
1ffe6c8
00013f4
0002919
1ffc03b
000cc16
0001b06
0001938
0000000
0000000
0000000
1fff32c
0000cd4
0000000
0000000
0000000
0000000
000ee1c
1ff11e4
0000000
0000000
0000000
0000000
1ff8a9d
0007563
0000000
0000000
0000000
0000000
1fdd369
0022c97
0000000
000c93c
0006678
0004764
1fff3d1
0002b4f
0025a18
1ff36c4
1ff9988
1ffb89c
1ffd4b1
0000c2f
1fda5e8
0000000
0000000
0000000
1ffe6e4
000191c
0000000
0000000
0000000
0000000
0020fd8
1fdf028
0000000
0000000
0000000
0000000
00010c4
1ffef3c
0000000
0000000
0000000
0000000
1fee2da
0011d26
0000000
1ff0350
1ff704a
1fe8a04
1fec2d4
0013466
1ff5e00
000fcb0
0008fb6
00175fc
1fecb9a
0013d2c
000a200
0000000
0000000
0000000
1fe6954
00196ac
0000000
0000000
0000000
0000000
0008b60
1ff74a0
0000000
0000000
0000000
0000000
00095db
1ff6a25
0000000
0000000
0000000
0000000
000a8c3
1ff573d
0000000
1fe5ec0
0003274
000a380
0002bb5
1ffe4d3
001c0a4
001a140
1ffcd8c
1ff5c80
0001b2d
1ffd44b
1fe3f5c
0000000
0000000
0000000
000fd88
1ff0278
0000000
0000000
0000000
0000000
000e160
1ff1ea0
0000000
0000000
0000000
0000000
1feada3
001525d
0000000
0000000
0000000
0000000
001422d
1febdd3
0000000
001045c
00061c7
1ff2e2d
000f168
0005f6c
1ff88bc
1fefba4
1ff9e39
000d1d3
1ffa094
1ff0e98
0007744
0000000
0000000
0000000
1ffc46c
0003b94
0000000
0000000
0000000
0000000
000f5b8
1ff0a48
0000000
0000000
0000000
0000000
1ff0926
000f6da
0000000
0000000
0000000
0000000
1fefe2c
00101d4
0000000
00065d8
000f10f
1ff0a3d
0020b53
0002489
1feea70
1ff9a28
1ff0ef1
000f5c3
1ffdb77
1fdf4ad
0011590
0000000
0000000
0000000
000f874
1ff078c
0000000
0000000
0000000
0000000
1fe86dc
0017924
0000000
0000000
0000000
0000000
000b2a5
1ff4d5b
0000000
0000000
0000000
0000000
0006017
1ff9fe9
0000000
0016094
1ff80ba
1ff651c
00000c7
000514b
000e0f0
1fe9f6c
0007f46
0009ae4
1ffaeb5
1ffff39
1ff1f10
0000000
0000000
0000000
1fe6fe0
0019020
0000000
0000000
0000000
0000000
1ffb290
0004d70
0000000
0000000
0000000
0000000
00093a1
1ff6c5f
0000000
0000000
0000000
0000000
0004ddf
1ffb221
0000000
1ffa720
1fd1ca0
1ffa1ee
1ffd6ef
0007b37
0002954
00058e0
002e360
0005e12
1ff84c9
0002911
1ffd6ac
0000000
0000000
0000000
1fed378
0012c88
0000000
0000000
0000000
0000000
1fe6d70
0019290
0000000
0000000
0000000
0000000
0004a7d
1ffb583
0000000
0000000
0000000
0000000
1ff1a57
000e5a9
0000000
1ff5660
1ff813b
1ff3509
0007afc
1ff16a8
002251c
000a9a0
0007ec5
000caf7
000e958
1ff8504
1fddae4
0000000
0000000
0000000
00237fc
1fdc804
0000000
0000000
0000000
0000000
1fdada8
0025258
0000000
0000000
0000000
0000000
001ba83
1fe457d
0000000
0000000
0000000
0000000
000552f
1ffaad1
0000000
1ffe868
1feee03
0008fa3
00147f0
00042a6
1ff0c90
0001798
00111fd
1ff705d
1ffbd5a
1feb810
000f370
0000000
0000000
0000000
1ff19e8
000e618
0000000
0000000
0000000
0000000
1fc8a5c
00375a4
0000000
0000000
0000000
0000000
1ffc030
0003fd0
0000000
0000000
0000000
0000000
00179c8
1fe8638
0000000
1fe2560
0000263
00071c7
0002ba1
000bbe5
1fe53c8
001daa0
1fffd9d
1ff8e39
1ff441b
1ffd45f
001ac38
0000000
0000000
0000000
0010ee0
1fef120
0000000
0000000
0000000
0000000
1fd3c14
002c3ec
0000000
0000000
0000000
0000000
0002123
1ffdedd
0000000
0000000
0000000
0000000
1fea161
0015e9f
0000000
0015e18
1ff2e43
1fe732d
0014f9c
000636c
000b990
1fea1e8
000d1bd
0018cd3
1ff9c94
1feb064
1ff4670
0000000
0000000
0000000
1ffb40c
0004bf4
0000000
0000000
0000000
0000000
001fae0
1fe0520
0000000
0000000
0000000
0000000
1ffbb5e
00044a2
0000000
0000000
0000000
0000000
0010122
1fefede
0000000
1ff2b18
00041fa
0016e8e
1fe7112
0006056
1fee1b4
000d4e8
1ffbe06
1fe9172
1ff9faa
0018eee
0011e4c
0000000
0000000
0000000
001ae6c
1fe5194
0000000
0000000
0000000
0000000
0018574
1fe7a8c
0000000
0000000
0000000
0000000
1fe72c1
0018d3f
0000000
0000000
0000000
0000000
0007893
1ff876d
0000000
1ff950c
0003632
00160cc
1ffb09f
000ba5f
0002858
0006af4
1ffc9ce
1fe9f34
1ff45a1
0004f61
1ffd7a8
0000000
0000000
0000000
003dc84
1fc237c
0000000
0000000
0000000
0000000
0002d5c
1ffd2a4
0000000
0000000
0000000
0000000
000ad25
1ff52db
0000000
0000000
0000000
0000000
0008de9
1ff7217
0000000
1fee6e0
0008fd7
0011bab
1ff1678
0008afe
0002d7c
0011920
1ff7029
1fee455
1ff7502
000e988
1ffd284
0000000
0000000
0000000
1ff5068
000af98
0000000
0000000
0000000
0000000
1fe60d0
0019f30
0000000
0000000
0000000
0000000
001d2d4
1fe2d2c
0000000
0000000
0000000
0000000
000b8b6
1ff474a
0000000
001adf8
0001d08
1fffdfe
000d33a
1ffbaa8
003752c
1fe5208
1ffe2f8
0000202
0004558
1ff2cc6
1fc8ad4
0000000
0000000
0000000
1fff214
0000dec
0000000
0000000
0000000
0000000
001da5c
1fe25a4
0000000
0000000
0000000
0000000
1ff9145
0006ebb
0000000
0000000
0000000
0000000
00020a3
1ffdf5d
0000000
1fe54fc
0008a01
000575f
1feed5e
000034e
0001970
001ab04
1ff75ff
1ffa8a1
1fffcb2
00112a2
1ffe690
0000000
0000000
0000000
1fe7488
0018b78
0000000
0000000
0000000
0000000
001b468
1fe4b98
0000000
0000000
0000000
0000000
1fef1ba
0010e46
0000000
0000000
0000000
0000000
0007d98
1ff8268
0000000
000e03c
1ff08dc
1ffe2c6
1fd53fe
1fec928
1fe6128
1ff1fc4
000f724
0001d3a
00136d8
002ac02
0019ed8
0000000
0000000
0000000
1fe1e5c
001e1a4
0000000
0000000
0000000
0000000
1fef810
00107f0
0000000
0000000
0000000
0000000
000f2e1
1ff0d1f
0000000
0000000
0000000
0000000
1ff3721
000c8df
0000000
1fecbec
1ff8cab
0012e33
000ccee
1fffcac
0008444
0013414
0007355
1fed1cd
0000354
1ff3312
1ff7bbc
0000000
0000000
0000000
0000ec0
1fff140
0000000
0000000
0000000
0000000
1fdbe88
0024178
0000000
0000000
0000000
0000000
0001c57
1ffe3a9
0000000
0000000
0000000
0000000
000adf9
1ff5207
0000000
0016e50
1fe5d22
00194b8
0008eeb
1ff110b
0031cbc
1fe91b0
001a2de
1fe6b48
000eef5
1ff7115
1fce344
0000000
0000000
0000000
002a82c
1fd57d4
0000000
0000000
0000000
0000000
00222bc
1fddd44
0000000
0000000
0000000
0000000
1ffbf26
00040da
0000000
0000000
0000000
0000000
1fe40fa
001bf06
0000000
0015b6c
1febe70
1fecf98
1ffab9e
1ff97ae
1ffc584
1fea494
0014190
0013068
0006852
0005462
0003a7c
0000000
0000000
0000000
0028a14
1fd75ec
0000000
0000000
0000000
0000000
001bc34
1fe43cc
0000000
0000000
0000000
0000000
001276c
1fed894
0000000
0000000
0000000
0000000
0006224
1ff9ddc
0000000
0007568
1ff3501
1ff5a7d
1ff21a9
0004775
000af98
1ff8a98
000caff
000a583
1ffb88b
000de57
1ff5068
0000000
0000000
0000000
1fff560
0000aa0
0000000
0000000
0000000
0000000
0002acc
1ffd534
0000000
0000000
0000000
0000000
1ffcf53
00030ad
0000000
0000000
0000000
0000000
1ff6071
0009f8f
0000000
1fe4f20
0009ee4
0013fda
1ffdd63
1ffa24f
0016b2c
001b0e0
1ff611c
1fec026
0005db1
000229d
1fe94d4
0000000
0000000
0000000
1ffc278
0003d88
0000000
0000000
0000000
0000000
1fd0a70
002f590
0000000
0000000
0000000
0000000
1ffc913
00036ed
0000000
0000000
0000000
0000000
0007739
1ff88c7
0000000
1fe4c84
1ff993e
1ffbcd4
1ff80c9
000a009
0024a48
001b37c
00066c2
000432c
1ff5ff7
0007f37
1fdb5b8
0000000
0000000
0000000
1ffac20
00053e0
0000000
0000000
0000000
0000000
00259cc
1fda634
0000000
0000000
0000000
0000000
1ffe066
0001f9a
0000000
0000000
0000000
0000000
0004718
1ffb8e8
0000000
00088e8
1ff97b2
1ffc8f0
1ffdcf6
00143e8
0043234
1ff7718
000684e
0003710
1febc18
000230a
1fbcdcc
0000000
0000000
0000000
0001998
1ffe668
0000000
0000000
0000000
0000000
1fd34ac
002cb54
0000000
0000000
0000000
0000000
1ffbca2
000435e
0000000
0000000
0000000
0000000
00141f0
1febe10
0000000
000c610
1ffceef
000d525
0014b83
0003dd5
1ff1ed8
1ff39f0
0003111
1ff2adb
1ffc22b
1feb47d
000e128
0000000
0000000
0000000
000f404
1ff0bfc
0000000
0000000
0000000
0000000
1fd9de8
0026218
0000000
0000000
0000000
0000000
1ff7a39
00085c7
0000000
0000000
0000000
0000000
1ffa53f
0005ac1
0000000
1fff850
1ffc3b6
1ffbe6c
00175d1
1ffc8a5
00133c4
00007b0
0003c4a
0004194
000375b
1fe8a2f
1fecc3c
0000000
0000000
0000000
1ff1494
000eb6c
0000000
0000000
0000000
0000000
1fd1b18
002e4e8
0000000
0000000
0000000
0000000
000c7c8
1ff3838
0000000
0000000
0000000
0000000
0005584
1ffaa7c
0000000
0007aa4
1fef2d3
1fe8333
1fee8c9
1ff61b1
000b8c8
1ff855c
0010d2d
0017ccd
0009e4f
0011737
1ff4738
0000000
0000000
0000000
1fde6f8
0021908
0000000
0000000
0000000
0000000
0015ffc
1fea004
0000000
0000000
0000000
0000000
00004fd
1fffb03
0000000
0000000
0000000
0000000
0001f79
1ffe087
0000000
0012150
1ffd924
000ead8
1ff93df
1fe7875
000824c
1fedeb0
00026dc
1ff1528
001878b
0006c21
1ff7db4
0000000
0000000
0000000
00089f0
1ff7610
0000000
0000000
0000000
0000000
00052bc
1ffad44
0000000
0000000
0000000
0000000
000837b
1ff7c85
0000000
0000000
0000000
0000000
000648f
1ff9b71
0000000
1ff39bc
000844a
1ff931e
001ec25
000665b
1fdcf20
000c644
1ff7bb6
0006ce2
1ff99a5
1fe13db
00230e0
0000000
0000000
0000000
1fe59cc
001a634
0000000
0000000
0000000
0000000
1fff280
0000d80
0000000
0000000
0000000
0000000
00253e7
1fdac19
0000000
0000000
0000000
0000000
1ffcb65
000349b
0000000
003013c
000165e
1fe9e48
1ffa7d3
0005103
1ffbfc8
1fcfec4
1ffe9a2
00161b8
1ffaefd
000582d
0004038
0000000
0000000
0000000
001dbe0
1fe2420
0000000
0000000
0000000
0000000
1fd6708
00298f8
0000000
0000000
0000000
0000000
0008382
1ff7c7e
0000000
0000000
0000000
0000000
001bc12
1fe43ee
0000000
001f5b0
1ff2d6f
001eb1b
1fea201
1ff6ca1
000d404
1fe0a50
000d291
1fe14e5
000935f
0015dff
1ff2bfc
0000000
0000000
0000000
1ff9a0c
00065f4
0000000
0000000
0000000
0000000
1ff4320
000bce0
0000000
0000000
0000000
0000000
1ff1bee
000e412
0000000
0000000
0000000
0000000
0007270
1ff8d90
0000000
1ffcd5c
1fedf30
000c63a
1ff6ad0
1fffb9a
1fee9bc
00032a4
00120d0
1ff39c6
0000466
0009530
0011644
0000000
0000000
0000000
002a970
1fd5690
0000000
0000000
0000000
0000000
0002098
1ffdf68
0000000
0000000
0000000
0000000
1ff6e92
000916e
0000000
0000000
0000000
0000000
1fe244c
001dbb4
0000000
001d094
00159c5
0004e8f
1ff9b6b
0006029
1ffb5a4
1fe2f6c
1fea63b
1ffb171
1ff9fd7
0006495
0004a5c
0000000
0000000
0000000
001724c
1fe8db4
0000000
0000000
0000000
0000000
003bccc
1fc4334
0000000
0000000
0000000
0000000
1ff9096
0006f6a
0000000
0000000
0000000
0000000
1fff9c0
0000640
0000000
001f750
0005ec1
1feb9ab
1ffe3fb
1ff494d
1fef664
1fe08b0
1ffa13f
0014655
000b6b3
0001c05
001099c
0000000
0000000
0000000
0003ad8
1ffc528
0000000
0000000
0000000
0000000
1feba70
0014590
0000000
0000000
0000000
0000000
1ff57d6
000a82a
0000000
0000000
0000000
0000000
1ffd6be
0002942
0000000
00128b8
0004cef
1fedddf
1ffd2db
1feb843
1fe9584
1fed748
1ffb311
0012221
00147bd
0002d25
0016a7c
0000000
0000000
0000000
1fea1ac
0015e54
0000000
0000000
0000000
0000000
00174fc
1fe8b04
0000000
0000000
0000000
0000000
1ffba69
0004597
0000000
0000000
0000000
0000000
1ffd261
0002d9f
0000000
1fd963c
00066ff
0026eb3
1feb6ba
000a41c
001742c
00269c4
1ff9901
1fd914d
1ff5be4
0014946
1fe8bd4
0000000
0000000
0000000
0015f3c
1fea0c4
0000000
0000000
0000000
0000000
1febd64
001429c
0000000
0000000
0000000
0000000
0008dad
1ff7253
0000000
0000000
0000000
0000000
000fc03
1ff03fd
0000000
000cf14
1ffc7d7
0008981
1fe96e2
1feef76
1ff2714
1ff30ec
0003829
1ff767f
001108a
001691e
000d8ec
0000000
0000000
0000000
0014734
1feb8cc
0000000
0000000
0000000
0000000
1ffd8e4
000271c
0000000
0000000
0000000
0000000
1fea51d
0015ae3
0000000
0000000
0000000
0000000
1fee3a9
0011c57
0000000
0007f34
1ffdb33
1ff492b
1ff494e
0007c04
0011edc
1ff80cc
00024cd
000b6d5
1ff83fc
000b6b2
1fee124
0000000
0000000
0000000
000ec0c
1ff13f4
0000000
0000000
0000000
0000000
0023780
1fdc880
0000000
0000000
0000000
0000000
1fe8589
0017a77
0000000
0000000
0000000
0000000
1ff8121
0007edf
0000000
00211f0
0006db0
1ffcc08
1ff42e5
000171f
000e98c
1fdee10
1ff9250
00033f8
1ffe8e1
000bd1b
1ff1674
0000000
0000000
0000000
0005030
1ffafd0
0000000
0000000
0000000
0000000
1fdbe1c
00241e4
0000000
0000000
0000000
0000000
1fefe7d
0010183
0000000
0000000
0000000
0000000
0002973
1ffd68d
0000000
1ff366c
1ffcf1c
00144ee
00124bd
00136bd
1ff996c
000c994
00030e4
1febb12
1fec943
1fedb43
0006694
0000000
0000000
0000000
1ffe67c
0001984
0000000
0000000
0000000
0000000
1ffcf88
0003078
0000000
0000000
0000000
0000000
0010f04
1fef0fc
0000000
0000000
0000000
0000000
000205e
1ffdfa2
0000000
1ff9cec
001d51f
1ff8d7d
1ff1843
1ff9e2d
1ff8008
0006314
1fe2ae1
0007283
00061d3
000e7bd
0007ff8
0000000
0000000
0000000
000a42c
1ff5bd4
0000000
0000000
0000000
0000000
001aba4
1fe545c
0000000
0000000
0000000
0000000
1ffbe2a
00041d6
0000000
0000000
0000000
0000000
1fe275e
001d8a2
0000000
1fe3a04
0009894
0004150
0010790
1ff9eec
001e504
001c5fc
1ff676c
1ffbeb0
0006114
1fef870
1fe1afc
0000000
0000000
0000000
1fcf9dc
0030624
0000000
0000000
0000000
0000000
1fec3a8
0013c58
0000000
0000000
0000000
0000000
1ff3bf1
000c40f
0000000
0000000
0000000
0000000
00072fd
1ff8d03
0000000
1ff3478
1ffa6f0
000b77c
1feb65f
1ffebcd
00110a4
000cb88
0005910
1ff4884
0001433
00149a1
1feef5c
0000000
0000000
0000000
0028bc4
1fd743c
0000000
0000000
0000000
0000000
1feb814
00147ec
0000000
0000000
0000000
0000000
1ffd5b7
0002a49
0000000
0000000
0000000
0000000
1fe9f97
0016069
0000000
000f8ac
000a37b
000c56b
1ff19d2
000ca60
0005f70
1ff0754
1ff5c85
1ff3a95
1ff35a0
000e62e
1ffa090
0000000
0000000
0000000
1ff9c28
00063d8
0000000
0000000
0000000
0000000
0007870
1ff8790
0000000
0000000
0000000
0000000
0013b1a
1fec4e6
0000000
0000000
0000000
0000000
1ffb7f4
000480c
0000000
1ffd96c
1ff9d10
1ffba7a
1ffa0a8
00207f2
0027390
0002694
00062f0
0004586
1fdf80e
0005f58
1fd8c70
0000000
0000000
0000000
0008de0
1ff7220
0000000
0000000
0000000
0000000
1fd348c
002cb74
0000000
0000000
0000000
0000000
000fd4e
1ff02b2
0000000
0000000
0000000
0000000
00216f8
1fde908
0000000
1ffb99c
000cd7e
000dec4
0007f3a
1fe8940
00126f0
0004664
1ff3282
1ff213c
00176c0
1ff80c6
1fed910
0000000
0000000
0000000
003e2b4
1fc1d4c
0000000
0000000
0000000
0000000
002bc28
1fd43d8
0000000
0000000
0000000
0000000
1fede47
00121b9
0000000
0000000
0000000
0000000
1fe3435
001cbcb
0000000
000ec2c
00006cb
0002955
000108c
0012364
0016198
1ff13d4
1fff935
1ffd6ab
1fedc9c
1ffef74
1fe9e68
0000000
0000000
0000000
000217c
1ffde84
0000000
0000000
0000000
0000000
1ff5d84
000a27c
0000000
0000000
0000000
0000000
00126eb
1fed915
0000000
0000000
0000000
0000000
0009bdf
1ff6421
0000000
001ac18
1feb0fa
0016e5e
0020aed
1fe6173
0020300
1fe53e8
0014f06
1fe91a2
0019e8d
1fdf513
1fdfd00
0000000
0000000
0000000
0000138
1fffec8
0000000
0000000
0000000
0000000
1fbed98
0041268
0000000
0000000
0000000
0000000
0007883
1ff877d
0000000
0000000
0000000
0000000
001d79b
1fe2865
0000000
1ff4448
1fd6c0e
0004156
1ffa5e3
0003849
0027eac
000bbb8
00293f2
1ffbeaa
1ffc7b7
0005a1d
1fd8154
0000000
0000000
0000000
1ff1be8
000e418
0000000
0000000
0000000
0000000
000b794
1ff486c
0000000
0000000
0000000
0000000
1ff86cb
0007935
0000000
0000000
0000000
0000000
1fee43d
0011bc3
0000000
1fe0fac
0000ad6
1ff1734
1febf9d
1ff9e79
1fd5c78
001f054
1fff52a
000e8cc
0006187
0014063
002a388
0000000
0000000
0000000
1ff4ad8
000b528
0000000
0000000
0000000
0000000
002008c
1fdff74
0000000
0000000
0000000
0000000
1ff5353
000acad
0000000
0000000
0000000
0000000
1feb4d1
0014b2f
0000000
1ff9024
0001f76
0007c6c
1ff4381
00100c5
1ffe67c
0006fdc
1ffe08a
1ff8394
1feff3b
000bc7f
0001984
0000000
0000000
0000000
1fe1e98
001e168
0000000
0000000
0000000
0000000
00026f8
1ffd908
0000000
0000000
0000000
0000000
1fe32b2
001cd4e
0000000
0000000
0000000
0000000
1ff1fe8
000e018
0000000
1ffc750
1ff2d88
1fecb0e
1fe533a
1ffd514
00159c4
00038b0
000d278
00134f2
0002aec
001acc6
1fea63c
0000000
0000000
0000000
00037d4
1ffc82c
0000000
0000000
0000000
0000000
1ffe0e4
0001f1c
0000000
0000000
0000000
0000000
0002a42
1ffd5be
0000000
0000000
0000000
0000000
1fe1cd0
001e330
0000000
000e868
0005ec3
1fefdc9
0001329
000a337
1ff4550
1ff1798
1ffa13d
0010237
1ff5cc9
1ffecd7
000bab0
0000000
0000000
0000000
1ffad50
00052b0
0000000
0000000
0000000
0000000
0000194
1fffe6c
0000000
0000000
0000000
0000000
1fe57fd
001a803
0000000
0000000
0000000
0000000
1ff9e5f
00061a1
0000000
001280c
001282c
1ffc602
1fe498b
1feb17f
000415c
1fed7f4
1fed7d4
00039fe
0014e81
001b675
1ffbea4
0000000
0000000
0000000
001749c
1fe8b64
0000000
0000000
0000000
0000000
0021504
1fdeafc
0000000
0000000
0000000
0000000
00071cc
1ff8e34
0000000
0000000
0000000
0000000
000d10c
1ff2ef4
0000000
1ffcaac
0006476
0005d8e
0000090
0026290
000c77c
0003554
1ff9b8a
1ffa272
1fd9d70
1ffff70
1ff3884
0000000
0000000
0000000
00078f0
1ff8710
0000000
0000000
0000000
0000000
1fdebe8
0021418
0000000
0000000
0000000
0000000
00161ae
1fe9e52
0000000
0000000
0000000
0000000
1ff0762
000f89e
0000000
1fdc6bc
1ff0197
1ff791b
000bc57
1fec3a7
1fdf878
0023944
000fe69
00086e5
0013c59
1ff43a9
0020788
0000000
0000000
0000000
1ffb464
0004b9c
0000000
0000000
0000000
0000000
0018694
1fe796c
0000000
0000000
0000000
0000000
0009223
1ff6ddd
0000000
0000000
0000000
0000000
1fe2273
001dd8d
0000000
1fdfab8
0015478
1ff8998
0001fe9
000c4cf
002c78c
0020548
1feab88
0007668
1ff3b31
1ffe017
1fd3874
0000000
0000000
0000000
1fe8194
0017e6c
0000000
0000000
0000000
0000000
1ffade0
0005220
0000000
0000000
0000000
0000000
00182ba
1fe7d46
0000000
0000000
0000000
0000000
1fffc42
00003be
0000000
1fe2828
1ff33f1
000ea1d
1ff8eb7
1ff812f
001b158
001d7d8
000cc0f
1ff15e3
0007ed1
0007149
1fe4ea8
0000000
0000000
0000000
1ff97e0
0006820
0000000
0000000
0000000
0000000
0005ce8
1ffa318
0000000
0000000
0000000
0000000
000eca6
1ff135a
0000000
0000000
0000000
0000000
000616e
1ff9e92
0000000
1fe2c78
001506d
1fe27f9
000ec09
00034f1
1ff2800
001d388
1feaf93
001d807
1ffcb0f
1ff13f7
000d800
0000000
0000000
0000000
1ff5038
000afc8
0000000
0000000
0000000
0000000
1ff67c0
0009840
0000000
0000000
0000000
0000000
0009636
1ff69ca
0000000
0000000
0000000
0000000
1ff3bfe
000c402
0000000
00174e4
0002906
0012b6e
1ff4ce0
1ffa7ec
000ba5c
1fe8b1c
1ffd6fa
1fed492
0005814
000b320
1ff45a4
0000000
0000000
0000000
1fef260
0010da0
0000000
0000000
0000000
0000000
1ff3950
000c6b0
0000000
0000000
0000000
0000000
1feb4e6
0014b1a
0000000
0000000
0000000
0000000
1fee53c
0011ac4
0000000
1ff8658
1ffc94e
000a304
1fff950
1fd96c6
1ff3d4c
00079a8
00036b2
1ff5cfc
002693a
00006b0
000c2b4
0000000
0000000
0000000
1ff63d8
0009c28
0000000
0000000
0000000
0000000
1ff7c98
0008368
0000000
0000000
0000000
0000000
000994b
1ff66b5
0000000
0000000
0000000
0000000
0002eb7
1ffd149
0000000
001b988
1ff9197
1ff3f97
1ff7590
000c4aa
1ff58b0
1fe4678
0006e69
000c069
1ff3b56
0008a70
000a750
0000000
0000000
0000000
1fe7770
0018890
0000000
0000000
0000000
0000000
1fce93c
00316c4
0000000
0000000
0000000
0000000
0014fd9
1feb027
0000000
0000000
0000000
0000000
1ff8645
00079bb
0000000
1ff7f74
000535e
1ff3546
1ff5c5f
1ffe7dd
0008c04
000808c
1ffaca2
000caba
0001823
000a3a1
1ff73fc
0000000
0000000
0000000
003ad78
1fc5288
0000000
0000000
0000000
0000000
1ffddc4
000223c
0000000
0000000
0000000
0000000
001e9a7
1fe1659
0000000
0000000
0000000
0000000
1fe4937
001b6c9
0000000
1ff2b30
1ffed54
1fea9e8
001d6f1
000667b
1ffc7a4
000d4d0
00012ac
0015618
1ff9985
1fe290f
000385c
0000000
0000000
0000000
1ff9528
0006ad8
0000000
0000000
0000000
0000000
0017820
1fe87e0
0000000
0000000
0000000
0000000
000c98d
1ff3673
0000000
0000000
0000000
0000000
1ffb7d7
0004829
0000000
1ff5fa4
000a87e
1ff6ee4
1ff8627
002c7fb
001118c
000a05c
1ff5782
000911c
1fd3805
00079d9
1feee74
0000000
0000000
0000000
1fdb58c
0024a74
0000000
0000000
0000000
0000000
001da88
1fe2578
0000000
0000000
0000000
0000000
1ffb56a
0004a96
0000000
0000000
0000000
0000000
0006e18
1ff91e8
0000000
1ffe150
1ff3526
1ffa18c
1ff0e4c
1ff3b72
1ff326c
0001eb0
000cada
0005e74
000c48e
000f1b4
000cd94
0000000
0000000
0000000
1fd4910
002b6f0
0000000
0000000
0000000
0000000
1ff49e4
000b61c
0000000
0000000
0000000
0000000
1fff504
0000afc
0000000
0000000
0000000
0000000
1ff065c
000f9a4
0000000
1ff4450
1fff348
1fec4c4
0002e80
1ff73c4
1fe350c
000bbb0
0000cb8
0013b3c
0008c3c
1ffd180
001caf4
0000000
0000000
0000000
1ff4c94
000b36c
0000000
0000000
0000000
0000000
1fe1194
001ee6c
0000000
0000000
0000000
0000000
1ffad36
00052ca
0000000
0000000
0000000
0000000
0008084
1ff7f7c
0000000
1feb9bc
1ffabc4
00150fe
1ff5b0a
000adc0
003b308
0014644
000543c
1feaf02
1ff5240
000a4f6
1fc4cf8
0000000
0000000
0000000
0018d50
1fe72b0
0000000
0000000
0000000
0000000
0027c14
1fd83ec
0000000
0000000
0000000
0000000
0001fb9
1ffe047
0000000
0000000
0000000
0000000
1fd4be1
002b41f
0000000
0003514
000148b
0016ed3
1ffe3ea
0005cb8
1ff75f8
1ffcaec
1ffeb75
1fe912d
1ffa348
0001c16
0008a08
0000000
0000000
0000000
1fdb774
002488c
0000000
0000000
0000000
0000000
000fd38
1ff02c8
0000000
0000000
0000000
0000000
0002980
1ffd680
0000000
0000000
0000000
0000000
000ac68
1ff5398
0000000
1fdfb8c
0000922
0003836
000c6ca
0010eca
0009eec
0020474
1fff6de
1ffc7ca
1fef136
1ff3936
1ff6114
0000000
0000000
0000000
1ffe920
00016e0
0000000
0000000
0000000
0000000
1ff516c
000ae94
0000000
0000000
0000000
0000000
1fedde8
0012218
0000000
0000000
0000000
0000000
1ff45c2
000ba3e
0000000
1ffc540
1ff95bf
1ff1ad9
00120af
1ffe229
00093c0
0003ac0
0006a41
000e527
0001dd7
1fedf51
1ff6c40
0000000
0000000
0000000
1ffe094
0001f6c
0000000
0000000
0000000
0000000
00291c4
1fd6e3c
0000000
0000000
0000000
0000000
1ff8f0a
00070f6
0000000
0000000
0000000
0000000
0003a46
1ffc5ba
0000000
1ff8f04
1fd7445
1ffde89
000259f
000a507
1ff727c
00070fc
0028bbb
0002177
1ff5af9
1ffda61
0008d84
0000000
0000000
0000000
1ff5eb8
000a148
0000000
0000000
0000000
0000000
1fdf428
0020bd8
0000000
0000000
0000000
0000000
1fff792
000086e
0000000
0000000
0000000
0000000
1ff6796
000986a
0000000
1ff5fa0
1ff91d2
1ff841a
1fee50c
000d20c
00027f8
000a060
0006e2e
0007be6
1ff2df4
0011af4
1ffd808
0000000
0000000
0000000
1ff8ea4
000715c
0000000
0000000
0000000
0000000
1fe6058
0019fa8
0000000
0000000
0000000
0000000
0005274
1ffad8c
0000000
0000000
0000000
0000000
1fed092
0012f6e
0000000
1ffe568
1febaff
1ff23ed
1fe5ba9
0005997
1ff07a0
0001a98
0014501
000dc13
1ffa669
001a457
000f860
0000000
0000000
0000000
1ff4c54
000b3ac
0000000
0000000
0000000
0000000
0002ebc
1ffd144
0000000
0000000
0000000
0000000
1fe8b1c
00174e4
0000000
0000000
0000000
0000000
1ffcfd0
0003030
0000000
1fd5e28
1ffc419
00141e9
1ff16c9
0012d7d
0015b24
002a1d8
0003be7
1febe17
1fed283
000e937
1fea4dc
0000000
0000000
0000000
1fdd640
00229c0
0000000
0000000
0000000
0000000
1fce404
0031bfc
0000000
0000000
0000000
0000000
00133d6
1fecc2a
0000000
0000000
0000000
0000000
1ff0836
000f7ca
0000000
0019058
1ff63af
1fef5ff
0006969
1fe5f21
1ff1038
1fe6fa8
0009c51
0010a01
001a0df
1ff9697
000efc8
0000000
0000000
0000000
1fd684c
00297b4
0000000
0000000
0000000
0000000
000e3f8
1ff1c08
0000000
0000000
0000000
0000000
0007f71
1ff808f
0000000
0000000
0000000
0000000
1ffe7ad
0001853
0000000
1ff5378
1fff223
1ff96af
0008e5c
001ad06
00170e8
000ac88
0000ddd
0006951
1fe52fa
1ff71a4
1fe8f18
0000000
0000000
0000000
0014a40
1feb5c0
0000000
0000000
0000000
0000000
1fefa20
00105e0
0000000
0000000
0000000
0000000
1ff9c62
000639e
0000000
0000000
0000000
0000000
1ff54da
000ab26
0000000
1ff2190
1ff68af
1fdb063
001a869
1ff8921
0018d64
000de70
0009751
0024f9d
00076df
1fe5797
1fe729c
0000000
0000000
0000000
1fdd2cc
0022d34
0000000
0000000
0000000
0000000
1fff700
0000900
0000000
0000000
0000000
0000000
0001043
1ffefbd
0000000
0000000
0000000
0000000
1ff8db1
000724f
0000000
0008814
000dca1
1ff65df
1ffe4e2
1fe38b6
1ff8964
1ff77ec
1ff235f
0009a21
001c74a
0001b1e
000769c
0000000
0000000
0000000
1ffbc60
00043a0
0000000
0000000
0000000
0000000
1ffb6c4
000493c
0000000
0000000
0000000
0000000
000527a
1ffad86
0000000
0000000
0000000
0000000
0003f4e
1ffc0b2
0000000
1fe58d0
001fdbb
001012f
000cc7f
0012fab
00048c4
001a730
1fe0245
1fefed1
1fed055
1ff3381
1ffb73c
0000000
0000000
0000000
00023ec
1ffdc14
0000000
0000000
0000000
0000000
000940c
1ff6bf4
0000000
0000000
0000000
0000000
0005bb8
1ffa448
0000000
0000000
0000000
0000000
1ff9fd8
0006028
0000000
1fff688
1ff9997
1ff9ab7
1ff38ad
001bc01
1ff1f84
0000978
0006669
0006549
1fe43ff
000c753
000e07c
0000000
0000000
0000000
1fe9158
0016ea8
0000000
0000000
0000000
0000000
003e75c
1fc18a4
0000000
0000000
0000000
0000000
1ff882b
00077d5
0000000
0000000
0000000
0000000
1ffcd17
00032e9
0000000
0021f30
1ff4e16
1ffcf8a
1fdb5c7
002a71d
00135f4
1fde0d0
000b1ea
0003076
1fd58e3
0024a39
1feca0c
0000000
0000000
0000000
0004fa4
1ffb05c
0000000
0000000
0000000
0000000
1ff3338
000ccc8
0000000
0000000
0000000
0000000
00012c9
1ffed37
0000000
0000000
0000000
0000000
1ffc711
00038ef
0000000
1feef04
0003f90
1ffd400
00129a3
1ffe695
1fee9a0
00110fc
1ffc070
0002c00
000196b
1fed65d
0011660
0000000
0000000
0000000
003a28c
1fc5d74
0000000
0000000
0000000
0000000
1fdded8
0022128
0000000
0000000
0000000
0000000
00140df
1febf21
0000000
0000000
0000000
0000000
000a58d
1ff5a73
0000000
1fefa78
000300d
0005497
1ff8fa2
1fffb4a
0026864
0010588
1ffcff3
1ffab69
00004b6
000705e
1fd979c
0000000
0000000
0000000
1ff6f48
00090b8
0000000
0000000
0000000
0000000
1ff3c20
000c3e0
0000000
0000000
0000000
0000000
0007330
1ff8cd0
0000000
0000000
0000000
0000000
000d020
1ff2fe0
0000000
00031cc
1ff37e8
1ff49e0
0002572
1ff9aa6
1ffc2f4
1ffce34
000c818
000b620
000655a
1ffda8e
0003d0c
0000000
0000000
0000000
000e5d4
1ff1a2c
0000000
0000000
0000000
0000000
0003624
1ffc9dc
0000000
0000000
0000000
0000000
1ff87e9
0007817
0000000
0000000
0000000
0000000
1ffba13
00045ed
0000000
1fe1554
1ff21e1
000300b
000931e
0009b4a
00115a0
001eaac
000de1f
1ffcff5
1ff64b6
1ff6ce2
1feea60
0000000
0000000
0000000
0028f38
1fd70c8
0000000
0000000
0000000
0000000
1ff750c
0008af4
0000000
0000000
0000000
0000000
000f9ec
1ff0614
0000000
0000000
0000000
0000000
0006ac8
1ff9538
0000000
0015eac
1ff9236
1ff361e
0009214
0001530
1fff8b4
1fea154
0006dca
000c9e2
1ffead0
1ff6dec
000074c
0000000
0000000
0000000
1fcf7e4
003081c
0000000
0000000
0000000
0000000
001b204
1fe4dfc
0000000
0000000
0000000
0000000
1ff683b
00097c5
0000000
0000000
0000000
0000000
1ff7ef1
000810f
0000000
1ff1c1c
000f2b5
1fccb2f
000deb2
0006cda
1fe264c
000e3e4
1ff0d4b
00334d1
1ff9326
1ff214e
001d9b4
0000000
0000000
0000000
1fe9ea0
0016160
0000000
0000000
0000000
0000000
001c620
1fe39e0
0000000
0000000
0000000
0000000
1fee3b5
0011c4b
0000000
0000000
0000000
0000000
000b7b7
1ff4849
0000000
00091b8
0016e12
000db48
1feba17
0000afb
1fe94cc
1ff6e48
1fe91ee
1ff24b8
1fff505
00145e9
0016b34
0000000
0000000
0000000
00009c4
1fff63c
0000000
0000000
0000000
0000000
1fdd124
0022edc
0000000
0000000
0000000
0000000
1ffa8e5
000571b
0000000
0000000
0000000
0000000
1ffc9cb
0003635
0000000
1ff6e70
1ff3ff8
0005b7a
1ff2db7
1fecadb
0017194
0009190
000c008
1ffa486
0013525
000d249
1fe8e6c
0000000
0000000
0000000
00090fc
1ff6f04
0000000
0000000
0000000
0000000
1fe4130
001bed0
0000000
0000000
0000000
0000000
000c176
1ff3e8a
0000000
0000000
0000000
0000000
1fecf28
00130d8
0000000
1ffd244
000fc68
1fed756
1fe667e
000b838
1fe30cc
0002dbc
1ff0398
00128aa
1ff47c8
0019982
001cf34
0000000
0000000
0000000
1fcbe40
00341c0
0000000
0000000
0000000
0000000
000cd30
1ff32d0
0000000
0000000
0000000
0000000
1ff7464
0008b9c
0000000
0000000
0000000
0000000
001ee04
1fe11fc
0000000
1ff581c
00091f8
1fea098
00140b6
0003fb6
0010e8c
000a7e4
1ff6e08
0015f68
1ffc04a
1febf4a
1fef174
0000000
0000000
0000000
001e22c
1fe1dd4
0000000
0000000
0000000
0000000
0005258
1ffada8
0000000
0000000
0000000
0000000
001854d
1fe7ab3
0000000
0000000
0000000
0000000
001479b
1feb865
0000000
000a69c
1ff19c9
0004f57
1fe3364
000c210
1ff5120
1ff5964
000e637
1ffb0a9
1ff3df0
001cc9c
000aee0
0000000
0000000
0000000
1fcd750
00328b0
0000000
0000000
0000000
0000000
1ffcd44
00032bc
0000000
0000000
0000000
0000000
1ffb7cc
0004834
0000000
0000000
0000000
0000000
1ff41e2
000be1e
0000000
1ff713c
000da3e
000f374
1ffcb5c
1fee57e
0017fac
0008ec4
1ff25c2
1ff0c8c
0011a82
00034a4
1fe8054
0000000
0000000
0000000
1fee4e8
0011b18
0000000
0000000
0000000
0000000
1fe81a0
0017e60
0000000
0000000
0000000
0000000
0008539
1ff7ac7
0000000
0000000
0000000
0000000
000f377
1ff0c89
0000000
00086b8
1ffb6a1
1ff3767
1ff5ba6
0002fb2
00288d8
1ff7948
000495f
000c899
1ffd04e
000a45a
1fd7728
0000000
0000000
0000000
000728c
1ff8d74
0000000
0000000
0000000
0000000
0031630
1fce9d0
0000000
0000000
0000000
0000000
000547e
1ffab82
0000000
0000000
0000000
0000000
000f9de
1ff0622
0000000
00006d8
0005426
00024fa
1fefcc6
0004276
000a19c
1fff928
1ffabda
1ffdb06
1ffbd8a
001033a
1ff5e64
0000000
0000000
0000000
000113c
1ffeec4
0000000
0000000
0000000
0000000
0025014
1fdafec
0000000
0000000
0000000
0000000
0004351
1ffbcaf
0000000
0000000
0000000
0000000
1ff9e05
00061fb
0000000
0016150
1fe8329
0002021
1ffaa0c
0017a06
0004ff0
1fe9eb0
0017cd7
1ffdfdf
1fe85fa
00055f4
1ffb010
0000000
0000000
0000000
000e0a4
1ff1f5c
0000000
0000000
0000000
0000000
00106a0
1fef960
0000000
0000000
0000000
0000000
0000040
1ffffc0
0000000
0000000
0000000
0000000
1ffcb18
00034e8
0000000
0001da4
0012df0
0002d7c
1ff65ca
1ff33ea
00080ec
1ffe25c
1fed210
1ffd284
000cc16
0009a36
1ff7f14
0000000
0000000
0000000
003817c
1fc7e84
0000000
0000000
0000000
0000000
1fe7b78
0018488
0000000
0000000
0000000
0000000
1fee73e
00118c2
0000000
0000000
0000000
0000000
00004a8
1fffb58
0000000
0013ab0
1ffd900
0008eda
0017ca8
00053ba
1ff9670
1fec550
0002700
1ff7126
1ffac46
1fe8358
0006990
0000000
0000000
0000000
000f874
1ff078c
0000000
0000000
0000000
0000000
1ffa6fc
0005904
0000000
0000000
0000000
0000000
00044c5
1ffbb3b
0000000
0000000
0000000
0000000
0009b0f
1ff64f1
0000000
1ff6a3c
000680a
1fed5fc
1ffc0c5
0008f5d
1fec6fc
00095c4
1ff97f6
0012a04
1ff70a3
0003f3b
0013904
0000000
0000000
0000000
0000f1c
1fff0e4
0000000
0000000
0000000
0000000
1ff9f7c
0006084
0000000
0000000
0000000
0000000
1ff3998
000c668
0000000
0000000
0000000
0000000
1ff8db2
000724e
0000000
1fe8518
001fcc0
1ff42f6
0025016
1ffaa7c
1fbbc80
0017ae8
1fe0340
000bd0a
0005584
1fdafea
0044380
0000000
0000000
0000000
002246c
1fddb94
0000000
0000000
0000000
0000000
1fd9158
0026ea8
0000000
0000000
0000000
0000000
001b609
1fe49f7
0000000
0000000
0000000
0000000
000ad43
1ff52bd
0000000
1ff4c54
1fff7c1
0004c4b
1ff069a
1ffe936
1fe7718
000b3ac
000083f
1ffb3b5
00016ca
000f966
00188e8
0000000
0000000
0000000
1ff6464
0009b9c
0000000
0000000
0000000
0000000
00163f8
1fe9c08
0000000
0000000
0000000
0000000
00059dd
1ffa623
0000000
0000000
0000000
0000000
00292e3
1fd6d1d
0000000
00336f8
0012b1e
0014c14
1ff8203
1ff9a43
1febf78
1fcc908
1fed4e2
1feb3ec
00065bd
0007dfd
0014088
0000000
0000000
0000000
0030910
1fcf6f0
0000000
0000000
0000000
0000000
002fe90
1fd0170
0000000
0000000
0000000
0000000
00060e9
1ff9f17
0000000
0000000
0000000
0000000
00023ad
1ffdc53
0000000
000f3e8
1feacf0
1fddbb8
1ff3d53
1ff9261
1fe7634
1ff0c18
0015310
0022448
0006d9f
000c2ad
00189cc
0000000
0000000
0000000
001366c
1fec994
0000000
0000000
0000000
0000000
0000460
1fffba0
0000000
0000000
0000000
0000000
1fffb04
00004fc
0000000
0000000
0000000
0000000
1fff668
0000998
0000000
0013504
000af7b
1fff1f7
0011c81
1ffe23d
0009d24
1fecafc
1ff5085
0000e09
0001dc3
1fee37f
1ff62dc
0000000
0000000
0000000
00095d8
1ff6a28
0000000
0000000
0000000
0000000
0009e48
1ff61b8
0000000
0000000
0000000
0000000
001ebf0
1fe1410
0000000
0000000
0000000
0000000
1febe1a
00141e6
0000000
0008b74
0004115
1ffac5f
0000be9
1fefaab
1ffc0e0
1ff748c
1ffbeeb
00053a1
0010555
1fff417
0003f20
0000000
0000000
0000000
1fd5564
002aa9c
0000000
0000000
0000000
0000000
001a154
1fe5eac
0000000
0000000
0000000
0000000
1fe8729
00178d7
0000000
0000000
0000000
0000000
1ff846d
0007b93
0000000
1ff7244
1fefd7f
1fe5e87
00076f4
001572a
000aefc
0008dbc
0010281
001a179
1fea8d6
1ff890c
1ff5104
0000000
0000000
0000000
1ff25b8
000da48
0000000
0000000
0000000
0000000
001c48c
1fe3b74
0000000
0000000
0000000
0000000
0004e87
1ffb179
0000000
0000000
0000000
0000000
1ffe6b1
000194f
0000000
1ffa6d8
0024dfc
0019142
1ff1467
0011c43
1feef9c
0005928
1fdb204
1fe6ebe
1fee3bd
000eb99
0011064
0000000
0000000
0000000
1fe5550
001aab0
0000000
0000000
0000000
0000000
0001d50
1ffe2b0
0000000
0000000
0000000
0000000
0001174
1ffee8c
0000000
0000000
0000000
0000000
1ffe3ce
0001c32
0000000
0021850
1ff135e
1ffedec
1fe05b4
1fee6fa
000d4a4
1fde7b0
000eca2
0001214
0011906
001fa4c
1ff2b5c
0000000
0000000
0000000
1febb38
00144c8
0000000
0000000
0000000
0000000
1ffdbdc
0002424
0000000
0000000
0000000
0000000
1ffecc6
000133a
0000000
0000000
0000000
0000000
0013008
1fecff8
0000000
1fcf064
0007013
0003859
0015f93
001ea1d
0026ca0
0030f9c
1ff8fed
1ffc7a7
1fe15e3
1fea06d
1fd9360
0000000
0000000
0000000
1ffb8e0
0004720
0000000
0000000
0000000
0000000
1fec808
00137f8
0000000
0000000
0000000
0000000
0008531
1ff7acf
0000000
0000000
0000000
0000000
000b5ad
1ff4a53
0000000
001290c
1ff1de2
1ffae6e
00020e9
1fe4ad3
1fe2074
1fed6f4
000e21e
0005192
001b52d
1ffdf17
001df8c
0000000
0000000
0000000
1ff1740
000e8c0
0000000
0000000
0000000
0000000
001cbf8
1fe3408
0000000
0000000
0000000
0000000
1fedd25
00122db
0000000
0000000
0000000
0000000
001663b
1fe99c5
0000000
1fe6a9c
1fe87e9
1ff1773
1fe2496
0029686
0012314
0019564
0017817
000e88d
1fd697a
001db6a
1fedcec
0000000
0000000
0000000
1ffed0c
00012f4
0000000
0000000
0000000
0000000
0041730
1fbe8d0
0000000
0000000
0000000
0000000
1ff8572
0007a8e
0000000
0000000
0000000
0000000
1ff3eda
000c126
0000000
1fe0028
000095d
1ff99a1
0007679
1ff7ae9
0027b38
001ffd8
1fff6a3
000665f
0008517
1ff8987
1fd84c8
0000000
0000000
0000000
000932c
1ff6cd4
0000000
0000000
0000000
0000000
1ff42d4
000bd2c
0000000
0000000
0000000
0000000
001b0e7
1fe4f19
0000000
0000000
0000000
0000000
1ffc0af
0003f51
0000000
1fe1f38
1fefcb3
001a3cb
000ef18
002229e
00016f4
001e0c8
001034d
1fe5c35
1fddd62
1ff10e8
1ffe90c
0000000
0000000
0000000
00006e0
1fff920
0000000
0000000
0000000
0000000
0005a50
1ffa5b0
0000000
0000000
0000000
0000000
1ffbfe1
000401f
0000000
0000000
0000000
0000000
000b3dd
1ff4c23
0000000
1fe81b0
0001cbd
0001c61
1fdaed6
0009484
001e8a4
0017e50
1ffe343
1ffe39f
1ff6b7c
002512a
1fe175c
0000000
0000000
0000000
1ff65fc
0009a04
0000000
0000000
0000000
0000000
000edfc
1ff1204
0000000
0000000
0000000
0000000
0000360
1fffca0
0000000
0000000
0000000
0000000
1fec9ac
0013654
0000000
0026598
001a8d3
1ffedb7
1ff6a45
1fe9a7d
1fcefd8
1fd9a68
1fe572d
0001249
0016583
00095bb
0031028
0000000
0000000
0000000
1fe99c4
001663c
0000000
0000000
0000000
0000000
00028f0
1ffd710
0000000
0000000
0000000
0000000
1ff360f
000c9f1
0000000
0000000
0000000
0000000
000be73
1ff418d
0000000
1fe3e10
1ffbd22
000cdaa
0022371
1ff6cef
003dde8
001c1f0
00042de
1ff3256
0009311
1fddc8f
1fc2218
0000000
0000000
0000000
1ff5694
000a96c
0000000
0000000
0000000
0000000
1fe8ee0
0017120
0000000
0000000
0000000
0000000
1fe8593
0017a6d
0000000
0000000
0000000
0000000
0015e0d
1fea1f3
0000000
00007b4
000347a
1ffd180
1ff3db3
1ff6f3f
1fe15b8
1fff84c
1ffcb86
0002e80
00090c1
000c24d
001ea48
0000000
0000000
0000000
000d268
1ff2d98
0000000
0000000
0000000
0000000
0009308
1ff6cf8
0000000
0000000
0000000
0000000
1ffa9dc
0005624
0000000
0000000
0000000
0000000
00075c4
1ff8a3c
0000000
000c3c8
000e874
1ffdf18
1ffafe8
1fee6e0
1fe4e20
1ff3c38
1ff178c
00020e8
0011920
0005018
001b1e0
0000000
0000000
0000000
0013238
1fecdc8
0000000
0000000
0000000
0000000
1ffcca4
000335c
0000000
0000000
0000000
0000000
1fedc56
00123aa
0000000
0000000
0000000
0000000
1fec596
0013a6a
0000000
1fd0c4c
0037044
0000e48
1fea43e
000ccba
1fed988
002f3b4
1fc8fbc
1fff1b8
1ff3346
0015bc2
0012678
0000000
0000000
0000000
0020494
1fdfb6c
0000000
0000000
0000000
0000000
1fd2c4c
002d3b4
0000000
0000000
0000000
0000000
1ffb4c4
0004b3c
0000000
0000000
0000000
0000000
000dab8
1ff2548
0000000
0009880
00200fe
1ffe722
1ff5444
1ffbc50
1fefc5c
1ff6780
1fdff02
00018de
00043b0
000abbc
00103a4
0000000
0000000
0000000
002cca4
1fd335c
0000000
0000000
0000000
0000000
1ff9c44
00063bc
0000000
0000000
0000000
0000000
000de3f
1ff21c1
0000000
0000000
0000000
0000000
1ffc385
0003c7b
0000000
0003eac
00004ba
1fe1ee8
1ff79f3
1ff453b
000cab4
1ffc154
1fffb46
001e118
000bac5
000860d
1ff354c
0000000
0000000
0000000
000d9e4
1ff261c
0000000
0000000
0000000
0000000
1ff4120
000bee0
0000000
0000000
0000000
0000000
1fd5817
002a7e9
0000000
0000000
0000000
0000000
1fef143
0010ebd
0000000
1ffbc90
000cc85
0007e31
000621a
1ff7d04
0007864
0004370
1ff337b
1ff81cf
00082fc
1ff9de6
1ff879c
0000000
0000000
0000000
1ff40c8
000bf38
0000000
0000000
0000000
0000000
0003ae0
1ffc520
0000000
0000000
0000000
0000000
0007b77
1ff8489
0000000
0000000
0000000
0000000
1ff8cbf
0007341
0000000
1ff6dc0
000d289
00233b1
000fd5e
1ffc078
1fe4b2c
0009240
1ff2d77
1fdcc4f
0003f88
1ff02a2
001b4d4
0000000
0000000
0000000
002cb7c
1fd3484
0000000
0000000
0000000
0000000
1fefba8
0010458
0000000
0000000
0000000
0000000
00016d8
1ffe928
0000000
0000000
0000000
0000000
0005450
1ffabb0
0000000
1fdd368
0008e48
000894c
0025660
1ffe3d0
1ff8498
0022c98
1ff71b8
1ff76b4
0001c30
1fda9a0
0007b68
0000000
0000000
0000000
002d550
1fd2ab0
0000000
0000000
0000000
0000000
000f180
1ff0e80
0000000
0000000
0000000
0000000
1fffbd2
000042e
0000000
0000000
0000000
0000000
000978e
1ff6872
0000000
0036cf4
1fec710
1ffe0c0
0002c3c
1ffb7e8
0002e88
1fc930c
00138f0
0001f40
0004818
1ffd3c4
1ffd178
0000000
0000000
0000000
0028798
1fd7868
0000000
0000000
0000000
0000000
00205d4
1fdfa2c
0000000
0000000
0000000
0000000
1ffcb76
000348a
0000000
0000000
0000000
0000000
1fd5d8e
002a272
0000000
00151d8
1ff64b3
1fe50c3
0007d8d
000456d
1ff07d8
1feae28
0009b4d
001af3d
1ffba93
1ff8273
000f828
0000000
0000000
0000000
000d9e8
1ff2618
0000000
0000000
0000000
0000000
1fddf24
00220dc
0000000
0000000
0000000
0000000
000153c
1ffeac4
0000000
0000000
0000000
0000000
1fe93b2
0016c4e
0000000
1fea968
1ff6aaf
1ff5e95
0021d7b
0007d6d
0011434
0015698
0009551
000a16b
1ff8293
1fde285
1feebcc
0000000
0000000
0000000
0020844
1fdf7bc
0000000
0000000
0000000
0000000
1fe8e0c
00171f4
0000000
0000000
0000000
0000000
0001413
1ffebed
0000000
0000000
0000000
0000000
0011bb7
1fee449
0000000
0023bc8
1ff6ce4
0000fd4
1ffa4f7
1ff4859
00191d0
1fdc438
000931c
1fff02c
000b7a7
0005b09
1fe6e30
0000000
0000000
0000000
1fdc2e4
0023d1c
0000000
0000000
0000000
0000000
1ff9e58
00061a8
0000000
0000000
0000000
0000000
001d1f6
1fe2e0a
0000000
0000000
0000000
0000000
1ffc5aa
0003a56
0000000
1ff69f4
1ffe915
0004025
1ffaf91
0014ef9
1fc89ac
000960c
00016eb
1ffbfdb
1feb107
000506f
0037654
0000000
0000000
0000000
001137c
1feec84
0000000
0000000
0000000
0000000
0010f50
1fef0b0
0000000
0000000
0000000
0000000
0006c9d
1ff9363
0000000
0000000
0000000
0000000
1ff3dc1
000c23f
0000000
1feafec
1ff21fa
1fe7b96
1ff1773
1ffc62d
0022f1c
0015014
000de06
001846a
00039d3
000e88d
1fdd0e4
0000000
0000000
0000000
1fe3cd8
001c328
0000000
0000000
0000000
0000000
1ffb8b4
000474c
0000000
0000000
0000000
0000000
002907c
1fd6f84
0000000
0000000
0000000
0000000
0005334
1ffaccc
0000000
1fe9540
1feff5f
0008fbb
1ffcc09
00163e1
0007364
0016ac0
00100a1
1ff7045
1fe9c1f
00033f7
1ff8c9c
0000000
0000000
0000000
1ff1598
000ea68
0000000
0000000
0000000
0000000
000cd9c
1ff3264
0000000
0000000
0000000
0000000
0001f39
1ffe0c7
0000000
0000000
0000000
0000000
1ffd7d7
0002829
0000000
0007da0
1ff1878
1ff98da
1ff1345
1ff4f49
1fed834
1ff8260
000e788
0006726
000b0b7
000ecbb
00127cc
0000000
0000000
0000000
0004038
1ffbfc8
0000000
0000000
0000000
0000000
1ff0560
000faa0
0000000
0000000
0000000
0000000
00043b7
1ffbc49
0000000
0000000
0000000
0000000
1fffec1
000013f
0000000
0019958
000f5dd
0006a63
1ffba72
1ff15e6
1fe4800
1fe66a8
1ff0a23
1ff959d
000ea1a
000458e
001b800
0000000
0000000
0000000
000bf9c
1ff4064
0000000
0000000
0000000
0000000
000673c
1ff98c4
0000000
0000000
0000000
0000000
000095c
1fff6a4
0000000
0000000
0000000
0000000
1ffd6be
0002942
0000000
002cf2c
1ff7998
000a736
001487e
00012cc
1ffc71c
1fd30d4
0008668
1ff58ca
1ffed34
1feb782
00038e4
0000000
0000000
0000000
000923c
1ff6dc4
0000000
0000000
0000000
0000000
0044ce0
1fbb320
0000000
0000000
0000000
0000000
1ff2f73
000d08d
0000000
0000000
0000000
0000000
1ff1873
000e78d
0000000
000c858
000a2c5
000d2d9
1ff919e
0004384
0008e64
1ff37a8
1ff5d3b
1ff2d27
1ffbc7c
0006e62
1ff719c
0000000
0000000
0000000
1ff5b20
000a4e0
0000000
0000000
0000000
0000000
001ce60
1fe31a0
0000000
0000000
0000000
0000000
00270de
1fd8f22
0000000
0000000
0000000
0000000
1ff8a1a
00075e6
0000000
0010108
1ff50e8
1ffaeb4
00193ee
1fde852
1fe2490
1fefef8
000af18
000514c
00217ae
1fe6c12
001db70
0000000
0000000
0000000
00018a0
1ffe760
0000000
0000000
0000000
0000000
001d92c
1fe26d4
0000000
0000000
0000000
0000000
0005107
1ffaef9
0000000
0000000
0000000
0000000
1fd1cc5
002e33b
0000000
1ffdee0
0002a13
0000c61
0005296
1fff62a
1fee6a4
0002120
1ffd5ed
1fff39f
00009d6
1ffad6a
001195c
0000000
0000000
0000000
1ff7e24
00081dc
0000000
0000000
0000000
0000000
1ff7974
000868c
0000000
0000000
0000000
0000000
1fe4bcf
001b431
0000000
0000000
0000000
0000000
0004751
1ffb8af
0000000
1ff5a54
0001c70
0000876
0007e3d
000400d
1ff5a74
000a5ac
1ffe390
1fff78a
1ffbff3
1ff81c3
000a58c
0000000
0000000
0000000
1fdfde4
002021c
0000000
0000000
0000000
0000000
1feb6c8
0014938
0000000
0000000
0000000
0000000
000887a
1ff7786
0000000
0000000
0000000
0000000
1fe66e4
001991c
0000000
0032748
1ffc6e2
1ff0f2c
000593c
000e59e
1fcd528
1fcd8b8
000391e
000f0d4
1ff1a62
1ffa6c4
0032ad8
0000000
0000000
0000000
0018448
1fe7bb8
0000000
0000000
0000000
0000000
0016ab0
1fe9550
0000000
0000000
0000000
0000000
00107d5
1fef82b
0000000
0000000
0000000
0000000
0008c2f
1ff73d1
0000000
1ffba3c
000143c
002744e
0004805
00000d1
002d230
00045c4
1ffebc4
1fd8bb2
1ffff2f
1ffb7fb
1fd2dd0
0000000
0000000
0000000
1fe4fcc
001b034
0000000
0000000
0000000
0000000
1fd7708
00288f8
0000000
0000000
0000000
0000000
1ff0189
000fe77
0000000
0000000
0000000
0000000
00158f9
1fea707
0000000
0019e38
000923e
1fe750a
0000a1b
1fe2b75
1ff7064
1fe61c8
1ff6dc2
0018af6
001d48b
1fff5e5
0008f9c
0000000
0000000
0000000
00004e8
1fffb18
0000000
0000000
0000000
0000000
1ffd5c0
0002a40
0000000
0000000
0000000
0000000
0005241
1ffadbf
0000000
0000000
0000000
0000000
0012edf
1fed121
0000000
00098f0
0006e4c
00257c6
00026c5
0011dc1
1fdd8c4
1ff6710
1ff91b4
1fda83a
1fee23f
1ffd93b
002273c
0000000
0000000
0000000
0027ac8
1fd8538
0000000
0000000
0000000
0000000
1ffa7d8
0005828
0000000
0000000
0000000
0000000
001a7f6
1fe580a
0000000
0000000
0000000
0000000
1fed392
0012c6e
0000000
1fdb350
1fe26b9
000465d
000a8c3
0004e13
0006ce8
0024cb0
001d947
1ffb9a3
1ffb1ed
1ff573d
1ff9318
0000000
0000000
0000000
1fdca30
00235d0
0000000
0000000
0000000
0000000
0019728
1fe68d8
0000000
0000000
0000000
0000000
000b4c6
1ff4b3a
0000000
0000000
0000000
0000000
1ff91dc
0006e24
0000000
0001630
1ff5fda
000b1dc
0007172
000006c
000db7c
1ffe9d0
000a026
1ff4e24
1ffff94
1ff8e8e
1ff2484
0000000
0000000
0000000
0002948
1ffd6b8
0000000
0000000
0000000
0000000
000e97c
1ff1684
0000000
0000000
0000000
0000000
1ff7abc
0008544
0000000
0000000
0000000
0000000
1ff9bbe
0006442
0000000
1fe6880
1fff905
00135eb
0005ec7
0001b91
1ffaf50
0019780
00006fb
1feca15
1ffe46f
1ffa139
00050b0
0000000
0000000
0000000
0019898
1fe6768
0000000
0000000
0000000
0000000
1ff55f4
000aa0c
0000000
0000000
0000000
0000000
000115f
1ffeea1
0000000
0000000
0000000
0000000
1ffbb2d
00044d3
0000000
1fef4fc
0005bfe
000d83c
00062e9
1ff9519
1fec268
0010b04
1ffa402
1ff27c4
0006ae7
1ff9d17
0013d98
0000000
0000000
0000000
000d2d4
1ff2d2c
0000000
0000000
0000000
0000000
1ff727c
0008d84
0000000
0000000
0000000
0000000
001c7c1
1fe383f
0000000
0000000
0000000
0000000
001096d
1fef693
0000000
000ddd0
1ff3076
1ff4af2
1fe4adf
1fff9b5
0014388
1ff2230
000cf8a
000b50e
000064b
001b521
1febc78
0000000
0000000
0000000
1fd59c8
002a638
0000000
0000000
0000000
0000000
0008f40
1ff70c0
0000000
0000000
0000000
0000000
1ff9ca8
0006358
0000000
0000000
0000000
0000000
1fefd58
00102a8
0000000
0002a3c
00135d9
0006e91
1ff32af
000b5af
001a5c0
1ffd5c4
1feca27
1ff916f
1ff4a51
000cd51
1fe5a40
0000000
0000000
0000000
001b358
1fe4ca8
0000000
0000000
0000000
0000000
1ff4154
000beac
0000000
0000000
0000000
0000000
0014c88
1feb378
0000000
0000000
0000000
0000000
0013942
1fec6be
0000000
000bdf8
0002992
0009790
1ffd8c2
000d94c
0005420
1ff4208
1ffd66e
1ff6870
1ff26b4
000273e
1ffabe0
0000000
0000000
0000000
1ff5c8c
000a374
0000000
0000000
0000000
0000000
001d834
1fe27cc
0000000
0000000
0000000
0000000
1ff03a7
000fc59
0000000
0000000
0000000
0000000
1fe7ddd
0018223
0000000
1fff4f0
1ff4d94
000dfb2
0004501
0004fb9
0023b5c
0000b10
000b26c
1ff204e
1ffb047
1ffbaff
1fdc4a4
0000000
0000000
0000000
1ffbc80
0004380
0000000
0000000
0000000
0000000
1fe26a4
001d95c
0000000
0000000
0000000
0000000
1ffa1ae
0005e52
0000000
0000000
0000000
0000000
1fe760a
00189f6
0000000
1fec82c
0002cdc
001f184
1ffdca2
1ff118a
000bd30
00137d4
1ffd324
1fe0e7c
000ee76
000235e
1ff42d0
0000000
0000000
0000000
001283c
1fed7c4
0000000
0000000
0000000
0000000
000ceb0
1ff3150
0000000
0000000
0000000
0000000
000a82c
1ff57d4
0000000
0000000
0000000
0000000
1fe58b6
001a74a
0000000
1ff0f58
001b204
1ffc106
1ffb4d4
00088e6
0007e50
000f0a8
1fe4dfc
0003efa
1ff771a
0004b2c
1ff81b0
0000000
0000000
0000000
1fced04
00312fc
0000000
0000000
0000000
0000000
1ff9a10
00065f0
0000000
0000000
0000000
0000000
1fdb0dd
0024f23
0000000
0000000
0000000
0000000
0000e63
1fff19d
0000000
1fe11d0
1feddde
0001a78
000f187
0012713
1fed0f8
001ee30
0012222
1ffe588
1fed8ed
1ff0e79
0012f08
0000000
0000000
0000000
0026e9c
1fd9164
0000000
0000000
0000000
0000000
001f85c
1fe07a4
0000000
0000000
0000000
0000000
1fd7951
00286af
0000000
0000000
0000000
0000000
1fec1a7
0013e59
0000000
0021fa0
1ff2ce5
0010783
1fe4a22
1ff796e
001d54c
1fde060
000d31b
1fef87d
0008692
001b5de
1fe2ab4
0000000
0000000
0000000
1ff516c
000ae94
0000000
0000000
0000000
0000000
0007fe0
1ff8020
0000000
0000000
0000000
0000000
00121a5
1fede5b
0000000
0000000
0000000
0000000
0004b2d
1ffb4d3
0000000
1fdbdd0
0008fe0
00015c4
0010ebf
000c495
1fe5db0
0024230
1ff7020
1ffea3c
1ff3b6b
1fef141
001a250
0000000
0000000
0000000
1ff736c
0008c94
0000000
0000000
0000000
0000000
1fdf02c
0020fd4
0000000
0000000
0000000
0000000
00116c5
1fee93b
0000000
0000000
0000000
0000000
0019695
1fe696b
0000000
1ff1d28
0007e1a
000cb1a
1ffc9df
1ffcb15
1fe46e8
000e2d8
1ff81e6
1ff34e6
00034eb
0003621
001b918
0000000
0000000
0000000
1feb46c
0014b94
0000000
0000000
0000000
0000000
1fd2a28
002d5d8
0000000
0000000
0000000
0000000
0016af2
1fe950e
0000000
0000000
0000000
0000000
1ff4b82
000b47e
0000000
00099d4
000246c
1ff0fac
000a9a0
1ff1258
0005c4c
1ff662c
1ffdb94
000f054
000eda8
1ff5660
1ffa3b4
0000000
0000000
0000000
0006170
1ff9e90
0000000
0000000
0000000
0000000
1fe4fc4
001b03c
0000000
0000000
0000000
0000000
1ff10f2
000ef0e
0000000
0000000
0000000
0000000
1fe464e
001b9b2
0000000
0026fd0
00051bc
0000584
0008e46
1fcb9f6
1ff4f2c
1fd9030
1ffae44
1fffa7c
003460a
1ff71ba
000b0d4
0000000
0000000
0000000
1fd574c
002a8b4
0000000
0000000
0000000
0000000
1fd6810
00297f0
0000000
0000000
0000000
0000000
1ff7b42
00084be
0000000
0000000
0000000
0000000
0000e38
1fff1c8
0000000
002a23c
1fdcfeb
1ff902d
0013e4f
0006f8d
1fedb98
1fd5dc4
0023015
0006fd3
1ff9073
1fec1b1
0012468
0000000
0000000
0000000
1fdc46c
0023b94
0000000
0000000
0000000
0000000
1ff0134
000fecc
0000000
0000000
0000000
0000000
1ffb823
00047dd
0000000
0000000
0000000
0000000
1ffb1a9
0004e57
0000000
1ff5620
0033c36
1ffe524
0006379
1fe549d
1ffbd30
000a9e0
1fcc3ca
0001adc
001ab63
1ff9c87
00042d0
0000000
0000000
0000000
1ffdab0
0002550
0000000
0000000
0000000
0000000
0000f50
1fff0b0
0000000
0000000
0000000
0000000
00029e7
1ffd619
0000000
0000000
0000000
0000000
1ff9d8d
0006273
0000000
1ffb5f8
00006eb
0001ae9
1ffc14e
00126f2
1fd721c
0004a08
1fff915
1ffe517
1fed90e
0003eb2
0028de4
0000000
0000000
0000000
0014524
1febadc
0000000
0000000
0000000
0000000
1fc4d28
003b2d8
0000000
0000000
0000000
0000000
00199a2
1fe665e
0000000
0000000
0000000
0000000
1ff80d0
0007f30
0000000
0007850
000179e
1ff4114
00079e2
1fef4b8
0007d80
1ff87b0
1ffe862
000beec
0010b48
1ff861e
1ff8280
0000000
0000000
0000000
1fe0314
001fcec
0000000
0000000
0000000
0000000
0030990
1fcf670
0000000
0000000
0000000
0000000
1ffeadc
0001524
0000000
0000000
0000000
0000000
000a446
1ff5bba
0000000
0019590
1ffe845
0005a4f
1fe028d
1fff97b
0002660
1fe6a70
00017bb
1ffa5b1
0000685
001fd73
1ffd9a0
0000000
0000000
0000000
000ce60
1ff31a0
0000000
0000000
0000000
0000000
0006aec
1ff9514
0000000
0000000
0000000
0000000
1ffda60
00025a0
0000000
0000000
0000000
0000000
0000ac8
1fff538
0000000
000a498
1ff0f84
1ff86ec
1ff945a
1ff7116
0001ca0
1ff5b68
000f07c
0007914
0008eea
0006ba6
1ffe360
0000000
0000000
0000000
0002e90
1ffd170
0000000
0000000
0000000
0000000
00006e4
1fff91c
0000000
0000000
0000000
0000000
1ffd9d4
000262c
0000000
0000000
0000000
0000000
000559a
1ffaa66
0000000
1ff56f8
000268e
0002e20
0010516
1feed58
000fb9c
000a908
1ffd972
1ffd1e0
00112a8
1fefaea
1ff0464
0000000
0000000
0000000
1ff4afc
000b504
0000000
0000000
0000000
0000000
1fffd9c
0000264
0000000
0000000
0000000
0000000
0000edf
1fff121
0000000
0000000
0000000
0000000
1ff868f
0007971
0000000
1fe0ab0
000c43a
1febeae
002c709
0017ce3
1ff9448
001f550
1ff3bc6
0014152
1fe831d
1fd38f7
0006bb8
0000000
0000000
0000000
0034f94
1fcb06c
0000000
0000000
0000000
0000000
1fe38a0
001c760
0000000
0000000
0000000
0000000
1ffd9d5
000262b
0000000
0000000
0000000
0000000
1ff4b05
000b4fb
0000000
000af18
1ff0df2
0024db2
0005347
1fe729d
0013d84
1ff50e8
000f20e
1fdb24e
0018d63
1ffacb9
1fec27c
0000000
0000000
0000000
1fe1fec
001e014
0000000
0000000
0000000
0000000
00023c0
1ffdc40
0000000
0000000
0000000
0000000
1febb0d
00144f3
0000000
0000000
0000000
0000000
1ff7067
0008f99
0000000
0044470
1fb122e
000b1d4
1fff1eb
1fec73f
0000a00
1fbbb90
004edd2
1ff4e2c
00138c1
0000e15
1fff600
0000000
0000000
0000000
000c6dc
1ff3924
0000000
0000000
0000000
0000000
0008908
1ff76f8
0000000
0000000
0000000
0000000
1ff5d70
000a290
0000000
0000000
0000000
0000000
1fdfadc
0020524
0000000
00048e8
1ffbc9d
1fff965
000f9cb
1ff7677
1ff92a8
1ffb718
0004363
000069b
0008989
1ff0635
0006d58
0000000
0000000
0000000
1ffd9e4
000261c
0000000
0000000
0000000
0000000
1fcc3c4
0033c3c
0000000
0000000
0000000
0000000
1fedfdb
0012025
0000000
0000000
0000000
0000000
000a29d
1ff5d63
0000000
1fef4a0
0009829
0011e9b
0005088
1ff8cb8
000ed8c
0010b60
1ff67d7
1fee165
0007348
1ffaf78
1ff1274
0000000
0000000
0000000
0001ba8
1ffe458
0000000
0000000
0000000
0000000
001490c
1feb6f4
0000000
0000000
0000000
0000000
000c8f2
1ff370e
0000000
0000000
0000000
0000000
1fe8dd6
001722a
0000000
1ff8234
0023bb2
0005a82
1ffadb2
1ff160a
1ff0bb0
0007dcc
1fdc44e
1ffa57e
000e9f6
000524e
000f450
0000000
0000000
0000000
1ff0d14
000f2ec
0000000
0000000
0000000
0000000
1ffff2c
00000d4
0000000
0000000
0000000
0000000
000b038
1ff4fc8
0000000
0000000
0000000
0000000
0011060
1feefa0
0000000
0018528
000e342
000274e
1ff9d8e
000b9fa
1fc376c
1fe7ad8
1ff1cbe
1ffd8b2
1ff4606
0006272
003c894
0000000
0000000
0000000
1ff1514
000eaec
0000000
0000000
0000000
0000000
0019a34
1fe65cc
0000000
0000000
0000000
0000000
1ff5af3
000a50d
0000000
0000000
0000000
0000000
1ffd6ad
0002953
0000000
001c4f0
1fffaf9
1ff411f
000dfc4
000c524
000f3b4
1fe3b10
0000507
000bee1
1ff3adc
1ff203c
1ff0c4c
0000000
0000000
0000000
1fd54e0
002ab20
0000000
0000000
0000000
0000000
0016714
1fe98ec
0000000
0000000
0000000
0000000
0011da6
1fee25a
0000000
0000000
0000000
0000000
00055fc
1ffaa04
0000000
1ff300c
00117f7
00006c5
1fff819
1feee97
1ffeacc
000cff4
1fee809
1fff93b
0011169
00007e7
0001534
0000000
0000000
0000000
1ff63e0
0009c20
0000000
0000000
0000000
0000000
001d250
1fe2db0
0000000
0000000
0000000
0000000
0007512
1ff8aee
0000000
0000000
0000000
0000000
1fe8f60
00170a0
0000000
1fd3f94
000eb67
1ff3281
1ff9f13
1ffd1f9
000c12c
002c06c
1ff1499
000cd7f
0002e07
00060ed
1ff3ed4
0000000
0000000
0000000
1ffcc0c
00033f4
0000000
0000000
0000000
0000000
001d0b8
1fe2f48
0000000
0000000
0000000
0000000
1ffa251
0005daf
0000000
0000000
0000000
0000000
1fe6fa5
001905b
0000000
1ff5458
1ffa0e3
1ffbbbf
1ffd67a
0007c98
1ffc484
000aba8
0005f1d
0004441
1ff8368
0002986
0003b7c
0000000
0000000
0000000
1ff4a10
000b5f0
0000000
0000000
0000000
0000000
001c70c
1fe38f4
0000000
0000000
0000000
0000000
1ffb871
000478f
0000000
0000000
0000000
0000000
00009f5
1fff60b
0000000
0014a54
1ff924b
1ff5c97
000a48c
0007b42
1ff9ddc
1feb5ac
0006db5
000a369
1ff84be
1ff5b74
0006224
0000000
0000000
0000000
000a780
1ff5880
0000000
0000000
0000000
0000000
1ffd870
0002790
0000000
0000000
0000000
0000000
0003d4d
1ffc2b3
0000000
0000000
0000000
0000000
1ffe34f
0001cb1
0000000
1fee280
1fff160
0005cd6
001cec9
1ff2825
00160b0
0011d80
0000ea0
1ffa32a
000d7db
1fe3137
1fe9f50
0000000
0000000
0000000
1ffef28
00010d8
0000000
0000000
0000000
0000000
0018f64
1fe709c
0000000
0000000
0000000
0000000
1ff1fa6
000e05a
0000000
0000000
0000000
0000000
1ffcd96
000326a
0000000
1fe35a4
1ffc695
1ff691d
0017295
0017c11
1fe6760
001ca5c
000396b
00096e3
1fe83ef
1fe8d6b
00198a0
0000000
0000000
0000000
1fff1c8
0000e38
0000000
0000000
0000000
0000000
1ffac24
00053dc
0000000
0000000
0000000
0000000
000ec02
1ff13fe
0000000
0000000
0000000
0000000
0006f62
1ff909e
0000000
00189a8
1ff9b2f
00035b3
0007895
1ff2f31
0006430
1fe7658
00064d1
1ffca4d
000d0cf
1ff876b
1ff9bd0
0000000
0000000
0000000
1ff5a38
000a5c8
0000000
0000000
0000000
0000000
1fffcfc
0000304
0000000
0000000
0000000
0000000
00089e2
1ff761e
0000000
0000000
0000000
0000000
000bcfa
1ff4306
0000000
1ffe558
0007ec5
000e8fd
0001ba9
000ae61
0003f30
0001aa8
1ff813b
1ff1703
1ff519f
1ffe457
1ffc0d0
0000000
0000000
0000000
00026ac
1ffd954
0000000
0000000
0000000
0000000
1ffebb4
000144c
0000000
0000000
0000000
0000000
1ff0511
000faef
0000000
0000000
0000000
0000000
0006aa3
1ff955d
0000000
0003800
1ff6d7e
1ff0544
0002bff
0003fd7
1ffd708
1ffc800
0009282
000fabc
1ffc029
1ffd401
00028f8
0000000
0000000
0000000
002d204
1fd2dfc
0000000
0000000
0000000
0000000
0028d14
1fd72ec
0000000
0000000
0000000
0000000
000316d
1ffce93
0000000
0000000
0000000
0000000
1ff7c05
00083fb
0000000
1fe769c
001a668
000b3e0
1fe41bb
1ffbdb1
00147d4
0018964
1fe5998
1ff4c20
000424f
001be45
1feb82c
0000000
0000000
0000000
001307c
1fecf84
0000000
0000000
0000000
0000000
1fe2d68
001d298
0000000
0000000
0000000
0000000
001c311
1fe3cef
0000000
0000000
0000000
0000000
1ff83ad
0007c53
0000000
00340fc
1fbfd69
0002525
000d594
001cc4a
000c21c
1fcbf04
0040297
1ffdadb
1fe33b6
1ff2a6c
1ff3de4
0000000
0000000
0000000
1ffcb84
000347c
0000000
0000000
0000000
0000000
1fd158c
002ea74
0000000
0000000
0000000
0000000
0011be6
1fee41a
0000000
0000000
0000000
0000000
0014a98
1feb568
0000000
1ff72a0
000c0c7
1ffce8d
0004285
1ff454f
1fd9970
0008d60
1ff3f39
0003173
000bab1
1ffbd7b
0026690
0000000
0000000
0000000
1ff1a48
000e5b8
0000000
0000000
0000000
0000000
001b96c
1fe4694
0000000
0000000
0000000
0000000
000e50f
1ff1af1
0000000
0000000
0000000
0000000
1fefa13
00105ed
0000000
0003550
1ff99f0
1fff018
1ffd72f
0012d1d
0009a08
1ffcab0
0006610
0000fe8
1fed2e3
00028d1
1ff65f8
0000000
0000000
0000000
1fd68a8
0029758
0000000
0000000
0000000
0000000
004c738
1fb38c8
0000000
0000000
0000000
0000000
1ffd0dd
0002f23
0000000
0000000
0000000
0000000
1ff46ff
000b901
0000000
001d5a0
0017926
1ff98a4
1fdc2a5
0015fc9
1ffbc50
1fe2a60
1fe86da
000675c
1fea037
0023d5b
00043b0
0000000
0000000
0000000
1ff39e0
000c620
0000000
0000000
0000000
0000000
1feb560
0014aa0
0000000
0000000
0000000
0000000
0018e8e
1fe7172
0000000
0000000
0000000
0000000
1ff7000
0009000
0000000
1fea990
1fe9d8d
0011dc7
000b5bb
1ffc635
1ff898c
0015670
0016273
1fee239
00039cb
1ff4a45
0007674
0000000
0000000
0000000
1fe16ec
001e914
0000000
0000000
0000000
0000000
1ffa3f0
0005c10
0000000
0000000
0000000
0000000
00112d0
1feed30
0000000
0000000
0000000
0000000
000c778
1ff3888
0000000
0015858
1fe5632
001b40e
1ffc686
1fe1d02
0009fd8
1fea7a8
001a9ce
1fe4bf2
001e2fe
000397a
1ff6028
0000000
0000000
0000000
0027ab4
1fd854c
0000000
0000000
0000000
0000000
00452a8
1fbad58
0000000
0000000
0000000
0000000
1ffcccb
0003335
0000000
0000000
0000000
0000000
1feb49f
0014b61
0000000
1fcb300
000e3ee
0003482
000355b
000f9a9
002f2ec
0034d00
1ff1c12
1ffcb7e
1ff0657
1ffcaa5
1fd0d14
0000000
0000000
0000000
1ffcdbc
0003244
0000000
0000000
0000000
0000000
000995c
1ff66a4
0000000
0000000
0000000
0000000
1ff4ef1
000b10f
0000000
0000000
0000000
0000000
1ffe7ff
0001801
0000000
1ffd664
1fff180
1fe8e3a
1ffead9
000ca59
1fdcb80
000299c
0000e80
00171c6
1ff35a7
0001527
0023480
0000000
0000000
0000000
00016b4
1ffe94c
0000000
0000000
0000000
0000000
001af54
1fe50ac
0000000
0000000
0000000
0000000
0003225
1ffcddb
0000000
0000000
0000000
0000000
1ffa7d1
000582f
0000000
0039740
1fef53a
1ffaa42
1ff2b3b
1ff57a5
1fec6a4
1fc68c0
0010ac6
00055be
000a85b
000d4c5
001395c
0000000
0000000
0000000
1fead80
0015280
0000000
0000000
0000000
0000000
00231e4
1fdce1c
0000000
0000000
0000000
0000000
0012018
1fedfe8
0000000
0000000
0000000
0000000
00063ce
1ff9c32
0000000
0035da0
000a1f3
1ff5d85
1ff8aa3
1ff84cd
1ff51bc
1fca260
1ff5e0d
000a27b
0007b33
000755d
000ae44
0000000
0000000
0000000
1fed23c
0012dc4
0000000
0000000
0000000
0000000
1fde02c
0021fd4
0000000
0000000
0000000
0000000
001ccb1
1fe334f
0000000
0000000
0000000
0000000
1ff979d
0006863
0000000
001bdf4
1ff6cad
0003d7d
1ff6ede
1ff1718
001a020
1fe420c
0009353
1ffc283
000e8e8
0009122
1fe5fe0
0000000
0000000
0000000
002113c
1fdeec4
0000000
0000000
0000000
0000000
001aa08
1fe55f8
0000000
0000000
0000000
0000000
000438c
1ffbc74
0000000
0000000
0000000
0000000
1fec996
001366a
0000000
000219c
00000e1
1fe3513
1fef239
1ffdbd3
1fed148
1ffde64
1ffff1f
001caed
000242d
0010dc7
0012eb8
0000000
0000000
0000000
0019e6c
1fe6194
0000000
0000000
0000000
0000000
1fff0b8
0000f48
0000000
0000000
0000000
0000000
1ffe8ab
0001755
0000000
0000000
0000000
0000000
000946f
1ff6b91
0000000
0003ce4
000d7a9
1ff62e5
000a196
00045e0
1ff824c
1ffc31c
1ff2857
0009d1b
1ffba20
1ff5e6a
0007db4
0000000
0000000
0000000
1fec4f0
0013b10
0000000
0000000
0000000
0000000
1fe8b20
00174e0
0000000
0000000
0000000
0000000
1fe89b7
0017649
0000000
0000000
0000000
0000000
0006835
1ff97cb
0000000
001120c
000889d
1fef1e7
1ffe9fe
1ffa332
1ff43b8
1feedf4
1ff7763
0010e19
0005cce
0001602
000bc48
0000000
0000000
0000000
00207a0
1fdf860
0000000
0000000
0000000
0000000
001f664
1fe099c
0000000
0000000
0000000
0000000
1ffc1c7
0003e39
0000000
0000000
0000000
0000000
1fec13d
0013ec3
0000000
000e48c
1ff986a
001c7a0
1fe7b97
1ff7053
1ffee64
1ff1b74
0006796
1fe3860
0008fad
0018469
000119c
0000000
0000000
0000000
0035eac
1fca154
0000000
0000000
0000000
0000000
0024458
1fdbba8
0000000
0000000
0000000
0000000
1feb80f
00147f1
0000000
0000000
0000000
0000000
000cb03
1ff34fd
0000000
1fd1cb0
001a91d
0006c51
1ff5822
002456c
1feaabc
002e350
1fe56e3
1ff93af
1fdba94
000a7de
0015544
0000000
0000000
0000000
1fe9ab4
001654c
0000000
0000000
0000000
0000000
00190bc
1fe6f44
0000000
0000000
0000000
0000000
1ff7455
0008bab
0000000
0000000
0000000
0000000
1ff196d
000e693
0000000
00144d8
1fef7da
1ffa1f6
1fd2f0f
000ba89
0032444
1febb28
0010826
0005e0a
1ff4577
002d0f1
1fcdbbc
0000000
0000000
0000000
0025328
1fdacd8
0000000
0000000
0000000
0000000
00022dc
1ffdd24
0000000
0000000
0000000
0000000
0004688
1ffb978
0000000
0000000
0000000
0000000
1feb120
0014ee0
0000000
001befc
1feafa8
0017218
1fffb26
1ff300e
0005ee8
1fe4104
0015058
1fe8de8
000cff2
00004da
1ffa118
0000000
0000000
0000000
000ada4
1ff525c
0000000
0000000
0000000
0000000
001c05c
1fe3fa4
0000000
0000000
0000000
0000000
0008ebe
1ff7142
0000000
0000000
0000000
0000000
1fef054
0010fac
0000000
1fe5f50
1ff4096
1fea270
0011096
0003b38
00011d0
001a0b0
000bf6a
0015d90
1ffc4c8
1feef6a
1ffee30
0000000
0000000
0000000
1fe86ec
0017914
0000000
0000000
0000000
0000000
0027e70
1fd8190
0000000
0000000
0000000
0000000
1ff0acd
000f533
0000000
0000000
0000000
0000000
1ff5dff
000a201
0000000
1feb840
1ff30a5
002257b
000e782
000f9d6
00473a4
00147c0
000cf5b
1fdda85
1ff062a
1ff187e
1fb8c5c
0000000
0000000
0000000
0024ff0
1fdb010
0000000
0000000
0000000
0000000
1ff9d28
00062d8
0000000
0000000
0000000
0000000
1ff1cc1
000e33f
0000000
0000000
0000000
0000000
00005c9
1fffa37
0000000
1fd17c4
1ff5974
000c5c4
001097b
1fff241
0004100
002e83c
000a68c
1ff3a3c
0000dbf
1fef685
1ffbf00
0000000
0000000
0000000
1fd27a0
002d860
0000000
0000000
0000000
0000000
0001af4
1ffe50c
0000000
0000000
0000000
0000000
1ffa3ee
0005c12
0000000
0000000
0000000
0000000
1ff7eec
0008114
0000000
1fea680
1ffc6c1
000782f
1ff5489
000ba2b
1fe0598
0015980
000393f
1ff87d1
1ff45d5
000ab77
001fa68
0000000
0000000
0000000
1fe214c
001deb4
0000000
0000000
0000000
0000000
1fe69d0
0019630
0000000
0000000
0000000
0000000
000bfc1
1ff403f
0000000
0000000
0000000
0000000
000d1e7
1ff2e19
0000000
0017490
1ffd700
1ffb526
0021fbf
0001887
0017604
1fe8b70
0002900
0004ada
1ffe779
1fde041
1fe89fc
0000000
0000000
0000000
0011094
1feef6c
0000000
0000000
0000000
0000000
1ffba30
00045d0
0000000
0000000
0000000
0000000
0000c02
1fff3fe
0000000
0000000
0000000
0000000
1fede4c
00121b4
0000000
1ffe36c
0012d9d
1ff7083
1fe72f1
1ffc093
1ff7e90
0001c94
1fed263
0008f7d
0003f6d
0018d0f
0008170
0000000
0000000
0000000
1ffa660
00059a0
0000000
0000000
0000000
0000000
0011a1c
1fee5e4
0000000
0000000
0000000
0000000
0003b64
1ffc49c
0000000
0000000
0000000
0000000
1ffa374
0005c8c
0000000
0023748
1fd4cae
1ff67ea
1fe8124
0007b60
00000ec
1fdc8b8
002b352
0009816
1ff84a0
0017edc
1ffff14
0000000
0000000
0000000
000b5f4
1ff4a0c
0000000
0000000
0000000
0000000
0002788
1ffd878
0000000
0000000
0000000
0000000
000c137
1ff3ec9
0000000
0000000
0000000
0000000
1ffb3c9
0004c37
0000000
00082f4
000027f
1ffd131
0001298
1ff4c18
1ffc1d4
1ff7d0c
1fffd81
0002ecf
000b3e8
1ffed68
0003e2c
0000000
0000000
0000000
0006e68
1ff9198
0000000
0000000
0000000
0000000
002a82c
1fd57d4
0000000
0000000
0000000
0000000
1ff65f6
0009a0a
0000000
0000000
0000000
0000000
1ff84f2
0007b0e
0000000
1fdd6d8
1ff501f
00051ef
1ff2c95
0001e61
0000538
0022928
000afe1
1ffae11
1ffe19f
000d36b
1fffac8
0000000
0000000
0000000
1ff90b8
0006f48
0000000
0000000
0000000
0000000
001efe8
1fe1018
0000000
0000000
0000000
0000000
1ffbc15
00043eb
0000000
0000000
0000000
0000000
1ffa1a3
0005e5d
0000000
0001228
00077a4
000193a
000b941
1ff7541
0002424
1ffedd8
1ff885c
1ffe6c6
0008abf
1ff46bf
1ffdbdc
0000000
0000000
0000000
0008a00
1ff7600
0000000
0000000
0000000
0000000
1ff06e8
000f918
0000000
0000000
0000000
0000000
0002d1e
1ffd2e2
0000000
0000000
0000000
0000000
00125f2
1feda0e
0000000
1ff88c8
1ff7377
1ff99bf
1ff9a19
1ff8891
00365e8
0007738
0008c89
0006641
000776f
00065e7
1fc9a18
0000000
0000000
0000000
000e1b4
1ff1e4c
0000000
0000000
0000000
0000000
1ff5c0c
000a3f4
0000000
0000000
0000000
0000000
1ff0e79
000f187
0000000
0000000
0000000
0000000
000b219
1ff4de7
0000000
1fdef40
1ffd43f
000ca3b
000c904
0004eee
000ad64
00210c0
0002bc1
1ff35c5
1ffb112
1ff36fc
1ff529c
0000000
0000000
0000000
00083c4
1ff7c3c
0000000
0000000
0000000
0000000
000e150
1ff1eb0
0000000
0000000
0000000
0000000
1fda579
0025a87
0000000
0000000
0000000
0000000
0017515
1fe8aeb
0000000
000e9f4
1ff1c24
00080ac
1fd7c77
1fffa2d
1fdd264
1ff160c
000e3dc
1ff7f54
00005d3
0028389
0022d9c
0000000
0000000
0000000
0007a44
1ff85bc
0000000
0000000
0000000
0000000
1ff0b88
000f478
0000000
0000000
0000000
0000000
1ffb78f
0004871
0000000
0000000
0000000
0000000
000d6a9
1ff2957
0000000
1fe1a00
1ff74df
0020c35
1ff4cae
1fe6ffa
000288c
001e600
0008b21
1fdf3cb
0019006
000b352
1ffd774
0000000
0000000
0000000
1ff3678
000c988
0000000
0000000
0000000
0000000
0001174
1ffee8c
0000000
0000000
0000000
0000000
000b226
1ff4dda
0000000
0000000
0000000
0000000
0011014
1feefec
0000000
1fe9c5c
003a1a3
000db69
1fe31d1
003249f
1ffadc8
00163a4
1fc5e5d
1ff2497
1fcdb61
001ce2f
0005238
0000000
0000000
0000000
00194f4
1fe6b0c
0000000
0000000
0000000
0000000
1ff4304
000bcfc
0000000
0000000
0000000
0000000
0000250
1fffdb0
0000000
0000000
0000000
0000000
0014498
1febb68
0000000
1ff9d08
0010ba2
1fe9d7a
1ff87b2
000a34a
1ff6120
00062f8
1fef45e
0016286
1ff5cb6
000784e
0009ee0
0000000
0000000
0000000
00246ac
1fdb954
0000000
0000000
0000000
0000000
00277d0
1fd8830
0000000
0000000
0000000
0000000
1fe91eb
0016e15
0000000
0000000
0000000
0000000
1ff56df
000a921
0000000
000bfd4
1ff2e93
00068ff
1ff8998
1ffd71a
001fbd8
1ff402c
000d16d
1ff9701
00028e6
0007668
1fe0428
0000000
0000000
0000000
1fe2ee0
001d120
0000000
0000000
0000000
0000000
1ff3030
000cfd0
0000000
0000000
0000000
0000000
0003f03
1ffc0fd
0000000
0000000
0000000
0000000
1fe5787
001a879
0000000
001ecf4
1fec2fd
00099c9
1fec274
0005692
000b844
1fe130c
0013d03
1ff6637
1ffa96e
0013d8c
1ff47bc
0000000
0000000
0000000
1ffe0a4
0001f5c
0000000
0000000
0000000
0000000
000a568
1ff5a98
0000000
0000000
0000000
0000000
1fee4b6
0011b4a
0000000
0000000
0000000
0000000
0007f80
1ff8080
0000000
1ffc718
000f03f
0012021
1ff2e13
1ff7415
1ff5848
00038e8
1ff0fc1
1fedfdf
0008beb
000d1ed
000a7b8
0000000
0000000
0000000
00043a0
1ffbc60
0000000
0000000
0000000
0000000
1fecf50
00130b0
0000000
0000000
0000000
0000000
0014b1b
1feb4e5
0000000
0000000
0000000
0000000
000ad89
1ff5277
0000000
001e9b4
000b586
1fe8f0c
1fffd19
1fec109
1fe42d8
1fe164c
1ff4a7a
00170f4
0013ef7
00002e7
001bd28
0000000
0000000
0000000
1fec5bc
0013a44
0000000
0000000
0000000
0000000
0012bc0
1fed440
0000000
0000000
0000000
0000000
1ff6688
0009978
0000000
0000000
0000000
0000000
0002db6
1ffd24a
0000000
1fd8138
1ff7d28
001183a
1ffb1fa
001253c
000fc8c
0027ec8
00082d8
1fee7c6
1fedac4
0004e06
1ff0374
0000000
0000000
0000000
00322fc
1fcdd04
0000000
0000000
0000000
0000000
002fe64
1fd019c
0000000
0000000
0000000
0000000
00079e7
1ff8619
0000000
0000000
0000000
0000000
1ff3965
000c69b
0000000
1fd8514
1ff8415
1ffe43b
000911a
000f35a
000fab8
0027aec
0007beb
0001bc5
1ff0ca6
1ff6ee6
1ff0548
0000000
0000000
0000000
0016bd4
1fe942c
0000000
0000000
0000000
0000000
00181a4
1fe7e5c
0000000
0000000
0000000
0000000
1fe1e5f
001e1a1
0000000
0000000
0000000
0000000
0006d55
1ff92ab
0000000
0001da8
1ff7692
000ba94
00164e1
1feeef9
0000a98
1ffe258
000896e
1ff456c
0011107
1fe9b1f
1fff568
0000000
0000000
0000000
0001e7c
1ffe184
0000000
0000000
0000000
0000000
1ffb6d4
000492c
0000000
0000000
0000000
0000000
000c51a
1ff3ae6
0000000
0000000
0000000
0000000
0010b50
1fef4b0
0000000
1ff00ac
1ff86bc
1ff5d32
00061b8
001f436
1fee6ec
000ff54
0007944
000a2ce
1fe0bca
1ff9e48
0011914
0000000
0000000
0000000
00180dc
1fe7f24
0000000
0000000
0000000
0000000
00017d4
1ffe82c
0000000
0000000
0000000
0000000
1fdf1a9
0020e57
0000000
0000000
0000000
0000000
000bce1
1ff431f
0000000
001b2c8
00089df
1ffef7f
1ffa9a4
1fe494a
1ff824c
1fe4d38
1ff7621
0001081
001b6b6
000565c
0007db4
0000000
0000000
0000000
0019870
1fe6790
0000000
0000000
0000000
0000000
0000870
1fff790
0000000
0000000
0000000
0000000
1ffa354
0005cac
0000000
0000000
0000000
0000000
1ffb4a8
0004b58
0000000
0010c30
1ff76f2
000307e
1fd169e
1ff4cea
000591c
1fef3d0
000890e
1ffcf82
000b316
002e962
1ffa6e4
0000000
0000000
0000000
0022858
1fdd7a8
0000000
0000000
0000000
0000000
000f08c
1ff0f74
0000000
0000000
0000000
0000000
1ff9362
0006c9e
0000000
0000000
0000000
0000000
00101b4
1fefe4c
0000000
1fff830
000a98e
1ff90bc
1ffb52e
1ffb980
1fd50e4
00007d0
1ff5672
0006f44
0004680
0004ad2
002af1c
0000000
0000000
0000000
1ff6d18
00092e8
0000000
0000000
0000000
0000000
0000f50
1fff0b0
0000000
0000000
0000000
0000000
00027c8
1ffd838
0000000
0000000
0000000
0000000
1ff868a
0007976
0000000
1fe69cc
00054d5
1ffef0f
000df7b
1ffba8d
1febfcc
0019634
1ffab2b
00010f1
0004573
1ff2085
0014034
0000000
0000000
0000000
001fd88
1fe0278
0000000
0000000
0000000
0000000
1ffa1c4
0005e3c
0000000
0000000
0000000
0000000
1ff3790
000c870
0000000
0000000
0000000
0000000
0008622
1ff79de
0000000
002d578
1ff35d1
1ffd77b
1fe3b43
1ff4c4d
00207d8
1fd2a88
000ca2f
0002885
000b3b3
001c4bd
1fdf828
0000000
0000000
0000000
00176a4
1fe895c
0000000
0000000
0000000
0000000
1fe824c
0017db4
0000000
0000000
0000000
0000000
1ffaa9c
0005564
0000000
0000000
0000000
0000000
0000b40
1fff4c0
0000000
000815c
1fe8d58
1ff5324
1ffc0ba
1ff0e12
1ffaed4
1ff7ea4
00172a8
000acdc
000f1ee
0003f46
000512c
0000000
0000000
0000000
1ffb300
0004d00
0000000
0000000
0000000
0000000
0007aa0
1ff8560
0000000
0000000
0000000
0000000
1ff16f7
000e909
0000000
0000000
0000000
0000000
000908f
1ff6f71
0000000
1fe9264
1ffbc08
1fffeb4
000188d
0012547
001e5e0
0016d9c
00043f8
000014c
1fedab9
1ffe773
1fe1a20
0000000
0000000
0000000
0021900
1fde700
0000000
0000000
0000000
0000000
0027d50
1fd82b0
0000000
0000000
0000000
0000000
1ff34a4
000cb5c
0000000
0000000
0000000
0000000
1fe4ca6
001b35a
0000000
000ab4c
1fe7c79
0000267
1ffbe89
1ff76a7
000d260
1ff54b4
0018387
1fffd99
0008959
0004177
1ff2da0
0000000
0000000
0000000
0024550
1fdbab0
0000000
0000000
0000000
0000000
00221f0
1fdde10
0000000
0000000
0000000
0000000
1ffb0cb
0004f35
0000000
0000000
0000000
0000000
1ff58e9
000a717
0000000
0007f24
00041e4
000a2de
0005fc3
001628b
0008f0c
1ff80dc
1ffbe1c
1ff5d22
1fe9d75
1ffa03d
1ff70f4
0000000
0000000
0000000
1fe8e2c
00171d4
0000000
0000000
0000000
0000000
00026c0
1ffd940
0000000
0000000
0000000
0000000
1ff209f
000df61
0000000
0000000
0000000
0000000
1ff5919
000a6e7
0000000
1fea5e4
1fea627
000253d
00112aa
0016d1e
1fe56b4
0015a1c
00159d9
1ffdac3
1fe92e2
1feed56
001a94c
0000000
0000000
0000000
00156d4
1fea92c
0000000
0000000
0000000
0000000
0012224
1fedddc
0000000
0000000
0000000
0000000
1ff4c6a
000b396
0000000
0000000
0000000
0000000
1febbf0
0014410
0000000
1fe6c94
00185d6
1ff2ef0
0006e98
00076da
1fe9630
001936c
1fe7a2a
000d110
1ff8926
1ff9168
00169d0
0000000
0000000
0000000
1fc813c
0037ec4
0000000
0000000
0000000
0000000
0002220
1ffdde0
0000000
0000000
0000000
0000000
1fe7f6b
0018095
0000000
0000000
0000000
0000000
1fe6b9b
0019465
0000000
1fef8a0
1fdfe77
1ff9b1f
1ff7294
000b9c6
1fd50cc
0010760
0020189
00064e1
1ff463a
0008d6c
002af34
0000000
0000000
0000000
0013c68
1fec398
0000000
0000000
0000000
0000000
1ff37dc
000c824
0000000
0000000
0000000
0000000
0012904
1fed6fc
0000000
0000000
0000000
0000000
0005c42
1ffa3be
0000000
1ffe180
001fc29
1ff1dfb
000e9c5
1ffa7e7
1fe4c80
0001e80
1fe03d7
000e205
0005819
1ff163b
001b380
0000000
0000000
0000000
1ffab00
0005500
0000000
0000000
0000000
0000000
00009ac
1fff654
0000000
0000000
0000000
0000000
0029e85
1fd617b
0000000
0000000
0000000
0000000
000ae33
1ff51cd
0000000
001cd10
1ff6f20
00007fe
1ffabd9
00077e5
0031044
1fe32f0
00090e0
1fff802
1ff881b
0005427
1fcefbc
0000000
0000000
0000000
1ffcb44
00034bc
0000000
0000000
0000000
0000000
0004a1c
1ffb5e4
0000000
0000000
0000000
0000000
000c07e
1ff3f82
0000000
0000000
0000000
0000000
1ff6fc4
000903c
0000000
1fe6288
1ffbc86
0009b90
1fdf04a
1ffbd04
00179e4
0019d78
000437a
1ff6470
00042fc
0020fb6
1fe861c
0000000
0000000
0000000
00147e0
1feb820
0000000
0000000
0000000
0000000
1ff707c
0008f84
0000000
0000000
0000000
0000000
0013fe5
1fec01b
0000000
0000000
0000000
0000000
1ffb217
0004de9
0000000
0007850
000084c
1ffec7a
000c677
1fe6baf
000d3ac
1ff87b0
1fff7b4
0001386
0019451
1ff3989
1ff2c54
0000000
0000000
0000000
00042e8
1ffbd18
0000000
0000000
0000000
0000000
003e13c
1fc1ec4
0000000
0000000
0000000
0000000
1fec171
0013e8f
0000000
0000000
0000000
0000000
000bdbb
1ff4245
0000000
1fd3cf8
1ffdf7b
1ff8d69
1fe9f36
0009a42
1ff4248
002c308
0002085
0007297
1ff65be
00160ca
000bdb8
0000000
0000000
0000000
1ffe84c
00017b4
0000000
0000000
0000000
0000000
00155e4
1feaa1c
0000000
0000000
0000000
0000000
001d8b0
1fe2750
0000000
0000000
0000000
0000000
1fff24e
0000db2
0000000
0022690
000b3b1
1ffa017
0013bbd
0001333
1ff8fd8
1fdd970
1ff4c4f
0005fe9
1ffeccd
1fec443
0007028
0000000
0000000
0000000
002b318
1fd4ce8
0000000
0000000
0000000
0000000
00033a0
1ffcc60
0000000
0000000
0000000
0000000
1ff6ec9
0009137
0000000
0000000
0000000
0000000
00012c5
1ffed3b
0000000
1fe96d4
000a1ff
0013ffb
1ff261c
0006dba
1fde570
001692c
1ff5e01
1fec005
1ff9246
000d9e4
0021a90
0000000
0000000
0000000
000cb54
1ff34ac
0000000
0000000
0000000
0000000
0002b84
1ffd47c
0000000
0000000
0000000
0000000
1fefdeb
0010215
0000000
0000000
0000000
0000000
1ff547d
000ab83
0000000
00069dc
0011760
1ffed82
00004c7
0008adb
1ff0854
1ff9624
1fee8a0
000127e
1ff7525
1fffb39
000f7ac
0000000
0000000
0000000
001c6ec
1fe3914
0000000
0000000
0000000
0000000
1ff7ed8
0008128
0000000
0000000
0000000
0000000
0001b57
1ffe4a9
0000000
0000000
0000000
0000000
1ffc561
0003a9f
0000000
1fda0a8
1fffbca
1ff3300
001bbd3
1ffd67b
1ff7d2c
0025f58
0000436
000cd00
0002985
1fe442d
00082d4
0000000
0000000
0000000
1fea4c0
0015b40
0000000
0000000
0000000
0000000
0008fb8
1ff7048
0000000
0000000
0000000
0000000
1fe5920
001a6e0
0000000
0000000
0000000
0000000
000770a
1ff88f6
0000000
0028cdc
1ff0f82
1ff57e4
1ffc708
1fdadf2
001cd68
1fd7324
000f07e
000a81c
002520e
00038f8
1fe3298
0000000
0000000
0000000
1fe5ebc
001a144
0000000
0000000
0000000
0000000
1ffc5c0
0003a40
0000000
0000000
0000000
0000000
001ae1f
1fe51e1
0000000
0000000
0000000
0000000
0003433
1ffcbcd
0000000
1ffad10
1fe6226
1fffe4e
000d1b3
1ff36b5
001b10c
00052f0
0019dda
00001b2
000c94b
1ff2e4d
1fe4ef4
0000000
0000000
0000000
1fd9478
0026b88
0000000
0000000
0000000
0000000
1fe4ed0
001b130
0000000
0000000
0000000
0000000
000579e
1ffa862
0000000
0000000
0000000
0000000
000a31c
1ff5ce4
0000000
0002c1c
1ffdec7
0000ca1
1ff971b
1fcf75d
1ffdf4c
1ffd3e4
0002139
1fff35f
00308a3
00068e5
00020b4
0000000
0000000
0000000
1ff6038
0009fc8
0000000
0000000
0000000
0000000
001bc20
1fe43e0
0000000
0000000
0000000
0000000
000b40a
1ff4bf6
0000000
0000000
0000000
0000000
1ff92ce
0006d32
0000000
1fe4974
001d40f
1ff508f
1ffa0f1
000cb15
1fe27f0
001b68c
1fe2bf1
000af71
1ff34eb
0005f0f
001d810
0000000
0000000
0000000
1feb868
0014798
0000000
0000000
0000000
0000000
00012cc
1ffed34
0000000
0000000
0000000
0000000
0014df3
1feb20d
0000000
0000000
0000000
0000000
1fed075
0012f8b
0000000
000ed34
1ffa0cc
1fe6e52
0005ab9
000fbd5
0005350
1ff12cc
0005f34
00191ae
1ff042b
1ffa547
1ffacb0
0000000
0000000
0000000
1fc56a8
003a958
0000000
0000000
0000000
0000000
00149f0
1feb610
0000000
0000000
0000000
0000000
1feb7e3
001481d
0000000
0000000
0000000
0000000
1ff1843
000e7bd
0000000
1ff2f78
1ff73d1
1ff69fd
1ff3a2e
00024c8
1fc2c44
000d088
0008c2f
0009603
1ffdb38
000c5d2
003d3bc
0000000
0000000
0000000
1ff8628
00079d8
0000000
0000000
0000000
0000000
001a000
1fe6000
0000000
0000000
0000000
0000000
1fe5741
001a8bf
0000000
0000000
0000000
0000000
0005cf3
1ffa30d
0000000
00106dc
1ff9699
1ff7a7b
1fff8b6
1fdf3c6
0000d0c
1fef924
0006967
0008585
0020c3a
000074a
1fff2f4
0000000
0000000
0000000
1ff88d0
0007730
0000000
0000000
0000000
0000000
00676a0
1f98960
0000000
0000000
0000000
0000000
1fdd163
0022e9d
0000000
0000000
0000000
0000000
000854f
1ff7ab1
0000000
1fd9fb8
001985b
1fff8c7
1ff3578
0004926
000f9c8
0026048
1fe67a5
0000739
1ffb6da
000ca88
1ff0638
0000000
0000000
0000000
000533c
1ffacc4
0000000
0000000
0000000
0000000
1ff6ce8
0009318
0000000
0000000
0000000
0000000
1fffa37
00005c9
0000000
0000000
0000000
0000000
1ff35b7
000ca49
0000000
1ffe058
001862e
00141ca
00139fb
1feba19
000af5c
0001fa8
1fe79d2
1febe36
00145e7
1fec605
1ff50a4
0000000
0000000
0000000
0006c20
1ff93e0
0000000
0000000
0000000
0000000
1ffe72c
00018d4
0000000
0000000
0000000
0000000
1ffd830
00027d0
0000000
0000000
0000000
0000000
1fe6cc6
001933a
0000000
0010abc
00037a2
00083a8
00077d6
1fec878
1fec0c4
1fef544
1ffc85e
1ff7c58
0013788
1ff882a
0013f3c
0000000
0000000
0000000
1fee75c
00118a4
0000000
0000000
0000000
0000000
0017980
1fe8680
0000000
0000000
0000000
0000000
0001404
1ffebfc
0000000
0000000
0000000
0000000
1ff3c30
000c3d0
0000000
1ff3408
0009198
0002fe8
1feaa8e
000aab6
1ffffc0
000cbf8
1ff6e68
1ffd018
1ff554a
0015572
0000040
0000000
0000000
0000000
1ffedc0
0001240
0000000
0000000
0000000
0000000
1fdd618
00229e8
0000000
0000000
0000000
0000000
1ff6116
0009eea
0000000
0000000
0000000
0000000
000f68a
1ff0976
0000000
1fd2b70
0002a4f
1fff847
000559f
1feaae7
1ff0bc0
002d490
1ffd5b1
00007b9
0015519
1ffaa61
000f440
0000000
0000000
0000000
1ff41fc
000be04
0000000
0000000
0000000
0000000
0024590
1fdba70
0000000
0000000
0000000
0000000
000c9a2
1ff365e
0000000
0000000
0000000
0000000
1fffcda
0000326
0000000
1ffc7f4
000c938
1ff9f5c
000a4da
1ffb3b2
0007f10
000380c
1ff36c8
00060a4
0004c4e
1ff5b26
1ff80f0
0000000
0000000
0000000
000cd40
1ff32c0
0000000
0000000
0000000
0000000
1ffd648
00029b8
0000000
0000000
0000000
0000000
000d1c8
1ff2e38
0000000
0000000
0000000
0000000
1ff7214
0008dec
0000000
00045d0
1fe8d45
000623d
0003f91
00098d1
0009924
1ffba30
00172bb
1ff9dc3
1ff672f
1ffc06f
1ff66dc
0000000
0000000
0000000
00005c8
1fffa38
0000000
0000000
0000000
0000000
0010e48
1fef1b8
0000000
0000000
0000000
0000000
001345b
1fecba5
0000000
0000000
0000000
0000000
1ffc60f
00039f1
0000000
1ffe0dc
00024e6
1ff42e6
000055f
1ff0bad
1ffffb0
0001f24
1ffdb1a
000bd1a
000f453
1fffaa1
0000050
0000000
0000000
0000000
00027c8
1ffd838
0000000
0000000
0000000
0000000
0010dd8
1fef228
0000000
0000000
0000000
0000000
0004f61
1ffb09f
0000000
0000000
0000000
0000000
0012595
1feda6b
0000000
001c328
1ff2559
1fdb4b1
0001ba8
000ae42
0000300
1fe3cd8
000daa7
0024b4f
1ff51be
1ffe458
1fffd00
0000000
0000000
0000000
0014240
1febdc0
0000000
0000000
0000000
0000000
000372c
1ffc8d4
0000000
0000000
0000000
0000000
1feb562
0014a9e
0000000
0000000
0000000
0000000
0006aec
1ff9514
0000000
1fd14fc
001bf6a
1feadf0
0005d58
001798e
1fd9b98
002eb04
1fe4096
0015210
1fe8672
1ffa2a8
0026468
0000000
0000000
0000000
0009f24
1ff60dc
0000000
0000000
0000000
0000000
00031a0
1ffce60
0000000
0000000
0000000
0000000
1fec391
0013c6f
0000000
0000000
0000000
0000000
1fef123
0010edd
0000000
1fdcd10
0008e5d
0008ac7
0021dc0
1ff0b00
00050c8
00232f0
1ff71a3
1ff7539
000f500
1fde240
1ffaf38
0000000
0000000
0000000
000913c
1ff6ec4
0000000
0000000
0000000
0000000
1fd8720
00278e0
0000000
0000000
0000000
0000000
00044c0
1ffbb40
0000000
0000000
0000000
0000000
1ff4924
000b6dc
0000000
1fe2e58
1fd0ae7
00047db
000b5e7
1fef207
1ffe8a4
001d1a8
002f519
1ffb825
0010df9
1ff4a19
000175c
0000000
0000000
0000000
1feaa3c
00155c4
0000000
0000000
0000000
0000000
003ffc8
1fc0038
0000000
0000000
0000000
0000000
1fecd9a
0013266
0000000
0000000
0000000
0000000
1fdfed4
002012c
0000000
00080b8
1ff599e
000999c
1ff5810
0001122
0026648
1ff7f48
000a662
1ff6664
1ffeede
000a7f0
1fd99b8
0000000
0000000
0000000
1fdf39c
0020c64
0000000
0000000
0000000
0000000
1ff0484
000fb7c
0000000
0000000
0000000
0000000
000d6f7
1ff2909
0000000
0000000
0000000
0000000
1ffa689
0005977
0000000
1fcaf8c
1fed021
1ff3fff
0022a50
0007738
1feee90
0035074
0012fdf
000c001
1ff88c8
1fdd5b0
0011170
0000000
0000000
0000000
0012688
1fed978
0000000
0000000
0000000
0000000
0005fd4
1ffa02c
0000000
0000000
0000000
0000000
00032a1
1ffcd5f
0000000
0000000
0000000
0000000
0013ac7
1fec539
0000000
0015cb8
0001638
000db42
0013181
0004c39
1ff7bd8
1fea348
1ffe9c8
1ff24be
1ffb3c7
1fece7f
0008428
0000000
0000000
0000000
0002b28
1ffd4d8
0000000
0000000
0000000
0000000
0000fb0
1fff050
0000000
0000000
0000000
0000000
1fe65f5
0019a0b
0000000
0000000
0000000
0000000
000d8cf
1ff2731
0000000
1ff7734
000d64e
0009904
1fff7bd
1fefd19
1ffeb20
00088cc
1ff29b2
1ff66fc
00102e7
0000843
00014e0
0000000
0000000
0000000
0031b98
1fce468
0000000
0000000
0000000
0000000
00016a4
1ffe95c
0000000
0000000
0000000
0000000
0017310
1fe8cf0
0000000
0000000
0000000
0000000
1fed270
0012d90
0000000
0028664
1ffbbff
1ffb9db
1fecd89
1ffd451
1ff0c1c
1fd799c
0004401
0004625
0002baf
0013277
000f3e4
0000000
0000000
0000000
0017dcc
1fe8234
0000000
0000000
0000000
0000000
0008740
1ff78c0
0000000
0000000
0000000
0000000
0000587
1fffa79
0000000
0000000
0000000
0000000
1ff0ded
000f213
0000000
00268f8
1fd30a3
1fe5619
0019f74
1fecb08
1ff5d08
1fd9708
002cf5d
001a9e7
00134f8
1fe608c
000a2f8
0000000
0000000
0000000
001fa18
1fe05e8
0000000
0000000
0000000
0000000
0021ad4
1fde52c
0000000
0000000
0000000
0000000
000a50a
1ff5af6
0000000
0000000
0000000
0000000
1fec482
0013b7e
0000000
1ff0ba8
000d6aa
00096e2
1ff6224
000bd54
1ff8e20
000f458
1ff2956
1ff691e
1ff42ac
0009ddc
00071e0
0000000
0000000
0000000
1ffeb68
0001498
0000000
0000000
0000000
0000000
1fe525c
001ada4
0000000
0000000
0000000
0000000
000bb62
1ff449e
0000000
0000000
0000000
0000000
1ffa634
00059cc
0000000
1ffb2fc
1ff927a
1ff2570
001333c
1fded92
0004a48
0004d04
0006d86
000da90
002126e
1feccc4
1ffb5b8
0000000
0000000
0000000
00011f4
1ffee0c
0000000
0000000
0000000
0000000
1ff9164
0006e9c
0000000
0000000
0000000
0000000
1fe0031
001ffcf
0000000
0000000
0000000
0000000
1ff9429
0006bd7
0000000
1ff63c4
0000f00
001a400
000041b
1ff875d
1fffb58
0009c3c
1fff100
1fe5c00
00078a3
1fffbe5
00004a8
0000000
0000000
0000000
000c2d8
1ff3d28
0000000
0000000
0000000
0000000
0003f7c
1ffc084
0000000
0000000
0000000
0000000
0006caa
1ff9356
0000000
0000000
0000000
0000000
000511c
1ffaee4
0000000
0003170
1ff3aa3
1ff2ac9
1ffcb3d
1ffe903
001ab3c
1ffce90
000c55d
000d537
00016fd
00034c3
1fe54c4
0000000
0000000
0000000
00052dc
1ffad24
0000000
0000000
0000000
0000000
000f8e4
1ff071c
0000000
0000000
0000000
0000000
001437c
1febc84
0000000
0000000
0000000
0000000
00193fc
1fe6c04
0000000
00156c4
001256a
1fef706
000519e
1ff42a6
1fe5c7c
1fea93c
1feda96
00108fa
000bd5a
1ffae62
001a384
0000000
0000000
0000000
0012a38
1fed5c8
0000000
0000000
0000000
0000000
0014ab0
1feb550
0000000
0000000
0000000
0000000
1ff2cf5
000d30b
0000000
0000000
0000000
0000000
1fff8e5
000071b
0000000
0003f54
1ff9144
0002c14
000293b
002a039
1ff4e74
1ffc0ac
0006ebc
1ffd3ec
1fd5fc7
1ffd6c5
000b18c
0000000
0000000
0000000
000937c
1ff6c84
0000000
0000000
0000000
0000000
00492a0
1fb6d60
0000000
0000000
0000000
0000000
1ff31ad
000ce53
0000000
0000000
0000000
0000000
1feabcd
0015433
0000000
0006a1c
0007b5c
000f6c0
1fccb6f
1ffdd49
1fd7bcc
1ff95e4
1ff84a4
1ff0940
00022b7
0033491
0028434
0000000
0000000
0000000
1fe5e28
001a1d8
0000000
0000000
0000000
0000000
0022154
1fddeac
0000000
0000000
0000000
0000000
1ff66a5
000995b
0000000
0000000
0000000
0000000
000be4b
1ff41b5
0000000
1fef4a4
000dbd3
0019049
0003f44
001cbc4
1fe9c90
0010b5c
1ff242d
1fe6fb7
1fe343c
1ffc0bc
0016370
0000000
0000000
0000000
1ff7558
0008aa8
0000000
0000000
0000000
0000000
1ffe790
0001870
0000000
0000000
0000000
0000000
1ffeb37
00014c9
0000000
0000000
0000000
0000000
0009635
1ff69cb
0000000
1fd95e0
1ff8961
1ff366b
00114d2
0019fe2
1fce08c
0026a20
000769f
000c995
1fe601e
1feeb2e
0031f74
0000000
0000000
0000000
1fe9194
0016e6c
0000000
0000000
0000000
0000000
1fc7e6c
0038194
0000000
0000000
0000000
0000000
0022e77
1fdd189
0000000
0000000
0000000
0000000
1fffa6f
0000591
0000000
1ff7430
1ff8776
1ffcb32
00045d1
1ff86c3
1fe6740
0008bd0
000788a
00034ce
000793d
1ffba2f
00198c0
0000000
0000000
0000000
000b850
1ff47b0
0000000
0000000
0000000
0000000
1fd9308
0026cf8
0000000
0000000
0000000
0000000
1ffb9c2
000463e
0000000
0000000
0000000
0000000
0012f68
1fed098
0000000
1fe1e64
001651c
1ff1222
00014bc
1fff7e6
1ff4f10
001e19c
1fe9ae4
000edde
000081a
1ffeb44
000b0f0
0000000
0000000
0000000
000c208
1ff3df8
0000000
0000000
0000000
0000000
003fe78
1fc0188
0000000
0000000
0000000
0000000
1fff143
0000ebd
0000000
0000000
0000000
0000000
1ff0919
000f6e7
0000000
0022308
1ff7196
1fe175c
1ffa527
1ff1aef
1ffc7c0
1fddcf8
0008e6a
001e8a4
000e511
0005ad9
0003840
0000000
0000000
0000000
1febd3c
00142c4
0000000
0000000
0000000
0000000
0004350
1ffbcb0
0000000
0000000
0000000
0000000
1ff7222
0008dde
0000000
0000000
0000000
0000000
1ff364e
000c9b2
0000000
1fec5a4
1ff5b58
1ff35f0
0002320
00018d0
1fe5a40
0013a5c
000a4a8
000ca10
1ffe730
1ffdce0
001a5c0
0000000
0000000
0000000
0010c20
1fef3e0
0000000
0000000
0000000
0000000
1ff5880
000a780
0000000
0000000
0000000
0000000
0008364
1ff7c9c
0000000
0000000
0000000
0000000
0008bb6
1ff744a
0000000
1feb924
1ff60ab
1ff2129
000b04d
0026f9f
1fea7a4
00146dc
0009f55
000ded7
1fd9061
1ff4fb3
001585c
0000000
0000000
0000000
1fe8344
0017cbc
0000000
0000000
0000000
0000000
0009138
1ff6ec8
0000000
0000000
0000000
0000000
000326d
1ffcd93
0000000
0000000
0000000
0000000
0001581
1ffea7f
0000000
1ffc734
0003cd8
0015ce0
0009d53
0001cc1
1ffe624
00038cc
1ffc328
1fea320
1ffe33f
1ff62ad
00019dc
0000000
0000000
0000000
001aa24
1fe55dc
0000000
0000000
0000000
0000000
1fd5a88
002a578
0000000
0000000
0000000
0000000
0010b23
1fef4dd
0000000
0000000
0000000
0000000
0024199
1fdbe67
0000000
1fd353c
001740a
000cc78
1fffc41
000bec1
000cbcc
002cac4
1fe8bf6
1ff3388
1ff413f
00003bf
1ff3434
0000000
0000000
0000000
0028c10
1fd73f0
0000000
0000000
0000000
0000000
0011a94
1fee56c
0000000
0000000
0000000
0000000
0001663
1ffe99d
0000000
0000000
0000000
0000000
1fe7c75
001838b
0000000
1fd4ab0
1fe23f5
1fff4ef
00132d0
000c9f0
1fe4f5c
002b550
001dc0b
0000b11
1ff3610
1fecd30
001b0a4
0000000
0000000
0000000
1ff7518
0008ae8
0000000
0000000
0000000
0000000
0008bac
1ff7454
0000000
0000000
0000000
0000000
001201a
1fedfe6
0000000
0000000
0000000
0000000
1fee9e6
001161a
0000000
0007484
1ffb64e
1ff4aea
1fef254
0010654
1fe127c
1ff8b7c
00049b2
000b516
1fef9ac
0010dac
001ed84
0000000
0000000
0000000
1feb334
0014ccc
0000000
0000000
0000000
0000000
000a63c
1ff59c4
0000000
0000000
0000000
0000000
0010d28
1fef2d8
0000000
0000000
0000000
0000000
1ffe7f6
000180a
0000000
1fd0fbc
1ff9e94
1ffb9f6
000523a
00062d4
1ffd280
002f044
000616c
000460a
1ff9d2c
1ffadc6
0002d80
0000000
0000000
0000000
1fff0dc
0000f24
0000000
0000000
0000000
0000000
000ba78
1ff4588
0000000
0000000
0000000
0000000
1fe4043
001bfbd
0000000
0000000
0000000
0000000
1fec5c7
0013a39
0000000
000c7b8
00055f3
0011e3f
1ff7ee4
000f036
0013bb0
1ff3848
1ffaa0d
1fee1c1
1ff0fca
000811c
1fec450
0000000
0000000
0000000
002313c
1fdcec4
0000000
0000000
0000000
0000000
00178c0
1fe8740
0000000
0000000
0000000
0000000
1ffcee2
000311e
0000000
0000000
0000000
0000000
1ff37d4
000c82c
0000000
1ff96d8
000e04a
000035c
1feac3c
1feef2a
0006928
0006928
1ff1fb6
1fffca4
00110d6
00153c4
1ff96d8
0000000
0000000
0000000
002c468
1fd3b98
0000000
0000000
0000000
0000000
1fd50b0
002af50
0000000
0000000
0000000
0000000
0008ada
1ff7526
0000000
0000000
0000000
0000000
001797a
1fe8686
0000000
0008084
1ffcd25
1fef609
000f483
1ff6283
1ff7900
1ff7f7c
00032db
00109f7
0009d7d
1ff0b7d
0008700
0000000
0000000
0000000
1ffec6c
0001394
0000000
0000000
0000000
0000000
1ffe988
0001678
0000000
0000000
0000000
0000000
1ff448c
000bb74
0000000
0000000
0000000
0000000
1ffaa3a
00055c6
0000000
1ff6cd0
1ffe9e7
00023c9
1feb6cb
1ff5a61
0002570
0009330
0001619
1ffdc37
000a59f
0014935
1ffda90
0000000
0000000
0000000
1fe39dc
001c624
0000000
0000000
0000000
0000000
1ffe824
00017dc
0000000
0000000
0000000
0000000
00065c8
1ff9a38
0000000
0000000
0000000
0000000
001c03a
1fe3fc6
0000000
00128b0
1fe1580
001bcba
1ffbcde
0011f64
00046d0
1fed750
001ea80
1fe4346
1fee09c
0004322
1ffb930
0000000
0000000
0000000
1ff7dcc
0008234
0000000
0000000
0000000
0000000
1fdbc6c
0024394
0000000
0000000
0000000
0000000
1feb490
0014b70
0000000
0000000
0000000
0000000
00155ee
1feaa12
0000000
1fef75c
1ff4f7a
1ffd310
1ff8716
0011adc
0015cf4
00108a4
000b086
0002cf0
1fee524
00078ea
1fea30c
0000000
0000000
0000000
1ffecb0
0001350
0000000
0000000
0000000
0000000
1ffce58
00031a8
0000000
0000000
0000000
0000000
1fde860
00217a0
0000000
0000000
0000000
0000000
00168e8
1fe9718
0000000
000337c
00016bf
1ff9da7
00134e5
00088a9
1fe3004
1ffcc84
1ffe941
0006259
1ff7757
1fecb1b
001cffc
0000000
0000000
0000000
0001384
1ffec7c
0000000
0000000
0000000
0000000
1fed8c0
0012740
0000000
0000000
0000000
0000000
1fe3003
001cffd
0000000
0000000
0000000
0000000
001ac89
1fe5377
0000000
1ff5130
000d7d7
0020d71
000e0de
1fe3962
1fefec4
000aed0
1ff2829
1fdf28f
001c69e
1ff1f22
001013c
0000000
0000000
0000000
00070c0
1ff8f40
0000000
0000000
0000000
0000000
001465c
1feb9a4
0000000
0000000
0000000
0000000
1feb530
0014ad0
0000000
0000000
0000000
0000000
1fe5172
001ae8e
0000000
0009468
000596c
1fffbae
1ffbf2a
0011e98
0006ee4
1ff6b98
1ffa694
0000452
1fee168
00040d6
1ff911c
0000000
0000000
0000000
1fdb14c
0024eb4
0000000
0000000
0000000
0000000
0000304
1fffcfc
0000000
0000000
0000000
0000000
0005332
1ffacce
0000000
0000000
0000000
0000000
001852a
1fe7ad6
0000000
1fd1980
1ff5ec5
0002865
0000093
1fe121b
1fc495c
002e680
000a13b
1ffd79b
001ede5
1ffff6d
003b6a4
0000000
0000000
0000000
000ecf8
1ff1308
0000000
0000000
0000000
0000000
0008708
1ff78f8
0000000
0000000
0000000
0000000
000a52c
1ff5ad4
0000000
0000000
0000000
0000000
001393c
1fec6c4
0000000
0019f10
000a314
000c794
1ff06b6
1ff4012
1ff2ec4
1fe60f0
1ff5cec
1ff386c
000bfee
000f94a
000d13c
0000000
0000000
0000000
002894c
1fd76b4
0000000
0000000
0000000
0000000
1fff57c
0000a84
0000000
0000000
0000000
0000000
1ffef6d
0001093
0000000
0000000
0000000
0000000
1ff0c73
000f38d
0000000
1fce590
0011a9f
1ff56a1
00040a2
0004f56
1fe50a4
0031a70
1fee561
000a95f
1ffb0aa
1ffbf5e
001af5c
0000000
0000000
0000000
1ffd748
00028b8
0000000
0000000
0000000
0000000
00306d4
1fcf92c
0000000
0000000
0000000
0000000
1fe25bf
001da41
0000000
0000000
0000000
0000000
0004733
1ffb8cd
0000000
0012454
1ffaad9
001efc1
1ff0dd2
1ffa8a8
0024038
1fedbac
0005527
1fe103f
0005758
000f22e
1fdbfc8
0000000
0000000
0000000
1fff7b0
0000850
0000000
0000000
0000000
0000000
00059a0
1ffa660
0000000
0000000
0000000
0000000
1fec56a
0013a96
0000000
0000000
0000000
0000000
000bb8c
1ff4474
0000000
1fd423c
00104db
00037c1
1ff9729
1ff5813
000435c
002bdc4
1fefb25
1ffc83f
000a7ed
00068d7
1ffbca4
0000000
0000000
0000000
1feddbc
0012244
0000000
0000000
0000000
0000000
0019b68
1fe6498
0000000
0000000
0000000
0000000
1fe2ab3
001d54d
0000000
0000000
0000000
0000000
0012fc7
1fed039
0000000
0002b18
1fef4c2
00097fa
1ff60cb
000136d
00113fc
1ffd4e8
0010b3e
1ff6806
1ffec93
0009f35
1feec04
0000000
0000000
0000000
1ff0840
000f7c0
0000000
0000000
0000000
0000000
0045608
1fba9f8
0000000
0000000
0000000
0000000
00082d8
1ff7d28
0000000
0000000
0000000
0000000
00043c0
1ffbc40
0000000
1fee214
1ff8f3d
0008a65
00005e3
1ff6ccf
1ff61ec
0011dec
00070c3
1ff759b
0009331
1fffa1d
0009e14
0000000
0000000
0000000
1fed4b8
0012b48
0000000
0000000
0000000
0000000
1fdd1a0
0022e60
0000000
0000000
0000000
0000000
0011e35
1fee1cb
0000000
0000000
0000000
0000000
1ffd55f
0002aa1
0000000
001454c
1fe5800
0004746
1fe79cd
1ff90a5
001482c
1febab4
001a800
1ffb8ba
0006f5b
0018633
1feb7d4
0000000
0000000
0000000
1ff35b0
000ca50
0000000
0000000
0000000
0000000
001a23c
1fe5dc4
0000000
0000000
0000000
0000000
0009a60
1ff65a0
0000000
0000000
0000000
0000000
0004276
1ffbd8a
0000000
1ffe44c
0014322
1ffc648
1fefd66
00016e0
1fee7ec
0001bb4
1febcde
00039b8
1ffe920
001029a
0011814
0000000
0000000
0000000
000c130
1ff3ed0
0000000
0000000
0000000
0000000
0036470
1fc9b90
0000000
0000000
0000000
0000000
1fe69d8
0019628
0000000
0000000
0000000
0000000
1ff69ee
0009612
0000000
0000930
1ff2c95
000064f
1ff8477
1ff5ead
1ffe090
1fff6d0
000d36b
1fff9b1
000a153
0007b89
0001f70
0000000
0000000
0000000
00126c8
1fed938
0000000
0000000
0000000
0000000
00222fc
1fddd04
0000000
0000000
0000000
0000000
000b08a
1ff4f76
0000000
0000000
0000000
0000000
1ffc9e0
0003620
0000000
0007c54
1ffcafe
000bcac
000d276
0011cb8
000ce54
1ff83ac
0003502
1ff4354
1fee348
1ff2d8a
1ff31ac
0000000
0000000
0000000
1fe7a00
0018600
0000000
0000000
0000000
0000000
1ffb3b8
0004c48
0000000
0000000
0000000
0000000
1ff6a4c
00095b4
0000000
0000000
0000000
0000000
1ff8ee8
0007118
0000000
1ff4890
1fe5856
0013136
0003aa2
000ec46
003ec38
000b770
001a7aa
1fececa
1ff13ba
1ffc55e
1fc13c8
0000000
0000000
0000000
1fe26c8
001d938
0000000
0000000
0000000
0000000
001581c
1fea7e4
0000000
0000000
0000000
0000000
1fe31b1
001ce4f
0000000
0000000
0000000
0000000
1ffbe77
0004189
0000000
000cf84
1ff21f1
1fecb7f
000b156
000515e
1ff7278
1ff307c
000de0f
0013481
1ffaea2
1ff4eaa
0008d88
0000000
0000000
0000000
0003efc
1ffc104
0000000
0000000
0000000
0000000
1fdd500
0022b00
0000000
0000000
0000000
0000000
000ebe4
1ff141c
0000000
0000000
0000000
0000000
0011a20
1fee5e0
0000000
1fffbdc
1ffb5ec
1ff4100
0006616
1ffd192
00124c0
0000424
0004a14
000bf00
0002e6e
1ff99ea
1fedb40
0000000
0000000
0000000
0005d08
1ffa2f8
0000000
0000000
0000000
0000000
1ffcccc
0003334
0000000
0000000
0000000
0000000
1ffba5f
00045a1
0000000
0000000
0000000
0000000
1ffa599
0005a67
0000000
1ff2ef0
1ffccf6
1ff5818
001b0a9
1ff5f79
001576c
000d110
000330a
000a7e8
000a087
1fe4f57
1fea894
0000000
0000000
0000000
0008760
1ff78a0
0000000
0000000
0000000
0000000
1ffd470
0002b90
0000000
0000000
0000000
0000000
1ff99e7
0006619
0000000
0000000
0000000
0000000
1feb7d7
0014829
0000000
00118c4
1fed084
1ffbf48
0012cd9
000079f
1ffcc48
1fee73c
0012f7c
00040b8
1fff861
1fed327
00033b8
0000000
0000000
0000000
000456c
1ffba94
0000000
0000000
0000000
0000000
002b9e4
1fd461c
0000000
0000000
0000000
0000000
1fe554b
001aab5
0000000
0000000
0000000
0000000
000e68d
1ff1973
0000000
0015df8
1fffaba
0009174
1fddc95
1fe3d79
00109b4
1fea208
0000546
1ff6e8c
001c287
002236b
1fef64c
0000000
0000000
0000000
0048be4
1fb741c
0000000
0000000
0000000
0000000
0017098
1fe8f68
0000000
0000000
0000000
0000000
1ff5ad4
000a52c
0000000
0000000
0000000
0000000
1ff2340
000dcc0
0000000
1ff2eec
1fff94c
0016974
00064e2
1ff9d8e
002c1e4
000d114
00006b4
1fe968c
0006272
1ff9b1e
1fd3e1c
0000000
0000000
0000000
1fd965c
00269a4
0000000
0000000
0000000
0000000
1fcb6bc
0034944
0000000
0000000
0000000
0000000
1fef7c8
0010838
0000000
0000000
0000000
0000000
000571a
1ffa8e6
0000000
1ff35d8
1ffb4f2
1ffe21c
00141e4
1fe7b56
001c3e4
000ca28
0004b0e
0001de4
00184aa
1febe1c
1fe3c1c
0000000
0000000
0000000
1ff6eb4
000914c
0000000
0000000
0000000
0000000
0022464
1fddb9c
0000000
0000000
0000000
0000000
0006ebb
1ff9145
0000000
0000000
0000000
0000000
1ffee5d
00011a3
0000000
1fdab2c
001db45
1ff9e7b
0010566
1ff86da
1fecdd4
00254d4
1fe24bb
0006185
0007926
1fefa9a
001322c
0000000
0000000
0000000
1fdf6b0
0020950
0000000
0000000
0000000
0000000
0026054
1fd9fac
0000000
0000000
0000000
0000000
1fe8e45
00171bb
0000000
0000000
0000000
0000000
0001ed1
1ffe12f
0000000
002c384
00035e6
00056fa
1ffb33d
00065d7
0006168
1fd3c7c
1ffca1a
1ffa906
1ff9a29
0004cc3
1ff9e98
0000000
0000000
0000000
001c318
1fe3ce8
0000000
0000000
0000000
0000000
1fd30dc
002cf24
0000000
0000000
0000000
0000000
1fe8d84
001727c
0000000
0000000
0000000
0000000
0000592
1fffa6e
0000000
0004268
1fefdbe
1ff7498
1ff929a
000736c
00250a4
1ffbd98
0010242
0008b68
1ff8c94
0006d66
1fdaf5c
0000000
0000000
0000000
1ffae60
00051a0
0000000
0000000
0000000
0000000
1ff432c
000bcd4
0000000
0000000
0000000
0000000
0001b52
1ffe4ae
0000000
0000000
0000000
0000000
1ffdb28
00024d8
0000000
000f8c0
00036de
0003e08
1ff8e18
1fff782
0000b50
1ff0740
1ffc922
1ffc1f8
000087e
00071e8
1fff4b0
0000000
0000000
0000000
1fe2f4c
001d0b4
0000000
0000000
0000000
0000000
00328a0
1fcd760
0000000
0000000
0000000
0000000
1ffcf9c
0003064
0000000
0000000
0000000
0000000
00069f2
1ff960e
0000000
000dd70
000caca
000d4c0
000c5f2
0003194
0016700
1ff2290
1ff3536
1ff2b40
1ffce6c
1ff3a0e
1fe9900
0000000
0000000
0000000
0010834
1fef7cc
0000000
0000000
0000000
0000000
000a854
1ff57ac
0000000
0000000
0000000
0000000
1ff8405
0007bfb
0000000
0000000
0000000
0000000
0007489
1ff8b77
0000000
000ae94
0019af1
1ffda75
1ff0d42
000044c
0014244
1ff516c
1fe650f
000258b
1fffbb4
000f2be
1febdbc
0000000
0000000
0000000
0004530
1ffbad0
0000000
0000000
0000000
0000000
1ffd3d8
0002c28
0000000
0000000
0000000
0000000
000745b
1ff8ba5
0000000
0000000
0000000
0000000
1fd7217
0028de9
0000000
1ff0ecc
1ffcace
1ff6882
0007c73
1ffedbd
0015f8c
000f134
0003532
000977e
0001243
1ff838d
1fea074
0000000
0000000
0000000
002d884
1fd277c
0000000
0000000
0000000
0000000
002b93c
1fd46c4
0000000
0000000
0000000
0000000
1fe8166
0017e9a
0000000
0000000
0000000
0000000
1fea20c
0015df4
0000000
1ffea28
00085cb
0003461
1fe89f9
1ff0557
00084c0
00015d8
1ff7a35
1ffcb9f
000faa9
0017607
1ff7b40
0000000
0000000
0000000
1fef34c
0010cb4
0000000
0000000
0000000
0000000
1fd88dc
0027724
0000000
0000000
0000000
0000000
00051d0
1ffae30
0000000
0000000
0000000
0000000
0006f24
1ff90dc
0000000
0010b74
0027504
1ff5d70
000414c
1ff4e40
1ff1ed0
1fef48c
1fd8afc
000a290
000b1c0
1ffbeb4
000e130
0000000
0000000
0000000
002c178
1fd3e88
0000000
0000000
0000000
0000000
0000c44
1fff3bc
0000000
0000000
0000000
0000000
0000e6c
1fff194
0000000
0000000
0000000
0000000
0019c5e
1fe63a2
0000000
1fbb128
001e237
1fdb611
1fee169
1ff35d3
1fdb6d0
0044ed8
1fe1dc9
00249ef
000ca2d
0011e97
0024930
0000000
0000000
0000000
1ffb320
0004ce0
0000000
0000000
0000000
0000000
1fc854c
0037ab4
0000000
0000000
0000000
0000000
001e711
1fe18ef
0000000
0000000
0000000
0000000
0005e89
1ffa177
0000000
1ffbde4
1ff6a14
1ff4aec
000de81
00001df
1ff32a0
000421c
00095ec
000b514
1fffe21
1ff217f
000cd60
0000000
0000000
0000000
001534c
1feacb4
0000000
0000000
0000000
0000000
1fe9924
00166dc
0000000
0000000
0000000
0000000
000995a
1ff66a6
0000000
0000000
0000000
0000000
0006e08
1ff91f8
0000000
001e8e8
1ff739f
00077e5
0004bb5
1ff923b
1fee470
1fe1718
0008c61
1ff881b
0006dc5
1ffb44b
0011b90
0000000
0000000
0000000
0007964
1ff869c
0000000
0000000
0000000
0000000
1fe5fdc
001a024
0000000
0000000
0000000
0000000
0009063
1ff6f9d
0000000
0000000
0000000
0000000
000d31f
1ff2ce1
0000000
1fd52c8
000af47
0016a33
0012798
1ff18ba
000ed58
002ad38
1ff50b9
1fe95cd
000e746
1fed868
1ff12a8
0000000
0000000
0000000
1ff79a0
0008660
0000000
0000000
0000000
0000000
000269c
1ffd964
0000000
0000000
0000000
0000000
000d38a
1ff2c76
0000000
0000000
0000000
0000000
1ff80ec
0007f14
0000000
001230c
000298d
0000a9f
1ff88c9
1fef133
1fdf43c
1fedcf4
1ffd673
1fff561
0010ecd
0007737
0020bc4
0000000
0000000
0000000
00059d0
1ffa630
0000000
0000000
0000000
0000000
001755c
1fe8aa4
0000000
0000000
0000000
0000000
1ff9388
0006c78
0000000
0000000
0000000
0000000
1ff5390
000ac70
0000000
0002c4c
1febcc4
000337c
00034aa
0007f82
1ffb300
1ffd3b4
001433c
1ffcc84
1ff807e
1ffcb56
0004d00
0000000
0000000
0000000
1ff1024
000efdc
0000000
0000000
0000000
0000000
1fd4bfc
002b404
0000000
0000000
0000000
0000000
1ff44aa
000bb56
0000000
0000000
0000000
0000000
000e702
1ff18fe
0000000
1fe2660
001155c
1ffb180
00095ee
00116ce
0029cdc
001d9a0
1feeaa4
0004e80
1fee932
1ff6a12
1fd6324
0000000
0000000
0000000
0017d30
1fe82d0
0000000
0000000
0000000
0000000
1fdc8f4
002370c
0000000
0000000
0000000
0000000
00042c5
1ffbd3b
0000000
0000000
0000000
0000000
1fe9ea3
001615d
0000000
0020868
1ff0f55
00039ff
1feedce
1fe4e86
1ff7738
1fdf798
000f0ab
1ffc601
001b17a
0011232
00088c8
0000000
0000000
0000000
1fec21c
0013de4
0000000
0000000
0000000
0000000
001528c
1fead74
0000000
0000000
0000000
0000000
1fe6ad5
001952b
0000000
0000000
0000000
0000000
1ff96f7
0006909
0000000
0007ed8
000757f
1ffbd45
1ffc686
001026a
1fff8f8
1ff8128
1ff8a81
00042bb
1fefd96
000397a
0000708
0000000
0000000
0000000
1ff40ec
000bf14
0000000
0000000
0000000
0000000
00033f0
1ffcc10
0000000
0000000
0000000
0000000
1ffeb45
00014bb
0000000
0000000
0000000
0000000
1fef9af
0010651
0000000
1fe25ac
000a061
1ff789b
001818e
1ff2496
0017884
001da54
1ff5f9f
0008765
000db6a
1fe7e72
1fe877c
0000000
0000000
0000000
000723c
1ff8dc4
0000000
0000000
0000000
0000000
1fcaa24
00355dc
0000000
0000000
0000000
0000000
1ff5deb
000a215
0000000
0000000
0000000
0000000
0001967
1ffe699
0000000
0002430
1fecd11
0006131
1ff97f8
0008906
0040644
1ffdbd0
00132ef
1ff9ecf
1ff76fa
0006808
1fbf9bc
0000000
0000000
0000000
1ffc808
00037f8
0000000
0000000
0000000
0000000
1fe0bcc
001f434
0000000
0000000
0000000
0000000
0002b87
1ffd479
0000000
0000000
0000000
0000000
1ffd585
0002a7b
0000000
00158a0
1ffb3e4
00014da
001b341
1ff0561
1ffbb24
1fea760
0004c1c
1ffeb26
000fa9f
1fe4cbf
00044dc
0000000
0000000
0000000
0033520
1fccae0
0000000
0000000
0000000
0000000
000eac0
1ff1540
0000000
0000000
0000000
0000000
00022fa
1ffdd06
0000000
0000000
0000000
0000000
0005970
1ffa690
0000000
1ff7ef8
1fe2f94
1ff8172
1ffbcee
1ff098c
0027aa0
0008108
001d06c
0007e8e
000f674
0004312
1fd8560
0000000
0000000
0000000
1ffc0e0
0003f20
0000000
0000000
0000000
0000000
1fc1f00
003e100
0000000
0000000
0000000
0000000
000b1b4
1ff4e4c
0000000
0000000
0000000
0000000
001e482
1fe1b7e
0000000
0011df8
000cb1e
1ff15b0
000ba60
0002a3e
1ff453c
1fee208
1ff34e2
000ea50
1ffd5c2
1ff45a0
000bac4
0000000
0000000
0000000
001f884
1fe077c
0000000
0000000
0000000
0000000
0003b5c
1ffc4a4
0000000
0000000
0000000
0000000
1fdc196
0023e6a
0000000
0000000
0000000
0000000
00062ac
1ff9d54
0000000
0005548
00019bd
001c4a3
0027333
1ffbf8d
0015588
1ffaab8
1ffe643
1fe3b5d
0004073
1fd8ccd
1feaa78
0000000
0000000
0000000
003c7c0
1fc3840
0000000
0000000
0000000
0000000
0013b80
1fec480
0000000
0000000
0000000
0000000
1fe0170
001fe90
0000000
0000000
0000000
0000000
000869e
1ff7962
0000000
00301fc
1fe75a2
0008600
1ffe0f6
1ff179c
1fec2ec
1fcfe04
0018a5e
1ff7a00
000e864
0001f0a
0013d14
0000000
0000000
0000000
000f9e4
1ff061c
0000000
0000000
0000000
0000000
002660c
1fd99f4
0000000
0000000
0000000
0000000
1fee3f4
0011c0c
0000000
0000000
0000000
0000000
1ff8a16
00075ea
0000000
1ff9264
1ff9d75
1fec0a3
1ff1c9b
00170c1
1ffb558
0006d9c
000628b
0013f5d
1fe8f3f
000e365
0004aa8
0000000
0000000
0000000
1ff7b30
00084d0
0000000
0000000
0000000
0000000
0028b60
1fd74a0
0000000
0000000
0000000
0000000
1ffc2ac
0003d54
0000000
0000000
0000000
0000000
1feddee
0012212
0000000
00162fc
001aa59
1ff0dfb
1feb4fd
1ff9f77
00044f4
1fe9d04
1fe55a7
000f205
0006089
0014b03
1ffbb0c
0000000
0000000
0000000
1ff73b8
0008c48
0000000
0000000
0000000
0000000
1ff86a4
000795c
0000000
0000000
0000000
0000000
1fe6fba
0019046
0000000
0000000
0000000
0000000
0000a9e
1fff562
0000000
000c1f0
1fe876d
1ffc759
000bab5
1ffce1d
000b354
1ff3e10
0017893
00038a7
00031e3
1ff454b
1ff4cac
0000000
0000000
0000000
1ff5974
000a68c
0000000
0000000
0000000
0000000
000ac28
1ff53d8
0000000
0000000
0000000
0000000
1ff8680
0007980
0000000
0000000
0000000
0000000
0005932
1ffa6ce
0000000
001b5c0
0005dbc
1ff2586
0014eae
1fff1ac
1fe5f9c
1fe4a40
1ffa244
000da7a
0000e54
1feb152
001a064
0000000
0000000
0000000
0019710
1fe68f0
0000000
0000000
0000000
0000000
1ff42c0
000bd40
0000000
0000000
0000000
0000000
1ff5d28
000a2d8
0000000
0000000
0000000
0000000
1ffe0a4
0001f5c
0000000
00175a0
1ffd73d
1ff8729
0009553
001d127
1ffcdf8
1fe8a60
00028c3
00078d7
1fe2ed9
1ff6aad
0003208
0000000
0000000
0000000
0018ff4
1fe700c
0000000
0000000
0000000
0000000
0015fb4
1fea04c
0000000
0000000
0000000
0000000
1fea48e
0015b72
0000000
0000000
0000000
0000000
001064c
1fef9b4
0000000
1fe795c
1fef0d7
0001b19
0013989
0003fb3
1fe16c4
00186a4
0010f29
1ffe4e7
1ffc04d
1fec677
001e93c
0000000
0000000
0000000
0023f98
1fdc068
0000000
0000000
0000000
0000000
0029498
1fd6b68
0000000
0000000
0000000
0000000
00157f2
1fea80e
0000000
0000000
0000000
0000000
0008070
1ff7f90
0000000
001b7b8
1ff3a6b
1fe848d
1ffce07
00134a1
001d380
1fe4848
000c595
0017b73
1fecb5f
00031f9
1fe2c80
0000000
0000000
0000000
00011bc
1ffee44
0000000
0000000
0000000
0000000
00218d8
1fde728
0000000
0000000
0000000
0000000
1fe7505
0018afb
0000000
0000000
0000000
0000000
1ff5ccf
000a331
0000000
1ffe3ac
00097a9
000d097
1ffc838
0001df4
1ff613c
0001c54
1ff6857
1ff2f69
1ffe20c
00037c8
0009ec4
0000000
0000000
0000000
0007dd4
1ff822c
0000000
0000000
0000000
0000000
1fef194
0010e6c
0000000
0000000
0000000
0000000
1ffea5e
00015a2
0000000
0000000
0000000
0000000
1ff5246
000adba
0000000
00104e0
1fdb0f8
001eb88
1ff53de
000da3e
000c740
1fefb20
0024f08
1fe1478
1ff25c2
000ac22
1ff38c0
0000000
0000000
0000000
000fc18
1ff03e8
0000000
0000000
0000000
0000000
000a0b4
1ff5f4c
0000000
0000000
0000000
0000000
1fe2c3e
001d3c2
0000000
0000000
0000000
0000000
1fef47c
0010b84
0000000
0010e40
000b1ed
1ff4ff7
1feb1a9
0005b1f
1fe2a0c
1fef1c0
1ff4e13
000b009
1ffa4e1
0014e57
001d5f4
0000000
0000000
0000000
1ff4484
000bb7c
0000000
0000000
0000000
0000000
0006ab4
1ff954c
0000000
0000000
0000000
0000000
000d477
1ff2b89
0000000
0000000
0000000
0000000
000b2c7
1ff4d39
0000000
0004cd4
1ff115b
000295b
000cfb4
0013a9e
1ffcea8
1ffb32c
000eea5
1ffd6a5
1fec562
1ff304c
0003158
0000000
0000000
0000000
1fea860
00157a0
0000000
0000000
0000000
0000000
0009450
1ff6bb0
0000000
0000000
0000000
0000000
1ff0717
000f8e9
0000000
0000000
0000000
0000000
0000fc3
1fff03d
0000000
1fe9238
1ff1996
0019036
0015b79
1fec63b
1ff8078
0016dc8
000e66a
1fe6fca
00139c5
1fea487
0007f88
0000000
0000000
0000000
0002cf4
1ffd30c
0000000
0000000
0000000
0000000
1fe7fa4
001805c
0000000
0000000
0000000
0000000
1fef1a6
0010e5a
0000000
0000000
0000000
0000000
1ff48d6
000b72a
0000000
1ff4998
1feff75
1ff6f75
1ff8405
1ff5c2d
0005280
000b668
001008b
000908b
000a3d3
0007bfb
1ffad80
0000000
0000000
0000000
000c450
1ff3bb0
0000000
0000000
0000000
0000000
1ff4020
000bfe0
0000000
0000000
0000000
0000000
0017f5d
1fe80a3
0000000
0000000
0000000
0000000
00169df
1fe9621
0000000
1fee3b8
00027f1
000befb
000b74c
0002d6c
000cbe0
0011c48
1ffd80f
1ff4105
1ffd294
1ff48b4
1ff3420
0000000
0000000
0000000
1ff8f24
00070dc
0000000
0000000
0000000
0000000
1ffe5bc
0001a44
0000000
0000000
0000000
0000000
1fe953c
0016ac4
0000000
0000000
0000000
0000000
000b2a2
1ff4d5e
0000000
0004f70
1ff9547
1fe79d5
0012a19
1ffe68b
1ff7964
1ffb090
0006ab9
001862b
0001975
1fed5e7
000869c
0000000
0000000
0000000
0050bd4
1faf42c
0000000
0000000
0000000
0000000
001b2a8
1fe4d58
0000000
0000000
0000000
0000000
00178c3
1fe873d
0000000
0000000
0000000
0000000
1ff76af
0008951
0000000
1ff7f6c
1ff5049
1fe7691
1ff1fba
0019538
1fbb9f8
0008094
000afb7
001896f
1fe6ac8
000e046
0044608
0000000
0000000
0000000
1fe24cc
001db34
0000000
0000000
0000000
0000000
1ff4818
000b7e8
0000000
0000000
0000000
0000000
1ffcc2b
00033d5
0000000
0000000
0000000
0000000
1fe8cbb
0017345
0000000
0011be0
00067f8
1ff0b74
000fdb3
0004a49
1fdda98
1fee420
1ff9808
000f48c
1ffb5b7
1ff024d
0022568
0000000
0000000
0000000
00125c0
1feda40
0000000
0000000
0000000
0000000
0029d58
1fd62a8
0000000
0000000
0000000
0000000
0003ec4
1ffc13c
0000000
0000000
0000000
0000000
1ff6352
0009cae
0000000
1ff4af8
1ffe569
00025af
000c0fd
1ff53f3
0008c2c
000b508
0001a97
1ffda51
000ac0d
1ff3f03
1ff73d4
0000000
0000000
0000000
1fc617c
0039e84
0000000
0000000
0000000
0000000
002f2a4
1fd0d5c
0000000
0000000
0000000
0000000
0004d08
1ffb2f8
0000000
0000000
0000000
0000000
1feb51c
0014ae4
0000000
1fd6bd8
0002dec
1ff3930
0009ec2
0011f06
1ff5390
0029428
1ffd214
000c6d0
1fee0fa
1ff613e
000ac70
0000000
0000000
0000000
0001b2c
1ffe4d4
0000000
0000000
0000000
0000000
000894c
1ff76b4
0000000
0000000
0000000
0000000
1ffcc37
00033c9
0000000
0000000
0000000
0000000
0017a29
1fe85d7
0000000
1fd80e0
00084fd
1fee93f
000d7cc
0015ad0
1fef174
0027f20
1ff7b03
00116c1
1fea530
1ff2834
0010e8c
0000000
0000000
0000000
1ff126c
000ed94
0000000
0000000
0000000
0000000
0001600
1ffea00
0000000
0000000
0000000
0000000
0005dc1
1ffa23f
0000000
0000000
0000000
0000000
00130d9
1fecf27
0000000
1ffb808
1fff5ca
000a3d2
0018309
00012a7
000965c
00047f8
0000a36
1ff5c2e
1ffed59
1fe7cf7
1ff69a4
0000000
0000000
0000000
003fbd8
1fc0428
0000000
0000000
0000000
0000000
1fecdac
0013254
0000000
0000000
0000000
0000000
0013dd2
1fec22e
0000000
0000000
0000000
0000000
001f694
1fe096c
0000000
00153ec
1ff1b2d
1fe930f
1ff940f
1ff94c9
1ffc010
1feac14
000e4d3
0016cf1
0006b37
0006bf1
0003ff0
0000000
0000000
0000000
1fee554
0011aac
0000000
0000000
0000000
0000000
0024d2c
1fdb2d4
0000000
0000000
0000000
0000000
1ffa181
0005e7f
0000000
0000000
0000000
0000000
1ff16a7
000e959
0000000
1ff22f8
00014fc
0014fda
0013247
0006177
0005e84
000dd08
1ffeb04
1feb026
1ff9e89
1fecdb9
1ffa17c
0000000
0000000
0000000
001a4bc
1fe5b44
0000000
0000000
0000000
0000000
0000064
1ffff9c
0000000
0000000
0000000
0000000
000a071
1ff5f8f
0000000
0000000
0000000
0000000
1ff22d5
000dd2b
0000000
1fd8f64
0011fd2
001c4de
1fffc43
0013571
0000de4
002709c
1fee02e
1fe3b22
1feca8f
00003bd
1fff21c
0000000
0000000
0000000
00026ac
1ffd954
0000000
0000000
0000000
0000000
1fe75d4
0018a2c
0000000
0000000
0000000
0000000
0010323
1fefcdd
0000000
0000000
0000000
0000000
0001bdf
1ffe421
0000000
000d238
1ffdbbc
0000a9c
1fe196f
1ff805d
0011b6c
1ff2dc8
0002444
1fff564
0007fa3
001e691
1fee494
0000000
0000000
0000000
1ff5854
000a7ac
0000000
0000000
0000000
0000000
000deec
1ff2114
0000000
0000000
0000000
0000000
1fee172
0011e8e
0000000
0000000
0000000
0000000
0008458
1ff7ba8
0000000
0004c20
0003998
0003ba2
1ff5942
000c570
0010180
1ffb3e0
1ffc668
1ffc45e
1ff3a90
000a6be
1fefe80
0000000
0000000
0000000
00024b4
1ffdb4c
0000000
0000000
0000000
0000000
1ff5570
000aa90
0000000
0000000
0000000
0000000
001137c
1feec84
0000000
0000000
0000000
0000000
001082c
1fef7d4
0000000
0001b94
0008961
0009869
1fde1b1
1ff9e8d
000d0c8
1ffe46c
1ff769f
1ff6797
0006173
0021e4f
1ff2f38
0000000
0000000
0000000
0013680
1fec980
0000000
0000000
0000000
0000000
1ff801c
0007fe4
0000000
0000000
0000000
0000000
1fe2135
001decb
0000000
0000000
0000000
0000000
0004795
1ffb86b
0000000
1fd2028
001a4a0
001bf34
1ffee43
0006429
1ffbe38
002dfd8
1fe5b60
1fe40cc
1ff9bd7
00011bd
00041c8
0000000
0000000
0000000
001c8a8
1fe3758
0000000
0000000
0000000
0000000
1fe26b4
001d94c
0000000
0000000
0000000
0000000
1ff70f4
0008f0c
0000000
0000000
0000000
0000000
1ff2fbe
000d042
0000000
1ffdebc
1fe1057
1fef65d
000a2e1
0007567
00030d0
0002144
001efa9
00109a3
1ff8a99
1ff5d1f
1ffcf30
0000000
0000000
0000000
1ff4eb4
000b14c
0000000
0000000
0000000
0000000
1ff487c
000b784
0000000
0000000
0000000
0000000
1ff730d
0008cf3
0000000
0000000
0000000
0000000
00090ed
1ff6f13
0000000
00008cc
1ff9d38
000a578
00003c7
001493d
00145d4
1fff734
00062c8
1ff5a88
1feb6c3
1fffc39
1feba2c
0000000
0000000
0000000
0019ffc
1fe6004
0000000
0000000
0000000
0000000
00168b8
1fe9748
0000000
0000000
0000000
0000000
000db6e
1ff2492
0000000
0000000
0000000
0000000
0005ab8
1ffa548
0000000
1fe42e0
0009e33
001eaf5
000edd9
00093d3
1fcf610
001bd20
1ff61cd
1fe150b
1ff6c2d
1ff1227
00309f0
0000000
0000000
0000000
001be70
1fe4190
0000000
0000000
0000000
0000000
000f41c
1ff0be4
0000000
0000000
0000000
0000000
0012d99
1fed267
0000000
0000000
0000000
0000000
1ff6563
0009a9d
0000000
0007784
000a77b
1fec149
1ff7c9a
001ad2a
00102d4
1ff887c
1ff5885
0013eb7
1fe52d6
0008366
1fefd2c
0000000
0000000
0000000
0016a60
1fe95a0
0000000
0000000
0000000
0000000
0016858
1fe97a8
0000000
0000000
0000000
0000000
1fe0483
001fb7d
0000000
0000000
0000000
0000000
1ff73c3
0008c3d
0000000
1fd8208
000a9ad
1fff101
002e564
1fffb1a
1fe6c38
0027df8
1ff5653
0000eff
00004e6
1fd1a9c
00193c8
0000000
0000000
0000000
1ff7344
0008cbc
0000000
0000000
0000000
0000000
1fb7f30
00480d0
0000000
0000000
0000000
0000000
1fe9a91
001656f
0000000
0000000
0000000
0000000
00023f7
1ffdc09
0000000
1fff288
0012b3a
1fef3c4
1ff9193
1fee2bb
1fe0ae4
0000d78
1fed4c6
0010c3c
0011d45
0006e6d
001f51c
0000000
0000000
0000000
000accc
1ff5334
0000000
0000000
0000000
0000000
00214c8
1fdeb38
0000000
0000000
0000000
0000000
1fe5a15
001a5eb
0000000
0000000
0000000
0000000
1ff8715
00078eb
0000000
1ff5a6c
0003636
1ffacaa
000768b
0013241
000000c
000a594
1ffc9ca
0005356
1fecdbf
1ff8975
1fffff4
0000000
0000000
0000000
0005f60
1ffa0a0
0000000
0000000
0000000
0000000
0024964
1fdb69c
0000000
0000000
0000000
0000000
001242b
1fedbd5
0000000
0000000
0000000
0000000
0009b35
1ff64cb
0000000
001315c
1ff5880
0006e22
1ff982f
000361b
1fddbd4
1fecea4
000a780
1ff91de
1ffc9e5
00067d1
002242c
0000000
0000000
0000000
000f63c
1ff09c4
0000000
0000000
0000000
0000000
1fe9adc
0016524
0000000
0000000
0000000
0000000
0003f5b
1ffc0a5
0000000
0000000
0000000
0000000
1ff9085
0006f7b
0000000
1ff2c78
1ffc64b
0008bfd
001a3e6
1ff8626
1ff0a80
000d388
00039b5
1ff7403
00079da
1fe5c1a
000f580
0000000
0000000
0000000
1fff958
00006a8
0000000
0000000
0000000
0000000
1ff7ef0
0008110
0000000
0000000
0000000
0000000
1fed36c
0012c94
0000000
0000000
0000000
0000000
0019626
1fe69da
0000000
1ff3434
0009520
1ff4292
000764a
1ffafc0
0011360
000cbcc
1ff6ae0
000bd6e
0005040
1ff89b6
1feeca0
0000000
0000000
0000000
0027a74
1fd858c
0000000
0000000
0000000
0000000
000bb78
1ff4488
0000000
0000000
0000000
0000000
1ffa491
0005b6f
0000000
0000000
0000000
0000000
0003739
1ffc8c7
0000000
1ff5db4
001e878
0017140
1fe07f1
1ff8d43
1fe9eac
000a24c
1fe1788
1fe8ec0
00072bd
001f80f
0016154
0000000
0000000
0000000
1ff24b8
000db48
0000000
0000000
0000000
0000000
1ff0f4c
000f0b4
0000000
0000000
0000000
0000000
1feb4f3
0014b0d
0000000
0000000
0000000
0000000
0008f9d
1ff7063
0000000
1ffc0b8
0006d42
000745c
0015a3f
000ba7b
0003a48
0003f48
1ff92be
1ff8ba4
1ff4585
1fea5c1
1ffc5b8
0000000
0000000
0000000
0002200
1ffde00
0000000
0000000
0000000
0000000
1fe77a8
0018858
0000000
0000000
0000000
0000000
000a802
1ff57fe
0000000
0000000
0000000
0000000
1ffa93a
00056c6
0000000
0014b2c
000935e
1ffdbca
1ffca84
1ff7490
000e86c
1feb4d4
1ff6ca2
0002436
0008b70
000357c
1ff1794
0000000
0000000
0000000
1fefd58
00102a8
0000000
0000000
0000000
0000000
1fb9c64
004639c
0000000
0000000
0000000
0000000
0008491
1ff7b6f
0000000
0000000
0000000
0000000
000646f
1ff9b91
0000000
0012b54
1ff0153
0001019
001e748
1fe8a1c
1fc883c
1fed4ac
000fead
1ffefe7
00175e4
1fe18b8
00377c4
0000000
0000000
0000000
000aa14
1ff55ec
0000000
0000000
0000000
0000000
0004b50
1ffb4b0
0000000
0000000
0000000
0000000
000b05a
1ff4fa6
0000000
0000000
0000000
0000000
000a598
1ff5a68
0000000
1fe7f24
1ff4c97
0003d05
1ffd0d3
1ffa5b5
001993c
00180dc
000b369
1ffc2fb
0005a4b
0002f2d
1fe66c4
0000000
0000000
0000000
0015608
1fea9f8
0000000
0000000
0000000
0000000
0001f40
1ffe0c0
0000000
0000000
0000000
0000000
1feec26
00113da
0000000
0000000
0000000
0000000
1ffc73e
00038c2
0000000
0000a74
1ff6315
1feecf1
0005c13
0017fb3
001634c
1fff58c
0009ceb
001130f
1fe804d
1ffa3ed
1fe9cb4
0000000
0000000
0000000
001fa8c
1fe0574
0000000
0000000
0000000
0000000
001130c
1feecf4
0000000
0000000
0000000
0000000
0001972
1ffe68e
0000000
0000000
0000000
0000000
0000a2c
1fff5d4
0000000
1ffba70
0001c57
1ffa635
1fe5655
00101cb
1ffbef4
0004590
1ffe3a9
00059cb
1fefe35
001a9ab
000410c
0000000
0000000
0000000
1ff4880
000b780
0000000
0000000
0000000
0000000
1ff80b8
0007f48
0000000
0000000
0000000
0000000
1ffe899
0001767
0000000
0000000
0000000
0000000
1ffebf9
0001407
0000000
00147c0
1ff8ade
0002396
00127f3
1fedc41
1ffc5ec
1feb840
0007522
1ffdc6a
00123bf
1fed80d
0003a14
0000000
0000000
0000000
1fe18a0
001e760
0000000
0000000
0000000
0000000
00378a4
1fc875c
0000000
0000000
0000000
0000000
00069f5
1ff960b
0000000
0000000
0000000
0000000
1fe5a29
001a5d7
0000000
0003810
1ffda7b
1ffe25f
1fdacbe
000d058
1fc87b0
1ffc7f0
0002585
0001da1
1ff2fa8
0025342
0037850
0000000
0000000
0000000
001287c
1fed784
0000000
0000000
0000000
0000000
1ff3080
000cf80
0000000
0000000
0000000
0000000
000b20a
1ff4df6
0000000
0000000
0000000
0000000
0000578
1fffa88
0000000
1fed194
002ded9
00217f3
1ffa0e5
1fec0ef
1ffbfd4
0012e6c
1fd2127
1fde80d
0013f11
0005f1b
000402c
0000000
0000000
0000000
00162e4
1fe9d1c
0000000
0000000
0000000
0000000
003ac28
1fc53d8
0000000
0000000
0000000
0000000
000982f
1ff67d1
0000000
0000000
0000000
0000000
1ff2839
000d7c7
0000000
00003f4
000ea02
000ad8c
1ff6aa9
00141bd
000d12c
1fffc0c
1ff15fe
1ff5274
1febe43
0009557
1ff2ed4
0000000
0000000
0000000
0008ef0
1ff7110
0000000
0000000
0000000
0000000
1feeec0
0011140
0000000
0000000
0000000
0000000
00286dd
1fd7923
0000000
0000000
0000000
0000000
1feb9f9
0014607
0000000
000c604
0004a4e
1ff50ee
000e539
000a41b
1ff7c28
1ff39fc
1ffb5b2
000af12
1ff5be5
1ff1ac7
00083d8
0000000
0000000
0000000
1fcf04c
0030fb4
0000000
0000000
0000000
0000000
0020c7c
1fdf384
0000000
0000000
0000000
0000000
0001d0e
1ffe2f2
0000000
0000000
0000000
0000000
000546c
1ffab94
0000000
1fe4ab8
1ff6e5f
00148f5
1fe8aa5
0007e2f
000994c
001b548
00091a1
1feb70b
1ff81d1
001755b
1ff66b4
0000000
0000000
0000000
0029e30
1fd61d0
0000000
0000000
0000000
0000000
000d00c
1ff2ff4
0000000
0000000
0000000
0000000
1ff19cb
000e635
0000000
0000000
0000000
0000000
1ff9951
00066af
0000000
001d748
1ff7a2c
1fd65ea
1ff0531
0000361
00037cc
1fe28b8
00085d4
0029a16
1fffc9f
000facf
1ffc834
0000000
0000000
0000000
1fedde4
001221c
0000000
0000000
0000000
0000000
0010528
1fefad8
0000000
0000000
0000000
0000000
1ff6596
0009a6a
0000000
0000000
0000000
0000000
1ffe1c8
0001e38
0000000
1ff3d18
1fff85f
0019701
000efa7
1feb239
1ff809c
000c2e8
00007a1
1fe68ff
0014dc7
1ff1059
0007f64
0000000
0000000
0000000
1fe6518
0019ae8
0000000
0000000
0000000
0000000
1fe4834
001b7cc
0000000
0000000
0000000
0000000
1fffa76
000058a
0000000
0000000
0000000
0000000
002844e
1fd7bb2
0000000
1fe5bfc
0016471
1feaff5
1fece33
0010abf
1ff5278
001a404
1fe9b8f
001500b
1fef541
00131cd
000ad88
0000000
0000000
0000000
000cefc
1ff3104
0000000
0000000
0000000
0000000
00182e8
1fe7d18
0000000
0000000
0000000
0000000
1ff4593
000ba6d
0000000
0000000
0000000
0000000
1fe7e8b
0018175
0000000
1ffd420
000c1fa
0000012
0008bef
0005db9
1fe3dd0
0002be0
1ff3e06
1ffffee
1ffa247
1ff7411
001c230
0000000
0000000
0000000
000582c
1ffa7d4
0000000
0000000
0000000
0000000
0002720
1ffd8e0
0000000
0000000
0000000
0000000
1fee693
001196d
0000000
0000000
0000000
0000000
001c241
1fe3dbf
0000000
1fe0808
0002313
1ff8829
1ff1424
001529c
00093ac
001f7f8
1ffdced
00077d7
1fead64
000ebdc
1ff6c54
0000000
0000000
0000000
0012bb4
1fed44c
0000000
0000000
0000000
0000000
1fbd918
00426e8
0000000
0000000
0000000
0000000
1fe0314
001fcec
0000000
0000000
0000000
0000000
00205a2
1fdfa5e
0000000
000d000
1febde9
1ffd01b
0008237
1ff4901
1ffda0c
1ff3000
0014217
0002fe5
000b6ff
1ff7dc9
00025f4
0000000
0000000
0000000
000aa2c
1ff55d4
0000000
0000000
0000000
0000000
1ff0a40
000f5c0
0000000
0000000
0000000
0000000
1ffe607
00019f9
0000000
0000000
0000000
0000000
0009111
1ff6eef
0000000
1fd7624
0006eb2
1fddca0
000a6f5
0011801
1ff29f0
00289dc
1ff914e
0022360
1fee7ff
1ff590b
000d610
0000000
0000000
0000000
0009044
1ff6fbc
0000000
0000000
0000000
0000000
1fea0f0
0015f10
0000000
0000000
0000000
0000000
0010028
1feffd8
0000000
0000000
0000000
0000000
1ff53ca
000ac36
0000000
0016b2c
00014d6
1ff59e8
1ff8608
1ff56aa
000c184
1fe94d4
1ffeb2a
000a618
000a956
00079f8
1ff3e7c
0000000
0000000
0000000
1fe8ca8
0017358
0000000
0000000
0000000
0000000
1feb77c
0014884
0000000
0000000
0000000
0000000
00155b5
1feaa4b
0000000
0000000
0000000
0000000
0000a83
1fff57d
0000000
1fe489c
000f659
000abeb
0006dc6
0015baa
00111ac
001b764
1ff09a7
1ff5415
1fea456
1ff923a
1feee54
0000000
0000000
0000000
1fff9e0
0000620
0000000
0000000
0000000
0000000
1fee4b8
0011b48
0000000
0000000
0000000
0000000
1fe2eaf
001d151
0000000
0000000
0000000
0000000
1ff2b17
000d4e9
0000000
0017484
00010de
1ffb7de
1ffa375
00035e3
0017d2c
1fe8b7c
1ffef22
0004822
1ffca1d
0005c8b
1fe82d4
0000000
0000000
0000000
000bac4
1ff453c
0000000
0000000
0000000
0000000
1fd6ef8
0029108
0000000
0000000
0000000
0000000
1ff856b
0007a95
0000000
0000000
0000000
0000000
1ff0eb3
000f14d
0000000
0001000
1feef32
1fff6f6
000bfd9
1ff6cef
1ff39e0
1fff000
00110ce
000090a
0009311
1ff4027
000c620
0000000
0000000
0000000
1feb0b4
0014f4c
0000000
0000000
0000000
0000000
0001754
1ffe8ac
0000000
0000000
0000000
0000000
1ff820c
0007df4
0000000
0000000
0000000
0000000
1ff0a8e
000f572
0000000
1fd804c
0000c8b
000d349
1fe7ea9
000644f
1ff2688
0027fb4
1fff375
1ff2cb7
1ff9bb1
0018157
000d978
0000000
0000000
0000000
0014348
1febcb8
0000000
0000000
0000000
0000000
00181a0
1fe7e60
0000000
0000000
0000000
0000000
1ff23a2
000dc5e
0000000
0000000
0000000
0000000
0001de6
1ffe21a
0000000
1ff8d40
1ffc8e1
0008efd
0005a45
0018f11
1fbdd30
00072c0
000371f
1ff7103
1fe70ef
1ffa5bb
00422d0
0000000
0000000
0000000
0019180
1fe6e80
0000000
0000000
0000000
0000000
0010414
1fefbec
0000000
0000000
0000000
0000000
1ff85eb
0007a15
0000000
0000000
0000000
0000000
00165d3
1fe9a2d
0000000
00008c8
1ffa096
000113e
1feae53
1fff0bd
0003c3c
1fff738
0005f6a
1ffeec2
0000f43
00151ad
1ffc3c4
0000000
0000000
0000000
003a3cc
1fc5c34
0000000
0000000
0000000
0000000
1ff02f8
000fd08
0000000
0000000
0000000
0000000
1ffe3b5
0001c4b
0000000
0000000
0000000
0000000
000933d
1ff6cc3
0000000
1fe84e8
1ffcc7a
1ff9966
0005bdb
1ffbf99
1fe9300
0017b18
0003386
000669a
0004067
1ffa425
0016d00
0000000
0000000
0000000
001691c
1fe96e4
0000000
0000000
0000000
0000000
000c8ac
1ff3754
0000000
0000000
0000000
0000000
0008476
1ff7b8a
0000000
0000000
0000000
0000000
1fec50e
0013af2
0000000
1fc9184
00133b2
003ae92
1fed09a
000b216
0025cdc
0036e7c
1fecc4e
1fc516e
1ff4dea
0012f66
1fda324
0000000
0000000
0000000
1fdc508
0023af8
0000000
0000000
0000000
0000000
1ff6800
0009800
0000000
0000000
0000000
0000000
1ff5126
000aeda
0000000
0000000
0000000
0000000
1fe291a
001d6e6
0000000
1ffeab4
1ffb9ee
1ff7d1e
0014bda
00032a6
00223d8
000154c
0004612
00082e2
1ffcd5a
1feb426
1fddc28
0000000
0000000
0000000
001ff08
1fe00f8
0000000
0000000
0000000
0000000
000b8fc
1ff4704
0000000
0000000
0000000
0000000
00045b3
1ffba4d
0000000
0000000
0000000
0000000
000ff67
1ff0099
0000000
1fe6b04
000bb7f
0010adf
001a186
0016de4
001eab0
00194fc
1ff4481
1fef521
1fe921c
1fe5e7a
1fe1550
0000000
0000000
0000000
000468c
1ffb974
0000000
0000000
0000000
0000000
1fcd3b8
0032c48
0000000
0000000
0000000
0000000
000f2e7
1ff0d19
0000000
0000000
0000000
0000000
1ff7cd7
0008329
0000000
0011838
1fce5ed
0003f15
0001106
0005d9c
0021108
1fee7c8
0031a13
1ffc0eb
1ffa264
1ffeefa
1fdeef8
0000000
0000000
0000000
1fd8724
00278dc
0000000
0000000
0000000
0000000
1fdfa5c
00205a4
0000000
0000000
0000000
0000000
0012581
1feda7f
0000000
0000000
0000000
0000000
1ff906f
0006f91
0000000
000faf8
0008218
1fe269e
000793b
1feb607
1fe8cd0
1ff0508
1ff7de8
001d962
00149f9
1ff86c5
0017330
0000000
0000000
0000000
0005880
1ffa780
0000000
0000000
0000000
0000000
00014b4
1ffeb4c
0000000
0000000
0000000
0000000
1feb9d1
001462f
0000000
0000000
0000000
0000000
000cdb9
1ff3247
0000000
1fe46e0
0022548
0002ec0
1ff4c9f
0010809
0005af8
001b920
1fddab8
1ffd140
1fef7f7
000b361
1ffa508
0000000
0000000
0000000
1ff3aa0
000c560
0000000
0000000
0000000
0000000
0010364
1fefc9c
0000000
0000000
0000000
0000000
0011002
1feeffe
0000000
0000000
0000000
0000000
1ff2a64
000d59c
0000000
1ff8a84
1ff36b8
00064de
0011d74
1ffdf6a
00087fc
000757c
000c948
1ff9b22
0002096
1fee28c
1ff7804
0000000
0000000
0000000
1fd028c
002fd74
0000000
0000000
0000000
0000000
1fdc140
0023ec0
0000000
0000000
0000000
0000000
001399d
1fec663
0000000
0000000
0000000
0000000
00099f9
1ff6607
0000000
0004e54
0007a8b
1fff99b
1fffd1c
000e7aa
0012fa0
1ffb1ac
1ff8575
0000665
1ff1856
00002e4
1fed060
0000000
0000000
0000000
001a5a4
1fe5a5c
0000000
0000000
0000000
0000000
000ea3c
1ff15c4
0000000
0000000
0000000
0000000
00005ba
1fffa46
0000000
0000000
0000000
0000000
1ff7b30
00084d0
0000000
00055e8
00018ec
000d7aa
1ff4a26
0004924
0012134
1ffaa18
1ffe714
1ff2856
1ffb6dc
000b5da
1fedecc
0000000
0000000
0000000
003c31c
1fc3ce4
0000000
0000000
0000000
0000000
002682c
1fd97d4
0000000
0000000
0000000
0000000
1fee44f
0011bb1
0000000
0000000
0000000
0000000
1ff8921
00076df
0000000
00079ec
0000a8d
1ff0c93
1ffdc10
1ffcd50
0019a2c
1ff8614
1fff573
000f36d
00032b0
00023f0
1fe65d4
0000000
0000000
0000000
1fe75d0
0018a30
0000000
0000000
0000000
0000000
0006be4
1ff941c
0000000
0000000
0000000
0000000
1ff9f4d
00060b3
0000000
0000000
0000000
0000000
0005f21
1ffa0df
0000000
1feca30
0003ed8
000109c
0003fb9
1fff3b7
001bcbc
00135d0
1ffc128
1ffef64
0000c49
1ffc047
1fe4344
0000000
0000000
0000000
0038ccc
1fc7334
0000000
0000000
0000000
0000000
000b8a0
1ff4760
0000000
0000000
0000000
0000000
001155e
1feeaa2
0000000
0000000
0000000
0000000
1ffc6ea
0003916
0000000
1ffef5c
000ac72
1ffb696
1ffa1dc
1ffb588
1fe4aac
00010a4
1ff538e
000496a
0004a78
0005e24
001b554
0000000
0000000
0000000
0004894
1ffb76c
0000000
0000000
0000000
0000000
000ae80
1ff5180
0000000
0000000
0000000
0000000
1feff6d
0010093
0000000
0000000
0000000
0000000
1ff166d
000e993
0000000
000dac4
0005d80
1febd70
000ab49
1ff6d9b
1fe97b4
1ff253c
1ffa280
0014290
0009265
1ff54b7
001684c
0000000
0000000
0000000
1ffe6dc
0001924
0000000
0000000
0000000
0000000
1fc8130
0037ed0
0000000
0000000
0000000
0000000
001b088
1fe4f78
0000000
0000000
0000000
0000000
00124d8
1fedb28
0000000
003c5c4
00045cc
0004bf0
1ff685a
1ff6972
1fff034
1fc3a3c
1ffba34
1ffb410
000968e
00097a6
0000fcc
0000000
0000000
0000000
00284c4
1fd7b3c
0000000
0000000
0000000
0000000
000b924
1ff46dc
0000000
0000000
0000000
0000000
000c8a6
1ff375a
0000000
0000000
0000000
0000000
1ff6b24
00094dc
0000000
00140d8
1ff8a60
1ff92c6
1fffcfe
0009240
1ffc14c
1febf28
00075a0
0006d3a
1ff6dc0
0000302
0003eb4
0000000
0000000
0000000
0013860
1fec7a0
0000000
0000000
0000000
0000000
00035b4
1ffca4c
0000000
0000000
0000000
0000000
00105cc
1fefa34
0000000
0000000
0000000
0000000
000bc36
1ff43ca
0000000
002d2b4
1ff9629
1fefdb7
00017ab
1ff184d
1fe81d0
1fd2d4c
00069d7
0010249
000e7b3
1ffe855
0017e30
0000000
0000000
0000000
1fd4d30
002b2d0
0000000
0000000
0000000
0000000
1ffa790
0005870
0000000
0000000
0000000
0000000
1ffff39
00000c7
0000000
0000000
0000000
0000000
000c9d9
1ff3627
0000000
1ffa6b4
1ff658e
1fe60b6
0011477
1fecd8d
1ffde18
000594c
0009a72
0019f4a
0013273
1feeb89
00021e8
0000000
0000000
0000000
1fd1c38
002e3c8
0000000
0000000
0000000
0000000
1ff7be4
000841c
0000000
0000000
0000000
0000000
000249a
1ffdb66
0000000
0000000
0000000
0000000
0021490
1fdeb70
0000000
1fded44
1ffe759
000c563
00022b3
000c8fd
00061c4
00212bc
00018a7
1ff3a9d
1ff3703
1ffdd4d
1ff9e3c
0000000
0000000
0000000
00423a0
1fbdc60
0000000
