0007430
1fd713c
1ff8474
0003258
0003258
0008030
0032744
1f54566
0003246
1fef418
1fef418
001d294
1fd685c
001de1e
1fee722
000d416
000d416
1fc270c
0004858
001c5a8
00172be
0006aca
0006cd4
1fe8440
0004858
001c5a8
00172be
0006cd4
0006aca
1fe8440
1fb3050
0023664
1fe79e4
00060cc
00060cc
1fadd00
1ffd910
000abb8
1ff61b8
1ffe2f0
1ffe2f0
1fc3dc0
001f6d4
1fe2f60
001f922
1fe8f4d
1fe8f4d
001e104
1ff4734
0011fc4
1ff2a46
1ff6f61
1ff6f61
1fd9b14
1fee9cc
0007996
1ff39d0
0002fd1
1ff7e2d
0010624
1fee9cc
0007996
1ff39d0
1ff7e2d
0002fd1
0010624
1fd1ee0
000c42c
0005b14
1ffdf58
1ffdf58
1fc3890
1ff2440
0015858
000b0d0
1ff26a4
1ff26a4
1fc76c0
1fe2534
01c80c6
00073fc
1ff68a7
1ff68a7
0015168
000402c
1fd9bb8
1ff139e
1ff12dd
1ff12dd
003a530
00034b8
1febbbb
00041fd
0001126
001d9ca
1feb2d4
00034b8
1febbbb
00041fd
001d9ca
0001126
1feb2d4
0014e60
0014774
00077b4
000b164
000b164
1ff8f90
1fdae30
002f0e8
1ff4b00
00183a4
00183a4
0080c90
001638c
0086657
1fca19f
001d6e3
001d6e3
1fafac8
000548c
000cb4b
1ff28a7
0000931
0000931
0002b98
001f964
1fe7e6b
1ff4fbd
1ff9d87
1ff0b21
1fd13d8
001f964
1fe7e6b
1ff4fbd
1ff0b21
1ff9d87
1fd13d8
1ff3830
002abf0
1ff09e0
1fedfa8
1fedfa8
0039ad0
1fee960
1fb1960
1fe15a8
1fff20c
1fff20c
1fe0d40
1ffdb20
1f9879a
0002f76
1ffb9f0
1ffb9f0
00039ec
0033888
1fe719c
1ff6bb8
0009086
0009086
0012944
0016604
0019965
000d495
1fe6c97
000ac67
1ffbe50
0016604
0019965
000d495
000ac67
1fe6c97
1ffbe50
0042a10
1fcca78
1fb91c0
000692c
000692c
0019d10
006bf70
000854c
1ff854c
1fdb8f4
1fdb8f4
1fcf560
1ffa11c
1fbfe24
1ffe8a8
0005830
0005830
1fc9694
1ff4cc4
1fe9dba
1fe9ae6
1ff87ae
1ff87ae
0040cdc
1ff35a8
0002e13
000acd3
000f74b
1ff92bb
00124f0
1ff35a8
0002e13
000acd3
1ff92bb
000f74b
00124f0
1fc7680
0022d20
1fe60d8
0014984
0014984
1fbeb40
0032e20
1ff7ed8
0019918
1ff8900
1ff8900
1fb53c0
0007b80
009c6d3
1fe7b5b
000724b
000724b
1ff5034
0043ca0
000bd75
0000189
1ffff37
1ffff37
001f1a4
1fe7da8
000909a
0010b04
1ffa1fa
00118f8
0000634
1fe7da8
000909a
0010b04
00118f8
1ffa1fa
0000634
1ffbbc0
000b768
1fe8880
1fd874c
1fd874c
00161a0
0041150
001b958
1ff0c18
1fcf770
1fcf770
1fe6730
0012e38
00930d1
00202fd
0005a05
0005a05
0013e30
1ff0430
0019b11
000bc89
000728b
000728b
00274f8
1fdf2c4
0007b89
0006787
001be3d
0001667
1fe8cbc
1fdf2c4
0007b89
0006787
0001667
001be3d
1fe8cbc
1fe7560
001529c
1ffc594
00299b8
00299b8
0014100
000c0d0
1ff1438
1ff8760
0007374
0007374
1fc7060
0002dfc
1fed7f8
1fee55c
1ff745a
1ff745a
1fc98d8
1fe58c4
1ff09d2
0027bde
1ffd87c
1ffd87c
1ff3d70
0017398
0006979
1fef129
0021653
00044db
1fef134
0017398
0006979
1fef129
00044db
0021653
1fef134
1fd5590
0003dd4
002a914
0004e3c
0004e3c
001b610
002d220
1fdf698
0012278
1ff8ad0
1ff8ad0
00381e0
1ff4d4c
1fb4dd7
1fe8f3f
0003a3d
0003a3d
1fcd28c
002a1c4
1ffaaf7
1fe52c3
1ffba13
1ffba13
1fb5c1c
0031380
1feecc3
0004b45
1ff691f
1ffe459
000874c
0031380
1feecc3
0004b45
1ffe459
1ff691f
000874c
0064370
1ffdf50
1fd8e68
1fda09c
1fda09c
1fda010
0010cc0
000028c
1fef8d4
000d098
000d098
0036ba0
0032dbc
1fe8cfd
0005399
1fef1e3
1fef1e3
005ad1c
1fe8074
1ffc5d1
1ffd4e5
000a077
000a077
1fe82dc
1ff4530
1fe9871
000cc05
0015ee3
1fef8e7
1ffc2dc
1ff4530
1fe9871
000cc05
1fef8e7
0015ee3
1ffc2dc
001c870
001994c
1fe80ec
1fcf344
1fcf344
1ff3a70
0047600
1fe57ac
1fbf69c
1fc3aa4
1fc3aa4
0017650
1ff2ebc
0015114
000d146
000bfff
000bfff
0026f0c
1f7aa44
1feeee8
0004b9a
0025aff
0025aff
000dbfc
1ff9ec8
1ffb028
1ff28ce
0011c83
1ff20e3
1fe7f5c
1ff9ec8
1ffb028
1ff28ce
1ff20e3
0011c83
1fe7f5c
002bf30
00278d4
1fe5214
1ff4254
1ff4254
0009f90
1ff6900
1ff0878
1ff5260
000165c
000165c
1fcfa80
00124b0
003aa77
1fe10b9
1fee91c
1fee91c
1ff086c
1fca050
000536d
000c5fb
001b0a8
001b0a8
0050834
0011730
000fb06
000a4f6
1ff005b
1fef0a1
1fe9040
0011730
000fb06
000a4f6
1fef0a1
1ff005b
1fe9040
001bf30
003ce3c
1ff2ef4
1ffb590
1ffb590
1fcea80
001d780
1ffff80
1fbb488
001a7b4
001a7b4
00333c0
0002850
0013bda
1ffe3d2
1ff81ba
1ff81ba
0001958
0031ac8
1fe15dc
1ff1b4c
1ff8ac0
1ff8ac0
1fd9c48
0026b5c
1ffea57
0016ffb
0006dc1
1feb7d1
0006fe8
0026b5c
1ffea57
0016ffb
1feb7d1
0006dc1
0006fe8
0080ec0
1fe4d08
1fcc8e0
0011864
0011864
1fc24e0
0036810
1fc98f8
1ffaa78
1fe7d70
1fe7d70
0024980
0037420
00294ef
1feb26d
1ffc0be
1ffc0be
1ff03bc
0000ae0
0014dc7
00097fd
1ffe956
1ffe956
0023ffc
1ff4d38
1ff43d5
00032b7
000cca0
1ff0ca8
1ff904c
1ff4d38
1ff43d5
00032b7
1ff0ca8
000cca0
1ff904c
0023040
1fcaa9c
00160bc
1fff5c4
1fff5c4
0007080
1f977f0
0002d10
1fe2530
0016810
0016810
1fcfbd0
000097c
00b3550
003c6de
1ff680f
1ff680f
001e4f8
1ff2184
00141f8
0009bd2
1fef1b1
1fef1b1
0014ff8
1ff2f28
000b0da
1ff304e
000bbf9
0007793
0005378
1ff2f28
000b0da
1ff304e
0007793
000bbf9
0005378
1fde6d0
00095e0
000f600
0004020
0004020
0049c70
1fcec20
1fe6418
1ff9808
000c948
000c948
0023ec0
00074b4
1f3ac04
000ebca
1ff5ca3
1ff5ca3
000b324
1fe28ac
0007872
1fdc144
000c793
000c793
1ffdcec
000a7e0
0006a7d
0009e35
0000af2
1ffd694
1fd9ac8
000a7e0
0006a7d
0009e35
1ffd694
0000af2
1fd9ac8
1f9e530
1ff4270
1fe83b0
0008180
0008180
001a2e0
001e790
00016b0
0019558
1fd6f4c
1fd6f4c
1fc5370
002197c
1fe2a45
1ff439d
1febfe5
1febfe5
1fe40e0
1ff7264
0007d3f
1ff5cd3
00004c1
00004c1
1ffbd70
1ff72d8
0005300
1ffdb1a
1fef9c0
1ff7466
0021aa8
1ff72d8
0005300
1ffdb1a
1ff7466
1fef9c0
0021aa8
1fda280
000b648
0017d40
002ebfc
002ebfc
1fe8f50
00045d0
1ffcc44
0018974
0034544
0034544
0020e00
0011984
01f65e9
1fe7f17
1ffe166
1ffe166
1fcef78
1fc7ca4
000e96f
000a065
1ff9f50
1ff9f50
1fe4d90
1ff53d4
00103c4
1ff9c36
1ffaae9
1ff32e5
1fea81c
1ff53d4
00103c4
1ff9c36
1ff32e5
1ffaae9
1fea81c
1fd0ec0
1fde3fc
0036464
001ccf8
001ccf8
1ff9050
000d8a0
0026080
001d680
1fdc3c8
1fdc3c8
002d000
1fdd28c
0084bfa
1ffc574
00032b9
00032b9
1fc6fe4
1feaa74
0008c96
1ffa9e4
0016457
0016457
000f564
000ef10
0006b02
1fef3f6
000acfb
0002eb9
1ff292c
000ef10
0006b02
1fef3f6
0002eb9
000acfb
1ff292c
1fc2290
1ff11e4
0019ca4
1fff274
1fff274
1fe6d20
1fc2b60
1fff410
1ff7098
0000f1c
0000f1c
1ff8160
1ff954c
1fa8575
0001347
1fe27be
1fe27be
1ffce84
0053b2c
00177ff
1ff043d
1fe954a
1fe954a
0003824
000f2e4
1ff6448
1ff82a8
1fffb5f
1ff3265
1ff35dc
000f2e4
1ff6448
1ff82a8
1ff3265
1fffb5f
1ff35dc
00439c0
1fe5660
1ff5f10
1ffacd0
1ffacd0
1feb5a0
000eac0
001ce80
1ff7068
1ff126c
1ff126c
1ff0ca0
1fce4fc
1fa5350
001ffd0
0022092
0022092
003d008
1fec9e4
1ff9c04
0006a14
1fed902
1fed902
0008870
0008a08
0001372
000d056
1ff8714
001506c
1fd1534
0008a08
0001372
000d056
001506c
1ff8714
1fd1534
006ecc0
1feafac
1fb847c
1fe951c
1fe951c
1f9def0
000c5c0
001efe4
1ff6dac
001be18
001be18
001d2e0
1febacc
0089b43
1ff6f3f
1ff5385
1ff5385
0008334
1fdbdec
1ff73eb
0008913
1fffc9b
1fffc9b
1ff0c14
0007fdc
1ff64d3
0008649
1ffebf7
1fee60d
0015244
0007fdc
1ff64d3
0008649
1fee60d
1ffebf7
0015244
1fd1f70
000d770
000b0a0
0013f48
0013f48
0045cc0
002a1b0
1fb4f8c
1fe1ed4
0014cb8
0014cb8
1fc1a30
1ffad4c
00b16cc
1fee0e6
1fe60d7
1fe60d7
1ff720c
1fe777c
0019d42
1fed2f0
1fe8947
1fe8947
1ff574c
1fef374
001bc79
000adb5
1ffd0b8
0005df2
0047a54
1fef374
001bc79
000adb5
0005df2
1ffd0b8
0047a54
0005e60
1fed1a0
1fedb18
00140cc
00140cc
00304d0
0012480
1fddf8c
00368cc
1fe05ac
1fe05ac
0048c90
1fd1ddc
0018731
1feffc1
00156c7
00156c7
1f94ac8
1fcf83c
000aa83
000d357
00031f3
00031f3
1ff6e80
1fda2dc
1fffbe4
1ff1142
0019294
1fe290e
003a0f4
1fda2dc
1fffbe4
1ff1142
1fe290e
0019294
003a0f4
00189c0
1fd48f8
0036f18
1fde2f8
1fde2f8
0044340
1fc3880
0004720
1ff9c78
1ffebec
1ffebec
1fd3e30
1fd785c
1f925ee
000169a
000e2ec
000e2ec
0001e78
00310fc
1fe252e
000310a
0007140
0007140
00459e8
1fe3d24
1ff03bc
0012c20
1ff7248
0023f28
001e928
1fe3d24
1ff03bc
0012c20
0023f28
1ff7248
001e928
001f400
1fe30b8
000bed8
1ffbb98
1ffbb98
00333d0
0009a60
1ff7c6c
0028f84
1fd8548
1fd8548
0012610
1fe5388
001028c
1fd4c7e
000ec7b
000ec7b
1fe5198
00315a8
001169c
1fea1a2
0011ad9
0011ad9
1fd4cf0
1ff31f8
1ffc52a
000444a
0008ce1
000f2bb
1fe6304
1ff31f8
1ffc52a
000444a
000f2bb
0008ce1
1fe6304
1ff0fb0
1fe9700
00161e8
1ffea1c
1ffea1c
1fc8710
1fde870
000092c
1feacb4
000f8d8
000f8d8
001b5b0
0016a74
000dec8
1ff5c76
000e503
000e503
1fe54fc
1fd19c4
001a160
1fe684a
0014715
0014715
1ffe444
1feae94
00234ba
1fe7952
1ff8927
0009aa9
1fd8c90
1feae94
00234ba
1fe7952
0009aa9
1ff8927
1fd8c90
1faa020
004acec
00297e4
1fd7750
1fd7750
0008c90
0008780
0024d40
1ff7178
1ff4e4c
1ff4e4c
1ff6f90
1fe2b84
0036df4
00086d8
000f65a
000f65a
00205a8
000dc8c
1ff860a
000fd2e
000f79c
000f79c
1ff3400
0005f70
000d2e3
1ff24a7
00117c3
000c893
1fe4f7c
0005f70
000d2e3
1ff24a7
000c893
00117c3
1fe4f7c
0022710
0026d2c
1fd5cbc
0003634
0003634
1fa6ad0
1fe3c20
0005b60
1fdd830
1ff3d08
1ff3d08
1ff1a90
000e20c
000c902
000c4ba
1ff9e3a
1ff9e3a
1fef40c
0036a3c
1ffc982
1feba0a
1fefd16
1fefd16
00023cc
000234c
1ff9b2a
001b4fa
000cb5e
1ffbaaa
0011364
000234c
1ff9b2a
001b4fa
1ffbaaa
000cb5e
0011364
006a780
000cad0
1fa57a8
000a3bc
000a3bc
00002a0
0031250
0011104
1ff1c4c
1fe20a0
1fe20a0
00098c0
003465c
0039bc6
1fd0126
00095f0
00095f0
1f65a30
1fe4094
0011486
1fe92fa
0012b7e
0012b7e
1ff3ca0
1ffd3f8
0008b98
1fff2d2
1fe2c98
001ff9a
001f880
1ffd3f8
0008b98
1fff2d2
001ff9a
1fe2c98
001f880
1faca40
1fe1fd4
0020ed4
000549c
000549c
009c110
001f9e0
1fe8484
1fe2f9c
1ff8ee0
1ff8ee0
0017a10
1fabab4
00c4032
0004c06
00091c8
00091c8
0030310
001280c
00024ba
1ff776e
00060d8
00060d8
1ff6710
1ffda18
000bb84
1ffabf0
1ff3ccc
1ff5d70
1ffcf00
1ffda18
000bb84
1ffabf0
1ff5d70
1ff3ccc
1ffcf00
0055b40
00150fc
1ff124c
1fc4744
1fc4744
1fb2530
001dfd0
002bea8
1fbf700
0002a94
0002a94
1ff0010
1fe5020
1f3a4c6
1ffbe2c
1febc11
1febc11
1fd9bc4
0095978
1fcab9e
000e878
1ff886b
1ff886b
0001cec
000734c
1ff79e2
001b4fa
1ffb7c3
000ea19
0008ef8
000734c
1ff79e2
001b4fa
000ea19
1ffb7c3
0008ef8
0078330
1fbd330
000c1b0
1ff2308
1ff2308
000aae0
0043ae0
000c270
0012330
1fbc550
1fbc550
1fc2c60
1ff997c
1fcfc4a
0005102
1fe7016
1fe7016
002cd2c
1fd75dc
00137f2
1fe542a
0004dd2
0004dd2
000c2c4
00242fc
1fe7e96
1ff33ea
0018188
000decc
0010580
00242fc
1fe7e96
1ff33ea
000decc
0018188
0010580
001e610
1ff6b3c
000675c
1ff7b94
1ff7b94
1fb2b00
00274b0
1fd5c0c
1fb54ac
000ff24
000ff24
1fdcf90
0023c48
01ed464
0011c16
1ffe567
1ffe567
1feb628
003a838
1ff0c58
1ffffe2
1fd9de3
1fd9de3
00207c0
1ff0f48
0032d86
1ffa3fc
1ffa449
0000801
1fdfb54
1ff0f48
0032d86
1ffa3fc
0000801
1ffa449
1fdfb54
1ff7bb0
005b638
0016758
1ff25c0
1ff25c0
1ff95b0
1fc0630
00055a0
0033e08
1ffe85c
1ffe85c
0012100
0000b94
0059ac4
000f3c0
000bf18
000bf18
0032eb4
1fe9f44
1fea686
000542a
0003326
0003326
0035194
000eeb4
000cf71
00097d1
1fedaf3
002461b
1ffd724
000eeb4
000cf71
00097d1
002461b
1fedaf3
1ffd724
1fa99e0
1fe5a40
0004e10
000bf18
000bf18
00417f0
0031ee0
1ff3dc4
1fec3cc
000c1d0
000c1d0
0035a30
1ffda0c
1f7cf45
0018c67
1fd89fa
1fd89fa
0008914
1ffe624
0002b37
001961d
00006fe
00006fe
0010cc4
0011a28
000ca00
1ffec88
1ff318b
1ff19b5
1fcce4c
0011a28
000ca00
1ffec88
1ff19b5
1ff318b
1fcce4c
003a130
1ffa914
1f984dc
000f198
000f198
0030a40
1ffead0
1fdba70
1fe4278
0015394
0015394
1faaf40
1fed8a8
1f8c2b0
1ff35c6
1feae5b
1feae5b
1ffab94
0039c28
00084ee
0010c64
1ff28a5
1ff28a5
1fec784
000e7c8
000c063
1ff7e0d
1feacac
0007d88
00076f4
000e7c8
000c063
1ff7e0d
0007d88
1feacac
00076f4
1fea300
1ff9b8c
1fedb2c
0029b74
0029b74
000fa10
0053760
1fcb9bc
1ff2424
1fd9420
1fd9420
000b240
1fd5430
009182f
00004a9
0018682
0018682
001e42c
0019f68
0026273
0009b15
000698e
000698e
1fde0a4
1ff1cbc
1ffb571
1ff50ff
1fef1d4
000ba1c
1fcecb0
1ff1cbc
1ffb571
1ff50ff
000ba1c
1fef1d4
1fcecb0
0021400
1ff0d64
00123bc
1fe3da0
1fe3da0
1ff1b70
1fbea80
0039a74
1fbb0dc
00089f8
00089f8
1fa0e90
1fee5c4
00945fa
0023b7e
000a08e
000a08e
0014f10
000428c
1fe94c2
001c9ee
1fe8562
1fe8562
0004c28
1fe8328
00073dc
000d8d8
1fffff0
1ff5578
00166fc
1fe8328
00073dc
000d8d8
1ff5578
1fffff0
00166fc
00135b0
000495c
001398c
1fe094c
1fe094c
002a350
1fcfe20
003597c
1fe9acc
0003d0c
0003d0c
1fdf7d0
1fe211c
1fdd880
1ff1802
1fff99f
1fff99f
1ff4934
0014b9c
00008de
00186e4
1fe70cb
1fe70cb
1fee91c
0006ad4
0001f53
0006a43
001fa4c
0003a6a
1fed018
0006ad4
0001f53
0006a43
0003a6a
001fa4c
1fed018
003ce10
000b0fc
000a814
000ba08
000ba08
1ffe010
1ffa800
1fe6458
0024fb8
002ac58
002ac58
0033210
1ffcba4
1f95fc2
1ffb13e
1ff60e8
1ff60e8
1fc19e0
003df44
1ffceb2
1fe6c5e
1ff7fc0
1ff7fc0
0015f10
1ff055c
1ffee8c
1fed3b0
1ff6858
1ff40ec
1fef800
1ff055c
1ffee8c
1fed3b0
1ff40ec
1ff6858
1fef800
1fc4da0
0017658
0013fa0
1ffaf2c
1ffaf2c
0015b70
0095a40
1ff4108
00140e0
1fc97b4
1fc97b4
1fe9730
000fc94
000242d
001d6a1
0007131
0007131
000acd8
0008ebc
1ff5545
0005245
000f96b
000f96b
0019ac8
1fdd1d0
1ffe453
00060b1
001341b
0009bb9
1ff5748
1fdd1d0
1ffe453
00060b1
0009bb9
001341b
1ff5748
0001760
1fde270
00114f0
001c8b8
001c8b8
008d7a0
0032a10
00079d8
1fdb7b0
0003dbc
0003dbc
0008a60
0008218
1ffaf13
00106a7
001666f
001666f
1ff1b94
002a750
1ff43db
1fdc33f
1fe6ab3
1fe6ab3
1ff6594
1fe6534
000a089
000b3fd
1ff8f5f
1ff7d07
1fff50c
1fe6534
000a089
000b3fd
1ff7d07
1ff8f5f
1fff50c
1fda370
1ff158c
1fee1b4
1ff2de8
1ff2de8
1ff05d0
1ffe420
1fef310
0006570
0005390
0005390
000baa0
002bff8
004cb08
1ff6b24
000693c
000693c
1feb238
1fe9860
00023d6
1ff853a
1ffc126
1ffc126
001b6b8
001be44
00056e3
1ffb4ab
1fe6961
1ffc471
0001cc8
001be44
00056e3
1ffb4ab
1ffc471
1fe6961
0001cc8
00031e0
00002d4
1ff36cc
0004510
0004510
1fed2e0
00125d0
1ffee98
1fdf030
1fe7424
1fe7424
1f9ec00
0004a14
0006b03
003bd09
0027090
0027090
1fff77c
000491c
0008f3f
002aa71
1fed11e
1fed11e
001d6d4
1ff5058
1ffa5d5
1feef39
0011442
1ffc22c
0012060
1ff5058
1ffa5d5
1feef39
1ffc22c
0011442
0012060
1f78530
1ffded8
0008c10
1fec5f4
1fec5f4
1fc70b0
1fd5b70
001f0f0
0001d08
000861c
000861c
1f0ba30
001e544
1ff698f
1fe5f09
000bec6
000bec6
004a260
1fe7964
00146b7
1ff9375
1fef058
1fef058
1fd9410
1ff601c
1ffa831
0012ed1
1ff79c0
1ffe37e
0033678
1ff601c
1ffa831
0012ed1
1ffe37e
1ff79c0
0033678
1fc0b90
005af9c
001048c
1fe8d6c
1fe8d6c
1fd1630
1fb54b0
0007fa8
001b280
00397dc
00397dc
001c6e0
1ffb9f0
00a4713
0017fe5
000f58e
000f58e
0009a38
0017600
00116a1
0006e2f
1febfea
1febfea
1ffbbb8
1feece0
1ffb736
1ffaeae
0005147
1ff84a9
0017b80
1feece0
1ffb736
1ffaeae
1ff84a9
0005147
0017b80
0034fe0
1fc3358
0002470
000d1cc
000d1cc
0031610
0030630
1fce02c
1fdbdc4
1ff8188
1ff8188
1ff2ff0
0008e70
1eee13a
001a4a8
1ff6a13
1ff6a13
0021494
000f578
0003530
000fd7e
001eeed
001eeed
1fe8f9c
1ffb38c
1fe3461
000d9fb
000a440
000059c
0019018
1ffb38c
1fe3461
000d9fb
000059c
000a440
0019018
00260b0
00352f0
0013ad8
000bfdc
000bfdc
1fde710
1fd6e70
1ffe058
1ff5650
00242d4
00242d4
000ea20
0009064
1fe188d
0001b03
1fff9d4
1fff9d4
0023108
00414cc
1ff560b
001e895
1fea294
1fea294
1ff03e0
1ff7050
0002b42
1ff9f96
1fee7b9
0003917
0000e7c
1ff7050
0002b42
1ff9f96
0003917
1fee7b9
0000e7c
1fb7c20
0002414
0001c9c
0012818
0012818
001fed0
1fb1ab0
00290c0
1fc4a08
001b8b4
001b8b4
1fc2fc0
00068f0
01f039f
000cdf3
1fffcb9
1fffcb9
1fd6b98
00034a0
0028c2d
1ffe539
000f63f
000f63f
1ffb238
0013358
1fd4ec0
1fe6d60
0008d02
1fe1b62
1ff2160
0013358
1fd4ec0
1fe6d60
1fe1b62
0008d02
1ff2160
0055f90
004753c
000b684
1ff7408
1ff7408
1fb5600
0050720
0015b68
1fedde0
1fccc94
1fccc94
1fd09c0
1ff8104
007f220
1ff80c2
0004add
0004add
0043670
1fe6294
1fe2740
00045c2
00128b9
00128b9
00138c0
000198c
1fd6534
000c34e
1ffbb07
0000e4f
1ffd190
000198c
1fd6534
000c34e
0000e4f
1ffbb07
1ffd190
00073a0
0027fa0
1fe4190
00192c0
00192c0
1fe9610
0053150
0005aa8
1fe2768
1fe6d70
1fe6d70
1fc6790
0013618
1f91f55
0013b0d
1feed63
1feed63
00084d8
0016688
1ff1183
1ff384b
0003e51
0003e51
1ff2590
1ff0700
1ffc794
000c848
0002758
1ffbef8
0028dfc
1ff0700
1ffc794
000c848
1ffbef8
0002758
0028dfc
000f7f0
1feba8c
1fb85f4
1ffef08
1ffef08
1fdc9c0
1fedf60
1ff1afc
1ff420c
1fe586c
1fe586c
1fe7df0
004c2b8
1f8fb83
1ff43e5
1ff3eec
1ff3eec
1fe57b8
1ffbc50
0010a17
1ffaf31
1fe3fa8
1fe3fa8
1fcd680
0008fc4
1ff1439
0000b33
000114c
1ff704c
001c46c
0008fc4
1ff1439
0000b33
1ff704c
000114c
001c46c
0004340
1fec814
0004d54
1feb9b4
1feb9b4
000efa0
1fd6e10
1ff4218
1fde6b0
0017c44
0017c44
1fc5f20
003ae78
008e6e1
0022b3d
1fe1dbb
1fe1dbb
0002710
1febc38
00148f5
000c289
00097ff
00097ff
1feb4d8
1ffcde0
000be2d
1ff7a5d
1ff3d0d
000aa09
0018df4
1ffcde0
000be2d
1ff7a5d
000aa09
1ff3d0d
0018df4
1f90fe0
001625c
1fef8a4
1fe99d8
1fe99d8
001a3e0
003fa50
1fd4c20
1fc9ec0
00164a0
00164a0
1fe2c80
1fadb4c
00dc266
0026df0
1fff335
1fff335
1fed0e0
1fb37fc
00063ea
002d6d4
1ff8679
1ff8679
1ff1518
1ff359c
0024cd2
0006a8c
1fef9d3
1ffccef
00236b4
1ff359c
0024cd2
0006a8c
1ffccef
1fef9d3
00236b4
005ecb0
1ff7f5c
00079ec
1fe187c
1fe187c
003d430
1fd8350
001a9d8
1ffd2b8
0008168
0008168
1fa0a20
00115ec
1fdd8bf
003549d
000ab5a
000ab5a
00151a8
001a2fc
1ffcee3
00203d1
000b122
000b122
1fee470
000f6bc
1ff14b7
1ff36c5
1ffe3aa
000d836
0020454
000f6bc
1ff14b7
1ff36c5
000d836
1ffe3aa
0020454
0002120
000b010
0027230
0005188
0005188
1fee060
003b450
1ff8e38
1fbe738
1fdda50
1fdda50
1fdb9e0
000a078
1f9bf05
1fe9c75
1ff7d19
1ff7d19
000d320
0030f30
0007559
1ff483d
00009cb
00009cb
1ffe0e0
001d39c
1ffe6c5
1febeeb
00008e1
0013c03
1fedb90
001d39c
1ffe6c5
1febeeb
0013c03
00008e1
1fedb90
1fa7910
00097c4
1fe038c
1ff47e0
1ff47e0
00102d0
004b430
1fffde4
1fe38fc
1ff47e0
1ff47e0
1faa1a0
1fcd6d8
001e713
000c30b
000a8d7
000a8d7
1fd7ae0
1fbf5e8
000a703
1ff9bb7
00140c1
00140c1
0002e80
1fd6440
001197b
000bbb1
00103a9
001377f
001cc00
1fd6440
001197b
000bbb1
001377f
00103a9
001cc00
004e5c0
1fd5bc8
002e118
1ff01a8
1ff01a8
0033db0
001ad20
1fed3c4
1fe003c
0019218
0019218
00662c0
1fe9074
0038f7a
000ecc4
0011bd9
0011bd9
00035c4
001004c
1ffbfb4
000524a
00059a5
00059a5
1fd176c
1fc8ff8
0005d7d
1ff8a4d
1ff91c6
1ffeebc
1ff0648
1fc8ff8
0005d7d
1ff8a4d
1ffeebc
1ff91c6
1ff0648
1fe4240
1fdc304
004a104
1febc8c
1febc8c
000d370
0029270
1ff4a78
1ffbbf0
1fda5e4
1fda5e4
002c0d0
1fedb10
005017f
0000cb3
0008beb
0008beb
0011708
1ff8050
1ffc68f
0012143
1ff82c7
1ff82c7
1fd3248
001de70
1ff556d
1ffae35
00127f3
1ffd507
1ff6db0
001de70
1ff556d
1ffae35
1ffd507
00127f3
1ff6db0
000b2a0
1feb60c
1ff5864
1fe0b98
1fe0b98
1fd51e0
0095fc0
0003af0
1fd17f0
1fe7540
1fe7540
1f56510
1ffd414
0007ab6
002c894
1ff9093
1ff9093
001b2cc
1fc68c4
00088b2
000c5c0
1fedf4b
1fedf4b
0024c84
1fe60ec
000191e
0002ca4
0002781
0004bb1
001fca0
1fe60ec
000191e
0002ca4
0004bb1
0002781
001fca0
1fd3980
001593c
1fef94c
1fd796c
1fd796c
00089b0
007cfc0
1fddd5c
1feba64
0029c40
0029c40
000c260
1f92b74
00493c4
1ff64e6
1ff8e3b
1ff8e3b
002205c
1ffb8f4
1fd871a
000e848
000325f
000325f
1ff88b4
000d64c
1ffed83
000c92b
1fed370
000a1d2
0002818
000d64c
1ffed83
000c92b
000a1d2
1fed370
0002818
1fc9df0
0001108
1ffd860
1ff5274
1ff5274
1ff2800
1fd9640
000f4e8
1fee008
000ac70
000ac70
1fd99c0
1fe7e7c
00bce56
1ff90de
0013600
0013600
1ff6abc
1ff95dc
0017680
1ffd204
1fefe50
1fefe50
1fde37c
0002f7c
1ff63a7
0008b31
0000b79
1ff4413
1ff5504
0002f7c
1ff63a7
0008b31
1ff4413
0000b79
1ff5504
00179c0
1fdb560
0015ea8
0003654
0003654
0003d30
0016400
1ff36a8
1fbfde8
1ff2780
1ff2780
1fc7910
0010374
1f236e5
000aae1
001e885
001e885
1fdb800
0048c1c
1fd1347
1fedacf
0003511
0003511
001ebe0
00204e0
1ff10f2
1ff55c8
000a0f8
1fff79a
1fd2760
00204e0
1ff10f2
1ff55c8
1fff79a
000a0f8
1fd2760
1ff3f30
000333c
0005a54
1fd9f70
1fd9f70
004a560
1ffce90
1feec8c
1ff344c
0026d84
0026d84
1fc9e80
0027c28
1ff9800
000824e
1ff23f1
1ff23f1
000168c
00207c8
1ff6bf6
1fda858
1feefc9
1feefc9
00106bc
0010270
1feec2d
000c295
000d186
0004c08
001e50c
0010270
1feec2d
000c295
0004c08
000d186
001e50c
1fd8680
1fae5b4
000fb1c
0009a50
0009a50
000a1a0
1fed580
0024f0c
1fd82fc
000f094
000f094
002ef40
0020b0c
01d127a
1ff589a
1ff68b8
1ff68b8
0000f6c
000596c
1fe10a4
000b828
0013904
0013904
0004734
1ffa554
1ff7a91
0022593
000b537
1ff13e9
1fcf5c8
1ffa554
1ff7a91
0022593
1ff13e9
000b537
1fcf5c8
1ffd050
1fc4bc8
001d638
0006850
0006850
1fe0a20
00499c0
0007148
1ff4a88
1ffee78
1ffee78
1fdedd0
0008874
0071977
0012597
1ff56bb
1ff56bb
0009f0c
0016494
1feb491
1fffb59
1fed3b1
1fed3b1
0034f24
1fce44c
1ff13c2
000c762
00075e2
0007aea
1fe78c0
1fce44c
1ff13c2
000c762
0007aea
00075e2
1fe78c0
1f97460
0037568
000be48
1feda60
1feda60
0038110
00334f0
1fd9170
000ea78
000391c
000391c
00632e0
0020284
1fa7e7c
0000294
1febd4a
1febd4a
1fe9030
0027b0c
001944e
1fedaa2
1ffd9a6
1ffd9a6
0000730
1fd6c70
001dec5
1ff1a17
1ffc56d
000be2f
1fcba28
1fd6c70
001dec5
1ff1a17
000be2f
1ffc56d
1fcba28
0015180
1fd1158
1fed158
000ae18
000ae18
001fac0
00571c0
00096a8
1fe9aa0
1feecc4
1feecc4
1ff2550
1ff1b84
1f889cd
000811b
001080a
001080a
00194d0
1fbb414
0003069
000fdb3
1fff7dc
1fff7dc
1fe0aa8
1ff6d34
00105bb
00059db
1ffc87e
1fef6ac
1fed9bc
1ff6d34
00105bb
00059db
1fef6ac
1ffc87e
1fed9bc
1fe78c0
000862c
1ff0f94
1ffe680
1ffe680
1fcc840
1ffc790
1fb5abc
000212c
000b8f4
000b8f4
00108a0
00226c0
0094dc9
1fe7017
1ff9c9c
1ff9c9c
1fcb290
1ff1a60
0035165
1ffdf0f
1ffc42a
1ffc42a
1fbd038
1ffb908
0009b77
1fedd97
1ff63a2
000f250
1fd79e4
1ffb908
0009b77
1fedd97
000f250
1ff63a2
1fd79e4
1fecd90
0037760
0048248
1ff6d74
1ff6d74
0026e20
1faa1f0
1ff0c18
1fb7670
1ff4db4
1ff4db4
1fb98a0
0002804
00b4e04
1ff1962
1ffe915
1ffe915
0016828
0014a74
001bd5a
000ace4
1ff6515
1ff6515
0000e28
000e174
0007b6d
0025cc5
1ff7694
1ff9f6e
000a4a0
000e174
0007b6d
0025cc5
1ff9f6e
1ff7694
000a4a0
1fda460
1ffe0c0
1fed5a8
0030b2c
0030b2c
005a090
1fd16b0
002fc68
1fcd5d8
0003d58
0003d58
1fde410
1ff1f78
1fe3a88
0025320
1ff9d2e
1ff9d2e
00116a8
0052f00
1fdfbb4
001e8fc
1feba2a
1feba2a
00330a8
1ff70dc
0003740
00110fc
1fff6ec
0005ab4
000c620
1ff70dc
0003740
00110fc
0005ab4
1fff6ec
000c620
0035540
1ff3954
1f98394
1ff5d54
1ff5d54
009e630
003eb00
1fdded8
1fce570
1feed0c
1feed0c
1fc3b50
000de20
1f8c480
00106d8
00037ec
00037ec
00033c4
001d7c0
1fe7504
0006fcc
0014f98
0014f98
1fe0da4
0037730
1ff18e6
1fe356a
1ff0600
0001988
1fe5424
0037730
1ff18e6
1fe356a
0001988
1ff0600
1fe5424
1fd7520
00002d4
1fec58c
00136a0
00136a0
1fb09b0
0049640
0012e60
1ff5ce0
1fe6560
1fe6560
1fdb990
1ff6748
1ff7f18
001a8e2
1ffc68d
1ffc68d
005f694
1ffd590
1fed250
1feaafe
1ff5fcb
1ff5fcb
000252c
1fedff4
1ff744e
000254e
001368b
00097ed
1fec248
1fedff4
1ff744e
000254e
00097ed
001368b
1fec248
1ff7b80
1ffd134
000f834
001b5a4
001b5a4
0018aa0
0030090
0016edc
0025e6c
1fe6864
1fe6864
002a560
1fea748
0027869
00069b9
1ffedf1
1ffedf1
0021370
0011560
000726b
1fef147
1ffad6d
1ffad6d
1ff4408
1ff49fc
1ffa756
1fffcc0
0005154
00053c6
1ff87f4
1ff49fc
1ffa756
1fffcc0
00053c6
0005154
1ff87f4
003f3f0
000eb74
1fef72c
0029e60
0029e60
1fe0e20
1fcf9d0
1fe069c
000a024
1fe0638
1fe0638
003ca20
00078b0
004d9c5
00003d1
000b35b
000b35b
0020c1c
0005be8
1fff929
0006e9d
001bdd7
001bdd7
0002ebc
001681c
1ffcd23
1ffff7f
000972f
1ff3d6f
001028c
001681c
1ffcd23
1ffff7f
1ff3d6f
000972f
001028c
0017fe0
1ffee00
0003cf0
1fe60c0
1fe60c0
1fd2540
0023ab0
0012ca0
1ff8e50
1ff5c88
1ff5c88
1fb8dd0
1fece58
00062ed
0013c11
00166fb
00166fb
1fe2418
1fde5f0
1feff49
1fc47f1
0006639
0006639
1fc9cf8
000e334
1ffcef9
1fedaa7
0007e0b
000ca4d
1fde7d0
000e334
1ffcef9
1fedaa7
000ca4d
0007e0b
1fde7d0
003c800
1ffb94c
1f9aab4
1fd3b00
1fd3b00
1f8d2a0
1f7af50
0031384
000848c
0009a28
0009a28
1f67400
0033a48
000ae71
001b599
1ff1723
1ff1723
0059fc8
000bfa8
1ff0b07
1ffe95b
0003967
0003967
001ce68
000bb20
0000ef0
1ff75be
0000a72
000c558
1fee7e0
000bb20
0000ef0
1ff75be
000c558
0000a72
1fee7e0
1feb4d0
001fb9c
1fdd1cc
0008fac
0008fac
1fec740
00773a0
1ffeed8
1ffd150
1ff55ec
1ff55ec
1fbef40
000f7e0
00c5388
0009f64
1ffcfb2
1ffcfb2
000ea58
0003710
1fe2202
0011e46
00064e4
00064e4
003bac8
00141e8
0002825
001659d
1feabb5
1ff6419
001ad78
00141e8
0002825
001659d
1ff6419
1feabb5
001ad78
1fe6a60
1fab870
1fea4e0
1fe7cd8
1fe7cd8
1ffbd60
1fb6f20
0058dbc
1fd2cd4
00087e8
00087e8
1f951c0
1ff587c
1eedeaa
000cb08
1febd47
1febd47
0016244
005352c
1ff232e
1ffddb0
000547d
000547d
1fe03c4
1fc2b84
1ffb4f6
1ffad92
0017091
0004423
1fe0ce4
1fc2b84
1ffb4f6
1ffad92
0004423
0017091
1fe0ce4
1fe44b0
1fffdac
000e3ec
1ff07a4
1ff07a4
1fa1180
1ff95c0
1ffafb4
002507c
000a9a8
000a9a8
005b2d0
000747c
1fd6b3e
1ff89b2
1fec1ac
1fec1ac
1fbabec
00004ac
1ff27a8
1ff6298
00040f8
00040f8
1ffd2b4
001e3cc
0007689
1fefdef
000507f
1ff14b5
1fe9eb8
001e3cc
0007689
1fefdef
1ff14b5
000507f
1fe9eb8
1ffc9b0
1ff95f0
0019098
1ff4674
1ff4674
00182a0
000a510
002aa48
1ff0bd8
0002458
0002458
0002df0
1ff7a24
020b000
1ff7e76
1ff1ca7
1ff1ca7
1ff9724
1f9ff64
0004596
0005f54
0011fe1
0011fe1
1fdcc8c
000d674
1ff1931
0007a1b
1ffe48a
0004c7a
1ff9ea0
000d674
1ff1931
0007a1b
0004c7a
1ffe48a
1ff9ea0
002e810
1fee958
002ac88
1fee630
1fee630
1ff4120
1fc8920
1fecc98
1ff2218
0020528
0020528
1fb3d60
1fea618
0084961
0018461
000736f
000736f
00118d4
0006378
0019e57
1ffa3b3
0010307
0010307
000935c
004c2a8
1ff2e42
001a3fc
1ffee6c
1fd1292
003da18
004c2a8
1ff2e42
001a3fc
1fd1292
1ffee6c
003da18
1fdfbc0
0059c44
1fae544
1ff7604
1ff7604
1fb69d0
1ff5280
1ff30a0
0001f28
0021894
0021894
1fb2eb0
1ff6310
1fa1567
001deff
1feafc5
1feafc5
001cfac
1fe1218
0004e8b
00099bf
1ffbc57
1ffbc57
0008c24
0005004
1fe2c4d
000fe8b
1ffca07
1fdb8fd
002f878
0005004
1fe2c4d
000fe8b
1fdb8fd
1ffca07
002f878
0003c90
003c934
1fff5cc
001a2e0
001a2e0
00102e0
1ffe240
1fec864
1fea304
000914c
000914c
1fe0be0
1fc606c
1fbfcb0
1fffb88
1ffbe9e
1ffbe9e
000e750
0029b6c
1ffad88
1fdfce4
1ff6b70
1ff6b70
1fd0ce8
000db1c
1ff0bb2
00098bc
0003508
000afca
1ff18bc
000db1c
1ff0bb2
00098bc
000afca
0003508
1ff18bc
1fe24f0
1ffe5e8
1ff2bc0
000892c
000892c
1fc8c00
0048490
1fe4b08
1fbb670
000fd64
000fd64
002ba40
1ffac00
00ad366
000d58e
1fe5dcc
1fe5dcc
1fed04c
1fd0ae8
1ff0b22
1fed136
000cbb2
000cbb2
0004ae4
1ff2724
1ff79f4
1ff2b8e
000e47a
1ffe038
1ffc328
1ff2724
1ff79f4
1ff2b8e
1ffe038
000e47a
1ffc328
1fd2760
001f53c
0011dc4
0018980
0018980
1faae40
1fc6300
1ffb18c
1feb2e4
1fdf118
1fdf118
1ff09d0
000b178
00a6c11
000c2eb
1ff722e
1ff722e
00151a4
000e5d0
0016b75
000a293
1fe125c
1fe125c
005534c
1ffe5d4
0002851
0008255
1ffd2b6
0001c78
1ffe658
1ffe5d4
0002851
0008255
0001c78
1ffd2b6
1ffe658
1fcd710
1ff3290
0019e68
003454c
003454c
0048b40
1fd3d80
003128c
1facbec
003cd44
003cd44
0033310
1ff611c
1fdb816
0009d9a
1fefba2
1fefba2
1fece94
1ff35f4
1fedb56
00219be
0003944
0003944
0009f7c
1ff58d8
1ffacb2
0012f98
1fee7be
1feb9a0
1fdb1d0
1ff58d8
1ffacb2
0012f98
1feb9a0
1fee7be
1fdb1d0
1ff5790
0007024
003d544
1ff4b6c
1ff4b6c
0026bc0
1fdd280
1feda98
1fcac40
1ff882c
1ff882c
1fe2d10
1ffb5b8
1f9fde3
1fffe3b
000aed3
000aed3
0028c24
0039f00
1ff42b5
0028c11
0012c3b
0012c3b
0005804
1ffa7c4
000a50e
1ffe090
0014a3c
1ffa166
00273ac
1ffa7c4
000a50e
1ffe090
1ffa166
0014a3c
00273ac
1fefc60
1fd4e60
00015a0
0010d88
0010d88
1f71b50
00091f0
0005a70
0002d90
1ff1798
1ff1798
1fc6a70
1fdf444
0021056
0001ac4
1ff33c3
1ff33c3
1ff34c8
1fef5ac
1ffc06c
1fe9442
000c561
000c561
1fdf3f0
0007670
001b477
1ffb7b9
000267e
1ff155a
00087a4
0007670
001b477
1ffb7b9
1ff155a
000267e
00087a4
000bb00
1fb50c0
00010d8
002103c
002103c
0008150
0054060
001647c
0005884
1ff26f8
1ff26f8
0018a00
0005834
002b00d
1ffa023
0006f34
0006f34
0017bfc
006fa04
1ffa33d
000c287
1fe636e
1fe636e
0003abc
1fdca94
1fe7fab
000c713
000c798
0001a56
1ff4954
1fdca94
1fe7fab
000c713
0001a56
000c798
1ff4954
000e860
0018c30
1fe9fc0
1ffffd0
1ffffd0
1f74ec0
00221a0
1feadf0
1feb998
000ede4
000ede4
1fe4d00
1ff2ba8
0053576
1ff6f68
0004f77
0004f77
1fd4b80
1fd7aa0
00103e8
000fc62
00104f1
00104f1
1fd9860
00092fc
1ffb25f
0000fd5
0000a86
1ffd402
1fd51d8
00092fc
1ffb25f
0000fd5
1ffd402
0000a86
1fd51d8
1fe53b0
1ff1528
0004560
0035784
0035784
1fe5930
001d0b0
0002f38
1ff42b8
1fe2d20
1fe2d20
000bed0
000091c
000bc74
1fd8520
0005070
0005070
1fe2ed4
001a4e4
000a862
003059a
0007498
0007498
1febfac
1fccc08
00073f7
000b6b9
0015869
1ff0a77
1fee4f8
1fccc08
00073f7
000b6b9
1ff0a77
0015869
1fee4f8
0018aa0
0015f80
00401d8
1ffdba4
1ffdba4
0015090
004d590
1fcbf90
1ff5ce0
00049d8
00049d8
003fb00
1f9d268
0036df1
002057b
1ff4afa
1ff4afa
1fe19d8
1fe5db8
1ff9f4f
000a519
000c748
000c748
1fe2c78
0008940
000954e
1fe3934
1fd8f2b
1fed83f
1fdb550
0008940
000954e
1fe3934
1fed83f
1fd8f2b
1fdb550
00334d0
1fe998c
1fdefbc
0004d9c
0004d9c
1feb700
1fd49f0
1fe96a4
0033f6c
1fff328
1fff328
00026d0
1ff7e8c
00c35bd
1fe1bd3
1ff206c
1ff206c
1fd8230
0027944
1ff1d55
1fede3b
1fec1a4
1fec1a4
1fec008
1fdd860
000de47
000d1cd
1ffc3e8
0010aa4
00005b4
1fdd860
000de47
000d1cd
0010aa4
1ffc3e8
00005b4
0015df0
1fdd2d8
0003468
000d1d8
000d1d8
1fdf2d0
006c530
0027a9c
1ffaac4
1fea898
1fea898
1feadc0
1ffe8f4
1f3fdbe
1ff8714
000faef
000faef
001cea0
1fe9b6c
000b5da
000cf30
000861f
000861f
1feb238
001a3e8
000c036
0012b1c
1ff887d
1ffa9a5
1ff546c
001a3e8
000c036
0012b1c
1ffa9a5
1ff887d
1ff546c
1fce090
1fc6030
0039af8
1fe17b4
1fe17b4
1fc2530
1ff9890
1fe4b00
1ff0390
1ffe170
1ffe170
1ffd500
1fe4608
1fd94d5
1febcaf
000e422
000e422
1feb2c4
0003200
000aa5f
1fe7139
0007b84
0007b84
1ffd63c
1ff8774
0000c94
0011f12
1fe8c6f
0011e07
0017e20
1ff8774
0000c94
0011f12
0011e07
1fe8c6f
0017e20
1fe5440
000c4dc
001836c
1fed98c
1fed98c
000f220
002e260
1ff915c
1fca0ec
0016ad4
0016ad4
1fafd40
001d7f4
01e3b9f
0002955
1ff7154
1ff7154
1fff130
1fbbcd4
1fef7b9
0019233
0014418
0014418
002f890
00198f4
0001666
00053b6
1ffe345
1fda12b
0000d20
00198f4
0001666
00053b6
1fda12b
1ffe345
0000d20
1f739d0
000a6ac
0030d5c
001df94
001df94
002a5b0
1fd0990
1feac28
1feea70
00184dc
00184dc
0007d70
001b7f8
00850eb
1ff6539
000d338
000d338
1fe3618
00038f8
0001d39
1ff8a9b
000975c
000975c
1ffd868
0030260
1fefc26
0011472
1ff68e1
0002a4f
0032d00
0030260
1fefc26
0011472
0002a4f
1ff68e1
0032d00
001e270
0042790
1fee278
1fed6dc
1fed6dc
1fddac0
0023130
00322a4
0010cc4
1fce954
1fce954
1fed950
1fddf58
1f9c26b
1fee3c3
002c70d
002c70d
0014dec
1fec7a8
0014f6b
1fe1a87
000c54b
000c54b
1fec65c
1fe40e0
1ffdde9
00083bb
000b471
1ffdfc3
0000884
1fe40e0
1ffdde9
00083bb
1ffdfc3
000b471
0000884
0034bd0
00205d4
1fe050c
1fdf940
1fdf940
1fe6200
00742c0
1fbfc80
1fecfb8
1fbcccc
1fbcccc
004b1c0
1fd9a38
1fa4b85
1ff323d
00148c5
00148c5
1fe2ebc
1ff06f8
001ab15
1ff71e5
00122e9
00122e9
1fead74
00083d0
1ffce79
001182d
1ffd735
1ff4e39
0008488
00083d0
1ffce79
001182d
1ff4e39
1ffd735
0008488
00189b0
001465c
1fe3524
000c588
000c588
1fec2e0
001be30
1ff64d4
1fee7ac
1fe3888
1fe3888
1ff3e20
1ffbd28
00ac61f
000c5d5
0000414
0000414
1ffae04
00294c8
1fdb4bb
0024965
000550a
000550a
1ff1274
1fed2a8
1ffae7d
1ffc975
1ff3b56
1ffb228
000cf6c
1fed2a8
1ffae7d
1ffc975
1ffb228
1ff3b56
000cf6c
00314f0
1fafb9c
002f80c
1fbb0f4
1fbb0f4
0052c50
1fdf3a0
1ff3b2c
1fff37c
000c3e4
000c3e4
0033c10
1fe3a58
00b36ce
1fec8ba
1ff431e
1ff431e
000906c
1fd6028
0005aee
1ffed6a
000141a
000141a
1feac1c
1ffaf88
0013fbe
002164a
1fe31e0
0010500
1fe40b4
1ffaf88
0013fbe
002164a
0010500
1fe31e0
1fe40b4
0075cb0
0011d08
1ff16b0
1fc0e8c
1fc0e8c
1ffc010
0047df0
00145d0
1fc3c50
0001a40
0001a40
1fdc040
1ff6194
1fc82e1
00254d1
000f391
000f391
00244dc
0010644
0023d63
001571b
1ff766b
1ff766b
00178d4
1fd8854
0009916
0003b56
1fef352
1fde806
1ff5a68
1fd8854
0009916
0003b56
1fde806
1fef352
1ff5a68
0038680
00133f0
001ad38
1fefffc
1fefffc
1feeb60
1fdf690
1ffeb9c
001846c
0010d7c
0010d7c
000af60
1ff1854
1f9d8be
1ff8e78
1ff1bb1
1ff1bb1
000db80
1fdcb7c
0009278
000fa22
001420f
001420f
0007390
0010878
1ffc007
1ff02cd
1fef24e
1fea51e
1fdbc48
0010878
1ffc007
1ff02cd
1fea51e
1fef24e
1fdbc48
003df70
0018edc
000a984
1ff9d68
1ff9d68
1ff7470
1fd8d00
1fef33c
1fdc6f4
1fda5e8
1fda5e8
002f7b0
000a408
000e1fe
0004e04
1ff9a13
1ff9a13
1fea52c
001adc0
00112cc
1ff83b6
0007a3b
0007a3b
1ff1bc4
1feba04
0003ffd
0006de5
0001540
00056e6
0018688
1feba04
0003ffd
0006de5
00056e6
0001540
0018688
1feb080
1ffea08
1ff66a8
000fb60
000fb60
0020fe0
1fc4cb0
0042e2c
1fb96f4
0002dd0
0002dd0
0017110
1fe418c
002e682
1ff1b28
00181db
00181db
1fe6058
1fcc564
1ff181c
0004f82
000f121
000f121
1ff03e0
0019db0
0004d89
0007133
0005574
00021f0
1fe1504
0019db0
0004d89
0007133
00021f0
0005574
1fe1504
004a460
1fc1840
1fe50d0
0005988
0005988
1fcddd0
003fbc0
1fea830
1ff03c8
1fd1ee4
1fd1ee4
00133f0
000933c
0051038
1ff1a92
0002669
0002669
000f418
1ff590c
1fecf9c
1ff349a
000625b
000625b
1ffae60
1ffb69c
001810c
1fffbb8
0010c13
000326d
1fda584
1ffb69c
001810c
1fffbb8
000326d
0010c13
1fda584
000efa0
1fb1884
0009e14
1ffe624
1ffe624
00613f0
1f86f90
0024f34
000bafc
00282d0
00282d0
1fd7f50
0004428
0006421
001424f
0002d52
0002d52
00231a8
1ff45c0
1fff76f
1fd8d95
0001ab4
0001ab4
1ff1b20
0013f3c
1ff9f9a
00083bc
1fdd9af
1ff923b
000c60c
0013f3c
1ff9f9a
00083bc
1ff923b
1fdd9af
000c60c
1ff5480
0003d4c
0004f34
1fe5900
1fe5900
1fe89a0
1fd8a80
1fe32f8
0043010
0002f84
0002f84
1ff93b0
0048184
0025ce8
1fd4920
1ffa374
1ffa374
1ffb164
001b31c
00066f2
1ffc7ba
1ff5962
1ff5962
0027e1c
0009278
1ff3fcd
0007b69
1fe7aab
000fa07
001e458
0009278
1ff3fcd
0007b69
000fa07
1fe7aab
001e458
1ff7ab0
0011068
000a8a0
0002ac4
0002ac4
1fcd590
001f9f0
1ff4328
002ebf0
1fedfe4
1fedfe4
1fd2810
0030640
00a9012
1fe2f76
1fe2fbc
1fe2fbc
000ab58
1fd23b8
1fe9c5e
1fe4792
0021df0
0021df0
0016da0
1fe9dac
1ff93da
000c6fa
0002564
0001468
002848c
1fe9dac
1ff93da
000c6fa
0001468
0002564
002848c
1fd5dc0
00316b0
00376c0
0031038
0031038
1fcf380
1fb9c60
1ffa684
00175c4
0006014
0006014
000b350
003f5d0
1f31215
1ff37ff
1ff2b7e
1ff2b7e
1fff198
00219e0
1fe6291
1ffb187
1ff6864
1ff6864
001a130
1ffc798
1feedef
1ff7bdf
1ffe938
1ffd6c2
001cad4
1ffc798
1feedef
1ff7bdf
1ffd6c2
1ffe938
001cad4
1fc5780
1fdd17c
1ff576c
001052c
001052c
0033ca0
1fe2070
0007a9c
1ffb2b4
001d2f0
001d2f0
0019ac0
1fdf190
1fce990
0009f96
000fe29
000fe29
003b9c8
1faf440
1ff79da
1ff8e0c
000bbb9
000bbb9
0010760
1ffa0c0
0001491
0007c89
0003008
0007f9e
0001c34
1ffa0c0
0001491
0007c89
0007f9e
0003008
0001c34
1fc6d70
00123d8
1ff6518
00023e8
00023e8
0008ce0
1ff9060
1feb810
00007a8
1fc6354
1fc6354
1fc91a0
1ff5040
01dc59a
1ffda24
000cec7
000cec7
000b978
1fe47e8
0035bfe
000d5a4
1fef099
1fef099
1fed338
000bdcc
0004b36
1ffc106
1ff553b
0005fb1
1fdb778
000bdcc
0004b36
1ffc106
0005fb1
1ff553b
1fdb778
1fd4830
003e22c
00055f4
1ffcf28
1ffcf28
001ccd0
001fd10
1f95ad0
00297e0
1fe3218
1fe3218
00c6910
001bf7c
0070c8b
1ffb385
000a6b0
000a6b0
1fc836c
0004a14
0015551
1fffc03
000425e
000425e
1ff72d4
00187b0
0009a54
1ff8476
00256b1
0022575
1fe6100
00187b0
0009a54
1ff8476
0022575
00256b1
1fe6100
1ff7de0
00172e0
1fe9b68
1ff1adc
1ff1adc
0022380
1ff54f0
1fcc0c4
1ffe30c
00082b0
00082b0
1fca550
000a910
1f5dcf1
00106b5
0006599
0006599
1fff42c
0010430
1ff586b
0015b3f
1ff953b
1ff953b
00046bc
1ffe238
1ff6e8a
0015136
0013bb0
0001eec
0034e24
1ffe238
1ff6e8a
0015136
0001eec
0013bb0
0034e24
0002090
0020b90
0014950
1fec008
1fec008
0041be0
1fed4e0
1ff6dfc
003d27c
1ffc2ec
1ffc2ec
002fbc0
0029c44
1f913da
000c140
1fef119
1fef119
0037fe8
1fd7a9c
004f7f2
0003dfc
000931f
000931f
00224c0
1ff6540
1ff2ef2
1fe5ea2
1ffabe7
1ff6f01
0018c34
1ff6540
1ff2ef2
1fe5ea2
1ff6f01
1ffabe7
0018c34
1fa2130
001acac
000a464
002d510
002d510
1fc5010
0028170
000af50
1fcf608
1fc41a4
1fc41a4
002f620
1fdfbb0
0082d7e
1ffe4ce
0009ece
0009ece
1fe3528
1fe3258
0014fdc
001cff4
0018f1c
0018f1c
1fd8240
0002204
00091f3
1ff7f4f
1ff9fdb
001005b
1fe6c54
0002204
00091f3
1ff7f4f
001005b
1ff9fdb
1fe6c54
1fc7ae0
00488f8
1febdd8
00266c0
00266c0
1f98870
1fd2390
003cdec
1ffdbe4
0005890
0005890
1fb3be0
1fe73d0
00ba75a
001bea0
000470b
000470b
0009cc4
0071ef0
1fed1f2
000adf0
1fcd667
1fcd667
1fde774
1ff40f8
1ffe2a4
1fe90ce
1ff0785
1ffd5a1
1fc638c
1ff40f8
1ffe2a4
1fe90ce
1ffd5a1
1ff0785
1fc638c
0049f80
0005970
00082a0
1fff8c0
1fff8c0
00060f0
1fef4a0
00443ac
1fd6e14
000c910
000c910
1fa1370
1fa9a78
1fd5e4f
0012bb7
000cf0b
000cf0b
0015a74
00141c0
00004c1
1feec19
001f4a1
001f4a1
1fe2414
1ff9f84
1ff61f4
00144a0
0008b2a
0006ad6
00119d4
1ff9f84
1ff61f4
00144a0
0006ad6
0008b2a
00119d4
1ffd320
0011e8c
002777c
00391f4
00391f4
1ffe960
00104a0
1fd45d0
002a540
1ff0948
1ff0948
000e5b0
1fe4c34
1f96eef
1fdbef1
0007b94
0007b94
1fee1e0
1fb10dc
1ffc959
0010807
0003f94
0003f94
1fda8c8
001bd68
000abee
0001a42
1fe8e8b
1ff8605
1ff1344
001bd68
000abee
0001a42
1ff8605
1fe8e8b
1ff1344
1ff1300
0010f50
0014980
0008af0
0008af0
002fbe0
1fe2ed0
0007e54
001246c
1ffa320
1ffa320
1fe9760
0000d3c
000e7cd
002be83
1ff43d0
1ff43d0
1fdff44
001799c
0020827
000a3ad
0002fc6
0002fc6
1ff367c
1fd49c4
1ff430e
0005b84
000b303
1fe43eb
0019198
1fd49c4
1ff430e
0005b84
1fe43eb
000b303
0019198
1fd1c60
005ff44
002082c
1ff1600
1ff1600
0062490
1fed680
1ffd520
000d1c8
1ff0904
1ff0904
1f9d4d0
000bd50
001ebc3
0020c1f
0007915
0007915
1fe7268
0021870
1fe65f5
1fe836d
000baf9
000baf9
1fee450
1ffc968
1ff2204
1ff2122
000a16e
0007194
0022964
1ffc968
1ff2204
1ff2122
0007194
000a16e
0022964
1ff2cc0
1fd1ba8
0021368
1ffcf50
1ffcf50
1fd77e0
1fbe780
1fd0d0c
000e044
001c128
001c128
004cd80
1fbc2b0
005c9b9
00078a9
000d6b5
000d6b5
00077f0
00068d0
1ff733d
000769d
1ff1761
1ff1761
000dba8
001a398
001c463
1ffa11b
1fdf69b
1ff1a23
1ff50ac
001a398
001c463
1ffa11b
1ff1a23
1fdf69b
1ff50ac
1fe6640
0020228
0010118
1ff6898
1ff6898
0002c10
0000440
0008a70
003e260
1fe2380
1fe2380
00232a0
1fd2208
1fff58d
1ff7a9b
1ffd1a0
1ffd1a0
1fd3f80
1fe6940
001621d
1ff7673
1fec394
1fec394
1fd6db0
1ff006c
000df05
1fda06f
000ca86
1ffaa4e
1fe1810
1ff006c
000df05
1fda06f
1ffaa4e
000ca86
1fe1810
00235b0
0007050
00428c8
1ff2374
1ff2374
003d550
0022d90
0017358
1fd95a0
1fe894c
1fe894c
1ff0170
1fc8ae4
002a80c
1fe8f30
1ff93de
1ff93de
00270bc
0007e1c
1ff47e4
000e680
0004942
0004942
001bc7c
0013870
0003230
000bc74
1ff545e
1ff9b1e
0002ddc
0013870
0003230
000bc74
1ff9b1e
1ff545e
0002ddc
0003f20
00056e0
1fdd5a8
1ff3b8c
1ff3b8c
00224f0
000b4f0
1ff537c
1fe582c
001265c
001265c
00167a0
0025a3c
00cffde
1fe4ebe
1ff52e0
1ff52e0
002f554
000c2ec
000b002
1ff7f3a
1fe17d8
1fe17d8
1fecd9c
1ff73c4
0008b74
001e4a4
0005566
0013a0e
1fd8f68
1ff73c4
0008b74
001e4a4
0013a0e
0005566
1fd8f68
000aef0
002f7b4
001340c
1fedf50
1fedf50
1fc7480
1fffee0
1ff33cc
000829c
001b9a4
001b9a4
1fe4370
1fe9484
1f4b775
00179df
1ff9a02
1ff9a02
1fe68d8
00502dc
0011eb9
001b4bb
0003c36
0003c36
0011940
00036f0
0002299
1ffc963
001916c
1fe5364
1ff5d84
00036f0
0002299
1ffc963
1fe5364
001916c
1ff5d84
003afe0
001077c
002937c
00074f4
00074f4
1fb5e30
004aab0
1fdb804
000b0ac
1fe8788
1fe8788
000ae00
1fcd4c0
000198c
1ffe75a
0016a07
0016a07
1fcdf78
00004c0
000a31e
0023618
000d03b
000d03b
00156d0
1ff51e0
1ffdb19
000a375
0002e00
000b37a
1ffd54c
1ff51e0
1ffdb19
000a375
000b37a
0002e00
1ffd54c
0027240
1fd221c
00125ec
1fe8344
1fe8344
00337f0
1fab830
0042df4
000529c
001ab88
001ab88
000e2f0
1fda188
01e7dc5
1fe559f
1ffa65e
1ffa65e
1ffaa74
001c748
1ff9f55
0012e73
1ff6714
1ff6714
1fea514
000c220
000b52f
000d77b
1feaf0e
1ff1750
0004054
000c220
000b52f
000d77b
1ff1750
1feaf0e
0004054
003b400
1ffcad4
1ff994c
1fcedf8
1fcedf8
00044e0
1ff8890
0026e68
1fbfbc8
0008988
0008988
1f92740
1ff36a4
0069818
003ccfa
1ffdb75
1ffdb75
0057204
1ff688c
000bbe2
000b80c
1ffc11b
1ffc11b
1ffa834
1ffd070
1ffb15f
001dc59
000a98a
000c5d6
1ff63ec
1ffd070
1ffb15f
001dc59
000c5d6
000a98a
1ff63ec
0021e00
1feba98
0014b78
1fdbe68
1fdbe68
002cdc0
00027d0
00249b8
1ffb2f8
1fe7a98
1fe7a98
0020630
0010998
1fab5a3
1ff84a7
1ffd3a5
1ffd3a5
001c63c
0035a88
1fef39b
1fd9ecb
1ffd323
1ffd323
000f5bc
001cd58
1ffb525
1ff2f63
0009603
0013bbd
0004b6c
001cd58
1ffb525
1ff2f63
0013bbd
0009603
0004b6c
1fb5360
0025060
003c350
00175d8
00175d8
00168c0
1fa13a0
0053944
1fd7574
002ff5c
002ff5c
1ffb4d0
0051058
1fa34db
1ff1fcd
00075fc
00075fc
1fcaafc
001a560
1fe0ca7
001019d
1feb1c6
1feb1c6
003426c
1ffa164
1ff8797
0009183
0003fd4
0021662
1ff79f4
1ffa164
1ff8797
0009183
0021662
0003fd4
1ff79f4
1fe3560
1ff2740
1fe8818
1ff23dc
1ff23dc
1fc6400
1f9cc10
0018ec4
1ff8e54
1ffc57c
1ffc57c
1fd3950
0033c68
0086346
0004d4e
00078c2
00078c2
1fda2c8
1ffd1c0
1ffce5e
000b1e2
000d914
000d914
0017e58
1fdec8c
000cfca
0008738
0007fbc
0006702
000ccc0
1fdec8c
000cfca
0008738
0006702
0007fbc
000ccc0
1fd8970
00498f8
0010bf8
0007ee8
0007ee8
0024800
1fae5f0
0010254
1fe4b94
1ff7c8c
1ff7c8c
1fddff0
1fe4df0
00bdf91
0015595
1ff1ff5
1ff1ff5
1ff53b8
0019e30
0000e67
001b5eb
0001683
0001683
1fe7308
1ffc5a8
000a1f8
1feedf4
1ff9496
1fdd962
1ff2538
1ffc5a8
000a1f8
1feedf4
1fdd962
1ff9496
1ff2538
001f260
1fef244
1fd82e4
000a424
000a424
1fc2890
1fdfba0
0001ac4
1fea384
1fe993c
1fe993c
1fcbd40
1fcc484
1feaca1
0017669
1ffd525
1ffd525
00431c0
000f1c4
1ff9127
1fe789b
1fea731
1fea731
0004798
00087bc
0009908
1ff78ca
1fdc1ea
00223c0
000c9b4
00087bc
0009908
1ff78ca
00223c0
1fdc1ea
000c9b4
00074b0
1fcf8b0
000e100
1fe7c38
1fe7c38
1fea2c0
0012470
1fe8408
1fca7b8
1ff6ac0
1ff6ac0
1ff8290
0012b64
1f95054
0002a08
00278f8
00278f8
00278cc
002718c
1fffd80
1fe2954
1fe4c18
1fe4c18
1ff0dcc
1ffd2f0
0001ba0
000cba0
1ff1b9e
1ffbe2a
1fddc14
1ffd2f0
0001ba0
000cba0
1ffbe2a
1ff1b9e
1fddc14
0073110
1fcff34
1fd4e8c
1ffcb88
1ffcb88
000eb90
0020b60
1ffbb5c
003e0ec
002380c
002380c
0003340
1ffb1e4
1ff9a99
1ff78cb
1ff99b6
1ff99b6
00186e0
00249dc
0001371
1fe804b
1fe85de
1fe85de
1fda790
0003890
000fc5d
1ff989b
1ff37d0
1ffd814
0015a28
0003890
000fc5d
1ff989b
1ffd814
1ff37d0
0015a28
002b870
1fd2634
1fe137c
1ffc278
1ffc278
0021910
1fe5bc0
000ce34
00070f4
000c364
000c364
1feeaa0
1ff13b8
0036494
001454c
0004578
0004578
1fe1db8
003d4b0
00022dc
1fffd94
1fe8bd8
1fe8bd8
001d498
0008c9c
1fff68c
0004874
000a0d8
0009598
0003370
0008c9c
1fff68c
0004874
0009598
000a0d8
0003370
1fed150
003c430
0010850
00009e0
00009e0
1ff07f0
00721f0
1ffe464
1fb981c
1fcf3d8
1fcf3d8
1fe8930
002ac94
002c56c
1fe8764
1fd911c
1fd911c
0028f8c
0009dd4
1fe6cd2
1ff442a
000f956
000f956
1ffc4ac
1ff597c
1ffe23d
00085e5
003d455
0019ca1
1fee8f4
1ff597c
1ffe23d
00085e5
0019ca1
003d455
1fee8f4
0047fd0
1fdd4f8
1fe9af8
002ce68
002ce68
1f62f30
1fec9c0
00118c8
0009770
1fe251c
1fe251c
1fd5bb0
1fffbcc
0004d6d
000c4f5
1ffbae7
1ffbae7
0033b68
1ff2b94
1feb8c1
001ad9d
0012049
0012049
0019040
001e550
1ffaf0d
000ced7
1ffc45b
0002199
1ff7954
001e550
1ffaf0d
000ced7
0002199
1ffc45b
1ff7954
006b380
1ff6d88
1fbb890
1fe8f34
1fe8f34
1fd5e90
004a780
1fdc1a0
1fe6420
00139d8
00139d8
003e9e0
0019830
00019d9
1ffc6db
1ffaf08
1ffaf08
00254a8
1fc18a0
1ff87e9
0005fd7
0012732
0012732
00162f0
1feef48
00063c1
001240d
000849c
1fef45a
1fe2d34
1feef48
00063c1
001240d
1fef45a
000849c
1fe2d34
1fda730
00360f4
0002014
1ff3d74
1ff3d74
1fe4430
0001040
1fde03c
1fe3d8c
1fda5bc
1fda5bc
1fe4ff0
001f2a4
00abcee
1fdbc22
0011bb4
0011bb4
0033c68
1fec984
0001970
000b9e0
1ffa188
1ffa188
00291f8
1ff4d14
1ffc9db
0007cad
1ff792f
000588d
1ffc1f0
1ff4d14
1ffc9db
0007cad
000588d
1ff792f
1ffc1f0
1fb1c20
0047860
0001550
000a4d8
000a4d8
1fbc5e0
001cf60
0047f04
00373c4
0000584
0000584
0010f60
00403a4
1f055a3
001b845
1ff7bbc
1ff7bbc
1fee9a4
0047ab4
1fcf29f
1fde0dd
000fa96
000fa96
000617c
1ff1ff4
1fea73d
1fe9c81
0010540
1ff82f6
0005e38
1ff1ff4
1fea73d
1fe9c81
1ff82f6
0010540
0005e38
1fdf690
1ff2704
1ff32b4
0009b84
0009b84
1fba200
000c460
00101f4
001657c
1fcb018
1fcb018
000d480
1ffd668
1fd5c35
1ff8087
1ff726c
1ff726c
1fe73d8
1fca248
0018ed9
1ff66af
1ff7b1a
1ff7b1a
1ff0e78
0001e50
0006f7d
0001c81
000f78a
00243f8
1fcb0c0
0001e50
0006f7d
0001c81
00243f8
000f78a
1fcb0c0
1ff7af0
002c820
00109a0
1ffdb38
1ffdb38
001dd40
003d8d0
1fb7588
00135b8
0016308
0016308
1fb3920
002cba0
01f6ac4
1feecd6
1ff230b
1ff230b
1fe9488
000b490
1fed66a
1ff82b8
0001ccb
0001ccb
0054488
1ffe628
0000f99
1ff7545
000a3ea
0006cac
1fe8a88
1ffe628
0000f99
1ff7545
0006cac
000a3ea
1fe8a88
1fb0990
001421c
1fe5fcc
1ff0734
1ff0734
00282b0
1fefc40
1fd6540
000c840
1ff2400
1ff2400
0015890
1ffba98
005c693
000725b
0002a0b
0002a0b
003ef70
001e168
1ff184f
1fffac3
1ffcf09
1ffcf09
002abe8
0005f90
0019479
0010a3f
1ffe51f
0015b5d
1fadfac
0005f90
0019479
0010a3f
0015b5d
1ffe51f
1fadfac
0046040
001e220
1fe34a8
1fedfec
1fedfec
0011780
00334d0
001ec10
00084d0
1ffd8b0
1ffd8b0
001a560
1ff3564
1fad7d7
001baeb
1ffc159
1ffc159
1ffae88
1fbe084
1ff33e1
0013379
000fa79
000fa79
0006bf0
1fd5cec
1ff7f84
000d6a2
1ffd758
1fef37a
0000cf4
1fd5cec
1ff7f84
000d6a2
1fef37a
1ffd758
0000cf4
0017380
0021fd4
00225ec
1ffb0d0
1ffb0d0
0013f70
0011c60
00128c4
1ff38cc
0013960
0013960
0008550
001226c
1f93b8b
1ff20e7
0008893
0008893
000b6f8
000f03c
1ff7673
1ff9cb7
1ff7957
1ff7957
1ffe168
1ff2e54
0005b73
000aeab
1ff63c3
1ffd6bf
1ff1ab8
1ff2e54
0005b73
000aeab
1ffd6bf
1ff63c3
1ff1ab8
000c210
1fe940c
1ff62c4
1fe4430
1fe4430
1feb7b0
0029b10
0011b44
1ffafb4
1ffcb34
1ffcb34
1fe3cb0
00064c4
0099685
0001b9b
1ffdf40
1ffdf40
1ff873c
0006df4
1ff6ea5
1fe377f
0007fbe
0007fbe
0011324
1fe6f9c
000e01f
00047ff
0008f70
00052c2
1ff72d0
1fe6f9c
000e01f
00047ff
00052c2
0008f70
1ff72d0
1ff23d0
1ffc04c
1fd5404
1fe2030
1fe2030
002ebc0
00054c0
1ffca28
0006840
001bb44
001bb44
1fcf950
001e08c
00a35b9
0005651
1ff34af
1ff34af
1feeef4
0003314
1ff91e7
1fc8657
1ff5749
1ff5749
1fcdd04
0015fd0
1ff60d0
1ff4af4
1fee8d0
0002a10
00175e4
0015fd0
1ff60d0
1ff4af4
0002a10
1fee8d0
00175e4
1ff9030
0012120
1fd0768
002092c
002092c
1ffe390
1fa2860
00281a0
0040048
1fccac4
1fccac4
009a600
002aa60
00011d2
1fe14ce
1ffa73e
1ffa73e
1fa4b68
1ff0298
0011102
000a922
1ff4820
1ff4820
1fdfac8
1fe040c
1ff3936
0015f68
001eb52
0009268
1ff54b8
1fe040c
1ff3936
0015f68
0009268
001eb52
1ff54b8
1f41230
1fd98c0
0032b10
0027a88
0027a88
0044590
0027920
001cb50
005d958
1fe5f4c
1fe5f4c
1fe9740
00028f8
1f995e2
1ffc95a
1ffa670
1ffa670
0018e98
0006498
000b8a2
1ff8702
1fffbf0
1fffbf0
1fdadd8
1ff01c8
1ffd0a0
1fe0960
1fffd58
0001880
1ffb4d0
1ff01c8
1ffd0a0
1fe0960
0001880
1fffd58
1ffb4d0
002d3c0
001612c
1ff1774
1ffaa50
1ffaa50
1fedaa0
1ff0cd0
1ff6960
002e750
1ff4ef0
1ff4ef0
1fc2f70
0017f58
0002015
1ff9e1d
0006c57
0006c57
001a66c
000e5d8
000d235
1fd66a1
0000501
0000501
001ee9c
002a150
0006673
1fe8e09
1ff3af9
1fee687
001aaf4
002a150
0006673
1fe8e09
1fee687
1ff3af9
001aaf4
0044a90
00034d4
00061fc
0007d80
0007d80
1fabcd0
00853f0
1fff860
002dcb8
1fe1984
1fe1984
00097c0
1ff1f1c
0036985
0008d77
00002b8
00002b8
0021c4c
1fbc8ec
1ff9465
1ff3423
000e13e
000e13e
1fe8d4c
1fd9fac
000aa6d
001111d
000ef3e
000aba8
000672c
1fd9fac
000aa6d
001111d
000aba8
000ef3e
000672c
1fe32b0
0001420
1fd28c8
000a14c
000a14c
1fe2cc0
1fa7c50
1ffb094
00299c4
1ffbe1c
1ffbe1c
1fc3b50
00056c0
004146a
1ff405e
0002340
0002340
0028090
00222f8
1ff5302
0011562
00141b2
00141b2
0032110
002dfec
1ff7dd6
1ff7c14
000c01e
1feb990
1fefb38
002dfec
1ff7dd6
1ff7c14
1feb990
000c01e
1fefb38
1fcbcc0
001dc24
0020aec
1feded0
1feded0
1ff2740
1fc0de0
1ff75ac
000e16c
003af44
003af44
003b760
1ff3758
1ffc494
1ff9a40
000ddbc
000ddbc
1ff496c
1fdf060
0012ed8
000a52c
1ffa790
1ffa790
0003174
0015e24
0003150
1ffcb50
1ff582c
00079dc
0009698
0015e24
0003150
1ffcb50
00079dc
1ff582c
0009698
1febcf0
00023fc
1fc5964
1fe2ac8
1fe2ac8
1fe3780
0051160
1fd8970
1fe8128
00043bc
00043bc
1fa8ac0
1fd9668
0076d99
1ff9ce9
000cc91
000cc91
1ff98f8
1ff45e0
001ac55
1ffa305
1ffda11
1ffda11
0018b70
1ff4ab4
0025759
1ffd789
0000b53
00084e3
1fe3f54
1ff4ab4
0025759
1ffd789
00084e3
0000b53
1fe3f54
00243e0
1f92de4
0002dfc
1feef70
1feef70
004b7b0
1fcc120
0015a0c
001178c
0019c4c
0019c4c
1fdd9e0
1fd3578
009ea20
00159f4
000bcc8
000bcc8
0025b40
1fefcf8
000168a
1ff966a
000415c
000415c
1ff7730
1fd6268
1ffb5c9
1ff3da3
1ffa4a3
001f241
000cc98
1fd6268
1ffb5c9
1ff3da3
001f241
1ffa4a3
000cc98
0047630
001ccf8
1fe6c28
000a408
000a408
000a4e0
1fd3730
1fe9db4
1fed9e4
001c854
001c854
1fcca00
003e0c0
1f41a67
0007a39
1ff5b58
1ff5b58
004b924
00383f8
1ff220b
1ff3e1d
1ff6eec
1ff6eec
0023ebc
000603c
0020813
1ff9f69
1ffc984
1ff6030
1fc88b8
000603c
0020813
1ff9f69
1ff6030
1ffc984
1fc88b8
1fb8430
1ff1394
005776c
000ac90
000ac90
002a640
002a2a0
1ff2508
00240a0
1fe9624
1fe9624
00211b0
1fd70f8
1fcf02a
1ff8dd0
0025f73
0025f73
1ff86c0
0001d68
001da10
000ed1e
0006911
0006911
0007980
000d1b0
1ff5705
00106eb
1ff2bfe
1fef452
0019740
000d1b0
1ff5705
00106eb
1fef452
1ff2bfe
0019740
00089b0
0006220
0017678
1ffc23c
1ffc23c
0025830
1f8b900
0029d38
1fed138
0037d48
0037d48
1fea440
1fba918
02147e5
1ffd2b9
1fff2fd
1fff2fd
002e1f0
0045d48
1fdec6d
1ffbed9
1ff0379
1ff0379
0001480
1ff4bc0
1ffe71b
001cd4f
0001e41
1fefc0d
1fdfb20
1ff4bc0
1ffe71b
001cd4f
1fefc0d
0001e41
1fdfb20
005e9e0
000d208
1ff94d8
0002980
0002980
1fa4260
1fe2210
1fe8fd0
0023450
00004b0
00004b0
007e390
1ff558c
008d64c
0016f36
0013399
0013399
1fe09f0
1fea1f4
000d704
0001fd6
1ffcb99
1ffcb99
1f8f690
1ff6238
0003b24
00063da
0008f73
1ff887f
1fe5e00
1ff6238
0003b24
00063da
1ff887f
0008f73
1fe5e00
002cff0
0018788
1fcb0a0
0008dc4
0008dc4
1ff19a0
1fffe20
0039b40
1ff6920
1fcfd50
1fcfd50
002e5d0
1ffe534
1fb0123
000de1f
1ff5455
1ff5455
1ff3d60
00134e4
0008ca1
00194ad
0015e43
0015e43
0020e08
000b124
1feddc6
0017ca2
00152f2
1ff30c6
1fe7c1c
000b124
1feddc6
0017ca2
1ff30c6
00152f2
1fe7c1c
1fd7850
1fe48c0
00147e8
0024be4
0024be4
00196b0
005b1b0
1fd3c60
0025db8
0025694
0025694
1fe3690
1fee63c
1f84a7d
1ffec31
0005ffd
0005ffd
1ff1414
1fa222c
1fef7e3
1fe08b7
000d7bb
000d7bb
1fdb52c
1ff4e7c
0018584
1feaea0
0005f48
1ff6298
1fe9f28
1ff4e7c
0018584
1feaea0
1ff6298
0005f48
1fe9f28
1fd06d0
1fea328
1feba78
002f328
002f328
1ffc220
004c330
0001614
1fe070c
0002520
0002520
1fadf00
1fe532c
009b00c
00143de
1ff4aaf
1ff4aaf
1fe3dcc
1fd97ec
1fff838
000d84a
000fbf3
000fbf3
001144c
1fe56ac
0012116
1ffa934
1ff6dff
1fefbdf
1ffee1c
1fe56ac
0012116
1ffa934
1fefbdf
1ff6dff
1ffee1c
004b6b0
1fd60bc
000fde4
1ffe670
1ffe670
1fc42f0
1f7ec80
000def4
1fd67d4
0004fec
0004fec
1fc37c0
1febec4
00a9b7d
000eb51
1ffc7fd
1ffc7fd
0002788
1fed914
1ffd405
001a4dd
003091b
003091b
1fed400
00403f4
1feded5
1ffb537
1fe29e1
1ffa1bb
000d034
00403f4
1feded5
1ffb537
1ffa1bb
1fe29e1
000d034
1fd23c0
1fd9770
0015d30
000ed28
000ed28
00398f0
1ffb060
0012a0c
1fce054
1fed038
1fed038
1fcd8b0
1fd7f84
1fe047a
001fcae
1feca82
1feca82
001d854
1ff9934
1ff2380
0007354
0003404
0003404
1fd910c
002105c
1fff0a5
1fed721
1ffb9b9
1fef28d
1ff5bd8
002105c
1fff0a5
1fed721
1fef28d
1ffb9b9
1ff5bd8
00837f0
1ffadb8
1fef110
1fbd004
1fbd004
1fb8520
1ff6480
0000268
0023478
0008ee0
0008ee0
001fcc0
0015c04
1f96020
00176b0
0005580
0005580
0007844
0017154
1ff8fe0
1fe7630
1ffc530
1ffc530
000927c
1ff58fc
000d128
1ff47b0
0004b30
0015898
000c4d0
1ff58fc
000d128
1ff47b0
0015898
0004b30
000c4d0
1ff1e60
0012e98
00105e8
00056a0
00056a0
003c8f0
1fc37e0
1fdecc8
0034e78
00374e0
00374e0
0011100
1fccd34
001ee31
001523d
1fbfafd
1fbfafd
1f9d830
002f9f4
0001a69
1ff8dbd
1ff01ed
1ff01ed
0012280
1fe8f94
1fef231
1fe7cb5
0007213
001b153
0001e40
1fe8f94
1fef231
1fe7cb5
001b153
0007213
0001e40
0034ce0
00003e0
00268b0
000ea28
000ea28
1fd3d30
0024690
000a578
1fc4788
0005e88
0005e88
1ff73c0
1fed3ac
00316ac
0014aba
0002d57
0002d57
000d4c4
1fbd8f4
1ff6460
1ffa8a2
0004f0d
0004f0d
1ff1654
1fd8c40
1ffdf3a
1ff139a
1ffdf31
1ffa7a3
1ff272c
1fd8c40
1ffdf3a
1ff139a
1ffa7a3
1ffdf31
1ff272c
1fff9a0
1fdea60
1fecd48
0012584
0012584
1fc09e0
1f90a10
1fe7624
1fef1cc
003ea30
003ea30
1f892c0
1ffd590
004d548
000a6b0
1feafbe
1feafbe
000c988
0021af8
1ff2a36
0009ffa
1ffbc5e
1ffbc5e
0028940
1ffcfec
0010af5
1ffcecf
1fe45fb
1ff9e31
000d39c
1ffcfec
0010af5
1ffcecf
1ff9e31
1fe45fb
000d39c
001a250
1fb1cdc
1ff1894
0015bd8
0015bd8
0004de0
0038910
1ff2a80
1fbbfc0
1fe0db0
1fe0db0
1ff3c60
1ffd44c
002275d
000f6ad
001cdc9
001cdc9
002c1e4
1fc38e4
1ff892b
0013a33
1ff9b93
1ff9b93
0011664
1fe0f40
00037b0
000a8fc
0013108
1ff01fc
0002474
1fe0f40
00037b0
000a8fc
1ff01fc
0013108
0002474
1fa8810
001c6f4
0013b24
0003814
0003814
1faeec0
00085c0
1ffaf78
1fec630
1ff383c
1ff383c
1fb5280
0017904
001e455
1fe7ee3
0007f92
0007f92
1fd9f8c
1ffd984
000cc1d
1fd7e17
1ff10d8
1ff10d8
1fef80c
00145bc
1ff0737
0014837
1fed3c0
0001f22
001b33c
00145bc
1ff0737
0014837
0001f22
1fed3c0
001b33c
1fdeef0
1fed938
0001a58
0016f80
0016f80
0031a30
0005d10
0021928
1ff6c68
0000de8
0000de8
1fe9a80
0001474
00bfdc1
1ffecd3
1ff4138
1ff4138
001a458
1fd8b24
1ffae23
0011505
0017ac6
0017ac6
1ffabf8
002371c
1ff42a4
1fffd02
1fe953f
1ff838f
0032680
002371c
1ff42a4
1fffd02
1ff838f
1fe953f
0032680
1ffcd80
1fec1f8
000fbc0
0024944
0024944
1fd03c0
1f32270
1ff2280
1ff2f70
002b698
002b698
001ef70
00023b4
1f63fac
1ff97c0
00015b4
00015b4
1f93bb0
00234b4
1ffb9bc
0014edc
1fff93a
1fff93a
00292d0
0002c0c
1fe44c6
0008f58
1feb1b6
1ffe204
003d4e0
0002c0c
1fe44c6
0008f58
1ffe204
1feb1b6
003d4e0
1fe91c0
0035618
00014d8
1feb728
1feb728
0032c70
1fe9a30
1fe30c0
1ff04a0
00076f8
00076f8
0034130
000894c
1fcdcaa
1ff2fa0
0001d7d
0001d7d
00012c4
1fc8434
0041366
1fee8c0
0003d13
0003d13
1fbd61c
0015660
1ff13d4
0002c6c
1ffe399
000e347
1ffa3a0
0015660
1ff13d4
0002c6c
000e347
1ffe399
1ffa3a0
0017070
000aa84
1fcb954
000812c
000812c
1fe12b0
1f67ae0
003d178
002ead8
1fff108
1fff108
1fb5bb0
0007e9c
01f0d43
1ffe1c3
1ff6ff3
1ff6ff3
0001850
0007a8c
001e011
1ffd385
1fe7dbf
1fe7dbf
0008380
000dc14
00099c8
1fe819e
1ff7322
1ffc298
0004fb0
000dc14
00099c8
1fe819e
1ffc298
1ff7322
0004fb0
1ff40e0
1fdcb80
1fff638
1fdbd94
1fdbd94
1fec510
0009a30
1fc9a58
0010e90
1fb8a6c
1fb8a6c
003afe0
1fe6570
007b053
1fe87f5
1ffcf2a
1ffcf2a
00187f8
1fdd2a0
1fd97db
00091b9
00285c4
00285c4
0027d98
1fe2910
0000b2b
0026d03
000280a
000230c
000c830
1fe2910
0000b2b
0026d03
000230c
000280a
000c830
1faf5f0
1f96db0
00072b0
0009290
0009290
001b940
0082490
002ae84
0002d54
1fca9ac
1fca9ac
1fda850
002b2c4
1f9cd0b
1ff9981
0015096
0015096
00091e8
00375d4
000315b
1ff19dd
1fdd024
1fdd024
1fe2e40
1fd135c
1ffa0b5
0005405
00043b8
1ff7d02
1ffc764
1fd135c
1ffa0b5
0005405
1ff7d02
00043b8
1ffc764
1ff0a70
0002808
1fd71a8
1ffdc80
1ffdc80
0029b60
1fb4980
1fdc27c
002c0dc
003ef3c
003ef3c
1fb3ee0
0004ec4
1f9ffeb
001b41b
1fd08f9
1fd08f9
1fe503c
00390e4
0001c8b
1ff889b
1fd95c1
1fd95c1
002b9ec
1fe78ac
1fff571
1ffe779
0005377
000a007
0009bf4
1fe78ac
1fff571
1ffe779
000a007
0005377
0009bf4
1ffb600
1ff16b8
1fed430
000b56c
000b56c
00710b0
1fe04a0
1ff0608
000af98
0047170
0047170
1ff2af0
1ffab80
008e54c
0013cf2
1ff8935
1ff8935
1fd3424
0020b08
00051ec
1fff3c2
1ffa5ed
1ffa5ed
000996c
0002fa4
1ff17c2
1fde824
1fef12b
1ffdf27
0023780
0002fa4
1ff17c2
1fde824
1ffdf27
1fef12b
0023780
0013030
0028c70
0015230
1fcf910
1fcf910
1ff4890
1fd7ad0
1fef360
00044d8
0015a2c
0015a2c
1fcf0c0
1ff6d38
00a9978
000b104
1ffbe84
1ffbe84
000dfa4
1fde3d0
0004138
00056a4
0017c40
0017c40
1fd9a84
00211cc
000d1ae
1ffedaa
0010c6c
1fe63cc
000f714
00211cc
000d1ae
1ffedaa
1fe63cc
0010c6c
000f714
1ffe3f0
1ff5ffc
1ff19ec
1fef17c
1fef17c
1fd1440
1ff1600
1fae2dc
1ffee14
1ff2470
1ff2470
003b2e0
0005a24
1fee0aa
002effc
1ff654b
1ff654b
001f6d8
005becc
00088ae
1ff1c04
1ffd2e1
1ffd2e1
0020260
1ff8738
000a12c
00013bc
1fe0bd1
001422f
1fc0dbc
1ff8738
000a12c
00013bc
001422f
1fe0bd1
1fc0dbc
000a990
0018580
001e910
1ffa228
1ffa228
001e270
0033670
1fe78c0
001fd20
001c290
001c290
0001a90
0012ba8
1f8f172
0003578
1ffeefb
1ffeefb
003b358
1fe2140
000416c
1febc36
00049bf
00049bf
00060b0
000fe74
1ff768b
1feab67
1fe6f72
1fe292c
0002cac
000fe74
1ff768b
1feab67
1fe292c
1fe6f72
0002cac
1fba990
001a924
002bac4
1ffadc4
1ffadc4
1faf110
1fe7780
1fea680
1ff8530
1ff3d30
1ff3d30
003b200
1ff5570
0009247
00160d3
0009dcd
0009dcd
1fc85c0
00113a0
1fe4e05
1ff1855
000903d
000903d
0056500
00145d8
1fffc76
1ff5ef4
1ffd7da
000f858
1feec38
00145d8
1fffc76
1ff5ef4
000f858
1ffd7da
1feec38
004f4d0
1fec2e8
1ff52d0
0013424
0013424
0048ea0
1fb55c0
002a5e8
0037328
00131b0
00131b0
0068f50
1ff472c
00288e2
000a92c
000789b
000789b
1fe75dc
000b1dc
1ff84ce
1fdb570
1ffb3db
1ffb3db
1fdcc9c
1fe2314
000c4c6
1ff4400
0017c95
1ffe889
1feec1c
1fe2314
000c4c6
1ff4400
1ffe889
0017c95
1feec1c
1fcfdd0
0051780
0007750
0018d08
0018d08
1ff5b80
1fde500
0025880
0017440
002d308
002d308
1fba030
1fe005c
0071d1a
0008100
1ffa055
1ffa055
0006c74
001a3fc
1ffadfa
1feb180
1ffbe49
1ffbe49
0010d14
0007e6c
0000796
00005d4
1ffa611
0011855
001256c
0007e6c
0000796
00005d4
0011855
1ffa611
001256c
1fef680
002f39c
0002afc
0012624
0012624
00312d0
1fb39a0
1fe5dec
0017b4c
001eda4
001eda4
0042a80
1fe5ce0
000f9d4
000a664
1ffced8
1ffced8
1fce8d8
1febc08
000a602
0006b22
002246a
002246a
1fde118
1ff5544
0017d27
1ff6903
000506b
1ffbbb3
1ff1f28
1ff5544
0017d27
1ff6903
1ffbbb3
000506b
1ff1f28
1fad0d0
0009034
1fe64ac
00177f0
00177f0
0001fb0
00291a0
001addc
0006bb4
0012710
0012710
1ffef80
003bb10
005f9dc
1ff9994
1fe59d6
1fe59d6
1ffcda0
002bd28
1ff3544
00001f4
0007be2
0007be2
000f478
001d474
0004dd0
0014a24
0002690
1fe9d38
1ff5af4
001d474
0004dd0
0014a24
1fe9d38
0002690
1ff5af4
1fe4800
1fdfd6c
0028b3c
0018ec4
0018ec4
1ff5550
00351a0
1fc7324
000bf1c
0014718
0014718
0009570
1ff137c
00bd885
1fe76c1
1ff9701
1ff9701
001157c
1fa9194
000724b
0000983
00054b5
00054b5
0024744
00128d0
1ff0c8a
1feedec
1ffab9c
1ffcb06
00051f8
00128d0
1ff0c8a
1feedec
1ffcb06
1ffab9c
00051f8
00047b0
0036250
0000bf0
1feaa48
1feaa48
003d4c0
007a970
1fd4d30
1ff3f80
1ff2748
1ff2748
0062120
1fe9354
1f18c33
1ff386f
1ffdba3
1ffdba3
001c5c0
001a62c
0009f6b
0017113
1ffcaf9
1ffcaf9
1ff6470
1fe8b78
1fed84b
0001475
1fd87fb
1ff3729
0023450
1fe8b78
1fed84b
0001475
1ff3729
1fd87fb
0023450
1fd19f0
000752c
00189a4
000a250
000a250
1fb0500
001b440
0009398
1ff71a8
1ff7e98
1ff7e98
0057c40
1fe5c88
1fdcb88
00198e0
002422c
002422c
1fdca0c
1ff4360
000a756
0032316
1ff3482
1ff3482
0003c0c
1fff564
0004439
0001171
0002aed
1ffc8e9
1fe5424
1fff564
0004439
0001171
1ffc8e9
0002aed
1fe5424
00015d0
0013394
1fecd34
1fece64
1fece64
000be60
0049910
0029158
00228d0
1ffa55c
1ffa55c
1fba3d0
001f76c
02092bb
1ff51d7
1ff824d
1ff824d
0014094
1fd6afc
1ff5eff
1ffe6db
0011c6d
0011c6d
0015564
1fd826c
1ffb6e1
000b621
1ffa64b
0021d8b
001fd0c
1fd826c
1ffb6e1
000b621
0021d8b
1ffa64b
001fd0c
1fd7470
1fd5dcc
1ff7074
0018a68
0018a68
1fefad0
0014270
1ffb010
0024e00
1ff6af0
1ff6af0
1fcfbe0
00058a4
006b30e
1fff01a
1ffb754
1ffb754
000ff74
00070e4
0001076
1ffdf3e
1ff1ad6
1ff1ad6
002ed54
0002ddc
1ffefae
1fd0c64
00021d4
0003de2
1ff1e64
0002ddc
1ffefae
1fd0c64
0003de2
00021d4
1ff1e64
1fa1640
004cd9c
1ff2714
0020b80
0020b80
1fbd130
000e030
003b6f8
1fff020
1fc6ffc
1fc6ffc
0036750
00015ac
1fa8716
0017620
1ff003d
1ff003d
000a4e8
00162f4
1ffbc9e
0024a38
1ff9861
1ff9861
0010f80
1fea1a0
1ff40d4
1fffdf6
001740f
00051cb
1ff525c
1fea1a0
1ff40d4
1fffdf6
00051cb
001740f
1ff525c
000a090
1fc5a14
000abe4
0019ffc
0019ffc
1fe98e0
0016a20
1fec16c
0011cb4
000c8e8
000c8e8
00163b0
1ffd294
1f80233
1fe5201
1ff6852
1ff6852
1f9f898
00008fc
00050a3
1ffa75d
1feb928
1feb928
1ff1750
1ffa698
000c847
0003c4b
00000c6
1fefe1c
1fefef4
1ffa698
000c847
0003c4b
1fefe1c
00000c6
1fefef4
00005a0
00161cc
1ff1c1c
0006924
0006924
0020be0
00690b0
000a818
1fd9028
1feb150
1feb150
002ffe0
1ff9cf4
00862a4
00066b2
00178ab
00178ab
1fe84bc
001da2c
1fe8ebe
1fd74c4
0005931
0005931
1ffd6c4
1feeb60
1ffcc2b
00088bd
1ffe174
00153ec
00156e0
1feeb60
1ffcc2b
00088bd
00153ec
1ffe174
00156e0
0024ef0
1fd3050
1f9f5a8
1fada04
1fada04
0017040
0043c80
0005d24
1fcab44
00016ac
00016ac
001c3b0
1fde524
00b9b9b
000b279
00080fe
00080fe
0003800
1ffbce4
1fd7b4d
0008c2b
1ff5e40
1ff5e40
1fb4f20
1fe3c4c
1feb0cc
00017a2
0007f25
000e7e9
1fd7030
1fe3c4c
1feb0cc
00017a2
000e7e9
0007f25
1fd7030
1fedfa0
001f8a8
0017c28
001e208
001e208
1fd9d40
1f8d4f0
000c294
0001024
0011f14
0011f14
1ff81c0
001bd40
1fddee7
1ff8775
001b884
001b884
0019198
0001498
1ff9def
1fec071
0002c02
0002c02
0013b78
000380c
0005b89
000b0f9
1fe5c40
1ffa79a
00184f8
000380c
0005b89
000b0f9
1ffa79a
1fe5c40
00184f8
1ff63e0
1ffb318
1fe6640
000932c
000932c
000a460
0014fa0
1ffb1e8
1fef318
000e920
000e920
1ffcdb0
1ff4360
1f802c4
1ff1cd8
0004224
0004224
1fccd10
00234d0
0006d1a
000f342
1ff3764
1ff3764
0034b48
1fe5d30
000e245
0002c2b
001c7b1
1ffcfe3
001220c
1fe5d30
000e245
0002c2b
1ffcfe3
001c7b1
001220c
1fd01b0
001b23c
0008b14
003b0e8
003b0e8
004d2a0
002a950
1ffec40
1fd4e80
1fddbf8
1fddbf8
1fd5920
000277c
00108f1
1fdfbb3
1ff9e94
1ff9e94
1fa5650
002b29c
1fe175b
1ffed1d
1ffff82
1ffff82
0047e00
1fc8cf4
0005bfa
0004ebc
000edd5
1ffd409
0011ce8
1fc8cf4
0005bfa
0004ebc
1ffd409
000edd5
0011ce8
1fa1690
1fe3fb0
005cd30
0015840
0015840
1ff5270
0013070
0002338
1fe5208
1ff4ad8
1ff4ad8
1fc6c20
0015afc
00203f3
0007385
1feb96a
1feb96a
002eccc
1fe9074
0009b4b
0000b71
1ffdf28
1ffdf28
0022a04
0039308
1ffc209
0005935
1fed1b6
1ff07f8
1ff4c78
0039308
1ffc209
0005935
1ff07f8
1fed1b6
1ff4c78
0044a90
0008c40
1fe62a8
001f114
001f114
1f92040
0065630
0023668
1ff88f0
1ffd1ac
1ffd1ac
1fc8f40
1ff0f6c
0045b15
1ff62e9
000a691
000a691
0005e20
1ff76e4
0012b81
1ff1eb5
0024031
0024031
1fd9a08
1fd2750
002b2e1
0013b05
1ff2179
0001075
1fe1154
1fd2750
002b2e1
0013b05
0001075
1ff2179
1fe1154
003a160
1fb9bdc
1ff256c
000171c
000171c
002f150
0003c80
0011344
005a22c
1ff5f20
1ff5f20
1feb870
1ff3414
1ffd085
1fd989d
000a911
000a911
1fec90c
1ff71bc
1ff94b7
00082fb
0000a7d
0000a7d
0004974
0031e90
1ffd236
1ff1690
1ff56d4
1ffa89e
0006f78
0031e90
1ffd236
1ff1690
1ffa89e
1ff56d4
0006f78
1fae150
0011504
001a01c
000b688
000b688
1ff3260
1fefc40
0025254
1ffb70c
1fc8928
1fc8928
1fee0f0
1ff32c4
0050f2c
1ff3f16
001c68d
001c68d
0023060
1fe5fbc
1ff901a
1ff8f40
0009139
0009139
1fd7c98
1fe7060
1fee4df
1ff9c63
1ffde62
0001ca0
002642c
1fe7060
1fee4df
1ff9c63
0001ca0
1ffde62
002642c
1fcff40
001281c
1ff38cc
00083fc
00083fc
1fbf790
1fb40e0
1ffcc60
000dac8
00146e4
00146e4
0073e80
1f944bc
00ebb16
003bc6a
1ff68e2
1ff68e2
0032110
0007a1c
1ff43d0
1ff7c44
1ff632c
1ff632c
1ffda88
001a08c
1ff6a63
000cd47
1ff48eb
1fe932b
1fe317c
001a08c
1ff6a63
000cd47
1fe932b
1ff48eb
1fe317c
004c1b0
1ffd17c
1fc320c
0007044
0007044
1ffb3b0
002db30
002bfc8
0011b18
1feba18
1feba18
1fd1890
0024c90
1f4a6ff
1ffe4d3
0007e27
0007e27
1ff29d4
004dd50
1ffb849
1fead41
1ffd06b
1ffd06b
000246c
1ff6ec0
00014f2
000a48c
1ffa858
00016ca
1ff5ee8
1ff6ec0
00014f2
000a48c
00016ca
1ffa858
1ff5ee8
002c2a0
1fdf660
000be70
1fed0b0
1fed0b0
00082e0
0010a40
0006948
1ff1590
0014054
0014054
1ff1620
1fe1094
1fdc956
1ffb58a
000f732
000f732
000e84c
1ffd864
0036e4e
0000d4a
00114c6
00114c6
000dbbc
1febc4c
00103ee
1ffbe6e
1ff99ac
0013344
0018294
1febc4c
00103ee
1ffbe6e
0013344
1ff99ac
0018294
001cd50
00223e4
1fd9664
1fe678c
1fe678c
1ffa280
1faad30
00151a8
001fb40
000abbc
000abbc
1ff4450
001c9f4
01dc473
1fef3bd
000e638
000e638
1fe6394
1fd53a4
002c385
1ff9933
00078d8
00078d8
1fbe864
0031cd4
0013f92
1ff1e06
1fff675
1ff922f
1ff5504
0031cd4
0013f92
1ff1e06
1ff922f
1fff675
1ff5504
001a5f0
1ff0688
1fd38c0
001101c
001101c
1fd2ca0
00644f0
003a4d8
00110e0
00124a4
00124a4
000f540
000a8ec
0064fe3
0012c57
1ffaded
1ffaded
1fe05ec
1fe25dc
0013d77
0005447
001efab
001efab
1fee294
1fdb60c
1ff9ca5
1ff1bb7
0003efb
0007f1d
1fefbb8
1fdb60c
1ff9ca5
1ff1bb7
0007f1d
0003efb
1fefbb8
1fe2bb0
006f59c
1fdc50c
0029844
0029844
1fc0bf0
0040370
1fe90e0
1ff9f78
1fde9c4
1fde9c4
1f6fb50
002a7a8
1f9cb8e
1ff3008
000a345
000a345
1ffe5e8
0033d58
000b33a
1ff3080
1fea617
1fea617
1ff5020
1fed8a0
00138f0
0003b54
0000215
001c68b
1ffd7c4
1fed8a0
00138f0
0003b54
001c68b
0000215
1ffd7c4
1fab470
0006dd8
000b210
1ff7434
1ff7434
1ffdb50
1ff36d0
1ffd3f8
1fb88b8
0016710
0016710
1f8aad0
1fe47e0
1f89990
1ff60d2
002a643
002a643
002c05c
1ff0d90
1ffc61e
0019aa4
0017c0b
0017c0b
0010094
1ffb108
1ffd995
1ff94f9
0009c36
1fed994
0003bc8
1ffb108
1ffd995
1ff94f9
1fed994
0009c36
0003bc8
00413a0
1feaca8
004fbf0
1ff503c
1ff503c
0019670
00513a0
003d470
1ff9028
1fc5784
1fc5784
1fda760
0016820
00812b5
1ff12fd
0034c03
0034c03
0005cb4
1fd7dd0
1ff25c3
00090bb
0005f49
0005f49
000e96c
1fec2a8
1feb988
000a840
1ffae9e
00088ee
000e560
1fec2a8
1feb988
000a840
00088ee
1ffae9e
000e560
1fc3060
002e6a4
00136ec
0035888
0035888
1fe4ad0
1fb3c30
0007d60
1ffb628
000bf44
000bf44
0053e70
1fc9d04
0097e77
0013cd7
001364d
001364d
1ffdadc
0037a2c
0005667
1ff96c7
00115d5
00115d5
1fe6a84
0000c68
0018ecb
1ff9e27
1ff9d87
1ff0697
1ff2228
0000c68
0018ecb
1ff9e27
1ff0697
1ff9d87
1ff2228
1fed9d0
0026b64
0002554
00038dc
00038dc
1ff5520
1fe2cc0
00367c0
00265b8
1ffd76c
1ffd76c
00077b0
0005b08
1fdcd5d
1fb850d
000c4a1
000c4a1
001d0e8
1fda0c0
0005679
000313d
1ff73c3
1ff73c3
0017810
001ea64
00015ed
1ff893f
1ffa8ef
0006a89
1fe8454
001ea64
00015ed
1ff893f
0006a89
1ffa8ef
1fe8454
00087b0
1ff6a68
1fd5378
1feb698
1feb698
1fd1bb0
1fb4ad0
1ffafa8
0008a00
002e694
002e694
00212d0
1ffba00
1f94457
1ff512d
1fe84ac
1fe84ac
1fb0a50
0019df8
1ff4e43
000ccfd
1ff7eee
1ff7eee
1fc69e0
0009ffc
0012e37
1ff92b7
1ff92d6
000cba8
1fee600
0009ffc
0012e37
1ff92b7
000cba8
1ff92d6
1fee600
0003410
000e290
0035598
0028974
0028974
00706a0
001ed40
00229b4
1ff4dbc
002f5a8
002f5a8
1f9c580
00193f0
1ff10f8
0015a7e
1ff74e3
1ff74e3
00964f8
004b458
1fed1c0
1ff0c66
1fdd52b
1fdd52b
0026360
1fb6e9c
1ffc1bc
1ffc6ea
001455d
1feee91
1ff860c
1fb6e9c
1ffc1bc
1ffc6ea
1feee91
001455d
1ff860c
0011510
1fba634
003cdec
0007c68
0007c68
0058210
1f84160
002a0ec
1feebdc
001c83c
001c83c
0008740
1fcd8d8
002afcf
0002e27
000349b
000349b
1feae14
0008738
1fedc25
0020d19
1ff156b
1ff156b
1fd6dd4
003e1b0
1ffd09e
000191c
1ffcd06
1fe6b58
1ff2244
003e1b0
1ffd09e
000191c
1fe6b58
1ffcd06
1ff2244
1ffee30
003b6f4
002cafc
1fe24e8
1fe24e8
0036a30
0011250
1fe8fd0
1fe58f8
001a0dc
001a0dc
1ffff30
1ff13dc
003f4df
1ffd87d
002cd78
002cd78
1fda60c
001a64c
1fdc1bb
0004499
1ff5720
1ff5720
1ff7e94
1fcdc04
1ffc09b
00155f9
1ffd5ec
000d238
1ff8db8
1fcdc04
1ffc09b
00155f9
000d238
1ffd5ec
1ff8db8
00088c0
0011a10
1fdf6a0
0000818
0000818
0032280
1fed600
001708c
00296b4
0034c20
0034c20
1fdbeb0
001137c
0009e1b
1fe9a7b
0004763
0004763
00379f4
001d3c4
1fef171
0013675
1ffb9eb
1ffb9eb
0052184
1ff97e8
0000040
1ff9b16
1ff328c
00084ba
1ffc4fc
1ff97e8
0000040
1ff9b16
00084ba
1ff328c
1ffc4fc
1fe0ec0
1ffab90
0047598
001a2f4
001a2f4
0013b60
0045310
1fd7ec8
1fc97b0
1fca214
1fca214
1fc4f10
1ffc0a8
004e9de
000fc66
000f3bc
000f3bc
1fa7ad4
000a7e8
1fd958a
0005296
0010076
0010076
1feb044
00047d8
00002e0
0006fba
1ffe51c
0012e4e
00178a4
00047d8
00002e0
0006fba
0012e4e
1ffe51c
00178a4
000eb00
0003520
0019718
0005594
0005594
1fc8760
1ff3520
1fe24a0
0004bd8
000445c
000445c
1ff5770
001e0ec
00d63a4
1fdbf10
1ff99b4
1ff99b4
1fed948
00225ac
001ad90
001e3fc
00135cc
00135cc
0038630
000e8e4
0003c26
000484e
1ff972e
1ff489e
000aa0c
000e8e4
0003c26
000484e
1ff489e
1ff972e
000aa0c
1ffeeb0
004459c
001624c
1fffedc
1fffedc
000b280
001c7f0
1fe26ac
1fee954
1fed9b8
1fed9b8
1ff22c0
003c004
1f396b4
0031f5e
1ff76f3
1ff76f3
0028de4
001a084
1fe9f28
003090e
1ffb885
1ffb885
0027964
0006714
001fa42
000c85a
1fefabf
1ffe319
1fda9ac
0006714
001fa42
000c85a
1ffe319
1fefabf
1fda9ac
000e030
1fd93a4
00025dc
1ff7c48
1ff7c48
0043a70
00064d0
1ffd070
001f5a0
1fffad0
1fffad0
1fd5660
001d900
1fde0c2
1ff688a
1fe46de
1fe46de
1fe08fc
0038490
1ffbeda
1fd76d6
1ffe89c
1ffe89c
1fed764
0011d08
1fef63a
1ffa904
1ff0506
1fe2874
000e4d8
0011d08
1fef63a
1ffa904
1fe2874
1ff0506
000e4d8
1fecd20
0005bdc
1ffd3cc
0029274
0029274
0060eb0
1fcb2f0
0022f10
0001cd8
000d564
000d564
1fb2210
1fcc90c
01e6fa7
000a425
0014936
0014936
0039b04
1ffa084
1fb9ae3
0001ccd
1ffd148
1ffd148
0019bec
001b468
1fff5bf
1fe8e4b
1ff5050
1ff1aba
1fed1f0
001b468
1fff5bf
1fe8e4b
1ff1aba
1ff5050
1fed1f0
0033990
1fed6b0
0004aa8
1ff54cc
1ff54cc
1feaaa0
1f927d0
0036e50
0016d80
0000250
0000250
00077d0
1fe4b4c
00a7726
00183b6
0006076
0006076
1fe3ea4
000fce4
1ff5d1a
0002bae
1fefea8
1fefea8
0005594
0002488
0010764
1ffe7aa
1fde0ec
1ff0416
1ffbdac
0002488
0010764
1ffe7aa
1ff0416
1fde0ec
1ffbdac
1fdd4a0
1feb078
1ff6c90
0019a04
0019a04
002c0f0
1fe68f0
1fae1ec
1ff9e34
002b798
002b798
00845f0
1fd806c
1f79b24
000e250
001b4a8
001b4a8
1ff2634
000af5c
0018abe
00086f2
000a2c2
000a2c2
1fff0cc
001b8b4
0023c8d
1ff8fad
1fcc25f
1fff49b
1ff4c10
001b8b4
0023c8d
1ff8fad
1fff49b
1fcc25f
1ff4c10
0021ed0
001a050
1fa8038
1fef324
1fef324
0048350
1fe1970
1ffda78
0005be0
1fee2cc
1fee2cc
002d210
1fedec8
1f8703c
0012c2e
0016141
0016141
1fe9d80
0003d38
000da22
1ffd4cc
00039fb
00039fb
0025288
1ff9108
1ff703d
00127ff
1ff88be
00157b6
1fed4ac
1ff9108
1ff703d
00127ff
00157b6
1ff88be
1fed4ac
1fec8e0
0015a68
1fd9880
1ff32b4
1ff32b4
005e8c0
00164b0
1ffedac
1fc41c4
0033e30
0033e30
00059f0
001687c
009acaa
1fec87c
1fe5a2b
1fe5a2b
0005834
1ff9484
1fdddf6
0047e9c
00026e5
00026e5
0028984
0008d48
1fedf3a
00071d6
1fdf88d
000088f
1ffcd84
0008d48
1fedf3a
00071d6
000088f
1fdf88d
1ffcd84
1fed2b0
002d44c
002e0a4
1ff60a0
1ff60a0
1fe3570
1ff9550
0036420
1ff10b0
0005158
0005158
1f8b100
0046564
009cda1
1ff4de3
1ff25ec
1ff25ec
1ffa2fc
001e72c
1fdef5b
1ffbdcd
1ff8a5a
1ff8a5a
1ff57b4
1ff6cb0
1ff1780
0024d3a
1ff1855
1fe23bd
002d248
1ff6cb0
1ff1780
0024d3a
1fe23bd
1ff1855
002d248
1fc0dd0
000aac4
1fd4814
0001da4
0001da4
1ffadb0
1fe0cb0
0051a84
1fcff64
000e35c
000e35c
1fdd560
00020d8
1fd5e27
0013c15
1ff1a1c
1ff1a1c
1fd8018
0030b80
1fe9dc3
1ffaa31
00049d0
00049d0
00008b8
001738c
1ffca71
002d897
1ff103a
1ffd4aa
002a9b8
001738c
1ffca71
002d897
1ffd4aa
1ff103a
002a9b8
00288b0
1ff7da4
1fc97f4
00063c4
00063c4
1fd0590
0023540
1fda5ac
001a9ec
0011694
0011694
0002200
1feeb34
1fac243
1ff725b
0015f19
0015f19
000de94
1fe64bc
000bb07
00136a7
1fff691
1fff691
1fdf02c
0000fd8
1ffb0c7
000b763
0007a0f
000b5af
0030870
0000fd8
1ffb0c7
000b763
000b5af
0007a0f
0030870
1fedc70
002aef8
001a0f8
1fdfec0
1fdfec0
1fc8810
004d4c0
1feb4f0
1fa44e0
1fee630
1fee630
1f7bc40
1ff94ec
1fe8bf7
00216c5
1ffc64a
1ffc64a
000a5cc
1fe70dc
000c15f
001f3f1
0018ce0
0018ce0
000fb2c
002036c
0009b41
1fe8bd5
0008da0
1ff00fa
0007704
002036c
0009b41
1fe8bd5
1ff00fa
0008da0
0007704
1fc6400
0045d6c
003e2f4
1ffb160
1ffb160
1fb5250
1fc5400
00087a0
0030e58
002d01c
002d01c
003cd60
1ff62d0
001aa72
1fff802
1ff12be
1ff12be
000baa4
0052360
1fff006
1fd50da
1ff8574
1ff8574
1fe7a8c
1ffc038
1fe0b5a
00030f0
0004200
0007422
0012d18
1ffc038
1fe0b5a
00030f0
0007422
0004200
0012d18
0022380
000fe78
1ff2c50
1ff248c
1ff248c
1fa82f0
1fd36a0
1fd36ec
0007d54
0000520
0000520
0028b00
1fea474
00457e0
1ffd710
00231d2
00231d2
001653c
0010d44
1ff3fa4
1fefff0
000aa10
000aa10
1ffb4ac
1ff0664
1fe9f22
00095d0
1fdf79c
002205e
0018de4
1ff0664
1fe9f22
00095d0
002205e
1fdf79c
0018de4
1fb1590
00071f4
002cce4
0019d3c
0019d3c
0059830
002cfe0
1ffb8f8
1fb8938
1fe6bb0
1fe6bb0
1fb63d0
1ff6260
001a4ee
0018a22
0004922
0004922
002bb68
00023b0
1ff15ec
1fdb8a0
0018a18
0018a18
0017d08
00141f8
0002e2b
001fa97
1ffc1b7
1fffca7
002ff08
00141f8
0002e2b
001fa97
1fffca7
1ffc1b7
002ff08
00404d0
1ffb9a8
1fee078
1ffccb0
1ffccb0
0001640
1fe7010
0039b80
1fffc98
1fe413c
1fe413c
00044f0
0066244
000f032
000e326
1fec8cc
1fec8cc
1fcd740
001602c
1ff801a
000f16a
000185e
000185e
1fcdf50
1ff21e8
1fd32ec
0002122
000c9a0
1ff9b72
001be08
1ff21e8
1fd32ec
0002122
1ff9b72
000c9a0
001be08
00177f0
1fadec4
1fe5384
1ffea74
1ffea74
1ff51b0
0005700
0020150
1fed100
1ffa680
1ffa680
1fb96b0
0035fe4
00a5067
000da91
1ffb7aa
1ffb7aa
0015f18
00039e4
000e339
1fedd03
1ffebcc
1ffebcc
1fe28a8
0013e1c
1ffdd36
1ffc260
1fd88a9
1ff3231
1ffa288
0013e1c
1ffdd36
1ffc260
1ff3231
1fd88a9
1ffa288
1fe0e70
00401b8
0002440
1fff4e4
1fff4e4
0019310
1fd7f70
0007f78
1fe55e8
1feaf90
1feaf90
000f080
000f6b0
1f1c97f
00194f5
1ff5e74
1ff5e74
004f418
0053730
1fd5219
00123df
1ff31f6
1ff31f6
000f4c0
00176c8
0008e2c
1ff9c3e
0004553
1ffa363
1fe5b34
00176c8
0008e2c
1ff9c3e
1ffa363
0004553
1fe5b34
000f570
0000004
1fd70ec
00080e0
00080e0
001d400
0004320
1ffee74
1ffeb1c
0012d30
0012d30
0014220
0033a4c
1fe666f
1fe51a3
1ff0ef9
1ff0ef9
1fea9c0
0022594
000af9d
0005879
1ffb5cf
1ffb5cf
1fed810
1ffd480
1ff9368
1fec77c
0010aec
1ffc03c
1ffaa98
1ffd480
1ff9368
1fec77c
1ffc03c
0010aec
1ffaa98
1fcc540
1fc949c
0037134
0007850
0007850
1ffe9f0
1ff7c40
0009be8
1fe4ad0
0001e64
0001e64
0043190
0003070
01c47f3
1ff97e1
1ffbccc
1ffbccc
0010ea0
1ff9248
00128ad
0012493
000cbe2
000cbe2
0012620
1ff8364
1ffcebe
1ffc95c
0020067
1fdf1bf
1ff58e8
1ff8364
1ffcebe
1ffc95c
1fdf1bf
0020067
1ff58e8
0055700
1fe958c
000b634
000f278
000f278
1fcc2e0
1fd1e50
1fe1878
00108e8
001afc8
001afc8
0065810
000d680
00853dd
001a871
0008eeb
0008eeb
1fe8f08
1ff5b00
1ffba2b
1fff56f
0009439
0009439
0002270
1fd2430
00073ac
1ffec34
1ff13be
1ffd542
1fdc5bc
1fd2430
00073ac
1ffec34
1ffd542
1ff13be
1fdc5bc
004cc00
0009378
1ffd4d8
1ffb4c0
1ffb4c0
1ff6990
00391b0
0038824
1fde74c
000bad0
000bad0
0036760
1ffac6c
1f81d0d
000b1c1
0004333
0004333
0007e64
1feb014
00077cd
0019955
00012d5
00012d5
000231c
1ff5180
00015af
1ff66ad
000d30b
1fe2ef9
1fc22d0
1ff5180
00015af
1ff66ad
1fe2ef9
000d30b
1fc22d0
0028c20
1ff4444
001332c
1ff70e8
1ff70e8
1fdfff0
1fc40c0
1fb6c64
0039c64
1ffc99c
1ffc99c
0031d80
0013974
1f8bd6f
0001fc3
1fef22b
1fef22b
1fbf374
1fe42a4
0027027
0009f6f
1ff5719
1ff5719
000911c
001cc8c
1ff527d
1fe8513
000a69f
1ffaa19
1ffdde8
001cc8c
1ff527d
1fe8513
1ffaa19
000a69f
1ffdde8
1fd00f0
1feb414
001eef4
1ff88d4
1ff88d4
0057d40
0069bf0
0026fc0
0009ff8
1fdb244
1fdb244
0009140
1ff3180
00870f6
000250c
1ffbdfd
1ffbdfd
0009fa8
1fd70e0
000809a
1ffba30
1ff4bbd
1ff4bbd
0020e38
1fe76e0
0009642
001b4bc
0008aed
1ff48a5
0009d18
1fe76e0
0009642
001b4bc
1ff48a5
0008aed
0009d18
0018140
1fdcd8c
1fd3bd4
1fe66f0
1fe66f0
1fa62b0
1ff9ae0
0020f80
00148e0
1ff80f0
1ff80f0
006d7d0
1fc3210
00ab9d6
1fedfe2
1ff94d4
1ff94d4
1fd4b8c
000b568
0009f8a
001124a
1ff8896
1ff8896
0057f64
1fd35c4
1ffcae6
00151c0
0007d50
0007e4a
1ff3c68
1fd35c4
1ffcae6
00151c0
0007e4a
0007d50
1ff3c68
00118d0
00003d4
0009fdc
00051d0
00051d0
1fe08f0
0054620
000a22c
1fc5c7c
0013ad4
0013ad4
1f8a410
003ea74
1fdc002
1fb5aa6
1ff72e2
1ff72e2
1fdcaf4
1ff1784
1fd28ec
000b3a0
1ff87ac
1ff87ac
0023c1c
00097c4
0012ea5
1ffd785
0000853
00077e3
0000c30
00097c4
0012ea5
1ffd785
00077e3
0000853
0000c30
0020d50
1fdeaac
004a074
1fd2510
1fd2510
0050ab0
1fe5430
0012970
000b758
1fec00c
1fec00c
1fbd6c0
000b30c
1f8bfb3
0023e3b
00004e7
00004e7
0055de4
1fec41c
1ff79f3
0000423
00104f3
00104f3
0012f64
00161a4
00074cf
000f877
1ff44eb
1fed40b
000fe0c
00161a4
00074cf
000f877
1fed40b
1ff44eb
000fe0c
0029950
1fe9044
1ffbfd4
00259c4
00259c4
1fed960
1fd4cb0
1fe4064
1fc74fc
0005e90
0005e90
004ed30
1fea03c
1ffea84
1fe5658
00015d4
00015d4
1fddfdc
1ff7ddc
000cbac
000c8e8
1ff0228
1ff0228
001c61c
001f78c
1ffd1aa
000ff56
1ff39aa
1ffe40a
1ffcf9c
001f78c
1ffd1aa
000ff56
1ffe40a
1ff39aa
1ffcf9c
006c2c0
1fd59a4
1fad5d4
000d12c
000d12c
1fb7390
1ff9b00
001be9c
1ffc414
0019fb8
0019fb8
1fc3ee0
1ff4308
0028868
1fff338
1fffd86
1fffd86
1fdda30
0028a50
00094f8
1ff0610
1fe7b82
1fe7b82
1fe87c8
001a06c
1ff876e
0005be6
0012e0c
1ffce4c
1ff82ac
001a06c
1ff876e
0005be6
1ffce4c
0012e0c
1ff82ac
007dbd0
000a0a0
1fb4050
0012df8
0012df8
0011b60
1ffd6a0
1ffffa0
1fe37d8
000842c
000842c
0021a80
0013ee4
00427db
1ffe1a1
1ff7a80
1ff7a80
00094a0
000f1cc
000e51f
001c325
00068dc
00068dc
1ffd720
1fe56b0
1ffef61
00089d3
001576a
001a30e
1fd9848
1fe56b0
1ffef61
00089d3
001a30e
001576a
1fd9848
001c310
1fbbf94
0015654
1fe7a14
1fe7a14
001cf50
0020f60
001d914
003fa74
000a54c
000a54c
1ff72c0
1fe2454
00127b2
1fcada6
1ffc1e6
1ffc1e6
1ff7558
1fe7ad4
0001efc
0004bec
0001b4a
0001b4a
1fef230
1fdd94c
000de47
0022c05
001708f
00072c5
0000b6c
1fdd94c
000de47
0022c05
00072c5
001708f
0000b6c
1fb29a0
00052a0
00477e8
1fecd74
1fecd74
002f7f0
1ff1250
1fa26a0
1fd7ba8
003846c
003846c
0024f00
1fea9e8
006f107
001b5e1
1ff0670
1ff0670
00330fc
0007848
1fedfbf
1fff5cd
1fdcace
1fdcace
001828c
000c098
002172b
1ffa1db
1fea914
0000ce6
1fe404c
000c098
002172b
1ffa1db
0000ce6
1fea914
1fe404c
1ffc350
1fd75d8
1fcb568
0019238
0019238
1f73180
1fb87b0
1fcda1c
0000774
0018730
0018730
0014230
004312c
009fb0f
1ff890f
1fdfda7
1fdfda7
1fe9238
002b5b4
1ff9eed
1feffa5
000cd85
000cd85
0028768
1fedc38
0020514
1ff49c0
1fe1572
0003be6
1ffd6a0
1fedc38
0020514
1ff49c0
0003be6
1fe1572
1ffd6a0
002ee90
005b890
1feda90
001c8f8
001c8f8
1fa9d40
002a4a0
1fc2b80
1fd1910
0017d40
0017d40
0053470
1fbc90c
1f30b52
1ff63f2
0004914
0004914
1fd47f0
1fbe4bc
001dc30
1ffeb7c
00032f0
00032f0
1feb000
1fea794
1ff3a05
00176b3
000c58b
00030e9
00192d0
1fea794
1ff3a05
00176b3
00030e9
000c58b
00192d0
1fab2b0
00752e0
1ff9788
001ef2c
001ef2c
1febe70
1fffed0
1ffdc70
1feac48
1ff546c
1ff546c
1fcf1e0
000ce7c
1fc7d45
0009785
1ff173f
1ff173f
001f13c
002a80c
000f1e9
1fd8275
0007409
0007409
0024f74
0015164
1fef7dd
1ffd89f
1ffd59b
1ff5e6d
1fe80e8
0015164
1fef7dd
1ffd89f
1ff5e6d
1ffd59b
1fe80e8
0028b30
002a6fc
1fca1f4
1fea080
1fea080
002cbf0
0038d60
005178c
1ff05f4
1ffc8f8
1ffc8f8
1fc37b0
1febf0c
02029c4
1ffcd10
000d3ba
000d3ba
1ff0bf8
0004f44
1ff5c7c
0003640
1ff2cee
1ff2cee
0002e48
1ffc4a0
000d01e
002b96e
1fee3aa
1fd9c3a
0039120
1ffc4a0
000d01e
002b96e
1fd9c3a
1fee3aa
0039120
000a3c0
001ace8
000bec0
1ff7644
1ff7644
0039410
1ffcd50
1ff58b8
1fe0660
000c88c
000c88c
1fc7d70
0006850
0079372
000472a
001586c
001586c
00071c0
1fef598
1fe7544
0004fa4
0003d3a
0003d3a
0019258
0006b0c
000fbab
0008d07
1fe54fb
0013adb
1fe073c
0006b0c
000fbab
0008d07
0013adb
1fe54fb
1fe073c
1fb4de0
002e1d0
00272c8
1ff2354
1ff2354
002e3c0
0063f00
00119f0
1fdeda0
0009698
0009698
1febda0
1fe54c4
1f92c42
00198b4
001e855
001e855
1ffc7c8
1ffb3dc
1febe1a
0010e64
00026a5
00026a5
1ff3468
1fe9900
1ffa4f8
1ffe17e
1ffd897
0001507
000c428
1fe9900
1ffa4f8
1ffe17e
0001507
1ffd897
000c428
1fed5c0
001fc54
00147c4
0009e4c
0009e4c
1feff30
0050dd0
0023c64
1fe7aec
1fe4ed0
1fe4ed0
000a9d0
001e340
1f63343
00080cd
1fe8ce4
1fe8ce4
0000ab4
1fcbbb0
1ff4bc3
0027521
0001d6a
0001d6a
1fd5bb4
1fee300
1ffc81d
0008595
1ff0458
00200e6
1fefc94
1fee300
1ffc81d
0008595
00200e6
1ff0458
1fefc94
0014130
1fd430c
1fc8abc
000286c
000286c
0000690
002bc60
001c428
1fdaa98
1ff3d58
1ff3d58
1fd7d40
00184b8
0088464
003872c
1fff754
1fff754
1ff7414
00270a0
0018f6c
1ffd8b0
000305a
000305a
1feba94
1fe6314
0001d2c
1ff474a
1febe5a
000879c
1ff2e1c
1fe6314
0001d2c
1ff474a
000879c
1febe5a
1ff2e1c
003f710
1fe8de0
1ffb518
0001e9c
0001e9c
0068360
1fcf500
1fcda2c
00024e4
0011660
0011660
0010680
1ff5a9c
00c75d2
00081e8
000dc09
000dc09
000f6d4
00325b4
001fc86
000c294
1ffaf51
1ffaf51
1fcf1f4
00255d0
000ad36
1ffed88
1fe1b49
1feb98d
1fe0e24
00255d0
000ad36
1ffed88
1feb98d
1fe1b49
1fe0e24
1fd1770
1fe8dd0
0015af8
0001b44
0001b44
002b8a0
1fc35c0
1fd1390
1ffb408
00258d4
00258d4
1ff2de0
00073a4
1ff73e0
1ff4abe
1ffd7c9
1ffd7c9
1fea5bc
1fe9f1c
0004e90
1ff1a5a
0014faf
0014faf
004225c
001f5f0
1ff1762
1ff5102
00026cf
1ffe7e1
003cf24
001f5f0
1ff1762
1ff5102
1ffe7e1
00026cf
003cf24
001f250
000b688
1fe0610
001aed4
001aed4
1fd0790
0030970
1fdd6d4
1fd43fc
0024e00
0024e00
1fc18c0
000d150
1fa383c
1fffcec
1ff5b44
1ff5b44
001f100
002ef40
0006236
0015432
1ff2c18
1ff2c18
001b478
1fec1f0
000598b
1ffa939
0019a95
0008a7b
0005834
1fec1f0
000598b
1ffa939
0008a7b
0019a95
0005834
00a70c0
1fccb7c
000226c
1fd036c
1fd036c
0001830
0029dd0
1fd7040
1ff20a0
1ff2540
1ff2540
006bda0
000817c
001d664
001c9d8
000c378
000c378
1ff83ac
1fea7ec
001304a
000be2a
0005210
0005210
0029dd4
1fde21c
1ffb819
1ffd96f
0012261
000e6cf
1fea550
1fde21c
1ffb819
1ffd96f
000e6cf
0012261
1fea550
0003980
1fafe18
0005db0
0017284
0017284
001fb90
000c310
1feee08
1fe5e60
1fde57c
1fde57c
1fcffd0
1fed454
001f952
1fdd776
001ca2a
001ca2a
000671c
1fab9d4
1fdd28e
1fef2ba
00289de
00289de
0005de4
0016b2c
000843e
1ff4802
00106a0
1fff448
1fff908
0016b2c
000843e
1ff4802
1fff448
00106a0
1fff908
1fd6890
000e658
0000d40
1fd3964
1fd3964
1ff08e0
1fadbb0
1ff9a04
0018104
1fe57a4
1fe57a4
0032150
0010008
0043c9d
1ffda1f
1ffa0a0
1ffa0a0
00053ac
1ff6d40
0019c21
00319fb
000a388
000a388
0026f5c
0020e74
1feffb1
00009a7
1ffcde0
1ff69e4
1ffb094
0020e74
1feffb1
00009a7
1ff69e4
1ffcde0
1ffb094
1fe9660
005d77c
002c76c
1ff9604
1ff9604
1fe1520
1fa3140
1ff77ec
002fe84
1fef5f0
1fef5f0
1ff3da0
1ffcfec
00002d4
000c932
0007385
0007385
002544c
001d134
000cfda
1fda0c0
000a333
000a333
1fe8b7c
0019210
00005b3
001316d
00036ce
000490a
1ffe70c
0019210
00005b3
001316d
000490a
00036ce
1ffe70c
1ff19b0
1ff24a0
1fdfc30
0002de0
0002de0
001f8d0
1fed230
001b070
1ff97b0
1fda660
1fda660
1f98230
000e100
001070c
1fefa08
001116e
001116e
1ffa684
1ff52b8
0004acc
1fffc18
1ff689e
1ff689e
000b87c
0002a64
0002d7e
00266c2
001d6a2
000371e
00144e0
0002a64
0002d7e
00266c2
000371e
001d6a2
00144e0
1fba090
0007918
000a5a0
00107cc
00107cc
00124e0
00179f0
1fd2f10
0015378
001b264
001b264
00185b0
002652c
00d1e5a
1fea8ea
1ff2652
1ff2652
0029bdc
1ff4754
1fffcba
1ff6a92
1feb3d2
1feb3d2
1fe170c
1fee4c0
0026cd8
0000d08
0006020
0011194
1ff7f7c
1fee4c0
0026cd8
0000d08
0011194
0006020
1ff7f7c
1fc81f0
1ffb280
002a0c0
000a900
000a900
00035a0
1fde920
005d318
1fd59d0
0017734
0017734
1faa920
00381b0
1f0079a
002497c
1ff59d1
1ff59d1
007a34c
1fd11d0
1fe666a
000daf0
0008acf
0008acf
002eb2c
0012dc0
0004970
00062fc
1fe7621
1ffd03b
002dbd4
0012dc0
0004970
00062fc
1ffd03b
1fe7621
002dbd4
00539a0
1fd0194
1ff5074
1fee8bc
1fee8bc
1fead00
1fdd4a0
000cde0
1ff6b30
00023e8
00023e8
0020e50
1fd1c34
1fe5e2e
0002106
002073a
002073a
0028af4
003ed2c
1fe0642
1ff6312
1feba62
1feba62
001e154
000e2d8
0002d68
00053cc
0002f3a
0013732
1fe7eec
000e2d8
0002d68
00053cc
0013732
0002f3a
1fe7eec
1fd7850
1ffe25c
000336c
0004104
0004104
003bbf0
00607d0
00004cc
1fde83c
000a41c
000a41c
000df60
00020d0
01c2189
0022bc3
1ff961a
1ff961a
0009024
1fce0f0
003659b
0005225
001197c
001197c
000e184
1ff2cf0
1fffec6
001ffc8
0014019
0015cd5
0000d9c
1ff2cf0
1fffec6
001ffc8
0015cd5
0014019
0000d9c
1fc5fc0
005050c
001bfc4
0004680
0004680
1fff9a0
0019c70
00001a8
1ff35b0
1fc779c
1fc779c
1fcfbc0
0013a54
0077d0c
00025f2
000f889
000f889
1fef66c
1fddb84
0023e4c
1ffcf26
1ff585f
1ff585f
1ffe82c
1ff8674
0004d7c
0014470
0004a47
001239d
1ffabac
1ff8674
0004d7c
0014470
001239d
0004a47
1ffabac
0019020
0014e68
1ff6538
1ff1990
1ff1990
1feab40
1fef320
1fbc380
000a190
000b508
000b508
0012820
0030c28
1fae347
1fd6e1f
1ff2bf5
1ff2bf5
000e4d0
1ff9f00
1fd9cb3
1fe6a83
0005185
0005185
000ec98
001cbdc
1fe5a9d
1ffd71d
1ff856b
0022cc3
001954c
001cbdc
1fe5a9d
1ffd71d
0022cc3
1ff856b
001954c
1fe9b40
0016290
1ff9b48
1fe88ac
1fe88ac
001eb70
1fe56e0
0014c98
1ffc698
1ffb480
1ffb480
1f85760
1ffc2dc
1f82062
0011d98
1fe38bd
1fe38bd
1fd804c
1fefe04
1fe90c6
0009644
0014f31
0014f31
0031b8c
001eb78
1feb952
1fe29c4
1ff9ec9
1ff6b11
1fe083c
001eb78
1feb952
1fe29c4
1ff6b11
1ff9ec9
1fe083c
0008cd0
0017f5c
00023cc
1ff5294
1ff5294
1fe7860
1ffd720
1fec2ec
1fedcec
000febc
000febc
1fed000
1fce99c
008465a
1fed658
001524d
001524d
0015904
000fe34
001c7e4
0010816
1fea925
1fea925
1fdefec
1ffbbd8
000b757
000beb7
1ff9a54
000efd6
1fe9620
1ffbbd8
000b757
000beb7
000efd6
1ff9a54
1fe9620
1fe0340
003e4a0
000b480
1ff3150
1ff3150
1fe3920
1feac40
00174e4
1fc57c4
001d604
001d604
1fc4070
1fbf2c8
00c93c1
0029e19
0006381
0006381
1fefe9c
00012e0
1ff8d83
1fd7fef
1ffc909
1ffc909
1fcd42c
1feef9c
1fec7c4
0028dea
1ff363a
000bc40
003df94
1feef9c
1fec7c4
0028dea
000bc40
1ff363a
003df94
000bce0
1fee570
000c100
1ffe130
1ffe130
1fd53f0
1fa0500
000fcfc
002179c
1ff4d9c
1ff4d9c
006ef30
0013b10
1fe0ba0
1fce83e
1ffa881
1ffa881
1fb0de8
0009fb8
1ffba52
0005814
0002c69
0002c69
1ffc470
0006874
0004229
0003b19
1fff798
000991a
1ffb9cc
0006874
0004229
0003b19
000991a
1fff798
1ffb9cc
1fda920
1fd99d8
003b978
1ff6c40
1ff6c40
0046eb0
00242e0
0019ed8
1fef1d0
1ff1274
1ff1274
1fbe350
1ff155c
1fa34d7
0016e85
000ec74
000ec74
0083ee8
1fd7224
0006e17
0000e91
0018406
0018406
0018b88
0026028
1fefc69
1ffe289
0006496
1ff989c
1ffaa50
0026028
1fefc69
1ffe289
1ff989c
0006496
1ffaa50
000adc0
1ffa464
1ff798c
0015ef8
0015ef8
00216e0
1fe19d0
0020540
1ff1010
1fd2fb8
1fd2fb8
1ffa960
1ff22fc
1fe73a7
000ee3b
1ffe245
1ffe245
1fff570
1ff89e4
1fec04b
000a1f7
000eb4d
000eb4d
1fe4928
1ffb240
1fff7f5
0006cdd
0000579
0008139
1ffec24
1ffb240
1fff7f5
0006cdd
0008139
0000579
1ffec24
0002860
002c524
1fd9fe4
1ff0e74
1ff0e74
0023a20
0029450
1ffdb10
1ff2408
0006c14
0006c14
1fdcd80
1ff7bfc
0006a6f
002265d
1ffaf02
1ffaf02
002b000
1fd625c
1ff622f
1fff03d
0007b82
0007b82
0007920
0003e2c
1fedacd
1fec36b
1ff44a6
1fe766a
1ff7d00
0003e2c
1fedacd
1fec36b
1fe766a
1ff44a6
1ff7d00
1f9af90
0020104
0015fc4
00040bc
00040bc
0019580
1fcf4f0
00447b8
0001898
0028330
0028330
1fa7fb0
1fd4b74
007551b
00100f3
0002bff
0002bff
1ff94a4
1ffd734
000b421
0026e95
1fed29b
1fed29b
002606c
000233c
1fe6788
1ff5a1a
1fed106
000115c
1ffc648
000233c
1fe6788
1ff5a1a
000115c
1fed106
1ffc648
001de50
1fdbc94
00038d4
00193a4
00193a4
1fa1350
1fef4f0
00160a8
00001d0
000e914
000e914
0071400
1ff1400
0009fff
1fd6af3
001417b
001417b
00281f8
1fea440
00168f1
1ffcc89
0007963
0007963
1fe6028
1ff2a88
1ff9e6a
002342c
0001640
1ff7a9e
1ff3f70
1ff2a88
1ff9e6a
002342c
1ff7a9e
0001640
1ff3f70
1f5dd70
00086e4
00654f4
1fe0f54
1fe0f54
0029c60
1fa88a0
00353b4
0055154
0010854
0010854
0001c40
0060624
1ff3afa
1fb6de4
1ff736f
1ff736f
001774c
1fe9574
000bbce
1ff0c4c
1fec239
1fec239
1fde844
0012aac
1fffa2c
1ff5240
00038f3
1ffb9bd
1fec108
0012aac
1fffa2c
1ff5240
1ffb9bd
00038f3
1fec108
00009b0
00240c4
000de44
0005c8c
0005c8c
1fe23d0
1ff5990
0010f14
000ecbc
1ff3b48
1ff3b48
0021e10
1febb04
00bcb95
1ff7a61
0006121
0006121
1ff43c0
1ffcbc4
1ffac93
00128d3
1feed8d
1feed8d
0004380
0012124
1ff157a
0019934
001837a
0008d9c
1ff7f70
0012124
1ff157a
0019934
0008d9c
001837a
1ff7f70
00449d0
001fa48
0012db8
00102a8
00102a8
002bec0
0025f70
0031c3c
1fad744
0004238
0004238
1f4a4f0
1fffda8
1f3ca2c
1fe443c
00082b0
00082b0
00257c4
0019bb0
1fde9c0
002a730
1fedea0
1fedea0
00093dc
0003e3c
1ff741c
1ffcd84
1fffeaa
000517a
1fee270
0003e3c
1ff741c
1ffcd84
000517a
1fffeaa
1fee270
1fcc770
003f744
0047654
1fe09b4
1fe09b4
1fb6040
1ffd4f0
1ff2e64
0013854
1fe81cc
1fe81cc
1fe5160
0018878
1fe82de
1fee98c
1fff129
1fff129
1feb890
001a358
0005618
000cdf6
1ffacbb
1ffacbb
1ff4da8
001ab50
1ff5d39
0000d3b
1ffda4a
00026ca
0021484
001ab50
1ff5d39
0000d3b
00026ca
1ffda4a
0021484
00279a0
1fc80ac
00083ec
0007e2c
0007e2c
1fc9a10
000af40
1ff6094
1fea324
1ff2f84
1ff2f84
000e1f0
0052058
01d01e4
1fff6ae
0000a37
0000a37
00063ec
1fd8b18
0011766
000bee4
000e69f
000e69f
002abf4
0020560
001f67d
1ff75fd
00131c4
1fe2276
1ff57c0
0020560
001f67d
1ff75fd
1fe2276
00131c4
1ff57c0
1f64ef0
001f778
00354c0
000fc64
000fc64
0049090
003cab0
1fb3288
1ffda78
00241a0
00241a0
0059f80
000114c
0085d28
1feca1e
1ff7433
1ff7433
1fedda4
1fdefc4
1ffb660
0012e0e
1ffe86f
1ffe86f
1fe3244
1fbb790
0005ac0
0015a2e
000578b
1ffc82b
1ff685c
1fbb790
0005ac0
0015a2e
1ffc82b
000578b
1ff685c
1fd89d0
0030478
000bc98
0014908
0014908
0008710
005a9c0
1fbb53c
0007e9c
1fffefc
1fffefc
0020290
1fe9308
1f89b8a
1ffe826
1fff3fa
1fff3fa
1febdf0
000a638
1ff296c
0001ca0
0004ed0
0004ed0
1ffdd28
1fe5cd8
0012f91
0001a59
1ff6201
0010b55
00373fc
1fe5cd8
0012f91
0001a59
0010b55
1ff6201
00373fc
1fdf9c0
0015058
00139b8
00021b8
00021b8
1ff4110
002c2b0
0022384
1fe06ac
1fe9290
1fe9290
1faee10
1fef528
1f8dafb
0008f23
0010c5b
0010c5b
000c148
1fe1e10
1ff891f
1ffd9e3
001b4b5
001b4b5
0030b98
1feb244
1ff0f9f
000daed
0005c3f
1fe175d
0004320
1feb244
1ff0f9f
000daed
1fe175d
0005c3f
0004320
1fe9920
00017dc
1ffe844
000eb28
000eb28
1febc00
00516f0
0015ca4
1fbf75c
000aba8
000aba8
0032a30
1fe2138
0082010
1ff6652
1fec075
1fec075
1fe574c
00020e8
1feafcc
1ff8f7a
0004833
0004833
1fe4684
1ff9da8
1ff6ca6
0008ab6
1ff7b59
000c757
0029a90
1ff9da8
1ff6ca6
0008ab6
000c757
1ff7b59
0029a90
0019ee0
0003858
1ff25b8
1ff60e0
1ff60e0
003c520
1f822d0
0036204
003e964
002d2d4
002d2d4
0009ff0
1ff9520
009d8b1
1fda55f
000022e
000022e
1ffd6cc
1ffd398
1ff1d4b
1fffea5
1ffb522
1ffb522
00479c4
0025ffc
1ff73ba
00008e6
1ffed93
1fff1e5
001f2c0
0025ffc
1ff73ba
00008e6
1fff1e5
1ffed93
001f2c0
0084cd0
1fef5d0
0020cb8
1fe18f4
1fe18f4
0037710
1f903e0
1ff3944
003217c
1fffb40
1fffb40
1fcf870
000ff60
1fe3fb4
00310f0
00135b6
00135b6
003baac
1fd2e08
0003614
0023e0c
1fffa28
1fffa28
001063c
000b5ac
0014936
1fffc30
0003310
1ff2182
1fdf25c
000b5ac
0014936
1fffc30
1ff2182
0003310
1fdf25c
1f9ee00
1ff44b8
0012f38
0005528
0005528
1ff9690
1ffad40
001681c
003c11c
1febc8c
1febc8c
0000970
001f99c
1f978e4
001165c
000313a
000313a
0010304
002aa94
1fe8786
1fd1d8a
002047a
002047a
1fea81c
1ffdab8
1ff1aef
00162c5
0007db9
000ca4f
000da18
1ffdab8
1ff1aef
00162c5
000ca4f
0007db9
000da18
0023ac0
1fd5d10
0006998
000c1c4
000c1c4
1fc3ce0
00006a0
1ffcfa8
1fdbb80
0008b34
0008b34
1fea720
1fcf3ec
000eecf
1ff03a1
1ffc992
1ffc992
1fde9b8
001964c
0002e55
0001afb
000e2c6
000e2c6
0002ed0
002e38c
00115f8
1fedd28
1fea4e3
1fe90dd
1ff51bc
002e38c
00115f8
1fedd28
1fe90dd
1fea4e3
1ff51bc
00a0d10
0009854
1feaeb4
1ff8dac
1ff8dac
0042330
1fd04d0
001b7f0
1ffaf08
00058bc
00058bc
0011670
0015bb4
00350f6
1ffde3c
00023e7
00023e7
0013974
00000dc
1fe7580
0013a72
1fdf1bf
1fdf1bf
0009e14
1fe4cc8
1ff5ac5
1ff9305
0003cb4
1ff88ba
1ff3de4
1fe4cc8
1ff5ac5
1ff9305
1ff88ba
0003cb4
1ff3de4
0023250
001da10
0018008
0004bec
0004bec
1fdc4c0
1ffab60
1ffc390
1fe12a8
00066b4
00066b4
1ff0040
001a648
003b2e6
0010f84
0001b9d
0001b9d
0010b60
0008c30
0007d7e
001e7d8
0011407
0011407
0012e80
1fff38c
000546c
1ffa51c
1fe8cc7
1fd8da5
0010358
1fff38c
000546c
1ffa51c
1fd8da5
1fe8cc7
0010358
1ffeea0
00055b0
0003af0
000c0e0
000c0e0
1ffa540
0009bc0
1ff1c98
001ff20
001ae84
001ae84
0043e20
1ffb684
0016592
1fea536
1fe560c
1fe560c
00318a0
0013fec
1ff31e4
1fd2f00
0003e0a
0003e0a
000b528
1ff10f0
1ffded1
0017e05
1ffc583
1fe950b
000ae8c
1ff10f0
1ffded1
0017e05
1fe950b
1ffc583
000ae8c
001ee10
0006628
0012d40
00181a4
00181a4
1feb2e0
1fee8c0
0031f48
1ffa398
1ffafc8
1ffafc8
00403c0
00141bc
1ff2225
000dfe5
000e627
000e627
0012dac
00008d4
1ffd8e9
1fe9329
0015317
0015317
1fb2f4c
0020a38
1ff56ed
1ff60b5
1ff8dbd
1ff5b9d
1fe57bc
0020a38
1ff56ed
1ff60b5
1ff5b9d
1ff8dbd
1fe57bc
002abf0
1fd12c8
0002cd8
1ff7fd8
1ff7fd8
0054130
1fc7090
1fd1c70
000f870
1ffba20
1ffba20
1fd6fd0
000ede0
00dc919
1fef81f
1ff4cd0
1ff4cd0
1fcdc78
0047078
1ffbb9b
1feb86d
0009448
0009448
1fd63a8
1fe8b34
1ff7900
0003ac4
0010f13
0001e11
0020538
1fe8b34
1ff7900
0003ac4
0001e11
0010f13
0020538
1fea7f0
1ff8558
0002968
000b568
000b568
00359d0
0021460
1fd8958
000cfb0
00147dc
00147dc
0010a10
1fdec4c
1f3b47d
000b3ab
0005ca4
0005ca4
1fb01a8
00232ac
1fe6099
1fefa4b
00040c6
00040c6
000a120
1ffb53c
000dd3b
000b27f
000e366
1ff3088
001eabc
1ffb53c
000dd3b
000b27f
1ff3088
000e366
001eabc
0001560
1fee18c
000f214
1ff15d8
1ff15d8
1ff5390
1fe2300
0015008
1ffa000
00284fc
00284fc
0024dd0
1fe9e98
1fe28a2
000e3d0
000245d
000245d
00191cc
0036fc8
1fe1e0a
1fed4b4
1fe89bb
1fe89bb
0001ca4
1fec568
000661e
1ff3ef6
1ffc91b
1ff97d1
0003710
1fec568
000661e
1ff3ef6
1ff97d1
1ffc91b
0003710
006f590
001105c
1fcf554
1fee340
1fee340
002d090
1ff1d10
1fd8738
1fdf8d8
1ff4d10
1ff4d10
1ff6eb0
0006cec
01fa4f8
0007856
0014b3f
0014b3f
001a238
0032f14
000054c
00135fa
1ff868b
1ff868b
1fc9460
0013410
1fef21c
1ffb196
1ffa345
1ff416d
1fe32b4
0013410
1fef21c
1ffb196
1ff416d
1ffa345
1fe32b4
0012240
1fbc1c8
0003200
1ff1374
1ff1374
1ff1dd0
1fedfb0
0015e70
0065fd8
00482f4
00482f4
0074290
1ff1acc
0093ab8
1fc4d10
0000ce6
0000ce6
1fdf574
1ffaeec
1ff3fe8
0001b38
000b8f2
000b8f2
1fe182c
0029a44
1ff1470
1feaa1c
1fefa74
0000bd4
0005be8
0029a44
1ff1470
1feaa1c
0000bd4
1fefa74
0005be8
00205a0
1fe098c
1fee40c
000466c
000466c
00287c0
1fe11e0
002e0bc
1ff3824
1ff1fa0
1ff1fa0
1fafcf0
0030124
1fad2ee
0015554
1ff0a39
1ff0a39
0008540
1ff4b04
1ff102a
1ffb888
1ffca89
1ffca89
1fe87d8
000f344
1fe2d38
0010726
00147a9
001381d
000f3c4
000f344
1fe2d38
0010726
001381d
00147a9
000f3c4
0001320
1ff4758
1fda240
0013824
0013824
1ffef90
00694c0
00113b4
1ff3fbc
0020148
0020148
1faafd0
1fc96fc
1f89fe3
000a61f
0014d6b
0014d6b
0011378
00004d4
1ff6f5d
00084d5
1fee1ab
1fee1ab
0012278
1fe6058
0015e38
000c5c2
1fed7d4
1ff14e2
0001af0
1fe6058
0015e38
000c5c2
1ff14e2
1fed7d4
0001af0
1fcd650
1ff2fa0
1fd9598
1ff14b4
1ff14b4
0040370
1fd52f0
1fcb840
001ce48
1fdf9d4
1fdf9d4
001c030
0004a40
009f6d7
0011b81
000955a
000955a
1fc2964
1fe6548
00077e9
1ffb61b
0007a5c
0007a5c
1fe7a34
1ff53dc
0006f2e
1ff3054
1fedbff
0011a7b
00159ec
1ff53dc
0006f2e
1ff3054
0011a7b
1fedbff
00159ec
1ffa890
1fe0e5c
1fd8ffc
1fd84bc
1fd84bc
002dd20
0020960
0023d7c
1feac7c
1ff1534
1ff1534
1fba640
001de90
00c3e0d
1fee393
1ff46d6
1ff46d6
1fdf0e0
1fe7728
1febe2d
1ffd16b
0002f7a
0002f7a
0009f08
1ff60fc
1fed42f
002ca81
00027fa
1fe0af2
003771c
1ff60fc
1fed42f
002ca81
1fe0af2
00027fa
003771c
002d5a0
002fabc
0015e74
1fef920
1fef920
1ff6460
0080a60
1fbac28
1fd5ed0
0017e5c
0017e5c
0049d90
1ff40b4
1fcf2db
1ffe9c9
1ff3816
1ff3816
0013b30
1fc21dc
1ffca9f
1ff24f1
1fff4f4
1fff4f4
0012148
0007c78
000d171
1ffc1d9
1ff7dcc
1ff4e36
1fdddcc
0007c78
000d171
1ffc1d9
1ff4e36
1ff7dcc
1fdddcc
1ffb770
000f6e4
1fb0a84
1fdc194
1fdc194
0021a60
0037500
1fe456c
0003f84
0021378
0021378
1ff8f40
1fbf93c
1fb5687
00225bd
00103dc
00103dc
002482c
0002674
1fe9e3b
0007299
1ffd7a8
1ffd7a8
000f264
1fedea8
0011977
1ff78dd
0002b6c
1ff2680
0011098
1fedea8
0011977
1ff78dd
1ff2680
0002b6c
0011098
002d180
1fefdd4
1fecfb4
1fcf93c
1fcf93c
1fd0360
003d070
0002220
0044280
1ff9098
1ff9098
0027740
1fd508c
1ffc597
1fec0ab
1fffe99
1fffe99
1fd7120
1fe3dac
1ff2723
001c633
1fed89f
1fed89f
1fdb8c8
1ff458c
0020337
1fe478d
000ec2d
1fef153
000c6c4
1ff458c
0020337
1fe478d
1fef153
000ec2d
000c6c4
0019660
1fd57a0
00063e8
1ff3c04
1ff3c04
1fce700
1fb5fa0
1ff6408
00251d0
001f854
001f854
0028340
000573c
001ec23
1fef9f9
1fed66e
1fed66e
000d8c8
006b524
1fe56ef
0000eb1
1fe26b8
1fe26b8
00032f8
002a710
1ff31d1
1fde1c5
1ff1904
0000cfa
1feb138
002a710
1ff31d1
1fde1c5
0000cfa
1ff1904
1feb138
00e6a30
1fe53b8
0002b18
1fc7c58
1fc7c58
0034130
004cd10
1ffa7ac
1ffd094
0003a90
0003a90
00216d0
1ffaf20
00482bb
1fee893
000c093
000c093
1fdb9a4
0007a68
1feaf7b
1fed7e7
1fe5ab1
1fe5ab1
0008454
1fd6064
000e055
000e0c7
000ad3d
00173ab
1fd10a4
1fd6064
000e055
000e0c7
00173ab
000ad3d
1fd10a4
000de30
1fc4ae8
000fad8
1fe3e88
1fe3e88
004fdb0
1fc3e90
0005d4c
0027c64
0035c38
0035c38
1fb8ad0
1fdc99c
1ffd99d
1fe7f39
1ffebfb
1ffebfb
00043d4
1ff72ec
1fdea85
0003fdd
1ffdb95
1ffdb95
000ef44
1fe02ec
0013689
000062f
0001bff
1ff8c7d
1ffcb84
1fe02ec
0013689
000062f
1ff8c7d
0001bff
1ffcb84
002f490
1ff7c18
0014f98
1fdf2d0
1fdf2d0
1fe9750
1faecd0
0022bd8
1feb518
002ded0
002ded0
1fdf4e0
000baa8
003946f
003799b
1fe9371
1fe9371
1fee3ac
0008b98
1ff043f
1fdcd37
1ffbf8b
1ffbf8b
0011ff4
0017698
00067a9
1ffe68b
1fec639
1ffdc07
00241a0
0017698
00067a9
1ffe68b
1ffdc07
1fec639
00241a0
00436b0
1fbada0
1fe1f60
1fdf6e8
1fdf6e8
00917d0
1fea320
1fe0254
0023ed4
1fe46bc
1fe46bc
001c060
0023078
00b2a3a
0003160
1ffc6cb
1ffc6cb
001c06c
1ffe830
1ffa9a0
0000516
1fff16d
1fff16d
1feda6c
1feb594
0025b47
000f5e5
000f14e
0017756
1ffb5a4
1feb594
0025b47
000f5e5
0017756
000f14e
1ffb5a4
0017030
1f8cd60
1fe8690
1ff2df8
1ff2df8
005f360
00607b0
001a01c
1fe39e4
1ffd458
1ffd458
1ff55f0
1fdcf54
1f5ad2f
1fd2fb9
1ffe24e
1ffe24e
1fe2a2c
1ff9a1c
1feff6b
00075c1
00013e8
00013e8
0005f74
0013a78
1fea739
001b0a1
1ff3dba
1ff1924
0015cd0
0013a78
1fea739
001b0a1
1ff1924
1ff3dba
0015cd0
0064580
1fbc9e0
000b4b0
1fea168
1fea168
1ff5db0
0024440
0009540
001a618
001db3c
001db3c
005dd40
0009484
1feb9b7
00132b7
1fdf1ed
1fdf1ed
001bda4
1fc3ed4
1ff471d
0014679
000c43d
000c43d
1ff853c
1ff1fbc
1fffeb6
1feec70
1fea67a
000ef74
1ffda08
1ff1fbc
1fffeb6
1feec70
000ef74
1fea67a
1ffda08
1fcb610
1ffe0c0
0013f60
0028100
0028100
003d750
1fe5f20
001f9c8
002d708
00152d8
00152d8
1fde730
1ffdde8
01e8b92
1ff8b48
1ff1ae1
1ff1ae1
001a7ec
0000b00
1fcf790
000707e
00104db
00104db
0020fcc
000134c
00164f3
000249d
1ff4afe
000aeba
0016b14
000134c
00164f3
000249d
000aeba
1ff4afe
0016b14
1f7c460
1feca68
0013a60
00169ac
00169ac
001fed0
0024090
1fb5b68
1ff54a8
0013190
0013190
1fe4550
1ffad58
0071c72
1ffc8ac
1feb109
1feb109
0019728
1ffe488
000c784
0007b32
0003cc9
0003cc9
0005800
1fdf148
0000835
0017bd1
1ff7f38
000dba6
1ff770c
1fdf148
0000835
0017bd1
000dba6
1ff7f38
1ff770c
1fe18a0
0054bec
1ff3a4c
000f35c
000f35c
1fe1b70
0023f00
1fd6034
00122b4
1fdc53c
1fdc53c
1fc88d0
1fee784
1f8527e
0011310
000ab6b
000ab6b
002c640
1fee6e4
00072ba
1fdc564
00150d3
00150d3
1fe50a0
0004a9c
00111ec
1fe5666
00137d1
0007e51
000f2e0
0004a9c
00111ec
1fe5666
0007e51
00137d1
000f2e0
0002a10
0022a68
1fdc580
1ff5434
1ff5434
1fc2c80
1febba0
0014a00
0001658
1fdb0f4
1fdb0f4
1ff6440
1fe8700
1f898a0
1fef9e6
0005eeb
0005eeb
00173f0
001a638
0009eba
1ffb858
1ffcbd5
1ffcbd5
1fff348
000cfac
1ffe1b9
1ff46d7
0017a62
1ff77ca
1fcef2c
000cfac
1ffe1b9
1ff46d7
1ff77ca
0017a62
1fcef2c
1ff0e00
002e5a8
00015a0
0010bd4
0010bd4
002a1b0
0005ac0
1fe3118
1ff5e10
00055bc
00055bc
1fece20
1ff0bf0
007fa47
000501b
1ffa443
1ffa443
0022188
1fd6370
1fe7cad
1ffbf79
002246d
002246d
0029ac8
000d468
1ff895c
0007d38
1fefc54
1fea674
1fea4c0
000d468
1ff895c
0007d38
1fea674
1fefc54
1fea4c0
003ea30
1ff064c
1ff409c
0014954
0014954
0012920
1fd2330
000e8d4
1ffafec
1fea088
1fea088
0024a10
00178a0
00a43de
0003624
1fff3a7
1fff3a7
1fd9420
1fdee28
1ffd956
1fcb438
002ee7d
002ee7d
00013c0
0012804
1fffdc6
0001d32
0002dc7
1fff32d
1fcd448
0012804
1fffdc6
0001d32
1fff32d
0002dc7
1fcd448
001bd80
000d3ec
1fd37e4
000fca0
000fca0
0020260
001a9b0
000560c
00511d4
001f320
001f320
0076400
1ff4ea4
1fe02a7
1ffe609
1ffe0c6
1ffe0c6
1ff9118
0032bac
1ffd573
000cc35
000739e
000739e
0007758
1ffe5c8
1ff3c87
1ff2cd1
1fdde12
1fe6406
1feb998
1ffe5c8
1ff3c87
1ff2cd1
1fe6406
1fdde12
1feb998
1ff09f0
000cb08
1ff7360
002754c
002754c
0008ec0
1ff0b60
1fca574
00140d4
000599c
000599c
0002f80
00022f4
1f832ab
1ff452d
1ffc41c
1ffc41c
1ffe70c
1fd4124
0007bd1
1fe3f03
1ff4cba
1ff4cba
1ffc0cc
0034d2c
1fef936
000209c
0009447
1fd64b3
0027afc
0034d2c
1fef936
000209c
1fd64b3
0009447
0027afc
1fb9300
1ff8db8
00067b0
1ff943c
1ff943c
1ff8e20
002efb0
1ff9db8
003b368
1fc7130
1fc7130
000db30
0015414
0002c92
1fe8222
000c0d2
000c0d2
1fb6384
0022664
0007cd2
0002322
1ffc882
1ffc882
1fdb6ec
0027dbc
1feb694
0003e4c
000ade8
1ffd328
000d428
0027dbc
1feb694
0003e4c
1ffd328
000ade8
000d428
0044140
1fa28a8
0024d80
1feecd4
1feecd4
1ff2990
1fff670
001f2e0
1fe06d0
00082a0
00082a0
0032d20
001c1d0
000cca1
001a515
1fe31a5
1fe31a5
000e838
001bdd0
1ffde95
1ffe615
000c157
000c157
1ff7998
1ff4ea8
1fefca3
000ccd5
1ff1c8d
000023f
1ffc770
1ff4ea8
1fefca3
000ccd5
000023f
1ff1c8d
1ffc770
004d6b0
003809c
1ff6844
1fe49a0
1fe49a0
1feaa40
0063ee0
001302c
1fe892c
0018744
0018744
001f040
1fee998
004cb09
0009e47
1ff31d6
1ff31d6
1ff6cec
1fc9d50
000f3e3
1ff4245
00051a2
00051a2
1fdb2dc
0002fe4
0011192
1ffc722
0003b1f
1ff11b9
1ff33cc
0002fe4
0011192
1ffc722
1ff11b9
0003b1f
1ff33cc
1ffaa90
1ff7784
1fd22e4
1ff649c
1ff649c
1f8c500
1f7e910
0014398
0032c70
0008f0c
0008f0c
1f6b8b0
002a620
000db81
0002719
0005b27
0005b27
002f25c
1ff9c28
1ff5e27
1fd170b
0003c47
0003c47
1fd302c
001a184
1ff9836
1ffa494
1ff882c
1ffce6e
002671c
001a184
1ff9836
1ffa494
1ffce6e
1ff882c
002671c
0026c60
1fe8e2c
1fcf034
1fe33a8
1fe33a8
1fc7f30
00645a0
0021808
1ffc240
0008e7c
0008e7c
1fa8fb0
00220ec
1ff4ee8
0016ee6
0001a21
0001a21
0017a64
1fdd9d4
1ff83c4
00105fa
001351d
001351d
1fed30c
0017110
1ffb394
000590e
1ff3ddb
0004007
1ff8b08
0017110
1ffb394
000590e
0004007
1ff3ddb
1ff8b08
1fcb720
1fe18d8
1ff6b28
0017b28
0017b28
1ffad40
1fee6c0
1fe9b5c
1feb78c
1fe1c34
1fe1c34
00044f0
004e7fc
00ddd4d
0012135
1ff8383
1ff8383
1fefef0
1fc06f4
00148bf
1ffdf93
0005b4f
0005b4f
1fbcaf8
1ffb878
000ed64
1feeed2
1fcc5a6
0022758
00172e4
1ffb878
000ed64
1feeed2
0022758
1fcc5a6
00172e4
001c040
1fe4bd0
1feff40
0020078
0020078
1ffbaa0
1ff90e0
00122a8
001cb78
0011538
0011538
1febc70
0036b00
1eff087
1fe80b5
1ffcac6
1ffcac6
002f9a0
1fc3958
1ff303f
0021cb9
1ffb0d8
1ffb0d8
001a7b8
1ff53c4
000dba1
1fed299
0002226
1fecbc0
1ff8ecc
1ff53c4
000dba1
1fed299
1fecbc0
0002226
1ff8ecc
1fe3820
00405c4
003a844
1ffab1c
1ffab1c
1fc0370
1fffed0
0001584
1ffa73c
1fe8930
1fe8930
0035910
1fdf3b4
1ff9862
1ffd1ce
1fec56e
1fec56e
1fe2278
1fe72cc
1ff5aa6
001f6f6
0006a54
0006a54
0022070
1feead0
000a124
1ff882e
001c176
0001098
1ff3444
1feead0
000a124
1ff882e
0001098
001c176
1ff3444
1feebe0
0018228
1ffe8d0
000acdc
000acdc
1f8b120
1f57e40
00116b4
00115dc
000c2d0
000c2d0
1fb1ed0
00210d4
01ccebf
1fee219
000a3b0
000a3b0
0010580
0019074
0015fb3
0006b09
1feca3a
1feca3a
1fd5d08
0003aac
1fffecb
1ffff8f
1ff2e5a
1fec7e8
0020994
0003aac
1fffecb
1ffff8f
1fec7e8
1ff2e5a
0020994
004c510
003c384
1fd17bc
1ffd040
1ffd040
0011790
0065f00
1ff9148
1fd9b10
1feb45c
1feb45c
1fa65e0
1fe7dfc
00715b4
1fed4ba
001714f
001714f
002aa64
1feb144
1ff5194
1ffa692
1ff4c4b
1ff4c4b
00230c4
001e180
1fe56f0
0015f5e
1ff5067
000c987
001c004
001e180
1fe56f0
0015f5e
000c987
1ff5067
001c004
0045be0
1f7c198
0012770
1fe4f04
1fe4f04
1ff0c10
1fb7ce0
1ff4ae4
1ff39e4
1fedadc
1fedadc
0008fd0
1ff92bc
1f9186a
1ffb642
00075a2
00075a2
1fe8c10
003ea84
1fe2266
1fec562
0006fc4
0006fc4
1fe5300
0025ae0
1fc1af4
000551a
1ffe7d2
1ff1660
0013e70
0025ae0
1fc1af4
000551a
1ff1660
1ffe7d2
0013e70
1fdbd70
1fcae2c
003531c
001af24
001af24
1ff7610
1fe32f0
0003a4c
000a3cc
1fdbf7c
1fdbf7c
1ffe9e0
001fe1c
1f7e2ce
000f9ba
0010c94
0010c94
00042c8
000ce34
1ff9d9c
0004b5c
0006630
0006630
000c200
1feb220
0002955
00144ab
1ffd01f
1ff4fbd
00108ec
1feb220
0002955
00144ab
1ff4fbd
1ffd01f
00108ec
001a000
1ffe9ec
000c994
000b910
000b910
0024b60
00411c0
0000c20
1fe6068
1ff8c1c
1ff8c1c
1ff9100
001ae70
009d4ba
1ff38d4
0012889
0012889
1ff5694
0015138
1fc6838
1ffe8da
001197f
001197f
1ff38bc
1fd9cbc
000da75
0001a6b
000e43c
0007b64
0018cf8
1fd9cbc
000da75
0001a6b
0007b64
000e43c
0018cf8
1ff9df0
1fcc288
002db38
1ffa3f0
1ffa3f0
00151f0
1fb5030
1fefc58
001e5a0
000bac4
000bac4
1fd20c0
1fe79e4
009cd88
0015716
1ff5467
1ff5467
1fedd3c
0008d34
001856a
1fecb28
0010ae9
0010ae9
0013684
1fed4e4
1fef637
1fdf9fd
1fec662
002619a
0021f80
1fed4e4
1fef637
1fdf9fd
002619a
1fec662
0021f80
0011840
000e168
1feb628
00285d0
00285d0
001c4c0
0021da0
0024f34
1fbe184
0000f94
0000f94
0052ce0
0008d10
1fe7f4a
1fe58f0
1ffd947
1ffd947
1ff11d4
1ffc748
1ff3c48
000bd12
00098e7
00098e7
1ff1cb4
00068b4
0004473
1fee95f
1ff4838
1fdfb8e
1fddb4c
00068b4
0004473
1fee95f
1fdfb8e
1ff4838
1fddb4c
0015d30
1f9a928
00116f8
0018b88
0018b88
0002510
0004380
1fd2aa4
0018824
1ff2964
1ff2964
1ffda50
1ff8ddc
1fb5a89
0004f4d
1fef8eb
1fef8eb
1ff9e04
0010cbc
1ffbe49
1ffcf79
1ffd801
1ffd801
001517c
002083c
000867f
1fffa4d
1fee323
1ffedb9
1fcba78
002083c
000867f
1fffa4d
1ffedb9
1fee323
1fcba78
1fbb330
001c0ac
0027c04
0026228
0026228
004c140
1f72e60
001e338
0037050
0017324
0017324
0021480
1ff06b4
0025a3a
1ff5536
1fe8884
1fe8884
1fd4930
0017bec
1fed052
0011b12
1fdf702
1fdf702
1ffd978
1fead28
1ff75c0
1ffe3ca
0015bd0
1fef73e
00118fc
1fead28
1ff75c0
1ffe3ca
1fef73e
0015bd0
00118fc
1fdec70
1f6c2d8
0054410
1fe6bcc
1fe6bcc
007b5e0
1ff65b0
0028c88
0018678
000e848
000e848
001eea0
0013000
0041dc7
1feaa85
1ffdb0a
1ffdb0a
1fd6e44
1fd29a0
1ff5ae5
1fe2353
0029464
0029464
0008b5c
000c888
1ff27c4
0000026
1ff9437
1feebe7
001c660
000c888
1ff27c4
0000026
1feebe7
1ff9437
001c660
1ff8530
003138c
001f814
1fe5c60
1fe5c60
1fe48c0
1fe27f0
1fe45a0
000d9f0
002b808
002b808
1fcc060
1fffed8
001414c
1ff1f50
1ff706c
1ff706c
0049520
1ffa1a0
1fe4258
1fef128
0008df2
0008df2
002dfa8
1ff545c
000bebe
000c400
1ff3a54
1ff5802
1ff2b94
1ff545c
000bebe
000c400
1ff5802
1ff3a54
1ff2b94
1fe92c0
005e668
001a128
1ff8898
1ff8898
1fd1d00
1fe0fd0
00290e8
0069a48
1ff5ed0
1ff5ed0
00031f0
0004e3c
000a1ef
1feda29
1ff7046
1ff7046
1fe8d78
0012b74
1ff6dab
1fdc971
000b354
000b354
1fc7dc8
000a558
1ff6193
1fed9e3
00040ae
1ff9ee8
1fd7fd0
000a558
1ff6193
1fed9e3
1ff9ee8
00040ae
1fd7fd0
00580d0
1ff9318
1ffed18
0008b48
0008b48
0003a90
004d8a0
0026a20
0028f80
0012238
0012238
0052220
1fbe2b0
00252b6
1fffb98
000c6df
000c6df
1fc3dcc
1fef3d0
000a478
1fda23a
1fffc49
1fffc49
1fea06c
0027740
0002207
1ffa309
1fdda92
0009b46
000c104
0027740
0002207
1ffa309
0009b46
1fdda92
000c104
00366e0
1ff1a74
1ff6a74
1fe3d3c
1fe3d3c
001d5e0
003b780
0003550
0023118
000859c
000859c
0004b50
1ff7d40
00ae688
00189c6
000d73d
000d73d
003ace0
0027fd8
1fee40a
1ff8f1c
1ff2a95
1ff2a95
1fcabf8
1feca54
0009b71
0034c0d
1ffe310
1ff0a1e
003c624
1feca54
0009b71
0034c0d
1ff0a1e
1ffe310
003c624
1feb090
0030d90
1feeaa8
000cc04
000cc04
1fde680
1fa1400
1fd8bc4
1fffadc
1ff7468
1ff7468
003c2e0
0001080
1f4da91
0015d23
0006ec4
0006ec4
0011018
00356a8
002a19f
1fef81d
1ffc990
1ffc990
001db58
000b0f4
000a04c
1fed3e0
1ff7819
1ff4607
00046d8
000b0f4
000a04c
1fed3e0
1ff4607
1ff7819
00046d8
1fa6960
0033620
0026660
0006ff8
0006ff8
001e250
1fadbc0
001e6cc
0002fe4
0012e18
0012e18
1fe2050
00351a0
1fd84bb
0009e6d
1fd8a00
1fd8a00
000a7d4
002b458
0015d35
000b793
1ff9f3c
1ff9f3c
1ff2f84
1fe876c
00119f2
1ff8f22
1ffefe3
1ffcfcd
0000d84
1fe876c
00119f2
1ff8f22
1ffcfcd
1ffefe3
0000d84
1fd24c0
001bd3c
1fed65c
1ffd494
1ffd494
1fc8290
1ffbaf0
1fdc0f4
0007d0c
0027b70
0027b70
1fd5950
1fe83c0
0236c46
1ff576c
00028b9
00028b9
1ff72bc
1fd3300
0023e7a
0004f90
0000c75
0000c75
1ffa66c
00141f8
000c2e4
1ffa68e
1fe7c2d
1fe5995
000a764
00141f8
000c2e4
1ffa68e
1fe5995
1fe7c2d
000a764
003cb60
000b818
1ffcc58
1fe01b0
1fe01b0
1ffb200
1fdc580
1fdd530
1ffb310
0022a70
0022a70
1f8b960
000ab28
005127f
1fd85f7
1fea053
1fea053
1fcc380
1ff5710
1ff3e23
1ffef13
000ec47
000ec47
1ff2a50
1ff3c1c
0003c37
000c5db
1ffc99d
1ff6159
000b1f0
1ff3c1c
0003c37
000c5db
1ff6159
1ffc99d
000b1f0
0002600
0007868
1fdf9b0
1feff5c
1feff5c
0053ef0
005f360
1fa9b3c
1ff59e4
1ffbc78
1ffbc78
1fe0c30
0005800
1f98e62
000541e
00134a2
00134a2
1ffbb18
1fe3000
0017872
1fde88e
00027da
00027da
1ff4980
1feac50
00195ac
1ffbbb4
001a1be
1fe0e26
000663c
1feac50
00195ac
1ffbbb4
1fe0e26
001a1be
000663c
00249b0
000c240
0021680
1fd5fa8
1fd5fa8
1fff8e0
0032530
1ffced0
1fe78f8
1fe86d4
1fe86d4
0055df0
00348c4
1f6dc30
000e8fa
000cc1b
000cc1b
1ffe50c
001b11c
000bcf6
0005cc0
1ffde65
1ffde65
0010f64
0002240
00191af
1ffb8b9
1ff653a
1ff199e
1feb488
0002240
00191af
1ffb8b9
1ff199e
1ff653a
1feb488
0041540
001a3ac
1fda6bc
000f28c
000f28c
0010fb0
1fdebd0
0038fb4
1fdafb4
004071c
004071c
1faa3e0
1fec274
00a11c4
0010890
000e9f6
000e9f6
0023d14
1ff650c
000abde
0012aca
001107c
001107c
000fef4
00021a0
00019cf
1fefdd3
1fe1e69
1fe554d
1ff762c
00021a0
00019cf
1fefdd3
1fe554d
1fe1e69
1ff762c
0028900
1ffc480
001b238
1fea0a4
1fea0a4
1f94120
1fd1410
0001404
1fe74f4
0022534
0022534
1fe24d0
1fff640
00a4efb
1fee31b
000b2af
000b2af
1ff87e8
1fe6ab0
000a55d
003da35
1fe6325
1fe6325
0027d00
1ffe548
1feb15a
0001922
1fdd8bc
1fe7ea8
002218c
1ffe548
1feb15a
0001922
1fe7ea8
1fdd8bc
002218c
1fed230
1fe7930
000bad0
1ff4278
1ff4278
000ffe0
0044ff0
1fd68ec
1ff3624
1fef5c8
1fef5c8
0015d70
1fe5c3c
1ffb1d5
1fd4e37
000be3c
000be3c
1fb3ff0
003a5b4
1ff3875
1ff80db
1fd9482
1fd9482
1ff93a0
1fdfb18
000de43
000b433
0011726
00136b8
1fe40a0
1fdfb18
000de43
000b433
00136b8
0011726
1fe40a0
005a0d0
1fcc288
0008de0
1fe11c4
1fe11c4
006ca10
00491f0
1fcec34
1fdac24
1fe0f74
1fe0f74
0043320
000be18
1fa4ea2
0009b82
00165a2
00165a2
1fdc024
1ffb2f0
1fff120
002b1d0
0015910
0015910
001d794
1ff1844
0012291
001f379
1ffde9f
001663b
1fee464
1ff1844
0012291
001f379
001663b
1ffde9f
1fee464
1fbec00
001a094
0006e8c
004b5c8
004b5c8
0071650
1fadae0
1fed8ac
1ffebac
1fe7f44
1fe7f44
0042490
00159d8
001b386
0035a0c
1ffb923
1ffb923
1ffcc64
1ff2dc0
0014a00
1ff617a
000fe37
000fe37
1ff4244
003807c
1ff522b
1ffabb7
1ff17be
1ff8fb8
000b224
003807c
1ff522b
1ffabb7
1ff8fb8
1ff17be
000b224
1fd1370
0008d80
1fd64c8
1ffae14
1ffae14
1fcd620
001f610
001cd80
1ffdd78
1fdd8d4
1fdd8d4
1fd8510
001ce88
00128d0
00035e4
1ffeac0
1ffeac0
1ff84e8
1fbf4a8
0009d24
00185e0
1ff81e0
1ff81e0
0006d10
1fef040
00153b4
0002a98
00149ca
1ffbbde
1ff2ca4
1fef040
00153b4
0002a98
1ffbbde
00149ca
1ff2ca4
1fc7af0
1fd8538
1fd4360
1ff27ec
1ff27ec
1ff7100
0015cd0
0015148
1fd4730
00040e4
00040e4
1fe8a40
004a57c
003c13b
00051cd
1ff121c
1ff121c
001b970
0020b84
001282d
0007063
1ff799c
1ff799c
0039718
1fff2b0
0007908
0005658
0007bf9
000b463
1fe6b1c
1fff2b0
0007908
0005658
000b463
0007bf9
1fe6b1c
0004e50
0018614
001ab3c
1fddaf8
1fddaf8
00313b0
0023100
0001ef4
0010bd4
1ff3f4c
1ff3f4c
0017af0
1feca58
0012a61
1ff47ab
000a464
000a464
1fc91f8
1fcb5e8
0005b03
1ffcf1d
000ecc2
000ecc2
1fd5fc8
1fe9fc8
1ffc6cc
0005b66
000182f
1fee02b
0006728
1fe9fc8
1ffc6cc
0005b66
1fee02b
000182f
0006728
1ff8ed0
00083dc
001487c
1ff1cec
1ff1cec
1fe9d20
0002d50
0043bfc
000b53c
1fe8994
1fe8994
1fb2560
1fc4ba8
0013c98
0021d04
1ffbfc4
1ffbfc4
00725f0
1ffce58
1ff10a8
000bea8
1fff546
1fff546
0015498
1ff4500
0008bb6
1fe52d4
00095f6
000c5e8
1fe71ac
1ff4500
0008bb6
1fe52d4
000c5e8
00095f6
1fe71ac
1fd5340
1ff17dc
1ffe624
0008a30
0008a30
1fa3980
002f370
1ff9748
0024610
1ff775c
1ff775c
1fe9600
002ba68
00b5235
1fd8769
1ff7209
1ff7209
0004558
0014b10
1fecda3
000c0fb
0010bb5
0010bb5
1fe9410
1ffacec
1ff98a8
1ffa656
000afb4
1ffef62
0033f5c
1ffacec
1ff98a8
1ffa656
1ffef62
000afb4
0033f5c
00360d0
1ff2fac
0014774
1fe9cf8
1fe9cf8
0073290
00281f0
1fe55a0
00012f8
0022e6c
0022e6c
1fcf4d0
001b9c4
1f6689e
1ffd202
000a7d4
000a7d4
1ff0aa0
1fbe4cc
000d604
1ffa5d8
000a3d2
000a3d2
00173c8
1feb230
0001d2d
000917d
1ff1243
0009507
0003dcc
1feb230
0001d2d
000917d
0009507
1ff1243
0003dcc
0028cf0
000f8f8
1ffa700
1feee24
1feee24
1fff560
00032e0
1fed6a0
000f800
001c810
001c810
002b270
1fd3e78
1ffb0af
00037d1
000707a
000707a
1fef430
1ffd568
000e1f5
000f4f3
000640e
000640e
00151a8
0005ab0
1fff56e
1ffb94a
00075dd
1ff27f7
1fe4a44
0005ab0
1fff56e
1ffb94a
1ff27f7
00075dd
1fe4a44
1fa8200
00120f0
0016370
1ff4c80
1ff4c80
1f9d1c0
0009790
1fe4d24
1fca6fc
0016dc8
0016dc8
0030b20
001a46c
020efc3
0006575
000ac88
000ac88
00091e0
1ff5cf4
1ff9fdd
00035c7
0003d62
0003d62
000a700
0008458
1ff7322
000ce60
0012b07
0002a1f
1fe8ad8
0008458
1ff7322
000ce60
0002a1f
0012b07
1fe8ad8
000cf20
00144ac
002b89c
1ff7134
1ff7134
1ffc430
1f5c080
0036798
001bd78
001df60
001df60
0068340
001b3c4
0091f4d
1ff5781
00048a9
00048a9
0009cc0
000fd24
1fea30b
0007373
1ff887d
1ff887d
1fdc768
001d6fc
1ff7b8e
00115d8
00078f6
000a6c8
003ab8c
001d6fc
1ff7b8e
00115d8
000a6c8
00078f6
003ab8c
1fd9b00
1fad90c
004155c
0020d74
0020d74
1fb3e30
1fb4ff0
0008c7c
1fd36f4
000ee10
000ee10
00001b0
000be94
1f9a6e7
1ffba37
1feda2f
1feda2f
1fe3588
1feea0c
1fe3261
000c169
00018f1
00018f1
0008368
0021d40
1ff4060
0004a30
1fe48d6
1fe76ae
0005ca8
0021d40
1ff4060
0004a30
1fe76ae
1fe48d6
0005ca8
1fa38e0
001ec40
1fdfe60
000d0c8
000d0c8
1ffd4a0
0048fc0
1fd824c
0011d2c
1fec85c
1fec85c
1fa8c90
1faca2c
1f97cdb
1fed7d1
0007abe
0007abe
003b9d8
0017534
1fe68b7
1ff9211
00017f4
00017f4
0011e90
1fe6a10
0009a7f
1fe90eb
0002a72
000ec20
1ffa99c
1fe6a10
0009a7f
1fe90eb
000ec20
0002a72
1ffa99c
0072790
000acd8
0018838
1fefb58
1fefb58
1fb2460
1ffddc0
00199f4
004c19c
0024418
0024418
1fb5320
00256f8
009fa75
00012b7
000c32a
000c32a
000f47c
1fea3c0
0046ee1
1fe6637
1ffd418
1ffd418
0036e64
1fff94c
00042d9
0017451
1ff7ba0
1fd857a
0004040
1fff94c
00042d9
0017451
1fd857a
1ff7ba0
0004040
1fc0390
0022890
00392e8
1fee33c
1fee33c
0006030
1fcf3f0
1fe8bf4
1fc46b4
0014d04
0014d04
1fcdf90
0013168
00a1020
001359e
00120ef
00120ef
1ff0458
1fd4bb8
0019570
1fd601e
0019157
0019157
1fed8c0
0000ec0
1ff2dbe
1ff1e14
1fed35d
000b025
000ce8c
0000ec0
1ff2dbe
1ff1e14
000b025
1fed35d
000ce8c
1fe3ce0
1fe82a8
1ff8e38
1ffc848
1ffc848
1fd54b0
1fc66c0
00028f4
00229dc
0001d60
0001d60
0021070
1ffd3f8
0008680
1ff9280
0009fd2
0009fd2
0014f1c
1fe8460
1ffe7b8
1ffeab4
1ff8670
1ff8670
00142c4
0021b64
1ffde4e
1ffb934
000f3b6
0009800
000ba98
0021b64
1ffde4e
1ffb934
0009800
000f3b6
000ba98
006d960
000ad84
1ff9ffc
1fe41b8
1fe41b8
1fc7a70
1ff4750
002965c
0020484
1ffc298
1ffc298
1ffca00
1ff7a58
1f8b50b
1ffcbcb
000c917
000c917
0001c08
0000eb0
1ffcdbf
1fe8e33
0015321
0015321
1fed3d0
00176c4
0006bc5
0004bb3
0007285
0008927
1ff7edc
00176c4
0006bc5
0004bb3
0008927
0007285
1ff7edc
1faec70
0004af8
1ff46c0
002b224
002b224
1ffef40
00055d0
1ff3204
1ff68ac
0002328
0002328
1fa2e20
1ff4c34
1fe9415
004c1c5
1fe9be3
1fe9be3
0041ef0
00194c4
1ffe6d7
000e47f
1ffcf31
1ffcf31
000bb58
1ffff74
0007a40
1fdd70c
0008f7c
1ffbe04
0004f34
1ffff74
0007a40
1fdd70c
1ffbe04
0008f7c
0004f34
003b2d0
1febfbc
00038ac
1ff986c
1ff986c
1fe8390
1fdfcb0
1fd47dc
003609c
1fde10c
1fde10c
1fb6cf0
1fe45e0
00067f7
000199d
0005cdc
0005cdc
00072f0
000e898
0010565
1ff8543
000b026
000b026
001a310
0017d54
0008aa4
1fe6c06
000a90f
1fef42f
0021ce8
0017d54
0008aa4
1fe6c06
1fef42f
000a90f
0021ce8
0053370
001d0b8
002a668
000e128
000e128
1fd1a60
00052a0
1ff60b8
1ff9ae8
1ff4728
1ff4728
1fe6320
1fd4dd8
0043ee7
0017dc3
0018313
0018313
0014830
1ff7238
0013853
1fdf107
000088f
000088f
002ee58
000c090
0013d95
1ffb041
0012351
1ff36f5
0011e5c
000c090
0013d95
1ffb041
1ff36f5
0012351
0011e5c
002ded0
00621d0
1ff2bc0
1fe0a18
1fe0a18
1f7b800
0010a10
1fec4e8
1fe1d80
1fed8ec
1fed8ec
1fb3820
0024980
0005b6c
1ff130c
000b134
000b134
1fba46c
00129c0
1ff06fc
1fdcdf8
000c61e
000c61e
1fd194c
1ff82f8
001eca4
1ff7d26
1ffeda0
1ffea6e
001c7c4
1ff82f8
001eca4
1ff7d26
1ffea6e
1ffeda0
001c7c4
1ff07b0
0004ce4
1fa567c
000cdb0
000cdb0
0003ac0
0003810
003f500
1ff10f0
00013e0
00013e0
00490d0
1ff3df8
000b291
0014353
0001688
0001688
0002a3c
1feea48
0014e19
1ff0f6f
0003da2
0003da2
1fc462c
1feded8
00112d7
0016ae3
000273a
001385c
0008214
1feded8
00112d7
0016ae3
001385c
000273a
0008214
0002340
1fe4a80
1ffeed8
0013ccc
0013ccc
1ff8430
002e630
000c9ec
1fe941c
1fe6f6c
1fe6f6c
0016990
0018008
0090f38
0027eb2
1fe09cb
1fe09cb
0032b9c
000f898
1ff942a
0001160
00006f3
00006f3
0000dcc
1fe21d8
1fe3caf
1fe1a0f
1fe9e18
000538a
1fe47f4
1fe21d8
1fe3caf
1fe1a0f
000538a
1fe9e18
1fe47f4
000a1d0
0040834
1fb4adc
001b5b8
001b5b8
1fca380
1ff7f60
1ff0f04
0005914
0021dcc
0021dcc
1fee4e0
0017664
1f2e257
0020459
1fe86ea
1fe86ea
000e9d8
00277ac
1fec729
1ffe38f
000b24a
000b24a
0017f00
000cd18
0004c26
1feffbe
1ff1623
0007929
000ffc4
000cd18
0004c26
1feffbe
0007929
1ff1623
000ffc4
003d690
0022d04
1fd5844
1ffdd5c
1ffdd5c
1fbe010
000fc90
0014134
0047734
00075dc
00075dc
1ff0080
000fdd0
1fe712f
0006493
0001f47
0001f47
1fd3a30
0054068
1febf5f
1fd1aa3
1fecf87
1fecf87
1ff1ba8
1ff2efc
1ffe18f
1fffc6f
00040b9
000f3d9
00289bc
1ff2efc
1ffe18f
1fffc6f
000f3d9
00040b9
00289bc
0002a10
0005610
1fdbf08
1ff4b14
1ff4b14
1fd9900
00246e0
1fcee0c
0014fb4
00206c0
00206c0
1fd1dd0
0004398
020f9be
1ffb0ba
1fe28e6
1fe28e6
1fee74c
1fac470
003235a
000cbca
0011b60
0011b60
0029fac
000936c
000d620
1ff1cb2
0001d88
1ffed02
0005a64
000936c
000d620
1ff1cb2
1ffed02
0001d88
0005a64
1fc7620
000e994
1febf84
00177b4
00177b4
00206c0
1fc6820
00666f8
0022b38
0002088
0002088
00028f0
0008744
006dcc5
0000ed1
1ff240b
1ff240b
1ffdf48
0005c34
1ff95af
1ff88c7
000b183
000b183
1ff5978
0030ddc
1fca88c
1ff6016
0000890
0011f5a
0000820
0030ddc
1fca88c
1ff6016
0011f5a
0000890
0000820
1fbbc90
0038748
000c160
1fefeac
1fefeac
1f9d1f0
1fd2d70
0009eec
0008f2c
1febfb4
1febfb4
004c310
001323c
1fa4125
1ff6c3d
1ff20f3
1ff20f3
1ff712c
0041f9c
00073d3
00068ab
1ff7ae1
1ff7ae1
0014ef4
1fefa9c
1feeb04
000e980
001436c
0015f94
1ffb2c0
1fefa9c
1feeb04
000e980
0015f94
001436c
1ffb2c0
1ffcf30
1ffa5b8
00458f8
1feabe0
1feabe0
006a170
0035ae0
1fef800
1ff1be0
1ff3de8
1ff3de8
1ff9920
1ffb1e0
1f88849
0009199
000022b
000022b
1ff372c
1fde990
1ffd827
0003bbf
1fff37d
1fff37d
0003844
1fef148
00015c8
00229c8
1ff6628
1ff9f8c
1fef538
1fef148
00015c8
00229c8
1ff9f8c
1ff6628
1fef538
001ad30
1fe692c
0006d7c
1ff88c4
1ff88c4
005fa80
0062f40
002b2e8
1fafaf0
1ff809c
1ff809c
0014750
0015b00
009a985
1fef9e3
1fee140
1fee140
1ffe6a4
1ff83a8
1febd3f
000d315
001aace
001aace
1fd3da4
1ffe4cc
1ff915e
1ff5f1c
1ffde7f
1ff138b
1fd26bc
1ffe4cc
1ff915e
1ff5f1c
1ff138b
1ffde7f
1fd26bc
1fe59e0
000a18c
00063fc
001f52c
001f52c
00427a0
1fd2090
0032c70
00410c8
1fea1dc
1fea1dc
00078e0
1ff7090
00a10a1
1fe6043
1ff09e6
1ff09e6
1fdc5ac
000fcd0
1fff5b9
00100af
001ecf8
001ecf8
003088c
0014ba8
1feb14d
1ffe091
1ff0542
000ee44
0049ea4
0014ba8
1feb14d
1ffe091
000ee44
1ff0542
0049ea4
002f780
002b37c
00275f4
001f900
001f900
004dc70
1fe2b40
1fe04a8
1ff8430
002986c
002986c
0060de0
004ae20
1fd4bcd
1fd86a5
0011dc7
0011dc7
002e4b0
1fe3ca8
002023d
000df4d
000f67b
000f67b
1fd8810
0016cdc
0000df1
1feff05
1fea577
00059cb
1feccc0
0016cdc
0000df1
1feff05
00059cb
1fea577
1feccc0
1fc3da0
001af58
00207d8
001c888
001c888
1fc5f60
1fec1b0
001418c
1fe7d64
1ff44d0
1ff44d0
005a860
0020340
1f9c9cc
000554c
1ff177e
1ff177e
0001300
1ff4000
1ff1fc0
001fc20
001681e
001681e
1fe4d78
1fd06c0
1fffe9e
1ffac16
0011fea
00009c2
1fef544
1fd06c0
1fffe9e
1ffac16
00009c2
0011fea
1fef544
1f829c0
1fe7cb4
000218c
002c408
002c408
1f97230
0039990
1ff0978
1fd7228
0001c20
0001c20
1f910d0
1ff541c
1ff57d2
0011aa0
0008759
0008759
0012cec
003d55c
1ff6060
1ff321a
1ffb5f5
1ffb5f5
1fe47b4
1ff038c
0009edf
000de33
000b70a
1fffbb8
1ffa670
1ff038c
0009edf
000de33
1fffbb8
000b70a
1ffa670
0003740
003698c
0014344
0004fc8
0004fc8
0017d90
1fe01b0
1fd3ec8
000c9c8
000f6d8
000f6d8
0058ec0
1fcd8dc
0048a62
1fff76a
00211b6
00211b6
1fef1e4
002c734
1fdf036
1ff38e2
00107a4
00107a4
1fefbb4
0025130
1ff95d8
1ff0d62
1ff3caa
1ff84b8
1fd3c9c
0025130
1ff95d8
1ff0d62
1ff84b8
1ff3caa
1fd3c9c
0068f10
1fe7774
00073ac
0002ae0
0002ae0
1fef780
00199a0
00003a0
0035528
1fe46d4
1fe46d4
008ca20
1fee4d4
0051c6b
00001ad
1ffff58
1ffff58
1fff078
1fd5864
001d739
1ff7ebf
1fe98a4
1fe98a4
1fc5dd8
002b8cc
0010fd6
1ff867a
001d679
0008513
1ff7230
002b8cc
0010fd6
1ff867a
0008513
001d679
1ff7230
1fce420
001fc14
0032f8c
1ffb510
1ffb510
0002250
1fe78f0
1fe5d6c
1ffe68c
1ff08e4
1ff08e4
0006640
000740c
001f537
000dd69
0010c20
0010c20
000f9ec
00078b4
0003b99
1fd83d3
1ff7996
1ff7996
1ffc944
1fe96a0
1ffb9a6
000bdc8
000ab1b
1ff75d3
00240f0
1fe96a0
1ffb9a6
000bdc8
1ff75d3
000ab1b
00240f0
003fbb0
1fe4dd4
1fc1144
1fffcd4
1fffcd4
000fed0
0003330
1fd8ce8
001b870
1ff2a7c
1ff2a7c
006c8d0
0050514
002f46f
1ff2a8b
001b5bd
001b5bd
1fbc170
000ba14
1fcd961
0014add
1ffaaaf
1ffaaaf
1ffe380
0003494
1fec88a
000561a
0002294
000f508
00070b8
0003494
1fec88a
000561a
000f508
0002294
00070b8
1fffed0
1fe4e30
1ff5e60
1fda380
1fda380
002db30
1ff7d40
1fe67a0
1fed388
000ca54
000ca54
1fd8860
1fc97e0
00c8840
00155e4
0003742
0003742
1fd250c
1ff2660
0007cfa
0006d42
1fff192
1fff192
000094c
1fe1ac8
000374d
000699b
001c259
1ff914b
1ffde4c
1fe1ac8
000374d
000699b
1ff914b
001c259
1ffde4c
002b070
004bdd4
1fefabc
1fd5540
1fd5540
006ec20
0019140
1feb63c
002fa1c
1ff983c
1ff983c
1fe3f70
1fcd00c
1f0ecaa
003809c
000a843
000a843
0017a50
1fff944
1ff5be8
0006b9a
1ffe799
1ffe799
0005988
0013750
1ffc5a1
1ff9613
1feee34
0000ed0
1fe1fdc
0013750
1ffc5a1
1ff9613
0000ed0
1feee34
1fe1fdc
0082740
1fdd8c0
1feb150
1fff970
1fff970
1fb85e0
003b6e0
1fec178
0003578
1ffe338
1ffe338
002f300
0000cb4
1fd9873
0021dad
0005e44
0005e44
0000420
001c18c
1fece61
1ff8b5f
1feb560
1feb560
1ffb9b8
001fc88
0009a26
1ff8bfe
1ff68c3
0003efd
1fe8dac
001fc88
0009a26
1ff8bfe
0003efd
1ff68c3
1fe8dac
00185c0
1fff2cc
1febed4
1fec528
1fec528
00768b0
1fa7ef0
002ddd4
00173dc
1ff5dd0
1ff5dd0
0014430
0033c14
01cf285
000138d
1ff9a7d
1ff9a7d
1ffa134
1ff58c4
0005c8f
000f3cb
1ff178d
1ff178d
000837c
002c0a4
000ab06
1ff25d8
0006bae
1ffdd9c
00046d8
002c0a4
000ab06
1ff25d8
1ffdd9c
0006bae
00046d8
000d8f0
1fcfd90
1feb1d8
1fec82c
1fec82c
0015b50
1ff1790
0042d38
001d298
1fe9de0
1fe9de0
1ff7e40
0018c10
007b689
0010c77
1fff7f2
1fff7f2
000c00c
0011f20
1fe3ec5
1ffd2cf
0008b78
0008b78
00048ec
000b098
1fca243
1ff02ff
1fff218
0008512
001cc7c
000b098
1fca243
1ff02ff
0008512
1fff218
001cc7c
1fa2b60
001fdc8
1ff8c70
0014b5c
0014b5c
00188a0
0067e20
00002e8
00118e8
1ffb400
1ffb400
1fdf590
0000bc8
1f95aa1
002ab9f
00014ec
00014ec
0006974
00134c0
0007931
1fc5e83
1ff32ba
1ff32ba
1ff5b2c
1febd74
1fe4ac1
0012d55
00060b6
00194ac
0010190
1febd74
1fe4ac1
0012d55
00194ac
00060b6
0010190
0002970
0017b80
1ff2308
0004f8c
0004f8c
00489e0
0042d20
1fd9fc0
1ff19b8
1fe9eec
1fe9eec
00307a0
002ba04
1f85240
1fe20fe
1ff09d1
1ff09d1
1fdf504
0005f2c
1feceaa
1fea144
1ff15b1
1ff15b1
1ff9384
1fd3c78
1ff22bf
000581f
0002e46
1ff52bc
1fe869c
1fd3c78
1ff22bf
000581f
1ff52bc
0002e46
1fe869c
0004000
1ffb330
0027808
1fc5124
1fc5124
0057ee0
000c6e0
1fefab4
1fee454
1ffb8b4
1ffb8b4
1ff3070
1fdbd98
008ad00
1ff326a
000108f
000108f
00066f0
1ff61e8
001108e
1ffdcb0
1fffdb5
1fffdb5
0027948
1ff8708
1fff6a7
1ffe1b1
0004d8a
1ffb20e
1ff2614
1ff8708
1fff6a7
1ffe1b1
1ffb20e
0004d8a
1ff2614
001ff00
1ff5478
1ff3d50
1ff1cc4
1ff1cc4
1ff3df0
0022e20
1fccff0
0024d48
1ff379c
1ff379c
1ff0b30
00051dc
00ae5ac
000ba64
0005d62
0005d62
1fee718
1fee33c
1ffd714
1feb388
00089e0
00089e0
1fe5248
0029354
001ede2
1ff5480
000ef0e
1ff9378
1ff2210
0029354
001ede2
1ff5480
1ff9378
000ef0e
1ff2210
0012870
1fd5aac
1fd41a4
000f010
000f010
1fc9f00
1fa4410
1ff0b00
1fe3e38
0025d04
0025d04
001f290
1fea53c
1feac25
1ff23b3
1fe4cfc
1fe4cfc
1fb6530
0009b84
1fff841
0021d77
1ff8d68
1ff8d68
0021900
1fe79d8
0017ffb
0002331
0010a38
0002478
0012428
1fe79d8
0017ffb
0002331
0002478
0010a38
0012428
1fccd80
0013eec
003b82c
00011e4
00011e4
002c740
000f550
1fe3bcc
0006e3c
1ff356c
1ff356c
0009830
1fc99f8
1fb3d2c
1fec3d2
0012fa7
0012fa7
002ffb8
001cb80
000c906
1fd79e4
1fffbe5
1fffbe5
000ffc8
0025ddc
0010975
1ff9107
1ffb808
1fe38a4
1ffd690
0025ddc
0010975
1ff9107
1fe38a4
1ffb808
1ffd690
006fe30
1fd9fb8
1ff1390
003093c
003093c
1ff77a0
001d0d0
000799c
002b83c
003e0a4
003e0a4
003fcd0
00309a4
0006c4e
000bbd0
1ff7887
1ff7887
1f56acc
1fd3c2c
002564c
1fef656
0009019
0009019
1fe710c
0009bd0
0017571
1fe454f
000526c
1fe24ec
1fe041c
0009bd0
0017571
1fe454f
1fe24ec
000526c
1fe041c
1f832d0
0068ecc
1ffae04
0001630
0001630
0044e70
008f760
1faffe8
1ff72c8
1fda788
1fda788
1feba00
0005e2c
0024d6b
0007b4f
0001475
0001475
00124e0
1fa5044
000fc09
0015cd9
00048a5
00048a5
1ffff18
1fdeef0
00286c8
1fed72e
001d46a
000a350
1ff4ad4
1fdeef0
00286c8
1fed72e
000a350
001d46a
1ff4ad4
1f74f40
000d148
004be58
0019428
0019428
003c6f0
1fcf2c0
1fe254c
1ff2ae4
0012c30
0012c30
1fcdc50
1fe1980
0053d40
0013644
0004ba0
0004ba0
1ffceb4
0009360
1fe3ff4
0005abc
000d5aa
000d5aa
0002c5c
0017a30
1ff6d88
1ff8fee
1ff9342
1ff8b64
000b1d0
0017a30
1ff6d88
1ff8fee
1ff8b64
1ff9342
000b1d0
00395d0
1fd317c
1ffaad4
1fde330
1fde330
0057170
1ffe9d0
003c69c
1fd5bd4
1ff6340
1ff6340
1fb51c0
1ffcf74
00095e1
000c641
000342d
000342d
1fe1810
1ffb85c
1ff6901
0030689
1ff20f1
1ff20f1
1ffb108
1fe8158
1ff823f
1fe1fdb
1ff2459
0018931
001bb6c
1fe8158
1ff823f
1fe1fdb
0018931
1ff2459
001bb6c
00431f0
1fe6e20
004e520
1ffeed0
1ffeed0
0008670
1fa1a60
004ddd8
1faa220
00182ac
00182ac
1f897a0
0025600
1fef236
1ff8708
1fee449
1fee449
006224c
0016940
1ffd76a
001b488
0006a63
0006a63
0049b34
1ff42f8
1ff240c
000396c
0003193
1fde8c9
00386c0
1ff42f8
1ff240c
000396c
1fde8c9
0003193
00386c0
1ff9f60
0025c38
0009978
1ff9350
1ff9350
1fe5a20
1fd0210
00325a8
1fdab90
0005b64
0005b64
1fff8d0
1ff8ef8
00ab706
1ff1294
0006805
0006805
1ffff2c
1fd0c80
1ffaaac
002ce86
0009f71
0009f71
1fde694
00146d4
0003475
000945d
1fe856a
0000338
1fd8128
00146d4
0003475
000945d
0000338
1fe856a
1fd8128
1fff8c0
001a860
000acf0
1ffbe18
1ffbe18
000b880
00359b0
1ffe9e4
1fddc8c
0001b50
0001b50
1fc0050
1fe1418
1eff552
1fe5112
1ffb1e6
1ffb1e6
0078b7c
0028e28
00009aa
0014986
1fe7fdc
1fe7fdc
001258c
1ffe120
0011142
1ff6ab4
1fe88ae
000ab98
1fe899c
1ffe120
0011142
1ff6ab4
000ab98
1fe88ae
1fe899c
0012b20
1fd1214
1feb0d4
1ff928c
1ff928c
000bec0
1fd78d0
0003998
001a308
0007a28
0007a28
0049330
001e4e4
1fdb355
1fccfb5
1ff220d
1ff220d
1ff42c0
0000d2c
1ff321f
1fdce23
000e841
000e841
1fecba8
00176d0
00138ba
000bb70
1ff6caa
1fe6e18
000b9fc
00176d0
00138ba
000bb70
1fe6e18
1ff6caa
000b9fc
1fc6c30
0003e1c
000ad14
000b7e8
000b7e8
1fd5eb0
002ab40
1fd45c8
0033bf8
00148e0
00148e0
000bde0
1ffa8b0
0214dbe
1ffb93c
1ff1f37
1ff1f37
1fdcbcc
1ffc3d8
003ac24
1fec8ea
000c78d
000c78d
1fdca7c
1fe00b4
1fef703
1ffe7f9
1ff30c8
1ff22b4
0017104
1fe00b4
1fef703
1ffe7f9
1ff22b4
1ff30c8
0017104
0011db0
1fd2c38
1fe6988
1fedac8
1fedac8
1ffbe80
00314e0
00333e0
1fe26b0
1fe2f70
1fe2f70
1fc9470
003308c
0097af0
1ff62ea
0002a4d
0002a4d
001d6c4
1fea2ac
1ff7f06
1ffcf18
000ce6f
000ce6f
1fdd3cc
1ffa2ac
001c423
0006c01
00024f0
1ff4c2c
1ff08b0
1ffa2ac
001c423
0006c01
1ff4c2c
00024f0
1ff08b0
1fc88e0
001e8e0
002e230
00151e8
00151e8
0033bf0
0013900
0025988
1fdaed0
1fc7074
1fc7074
1fb3300
1fedc04
1fa6316
0018b46
000bf78
000bf78
0005244
1fbc53c
1ff57ae
0004a7e
0000b40
0000b40
00181f4
002c560
1ff2074
000a3f8
0010d8a
1ffce46
1ffdafc
002c560
1ff2074
000a3f8
1ffce46
0010d8a
1ffdafc
1fdee80
1fd7304
1ff7064
1fe75fc
1fe75fc
003dd50
1f80b90
0005bdc
002861c
000d05c
000d05c
1fe04d0
1ff620c
1f86719
1ff96c9
0005a03
0005a03
005a008
000e1dc
00156f7
1ffc6e7
000ff0d
000ff0d
0013b68
000d294
0000768
1fefef8
1ff426c
1ffbf8c
1ff16e0
000d294
0000768
1fefef8
1ffbf8c
1ff426c
1ff16e0
00168b0
1fe04b4
0021f44
1ff8cd4
1ff8cd4
1fc3980
1fe0c20
00040c0
1fcf740
00255d8
00255d8
1fd8730
1ff30c8
0095315
0023041
1fe1267
1fe1267
000c25c
1ffae18
1ff353b
001b363
1feec93
1feec93
0042b8c
0030880
1ff61e8
000f3ea
000639a
1fea0b8
0005444
0030880
1ff61e8
000f3ea
1fea0b8
000639a
0005444
004fd60
0025094
00146fc
0029898
0029898
0007d90
0047a00
000b468
0014670
1fd73ac
1fd73ac
1fd02a0
1fe8c38
00ac325
00042a9
0003169
0003169
00183e0
0017e00
1ffdd35
1fff581
1ff889d
1ff889d
0011fa8
1fdd68c
1fea329
0000225
1ffcd99
001a5f1
001a984
1fdd68c
1fea329
0000225
001a5f1
1ffcd99
001a984
1fbe1b0
1ff2c28
1fd94e0
1ffe7fc
1ffe7fc
001df60
0064640
1fa0824
1fc8904
00113cc
00113cc
0047a50
1fd4f58
001420c
1fdbe10
1ffcf52
1ffcf52
1fcfdec
1fe11d0
0021af4
1feed38
000d04a
000d04a
0009d8c
1ff1f74
000d886
0026e2e
1ffe906
0003a4e
0010dcc
1ff1f74
000d886
0026e2e
0003a4e
1ffe906
0010dcc
0008e60
1ff9d94
0057494
1ffd734
1ffd734
0020130
1ff95b0
000b390
1fbf528
001409c
001409c
1fc9580
002f378
1f8cd1e
1ffa964
0007745
0007745
0006c30
1ffd608
00093a6
1ff3a38
000ba2f
000ba2f
000ecc8
0007fa8
1fdc5ac
001730c
000d317
1fff475
000685c
0007fa8
1fdc5ac
001730c
1fff475
000d317
000685c
1fbae00
001ff8c
00013fc
1ffc6ac
1ffc6ac
1fcfef0
1fd7f50
000b844
0037d4c
0003848
0003848
006d1d0
1fe6084
1feb57a
1fead9a
1ffd4f4
1ffd4f4
1fd88c4
1ff9614
1fe66b2
1fece22
0011db4
0011db4
00135a4
1fce9b4
1ff76fa
0001c66
1ffed24
0001ec0
000309c
1fce9b4
1ff76fa
0001c66
0001ec0
1ffed24
000309c
001dbc0
0004db0
1fbee00
00164c0
00164c0
00174d0
00008f0
0024788
0003610
00013cc
00013cc
001f580
1fe4f58
0025682
001f168
1ff3529
1ff3529
1fedb14
1fc06f8
0005bbe
00028d8
001a36b
001a36b
0003b3c
0007440
1fec518
0008158
0019cc3
1ff7421
1fe8158
0007440
1fec518
0008158
1ff7421
0019cc3
1fe8158
1fcf7e0
001c818
000c6f8
1ffef30
1ffef30
0046cf0
1fda9d0
0028764
003f53c
0025758
0025758
001a640
0006f0c
005d03b
0004c1f
000fe97
000fe97
1feff58
0002a9c
0003e95
1fe4865
0001d83
0001d83
0041c30
1ffac54
0003cdc
1ff66aa
1ff5428
0028eb6
1fc960c
1ffac54
0003cdc
1ff66aa
0028eb6
1ff5428
1fc960c
00305c0
1fde5c0
1fd7030
1fdf858
1fdf858
1fe8d80
0066550
0051c24
000499c
1fe2090
1fe2090
00154a0
1ffb180
1ffa891
1fc85df
0010d10
0010d10
1fc6360
00105d0
1ffd087
0018ec1
0008dc0
0008dc0
0015730
1ffa028
1ff517c
00106bc
000c27f
1fe18a5
1fcb498
1ffa028
1ff517c
00106bc
1fe18a5
000c27f
1fcb498
00199b0
0012038
0022390
0003dac
0003dac
0005890
1fb8ce0
1ff5840
1f9da28
00424bc
00424bc
1f7c310
0012378
00351c8
0011cb6
1feb76d
1feb76d
000b2f0
000be58
1fd7aba
1ff079c
1ff9871
1ff9871
1ffdf08
001b7b8
1ffd5af
00056f7
1ffa44a
1ff61f8
1ff84f4
001b7b8
1ffd5af
00056f7
1ff61f8
1ffa44a
1ff84f4
0017610
000a794
1fdaf6c
1ff9ee8
1ff9ee8
001f480
1fc4ed0
1feb06c
000a4dc
1ff1bfc
1ff1bfc
0001c90
1fdf9f8
00ef99a
1fdf886
000918a
000918a
1fc5730
1ffef48
0009ac2
1ffd486
00061fa
00061fa
002f218
0017250
0007948
0000884
000b1d2
1feb50a
0027f34
0017250
0007948
0000884
1feb50a
000b1d2
0027f34
0015af0
0005248
00220c8
000b530
000b530
1fffd50
1fb6000
000c610
001d4d8
00055fc
00055fc
1fcacb0
002f3c0
1f20476
1ff0328
0002bd3
0002bd3
001ff4c
002bb48
00132ae
1ff2078
1ff2a13
1ff2a13
1ffdf1c
1ffef6c
1ff4a34
1fff2e6
0005aa9
1fe7395
001dc6c
1ffef6c
1ff4a34
1fff2e6
1fe7395
0005aa9
001dc6c
1f8f760
00487e8
003f740
1fd5274
1fd5274
0000210
1fb85c0
00033a0
0013158
000e5ec
000e5ec
0025160
001e2e4
1fe12c9
1ff1aaf
0003b76
0003b76
1fc1cd0
00279ec
1ffbc4f
1ff1029
1ffc32a
1ffc32a
1fe7bb0
0012e80
00004be
0004b2a
1ff3dad
1ff2e5b
1fca6a8
0012e80
00004be
0004b2a
1ff2e5b
1ff3dad
1fca6a8
1fc4480
1fe20a0
001e5a0
1fe56e8
1fe56e8
1fd8f30
1fd4720
005a8d8
00016d0
00045f4
00045f4
0038b90
0029974
01f3301
1ff5be1
1ffe02b
1ffe02b
1fc1b74
000c10c
1fb841d
0020841
1ffab59
1ffab59
001541c
1feb318
0000305
1ffd04b
00061b7
001a575
1fe5b50
1feb318
0000305
1ffd04b
001a575
00061b7
1fe5b50
00089f0
1fdb674
000a664
1fe1eec
1fe1eec
000cf80
0021ee0
1fec5b8
001ea48
1ff5680
1ff5680
0020270
1ff97d4
006650c
1fe921a
1fe906b
1fe906b
001c678
00160ec
1fde628
1ffc76a
1ffa4a5
1ffa4a5
0023a80
000f370
1fedcb2
0006536
0012da3
1ff68d9
000f70c
000f370
1fedcb2
0006536
1ff68d9
0012da3
000f70c
1f98500
0010a64
1ffa6cc
0018930
0018930
00306b0
1ffe610
1fbe620
0012268
00216ac
00216ac
001dc20
00312b4
1fa0e20
1ff7a78
1fe9b80
1fe9b80
1ff4bf4
000491c
1fe9248
0003854
1ffc14e
1ffc14e
1ffa804
0008068
0006832
1fe49dc
1ffee86
1fef7a4
1fece94
0008068
0006832
1fe49dc
1fef7a4
1ffee86
1fece94
1fd9e60
0004644
0012d04
0033484
0033484
1fffec0
0020f20
1fe1b80
0013928
1fdb1a4
1fdb1a4
0019370
001729c
1f8d391
1fdda0d
000bdf7
000bdf7
001ea90
1fe1ee4
1fe1561
0002fc1
0010db5
0010db5
1ff6cf0
0015388
0006ad5
1fec75b
1ffc8fb
1ffd2b9
000e5e8
0015388
0006ad5
1fec75b
1ffd2b9
1ffc8fb
000e5e8
1fbf040
0025980
0051e28
1fec364
1fec364
1feb770
00632d0
0001b44
001a704
1fd3314
1fd3314
00350c0
1ff905c
00a6af9
002786f
002b16a
002b16a
1fd97c8
1fd413c
000964d
1ff6d23
1ff422a
1ff422a
1fd6868
1fe1c0c
000040b
1fe87a1
0005e48
001321c
000c238
1fe1c0c
000040b
1fe87a1
001321c
0005e48
000c238
1fdf640
0030068
1ff5be0
1fd7d44
1fd7d44
0011f70
001a7b0
1feeff0
00187c0
1fefc48
1fefc48
1fe49d0
000b958
00b33ff
1ffd179
1ffb610
1ffb610
0026c24
1ffa518
1ffd411
0019393
000f4ea
000f4ea
0046ba4
0014a18
00108c8
1fcea96
00031ef
0007353
1fe4344
0014a18
00108c8
1fcea96
0007353
00031ef
1fe4344
1faa870
000c114
000731c
0015780
0015780
1fe5de0
000e8b0
1ff8c78
1fdb028
001d500
001d500
002ef20
1ffe70c
1fc6cba
1ff82f2
1ffd416
1ffd416
0020098
001b404
1ff914a
1fe05a2
0000dce
0000dce
000a5f0
0002030
1fff608
1ff47ac
1ffcf26
1ffd9be
000316c
0002030
1fff608
1ff47ac
1ffd9be
1ffcf26
000316c
0009700
0014f58
1ffe048
1fd67e8
1fd67e8
1ffae00
1fc3590
1fe593c
1fedb3c
0014f84
0014f84
00298d0
001d9bc
1f93f1a
1ffcce8
1fecd53
1fecd53
1fed628
0023e44
1fd889a
000c26c
0002ab5
0002ab5
0015730
1ff4b20
1ff0eec
0003990
1ff5af9
0013bcf
1ffcc2c
1ff4b20
1ff0eec
0003990
0013bcf
1ff5af9
1ffcc2c
1fe0c10
1fd95ec
1fdf114
0032360
0032360
1fc9110
0006ec0
00088dc
003cd0c
1ff144c
1ff144c
1ffa1c0
0019030
0005a7c
1ffc472
0008929
0008929
004bb30
0004c60
001348e
00190a0
1ff578d
1ff578d
0001748
00011d0
000d455
000423d
1ff4a66
000b84c
001d2c4
00011d0
000d455
000423d
000b84c
1ff4a66
001d2c4
00615c0
1fbe524
1ff0e7c
1fd9510
1fd9510
0026b80
0005170
0005628
1fd7e00
00139cc
00139cc
003de10
1ff5764
0027998
1fff65e
1ff9085
1ff9085
1fd45b4
0023714
1fe4fc4
1ffe0ee
1fd6f13
1fd6f13
1fdf43c
000de24
0003ad6
0015562
1feaff3
0000391
1ff07a8
000de24
0003ad6
0015562
0000391
1feaff3
1ff07a8
00874a0
0005a28
00009c8
1fcd2c0
1fcd2c0
000caa0
007d440
0006c40
0022b78
1fbcb5c
1fbcb5c
1fccdb0
1ff4a34
0042bf4
000b962
000e0ef
000e0ef
1fffe08
1fe2b44
1ff2510
1feb786
1ffc41f
1ffc41f
002e500
1ff794c
0006d00
1fff122
00211a9
1ffe029
002cf34
1ff794c
0006d00
1fff122
1ffe029
00211a9
002cf34
001d440
1fdf980
1ff2e18
0002d64
0002d64
1fe1930
0036450
1ffba00
000e850
0000268
0000268
004e1b0
1fe0700
0020627
1fdc4a7
000e33b
000e33b
1fd7514
1ff9250
1fe9573
1fefc67
001d661
001d661
001c97c
1fd9b08
000f571
0014bc3
000a5f9
00021fb
00136c0
1fd9b08
000f571
0014bc3
00021fb
000a5f9
00136c0
0028d20
0006878
1fd8078
00221c0
00221c0
1fef810
1fc7dd0
1fd6bb8
002ed70
000afdc
000afdc
00615b0
00416c8
0002fbd
1fec919
001bee5
001bee5
00043b4
1ff7ef8
00194a7
1ff19a3
1ffba0b
1ffba0b
0009f24
000aec0
0001f1e
00020ee
1ff8ab0
1ff7cb4
0005aa4
000aec0
0001f1e
00020ee
1ff7cb4
1ff8ab0
0005aa4
0006260
1fe9be0
1ffc3a0
1ff2620
1ff2620
1fa7270
1fe8090
0008c5c
1fff3e4
0000be8
0000be8
0001260
000e030
00a0948
000f936
0005a2d
0005a2d
0012598
000eef0
1fefc46
1fdfdb8
1ff46dd
1ff46dd
0046370
1fefff0
00041cb
0008fcf
001e476
0000c98
0007b84
1fefff0
00041cb
0008fcf
0000c98
001e476
0007b84
002b530
1fe5734
1fe462c
1ffbef0
1ffbef0
0014890
0012210
0019400
002c5a0
1ffff38
1ffff38
1fb5160
1ff3194
1f7193d
001fba1
1fff67d
1fff67d
1febc94
00407a4
1fe5651
1ff3869
1ffcbef
1ffcbef
0017e0c
1ff24cc
0001a0b
001ac99
1fffa01
1fff773
000cdb8
1ff24cc
0001a0b
001ac99
1fff773
1fffa01
000cdb8
001f8d0
1fbb2cc
0020df4
1ff9450
1ff9450
1fe30f0
1fe4e60
1ff20b8
1ff8138
001de40
001de40
0067750
1fffcb8
1fe2c20
1fed928
1ffea2a
1ffea2a
1fd51f4
0032250
0012478
1ff55a0
1ff36d2
1ff36d2
001330c
00160b4
000abf8
1ff8ffc
1ff5908
1ffc750
1fe2fe0
00160b4
000abf8
1ff8ffc
1ffc750
1ff5908
1fe2fe0
1ff5fb0
003fcf0
1fce3d8
0012114
0012114
002e7b0
1fe73b0
1fc515c
1fd3ec4
0018230
0018230
1fab250
1fb2390
021097d
1feb935
0009929
0009929
1ffddd0
1fcb200
000e275
0012df1
1ff5c0f
1ff5c0f
1ffc258
1feec40
0009c8f
000e229
1ff6a53
00027f1
000c824
1feec40
0009c8f
000e229
00027f1
1ff6a53
000c824
00408d0
1fefd0c
004922c
1fb8adc
1fb8adc
001b0b0
0023250
1ff0d08
1fe4310
1fef204
1fef204
1ffa890
1fede94
009e7a9
1ff260b
000dede
000dede
1ff8810
0001014
0007181
1fffcb7
000eef8
000eef8
1ffdf10
002a43c
00029d5
00095c9
000166c
1fee252
0007de8
002a43c
00029d5
00095c9
1fee252
000166c
0007de8
1ff27c0
1fdd44c
1ff15f4
0006248
0006248
1fd23b0
0045810
1fee01c
00059ec
1ffa6b4
1ffa6b4
0038a50
1fc9980
1fbdba2
1ffb3ee
000e7a4
000e7a4
0000938
1fd9980
0010a2a
0023cf6
1ffbf18
1ffbf18
0001e10
1ffb870
000942c
1ff90f0
000c87a
1fd0766
1ffa1b4
1ffb870
000942c
1ff90f0
1fd0766
000c87a
1ffa1b4
1ffea90
1fea8f4
0018214
1fed614
1fed614
0001bd0
003e230
0007da0
1febb10
0000220
0000220
1fbf2b0
002e700
1f95e4e
1fd528e
1ffe744
1ffe744
0001600
1fc9c60
1fda07e
00098aa
0005022
0005022
004cc18
1ff1768
1ff208a
0013590
000688c
1feb592
00018ac
1ff1768
1ff208a
0013590
1feb592
000688c
00018ac
1fffc90
1ffc2fc
004eb1c
000d03c
000d03c
002ecd0
0046470
1fee850
0013670
1fda260
1fda260
002e790
1fc0260
0072340
1ffa708
002682a
002682a
1ff586c
0002618
0008134
1ff61a4
0003ae6
0003ae6
003b37c
1fddf04
0003d88
0026244
1ffcf20
1ffd12c
1ff267c
1fddf04
0003d88
0026244
1ffd12c
1ffcf20
1ff267c
0008e40
1fe4984
000cd8c
1fbc708
1fbc708
0004130
00515a0
0039a08
1fded98
1feb6f8
1feb6f8
1fdc600
000b91c
00ab552
1ff48da
00104e4
00104e4
001e0e8
1fcbe8c
0012d32
0009f52
0000310
0000310
000d440
1fd5134
1ff7594
0004488
0004742
0010e26
000d584
1fd5134
1ff7594
0004488
0010e26
0004742
000d584
1feb6c0
000b16c
1ff15c4
1fc4c10
1fc4c10
1fff2e0
0008290
0018d9c
0027d54
1ff3f78
1ff3f78
00035d0
1fde094
1fe957c
1ffb2be
1ff1ca7
1ff1ca7
1fe94cc
1fe9bd4
1ff88fe
0009840
1ffbd69
1ffbd69
00001b4
1ff9bfc
0007f5f
1ff2dad
000e5a4
0001cdc
1fdfe98
1ff9bfc
0007f5f
1ff2dad
0001cdc
000e5a4
1fdfe98
1fd68e0
1fdaa4c
0033ecc
1ffc6b4
1ffc6b4
00738b0
1fdf970
1fb09c0
1fefd90
0001450
0001450
000b3e0
1fced00
1f9ae7f
1ff4f59
001009c
001009c
1ff1684
000db00
0004cbb
000621d
1ff7744
1ff7744
1fe0e9c
1fd9310
001160b
000c34d
1ffff82
0001326
000bde8
1fd9310
001160b
000c34d
0001326
1ffff82
000bde8
1fca3c0
0005810
1fe6740
1fd2bc8
1fd2bc8
1f8f340
1ff4de0
000a9bc
000ac54
00089c8
00089c8
1fdafa0
1ffd3f8
1ff8026
1ffd2aa
1ffb054
1ffb054
1fc462c
0012490
0001890
00295a8
0005c7c
0005c7c
001fc84
0005514
000f331
1fee217
1ffd15b
1fe6619
0009d08
0005514
000f331
1fee217
1fe6619
1ffd15b
0009d08
0033750
1fe5dd0
00091c0
00140c8
00140c8
0048c70
1fbade0
1fdb17c
0047f64
0007570
0007570
0010dc0
000860c
00230ca
0001cc4
000341f
000341f
0028230
0091cac
1fea30c
1fe4b66
1ffe189
1ffe189
1ffef58
000fcfc
003190d
1ffebbf
1ffc05e
0003036
1ffdb1c
000fcfc
003190d
1ffebbf
0003036
1ffc05e
1ffdb1c
0032670
001fa7c
1ff1d84
1fe6bc8
1fe6bc8
1fd4d00
004db90
1ff44c4
1fbab94
0017b54
0017b54
1fb5a50
00063b0
00575f8
1ff973c
000741c
000741c
1febd78
0000220
1fff06e
000afc6
1ff3bdc
1ff3bdc
1fed950
1fc8468
1fe8a29
00059e3
1ff27af
0000f69
1fff8ac
1fc8468
1fe8a29
00059e3
0000f69
1ff27af
1fff8ac
0026820
1fa9bc4
1fee4cc
1fe4d48
1fe4d48
001baa0
0015b50
1fde294
0042fe4
000e4cc
000e4cc
0054db0
0026f44
1ff9bdb
0011c31
1ff5368
1ff5368
1ffb60c
1fea42c
1ff3fa9
1fe8483
0003a8c
0003a8c
1fffd3c
0004028
0001f84
0015a80
0004a45
1ff8cb7
1ff48c4
0004028
0001f84
0015a80
1ff8cb7
0004a45
1ff48c4
0010510
000b7d8
1fc8710
000a9f4
000a9f4
1fcf780
0023fc0
1ff93b0
1ff6aa0
1fc14b0
1fc14b0
1faec70
000209c
004875d
1fef6d9
1ff98fd
1ff98fd
0039160
000916c
001643f
0015c03
000a027
000a027
0015570
1ffaa5c
1fe9bf4
000661c
000bd14
0001af4
0021760
1ffaa5c
1fe9bf4
000661c
0001af4
000bd14
0021760
1fb8390
0019e34
0029ce4
1ff703c
1ff703c
1f5ebd0
1fc7dc0
1fdfcbc
001c9b4
0034750
0034750
0035240
0059258
00b13b6
1fdab32
1feaa24
1feaa24
002dc50
00326d8
0000d78
1ff03e0
1fe0d20
1fe0d20
1fde1e8
00164d8
1ff2b7b
000a045
0001529
1ff1053
1fe578c
00164d8
1ff2b7b
000a045
1ff1053
0001529
1fe578c
1fbcf90
1fec87c
1ff1da4
1ff19f0
1ff19f0
000d620
0007010
1fed3c4
1fd8cbc
1ffafd8
1ffafd8
1fece70
0001610
1efaa13
0039c81
001f46e
001f46e
0034be8
1fe2e88
00115cf
000c4c5
1ff8706
1ff8706
0026088
000a04c
00176cf
0004f1d
1fe52e4
0001ba8
1ff2de0
000a04c
00176cf
0004f1d
0001ba8
1fe52e4
1ff2de0
1ffd580
1fe9554
0008d84
1fd7d5c
1fd7d5c
1fd61b0
1fc48f0
1ffc7bc
1fde834
0017f40
0017f40
00085f0
1fea2ec
1fea83c
1fe98ea
000d0e3
000d0e3
0003010
1fea09c
0007028
001d016
0003fb3
0003fb3
1fe2100
1ff9114
000f490
000a296
1ffd70d
0003f85
00009d0
1ff9114
000f490
000a296
0003f85
1ffd70d
00009d0
1ff01a0
0008dac
1fe786c
1ff136c
1ff136c
1ff59e0
0028770
00024a0
1fe4550
1ffb760
1ffb760
1fc49e0
0003304
01e8800
000eae6
1ff804b
1ff804b
0007a3c
1fcdddc
0018b8e
000721c
0008f71
0008f71
1ffe814
0014110
000c9a5
1fe8e1b
001c8f4
0002cd8
000d300
0014110
000c9a5
1fe8e1b
0002cd8
001c8f4
000d300
1f96bb0
1fe0ff0
1ff8e48
0038ba4
0038ba4
0012b40
1fad6d0
1ff8248
0009108
001d190
001d190
1fc4650
1fede88
0072367
0009ddf
0001ec7
0001ec7
1ff80fc
0031ab0
1fe6645
1ff9c11
0008b17
0008b17
0009cac
1feb06c
00112f0
00013da
1ff80ac
0006c36
1fee7f4
1feb06c
00112f0
00013da
0006c36
1ff80ac
1fee7f4
1fc4710
1faee60
002f258
1ff0144
1ff0144
003e7c0
1ff15f0
0015038
0028e58
1fff000
1fff000
00456c0
00144a8
1f84ae8
1fe9196
1ffdee7
1ffdee7
0010a8c
0005b90
1fef00e
1fdd73c
1fe5c19
1fe5c19
1fda52c
1fee49c
1ff742f
1ffd535
00079ca
0011c5e
0012dec
1fee49c
1ff742f
1ffd535
0011c5e
00079ca
0012dec
1fe7b80
1ffb858
0006128
1ffee98
1ffee98
1fae160
0011430
1ff0a64
000a63c
1ff27a0
1ff27a0
1fefb90
0004690
1f8d5a7
0011b89
0014946
0014946
1fffa84
1fb92f8
1ffa7df
0004c21
0024a9e
0024a9e
0049b24
000b4bc
00007dd
1ff9ca3
1ff2910
0000874
000143c
000b4bc
00007dd
1ff9ca3
0000874
1ff2910
000143c
00374a0
0013560
1fe1d48
1ffd20c
1ffd20c
00097d0
1fc6f60
1ff5e58
006b518
1fea4a0
1fea4a0
000c970
00126c0
00aa356
1fd880a
000dbee
000dbee
1feee70
1fe8900
0018322
000a31a
0007ae4
0007ae4
000a7c8
000acc8
1fea3e4
1fe5eba
1ff41f0
0000342
1ff97d4
000acc8
1fea3e4
1fe5eba
0000342
1ff41f0
1ff97d4
00080a0
0028488
002dca0
1ffcdec
1ffcdec
1fdc950
1fb8a20
1fee9ec
1fbefe4
1fff810
1fff810
1fc2e10
0010ed8
00b419d
00079e9
1ffd939
1ffd939
001aac4
000b210
1ff1e2b
0008b7f
0001b97
0001b97
00083c4
1ff3514
0002c92
0010f52
1fe83d4
00213c8
00381fc
1ff3514
0002c92
0010f52
00213c8
1fe83d4
00381fc
002d6b0
001d784
1febfe4
00186ec
00186ec
0002f70
004e9b0
1fdbdbc
1ffd04c
0003b24
0003b24
0055630
1fe6f1c
1fd5d2c
000c344
1fea45c
1fea45c
1fc3450
1ff1f04
0002ebc
1fdd6b4
0014c34
0014c34
000b3e8
1ff1c00
000f8b0
00039d4
1ffb1c8
0006c94
1fb38c4
1ff1c00
000f8b0
00039d4
0006c94
1ffb1c8
1fb38c4
0084e30
1fcf634
0035d0c
1ff6910
1ff6910
1fee500
00298e0
0008c64
1fecae4
1ffdf5c
1ffdf5c
1fb0a90
1fd2fc4
1f86c4c
1fe9d64
0014fb4
0014fb4
1fd93e8
0040c1c
1ffa68a
00060fa
0002e42
0002e42
00134b0
00052c8
1ff8ed7
1ffe3e7
1fe9ccb
1fdec6f
1ff3734
00052c8
1ff8ed7
1ffe3e7
1fdec6f
1fe9ccb
1ff3734
0098110
000a8b8
0009ff8
1fdeb18
1fdeb18
0016ed0
1fd0da0
1ffd280
001a520
1ff95f0
1ff95f0
0050f60
000d2ac
1ff11e6
1fec450
0013549
0013549
1fd7dc4
1fd50ac
1ff5a24
002f47a
1ff4235
1ff4235
1fd278c
0031dbc
0018ed5
1ff2331
0003de8
1ff07e2
1ff7b48
0031dbc
0018ed5
1ff2331
1ff07e2
0003de8
1ff7b48
1febd20
0054128
1fed630
1fe776c
1fe776c
1fd03b0
1ff5100
0034bfc
1fc4b0c
1fd0ef4
1fd0ef4
002d830
1ffd93c
0029ec0
1ffde90
0012dbe
0012dbe
0009604
1fc4c7c
0001952
1ffc456
0015296
0015296
1ff41ac
1ff2e84
1ff8357
001ac65
00031b9
0013733
1ff4c80
1ff2e84
1ff8357
001ac65
0013733
00031b9
1ff4c80
1fcea80
1fa67e4
1ffe504
0031b04
0031b04
1fd68c0
1fc67d0
0005994
0014ebc
0009b38
0009b38
0033930
00337d4
005f1c5
1ffb069
1fd78ad
1fd78ad
1fafe9c
000890c
1fe2fdd
0003ad5
0007337
0007337
1feeb04
1ff5350
00047f5
00081bb
0019d95
1ff40e7
1fd6570
1ff5350
00047f5
00081bb
1ff40e7
0019d95
1fd6570
1fe34a0
1fc8f40
1fee1e0
00345b0
00345b0
0047630
1fc2d40
1fd67b4
1fed804
0022254
0022254
00010d0
1fd1b4c
001fd22
00017d2
001b756
001b756
00367e0
0006324
0009c54
001b174
1ff36f0
1ff36f0
00113d8
1ff03b0
0002c05
0002041
1ff5393
1ffa0db
1fec2f4
1ff03b0
0002c05
0002041
1ffa0db
1ff5393
1fec2f4
1fbc700
0015518
1ffe010
0005914
0005914
000f4a0
00205d0
0012384
1fd76c4
1fe58e4
1fe58e4
006f130
0021d78
0031ee8
0011722
00105b3
00105b3
0018a68
0002080
0001cae
1ffc280
000cfc9
000cfc9
1fc7560
000bbcc
1ffc15d
0017aa7
0001a58
1ff5ab4
1fe54dc
000bbcc
1ffc15d
0017aa7
1ff5ab4
0001a58
1fe54dc
1ff7380
1ff1ad0
000d1b0
1ff3170
1ff3170
1fe68e0
1fc2c50
00035c0
0009e20
0017650
0017650
1febc20
002d010
00be9ed
1fe0cb3
1ffa86c
1ffa86c
1fd0590
1fecb00
00121f9
1fe5d0f
1fe9f5c
1fe9f5c
1ff0498
001e0f8
1ffcca3
1fe5525
000cdce
1feba1e
1fe0184
001e0f8
1ffcca3
1fe5525
1feba1e
000cdce
1fe0184
1ff6640
1ffdfc4
1feafe4
00134d4
00134d4
0060910
002bb10
1ff4a00
1fcbc20
1fee9b8
1fee9b8
00200b0
0022994
1f0706a
00185ea
1fff198
1fff198
0024308
004659c
001aa92
1ffd132
0005fe4
0005fe4
001b390
1ff9788
0009f5e
0002dd2
1fea370
000c7b8
1fd619c
1ff9788
0009f5e
0002dd2
000c7b8
1fea370
1fd619c
0007360
1fcfeb4
1fff83c
0017fb8
0017fb8
00740c0
1fe8a10
000e2d4
1ff5e24
1ffbaf4
1ffbaf4
000f820
1ffac78
1fcddfd
001036d
0014927
0014927
0041770
1ffa618
1ff8767
0015993
0017007
0017007
1ff16d8
1fdd660
000d6c0
0009bfa
00174ac
1fefd32
000631c
1fdd660
000d6c0
0009bfa
1fefd32
00174ac
000631c
1fff180
002aa54
0028b3c
00016c0
00016c0
1f9b590
1ffdfa0
1fd0880
0025fd8
0014cc4
0014cc4
0012fc0
1fb3e8c
01fe5aa
000ff88
0011865
0011865
002d3b8
001ab3c
000a9e6
0003598
1feaeff
1feaeff
000e6d0
002e604
1ff06e4
1fdbe30
1fe7e1b
000577d
1fffa94
002e604
1ff06e4
1fdbe30
000577d
1fe7e1b
1fffa94
0066000
002b75c
1ff3694
1fff050
1fff050
0046ac0
1ff4a90
000a240
0008468
1fc4904
1fc4904
1fcb020
000dea4
0071fa4
001dff2
00148ab
00148ab
1fe3014
1ffc11c
00032f4
0003826
0005225
0005225
1ffa07c
1ff1ed8
001842e
00100ea
1ffdd09
0009967
1fe5c80
1ff1ed8
001842e
00100ea
0009967
1ffdd09
1fe5c80
0038490
0011bac
1fda10c
1ffbf54
1ffbf54
1ff4660
002a550
1fdcad4
1ffdc9c
1ff8f98
1ff8f98
1fb6160
000a9dc
1fa3e1a
000c4de
1fe56be
1fe56be
1fde9d0
1fc7b94
1ff83b0
0013d68
0009722
0009722
0003758
0018a20
000372f
1ffaff5
000f1e1
1fdda6b
00361d4
0018a20
000372f
1ffaff5
1fdda6b
000f1e1
00361d4
1fc39d0
1fefe28
1ff1f00
1fe664c
1fe664c
0009b80
0037770
1fe7524
1fee4dc
000c798
000c798
1f9cf30
1fe03b8
1f94310
0024740
00100c4
00100c4
00208cc
1fe8890
0006e6c
000ca04
1fd510c
1fd510c
0027394
1feb33c
0007402
001488e
1ff7604
0010c2c
1fef108
1feb33c
0007402
001488e
0010c2c
1ff7604
1fef108
0037330
1ff4edc
1fb2efc
1fd735c
1fd735c
1f85800
1ffa030
1fec090
1fffe98
0025a24
0025a24
1fc2170
1ff794c
00a4378
1ffd702
0003ac3
0003ac3
0008a40
1fec654
0017e70
1fd5b36
1ffac29
1ffac29
000cd80
0010500
1ff13be
000d356
1fed10f
1ffa1b1
0019330
0010500
1ff13be
000d356
1ffa1b1
1fed10f
0019330
001b2f0
0005eac
1fedbbc
1fc9724
1fc9724
1fa43e0
0010f40
1fe5018
1fe9f18
1fc4650
1fc4650
1f737c0
1fc9e08
00a415a
001415e
0016f4e
0016f4e
1ffa060
0015a60
1ffe252
000cdea
000134c
000134c
0031c20
000427c
1ff7efc
1ffb2fa
0014262
1ff614c
002bd50
000427c
1ff7efc
1ffb2fa
1ff614c
0014262
002bd50
00407c0
1ff32d0
0010ce0
1fe9dc8
1fe9dc8
0040810
0026e90
1fd829c
1fd2554
1ffd0c8
1ffd0c8
1fdb910
1febbe4
000591a
002031c
1fe5fc7
1fe5fc7
003a828
1f9b29c
1ffd738
000fb06
00108b7
00108b7
0007768
000bfe8
1ffdb93
0007c67
1ff017e
0000ac0
1ffcac8
000bfe8
1ffdb93
0007c67
0000ac0
1ff017e
1ffcac8
1f9fc80
0004128
0023e10
1ff45ec
1ff45ec
002d440
1fe9f60
001db38
0004cd0
0011334
0011334
1ff5440
00085ec
1f8318f
1ff88f5
1ff3abc
1ff3abc
0000e6c
1fb215c
000eba5
001e0df
0002fe8
0002fe8
0001064
004bbf4
00029c2
0012122
1fe9dd1
1fe569b
1ff68c8
004bbf4
00029c2
0012122
1fe569b
1fe9dd1
1ff68c8
1fe3c80
002c038
0004130
00193ac
00193ac
1fd4c60
000b080
001db78
1fe4b48
1feeb00
1feeb00
1fd6eb0
00342f4
0010e92
0008316
0012892
0012892
1fdb424
000d974
1fdaccc
1ffbcd4
1ffe086
1ffe086
00510dc
002c0ac
1ffb299
000ba13
1ff5091
1ffb3ef
1fff938
002c0ac
1ffb299
000ba13
1ffb3ef
1ff5091
1fff938
00146b0
1ffc8d0
1f9a560
0033af0
0033af0
1fb0cf0
1fd2180
1fef1f0
0023bb8
0013704
0013704
1fe3800
1ff7e80
0042aaf
1fff7b3
000094d
000094d
0018580
0054fb8
1fefe0b
1fc770f
1fd6fe9
1fd6fe9
1fee788
000a3b4
000f687
1ff8977
1ff1aed
0010b69
00111cc
000a3b4
000f687
1ff8977
0010b69
1ff1aed
00111cc
1ff7130
1fefa6c
0007f7c
0005664
0005664
1fc6a10
00300c0
0016aec
001d524
00166a0
00166a0
1f90210
1ff00d8
005ec3a
0006b46
0005d8a
0005d8a
0005230
1feeb58
0024f4e
0003692
1ff88ae
1ff88ae
0036348
1ff7730
1ffa212
1feac02
1ff7534
00089f0
00277ec
1ff7730
1ffa212
1feac02
00089f0
1ff7534
00277ec
0013c10
006fa50
1fec158
1ff326c
1ff326c
1ffd3e0
002c990
1fcfcd0
001ead8
1fe0c6c
1fe0c6c
0032c70
1fe1e0c
0020e9f
000f7b3
0009069
0009069
00323f8
1ffe294
1ff9b87
00115af
000a00b
000a00b
1ffd3a0
1fc98d0
00138ff
0015635
001cbf1
1ff87d3
1ff96dc
1fc98d0
00138ff
0015635
1ff87d3
001cbf1
1ff96dc
0023ea0
0010e7c
1fc2364
00095c0
00095c0
1fcbed0
00351a0
0049fd0
1fb8470
1fe87c8
1fe87c8
1f94e30
1fd3a70
002fd50
0010f4c
000670a
000670a
1fd7a3c
0024218
1fd56b6
1ff6776
1ff56d2
1ff56d2
1ffc86c
000f994
002839b
0011df5
1fefa9f
1ffd271
000a2cc
000f994
002839b
0011df5
1ffd271
1fefa9f
000a2cc
1fe94c0
00159b8
00064a8
1ff8c50
1ff8c50
1f71e40
1fcf230
00148cc
1fd99e4
0006c08
0006c08
003a9c0
001644c
007c62a
00353d2
001518a
001518a
004676c
0013d54
00099ae
1febc02
00048c8
00048c8
1fd3eec
1ff75a8
1ff2410
1fffd8a
1ff3a3c
1fed302
1ffdddc
1ff75a8
1ff2410
1fffd8a
1fed302
1ff3a3c
1ffdddc
1ff40a0
002dad0
0003d48
0029764
0029764
1fa03c0
000fa80
1fe9600
001e338
1ff0114
1ff0114
00069c0
1fe5124
1f580ea
1ffa948
1ffe7b9
1ffe7b9
1ff629c
1fa896c
000ac42
000f680
1feea8d
1feea8d
1fe490c
1fd3168
0013cbc
0009ed2
1fe9ee5
0005c45
0000cbc
1fd3168
0013cbc
0009ed2
0005c45
1fe9ee5
0000cbc
1fa78b0
001b874
001e98c
1fd1988
1fd1988
1fef890
1fff640
001afb4
0016ecc
1fec518
1fec518
0033510
1fefd6c
1fdc964
0007588
1fefa0c
1fefa0c
1fee564
001808c
1ffd0a2
1ff53b6
1fe4646
1fe4646
1fc75dc
001a59c
1ffb083
1fe8f4b
00068ab
0001893
1ffc5a8
001a59c
1ffb083
1fe8f4b
0001893
00068ab
1ffc5a8
1fa9ff0
0037094
1fee6d4
1ffa3cc
1ffa3cc
1fa6eb0
1fe9db0
1ff181c
1ff4f64
001bcb8
001bcb8
0005880
00444a4
01fa7a3
1ffd7c5
0006388
0006388
00247b4
1fed16c
1fefe79
1ffce2f
1ff7154
1ff7154
0015544
1ffe9b0
000727a
1ffa932
1ff898f
1ffb849
1ff2bb4
1ffe9b0
000727a
1ffa932
1ffb849
1ff898f
1ff2bb4
00340a0
0002d0c
002d89c
1ff0d94
1ff0d94
00186b0
1fe01f0
1fa5950
00075a0
0009740
0009740
0026f10
1fde860
007e5a5
00235db
000c762
000c762
1ff16d4
1ffede8
1fe42b1
0004bdb
00055e8
00055e8
003f934
1fd1b7c
002f5f1
001de09
001446a
1ffedec
1fb521c
1fd1b7c
002f5f1
001de09
1ffedec
001446a
1fb521c
0074620
1fa7394
1fd780c
0001b90
0001b90
1ff3950
1fff1f0
1fe47c4
001fd24
1ff499c
1ff499c
002e950
001dbdc
1f90c27
1fff155
1feeea8
1feeea8
000f290
000ed7c
0008a19
1ff6bb7
000ec96
000ec96
0015a30
0011a94
001d570
00107b6
000d06b
1ff786b
1fd4e68
0011a94
001d570
00107b6
1ff786b
000d06b
1fd4e68
0020c30
0011480
0008dd8
1fe1d34
1fe1d34
002ac30
1fd6ef0
001e4e8
0028458
1fffc88
1fffc88
1fb5730
000dcbc
1f896aa
1ff7258
000496d
000496d
006bcfc
1fff64c
1fe4478
0001902
1ff7bb9
1ff7bb9
003398c
1ff7f84
00001f1
0007389
000668a
0004bd0
1fe2cdc
1ff7f84
00001f1
0007389
0004bd0
000668a
1fe2cdc
00181c0
00048f4
00004fc
00077a0
00077a0
1fa0980
1ff26e0
1ff28e4
0020cac
1ff7d50
1ff7d50
1fe09b0
003e254
0098a50
1fed404
1feff88
1feff88
002adb8
1fdc834
001441e
000f1aa
0002452
0002452
0022198
1ffadb4
0011a55
1ffa479
1ff1bcb
0018f0f
1ffe5d8
1ffadb4
0011a55
1ffa479
0018f0f
1ff1bcb
1ffe5d8
1fbea30
1fdd218
1fed228
00281e8
00281e8
1ff5ab0
002e830
1ff2aa4
0001bfc
1ffd700
1ffd700
1fa5aa0
1fd38b4
00bbf92
00172da
0003a66
0003a66
0001e9c
1fe3bf4
000517e
1fddff6
001250a
001250a
002af7c
0007654
1feaa62
1ffa06a
0004b48
1ff3a1c
000a814
0007654
1feaa62
1ffa06a
1ff3a1c
0004b48
000a814
00261d0
1ffaa1c
1fcc614
1fefde0
1fefde0
1fc8500
0012c20
1fe55a8
1fd5700
0006634
0006634
0004450
1fda9b8
1ff850a
0025020
0002d4d
0002d4d
1ffdc88
1fc1ca8
0000e3a
1ff1d58
0014541
0014541
1fe2948
0015438
1ff20b6
1ffd548
1ff9f31
001ba8d
1ffb560
0015438
1ff20b6
1ffd548
001ba8d
1ff9f31
1ffb560
000d520
0029514
0007a54
0032d94
0032d94
1fae330
1fb57a0
0006c90
1fd5448
1ff780c
1ff780c
00070b0
1ffe608
1f8bd8f
00235b7
001b237
001b237
1ffe7ac
1fe1e78
0009da1
1ff28ad
0002417
0002417
1fdb0cc
001da50
0010bba
1ff8b5c
1fea5ae
0003bc4
1fede14
001da50
0010bba
1ff8b5c
0003bc4
1fea5ae
1fede14
1fd32b0
0026850
0001c70
0009bb0
0009bb0
1fdfcc0
1fde140
1ffe264
1ff1f74
004b4e4
004b4e4
005af90
1fdad74
1ffef2b
002d80b
0000a7b
0000a7b
0061754
0016204
0003a6b
000a32f
00098c1
00098c1
1fea164
1fefcbc
1ff479b
1ffcd49
000dfff
00014b9
1fd69a4
1fefcbc
1ff479b
1ffcd49
00014b9
000dfff
1fd69a4
1fc6b00
1fe0c84
1ff35d4
0002e14
0002e14
1feea30
1fbb1e0
002ed70
1fe3968
0004314
0004314
1fafb30
00058b4
0027731
1fdb8c9
1fef571
1fef571
1ff306c
1fb3664
1feff85
000bbad
0026609
0026609
0018f44
003afac
1ff2237
1ff4b97
1ffd46b
1ffd187
000b178
003afac
1ff2237
1ff4b97
1ffd187
1ffd46b
000b178
1ff1e50
1fc6d14
00180d4
1ffb87c
1ffb87c
1fe5790
005ccb0
1ffe3a4
1ffea1c
1fd2b98
1fd2b98
0047430
1feac30
0030767
00048a3
1ffdfb7
1ffdfb7
1ffd2fc
0018928
1fe2501
1ff4dbd
000c499
000c499
0015834
1fed54c
00153b2
0003e06
1ffce6e
000f82e
1fd2bf8
1fed54c
00153b2
0003e06
000f82e
1ffce6e
1fd2bf8
1fd2cb0
1fe4570
1ffcaa0
000a648
000a648
001ea30
1ffe910
0004a34
1fdccbc
1fd0700
1fd0700
00685c0
1fb9dc8
001e98d
00096d7
000e98c
000e98c
1f9b4f8
000b938
1ff6375
001fc4f
1fffc44
1fffc44
1ff6b20
0024058
1ff19e5
0018adb
000d0da
00120a2
0014534
0024058
1ff19e5
0018adb
00120a2
000d0da
0014534
009e530
1fdd07c
1feb6c4
1fec7a0
1fec7a0
1ff2670
1ff90d0
001df78
001b9a8
00303c8
00303c8
1fdc760
1fe2d78
006e279
1fe76fb
0016f0a
0016f0a
0000aa4
0001b10
0010c61
0006a07
1ff6900
1ff6900
1fdf2cc
000366c
1febf41
1fee8ad
1ffa186
1ff7b14
0003828
000366c
1febf41
1fee8ad
1ff7b14
1ffa186
0003828
0016ff0
1ffdec4
1ffc634
1fdb8bc
1fdb8bc
0061c70
00389c0
1ff1494
1fd68e4
1fe599c
1fe599c
1fef6a0
000f208
009e22a
0006b8a
1ff9622
1ff9622
000417c
1ffd148
1ff0a44
1ffd4b8
0001be2
0001be2
0008cac
0008030
1fe7001
1ff7c23
1fe98bd
1ffa8e3
1fe9a94
0008030
1fe7001
1ff7c23
1ffa8e3
1fe98bd
1fe9a94
1fd5700
1ff767c
000d094
1ff8980
1ff8980
00c6740
1febe80
1fcc578
0027030
1fe506c
1fe506c
0056ec0
1fc958c
1f4498a
0004612
1ffa88a
1ffa88a
1feb1e4
0034e94
1fe88d4
1ff2bc4
0011478
0011478
002991c
1fe8c28
0006301
000c1d9
0005b97
00108db
1fd6470
1fe8c28
0006301
000c1d9
00108db
0005b97
1fd6470
0041a40
000a308
1ff9750
1fdbf1c
1fdbf1c
1fd4270
1fc9ee0
1ff8240
1fdb1f0
1ff7e48
1ff7e48
1fc3ac0
0020d10
1ff6a20
0013b34
1ff7dee
1ff7dee
1fe1bd0
00003c8
1ff5b1c
000a550
0018586
0018586
0015668
1fed00c
1ff9fea
00076a2
0011aec
1ffbe7c
00131c4
1fed00c
1ff9fea
00076a2
1ffbe7c
0011aec
00131c4
002a6d0
1fde748
00189b0
000527c
000527c
004af60
1fd2010
1fd8e2c
002d804
0018140
0018140
0001110
1ff25c4
0214108
1fea41c
1fcbad4
1fcbad4
0013ba0
0021204
1ff880e
000d40e
000b150
000b150
000d170
000a32c
1ff736f
001cbc9
00116c3
1ff0019
0016f58
000a32c
1ff736f
001cbc9
1ff0019
00116c3
0016f58
1fdd940
002ea00
1feb308
00200fc
00200fc
1faf800
1fdfab0
00240d8
0026438
1fe3070
1fe3070
1ff1980
1fe586c
0067b52
0009498
0003edf
0003edf
001299c
002539c
00144a2
00055a8
000056b
000056b
1fd511c
00019fc
1fea970
0004b9a
000d4ed
00086b5
1ff87fc
00019fc
1fea970
0004b9a
00086b5
000d4ed
1ff87fc
001a670
000d260
1feb348
000e074
000e074
1fb8b10
0029c80
1feb3c0
1fda590
1fdea60
1fdea60
1fc0610
00053d4
1fa9557
1fe3c7b
0009da7
0009da7
1fff53c
1ff3174
1ffe857
0004b5f
00076e9
00076e9
000a944
0012ec4
000afeb
0009441
1ff9765
002762b
00275e0
0012ec4
000afeb
0009441
002762b
1ff9765
00275e0
1ffaf50
00009a8
1fe8538
0012220
0012220
0064880
0049c30
0010dc8
001fb18
1ffb0f0
1ffb0f0
1fe00b0
002236c
1f920ae
0017c44
000db19
000db19
0025f14
1ffaf34
1ffa452
1ffbc84
1ffbe8f
1ffbe8f
001696c
1fe5e20
000e652
1ffe736
0000f7d
0002ea7
1fff530
1fe5e20
000e652
1ffe736
0002ea7
0000f7d
1fff530
000f770
00256e4
1fe116c
00052e8
00052e8
1f70de0
1fd1a40
000b3a8
0002110
000af3c
000af3c
00453d0
0007b30
00968fc
1ffd642
0001bd9
0001bd9
1feaae0
1fa1760
1fe9906
1ff999c
000360f
000360f
0021e38
1fec1f0
0001dff
1ffa455
1fffa94
0000618
1fdde6c
1fec1f0
0001dff
1ffa455
0000618
1fffa94
1fdde6c
1fdbb10
1fdc5a0
00457e0
00130d0
00130d0
0005a50
007ee60
1ff78f0
1fb15f0
1fff9c0
1fff9c0
1f8f900
0017348
00a03a0
00152d8
1fff5a0
1fff5a0
00220e8
001c788
0005d1e
00260b2
1fdd5a8
1fdd5a8
0037210
1febc90
1ff8abd
00089df
1ff84a3
0003af5
1ff916c
1febc90
1ff8abd
00089df
0003af5
1ff84a3
1ff916c
1fea3c0
001aad4
001c954
000ee14
000ee14
001a0e0
0011440
1fc9c50
0014a80
1fecd38
1fecd38
003fb10
001cf4c
1fee187
000273d
0011932
0011932
1fcc23c
0023b74
000b1ad
1ff9dc3
1ff0138
1ff0138
002e3bc
1fedf00
1ffd8b2
00119dc
1ff29eb
002545b
0003e3c
1fedf00
1ffd8b2
00119dc
002545b
1ff29eb
0003e3c
0034190
001d2cc
1ff5be4
0003380
0003380
005fe60
0026000
001d578
1fd7050
1ff7ea4
1ff7ea4
001a190
1ff2580
1f8a023
0006bab
0013b69
0013b69
00118a8
0032120
1fdfb89
1feed5d
1fef1f9
1fef1f9
1fddd98
000bec8
000afd8
1fff8fa
1ff26e4
000a3de
0005900
000bec8
000afd8
1fff8fa
000a3de
1ff26e4
0005900
1fea5b0
0005230
1ff7770
002e858
002e858
002a170
1fc57e0
0016f8c
0031c84
1ffdf78
1ffdf78
1fe3240
000df24
1ff72f9
1fdffd1
000765d
000765d
001986c
1ff74cc
1ff355f
1fe4483
001636d
001636d
000b9cc
00239e8
0006518
1ffd462
1ff3dfa
1ff3484
1fed7c4
00239e8
0006518
1ffd462
1ff3484
1ff3dfa
1fed7c4
007bb10
1fd4cf4
1fd62ec
0011270
0011270
1faffa0
0009e80
001ded8
1fe4a28
0014db8
0014db8
1feb3b0
00148d8
003396c
1ff7fa0
0006e28
0006e28
1fca680
1fc9c70
000d8f4
1ff6208
00094a0
00094a0
1fdf3f0
0021adc
1fe710e
1ff3c52
1fe0d24
1ff9390
1fed7b0
0021adc
1fe710e
1ff3c52
1ff9390
1fe0d24
1fed7b0
0078060
1fd16f4
1fedadc
1fe25f0
1fe25f0
0000840
004ab20
001dab4
1fcdad4
1ff48ec
1ff48ec
1fe21e0
0007ce4
0033e8b
1fea393
1feb7ab
1feb7ab
003bd48
1fea854
0001821
0010e0d
1ff95df
1ff95df
00117b0
0021394
000e6b6
0000fec
1ff28ec
1ff6162
1fe6dc4
0021394
000e6b6
0000fec
1ff6162
1ff28ec
1fe6dc4
1fd18a0
003fd94
002791c
0012498
0012498
1fd9000
000eb40
1fea570
1ff7928
0004464
0004464
0036f30
1ff09d8
000a674
1ff8e0a
0000f83
0000f83
00007a4
0020460
1fe4840
0014406
00113db
00113db
00316dc
1ffd48c
0012766
1ff5d74
0007671
0000b95
1ff2c08
1ffd48c
0012766
1ff5d74
0000b95
0007671
1ff2c08
0055d50
1fed334
1ffd044
1ff1694
1ff1694
0061d90
1f8cde0
0002b98
0010438
00336e0
00336e0
00266a0
0029d28
000f357
1ff5f29
1ff81c8
1ff81c8
1fe5214
1ffb500
1fdbf09
0020b1b
1ff1ee2
1ff1ee2
00123ec
001538c
000eb48
1ff3026
1ff48e1
1ff5325
002e920
001538c
000eb48
1ff3026
1ff5325
1ff48e1
002e920
1fc7eb0
0008f2c
1ffbc64
000bc50
000bc50
1fc04d0
1ff4d90
1fe55d4
1fde03c
1fec160
1fec160
000e6b0
003be98
0098da7
0006a17
1ff1c49
1ff1c49
000dbd8
1fecd58
000d8b5
000f115
1ffc6db
1ffc6db
00212a0
1fec9f0
000f4a0
001b344
001609e
000be8e
1ff8274
1fec9f0
000f4a0
001b344
000be8e
001609e
1ff8274
1ffc720
1fd9124
1fcd26c
0027c58
0027c58
1fa0510
0069340
0016c10
1fe05b8
1fefc24
1fefc24
005ad70
1fe4060
1f3f825
1fe56bb
000a900
000a900
0008ae4
1fe59e8
1fe8aef
00034b5
001621e
001621e
0012804
0007124
1ffbe78
000bc4a
1fd4799
0002475
0017214
0007124
1ffbe78
000bc4a
0002475
1fd4799
0017214
1ff3280
000984c
1fe1b7c
0015794
0015794
1fb3f90
0033bb0
001cde8
1ffedb0
1ff4e8c
1ff4e8c
1fbebd0
1feab0c
1fd419a
00062a8
0006bf5
0006bf5
0007f24
1fe5ab4
0007f14
1ff6576
000c0f5
000c0f5
000443c
1fe5268
000263f
1fff5b7
0014544
0015246
000aa10
1fe5268
000263f
1fff5b7
0015246
0014544
000aa10
004f5c0
1fe3b3c
1fee88c
0015204
0015204
0012630
1ffee90
1fdb334
0006054
1ff663c
1ff663c
1fdf050
002074c
01e2251
1ffb223
0009b2c
0009b2c
00043a4
1f9a22c
1ff1023
0006915
0002b46
0002b46
001ba3c
1ffeb24
1fe732c
1ff8b22
00019d3
000639f
0002160
1ffeb24
1fe732c
1ff8b22
000639f
00019d3
0002160
1fea9a0
1f84c00
1ff2ae8
1f96554
1f96554
0044e40
1fb1fa0
1fc3c10
0041d90
00098e0
00098e0
0068e10
001c500
0099664
0007536
1fff02b
1fff02b
001e0ac
0008188
0008aca
1ffb520
0014c0f
0014c0f
1fe9274
00179fc
000951b
1fe2f93
1fecd1e
0002dd8
1fe6670
00179fc
000951b
1fe2f93
0002dd8
1fecd1e
1fe6670
1fede30
1fcaee8
00048d8
001ab58
001ab58
00273f0
1f96df0
1fe1538
0021f58
0039658
0039658
1fb69a0
000dbf0
1fa2a3c
001ee3a
1ff1fd7
1ff1fd7
00081e4
1fd9e00
000274c
000d596
00103f5
00103f5
001fc8c
001a6b0
000931c
1ffaa58
1ff80ad
1fd18df
1fe8df0
001a6b0
000931c
1ffaa58
1fd18df
1ff80ad
1fe8df0
002f760
00214cc
1fcd3ac
1fee754
1fee754
1faba20
002ec20
1ff1d04
1fe315c
1fcf0f0
1fcf0f0
000f470
1ffd320
1f8b51a
00143ea
000c540
000c540
002e7a0
1ff8138
1fd6ff8
0007520
1ff332a
1ff332a
1fa6170
0024824
002c3fb
00125ab
0005221
1ff01d9
1febe40
0024824
002c3fb
00125ab
1ff01d9
0005221
1febe40
0018760
0030e24
1fec88c
1ff28f0
1ff28f0
1fb72e0
003f1d0
0009948
0000e30
1fce11c
1fce11c
1fe4cd0
1fd9d40
0095762
0008946
0003932
0003932
0013a2c
0035e20
1fde41c
1fe4e44
1ff7452
1ff7452
000079c
0009340
1ffa37b
1ff8bcd
0005c01
00044ff
000edbc
0009340
1ffa37b
1ff8bcd
00044ff
0005c01
000edbc
00498c0
1feb6f8
1ff5d98
1ff7d48
1ff7d48
1fa7440
1ff8980
0002220
1f98bd8
1ffce64
1ffce64
000dc50
1fcc5b4
00ac3ae
0019af0
0002a8f
0002a8f
0004fac
1ffd86c
000b040
0007872
0019e6d
0019e6d
002ca74
0019ea0
1ff9743
1fede75
000c33a
0021caa
1ff06e8
0019ea0
1ff9743
1fede75
0021caa
000c33a
1ff06e8
1fbe160
1feef14
1fe15ec
000cca8
000cca8
00233a0
0032cb0
001a370
003f1b8
1fd6454
1fd6454
1fe0720
1ff7704
1fccd62
1fefd20
1ffdaa7
1ffdaa7
0020b40
1fbcd6c
1ffcda4
1fe9896
000a24b
000a24b
1ffb1f0
1fdd6e0
1fed235
1fed0e9
0017504
1ff9b2e
002ac48
1fdd6e0
1fed235
1fed0e9
1ff9b2e
0017504
002ac48
1ffd4a0
1ffa4b4
1fd5184
0007a94
0007a94
1fabf40
1fc9d10
00211dc
001ab9c
0031c44
0031c44
001ca20
0011550
1f8fdcb
00018f1
0001e7a
0001e7a
1fe0410
0035090
1fe76af
000447d
0003516
0003516
1ffa8b8
000a468
1ffe4e9
0006147
1fff5c6
00043fe
001ea4c
000a468
1ffe4e9
0006147
00043fe
1fff5c6
001ea4c
00a5de0
1fd0090
1fd9d08
1fe9ccc
1fe9ccc
001b150
0001690
0008444
002b884
1fe0b3c
1fe0b3c
0012eb0
0001c1c
1ffdebe
0002088
0005ce1
0005ce1
0037300
1ff2cf4
0017bd6
1fd76c8
0000041
0000041
0006438
000c000
1fffb2a
1ff6170
1ffe4b3
1fdea87
1fe5e3c
000c000
1fffb2a
1ff6170
1fdea87
1ffe4b3
1fe5e3c
1fbc210
0038900
0000eb0
1fe0920
1fe0920
1fd5be0
001ff20
1feb9e4
001f58c
1fe6618
1fe6618
1fd3470
1ffed2c
001ae96
0014064
000be47
000be47
1fe6c94
1fcafb4
1ff22c8
001073a
000e95b
000e95b
00255bc
1fdf920
000034f
1ff2f57
00011b6
001cea4
1fe1240
1fdf920
000034f
1ff2f57
001cea4
00011b6
1fe1240
1ff2c00
1feef5c
1fece5c
0010c6c
0010c6c
0036070
1f84110
1fe58d8
0020368
003b4b0
003b4b0
1ff6900
1ffbd48
0060b85
1ff817b
1ffcf28
1ffcf28
1fbab1c
1ff6dc8
1ff3477
1fff055
1ffc746
1ffc746
0030aa4
002e700
001a83a
1fe615c
000a0f3
1fe7643
1ff5120
002e700
001a83a
1fe615c
1fe7643
000a0f3
1ff5120
000f9b0
1fd49f4
1ff7ef4
0018784
0018784
1fbafa0
1fe7010
001b244
1ff1e74
000ffac
000ffac
00b5e90
1ff49dc
000fb3b
1ff9cf9
001023e
001023e
1fbbda4
001b1f4
0007473
001ea89
0002f66
0002f66
1ff1fbc
1febe10
0008af1
1fff5a3
000b23e
000c092
1fe1dd8
1febe10
0008af1
1fff5a3
000c092
000b23e
1fe1dd8
0036750
00041a0
1fc8930
1fe9650
1fe9650
1fe2a60
1fb1660
1fff6c0
0045a98
0024234
0024234
1fee3b0
0037f9c
0034212
1ff73ca
1ffa030
1ffa030
00273ec
000317c
1ff865e
1fe4dae
1ffcf64
1ffcf64
1fff8e4
0005efc
00038c6
0003472
1fe9fc8
1ffb978
1ff4470
0005efc
00038c6
0003472
1ffb978
1fe9fc8
1ff4470
1fe5500
1fc63c0
00025c8
00304ec
00304ec
1ff7640
1f9e2f0
0009314
1fea76c
1fff388
1fff388
1fe4ea0
00849a4
009dc1d
000a923
1ff84ae
1ff84ae
0010ff8
1ff193c
000a629
0003017
000e87a
000e87a
0024fa8
0033c30
1ff77ef
1ff20a1
1fea9e2
1ff834e
00081e0
0033c30
1ff77ef
1ff20a1
1ff834e
1fea9e2
00081e0
1f9cbb0
0007cf8
0013f18
001dd68
001dd68
1ff9bd0
00652b0
001e180
1fbae60
0005a18
0005a18
1ffa8f0
00080c0
1f4df71
1ff4107
1ff557e
1ff557e
0010574
1fef2c8
0007969
00176fb
1ff94b0
1ff94b0
1fef32c
000c584
1ffa4cb
000f3b3
00073c8
1ffeaee
001a100
000c584
1ffa4cb
000f3b3
1ffeaee
00073c8
001a100
1fdbda0
001eaa8
0010300
1ffcd44
1ffcd44
00363b0
1fef1b0
0001740
1ff2ea0
1fe16b8
1fe16b8
1fe5dc0
1fd8c40
1ff5f86
1ffe220
0008aa3
0008aa3
1fe3018
1fe0ea0
0010f4c
000adf2
0010fd7
0010fd7
1fec5e8
1ff4630
0000155
1fffd71
0008b5a
1fe86cc
000dbb8
1ff4630
0000155
1fffd71
1fe86cc
0008b5a
000dbb8
1fc4730
001db4c
0002a04
1fe7ef0
1fe7ef0
1fce780
1fbc000
001a610
002bec8
000ab04
000ab04
1fc5b70
001e59c
01b9667
0010507
1ffa6a7
1ffa6a7
003ec98
1fe3ddc
1feca69
000a7d5
1ffba8b
1ffba8b
1ff5b50
002b1f4
1ff9d66
1fe62bc
00098ee
1ff9860
1fe1d74
002b1f4
1ff9d66
1fe62bc
1ff9860
00098ee
1fe1d74
0026020
1fedc78
0003f80
1ff4fdc
1ff4fdc
1fb80b0
001ade0
1fed5e0
0009ce0
000dde0
000dde0
00425e0
1ffc6e4
006760c
000686a
001ff5d
001ff5d
1ffd598
1fea254
1ffb746
1ffd82c
0006237
0006237
1ff7fc8
1fed7e4
00175df
0005a51
1feae02
1fe9d6e
0002510
1fed7e4
00175df
0005a51
1fe9d6e
1feae02
0002510
0039120
0063a10
1ff8b60
1ff1898
1ff1898
1fbe4b0
1fe4370
1ffc248
1fe7398
1ff8c28
1ff8c28
1fe4ed0
0022bb4
1fba990
00078ac
1ffea2a
1ffea2a
000f75c
0048544
1ff5620
0003208
1fee8a0
1fee8a0
000f8a4
1ff49b4
000a796
000e5f8
000f398
1fd6fa6
000e2e8
1ff49b4
000a796
000e5f8
1fd6fa6
000f398
000e2e8
00547a0
1fe862c
0011a5c
1fe92ac
1fe92ac
1fcf820
0035fb0
00344f8
1ffc9f0
002cdcc
002cdcc
0026880
000f5a0
1f6a61a
1ff68ee
00064f0
00064f0
1fdafbc
1fbb7e8
1fff33c
0004b50
1fe30f2
1fe30f2
002540c
1fd41fc
1ff6d63
000238f
00048a9
000b769
0001814
1fd41fc
1ff6d63
000238f
000b769
00048a9
0001814
1fe6e90
0017c9c
0012a4c
1ffb81c
1ffb81c
1fa8450
1fb7690
1fe19c4
0019eec
1ff2720
1ff2720
0006d60
1ff9454
0097d2c
0001efc
00094c8
00094c8
1ff8f80
1fc379c
0009cf8
00143d4
0005b3e
0005b3e
0033940
000a0d0
0001020
1ff22da
1ffded0
1fef56e
00051d8
000a0d0
0001020
1ff22da
1fef56e
1ffded0
00051d8
1fbd180
0009068
002ab08
00029d8
00029d8
0085ea0
1ff33a0
0022a28
1fcd6e8
1ffc580
1ffc580
1f5a5c0
0021398
00a1936
1fc65f2
1fef01a
1fef01a
001c408
1fe94c8
0005302
1ff2b42
0027564
0027564
1ff7530
002b090
1ff7124
1fffbe6
000ac1c
1ff6586
000f87c
002b090
1ff7124
1fffbe6
1ff6586
000ac1c
000f87c
1ff8d00
0007b70
1ff5300
0018900
0018900
0024280
1fc2b00
1fec540
0060810
00065c8
00065c8
006d9b0
000bf44
1fea7aa
1fc3126
1ffa470
1ffa470
1fef830
1fc497c
0019900
1ff6cd8
000adcc
000adcc
001fc80
0023320
00007bd
1ff5f6b
000f279
1fef23f
1ffc260
0023320
00007bd
1ff5f6b
1fef23f
000f279
1ffc260
1fe92d0
000940c
1fff344
1ff6618
1ff6618
0002b60
1ff6990
0031ee8
1fc4a78
0025bd0
0025bd0
1faaab0
1fde01c
1f99bb9
000c5b5
00162bf
00162bf
0028798
002712c
0004261
00144a1
1fdfe51
1fdfe51
1fedab0
001953c
1ff210b
0013a2d
1ffaebf
000c471
002d964
001953c
1ff210b
0013a2d
000c471
1ffaebf
002d964
1fbb4c0
002c1a0
1ffd9a0
0021910
0021910
1f97490
1f89070
00208ec
1fbcd7c
0009e5c
0009e5c
1fa2950
0014794
000441e
000c9aa
000fb4c
000fb4c
1ff3bb0
000f494
00260a0
00015e8
1fff9f0
1fff9f0
1fed888
1fec354
000c589
0014c43
000b2ef
0001f81
0041a0c
1fec354
000c589
0014c43
0001f81
000b2ef
0041a0c
1facd90
0028564
00129fc
1fef8d8
1fef8d8
1fec220
1fe7960
1fec450
1ffdfc0
1fdf200
1fdf200
1ff2540
002bd34
00177ca
1feeb20
0004975
0004975
1ffc3c8
1fb5f9c
1ff3226
001991c
1fff7b9
1fff7b9
0005438
1ffdcc8
00068ae
00045e8
000b74f
000025f
1feb590
1ffdcc8
00068ae
00045e8
000025f
000b74f
1feb590
1fc5bd0
001c6cc
0006ba4
0021da0
0021da0
0046360
003a1d0
1fef448
0015d18
0004458
0004458
1ff8010
1fe5248
0050d49
1ffeb17
1fedb32
1fedb32
00102d4
1fffad0
1ffdd45
1ff6723
0005f7a
0005f7a
0001e04
0013194
0020c93
1ff000d
1ff29d0
0004e48
1fd27a4
0013194
0020c93
1ff000d
0004e48
1ff29d0
1fd27a4
0040c70
1ffd034
1fcbde4
1ff33a4
1ff33a4
1ff3400
1fcb5e0
0011fa8
0019b38
000bbb0
000bbb0
1fc3330
001c7b0
1fe7cb1
1fe8f41
0004acf
0004acf
1ff3b58
002de28
1ffd8d3
00262d3
0007ff9
0007ff9
003f340
000edb4
1ff74ae
1ff53da
0000a26
000060e
1ff7854
000edb4
1ff74ae
1ff53da
000060e
0000a26
1ff7854
1fd2650
000ce08
008baa0
00119ac
00119ac
0036d60
1fbb140
0025cac
000c61c
00059ac
00059ac
000cfb0
0027bac
0044f64
1feb230
0005a82
0005a82
0012124
1ffd0f4
1fe5a16
00177de
0006cea
0006cea
001606c
0007eb8
1ffc7d9
1ff389f
0005fc7
1fed3c1
001cb88
0007eb8
1ffc7d9
1ff389f
1fed3c1
0005fc7
001cb88
0027400
00019ac
000d2e4
000bc38
000bc38
1f84030
1ffeb60
001d16c
1fee03c
1fdfd9c
1fdfd9c
0040860
002363c
00c5421
1ff534f
1fff334
1fff334
1fc7e78
1ff9494
0011bb3
1ffd601
1ffce4a
1ffce4a
1ffb048
00104e8
1feb31e
0007d24
001a16d
0002439
00110b0
00104e8
1feb31e
0007d24
0002439
001a16d
00110b0
1fd1530
1fdca98
1fcb2f0
1fd9b1c
1fd9b1c
000f8c0
1fb51e0
0036734
0022af4
1ff741c
1ff741c
1fc1650
0002694
1f3f222
00041b8
000032d
000032d
001400c
0046acc
1fe67a4
1ff02ee
1ffb651
1ffb651
002b624
1fe0e58
1fffd55
0005461
1fee930
00085d6
1fffe50
1fe0e58
1fffd55
0005461
00085d6
1fee930
1fffe50
006ee10
1f94c00
00091a0
000c6d8
000c6d8
00344e0
1ff5180
1ffc468
1ff03e8
1fd47a8
1fd47a8
1fd3860
1ff48f0
1fe47ed
1fe4271
000159f
000159f
1fad1fc
0001360
0006247
000af1b
002b8c9
002b8c9
0018b24
1ffa768
00051dc
000f500
1fff12a
0011ca2
00127c8
1ffa768
00051dc
000f500
0011ca2
1fff12a
00127c8
0005660
1ff4860
002cd40
0009328
0009328
0012390
1ffd170
00220ac
00117e4
0009e28
0009e28
000ffb0
1fed3ac
02327b0
1ffb892
1ffa261
1ffa261
0022208
1ff4a84
0020874
001278e
1ffbd9d
1ffbd9d
1ff1850
00056f0
1ff9794
1fed1fe
00082f1
1ffadbd
1ffb94c
00056f0
1ff9794
1fed1fe
1ffadbd
00082f1
1ffb94c
1f8c2c0
0003834
1fe977c
000ac78
000ac78
00527b0
0024cd0
0046360
1fea3c0
1fefb08
1fefb08
1f9c230
003d6c8
0087a87
00074c7
1ffb82b
1ffb82b
0006818
001a3c8
0009e7b
1ffc863
000a947
000a947
1ff3258
1fefa68
000ac4d
1ffca01
000343f
000c51b
00037e8
1fefa68
000ac4d
1ffca01
000c51b
000343f
00037e8
1fb2bb0
001a3f0
0016bb8
000f45c
000f45c
1fee070
1fdcb80
0016f10
1ff9db8
0001964
0001964
1ff88a0
0023474
1fca527
000aa1b
000d255
000d255
0013708
1ff8c74
0008b0d
00022d9
000adbb
000adbb
000d130
0034de4
1fe94ac
1ff82f4
000521e
1ff7a46
000a8dc
0034de4
1fe94ac
1ff82f4
1ff7a46
000521e
000a8dc
1fda890
000a144
001304c
0012c00
0012c00
1fb17c0
005df10
1ff8184
000a144
1fe2aa4
1fe2aa4
0001980
00031b8
1f81dc1
00055c5
1feb377
1feb377
1fe48a4
1fea358
000f757
1ff599f
000d22f
000d22f
001039c
1fe3250
1fef404
000df26
1fec1ca
1ffee70
1ff5c68
1fe3250
1fef404
000df26
1ffee70
1fec1ca
1ff5c68
1fd31f0
000c230
001a060
001f3e8
001f3e8
0031000
0017fe0
1fd661c
1ff4ba4
001a2a8
001a2a8
003b4e0
0014344
0088289
1ffff3b
0037966
0037966
1fe621c
0010f64
1fdf5b9
000689f
1feb0b0
1feb0b0
1fd4fec
0015dec
1ff7deb
1ff41f7
0017c32
1ffdf70
1ffe4dc
0015dec
1ff7deb
1ff41f7
1ffdf70
0017c32
1ffe4dc
00082c0
001b398
1fd3d08
1fd3a50
1fd3a50
1fe37c0
001b980
00379a0
1fac798
000d774
000d774
1ffeef0
000a25c
008e087
1ff4df3
1ffdc71
1ffdc71
1feb210
00143a4
1fea89b
003eeeb
1fe1287
1fe1287
0038980
000a870
1fe7da3
0016289
1ff9a9d
0008faf
0035588
000a870
1fe7da3
0016289
0008faf
1ff9a9d
0035588
000eff0
0000040
001af60
0006770
0006770
0049980
0033d70
1fe835c
0032204
1ff1068
1ff1068
0012840
1feabc0
1fe2e34
1fd8a4c
0016fec
0016fec
0042aa4
00313a8
1ff4a7c
1ff65f8
0007a6a
0007a6a
0000e3c
1fbf404
0013d5e
003a848
0018014
1ffd236
0037848
1fbf404
0013d5e
003a848
1ffd236
0018014
0037848
0055e80
1fdb144
003847c
1fe5498
1fe5498
0030d10
00197f0
1fdf908
1fe8cb0
1ff474c
1ff474c
0035e70
1ffdd94
1f96532
1fe8d3e
1ffe7cc
1ffe7cc
1fe0064
000d224
000e4bc
000277c
1ffd6d4
1ffd6d4
1fe7a74
002adfc
000156b
1feae8d
1fe00f7
1fe3565
1fee324
002adfc
000156b
1feae8d
1fe3565
1fe00f7
1fee324
1f80d50
001c3c4
002d974
1ff0d94
1ff0d94
0018690
0023800
1fe9698
0010188
1ff1bf8
1ff1bf8
1fccdf0
0031d04
1ff494e
1ff31ee
1ff7224
1ff7224
1fd7278
1fe48ec
0009dec
0006198
1ffd2fc
1ffd2fc
1fe6640
1fd0278
0012345
0008e8f
0007cf1
1ffdd83
1ffbe4c
1fd0278
0012345
0008e8f
1ffdd83
0007cf1
1ffbe4c
1fbf4e0
001f78c
002aa1c
1ff99d4
1ff99d4
1fc80c0
002a320
0008b94
1fff684
1fd28d4
1fd28d4
0000e70
000ae38
000663d
1ffc927
1ff156c
1ff156c
1fe2dbc
001eb00
00129cb
1ff3179
000bd9c
000bd9c
1feafbc
1ffa58c
1fee7e2
000be16
0003727
000bb4d
1ff52ec
1ffa58c
1fee7e2
000be16
000bb4d
0003727
1ff52ec
0029e70
0037d2c
1fdcd24
0030b60
0030b60
1ff4ef0
003e1f0
1ff40c0
000f958
0026064
0026064
1fe2f10
000522c
002d18e
1ffbe78
1ff7ea7
1ff7ea7
0032ce0
1ffa324
0017932
1ffd534
1fffb03
1fffb03
1fcf8b0
0005540
000e1c8
1fed462
1ffa851
1ff6975
0004ba0
0005540
000e1c8
1fed462
1ff6975
1ffa851
0004ba0
00047f0
0017d70
0003568
0019d3c
0019d3c
1fc5fb0
006ca60
1fc4a64
0008974
1fd633c
1fd633c
000e670
1ffe270
000f81e
1ffef46
1ffabc8
1ffabc8
1fd756c
1fcd2c0
0016c62
1fffee6
000da2e
000da2e
0030cfc
00097d8
1ffc71e
1ff3a6c
1ff6858
00060ea
0009ecc
00097d8
1ffc71e
1ff3a6c
00060ea
1ff6858
0009ecc
0002330
1fea514
1fe5e7c
0025438
0025438
0009060
1fefc70
1ffff14
1fba444
001b6e4
001b6e4
0015270
0004c60
00243f2
0000684
1ffc5e7
1ffc5e7
1fcccd0
1ff9600
1fe02ee
0023700
1feb4f7
1feb4f7
1fe62a8
0010100
1ff02bc
1fec52a
000fdef
000d6bb
1ff528c
0010100
1ff02bc
1fec52a
000d6bb
000fdef
1ff528c
1ffc510
1fc7d9c
00013ec
1ffe90c
1ffe90c
0039eb0
1fccb80
0031a54
1fee304
0042f3c
0042f3c
0011df0
1ff2b18
00b39c5
0002d47
000210e
000210e
0028708
001d580
1fedd37
001df8d
1ff69fa
1ff69fa
1ff7b30
002d2ac
0002ee0
0002550
1fd39a1
1ff3c57
000038c
002d2ac
0002ee0
0002550
1ff3c57
1fd39a1
000038c
1fffda0
1ff41b0
1ff0b68
000b12c
000b12c
1ff2540
002bc50
001d970
1fb3890
000e638
000e638
002b390
1fc17ec
1eeb850
0022368
1ff55f0
1ff55f0
0026bc0
000759c
0013afe
003484a
1ff1cc0
1ff1cc0
00130a0
1fdc2bc
0000949
000a1bb
0006709
1ffc813
1fd9438
1fdc2bc
0000949
000a1bb
1ffc813
0006709
1fd9438
002dd90
1ff9ffc
1ff7464
1fd2f38
1fd2f38
003eda0
001ce70
1ffa2fc
1feb5f4
1fe8890
1fe8890
00411d0
1ff5ec4
1fd3f11
1ffd7a7
1ff7872
1ff7872
1fe1ea8
1fb03ac
0006435
00100ef
000d074
000d074
1ff22b8
0002978
000571d
1feecdd
000679c
000d0ee
1ff1aa0
0002978
000571d
1feecdd
000d0ee
000679c
1ff1aa0
1fb9c70
002cac0
0021260
0008300
0008300
000c0c0
1fb96a0
002d180
1ff5200
000cee8
000cee8
001c900
1fb5528
0223ea7
001150d
00045d4
00045d4
1fd9b24
0006cd8
1fcf2ef
0011cc1
000c302
000c302
00039bc
0005960
000e70b
1ffe78f
1ffc950
1fe8bee
0000118
0005960
000e70b
1ffe78f
1fe8bee
1ffc950
0000118
0060ae0
1fd1144
1ffe844
0019fe4
0019fe4
0033de0
1fee4d0
0004eb8
1fed7a8
1fd9c98
1fd9c98
00046a0
1ff4994
0066fce
0002064
0009765
0009765
1ffb988
0011cd4
00019a0
000bcc2
0005395
0005395
1fe1760
00276ac
0005557
1ffcb03
0011bc8
1fee68a
0013b0c
00276ac
0005557
1ffcb03
1fee68a
0011bc8
0013b0c
1fb4b60
0008494
0019e5c
1ffa4f8
1ffa4f8
1fc7f10
1fbefa0
1fe7b84
000eb94
1ff1484
1ff1484
006d760
0008df4
1f9f7aa
0006898
1ffe06b
1ffe06b
1ff3740
00161b4
1fd6388
0024b4e
1ffcb35
1ffcb35
1ff8d00
0024a34
001c94f
1ff7b29
1fe70ba
0018d02
1fd07f0
0024a34
001c94f
1ff7b29
0018d02
1fe70ba
1fd07f0
0012a40
1fe7a84
1fcf5a4
1fe4a34
1fe4a34
001d890
1ff2550
00453ec
1ff52c4
0016018
0016018
0013200
0006910
1f67e98
00094d0
1ff4dc0
1ff4dc0
000e7c4
00233c0
1fe87fe
001d9a6
1ffe11a
1ffe11a
1fd5554
001c648
1ffa853
000a4ef
1ff2a01
0001135
000d8ec
001c648
1ffa853
000a4ef
0001135
1ff2a01
000d8ec
000eae0
00279e4
1fc76c4
1ff227c
1ff227c
1f53dc0
1fcde80
1ff0d64
000b0dc
0013a50
0013a50
1ffcbd0
000e970
008f9ac
1ffe08e
000c491
000c491
1fef4b4
000a7d0
1ff96e6
000f0d4
1ff3c81
1ff3c81
0052a84
1ff23b8
1ff9235
1fedda9
001159e
1ffbe38
1fe3b1c
1ff23b8
1ff9235
1fedda9
1ffbe38
001159e
1fe3b1c
1faca20
1fe3f5c
00524f4
0008670
0008670
002c980
1fd4de0
1ffdf28
1ffe8a8
001b0e0
001b0e0
1fd93d0
000413c
00a4553
001fda3
0005fd9
0005fd9
002fa8c
001132c
1fefd2f
0011187
1fec3d9
1fec3d9
1fc50d4
00251d4
1ffd2e7
00001b7
000682b
1fe83b7
1fe8b28
00251d4
1ffd2e7
00001b7
1fe83b7
000682b
1fe8b28
003aeb0
1ff3428
1ff0d30
0008d1c
0008d1c
1ff2fb0
00282c0
000cb78
0006ea0
1fef5ec
1fef5ec
1fac070
1fe33a0
000d488
1fe5eba
1ff8f41
1ff8f41
1fd20c4
001b788
1ff2634
000876a
1ffc60f
1ffc60f
1ffe1b4
0017ef4
1fee996
1ffc936
001f881
1fec24b
00167ec
0017ef4
1fee996
1ffc936
1fec24b
001f881
00167ec
005e170
1fe70e8
1fdc4e0
1fd5ee4
1fd5ee4
1fedaf0
0010970
0000bb0
0044768
0020124
0020124
0011f40
1fe7bd4
1f996de
1fff130
1feff33
1feff33
1ff4efc
1ffe654
00086a4
000e566
1ff85fd
1ff85fd
1fcdde4
1fcbc0c
000d203
0001361
0003df4
1ff5444
0013bf8
1fcbc0c
000d203
0001361
1ff5444
0003df4
0013bf8
1fd8f00
0011708
0015218
0007a18
0007a18
1fe0cf0
1ffeac0
1fecc88
00441f8
1fee818
1fee818
003afe0
1ff7b1c
0009690
0020d1c
1fff004
1fff004
0011a2c
1ff998c
001205c
1fecefc
1fff6f6
1fff6f6
1fe18d4
001f16c
0005990
1fe3836
0008b28
1ff5466
0003e20
001f16c
0005990
1fe3836
1ff5466
0008b28
0003e20
1fa99d0
002c8fc
1fe47c4
0013578
0013578
1fc3fc0
1fa4010
1ffaa68
1fab5a0
000fdbc
000fdbc
1fb2340
1fedbdc
00244c0
1ffed22
00007a1
00007a1
001cf50
1fc5de4
001d46e
1ffe504
0010125
0010125
1ff1c30
1ffdcf8
0002b77
0002ce3
000bd6e
0009d78
001fb28
1ffdcf8
0002b77
0002ce3
0009d78
000bd6e
001fb28
1fdf8a0
1fd7bf0
1ffe360
0004280
0004280
0004840
0014e50
00183a4
000b624
000bf5c
000bf5c
1fa86e0
0007abc
002aa13
1ffa683
1feb08d
1feb08d
000b210
0014b94
1ff0e2b
0005a37
0019d67
0019d67
1fe5290
0013cf0
1fe4a67
0003c69
1ff013f
1ffbe51
1ff4390
0013cf0
1fe4a67
0003c69
1ffbe51
1ff013f
1ff4390
1facab0
001aad0
000eed8
0037f6c
0037f6c
00758d0
001f780
1fe67f8
001fe88
0003248
0003248
0096490
1fe518c
000f6c5
1ffbdff
1ff2290
1ff2290
1fca168
1ff1184
001b217
0003371
000f94e
000f94e
000a7a0
1fe0458
0010894
001de9e
1ff390d
00031bd
1fe424c
1fe0458
0010894
001de9e
00031bd
1ff390d
1fe424c
1fb0d40
0013554
000b0f4
1ffda4c
1ffda4c
1fe36b0
000fad0
0021da4
0059ce4
000ed7c
000ed7c
0039930
1fe9b94
0066964
1ff67c2
1ffc473
1ffc473
1fe9974
0021044
1fe41c8
1fdbc2a
000cf85
000cf85
1ff7e7c
00156cc
0007eba
1ffc95a
1fefaa5
1fd3ed3
1ff0430
00156cc
0007eba
1ffc95a
1fd3ed3
1fefaa5
1ff0430
1fdfe80
1ff07d0
1ff54c8
1fea2bc
1fea2bc
1ff7770
002b430
1fe6794
001df8c
1ff17f8
1ff17f8
0025e20
0015e84
00d0f5d
0013665
0016ae9
0016ae9
1ff010c
1fec88c
1fe5e79
00178d9
1fe29fd
1fe29fd
1fecca4
1ff5c18
1ffccdd
000fd01
001622d
000141d
1ffdb58
1ff5c18
1ffccdd
000fd01
000141d
001622d
1ffdb58
1fd9040
1ff54bc
1ff99a4
0005510
0005510
1f9d440
1fdcd30
0008ca8
002cb60
000c80c
000c80c
1fe12b0
1ffbf80
1f44519
000693d
000d891
000d891
00361f8
1fe3fc0
1ff70eb
0026c67
1ff0857
1ff0857
0022ff8
0019b60
1fe615c
1ffc250
1ff00bc
00041ac
0032028
0019b60
1fe615c
1ffc250
00041ac
1ff00bc
0032028
1fdf9d0
1fd426c
00170dc
1feeed4
1feeed4
00324d0
1ffaee0
0006aa8
1fff5a0
1fe4b5c
1fe4b5c
004f910
1fd462c
1fe465e
1ff0e04
0020e4b
0020e4b
1fd9514
000729c
000519e
1fd5cb8
1ff5219
1ff5219
1fde1fc
000220c
000698c
1ff9cdc
00002f3
00037b5
1ffff10
000220c
000698c
1ff9cdc
00037b5
00002f3
1ffff10
004abe0
1ffb5b4
1ffa754
000fd0c
000fd0c
1fed700
1fe1ae0
000a538
1fef6d8
1fdc230
1fdc230
1fb16e0
0003200
0203a14
000ed3e
0001707
0001707
002f024
1fd5518
1fe66a4
0015c3a
1fe7c35
1fe7c35
0006a14
00057d4
1fedaf4
0014f40
0005de1
00103cf
002fb44
00057d4
1fedaf4
0014f40
00103cf
0005de1
002fb44
1fc1440
1fefe28
1ff73f8
1fe1d48
1fe1d48
1feed80
00104b0
0027cf8
0026350
1ff7f84
1ff7f84
1fe07e0
0000458
00882ef
1fd3913
1fec731
1fec731
1fe01e0
1fff198
0005527
00014ff
1ffe737
1ffe737
1ff8878
001f058
1feaba7
1fec80d
001755d
1fe106b
0018ed4
001f058
1feaba7
1fec80d
1fe106b
001755d
0018ed4
1fecf20
1f9f790
0031590
1ff0f50
1ff0f50
0004790
1fd0e40
001e8d0
00070c8
1ff9d04
1ff9d04
00376c0
1fe9d90
1f8da6b
001a813
1ffcfe1
1ffcfe1
1ff3a7c
0085440
1fdc525
1feb921
1feda71
1feda71
002876c
0029fc8
00181d8
1ff588e
1ff74e6
1ffc370
1fe788c
0029fc8
00181d8
1ff588e
1ffc370
1ff74e6
1fe788c
1fc8520
1fe5604
00143ac
0022ca0
0022ca0
0036290
1fdcc40
000de14
1fe0d74
1ff59ac
1ff59ac
0010410
1fa5910
1f9a19a
0019fdc
0013511
0013511
1fe99c0
0004e30
001ceba
1ff8fb8
1fe2383
1fe2383
000fd78
1ffbeb8
1ffda9e
000e562
0004265
1ffa0db
1feec9c
1ffbeb8
1ffda9e
000e562
1ffa0db
0004265
1feec9c
1fe67e0
0004ce4
1fe5c0c
1fc9170
1fc9170
0000af0
1fd0900
0032154
0008fb4
1fe0b6c
1fe0b6c
1ff1fb0
1ffcd6c
0081202
1fd19ee
0012846
0012846
1fbbdb0
0022ff4
1fc17c4
1fdd068
00032c0
00032c0
0018230
1fefa98
000005f
0012e63
1ff44b1
00229a1
0013400
1fefa98
000005f
0012e63
00229a1
1ff44b1
0013400
1fe9930
0039ae4
0024cb4
1ff6144
1ff6144
0022500
002c8c0
1feead8
0069ff0
1fe4964
1fe4964
0029b40
1fd4368
00b11f8
000897e
1ff7103
1ff7103
1ff87d8
0030878
0015d5c
1fff0a2
1ff77c7
1ff77c7
1ff1120
0023658
0006da8
1ff0eba
0004799
1ff0151
1fe564c
0023658
0006da8
1ff0eba
1ff0151
0004799
1fe564c
0016840
1feede8
0031338
001de48
001de48
0043110
002f7f0
1fdf1e4
003cd9c
000f5b8
000f5b8
000f810
1fd2dfc
1fdecda
0048820
1ffd9eb
1ffd9eb
006851c
1fdba64
001b212
1ffa5f0
00040bf
00040bf
000cdcc
1fe2828
0007dbc
000090e
0008159
000c81d
1ff357c
1fe2828
0007dbc
000090e
000c81d
0008159
1ff357c
00028b0
1ff49f4
002218c
1fe5a80
1fe5a80
007a2d0
1fcbc80
001ab3c
1fc912c
001bbcc
001bbcc
001c5f0
1fe62f8
1f90341
0005137
1fdd262
1fdd262
1fc670c
0000c70
1fee71d
00167e7
000dab8
000dab8
0026c7c
001e374
000bb41
001f325
0009b4e
1fe4b64
000d994
001e374
000bb41
001f325
1fe4b64
0009b4e
000d994
1fc0730
0010178
00249d8
0014e48
0014e48
0058e70
1fd4ca0
1ffb61c
1fd647c
001354c
001354c
00734d0
000e48c
0018467
1ff14bf
1ff6165
1ff6165
1fff738
001ec2c
1ff6575
1fe01dd
000dff3
000dff3
1fc8e10
0041f3c
1fed60e
000adca
1fe3768
1ffe3c4
000c6bc
0041f3c
1fed60e
000adca
1ffe3c4
1fe3768
000c6bc
009c680
0005dcc
1fe04e4
1fc5eb0
1fc5eb0
1f9fee0
0019870
00037d8
1ff5398
1fde678
1fde678
001ef60
1fcab28
0032fa5
000a22d
001604b
001604b
1fdf720
1ffc5e0
000465d
001a1e1
1fe7189
1fe7189
1fec6b8
002d3fc
1fe8355
0005b6b
1fe208b
1ff8c99
0017564
002d3fc
1fe8355
0005b6b
1ff8c99
1fe208b
0017564
0016870
1fcf15c
1ffbcfc
000a9dc
000a9dc
1fcf9f0
00331d0
1ff6168
1ff7008
1fe92f0
1fe92f0
001c570
1ff0c24
004c757
00102cf
1ff7f8d
1ff7f8d
0030578
002d40c
00058ed
00238f9
00120ed
00120ed
1ffca80
0000ad8
0026528
000b54e
0001398
00087fa
1feecf4
0000ad8
0026528
000b54e
00087fa
0001398
1feecf4
1fd8cc0
1fd6664
1ffa5ac
0040748
0040748
1fef490
1fcf7d0
000c35c
001e024
1ff20f0
1ff20f0
1fb8b90
00100a0
0001d14
1ff08fc
1ffd9c6
1ffd9c6
1fd7c08
000bb50
1fe64b2
1ff8636
00067de
00067de
0002770
002b9b8
1fffaf9
1fe32b7
000d879
1ff76e7
1ff430c
002b9b8
1fffaf9
1fe32b7
1ff76e7
000d879
1ff430c
001f6b0
1fec198
1fbc008
1ff9228
1ff9228
0011320
1fb1950
1ff576c
0034efc
0031374
0031374
00574c0
000c8ec
002ee1e
001866a
0002e2e
0002e2e
1ff32b4
1fde7ec
001af68
0013244
1ff0600
1ff0600
1fe458c
0020454
1ff2f81
1fefdf9
1ffc873
1ff0b5b
0046470
0020454
1ff2f81
1fefdf9
1ff0b5b
1ffc873
0046470
1fe9ef0
00143a4
1ffbc1c
00091c0
00091c0
0023590
1fc6590
1fca104
1ff304c
0008ee0
0008ee0
000a2c0
006e94c
00a9a07
1fec121
1ff377c
1ff377c
000b808
1fea354
1ffee71
1ffb0f3
001dac6
001dac6
1fda2b0
1fff3c0
00030cc
000c856
1ffeccf
1feef37
0002824
1fff3c0
00030cc
000c856
1feef37
1ffeccf
0002824
1fd5ab0
000a430
1fc6678
000b6ec
000b6ec
003a2e0
1fe0310
1fddab4
002dc7c
001ecf8
001ecf8
004db90
0022fb8
1f1d101
1fda45f
1ff719c
1ff719c
1fbb254
1ff5dc0
1fef3df
000ff01
001487c
001487c
002674c
1fdf7fc
0006c76
0012922
0002695
1ffc70b
0020d10
1fdf7fc
0006c76
0012922
1ffc70b
0002695
0020d10
1fd1970
0002f9c
0006854
1fe9e30
1fe9e30
0089900
1fcc120
0016b58
1fef5e0
0003f5c
0003f5c
0051730
1fad434
1feb036
0014aa8
00020e9
00020e9
0025a90
1fff10c
0017468
1fdc1e2
1ff9023
1ff9023
1fd6208
1ff04f8
000f257
0008389
1ff6500
1ffa8a0
0019c44
1ff04f8
000f257
0008389
1ffa8a0
1ff6500
0019c44
00480a0
00058b0
1fe9d48
1fff064
1fff064
1f87250
00215a0
1fe3228
00226e8
0006198
0006198
0071b60
003616c
0200b8e
1ff18f4
1feb879
1feb879
001b59c
000d7ac
1fdab32
0004f08
1ff58f9
1ff58f9
1ffafe4
1ffa37c
0001fa0
00117ca
1ffe987
0016bf7
1fdf3a0
1ffa37c
0001fa0
00117ca
0016bf7
1ffe987
1fdf3a0
1f8b3a0
1fd2850
001d430
1ff1bf8
1ff1bf8
004b100
1fce880
1fe2a60
1ffbbf8
1ffc124
1ffc124
003f1a0
000a12c
00619ef
0002f45
0011e52
0011e52
0012618
1fed294
1fe0213
0001d1d
1ff9338
1ff9338
1ff5ec0
1ff37b0
000ad1b
1ffdc83
000ac64
1fe36a2
1feb8ac
1ff37b0
000ad1b
1ffdc83
1fe36a2
000ac64
1feb8ac
0003380
0005df0
1ff5378
1fe861c
1fe861c
002dba0
1f78a20
001036c
1fe514c
001835c
001835c
1fde8c0
1fe6128
1fa8351
00147b5
0005a41
0005a41
0013460
00439e0
1fe722f
1feb507
1ffb225
1ffb225
1ff8170
000e51c
1ff1dc4
1ffa166
1ff7a82
1ff77d8
0006970
000e51c
1ff1dc4
1ffa166
1ff77d8
1ff7a82
0006970
1ff3350
1fe0e3c
1feea84
1feaa88
1feaa88
000ef50
00031c0
1fdd2c0
1fe3458
1fe68e4
1fe68e4
1fe8230
1fe65e8
1fa8386
001028e
0005538
0005538
1fcad70
0015e50
001665a
1fff10a
1ffdf40
1ffdf40
00126c8
1fe9cac
0000df4
1fff02c
0000acc
1feacc8
000a1bc
1fe9cac
0000df4
1fff02c
1feacc8
0000acc
000a1bc
002b710
1ffa31c
1ffe8b4
1fe7618
1fe7618
00042f0
1fc5020
1fef738
1ff6af8
1fff198
1fff198
008bb20
0006d50
00933c5
1fe4463
00136ca
00136ca
1fdcb3c
003c720
1fecda1
1fe0977
00023b2
00023b2
1fd3c04
1ff54d0
00041dd
001354b
1fff9f0
00033f4
0014ef8
1ff54d0
00041dd
001354b
00033f4
1fff9f0
0014ef8
00847b0
1ffe1e4
1fe9d9c
000af18
000af18
1fdc820
005dda0
1ff0540
000add8
000eda4
000eda4
1fab340
1fe1adc
009f613
0008705
000446e
000446e
1ff085c
1fe2474
0002089
1ffa4b3
000cb54
000cb54
0006c8c
1fe40a0
001320c
001fede
0000c17
000e84b
002c444
1fe40a0
001320c
001fede
000e84b
0000c17
002c444
1fce420
1ffe5c8
00053a8
0048200
0048200
1fcdbc0
1ffb710
1ff2ddc
000c10c
0003e84
0003e84
1ff42f0
0004f28
1fe6464
000bd50
000937e
000937e
1fe4600
0024850
000d5a4
1ffd2ec
1ff671c
1ff671c
00219f0
001c614
1fe17b2
001fe24
1ffde88
1fd4d6e
005d520
001c614
1fe17b2
001fe24
1fd4d6e
1ffde88
005d520
000d780
000d4d8
1fe0f88
1fddc38
1fddc38
00285f0
007f710
1fadf78
1fd6550
1fe3bec
1fe3bec
1ff8c20
1ffbffc
1fa961b
0015d3f
0016975
0016975
00143b4
1fba664
000f27f
1ff6c7f
000b4b7
000b4b7
1fe8a34
1fe3470
000cf49
0016edf
000919b
0003e2d
1ffa2e4
1fe3470
000cf49
0016edf
0003e2d
000919b
1ffa2e4
0033110
1ff3ce8
1ff6580
1feb994
1feb994
1fa17a0
004ef50
1ffcc64
1fe3624
1fff434
1fff434
002b530
0036eec
1ffcbb0
1fecd86
1fe2ddd
1fe2ddd
1ffae2c
1fb5834
0004fb2
000caf4
00246e5
00246e5
0001ddc
1fed8f0
0000c0b
00097c3
1ff2de0
1fee92a
001be3c
1fed8f0
0000c0b
00097c3
1fee92a
1ff2de0
001be3c
00345d0
000d470
0009328
1fd752c
1fd752c
1ff5b10
1fc5140
0002d84
1ffb94c
1ff0980
1ff0980
1fd2350
1ffa454
001eafc
0013f66
1fefddd
1fefddd
1fe6f94
000ade4
1feaff4
1feb676
1ffda39
1ffda39
0006294
1feda1c
1fff9a2
0017338
1ff9a37
000b7a3
0014a44
1feda1c
1fff9a2
0017338
000b7a3
1ff9a37
0014a44
1fedf00
000ccf0
1fe7aa0
0012298
0012298
1fe8080
1fe9af0
0026c48
000b7e8
1fef910
1fef910
003b180
1ffbee8
003d743
1fe357d
1ff8b26
1ff8b26
000f84c
1ff1158
000d25f
1ff4751
000c80e
000c80e
1fc8f34
1fec998
1feb67f
1ff9e29
0009d8c
0014858
000c8a0
1fec998
1feb67f
1ff9e29
0014858
0009d8c
000c8a0
0043c30
0016d94
1fe9c04
0013594
0013594
1fa43b0
0006ef0
1fe0464
000e21c
0031078
0031078
000ce50
1ff5d88
001bc58
00099ee
1ffab4b
1ffab4b
1fc2944
1fab8f0
00017a0
1ffaeaa
0005e59
0005e59
000e714
0007aac
00042f2
1ff0b1e
1fe8cff
0003d6d
1fef764
0007aac
00042f2
1ff0b1e
0003d6d
1fe8cff
1fef764
00476d0
1febc28
1fb4408
001df48
001df48
0078ae0
0028920
1fdecd8
1fc5c70
1ff9d6c
1ff9d6c
1ffbf60
000f4ac
0042ffc
00138ca
1fef565
1fef565
1fe4bc4
1ffe1f4
002b1a4
000c786
0008bcb
0008bcb
1ff8eac
1ffed28
00078b6
1ffe356
1fdf1d1
1ffc353
002c5f8
1ffed28
00078b6
1ffe356
1ffc353
1fdf1d1
002c5f8
1fbaab0
0002178
0006a78
1fec188
1fec188
00197f0
0018ff0
1ff8768
0037688
1ffec28
1ffec28
000a830
1ff879c
00c31d6
1fe2142
1fe82a2
1fe82a2
1ff71d8
001a4ec
000367a
1ffccaa
0014d68
0014d68
0018b90
1ff630c
1ff545e
00185f0
1ff3f50
1ff931a
0016f0c
1ff630c
1ff545e
00185f0
1ff931a
1ff3f50
0016f0c
1fde250
1fe506c
00265c4
001f480
001f480
0055930
0040760
1ff58ac
1fa3904
1ff8970
1ff8970
1ff7780
1fd671c
1f17f70
0001458
000635e
000635e
1fea0d4
1fccafc
1fec94a
1ff019e
00013ea
00013ea
0000f64
1ff9354
000d16f
1ffe7c5
00141d3
1ff9479
000d364
1ff9354
000d16f
1ffe7c5
1ff9479
00141d3
000d364
00156f0
0018dc0
1fec4a0
0005270
0005270
1ff7820
001bf70
0006058
1ffd510
1fd0684
1fd0684
1ff37b0
0020578
1fd7b11
1ffde53
1ff69b2
1ff69b2
00032bc
1ffc0d0
1fe0ef1
000bb77
000e598
000e598
0015b34
1ff53ec
0004381
0007295
0008c32
0017820
00127b0
1ff53ec
0004381
0007295
0017820
0008c32
00127b0
000c740
1fc832c
0000f54
0018b38
0018b38
001d250
1fda1a0
1ffab80
1fecd28
1ff8e14
1ff8e14
1fb3260
1ff2594
01fae98
1ffeda4
1ff9d96
1ff9d96
002b3b0
1fe713c
000fc8c
1ffed18
1ff93fe
1ff93fe
1fd1ef8
00207e8
1ff9df8
000aef4
1fe9f34
1ffe70c
001f10c
00207e8
1ff9df8
000aef4
1ffe70c
1fe9f34
001f10c
1fee560
1fcc744
1fd4bc4
001445c
001445c
1ff7e40
1fca090
1fee840
0013d70
1fe3738
1fe3738
002af80
1fdf26c
006eadc
1fed904
1fff35c
1fff35c
1fc95f4
1fe8664
0018882
1ffc0a2
0018392
0018392
1fff044
1fd0798
001689d
0010361
0013ed3
1fe238f
0001da4
1fd0798
001689d
0010361
1fe238f
0013ed3
0001da4
00203f0
001f030
1febc98
000233c
000233c
1ff7af0
1fe2f80
000b59c
0011d84
0037520
0037520
1fe9ea0
00108b4
1f92311
1fff11b
1ff2988
1ff2988
1fe2168
001f674
00140ed
1fd8e6f
1fe77f0
1fe77f0
1fd1af0
1ff03ac
0006ff9
1ffc4c3
1ff383a
1feb7a6
00085bc
1ff03ac
0006ff9
1ffc4c3
1feb7a6
1ff383a
00085bc
0025dd0
1ffa22c
1ffe494
00140d0
00140d0
1fb07c0
1fb4260
00376f4
0007814
1fe722c
1fe722c
1fda320
0017780
1f9dc23
00036e3
0027e3d
0027e3d
000d1f0
1ff8000
1ff3d79
1fef4e1
1fff02f
1fff02f
001fea0
000c490
1ffb0d0
1ff98a8
1ff47c6
00071e6
0009ae0
000c490
1ffb0d0
1ff98a8
00071e6
1ff47c6
0009ae0
00350c0
1fee6e0
1fe0050
1fe3d10
1fe3d10
1fc9ce0
002acf0
1fe20a8
000a0d8
003b548
003b548
1febc10
1feff34
009f36c
1ff789c
1ff2b62
1ff2b62
0011090
1fec7a4
0010a5a
1fe89c2
1ff26a0
1ff26a0
00328c0
1fd8724
0019f07
0016947
1fffda7
000070f
1ff95a0
1fd8724
0019f07
0016947
000070f
1fffda7
1ff95a0
0044cc0
1fe5028
1ffc948
1fe01b0
1fe01b0
002da50
001d930
000fa18
1fed868
1fdbd60
1fdbd60
005f930
0007f1c
00b5b10
1ff3ed8
000445e
000445e
1fe4e10
000a554
1fe2dd0
0021540
1fe5f72
1fe5f72
0005ca8
1ffe328
1fecf80
0022b3c
000423a
1ffb5d6
0000c5c
1ffe328
1fecf80
0022b3c
1ffb5d6
000423a
0000c5c
0029140
1fe20e4
0012c24
1fbcb6c
1fbcb6c
0065440
1ffab80
0012474
0033f84
000855c
000855c
0023510
002abb4
1fcb002
1fd052a
1ffa30e
1ffa30e
1fe8234
1fd3494
0019bba
00081d6
000139c
000139c
1ff682c
1ff0d24
1ffe81c
000d8a6
1fefb7e
0021a70
1fff9a8
1ff0d24
1ffe81c
000d8a6
0021a70
1fefb7e
1fff9a8
0000440
0005bb0
1ff8d40
000ec80
000ec80
00112f0
0017890
1fd7654
1ff60f4
1fd6b74
1fd6b74
00157f0
1ff5de0
1f7cb06
1ff53bc
00106cd
00106cd
1fe3c2c
1fb3710
000339c
0020632
002f93f
002f93f
000983c
001af38
000fead
1ff7f87
1fee616
0030a8a
000f85c
001af38
000fead
1ff7f87
0030a8a
1fee616
000f85c
1f858a0
0024658
0005958
00083e8
00083e8
000e4b0
1fac720
001ae5c
1ff5764
0022190
0022190
0029c40
000a348
0000369
1fe205f
00060d4
00060d4
1ff251c
0017000
0006a21
1fee0b7
1fff8a4
1fff8a4
1fcf834
1fec124
001e82b
0003b15
0010f66
1fe9c42
1ffb4f0
1fec124
001e82b
0003b15
1fe9c42
0010f66
1ffb4f0
1fba660
0013318
001b488
00222c0
00222c0
1fc6130
1fff9e0
00036cc
1ff35b4
0008600
0008600
0027980
0006bf0
003358a
1ffae0c
000a79d
000a79d
1fc9d10
0009a40
1ffe7a2
0030954
1fef355
1fef355
000b9c8
1fd8040
0019c02
1ff553c
000effb
001458f
1fee3e4
1fd8040
0019c02
1ff553c
001458f
000effb
1fee3e4
0005a20
000df50
1fe5f50
1fedd00
1fedd00
1ff9ea0
00122a0
00146cc
1fc9e8c
1fd130c
1fd130c
0008e80
1ffbf84
002d33c
1fed8ba
1ff570f
1ff570f
1fc2368
1ff7cfc
1fff318
002a47a
0010ccd
0010ccd
1ffbed0
1fe5318
000077c
000213c
0026d05
0016e73
00224dc
1fe5318
000077c
000213c
0016e73
0026d05
00224dc
1fc6220
1fe7d70
1ff53e8
1ff865c
1ff865c
00157d0
1fc1250
1feb090
0027f00
0046f08
0046f08
0057030
0022fac
0008294
1fe0344
00077ec
00077ec
0004480
00182fc
1ffcbd0
1fe0afc
1ff8e52
1ff8e52
1fe2788
0010b74
0003f60
1ffea6e
1fedcde
1feb884
1fe8934
0010b74
0003f60
1ffea6e
1feb884
1fedcde
1fe8934
1ffbd50
0003de0
1fdcfd0
0011080
0011080
0032040
002ef80
004cb54
00339cc
1fe04b8
1fe04b8
1fb6a90
1fa3770
003e198
0000278
001834e
001834e
001ce50
00121a0
1ffca38
1ff1210
1ffe0c2
1ffe0c2
0039dc8
000fac8
1ff79fe
000ffee
1fee804
1ff7afc
00019f4
000fac8
1ff79fe
000ffee
1ff7afc
1fee804
00019f4
1fcf250
001891c
0001db4
1ffa7c8
1ffa7c8
002d770
1fa4dd0
000af5c
0009674
0017288
0017288
1ffe040
003aa90
00a0a5b
1fe5007
1ff7701
1ff7701
0010454
1fd7e28
0001307
0005a07
1ffdf2f
1ffdf2f
1fee364
1ffc9c4
1fffe5d
1ff64e3
0010fd1
1ff281f
0000d64
1ffc9c4
1fffe5d
1ff64e3
1ff281f
0010fd1
0000d64
1fb9770
0044580
0007d20
0003f78
0003f78
1fda5f0
004e870
0007ae8
0003b60
1fd616c
1fd616c
1fd5970
0001cc4
1f3efca
1fee34c
000ad55
000ad55
1feb818
1ffdfcc
1fe8974
001cd46
000e483
000e483
0003d78
000d888
1ff1629
1ff50bb
1fdf2fa
1ffb5c2
00085e8
000d888
1ff1629
1ff50bb
1ffb5c2
1fdf2fa
00085e8
1ff7700
1ff54a0
1fc63b8
1fe9b04
1fe9b04
001df50
002ecc0
1ffeecc
00187ec
1ff3ae4
1ff3ae4
1fd1da0
1fe33a4
1feaaf8
1ffc73c
000d4dc
000d4dc
002ba44
1fe616c
1ff0ea8
1fd3744
1fe59c4
1fe59c4
1ff76fc
1ffafc0
0016d1a
1fecdd2
1ffbeaa
1ff71b2
1fccea0
1ffafc0
0016d1a
1fecdd2
1ff71b2
1ffbeaa
1fccea0
0007f00
1ff00e0
1fea690
1fe9630
1fe9630
1fc3330
1ff8320
1fe5458
0033fb0
00173a4
00173a4
1fd4a60
00162b8
01e8a4d
1fed95d
1fe4f0d
1fe4f0d
1ffba98
1ffd0b8
0002913
1ffee0f
0019c39
0019c39
1fe5068
000f128
0000f56
1ff9af8
000d4bc
1ff9c9a
0003a70
000f128
0000f56
1ff9af8
1ff9c9a
000d4bc
0003a70
0032330
0001918
002cb90
001481c
001481c
1fc8730
00217b0
1fe7318
1fe6190
1fb25fc
1fb25fc
1f91100
1fd45ac
006a59e
001bfba
000ca38
000ca38
002e3a8
1fe85f4
1fef218
000678c
1ffd3f6
1ffd3f6
0013230
1ffb888
0017bdd
000e105
001d4a3
0012dd7
1ffd69c
1ffb888
0017bdd
000e105
0012dd7
001d4a3
1ffd69c
0076d60
1fcc094
001ab94
1ff3dac
1ff3dac
001f330
0030ea0
1fdd878
1ffbd08
1fe6c70
1fe6c70
0059010
1feee48
1fb3e1c
0012738
0006a76
0006a76
1fe6a38
1fffc58
1fe77e4
1fe4d78
0010f4e
0010f4e
00008a8
001c848
1ffe69c
1ffad7c
1fef792
00085ba
1fd7618
001c848
1ffe69c
1ffad7c
00085ba
1fef792
1fd7618
1ffd100
0033390
1fd18f8
00273dc
00273dc
1fc0ed0
00179d0
1f6b3e0
1ff8630
00010f8
00010f8
0022df0
1ffb43c
1fa7326
1fe8d9a
0012d7a
0012d7a
0029a14
1fdac8c
1ffb7a8
1ffd5e8
0006d46
0006d46
000af24
1ff18d4
001791d
000843b
1ff807d
1ffd353
1ff43c4
1ff18d4
001791d
000843b
1ffd353
1ff807d
1ff43c4
1fed3d0
1fdfd0c
1fec594
0005718
0005718
0026fe0
1f96730
000753c
0003bd4
0033650
0033650
0006ec0
1fe1080
00a2ca6
000220a
1ff2b64
1ff2b64
00223e8
1fecd10
1fd9a00
000c96c
1ff563e
1ff563e
0002420
000f978
0008c93
001142b
1ff2b39
0008e19
000de24
000f978
0008c93
001142b
0008e19
1ff2b39
000de24
0042940
003195c
1fd30ac
1fe9e9c
1fe9e9c
1ff27c0
1f5a990
0025634
1ffbc3c
003bd68
003bd68
00608b0
1fe3cdc
00be08b
003ad47
00046a5
00046a5
001923c
0052b9c
1fe8195
0002359
1ffaeff
1ffaeff
1ff260c
0019664
1fd7da0
00021a4
1fec59e
1ff3832
1fcb17c
0019664
1fd7da0
00021a4
1ff3832
1fec59e
1fcb17c
1ffe400
001ca9c
0012444
1feb148
1feb148
00296a0
0022080
001680c
1feec4c
1ff8a0c
1ff8a0c
1f8b710
1ffcbd4
1fdca4a
0037d98
000562d
000562d
1ff1300
1ff6ac4
1feddf4
1fe3f52
000142f
000142f
0002300
0012ba4
000773d
1ffcc0b
000b92c
000d7d4
0016920
0012ba4
000773d
1ffcc0b
000d7d4
000b92c
0016920
1fc9b50
1fd8c28
0002e68
1fd3e18
1fd3e18
002d2f0
1fe04a0
00121ac
002c7bc
000da44
000da44
001a280
0011924
1f9ad64
0005c94
1fec9c2
1fec9c2
0011e94
001f104
1fe9766
1ffa46e
00046f0
00046f0
000974c
0005ca4
00022af
1fff727
1ffa545
1ffffdd
1ffbf38
0005ca4
00022af
1fff727
1ffffdd
1ffa545
1ffbf38
003f150
1fd6ea8
0018e30
0002e74
0002e74
1fe2ab0
000f5e0
1fff550
0011950
1ff8308
1ff8308
1ff1c30
1fb42ec
002722d
1ffd8bb
000511e
000511e
1fe649c
000cf04
1fee6df
0010419
1ffe12e
1ffe12e
1ff37a4
0005678
0004a7e
1ff032a
00067f3
00188a9
0000d50
0005678
0004a7e
1ff032a
00188a9
00067f3
0000d50
0036d30
1fa1000
0026740
1ff45e8
1ff45e8
000d9e0
1fe2250
1fffca4
002fc7c
00000e8
00000e8
1ff8490
002c4e0
0017328
1ffe4f8
1ffb81a
1ffb81a
1ff2e44
00420a0
000f1c2
1fbd2d2
1fe74c4
1fe74c4
1fe180c
0009a78
1ff4647
00195e3
0002da3
0017b33
1fe39d8
0009a78
1ff4647
00195e3
0017b33
0002da3
1fe39d8
0062e70
1fc6b30
1fe8cd8
1fddd44
1fddd44
0011490
1fcfdd0
1fdb7d0
0031fe8
001c8d4
001c8d4
005f740
1ff6eac
0054447
1ff995f
1fff989
1fff989
1feb4b0
001d70c
0002049
1ff1de9
1ff6dcf
1ff6dcf
1fd5ab8
002d66c
1fffae0
1feb688
1fd5a24
1ff0d20
000bdcc
002d66c
1fffae0
1feb688
1ff0d20
1fd5a24
000bdcc
0019040
1ffb218
1fe8238
001d958
001d958
1fbf330
0009810
0002348
00045d0
000d78c
000d78c
1fda680
1fd1370
00179d9
0010113
1fee2e4
1fee2e4
0003c18
00033c0
0001831
001a36b
1ffb050
1ffb050
1fec190
0005768
1fff825
000c987
000878a
1fe61ba
0011ddc
0005768
1fff825
000c987
1fe61ba
000878a
0011ddc
0032bb0
0005f28
002ab80
1fdd76c
1fdd76c
1feac00
1feb360
1fd83e0
1fbcde0
1fedc50
1fedc50
1ff4130
1ff2920
002a131
1fdceb3
1ffc84c
1ffc84c
1fe6410
00020b8
0015d95
1ff7957
1fefd00
1fefd00
1feb900
1ff525c
1ffe127
000be45
0003d80
1ff3340
000b4f0
1ff525c
1ffe127
000be45
1ff3340
0003d80
000b4f0
1fa49b0
000fdb0
000a7a8
002ac34
002ac34
1fc7f90
1ffb330
1fe6a58
00127f8
0022500
0022500
1fea390
002fa00
009ae49
0008767
001034e
001034e
1fe7cf8
00085d0
1fe59a7
1ff58a1
1ffcc8a
1ffcc8a
000c7a0
1ff56c0
1ffa3ac
1ff5de4
1ffe00d
00008df
0019b94
1ff56c0
1ffa3ac
1ff5de4
00008df
1ffe00d
0019b94
1febc00
1fccd54
1fcc574
1ff756c
1ff756c
0022950
00143e0
001755c
1ffc54c
1ff57e4
1ff57e4
0032030
0038298
1ef20c4
1ff78f0
0002240
0002240
007d1e0
1fbf7e0
002147c
000eca0
1ff0bd4
1ff0bd4
1ff3a38
000837c
1fff496
000293a
000d344
000b5e0
1ff1764
000837c
1fff496
000293a
000b5e0
000d344
1ff1764
0011c60
0001b10
00234e8
00024c4
00024c4
1fa4460
1fe8090
002a760
0007bc8
002d484
002d484
0034f40
0023138
1fdc4d4
000c06e
1ff5cf1
1ff5cf1
1feb800
0022090
1ff47a2
00003c0
1fe958d
1fe958d
1fcb180
1ffb72c
00060b5
0005821
0006e90
1fec81a
1feece0
1ffb72c
00060b5
0005821
1fec81a
0006e90
1feece0
005a090
1ffbe9c
0007abc
1ff4ea4
1ff4ea4
1fe3410
1fc0dc0
001c30c
1feb3a4
1fc5388
1fc5388
1fc7350
1fd7fcc
0213b17
1ff9bab
000c215
000c215
1fe39b4
003bca4
1fdf5d7
1feccfb
1ffa0cd
1ffa0cd
0000c3c
0012148
0007455
000b639
1fea801
0031ba5
0023e28
0012148
0007455
000b639
0031ba5
1fea801
0023e28
000ba70
1ff9de8
001f7c0
1fc9724
1fc9724
1fd7cd0
1fc2a50
1feaa30
0016a28
1fe577c
1fe577c
1fd1fd0
1fe8924
00a6349
0006993
000d9ca
000d9ca
1fc4110
000e37c
1fff41f
1ffd13d
1ff9392
1ff9392
1ff67b8
1fc92f0
0006158
000e8a8
0000215
001e8eb
001a7cc
1fc92f0
0006158
000e8a8
001e8eb
0000215
001a7cc
0021590
1f603b8
0052078
1fea000
1fea000
0054fe0
004ac90
1fee7f0
0008190
1ff8fa8
1ff8fa8
1f57ef0
00110d8
1fb51e3
0001ed1
1ff3f3e
1ff3f3e
001de74
1f8ddc8
0018753
000d845
1ffabb0
1ffabb0
1fea35c
1fdc9f8
1ff5993
1ffa90b
1feeef4
001e50a
002ed98
1fdc9f8
1ff5993
1ffa90b
001e50a
1feeef4
002ed98
1fc1180
1fdef3c
0047814
001b780
001b780
0038ca0
001c480
1fe1098
1fedae0
1fcaadc
1fcaadc
003e680
1fdb908
1f876c7
0022755
00143de
00143de
1feb098
1fde298
000cb93
001b14d
00101a8
00101a8
0014010
1ffb068
1ff78a5
00007c5
0007ef0
1ff42da
0001124
1ffb068
1ff78a5
00007c5
1ff42da
0007ef0
0001124
1fe12d0
0018b28
1fd0370
0017fac
0017fac
1ff43a0
1f8f5a0
0006aa0
0031f80
0005408
0005408
1fb4490
000d47c
0093bf4
1ffb2a8
1ffdaca
1ffdaca
1ff62b8
1ff17d4
000a598
001b578
001b294
001b294
0027060
00052e8
1ff6e14
0005056
1ff77e0
1ffd19a
001cc34
00052e8
1ff6e14
0005056
1ffd19a
1ff77e0
001cc34
1fe3ba0
1fe1afc
001cf9c
0025bdc
0025bdc
0041710
004be30
1ffe27c
001446c
1fbd6d4
1fbd6d4
1fd8e10
1fe4850
00be176
1fefa9a
0007ffc
0007ffc
1fd26d8
1fed9c8
1ff3a26
1ff089a
0008060
0008060
0026220
1fe1e04
1ffccf2
1feeb8e
0003066
0011346
003b29c
1fe1e04
1ffccf2
1feeb8e
0011346
0003066
003b29c
1fc6db0
00099fc
1ffc124
1fda4a0
1fda4a0
1fbf030
1ffa520
0045a04
0027674
0020504
0020504
1f9b8b0
1ff5ff4
1fe0b0c
1ffd842
1ff86bd
1ff86bd
1fdabc8
1ff05fc
1ff7aca
0014cfc
1fee215
1fee215
000e098
1ffa4a8
0007043
0003d53
1fe068c
0009a32
0008f50
1ffa4a8
0007043
0003d53
0009a32
1fe068c
0008f50
1fad7d0
1ff0104
0022f04
00029dc
00029dc
0054cd0
1fb9220
0016240
0007908
1fec7dc
1fec7dc
1ffda60
000df04
1f91aae
0005ffe
0006f0a
0006f0a
1fba0c0
1feefec
0006d4e
1fe6d4a
0004ff8
0004ff8
1ff2358
1ff8848
1fe5ec4
1ff61d2
1ff9b44
000a312
1fe8f14
1ff8848
1fe5ec4
1ff61d2
000a312
1ff9b44
1fe8f14
1fa87a0
1ff6024
1fd6f14
1ff916c
1ff916c
1fdd670
0025230
1fe2944
00301a4
1fd6b2c
1fd6b2c
0009230
0004e98
000b53c
1fc238a
1fea741
1fea741
1fdb37c
0013408
1ff4f02
1fecb2c
1fed045
1fed045
00009fc
000a500
001146d
1ff4d45
1ff2210
1fff9be
1fee55c
000a500
001146d
1ff4d45
1fff9be
1ff2210
1fee55c
00585f0
1ff90d8
0032460
1fe4844
1fe4844
0017d20
001a760
1fe9908
0010d28
1ff91c0
1ff91c0
0003ae0
0001640
0011607
1ff5d5b
000ecbf
000ecbf
1fc9908
00454a0
1ff160f
1fe3dd3
0002293
0002293
0001c40
001b568
0005371
1ff87d9
0002cfb
000e6e7
000ee7c
001b568
0005371
1ff87d9
000e6e7
0002cfb
000ee7c
0034920
1fe9300
1fea138
0000264
0000264
1fd63e0
004b300
1fbcb3c
1fe0784
1ff6710
1ff6710
002a8f0
1fdf174
004ea8f
0019d2d
000af90
000af90
00343bc
1ff36d4
001cae1
1ff95e7
00017ae
00017ae
1ff0b5c
0011d94
0005310
000a6fa
1fede8f
1fec91f
000fa8c
0011d94
0005310
000a6fa
1fec91f
1fede8f
000fa8c
0036180
003c464
1fee3ac
1fdd420
1fdd420
1faf5a0
1fdad30
1fe8d88
1ff2b48
00142b0
00142b0
00179e0
1ffe06c
1ffbbd9
1ffc549
1ffd795
1ffd795
1feaaf8
001ff84
0008d91
1ff3fe1
1febe75
1febe75
001d610
0035fc0
00042fd
00063ed
1fefd73
1ff9d47
1fe2c2c
0035fc0
00042fd
00063ed
1ff9d47
1fefd73
1fe2c2c
1fd5020
1ff96a4
007af1c
1ff2db0
1ff2db0
0043320
1fa0eb0
000e808
00175a8
0040e90
0040e90
0007570
001163c
001fbd3
1fef80f
0011841
0011841
1fe7050
00050ac
1ff2adb
001fbfb
1fff5a3
1fff5a3
0015910
00008ec
1ff2eb5
001145b
1ff56f3
00061ed
0017a08
00008ec
1ff2eb5
001145b
00061ed
1ff56f3
0017a08
1f9a660
1feb460
000a618
1ffa934
1ffa934
1ff7350
1fd9af0
1ff7d88
002c5a0
0015404
0015404
1fd17e0
0005420
00a7a7b
1fe760d
1ffecfc
1ffecfc
003cc9c
1fe1428
000e4db
00150e1
1ffa79a
1ffa79a
1fe9ce4
1ffd4bc
1ffe9e7
1ffb7e7
1ffc560
1ff76aa
001bd68
1ffd4bc
1ffe9e7
1ffb7e7
1ff76aa
1ffc560
001bd68
1ff4360
000d0d0
1fdfbd8
1ff43cc
1ff43cc
1f9def0
1fb23d0
00035f0
00112f8
0031204
0031204
0032ae0
006cea0
1f02d83
1ff31db
1ffbbb7
1ffbbb7
1ff3808
0005290
00125a3
0002827
00200f9
00200f9
1fd03d8
0010b78
1ffb14f
00009ed
1fe2a37
1feb719
1fec048
0010b78
1ffb14f
00009ed
1feb719
1fe2a37
1fec048
1fb58e0
002a260
0020888
0030d24
0030d24
0022610
003a500
0019a20
0025040
1fe73a0
1fe73a0
0008b20
1fd2908
1fd4be2
0009d7c
000c351
000c351
0039cb8
1fdc5e0
00047ec
1fe8fea
001a939
001a939
000fa48
0004a54
00050f3
000786f
1fffc70
000fb02
000b258
0004a54
00050f3
000786f
000fb02
1fffc70
000b258
004e510
1fff260
1fedda8
1ffbebc
1ffbebc
0046e30
00012e0
1fea830
0018b60
1fdac60
1fdac60
0014780
1fe2f40
01c75c4
1ff7db2
1ff99a7
1ff99a7
0020e68
005d150
1fdd554
1ffc0ce
1fefa21
1fefa21
1fdfab8
001a8e0
1ffca64
1ff5a70
0008ab9
00137bf
001adf8
001a8e0
1ffca64
1ff5a70
00137bf
0008ab9
001adf8
003ab90
0003dd4
1fd04c4
0002c84
0002c84
00173f0
1facad0
1fdab10
0015cc0
1fc6668
1fc6668
002a7b0
1fd5c5c
005d140
000ff7e
1ffc909
1ffc909
1ff6ad0
001085c
0016ffc
1ffcfa2
1ff60b5
1ff60b5
0005e08
000ff1c
1ff5ef4
000b4fa
0011703
0018b13
000170c
000ff1c
1ff5ef4
000b4fa
0018b13
0011703
000170c
1fdfcd0
0040828
1ffe570
0009764
0009764
1fd8a30
00203b0
000e5e8
00091a8
000b598
000b598
00212a0
00048e8
1f8d165
0032629
00067d5
00067d5
1fec09c
1fdd1d0
1ff1987
1ff629b
1ffffe3
1ffffe3
1ff9854
0002124
1ff461a
000773e
000c130
1ffeff0
000e258
0002124
1ff461a
000773e
1ffeff0
000c130
000e258
1fcf020
00218fc
1fd8c4c
1ff620c
1ff620c
1feff00
0025aa0
1ff1528
1fda328
0013990
0013990
1fd9730
1feb240
1faa17d
000f631
000310d
000310d
0003c74
1ff64a8
00073ef
000846f
0004e6d
0004e6d
00185c4
1ffc0ac
1ff7940
000c7b6
0001d06
1ffac9c
1febf2c
1ffc0ac
1ff7940
000c7b6
1ffac9c
0001d06
1febf2c
1fad280
1ff4424
1fdcbcc
1ffca28
1ffca28
0032200
0002440
1fea104
1fecc4c
1fed620
1fed620
000eee0
000f8ac
00b1d46
1fe4c00
1ff0e85
1ff0e85
000b4a0
1fff974
1fed9b4
0036656
1ffcb7f
1ffcb7f
1fed908
000e590
1feb299
1feb6bb
0006470
1ff6fd0
00030f4
000e590
1feb299
1feb6bb
1ff6fd0
0006470
00030f4
002ef20
1fe2bfc
001f6fc
1fed7dc
1fed7dc
1fea780
005e360
1feb5c8
1fde4d0
1fe3bf4
1fe3bf4
1fcc160
1fe5fa4
009db7b
0018021
1ffa4be
1ffa4be
0008d78
1ff9044
0011393
1fdae75
1fed078
1fed078
1ffb640
1fe8a0c
0008fc3
0023723
1fe80d4
000ca8e
003f17c
1fe8a0c
0008fc3
0023723
000ca8e
1fe80d4
003f17c
1fe9770
0011b54
1ff5b34
1ffde04
1ffde04
0030d80
1fd3380
003d390
1fcba50
1ff93f8
1ff93f8
1fd4340
001aba8
1fca0e6
1fed16e
001659c
001659c
001ffbc
0001e18
001021e
000399a
1ff5a52
1ff5a52
1fddbf4
000a820
000132e
1ff41f0
1fde968
00070be
1feae18
000a820
000132e
1ff41f0
00070be
1fde968
1feae18
1fde010
00220a8
1fcb1b8
0023120
0023120
1f77c10
1ff0c80
1ff42fc
1fcc034
00199e8
00199e8
1ff10d0
000dde0
1fa9d12
00103b2
1ff2e2c
1ff2e2c
1ffd300
0006758
1feee10
1ff874c
000f664
000f664
1fc35e0
0006dc4
1ffc03f
1ffdd5d
1ff9751
1fe8dfb
0006b58
0006dc4
1ffc03f
1ffdd5d
1fe8dfb
1ff9751
0006b58
1fe2f90
1fed478
000eee8
1ff6d08
1ff6d08
1fb4a20
1ff2400
1fe62d8
0032ac8
0047a98
0047a98
0043580
1ff6444
0020be1
1fda77b
0012052
0012052
1fee400
003c08c
1fd0211
1ffdddb
1ff7556
1ff7556
1fdd538
1ff46f8
001726d
1fff727
1ffb9cc
00028f4
0001484
1ff46f8
001726d
1fff727
00028f4
1ffb9cc
0001484
006c4a0
1fac2f8
0006848
1fea068
1fea068
1fd9060
0029560
1fdc0e8
1fe0218
00020b8
00020b8
1fe20a0
1ff980c
0030928
000ebd6
0003029
0003029
00218cc
0000314
0016f4e
00104b8
1fee105
1fee105
000dd74
0006e78
1ffa343
1ffe787
0007f76
0004a60
1ff9510
0006e78
1ffa343
1ffe787
0004a60
0007f76
1ff9510
007d9f0
001588c
1fe6894
1fd0468
1fd0468
1fc5b50
0026930
1feb5c0
1fb4ef0
1ffab18
1ffab18
000ade0
1feb438
00656cf
0013c7b
1ff391b
1ff391b
1fffe88
1fe6288
000d5d5
000ad79
00039f1
00039f1
0011ba8
00062e8
0016b08
00063a4
1ff2c96
1fe4b6e
1fecbf0
00062e8
0016b08
00063a4
1fe4b6e
1ff2c96
1fecbf0
0028ca0
1ff3e5c
1ff7614
0001950
0001950
1ffa900
0023060
0002020
1fc9508
1fe0e24
1fe0e24
0047310
0020168
001938f
0012239
1fe9496
1fe9496
1fd6cf8
1fcade8
0004561
0009d7b
0003990
0003990
1fe8c10
1fffd70
00007de
000c524
000cb63
1ffcbbb
1fefbf4
1fffd70
00007de
000c524
1ffcbbb
000cb63
1fefbf4
0014450
0009a58
0012948
000e218
000e218
1ff66c0
1fe7aa0
0022a50
00073f0
1fdc6d0
1fdc6d0
1fe2490
1fca294
002047e
0005640
1ff72a5
1ff72a5
1fcf5f0
1fffd84
1fe4e38
0003de2
0028467
0028467
001a1a8
0039fac
000366b
1ff2535
1fe295e
1ff74e2
000676c
0039fac
000366b
1ff2535
1ff74e2
1fe295e
000676c
00306b0
00344b0
1ffc878
0003b8c
0003b8c
1fd26d0
1fdae70
1fe23f0
1ffd0c8
0016bb4
0016bb4
1fbc190
1fb3a10
00efa3a
00297fe
0012e5c
0012e5c
1fc1ab8
001c0f0
1ff0a80
1ff2494
1fee412
1fee412
00142b8
00159a8
1ff02dd
0009db5
1fd717d
1fff51d
0001d50
00159a8
1ff02dd
0009db5
1fff51d
1fd717d
0001d50
0008e20
1ff2958
001eb70
00127dc
00127dc
005d620
1fab0c0
00121e8
1fca978
0016f38
0016f38
1fe8260
1fe5220
1f7a71c
00213ee
1fffe6d
1fffe6d
1fd3c38
00471e0
1fefe28
1ff263a
1ffc8d5
1ffc8d5
1ffef58
1ff90d0
0009af4
1fff55e
000c31d
1fff281
1feef40
1ff90d0
0009af4
1fff55e
1fff281
000c31d
1feef40
00a0df0
00020f4
1fd815c
00003a8
00003a8
1fe3fc0
1fe9410
1feb9c4
0007ad4
1ff9804
1ff9804
00113f0
0012e6c
1fd7013
1ff2e6d
1ff99d4
1ff99d4
00174f8
0044c14
1fdc493
0008019
0009452
0009452
1feae58
1fe5858
00060ed
0009469
1ffedde
001a790
001d170
1fe5858
00060ed
0009469
001a790
1ffedde
001d170
1fe55f0
1fe7500
003cfc0
0027308
0027308
1ffdd00
1fd1310
1fdbac4
1ff72a4
1fcdda4
1fcdda4
00032e0
00483c4
01e76d7
0007f8f
001f5a1
001f5a1
1fd5eb4
1fb5684
0011cdf
1ffda17
003a6c5
003a6c5
1fd7784
1ff6fc4
0001be1
001e569
1ff9463
1fe77af
0011b9c
1ff6fc4
0001be1
001e569
1fe77af
1ff9463
0011b9c
1fba6f0
1fe9118
1fee608
001ac68
001ac68
1fe9120
1ff1f60
1fe34b0
0020738
1ffa30c
1ffa30c
004fbf0
000a890
00728a7
0007a6f
0000513
0000513
002bc04
0003b28
1ff178b
1ffaddb
1ffd577
1ffd577
001ce44
1ffefb4
00052d3
001cbdf
1fffe1b
1fec2cb
00015ec
1ffefb4
00052d3
001cbdf
1fec2cb
1fffe1b
00015ec
004e950
1fb68fc
1fd4614
1ffcc28
1ffcc28
0028d70
008afe0
0001434
1fee2cc
0000bd8
0000bd8
002e710
1fef198
1fb42f2
0003f0a
000be9a
000be9a
1ff7eac
000f0d8
00065de
0009e0e
1fe80f6
1fe80f6
0017944
1ffcde8
1fdaddc
1ff14b0
0002446
00060b2
0006978
1ffcde8
1fdaddc
1ff14b0
00060b2
0002446
0006978
0029700
1fe7ee0
1fc4a28
000a704
000a704
1fe8cb0
1fe69e0
0007260
002fcc8
1fd73ec
1fd73ec
0030620
1fe4878
1f8a89d
1ff4983
0001006
0001006
0006c80
0010fc0
1fe94e9
1fe6203
0008238
0008238
0017918
1ffd05c
1fe7501
1ffb8b5
0007d62
1ff7b3c
003072c
1ffd05c
1fe7501
1ffb8b5
1ff7b3c
0007d62
003072c
00225c0
00203bc
1ffa0b4
1ff35d0
1ff35d0
1fecfb0
1ffb110
00174ac
1ffa69c
1ff4a4c
1ff4a4c
1ff5060
1fd3838
007f282
001fd0c
0021e17
0021e17
0015584
000a698
1fecf0c
000b156
000cf11
000cf11
00236dc
000c9f8
00022e9
0000d7f
0010c5c
0010b94
1fe3e90
000c9f8
00022e9
0000d7f
0010b94
0010c5c
1fe3e90
1ff35d0
1fc55a8
0005a88
000f990
000f990
0029fc0
1f93d20
004faa0
0032fc0
0016e88
0016e88
003a860
00123f4
00bec21
1fc0533
0003848
0003848
1fdc73c
0047354
1fe8d1b
0014a35
1ff3eba
1ff3eba
002cc04
1ffd96c
1fffe36
00179d4
0009587
1ff6423
1fdf330
1ffd96c
1fffe36
00179d4
1ff6423
0009587
1fdf330
1facc60
001168c
00119c4
1fdde58
1fdde58
0018c50
000c530
1fd3e14
0004f34
1fe4154
1fe4154
0064c70
1fd3694
001e34e
0009a96
0004a36
0004a36
1fc7114
000af84
1ff6f22
0025352
1ff6eda
1ff6eda
00169b4
1fd818c
1ff9fcc
0004680
00084b4
0016694
1fe00c4
1fd818c
1ff9fcc
0004680
0016694
00084b4
1fe00c4
003c800
1fe6038
1ff4958
1ffdb18
1ffdb18
0020f80
0012400
0029e58
1fd1e88
1ff54a8
1ff54a8
0019370
1fe5d94
1f8c1e3
1ff7103
001e1d7
001e1d7
000a4a0
0010bfc
1fdcf8f
1fff107
0007593
0007593
1fe3ac0
1fed098
1ff5a87
1ffd46f
1ff5cc9
00040b1
0019728
1fed098
1ff5a87
1ffd46f
00040b1
1ff5cc9
0019728
1fa1ad0
1fee178
1fdeea8
0000f70
0000f70
1fa7400
0062b00
000017c
1ff6bc4
0014b20
0014b20
007a230
1fe6480
0014336
1ff8f3e
1ffa550
1ffa550
1fd7ee4
1fbaf10
1fdc01c
0013504
0001f72
0001f72
003f034
1ffde90
1ffdb0b
1ffb0c7
1ff6161
1fe7b89
1fde1ec
1ffde90
1ffdb0b
1ffb0c7
1fe7b89
1ff6161
1fde1ec
1f99130
1fc7650
003a680
1ffd378
1ffd378
0001b90
1fd59f0
0016a80
0016608
001cb14
001cb14
000c6d0
00060cc
000deec
1ffb0a8
1ff5d1e
1ff5d1e
1ff98b0
000450c
00018de
1fdc5d6
1ff6aea
1ff6aea
1ff1048
1ffde14
1fdb837
1ff95d9
0018383
000e6d9
1fed6ac
1ffde14
1fdb837
1ff95d9
000e6d9
0018383
1fed6ac
1fbf850
0040248
00141a0
000f8ec
000f8ec
1fe2f00
1ff9470
1fdccbc
1fddcb4
0017eb8
0017eb8
0033a30
000ade4
0040d17
00072c9
1fe2c8c
1fe2c8c
002e304
0010ab4
0004f97
1ff9811
1ff8eb0
1ff8eb0
1fdbf04
001ae0c
000c00d
0003b3f
00031d2
1ff79f2
1ffde34
001ae0c
000c00d
0003b3f
1ff79f2
00031d2
1ffde34
1fc1510
1ff6c78
1ffd4a0
0011634
0011634
1ff3260
1ffd140
1fecc48
1fd6c28
1ff5be8
1ff5be8
00376b0
1fda69c
0028cea
0008d4a
1ff5080
1ff5080
1faa818
0005744
1fec584
000b744
1ff1972
1ff1972
0008a00
0003500
1ffe743
1ff9a9b
1fff82b
1fefe47
0013f9c
0003500
1ffe743
1ff9a9b
1fefe47
1fff82b
0013f9c
001c0d0
1fe0438
1fcb620
1fe7644
1fe7644
1ffde90
002d6c0
1ff24fc
1febfbc
0005d7c
0005d7c
0014520
1fa20e0
0029ff3
000e921
00240da
00240da
1fd54ac
1ff3598
1fe35cb
000a799
1fec2b2
1fec2b2
1ffae74
00047e4
000f107
0005e85
1fff5c2
00123ca
1fff610
00047e4
000f107
0005e85
00123ca
1fff5c2
1fff610
0050b60
0018500
1ff6db0
1ffa0a0
1ffa0a0
1f78850
002c170
1ff2170
000bab8
000f694
000f694
1fe1c30
1fe2c2c
00ce3de
1fe326a
1fdae32
1fdae32
1fe35ec
1fddd2c
1ffd058
00020bc
1ff5418
1ff5418
001ba04
0029cec
1fde10b
1ffb3fb
1fefe79
0008869
001f738
0029cec
1fde10b
1ffb3fb
0008869
1fefe79
001f738
002c4a0
0018b10
000e520
1fe2b40
1fe2b40
0035c20
000b190
1ffd674
001a3fc
1ff5a10
1ff5a10
1feb2d0
1fdab04
1f4a5a0
1fdf426
000f34b
000f34b
1fd9200
00156b4
00058f0
1ffbdb2
1fff525
1fff525
0008708
1ff0fcc
0011672
0008392
001146f
1ffca71
1fdfe9c
1ff0fcc
0011672
0008392
1ffca71
001146f
1fdfe9c
00152f0
0012184
0011f24
1ffcee4
1ffcee4
0044810
1fe5da0
0007848
0001a88
000e1c0
000e1c0
1f87700
1ffa52c
1fde2b8
00178e2
1ff0edb
1ff0edb
002ef70
1feb59c
1fdc6aa
0020bd8
001f577
001f577
001d940
1ff6b84
1ff5b43
000651b
0008cae
0005d04
0008c88
1ff6b84
1ff5b43
000651b
0005d04
0008cae
0008c88
000b750
1fc9eb4
000529c
002f230
002f230
0018d50
1ff8c80
000b040
1fda8c8
000f1e4
000f1e4
004ec00
1fdcfec
01e3939
000b479
1ff1d5b
1ff1d5b
00030dc
0011714
1ffc9ad
0001441
000008d
000008d
0017604
000b220
1ff1875
1fffcbf
000a69f
1ff81ed
1fdd770
000b220
1ff1875
1fffcbf
1ff81ed
000a69f
1fdd770
0028320
0014c1c
1ffb8a4
1fd41f0
1fd41f0
1fcaee0
1fdaec0
1fe0030
1fe88f0
1fe61c0
1fe61c0
1fa2870
1fea508
0079e08
1ff7c3e
00086d3
00086d3
003cc34
0018f98
1ffdc1a
1ffbb78
000ed35
000ed35
1fffb4c
1fedba8
000751b
1ffaeb9
0012888
001c6a0
0001ff0
1fedba8
000751b
1ffaeb9
001c6a0
0012888
0001ff0
0000eb0
1ffc930
1fd2e10
1fd85a8
1fd85a8
1ff2c50
0045ad0
1fc7efc
001adfc
000f4b4
000f4b4
1ffdec0
1fec0d8
1f8e19d
1ff8175
1fea761
1fea761
0004954
00216e8
000db6d
00040cd
1fe66d9
1fe66d9
1ffbbc4
1fc4c70
002875b
1ffc323
0013723
0000e6f
1fe3c04
1fc4c70
002875b
1ffc323
0000e6f
0013723
1fe3c04
0006220
0014318
1fd6158
1ff7900
1ff7900
1fd0300
1faea20
1ff4ef4
1fecd7c
1ff64c8
1ff64c8
00200c0
00039d8
1faa7ba
1fe6500
0012069
0012069
1ff65c0
000fe68
1fe566c
000fd9e
000541d
000541d
0053678
0000b68
0002f29
00047a5
0000f7e
1ff02a4
1ffe3c4
0000b68
0002f29
00047a5
1ff02a4
0000f7e
1ffe3c4
0025b30
00055cc
00026a4
1fe3e58
1fe3e58
0055b90
1feafc0
1fef860
0035578
003993c
003993c
1fe8130
1fe618c
0096225
00132c3
1fe492a
1fe492a
00132b8
0011414
00079f9
1fed023
1ff64e0
1ff64e0
000dbf0
0010788
1ffb13f
1ff16d3
0005a68
1ffe5ca
002d074
0010788
1ffb13f
1ff16d3
1ffe5ca
0005a68
002d074
0071b30
1ffe45c
1fc3924
1fd6508
1fd6508
1fb1ff0
1fcaa80
1fd1b68
0002418
1ff9630
1ff9630
00acbc0
1fe9a00
00cf35f
0003b57
1ff2649
1ff2649
1fd5a74
0024040
1ffb2e3
0013327
1fff67f
1fff67f
0031804
1fe2548
000a1c9
0010497
001a27d
0001f3b
1ff26b4
1fe2548
000a1c9
0010497
0001f3b
001a27d
1ff26b4
1fb9e60
1fe0cd8
000b268
0016d98
0016d98
0026010
1fb8520
001a024
1fe3374
0019ffc
0019ffc
1fb8530
000c8e4
1fd6350
1fdbe1a
00142ab
00142ab
1fecdc0
001c05c
1fea8a0
1ff232e
1ff65c1
1ff65c1
00140f0
0018770
0012b7c
1ff4c80
1ff003d
000fb8f
1feeed8
0018770
0012b7c
1ff4c80
000fb8f
1ff003d
1feeed8
001e9f0
000ed84
1fed2cc
1fdb4d0
1fdb4d0
002ce40
0065f90
0003be0
1fdedf0
1fe9cd0
1fe9cd0
1ff06c0
00244c4
1f95118
0023d3e
1fff0bd
1fff0bd
0021334
1ffe204
0001ec8
0001cc6
001c851
001c851
0006afc
1fff4d4
001abea
00042b0
000518f
000a8a7
1ffaad8
1fff4d4
001abea
00042b0
000a8a7
000518f
1ffaad8
1fa89e0
00176d8
001af88
00159d0
00159d0
000cad0
1fed520
1ffe668
1fec418
1fd5980
1fd5980
1ff9770
1ff4510
1ffde20
0043636
1ffeb35
1ffeb35
0023414
1fe1c20
0010194
1ff23ce
000a667
000a667
1ff5b3c
0007838
000bf42
1ffda26
0006b09
1ffc57f
1ff3ee0
0007838
000bf42
1ffda26
1ffc57f
0006b09
1ff3ee0
1fd5040
00123c0
0015e10
1fee330
1fee330
006b410
001f1c0
000908c
1ffe20c
003e06c
003e06c
1fe82e0
0008bb4
00123f6
1feac26
0003b96
0003b96
1feabf0
00079b4
1feeed8
1fdf7e8
1fea270
1fea270
001cda0
0015024
1fff1d1
00080c1
0004f51
1ff1399
000f0f0
0015024
1fff1d1
00080c1
1ff1399
0004f51
000f0f0
1ff0f20
002e6b0
1fddcf0
1fe8820
1fe8820
1ff4570
1fc1450
1ff2738
0013228
0029dd0
0029dd0
000de40
0019528
0060bf6
1ff9532
1ff0674
1ff0674
002b538
1ffb0c8
00003fa
000cc2a
00004e2
00004e2
1fbbae0
001a108
1ffaa1e
1ffd618
0009948
1ffd86e
1fec364
001a108
1ffaa1e
1ffd618
1ffd86e
0009948
1fec364
0007290
1fea1bc
1fe2bac
1ff794c
1ff794c
1fc77e0
1fcb110
1ffef1c
000e874
1fffd90
1fffd90
0053810
0046290
000d36b
1fe7b7f
1ff0561
1ff0561
1fd1df8
00267b0
000a93d
00035a5
1ffa4d5
1ffa4d5
1fb9948
1ff2c18
1ffde36
000a110
1ffc534
000dbba
1ff1870
1ff2c18
1ffde36
000a110
000dbba
1ffc534
1ff1870
008bbe0
1fe80f8
1fdf9f8
1ff6128
1ff6128
1fe4d90
1fe8e60
00523e0
001af38
1fdd3a4
1fdd3a4
1fa8020
1ffbfc8
0034920
1fe512a
1fe85a3
1fe85a3
1fca220
000cdf0
1ff2a2c
0032292
001452d
001452d
0056af0
0001c64
1ff300c
1ff6998
0009641
000dd27
1ffa320
0001c64
1ff300c
1ff6998
000dd27
0009641
1ffa320
1fc9f10
1fcecc0
00248f8
0005494
0005494
0056b40
1ff26f0
00161a4
1ffca5c
000ced8
000ced8
00073b0
1fd98dc
00bfab9
0028fd7
1ffb64e
1ffb64e
1ff2fb0
005ce5c
1fde721
1ffb53f
1fe8c32
1fe8c32
1ff0890
1fec414
1fda9ab
00128fd
001027c
00008c4
0031d48
1fec414
1fda9ab
00128fd
00008c4
001027c
0031d48
1fcdd60
1feca50
00090e0
1ff4c68
1ff4c68
0028c50
1fdaf60
0000054
0008614
000afe4
000afe4
1fe4030
004ae08
1f2e7db
001002f
1ff2e17
1ff2e17
1ffb37c
1fefe50
0022a25
1fe9f61
0012391
0012391
1fce14c
1ffe17c
000aaa2
1ff8292
1fffce8
000d984
1feb98c
1ffe17c
000aaa2
1ff8292
000d984
1fffce8
1feb98c
1f80df0
1fc4e84
1ff2e74
001407c
001407c
0016e60
1fbe9f0
1ff7b9c
1ff8924
1ff76e0
1ff76e0
1fe9610
00071e0
1fdae4e
0012b92
0022b3e
0022b3e
1fd2bc4
0039560
0000b0e
1fd76ee
1fe7ff0
1fe7ff0
1ffa1f4
0011130
0003f5a
1ff6cf0
00053f4
1fff6d6
1ff4bb4
0011130
0003f5a
1ff6cf0
1fff6d6
00053f4
1ff4bb4
1fe8460
000f430
1fe54e8
0014d7c
0014d7c
004cbd0
1ff6bf0
1ffe524
0007e3c
1fe08c8
1fe08c8
1fe7c00
0008fa4
01ddb2a
0000bb4
00106bf
00106bf
000cb48
1fbc104
000e142
0002c58
0008369
0008369
00202c0
1fe8aa4
1feeb38
1fe92bc
00246dd
00045db
1fd3d8c
1fe8aa4
1feeb38
1fe92bc
00045db
00246dd
1fd3d8c
007ed50
0041d08
1fdda38
1feb068
1feb068
0037d50
000f650
000db78
1fd4b70
0003e9c
0003e9c
1fe6ed0
0026780
006e4bc
1febfc8
1fe9892
1fe9892
0040fa8
1fef238
0008e34
00068c8
0010892
0010892
0003628
1ffe644
0013c76
0017ef6
00080d0
1fe3a78
001e4f8
1ffe644
0013c76
0017ef6
1fe3a78
00080d0
001e4f8
1fae820
002c468
1feb130
1ff8e44
1ff8e44
1fa5fd0
001cc50
1fe1734
1fdf2a4
1ff03dc
1ff03dc
1ff7f70
0012830
1fa4cd9
0007b91
1ff3701
1ff3701
0009ca0
1feb3e0
000d969
00184e5
1ff4bf3
1ff4bf3
1ff2e50
1fef028
1fef819
1ff6d97
00156c7
1ffa6d9
0012f00
1fef028
1fef819
1ff6d97
1ffa6d9
00156c7
0012f00
000e4d0
1fe2f64
1fab95c
0018b78
0018b78
1fe3b50
00184b0
1fb3a74
1fffc94
002aeb4
002aeb4
0056b50
1fece30
1f8ab56
0028bec
1fe3e35
1fe3e35
001b798
001b150
1ff195a
000055c
1fe0923
1fe0923
0009d68
00024e8
001e806
0018146
0003913
1fedcc5
1ff4ae8
00024e8
001e806
0018146
1fedcc5
0003913
1ff4ae8
004ecf0
1ff8c84
1fdcbcc
1ffdd60
1ffdd60
001db80
1fdcf10
1fe5954
000bcec
1ff4390
1ff4390
1fd3910
000c288
0090e6f
001cbe9
1ffc412
1ffc412
0045b9c
000a038
1fecd99
1ffb4af
000865a
000865a
0034644
000b378
0001be6
1ff30da
000437b
1ffce51
1feca40
000b378
0001be6
1ff30da
1ffce51
000437b
1feca40
1f928a0
0016c84
1fd649c
0007860
0007860
1fb27c0
1ff9460
0020998
00054f8
1ffcae8
1ffcae8
001b4c0
0021b4c
009ea79
000998b
1ff260e
1ff260e
1ffc490
0018f3c
1ffb0e1
000cabb
00021b2
00021b2
00246c0
1fe4ee4
001de7b
1ffb801
00020ca
0018592
1fea818
1fe4ee4
001de7b
1ffb801
0018592
00020ca
1fea818
00329a0
1ffcdf8
1fef6f0
1ff3654
1ff3654
0077500
000e430
0020014
1ffdc0c
0017a30
0017a30
1fd42d0
1fcc3b4
1fcb6ce
1ff7f74
00016e5
00016e5
003cd34
1fc3394
1ff7a8e
000c8b4
000abfd
000abfd
00061e4
0038034
1ff55f6
1ff0164
1fe9e51
1feeb51
0027a44
0038034
1ff55f6
1ff0164
1feeb51
1fe9e51
0027a44
002c800
000bdc4
1fd35fc
1fce3c8
1fce3c8
1fce860
003d520
1ff0408
001ba28
0008488
0008488
007cdb0
1feff94
1fa8fc2
000a67a
0013df2
0013df2
1fea4a0
1fff0ec
001ea32
1fffd92
0003156
0003156
1fc85f8
1fdfd88
000244e
000481e
000d6e4
1ffbac0
1ffe51c
1fdfd88
000244e
000481e
1ffbac0
000d6e4
1ffe51c
1fe7960
001ef04
1fff534
1fdc05c
1fdc05c
1f950a0
008b7e0
001c130
0002778
0007efc
0007efc
0018380
0009510
0018fc1
0022415
1ff0929
1ff0929
003a904
1fec0a0
1ff92c1
1ff5b2d
1ffa951
1ffa951
000385c
1fe44b8
1fe1f2f
0014bbf
1ff93f3
00167db
1ffcac8
1fe44b8
1fe1f2f
0014bbf
00167db
1ff93f3
1ffcac8
003eae0
000d168
1ff1f20
1ff15ec
1ff15ec
1fd23f0
1fddd60
1feab24
1fe7eb4
1ffda0c
1ffda0c
1fe8e20
0000184
00267a6
1ff46ea
000b3f4
000b3f4
001cf24
000131c
0016034
1ffe04c
000d6f0
000d6f0
1febc94
1fffbc8
1ff8c65
000d1a3
1ff730b
1ffc891
1ff27e4
1fffbc8
1ff8c65
000d1a3
1ffc891
1ff730b
1ff27e4
1f83c20
001a17c
001c2b4
0011610
0011610
00128d0
1ff6730
1ff0618
000d670
1ff0e8c
1ff0e8c
1ff2ee0
1fe693c
004bf03
1ff70d1
000d874
000d874
002f5e4
000e36c
1fe5653
0002bd5
1ff8ff2
1ff8ff2
1fff174
1ff9cd4
1ffb333
1ffbd13
1ffea2a
000c314
001f82c
1ff9cd4
1ffb333
1ffbd13
000c314
1ffea2a
001f82c
003ac80
1f93bc4
0009364
1ff659c
1ff659c
0009fe0
1fd0c70
00036b4
1fddd04
0001f54
0001f54
1fedb20
000ed4c
1ff50ff
000b059
0014d4a
0014d4a
001f808
002456c
0005311
0021e47
1fe9b66
1fe9b66
1fea840
0025204
1ff2e10
0014f90
0011af5
1ff3ca3
0008324
0025204
1ff2e10
0014f90
1ff3ca3
0011af5
0008324
0046e30
000fbcc
1fe7304
1fd5418
1fd5418
1fd1700
1fd72c0
1fd8070
001efa0
0012af8
0012af8
1ff2420
1fe0250
0035514
0005d74
1ffb60c
1ffb60c
00126b8
0021d00
001ef30
0015dec
0007086
0007086
1ffc8b8
001c9e8
1ff5838
1ff3d6e
00040a8
1ff9ace
0009f20
001c9e8
1ff5838
1ff3d6e
1ff9ace
00040a8
0009f20
1ff9610
000014c
1fffaf4
001cf80
001cf80
0009250
0015fc0
1ffbdec
001d46c
00159b4
00159b4
1fd75c0
0039520
00be5bd
1fef43d
1fe66e7
1fe66e7
1ff21c8
0028820
1ff2743
1fed8a7
1ffbb4b
1ffbb4b
1fe04f8
1fe49c8
0000fd0
0010642
000ff38
1ff8a32
00087c8
1fe49c8
0000fd0
0010642
1ff8a32
000ff38
00087c8
00259a0
0017de8
1ff4328
1ff6ca0
1ff6ca0
1fce960
003a7c0
000eecc
1ff0604
002c4d8
002c4d8
1f8b610
1ff9b44
1f39f1f
1fdb36b
1ff942d
1ff942d
1fbf254
1fd2a64
1ffbf97
000ebdb
1ff6b99
1ff6b99
0019c04
1ffabb4
1fff3e7
000b7c3
1fe8bf3
1ff93f7
0021154
1ffabb4
1fff3e7
000b7c3
1ff93f7
1fe8bf3
0021154
1fe00f0
0026988
1fd18a8
1ffe220
1ffe220
1ff0a80
1fdcbf0
001d72c
0027634
00036f8
00036f8
1fe7e80
00239ac
1fee55a
1fe9b0e
1fd6344
1fd6344
1fb89a4
0009ccc
000365e
1fc32e6
1ff1a52
1ff1a52
1ff976c
0003e8c
1ffe0ce
1ffb684
0002b72
0015990
1ff69b8
0003e8c
1ffe0ce
1ffb684
0015990
0002b72
1ff69b8
1fb73b0
1ff7890
000f758
00087a4
00087a4
004a150
0028120
1ffaf3c
1fd8164
1ff7ca8
1ff7ca8
1f6dfb0
000411c
01dcab9
000892b
1fe1e9a
1fe1e9a
1fe8288
0010c3c
1ffc58d
1ff5f67
1fde4fe
1fde4fe
002a168
000e944
1ff427b
000a531
0011a60
1fec0b0
003cc38
000e944
1ff427b
000a531
1fec0b0
0011a60
003cc38
0002730
004863c
00115c4
1fec328
1fec328
1fbdc80
1fd2ff0
0071b50
1fcd7a0
1ffae78
1ffae78
1fe99e0
1ff6ca4
004fcb7
001a415
1fee02e
1fee02e
004a0cc
0008094
000ec1b
0003a09
0006ee2
0006ee2
1fd0b94
1fceb14
1ff7f6f
00116dd
1ff535e
000eb76
0027df8
1fceb14
1ff7f6f
00116dd
000eb76
1ff535e
0027df8
0013b20
1fd9394
1fea6fc
0013f90
0013f90
1fd6e10
001fe60
1fae0fc
0015b4c
0018554
0018554
1fe8720
1ff1dc0
1fa7d01
000835f
00025f6
00025f6
00080b4
00090d0
1fec1ad
0003cb7
000ebf8
000ebf8
0003a24
00000d0
00078ff
0011e23
0007bf2
1feab2c
005171c
00000d0
00078ff
0011e23
1feab2c
0007bf2
005171c
1fa4be0
0033634
0032a5c
00167b0
00167b0
00093b0
1ff24d0
1fd47c0
1fe5eb0
00138d0
00138d0
002c500
0038ac4
1f9d231
1ffbead
1fe7adf
1fe7adf
1fdedb0
00381a4
000822b
1ff6caf
1fed735
1fed735
1fdee30
1ffdd7c
0006554
1ffefcc
1ff2010
1ff1f78
1ffa008
1ffdd7c
0006554
1ffefcc
1ff1f78
1ff2010
1ffa008
1ff7b80
0019000
1ff9a08
00353fc
00353fc
00323b0
1fc85b0
1fe56f4
000f09c
0008810
0008810
0017310
1fee44c
00b9ea8
1ffbeee
0006e3b
0006e3b
00194d4
1ff74bc
0016ca2
1fe3474
0000faf
0000faf
1fdcddc
1ff3d0c
000a377
000eddb
1ffebb4
001147a
1feab18
1ff3d0c
000a377
000eddb
001147a
1ffebb4
1feab18
1ffa930
1fe1a98
000c0d8
0002880
0002880
1fbc210
0033070
1fda444
1fd064c
1fdf248
1fdf248
000d0c0
1ff747c
00b68bd
1fe40e5
000e3fd
000e3fd
1fe9f80
1fdf474
000a745
00257d5
0007721
0007721
003d3d0
0018160
0001d87
00087ab
0006a89
1ff8151
1ff7b90
0018160
0001d87
00087ab
1ff8151
0006a89
1ff7b90
1fd0680
1ff1b10
1ff02e8
001de94
001de94
000ae60
1ffd2b0
1fe529c
1fc9804
0002c30
0002c30
0079120
0008664
1fcde26
0004d82
0009a5c
0009a5c
1ff5e9c
1ff9614
00083ca
1fe8fa6
1ffc5c8
1ffc5c8
1ff9124
000bad4
1ffbb56
0017c56
1fe5728
000a53c
1ffaba8
000bad4
1ffbb56
0017c56
000a53c
1fe5728
1ffaba8
002ff90
1fe1694
1fea66c
1fe7340
1fe7340
1ff7490
00072a0
1fefed4
001669c
1fe97d0
1fe97d0
0018c10
00132b8
1f823d4
0005c2a
0001421
0001421
1fe74c8
0023648
1fe667e
0001b70
0019e79
0019e79
1fe6820
1fea460
000ddcb
1feb697
1ffea26
1ff9328
001062c
1fea460
000ddcb
1feb697
1ff9328
1ffea26
001062c
0022550
1fe0330
002c480
0022f20
0022f20
0036830
1ff2770
001715c
1fde864
1fee318
1fee318
00090b0
001eb0c
0026a9c
0003604
0007c92
0007c92
1ff6d40
00160a4
1ff1cae
000d922
0007b4e
0007b4e
001d028
001ab40
000bcbb
1ff17d9
1ffba17
1fed8dd
1ff901c
001ab40
000bcbb
1ff17d9
1fed8dd
1ffba17
1ff901c
1fc96b0
001d06c
002e55c
1fe9d0c
1fe9d0c
1fe2d30
0019290
0042e30
1fe9f30
1ff7480
1ff7480
1ff4eb0
000d1bc
0006f0c
1ff08bc
00036f6
00036f6
1ffd584
1fea9e4
001f1da
000d506
001372e
001372e
0000eac
00015a0
1fd818b
0018831
0003d85
0008daf
0015660
00015a0
1fd818b
0018831
0008daf
0003d85
0015660
00529a0
1fdcdd4
1fe2b0c
0048820
0048820
1ff0cf0
1ffc660
1ffa83c
1ff127c
1fd5534
1fd5534
1fe5690
1fed790
002bee0
000d3ca
0007c5b
0007c5b
00225b8
00093b0
1fe07e2
000eb44
1ff7179
1ff7179
0015b90
1ff4680
1ffc3af
000aad1
0011ac0
1ffe454
000a554
1ff4680
1ffc3af
000aad1
1ffe454
0011ac0
000a554
1feb2c0
1ffb498
1ff9728
1fe20c8
1fe20c8
0026dd0
1fcc760
1ff5b84
1fe945c
1ff89f8
1ff89f8
1f77e60
1ffcb74
1ff04d2
1ff2f08
1ffb809
1ffb809
1fe0694
000d9bc
1ffdae8
1ff5466
000deb7
000deb7
0023ecc
001d3d8
1ffb975
1ff0aa3
0012530
1ff5514
0011db0
001d3d8
1ffb975
1ff0aa3
1ff5514
0012530
0011db0
0045210
0007e48
00111e8
1ffdc60
1ffdc60
0025540
1fd7610
1fdb518
1fe0a08
0005b88
0005b88
0005db0
0001f0c
003dc3d
001be4f
1ffd852
1ffd852
1fd119c
001690c
0018229
000196f
1ffe158
1ffe158
1ff81dc
0030474
0019c7b
00073cf
1fdf45a
1ffe960
1ffb494
0030474
0019c7b
00073cf
1ffe960
1fdf45a
1ffb494
1ffe030
1ff658c
1ff764c
1fe8814
1fe8814
1ff1430
003aeb0
0013428
00103d0
1feed54
1feed54
1fe94c0
1fc8970
00e8f24
1ff28b0
001410e
001410e
00201a0
00089d8
00095ee
1ff8b7a
1fead34
1fead34
1fe83d0
1fdf074
000d7db
1fe9797
00182bf
0013d7f
1fe11f8
1fdf074
000d7db
1fe9797
0013d7f
00182bf
1fe11f8
005e900
1fb7694
0009394
1fe72ac
1fe72ac
0032c70
1fbf080
1fe7bac
0018af4
000c148
000c148
006b110
0030948
1f4d656
1fffd32
000212e
000212e
1fd3a5c
1ff0bd8
0004914
1fff7d8
000bb7c
000bb7c
001013c
1fe0cb0
0005b0b
00084cb
000f7c7
001364f
0006b9c
1fe0cb0
0005b0b
00084cb
001364f
000f7c7
0006b9c
0014970
003cfa8
1fea978
1ffc7c0
1ffc7c0
1f9dee0
003a130
1ffcf38
0006f50
0000904
0000904
0019c30
1feb22c
1febe4b
1ff053b
1ffb787
1ffb787
1fc2ee8
1fd36fc
1ff422d
00242dd
1fff7a1
1fff7a1
1fe38e8
1fec704
0005112
1ffe676
0002cec
0016e84
1fefcc8
1fec704
0005112
1ffe676
0016e84
0002cec
1fefcc8
1fbcfd0
1fe2b34
0010cfc
0008820
0008820
001bc50
0010890
0020bf8
1fc7540
00144ac
00144ac
1f841f0
1ffcdbc
01e6b52
1ffb0c0
1ff7f4b
1ff7f4b
0027a50
1ffad3c
000c436
00045a0
1ff3251
1ff3251
0030960
1ffe284
1fec1da
0018eca
0007f2d
1fe8e0f
0009968
1ffe284
1fec1da
0018eca
1fe8e0f
0007f2d
0009968
0056c40
1ffe4f4
1ff72dc
1fc2340
1fc2340
1ff9200
1f676f0
1ff7980
0010bc8
00250cc
00250cc
1faf3a0
1fd5a18
00854e3
00034c1
000d59a
000d59a
0027a80
00016a0
00166cf
1ffab85
1fff0ae
1fff0ae
0021e88
0018bdc
00023fb
1fef4cd
000a554
1fee778
0023434
0018bdc
00023fb
1fef4cd
1fee778
000a554
0023434
1faff80
003fcc0
1fe66b8
001e33c
001e33c
1f9ecd0
1fc49d0
1ff69f0
001f060
1ff5238
1ff5238
0016910
0001e7c
1face56
1ff1b40
0008b53
0008b53
001813c
1fe8714
1ffb1e0
0009eca
0008d6d
0008d6d
002fb34
001aca8
0008621
0002e07
000d444
1ffede4
1ff85a8
001aca8
0008621
0002e07
1ffede4
000d444
1ff85a8
1fec550
1fe0cf4
1ff948c
1fed738
1fed738
00003d0
0048fd0
1ffaafc
1fd8884
1fed410
1fed410
0021630
1ff20c8
1f98e71
1fe9801
1ff552b
1ff552b
1fcbe58
1ff4f68
1fd89ef
002127b
0017d8f
0017d8f
0024c78
1ffe238
1fff750
000558e
0008a24
000a296
1fd74a8
1ffe238
1fff750
000558e
000a296
0008a24
1fd74a8
0044120
1fe3350
00129e0
1ffc0b0
1ffc0b0
002c950
1ff08e0
1ffb270
00025b8
00072a4
00072a4
0007b30
003a080
008244f
1fb8a09
1feda22
1feda22
1ff86a4
1fed900
0018c5f
0002e19
1ff6166
1ff6166
000b764
0005e98
1ff0247
1fee449
1ff473a
000faf6
00108ac
0005e98
1ff0247
1fee449
000faf6
1ff473a
00108ac
0028910
0039460
1ff5530
1fdb7c8
1fdb7c8
1ff3d90
1f8c870
1fbe9ec
004435c
0001884
0001884
003ece0
1fe9d84
00b39f1
1feaa53
00019ae
00019ae
1ff5d38
0027944
1ff407d
1fdfe2b
1ff4124
1ff4124
1fd5c18
001b70c
1fedbb9
1ffe0e9
001264a
0004694
1ff1648
001b70c
1fedbb9
1ffe0e9
0004694
001264a
1ff1648
001f7e0
0004fc0
00010f0
1fe5608
1fe5608
1fcac10
1fc9890
1ff6070
0015060
1fff2b0
1fff2b0
0033db0
1fdd6d8
1fdeb15
0000eb9
000d2a5
000d2a5
00386c8
1fc4608
1ffb7a7
1ff46df
1ff5585
1ff5585
0018550
0019158
0011fa0
1fe49f6
1fe621a
001861c
1fc3264
0019158
0011fa0
1fe49f6
001861c
1fe621a
1fc3264
00639f0
001a200
1fe0d98
1ffd44c
1ffd44c
1fc2e40
1fe3e00
0036ab4
1ff3544
1fff704
1fff704
1fffad0
1feebec
1f86356
0006cca
001c464
001c464
1ff4b08
1fc9cdc
00031ca
00072a6
1ff537c
1ff537c
1fbcc78
0002f24
000555a
000e1d6
001bd94
1fd9574
0007950
0002f24
000555a
000e1d6
1fd9574
001bd94
0007950
1f73e30
0032964
1ff01cc
000a978
000a978
1fe4310
1ff1e50
1ff55d4
0021374
1fe8f04
1fe8f04
1fbb260
0010a90
00104aa
000f308
0002b57
0002b57
002c6a0
1fc42d0
0007be6
000b6fc
1ff0f2b
1ff0f2b
0018468
0016940
1ff9cd0
1ffa47a
1ff665b
1fdf4df
0018a2c
0016940
1ff9cd0
1ffa47a
1fdf4df
1ff665b
0018a2c
1fffd70
1ffed34
0020ebc
001cd00
001cd00
1fa39d0
1fe9840
1ff32d0
1fec1e8
1ffd6f4
1ffd6f4
0014860
1ff3b08
004815a
001c9c8
1fee039
1fee039
00165a0
1fe5410
000ff26
000aec0
1ffe1a3
1ffe1a3
1fe8ad0
001771c
1ff8310
1fe870c
0017e2d
0009617
1ff2170
001771c
1ff8310
1fe870c
0009617
0017e2d
1ff2170
1fd7220
0025670
1ffe258
1fee1e4
1fee1e4
000c510
0048b00
1ff5480
1fd00e8
0015984
0015984
00136d0
1ff13cc
00368cc
0001d76
000277f
000277f
0022824
0002abc
1fed680
000b972
0002b6b
0002b6b
1fe5afc
1fbe70c
000446e
001caf4
1ff1f25
00018bd
001cc68
1fbe70c
000446e
001caf4
00018bd
1ff1f25
001cc68
1fe3c00
0016264
000fdb4
1feaadc
1feaadc
0043b30
0008e90
1fe542c
0005b14
1ffeac8
1ffeac8
1fa0380
000d604
000f5cb
1fe44ff
0009839
0009839
1fe5d08
1ff4014
0007501
0012269
1ffa571
1ffa571
1feabb0
0005a04
0002ef6
001ffcc
1fee922
1fec400
00052dc
0005a04
0002ef6
001ffcc
1fec400
1fee922
00052dc
1f77850
0007d30
004f278
1fee5ac
1fee5ac
000c2e0
001f750
001af20
0005778
1fd155c
1fd155c
0041eb0
0012258
003ded1
0017163
0010350
0010350
1fcc0a4
1ff48c0
0000f0f
1ffb5d1
1ffe8ba
1ffe8ba
1ffa014
1fe4ccc
1ff7752
1fffee4
0011981
1ff041d
0007ffc
1fe4ccc
1ff7752
1fffee4
1ff041d
0011981
0007ffc
1fe15d0
1ffd014
1fff23c
001a448
001a448
0007920
0013f80
000a7b0
1fef150
0017148
0017148
1fd6c30
00175a0
0090173
0006aa7
1ffcc5b
1ffcc5b
1ffed5c
0010c88
1ffb821
0002d31
1ff9ab7
1ff9ab7
001446c
1fdd81c
0008728
0000ade
001498e
1ffc784
0042ec4
1fdd81c
0008728
0000ade
1ffc784
001498e
0042ec4
1f96be0
1fee81c
0009ff4
0014c40
0014c40
003f5a0
0001510
00002a8
1ff6608
1fdf760
1fdf760
1fee880
0032134
1ef13db
1ffed8d
1ff4714
1ff4714
0031580
001e8ac
1ff2af9
0012fa3
1ffebe6
1ffebe6
0023f78
1fdedb8
1ffe770
000a2ba
1fea03b
0005137
1fff0bc
1fdedb8
1ffe770
000a2ba
0005137
1fea03b
1fff0bc
1fd1770
00346a8
001a018
002def8
002def8
1fc8eb0
1fdb4b0
001283c
0000bbc
0024fa4
0024fa4
1ff33d0
0033080
1fda05a
00155ec
1ffc045
1ffc045
0018ad4
0019538
1fe2240
000843e
1ffae65
1ffae65
1ffaa64
1fed0a4
0015529
1fea489
1ffd8ac
1ffabae
1ffd44c
1fed0a4
0015529
1fea489
1ffabae
1ffd8ac
1ffd44c
1fab5b0
000dfb8
0038588
1ff1550
1ff1550
1fd2270
000bad0
00084b0
0004ae8
1fdf244
1fdf244
1f956d0
00142c8
01d836c
000c27a
1ff9ebd
1ff9ebd
1ff4ae4
1ff15e0
1ffdcc4
1fe9da6
001bc1f
001bc1f
001052c
001f6f4
1ffb68c
1feba34
0023f29
0027683
0023b20
001f6f4
1ffb68c
1feba34
0027683
0023f29
0023b20
1fde7b0
1ff53dc
1fe7bf4
00341b0
00341b0
000bcd0
002d550
0039630
0003910
003fb40
003fb40
1fe3ad0
000bc4c
0058aa7
1fe7cf9
1ffed96
1ffed96
0019768
000610c
1fe0871
000984b
1feefe4
1feefe4
00308a0
1fe8564
1fd78c4
1ff910e
1feb2d5
1ff8899
1fef1fc
1fe8564
1fd78c4
1ff910e
1ff8899
1feb2d5
1fef1fc
0039680
1f75f20
0080878
1fecc34
1fecc34
0013480
1ffa650
0011cb0
1fffb98
001a6f4
001a6f4
1fc10a0
002969c
1f8a6f0
1ff617a
0013021
0013021
0014c94
0003ddc
1ff70d8
0007f0a
0003c7d
0003c7d
000a20c
1ff9a1c
1fe3bc6
1ff88a0
1ff7d17
1ff8927
1ffb988
1ff9a1c
1fe3bc6
1ff88a0
1ff8927
1ff7d17
1ffb988
0014d30
1ff4b40
1ff1750
1fe90d8
1fe90d8
1f8b050
002efc0
1ffc738
1fdf760
1fd2f8c
1fd2f8c
1fb9420
1fd14b8
1f8bc5a
0007386
0011420
0011420
1fcee20
0014990
1ffe99a
0009a06
1ffab44
1ffab44
0032b00
000179c
0010200
1ffc71c
1ff8dec
1ff8974
0014cf0
000179c
0010200
1ffc71c
1ff8974
1ff8dec
0014cf0
0006de0
1fed184
1fce25c
0013e40
0013e40
1fd04c0
003bdc0
1ffd840
1fed328
1ff590c
1ff590c
1ff3cf0
0003794
006041a
1fe3746
0000ca8
0000ca8
003c95c
1fcc754
0011f32
00179ca
1ff60be
1ff60be
0005b3c
1fe7ec4
000b016
1ffb4bc
000be74
001ef36
0006814
1fe7ec4
000b016
1ffb4bc
001ef36
000be74
0006814
1ff1300
002a7bc
1ff9404
00073e8
00073e8
1fd3750
0043590
000c45c
1ff34cc
0007eec
0007eec
1fb42b0
1ffd6a8
00b21fc
000a92e
0004833
0004833
1ffc028
1ff6548
1ff0012
000f3f0
00014f7
00014f7
002ae40
1fdf6e0
1fec273
00146c3
1ffb668
1feda9a
1ff5194
1fdf6e0
1fec273
00146c3
1feda9a
1ffb668
1ff5194
0047200
002aa34
1ffc9c4
1fe599c
1fe599c
0003540
0016ff0
0016f20
006f9a0
002b200
002b200
0006c80
002fa44
1fc444a
1feb2d0
0004b71
0004b71
0034600
1face5c
001108a
1fe4fc8
0005ec1
0005ec1
1ff92c0
1fce730
00164b2
1fe9e0c
00032c7
1fee883
00119e8
1fce730
00164b2
1fe9e0c
1fee883
00032c7
00119e8
1f86420
0008414
1ff9064
0000c44
0000c44
0017760
0015230
1fec800
0004098
00216bc
00216bc
0005f40
000d084
1f8fe73
1fec003
1ff09af
1ff09af
1ff0418
1fe2dd4
1ff377d
1fec719
1ffad23
1ffad23
0006c28
0006404
00041e4
0014dde
1fea348
1fe235e
1ff7540
0006404
00041e4
0014dde
1fe235e
1fea348
1ff7540
0038a00
0048570
1fee958
1ffec44
1ffec44
00083f0
1fdf7b0
1fea898
000efb8
0025180
0025180
1fe0c80
1fa8558
0014178
002c076
000a595
000a595
004a38c
1fd50f8
00019f8
1fff46a
1ff72ff
1ff72ff
0002164
000b198
1ffc5de
0000966
001dbcf
1fff5a9
1ff9d28
000b198
1ffc5de
0000966
1fff5a9
001dbcf
1ff9d28
005b1f0
1fde4a4
1ff182c
1fe7880
1fe7880
1f90b60
0026da0
1ff3348
1ffa5c8
1ff0660
1ff0660
001bef0
1fff8dc
0017d59
0027721
0015ab7
0015ab7
0026834
1fedb24
000bf37
1ff9903
001d3ab
001d3ab
0019584
1fe4718
0010b24
1feb00e
00050be
1ffb07c
1ffbc9c
1fe4718
0010b24
1feb00e
1ffb07c
00050be
1ffbc9c
1fe2e20
1fe5d40
1ff2f30
0021c50
0021c50
1fef0e0
000e040
1ff62b0
1fe4e78
1ff10d4
1ff10d4
1fe9ff0
001a294
0052971
0002ee9
0003247
0003247
1fd5b44
1ffa534
0015475
1fea965
00033b3
00033b3
00076ec
000e344
0003355
0018215
1ff9f9d
0007725
002ed18
000e344
0003355
0018215
0007725
1ff9f9d
002ed18
1ff3d40
001cbb4
1ffd04c
1ff5e70
1ff5e70
1fd6620
0028e10
0013174
1fd6874
1fd22bc
1fd22bc
1fdb590
002bff4
0013c20
1ffd3ae
1ff3997
1ff3997
1feaba8
000b00c
0007c02
0015acc
0008b07
0008b07
00126b0
1feaca0
1ff3437
0005b63
000c872
00180a8
00041d4
1feaca0
1ff3437
0005b63
00180a8
000c872
00041d4
001d260
0007a34
1fea544
001914c
001914c
1fe3cc0
001e820
00340b4
1fd407c
0013108
0013108
1fa7b80
00252f4
1ff591b
000bdd7
1fff245
1fff245
0021430
1ffbcb4
0021e09
00252dd
1fffc37
1fffc37
1fd70b0
1fce64c
0007cb0
1ff1c1c
0006e16
1ff0956
000cf98
1fce64c
0007cb0
1ff1c1c
1ff0956
0006e16
000cf98
002d3b0
0012a54
1ff6d84
1ff40b4
1ff40b4
1fa4240
0024a60
1fee3f4
000cf64
1fcb3d4
1fcb3d4
0017390
1fe1ea4
00c5594
001a81a
00181f5
00181f5
0007224
1ff38d4
00093e0
1ff441a
1fee87f
1fee87f
000001c
000cfc4
1ffab7c
000b1d4
000187b
1ff3de5
000e080
000cfc4
1ffab7c
000b1d4
1ff3de5
000187b
000e080
0010e70
1fe8660
000fcd0
000afa0
000afa0
1fdb160
001fca0
1fd8ee4
1fd9694
1ff068c
1ff068c
00405f0
1ffeb18
1f46105
00084ed
0014903
0014903
1fc43d8
1fbf238
00216b7
1fd7fbf
1ff9dd9
1ff9dd9
1febbd8
0011288
1ff4fe0
0022628
000adb6
0000c62
003bde0
0011288
1ff4fe0
0022628
0000c62
000adb6
003bde0
0051200
1fecba4
1fce29c
0009598
0009598
1ffbea0
001b780
00153e8
1ff9a70
00098e4
00098e4
1faffb0
1ff06b0
1fbed17
0000e7d
0005644
0005644
0008e68
1fb31b0
001f321
001622f
00169e2
00169e2
0006420
000f4f0
000f4be
1fff38c
0002bef
0006ba7
1ffe4a4
000f4f0
000f4be
1fff38c
0006ba7
0002bef
1ffe4a4
0001540
0063044
000251c
00050e0
00050e0
1fe5350
1fe5840
00183f8
1fe0db8
1ff9af0
1ff9af0
1fb9490
003f9f8
01cb155
0000cd7
0010ace
0010ace
0030a64
0013110
0019639
1ff47ab
1fec7ae
1fec7ae
1fe1edc
1ff01ec
000e313
000d299
00048d6
001f6ba
0003bf8
1ff01ec
000e313
000d299
001f6ba
00048d6
0003bf8
000ad10
1fd46e0
1fe2fd8
0002024
0002024
0071110
1fa5570
1fe73a8
1fec168
1ffc4b0
1ffc4b0
002c6a0
1fe9c98
0089b27
1ffe9d1
000eed2
000eed2
1fed8e0
0012fe8
001897d
0004043
1ff443a
1ff443a
1ffb1b8
002be10
1fefb98
001cc54
1ffe471
1fe718b
00584ec
002be10
1fefb98
001cc54
1fe718b
1ffe471
00584ec
0066ec0
0016cf0
1fc0680
000dbd0
000dbd0
1fca9f0
0013530
00107c8
1ff2870
0007dd4
0007dd4
1fbd040
1fc5b34
1f940f5
1fe87ed
001a2b5
001a2b5
1ff0b4c
1fa351c
1ffd5bb
001033f
0004595
0004595
00133dc
1fe8568
0010764
000a632
000d552
1ff92c8
0036e7c
1fe8568
0010764
000a632
1ff92c8
000d552
0036e7c
00312f0
1fd3b24
1fef56c
1ffd218
1ffd218
0004620
1fdbf70
1fefd58
0016cf0
00019dc
00019dc
1fee580
0013b08
1f7f44d
1ff3cb1
1feff8f
1feff8f
1fdcdc8
00009a8
1ff2579
1fe15a5
001b6df
001b6df
0031518
000d688
1fef523
0013d0b
1ff5dad
1ff9421
1ffa050
000d688
1fef523
0013d0b
1ff9421
1ff5dad
1ffa050
0006d80
1fe99fc
003e604
00146e8
00146e8
003fe90
0011f70
0010560
1ffb780
000c158
000c158
1fefa00
1fe6f50
0090bc7
1fe92dd
1ffa4c0
1ffa4c0
001dfe4
0047cf8
1ff7e5d
1ff7333
0008ee6
0008ee6
003af74
1ffa10c
0002280
000c6aa
0010517
000accf
1ff2b84
1ffa10c
0002280
000c6aa
000accf
0010517
1ff2b84
0027850
00288e8
1fdafc8
1fdc840
1fdc840
0004fa0
0041460
1fc4a24
1f8c184
1fda114
1fda114
0045480
1ffd4c0
009d91e
003b3a8
000d399
000d399
00029f4
1ffd128
0018628
003093a
0010bf7
0010bf7
002506c
1ffb3ec
1ffb463
1ffa759
0006426
0002b4a
000bbf0
1ffb3ec
1ffb463
1ffa759
0002b4a
0006426
000bbf0
1fb70a0
1fe9290
0003a08
000f9ec
000f9ec
1ff3b60
0018440
1fcb910
1fdf230
00160f8
00160f8
0066670
1fd5938
1ffa6e3
003657b
1ff5125
1ff5125
001e378
003cb88
001629d
1fdf041
000f3ed
000f3ed
1fb1498
0025100
000413e
0003844
1ff329c
1fe1a52
1ff1c28
0025100
000413e
0003844
1fe1a52
1ff329c
1ff1c28
007bef0
1fddb60
1fab730
0011398
0011398
1fbe880
00254c0
1fd27f4
1fdd2d4
1ffd9ec
1ffd9ec
1fd94b0
0003d00
1f9575f
0010a49
1ff32b6
1ff32b6
1ffb00c
1ff9918
0019bcf
1ff83ad
1ffcc90
1ffcc90
1fec50c
1fdffd4
000bd35
000aa15
000417e
0014e68
00108e4
1fdffd4
000bd35
000aa15
0014e68
000417e
00108e4
1ff4740
1ffa620
0009ab8
1ffe6f4
1ffe6f4
1ff2b20
00222e0
000b9b4
00145e4
1ff3bcc
1ff3bcc
00110d0
001668c
001a378
002997c
1feecce
1feecce
1fb90ec
1feab3c
000cb38
1fffee8
1ff6e70
1ff6e70
0012254
1ff4794
0003d9a
1ff0bcc
1fffb54
1ffe6e6
00195d0
1ff4794
0003d9a
1ff0bcc
1ffe6e6
1fffb54
00195d0
1fe3770
1ff90dc
003b6c4
1ffdad8
1ffdad8
0035a10
002f3a0
1fd498c
1fef7d4
0029468
0029468
1fc4d80
0002954
00172f0
0018096
1ff18e9
1ff18e9
0046d4c
1ffbecc
1ff7a66
0007940
001829d
001829d
1ffe03c
1fd6688
000ed1f
1feedb3
1fe2c58
1feaba2
001447c
1fd6688
000ed1f
1feedb3
1feaba2
1fe2c58
001447c
0003e80
1ff5ee0
1ff9a68
002741c
002741c
1fc0580
000d860
1fc531c
00116c4
1ffbfa0
1ffbfa0
002a390
000a740
004d0a2
1fecfbc
1ff7243
1ff7243
1fe8dd0
1ff2490
1ff4f82
1ff0b98
001bfb5
001bfb5
1fad3c0
1fefed8
000b2a0
001ab4c
1ffd013
1ff6b45
1fd4530
1fefed8
000b2a0
001ab4c
1ff6b45
1ffd013
1fd4530
0032ad0
1fe1ab4
1fdee3c
0005ea8
0005ea8
005e250
00317b0
0014438
1fc0fe0
1ff42ac
1ff42ac
1fc32b0
1ff5fdc
0008995
1fff235
00109b9
00109b9
001757c
1ff8c84
1ff782d
00191a1
000a703
000a703
0009b24
000af20
1fee059
00192c3
1ffb469
1fecb3b
002b0e0
000af20
1fee059
00192c3
1fecb3b
1ffb469
002b0e0
000ba50
002138c
1fb25f4
1fc9128
1fc9128
1fc19e0
1fe62d0
0008c94
0032c5c
0007c70
0007c70
0025020
00292d4
00241ac
1fd5652
1fecf1f
1fecf1f
003fb34
1fec944
0006e3a
1ff22c8
1ffb4d9
1ffb4d9
1fbb3fc
00020cc
001bd01
000e573
000bc38
1ff5dfc
1fe4df0
00020cc
001bd01
000e573
1ff5dfc
000bc38
1fe4df0
1fd7120
1ff87bc
001713c
1ff557c
1ff557c
1febf20
0005bf0
0017cfc
1ffa6ec
1fea04c
1fea04c
1ff65e0
1fdea68
00c4610
0032764
000a38c
000a38c
0007604
0007c98
1ffcca8
1fff694
1fffe08
1fffe08
1fe89dc
0018840
0009b0e
1fe93a6
00057ae
0001d22
00235e0
0018840
0009b0e
1fe93a6
0001d22
00057ae
00235e0
000d030
1ffb26c
1fbcf8c
002e3dc
002e3dc
1fbe830
0011fd0
1fde13c
1ff6de4
1ffd800
1ffd800
002e6f0
001794c
1f354ff
1fef4cf
1ffbee5
1ffbee5
1ff23c4
1fca32c
1ffef13
000a98f
0002b8b
0002b8b
1fe464c
000e05c
1ffe795
0004ba3
00094cf
1ffc019
0019508
000e05c
1ffe795
0004ba3
1ffc019
00094cf
0019508
1fc9200
0042374
0005cc4
001319c
001319c
0000ea0
1ffbec0
0007588
0038f88
1ffc630
1ffc630
005f420
1fda1c4
1fdbb5f
1ff9d6f
0003303
0003303
1ff2cec
000958c
000e5d1
000d955
1fe4abb
1fe4abb
000afc4
0015f20
1ff99ac
1ff7622
0007ae8
1ffd182
1fe8ec8
0015f20
1ff99ac
1ff7622
1ffd182
0007ae8
1fe8ec8
003e830
0000380
1fdd300
1fcd290
1fcd290
00436e0
007b600
1fec9b4
000f9dc
1fb6678
1fb6678
0000e00
00356d4
01e9368
000898c
1fff6a2
1fff6a2
1fef540
0002474
1ff876e
1ff4156
1fe7c36
1fe7c36
1ff4280
1fea354
0003e01
00062db
000c947
0008709
1ffe548
1fea354
0003e01
00062db
0008709
000c947
1ffe548
1f8a8d0
0040854
000389c
003bed8
003bed8
1ff5bc0
002f8b0
00083d0
1fefaf8
1fffd34
1fffd34
1f7a480
1fe7b58
0068326
1fe9632
1fe16bc
1fe16bc
0003b10
1febf50
1fefc6e
00008ba
000f84c
000f84c
001a738
1feb4d4
001b3ce
002f42e
0008aea
0008452
001bbac
1feb4d4
001b3ce
002f42e
0008452
0008aea
001bbac
0001650
00470f4
1fd8b84
00139dc
00139dc
1ff9cc0
0017c50
1fe2da8
0006758
1fdac50
1fdac50
1fd12b0
0006d38
1fa5638
000848a
0003607
0003607
1ff8acc
001b6e0
1fffc8c
1ff8676
1fee4e7
1fee4e7
1ffdfbc
0017264
1fee966
000aa54
00114c3
1ffade3
001f444
0017264
1fee966
000aa54
1ffade3
00114c3
001f444
1fb40d0
003068c
0005eac
1ffbd8c
1ffbd8c
1feae90
0027e80
0014d0c
1fce9ac
003385c
003385c
1f71000
1ffbf0c
1f6a1bf
001f24b
1ff7527
1ff7527
1ff4b74
1fa17f4
0028eed
0004b0d
000a8ef
000a8ef
00242f4
1fdd420
0002d90
0002c0e
1ffc706
0006f2c
000d174
1fdd420
0002d90
0002c0e
0006f2c
1ffc706
000d174
000c4c0
0034644
1fdedb4
1feb124
1feb124
1fa10c0
1ffb400
0041bdc
0006dbc
1ff1c7c
1ff1c7c
1f8df60
000f1b8
006dfe8
1fe4bc2
000ae1f
000ae1f
003198c
0010c60
1ffec38
1fe2a66
0002ecd
0002ecd
1fec2f4
1fed46c
1ffec04
0000884
1fe9e8d
0015eeb
002af78
1fed46c
1ffec04
0000884
0015eeb
1fe9e8d
002af78
0005d10
0022120
1ff69b8
1fdc4c4
1fdc4c4
1f8cbf0
1fea2b0
0013208
1fdd2b8
001b4c0
001b4c0
0047900
1ff8800
00cca62
0001124
1fefd3f
1fefd3f
0011ae0
0051b48
1ff77e8
1fe3d8e
1ffe8b3
1ffe8b3
0045ff8
1fef994
0002c89
000a849
1fe35c4
1ffc492
1fc8354
1fef994
0002c89
000a849
1ffc492
1fe35c4
1fc8354
0038ff0
1fcbdd8
00003c0
001f66c
001f66c
0016aa0
0011e40
1fdacb8
0044410
1ffd05c
1ffd05c
1ffef30
1faeb50
1ffc316
002c68e
000bb6c
000bb6c
0001b1c
1fc84c8
1fe234a
1ffdffe
0013dfa
0013dfa
0020a0c
000d00c
1ff8c6a
1feb59c
000b17a
001f7f4
002d9ec
000d00c
1ff8c6a
1feb59c
001f7f4
000b17a
002d9ec
1fbbfd0
1ff7424
003b58c
0008680
0008680
007b720
003bd50
1fef054
1fe18b4
1febb4c
1febb4c
1feb780
00163a4
1f8f05e
1ffd884
1fff5b5
1fff5b5
001cc0c
001f834
1fffe44
0008d12
0000663
0000663
00299d4
1fe317c
0006c95
1ff6b7f
1ff2c7e
0001cfa
001f9d8
1fe317c
0006c95
1ff6b7f
0001cfa
1ff2c7e
001f9d8
1ffd3d0
00008b0
1ff1690
1ff33d8
1ff33d8
00030e0
1fe9350
1ff6e04
003261c
1ff4a28
1ff4a28
002fbd0
0019c70
00018e5
1fd827d
1fea1bf
1fea1bf
1fdb110
0020130
1ff61b3
1fe6bf7
1fda7db
1fda7db
1ff23a0
0024e10
0018426
1ff56f4
1ff1346
0017fb8
1fef9c8
0024e10
0018426
1ff56f4
0017fb8
1ff1346
1fef9c8
0041260
1fecaec
001c22c
000ccdc
000ccdc
0072a80
0035330
0000d18
1fc4140
0023bcc
0023bcc
0000590
1fe9b2c
0012db6
1fface8
000d78d
000d78d
1fd04d0
005d80c
00073da
1ffae18
1fe4f77
1fe4f77
1ff76f8
1fe6d5c
00079c6
00109a2
1ffba6b
1ff4711
1ff041c
1fe6d5c
00079c6
00109a2
1ff4711
1ffba6b
1ff041c
003f790
001b138
1fd74f0
1fef90c
1fef90c
1ffef10
000a8f0
1fc5524
1ff3f6c
001d528
001d528
00570b0
0023ae8
0060938
00044dc
0008cee
0008cee
1f8972c
1fe0168
0018378
00030b0
00128c0
00128c0
1ff5a24
0010c70
000723c
00001be
0013a7a
0001350
1ffff98
0010c70
000723c
00001be
0001350
0013a7a
1ffff98
1fc7c80
00228f4
0005a94
00092b4
00092b4
001e600
0009ec0
1ff77e4
003a5bc
1ff4410
1ff4410
006e250
1ffef9c
000ede8
000cf86
0016805
0016805
1fc3f30
1ff7bcc
1ff97e4
1feb40e
00162ef
00162ef
0004b28
1fea7ac
0000a1a
000457a
0005323
1ff9345
0002364
1fea7ac
0000a1a
000457a
1ff9345
0005323
0002364
0007e90
1ff7ff0
00477d0
0005f30
0005f30
0060c40
0031da0
1faec9c
0026734
1fddf28
1fddf28
0061270
0005084
004ede2
1ffefc8
000054f
000054f
1fdb4cc
1ff52f4
001cc80
000064a
1ff7bdb
1ff7bdb
1fd6f4c
00021a4
0002dad
0005d15
1ff118e
001f8c4
000d5fc
00021a4
0002dad
0005d15
001f8c4
1ff118e
000d5fc
001a500
001eee4
1ffac9c
0017f90
0017f90
1fd10e0
0009f70
0024af8
0018100
1ffc294
1ffc294
1ffc1f0
1feaa2c
00a1979
0001649
00083fb
00083fb
0017390
1fcf05c
1ffca0f
00019ab
0015ed7
0015ed7
0027c80
002db84
1fecf84
001d9be
0017290
1fe839e
0006a40
002db84
1fecf84
001d9be
1fe839e
0017290
0006a40
0016830
001bd24
1fdb6d4
0004c84
0004c84
1fbad40
1fd6be0
1ff4478
00519a8
1ff3d48
1ff3d48
0049d90
0021db4
1f1df11
1ff3967
1ff4c22
1ff4c22
0025eb4
0001fac
1ffddc7
1feb185
1ffe4b8
1ffe4b8
0007184
1feecb0
0013290
00071ee
1fe39b5
0009d61
0010174
1feecb0
0013290
00071ee
0009d61
1fe39b5
0010174
1fdc2c0
000a224
1ff650c
0013360
0013360
0033090
001d280
1ffb54c
1ffb8b4
1fe5298
1fe5298
0032c00
001857c
1fe0571
1ffb2c3
1ff2f7c
1ff2f7c
002a2e8
002d204
1fe0645
1ffa94b
000390a
000390a
1ff5980
1ff5c08
000b461
1ffb9e1
1feceaa
0000024
002750c
1ff5c08
000b461
1ffb9e1
0000024
1feceaa
002750c
1fd2d20
1fe8a04
0006a9c
1ffac30
1ffac30
1fc7d90
1ffe080
0008674
1ff5ba4
000a46c
000a46c
1fd9aa0
0030310
01e838d
1fff50f
1feaff8
1feaff8
1ff5e78
0029130
1fd00cd
1ff61fb
000feca
000feca
00045b0
1ff3a68
0001fed
0007cdd
1ff8548
1fecdda
001f9f4
1ff3a68
0001fed
0007cdd
1fecdda
1ff8548
001f9f4
1fd7360
1fff948
1fee1f8
1ff9100
1ff9100
000a1c0
1fefd60
1ff93b0
1ff9190
0025aa8
0025aa8
1fd2430
1fd94a8
0081b2a
0009d16
1ff36e8
1ff36e8
002ba7c
1fe9640
0015f0e
1ff9bee
0010b8a
0010b8a
0003f6c
003f2d4
000558c
1fef0ce
00079f2
1ff714c
1fe9044
003f2d4
000558c
1fef0ce
1ff714c
00079f2
1fe9044
0018680
1ffb610
0002b38
0001374
0001374
0004f00
1fe5ab0
0010e18
0000578
00031b0
00031b0
0039140
1fef114
1f93462
000701c
1fd8b65
1fd8b65
1fd6ee4
0012884
1ff97de
0006178
1ff54fd
1ff54fd
001bfec
1fe244c
1ff5d36
000e6fc
00056b7
001b3c3
00120a0
1fe244c
1ff5d36
000e6fc
001b3c3
00056b7
00120a0
004ea80
00346dc
0008cfc
0002c5c
0002c5c
001b410
1f9d830
00142c8
0001438
000fae0
000fae0
00417c0
0001aa4
1f8467d
1ff0af5
1ff6c11
1ff6c11
1fe527c
000c1cc
0017977
1ff32b3
1fe36b5
1fe36b5
001edd4
0027e98
00004f4
000c83a
1ffdff8
1ff4ade
1fe3818
0027e98
00004f4
000c83a
1ff4ade
1ffdff8
1fe3818
1fc7710
0007374
1ff6de4
1ffdb64
1ffdb64
00366f0
002a390
1fee19c
003c35c
1feb504
1feb504
1ff8e90
1ffe6c4
00a7006
1ff94aa
0009576
0009576
1fd1e14
1ff1e5c
0013dd4
1ff56e8
000779c
000779c
1fd87e4
0005ec8
0005169
1fe00c1
00088c9
001a8cd
1fe340c
0005ec8
0005169
1fe00c1
001a8cd
00088c9
1fe340c
001a020
1fbf578
0007fd8
1fe4820
1fe4820
1ff2dd0
1ff8900
0017b34
1ff3c3c
0019e40
0019e40
0013020
1ff21d4
00a2daa
0018ba8
000596d
000596d
00019b0
002469c
1ff5de6
1ff0b40
0006af7
0006af7
0014700
1fe0ec0
1ffccf2
000ed1a
1ffbe69
00080eb
1fe0378
1fe0ec0
1ffccf2
000ed1a
00080eb
1ffbe69
1fe0378
1fe6240
000082c
0010a1c
000fb04
000fb04
000a680
1fb2f40
0041b58
0012b98
1fefc20
1fefc20
002c100
00032c8
1fe74fe
1fe51bc
0005603
0005603
1feb138
001b228
002010c
002c69a
1ff95e1
1ff95e1
1ffe8d0
000f7b0
1fed975
1ffa803
1fe19b0
002afdc
1fd244c
000f7b0
1fed975
1ffa803
002afdc
1fe19b0
1fd244c
008ae20
1ff3890
0002c10
1fe4078
1fe4078
005a540
1fb5090
1fc5c28
1fe1178
1ffe3d0
1ffe3d0
1fa1690
0011f10
1f9111e
1ffecf4
0008db1
0008db1
00042dc
0014a68
1ffbef8
0018aaa
1ff8309
1ff8309
0019d94
1ffb854
0004d25
1fee0ad
0006a46
000e754
000e810
1ffb854
0004d25
1fee0ad
000e754
0006a46
000e810
1ff5490
000de1c
002a6bc
1fd6bc4
1fd6bc4
1fdba30
003b740
0008410
0006e10
1feb1e0
1feb1e0
1fa4b20
1fc5a20
000ff0f
000203d
0001ae2
0001ae2
0009890
1ffdb20
1fd69e1
1ffb66f
1fef358
1fef358
002fa00
00196a0
000b754
1ff867a
1fed525
1fea98d
1fdffe0
00196a0
000b754
1ff867a
1fea98d
1fed525
1fdffe0
00e1560
1fb58a8
1fdcc80
1fc5e4c
1fc5e4c
1fc89b0
1ff6d70
0019df4
1fe06c4
0012d6c
0012d6c
1ff2da0
1ffbddc
002a713
0012141
1ffdbe4
1ffdbe4
001600c
005a88c
1fe8a0f
1ffe9f5
0000570
0000570
0035d34
00138fc
1fdfbdf
0007335
1ffbc62
000246a
1fe84a0
00138fc
1fdfbdf
0007335
000246a
1ffbc62
1fe84a0
004eab0
1fbd98c
1ffdc1c
00007dc
00007dc
00283f0
1fa92c0
00364d0
0036678
001487c
001487c
1fa6d00
00052ac
004a453
00021bf
0011b1b
0011b1b
1fdca84
001a0d4
0022e7f
1ffc0ef
00159b5
00159b5
1ff855c
00188e8
000b267
1fff14d
0001d31
00042db
0005f50
00188e8
000b267
1fff14d
00042db
0001d31
0005f50
1ffeac0
1fd23ec
1ff7264
1fee9a0
1fee9a0
0049aa0
0048770
0005720
1fd1aa0
1fec990
1fec990
1ff5190
1fef504
0018bf8
1ffa338
0014ca8
0014ca8
1fc9ff0
1fd5c34
001079c
0010c54
1ffcda4
1ffcda4
0029d70
1ff66b4
1ff06ea
001251a
1ffce68
00192d8
0024390
1ff66b4
1ff06ea
001251a
00192d8
1ffce68
0024390
1ff4a00
1fe76dc
002700c
0016984
0016984
0001e40
1ff62f0
1fc8cc8
000d518
001ad28
001ad28
006c980
00405dc
0010716
00073a6
1ff284a
1ff284a
0032c44
1fe600c
000f2a8
001a410
1fec7e8
1fec7e8
0004ac4
000e8b4
000fcc1
0008c75
1fdf8ef
1ff770f
1fe3694
000e8b4
000fcc1
0008c75
1ff770f
1fdf8ef
1fe3694
0011900
005f6fc
1fea874
000e000
000e000
1fa96e0
0025760
0003018
1fe8b78
1fdaef0
1fdaef0
1fe9ee0
1ff2078
00cc2be
0025b9a
1ffb210
1ffb210
1fee5ac
001d120
000d0c6
000971a
0016ef4
0016ef4
0005afc
1ff0ce4
1ff0212
1ff6006
0020c68
1ff8770
0010f64
1ff0ce4
1ff0212
1ff6006
1ff8770
0020c68
0010f64
1fc7ef0
0035e40
0010420
0008b00
0008b00
0034ef0
0017790
0009778
1fdf128
1fe0f68
1fe0f68
1f8ee80
1ff1a54
1f5e7f6
1ff5b76
0003d80
0003d80
00648a0
001e0b4
0007f98
1fcfc68
1fe7e1a
1fe7e1a
1feb998
1fde184
0002787
000c163
000fa41
1fff63d
1fef754
1fde184
0002787
000c163
1fff63d
000fa41
1fef754
1ff2350
0044f90
1fcd870
0013af0
0013af0
1fc5b40
1feef00
000f2d8
1ff9518
0008e40
0008e40
0025400
1ff7310
1fd7f3a
1ff63c0
1fe4467
1fe4467
0019adc
1ff0bc8
1fd62aa
1ff8fa0
1fee447
1fee447
0017fac
1fe4a4c
1ffbb90
1ffb5ce
000c803
000fd07
1fe414c
1fe4a4c
1ffbb90
1ffb5ce
000fd07
000c803
1fe414c
1fe8570
1fe57dc
0016f9c
0006a44
0006a44
1fe7660
000ea10
0024140
0032c70
000ba38
000ba38
0051520
1fec59c
01ef9d6
1ffba74
0002f17
0002f17
1fe4ad0
1fef78c
0004af0
00067d6
1fe5b95
1fe5b95
1fee490
0030594
1ff29bf
1ffb841
1fe35d6
1fef74e
000bf10
0030594
1ff29bf
1ffb841
1fef74e
1fe35d6
000bf10
0034c60
1fe7bc4
0038844
1fef3e4
1fef3e4
1fd5f00
1fd38f0
1ffbfe8
1ffc140
1fdfe0c
1fdfe0c
0011f90
00267d4
006b3c4
1fff228
000dcf6
000dcf6
0005c74
00054fc
000a80c
1ff93bc
0007740
0007740
0003434
1ff13d8
1ffa0d4
0015ba2
0000de4
000ac2e
00172b4
1ff13d8
1ffa0d4
0015ba2
000ac2e
0000de4
00172b4
0024d80
000a1d0
000eab8
1fe1574
1fe1574
1fd41e0
1fcbb60
0013fb0
0008150
0028378
0028378
1fc3470
000d4fc
1f92941
1fef64b
00005e0
00005e0
1fdfa24
003215c
1fd9097
1ff6d8d
1ff3078
1ff3078
001cae4
0003b0c
00032ba
0000cae
1fe8005
1fec8eb
1ff8674
0003b0c
00032ba
0000cae
1fec8eb
1fe8005
1ff8674
0049a10
0031c70
0008f48
1fcf5fc
1fcf5fc
1ff7940
1fe59c0
00358cc
000111c
003176c
003176c
1faa8f0
0034a08
1f9d481
1fed655
1fd4871
1fd4871
00236e4
1fc6a38
1fff50f
0018fbb
0016237
0016237
1fffacc
000b558
1ff6872
1fff456
1ff5886
1fe0a62
1fee5a8
000b558
1ff6872
1fff456
1fe0a62
1ff5886
1fee5a8
1fd5180
00150c0
1ffcf48
0047574
0047574
1ff6720
0020f90
00196c0
1ff94a0
0014270
0014270
1f94810
1fd13a0
007fc10
000139c
0002a1e
0002a1e
0024978
002a930
1ff93f8
0014d78
0005768
0005768
0026d98
1fc2850
1ffaa6a
0014338
1ffd3fe
00104fc
1fff120
1fc2850
1ffaa6a
0014338
00104fc
1ffd3fe
1fff120
1fdc920
005a104
1fd8b2c
1fe98e8
1fe98e8
1fcaf30
1fdb0f0
00300f0
0017708
0045284
0045284
002e6b0
002f638
00b261a
000153c
1fee4bf
1fee4bf
0003528
1fef6b0
0015860
1ff3076
1ff0e67
1ff0e67
00182c8
1fe899c
1fe77e7
1ff4783
000d922
1ffbec0
1fe9ef8
1fe899c
1fe77e7
1ff4783
1ffbec0
000d922
1fe9ef8
00325a0
001d650
1fffff0
1fe91d0
1fe91d0
1ffe440
1fea660
001bbf8
0027f40
1fe3734
1fe3734
1f66870
0012174
1fec431
1ffeea7
1ffdae4
1ffdae4
000c84c
007fba4
1ff8739
1fed15b
1fe675a
1fe675a
0006cbc
1fda70c
1ff5649
000f1a5
0006d92
0017224
001c984
1fda70c
1ff5649
000f1a5
0017224
0006d92
001c984
1fe7830
1fcc3e0
0010eb0
1fe8e58
1fe8e58
001a340
1fc1870
0009f18
001e118
1ff4380
1ff4380
1fe75d0
000c268
1f956dc
0018c6a
1feb8af
1feb8af
0001238
0032b80
000cbc4
0022c16
1ff513d
1ff513d
1ff8068
00018b4
0000dea
0015bf2
1ff38b9
000229f
00033d0
00018b4
0000dea
0015bf2
000229f
1ff38b9
00033d0
0007c90
000f7c4
1ff9064
1fd213c
1fd213c
1ffb720
00525a0
0007c14
1fc22cc
1fe1818
1fe1818
1fd7dc0
1ff2b28
1ff20cc
00129d4
1fdf724
1fdf724
1ff9570
1fd2940
1ffd20e
002b126
001667e
001667e
002e9b8
1fd89dc
1fea071
000df99
001981b
1ffc5e7
1fe4cd4
1fd89dc
1fea071
000df99
1ffc5e7
001981b
1fe4cd4
1fb9460
1f98b50
004b0d8
00162c4
00162c4
0027930
0050b40
0004d84
1ffe224
1fff17c
1fff17c
0005b80
1feeedc
001df56
1fe8820
000040f
000040f
0002d78
1fdca8c
1ffdab0
000a126
001a11f
001a11f
003be78
1ff35c4
0002d8b
0008e2b
1ff988c
1ff31e2
1fee0d0
1ff35c4
0002d8b
0008e2b
1ff31e2
1ff988c
1fee0d0
1fc0cb0
0037c30
1fed350
1ffdc98
1ffdc98
000fda0
1ffa750
00102cc
00141e4
1ff9640
1ff9640
1fea150
1ffa2c8
002d3f0
1fed714
1fff560
1fff560
1fc2cb4
1fd05f8
1fee370
1ff735c
0012fa8
0012fa8
1ff8b04
0018f60
1ff0fe4
1ff69b8
1fe12f0
1feb55c
1ffd134
0018f60
1ff0fe4
1ff69b8
1feb55c
1fe12f0
1ffd134
0019550
1fc65f4
1ff4704
0003a5c
0003a5c
0012060
0000040
002d410
00176f8
0008eec
0008eec
0028ef0
003584c
1ffdbee
0025f0e
1ff8f8c
1ff8f8c
001f920
1ff7ab4
0003796
1feb6aa
0002f22
0002f22
00286e0
0020788
1feb6fa
1fffa00
1ff443a
0008b78
1ff6950
0020788
1feb6fa
1fffa00
0008b78
1ff443a
1ff6950
000cda0
1fdf8c8
0016fe0
0013244
0013244
0011ea0
1fdf5d0
001ca20
00081b8
1fc580c
1fc580c
0004500
1fdb49c
0031da1
0004cbf
001c45c
001c45c
00276f4
0031814
1fdf1b9
00071af
00062b8
00062b8
002afe4
1fd5878
0014757
000fea5
000a938
000019c
0039414
1fd5878
0014757
000fea5
000019c
000a938
0039414
003dce0
001f8e8
1fd4ad8
0002e60
0002e60
1feaf30
002b3e0
1ff8e90
1fe7f18
0012ce4
0012ce4
1fe2e70
00061d4
00aeb26
1fdbfbe
1ffca7c
1ffca7c
1ff1eb0
000eab4
00223d0
1ffc5ec
0001e54
0001e54
000b1a8
1fdc6d4
0007ddf
000ccc5
0006a0f
1fe80dd
000db9c
1fdc6d4
0007ddf
000ccc5
1fe80dd
0006a0f
000db9c
1fe1580
0027d2c
0019714
1fe7ac8
1fe7ac8
1fc4f80
1fcfd20
0028208
1ffc2c0
001779c
001779c
1fbc970
1ffa52c
1f44e23
00124ef
1fe7053
1fe7053
000c3d4
007a904
1ff7eaf
1ffe063
1fe94e7
1fe94e7
1fe793c
1fff8b0
1ff6acb
0004b1b
0016bf3
1ff327b
1ffcc60
1fff8b0
1ff6acb
0004b1b
1ff327b
0016bf3
1ffcc60
1ff5d30
1fe3ff4
1fd7e74
00061fc
00061fc
1fb5aa0
1ff5940
00038d4
0012744
1fdae6c
1fdae6c
1ffc920
0013f10
1fe0bc7
0005551
000359a
000359a
00335bc
00251a8
1fe2d07
1fe9e09
000875a
000875a
0011a74
1ffd594
1ffec1b
1ffe6d1
0008bb0
0003a6c
1ffea40
1ffd594
1ffec1b
1ffe6d1
0003a6c
0008bb0
1ffea40
1fb9c70
001fca8
1fd4d90
001bd3c
001bd3c
0006520
1f6f0c0
0020948
1fd81c8
000bd40
000bd40
1f98ef0
0027680
01f32dc
00084b6
1ffd8cf
1ffd8cf
1ff1bc0
005d6a8
1febbe4
1ff98f6
1fec027
1fec027
1feff88
001e62c
00084cc
00090ee
1fe8911
1fec401
0028c2c
001e62c
00084cc
00090ee
1fec401
1fe8911
0028c2c
005c8c0
1fc6184
1ff10f4
001232c
001232c
001f010
1fd6360
1fe21a0
002b398
00339d4
00339d4
002e110
1ff84b8
008489f
0018615
0008c32
0008c32
001ad20
1fe2e00
1ffee29
0005503
1ffd2b2
1ffd2b2
1ff2d30
0033504
1ff29c6
1ff9fae
00149d3
001d895
1ffb350
0033504
1ff29c6
1ff9fae
001d895
00149d3
1ffb350
0041f50
1fe3460
1fd9f20
1ff02b8
1ff02b8
000a3a0
1fcd210
1ffc2fc
001bb6c
0023a9c
0023a9c
1fdea00
000bae8
1f8e163
000b4a1
1fe8240
1fe8240
000cd7c
001ddb8
1ff8ee1
1feede3
1fe8850
1fe8850
1fec5c4
00043f8
00104ba
000873e
1fe1b3b
000d4e9
002a870
00043f8
00104ba
000873e
000d4e9
1fe1b3b
002a870
1ff1350
1fef0fc
001b354
1ff8b70
1ff8b70
006abc0
00170e0
1fe31ac
1ff3be4
1ffbd08
1ffbd08
0014f50
1fe8170
1f99328
000977a
0015b83
0015b83
1faa778
001aeb0
001f340
1fff4a2
000da07
000da07
1feade8
1ff37b0
00202b6
1ff9010
0005749
00008e5
1fc92c0
1ff37b0
00202b6
1ff9010
00008e5
0005749
1fc92c0
1ff4c10
1fe6c70
1ffbc80
000abe8
000abe8
1febcb0
1fa6090
1ff64f4
00271a4
001c0f4
001c0f4
0037770
0061f1c
00a459f
1fd2583
1fcf273
1fcf273
00263e4
002f604
002bfb7
1ff2dcf
0003f91
0003f91
1ffc784
00041f8
1ff11fb
00026f5
0006f0f
1fe9c49
0010f74
00041f8
1ff11fb
00026f5
1fe9c49
0006f0f
0010f74
1fea9e0
1ff7c80
0027f10
0005f30
0005f30
0046b90
009ad30
00178e8
1fdfa88
1ffacd8
1ffacd8
1fdf6a0
000d1a0
00a8449
000645b
1ffe5b4
1ffe5b4
0027250
1ff8730
000ce7d
000c8c3
1feeba6
1feeba6
00397e0
001c3f8
00046ab
00092d3
1febd26
1ff7e80
0003b18
001c3f8
00046ab
00092d3
1ff7e80
1febd26
0003b18
0042140
000c814
0036afc
1fdc248
1fdc248
1ffd110
0021060
1fde8a4
002d2c4
000643c
000643c
001d690
0011a50
1fdee85
1fd3dc1
1ff10eb
1ff10eb
0020f68
1fba038
1ff17bd
1ff1e11
001ce1f
001ce1f
001ce88
001781c
00082df
1ff20e7
1feeb63
0009673
1ffa8f0
001781c
00082df
1ff20e7
0009673
1feeb63
1ffa8f0
1f7e4b0
0004374
000b994
004c4f4
004c4f4
0013a70
0006d20
1fefc9c
1fe8cec
000c9bc
000c9bc
1ff8790
1ff09e4
1f935f4
1fea3e0
1fff5f4
1fff5f4
00042fc
1ff0cbc
0005e8a
0011afa
1ffb674
1ffb674
00272b4
1fd86a8
1ffd9f1
001341b
1fe8ec1
000068f
0003f20
1fd86a8
1ffd9f1
001341b
000068f
1fe8ec1
0003f20
007a970
1ffbe28
1fec430
1fa001c
1fa001c
1ffcf10
1fdada0
0000374
0031314
0013834
0013834
000e030
0009134
1fee604
1ff4d4a
1fdc8ef
1fdc8ef
1ff6790
1fd6f3c
00002a8
1ff317e
1ffc847
1ffc847
00326f8
0008270
0005eac
1ff51a6
00058ed
1ff6919
1ff35a4
0008270
0005eac
1ff51a6
1ff6919
00058ed
1ff35a4
1fdf520
0024de4
1fdd77c
00119a0
00119a0
1fe6900
1ffbb20
1ff53ac
001f57c
1fe0814
1fe0814
1fe3b70
1fff684
001c937
1fce829
001204e
001204e
0013d2c
001645c
000cf03
1fffd99
1fd7d2c
1fd7d2c
1fce2d4
00100e0
000423b
1feb9bb
0006e78
1ffb7a2
0006208
00100e0
000423b
1feb9bb
1ffb7a2
0006e78
0006208
0005b80
1ff5374
1ffaae4
1fd239c
1fd239c
1fc50a0
0029300
0015b6c
000b904
1fecf70
1fecf70
1ff5850
0041988
004da35
1ffb45f
1fe424c
1fe424c
1fd9ee0
1ffbbb8
1fdf2ab
1ff9a69
1ff2c40
1ff2c40
0010db8
0011670
1ffbc44
1ff96c0
00055d1
000c4f3
001ca04
0011670
1ffbc44
1ff96c0
000c4f3
00055d1
001ca04
0022420
0029428
1ff3648
0002cc0
0002cc0
1fdb280
0032a00
0008050
1fe8058
0003794
0003794
1fff640
1fe8938
0002fa0
1ffc6d8
001c9b6
001c9b6
1fde6f4
1ffddb0
0004fe4
00223bc
00048e2
00048e2
0034c3c
000f08c
0005eca
0018a52
1ff5d28
1fecc78
0002448
000f08c
0005eca
0018a52
1fecc78
1ff5d28
0002448
0038210
001fcc8
0023430
1fcbbd4
1fcbbd4
0037090
0013370
1fe0938
1fd7b90
0021984
0021984
002b300
0005c2c
000ad27
1ff7eb3
1ff31d7
1ff31d7
1fefb44
000da54
1fe56f3
0001cb3
1febfa9
1febfa9
000eda4
00075b8
1ffe6cf
000016d
1ffe747
1fe1b25
1febebc
00075b8
1ffe6cf
000016d
1fe1b25
1ffe747
1febebc
0019880
000f008
0014130
00115a4
00115a4
1fcb290
1fdaea0
1ff781c
000791c
00014f4
00014f4
1fe3b60
001553c
00dbf2f
1fdb9e1
1ff5e24
1ff5e24
1fdcf14
1fed4cc
1ffe635
1ff74b7
001069a
001069a
1feea94
1fdba8c
1fe39b8
0002b26
001df43
000723b
002e4fc
1fdba8c
1fe39b8
0002b26
000723b
001df43
002e4fc
0000210
1ff7a5c
002af64
1fe6380
1fe6380
000a3d0
1ff9ee0
1fddaec
0010c9c
000116c
000116c
1fe14e0
1fd4f08
1f3216f
1feac03
000b1bd
000b1bd
1fdc04c
1fe1b98
1fd465f
0015af7
1ffbd77
1ffbd77
003ae6c
0009d10
1ff08f3
1fe7e5d
1ffedeb
000989d
0010b64
0009d10
1ff08f3
1fe7e5d
000989d
1ffedeb
0010b64
1ffa000
1fef500
1ffd190
0034f10
0034f10
001e3a0
0004060
000d1fc
1ffb87c
000ccb4
000ccb4
003cbb0
1fd69cc
1fe7e57
1ffd58b
1fff52b
1fff52b
1fed698
1fdd374
002385d
1febfe1
0008369
0008369
1fe1428
0000ab8
1ffd470
0004810
00055c0
1fe99d4
0005f90
0000ab8
1ffd470
0004810
1fe99d4
00055c0
0005f90
1fecb80
0000310
0001948
00006c4
00006c4
1ff1100
1fb42e0
1ffc2e8
0056698
0027c58
0027c58
0047680
1fef91c
01f5b2d
0000311
0008871
0008871
0018670
00102ec
000eb67
00042cf
1ff6949
1ff6949
0000030
1ff1e5c
001ece4
1fd25b6
00243ba
00034f0
1fe8cc0
1ff1e5c
001ece4
1fd25b6
00034f0
00243ba
1fe8cc0
0035210
1ffdabc
1ffe274
000d350
000d350
1fc56b0
0047820
000e3a0
1fcbee8
001fa3c
001fa3c
1f7f320
1fe0bf8
0064c63
0009043
0017fa1
0017fa1
0051c08
1ff9408
1ff0457
1ff517b
0007e1f
0007e1f
0009cb8
1ff2210
00053f7
0011739
1ffa205
000e7af
0035400
1ff2210
00053f7
0011739
000e7af
1ffa205
0035400
1ff6560
0032b40
1fbe0e8
0019c84
0019c84
1fea9e0
1ff1100
00136a8
1ffdb80
1fdb64c
1fdb64c
003c4d0
001fed8
1f7af5b
001c18f
1ff0437
1ff0437
1ff8440
1ff61d0
1ff66df
1ff6237
0002a4d
0002a4d
0001638
000b074
1ff2d53
1fe91cd
00066a1
1fee573
000e8c4
000b074
1ff2d53
1fe91cd
1fee573
00066a1
000e8c4
1fd6350
002573c
1ffd34c
1fec994
1fec994
1fde370
00690b0
1fe5454
00087d4
0002a04
0002a04
00165c0
1fc1944
1f7f50e
1ff54e2
0028a04
0028a04
1feb3e4
000b20c
0013110
000bc74
1ff6c0e
1ff6c0e
1feb26c
00183b0
0007109
1fed3f9
1fe5f59
1ffad39
1febe90
00183b0
0007109
1fed3f9
1ffad39
1fe5f59
1febe90
1fe0680
000e748
002ba40
0012c84
0012c84
004a630
0035790
00154bc
1fe039c
1fdf9ec
1fdf9ec
1ff5c30
1fecd98
008f084
000146e
1fe547f
1fe547f
00266b8
1fd31b8
1fec74a
0008cf8
001453f
001453f
1fe25b0
0015c28
1fee133
1ffb4e7
1ffa08c
0011562
1ff9c0c
0015c28
1fee133
1ffb4e7
0011562
1ffa08c
1ff9c0c
001db50
1ffbc14
1fc5834
00367fc
00367fc
1ff0ce0
1ff8870
0012a24
0014a4c
0043b10
0043b10
00144a0
1fe14d8
00ae186
000f752
1ffe48a
1ffe48a
00279a4
00190b8
000aa06
000978e
1fd94c8
1fd94c8
1ff56cc
001f498
1ff7414
1fe1d76
1fe010c
000e35a
0009598
001f498
1ff7414
1fe1d76
000e35a
1fe010c
0009598
0042a90
1fdccf0
000c418
1fc52c4
1fc52c4
000ada0
1ffaf90
001f580
002edb8
1ff909c
1ff909c
1fd0020
00315b8
1fbbfdc
1ffaa78
1ff7572
1ff7572
1ff7430
0002de8
1fd7f12
1ffffce
0008c9c
0008c9c
1ff12f8
1fece18
1ffc421
1ff3f29
00103b7
00038d7
003b394
1fece18
1ffc421
1ff3f29
00038d7
00103b7
003b394
0011f00
1ff5b18
00009f8
1ffad28
1ffad28
006d620
00419e0
1fcfaac
1fd054c
00144b4
00144b4
001a4f0
00189e8
1f8b6b5
00004fd
1ff63b1
1ff63b1
1fe1f40
1ff9b58
0015f2d
000c2e5
1ffac79
1ffac79
1fb92d8
1fefdb8
000a0f9
0000425
1ff7053
1fe70eb
1ff254c
1fefdb8
000a0f9
0000425
1fe70eb
1ff7053
1ff254c
1fab1b0
1ff5434
001e25c
001efb8
001efb8
1fcaa50
1feae20
0008f54
1ffad1c
0031820
0031820
0054250
000a278
0010491
1fecfc3
0006008
0006008
1fe5c60
00060f8
1fe9aa3
0000991
1fef4e8
1fef4e8
00037a8
000e140
00189de
1ffad82
1fe5591
1ffa033
1fe2c14
000e140
00189de
1ffad82
1ffa033
1fe5591
1fe2c14
0036d90
1fe98e8
1fe5198
1fe9298
1fe9298
1fee800
1fdbe60
0019ad0
003b7c8
1ff70ec
1ff70ec
004f1f0
0002054
0012dac
1ff5d2a
0001f09
0001f09
000bbec
1ff1f1c
000cd5e
1ff3f5c
00040c3
00040c3
1fdce4c
0009820
1ffdd3b
0005ff1
1ffb2be
1ff4932
000b46c
0009820
1ffdd3b
0005ff1
1ff4932
1ffb2be
000b46c
1fbdaa0
1fab348
00377f8
0012fd0
0012fd0
1fccf20
000a510
1ff6d64
1ff66d4
1fff4d4
1fff4d4
1fc98b0
1fead4c
003707f
0018bbb
000fc11
000fc11
003e638
000e994
1fffa65
1ff52a5
1ffd741
1ffd741
1ff8110
1fe6910
000f536
0004894
1feb23e
0005194
1ff4ac4
1fe6910
000f536
0004894
0005194
1feb23e
1ff4ac4
0009c20
1fbe0c0
1ff1df8
000def4
000def4
00155e0
1fd3670
00395d4
1ffe9d4
1ff3644
1ff3644
1f68a40
0020234
1ffad9c
000b852
0008ea5
0008ea5
004c504
001afc4
1fe277c
0013172
000a5d1
000a5d1
000de3c
1ff3304
0000a00
000de12
001401b
0021bd7
0012db0
1ff3304
0000a00
000de12
0021bd7
001401b
0012db0
0055b90
1fe1694
002a0e4
002154c
002154c
000af50
1fb5500
001e87c
002846c
1ff4934
1ff4934
1f8f5c0
005a804
0014cc8
1fe2668
1fe6ad2
1fe6ad2
002f598
001becc
1ffdc76
1ff8f9e
00008c4
00008c4
001ae20
1ff1178
1ff4e2f
00008ff
001cb5b
001f907
001b0a4
1ff1178
1ff4e2f
00008ff
001f907
001cb5b
001b0a4
001f340
1ff6dcc
1fe58cc
002494c
002494c
1fdf580
1fede60
0039614
001c714
1ffb834
1ffb834
1fd66d0
1fd7f68
00c58e6
1fdf594
00043d9
00043d9
1fe6d34
1fd1c40
000b54e
0000530
1fecddf
1fecddf
1fe075c
1ffec74
0013c36
1ff685a
1ffb01b
000b551
000ac60
1ffec74
0013c36
1ff685a
000b551
1ffb01b
000ac60
1fff8e0
00221c8
1ff9b08
0003778
0003778
1fdfcf0
0018530
1fec8e8
1fe1970
0002c5c
0002c5c
0007b30
002407c
1f11d67
002958f
0008e25
0008e25
0000764
1fe5144
000c23f
002fbcb
1ff2593
1ff2593
1ff41cc
1ffab88
1fed20b
000b725
1ff6bdb
1fec745
0019770
1ffab88
1fed20b
000b725
1fec745
1ff6bdb
0019770
1fd7ce0
1fd48cc
0011e2c
001290c
001290c
1fada90
0018f30
000ee5c
1ff087c
1ff2cac
1ff2cac
1f90de0
001a3b4
1fcca9e
1ff576a
0003c20
0003c20
0000248
1fd4524
0025200
1fd09f8
000fae8
000fae8
1fc4788
0002d34
000082d
0009b93
1ffacb3
001824d
001d330
0002d34
000082d
0009b93
001824d
1ffacb3
001d330
0001090
001685c
1ffd56c
000a5f4
000a5f4
1f99a70
1fbe390
00355dc
1ffca84
0012548
0012548
003c7a0
001fb5c
01a8982
1ff708e
0005980
0005980
000f5c8
1ff47b4
1fd0d8e
000389e
000317a
000317a
0013230
1fe35b0
1ff4bb6
1fffd20
1ffa074
000c516
1fcd6e4
1fe35b0
1ff4bb6
1fffd20
000c516
1ffa074
1fcd6e4
002c4e0
1feb57c
1ff513c
1fe0d3c
1fe0d3c
001a260
003f930
001af78
00278f8
1fe2db8
1fe2db8
000c0f0
1fe2654
0053369
002a651
1ff9ec7
1ff9ec7
001e224
1fff394
1ff9539
0005999
001109f
001109f
1fe0304
1fdf904
0002397
1ffd62b
000811d
0006925
1ff6654
1fdf904
0002397
1ffd62b
0006925
000811d
1ff6654
0032bd0
0045938
1fc2e98
1fe2fe0
1fe2fe0
1fc91b0
00504b0
1fe1efc
1ffd4c4
0004670
0004670
1ff7fd0
0017144
1f90f2c
1fe1612
1ff4e5f
1ff4e5f
000c508
1fc9a3c
00100b6
00329c8
0005f33
0005f33
1fe1698
1fe7d10
0003c27
1fe5903
1ffd80c
0005aa2
1ffce60
1fe7d10
0003c27
1fe5903
0005aa2
1ffd80c
1ffce60
1f6eb70
003e5f4
0050e1c
1ff3188
1ff3188
1fcb230
1ff3e20
1fac984
000a314
00069bc
00069bc
008dd50
002d508
1f8b6fa
1ff0dae
1ffa558
1ffa558
1fc49b0
00185c0
1ffe08e
1ffa872
00037d8
00037d8
1ff8340
000da54
00190fc
0018028
1ff8618
1ff5f70
0015988
000da54
00190fc
0018028
1ff5f70
1ff8618
0015988
0035930
1fec9bc
00069dc
1fff454
1fff454
0079c70
000fa00
1ff8fdc
00094a4
00383a8
00383a8
0015d60
002372c
00910b3
1fe160d
00015a2
00015a2
001631c
1fef9cc
1ff31d7
0000aed
0011040
0011040
00036a4
1ffa0cc
001560b
000d7f3
1ff3d0c
1ff0552
000ff08
1ffa0cc
001560b
000d7f3
1ff0552
1ff3d0c
000ff08
1fda730
1fd545c
00248ac
0024adc
0024adc
1ff6dd0
004f1e0
1feee00
0041380
1fcb3f0
1fcb3f0
005c530
0003670
0091a22
00071d0
1fff15d
1fff15d
001320c
00197d8
00063ce
1ff905c
1ff5b35
1ff5b35
00006fc
1fe86e4
000eb40
1fdb112
000b16d
1ff6b09
1fce9f4
1fe86e4
000eb40
1fdb112
1ff6b09
000b16d
1fce9f4
1fd3130
0028e88
1fefbd0
001bb0c
001bb0c
0015de0
1fd3430
1ff6e10
1ff2988
0007efc
0007efc
0014310
000e240
1fef999
000c577
1ff26b6
1ff26b6
0017330
00181e0
1fee1dd
1ffd237
0002750
0002750
0018b28
000ec70
0000ecd
0009fed
1ff4f18
1fde9b6
1fd70c4
000ec70
0000ecd
0009fed
1fde9b6
1ff4f18
1fd70c4
0040800
1ff43c4
1ff88cc
0037d28
0037d28
1f69ac0
0005840
1fd76d4
0004d94
000fe94
000fe94
1fd1380
0005770
1fa0db8
1ff060c
1ffd0c6
1ffd0c6
000b0d4
1f8fdd8
000fc58
000c09c
00191ce
00191ce
002d64c
1fe12dc
0007ca8
000cd84
1ffa9d8
0016abc
0012018
1fe12dc
0007ca8
000cd84
0016abc
1ffa9d8
0012018
0016c40
1fedf6c
1feec64
0011f10
0011f10
1ff4a30
1fa5e10
002138c
00262b4
0012558
0012558
008e620
002866c
1feb9cf
1fc2adb
1ff5721
1ff5721
1fef1c0
1ff26cc
1ffb62b
001dbc3
00072e7
00072e7
1fdbbf8
1ff9274
000d4c1
1fef06f
0005447
1ffd53d
1fc5984
1ff9274
000d4c1
1fef06f
1ffd53d
0005447
1fc5984
1fb4410
0022574
0070f8c
1ff1018
1ff1018
1fc3800
1fca0a0
0023110
1ff6918
0006c7c
0006c7c
1fe2c10
000db48
00107f9
1fe8adb
1ff8cc4
1ff8cc4
1ffa2f4
0020420
1fecf6b
0020a61
00025f8
00025f8
0010b2c
0007b1c
1ff4fce
1ff041e
1fefced
000c8ab
1fe8730
0007b1c
1ff4fce
1ff041e
000c8ab
1fefced
1fe8730
1fca140
001b7e4
00048f4
0011064
0011064
1ff67b0
0035670
1fed134
000f00c
000e720
000e720
1fc8560
1feef08
00589ed
1ff6bc7
1fe8e10
1fe8e10
1ff65e4
002b560
1fe8af9
000490b
0003b0c
0003b0c
1fd7df4
1fda37c
001282b
0011369
000ee70
1ffc6a4
1fd7f4c
1fda37c
001282b
0011369
1ffc6a4
000ee70
1fd7f4c
00324f0
1fe4580
1fe55f0
1ff9250
1ff9250
1ff9b30
1fff3f0
1fc5e48
000be20
0032ce4
0032ce4
00327a0
1fc2600
0024eea
1fd1a42
0005114
0005114
1fd7550
0009900
000b63a
000b116
1fdb926
1fdb926
1fc0128
0019350
1ffd2aa
1ffa954
1ffadc6
1ffc1e4
00101fc
0019350
1ffd2aa
1ffa954
1ffc1e4
1ffadc6
00101fc
0021f10
1fe1c30
0059d60
1ffc658
1ffc658
1fefec0
1ffcca0
1ff8eec
1ff0b34
1ff3488
1ff3488
0024c20
000d7fc
0031b24
1fececc
0006b86
0006b86
1fdacb0
001233c
000382c
1fef840
1ffa6f0
1ffa6f0
1fcb170
0018084
1ff179a
1feaf54
1ff681e
0008320
1fffee0
0018084
1ff179a
1feaf54
0008320
1ff681e
1fffee0
1fc0fb0
000e1f8
1fce770
000414c
000414c
1ff1350
002a040
001e554
1fede14
00008d4
00008d4
1fa00a0
000c524
00936c6
1febe46
1fef50e
1fef50e
1ffe4f8
00221b4
1fee28a
001d3be
1ff2240
1ff2240
1fc6f58
1ff799c
1ff58b6
0008d88
0008aa0
0009bda
000b5e0
1ff799c
1ff58b6
0008d88
0009bda
0008aa0
000b5e0
000cfa0
1ff1f6c
1ff53d4
001b968
001b968
1fc1210
1f92830
0042650
00554e8
00099fc
00099fc
00153e0
0002530
1f444b1
1ffde43
0001a3e
0001a3e
1fed258
1ff8268
001e957
0000239
1ffdf8c
1ffdf8c
1fe11b0
1fef92c
1ffcb7e
1ff1780
1fe116b
1ff8913
0015134
1fef92c
1ffcb7e
1ff1780
1ff8913
1fe116b
0015134
1ff2050
002f2f0
1fdf120
001a200
001a200
1ff40b0
1ff8af0
0008688
002c968
000d7f0
000d7f0
0003fd0
0010ca0
1fd003f
1ffeacd
000055e
000055e
00299f8
1fed908
000d48b
0011329
0009a9a
0009a9a
1ff0aa0
1ff8754
000ce71
0001f8b
002037e
1fecea6
1ffa2cc
1ff8754
000ce71
0001f8b
1fecea6
002037e
1ffa2cc
1fa0c40
0024774
001ec7c
0001b00
0001b00
1f94f50
1fe62b0
00217d8
1fb8550
1ff1874
1ff1874
1fa8ce0
002d27c
01d71ab
1ffad9f
1ff62c5
1ff62c5
1fdf07c
1ff6e4c
1fe4d41
00188e1
1ff9765
1ff9765
00135ec
0025484
000ac14
000b22e
001fc44
0000ca2
1ff72cc
0025484
000ac14
000b22e
0000ca2
001fc44
1ff72cc
1fca920
1ff2bac
1ff40c4
0011800
0011800
000b960
00834e0
1fea588
1fe4110
1ffaac4
1ffaac4
00068a0
000d69c
005940b
0022a9f
0017443
0017443
1fd8a24
1fee8b4
1fec29b
1ff5d97
000c14f
000c14f
1ff7dd4
0018630
000a847
1ff5f27
0012cb3
1fd137f
00193f4
0018630
000a847
1ff5f27
1fd137f
0012cb3
00193f4
0061de0
1fdb9d8
1fe4548
1fe2800
1fe2800
0000150
1f891d0
0001e28
000b200
000e534
000e534
1ffdbd0
1fe962c
1fa3b1d
1fcb71d
001726f
001726f
00199e4
001c7ec
001977f
1ff7a9b
0002073
0002073
1fd9474
1ffd91c
1ffbc60
00078a2
1febf42
000d2b8
1ffb5e4
1ffd91c
1ffbc60
00078a2
000d2b8
1febf42
1ffb5e4
0020f40
1fe8088
002f648
00312a0
00312a0
0031770
1fda0d0
001a3c8
0003870
001c114
001c114
1fbd240
002d368
1f9a176
0011900
1ff1da5
1ff1da5
1fef168
00157d0
1fe0f3e
1ff06b0
1fdbf69
1fdbf69
0025458
1fed494
1ff1790
0001a5e
1feeb87
1fd3d13
0014258
1fed494
1ff1790
0001a5e
1fd3d13
1feeb87
0014258
006d5f0
1fdfcc0
0008ff8
1ff8c34
1ff8c34
005d410
1ff0bd0
1fbe034
001906c
0007e10
0007e10
003b3b0
1fd254c
009c96a
1ff91de
0004c4a
0004c4a
1fea984
1fc534c
1ff3938
001c9e0
000b0d6
000b0d6
1fec594
1fdec54
0006775
000bac3
1ffae8b
1ff3125
001f02c
1fdec54
0006775
000bac3
1ff3125
1ffae8b
001f02c
1fa9d70
0003264
1fd0b5c
0006568
0006568
0001b40
002c560
0015770
0009eb8
1fd720c
1fd720c
1fbad30
1ff8168
00bd372
1fedc64
0015b23
0015b23
000c938
1fcb918
1fffd94
1fe2346
001aa95
001aa95
1fe8c48
1fede20
1ff6911
1ffe9d7
00191e0
001a320
0013f98
1fede20
1ff6911
1ffe9d7
001a320
00191e0
0013f98
0020190
1fdc3e4
1fee234
0011f24
0011f24
002a6e0
0020d70
1fe5184
1fb9fdc
1fede80
1fede80
0070350
002264c
1fdabcb
1fe450f
1ff95b5
1ff95b5
000302c
0008f84
1fd9765
00098c5
000938d
000938d
0029b74
1ff8658
000d15a
00139b4
0025b74
00122ea
1fdcb98
1ff8658
000d15a
00139b4
00122ea
0025b74
1fdcb98
1fe2bc0
001f5a0
001c120
1fee380
1fee380
000f400
000b420
1fc1e50
00302a8
1fdb714
1fdb714
002e620
1fda5cc
1f95f62
1fefc2a
1ffa866
1ffa866
1ffb954
0068404
00056ea
1ffe28a
1ff1b5e
1ff1b5e
1ffbac4
0000af0
001dc12
1ff1136
1ff8450
0019064
1fdf914
0000af0
001dc12
1ff1136
0019064
1ff8450
1fdf914
00426e0
0016248
1fdb6d0
00104ac
00104ac
0066b30
1ff5640
1fe8de4
1fee8ec
1fdb288
1fdb288
0028dc0
1fea680
000dc0f
0014243
00091a5
00091a5
1ff80f0
1fffb30
0015ec7
002f8db
1ffd02d
1ffd02d
0001598
001e058
1ff2633
0007533
000eeb5
1ff5fc1
1ff3864
001e058
1ff2633
0007533
1ff5fc1
000eeb5
1ff3864
1fe2f00
1faf94c
003504c
1ff9d7c
1ff9d7c
001f320
1ffa250
00105c4
1fc66dc
000bac8
000bac8
000a5c0
00189dc
002b70a
0019114
1fea27b
1fea27b
1fe4f8c
001979c
1fdeacc
1ff2692
0006b5b
0006b5b
002ac7c
0024ae4
1ffdfb3
001184b
1febbce
1feb990
1ff97ec
0024ae4
1ffdfb3
001184b
1feb990
1febbce
1ff97ec
0090010
1fc3aa4
1fd936c
0008cf8
0008cf8
0059ef0
1fe48d0
1fdda9c
000c494
1ff0cb8
1ff0cb8
00127a0
0023d58
0045b48
1fea33a
0015aa3
0015aa3
0026100
0004e18
1fd8566
1ff2514
000975b
000975b
1fe7e30
1fed4c8
1fe804d
0002f0d
1ffa504
0004b6e
1fff138
1fed4c8
1fe804d
0002f0d
0004b6e
1ffa504
1fff138
0024bf0
0005664
000909c
000c6d0
000c6d0
1ff8ee0
1fcb7f0
003f924
0030194
00141a4
00141a4
0059d80
1fe0f08
00138d2
1fdae18
000d767
000d767
1fb2a74
001ee70
00036d8
1fe3fca
1ff56fb
1ff56fb
000292c
002c2c4
1ff22ad
1ff6c05
1ffea20
1ff1716
1ff22b0
002c2c4
1ff22ad
1ff6c05
1ff1716
1ffea20
1ff22b0
1ffccf0
1feab44
003257c
1ff8d48
1ff8d48
0007d20
1fa75c0
0027394
1fdea2c
1ffd978
1ffd978
1febf60
1fff7d4
0013859
002385f
0007d86
0007d86
1fe11d4
0006fc4
0013767
0004c1d
1ffa268
1ffa268
0024ecc
000459c
0005c50
00095ee
1ff8451
1ff4c8d
1fe58d0
000459c
0005c50
00095ee
1ff4c8d
1ff8451
1fe58d0
1fbbb70
000df6c
001018c
1ff384c
1ff384c
1fe5c50
1fd0060
1fff9ec
1fef094
1fe83c0
1fe83c0
0037b40
1ffa2c4
00cbec0
002eeda
1ffd9a3
1ffd9a3
00462ec
1fe2124
0004c9c
1fe5ca2
001cd61
001cd61
1ff26a4
1ffae84
00071a6
00022da
001a1fd
000bc3b
0008378
1ffae84
00071a6
00022da
000bc3b
001a1fd
0008378
000e720
1fee248
1fd4bb8
0043710
0043710
1fa0760
1fbff40
1fd4264
0016214
00189b4
00189b4
0010a00
0040f64
1f42469
1fc16f1
0001973
0001973
1fb0258
1fdbe34
001e479
1ffba7d
0003ddd
0003ddd
0015f18
1ff8364
1ffb805
1ff997b
1ff3ee5
1feb43b
1ff3ec8
1ff8364
1ffb805
1ff997b
1feb43b
1ff3ee5
1ff3ec8
1fae3f0
0014f24
0034e34
1fff4ec
1fff4ec
0001ab0
1ff8bc0
000c60c
1feec0c
000c20c
000c20c
002af20
0013560
1ffc842
1ff850e
0008d30
0008d30
1fde64c
1fc6670
00033b6
0018446
1fff186
1fff186
1fde774
1fe4ec0
000d28c
1fe716e
00083e6
1fff3ac
1fe13e0
1fe4ec0
000d28c
1fe716e
1fff3ac
00083e6
1fe13e0
1fd1340
002e3d4
1ffe5bc
0010d00
0010d00
1fd26e0
000d4f0
1ff3ec8
00009c0
003541c
003541c
1ff2330
002b600
01e8be6
1ffb9fe
0006e5c
0006e5c
0003a10
0011f10
003b1e4
1ffeba8
1fe43a8
1fe43a8
1fceff0
1ffd840
1ff7775
1fff0bf
1fed315
1ffa393
1ff9808
1ffd840
1ff7775
1fff0bf
1ffa393
1fed315
1ff9808
1fe5c70
003f8c0
1fe33c0
1fdefa8
1fdefa8
1f9a1a0
1f77fe0
0013c70
001cd20
0035c48
0035c48
1ff0740
0037184
00a6fb3
0004793
1ffd755
1ffd755
000f4d8
001e90c
1ff6f27
1feee73
0002d97
0002d97
0003d40
1ff1910
0012965
0011cbf
1ff815d
1ffd763
001ac34
1ff1910
0012965
0011cbf
1ffd763
1ff815d
001ac34
1fb69a0
0014e8c
1fc6064
0004cb8
0004cb8
1fc8b60
1ff50e0
1ffbc48
0002870
0012974
0012974
1fb9ed0
1ff6ae4
1fa1f05
1ff5981
000661f
000661f
000bd20
1fe4eac
000c31f
000b00f
1ffcdcf
1ffcdcf
1ff7f80
1ffc590
0000ed2
0004da8
1fd6f14
1fe3e12
000d580
1ffc590
0000ed2
0004da8
1fe3e12
1fd6f14
000d580
0039d50
1fc183c
0015f8c
1fea47c
1fea47c
1ffe130
0006c00
00314a0
000bad0
1feea18
1feea18
00094c0
1fe1140
1f87ef8
1fce884
00124ca
00124ca
004c064
1fd8188
001d8ba
1feb7d2
0005aea
0005aea
1fb569c
1feabbc
0009549
0009cc7
000a959
0002147
1ff6f10
1feabbc
0009549
0009cc7
0002147
000a959
1ff6f10
1ff2d40
001c608
0006c88
1fe2e70
1fe2e70
1fb1e90
1f98320
1ff7430
00373f8
0028c3c
0028c3c
0007b80
0013260
00939cb
0006a4f
1ff3bb3
1ff3bb3
000e578
1ffe2d0
000476d
1fee969
1ffd0a5
1ffd0a5
1ff0150
1ff7ea0
000de54
1ffc31c
1ffa382
0000976
1fe35ec
1ff7ea0
000de54
1ffc31c
0000976
1ffa382
1fe35ec
0010f60
1fe93e0
1fe8478
1ff6324
1ff6324
0003ec0
1f7ee70
004ab10
1fecff0
1fe7148
1fe7148
1fcd2a0
0034298
00a75e4
1ff4398
1ffd35e
1ffd35e
0009a74
004c828
1ff4e0c
1ffdc7c
1ffb7dc
1ffb7dc
000196c
0014788
1ff3440
1ffa862
1ffde9e
000c4cc
1fd87a0
0014788
1ff3440
1ffa862
000c4cc
1ffde9e
1fd87a0
00321f0
1fef650
000b540
00016b8
00016b8
0028f00
1ff1c10
1fd6554
1fef974
1fe1bec
1fe1bec
00312a0
003c9a8
1fe6353
1ff217b
1ff3d11
1ff3d11
1f626e4
0005048
1fdcc3d
1ff262d
0000f9b
0000f9b
1fff154
002e5c8
00110e0
1fe7a9c
0001688
0006364
0003e64
002e5c8
00110e0
1fe7a9c
0006364
0001688
0003e64
004b480
1fd4c88
00216d0
1fff96c
1fff96c
000f240
002b8d0
1fe5198
1ff6560
000e814
000e814
1fe4e90
0014f1c
1f7fe42
000dbb6
1ff7bfa
1ff7bfa
0037d84
1fba754
000ce70
1ffc1e8
1ff982e
1ff982e
1ffebac
1ff7700
00174ff
1fe7031
1ff120d
1ffd95b
1fe84a8
1ff7700
00174ff
1fe7031
1ffd95b
1ff120d
1fe84a8
1f91910
0046bb8
001d738
1fd7200
1fd7200
003bcd0
1f8bd30
0000fc8
006d318
1ffb1e8
1ffb1e8
002c360
002ed34
1ffac27
0003a77
1ff222f
1ff222f
1ff77dc
0001a84
1ff28f1
1ff2e1d
1ff59b7
1ff59b7
1ff8a2c
0013ed4
1feb57e
1ff10d0
000277e
1ff0490
1fe2bbc
0013ed4
1feb57e
1ff10d0
1ff0490
000277e
1fe2bbc
1fde920
1fddd0c
000bd14
1feee18
1feee18
1f97270
001f120
1fd2768
1fe7c68
00275b8
00275b8
0008dc0
00017a8
0006872
000422c
1ffb88b
1ffb88b
000edec
0025b50
1feb6fc
000bad2
1fdc077
1fdc077
0009ed4
0018cc4
1ff96d5
1ff650d
1ff3e52
1ffc904
1fff278
0018cc4
1ff96d5
1ff650d
1ffc904
1ff3e52
1fff278
0067650
1fd8230
1fe37e8
1fefc84
1fefc84
000fa90
1ffcac0
0018cd8
1fe6b10
002486c
002486c
000d5c0
000b13c
0038bd8
1ff8594
1ffaf30
1ffaf30
0005cc8
1ff184c
1ff60b8
001561c
1ff18a8
1ff18a8
001c568
1ff7154
1ff8c52
0008336
1fecfbe
1fe0c82
1ffacb0
1ff7154
1ff8c52
0008336
1fe0c82
1fecfbe
1ffacb0
1fe4470
0037fb4
1fff394
1ff6a44
1ff6a44
1fc5480
002ed10
000f434
1fff71c
00094f8
00094f8
1fbd410
0004c84
0005368
002d61c
1ff6cf4
1ff6cf4
00111e8
0009304
1fea352
0016bba
0012a54
0012a54
000e0b0
001153c
000d5e9
1fdce9f
1ff020d
1ff2dab
001ca64
001153c
000d5e9
1fdce9f
1ff2dab
1ff020d
001ca64
0010ff0
0006fb0
1fe3db8
1ff8f44
1ff8f44
1fe4b40
1feee50
0003a44
1fdb75c
0018b68
0018b68
1f61fa0
1ff8b4c
003ea6f
0006ce1
00010b0
00010b0
000fd74
1ff25e4
000a761
1fea0a3
1ff7946
1ff7946
1feee24
0016850
1ffbb02
1ffbb8c
1ff5125
1fffa15
00339b4
0016850
1ffbb02
1ffbb8c
1fffa15
1ff5125
00339b4
1f9ee30
0038930
000b120
1ffb460
1ffb460
1ff8a50
1ff3c70
0002a44
1ff7f44
00095ec
00095ec
0021610
1fc6384
00bba7e
1ff8c1c
1ffff7f
1ffff7f
00480c0
00087b4
000c83a
0000230
1ff6587
1ff6587
1fc88b0
00025a4
1ff859e
0002f84
1ff3b6b
000635b
1fe46d0
00025a4
1ff859e
0002f84
000635b
1ff3b6b
1fe46d0
00428b0
002b0fc
1fd4d64
00174f0
00174f0
1f9b2e0
1f7f7b0
001e3a0
0045418
000bf44
000bf44
1fe88f0
004c6ec
1f185ed
1fd276d
1fffa93
1fffa93
1ffb564
000902c
0015f33
1fcef83
0013e89
0013e89
1ff6e24
0012c8c
1ffa9f2
1ff692e
000f9f2
0001e3a
000798c
0012c8c
1ffa9f2
1ff692e
0001e3a
000f9f2
000798c
1fc6cd0
0085a18
1fff7d8
0022d68
0022d68
1fe33d0
1fde800
1fdec50
1ff1cb0
0003618
0003618
004ca90
1fdeff0
1fcad87
1ff20c9
1ffe44c
1ffe44c
1fbbebc
0045300
000a319
1feb997
1fe72f0
1fe72f0
000fd3c
1ff9f30
0019f2e
0005f8a
00047ff
1fe9e35
1fd47f4
1ff9f30
0019f2e
0005f8a
1fe9e35
00047ff
1fd47f4
00560f0
002f904
1ff05bc
0007010
0007010
002c940
0008e20
001b43c
1fcdcc4
1ff8cc8
1ff8cc8
0008df0
000e2f8
0214cc7
1fe4a7f
1fe1073
1fe1073
1fcaf68
0003bb8
00019b1
000302d
0017b7f
0017b7f
1fcaf60
1ff5d58
1fe86a2
0009184
00196d6
1ffcca0
0004164
1ff5d58
1fe86a2
0009184
1ffcca0
00196d6
0004164
1fec530
001fb94
1ff9abc
1ff21b0
1ff21b0
1ffdea0
0029140
1fcdf90
0004460
001d4c8
001d4c8
0048150
1fd18d0
009447d
1ff6c0b
1ff3fa6
1ff3fa6
1fe358c
0001b88
000835b
1fffc59
1ff4c94
1ff4c94
000ad6c
1fe012c
1fea90e
0000e1c
1ff81b1
000cffd
000690c
1fe012c
1fea90e
0000e1c
000cffd
1ff81b1
000690c
0046200
0052e80
0019298
0017eb4
0017eb4
00021e0
1fba8a0
001a670
0022010
00265c8
00265c8
0003710
0022074
1fad1c1
0022edf
1ff2392
1ff2392
0011820
0011774
1ffd719
1ffdb07
1ff3e9a
1ff3e9a
1febc70
001639c
1fef243
1fea065
00065bc
1fe85c0
1ff54b8
001639c
1fef243
1fea065
1fe85c0
00065bc
1ff54b8
1ff4b60
1ff3994
0028b94
1fd131c
1fd131c
1fe84d0
00713b0
1fee410
1fa9f00
1ff2e30
1ff2e30
001afb0
1ffb98c
1f92652
0023e36
002253c
002253c
1faf420
0012f6c
1ff7014
001390c
1ffd2f8
1ffd2f8
1ff8658
1fd3cdc
00164a7
0015ec1
1fe4a0f
0003ac1
1ffe014
1fd3cdc
00164a7
0015ec1
0003ac1
1fe4a0f
1ffe014
1fe7e70
0009c90
1fe0568
1ff43d4
1ff43d4
0017620
1fe6570
1ff003c
00054c4
00037b0
00037b0
00103a0
00219c8
0083ae9
1ff88f1
0007a61
0007a61
00067d4
000ecd8
1ff1eb1
1ffae39
0014805
0014805
1ff7c24
000da50
0007f99
0008831
1ff9dbf
1ff24ef
000667c
000da50
0007f99
0008831
1ff24ef
1ff9dbf
000667c
00539a0
1fff214
00077ec
1ff1340
1ff1340
004a100
0006040
1faecf0
002bf18
00055e4
00055e4
000e1e0
1fe4880
00d1b6c
000f882
0013b5f
0013b5f
0004544
0009b40
002abfa
1fe799c
1ff641b
1ff641b
1fb629c
0028ea8
000826d
1fcb4e5
1ff5456
00104b4
1ff7220
0028ea8
000826d
1fcb4e5
00104b4
1ff5456
1ff7220
0027f70
1fdeccc
1fd6834
1fd7ce0
1fd7ce0
1fd5b00
1fe97f0
1fe83ec
1ffa71c
0010304
0010304
0011bc0
1fc7624
1ff8ea7
0061c15
1ff7b34
1ff7b34
003ee1c
0032294
0038efb
1ffa431
1fe51e0
1fe51e0
1fd7934
1ff4dbc
1fea07d
1ff54d7
00059d8
1ff7a94
0004d08
1ff4dbc
1fea07d
1ff54d7
1ff7a94
00059d8
0004d08
000d8b0
1ffc6e8
000bdf8
1ff3090
1ff3090
1fa5390
0026890
0004624
00022cc
0007c88
0007c88
1feacf0
1ff440c
1fad5cc
0004de0
1fffe86
1fffe86
000caf8
0005404
000c6d2
00003b2
1ff396e
1ff396e
1fd83c8
0003808
1fff011
1ffd26b
1ffe379
1ffc617
1ff4188
0003808
1fff011
1ffd26b
1ffc617
1ffe379
1ff4188
1fce4b0
1fe7b6c
0008df4
0025c90
0025c90
000b5e0
1fc0bb0
000e4e4
0042e7c
00224f0
00224f0
1fdace0
0029f88
1fde24f
1fee355
1fec942
1fec942
1ffcf0c
000f478
001707f
1fefd79
0005c4c
0005c4c
1fed6b4
1ff9798
1ff23d5
1ff8de5
0011d14
1ff4516
0013830
1ff9798
1ff23d5
1ff8de5
1ff4516
0011d14
0013830
1fb08d0
1fb3e9c
00065f4
00185b0
00185b0
00195c0
0013b40
0009600
00079f8
001171c
001171c
1fd8080
1ff1c1c
002275c
1febd8a
1ffa891
1ffa891
00003c4
1fe2954
000ad78
00108de
1ffd815
1ffd815
1ff724c
1feed78
1ffb9ec
000fb22
0007599
1ffa3b5
00215b0
1feed78
1ffb9ec
000fb22
1ffa3b5
0007599
00215b0
00149e0
1fd7e48
00045c0
001b454
001b454
0004980
1fff0d0
0010cb4
000a86c
1fec958
1fec958
0021060
00052c0
003b1d5
1ff8e07
0001f1e
0001f1e
001fe2c
000d1f0
0007d71
000926b
1ff3072
1ff3072
1ff94e4
1ffb360
1fda9d7
0003655
002542c
000fac4
0010780
1ffb360
1fda9d7
0003655
000fac4
002542c
0010780
001cc20
1ff39dc
1fe2574
00025b8
00025b8
0014360
0005dc0
00125fc
1fd1924
1fe2cc0
1fe2cc0
1f80210
1fd70a8
00178c0
1fed328
001bd10
001bd10
1ff6d0c
00007f8
1fe38b4
002c090
0008566
0008566
00329ec
00326e8
00008f2
1fee544
1ffc308
1fef4a6
000f664
00326e8
00008f2
1fee544
1fef4a6
1ffc308
000f664
00164c0
1fe33d4
0048b2c
1ff0120
1ff0120
0029310
0080560
0026ecc
1fee31c
1ff041c
1ff041c
1fe23a0
1f991e4
004231a
0004152
1fff570
1fff570
0040614
1ff62ec
1fdb7c0
1ffa118
000d35a
000d35a
1feeb14
1fe6b98
1fe9a4d
0000d11
000a573
000925b
0010f8c
1fe6b98
1fe9a4d
0000d11
000925b
000a573
0010f8c
004faa0
1fd5c14
1fe5714
0005f0c
0005f0c
1f95860
00330e0
1feda84
1ff251c
1fe83c8
1fe83c8
00100c0
1fe1814
009784f
1fee0b1
1fff4da
1fff4da
1fff674
1ffff04
1ff3ff3
000d875
00127ae
00127ae
1fd0a74
000106c
1ff732b
1fe28f5
1ff0214
000eb40
1fd16e4
000106c
1ff732b
1fe28f5
000eb40
1ff0214
1fd16e4
1fc0bc0
1fec10c
002076c
0024cdc
0024cdc
0021d30
1fa6a10
1feccd0
002f1d8
0010e7c
0010e7c
1ff4770
1fa5500
1f58a41
1ff07bd
1feff5b
1feff5b
1ff4df0
0060db8
1fd331f
1ff6997
1fee453
1fee453
1fda7f0
1feac74
001b132
1ffc344
00019ec
1ff8676
0022d10
1feac74
001b132
1ffc344
1ff8676
00019ec
0022d10
0028e10
1fb6128
0010710
000c2d4
000c2d4
0003890
1ff41c0
0004bbc
0005f54
00206a0
00206a0
0027bb0
0000ae4
1fd6a51
1fff6c3
1fe6572
1fe6572
000eeac
1fda7ac
000b055
0015e27
000b88a
000b88a
003fff4
1fe9e48
000673f
0001461
1ff472e
0003e8e
00140a0
1fe9e48
000673f
0001461
0003e8e
1ff472e
00140a0
1ff00f0
0000f08
00213e0
1ffd2a4
1ffd2a4
000d1c0
00413e0
1ffeee0
0008300
1fdb6f0
1fdb6f0
0017ab0
1ff44a0
01e73cb
1ffd3db
0018129
0018129
1fdf128
1ff6100
1fed209
1ffeae5
0010b29
0010b29
1fce488
1ffda80
0027af4
0002a8a
00082b8
1ff7376
1ff35a8
1ffda80
0027af4
0002a8a
1ff7376
00082b8
1ff35a8
000acf0
1fe08c8
0015608
1ff64b0
1ff64b0
0036390
1fdb260
1fce4e0
0036008
1fdab64
1fdab64
1fb5640
004f490
006e3bb
1fe3905
1fe7f96
1fe7f96
1fd73d8
000ba88
0007521
1ff05bf
000812e
000812e
0010d80
0019e9c
0010a1c
1fe828c
0003aaf
0003865
001d4dc
0019e9c
0010a1c
1fe828c
0003865
0003aaf
001d4dc
1fbfca0
000fd9c
002e38c
1ffcd54
1ffcd54
0019f50
1ff6dc0
004f000
1fe5260
1fac760
1fac760
0029130
000c988
1faa1f9
1ff4ae3
1fffcb0
1fffcb0
0001860
1fda8c8
1ff878b
1fe98fd
00145ce
00145ce
0006b30
1ff7020
0010880
000387a
1ff0817
0000faf
1fc54a0
1ff7020
0010880
000387a
0000faf
1ff0817
1fc54a0
1fe4bb0
1ff7284
000be1c
001a680
001a680
003b2a0
1fd3150
0005ae4
1ff45d4
00137d4
00137d4
1ff9770
002b0b4
1f91490
1ffcff2
1feb9d7
1feb9d7
0007644
001f854
1fe4d6c
0031712
0000df5
0000df5
0045d2c
1ff6264
1ff95e2
1ff8bd6
000a247
00060fd
0012998
1ff6264
1ff95e2
1ff8bd6
00060fd
000a247
0012998
1fdc510
1ff0e7c
0045dd4
00288d8
00288d8
000a6c0
001cbb0
003172c
1ff0adc
001ea54
001ea54
1fc6c00
1fcd568
0087419
1fec673
0023ee2
0023ee2
000ccb4
1ff70f0
1ffa8ed
000f5b7
000ee92
000ee92
001fcfc
1fdbb94
1ff6e03
1ffbf1d
0007cec
1fffb40
1fffcb8
1fdbb94
1ff6e03
1ffbf1d
1fffb40
0007cec
1fffcb8
1ff1690
1ff6fe4
00315c4
1fcfeac
1fcfeac
1fde790
003bdc0
0011e00
001aba8
0002b5c
0002b5c
003a140
0007bc0
00b029c
1fe8f66
1ff9e63
1ff9e63
1fff324
1ffb908
1fe74c4
0012f22
000349d
000349d
001c97c
0025a04
0006c8e
1ffee96
1fe9dff
1fe9171
1fc9a70
0025a04
0006c8e
1ffee96
1fe9171
1fe9dff
1fc9a70
1fcebf0
00280b0
1ff9038
00094e4
00094e4
0013580
1f7b2c0
003186c
0045a34
1fe77c8
1fe77c8
1fea530
0014348
000f712
1fed798
1ff482d
1ff482d
1fcd1f0
002f3e8
1fee938
1ff2a0a
1ff2285
1ff2285
0009bc0
000a608
0008477
1feed9b
1fee260
002206e
001d8c0
000a608
0008477
1feed9b
002206e
1fee260
001d8c0
1fcfa30
000a0dc
000a12c
1ff783c
1ff783c
1ff61f0
001d3b0
1ff5f80
1ffc720
1ff8158
1ff8158
00083b0
1ff1518
1f9ec82
1ff52e6
001584a
001584a
005b59c
00199a0
0012f5e
000c6c6
1ff4238
1ff4238
00038ec
1fe8a3c
1ff73b6
00115f4
1ff93ea
002dd0c
0031214
1fe8a3c
1ff73b6
00115f4
002dd0c
1ff93ea
0031214
1ff3b60
000ef40
003dbe8
000700c
000700c
1fb3030
1fae560
001cb18
1fc0d08
001a868
001a868
1fbb6d0
0021b94
1ffce8c
1fee532
001198b
001198b
0036bbc
0034fec
1ff333c
0037fb2
1fdf747
1fdf747
0020ab4
00027d0
0007964
1ff7166
1ff2a5f
001a5b7
00085f0
00027d0
0007964
1ff7166
001a5b7
1ff2a5f
00085f0
0000ec0
000f150
00459a0
1fd7a70
1fd7a70
1ff9890
1fe43f0
00048cc
0035504
0004110
0004110
1ff0240
000f0b8
0021adc
1ff0026
0005263
0005263
0003368
0021808
1fff614
001cb42
1ff8d31
1ff8d31
0029518
000cdf0
0015c06
1fff88e
00080a9
000f85b
1fd8290
000cdf0
0015c06
1fff88e
000f85b
00080a9
1fd8290
0002480
00113e8
0009648
00002d8
00002d8
1fe9520
0024680
1ff7764
1ff6234
0003a24
0003a24
0007d30
000fd08
0040252
000888a
1ff6e8c
1ff6e8c
0004a54
0006820
1ffad56
1ffa886
1ffa758
1ffa758
1fe52cc
1fed92c
00031c4
1ff7bb0
0002802
1ff6d82
1ff1778
1fed92c
00031c4
1ff7bb0
1ff6d82
0002802
1ff1778
1ff9380
00198d8
0012f98
1fe6d98
1fe6d98
1fe3800
1ff51c0
0021258
003d9e0
1ff3374
1ff3374
00cb300
1fe59d0
000a712
00024ec
1fe872f
1fe872f
1fbc1d8
000b758
1ffb334
1fe220a
000ddff
000ddff
1fd07e0
0013984
1ff1aa1
00051f5
1ff6098
001817e
1ff081c
0013984
1ff1aa1
00051f5
001817e
1ff6098
1ff081c
0045750
0008014
1ff99fc
0008890
0008890
00360c0
0019890
0010364
0031f94
1fff2cc
1fff2cc
1fa81b0
1fcc2f4
0045b6e
0022402
000ca08
000ca08
000578c
1feca8c
1feaff0
1ffce70
1ffef7c
1ffef7c
00265e4
0006df0
00057d9
1fe9777
1ffb437
1ff7345
000e9e8
0006df0
00057d9
1fe9777
1ff7345
1ffb437
000e9e8
1fe5a00
0007be8
1fdde28
00209f8
00209f8
002cd60
1fee080
1febb78
000ceb8
0002d30
0002d30
0004100
1fd6e50
00b71f8
000504c
0014b14
0014b14
004d65c
000f798
1ffd72a
1ffbf56
0009fe2
0009fe2
1feec34
0000c7c
0013cd5
1fef881
000fa39
1fe91a9
1fe7348
0000c7c
0013cd5
1fef881
1fe91a9
000fa39
1fe7348
1facdc0
000dde8
0002380
1ff4b4c
1ff4b4c
005af00
1fc6660
003b7d4
000abfc
1ffa1e0
1ffa1e0
1fc9f80
1ff3598
1f27429
0006701
0021605
0021605
1ff2fe4
00134a8
1ff7dc7
1fef53b
0004ced
0004ced
1fc52dc
0004558
1ff9df6
0001f78
0000b54
0006746
00285d0
0004558
1ff9df6
0001f78
0006746
0000b54
00285d0
003f640
000dc0c
1ffa45c
1ffc714
1ffc714
1fdb180
1fe3eb0
001de6c
00090ac
001103c
001103c
001fe20
1fe80d0
1fcff80
0007b16
1ffbccb
1ffbccb
002ea14
1fceaa0
1ff893c
1ff8a62
1fee54f
1fee54f
1fefcac
000c318
1ffa48c
1ff72d2
1ff1e5b
0002eab
1ff1fa8
000c318
1ffa48c
1ff72d2
0002eab
1ff1e5b
1ff1fa8
1ff7b60
1ffaeec
000a39c
1ffb674
1ffb674
00180d0
0048290
00369a4
1fdb92c
1febbb0
1febbb0
1fb1a10
1ff9f64
01e934f
0021699
1ffa150
1ffa150
000e45c
1ff8134
00098f9
001b61b
1ff8792
1ff8792
00122bc
1ff213c
00008b2
0009190
0010dc5
001b2d1
002c664
1ff213c
00008b2
0009190
001b2d1
0010dc5
002c664
1fbf020
1fdb160
1ff5e58
005690c
005690c
1ff74f0
000e440
1fc9530
002bef0
001dc18
001dc18
1ff4ae0
000a96c
0094812
00072d6
1ffaf4c
1ffaf4c
0010828
0001f84
1fcb520
0009278
1ff4d8c
1ff4d8c
001fb30
0000d28
0009f3d
1ff49f7
1ffe743
1fe9481
1fe551c
0000d28
0009f3d
1ff49f7
1fe9481
1ffe743
1fe551c
1ff14d0
1faba1c
1ff0d14
001ebf0
001ebf0
1fde280
0052290
0027274
1fde0a4
1fde6e4
1fde6e4
1ff56a0
0014e04
1fac9b1
1ffc36b
1ff2fa4
1ff2fa4
001ece0
1fbf3bc
1feee01
001b1f7
0014472
0014472
0033598
0010100
1fd95c9
1ff51fd
1ff9a66
001f2a4
003026c
0010100
1fd95c9
1ff51fd
001f2a4
1ff9a66
003026c
1fe9940
1ff3020
00306d0
1ff7760
1ff7760
0037500
003d7c0
002431c
1fdd7cc
003d6ec
003d6ec
000a6e0
0002980
1f9939e
1ff893c
1fffeab
1fffeab
1fef594
1fd8618
0002b5a
1ffd758
1ffe9d7
1ffe9d7
0025194
0018494
000ab94
000cc9a
1ff7487
1fe50b3
0009ba4
0018494
000ab94
000cc9a
1fe50b3
1ff7487
0009ba4
1ff7120
000ed44
002f1bc
1fe44a8
1fe44a8
0013bc0
000cef0
0014f40
0017b78
0035e2c
0035e2c
1ff3fe0
1ffa5d4
007ec94
1ff64b4
1ff55b6
1ff55b6
1fda468
001a554
0002b8a
001f11e
0005a16
0005a16
1ff0510
1fef604
1ffc795
000f213
0009fb5
1ff67bf
00391c4
1fef604
1ffc795
000f213
1ff67bf
0009fb5
00391c4
000e970
000b324
0026384
0003984
0003984
1feeab0
0063340
1fe9a8c
1fbaba4
000eb80
000eb80
1fcfec0
1ffd6ec
00a96a0
0007b62
1ff63f9
1ff63f9
00119ac
0039bdc
1ff4544
0002842
1feb49f
1feb49f
1fda604
1ff470c
1ffe0c4
0017490
1feac51
001513f
000e590
1ff470c
1ffe0c4
0017490
001513f
1feac51
000e590
007c7d0
001a638
1fe17f0
1fe14e4
1fe14e4
1fc9ab0
0025600
001fe48
1fab438
0007f70
0007f70
1f725e0
1fb84f4
1ffdb15
001fe21
00005e1
00005e1
0076e6c
000d664
1ff30b7
002dd47
1ffc225
1ffc225
000f6d4
1ff5604
000e684
001bb4a
1ff6350
1fe824a
00168f8
1ff5604
000e684
001bb4a
1fe824a
1ff6350
00168f8
0078dc0
1ff0e44
1fdfe34
0018164
0018164
00158c0
0002500
1fe52c8
0016d70
001a87c
001a87c
00119e0
00083cc
1f6d886
1fe7896
0007606
0007606
1fe8bd4
1fde1c4
1ff54a4
1fde414
000b7e8
000b7e8
1fec5a4
1fc18b8
001318d
001e69d
0003371
1ff5295
1fff92c
1fc18b8
001318d
001e69d
1ff5295
0003371
1fff92c
1fa33c0
1fd61a4
1fe72ac
001a208
001a208
1fdd260
1fc16f0
1fdd09c
0014d6c
001ef3c
001ef3c
0001d80
00273b4
002341c
1fea57e
1fe1935
1fe1935
00417f8
0033e34
000a000
1ff4ca2
0004fed
0004fed
001f018
002fbd4
000b31e
0007840
00010a9
00017b9
0009c38
002fbd4
000b31e
0007840
00017b9
00010a9
0009c38
0032cf0
0016398
1f95310
1ffa034
1ffa034
1fab450
0012b30
00207d0
1fba9e0
1fc74e0
1fc74e0
1feca00
0009f34
0012bfc
001aba2
000c4ab
000c4ab
0013188
1fdcec4
0005562
001291c
001a6c7
001a6c7
000a040
0011d1c
1ff900f
1fff38b
000049e
1fea650
00075a4
0011d1c
1ff900f
1fff38b
1fea650
000049e
00075a4
0077c60
1fe9714
1fdf17c
0013518
0013518
1ff6a30
1f9cd70
003615c
0024afc
00052cc
00052cc
1fed170
1fd0ca8
00612de
1feaeca
00025c4
00025c4
00414c0
1ffeb78
0006170
001b7e0
1ff8a94
1ff8a94
1fece08
0029ac8
1ffa567
1ff9ced
1ff6dd9
0005d6f
1fff9cc
0029ac8
1ffa567
1ff9ced
0005d6f
1ff6dd9
1fff9cc
0013610
0023e80
0012d48
000bdd4
000bdd4
1fcdda0
1fdd2c0
000de44
0000594
000725c
000725c
0004140
1ff1f40
0019a31
00014a3
0012e30
0012e30
0007ca8
1fd6068
1fff9a5
001803b
1ff336a
1ff336a
0011928
001663c
1fe8505
0015cbd
1ff6b9a
1ff12c0
00103b0
001663c
1fe8505
0015cbd
1ff12c0
1ff6b9a
00103b0
0034fa0
1ff6298
001ca20
1fdc994
1fdc994
00145f0
0082110
1fe695c
003517c
1ff77a4
1ff77a4
1fbbfd0
00073ec
004bd99
1ffba25
0010577
0010577
001da14
1fec424
1feeb69
1fd7ef9
1fe4b1d
1fe4b1d
004896c
1ffb888
000fbf9
0000f0b
1fea813
000917d
1fd6ec0
1ffb888
000fbf9
0000f0b
000917d
1fea813
1fd6ec0
1fb21e0
1ffbd8c
1fe838c
0007544
0007544
0012850
0001c70
00060ac
000e164
1fd2928
1fd2928
1fe2e30
1fdd3a8
00afd96
1ff3350
00036f9
00036f9
1fe8d40
1ff2ef0
1feeddc
1ff9a5a
0008715
0008715
00119f8
1fe2a84
00005a7
00036cf
002ade8
1ff7d96
1ffe4d4
1fe2a84
00005a7
00036cf
1ff7d96
002ade8
1ffe4d4
0034ad0
1fd7804
1fea0c4
001126c
001126c
002e410
0001830
1ff73a4
1ffe844
1ffc0a4
1ffc0a4
1fbccd0
005821c
1f3ea05
1ffaceb
1fe4f3e
1fe4f3e
0049060
0042f34
1fee22d
1fe4d3b
1ffd30e
1ffd30e
1ffcf88
1fe9998
0016bd7
0008f65
1ffb75c
00038f8
0005de4
1fe9998
0016bd7
0008f65
00038f8
1ffb75c
0005de4
0052ae0
1fc28e0
1ff9fe8
00136fc
00136fc
001a150
001e7a0
1ff1178
1ffd8e8
1fd37f8
1fd37f8
002bc00
1fef5b8
1fe17cd
000e603
00007c4
00007c4
00031bc
0012398
0002339
1fef42f
1ffb880
1ffb880
001937c
1fdbe90
0010a9d
00015df
1ff4be4
0020488
1fe9bb4
1fdbe90
0010a9d
00015df
0020488
1ff4be4
1fe9bb4
0041ec0
00022b4
1ff9c1c
1fef4f0
1fef4f0
0023920
1ff3980
003605c
1fdd074
1fe5ae0
1fe5ae0
1fa7f30
000f83c
01ee61c
0007168
1ffd6a0
1ffd6a0
000a664
0044ab4
1fec0da
1ff30ea
000a42c
000a42c
001e0e4
0009058
001d8f5
1fe3f0b
1ff6c4d
1ffde33
1ff2584
0009058
001d8f5
1fe3f0b
1ffde33
1ff6c4d
1ff2584
0019430
000114c
1fe55ec
003701c
003701c
1fdd160
001bbc0
002fcc8
001d778
0007b18
0007b18
1fcbf90
1fe00cc
008f394
00030f0
0011186
0011186
002e434
00058ec
1fe9c36
1ffa6b2
00019f0
00019f0
00234e4
002359c
1ff7315
1fe54fd
1ff3939
1fd8ec9
1ff9ba4
002359c
1ff7315
1fe54fd
1fd8ec9
1ff3939
1ff9ba4
006e980
1fe9050
1fd7fe0
0003f90
0003f90
0019d40
007a5e0
1fd8eb0
0014128
1ff9b0c
1ff9b0c
000ea70
002de00
1f9337a
1ffa95c
001ef85
001ef85
00094c0
1fc38e0
1ff219a
0019b84
0005bb5
0005bb5
00138b8
000bb78
1fe8e86
1ffd354
000131b
0001df7
0020a74
000bb78
1fe8e86
1ffd354
0001df7
000131b
0020a74
1fd26d0
1ff3fc0
0066ef8
1ff18ac
1ff18ac
1ff0470
0031e70
00246c8
1fe8e48
0035a50
0035a50
0007b60
000d658
1f8581e
0002d9c
00018cf
00018cf
1fd2474
1ffd488
1fe37e6
0002214
0007cab
0007cab
0040fc4
1ffeb38
1fe6ef8
1ff8a3e
1ff8d35
1fe7d69
00078b4
1ffeb38
1fe6ef8
1ff8a3e
1fe7d69
1ff8d35
00078b4
1fcb8a0
0013d04
1fe80cc
0004c88
0004c88
1fdf450
1fdbbd0
0025028
1ff6a10
003fe3c
003fe3c
000d5f0
1fd1c0c
008deed
000d271
000444d
000444d
1ff6654
0001194
1fe9a31
001c0fd
1ffc139
1ffc139
00036cc
00067c8
00095c1
0005d81
0018027
000585b
1ffc880
00067c8
00095c1
0005d81
000585b
0018027
1ffc880
00161c0
003e848
1fdc9a8
0003150
0003150
1f564b0
0015900
1fd37e8
000e588
1fe31b8
1fe31b8
1fe6800
001cbd4
0093a71
1ff2ad1
001227d
001227d
002a49c
1fc6dbc
0015171
1ff5e09
0006ef5
0006ef5
0004fac
0019350
1fff70b
001db4b
0034745
1ffc32d
00174e4
0019350
1fff70b
001db4b
1ffc32d
0034745
00174e4
002d610
1ff7cb8
1ffb098
1ff2b08
1ff2b08
1fe2bb0
0018870
002ff60
003db18
1fdb45c
1fdb45c
001ab00
1fe2974
1fd5551
000ad93
1ff4062
1ff4062
1fd6158
1fdd3cc
1ff72b3
0019ded
000eaa4
000eaa4
1ffe448
1ff9e00
00022e6
1ffdd4c
001696b
0019393
1fd1ed0
1ff9e00
00022e6
1ffdd4c
0019393
001696b
1fd1ed0
1fff2b0
1ff0378
0034440
1fdfa04
1fdfa04
0002fb0
0065df0
001cf18
00268c8
1fdbef8
1fdbef8
1ffedf0
1fd813c
1f9f690
1feef6e
1ff9777
1ff9777
1fd941c
1fd92ec
1ff599a
1ff8420
00232cd
00232cd
000d61c
1ffea34
1fff8ff
1fe593d
1ff868c
0017578
001d9cc
1ffea34
1fff8ff
1fe593d
0017578
1ff868c
001d9cc
007a7a0
001079c
000a2c4
1fd7598
1fd7598
00005e0
1fd6950
1ff2570
0015468
1ff0b04
1ff0b04
1fcf1a0
1fe2134
1ff589c
000be46
00056e7
00056e7
0012988
1fed1b4
0007c5c
1ff24ca
00094d5
00094d5
00206c8
000a3f4
1ff9664
1ffb364
0006437
1ff6461
1ff9180
000a3f4
1ff9664
1ffb364
1ff6461
0006437
1ff9180
1fb4320
002ea20
00378b0
1fc7f90
1fc7f90
002d720
1fdc230
1ff2804
002069c
0016258
0016258
002ef40
00003f4
001ee9d
1ffd013
0007e1e
0007e1e
00018f0
0012814
0000ea9
00141a7
1ff9fd6
1ff9fd6
00251f0
000775c
1feef37
1ff3d8d
1fff136
000afaa
1ff74c0
000775c
1feef37
1ff3d8d
000afaa
1fff136
1ff74c0
00140a0
1faaf00
0006bb0
000d9b0
000d9b0
1fe9db0
0022440
000cedc
1fed464
1ffc598
1ffc598
1ff5480
1fd906c
004d09d
00087f9
002910d
002910d
1ffa9fc
1fff9e4
1ff1d05
1ffe005
0012bb7
0012bb7
1ffc5b4
0003df0
1ff2217
0005b21
0006907
1ff1dcd
1fdc1a8
0003df0
1ff2217
0005b21
1ff1dcd
0006907
1fdc1a8
1fe13a0
1ff5540
0018f48
0027b14
0027b14
1ffec10
1f6f6a0
0000934
1ff1954
004a154
004a154
005a7a0
000f9bc
0010997
0008e75
1fea1de
1fea1de
1fddd6c
1ff6a14
000832d
000c5cb
1ff4df4
1ff4df4
1fecb1c
001fbc8
1ff7340
1fe814a
1ffa843
0008f17
1fea484
001fbc8
1ff7340
1fe814a
0008f17
1ffa843
1fea484
1fbfb50
0008edc
0043e04
0010430
0010430
1ff41a0
1fdb820
1febba4
0005cbc
000f870
000f870
0013ec0
1facea4
0053579
0007671
0003203
0003203
1ffd5e4
1fe9ec4
0008d3d
1fdf7d1
1ff1f21
1ff1f21
1fec4ac
1ffd864
0003927
1feaa3d
1ffb7bb
1fecb91
0017cb0
1ffd864
0003927
1feaa3d
1fecb91
1ffb7bb
0017cb0
0057b70
1fe9b98
1fe9a10
1ff9704
1ff9704
1f7f100
00210f0
00158c8
001e080
002dabc
002dabc
1febec0
1fd9130
00a95d6
1ffd890
1ff2a17
1ff2a17
00274b0
1fdace8
00055cc
0017b0a
0008447
0008447
1ff5e98
1ffd46c
0023ed1
1fef02d
1fe34ac
1ff994a
1fe3e14
1ffd46c
0023ed1
1fef02d
1ff994a
1fe34ac
1fe3e14
1ff6dd0
1ff86ec
003c35c
001874c
001874c
1fa0e20
1ff8b10
002f748
1fd2680
00236cc
00236cc
1fd0f10
004a548
1f0470c
0017312
1fe632d
1fe632d
005db10
1ffa198
1ff06c8
001edf6
1ffaf89
1ffaf89
1fdcfc8
001b5a0
1ff70ce
1ff7f5c
0020277
000316b
1ffbc1c
001b5a0
1ff70ce
1ff7f5c
000316b
0020277
1ffbc1c
1fc0720
1fd3c60
005c208
0001b04
0001b04
00308f0
000a550
1ff2334
1feddf4
1fecb3c
1fecb3c
00410d0
1ffb164
1fef549
1ffdfe1
1ffec75
1ffec75
1fd9218
00217fc
1ffca55
1ff8d8d
1ff999d
1ff999d
000f7f0
0037580
000c6b9
1ff676d
1fef875
1ff5125
1fedc8c
0037580
000c6b9
1ff676d
1ff5125
1fef875
1fedc8c
001e250
1fef35c
1fe2654
0008788
0008788
0022be0
001cb90
0011d90
1fe26a0
000a8c8
000a8c8
00291a0
0051a00
01b4199
000ab63
1ff8f44
1ff8f44
0019e08
1fd7428
001e839
1ffd723
1ffb558
1ffb558
001ca80
0014134
1ffa987
000961d
0001ef6
001787e
1ff0974
0014134
1ffa987
000961d
001787e
0001ef6
1ff0974
1fdf130
1fed014
001933c
001a5f0
001a5f0
0007840
00488a0
1fce258
1fd6558
1fff0b0
1fff0b0
1fe29c0
1feb3c4
008daa6
0021456
0014de0
0014de0
1ffc4d0
1fea3fc
00076fe
1fee72e
1ffc520
1ffc520
0039bd8
000d050
1ffbef6
0018f06
00036fa
1ffb2e6
0017c24
000d050
1ffbef6
0018f06
1ffb2e6
00036fa
0017c24
1f90910
1fa5f40
0027658
000445c
000445c
0012c90
1fc9d10
1ffced8
1ff2d10
00078e4
00078e4
0007590
0016084
1fac12a
0005f52
1ff3fd8
1ff3fd8
1fd8770
0002024
1fe44ee
1fc2c42
001267a
001267a
0007978
002f9b4
1fd4d92
1ffb4dc
0010c72
1feb340
1ff2dbc
002f9b4
1fd4d92
1ffb4dc
1feb340
0010c72
1ff2dbc
002ae30
1ff961c
1fa7f1c
1ff1c44
1ff1c44
1fca210
1fb4790
1ff671c
0005024
00214b8
00214b8
0030310
1ff2ab0
1f8b4d9
0009989
1ff913f
1ff913f
1fc96e0
000f3f8
1ff65f7
1fe8683
0005ef3
0005ef3
003a200
0019514
0013494
1ff9b4e
1ff04ae
0001838
1ff8860
0019514
0013494
1ff9b4e
0001838
1ff04ae
1ff8860
1ffb180
000f144
001e874
1ffa87c
1ffa87c
00ae280
00087f0
1fedee0
00239c0
1fc6a80
1fc6a80
00534a0
1fdc700
00a3392
1fe4894
1ff15c7
1ff15c7
1ff492c
1fd7398
000fb46
000c2f8
00003eb
00003eb
1fff88c
001519c
00022a8
000eafa
000ef79
1feb7a1
000d704
001519c
00022a8
000eafa
1feb7a1
000ef79
000d704
1fe66c0
1fe9fa0
0017cc0
00100b0
00100b0
004c5d0
00048b0
0014d8c
1fc7384
001d1c0
001d1c0
1fa5200
0022860
00a4ee4
1fe3de8
1febf0e
1febf0e
1fdb134
0016da8
1ff233a
00059ca
1fe4bfe
1fe4bfe
1febfdc
1feb55c
1ffcc0d
0016753
0000821
00080c3
1ff59f0
1feb55c
1ffcc0d
0016753
00080c3
0000821
1ff59f0
00261e0
0006348
0005608
1ffed60
1ffed60
1f90d60
