1c0ec81
1fb8473
02d1f71
00b2efe
013b24d
02a033f
1e453c4
03458eb
00876b9
02117e8
0167e1c
038f594
01476c3
1f08405
030799f
001327e
0170d13
1cf0ead
0370458
0364d4f
1ed79fc
009d244
02190a2
025b575
012b7fe
1e7586c
00aac6a
00a3362
1ea6de6
0299a23
01eee9e
1ee0ce1
0050f4a
1ddb7dc
02ddba6
1e06216
1c84a8d
1ffaa47
1c0864e
1c8b256
00448a8
0366dbb
014f1eb
00a138f
1fd2586
0119b85
1f88929
1e0c456
02ec7ef
01c297d
0187a0a
02e8297
1c0f56a
03069e1
1c96f18
03c6b64
013816f
1dc8926
1e0d291
1e97217
1fe68e0
02bf904
000ebba
02c6a19
1e70fee
00ee6f1
00d8d11
03a0f8f
019cfd8
1da42df
03ff8d0
0356f93
03fe6af
0113a32
1ce2d60
1c782ad
1ea56b7
0063bbb
0385544
1e134bb
1e655f4
0093ece
00bd5cd
007af1e
01e065f
1d18ca0
02bbeae
02c6804
0196619
1db481d
1d2d25c
1cd039b
1cd526c
02a19f9
01658df
006bc8e
1fa9af4
1db0963
1dfff69
00b8199
0122ac9
0185b2f
001911a
1c414b3
01e39f7
1df9b2d
1f93034
1ce868b
02979c1
1d352d8
02a70df
01f84d2
026b6a1
1dc4e4e
1e279c5
1d3ff64
1da3e38
01ab2ac
03db17a
01d1b80
02a8d7e
00446bb
1ffd254
1f05e93
01b8513
1df02cf
003a95c
1cbb7d5
03673a9
1f03f55
0102db2
0190a42
1e47769
1e08957
02ef7c9
0283c51
1e7c1ee
1d2b1df
017db29
01b6cd1
1c6abc9
02a4ad3
1e21df4
1c4a6cc
1e0d991
1ea99cc
01d75cd
1c6dd3f
007b045
1fb60bd
1dfeaf0
02e52d3
1cae53d
008ba34
01b26a9
022b086
1e69b7e
1ce02bc
1fb9830
1f7b083
1cdd18e
1dc0632
02af16e
1efa67f
1ea760d
1db46d0
1d7c4ee
01daf3c
016bea7
1c9e2b1
028768a
0050b4c
1cd6181
1ccce55
039cc94
01cc4ea
1e1475a
01953b1
1f544da
1f2a09e
012e5ba
1fe1777
033690d
0262f13
1f385ce
1daed13
0302263
1e36c52
026e7fc
037a4ab
1e52ef3
1dc92f4
1d2bbba
1fdf63f
1f0f7f5
00e28f9
1d19d0e
028f153
0247fd0
023630a
00e696c
0396817
00556a2
023112a
03ffec9
1ef3555
1f31237
1dd5891
1dd2fc0
0085e5b
1e63d99
1f5d5fe
02f893a
0067a26
1d2cec4
1e438de
1d92dc7
01e197d
1f02b1a
1cf262e
1f287a3
02dd1a4
1e89fac
1d8aead
0078a37
1c8f0dc
008aa56
002bd58
026e6f9
00b2add
01ca451
02277d5
1c32af3
00e57b8
01f8b6c
1e9d709
024d528
1f2811e
1cb3c3b
029bd95
00ff77b
1ea8520
1ca65f3
1d1e883
1fb1ffb
024c67d
008c273
023d121
0166fe1
018f65f
1dd66fd
1def363
1e8b846
02500b4
00299be
02b2817
02fd1d2
02d84fd
1c5f82a
1e3e271
1cdf05c
1d0d950
1d19171
02b8b43
00fe0cb
00b677f
03ccfc9
1d7b38f
003b718
1c3f87b
03d2053
1fd61fb
1edbad7
020786e
01f54b3
02dcd4f
1ca883d
02c0bed
0345639
1eb7ce5
1f0916e
035e523
1ebf323
1e905bb
1dc3151
015b088
027b74b
1ff0e55
0016747
1c1cca7
1f0e4e7
1e94f48
0206c27
1ff076e
02b228a
1f47e61
1ef5ad1
030b7e1
1cb8b55
03ac409
1d851e0
1ffecbe
017916d
1cd5507
018b9ad
023c388
1d4fc74
1dce63f
0030347
03f26b4
00c3483
1d287b4
036084b
1ebf8d8
0023160
1f56b2e
1eadb54
1fb3da2
01d9461
016c32e
1fb6e88
1e29c3e
1dc4021
1ced8e3
1f304b6
1fb5dcc
0274774
03b95bb
0206c35
02c4712
0261402
1eefa9e
1e716a1
03c8681
1ca7a68
1f8ece5
03e2f6d
0201a6d
1ca06e7
0127bf7
037c1ed
1c7419a
1ff60d9
0350d32
0375a3f
0125743
02bac47
00cf275
0374948
00b012f
028c1bd
1e823d8
1f14852
1df6b4f
01dcd87
0138bff
1ec64de
1e8a19d
1cd924e
00648cd
1c24493
031e60f
0037768
1f7262a
035cb0c
03fa7b1
035e3d7
1fb9278
00069a1
00c0d22
033f225
0133e90
1c44645
1d7c249
1e458dc
1fd1ede
1ff0962
0341d2a
00c63dd
017732c
010d392
03f2fe2
1e3c092
1c0cbfe
1cdf034
020e844
1da2dd9
1ed9d5d
1d12e5c
1f62623
1fd7068
036aaaa
03c9e1a
1e8c737
1f30fa0
03575a9
00cb4f9
01864bc
020dbdd
1f41b65
033c045
02d37e5
021b0cd
1ee5547
1c4b066
0200363
1cd627f
1c6fc72
1f7ebb1
018b03e
002b5c3
1c296dd
1e7b7eb
0011e1d
00d9008
1dec0fa
1daef35
1c04030
0380c39
03e923d
02f3eed
03d0347
1c2e727
015ad30
1d97c1d
01dd0d8
03428b6
0128a65
026ccc7
1f521ac
027c553
03e8493
024071f
1d2f7c3
0307aa0
1c21194
0122285
03fd5f9
1ea8644
0100b4a
024a9f0
1ec2d88
1f3c07e
0120f4b
1d9a21d
014eaff
1e88d1f
026e624
00007f2
01ab4cc
00ced22
1ff2bae
028bf15
00c745e
1e2a43b
0379447
00a37c9
1fc6a0d
02b9488
03bcd55
1d048d7
0053586
1caa797
1f11f0c
0072fdb
01bc6dc
035b01d
1cbfdec
1c8f2b8
033b4e3
00fdd2c
1cdafdb
1cb0914
1dc6cd5
1f31d48
1d4c4fb
1e789fe
001afc2
0398fdb
0174d85
02465a8
0170ec9
025ce85
0103be7
00a8a05
1c123ff
023ea47
1f527fc
1f9e545
1e3d233
1c723f5
02a39e1
0387515
1f26799
039dfca
010507c
1da2245
027a6c8
02917be
1e28e14
1c0acfd
032525f
02c163f
0252aac
035742d
1dab862
1dd40ae
1ea87fe
1d32aeb
1f29586
0229040
1cea9da
022ec3c
1eb94fb
0030949
1fdc9a5
1eed932
036492b
1e34cdb
00ded4a
015c588
1e49de3
007ce41
029a572
1c5eff9
017a1e2
1fa8bff
02832bd
01ed200
1f2dbce
1d13ebb
1d1363c
1cccc99
023c716
014be36
1d4a2c8
015f97c
029c5f3
1d4bb5b
02563ae
039c5c1
1e46537
1fa0ecf
0018cd0
1ddada8
1d56917
03e737e
1e765ab
01877ad
1f92504
00e33d5
1c129e3
02efdda
01054a7
1f08c39
1e33d24
0106b8c
1fc6cf2
1fa2c32
00b3276
0276609
1ffb438
0120583
1dbdb8e
1fc9541
1eb58de
0292bc9
1e86ae1
0149c25
1f00a93
1e1afa1
0042963
1e74cd3
1f28284
1ef4f0c
1f5b8a3
1ecbac3
021bbcd
0324f5b
001a4e5
1c44a32
0316fc6
1cb5018
02c5b65
1ebeefb
1dab50e
1c11cf6
1f3007a
1fcdc04
1e7d551
1e5d32c
0293589
1d44d4d
1f4d07a
1d46c8c
03640b2
1dc8175
0104b00
01ef6f8
0336586
1df4e86
004a2dc
0360bce
0381108
0017a61
1f9c951
1cbca0a
1d8eda8
1c80b69
1f6a89f
1e61364
01087af
01f77e1
03b2bc1
1d315c2
02df1c3
1cfbaeb
01d0db8
1ff84aa
1c3cd91
1f32447
1f0a9ae
01e96a4
026f533
01d3c0a
1c9839b
1f54f5a
01c3f02
1d4a1b0
00af3e1
1ec8045
1e8bb28
1ec8f98
1d4595d
008a724
038ba09
1f282f0
0155f3e
034d85e
1d2affc
01a1855
02f7c02
1f3b268
01eca36
1e1b203
1e687f3
03abc63
1ec5828
1c22ef3
1e6465b
1f6ed60
008ff26
032b226
0335f93
02273c5
1c5d99b
005ec5d
021fe65
1e614e3
1cc806b
1f8d8e4
03ece3d
1d91078
1db9472
017f190
1f7ca6c
1da44e6
0127579
0174f67
1c13758
0373dbd
019c647
1ca8ddd
1f448ff
0150467
0259137
027c73d
0261cb5
1e2bead
0357c9f
0380903
0094494
02c2e0f
00ba527
00c977e
02428e7
00240e3
1eab21a
02a288c
1ce1407
1fff7ce
1d8812b
00555fe
1c492ef
0221071
1d4be6e
1d8062a
1d2f26a
000a347
1e374e0
1cf7234
0231431
028447d
03bda27
1ffd18a
1f93904
037d93a
1d4b249
00cc5dd
03738bb
1ccf756
008b67b
1e572e2
0314ee6
1cddf7e
1f401e1
0293fd9
0046020
0347fd9
03362da
1de8440
028a120
1c5b48c
1fbefaa
02020bc
03e5307
1f133b0
1dfc06a
01df6f1
0135694
025ef21
02262bc
013f347
1db4eed
0064e77
1fc341c
02b3f0d
02d71ec
1eac9ea
1c523b3
1e0cc94
004a67a
03c613e
1df2505
1f41eee
0355a2a
0074afe
01cb3c1
1eb3e24
1f7688b
1f48647
00e3ce8
0360cef
0198174
00b955f
1c1355e
1d583b8
0100962
1daa262
02993ba
03b34e4
027f9ad
1edc77c
03e9cb2
01cf3ba
1c0e140
1dc0b46
1c7fb42
00d9b47
038a632
1d84c10
1d97523
1db7954
02cfbb1
025a846
1fa74ca
1c43008
1e34398
1d71119
1f0d2d6
008094e
1e7baba
1d1fddf
1f5bdc3
1ed3bac
0302aea
1f9c420
024b893
1e71e65
01c66ac
1d0f260
1f990a9
001911d
0035ecb
00a552e
0305efd
01eec4a
03a825b
03d1913
1fe1c45
030dd6e
1f29c30
03a8199
0190dc0
1c09319
00f843c
0388c1e
1da6e8d
1e9252a
033e810
1e9dc39
1d630cf
0345bae
1ca0e30
1ecf8bd
1c56e0c
010bc2d
0063931
036304b
01b3772
1cf1d39
1ee5026
1fe42a0
004e5fc
1cb386b
0382138
0231302
025a213
039a1a5
1e4568e
03e7d3b
1d48557
01dff7c
03b1647
1f1b4a2
007f8da
022c471
1c2ab04
0007e39
02e6464
1de2a8d
02993be
02ca1dc
1dfde08
1e96e53
0308e2a
1da1d7b
1f3aee4
0099b1f
1d1fdc5
030779b
001c4f4
1fd18c1
1dfb68a
1de0a84
1d6a0d0
1d7bc03
1d099ee
00b8c98
01d1ee5
1e96f6b
1e97210
1cf6513
02f4a23
1d27b9a
1c597ca
1e4e50b
1d0930d
009b150
02a0bb7
016bc21
1e79e18
0373c7a
1da4846
1f58a95
02ab3b6
0183aeb
01b2be5
1cbd2e9
00aa645
02eb977
02556a8
01d8da8
1d66a26
1c91bec
1f66734
0056c65
0214eee
028516e
1ea16cf
0021041
0140eb4
1d037a8
00026ef
1ebe38d
1f154a9
02e17b8
1f1830e
00594c3
0029b70
0052c18
1fc2dff
1eeb29b
0302af0
1ebd079
1c0e9f8
1cd8409
1ee84d4
016e51d
1c3e1dd
0220b70
021180e
1da5382
1ed8c64
0339284
1c2fba0
02458b4
03e5826
013e09f
0290e41
001fb10
00d4b48
1c49911
1d0d1e2
00cfa3c
1e285fa
1d33547
02d7931
0033f78
1fe2dc0
033dc79
02cbdbc
1cb2d84
0259cb6
0243f94
02d23e7
031308a
023dc85
1e243f0
1e2a1d5
0023535
0041fd7
02eb4a3
01fcae7
02daaa8
1ccd4fd
03e3689
1d69146
1c2ad12
1c5281a
1d0c5fb
1cc9688
1c833ce
1f9cfa6
1fa0f60
1fc304d
1f078c3
1f0cee1
1c9e13a
1ff26ec
1c45c50
1d827a2
032ed77
1c17db6
012dd5e
1c7ad13
001659c
1fb67f3
1c72e48
1cee1fc
0021f21
02d118b
00df19a
01a097a
02b085c
1f320f4
1cf5fe8
01e4b45
1dfd629
0089aa3
01d7a47
1c43a3a
020bf71
03d35a2
1d94f10
0254471
03cb1f5
1df81a5
02ee721
038cd65
1ce5a35
1d73e49
1d533b4
1c1fc7d
038ea46
1defda1
1ca6b38
018e893
1d9a48b
1d7c641
1de169f
010a37c
1c84193
1f89ffd
1f3b142
1ef4983
1d05c58
00e1fed
020c395
1de0e6a
00e1fb6
1ce0ea1
1f7a265
1d65e88
1c56119
1d20aaa
03a9cd2
01de5fc
1ee4ab6
0186f97
020a5af
034e6ea
1f7f061
1c36841
003187a
1c2ecf6
1d7cda0
01c152f
1cb3f3a
1db5cef
1f42182
001c08e
001f0ab
00a20e2
1e4100c
0209869
017d136
1e6f7ce
02bc3b7
0250943
031c1cf
001c375
0059b84
1d22c26
0112f31
1ee58ae
1dd47c8
010234a
0219892
02e4f61
023ac6d
1f5553b
1c2dd66
03f7879
01e43d2
1ef695a
1c61155
1d966ec
1cd7392
00f1039
03fb785
1fffab6
0072a0c
1d2fb09
1e169f4
00a40db
1fdbf96
0312472
01e63ff
1e86ebe
1fbcfbf
1f97eb6
033ef77
03fb283
1f65b55
00cfb89
004a1e6
0389659
1f3d24c
0041092
1eb9b16
1f7cdf7
1dedfee
1ebdf35
1c8f45a
031eafc
1d8394d
1c0e574
004958e
1c22ab9
1c64007
1c5eefb
02ee266
009da06
1dd9d0b
026e589
017fa68
1c64027
1d085fa
1c62cd4
03b281e
03871b4
002cb7d
1c9d35e
03fbe62
0342c28
02b2a4d
1d17bea
1dd3660
026ab50
1cf6431
1ffc514
1c9e6d6
0163852
1f215e7
1ee373a
1e1848e
0267f0b
01c7342
020c85c
007bf26
001cf3c
022e12a
1ccc627
0276733
1ed62f2
00ac8c1
00e67eb
1d81264
005ebac
1fa7a68
1f11ff8
0164ea1
1f530e2
02de9d8
1fb7e0d
1e8048f
1dfedf3
1e856a0
036c61c
0145ee8
1de1116
1e7e7ac
00c52d9
1fe4383
0062212
1f7ea72
1c51a2d
021c4c8
1d5e78d
0123b08
01b2dab
031a36f
0112561
1fc5540
1ecda07
01b7a17
01bb3b2
0002478
1ee5d90
024e5eb
03101ee
03d7bc1
01afbbf
016fac7
1ca8853
01a4f3b
0183e1d
028dd45
1d9f63e
1fbd326
1cdad6d
1e20163
1c789fd
03e61ed
1ddd355
1db5a54
02a06c6
0142af8
02bf123
03d30f0
0058bf8
1cf7e3a
1f27a82
1ea37cc
1d215ee
1ed1225
01cd908
1f7740a
020758a
02d6358
0032a6b
1fadb43
1cc17e2
01f6ad3
0273ff4
022087a
1f16237
1e4e30e
1e66edd
1e5d81f
03ce9e3
1e6b24b
1ded90c
002c57f
029b130
01b9608
03b7c3f
1db4699
1e53e9b
1c61f4e
0175946
002d4f4
1c507a9
1eae898
0349d03
018042f
00e28f1
1f8bccc
1ea8c7b
0234596
036a142
0034d9b
1cfda19
00b8f31
01907bb
016cb5a
1e716c0
1fef521
0207154
1ffda3b
038740c
005b919
00dc460
1fd88c5
1cdc7fc
1eb7891
0133f4b
02137ef
1c5be14
1d3914e
00e05c0
012402b
1f90d87
1ca1dd1
1cf1497
1d164f0
1fcfd8f
1dbab44
1ea041d
1e5e4eb
0042b21
1cba3fd
0353f36
1cf9fc3
1fed787
1ff478a
1c57605
1f2d399
1d26b58
1e0fead
1d1a959
1e2349c
1ea92e8
1ef2060
01b78a9
1d8583c
1d35212
1e35619
1cdf418
1ce7e60
00e2c7f
1db57ba
1d7511c
024c5f4
1cca774
1f15478
00a1080
1e4278b
1d37304
02af0c2
022b771
026d785
03798d5
1e63402
1eb489d
03a0d87
00f5bab
013bac4
007b675
03a8b95
0148b70
1e11a54
02bfb0a
1e41336
01e76a0
01c65da
01f0c1f
035435b
0011189
02827d9
009b781
016329e
017b22c
1dacfeb
1e51b2a
1d4e1ec
1e95c49
1caf9d7
1e623c0
1e0a5df
1c0ffa3
02a4331
1f00c6e
1f7d62f
03af50f
1ce8d34
1ef5499
1e8107c
02bf931
0243763
0271317
03ab9b3
1df7b81
0086879
01ff35a
02da9a2
1fdfafd
1f92448
00dfc74
018ecbc
0228e52
036900b
1f06f61
0376817
00dc901
027d754
1dcfc4b
02cbf66
00a900e
1ed9eed
1d3618d
1e360c3
03a1b32
006294e
1f86a24
0239647
00e8576
0355274
1d8e953
1c7bd5a
1c0b399
0391fbe
00e109c
1c3c3b3
1d5e53e
0385c66
1e5e885
1d6e541
023317e
1e941e7
1c09903
1fd9305
1ea8e68
1ea5772
003c513
1c370a0
001a8e5
1fc3bbc
022cc43
1cd2b22
1d0b02f
036e7ed
1ea07a9
011994c
1c91122
1db58ef
034e147
003407b
1d1e710
1fe5201
0103759
1e7f5bc
012c518
01f53c9
1c39053
007ea45
02bdefe
1dcb56c
1cef344
1eeeb4a
038928f
008256c
1f15c6a
0382d6e
1cb3f94
0005814
1c64216
1c1c8ac
01dcc81
02ddd76
1c2c10c
02c604d
1d78110
0286886
008eb02
1d87458
1cadb3e
1e71772
022b176
02a0011
1ed2372
01fc409
0019535
01cdf22
1ee9b8a
0181f70
002e644
03b75d5
002ef43
015eb8f
0053efa
02dd24a
0161dde
1f76e08
0128070
03fa520
1fc22bc
1e26d03
01f5fec
1e38d76
031830a
004c0f4
1fc8821
1d78908
1e54cdf
1ec7530
0170581
0037b6c
024cda1
1de785f
1e4ed40
01a615a
1e9c94e
1da7fc2
1ecf0ae
1e99c4d
0290969
001ce8c
1f48d2b
1f8a1a8
1d6e4d2
0086aac
1ef56cf
1c11230
1e59beb
001b3d0
03c3efc
1e61837
01cd28b
03079e4
1ddf7d9
1d81ddf
003a387
00481dc
1d43e51
1d312e6
02e98c4
036adec
1e7ed11
1d543b1
1f862b2
1dffb33
028156d
032bc97
02bb256
1d6ce74
1f0835f
017c8c6
0295d06
1e734d7
0085db7
1de7866
01b9a73
005ded8
1e93af7
1d43e4c
1f49397
034b80c
1f27f89
010e022
03c7e3c
022a978
001fd29
03ec9f1
1c19512
1cd5531
002f9ef
010238e
0183404
1c150f9
1d692d4
1e6a365
02d67a9
1c6981b
1f7a980
1cfaacb
1c89984
1e24ce4
03c82d0
037bc17
03f1e3e
1c2f6bc
01aa66e
1dacf97
028bc1c
1ef7539
1d1ed45
00f56a4
1dbfe92
1e944db
01aef00
02778be
0013bf0
00505a1
00644ff
1c07e3f
01bcddc
00fdffc
038ca80
1d0721b
1f1f045
00b8a2f
0082c16
02cbd53
0034e9e
01e35c0
1cd3378
02c6f71
004e705
01eb7b0
1d9c0b8
1fdf4da
033ef92
0102dc2
1d3ea13
1e8e012
02b48a7
1f5f833
02953a6
03b87cd
1cc4405
1fc29ec
1e0be5a
1fae83f
0281016
029d813
009abfe
1e90a2e
1d4ba31
1d6a346
01d8c68
1f625a8
0259ee6
0202e1e
1cfab92
1e90d1e
03a9b88
02869ec
1e144f8
0397f23
1c4cf9e
1f91b90
02b6303
1f2ecac
1c22e1f
029b9e2
1dbe29a
0034341
1d01343
1cf666a
1e6f3cf
1ea53f0
1c62641
1fd3bf8
00798c0
1c4d97c
02fc4da
1d577bf
1e9fcaf
1f87d72
009b7be
1d9891a
1c44099
1dee5c3
0276917
01944f2
1f3d9fe
03f31f8
1eebe07
03c82dc
1f2ce4a
02b01f2
0364be5
03d5a61
0395e81
02f94a8
1e7ee9c
1c2a0e9
02630b0
03d3732
024136a
0064a56
1dda428
021737a
1ddb25d
1db687f
1cb5406
1cea9a1
1d91a85
03401e9
1da6749
1c39794
1e48318
011870e
02c0c06
1ffd460
015562f
1f76425
016a144
0226cbb
1deb5a4
0010f3f
02e1527
1cd951e
1c17c46
1cd6e72
0295bb4
01f1a19
1dc14e6
028aaf3
00cc058
1c2bd81
03ab09a
1c83a04
023b685
01ca46d
0118e62
0037e70
1cd20f0
00c43c4
004b938
01d32e7
004c3b9
02be766
1e6924f
1e1a6d2
1d083f8
1da5a91
1cf00d7
02341dc
0169057
036364f
02502a2
1d69ef3
1dcc721
1e5e100
1ef8a01
0308e77
0258262
021259a
1f2d35d
0221489
1ed7016
00935c3
01e0161
1cdca8f
01ec3e3
028a57c
0218805
03bcaef
0143094
0003f07
1c5f845
005b08e
1ff2bb6
1d14c87
1d26abb
01f7974
030b699
1f067ac
1f993c7
000b8a7
0351f3e
0263f5a
02f32ef
1c53077
03de2de
0358805
01d1271
1ed131f
03cf5fd
011ec09
1c1daf6
1f8b879
01d2d79
1c62acb
01766b7
0176aa9
1f25a58
026e346
1e0b20e
1cc1682
1dbcb95
1ed9a15
026d7d6
1fc7de9
022e501
0033e1b
003b4c7
0298500
013f5d5
03a1a7f
03285de
1cb7cc1
00da7b6
1dbf22a
1ec0245
1f9c7c5
03c4bf8
1fcae0a
006f051
1d32724
0266d68
1ecb919
00e35ac
0215ead
1d318f2
019af26
1f377e3
0187b3e
1e4731b
023a37c
1c3bc59
1f0351b
1d5f0e2
00b75ad
00884b6
1f07a36
1dc1ce9
01fc982
0269961
1c19760
1e38add
1db8f0f
1e66d25
1f17b65
029780d
001dd91
1c4d86e
0329802
1d2c619
01865b8
0034839
1d41f96
1d48bcd
0255711
010fbd5
00550e7
1f35c96
1ca3d4a
1deb8e9
1f4e777
1c6ee37
00e5779
1c32c97
01ca351
0016c9d
1d14144
1ebb3c9
001f789
00d06af
016e80d
02df77b
1c56e94
1dd08b5
1f64aa4
1de08b4
0095b8c
1c79b3b
1c427d2
1f17425
1e2fbec
0237701
1f29bc4
03ec985
1e0624f
1f78c80
1d9a909
1e8f70d
1d94bc1
1c9f614
021aeeb
00e7dcc
1e68fc8
00a8d7f
0182af6
1cee690
00066aa
01a3d12
1cd1d1c
025868d
0063a30
1fa41c2
03d8dba
004f894
1f5df98
036bd73
1c4f042
0372079
1d2f3d1
027a29e
1f49eb0
1f6aa22
0155520
1d9da89
0161c95
03c885b
1c3ffaa
1fc0361
1d657b4
03fe05e
027b41f
1ffc3bb
1c8378e
1d8b97d
01ebeaa
1ee468f
1f17c30
03e1bc4
01f4300
000842a
004af83
1e4612e
1d0e576
0153812
1ff2598
1f46821
027d010
1dc5bed
0308170
1e2710c
1fd5364
1e7145c
1cd5c30
0106881
01c75ef
1fb1ca1
1d0ab21
0289d48
1d28a37
1e856bc
1fc9583
01eb163
035c403
1e69411
1fd4d83
01c774e
1e1f390
1d734fe
02e87df
00a5a7c
01be4f0
1c45d0a
03dc8f1
031d373
0326a13
1f60463
011f019
009eec0
00a9551
1c0142f
1ef042a
0075ea0
1fad2b5
1e98a9e
02fc2b7
0336074
00c2efe
001c6e6
02410b0
03b3890
1f424b6
03d506e
039ac92
01a0983
1f5b363
1fa2daa
02c1a58
0004952
1fc1f6b
0210a18
1cfb445
1fcc80f
1e5f039
01e979f
02dabab
1dd673a
1d34c47
1fc814d
03c50f7
1f01b4b
02a2e08
1c1b45f
1e697ed
1ed5cff
02eb65f
1e8cb8c
1ce5508
01daf46
1d0dcd3
1f5e12d
1d3802c
1fce661
1e51841
01b4412
0170ba6
0391ccc
1d3bfde
1f1aa75
1d778c2
1c70d15
1c18713
029163b
00f50b0
0185dcf
0182ab3
022d04f
1e47cce
03416e7
1d05aae
1c6f8f4
02ebad8
1d5e527
03dc418
1fd41a2
1dd0d73
1cde2ac
1c8963c
02d1c4f
1d02aff
01eb677
1e5c4f6
0103dc4
1d0ffb6
1ca329b
1d507c4
1ef273b
01e2a4e
1dc1748
1d11c43
0158aa9
1fe624e
003482f
0056d7a
017c899
03f2296
1fbb440
02812dd
0089c00
02ffd00
1caefe1
1d97822
0233793
00494f9
0290e49
1d03f1d
1ed80ce
00a5b67
0040a34
1f24cdf
00e1fa1
02e8524
1dcf218
034a872
1d0fae9
031cfe2
0019e12
00eb7c6
02e0fac
1c31eaa
01c479d
0018355
01e4e26
022fb1c
1f232f2
0139b96
02b6e87
1e065b6
02edccc
1caa149
1c85814
1fe9592
0075fc9
01fe7d5
0022e93
02c69c7
1decc78
1e74895
03076ce
004a48a
1dedbde
1c31221
01ea247
039a55c
00d85cb
029f77a
1c4556a
02c5e70
1f671c2
1dd2bb5
00320de
1fa8976
1d012dc
020678a
038bdba
1c1fac4
1efa1ab
1e98314
1cad9de
036293c
1d11488
0371d1e
1dad1aa
021af4e
1d8f9d3
1f1c78a
1f42348
000d8a4
1e13b5a
01e72c1
01d8dce
1d44360
1c693e0
1fe3814
1de546c
1cc0b62
1f80f79
1d7a800
0361e5f
1cce3e5
1fc291f
1d59cee
1e2add7
1e34a07
1d54e74
1ece20b
1c926fc
01fda84
02a64b8
01312da
011287f
1eebc2c
1d0290c
003d609
1e0dbdb
013f86d
0037bc5
1fdc9b7
02b783b
1d93de1
00f543f
1d45111
1c27654
1d07933
1dcdbd1
0288222
1fc776b
010fe21
03f8544
014a518
1f49a78
03330c7
0322d18
1c8ced2
1c28289
0298f5a
1fbfbdb
1e72555
0352440
1c114d2
02f7174
1f344f8
1ead79c
1d52d52
1f4c886
02bb533
02fbc2a
03b791f
0192d41
0183e74
1d58fcb
03dce17
02ca6cb
1e91536
014bb48
032c1f5
1fa77b9
02c4073
1eab826
02cabde
1c6ab72
1ee30d4
0388779
00507f8
1f0e9c8
1ea8a19
1c7a256
1edba4c
1dcab35
1d6fe42
1d78cc4
1e5b1fc
1e691f2
00f7aaf
1f9cda2
1e8d611
034a93d
1ee4194
1da65c4
1d1c4d7
01f9f61
1f61d4b
1e19a74
1dd71e3
008d896
00dbf1d
02d68db
01d3ed3
01bfa2d
1f68edb
011b322
0004037
0344e31
000c73d
1db0407
1c57930
0342782
00d81a4
1f32b02
01934fd
02b94c5
1f7c82f
1d03378
1d6490a
1dee2ca
1cb1a90
0033ba3
01a0e8c
1c9830a
0166770
1c4803e
010bbee
013c5fb
1ceb862
1c00544
1c4bedc
1d0e07c
1f5a66a
01b2030
1df7a9b
0281c52
0391014
1c94646
03d3a9a
1f6cc52
1cc9c57
0368667
1fc5ad0
1f941f5
1f858d1
022fcc1
1c2bdaa
00bc17b
006a41e
031ef1e
1e994aa
1c591fc
1f998a3
1efb8c0
1fe93f2
1ee2c5b
1e126ac
1c68906
1cb4aba
1de6726
1de9440
1ce8cf8
026a3d5
00bceda
01b8d33
0216bb8
032657c
027bdc4
1cf9fd5
1e4dc88
0070af4
0019138
1cc13c0
1e424f1
016f3f3
037db16
1c0d756
1c2be50
1d3e269
1d558ce
01fd005
1e8818b
01b5d82
00c3da4
1d46704
1d9edf8
1d1fe75
03a4204
024dbfe
00242c3
0241abb
1febb82
039e347
0289c57
1c1b4a2
00b51ad
1db07e1
1f1b8d6
038dfd8
1d0f6a2
1ea0b26
1dc7aad
0346ce9
000defd
01fbc4c
1e4ecba
1ced333
026b143
1d7fa10
1faf4df
02063cf
00e2005
1fdbeb6
1ce1e7c
01ec852
1cc44dc
03a079b
1d74a09
028d74b
037c47d
03abb2c
01a2d90
01d3e91
005ec2a
00741aa
010f79c
1fea5aa
035df7f
0083df2
1f39ec8
1cd63b3
1e97a1f
1ccee0d
1c1b021
01cfe24
1d854e4
1d3296f
1d523df
037af87
1c5653c
1ee6d4d
0064f79
0064142
1db4690
1d2384c
1d34ab0
1edefb0
1f454cf
0323423
02af810
1d11612
1d2bfb8
03bed1f
1cb8008
1c80bd6
031fa60
1c1f657
00ee092
02993ee
03f6df6
027531f
1e9ecc5
1ef6ebc
03671f6
1e066c6
01aa77b
00ccd72
024b110
1f41569
1dfbe39
1d1c604
1f102ce
03d5186
00be758
1ce4d78
1d56714
02439eb
0218008
1f2a694
015d73b
00a44e7
1ea37c9
01fe2a2
1cedf5c
0060937
1d431b7
02b7be2
025d3d3
00429a8
1d16d72
0032dc5
026c7f9
025b609
1c4ff8c
008a68a
02ffbc9
1ff4321
1cb69cd
1dea48a
0026d38
1eef2b7
1ed7401
1fb5c83
03ccbda
1e5a2d2
1f4d741
00bdc34
01fa5e0
021e736
1dd73b9
1c7e422
02341de
1d5883f
004fc2b
1de3ca2
00bca5b
0211fae
1d069f4
02de23b
0000f46
1d7491f
1c46ae2
1edc542
1c3e45c
1ed003c
00a4c17
035e177
02641aa
036e9ad
1d269ab
1f9c140
0319141
1dff16b
1f50dfc
03b69a0
1e31d91
009f84d
1e864b8
0292959
02d529c
1ddf943
01ce5d8
1db90bf
1ed6b5d
1dbfe61
1de8588
1c5bc2b
1f2fbc8
1ed4246
02d0cc6
035cd98
1ede88e
014ca9e
1f82a20
029ac15
1f30486
0059878
1d468b5
03ecc30
1d3adce
1f0a4f8
1f7c3fd
1fe9f2c
1e9f50a
012cec6
0383e12
1febae8
03a5c56
00abf5f
00eefd9
1f5a1c6
1cff996
00ffa2a
1c66f76
1dad9d6
1f52fcd
003cd96
1c7add8
0172cac
1e3b4b7
02853ad
01a0ed6
032a548
01ddef9
1dc33a6
1e137ce
1d32476
1f6f1d0
02aafc3
0220cfd
1f40d63
1c0f6f5
01aa6c9
1f3d2a5
0297397
1f1e097
1df564d
1cb7b41
01c5175
1f769fe
03dabd8
1fecd42
1f4c554
01ace33
0077e3f
1fb9492
1ca53b2
02c60ea
1d858b4
1c4121b
0243209
001cfdb
1f656e4
1caa853
008fdc3
1c0e07b
02f3daf
1e90100
1d36cc9
0217cf2
1df9649
036d969
02cd0e0
1e68fb9
0220459
1c777c9
0140457
1c0cc97
035b743
01fb753
00c0014
019b3a4
0171e25
1fc4944
1d7b419
1cc59f2
00b425f
1f316fd
00e2f27
0135758
002f235
1de4d1b
1d34191
1e5d4c9
03e11cd
006197b
1ed9b82
1fff6c4
1db575b
1f7cd74
1d0041c
038a93a
1fa6913
00b0aa1
03845f9
1f95f5b
1fb80ae
1cca458
038eaf5
1cfbca7
02e7556
1f6dc60
1c9bc47
1c4dab4
1d2e9f0
02bf52f
1ca1eaf
026b2b7
02f4274
1e46553
1f48ce3
1db4523
1c51f16
0136149
02d899d
1c56f18
1cf02f2
1f3238e
003a322
1d03f31
02cd510
1edfdd9
033ea0a
1e79fd0
1d28de7
01249f8
02ad7eb
0259f44
1f4b0eb
1c99c66
03fb65d
00ee795
1f867be
1d42b2c
1f8eaa0
02a3756
0347ceb
1f5bd39
1f27d7d
0067e71
013fdc8
1fc0de6
1dec2ac
017bb8c
00ca250
022700c
1fd3e59
002b5f7
1c8f991
1fe105e
1fc425e
1d4c717
010f614
1eeab4a
1e512aa
02191bc
1d058e7
016577a
0284710
1e10e51
1da6c1b
02f3de2
0127303
1eddfde
01f4f93
1fd8271
0043954
036b8b4
1e6dd70
01ba0b3
1ce4d17
1effaea
1e17912
000744c
1c87de2
1c0f971
1ec851f
1cc64a4
1c9a92d
1f58171
1eab008
0105e28
03f6113
039be08
1f1d244
1e4fb35
0271a38
036d264
1dc5c53
038d907
1c8aa98
1da6ffd
1fd4e55
1cf87f4
03d7e92
1db8d15
037b392
1e201bb
1ecddc7
1e5d61e
00903af
01cf074
039e52e
025f6ca
1f7dadd
02ee6eb
0247fcc
002de1d
1da6659
02b849c
1cc2b4a
1f77364
1c798f8
02d8ba7
1c274d5
022d8a6
1c71227
1d3cfdd
0367e74
02ae09a
034d772
1cc5e97
1f2f1a0
1fc3d07
01eaf19
01c30de
1f3ca5d
03de26e
02effe0
1f145a8
1e62045
0070492
03b32e3
01f82ce
035bf33
019c29c
1e0d1eb
1c4173e
0332e7c
02e7dd2
03d1230
00c3ca2
1cf80af
1e2d907
01a42d3
0217bc4
0260ac8
00576c6
1df3ce9
1de2d36
004537a
1efc61a
00c3017
1cd01fa
02e858f
1d36b92
00789d3
00a9f75
014f75f
1ec8c5c
1c7cc1e
0048827
1c73cd9
036eb14
0258ec1
1cb42ea
1d9ef8c
037f1c1
1cb9f8a
01a2dc4
00c50cf
1e989e0
0195c76
01647c5
1c0ed23
1fd0ff6
012d6e6
006bf0b
0298259
03cee43
0036ca7
007be1e
1c45c82
0268704
01ac0e3
1eac37e
029a138
012adf4
1d3c16c
1fa9246
02eca7f
1e7d3f4
1f130bd
1e38206
1f9d6ba
1e5755b
02a312e
029d1be
1f0c071
1eff388
1e063c9
0372473
010da27
1c4cb69
1d3cfee
1c367fe
1ea904b
1d1bdf7
1c950a4
1c49f89
002150b
1d3a407
028fbfd
014c585
1f73e4c
1ea5730
1ea015d
02e8e2a
1f465be
036a24a
1d9679e
0387c2b
0096682
0367e99
1cf61e0
03752d6
004741e
1d5c510
03ad57d
03f664e
0333738
1d6a486
0136426
1d3677d
02162f4
1ecbde9
0181a2a
03bd702
01460a9
018b267
1c3d587
02d00e9
1cbc210
031b86d
02019b8
1c9cbba
03a1ef2
02b5aab
01432d7
1f1b3d9
038dd5a
1e247d5
1d07787
018a7ba
1c7811c
1f953be
1d4a230
0230063
1fc7fd2
1f7d0c7
1ce4dbd
0153a59
1fd39d1
1d6795d
1e32d1c
00a3638
0123670
00a7b3c
1f3ae2e
1ff88e7
1f69c52
1d053e8
1cfdce7
02c4a2c
1f824cf
01b00de
03b0501
032ab78
0141dc8
03b367f
023ecb7
1f8aa33
1ea1211
1d9c91c
1e3f25e
00313e7
00dc49e
1f07583
1fd8c00
0264223
00292fb
037f360
1fc91d3
0032f7b
01f426b
02093fb
00f3295
1c90951
03e0523
1ca5da4
0083845
1f25687
0349ee3
020731f
1c4de42
1e2ab98
1c0a438
003c17d
018fc4f
0244170
029d5b1
00c4bd5
001e084
1e1e7a9
1ecd2f5
02e48e0
1facabb
1dae902
1dcff1d
1e4bf81
03fe08b
0168c64
1e4a52a
003f34c
1db53f8
006968b
1e7da73
03236ba
1fe0fec
0352314
1ccfd27
1f29eae
1e4a0a9
03139f2
015a8a5
1e9d00d
007e52b
1c9f021
024d415
008d600
1d56a88
1e08b8b
037e9ff
01e9618
1da43f6
03e8a9c
03e323d
1e14a1e
01a7d54
026535d
02566fc
1d048d0
02cc5e2
031975c
1f613e3
0043c86
1f4460f
1fc97c2
0279a75
1ca1cc5
0110fb0
1f2f301
1fd047f
1e10534
035a11e
1de1c0d
1fa9008
026d5eb
1d7bf44
034eb59
1f7c0df
1e35e1e
1fd9fe2
03cf81c
1ed56f7
02a4611
006673f
00a267b
1c11287
1da19f0
1e5b616
03e91e3
03d1c60
1f330de
1f13de1
1f90487
1d023de
01a1d74
00b1ac9
1ccba00
1c452f9
03989b6
03ba724
039685c
1ec774d
1e12f3e
00f5a38
1f40408
1cfa2c8
00283b5
1f72ed9
1ef4cd5
0028927
1f360d4
1d80fb1
00ee649
1ec5f3c
038562d
034de81
1e163ef
0034dd5
00cfd89
0385666
039de8e
036ed43
1db86a7
038d4da
0004e77
0201b4b
039146d
1d6beab
01052ca
1c7586e
1ed4475
1d65906
1cff23c
026f4cf
006889e
019262e
1ecbbd8
01b1e83
008ad9a
1fc3d77
1d277c5
01cbeac
1f3b426
1f49af9
01682aa
1f8fa2c
01cc519
0387806
017f1c1
1d45091
1d79c61
1e184f8
0112724
1f912bf
016d857
1e3e98d
00570b4
036f5ac
00b2b3d
01099b4
0254235
01cfcc2
009bb10
003d72e
1d6fb14
1f888bd
03244e0
1effba5
00091b3
0259f1f
03248de
012adf4
1f09e46
1e00362
1d53fbf
1fc500b
000a7d8
00cb640
1ebd23d
035cc93
1e1bdd5
1dc591c
02f637d
03860bf
003340f
032097c
03a082f
00cba47
1f90443
1d66ece
01ecea6
02333c2
03296b5
1e4ec64
01262d8
1dee8d0
1fdb3b4
1db10f7
1d43829
1f20ad1
02a11a0
007b091
018ab1b
1c14c10
1fbbb57
0303ea5
01bb6f4
1f1f14b
1f373d5
1f93bac
004ff6c
00f9f00
1ef9a7a
1ed22a8
0054f3d
1d142e7
1d57cb2
02c187a
1ebbed3
1cf2b23
01600da
1c5dc8c
1c58e5b
1dceb03
028cd8f
01c251f
1c1c441
02705aa
1dcc625
1fb08a8
1fa57e2
1f3196e
1d34049
1e6cb2f
1caea75
1ff0042
1c55bc5
035485e
02a990f
1c5f244
007c2a5
00c983d
1d35cb1
1cfb258
1e2953b
0035cdf
006ad1f
009c446
1e90008
02748a4
0167e92
1c7b745
1f8b81e
00b366d
019bf52
03d62dd
1fcb00c
005bd43
1e878f8
00961f3
1d323b0
02f4187
009fa57
1d33580
01ec98c
03e30f0
1fb24bb
1eb594c
1e1d109
03c5d01
1c05ed9
1e84a06
1eac27a
1eb5f93
1f875cd
1ea71e7
1dcf54d
1f95840
1c214b9
01f63e0
0304476
03474c7
1f93f48
00080f5
1d70018
011ff54
009f3b8
0176140
0068d29
0017e0b
1dafc13
1ed2d75
1c7cb90
012e812
03861fa
1e16dc1
1f2f524
01bf0c8
1d27c28
00f12a2
03fe8da
1f1944e
01da417
012ac25
1ccf756
004adc6
1f6c10f
1d48927
1d88069
1c546b5
021a1ad
1e22e1f
03dc422
00a8114
01cbfc1
1e58560
0043983
1d31faa
0261d83
02b2ef6
001f5bf
1d0fd0d
1d91623
0074beb
024b07b
1f7c436
1d3c577
1c93eed
02d9a01
0121ba9
1f120f1
1d9ae3c
02df44b
015a8ea
1c3520e
03ff82b
0330974
00cda15
1eed7fb
0277917
0255d99
1eb0b32
03cef71
1e27108
1cb0fad
1dd9ba8
00e4d9a
0202cf9
02c8e05
036f1f6
01cfbc6
1d8a708
1f3599d
1fb2b48
025b8e6
0225d90
01e5f70
1cd1dfa
02d08ab
02a7687
1e6c277
1d2ca68
1c4b558
1c6a186
1f62c0f
1eb713d
1c494bb
01fbbdc
1de029d
030af76
0224ab2
1c76cf3
02fa38c
1d6da1e
014327c
003da6e
0206e0e
1cfabe4
1de2907
0379d0c
1fca0ff
03d10ad
01e2dab
00f939f
02bfd83
1ea98e7
1e89f1b
1e89c18
02f57f2
03d7731
0140bec
1e0b42c
1d49e4d
1cbcb44
0212b04
01cc3f2
1f13951
1eccbc4
1dd8d2b
1d62cbd
0003840
1cf3240
1cad11b
03fb979
010dc37
01044a2
01351f9
01efc19
0045934
1f7032c
02aec63
03c6c9e
1e4965f
1fc67dc
0245729
03197b6
1da0214
026569d
1f07cac
018cbf3
004e5f1
1e32199
02e79a1
1d8bf9f
1e4c57e
000257c
01f1b04
0174b86
00f7d1c
002cd2f
00aa18c
1cfe53b
1d54f1d
00d1908
1f1f02a
1ddbaef
013aa65
1e32f2a
0227bbd
1f10ece
1cb7bc5
03b174f
1d6b4fa
1f69664
037fa9f
025dfbf
010416e
1ec1471
03ed356
1e5489a
03dbe2c
0263aaf
1f403a3
0303ea0
1fe9c72
1c505ee
004f6af
00f063e
00f8505
1f520fb
1d327cd
1cb70c4
1d7c916
00b79e3
1d6e751
1c61491
1e24405
012872f
02adacd
1f1f014
1d250d8
010d26f
1ca29c2
1e93eca
1dfeb81
029358f
0279385
1f1b9e0
026b463
1dbdd2e
03c8dac
02807b6
1c58c78
1e445f6
015dfad
1e976aa
1f2cfec
1c77bf6
02afb5a
1dae668
0182ed4
00665a8
1f1b0bf
02059d9
03f87e5
00e73d6
027797b
1c4b256
1ffd9e7
02e630b
1f5bf53
036ad2b
01cde9a
1ce74e8
1d3294b
1e51925
1c804ec
1e0aaa6
002be7b
1ca78ea
039dbf9
005cbeb
03e21a7
1d239f9
1ed7a94
001385b
01fd1cd
0199d83
014832f
0328a59
1cb772f
0116887
0082c7a
1ca665d
00036d4
026e29c
0357bd6
1dfce29
1c6cebd
1cfcd4b
03aac8f
1f40b1f
1dd6ea0
03ece79
00a8dcc
1c44a61
1d01b70
1e51f05
1e27bf5
038678e
0101446
1ef5c7c
0309bc6
03fc92c
0071bc6
01d10a0
1fc8a41
1f0cd4b
0112d2d
1f0a3db
1c2604f
015cb2d
018831c
033d29d
01159c3
003f1b6
1f15976
01c91b0
1fea834
00b88e3
1fa853a
027c89f
0004f4d
0137fc9
1fab047
00d02fb
02bb163
1d5aefb
00bc48d
02cd48d
000e5f3
1fbf7c8
024311f
00af3e3
035e305
1d46997
027744d
02d0272
01f6611
02ec330
1fc3eab
1d44e8d
1fdf26f
036fd45
1f1815b
01fc4bf
030e532
00302f3
003ed82
0276885
0093d43
1f00281
01f05a6
029a6fc
024be11
02ccd1d
0288ce2
1f381f8
1fe885c
02a3119
1e72924
00d7c4c
1dafc93
1e160c5
014102b
1cbaa06
038cad9
1f36b07
03853c2
03ba9f2
017447e
0154cfb
0060178
1d8384a
011d5a4
01ba474
008dbfa
012c453
1e2edd2
1f1f1a9
1d2df87
1c59a13
00839f0
01569f4
1e61a58
0278544
03aebc5
020fdb1
0054cfc
02cc531
01b5622
1f9f4c8
1eadeea
1c5dc46
02355ce
1ecea7f
1e15ab5
01810b9
1e9bf1e
1f963c5
1cf41fc
036a637
03be197
1d2db06
02ab918
1d6b501
022b507
030dd5e
1d9750a
01c2569
02a3f39
009de2d
1c79355
001e48d
1da0223
1edd840
01f4ee5
1caf96f
00afabb
1cdde1f
1fa4157
03aa289
1d5d53d
03d92a0
02fc871
0322a43
00b44c4
1ca10ad
1d5f26b
011688b
022ad0e
1c0556a
1ec6afc
0067c1c
1e8ad01
1de17c6
1d03e36
025cb18
036f093
1e62f65
1ec633c
02b801d
002d07a
00bd0e5
1d55eff
1c29d9d
1ff76a8
1c422ee
1ce10ba
01c676e
020c3fb
02c8039
1ee9ea3
037c1de
018493c
1f80fd5
1f7b566
1d73d90
01b61ed
1f968ac
00efeda
1fcf95b
1d9335c
1e47dbd
00807d0
1dbdf59
0042b27
1c98835
00990ad
0181f9d
1dc6ace
1ffc9f9
030d403
1faa09e
00cd4c2
024225d
02c8e18
1c53952
1ea3057
0186e4d
1ebe00e
1e95734
02f9733
1fb834d
1cb9626
1ffc8c5
01437c9
0349511
00b4671
1cce32c
1cd3fcb
00c1eba
016d0ab
01077cf
1dc550b
1e9a4ec
01b2425
1c1ffbe
1c0d0e4
030146e
1dd5391
035138f
02b456d
03abd25
00047f3
1d10f1e
1e801d4
1cdac24
1fd5475
1f52fb5
00fced2
1e2a98a
1fbb9b5
1d9761b
1ecb114
02e0c18
1cbba11
1e8ed3c
1f125eb
02096bf
00e61df
004ee0b
1cbc877
1fce852
018cdee
1e1a450
00f4db9
1e1938c
1c33476
1d7de58
01d9928
03c636b
01fc183
02442d5
0119b92
1c5e230
027d62f
1db7cd8
02f0941
1d4bf24
0314c4c
01fb527
1dc7088
0377dc8
1e5f714
0306266
01567cb
1f87dbb
022443e
1fbb334
0286c09
1cd1122
1d4a36e
1faa036
00b27c5
01c6f94
0210d42
1f409f3
0212b25
03baed5
0229490
012ba0e
01dad82
03ac024
030edc1
0145079
028dd61
1d53eb7
1fae6ff
0269a51
005fd23
1c46d70
00b7cc6
1fbb748
1ceaded
01f1bd8
01622bf
1f34e8b
02a635c
00dfc2f
01ddc40
0279887
1cd7372
01bed03
1c020d4
0363971
1fef414
00cebe2
034d937
02f0d5f
1f5211a
039f5ec
02d510e
01847c6
03d4c14
1cc08be
022e15c
1e6d1a4
1dfd118
031e2be
1d9f513
02faf0e
03bd7e5
1dd0001
1dca1ff
0238b06
00ee1e4
01e2427
0138192
03f2774
02f12ba
1c5fe38
00105ee
1febe52
00b1cfa
00f9138
006a558
02cb08d
1e09de1
01e812c
00504b7
02b5126
022baf7
01a29a8
1d560fd
1d51cab
1d5267a
0127b92
1cbd2c6
02e504c
03320a4
1fe518c
00ffa50
1c8f0fe
1e842da
1e9670e
1f91546
02dd5da
1df7a99
011ffc1
00d13b7
03d932a
1e6f49b
00629b0
1c592ab
1cf2dd8
1f771b3
01ecc8a
026d0c9
01f52c5
00304fc
1dd2dfd
1ceda3a
02afe89
020c788
0297bd5
002c7a3
1e95954
1c3c255
1c7f5ea
01e3544
1e23896
1e91129
0003357
02e214e
036c589
1f75053
00ab15b
1cb63b5
1f3b55a
0308dc8
0185380
1e67589
1c8ba26
0381c27
0199057
1fc5ed5
1e83c22
0364a9b
1d27971
038dd2b
1f26400
1de3f0d
1ce9ec3
1f25c81
1ca5640
01e601d
1ef9eb8
011e1eb
1e7b68b
1d3b958
00d08f6
1fe188a
1d43310
1c7ea0d
1cf9ddb
02c74a3
03a9055
01740c7
0335433
1d5985b
1de3492
1cf49a8
1d77b11
02f209c
1f5a2c2
0302463
1c9f367
1c97fb8
01d9e1f
1f9c4c3
01b69ff
1c3ceb4
0298fb8
01c0f56
0398d95
0214148
1ddabb8
1eb7160
1f09a1f
03f5c17
00542d5
03b45df
1fbb16d
00def68
1d8062c
016adae
1f1d0fd
1d53f69
03e760c
028b251
1ccca86
00a4c1d
03fba10
1e08ef8
03f73b4
1e982a1
1e78c9e
001ade6
1efa0f3
01c6ccf
009a46c
1e43cb4
1d7dcd9
0374084
1cd7848
0109400
1c0c684
1d64ca4
030761d
011160c
1ce113f
1dc2b93
1f9f2f8
00c3bce
033aa41
1d52d8c
1d5f99e
1cd0581
1e5287f
1e29917
024f03f
017a5b5
1e7a4d7
03e0631
1fd09bb
0180381
0356d88
031f0ba
1c40ec6
1c7045d
1e871c3
02fdee6
1fed054
1fb4269
01de0bc
1e8efca
025a744
025e7b3
1f4e5e1
1e834ac
1d6d614
01b0fe9
1da8a8d
01b87e9
1f8370f
0329d7d
1ff627f
1f014a4
1e0eff2
00900b6
03c34b9
1c80927
02c4d55
0114e36
00df189
00487a0
1d3f57e
1ecec7f
00a2a7f
0065f0c
00eb63d
1da37eb
006214b
03cbb60
00b59f9
03fccaf
1e8dc26
02369d9
1eb3eeb
1fc24f3
1eeee28
03a58dd
1c6bba5
0055c9c
1c5e15e
1effd42
02ee3df
1c2e2bf
1ed15ff
0142acd
02aedca
0090ce7
1de26c0
01ae34a
03e6d76
1eabdec
03fad82
0143d03
1d86a69
1e0c04a
0243d5c
1ff2d98
1e3830f
037d0ef
1c0d3d1
015db89
03d3de0
009e575
1e61c28
027bccb
0162d6f
1d03d94
0089676
017fb39
037375d
00d6ff0
1c17a3c
031ce21
1e57cb9
03d7ecc
1d0c8ce
039ecec
1dc8fdf
01e6fbc
1f48849
01d6849
02a15f8
03054ec
02114b5
1f924c4
1c71f5c
026d2b9
02e9023
1e88ccd
1cc6d48
1d90e85
1d9e8ae
01eb09b
1e01a23
038e9f4
1caee68
02ef33e
00cc125
0240891
1f24bc5
1ef7569
1f51295
1eea51a
1d5727d
1edceb3
01acc7b
015cd5b
02896bf
1c753b4
01104fe
1ed6e4c
1eb3677
1c3ab48
1d60541
1c34b10
037104d
02bf61a
010b3b9
003b95d
03a3b85
030676d
01375df
03d6215
022283c
01905a8
03425e9
1f60777
000f56c
0230ad0
1cdb088
1cdc300
00e41ad
1f5b6ca
1c347d6
01fba89
1d1a25e
1f5cf4b
02d0379
1f1fd66
1ee24a7
0119445
0363367
025054c
0014c7f
1d244be
03e6074
03003f5
1f0131d
0222c98
1c1443f
1f52d32
1fead23
1f82c79
0380d12
1f98100
029c041
03d6352
015afd4
008d812
1cf4aac
1d9de17
1fb8891
1fb8f94
1c772d8
1f6f97c
1fd3df3
1c7876b
1d97efc
1f29a29
013cb69
1d459d8
1f7e138
1ce630a
1c0e30d
1dc420b
0055b15
1fec597
024eac3
0271beb
031f95a
0372396
1d611d2
01aec9a
009447e
1febb0d
1ee2388
1da7698
1cc837a
007b312
1faa9b1
1d0b770
1d4641f
033e83f
01d1afd
009f5b6
0128ef4
1ce268f
035e3c8
0242062
017821c
1e7d13b
1c10ccc
024a9cf
03c32a7
1ead0cf
025389d
00b2f17
02fbef4
0360869
1dd362f
1ccf393
1cf81d3
1efd1f6
03885cd
021cf0a
0275699
0047d8a
009a600
1d9738d
00a9660
1e6ffc1
1cc636e
0084163
1e421b9
1ccaf4b
1ec3ab1
03394cc
1f9e27f
1c35f14
0166e37
00bc037
030864b
0224217
1ca4d30
1d70773
0386257
1f41e49
03a1dc5
1e0c84b
1ef2b33
0097d0b
0324c0a
0250405
1ca4510
1cce833
1f52d1c
1db4539
0119743
01f0ab1
1f9569e
1eeb8ee
01176f8
01ed81b
00b9579
0361876
006b041
022209c
1f56925
1cea249
1cd9e98
1e69126
1d83888
1fdab70
003ca9a
012d536
015ba45
00c7a92
1db21ea
03b72c8
034702e
1f3075e
0043525
0210dbe
033fbf2
02feb02
1c68203
1d3b4a2
1fc9b12
03a484f
03f76e2
03a1607
1db0cb8
00b6a97
0330c12
024eea7
005fe94
1d28443
1d1606a
1c3a65c
03d2994
00116c3
1cb65ed
00fc1ae
004e032
1ebd1d9
006dc41
02f4567
032aab7
1ef19f6
01319f4
02b44c2
0034a46
1e0f63f
1e20b2f
1fa00bc
0104c1b
1d7f669
1d2754e
1eebcfa
01f5573
01c3460
00aead0
1d7a547
1de3795
0153826
02c85aa
00a1b5c
032db82
1dcc2cd
003c503
00ce4e9
000ca52
1c9df0a
0288a2e
1e24c97
1dc3a11
1fdc712
031f78c
1d33d3a
1c17525
1c0c4a9
1d4d5a6
1e8f58b
1c28330
03180ff
02a80fe
013ad90
019dce5
03abb8e
02d822c
008457b
009fc3d
002d2a3
1cf87d3
02d4d39
000b0ef
1c409e3
02bd770
1fa4c25
1f7c81c
00ce273
0393701
01738d5
1d57680
020c90e
029a17f
1cec1fd
038600d
1e287fe
1f9808d
02f60fa
004c8d0
004a5aa
1f40a32
019e7d6
0081b4b
1d55eea
1ca0a2c
1d077f3
007cbde
1d7eebd
1dd8ce8
01725bb
02201bd
009b851
1dc9e5c
1c20fd8
1dc8c37
1f02573
1e08215
011743e
01db6f3
1c53392
01e2b18
1ff7e01
0312fc1
00d793c
1ff6ef6
00075e7
1cc8e8e
016767f
0031b7f
1e9479b
03a33db
1f06dec
00d33ec
03fff26
0167e41
1f68ac1
0040ced
031ef7d
1ec831c
1ccb22f
1c85ba7
01c7d4b
02d781e
1e9c320
1c3c216
1e32b22
03b5618
1c270d1
1ebebe6
02564bc
1edd0d1
1edaf92
034eac6
1c46413
1d9ded2
1c5b24a
02eaddb
1ce2d03
1fa6254
1f996c0
1c8cf42
0154df3
00252b8
01be268
1f1caac
1c81358
1e45a37
1ce8681
1efad24
1c8cae9
1c808ea
00a526c
1cc5862
021ada2
1fb2005
1f70134
1ee12bc
1f0afa7
1ed4f1c
1fe0d41
1ce144a
1d61598
0039e74
0005663
03f088d
1e12326
023d164
1d1e727
1f30911
1d550e9
0161ee7
010e24d
1c993a5
1f1d2fb
0162980
01418de
1d0695d
005d154
030f5ae
1ddb27b
01544c5
00481f8
02d5a95
01bad3a
1e0a942
022ec70
038966c
0126eb9
0206e84
1e310f7
01b6a3f
1e3a97c
1d1e930
1e4bc6b
1c49131
019d1e2
02308c5
1e77ee5
036639e
0037c42
1eb3053
1d1ef0c
001e41c
1fa2a7f
1ecda1f
0343ef0
00761ee
1f0a166
1c23237
1d9e132
1f086b2
00cfa68
1fe5c81
1cda579
023ce4c
00e944a
1c00a0a
010e483
00e51eb
1dcdb1b
1cb1a24
1c742a3
1ee8480
1cb1083
03b335e
03d224e
1ff97db
0386523
1e95247
033d533
1dc35df
03679a7
1eec855
1fbd1ce
039d70e
03813fa
1f6d140
013eae5
1ec702d
1fdae46
1d76cd4
1c10186
1d2fea3
1ef22a1
01d92fc
1d6bd8c
027928b
03f49e8
01a34d2
1f77443
03f0dbf
03b86ed
1cc84f4
1ecf44e
1caa8eb
1f501ad
0063048
00b23da
03a0222
007256c
1f797e6
00dbad8
1e95f19
1fb3f2a
03ecdf3
018ae7e
02bd38e
011a0a3
1ccd3ef
007fca0
010a436
02c6d79
00bf131
0107fcc
02ab8ac
00b3eb5
009ca50
03bb656
1cfbbd0
1fbab06
1d2dd11
03d9c0a
1f72fc8
1e406de
01fb7da
01fa3b3
03f432c
1f5cf75
1dda098
023044b
03cc1a9
03ad865
1c3a6dd
036b865
1ef2b27
02671c4
1f31deb
1f47916
01cb3f9
1f9cf37
01a653d
1e695f1
1f8f1fa
1c24f5f
002a974
1cf4a7d
03381b9
01f355f
03bf1db
1eb249f
02808ef
0090aae
1d15c43
0104772
02ccf16
025df98
1ee1b7f
1f19e12
01d0393
1ea061f
1f52df8
1ed92cf
00cd9ad
1cd1435
010b228
1c975dc
0231a82
1cf33aa
1de8347
1f76773
1e98387
000d7b3
039f2aa
1f26edb
1d89072
008fe70
1f3fd83
1e4cc28
1ee91e8
003f16a
01be7cf
1c45f82
0040d08
008adf1
0169877
1c1cbff
0218fc2
00d6053
1cccf80
1e3301d
00f3f10
1efa4ac
1dce450
1e545f2
025c44a
0036c06
0084c65
1ef024f
00ae9f3
1ec4ddd
1d2564e
1ec0712
02ec6ba
1e0998e
1d2492a
02b971e
1c04bb1
02ddf16
00bb232
0082196
1e004de
01cd8f1
1f1ddd6
1cc0284
02784b5
00f4764
0124397
1ffa6fc
03c17ce
02199d6
1d4062b
1e2bbe8
1eb2c5c
1f59400
1dce080
033a4ba
01260d9
01a145c
01191be
0212101
0299b83
00f936f
1fe127a
01ef74c
02411b2
1cdf995
1c87afc
01b1b3e
03ad0e7
1e7db46
1ec1bf2
1e85509
01190bc
0191f2f
00dce26
03a5708
019a1b2
1d240b6
0143e8a
03b52f9
1fd20d2
1fd2c1b
1f73deb
0360177
1f52de0
1c5f791
03402f2
00b3e97
01914fe
02a97dc
000bcb4
1c1f1f1
005d09d
02d0979
1f3e555
1cd2cf7
1e5db52
0084e67
036e1f6
0184e86
02cc72b
02a75ca
0300a57
03f7a65
03ecc00
018ff1d
1c7a207
1c62fdd
1e1524e
02d2e01
01fea95
028d02b
1dddc66
1e49fff
0000f1b
1f048b2
1c57fea
013bf19
02c247a
1cc22ed
003035b
1c3a94e
02ee1ce
1fdb499
02df08e
0337720
006709e
1eac5ed
0337b89
1c78522
028085b
037a931
009088a
023555e
1f82aa0
1eb5e16
018de02
0324ea3
1c09602
1f3e757
1f9d8b5
1f00cf1
1d08357
0149c35
02a2e7b
0232008
1c97596
01e2bbf
1cef6ac
1fd19e7
1e5c48d
02a1907
1c701a2
1d5f1ab
1d642f0
1e2d508
008e5f2
031ea6f
03e8af4
026c5d5
03ea424
01578e6
1ce4ff9
0093829
0164db5
02e111a
0024987
017ac7e
01ddcdc
1cf2357
1dd74ae
03a3c57
02f7628
1f66fd3
1c6b301
01c312a
00df327
017b314
0304c52
001ca9b
1f4c11d
0115863
0076f38
02679ac
1cd7f94
01e305a
03a1ae1
1ed48b9
1d2840f
015b302
1ef3996
0335ebb
0384ea5
1fec81e
003266a
1eb8505
013e342
0101dc3
00f5c0a
1cf1071
01d5c22
1e6d520
1ec9ad4
1e57c59
1c0feca
002bc05
002c19a
1cd8b4c
1dd4e86
1f8f46d
0183870
1df2cfc
1e563ca
1d671ed
1fdc693
1cb15bd
1e483be
1d41a9e
00c0674
0027bba
1ff2431
0332e28
1f9970e
0116777
1d44bdc
1cd0ee3
03e8385
1c4ecbc
1dbca09
1ef594f
02b1a59
03a7aa5
1cf3560
017ecd2
1c2d185
1ce8eed
1e67dab
0216779
1e2d561
1d287c5
019aeae
013a90d
1cbbc0a
0171d0f
1f1a057
002a967
1f00e7b
1dc7f89
1efcb5d
1cf6c68
03ff138
0398276
1d95027
03e8838
032b8f9
03c6f76
1c16850
1c7b4b0
1c8de78
01421bc
00cc517
00e46b2
1ffc37d
0159fb1
01b0e77
1f4af75
1c851f4
0109306
03bf9ed
014cf2b
1e411a9
1cd2e41
026fc41
001d766
0393cb5
00ab7ab
1e0287f
1d8c7be
03a3035
008e174
1d20d50
1d63ef1
1eff0d7
0056532
03bb8f8
1fa8bc5
1c98a68
0089b85
1eb5187
0233a0a
1f7ad6a
02ca11f
1ceeb5e
1d574a5
1cb899c
016c3c7
03277b9
1e81c3d
0049b4c
022d18c
1ca4a7b
1def30c
1e55918
1ce599f
1e1fb63
0017687
1ce0c83
021b099
01212a7
03b7b91
03a49d1
02c0a54
0088359
1d9aa33
1e824b6
1e5c94f
1e20708
02b8f2b
1dafd2f
003664e
1e41d10
1d6d68d
1dce262
0330d47
004bd2d
1c6fde2
03e3598
1eabcd5
1dc5b32
1d268cf
1fa9660
01e8739
00b83b4
1e6c995
0106267
1f7d239
1c90caf
1fec37c
039e969
1ec7cb8
1e97781
1c7ec72
00e2dfd
1d21417
1f48dd8
1d58d0f
1e9662f
016215e
1d8bf60
1d72d8b
00c2608
01a4244
03e198a
1f00db2
1d3c14b
1c1d683
1e26e63
1fa32f3
00775b1
00eb223
00d09a5
03e4fd7
038b092
02b474c
0355c79
1c56b71
01c543a
0147fce
1d1a31b
1e3b1a3
1fead46
1cfe4fb
0128ee0
1f62956
1d52b34
02b4020
1f4b282
00e4e89
1c2ac0f
1c59735
0181014
1d1a3d6
00a5925
1cf3ca8
002bdfb
03cde89
00c293a
001155a
1f5a868
006eedc
001deee
013d046
1d573e4
1dba71f
00cc7e6
017ff59
1daf155
1eb2516
1ed4639
1fd9d03
1d2beb6
02b8224
1d34248
01be9e0
1dfd966
1e42191
1d26a63
032c556
1cc93cb
1c5dcef
036ddd8
1d60409
0397145
020d09c
1d43a59
1ed1982
0036282
006110e
022ea5a
1f12abd
1cbd51b
03a155b
1d8565b
03111b7
1c299cb
0368150
036cdcf
00b6d24
02c2ad7
0162f73
1f7db94
0262377
1d089df
1e32b1b
029860f
1c1939c
0379b48
02d7304
1cab92d
00dd026
1dec537
1c48293
1c2c1f3
01afbc5
026751d
03a7bc9
1d494f2
1e5466b
03ec997
1c39feb
1c165b6
037a3cf
00e99dd
0199fc8
1e2f59b
03edf3b
1f14361
1e0e262
1f65248
03beeb3
0072e17
011eac6
02f6fd3
1cb71e9
03081f8
1c09f83
02d3ca1
1d5b787
0062e54
0227e85
1e6b1e1
037c55f
1e957d3
01103b2
013c017
1edf8a3
1e622bd
0280821
01d3182
1cb28ca
00315e8
1efb570
1dd3618
003210d
1dcd8c5
028ba43
1e65751
0053524
1f23e6e
1f4ab58
1f08187
00ff8ea
016fd0d
1d66c16
035c262
1da0723
1f848d1
00f75e9
001e91d
01db069
1cbabc1
1c8ac7b
02eef91
02753b1
1f538b1
1e1896d
1ea46d1
1d4dc1b
018ed17
0278f80
01de006
1e54a8a
1e66225
1ff3306
01b2da0
00e487b
01b7d8d
0321ceb
03c5ff3
1c61116
01e0df9
0339a9d
1dbb34a
1f84357
1ff6855
1dc8215
020a825
1d54c1d
1f43e1d
0153e92
1f9feca
1dcc3ef
1ca4648
039df46
0124586
038014e
1def4bd
0396f5d
1f2a2de
1ef14e9
1d154ba
021eddf
01d5096
1df9ff7
1f7f68c
1f65226
011f6c1
00e8127
1d196b5
1f6020d
01cf288
00cfa51
02dcf1f
0305bb7
00e63a9
1e912cf
03c9a36
0190d17
0055d22
02e91fe
03b6b99
01578d0
00a478e
1d6fbc0
1cf0c78
029c9a5
03df939
033022c
02edcf2
0051827
005ab96
03f2883
02040e6
1e8ae6c
00824fa
1e23d2c
1d22031
1e88cc7
0391957
0106601
01e8005
005c978
1c3fb33
01925e6
1eb68fa
1f9c3b0
0346118
1e9d25a
0279e36
02fe4fd
022d07a
0307b5f
00df0ef
1f17f14
1c4b6ff
1e55145
1e5c6fd
1f4af96
1f2e612
0283c9c
1e9a2d5
1ee74d1
021f7c8
015df30
025c0dd
03b3172
00c9a14
1cf6f57
1deb53c
005c8d5
0154098
0273ab0
03edba3
1d462af
1d12a15
00b6f81
010b9bb
1f4d9bd
1d7b3d1
0051374
1d3df40
1c451cd
1eb1919
03541d8
01909db
0149ced
1eb83dd
1c9df4a
0284cec
1dbb43d
011dd72
1e758c0
1f39519
1e9f061
008bb09
1c0fa44
02be885
1e21d75
00bfde1
03a7611
1d45931
02dea6f
019e165
0290990
02ae0a6
003eba9
1ca4537
1fad5c7
00cd4ad
1e4c796
01defbe
1cff658
1d2100b
1efbb1c
1def284
009546e
1c8bc4e
1d5cf3b
01712f0
03909e4
01b49ba
1f3b3d0
026f497
03f6c98
1c278ac
1d44b57
1ff1dd0
0347fcb
033c7bc
00c45a8
1dcb124
1d98fd3
1f43394
0383b17
1d432b7
03ba824
0102129
024682c
02d0f6a
1f3033d
1e3307a
0125f12
01a16be
01e6a4f
1fde812
1cc60dc
038b86e
01f7e54
037d77d
1d9b618
0032736
1d3b0ec
0381c1a
1e505df
1c39293
02b1662
1c72a39
1ed49f9
1c80182
1eeb8c0
0363712
1cb6be7
0049083
027af53
0099f23
035aacb
027eead
02574fe
1d95cf5
1eb831b
1d81740
0159b5a
02b7df9
0252cc3
1d9839b
011dba0
1d5f1d8
00749c6
03e0d9c
1e212bd
1ff3d66
1eee3e1
1cfebc7
01f9829
0164c27
1e9eb22
01b9ccc
1d9e2ba
1eb368f
019b546
02128fe
1e93d2c
03ec35e
0102447
1f6d48b
021d7c0
018ada4
1edb81f
0282c86
0090f22
1d5ff6a
035319b
1e6adff
0189dd8
1f51754
1dc14f1
1da2963
02256d5
1d5172a
003d5bb
1f40057
0242510
002b69a
1eb052e
022500f
01e915b
005a985
1d69406
02e61cd
02b694a
00dcfa4
1ddc1fd
02017fc
1f1ba92
02bf74e
01946c4
000ea9b
1d3b103
0167eba
0113376
032f748
00e4a4c
1cf41b5
01d9429
1f35faf
1f25bdc
1d0346a
010cb91
1f874d5
0262704
02ce059
1f365e3
1fcd065
03ff85b
1d03b15
1ec0fa5
02c6333
0258987
02fbfd7
1dc1b70
1cd6183
01443e2
036eec1
00b02a0
00b8a8f
008f3fb
00317f9
01c9db0
1ebffb1
031b778
1e688e6
1d1150b
0057d99
1e1895c
02ac045
1e8c3e7
1d468ba
030a2fc
1c9f97d
02bb4f6
00e31c3
02a1ecf
1d44fe0
1e97258
1eb6b39
00a3f59
1ecf655
1e2b41e
1f90d43
0135733
00c70a0
032a637
03b2d22
03c10a1
1cd90ac
1c64f49
1c14717
1e3af22
1c01ff0
03ac53b
1c7ae6a
02128dc
1d09ef0
1d9bdb2
1f112fc
029b669
1f92967
01126be
00fe955
1c6068f
027a417
1f38c17
1ca5fa4
1e5b170
0024cca
03eab72
02d939f
1c23301
038b9b2
027ea0e
1d0250f
1c5efeb
007ef82
1dbeb29
00293e5
1e02686
036f48c
03b831a
0333042
00ab276
019381d
0143033
1c99f46
1ced2b9
037ba5c
1c9f66c
1ca78c9
1ef276b
1de0341
024af81
03e39c2
03a6139
1dbf103
026f85f
1d64638
1e5ee5e
00541d4
02f9960
024408f
1e13346
02809e5
02ea7e5
0269158
1efa385
02716ee
1db06d3
1e57298
1eefae7
1f7eead
1cdf3b6
1f94c40
1fc2543
01c90b3
01f0388
01d3dd9
1f6a571
021c688
1f85068
1ef684b
1dc86dc
1dde92b
01edbf9
1d6d40c
001b10e
1e27137
1e068ce
1ebb5fa
00fe4b2
1d2c7ee
1eb117e
1daff7c
03ea61d
1f3d7aa
1ea43e9
0022bd1
1e59c37
02cd6ec
1fe2daf
1fc91fe
1ef8144
0338578
01cc47a
1ed62c9
03e402b
01dfde9
1c90fe3
0217584
1f6b8b7
1d481bb
1d60f0e
015441f
03cfc87
1f378fd
1dbb2f5
038784e
1ff6d89
1d07a8f
014e8f4
1fe5823
0003393
1c3175b
1fe8a66
1c0c852
03654b5
1f4462e
00ec1cb
1e02a49
1ef9215
1e86788
1ce6add
035d93c
038861f
1e2c0b5
1d59048
03243be
1f87301
03fa8a1
1d8cd30
0122e71
0135a03
00eaa60
1dd4a2a
0245b61
1e195d6
1c06d5d
1d1cd26
0243d50
1e577e5
01f9704
1f112e8
036322f
1c5b2d2
1d6c104
0204330
036b7e0
010fca8
1cb059f
1f96a6a
006c349
00414f7
02153b2
01398f3
0302e01
016430a
1e668a7
024c6a0
1fbe955
031dbb0
1ecb2e0
00f5e21
1dfb824
03bbe7c
000bb27
1edef94
0283ad1
02a346f
1c992c4
1ee4617
1ca6289
02e42ea
1c359fa
1c11154
02fdb41
1f602b2
00e6b2f
1ea7a7a
02641c8
03dc218
1e7b714
00a883c
1d56464
039a5ed
014766d
01476bb
03a1759
1d55c29
1f235be
1e1d09b
02b0ac2
1c05efc
1f41b28
0091ac6
1cd203c
009ca7b
03c10d7
01cc493
1f6965b
0317773
00f51c0
1d2ae36
1f73965
1c4c9aa
013328e
1c6277c
1f29b5a
1d6da2e
1e0bf76
1f37da2
1d4adc4
1e3d054
1f0f448
1fddf44
1fec34c
1e0f253
1e90c37
0320eaf
1c1e6b2
018b359
1f8caf3
0199b9a
03cde0a
01f76e7
1fbdeec
021595a
00e5bc7
03e7d42
1daf163
1e9a142
1ccb6d9
016797b
1fff14d
1e09276
0180ebf
1ca2b13
1d0f54e
1cf1675
035205a
1e05b5d
031f8cc
0376180
1faa7bf
1f57f23
02af21b
1ed98fd
1ca10f3
1db7644
0243cf1
0276c7b
1ee0f3a
1fbde12
033b5c6
03562c3
02942db
1de2db5
1df766a
01eef4d
1c56f70
1ede94b
0141aa2
0032d09
1de07ec
005d152
1d210ed
016ef73
1c9219a
1eb5509
1cf7b08
0223b9d
02edca8
02a3adc
0297938
1ca029c
03d88f5
037392d
1e9f985
1c7fa58
1fa6d87
1cbe175
0148587
01bad9b
1cdd83e
019d709
1c462fe
1e8e6e7
1cad59b
1ff05ea
000f44c
0148464
00d8194
03dd144
0090ae9
1eec493
1d8ebfc
01e5256
01fd8b4
1f7ffd1
1e0dfce
1dfe95c
012b3a1
1e231f5
1fe951e
1c1d916
015922f
0212170
1ed41eb
018e05a
1c12e39
1ca0513
003d3c6
1da1c5d
03c1927
0153822
1de1cab
1c0fe60
00d81c3
037bf53
1c7ec62
1ede94b
1eb2207
0127a18
0074340
1de0408
1faafbc
02b508d
1dd3fe0
1e60b8b
1fb4340
00596cb
1db67cf
1ddfab2
000e9eb
1ead07a
1cf71ed
005fa85
018956d
0373608
1c407e3
01d5615
00028a5
022e219
019f06d
0171857
1d580ad
1fefd78
001b0ef
02dab8b
00c21d8
023687d
03f1efc
1cb1582
0068f65
0011112
03e1d52
003349d
014ce38
1cfdc71
1c92f47
017096b
00ca161
01bfaad
01e5c21
00ab1e2
1c66568
03f8c05
00048eb
1f88ae2
023fa26
0183f50
015c5e4
02729db
028a3fd
0121fcd
1f5aa6b
0303a68
0267730
1e16de9
1c14827
1c7290a
1d5bc14
1d6a623
0231a86
1ecea42
00f9180
1cacf58
1d42de1
1e0f7f4
1f19522
1cac10e
02d8376
1d50758
1e66922
0118b89
1d52f73
1e22471
01f0106
1febbec
1c2511a
02d07fa
005ba03
0255079
0393e52
00d30c2
1ee4430
0100aea
0164326
1fa4704
1d0a77f
1cbbd6b
1cda770
010c582
03203aa
026cd14
02ef095
1d7141c
000c2b5
012c535
1c9d9dc
1fbf58d
0056cf9
1f26c41
1c744dc
02d4fb8
1fada5e
1caa65e
1e8d631
1fc27cf
1c3f6be
0271f7c
1cfa44a
1de0a5b
1c016a3
1dcbfb1
1e2da94
1e21905
1dd4a7a
01c2baf
032be6c
1fa89b4
0384639
1f4c9f4
01ffd58
1dfbf5c
1daef53
1c741a7
00b5700
1eaa380
1d6bd0b
1d1b1b0
00b2c35
02cf64f
1ecc916
1fcc799
1fed6ef
1ec1698
1ef488d
1fe8aa2
1cf01e7
1e7e1fd
1fee788
018c760
1c8f681
013377e
002f792
033055a
1e1f477
1c7cacd
0137a0d
1e13a99
1eeaa08
01feb08
01a98ea
1e8d743
01ce27d
1ec40d3
008fb2a
01ca3eb
02d40b2
1d793e8
1c64570
0014969
1ec5201
00b4656
0188efa
1e7b39b
019a2fb
00ccd0f
1e6bffb
0340136
1f67842
027ed1c
1f38e3a
010d0f5
1e1ecb7
002e095
02cc8cc
03f2f5c
1dc7fed
01e2a84
00a0fce
1cb7cc2
1c4a842
1d17122
01e1136
1ff25b5
0103904
1cedd69
1dd1d67
00c5870
02192f4
1e1e019
03463fb
1edee63
1cb15dd
1ea97bb
1d46d48
0091c57
03d3dab
1dbddad
1c23dcc
1e9086d
1c007a6
03ec5b7
1f57cb9
1e130ad
00224d8
018088a
02c064f
1e6f76b
1e0c91b
025896a
1da9834
0246967
1d59b68
012a0da
1d436ae
1cfbe0e
1c8dd87
1f8c40a
1e409c5
1c821bc
1df60c8
02e0c8c
019e0d4
1c471f6
00f9d07
007c890
1db7881
01cb854
012404d
1c57fb9
03da490
03d09b3
1d029e7
1f8fa8b
1e28506
00f8711
035928e
1df9c8f
0220a01
1d29d96
1f75bba
1f2ea40
1fa5c83
00a182a
022a56c
1cf5824
036d0fa
03007c6
1da469c
02ece84
03f83fa
1f47636
1e44d8e
1fa45a4
1de621c
0369d32
1c78283
0374b08
1de77d2
00ffca3
00b6a29
1efe0d9
1f9627e
025a68c
02d9fa7
1f2b720
1edf320
0290d2b
0133b39
1f7a930
0128b8d
0264fe6
0234696
0242b09
1e46b61
02502ec
1f52c1c
1ed754a
01f6538
03885a7
0186092
01072fb
03fe838
00f8605
03af526
03363c6
1ec0354
1c283e7
019f05a
024d3b5
02b33c2
013a086
1c07d1f
00e4b4d
01e7707
030d3a6
02c4ed9
1c66ac4
030af45
00f7747
1c619b4
03ca49f
1d88dd7
1c9925d
00b5ff8
028a272
1e31ccb
1c237cd
03f8667
020a9c7
000d1eb
1c2b630
1f824f3
1f27cc0
1f9e6b3
1e399d8
029b119
1c500fa
1d2988f
01cb9b2
0118614
1ca62c8
0361947
03c046d
014c4ca
002a601
1ee89e1
1e97a0d
03c472b
1f0259d
02e15f5
1e41aed
0003752
03f7e24
01bda59
00d8d01
0257ab8
039e0ed
0130715
1edda02
035a8d0
1e90de4
1c067a4
1d0d0ea
00ea2da
1cb113e
0296d49
03c1887
03f9006
0031877
01116c6
033ca7c
001463d
1e23bc0
1fb8ff5
03a5579
0120eb7
025b6b6
009a6b7
037f44c
0027c45
1f6a77b
00ad01c
0251573
030da5e
03be3db
1ea75d3
1f8e513
030a1c1
1ebd5f9
1d9a61a
1f3c49a
1d07adc
00b06f4
00f4b55
03da368
03f9ff6
1c4c082
1c621d2
002f9cb
1cc5642
00b996f
023da17
1d414f1
1c2fddc
026a11b
1d6472d
1d5700f
1e925f8
02c7775
00a91e0
0241f65
1e84791
00627e1
026e96d
038ed70
007f32e
1f7e4bd
03c20ce
1e1f790
00fbc3b
1d636a4
1c9e50d
00b4ad4
1f9a468
1d5da11
01756e5
0094440
1edb55e
033ecc1
1f55847
1f9b5d1
1eb3258
1e53c5d
0214eef
02f808e
032ff69
031bd12
1cebf27
02e8c1d
03ffce8
1cdf2b6
1e977c0
00826df
1edada0
0063233
0376e25
1fe94a1
1d3ee2b
1d7f7de
1d02c2a
1fa4d84
03cb878
1ff7a42
1d969b2
03ec420
1f7d1b8
1efb917
1c921c4
02229a8
03edbce
02013f3
1f9f098
0286d0f
1f67df0
03f42e3
1ffd28c
1d15855
1ded037
016d450
1c9cac7
1f5472c
0010b1b
0038682
1c403d1
1ff3448
0110783
1c598b9
1fe9506
1d1abfa
014eabf
1db5ec4
03657b6
02fc880
015df65
02af4e1
004a725
034d626
01af110
1f82819
1ddb028
0303af4
0346e72
1d163be
035e36d
1f40223
03768c4
01a73a4
0356b2e
1db11c9
0020250
1c88b77
02526b8
028b011
03fba23
1e20aa1
1ccd9e4
03acc5f
021b065
1cbc9f2
1f4f8b8
1f9cd87
1f27bb7
1cb2912
00ad909
1d76d1e
1f31c85
1dcf3ea
1d4d841
0328520
1fa0fc0
007f6b0
1e7b6ac
1f318a0
1f779c9
1f095ce
1ec92bc
1d656ca
03940d4
1e57438
00774a0
1cac38a
017bb01
1f74ab0
023eb73
1cb13e6
1cf50eb
01a9ed0
1fed6a4
00edb15
006aed1
02d3935
022a84d
03f0657
1ea353e
1ef5843
0259a3c
011f412
0069f5f
1d1242e
0075d7a
006c56f
1d8fd39
00cd091
1e2e983
1c387bc
009c7a5
1d72a72
1ddf255
00610e6
01f15a1
1ff579a
1ef18b5
1cabc69
1e1569d
1e03d8a
01567db
1e576a8
00a5e70
01b88d1
00033ca
1f26152
1d0552b
024c317
03ef877
1ef4ae6
0334434
1ff71ce
020d918
02b2d49
03e0b2d
0390fb3
1e5a00e
00a2536
1e6f0f2
03200c9
0207cab
1d2e9bc
1d92eb0
010273c
1d715a0
1fa0f57
03543a2
1d2132f
013915a
0231924
1d16b22
1e6cddc
02459b5
039a8fe
1c8b3c1
1e20f83
1c14278
02e220f
0398b87
1eb60b9
0277697
0210461
1e7d644
1f25b55
033054e
1c0c3e8
1fcbf8e
00f481e
1c66dd9
000e5e0
1fedbbc
0318f98
032cf3d
003346b
037794f
0133868
1fbf477
1f137f4
0396496
02d3efc
1f83571
1d7105d
1e68e82
03570ce
012d2f1
033b522
035a3c2
03beb53
0371fa5
1ef4b0f
0147dcb
1ca2088
1e94618
1fba114
1e8b48a
1e81a08
0309c14
1d27863
0239e0f
018f207
1eb2ce9
1e84751
0051311
1d8e9f7
0120bc6
1fe5a6d
1d3d063
00edc27
1e06552
014b77e
1e60d0e
025626e
0389312
034b9d7
00c24ef
01c28fa
00c8e26
008348a
02a71c5
1ec667b
1f9163a
1d01acc
01d0f7a
1e56f36
1cab64d
1f83024
00bb950
026b112
1fb8718
1da7106
03ae31a
1e13db0
009e1c1
1e305dd
03c70e4
00c93b7
018892d
1da3131
1e4fb8d
02fc930
1f3a451
1cf6186
000efe4
1c50ef8
0070577
1e549a5
1e12d5c
008c0e2
1ec5516
1f8edf4
1fc3309
032c23d
00060b8
1f0a654
0282d7d
1ca86da
032fac1
027b2f1
1de5ef2
02535f9
01290e7
1d7a68d
1cc513f
1fde933
0062f45
1f5f772
1c53404
1c8552a
0349241
1f2a598
005618a
1e65b8e
008bed2
1fcd624
037ae47
1e4d4d9
00971b5
027448f
1d2e48e
1e47187
03c1caf
00ac912
0059e81
03cbc3a
1c2cee6
012a5e8
012925f
1c8940e
03d0a11
02d99d1
1f9f3bb
1da34c8
1d70095
00bfd06
1e905c2
02fac1d
1cd5dde
1d84328
01822ea
1f5dd41
00f53c8
1f21acf
02b8b5b
1f4a26e
1cc1b94
1ed5722
0157220
1eb5355
02884e7
1f2fb11
1ef21dc
01b7ab0
1e2fd9c
1faaa12
1e9e5f3
031045d
1d8a277
02e735d
1febded
014d1a4
1c9d69e
1cf056a
018528d
02f3290
020d7ca
1d6ecd2
1ee2669
1c95690
1c0d84d
1d3ac0a
00cf019
02639a8
1c527f0
0245a64
03fb92e
1d6a43d
01082d3
02feb7d
1d3239f
1e10782
1e13715
1e08fc1
1d0247e
1ed7f70
019d70c
1c429e5
0054915
02536c9
01b2243
0163e12
02be771
0126052
02ee942
03b771c
01c784f
0262880
0164bfd
1d2ecc0
1dc412d
02ffaed
1fb0d9d
1ebcfde
1fdbe55
1e8eec4
02022f9
1fec3e3
1e0b4ef
0268841
1e89cc2
02ec0b2
0103f9e
00c54dd
1fa682f
02b3040
1d35096
039ff9e
1feb8e3
03cd671
0052517
02912c6
1c5db75
1c10862
02768c7
01a6c27
1f27969
1c5f017
1c03012
0138d50
03dc892
03d205d
1f6ab45
1e7c6c4
028d2a9
02aa438
1dabd7e
1dbe3f1
1f55c0e
1ea11d3
1e95f03
028f808
03aa0f7
001fdaf
1f007ae
030909f
0120abd
00f7182
1d99f98
1eb699c
027ab17
1ed3776
02aadb7
01f039e
1c72909
1c771a5
1f1583a
016470b
02e6700
0228c51
01232b5
1e23d82
1ccd6f2
007bf42
1e3976a
02bd548
1c43ad7
01b38a4
1db94f2
1d6aeb1
1c836e6
02d323a
0323a96
1cd96df
02e2cf1
032f4db
1d35704
01081db
01e636c
1fa9022
1d0e28c
1fb7b1d
02dd0ad
02002fe
1ea8e54
1d6cfe3
1c40334
1eebbd0
1ebe76c
00de6a5
0118968
1d9e541
03db83c
1f19abe
02fe26f
01257a7
005ca99
01c7b72
039bcb6
01338bd
030f96d
1d4abd7
1e4be16
01fb232
1ceef01
00b9b45
008a02d
001f29b
016ea29
1f37094
1d69de6
1f7fdb7
0031731
1e2cba3
02d15b4
1c23b75
02e594b
0174c56
01f70c8
00b7286
1fc47b0
0035d32
1c213a3
004dc23
1cabfee
03bd77c
03a2edc
014457f
1c3910f
1ceedc5
1c5ef99
01ea64d
1c5a962
018a403
1d4645e
01b3532
0323266
02d2ec2
1dff130
1cccb9b
0000107
1c0d1f8
1f51519
008300d
01d060a
1e55b06
1e0d721
02ceab4
00ea31b
03870c3
1f27e0d
1db0911
1e94790
024e758
1c0bbcd
00bc721
001c148
1d38f06
01d6de6
1f34c79
1f51d16
03f8d6b
00193ed
1d406b2
1d52b92
0007d58
1d21a10
031467a
1dc14ea
001138c
0132035
001d720
1d29b23
032aa4c
01fb577
1efecfe
033ae7a
0115a89
00e091a
02ca1fa
1c69d10
1e662e6
1cbd5b9
02b385e
1e4390f
0287a82
1f19a3f
1cf634d
003a50b
1f2c680
1e35fd8
02c593f
01998f0
02cfa2d
0374eb0
1e5318a
02d1677
1fae938
0041307
0208158
02a13a0
006a56e
1fb01ef
0287d73
025f9da
1f1ef97
0095313
1e474bc
03d3b25
01500ff
02b82d1
036079b
01662d4
01734dc
0359d02
0308ecc
1e2c630
1fc3113
1db3dcc
015ff5e
038c886
02bafdd
00e2eeb
01a7900
1c54bf9
022e22d
1f2361d
1c4acc2
01762ad
1ca6358
1d6832f
1fa16e0
1d80f39
01e6c2c
1d612a7
02e1903
03354bc
01f7e8e
025acd5
1f20b0b
1c0a647
015c673
1c86e72
1d4b474
1f42d97
1f12bf8
1c66386
016a539
1f5a30f
1f5278c
0372df9
1febfd8
0184564
1da22e1
03d3f33
0144acd
02fc921
1fc7989
1cebf8b
1d666c6
0060dd6
039c431
1e5c41d
1d996d2
01d18b8
1d0f4fb
1dc20b9
1f1d222
0188bf0
00191fe
1e3597b
010e0ec
1ec6a9e
003dfe3
000fec7
0172961
023ae70
1e262e5
1d21841
1f18679
1cd31bf
1f33276
03623e3
1c2b281
004dd51
1c61992
1e429f8
1e94ac3
012314c
00cd0f9
1cad0b8
1e170bf
031bdde
00235fe
1ed87ba
1ee2ee4
03054e4
1e516c9
1e7077e
037ec3b
1f7d8e9
1d50e5a
1d320ae
1e8795b
009a790
1c6ea59
03177c4
006b9fa
1ed8a2a
01039a5
1e03fca
1fe57df
1f82125
1c8cf8f
1e01bfd
01c7c6d
0115de2
1e749ec
1f5089d
01eae74
1f8aec6
03f597b
1c3f39f
1f2c883
00a9e6a
01c9c1c
1c62ef8
00f459c
1ed4501
0118a01
1ce945b
023a5e7
0384421
1d4103e
1e3aa47
0272a41
1ec2225
01fa046
0347420
1f0fec3
1fcd17d
005d78c
1d2c7c7
1d6cd87
1ef4fa9
1cc6887
1d697ff
1f5202e
1f8708d
017e09e
1ec22a4
1e1d4a7
1fa9bab
00c6e3d
1cd6e02
1d45e5e
1e71ab5
02d19df
01f41d7
1d9320c
1c2932b
1c5a0b9
0014d99
00d913a
1d0a989
1dc5a22
1d7394e
032541c
02fcd5f
0396fb6
0266109
1d99c2d
024d97e
1db9f1a
03a134f
1d2a73e
1f94a21
1f2d2b4
1e51055
1ee6a93
01bb014
03dd644
1cecea5
1f1f7e7
1cbd3d1
1ecfc5d
1eba16f
025e4ba
004d21f
008057b
1d845ee
1ec209b
1f343c3
1ed7a8b
017f9e5
00d921a
1eec847
03e8097
007cc91
1d1aa4a
002f8bf
03637ae
01c7ba9
1e94858
020e9a6
1c065d0
1d1bf49
1cf6659
1fe0234
00e94a3
1da7dde
1d3d60d
0011cad
1c16ae4
1de2a9e
0286942
1e924e5
00a2844
1f2ba08
1d59f42
027f71a
02bd64b
1f2b74c
1f04915
1e969d5
024d838
011a9c1
028dae6
1cc5a09
0190297
1ea4507
1e66333
02d3fb6
1de7d5a
03a6b83
036094e
0213f19
1d52b47
1c3dc9b
02e186a
1c38e07
1ce0ed0
1de7f3b
1fe4133
00e2055
022456d
0201d9f
019fdfb
008c185
03c4bb5
1f69d64
00ae145
03e242c
1cfa1ae
025f941
00dc47d
01aab40
0166836
1e42673
003d996
01fc894
00c3b25
1f1d1ae
0100626
002a368
1cdeff7
1d26d3e
1c7ae2f
022192f
02701e0
1ce2f1a
02c9752
0211946
0382d34
1e35738
1e067d0
030bfe6
1cf8598
1fb1445
0314f50
00ab73a
02e19ad
0040ec5
1e5f03c
1d9e411
0175a97
1cb82cc
02c2783
1cbdfdb
0219b0b
1c5e590
03d3688
03477ee
024ae0c
03944a9
024a65d
1d552e7
011bb0e
1f1b147
1d656bd
1ceb032
0050a62
1c51ece
032c0b6
1e02529
1fcdc84
1fd7958
01a6300
1c02cef
1d6ade8
1e6e737
1d12efe
01c252c
1f51272
03b6a2a
1f75556
1efcfc1
01f2d80
1dd275c
1eeebfa
1d17c36
1cbd83d
1cdee38
1ca7db0
1c05819
01dd090
1e6039b
1f1325f
1e370e0
0372e2d
1e797b7
03f8b36
020a844
1d63363
1dd41ff
02cf25e
1efeff0
1fbd5c5
1f07519
1f017d3
014e360
1d83259
1caa7d3
1d21e17
00b88d9
018fde7
02e3671
1e1c121
03841e8
1c9fd9e
03c995e
02185b5
02c457f
1c9a36c
021b362
1e4f899
03a0ff5
014e05c
016d9e9
024bc02
0152ba4
1d05ae5
00071cf
1e0f5b1
029da44
1f05cd5
01477f2
1dea4dc
1ca4107
1f1e014
1f05dda
1c8d9ba
1d6eade
0021d2d
1f92003
1f08494
1f4bf9c
1c804c7
011e445
1e7c779
1f95079
0370ab4
1dfdba6
01025b9
019694a
1ee9355
1eb1efd
1f77cd2
1d068c9
035776d
006124a
035cf01
1f6ffb1
03c7aa2
1cf01cd
02e74a3
1d65045
03acfb6
1d49a90
1c8a2a4
1c6d661
01922b4
1cbf292
03b6f35
1d86c6b
1ff1eb4
02bf9df
0021656
00acc0d
02e3570
1e76bf9
027df71
1d0553a
01b71a9
1c24f29
1c4b933
015c146
1c31524
1d620cd
00b6121
025d14c
1eea6ff
01a1f34
02d756b
03e03dc
00c0eea
01e9aea
1f0690e
02913de
1c648df
1cf3607
1f98d03
000a9b5
1ed9962
03ffb88
01451eb
01412fb
0108745
03db4b2
03b6033
1d27f49
1da2389
1e509a6
1fa9eb2
1d665c4
1f76b33
0156ae3
0316b40
1f0c3f5
00f1bb8
1f5e78f
00ac32d
1c1cc1a
1d3c5ee
1ee5996
0189261
1e1965f
1e7b924
024befb
00c1762
1ced3d5
010fc98
1fd0c40
037df58
00ab9b0
0130b62
1c41646
029920c
1e9ec21
01d4a0f
1ef921f
027f3c0
1eaaa14
01f390e
037ce27
01963de
1d677b2
020c96c
0220a3d
033d324
01411be
016bd30
1e3511b
1c4021e
1c71f07
036010f
1ee2244
1d477d7
035a3b2
004a658
1f3b107
1f7b496
1d1eb8a
0389aaf
1fcd298
02b2c18
1eb3864
1ee9d3e
1f49447
01f4880
00ef427
1efe41f
02661e7
03a9620
033c5c7
1c0b440
025cd9f
02f16c5
0338640
1ccaa34
1cce9eb
03d721b
1ce87da
1cc5cf3
031b6f7
1d8df77
01d704d
005318a
1c59206
01ea6a0
1c3ea37
03a4f54
1fac3c7
02ed778
0180e5c
014a3d1
1c0db0a
02c5262
02f8073
0145445
027cb4f
1e1fdfe
00b78e5
023aab7
1e83648
0164ef3
1f8376f
026f6d9
1f5282d
020bc02
1c31e47
02bfbf1
1cda2f2
00cd346
02cb06d
01bcc95
03af1f6
0072565
0198ad1
1fae7a4
01dc339
032ea62
1c4076c
03f48b8
01fe760
01b8e0f
014012f
1fe5625
1d906cd
017b3c4
1db10a5
1da56fc
00335b0
020a3e8
012745a
1fa21f8
1fb030e
1e748a2
0147064
1f0c309
1e2b7f5
0214b5e
01bae49
01af235
1c90550
1f89875
1e1aa74
1d26eda
1da6e92
000a718
1e807d5
0168b3e
1f27706
036c76b
011c46e
1f135de
1ec2122
00083ba
1d06201
00c4b66
00b15d8
034c8b5
0302172
00a6e6c
03a7d4d
1dff248
1c94a3b
1e06267
030572e
0365c55
1c0298a
1fc16a6
004ac29
01c36d7
02a0dc8
1c8492e
00ce798
0107860
1c88ade
1cb17ea
0131b87
00cd872
0135dd5
03b0b98
03de62b
1d7a3eb
1e1ceca
00ef2be
03d2792
0310d06
009bcad
1d06f11
1dbd727
1e502a4
016f1b2
1db4ac3
0133bff
1c9933a
1fa0c88
1ef21db
1fbad86
028912a
1ca50b5
02e260b
03238a9
1db9889
032669a
1e8c725
1f1a35c
1fd0ccd
1f2416d
1d26b91
0064746
01f8388
1d25d1a
0050295
1d6ff34
0336d35
0151fe2
1e75653
1c0cb78
003c5ef
1faa953
02810eb
1ec408e
01dfe75
1cadd58
0040424
1fa842f
1fea023
1db93ea
02e43aa
1c3e574
0009724
0014662
1d786c0
1c754c4
01185bd
0280616
00abaf7
1f2b8c6
1f11fb5
0186551
1dfee73
036f733
1c2ad90
1d169fc
027d8b4
1d15fee
03a22b9
01cdc7e
009467b
00c77dc
1ce0fae
03239a6
0394876
1d7d44e
031735d
1cdb9f0
02bca23
0162217
1c5e110
1eab3cb
1f4572a
005cb3b
038c32f
018fb87
1f7518b
02cea31
1ec88a8
022e9fe
1c24ec1
0112a8f
027a4a0
1cf5bea
1cb9191
0151be4
1ebc3f8
1de3422
0152e6e
1e8ef71
1c79262
1d04563
030f587
031d355
1dd0549
0092df5
03caa75
1c1949c
00de2b1
1ea530b
1d7bbb0
1cc3d5b
01c7352
01cf064
1c77a2e
1e2a2ce
1efdd57
1e286d0
0276be2
029fd21
017391e
03498d5
00fcfa4
1c3b3af
0079248
1ebb03b
00be390
1cd1bfa
024dcd2
01ca4e5
008cb98
1da445f
01369aa
029cd13
01135fc
0034af9
000872b
1e41406
02fc11e
0080646
1f11f2a
02e9b7c
1fe2620
1fd0a00
1d6d572
1e7f4ad
1ff1a5e
0264773
1fbbc07
0385a39
002a835
1e535c8
1da7e0e
1c6ffb6
01e4c76
1d3973f
1ccf465
0133514
010aaf8
1d9832b
1c8e375
1e23aee
0180f50
1e90840
03fb52a
00f936e
1c4cad6
00ca010
1e8dbd9
0253c35
0183be1
01f77db
000cc26
1e2e5be
039e181
03372d9
1c7e24d
1d757ad
1fd1dc3
1cba102
1cb50f7
1fb28c5
00b9f03
036088a
035710f
02a5da1
031b079
00c4538
023a8e9
00594ce
1d6a879
02e2735
00998e6
03a876d
1cb8a5c
0322331
00bdd04
1d2712d
03b4bff
01e03e0
1c8f6bf
1eac605
1e5bfbd
1e0a97a
1ed79f0
1cafb67
1decc05
0225ff4
01e50ff
1f8ee2d
1d9ee65
1ebe51b
03b5010
0071b07
1fb3863
004f420
1d2cb68
00fc2ab
1e283ef
1d207e0
03e8a49
0334e18
0320472
1c1f140
1f5560f
1cf3db0
1ca21ed
1f31af8
026a03f
03ecbab
02a5565
0266f14
01de99d
02560bc
1fe4352
1f2c8e3
1fd8df6
1f05749
1c6598a
0267ada
0272fc2
1f25e60
1c5279c
01b70ba
1e7ab59
03ab579
1ec5204
0126594
0374353
03943d6
01ddf1f
030cd1b
032e769
01e2ad8
00c3984
02ac65f
1e44abb
0264c46
1c0a33d
1da36ff
1fca763
1db08d7
1e22b84
1fb286c
1d1b3a3
0346ac8
011ab39
003fe21
1f0e68a
00b16c2
1ddf1c6
01ae36e
1e2fdca
00ac545
00fbbca
1c512cd
1f31695
1fa32fc
1d6f29c
1f791a7
1df654e
1c23b99
1c3e640
1ca70f6
01fb324
1db349f
1ff717d
0077bd4
006733b
009d6e2
1f136e7
0296bbc
1ec4387
1ca047d
1fc4b8f
1da10c2
00d5ba1
00ad6ca
03d3eee
00c1262
011e422
0282e82
014992f
1fd6cec
1e65dba
1ecdca8
1c03af0
1eed9f8
1f8666e
1f282b6
1d55c8a
0084636
029bcf3
01c5e01
1e8c46e
1f24ae3
1d29522
1d198f9
0089c72
1e7941b
1c1cfe7
1c9b287
02eb1ec
1e71a56
01642ad
02a970e
1edba63
1e806b4
1ff8c3d
038363e
01320a0
1cb973d
0327f9b
1f9e872
1cec7fb
0335b3e
0241e44
022552e
1f4a705
1cf35c6
01d2cf0
1c8abd5
0018c80
1fd848e
1f5e37b
01f3c6f
1c17917
03a0d77
1e2d0f4
1f813bc
1fb54c2
01d3458
1de824c
1cd26c7
02bf692
009a3a0
1e6d2d7
032c56e
032e2b9
1f467de
1e556d2
1d2aeb2
02aa63a
1d4b8d1
03b31f3
02def10
024f820
1d728ab
1e426d2
1e9d768
006bdf9
1ff36cc
00cd3d6
0289382
1e49465
1ffebda
001bfc8
014cd9c
1d3ae8f
1d91613
000c195
1dd4953
1dea2c7
1e178db
023c86c
016b907
02c3fa0
0131996
01b91c1
1cf7e37
01fe2e5
0379299
02e578d
032b146
00ed7c9
0366a61
02cb8d9
01820be
02f93dc
1c9c3d2
00e787a
000d79e
0042b89
1f834cc
00b6714
1e19ab3
1c50bd6
018320f
1cf82e1
1cc8376
02cc56f
1d80b47
1fea41d
030c811
1e817f0
024090d
1df2617
1e51458
1ef421e
019d1f1
1d56030
03144be
007f3e4
1f07d1e
1f5342b
013bd9a
0270cda
1f376d1
02c303d
0389621
019ce70
02b29f1
1e77986
1c30771
1c5369c
1eb04e3
1f80c95
0046f37
1f1e983
0097e4d
02d4c06
1caf859
038690d
1cf7169
01688bf
021da32
000969f
003fe69
03de455
01c7051
0139d7b
1e65a54
1cd36f6
1e60f11
0157b5f
1d6808d
1d03bc9
0031da9
013cdf2
02f9396
1e97e43
001b8f8
00d9c54
1cf9495
03ede57
1d862e1
1d1f9d0
1fe4daf
1efc59c
02da1a0
1cb315f
0004bc1
01d1cc2
1f756c4
1c20b0e
1d7a199
0045538
1c17493
1d38a20
1f4f61a
012efde
1ceee88
03fe7d9
0261f9e
1de1eb7
03b04df
1f84373
1e5cae8
1df6a7d
1f8bad1
1e96e5a
02c59d0
034080d
1c3980f
01c7e9f
0178edc
009b2b1
03d195e
1ece434
1d32296
1eee722
1ddd52a
00937d2
1f93f83
01618c9
1c336a8
1d3431c
0352f9c
1e4f997
1e3b5b2
1f001cd
03d63d7
031166f
00862b3
036cffe
02e3e5e
1d40138
1d14c4f
03d3543
1d4d296
02eb1ba
1eabd28
039c217
0070e48
1fb8a8a
03a897e
1fee14b
1dc5470
1ff3513
0184671
02330d1
0219679
1f84746
1c8810e
1ebe03d
1ef55ea
1fb2d68
1f38c08
1f866ef
00e512f
1c9aad0
02ef587
1d95c9b
02a8bee
016d61a
015b73b
1d4584f
1e41084
1da231a
1f27102
0203fae
1c01cb5
1ca1c55
025cd8d
010e282
1cee55b
1f49f3f
1d6c410
023220a
1ec82c6
1c3a6a6
023f255
1dcfe32
1e2464a
1c10950
1d7d847
1c5984f
036a716
1f1623f
1f4f468
1f6ae90
1cdf454
008848b
0107b1e
00c50e3
1ce9d07
1ca5a27
0113443
02f111d
1fd6d61
1d16d38
1cd3b30
03a1e1b
1d08780
02a1877
1e203f5
03cb8e5
1f5197b
01d490f
0231a8e
1fe9b71
0032a39
1c95f4f
03ff343
01617de
0127c14
03728c2
1e04e49
1d488bb
03cfb5f
1fe442c
1e04337
1f790e4
03be692
1e79937
00e32ee
0125088
0163147
02da043
0181c88
03d7ad5
1df360e
1d6e512
1c7cb97
0170dcb
037aeaa
1ce65ee
038a57a
02432a1
1ccfcd6
03c3e82
01e9f70
02c49b7
0189124
1e44e98
01928e2
0321306
1f96919
1d2232b
03034f2
1eda60f
1fd8b04
0022134
1d7ac71
1d078d4
029cd57
1ced915
1ea17ac
01be5c2
02c7d85
03177cb
1c18432
03e6ac6
010a6e5
032ee9f
02c0676
020556c
1ebcc88
01b5f87
017224e
1f6d777
1d9bfd1
1d538a2
1ceb553
027550f
0233328
03959f7
01fef5a
1e9c2e0
02493f2
1d35477
1e57860
038bc72
1e13275
01c63bf
1e3efff
1c9c2e6
003a56c
001c8c6
00f711a
1cf9db0
1c76c64
018ba03
1d4250b
1e2c552
1ef6622
1ff1499
0232475
1f33dfa
0327444
1cce2b4
02ebfaa
01db3da
024ee98
02e2751
1f4d208
0002413
02bebc2
01d0643
038fc06
0172736
1d28b7f
01e1d94
03523ed
1e3005f
1c9cca3
0073fee
1e5bde0
1e1dcdc
1ca60ce
1e87103
1f43dd6
1e3558c
1fd5457
1c9c1b8
1df2649
1ec6b59
02504e2
1e978e0
1daee0a
1cdd4b8
0278991
02489f2
1f34231
00c8596
1f72622
01afee4
1e0afe1
1dad5a5
1c860e2
1ca4256
1d0c431
1edf23f
01fcd1c
1c41233
1caeda0
016409a
1d3685a
0287c04
032a9d0
1c1632a
0172121
02e7cc3
1dddc65
0188152
003dbbc
00e4579
030936a
005438a
013a2e9
020cf9c
1fb29b0
03ef657
027f041
001756f
010434a
1c1c7dd
02cf95f
0094398
0260aa1
1f84852
1dbdaf7
008965b
1c739f9
1cac790
0099d71
1cca9f0
1ee704f
1dd828b
00399ac
001d19b
01aaefa
1cc7508
018bca3
01a7b68
1d3892b
00ba5b9
1f8283e
1ebe5dd
0057e7d
00baa23
1ec80d9
020bb75
1cc31bb
1c374c4
020a419
01e1722
1fd2df9
1f7c155
1c774f5
1dbb0cb
0066158
1f10e02
1ca7db2
034ad1b
1c468f0
0304c34
1dcd632
02cc8a1
1f1a202
1e99bf0
02e9c0b
1ee591f
0068924
03829d3
02e1873
00d3f24
1dd3e05
1d28238
1dd84e1
01e24c0
00e162c
1d16b60
000e17f
00b73f9
02b06dd
021155d
1da174a
1dbddb1
1f39b6b
1e325e0
02f8eee
02032e3
00f3b5e
0095c93
1de85b5
0184f89
0244fe8
00cda65
00e249c
1e9361b
023b943
1e02fd3
01c11d6
031d4d3
1f6d880
03ae7b7
0330a6b
1e1ffcc
1ef6d7a
1d1b04e
01a93ac
01f9d82
034e820
0301bcf
024ed9f
1f4d938
1c199cc
02b7ddb
1fb5766
1e47ae3
1e89fae
0220754
039dd11
1d26092
1c3bf86
013ac98
1f6c8d1
03d1011
0086cf9
023a799
1e9ab91
1feb7f8
038704b
024f311
01b5715
0163f80
1d20067
1c7d90d
1d08e0c
036c71b
00ca98f
1e0c7c4
01b784d
1c5fb18
029c4e9
00726d0
006840e
00da8f2
1c4abb6
00c222b
1f58220
0171535
0068f61
1dd14bf
1d2abf6
1e10054
1cd98a2
02252f4
1e96364
1df19e1
00de0f2
01780d0
1ce394c
1d9e43a
1f1f740
1ecf758
1dab8f6
03de765
1fca54c
1d69fc0
028d6c8
01586d3
0257ecd
1d0c2f4
1f54ab3
1f54a0f
1c9d314
1eb1b60
00afe02
00d2144
1e863d5
1eeab87
1dd6d7c
03c2e5e
1f087ba
1ffefb4
0254ed7
00f35ce
1d67a11
1ce0350
01f3eb8
0019b54
1f8f8f8
0045dca
035efe6
1f719e3
1c4f59b
1d6fbbc
0337cff
1d41ae9
02e604d
1dc79f7
1cd290e
002338c
1dfcd5e
039350a
03557ad
1d5e4f6
03aa5db
02394b0
1f7cb47
1c5ad0b
1f87b22
007e511
1c245f7
019e151
01afc4f
1e84abc
1eb16bb
1d113ae
030b9a9
01d1178
01e8a6f
0177fae
1f70a0c
0193150
0373d65
1c2e6df
1db3506
01b4a3b
1e2717a
00ec4b1
0256a85
00629d9
1e21d75
1e179ea
027fbd6
0290c66
01cf108
1f3c385
1cd34ba
1e54c77
0240cb9
02c377f
1f18acf
1c534ac
01ae4d0
1e088aa
1f903cd
038ec92
02d4c7a
01d85a9
02abdb8
1cebd09
013c4e2
01bbfcc
03fc1b7
1f68f1c
01c99c1
1c04e31
012cfa4
01dffcd
00df8a4
00a402d
1ed5a1e
01e8c41
1ed5c46
00c73aa
1fde9b1
1c7b2ea
1f991f4
0370403
002bf2f
0285802
1f14410
1e572f9
1c2f757
01435dd
1dc13d6
1e9aa5f
1c2d7b1
0336017
0028f8e
1dc8ddb
1e2ed10
1ebc7c7
01d7190
1cb7462
1c6d92b
00e386b
0039164
03929ec
03c53d7
1cc4354
004cd50
026809a
1df5989
1ed2a3c
03a69eb
1cf3b1b
00cc8cd
00b12bb
0182db5
013e6f8
004bb71
1f3ca5b
1dacbf2
012f9e6
004c85e
017169f
016dfbf
03dec4b
1fdf249
1cc4a6f
02898c4
010a9a5
1c97407
1e8ee25
00422eb
039d97b
1ebc2b1
0135595
1f203b0
1db744f
017f590
030374a
1ef76f0
034a198
1d63626
1e505bf
01902f3
1d0066f
1e519d3
1ecef69
024bc13
1f8b867
0118429
1dd02b9
0081433
1ff8ae1
02c6636
1d09c84
1c700fa
1e2fe19
034aa6c
1defe2a
002dc26
0184de7
026c1ab
01b896c
1def2e4
1eb6596
1c34e1b
1d8f194
1c352cd
01f27d0
00683cc
1f0dc33
00a4cba
005f7b8
1f65596
1c8239e
1f2bb2d
1ff1ff1
1c5d317
1dda45d
0019e12
024198f
008a20d
1d4797e
012e74f
1e30c66
1e7dfd6
1f73f03
019cbf4
1c0fe5a
019f6f0
1e12a0b
1fd3feb
015d795
00f9cc9
0002cc0
1c04b49
0128610
0149e6a
003039d
1dc2a59
0206479
1eb5cc8
1e371de
1c22ab1
1d28677
0164fbe
00b58ae
1e65c82
1fc3e7b
02ad04b
1eed664
1e6ad37
1e47b04
1c67c17
1c29987
01dd518
0318e25
1cdb6c9
02ad565
1cefb23
0219363
1dc9d0e
1ea5f18
1c6bba6
03f75d4
00f9a18
02e7b98
03e2e02
1f26308
0150517
01edbd3
01cdd4d
1d58fef
1f5cc28
1d9fc74
1d7db72
031d9b7
1ed8d5f
0190310
1dae848
0249bb6
02fb590
1d1eb4b
1cd7d88
1c8a3f8
1ea970a
035eadd
1cc533d
01fbe94
00c8f39
1c5c8b2
1feafef
032cb42
1d989e6
1c00c49
1de86c0
03d0481
019b17e
1f178a7
1e90f17
1ecdd40
1e09e2b
1d79aab
1e53d0c
1ff6679
1dc7b1a
1cfb3d8
1e2e08c
016dd4f
1c41c27
011537a
1f0b777
1eefd04
00bcce3
1c7071a
033fc4d
022db78
1c02ab6
1e7c157
018844e
0235e49
1fc9e86
1c8fd2e
1e7755d
1e71351
1c6e2ab
1eeae0f
1e503ce
1f95918
032cda8
1d6e03f
013b718
02d6182
0002679
1fb92a6
013fab9
1d567b4
1e8a139
03de90b
1cb804c
01cab39
1c5ab66
1f58628
0270943
03c7148
1cb3022
1f33a9c
1c3b8cf
1c77bb1
0069b3f
1c2ae9a
023f5d9
1d0ec0b
0352f0a
020901d
1c251d1
1f253fd
01260e1
020ddff
02505b3
1d74043
0109658
1ddcad0
1cc5e33
1ee05a5
1c772f9
015591f
02f5f10
1ed87b3
1f70fd3
1f720c2
1fd773b
1c4a042
01feca5
0023612
01844b2
0333e41
1f2306d
017fcc0
1f48b74
03abf53
021db25
01e1306
03bf155
037df9a
1e39f74
011898c
00a8b52
0104cc1
00b7270
1f95ed2
1d22112
006474d
1cb67cd
1dc32ff
1df7a5d
0178cc9
0139da7
1e2669a
1f57460
00cf64e
1d3cf06
0307528
008d223
1e01dc0
00aff60
026f149
01f39d1
1cf24a8
001b88d
1c17764
1f95bb8
0040b74
00813c5
1d4cffa
1d8b40f
1f329d5
0025a88
1e0762e
0163956
1fd3c90
1ca8f19
1fbb72b
1e0b40b
0294e4f
1f284a1
1d786d8
1d4c287
002165c
1c4ff76
01e8c79
1de1dc9
00c3667
023f5b8
031c764
03e2dd3
1fff87a
1c884f2
1c590d0
00ab7ae
1c760d8
1ca1b0f
00b572f
02c831f
1fdae55
1fba05c
00c811c
1fcdd11
1c636b6
00f374a
013bbf6
01599e4
0356f66
0128260
0223315
1ecf4d5
01d9e8c
1fc2447
1ea5f6b
1f0af38
1eec0bf
0386cf7
02ef0ef
031b9d4
1c73861
02bcb5a
1ea0799
0182212
01a1353
00e7257
1f8c5d8
01c0ed4
1e199ae
01e100a
1c064bb
1c3b997
03fae94
1e2a354
1d3540f
1ea2fce
1c973b5
03d1896
03b4e0e
1fd6b50
02593c5
0327126
0220292
03a9d29
02a4f62
1df2e37
1d437d4
1f012d2
1c54ad8
1ef6a6c
1d08217
1eca5a4
1d85412
1c628b8
1d14282
1e5f865
1d74136
1cc1a9f
01af453
1c75aef
1c51040
00595d0
024b636
1ed4fb9
0286f4d
1c7345e
1fe580c
1c2bd13
00b15a9
03dc770
01f3cee
01f04c1
1f8e8a2
03be168
03a395d
02754a1
1c4db6f
027afe5
1db1c70
03ddb1a
03defa8
00f63b9
1db42a2
0020194
018b7b9
0128d41
038c3e2
1ff4283
03dd6f9
1f5c273
021cb3f
1e82c46
0328747
1c8bd2b
029e189
1c5d9dd
1f5dd94
038f9a8
00f3c31
03f09db
003dda1
1ed54b8
1c18b60
1fcf98d
0377b97
1d7da0f
02833ca
1eeb998
027ea1b
0173256
1ca8b66
1f13d01
02f6329
1d2ea25
1cf5c11
1d56260
016d52f
1f5982e
025e432
1ea70f9
1c24cb0
02c091b
1c12694
1d757bf
03341ad
03ece43
1d9bf4c
000a131
03d4857
010147f
02075d9
03793f5
1e4a843
0191e08
1c06118
03b2336
1d8b5ce
035d9ec
1fb0fbd
1e9d7d9
02c03df
1c87f00
009eb3c
0180503
01a262d
1cbea2c
02a8c00
1fc9e92
1c128b7
1e88510
03f0269
1dd881a
03054c0
1d8ec66
00f3dc9
1d8b93e
1c54d90
1c8ee76
1f60b77
1ceeb99
00b8faf
1d66ae0
039a783
1cf237c
018f641
0247f0c
039e64d
1e6051d
1e544dd
02b0aa4
1ff75b2
1cdc4dc
1e5999c
1c58ad2
1d47ce7
010c704
021e6ae
0279f31
1e686c5
1f333f0
00169c1
01fd660
03b129c
1caec96
0393efd
0088d3a
1edd2e3
1da6649
0238953
0110a3b
020c379
1fbace6
1daea52
006410e
1f08604
1e04a8a
1e9f5ab
1ece50d
031fddd
1ee0416
0260070
1d06320
0266aa3
006a7ad
1fafc56
1e0223c
1dd5d0b
019e152
1f940f8
1dfd036
00feae9
0240ec7
1ede383
01afede
02ca728
1cd8aae
01e91fc
03205c9
1d7c0ee
0375e36
1ec9c51
03b796f
1e1deaa
1f6e4f6
1d938a0
038bc37
0159c55
1fae83a
1d860a0
1fc6d45
1d0e0b2
00538c0
02f1959
009f5c8
03a5229
1d32681
02ee44a
1c479ff
01580aa
0248482
02d9168
1f9889b
1c6f589
011cf0c
1cf38ec
1ff734b
1c5fc52
1df623d
018a59a
1f6b3fc
1ce57c6
1d29054
1cb2fcc
01ad19e
008d024
01be324
1e5d124
1e7abc1
1f644c6
004772c
0151639
1cdfc7e
0271d44
1e6251f
1f75ef3
1f5a8e0
014c56d
1c2b7c4
03d169b
00c0e0e
02459d8
02bbc06
0207d0d
1dba0f8
1dde020
017f307
1e223f7
014ab69
1c8807e
1fda0f3
1dd13e6
003ac69
03c90ba
1eccf77
0295d77
01a148f
02b902f
006851d
1e78885
01c0d79
031b36c
0143c1a
1cdfd4d
1d4ad7b
1d49d74
004876c
02c7b3e
1e55e3b
1c2b560
0077418
02a3263
0039916
002392c
00a06d3
1e612e3
00373ba
017df37
01c83f1
1db2d67
014b9ec
01a563a
1c10255
028179e
0330595
00b6ab1
1f1427d
1ff01f4
038f3d6
1cf8f1c
1e74152
009db4e
03af211
1c34106
1e0a651
03b74e5
0342184
00f6937
1faf61e
1d42ba8
1efe549
1c4c199
00ef775
01b621a
027807d
1e8e458
0076d05
0173966
1fc6570
02ea735
03841a5
1f611b2
026f12e
00404c1
002ffa9
01a2fd6
02f262f
1deb062
0318d4d
1e3c49a
011fabe
03b3619
0149316
1ff792e
017c386
0093e24
1fa9412
03d5a7f
1f0924f
1ee00be
02fe783
0004eef
1e5b9da
1c6a58b
0028d2d
1cce7f6
01d0d55
0398e08
00a45a2
1f22279
025e991
1ec09de
1ecea67
1c6e4b9
1d72266
1fcbaf6
02397be
1c905c9
1e14e98
1de5058
0102570
1d5bb0c
011206a
1e02c18
1cda4bc
03d6ec6
1d3918e
1c4441d
007173f
015c8c7
03ca60d
02dcda9
00f97f9
01ea116
1f0b3c1
0377ce9
037d516
02ea73e
1e7f649
007540f
02ad804
026a605
0227c07
0083b36
1f933ef
1fcf401
029ab58
1df8b9a
00741fd
03a710a
1f9a60d
1ef27ed
1e1953b
1c96127
1e43b20
1cdae81
1e99d33
029a833
0379bf3
01f3b39
1ff4302
1de78f0
1dbdbbc
03f30f5
1f1254d
00fd920
03149e3
010f285
03d4b8c
0336b20
0206ae5
1f0ce8f
1d9d198
1ebedec
1c8bf94
031cfe6
1fd9fe5
1f912ca
0387a82
1cee514
1fcf003
02e83d7
1ed8b11
03dcf01
1d33caa
02dc4bb
1c770f2
1ef2f9e
0032491
1fc1196
1f5f96d
1fb04a1
02e2fe1
1c97c69
1df37be
031f19a
008a5e1
035b16d
022d544
031639a
1d64d10
0345db2
1cc4a7a
0179e55
1db7343
03929d0
0271886
1d02069
1c026d2
1c7ce91
1c5dfe9
1eed113
1c93872
1e1a8fc
1c2691e
1f6d00d
03cad25
0023285
0148e45
00ca8b4
1eacd58
030ac15
03fe7e7
035d884
000cf0f
1fb36e1
035c45b
1d6560a
02fab83
1d31a93
03b6a0d
015b957
1f92807
1ce0f36
014faf9
1f0d869
1fe22cb
1fb1008
1e53eae
1dbc2e6
0325328
1cddaf9
1e8a2fb
01121cc
00fb0b0
0007ae0
004b05f
021a2ee
1c927d1
1d015fe
1f1de54
01c2e9d
1fc4697
037b919
1de7896
00e4269
02b419e
03e13f8
02d9bc8
1d72124
0276ae9
1f0b038
00f03e0
1c35e70
01f3509
1fd6ea4
1c2af21
0127e63
035965c
039ac3f
032d034
029da9b
02ad55e
1ece7aa
00320d9
1ce7914
1e3aa58
038a57d
1c3019f
1c3d890
0152c2b
1d7e753
00522e0
1d1506d
1f4d838
032aa21
018dd25
1cd4604
01cc9fe
1d67485
1d6227d
1e36e0b
003641a
1edc86b
031b7e0
037b84f
030ac2f
00b4939
0385c9c
1e2dfc2
01f719d
03a3864
029e3b0
00f3fbb
1d80e3f
032bb6d
1d26c36
010dd86
0132a11
03e8600
03f8c21
1d322bf
1f3ebbb
1fc4b15
1fb487e
0059fb4
1dd4c5b
1cc2e10
1f614e3
00d4e26
1db8320
026393b
1e61175
032f948
002e13d
00c3c60
1fede1b
1e4db3b
1fa40ed
0381413
0173a3d
01e9148
1d85828
01e432e
026b720
0298f47
1da5e16
0357690
025575f
1f04c18
1fd4328
031d03b
035adaf
001c6a7
1f096ad
03950e8
1f705b5
03ffbc3
01043e2
1dbe1ea
1e434de
1e45c08
1fbbb14
1d051be
1f8f5ee
0017878
1ed5c93
01c907d
1fe8c6c
0183eab
1db39db
01ca26c
02da591
022fb91
0267b41
1f9aebe
0102add
1d4063d
1c0fce7
1cc16e9
039c67b
0087bf2
01fb74d
1ddcc4f
005e27a
003cc6a
012b2dd
015e162
01f8a18
1c11580
1c49f77
1ea3297
1e20739
1fb57d3
00dc183
02d851c
1f3f022
03fb129
1ea543f
02fa0b3
01e4986
00f5eb3
1d9bb8f
1cb0203
1ecfdc7
031f634
1ce9eda
009c708
1dc9798
1ffd293
02005a5
1dc6ad5
007cfaa
0162f10
1cb0501
00abf0a
007e4a3
02106c6
1ea27a3
1ee12e9
01bf660
1e9f672
1e97a56
1fc44d6
1ccaaa6
1e65cdf
1ed6098
0076cf4
1c53d94
1ea3a3f
1c4ef83
03beb10
0200875
0283b6e
0253809
1d7b7c0
0084213
1c14bb5
00554c5
018f6e0
038d36f
1f1b259
1fa8d7d
00a852a
1ebdefb
00730e1
00d406c
0070122
1c3ba49
1e4d645
1e0c41b
00b1d2b
0118c66
019466e
0363e2a
034bf41
037eb21
0277790
0302b7b
019a464
03efd78
029ef0a
0193863
01a04ff
1cffbcf
01d0b80
02c3741
1f7109a
1e2c92a
1fca928
000b6b9
00a135c
01d00c3
01f19a8
03ea031
01a1b41
0336e5c
1c9e39e
0247446
01b4ac2
0196526
1f359af
1f38a1d
1c5388e
1d04559
1df503b
1f183df
1d2a56c
0359fae
1d20507
1eaeef3
011293d
0093184
1c2779d
00cd1e5
03e6625
1cf17c1
1e5312d
03f1243
0350ce0
03a20a2
1f54793
0363dab
1e730a4
1e2364f
1de2682
00b8b86
0048e0f
1e0197c
1c0ab49
1c8e687
015c2a4
0220f1f
1ccf883
1d853be
0172a8b
02612de
0242c6d
1d4f33e
02c1aa4
1f80a9a
1c830d0
002d40f
03d3358
02827af
038d3d0
016ac02
03fc06e
0029b1e
1d17202
1e10460
1c88b54
0076427
01e72f0
1e9d00f
025ada0
0111240
0285076
033359d
1f13f55
1c26ae8
01b83fc
0356246
020a855
1c866fe
0151f86
00effaf
0033e97
1eeacf8
1d7aaba
1f3d69d
00d6fee
010209e
01c506c
1e0c6b3
0132e88
0151578
1f61e68
02d4e71
0078c00
01c6537
023208b
01867d9
1daecbc
00e9e81
1c7acf6
0322c5b
02cdf65
1c95de0
010317b
01a903f
03394b6
1ecf84f
1da1238
1c3f160
1ce2e87
1c0b490
0169675
0188cfd
1d29efc
003ce08
000fb2a
030e201
0312125
1c996aa
1c289b0
0355625
02e8b31
03bde2f
1d38e61
1e0d15e
00924c1
1cf3157
016ebf8
1eed94c
1dad694
1c282ac
0142ed5
1feface
1f44eaa
1c59c51
00e1771
1debc34
1ec2ea7
02905f9
01987e0
00be2b9
1eb4282
02dafb9
1ff1b67
00ec943
1fd6272
02660ac
1d4f141
1f8b4a9
00e2616
1ef91c6
1c794d2
1f6ae57
03969d4
01fc123
1f9844a
1eaa1db
0315053
1dc034a
1e08f5c
1e36c27
1dc8a4b
1ee64b0
1c20660
00081d7
1e56441
0357ac9
1d3f643
1e803d6
0075e60
004d57a
1d98739
1e0d0d5
1ee09d6
00a626b
1cc902b
1eaf1e9
1fce9e3
0068a06
1cab645
1cec302
1fb1b67
1fe5df4
01b010a
1c04496
1e6083b
00f282b
1c33fc4
0346ba1
1cd52a3
1df48a0
1f21019
0066e29
1d14095
1e0e316
0254e6f
1df1ce4
1d74d33
01febca
00c5350
008803a
1dff249
1ffd462
1c22be4
1c78d7b
1c2ae51
01c6637
1f339ae
014247a
1c920b8
002f972
03215f6
037a108
1e23f8f
1c08249
1c11f04
1d92c1a
1ce6afa
1d134ab
1ddd91a
0092d0b
1d76116
1f6456c
03dec12
1e1bdfc
0141884
0259ab1
1e45d77
1f9009e
1c4c6d4
02c2c1f
1f303f0
001f3d3
01ca626
1fe55bb
1d7a813
1c36611
03b0466
1f7925d
0384542
1dfc725
03bad7c
1db319c
012a116
1f2dd8a
02e9290
1deff75
1dc05b0
1c3702e
0238980
1eba7c8
03a5ea2
1cc6e7a
1f9a1b2
019e1a0
0006e0e
00647fb
008622c
1c9dcd5
1ca9136
1c749f5
03596d8
1cb6b7e
00619c9
024197d
027f816
01601ba
1d7f504
1e1a6e9
1c4c84c
1eb89b6
1fb2d5c
1e922b8
0295bc5
1ed2190
0230c08
02358dc
1c978b8
1f8fce9
02e02af
1ce8279
0065ebd
1e85224
037bd48
03e43c4
024a1e4
038f3cf
03db1fa
1fd00aa
002f4d8
00d5b8d
1eaae6d
1c0743a
1e68e9a
009427b
1c96d60
1f97c5e
0334d11
1dad5f3
01136f9
02e5372
006bc26
1f739ad
1dc9e79
033464a
1f65398
1c66f94
0113f3e
1df57fe
012b7c8
002cd2d
1e8d6c2
0103ebe
034cda6
1f16220
1cdfe07
1c35726
1f3af60
012b1a2
1d62b5f
015eb3f
0143aa1
02a6871
0156b6f
1f9a0c9
1ec014e
0234418
03b5256
1e4a06c
1ed32ed
1c23313
02a7dd3
1ede5b1
00cd201
1f1b353
016f6d5
1e8b430
1fd9c61
1f12e04
0297cee
0239c9a
1ff1575
01be1e8
01bc547
0248bc2
1f76642
1eab941
1e817e4
02f071e
03b3272
1fdb9dc
1fdb457
02a2070
1ed1c3f
039cf30
1e501ae
1f57f3a
0207bd4
03d4211
1c7dd4d
03addcc
1f38c49
1e22100
01b2db5
00ad0d6
0277af4
1ef9657
01267fc
010760b
1dfbdc9
1e31ac9
02faaa0
1f0a546
1dd5cb4
0121a1f
1cead9d
02c2a1f
032cd5c
0037016
0238743
1c4a921
02c78b9
007720c
1ef2dbe
018c8da
037ea81
1e20636
01fc298
03b3e2f
1eff32c
1fb328b
02a6e2b
1e3a647
1fcf178
013c9f4
1cb8932
011ff1e
1d2c16f
1c4d526
02e0692
1c407e6
006dcf7
1ffb995
1cec522
1c7ddb7
00f3787
0057456
0071093
01c25aa
03bf6e4
1e06041
0305f92
02a0540
02182be
1c15fc6
014b810
1d494a1
033e7c7
1d66005
1f61aa9
03bfd7d
1fc3590
1d4612e
03184cd
1c36435
1dd06b3
1c80a88
02538e9
1d0b310
011de89
02593b5
000ea6c
01e6e93
0277309
0251c20
02cdd94
1d03347
01443ea
014debf
1de7729
0246e5e
0033acd
03b26b1
0310f31
1ede2fa
03d96df
01a0b33
1de9781
0061420
1f293d5
0057ea8
0148b2b
1c5ef97
0024418
1fc600b
1e2a785
00250dc
1c4ace0
0074ca5
1ddd588
03a05df
00e41a0
025bb6f
012d2f5
1cb1b66
03608a5
03e92bf
1e20e9f
1d54053
1c00976
1ff40a9
00779b2
1d19107
00bd359
1d7bf82
1fb9942
013f4b3
03358a1
00a27ea
01d24fc
1c1f3e1
1ff8858
00666f4
1e7941d
02a6fbd
029dada
0211126
023825f
0233915
01d44e5
1d5caae
039f265
01dafb1
00e1116
02413e8
1fe83af
01bfb0d
017a164
0132ac9
1ce0d36
038437d
1d83fa1
00d7e44
00062bc
02f209e
1c4dcfc
1e32ca6
03cf05f
1f87198
0292fc4
1f22ac2
00190b2
1f5480b
1c8f0d6
1e8a958
1f05a42
0198e21
1c867b7
1f2ce2b
1c3a207
1e735be
1d741cc
1d45d3a
009b45e
02292d9
1fffabb
1da6465
0294ad4
0336a2f
019f873
00df899
02c68c1
006b34c
02bf5d2
002f88f
1e9e5b9
0095502
01f6cd8
1f1559d
1d9e661
03873c1
1d47ca5
1fd896f
1da3ae4
1dbdd28
019fbfe
01e8a1d
000ec11
01e6e8d
1df5a84
1e81607
1db18c9
1cc233c
1e40517
03e63d5
0230bfe
1caa190
1fcdadd
1f877ce
01b20b8
1e1276a
01e89be
1e6718d
1e390be
03adb54
03a2d99
00b9508
0137c61
00aa5a8
02e5c08
006500b
02efbd8
01bcc8c
1d082cf
03811f6
01a1be7
003d494
000ca71
1ef296f
0118ad0
1c72899
0191203
1eb5c36
02dfea5
1f0b242
1cf3f7e
1cdec75
03ad81d
1d28c1f
1c350be
1c7b4a1
1cc439f
02dcf34
00be49e
1c0508b
01fdc22
1cc88e6
0331d35
1efdbe3
013a447
01e0f08
0064aab
00c932c
1cffff8
018dd56
01f403c
02f6e0f
01d6ed7
1c02c27
0261104
1c832a2
1cc9034
005130a
03b2ee7
1cbf6d0
0124546
1f0b3eb
1ed058d
03d3c4f
1e036fd
0260a43
02d7abd
1f05c67
1e1d56f
1f1f035
1f05fa3
1ec8438
001f99a
1f50a45
1c3bad9
1f43383
1c61bf9
03f78d0
026c19e
1f6b191
00c8638
01c9ece
1e08159
00c3a15
1d0344f
03836ef
0343865
0342fe6
01dae33
1daee99
03710ad
1c2cc7c
01d33c1
1d94524
1e22811
00dc1ac
1f58f3a
1e991fa
035dcd6
1d15f5f
1cfaf30
1c44ff2
1e5ce0b
1fd7ffc
1ea7b75
1f259d3
032bc1f
1f8d433
1d2c56d
1e36b78
03bf84e
1d6260f
1dea0bb
1fff8da
00eac66
1dacd12
1da2e82
1d95a69
0383fe8
00c3656
1e23da4
011fd52
1dc0d64
1eea31c
1ee1c4b
1d784ee
1e76d57
1f046df
1d41462
1d742fc
1eaa1f0
004139d
00d38cf
1ef7b93
1d95f4b
0291111
006fa27
0172ad8
1eb2590
1cd0d22
1f4fffb
1d35ab7
033c117
1c0a6f6
1ef64f5
0175b51
1d33714
1f773d8
1c3ae09
003fb1e
1cce98b
1c6697c
1c40c48
1e61720
031da05
005b278
0140c3f
00f053d
028b392
1eb8e0f
1d22655
1d71966
0065c53
1e60e1b
1f0d6cd
1d8e8d7
1e55f11
1df9b85
02618f8
1ecf4c5
1da5303
018c6fd
0172082
1e46522
02a7caf
015a47f
1e4cacc
1e526bf
020cc07
0203761
1d625b6
011a7ff
017bd27
0259676
0201700
00bf4a3
1c40047
1c8a11d
1f532f6
1c8defb
00c93b5
1deb3fb
02da1ee
0081e9b
1e4f7bc
1cbc048
1f96c65
006d9cc
015f9b9
014db92
013eb0e
015695a
1c4e59a
0334387
1d077c9
1db5761
1e67627
03fd43e
004fe64
0077bd3
025afd9
1dbc25c
1e908cd
037a053
02450fa
01b1246
1ce802e
1d5f09f
027e27c
1dacd67
1cec27d
1c3bbb6
1ca85f5
03b61ca
027257e
02f9862
004d714
1f98e3b
0222c3d
02191bc
0134869
01a41a8
1f0305d
03ba97a
1ec7e0c
1c10fa5
019a1b2
1e7c946
1e63a8f
035620e
0281627
001b1a4
00891fd
1c08147
016840e
005f57c
02607ca
1ec3a79
014dd31
012ef08
00c1bea
1dcef14
1cf8369
00e5b6f
1cac3c2
1caed87
00848fb
1c442c5
0013dd5
0213d18
000710e
1e25717
010c33b
1ce555d
02d981c
02f2dbc
02d46e7
031ed98
1df55df
0183181
03c8018
1c67bb9
1ec44a0
1f921ac
1d76fd3
1de0b9d
1f64293
0303953
1c66684
1d47dd0
01b74a2
1f98dd9
1c86606
1eaf356
1f69c88
1e7e015
0102f51
1dc4c22
03263a7
0289475
1de6757
1fff33c
1d38a34
1e93134
1f53f5b
01cbf8f
01b5ab7
1c0f42c
019d437
008aeaf
1f581f4
1f655a5
0238915
1c767eb
01f2719
01d318c
01cd47a
0087e7e
1eb4022
00d2453
00dc628
1fcb5dc
0184514
03b7cd3
1d2828f
036f472
1e59c18
1c74824
1f736a0
1f72bb5
0369efa
01b8601
1e441ed
1d77f84
022e4bd
1f4ac19
1d546cc
1e7fa00
1f50f0d
01c66a7
1c21cc4
1e89b90
02cc68f
0204b6c
01f6934
1c93c4b
009d102
1cf304c
01cab73
1e0c5c4
03ac53b
1d093f7
1e04481
03803cb
001daad
1c73c03
0095bf4
020281e
1ef00f9
01e3712
1c450b8
1dae70c
1ecf2fd
1cfa20a
1d257bf
013ea11
0074243
031f232
1e86220
1ccd1a5
1d4bf39
1c623b5
1d05982
1da3881
002375c
0063b14
03abd5c
1e2fce1
1ec216c
0025159
0137242
1ebbb32
1c3d9cf
1d2e497
1e6f75f
1f4dfa8
0024842
1c2b246
1ca59c1
03dfbcb
00c5eef
01d8fc3
1c416ae
0040890
02df556
02a3004
1ca4345
01d174b
1d2160b
0237a80
0295c5d
1cc3e2f
1eae881
1f5ee5e
1e9aac1
1d428d9
1ea0b5f
1c5eaa7
0284721
03fbf65
1e95a05
02f899e
03a418b
01a2cea
0275432
1f8c74f
1d765c1
1f5ee04
1e5b22a
03e6ce0
037383d
0063f28
1ea5cff
0016e78
1fa1d6d
035ea78
033c2fe
1e7bc80
03e4a4a
01f064e
1d0ee71
018e900
02b8bae
1ed17ca
034f262
0192bb5
0034500
1d36648
02c0d8d
1fbeb3e
1ff9049
0386dcb
1ff29aa
01c81bf
0052bbe
1d059dc
00db127
016c9ab
018771c
03774ce
1f5d766
1c32893
1c5f71d
024c0db
1cf7772
003215c
035f7b6
016f84f
1ce190c
0094c5d
03a6acd
1dddb0a
02d15ad
1d5d417
1f8607d
02cbe09
02fe92e
1fa0c29
01493c9
1dcd387
02b5769
1fada0b
1f52e51
1e5a92c
1fd2cd5
1f7110e
1dc4cc7
03d5cc6
02ab54d
022b074
0094c78
001cfbb
1dca438
03cbb66
00fb0c2
00f0506
01be2d4
1e858c7
1fcb638
1dee9fa
0353afc
1eb6a89
029533c
1cee3d1
01d3d91
1fb4eef
03a3bfe
1da17ba
02a137d
1f63004
1d39a76
1e172b7
1f44629
02eb0fd
1e868a2
03e7a06
03d6e02
1cb461b
00a5f85
1c928d7
1d0876d
02f00dc
00a8384
0215681
0058f06
00efcc0
1ebefb3
1eaf6e0
1d733c8
00eae89
01bcf14
1ed4958
1ed576f
0368ef8
1c7c23f
1d4421d
1ca54ec
024c97c
004ca87
02caab4
1c3158c
01bb75d
03c0cac
1cb1655
01d4184
013afc5
1d38bba
1cd9e04
1d3532c
1c8ecf6
012fa45
1cba4a5
00c5db3
021b249
1fab46b
1f082f6
1dafc2d
03aba4e
03a1a7e
1c9d631
1e613ac
02504d7
1dbf0e3
0113053
00fd105
039e39d
02e0d2f
02fe4b0
024a8d7
036cdf2
028a470
1c1c8f6
000da37
1ce70c3
00d832c
1f5885e
00e93c5
1dd65c3
1d58373
029b90a
1f86880
006e379
01d5b76
0049ff1
01349df
1d6da40
1e674cb
018b289
00b2e79
022d16b
0347d9a
000ac3b
013dda4
1cba0e3
0028971
00cbdb8
01f1749
1d87a29
025467d
009e89c
1e3bebb
02b14db
0365a08
00e3b36
1da70b3
0115634
036c008
033edaa
038ca51
02b9808
1f0c96d
022249b
1daecba
1d8296e
0258961
1e47270
01855df
0313151
1c523ec
1cc3c18
0195e72
1c6b87a
1ed77f8
1df0465
0179062
00331bd
1d116c8
1d99709
1e482b2
1e44876
1c89023
00705f4
02cdea2
1e6937a
1d8773f
007a3e7
1fddc53
1ded2a1
1cb4c68
1d3ebf1
01ec61b
1fefd5b
1c34c09
1d8f2d0
1dedb18
02deff0
0099748
1fdd9a7
1cd24f7
1caa5da
00dfbe4
013f054
0103e39
00939b5
1ebbc17
03b77b7
1cf10c1
0198926
0269bf4
03530a9
1dae483
032331a
1d63fad
1caffe8
1c7096a
0365f38
1ee07f9
021129f
1ed0da1
00ff844
1f84818
03d616f
020204c
1f421fa
1d297e3
0035db7
1feb682
1c4ae81
1e9833f
01e062c
0249a9f
1e98e93
1c7b565
03d4751
1f62eb8
0039b6e
022d9df
01221f6
003632c
1e51f11
005c5dc
0096dd7
032b1d9
1c7cf76
00c35a3
1c0bbaf
0200794
1e65d64
1cc6877
1dc42ea
1ccc1a5
1cc6e85
032f9be
022f334
0114dc0
00b405d
00b8843
1c3cf70
028493b
1d8eb99
1ffd94f
1e9661a
1ee563d
020f926
1c8b2ab
1f8499c
0258778
02b4cd5
02893a6
1e9faa9
1eddb1c
1c0389b
1e4b84b
1ffaad8
015f30d
1d2e09b
1e622ce
02f518f
1d6ca17
1c887e1
1e8bff5
00d2fae
01973d8
00fbb8b
1c9df89
1e42c6c
00d5162
1f31ffb
1c51358
1d9a7e9
01e3c09
03aed93
1f0aff8
1eb4b87
03d6cff
01adb90
0044754
030ccea
1cb0b8a
0399cb9
1cfbd7d
1d49516
1f13497
1da4837
01bd299
01aaadc
1c44c41
0145924
008dfd2
00e856c
1de9afc
1e16fb4
1d9787c
007b270
022bda7
1e2e1af
1c48745
1c9e1e7
037f73a
1c0affc
1e71a67
01982cf
1e470d4
00d2bd9
1ecfa0a
1dd7be8
1cb089a
1d533a2
1dd7c75
1cd8eb1
1d31bc3
0049430
031cf0f
1f5db8d
0128344
0042e2d
1e4a351
0032c83
1efdd17
039a82a
1d802f2
1e1d443
1e3772c
03ff986
01984e3
0297759
01002a6
1f4547b
03ce864
00f7d18
1d0e263
1c646c3
1cecedb
023f986
019712a
016d222
02b68da
0020eee
1cb287b
0067555
1eb53cb
1dfaf65
01e33dc
035f3c4
1d4a36f
1da736f
03ad468
00c372e
000125e
1d88244
02e5221
01fbbe9
0208f8f
03004ab
0328086
1f55bf9
1f808b7
0320a5a
018f7af
1dadf99
1d29307
03150bd
02693ac
1dc69a8
1d9cb7e
1f35029
01f8141
0224c9a
0300723
0198df6
1c389cf
1f41df3
1e71523
1f5eb29
1f54bce
01346f4
039bae8
1c7b1fa
015bc54
1d56e11
01516fe
02a8f17
02717cc
009872e
1f5ccf6
1e374c0
029540b
1dd1fae
1f16f98
1d0ae9b
02a6fe4
1e5724b
01afe30
1d2777e
1c83e8f
01eee4f
0311d73
021abbe
1c76749
1c0350b
1fb6242
023214c
1d9b606
030bcf1
1da4c68
02c943e
0019d23
02adcfe
0083500
017b82a
031e02c
1d61dc2
1cdbaa3
1dc7c1b
003a193
03be594
1d3e33a
1ff8937
1c3dda0
1f16e7d
1c52cab
016767c
007b973
009b9e5
026e8ae
1f0b1e3
03fe916
1cd6655
1f4f7e6
00c3f33
0088a3e
00c822f
0160b1b
1f3945e
012ddfb
1fd7294
1f642f9
036c9a1
03d2035
033cb7f
1f6d2d1
0022810
0277255
025dccd
02ac9ed
1ed4b22
1ec77fb
034fca2
1f81366
1d31447
01cab87
02b85e1
1d02728
007008e
02a7175
1d14e72
029e900
00b33ef
03f6f0e
1e43eb0
01ded29
1c3d6c0
1e1b399
1d0b28d
015d3f5
1d06224
1f32b9c
1cfcdd1
00efef6
1ec1ce4
03e409e
03e3636
0213cc4
1dcbaa3
01a276d
0200b82
015f28a
1e6a900
008b6c4
1c434dc
1ef5103
1d06778
023ef1e
02cdc81
1e0e25c
1dae685
0064f64
03c02ac
01756ef
00fbf55
028fe99
1dcff53
1c1ebd9
1e0ed43
023b704
021f80a
037e9ab
1c6253d
1cd8654
00a7ed2
020d7e1
0085c5b
03f7468
00c5a14
1ef6b19
01fe6ec
00b2466
03593fb
1edbe15
1e3b15b
1cea225
00b0b06
02e26de
1ea32f8
1ea1fc2
028969e
1e7ac4c
034e4c1
1f77ae9
1f31d7c
0213b03
024f006
03b2be2
0276178
1e16431
1d4b499
1e097f9
1e87849
1d17daf
1d995c2
0293dbe
01af302
1c5a104
1c3ccef
1f4bb79
02b9b42
1c673e9
00b4103
1eb5f30
1fb06f5
0215c75
1ca2888
038948f
1e878c9
1c089bf
0056f8a
024e694
1d9be40
022c111
001f654
02daed1
01edfb3
1cf7ad3
00eddf6
007bddd
1ca4cc7
012f936
020dce0
00668bc
0150167
0021be0
1ecff39
1cb2c09
1c3560a
1d89057
1e9b86f
008be6f
1e24095
1d0be88
1c1d2f8
1f47787
0390f40
01e5d8a
01772f4
1cadfcd
0024a34
032b610
0083264
1ce38a4
1fa6b0b
1c8a421
007a063
0128ad6
02e7feb
1f71067
00aabf1
035f88f
1ddbc05
1eafc09
1c2ce4d
1f5ff46
1d19436
1f2c4a5
002ebbc
0316f45
0055c7d
1ef299b
01cb727
01516d3
1f74ca6
1f8a645
00c171b
1dd4d26
01a911a
036f3dc
00cb049
1c480a8
0268475
1f6f3bc
01cc398
1dda684
00bbf6c
1c9703a
0239d6c
01f657e
1e94979
1e28ba6
1fe4590
1da2f6b
1fa427d
1e89344
0266d73
1eea1dd
1fa62a8
03e56ff
00c9b40
1f68ddf
1db0fa3
1f316d1
0311af6
03ef2d1
038e0a7
020877d
1ca75a8
014b5d3
1dfac2b
02bf65e
0049735
0385bd1
00e312a
1f36795
0399d06
1f44328
01f68dc
018e112
1d56443
1fb0803
02cb329
024bd5a
1f7cc87
1d689c4
007ff6d
022c3f9
015496c
1d2fda3
00eac82
022d488
01f0da8
1e915b6
01b2ec8
0263a4c
1eb221f
1ce6ffc
013a179
02109ab
019b887
01db1f7
1faeb46
024b25c
01c9a95
1e675a1
02d5dbe
1d97c2c
1e4424d
0203c34
1c81491
1ddf648
024e07b
012aaf6
019d5d6
02a2480
1d56755
1e23583
023a65a
1db8412
1c2d4b3
1ee1f60
036bc25
1fa71ab
00fd955
1de4e15
1dd2305
002a80e
1fb80b8
1c7c0ef
0397a1b
1ccc637
1d4ac4d
1c42559
1ea1980
00ef11d
1ec0dfd
00c9c5a
1f76c23
1ffde8c
1ceacd5
0153f99
1c17a9a
003afb8
1d9775c
037d9cf
1c2292d
1e5aeaa
1fc2a98
1f7c8d9
1cbe67a
03e082a
00a2fea
1f24889
1d6700f
1eaf74d
03addb5
001c245
00e72e9
1fb88d9
1d902bb
1faff37
03b2528
00b134b
010d8d1
1f419d1
1dd2d57
00d62a0
1f478be
016cc67
1d6e282
1fe2805
03aa754
1c4dcae
1e5504d
026e88d
01fa6ca
1c7f61c
03315f3
0316f6c
00f4eb6
1feba6f
1c2059b
02f62a8
1c6331b
1cfbd5c
1c8b489
0392d85
0075619
01827ec
0152144
1e7ceff
00c9ba4
01a5692
03468cb
02a82a7
00603ab
1edbf93
1dbe6b7
1d83876
1e15fcc
1d0c762
1c79dc0
039cf51
0013ccc
009b667
02b2e83
1e763df
0215627
02c96c0
03a59be
013bdb8
1e696f1
1c18e2b
1db3bd9
024e482
03e5ab7
00a99c1
1e4db2b
012533e
1dc0326
02ddd89
1e7865c
1cfe293
01a84e3
01295c4
1eade77
00f6cbc
1c91f20
1f22a1b
006a5c0
0255223
0260efc
1c85680
1c9351b
02c5a07
1e6f715
0234630
02c8755
1dbe2a0
00514f0
0127aab
1f7dce9
01da478
0272e0a
0030451
00f15bf
00d466a
00e554a
0327bd4
1e991fd
01870a7
01e1c89
03e7126
03c1006
011026b
015fec9
035bb2a
1c9c9e0
0341a15
02a4e36
1c07fc0
02d516a
1de847c
1f117cb
1ed053e
01d57cc
037db2a
02fccb1
1ebd913
1ee7da8
1cb762a
1fe195f
0370e2c
02b1ae1
1c882e7
1e9f14d
1e263de
1ce87e2
03c27db
01a11e9
1f120dd
01573ba
1ef2cb6
01df497
1d85676
0254883
009ed37
1d412fd
00c66b5
02db9de
026cb6c
03b0cba
0267ff7
0033e7d
0223093
1e8b28c
1fce0bc
0198ebb
1eba8df
0279b94
1c90ba4
00d670e
039e9df
1c4e3d4
019a84a
1f9ac84
0362623
02d71b4
1e7639f
1c3098b
1df4e16
00a160f
1f43c77
022eaea
1f5dc8e
1d7cd9b
1f0c46c
01c0c01
1cb775a
1f149ae
1fd3504
1e70cb0
03f9541
0249ace
1f2edd3
1fdbd00
1fb8901
0286eac
1fb4489
0045807
1f04e78
1ed7cba
1d4946a
1e7dda8
1ccff85
1edca13
1f7e9dd
02adee3
1d0bfaf
014476a
01aebee
014f2b8
02858cf
1c249ab
0184de5
1d07a19
022f1b4
01f0521
1eea994
018d18e
1fb91a1
1cfa1d7
008820a
1e9c266
1c9b5ef
000a2e4
03bfccc
1d649b6
1ebf847
0114db2
00ec1bc
027187e
03c1cb7
0229a14
026b724
01f07ad
1de4a98
1da01e0
013068e
1f8fa86
1f3d4d6
1ed5aa8
1c0d91a
034446b
02e1a4c
1d525ff
1e2446a
1d8d130
0171571
015385b
1d0500b
00949bf
1d3bd67
0001ea5
026cfe1
021aa32
0235669
0046bb2
00fbc5d
1f8078b
1c3f903
03de88d
1d33aff
1c55a4b
1fda29a
0052fbf
1dcdfc2
1ce5b20
1c0b3b2
009f578
001c828
004ba20
03f5c7f
1cdbbd5
01d960f
007cb7f
1ccd36e
1f84b6a
038f45a
03fbd9e
00cbf7b
1c5650a
020bed0
1f3741b
01ab124
005aa1e
005283f
03379a2
1dbcf58
1d4556b
1f9418f
1cf9efb
01c859f
1ed1d08
01f75ee
1e0f35e
03a75d3
01004b5
1d8eca8
03f8ddc
1ff5cb8
02b399e
1d8ad9f
0294c5e
0330e87
1e3d64a
1d7c2bf
1e97193
1c57336
1dd1326
1ff2e27
0187be0
1f79431
1d5c0e7
1e59556
00a54db
02b18b4
02058ac
00a8ccf
023c93b
1da3787
1cdcb45
03bdd3f
01cd0df
1e0f869
0344e37
014de91
1ce0386
1ff12d9
1f92ca5
1f23a23
1edd1e9
03c60a8
037d07c
1c56ea4
1cbc4bd
00e49b4
026fabe
027c1fe
1d4a403
1fc5102
028a6aa
01d14e7
1de53e8
1cfd8b6
00bd3aa
1e2ae6e
01ac7e2
1cf2299
005e569
01ffb65
1e8a4e7
00c81a8
1c5c12b
1da0a9f
1cc6dfe
1dbd503
1d2cf7b
031e29a
00cebcf
0369613
1e5207b
1c5de17
0241b9d
00c31ee
0171cd9
1d8770d
1ed766d
1c8889b
1d7bc62
009556a
010b16a
1daecbc
1c7c706
03e4208
1d26164
1d45252
00b6b5b
02ea4b9
1ee7f60
1c4c147
1f9ed50
0256d81
016a484
0033ecf
02a44bd
03c1b2f
1ff00a5
0251d94
02f6dd4
01ed397
1d55e07
038b618
03c82fd
1e2692c
01fc340
1f7675e
023a267
1d8063f
01b8d10
1d9eb01
03d50e7
007c056
1e46911
004141a
1d64f68
003f64c
1d899b3
01775f6
1d11ee4
1d8ef39
02aeb63
1f8b061
0249a33
011e022
03ee0da
0125edc
1ced570
1c1a9fa
1fe8404
024c77b
00b981a
1fb6d58
1e2ca45
009f6f3
002907c
1d4816a
0241201
0097897
033db41
0152b1e
1dae250
0142250
01d688d
026e82a
1d97bf2
1dc4418
0293a28
1fe7f58
1e19b66
1f4d386
0370eaa
1f531d2
1f828b0
03df7ee
03990aa
1d0e83d
038d3d5
03f4aed
0003a16
1da02fa
030da54
01591ef
02fe6f1
1c05802
0137e8c
1e14775
0169dc1
1cf105e
1cdc7f9
1c0521b
02bba1d
011020b
0051cca
1dc4a60
1d2d9e3
014a8e9
00a49ee
1f59e32
1c8b210
1cde9fd
01113cc
1e65547
1eccc46
1e0fe24
00e7553
0212d5d
1fe8d75
02f3904
1c078eb
1e9f414
014112b
02ff1f3
00274c0
1dfe8e1
0385a4f
03b2bcb
1cb58f0
03012ae
02b726d
026abf6
1da7c92
010fdc8
1c5e1fa
1c5cb25
0346790
1cf7385
1ec621f
03f7f91
1c8a675
1c1ac6f
02e3dbd
01a39e3
1ece380
1d3700b
0034f9e
006425b
03aeff7
0277262
1fe7def
00fa665
03b1c69
0229456
001fa67
015c7fa
024b566
0361c25
033c6f8
1d15535
1f23b09
03f59fa
1cc482f
036da44
1e187fd
1ff81cf
024b9fd
1e6343f
1ccde68
028fab3
001ace0
1d51e37
1e02743
011b87b
1e7a9e7
01e93a1
1f02083
1f597d2
1ec085b
012feed
0273ce9
01e9e96
1e5e1eb
0188bf6
01b4e1f
1f85b55
1ee9d50
1ca8ef8
1ef647d
02cac88
1fbf4e4
1eaf9f1
1ffff7e
03bb824
1e3f605
1eae03d
01e0136
1e46aae
011d555
0286f9d
00f7296
03f6e72
1f6569b
1d757cc
1ef2d17
0320c00
1f53364
032455f
0118665
1c03f6c
011b81f
024645a
1ea8d3d
1ea7191
1ec610b
02d610f
00d31a8
1c9d876
1dca325
1ce3bf0
027a572
1ccdf3c
1d7e596
1ed3f5e
1c15304
00f9d3a
1e01780
001d1fa
00518bc
0083bb3
1cdd95a
1d34b6f
1d2a9a0
1f5fc99
1dcca7c
0006422
1f1f277
021b97e
1f837d2
1fa9e1b
006167e
00cdb66
022c7f0
1fa4177
0162b0c
1e49418
1df82f4
0250ceb
1c596fa
01d1871
009c856
01883ff
03612c1
010e573
016b0c9
037b4f2
1e6824f
0099f0e
1cdd76a
0298219
03e91a6
0043e18
03f1185
1cdf36f
00c248a
1c995c9
1f99772
0217542
1ea2e13
001d4aa
1c4789b
02ef234
1f1ec26
1dbeb19
03f86ec
1eb994b
0013e2e
009ee9f
000ef4f
01f60f1
0184de8
1e5f3a8
00532ed
1fd4cc6
03051ee
0382a08
1dbf31e
1e5b137
0128265
1c34cd4
023691d
03423a4
1c4dac2
02b62a8
03a25b4
0392504
0253b39
00883ad
01fc8db
1c5d316
1fef513
1dccfad
02e1a08
0168bab
03977e4
023d596
038d3f7
1cdc9e6
1c294a1
030278c
1cc5adb
1ff131f
1c69fb1
1d71553
0005b80
03a6fc1
0190624
020f34a
1c5770b
01b0b62
00760f6
1d6641b
1ff92c9
1edbd2b
035e6bb
00db80c
1ded691
012a8c5
015b2c9
1c6a2bb
1d9e485
03b0f14
02e6614
1e13c4d
01f9308
1f3ade0
1e02b00
1c8f297
001a3ad
1f88daa
00763bd
004eb6a
02a879b
00eac0a
023edab
01c2988
1f238af
01ad2f2
03fdb8c
016b076
1d11b0c
1fda5a7
03169e6
1f183b4
1c1f55c
1fa779f
01650a6
1f34af1
1c64d1f
1c7f522
00c4fa8
1c92678
01e59b1
004fb3d
1f6076f
00e40c5
1eb6345
1d260bf
01ad067
027d1f8
1ec0873
1f99f72
1e7dce5
00becac
1cd8f5f
1ea48a1
1f0d400
1ebf613
00414e7
1dfcbd6
1dd920c
1e2b723
004a57a
1e0e6e5
031bcd5
1f44e2f
1d02c09
03fc4af
01f1274
00438aa
0314cce
0329271
1f5afc9
1f0ba0e
01192bb
1ebb070
1d1fc30
1d7edbf
1fb278f
1f0a53a
0352e19
1d8790d
030b5ef
1df4469
02071a3
0370815
1f5035c
03cef62
006520b
1e06a19
026fee2
1f38dac
018e696
1deb613
023fff3
1d126dc
1d60ab8
032ed0f
000ac83
1e13924
1d1a315
0025e98
025b43d
1d1f257
1fa0233
1ef4468
1ef84f2
1ea7b20
031b66d
024c125
03a8f67
1e744ea
022b20e
037c242
1e23231
1fa50a1
026be05
006fff0
1f209d8
1f1e4c7
1e467bd
1c610af
1f6501b
03919f9
1f25bd0
03901ab
1ea1494
1fd36d4
00e12ed
1db472a
018ebca
1f5863b
02c6abe
1cf5ba3
1f76e22
1fabe8f
1c560c6
02d11c0
02d54ff
0056272
006e1cb
1d0049d
00b32fa
1d908cf
1f17669
020884c
1de3d9c
0103a22
0143f9a
1d589d8
1ddfef6
1d2d0f8
016bb11
0028b5c
1eb979d
1c6f56c
00bb4b7
0029271
1f0f25c
1cb1240
1c71ea9
00c25a4
1e5e049
1db3365
1fadc0c
03aa8c4
036703b
01336db
1fbe521
1d7e5dc
1f46db8
1f375ec
010c060
1dfb051
01d232a
0151e36
1c7a3ff
1ec0777
028814b
1c5ec2f
013a764
0267e80
0362d71
1ed04a1
003bb69
1dc5e49
1d163ef
1dac4aa
01a7e15
1e40be1
021bae9
014c2c5
03f50f2
027eb4f
1fb37ce
018ab58
002e795
1e43a46
00336f5
1f99d21
1c37d53
02a5d31
01a2b32
1d04fb6
03ec038
1ed3f4e
1cfb330
01e22ee
01296cd
1e86c67
009ad4e
006484a
1f5941a
1e659d5
1cea153
1c11810
015e895
1c03d0a
1ffb153
1c3dade
0002420
0051ab3
1d28bc0
1c31feb
003165f
1ff8750
1e6efe0
1c46ae4
032a092
1f9dab6
019fe48
006b471
1f537dd
00dc332
1cc6d02
023e1b1
1cabfbc
1e7479b
018ba80
1dec60a
03a8964
02ff494
1c6fd6a
0086e32
0186538
1cd6e4c
1d73704
028e754
1e14c1e
02c8fe2
1d6ab08
024c58f
1f60c20
0096f98
1c564c1
1d91207
0281fc7
011abed
1cda83d
1fb9749
1c771de
0015b2f
1ffd9f9
00ffe41
039d83a
1ec4c4f
1cfdaf9
1d86709
1c93b08
023cd52
02fb035
02244c8
1eeb296
017e90f
03faa3a
0139aad
02ebaf1
0222bc9
002532e
03f6b0c
0022424
0022196
1ed43ca
013b45b
1f6a112
02c3235
1d097c4
1ebd106
1f03cdd
0170882
018a968
1ebc8c9
005ec1e
0236c90
033c70c
017ee29
039a6c1
0399f09
1ce553b
1f4b0b7
01636a5
1d8131f
02053e1
1d52e36
1cff3ce
1d7ec2d
1daf2c2
1fe4099
1f6a111
01847e3
00cea91
1d5b88d
1ff1fdb
1d017bf
01bf9fe
03b576b
01937ba
01beb37
0099b99
03b86ce
03c6189
1f47432
1e3be58
01ef316
009daf2
1db5d3a
0226f41
1e93d9a
03ea0c8
019dc91
00e10a1
1dfb41f
004f564
1fef488
010ae27
036a594
1dc7391
02eca83
1c09138
007d875
01827d0
1c13c5f
1c7c89b
1da02b9
03cdec4
1e0d020
1dcf3b6
1d83e7e
029af58
03e710f
1ddcabe
0094904
1fd2502
037614a
1c3c03d
1d71af7
021a76a
02f4eeb
0185c3b
032607b
1e1bfc5
1f1db03
1f980cb
020307a
1ed7ae1
1cd00ba
00587e9
02900af
014ff2c
03b6120
1f5b24a
1c53728
00d06c5
0256975
03f6955
00ba96f
1c97094
03887cb
1ff951a
1e0910f
003f843
1ccbaf4
00b6a9d
0003492
03aae2a
1f9e1dc
03cc272
01e06a0
00b5274
1f63157
1f507b2
009681c
1ce83a9
01d71e2
1f49425
02c2229
006b55c
0243410
1f69c55
03ae82f
01d8106
1e338af
037a6f0
1c745d2
1e206a9
0038edb
02db413
002fd34
1fec74c
1ee01f4
01a0cd2
00bfc75
1d6782d
1cb3130
1d35d87
1fc9470
1f3c6da
00930ec
01a1579
03817b3
1db990b
1e7e2ad
1c013e1
1c0c430
1d05a3d
01c39fd
1f46e36
1e9e178
1e69171
1c5afb4
1df04d6
000e897
03cc22a
018b197
1e626a7
00a8821
1cd59c0
030ff84
0358214
00ebc12
1c2b22f
0105037
0303782
1e696b2
1e6684d
0319673
03b9c4a
1f44178
1e021a4
00fa859
03a4630
1de298c
015c93e
1d3ca3d
01130c3
1d22451
1fe6509
033a3c0
0050fd6
01598d3
1ed26ef
1cedc90
1d75ce4
008889e
1f62ea4
0203771
1e653a1
1d53795
1d87699
1eda852
1d6125e
1d393f6
02b34d1
1f604dd
1fb9db0
0196925
028aced
1cb8121
00b2a06
00f5079
1f15a40
1e56361
0144ad8
0158b10
00ef28a
0277416
1c7a336
00d6a91
1ce8ff8
1cb3bc0
02e9dc4
01cdf11
1ee4b96
02a57f5
1c49e6a
01728be
1f81a79
0277a91
0220323
011cf29
01b5826
1d0ce38
01c91fd
1c01818
1c967bc
1e3b474
0369d4a
1c51ea2
1c660f9
1df9fb2
1eab784
1d80621
1ed3c43
1c046d5
1f64fd9
1fdc91c
0362ef7
02ce165
02df32b
1c55b53
00f2b08
0004d68
1ce8426
1fa7b84
1c53020
019dac7
0288173
1da120d
00fa36e
1dff583
1d277fb
1d3d636
1fe7f1e
01da086
1f5a95e
1f92009
0221bce
1de8178
1ebd6cb
02e135b
0160c74
1e56936
0191cc9
03e8a5d
018f08d
1f8b501
1f55c38
02cd288
1f7d793
1e82613
010193c
1e0e4bc
036dd92
01a2cc4
1f509e9
1ca82cb
03f4212
03036e0
1ef4f54
1d968d9
1e08ba8
1fc1898
1f273c4
0308f4f
1c14a65
1d6dc69
1f06d4e
1d8189c
037be67
03e35eb
1e11623
1ea1c04
011eb88
038d8a2
006051e
1fb5159
033721a
0247e39
1eef78d
012e906
0275ea1
1e176e3
00407d9
1e8ba47
1f05f95
1cfd0c0
01caf54
0125149
1e57234
1ddf807
0306b98
017aede
1f63397
03d3105
1fd3676
1c6b0d9
1d0ff83
002ada2
1e22c95
03def59
0060df2
1eb87d6
1fbc091
0196efe
1d325ad
1fb4e4b
01e906f
0130bea
0064081
1ed2420
1ca43cb
1d455f8
1e03cbb
1e6bf18
1c580ce
1ec62c5
02d4623
1d6e61b
0169cad
00bbe88
03cd9fa
0098f56
1c69579
1e45797
1e7ce06
1f25887
03e733e
1d40147
1caf9ba
1f7e88b
0203e13
1c002e6
024ca3f
00b214b
0072940
008aeb6
038077a
03acae5
1c12c21
1e1930d
1d25c3c
006afdc
01c1a03
1defdce
012e0ae
1d730da
0115595
01b9b8b
1e6a072
1d6d6ac
0393945
00be9c2
1cf1778
1e1515e
1c2f00f
03264d9
016fcc5
037669b
0218eb7
013cdc8
006440e
02d9133
1f6fc66
1e70347
1f8296b
1dc6c54
00a7a6c
1c45946
03db5ce
1c104b0
1c6017e
008b0f7
1f7ec8b
1c64110
037c6c6
1e5479a
1f2afd0
1f642f4
0337fe2
0297cde
1fd91f3
0343821
0140431
02d08f1
1d089ad
1f8f5d5
1dceaa7
0026269
004f653
0043a26
00176e4
009e3aa
003e25d
03ae6df
1fa9d61
02babb7
03a082f
1fdf953
1d84979
0248c88
009a23f
00e4b1d
1ec4e23
004f6cd
00daaf5
1fd05e2
0367399
03f00ce
02eb547
022c87d
01341c6
0147118
1ecd8b5
1e2a6f2
034856f
022d033
006e840
1f75807
010223e
1ef99c1
02ac525
1c5635a
034e0a0
0134752
1d406f9
009b87b
0228c35
1d95d58
1e2ef9c
1e88c05
1e2a61c
1f7cb8b
1f33307
1ffa354
02e8569
1c5f92b
1f32e26
0178c37
00e1083
0036de6
1d6b0a9
1ea0694
0208bc7
0315fec
026e980
1d9ef1d
00f6d1b
1cb3c07
1d3a2b6
1e4b5d3
1c0eab7
1df7569
1ea8154
009e455
01ff807
1d72053
01da59a
1f0d314
1d344bf
02a6a01
1cd577f
0184927
1dbfa20
1d0a3b6
0089df1
1e39c74
030a5f8
1d0216e
01dd9bb
1fa207c
1d98e9f
0363bb8
1cd75e2
1fa3f6a
010eb19
1d86353
037b6bb
1c8d281
1c0eb22
01076e9
1f93edc
1ccc0e6
01ae077
1e10548
1c36627
005b23e
1f4af93
00dc012
1dd1a8d
1fddd0d
1ddca3a
1ffbd0d
03306ac
1f08b7d
1fe43ac
01aafd6
1c97914
020a03d
0109f8b
1f7054e
00472fa
1c67ef6
02f3f32
006f78f
1ce8736
1f101b5
036360a
1ef6b16
1f66551
0348730
1eeaa30
1fab78f
1f200d2
0105aef
029cbc6
1fc444d
011291f
01fc493
0108ce8
011a555
013f9d0
01043c6
00eb9f5
1ed5e55
03ff888
023bb8e
00e6e75
0222198
1c9ae55
1edd394
1d01020
1e1d904
1e457ba
1dd4d41
1f451be
00c59b1
1cc9e0f
1e16e89
005775d
02d3851
02e934f
010d12c
00d0efb
02cea92
00c0a1c
1f689e7
1ffade9
1c44763
01b758d
1d049c1
0251d25
1fdb3f7
1e8f35d
1e58b87
1ef4119
1fbd277
1f16a1a
1f9fffc
0119b16
02b7efa
1e31691
0363097
1d6e757
00cc793
1e41355
03ddc02
1ed8a9e
1f8df18
1ecb908
1d81a4b
0043ed6
0256978
1f2b286
1f48a93
1f931b1
1dcd08a
02840f6
1c40203
0277789
1c98dfe
0205c8b
1c6b4e8
1fb6021
1e07057
020a1d1
0391c7a
1ca5e57
1ee0cbf
018fc1c
1cd78a5
0127b5d
1db415f
01fd341
0036f20
011380b
1ddbba8
1dc94ca
1c892cf
0272a40
03745a7
004b171
009d8e6
1f131cf
0091c8d
1dc6fcd
1efc045
01e65ad
1ebc909
1fb7225
013a039
1e6237c
024d488
00609a1
00a14a4
1da7fd7
03d444a
1c06aaa
1e157ed
1e74e1f
02dc6c0
02edb28
013c997
0002c59
1df7a5e
1f24435
0318f26
1f85dc6
0257ef2
1c7bdeb
018636c
0294b14
02e157a
001b07e
00dc2af
027a0cc
1e1efe7
034c7f5
03eeb59
003502e
0317224
1f293af
1da4bf1
1f9293d
03a753d
0224a0d
0026e5b
01afc2c
1e1aabe
03a30c2
1ee7dc3
0165e32
1cb878c
1fe3825
00bce56
1c8b7b0
1ca1e45
0268ff5
1eb62fe
1d341cf
0079ef8
011259a
038ad70
1dd2fbf
1fb847e
1c036cd
0161311
1e32f81
036a4dc
1f02c06
1c8d155
00348dc
03849f6
1c2bd73
00025ad
1cab29c
1f1ecd1
1e07489
014640c
1c54c4f
013cdda
03dffa9
1e70f36
1e75a1c
1eb9a18
1cb684d
1fca456
03fd38c
01674b5
1e77b1d
1df689d
1f90826
0136d02
03b141d
03e8be1
0271c9e
1d3852a
00604ac
0063d8d
1c13242
01497bf
1eedc6c
1dfc119
1f378ca
0279dcf
00bb56a
1f1e5f0
1d5b690
004b740
039a33b
1cd8084
1f4fbcf
1da238b
01a86a4
02cfaf3
0087844
01de781
1cbb353
1d5e76c
1f5e0c6
0296a6c
1d297b1
1d49903
1cb86aa
03c05f8
1ffcd70
1cfb2b3
000921a
00f6988
0380ac5
0339971
01ce8fb
03b896a
00318b6
005fe2d
0042bb6
01f022f
03d1b1b
00adea1
0067386
0032b2c
02e7026
0004762
0190192
027e6f4
0128d4b
030d2d0
1e5e640
03211ed
1c65626
1fd5a9d
1c5f576
1ef6af9
01e389b
1edf735
1ccbbe9
1daf0cb
01e00f1
1f85c0d
002dba5
1daabc4
1cece20
1eb7fd4
1fcc7f4
00c9028
1d4ac6c
1e7fe23
02f9b55
024a38f
1c4dea7
0384555
0241bc3
1f2bcec
02eb31d
1f64125
036bf73
0046be6
1c5a278
1c5173f
004531a
1eedd2f
033084c
1ee962a
027882a
1f30b01
1f71d2f
00599aa
00b895d
1c59d05
1cb9d05
02fdc6d
1ca2a1a
1d57e06
1dd5ca6
1cad14a
1d521da
033229a
1dabdea
0136215
1d01895
1f3ac2d
0248f5f
0340b31
1c6a520
1ce2df0
1fce1f9
02bc445
035a81a
1e32aa7
03c6691
1c78445
0011fa7
011a910
1d326c8
03a6c04
1dcdfc9
02f2596
1f971ef
1cd8816
1da9f3a
1eee6a6
1e2eb0c
03c412d
03fa4d7
02f64be
01a28fc
03eadca
03314ea
1fad798
0128ad7
02ab7fb
1fe0d68
02491f6
02d55bf
1f7be39
1fcfb8f
0178aca
1d48a52
1d279bb
1e63411
00d0ce6
1f15e05
1cf63e3
1fe4a9a
1e674f7
1df27de
0212b2c
1e8def4
00c2730
02105f3
023bd8c
1f21760
1c7380f
0352ec5
03e2548
1e2aa9a
1c35aab
0250542
02a2484
1e9a768
018128a
03d972c
1ff9a63
0334f8a
035a2a5
0234f51
000ab91
00b9f52
008fbbc
1fd40af
1f957ce
1da452c
0048bfb
1efc675
1d77352
03ecea3
1fdcedd
00523d0
1ff97ca
1e967a9
01d79e2
1cebbe9
1c5f205
009897a
016c129
0186d29
1da6ec9
01e2a2e
1d297a8
00a846a
02f28c2
1c1eaad
1c06aa9
001a7a7
00e71a6
01097e2
1e7a74d
02c666b
00b2969
018dd25
028368a
1cfe757
1f12d88
1c1784d
1f79af0
00ed8af
030d24f
1f49b35
1f6310e
002d02e
1cb5de6
035f151
1d6b1d4
02dd2fb
02ee24a
0379968
025c4c9
02f9b4c
039ec9a
00e2789
00dd76a
039b4c9
00ec253
1de4b9a
00f792f
01934ed
0143e91
00df7a4
1daabbc
1c1639c
1e7d1ba
01c89a7
1e30a21
1e8d65a
0071939
001b6bf
02a705f
1d2a4ab
1ea9756
0157c7f
1c0173e
1dac041
1d8ec55
02404b2
02e92e8
0200a43
020c31f
02610b0
1c5f9ea
03db67c
0132875
00451c7
1f4bf8e
1c2cfea
1c75667
1d3c0c5
1f957c6
01fa95f
1eb0cfe
1e11257
1e9bee7
1fb4806
0316ac2
01b6cc5
1e816e2
1eab16f
0272404
1c9a583
1ecd6e2
02e8ff6
1f9d91a
018c77c
1d00d2f
1cc1e02
02acd17
013c42d
1e5fd63
02d390b
02fa90b
038d517
0393d1a
1c536cc
1d0f980
02bc560
0302c05
0168792
1c98fe2
1fa5c1b
1dc62bf
00487cf
1d34ed9
00d91db
039a166
1e338fa
0140a3d
01628d8
1c1c8fc
1cf10f0
01c09b9
1e63670
1e8ccd2
0112e30
1f7bb55
023f54d
1f6758a
00a76a2
00ada62
007c429
0010e54
02eebd7
019e235
02c09da
1ef3718
0008260
013d208
030a5bd
1e4f861
0270c46
1f1c7fa
1e3903d
0065e98
034cd42
1e42379
1fd5ed1
1dabbd5
02f4e6d
1de1002
02ec904
0294ebf
1d61f26
00920a8
1ca2ad0
02cb0b3
009f55f
1c22f8e
00840eb
0255698
03a91c7
008efa5
1d5131d
01c1543
03987b1
1eb22e8
1eafd02
01b6088
1fb0566
00dc921
1dc7ef9
01ffabd
1cf67fc
1cdc1ad
1eb6869
1d19a7d
00442ba
1c77acd
005cf0d
1f69642
0315d20
1e75c67
1d6437f
00ee612
1f67f98
1e7f5a1
1c6fd2c
0048f60
017dc2c
1d924a1
03655f9
02e15ae
1d7e1f8
1c3fef1
030c150
008a472
01f065e
1e06554
1e8b4fe
0235d6c
01c3ab0
0360de0
1c9a6d7
00d5da4
1e819c1
1df6578
1fa6098
1cc9ab6
1c26ed6
1dd6ec6
0219de4
1f41fa6
024bed2
1cfbd5e
1fde042
1eb236c
1d9b69e
1e4c47c
022e944
1e445b0
1df5715
006b804
007aad1
1cd3ede
02caca4
1d37d00
1ff34ca
1efe463
1daeaf1
1c3899a
1c5d2c4
02380a8
1d64446
03e8828
02a2566
024df33
1e9743d
1d84a58
002eeb4
03d0fdf
1f36dbd
03b3beb
03d06e6
1f7d758
028c094
1d06a14
001807c
1d3c768
0209301
1d889b8
00e777c
01805c1
03fc117
0155433
0152096
1ef1cc0
00199d5
027f65c
03ed605
1c37698
01521cc
00c4ff1
1eac26a
008a3ce
0004ce3
1c2a1db
03503ad
1cf2286
1c7b02c
1c24749
021af37
02367b4
1c5bc43
1ea2494
013ebe1
03f07f6
1f83d6c
00c9e36
03b0272
01d5212
1e583e0
1d57285
1f0eb0d
035869b
1fa359f
0021899
1c34909
1d73409
02978e3
031c5c2
003d993
1f06ab5
019ddd0
1e894f2
1e16723
01c4598
03e2853
1f43b03
02a9534
1cea74b
028c62c
1fd9cf0
1c707de
012f95c
0004ee6
03ebef6
039053f
005ee5c
007a269
1de3181
1e8068e
031dc03
1c54768
1d568a5
1c97371
1e10a55
1dfde85
00098b2
1ec2592
1f863af
0213eaa
006b35d
1e098cc
004c21f
1f57ee8
019a52e
1d9a6fb
1c48331
1cb727f
1ee78f5
033bf4e
00d7baa
032e053
00e360a
01021f7
0088800
0319886
03cee77
1edafbf
03bafb2
0034b4c
1dfe0a9
1d9c680
1d63891
1e37996
031bc1d
02c2e5a
02880a0
00fd887
01e9b4f
1c4822f
1cf3e42
03ea3a9
0352f0c
033fbfa
1ef8e8e
020101e
01e31dc
1f0b579
03999ea
033f814
1e77490
1dceb3e
1ead42f
03a3b30
1eb9169
1e3a4f4
1ce3325
017962b
1ce10bb
0121a38
1cc30d9
1d54111
03937f4
1e807fc
1c4e2a2
1c3a341
01cbdb6
0139088
00878af
1cd441e
1c4db99
1c2e9b6
1c1de69
0346ed0
00cfa05
1f1efc1
011eaac
1f8e7a2
01f9b96
1fc8703
02a1036
1e5ab97
1c3d8e5
02ecace
1e68bc6
038e428
1cc751e
1e69bad
037f7be
1e979a6
00b77a8
1da0d45
01c61aa
007b017
1ce131a
1df539c
1e8ccb1
017b2a5
1c14a0f
1cd074a
01f7a74
01a19a5
1ff7c46
1e83cc2
0282e9f
1d589f0
1d9029d
0083ad3
1e0897c
1cc9b6c
1ff6305
005779f
1c56898
1dbaabf
01cdb2d
1c3f4f3
1d5e8f9
02f6460
1d573ba
00ef05d
00955f7
00d7710
1fc17c9
0124fa8
036b771
034fef1
0356835
1ed03b2
1c91228
01f98d5
1ed77f5
039eccf
015b163
02f2cb9
1ff9adb
1e45135
1e36459
1e9fb19
0070a82
019e280
01d3274
02b5499
0173863
003d800
1cadc0e
00c5e4a
1ddfd33
035da0b
02719a3
00091d3
1d91f11
01aff8e
1d2d23b
1f8df64
0085e83
01e8e3c
1e2e42a
1d85630
0109559
0054b9e
00dcc3b
1f38da4
01e5647
1e5b7f1
1fa93ba
1cdcb02
01b2bcf
1f0c4d1
1fac75c
1e75188
009fdbb
1d3251a
034495a
026d575
0229eb9
1c25ccf
00091de
1ddc7f5
1d0bc4f
01a12dc
1d43b79
009aabf
1c59685
1cded77
02059af
0275db0
03e3a9b
1f50191
013a920
1dc35bf
02835a3
0194b79
033b5c4
01ae522
03f1ac9
03057c8
01d2026
0083434
1ef0f8e
1c06332
0178809
00657d4
1f81f39
0020d57
0206c22
037a336
0224f0f
1eea88b
1c583e4
1f609e8
016f980
1dc801a
01f1d4e
1d422ed
1c8c569
1cf5150
1f8ee89
03740eb
1d5425a
0104f3a
029ac4d
1fdf8d2
1e5f5af
1c9e6f4
01eb8b5
0168988
01b1b2e
02c857c
009847b
1cff98e
1eec9c7
1c60546
03b939a
01b3c94
03236dd
1e9c25b
0380f1f
1c5decb
1ebbd7e
02fc75c
02c2105
014809b
01a7668
0060f16
02619e3
1eb745f
1e98f2a
1ceda68
027c3f9
00ad15f
01564c1
1e64ead
02f2ff1
03f50fd
037e107
1cfda49
01965a8
010014a
1cc2101
1daee20
00463da
1c99d99
028f990
01d52ff
02cdf5e
1d3e75c
1d517c1
00c11e5
00e815e
02c5b19
1c8525d
0313296
1ef74a6
03f9a12
1fa71fe
1d7f732
0136418
0251929
004d512
00b4081
03e57d4
1c1e690
02d7731
1e5ed87
01097a6
018d514
00a1b68
0136540
1fc649e
1db24e7
03ab968
012aa2b
0256bb5
1eef7c5
01d0dea
1eb33e9
03591d9
027cc2e
00bb7e6
0329810
0180076
03b1ee1
1d9e9e2
034db22
1c47f7d
1db3d77
1e9d963
03798bd
1d2c9bc
1d2ca93
02ef8f0
1e3f317
0258d26
1e0c617
1df888b
02e2882
00e46ea
0177584
1fb2b90
1c84c51
00907f2
1ddc0a0
1ec17ec
1ef606f
1d4e039
018d045
0096234
03a8d80
0358665
0156136
1f2d746
012fdd3
007a80c
1fd6cb0
027c6f8
1fd141a
1cc6fe6
1e6c4c1
1c6bf79
1db9f81
1ec15e5
008f651
0121802
0148808
00b1f06
1dc2a43
1cf233b
1f411f0
009ff61
03a93e9
009609d
0083e56
0199c88
01d5154
1e3e7e5
01634fa
1d63a6c
1c248be
039b221
01f25df
1ed8894
024e5df
1fa46d0
1c25f7c
1e1da3c
1f2b0a6
011ae5a
1c37cae
1d6ce97
1c4a553
0359123
0112023
1e3a5cf
0022c93
1d0dece
1d853a3
1c919ab
1fb3820
1f8b803
0365d12
009137c
1c4d57a
1e06bae
02d92a5
1ecae5c
1c683e5
1f8476a
038438e
00abd2f
0231462
00e6bbb
1f6669d
02fff27
1f19d5f
1cd76e1
008a9cf
1f70ac1
1c9b22d
1c89b45
03dcac5
1d55642
00c445c
01379e2
0295789
1f45300
01e95af
1cc697c
1e189d8
03a799a
1d198a6
0279ea8
1d760ae
01f8936
02f8737
1db5e5e
039ea41
005955f
00cb4c1
012c4f6
1d7bbc1
1c0db57
021c3fe
02279e6
0289e9e
1ea9aea
00e6f61
1ccd615
1d0d89d
1dbc51a
1f7a387
1edb473
1c8393f
1fbb615
028f963
1f62c38
025dec0
1e7fe7e
1db574f
1efb0b5
1d293d7
03ac6f7
1fc21d5
1fd70c9
1c6b4cd
1e6ac40
011bb1a
1e3bc7f
012547a
1c985e7
1eec3aa
1fb8da8
1fcaa89
1ca6010
1d9552c
017c3e1
1ff597b
1ff6f94
0250714
0182917
01d6063
02e56bb
1e6163a
1c9e66c
0224ce2
1dc8b2c
1c13f39
1f30dab
0022ada
0235cf0
03decbf
1c18e02
014f92f
01048dd
00f1841
1fa0a29
0295e39
1f57257
1d54fa9
02cc2a2
01deb82
03f1000
1d56646
02ed8ee
02374ea
1eae7cb
02e7f67
022b846
1f2d1ab
1c41b76
1c87d9e
0275c56
1eb7aa1
1dbf1a9
0381324
1e90c21
0261e9d
025f698
1f6248f
1fedeca
1f90b9b
017948d
1e59b3a
1e22d44
1c34b26
1c1a07e
02b6a41
1fa54eb
03861a5
0239275
1e0065c
026de3d
1fe1df7
1fa5776
0245e7d
1d28dea
025f193
1fab433
1ddee07
028ee9e
1c1c90f
1dd4dfb
0044465
1db72f2
1e01430
1e5a49b
026ceca
03d6975
0236c92
00e71c9
031283b
000f6e1
00ddf8a
01d4d26
018422c
03601fd
1ecafb4
1d1e51c
1c42798
1dd7cda
1edb659
01f52fa
1e79891
035e2e6
00c0f7b
0319535
016d059
1efd66f
1d49919
1e1ce4d
1c72e59
1cf6015
1e072d4
028ead8
1f44e88
1e272fa
0093420
1da12e2
1f33967
01902e7
018ab34
1f16d3f
1e9529d
00e86f8
1fd7451
1ccdb46
018bb14
1db1610
013bf7f
0195777
1dd022a
1efb83b
0397acf
03f7bce
014f235
1d14e69
1f8b143
024b487
1d1b36f
1d37261
1d0cc01
002350c
1e8a823
025f0b1
01b3cf0
1c71827
0342fb4
1ce0c68
017e427
1f88af9
00a98a7
1cee629
034067b
1f5a43a
1f90f90
1c3186e
0073bc0
01a4895
03ee705
03517a7
1fc8d47
032f5e3
1caea9e
1d9ee92
038f3d2
0393c3a
015549d
1f1297f
01466ac
1f0e531
1c90373
1e675a9
039c09d
0180680
1d98f8d
1d6a89a
00c2883
1c9d7ea
1c94b2e
00f406a
1de258d
00e03cc
02cb133
1c85b24
1c515bb
02ecaf9
035e6b3
1c536a2
0289063
02e37cc
00cda4d
00e8fa5
0107099
0123f65
03e3bf6
1ff6054
00cdc29
1c84092
00ab856
01e90d2
1f1b465
1d77027
1d12913
02e471d
1ef2ec9
0336bb0
021ee16
0326c40
00a9d8c
00d3068
009a0f1
0069ca6
029a1b5
1f09f60
1ddee9f
1f885ed
1efda7d
0094077
1f8979f
03ba1ba
1f465f2
1dfd56d
1c565b8
1f4da03
03a23b9
1cb0420
1d4dc1a
01846d6
1cb88f0
02888ea
1f01a9f
1fc0a50
1cf4e30
1f5e9de
00461da
1e7eb42
1d82eb8
1ff5f60
1f3f242
01db536
036743c
1eff18e
1f333fd
0153847
00f6525
1ef7675
0014b9d
1f600c2
1ce0832
000059a
1dfb539
00b23ef
03dfa7a
02701d7
00d59e8
0042070
1d42520
1d3403b
010f79d
1ef4b87
1c6e004
02a3fde
025b3ce
1ec207e
01eddc2
1ff5dd5
03c7cb4
01251e2
1f0d0bd
0247541
1efe960
1eb451a
0030260
1c42b92
02b6a69
0304513
1fa854e
0152183
019f71c
1d8a710
1f41786
01a2ebd
1e2ce74
1c8eb72
01fc8be
01afb84
1d13885
1e54fb8
1ef6428
1e24641
1f8fb5f
1c50dc7
1c6cc05
0244b25
03dc2df
009c03e
1dd1976
1dbec6e
1eb1cda
1cc1f9b
037b5cb
1e5f570
01744a4
1d675a1
1df1488
1ee84b3
0186a48
1ffba7e
1cd1aa9
1ea8e31
033f7ac
1f52ac0
0134a93
023771a
1feb21a
02e4690
1cbb363
1d96a79
1efa7c9
01f6c39
1c28da9
00d4859
02650e9
02a8387
0009f50
1c3b0e8
01e5c38
1efde98
1eb3011
0220e95
1f451fc
02e2281
0044015
006feec
1dbc310
1fd8dbf
0122f07
1eb47b7
1d516db
00d47fa
03bd03d
002e8e7
1eef7f6
02a9a3f
02108d1
00ab75d
0203de1
02e3745
1ee9f2b
1cdea54
022c996
0022f70
017ae99
03b23fc
017dac7
1d73a01
0185e04
1c0d3d2
0011c69
03b5bd8
1ce0075
1d42ddc
02b5992
00a5633
03e1696
1d18390
1e563c7
0236377
1f75f8a
0130619
03e4f3c
0191817
1ee523e
1d19708
0339592
027a825
1f2891e
02ae395
03600fc
034afb8
012b582
0162858
035da01
1db7a4e
00b3d56
1e6e201
011d04c
1c4a79a
1c126cb
00924fb
1f03c4a
00ffc7f
1ef4ae4
032976f
1d0acf4
030ea82
1deeadf
02ccf67
1d59169
1e5fb6a
1c0a8bc
1dac5af
0290f6a
03f2c88
1dd89bd
02d0de0
01ed02d
1c8630a
00b6aac
008bb54
03e1f3c
1c27099
0325f4a
1fe92be
0236f6d
1ca97f8
1f0f069
036f8db
1c83f4d
02aa3bf
0042960
004b20d
007f140
1cfc693
1cb350d
01e2c6d
0310fff
1f18b96
005c2c7
01e1833
00762ae
1f87089
1ef524e
0021071
1fd8d69
02f7ade
00adf2c
1f18297
00b3a58
1d669af
024b443
1e74607
1e31f13
00613fd
03690e4
02590ec
1e037c0
1c08d4b
1f2d484
01f391b
1d8f443
1c693f4
02736ad
1df6d60
0133f2b
1e4d487
1e9dfb5
1d92e1a
020b026
1d9c89e
1e0de14
1c2b203
025fad3
1c3fdc7
0278a1a
03d2f49
02cbed6
1d59463
01b87ca
002fcc9
1e39fee
02c09ce
0051037
01ef24a
1e47d0d
1f5807a
1f40328
02449c9
1df6a3d
0083f76
1eb551f
1ce22ea
006e06a
1f44ace
028f7ec
01fdcb8
01ad178
00c59e0
1f54be7
1f63a52
028ffcb
0353bf8
0178aca
0204f08
03f622c
1f42603
1cc76ed
03f4752
1ffa4b9
1e01f44
01d6348
1f6b146
028ceaa
00ab43b
02e5794
03c1216
1c01f1c
02f597b
002d24c
0375ba1
03770be
00ddf45
00e68fd
00987c2
019dbcb
1e76ab9
1cea4e4
01318da
0396bf1
1d2d3e3
0132eda
016ef11
0096c4b
00c73e8
1c4d48e
1e735a8
1d03ea7
1cf3562
1c74912
1c592eb
1f2077d
00fe15b
001d0b8
0226e0d
0127122
1d8078e
01b0ca2
1c8ec3a
0281038
00ea97a
1f26b0a
01888fc
015ba51
1ee6dee
0170ecc
1c169d8
1ed126a
1c342de
1e8cdca
1e55d0c
03ce81c
1ffb811
1d3483c
1d7f7aa
02fe57e
01ed057
02f2aac
1c510c1
031ac5a
1deb668
037ef9d
1e0db90
1e8bf3c
1cf971e
1e37dfb
1f9157d
0365277
005c6d4
1f63ab8
1f6c122
0004bee
1c37dd1
1cf214b
0383003
1c6b152
1e9d782
1d88906
1d9d888
026cd98
1c68b73
00e69de
01a04c3
1cfc85d
1c51f97
1c91f23
1ee2f95
1d831f2
03ebde0
0228dbe
1f79080
0311cd2
1d77fdd
1ffafb9
037b0c2
1d6e142
011560f
02b10ce
02ae94f
1c0e7dd
0180765
1ff8e1d
1fb87e9
021790c
1c58c38
03f93eb
1fdcbdd
03d339c
1e21ae5
1c4a865
1eb5766
1cfc779
002e6b1
1de4a61
037d219
1c47666
1e848df
03708a0
035e7de
02c7164
00bf781
0138285
01f50b3
1ca3ce3
021cc89
1c39bf8
1e862f2
037f574
1c54592
1fbca23
1ff4551
00464a4
02fb8b6
1daee1f
1cc5970
00ebaa8
00658fc
1f61e8b
1e2f27e
1f163a6
1e5723c
1e73e45
1c0c3a3
1d94955
1c15c5f
1e9d4ec
1f735eb
00ac779
019576a
030bd85
1fea6fb
1ff0cbc
1fdd77c
028711d
1e81380
1d91d8d
1c45ba3
0199bbf
1dc82f1
1e39c05
1e1904c
1f6c581
01c3b77
00f208a
1f379a8
1d35860
1cbf5a9
02ba513
0169aef
01041ca
1cb44c7
02a0b29
036b2c7
00a8e4c
03102ca
1e7e03c
1f8ce0a
024769b
00538a0
032717c
1ed6a0d
1d0178a
1efd3fc
022a1c4
037f751
1f371d5
1d1e3ca
1e658be
1d7b3d3
0271765
1e64e8e
00060bc
1ca5d75
1d22d3d
1de0619
03a4fb3
0272070
1e40975
1f08c18
019dded
1d8798c
0296f90
03d6922
1c8e337
0021bdb
1f7b6b3
005eb68
00d5604
1f71ac4
1cacbb2
1e3cffa
1f77942
1ecc571
1ee89a9
1c9367f
027883b
010648b
03b65a0
1e09e84
011de88
02b20a3
1fb792b
1f6cfcb
00fdf23
01955f8
1d1cd4f
015ad76
03e98ee
02cdb99
1f61e52
030976a
02c3ae0
1e6cbf1
1da4b14
1e03971
1c7a7ca
1f5c52f
01ea373
01c56f6
1fa93c1
1c3065e
00dfe91
0121f8c
017ea0d
0277846
00dc6d4
022b22c
1d8244d
00d454b
1e62e56
03550d5
0112dfd
0273143
1f9809f
0226054
1c68958
1f79b36
02bdb81
1ffbdc7
1d98801
1c97e35
1ff7f15
028e1c9
03d64fc
1d7bbca
1dcc0d1
00e7ce5
01bf842
1ee8c4e
035a37d
1d81daf
03352ec
1ed4682
0185ff5
1e8f7f8
0345776
1fe6e85
1fa9d80
1f0c9a9
0188b36
1f947d7
000afde
014bf4d
00dfc37
00c94a9
036996b
1c18a78
1ef53ae
1df6318
0029963
00d9f98
1c106b4
03715a2
01bbd82
016fb87
034be28
03f2302
015d1b1
1eb57d8
1e2ce8f
03ad427
1d94c96
1fc9e63
1e5b4b4
00238dc
1c45679
02760e5
0066359
1dd7cbe
1f89463
029b43a
00076be
02ec2ff
1c43dc4
1e6ac6b
02b5927
1e44390
030d299
1f9f82d
1e16124
01db1bc
1f25222
1e2ae4d
03d1c06
1d4499c
00b72e6
1d72443
013893d
1d22747
1d94397
02a8619
004485f
0201f3a
1e8c7dc
1fc3614
1c63947
033196f
1cfb0b0
1fd69b9
016e915
1e95e0e
00fa24c
1c98e44
1f6dcea
1ea58c8
1ca7954
1c7555b
1da9852
1d028cf
028acdf
03ae0d9
0384946
1f7c995
0007800
1ec7e82
1fe3363
02faee6
031a4ab
00991fb
1de132f
1ce4ebc
1eae73e
009c817
1ff598b
010a49b
01e3453
004a1b3
1ee426e
1f85500
017c080
1ed2537
0149624
1e506be
1fac6d4
1f5b270
1e1ac3a
1dd0c7c
1c63962
03261fb
1cfa0c0
00b1687
014bfa0
1fe9ba9
1ed05a6
02c6f79
02aa3fe
1de0331
00702d6
03cfcc9
1ca4d86
0249d2c
1f72a62
1f0f319
1fa0260
0244055
038f4a5
00dce55
01f1cdb
1fc268c
035e490
03f86c1
1c900b6
01ec64e
00c40b5
1f186e2
017bda8
1ec2165
000d697
1dfa03d
03cd0c1
1f06d00
004dcac
1d4bbfd
01f17a4
03bc3f8
0147f60
1dd6c09
0314b15
1eb1cbf
027e228
02d1123
00c43a0
011c331
030bb10
00aade5
1cc15ab
03e411c
0306074
1f5aee0
1d3c47c
0146666
1d9c6c5
02c8059
1f36aa1
1ca983d
01112c2
0105847
1f259cf
1f8e842
1f422ab
036d6d6
1d7203e
1cdca09
031724d
015c036
1d44bfc
01b15bb
00cbc2d
1f9334b
1f89a35
1c66faf
02081cf
007c29e
01a3afa
1cd2633
027e666
1c71e5c
1fecdf7
1c96a7b
1d40165
1fae6cc
1e75867
00860b6
1e1215e
1f9765b
1f7f19e
1e574f1
1d2d501
1ed3e7d
1e99efc
1f3aff8
1d76095
008ff65
1f12913
01228b8
1f3d43d
1c92212
1f0a215
0194e8f
1e5b721
1cbb34a
1de60a2
1ddf38b
03ee9ce
00603a8
004324c
02bc6c0
0242ece
03fcf58
00d5e0a
0048645
0273241
1f66628
036914d
016ea20
0124701
1e59903
02c044d
01bb251
1f9f3f9
002c923
1f4f608
1df28ac
020e479
1e92496
1e56e03
000f0d7
1f15eb8
033dd39
1c5c4ad
1d3431c
002dd37
1ec42d8
1d281e1
1c44357
1c3cf49
0318fc1
1dd6c7c
030f7e9
00a31b2
012df8c
1f8641b
038cbf4
00fa1ef
0177546
023ee87
1ff8c99
03fa434
02625fd
1d608c4
00eae13
1de049f
0233536
1d20edb
034dadd
1e8615f
1dea531
01d52a6
1e11cc5
01a3c56
03729fa
1c907da
00e5899
1c7c343
1fc9be2
006acac
02efd2f
033d036
0317bfc
1d653a4
02f98e3
012c4c0
024f3d6
1c16b34
1cf79d5
1c51391
010447e
1fc3c25
1fbdd33
00368d9
1dd4017
0071aae
0064dbb
1f5c922
00e1364
1e247a0
1fed78b
0012812
03af59d
1ce053f
1dce304
03fe151
1d96834
1ebfd36
035ff7b
1cb803a
1c1cf06
1e380b5
1fe91a8
1eeb884
1c9e14d
0302de2
034ba47
01769e4
01cfa6e
032d244
00b6c36
039054b
021378d
1d7b242
00a0e60
001223c
0269853
1e6761e
1ecf1ed
1e91eae
011ea6b
03ab8d5
1edb128
1ef573e
1e627a8
1cc493f
027b3bf
0003249
1e6fe80
008a548
0156c22
034f150
01fd289
1df8b6f
03b46a4
1f430d6
1d25655
035af4d
038a418
01f1633
1fb7d7c
1d707c1
03eb289
1cc24e8
01701cc
1cf58b0
1ed8f62
1fb5c57
01b4ccc
1c8acbd
1ea1526
1d8dc3c
022c2a2
1ed18af
1d4f054
01453fb
1c9c821
1dd58fe
014b09a
1ce5102
032f385
1d51bc8
00d3640
029390a
036c684
1fe9747
1db9cc4
0051e0c
01bf248
1ee80b5
03d0d42
028bae6
038cf53
03fd6e3
1c529b5
030d0d2
01c107f
1dce971
1c573a1
1e86ea3
1d4ee00
01a1acf
1d5b5ed
1e0c2de
1c477bf
1fac76d
1d51042
0071096
1dde71e
0236a08
0203a25
03f5e6f
0350f93
1d17d22
035c23c
1dcf382
1c20e59
02d601d
1e8b5f5
1d63856
00ad22c
1e6cb40
019fd3a
1cf69b5
1ed25b5
02010f1
1fc0513
1eeaf78
018ef77
1f8edd2
1c2ed82
1d79a40
1ed5605
01f6e33
01deb3d
1f2b73b
009de6b
1d56ada
02dcd61
00d1d54
1c1ba1b
1d2cffe
0180a0f
039fa44
01d4618
01d976c
03542f5
033d87c
1ec9254
1cec269
1d74b32
00c2850
01d5f9b
0120a5e
022061a
1d9f709
0163aeb
03140e0
017ac35
1f5d8bf
1ffa52d
00a6559
1e889f8
1e8acf2
1d1b267
1db4840
01aa3c4
0082248
030125a
01ac57b
01e63ba
1c464fe
003e3b6
01a327d
013b90d
03eb9ac
021af99
1d1952c
1f0f375
008e847
01bfde9
1e1aef2
02c4736
1c56378
1fc3c54
01efa20
00a9764
1f05378
1f2c31f
02b9bf4
01d37e7
0298863
02fb842
038bbc8
1dc103f
01beedc
008fdd2
012d064
02ae42b
1c74b2a
1fd0722
029161a
1e2eed4
00969aa
1f22e20
1d8e05d
01ac916
1ec908e
03da3e8
1cb238e
018816f
038e506
1cb05d0
1c12230
0252da7
1e0e032
1ed1483
014803b
03a0b9d
033efd5
03691d6
1c9de3f
03e761e
1fec2d1
1dd8867
1cbab96
1c8011d
1e9a7d2
0247485
017c508
1ed40d7
00822c9
1d79038
1c66577
1ca0949
1deae44
02f3e9c
0383048
1e05e73
1c07267
1fe15ec
0111dfc
00309a4
1ce2d73
01e55c3
1f90ce0
012d62c
1f42998
00575c2
01b8b83
0028c81
0094b8b
1d59827
1d8ed52
0397104
1dd801c
1c63297
034bbe3
030525f
00cafe4
1faf5f5
1c83adf
0208e6b
018ffa1
00339e9
1fe360a
1ce3ba3
037eeb7
01c5e89
1ec54b6
0365ae2
1f88213
0088811
1d32e0e
1d1a896
032c9e8
1ec6090
1f0cbe2
0160d0f
1f5aa2e
00762a1
1f531f0
03810dd
1c525cf
0250ee6
1fbaf5e
1d52f56
1cf2fa4
1c9ddf4
00979be
1c82df8
020c126
0380a61
0052889
1ca0dc3
00a9ab0
02b5843
1f55dca
02778b7
00dbf75
1db9272
1f50cc9
02de3a0
1eb7468
1c4fc43
1d56683
1f58232
02bdff5
1dc1532
03f8989
006ffad
01d9f78
01eab55
02a1a5b
0293132
1d17b66
1c565c9
03a138e
1d8731e
1e288e1
1f2d741
1d56577
1cd8851
1c3ad15
1c5088a
1dd2b0a
00a3991
002e827
1e3ea3c
1ffa69e
00bb21c
1fcb366
1d40cf4
1df3ccb
03a6f3a
00bad99
1fb8d3e
1d1fb54
1ead632
034087e
1e8e2a4
1e7ff91
1eeb26b
1ff7863
1d91ea7
1f46949
0102207
1c5922a
1edf935
1c863fb
1cf660e
0388e94
1fc65fd
02aabaa
1f219cd
037ab2a
02de29e
01c6e90
1fd9279
031a8ed
00068b7
1dd79ed
01236c0
02b048d
02b7f6e
1d638f6
0228c05
1e2e9ef
02dc750
03add18
0018ebd
03f0756
039f899
1c42cce
1e55654
00bf168
03c1bba
1d4664b
1c56455
1eb7384
02c831a
1feefb5
1fcd797
1dfa38c
02042e6
1e9163b
1fc3feb
1f4b083
0025bbc
038abbe
025c554
1fa7a48
00e19b6
0227559
1cc2a54
1fec8e1
005af1d
1f4f8a8
1cf164b
1f9e079
014dc6c
1fc11f2
1e17cd1
1fe1c97
1da4fc7
1fb1ffc
1fe3003
039b80a
01cf94b
01462a2
1e8bbd9
02c85a8
00686bd
1d554fe
037951a
007404e
01cdf1b
00937f1
00bf3c7
0326be9
1e93d6d
1d5c1d0
0105ce1
0300702
1df40ec
03e5ada
1f25dd3
02099e3
0096ca8
1d557db
01a08a5
1e353f3
0217478
012bd55
1ca8895
1f0bf3c
0105f4b
1d6a4db
014dbd5
1e14c38
1c78645
1ef1f72
1d449b6
1e86f86
022509e
025ac70
00e04cb
0340ebc
00b4bcc
027bcd2
0333884
00be983
1efc3cd
1eda016
03cb56d
030dd52
031f223
0378ee2
000ec4c
03d6111
02021f9
1f6f389
006db0f
008c466
00970eb
1ec6761
029e7ab
1e6b5f5
03f5ec4
1f20ba4
1f32dbf
01da024
1c8353b
03fe2c0
0129feb
1ee9ae5
00f1690
1de14e9
034755a
1d43532
02b37b7
1c5e548
000d7e1
0046ba9
023a88b
1e71109
1db6859
017b48b
1d05150
0210fb9
0245a41
02121aa
025e6f1
1deb77f
1f25b6b
1fdb877
1f64305
037ea22
1e42225
1fb03c5
1d47f10
1c44495
1fac538
0324dae
1d9cdf9
1c952ae
1c92f4b
1c1c31c
1f55c74
1c69847
1cbbd64
1ddc3a9
1d006c1
021f92d
1dbe147
1dbd4fb
1cce61b
0126f19
1c236fc
0276078
1eb7a54
01d38b7
1fbe21a
1d84fa8
1cbc830
02dc749
007de07
1cca3e6
0059b82
1dab9bf
1d91636
1e573a1
020e4b7
1dcb72d
1e664bd
1f58813
0299c0e
1ef8dd4
02de235
0024390
1df9dc9
02cc5ac
03b22fd
0227d21
03be12b
02d79f6
1e216b5
00aeda2
0231f08
1f27618
00d7777
015bc5b
02a2869
01c3d60
1ca30b7
1e0cf86
1dd76da
01b611b
03b4c6b
03655ce
1c27744
03c3401
03a6156
1dc920b
1d2e72f
1eba148
1e86dfb
00a2c2c
1f1073f
1d4a2e9
0089f77
1e73ccf
02368f0
0368f54
0278a91
1e89e6f
1ee668d
1e8d2ab
01f2d17
0241d42
00d0958
01f67fd
1c9f248
1e056f3
1d4c33f
1e8c6c6
1f901b6
00ae870
00663e1
01c70a6
1ebf493
023371c
1e577ec
01844b0
1f0e7a7
1fa1dee
01996d0
1d91cb2
1e99816
1cb6e32
1fdc936
1df2c7a
1f72724
0247a97
01936f9
1e96e91
1f65f83
01393ff
1eb9335
0265ecd
1ec1751
1ff39d7
1e2b12e
1c6589f
0188d44
1e0be84
031e48c
1fc184e
01e328b
02f0549
1ffa944
01e974b
00a7924
1d03254
1f70c04
1d20ddb
1d874b5
1c676a0
1d70cfe
1f79498
1da7d30
1e047c2
1f2304a
1ffc948
1d360d1
1ee5c1f
031927c
1d92cad
00ffb9e
039ef52
1fd938a
011b7d9
014e3f6
00acb64
015b788
1e7f96f
003d4bb
1e11c71
02aa430
1fe06d7
025d01f
01d1990
00b109b
1eb1ece
0016101
1cb794b
1f837aa
03944e4
1d53741
1dfaa4b
03ce3e5
1dfc173
1c29d0b
01dd6e7
00626a3
1ca5553
1d65ba6
034eb39
013e40a
1ccb6d3
01435a5
01b53f4
1c87baf
03c37e5
1e7375e
03c2a97
1c820cd
1e2a02d
0285b9f
1c77d26
016e8d9
00c4ddb
1e63f25
1e5e406
1cf4a2e
1ff5b51
00e8c91
01ffbfa
0053a6c
1ea7430
1ce9a02
0156cd8
025502c
1e05df6
0031a18
1ede884
00212d3
1f0c0be
1ec818f
1dcbaff
1d8e85c
0019178
1d9a348
1fdf599
035ee45
1f4d9a3
1dcd438
0298932
1e767ed
01f5e77
001c326
0311510
0156e6a
1d7685d
1d968df
1c50573
1c64547
1c44c3a
0185413
1d448a0
017edd6
1cf329d
1ebf8e6
1f8cc2d
006d5e2
03cfc97
01e42b7
0314996
1dc85fb
03e84e3
02f1633
1cb7031
1fb50e3
1cbc5bc
1c78f6c
1eb180d
01750c0
03ea390
0171140
03d40c6
1cc20b5
1f8e6e0
1f49969
0316cd2
1e36d91
1c81bc1
1e0177b
1e55f31
1c75a85
03d5e3c
1ec9fc5
1c7cec3
1d11841
03edf78
1e1a486
0303b58
02e7680
01848da
03922cd
1fde725
02b151f
03b3c7e
1ca18af
1c28c70
1e0b59a
01d8cb5
1d57101
1d7cb75
1d9d9a5
1dbfb41
1dbed3f
1f551fe
02839b2
03b4271
1d323fc
1d6c003
02b3b4b
1ebe126
1c05749
1ce3e6f
00195d9
1de59ab
0342f4a
00d5156
1d1d6e5
1cb270e
1fc6bb0
002b325
1e8a797
0169fad
1e37290
034597c
03a2af3
1f4198a
1daedee
019d9d6
1fc1fcf
1dd035e
1f98b88
1d9843e
1f1a868
03e6f82
1db9249
01cdb0e
1f3fce9
1cfe2ac
03d5d51
1d0a14b
1ef029a
1de412f
1df2a06
019dcc5
1ebc6a8
1ebcd0a
0385980
0107481
1e8abf9
1d3ae41
1e96162
0090787
1f56623
1ce1fb9
0266fe5
1d46c45
1e7f8fd
010453f
003b1ac
03805e8
1dac26f
1e009c1
1d4bb30
012bc10
1d7fb78
1ee2639
00c2e5d
005a30e
03f29fa
1d190d1
0293f5f
1fc0aed
1fd0996
1cfe2b0
02c886a
1c08e55
0179e9a
0291ba6
018edb2
0117d3f
1fe15a9
1fe919f
1c76214
01a4081
1eeddfa
029fb97
1e397fd
1f63261
0219fd6
018d8cc
1fa9cfc
1c16b9c
1d92013
0050eb9
1f0a892
1ce94b2
0338753
1c6dacf
0088946
1cdc4cc
1d98855
1de0e61
1e01e8d
02ec9d6
1d8d123
0317cf6
0144f19
0082179
035163f
012aea6
03845ad
018cd8d
02bebc8
01eaf1e
02a33e8
02cd04b
00dc92e
02b27e7
024b70e
1d4b59a
1c67a3e
1d87014
02e7f8e
1ea9c1e
1ced4a5
035c888
1e5db33
1cf85dc
022b6c4
01f0297
1ef2523
1cdf35a
1c8b566
01fb084
00115f0
03dcf38
0089b30
1d98e0b
0233031
1f11d7f
1e005f1
000f195
1f17320
1e34fe7
03a9a46
1f4faf2
1cd14d8
1c3e82b
1db4319
1d1f745
1f5aa98
01c93ae
1de23a3
1fe3d99
02808a6
0054221
1d172d4
023a628
1f6cb1d
018a5ed
1da7d6d
1ce4002
0136d15
0317937
02c75de
03a884f
1c46c9e
01879b3
1d5805c
1ff7c3d
1e197b5
03ddc44
039a357
02e8577
009c60d
013fced
007777a
00098ac
02a9205
012ba2b
00f2d32
0169858
1ced28b
1f7dafd
03a9fd7
022fbcf
1c8ea85
1f2ab08
1d7cd46
0149be6
0391721
1d718f9
00d27d5
1c17878
1c960a4
02fdc60
02b7a39
007bcfd
01c2c31
03d5100
01469e0
000c1bd
1e672bb
01d0838
1d7db53
0391bf2
1d4c981
00d2a2e
00984e0
027b987
03b5ea7
1c6a286
1c4590c
1fdb483
006c02d
00f198b
1f4cd74
1f097ac
0273b58
02e7bad
1e61ff0
1e9fae0
038e43d
1ebdf44
1e9e68b
1f6e59f
0302f38
00c16b3
1c2d430
1dbe5b8
014eabb
00f73e9
0204cc0
036bedf
1fdc157
1e564c8
01d1cef
037de21
009a05b
1fb4191
1c1071d
1eb02ff
02bdaa1
1fe4131
02740d5
1dd9f9e
1fcd779
016bc6a
1d5d12d
1ef8041
03dacd0
1f3e337
1d8803a
0157de9
1ea4af1
1fa4f32
01c0da0
1dd02ed
1c2e554
1e33a05
008632f
01858c6
03d598c
1c56ae3
020eeec
1d75ea2
1dad300
01563e2
1cf786f
015f7b7
1d8dff3
1eb09c7
1f09cc4
0255d24
1ec2f94
03ac777
1cc58ac
1f62e1f
011a8f7
0175f87
025e1d8
038497d
01840ab
01d3b3e
0281a27
000db45
1c00282
1f84397
00b154b
02ea3c5
1c171e5
1fa90cc
0327721
02e0f75
1c16e97
027a6fe
00dd363
1df4c9b
016dd88
1ca9981
03f6e08
1ea168e
1d0ca41
1ed45cb
1ff2b9f
1c8ec33
010f797
010bab1
02d1155
1f8ad5b
0237878
1c905bc
0272d1b
1f4ae56
03c245d
0142042
032fe64
0334628
020502e
1ec6f4b
1f135d1
0121342
1ca9f2d
1c81e40
1c245d3
1daeb82
025098f
1c3bf0f
0236d98
1e98869
03f597c
1ef74df
0372f30
1dd2ae8
1dd6db7
1f60d20
03a4b88
1ce7758
1de9350
1c99b10
0373134
1cf4a57
1c79c17
0376663
1d636d1
1f292a7
1e25c1e
1db22a4
0336482
1e99625
1c5ec80
1d8532d
1fefb4c
01927c3
1fa6384
0081f6d
1ef8c78
020b0e2
1d09db4
004de23
1ca7517
002133d
1effa9b
01c6689
033bbd2
1e82a59
0349c79
01cf175
1dd28c8
1c33705
1fb8b3f
01d016a
03309bc
1d4cb69
1dfd655
1f44024
00f7b52
1e72676
1fbe560
00022e4
03e9020
00ea454
1dfddfc
00fbc8a
02a8856
0360e85
1fd9ed9
1de9c02
020308c
02718e2
1f4e669
1cdcddc
01a2a98
1e638b8
1d956d3
1fb3f00
1f1e1dc
1f60471
01d7fd9
0137867
0114ace
1d25a9c
1e73b31
00aa551
03eb549
1f8e75a
0296e12
0339a5d
01792b3
1dc8f75
1f11602
0335cbb
1ce18e2
002249d
00596dc
035b78c
02d8bb7
1ec4060
01fcc14
03b8914
0068c28
1ce8574
1d8626b
1edbe31
1cb3361
01c876a
02fad97
01843de
02c251b
1e25937
1d5abe1
004254d
00f4daf
1f14828
0233d58
1d8d978
1c7e9a3
0124071
1e29e62
0084d42
02aef60
1d645b5
1c58ce1
1ee1cc3
1d2f87c
1eeef36
01c9fc3
02a31e8
00b2842
1f8d578
1f68093
1e6693b
1c52b09
1fbcb34
1efeec3
1dd9d42
01eaf0e
1ef3641
1d42138
1ddb3a8
1e44046
00dec6c
034b009
0225126
00e47cc
1e18bac
0288b59
1f97fb0
020adab
1d3f096
1f55075
029a65e
1f65e1d
1f36b3d
027277f
0305e31
015e441
1e038d5
1ea7f30
1e36b50
00b65f1
035eb16
03b2902
1dc4cc4
1f1fe4c
1dad979
1cc90d2
1f7ef5a
0168556
1c1af09
1dabfa7
0327118
1e65c42
0144e25
012eec5
1ea82e4
0238c35
0077cbc
01e8ce8
03adc61
1d23d43
01ff83d
1c679c4
1e140c2
030a3fb
01800e6
1d2d295
0101631
0311c94
0132a08
1fd671b
01a9f90
0185a6e
039b72e
1cb4d34
1f12528
1ee3d5f
02f8e32
02a6c30
1c2b6ed
1df5131
02f92d4
03b49c2
006f477
1fd48bb
03a84db
1c76cc3
01f80ff
02033e1
1d4349b
1d10e40
1c7dccf
1e2cc0b
03830b6
037ccb2
1e885fb
0236d10
1e4bf66
1c2fee9
1d1c0e0
1cc1e07
039042d
1e8f99b
1cd7295
1d59b25
1facb21
1d27a4b
1e90724
1df6e6e
034d42f
0127bf8
0013782
1d14620
0121380
1e99579
01b58eb
02b3fdd
028ec4e
1f69082
009f993
1e3ab09
006617e
1cf70d3
0250fb4
1c18d0b
03b1152
0085156
010c952
00564f0
1d89915
01e5569
03614ca
1fe97a9
0356819
0207cf8
0028f9f
03eabf6
01b1151
1fbda0d
039c504
0273708
012c0d7
022b1b2
1e32f6c
030e9f8
02548cd
1c7178a
1e6bdca
1e732b2
03898e1
1e8b7f7
000df3d
1c9c28f
01fa750
02e45d5
00bdc6f
1fbe105
1f2b10f
1ccc9d9
0314439
01f57b3
1d9e87d
0088177
015aa76
00c1154
02b1e7a
02603d5
002d064
1f75530
1c1cb85
0130286
00455c9
1c111ee
1c8ddc4
1ede822
1e37987
03f3f5d
02a9058
03d1c61
026364e
0372bd4
01762bb
1eb3c35
0256e58
1c53e47
0115ecf
1d25be7
1d556db
1dcb758
1ea86ae
038cb2e
030c56b
02624eb
1eb4976
00f8884
03d339d
02d4a66
1c3f11c
0332970
02cac1a
1db7554
1eee459
1e18673
1f4887f
1db2391
1cf8795
009c5a8
1d8d039
035af29
00ab592
1c11fda
0276b8a
1e3e6a0
1e04c07
00298c4
0324dc7
1e25fd9
1e312bb
1c62d01
1c793bf
1d5bfc6
006c326
019d54f
1e9b1e9
02af8a2
0375a87
1faf937
012b926
1dc79fe
1c170d6
1ecdda0
030901d
01c02b8
1d87036
1dbd36e
02f7025
0262f3b
0354ce4
01b8d3d
02bc618
1ce5a95
1e11ebe
1c95185
1e403fd
1ed1265
021206f
1d781c8
0151ffd
02ccccd
1d9b3f5
0203b50
1e88d97
01e0649
1d0bb1c
1ef6b14
01a39a9
1c025fb
1d0c12d
024e137
1ec9cac
0329ba3
1edab46
0188abe
1cb8de5
00efe5f
0013939
00b7c61
0326a67
1e04455
1fa43b1
013f4f8
1d029f3
000b182
00f9f5b
02a3bd3
018f976
1db105b
00021d7
1e4e3cc
1d4fd99
01c50b0
1ebcce1
1fd00d6
1eb004e
1e6ac1e
1fa65ca
01e9cae
03d285a
1d283b2
0050a42
1e74326
027e196
1f8d92e
01883de
02a10a2
1faee0f
00c49eb
1d3deb0
1e0b7f6
1db9a30
036d19a
1d9c682
02ba718
1ea3071
02a1c83
01866d6
1e737e7
1e9779f
0178f79
1f22aa4
019bf46
03e99dc
1ed2cfe
1eab83c
1c51c15
00d0a58
1cfc664
01c5e9a
1c5f265
016f307
1e0229f
1de398c
1ee3c53
025702d
1f8464a
01ea991
016c94f
01f300f
1cc2a4f
1dfa002
1d494b6
00ad3f4
1d85c89
1ea1b66
026a792
02b5811
03b3dbe
1f4b786
0358b17
1ea4b2f
1ffd6b3
0214d7a
1ecce62
1f9c7b5
025e82d
1e50226
1f11618
0095048
028dbd4
002558f
008722d
1c72666
01f43db
02fcc41
017c087
01479f9
1ccd446
1c200d8
01438f7
1c8f548
03a2f44
01a0a89
1d6e935
0333505
1fb44df
1d96e48
1d66017
03f86e3
00690c9
0105a44
1f4b7a2
1c4b90d
001136d
03b3423
0281617
1cabfca
1e45f1a
01a9cd1
029133a
1ce7b2f
1caa56a
00b565f
1f071be
1e687b8
1d434b9
1cb8871
1c695f3
1fc6249
0145548
0267257
1fbbe0a
1fc96b1
1d82fa0
1dfa927
032b85b
1d9cbd4
1fe78cc
1fd42b3
0384843
1d2b1bf
1caf1d4
00e48aa
02cee86
1efdd2c
03c6db8
1db6169
017553c
1e63a79
01f8d69
1c5cc45
01c82af
1c210be
1e1b56c
1de8e4a
0397074
0329fbf
1f3f779
1d25908
1cf86ad
1e12f3f
1efab89
03c92c5
03a1b0a
008f8e1
1d4dd6a
03f63b7
1c15957
1e677f4
039d979
1caef92
01882fb
021cc0b
1dfda6d
1ce4f1e
1c8ee39
1f3069f
1d0e2c3
0359633
1dd49ba
1e2f62b
1c15803
1e338ef
038e223
0315d83
1c4f233
006e898
1faa478
1fd1a9f
1dbf22b
0259173
0342bc5
00616ff
015cc8e
02bb089
1e65a6d
039d6fa
1d92ee7
0385ed3
00a4f6e
1c49150
1fd1706
1c32149
1e0ff9f
0297ff1
0148124
01d6e0b
0151c43
1dd6b4f
031ccf9
033749a
03e2bf7
1eec4a9
1f14174
1f391da
1e855a3
00d2252
017c771
0086968
1cd86b4
01b3a59
017edda
1f4b215
017201b
1e76560
0048b4a
01a5bb3
1e2098f
029398d
0206834
03f6fcf
00f1e5f
0094f69
1d075d7
020d8bb
001a3a4
1fe038a
1de2985
027a044
1f2c969
0283efd
1db2ce4
1ea9bf1
0035ab9
1d48df6
1f3e029
00f7c08
018d22b
01b13e8
1c22e20
1c09d02
1f661d7
1ea8c54
1c1794c
1fcc08e
0183430
01f95ae
03f1ac2
007ba76
1fa648e
020cf53
1c462ed
0078c5b
1cfc4b2
1f22eb9
1fb5db0
03403c8
1d0e394
038ee93
1faae2f
01d86ee
0158c5f
0234c17
005f1d6
1e0618f
008e43b
1ff1e0b
02c6ce0
0331710
028481f
1c4963d
1f4abd6
1ceb2a6
1d15ad6
1ff8102
1f1ab0e
03bceeb
0324e38
01d5fae
0260e7b
1e2944b
0311989
1e583ba
0361779
1fd63fd
1ec827d
1f7e8f1
1c34dda
03a87cd
007164a
1f7f082
0092308
01f8b72
1cc4ba2
0313e53
0372b3c
1d407d2
02c55ab
1e1cd32
1dc19d9
1d74757
0186a76
1f537ca
1df660c
1d26b62
1cf125f
1e9054a
012f51a
1cb9b47
1e1eed8
1f39938
01e77ba
1cdc9df
031c0b9
0001878
030d811
01e4360
02ffdd0
02a345b
014fc49
1dfeada
1c0d309
0263312
01cf949
1c7aa44
1fd4f80
021da10
00fa14c
02f4002
025b724
00932d0
1c89f63
1d58d69
03a839a
00957ad
1c52c74
009e02d
1db5f4e
008ffc2
0102fa7
03960b3
005467d
1e03334
1c82537
030a8e5
02b7f62
00b6b18
02ffa47
03a438a
018737e
03666a3
1d86e1d
1e47a72
1d1eefe
1e88bed
00dc7ee
1e0b8b5
1ff8a30
1f79507
1e3e6b6
0381240
1e69be7
017c97a
1c85706
00ee5ac
006b0f1
0009843
1e428a0
1d4a480
1ffcf53
1fa8986
02691b8
039fc43
1cf0577
022bb4a
1f61d87
1c75f0c
028e5fb
1ea23fe
018fc37
1d1ce18
0148cc0
1c50bce
1df71ef
007ba6a
1e448bf
1d16b72
1fabc4f
1e02c76
00532bd
02dc8a2
1c93e31
1d440fa
036a952
03d33c9
000ce82
02fbe18
1f35f37
1c65fcb
0268048
0089c87
1e22d35
1f05246
1f45dd0
1ea0d65
1c280db
1d74014
1e3dcaa
024fb60
1d5a315
000ee94
014ff19
1e9f4c8
013d1bf
024fd12
017ee7d
03819a0
1c43d65
021ea0b
1e9097b
00faffc
1e277e1
03ba9c2
001ef62
1c31725
01b137d
0319285
00e2024
0268f5a
00d5073
01154f6
0061fe3
00f138f
1d896a8
010cc32
1c6df7c
1fafe5e
1e4843c
02e0e0e
00aa058
03ebdc0
022c975
00775df
01d256d
004334d
1e18e18
01b598b
026ccf4
0324e1e
0117d57
01c5e19
1c9ac16
1f71394
0121cda
1e31188
1d28a29
1d53781
1c181ac
031f1be
03374f9
1f32ca2
02eea56
1f6123c
1c37202
1f704df
02032d6
021f57a
0094243
1dcc7f4
025d9e0
00a67b4
1ea02c8
025ade1
1fcf6cf
1dcc5ea
1dffef7
1ce6962
1ecd9af
01111d4
1f971d2
1c2d913
029004c
1d1bcca
1dbfa73
00708b7
0397821
03e92cd
1ce67a8
03fb9e5
1eebe4a
1f8a68d
1e6b81d
022a6a9
1fdd096
00bf6c1
03a1503
03b5efe
009d905
1ffade6
1eb0045
1c8c825
0035f35
01bab00
008cfc8
004aa22
0339cda
1ee0d96
1c66d91
000db3b
00ab446
02e14e3
1e46c8a
1d6b68e
013eb03
0105145
1e225e6
035845d
1caa4c5
011e9d4
1e0232d
0138bca
1e7738c
1e39187
0100178
02c22fb
1efe5dd
1ddb1fe
1c5a249
0396843
015d135
1d0e0de
02aa2d4
02b4e90
1fd4b14
1c3115a
1d4c78e
01913f9
0010714
01dba49
01b5767
1f2d1f8
1f804e0
1ee10c0
1e2681d
1f86624
022f39b
00e69ef
1f0d0e6
1e051ba
1fd28ac
01d56f7
014a747
02033f8
03a523f
031dd33
0118a7d
0035240
018e6d4
1e86ed0
1d0d4ba
02874d3
03fbec6
1d0abeb
00ebf8c
1c215dc
1c56af8
02c7235
1d03f2e
1d6a35a
1ef46aa
00a8056
1f7770d
03db2ae
01f8332
030e018
0067bee
1cd4d7e
0053de7
1c6f44f
01c5268
00d7dec
027b507
02a3d72
03d3349
02c2618
0182ea5
1c94292
1d23c12
1db6dbc
1d0eafd
1e48d85
00258d3
0293f9f
01aa91d
0365c1f
1e6bbae
01fc761
0382c15
00b1ed4
1fbe041
1d071df
1e58616
02294d0
1da5e0b
0357931
1dcf254
1df4900
1e06c71
1fe6535
1fd142f
1fb098b
02df7b4
1ed1bfa
1e9b456
0237a0f
1d84a77
1de89c6
1f4da8e
0277e3c
031694e
02d075d
02fa429
00a37c7
0126051
0064885
1d17d25
020a9d0
1c55cc0
1c736f8
1c1cb53
02eb318
0131ad8
0261459
03d8679
0236a00
0213c24
0275235
1d42c93
01f1309
1e5ba89
02f7b65
01eee17
1e60033
0069516
026fd0a
1c17674
1d8e94e
001911b
1eb2a5f
1eb0f8f
1de10b0
1ea0b7c
01c6813
0234eea
1fb94b3
1e945db
1d2ee85
01a00b9
000a767
1f97322
1e5e189
1deee52
1c66f2a
02be86e
1d44f18
0349470
1f9162e
00ef667
1d77df2
1e43e0b
1cba66b
011098e
01a6264
01bbc1b
00e3c4c
1fad040
00266df
1de77ea
036dd7b
1e6904a
1cf2400
1caaaee
1c86520
1c62b8e
1e02504
1ddb576
1f45c6f
02f0173
01f90af
1de7caa
0135cdf
01f7d00
025322b
037fccd
0045ed7
00c6d51
0043175
02d2419
1e7da51
0399ec8
1d36e8e
033d9f5
1f73fe3
0225616
0100686
1d40b3f
03f8415
1dea1e0
00eb3fc
1e8c072
1e37db6
1e5a1da
1e37f06
0171c9b
0128e5b
1e82976
1f62f5d
1f2c04a
0076e1d
03f64d9
1cd258a
1c6fcf5
010936c
00d0c1b
03548e4
1c97044
0248eb8
03dc2bf
1e6333a
1f6970f
01cdb94
1c50b98
00d4105
1f86625
1c4912c
01e56fa
01b6622
1d69bfc
1d9051b
02d3589
034ff83
0175db7
1eac663
0007e2e
1ebb1c6
1c51977
002e20f
1dbb1d1
1c0b53f
034c212
010ca40
00846c5
0031651
1ea94de
1e05032
0121875
1fce4f1
00beed2
0158518
1d7e418
024d526
0339ee7
02e678f
00547f5
1c90c0a
0360005
1eaf759
01364df
02ce980
0151daf
0269746
1d22188
011e8d9
1c9e1e5
1e889b8
1d7b663
1e09228
1f2b23c
1fdc5ea
1fffd0b
1c7fbcb
03825c6
1d195b7
015eac4
1ffb4eb
1db696c
1c898d0
03de0d1
027fecd
1df2711
03039d9
00e2a31
03eb0e8
02550d6
1fd0bdd
01c6c1b
011cf52
1eae2a8
0149765
03ebc0a
1c812d5
01807da
1c749f1
1e795d1
0168da6
0095622
1d281f6
036ab1b
0178399
017e80f
1e3863e
1fea413
0224d35
1fd3cf7
1f932f5
1e7799e
1e7aeab
1e22421
1dc62cc
02ae091
1cd02e3
03d3790
1e2c5b4
020f5f4
1d09ea2
031e952
0373a3e
1f925a7
1f3d807
1dc09ff
1e568ff
1dae0be
1df321f
1d1fdd4
03f0848
1ddc318
1c8617c
022e419
1d46d2e
014a6ef
1f6430b
002cf9c
1d4998b
1ff7286
0378721
01a7db7
1ff18b4
01aa7b8
00fcbd2
03c58a8
008864f
1ef5ca8
004aa5b
1d05056
01d702e
02c0dff
1f5ff03
0071892
00e0904
03ffa62
1db1787
1e67fa7
1e04394
0076c2c
0130dcf
1f28af4
1dbee89
0068ec6
1c3b413
007b547
0243b10
029fd23
1d9e0bb
03ae2b3
03d080b
1ff29a6
1c29c3d
1f7e629
1ff14ff
009353c
1cacd81
01495be
1ce1a62
02788dd
1f50c2e
1f8695e
1ef32fd
1fe87dc
1cf4ceb
1e2e681
011dbcd
014b4fe
033a6f3
1f9c7d9
022bc91
1c4c3ad
01f1615
02f3444
00618f3
1c29078
1e4634f
003513a
1f1d603
1e92e44
1e611c7
0281eb5
0033d78
1ffc9e5
031ac0b
01cb53b
1d3b696
1ce917f
005b944
00c8116
00d8be6
1c92838
1da743b
008f92e
006c076
1f86d97
017809d
1e8f991
1c775ac
1ce6887
1db2064
03ba8cc
1d3e41e
1f923c7
02c8c55
1f60f6a
1dfc147
1c146e9
1f8ff5c
0310a6c
00a9d93
012f27c
1cb2f28
1dca624
006c294
02ed4e7
1d552a7
005ecde
035109f
01ef099
1eaaa48
0165cac
1c998c2
01a7da4
1d347a7
01a06ea
1dfb540
1d31fa8
006e399
1eda5e2
1de0cae
00dc486
012df64
1c7039d
1f74c87
01907a6
1ca1304
01ec002
1d87e32
1e6bc7b
1f2902a
0239d22
1fe6917
038a2fc
029158d
000f275
1d557cc
0267386
0010402
1c97bcb
03e48ec
1e69e5b
1fa537c
03fc7a8
01618d5
0319cea
1c20dfb
0062aa7
1f6f353
01a166e
1d62efb
1cadb71
02565ff
1f32aa5
0156dd7
03a32f3
1cd0923
1f82404
026ba4f
1f82690
0184a2d
1e0ab04
02595b9
01e0ef8
1eea31b
1e33633
03a4eb0
00ad22a
0139332
1ef7225
038257d
031f137
1fde976
00df62d
1ff43cc
1f65c55
000e901
1ea9401
0008abc
0282704
00894bc
1d0d0ef
1d55e44
0099b2c
00dc101
031385a
1dd60dc
1d41e42
1e94a5e
1f2bf10
1f158f9
03b1572
0046e83
029f0f3
0274848
0256678
1c64c38
1c09edf
032204d
009cdf2
00038b9
03b6563
1ec1ca4
1cbbc21
1c0b4a1
1feb514
1d1f467
1ca4cc9
1c25546
03164a9
1d6fe51
1fcb2ca
1d3c41f
002637b
02f4578
0146935
1e0e81f
1e1aaff
0054bef
01068bf
1ee44ab
1db6323
03130f3
1c438f4
1e34e87
0040b51
1f4ea87
032f288
020ca42
1edf803
01d3de9
016f079
1e19d26
1e94d22
03e761b
0062ea1
0174ada
1f37eb8
1d50e2c
03800a2
1eea496
0380bf3
1f1ae15
1d96f2b
02f0d1e
0071059
01e142a
1c25a81
0090fcd
02d08a2
023209d
1deecd1
1dc609b
03eff57
1fa943e
1d8c63b
1f21860
1e6d542
1f9a063
1c24bc5
1e9e05c
1df1128
02981ec
1c17fef
01263b5
0333d88
1dde128
1f843c3
1ccb744
0384023
1fe7b90
02cb78c
1cc25ce
1d86926
1df69f3
01f3bbf
03f2c17
1d69e6b
1d52415
0093ba5
0156795
1d7eefc
1c7ac6d
0103cd4
1c6a094
02e6f24
017d360
1fd6f82
1edde99
1f0051d
007b2bc
02362e8
1d88383
015e123
0040001
0164b8d
1cc3fa5
001e322
01853b3
1d5c808
1c86510
008dff0
1c5c7ef
1d82e95
02ce430
03a8382
1fa88c8
0256b8c
1ca102a
014b3e7
1ff9368
0166f85
1c6d387
019f12e
1dffa2e
1cdb512
0311385
03f2b6a
1e339da
0322582
1c8daf5
0315f67
1e6caf3
1da0e9b
0349118
010b298
1f55b46
02c948c
1eea782
1fa84d7
001d584
02c64a2
1f0814a
01907e1
0331a8b
00d418f
0048afa
0093fe0
1e8ace2
1cf1ef3
02c79d0
1e1419b
032a639
0341f0d
0167c34
1cb6392
009c11a
1c3dabd
030f406
02ed70f
03ef3df
1d1a880
00b399d
1dbe527
1e029b1
03514fe
02eba3c
1f490f4
00c1659
0027b9a
1e697b2
1f6057b
1e4100e
1f1d9ee
0279760
032af70
1c318cb
1eb8117
1f7ccf0
1e3ff15
1eb64d2
03cd3e2
02fe03f
1d64f2f
0238f0e
1fbf231
0166fd6
1e867b0
0391de8
01620b5
0125e3c
017413c
0156e8d
02c6e1a
1c59281
019fa22
01c158c
1c48e79
003dd72
03e062b
1fb816e
0207575
1ed1f56
01bb36e
1ff08f7
1cae96e
00b2890
1f35652
01d64ac
1eeb539
1c7ce01
1c5afba
1e827d5
013b597
1cf1f59
007b3fd
1d0071b
015cf60
1f6101f
0075c9a
0181301
03dd807
1eb165e
00eb6db
016ee52
01ceede
015d050
0249da0
0326e20
0030833
1dec191
1c3ce68
02d32f0
03c2d33
1c53d80
03516d3
1e90308
01ae500
026448d
0233981
0168906
025d745
02cb123
021623b
0304294
1fe4f2d
01bfdf6
1c9b675
1c04867
031c4fc
1d26bf4
1da59f7
0264819
00a27ab
1dce771
1ee3285
1f9ac7b
1f33747
02cdb38
021a9b7
031d61a
1c5b1c2
1e16feb
1e45f24
031ddfe
01beeb5
0206d33
023b5ad
1c4ee2c
1cbe451
1f5ac38
1d0e8f0
03539e2
038ff27
02d25a8
1cf5b3d
0341477
1dcff59
1d909aa
003aa01
1fd7ab4
01ce77a
00a9d84
1cf0fe8
1c0f339
02ceb4c
018b4fb
1ff028f
0208868
0285dea
01c26e4
00e7fba
1f2c290
00b351d
035469e
1ea9015
019223b
0345897
1cce717
025f3f3
0050313
1c8ac74
004c49b
1c9ccf4
011972d
1c4ca1a
00c122d
01a38de
1d93fd4
1ef5780
1e105b8
01f8a04
0180e60
1c0cb66
03dbbdf
0021c58
03cbd12
1ca5f1d
03b0524
1f489cc
1f3e2ef
02f5fcb
01f2745
0215ad1
1fd7a98
1c86829
01372ac
1ed1036
005a339
0390333
014c146
0120af6
015cde1
1fd7fbf
1c8145f
0376d6b
012b695
01383d8
025978b
1c884f3
1e9b078
1fc3789
1c5b282
1db9b6f
018ac28
03443da
1f3959c
1facbe6
1eac234
1fe358a
1c2ba53
1fb8cce
00f9f18
1fd12cb
0341cf8
1e7cfdd
00a56e5
00edf1b
008556e
031c7b9
0259519
1c91f54
01b3e28
1ec362d
1ebb8a1
02791d9
00ecea6
1dbcf9f
1ef74c6
1e32b38
036c9a5
1e767c1
1d0d12b
1c6aef3
1d9f867
1c505d0
0007708
011866d
0282512
1fb4b2e
1e1838d
012ce3c
1ffdeb7
1c52ccb
1e435b1
1c51ddb
1d95875
02fe2b8
1e91135
00da6d7
00cd843
1f7f156
0135f69
1e1a82f
1e621df
02d95e2
03a9edc
0374fa7
013adb1
02ad7df
0030cad
017e71d
0109b9d
0141ea7
1e3790d
01ad8b2
1f38522
1f630da
1e9131a
03493fb
1f9e3a3
029cefa
1f4d167
1e697b7
0296b22
0388409
02f1f0f
0246604
1c2034c
1dba63e
1de1a28
01b9df8
020f49a
1da8fa7
1fd3c80
1c7c9bb
1ed1592
1efe477
03fcda7
1e2c0fe
03749f0
006f015
00453c5
01b814f
1cf576b
019e7eb
018303d
03dd3ca
001ad16
037a188
001a9f5
1d63748
1d27d9c
01965ce
01734b9
03fdb70
1dcead2
0259a0e
1e934a0
1e78fda
1fcb11f
03132c7
01d044e
1cd30ca
011fc5f
1d9b4bd
00ad580
02cd626
1ccf51c
1e76bbb
1fe1f54
01db6a1
1e1e8e8
0014e76
1fa35bd
032f17f
03d745d
02134b2
1f4e4f3
006d36d
1f1b9a3
01bf000
037d470
1f7e25e
1eb9de0
1f64194
02944c8
1c18568
01a4899
0011261
1f7f5c8
02e35c4
1c4af0d
00b3776
1eecb41
00c42fb
1e70246
0338567
011128a
1f83528
0198fe7
1f959bb
0207ec0
1cee035
03f5e15
0291896
1c6c0e4
1d4cff1
1fd9ea7
1cc1adf
00b0e8e
1c35add
1cf54e3
1e63da4
1f9d417
01524d4
1c3c62d
030f5ec
1f61ecf
1d556ba
1d76db0
02d7bd8
02e0f67
1ece7e5
005c70c
1cd14f4
0149a92
003e6c9
01c6a32
1e6fe18
02c8ba0
02029c4
029431e
03b06db
1e7d78a
1c341a9
0236356
0105861
032b579
0093418
1c37342
1cbedd2
0007b23
00cfba4
01c91e2
009021c
0294180
1eb5558
1ca3fb6
038eea9
00b0ed3
1c51580
1d6556a
1c9828e
02d54a8
1d7e1cf
1da1247
0026842
018bc31
1fe2637
03c5e49
01e04f4
00b1db4
1db9c73
01c93b0
01aa866
1d8413c
1d71b33
1cabd28
00c7d7d
1f73917
01161c3
1f23be3
1e2c43a
1fe423e
1c13cc7
00b4afb
1d5c945
1c770b5
1cd2fe4
1f82c71
019e818
015261f
02f1b3b
1cd99b2
1c414df
1deafa9
02bd319
1f9b8cc
02aa85c
00cae05
00f8640
1cccdcb
1e3dbc9
1f070b4
01ba9c9
02f82a3
000c3c8
1caae6b
0081255
1c20833
037afbd
036f4c2
1dce16f
00d5f35
005d65c
1fad750
02a29a3
1cf164f
01159a5
1d5fa4b
1cecca8
1cba874
01e66ae
1d4f640
1d89922
02ae665
0138279
0321cd1
1e63cd0
037f69b
1f2edcb
00c4286
00bbd9f
037c0db
1e9e055
0064a5a
03bdbbe
011c805
01bbe96
1c2c114
1efa577
03e21e1
1df7eef
1d47310
015b3a9
01183cc
1ce9066
1f09c0d
1f21840
1d9635b
1dbea62
1d99eab
003bffa
03ca206
01e5b10
031789b
003e17d
1d503e1
1c3f5e2
1c64243
1cb71f9
005411c
03ee628
1e6804f
1c27dd8
1ef7e1f
1c60cc6
023e9e6
1ca13a2
1c7208b
032d96c
0320d5a
1f78a8d
01b4608
003a966
1d87623
1f8696d
1eefbbf
1e67b18
1f26006
1dcd67b
0108a84
039d71a
1f841b4
1e5ca71
1e68071
00a5fbc
00906f7
00aa5cd
02fe579
01a0a07
02b0cc2
034ecb6
1dd39df
00f97e5
01a51c3
03dd7d4
022f0c7
1dd39f0
0063028
007d64c
1f338ab
1ea13aa
1c35a9f
02dfa1a
0222cfe
0351f2e
1e33dd9
1d6025a
030606f
01de742
1ca86f3
1c134c0
1da00f2
1dd2192
1cd39c8
0228f57
030ce89
1e83eb0
1e8bc7f
03942fe
1d2a52a
03163b1
0175c9f
1e8ac1a
1ef363a
1d7049a
0247a1b
1deba06
1ce8f19
1e80708
007b332
1dfc888
01633b2
1e674b8
02878cc
1ca54a0
02cbd38
1dca415
1e12f38
1efb6c8
1ef5d1f
1fb91b4
026804c
00aaf68
1c4157f
02f0d0f
019d51e
0000ae3
1e503c4
1d4ad0e
1c6da96
021c37c
1d4de84
1ea5fc6
1d2fe4b
03b79be
018f6d2
01251bb
1e928ee
1e73199
1c14c9e
017e4b8
02b5582
1dc6ac1
00615cc
0332753
00d772e
1ea573b
1cc1265
1ddd0b4
01ad4b9
1d58719
1f15a6d
1e7b571
1f4d150
01dfdee
01d5138
1eac45c
1f59731
1f1c88d
1ea3418
01971ef
00cbae4
01ca369
0337b40
1fa4bcd
1c6fdce
02bc129
0236fad
0196391
009dbf9
031afd1
1fb06fc
1e2fd8d
1dff09e
1e53ebf
0358056
1c81d19
00f6708
0208ae2
1cf7ee0
1e73db3
1e33755
1d9f2b2
036486a
1c31446
1e65506
021c9ed
1d37963
1fd8aa2
1e7f292
01420d1
01e2ea5
1e1c506
1ed9c8d
010714e
1f1bcc4
1c6d38e
1ea503d
1e4be4f
02f4212
1f09b47
038cda3
00f26b3
00bc7b1
1da30fb
1cf3a6f
1efd212
1fe7bea
02439f3
01d10d1
00127b5
00c8456
1f65668
1f6755a
1f51997
1f1becf
0232ab3
1c88c16
1f15492
1d2720a
1f56303
00ef135
1fcab2d
01aba3b
1c63a13
1d57811
0164682
1e891bc
1eb89eb
023a545
1eb5245
1f2b115
1ecf1c0
00dd62b
1ce4bc8
1c87693
03ca03c
0042ea6
1cf03c5
1c20e6a
03f4a8f
1c9563e
1c14f0b
1d6c991
1dd2d29
1fc2bfe
1c7d58d
1c4f3dc
027d38b
0242244
03e5955
1f7493c
1c3838d
1e087fb
026383d
1cdeb39
1e2d8dd
1d9db07
03f7905
1c9b039
1fbc409
1d3dc3e
018c897
01c92cd
02c220d
011eb37
1cf66a7
022bc6d
1f033c0
000ac68
1d5c7a0
1ff7550
1d71e62
026eb7c
1c65420
0036d7e
1f62088
1d39d38
1e2ecee
1e5f6c1
0139df2
1ef3eb0
013d438
00d6444
038ec25
0237415
012e341
1d2b943
1f69d48
1e19700
01ef10c
1d0af29
00945b1
1fd4ab5
018e594
1d50d02
1e944e7
1e05ee5
1d8ecc8
1da4908
01f7fa6
1faa623
1da8bb2
02f22d0
00fbe9f
1c9065d
02e77da
0282823
0329a82
0287dca
0180d19
1f59473
1d2b5d2
03f744e
002dab2
1e23a1b
1ff1ae8
1ceefbf
0296934
0000a99
1d7c81f
0246814
1d28ad4
1cc48fb
1d3e904
1ef1226
1c9d2a3
02c0532
01f9664
1fd42ea
1d46505
0231dc7
1fd7336
1dd9565
1e872b0
1d6bdaa
1c0f1f5
03a2997
1f0613f
021d770
1c6142f
0361f4e
03768e7
0167d33
01f4d45
00e40ec
02a9e22
015e2c8
1f3e534
1c0bd95
030670b
0047704
1f613af
0171e57
1e3ae02
00233c0
1ed82fc
02314ba
1c81e5a
0100b30
1d05ca2
1ec29a8
1e02fcd
030064e
1c5a303
1c1f0ca
1db1619
1ef7e8b
0396aa9
1d019e0
1dea23a
1e9157c
1f519bc
1f5979e
1ef129f
1dcd9d7
02f1096
00888fa
1ca36dd
1d18387
1d60b98
1ee6299
0223531
1d23178
1e85d53
0205449
1da032e
01d4aab
0185da7
1c92354
011fd1d
01670eb
01f8fcf
02b1649
1ea6a76
005bebe
037ae7a
0255468
1cd59f5
1f2c710
1d3a636
1c447c3
01e1da0
002d0ee
02b759d
01c3c50
01859e5
0171bb7
01aedd4
1c1cc7f
014150a
01911b4
0253071
017ad4a
02af81f
010d57c
1f8f904
0319075
1d35e3d
03db703
1c4e9d0
0267cce
1ce2b66
1ff6e60
038e31b
03ae0fa
0383499
1e96673
0120ce1
1e41f9a
01bbeca
1fb6baa
1f0aeec
1cc3e5c
0096852
1d736e4
0179839
019fc94
00c8610
02dced2
1d06fb4
0144c31
1c9c810
1c1ef62
03f5f8c
0214692
0128fc6
1edc45b
0353c47
1eaa623
1d271ef
039b4d7
1e874f4
007a48a
1ff072d
02a0415
1ca4963
1f0e7a9
03141c6
1ffea07
01c1d1d
1f1ada8
008e316
00626de
0312a34
0238ac9
0194586
1df5a75
0003e10
1f96db5
1f94efb
039ffdd
1f4e6d0
006e5c0
1e3ca89
03a9968
0228e55
1c281ed
1d641ab
00c7527
021d466
032435a
02540c3
1cca79c
0209120
0018622
1f8932d
014c3ee
1c6e014
0233b2e
00d000e
1c4a1bc
1d6e949
1c0e3bd
1caa14b
1df5ee7
1cdad3b
1e0e5f0
034d5cc
019d859
00bb4dc
1cbc055
035c35c
1cd05fd
00e926a
00b5ef9
1f897f8
1c38d52
1fad3aa
0135e12
02fe534
036d8d5
1e2ba90
1cf75c4
1f70cbf
1f3204f
03bad54
1e9a6bb
1dc063e
1c22edd
0382bb3
0164819
01f4b39
1e91891
00f3d0b
00d8fc4
02d475a
1ccdb33
00e0f56
1cafa50
019d327
1f123e1
0034d41
1eed454
03224c2
1e32f2d
026e4b3
1dde154
1f57688
1e78337
1c70f0d
1e80c7f
0104bfc
013a6e1
00515cc
1ea8500
0228206
032e0ec
02c2cc4
01382a8
01dc4ee
1f7ae6c
03127a8
00293ea
00d7300
1f810fa
017bf3d
02feb52
1ccfa5f
00b9fd9
1fdb5c4
030c1b6
02cf763
1f8cb54
03aa09e
1c39f66
1d17095
016eb9b
1eb158a
1e4065f
1e2be2c
1cfd7e9
020b1c4
037dad6
1c2cc0e
1c28ca0
02aa392
1d12901
03ce0c6
02cd9a7
008e4ed
0340d7c
0085745
1dd19f0
1dd90a4
03c344d
03def6f
1e2bcce
032c915
0284845
1eeae8f
1c7b53d
0291d15
1c132c6
030207d
02394f9
02be720
0168160
1c81a2c
1e33bea
02918ab
00ed7ce
1c555dc
0093076
03ed42b
1d28304
1ef85dd
01dd5df
0196e40
1e52f03
0189afa
1cbf9eb
03e13d1
0398fbb
012e16b
1e9e38d
01b4fcf
1e53045
018a36e
0149abc
1e2b33c
1c76098
00a81df
1e6d702
00c3a80
1cfc18e
1e2939b
024bd44
01662c1
03c820d
00a129f
004aeec
1c54d5c
00ce986
1f87f06
0348789
1d8e6ec
1c65a17
027f4b3
018fd1e
03635c1
02a1241
1c76b1f
1c0cfb7
01b2e5c
0310242
0093aa2
1f88b0d
1fe2e88
1cb8408
01b386e
1f6074a
03f30ad
1d4523e
1eb4e3f
0065597
01db287
1db4d5c
0176dfa
026dd41
0254747
1e57cbd
1fcfd28
00dcd14
1e3acc9
1d1931b
02f0b38
0278443
00f5551
03ef52d
1c24797
00a0899
1d30d4d
1d365a6
1f8cf88
1f3c10d
1f0011e
03e3605
1e9cd29
1fd6b19
0291c9d
1fe18d3
1de4f50
1cda120
1ed458a
1d7b5f3
1fab3da
03fda5b
03644db
0188b4d
1c3b75e
027aa30
1ffc96b
0033005
015929b
1fae995
0368755
1fa4467
0022fe5
1df2031
1e4361d
017420a
017e9e9
1d84842
1cc05d1
1dd1f00
1ebcd04
1fd7628
035b313
02c96f7
030c27a
004c06a
1ef28d8
1e598e3
1d4f6b4
0177e1a
00da890
02adc79
1d1c233
03cb70e
0360923
1e442f0
1d0e26a
1e1a44f
0197b4b
02358a8
1ffb941
1f0ddc4
0118202
1e70151
1c9b328
1daa2fe
0057872
0266248
1c3b671
1eff317
1ca296f
02f017c
01f0637
02f7b23
01be4d9
1fd6945
1ec550b
017f3db
1fa0c9c
1caa99f
03f67bd
1e732f7
1ef2dfa
02b051d
1cf1d17
00d475e
01ba6ba
1dcb3e4
02cabbb
038209d
1e0ba8d
1cc4bd2
033f1ea
1fe9700
1f378a1
02dd36d
0196455
1f1fc29
1d19352
1d81170
0040098
1fa7bbc
1f1d4e7
02487a0
1eeca4d
1dfc303
1fb5eca
1d8fe2f
1f5a274
013fad7
014a4c7
1ca8f7e
00d8d8c
1cc9c95
1d2cb19
0105f2e
0130889
03f0a4b
006ebf3
010789e
1e53edc
1d0bb5e
1e2e5a5
1f5398c
1d9c34f
1d74b86
1f51e4e
1f77d93
1c71c56
0114666
0182f95
00f296c
1eac5fc
1faf01f
033b9c3
1c93ac8
00f1f22
012af18
1f0132e
02acef0
1fd2dc1
000447c
1de2701
015adf8
1dff973
0382d7b
1d40413
1f34467
1ec764d
1cec7e4
1d7eed9
03f375f
1f77a95
00122e8
1d33a69
1ecd8e0
02e6b5e
1e6473f
03d94f4
1d7829b
1e6f8ca
1eefc1d
1e7853b
1fcd67e
1d56263
1db2c2e
1d0921e
01e7bc3
1df39d4
1f364d8
02cce73
1c679a0
006a270
02dcd70
010ff3b
1df2277
039a47e
00d0b74
1ecb1cd
0333c8c
02f5fed
0306168
1cd3679
1deb261
1edf60b
1d1eb17
1ecffe1
1c62285
016090d
037cc15
1f1fd7b
020ada9
1e93946
1cb62de
0146922
1fec614
1e038e0
1e4d7a2
1eda703
1c29886
014c6f7
1e43beb
1d037b7
00fe23b
1c278b0
003108a
1cbd20b
1de2332
02d3e70
03ed1ee
00a6e08
0049db2
03eed85
01cfe46
027791b
1d71564
034e0d6
004c95b
1fb0310
01b3bf9
03345d0
1dc3c52
1c2659c
02a699f
1c9934f
1e727c7
01f8ca4
1fca36e
1ff76da
00a4aba
1c305d9
1ecf485
1d73170
01327ef
0058a1d
1d8aec3
1c4f74d
1c8ffd3
1c5d926
1dcf07b
01eed2a
1ded074
03ce435
0201755
1c5e0f1
1ea9ca0
1ef1739
1ec468b
1e30963
1c7047f
1fdcb60
1d5944a
0198105
0127996
1ffc6d5
0077e41
0016e05
0329245
001ddb6
1ea3515
0175b4f
028c438
036b2bd
0071ec4
02db4fa
03594c9
00541ee
031697c
1c2f008
1c44c6d
0389d13
0198891
1f9df1c
1ebceda
02580dd
02efb94
1c89bb0
00862ec
03e15d3
00eacbc
014e7b8
1fdd5c1
012a68b
1cc23fd
03db45c
002a0c4
1cc93d1
1c272e7
001f23e
001001a
0338c75
1f3c46b
1d8e9d9
03f9a2f
1dec80b
0158e7d
038c30f
0324586
00837ec
01d7bd3
00aad20
1d05102
1df25c2
00d3dff
1d07574
1e5d027
1cfc614
00a206b
02fb296
1d380bd
0257b66
0235940
03f9673
1c837d5
01d2005
1d6bf99
1e9250b
1e478e6
1e781b0
0174268
1e71896
023bf34
1e7701a
0166100
0361788
1cf84b7
1ccddae
1d39a4a
0366c3d
0074932
0000830
01b9083
1dfa9eb
1e7e5ab
1ecd916
015c323
1e1630a
032b2e0
1fbb08b
016ac7e
0276fa8
1d576dd
1f1a067
1cbe3d2
0133077
1eec261
1d1a525
02590d8
1f96e72
03ed187
00920f3
1d1a793
0237465
1f786cd
02674c6
1fb4e1b
007584d
007ccfb
1ef6115
00552b5
02497d7
1fd7d33
011ee14
032dd2d
03b3673
01562f6
1eadcf6
025b1f1
1c14414
0096419
01ef10c
1de25b8
0180107
1edf561
026417f
1f6529e
1d70d2c
1ee2a56
026f86b
02b4dc0
1d5e1ea
1c678ae
0109f3d
0393088
0291f69
1c1d9e1
1e1864f
1cbb1e6
00d918e
1df9345
02584c7
1d9f040
00ab53a
1ffaf8a
0150f79
00107c2
1f879d7
1c2cde0
03f7ebc
1eb9dcb
1c885f1
03e85e0
1c7c5e4
00cdcaa
1d5d55a
1d85e3d
1d45df1
039c144
1e104a1
00c7ed6
02e9fb9
1d5990d
1fd9eab
02ba770
020c577
1d70919
0180f3a
015c4a7
1eb34b9
1fe1201
0392cc5
03b2894
02ef3b1
1c70dc8
010d48f
0126f65
1c59fa3
028a7eb
030af5f
1f8bf7a
1d5675c
039815e
0115fc5
1ec35ed
1f98004
1f77811
0358b36
037b7e8
1c90b8b
1c7ca9f
01ffd59
1e4b3ae
1d1c7ac
0075272
1ed2215
01f3273
1d7b9d1
01575be
1e13983
00a2a58
018eba4
004fcc8
1c2db9e
1e8841c
0373f39
1fce39b
035e042
1c5c08f
03411d8
1f78f18
03f5ee2
1f13ea5
1dadc6f
1c7d4e6
0308ced
00613bd
001da66
1f21306
1d7d472
02e5174
1f1436b
1cfd2f3
013187f
1c283e7
1db72f7
026d757
0369814
1eae7f3
02d9ba2
1c2c08d
018b209
01e2ab1
02e8770
1c58864
1e72071
1ff8d3b
03cb4e0
00266bb
1d92bc2
1cee052
03f2755
013d4aa
1f7687b
0198365
0367ced
1db7e8c
000ec03
1f259b7
028b6e7
1f1f52a
03f77c5
00fd1d0
0219522
01eea0a
028c095
0329f86
032608d
1c3a128
1d4639b
1f8cdb2
1d6cb1f
1f0f52f
02980f4
02acf45
0159fa6
1f2fe1c
014b8ca
1cae4a7
0038a62
03f7ac5
1c24e74
033a3e0
0073fba
019a7a6
1e25bb5
1c02727
1c216af
0155efc
000002a
1c0342b
1de986e
028148d
02b13bd
1cd7bd9
1eb8b21
0283f12
007110f
1de2247
1eede9a
1c3082e
011ce78
1e98909
1c142cc
1e1fd31
1d447b9
1eb55be
1e6635b
03eb85b
00d0381
1f0e448
0305513
1ec4cbe
01b938b
01281ad
1d018f9
01caf99
1f14b17
1d292ec
00404a3
0283cc8
03a4e9e
1f95400
1c6acc7
1dbe69f
1ee2bc3
1c009fe
1d9d3c1
01a2991
000e28c
03fa833
01392ef
1f0b099
1e36271
1ca49af
1fe6a78
0090802
1d69d59
03d6644
1dc047c
03748a6
03ccc3a
1e6365f
1f06716
02067bd
02f06f6
03cb032
02756e4
03f3dde
00daf68
1c1c017
00b98a9
03f1c36
1f266f5
0035970
0262623
1faaa7f
1ed36d4
1e2ba8d
03f0ead
1f48173
1f8b56f
1fb9d2d
1e617cc
1c7f4f0
015cfe0
1d0f915
029105c
1fe747c
00e137f
1cee23a
1dab4e4
1c19d99
1f9a39c
0292e05
1e06171
02f0601
1cf3324
015c21d
1f1ab39
0101196
1f86098
1d157d1
1eb5a3e
1f87c1f
1ca8716
1e552c2
1eac362
029596b
01e3eb4
1f3e444
1f2d7ad
1df5062
1d18fdf
1f25721
01d7219
1df9c2f
1d23023
1e49241
012626b
035ab72
0171dbe
03c5170
01600fb
028397c
0368cc4
01ea6ce
1dc7974
0158191
1c2952e
01da8c6
1d4584f
1c4f334
1ce8db6
1d4ea63
0226214
1d170e4
1ef993d
1ca1211
02d7264
1ffd390
1cb3186
1d443df
1c54aa7
03eadaa
02a1a2c
1d8a658
1fd614e
1fb115a
1c538a2
1d87d37
1da7a79
03b5d48
03ddc8c
1c93b87
1c82278
00ec203
02f8cb0
1d6d188
00d3f9f
1e64459
1ec9047
016941f
1c6f204
02cea3a
00a7c41
01c35e0
035e83d
1dbc42e
0107931
1f85046
1f89be1
028ff9a
00b3779
1e5fbf9
01c8e8e
02f8b65
0207762
1f5893d
01c99eb
1fab9dc
1e8573a
00a528a
1ee8abb
02947b2
0218a17
00bb5da
1d4593b
1fdcf03
1c39710
007ee65
01e4c2a
014e444
00e628f
00a2206
01ff0bd
00a2764
1d8dc20
1e5f4e5
02066cd
03417e3
1ff80d7
021d713
01a6927
1e74127
1dcc33c
007d9e0
1d052d7
1c4a7b1
00313f1
1df4aaf
002f719
02b8b40
01c96f5
1e3ebd9
1c47f9e
007ec80
0344b43
00acbb6
029534d
1d56595
0286c8f
01101cf
032ac89
1c4e0cd
1c90033
003f114
1e225eb
016ecd5
015f4b1
1f59587
1e53d16
0368beb
036c243
1fe1eb1
02fa03d
1e830eb
026be23
02838fc
1e4a93b
1cd66a5
007797d
1ee3188
032e978
1e28031
1ed2a7d
02885e8
010939c
02b412c
1f6df3c
00e3c14
1c06f3c
1e93f05
0209e56
1c506b4
024a1b4
1d76e42
1e468f1
1ff5a6f
02a619a
01fb3c8
1e69d8b
024c811
1d5fc8d
1c0280a
1c2a953
1f38147
018363c
1e9f3f9
1c6953b
00d0ef1
00c6339
1d02dbc
00cb2b7
03a5954
034bcc3
029f156
0068131
1dabc6a
1dcf2a3
00f934a
028082d
1fb1c0a
03effa7
036651a
1f5e455
01e91d1
02b3622
1fdf513
03aac81
1f1e39a
1d05ad3
02db4f3
0288efa
1d8f8c0
1dc85a7
1d07189
004d8b1
1d6a765
1e1c965
1c5bd25
0094bf7
1eaebe4
1c735aa
1f547b3
02d0e86
03cf84d
1fcb1ac
1dfff5e
1d43f5b
1e67cc1
1c27922
033440c
1f1bb85
1e06c23
1d61877
1fd770e
1ccaa12
1c17f93
018074f
02be2ad
0391a74
1d7696a
1c616e5
1ca158a
004a3f3
03821bc
1d65375
1c7e1f1
1de5cac
1df38b3
01c7566
1da3c98
1e859f5
1cf19a7
1c67eb7
002e2e9
1e1d164
1dcdb09
1e86c8d
1d0ad39
1cdc0ef
1f49150
0249e9f
1f7cfbd
1e205e0
0245ee3
1c92f72
00e6069
1fb2314
1c5fe16
03bafd1
03d4083
1e2578e
029dbde
1e44b2a
03df011
1ee867b
0180ef8
02ce29f
1cca915
1ebed20
039f791
1fcba79
1e02fa3
1cc1ad1
01bda70
03b709b
1ff893b
009b132
037542d
1e61c9c
1c697ea
1de6546
1e59ae7
03342e2
02d8eb1
02c4a5b
1c3c61d
002af18
015ee4f
1c84328
1e9f6df
00d780d
1f95d0a
01ec094
02b39a9
1f0c11a
1d02bb9
0228a58
1d6ca79
1c1781b
0363120
004d433
0346b29
0214223
001334a
1ce131a
0349f84
035cf40
1fc86d5
038a043
00dc925
1e819c6
036db27
1de9ae4
1c8686c
1f88d83
0340685
03455ab
1e1c6aa
03fb2c2
1c8cad2
1ce1ca7
1fe2af7
02859ca
025058f
02e8454
03ebfbb
000c16f
008998e
1e93729
0005286
01ec67f
1ee7992
1c5309b
0122951
035eca0
03e34d4
1ec95c3
0371afa
01a1fd6
1c7b3ca
039cd67
1c814c1
001d4b3
1d79b62
01b33e6
03b8919
1cc2b82
1e67c2a
0204aae
03f2cdb
01cf6c3
1f9a478
001e371
0245fc2
0310cfd
1c4786c
03e3ec1
027c375
03422e1
01d7fe1
1f883f6
01eb354
0214a83
1e13122
1e1a86b
1c6b9a8
01e620b
025cde0
015e7fe
1e56800
1d1c837
1d85472
011a92c
00c28b1
037d2ba
011b2ae
03e8e2d
0289920
1ddd3e3
1e553dc
019afd8
1ce17cf
1d48225
1c6a4f8
1e8dbb8
007c3d7
1e9be95
01efc84
1e2d8da
1fc1a92
0349697
1fff350
1ff7088
1d5f6e8
1d66611
029bf08
1dbe8c7
1e3a41a
0036631
1e33d15
1f3bc7f
1cde506
1c9b76b
1ee46ec
013ce14
1c265a5
1d1316c
00b1c33
1e49dea
1f966e1
1d3deb1
0068a98
1f72087
1c653f7
1c5b254
0059219
1c32589
021909a
1f49327
1eab66f
039bf3a
1f65544
1df2a1f
0376d50
1e64f9a
1c94072
0196910
00fa4e5
1e3b8ee
01702cc
1e9c659
0246444
1c6b8fd
1de968f
009a0cb
1eaa24b
02817d5
1ed83a1
03d0609
1f0fed9
1d02255
1f81001
03b26f7
002bab6
1ecd6c9
03ec1f8
1fd8b21
1e691ec
03315d4
1f2aaba
039fdb0
005c56e
035f5b4
00f26b7
032056a
1f74541
03b8df3
1c70286
1e88f07
1fc4028
0175122
1f635b4
1c18bdc
1c5d7fc
01c1268
0397474
1f96d1a
00de043
03ca47c
01f2413
01406c6
1c6bbda
039f2fd
020cab2
1c22ffe
1c1e654
03b700c
1e6fe5d
0333c60
1cefd20
1fdf9cb
1fd2cb5
1c7bd33
01f3031
02a5df7
1e5fc27
028dbf8
1f4bc46
00f11e2
026b536
1d7e63d
02a374c
0342d90
1c42bb9
0209445
1c65777
02cb807
1f7d254
1f37282
03bb07e
01d3fd0
1e91a23
1c69bb3
03d4834
1efadc2
016ed61
1db6cd8
012041c
01d2bad
1e7aa30
1d1a114
1ffba82
1cc05cf
1c9de3e
1e5b06d
032dd18
02b088b
1f057aa
02af13a
1c1d14c
025abdd
1cfe4a8
037de98
00779f6
1c682e2
1edf919
1ce9caf
1fc67eb
01a2650
0094a09
1daad11
1fdbbe5
1cdf8bd
1dbb747
1d9a02d
1dc9ab4
0037b8c
1c805a9
1fb9979
1df1f80
1e874e1
02275f8
1fae2f4
1ea8fcf
009041d
0378a4c
1cc9f97
1cd2bb1
01ece56
1d1676c
01fa426
1daac06
1d801a3
1cceee3
02ba673
004483c
1c0dbfc
019dd27
015d5f7
1ede2c8
03b1679
1e342db
03ab866
1ce4965
1ea5b01
00d3ded
1d74bf0
1f2da91
0134b93
0259e73
00a4935
1db9baf
1fe4c4f
001eafb
03791c2
1d0b90f
0001a3b
1c92df5
02a22a6
03922d8
1e5761d
00b3b57
0116363
1e1f61a
021cb42
1f99e00
1ea630d
1e4b73f
1f9a489
0316faa
024f6ce
02b3752
1c51cda
1e03f19
1e6ca32
1e68acd
02224d7
02f0ea6
0227415
016b569
1ebb2a3
1c1b2b3
00c4f1d
1e1e6b6
1d336fe
00f2763
1fc1c82
00df30b
01e54e9
1f0fcec
0038596
0297d61
1c7d81f
0060bf5
1eea6b9
1ca8643
1e01b5d
1c31ae9
1c96cfd
1c6f4f9
1e155f0
1c11815
0309a6b
1e31490
1e5f4ed
1f2c3a8
1c71648
00889fb
1ef480a
02e0df8
011825b
0075563
005bf4e
1fe6834
1d9513f
02b76aa
00e25f0
00ce622
1e3d8c0
1f27427
0323f17
1f6c728
02ef828
1cf82f7
1c19b24
1c95bff
1c509d0
0119353
1d9bd42
1eeadb5
1f4a5b7
1c0641f
1fe6a98
02cb533
1cab0c7
1f1054f
019c36a
1fc699c
1e5f306
1eef310
1d9d3cf
1ce28d6
007819a
1ea192f
1d6f3cc
01f4da7
035d381
1f7691e
1d95b70
1ef6ff4
1f243c5
1e016a8
1c75562
1fbe00a
0033976
03377ff
1e98a03
017241b
1dd7362
00ade53
1d88a03
1f02125
1c03f3e
1f4bf80
022b00d
012fda4
0252d86
010a006
01643da
1f9b27d
0174e19
03edaef
1f00983
1f6b792
1ce257a
0081501
1ec5e74
1f364b6
02ea58d
1ff0147
02cd655
1ed40d2
1fdf79b
0217a66
1ddc2c2
01b4f26
0167869
1c60dc1
1d60dce
006d10d
1dc6c28
1d839a3
1f17727
01ba14c
01a3c19
0217f97
01326bf
03ae579
1d806ef
011f231
1cd0808
002d633
008515c
1c96e89
1c85198
1eec0a0
1cc7211
1cfa13e
1c2a5df
0018158
1c86a16
0144100
1ce5e72
0006966
1eac4f5
012864a
03588c5
1df906e
02b825f
03dc153
1f9ba2f
0249b49
1e12a01
01540a5
1e04c8f
1f207ca
1c603a5
1c8aaa9
03e04ff
1c653ef
1cc1b55
1ea00ca
1d11b6b
01f3aa8
0288e61
01d1860
1e1aea1
1ebd31c
024f6a3
0019145
1c69b7c
0141bb1
1fae836
01ab47c
00f966e
000d03d
023023f
1d2c6eb
03ad934
011281e
0070487
03992c7
1d5141c
1e93f25
1ffbc68
02ac8d9
01e9e6f
1d5b860
1edd1c9
002a2b4
0329d5f
1c4fce6
031b0a6
013eacf
023e75a
00b1b4f
1f0c9b5
1fd5b84
1f12826
1c858e3
026ef30
02b6a70
0373767
1f03114
1c8d08a
003ec67
00e47ac
1f9ed15
1fcbae6
02b55a7
1ed0b91
1cbba88
02ee45c
03f0326
001850b
1e2feb2
1eb2ad3
01e6de3
01d5a44
0146ab0
1fa4750
02713e1
1d72769
1d16eff
024d94c
030fa4e
1dade9a
1c2ddd2
1dd3c78
1d89b8b
1c59d4b
00e50aa
1c01330
1e1d4ce
1c7f676
0043d0c
027e4a3
01c5a17
1eae8e9
0185a87
01fba42
03e92c7
004990f
025bf61
030670b
1c7fea1
1df72b7
1ddb9d0
01501cb
0153a8d
1d89b9f
1c58ad2
02563a0
030d81d
004f884
1dbd519
0203ff0
1c48598
0286baf
03ac405
001b773
1e13289
0084f61
1d8a6f4
005f9dc
1e764e9
03fc414
03ca748
002d13a
1dd0c04
1cedcc2
0092043
0194059
1ef2797
1c24a93
03da56c
022a0d6
1c60a45
1dc159c
0399bfe
1e5698a
0046a93
1cbcab8
1fb9665
02bcfcc
02f6232
1df26bd
1db9bed
1cb0f90
1c84281
1c17863
1d3f83f
010b949
00466b7
0260d11
0127e23
02339c4
0050279
1f4c316
030be15
014cb52
0090dee
1ca8675
03c9fa8
01a9a79
0210f07
0163d50
1ceea68
035703e
033f6ff
00bcc97
1e0d73d
0303b7a
01eb20e
1ecbaf2
02e2488
1f1b0b1
1f48e28
0314ca2
01ef434
1f5bc54
1d10bad
1c6c1a2
026d299
02f2ccb
02364e6
1d81e5c
0324d0b
1fc22d8
1d91709
03aaf4f
008d2a6
1f3f658
1e197df
1de15a7
01a208d
00c705f
01a7e9d
1cc89bf
1c5ca12
0293359
1c100c2
1f0cbe7
00b3f48
1ecc04f
0115c8e
1f47e0f
1eee20b
1f1988c
01c5067
1f33587
1d8b497
00cabdd
1c89b22
0298721
02fce63
01e04a9
1c33cdc
0031768
022db90
1f07e89
0297678
1fe6156
03eee20
1d6bf54
1d1fb2f
1ec3bb8
017880f
0095152
01ff17b
0051d4d
037a9b2
1fe943d
1f0e9d1
02e3cfa
02b10de
0229bfe
1f5d7dd
1f5ca97
1f55704
1e39ca0
028f06f
03cc1cb
1df7cc9
00b4342
03eb78f
1c20e93
1deef21
03eaad0
1fce656
02dd632
02fd91e
03148a9
1fe5773
01b60e8
0186cf1
1f6ece4
1d66919
1ed67cb
1cafdd4
0366a8b
1e293a9
1f7a65d
00df53d
02403b5
1d3e34b
1cf7e18
1f26200
018deeb
00410b1
014ecce
0326799
1d0df94
0196519
1f47cc7
03594df
037dee5
035747e
1f3da51
1e07dfd
1d8b1b4
0296d68
03027cf
028b726
1cd9997
1c218f0
03c7cb1
00a8291
1d633cf
03753ce
1c5a620
0290a72
018aca6
006084e
02e4e92
01fd0b3
1f702a3
1e37c5b
0338934
1c983c8
1d773f5
1f41a0e
1e890be
1d07e0e
1ff4b0f
1d3589b
00a413c
0358479
00001c5
00cc44b
01e2144
00b016b
1f14e35
02afb2d
1fc4730
1debe54
1ffe5ed
1d8e8f5
1f92c76
037ec6e
1f4dca9
1ff193b
001bb41
1ef10d8
1fee558
00ca2be
1eabac6
1e0f748
00c1962
1d3b33d
1c6ac85
1e6397c
1c2fe0a
1c17498
1fd2d66
0253cba
1c28102
02b740b
1fc7cf6
1f5704a
0189885
1c54a80
1e7dffd
0002dd6
0030176
032d0bd
1ec3fb2
1d82ad7
1ebed8d
00cfcb6
015b66d
1c521f3
027eb83
1fe9d56
1e4709b
1c0adfd
00289bd
1cf896d
1e793ed
1eaa19f
1d065d9
1cc6731
02b6c0b
1c95a0c
1fb4917
1f29376
033ef39
1e14b04
1ec7b1a
1cfd8a9
02f9f6a
1f2bcbd
0023858
1f09494
026dc46
00b3210
1deb267
1c70374
025e11c
024c025
00bed68
1fa30a7
1f7aca4
1eecf3b
02a8000
1f074f8
1d9192a
011b37d
030b142
034465d
014d587
1f581ac
00cef1c
03c4400
1e7eadf
01a501c
1e2fd57
1c9ed3a
1cebaec
00f6b03
0285f8e
1d9c7db
039b2f1
008a51e
00dfbe9
1e3e669
1ef7266
00e5528
01b7d4d
1d572ce
0005aba
1f5bd94
0074320
0143c94
00a19c9
0336490
026236c
01e26ee
02a4c77
1d59127
001140c
02dea51
0089fd4
1d99408
1ecc0f5
02a9550
0323b1f
1edcfdd
02ce069
03c7d4a
1fa8128
1f43e82
02a36da
1ffe201
1ffd5df
1ff7d6b
0278402
01b5833
1e52f50
1d58691
0178205
1f34b0e
1cd5ddf
1c5d617
1fbeb5b
1d407bf
01c91af
1da4ffe
1d7c188
024f387
1f67f7a
0066d31
1ed5f91
03aaa3e
0000053
0125fc8
0260d5f
035f1dd
1f9f2f7
027f888
1d3265e
034b48f
03ba33f
0130fb8
00a2966
1e76bfa
0200a4d
00ad1dc
1fd3ad6
00cc9c2
03689e8
00b4efc
1e6de53
0226238
037dd40
1e903fe
1ffd8a6
01941c2
020718a
1d50253
01cb019
1d34cd0
0180393
1dbf754
01bd85e
024251d
01907f1
024f24b
1f71b47
1e5bc4e
01d7fc7
1c990b1
1c22138
1daf269
0369088
02dbbb1
1db9779
02b758c
1d3c409
03a4eb1
033e71f
0366f08
015c427
020c8fa
02a113d
1c57563
1d58f0b
00c58f1
1cbdcc9
1f715e4
01cdc56
1d3d616
03d3aa3
02505a2
1dd689e
1fccac7
0374c4b
01c2654
1eef9e8
0148608
1f5dfdf
0264ed9
0028d35
01cd1de
1cb72f1
1f1e662
1f71103
03a4ecb
1e589f2
1f05a90
1e85ed8
0249d4d
015dc56
1ccce61
1ea55e5
0210524
1ee5959
1ff965e
015377b
1e5ee18
03b57da
019b01b
1e496b5
1ee37cd
017eb29
1fcca65
00454df
1e53386
03dc20a
1da7ef9
00d0389
035570d
01a476f
1fe3827
002918a
025c39d
1d5b70e
015b785
00a19a6
0074085
0092bca
0031d2b
01a4493
023f24e
1c95913
1d25455
1d99563
1e7e0e0
1c68d41
1dce29e
03d4807
1ceaf07
1ea4fd2
0132b3f
1cf932f
1dcaa8f
01fcf34
004062a
1f59d2e
015e439
1e55520
01b9baa
037cb70
03a54d5
01b1999
1c3281a
00e9569
1c92243
03c7e64
1c06cee
02b1dc0
02b5168
002c717
1fe974d
1de350e
0285478
1cfbcef
1edf6a1
0269aa9
036288b
1d47e74
1d86cf5
1f08919
0061bcf
1cdce0d
1c57391
000d658
1cdba9e
02c181c
1dbf263
1f2f77f
1e9039d
00bc364
0222a58
1ff677e
00fb3fa
1dd182b
1e368fe
032ca08
0036fef
02b4652
1cc1763
1cd1c14
02e62f7
1c17e5b
03dc8f8
002142b
1d26e8f
1edc389
1d77916
1dafae7
1f30064
1c1db6e
01c1c53
1fda465
03e7ee9
021e59b
1fc968f
017f00f
1d8f2bc
005947c
0109176
01b149d
038eb39
1f95167
1f18316
02f7e06
00908a3
1e423b8
1c5862a
00301f5
1fd55d5
1cd6273
1f45640
0193dab
02a61fd
1c97402
1cfad92
1cf5bda
1f08d7f
03a406e
1ca8fb7
0320314
031293c
1c640f1
1d626b9
0286f99
1ee9fe1
1ee0498
1fe55cf
0139c09
1ef28af
1c38121
1c86852
1f317d7
1c10940
1d35e17
1cf9165
0113c53
01b5380
1ee5aee
018cd90
01c25bb
012e74f
1fdc933
0199b9b
01c6123
01d1f19
1f86c47
03e7af8
0347245
01432d5
1ca6fa6
1e73ab8
032a74e
03e93ec
01d747a
1d07dbc
01c4f14
01f0991
1cfc3c0
1dd0d73
01f8708
02a5ad5
024e1d1
1cd677e
1ce6f51
1d62a98
000b784
1f59f9f
0268b82
0303c3b
0295d58
1ee22e0
1f580b3
1f3445e
0198a9b
1d60be7
02b165e
1f5ab58
1fb0448
1ee04a6
1c5f033
0091877
1dd92e4
1f93735
1fb13e4
01303e5
02a2ad6
1e9a179
1d16acd
0079909
00e1e04
000006b
1e509eb
012ccba
1ef6aa2
1c62eb3
1e4b6cd
1f55e95
1eb5d2d
1c38d6a
1f84dd2
1fa2900
1f923f4
1db13a5
01b0f8b
1fe6afb
1f82067
01556c5
02dd6a9
0225f9e
1f0811a
02057c6
1c2aead
00051cc
0229d7a
1d53c6e
1c9d106
02036e5
0291fc3
1c87770
005badd
01935ac
01211ad
1f11376
1f00318
00b898d
02e63e2
03ab9f6
1c478eb
003987c
1f29c37
00ede7c
038d1ac
1fd4e0d
02b4536
1e9894d
02b0321
1f95100
1c32675
02b3334
1f82337
1d6c9bd
03651f3
00a11ed
1eb82ac
1ef5c04
0149471
1d20bd3
1f4e68e
1f3981c
1c3e650
02f7e0c
00d4059
1e84e80
007daf4
1c8b25f
1df93ba
1c5e247
02ff4cb
00f9c89
0066801
1e69fbf
00b3b14
1e6944b
1c95ef7
014db64
03557ee
0187fef
00e4f23
1da7522
0013064
03df6ed
1c7bf73
00526c9
1c0667c
02c0ff1
1e03cd7
0223450
03c2ed1
1f5175a
1fea764
02b0217
0252fd2
1ee8e4e
03a08fc
00915d1
02e9fa5
01d5caa
03cff08
0129ca3
03514a5
02cd08f
1e246f4
029282a
1d8111a
1dde890
020f343
1c43521
0015e37
018ff6b
1fe89d2
1dbca41
1ea3df4
01994ce
1c4dca8
1ec5bdb
1d4a0e0
022c37f
1f627a5
1e21c9a
006bcc9
03a1962
022b0e4
00b3640
03d951b
007bf70
022130b
1f44c89
0273edc
1fc8751
026886b
02a7c6d
1d7af3f
0034dc9
1d3e340
1fe43ba
1dc4234
1fe112d
03ce61b
03f4a71
02e3754
1f194d5
02dc248
1cc0901
00f8eb6
1e4741a
1ffe71f
03478a9
037c8c7
1ca31a6
02813e6
1c2a392
0393ec6
1d753fd
0255e3d
1f962b8
007cd0a
0140249
1cb7a94
007420f
011e401
1c9aac5
00b3463
1e82411
0061f7f
1e390b0
1d012b8
1c63a3c
032eb7d
0222f74
0240373
0337156
02d1b84
1c741af
0279678
037d522
1dd9d49
02cc399
00faaf9
00cf52a
0142a01
1d69431
1f60e0e
1eff8f3
1efca4a
0393a22
0088a20
1c5066b
1d761c4
1e1547e
1da5150
1e54885
1c5dbc1
02d1942
1dab36c
03a6e6d
01ba24d
1c64040
1ee2d4f
019abf4
01d5316
02886e8
1efe90a
1c3f8f1
0384f5e
1d84ceb
0337822
1e95db0
00c1581
1d72c87
0392d7c
000944f
1cc8b1b
03fc933
1fc1cc3
0311b51
1de85d5
1de0ada
1d34a91
1c832b0
1d309ea
0234a00
030cede
01312ad
1c745be
01d94fa
1df1c8e
02f64bd
0038bc3
1e8d6bd
00b11cf
1f72dbd
013249f
01ffa70
1c3f402
1fbb4aa
1c73672
01faa6e
1fdc040
1da03a6
033b114
1f04114
002f19d
02039f5
00e280f
019d1fd
000b501
01ad526
1e12ca8
1c2787f
1d86260
00261b5
03d216d
025d9cc
020169b
0328829
0074cfe
01d1ca9
00d15c6
1ca5ce3
0134232
1e6462c
1d69db2
022a58c
1fc93bb
1e0757d
01e294a
1d597ee
03dad43
02b322a
1ca271e
002d8f1
0014e1a
0256a3f
0125df2
01075cc
0147f01
01a1a80
1d3bda1
1f4ab65
02a7a45
0227d5e
03de250
1f41f47
1fcb5ae
1c7e3b0
004f8a4
1e84aac
02d9690
0390f93
1e393ea
1f1015a
1c49d9b
1da05dc
1caa7c2
0109b80
1f43217
0357b72
1c5f8da
02af101
01c2c70
1fb0a3e
025820d
1d2a95f
1d002ed
1f74270
1caf200
1facad9
006967f
1ee2246
1efbf82
1efeff9
1d2cd4b
032d649
1d20622
02d4afa
00d9428
1f012ff
1fabb68
1ed7079
1effa24
1f4679c
015ca28
03e4cc8
001855a
002a7a6
1e66b3c
0154839
1ddb6d8
01cf917
1e96049
1fa7453
01c2321
1e6e705
1dc5295
033f0b1
016caa5
01947ae
002ecdb
00ad19a
02ed71c
02aeea8
1c89f4b
1e46af1
0201826
021a438
1fbc8bb
1febcd4
1d56e60
1cdcbfa
0012403
0023d09
01394ac
01da234
0310097
1d0bb22
034e173
0165724
1d3db5d
1f08333
1fb4b6f
00805b5
01d5d5c
1dc82c0
1fa8d35
0225452
0148b41
1dbb6ad
1df915d
1f1b196
01e1d57
01f11cc
1c2ae19
00ae990
00db9be
0280444
01c9a48
03a3128
1cec7a8
02af057
03eac04
0082e77
003dcff
1c29377
1e7e5ab
1c569fd
1d3c80f
1d94d8c
1fe9fda
1e9c88d
001d155
0303b6a
1c0483b
1f6d1f8
1f648d1
1eccbd9
1cabc5f
0358220
012df96
1d770b6
021361b
00e6dbb
0020416
1c3d539
1d7f833
028c0d5
0057825
02d79bd
1e8d30f
1e4e3e2
1d7675a
1c145f8
01066e8
1c55a78
1ecdbac
026bec1
1dd49bf
01d214f
1d57983
1e140a5
1cff32d
0356277
000ec20
1d14f7e
01fafce
01f9f2d
1f39a49
1ec2083
03b5e64
03401ab
1eaae9a
1c34dfb
0379ea6
1fe583f
1d0da44
1e2f0b4
02c9c85
1c07c45
0015f18
0171f17
1e83490
03b3b36
027ea9c
1d066a3
1dcbe47
009b0c3
1c9c172
1f6795f
03a3267
00702c0
0081028
025ca5a
028525a
1f35527
1ce6687
1eee129
1f24d1a
02143de
1e96787
0259bfb
03fd034
1ccc2a4
0324ea3
1d3a252
1f3ebe9
02165b1
1e1ad45
0340d34
1f46698
1c5b234
1f98225
1f9227f
1c6d5ad
1c7ab7f
1fa4fd2
03a5b30
1f5accf
02327e3
1d48090
1d2daa2
0069523
03c7da8
01926ea
1e0c0ed
005ca97
1c5cf49
0242609
1d2610d
02f1782
1d631e3
031641a
00aaa0e
00dfd76
1debe29
02c42d6
025d23b
1cfb7eb
018573e
1d4f553
1d463cc
0166788
02d36f4
1e1c5db
1d369e2
00ee4ac
00a1c7f
00caa96
00a6932
0330138
1fbaa3b
1e28bcd
01b3fa3
1c9d1c3
1fa8f19
03e36ff
036e9c2
1d4f7bb
1ecaf84
03a026d
1d83ecd
1c2588a
0179355
1fb0e9e
1c5fafc
1d05b59
1c145be
1f88d0e
03ed1a9
1f73d7d
03047f5
010b592
1d60e33
01acaf3
1d0d01a
000027d
1ea3dc0
0070c38
1c0a74e
1cac241
1ecf61c
1dfd7ee
022fb3c
1e79885
1ed7b98
1db0b13
1f971f6
004d859
1c142ef
1ea4b5a
1c1cdc8
0103cea
1eaa008
1caaa1e
1d55d94
03a63cb
1d71f6b
00f1f44
1ef6a19
0109135
1fab278
013acc8
0150710
017594a
038d8b7
03b654e
02296a7
025f3d8
1cefe44
00c5c62
1f97734
016ad46
029b81f
00c87e0
1c3668a
1c9bc84
1cca6b8
1f7ff5b
1dfed77
1f214fb
1f7e101
0360cd4
1f28292
1c2e906
1c73ce4
1d3b59d
1e35d61
1f3a17a
1e6cfde
033ed4e
1e6c96a
0303338
1cac001
0340684
01bc314
02fbbf7
0027957
1f80aaa
1e2e6e8
01e920b
037b0de
1e1eb2a
02d4362
001770d
01de0d0
1ff38ec
1deff0a
008dfaf
1cc9aa7
01ef05a
012e5d0
1f2f0b8
1f35e3d
1eec7e8
00ac6a9
1e4ef71
025db14
02336c2
1fb9d37
01021d3
1d98692
03babbb
00e9fbb
0349c1a
002cda6
1fbf7ce
01d831d
02a9bb7
1d3690a
1d4bfbd
0395d3a
1cd2076
1dce3bb
026e9fa
00c4d89
02c9e63
017a2c4
1ee8328
1f26214
031572e
1d63c9d
00b9253
01e52a9
1f6a5b6
007984b
0324ebb
01540f5
1d67c46
0017bc6
00a78b4
1d2c64f
029be27
018974a
1c7be02
015858f
006e9c4
03448db
020f743
1d01ef7
0343fe0
011689a
006a70c
0251545
0201aa2
1cb86e1
1fc7e4d
1e4f471
00c5de9
1f49961
1c10722
1e99ddb
1c06059
0301d16
010c20b
02c0bce
03b3a60
035f40a
022c32f
01b6426
00b16a6
006828a
1caf89b
00c07d6
1fcf46c
1d275b3
1ce6bc7
03a099f
01384a3
1c71a28
02a5e6a
01f3bff
1da2263
1d5fbc1
00f15ee
1d49c60
1f06b5e
01a94e0
00c8527
1fa14df
1cd0d8a
0306349
027fb0b
02cb386
00993e7
035a15c
0198744
0332ad0
00c0f49
1d396d8
1eff260
0167ed6
1e1eba9
1c2a6e1
1e7b4d3
02ea8e7
1fee720
037a8f1
03a4e2a
034505a
019c252
1f22fbf
1f5743d
0052607
039bd97
0331ff8
1d13276
1d8864e
1dcebd6
0254f8a
1e30f05
1c7862f
036f752
1d564a9
1de9fed
1ece250
0037eca
1c4de53
1debc37
00ae293
036b569
03092ff
1eafe5e
1d703c1
023d9be
1c42b1a
1cb71ba
1c3fc54
00981d0
1f813ef
00c09c3
1cb9ec2
021649e
027583f
032580d
1f85bae
1c6f16c
1d08459
1dd8532
01a0d52
029f36f
1daba3a
1d210d2
02a9f9c
03cff42
1e11266
1ee5ae9
1d0767e
1ff4be0
001379b
0117f80
00472e5
01dc167
1c30a21
1fd7105
0105e4b
031ce33
1f740d8
0164711
003d6bc
03ed26f
022fc80
0385771
1d0c8fa
019bf57
1df73a3
1e2a329
00efd83
1e5650b
1e664ab
01abcef
00fb47b
00335ee
1e21018
1eadbf3
1efc87f
00a98b9
015dcbb
023d955
03afd34
018bb15
023505c
020eaba
011f5ae
1d373ca
00708f4
003844a
00915c4
1fb8237
003df19
014bf2c
1d50f63
1d82fef
0200fd1
1c153ab
0042d05
038ae36
02eb100
0199620
1dd5276
02e5868
0178251
1f510b6
01e1950
036f6bb
024c4ed
02d0f6b
0113e28
02a71c1
00fae41
1ea40d5
00021cb
1d53ddf
1c29b13
1f2c559
1d1d121
1cc78b1
02102f0
031d647
1ca0039
01adc11
037fc37
012bde1
1ffe8b4
1f83473
1f62ae9
1fbe172
00fb6cc
00b9a83
1f72257
0196a08
1d30f37
03ba7e2
009eeb2
1fb29f6
0358417
1c4f237
1cab5a6
1d00dda
1fcf7cb
03d8968
1d4e9d6
0024bff
004c377
01af137
03d3d88
1d9f7bb
03975ca
0188001
1d1b9fb
012abcf
0228c7b
1f31bd7
1ff2141
0210377
03944ae
0293bfe
1fae011
00d2722
1c990be
1fb1e51
025030d
0298a26
00765ee
02e9124
1d26c2c
1dda3af
1c04dc6
012e219
1fdeb18
01da318
020082c
1dcea68
1d7f669
030e865
00c3387
00fb8bf
1e64317
0004b52
1d5da36
013a0db
1f03920
1ce15fd
1c9c49e
1e83450
03565dc
1de861d
001167a
0095f15
0012660
029ede7
1c1d879
038b293
01d05ff
01fabd0
022366e
1f57bf6
0119c10
0162760
010b7c8
020d306
0117bf4
1dd5c45
03b5bc8
1d64af7
1f3c40b
03e7c4f
00566ab
028affb
007acf7
1f85a1d
1d322b9
02803e9
1d9c283
1cd1619
1dbcf68
1f06059
0104a11
00a799b
03c4124
1e19930
1e8b5b4
00702ed
1c2d2ac
1e08834
03c904c
02863d5
1c3b2a3
03a19a6
1d876ea
1d68501
0025d0a
0028222
1e09c05
004aac9
1d79ecc
03f6742
1f86248
03069ad
1cb32ad
1d80675
1ec7270
039e060
1f077d3
1f431d2
1d56daf
1fbf5f6
1ef7562
1eb5cac
1e79d92
1f78059
019264a
1d74d03
1f0ff06
03e8a8e
01ae4e4
018fde2
1cbd3be
1e73508
1e65723
029a2d6
1c17fa6
1df079f
1d37265
0104f7f
0386aeb
1fab270
1fd22df
1eff384
0034dfb
0018e03
031a86b
1ecef80
1e2639e
02c896c
00fa3c5
1c09bc6
1fbb5cf
1d36ed1
1ed9d94
1edeabc
1d44b30
1d81162
1f34e3f
1c4bd3b
03abd0e
1d10aa3
0361daa
1c95128
00649f6
1cf7603
01dd04a
00bb9b3
1e57e4b
01ef9bd
016ca25
1f6ff2d
0330c41
01c538c
010ea8d
1e7cac9
005621f
1c7ec42
1fe28ec
02241df
1def4a2
00f8a8d
0270640
004f929
031f83c
1d115f0
02ea2df
1d0d0f2
1d374a5
01ed5cd
1d8c5c9
002af0c
00c273d
023cc12
1cad381
1daefba
1ce16dd
1e4fde1
1f6ed8f
1dae972
1fa88a6
1c7be55
1ede299
1cb673b
1dc9af0
1edb0f1
1c1911d
1dd5a4e
00edd6e
00bc18c
01b23a5
1e7842f
02587fb
1cb2c31
030ce5f
026d324
0238842
020af4f
1f6e5bb
0273529
1e190de
00fc64c
1f25d39
01b6c96
1db246a
02f2a18
1d525e9
024fd1d
1d2e064
0383689
021a184
1f07ece
1eacb4d
1d5217a
01f9709
0149c94
1c55882
0163f2c
034db54
028508f
1c79dba
0239f0f
1e65de8
025d7e8
0176e41
0060663
031265b
1d71f56
1c4ae36
1d953b1
03e29cd
0068c6f
020ee35
004067d
1c12a95
1eb5023
029a384
1d4ef68
033b09b
025279c
1ddf4a6
1c0c5b7
0188da7
0318393
025c55f
00fcb88
1d2c023
1d159c8
0367909
1d7bc69
0035d0e
1ea2e9a
1e003e5
021f162
0361aed
1f0aa88
0389cda
02fa1b2
002a407
001a013
1ee0e77
1f27498
1df6761
1c71d07
00c4bd2
1e866a9
1d0e275
01fa10f
039eacf
03e15e6
004d63d
1d61e36
00f230e
1fe0264
005b7cc
02c9185
00f1cf2
1f53ffc
001981b
1d2488c
1e8f333
004da64
01ee788
01b70e1
1e064e4
1dce70e
022277a
1d41e80
1c673f0
1cf2b9d
1c4770a
1e6017d
00609c0
0141727
036b9b1
1ccc493
03ea661
03aaf17
1ed630f
03cabe8
1c03224
00c321a
00edc74
1c206e7
027a50f
1ed9c72
03897d6
0052125
1e104df
014fd6b
1c0f5ee
01f7b1a
1d12987
02166e3
1dd7346
00dc460
1e39572
1ee6ffb
1fad13a
027a22d
004d32e
025560d
023748d
1ca4bed
1e003ee
1e9af93
03b6098
02485d9
1f67024
00061cd
1f42032
0222651
1ca3ed6
1e74f19
1c8d517
032960b
010275e
1c6dcd2
1c33006
1db695c
1f64848
1d20b91
019a3e9
023e67c
01ad772
01d6b1b
0168fb5
03e69b1
03d52a8
023b670
1f32938
016178f
1e7fc86
033c333
1e5bd3d
0026dc5
02c2617
0094bfd
1dd2b86
00a5ed2
1dc3aba
02d0da8
0158695
1d3e9c2
1d5d7e0
1df7f92
0221b85
02fcd59
1cad34a
1de2962
1c2df39
1ebe105
0082d43
1c15489
1e5df84
004e545
00ea68d
1fd30d3
1da423c
1fd65e1
03f67df
1fa7cda
024a25a
006a31d
1d804c5
03297ba
1c9be4a
013c77f
0067cba
1dd3bb5
1ef4819
1f8f4a0
1edd657
016c24c
1c8ed88
01157c4
0265f0b
0007f8a
1f1f160
1cb1550
1e3d2fb
1c0fbec
1ff9bde
01e21ad
1c13362
0298391
1e9b7ef
1e2e5f2
0160f9b
006cf46
1c28127
0026870
001b522
1d0ebad
1fcd565
1fa1339
02dfbf8
1e2cdab
0271df8
00b980e
0274094
1ea935e
00d6cca
01c318c
1c1005f
1f7236e
0170c88
1c775c8
1c714cf
00d1ef7
1e741b5
1cec913
1d04ac8
03e6009
01e539c
0371b36
1c3ce85
00f8d5e
1c74e50
1da7d15
03e745c
028c8e6
1c71418
1f11ca4
015af87
1d9ba7f
03cb121
003b0a6
03ae391
01675d9
1ee7651
1cb2a0d
00ec8bf
0158989
1e13722
1db1c93
0100029
1e8e629
1f585ce
03a1530
02650a5
0305dd7
1d56eff
02b66a4
1cba53f
03b6c9f
1d882c7
1f92a21
1c73df3
1ee30d2
1ecbe2d
0031d2f
1f83758
1f8b9f7
1f0bd4e
014cd57
1fdcd99
1f81db3
00fe331
008beef
1ef3139
021a4b3
1f4534d
1ed80a4
1e33518
026c76a
1ce2351
1c57c0d
0175c9e
1f5cf4c
1c094f8
1e5a34e
1cf62e5
1dae70a
0123591
1fd9077
008e63a
1f3d2d0
00a54ab
1d28e81
1f9cb86
0076cce
1f3d588
1db55ea
1c309a4
1c749d0
03b52de
1eebac2
1de98ca
1dced21
02520d4
008c24d
1ce5a0b
02e1629
034419e
1dee971
0230665
1ea3f43
1d87361
014347a
1d851ff
1cf7465
1ca0e55
01538cc
035cc95
1cb15ab
0206028
017601d
001f7d3
1e6622d
1d2f9db
03472bb
1d90d2a
1efb82c
0013e8a
1cfb01e
00b20a7
02071d0
1d67e00
1f9f788
02e3287
1f594ca
0116407
1d2a4a5
00d5643
1ebd056
02d3c7e
1da7d21
00e351b
02ef95a
00325c9
00f590d
1e897cf
1fe782a
1de43db
02fb7a5
1d8a7cd
1d48076
011d365
03d2eb0
1f0d134
1ec2f13
1ea519a
1f74cac
1e6902e
0072cd5
1e51586
0058aa0
02ba82a
0127e88
1cfad83
000b850
00a3cb2
1c9a478
1da566c
004151b
00fdb59
0265aec
00a8be8
1fae3aa
022edd3
1fc5041
01fdf08
1ced50c
01608ab
1c0895f
01cdc63
0085e8f
018b0d3
013d329
1d54b3e
02abfd6
1e92d15
1e6087f
0123c36
00a727e
1e57b38
1fe3732
015a8b9
02e0c46
1ef36d8
03ba487
00fe339
03344f9
0003bab
1f2de69
1ecc24d
1e0d245
1e6702b
1f31b76
03bffa5
1cecb50
1cc9340
1d93a9b
1f97d17
00db9a3
018400b
1c84d32
03b530b
02e1787
1f6a603
0040501
03bb0d7
0220638
00453fc
1e8038c
0201ac1
1c99877
1c8079a
019447f
019d931
1c2095c
1ef8bde
00b6a7f
008b7e3
039f6c6
1e1ee7e
004cb51
0155983
013d8c5
0032fb7
1e077ad
02db9fa
034ab8a
0045776
02b95a1
1cb8ba8
02c8b0d
1fd6e0c
02f8bb1
03140a0
02607e9
1feb0f9
00c0284
1f19033
1eef293
1e2c0a4
1ec1b17
1c3a76e
026d17a
1ce3b8a
0325830
1facc61
1cb7b27
016e6a5
017a5b1
03ff14f
1f753cf
031689e
03459c1
029914d
1e48b16
007332b
0028965
1f8ebac
00b449f
1da3980
1f48e90
1cc4d93
1db8be3
00b0bff
1c387b1
011d9b1
1e2be16
1d47f07
1c120ce
1cc09cd
03b7848
02a11c8
1cbf3c6
1f96b49
1de3e38
1de3de2
02c318d
001b6ec
0339215
02ce8df
1f12d0e
1c589b2
1e696b9
0339c02
1c0e974
01bc8ca
005b0ee
0188ce5
03c2b5c
1e62231
1d5d968
00bacdb
1d6a951
1d08e82
0083bd4
1c55727
02a1fb5
03fc24d
1e00560
1f3d115
1ec7014
1ff87e1
030bfae
1cca109
022d9cb
1f8ec09
01a567b
035ad24
025f574
00bc54d
03ba712
00b9ec7
0104eae
02640ff
0115535
0040738
03ddc7f
1e05952
01c3eb4
1fac3a1
1f3b7dd
1df672e
02ddd00
1c265a7
1d0326e
00cab90
1e8111d
1c7892e
1ed2aad
1f5322c
1de6252
00e5a95
1da3393
03cd2ba
00b9821
1c87080
1fd325d
03e1764
03bc7b4
1e0c7e6
1d4d4ec
037ebf0
1e65d3f
010fc51
0316546
03460b4
037fb29
009b9d9
002372e
1e54a4a
01197e2
1e208af
1daca6b
03d115e
1f5ea7c
00c82ba
01f98a3
1f92f59
1d8bfd0
0369381
03d424a
1d686cb
1e3705a
02d8fbf
01b37db
02d89f6
03cc9f6
009f567
1d1efc0
1d34327
00051a8
01bcca4
0198abd
1ca27c8
1ed175c
1e43f80
1e5cfd8
039c8c1
1db3748
0364fdd
1daa437
02d57cc
00063ef
1ebf704
0394dd5
01bcdef
03ab7e0
1d52803
01244b7
0395256
1f43a14
1f4abee
1da6687
1dffe85
03b9497
1d277a4
00adb26
1fadce0
0080d36
03a2f4a
1e2fbab
034b0af
1c4c5c3
036fea9
00e125a
00dc687
1ff522c
1e94841
0039e86
02be627
00c01ef
03be3df
00410cd
1fa1379
02cbd99
03c3918
01cae66
1f57318
1d83a37
0337ef0
1dce9ba
0330d76
02be531
01458a4
00cc717
034eca7
1f033c5
03e8684
1d02751
030c078
0024484
00ee8e3
1e82260
00d912a
1f95338
1d1c509
02b685a
1ff91f5
1ccfba4
1df9e61
013d950
1c84403
1c645cb
1c58da3
1c03152
1cfc820
1d8c1c9
1d1ff5f
0109433
028135c
00abd86
0239490
035901f
1ed722a
1da381b
0335471
1dac67a
1f5a0e3
011ebd8
1e9249d
019af5b
01708a7
1ce4f3e
1de2e9d
00a47af
1d1c124
1d717de
1e879fc
02776e4
0167245
0200561
1cbd116
1fb3330
02d5fab
02992eb
0135b45
03b68b1
0220923
0162350
0393047
1f65164
00ff743
0172716
1ce31de
1e828bd
012563d
0286250
001d067
03c0fe0
001732e
01fdd65
1c055dc
1f71e50
1fbd812
02b41d0
1e42e51
1eba9b8
02d4797
1c8bd21
1f248e8
1fcd357
039c590
03c5265
00ed4c8
03c2661
0389f7c
1e5abcf
03d3f09
00bdcb2
0291cd0
008f3de
0280342
1d80e87
1fda0d3
02537d1
1db7dfa
1e57956
1c919c9
004cb20
1cd9b53
02e2d2d
02d211d
00adca9
03cf881
1d7997d
01328bf
0291475
02662f5
02ca4a6
03ec7aa
1f24c8c
03a7401
03993d3
002221d
039193a
1ef5df1
1e96d23
0077ab0
1d66723
02d8589
0375631
1d52c4f
1fbb22b
1cd33c3
00f4783
01810c1
022b165
01fa97c
1db5fe9
1dd1b1e
03bc292
1edefa7
00db8e0
1fe31ff
1c65b25
1e37d93
1f452bf
02683c8
0111d0c
1df629c
024868f
1fa020e
0072005
1e2dafd
02afae1
1e31e5b
1ec3e92
1d1d64d
010d250
1e4fbac
0032ea7
02401c0
0185cd1
0004af5
1e1263e
1de5afb
0178713
1ef0b1a
0283205
1f7e18d
02307f6
035377f
004e907
1fe1b05
03d869c
0029118
0290486
1daaa60
0097354
0194272
1dc41ab
01c8250
1d49435
020c15d
1d8d706
01327c9
1f7483e
0251c26
00203cc
0311292
1d9c8b0
013eafb
00127b0
1d38788
1d0053d
1c701ff
1f38855
1f60d23
1fea100
00eaea8
01963e9
1e01baf
00e2b58
1f87a84
1fd10be
1e632e1
003117b
1d29664
027fb8a
017caf9
1e43287
1e41392
004eac0
1f9fb4b
1fe93d8
1d74936
1faa0ac
0289963
01e4a89
1c4a89e
1fcb2fd
0121035
1e6fa8a
1eb6e44
023e014
01c2a33
0170116
1e2b7a5
1f712d3
1d630b2
02f4789
03d13b8
1ece4be
017fd0b
1df6133
1e95042
1cc0cee
1ca0168
1f31a73
014f7c3
01886fe
02b94cb
00a5b8e
1d97d0d
1eabcf6
02824d9
0018d29
03b7e14
01a95d0
00a6b0f
000e2c5
011d598
1c3207a
1ef029a
002a962
1ef3f22
009b59a
03e5f87
0033145
00b7ece
1cd0f1f
1da031d
1ec1be1
1caf423
1de45d5
01199ff
1f0f070
1d9c744
000b4e3
1f0364b
008d6bb
017ee00
1d0a2e2
0360006
1fde0e9
032b86e
1dd4790
036fe7c
1c8c5e9
023fef2
1e435d2
1e73fed
03d0b1f
004875c
1ec23a1
1ed9bc6
1efc65e
02603fa
1f2aa72
02091b9
1dd5805
0069c75
010dbf8
1f044d4
1cb5f55
01e2bf0
1e7dc84
022c43e
01d3ce5
039a54b
1f4e3e2
030261a
1cf8b7a
03f28d1
1f586ac
1ecf04e
03f1cae
02ccd16
00ac5d3
1d3dfd9
1c18b4d
0232059
1fa8208
0249eff
1d01c7b
1d46ea8
03852d6
037e63f
019c843
1cad644
021b62e
1d18a9e
1cb4281
1fb8d45
03ddc38
1e60422
00f10c6
1f40bbb
00a7175
01b4c8d
1fcfa67
02fec3d
019f980
00f03b8
1c9592b
006e31a
0121c13
035c9d8
1c1cc4f
031eed7
1ebfa45
1cd0c75
1e9102a
02f5457
1e499f8
1fbd223
0311a25
1df4c51
01d1e6a
1c23dc6
0105ad7
01bf75d
1fea129
1d50ac5
01656e5
1de3b4f
0146672
1f8ec97
1c1ef8b
037c9b1
030d086
1ddb205
1fe5676
0219694
1f6594e
1e52e88
1ef179b
1ec225e
02563fc
1e50f87
023163d
03bf5d6
02b326d
01fdac6
0383cab
1d28617
1dbe6e1
023e839
01f5c91
1fe8695
0290ab9
015fb11
015e305
1cd4c54
1e3570a
1ee7321
02075a0
1d54ce4
1efb01d
1d38f31
03ef032
1df6fa7
1df250a
1edc763
1dcf540
1dfe66f
01192f4
010f2d6
1f56db3
1f42119
0383889
1d234ac
1ca2900
01a68ec
02bc24d
1fb0efc
01d3b37
1d2c218
0072ece
1cf74bd
0086b5b
1c5cb70
03a4b4d
02f4ca0
1c861ee
1c814a0
024ef49
1cfed7d
1f1e2de
1c01580
1ed5e98
1ead189
1fe8db4
027bf03
1e38883
0281771
1f12424
0273d68
1dd2283
1ff47eb
0124e76
0378d50
1de1c6d
1e15993
0276632
1e26103
01d6e98
01888b3
1c55703
02c03f8
1fd1c80
1cd7ef9
000a0d6
036679d
1e1c319
1de2385
02b56cb
1d42806
03dde1c
1d5e2dd
019502e
0273d90
0299f21
0362ed0
01795c6
1cbccb4
02cea31
1eab457
1cb0072
1d870c1
02d3714
1f03aa3
1e8d7ca
03596b1
1cf3b91
031f7b4
1ef6376
1da2a08
00675ad
1cbe47d
028ef69
021a3fb
1d64465
1e4beee
034f836
1ec390f
1e369fa
1c501fc
00dda24
1c50f44
020e2e1
0249435
0123f9a
1eb55c9
010fc3c
1ffad88
1c96e54
1d54fb6
013bf24
1d528b4
1e2a3be
0380711
0094f32
01a50ab
02d6540
1ea01f8
1fb285f
0203ba2
0372986
03d1f86
01408e7
1e9ce9d
1edf6d5
1c6b2e0
0369e91
0148be4
1d72a05
1c35f68
1ce84e4
1fec591
1c53bc5
1c63d1f
1e80e6b
1e33ceb
1c5231c
0314e52
0290547
1efc6f9
1ec7d45
0132487
0234aa5
0055d89
01ef6ef
00b15e9
015c750
1cc80c5
1e3d04e
01c78b8
017f3ee
1c31449
1e6dd83
1ec3a02
1d294e6
0052941
03cd10f
02212c4
1d1eb3a
1c1a0a8
012ed6d
1de69f3
1f3c6b4
028179f
0097756
038181c
0244621
1de2701
1ddb613
00a378d
005fc4a
1cc7450
1cd252c
1f24c5e
02094ed
1d52174
03b4d07
00c4e9f
00fb143
1d22ed1
1efc869
1c89017
01bb848
032faa3
003b243
1efca77
1d03a5b
1dd80de
1f8cc1c
002ad1e
1c6d04a
0346f7e
03925c0
03fe5c5
1efbb88
1f892cd
028ac22
1cd365e
1dff513
02cd49e
0146568
1cf0078
1c90691
1c053eb
1fa430e
1d05cef
1d10874
1ef6085
01545c5
02cf653
02fc90d
1ed15b3
1ed8dc1
1dd5ffa
1ebc4a2
1d46b2d
02d9ae5
1e7917a
1d42055
00270e9
00029c4
024db08
1f3f8f7
1e320cc
0065976
1ca7f40
031d2dc
1d818f0
1f35267
01ef290
1e37005
0358537
1fccc76
1ebb1b3
1e66029
0294303
026a9c8
03a5240
0022de6
1d42f55
01b32c5
1e52c0c
1c9005f
0282eb6
028dcb5
1f0ca42
1c50bd3
1ea195a
1ebe6bc
1de3c11
01a8b54
1c59d92
00fc023
1ec037d
019a0a2
1c6582f
034b0bd
1c70dc2
1db5020
1ef7d90
1fbe5b2
030506b
003fb7f
02d328d
1ecf8b2
1c741c2
1cb360d
1e5893e
1c73f74
1e4f491
1e6c925
1ccf051
1f3a422
03c84c7
1e144d9
023a8e2
00ebe8b
1e1d130
1fa4c82
1ec6400
1e028f4
1ec98ff
0282385
1d1fc95
032d91d
1f8e652
1c37fd1
1e7a7da
1e54403
1f286c4
01a3883
1f09a84
0186c58
015a81b
01dcc5e
1fed568
1cbd328
1cfceee
003708c
0317d5a
00a1aa2
1e9db55
0228117
034e9f9
0235a9f
0272d66
1f5da93
021b057
0172673
025f52e
1fa6c00
1c1e38e
1f74775
1da8b7f
1f6ba70
1d18984
1c3d706
00fcc5e
1ce229b
019faee
1fad589
1d7d9b9
1f4e328
1edabdf
1dbcf0d
032c377
00dc9f9
1e6dcc9
038488c
01aea13
015217c
004109f
1db656a
1dce4fe
03fe7da
1eb6f70
1f50100
1c9bf8f
031c0c9
1e9cc13
014583b
015256f
1d1f8f2
1dd1c95
1d49102
1e4403e
01a2800
0290fc1
00e8164
024844f
02cc3ab
0025e21
1d814d2
1c290c4
019e666
1faf48c
004cc3a
035f3c7
1c5ebc0
1e280d0
0104816
1e26e27
02c9a17
1f46cce
1fec182
0286f27
1df884a
00e0f42
1d12e61
1ee8c34
034ac08
0084cbe
1c73e73
1e85f55
01c6198
01ecb9e
039606d
024caf9
0103644
1c2d94b
02f3679
1f9711b
00f5baf
1c81d45
1dd07ae
1c2c3f1
1dc1639
1d5d12c
1d0ddc1
1ce19a0
1ffc2a7
0075e5c
010dfb7
0308768
01fa67c
02f712d
1df3ea8
1d34325
03a2a87
03baa05
1e817e8
00f2ac3
00de256
1e856e1
1f57d83
02eefc9
1fc0cf6
1f8fb9f
1e1bc2f
1ce24c6
012c835
024a110
0147451
1c32e00
1f674f4
025f4b5
1d5e5d3
03414b4
03681e2
1ea71bc
1c6eeaf
1dc2a4a
1fb08a7
1cab470
1c0e06f
1e73722
1d44cca
027e895
1d6531c
1dafcfc
1d357c8
1c03b80
1e25005
1c52c7f
03301bc
00b0660
1de1f58
0055497
02a00fd
03b9998
1f404d6
1d1b649
01bf520
1ee4ebb
02137ff
01a1850
1c93da8
1d89cfe
1e0ba1c
033646f
1f8691e
1f7cf7f
0192394
0099542
1c0d760
1da65fa
1e8fb00
0175520
1f84156
1d4d367
03bc6f7
1e9160b
00efbdf
1d6b97b
03d3c5e
1c2140f
02d782b
0105436
03456f6
1c3f27b
03f6ae1
013518a
012f87c
00e24a7
1f60676
017c063
031c3d9
0046520
1eb4826
0271493
1e0d61a
1c4a553
00352eb
008653d
1f5dcdc
1c0c47b
02e8c98
1c1ef52
1f6fabf
009e523
1eeb0d5
1d7b149
1f52c52
0056a9d
037ddd4
0300d13
1f74453
0196227
1eae319
0297844
03131f0
1ddbfd2
1cabb44
1fa1d4c
029443c
031d50e
1ff6b79
1ebdd3a
01e1cea
02e98b4
1fb12ba
1f83708
0045bec
1ed48b3
01ef327
1ceb2b4
02196c3
02e8244
01ff1f2
1ea7ade
1f8e819
026180b
1edc97c
1d782ca
1ebfccb
03d53be
0198782
1c4ed61
0276c19
1c6e41b
1c4d4ba
00e6177
00c08ad
1d4397d
013e08b
1f3e0eb
1f03d90
00edf92
1d8700d
02822c0
0395a9d
02986f8
1dbd9e5
02338e7
1f4037a
1d88910
1ff071d
1d6bd37
1ccd4c1
01412b0
1e29b7e
1edb251
02d9636
1f2cf36
01d9860
0038e64
1c17295
01b7c0c
02f27b6
019bfac
015ae2a
1d1af35
1ead5d1
1e97144
1c794df
1fbd8a9
03f29cb
1f4322b
027111f
0065774
1f3b852
1e66044
1c165fc
03e11ca
1c0f636
0072e3b
03dd343
03f0334
1f5c189
1e480c9
01c399f
0341eb7
006ac88
1d52b89
1f8fe98
02eb234
1c6dc5b
0194aad
0214888
03284e8
1f0d779
1f5d075
1fa91f8
1ec2e38
1c64893
02ca176
02b2c20
1e55286
1e52efc
01d8644
032a2fe
00d2cff
003627c
1fc6c10
031eee3
0166118
01e045d
1f62fe3
1cd08b9
0164bf8
008ea45
03485cc
1f9f355
03a6feb
00e3dfd
01f8cd9
03385ab
01740e6
02b31f6
0245909
1e00d3c
1cb15fa
1d94bb9
1fe2afa
03db57a
1f104ed
1d04bcd
1d34607
1db4714
023f085
1d5060b
0291e98
026567b
03cf7cd
1c64aaa
0221cf0
0363111
029a774
1c245ad
00b34e5
1db3c7b
1ceee8a
1d82be2
035a47d
1f6f2d7
025813d
1e33a8a
1de3b31
1ef630b
1d19b36
0211b73
00bec14
0136ec1
03700f4
1daed1c
1e7f41d
1cc4cc1
1ff8633
1c9bdef
1ff6cb4
0333af3
1c54fd9
00bd42f
000a166
018ee79
008fb2c
03e80a8
008ef9d
0046bb1
00a1cd1
025fe75
1e45f83
1e0276f
1db7407
1ec4d21
029c99f
01e6b4b
018807a
1fcd849
00d5f1d
1c7101d
1dd7e30
1da9cc1
03a6655
0031f84
1e854ac
03c0a40
1ca8788
1fa102f
1f8205a
0042867
1d94176
1da73d8
0339f3d
0337cfb
03cd6a8
01a5619
1cde120
1f91306
1e2cfc0
1f6b3c2
0327a32
1e86f8b
02dfd6f
1ecdeb0
0049c7a
1f1f9b8
02b1411
0328521
01d0afc
030a2a7
1d7400a
036afc1
1d29029
1eb0d17
014dc9e
01c922e
1d24263
1e325ce
000ff73
1f5a2ba
02781b0
00a5d0a
034ffd8
1e71023
1fe8e60
02dc5ba
034ee6f
02ddce6
018bf54
1f17594
00afccf
020bb2a
00aa04c
1d0c1c5
0184f40
1f9c2e6
01005c9
1c5c9d0
1eb25b3
00e43b2
1d57aad
1f8d574
00e29f5
019e7ec
0261cbc
1e381c7
01b5bee
1f88e75
01a2d3e
1e64a57
00f9e4b
00b768e
1e5b68e
1f35d3a
1f90215
1fac36b
1ed4c69
1ea7256
0367044
1f7edc2
03a40af
01038ea
022850a
1c16868
024997c
1d4b043
007c367
02a18f5
1d00bc5
1cc11df
1fb0b83
018707e
02d53bd
02ab915
03a2e10
1d836b7
1cbe3b5
0015472
1ca1f5e
1cce5f7
1d22a6c
1d968b6
1fe6746
1d4a13c
038ea4f
03c81a7
1cdf1a7
1d5a9a5
01b38a8
1fab19a
00b8e7f
1c3da58
01e16d7
1ce171c
1f2a81d
1d6c140
1e359c5
01d195b
1f8f7de
039200d
03b69f0
1eb033a
1da3a0b
02391d0
02a8cb8
00abfed
1f3f60d
1f14d41
1d1ddf2
01fa927
1eafe45
1d68ecd
03a59e8
1cc9960
1d2a37b
1e69ad9
1faa723
0342eed
1fd264c
1fdb192
029415b
026001f
1e3beb5
01b586d
005f5ed
1f84d81
0106abf
1f50b94
01a4a6b
1c8c5aa
1d0baaa
012527d
0034f48
1d68f77
02e256d
0026daa
0388654
00142bc
028047e
1edf4e7
1f2165a
0273aa2
1f30fe8
0148bc7
1eed2ba
1db2e2d
00a70b5
1c3ee40
03c4479
00d745d
1d424f5
1c519d3
01f6c01
1f1fd8a
004dec6
032217d
1f9c519
1ebfd54
1e10ab2
024c414
03d9c86
039bc37
1d23aa8
1d21f78
0046beb
1f47cbc
1e9be59
02f9df5
02cbc16
1e4fc71
1ec17fa
1d5f78a
1e461da
1ead8a5
1eb769b
02d01bb
1cd7e8b
1f623d5
1f94d5b
0013901
029855a
1c43d28
1d68039
1cad055
1c96268
03c992f
01e858d
00ceb4a
1c0fd73
1df07ea
011fe08
02edbe9
1eef4da
0273e46
1d37fba
1f58a1b
00903d6
01c5f29
01b2f0d
0058b9c
0202f04
03dae0f
1f126be
03e2b60
1ddc11e
023a25e
01e74fb
01b8336
1dd4908
1e5b78b
02e24f3
1e310ea
0239284
0328882
0056d17
01664ef
017372e
1df0bf4
0326f1e
1ca844c
1c58018
038f4b3
016e6cb
1f66f51
1f14e33
1d1b4fe
1e1f99d
1d4d6f4
1fde511
1d65c16
03e74f7
01b50f6
035b1ce
020dfc4
035453c
01c0ee0
02e9c7e
1c5a18e
1e9d71c
1fb9a0c
0206bf9
00655e6
00d2830
1c322f0
1cfcabe
1c14b99
035af26
036b8b1
024ae64
1e5f09c
00d6bb0
1ef112f
038a522
1c0195c
1eca299
030e722
1f26fff
0033200
02950ae
028efeb
03f3b24
1cd3460
1d57d03
034ee2d
1ca79f8
1c67b48
1ea9b41
1c879e1
0129a05
1f33e2e
1e45181
1e6de2e
03e2f31
1d9bcff
031b99d
1ef94d8
1f4cd2b
1ea8ab3
01c92e7
01b06fc
1ce2cbc
036325a
1c0fc34
0229f24
1ff4095
01c4c3f
01e4907
024fddf
03937cf
03e066c
0208212
023053b
013edc8
1d761dc
1f80911
1c3743e
004cf23
03c7426
1d290d5
02d574d
1d96258
0236903
01f9577
02a3ef7
0241eec
0275da6
037e144
1cf3df3
1d23fbb
1d6b358
1d81434
0026309
1ce8d76
03a9c45
1dd9e26
0360e99
1cabb3a
1cce4bc
01f5db8
03a6687
1c8a418
009136e
030d7e8
1f083c9
1e8c4b4
1c1241c
02711f4
1e7b987
1d15708
00ffa2f
02f83b9
019735f
1e47d7f
1f9db4b
1e7d00f
03fbcb0
02d459e
1c4d231
1e945f9
1cdc6d8
1df0342
1d29810
1ee877c
1dd85cc
0265bf4
1d46a4f
1e49a33
1f541d0
0156424
004bd73
1e4060e
1e159c0
1e0d001
1d0157f
1dd2038
1c870e9
1f37a94
03b7969
0384628
1ef2fb9
1c0e631
1f0b4d9
1f4279a
1f92af2
03418b3
1fea1ea
1d18062
1e6684c
03e0608
1e17b10
1f423ec
1e11a30
00ec889
1c23997
03882f6
1c4a35f
1d28c03
1c42fef
1fccba1
1c3f4fc
01e0984
1c4c7e7
1e79bac
1e2cdb6
005d419
1e89fd6
00a04bf
03a46d9
1f6eb45
1cfb487
1e05f51
0360383
1eea2f5
00aa287
1d36487
036832a
1dbdfb3
01f7f14
0360a60
1ed92a9
1d4779c
1e89d6e
01c8a07
0110eb5
01bfe93
02e0899
0126044
1f59270
02492b8
1d83243
00a5b15
1e65052
034eb32
01bc863
1e69696
1c30535
1c4b1e8
00aab59
00fd717
01bd226
026733f
00ac0c3
029db03
002fe3e
1ca7e7f
0346657
00dc734
03b3272
00d7688
010eb0e
011bedc
0066b96
00169ec
1ecb08d
1d33e63
00a7d78
1c69d7b
1d62a56
015b45a
03468f7
03c2253
1f71711
02d627a
1e20a9a
1f307bd
1ed29a7
1cf58cd
0148e25
1f31dbb
024d7b7
01fd07b
01be62d
1da5858
027954e
1d23e13
1c1e062
1e8ed26
1eb65d8
1e1bc1f
02f6f81
03b32be
03d2303
03552d2
0026c14
037e0ea
022c538
0190286
026860a
0327efb
1e233d2
1c77180
1e114ce
0289bb1
028fef5
1f175e6
01c5aae
1e3ae9f
1cbbfeb
1f53a4a
016cfbd
03b3dcd
1c9cbb4
1c08e88
02b0a88
1e5f93d
1c378ba
006613f
1dc1066
1e03008
03c490a
1e38e72
0079f80
000b6d6
1c0980d
02fa496
00acf09
1db8e06
1f7f7a0
1e779c0
1ebfd91
1fa23f5
1cbf333
039cb99
03ed86c
01a09fa
025016f
1fa482f
00013d8
1c107ca
00fba13
02b8bc7
1db0d46
03ec4a4
00ac5fe
1f32c78
024cea8
0130d9e
1c05005
1eaacd4
1ca5119
0289e29
010cfe2
0186239
006e1fc
1d37412
0167ce2
1ed1e0b
01cfcd6
01baef1
037fcfa
020bcb8
1e1c692
02615dd
1d6754d
01a3962
037c701
02f6b78
02ec0ee
01b5a8d
006cd54
02b9f7e
1c3c8e9
1f6f4aa
1f11868
02086d1
1cadf8e
00fb4f8
1edc308
02cfdaa
1f339d9
03ca1da
00e6c13
038a3c5
0361608
00ed08c
0110b71
00eb1ca
02ea62d
0215cb7
0146ebd
033b6ff
002c2a4
1d75ba4
00016f1
1fbea0c
1d61d2f
1eaff0c
1e979b4
024d905
1e4c715
1e035e3
1caf3f6
006b42e
03a7c47
1d1a8d3
0236a94
01a3d60
0173cc1
1cd54ba
03582d3
0001424
0232933
1cf4c46
0301ed1
1c18199
1cd0b0e
1d06f51
034025a
1f28f32
1cb3782
01ce702
1dcdb81
1e28f32
1dba035
1e532ef
1ec7905
0272894
1f42dc7
036dc12
1f3e2f0
00af70f
022b04e
1f83abe
006c364
0003efd
03bfff5
1c2873f
1fc89a6
00857f2
030b55c
025c687
1e686fb
1f79fba
00755ad
1e225c0
1e28819
010876a
03b189c
00ff993
02d93dd
1e45d88
03a0e09
0315695
1ec0b30
0269333
03f9258
02ff224
029f89f
1c5223f
01ec0db
03af2e8
1df09f7
0182519
03d2191
1ce2a99
0312d22
0073883
027c1e2
1c624c6
1d162d1
1dec998
01cacb9
0017c57
1e8b2be
1cb9db5
0334413
1ddc3ab
025b151
03b8cf6
02d982b
1d93606
004378d
1d72aba
0187456
0177a70
02089f5
0154106
00d33c9
1e2d6ab
1f4180f
1f23862
018e35d
01f2acd
1ee2b65
1e3a99f
1ec65be
03b5730
02c34e5
0003c22
1de832a
1d581d3
03b9262
03e9d95
034c2cf
1fb9a69
012e4a0
01a5fd3
01d4e26
1dffffe
01cd038
1c059e0
1df7f1c
01e96db
03e6ef2
1d1fb10
0117903
0185211
00a46c0
0241f36
02985de
0263f5a
1e5840e
00e0634
1c2678f
1d8f531
1f82253
1d42da8
016d5da
02e993c
025b630
0078d36
1f905aa
1f29bb6
022b84b
01b41b7
00fb1a9
1ff3b02
1f6c40f
036754e
1d0cd77
001d692
1da8c74
1e6a670
012e02c
0138869
02a82a3
039b69d
1d15f7f
00017aa
1c79678
1c2a782
0284896
1d03196
1d2c52a
1d436d0
1ded2c1
01ff731
030ea7f
1d3d5fa
1ca0f35
038fba2
1c002fe
1f93cf9
1d19bdb
03ee43a
004b329
02654d1
1e7994b
031cd6d
00d4677
0197e6b
0058ac4
1c51bee
0087091
1c27976
1d9dfcf
1ebeb1c
1dabff2
00fbd72
03065f6
1df829f
01cbb66
0107d37
00c2284
02825e6
1ec7f70
02a8974
1f731df
00b4d5c
1c22f21
1df8159
038df31
018697c
1f37564
0097fca
1ec68bb
00aeaae
01aed4a
1f3f869
1daed02
1c8fa66
1ea2b19
022d75a
1d46a6f
01917fc
1d44e1f
0128a02
02e728c
01d4487
039059e
0031a73
01a6284
1f80c7d
03e7a8a
1e25c3a
0217981
0227aae
03dea91
024f275
035d915
1eebbbd
1e17a65
0303a1a
0051dd6
1ef288b
030e2b9
1e8e271
01c21ed
1e3de05
00d8dc1
00afe6e
1e5bb9d
1c27ffd
1ccf385
1c713d1
0190541
02dd60e
014eb44
1d49bcf
1e1ea19
01d82df
1dddb77
1eb8411
1da6e74
0354b93
00bccb4
1c214b6
1ef9ec8
036e0f9
1ff6757
1d8f7ba
02ec890
1e25329
1ffcb75
1f95be5
03f8070
023fb7b
0379525
00a78d7
1ebc445
1eecbf7
00ddf69
1d4ddc6
0186d44
00ac783
00364b7
1e6e0a6
0142118
0218c37
027d23a
1f94a42
02eee5b
01b0269
1f1b0c7
03bf9e3
03c21e9
019b09e
033c1c2
00b0881
00e98d0
1fa064d
022dc44
1ef3c8c
00ad3b9
1cb9aae
003ebc7
1d9ea34
0082374
1ec6490
1c3a424
0236ca8
1d5a4c4
1fed5d0
0057b73
1c9aea2
02d2ee4
1c96e26
019bb8e
0127036
007e01b
0028442
0195ae6
0137638
026cdcd
1c12f6a
1c77a8e
012b78a
1feb3bf
0037083
02fb294
02a369b
021054e
02d2be7
1c4f22f
00c2a01
02cff52
1ed9ab8
00c9989
023fe17
1d7b8f3
0202b07
036ee72
03dbb9b
1cb56b8
1fbc36a
0343ec8
1e41818
008c17d
1f58011
027eb10
030769b
1e630bf
1e0b040
017a416
018b6dd
1ff7045
030814d
003931d
03ec869
1c83b1f
02ad32d
1f17330
02f932c
1d786ae
0363987
01d031f
016335d
038a5ab
0315d64
1d26dba
025daf3
02f91f4
1cc264c
037981f
1fec4c4
00ce84d
1c1f5ef
03d2aeb
1cfd588
01f39b1
01b3f1d
1cd089d
001a064
1f70609
1c61a06
03c73d6
1fe6588
0354acf
018e9d6
1f5e0c8
1c1aca7
1f54747
1e19b0d
1ebc404
1f2ccc9
1cf7a93
016e9de
1d1d249
025ff5b
1c8fb46
00ff633
0104bbe
00e62bb
00a11d5
001bb7e
1f36cf0
00fd9d6
0287095
034e514
1d31e18
03a72a0
1de6a9b
1f9abf2
008e2d8
1cbc0ea
019f32c
02c74a3
0115f3f
1ca29db
0268242
1ef9436
1de88a9
1c43440
1d0c501
1cf947a
1fd83ba
01c25d0
00e5514
1e0880c
03255fa
1fc83c3
1ecf7c5
01861bd
1e30707
03ff05e
1dba36a
1c66d37
1c146b0
02e81e6
0162cb5
1f6d70e
03ee7d5
012ebb8
00ad21e
1ce0d93
018bc1e
1d127d2
0392a77
02a91cf
1eaec2b
1d75d88
1c45b7c
020de0c
1e9e7f5
1c0e68d
035a23f
1c0ca16
03c55d1
1cc9746
0119928
01fd1b8
1dcc718
00fdaa8
006618b
1e63441
024a2fa
1e5e8bb
1ed6fcc
1f2f063
1fd438a
1d8cca0
03b4310
1c649b5
00345de
01b631e
011cd41
1dae13d
029b5ad
0372d81
01af7da
0211d30
03f204f
1f45b28
01c28d8
01c7a72
1c7fe8c
1e902c1
1e43787
01e95e4
1d38feb
00f3e64
1e9d136
03f8e28
1ffc733
033436e
1f3e8dd
1df4438
1fd6704
03caf21
1d79467
1c16c6c
1c64fde
1e9d2e8
0214b9f
03a0cbc
0358826
0014675
029955c
000bc2f
1c1a30e
022c1fa
02324be
1f6d9b6
029b283
1f8917d
1f888e8
1ef40e8
02b1717
1defd68
0105815
1da11bc
020d0a7
02882c2
022d52f
015928f
006acf4
02f942a
1ec7df3
1fda58b
1ca0e53
1f1662e
0399990
00dbe90
0140ac7
1f9e136
1e5bb65
01e3da8
1cfa628
02cf17a
0264a9e
1f85585
1e46983
02de050
0275de4
02ff419
1cbd95c
1c76cd5
0381c29
03330f0
1e86d64
1c4d978
000f919
0039c92
02ea2b5
1c7667a
1fef7a1
0099e0d
1d800e4
034a866
008f3a0
1cd73f4
03bcfe5
1f018b6
02a3d34
1fc9304
028d0a6
1c370d9
01c836e
00dcb01
02a49fe
0261b6c
1e21328
1cfc07b
01522d9
1fea9e1
03dbca9
034b29d
1f1d024
0063b35
00dce3b
0203956
02a09a4
01d0404
1ed942d
1c62f1c
025bc42
1de38cc
1f62a30
1c0ae8d
1fe4d9d
0334ccc
1fc6c5a
01e7962
0165e14
015bbcb
009dcc4
03fb84e
1dee6af
1fbee7a
1cf52a5
1f9eefc
0183a0e
1f9a96a
034189b
00451d1
0101da4
1eb9851
1f112cd
1dc26de
1f60f68
1d74c9b
0080711
1ebaff8
020f45d
024969f
1c7501b
00b809c
1d4226f
1f372a0
1cc0b43
0253696
1e8d597
1dc2974
1e3faf1
1e4c5e4
00a3144
01c95a9
037dd42
1dbcd0e
1c8db9f
1c783d4
1edc59b
1cb296a
1c66755
1cc3066
03d3d26
1eb39a6
0020ab6
1d52e3c
0004166
01ca4fb
034fe6b
02b3287
1f3aca8
00ed08b
009e91d
1e5ec0e
0182fc0
03c6c47
00187e3
1db8520
020f2c4
1c3906b
1dcc0e3
1fa1515
00b842d
02930da
1c22dc0
1ecd2ea
01f1f96
02fa75e
1f1c7f2
00b83a7
1c51bbd
1f6052e
03c2ee6
0384bbe
1f88487
02c75ef
1ca0fd8
1d0c56d
01443e2
1e9b725
1d120fc
0156de7
0157e71
024f1b2
02e1ff0
1c43510
0032ac2
00592aa
03eb6b2
027ee5b
0109d24
00b0155
03d9ec8
02d1e99
1d37996
01c0bd9
000d084
1e4201b
1ee330a
0391f8e
0078673
010fa91
1dffa85
1e0d1a9
1f3978f
1fdbf82
1fb12bc
1cb23f7
1c97fbc
1d84f6c
1d8f636
005e057
02dfdf9
032a3ee
1ffaee3
02f012d
1d997da
1e47232
1cc7ae5
1c02667
1d4b618
034ed2d
1e2a8b1
03f4113
1e07cad
1cca1a1
1efa613
1e740d1
1dedff1
004eba1
03443db
1d83403
1d23285
01bfac4
1cc1414
1dab606
1d286d6
1dc6304
0011ad3
1c84a91
1fef754
1d7d326
1e93ab8
02588c0
1c43388
1e7de8c
1ea2dd6
1f71442
00b2411
1cc99d3
03afb16
00388c3
1ec0838
1f3aa8d
0214698
1d9587a
0369987
0007c3f
1fc1559
1f3b07e
01022bc
01f9d82
00badc0
1dbef28
036fee5
01c71c2
1fd4d66
1c88bb0
01af1f9
1efdeec
1cf23fd
0262ff1
1f530b6
1cb83cb
1ce9e2a
0152a21
1e974ae
1c2cb93
1e1a5b9
03b11c4
1fa6090
1edf4fe
029b4b2
1f8b810
0069421
02ecc56
1fd0c7b
037d982
02da140
1ff2461
1d3469a
00b7d29
1f67a93
030527b
0239221
02f5db5
034aca6
02cb1d8
1e0be0e
1e71af9
1fff18e
033cda3
1f3b997
007c43b
1dc9a21
1ee09f8
006fbf3
022b95c
01793cd
03a442a
1d824a1
1e90fa4
1cd9a5c
1c01047
019c583
0099619
0066246
1cbd05c
1fd6283
00ddd53
0184f1a
1dbe911
03ee48c
1e001cb
0277042
01abff7
0115a33
1f65fc6
1ed9cbc
1c4284b
1ee29e6
1feffdf
1d39ab1
029d15e
002b58c
1d5f489
1fa1344
00c7165
0271667
0394e5e
1c91ec6
0318c63
00dd496
1d80dde
1ed9df9
1ca5a09
1f18f00
1f2c757
024184d
1f34934
1d10741
1df4054
01f9c13
0398582
031bf36
1d135ed
1d2568c
0362a66
1d473a0
00ed905
1e56de6
00c8bf5
1d987a7
0276a57
0175d50
1c49574
1e56aca
1cbe041
1f70f5e
03dc1e2
1ccd2ad
011e2c4
1c9e001
033e219
1c370dc
1ed8fff
1d149e4
1f472ed
1e1a3cf
1f30b2a
1e26638
01dc10b
1c05516
1d16f1d
033ce4b
02b5e7d
1cddecb
028f686
01078ea
1e8a004
1ca311f
1c2ccf8
1dabcb3
1dbeab7
1c65a43
1d53618
1c7eecf
1cf0347
011e29c
1f7cfe8
1d4a082
1f20219
1ff7b5b
0138d93
1e9a12f
1e8986a
01f8d00
036dec9
1f95bee
00c26c9
1c6a6e4
1eb04b5
1de52e7
1e4989b
1fecb4c
003b637
1e595fc
1f60242
038f71e
1dc4921
03d1f52
1f9c175
024d258
1f78895
0135ca1
1df136d
1f781c9
1dce203
1db686a
1d5297f
1c85edb
0126060
024da9e
1d1b73a
03204e6
1ffb06a
1da8c25
1d03d3e
1fa2eec
1eaab23
1d579df
1c76f4d
0029950
00eee17
1fa9b25
1ef94c2
03a3012
031e6b4
1e87b22
1e69bec
1ca4f87
1e0a1d5
03e0b1b
011ca96
1fa1f9a
00bf4aa
1f8ed11
012ed43
01a1cd3
1f36053
00c9a21
0141280
1e32836
1dbfc13
1e1853b
002f61e
00744f2
1ccdd05
1e0ea75
1fd8f76
008cc54
0039567
03a5449
1dc001f
0340db9
00b8d12
02f66fa
037abb2
1fc1cc2
1ff8658
1ed6570
1f728b6
03cf03e
1e57c32
1e62683
03ba94d
005945b
1e71afe
1ca2d25
1d0f788
1cbfb47
1d4b8da
1f1058b
01906a3
1e02e2e
0364736
00e8120
03446a9
1c0ec44
029641e
1de94c2
1c050ae
1efc571
002d2d5
1cdfa85
01739a2
1d8e5eb
00bd666
0083a02
018d674
00d11a8
1f732b2
034b503
0327cb3
1dda8bb
1e9b7a5
1f688f9
005a926
1c08022
02033dd
00bdd36
1cec9f6
1d16091
1f7de38
1dec896
1d4fdc2
003a10c
1fb9880
03b7010
1d36194
02021c2
1c92988
1db31c1
015138d
0069e1b
00ef57c
1e921c5
00ae19b
1dcfa84
1fb16ff
1f7ac8c
0165047
0387f2b
0223f7a
1ebbce9
1ddab46
1c21e25
1cadddb
1e75d7b
0243dfe
01d16d3
1e6f1cc
00a8793
1fa5d3b
1e84434
004582c
01c9857
03a2790
01a5a7d
0160d5a
02cfff9
017e73e
1f9f4c7
1e52b1d
00653ce
0243058
1d51f7e
1ef9057
033c6fd
1ded022
0216121
020966f
1cda757
1e7e6a3
1cbf0b1
02272c8
1c4f382
1fd9cfe
03886be
1daa0e2
0397664
0293827
01e2c24
1fc7c01
0157f68
004be25
001a3dd
0323a14
1c3fc54
1f1bf5a
1e9b8f3
0365dc7
020b8b9
01037fa
03f2c21
03d28bd
03c9302
1ccf837
00c2bed
1c9afaa
01b11f9
017c5ae
03bf3c0
1cc67dd
1f18e08
1cbd4c6
1ea4c81
1d9aa7d
01b0a64
1c39ef9
1d1cb49
1c22e4f
027a705
1d54313
02857dd
00a854a
1ee1830
1d1324e
02bf07b
0120d76
1cee350
0085e77
017ca33
1cac81b
028af87
1c1e139
1f76c47
1ef9af0
02b0750
03b3ff2
1e5c201
1c23a13
1d9c72e
1fbf333
033f9a9
1cdf2ee
02dae33
1fe8ff0
023a891
1f7e33a
0325236
1d9fccf
0368257
030ad9c
01c56e1
1c5bb72
02e3b45
1d999fd
1c01b55
1f6aa5c
03ec5ba
021960b
1ff6749
0045247
00dbab3
1fb7cf0
1f90625
02d8cc7
1c20e0f
01824f0
004bb97
017f2f8
1e928be
1fecb55
1f0c5ea
1fbef9a
1d88680
012843b
1c48d54
03884ad
022eec9
1ed225c
00b3afe
01912ad
021ffa8
005175f
1d7f283
02b4ac4
0078d23
1d4a41f
1c7826f
1f2081c
03a33d7
1c36551
1ed7081
1ce16f1
010d104
1ef26a1
1c7a540
00b02f5
00f9714
0383570
1d68e16
00b2296
01ae855
1d9f365
1efa6d7
1e099e2
1d375fa
001817c
1e79622
030e721
0258d2c
1d301fa
03bfa36
1c255ef
1ddb7d0
1c5a12e
017200c
1da0323
1e410c5
01c62e2
02ecfb8
1c00959
1c90e9b
036d797
03ffe96
1e0441a
02fae52
0005dfe
1feaf22
00b5f0e
1c9dd0a
0021bea
1cbaed9
013277b
1d8975a
1f46895
0351410
01ee637
1c5bbd4
027ec83
1d89253
01b8078
1ee6726
02e4713
014e8c3
0120966
1dd0394
01b1cb3
1e4f8c9
1c67885
005a54e
1ddbe51
02682bd
0250fd6
014da67
01404bd
01bd6ec
01f4e72
1dc10a5
017afda
03e9be1
021bf31
1ed719a
00c8aef
1f5affb
1c4df54
00ec6ad
1f81647
03465a6
0246d1b
02c97c9
0229b24
1edb4a0
02bc5fc
008572c
01dde25
0172272
1c70a4f
1e711cd
01ceb8f
0352ba2
03aa059
1e1a53d
010bc21
03a5143
1f65ae2
1ceaa2a
1cb9613
1cb67bd
008953b
00dfe2b
1cc0088
1ecc0c1
030d698
1e0f277
0387995
0366b2f
029c34a
1e3871e
03e6a46
034a3e6
020db6d
02e99b6
1fe3eab
1c2d8f5
03d6ee2
1c9891f
02b212a
1ea463d
02cded3
00de184
0080dbd
1eee3fa
1f32f4e
1d55b4d
1ec1824
028fdc6
02c4a18
0228f8b
0215593
018bb9a
0359a48
1d32ce6
015cb83
1f7284a
1db9a6f
02151b5
1d87854
03c3ce8
1d5f3a2
007cdbb
1e0b5ad
1c5dcb7
1e6427f
03bb8f6
1d76fe2
1fa7be3
0225eaf
016b981
1cf9561
1f80bc6
1e0425b
1f25604
0022caa
026d3b9
01d285c
1f2c468
1d3f10f
026bf7b
1f72d79
1c43d43
1fcd1d3
1c0d9fb
1eb35ae
02b1e37
027b7c8
1f3b651
1f9a53d
1c53254
0209dce
02fa7aa
02c1272
1f882f7
1c2217a
1fd2fc3
013303e
1ef0938
00694b0
1f7fde1
1f12e58
0121f19
009370e
00acbb5
1c91c12
1d6f9f7
1cdf594
1f487cf
1e6d35d
02d8c25
029b29d
1c00cb2
1ce9080
036302f
015f830
032f154
1d43530
00a5f3f
1d0143f
00292a8
1f96a2c
1e94e14
1d3197b
1d0edcb
001ca96
1dee9d6
03bcec4
006a356
1cfb4c3
1c353ba
006b1e0
1c71616
03d8e2f
01989ed
1e78578
1e8b2c4
0259f3c
1faf083
1ceccad
1c45193
0355d35
1e33ea2
0027210
1fd2592
1eb57bc
01fe802
1ed7734
0167313
1db85e5
015ac6b
1efc37c
1f71211
019e810
00ea604
1ee4ddc
0083c56
002462b
1dcb25e
1d0c81a
0051ce4
1fe1466
1f476b6
1fddc1a
029d2a6
1f495ce
1ea6cd3
032c424
1ec2786
00ef627
1ee865e
1fe2abb
020401d
1f8b0da
037c3cc
1d4a573
1c92314
0384de1
1dd3d5e
1c8fbaa
1df6f68
1c698de
1c5fed2
1fa8c51
030fc65
0132d4d
1edea6d
03b7fbe
0241855
00fb621
0069917
005f9b8
0234602
1c10aa3
03898f7
016654b
03ef234
1c3d03b
1e64585
1d068ad
1eaeedf
0357086
1e75c18
1feb0c2
1e5f184
1dab2d7
1d3279d
1ec5e22
014d1dd
1dbcc66
03734af
1db9498
1f53807
1e09f21
1dd9766
1d76c4d
00cc738
03ce668
00d5468
03a046d
03c9fbb
003916a
026fe1e
01612d4
0260356
1d78392
1f70ffa
0316c4c
1c49140
1dbb29c
1c56e3c
035cfd6
025e268
1c51728
024d5ea
1cb8b24
1e5b665
1dc0fa4
1d577f7
1d7bc9a
002da27
00a3dc4
1dda2a8
0108498
03a7f86
1c6419a
1d8ebf2
017b4e1
0340877
03b3642
1d2dc68
1fc4cc3
037c00e
1ef3533
1c57606
0199af7
017ae14
1f0fe4b
1d1ca03
1c61b3d
1fbe380
01bb496
006fe37
1ee3344
026b167
1d6cc7b
0146c7f
1cdd6a6
02a8d22
1f8d85b
1d1dfd8
00d85eb
1e13337
038a97d
03b25a7
1c59e1d
00fd020
1c26c7b
1d62414
0077be7
0203073
02732eb
038970b
1cd300b
00ec4ee
01cc673
01ddc79
1d095d9
00fc188
01ae0d7
017cbe2
036fa84
03d587d
02c04f6
03cb31b
006fad6
035a4a5
021bbc1
1fe8f96
1cf056a
039d039
03aa26e
1d7151b
025e66d
0200d3c
1cbd266
028434a
03bd559
012a534
0080da6
023eba9
00cc2ac
0030236
02d45d4
01d19c1
1da0550
1feda04
1ef4574
014cc56
1eef635
01a7de4
01121d6
02edc6e
1cf1c86
1cb979b
026327c
02c6990
1fef483
1e317eb
1de22b2
0361dd2
007d908
01bfa6a
03bba4f
1d90e5a
03ed656
0314efd
1c16455
1dc3430
010628f
011e909
026c4e4
01a9381
03fe1d3
1d9dede
03bba4a
1d10b1b
1c45a75
1f0b4f7
0345a4f
01f8873
00e8a6f
1df087e
017d6bf
1e95bd6
03747c9
0046b1b
01a25bf
1da546b
02e30f5
1f7551e
1fd386f
027f1d3
014b949
034d8bf
1ccb0aa
01b5783
1d416ed
1c3d953
1fe44d3
1cd45e0
1df0852
1f52f5a
038aaaf
021d2d8
1c372c9
019a442
1ebfe13
00000f0
033674a
1c6179c
01cf0c1
1d29858
024a5ef
1d04ff5
01b1915
031cc41
039eaea
01f6edd
0328f19
1c138a2
1d2f936
1c6db43
1ee38ef
1c446fc
1fadf50
1f7c50c
1fa2c87
1f8517d
1c83dc9
0280393
0066a78
02d1e65
0351712
02ab715
1ec6508
009ff2b
030e122
015c353
02d8daa
1d1d0d7
03770ad
00a4ae8
1f263c8
1c31932
003233c
1ddf31f
1c7cad8
0188721
000f3c3
0109a39
1fa391b
1e45490
02f0d78
03a1c10
0055980
007d2e2
1ccb149
1f0bbce
1c1abfc
023b922
00e245e
03e952c
1d59cc0
1db3284
010825f
1df8eeb
0094d60
1f4e31b
032f2fe
1ef9273
0398c3f
0092ad8
1c9f77d
1c8b052
1c47c03
1c71835
1e96b80
1c6dd71
02ae2d2
01f0e32
03569b1
1d83f6a
0159e4e
03383b8
036cd9c
002c83d
0286071
1dcc734
1f3110a
1d9ac9c
1ea162f
000db5b
02b5e61
1c611a6
1df92aa
0233a81
1f35c29
1d124e9
1f8af54
037ae55
02bfd8b
01e3ee9
1fb429c
1f7977e
1f51b30
1e4df1e
0001836
0056b81
1fe9b21
1c803a6
00d0dfd
032a9bc
1fecfc7
015b9b0
1c97426
1ed5c5b
1c0c980
0075a0d
037186e
1da002d
00cadd1
03dbc0e
0117693
1d2ae18
039d71b
00a3029
1eaab05
1d204da
1d22706
02aee76
000ba0d
0031837
024e90f
024d5d6
020c425
032be03
036c0f4
1ce18a1
01d68f4
0227284
1fe6321
02c7e1e
039a3c2
1d47401
1d48c74
1c83101
1cea19d
1ebcea5
1ee7295
1e85970
1c14a8a
1c6539c
006f13a
1c4f4b7
03af4e4
1f9eb53
1cd55fe
1da4d0c
027e5ed
1d22c2e
1d53f5b
003e0ed
1e88aeb
01dcc42
1f4456b
038cde7
1caed52
02d7753
1e45fa5
03dd8cf
1eab825
1f42346
001cb25
02785f7
1f1e81b
1e12dbe
1d4abb2
1d2165f
0173641
03f2106
1e7e579
1d28d72
1d51244
02646cb
1de279d
01f7179
1e6b3ae
1f4ae0c
03cbe04
02c2906
03fc21c
00f1d2c
1e2889c
009eb60
021ae65
02eaacf
039a85e
039034d
1f6ec18
1dbe1f4
1f3df11
00a6d9d
1df8357
1fad4a9
1dde75d
03f8108
1c57af9
1fde496
1c09cdd
006240b
1e6e391
1fe2dec
1c798c4
1daf951
1e6ae20
1c96fb1
0116e23
02a2284
1fc927b
1e8f84a
1f0fa11
00451b1
1eea6a4
02ba91f
1df4b17
1caa519
1e3041d
1d59cdd
0122268
038728f
1f10e45
0183614
02626c4
003a0fb
02d8444
1d0ae39
1c3b346
1ff427e
03cef3a
1ccfbf1
1c380bc
035ec8c
03fd443
1fef0d5
00f5bd6
02fff23
1ebcce0
0218bc4
00b362b
01ecfa0
033af37
01b21d5
03b94c2
01a0b9e
1fd92ac
1de6af2
1f69d11
03aad34
1e477a8
0305eb3
1ea44d6
1f322b1
1db052d
0074dca
1ddb137
029b878
1ebc4ea
1d0533e
1dde90a
0104447
0044847
1e574b4
025047e
03423a9
03a3ab5
026ccdf
036c545
1c32d57
03ca190
03c8fc0
030f1d2
03d8ba6
1d4b0b4
1c5cf47
1fecbe0
0148b83
0304839
03fb489
1cd7b53
03b8edc
0129608
1c484cb
0226826
1ea8da5
0370440
1c7f934
0168ae5
1d20c64
029b5b4
03eae37
00ba83c
1f2511f
1c2548d
0041977
1fbda78
00aab99
1e4ff3d
020c96f
010d03b
1f7e13b
00a20e0
1e698a1
1e9cedc
1dc7e56
1e295f7
1e2549c
03bea36
1d65bab
1df6988
1d98aae
1ff85d7
00c076c
0271dea
1c134cd
00551c8
1e6eeea
1c4c77d
004a16d
1c2e6b7
1c582e6
0381f06
024f201
01a52f9
02ca527
028b112
03a2527
03bd42e
1f613e8
1f99461
01698ec
1e6965b
011e769
1c28c7a
0387a5c
1feac3b
1eb5a5d
1f80419
001c19f
1c5ec8f
02f4b90
02112bd
03f5843
01aac3b
1d0bd48
1ffd45e
0244eac
014bf9a
1ddb9ab
1ce79fd
1f74c50
1f1228b
006bee6
1d93e06
1c951a8
1d7f347
03de3e4
1d773a0
1e06e1d
00881fa
0393531
01795de
0309ef0
1dac150
1e585ff
0105e34
0252b71
0392c03
1c73531
0328fb0
02a8f05
1d69aa0
1c09743
1de65b7
035f1c1
0211f10
1f731f1
1e54da7
1ed41a4
02330fb
1f683d7
02ba3e9
02de3e3
1dce237
1ffa3a2
021135c
002ee65
03c1701
1cd872e
1c49fa0
03fc6cc
1ca6766
01bb179
016c49c
02450f5
1ccc0f6
1f2f75b
0308297
0058daa
007aa55
1c232ac
00389c7
0197403
1c720ec
02bc239
03576e8
1e2ff20
1ddb894
00a6809
1c99188
030140d
1eb3ec7
1f18adb
1fcab41
1cc4400
01dd82f
028651c
0363877
014fbf3
00ba886
0148ffa
1ea0581
03c77e8
1e6a8a0
02cb285
03ef546
00559ea
0078c1e
034b070
03650e4
0125bb1
1d99ff7
01d31c7
1c90c02
013d337
0222852
1ee343e
1f14311
1d92e6d
00e8a7f
014ac6e
1e1dc7b
008a2af
017173d
1f2266d
1c84b32
00c2569
01c4669
0307dcd
0207e5f
027a679
0299715
00585f7
1c2f93d
1f69ddd
002110d
1ec95aa
01f95ec
1e20670
1c1c884
1de8f20
1ee20fc
01c4d5b
1c0c8ba
0039a8e
02e37dd
1edd8cb
03c8b7f
01a9a2f
1edd493
008ce8f
1d06d3c
01c5c99
0344b0f
0243020
0161d47
1e12e14
033ebf3
034d432
03296c7
03d44e5
011c466
006dfa7
0023d70
009a3f9
00a3f96
03958ac
1c970ed
00961b9
01c2340
1fc7e8b
1d9bb6e
1ef1e57
1dedc87
02c2e8c
1ee9f25
1d53ae6
020f03d
0399249
03b81ae
1c86469
01c4012
1f0e95d
017ab5d
1ea3eb6
01da4e2
1c948c5
1f24c38
1cb16e8
00e9dec
01a6793
0164d7f
1f60d2a
01599f7
1cbb377
0003906
02d8cd4
1ed438f
0160f75
1cbf3f8
1c528c1
004f5b6
1f57470
0052156
1d90f7b
0340289
031a75e
035fea5
1c2c379
1d4c1a3
1d6fbfd
1df916b
01df8b8
1dec818
1de9d53
01503e3
1dfd3d7
0237acb
02068aa
1d0bc77
1d98749
03db707
1d8e35b
02e8e82
1c2640d
1edd3b1
00f4a0e
1c4adf4
1d95135
1f4822d
00690ad
03a6bfb
039c0cc
015e854
1f8c2a1
0010f2f
1d3f775
010ba7f
014858c
016939d
01a0773
1e7e543
1d4e49e
1d009da
1fd0cc0
1dbe103
1fed4ca
0336a52
03178eb
1d4dff5
1e1797a
0212a45
1f2024e
1ce76b1
1c6a75b
1daf81d
1c7fe37
1f6ec3e
0098e28
1d1c6ba
1e4d163
00dc54b
02676bf
03810eb
1c11fbb
0385f20
1ebfe9d
1dc2a3d
018833e
000c84a
03f91e3
1cbc9d9
03c0706
1dba4ac
1cb3611
1f14349
02b5713
1eb72ab
0321763
00aec54
004d62c
026563a
1e72cd6
02ae10f
1dc35b0
1e4a333
009b176
1feed14
1c26a1e
1ff428d
0313421
03793d0
03eb1bc
013a0e9
0316de1
00824d4
0112214
020bd42
1dc784e
02a745f
0251bfc
1e1c1ad
1ea7da4
033629c
1ce4b0a
1dbd923
01aa339
0042455
023a817
1f69966
00488d6
1ec296d
020ee26
0225b61
1c71ad2
1f17ad6
00a0e33
007433e
039645c
03260fb
1f3c5e6
1c38703
1f1d151
1fe5e1d
1c08e87
1f095bc
1f5df77
00578e0
1cc0e99
0133096
0347602
1c756fc
1e19030
1c45dfa
1cded0d
0287dd3
1d9f9c4
0380f7b
02e8a65
1fa186b
1e4c8c5
1e56498
1c9c288
1ff44ac
1f34a3b
02aaac4
1fc82db
1d09118
0077f3a
00f2567
1cb124f
1f8445e
1f82029
1e98d8d
1ffea8e
1f357e4
1f66511
1d81bc7
1e4380a
02b7aaa
00a3d16
1e3e143
1fb1dc2
02d5f76
01b4c3d
02369ec
1cd9781
1d93f60
034192b
1c7548e
00c7a2c
1db3b39
1f4b7b6
01b5bf4
03af981
017aeda
026ab45
1f5bfdb
0391496
009e903
1f2646b
011a9cd
1db245e
1c9c483
01a7da2
034fb87
02cb8a4
03885ee
1d741d1
1cc9720
1cd3668
1da314b
1f24ce5
1fd4ac0
1cd2bed
1c6bbdc
1ef86f5
023c705
01c4b71
020464f
1cfab80
1eaa185
03f7fef
1ffcfd7
1eab671
1cd541d
1fb6c03
0063c11
0339b4b
1fa66b7
03a5a3f
1d6ffd7
000742c
031aec7
03e644a
0338f2e
1c0a315
02ba4d8
00bdeba
1f56b47
1ee6f27
03dfaa5
00902b5
1d9ce8f
0307d06
1c172fa
01b30ce
024473e
019882f
02c88e0
003b26a
02c2d17
02093ad
1ededf7
01c6ee1
03dadf4
1f51685
1e228db
004667c
00bc9ac
0294543
00fc399
0256fd0
1df87ba
0339b5a
031c3e9
1f46272
026c64d
1f6b9c8
036ac97
000d09e
0028e51
1d31924
01bde47
1cb0ec8
1c03fc4
01af656
00d5185
1c35356
01bbc78
016d21c
1f3fd2e
1d7ed55
0295a53
01109f1
0337359
0136946
1d768de
1d873d7
1fb0b1e
1e5025c
02a7818
1d09762
0276a60
1d4e283
008c3c7
019ff3f
00c25a8
1cdf3da
00e9086
009fa7a
02eb291
1eae20c
01e8e3f
03cae24
1c11c05
1f82473
1d1ff6e
02f9d94
1e3f3dd
014c740
1ce33a8
019c16b
1d265da
010f890
03cc7c0
023568a
1c19f8f
1c31626
03695bf
1d8d979
1f38c53
00e32e8
1e9d187
1fe0682
03779e3
1efd376
1f36113
1d2eaaa
0026f7f
1f56f83
01c308f
1c26669
02d81df
1ee3637
000758e
034ac81
007e08e
00bb15e
03fa001
03af9a0
0305964
0263fc1
0132a5c
0225326
1fa6d96
1ebfb38
01b4a5f
0104d1e
02f51bb
01bb085
0024b78
1d1361a
012c8d2
0071502
0075e16
03e34aa
1c00de3
1ed32c6
00e99b8
0359f21
03f095b
1f2b72a
1ef9ab8
1fcf555
1eb44a0
0128d7d
03359eb
1f2ce27
1cbea85
02789dc
02d8ae9
1e0b2a8
00c92be
1d8d3c0
00ac1a6
00c8074
1c61f3a
1edb12e
1eaa2fa
1ce0541
00c4de9
0186570
1f5bf36
1e2aa2f
1c96d72
1c43d6e
1ebe7dc
01dd7da
1d44775
1c0252f
1ca64c7
0024030
1ffece4
1d3bbef
1d0390a
026c35c
025289e
1d9ecb8
1d2a191
1c5017d
1dd1e3d
1ce7dea
0346fa9
01e4968
021ef97
022cd6e
1e4183a
1d8e22a
0020a9f
1e0732d
0358f4f
006b0e2
1ff5890
017afc4
011755b
0229ec8
01f754b
1fbd73a
0066126
021f689
1ddefa3
0035671
1fa0ee9
02c9214
025bf0c
01221be
0278b2f
02a64e5
1c29e1b
0138318
1e78223
1ca05bf
0326177
03174e0
1c3acd2
02b23e0
1d6ac48
1cef1a2
1c32d68
025d691
01d83be
1e0eb3e
031d838
0366c65
037eb5e
0040701
02ccf16
1e96fa8
1f9803b
1dbbc4f
0370ccd
1ff2f5f
03981b6
1f91a47
00c18ba
02550bd
1ee530b
02cd423
007639f
1f2e05c
0379e1f
1f26939
010f8cd
02deda2
1e314fe
02141f4
0288c29
03624af
02bf0ce
002ef1e
03847bb
01b1e33
1da56e9
1dda823
01254cf
0284fe1
1ca95c4
1ca0a66
03a6506
030e16b
024b58c
01477e3
1d8c089
1de7ba8
1c28ca2
1c9e7f7
01ee865
03de545
0002f04
1d1cdde
0219e0f
019d555
1d38bad
024b5bf
1fea5bb
00232cb
1ff11ff
00a7997
02a4b1d
1cd8d2c
1e4c544
029b8cf
0302ba8
004b10e
1cb9c68
0346602
008562d
1c82942
029f1c0
1c5bb2e
1deeea4
01eec6b
008dd99
1e4aaa9
01925f9
02dab96
1ebfd80
0248548
1ee8c76
02f7eb7
1d7efa7
1d5aaeb
023b2c7
0373754
1f9ddb4
1c3927a
1c9fa32
1eb1aaa
00be170
1f3e704
03a4b71
0387637
0143630
1f0f409
1c00764
02eb1a9
1f777f0
1f14612
1fef3b1
02b2c91
1fbb8b9
1ebd346
1ca08e7
03cd175
00a358f
017a2c3
0147a4c
1d29e57
03519e2
0095cb8
00714ba
1c00d72
028132c
02e4405
1e789e6
1c6c37e
03cbc60
1d514d8
1f8775d
027d8ba
1f080d5
1f63295
1f73a45
1e4b786
03506e6
1f99b1d
1c3a67e
1e01778
0346368
01828f1
1de5001
00b63e9
1fa17ac
1de94c9
0238cb1
00915cc
1ded6cc
1d9fc39
03d0701
1c942d9
1e87e15
1d17a38
0385708
027fe88
005d783
03a96b8
1d4c43f
0035607
1ee7a4d
01c7ded
0306143
1fb99a8
03c3251
1dd107c
1e0145d
1e7b917
02e766b
1c89579
1f57ae3
033f21f
01e692f
0359434
1e475d3
1f72436
024196e
1ee3742
03d27c1
1ea5f42
0275edf
1efea3e
01be94d
01dc9a5
1ecb20f
1f537ef
1f5539e
004e838
1d12cb0
0061623
1f552f5
1dce0fe
03d8d76
1de7198
028d43a
0024095
02fa31d
1c6b9f9
1f2eca7
034a00d
1dc5634
02d8bbc
1e196a2
1ee53b2
02910a7
1ef53bd
1f752ab
0389fb0
0070e17
1e8eed3
1f35418
1e5053d
00c8192
1c778ba
0123e24
1ee4a44
001f963
00fdbd7
03a34f1
1f54cca
019d186
1eb04d8
003b343
024864f
1f08443
1e6c550
030414d
02adaae
1e441f6
1c20341
031d439
00fd261
1f0e800
03597f6
0335d78
1d3e72c
0179d0a
00828c6
0084515
0057f35
1f04e14
1f6be43
034f7ec
1cdaa00
1effb5c
00d3825
011e65f
1d4f379
00b6725
01f1b61
1eacb02
1f44239
01d4582
018d5b2
004964e
00da416
1f2f939
1d7ba8d
1f704aa
03eecd6
1c604b6
01da930
1d85e84
1d5614b
1c20bbc
00d620e
01d7374
1cad4af
1ede208
00ed8e2
017f59b
03aa9a1
1f8a34e
02fee4f
1f05582
1c78a02
1e2200f
1db6c34
1e61b63
1e823e9
03332b8
00f5ba8
1e233f3
03b22f8
011566f
0074bbe
002762f
0022148
1dfea4d
1e7ea05
1ec75fc
1d9aff6
1fab277
1d2a723
0057514
1d9d17e
1c6db4b
1ddfa93
014d3a1
00f1a6a
1f3e612
1eefbfb
02af23a
1cc7858
0199f17
1caeaab
1f5196c
03d439b
1f04add
0246b30
1e9d28f
1e4856f
028d00e
1f0b418
013abc2
1c5e9f0
1e8dfec
022d9bc
02a7f12
0395e9e
01477e5
1f8aa23
00df82d
1cd0315
1f77fed
1cb7d78
0163c6a
0049c2f
01c48d6
1c4f303
1eab8aa
1c4b993
1cb845f
1f05e6b
01aaf88
1d95663
1d366dd
0200766
1f7cd2c
1c7b4ee
02a8302
01687d8
1e33b06
1e1c034
1e08e91
1e28edf
03be328
0037a42
1ccc1ee
03319d3
1d37aee
1d0b3f9
02b9062
1e9e4f7
02dd392
1d23323
013d58c
00a2499
1f14694
1d0c9c2
0377a7f
02058ce
1c7506b
1fa7996
1dd2592
003f5d6
1c0e89a
021bafe
025eade
1d7f797
1d8906a
0167c07
02cafd4
1ef90e3
02f2ca7
1e55097
02a875a
1ca8afa
02ccc75
006fc04
00dcfee
1c7e764
01a890c
02af516
1fe599f
1e1dab4
1ef5841
1ebc30d
023f2f4
1e291d0
0084283
1c3f965
00401d7
012da59
1da0872
0329380
00951b5
029ca64
0147385
007f21d
004cff7
0045ba3
1fc6d17
1d021a2
1ef0ece
1c4c8e0
1d6e330
1f2fc2d
1c7caba
1c874ee
1ef37e6
1dfe144
1c07bc1
1c01568
1d69964
1d09a6e
1d5e33f
0390853
037cc39
026556f
032a435
02e03f2
1fc9a81
021730b
1d43964
1d8439d
1f1aad2
02a8704
1df943a
1e3c262
1c4841b
02b169f
1f0ef4e
1da7d7c
00ceacb
00fad18
000f1f3
1efea5b
1eca34b
1c5c894
016ee32
02167ab
004f112
031f102
0321415
1e8985a
01fb133
1c801bc
1c7df11
1ff26a9
1d9a2ed
02205b7
00dbcac
010b76a
1f5d16c
1f1c3c6
030e7e9
014f267
1c09918
0250e3f
1fd3cf2
0375373
02e2188
0069e3b
00eb139
00c86fd
02b6e67
0039a10
02ef3f9
1d23c6e
1d298c7
1f1a0e9
1f66cd9
1e53315
1ca2b33
1f72722
1f51d8a
01e26ab
1f7a4cb
0382560
1e70ce4
1c93290
1cfa6fe
004acf5
0121566
005b8fe
1e5b933
0244c4b
1eeb52f
1fee44e
03e41bc
1c21ff1
01ff6a6
01a88b6
1d4319c
01752da
1f746f6
00764c2
0251742
02316ca
1cb34d1
1c0e5eb
1fb157a
00919e6
1dc3b9f
1eea32d
013f119
02f0ba0
001df80
01e892a
014944a
1e29a74
01a53b3
1c6a1e6
006f94f
1c34cd5
1d4a884
1ce2b5b
1c01e3f
1f98d91
00d82d3
1fc720c
03c19f9
1d49088
003b26a
006efe9
03e7a72
1dc353b
029666d
03a5388
1d17451
1c2da87
1ebf94c
1d7e45b
022f1da
01e436a
1d11431
017da2d
1d77165
0060b40
1e30775
03667cf
1ea1fc7
1e2b0f7
1ee80af
1e35f44
0137fa2
03c66bc
1e0f6f5
1c0b874
0152ea9
1f8b126
021127d
01caf64
1d91876
1dabd15
1f4c1ac
1de89a7
1d4b56a
013c355
034bf57
009a16e
0224788
1fd8fa5
010d068
1dd0c8f
0226e9e
1d25b73
023f026
1cb09f6
00cc15c
007ab75
1fd69ca
038d330
1d183be
1c6f501
1d9ea13
1d80488
1ef54fc
1c93392
1f8b154
1c50043
1e786c8
1c5d671
1eb6316
022b2fb
1c42c5e
1c291b7
1e99889
029f8de
03d92bc
036ce4b
1c00f99
02b34d3
1e67441
01d1f1d
1e8e00c
01a4d59
1d3a820
1cf5d4b
0066f4b
1fee443
0221080
1e0b06f
1f62b8e
1f851c9
1fe71aa
01d2295
1f784c9
1fb5a33
007c5d5
1d355f3
1c95384
1c16e61
00d014c
1ee0625
1d6a2a4
0299921
1eb2bd1
031a010
031ceb4
0348812
1cac6c1
1cc5589
1e32440
1c874ce
015ce27
1c7f032
1cc42b6
1f63125
0043c83
1cacb68
1fc1cf7
0029cc8
027bf05
0234367
1e5496e
1ecf1b4
02f08bd
1c65d78
039d747
1fbb1e9
01c23ac
1d1d1cd
1d307b4
1f81f32
1e8258d
1e439e4
00f3af7
002a29a
01d197f
1db6c07
1ea238d
02ed48b
03d98c9
1fc29c3
1d25bbd
1f2f83a
1ec57ab
1de1d4e
1e41e2c
0190f2e
032befe
1c20479
01a3a88
1e3bc9a
0312a6b
1ea87fa
1d312dc
01bc208
1c9ca61
02c0901
024e4cb
034ef15
01d2752
0089e58
01fa363
0112891
1e65cd1
0036d27
00900d6
1c36d81
0249717
01fe028
0359e7b
037500e
00658af
1db51e6
03b8f9a
014273c
1c1b227
1dd55a5
1d28418
1ed37d5
1e3d436
017a7d1
00e48ea
030747c
1eed031
021c759
1c79c6b
0110afa
1d494e3
1d80795
0007e42
03d0301
028263a
1fea31e
0330e0e
1e793ba
1ece010
0222ef6
1f9bd99
1ffe6eb
1c88976
03aea62
1c0e88f
02f5ace
021883d
1e2da8d
005433c
00b236a
1ed314d
1d290fe
1e6f02e
1e37584
1c29e7f
1dfdfaf
1c99eab
01581aa
03fbd6b
01d5b68
1cc9d13
1ec1250
01f01f0
1d9522d
1d59307
1e5067d
02e8112
00dccb1
03847f2
03d1a04
03c5cc3
1f317a2
030ac11
1d43776
0205e97
01176f6
03be19b
1d4acb4
1cac440
02f59e7
1db0180
1d61f01
1fda692
1f56706
1ca9881
038f41f
1fe51f6
0370d26
1e89564
03c2352
1e5f9b5
0262106
1cd3ce1
0095c11
03275a9
019e973
1ffd3f3
011927d
1eeeee2
00bccf3
1c89281
1ff6edf
1c4e24f
033f92e
1ef7061
1f6137a
0089c2b
1c781ed
00abbc2
0273a74
00c7f2b
02f49d0
0015564
1ce3eba
1facc15
0147001
01147c5
1df3f6d
1d6a639
00b8bb6
1faa942
1ce001b
1e43ee6
0351536
1d47f8c
1f894ec
0023fd9
01a06e8
1e0091b
01a4ec3
031f008
0392e48
03d6152
1c93a01
1f6563d
1fdff57
1d7c3e6
1dcfb36
00793a5
02ee04d
1fdcc95
0254a43
1c54da3
1fae2d0
1e1f0a3
014748f
02ceb2f
1eec461
1c43584
1c0ed44
1c92d10
1d2960b
02f98d7
0195d67
1cba49f
1d5d1d1
1e1de46
1da92ed
010774d
1dec937
0020c6b
02f0b2d
1d76f64
1dbafc2
1cce313
1c74ec4
1da95cf
02a370c
1f216c6
0293e02
1ff8d12
1d18684
1c239b2
1fec90d
00324ce
1d2bccb
1c19813
1d94744
1d3b69d
00c6064
01b7c4a
1d1dfdd
1de453d
1df6eb4
1d330e0
014f695
01cb870
02af30d
1db9724
02501bf
1c76cd5
0290c21
00b2f03
00b790c
1fa9126
1f31e5e
02013a4
1d4f09b
026f0fe
1ee59f9
1ff4fd1
018cc4c
1e34abf
1c37957
1efce43
1ca6105
0234fe2
1ee5276
01098c9
00f2da6
1eb6d42
021e3f3
02d79be
1ca2bb3
1e25c9f
007e0f3
1dd0408
001fcfa
0165c0a
1dcdb18
03d0fec
1ce0cba
0188459
01d5e3f
1e9664e
0088e76
1e7a2b2
009791a
1f0aa14
1dbebff
1cedcb8
038ecf1
000b6f8
02911df
1fd88ab
1e5a7f0
1c6174e
1ef0553
00a8fe1
1ca14e1
1e78eec
0309de0
1d457f4
1e2ae80
02e7791
1d03ee1
1d7911b
1e9f783
1f13531
1feda6b
1f1d02d
018b750
1c6c1c0
1fc49ec
1ce2706
03c82cc
0364047
03bf7f1
0205570
1c3e003
1f57a97
0301717
037963f
00a2c0a
1f57b5d
037efa4
006c147
1e6f2bd
1cfde95
1fa5c77
1c9efc7
03cc678
01584bf
01fd614
034a6fa
1e14ecc
0351841
1e129c1
1ca059e
032b30b
00c8bf7
037c002
0243411
03b19e9
1e917ef
1e032ba
1e0bb15
1f919d2
1e14c3c
03349a2
0344ac8
1f4be63
018951d
1c4502f
007b104
00b865b
034c5b4
1d96fc8
1d94c58
1c821c0
01b634b
039f414
1ee2ac7
00fa663
01d6b48
009dc6d
1daa620
023728b
0231a79
02cd6b3
1d1c555
004c3ea
025e0e3
0303e59
1cc3dc4
1ecfac6
03b29e9
1d1b4a5
007fd6d
1ecbfda
03ef425
00a9778
02cf9c7
02d22e9
02651a4
039ecb0
011a703
00a5fe8
0038f65
1c9862b
1e8622b
1d69e91
024d2ec
1f1a558
1e64d2a
033f924
1c2ade3
1ec08df
0238020
1d6579e
03b23bb
03d6475
1d13e7b
1c20f72
02d07a7
1c31e8f
03a2d3d
02d3c84
1d0199a
01040a3
025ff54
1ea8d89
0114d06
1c07b55
0131529
0397d36
01dd81b
1c001d7
1f87138
0189436
033e8d0
1ef4544
005c2a1
01df004
03b0e22
0232ed5
03cbbec
016a53b
1dd28c2
1e25f71
00b3ffe
012815b
0096cdc
013f777
1e84779
03b8e92
0388117
0214f8c
0150f9c
1e538ab
1df7f4a
1c21469
1f126fa
033d233
1f9aa68
0003765
00938c7
00a44c8
023118f
1f4bda5
02bc26d
034f0fe
1dc4f22
1f7193c
0021ef0
1d33a6a
036bb44
01ce5c1
1c578a7
1fd9dd5
1e8302b
1fd8664
1e72a88
1fdf17a
1cbd6c6
1c4c401
1de9295
1f42c3b
005e071
0324efa
1c9305b
03d1cfc
1f43c5a
1e20b2f
1ebb068
0169842
03d9d37
1d82825
1ff36ed
1e980a3
025c02b
02e489b
00d7d0a
1f3f503
024f2f0
1d277a2
0333af0
0114420
1df481a
1f64cc0
0178f14
1c8f6f5
038b090
02995fe
000dde6
1ff998b
1e6da4b
0278b8c
03ffd0d
1ce82ed
00d73b2
1f2f993
00d0900
01eb170
1e1182b
02de621
1f60185
1d2906a
01baf26
03e5f2d
1d8f0e7
000fc5d
1f763f5
0052b60
00d11c8
03ad1da
1f8383d
013e730
1e93e18
02403b9
1c1416b
0057633
03e10c1
1c5a395
0255892
0317ad9
1c4c9a8
0302e00
1ee1642
1cb6dbc
1eeaa75
1f763de
02396d5
1d0bd39
1d88ec9
1e33711
02be3f2
1f58bba
0219580
00d33e9
0160e5d
1d46583
0248c79
00f12f3
1c504e1
1c49b81
03455f9
1e2dc88
02df76c
1f9e3c5
012f4ed
1c1e2ce
1fd6d16
1f2b98c
03a8375
1d64a48
1e7779f
03f1661
1cace34
00d436e
02f050b
004e041
0156d15
03b6259
1e69540
1e57bc4
01c7010
0293dc7
03f2ad9
1c8be14
1d577cb
1f90c1e
02bd086
1fda97a
00fc69a
1d1f6e7
0122007
1f19113
1ef32c7
1cbba1f
01970db
02f5c90
1f91a85
006c073
0160ecc
1c7c792
1c96ae0
030ddcb
1f4c600
1f683ca
0350c65
01752f7
024d3fe
1eef584
1fa779c
1f66abb
1f8311e
00cf66d
02f2e22
01ea795
1ffa178
0174aaa
03d1970
00ae480
1c61da4
01928c7
02fd866
1ce1393
02ed0e6
023c89f
01d0c08
1db29f6
00a3813
0331fce
00ed923
1e50fb4
016b95f
1d388fe
1c81487
01621e2
1d126ee
03efeee
1fd68ec
1e51c79
1eea1ef
022561f
015b410
02db467
03db878
0357206
1d1a270
1fa2b5f
1c82c5a
0273d2b
0091e98
1dc4274
1ff63ce
1ececf6
1dad745
0225250
1ced9cb
1ff0bfb
02bf11e
1c79be1
1cf1618
1ecae53
1c3f6d6
010347b
00bb7ab
03119cf
1f733fb
0118ec4
1e2217f
1d31143
0341117
0188dbb
1f307ab
0047fae
1c64481
02db607
1d0b202
036a1ca
1f44fb1
1ccb629
1da75aa
036a52f
015c928
005e159
1d42787
1d8ce89
00148d2
01711d8
037605d
1fda622
01d3111
1fb19b6
00175d1
029abef
1ea13c8
1d1d12d
1f0662b
1e4af58
1e335bb
02f7592
00169ab
1ef2726
1ee6e4d
1e8ebb1
1ebb30a
0281d47
1e32d56
0163423
01295cd
1e828a6
1d11434
1d421d6
02a062c
00f1735
03d5005
0229e7d
02a6039
1ffa707
032488a
00432fe
02c133e
1db960b
1db38ad
1c68a3f
1ebd583
1c99b4f
0230d67
1fd79b3
1f98ccf
03fd639
1de8b53
0068f0c
1da1d3d
029b04b
03c51b9
1dadc48
1f67790
038dcf5
1f78d0e
1cd729a
026a9f7
1cb3d93
1d9325f
1e64b2f
1d58af9
004a950
1c375fc
00af3f7
1e1e057
03c1bdd
1e23442
02389cb
036d309
1e6e2a7
1c501e8
1dc34c2
1d2baea
1ddb656
01122bf
01a5afd
00e5023
03824b6
1d08031
0042e52
012d8cc
1c36bea
1c4f7fd
1d7f8c1
029d8c2
1e5998e
1e8bea1
1d52a0a
0170052
1ca3d02
02a3f91
1d0b312
016eb60
1dfaf19
1cbed85
1c0bf62
1cde916
1e7fea6
00866d4
1e13a21
1c845c4
035d5a1
0353739
1e5dea7
02bcf6c
029ede0
1d10d52
1d10f02
02f3151
02ec0d8
00417bd
1df9d40
037e490
007832e
013e559
1fef8a1
034906b
1d66c6d
00ae386
00f3c6f
02f03e9
00d608f
03e1ee7
1f823e6
0285678
03188ee
0037af1
1dd6e02
011a7ee
03bc994
1fe3655
1dace8b
1fa077e
1d39663
1c29ef8
1e606cc
032bfbf
0264f22
02144d0
0236ed1
1f4b91e
1d5db63
01ebc7a
0059678
1dde25e
1e122c9
016f010
1e4a98b
02074de
1c02050
01a4231
0229017
02175b6
1d97b87
023ae8c
00f4467
1e83e99
1cf836b
1c4994c
1ea9311
1c4e25a
021bac4
0306822
1d705a2
01a37a5
02f08ff
1e9e044
00044ab
1d69b43
0006ec8
1e4bad3
023db6e
023e126
010a8c8
02c350e
1e396df
0115895
033fb19
1dd494b
1e3672a
1d1b90e
1f0152b
1ed0b40
0058db0
010929f
1cf7af8
1ff1263
01f6ff0
007aad2
1d8d5c4
02fe224
1ccb182
1f3991f
02b3a15
0370655
0221eae
1dffb7f
0143542
1fe0657
03c3e55
0157ef1
03cba38
1f0207e
022d5b2
008f830
000eb75
0256a52
1e7c0e1
0162a50
1dfd3ac
1d1b674
1c09380
1cb8df3
0144e1c
029b6fe
1de2f16
039c875
1f7770f
03ea231
1ff2a8d
02d1d56
1ce17db
03b4053
012b1ef
011baf5
1fff50f
008f896
1d9fc96
1f1983b
1d73cac
0211e7d
00d272d
02753c1
03302e5
01a0f21
036739c
1e56039
1c54ab4
0254d74
01a4dea
02bfe29
00683df
019f91b
1d2b68a
1e37cd0
1daa004
1e03f7d
03417d0
1d853c0
03335a9
1ef4178
030fb92
1d41bcc
1ddab17
016c8be
02d1656
0101bcc
1f122be
1e1f419
01288ab
00b7411
026c0f0
1c8d039
1d9c22d
0120032
01b99fd
1e602ad
030ac45
03a6d0b
1cd78ce
00d6606
1dcc91b
1ccd99b
1e118c1
02d2837
0334f03
1dc0dfa
0383cb0
003bc22
0256055
1c8e3ac
1c43e70
1ccb549
00995ee
0059365
0190454
0311289
03a891e
00313e0
1c07a9f
1f127db
0261978
00c9bb5
005e58c
1c00f51
1fb8178
1f81fdf
1c772ec
1db75a1
1c88b37
1f3e554
1d18d18
00bd057
1de7494
0035e7e
1fa13f8
0228bd5
1c694dc
02a6827
028229c
1f0090c
001879c
1d787dc
1defdba
02345b6
1d85236
1e35974
1c67e1c
1cceb24
007655b
1f1d154
1dde3e3
1e0bafa
039ab62
00c0051
0016b97
0151ac1
0233f0a
033202b
0284b8d
1c534e0
02cdd8f
01b1dbc
1ffa0c7
1c339ee
01c01f0
1c6493e
1ea9af1
1f2bc8b
014718f
1f200a4
1e19067
1d03ace
1c7d3d4
03d571a
01cfe93
006f0ae
1c27858
03095aa
032bdac
1c5ac15
00e9319
0053ea0
1fb1f2a
0059fd0
1cf7c1b
1f0e79a
0342411
1d7b601
02c588c
00929d2
1e7c590
02a1eb9
1cdb06f
1f11eec
03ac1b0
1eb9e4b
0023b4a
03d332a
037be67
03eebcb
02fcbfd
1f62db7
1d78b9b
0372ff6
1f761b4
00114ee
1cea66c
01a1ac0
03c1466
003d507
00e7787
01ac9ac
1e81a92
1ff21d2
1ea0811
1dd00e2
1dc9242
0204185
0105dc3
0267821
1e46dee
1d56952
1fce5ac
012a02e
1fda5a6
1d37518
00b1273
033494d
0167e88
01f8ff1
0001806
0376cee
01a6e45
0098ec3
0181728
1f944cd
0268c11
1e005fe
1c6615a
02a8595
1dfd6d0
00bc5ab
1e499e6
0258e03
1c9f9c1
1c621a6
014284a
00726ba
1fd1a9e
02b7915
1ee4c2a
007422c
1cf124b
1cc1d87
1cb675f
1dad5bd
1ffc369
036e799
1d8135c
0294a82
1ee7dad
1d6f771
02f7378
03b4f32
00f7ff6
1ef3ce9
1d4c1d0
1f22cfb
004566d
019f2d5
00e9488
013af0f
02cef77
1e71f4d
1df34d9
1e62da0
02ff828
0044b42
00b8e9d
003f920
1c0bce0
1f968e4
1fb5ee3
1ffc458
02d142c
1e96a9c
1e9bd26
1cef107
1dfd30e
1d449c8
0149c6f
1f994b1
1c961a3
1d63e59
03967c3
006b262
031f65a
0258ec6
02b6b2a
0091ca7
1d36295
1c069f0
1f8c5e2
03e6442
1da9f25
031bae8
0028045
01f5613
0337ff9
031c797
0192480
03da435
1e73d05
013b8d9
00e0cb4
012b01b
1ec06b7
004218f
005ca4d
01e4540
015eb67
023c851
0175684
1f7d080
1e16089
1e40917
0329ad0
024bfec
1c65329
0032749
1fe2581
1e01827
1cfd1d5
1ceb008
1e11d9f
1d4a4ee
1f7f046
0355b1c
01413e3
1dc0c44
0397e11
1c63175
1eefbcc
0194f68
008878a
01c3430
1dc01f9
028fe68
0304197
03b800c
1dd6105
1c7beb0
03ee0cd
1fbe851
00081d0
005a395
00b0774
1dfc108
03614bc
0295851
1e397a6
027ebe0
1fc4314
013b9de
00fd048
1f80bc4
03ea71a
1d0b799
0352bf1
0091946
1d002b2
010c026
1da467c
1f3a72b
0303557
1ccaad8
018cc7d
1e9ef99
03c102d
03fe6c8
1f3fabf
1d0447c
0113155
1dc5fb4
1d3ee68
00efaab
022fc8e
1d05650
01ee326
0288903
00c391a
0388838
1e663e8
1d5f0a4
1e6ceb8
1ddf1d5
01a93e7
1d60573
1ee9410
1f03547
013d9ad
1e49539
1c42945
0060f52
025b423
1ce4192
00cb79f
1ffd484
1d4925f
1f1631b
1f1a436
0396881
02adf96
030a48d
1dd87d0
000b5e6
1d4b010
1c79298
0049f67
02a47e6
01eb427
1f1b00c
02b7733
1e960c4
00a6be3
1c2ab19
1c21ee6
1cc3465
1c0766e
1edb3b9
1f9d26e
1d3ecb3
1d8ef14
1ffd9f0
036d880
1f2f94d
1d07921
1ee92dc
0052197
03d6a41
1f5f9b3
00d4117
1f44808
00d3808
1f30d52
0038535
1e104fe
0021c62
1e6cb81
1d3934e
01d7bf3
038ecea
0110c09
1de0ea1
1fb913e
1c325e2
0199b99
1dffe57
01ab376
0167dd3
00ee88b
1e39d5c
003a2fb
1eb9caf
1e6ebd5
1f7eb17
1ed487d
1e84d79
1ef36ef
035b97d
02395d1
1fbf6c0
1ee4a25
1dad08e
029c0ae
1d1003e
019fd3c
033003b
01e1c1b
1fc9897
02b96cc
1e7e9f7
02ffac4
0222a95
02c3897
015dfbb
00f38b0
02f344a
1f1896a
004283d
024a890
1c6a132
1f764a2
0114b77
1d6f17d
00f9a31
022fe12
00a6c2a
1e45561
000add2
013bb44
0381a51
1f15a26
03c7592
03f9f4b
1f0161f
1ff9e77
03a0b62
034ca49
1e0f60d
038d29c
01d6a03
00ee1eb
0263cac
0207fd2
01bc11d
1e3913a
1e88611
1fd7ecc
036ebf5
03d9410
034ce4e
1cb80bc
00b121f
1d86b67
021db80
1f1fa6c
011d239
1f14d44
00ea93b
1c931d5
1e89618
1d4de6d
01313c4
1f58ece
1e64317
00919b5
1f8e89b
0063317
1eb02b8
013488a
01e9239
0182605
02eff45
1dff33a
01d5f34
0171ad8
1d263ae
0300b5f
1fa3541
1d50392
1d1c211
0312f61
1f7664f
01572f2
02d9364
0267162
02124c2
1ede99f
1c67dc4
02ee57c
1d9c1a9
1e0235c
0315254
1d5def2
1ed6feb
1eefb0e
1d7577d
1fcdd39
1f5b95e
01e996a
1cff5bc
017a03b
1ca119b
1c45256
1f1f28a
1d5db66
1f98365
1dc1c66
1c14c40
028b211
0357be8
1d6be0c
1e537d9
1ce8494
1eb52d1
03e5508
1d1eb68
01c858f
00b7874
00b1dfc
1ebdfac
0260d5a
1cd4775
00edcc8
02fee83
0065e00
00f28fc
1daf906
1f5c0cf
00d2dbe
1f4627e
1da9cfe
1eaa586
0024f54
02f42c0
03ceb4b
1f929e7
007ce89
1f6a948
01f2e52
1df3f7f
0376931
03568e5
03f05d4
1c61203
1cc618a
1e539eb
1ef488a
002172c
00de131
1cd0777
1cc4cc5
02e4de1
010a1dd
1fc71d3
1d37545
028c551
1d1f31d
03359c3
004745d
039da2c
00163ad
1cfec1c
1e6d99e
01be1a5
1e15cca
00a5fb5
03a323e
023de3e
1c4bbb8
029c92c
1e06c41
0351ab1
1c7bcc8
0280e5b
021c6e0
0076763
025e9fc
1d46c87
0080180
1d1c779
00100ab
00d5e66
1f7fd2b
1cb2e09
1dc799d
1f8ac1c
1d33e86
1fb78c8
1d04bd0
00edf42
1cbbc52
1d7de09
1c08326
02f0659
1d0b1b8
024b85f
023a379
1cd80b7
0117de8
1f158ca
1e44cda
1c5e7d2
1e36d45
1fbcbcb
016dad6
1c0bbd4
1ddc621
1c604ad
1ec0f0f
0183902
0373d34
025abf0
1eff2fe
1d0fdc1
1ee60b6
1c7a5a9
1d710c9
1d3a44c
1f7dc37
03b4de5
03b89d4
0251e68
1f82152
1e0e2b2
1ca42be
1ced5eb
1fcc7fb
1d8d4a7
1e0099a
1e2a77f
03aaebd
020c525
1d11297
1db2b3b
037d630
019c28f
03b80dc
1c96144
014b910
1ede6d1
1d7f323
1d45b22
0374a41
02d0ae8
033adfa
00b449e
1c9082a
0012c43
1e91b93
1fcb5f8
1ec5d33
1c47a3c
017ed88
014e509
1c71b45
1ef6174
1db0ee7
0342420
0261954
01e7725
03f7edb
1d99b46
001f970
0050c7b
1caa354
0165de6
0388b00
1fe666e
1d44e11
1d52e00
0267aa9
1ef36c0
1f817ff
1fa99c3
1fd1bf6
1ff5c5b
1e35f0a
1f931a6
0183d51
004c593
02bbd27
01449ab
0328e1a
00a4333
1ce40fc
03eda7a
01afa92
028882c
004ad96
00ad2d2
1d1c373
02d5993
00d4e5a
0143bad
01c437b
1f12c5a
01a2466
001e184
1cbb60f
1c9b583
003e89f
1d290ab
009ec28
0042885
031fd9b
02917a7
00e0a3c
1db123b
1c65481
039924b
00f5e1c
000bc48
0131d02
1e04418
1e11da3
011b910
015a505
1d6fa75
1f4e0cf
1f47a4e
1c60a95
1eaff01
0250704
1d84cba
00261d1
1cbed2d
1c98892
1ed0110
0329e77
1d3356b
031bd29
00d5e3c
1daef1c
000da53
0063f88
1c95af5
02a16f4
1efe144
1d26d1f
1e07eed
00dc9f8
1f1c1a7
1db47a2
02e8f9c
00e272c
1cd3d1a
1d1ca8b
001404e
03b25cb
1fce660
1f20667
1f0ef8e
1ea6e58
029e05c
00bea6c
010cfc5
1d3db98
0148a3a
02f7575
035a78c
1fe4796
1c4eeaf
1ffa022
1f84963
004204a
0262361
1c287ca
025ee3e
1fa2be8
1fd8906
0112eba
01d7a2d
1f57d3d
006b628
1d0962c
0212a6e
00c4eb0
1e449b6
021c9ea
03ed378
02d2abd
0138677
038a875
1f0a34c
0043a8f
1ef3ed8
1e7345a
1ea0e03
1e0a5bc
01197ce
0023dfd
1d447f5
01600e7
1f4d2b3
03731e6
1ea2242
00384c5
00acb9d
03cd256
00747c0
1d4c963
1fcd697
0064ff4
005e619
1f4c7e4
1f8e602
0089092
0083883
1c56d06
0222afa
01bea01
01a6abf
1e95a2b
00b71e8
02ff93b
1e30727
1d100c4
03b77dd
1e3da0f
0078819
1ebcf69
01e5a2f
0394665
03b35a0
1c2c55f
029ee79
1e5c492
1ea7ed9
023c6e2
1ffcd35
1d61cf8
1f6a52e
1c45070
031007c
1d1499a
1cf948c
0042677
030ef23
1dbfc1d
1f8099f
1e380eb
1d01a94
1c3df4e
02bb2d6
0005eef
00e09d7
031a447
1c21d69
1c516b6
0345c40
1e36068
0104979
1d2ca94
00458ea
010842b
038c9d4
03d33c2
02e8772
1d41e8a
029f78b
1ec2e8a
1e6526f
02ab02f
1c6a09c
00c222a
1eac9fc
1fda2e2
004e779
016dd54
010bd66
1e8f01b
03aeef8
03d15fe
1c179a9
039d0ab
03ba557
0043380
00453bf
1cb55c5
1f6d6f4
1e15e88
03e8fd5
1f9fc9f
1e197f2
03b6356
1e9930c
001a12e
01b41ee
1d93086
1d6fc5e
00ce921
1d0b3ac
0059091
01149b0
0103463
1de0c5f
005c56e
02d5e44
1d77ae7
027d9c4
1e940be
02bf4a2
1d76740
037f17f
00bd7f5
1c78b5f
1c52bd1
0371e23
1caaa5b
03e0f80
0235525
1f6c255
1fcf04f
002d389
1f6d1d7
03d0785
01ecf62
1d7b6d0
1e8705c
1db1380
1ea2c61
02b537d
1e73196
02ce8cf
023032f
1cc4e52
1de7a12
1f5daf7
1da22b0
1cbc9e1
031623a
1f41cb3
1e8b672
1fef550
1e908fe
00c8315
0076591
1e6e944
1d5d667
00db814
1f5f938
030d10a
1e144b6
1fecfdf
1eb9ec3
009b6f8
1db7355
00af2a7
02cd3cb
1f65dfd
1e87b83
1e067cc
1e039d6
01734de
02c1541
01c38f1
1e0018f
1c69562
1f0c846
1e93b84
01f50cf
0277b64
00adeea
031b23d
00477af
1f60104
1ef07c5
0176add
019de68
01e3008
03eb586
1daef38
035fe94
1ec11b0
1e35118
1da6edb
1c3de83
03a6926
1d00a0c
03b13bb
1e92215
1c0d937
03e18a5
1fe0423
02475f9
1deb0be
1d30d2c
1f54486
024b1bc
031cb9b
03e6f74
00c02ee
03c260c
029d142
00a90c1
033711c
017683e
01108f8
1c80021
03180b1
008aa17
1e51353
1cdde36
1e43a1d
02a4716
03ff03c
03762bb
00acd23
007de53
1cdb868
1ef4af1
1ef75e9
0347a3d
1c4ae57
02b2d18
1db7155
1c42eb6
01c2bb8
1ce515a
1c8e272
1e41287
1d11a42
01b24f0
1c5be63
1f7ac36
0050882
02456ec
00a3f61
1f3ae1e
1d069d7
00df017
1d47837
1d63246
03d9ee9
020186f
00a69c3
1e63655
1c3ff0f
1f9c83f
010dd06
0379118
017f771
0164843
1ee4945
1e1977a
1fb1efc
00a0abb
020835e
1d71451
014d433
1f93d11
1d898b8
1f6c109
02566d7
1e7701c
033086c
003ad63
1df82a6
1ccd23e
03b5515
030033e
0176a8a
02bc426
1ef2ea1
0317c30
1f9cae0
1fde02b
1cbb461
03225c1
01f54f8
1c53a20
1cffb3b
1e23425
1f69600
0110e22
1ece2e5
0275c21
031e59c
019e0ed
1c7835c
1e6ac7f
1ecc5b6
000afc3
1d28054
1eea393
0136ed3
1eff4b5
03e4264
0088f87
1d767ba
0250abd
1e759f6
1d4e8d4
1cd8ab7
00c94a4
1fe1460
1d9bf8c
0283fdd
00c17b9
0271949
020d51f
01e5879
009e5f8
03c1d99
1f5b9a2
01ae062
03d6f19
1cb98e6
0003527
1d20a1f
01bb0be
1ed18d0
013ec2c
1d49c81
1f188c0
021450a
037928f
038a24e
020d5d5
1ee8e50
1d215a0
02d9c5b
1eb1e14
1d0c1a5
0119c8e
1da7a1f
01bc431
009db57
0373200
1cb1937
02771db
1da70cd
00a6d66
01b901b
029ea0c
1ef5440
017c057
0368df2
1f52f63
0130c21
006310b
1c5b135
1cc2c43
1fd857b
1e3cbdf
1d9350d
03d24cc
0372a8e
1ddb177
0280ef5
1c64674
0149934
1d007bc
1ea88aa
01c4b72
0283ffe
1dfba10
01795f0
1ef7928
1e09df5
1e4cfd4
0382491
028cd69
027f8ef
01fd8df
1efb055
01339cb
016729d
037a603
1e12e3f
037728a
1f735c5
0025180
1e3cf01
1d1cdec
1f4ae29
1e0d5bf
02bed83
03c4e7e
1d32b3f
1cc616e
1e75865
1d6a03a
0186df6
1c1ff35
1c49f70
1c731cf
1ca0292
1d6b462
1c7bd59
1f33dde
0258452
1cfe601
1da83c5
0096e25
1d2466e
0085e2d
1c257b5
000e45e
0146cae
1d9e4c5
1dc9027
1e02682
1f77c43
1eb9f58
1ef28c9
01ed007
1dcfa2c
002bc6e
03fd454
01d7291
016e676
0004398
1dd1a4e
0121400
1cdc935
1f66bcb
1e17e2d
000f177
02810f0
1f8489c
1cf66fe
000bda3
1dea7ac
035f248
1e8962f
1e8959c
003b744
015e31c
027c856
1fbb3c5
1d2ed33
1eee3b2
1f36ea7
1e7aa75
1e2b569
0096f62
03f5b8b
0191539
1d1069b
1e57e1b
1eb36dc
1d8ad58
021eaaa
1c880c5
030ca52
02c9876
00604f1
1e64f9b
025dfec
1cc7fd8
004188a
019024e
1f4d6e0
1cae9d6
01f140c
1f0e761
1cab949
03b7919
1f3db1e
1f5b8f1
1d4cc09
1d2c578
01cbab8
1ed382e
03ad418
1ef8ac9
1ed7a1d
034f536
03d2af4
1e0bbff
1e30c76
1f5f5bd
1fa30eb
1edc543
023b2b2
03b95b6
1e6697d
1c871b3
1ceda3e
1ca7702
03f0e1c
1e59b29
03aa006
014b8ed
0160fc8
1fc1198
1c5bf81
00a7704
0170cdf
1c87f38
009a51d
1f5ed08
1e2bc94
1fc5bf9
1ca1cf7
0394277
1fff612
022c893
0362cb8
1cdeaf3
003c33c
00edc7c
000677f
0196730
0319ed4
00d7e47
0010250
1ef238d
00b50ca
01c7cb5
1f59246
1e39836
1f258d9
1c745c7
01c76a6
0094d61
1d85144
000a584
1c5d4c8
1da7cb8
1c81883
1e7784f
1c498d5
1da1776
0032e9e
0385244
1ec8b26
00586e1
1c5a3dc
1eee963
1d480ca
00ec224
1fc6607
1ea512b
0336a79
039fdf4
1d15d39
1e68990
00ac70b
02bd256
03c111b
1f15c7f
031d824
1e07f54
03d615c
005e704
03b442a
024f957
1ec7934
1e24b74
018f589
1c0f15e
031a508
1d401d7
1e18a11
1f15908
0227b36
1e38368
1e98080
02f7f81
1d490be
00e307a
036f813
00c33f9
1dbff5a
027701f
1c64724
000b211
027dd5e
1c240cb
0396793
02c32a7
1ebbf25
02d0f99
1d48dec
1e79605
0092dd1
1f7767d
00b74fd
039d269
1c2dff2
1fb571b
0136b56
01ea975
031d759
00d88c8
02881ea
1c51442
02e5b94
1e197c4
1e41b7b
016dd76
1f88286
03b5b72
1d69e3a
023afea
1d72a56
1c8a321
1ec06ca
1e35a67
02d030a
00d4b4d
1d53df1
1d5dea4
0021994
1fe82bd
1e1757a
0011f9c
1d32562
00adabf
1cea7ac
017c7a0
1d0b675
02637e1
01c29c0
1cf73fd
1f34a3a
0308613
0210a40
02cf07f
02d2188
1f5ba2f
014aaa0
1d21bbd
02af986
1d95c40
021f9bf
01e5888
009c661
02884a5
03fe5a7
03386a6
01e737c
024347f
001e457
1fe47d9
03f4b40
1e6495d
008997a
020cbd0
1c75a5f
1c41a53
0147a6b
1ea5993
1c26b1a
012c291
02c4506
013a818
1fc4cf1
1f7963f
1c8634a
02ca66a
1d301a5
02aac2f
1cc00cb
02760e6
1fb8d73
1fbc767
1f59b57
1c1abcd
1ebf962
1f5340d
03f1c87
009660e
021c560
03d9e96
0158651
1dab43b
02e2228
000b2b6
1d53dc9
1e86f53
030ccc8
0273b4f
01b7a7c
003c448
1d17750
1f03132
0328bea
1c1bc79
1fc4965
01a30ac
02911ce
0273ae8
01cbf03
1d22e51
02064c1
00eef84
1eaada9
1d92264
0142160
1c6b73e
1f2442f
02b7c9f
1e06c03
0183c80
01eaa03
1eea271
1f181b4
1debb4c
1d93ddd
1e497af
1c169b8
1e69041
02f36db
00840d2
1d7f0c1
00aed02
1c5ec47
0331898
1ffc4ce
0092512
0399039
1f017b1
038f608
01e878f
020fcf0
038eb5d
0083728
004a54b
1f22b52
1c95450
01f5ecd
013ac0c
0186a9f
1d06a59
1d4dadf
002e6ca
032201b
1f49b1d
1d038be
01393e3
1c3c73a
0019cb5
1c16f66
1e1e8c5
03354e3
00531d7
1fc0982
021393e
1fc51b2
03718b6
00e4a25
01ec6c6
1f66536
004ae22
019193a
00016e9
01503e9
037fc1d
1c783b3
1d6f29a
1fc266f
1c184a2
03dc013
1e039e3
018ec7d
1e38094
018e728
1cc6e0d
1d0e444
024b86f
036556d
1d60963
03efb30
1c657e9
0364395
015781d
1c0912a
1de5afc
1e05b3c
1efa769
1d3c585
027d166
1ec28c3
017bc2f
1cfa0ab
1fdbfe3
00bd20f
1dd55eb
1c637e6
01392e3
008ef0a
02efcab
0388032
0217cd2
1cf83af
1f26c7a
1c55b86
03558d7
00a4b7e
1fc6f05
00bf551
1f62347
007a4bd
0000c73
1c7a0e2
02ef2b1
03d8c92
008c491
1f0f9f3
03068d7
1c3e4ba
1fbb2ff
01bb9f2
032f92c
03e67f1
033d802
1fac86f
003c607
1dd9e27
02842cc
1d500e2
0139ada
00090b3
02cde38
1d75139
00fe011
1e08937
1ceabd4
1f8d3da
00ac842
1d90acf
1c98eec
1db1bbf
02e9629
02af42a
008b7e2
02dc8a6
02603c5
1cc0ab3
0368f3c
00771be
0331ad6
0297206
1fc2592
020c26d
1c57c37
1c2eeae
0083b1d
1facd43
1f990d8
02e5f62
1c8a1c7
02406d5
1cba5ab
1ee8cbb
1f423be
1d767f4
1f076c9
02fd88b
1ecb6fe
1fee98b
0222ddf
0074bdf
0183a0e
0378f09
1d687a5
1f84a03
034f881
00b1345
00a4fa5
01b4c1b
02fc356
012784b
1fc9fa0
001dfd8
1c31a3e
1f120aa
1e88b7e
1e4d75a
1db019f
004e262
1cd1401
1de0b10
02feb82
1c4e0b0
00db853
1d6fe44
1e6c918
039d875
00bc5bf
008ac05
1c084eb
024c9f7
02234b7
03fcc7d
006214e
1f537b6
0273ae9
00ac2a9
1f56222
00ae4a2
1e65b61
1d0cd4f
00e6a86
1fad65a
0324327
1e26b44
0081a86
1d5c3ee
1ef97ff
1da51ec
012114e
1f1cda2
1df9ee9
02f50b7
1ee99b2
01f17ab
0205941
1fe0de4
1c5cc43
1c45aef
02169a7
00d1fc5
1f363f5
03047e5
02a2e28
01805ec
0173715
1fd36df
1c040aa
026a2b5
03f36e5
1d7af73
0113bc6
1ff2c03
01e82af
1eeacd7
03035cf
021decb
1e5fd8d
03deb6b
1c2c390
1c8ae97
1c15cad
002fe32
1e315d0
02688a0
1fe5b79
1e17fd3
1fe497d
0394b1d
03407d5
1e041a4
03ffadc
01fd339
1c322f2
0227250
02087e0
020b447
0028223
003f54c
021e107
1e53e30
01ccbf6
010ff26
03fcae0
1d7c0da
0140c91
1e835d8
1da6473
1e336d1
1eed77e
1e4d0d6
1d23c5a
1c27ec4
03f124e
027df0b
034567b
1ce547a
0136d58
1c8e47b
02ca4ce
0042af4
1e04614
0052b0a
1e55ba0
02e42ef
1ee8b39
03bb1a4
01ab2a4
02719cc
1fdca23
01c4e9b
02e602e
1e39642
00d9fb5
1cd8793
1d2d7e9
03085d5
1e49814
1e53a33
1d79d19
1ffa796
1d49c22
1e6eac6
006f64e
037284d
00a77ef
0047e77
1f38a29
03d15fa
02abe5d
001c3c3
1e01d9c
02f60d4
1e7af3f
1c4e218
033b5ac
01e9564
1e50e79
1f49d0e
02ab9ba
01060aa
0004416
014f994
1f4badd
1f2d1e0
1ea02ca
1f0e8d8
1c60959
026a98b
01bde75
004ddee
1e2842b
1cb52c8
1d5712b
1e90d79
1f2471a
1da1311
0046aa0
012eade
1e0afde
1ee2d28
1e657cc
1ca2806
1d404ae
00da53f
1db115a
1c75995
011513b
1c31403
1c27b4b
00e5431
1fa4ebd
036a019
01788c3
03bc615
1f83fe4
0311966
1d43e42
0269957
0111026
0162070
1d1d4e5
005027a
0151ee5
02be92a
1c80e3e
1e10bbc
03ea69c
1fae9ca
0179bd2
1f9ddee
1fe3968
018bf83
00be738
1ccc5e3
0288cda
020689d
03b8fa8
1ec4cb6
03f25cb
02cbed4
01c4640
03276c3
1fbad1a
1dfda84
00184d1
1deb2a3
1d89021
1fa2a51
0114e2f
02ac474
1e75903
1cb389c
1f71479
00797f7
1d8f0c0
1cf96db
03cdbe5
1e1c10c
1dd2c90
1ed83ad
1f77979
1c65c51
018eed9
1d16740
0028539
1da85f5
1e3de88
1dd23c7
02b1a8a
00d6ac3
1d865c2
1ff1c8b
1e00b94
01f2b88
1cdfded
1d514fc
1d091c6
0158f9e
02249ed
1c594cc
1c10615
1c3e322
0374715
009c299
1e795ae
018b8f2
02f6f9b
1e9559e
1da3824
1e9b74f
0316627
1d87f28
1d28aa2
00b97f5
00a8048
1c490f8
1edbf80
023e327
1da5026
01a2350
026ad86
0272dfa
02e5d78
038bf0c
1d006db
1fb9302
1ca1449
0192890
1fbe30e
0354755
02aff63
01e318f
1ca0e8c
00d807d
02412ca
1c98b50
00dadf2
0042d17
00e5d78
1c1262a
1cf57b2
01d7db4
1cceabb
1eb13eb
01df854
0002c15
1dc0317
1fd92e4
018675f
1fd8afe
1fd8b13
1f33d94
0027fc3
02c5cda
1ce04c3
0352b22
016b94f
009e0cf
1ecf3aa
0362380
035c89f
1c14fb8
034424e
024c6c1
1c65503
037befb
03e4aca
1f54141
0037d86
0089539
1e5a0e1
030213d
0054034
1fae748
004cf43
0233094
02bc6ef
1cce8e1
02a1ea1
006325e
03b062b
00885a5
0366a00
1fc45dc
1f43645
1f6bfb9
1dad674
01e4d19
1ca4b80
1cdc7c0
0158630
0365017
1ea60c2
0158733
0071fbc
02539d4
1e23a23
1f817e4
1e85700
1d3301a
1de717a
0342276
1c4e477
0333e98
02d62c1
03c1ebb
0264599
029f283
1ebfd24
03f273f
00ae438
0109339
1d42011
000ae0c
1ec7efe
1c15711
03b1d8e
1c3ce0b
01b123e
1f4b968
008c0e3
02101dd
038623f
00dbafc
1c254e8
1d9c8e1
0332e27
1d0e789
1fe00c7
00e4d12
00a005d
1dab413
027739a
0347d8f
010e3ec
1f9ac42
0040907
0365f48
002fd76
1e55f23
00e2eb5
0168a19
1e9dd2e
1f46ff7
1e8330f
01c96db
0359cb3
0242b28
1ee9ad0
1e0321a
030c45f
0087f72
03de98f
1eb3fd7
01fc623
1ef2d8f
1f77c90
01862f5
0054918
1f2151b
012112f
1ca65d2
1d8dce1
02a80c2
1fe5ecf
1c1629f
0129c8c
005e62f
1fd3289
1cfd5a3
0202b44
1dc2fdc
0326c2d
1d7b97b
1dcaa08
1f83c8e
00747e1
1f577e9
00ec8c9
1c420fe
1ec49a8
1f387ae
1ca6cbb
1c39e43
01e7879
005bf63
008b796
1cd19d1
1d3ea87
03f3b9f
039c90e
02e6982
1f07acb
00ebb2e
1c62db2
01306d4
02a5ffc
036288f
1e9e887
1cb32d9
0149052
1f9a6c3
0320068
025eab8
01baae8
0019ef3
0369b5e
0024ce1
1c14fc4
1eb9cd6
1e23539
1f9d4b3
008b758
008568b
1d58007
1dfd686
00ccdf0
03f0dc0
0174028
1e162bd
03d392a
1f0953c
01e5a25
1d1a8ea
1e58c26
1d1a879
1e7c649
1cd36eb
1ca0256
03a4706
00255c6
00ffc61
00e9bf3
02849f4
1e50520
005067e
1fbd678
03d412c
1fbc144
1e98cce
1f62617
0217610
1d530df
1e40364
01f4d67
1d439bf
1df4417
1c0ac65
1c46bec
1d806f9
0274249
1fcacf1
1fb6986
1f3d5a7
1eb2123
00fe8ff
02a93ac
02359c1
02c0c03
001e298
00e6224
1c4eb83
023d7f5
1da1a7b
0003233
1f2e8d9
1fd8c43
1cda78c
01764d6
0362af7
03c5336
017ec15
1cbca59
00f1cc7
1c132e6
1d2d7d9
1c80a1f
0213df0
1cc57c1
03d9f0d
01a0b9e
1f76c6b
1c4a2a3
1e969ed
033f39c
021739f
019794c
1f7af40
036cb5f
1daef0e
00c9107
1fd0335
1f56ac4
02efbfb
1e98cf0
020de6c
1eebb4a
1ead83e
013af8a
016ca8c
02ac6b4
1ca36fc
1e3af22
0344360
0074da2
1d56acb
1c1ead9
03f5cbb
1e25129
1fc2337
1ee7b1c
025ded9
00a2a64
0005423
1f24615
0190312
1d542bf
036ddaa
1e2d382
1c135f3
1c41c94
03fb025
03567d1
01bc945
01cf313
1c7c37a
1dbf4be
1e62b6f
008cbba
1e5e8f7
1edf83b
1e7098d
00073e1
1d0f8d4
1f71f55
1c6527e
1dec069
1e36f95
00f398f
025756d
03f870d
025d0e9
1d89659
1c0160e
1ec84ba
1c4b772
1f6b40f
012551b
1ed4fd8
1c1beca
0236202
012c3e7
03d1ee7
1d14f32
02bdebf
03a2f4f
0038c89
0193f3b
01b0c7b
1c676a8
0122fa4
1e51adb
026f4bb
009e961
1d897a9
00e322c
1c813ae
00367b8
03b9960
1c1970f
1f77f38
00c8480
1e53ee3
0229fb1
019192a
03fc012
1cb8413
001d769
1f42684
1f39f09
1df6e33
00c9cdf
1d8ea10
1ece4ba
1e1b14a
1c18b39
1e1799f
0156206
1ecbf3e
02e1b5a
01c117d
03e59aa
027d3d8
032a2e3
02fdecd
1f15795
00b72ef
1d5ec91
1c8931d
019cce0
1eb40a5
0307d7e
1e8713f
1e57e03
02f01a5
01c0209
023add8
1fd43e6
1db19c1
1e50b03
003626f
1de9c8d
01e2222
033b3f6
0345a40
008b63d
1d7b12b
00de32f
00490a4
1df2218
1c83ae1
03bccf2
0088669
0126387
1f040b2
0351a00
021393e
1e8edd4
1eb1aef
1f7c645
03d8408
0186f25
1e765b1
02a4320
001786e
0002df8
1d99614
1ce5d0b
1ed4f0f
1eb1cd2
03bf1fd
1d2c42e
1f127ee
020a204
02c61a5
1d72e8d
1c9d0e2
022cd4f
1c98566
1ef60a0
1ed6cb4
0327c6e
1d8a6ed
017c57d
00c1ca5
1cfb69e
02332c4
0267173
01f1f73
1c66231
011001d
038ba38
01c064d
00787c7
1cc8680
00ee52f
0372056
1caa673
1ec83c3
0255e89
0365cc5
1c8a1d1
1ceffaf
01b2649
1c5078f
03a3042
01dcc41
1f4452e
0283641
1f3e842
1d9c451
1fdc1e5
1f4b103
0083683
01dd493
0293eff
1d3d106
01aa7a1
00ad3c4
1dae892
0130a5a
1c8554e
1c7ced2
1f5edbb
1fc1ed5
1e09358
1f31a97
003ec86
00a60df
01cd492
03e232f
1c81523
1c96cf3
1f97750
036a9cb
1edceff
1f20546
1c86904
0139368
1fba637
006f494
1cdc580
1f06f8b
023d5e1
1c93558
1fa3777
03edd8b
01b2b3a
02619ba
0044cd9
1f4936c
03e8fc5
1ca6280
0325777
0208cfc
017e263
03ed490
0222c5f
1ef511f
0391401
1c6837c
02d6c80
007f2c9
1eac372
1eac1ab
1c39266
1c4a6d0
1ea53a6
1ea2b48
1e42837
00e9bdc
1d2f74f
1c1e5dc
1e2b1d9
0156f69
008870d
02375c4
1f6de16
01b6346
03368be
015b35e
1c23168
027097a
03adf1f
02bc667
1d18ece
01f9da5
1f1be99
0044781
1c4a53a
000ca87
0043db9
1dbcb02
01bf271
1cc5a52
011f2b0
1c130f5
1f6a751
1d7f756
1edb465
1c3e2a5
1fe2d6d
00792eb
1e71b61
00b5297
015301a
1e272db
03d03a5
0362dc5
1ddbd84
1e7f708
01b1479
1e0f557
00704da
1ca9489
1cc62bd
1f64c3c
030cecc
1ecdf02
1d184b5
02c565e
1e9a581
1effeca
02445f9
1e41067
038f793
0336480
00a49c4
1e70ac6
0173102
00b4b39
1ef6755
027ed7e
0189864
1def026
1d6ce92
00da5cd
01bf12f
00d9456
024aad6
1ff8e37
00fcfc0
1f961df
01be19a
1de2f8f
003b27b
01cfce9
03613b9
1c51931
1da408f
03dfb5c
029e396
1c0bf7f
0335302
1de2ef2
1c6df13
032c9d6
01e01a2
1d892af
018257a
0390667
1cdd8e5
1dc3f42
01f53da
03da988
014d3c8
1d651e5
1fa6c3c
1e2b37e
000bbb0
1e75ddc
01310b9
0015405
1e3a2d9
0018d04
1f3cd28
1f7408b
1c2fef5
1e0d1fb
1ed8b75
1c7f7d1
015e41b
01dc3ee
1d7bec6
01c165c
1ef4dd9
000676f
013cdfa
030dc16
1f1adc4
0036a39
1c1d842
1e7135d
00df680
0076ca1
0252e11
1cb3863
1e8d461
1f62e4c
1e6818a
1fe66a6
1e7b56a
01049dd
1c8142c
1d8a184
1de82ba
0230803
0222fb7
1f21c48
02f85fd
031cdf3
1f852b8
1fc4f95
1e3d695
032b6ea
0296947
1d7b5b0
1eda88a
1c7879d
1e65509
00c69e3
03a2db6
012a9ad
0107882
00525c9
02084bb
1d4d03f
1e23df9
1f21eb9
01639b3
1d77aab
024326a
015cf37
01288d1
00ae143
02c48ee
011a7b3
00b8df1
1f1a61c
1d04a2a
1e1b357
02f2087
1c593c5
0324adc
1c99a90
1d214ef
0131713
03c284e
1c43302
00cd835
1e1d41b
1dfbf61
02c76a4
1f35089
1dbd5a5
012a55b
1d471f2
1cb0736
03d677c
1d220d5
1ce46f8
0124325
0224e8c
1f88e48
1fe9876
026a0ef
1fcbb38
025bc66
1dedda5
00393af
1c8069e
1dcdea9
0217cc3
1c4be7d
1d56bf2
020262b
00e4e55
017a9b0
1e338e1
1fa3e08
02b6c37
1ffcd3f
02d4664
030b544
1f7cf19
1dc9b62
03ab131
1e2d949
1eacda7
0057a3b
1c933d9
00ac820
00901e1
0355796
1d0278e
03de41f
005b1bb
009e8df
01fb2ea
1cde4f1
0368084
1f44dbc
1c13bbf
001397d
01d5245
1fc57ee
01e67d2
010a4cc
0332a2f
001da5d
0030699
01c8b07
00a13da
1ff0f29
1e0bd55
1e307eb
1f01a92
01a50a8
1f9b969
1e6cba1
1fc50f7
0061a6a
02e250f
1fe0754
1dcc266
022d4a3
02ca803
1eb5491
1f7db06
0001bf2
00b5ab1
1c7a2a0
03a4a3e
0364a5f
01153e6
028f957
001e4fb
01bd340
1ca537d
1fa727a
0106d4f
1db13bc
0162c32
1d35014
003cc6c
1e24d5b
00b81cd
1d69110
1f807c5
01400ee
004c821
1fc2d8e
1e34908
02812b5
0384347
1d90213
01815f8
1c197f4
022275e
00b520d
020035b
0077842
1e66d90
1e50f96
03da311
003e3e0
036a15e
1f2e30c
0103527
03f1e3f
00b1041
0173d1a
1e66ce8
018969b
1edd94e
1f47a14
1d46ac2
02e1b1f
024472b
02b2b35
00fbc39
00be9d4
1c27fd7
1c4f640
1e83ecf
02ffcb2
1ff1b94
0038bbd
019e16e
0134aa3
1ca493f
1d82554
1e10ea7
1ee90bf
022d87e
01e734c
001eb06
02c8206
0008a59
00f54c7
1ff2005
008dd70
1cf2461
1c72fa6
0244f3a
038b0f0
0245912
01de60a
01cd3a6
1f5a40f
1fffca9
00b95fc
1f59c1b
1c5972c
1d3982b
1d24808
1f657b2
1e6a458
02a5f2b
1c5655a
017e238
024bc78
02670d4
1fd61ba
01ef625
1ddd01b
1ce3cca
03f8ec5
1e64a0d
1c34397
0008a1a
006f432
0065ca5
00c63ec
03d2eda
1c5eeed
0306e19
1c0191f
1fbd5eb
1e94ac4
1cb0099
1ee0ad5
1d4482c
0037796
1d8a963
1d76dfd
00ce7ba
1e16bec
1f556cf
0379e64
017a950
016491b
01d89d8
028c597
010563a
1e47c30
1fcbcee
1d74eab
1d825fb
1f34b12
1fe14a8
1fe0217
019bb16
0142060
1cb2111
00e41f1
1fc57e8
1d95ddc
032eb02
00ee323
1de3d7c
1e0feaf
1d1722f
029bafe
0258ba5
02df1ae
1cd53ec
1db63fe
0083829
0082438
1db4300
1d80bd8
020f191
03ef7a0
1cc303c
1c4b263
02e2db2
1d9cf71
1cb9b05
1fbfc64
01c4daf
1c3ff7e
1f11810
0389029
0217b9f
017cc98
1df18d6
1e87b0e
1fd32e1
1e86af0
00b2320
1ffc001
1dd68b8
03c09cd
1fd515a
1fc2933
0004c64
0379b02
1f96c1f
017246f
0375993
01ea72c
1e78bd8
1f202e2
1e9ca5b
023e5c4
1ea6d30
1eb927f
1f8f943
023cc94
00e87ec
02d1e67
021a226
0117ec4
03c5de2
1c56f09
0110cab
032cb72
018f811
1c8cb55
1cdc542
02f0e4d
1ecbd88
1cce1ac
1e7bb27
1ca073a
1f1f3c9
1dc23c6
1f7da78
015cd06
1c47a97
02e0ae5
0047fe2
001f7d2
1e87b5e
1ff9b81
03f33c1
1e11182
005684f
03cb495
03ba61f
1e7cd37
0036940
02ff48d
1d4b1d6
0168f54
030e42b
1c9e5de
0015f17
1f41094
1eadf2c
1cfdd32
0082b0a
1f0a3d1
01b10dc
038634b
1c639d9
02747ac
1e9d95e
1ce8053
1ed1b2c
03b1b51
1f29960
1ddfca9
1ea6a89
03d96c0
1c37b92
0266ecf
1db80c9
1e2ae0b
1d4d6ac
02b1fb8
1c0d051
1d38d61
0343e99
1ca2341
1c7c94a
1e5b6b5
1f09292
1fcc7cf
1d5c957
027cbfc
0205e24
02b6bd8
1ec0387
01d5e6c
035949a
1f7d6e8
0331e1e
0351675
1d91f69
1e79797
0138ab8
1e210e9
1f37491
1e872cd
1dd7c05
1ee9bfa
0016af8
0297fba
01fab43
1f6989a
0171b2d
1f589d2
1fb1599
1e453b5
0301419
019e443
1fa0762
01f18d4
015e529
1dcd895
03ab38d
1f9682d
1d6f7f1
036a1a2
1ea45f8
1e13afc
032e7f0
1d6dc5c
0388481
1f670c3
1cdd203
00ff823
1dc8d06
01da771
1c5ac8b
1d802a2
1e665c5
00c6324
1fa3b61
0146418
1cdb88c
1fb024f
1c19f77
1cfaabb
1cd4d3a
0222f21
1f715bd
1d38524
023db86
1dd210a
1e0e416
03f44fe
1f4357e
0311459
1e55588
1c124e8
1d704cc
1df0676
1e356b4
01468a7
0262a19
1ef8dd5
01eeb49
1e8edbc
1e92f31
031b9aa
1caf169
1ee7e88
01fa2e7
009d6c6
1c88537
0314dec
1d7b095
1fde815
03cdb23
1fefea8
01f2ebb
00bf96a
03aa200
1e0891c
1d04c0b
1c0f0ff
0382614
1d803de
007a9ea
026e7b7
1ec8550
025cd31
1ff98b5
1ec6049
00ca9d7
1f78654
0323383
1daa28f
1e1dc60
03e3ea3
1f1a434
0104308
01ced4e
1f9b083
013bfa9
1f0107f
01a22aa
1f6480e
1ef2e11
00bb59a
02524cb
034f6d4
1c4cd4d
1d7ea1b
1c2e02f
0231daa
02c2e41
00d77e6
00d416a
1f395a5
1f7e108
02ea76d
006d528
1eb6fad
1cfba50
1da61cc
1f77ec8
1e501c3
1c180ae
1efdb8b
0360194
1f86f28
0195260
1efaa3b
02729cd
1f19808
1ecd26a
021b20f
1c35e96
1e7fe4b
0221205
0272d09
1d3c42b
1e7b71c
1f2eff1
1faf2ff
1c510e1
0188962
1cb94ee
1fa21af
1d7dac6
1d2f4ed
036d6ff
1e91319
0266513
02128ab
1e5b1c1
0178e38
0029cbe
1e8a03b
1ecfc1f
0250635
0052f12
00a014e
1eee8ed
01fa357
1f04efd
0028cf4
1f97aab
1cb34f0
1c5d82a
1d545c9
1d6364c
0332929
00281ea
1fc1559
1fb70eb
03221ad
00ff88f
1e39483
0056b6f
0087e97
0087fd7
0057daf
1d60f8b
1e22a53
023de5e
026643c
1daa899
1d34eb9
01d0bb1
1f481fc
039ad7a
1ef77da
027b175
1c76efa
0300d36
00c5e9d
1c6f2f0
03f44cb
1f41409
1dfeab1
009b436
1f3a70f
1f4232d
1e158bb
03fcf9e
1f69117
1fcedf4
1e2bb54
0209223
01ffa39
1c13122
1f6718c
1d52b0b
03bcf58
032a068
03ba573
019f676
00fcfc0
1d70a34
03fb3b3
1ef2a7c
1cae8a7
1dbc0b5
1cf2409
00bce8f
1c6a1de
1d783d3
1e0af9f
00260c9
1fe450e
0021806
1e34897
1db216b
1fec52a
03a521d
0314269
030137b
001e3cf
020cd58
1e38c1a
036a8bb
015b1fc
0088a37
01dae43
1fb1e16
1ef221b
1cfec22
1cb02c2
1ee8ad8
02b7e6d
019ad94
010a40a
00b3867
1df48fb
0351d10
1cd9f97
1db1f74
039e0c9
010c099
1d46f86
03df7c7
0120fcd
1fe9b7e
02a437f
035292e
1d076c3
000abce
00f729c
1daf6b7
028ce5f
1c4b5c1
0364a42
1fd525d
02e4c02
03ed5a5
03e2470
1c12a42
1f641a2
02af0f9
00a60de
1e2606a
038a91c
0098676
1de700b
1c38c79
1dea28d
1d03406
0020c20
1e78609
0353d16
00fa4db
1f42bcb
1dbb1b6
1cfad5f
1db134e
0045cd7
1f37271
1fdaaad
01fc04a
1f4f12b
03634b6
1f3ca61
1dbe8ef
0086418
01d38d8
1d6ed16
1d5d1c1
01c2ee3
0324303
1c9a203
033dbf3
03c10e3
028fd97
0154453
007f916
1d45cf7
1f89aca
0181e40
0072eaa
011d57c
0085dfd
03d6137
01a5fe6
03b1463
1f7c190
1fbd410
1f45a9e
01e4db7
017e278
1da0080
0047ede
00db006
1d832ca
1cb1a55
0162a3c
00a5104
03f9b9c
1f66c86
1dc1058
1f84457
1eb3c07
1e45e89
1fb8536
1e8fd76
1c4b9e5
1fde4e0
03a415c
1ff11ff
1cc5e89
0022cb6
014595b
1db0ddf
1d2a946
1c388e6
1c39019
0368a8d
004b11f
1e7d5c6
1c08856
1d5e4e4
1ccca35
014d5eb
0064c75
1ef5520
009ec84
037ffca
032ef24
1e298d0
1c2c7cc
02a75a8
1db55b4
1c31a55
0014620
017e4f1
019f04e
1d67a66
1c5fe6f
1db0171
1ef4c3b
00932ff
03ed916
1d78f9e
018d4ed
010968b
0071ba9
1f1a0f4
1d2a327
1ff1722
01da4d3
1dfdb30
1e337d1
1e398d9
0372dc9
03a8db2
1c3cac5
01cfb3c
1dd8a24
0238f23
032a50c
1de4b77
1fa513a
1e508a5
02ccccd
1ed9e0b
028e0bb
1f13a79
1cfe79f
028bf54
1e895d0
1dfc4f4
008876f
02c93c8
030f1d2
0051f49
02926ce
1c36f18
1d374e6
1e62197
1cc710f
1c25567
023f954
012235a
1c6cd15
023650c
1c6a5cd
03bc64b
03528d8
02e1117
01ef423
01bc6da
018eabb
03de046
1d9da64
1fdeabe
016205e
1c292d9
0266121
1c98087
009ec8c
1eea483
0393c79
02434fc
1d093ad
1c6eeae
03fb93c
1f8da10
01c4561
1d98831
1f178a7
1e95814
1e4efde
033a2a3
1c83926
03a3d24
03e0790
00c3f70
0277fe7
1eda1ef
1cd6843
1d86a69
1c61b92
1e33b20
0135e3f
1d9ea0c
1f46674
03d66e2
036eb45
0265264
1edd947
0293fc2
1f3c3d3
02c328b
0129188
1c0c50a
1dc9a59
03120e8
00460e0
00d00ff
1ccc091
1c0ba3c
1e2177a
1dc4564
1c949e9
1caecfa
1e28563
003aa74
02b7d33
02e127a
03a8eaf
1f66df6
1fa8746
0148ef0
1e6d41f
1d9e045
1d3dfb1
1f78590
00553a6
0194158
0381c32
00ae2f7
03fc41a
0295c44
01079fe
1f21214
1e2ca31
01d56d9
1c5ec5b
1d48001
1fd3595
1eedf4b
1da6a48
0355347
1eee8ed
1fdaf38
1e358ce
01593a2
029d673
1d98ca4
03ef4ef
0387d76
0389b90
1d15182
02bdd18
02accde
1db0e93
1ec7ac9
02b70bc
03a3c76
0350257
1e4b99a
1db504a
1f5a01a
0332c52
0071232
1cf0d0a
02d954c
023d54e
1d4857b
01d1acc
00e5e9a
00dee0f
038b37f
1deb913
1ff5bed
1f47a9c
02283ec
1dd2a17
026a561
0324019
1f2720a
1ecfa48
1dd1320
010b2a1
0109577
1f3698e
0147a00
1c50900
036eb75
02b411a
1eb94a4
0254c3e
1c52a8b
1d11232
1d283cc
0066385
1c02ff6
1f7044c
0059dcf
0350713
01e8c09
1dfa007
1f15817
00e6510
00d8271
1d18d5b
1dc69ac
030ee01
00f8a8d
1f24815
00fd68a
1fa6846
018088c
027276c
028c9b7
1e9b754
0054932
027706f
1ccda09
00264ed
1ee81da
1d181d5
0078444
03b64e8
1c5052a
1dbc1e0
1c8cd58
1d5ec60
1d1856e
032d7a6
1e69590
1f3f7a3
01d6518
1e8a671
01f967d
03122f3
01ce536
1fbbde1
1f59516
032e346
016d212
1ef49da
02fcc15
1d7ac5d
1c38233
1d794ba
02f05e8
0304e2a
03c2d90
014b810
1f4c39a
00a012c
1e5b094
1de3988
1f02388
02f179f
03034fa
02f66eb
1cb2771
01db131
0278537
004d519
1e0528d
1ca66ce
1e8eff5
02b5986
0371feb
03a3702
01f9138
03e00bb
03e5bfa
036fe6f
1fd6d9d
1f4b444
1db2a13
026234e
1e287d4
0095fcd
00871ed
0143bf4
0283abe
00c99bd
1fedbd5
0313d2c
1c65fcb
1de090c
1da5e22
1dff4ca
00b0a16
01f8284
1f37f3b
00acea1
1c9e536
1d3f916
1da53a9
018f605
029f1fa
03c9fae
021703d
1d20da4
1d00fb1
0198555
01a71cd
1d103aa
028e8d3
02bdcd2
026553d
016924b
1fd4118
1f582a9
1c5148c
1f2d412
0327d7e
03a5ecc
1ebe45a
1f67e49
1e1cbc1
1ff1216
003ea65
017bd4f
1cc2cdc
01b8cae
03c955a
1d24a18
1f7619d
00fd004
1e4a29f
03db33f
02e4b3c
0136c30
03c75b4
0217e08
01fd506
1cd4e92
031bebb
030727a
1cfb346
1c066fa
1d41be2
03ba4a8
1ece2ad
1ed42bd
1c2da56
1c305a0
03f3132
1e87f0a
018112c
1d3aaf3
1f111d2
1e3e759
1d3dccf
0066995
02738e0
015433f
1daf1e4
1d15eb5
016df87
036c991
1f22b8e
03065b3
039f709
01a3a93
031ed25
1d2b4d7
03ea5f3
1cde851
0177af8
1cce243
1cdf3d9
1decd37
1d9d7b5
1d64f86
00e378e
1ea244f
1fb3a22
01aa66e
012cd94
1f0da48
1e80a96
1ec2511
017bd39
0056df5
038133f
0348b65
1d8bd5b
01457ac
03bb2de
1dd7416
1dd01fb
01feda2
1c8044e
1ecd969
1e35caf
010106b
01cca0f
025bb34
1ccdabf
1fd6c4e
020dbdd
1dc72e5
015bd6e
030219e
1efe64b
1e66a10
1fb9e36
01e6f36
1d318e4
00324a6
1f9fd40
035ad9c
1f52d26
1e739cb
1cdfd62
1dfa094
1d827ff
1f36413
1f747de
009dec5
014c6a3
03507d5
034f629
00e862b
1c15ee8
03c3576
1e62c4c
1d34470
01da93d
1f7fd38
00967d0
1ee5568
1d6fdb8
1d47d02
1de1bf7
01ea247
1d582aa
03a4b0f
025844e
032da18
002805b
1d83c7e
1c09df3
02e2c88
004749c
03cb52d
1c2ffd4
1c0a8ab
0075a93
1c4caf4
1f620f0
0009712
1de0f79
0384046
1d53288
1f263fd
007f99f
0320dd7
0071312
0026f10
1ec1244
0184ce4
018fb10
1d9c172
1c72fb3
1efa6b4
02e8ccc
024a1b2
1deab33
005c6ec
01e9fe5
1d1654c
02eaa4a
1ddf8c4
1dfad69
1c9dd17
1c2892d
01a456b
1d09d11
1c13562
1ed4da2
03e61a4
1d71978
017705a
1ca73da
030a1b3
1c1229b
1f256a9
03945ae
01bf8ca
1d65905
0082c54
1d96fe9
1ed590b
1d33328
0028e5f
1e24e67
1e2f8ea
1e371ee
02a547c
0009be7
0014793
0230971
1ece41e
1da8a71
1fd8a71
1d254f3
0208d11
024e522
1dd4384
1e73bf1
0273c19
030b7a5
0381f16
1d778c8
1e0737d
1f8f606
02bf6fb
1eb6978
0208304
031a38f
00ac8c5
0330888
00e965b
00182bb
1d3397f
03938e6
0174bef
00d0473
1c4d0b1
018b2f8
1e1fc2d
1d1c79b
1df0850
00cc99a
1ea4bb8
1e5e106
1c4e7ae
1e7b4f6
1f48dcf
03f588d
1fac0e0
1c83891
00c8b2b
1f78be9
1cb699e
1c0bb5d
00d2efc
1ebc311
1dc9396
1f19a89
1d0630b
1d95aed
0140d3d
1d0c764
1e80236
01ed592
1f32e84
1ce8863
1f80a60
1cb659c
0151d94
1fea3bc
00d58e7
03e7b06
1f919cb
010cbb9
1df0f1e
01cfe27
1ef6f5e
1dda242
014857a
00c3c81
026020f
1eddd66
1e55f7e
02b7533
00801a1
02a8283
1c90097
0088db8
1e85675
1eea341
00851f9
013d5e3
1da87f7
1f253ce
021da80
00f105a
1fe973a
00ecf8b
01e21fc
02778eb
0320d2c
1e6a224
1d08bbc
0303a6a
1e07c3b
1d52609
1df6fa3
0076cf0
1ee7ac8
1d88e3b
00758dc
00c943e
1e51d13
1dc059d
1ee40b2
1eaefe8
0376bf2
000cfd8
1df331e
1da6050
1c7fe62
1c331d2
0137e64
0338aff
00055d3
1c85edc
1c82bc2
0228b58
1c7b83d
1e50f9a
0138540
1d5f4be
0087bfe
02cb7a3
02b9a7c
1ff371c
022d358
1e2d5b6
014c1c4
01dd0b9
0133677
02fc482
03b2531
1d46047
1d1949e
03d8a73
035c750
1e51b1e
01e8cb3
1ece1b9
00956e4
1eb33de
025fcf1
0343c86
1fb37e0
1e62c72
1c503ba
1e46fe3
03d2e62
1c090b8
011be2c
00c0e1f
1ced461
02a3d2c
012b380
1dd73df
03d9a5b
1e7cb77
03e042c
01e1f69
1c2c018
1ca7cbe
00c56cd
03e5b8c
01d718c
006c727
003bdf6
015f52c
1f66d95
1d77f26
0013002
1e5c9e4
1e2c870
1e1f892
02e58a1
1c4ff39
002b754
012130a
1d065ea
1d9e095
03bbdf6
1c5c609
00c087f
1cf2bc5
011694e
016ea06
01a4948
00528c9
03811b0
01769ef
1d93e83
0054f25
1d38714
1c799e6
1fd911f
0114298
1e92cc5
1d25be6
02b4112
1ed339c
1e4e906
0273088
1d1404e
03443d4
1e1be4e
1e68619
02c565b
1cb532a
013bd14
1f39755
1e31108
01ec982
1ebede4
1f4d5b8
0121d59
021837b
0020853
1f12bb0
1e0d59a
1e85270
0265578
1e28425
0042c22
01c8e6e
01734c3
1daecd2
034d0c8
0358b67
02d2846
00e0fac
02a3962
00f1daa
1c9bcf7
1d5b426
004dbf1
013c2f1
1ee75d7
1d31e59
02fe7d4
1f21824
03826ff
03f62ef
019b850
03a77af
0057c19
1e4f835
1efda7e
02019aa
1f0dc70
1fcb5bf
021253e
1da3fba
03b78ac
020675a
1eec163
1c62ae8
1c49372
0078343
1def4c0
0149f8a
01b7362
0167af7
0272adf
0357431
1dbc6f9
1ee96a6
0219bd0
004627a
0203227
1d7c0ad
01e0b5b
1cc2824
037c962
031cd0a
1e03dde
01fd6f9
038e88e
00ebfd1
1ecd01a
1fce750
1ce01eb
1ec6d1f
1eab273
1e49521
03379e0
00868ed
1d09ebf
1d0ac44
1cf84f1
1e236bf
1d85a7d
1d7f761
01c1eea
1eb3db8
1e3887d
1eb0db6
0242063
008394c
1dc7a19
02fafb4
02baec6
1dfbdaf
00d21d0
1c71e25
02f78b2
028e446
1d17a46
033df46
1d34380
01fe21f
1dc8b78
0139245
033b1f2
02abd55
0360d90
1dba6f6
1dbe8c9
021ae2b
1ebb0cc
1d1607c
03dde56
1fe6502
02f3fb8
1ed4766
02bdce6
1e69d92
1dc239b
002ece2
02f4b1a
017abf8
1d4faa0
024a4f5
1f4e9ea
1f23b37
1e2eb0d
02410a3
012a4ad
03e3213
1dbc895
03fba64
1c5f0e7
1de1c4a
1c6ac3e
01908c7
1c6771b
01f7b70
1d2527b
1f2a322
0024d2f
01bb7c8
1e3cbac
1d6fa5e
1cff855
0182d71
1d084c4
004926d
1cdeed1
000ed54
1d3a2dd
1efadf3
1cab29d
00b42ac
1d064a2
031aaf0
1ce600a
1ecf51a
1fcdb7d
00f8fca
1ef4c7f
002b733
034a1f8
1e05f64
1c6ad48
03ae333
0261e44
034e13e
02bc430
00aee21
005047e
1e75a33
1f9c9a1
00ab42c
0101f92
1f05935
1c6e07d
1d00f61
002fe28
1e05afe
1e340d6
019b20f
1e8d4ee
01332bd
1cab5b6
1e94a1c
1e564f9
0242bf5
1cdff0a
1faf93e
1ebd029
031544b
03aa1bb
1f3f6bf
1fbfda4
1da0e7c
024f7f3
00117df
1f0ad0a
1dc8e0a
1d19dbe
020d532
01bfc62
030977f
03272e4
029642d
1d35fbf
00d9d04
0232805
03ee7ba
003bd14
00c2262
019cfda
1e17741
1e9e7a5
035d933
1c1217f
1ff78b9
1f12e7f
1f6fd6f
03d7efc
1fab472
0387aa5
1e8629e
1cd2995
1fa0861
007a881
002bbc9
0206899
1d31f06
02470a8
02a30c8
1d7f283
025cd49
1cafe4e
02e43cd
1e3ae3f
1c6c7bd
1e798db
031026f
03245d3
1d8c2b5
018e58c
01fc773
0033038
1d20a09
1c47983
1c27b2c
01a3e83
1c11b0b
1f3ed67
1d5e7dd
1fed74f
0247692
00ef935
03825f0
1dd2401
02e4da4
1fb6339
1db921e
1dd60ea
01d4dda
01dc559
1c8a152
1d2d384
0021cbe
00fe5bd
015e515
1c9f973
1ddf729
028f026
1f30588
1c33c63
1f80d48
1f803d5
1f0f15d
1fc9db8
1fc4838
0153a35
0219f15
00e83a7
03e8050
007fd40
1e0c10f
1cc1767
028d863
011deb8
1d43ee8
1f11a12
0271e09
030c362
1f11ea8
00f1262
01df5a5
01f6d8f
1c906f0
03f5124
1ed2c4f
035927c
035e7d0
001f554
037b015
1e771df
031fb1a
02ab4ea
0191035
025f3c3
000e81d
1c80939
1e1d465
02cc3b1
1c8cf8f
1dd8efe
035e459
02810f2
00bd550
00048e7
0093fb0
0318326
00ceb7f
0240531
036235c
00d53b9
030185c
01a750f
1ed5ab1
038e1dd
022b7b5
018078b
00a4082
1c65859
0082f87
1ff981b
006d1b8
0316e0f
007601b
02c8fb5
1fffb7d
01906bc
1cef929
1f28644
021a681
0347238
1ccde6e
00a8a67
0273c06
001fc7a
1dc17de
1ee2a31
1f8696a
1d94381
00cc2c6
1d93968
02ad3f3
0287e89
1d64c3c
1d5221f
1de1234
1e47b41
03fafec
0004fd5
0364aa1
02f3254
1cc78c8
032941d
00a7b11
1f6e34c
02f533c
02cc49b
038dd3f
1d75baf
1fc97b9
0089ceb
1eacfe3
1ce5e95
0341de5
1fd50b2
01cfad8
017fee6
027137a
0134590
00a68b3
002d0f5
1c32ec4
03a3a3e
037fca7
034b2ea
02b2e9d
02d10e7
0332a8e
1ed10ad
1dbce47
1d41e2c
1ef16ab
0079cc5
1d4b7c1
1d3fcab
011ab95
1f1e72b
0044235
00fc45c
1c2edd8
1f698fd
0067667
01fa545
03e3927
03d39a6
1e689e9
1d67362
03bf9eb
1e1d832
003301e
1c67bfc
1c59760
0187a47
1c6c082
1ef2f59
1f7ed68
03f1703
1c8fdf3
0302bdb
1e2a99a
1d0768b
015275f
1c53602
034c1cf
1f3a1ae
1f4d24d
1c4b0ff
021e095
0314bf6
1c2c78f
1f85f99
1db1626
1fb03a3
1c9a2a2
1dc3d37
1ee6212
1febc12
0241458
01029d4
0303852
03add57
01d1403
1c51281
013e3ec
030fbea
1d3c677
0392ca5
03ee28a
02b79b8
03f6f28
013b012
03e26a1
1ff0476
1f5e7e9
1ce0c7a
1c6a04e
02f35e7
0284aab
00bde96
1faf84a
1d015a9
1cf7d0a
1d5b6b5
01a0829
1c974d1
1e37289
0036878
014f202
00aac66
02c5b14
1d7011e
1d93cad
1d15241
1fe5f59
01dbd89
01b96e6
1d4e08b
1c8c107
01bda6c
1d62f79
1ffc953
1f40eac
0219517
1c76b8d
03bb309
1ef3264
035254d
02d9fdc
1c9c03e
1fb3804
01186d6
1dcc6d6
010d241
017ecd1
0196b23
03c7212
02fd277
02a21cc
00f9981
005ec89
0299bf7
1cb8b30
03e1798
1ea1c42
1c197ab
1cd0d52
001d434
1ebce02
03e81a7
00714fe
1ecd85b
1eb404e
1d56376
034417c
03068da
02e0978
03b70f7
1ec6dd6
01f328d
1d7acca
0297ddc
0148042
028aefc
03ba457
1c24d44
019bb63
1ebb03a
03d24a8
1d2a86d
01cfcc7
03864bd
1d6c058
1d18329
0292f12
02a8043
1dbdeca
00527b9
02cb3d8
1fc0322
1d1447c
1efa676
00e768c
1dcb4b2
1c805e9
1c2ef79
1c8c09d
1f9b507
0138363
0259aaf
03bdba1
1fd5847
1e12100
1facbfa
1e3822e
1f561ae
00efc6f
03babbf
1e3201b
1ec2456
1edd045
1d0a252
0357f8d
03c7908
00a720d
011e428
02a66ea
1e186aa
1fa0291
031fb64
1ed148c
1ee2fe2
1d08917
034239b
1e97e1c
1e85f50
0200730
1c5b6fd
001e833
036b75f
02a878a
1c5404d
1e85b3c
017f9d7
1c2f911
029e076
01f074e
012c735
1f434bf
027eef7
002a793
1c39dc5
01db221
1f7a4a3
0337e48
0179919
1ddd432
027ea85
0119039
02dc4db
00e23ca
03f1e22
01fc454
1db2f94
1d5ca0d
00f1ac3
1f6d1b1
1c8f370
1c269fd
1df626c
00fe8c4
0095380
0134bc7
1e2b084
1c9b850
1c10ac3
1c78a12
1dba223
03061bf
1e26780
1c4628c
1e6ed50
03fa8a9
0238e7c
1f5de23
021edbf
00cd9b2
00df901
1db6959
00e9384
0335636
1f67392
1fef696
1c96f66
1f899d0
011fa17
1f02056
1d91d64
0374082
1e83908
1dac604
1d25c6a
0234ddd
1d803e5
1d99b3f
0330841
00bd8af
03585b7
1e7861f
0085d63
1f55200
1d02d48
1f88092
01ff973
1f53dea
1eff1a7
0048f48
0267a17
1e765b3
021fb1f
039a3b9
0223508
1e4c86e
01c6586
1d8c2f1
1cbab84
1e62ad9
1c7f207
03a7f2a
00c28d3
00b502b
02c463a
01ce6f2
1c4b06d
1ec0493
1cf8fc7
1e1cf29
024c938
1cb045b
1fdd9be
1ca02f6
1ca76aa
1c4821e
03d0e34
0395864
01af88d
1dd155c
1d2cff2
02ae335
1fc2368
00a3613
1df2a79
00b12d9
00ffb14
1d1fb81
1f8322a
01bb77e
031e76e
1cbfd87
0300748
1dd1f0f
0245f3f
1ebe024
01db80c
1f94b04
015ab3b
1c753bc
1f5a058
00cd26c
1cb48f4
1eff1b9
0398e94
1f51e3c
1e1d340
0005767
1f8676d
1ff25c2
003b338
1f3e2c3
1dffa78
1effc96
00d8f63
1ee7325
013cf3d
1e4d79a
005ef4f
1dd3542
0018c9f
1cbe8d9
00da000
1ff1be6
0093cea
1cf72bb
0043e05
038d5b7
0180d41
00cf0e3
1cf6863
1fbbba9
0063ab8
02c0176
1c4e590
1e00b97
1e17a44
1fd8f8d
0071c2a
1c1a6c0
0189f24
00ee6de
1f578ee
00f9849
007ba3e
0067755
1e84be2
022405b
0212aa9
03b6261
1c3c401
0152a4b
03867d0
025cf2b
004cf57
01b30c9
0111617
0384eed
1dc5de0
0293315
02c3590
02813fe
1f1393d
1c9cce7
1d3630d
03d587a
1fb28cd
1ec66d4
006dbe0
1fcffea
1da479f
1f815e2
036afa4
1cd5f37
0027b6a
1f7fef4
0178208
02577e3
1f7da41
01d32de
1cbbdba
0116bf5
0329c24
1ee3100
016e8ca
03ff26d
00a06a6
1f19bc0
0026670
1fd669d
1e6e87b
1f7e293
0318bed
036990e
1de0d3a
1e4e4cc
1f8f73a
1c756e6
1f03ccb
031474d
1f6dabf
0244694
03ea666
1fb7258
019d96f
00b9e76
1f74196
016c186
1de1575
1dfd575
1c38fde
1ec4082
003fab8
1f4a6f0
029f7a1
1c925d3
1e5c1f9
01ad539
1d9ad5a
1f0fdc0
1cd9b41
1f0988c
00403c9
0180753
00388fa
1d0790f
1cce807
03899f3
03f337f
03d674a
1d3e72d
1f11308
00446c0
1cbcc4e
1e2f09b
1d06bcf
1d87aa2
1cc7482
1f112f5
1ce0379
00a26c8
1feba97
03745ce
00e42de
1e9933c
00a30c4
1e25309
1d0915c
02ddfbc
0276be1
1fc9f07
018bab2
032d82b
1eb475e
1c1c09e
03c1962
1f5ae77
01ec911
0042d75
1f9aaf8
02f1486
015add3
1c918e1
1d2090d
02ce90e
008d90a
0209ae0
1e0f632
1fa3064
009c9e9
1ca5768
03828f8
1c29333
1ff1c10
026dc42
1ea7ed0
1f6a34b
1dc1f07
0353cdf
03f5b11
1f46fb4
1d920c8
1e9e0c4
00496f8
01d00b7
02752f8
1e34013
1c9ed2c
032d332
03c20a2
1fd228e
03f39f5
1ea5d5d
1f1b1d9
1e5cf17
1e8735d
01d8db1
0048651
1e5b36a
01d54ad
1fd8e2e
023e536
1ef90a2
00f2b8e
0190c6d
1dded23
02b0eea
1cef804
1f225fa
1d020e6
030dc34
0314736
1c92f92
1d8dc08
1c27123
023d1ce
1ca501e
1f71674
015917a
1fea7fa
1f4336d
03d3a2d
022bda0
1fdcf89
1df3f52
1d9e33d
1e02233
1eaa4ca
1d0e160
020afa3
030286f
1e6d878
03c42d6
1e2c864
008d13a
03a2f79
1dc4bca
00d477e
1f3fe63
00cfb10
00a84bb
1d9ecd7
033e5fd
01892b1
1f8565c
0354426
02c1844
1f34cf9
032b5a3
1e4eafa
0213cfd
1c1f546
1e48f78
1d08585
007e49d
1e1750b
03235e0
1f4687f
02cc5da
1f9fa04
002ce82
1f1bc51
1d7fb9f
1efd843
030bebc
01d0056
1d76086
01579c0
00e1523
0370cb7
0175fda
1d4d48e
038cf5a
1e25244
1e18f12
1efa361
038df36
1cae53d
02b2f71
1c305fe
0272733
02839b5
1f8314b
1c8ccf8
003c45a
03da0cd
01a6c12
1fc7b68
1f08d85
1d9384c
0126734
1ed3cb5
02fc7e0
1ce9dc9
01253f3
1e99860
01191d1
012578f
0388a20
1d42575
02741f9
1d8b9ae
0293100
1e640ba
1f546b7
0286845
0088f9b
01bb12a
1db40ee
1f6586f
03757e4
0342365
1dd56a5
1e45907
008f0dc
02b0844
1fa7e50
00c10c0
0242a75
0381b76
1fdd930
1ced4e2
1d7c050
1c28737
1e5a134
00930a1
029ae3c
0328ce0
0333288
03141e4
02048af
0303cfc
1c92364
1c7cb74
03ccc74
03f4cce
01883cd
1d50a65
1d135d1
01331ed
1ed6926
005ed62
1e320b9
02502ff
02ca09b
0334935
1f55f1f
00b17b2
1c75571
0176152
00eda46
02e3c40
1c923a5
039398d
0289297
0274e99
021c193
006802c
1e2d7c6
01b7f6e
1fbce77
1ca2ed3
1cde501
1c2fba9
1cba240
03131bd
1e13070
03a8c77
0291754
1e3717e
1f81648
1f0ab26
01defbf
1e8e5d5
1e8e34a
1e6aab5
1e4c48a
1fa0fb9
1ef675b
1d4373a
034b41f
1c33a67
1ef8e06
1e1dd0f
03e38eb
1fc2761
1e163c0
008bd72
1cb0bd1
0250b21
1ea2b18
1f8a5bd
0032a10
1f469db
1c79139
01bae21
1fd973a
1f502c0
017b08a
0394b6a
038065e
009f3db
1dca99a
002706e
1fc2315
03e9843
1f70e4f
03eab87
024cac6
1f93e83
009bb10
01b3c85
02a5ffd
0007524
1f3d6b9
1f376cb
1f54a85
0254857
01ed8d4
1d1a009
024b418
1f0cbfe
01f4e51
1e1c285
1e935be
02973fc
02792a4
0021260
008c757
00caeaa
1cf3c7e
1e79b78
032d4a9
1f933d3
01fc56e
0138c4f
03d2d13
02d6dc0
009bb6a
00b8e98
02727c3
03db447
1eff71e
009f0e6
01caf35
02edca0
0148858
01588cd
1d11a28
1eb1234
0248be2
1c3cd70
1f8f01a
02f134d
024dbb8
1c81059
0346fda
022aab5
01974e1
1e2b9a2
1c6a688
02ff76f
1eb79a2
1ef312b
00c251c
03bf103
001b1d5
0362950
0331859
1e9dce1
0358930
1e8ba59
1f0af50
03473db
0133721
1f3d10d
024b3a4
004414f
01f1a49
01fdd6d
02d281c
1d01306
1df8235
1df0603
03e4d42
1ffc7cb
1e1b1b8
1e07fb7
0358089
026ee40
0263dda
1f8dbc3
032d5e0
1ed6fdf
1dda583
0389e56
1e43d9b
1d94256
1e7ce49
0131fc1
1ff0aab
009c847
033f4c3
0167b24
1dc83b1
0041694
007f0e7
1d5e07d
03c7192
038cfec
1c98bdb
1cb363e
001bbb1
1e4a273
0307c54
1d3a184
1d06582
1f881c0
1c52a47
1e6471b
1fc3541
01433d3
1e834f7
03c785a
033a4f0
028bc88
0032e82
02fbb22
0070ef0
00ceb86
03caec5
027bbc2
02ffdfd
1f607a6
023e9a5
1d22cc8
1ff272b
1e58f85
1cb4b68
0285813
0282c6a
1d955db
030a5bb
03f35e1
1d32631
1f63a8a
03416b9
013bf84
0182062
1f06eab
1c9abca
1e547e5
0329b3b
02d301c
1c418d2
008c9fe
1eb903a
01fae8e
0328fbe
1c280ae
1d2c7c4
02a6ebf
1ffcc30
0083c4c
019e85d
00362ed
1f0faa3
1c3a0a2
1c6842c
02a6e80
1f92472
01facc8
002a93c
0089b4e
0369110
1c3018a
1f54030
003c6ed
002de81
1d14bab
1e01e20
1c40d6f
1dfa9f6
01b6cee
1e49ade
1e9534d
1c0c594
1ffb826
0374aee
0333f11
1cd05cf
1e52f49
00b93a3
0268fc8
1ceb55f
0119942
1f6b488
0308bd7
018349a
026a45d
0021c72
0340819
00c33c2
00d29e2
1dc5957
005fadb
1e17057
004205c
1eb5711
01354fa
1ca4f47
1cc949c
026025a
015e0e4
1ee5c19
1d3c454
03e168a
0034591
1c9f0ff
03e012b
00285c3
029b41c
1c2fc70
0184ad9
1e3dd83
1fd528b
03527a9
01cca42
03f0d4e
02985da
00883ee
0059bd3
1d59466
03cd079
00c2c1c
1eb98a3
01c5b4d
1c16caa
0154ba1
1ebc2c9
1c651fc
1ee5641
03b1f02
016ae1a
1f4a88e
1d9c1e5
0265190
03427a0
036982a
03a61d2
01a0c36
005a1e7
1c353ce
0382af3
1cb2ae8
0338fed
02bea55
02b2d7f
1e892e4
014902f
0127561
1e8380e
1dca945
0054714
00c8ba7
1c4f0e1
0306e8b
01279c0
0101c67
1d1fa65
038fb3b
1e5bb0a
1d61aa1
1e2f75c
1f84539
019e4b4
1d5e4f2
1c7a299
1f33523
1e7d225
00ab344
021ba1a
1ca69a7
01a0244
1e7a046
01f9c78
02affbb
1ff1422
03fadb0
0031090
03e6a50
0248b27
00e813c
1e54519
03eaa4d
0139884
1e7e891
0175a1c
1d5060a
1c1dbdb
037681f
003da63
1ff5bea
03f3c5e
0395c59
032583e
012dfdb
00c9de2
019e50d
1d22c65
014e467
1eab0fe
1fd17d2
00eb7fa
1db6c6f
01eb3d2
021bbf8
1ebc44e
02e030d
01b87f0
00a253c
1f97d10
1d9fa9f
1f157f7
1c59d3e
016d1d9
0064676
02a1a3b
1fd0758
03bdc15
00cedf2
1f0421a
1ffd4d3
1cca593
1dc3e92
1d5b82c
1fa3e7b
03e9372
0199ad2
1f290ac
00f3cb7
00c0c1c
1dd06c8
1e331d6
1e701ee
0296960
0210438
03fb684
003f82a
0254b76
0033fe3
0343521
03cbd4e
0071e1e
1ebe088
01b77df
1ca2601
0167c9f
01f9639
03adf2a
1c84569
01f22d6
1febfa7
0146efc
016cde5
1fc8cbc
03c5ed0
00c38c1
1ee9ce4
03e42b1
1d35106
03ed739
1e19753
1ca18b2
1c94639
00c6b8c
038d7a3
03458da
1f4655f
1c4399b
0310428
1df4f26
00b5455
1e68e7e
1cba451
039daf4
1d9cccc
1c1efca
0387eb7
00e17a9
02c3d88
03e9d51
00bb302
1f054cf
1ce96c2
1e421a4
03f5d93
1f3d784
1decbd5
025624f
00e868f
1f446a1
1e79674
03cbdc7
1d3d777
1f29813
024cb7b
1ccfbfb
005927f
027bcec
02ec524
1e6c079
1d7a2f5
03649d9
1d7da00
1d70abd
1f31692
0375277
019a194
1f44c2f
0149424
03b9f9a
013120f
1d21051
1c02ebc
035f4e5
0019353
02f0a7d
01e7268
02a1ffa
00e85f8
000661b
1cda8b8
02b47c1
1fb51ff
1d19917
009f842
026cd84
0385d4a
0363b30
03fd31b
1e05954
1dc6424
02c34fe
03ba116
00355a8
1e3afff
00fe5a3
0169ef7
1cceb3e
1f8d938
012b93d
0030809
1d153c9
00e61f7
01cd54b
1fbd0c8
1f9061f
029f09b
1c5062d
1d35384
02366f9
1c24951
1e6abde
00c3628
1d13b19
1d13b2d
1c651c5
1ea8f4d
1cd9059
02f85a7
1c2ad2c
1c22023
1e85c48
1f7b653
1e0dc17
03a2652
02569f6
0170772
012b6fd
03e3d9b
032beef
038a2d3
03cb1e9
0192f34
1ca8e38
014b6c2
1c80ef7
01e86a3
1dd35f4
0054817
03061b9
03d304a
1e8c4da
1efdf33
002faa8
1eb98ed
023cd09
03de760
1ea5b7a
000f5bb
02fa1f9
1ef4c76
039d8b5
03733fb
1f44400
1ca7caa
1d938d5
1f94be5
0218f66
1c721a0
02a4a28
034f5ee
1d9fc47
003130b
0246a3b
1d66a00
1d64959
1e22283
1f0abf8
1d5abc1
1f046e8
0084ed3
1e98eab
0332d01
1fa6e35
1dcb1f5
01e4c31
1e759fc
1e35129
1c7d1ae
01ebd84
0036433
1f8c1e4
1ed77bf
0353447
023233e
1c3d595
02a5821
00774c3
1cec3c3
00dfaf5
00f050b
1ff9119
1fcb79b
002e24c
1f00178
1c05749
1c1d497
013a277
1e7282c
1eea737
1dfab4e
1eea5de
005f129
1e55e54
1caf1ea
1e085dc
1f1d512
008224a
1f455ad
02c1c9d
1d20c31
015f326
1f84a5a
039b1cb
016e56f
006f8dc
1e0500a
013d212
0049cef
1f0a133
01e0b57
00c9350
1fb1fb1
033850c
0105c4b
03c456a
00049e5
1d64b51
1e358a9
02c28f7
1e0a5cd
003d61f
1d8f57d
1db0ea9
03672f4
1edf471
0105aac
0100790
1c49d45
1e90a5d
1df81d6
0294fe6
1e18d26
02fb159
010f3ac
01088cf
1d516e4
1e39582
1ef9e39
038c83d
1d90606
1d28cf8
1f30671
03f6492
1f7fa84
00120fe
0082c84
0160b5f
1f535a3
1ea0bc0
1f721eb
1f2e3bf
1f65127
1d3afdd
03b0edf
003813f
009a6de
005ab32
00b8367
00594d6
1f58f9a
03b7c32
00d132f
1fa51bb
03c81af
03345f4
02c6869
1dbbf43
00a170f
1e31b2d
01ae076
1d80765
00f0982
1d67a91
1f75fdb
03ffb33
1e1af02
1ef4d7f
1c2240a
03711b0
1f921d9
1c35ede
1e96259
1ed350a
007c825
1c5187a
033ea52
1ef867e
028a8ae
0052e5f
1f258d1
0110349
1cab8ac
1f00a99
013de1a
02a95c4
1fa4fe1
017b411
023a23e
031f6c1
00bb3cd
006579c
1d9988e
02713ce
1c229ee
1ee5037
1fb497f
0071f44
1f5487d
1dd89a0
03c6ea1
00246b3
0002cf8
1f79775
1dbecc9
1cd380c
0088e46
1f03d76
02b6e71
0085934
1c20700
1e53442
039a185
1c3dd4c
03d533a
1e406de
1c9869d
03c1815
02b36f2
1f94fce
01d967f
00768d7
0319bd8
01faeae
1cb35c2
1c6c4fe
024e92c
1e2ac5c
1dd713a
1df5b86
1cb5b90
02f9a84
017362b
03cc291
1d4471e
1fe1195
1e675a8
1c44f84
1d9c92f
1d157d5
0326093
01859f9
1ff2cdc
010b87e
0030bf0
03f4232
001bc78
004ffb4
02587d8
03668b5
1c47963
1d2fbb8
0227763
01b1576
1ea86ab
02380b8
1d4fd35
0018cf6
1dad3a8
1d5915c
011e149
038cf0a
1d1c7a9
021da73
00a6968
038b5a2
1f1cc0e
1e5d139
0033b1f
008bcfa
1d1048f
0012bb2
1ff7d20
1c682dd
0202937
01a84bd
1f790d9
01dd7af
1cdee37
1f2d211
1de889f
03ea980
1e3cc63
0364592
1cdf52e
0210699
0169880
0005f68
02cba4e
038847f
1fb3500
1f6f92a
1c0153b
00ce1c2
1d039a0
1f7fa1e
1f79b08
0045f9b
1d7b3d2
0026d47
1c45827
0015c79
01e1811
1c1d674
1c663a1
1dcacf2
1cbdc08
01c2bb6
00f6eba
1def28e
1cd0f79
1e60588
02edd2d
014d29d
1c49a1f
0254bb5
1c8884a
0295e38
00e2401
1dd914c
1cf6992
1c73a15
009de69
1d054f0
02aa9f2
1f4cdc5
1f90a84
02c6fac
1f229c1
1c470d6
1ed9ea5
1d5ab37
1c57d03
1ec295f
1d7f5cd
1e9aef9
1fba7c1
1d58c8a
1e673a2
1f2f597
1fb8587
1de27f1
1d09d77
1d4783c
1f0eeb9
1c94521
014c169
00de630
1d328dd
0213c89
1cda193
1ee284b
013d78d
1d5294c
1f6e616
0285079
1d212c2
1f4c932
03c7b3c
00741e8
1cd8d59
1c3ffcb
01f9b4f
036a033
1d8b4a4
1f65ada
0305627
1d54309
03cfef5
1dd9293
1c4220b
009d123
1fbca8b
0069e85
01a9202
1c21690
0021a55
1fa6a03
0382f98
03b3703
03154b0
02a127d
01c6a67
1e6f7ca
1f95081
1c76b1b
036a95c
1e2f805
02f7204
000ee1b
1e195cd
01ce066
1ca896b
1c6da0c
028c620
0100c5f
00455f4
0306d3f
003d829
0155b3d
0030e47
1cf34be
008f112
03695ed
0255ae3
01f1966
1faa708
0092ba1
1c7845e
00596c8
013dfb5
1cdae07
01066a1
0262dd7
021ddb7
1ea9de6
1ec561f
1ccdf97
1ca5155
1f804c6
1ea7d94
1cab517
034b9a0
024f6e3
0192b89
1e65972
0032926
0043d2d
1c22d36
038a151
015594b
1fe43f2
1e5ec17
1fcc279
0069c8b
039a322
0030158
01f7837
0060b95
1f74b21
1e87066
0315a2e
1f17094
1e5f4b1
0008c12
0324b6d
1fefa67
1fa491a
01ee1f5
007a4ab
01ea57a
018ffb7
1dead98
0258117
1c535d5
1daab88
1e1f441
1cb0d47
1e81fd4
1d7b8b6
00068e7
00073b2
1fc1a8f
015f58a
1d30a95
1c3c2d4
1dab9bc
1fd2889
1c6da3c
028b88b
00bb752
1df6b10
0110b0f
1c4ee1c
00faf32
005cef6
03bb399
02e0b6a
1c5b70d
02bfa9a
02145a4
0312974
0095440
1d1d893
1cc4694
01e3b0a
038cc6a
00e52fd
00c9d91
003cd26
00550a3
01ceedf
1e86b98
00bb39e
1f92ca1
1ec4f7e
0180b93
1e39a53
002930f
1c75bea
1cf3178
1eff3fd
1efd56e
00fa9bf
1d57a1a
01a4683
1df02de
03bbde7
1e05bdb
032c3a9
1e1f7c4
003c9c8
01eb1d6
03c2557
03f88fa
003bf5d
00575d0
0360df4
1deddd9
1cba597
1daeca0
02e6b77
0266110
1f6d89c
0050763
1c8eab1
1db139e
1c8d4d3
0006dca
1cd8bc5
1da5706
003beba
1d17d81
1c0b3b0
1e5c15a
1f4abad
1ea40a6
00b908d
1f17ad1
1d2d2f6
1da765a
1c961ac
1f948e5
1ecc542
0336b4f
0335d8e
03b167a
03e0691
1e69db9
032cbfe
01a7520
00d6fbc
1cdd75d
1eff95f
1d39de6
1f276a1
1cdcec2
1f81328
01dc109
1e30704
1ff4e28
1ea16c4
1ceac28
001987e
03593c0
1e90faa
0289e44
1e730bf
1d009de
1ec0ca9
02c77b3
1f30e08
1ca572a
1f4eb75
1c62911
024568e
01f96fa
01d7d66
1cf2ae9
1ec1a64
037b07d
1fc3238
1efc584
1cd2f61
010fd4f
1c87500
1ec50d2
0388055
1fa6182
1f4892f
00933e3
1fb9267
1c939fb
00e56a9
027ff5e
0196618
1ffcf4e
0055fa9
02a6393
03a8a4a
02f9911
01c5a61
034b040
1d85b96
00ba169
1c474c5
1ea3969
01dfb68
1fd7759
0275c80
038ae72
1c74887
1d14567
1de10b7
1f4eedb
1d528c7
01f74d2
1fb781f
006fe62
1c36313
02c343b
1ca02d6
1d7dc41
00a8cff
1e98ea1
00f2a75
005aa0f
1fd7ace
0213bbb
015bbff
1efc9bf
1cca3a2
035998c
1f7c1ed
1d869ce
00ed3f4
1e4a72d
023502b
024c237
02a7195
03ea378
0223de4
1ce4e54
1e0125f
1f92f5b
0340f4f
008eb5f
1d13070
02d4a36
008dba9
1edc9f9
036e7ae
03bdeb4
1fc2b5e
1c57bc1
000c7b5
1f42efd
1f264b6
0035eed
1e6b71b
00cd3b3
02568f3
1c763ed
1e741f8
1ec52b2
009ae6b
1f893ca
1c7c7e6
03a878b
02fc10f
03f7a24
0234ab8
03b771d
1d2decc
1c94f6f
008731e
009786c
1ce9e17
1c364fb
017f829
019b0c1
1f00116
01c7559
03278e4
0151c25
02b86ce
1fef2e8
0328508
1f34afd
1f735e0
1cf843c
031af34
0247afe
014ee3a
020389c
007abf6
00cb0cc
024d7a3
0152576
0233371
02f4d97
1d2e06e
1d80d26
0138cbe
1f408a6
0236d98
019f2d1
033975d
03e6add
00b4976
1c1de7b
1ce3b04
00c8db4
1fb17f9
02f4115
00dd03b
1ed996e
02259a7
1de99d9
1cfcbe9
1f6a50b
1e1a821
0317ff6
1fd219a
1fda7e5
015e38c
1d0bb87
1c5942c
1e6c885
1d76c73
1c45f5e
0291f0c
1d57276
01b86d4
1d48932
1ca783c
039ae25
1c72ef0
034b341
1fd632b
00281f3
03b4170
03a79a8
1e13af8
1dd9c00
01d35de
1f99fe3
1ccf079
1f2770d
1d12444
03516e9
1fe9f04
1c12f5b
1e5b651
00b30a4
1d333b9
03b68ee
1c4410c
1cfeeb7
0321192
01384a1
1f61399
0062add
1f0f223
1f4d9eb
03a6f76
1d734bb
03f96d3
0040d21
004804c
00c090b
1cc76f3
00f649b
02c82a4
0050180
1c746ef
03d6bae
00a77fc
03b3e4c
1f03dd2
1e3301e
00c0926
002dc5f
0355275
1c1cd6e
1c1f90f
03d4ba9
031bb30
1d49dfd
1d9e791
02cebc6
1db6dd7
039ec58
1fef393
03bd5a7
030d72f
020ad6a
1f8dc8c
03a1c8e
1e70f5f
1e6586b
03ad86d
1d875df
0265713
1e0d4c7
1d13b09
02b4baf
01f5380
02648e1
0247e28
1c5b941
0178904
1ddd36b
1d317eb
1cf6ad7
1cb57a3
1fd9e9f
01cdcc8
1e40277
020c0a9
0174c4c
1c6cf47
0317bb8
00b0ce5
1d653cc
0320621
022a2b9
009728f
1dc765f
03fc728
1cc71fe
1e38f4f
1ee8025
02b31c9
02f3591
01a7be4
1d7af4a
00774ef
02592dd
1cd1c96
022196d
1d6ebae
1d98924
1d3e225
039a38c
1c8d4ea
1d8c7a9
029d5fa
0019772
1c0b5de
0235cd6
1da1af3
1e575b6
1f3fa92
1d81a91
01812f3
1cd4b47
011fded
1ca6f77
016a9f4
1e30bc3
1f6c811
01db231
1e6c09a
1d39e69
1f8bb80
1e81230
03aac00
02e92d1
03eebac
03e87a3
033d1b9
1ef673d
1fd4cda
02535c3
1c5ed98
03aee5c
1d732ae
1f0a0b6
1e20403
0221a53
024ac47
0219ab8
00be51c
1f96cfe
02882f1
0118dda
1c5edfc
1f612a9
1d5c738
00188a9
1d4c38b
00fed1e
1cde7bb
1c2c18f
1c1c94b
03ba084
1c3c085
1e3fff4
1c59298
0303798
000f4f7
036637f
0102c46
02b5ec8
002c0fe
1c25e72
1c66b10
010f71e
1dfc91a
019907b
01e2a0d
1e7c03d
03f82b6
1df65c9
1df42fb
020ca24
006c26c
03e5e8e
03692d8
1f1098f
1eef0c4
1d9d46a
1f806eb
004421f
1f93c4e
003536a
01b9cc3
1fe0bf6
00a19be
1d7c12f
1fc79f9
1e9c597
1db307c
0274f51
0366af4
01368f4
009318f
0000b78
1d2bd17
1f22e53
00e6a24
1debce3
1f1f568
1e4fa4c
1ec66b8
1d29314
1ce6a38
1d64961
03819c8
00641df
1cdb4af
010b936
1f2bce1
1d92aa2
1e1b17c
1ebeb7f
037f296
039e8a1
03bb26a
1ea430f
1d0067f
03d7a0c
016140a
00501fb
1c2d065
1f13d34
01a6a46
020775e
1ef1ed3
03a1a56
02d8069
1f9a3df
1db5b63
03c58dc
1d84702
0260f84
1f27215
00a8c68
1f362c4
0377c33
01ae148
1d372cc
1d18859
0080ff3
1d3a055
0379f5d
03fdf6b
02a0c05
027a4f1
01911ef
1df10ad
00c0258
1c8bc00
1e2f825
1fa8ccc
000b6a7
1ce4a61
03b2dd6
1d898b5
0328145
1fa221c
1dde987
1d698f2
1e67334
0315836
014a9e3
1c69240
1fc52fe
1dc6d71
1cf7a1d
02ec1b3
0141c36
1ec8e8f
01c526a
019846a
003ca71
03b47e7
1d129a0
1e8b8ee
1e90a3e
1d9abfa
032753b
0019090
03da85a
1cb832b
1fa0680
1e5452f
1c92f79
1cbab81
0310ff6
1c989fb
035b56c
02ad61f
1f8f7cb
016c75e
1f3f853
01c2700
00c5afd
1dec8a1
00fad8f
018d0e0
01f2702
028038c
02e83ee
00c828a
1f936ab
1fb5b31
1ce39e1
01fde58
1fbca1e
1da50e4
1eaf2b9
1e55507
02b7d19
1c9e605
1e6c105
0094442
00a109b
005752b
1cb2e58
1c73e79
1d8e852
1d28abd
1d3d163
1e959d2
023e6c1
1e000bc
00c1599
01154db
013fd8f
01ef704
010e7e8
03c8636
1f82847
00ba14f
011718d
1f90053
0046803
1e5e792
1ed4d97
02ede4a
1edd1d7
1d26f2b
1c42380
0266c3c
1eb61a4
1e17202
1edaf34
006ccda
024d6a0
1d07e3e
02d4e24
0000a93
015b719
1da5cc1
1d387a9
00692f4
1f064da
02bc30f
1e42f04
029002f
1f037f5
1c0faa5
030233a
0303b8f
1ffd61f
1d15704
1cb510b
1cd5ea0
0379414
1e09e00
1e3eab1
1d756d2
1e3c491
011b390
01b6b5d
0139d03
1e23195
1c8c35d
0101b21
02c9c7b
1c80b8c
1ffb521
1fcaaa8
1ed1de5
026d44f
0207aaa
00767b5
01dd079
00c6934
028fa18
01ed443
1c47dbc
0043375
01219f7
1e38671
01f30a8
1e96e6f
010e279
03b65ca
1c2cf78
1f806b1
026be06
1d8c07d
1c50ee4
0244a1d
03a064d
011672b
1ffdca6
1f5fb69
0002423
1de9874
1cbc4e1
1d824a6
0078cfa
02e7c6f
1c4bc3b
01be6c9
01f9c6c
1de28ab
030aafa
01ec91e
1defa90
014a70f
02ce416
1eef9bc
1cfdd85
029b194
0204b3e
1cdb0d0
0342719
01d1cf5
1f50d5f
1e9b6b6
1e5f0d2
1cf5f26
1c06876
025bc53
1c677d3
0159a2b
1fad2b5
024bbb2
1e2b1b7
0367128
0190fa5
025c863
02da320
1f69d66
1f39419
1fadd6a
1c92045
009044f
1f2b849
1c28c62
1e8b281
0013364
028c293
012dd3d
0150202
1cbb41f
1d43a7a
01d7324
0224a3c
0097210
0361810
1fdbfa6
1d4e86f
00e8c5c
01ec18a
1c045c1
1e386b6
1fc5436
1fd30a7
005c498
1d7025f
1e4b79c
1de0454
1f55019
039e315
1e1c4bf
0258f00
00777e0
1f2a237
1e2abe8
013b95b
032a9b7
004f72c
1d31af4
0074da9
1d5721d
1f038e3
03cf4d9
1de5afe
1dc08f5
03edddf
1ed4e05
1f5ee01
031ccac
1f2e6fd
1eacb0f
02165ac
02c729e
037dcec
033622f
1fe28c0
1e12913
01a771e
028e9dc
1d81407
1f2df55
000db7d
1c3008c
1cd239e
1eb18fc
0283550
00fdbf9
02d2c55
035b6f7
03cfbfc
1f89d9b
0039842
010a968
1f5d751
0225b51
02be146
019d71b
1d1970b
01eb318
1e06deb
1f8461b
1ccee19
1feac0b
0063024
0247d5f
1d4652b
1ede37c
1e9403a
1c6e058
00eafc8
1cfd049
028792e
02b515d
1ef4afe
1d3b7a1
1cd04e5
1ff0854
1db4600
1e5f70d
0178ff3
1c801f8
1fc5c2b
021ddfa
0183522
00bff06
1de2b85
1cfb0b1
1c9edd6
00e30ef
004db2b
024b31a
1ea29e7
0253dfa
1e70fd2
1df19c7
1d6bd19
01f0669
01c0baa
0139826
0239197
03e798a
0218391
1fb3dc4
1d3a405
02e79bc
0391ebb
02a0d7f
025b062
030f9b5
019e07f
1d1eeb3
02f1336
009bf11
0372b86
00588f1
0060e87
02003e8
02c78c3
1e542e5
03dedc5
026bb85
0153d62
1db0c7e
03e951b
018805c
1c9f9e1
1fde727
02109a6
1dbd9b3
0345806
1d9127e
0267326
009c73a
00ece42
1cb6f91
0274b18
02eb2b7
0096fab
1ffe0da
03244d3
00e4d3b
016f1c4
1e65185
00c3c13
1d38efd
031b011
1e85aa5
00b0cbe
0251c5d
031cfac
1f60ac1
011201e
1ddbd26
1d52f14
1d63c44
1f90b00
1f67fc8
1fcd7d8
1f47351
1e59fc0
1dcef25
1f1e997
1d81cea
1d1d36a
02d1fbd
01227ff
026ae65
1df2848
024ded4
1dafd04
1df39cb
1d0975e
0124661
01d0130
03d75f6
1f3a445
0391b8b
1d2d762
1edc2a9
0059cde
02db8f3
1ed7bb0
1dc401d
1e1791a
0002c97
1f3ae5f
1fe901f
0096659
1fb72f4
1e7bea3
0310859
1d26b61
002cda4
1c668b6
1e68dcc
00a6fa6
00159cf
1f9abee
004e3c4
02af513
03159a5
1ea4713
1e707d8
1eb5ae7
1d40ba6
1f11b94
1f6031f
01915de
1dd5c09
1cad80f
016c191
02c0b68
023faf1
02de4c7
0162dbc
00565bd
00e07b1
1c2f76a
1e830da
1d7be5c
02711af
02c5a05
1c05885
038ffae
02cd820
1cb3d2b
004300b
01acacd
016740b
006feb0
03e4b98
1e8b47c
1cb3440
0032ed9
01e1b47
03111e3
02e9872
1c74c9b
001df37
0341c9c
1db1ff3
1ed12ee
026eb14
1e65be5
1c9a655
02539de
1e6e7b8
1fd550b
02cd704
02bd4a2
1cd429c
1ea43f3
032be7f
00938d6
1f32b0c
01d0926
0233709
1edd8be
032ef75
0034f12
0031a11
00bd100
1d35d74
1e4532c
1c01542
028a83a
029491d
1c64bea
035fc42
0093945
1e60e81
03c9eca
0097ac8
03e6020
0394d3e
01fff97
1e61f2a
01f986d
1eb1e76
1dd3c0f
1d5c526
1eacdef
1f8bb2b
1dc4d0d
00934bf
1d47371
01e5727
0368165
035a1f2
03183d9
03874a7
02a1f91
1e57b12
1c4d0e3
1f465c2
0260e00
1e26934
1dafe1d
1de5a86
1d2dde4
038d3c5
1f3b0db
1e0eff0
1d9a8c1
01a2697
004d48a
038c68d
1cdb027
1d6fcd4
1f22c03
1ef12e4
008c671
018e988
01303dd
1f2b0bb
032e848
1c5783b
02087eb
1f85aa4
002373a
00da7d9
1c523d4
1d1cd5f
00ae15a
1cf6193
1c77f19
02417a2
1c720ba
1eef965
01392b9
0322dba
1ef7f94
00144b7
0355a80
1d9cfba
1f76a02
02cce40
028a56a
0145171
1fe3891
1fa5d26
1ccf1af
1e8377a
1f45ba1
1f285c6
1f13487
029c0a4
1fd2387
1f3e3d6
0070c80
1fd4995
1c084ae
0110537
1c1eab7
1dedaab
1d21a4a
1fa5ade
00fc5f0
03672ab
1e4fa99
007f96d
0111445
001ed03
1f95dcc
1dcd938
1e87237
1e21e81
1d649c6
00cb191
1fb3971
00a6c8e
1f87978
02b43cd
1ebcd2e
0328cb4
01fae4a
1c7c65e
1d6f56c
00153c8
0334931
02e2552
1d2bb5f
1c55d2a
0017e41
031af5b
016f431
1d9089d
1d88595
016f0dc
019ddad
0349f4f
033da9e
013a2fb
0343646
0375b9d
00f549a
0308449
1eb4876
1f2c3f7
1d67cc9
1d5eb28
008a16d
037d2f9
0264619
1e77aca
1ce4dfd
1e1d0c6
1c23827
037880e
0092113
1cc5e10
1cdeb90
03bda54
026003c
1c5c24a
1cdcaf9
1e19a69
02d43e0
1df600e
1da7860
0188c98
1c4abbc
036b72b
0065cd8
1e94077
036fb49
0325cfe
035cb33
03c1781
1dc95c6
028f9fb
1e791b8
1f67927
02fa383
1e56546
1f08dc8
01d8d23
1d960b0
00e0bbd
0181e21
1dc26c8
1c4cfd5
02f70ef
1e956f4
1d78b3a
02eeb63
01e3495
1d05640
008fe30
03684d7
1ec23d9
00c66a6
01ad165
1cceca7
009ed62
1e4ff2d
0358ea7
1e1886c
008fab8
1c4cc11
019b230
1d977c7
02a2e1b
028fab2
01a335d
1fabf50
00dae45
02eb20f
1ca8774
03ef2f4
1d4b401
1e94110
0366a7e
0152ba9
1fac416
02fed6e
1f330f1
1f266b9
022d5dd
1f28a9a
1dc4609
1ed2b5e
006f617
0014195
0094ae7
025b08e
1c52a47
0108cd8
03cdf6a
1d05451
1c019a2
1d3c1b6
1e63524
1ff1e7f
0088b48
1f9f146
1e4ccc0
03e7f07
1db60d8
1cdd6ee
00c8839
0108f3b
01cb282
017c7d3
02430c7
022eb7b
038e63e
03bb402
1eca7bd
00a6991
01b8277
019ad69
1d136b3
01f53a1
1ed5e79
03bfe4d
1f50463
1d6ca46
00e7201
1c6cbf2
009c549
1fba1a5
1e2d700
1c64bb0
1ea9155
0061a55
1e45a32
00f59e4
1ca4b97
1f73e20
0375171
03bf5d8
1dddab3
02a743a
1d98892
01bfbc0
0116e85
1ca77ee
038b473
1c96dbe
1e0a371
1d7c3e9
1f29886
1ffcf1f
1d496f7
01a61e6
1fd1cab
0395a4f
1c65595
1f6210a
017a51b
1cd0008
01bf701
1d3730c
1f2166b
00a3a0a
0003d6b
02a1011
1e3380c
035d111
1c1f97d
1db95dc
1df51d5
0072eb8
1dcaeae
1caccd6
03e1b39
03e4cf7
017402c
1d5cfc6
1fdfd47
02fe037
1f768e2
0080233
033c90e
1c6db7f
1f2e09f
031294b
1f01a0d
0134e5c
1d08ee9
00925f9
1e49fad
1ed3a0b
02342d0
0354fa3
02f92cb
023d553
02d8d37
02af992
031d1cc
1fe6485
03f33ab
03a7861
00ae785
1db1ab8
1d557d5
1e9ab15
1ef009d
1efbaa1
1e97463
1f44c59
1ec83c5
023d6c5
1e6e8ba
1ed4b44
1ccf595
0355415
0137723
02ae5db
000e7ac
038e8ed
0135a6b
1e3e77d
1cdf53f
021ecf1
02609f9
1c27f13
00462dc
1f70526
1c67d6f
0136c03
1cd4234
1ef0807
02df898
1e2a8ef
1c8fe1a
0177bac
1f56abf
1fd7a98
1e289e8
03d492f
1cf15c1
003e32c
1eb2108
1c59573
009c217
03d61cc
1e70dcd
0088c7d
0290f61
1c01a93
1e588e6
1ea834e
1c9aa27
035f71e
1e910f0
1cf069d
1d457d1
1deb25f
00a5334
0325ac0
03b8452
1f6119d
1fdc842
1cb254e
03949d7
03afaff
1d1d2a2
1caac35
1d0db28
1d02d38
0331e61
1eab162
0223bc8
0135335
1fbefa7
02379e5
1ef2143
1c0b321
1d4a68c
0354857
0308705
1da9ab7
1f04ef8
1e0676d
1d956f2
1d53e53
1cec3a8
1cadbce
1cd42b0
1ca103c
1f697c8
1f34d05
01b967f
0115235
1c0caea
1e57425
1c238c6
1c60ed2
1da4d66
1f749da
1c646ab
1ddbd3d
037b593
00c52e6
1c9e08a
0267cff
01cb7fe
0058caf
1d40fb3
01978dc
1d50163
1c92192
1f52cea
00fad1e
019dbca
1e11b85
00d8a0e
1e532b6
02d6f5d
013253f
1ec7268
1e8fb34
0037be3
0163f01
027e3c1
0120e8f
1e0723d
1e97b81
1d19043
1f5586e
0313cb3
016dc26
1fea0c3
006964a
004608c
0152035
03d1c22
1e501f7
0049d13
00e5059
03bc960
01f59fc
1c89bd1
0027827
030458b
1cec3ab
1da1c7b
1c0e3e6
1f73887
1c9466f
1dcd010
1e97aca
00ee882
1e866bd
1da9757
028459d
02f2e01
02394fd
02c755c
1efe247
1f83007
1cb022c
1cb13ca
1fb0466
0341fa8
1ced1c6
0159b5a
1e61962
1f8f0a2
0069d76
00c457b
0243bfc
0108309
1ef3039
1d71a79
002a94c
00385c3
0259b84
1f6c382
1f09ef5
1dca17f
1c8d489
1e9e91e
008af86
0109e8b
1e9273d
018a7da
00b9707
1f7ca17
0352744
022e7e4
011e8c7
02e82cd
01c3275
1d1ccd6
03c6831
1ff01b9
1e4f06c
013fa2a
1fde440
1d8720a
00280b0
02076cd
1d4f11f
0058f28
1e4a01c
1fe77b7
1f93b02
1dff3dc
1fab1e4
000a160
1d47de2
1e1bc02
1cdcc76
1ca506a
01bc138
1d4c027
017b3c9
1c1ea35
1d8bc13
02134aa
1e1ae43
02985c3
009e3c4
1c929d8
1c43d6a
0239a51
1e89c91
029037c
1cdd2ee
03c04d5
1e9bc06
1dd461d
1eab614
1ec991e
1e4f048
1cf4032
1f3d73b
010b204
0392aaa
1cb31ab
1f36b91
1d77834
017485f
0116ebb
0262438
1ee8597
023872f
1f54454
1fa5cb3
0265bbc
028eed1
1f686e8
028cc7c
012ebde
009f688
00cc9f0
1e919e0
1e67358
1cc2c46
1ce487d
004df2a
1fbd425
1f0912f
0237532
01656c4
018f0c9
03231da
1fba836
0374565
1fa7595
1e96e05
1df6c1f
01ae4cd
030e3e5
012f254
1e3f368
022b41f
1f8c7a1
0077552
1e3bbce
007364d
02e0049
1dd2e92
1f163f6
02198de
02772b4
024707d
1da3ca5
00b63b2
1e5411d
1e72759
01b73ce
00427bf
00e034f
022bed5
1ce45ef
1d36313
1f66a09
1d24452
1d8800c
012f509
020060f
1c8211e
02766ee
027eaf9
1c73a52
02c534a
0348118
1f5368e
01c8ca6
1f1f839
01112c0
1ce5a53
1c152f0
038cf6b
1c0faed
1e85c9e
1e65f5c
037f53a
02ac859
1f0dcba
1fa2817
1f1423e
1d39f9f
1f10cdb
005f613
1ca49d6
1f6dbca
1dd6950
1da9e5a
1cc5cdf
1c8db2f
00a8707
1e7a0fd
00685fe
01f55c0
1c5047e
03b13e5
01800e9
1cdc2e9
1d5590e
1caa707
03177b7
1fb231c
0397e73
1c0cdd8
1ef4ecc
016ded2
03d0c29
1dad74e
1e37d75
1cff822
1e170a9
00c154c
1ca01ed
1d0bb0b
0256b7b
1f13c82
010f3cf
1de12ba
1d1dd43
03fb380
01cc729
1e0d438
1d2eee1
1d6f368
0299299
00d0180
1f199ed
1c5d0f0
1cf0230
00ba8bc
1edad27
02417d0
1e98f7c
1de0cd6
030ba3d
1f79289
00ca5f6
01781da
02a05c6
1fb285e
1eddc80
1c46abf
1f5bac5
1e7e492
1e4e5e1
004ebee
1ef1f28
1dd7a67
0071013
0322ba1
0116202
1e29a92
011de27
1ddcd2e
1fd4493
1d77621
02ef397
1df9fba
1ca9ef9
1e45387
1fb4956
1fb4ff1
017b73e
0101f73
00a0c25
00e3ef5
1f8ab9f
038333c
0102da6
02c48a1
1d86d5f
03ad5ca
02bf1ca
1c2cb92
038267f
00c23f0
1ca3ca9
03b34d8
03786a6
0378d82
03a24d6
002c998
000190e
1e848a1
01d3861
1c24eee
1caf763
1f48511
003a9d6
020799b
02b6749
03f94ca
1c62a4b
1d2a3e1
01b6391
1fc1d0b
1f3c096
1f9103b
025cbd1
1fb1429
1db0631
028475d
1fcb426
1ffcade
1e40572
006a04e
02c6966
1c043ec
1d3d1a0
1e49d95
1ff827d
031d5d3
02f08aa
033962b
1e56d92
01a2f0d
0246e8c
1f178db
0257585
009477b
02bd477
1e25e13
026e157
027ca26
1f0daff
02abbdc
1e681b6
0142954
1fe1387
1c4a333
1ce5a45
0102b4c
1dc7ed8
01ca98f
02c9326
1c394b9
1c77ccc
1f188ef
000d763
03f4b76
1cdae39
1c39ad1
1e90b0a
1fab4b0
1e8f3b9
1f51814
1f84149
03cdaa4
1e4c970
0051289
1da1540
1fc4c0d
1fcf062
1e08ad6
1c9f4e2
1e4a485
018a47c
00dd54d
01bf02d
1cfd127
02ab22b
1e8a4ea
1d9dc45
02fe202
017011d
1c4969e
1cc0e83
03cff48
01c182a
1fdd99a
1d0f763
1ea2495
009e3db
036fea6
1f30642
1e4473f
1e7e592
1ecd876
00e2c8e
00aff1f
1d38f77
01d79e1
1ce6afa
0116d5f
1e8b8e4
1f39e6d
1ed25ba
1ca6101
1fe8c84
1d91718
1d42a9c
01b1e7d
1e63e4a
02410cb
1d2cc75
1c4fff3
1cddb25
0194827
03b32c7
02952c0
02d30ed
1f7741b
01ede7b
033954b
1c35534
00444cf
1e489c0
1c99790
1c6d00e
1c336db
1f13353
1dabf43
1dcae9f
1e898f6
006f150
0016afe
1d7276b
02dde51
1f527ef
02fc00e
0248154
1d033cb
0289e6b
1f0ff38
1e1626a
1fb78d3
00fcab0
1e8ab2f
1e71127
02425cb
1f99ae3
0114882
1cad4bc
1c6603f
022fc3b
013b791
00c22a1
01b6614
0191117
016e87f
1ffa212
1d3597b
03b2d83
1c19b27
005e9f8
00ec7b1
1c0dac4
02f2a23
0350e03
03b0376
1cd0977
1da7b21
00b3095
1ee0149
01e0cbc
1cdd3cd
1de5285
0374a50
00addff
00afa6b
1d3463b
1e36300
1f83073
0275b5a
03d3380
1d2699a
0030a10
1de2108
1f70705
01c9703
1d4810c
1f24824
1dd0fec
1d74500
1feb667
1f17fe2
1fa305c
1e4202b
02c27b9
1cb017d
1e57eda
1ea9370
017691a
033fa96
0094617
1cea94e
03ef43a
1e3015c
00a3ce0
03f7f37
0008869
1cb6942
01ca531
1e5492f
1cb32ab
1f8f468
032ab0d
1c52f58
030623f
02e33cb
0339138
1d34646
1d03480
028fe95
02df164
00a8650
03361cc
009d93f
022e6d7
016fd30
1e9f8ea
1ec2322
0017a96
1da87e4
1fe959f
0241ae3
0269793
1f2a254
1c69994
01caf95
02f743f
005f4a8
1d3ebf1
03aca14
0290154
00af78a
01be6e3
03c32df
032bcb6
010b9b4
00bdc9d
00dfc53
1c32a9d
0191d13
1f758a5
1d94d5d
1c1a0f6
0148d7b
1e828df
00949ed
00ae54a
01596df
1e7bca4
03d7e65
1e212d2
0301210
1e5021a
0360232
1f4d3a9
02bda8a
1dee49f
1cde1a4
015a45b
1c7114e
1eba0ef
00aaa54
1f4ddd2
013ddbb
00ffce6
01b4c45
1d0c300
03847b2
1d342ee
1ee0e34
1fdb8bf
1cf271b
0204054
1f9e532
0037858
1e13467
1cf0616
1c14497
03d742b
1c53a3f
03eae41
008d004
1cd65d8
012dcf2
0217d9a
00fa99c
1d43b57
1f6c6c9
1e9f318
0145c6c
0035c8a
02e5c4a
011c794
0088a45
0002a82
01d5671
1f1b1cf
017ded5
02abcdf
1e0d8ae
1d540ec
0025e02
02e5cd0
01d3a2f
0205fcd
1f006f0
018d78c
1d27885
001d6bf
1f9ec7f
0297ffb
0091632
1ddae00
022b007
0092ebe
1cb6133
02d463e
0321162
0187508
02fdcce
1f8f7aa
00b9a30
1c08400
1f9d0b8
03ce98c
1f4aaf2
0334068
1f538f9
1fed684
1e98bc7
0162bff
1cc66be
0331818
1e602cc
0395bc4
00c99a0
020f1d4
0285137
1d2af8b
1f7c28f
1f2db16
001f65c
1ef4184
1cba90f
0386c51
00876dc
01c8d7f
00a51b4
1feddb5
02d4858
0029200
1d10364
01bcf9d
00a0833
1da8a36
00088a2
02b2023
1e59d70
033d8f6
1fba33d
009ef50
1db19e6
1ec5779
1d1b98e
1db09b7
03177a7
1ec2e09
1e35dc7
00865dd
1cf5f2b
1f45780
1fd0b7c
1fe497a
03ae150
02967e1
0002d48
1fdb836
1fb468e
031390c
1cb0a0e
1db85d7
01051cd
0347cf7
0340d0b
004e109
01121cd
026b6a4
1ef4ec0
01f2a0a
03dd3b9
1f42da5
02798be
009a317
0135354
1f8951b
010d055
1e161a3
1d397c1
1d0f38f
1ff5ccc
1dedcf5
1e98da5
0092dae
02a764d
0003c9b
1dc0aa6
0342d28
1c9d9b6
039b48c
021bc61
031783a
1c60656
1cafbf9
0357903
1d56c9c
1c8a3ab
02052ce
006c412
1e63619
0135ae7
1c25a9e
00055c2
1f6ec4d
1c45e83
1cd6b8b
000ac45
1fad99c
0080eac
1d2bcf3
0314a98
00b7df5
00eeea9
001e607
1cd251c
0205b0f
01fd114
012dae9
0163bf6
1eae7ca
029de00
01aa66e
025a2a2
1ff35b2
03d4dca
03958ef
033f891
000e26d
0308f51
03c1ae9
00c9598
03efd9b
1e19555
015ebe8
008d30c
1dbc9ba
1c42b68
013b463
0236328
1feb6c2
00f7392
03ded0a
03c1f5c
0032160
0318ca0
1fae8d9
1d2bf48
029b04c
03c1480
1f5c6e6
00de256
03ff1b5
03be368
009a69b
023be72
02d4759
1cdb537
1dd51ce
01a50fd
1de047e
1eb82f7
1d671f4
00e87a1
03de559
1ffe8c5
1fdaf8a
1dc6f6b
1eb2190
02f9cc0
1f22a28
012767c
1ed1aff
03406f8
1d34737
018e1ea
1f373b2
0064ad3
1fc6168
1d7fd06
1cf41d8
014b278
025274d
1cff308
1df8c77
1c643de
008b9f6
02f8d8c
03f8009
0218e4d
02c7688
1fbe39c
1d7130e
1eeb6e2
1c28927
023caf9
02950b4
02044e1
0219706
01852e2
0092d15
1f3abb6
03e44d2
1d26581
0103fc0
1f1b749
1f61690
1dbedbc
024010a
015faf9
00e09e3
1d6869b
1eb3b72
02f96b8
036369d
03e3056
1d03cd6
0381a3a
0111818
1f78aa2
1f914e7
1fd0f18
1fe3e16
1f893dc
00a42a4
00dc117
1ebc673
1fbc514
1cdc478
0132e93
03b4cc3
02b9405
0082905
1cb72fa
1c11540
0184b1a
01a2a82
001f3d2
1c51074
01a1e3c
01f3f74
1f6d8cf
03e6b2e
1f2dfad
03a2d4c
1c70e64
012c29b
0182352
1cac07e
1f2a518
005e5fc
1d3b1de
0017c6b
1ed0dd9
035d5ae
1d134e1
02accfa
1ee9979
1c9bc61
1fec617
1dad0f1
1ec59cb
02a93af
1e474b0
02438bf
00f6e8d
1c5444a
1d83cb3
1c32acd
02f7dfd
1d06533
02583b7
0314949
1faf31a
03a3306
01479ec
1c7578d
1cdb87d
1f96367
1c7f32c
01510fb
1c631d8
1ed3676
0053e8b
1c70570
1fe012f
0228400
1d45360
03dde10
1ee3a37
02ce33d
02ca7dc
01d7d25
011f053
02894af
012d1ab
1f734c1
0305d91
1f0d1f4
023059a
1c2348f
03856c2
1e397d2
1d41e6c
00d2e69
03fd557
03eb548
00f7df5
00e9f9a
00bd97d
1c8a067
1c67a2f
038ea53
039a728
0024240
0259a28
1ca1040
1ed489e
038e851
1c985c6
016e275
1ecd690
1e4d9f0
1c4d7a0
036650f
1ce9bd8
1c5e46f
1d1155e
1eb397b
1c04179
02cb7fd
1e2745e
1d368fb
0370c92
01e6cad
1d90654
01e36ba
02b3a3b
0394f7a
1f3b076
020e3eb
1f833b3
1fedb15
03485dc
1e5e056
1f67f57
1f40e6b
1ff94a0
1f124a7
1f17564
035e19b
0086d9b
01f17a3
1d7c3a4
1e40bd2
03abbaa
021cd70
036a5f1
1cb763d
0251448
1c50e50
1cc2854
1cebb5c
1c140e3
01e85b8
1d526d2
037a602
1d72c84
1cb75c5
1dbaf47
1df290f
1e5ed78
1d84df3
1ee0fad
0093ba2
015de0e
1dce87e
01c6d05
1dea8e9
03ed1ab
00277ec
037681e
0343161
03c0610
01ae41f
1cdc89d
03a9f57
03e3da2
028b389
00bb2b4
1e55464
1ca645d
00e49a2
1c6b418
03c92d6
1e43274
023843a
02f1f1e
1c889e2
1c82f03
0127fc7
020e81e
002ff00
1fa2f61
027b30b
1c6f6d7
0219b22
00a86da
029bb06
02b186b
038fed1
1f3cc3e
1c8baa6
1f32a47
0237cd4
1f69898
01c82fd
1f647aa
034d12f
1cd537f
1d6b418
1ff7117
1efe2b8
016d8de
1cc9efd
1f73caa
1e3cf0b
1d614bc
005510e
039645b
1dd1201
0216cea
03f54d4
0040524
1ccade3
1d68ae7
012f5df
02e0363
00bd4ce
1f19053
0060ce2
1c44a8e
1f3fc0e
02804f7
001f4f2
03251b1
1c8bb66
00caf8a
1ca94e4
0177175
013f853
02adc82
1e4b93b
0316d5b
1c80a1b
00f334c
03c5ab9
025fa4f
1f59717
1fdd457
01b5203
1c28fba
016723a
00170de
1de8984
0085712
0305be8
032578e
1d1cfa9
0087035
026269d
1e95c8e
02926e2
1cc4d4b
023b74d
034fac7
026db22
1e60594
1fde4a2
1dabcc9
1cba9b3
00ddc24
03783f5
1e39934
01433d5
1cceab4
1ff5f30
1e4098e
1ebfa22
1f17081
1e343d7
1f0b583
1e3ba62
01d9cfb
1f41624
1c147e6
02174b8
1e9e966
0248694
1e05904
1f8f207
1f39d11
1ee0f8b
0258fef
1fc75f2
1fb72fa
018a3c8
00df7bc
020af3d
01d0cbb
1dbe3ad
01de984
03a1516
1c41022
1e690d2
1e61af9
0213665
03152f2
006d729
1c57574
0347b01
1c46dd4
02cfef0
1eb4fbc
02f5217
1cbad52
1c2ca96
1db2a3c
01080ad
00a67db
0224a70
0060b30
1e49be4
1ff8f7b
015faef
0036dee
1d8f415
01dbdd1
1fa7540
00417d0
1d4135a
0135f1a
016f36d
1f37c09
022849f
1f32ba7
1f947f7
014cb77
1ca4997
1d5ce56
02506c7
0250187
1e1b20f
0257391
1c398f7
1d1f381
014c393
1f5d98b
1c870b3
1f86563
1d369da
1df6881
1ce9e12
0027be3
1e65b86
00a6e0d
1d206c4
1c075b5
00ad098
1d39cad
1c0b621
02ec016
004cf24
025a3ea
1cd93c3
01e341d
1d52e28
1f14c55
03c6f61
1f93307
009986d
01b125e
020b05e
0325c2e
024d653
034dc04
1e3903b
0186583
031f9b1
0246cc7
1d7ba51
1eaf08c
03f4b5a
1f0b373
1d6e391
006db7b
1c75ba1
037c7c5
1e15aab
03e23e3
00645ad
1d18c15
0366c86
010897f
1dab9ae
1ec0351
1e66f3d
1c705b8
0021466
02ef724
034a885
1f2ae88
1e11e9f
1fb1590
1cc8296
1c1ac9a
1e50e6f
010a2ba
1d3fccd
021c1ff
1ea8842
00b4049
1d251f6
1d8e12b
028657c
1dfeb75
1e00801
015e22f
02efe3f
03f003f
01f4407
1d486f4
0113668
0011776
01f56b9
0089a0b
010257b
02df3df
02e2e92
02a7bd3
006a2ea
012317e
03195cf
01c938a
02fcd5d
1fe19b9
1def35d
002006a
1d47ed2
01a8f02
03c7b0a
1c8ac88
1f35948
1dd4bc0
1f5182c
017aa4b
01e118b
1e2b3bb
0339bf7
1c3ce4a
0382ce2
00ad1b7
1d586b2
0197398
1cda4c2
1ef7f76
0060b4e
1d9ac25
03134bf
1fdd5dc
01cd237
1e5af6a
020c1a2
1d7ff56
1db4dbb
00e788a
1c20030
02472ed
0031276
1c9d6f4
01f78fc
1cf6d6f
00addad
02d401c
02114a8
1f41e1f
1d181b0
0335c2c
1c5ec60
00a3571
0206393
02ac577
1fa1ba2
1c2bd8a
0379f4c
1f9e737
02d67b6
1dc5db8
03579a0
01ffa4c
1cc362b
01694ac
01beb27
004bd3f
01428e0
1fce76b
028f16b
1fddcc9
028695f
0127a80
1c5c9ed
1e6b56a
1dae282
1edf62d
00f1951
03a10a5
1f087f3
1c866d0
1dd7fd7
1e73eaf
1c42000
1e15c5a
017cffb
1ebc27b
1d9894a
0254a82
1ec137e
1e99783
013c8c8
1f09f48
038a382
0329ee1
1f798df
1dcc742
1ee01b6
1d1f29b
1fe52de
0164cf5
011f531
035308e
1e46772
1d09c41
0156334
1cc4a2e
1e62b43
1d05f99
1cbcf7a
1db519d
1cdcafc
009fce8
0266270
1d811e4
002ae76
01c2193
010e782
033792e
0386390
1f07163
02748e7
01c5ed4
1fa02e7
00112a1
1e4db9f
1e147f4
1c050f6
1d3d880
1d05124
03bb209
03eec8f
00b3a58
01b1bc5
0168880
0180032
1ee4dfe
03c8db6
1da111f
0029231
01e44e4
1d90de4
00d6b35
03cf90d
012e53e
00ed483
00ddd09
1c2ddb1
1ff0ce6
1eccca6
024d724
00ad611
1fee8b5
1ef4d1e
1e20f93
02e1ef0
02d8610
1dce04f
1eb366a
1d714b7
0129ea5
012600e
03a6344
0090f19
022ab6b
1cd8128
1fb7997
00dfdc5
033c888
1c11f15
1ffdb91
002baae
1e7836d
0252079
00e0aa2
00b4721
1fe000c
0160b10
1e87182
1c1069a
002731e
014ebfa
1f727f6
1d93fac
001088b
1c7c081
01d6c9d
1f82bab
1caeb0e
1dbe061
01b7d40
1c07373
1c01725
1fcd770
0295392
1e874cf
03d34a3
01b0d80
00e1790
1f4ea6a
1ea510b
1e7b589
1ed5765
1d1cf61
1dd5754
1cedf97
03e34f4
1d15b61
1cf54cf
00416a6
1eaf2a9
024ce00
03c2208
1c31d90
1d50e77
03aa0e6
01082c3
1f2f4f0
00a70c4
1dcf56b
017a4a5
1c4241f
1fb6048
006676f
1d70268
03a208b
1c00117
1e93ea6
1fac0c6
011612d
1e07e13
0172e84
1f18cb8
1c9f32d
1ca5723
017e730
0276d25
015f332
1ca99b8
02fb2df
022ec44
1c6e4d0
029e577
001ae67
039b34e
013048f
1ce7404
03120b6
1fbf04f
1e5fb5f
1d4bd03
0004d4a
1dd6305
0382e8a
1f0fca2
1cbe3bc
0332c88
1efcc46
1ccd65a
027eab0
1eff397
031b393
1c0180c
1f47ff1
02a362a
1eeb634
011f8d3
0314c24
1c28d48
1c28c82
01f1d0d
1c5adb4
1f26be6
003ba8c
03ef1f8
1dc606b
1c1521e
1e1c3f2
1daf207
02428e0
029218b
1f30337
0073d82
02670ec
1e9e337
1d7eaa4
018bbe5
010b73c
0271a50
1da3dd0
0169d80
01b5ceb
1cc6b10
0387af3
01ed06f
1d7d40f
1ca01f8
1d5bba4
0288f50
01418e3
1e70604
035cb5f
1f05570
03c68a3
1cfdd4f
1f84c2e
1ce4805
017e1e3
034a088
1cf6a35
1f4d69c
03f82e9
1d65d1c
02f1487
0358530
1c4ff1f
1ecb534
1e5cc1b
01d35c4
035b917
1ee77c3
015ce38
1ee0a06
0248595
001a54f
03997f5
1d07a3c
02f5da5
0277928
0372eee
1d9c642
1f80e3f
01bf4fd
1e8fbc0
1d68c8a
1d0e8ed
00265ab
1cd429c
1ed038e
1e841d0
1e20b0c
1dfbe76
1d5a1ee
1e398e3
00fcec3
0004123
1e4b1ff
1d327d0
0252cb8
00b1119
1cbe225
1eed8d1
00dd783
0170730
1d32d88
1c3abed
0387be3
1f57332
020635b
008f6d2
1de5a35
0227f10
1edac2a
1c3bdc5
1c77056
1cff549
1cec12c
002053b
1c3d175
00db88b
0242a06
01b7723
1cbb586
1c075dd
1e563c8
1de74a4
00747da
0090319
1fc2ccd
00bbf14
006c5d9
1faab82
1c79f5b
00354b9
1f88cb6
1cf5e23
027af0b
02bc438
1e28483
013aa60
1eec3e9
1e6e5b1
1d334a2
1e1c6fc
1d672cd
1cfe576
0099949
028597d
02fb777
031cf14
1f5cb7b
1f7812f
01acaa9
1ee7eab
00faeb6
1dc5458
1f55bb9
0267f52
038f0f1
01bcc81
015f9a9
01c7c86
1e98812
1f257aa
017ed7f
1ead94d
009c91f
1d20b02
1f7f2eb
1e29e9e
00f0265
03048d5
01353d4
019d5df
02647a8
00e3c06
1d67c82
1e323de
1fc1a7e
1d5cb34
039088a
02d7dae
1c4664e
1ec32fc
1da9649
036de51
1feddbb
1f440eb
1daf546
0104559
0197eda
1fa1d0a
1ede860
1c0e9d5
1d1a14c
03d194c
021d127
1f2a501
0265f70
03295fd
03319d3
1fc880b
1dd72b8
1c8fa45
002eeba
017e20e
01b728d
00a6a32
0024814
1c07379
1cd0b66
006741d
000f7d8
02b4bc8
1d202a5
1fceea2
1ee5567
1c6e02f
1f0e7a0
02f2348
1d3afc3
02a8b01
1de680a
012e139
1d4cbcb
0120983
1dcbc27
00daad2
1d66763
00d0b9e
0303e1c
0135509
1c6c4c6
1f97a95
02c9340
03ff1d0
1c41fd5
1c12bf2
0095a54
1fa2000
0252e0b
1ead570
1df8207
1cbd27b
1f86574
008e3b5
1c286ce
1ddccd4
03ac01f
1f7f08f
1c9393a
1d3cdab
003ed92
02ae0f3
01350eb
0254c32
03b06e9
1e40ca2
1f0cebb
00f986b
1cad101
03a0cfb
011899e
03ee568
1d10d49
1dfeb33
1d6842e
025a5bc
1c81659
1f6c944
1d68e95
035c183
03dc41c
01a4aa6
1fe0910
1d2babe
01cc7f7
1fa6f5d
00f18e4
010d11a
1c618de
1f63524
1d8a8da
1c3f50e
00066a5
0185e7a
032b085
014e422
001bbdc
023163c
023b30f
1d671fa
015c6c8
03d48e3
1ddc98d
1eda657
1fcf423
025565b
00311bc
1e4a5e4
1d31886
1fc15d6
00ae879
1df21e5
02dc5f9
1f302f0
00d6cf0
1e85bc1
02add88
02f31d9
021af0b
1c9e538
01c9651
03b1e20
1de45b7
0045fa9
01e799b
02a53e3
011092f
02730a2
1ebf914
1f61868
0080be1
1f7ca31
038fc4c
027826e
1ca77ba
1dda313
02a2b92
1eacb65
1db4b59
1edc4ab
1ea5497
1cffba2
1efa275
005da65
1ce9c2d
1daaffc
01547a0
0202d25
0330b54
1d54cef
009b8b2
021411b
1cba01b
03e7afc
1d98d02
1f39b08
026ab37
013623f
1e4a0f7
1dc63f2
037948d
1cc1a9f
1ead315
025d568
00ca611
1ef504e
02fc1ce
01ade4a
003b833
01e98df
00d2b67
1fb63c1
1f20a25
1e52df2
02a2cc6
012b45e
0012686
002ce85
1c8b578
1fc098b
1e36173
03e54e6
1fd0c9c
012b9bc
00160fc
024903a
1f34117
009e8a3
022e33b
00807b5
02764cb
0283ef3
0117d24
0329599
0072ae5
03184b5
0149e06
1de6c6c
008a634
1e10ced
0175ac5
026fcfd
0298709
00e11b0
1cc6a42
0032854
1ff831d
01eac40
0256c70
1d95e50
1ca2d98
028f88c
1c38c57
0197067
1c998a3
1fe2803
1d14d2c
1ce7efc
01cdb0e
1de198d
01c0d8a
1c67866
1defe22
004eac3
037fbd5
1e85b29
00030ab
0124bfc
1cc5e8e
0204570
03f287f
0342f1a
1cfb7d7
013393c
1df6d8a
1f2b26c
1cf0958
1c632cb
1dace60
1f01f6a
0120459
1da2f42
03da221
001c049
1e9e70e
1d223dd
0078ce5
03b8a51
1dc4e3f
01ac33c
024a05c
1e658bf
0144a20
00e9d85
1c1739c
1ef55a4
1f1080c
0241d6e
0371921
1f59a2e
03d1527
03ee016
1ed1ab2
02354a4
1c88276
029728a
1c3990a
1e8aefc
0093556
020671e
004f064
1eaadda
01faa3b
0026ab4
034eb64
0297ad6
032f286
032edee
02c18e5
1f03000
00c7895
0144d72
1dc4486
1e61501
036208b
1fa3c14
01ecb51
1e12265
039ce62
03bc806
03b0400
1f88fd4
01853eb
1d8319c
1f49ab1
01b41cd
1e5f596
03c9c57
1c66e14
0117249
0257ac3
0378781
02ec9d8
01c656d
1de45b3
0220600
1d2d711
1f81fa3
0209c2a
1cef0fe
1c28c2a
014060e
1fb1d35
00f5618
00ec0ed
005f69d
00c9251
015766a
1f7f0d7
013124d
1c1230c
1e39908
1f7fea2
1fc07d0
1d103e9
00ae6e0
1e8f374
010863d
1e0115c
1cdd774
018ac0c
03641d6
1e055ab
03d9ef7
1d3ff6a
009f114
0132558
019ee81
1db0880
1ca30a0
1fc8c5a
1d8334d
1e518bf
1fb84d1
1fc1521
1ece2c1
1c7497e
1f524b7
1cd623f
1ff02fc
1dba724
1f4856e
01e29c1
0047711
01fae9c
1e2e32e
0027f25
02add71
1f7ce53
1e92065
1cc9110
1dfbae1
1f938d4
1efa75e
009b281
027878b
031e7e5
1f115ed
1c8bdf1
1fc45fe
02b65ed
1d3d018
1f34bb6
1fc5a78
1cccf28
0320679
1f847c6
002746e
0398166
1fcb4e7
1c71391
1ceb327
1f20c68
01b7adf
0308a05
1cbde6c
1fbc578
0188b83
0124903
1d3b234
1cf1f80
1d4561f
0168f65
0236c3f
002c50d
0372f97
1f7fcc9
1d830d9
1f8ec36
015859e
1da784b
1c048dd
02fe70e
1ffffda
0116e27
1d80dea
02e3565
1f4266d
00c2c95
02a0edd
1d9e3cb
00af70a
01b7f5d
1db29ee
009f80d
0382ca4
038904b
1e463dc
1f66dde
1d789e1
026115e
1eead08
1d4a6b4
0090f37
02c6e62
1e82a94
1fb217f
0217a7b
0265df8
031dc66
03c2c6e
03acc35
1c767a8
1c69b2b
03062e8
00c37fd
1f466dd
03cd8bf
009e12b
0047a93
0308899
03ed8e9
0185034
1d82b68
0333ccd
015a634
0043064
1f22edb
028a071
02a59c2
0383614
1cbc70e
02f9e72
03b7ce0
1d4bc93
1d234ca
03f4841
1d096eb
1c53e92
1e881fe
1cf2947
0221ca4
1f50400
02d3500
1ca01d2
0293c32
1d9d650
1dfd15a
1d84a56
1cb82c1
009b890
03fa061
032e18b
02815de
029184a
03f35ab
0294d85
017c81d
03111c3
1dfc2be
1f60ac9
1d43816
1d59d5b
013ef93
1d8d556
009aa28
01e45dd
0191b1d
02a1658
02a4079
1de06a9
1d30491
1f9f0c5
00ec625
1c5a770
03085ce
002b220
0383f4d
0045988
03098e0
0357485
1d43341
1d8d1cc
036ad21
1fe4bc2
01e663f
1d35804
1d866cc
00ef11b
1d1aa7d
009f3c3
1cb9526
1f0158e
0216edb
022b539
0338657
02b87f6
1ec4528
1f97d8b
1f2248a
1c5c10f
1f11f3b
1f770b7
01d0cfd
0173ad8
1f06038
1e0ffa5
1e07029
01494aa
0118b2e
029c1d5
00abcd5
1c94ad7
1edc7bf
002c21f
1e0038c
013a006
01c5b3a
01c0f2a
02caba8
1ccec91
02fa0cc
1dcbf7f
1e0458a
1c04dc4
1dcc6ef
1d6a099
1d739ee
1dad4a3
0234afd
0131fbe
03e263d
1d8245e
03e4f53
03829f0
1f8fdfa
1c09056
02edebd
038a100
02b8931
1fb1c05
03880a4
1d250dd
03c9cce
1d7889f
1ccc470
0080bf9
0210264
1edd6e1
1dbba2c
1e8a1a6
01b79a9
1f1d6fa
020057d
1ff21a6
1de7f7f
1d793ac
02486ff
1dc61ae
01f4ebe
01b58bb
0027eb0
1f694a3
1f80304
1ca0aa0
0293d26
0122c94
0393a47
1f13d96
02c59b6
032bc4b
1e624d4
1ea78a9
02ed9c7
1d6bc6e
1d97ab0
1d7cf4e
1eef1ea
01bbc29
1d997bf
1c0190c
1cb90cb
1edc673
031c104
1e1206b
1db263f
02924a1
0071a22
1c7d557
01db072
03fb68e
02ce1e1
00a51f6
03ad24f
03e01c8
02c50db
021aa3e
002c7d0
03087dc
1d986a6
1d7e7bd
1d2ae86
1c4bcd0
1eca903
0370638
02a7896
1d0c74f
03de30d
1c5ac53
0330cb4
1c4ae84
0241454
1c8a6c5
1ef97aa
1fcc335
030cf96
02dc3a1
00a5af2
1cfacbb
1f48b9d
1dd4113
03bb81a
01dfc62
00507c9
03d8c03
1e51faa
1f71b96
1f5c465
001610d
1e04886
1e2ac24
02ccef1
1db08e5
1eafb74
0133601
027224f
005c350
1e00d79
02c2f50
1dd1b6d
024e80c
1ca3ba6
1d2ef94
026060a
01c5b6a
1cbf1d6
028aecf
022691e
1efa82d
0159884
1e3ecf8
1cf885b
0348571
1cc4c6f
1d9870d
1c71e7e
1ef21c0
02a30c7
00cdc5f
1e74739
0229f17
1e60903
1f8d567
1f91d58
0106496
1e1c9d4
1c78519
01ddc08
02a4263
1ca2844
01e8f10
00aea8a
1d89f85
1f4c267
02251b7
1c3dc36
1f135b5
002fc77
021a41d
03d1cdc
00c8cfa
1ce51eb
01d5d55
1e22f3f
1c314c9
0033f30
03afa1a
1d866f2
028f269
1e7001c
1f2a34c
1eb506c
01d43b0
03f6dfb
1e9afe6
1f52785
0329820
1e96b88
033dcfb
01dde43
1f45859
014dca6
1db5be2
1c5278f
03e799b
02f127e
1f1298e
1cfc0b4
00ec4b6
1f256b0
00a4671
1e2269d
031fcb1
00bff2e
1ed9b80
00221f9
010ad4a
02f64ab
01dbf16
1d4e3d7
1c97229
1e609e1
03163da
1dcb488
02cac47
1d852fb
03450d7
1d67b44
1c872e9
02c0155
032ccdb
00db3e1
02dfd44
1c558ac
01b27b0
02c8a9d
002cb08
0029ca3
0290397
1cc1572
1fc4815
01d846e
1d35eb9
1d46900
1ec6b2f
1fb1985
1e49bb9
1d096f1
1fca705
02eba80
1ea97ff
1dc132e
006248c
00da026
00074d3
1e178c1
01476b1
02b101b
1db0bbf
02feadd
1f0731c
0077d90
00bca8c
008d115
1ca1313
1e52591
1daf3ec
1c52edb
1f1dccd
1faf95d
1f3046a
013a056
001b4f7
1ce62ab
1cd9138
03363bb
1d752c2
01ac7e4
00df490
1cbb446
003d1b6
01757c1
1c113fa
1dd914a
02dfd21
03b1ed7
1d44ec8
1d2cc8f
032077d
1e96459
1f0cb1e
1f4ed27
009e384
01035a4
02f0f76
1e851a1
1f9d438
1d60b18
1e68180
1fc76b5
00407a1
0199aae
028f88e
1cde3e9
03b6594
1db0770
014a41d
011c8c1
1e16b83
1c3f328
1cc6879
013df93
0253d62
1e06f9e
1c47139
1d6f0a1
1dab862
00150d1
02f456e
1e8d46a
008a0cc
021812a
1d123e1
028b8f2
00aef11
0094489
1d027f4
02c5f77
004bd02
1cac85e
00a1ff7
027f453
015e304
1cacab0
01ee896
0155f9d
0372968
1d5c44f
1c0cfe4
01934dc
016d031
02f57db
01b8c7f
03209c9
1e98991
0039f5e
1edfd1e
1ca80d4
1e49611
00c8395
1c9c5dd
00036f9
1ddcbe8
0344734
009bd81
00994fc
1da4233
00d2ae1
1df8773
031832f
0187e7a
1dd9e3c
1e842e4
1e8a0ae
1d8fa7a
1ecde0c
1fbe49a
1ff8a70
00762c4
026d845
1caed43
1e67e2f
1fd2221
1dd8f38
0290e94
00cee3a
1f20f96
1f59601
1e026b6
0099f43
02cc807
1fd4282
1e43070
03dc3fe
0336a22
01558f0
1e195b5
016a4e1
1ea99d4
1d6c73f
1f2ddac
021bae4
1d07634
1d2d1ca
0303517
016bc3b
02da3b9
1d39a8d
00ce3bf
1e56dd5
012b74a
1fbfdf2
01c5c5f
1dddf03
1de4e5e
1d13fa9
018c291
024ca8a
1e4e264
014f914
1d72ce4
1d54805
1ccb984
01bf677
1ee4ea2
1ccd6e4
0274680
1d8a909
1f2e3ec
02369ce
1cd01b1
03c29fe
01d6e2a
0091d28
1cd6e88
024a3f0
0016112
0327847
035c467
0002fcb
01d1a9d
004c156
03cef51
026a43f
0295281
03b0713
0015161
1e70494
00feb05
00ea291
1f852f9
0212c70
1e0ec79
003db64
02caf77
1dff434
01993a2
003e385
027d87d
1c7e818
1e587a2
1cd2b91
1d9d7f2
1cc2ad1
1eb9803
01252f4
00999f5
02d7fe9
1d7a304
1f3c0f9
1e27860
03de8a6
1cc849b
1ef1573
02443a9
1d666cc
1f90a1c
02c8388
1c85792
007e0c0
1f90512
02c1e86
00cd559
001ee12
1ec7f90
1e48107
1f7f76d
0294813
1f46576
01fb307
1dc1244
020f2a7
1ed6776
029ecd6
0189bcc
024d04b
030605e
1ce4adf
1dc18b8
1d137c1
0367af9
01c15ad
1f28f6c
1d2c776
1e9600d
00ec51a
025d3d0
1c57489
1d83521
1f6d551
1ef195c
1df9020
1f41506
1c4c829
1fa162b
1d7723c
02e886c
0153fba
007b35a
03130b9
0126890
1ef5b1b
01f7dcd
1ee7149
03bbfe9
1df98e3
1cb252c
0035f4d
034d62a
1f2dea0
018fe25
0006fa4
1f89af7
1e9acef
1eec44e
03d5177
0267008
1fe0553
1f2e67b
1d94ada
03d0f84
1f25e86
027b912
1fea0af
03ed3af
1e0bcf7
1fd3eab
1d16304
004bff1
02b74c9
1cb9cad
00c86a7
02eb4fe
029c52c
1e6ec7a
00ca60e
0307922
025544f
00178f2
014751a
1e6e22a
1e106d7
0225dcf
1e620ec
1ff4c7c
1dee679
00ffe79
03886c9
1dddb0a
1fd52d1
02443b5
025b5e8
1ec3969
01e60c9
03e4912
03350ae
1ee55a5
1f8321b
1f620a0
0104886
03d462d
1c3ab73
1c6114e
1fe9f22
1fd8c7f
1ca86e1
03bc6ba
1c11777
1d73aef
01635f5
1f06078
0318d59
020148a
1fa08f9
036bcdf
1f82f45
0036bd0
1e82cde
00ad29d
1ef7eb0
1fb8656
1e7ff24
1c45c6e
00feb30
1d32bd1
1cbe032
011630a
019add6
00a185d
1eff3f4
01a04a9
01286bf
1fc4e21
1f104f3
023174f
0261742
0082914
1d775a6
1c06879
1c7c598
00669ac
1e628c3
0045c61
1e9129f
1c07a16
1faab81
1dc34cc
1c1e610
1fddfdf
0211787
1f4e1c2
1fa36fe
1c69dcc
01e0622
1c9f9a9
1f1669d
0266199
1cfdaa2
1e377c7
1dd5b89
007b895
1e69136
0259c69
022f781
02d70b2
0153342
1d88c64
1df1c51
1d1b0ef
016f952
03ce1a8
1dd1b70
1fcb6e1
02f2edb
028341e
1e2b694
0048a7f
01c09d7
0258be5
1eef8e1
037248b
1fef1df
001adc2
02ab37d
020fa8b
1f5a28b
02c5086
0102c39
1edbea6
03e1c03
1d0c711
0327398
0232d99
1e90277
1fd65df
1fa8544
1ccf7f9
038366d
03b6adf
1dc9713
1d3ed37
1f06e55
1d5adba
1de9df5
1d90d2c
1ca431d
02687e2
1da4119
1e43947
1da49c6
1f2b354
1c068b4
0280567
038e6a6
031fd37
0178fa3
1e7b029
008f162
0067f36
02fc5b3
00fa3d7
02d701f
02913d5
1dae826
012f989
00af5da
1c7eb4e
027c5f9
1f5bacb
030ac6a
01b2fed
1f4d8b9
02431db
1c4de67
00b5ab6
1cb54ec
1d9370a
00b1a49
1f30edf
00d8633
00bbbde
01436d4
1eef752
1c186fa
1e9c392
1d02f69
1c86b0f
1f3cf4a
1c26a0a
1e937a9
1f3c93e
1e6b507
03fc4ef
1cfd90f
00bb612
0245606
1d57a74
1d05c48
039decf
1f9ec99
0044730
1d4ed59
02c89c6
01fb662
1fe53d6
1f0bb24
1fb0762
0385097
002e12c
1e5a68e
1f6e0b6
1d0061f
1e1b0e4
00566cc
027b066
1d8ab72
02409c9
0010bed
1dd588b
012dfe9
1ecf533
00b4a49
021b24e
1de34f0
0324af5
00285df
1de837d
01404cd
01b273e
038a31c
0176e74
0376eb1
1e67ad3
1e206a6
1dd1d75
1f1a914
1e3899b
03d34f7
1e9f74d
00847b4
1ec64b7
1d80916
007b2ed
1e7d2bf
1fcba05
1ff88e2
016b585
022063e
012783d
0159a57
1d3aa86
1ffca33
1e34ace
1da17e2
03e70d4
1f60c5d
1e489ec
02c14e6
1f20783
01e46e0
1e7f4d8
00f4582
1d8a85e
00a225f
1d11f3d
01dccd2
1f27d2b
010ede8
010c9b5
1c08753
1d90f81
00676f3
1f985b5
0385527
1f1a746
019b01d
1ffc13d
1fe10d6
02828ef
03ba247
1d9174b
1e6c8b2
0135ecc
1f24adc
0397070
038b87b
1d660c5
1fc3721
1e8df4a
1da5157
02ce480
039a218
03da57c
1e4612d
1f0027c
1def80a
1c3fe41
1c46f8c
1f42824
1f943d8
03e68b2
1f0d790
005a31d
002c5be
1d10bcd
03e1349
1c8a50c
0056010
1ed3055
00b13dd
1fad0a3
1deb211
1d1399b
02087c6
1e0ee0c
024212a
1f3a33d
1ca324a
0311f42
014a1bd
1f8f802
1f5a8c3
0198a49
1c46a42
03d6687
01739dc
03347bd
1db58f1
1dc4f82
01d3322
0227301
027509f
1cd1dbc
1cf2355
03f8365
030e2b0
1dfd392
02648d5
03d3124
030a2ba
01813ac
1f9d1e6
1f40a85
0016b4d
1c84846
0218d8a
1fd037f
1df5530
1d64f31
01f63fe
1d2deba
1c1067f
024f7f5
1fdf3a3
03bb0d3
1f7455f
03316d3
1f9a473
1deb19f
1ec055f
1c864eb
1cfbf33
01c6bfd
1dc3f7e
1f39abe
1cd4318
003fb60
1f6d81a
1c0b6fa
02f4ee7
1c5f9fa
0027452
1c954f6
01b80a7
03b7672
1e0dc6b
1c0158f
1efd937
1f07155
1db18cd
01b9e1b
1c57ac3
1eae37c
1c396b9
00d7f0f
1e7ace5
01c3e8e
03cc124
026b5b1
0151078
0211cef
0260ac9
0089717
011ced3
0176d69
1e3286d
1fc3c4c
1c6c35f
1fc6f30
031d6b3
1e688ac
1e3dee9
1dd7cf4
031656d
1f9b8b6
1c03097
000aa6b
0320ea5
1fbf9c4
02d1c29
1ceb9b0
1d36d06
013f7b0
016c3de
1c28a66
1f63e9c
1f71eda
036f54e
1e9d5b0
1d40c74
0052992
1dd818e
01c1346
006f68b
011a69d
1d8de26
1c0d2fe
1e4c7b1
039b17f
1e5e0b7
030cbf5
020ffca
1f9d1ba
004ca36
027df10
038f65f
03b9ec3
1e60c6f
03d13ea
03799c2
02d181d
1f66287
015dc22
1d24852
00b0adb
02d3049
1cf79d3
1c63460
00ca6af
1f60058
0369993
1f73a47
0219bf7
1d3b088
1ec9cce
1cbb834
1c5c1c1
03bbba8
01fc741
0294f53
1df0d8f
1ee399a
1cfbe15
1fe955c
010b876
1cc7003
0240799
034720f
1f1c221
0350c35
1f3f4d5
01b90c3
01d7942
1f85a29
1f78afd
1f1a860
1d6b28e
028fb0e
02e1985
03ec997
1ec0175
1c65345
014d551
1f7ef58
009e7d1
02e1c1c
1c1f419
1e83ca7
012f44b
1fe0056
1f9d6f7
02b90cc
1e03c73
1fc6737
1ca5fb0
00b383e
03f479e
005b223
1c06b4d
1d348c5
001aa19
1c8eafe
029f851
0145367
01ec5de
02732bf
02bd3ba
1cc0dba
01e2e36
1f17141
00d2d84
03f8a48
1de71e9
02e9282
1e81b94
003271e
02d547e
012781a
1c1c062
1fd236d
1cc8a13
006b0dc
0057b18
03a9df3
007763f
00b131c
01b08b3
1e15181
1e63c73
0136920
0342f1d
1ee2f10
1c12bf7
1ce3dcf
1e22b04
0133c62
015ba80
1eff150
010be12
01abb03
01e1ea3
007ccfe
0141e23
1e9563e
02f3433
0272354
03144e4
02d73a3
1d32bf3
1f67c21
00b6f41
1e32a89
006666b
0001b25
009c1e9
019eca6
02968da
029c8b2
033d4f7
000648f
0377742
0320b07
02aecd7
1dbd7f4
022bbb3
0130f9a
02a156d
015eedb
1e5769f
1c24ff1
1d21924
03bd40e
1e83520
0217109
0307e34
0127da7
037317b
1d8f3c5
1f70c8b
1db75a2
015db27
1e2fb1a
00b39db
1db638b
00c045a
1f24c2d
1f69b39
1f0071f
02f7236
01379f3
1d35b10
00366d8
023591d
016d917
1f85c3a
0150dc3
1c8af53
0160ae5
1e8218d
1e4fc9f
01a0d60
1e8f2a3
1e6cf91
1d58641
1f99ef3
00192c4
03b817d
1d35912
011fb94
1c1bdf8
1fae790
1c7d0af
1cf84d9
1d44f45
00bfab3
00c9e07
1e757af
1f2f4c0
02d0e56
0105650
031a495
01b7321
1ef4769
1f91639
03584a6
1ffe545
01b1e20
1ddfb1a
00cbf4d
1ed0483
00e668b
1cb868a
1cbfb4c
1c47a0d
1c15933
035ec95
014a72c
1fb9774
0322280
1cee178
0096322
0020887
1c0f56f
013d01b
1ec895e
1e7c1e8
001c6ca
1eeeb91
1c856ed
0147ea8
1da341e
00e03dc
1d307db
01b9e2e
1ffff66
027ac99
02fe0ea
03ca050
03d76a4
1ff965c
02060dc
01de128
01b3467
1c6936c
03e0809
1c2bd9b
1e1b9b1
1e5b6a7
0333d07
034b2f1
1ea609e
1dd4432
01985bd
1f01f26
1e871e0
1d51ad9
1db9771
1fa1b68
01ec251
1d25c7b
02d1e04
0208dba
1e07813
0298d2f
1e48cf0
01e85e6
03b28df
014076e
1d7882c
0259ba9
02ddc51
1f94a42
1e90aec
01c36f8
02507ee
1d92f45
02773b7
01f3685
006dcd9
00045d6
1f19d8a
1f9b502
1c1f8a9
1f0c039
02e75f3
1e806fc
03d2e5d
00b19a7
0125937
0089d23
01e9673
1c4a693
0247328
1f8e260
1f9527b
018becf
1fe2c2c
030da19
0352103
03b00d5
019c58e
010b8a1
0015142
018719c
029b507
1c966de
1c64cac
022c2ac
1cd7c84
0101dd7
1f14d5c
01662b9
1c2a14c
1f0bdf7
03a0ab5
00ec13c
1f6af40
02fca67
03998a7
030c76c
038b6a7
01a214f
1f1c4fe
0047e26
016ec7a
1dae6f4
016e3cd
00d3aa3
028b36d
1f6279a
1ec4089
1ff60ce
1d4911c
1e9c39c
0313ee7
00fcd59
00547f2
1e37e99
01304ca
1d4d776
1ee7fae
038016b
03818a2
1d58840
1de71d9
00a81b2
0039ecc
1f51485
1ea2163
03cfa4d
02b3dc1
1dbbc60
1e7c13d
1d9fa8b
017fb9e
1ef926b
1d3ce9d
1ce736c
0083801
1cf9b59
1e05195
02bffc2
009ff3f
1c2117b
03e77f5
031ade9
1f53532
03b762f
1f0caea
1e5a9aa
1cfc488
00c94a2
02bb616
1e1f662
0276064
008b1cc
031551e
1c350fb
1dd0fc0
0178129
1c56e34
1f7b66c
01ea1b4
02c1392
1eafea9
0345a47
02238a8
1f50323
0247f44
03e0ed0
02e113c
03a884b
1f48eed
00ec5b7
1d7e508
001298c
0305b74
1c17cdd
1dba7e8
1e7e7e4
1d24bd9
020f414
0334338
03f66e7
1c6f1a6
02b2723
03e0583
0037faa
1d8cffb
1dda820
013f844
0158606
007fd3f
1cefa1d
022b1aa
03dd100
01c2491
1f40edc
1c9747f
1c9b670
0346a9a
0142872
1f2b916
1e2f85b
029621b
03aa5a8
1efe43d
1c8fa4f
0033e70
1d1a142
000afb2
012501b
1f408bf
0250316
1c719ea
1cb8091
020be8e
1c4ad60
1ea9e67
039e210
1ed151a
03e860f
02d3079
0385310
009c3b0
1c4ed53
1e028d8
1d0ba58
1fb37f6
0184f28
00e2996
0221000
0089d3b
01a447d
1ebf9c7
03ad2f2
0105efb
1c29364
1c4e33f
02f994f
1c2cb56
01a00b1
1ea0738
03dd68f
03880d0
1d53d42
1e46d35
036a805
035d929
1dcb66c
004423b
1cc4a55
01b044d
1f66d67
02ed924
1fe2e60
1eb4383
01a9367
1f3ceec
1c07b92
1d6958a
1ee92b2
1f37c35
03e33de
1e8e968
1db765c
030f452
01f2606
017e805
02e9cb9
00482e3
0155c75
1efd8a2
02156c4
01e0216
1eb3342
1fb64d5
1de260c
03ad60d
01f4948
0274970
038d254
03f635e
1d9440e
1c8714e
1cf7b1d
1c7c599
1d90ce4
03be2d9
01ee7b9
02005fd
0203b66
1dcea26
0248504
1db4118
1d06101
1f83139
03fd5f9
1d0a15f
01e6437
007beeb
00687cb
018c0db
1e92baf
1f153ae
0036bd8
1c137ea
039418a
0235829
1d7469e
020b019
02c8604
02f1464
1dce6ef
0300f9b
1f3732d
0074a20
1fd64bb
1ef1421
0180fa0
0377c19
02acc3c
0083597
1d4cf05
016e474
1fe04cb
1c8cfe5
1f0652e
03e921f
1e35882
0196763
1fa86cb
1e0eec7
1d8e921
035082b
03c2bf7
1e3f689
1c708ac
0170cf4
1ce7a8d
1edd10a
1da1181
1d4d335
1f1678b
0008669
1f2aace
1f6f182
1dba74a
1f0fb74
1c82e1f
1f45e1a
01ddb1d
1d06fea
02f532a
1e9833a
1dc147d
03890dd
1f7f990
1c62aaf
1c6d5e2
1f32ebf
009bbf5
1ed97d7
1d2b692
1f377bb
0202380
017a88a
1d9c855
1e35756
1ee4a93
02a307c
02f2245
1d780bf
1d8b912
1f434a4
025e6ad
1cbc37b
01cbbbb
1ce30b0
01dceaa
025d9bc
0046223
1e31c41
03ebe46
1f0b327
1fa7f89
1c4f9bc
1f58da4
1e8dab0
0250bfe
1f34929
03558fb
0193c6c
1e134c1
024b216
1d94a90
020bdeb
01bf71b
0106d80
1c2713b
011d929
01093ed
1f2ad91
0174185
028043a
0065aae
0153ebc
030c8d5
01ccd8b
01bd034
0192db2
1ed8135
0195449
1fbd15f
0057612
1d6aa4b
1cb248f
027b144
1ee6001
1f50dbd
1f349b8
1d49974
1e68e30
029ef8f
1c525e5
1db7759
03a6e8e
1dc3afd
02cbb45
1fc9634
1ee6aa1
1f5c92b
00c97af
1ea6da2
1e10210
1ed6875
1e49040
02df09b
1faa3ba
1ce8691
01879db
00a04db
03f5438
01d55a5
1e20328
02fe3f4
1ff5321
1ef06fb
1d2b704
02758fb
02641ce
1f21668
013e8eb
1df89db
01debf8
1d0c6d6
1fd5862
1c386cd
0346a9a
0162020
0114635
1d3fff6
1f78fd5
024b6b0
022daee
01da19b
0069726
1e1cd06
1ce0ec7
1d134d3
02f72b4
1e15f60
1dc2a4c
1f96067
0246b9a
03bb9c7
00b5d5c
1ef6218
1d8fd26
00b02c0
1d5788f
1ed9b42
1cfe06c
1c1ff4d
03e17f9
008fd3e
01b92d4
00406a3
039e8bd
034dd84
01c2cca
1edd699
008b83e
1debaab
03217ff
1f3828b
0303c3b
1f22d18
1d04eaa
1ea4d51
0348e9f
03b6697
0205288
1fefaf5
1fe1542
1ea2f8d
034d47d
030677b
1de4e6a
0164b4f
1de0122
01f43c6
1d66508
1cdc25b
1c5cd77
003f655
03f179e
1d79c7f
1fcba6a
1ec9389
1c096b9
1d813cb
02f900d
0180d4b
1f52bfc
01a13bf
03061cf
1c8275c
031a229
011a04c
1c9ac3b
1f2504c
01ceb40
01293f7
1d54a88
0319109
1f7a865
0204674
02bdd34
1dc6161
007c994
1fc17f4
1cbef55
003e8be
0379c6d
01cb682
1e18467
1d19b9c
1e7a121
0283e54
03f7578
03e8a8c
1dee672
0142afb
03bfb44
1e2805d
017a5c7
1ee90d3
01fcc6b
1ea5586
0193239
1c029fc
020c582
00d694b
00d987e
1d8f2f3
1c0dd28
03c2183
026fdd7
1c51422
022f0bf
1cc295c
0124645
1d859e3
01252cc
1fa62d4
0233ce4
03d3802
1d7fb8d
1f78ee2
0024c79
01ceca4
03b106f
020dbd0
1ee09eb
1f4a666
1ed050a
1d8cd8b
01bc2f2
035dbb9
0341e60
1e9f03d
03ed4fb
1d05e5d
0116370
01d332d
00e47bb
000702f
1d45381
03ad87e
1d7737e
01bbd49
0037def
016f411
0063316
009d670
1f9a641
1d1267c
1cc32dd
014080e
1f08722
00ba096
1d6da86
1fdee1e
02a18c7
009dac6
1fe2b7e
00f816f
0203e53
00f3eb5
02af5ce
012f9f5
0381015
0206e73
1dde4e1
1fb62ed
1f0b5c0
01f4729
0214ef1
1cbae0b
1f42670
032aa32
1c6bdd9
1f38d30
1db3461
01fd1bd
03fcbe8
0314f85
021caff
02d3df5
1d3524b
00db45d
1c55956
007d3c7
1c3a2eb
1c2527b
03752eb
016de23
03e616a
02f8947
1f5e1a6
020b851
1f06d25
1c053aa
02f8deb
01febe5
016ee3b
01823c9
02f93ea
00c5ce4
1cc44e8
03d6084
03eee97
03d7359
03fe91e
02cf6e2
0289eab
013ec4c
0194d07
1cf041d
1fea6e9
1ce373e
1dcf0c9
1e6357b
1c5697e
03d662c
1c5ef7d
1c9c82e
1d6ac10
03343c4
1e3bb84
1d90dd4
1d9a0a7
03ecbf1
1cc59c8
00350aa
1f4f31b
0219e04
1c2b099
1f16925
1c1f02a
1ec79e5
0104469
1f8cefb
007e016
02d827e
03c113f
1d324e8
1ecc8a6
011362e
1e05423
1d1ea48
1cbbfb7
03e75f4
1c832cb
03bc17e
012dcfa
1f33661
1f451ea
01a1836
035bf3a
1c19aa5
0174ae1
02d4931
0298e37
00c0bdf
1f54340
00b2a6a
1cc6a1f
01af9fc
1cb89d9
03ab921
1e07fde
025ee4b
1ecf1fa
1c6e206
1eae033
1c48e14
1e59ab0
028a42f
00bac89
1ff25a9
1fbc89b
1c89ea3
017e7b2
0180d27
0105efc
1c88a8a
0252bf4
1e12f4d
0358a54
03eec0f
1c859d7
1cc9bc9
1fecf8f
01a7f94
01d4de7
020aa2e
0250834
1ceaaa2
01f7ca7
00057e5
035e464
023e156
1deec1a
1df3858
1cc0e8d
1f07f40
037f6dd
1f305e7
003765d
1e514dd
1e07dd0
1e0926e
011e1f4
1e62021
03128e7
1eaf91a
00bbe03
00e025b
027b766
01ece84
013f669
019f1b5
1c3fb40
1f96c80
1c0f9bb
03bcc67
035db71
013fb49
1ce73d9
1fbcdde
1fbcb8c
007ab30
1dac327
1dd6aa3
023ae69
001de37
01e4e46
01fc3b5
1e4d406
1f2f39f
1ccfd21
1f308ae
013e32b
02e86a5
03ef037
1c23e91
023b619
1ed81d7
02db180
1eb18ec
1ed70ee
038e1c5
1c47c4a
00717bb
01e0974
0106e1e
03d4510
01edae1
002d01c
1d89ef1
00900aa
0153ba5
1e1fb75
1c36c13
03d8ac4
023744c
1e7fec8
029956d
0098cda
028bdc0
1f58c8e
028f848
1f30100
0297373
1ea7a0a
0238333
009cc66
1e1870c
1cb90b0
02dd9cc
1fd86e7
0267dee
1f97fc1
1e8051d
1cde11f
1fcb84d
03816e3
1e67378
0182bce
02ba178
1e9f430
1e33418
1d691c1
1f31e9f
1e806ab
1fc0f4a
1f13e2d
1c3d69a
03f125a
03e4f35
01da042
006af2f
03dcc24
03d2f62
1dc8a4b
1cadc79
1db6587
0001fd6
1e99364
0244d61
1cf4eb3
01e5e52
022cd4b
02525fe
01fc471
1c42f39
02e6ee6
1e5aba9
1c77482
0345fbc
02be97d
1cf59a0
1d86b72
035fdb5
1de868e
0086e2f
1cb4935
1ddff4a
01972f4
1fc5a7f
1c3d43b
1e6a440
1cb0071
017a1f1
1d15ce3
1c782a2
1ec925d
0078b6e
1e1069f
02a3b33
039ac86
1f90cef
0232270
1c3329c
012ceb4
1e64d26
1c656d1
1e0cc32
1eeace5
033e9e3
00a24d7
1cc67eb
01a0236
034ee31
1f26ea9
1e304cb
1ec550f
033d8e8
015caf3
1ff4e3e
0171308
027f2ed
03936c4
1fb02ee
1d9f508
1eb241f
1d52329
1fce480
013e25b
1cbca28
005536d
00b937f
031c194
021da43
0310c1d
020b8e2
1f7deac
1e4f970
1f22514
0281812
1d1bfe0
1e0aff6
017d3de
00b0a03
1de7a83
026936d
0284a5f
030c2d0
03b3a87
023b6b9
00899bc
03a2908
03f3344
1c329de
0070ed2
01568e7
1d6ee68
1fd707a
1edab48
1d6393d
1e8e751
039728d
03f2e71
01ea189
1cfb625
02b89a3
1cb0d10
1dddcdb
0183a51
1e41d6e
029f1b5
1debeff
1c34152
1f4d5c1
1e75b36
01bf423
007b150
01fe84c
1e06904
012ebf8
1dc9d72
1ddd315
03c25fc
1fc5b15
1e88d3a
1efc133
1dfd2e6
02458f8
0028e19
1d491ff
019a3b1
1ec1a85
030754a
0360c73
02515d9
01db731
1d3251c
0112c8a
1ca37dd
008c084
1cadb2f
1fd63e7
01a13c9
02c23e7
01d2515
0087950
1e14691
1ca10f3
1dc88a2
1c72f41
1faa49e
1db46ef
007b261
03666b5
010a605
1e45396
1dfa1e4
0030575
02756ec
1ef478e
0190f28
1ec9df1
1d25d10
0292bcf
01d2391
03a607f
03eac6e
1c0eb0b
1ea6027
00b0d4e
013c287
1c93e64
1cbcdc6
0223ade
00dd49e
0064473
0188a66
1f03f94
00f49c5
008ecee
010b6df
031c86d
02bab1f
009528b
1cad685
1e05a85
1c0e420
02db545
1ce1044
02ea5c3
01d978c
01efbdf
1e518f5
1ca86ff
1df9203
1f853a4
0222f1d
1e49a62
1f7688b
1c5aa9b
0333938
030bac0
01d9ad6
01d4654
00b305b
0253837
1ee2e63
1c04d65
02acfad
0268cd5
00b0bac
1daa2bc
03ba248
0292bad
1d6cdbd
1e6d698
012c598
1ef3216
1f0d004
1ffb26b
1dab154
1f1c61f
02415de
1cf932d
03cc6f2
02547d2
1c25743
0326d3f
01b8147
0215519
02ca1b5
03c5093
1cd6c71
1dee90a
01fa36c
02faaee
1fc3148
1d16e1f
1c5e343
1e4ba48
0275a2c
0297c5b
01937e3
0081f9a
01caaba
1d2cfbf
00f87be
008a7cb
1f967bd
0245aed
1d606a4
0119ef1
1ecd082
027b739
1f66ea6
030ff14
02b4d6c
0364767
1df7cae
01ffdf5
1c9c2fa
00dd423
00adfd1
0044ea8
1e9bf13
1ddc0b8
1c082ca
1c52f63
1ed1d40
02f91dd
03fd827
01f36cf
021c383
1da6f1e
1e44c97
1d8cbae
02077bd
1d7ef49
1cf2848
1f196c3
1e60201
1e60ede
02757eb
02c7929
1dcfae6
0225715
005bb32
1f88663
1c00169
1dc213f
0376cbc
1f278b7
03c143c
1d871b8
03fb5ee
1cad3cc
0113833
1def13b
02d1ae0
1fc024d
02f28ec
02473ad
1f4744e
0136377
1f584f5
02647fe
00267bb
1d067b4
00b9cca
0112cf8
001d64b
1ee9aad
026c700
02d6aac
1d029ff
014f954
1f88d75
1d1561d
02cd5c1
0111052
029b0ca
00bb112
0242052
01143da
1ee7799
014579b
1e5b592
1f8be25
0307383
03a5487
1e8da62
1efbb03
03b33b0
1e2afae
1f89597
0207c40
1fd69d2
02bffa1
1c0539f
1cb3647
0241d84
0373811
1f08ad6
03f373f
1ff67df
038d9a7
013b8e5
02a33a1
0118931
007dc16
02eb216
1c1ca24
0258af8
1ebf39a
1e62f1c
1fa556e
02930fc
02736be
1e4b6e8
001403d
1d03c41
1df8880
1c1a8d4
1d73fcf
02d4ca9
02c168f
0205ac3
1d80c76
01065e3
0013ccd
1d10378
00d44b5
022f105
01845f9
035c5b7
001787f
1cc3e8b
1f2b182
025e75c
1c48c1e
1dd894b
1e9a7cc
1f73499
011253f
1fbe8b3
020ff4a
01b7a40
037d812
0247ead
1fa6d2f
1e21e47
030b079
0097ba3
1f53590
1df2040
03228eb
0332f68
1ea922f
1d66665
1f3413c
1d5acb7
1ef1d41
1dc3c52
0222b0d
1c4d467
011d241
1c8ade2
1dffebe
02afe4e
015cb5a
01b7cc1
01d91fe
1e5be73
1d0a976
1d6ecf9
01a27ad
00e1aef
03953ce
0252793
1f8f801
007e89b
1fad466
02da1ac
017cb2d
1db5a01
02e9e55
1e64c9a
1d90a15
001a3b3
0167b0c
1d1f055
00f05bf
1df8ea4
03e886a
02dc5dd
03d7188
013278d
0035fb6
03f5df9
1e13dc6
00400f0
01aa0fd
01106c2
1dff4ac
02dfd76
1f567aa
005556c
0308dc9
1cc65c6
1ffc9db
1e804e8
011c176
1c240cb
1e174b2
011d659
1f875d3
0395c9b
1cbb1e7
1ebde98
008779c
1f62f94
02734a7
1e0c20a
02b3233
0379945
1fd3dbe
1ccb899
0137f31
1f44c63
02c1438
1fb0fb2
00e857b
1eb2ed7
00f2b84
0222d6d
1c0f97e
03e7b12
02bd405
1e900e9
1c7b0eb
1dd766e
1fdb4a7
1f91404
01ff73b
012f2ab
03570db
1c0f294
1f7f23a
1e61835
0047875
1fc8f0a
01a1602
1f23975
0222a50
1fbd095
1d524f6
1d20f88
036de19
1ff8424
022a436
1db0544
1cfb6a0
1fc4d44
1e8af95
029c816
037e465
03bec59
1dc06fb
1e5dc33
0232035
1d59845
1c3a9ac
02b15bf
1d30f74
1e49d51
000fca0
0230e81
1e022a8
00a809b
1f83282
1e50e87
029f97a
000681d
035bb06
01479ae
01897ea
1dedf9a
1d21a74
1f0c267
01a236c
022bc3e
1e76337
1ec537f
1db8ab8
01b31d5
1fee99e
017b5e4
1f8b201
0121623
018ad0e
0325a2f
1f967d3
1df89af
1fc116a
03268fd
0329aaf
1c111e8
03ddb82
03dde6a
0303f08
1fa3437
020a76e
007ee97
1efea08
1d152df
01f7438
01781de
1df13f7
1ee2ec0
0182330
1c51186
0338542
1d77f34
1def8b2
0325946
019649f
1d31c6e
0136a3d
02833fe
01e81d4
00c885d
1f5fdc0
1d6482f
013ad7e
1f21eda
02be5ca
1c1fe5b
1e3d754
1ee3c93
01278a2
1e650fb
1e9c710
1fb5245
1cbd8a8
02c6e0d
1d3409b
1fcd3cb
1d2987c
00b430f
03012d8
1deada6
1cc69ac
011af94
1c8af58
0203a41
1d524ad
1f58674
1c1a9f5
03ea45c
03119fb
1db9b3b
1ee1798
00f182e
1f29ff0
1f69c08
015e38e
1e85e67
1fbfb65
1c2191e
00bd5c1
1c41c62
1ebd89b
010adee
02e5829
03ff791
1e9d345
1e8347b
039f4b8
1fdf798
039b2ff
03a936e
1cbe387
0253bcb
1fd45e8
1ee9fc1
0110c80
1c51766
000bf54
023cfe6
1e99eff
0015136
1cb2843
00fef7a
1e14d10
1d664d7
1d87372
1ebe71f
03dbb0b
1f42501
017c661
02a0668
1f8b42a
1da463d
01acca9
1c6f520
00e5763
1edd639
0154712
0340992
1dd0acb
01595e2
1e5c0af
02ce0ad
1d47dd2
025d337
03d81dc
024fb92
02845f8
1f68790
02c8b53
1c7e3c2
0223185
1c5939b
1dc31eb
02a6725
01108cf
02589e9
00afc6a
1f09f10
0343b03
0141d0a
0061892
1c62200
016bd83
1fb0b16
1eb5bbf
004c3c3
1d5bbfc
1e076eb
1cd4c0a
1c86acb
1fa54f0
1e9812f
01a3e54
1d2be12
1c48447
032032b
1f9ec80
0300121
1cc87fe
031818b
1c54e9e
1ef3136
1c339a4
1da780c
1fe8ea5
1c2a14e
1e1c234
1cd283f
0350b09
1e6d41b
1ff5806
1eb5259
0386008
024d969
1d8e7b0
02bc5a1
1cb16c9
1db99f4
00c386b
1c92d71
1ee8ce1
01b1209
0207cb2
1ffc803
1d818ce
02f0f89
012bd79
1d48a28
1da39e9
1c1ede2
02d7aa1
1f5e82b
03da657
1e1adec
1d6dc40
010b2c5
0282e02
1e9ff3c
1da181d
1e91dbb
01c9068
02b7a28
033ee35
1e2e781
1e58d83
1ddd475
00947ed
1c326d6
1df66db
1ff434b
00211f7
1cf515c
1da1e75
020fdb1
1de9b3f
01df27f
032d873
01fa262
1dfd94a
1d227d6
1eafcec
036ca8c
1cb439c
02aa2c4
03879f7
1c59dc5
020271e
1d8bafb
0298492
1e1edc0
02ea0ae
1c249e3
1e415b7
023cf5a
1f79f5c
1c670de
1de9535
028a4cf
1e68c44
03ae61a
03549ae
1f94fed
02d8722
0325495
1ca033f
01915b6
009d89a
0359534
1c802d5
1d754d4
1dda8c6
1f985d3
03c7ddb
02d1b16
00864a3
00bb3de
1f51c70
1c6859f
1fbec4e
1e932c3
1de237b
1ee68b5
1d6ab56
03152ff
1f31453
016b505
0168bf4
1cc964f
033f237
1da6459
00af68f
01f1ad0
1ebc564
1eaac07
1cd3010
027464a
1ddecaf
008aa5e
00b3559
1da3ad3
01fd93b
017a93f
1fbea7e
1cf8c7f
1e6de3a
01fdfe4
03834cd
000242a
039e77c
1fd3959
018cfbc
1c18135
1e0a26a
1f90b7c
1fdbf15
00a59ed
1ee5e32
1f052b1
00db413
1c3910e
1e6dfa7
00da20e
1ed07e0
1fd2ba0
00d12ef
1ea2042
1dcc671
1e4fdf0
03092c0
03b772b
1edcd11
1d72118
026cd08
1e883cc
1d6c061
1f8acb1
017b693
0169d5c
1dc6b94
1ebc7e5
1ff5f0d
0345fe0
1ea3faa
1f80c75
01e9669
005ae52
00f48d1
026597b
1c28f0a
1c01eac
0037fca
1f8571a
02758e6
0095e66
0102d9b
02c4c82
1dad39b
1e5e640
02b25ee
1f8e80d
02e48a3
03eaebc
03cae0d
036db68
1c84c59
1d91753
1c4e703
0327c07
1f42720
1e4f9ba
01a678c
1f5c736
03b8740
02520ca
02e482e
030ce08
0253086
1f1b50e
1f86988
00b1da6
014e4df
00db69b
0162559
1f6de40
00b962a
1df5925
1c6f178
0082d45
018e7fc
0243689
03375a8
1fabf4c
1d79363
011bae6
1f785e7
1ed440b
016063c
1ede8ba
02ee386
1f50429
02f2800
0214cbb
1d4157b
014efe6
01e3e2b
1efe339
1f23153
1ecf12a
024b4b7
1deff74
1ed5405
03546ff
01a19c3
1cce765
008fe66
1c1116c
1e22f26
00508cb
1e5f456
00bdfb5
000d845
1e69660
0155d53
020d2c9
1e3307f
0182ecc
030d83b
039236d
1f1236e
1eece7d
1d053dc
03b8435
1d25b47
03ae7fa
036e755
1e1a290
1caec59
01478b8
1fec11d
1ce60b7
014d8be
1c81d42
1e12094
01f9a2b
01732d4
1ffa4de
1e4e4dd
000c583
1fabec2
1cd993e
025951f
0149964
032e2f0
1cbc34b
022d44a
1ff534a
1fcbbc3
1cfc981
1c726ef
02e8f3c
1debb05
1e612c2
00677b6
003696d
02f6c5e
1ebd986
1d6343d
1dda5b1
1fb496c
029adf7
025551e
1eb8625
0393f81
001120c
1e09236
1cdf627
02eb9e3
01ff3e8
1e3f8bf
031fea3
034a5b4
1c211bf
0160f8d
1d17ab5
1c6bcaa
039b3e4
1d5ba7d
1dc9683
1d89d48
032387b
0344c1f
1ff01ad
004d757
1ce77a8
1d16fd7
02d1ef0
1edab64
01bd13e
0310b4a
0332b86
00042c7
00285b8
02e49e9
1e1b02e
009d16d
00c17cd
1cf9e59
1ddcb99
018dee2
0251b41
1f7be87
1ccd1a4
1edddab
1c13464
027c8ef
03052b4
0211234
020bd86
0092b65
1f05ede
012db03
0290887
1d27c75
1ecd67e
023c2d0
008d319
0241582
02681d8
03ff42b
1d9755e
022c148
1ebaa2e
1f40d9b
1c8e83c
039d22f
1f1ee2b
1d46709
1e35b8c
014ec89
1c01ebb
03455d7
0073cde
1e4f1ce
02535ef
0058c9d
01233a7
1d38250
03ad712
03832ef
1f80daf
03e1a8a
1d4e65e
018373e
1c180b3
039328c
02f5b62
00325ba
1f44b94
02565c3
1cc1741
0258c6d
01bd001
01ee919
1f7323a
03217a9
02aa5d4
1ea2fc3
003fbc5
1dc7841
1f34b97
02bc648
034369d
1e700df
1f382f1
0218202
1ef28b5
1c82acb
1de64fc
0120d4d
03dd9d2
1f8380d
00434df
0210d96
1ca6662
01d3200
1cc68b5
0334a3c
1ceafed
008e8d7
0243334
1d7d6e8
1fe4cb8
1c811ca
1c07996
1e69ed7
00f5831
00f29b6
1c9823b
000a4f1
00f5ca6
014a711
1f0a8f2
027f70f
00f42e6
00cf29d
0168bae
00ab3db
015f2df
037fff3
003b357
01b04ee
1d1e88b
1e0f77b
1c12f98
01c3775
1c99227
1c45dee
1ccddbb
1ee3a1a
0017d31
1d0db02
0255e95
1e84703
1e343ae
03b28cd
1d96553
0034688
1f91b1d
00cfadc
0119503
03bafc9
1e4e24a
1d3ea88
0214c0e
1ffd068
1ea5be9
00aa03c
1fbef57
0157299
1d778d8
1cca7c0
00c1383
0130a0b
1e4ad88
1f404fd
03f3a3f
1ebab85
1f1ede1
00b6bf3
02f9e23
01c83ad
0215d73
00290ca
1c4ac71
024915e
00e0e53
1f02c03
1c0d658
02eee2d
001e24d
1e91cc4
1d41b3e
1c5318c
1ef99fb
1fe8801
039052d
01548a5
0000c9c
006107d
03f4622
1cf0c53
02db6b0
1fb9465
1d59ba7
1e2fd9a
03d6410
0376984
033781e
032d941
01314cc
00edb38
03df31c
01d84dc
010a087
1fb5dc0
036d826
1ef7fce
0276343
03a8178
022bf71
02266c9
02b38b4
01eee42
1d9698a
1f07eaf
006abc6
1dd47c8
00c5b42
1cc928e
1fb9bb4
00e5948
1f45178
002ff54
1c46d47
1ef7624
1f1fc86
01daa04
00c282e
026d48a
01bd334
1cbb60b
1c8e963
1ecb476
0095e6a
1fb82dd
0391ff7
007d63d
1fab881
1da4c92
1f3241f
1dfae7a
0377d2e
1fd7395
003b72e
00014fc
1cde2c5
1cdbffe
0220591
02f6e62
01ba727
1e21cf5
00d065c
038c271
1f4f81c
1e16eef
02afc24
1da3f1b
00deaaa
1f29721
0091829
007872a
1e3877d
1f1c437
0117851
1c0cfb3
1cd9428
02f14c0
1cbd3bf
1fc55c1
039e535
03fee7c
018a9ad
033f05e
1eb5b53
01ffe7b
1d852a4
1dfecc6
029c192
1eec68f
0259b4c
0364b8d
02b8ce4
1c9c8a7
0379982
1f7d6eb
02384ff
1c1acfc
1e7698b
1e74503
02d3784
03b2d46
019cd7e
1ee5610
1f79937
1ee460a
1eaf0b4
0087a0c
1ed0b9a
1c04123
1f903ea
1ce873e
0361010
03fe9d0
1dfaba5
1f8a0de
03c9297
1ddeca9
022e33f
01a0e51
1f7b1c6
1f09f73
00cb2e2
1c31b13
1e235ce
0319372
0333b9b
038b5c7
0089fb3
00db7d1
00aba43
1e4e52a
1ff7192
1c51dcd
1fff859
024df0c
012e0bf
0073740
1fd30a9
01e594e
0234221
033b8b2
1d2d0c9
0194d89
1fb03b3
1f28b12
1f66faa
1e8498f
1f35e03
02f92d1
025d794
03c0b79
1cef1a1
0084ab0
1c21bb0
0390888
1d8eff2
1dbdac5
03f3f56
014d4ab
0184aff
019ba9c
012861d
1d4468f
1c5febc
1f65314
1eb1290
0002365
1c129ea
005e1a6
1cf50d5
0353137
03569c2
016bad1
0254049
008eaba
1d8294a
1c85f57
03f8f75
0027c5c
1ee0d84
015d138
03c70ab
1e5bcde
0017ecb
024692c
02dad1d
1f3ee9f
00d6dd1
025c397
1de37a5
1d441f0
1c6a8c9
1c8e0d1
1c11c94
1d6c174
005b1a2
010892f
1cab775
1c80b49
1f5c6f8
025bb76
0377990
1d78911
021a27d
01d0a42
1fbb0d9
1e43170
1f9086c
1f0d681
1d3bbe7
1d025f7
0190ffe
1efe150
01327eb
02422f0
031b45f
02d018b
03b193e
1faafa5
1c66e61
0389d03
1e5877c
1ceeb68
0061b68
1fe4194
1eb6d94
018ef6d
1c8cca3
03ea25b
1fe5fda
001f89d
028faf1
001907b
00f71d4
024975d
03deedb
1e3dde1
03249a8
1c287fb
1e91ae8
1f78b28
1d8e9ad
1d35e99
1f2800e
00c5233
1ec02fa
03e87d0
01556f4
014a722
0201799
003a083
02a7755
1e6bd44
1c9eabb
1d01289
002bb7c
1d10820
1dce04c
037f9b1
0376cc9
1c5e9a3
0341dea
03fd657
1d654ea
1c1cb77
02cf8e9
1f10557
1ece536
1fd3808
1e078e0
1ec603d
018f3bc
1c46526
1dfc81c
1fca3e7
00b655a
1eb3377
00c4b80
0104aa3
0299d12
01876bd
1f8e0f5
00f69ff
1f2c3c5
1fea938
1d7daad
1dcc215
1c5b887
01c5117
1f80c02
0000c3c
0215976
0263c60
1ddf7eb
03a8099
01dbf1a
0031b46
1fdf0ab
03944ca
011e3c7
1e58574
1d3b782
02b555e
1ff1970
0254757
1f0da8d
00a4443
1fca0eb
03f3981
1e3b7b4
00e2557
1f08443
033cb96
1e3455c
01ced3e
1e3623c
026787f
0341ef0
1e5aa64
1d41018
1df321c
036bd7d
1ed8e35
03ae20f
1c63ba7
03ddf9a
1cbdcf4
1fb2abc
1ecc979
1dc1e2a
1c76aaa
1d95914
015cea8
1ea1df1
1c619fd
01a23a3
00929e0
0054d80
1f46b58
1d2fa47
1fb24fe
1ee8a3e
1ef26b2
1c94fd6
1f04343
1c2a354
1c36b22
1deb594
00a6da3
00a3a25
020bd96
1eba65a
1cf3faf
01329b0
1e5fb90
0252d9d
1e354c9
00c805e
1f32791
1d6d03f
00bfc84
1e040a3
1d4789e
02f24b4
1c8486c
0338e66
03bc82d
1e0b84c
0216ef3
1eed68a
01fb707
03d2f6e
0150e68
02d19e4
1da761d
016066c
1c395f5
032ef71
1f1077a
1f6a815
1c56531
1e9b3ad
0157c53
01223c2
03aca72
02d8af4
1cbd1c0
02aff14
1dc35d2
02aa2f4
03b508c
03ab787
1e4e180
1e58980
1f70187
0102dad
1f5da65
1db6cd5
1c134ee
1de0c10
1f4b67d
021351f
006543a
02b878c
0065f2a
01594a6
0262dab
1fd6282
00f480c
00f119b
02b7d59
014b4a7
019f9f3
1dcb965
1c42f06
1da2b52
00893fe
00d4a9d
1f7f14a
03d80a0
022a817
0137b74
1ddbafb
00cf5d2
1f1f535
03c24b2
03dbb1d
1ea827a
1ef032d
1fcd8c7
1cce090
1d9db68
1d4375d
033ae48
1ef34c6
1d5aa24
02f49f0
00ef67c
1f19259
026f507
03c36e2
0333942
03e5376
1d0de3c
024b998
1f6253c
00b6987
0119519
00b2452
00ca226
019f9db
033d22c
1dce364
1da373f
1e40535
02dce56
00fbc55
1eff250
001b2c4
03fa940
1e9252b
037e5e3
03b7776
1cdc0b6
1df66a0
00bdb80
1e8a85a
0149d82
1f2fbf3
1fd692d
1ca1a36
01a1b34
0284602
01d414a
1e1021e
1c67217
0049ec3
1dddae9
009eaa1
1dd2cfe
00afefb
02afb7d
0200558
1f1d809
1fde5df
012d763
029bc68
1c0e653
00f9567
1cb5e35
1ec90c6
1fb779e
1f2fbe3
03ef088
0242163
1f62179
00813a8
0305395
017a556
1dacceb
03644d9
1d4b355
1cd3b0b
1c12e97
00f87d4
1d1f0de
01f4ad6
1c5494a
1c351a7
024cf10
01ce942
012460e
00c4073
0337b64
018acd2
02f9a85
1e97844
1d65a43
03726a4
01b772b
023312e
01ffda3
1dfa90e
03ae3d1
0226185
1c04536
022bc7c
02ec542
1f34925
1d2851d
1fe413d
1c5eafa
008e04c
1d1ca7d
015e656
1c4c1d8
1d95743
1da60a0
1d9b582
03fc00c
1c57992
00c0a31
015fece
1cedd23
01e6511
013ac8d
1c915c4
1e93ace
031051d
1e92106
000745d
1d66593
038d988
0257d94
03474d0
03d87ef
1ccb5b4
1fde55a
1e1d2de
1dd0847
01d18a0
1d31fd6
038d3b8
1d8af78
00122ff
1f04c30
039d5a8
0253798
023576f
1e654d7
02eb1aa
00b7465
1cd916e
015b6dd
0108778
01c78e2
1cacfc6
1c14087
0200c72
01f16ae
1fe254b
1e2e7a6
1e51cef
011959e
1fc9da3
039f975
1d6df0d
0370248
1d8fc05
02032f4
1e6ee3a
1d61c84
00d27e7
1da513d
1e706ec
0320f21
1d3322c
1c1cb38
1c0cd51
0261afa
1ecb512
1f7c886
0122bb8
02c481a
00a60da
0367ca6
1ff1d06
00e7080
011188a
1f1eee4
1dc74ed
1e72277
0358575
0160770
01129fe
01006be
1f6cd02
1f702f8
1da1c46
1cdca7b
1fc8c00
002d775
03f23f1
00c1ce3
1c878fd
1fb6e0c
1d347fb
03e34ef
1e4a109
1f99799
00012f7
01a36a3
1c803ad
1d33783
1c44ff4
1eb8bf0
006c8a9
03a6de3
00beecd
1c54bf6
03174b3
00f98ee
01b73c6
1d20a19
1d45d15
01a64a2
01236ed
1e5097e
1f70a66
1ffd8ed
1dce1be
02b231c
018373f
02ce404
1c5b4cb
1e89447
1f2611e
1cddc1e
01ece15
01351ec
000f91a
0300338
017836c
1ea8fd5
1e08647
1f7398f
1dc27b5
03815d3
025bc73
026ea86
1c4e64e
1c6d9ba
01604e4
001a4db
0338d91
1dc1fa3
0300746
1ef2d89
1d9ffbc
038aa3a
1d4ec31
1edb9ab
1e9bc06
1c196c8
02a7066
0330c86
039b8c9
1c8a080
0283ce2
1cee3fc
1d2e084
1da823e
02eafad
02ad39e
03a3993
1f674ff
014a6c5
0399c5a
01cbdf0
1cbcd17
00def30
1dc0326
1e084db
1ce8a69
1e27142
1ca1070
1cec936
00ba804
0230f17
03fc39f
1d8bfae
1d390f6
01d40ca
03eb945
1cf8036
1da70f0
00da18b
01bf4e1
1dc5cfd
002b9f8
1e8e015
1efcfd4
0158bee
01469ca
1e6ce24
1e93a0d
0173905
1d92772
0291a5c
02bea34
009b41d
00db255
1c40029
0156a2a
1f2c688
1c8551b
1d6eb94
01ee1ea
006180f
001fd77
0049ee3
1f91fa0
006685a
1db820e
1ebe7dd
1d2ab54
016f452
030850d
010827a
00a7ace
02eda44
0015b15
02b14b4
03d3453
1d1d34a
1e53d6f
01787ae
1f4f39c
1f6aed3
0375a4b
01bc955
0194970
016b809
1cbf720
1f056ac
00a2019
1cf087e
024f1cc
01c7096
0176c25
1f3da32
016682f
1f210c3
1e185c4
031cb80
1f53edd
1de2733
01c04a8
03aa24b
01729d2
01f57f7
03ce174
004393c
017fe4e
1dedfb6
1fbee8d
01f19f0
02fee69
01f32c1
1c5bacd
1d8515d
1c6cf35
02aae2d
1d4e14f
03529ca
1e36cad
1c2c076
030ce79
0341ecc
1c6f746
1efcaff
1f710de
0379a76
1f342de
1e04455
1ffc00e
1ee1ef6
00116de
02ade1e
1dab819
0252a62
020a71a
004e59b
03c01d4
02619c8
1dd2214
025d33f
1cbb4e9
03ab106
02b4423
1e82c3a
0032550
0122eba
1e2df07
1d4f172
009ebd0
1ddc9c6
01f1a34
1ef709b
1c3ffa9
1f8c63e
024d47e
1cde2e9
01b7d26
0351253
01ad6d5
0229846
1c44e9f
1c06166
00d7c33
03404a1
00c7b1c
1f901a4
00d9c42
00774a7
018f0aa
1c0c964
1f02757
1f05686
02ab970
1c5a058
0147e78
1d13fcc
1cf6013
1cd9d6f
1f46fa8
002d6ed
1f6f2b1
00a73ec
1dc2c55
1e8c79e
01cfc16
1cd58d8
001f833
1c1b441
1c502e0
0065687
010e402
1d20d78
032c1b2
1df1c03
00b7c99
015a7c8
1da547f
1cce3ca
02d2026
1dd05f9
1e84c5c
1c6cce8
1f67dcf
1d51196
1e2bf9d
1c42786
015293f
1ff6150
1e91b9c
1ced485
1fa8496
0305a51
1cccc3e
03421a5
1d716d9
00526f7
1d7247c
1ee3f93
1cb6d52
00f36b1
000c87b
1c34fff
03324da
1f66ca6
00b473d
01f278e
1dc2688
1ef5ae4
030f809
003df30
1d361b2
1ec4e9f
1fc40b3
02a2351
1cb9a47
1f3d8e9
1cf53fb
1e32d2d
1fd7cfb
1c313c9
1e4a87a
1f75db3
0321cb1
03f00c9
0363bd3
1d51ea7
1ded410
1f6bbc3
1dd8adb
1c3751a
1ec7ecf
0264368
033d5d7
1f1e2d4
012ecf1
0234d6d
010baf3
1fd4857
1daddac
0337096
1f13e19
0250401
1d2b923
027bd35
0019aea
0353835
1c9c49e
02d1195
000699c
1d3f414
0372c18
1e5dabd
02d2c2b
1e267c7
02b5c27
1e9beb2
00b53ce
01c42c3
1d4dc0d
012bc77
1d2666c
1c7de2d
01caac6
1c99e25
0000407
019614e
1c75548
1d16cfa
1e80991
02a6ed7
1ca60be
1c0fb8d
038341d
1d0e0f5
0171f43
0051853
0226961
1eea76b
1c3e5a1
01a8db8
1e0504b
1df0fb9
00ac7bc
03fe21c
02549a9
035d92f
1c52691
1d4d251
1ef19a1
1d99de7
1e166d5
03cf1b4
00f1266
015276c
1c8d2c7
1c553fa
1c6ba54
01bfdd2
1eb9f65
02961ac
1f0a24f
1db6e30
03efa5a
0319956
039fe00
0301830
1dd3e42
033efe0
1f97338
024faec
036d602
1f35250
1f19ce0
1cc69d6
007c89a
1f053e1
0213f6f
1dca949
03a9e25
1c2d961
1c3fb2e
008dcaa
1f2085f
1cacc38
0217ac1
1e6e67e
1e97cad
03e87c0
002b70d
02e5837
0009319
1c607f2
1f0cb5e
1eed71f
1f0e86e
035c241
1f40e48
010fd3a
008e44d
00683bf
1fc6437
00f68f2
0245e8c
009e44e
016ce97
0169219
1f002a4
00a0cf9
03ead90
1f8feee
00b2dc7
0038daf
00eccac
1e1dfdf
1d78b38
0006c5f
1d204b5
00d3dbe
1db01fa
008cbc8
1c61337
03b9ec0
0158103
1ef42ac
01acd72
024dc65
01c43de
1dd6eef
1ff28bd
1d6cc80
1d1aa81
014c64b
1cc31aa
1e6348e
0129da2
1f185fa
022d363
1c5d7e2
1dc016c
00bc144
1d2bcc3
1de0335
00075f2
1d16f60
1f0738a
0113d97
1c446fc
0080a71
1e591f3
035b4c5
1ec083c
1dafd07
1d2c51e
00b7643
1ea03ed
1f1deec
1d3a791
1d87288
0387a7e
1eb239a
0252eff
01d2767
1fe14d2
00203f7
02b8e23
1d2363c
03f944c
013be78
00ed44a
005bd41
02a3118
1f33b7b
00b3b45
033280f
1ffa0ca
03e0c1b
1c47108
1e69e50
02d9438
1f95421
1f23e09
1eee6e4
1ef0630
0276c34
1e07128
02557cf
02f5d7b
00159fa
00db378
1de814a
1e0d9f0
0185a6d
1c2af09
1dcc7bd
1ca39e7
1d8ea07
1c0b51a
01e3acc
02a7aee
1db9ba6
0172dbc
1d35efe
1d1b47f
1faafcc
1f6ebd4
1c003e3
1cf9f61
1d3a6e4
1e5677a
02e3c61
0031528
0192d93
0072ff1
0221cba
01f2dfd
00d53da
1c077f3
02f14cb
03d5751
02755ee
1f36165
1fe8516
1f97860
0116639
0373e7e
1c94a91
0223ea2
008b53f
0239cbd
1f048f2
034686b
03b8261
038d0c5
1c1c857
1d83ef1
1fa77bd
01551da
1fcc608
1dc9ee8
01ec921
1d14ded
1dc193b
1d0bb37
1c0bde6
1d665d3
007b9c0
02121b0
03832d6
000aeaf
007ffef
0022500
022c638
1cf7fe9
1dffece
1ca1f5e
0143481
034e501
022f7ff
1daae54
1ca9d75
00e35ed
0298e1f
1cb3d52
01ba87c
03362a0
1c209dd
1eb009f
1e78104
1d16930
01d8245
1d544e9
1c3ab45
1fcf549
1c421f2
1dd372b
02e7817
0393aaf
1ca4c3f
1e74788
0365745
1d585fe
00b2b90
0191320
1ddd067
1cf863f
1f2b0e2
1e6f9ca
1d4d91a
1def3ae
02f4bb7
0210e7f
02173c2
01230f5
03e6bb3
03bb554
1ebe548
1ef4c22
1d24c44
1e3f720
01650d2
00156d9
1c21bb7
02fcf38
01fa6ba
1d186ca
1fa0459
01dd231
00bf9fe
021eb0e
007ce83
1ee6477
0310add
03d975e
1e23337
0049d0e
01b1f90
00abd34
0253383
1f68210
005d749
00c57c4
00931ed
1daa4b6
03e7054
037a005
1f70729
0053cb8
1c96dcd
006a938
1ef8cc9
1ca3baf
02c9b23
02393c8
1fda04c
1c3e87e
0193f18
1c54d94
1cfd7f5
1f7a036
1c8385b
02c9140
1f0e1d7
1e2fb07
01c66d1
1cdb126
016a965
028d215
012e989
1f194b7
0102574
02becb3
1dc8b6b
1f33bc0
1cb407d
1e231ec
1d31ec9
1c5de73
0215e49
023869e
1c116f5
1c15288
03257d1
1f5c306
1c7521b
1fd3861
1ec965b
1db3073
1f19272
1d1eb30
020ac5e
1fb3274
1c7b7fa
1d0e2ac
01a5a6a
1c8034d
1f7e678
004a929
02ab0a8
030a626
1f372dd
0152062
1ed6265
1e065a9
023e196
028b70e
0289810
0259518
1f1552a
1c12d59
1cce072
1c30da2
1eaf3aa
0320b4e
03d59b7
026eeeb
1f97067
01bee12
007b7da
03f013f
1cfe6b0
1cb85fb
0325aab
1c4bbd9
1f6a9cf
00ebcf7
1eeb66c
038333e
0257f3a
02daa60
01d962a
1f8c36c
1e7f63a
02f4d0c
1d4950f
02b11aa
1f93292
024faba
0029322
007d357
1f8c5e1
1c6ee99
01df087
0285e0a
030c7c8
01da85a
1cc40ed
01797cc
1f0bdf2
1dfd541
01beb70
0322055
00e687b
00211f0
0243a4a
018ca41
1c2a794
00e2176
1d887ac
01dde35
1c8e654
01bb0c3
1eb55fa
1da8972
1e1c6da
1d12d9b
011d6c1
1d8a6f0
1feb9c5
1e77a57
01155e2
1e36ca5
01fc9e8
0361769
1dab62f
0337558
1ec09c6
1c116b8
014b127
1f1a8f4
00902ef
1c67298
0211b3e
0179f25
03bc277
1db7ba2
1ee4db7
1c4bd1e
1e8d26f
0271063
002e2c7
1e192d6
1e9d42d
031138e
0350815
1e28dcb
1d9178f
02a6b70
1e999d9
010fc9f
1f523d2
1c26672
0189e28
01271cb
1f81359
1fe9c50
0273b21
1c7e605
1f9e4b9
1c5c9b8
00e8d8a
02b6677
006decd
0307ccf
1ef3380
029e465
1fef3ed
1dcf2c1
1e0c65c
1dbe2d6
020be3b
1fec79d
0224d94
1f21b3a
1cef8a7
02361d9
1de903a
1ee74db
011ac56
1c6de1d
004d439
02d4b29
1e36cc5
0399429
02b1428
00aea9c
007655c
00f6b27
0081916
1f0194a
013974d
01a5e64
1e317ea
028197e
1e5ab56
0393c2d
1e52f71
00c87a3
1fbe9a9
1e4c6fb
01aee74
02b625c
1c2f310
1f17aa9
1fc52ad
031b025
1cc8ec0
1fb2120
018da25
1cb8a37
0262630
1cdbd8a
02791d4
01722cd
01e918f
1f0a1a0
1d37409
1c3626b
1c212c7
1d4573e
02864bb
1fea634
02f73b3
1e4fc3f
007994a
1cd1e92
01910f1
1db7ee6
032247d
1eeaa24
1fd1a3a
023a3ef
00fb64a
1da9177
02b874d
026b5ab
1fca3a5
014a545
030956d
021e1c0
1e5b5aa
1e309a8
1dc0279
00f3039
1e3b9fb
1e3ffa3
03777c1
1c39285
1ed48fc
1f51f82
1c9133b
03ff775
1fbcde2
1e37b8d
1cd8bd4
1f242eb
02b2c4f
0223b58
1ede3a4
033a9bd
1e8a3d6
00e2877
007a7cc
1cd3fe3
1c7829f
1ef04d6
03d360c
00d93c0
01075d5
03517a4
1def0da
0051d76
1d634d9
1d67ab4
1cf3fab
1de798a
00d1676
1f9a544
1f0d0d5
027c766
1f23396
00c1663
1de9544
03d2be8
1d0a077
01bf211
1d8ec0a
1f5a079
1f92d7e
1e44e33
00cac8b
1e264b5
1f42923
020ee54
1f383fb
02ede35
00d2510
00abd6e
00d3a17
0250413
03d50d9
1c31c55
035ba3f
1db6d49
1cf72b8
02565c9
1d56576
007993b
0004b5c
1f8da48
00843e2
025f269
1cc888e
1c786b5
1cfc824
1f8201a
03a7a59
020de0d
001a303
1e72625
1e1930c
1caff80
1dff247
017e844
0207296
00e3752
02e21b5
1fdbb01
03901a5
02efa42
005672d
02976d9
03b16b9
02b1090
01406c1
1fda323
1de347b
0177f62
0376190
1c82a92
1c1f755
03901df
1db4955
03a8292
1e0b0b9
012a40b
1c003ed
00023f3
0118962
1db3304
1df9e80
019d304
0325676
1fd8809
03e9eaf
1d19f24
1efaf71
1e1cd90
1d83229
1cff80a
00a68c0
00776e6
1e88e65
01efba8
1fd6d86
1c3a442
01e9c5b
1f9cba3
02a3e61
00884d3
1c10540
1c7ce87
011ed2a
027ffb9
1c71a35
1e648af
1df9605
00c5cb1
1e317bf
03106c0
037ec41
0004508
1cd299b
1defcf0
1f857e7
02cf8b5
01ba8c6
1e4956a
00b5fde
0311d6e
016dfcd
1d392e1
1e8b15a
1eb14e6
03974bd
020c565
02ca911
00105dd
1c81d08
0104c3e
0379b86
033a9ed
1cadf0d
1fae243
1d69a5f
005213c
1ccf430
02683e3
023fcd4
0380534
0095634
01ca733
03863ce
0277369
1fb3181
1d28ccf
035c8d0
1e8d789
0041231
1e66495
1c65951
02ed209
0229f02
1e2803b
010c40f
014d01d
038df28
00706e9
01f52ba
0229eda
1cbeac3
03b2064
02da187
1d61a1d
01cfe53
1e1c182
00bd556
1d803e4
1ccd1d9
02d1607
1cfa11c
037014d
1dbfcee
00786a0
025ce40
1ca950c
1e966cc
0144a55
1f897f6
1c7c0c9
0200694
00f1d76
1d94427
1f2c053
005716b
0075461
01cf3a6
1cd2fb5
0104a1f
01f791b
1c4e0c0
1d34a15
1f84149
1f86f8c
0364a95
1f616e7
1f6dbf7
03a5e14
1e86ec1
1e86a56
1e0e8df
01b4950
030c18f
020b203
001b5a7
1d166b4
00696e3
03bcf41
0183c05
1ec375c
1e92076
1e2ff13
1dee345
0177d46
1f41921
1f7cccf
02f6a37
00732b9
037e2c2
0299c47
1db35fb
03cbe0c
010ae6a
018aaf5
1d1b41a
1e275bd
1ec3ea6
01983ca
00a5ef9
1cc7f3e
1f1dd7c
1c17311
1e55d04
03463b5
039e011
1f74796
1f46372
0092139
0341541
1dfa809
1dcac60
0134c7f
02ba843
1d43f02
02e35ab
1e27f94
0299457
02d6e95
1e611dc
1d1121a
1ca691a
1c11908
1fb95ab
03a04f2
0158a02
1c58a9a
00f1d24
03d080b
037ba5a
1dcf51c
1d72214
1d5d204
1c5ca8f
0370a15
005588f
024a522
0293d2c
034aca7
01c1595
0136f41
1e0b841
0246ce3
1c2c2b2
033487d
1da5542
1ed0d11
00aebab
1cc4bc3
1df3ee2
1dd06e4
035536b
1ed93bf
1c08821
1f3c450
03a7466
1fcfae6
1d56d84
1f09be5
1da3902
1c2aad0
1fc2ed6
02947c1
1fde710
0032e6c
1cca212
02a58fc
1ef7f68
1f22d99
00cce04
00522f4
0287a4e
010808b
0392761
1e51c28
1db1071
03e48d8
030ca45
01b3cb1
0269c1c
01fc6d3
036c75a
0066b97
1cea617
024e6ac
000557b
0232cf3
1d11174
02e2f7f
00d33d8
1d8b951
1f91455
0244600
037d992
1f4b482
02b5e83
1ce0943
1df3277
1c222df
1f3fe94
013bb31
027a713
03e5184
021d3f5
1ca0479
00e762f
02453f7
0103781
031bb2f
1c2f0fe
0042443
1e2e8dc
01914db
1d54f3c
1fd5863
1e03779
0088af1
1f7dc7e
029ef97
1e9c5ea
0279002
1e3d8b0
1ccbac7
1fb9797
1db240d
1ed5520
1c5ea7e
1f5f1ff
03cc71c
1c70faf
00ac273
02aefe4
03983f6
020e718
01ebdd8
03908b0
1efe32a
1eda02f
021ece4
0130aa2
0071819
0005e37
1d0f60c
021f867
025c164
020fa56
1ccf0ec
1cc8759
00c989c
02b43f3
1edd22e
0264213
00be908
013c786
1c0c5b5
0381f0b
1d50cbe
1d26bc3
009e2d7
1ec8446
1ca674f
0237963
1e93b31
03bf9f7
1ff0041
1c9bdad
1e48db7
01d221f
1f5cb0c
1e0323f
0151bf7
031dcb1
011318d
014a586
1eb6ead
01995bd
03709d2
00877b3
03717cf
1c9fd14
020bb55
1ca601d
1ccf56a
00c6426
00ebe1a
02b24b4
00771aa
01a4083
00f923f
003caf1
00101da
02eeaeb
1f05fa8
1f1d416
0256f1a
01c6928
1c19dc9
1f45d7d
00e2fec
1e56ccd
026e409
02cb290
03b0ba8
1d3f959
1fac95b
1ca5ac5
03854cd
1ded7eb
00b596b
1f6f9c7
1e0caad
018b12d
1dcbeab
032b6f4
018779d
1ca4a16
1c8b0ec
01e37ab
1f3bfb2
023056d
1f5fec4
1c749fe
0314794
026f7af
1fad8e0
01f7aa6
0052eee
03a988a
00a1962
0005a6a
03b6e29
1ca56a8
1efad51
1d99cdc
00d5ac7
0041119
1c7e355
1f7bb99
1d79a72
036f029
1d44aa6
1fd23e3
004e15d
02cc008
1f99691
03fc6a7
024fad3
1cab4ef
1e0f2cd
1d9840c
1e303e2
011350d
1d1a10a
1dead49
1d973b6
1e5f2c8
01990bb
1feee45
030c4c9
03b6dbd
00fb6f3
1e5e567
1c0327c
03e8a00
1df5d7a
1e6d7f5
1cc3c7b
1ca62b7
03fa7eb
020fe5a
009b89d
009845f
02d551f
0173d0a
1c736d7
1eb0783
0144a6f
02cc21e
02be7fe
0226fca
03d26d2
1c94b3c
1ee72c1
0101d31
00e012e
1eb861c
0298669
1e31948
02c6e8e
0256b44
03d4c78
01b8630
0066fd3
01be138
032c487
1fee2ca
03379c4
02b1d14
1c3805f
0290305
0096153
1ee06a2
1c4302e
1ef9a1b
03d1bbb
0338fb2
1d3b1fe
003ad36
1e2a8df
1e271a9
02c46d9
1c1bd36
02f4db2
1fa01c6
1e3259d
1c0f694
1fb077d
1fa3b82
014e5e1
004b3c1
1c6b64b
02147f6
1f27b0f
01a44af
1c86633
1f9282b
006e5b1
0006067
03c193d
1c0bed7
03a702b
00b1eb7
1fc332a
1eca40f
1d4cc9d
1f75b2a
01dcc56
03c7c68
1f64b5c
03d87ed
1e5ae16
00cf2ea
01dd1cc
1d90bd1
1de574d
015531c
1d1be79
1ef0822
1e1e444
1c1a3e5
029b6d9
034b996
1e3a59a
1e1f550
029fa8b
0381796
0097ec9
031b765
1d02971
02cca9a
0392032
02893bd
00f4f85
034c7e9
00d63a6
00a3ede
0182e8f
1ea9e77
1d5babb
0113269
022a800
1c2da26
1e4e4d5
010a495
1c3f92f
1e6b7ba
0200f0e
010c62a
01fc026
1f63b2d
1d4cca4
1f3b479
1c5f2c3
1dc8c8c
1e32fe1
1d7f502
1efbce1
1f6bcb0
1d065b9
013b031
0235d28
1f83b90
01be2c9
02dda40
00f1615
1dbd30d
1d4523c
0223b02
03e2246
1e74f26
004fdd9
01ff6d5
02fcc9c
1d388d4
0273ec5
00a8751
1f4bd4a
016d71a
00e29f5
03a5254
1d6ab8f
031636f
1e64d26
02ef1c4
01a048f
0042aaa
1cd3c5c
1dfddd2
1d59487
1e1d962
1e887e8
1ef7906
1f1a321
0312910
0363be7
1ff3a83
00fc006
1c7e0bf
1df3531
1d7edcb
1e514fd
02ec312
1f17fed
0009559
1c317bd
1f5d81c
1f1e0c0
0060d9e
1e9a36b
1d00b8b
0136a06
037411c
039562a
1c7ba70
01d93e9
02939ac
1dce222
03a164f
1e46921
1ce629b
1d2e885
1c57478
00d86af
1c3a40a
1e0bb3b
1fec95e
024bf40
004b053
1d52b85
02a6986
03c2522
023f047
1c4f4ff
1fde753
1c5d296
033155b
0354db0
1d7d7e9
021017c
00d3949
0223314
0262cde
0021583
1e95361
1c43f9f
1d5a370
1e745af
02ec072
015c35d
02cce3c
025644a
1f59531
1f2a30a
0347a94
005fcd2
01e1309
02e561f
00da4dc
016eac6
0063c85
1f2e845
01af32d
0202c90
1c5b3f0
1ed3f77
02af834
1f76e50
03221a3
1dac508
1d57b72
01f6a10
0096ed5
017fea7
00c7d6e
1da3c1d
1efdfb3
1daf048
1c0897f
01f3f0d
1f69ee9
02184f5
01c160b
02f6f9b
030d66f
1cc578f
1f15bb2
1f29a80
1dba9a7
1f2ec12
1d31868
1fdce24
1ecdd0f
1c0e3d0
026fa2d
0392384
0139e6a
1e8cf1b
02aa6b4
02691d4
02a365a
0285eba
0284bb3
1c36eb8
0021b16
1fc1f7a
0084b2e
1e788e9
1dc7964
012872c
1dc1a2b
0067b86
1c8e16f
03503a0
1c7125c
00ac22f
1dd88da
1f40019
1c60f8b
00ad608
0104603
1eb6828
1d790e8
01fb094
01d87a6
0004dce
1cfa1bc
0110c5d
012eee4
1de4a90
1d4b635
1c00286
0053d51
1e2c4bb
1d611da
0230439
01e1bf7
1dd8458
015d80b
035a661
1cb8efe
014f7a1
1c1bf03
00afb4e
0059ed1
033f90a
1d71cdb
03d123a
1c22e25
032783a
0242c43
1c43568
1d01cce
1c5f825
035b9a0
1cc22e3
1f05338
1dc6bcc
01a9d02
001a513
1c9de68
1ce0103
03fc636
01c4cee
1e3162f
000032f
0231c65
010ed59
1c12cfc
1df21aa
038650a
032213d
1f4fe54
1e4a6a3
1db16bb
033341c
00f4b36
0335a3d
1d4a254
1da96a5
00984b8
1d7fd11
1ed2dbf
1e6f6f8
0144d81
01e4e64
1e06dec
0012cb3
0371f8c
1fa1126
1f7ed78
1e8bc17
1cca77b
03ec6c1
0275bee
02102d3
1c2ed01
0117944
1d68009
01fd5eb
0325666
034ff32
1c64861
1e24c9c
035fd94
03e785a
1efcf78
1e63f76
0286b3a
1d5d837
1f79825
1ccda03
1d86c71
032206d
01d22ae
1d34894
1d52bc3
1f50fd5
016e931
1ca83d4
0052971
00ba635
1e03181
007adde
1d59ddd
007867e
1ea01d5
1c3a1f0
0091e3b
0291c4c
02a840f
1f3239e
02514f9
011d644
1ef77cd
1cb8490
1ea05af
1f0f8c3
018b814
0237c1b
01992ff
0134920
039b480
0079a75
0086906
1d7eaef
017a4b7
00e6b4b
02be9ec
1c1ae8c
1cbda1a
1c3160a
01f0f29
1e74453
03ba3cf
1febff1
02dc576
1e19f5b
0070a1b
1e1ab4f
1c55d95
0207795
1e4751d
1ca180e
1fca700
01b2be9
1db9e44
02ca96e
1e2e7c4
03cb253
1d385bd
1f54aca
02d659f
017b952
1dc5b0a
021504b
030370e
1fcdc92
1f25815
1fa18fe
1db01c5
030dfad
1cbeb03
1e8d4b1
008dd84
03d6eed
1c742e7
1c93818
034067a
00c862d
032d17d
013d584
01caf0d
1c76693
02785a6
019911c
1d3e777
1eb2d62
1f63817
01e8647
1d168e8
1d6918b
02cdd99
00e559d
00c9e34
1f11490
010cc28
03a28f6
01c7a8c
1fde7d2
1d4eadd
018f105
011e2ce
1c016e7
035527c
1e3ddbc
1ddc9bb
1e55560
0107b1a
1f0428d
02547f6
1c0518d
032f83e
1cca023
01fd106
1d29035
025a789
007d3f8
03e75a8
1e5f537
1c48609
03da94b
1fbbc85
03b6fa0
0340fc9
1f52dad
0050604
1dc722d
036301d
1cbedd8
02a7a80
0389cc7
03a04dd
00fc4e3
03ba088
02f5674
1ccdd9d
1c7833f
1c423f9
036cf2a
1ecc6bc
1f81315
022080d
1cd1c73
038bd78
1d520a8
1fb773d
01c914a
0392676
0008c17
0324319
1e707bb
1dbecf7
1f69b9f
020ff9f
1e3ea39
1f321ec
1fa2a42
1f04b0b
032fca3
1e85851
1e9a74a
01be9f0
0012dac
0063752
02fc3b8
00bbea9
012e8fd
0291ac7
1dce56a
1cda963
027c2ce
1dd0e38
0245d04
1cce07d
0138fd8
1ef2923
00aa25c
0214e30
01cbdf1
01cfe0a
1f0b3fa
1e78f00
01ae189
1c810de
03d2ea6
1dfcbc1
1cb21e1
0001fbb
032f406
026aeda
1d72d2e
1c72c24
1e45b69
1c070e3
1e34fbd
03df87a
1fd7f88
1c9da83
00726df
1d6647a
1fc1cb5
1d0e008
00ced3d
031f5db
1e622ee
1f72588
1d406f2
1eb29f9
0276509
1f3252d
1d2c120
1c22c83
0135bc1
034238f
0243049
1cb909a
028fb9d
0372b18
033b581
02ef995
0035e33
02d257c
1c42da1
1ee56f5
005be07
1ccd1d7
1c261d8
1c8f1f4
1fe6fad
027f7f4
1c4fcd7
1f5ff56
1e43ab3
0394e7a
005be50
1c4ef69
1eb6e6d
1db0d69
1ea8063
0285cc3
1c0e28d
012ba51
1ca4c55
00e5f23
022a296
1cbfe53
028a0f0
1dc1062
1f921e0
021e1b4
1d73179
1d37f4c
0286a5e
1ed5293
0109699
1e11070
1c0bb6f
01da6b8
019d9c5
1ee683b
0389fe1
1d95afe
0251f8b
1dbe028
1c03be9
1ce98da
1c0a68a
1e4f4d4
01daed2
0320e16
0107205
0059735
020185b
1de5077
1e65199
010af12
00e2699
1d2ee8d
1e207de
1f05965
0023fb8
0258db9
1d5fa31
0087387
1fa7f9f
1c24c32
1fdddf7
1f2b7d9
1d0191e
01dba34
024cd27
1fd0657
1fe89d4
018dc6a
00273bb
03fd28b
1e9b724
1e3c0ea
02b2be8
1fed194
1fb15c7
03d82be
1f90fc0
1fff8a9
1dfd497
1dfbf98
1f40969
0367afc
1f4c77c
1e442ab
02d6fa6
00a74f0
1deb2cf
0131296
038fd66
00607ba
1c1d447
1d2c186
1d3a29c
1c0b9be
0103171
1f9a373
02f9ba7
1f83680
1c3cd9e
1ff79ef
1f564ee
1e033f7
0095f4c
1f7c514
01769a9
025ec32
1c9b5a5
1fc5b7e
035d4ef
1d045d5
1d436bf
1eac5cf
1eb7a15
1c3a434
1f4e659
005e80a
1c9a702
1d7d383
014afc8
027090c
03bf53c
0240357
1e7a304
0397eac
1c3d533
035488b
0388535
016e7aa
1fc667c
02c96bf
027c4aa
1da6da8
1ca98d1
1ed4399
1f105ac
03908e0
1f06f8b
0159deb
1cd0b08
1ebdef5
005214a
001dacf
1f0a83a
1c8ad77
1c974a3
01223b7
0199d07
01cb55b
0204f6f
01dba66
1cf4402
0399fcf
1e1d125
027022e
1ca2b01
01543d1
0361863
1d8522e
1c20dbf
01e261b
0104b3e
01d4ac9
1e17346
1e81bd5
1c46fa5
1de32de
1f14c1b
0162360
0323941
02b7829
025f3b6
1eceee0
1d11df6
1d2535f
02c5cff
1ecaf6f
007a0cc
023299e
007b8df
018f04f
1f2ac2e
02a7818
1cb342d
022236d
0233312
02a7be1
0251898
01cbe5e
1f0993a
1fda45c
1ccee34
1e61c75
001942d
1ff9a09
1f230d8
005bc04
0097109
1caadfc
1e7ca01
02c808f
1c469cf
1c78a54
1eb050d
1e9b9e6
1c50db7
00bb518
01e402e
1eac734
1d58c8a
033473b
1e0a39c
1fcc022
1f34947
02f48e2
03c2cbc
1f37665
006479e
1d613e5
1ebf500
1eb5181
1f76e7d
0013b41
1ff8c6b
03f8839
1c91003
03e337b
031dc8c
1ca59bc
0050c4d
003671b
1c31ed8
039c147
1d5b00d
0011270
1c1c249
01d1732
1d3b9ef
1f22e3b
1f111d4
020e492
1f5a529
1d7dc50
1f2b3a6
033fc50
1c4193f
1c267ae
027da32
1d3b1ba
008c7e3
1cb6ba8
1ef42cf
036c60f
1c08046
02115fb
1fb1f39
1f9734d
0313436
01c609b
1f86b02
03636e7
1eaa7ad
00c29f8
1e71f24
0110051
0393be6
029a49e
02967e8
1c15bfc
1cdb690
02d9b17
1dc6db4
1e0b926
1ddb095
1d816f3
1d3e044
1ca1ced
1d03244
1fa9511
1e04d6a
1cb8f95
1fc2adc
00aeaa7
03e8919
015b3f9
039c905
00a65d5
035307f
1ce0242
01301ac
1f7d86b
018772f
0304f71
013a46b
005354a
03b616a
0054086
1e57db2
01244f8
004b615
1c4f0fd
1ea5e1f
01cbd19
02bbe3c
03b9223
1ce9810
1eb05ce
1c0cf84
00bde87
1c680a6
1d937c6
02b10d9
0358bb6
03afb13
1ee3267
02bb769
00aac11
1e030eb
01555b8
027b982
024b1f8
1fb1986
1cbfa47
0017284
02c53d8
025cf58
02c1b2b
1e5dcb7
1da6e7f
03d4888
034fba4
03f0776
1e3de9f
1fee5c2
1dc5df2
1c9e128
02d96ca
1e40225
1e3926f
0189736
1d0a949
004222b
01d2a8a
1dd433f
1e21914
1f21909
1fe6e53
029c7aa
006b893
009b6e8
02a35d2
001c041
1cc8aff
1d9c69e
039d113
03ccb77
028f50f
01a1051
1fcad1c
01c5645
002f7d6
1d05141
1f0f70c
025f995
0142bdb
1e1c00e
1d58f06
01f26fd
02e6f83
0079afd
1d06b03
01a5bd0
00db0c2
1db48c7
1fcec26
0330ab8
01afbfc
1f4851f
1ec5744
0063955
1ce4158
011f2e8
1eaed7c
019a79b
03aedc8
03a2b00
1cf220b
1f1039d
1d69c51
1e9ed7d
1cae3cf
02f5d79
0081764
0325e35
1d2aa75
02d8e17
00cd787
1ff6b71
03c2d19
027d3c9
01b98c5
1d28703
003dedc
02f1a5c
0048109
014c1c8
03254a0
01fb517
1c9dc2a
03dc0b0
03673dc
00cb00a
0398fd3
0202ffc
1c0fcc9
1cfc9a7
1f90803
1e8579a
1d140ca
0396ceb
01722c0
1c36355
1ce1487
003cc77
00007fc
1eb6bcc
00b8e52
0382dfe
1f2c3b8
1e67d43
023ed1d
1fd46c0
1eb5cd0
1f85fb5
032aa40
03dbf93
1dbb666
1c283db
006bd09
1dc0dc5
1db7739
03b72c6
00e64ff
1ecae14
0355c82
0185efa
01db117
1cecbc2
01bec99
1dbf224
0143f6e
1f536c5
1f19642
03c1883
1dd75d4
03fa41e
00d9a00
034d3aa
1c73743
1c1b122
1e0c77a
0238d17
1e8e793
1d9382a
00d304f
1e50152
1fd93a6
03f2444
00e7b56
02da557
000d1a7
01af081
1f90af0
1d8d02b
01d1521
1ed6f3f
1dc4700
007cbd2
1df4282
00caf1c
030ce1a
1ef84d7
007c763
1f9142d
00b3f05
1ecdcc3
02c9126
01d8a9b
02769b0
0082428
1e961d0
1ce09d5
0315ec3
1ccf249
01e0731
0194727
1fc3ff2
1e1d138
1d4196f
1e38ef2
03cee3e
1d09001
03757b7
1de74df
1fab2ba
1e606e8
1ddb6cc
0258710
03f0eda
1ee61a6
00d18ec
1cb8c7f
1f4c9fe
024b356
1d14d8b
021ec0b
1db0c48
03a1505
1d4432f
1ed8483
02c87a2
1e5e101
1dbd232
032aa01
1fb09b0
1cce6b6
020dba8
1dde5c6
01855bf
1d61d63
1c85f2c
1ced57c
1c25e14
00df831
02602a2
0220c98
02a84c6
1f5e5ef
1e90e84
1d1b755
1f8716b
1d69563
0002975
0231072
026ba2d
1e38b81
1eb00fb
1fb1df4
0390506
007b8f5
023911c
1f52d4d
00f8143
1cff633
039d0f6
1c12d6a
006dc80
1eec45f
1c3ffd9
1dabcfb
02b7659
1ef5b6f
01e2b4c
1fc3b23
1f8dddf
01fdd27
1c7c4c7
019d952
1fd4017
0232e63
02a38fc
1d179b7
1ed7861
03c6ace
015af72
1f99ca1
1fe98c6
021059e
1f4a4a7
01f611f
023fdaf
1c2e3f3
1f1db01
1c3a5bf
03fce59
0112ffb
1ceb9d5
001c607
01c35ce
1f5cad6
01db62b
1ec2bf4
0371cf1
1f027fd
002ed69
1ef092a
0274fe2
1e65c41
1c05b9b
006b946
00e2685
1f0ae3f
02ea915
0124b5c
1e991b3
1c861ed
1c42194
037e626
029ad54
031800b
0071a56
1c6b59e
1c66327
1f34d01
031df27
0064937
01f41de
1db37d5
0213ff2
0006dac
00a756b
1eaa5f4
01a7ec1
1d079c3
0104636
0109d50
03d71c7
0337c19
038481b
018ac0e
1c31d5a
0048a92
029bc8e
1dd94b6
1d4afbf
1f0970a
035678f
1fc0e72
01de348
1dbdad9
0107cab
02c54d3
1f27a36
020824d
1fe78fa
1ebf5df
1f13de7
1c138ba
00deec8
00a7deb
1cb677e
1ed03d2
1ddd96e
1d75a29
1c35b97
1ed5e38
1dcba34
1c76f05
1fc082f
1c1eda6
1f6dd2f
1db8c04
1fa008f
1ff240a
0057626
014600a
01e1e0e
01a28cc
02d6b4b
007836f
1eb510d
02e04dc
0253b9d
1e48e0a
1cc631e
1c2d9fb
1d21554
021c07e
1de5fbb
03c9cb8
1d60e7a
029d3fa
0036690
1ff21cc
1f18abe
1d37e4c
0058a7e
1fe1dfc
1c9293b
1c846f7
1f050fd
0039a5b
1e39e5f
012aaae
03890c2
03274b1
039cd32
1e438fa
032ec66
1cde0ed
1cd5d19
1d462e9
1d6cc99
0030891
01c8c26
024275c
0028827
02f7935
1e6510b
1f8e66d
1d65e62
1cf6cdc
1eee5ff
03011ed
1c4536e
1e40b81
1c215ef
03e5e9a
03f072b
1fd6457
1ee783f
1ece043
00a7675
1e654cd
1f9451f
03cc2a3
1cd9d6f
03b29d3
1f1ab9e
1e598f6
0345cbf
1e2ef44
1ea8282
013c727
1cc063e
1eee5f5
0216c73
1f44f71
1e4ec9e
03240a2
1c07a5f
1eb89b6
02b600e
1da450b
00fd8a9
02d5756
1f709e3
013ad0d
1f83def
00464ae
1eb662b
1e8cfb2
1c90d77
1e83551
1f05de4
011d7b3
030e41a
02d31d5
016672a
1f1a377
1f94e06
00c68ee
0117de8
1cde269
0030d1f
01eb836
1e49c53
016a0f3
1c5b11e
0168b38
1dc625c
0199884
1c3734b
1c3c189
1e31abb
1c3aee0
1e9f481
1ea9f5c
1cdb51b
0040763
1dc1491
1f85d0b
01f4cc2
1eae16d
1d4e1d4
00830a4
1d30b0e
01a622a
1ce66b5
1fd2ac8
019ab71
1db44e4
1f3b122
00c51ec
1d7e37f
1f35f31
02fec89
038980c
00e3882
02038d0
1eaa3c5
02725cd
016f1d4
0234cc4
01853b1
0340d3f
1ee3d1d
028721e
1f944c8
0157a6c
1d3503b
00601da
1f1ee51
1fb9f88
03d206a
030599b
1d25601
0193e19
1d78159
1e8c8fc
1f75f08
1f77e42
1c4e904
0362fac
007327e
1f4b9dc
027ed14
1ee0312
1f77435
1c6c043
1d6e9c8
1f3e41a
003d9f8
0132e1b
1e50d81
1dcb34f
1e221da
02120ea
1e8eed4
01d86f5
00ca490
027259b
1f67ee7
1faeaa2
1fb76ec
1efd5d9
1fe8871
039582d
021fe5f
009a7be
1f97e28
02ffc7f
1c76f7b
1eed436
01108f4
1d2937d
0326580
1ce7440
1c1ba9e
1cbcbbd
1dc7ff3
03500f5
1de1fed
02af7f4
1fd8b60
0317789
022bbf2
1cf1803
1fed571
005bb75
1c11b60
1e0f812
1d1ada9
01edb09
1e06359
02f5e10
02325d2
00446b5
1d5d6b7
02c99ba
0307f0c
0238930
1f585d1
021b836
1c6aa8f
0024b85
1dce93e
1f5370d
034f8da
1d7d246
0321fc9
1f705fd
1e4c79f
1e422af
1da7c45
1fb9860
02d1e7c
1f857f3
03067b2
033071f
00b7148
1d47b27
1e527ba
0353f0f
0067da7
00bd62d
1d29040
01f99ce
1c35d2d
02f1688
1c7c763
1cb6599
1f4bc39
01d0ffb
1e42f26
025afaf
0013c53
0295cef
1fc8e27
00c2a8f
00e05e4
1d74bb6
026c21f
1d37d6f
1e3df78
01829d2
1f4c469
03fd96b
002f4fc
00a0e5c
0001693
1c98420
1c9cddd
01b9068
1f0e263
1f110a2
1ecb94e
01df75f
02919f5
033de89
1fa798e
01dfdbe
1d99273
1efbe7d
019c6f7
02be9ec
0250c32
1c5b06d
1eb84cb
0001faf
03b96c5
1c07f0d
020ff16
1ce4dda
033116c
1cf6f6a
0047711
01afde7
039fe6e
1e04868
000b4b5
1e6a437
0071e46
1cfebb7
037e355
00aaab2
0129576
01c79b6
1ce3174
1ce9060
018b213
1cea358
00808db
01dd404
1f8d406
1f4b87b
006d862
1f6c42a
1deb68b
1d019bb
1ee1643
1d82537
1c64fe6
1cd1bef
03bd4db
1cc5cec
017e311
1e25077
1dff339
1f41819
012122b
01053f7
1f9e6c0
015aa0c
1f50e41
1f8a690
1d178f9
1f5f3eb
1c4bed8
1fbf3e9
01a003f
00c7a47
019a824
1d2fad2
1c75c69
1ca0ef8
1d983a2
1c396a4
00a5bb8
1d09e65
01600ea
1f2e397
1ee6faf
01abae3
03f9522
02d74d6
0238392
03b08c8
1fc906b
1c55a0c
1e91103
1d0b4ad
1f6d9f8
1d9ddf4
1f0857d
1f331a2
1db48e4
1d4c546
1da072c
1c2a26f
02683e5
0395844
1e3f4bd
0271b1f
03a2bd6
0210e81
1ee7bd0
1d6d577
00aa4ab
1c44d5a
1d43222
003293b
1f3ff61
0392468
1e5c8dc
1d9b8f8
1c7c25d
009ea58
1f3af90
0397e8b
1fa39df
1d167c1
01827ab
0051e3e
03beee0
1fed2aa
1d4cf4a
1f2888f
00992fb
1c1ed01
00bbd69
007ff0c
1d2f67d
03d001b
1c2ff2e
026c981
1fc8c62
1c909ce
03ffe02
027284a
02596e5
02213b4
035cd97
1ef59f1
1ebb24d
1f793c4
038abbc
0165373
035c170
1f21f06
031da7a
1e8976b
1dddf16
003df8c
1cec577
0140c7e
1e9eb8a
007f9db
1c3d985
1ef269c
1c92da1
013bce9
1d6be26
01d98b6
1d2dc96
1e70fd8
1ff1f84
0128c2f
1e34548
0015157
1e70896
00b2198
025deec
00fb563
00c94b9
1c82239
00ddfda
032b637
1d032f1
01111ef
1e40ab1
1d2cb57
03dcaae
0143201
0108376
1c13aa8
006739e
1d67b63
1d7e0ad
1dfc22f
02f055c
1ff9f80
00e7260
1fb68e9
1d6afd3
011b71f
012539b
1d4e15c
1ef66f9
023da8e
03782cb
1cf700e
0305ebc
013232f
1f8b3b0
1f71a09
0398bd3
1fe02ba
1d7c647
1d7cf0f
1fc5f4e
1cc3ce9
1fca984
016f763
031f6ad
011aebf
027a142
1c31c61
1d1cfc4
1fd6328
1cd9f08
1fdb3eb
1fdf371
1d3b167
1f0768e
1e4c49f
1c348f6
02f3635
1ef6e20
013ec95
02ce46d
1f8a5df
1cfb585
02e05d5
1cda1d8
1f7ae69
0322dcc
033851f
023e2bc
0125d29
03655f6
0193abb
036f190
1cd851a
1f8c9eb
0058321
02e7f75
1cf7afc
1e72588
0325dd3
1de3bd4
1f32909
0355efa
02c75e3
0144db6
1df4993
03f1d79
1c0c41d
1eae5a5
1d23639
037c3b2
012af39
1ef4fb6
0311c54
020b830
01d227c
1fcca04
024bf56
1d34a98
1d73258
1d44555
00a9dcf
1f30ede
1e01f00
1d9de68
1e54c43
026ac99
010f61f
0343c72
1d66239
032eb7b
1ee289b
0389a9c
1d6604f
02b301a
1f2f38d
1c858ae
03087d6
1d5f706
021eba2
1d68988
01ced3f
0337aa0
1c34746
1d3e9eb
02ae964
1e72a83
030bc29
0394a2d
0111d85
1ff7374
1eaca95
1fd88ee
036b893
037b356
037dbbd
02dfbe5
038fe2c
0251158
033b9ec
1eef8de
1f73205
1e80849
030b14a
1e4d3a9
0091ad4
1e1de9f
1e16e00
1d3cfcf
1d62edc
00ea57a
1ffb6fc
1cb73e0
1e4ccf6
0134dbf
1dc7a0e
02fde55
1d5020d
1f26e15
012e241
03bdb8f
1f9b4a9
1cb8914
0034814
1f297da
007d2c5
0095db3
0363b70
1ec7953
1f11ac4
02047ca
1d524ad
030e9ae
1df1205
0269056
1cafe03
1f67497
1e1768b
1f3a540
1f58d40
01fc5da
00a0fd5
1c76a67
00d88ed
002fc1b
1ced29a
1ea9300
1cb9f0b
0357276
0347231
1c3a7e0
1e2378e
1d81401
005ccb6
1f2fcba
1ce6f4c
1d284bf
1ded0a5
022cad0
1f0b31e
01ecdde
00399f9
1cafe48
0311a98
01082c2
01ba9f2
00d9958
1ea97dc
00310e5
013b6db
0308a49
02653e1
03082e4
037f1f5
1ec1784
00a9475
1e818f0
00ffee7
011a9df
1d139b1
1e3afd0
03a3178
1cd6b9c
01fced1
1ee0ebf
1ef07e5
030e2fb
0289724
1e865b2
003acce
00cd6ed
1d250e6
1d1d277
03fc355
1e7ca44
1d5cf83
1d2bfbe
00aa9f4
0008f97
027f3af
037e4c2
0122f0c
1de09aa
1d1a7c8
1dfe1ac
1dc6f85
027f2e3
1f5c4d2
1f6c09c
021ec5d
1ca010a
00da2e5
0066ab5
1f21dd2
03cd390
1fda030
1f3feca
0269cd1
030b867
02f7c77
01c0d92
1d8078a
011076f
03e9cad
006ba0a
03d7927
1f62788
01fbb2b
02e772e
03ba46b
1cb0a48
1f781dc
01147d9
002093b
1f68b59
1d7c656
010cb37
02268de
0062e26
1c4c5ec
1e64e5d
039cd8a
1f82635
012089f
1cc5c83
022999d
1ed4bbf
1c1c478
027cd68
02c2799
1c9eff6
03014c8
017b0d7
1efc75f
0169d66
1c7d889
1f1a205
00bf9d0
0389fe3
1f228c4
1c7d143
1fdfa0f
013df4d
01f1622
1d03979
02a4228
1c47bdd
1ef9259
0221fc6
1d3256f
1f98db1
00e7c1b
00f6f0d
1cd617f
000f9f5
035daac
02c9330
1c00832
036650e
1fb4de3
1e35309
00e4c7a
1f281ba
1dad81a
1d01491
1ffed3a
0318b9f
1ecfc71
1e75f6c
03ccf0f
1c7244b
1e646d4
003beb6
0126bbb
03e5828
01e4a3f
0373d6b
1e36c85
1cac6a8
1dd085e
03e49fb
02a19fd
0061c42
0056a66
0282647
1f4a54c
1e113b3
0246643
1c28850
013a98e
1f01c26
1dc32d4
1f642db
007604d
1fb8379
1cd691d
1e1f43e
1f0571a
1d12216
1e0a530
1e7ef57
00305cd
1f3155d
026061f
03b461d
1e65b9d
01fb8d1
1d119d0
1d4c194
035f5a8
1c8228d
0075092
1db26af
003f97d
0023773
1eb9725
1d43122
1cba0a2
1f2e7e3
00293e5
01b8ee8
03ee7ab
036852b
01b4e8b
1f82f1b
1da8e33
02ee6c9
031f1c3
1ebbdce
03f1435
1e30315
1d896df
1e1c717
1d4182d
035d844
1d7dd4b
0213bbf
1e3fd4b
0371bf9
024d217
03b8277
02a379c
03ed99e
0182c54
032ee3b
023dcc3
01c000d
0283889
1c1db94
000f013
00ac805
1d982ee
1ef16c3
03cdacf
0338c74
00fe1ca
03aab18
1c48670
01ea9c6
00db267
1ecf1c2
1eba23b
1c02ed7
1e14b2e
1e34d82
1fbac76
02b9968
00d0ad8
031521a
010a90c
00d51f2
1cfe01a
1e5db2d
1d9bb75
01301af
1e1911e
0364564
003e182
1f3afaf
1fa3dd7
013f1ef
0079933
03e00df
1f59c55
00a334f
1fe7e0e
1daa2f6
1e9fd23
02f361f
1d41028
01f0ccb
0219cc3
1d4f6d5
1f290aa
1c4362e
003db07
1dccfef
1ffba86
1d65a49
01b227e
1f6921a
017b306
02e9ace
1edb311
1f641af
1ee998f
1d56968
026d7df
02293cb
0215ac9
000593a
03052e7
1e153c5
1f3c392
03e8f16
1e01627
1daf7df
01a673f
00009f2
1ebeb97
0096284
00c04a4
00fdccc
00d073e
1d8e371
1fc793f
02fdd0d
01ddf56
0173cb9
1fd9ccc
1d0a2f6
1f12a25
1d5c145
1c4cfaf
03b2c96
01a5647
1eca15e
008f965
1dd7914
1cbcfff
1efe57a
00d6b18
1fae812
1da0398
1f01542
1e980c7
024dffb
02f0df4
0211dc2
03d27bf
1ebe7b7
036bc22
1da6430
1d9299d
013ab1d
1ede634
000e71e
1fdb634
1d49af7
1d83cea
1d9b9d8
1f734ab
1ecff69
004863c
000af38
1ef9b06
1c63492
03b84b1
034ba80
1ebafb8
1f7865a
1dd69df
005b53a
1dd963d
03f7609
01e6bbb
02cff93
1dc80af
1d67bd2
1f30d1e
1d0328a
1e24ba6
1e9a184
005d697
1e7eb86
00a029b
1ec35e6
00d6f3a
1d687db
01d56b0
1e717cd
1f29215
0185d5d
025a984
1d3b5ea
1fe6379
019ee9c
0259dae
002a191
0074243
1d77733
01d7d9c
1da2603
1dc3ae2
1e89262
1edb45e
1c91d59
1f9a310
02c3c3a
0174a21
021fb1a
1c106ca
1f70886
1d846b5
1eff9a3
1c1eece
007b625
01d418b
1da61a7
1c2d048
039e51a
02f6f08
1d5ac5b
1dff555
1c49b39
1e3b86f
0089a91
1d7ce3c
013e64c
1de2360
1d1d4f4
01bf2bb
1ee62ef
1df8bc6
01922e4
03bc963
023fac9
014cd59
01caf10
1d8f407
0144492
023c9cd
1dd7cb4
0303821
1f853b7
03dfdc1
1dc700c
1c6325c
0193d6e
1e0792e
030d7d4
1dac4f1
1fd85e8
1d7ec6f
1cac27a
1f52dc1
00e0a00
02410ad
0009d78
0165e2f
1f359c9
00e100a
019f152
1df8c0f
00478b7
1cf0fe4
1f0d023
02a4f5f
1f071d7
0301639
00ce2dd
03800ea
1f0a0c3
1ca6954
1d2a437
1f49428
1c22c70
01d0d48
1d16e78
03f63b0
0148d46
01d8a22
1edec5f
1c9c4ae
1cfd76c
1d218a5
1f48fc3
017317e
1c143e4
1fdc686
1d8a8a5
01ab8c5
1c72302
03f7336
0142451
1d31402
1e57b2c
00653bf
02761b2
007fcaa
1f601ad
012a1be
1f5dec7
1f7f4ad
1d03fca
01ffb71
1e670db
020fa92
1caab5c
02c4baf
01c4d0f
1f2c9a1
1d1cf06
02e7f6e
1c3d632
00cdf38
015d769
1ed1456
1d36d7d
0081399
1d3acec
1d1cc8e
1f830e9
1ddd044
03a5006
1cac43d
1ef36e4
021988b
1c29bb8
1f622a9
02c56e0
1db0e7f
1e50cda
03be9cf
03cc366
002eca5
1ebb207
00d6d8b
1e14bd2
0371ac7
026f771
01088d4
00d9852
031c90c
02a8fd1
01479fd
1de4e8f
0117203
03925ea
1fb4f42
1d86bb5
0015339
1ea15c4
012abcc
1cde6e4
1cfc141
1fd2328
1d738ca
02823af
01bb493
1d21f74
01d9c71
034cf82
1c0fefd
1d08d2d
000cbca
1fc77df
1c7c7be
1da2001
1c44794
0285ec1
1d3562d
018341c
0214310
1e1ee76
00d4b18
009d64e
03bf53a
1f79682
012a58d
01ea7c0
0014b08
1d901b4
00a94ba
1fc5bc9
1fa0b82
03ae631
1f368d5
00f11ea
1f7539a
1f3fc2b
1ed9553
03c8a63
1d7d79b
03b84ce
005c715
033d789
1f4290f
0336acd
00c6e97
0021fda
008228d
009e626
1d49817
00f788f
1d857e0
1cb8002
01583f2
0183832
1cbe4fe
022d333
004521b
02d349e
1d4fdd5
1e4a8b9
00b209d
035d97c
03cf5ee
1f69a90
0337569
1c8fee2
0191a2d
1dde8d2
0082730
01ff44a
0225aa2
012714d
1fedb4b
1e63eb1
0049ed4
019845c
03f7ee2
1e8d152
02f2969
026caea
1ea1d32
00522fd
00c2baf
1c1ca03
03801f8
1df734c
1c2ab47
035804c
0092da0
01b5dd9
1f2acae
02c8b05
1f0d2ad
029c80c
00763c3
1cfad5c
0198fb2
02d6ed3
1fc8065
1e0032b
036e196
1fa2b43
0359296
1edafe1
1d97d4f
012caa4
020396e
1cf85f7
02cf74e
02ad36b
03c25e4
02b6789
0211964
002fcbe
01e14e8
03a7a38
011788e
002f5f0
1d13565
0190a07
1e8c9f7
013a6f6
1fdfd00
1d36099
1d7c28f
1d2bd9d
1f5d469
0373532
1f39983
03dab81
1c142a7
1f8ad37
034fb5b
1eaf684
03286bb
1f6bbca
1e3dc4b
0147a94
1ce0bea
0093e56
1cb70d9
1c7b8a1
1dbbfb7
1e42d97
1c000cb
0045954
02c2a42
0259aee
1fb6688
1fa78ed
1e2bd6b
0397efe
1cb1f64
1cbe0b6
1fda2ff
1d3d0be
1dd4b29
1cb9441
003daea
1f94c77
1ec86b4
1e9bd9c
0281dd7
02eb76e
02793d9
0263bb4
1c5d351
0227071
1c7dbcf
0035238
1ce6a3c
00332eb
1f49e79
1dd9f08
007e3a9
018bc31
03fc9d2
002f905
1f67ca3
1d8de3d
004ddd0
01d3086
00dc1a8
030be11
02bec89
1d98259
1f58b94
1f05168
1e9ce6c
00912bc
1f6a5d0
1f90360
1ff8127
1f6584c
001eabd
0292135
017f5d5
02b1a4d
1c312bc
1ecbfe2
0169d45
1dc88e9
1d4a68e
1cf70f7
1e049f6
00bbbbb
035ef9a
00e4a0b
0187d5a
1d1f28c
1f90171
1f7863d
01e4068
01c3957
1d29dbb
02dc13b
0012aad
1d27310
035cc8a
1e4646a
033bbd7
0355fd6
036dae5
1dff0e6
1e44b82
1d6e9c4
01547b2
03ed6b2
02eef0c
1e5ff3b
014774b
01194bf
1d8a395
01f0fcb
1dbd2f1
1d8a496
1fa0a35
1faee8c
00df386
021c839
03f1c42
1de1e35
03db886
1d40698
1deded6
026391e
1f32ebe
008339c
1d78fdb
1e5f27e
0328eda
01ac9cd
1d82a86
1c68680
1f01b5a
01cd582
0117a4a
1e84652
1e2a972
0113b24
0149ade
0165e75
00cdb86
02bb2e4
0368e03
1e8d14f
0377354
1d65ca4
1e70753
032b400
1e17ee8
03419aa
0185b44
1d39508
03758ba
1c49250
1c4cd6c
1cfdbbf
014c812
00c7ec5
1c7f101
1cb78e8
013dcfe
018d6bb
1fc4ed9
0391f2e
1d6ce32
00af12e
1e2a59f
1d304f6
1c5245e
1dbb60d
1c3ff6a
1d935d7
02ee147
1f217a8
0112fcb
1f0222a
03b61c0
1c49669
1ebe22d
1e17ca0
03d30f9
1e2319b
1dca375
1f30f96
00bf81a
02b77e5
02f120a
01dbb71
1dea764
039d560
0209bc9
0250d53
015c219
0215333
0014c7c
1c0e8b3
0030e9c
03b9772
1fe68cd
00f62a9
0018762
1c7e210
03315a7
032abde
1dcc185
1ead202
1e1e248
01e5ca4
1e74eb1
010d6ce
1fcdff3
1cc5910
1c9f816
03db296
1dca39c
1fa6a69
1ffca3c
02f6fa2
1e12564
1d6e203
01a6af4
024e718
1e0398d
1c6c9d9
03aa4ee
1fe5257
00b9214
1e1ed8f
001e8b4
1d37562
1eab69d
007386c
039b700
1f70616
02e924e
1cd991b
1ffc751
03067a7
1d4c623
1e50a34
1ddec07
015127d
02a4b6f
1f62c29
034b2b6
0031b26
1ebded1
1d9ed27
1ee08df
032ffda
01ab55b
0201a23
1f189f4
0017315
03f2175
00bc5e0
024ac95
1eafba8
1ff9374
1f6ffab
1c13277
1f1bc0c
03d2c69
1c91435
03ce2be
0243458
0121b09
034f1f2
1d64a3f
037f362
03f6c59
01225a5
1c546aa
01cf440
1c46ce6
00512e6
1ef3789
0238b01
02f60e4
1fc9860
1ef5f58
1deec12
1cc6805
0057204
1c5f8ca
1e61846
1f9637e
0237d76
018c8f5
1cc16d6
1e705c8
007e397
1d7b969
0077660
0226de2
0386f43
02c1fb2
039afc9
1dc172d
1f48744
1f8c815
1f39f7a
025b970
023e6b9
002dc40
00e0a5c
1fd015e
1f44265
03ce8b3
1dceb46
01c2803
03eedd7
1db4737
01cd0bc
024c94f
03297da
01b436d
1f6da4e
006ae94
1d7c6de
1f75946
1cf61d8
02411d9
00e7d79
0126dbc
01c6fa5
01bb123
01924a0
1ffa8d0
1e863fb
1dc7df1
01a4495
009f389
1fa159d
1cbdaef
1fbaf03
1f94bf7
03ff470
0336375
1d45cfc
0386799
1d7e41c
0165492
1dfffe0
0251fb1
1c2e1d4
03ad317
00ee4b6
1e5c8df
01e28cd
1c7d14b
01a905e
00f6a49
1c9afea
1cb8965
1ce3cef
02a08d0
0372c51
0357db9
027da3f
01cdb1f
00f2713
1ec9469
01b25f2
1f18835
01f9bd8
023f07a
1eaa39f
00c02d2
1d8d4f8
03c9e16
1c84ff1
1d7af1c
02d7784
02d298b
012e14e
1ef753d
0090a9f
1d59b9b
1f8e879
033e0dd
1c184da
1cf829e
1fffbbe
1e9189f
1f41c24
0206b31
0070ef1
1cd8a1e
1eb2402
1c4c854
1df0c0f
1d32614
036a014
02463ee
1f61991
1c47dc7
029ecab
013139f
1e71e00
1f112b4
1d73105
1f96151
1fc6d5b
1e12abd
016d2cf
033cce6
006621b
01a3c1e
1dcaa38
00a71db
00aa4b0
1d033ac
0293089
0319e87
1e23110
1d6939c
1f43f9f
00e1f6e
0227a66
1f9c0f5
1fdfe08
03fed64
0029523
03be125
1c8d8e7
1d13697
00f8352
02476f2
1e974de
02c739e
1fdb8bd
011a57b
1f5f9e1
0282c32
03c371a
014b44e
1d7bca0
01dca65
1d1858d
1dc8e3c
03bbf4f
1fe5b13
0207c75
03b116b
02ec44a
00dc235
004ad3f
1c63e65
031f3f9
1e86b0c
009de08
00b3703
0099dc1
1e602b8
0076606
02b26a0
0050c09
1ffb1f3
1c3f514
038c37c
03d15a6
1e233ae
03618fd
02a5854
020dbfb
1fee066
1d74950
0201fd3
01b553b
032c4ed
1f12531
0079160
1d57707
029043e
1c66ea7
1f2ee37
02eaa63
03122b7
0200878
1c6a5c1
1eef3e2
025778d
001d639
1ee5794
1f849a8
1d8389d
031169b
1c8a94b
1d45242
00c3ce1
1c4ee04
1fb0d3b
01039bb
1daa8ea
1cf2156
007f167
01fce45
03c6af9
1eda785
01ece8a
1ee6a94
0328668
03ff05a
1cac311
1c9fb0f
039f8f9
1e2df78
009c588
036a59c
0051b90
0342e52
01e56a0
027c7d6
00f290e
1c03850
021c489
0031fdc
006716b
1f51965
02ae884
1fe8770
023a1eb
03f4ded
02b337a
1e6ba26
1e6b59b
0340e5a
1dcc451
1ff1fab
1d6e9c7
1cb534d
1d2407c
018f31b
03d97bb
1c7ae6f
0099c09
1e6eda1
03a7881
0381fe9
1c743b2
1e8d967
02e10f7
01c9794
0314487
1dc0539
1fce781
1fc1cdb
1d4ac04
1f86f47
01970bb
00f4258
1ec2420
0279aa6
1ebd5d7
1cf4042
016ecb8
1cbb148
0125f3c
1ea2680
1d9eea4
00513db
1cede57
0196a47
1db9497
0359bee
1f5e5ad
1faf654
1d1a7de
1ca5c94
000e080
02df837
1c80233
0090970
1e39201
1d925db
037521b
0351059
1f29b38
1d9722c
1f168c4
0075a33
00057b3
02cf8a6
015bf48
017b2bb
1ea47a9
02ea500
1d45e14
03465a6
0106d4e
1e74bb8
1e16be1
1ebe368
03c98e8
039d686
1da42a7
00973c9
03141f2
029bd36
032bf2b
1d9945a
014bc89
1e5daaa
1ffe477
01343fe
1f258ea
1eb50d9
1d92586
1fb3250
1c17300
016c914
010513d
0380160
1d57892
1f7829f
00d3268
1fa3206
02bd27b
1c995a2
1dbe4fe
038e13e
0125270
1c3c111
1d53aca
1cf2b84
0181423
01aeecc
1cfe224
1c66d40
017e78e
018e930
1db7ef9
1dd5d37
02a0627
1cf9891
01339c1
00bdd0a
1f500d6
010ec51
0348dac
1fa0798
01c3706
1e54268
1eb4ec7
03ba03f
03b1882
013a593
0000cac
00145d8
0086749
1cd5c00
033c7f0
1c073b9
022900a
1de8044
1c166d0
014777e
00a71a1
03c497d
01531d5
1e6f697
022532f
1f9dd23
01dd6b8
00c1621
1c183ff
1e256db
02d6137
1e30c2a
1e1e181
01c8024
1d34408
01d05a2
1de8cc7
013905c
1e4fa3f
01102ed
1ea3a83
1e6d886
1eb9204
01e1996
1cfe30c
1fc1201
004478f
03b98e2
1c20dab
1ee3df5
029b0b8
03ddeca
1c4479f
1e1f871
1da8d7b
0335f11
03425d8
1f44a29
1eb7819
1fecc07
1cc7acc
1dee7f1
00b7534
1de1efb
1e9434b
0252b0e
021c3d3
1c64155
1fdb90b
0273fda
1f05460
0359746
00b777f
01fde37
1f5e813
1f22d58
1f2c8d2
0192589
1d099d3
0398032
0054f07
1e4d5e7
0279a3e
034ad5d
1d2238d
1f88fb4
1c80710
1f9c884
1e32bef
1c7528f
1c22c69
1f545fb
1d9151a
1c5d1ad
1cc94e2
02c4acc
1eddf1c
1c48229
1ecec92
029e41f
1d94e28
015aa68
0109d62
025b54a
1d6cb95
0114649
1de7815
008c309
01f48dc
1ff4268
03e544e
1eae65f
02579e9
1ecb841
03a7855
010ae16
00d5d74
03383a1
1f43963
1e17bf5
0036aa3
03ad312
00c6006
1c8306a
023035f
1df36ef
021d446
009931b
1e8b626
03cd3f8
1fc02fb
0163a8d
1cae6bf
0398f75
1d49d19
1e92b94
1c13d9b
1e6126b
1d1a10c
017be67
1d21ac8
03a9b1f
0395433
02a1677
028d58e
1cd52fb
1f4bcd1
1fefd65
1d8c854
1c7ae08
01f1ce3
1c77ec7
1c92ca3
03c0461
00a4814
019ccca
03d8a14
03e27f2
1cfde4e
1fd4470
029019c
03736ca
036a062
015042f
1e3a001
00a87f7
0322721
02af317
1d959b8
02ebfe7
1cdd93e
1c40b73
01b5d48
020b484
0261258
0261382
01e2e79
1d846f8
02330cf
1d9a73a
0096efa
01e0921
1fd6cfb
03ba0f8
1e7b645
1f36c2d
1e489aa
02efc58
1c0cbed
1feef79
1d36ed5
1d3c741
00eb3c9
00a1cc6
037494a
1c4c6b0
1f6e7ae
012e44e
1f5b557
1f90dd3
1d5433e
1f44574
1d669fe
01112cc
1ff802e
1efbcc8
035c8ac
1d2c1f7
1ccf62f
1dd3f4e
03bdb32
1c967ac
1edd1e0
01b4d72
1d7ee81
1e7f97e
02c301f
02e76f3
1ec2c1e
1c06da8
01def54
1de698e
1c6de95
1f6b68a
1f037c0
017a740
1eb4176
1ead7e2
1df6a09
1f6b229
1c972d6
1c02775
0166add
0168aab
1f1962e
1ef3401
1d85f75
1e934b3
00f2370
00faf4d
016da8f
1c51912
0175e9d
01e9621
034986d
039571c
1ec9070
1f38404
01df3be
02ca7e2
1d94a91
1de740e
0052b62
0389cdc
1cf1bc7
1f8f74b
1c2dfc2
1f814de
1c7b4f1
03d4b8c
0190d8e
004963c
1c502a1
1de2f08
1c4d1be
01ac080
01eaa6d
012e4b7
1f360c9
00b6af9
039e0e1
1cf4ab4
1f1636c
01dfa01
1d8f180
031f967
02b072e
1cb7e26
01203d9
0191395
1d8cbd1
1ceab2a
01d3448
1c07890
033dee5
1c4dd66
01fadad
1e95558
020eb27
014567b
1e81521
1e9e623
01d0374
0035324
1cd875e
1dcf609
1d01e93
033f658
01c5820
1ce4e45
1e207c2
001ad3a
00b4607
00714d4
01b22bd
0337c0e
00a46a3
1e8b0c5
1d9ca2d
1dcd444
0231a78
01f11dd
0137e35
1da808b
011b436
1ca218e
1cddcd5
1f0b5f8
1c4774e
02a34a9
019290c
1e41f14
000cd40
026204a
000d454
1c42fa2
019ed16
1fb2453
0030f2e
1e805f8
1c47f21
1c382b4
1c29416
1ec6c8b
00e11fc
1c348a7
1dfa90d
1cfaf1f
013ea4c
1ce5cc9
1ff653a
02ae5ed
0127190
0316800
03b1580
03dee8c
1ccffde
020c863
0146f0b
02ad353
016837a
01a8550
1c71ec3
1df83a9
00adf74
1d4ebad
1d948f1
1d44374
1f00432
1d58c19
1e6c96f
1c3875e
01480dd
03b1c63
1f2d2ac
03a2646
1fb3251
03f3f04
024dac9
0276cd7
02a4ae3
0055838
1ecb3a3
018c4fd
1e37c06
035fd35
1c8192f
0350f28
0366e6f
1ebe269
03fe726
1feadc3
1dcc67a
1e3cb0f
1ea7a7a
029769b
1ccf9dc
02771c9
1f41ba0
1ece897
1fa2579
1d63e01
1c1ea40
1d5170c
1fc1ef4
03420f7
1d3c589
1c5eaa8
1de8eac
1d7e916
01a650f
01b073b
1c257d2
1ec69ab
0360c7c
1cc23c0
0038086
00f2f1f
1f13583
1f9437e
1fb5d63
02cd137
1cb774a
1f92561
1f2ce9c
1e2510e
011e452
002a1f6
1d783df
038e2d0
1ed08cd
03cd19c
00646c2
1dc22cd
1c7a9a6
1c5f5d6
030da19
1f09070
1d89b60
00cf562
038600e
0187e64
1fb4e23
018781c
024f621
03bc271
007e6d5
1ca7956
0198811
1e0cedb
0078e0e
1d6482c
0030ebb
1c34e63
1c77e7a
1e26e7c
00551dc
1d0371d
1e72250
1fd1325
0269a2f
03f4517
1e16547
1e4ac69
1d3bef3
1d7dc3a
1de8994
0393e2b
1f55e40
0061962
1ccfa0e
1e13d2e
0198eb9
1d7165a
1f49a2d
0399a54
1f2e296
1c96982
0221f66
012b5ca
00e044f
1d48638
018bb87
1c71d37
0089fb9
00fa193
1f7eae6
0063185
0271fc7
00ef31f
01a765e
1f4192b
02116d4
03a3886
03dd048
1cdf6dd
01f38bb
00f6651
0126ebb
0143edc
1f9e547
1c48fb4
1c5c05f
02be0d4
00c58f9
1fbec4b
0284006
1ce1dae
01d9ba7
1f9ba40
0046286
1cc7d8d
01b182b
1c3eac0
1cc79ba
1d05326
003705c
0009377
032fbc5
1d0aedb
1d258f3
02b1e33
1c808bf
1cb033a
1c5f4a1
00e7a94
1e0b4e1
01a9218
0030246
000d421
1e9bfa9
1e74589
02a6dd9
1da2b2e
1dab8f9
00433a6
039363e
1de59db
1ede6a0
1e21bf9
1d1a8f7
1e1e44d
1c781c0
1ddc60f
1d125c6
1c6263c
1c90354
0329bd0
1eb8bbf
1e18db7
1f0eaa8
1c6092c
1efa9d2
1f6dbef
02def4a
030d602
017683a
1eb24ca
1ccf676
0148544
020a5a2
037d0e0
1d75a3b
01a8542
1d137e2
032dfc3
1c22ccd
01e6abf
002c5bc
1c6e99a
00dafed
0017d25
02f07a7
023f2b8
1d34bdd
1db3aea
1e23a4a
01754b1
003f9b9
03fc0b5
003caeb
00bb504
0117a93
02f5f77
01edd61
0182b75
1eac4c2
1cc7b48
1f7485a
1c41a28
01d0de5
1ea37e5
01b8aba
032c21c
01e7349
00e1e16
029d8d1
1d9f92e
1fb7dd1
010a7a9
1e76b48
0153e8f
0062179
00dae5c
03a53f3
1dba32f
00baf15
02da69f
02bda35
1d333f7
000d52b
0362387
1fd347a
1f24f18
1f62811
1f5ba33
1f87114
01046d6
1eb7a2e
1ff1fc5
02a8697
034e74e
1d5b020
1c7aa54
001ace9
0267c30
1e647ff
1cae43a
004b0dd
1e9e274
1d9605f
1dd21df
1fa2a71
01f6177
004b54a
03f2715
03dfa27
1d20bc5
00bf24f
02eeb9f
0298fda
023177e
1fb7b17
0311ffd
0079a39
1d12936
00f86e2
1f9ecb5
018e5e6
03ba9d6
023d3df
009b913
00853e1
1c28cbf
1d4e312
02afc99
1d689a4
1ccff87
1e4c425
1fba20a
01bdeac
00a404a
0074d26
1d56b46
01b0a9b
03f9dc4
024d9a1
1fd5dc0
0361e1c
0267ce4
1ce7534
1f1b6af
1d2a8ae
1e75610
1ddf7cd
1e52ae9
1f80954
00cad52
001383e
023b285
1f61cd9
033d6bb
1f00e37
1ce4ff6
039983d
1df9e68
1c3e756
1f37d9d
007b03f
01fa103
1efa5b9
1c850cc
1f0f597
006024c
1f16162
0167e82
00439bc
0125529
1f49570
0333b06
1eee877
1de8c4c
007e123
1c9c12e
1e8651e
1ceddfb
0288f1d
1d38c97
1c0edb7
0291dbd
1c482a8
01001ad
02a494c
1ca3a72
1df1aa4
1f04e48
0032395
1fb3132
1fe4c64
1e931cf
1cb03b6
1d0a169
038874e
1f652a5
1d53755
021d7b9
027a186
1d86dd6
1d86b21
0341f08
02645aa
1fc5eb9
1ee750c
1da5f24
00c2179
1e0b303
0051db6
01ce8c1
1dbec66
1f24b18
1de27f3
02bcca6
03efbae
1f845da
1e77b5d
039b556
1eeeae1
01d40a5
1db492e
1c049f7
0203ea7
1cb5b2c
1f6084d
03f288f
1c10b91
007db24
1eb0136
03b44be
00731bc
01fe6ab
034e861
1e7eaa0
00e826e
1ffa0ac
0336dfc
1f598d8
1c15dbd
02b03de
017e036
1eb0596
1cea5ca
1ec3ca4
0165218
0011550
1d86c53
0164ba6
0186b86
1ee6d8c
1d49b54
1ff4751
1c47bcf
032241d
026eeca
1d8618a
003ab93
1e8376f
0382509
0311fbc
1d656c6
1ebdfa1
01b2cbd
1e85c43
1eb2eea
020537f
1e53ac3
1eb3990
1c5fcbe
1c19b63
0328752
1f9785c
01847f9
017377a
1cb7f70
1f18190
0111d59
016a44a
1c76f1c
1daa2ad
016f8fe
1e0c2f1
00c1090
0004a3d
039bc23
1c98217
0244569
00edb2e
1e8d860
1c8010f
1e40f7f
01c5953
017db44
1dab417
1e472d7
1dc2bd4
026cf8a
1efbf60
1ef2305
03e4f3c
1cb7ad0
0050a18
020c50a
1e33821
1d03303
028f079
02c1c0a
026a7fb
00f955c
017401e
1e1f953
1c47845
1ef1a96
0330bc6
1e97c10
02b540f
02a4736
00a3eea
0145234
1d82539
03255c4
020ee2f
010cc05
1dd260d
0360f20
020dacf
1cf8fdf
1e73d56
02e1d2f
0321e33
039a49c
1f2c92d
02fdc46
0203bb4
02ad08b
0318ae7
1cd3478
0328e45
1c521d3
01945d7
1f4ad4e
1e4e590
1f39061
1c21179
011b469
1fd00ba
0028b0b
00ecf2e
1e64bd3
1d82a00
0153f05
1f5856a
0091a99
0125187
028ffa5
1fad99d
001b020
1f5bee1
00a165e
1d55aad
1e0a54b
00c1835
02afac8
1fce50a
0054c13
1d3d549
0267a10
034ed8c
1fa6854
004c990
00c75f2
013e5e3
02e57b3
0354c45
1ef51c7
1e986bf
1e3851b
03b91c0
0080e54
01eaaa9
1fa843d
030f20d
01ae5c1
0019ef5
01904b8
020b025
0299cc6
021f860
00b9cce
02fcf4c
1c6d645
0312bba
1db515b
01e2c26
1c8a00b
025fe18
031525c
0386612
0378abd
01f1655
01b9e1a
037559d
03105a2
1f97951
0054e83
1cbd1c0
004d43e
0123d19
03c1793
1f926c2
00dcd93
03961b0
03889e0
039e0e8
1e675fc
1f88b4b
024a860
02d9cd0
00a93c8
1e60015
1c932e0
1f91635
1f1331e
1e67d2e
0273078
0054693
0009777
029972c
03cebfa
03d1fce
1c3dfde
1e513e7
1f72788
1ff44f3
1d7118e
1df4ee0
017b1d0
02a23f8
0298937
00f8499
006caa7
0193512
1cf6c50
030f9d4
1fb662a
02b90b3
1f71864
0294880
0320adc
1fd4bb6
1e3a4bf
030d84b
03e918b
021c0ef
00f028b
1c352bb
1c716a2
0196c03
0390745
03f4d09
015f2f8
010cfab
0147db7
03be818
1e85c11
03ecf58
00f9688
03801f0
1d679ae
1fa519e
030b046
0010d6b
02aa327
01445b8
00ce077
0069e34
1feb71c
1cd6e6f
02ed699
1c49038
03ac1cb
003a755
1f7b51b
03b62bd
017f861
0367a5f
1da9b59
005783c
00cbe32
1fda545
1d4e54c
1c2011f
1ea09dc
1f9be3b
03a381a
1e87fd7
1f1e8cd
025d19e
01bb710
0378276
008dcb1
00e4d3e
1e37e00
1de77ff
01c96d8
1d415f4
1fb8e3a
1e454c2
0011d00
0008e6a
0140809
00d70d5
038b9d4
1e7957e
1db81ba
1fe21b3
0057bda
1e43192
0298779
1e71509
00f4208
1cd8d6e
0039df9
0337d92
00f68f6
038b633
0200eea
1ec0e00
1d6d3c0
0186b27
1d302bf
014f7e9
1e7b844
1dcd80c
039626d
00a177c
1f0d257
0057c6c
1e7ce71
004f229
02791c4
1d66334
02e80ad
0220cce
1f44a1c
00aafcc
0231143
003c52d
00cfacc
1ef4fc7
1e34458
03a13ec
1d11266
0384d9e
1cba198
008454d
030093e
02a526f
1f2a21d
004852e
1e348f2
00e2912
0227179
02e8316
00d91c3
1c7ed3c
032861e
021740c
1ca0f44
0338271
03b372b
034fcdd
013aeb1
00e9147
01d2cdc
01bb8bb
038ec3f
022e4e9
1ee9e2e
1c89075
017a666
1ccdec0
1f9669e
020949e
0346f2e
0351cd5
03c2224
1e154ed
1eaad79
1f12675
00f54f9
1e1e62c
03bf5fb
0066f7f
006d7a4
004ff3f
003fdcb
0338ec2
0153d35
1c7f0b5
1f1e806
1d9f6ed
1cfb780
1eb0941
1c63438
032b3a8
0267499
025d66d
014826d
03d3c7d
1fe5592
1f6359c
1f9d5c0
1e124a1
1c319fe
0058086
1c21cf3
0087471
1df2924
1e1fcc5
1e583f2
00d3457
1e3b02e
0386eec
0061705
004bf59
1eec439
1c16764
1e7e0c4
024b1c1
00e6817
03be85c
1d1ed08
1c2673a
1dd36c2
1e57995
002d96e
1c669d1
1f5f377
1ca1f5d
017821d
1c06c27
02a8009
1fc24dc
1e5f1b4
1ebba92
1c40b6b
03d6808
03dc0dc
00c24d0
0134c7c
005fd17
03f63b4
01bd14b
03fbf81
010e7fc
1ebbad5
008a3da
03a9283
1e33d47
0195365
0372940
1ea4359
018480c
028a06c
1da0854
037dc64
00c465b
01a8fa2
01d19f1
1dbe321
00ddf5f
034ec2f
0230e3c
1cb5ec4
1f7e310
1cdf401
1ca7aa6
1c98dba
01c86c8
000522f
01873ca
01aa121
013807c
0094993
1e3bfea
1f1260d
1fced6d
1fc30a9
1d654a8
1c59235
021024f
02db961
1e7555d
1cae74b
1f5b4a6
1f90bea
1fe4a78
1dea61b
1ecd4b0
1f627ed
1cdb12d
0216f3f
1cd845e
00f208f
1d0965b
01e6c6a
03347b3
007f8fe
0343e9c
00cb9bf
1d78a3c
1e3a482
1de416a
035000c
1fa9d19
03660d7
0254692
036cbd8
00cca69
1df406f
1e1803e
1feb3c7
017090b
1eb8f9b
02b01b0
1f5751a
1f88832
02e458f
1c70834
1d9de4b
1d41786
1c72030
1c155fa
00f8c43
0383147
0321025
00fdd63
02598ef
1f141a2
004f316
00829e6
02321d0
1cad648
1fbd151
1d6da8c
1fbffce
000b34b
1d45b2e
1f33507
01467ea
1fe3e4a
1e01ade
00b7076
022c2e1
1e2e749
1cc8a47
1fdda9f
0140798
1c68b83
0170413
03d5af0
1dfc58e
01be0fd
03b7cfd
027ce9a
1fba04e
1d307c5
01e1a33
1ffb2b5
0389078
1f9c14b
03b7989
1faec02
1c77ec2
1c7596d
1d82000
00af8f6
1fa6d76
000428a
1feadd8
010bfec
01fb020
0251e75
1e299c7
026b0d8
0047830
01d7be0
1f85b51
1fe6c30
03acda8
02b31f5
1d997c5
0025285
01e98be
1d2771c
0349025
1f31329
1d4c02a
0128d3b
028473b
1cda6a2
1e45acd
1f04e9f
1daad4d
02ce83a
1cec468
035bc35
00df6d8
1c37fd8
03c5e12
1f68e4c
0023ecf
02910a4
0334522
1d007cd
02de26d
03282f7
1d88c16
1daf572
1cb1445
1f221d6
01ccad1
004dec9
03b4ea3
02208d1
1eb7bdc
02d8f72
1d97e65
004458e
009619c
1f59ef7
1fe2bf9
1f411e4
01be508
016e7f7
037f781
038adc2
1e2ed5a
1cd0447
03fd182
1c3a652
012f9a3
1edc94c
1f53455
1d5b200
03d7d25
02b1d18
1f4d231
03d43e1
1d94bb7
1e4deb3
1f6d64c
1ee0ecf
1eb8e90
1e2babb
1ef3ff7
0263483
031ac96
0323390
015e8d5
1daf9dd
021bb56
0092acd
1c35c57
1e717de
1e8ed7b
0078d3f
018a401
0061041
1c6dc12
03035d0
02a6288
1ca66c0
1c58459
1eea0af
1caf658
02bd9c2
03f04f6
1fb022d
1d4b27a
016a450
1c58080
1d08b0a
02ad9de
028dc0b
00f6068
1eb18d0
1dbe381
1df52c8
1d4299b
1f73864
1dae1b5
017fd3b
0113b4c
037ae4e
1c07358
0258a4e
03842dc
1ff12cb
1c720aa
1fda7a7
1f28674
02136e6
1f46a15
03f83e6
0359bd4
02613d1
1d9d080
00c8bdc
1cc7bac
1d72db1
1c6c265
1dc102d
0264c20
1c1b76e
030b120
1f8cd05
1cb35bc
008f751
1f0f49d
1d45efb
1e5156a
0073155
03ed4fc
022c78d
015040a
0252ffa
02b9c05
1c37b3f
0268455
1d9a7dd
0332526
1fd4936
1d25299
1fd37de
1e41eac
02bab02
03ac574
03fc9f3
1fd54be
0389676
1f41bfc
0115c92
1df99be
01d4673
1d7b1d3
1d6b17a
1fcc282
1c9b82d
021d559
021a7e3
1dedbb3
1d18c42
003eb8c
021466b
02990c0
1c0b265
1c56046
00a34b7
01988d9
1e6d619
014ebec
1fdd0be
033d6a0
1cf0ab3
01c6835
03696cd
1ee409c
0365ee8
1ef2a56
02964a1
00e7d30
1f09fad
006afc0
1fd23d8
1e44c7b
00d1c23
02ac7df
1f323ab
1c2c1c2
0197dc0
00a02d7
1f360d0
02a9659
038ba63
03b9dce
027ab0e
1ede272
1c31604
1f7bffe
1d5dcc2
1c26e3a
1ddd9b7
03837ad
1e6e8a0
1f4b732
00440f1
1d2751b
02e9175
0123317
035a694
1e8b9a0
01c82c1
016fc39
03a406d
1c41910
1cce33a
01da771
03e5b06
019a186
1e01e09
1e98ae9
00c7930
0094d8f
1d5567d
022a4e6
1d9264d
1de6111
014c9cf
1ed5888
012c064
00d94ca
000254e
00f22ef
1f6b9c4
1e6eca0
1c92c43
1f840fe
03af1a4
0002535
0158c88
1f1191b
035d64f
0078f57
024857d
1c0ab73
035a623
02bd7a9
1d1e81e
0080ff0
1e59ed3
0065266
1fcd1a1
1c24876
02bfd6a
1f8d8d9
00f1fbd
02d26e9
1cde536
1ed1a48
02421d6
008cf33
1e5f000
1cc425d
019ae47
006cc50
018d3ed
01ed917
1c350dd
03962a6
02472d1
1ceb36d
1e3f7ef
1f0f76b
1f69aaf
1c76aa1
014ebd3
1e1d5c7
1c68f9b
1e08cfb
0343915
00d36da
021d589
1c44028
01efd91
01aa183
1ed33bf
1fec4b1
000bb89
00fb50d
1cb1725
1e5dd68
0391d6d
02b464f
1f38d17
1f4c462
03dc9c2
036e305
1c84621
0047369
1d7f49e
1e60f36
03eb443
1e69133
010ef3d
1f0b2f3
03472c5
1d83028
1e4f19b
1c824df
1c0e429
1cf2c12
1f53434
026bc2a
1dc232c
1e10663
1efe607
005dc05
01036b3
0268478
1f49049
01e0533
1c09826
1dab24a
1de01f2
1fce85a
0183dba
1c3a1ae
1e0305b
1c4276c
02593f2
0066f47
1d9c6f6
0242351
0243016
1e41011
1d06718
1f46ab4
0020fc2
1c365db
1dabc56
00ba886
010bf13
013b2af
01a1b5c
01a08d2
02cf61a
00d2a49
1de3896
0100d73
1cd06a2
1c7bca6
1e15899
00d63be
1c76542
0103c60
0399c24
1fec68e
1cea260
02ce223
1de80f6
0255bbd
1caf120
017b6a1
0391cc7
032b10f
003c91c
0180633
1d89578
1cf016d
1d2526c
1e17185
1d0d36f
1c92e9b
1ff44b7
03baaa9
1db0dbf
032a12b
019fa6a
1e7d561
1e6cf4f
00e3c18
1f5ddba
1eda97d
1fc7aa3
01dd9e8
1c84b6e
1c08354
1d6cd30
1d3e458
0248d2d
1fe2da3
1f98d60
1f7d848
1d3f6fa
00c0bd0
036c7d3
1ca09ac
00f941b
1d24fff
03fd830
1fdb8e9
0294beb
036a2ad
1cc9f66
019a280
02bbea2
0358450
1e81ca9
1e58bb0
1cd64d9
1fc22b3
01c3195
01b2257
0222d15
0206c3c
0217aea
1fc5cc4
00fdd72
1c73bc6
1c1a6da
1f6559c
1c66444
1c60594
1defd05
0332a4f
1cbeccb
1d1482d
1c7bee6
0390b21
018b635
1cdc0b9
01c55ed
0375571
1e79527
0293fa1
020b0ce
1f65d87
1c98148
1e359b4
1f50a24
1c6e1c3
02e44b4
0262971
1ca5d03
0137770
1fab768
1cd9919
0194545
0200bda
00131c5
1f3567b
03c54cc
03cfae6
026a03c
0195f8c
01cfb07
1f57de0
1f30685
1d9f9fa
1d85ac5
018fea3
1cf20a1
013683d
1c9b234
03a6160
1dddf10
0282409
02f3013
1ea90c0
0068a13
03efc24
1e6f9f7
02b040e
03755fe
1fe3945
007caed
1f3d213
1d1ed6f
020f4d4
0331ee2
02facda
1f9420d
0394cca
00f5c6d
005323a
1f5b671
03621a6
00d9ac4
03e0fcb
1f6547d
0135192
1e648b1
03e65aa
02277e8
03919ce
1ea0949
1d72c84
1d141b6
1d7ac06
027037d
1c682e9
1d3f2c7
03b307e
01f8a81
029e74b
1fc3daf
00883b4
033d004
1cff830
016ef70
1ea514a
0180be5
1de3f5d
014e010
1d697b1
03e82a8
0088e24
1dd31a6
1df7585
1c66207
1ee404f
0349cd1
1ea367c
033bd40
1e17a08
03eb58a
1d0c1b3
001d40d
1e6e28e
01924bb
0077b9c
0042787
1e9cd85
1c65a85
000d695
1d2a0b7
0180db9
1c2b026
1ea30bd
003accd
1d1e786
1f9ae5a
1fda8d6
1e19d10
1c1ea08
1fa5237
0394e98
03747ac
1f2023f
03ab3c0
1ce081b
1e35549
1c2475e
03c8865
02368cd
1f265a0
1fdf078
1c64635
03d1408
011ee1f
0029e25
1f186b2
1fa1bc3
03c5ce7
1c37746
01f407d
1f29670
1eeb133
1fb3ac1
03c328f
01b8fdb
1d943c1
1f5f666
1ccf8cd
00cc3ae
1ff560e
1de7882
1ea45ed
0352021
1d0d215
1f6abfb
018aea4
007a5a9
1c47192
1f023bd
1cbd8b6
01ffa36
0383998
1e80e20
016fe67
1cfd952
0203a78
1db9254
1d2053c
1c8bc10
027164f
0144db5
1c132a4
1cb3aa9
00a9240
1e30cb4
00b39af
1c37d72
1e58c7c
0285329
1ee7572
1f45fdd
00b6e0a
011a6e1
01ef1ed
1d7e65d
1e043d5
034235d
0359d9b
03abce4
1de7e25
01d9d23
1ee1df7
1da1483
0035053
02c0633
00658f9
1cff333
1cedd9c
019f6f4
018dc60
02ac0d9
1ce5cd0
1cc66b9
01fe520
02e9a89
1f07973
01f2c3f
1d12292
02bd359
1f57388
0297e80
1cce693
1d91269
1fa4f03
1ea53b2
1c2b1db
1fa5aec
0279ff4
1fc36b1
029dde2
1d3cffa
1d824d5
03d644f
001b3f4
02ece13
00275b9
1d6c0d1
011c477
1f42aaf
1f3c61d
1cbe2b5
1d8ac4e
00774b6
03187d1
1fac7ff
1ec88b7
01669ae
1c3a3e8
0260d5e
00be0c1
1e458e1
017fcc0
028fb72
02cbb03
00dade0
033bf16
1d7687a
1dc199f
0317615
1eb74dd
1f0f10b
0299b70
01e771c
0298cbd
028eb79
1e1dc1a
1dd40a3
02b8d4e
1d7264e
1f5b1e5
0050eeb
1ca3c79
0322993
0145840
0099112
1c50b66
0116ee7
1ee6f96
024d2ae
1cbf83a
1dfeea7
036efde
009a772
000219f
0283131
1ceb499
1c6e94b
1c5170e
1cce3b9
1e1ad91
1e2cbbd
1e4c245
02f486d
1e4ed19
1c08f4f
1ca09d6
1c00c17
1cee928
0317435
1edf964
1f3c49d
1df48b5
02a1986
1eace9c
01cc4f0
0045e5e
1e3bcdf
1e1b4c9
0145cf9
01e8f41
1cf4107
1f55560
009dc53
0154044
1c12b04
03047a8
1e53994
007832b
00c32e4
0141c93
000a4c0
00f150e
034dfc3
1d1de4d
1e41442
1f46297
1ca7fdf
03ae07a
00e810e
1da1038
1e7bb68
003779a
1f0db45
02a83d3
1cdc07e
0253c01
1ce7f80
02a569c
01b1649
1f18aca
03f2cd8
038b9cc
1e6ad6e
1db46f6
1f2d0a7
1cd2979
00fa864
1f24fb7
1c7be92
01e6ede
01eb2cb
1e2d658
0224070
1c8ee1e
1c2d5e7
0112b94
1f1b428
1dab841
00cd1b1
1cb9a4d
1f55d31
1d2da47
01f5bc9
1ff4897
1c306ad
1d44749
02b2e62
01a5562
00036ee
023afe1
02d3079
010175c
1f0c040
009abfc
1ddbb74
024e9f8
01fd77c
006f281
003e909
035bc3c
1ffda37
02fe257
1ebd66c
00a52bb
1e70334
1d9cb8c
0125b61
016c8c8
1c86b35
005ba0c
1e33262
1cad3dd
1f83034
1f412ce
1f4f7bd
1eea082
1f86a01
1f62e17
1ce945b
03098de
01ff0db
1fba03e
0330eee
1f6daca
1e088d2
1ed5710
1c6a6f4
009585f
1dc1bd2
1d12666
01c5fd8
00e4830
1eee0ff
1c5148c
1ec7110
0231b1a
0030c94
1dd937b
1edd091
0143b3f
01df1e4
039aa5e
1f21e0d
1ec04d1
1e93b19
00a13a0
001820b
02efbe7
1d5a1d1
0263e6b
0083a44
1ddd899
1e2dd45
1e7ed02
1fd20c4
03f2a2c
028155d
025f2df
03c96ca
0312e81
1c4a4a2
01fc271
014a81a
030c825
1c7ccd3
1f56165
1cd33e1
0331634
1c811ab
1cc48d6
1eb6835
03be5f6
1caf0bf
011f38f
1c69108
1e800d5
00a9f3e
007ddb4
0055455
0131c0f
01fc202
03a3f84
02eb715
033e918
1f86c27
1ed2d71
1e2876e
1d257ca
1e871c6
001ce21
1cefedf
1de6d1f
02c865a
1f14347
1d8aac9
03ea644
1eb8aed
017b943
038cb21
1ce3ff1
00a7782
1de75d4
1ea83e3
1cb1b23
1fb72eb
1f88a97
0132e17
1dbcf0c
00f7331
02416c6
035d949
02d437b
00865ca
0050d8a
03ff207
02d907f
1d11f0f
1e0673b
022ab1a
030d399
01416d4
1f087bb
016b8cc
033ac6a
1cfdff6
037433f
1c9bcae
0061ca7
1f31f38
004969c
02fdb69
1c71d95
1e2a93e
1de3aa3
0196b50
00a17bf
0160261
1d4fe31
1e844da
1d2508b
1ed5f37
01fa404
1ecfd79
0320078
1d00bc5
015ac45
0169888
02dbf68
1f6263c
00e50c9
03afa02
1e5f394
0115b4d
1e4ea90
1e780f1
03f4005
02647aa
1fb3191
005df94
1cbbcf7
1eb87b5
017558d
1cafa81
1def8af
1fd3515
01e61d4
00f18dd
1c2696a
0398ab9
1ce88c9
1c4d81d
1e59029
037b13e
1c567c8
1ebb8d6
1d07683
1f4f7e3
1f0e327
027de9b
1c28976
00c8a62
1c5716f
0104468
1c91de1
1f09a32
0136b17
008efdc
1deb302
00df4e0
0226615
1fbb092
1c5ee93
025f295
1dd3bdb
0292e9e
0092716
03d4dc2
00d0fc9
02f6e57
1df4f1a
01efcce
1f00680
0389562
1fd9f40
026f799
1c09b4f
01387d8
1f02385
0089823
016d560
0178da2
0277062
1e6dada
1e1e4a3
004545f
1fcff2f
036e27e
1d4d8e8
0385318
1dde120
1e0b2d0
019e5c4
1e4bbef
021c794
1cb6c66
1c4bf85
0197510
027b97b
1f08f81
03ecc91
005128a
00b744d
1e5d116
1cc37a9
02289c4
1d6a5ae
01f69f7
1ca1b76
1c151e7
1d04cd7
1c9dbce
00a2849
1fa1cee
01e66bd
01e47e4
1ec2400
01c0ce8
1f8bc3a
1c990b0
1dd7d0f
014211a
0188f2c
00a8e9d
023dac0
00bfb9c
1e81ff9
1ff366c
1dc8155
011e0f3
1fc44ed
1d87b45
1eb3235
1e98b0a
01dc6cf
1f16b05
006c9cc
026a1e7
02e8d79
1cf93f4
1ecfb37
0049092
1dbbbc7
0040460
1e3339e
029a8f6
1f272c0
029ea02
00348e4
1efdc6c
1f0e7fd
1e5fb30
1e06f77
032c20e
1c3aae1
1c99419
1e2cd1a
010bb11
1ea18da
00d8afd
1c7426a
1f69bc6
025e154
1d4fcb6
01f5e7c
1ceeb5f
01a8453
1f70629
025f172
1c8681c
02da175
1ff9bec
0238b54
00ee682
013e9ae
01f1a97
029d151
1ca64af
00debef
01eee5c
0109799
1e4943b
1caa9ee
1dacb42
005f54a
001c135
1f7d2e2
1f48834
1db8180
1ccf2ce
1d6a32e
02c6a98
02a0eed
02c3af8
02ffde5
01ebb21
1f30892
00cbd23
0349c70
1f5838f
000d710
1cb9f58
1e3b785
1fb55ae
0266fd9
1e64eef
0090930
1fb9afa
01f3baa
0151ddc
039611b
1e988ea
1cc3f98
1efe894
1e01408
01b48cc
1d2814e
1ff1dc0
035cf77
1d3b255
1d3676f
01f0daf
1cf67f6
028c1fb
02e8fec
02c47ca
1ded2a9
1cb4f89
1d0ee69
00dd225
1c0f008
1fe07c9
03fb532
1e0d9f5
1e350ab
1fca618
02241b3
006e5c0
1d59268
1fbec8e
023eaff
034ec75
007476d
006e43d
024ffbe
1f59dff
1d694f4
02606dc
02c5b82
02bafbe
1ea8775
034ff79
1f4fd16
022fd1d
1ca4e63
038b2c2
1c199e7
1ecf402
1ffb9ca
00504ef
1e308e4
036e299
1dfed4e
0367332
014eaec
1ecbff4
1eab403
00cc541
00dd970
0225d5b
1d29ebb
1e7cf9e
028a448
02a2d04
1c2e80c
0095803
007bde4
0248177
1dd0c04
1fd6a28
1f26935
1e2a81b
1d1318b
011b8ad
1daebc1
03c1bb0
01188a2
010d2f9
00fd47e
1ea6ec1
011a628
1e27be8
1c93f8f
1f5e482
1d8da32
1fef9d7
038f0f7
1c1e5ed
1dfedd9
1c0dbf2
1e513ec
0105e31
1ecd692
011a0d7
02fad3f
0242e45
1f2ec7e
007d069
00fb2c1
1f03349
02cd1b8
03865f6
1ed7e58
1d1c105
1d0e104
1e94f50
01437b1
02980d5
1eea847
1e891dc
01f2919
1d462cf
1f26aa0
1c255c6
02be1e4
1f3374e
02afd4a
1c66ef4
1fb9295
03bff47
1c079eb
03b96bf
1f76310
0352464
1d277c0
017f610
1f904e7
1d3df18
01d60de
0356fdb
03f0cae
0092687
022874d
1c1621e
1d2d5a4
0109c89
1cecaf0
0316d5f
1eb13b1
1c3a29e
01b127a
0232ba1
1f670fb
1f87bbc
0087ea3
0254e16
01cb77a
0078ec5
1d1355f
1cdb04b
1e9764e
1dba133
03c85fc
020fb35
03112bf
0358c9c
1c9e641
1f4847d
003e4d3
1d58258
008a06c
0135e1e
1d928fe
03510b3
1e8db51
1c00ae8
0150dbe
1e0a7d3
1cba99a
036852b
1c2bb79
1cca701
037ea6a
1f7a982
0342eb5
02c883f
017fccc
1fde8e7
017f967
00671ff
00a1858
1e8f676
1cc5c3d
1eb02a3
01d773a
1ccc9e9
1ceceed
014bdac
1e1822e
1d51c0d
1da23fb
00232bd
1f8e2fa
0075856
034035a
014990f
0041311
03ef15a
1f87c22
01f7b88
00dea5c
1e8be64
0312b2d
1ca70ca
1e4cc31
03261e3
1d903cc
1e34ff1
1e37878
01cd2be
002b328
1eae3ed
1dd90d7
1f37489
0285408
0257342
1cb59a0
02e6233
017b1f4
1feaed8
0232e4f
1f66d99
02732c4
0124625
1c7fe9d
025a24a
00da5cc
013f375
013de11
030638a
017a3d4
0144297
1f326e8
012b4a1
0312e7a
00e4f8c
1fc3193
031f7ca
1f6fc9b
1f3ca35
017ad05
1ef0136
00154f7
1c8b9b6
1f80fff
1cac156
0387c42
00cc07a
018abcc
1f52d1d
1d5a91a
006204f
026b2ce
022c25e
1fcb000
1ed7947
1c556bc
0077491
01ef83c
025e7e5
1cd40ed
007610c
1e1e53b
1f59a82
029f9c1
03d5457
1c69403
1e95999
033be67
01df5fa
1ccdb23
02de019
0023b8a
1d9bd14
02267e0
015aee4
01664cd
03939ac
1dbb3d2
0227558
1f1a076
1e670e1
1cef939
00fa3f3
1fabbd9
1d4c899
1cec0d3
02216ea
036830d
1ee639c
1f41299
1eb2de1
002368a
1c5a083
1e0ea9a
1c57add
1d7522f
1c85dca
1d96ba4
1e19bca
1db3a51
1d863d5
01f3d34
031cddb
0118956
011c7a8
0321ea7
0063bd7
1f1a6b8
1f65074
1c98897
1cf62d1
0081519
01ff7b6
0016cb3
1ca943d
1f711cc
1e11802
1c077a8
1f8980f
1dcd61f
1e39ceb
1cee592
1e0f1ff
1e2a160
004e38a
1f30ce9
1e365ef
1c09221
1ce2ff9
1e2d5fd
1f7367a
0297e13
0210bb5
002a624
032c1f6
1e097d8
014c76e
0055197
03e2863
00096dc
005a7f5
1dfdbc6
1dad221
019ea9b
1dd775f
028b794
1dc6a70
02bee4b
1da01c6
03b8fc6
1fc0ad6
01c1f2f
1d7b7af
026e793
1fd37eb
1ca8443
1fbc272
01fd8cf
021d2f2
0208e49
1c5c8fa
034b50b
009400c
1f3db75
037baa2
1f0510c
1f620fa
01aee12
00337b2
03a347f
00d811c
02862b3
0224a6d
035bb07
1e5a517
00395e8
1fbeb3f
0393e25
1d02843
01bf651
1e06e89
1dec1d9
01f2fe4
01a3077
02d4228
1fab147
00aee75
1d871e7
026abd4
1e3272e
1dd0229
1e002e8
01dc26a
1c2fb18
1c0dfc1
023242b
029f7c7
0108943
1cdda3f
1f0c6ff
1d86bf7
00dac86
1d377e6
00ffc8b
1d70245
1d96ef4
1dcbd16
0323daa
1c24a76
006b73e
1d6d53a
1c581f8
00862c3
03ad347
008b667
1fcde05
01c3f48
1c7e98f
1ccac81
1e37bc5
0312941
1eeb529
02191c6
0355546
01189d1
028a445
1ffa482
1c8bfcc
0120064
0147e63
1e64b18
1ff7798
01a1911
021675f
024e777
02db037
02b1cc7
008ef90
1ce09ee
02b878f
1cd2557
1c121e0
0398276
1eb6174
1cda037
1d19522
01c16b4
02ca902
1ddd9b2
1e30517
02cb992
00fe5aa
1ff703c
0030896
02964cf
03bf6a9
1e553fc
039733b
1f810b9
1de552c
1ecd751
1d203d3
005b23f
00c7794
01706f4
1ccd584
1eebd03
1e81438
03d0320
02dcb88
0046c92
1e7c1dd
01dff44
1ce7914
1f39576
1e964b5
003c258
1ec3aee
0090587
1f6a69c
1fbe255
033c146
1e21df2
0367051
1e077dc
036fcdf
1dae89f
0343fa0
020e50c
1f75ec4
023b1c7
1c2d469
1dd28b6
1f78df5
00c6aa5
1e8c36e
1cc18e6
1e6a72c
1ec0bd1
00aad11
1f11b52
1fafdbc
1c1c5cb
1ff23c1
1dcb443
1d158f7
000167c
1e758da
00a52d3
1e5ab83
036da72
03fb595
030f82b
0010756
016349a
03c44ee
1efe2f3
1c75fe4
026d44f
0304c5e
1fd782e
1fcab70
023429b
1d23103
1f59f9b
1d3717f
1c9e519
00900d8
021036e
1e54598
01ab58e
1cb6ca7
1ecc524
1d28b6c
00194f9
010264a
013b074
1f64941
1f04bbe
0206b38
1e35342
1f939d2
03175ec
03a921c
030e50b
1cc1782
0119899
1f177ab
1fadad1
1d33795
1f7f3e4
013e1ed
00d8951
016af5a
0050ba0
1e5dee2
0044fcf
1f53525
03cb939
00c165b
1d3dbd3
1dba096
016c7ad
1f5a9d3
0201bb1
02ce637
1c10ecc
1d0fd44
02f0f5a
1d61ac9
02f3d37
0051fd7
1d32cdf
1f50faf
1ed9605
011e324
01c220a
1fc2318
1efe688
010ce75
1e9b75c
02c01b0
002f80f
039fb1a
0188b61
022de9a
1d8f0c3
1cff571
03d9f15
00f143b
0220acf
1df7894
1fcc6e0
1d5dc92
00cffc1
1cd0073
1d324e1
1d9a862
02aa8b4
1dbe056
1e334b1
1c0e978
03abcc3
1c5bce1
004c388
1c45ee7
01b3cde
1fdfb8c
01fe3cf
1d7407e
036f763
1dfdb35
1fd10af
036d70e
1fae049
0368c89
01ff048
1f0df48
1d3220c
00acf5c
1c279e6
015fb89
01694e4
1d55ab8
032f556
03575ce
1f57d57
0362108
0031bb9
0387ed2
00f296e
03557ec
1fd3651
00f2dee
000e9fc
0319e23
1d17bd9
0397af0
03b8d10
1f5e5b9
1d1e93b
01968e8
01140e3
0024f5c
1d49f54
033aab0
03894a2
005e5be
01fd740
1e6fe8f
03ea132
0218114
02dc3ee
1ff9176
1e9cbb3
0023296
1f51e68
1f77f5c
0022a0f
03854db
1e17113
0002a8c
1e03092
03780db
021392e
1de1e88
024ae1c
1d617bf
1e75f23
1d01fd1
1d21dd1
01a2ddd
1c95032
1c1ef78
01491a1
1f21bf7
002d0ca
1d010db
1d29109
01d584d
037d37a
00de1be
1ea33eb
019b748
1cc9626
1dfc4a6
009f026
1fe595d
00ccf0e
026f110
00d7b6c
1f8e0fc
0063953
1fbe17f
03bbeab
0299c79
039b71e
02b2c9e
01a1819
1eef97e
1c0f2c1
01efb28
02eef2a
038e746
0338eef
1ed71f0
0127926
1c557bf
03a6919
1d441e0
1d16dae
1c18b14
010e80d
1c1f88b
019d54e
01fc4db
1fe4e5d
1f91846
1e79269
1c8ee6f
1ebfd82
1f54cc9
1f698a8
1d006d5
1d1b731
034bb97
1fac31d
1e43483
03c5786
1d18b91
1fb4106
1ca56d4
00797c5
007b821
1dd3da2
1f5e966
1dd7b82
1e743e7
03cce5d
1ceb37e
1cd0481
0079612
1d1c229
010280c
1c66ce3
0085f38
1fdd836
01864ec
03a7345
1d7b7f8
1fc832c
1f38480
0389e0d
025b531
1cd0013
1fcfab6
009c2ca
0124a6b
0185fea
1dc30d9
0048d6d
1c28c2f
004ce19
1c468cd
1c22f87
0386ff5
1f257e4
1ff337b
0263fa3
035d9a7
1ec77e4
1ec6868
0266cc3
004d24f
0056407
1e3f541
1f3bb9c
1fd2126
0072899
1fbeca4
1e52287
025362f
1c1622d
037fb76
1fde79b
022a2d0
011bd48
029cba9
01b76d3
02552b5
033e497
029c831
00e054a
1d56358
1db8f64
03d8d69
1d44f1d
01d9940
00ae758
0285c0c
1c73a43
027e940
1ccb676
012bc1e
02f1493
0200dbf
1c570e6
017fe36
0285436
1eed8d8
1d5a33b
03de905
1f8e902
1dae175
1c151e1
1e506c0
1e47882
1fbbf3d
018a3fc
02aefe7
010d445
01411b8
01f5529
1fbb225
007397d
1c5c1fb
1da6023
0388f11
1d9c062
030d874
1d5bb54
038b7d3
1f15016
030f83e
00a9c00
1eac2c9
01adb4d
015d0bf
01fdafd
1d84252
00ab638
1da8bda
00fb075
1fe0103
0246a03
1e3f451
1ce2ef3
1f6b612
1ce50b0
038e0d6
015d4da
1eff50a
1c94768
1cd7488
1fb21f0
01f0184
1f9e271
1c2e4bb
1fbf388
1dd0c8b
00684be
1cd73c3
0062446
019a6e5
00d42f7
1d2af40
1fffdc3
03c2213
0001e80
1f087f6
1fa0d6f
0385b57
1dbc98c
014c5f6
0245804
0320b71
1cbaf93
1f97915
1d67787
1c19b2c
1e56e3c
1f9dfa0
1fa1816
1c639a3
1dc0c76
019db9e
00f2342
1e24d9e
1c4d515
1ef4de1
1efbef9
026b319
1d2799b
1c7a36c
02488e7
1c7c732
1d8b666
1d90a02
1d52792
001ab79
034e016
02a61c7
1e102f7
1e6697e
004c31a
02d5196
1ea8032
0272359
1fe8bba
01d106f
1c4cfe7
014dc9b
01d0985
00e2ca2
0230fe7
0265e95
0173fec
020b9c9
03ec5f1
035ff92
02701b9
1ded07a
02ebd4a
1dc0387
02eebfe
1de6c82
1f9e9a3
1cabcb4
0267562
1fcaa3d
1e29473
1c97b14
016d1b4
0142897
1f93825
02818c4
03ceeeb
03eaa63
1fa4dda
1ddbf72
019c799
00dc50b
1ca10bb
01d9b94
1d05964
0373cef
1f995b7
0021e7c
0182779
0318443
1cda8ab
0353b9c
1df406e
00c0b1b
1d89a88
1c81e74
030370a
00a468f
02bd91d
009d0ab
02bd150
1f0f9de
02b3c2e
026b8be
1f0bea2
03d7f97
1cb44b9
1dfe4a9
022c40c
1d0d5c2
1fbae0e
016f68e
1e9a4bc
1e879f6
017c7da
1f67d4a
016e64d
1d10655
1ccd48f
03ff3bb
1dbf0db
1da015a
1c2e311
1ed2cae
1e08515
1e3e87b
019d944
1df91ed
030ad63
1e745f3
1e07366
0347202
0277d62
0307a1a
1f165ec
00f86da
1d32033
1e9d73a
023fbb7
00002db
1e447ca
003d89c
01d43dd
03c6876
0208d17
034f7dc
1e1349b
1ed904c
1f041ae
1e2ca8f
1c3894b
1e22433
0159497
01647ce
1c3fe93
00d2a01
037f0b4
036439f
1ebf731
025fc6e
1e7bac6
1f5fad8
003968f
031dc85
1e1abec
1db3a1d
039fd24
1febfcd
022de01
00ea8fe
1ded776
026ea33
0002c90
1d30c8c
1eb40c5
1e78774
1c5eb1e
02306a5
1fc5cf9
1de6e5d
00fdc6e
02f147b
01811a0
1fb936b
00cdd51
1fd4e4a
1c999bb
026c883
0276d4b
1c9b90a
1c345b5
00fedce
1f0fa5d
0356900
1cfa2ce
017ecd2
0332d47
1fb5d51
002d4e2
1e3b19c
03b7c04
1ecc69f
1f782cd
01115a5
03aa62d
014a762
1f7747f
02948ea
1f373d3
003c0f7
1c61801
1c5de11
1df3661
0323238
00f6460
1ca10f1
01a22ed
0160fb0
018cc45
014a5d5
1ed557b
00a32f7
1cffd8c
1e9b708
02e9dab
0086a83
1d5c033
1d2b782
1d20017
016ff0f
0143b46
1dcdffc
0327ad1
0000334
0351df2
1df4617
0251821
007f82d
023eb5e
01dc920
1eb968b
1fa6760
025329c
00a218e
03eae89
0249b6f
0061f02
0124b1b
1df0e11
1fecad2
1fcbe9a
1c6a293
1e787bc
1d658b2
033140e
02e0a47
1eac9fc
1cb4492
01e5e0c
00745ac
1d585da
1d965fc
00f36e8
1e2da7e
0387c63
1d805cd
1c2f307
1e1dfb1
024dcad
1ca14cb
026654e
01b945d
0382aaf
1f89471
0151809
03658da
03ef594
004bf10
1d4fda3
004d51f
00ec430
1dd4633
1e3950c
031b9f5
1f38d22
028da2c
1f23f09
1f76f4f
00cd09a
023e2fd
0156919
0114a9a
00a8d8f
1dd7faf
1c45d45
0294f26
1fa7281
1d59f63
0264aa0
0009748
039bc73
1e0aec3
03031d2
1e0e190
0274acb
1eeb6a7
1c2db04
1e34fa5
1d1bf8c
1dbb0f9
1fc411f
1cd8b95
00f16e0
1fa2e23
1da338f
0269007
03e273e
1fb4d7e
037d739
1c5a63e
1f13769
1c59a0c
1ec7a19
02ce696
1d9c5a3
1febe24
019af39
0162ba2
0359889
00d65e8
1ecfd5c
1e57167
1f74b53
1ea556e
1e3ac7c
1fd6496
02ddea5
019c738
0080b51
00765d0
1db2861
03fc3c8
1d9edd8
03291d6
0377259
01d569d
02df5d4
1c284b6
0233325
01fb0b4
1f14189
0344c45
1f412ca
01a38b6
1c3a4fa
1ffacc7
1f0dc2d
1f83199
1c4b936
1e8149a
008260f
03a9ea0
1ebb4f2
02ec340
1fa3cab
03e37d7
1ff344d
0187709
1c57a97
1ef40bc
0273e08
01eff7d
02cd47e
0251b55
0243ae7
1d4af77
028251d
0204d79
1c42f10
030d4a8
010d184
025d297
00eae3f
1c84691
023e214
1ce9120
1f5a99d
016af1f
1d6ff00
1f70fff
01ffda4
1c5f138
029d6de
1ecde96
1c02aba
1cb3e74
013900e
1c58886
1c48a5d
1e03e5f
034f2e2
1e819db
01dd5c9
1ea3eda
1c50fea
1fe16bb
039d07b
0264c25
007c9c7
0396536
1df8f8c
00e084a
038a011
1da55e0
1da9063
1d33d55
1e8359e
02c490b
0385a59
01e89cd
03546e1
001ea32
022aefd
1dfa1d1
02e1e5a
00351d6
1d4a12b
1c4f8c0
038d86d
0292161
1e42605
016c16a
00bbe8f
1fcde1e
026547c
0046e2f
0228e2a
024beba
1f0c2d1
1c83bb9
1f8e62c
1d2fbe8
1ef23ac
1faf7a6
1fe31c5
1f009f6
1f88008
01056a6
02fdc4e
1d428d0
0108f1f
1d7abab
01322e1
0198db6
1d57083
00154c2
0308637
03b5b1e
0180c1c
024df14
02368b7
01cf7e6
000f6a3
0355305
1c5a9c2
1caaf2c
1d7a78e
00195e1
01898c5
00ff256
02fd488
1df52db
0384c73
00b552d
1d86efa
01b1d1c
033872d
1c9e5d2
035ff70
01e86ab
02d0131
000bc52
1f37d76
03d3e9d
1dd749c
1d9a556
1d94843
1d83e03
1c924ed
021fff3
1d74d4f
1e5a701
015c9c4
1d2be4e
1cb92a0
035dcca
0079070
1c18795
004d116
1e85380
1c05c78
1fec95b
03c5286
017c966
1c2d209
010e59d
00d2e78
1f213d7
1c494d9
1d3429c
1f9d95a
1d70b9f
02e5233
0160ec1
1fdc3ab
1eb3ba3
00968e3
01fb4d3
1fca6e4
1d842e7
031662b
1e2ec9b
1d84595
1d0bb1c
1fa2226
004632c
029ebe4
00c1464
1e68ee7
00b4808
0002002
0202927
1ea062b
1df9de4
03f6743
1f4cd18
1e12861
03baa45
03e7f5d
03afc05
1d15ad4
1d404c1
024c64b
0304443
1ce9d78
1fc1a6d
003b853
1cf47c5
1c34f60
1d9927a
1dba97b
00f0864
1f0bad8
1c07eca
00aa5a0
1e9142b
0152fe9
02ea6b4
1d321a8
1d33196
031bad3
0211740
1ec7109
1fbe2d8
1d3e65f
0314da5
1d18ec9
1f32766
1ecb58f
1f79c19
016b017
037d526
01e7ec4
1c26350
0022eeb
0219c8a
1d34c57
001a1b5
1db41c3
1cbdcf9
1f9b397
1d02bb2
1e78e9f
1db25a6
1d6a5ad
1c61019
1f5dbb8
020edd3
036490e
025b1c3
011c518
1e02cf6
0346361
1f1dbe6
1facd0e
026672b
0257e7f
1e43af1
1f4290f
025b5e1
0205178
003a9ab
1d075f5
1c0f4db
1e7f81f
1faad5c
1d4fa47
1d33d30
1e0369a
1c5af25
1ec31a7
1e29abd
1c8b9c5
019bc48
02b70f0
00262e0
1fbf0a9
028b5cf
1d9df2f
02003f3
1de471e
00b1922
00482b1
01c6583
03caac1
032984b
1f88470
1c1081d
1f2031f
1fb4c86
1f0f573
1d15ca7
00a209b
004d9a4
035beec
01ded9d
1d48b35
020d5cd
1ee7254
1de83d9
1e73edb
1d46c78
0152ceb
02068ef
1d41bab
0213ab3
00814c0
030edb1
01f06f1
019777b
1c60d85
1e330d3
1e35e72
1e712ae
1f24804
03e9653
02b97b7
01eb74d
1c15446
1ddab7a
1eca1b1
1c1f62e
03b137d
1e54d57
1e6ef34
037047f
03b8117
03aa479
0028583
1c39772
1c31aa8
02c1f3b
1c538ae
1ec3dc7
1d48819
0072b1d
03ad40a
01be73b
1d81267
1e49cf0
1ddd91f
0231ec9
03d2533
01cd065
1e914c4
1d36916
1ff1fbb
1e8adce
1d8fc45
0371fb8
008e048
0271e2e
00ad1a5
0171d2a
02a6f30
1d38b37
1c03fed
1c6d52e
00beb48
1deba69
0069bd9
1d04a32
010cba4
011ea1b
004f334
1f35164
015c751
1c7554b
1daf474
1ebae2c
1ed31cf
03db29a
02e5224
03ff59e
01d2a2b
1eb4698
0186e90
1c8441f
01680e6
0051772
1f2a828
1ed739a
1cf5f58
03a1c2a
1d79d29
023bc4c
037a24d
00b1d3d
0120654
00de4e7
03ce7a2
03ea82c
03479ce
1ed71f9
1e8f645
1cf65d0
1e873ec
1fb6b4d
03d2606
03b25fa
008c06e
1e57182
0322a7e
03e5a49
1f02fff
1e1b98b
1fa1314
1c3e140
02f26d1
1f08126
022b27c
02295a6
02c0e02
03d57af
1eee01a
023436b
1f5aefd
1d526de
03f97a4
01b0d65
1ea85d8
1c05d42
03edc2f
0394556
00ed2c7
0172d4b
004e3fe
1d023c3
0341a69
1d025df
1fa60db
1c6f3bb
021ccf0
01fc0e8
1fa76e5
1c3e0b1
004db20
0060bc5
1efc675
004c708
1f4af9f
1f10f43
1c481cb
03df934
1c6e23d
0205f32
007badf
1c016ad
02f3417
03b2128
00ce644
01b7dd8
01579fa
1f8ef9b
00835cd
02151e5
03e7bbf
1c03505
0212cfd
1ee427e
02e89a5
1f3660c
1c8f55d
011dc89
03c5faa
1f878c0
030de4c
017c8ed
1fff51b
1e77bc3
1f9d97a
01cdadf
1d8da9a
01c8721
1e2265d
015ee07
007d8ac
1c29a33
022c8a5
1c454d9
004f1dd
03839ae
1c723e0
1e97028
1e8cd91
0205563
036b094
034fbbd
00149a9
1d7cf3d
01008a7
1e491a9
1c02311
01fb5a5
1e5f3f5
1dcd396
01027bb
1cfcda6
01e6192
0318006
1ebc436
0191fc5
1e58b60
1cb0e1d
009787c
1e09f7f
1dcb26d
1cf1162
0113dec
1c91539
1db9b98
03e16d1
1c87751
013406a
0069318
1c22d55
1ff8dbc
0295292
02d28a9
02317e4
1d85bdd
03f08bd
031a8f4
1fb0a5e
00b3ce9
1ea03fe
1f4a3bd
0375aa4
1f3271a
1f7da73
00867d2
0168bd0
1e32b3d
1db2a8e
1d79a81
1e61b6c
1d57153
1e41fdd
01b3d93
1cb09b3
1d16fa2
0114071
1d03266
1c3896b
1ce0ce4
008c389
1ec3dd4
02f8c4f
1d7a49e
0049de8
03c04a4
023a76f
1e0347e
1e27963
1d516a7
1d8b75d
1fd4abb
1c1020f
02c65a8
00fab30
019a0a3
02fa394
1c3d262
007f8e4
1ddbd49
028d049
1f1a5a8
030dc5a
00fb960
02a8bbd
002cb9a
0152b0f
1c3ca80
1e96491
02147db
1f28ce1
0346545
1e9bfe2
0190796
0091f3b
01b3c23
01d1d81
1efe4d4
00d9fd8
01eb4dd
1cabbff
0152e0e
1d93e47
1c19ea9
1e0c30a
1dea307
01672f4
1f3a82b
1d7cf19
1c37338
0295531
03029f5
1c874a2
0342ace
0096f9d
0045ec8
0004bb7
1dec81a
1e1e06c
1d60f77
01484bf
1c7dfdd
0274bbf
1efb956
1fd433a
0364702
030352a
00128e9
1c6b5ba
1c8ab9a
1dceb48
0019976
1fa49f9
02e53e4
1e8436f
1ef0057
01cd539
00301fa
1c4e2a4
013bb5c
1eb65d5
028722b
1f5f34a
1d9f198
0380162
035c3c9
1e6b984
1d9c38d
01bc39e
0003645
1f39f4c
0020933
01aac56
01d1bed
031a0fc
00c3fb8
1fc753c
1c129eb
023491f
1d2b299
1dbda98
00841bc
1cb244b
1fd19c9
1db70b7
03f8d21
1eb6895
1f593a8
1eb3fdd
1ff6b4d
1d91d90
013a279
03528b7
007553b
02355ca
1c01b76
02e1628
1c4df2a
03d4b4f
1c7e0d2
1c408e0
0293033
019a8db
019b481
01db52c
1e138ef
1e6ba57
1e26612
1cc3134
024edb8
1e0ae36
1e5c388
008e7c8
01bf4d3
1c748ea
0093a84
1dd11a6
0260bdf
0216c17
1ca3e6f
02502ea
1d08650
1e384ea
1e973b0
008f406
03dbffc
0357d5a
00378f3
03f15fa
024b6ad
1dd566d
026fd29
1da2a49
1c31250
1d4747a
1ceaa6d
1cafa0d
1c142b6
1c5a27b
1ea1238
1d88f79
1dc9d84
1e3c0d4
1c2ea33
003fd0f
0013282
0253dd2
1ef5b24
1edba14
01d7211
0198641
1c05d19
1ea123b
023e527
0174e7d
1ddbf64
1e0b71a
1f4b7d1
03439b3
1e22e12
03d77d0
1fb7b59
0297d4a
1ff10a1
00d4a50
035381b
1ce505e
0285f7e
02b0f9c
00a016d
002599b
1c7ecaa
02fa2ef
000cb67
1ddf978
1ced14d
0357028
1eb2d59
1e0af35
02b276a
01373ef
0120b0d
1d283ae
01b5f53
1f21741
0085703
021371a
0395251
0277f40
1df84a0
1e9f4c3
038a1b6
01900e8
1defe8e
014cd08
1e391e8
03e0abd
1c9bcb0
1f456b7
1d402e0
1d6b85d
02a30c3
019f57d
1c3f21d
1c26be9
1fb4a8e
023b208
1ffb308
1ea36e9
02f010b
1cc9ed9
1f07019
03e68ac
1f40411
009ee24
1dd9e26
031f8d4
03b1fa9
1e13640
1cc8b2f
01623aa
015f916
1c0d301
1fa7b7c
03d1288
1d50d54
0144e4e
1e8d94c
005e326
1e2b78a
02a891d
0130d50
00293e1
03570da
1d13c7c
1f851fe
0051737
0137770
1e64ce3
00b033a
1e91003
1cacb1e
00e4f52
1c04498
1e40639
1e31f51
1f178b8
024aae0
026fe72
1dbe5a1
03c9a56
1c88ca8
1d99021
1d9387d
1e4fef3
1de5906
1dc1aee
1e5aea6
024ec98
1d6bfae
0384674
1db97cf
01adbab
1f9ebb1
1e0e6ad
02af4d4
1cf86e1
1fd214b
03d468d
01da53a
007789f
02d6b0b
012a2cb
036edbb
1ecc4dc
008e89e
1c8132c
02b297c
1fa564f
00ccbd8
1da1178
1c0aa3e
0088a83
1f5d646
00ad11e
01d1267
01ead1d
1c80f9e
1d37054
00d92c0
03283cb
1f09841
02740e9
01fab7a
02c2959
017d6a6
1cec384
1ea6687
0350d1b
1e5f852
1d19615
1fc308f
1e737c6
1e6eabf
03cbc7e
1f30d6e
1c23fcd
01a830c
013da3c
1ec032d
1c5de10
01c7cfa
020b146
029d255
02669cf
03514a6
01f01d4
1d80785
1c3d5cd
1c7393f
1f3108e
03f0130
0013964
1c2c513
1fe8e55
1ec6158
013ff8e
1ddf074
1eba84c
1d044ca
1dcff33
0160911
1ceeba1
0363922
1d4e0fc
1ff5dd2
01fbc4b
1ef0fb9
1ece226
00ce458
00638ad
0361eac
0222bf1
004a652
01715bc
1cc9912
022f6b5
00f362d
00070d2
006d94b
1c9aff5
007a65f
02eeba9
013ce06
1f0f38e
1f7e3fb
1db6254
1cd2df6
016dbd5
1f08394
033575a
1fcc4f2
03ff3e6
005eea2
0233107
01cc52b
0295192
1e0f7e8
1ecae6a
00ba22a
0075f7f
1f101e0
1c04366
1e4c83d
1e39d51
00b2da9
1fea0ea
1d22bbd
1d5bfb8
029a9bc
00678ef
00561ef
01bfe9b
1feeff5
1c36738
01f8293
1f72cae
1eacf9c
1e706c3
1f2ab35
03b374e
1e832ff
012111c
1e68932
037ebba
02faeab
009d874
01c7420
1f5322a
1d78640
035563c
1cdb455
1e965b3
03d6d3a
1c3aba9
0082af4
010f6fc
1c3ef59
1f213f8
1ce4042
03cdc18
1cc9b21
1c095cd
1deff3c
018402f
1d2d343
0367077
01278e3
0244b9c
1cc2e66
1e759f1
0276cd3
1f52bd6
1fffe69
02a435a
01db668
1f8834b
03fe6dd
1fd80e4
1e43770
1e46c52
0321c6c
01aa658
005f611
1c0d614
0215725
02d996b
019d514
01d9409
1e6b122
1d27eec
1c9bd1e
1eaa134
1c8ba79
1c908c4
1efaba4
03a7f4b
1e86336
1fcf2c2
1f9a3e6
02bade8
005beef
1ff8200
01dbed5
025b5ac
0123132
02fa9ac
1dc1c02
03a0f24
1e009fc
1e1cff7
1dea80d
0043558
1c85d8c
02d9e6b
025ef23
00caa6e
00cb0e6
1cd4564
1fff2d8
1ffe0f2
1d97847
02862fb
1d925d2
1e01799
015e56a
1d03f0e
03738dd
031a1ff
009a994
0186345
01fd4f0
0345386
1ed7d14
03b3daf
1cd90a1
1c42cf9
1fb8860
0143f2f
1c27729
01cd0a5
1c5a6c2
0124c36
0358f3e
1e6c07c
0049ae0
022e693
033389e
02916d3
0237370
01cb544
0080750
00c9661
1f79c0f
03e4b47
03ca571
0385733
1dafed3
00bed07
023aef7
1f1cf09
016013a
02c2014
1c4dc0c
01724a9
1d5c9fe
1de3536
00d5477
1cf1188
009292b
0137fef
03c723a
0031890
031effc
1de51a2
1cf6b60
012ab9c
03dd222
01dce3d
0090d29
1d7a6bd
035b677
028c9cb
02ccb9f
1c9eb9f
0037f78
1f048d4
1c62dd5
02af9b8
0355832
1f853c1
0052a2f
028cf55
02b47f4
1e1266f
1c3e89d
00c0f08
1d16c13
1cb0db4
1ee8bd6
0013332
010cade
1de5b83
0266c22
0396d93
1d2e059
02bff0f
1d79705
0195785
1d1a2f6
0033c32
1e185e7
03add34
02d0d45
1e6f3f7
1ecd35f
0181de1
1dcd7e6
016a41b
1f1b10b
006eceb
01bff70
1ca675e
01b5358
1d4fa42
03348b3
1c429c2
1d8e246
1e23c82
01369c7
1e6f196
1c6f562
1f46af6
0315244
1d4e481
03cfb4a
1e4552a
1e7a490
02d303f
1edc220
1c34e99
01c91ec
1d19663
0069b22
005005a
0144027
1c515cb
03b51e1
1d2dfeb
01badd2
1e4ab1c
03facfa
1c2b081
02b2e1b
006b2ee
1e2edd6
03bb82c
1f7f9b6
01544a6
02d401d
1c40e39
1d84e7b
02f76de
1cd6b5d
1c68d64
006fbdc
1fad13e
1d6db24
0039f2f
0096d04
1df3cbd
1e4a24d
01de9b9
00c3d25
00a391e
1d1f239
02bf5af
1d6b87e
01ee0a4
1c5b065
02b42b6
03e8fd2
1f8bbc9
1ef6b4c
1c06cdc
1cef643
03d6c67
1c85701
1ce709b
0290b1c
0339e41
0130131
1ed9019
1e3f785
1e4edb3
1dd795b
011471c
012d444
1fa3174
1ec6740
03aa4a2
1e6e237
0004f93
1ebaf23
03859c1
0065153
1c25380
1c19a8c
1ee6287
01435b1
1ca1dd5
1f4aa82
1c9cb0f
01f8222
032bbf9
1e8abce
1c63224
00b8630
005f622
1e7ad3c
0342e0a
006306a
00fbb20
1d755f7
03e32f9
03b7da1
1cbe5e5
034d9dd
0308d85
1cd7ca2
1f6219a
036a4fa
1fe1fd4
0071479
00ba436
00bd9db
1d9f8ed
01a96c7
1db4d66
1de0e78
014e7de
027eda4
1eafb8a
1cf49ae
1c7d4c5
0258bc7
00ac4d1
02d7c46
1e7084d
025e918
031e73d
1e2d6aa
0238849
1daa573
01de039
001a55e
1ec126e
1e186f3
1e0d679
1f34411
036a040
00bf2b8
0024bf3
0187f8c
1e31f70
1f16e0a
03b9dc2
01ca855
032e8a4
1f14e97
027e1ff
1dbf172
1cedd12
008a7e9
00a1c2d
01b42d0
1ef42c1
1c6758f
1e425d1
0154111
032ae73
1e7150a
1eeaaa5
022a293
037b3f1
1fe1c1e
1dd20ba
0302fcc
1e07605
1df4661
1c6f31f
1d4a7fe
1cbb6af
1f8b5d6
1c7afb6
1d94525
1f39c68
1e78e41
01d2e3a
1e52703
01842f7
1f08efb
1d238bd
1ebc35e
1df3d7b
1f1a7a1
1d9388c
03d31f1
01bb97b
02966d5
03932d1
1ef3d3b
03dbdb7
00300b7
1d597a9
021c45d
1e068de
1e920d3
00c0edd
0382324
03f9556
03aa236
00444cf
1efc83b
1caa970
1c80b0c
1f2167e
00a9924
1c3e3d2
037a539
01112c1
1c06f9a
1fd976f
001fd9b
02a8ef8
001a1ab
01a903a
1f80b24
1d84e7a
1d54ad8
017bb10
1c5db65
1e6d612
1d6ff7e
1e8cea7
0139569
1db6683
008a42e
0026508
01a1629
1c5606f
1d44d75
01d70c9
1e1ef86
1f05449
1dedf01
1cde842
016bf9c
033530e
1e978c9
00cba7c
1eb3742
1e78786
01aca81
039d2c3
006925a
1fae681
1d1c67a
1e54a32
1e4a58f
01c57ad
1e4a4f6
1e2d471
1f7cc62
03db5c5
1cb84e1
020c41b
027a908
1ddb2fb
1f2878c
1c7f663
009992c
006ac5e
03e5db9
00f145b
009e321
1c8495a
1ed9038
024f8a4
1dfcd76
025edfc
1d66c04
00e5821
1d108b2
1ee1b7b
1d3cc6b
1e7cd6f
0291742
1ca5dee
001f683
1d34251
0186e38
028f346
015f213
1f43934
02c2759
02bc034
1f20165
0048964
03ef122
1d5a190
0311855
1d34d30
1d468c0
1ca5caf
1e91f12
007565b
1d7f750
0093ad2
1c7c8a0
1df8e76
1cda63c
0264d1f
1ed6a37
0368348
1c5e978
004b967
026dc08
1d9a518
001dace
1e5860e
037e6ab
1d8fbd8
003b44c
019eee7
1ee79f9
1c85dd0
1ec9ba7
02f517a
1c9e5e7
1dd89e9
1e87266
03f5c9d
1cca3d1
019307c
02bc1b6
1fa12f1
03f6073
1c4a585
00aa366
1fc6417
1c6d91e
0351097
003f1a8
1f67d7b
0129645
0203335
1f5b115
1f98b28
1fb2ca0
0066ef7
1e47b75
0112b24
008385b
1c38fe7
1e30999
1c0aea9
0076882
1e8404e
01b451c
1d94c0d
011bbba
1e341bb
03453d6
1ee97ef
1c80e78
039f1f4
1ea3f22
1eec101
039a649
1e3c880
1fc41c5
00b17b6
1e748cd
01b2a62
03faec1
1fb368d
03d6470
1d71d72
1e03783
1dbef74
03bcc30
1c5e268
1cdf957
03a0e3b
1c8d5f9
1d60727
00943c0
1e44f6d
0116ee8
0125b46
0194653
1ca0c63
1ee30db
1ee0fa7
1e142b1
1fb3cf5
0169d86
037b140
01c78a7
01e845c
1d72dc6
038356a
1ecfc21
1f8945f
01cd477
010e87a
1c73beb
1f13516
1fc18bd
1ffa8d1
1da0a69
1c47c7f
1e7a36f
1c88df4
1c1f6fd
1ef7e51
025a680
02c6237
1ec26c2
1fa1060
021ef5d
010588c
1c1e699
1e3bf61
01db5cf
1c009ff
01592e5
0362363
00695d4
1fefee1
1de35b2
037e74d
0054e39
025584f
01d627a
1d72ef5
0181413
00337d5
01a539a
1f89902
02a8b8f
017f208
03410b0
1d89266
020a055
033649c
0116314
1f6e6b5
1dba7ae
1e9886a
00368e7
009053c
03cc352
1c11b90
1c13d18
02db0d2
00515f7
1ee7b57
01eff16
1fda97f
1fce748
00cd045
1c63afd
1e312df
1d0e790
00a4556
1eb2c79
01cabbd
01a8095
1d3986f
039b138
1ce596c
1d29d56
1ed49fa
1fa36ea
01dc7c0
1f10d46
026dcbb
0134fe7
1d13761
038e2c1
021c161
1cf1d90
1f81365
1fc3a60
0302b89
1d49186
00509d1
0104476
1f22732
02b1a65
01a0af0
1e11a8f
1f75abd
013e56f
1ea5d0a
02714c8
0139a5d
031b682
0354743
0132daa
0354322
00c8ae6
0041bfc
1c904e9
02de517
028428c
1c8f724
00445a9
0220f20
1d34512
1ef6fd0
1f450e2
1cb548c
02e8d50
1f753bf
026d5c6
027f27d
1d83ae1
1ef40b6
1e098f5
1f17d24
01c0616
008c477
00c91c2
1d1defe
1ff40e2
03ddb9b
1c003ca
012a312
03de701
1fe6ae5
1ea34a7
036f211
020d941
00675ca
0040a11
025edb0
1dc1f84
0015855
1fe076b
0386724
0036a76
0207dca
1fa6b24
1f7abb5
1c410be
0049e8f
00b6a89
1eaeba8
0359921
1c2936f
02257d3
00191b4
1c1fe39
0311828
013a5f0
00c63d7
03bec40
1cd7ca0
1f5ed13
03a2f66
0122682
00cfe27
0110c80
1e4eeb5
008a6ff
021fa30
008038e
1e1a66a
023143d
0203bce
0138b3b
1e0111e
00b45da
007b580
03745ec
01d5d3f
0083fda
035e166
1cbafb9
1dbdf0b
1e55ced
02dfbb3
1d659c8
02bc4e0
1e77df0
014517a
02063df
008586e
1fa2b2f
1e53b57
024414f
1f2b8c1
1feb12d
01b67ea
0087d84
1c78d5f
1d2ab35
1cecfa4
1dc5ec2
011caa4
1ec233f
0189b36
1f83e0e
1d306e1
0378b35
1dd6b17
1f7dcb9
1d7c763
000d39e
028e5bf
0291140
1db0631
1c86284
1e61d88
1c041ed
0375f16
035006f
02a1f53
0349778
00df653
00556b2
1daf1cb
1cae32a
1f0367a
00af9d6
00e5aea
0330c83
01d6bb4
1d726ca
1ff776c
01040de
023c9e1
006f3bc
0174b09
01e98aa
03f7fae
01c7948
1e99a8c
1eb8c09
00bab8f
1cec60f
1eb672b
1ed8473
1ed5507
026a20c
03aef71
1c01749
0242afc
039ce9c
006e525
035e89e
00fa2ce
03fdf82
00c6ad6
019b034
1d86c7a
1e8b796
1c7feb6
1c71b40
03c2599
1fa2634
1ec8b8c
03016b9
03fabf3
02ea388
1fc9055
023e385
02e6a32
1fe2426
03f6681
03d7d03
035808a
03208b6
1c81a95
1cc3e98
0268381
1da5940
03a6fca
0087f14
1c0a303
02e38bf
1c403d5
1c9f219
0101df7
1e1b71e
1ceb7b3
02e3137
1c93c33
01279fa
1e685c6
01efae5
1e5047c
1f3c545
01398ed
02102a4
1c68d77
1c93ff8
1c1736a
0119670
00585b6
0110bcd
0144114
1c1fac2
021e94d
0377a25
1eb556b
01b606b
1d841dd
1e9642c
1c7a232
1d826bd
1e7708c
0256f48
02a2aa5
031190d
1f5b79a
1debeb8
000a701
0249cf6
1fa92b7
1dfe835
1e1c5f7
1c63f5e
00c91de
01a82b3
1ee39c7
00ad736
024cb64
01745d8
1df80d6
1cac305
01759ce
1d3418b
1e9d36b
031fd8e
1ebfc73
1d40a34
1dbc360
0077243
037ac6f
02e9f2b
0310229
1eeb122
02c1491
1fc2f69
02506b0
02da9c6
0229378
1c8e54e
1c962e5
03c41a9
1e1e05b
1cd705e
1d93a93
035feb0
02860bb
014e697
023820b
003bbb7
1e786e9
1cb3630
0253ff8
1da27b7
0147f5c
03b47f5
1da4c3c
1e0ef79
025f652
02c5231
0390be3
0161c9a
00e4370
1edea04
00b0614
00d2cbd
1c60cfe
0226069
1e63563
1c6d3c9
1e5666d
02c7ac5
0237566
002c355
011e267
1e0a8ad
0315841
020691c
1c04271
00713e0
020d60e
01efb7c
01cff22
01fc558
0094cfb
016b418
1ff947b
1ec743a
1e5951e
026a470
1d5919e
1de3350
1ece4ee
1c478e6
01f8c1a
03b278e
00569bb
1c4c7f7
0310485
007b846
00cb1db
0125ef7
1d5e43e
00b2b41
1f2d511
017005e
1c4601f
00e7b21
1e3c3a9
1f3eb7e
0397e1b
004be5a
034689a
1e17b82
1d07056
1e50d78
00da5a4
1d4b7de
02ec713
1f5f00a
025e9ed
01caaa6
1d29348
00fa3c5
1e61505
02b2fcc
02a232a
1e02a1d
1f6c505
01ce029
1e2bb7c
1c66e03
01c4477
1d43647
007c376
1cf529b
1e806b2
01e4b48
004d2de
1f1b3ff
012ec6b
018e012
01e9dc8
1fb12da
1de5985
0104e61
02c6b33
1e441a1
1ced96e
00914ee
1d1657f
1d93e04
00885d7
1e9457d
03da057
0273d04
1e7eb39
1c89c86
027dae1
004db59
1fb5f87
0083329
026f3e1
1c7e4a0
03250be
0280fb8
1e2a14f
038bb1d
1e7871c
1c6bd68
1d974b1
0139bb5
1f487d0
0273529
02a4bd1
02502c3
038980e
02424ce
1fd991d
1d29554
014d479
03e62f2
002a365
1c15fe4
1fda8a1
031e031
02b02c3
01545a7
015a040
1f7213d
00e1ec8
021c9ad
1f72a36
1e59468
1d7b288
1f4adb8
1f72475
1d85586
01c931f
0180a44
1cd2601
0037650
02c8e5a
01842b1
1d034c2
02290cc
1e64fc6
007b380
0321dd3
03a28c1
01b9df1
0142126
1ee356a
01a08ca
1d5f4f4
1fd5413
1dcec16
00e02a1
1d204ee
01d165f
1f581d6
1d07319
03cd0e8
1f97d9c
0373097
02c3e9a
1ffc6d5
0389a56
01ad7bc
034fa97
1c0e87e
031e5b0
1c7e1ab
1d13985
1ffa957
03a3377
1c8559d
02a8dca
1cf620e
0245aa6
1fc718b
1e37f32
1f02926
0163491
0351829
0307184
0041c83
1c03d77
1c9deba
029c2ea
036dd31
00c4c87
1e79474
03caf0a
039e283
1c06c84
0200d42
1c313dd
01850aa
03eaae9
03a1e80
02e0492
0096e9a
031f52d
1ebd6a3
1cdef99
012ee89
014e89f
1fc7639
0317f54
1c8a72a
1c24b69
00c11b9
01867b7
1fb4d80
1f21574
1f1cd96
1f497a1
02c740d
1c26b44
03c71ac
1e84f5e
0353083
006bec9
01061b7
03d344e
0213f04
023423d
1e1a7f0
1d2a9bc
1d587df
1c0dc5f
031a4d5
1f371ee
1cc6ca1
1e5c3f8
1d68c20
1ee2c0e
02cc03c
035ccb8
1d2f4c6
1eed8b1
1c570c6
1dc789a
1fb2692
024634e
02bbc37
1eb0e01
01456ae
1c7d743
0325522
1d672a9
1e0946d
1d97e21
017fe18
1f585f2
000f189
1f4b9f1
01d9695
1d78f54
1f99f09
002c3ab
00aa52c
0127491
02baf16
1cdeec8
0284973
01aa6ea
01cc5f8
1c2fb2d
1c733a6
1ee86d1
1fcda76
01dbfbc
1d294ea
1fa6a3b
0268b7e
1d4537f
1ddf40d
00832da
02ebf6a
023cbb4
1e8ba68
00071af
0398228
01ec68d
01262f5
1f79358
1ce7109
037b7ea
0240880
0068b62
1f6f0c8
1f156eb
02c90e1
01ad73e
015ce8d
1fb1e1a
03c8f4d
1c930ce
1f9a7f8
1f34ccb
1d1c4d7
1da6810
1c97b2b
0003197
03d2130
1d4524e
1c35237
1d4c3c4
01bf09b
02cd171
1c2d7ff
03d758c
03fd9d0
01d8e98
03c1d29
1c8d2d2
03d226d
1f6d99d
1f471cb
0340250
1f880c0
02393bf
1f8163a
1d8e9bf
00522a2
01f441c
1d0fe5a
1ef8402
00ddb42
1e9f90a
1f133c1
00c1b38
1ce84c0
00e219a
1f1cf82
1e99b9e
0118764
0019c94
1c0f468
1fe45bb
1ffb10a
1ecde48
1ddc653
1efc688
1f0d5b8
011cfd8
019ebb3
01b3167
03902dc
1d806d7
1d72457
1fb2be1
1f43615
1d49c36
1fc6833
1cbd68f
00ae4bc
0305b74
1ebd7b7
0351715
1e06c06
1c1774c
1fb1529
01da401
02576de
00ab429
1ef0c04
003d8aa
02883b7
1dd4616
02a5699
1d4b0de
1f9e78f
0188ac2
028702d
1f282ff
03af13b
1fe1105
1c79951
02defc9
02922e0
01baf52
1d5aa38
01a0f0a
026a014
00f1c6c
00a6d5f
1dc4a34
002e7ea
0037751
1c87301
1fa74b0
1c2369b
0214522
1ec08dd
022d023
1dee434
0257155
00ac7be
028ad73
00852cc
01591b4
1c616bd
0194730
02d7111
1e4603e
1c62740
1d8aa67
1f371ee
1ec5187
00a2f3c
1cd0edd
1fbef6b
03f4a44
1e9ca89
0362486
1eb2c38
002fe80
0301a2e
1f33e60
1da9530
1f0ee14
1fc2e1c
018f698
1c103a2
1f06e43
0118bc5
035c841
1eda90e
1fd22cb
1e3c496
00611aa
1f8e4cf
0254102
01ee3f0
1deb8cb
01f8fb2
000d7b4
1e93e08
00865b2
1dac727
1c191cc
1ebe55d
0219ee1
1e8cb06
1d366d0
0294005
03c04f7
1f1967c
1e9f033
025acc3
0059ad5
1dfba81
1f2448d
1c684b9
0351345
1d9262d
036cb35
1e78091
1f6e1ec
1d96e49
1de1d99
1d4af3d
023d53d
1e082ee
1fc2504
00a69e7
00ca271
1dacf72
1cbe733
1ef2d7e
1d0db70
1f3e986
02ff38f
01d05d8
000b5ec
03a0160
02c199b
00fcf1b
1ecc2fe
1ed6623
1e70881
0133ba4
0323102
1efb12c
00d7fea
1e2b8dd
0317e5a
1ded804
0245f06
00dbc90
1c2b357
01ebf8d
01ec9e1
0258d31
1c8c6a3
03d27d6
0209776
1fd9b90
1c3e05c
1db7acb
1e7276d
1d36606
1c75d05
1e09fbe
01442af
1df0a3a
1ec26be
1cb6a63
1f2b868
03d1685
1d55067
0010951
036ec3d
1e4acbc
1d75f73
0059b1b
1d135d5
1c27d60
1e1f8d6
02de8c7
1f5213a
020bb92
026e539
02fe30b
1d0b3e9
1e32692
004d7fe
1db922a
02b28a9
1ff0fcb
03d6fe1
1c7d751
0045f9c
03e3b13
02bebb6
0116fe5
1e1814f
01c8adb
030b262
0085eb3
1fb8096
03625fd
1f0dc94
1d0d579
021f512
003f183
0396e62
03e9bbc
1d2d415
1fc892d
0313a85
1d1df33
03af750
1e52a31
1d04baf
1fe24b3
1fb24fa
00331cc
03e9131
039b254
03e6c28
01c6b77
1eea520
1eaa71f
00f6c6d
1fd5d9a
035a2fa
1c14d85
1dc4cb2
1f14701
00e3ba2
1f79211
1fbeabd
1fd57b1
001fb1d
02bbf80
0336fd8
02d6016
1d94aa0
1d9e1da
03791f9
0020657
1d710e6
1c0f88f
000ba24
009f3c3
021861a
027505d
03db5eb
1da0f59
03892d0
03c1cf5
02529b5
0092f75
0093603
0386fbc
01d69a9
1d71f70
1e2ea59
1f82d85
015f201
1e1b0f0
004630d
0227805
02646d3
1fe7a5b
01d187d
1ec0067
1cd9aee
01f2c81
1c8d1a6
1e12d27
1c70945
1f54086
01ab7c8
004b955
1f6d28a
00c6a05
1cd4644
1f728a2
00dad2b
1c53034
01e7b5c
02af781
1d6448a
1c55fff
0145084
0073901
1fa885e
037c0d6
03b6dcf
1e28d69
1cf1da4
005618b
1cda1c8
1f51a13
1cdf253
02e7a97
1fdbfd2
1f2f4df
026dfd1
01eff20
035d58c
036481a
1d4bf53
1d30c4e
0204be4
00f092a
1e38600
03456ae
1f5c7f2
01a6652
1d6fa36
1e1314e
1c16e23
034ad21
01b119d
01e8f6e
1c1e7a4
0265db0
1f522b7
1d813a2
014eb54
1e4b84d
1e53a25
1ee4147
0103e93
1f8b96b
1c5b88f
019fb4f
000dfe7
014e48d
0127fd8
006c9ac
1e5fec0
030f0e4
1f6748c
00bdb6b
00f6048
1d6337e
1f9690c
1e70d19
01e8b83
011850e
0120453
1d9b4d5
03fed91
036e9f0
037b891
0153496
01ca07b
000ea13
1f67ad8
00eda00
1d057f3
1f7d839
1f72364
00897e9
1caf6ff
1fb0223
0113e54
0380b49
0201df9
034cc57
1d89f2f
1fb9541
1e6871c
0389dfb
02ab315
0238538
1db7e8c
1f3e5b4
1cdca34
1eae477
017874b
1d74bcd
1e26863
01dd3d2
0134d92
02148e3
1efc53e
1d703c0
0303a49
1fb2d00
1c35817
00ffe1e
1f12352
1ccba5f
037ba65
02bd8b3
1feb6db
1e276fb
0158a3f
0041c25
1fe643b
1c64b58
1dd3e85
00854db
03ba286
1dbe33e
1e07fe2
1e954ea
1f65e24
0088fa1
00797e6
1dfa726
1cc4103
01c2e50
1e2ba91
1f10844
014ad18
03f3cb8
1f36f92
1c3aa66
1feb0ec
0062938
03d1b7e
1fc8388
02c7ef6
026416d
002b60d
018607a
030a8a4
1eb7e27
027c5e6
01ccf23
00d9d4c
1e40079
02c106c
0376fa3
00c05fd
1e5805a
0290db0
0348446
1c7bba3
1f6d9fb
033628f
01871e6
03f1854
00b8091
1d41f69
025172c
1caa63c
009ae6f
1c0f0b9
03f1c18
1da3b81
007d86b
1c37095
1c966d5
0027853
1cce43b
01332dd
03af690
02707a9
1c304e1
00049d2
1ef7262
1eeb598
00cf93f
1fa5bb2
1c44ef1
02663ef
021577e
1c5342f
02aed49
03dce0a
1cf3735
03aba45
03209be
1ef089b
00b9f2c
038b7f8
02a8b12
1cca859
00300cf
1c3858b
1dc0297
1fd246b
00732b6
02ef22a
01c7ee2
0134a5b
1ee7a94
1c71529
1cdcc26
1ce4aa6
02209f0
00d16d9
0096943
1d3e1f4
030cfab
1e00899
1f14166
00f6fb1
1d0d5b5
1f3fa17
1c9b7b0
01dd89a
1d72ac3
020b823
1f41d80
003778b
03bdd05
1e4288e
015992a
03ac1ef
01ae9b5
003c149
01c8589
1fe7fb9
02cc252
0101037
03a6a27
1eb25cb
1e1e609
035c1e4
03f23ac
1f5fc6f
01ce8f2
1d3f1b6
1fb2501
1fcbfa2
02b71fd
1d13b5f
1d7004a
1c47ba4
1f4b189
025518a
00e58d3
1cdfc12
00ef9a3
1c20038
03a50c8
1c5854e
00e33e4
1dfce01
1c2cc01
016b080
02b01f1
0211034
02bb6ad
004b142
0091dfb
1fa1901
030a774
01a190b
1d0cc89
00ac828
004e4e6
1fc58e8
1e473b8
0038e59
00ed691
1cd3ac8
025d37d
021d602
1f1692f
0104fd9
03c7037
1cd8436
1d536fa
0234128
01319ca
005e30a
00bc65d
1ff1964
1f259ad
1edd387
005f367
03fa009
0372f13
1d3b715
1c3ec94
02ef85b
00f15c2
1dc0631
00c0a55
018b4ac
0262353
1cd7b2b
030a868
1ccfb67
1dd1895
1c60d3e
0264bce
02ed3a1
1f6a501
1f68b61
027b631
00a317e
02eb387
0002de9
0261d85
1d46427
1d2c7e5
01aab3d
1eb6fe8
02cb0f3
1eaa695
021a1c6
029018b
03fc0d9
1eacfc2
1c4ec4e
01efce4
1f87645
02fb9a2
00db050
0324d04
1c3d1e6
1e7d81e
1ebebd8
03524d6
1c3f50d
1c0b6cc
1d7b802
1daa731
00b7960
1de223f
013cfbd
1ce114d
00d5651
01b50b5
009a1f1
00e27ba
02b1ac1
1f3b900
1f929d5
0078df0
03e001d
1c042a6
1e255b0
0176eab
1dfe1f5
0032079
0002b96
02fba99
1fcd4f6
1f6a54e
1e4e8f8
1f428ea
1d288c3
00302fe
03a33aa
0178223
1e7fcde
1d3d424
1e6d182
03af1e2
1fbeadc
008a9cc
021ff9d
1de1e5c
03d2156
000a8a4
029c586
1c4a45f
1f1d3ad
019ba60
02113cb
012a3f6
1fe5d54
01a172e
1dfdc39
0151ff0
1d44dd9
03b7184
1eed7c1
1d75adb
0396cc7
1ceec93
0390988
0078800
1d0c753
1f01c3d
1cffdc6
01f0779
1d78014
1dd07d1
02c9ce3
02b079e
0305392
0289b48
1db43d1
00cf7fa
1e02be1
1c8df1c
1ef207b
1e2001e
1c72f5f
025cd88
00cdf67
03e2df5
1e41704
0091014
00cb960
1c0032d
1fdf961
015c91b
1eeaa1a
1c18d25
1f6bcc0
1f25062
1c1e1e0
0183175
0283515
00fb615
03ae683
1deb0b6
1de2e73
1d8cd0c
1c6b172
1c32cc8
1c9bdb3
1c1b547
00f0a81
1d20adb
0141010
1fb580d
1f8445c
00b60e0
1f7c00c
1fd875b
1dc8147
03eab07
015c4ec
1fc00ee
1c58113
1e2f21e
028f550
0391cbc
0149c3e
1eecb21
00670c1
00d0d03
009ceb0
1f8d194
1fa5b12
1c4e46f
1f79088
1f5cfb5
1ee6cfd
01076fb
1eb54f5
1e52d99
1e5c81f
0383e40
1e153dd
1e54aac
1d31669
1c08e23
1ca71be
024a53f
1dd78b6
1f8244e
01e2b09
0308123
1fcf020
023c8d9
015d9e7
03cd7fa
01d55dd
1fe172d
030d11c
01a977c
035efd5
1c3a880
1f78820
02f4f3b
1cbb963
1cd42d3
03b9c0e
1ec2d1d
1c47118
1e09629
1d416b6
035e2d3
1f8985b
1ff2418
0275c44
0160ee9
1fee2d4
014fa34
1e0d71a
1df7e91
1eea511
031c3b4
1cdc742
037b79e
1e6d417
00fe8da
1d4a0ae
00a2861
1f0dc0d
0032055
1e8e976
00ec227
1d00b26
1f774b4
0288a4e
1e4f98f
029430c
00c28d7
1c38b2a
00c7eb0
015bb37
1e3bb3f
1d73b1c
0282ca0
02438c4
01db4d1
1df522b
01a8a2a
1dcffea
015e4ef
013c4da
1c4ad8b
025c654
03e46fc
1d90bec
1e4e0ed
1e37350
01178d3
1c7e29a
1d567d8
1c5ad60
0110f9f
01ef07f
001ca41
1f8158e
0361fc3
1f53206
1c9232c
0323aee
1e43524
1c34bfd
01448cf
01a5b86
1f33e04
1dba713
017faef
1f99f9e
02da2a7
1dcd7c0
1f3b262
1d3a8ff
01168b2
00a14ef
1c68a30
010a875
1e70109
02fcc34
03fe2d5
1cd65a1
1ed0050
00c05bd
1cdb957
00e6471
01d5894
03d5fce
0022131
1e700f7
1ea898e
1c23c68
02566f1
1c0557d
1d9f3ed
1fcf540
0086d94
00c1c16
02b99d4
1d832d6
1f8d2ae
02fe50e
01f409a
1e0cd6e
01e83b4
0268e46
1f7c0fe
1cabd83
1ca1453
1fcb97e
0299925
025a342
1d93cc0
01fce8f
1dd80f8
1eaf972
1e8aaf4
1d09433
03fd96e
0124ce3
01b6d48
1f897c3
003a761
0122626
1ee9534
1e858d1
1dcd79b
1ccd4d9
1c8a38f
030fbda
1c77b18
1f0d668
1d730a8
023ee4a
00b7df4
021185a
024489f
1d88ec5
0185699
1c2a6c5
02b862b
1eba304
01401bf
1dec78c
02e3509
1c842dc
011a261
1f58cb8
03fe32c
1fe48c0
00d8c64
01fe3a8
1f6ee82
00051c4
1fbfe24
1fa4e3e
00c4619
1c9fc90
02de3a6
0141aff
01de6f7
1ec74f6
1f07f01
1f54fcf
1d4aff0
1d869fb
01c9868
0186892
1d7bf8f
1e701d3
023f287
038fc6a
1ec68fe
03a29af
1d1af00
1ff13ab
1fce45d
01acb60
0377f1a
00c0de7
0053d6a
01a6a2b
005e915
02ce8a3
1ff83d8
03f48c1
03fb7d4
1c88cdd
1f02f38
0101089
02af240
02f31f9
02f8454
1ca0ef1
1cfbfd5
01af8ee
1d0cd05
1e5a489
03b9757
1c272e8
1cf5a8a
1e5fbbf
1c74a9e
03bdbbb
01c4e01
0339bfc
0161a84
0348456
1f71922
1ccf375
1db4601
02bbb1e
014821a
1cc634e
00c19dc
035cbc6
024a290
1ee8e32
1fcaf28
1fb77c4
1cfd387
1c1d6d5
0398901
1fa9989
0077a3f
0394e73
1f57ee1
1fe67d2
1fea4a5
03bd2ab
0313fec
030a9f9
1d5a73a
0362044
1d3d7b2
00d4120
1d959e2
1fff110
1e0b06f
1c2b9e2
0334475
026a1f8
1d0dea9
020a441
1f16fc1
1ed2937
007ae92
033ca22
019112b
1ef600b
0075db1
02dc236
014823a
01d64f7
03e5000
1c4fa5e
1d8b029
1fb3be9
0312123
1fb1f30
1f49cb9
0229e35
01bf6a0
008802b
1c121cc
026acab
02c32be
1f7fb32
03e72fd
00bb532
1f5f9bd
02e741e
1e65aa1
1cf136f
1fdda2a
1cfc5bd
00ab965
1c706ae
016aef5
1f1d47e
1c774ae
1d24c8f
1d27c79
1d21b91
1c62389
0379e21
032fa7e
026beb6
01da9b0
01644f0
00056cb
009ef12
02ff44d
018cc70
1e857aa
00b341b
1c0448a
1ed9a43
1e05965
1f00a19
01510c6
036da8e
02e738b
01561ea
1cad462
03c835f
01de289
1d0490a
003c4f2
1edd72f
1cc2903
1c62744
1cdcfd3
03eabff
02b3fe5
1fcc40e
1db771b
1d2332b
03154b9
003e670
0342031
029798e
1d9c42a
0250bfb
01c426f
1f8f7e6
1e3db6d
1ef478a
0307ffb
1edbdf5
033b2d2
1cfc50a
029fc3b
0159149
01ced9b
1d58346
01f2f2d
01ab37d
1c1557e
1d65342
1d00914
1ef4696
00b3c5b
0286e11
1d74e93
1eb9573
02dc191
01c5d69
1d095a6
026f512
1f98ec8
01d963e
02a6345
02a9b42
0225528
038e0a5
01ba188
017ec14
01ad407
1c3b11b
1d3b42d
008be39
02b3159
1e726e3
1f0f366
037323b
1e625b0
0086dca
0333d23
0214a00
1d10826
007719d
02d7483
02d18ed
1ccd222
1c08fdd
1cd261e
0110a88
03cc5d0
003834f
1dab1ca
0374cf6
02ab0ef
1e65a88
1ca5867
1ca524d
018e4cf
1ccf193
0085bd5
1fa36af
1c6a355
1d43f5b
1c619c5
007e4f3
02c4b28
03fce71
0309111
1dd60a7
1cc5ba3
1fef638
01d15c5
1c59d9d
0269329
1fc7e85
1fc085c
01908ca
1e50f19
1c25e43
014c8a7
0138784
1c8c659
1d0417c
1f71052
03eefe2
0061303
00ee8e0
1d5de0d
1c3a6fa
1f2c378
1fa637a
1c774e0
0372c2c
1ca992b
0038782
1d2ec44
0085713
1c966a1
005fd52
1d5ffbe
011eba7
1f08b84
1cb2afe
0233763
1f35f7d
1e0befc
1c96976
03f8094
1db5967
00c2c28
00d0de8
018229d
03bc596
0098d35
1ff1251
006ce39
002235e
02e74e4
1c23bc5
1c8494a
1e1b278
017253d
015ecf3
03dce21
1cdc7c2
1c2bf43
1e026c2
1df8097
01d4cb2
1c9d22f
1c890d1
01325a7
03aa8ea
1cb3211
1e657f1
1e74030
1d4216d
1e7fcb1
1eec730
1dd7b3f
0340675
1e16335
010b8b7
1e3c745
1d063f6
1fa8528
009f272
1fc8a92
0105d3b
02f6b0b
028a68c
1fdd067
03a8d6b
01c504d
003c6e9
01d53c0
1ef3159
1ffa14b
0130901
03d32a7
032f6fb
1db2a7e
0158e43
014f074
034c9bf
03ff7ca
1dd0c37
02ae288
0041581
1f8e487
1e40d7f
01c8972
1c4801b
0039195
1c67ad2
03473ef
1fe278c
1f25a30
035ebb4
1d2e69f
1f626f2
0192443
0372344
1f30114
01192ca
033e575
1e611cc
1dcf8b5
1cc5ddc
1dc8402
1d6dd75
00fc8f0
0349d6c
1f8b20c
0302ec7
1f0afbf
026097c
1d4f092
1e474a4
0310ba7
01791fe
01884fc
03c22cd
1c22b2e
00fa5f4
1e8e61f
0184c69
1fa6b37
0352e52
1e7f554
1eb8fa1
0179603
0286e04
02d9e30
1d472dd
0217d61
1c301cf
1cc7973
02f0b61
1c6e322
0324db7
011cb37
032765f
010ca2a
1cc72c8
02d87ba
0043817
008a1eb
0373c60
1ca494c
1ea8743
1dfd911
1cf38a3
0074062
031564b
1e0232b
1d56ba1
1ea269d
1ce008c
0261d56
1fb7a8f
0358d06
1dedc58
01a301f
1e43839
1fa4d00
1c9c34c
1f5d803
1cfcbb5
033106c
1d3d0d9
01ea6ba
02ed9ea
1ff5a48
00e9de8
1ea80d3
1dd9567
01d171d
0098176
1fa9f1b
1cdb55e
0200a29
1c3af9f
1c70a7c
1e0a83f
1c77eef
1d7b162
03c911c
037a439
1d0f3f2
1e96539
02a2993
0236401
0374887
1c1b8b7
1cc7ebe
1c75897
1d9e9f6
0385d24
025b79c
0268dc5
1d53604
1e7775e
0369377
0125d05
00efb53
1cf2f51
03ab38b
032fe91
00ea4ab
023adfc
02ddb40
1d955e4
024591f
019f480
0230ce4
0265b39
1f7489a
02e90be
014fa73
1c1cb32
01f4d6a
02a3987
1fd93b7
1fad8a7
01c6a9d
1ce1d1a
0074fd5
0024f0f
1fcee97
006da6f
0052e7a
033a94a
02b6005
0391a66
003883a
017df1a
1fcaaec
1ed1c90
010c44d
1c2c07c
0050940
039cc5d
019cc8c
0245ec8
02c433d
1f38a76
1c4980a
1f9ad44
1f90537
0237f6e
03b8438
002c6ee
1f85825
0286c06
1f63a1a
1f72ee2
02dc277
027956e
1da29b8
1e34ed7
03b8f75
030582f
0358fdf
01a18f3
01586fd
1f7ff6b
1d13784
0002a04
1c0fc22
1c34b86
1c43529
1d176b1
1fd5cf9
1fdedb1
00dacd6
1dd1a15
1c6564c
03a8cb9
1f38e00
1cf76dd
1c930f9
000fef4
1cb16cb
1c411e7
0163b24
03870d8
0246195
1fd43d8
1fd68cb
01ecf32
015832e
1d36882
1df4490
01edce6
02127df
0158bf8
010592c
1ec65c9
1e06805
1c0b25b
1ecc5a3
1e4673e
1c383dd
00bcd24
1e03099
00852b7
1fdff06
1e02cfc
1f51855
019ea24
003c030
021369a
02f7693
00edcd1
1f937cd
031a04a
0052fd4
1e40af4
1ca9647
1ebeabf
0312ebf
01d01ad
01e25fc
1d4595f
026c964
1ed76a3
02797da
01abc6c
0038f3c
017b19b
0096a2e
1cfd38b
025bd2e
1dc556a
1cce893
02e8a3f
1f99597
015f919
014bd99
01e5062
1edf054
01a1f9a
0256fcf
1f6a2df
0370f52
1c614b5
1ff8d44
1dc263e
1d3299e
1e36e75
1de1ce8
005a7c3
1ea4e27
03ba94f
1d47d84
035ec95
1e12c3f
1fb2d18
1cb5a73
1dfb1af
02c30e0
1c0fd00
038de7f
1f82abc
0301660
1eb5077
02aaef2
1ce6715
02eb2c9
1e4dbf2
01b197d
1d1be42
003975a
1e63fd0
1f3edb6
1f6f5ec
1cfd192
0108fe8
1f67a53
1ee02c7
021e524
1de3cf8
002ed79
03680e5
1c571f4
010cf08
1f5895d
1e63c40
00874ef
01fcd8e
011d596
03ac673
1c74a5c
0037fe3
1c047e1
00d6288
1e9d68b
1e3c387
1e1971f
030ccde
0286577
018352c
0357e0a
1cbe9ac
0345538
029d961
1f101f1
1c2aaba
1f71327
002d614
1da1231
1df7944
1d317de
1cb0435
00dca15
1c1dc20
01a75ee
0130106
030ef95
0278902
1c3bd42
1c4bb9b
0218bdc
030e826
1fb75ef
03e824d
011e72e
02a0fbc
1ec0fc8
1db6891
1ee8e9f
1d98255
017206b
00c5d24
02712be
1cf6334
1e21de6
03ad0cb
1f901f3
1c81c0b
0098dca
1e64140
004884b
01c5681
0004cee
1c6d911
01cd4b9
00459ee
1dd5caa
01a470c
1e5bff6
03f23b6
1f2bb7d
02b4463
01c9371
1e5e2c7
1f8b50c
03172b8
1da461e
025185e
1ffd048
1d5ef48
1e22d37
03f4bdc
0329541
1d650a2
1e3c8ad
1c568ff
0013945
1c15024
1c5046a
009c23b
1e3689d
1dc4c7f
01e2a92
1cc06f8
1d4d316
01dcafe
025cd4e
030ab9c
03b24c4
1f4dcb2
1ed233d
1deadca
0198d43
1febe2c
02dadc2
1fc1966
025472c
03039bc
030bc5e
1fb0b4f
1d3374b
023a4af
1e4d7d1
1f4ffb1
032ce89
1e0a2ad
1d01366
0239996
1ea37ba
1cfe43c
1ff234f
0225bb8
02c31fc
1fb4999
0107039
03741e6
1c75e91
0132158
03aad4c
010c27a
1cd5f1f
020e42d
00dafc4
0099507
1e4c03a
1e08533
020a2c7
1e90deb
1f5cafb
03ae458
1e7d60f
1de2d6f
1fc660f
03d6843
1fa256c
1f65faa
1d84971
1c942b1
0365225
00c52a9
00641cd
1d151f2
01656d2
1dd3f20
01b6f85
1d40920
1eab5c5
0006ea3
1fce594
0279500
1f82ce7
1dfc185
1c9efdb
031b670
1f3927e
1e4283c
1ed8bd0
0185f79
1f35993
026e022
1d7743e
1ebd651
0302ac8
0239699
023af03
025bade
0161b11
1db5b74
1ed5e89
0168e14
1f5f14c
1f66fa7
1f90106
1d6bd46
00d46ea
0256847
1ca4353
0327d1c
020b7d3
019aed8
039a247
0239bde
0159f10
1c4b88a
1caca7a
1c476cb
00f0c22
1c88d3a
0019a2d
0389020
02113dc
03c0210
1ec7a52
02bec77
0338466
1e7fb5b
02a068d
0295bf5
0304819
03a85fc
1d8560d
1f4d833
1d2647e
02eb853
0120436
03ae48e
1edc75a
1de1118
1dc2cd6
1e49440
1e476b1
03c657d
0301a36
029de7f
0102660
1c66e8d
1daa1be
031edb3
0359d5c
1f49c81
1e8c46d
1c8ab02
1ee5165
1fae332
1d9d7da
1fe608d
1c4e8bb
1cc6a3f
1e79a92
1d45cad
1c2f223
1f1c030
02263d2
0029c61
1c50ba4
010f469
00e9c49
01226ae
1c19bca
01046ab
00e579b
0171b01
1d75a47
1c056de
1d8ce82
1e3533f
01487ef
1e7a4d2
1ee67e4
03cdefd
1d8ac86
1d00fa8
00e28b6
1c0edbd
0383f1d
1d96b57
0156425
0099a0a
022a21b
1c1532c
1f61822
1f00a5a
1dfd315
01e286e
009d60a
03f906f
0099186
1e505e8
1d67860
1c93e11
02e77ad
02c76f8
1c4d14e
1f0e0be
00b1c42
0274af9
02bba5f
1d57027
01c7e3a
0158dfd
006e828
034d733
039a392
1db68bb
1ef039d
1e5fee3
03d7182
1c08424
028138e
1ce3ee9
02ff171
01d4a1b
034c391
00f6634
02ce19c
1de114a
02cca5f
1e4d911
1e4019d
1e9612f
1d0f191
1c52e90
018d58b
01eb8d6
1d12e55
0092ffb
1e000a8
00820fc
012d556
014f4cc
1ee6a33
03ac7a8
1ffc124
02fbc7c
1df39bf
01384c4
0045826
1f3a52a
1f29509
1ddbc86
1ce6122
02f2e59
01a5f72
03db988
00f42ea
03b6f5c
019c41f
1e56f78
1e4a993
0166c49
1d7251f
024938f
03d1fa6
1d85ca1
0167e24
03bf62a
1d24c90
03f1806
0234f47
02b1f7f
1c43ece
02db0b7
024a6f3
02697a1
018abce
0094f20
008952e
00fa06d
031c17f
0130cce
01a5a06
1d0c812
1f77226
00f4942
02a7201
00e80ff
1c65c51
1d35f97
1fda490
1e73a6e
1e8eaa3
0049198
1dd2c3f
1ded9b5
1ed1414
002d014
024eef4
1e668fd
020b433
02aa315
024314b
0139946
1df0f33
1f5aecd
1c40957
1d5bfa7
1fcbbd5
1e8771f
1f10d50
1ddbd09
1e4d971
1ee8beb
1f65621
1d78cfe
1c20e6d
1eccabc
0071678
01573c5
1d86943
1cfeb39
1db801e
1c2973f
0059449
1e37638
1ea86c9
01b31b3
01156a2
01e5051
1ccc302
1f4df1d
1f82dc3
00ed3f5
036511b
0395f65
0349239
1e426b7
1d0c0c3
01d7d1b
003b9cd
022741e
0352728
014da65
1fa9e7b
01385bb
01de274
1ce8a40
1d5c041
02f2ece
1ecd726
1eb3578
1d6d198
024c9c7
1c7edd6
01a7795
1f97453
1c30b0b
016048c
012a6b7
024b6fa
02bb4f2
03acd58
1f8b33c
02e0fd0
0130779
03b6a79
0335c1d
1f2d435
1de0b55
01e0fd3
1f1118a
03b3469
1f8b1d7
028cca7
1dc79c5
0185662
02495ef
01dfabb
1f46bd1
013745f
01882a2
1d39798
0092940
02c2a27
011ea8b
1dc8ce6
1f45b6a
1c53f85
1e7d7c1
1c85a28
1e7d376
01ec4a9
1d8742f
1e1b757
1d9d71a
00f7ffc
1ca6bed
1e0bd90
1ea4233
1f8263e
1d3446a
1e1c4a1
1e659a5
03f8549
1c63d36
023eafb
1f97122
1dcdf91
020981d
02ca1d2
1eb608a
1f3bed3
1eebafb
028fb7d
0395a2b
03f3b20
03b5b4f
1fbe0a5
1f38bd5
1c4ac1c
03815da
0156f5a
0367ac0
003c029
03e9513
1f6a197
1d6cdd4
011b294
1dcc2a1
1f15ff5
1e1636f
01a5507
1f31198
1cf3f40
012593a
02b2fce
01e5571
030e1c4
1ceddac
1f8c713
03b6234
1c1a2e2
1f5f6b6
1fea857
0228201
01635ab
1f8a95b
1cee233
03caeb3
1e327c6
03b0bb0
0012905
0005d9a
03cddf1
1de5da8
00806ab
005a726
1d52fff
1c10d60
1ec8542
1f1c887
1cf52c6
1cd4646
1ee00f9
0034d87
1dae813
1ee9d51
003f29b
1e0fcf4
0324df9
03cd1a1
01a90d1
02336a9
1f4e375
0345327
1c1761e
0345579
025c99a
1cf8e80
1d850ea
039ec51
1cf6f7e
1c87c03
1d38edb
026e015
1fb68c2
0157ea8
03f7f7e
1c151e2
0005b62
01862f0
022ded8
1dfb2f8
019c26f
015899a
1e7841f
1d90341
1d0922a
02680ca
00e5939
00a5b97
036dcff
00e879d
1e705cd
1f0ddf2
01f3319
0133220
01d0bf7
1cd8b56
01d24a4
1c8a554
03652fb
00c698f
01ffa2b
03fe8c0
1e8e411
1f5c712
0323fc6
02f41a9
02e2fe9
1ece76b
02c9364
1daaf1d
032a818
0308981
019e5d2
02db24e
0027d81
1f3439a
009b2bb
1e9a00e
033fe61
1f1925f
00e3f52
1cd488c
1c2a330
0148974
1cb36f5
010bb7d
1ce5074
0024d73
03bb0f3
1d8725c
1ced7bb
1d3e0c0
1c800de
1f25c9a
1cd621e
002dd99
1cb88b9
1ecbbbd
1fd27ba
1c21b12
1daba0c
1d5b1ad
01c6cb1
0217390
1c3f224
0217fec
021e760
1f629e9
01ccd34
1c18102
00635b2
1c0e5b5
029f531
1d77db3
02f3e99
02f5239
1d63421
1f4df74
1e660bd
01a16f7
00b0010
1f7e23d
03d8a61
1f12932
021f82a
1ca28aa
1cb5b35
02da5d8
0087145
1eaef86
00aad3d
1ffe9e4
1f3595b
0014e63
01d488f
1de379c
1d37abc
1f7f3ce
019d380
1eefdbf
00981aa
1de5471
01abdb6
1db0e58
1cbecaf
0111c24
00f61b9
004bffb
1f851c8
012a28c
1e82ac1
1d9c7c7
1f700ca
1cbea5f
1f277e9
00e8f18
02e0066
1f469de
1ea97b8
1c31ace
1d3f557
1d00158
1f18731
1e2a1e8
1cc750b
02ab735
1dc0855
1f095bf
1dd8a41
1f38220
023cbc1
1f37652
1fa7b0f
1e9b49d
0348d29
1e91811
0398d4d
017f380
1ed8fee
1e6d1f6
1e8289b
1d7fbd0
1c0f1e9
012b3bf
026a44d
1dfb781
02036cc
1d8ae23
00cd4cf
1cc9971
1f47343
00ff80a
02019fe
032c692
000911c
0301c96
1e79dd9
00e6af0
1d16521
1f91b4c
01109d5
00b11c5
1d8008b
00af63e
01bf696
006252a
005baee
0073ce3
1ef6e2b
1e7831c
0235c78
008af63
017bcda
1f06c1b
1e1d6c9
1fd4bd2
1f0757a
02147f8
02fa36d
1eae694
1d195b6
02f5275
03c1840
1d76cd9
0371b50
020b3ed
0339b72
031fe8d
022df97
02faa09
1f1aab8
037c184
1dba2db
1c52661
1ea6daf
03dfc22
1d55ee3
0251e50
1e63bae
02a66ca
0312eb2
00dc0d6
1fd2e18
00db60c
1e13de5
1fb6960
1c827b1
1d2ebeb
1d05ba7
024b463
0260e38
1d9b061
1f0423e
008c202
037e3cd
1c0b6b4
0055cda
03b272c
1ec5059
1f825d4
025ad20
1faecd2
1c0ef7f
1cd288b
019c6d0
1fa9bca
0264c45
031c9c7
1fe18d9
1db1141
1f02dab
1e07fc6
01fa6e1
028ddb4
1eefd66
009c3e5
1f6a745
00bc127
029ddd4
1e559a2
1c91af8
1dd8bdb
1ed6e0d
03cd9ee
1e571a3
1c75d2b
1d60c7c
003a9fd
0386ef4
01abe6a
1e68f19
02e078a
1dd8d5b
1d9f5a1
01fee98
1e6e942
1d2942f
1fd1cc9
1d8c6c5
012bcd2
1f2cc48
1d1d0f9
01c079e
1dc9873
1e95a63
02aedc6
1faaff5
1d93ad6
1faa257
0073830
1e14974
010c686
1e9017b
1c625b3
1ca202a
00938ac
1c208bc
1c8456f
1f8214d
1e56e1c
0268f30
1fa27b0
1dca4de
02a195f
0049149
1f6fbd6
1e2a142
1d6db02
1e10a57
1e46e6b
0010e0c
1d2e0c1
1fed2f5
02d23df
1c4a254
1cd1222
1ccd53f
028d48d
03a257f
014b0a2
1e7fbd9
028207c
039b156
005f474
0298fcc
0137072
01155f7
00f703c
1cfaec7
1e9df23
007589e
0227303
02489de
0074f84
1e50c2d
039c3b1
1e0492c
02bb204
1e89544
1ddb3c8
1d8c0b3
1dd5e28
1dee70e
1fd0ae7
03ed1d0
1e4daea
03f6d23
1f03cee
0390ba1
1fd4884
1ee1aa5
1cc1e2c
0153204
1e64604
1e89c39
1fc0268
0269cf8
0034fe0
1d6b1ac
005e539
1f94c27
03d2516
1d26f71
01e70c5
1e30f4c
017fce5
0064fc3
1da6f9b
01ed7a0
002a4b7
01fa0e2
009ff4f
1e56430
1dd58d3
0163f15
01732b9
02f80a1
1e685e2
1e73e9b
002f1e2
1c46544
1dbdde8
1d246fe
1f89083
1c0a3c5
1fb2e43
01a708d
1f833cf
01771de
1fc4e5e
1f30872
0021c91
0324cc8
1e7dc28
1f1b8c3
0070db1
0393d34
0293d8f
0372927
1f8141a
1dbb3b1
037c2a1
1ffaac4
1ebae48
1f7ca65
1fab137
1ecb3d8
1e7c41c
025d0f6
0267059
1d9231d
1e63f64
0137474
027547a
015a58d
0081c9a
1e52fe6
1c5555b
01925cb
03e9766
01cf642
03883b8
012830f
1fdd875
03c5ec3
1c231e3
037a333
1dabe2a
01dcd76
1f93a89
038a00f
1eb9c56
1d58e7b
018139d
1f5c16d
1e1e46a
1fe7eb2
1c14995
017999c
1d5c96e
1c5d122
0266178
01dff6e
1c20f53
1d64975
0279631
1e5ff02
1ff932e
031a183
02880b1
0142294
03aa3b3
01b0358
01f3567
035a7eb
0028071
03c36a4
02e1087
03084a1
1c246b5
1c8e17c
1d1d578
02a3887
012fa40
01b77c0
0361f09
1c91853
00be3d6
1e1f755
1e07bbc
1f6cda8
00a7d78
02368ca
1c570c8
01bb61c
02b254d
0000a1c
00f89af
0099f76
1c19566
00682f7
01bc78d
015d3a1
039509c
1dcbe66
01f77a2
01dbb0a
1cd8a63
0205492
00bbd8a
01e9215
0256750
01b7e14
1ce4920
03cb2fc
1f6b556
1dd96fa
01d1875
0236c2a
020a9c2
1c8212c
1c1d331
00c741e
036433d
005fd5f
1ecc94f
0017b23
03fc027
1c0a5dc
1cbd1d3
016e58c
1f2ee1f
1f53ea1
01d8de9
00608ae
1d3df37
02304f0
1f1be65
00e04f1
1cd6ab0
1ca6fca
1ea8ae9
1e3268a
1e90ca8
0039775
1ecb1db
1f024f2
1f32ba3
1d2dd3d
0289eef
1c6fc27
1f5be42
0144e27
00e163e
0213d90
1d5456a
00702c0
00afb8c
024a6a1
018bef9
0364fbf
1dc8cfd
039403b
036f1e7
1c4dd61
1c17a5f
020fee8
1e18514
1d4fe66
1c65828
1ef34f9
1c6c87a
1d97b86
1f3a1a4
1db1bd2
02c750e
01666ba
1e9dc27
1cca723
01080b7
1f09c29
00bc639
1cac125
01a9828
1fde5b2
1f067ed
1f1aaa2
0155255
1d541cf
1f615a3
1e5faaa
1d51dad
0289727
1e761b0
1f1e3a1
1d3ec7f
00586ab
01690eb
01ce7c2
031e9f1
01a16c1
03bbe15
01a914b
1f34aac
1deb429
1e4062a
1f9acb5
022f864
0191778
1f4ae9f
1c386a7
0161f09
00cd8c7
1c7798f
002a618
000b048
1ce6a77
0311138
1fb0bbc
1f5fca3
0199ef5
1e3c8d2
038cc4e
1e2be85
1c571e4
002bee7
1c8b9c2
1df2e86
00ec9f4
1cc7b1d
1df93b6
1c41dc6
03ee8a0
03b384c
02eedb1
028fdd2
1cf1f4f
1c094cb
1fa9908
017a97a
1e680a7
1f06df9
03745ac
1caefad
0050249
0374251
036e342
01cd6c8
1dfdc33
1eaaf77
1d1d518
1cd4335
03c81b6
1f5a528
1f215d6
0296073
1f3ff02
03b572c
1ccdecf
03885be
1ea4b9a
00b0123
1df0439
1e5a95a
1d69f48
02fc83d
0297750
1fdec0d
1d06782
1ddc929
1f6613c
01acee2
0062e55
0253035
1d83f6c
1f91988
01feafa
1c18158
1cfcf9c
027363e
00b11e2
01dc124
00d6dc6
1eec7c8
1c600a2
025abcd
02872fe
1fabd70
1da4e37
024fba9
1d63fe6
1f286fa
0148440
1f7ae64
1faf561
1c187c4
02b4a9b
1d6a655
00c2e85
00f9d09
1d0d826
0130bbc
016608d
1f16967
1e3fbd3
027cc5c
1e2194d
1f5a251
1ee59aa
00d942c
001f845
1c228b9
001f110
015d5c1
014a3fa
1cf6519
1f1a5ea
1f75d26
1ded130
1ea9625
1d1e52f
1d22204
014103b
017032c
1ca8f93
1f4933a
0236eaa
1f636c9
0299e92
03cab7e
1c48968
1daebe6
00dc077
02696e5
010fefe
0348c92
1e70d6a
1eb5069
0277898
1d97566
0322693
1ef6beb
1f1de07
0322080
032d086
02770ed
1cf6dc6
01b2a48
1eb0066
1cee235
038c64f
0034c4c
1e70e82
1e715cd
0306ea1
1cba06c
1c89d53
033e5a0
011d6aa
1f562b4
1de77b8
1e7d1fd
1e42b29
00e224e
1f60586
1c14fc2
1cd9a6f
1ec86f5
1f66076
024c1ee
1c6e16f
0069287
00c6e56
1d9e624
01dd448
1fda9cc
01fa305
0010bdd
02aa430
1d1da11
0122b80
1ea4e3b
01d91ff
01abc1e
03d912f
1cb63f4
1c65ac7
1cf975c
02a8697
001148c
0108ca7
1d127d7
1de24c7
020d50d
1ed7d48
02c59a1
1dfc0b5
03a7166
1cc2125
1c416d1
1d2ebaf
1e32cc7
03f8aac
001f4de
022d746
02eb21f
1e60b36
1f14c0a
02d6e03
01a7562
01fc07b
1cb2ff8
01a358e
1e73d39
1f11559
1d406ac
013e034
02eadae
008e996
1f0a840
1c83d7a
1efb69d
028bca9
01aa2e5
02e12fe
0163e6f
01d8e0c
0223086
02b7095
022db83
1ec88a2
0194dd8
1f2d585
03def0d
1fae61a
02c390b
1fe58af
1f95849
1d2234f
1d44a43
1e58a37
03de0f5
1da9cb1
018f27b
1c84b58
1f7d0a9
1fee8c6
1c13a75
1c13c09
0224dcf
02bcfa6
1ef6b59
00ebbf4
1fd4395
1ef5ccf
1db8196
1c68a6f
1dc606d
1df969e
00ae6e7
1d9d020
02ea992
0244f30
034ce06
1fd2a66
03371d1
1e3bd41
038d5bf
034d43f
1f0f94d
020b7a0
1fd4e46
1fef817
1ddd078
00c8b06
0340b59
00a9c77
1e6341d
1f5a5c8
003efa5
1f47981
1f04f2f
016d828
1c74d93
1f49dc8
1cc5549
1d98c1b
1e86800
1ff3e6c
03b74fe
1f12aa2
02378b7
1c37465
0180d5f
1f4ceb8
00566e5
1fd230f
01f8809
1d3334b
1e0c7f1
1f857e1
03865fa
1d38587
02d641b
00dfd5c
027daac
1e0b7ee
02e38c7
0299765
005d5f1
1ebe6b6
02857cc
0087931
030ef79
02ba25c
01668f3
01efdcd
1f74430
0242b03
1c061c9
1e06252
1ee8c55
1c3bcd7
1f1165f
0169102
1eff9a0
01e81b7
1c622d7
0196a70
1fd088a
1d60e6f
0270177
01c7fe2
027d432
00c082f
1d69adc
0388448
1d95b9e
1c6311e
1d85181
1fd0f54
01a9ac8
01a90d6
000ba52
000d76d
02ef750
03cd822
0005eee
1fabcfa
002ef82
03f2855
018acc1
00cd515
1fed5e3
1c1e3af
1f0e899
1c95f11
016726f
0219e51
1d97585
03fa8f8
1f581a7
1eba4de
0274d8b
0018429
1f1e5b9
00f3ef8
1fc0802
03a15c4
00c8780
1f3050e
1d4648d
0118334
02df2f9
1ee6cf8
0287315
03581f8
1e30a9b
1e4a042
001c170
1f58d76
1c5355b
0364914
011eacf
00c01e8
1e97229
02badc7
1e783c8
1f05630
0369d13
1d61429
1dfd843
0004c3e
0065423
1de4517
1c8cb71
1d3002c
01694a2
1d62b49
00f4406
1e65e33
00b0250
1df0c50
1e6cd36
027f490
02cd3ab
0350de8
0171faa
1e22c48
0354185
1e2957e
1ea2ce8
006c5fd
1dce89b
03c433e
1ebcd22
0208e6e
1c3c343
02c7347
1e8428e
01c7f6e
1ef5cd8
03b072d
016cf55
00e9a6c
1d1692f
1c4ca3e
1c67521
0385bae
1ecfa15
1da2e91
02ee3b9
1d13b91
0088632
027e846
00b4e80
1ebd51e
1e1f76a
037652e
0033ae4
006e13b
1d95b97
1cd6320
0211e53
1d805dd
1ed64ca
1ff0a92
1fe56ca
03685a7
1dd6234
0141dcc
01a4dbd
1c5092b
035179b
1c59a70
1d0804b
1d1108e
007e44d
0052a5b
03b1360
00c9355
1de8e54
0150499
1f55d87
033fee1
1cf20f5
1c4b32a
1e37ef1
014877e
1ca1252
0216daa
0135647
1e5f7d7
03ef98e
1f99935
1dcdae1
0244e5b
026b43c
1d245de
0311a6c
02706f0
0349ded
0094d77
02e4da4
1c08613
1e751ac
02fc937
1e14a1f
010f900
03b294b
0190c7d
030b3ba
010fa75
0043121
034baca
1cfc10f
1fe963f
00f1a00
1f9eb3e
1c93b3e
02d885a
033f597
027800e
1f3ad16
1c63fc2
015f9ae
03a0208
1fc8358
03e4e46
0360f48
03668f4
016de87
1d4c1bc
0347c0b
1f8f268
1cd4cd0
0265a34
036f716
031bf28
1e86669
1c500cf
1c91905
01e8a80
1d2b82e
00bbcd8
00e9516
1e9980b
1f67d52
1fd7ce8
0083acf
1c3dae0
1fa3dad
00bcba2
1edaadc
014abad
016689b
01566bd
1ca2db6
03f4e94
1c3b08d
009d77f
023b4de
0081409
1ce2ca7
0118da1
01ea062
1fcc85f
1d64941
009af3e
02f4415
1cafd6d
0339ea5
1c40162
1d9949a
1d6f883
002dd20
1c6806b
020014d
1d5557b
1d59774
1f70f02
03c8dcb
01625d5
025ee4b
1d188b4
01fc8e9
1fe9a89
03009ac
1dadb20
03dc830
1c205f5
01dfe56
0324bc4
1c6f2cf
029bb53
1e9501e
0294957
1ffbe51
1d923e6
1dcf9b0
0313fb6
1ef9e78
017be37
020717a
00e4f44
01c168c
0145b8b
01821a8
0081897
02dec67
1e8ed86
1e1f5c0
1e564a1
1c13adb
02b52ca
1dcea4d
1cf7374
1d440a4
0089de9
1fbbb19
1e8466e
03a62ed
1dfbbf0
1f16802
1c124df
01f1746
0398911
1c44624
1d772af
1f5a0d3
00e8c01
1f912f9
1c97f86
1d325c8
002aafc
02cac80
1c4c30a
1ca5cd1
0306c85
02b18d0
0258b4d
1ef05b1
023634d
03e8995
02953d8
1ce50c1
1db3e5a
1fa1253
02ccff1
00ff319
012fbe5
1c861bc
0352e5d
1d2662b
1d4adad
1dca8c4
1c87f14
1e18b5a
0246c47
0337fc3
03aad69
02dbbd3
1fa58a1
1db9128
1f3d57b
1d477e1
1f873ec
1e7c592
1d48734
002d96a
031373c
0276b4c
1f85a7a
1fd0c08
1ed2cd8
005c467
030d022
1d72237
1c7003e
1ca5f38
0154069
1e9a136
0198c43
1fe0315
1fe8297
1c8ab59
02d5bc8
0105512
0163d3b
1d33cf8
1e262ec
1e2a9a9
0077d1e
02d07b1
025fd07
1df2e50
00eb7a2
0094256
0091964
1d7de18
1f14f1a
1dd57f9
03cc190
1ea02a8
0042175
1d235d8
02dfcdc
1e93ff3
1e06eb8
009e96b
1ce2771
037619a
1ed53d3
1c450fb
1f115ef
1c6ba38
0265726
0175582
013703d
011370c
0286227
1fef2a2
03e04ca
020322b
0319899
01e4ade
1c47e70
02396f9
0293280
1d46282
01e5c67
0246fcb
03ef2db
036bd30
1f2e039
035af63
1fd22b7
02f39b7
00caafe
1c29838
011392c
1fa3b7b
1e1b390
0290b52
02cebfc
1f6a1d1
1e9e513
01a164a
1ced573
1f024a0
1ebb5d7
00e84d9
1dba9cb
02a59cf
1fe724d
039062e
1eb8225
1ed6f55
03f19f0
00ad631
025bc2a
03f6feb
1d17af0
036e335
1f7ecb6
1c540cb
00247b6
02ba105
1f9f4eb
0395020
1dd3386
1c0a537
0329369
023b27d
003570f
1cf6bbf
1f39c36
0198d03
1c361f4
1c22fe1
1fa0758
0277ec1
1d74402
1e8a9ec
1e23245
005bfcf
1e868c0
1db292f
1d2f2a1
1d10ca4
1d6a7fe
018cd5c
01ec549
039279f
012ad0e
1fa4707
1da4173
018795e
00aecc5
011f426
1f0a607
1dc87e7
00b8e57
01b592a
0210ebe
1e8decd
1d5eb7a
019d395
024073c
1e41046
00b7186
00c91be
1d516a9
03ed0ce
1db9eb4
03daf0b
1dccd10
009b308
1f9736e
03392fd
1ead00b
1eb55df
1d33c33
1e0aa16
1e4f9ef
01da653
1e99759
00e4848
018b257
018578e
010b6e9
1e5cc41
0261f65
027b8e7
1fcda18
1cf0116
02d1204
1d3a110
1ee2127
016e604
1f7ac63
0164446
0357a06
031a9f7
0314053
1f164ce
1c7fe08
001bd92
1f3a764
00e20f2
1e5523d
00e1af9
1df56dc
00ac7a2
0224a49
1db86a9
0182fe0
01c9006
1db2c65
02088bc
0112bb2
0084fd5
0159168
02b4c94
002fca8
1dfac6e
1eff171
1de0438
0381639
003e3d8
1c0c865
1ddb122
1db4839
1f72b85
1cdf5a9
025ed17
0352cce
02f1969
0179b5a
1efcdc2
1c5e79d
00ff6fe
1e07c51
037a494
02d187c
1de2c22
1c46ab8
1d0f75e
028ea89
0074b6a
03657d9
00ed659
01a4239
1e718bc
01e1c85
002ae72
00860b5
1ea4d91
1d34c80
1cfd759
03e9004
1c16116
1ea7d1f
1d8cf82
1c5e2be
02086ca
1d43462
1d9e4de
02b5d30
0083ec3
1cdf5e0
0113f74
1e70adb
01cbf71
036f17f
0351b9f
1ef2c71
1f10762
1fc65e5
1e14a05
014adbc
02ba94f
1db8ceb
1ffa028
1ce807f
1f52c55
0001124
1d80132
01eea65
1cf1ad2
03bcbd0
1c1b635
01a5023
1d3e73d
1e3fcd6
1e2f8aa
1da3fa2
1c95daa
1e5700d
1ee703a
0237be4
019aa72
1f8b98b
1d69ce4
1c25175
1c77f20
035b505
1fa2ffd
1cfa73d
01ab509
1e26965
1dfcfd4
1db4b86
0392f68
01522e6
0377206
1eaaa96
0088231
1e654c8
1dde40e
1e2458b
01375c5
1cd9509
00b6c07
02f5768
1e7d206
02ba3e2
0355f5e
03dcddf
03167cd
1e70f4a
1d34510
026d5fe
018deda
00d4d61
1df9b4d
00c2923
002b303
01423fa
032ee7a
01d71a7
0220775
011dc9e
02b5a98
1c0f7e8
0381f71
01d7f6c
028b297
0358d95
1c262aa
033fd9b
1f5e1ac
1c79bdb
037cfee
1ef5696
1ecde7d
01f177f
1c4c1c7
1d84492
1f046f0
00b2c93
01e0f85
1f3e9a1
01ae396
1d92906
009c17c
0000971
00928a1
022905a
012c3c6
1c26389
004c3b8
0258ade
039f9f5
1f30a21
1d82df3
1fa6126
035c43f
1dfd30a
1ef1477
1cc80ab
03ae431
0076b11
1ccff1b
1d68fe0
1d60ecf
1f2e9ba
1f8b268
1d7f24d
03105d7
02f730e
031c64d
1d738dc
1dfb1ce
1c8fd3a
1c2d21b
1e3732e
02a46a6
03b7733
1c13cf1
03d2a0c
1ebf4fe
038d4c9
00e6a90
1d4109e
1c635d3
00fbddd
1c32fe5
00c8f67
00ef48e
00bf51a
007e327
1d6bc34
027f691
0068522
01503eb
0190500
0269cf4
1f27870
1f1438b
1d1a4d2
02f8032
00a1c55
1e8e690
02dc2ef
01a60ea
1d2432c
1d7afe4
03b7361
0101d80
0373e2f
034bd23
0206615
1e79b3b
0237912
1de09e5
1fa62ef
0145c87
1d2662e
037b47c
1f7b025
1efab23
0128ed8
1d48c2f
031f12c
1dfb825
1c85883
02cf969
1c918dc
1d53806
02ae2bf
00a3fae
1ed0b6b
1fe59b0
1eee8f8
01d5e5c
1e785ab
1c647dc
1c16fbb
1c65902
1cc11ac
1c283b6
0309bf4
1ed8a52
1de123c
1fe0556
01708d9
03ef124
018c259
01075d8
1f59a21
03f241d
01f2a2a
0109f74
1d2c4ee
1fd5db3
02e6c48
1c136b0
1f1a5f5
0321682
1d74942
1c32e1f
0062ecb
1fe0c05
1eb9bc0
1d11e9b
1da0b1a
000cc12
1d1c620
1f332c6
03517d2
0354c11
0004888
1e8de48
1ca99d9
1f6816e
1e45cd0
02d1d7a
1dd8c91
1d44daf
01d3e08
02461a3
1d30521
1c620b2
028b411
1e774f1
02ec73b
03fad67
0308b6d
1ce5b7c
024b895
1f5e9bd
1cef0f8
0268e90
1f71e00
01d24d0
00dce20
1c33f54
026ff6c
03df675
1d57ee0
1c675c5
0349e0e
1eba319
0310e5e
1e2bede
1fd1b1b
02cc0b2
1cfccd5
039cae2
1caa9fc
1c24aff
03e78c0
0363995
1c73453
1e67bcf
0332438
009c31a
0007c8d
1fe2b32
0310610
0371e72
03fc7e2
015666f
01a47a6
1d655d9
01ba83d
03fda96
1e681bb
0327947
0113643
0288fff
1def956
1ea1fcc
0308b23
01f9076
037562b
000ad59
1cc24ef
1d0545f
1e80d95
1e8b207
1fedf94
1fec358
1dbed6f
020a41e
1ebc5ec
003c438
03ad7fc
1d5ecec
1c8a4a1
00e9088
1e7a931
024f451
0019054
1d2fc50
03855f3
1ff1d3c
021d18a
1c83b3e
1c57dfd
019ab2b
1ffa4b2
025f534
01f4c48
1c43f1d
1fdb0fb
1f4f5ae
1f9b5b8
1e105d3
1c3a71f
0319927
02ff5e2
038fad0
1e9fe8d
1f5fda2
023e61e
1f436a5
000c4cc
00aeff7
039e465
1d97186
1c8d88c
02ac5b9
004893a
01d0741
1fb0c8c
0135d93
1fb62f9
002b007
0226d2b
1e2cee1
021923d
1c1c94f
1c92a4f
1f837c4
1d67331
1df1594
01464b0
1cd0a8f
1f35875
006a9b5
1e0e36f
0192be3
003e681
1f5ddba
001dc6d
03c76d4
1ced726
0024949
1e393bc
1d01e3a
00e258d
1f8e288
01a066c
1d39129
1fea625
1ce7da6
1dc00f9
1f5ae67
1c6df09
1ebefd6
1dbadf7
03ed52b
1f237d5
00bef30
0327d05
000e334
0293528
1e1c657
1ef3aac
0364258
0371f2c
00f2212
1d371af
1efdff7
00022fe
1e274ba
1fc9b23
000ad7b
00780b3
03fceba
028b9ec
1f5b152
1f00bf9
00b99c2
1e4b245
02b7a27
1dde3d2
0281eaf
02feff2
1f62ea3
1e92c76
027eb33
1c7d493
0042341
0345da2
1c09e03
00f36dd
019ad77
1f3ed11
1d0d6b5
1ec3a57
1cd8f53
0081d99
1f9e8cb
1d34866
030b5b8
1e971db
032962e
02702ec
03db085
02b6546
02671dc
1fe1e97
1c7c39b
013a69c
02aabee
01fd500
1f4d666
1eb9128
01ca230
0340354
1d76b58
020ebe7
1ce4f19
1cbdd6c
00b186e
003ccf2
00253b2
1ea5a39
02b24dd
02a46c6
004deec
1ecdce0
1c067cf
1f170b0
1c36565
1daeeb5
1da9552
001f65d
0083146
00e4835
1f0b689
1c8ca80
1db1cdc
018c0c8
1d7f1c0
007b44c
1dbc1af
003cdd4
01bf7c5
019f001
1f66cf3
032f071
1c64566
0367bf8
0040825
1f50da5
1cffdf6
1e560af
1fe02ec
1c59e1e
0396ee4
00c39e4
0014e5f
1fca401
1f5532c
1c10318
02938c3
1c4ff44
03cfeef
1d4a3f5
1e1da9c
1c6661a
02c7bee
0391f30
0141284
1d0bc05
1d6298e
03a5ff5
1c61fa0
0071057
1c4dec7
1ec429f
008f37c
02c9b3c
1c91018
000a600
1dc1ab6
03895d0
1f840dc
03957eb
1c13a9f
1e98f26
1fedfe2
024e802
031ef9f
1e26830
02eb400
1dc33e5
02d2b16
0149794
027083a
1ee9762
1c50e06
1d8f2a3
1dbbe9a
1ca18d5
0216f7c
032394a
01f5e15
1e1d529
036af28
0090185
02cc606
01b700e
1db780c
1ca84aa
1e92a00
1c1c3ac
1f752a9
1e1558c
1e0b63c
03077dc
0189646
01ace8c
1d47b1a
009dfa4
1ef65cf
1e15181
1f92fe1
1d1ecbd
028fb80
1c3efae
1f7a7a5
1cfdd17
000fe84
1e95f4b
0040d37
033ab91
1d829de
02f4ba5
1d96217
1fc8cd7
1e38730
03818de
1c82f5e
1d18675
01b2f6c
03dec04
1c75c2e
00d8ffc
1e90d7b
00c42d1
1f28ba6
1f673db
030fa0e
1ee2805
0176e32
00e1a6d
03122a9
004f130
1fda938
02fda02
01604e7
023f473
1de2ec2
00152e0
1def1c4
1c14cca
026a3cb
009f898
02afe55
033dac5
02395ab
1c45405
02f40ba
03e348f
01ae731
0012c0f
0153e91
1dc75ae
01ccdca
1ef4051
1d78cbe
03639c3
03ccd0d
1c5e4ef
0024004
02d5abb
00dc22a
031ceda
1c7b463
0002348
1ff0bca
1f08d40
03c3011
1cf64d7
1c7fc0a
1ee3167
02c6d2b
02648a8
1de93ad
0183bc6
02e9f8d
1e81c1a
037b9d9
1d3bb48
02c6ba7
1e2ae12
02de29b
1dc5086
03a0b23
00190dd
1ca6b4e
1d77bc3
1f32fdd
1db75d0
03ab47f
1d19e30
0146b5b
017a003
1c9d3d0
01d8be7
1d63c24
1c70853
0040bab
1f42ad0
00b7884
03ef585
004b43a
01a6c8b
03a2b52
1fd7d61
1fb0b65
000dd77
1cbed78
03b4f0c
03ac119
1c09681
03db955
0397c85
01acaa9
00aad7d
1d716a9
1f7a536
1f06b9d
0157b42
1da9d53
1dc2293
1f0330c
1e4606c
1f643dc
03f3c53
039ebf5
1c3eb99
1dc91dd
033174f
1da5664
00d1986
00796aa
0248942
018080b
02e9ae6
00e6a65
1efde9c
015dc38
1f8dcfd
015b16f
1dfe89a
1c41fe3
1efb9f9
1ccd5b5
02cb70d
0085ca5
1d966e0
1ee8f5f
0064c17
039b591
0110143
1dc5e74
023af45
1fce2e2
1de2975
1e7a1f4
1da0702
027285b
1db5242
01d0935
0347ba1
03b5e04
005ea52
00b9456
1ffbbfe
1f371e0
0237aa1
03bdb4c
1f856ec
02cc606
028f1ed
1e56218
0132e9f
00c8c1d
1fd36f7
00dcbdd
1c1332b
023035a
02bd2cc
00d5465
1ce5e0c
02a9c66
1e5a32e
0159bd6
1c3010e
02ccb11
00094d4
1c07de8
03ec20e
1dbaefe
02e567c
0375f47
02c5078
01f0171
02dd4bf
00e3c32
1eeafcc
1ec14fb
1fb8f6f
0173f96
01a4116
1fa948a
1dffe35
1cda1e5
1cf7877
1dfa19c
1d4c635
01fdeb4
025f7cf
03cd1a4
02eee90
1e07310
0007335
1ec3eb3
033d9dc
01b8395
1f459b6
00834da
1f05531
017b856
1c07726
1d6a406
012faea
1d8f781
03290f8
0137333
1fb1e47
1ebc883
026c989
1c82b20
1e28394
03dbe3f
1e46372
037a84b
1d2d25d
1dd5d95
0398d8c
03a0ce9
1ff9420
02baf79
1fd7527
1f66e1a
1fef7fd
1d866d6
008a138
1e8877d
1defac4
016483b
02fe4cc
1fd67c9
032da4d
0088d1c
02caf18
1ff85ad
035597b
1f1a36d
1daa7dd
1c8c634
016cc41
1f0f5bd
1d256f3
03bb311
1c6bb32
1c59008
1c6567a
00a6f3b
021084d
1c25583
03a1079
1f27ab7
1c9407a
1daa92b
1c5613a
1d92645
01ecc74
024657d
027873b
005a10a
1dc7a1f
1ce88ec
0079221
1d02fa9
024f7d4
03fa117
1c94ab1
018bfff
015f8d8
03b98d2
03409ba
1e522af
1de9314
1c9701f
1e6c75a
1f80491
1ff12c7
018470f
00d2214
1ce1cd3
1dc2951
1ee1944
02b5118
1dbeb14
00560d2
016138b
1c3efbb
02d910b
1c87b9f
00c672d
1c49850
015e5c1
03b477a
1c5beae
010508d
0390dbe
1e55615
1e67b84
1ef98d3
0323dc4
1fc5664
1c7631e
0104f8a
023c1d0
00b8a05
039ceb3
00d4358
1fad5f7
1fa256c
1d19cc1
1dccea6
1d8b682
004b417
1eb547e
1ea382d
0334909
1f6451c
1c76fda
03eba48
1e78cd0
01469ad
1eacdcb
1f69d76
01fc48a
1d4b557
0027c1d
0239d3f
02701d1
023e7f9
1e9fb87
0000e53
024f2de
1dab513
1d23e96
00b8e87
1dfc971
0363190
1f43bf9
02eeb04
1d9b8d2
00c1e4f
1d6c702
007c728
023a10c
1fb60f5
0359b88
1e2a947
0040b13
033ebf5
012b616
1db81f4
01ee577
1f321f7
019e036
0346917
1da4dff
0099690
1ff5b64
1c9e446
1ccd750
0352fed
1d2a823
03a82fe
0115af7
00f088a
1c3f22c
03c21e0
1e4ab71
000bb7f
037cf43
00f4903
030d929
1e5c8dd
03957e6
1f23bbe
034975a
1e21ed4
018fa9a
03f2454
0384d76
005bf77
1e8992b
01355f2
019439c
00b0c61
02a2df7
01dca98
017cab6
0020091
1c39a9c
1c6b503
0154611
03dac48
1c19ec9
1f5542c
005b8d1
1c91b03
0246ff6
1d314f4
013cadf
00b67da
1e47522
02a6e66
1e2ff5e
1e87300
01bfc28
1f0a081
03a2b3d
1c6e925
1ea3395
1fb5e96
1e621a8
1f3803a
0163563
1c595f5
0314fa0
03079a4
0168360
1f718dc
1e3233b
0005f3a
0379446
1fdbb6b
03029c7
02b493c
0270321
1c52596
0221bca
1dd236e
0233523
1f9f652
0259942
01cef32
01e6bf5
0340436
0320121
1c36407
01513dd
1efc97a
1dfe257
1d81d97
1fe9431
0397333
00fad7a
1d8b2ab
1c757e0
1d5cec9
0379df3
1c1c87a
1cced4e
00101e0
03205f0
1ef20f2
005d26d
0255df2
030a247
02779ac
1d35c01
010d2fd
1f5b236
1d6e93a
1edfa7e
1cf041f
1c92077
1f75b9f
1f72702
028961b
1da9695
02cc3f6
0384669
1df8930
0167650
005cbd9
010b528
00b37e2
030014e
0039ab2
1fca2ff
00d03f9
1f50820
1e56b46
1c13813
1e5e631
0119eb6
01cc1f3
0093c6a
1fa9471
1d910f9
0131fc0
00172e5
027b559
01d4d7e
002216b
031ea44
0352bf8
1e861f6
00300b6
0243b9a
013b8ec
1f9c532
0203ae8
00fb4be
1e0cf49
024ef40
0234d20
1ec03f5
00d47a9
1cc29db
02162f9
1df7bf0
1e28b6d
1ef4daf
014c419
1fd08f4
1ea3ae9
033c477
1ef46cf
1d70a9e
004c2c7
0352968
1c467b3
016e65a
1cc5898
1f3bede
1ee79db
1e8df79
1dc0c3f
1fdb0bf
1e6d130
1fa00d6
1cc6bf1
1f9cddb
03b0dc0
017b60a
00fc2c9
00b8d23
026fb0d
03c8518
1fa7ce7
1f7b0f0
01729ef
1c0a819
03e35f3
0276afd
1d5ac72
1ed966e
0320c04
027b730
03545c6
02e74e4
01ed230
036a7f1
1d393b8
1e3fdff
03e0d22
1e4bc7d
030c631
1e8fbca
1df8ae3
1f67bfb
1ff40fa
004bd07
1e57be2
1f8485b
01e6f2b
1c3fab8
1cc4987
012759b
0096c1a
015af13
1dfea55
025222f
01f6353
015c2f6
1f53ea2
0078d99
01afabb
02e3a50
00f6112
1cbb9c4
03a792d
1e17800
1d578bb
03449ad
1dcbf1e
00deedc
02cf9c0
1e83c93
0149418
0248e0b
0302bf1
034b7a8
1c38970
01911dd
1c2036d
1d6f905
0129611
034e20f
1ff83f0
03db73b
1d4a16c
1f4d26b
03182c4
01e2139
02c2355
02dc1d4
0104e32
0049f82
02ac3f6
1c470b9
03f0b48
1d62465
00f73b4
016c293
1c4e5f1
02d1c95
1f9c7fe
1f3ee88
1f07a79
1e0714a
1d3acd8
02cb9e3
00cd0bd
03fa6b6
0280791
03be3e3
03c9c1a
1e68a36
1dcebd4
031e2f8
00e7bd9
1ee711a
02ff0bc
1e6e533
1eadbda
1eee4e0
035ccc8
1cb1bca
1f5d5a7
0284150
026b58f
1dc4e76
0174e6b
1fcc1df
01c519a
1c0058d
023d34b
1c33046
03e43fa
0286aa2
1f5a26f
1ca01b6
00d1bf2
1c6503e
0146de4
1dae0b0
1e57b09
1f59a85
1c11c0c
1d734ad
1f6323b
0323768
1c065f4
02553c0
1f6f516
016c48d
02721c5
1f40dc6
032c29a
1df7b96
01eba55
1c670a3
027a296
1dade69
01e5f4c
02dbfa7
0394cf2
02bf2bb
1c08db0
0057c50
1fa43f0
1fd047c
1f5c3ad
1d257ce
03a1515
025888d
1e48adb
1da8db9
1e242aa
0392e1d
02f6778
0301824
002aa87
1f81cc4
0304c26
1fb46a9
1d4b8bc
1db088a
1c15345
022cb41
1ee0ebe
1d97d96
1d42e4a
0134371
1fc0784
1e3ca26
1dd28af
1d0800c
03f131a
010615b
039f790
1d58712
002a765
1eb404c
005600d
0348ca0
1c8533b
1ed0946
1e731df
1f1a489
02e821c
1c57670
1e3c795
0314a28
1de221e
02af3a8
1e9deb6
01ef97c
028937f
1d45702
1d7cfc0
1eb6de7
1fc434c
007501b
00cf673
1cf5691
03a8f14
1cb5173
1ec2461
03114e7
010a1dd
028aa12
01f8443
1fae44a
1e9c73c
1ec3e23
1cd4287
03fceb4
1f86df3
00083a9
1d2b6dd
1c982f1
035585d
01e1e4c
1dff289
0131b46
0001371
1f28bb0
1c480a2
017aa6b
1fb53df
1d63344
01db05e
1ddeb68
1ea715c
025413e
03bf6a7
1c02772
03c1294
1c227cd
02794eb
0125a4f
1ee7537
1d19d84
1e90054
1d617a5
1e77c87
1e760cb
1f38fa7
1c124c0
1fe024f
01eb2af
030e540
1c00fe6
1e32823
1e1d79b
003e981
01e88b1
1de4570
1edd297
1fc248f
032dceb
013e208
1f8c3cb
1c9c8c1
1f76c16
1ca0289
1e9e379
03bea6b
03536e2
1d08607
1d941ba
015c1a5
1c7086c
1dd822d
1f8217f
1f7c3a9
1ee3a28
0295ec8
0282987
03fc992
018cb87
01ff910
01309f4
0006e54
1f1e6e4
0071226
1fe8749
1c12a90
03213bc
1d10fc7
1e429e9
030dde8
0180564
03a81b4
026fcf5
004b6c4
1f0dc6a
1d3ddb1
1cc1230
01146b0
1ebcf90
035841f
0274097
0272de2
1c357fb
1cd4a02
1f6ebce
1ed1519
1cfcf91
1f63042
01e33ee
0057294
0154dd2
1ebe6e6
00ca822
01b8a56
0252675
1fc820f
030d8f7
1dca095
00d3e89
00b9d88
1c1dda7
01b724a
01c38b5
02350c2
015db67
01998b6
1d38e39
1c4670b
1e3b005
0024749
03c0ee9
01ac57f
1c9b323
00b0106
1e9e025
1eca57e
1c7a5cb
1d9dde2
1e46e57
024e69c
1f5d2cd
1c98e40
0010760
1f1d0bb
1cb162d
026cd4c
025cb10
1d55cc8
1d8126f
1f646a6
022dfad
1ee322d
1ccff37
1ebc4dd
01f0fd7
02ff00b
1cababf
1f16031
1e8881e
015d562
1d9ba20
0327e6d
1d64443
02ea514
019d74d
1c57ebc
1f05b57
1dd270d
1ce4f32
026cd2d
0006347
00819cd
0329464
034b3e5
03f6469
1cccee6
0125689
1df3fec
0392a9b
014ad4e
1f73ede
0289c36
02b0f93
0150878
1c363bf
0210759
02286e8
01a3b6a
1d654ca
1c4486a
1fab352
02df578
1f67b17
00e8fe7
0110623
1feb489
1c0e97a
1fdc04f
01b604c
1e26b84
0396b36
1da6da5
0361f8b
1cd5b6f
02a031e
1e135f5
01fa58a
1c923f0
012a53a
004cc49
0218884
0203d45
1e5b6bb
1c1576b
027510e
030c172
004ea96
1c0e5a0
1fda746
1f28741
1f67229
02a576b
1fd2bb9
1c4c6d6
1dae140
1cc3b8c
01e3fe2
1e25ee8
1e48246
1d4c0bd
01393f0
1cc8b68
1cc177c
01df2c6
1f12c98
1faccf5
007cd52
00f64ff
1d7d58e
1c89632
024d6c4
018f86d
1d8169f
031fe9c
1d544e0
1c28cef
02646e1
0318002
0378e88
1e6f31b
0215628
1c0fd1f
1e1f87b
1ff5440
1f2a9b1
1eec5bc
00486b7
00c6739
0017cb1
021d2e0
1d7842d
008cf03
01bbc37
00f54db
1c0da4b
1d1057c
1efa690
1db2ae9
1cef788
1f07018
02eae26
1ee9330
00957aa
1f79f98
0122c24
1ef4adc
02289fa
1ec2465
00f8421
1d08d90
028d07a
1dd4d73
1c838e7
1d7753d
03140f5
1fa4789
018b723
003fde2
0118eb6
1d17f23
00f8c8c
039af78
019c07d
03ee692
1c9137d
00bf991
03ecaa9
1ea3906
01dbe1f
02fd5ec
1d9c9e7
1d57c56
1fa5e0e
1d9a829
01075a3
1d8ef30
1f9c0c5
018e2c5
0184773
011df2c
1e8cc01
1cb3959
019410d
1cb86e6
1f7c3ad
0043ab4
1cafe94
1e73bf2
1dc4d49
016e57d
1df506c
1e3e3ba
1d4c822
1f17f7e
01c9d9f
1e01845
1f712ac
020315b
1cb4b98
1df02dd
1c2f260
0110c41
00d3c2e
1d84cc0
0015b59
01f857e
1e30bd2
1ea2bb3
1cacbaa
1e9e18d
1e8e24b
038aecd
1e8e77f
01729c0
1fbe690
1c12437
03d0e7f
1ded6ab
1f4e65c
0173ad3
03530a8
02c7793
1c6ec36
03a1ec9
016009f
1eb6130
0060a08
01ab230
00de64c
038ac44
001f62f
00bf3af
1d3d43c
01507f8
1c822be
00fb58d
02f44bf
01216d5
1df44a0
1e73696
0122fc4
1c0249f
1c847db
1c89f73
015bf13
1f297d9
01448e1
1e493aa
1c0bfac
1f4f92a
01d8739
1f1e328
1cf5ba7
1d9c8be
1fd6ea9
1e1fba2
1d0fe29
033937b
1f5d830
1cde1db
03f17c1
1fd46b2
1cd60de
001ec5e
1ef7494
0151a5b
1f1becc
02d8dc9
00afebd
1fa786d
1c37453
0318658
1e7e3ea
012c464
018432c
1c76778
1c7b361
1c55b46
03de148
1d1530e
01ebbda
03b4d26
1e95186
1f8dade
02b58ae
1de4421
034163a
0082446
037122b
1f2fd33
03377a8
1ff23eb
02bccba
0161180
1f1bcf8
00a9cb0
009f6cd
1ebf508
0228b56
0288512
1d2a1a5
03bf4bf
1d500ee
018d4b0
029593a
005620d
02e5946
005a390
00b585b
0021094
1f51805
1d0d8fc
01c6d47
01ddb32
0057636
1f0a87f
1d9839d
1fdd5a2
01953dc
1c15afd
1ee4806
1df95da
03b2c8d
018c060
1c7bdb6
1e342bb
1d62916
03b938d
1f25763
005f5ed
0019871
00cff9c
1f433b4
1c54e33
0135b16
1f9a148
1f6e48b
1d616b4
1eaab68
1d31ea7
008e5fb
0159e24
1dd6b27
038237e
009a380
1c234f2
1f4b222
036ff88
1e1dc91
1c7d92b
1d634bc
00f9f24
0313363
1f0504f
1c3e6c5
1eff6f3
1f1a586
01bc337
1e87944
03406ee
03744e1
00c63c2
03deb5b
1ec7f1e
1c1fbf1
036dad8
00b2455
038b1fa
1f50349
0309b11
032aceb
1c4afd8
1c1c0b4
008f6c3
1da2650
1fa473b
1dfe002
02fb770
1c24a4e
1eff036
03bbdb8
029374f
01d7847
1f0ac74
1ddb470
02ee40e
1c3fe8c
1f64684
011e04b
01a394f
1d67a24
1e247df
01530f5
1d9a38d
0035f44
028e9d7
00258cd
1e6712c
037a89b
1e673fc
0181bfb
02a5e95
00bc292
1dbcbe5
0378248
01e8ddd
036663c
03dd5be
1cf254a
1c11e17
1ecaea7
1d04a37
008e787
0135f14
1eeb7e1
01e78e2
1d467bd
02db624
037d650
0170bd6
1fa8abe
022f4ca
1e0fb16
1e6096d
1ef6da5
1f1c3d3
1cc343e
1f0a059
1cecf5c
01121a8
1f2e1b2
0201a30
03afc29
02afe7e
1dcf2ca
021027e
03438bc
1fd787e
00965b0
025f535
1df33cd
1c93f35
1d1fce3
024416c
001a5d9
1f4a2bf
1c68587
01a9ba5
1caff12
1e274ee
1cdcec5
1c79bee
0377e0c
1e030f4
01335d6
0348dc8
03ef8d9
0371cc4
02fb0ed
1e133d5
1ef680c
0055cdc
1f935de
00ffd65
02c384f
01009ad
01bb58d
00049c4
1ee88b6
01b61a8
00f7625
00fada7
1fb5ea8
00d445d
1eb4aa7
1cfd131
1cca6b8
00da132
1c89954
1de9f21
1c26c22
0164032
1f8e463
1eac4d4
010a39f
1d121f9
1de6901
1c20f4b
01f8da1
1eb98ed
1e96d56
1e47e29
026b14f
1fa737b
02c7dd0
004dfae
01f5791
01d7c65
015e9b4
1c3488e
01f782a
00e792d
00f8c70
004680a
1f9296b
02badd9
1cee48b
1dcbd56
0200a1e
1f5615d
1cfb75f
03e1aab
1ccfcc5
00f0369
1f6a03e
1e2f237
1f0cf83
1e0a27b
00f49e6
1c88594
1c5da4c
03d6792
01c09d1
1ec65e3
023fe11
1f6a5b9
039706a
0033fa1
0003a0d
1cf026e
1d8ec50
03625e0
1cf0331
00edf0e
0263827
1f22ca5
03aed2d
1eb5dba
1d4a831
1dcaf27
0170259
0046c8a
1e27ffc
1c56f50
0047e89
02fa008
1e366b4
1f7c0ca
1f822f1
1cd7ee7
0210e07
013a6b8
1da23f2
1fcec57
1ef54b9
1c0363b
03511bd
026e9f8
1d40d40
1c661be
00d6360
030acc0
02d1d15
0144655
002e974
1cf5ab0
00394d1
1d039b5
1d8eaf7
1e9a6cd
00929bd
1d47ba6
01122ec
030cf5a
02a4c84
1c95aaf
02ce8a3
1d2022e
0033cef
00a365d
1d09376
03e4493
1e0dd4a
03c1905
0194dfb
0205ed0
00ceb63
1ec0184
1d0f0ff
1df825a
1d7c682
1fdccea
0265ecd
1d18124
01f6d7e
1fa89c7
01bad32
1c3dc76
031b665
0323501
1ef48b4
1c6e922
011e6f3
1dba119
1c361ed
1ea229c
02062f5
030048c
1df4e82
03f03ea
1f52d85
012d507
1c2d711
03de7e9
1ccd804
1d26563
1d24979
02d3dea
0397460
1d19fca
1f99ad0
00e6ac8
02a58b2
03314aa
03ea017
0097804
1f6d5d2
015e97f
0315da9
03d8a63
1e63918
1c2da3a
0379055
1d48294
0112804
0063159
01130b1
000290b
0340774
1e05789
00f66dc
00ae05c
035134d
1e7f962
0144020
1cce084
030512d
1f08f95
1e32362
1c72988
1f1b136
003dc8d
1d9f09b
01be678
1d07ba0
03b25eb
0250292
1f26e8f
0380e41
031587f
1d630a4
000449c
02502c5
1ccd4e0
023e26f
00b9605
1f19c8c
1f7b64c
0245c0c
01a3666
1c3c1e0
016231e
010a90b
1f178d3
1d8609a
1dd12b3
1fe02f6
1d695c5
1ef4604
1da3a5f
1e5c802
1f4c4e1
00ee323
1d31cb5
1d3a2ac
028ff51
029740d
1cf7b66
03b1e60
1eae55e
1e1218e
1e5f110
1cdf825
012e672
1d2f188
00f256c
0049a19
01ee52a
1f25e56
0299682
1e225d6
1d3634e
0341eba
1e93c3f
1cf1375
1fe75d0
033d7a6
0292bba
000e839
1f3c0b2
012fa8a
03c53b0
03b31b5
033f211
02e8331
1f65b60
1e1663d
1c8b3e4
1f1797b
1c145b5
1c90de7
1f71ba1
008ebb1
1fa0d63
1e14b4f
03e9a51
001f4e6
1ed6485
012994e
036572f
0029edd
0052fb8
1e40c2b
01991a0
03b7a1b
1d598f6
0059391
03c36a1
1f662ee
1fc0bfc
0370591
01fc837
1ffb709
1e46d9e
1da4403
031fec0
02e764a
1c4271b
00527b7
032c8f0
005dc05
016b025
00a5e8a
00f437a
1e4d189
02fee36
03ad867
1ef5681
02740b1
02ec544
1c5e022
1f14117
0372dae
030c951
1edffff
1c9d203
1dfd0e4
0380c2a
1c16a39
02cb6d7
1f59212
005f420
1f08585
00abba7
01e42fa
0152a48
0353a3c
1e3d1b3
03f8d80
024cfce
1d17a15
01fe2f4
00bcd3a
01da2c8
02c8930
010e464
1cdeab3
1e4a845
01a9712
1c2ba1c
01dfa18
013c91d
1c06e51
1f08c84
03b22af
1c8197a
1c3d129
02406bd
1d70aed
1f25678
1f0d263
1d2ddd1
1d79ab4
028fdb7
1e61597
0046e1a
0334ca8
0011802
1d8b5e1
1c51b91
031e8cb
1fc2285
024ec2c
1e69285
0098164
1f1fab4
029033e
03432e7
1f6e00e
1c8711f
00bc293
0290da7
1deb27a
1ff4102
0361991
017fb1b
1c8a315
0286bf8
1fea391
1fe0aa5
03f1545
0047c98
1ef900e
00bb476
02de81b
02c1fb4
026484f
008169c
03f47c7
00471e0
1f1ad5c
1ed63cd
0271794
035b92a
1dcd6cb
1c08a2c
00bfd97
00546c3
1f5aceb
1e7289d
1c74404
0074926
1e928f1
033315c
02f09cf
00c8eda
1c60f5b
015404a
1df8bab
0216462
1dfaad6
1c04e8a
1c2d5a7
1d1c3d0
02d205f
1f60dd8
1fda0df
03ce983
0032b7d
027bdda
01253c7
1c743f2
1c7d405
012010b
1d1618f
1f58355
1d03bf8
1d1cf54
019114e
1c0ee8b
00e8a17
1d7d07f
0018c09
008212f
019d89b
1de4bcf
02285cc
1e96d3d
03c554d
1e7f365
1c9a931
02fbe0b
0093cad
1cc185a
00bde48
1fa5d63
0189017
01e1103
1e9cfcd
1e68b7f
02d0b8e
0240247
0378a2c
01a3f39
02087dd
1e2cb81
0086af3
1c74830
00d4e65
1e5c62a
1d7f237
1fa98a4
0397f53
03d9ef2
1d9f1f1
0134533
1c12597
1c939d7
1d09f7c
1cc1c5a
1ea99e4
000f81b
1eb36a1
1ea5acb
00b7c1f
018f279
036a686
1f6a5c3
1c92aef
013a454
1dc6e1b
02accf8
0099856
034b20a
1dd0c0b
1caf5d3
00638ed
00b76cf
0206dde
03be8e8
0341086
00db2e5
00bc391
1c70ad2
1dfda46
018a448
01241da
0123123
1d2af01
1f235af
1e65c74
0092142
1e374e8
004a6be
1cdb4f3
1de8691
00f3c81
01ebf42
002ab4a
02186f0
023307f
1f46a59
00e7611
001fbe4
1f76b92
01a9f75
1e5e863
03da58a
1f5029d
01ec506
1fa4c73
00b06e2
017cfc5
0269b1d
01e8bb6
028d493
1cf4327
0088ead
1e8a25f
01d7873
1f0cec5
00e7c9d
009a656
1ec02bc
1f70e2f
03717be
00dcd46
1d95a9d
1e32fd1
01e5b5e
1fa0548
011c0fb
1ef2ee5
1fc788e
02bcaab
00ec4a0
016a531
1f5d789
1dfae9c
1c19842
1c506e1
021974b
1f019d6
1d185d6
1f86c1f
1e0c046
037115f
1daf8bc
0104ef4
0331512
1f68be6
1cea1ee
029a266
1d102ed
02f51b5
1efd3c6
021b328
03ec3f3
1fceab0
003db76
020a3f2
03e4974
1f39e87
1c4af9e
01022c7
02746a8
0322950
0040da4
00a1f6b
02c880a
1cc022e
0142b76
00e042a
1f6763f
01ac724
1e3bda5
1f6a67d
1e11ce3
0246419
1faa6f7
0176786
03c96c6
02d978b
005e964
1f37c7f
01bac5a
007bee7
1d0b25b
02cc3d9
01a3c4c
1d81621
1cb8728
1ca4f02
1f9199f
1f5be82
1c94e1e
01fe396
007b084
1d06697
0100af8
03cec6a
0214dd9
017822c
1e9c219
1dbee93
1eeea60
014d8b7
006f4dc
1e10307
1f71ae3
1de9249
1f840c3
03ac3a1
01b92c9
007d744
1f07902
0327d26
1dee7d3
1dd8763
0170aed
03352b9
01046e2
1f167bb
03d724f
0048328
1cf3647
00bba23
1ee84f0
1fc50d9
01b64dc
0013617
03f0765
1e32c5b
1d8bdd4
03c1479
1c7f19f
035f9c0
1eb2e16
1cef6d9
02a1bea
00ccf1c
0179fdc
1c60713
1c9435f
02e3f51
001b157
03d66b2
1d684c4
03a1b8a
1ed9b31
1c6cc50
1d97df0
0251eab
00cdcc0
1fe8541
035ed7d
01a5d19
1d829e9
028be05
028747f
0213bd1
1e6c47a
1ff3cfc
1fa19e1
1f3b04e
011e92b
1fa96e5
1e28f3f
029d9d5
1fad20b
1e2255f
0346162
01e2ea6
1d8e139
0370f46
1c06895
02b928d
1d569b7
1c4f044
02ddba8
0067b7c
1c1076d
01d9c82
00f525b
1e35272
03daf84
1dfb083
1c95388
1eb5582
03ad41f
1d795fc
1d9977c
1fe0ea6
035ec7d
1ead19a
1ca9e86
1f6505a
1f5a857
01be500
010eb39
1daf010
03a0458
02cd90a
1c958c1
1ed3fdb
1e43885
022962f
1c03307
1e1d5be
0355de0
02a16e3
1e69227
0350031
1e25760
03f0337
0128b5b
1d81b89
017a391
01f0e0a
1e1d678
1c251c6
1fb07f5
1e882b3
1df87ec
001b1ab
1f73210
036203c
1ecf687
007b13c
1f05c77
038245b
02f722c
0070a41
02a2d67
01a0aeb
1c62b44
1d5fa77
1ffbb64
00ccff5
1d7f759
1efa2fa
1e22ef6
0095225
1d16349
1ecb502
1e72f84
1df706e
1dd0a38
1e45b73
1fe718a
02949ea
1d92d09
1c7ebbc
00a849d
02ce222
0075792
1d91da6
1ddf195
1eb7558
03c043a
1dd07a4
0150c58
1ea9e87
021953a
1c95d4e
01e66bf
014c8d1
01a31d9
00bac7a
1e6964c
01dab9d
1db135c
017d238
1f02cb3
1dfe444
1c50b99
0157719
0342c5c
1eb680d
1c0335b
0262c31
1cc9c92
0342ab7
1f7cdfb
1d5b864
1ce5ee1
1d2a530
1c7a1df
1c598a1
1fd909b
1c9b0d1
01fdf9e
1d15d32
1cd6677
00b3c8a
1fc144b
1d8af8f
03f3cc3
1e09c96
1d03c56
1ca7a2d
1f88ad8
02441cd
0225baf
1ead7df
037225c
1defcd2
1f04295
00430f2
02ba592
1d1a52d
022afbe
1f04e74
1fb4825
1d432b4
012bb71
1f6d180
1c104f5
1d91b76
1d28f51
02a39ea
009619b
01e6d13
02174c0
1ce9c80
1f01e98
01b9b32
1c7fec6
1ec6c88
01d22ae
03a5d9d
02c9514
1ea14d0
02d1769
01a1647
00e0b53
1cf623b
1da216f
1dc7139
001db33
1f0f343
1c6f3da
0197f04
002cf3f
03da02d
1cccadf
1d54abc
0209ec9
036261e
1ef2f8e
0039e52
023be07
03ab4e9
035a616
00f8edd
01e783b
1d4beb5
1cb3d73
1ff98ea
1fed631
1e0ad64
1de8f45
0156ad7
1f417f6
1dd6e27
1e59410
013d7be
03c779b
1c7fc87
0263e1f
1d05fa0
1c1ff27
1d74e3d
0111006
1e1e74e
00a17ca
03d1193
1e99dfe
1dc944e
1ef0c9a
1dbe166
1d36521
1fa1724
1d023c0
1d777b5
1de8ec9
1c99f48
1f28866
01d0aca
1cf4432
1c7e879
1e92c7c
02174a7
0373d89
1ea21e9
03bb510
1c31fce
1cb639e
1c8b3c4
0248ca8
01be476
0142d0f
1e787dc
1d344a5
1c0cf02
01dafd8
002e278
01dfd71
1e95a60
01c944a
1c94647
02d33db
1f7c850
017f122
036567f
1c597cc
1ef418e
1d21614
1f57d41
1faff92
0323389
0393dea
1ea8c11
03141f3
1c4b5ef
1c66e2e
1e6107b
1ec840e
0016aff
1fb414e
00831db
0238884
1f14726
1e8855b
1db7630
1cb86b0
1f0fbf2
019d550
1fec8a6
02dee67
027838c
03da488
1e23445
01ee480
0379cb1
1c8ea3b
1c0708f
1cc1380
1e5798a
03599c5
016b508
1fd9a86
1e16cbb
031f4ea
1ed2123
1d46639
0327cb3
03e3a8b
1d55e1e
016fb71
00eda15
00c4e93
1ca1a5d
03367b0
1cc2c8b
1f16dc2
1df7924
1f1ee82
1e7a54b
1d5c458
02a17b7
00e1f40
013abc1
1ed5730
016e1c6
03b38ee
011b24e
02af101
1f5c89e
00a00ad
1eb4d11
1c83673
1ebf1be
02ec0cb
01be2a3
1db68ca
00734fb
002926c
1ffbf65
1d19b92
1cf8a90
01cf5dd
1dccaf3
1ed4282
01fba35
008bbf1
1e8411d
1f6d3fe
1dbf7b2
1f388aa
1f0d58d
011b622
1cce30a
013a1f0
1dc570c
001b5a1
1cfed53
0197158
1e5ba4e
01f0976
1d68a23
02e57c9
1ea9082
007f37e
034aad1
1e0c66c
0067f55
1e4b439
1e622dd
03191ce
022d183
1d7ef3b
1cf5b43
029540b
008b032
1c29a7d
01f997f
1cddb4e
1e9537f
0315889
1cccfc3
1e81089
03cd08f
01c3da2
00fef53
0237f30
1eda06c
034fed8
014039f
1cf5905
035e94e
0115d70
00ac422
0153f43
1d96a17
01876d3
011898f
03a4601
003b874
1d59632
1e71163
00934d1
1c732aa
00ecf57
00388c6
00820e7
1d890aa
1e19486
1dd7127
1c45edb
03f1807
1ede7b9
1c2545b
02ced79
1ef609d
00627ae
0280b37
0161901
035e0f2
1cf4e71
00f4344
1d9d026
1ce095e
1e2b0d8
1f26f81
1d66919
1f54d97
007d0d1
02cc38e
02562b5
1dc5ab6
0044aca
1fc37df
1f52b13
024ad04
025a9e0
0061a16
00c2a49
00e7ecf
007b1c7
1dbee83
02d6f74
009b5b2
000a9b4
1f37319
1c03664
1d351c9
1c26b8b
018a829
014d4ca
1ec04ee
1df20db
02f52a1
1c6ba29
007b377
01164fc
1c8e84a
1ebf103
03f807c
1d5c651
01e1768
1df7fd5
01dc628
02f941f
0105986
1f36878
01c51b1
0176985
016a261
1f2df9a
1f0ea2b
002ab17
006ee02
0363b29
0046f77
1f5da7a
1c971d9
01a8220
01c8ce5
03f69bf
1c56cc3
1e45e43
1c3385e
010a5a2
1d9ca81
1e91a81
0235b0e
1c3e61c
1de8e7a
1e11ea7
1e15189
1faac3f
1ca6e3d
1c08388
01c55e0
1dd65c0
014747b
1c6180c
00759ad
1cea2db
02647c2
03973ac
03ccb4d
1e7ab41
01f5b25
02da373
02f634b
1d188e5
1d2aaa1
1c36658
1f1369f
1cd0821
0236a8b
1f218c2
03ae8c8
0053efc
0335ed9
00f80ce
1dcf177
1d3d8d8
032708f
1ea546f
0320c82
00ebba0
1c27c95
004e57c
008a617
1efcd08
03b6981
03f85e4
1cfc933
03bca00
034ed32
012751e
1f3688d
1feb821
1ebe021
0153cc3
1c9ee2a
02db27b
00402e7
1e8a937
03b58c8
1df8a9b
02c51cd
0092495
1daffb2
016bdb8
0034e9c
016c3d8
015aedb
004e402
0378a98
1d1835e
1f57983
1c28632
1d062b8
01b5cfd
0212296
1dd38b8
1cc7795
01fc353
1ca6893
02a2833
1fad8ae
00d6920
0212f96
1f386e1
1ff14db
1e90d5e
1fb9b6d
02bdd21
1ebf18f
0335b21
1d3e7fe
1c455c9
0332673
0359c0f
00b61c8
01ccccf
019e8f4
1d7fed9
01b2b60
021a64f
013c4d5
1fdb6a7
035cf63
1cd9c06
008d2fe
1c589a4
1c7d634
1fcfcc8
0229e19
1f68eeb
00e0831
1ec323d
0192c6c
1d337ba
0237b34
039015f
1c070cc
02c3669
0356125
01473ee
1e9a3a3
03b72cb
03e8e9a
01e048d
1f10e19
1d104ea
1fe9004
01b1962
0059088
1d0faf4
1c0f0b8
03cb885
02b578b
1c8d014
032c54b
0357ebb
1de0801
02337b3
00d43b2
1e174e2
1f64340
1e28d1c
01f9749
1c490d5
1c9e0e1
1d133d8
1eb9d39
1df6577
01a9578
1e5c2e8
1d49cc2
1c17880
0305f11
03ceed6
0121af9
1f0c4fb
002d5d9
000d121
1edd32f
0143163
03cae4d
034924a
1ec77b6
1dae15c
01ea7ed
00ef2e5
1d38334
1d35beb
03e8e1a
1ca93e7
1dc70a1
01089a2
037251c
0363418
1c68cd7
1d2a7f6
1f42c2f
006b441
00ac5cb
03ba745
1e4fe2e
0249dd8
1e0e017
1c8fbaf
1dcd1b3
1d58dee
1c40748
1fc1dc8
1fb5e3c
0191eb0
00e309b
0171a8b
1e02276
02b366e
02bb3f9
1d90607
1d5f1be
1d047f9
1fb3761
1e1fb9c
1cc6104
0342a68
014c985
019f55d
1fd018a
02554d8
0157633
1d0e2a8
1f00e29
1e3c904
01cef0a
00683b9
1d2e5fe
1de24ad
1d39d94
1f80294
1feb004
0031ba9
1fe66bc
1cbf352
1d249c9
0397164
0309a4b
1f55191
029bb2b
1e85694
1daf74c
1d12fc9
1e5afcc
00a869c
1edc2d8
018bed9
1ead043
03f6d4a
1fa4259
0126086
03ee561
0280680
1d48349
1cc9905
1e3a392
1eb9c58
1e8da65
1d3df7a
00f61f9
1d78b7e
03a8db6
1e4f572
038f0a4
0262961
1ea628d
1fce50c
02bffd3
0317f50
025e036
1efa743
029dafa
03d6b5d
030e79a
1cd9983
021daf1
1f9fce1
1e6ec1a
017f6d7
1d6f2ec
0166c64
1f96b24
001340f
01a9986
1e44d41
1d7ce0e
1dec124
1d93066
00d6b03
1f16baa
00559ad
02152e4
02bf9db
00d4ea7
1e3211a
1dae964
1e6756a
019bc65
0322faf
1f7b052
03f1a8d
008d179
00cea73
1ea8b4d
1fb18b4
1f25ce3
1c1c41f
1cd659c
1c8207f
0153c46
1eda2d4
0282eb5
1e89a8c
032ef33
022c960
1f33314
1ed6de9
1d739f6
02a5d44
03dcec9
1f26dfb
1c7d382
1fa1216
014f7c5
1da7880
030f34c
1ec9714
1d26915
0131c7f
0112b8c
0029d9e
1e9cc74
0282988
00c8b17
1dbf161
1ef53f7
1e0481f
1e43768
00754d2
1e7147c
02f5e38
0113afe
0277bbe
1e090c8
1e95e7a
028d6d2
1c07f65
1c5ee83
1ed32f7
0206f48
001fc24
03ab040
1caaae8
01ac0d2
1fd3add
0381566
004ed5f
1c9f146
0197b74
1c5a9bc
1ce991a
012185e
1eaf058
02b3ea0
1cff9e0
0168637
01c404a
0157906
1e02853
1cd81ab
1ec0fa7
0284a11
01d8d65
0190b16
02f8d71
1d90cd3
1f0bb5e
03c1289
01832da
1c01677
1f89e39
03f3976
017fac5
01103f8
1ea51d4
01bb6c9
1eeffcd
1e20776
01bb064
02c8305
004654a
1fb0243
1faf3ce
1d508d4
1f5e5cc
1f8e6d5
00832d9
1cc209e
1c5df99
0318173
1d71bf6
1f6f585
1fe29d7
1f2c413
001912d
1e327a6
0003da0
1ea9875
1e392a9
00c8b5b
1e5b708
030f3a3
0228e0b
0399e86
0252113
01f60db
0326254
1ee1612
1fac9c4
1d0a94b
02c1d20
03ee3ec
03aef26
1c4d87e
0230d54
033479b
1e21968
00b83e7
1c0e847
013938d
039b1dc
1f40ef9
03a2658
00777a6
1dc441d
1e85829
004b35e
1e6c289
1ff35df
1d64d78
1c3e8e9
03649ea
024fbd3
1e879b8
1fd848c
02071c8
03731ce
1e721a3
00dff83
01d221e
00135f2
037bb10
01197b1
035b1f0
1f6d059
1f2a362
1d0e0f4
1c5a1f0
00796f7
001d91e
0346519
026441a
024d119
1fcad5e
1c3189d
009255e
1f3daf2
038d026
02ea445
022e032
1d25960
0232501
031b5e7
01aa39e
034b372
00c5adf
1f31578
0254c6f
0245117
03c6c74
1e06539
1efd870
02d4048
029e977
0334d1e
033f70a
1d5e6c5
03173d6
03a730c
0304c71
1d13f2b
1cfbe1c
1dde785
1c497f0
1cf9c4a
00ab802
1cb4dae
00145cc
0318174
1e91979
1ebe607
02d00ab
00c89a9
03b35c2
1d482d6
010451d
0155301
014d9f6
1d2fbd2
1f22272
1ce9822
01badf9
1cc1ebb
1e95bb9
014a06f
039a47e
023e563
007f86a
0385b44
1c2f463
00f3fe5
0008663
02b0b0b
1e56cfa
1d142b3
01102a1
1d21edb
1f5d187
03cfa64
1e7588e
03a88b4
1e4e555
1e9b55f
1d3b1f8
1d4d9d3
01bb803
0089ba0
1d68700
1fdf030
1d6e61e
01f3f5b
003dbca
1cec427
1f3fd9d
02e4ea8
03e355a
033481b
1eded87
1f75246
0252573
1f224d1
1c5c351
1c81cd0
00caa7e
02e7ef6
03a526d
03adca3
1e4c6d5
1e75b6c
1ccc212
0298208
00df49a
03984a2
1d1b287
00869a6
025a4d3
00fb942
004f5fa
03c7fa7
1ccf132
037879b
1c52adb
01c8111
1e98466
032a33c
1d1f668
1edbe6c
021584d
1e898e2
1ee980f
01c7c8e
1c31f7b
02b1b28
00a9823
1c9be5e
1c55e8e
1e5a3dc
1fea4e0
1fad273
1cbc085
1eb68d3
027a797
1dc82fb
010eb12
0261841
03079d9
1f11b74
03aee19
03ed13e
1f321b5
03402f2
00b23a4
0324516
1d02380
0391b3a
1dabc14
021b1d2
00e7229
03fbf75
01f1e73
1d77fdd
0083511
01c5349
1d165a8
1cdae9b
01d9455
1e77e48
1e2a721
010e2f9
02bbc79
1fdfb34
1d59d85
01b232e
039bf87
1c5645f
1fa110c
1f688cb
0196a8f
1e02fca
02c69d1
025b402
0160aea
004cfaf
02da3db
002670e
03471b0
015ba2b
1d8c3cc
1df487b
024401f
1d734f6
1cc6ade
1e7314b
1cba81d
0213278
0040b5a
1daac26
0119682
1c067a1
1e2e83a
1f5bb95
014a696
03dba66
0148e00
1db4a17
037a5ea
00e7b1a
01fc478
1f7a210
0335807
1fb2008
1dcc5ad
01a76d7
1ccd239
1d22a9d
1c3ec51
1fe55e2
1e99134
00e7fbf
1f8d50b
1d8f536
1c8f366
0079290
1c39f4d
1f5f977
1dbd394
01152a2
1e874d1
1f9f779
020b20b
1f5271b
0030025
1dfe0bf
01b72fb
1e3dc28
0371204
00f7473
035436c
1f5977e
00f1d1d
1cb4b36
026dc6f
0204ca9
00093a7
000536a
1d844bf
00071a1
1c2d4ca
1c23a72
1c403f9
1ea8668
1eef8c2
1d95055
1f945fc
1cb29ba
0221f8f
0113874
02b7c2f
1de6eeb
015fc46
03489ee
1cb69fc
1efc4b3
1c4340e
0227049
03b49a7
014a779
01bc174
0051a07
022962a
1ea9e85
1d7409a
00d84a0
1d2ef82
1dca70a
028015f
02db35a
1ed6178
1f76e49
0397aa9
1e1c503
1e7d22a
023e9cc
1ead64b
1c21752
1e47d11
00d3f1f
1cb3b58
1fd8899
1c0822c
00b25b7
1ce8a42
1eeb78d
0123bfd
1c4ef79
0372f34
0039703
028a346
1f047e7
1ca5308
007badf
03a507f
1ee1c31
036cb32
1def9eb
0369e0f
0165df7
01c9410
01784e4
1c4f1f7
1efbfd5
1fd8964
1f3a7ea
0014205
033cc3c
01f24e2
1ddd6b9
1d954e2
1c5b497
00b7112
1f03ef5
1c29511
01807c8
00765fc
1e39a77
1defda9
1c3b72a
1ef43da
1f243b3
0062a39
1c453a3
1dc8b79
1c11dab
1e2dba2
0208394
1f4d030
038d8d8
00c9798
00ea5e9
1f4cf48
020de0d
03989e7
027d845
038e824
03f8970
1dfdc9e
1cc8009
1c76f15
0153566
0061b85
1c2f9f2
1ec768f
02ad3ab
00f846f
1c4aefc
1c5ee87
0355082
03ff57d
1f3961d
00be9c2
1ce936b
1d9a638
03ee6b2
000cc1c
1cb2745
1f7e278
1f8ea05
1ff6ae2
1f9513a
039777b
0086ea2
026853e
0310e83
1dc4db3
02287bb
03bbd0c
000f8d0
1ce33d6
1c1c8eb
1e4dd6c
1ff30a4
1f195a2
1ed5558
1c5459b
1ff6ac1
0175aa8
02bb2f9
01544fe
1f7340d
03b7e7a
1d095c9
03b51e3
03f9336
1c8770a
1fcd2cc
0298de1
0074c89
01d4bda
0248907
0078634
03e82cb
1c21fbb
00a3a41
1e68452
1c66ffd
1ddabb9
1da8e9c
1e660ca
001f3c0
1e65b8a
1e8df21
1f7c30d
1e177c4
1c10198
017f1da
1ccedd9
1ea40d7
004e2ac
1ce8427
03a21bb
1e974f8
02196b2
1f1af25
017ae5c
1e3de01
02fc55e
001da94
03573af
1f4b98a
0367e3d
011f3a6
1c07bb7
00a7ee0
1fba31a
1e712eb
016711c
1c37106
1f41b97
0174275
1e67a89
0195df8
1c3837f
022695e
03bb9a7
02f7f85
03f2a2b
1fbbf18
0046ff1
00dbf3a
1f818b8
01114d9
1d60eee
1ef16e4
1cc0ffd
016a3db
1f63ba5
00c02c1
1ff05bd
1cd66fa
02f45fb
1d7a048
034c04c
1d13d27
03ac6e0
1dab499
01a3d35
1eb46e7
1f92aea
0139de3
1cb4c22
010164a
1d71206
1fcea29
031e454
03cdb20
031e927
1ff874d
001688f
0215a6f
1fee183
025548d
1e2488e
0333edb
02d3fad
01bb7cd
1f6e11b
02a2f87
001bcbf
1f963f5
1e96593
1cc642c
1dda070
008fe90
01f1199
027cf63
01c7ded
03ee8c5
004b23d
1eb43bd
1c31555
0086185
1f88faf
1c6c598
1e780af
023087d
1c538dc
0345028
0075b89
1c28e14
1d36ab2
1d89877
0062beb
1fd5b64
1ef511f
1d3fc7b
1f57838
03099c0
00b808f
008d927
1df9173
1d2dcac
00ad2ad
02b731b
1c9ff72
01d2c3d
1c8d9c5
1c99023
032f602
015b8e1
1c51c0c
03103d1
0207f85
1c3345c
1dd6199
037860f
1c4d8b9
1cd33d8
1f86391
1c6ca0b
1c532a0
02fc097
0201eec
1c3b971
1d76b44
1f0b154
03f7c70
1edf8db
01fc17b
02350b3
1de13b0
1d9d849
1fed9d6
1dc502b
1cf104b
1ef3c67
01db7b0
1dff389
00c23be
1fe266e
01d3aff
1eb27c6
036a071
1ede3e9
0035402
0025fdd
011956e
1f59549
02a64ef
1f1fc98
03413dd
00e680e
00944b1
031fcdb
1f6e4e7
1c39719
1e1b94e
02df359
1f8e70b
1e10e02
1d10514
1df9a64
02f5786
009ce60
03a3ea8
1eadb37
004bc29
0194f0a
1ebbf1e
00a89d3
015d5bc
1d45b9c
0338f77
004b703
01aeec0
1de3963
03a2006
1ee6c11
1c8a864
031f3e1
00f8df5
0112d03
014252c
033f4cb
0162c64
1e30d27
1cdc27b
0305e42
038da11
1f2740a
1cc34e7
1f3829f
1f11e63
00ee519
02fef05
1d923f6
010ded8
01ce4d3
013f1b1
1fac2a2
1e257a8
1f42a89
1f9c2ac
030bd4a
025e0a0
1ca3810
1e8c7bf
1d9f82c
010e90a
01de192
1d187d6
1c7b0cb
0130892
00e3e2a
1fbe596
1dd58f5
1ee6da2
021968a
1c462c4
01806a0
1d0186e
1cb0d86
1da012f
0126f52
1c02f0f
029700b
1f07b05
1e885f2
1cdbdff
1c14a35
1e5403a
1c82230
1df2670
011c234
02dbf47
0193c80
029995d
1cc1eec
1efc4f1
03cc803
01f3e2c
1f6b405
1f64bd6
032958a
1e2eb09
1fe856a
1fc6fc7
1cfe792
1e4d173
03a89d9
00cf6a3
1cc1644
1fdabb5
0122660
1f77e3d
1f4fda5
1e257d5
030c734
00a878f
004482e
00f4bcf
1db8bb0
00d62ef
1c5c10f
1cb4870
02bb4ff
01adc8a
03ddab6
1e99d6a
037af15
1f6dd63
0353fae
1cab360
02cd010
1ec4fc4
002e7e4
1f24a03
0179a8c
1d78c00
1ff1a3f
1f7329d
1e92fc7
02690cb
01316dc
03d0581
1c1fc48
030b181
1d25f16
1c78b97
1c8fa2e
0033f1e
1c89fef
03f95e2
0066983
0131566
1de47e5
1dac526
0316c14
03f25c9
03b87fb
1d7958d
00ae49a
1fe38f0
024db06
1c2d384
1d5ccb8
0195e88
1dc7ea4
1f6249c
0261f88
1d686e2
1dd0a66
1c9cde5
025709c
1d49639
1ee776e
00cdfe0
1e1bb6f
019d72d
1c314f6
0333fc6
1caf7da
1ee7e41
1e757a4
035c71b
1ff6e3f
1d0669b
0102c46
001a8d8
02eeffb
1f480bf
0343417
1db0ec8
036bea8
011ed69
0177a86
009c9e6
1e65e3c
1cd4099
1db891c
1fb39d1
01ee7b7
03ff293
00599a3
03928b0
1cf72c2
1df91b3
1c3cfdb
1e0d398
1e33f8e
0171088
02ca850
03a33cf
1e54a63
1e17b96
1cf2494
1ddd220
00ae05e
001e4f4
02594a9
034f394
1e3e704
1c0bae9
0317e29
0323a0e
1dfbb82
1daea31
1c4d6ef
014142c
03a76c3
1ce6d61
035d5d2
02cc949
1fbc14c
1eab62a
03ac62b
1d23c2c
034dd11
1cc1118
1dc4d05
1f1ac88
003a50f
1c62a40
0224092
1d955c9
01b2225
1f42608
1d82b5f
1ce13b6
02e52d0
0199282
1db933c
1edd481
00a1350
036f648
00d6e10
0369e64
1f2b4e3
01c982e
03bcbc0
00e6d58
1dd4c5a
02638fd
1c2cd88
1f72332
1daad31
02ea533
022b434
0289e65
0356006
1c97088
0377a42
012082c
02da267
0030894
1e1003b
1e5584f
00c192a
1e49236
1cb22cc
00f53e6
02c4d8a
01f5001
02783d7
1def18b
1f31c22
1f4d5e8
1d0f2e2
012b5ad
01d9bf5
1e0ad2c
1d07ef9
00bb57b
0168aa9
00634f0
01e74b3
1ee6962
1dafaeb
014043f
1f4c177
1c1e9f9
037576d
00bc359
1f8f910
1e4a398
02f862c
003f1d7
0376e2c
028e00a
037de51
0198621
1f90394
1cbac63
1ebd4d6
1fa709e
1ca9afa
1f18540
02de951
033b7c2
0091d8e
014c72c
1dd0431
1f5409d
1f2c0cb
00a0b84
0371278
1e575b9
03418f1
00b8242
0204dc6
1ee09d2
0071481
02164b6
1cc82cb
021ba2e
1fdc923
1e84214
01363be
1d6ab2d
1c53e70
1c1706d
1d5a31c
0366567
021991e
0380ca3
1dcd782
01f390b
1f82e42
1f12a4a
0035c60
007d720
02d2ccd
1cd8d44
009fb18
014ada7
1eeefeb
02e13c9
1f58377
1cb789d
029481c
0316b6e
0228640
0054169
032bfdf
00ae835
1e2f5dd
1c3b574
1df5230
0250b52
0339cf7
02a3a13
005af75
01e0d17
1e03f47
1da9b8b
1e36fbb
0387961
1c915bf
0314cd1
1ead954
0204bec
1c6e311
03188f5
1c282a9
02aff07
00801ec
1cd2520
0075bdf
0164312
02fde7a
018e8c5
1c698a4
003d512
02dbe58
0345c6f
1ef1875
006a7c5
00da901
1d3840a
1db7116
1e2552e
02d05cb
1ef5de3
1e037a0
1c69fec
1d148d3
1e811db
1d6f1ab
1ebb07c
1c7cb27
014a794
1d97d3a
03bdbd7
0064434
038c32c
0137c77
0379a45
1dbee03
1c94566
028b7d7
1fb4e74
033e989
01f68c5
0287526
1d4bd8d
1f13770
0101281
1da589f
1f2086f
00b0b44
1f3907b
030204d
02915b8
1e25ace
003ea83
1d0daf7
02945ba
0047516
02ddd71
1fc4f9e
0373dc7
1dee37a
1d7c2f7
1deef12
020a658
1d7da9f
1e0aff8
1ff98e2
1df6b9c
001a53e
1ce8de7
1f75d43
011f1c8
03457e8
1d80927
0034e1e
1da1fd6
1cfc18c
1ee678c
00b8bc4
1fc4521
1d0db2b
02fa8f1
0152336
1ecee5d
1ced09c
038b87c
1d4e39c
1c8127a
1f001ab
01ed289
027e43e
1cdf588
002885d
0099677
1d79810
01592b8
008fe23
1d10a29
00a495c
1ea6596
003d61b
1fe9ec7
1e89f11
00878c4
1f43321
03eda7c
01dc618
1d4b17c
1c2d736
1f6cc6e
1e9d13c
1c9a466
1f5bf45
1e1ab94
1e7d0ad
1e9bf61
1d648cc
1ecdac5
0312240
03d4f50
02f2c82
1e2c6eb
001de0f
02617ee
01a04f6
1e91c97
1c6bd18
1e3505f
027dd35
1e54cac
1fb4e5b
00a0b91
1f81509
1db3346
1f9bea2
1eb2fff
02ba641
02a3e20
02a8747
00cfd96
1dd9a5f
024a281
03197f5
1ff9a4d
1d7a03e
1e61672
0244ad6
005685e
03692b7
1dc09cf
1d6f10f
1eed10e
1c3a9ce
1f7d17a
1f1127d
0372bfb
1cefd29
022535d
01f66eb
0338268
0386628
0052dd2
02d9461
0002d90
1e6249d
00e0af5
0308347
02b7b88
1cef241
1cf3d83
1fc2427
1c21db1
1ea2d9f
02caed9
1d5fb47
011beb2
00aa56c
00ad54f
1d94715
1ff951a
01ab236
1dd0580
0049bd5
1e7ac81
1c2bab8
1d25b59
1f3e9c2
01afc24
1e3af8c
016c609
1f79acc
0029b6f
01675cb
1f8593a
03b802c
02d9b0e
00535ca
1e43669
1c5ab35
003165d
1d1ae61
1d5c2ff
1e34bf9
1c4e0cf
02ca812
1fb5d11
02e5338
1fc3942
1cd8ff1
02bca20
0234269
0273a26
1e046ba
0115b3c
1d85393
1c564f4
1d60f2a
01877cb
1da540a
1df2d5c
1d459be
0379862
00f1695
0187db4
013fbca
0150143
1ce3cce
0151190
0353273
1cfe96b
1cc3998
1de34e5
1d5630d
1daa46f
032e77e
1df2c89
025540e
1d05437
1dc31d6
1fce6c2
03165b8
0100fea
1cde09a
00c892e
0244538
01a285e
00048f6
010c22b
0139801
1dbfe4c
0235356
0068b5c
0101435
03cdacf
03574ba
1f1abf0
018573b
1e69359
1df84c4
030a3c8
1cfc723
031f46a
1f37e4c
1d41401
02e2b68
1dd80da
0095bd3
033bbb7
03ce278
013e7a6
02c7c29
1c38a95
00f3b3b
1c3ae7c
03bd3e8
1e0f7be
01bf6aa
0046952
03591fa
1e957f1
02eadab
1d8aea2
1f01d56
00bce8e
1e191ee
1c71d62
032359e
03b81fd
1f0c26b
1f9a5a4
1fdb3c8
1d7ceac
01dda85
02a7b5e
0268335
1c91ce0
00e2498
1c59c77
0028d2a
0296f8d
1f707f7
032d98d
03cdd46
026da44
0389e08
1d4bc38
1e2bb3a
1f614f2
1e6a6e9
1d39fb2
033d6c5
014d1f1
1d4058e
1ea92ef
1ea9bc1
00b74d9
018864d
1f57013
1d0b4fb
01459c1
0275c37
0294b3d
027c111
1fe3d8c
1c679d8
1ca6acf
1e4b16b
01ca5bd
016c349
0376c43
1c434d0
1d409da
1ea3bb0
0322ff3
1c424b3
0105c62
1fab1aa
03820e3
1fe09d8
03d5309
017ab7d
1eef961
007f1ae
01f75aa
1e42fb3
03aa9d0
0346232
02488bb
0317d22
1cfa04d
1e7ba2a
1f1a886
1ecd867
1dbbeec
0360f7e
0141f4a
1c56eb5
0111705
1e61d54
1d5cb7f
003312e
01edc64
03c7a9d
1f94b6e
029b75e
1ccc070
03a857b
004d6e2
1fef3e9
02f60e6
1cb16f0
029cc3c
023b89d
1d74eba
00fa4b4
028e1e5
026c4df
1ef3bf2
1db249d
1dc6665
0074694
018f7cf
1e8ae54
02eadee
1c51ccd
1e15389
1d7cbd7
02f0b20
1fa7ad3
1f0e2df
03b2c8c
03ceb24
00b3d2a
1d24cd0
1e99296
1dc1555
00f1b23
036980d
010edec
1d509bd
1c1af20
1f681b4
1effdf0
1ddfc8d
1cabd80
029c12f
1f5cf3a
022a6cf
0269e51
1fad69b
018b5e6
1ca213b
1d01d9a
02f1535
0208ee0
005bd6e
00bb6d0
1cc38f9
1dd1228
0120c00
1ed049b
1eaefca
01a3dde
1db9a28
03ee553
027028b
0175ee2
1da589b
1cf594f
00d170b
00e3929
1ce7b23
1d8c1b9
1de4fe1
038c754
1ec4f6a
1f3ab31
01973b7
1cea6d6
00e350b
01e094b
039b3e6
0286a09
00b04dd
00144c2
02cb58e
0354fb8
03e00dd
02f211e
01ab44d
1e9f4d9
01e8613
1e3f960
1efbb5a
1d39670
037a0d6
1e58117
0334245
1c1a761
016e122
1d4b4f7
1c9a8c1
03711c7
1d8404e
037b823
00656e3
00bb3b6
1e23577
1f20ac9
1fe9df1
02f0b53
1dc7178
0375754
00e2a6b
010d092
00c7157
014933f
00928e6
1d27e04
1d153f3
00313b4
03edf40
01de790
0235263
02a0eb3
00eb0f5
010919e
019a126
00ae3e6
0291e26
023addf
0193b70
039c730
1c76354
01d4fe9
03c1b40
037d4e5
1d7321f
1e37ba8
02d0ab4
02be6ea
1f16ab5
01a194c
1fd97e4
013b46c
036d49e
00204bd
1dcf48c
1ea5733
1d00628
030976f
1e57172
1c670de
1eb382e
03b3aa8
1d31d5d
1fc91ee
1eeecec
009ac71
015db1b
03d2194
1d8056d
0046f50
03c04dc
020a06c
1da113b
1f0c484
02f8096
1de061d
0102107
0143fdd
1ce2224
1e5f226
0386c2b
1c40e03
1f721fa
01a9420
1cfec38
1fbf4ae
1efad3f
1f0f96c
036e72b
1d7a4a2
1d2e5be
1f8e105
00bb7e2
1d7f9a0
1dffb52
021992c
1d83826
0298ae8
01b66b0
1e1adce
0347e72
02320a2
1f622cf
00c19e5
038edea
0020ed0
0012326
1ded3e7
0083717
1f1d4df
1f104e3
1eb0bc6
02b92e7
1d76738
0353d67
1cfb618
1d96c76
02ea0ae
0311a09
1ee4bb0
004117f
1fd7eba
1df7d4d
1c585ad
0320479
0309a59
038c76e
038d9d0
03754af
030645c
1c3e678
1f45141
007c3cf
034a4a9
0339589
1d9b4e2
1db18b2
1cf1bb9
1f9d0eb
02cba29
1d6b0a2
1cb5ed2
01a2835
0235e2c
1e436eb
00d2545
1c89d13
015b985
0283bee
1c60307
02437fa
03472e1
012058e
1cdd92b
016e133
00e2690
007ab5d
1cc2f13
1eb43ea
1fe25ea
1e47fa9
0258feb
1e4ed8a
0292116
01ec5ac
1ea04e7
00d2a9c
023d23a
00996c1
1f36464
1f063c4
1cc5cb7
1d1d198
1ea9f75
010a20b
010663c
02d3c27
037a6b4
1dd4a15
1e1a394
02a26e6
1cb5bf4
03ddc4f
01ebd3b
1f013a3
013b2de
1ff1c61
01a1766
02c8762
00591cd
1e6c79a
1ec77cc
03f5574
02203da
0057f83
020b020
1fddb99
1d10a61
03e6870
1c74883
00eb23a
0204238
1f0e35b
0074140
1e7f6e2
1fc598a
1d994f2
1c3d2d4
028511f
1d7a7e9
000c47e
020a360
03809ec
1e438c5
00bbd30
01939cd
1ccfbc5
00068de
03620bd
025ccee
1e31b15
0272bb3
03280e3
1f88995
1c7d23b
1ca23c6
02f3f19
1f6af10
1ec059e
00a7f44
1cd8083
004fa41
1e1d083
1eb1a24
1d966c9
0126ed6
1d3a518
023f3fd
013ebc4
03d9856
1fb55ed
007ac50
1d0c412
1cf1604
1dde6e8
02746fe
0138a2a
1e04293
1d25d89
02cc3b1
00db4be
014d964
1e0e989
000494c
03e88ed
00f79c4
1d608b7
1fe8531
1db333c
00365e0
025f659
012ab98
1e8d728
1c6d41f
1d76db8
030e8ac
1cb8ba4
0269aca
1d1243d
03c40ee
0364d50
00fbab4
1f375b1
003e0ad
1df4818
1e67d31
02f9d56
1e63f37
0085928
0207a33
1cc51dc
1e4d799
1e2e655
0306d07
0205719
1c3d69e
1c7601a
1c433d2
1feedc7
0033dc7
1d74c48
1fa56c1
1ebc08f
1d46e39
02029c3
01bb763
1c329bd
1f71c6c
1f5cf36
02c4ccd
02a3308
01ad3aa
036bbed
1f27ce6
1f42b6a
1d11b50
003875b
024d668
03e2a43
1e5ec15
1f84504
03421d3
1ee9376
037e681
03f3182
1d467c7
024e919
016bda1
034260a
01821ab
1cb2b7b
1cc6add
0011fb3
02c80e0
0277753
03e1f53
1dec6e4
1f62270
1f430d0
1e8b392
1c8b146
1f002d9
00f1f17
1e3502e
1ef51a8
1c3f13f
0207c4f
0071ffe
1fbc9fa
01e720a
026f149
037e736
1ffdb3e
1ff48ce
1f3fd31
01d2c68
01615f1
02ba193
1f7be21
02a3b03
038df12
1dda2a1
1d6275b
1cb7006
02f8ea9
1e48a4c
02a998d
03f01f7
1fefb61
1dbbda6
000c90d
1e7f003
02dc070
1e06066
1eedf98
01db301
1d2799b
1eb7d34
024e583
1ff5513
010b312
020ebc7
028e5d4
03ba0e8
01392c0
008d2d9
1e48a07
01b5593
0393522
03672c3
01fa29e
00a6a9b
1ca67d8
1f55f45
02898b9
1e69253
0143c87
1d0c163
1de1d6a
03d3611
030d774
0223eac
034d5d3
0095b5c
1c744ac
031bc5d
1ef32a5
02c43e8
1e07172
02e5903
1dd094c
0382e69
02d3c5e
01a3c7e
0211c59
1c6674d
1d66e02
1ec27ee
1c69e76
1d5028a
020948f
030c025
1eee8b4
1e46039
00fc21a
003a46d
1eb444c
1f679b8
1f0e1a1
030a3e2
1c89ac7
02d188f
1c50e50
1fda071
00d45cc
0244fa1
1c5fd7c
1f9bd7f
0326444
0085596
0029a71
1c79f68
02878a6
1cf3c9c
020b4d5
036681f
1eed2ee
1fb3355
1ffd844
03215ee
011bb68
1e8f67b
1e17a9e
0120f5c
1f8c09b
1c689d3
1f71314
1d4a580
1e4df50
1da5f84
03c2745
0055880
1e435f0
1e854df
03d3331
01a6f3b
1ecc2d5
1fa2bcf
1ea04c0
1d5100b
03cafd2
1ed2e99
1ca9409
1cf8c9d
1c19143
0177624
0175c40
1dcbf8f
1e7769c
1c6a065
03f47ac
008a4c5
1daa2f4
005d261
033544c
02f2718
1e386db
001abf2
0087f9a
1d1a147
1e79949
027b019
030ad77
1df950e
03e07cd
1fed960
1e17915
1ffb469
1e5ecba
00045e1
01c3f3e
1d8ef38
0168d28
1db65b8
023df87
1df5cb8
0298de3
1e7b3f8
0065f51
00a57c9
1e5c1cc
1c27060
1e2e734
1cffe19
1f58993
022e360
1dc6a4e
1cacd4a
024c502
01e81e8
1c3f01f
1c70595
022ef50
1d7bb60
035d47a
1e8a595
1e585a0
1c71c8d
01d8fc7
0055993
1f5fb50
018f5d8
006e312
1fb641f
1c18d49
1caf846
1ee68fe
1d6a24f
1d6b827
1d5f4e1
01cde42
0375a63
0289526
00f2ee8
01c8fed
1e465ec
1ce1424
00c6ca0
1e06015
1d46666
023cb64
1ed4f6c
0014d49
1f5d7db
1fa0e09
1caa603
1f79d9a
01f798b
00a5cc8
01f3b55
1e9d56a
1c0fe5f
0073f22
1dcf2be
0359416
0337d38
02540c8
1e35da1
1cde0b1
024c6cd
1f74afb
1e0c9cf
007a26b
00e364e
0235050
1f9cf83
0059af4
009f32a
1ce202d
02cdbcf
1f830b6
1cb5a6a
1ecfba9
1c75a49
029518b
1d455b3
1d7bd47
1c6abc6
01938cd
003aa5d
0011abc
034cbd3
00e4fb0
0164f65
1d30940
1f4ce25
1dc6bb6
1f8df2e
01df763
00bf693
1c09a26
1c3ae53
02f52e0
02b56db
0276e71
1ccd6d9
0040dff
1e0ca70
0041e08
0279172
1dab50d
03e94fb
1fe2972
1c0f74d
02718e9
1ed7fd7
1cd589a
1d4ade5
03a741d
0117172
1f29463
1f24043
003492a
0355971
1ee6dd5
01d1420
1fcde83
0101004
1c4d907
1ca28a8
1d4154b
016a9a3
1e229cd
1e92705
0154e55
00c5b05
03e5a71
020ee4f
1ed5835
004b796
021c370
0301e45
009e993
00a71e1
002d7ca
1ee201c
00e3617
01c9d0f
008f129
0269db9
1ebd63e
1fcbdf9
0386627
01f99b4
0308183
1e25fee
1c2e3eb
03ed659
013a549
1c2873a
02d5107
1ed60db
03e6c5d
03833fe
03339e0
1e3da2a
0258621
1c801ab
1e7d73a
0299278
0285bef
1f52073
1f9ea1b
00dcd45
1c28174
1f37ad1
1d84f91
1e40118
1ce9aeb
1ceeb92
1ebde0a
01c1ace
1d7898a
1ce5b56
1c6e7b1
1ea550b
1ea0b7e
02257d7
1cba8d6
038fd08
1c3c3d5
1dbfcd5
1de54e5
0385e62
000afea
1e074a7
01697d2
1c8c6dc
00bf1b1
1db73da
1fc922d
1c2138f
020f120
1f978ba
1de2d5c
0129786
1d4d2a5
02c48a7
1f1edb6
0093540
1dfae03
1fafe04
00b483f
1e8c043
1d6748f
03eee5c
1ce6982
1e1b10c
017e74c
02dc163
00d92fa
1f23365
1dbe3e3
02e047b
01c289d
02e4c20
1e0d7db
0130d1e
00732e5
01aa93b
001f397
1c0d785
1c96da7
03506ea
037d778
1c0a5e8
1ccd44a
1e6baf6
1e9096a
1f73a3a
00ace48
02761bc
1c1b8b8
0383e09
1d64a4b
0161390
0281e1b
00d0b31
03ec8a6
1f2306c
1efe7d4
018593b
1f1937e
00cd8cd
1c352bf
1edf8b7
0017e2d
1e7bac6
03e08da
03ed0a4
0298ac5
1f1fa05
1e8b2ae
0341ccd
0007d45
1f028f1
03acaf0
005b4c7
00f1ab6
1d23892
03ed9c9
1d92f5e
0343361
1d1c9e9
032678e
1c098d5
1ef763b
00be68f
1e342bd
1c15081
1f90b90
1c950bf
02f7810
00073df
032253e
0388e90
1d3c502
1cb8081
1d86641
01a6f4a
02c973a
0387345
1d0b24b
1ef495a
1cdc403
0078462
1e1270a
1d3aab6
00116b8
1f85b73
1f7a8e1
02e6bc3
017a4b5
03fb99e
1e8daf8
0261980
0130026
025092e
1e4f25c
008f457
1e3239d
1d44134
1f44a1c
1ca1277
003ada5
1d18267
1f5ae66
0303677
03f0c84
018d232
1d2c155
004db10
1cb10c4
0217300
0179ed6
1e24529
1df0c6e
021cade
02fe184
019055f
02568c3
00cca15
1c2a5c2
1e93f40
1f89ee6
1ee8490
01dcddd
02b0944
1d9a130
1f01062
00e1244
02005ea
01a65a5
1f9c4d9
1f0f290
1e7eeda
0021410
01a8961
1f88b7c
1ce6dda
013bf26
1e54467
01f64e2
1fa0dec
03c5883
0157865
1fdc291
1c47b0b
1cf78ce
1c2515d
00d16a2
02e6d91
1c4541c
1d8e8f8
1e90dcc
038334c
1c5b358
001ca26
1def176
0251df6
1e0c539
02f5909
1cf0799
0040b7d
0075f09
01a0d5f
1f27ecf
1fc249c
1e9bad6
1d156eb
1d45282
1e77a09
01c2324
1ef5ab6
1c2c12e
0299d07
1fdcd9b
029b766
1da1b24
01ee815
01f8ef1
02f36a3
001ff93
01f59cf
0387f81
01e239c
1edcc06
00b1970
014c70a
0155cf3
00ac11d
01c252f
1c164a5
1d05c95
1dd4f1c
1ea2f1c
1e5918f
1e342b7
1e930bf
1f6c72d
1d01bfe
0292f9e
035c460
02b0001
023e336
01245f7
1eb22f8
1dc5ffb
1c0bb05
1ce6f75
1e4085c
1c07347
1c1291d
1c3f778
1f1452c
1d29b3c
1d9a6ed
1d0afdb
01aebd3
0238137
1ed6e46
1d8de90
1d46815
0326afc
1eb9671
016dda7
1e78327
1f15402
1d08b4d
1daacae
00489b0
0141681
019385b
00a5fd6
1cd1c19
1c58f16
1d32802
1e710de
1f5f77c
00e64cf
0221982
03b7b0f
038bb12
1fb5c81
03a7c2b
1f7d968
0189296
1c7a42a
1ce9380
024692d
03152f5
0276a3b
1d76e08
0065a03
029ff9f
1fffe8d
1ea35b7
01718ee
1c9b258
1c6bf02
1ed5362
02376b5
03c2d74
1f0ca3c
1ec9f9c
0351b9c
02fc0eb
036e745
1cc7238
1f65944
1c1152a
02c56ab
1c4e511
1fc3f64
1d5a360
01fe9a4
1e26401
0383428
1c53ec3
1cf1b75
02e4fb6
001fbab
027e144
03fa97f
1d40636
00402f8
1c69d59
01277d2
010f5c7
03a7cdd
1e33bca
023e13e
1c222fb
1f98144
1c314db
1f1a9e7
0218c42
1cdd7d7
010ba65
033ca69
1d69eb8
009fdae
0092aaa
1ebccc1
03b0f40
1ee80b8
02288a0
028953a
1e8a8b5
1f4b79b
1e3e193
1d9f090
01586d8
1f6f712
1f0762d
027e06f
1d23767
1cd6a59
1e688a1
0017657
1d02655
1cb3c74
0357da8
00fd594
011be61
1c33177
0005228
1cbd177
034237a
021e8c3
1c74146
1e24ecf
1fa0e7a
1e515d0
1f9f2c0
1fd672b
0036a45
1ef5e7e
1d84209
1d26678
0073873
1e4e9cc
01ad1a1
1e04383
1d01718
033426b
1eab27c
034d238
1e0c802
000a415
003c772
1d7f361
00436b1
0190ea5
1d2d55e
1fae866
1e08199
03530ec
033479f
1f3b994
03a5904
018a926
1d8f45c
00599af
028c9d5
01ae9c6
1caf936
03d4e4e
1c20cf7
0075961
00b4562
1e7d2c0
01dc9bf
005d3e2
1d8bc04
03139fd
1e37f7f
038c168
1c278ac
0089189
1dfffb9
029adf0
1ee40f7
01f49d1
1d3203b
01b9ec2
1d235ad
1f5dae4
1d53f16
1fc54b6
1c5fb50
01bc6a4
1eda629
1e614ca
1caa343
000e415
1ffce18
02667ef
00096b1
03ba574
02da117
1d34887
00ef416
1c63155
00a350e
1e8074d
00cb45c
01c9268
1db2d29
1c39074
1fc28ad
1d120ab
00039e3
03c3bbf
1e79c1d
1caa073
02a48ba
1f1be85
1f35d22
1dc51f7
1c79ec8
1f9c2bc
1f97685
1f3f3c1
1dda941
1e2ee2a
1e2fdfc
1eff2ae
02e7003
02c45eb
0245706
0204642
015a750
1c5d08c
1dacb50
00bc683
1d11f49
1d01d9b
02334d0
029dbc3
026c6fe
1c3a688
00d9183
031e160
0205249
00c594e
1e5c1b7
1dff1ae
1f14cb1
0045e0b
1d94163
1f2ce56
1c2dcf9
0248a8d
1c86cea
1e44db7
03cc883
004b71d
018f219
022cfdf
03584b9
1e8089e
1d818d9
1fa76ff
1ef6a96
004ecf5
1e18eff
031969c
1e3cec0
009ea8c
1d63e0d
02eeb9a
1fdb512
1fc7e2f
00f163e
003326a
1f66eb5
026360c
1cd8ec3
03c3ac3
03207d3
1db6f1a
1c8adaa
0249abf
1de27df
00c2314
1fcff42
1d30240
03b78dc
00068e0
005cac4
02adc3a
1e1d95a
00de23f
1cca3f6
03f801c
1d7af88
1f1f32e
026ec8b
1f2b264
1cc70fb
1ed2613
03d2dea
1d40ef3
00b34d3
1d00ce7
1c86f2c
03b3018
023a237
1efe65e
029cdaa
037ed44
0144875
1ddf71c
025bdc6
03edbe8
1e86930
1c28716
1cc38e1
019551a
1f210d3
1daf7f8
027868e
01eb6b8
02bae4c
1d8bb79
0375867
1fea843
02df520
1c18fe4
01c62d5
021ba5e
02f169b
1ef278d
02f28c5
1c2e33b
03ae407
1e1cfcc
005bef5
1ef6639
1ff3231
1f17a3e
0108907
1d97e52
1dcbf9f
1def2ad
00efc83
0354155
02fdccf
1c4d8ca
0355388
02027a2
02a5b6e
030afd0
01db91e
0254557
1c0b542
1f7d97e
0224834
02c1e1d
002f67c
02c3761
1f1cdf1
1f601db
033aa3b
1da7855
1d80db2
1eda4cf
00b6eed
039b6ac
02c1993
03e905d
031d86f
1ecc25a
00c3cde
1ffc3d4
1c4bee4
1c7076d
1d1c5a8
0057ec4
020d956
03afc14
1d630cc
019b9ad
03737ea
02f6c7b
0185d65
1e41bd9
1dbe401
1f43565
02e3a84
1c7ef0a
02e67ca
1d54dd1
1fd6ea2
1c0bdc0
1d28707
1c64a99
0388f67
1ea4f41
1da5fdb
1ca330a
1c0776a
0100710
01b5eb9
02f5ae6
019ddf3
023ef9b
02f13df
0298e0c
0147eac
1f127fb
01effe4
1ec5e63
1ddfd99
1f4df6b
1da750c
1fb75ab
1dc8c1c
1df8935
03d3192
1d42b09
02a76e6
1ccc35f
016b4bf
024090e
1ffdfd1
1cc9baa
1d195bf
00bd5b7
1d05ebb
00da843
1e8cab1
00f89c1
02596f2
00ffdbe
019220b
1e2257f
1c5b72a
1ebbbb9
1edd64e
01eb760
1c3226e
1d9fde5
1fd54ad
0296edf
026303b
1d55d5e
02bce4c
1f2e74a
1e5e5cb
1c15cf6
1c98b22
1e46d49
000e37e
1df613a
0228c5a
00c32db
1da432e
1f1b619
034e8a8
03bac24
020e2d9
013cad6
1cf55ca
1f87416
1f0fa7a
00fb0b2
1e8725c
1cf9ff4
1fef25d
1ce1180
02d4a2b
1f9ae66
01f5c2a
1ebd10c
0178c8e
1f43082
1d21b09
00ce9bd
01b4d39
00cd0d9
1cf90af
1fcb1d8
03e6b3f
1dfdea6
03b32af
1e0ec45
1c2b8d7
0340743
0271bbf
0242147
029ad57
0380e66
00848cc
1dc11ba
1dac5bf
01f072e
1f9e0c8
1ff16e1
1ec21b3
0323cc2
1f140e8
0387aa6
1ec1cf3
02b6494
1e5cf0d
1fefc50
036a3d8
1c5ec11
01c9271
1c6ed4d
01736ec
00e7298
01dd426
1c0e062
03dedcf
1c26145
1cddb9f
1d38096
005e35f
1f1d913
008b533
1d13ae3
03df1f5
1fab944
1d2fbb6
0109546
1f0625c
1ddab47
1ce3490
03d28ca
01ad79e
1faac01
00b5b54
1fabb4b
0092adb
1c06ab1
02ce1f2
02e1986
1cbf283
1e28351
1dff66d
004b286
1c25a2c
1df5774
1cd826a
013dcc6
03bb28d
03b79bc
1f19305
0305f01
001a818
02a8692
01d5acb
02b1e61
015b2f3
02cf37e
1e62286
1d9c85f
1e2986c
0172362
01e0559
03552ed
0378ac7
1c0f447
0005db3
01e02b7
01042a7
1d4fcb0
01e8eef
1d016da
1d0a2e0
013c8b5
1cd9e47
018c30c
0123089
03d25d0
035d937
03102ad
008c87c
1f4abcc
01b5dd6
00c9919
1c38063
1e987cb
1ff512f
01890ff
0195e68
0371e88
1c42b8e
1e5ec79
011fdf0
1e32def
01c13e3
0316eea
01b4d9a
0261236
03f0453
1c7cd41
1d08702
1dcb852
1cd6280
0001c26
019613f
1d96a3b
034f5c4
1fe0de7
1d80300
0366aeb
023b24b
1c27578
1f95c74
1fbe1b3
1fe5fc3
005f1fd
0004c60
014b257
1ca469b
03a7935
1c395fb
1d1069a
1eba93a
016a72b
02c5238
1f2d832
1c3f576
02aa330
03e98af
004100b
024dd0a
1e04335
1cf6065
03368fa
0357b04
1d71c76
001a4f3
1eecc72
1c18ca2
1e04ece
1e16a9f
1e39fd4
1d3bcac
1da3c83
017f152
02527b3
1fc842d
1debf57
1c96267
1cd65e1
02a81e8
1f94b79
03b187d
1c21167
021a86b
1ec2f16
1c7adf6
0288be8
1f82195
0205d00
1d6ddf5
1d90485
00deef0
1fbafd7
1e198d7
1e09365
1fd1b8b
1efd174
026563c
0052eef
02006ce
1c06f13
0041ece
03116a3
00ec6b9
03ede46
1f5b8b2
1e5d260
01c8380
1f9bb50
013cb49
01a6b45
1d47a89
03e4369
1d356c3
1e9e0ee
02fe5c6
015aa3b
036828e
1e12501
1ec8255
1e8d827
01b615a
03830bd
1ddc0ae
1d6491b
031f51e
1c71921
1ea6609
1d19ba9
1cab5a1
1d5a999
02138c5
1c65455
00aae80
1eb4aa0
1c4b906
03d05b9
1f6bc63
1d2b5e4
03c9f8b
03a5607
00d645a
1cd721a
1ea1f24
1ddc5dd
03acbf5
1f8ed25
01b3e44
03750ed
1d66f6e
033c153
1e72607
1e6864e
1d90458
1c6b6b2
032f3b7
003050e
006a3cf
1c1d1f1
03bac5f
1e8a394
1e63fcc
1fdf95f
1e89be7
01719b6
01e0141
01307cb
0383589
0239b89
026f96f
01c8d12
1d35555
00c7c02
0174062
1c80404
0155864
037dbc0
1dd63d3
1fe9922
1c1febd
1f1223c
1e6703e
0079549
00ad793
1e06bc2
036d1c8
1e3a8ac
0089155
1d9f83d
005b6bd
1d997ae
01cd65c
00f6f32
1c34553
1cb3339
1dbc3f7
1f4ca82
0039d3b
1e7e2e8
1f86df2
1ea1373
03c547e
01e49af
1db7fd6
1e99b19
02c2259
1d15179
000eef0
1ddd217
019844f
1f14ad8
016e4c2
02348ea
026c424
0165af7
1fbe8b1
1f7f69e
0360ca2
01c2c23
1e87fab
00e2feb
1e8c77c
0146507
1f20dd1
00ce534
0123ad8
01d4e17
1c2fbae
0065eee
022a912
01596f7
032ff9b
1c7528a
1fe6d1c
1ffca6b
1cd9771
1e418d8
00c2208
027a284
1e9aa4d
1caca91
02c2fbf
01384cc
1e490b0
03a1f08
011b979
03b4001
1ecc7b9
1cee565
1d2e101
03e2b3b
03353c6
1cedb59
1ede9c5
02484de
1d47226
1f2d4a4
1d391e2
01a7472
1f4932d
1e810bd
03da728
022e0c0
1c23a86
1f19e0a
017911a
02704e0
01e868e
02c5d81
03eda5f
03edea4
01ff243
00394e4
1e9fb38
1c951a7
0150611
1f9dbaf
1edc59d
03da8a5
1c5cc74
1cd64dc
1e8f00c
1f4d224
0110faa
1f0c527
1ca7027
026cfd1
1f45cb1
01cf507
03982ce
1e100ac
1f5f052
029e37a
03d6b92
1c11cea
1c84f93
1e72836
1d54e1e
1d3cb0a
1c585b0
1c867cb
02b22ad
03b581e
1dc2fe3
1f385dc
0226760
01156bb
1c47bf9
1fa0873
024a8c1
1e4997d
01bcee1
003db8c
1c3a7e8
1fe9102
1c92892
1fc3651
1efb593
02a6792
1e10851
1efcfb9
014c7de
1f636ad
1d74b73
020545a
1c3263e
0395e57
1c03af7
02cdc51
1ed5ace
1e05092
1c79266
1e7b0a1
028efa4
01f58fd
1f519b9
1d8c407
1d77b95
03cc20c
03ee1eb
1db6539
0304739
00f91cd
00f7f64
0078d12
1e134fe
0322b01
01d3a5b
1e3adb2
02aa278
02ab49a
032d9ef
1f626ca
03a7b4b
02e1e1b
1ecbecd
1ff382c
028781e
1dbdfe5
1d72dcb
025dd45
0344f04
006131e
018e23c
0291e3d
027fedd
1fb0835
1e04c4a
1d881bb
1db29e4
0245106
1ffb57a
1ced227
1dd4f0a
1e78370
034e763
1c48031
1e72550
1f8bb0d
03f6ea7
1f994dd
0276348
1fc9e85
1d8957b
00962ec
1caa1e9
1cb1a4c
1d2405e
1d8fe06
001821b
03c8939
1d4db5f
03ef2a6
1d7e9c3
1c3f7b7
00049eb
1eb5549
02ba97a
00a14bb
1def0a2
038744a
1da5035
1d0faef
1d4512c
1e2c32f
02589c2
00abd52
1d889c1
1d3caab
0005d41
00725cf
1d54adc
0392074
1c610e1
1cd0a2a
1cff423
02ac03c
1cf591b
03a22e6
038e51d
1d1e1d8
1c4111a
1e7807c
1e9bd14
1e5329b
1ca6922
1d2f6f7
1fc5f42
1f7770e
026e7f7
1eafbcc
1ce49fa
01542a0
1f1cb2d
1e3807c
1ff0b92
0371c0f
1dcc4c3
1c4e26f
020d2eb
000619e
1fe3e09
019d506
02c7aed
1e2a686
01e5320
012129a
01445cd
0066f6f
00b0aec
1c06421
029eaa8
0105ed6
0105770
01a974d
1d757e8
1e9d39e
008b207
1e28184
1e4bbf3
0174a7d
0398e18
1ebb664
1ebe7b0
02885a1
1e9aa33
03dd3fe
01bf636
01ef6af
005593b
1d4fa21
1ebc0a5
00c5838
0381d07
0216f8d
1c79289
013dea4
02312e7
1d9f613
01d68e0
1ceb769
0203ced
1e91366
1dd95ee
0218563
1dbeaab
011d268
009326a
023da48
00b41a8
1c0acc3
03da309
02a4ff7
020b6c3
039eb29
1f0e0a7
1ededf3
1e4e4e9
1d4f320
0352714
004bc01
1fc9e10
03f812a
1cbd2a1
02ea764
037d047
1c30ffb
1c5ede0
1f3badb
00d3fa7
019c975
0029008
0275cb6
012af18
039dcbb
03575dc
1c601c5
1ced582
02aeb3e
0365e8d
1dbd7c9
016480d
1f6d4ec
0321202
1e85420
1dd4a3d
1fa9668
02ce071
00690db
1c07707
1f44ccf
03b2270
1db3060
02aeb69
02aca04
03cb820
0147e54
1c93246
008491d
1ed6ac8
01a33dc
1f9d43c
0399b7d
026fa41
1d043fa
1ea2eee
03de540
00cf62f
1f7b56a
1e208bd
0150969
01101f8
0117a66
1cf3b05
0143d29
1db3d29
1ff48b6
01b3ac2
1de4662
0306852
0056504
1e1a63a
1c25357
1d8b3c1
012c648
1e9b6fc
0346d71
1eb3094
1f0bdd1
1c59e4d
0216808
1d05e2e
1e56fa1
1ea50b1
009150e
1f002d5
1dc0e10
017d1c0
02069eb
025971e
1d1f480
1ef3c12
1e8705c
1d48dcc
03f5bff
1fda31b
01bb55b
02c252c
1c8acef
1d584eb
034acc3
0248679
1e78ed4
02e503c
1f004a2
00fc8e5
02cdef6
1c21faf
0030dc1
0048995
03b4b53
1dd8c76
01e56ad
00b86fc
03815fa
1e7a66e
1c69707
010585a
1d4c9e7
1d1a37c
0057c22
011db46
1c8e23b
03dd94a
1eb852e
1ce363b
1f39ae3
0027fac
01333b6
021cb91
0019a8f
1c94f46
1c956f5
01c14bb
1ed5ce0
1e41fe9
1f947c9
1cd9533
009c6b6
1e2d77d
1e6c1a5
1e1fcde
1f2ae60
00d4d1a
02f1ccc
1f0551f
1fbfdce
013bbea
1f533cd
1e57d07
00f878c
1e3b5cb
1f92610
019aee1
026c863
038ffa5
1c46c41
036687a
0008a3d
1cdbd91
02f1593
02cfe19
1c4a6db
1f60d3d
1e52b7c
1f786ac
1e59b0a
1e13f10
00dd67f
00224f1
0293091
1d21192
0151f28
005f0b6
1c1c800
1ebc1f3
0095e4e
1f6644c
01df7d0
03e7c57
1dd748d
017ebae
0298c20
1f04864
0385557
1eda363
01a9480
1f1986b
008a382
1fd6e38
1dc88a2
1c4bbd7
02ec196
02b0be9
003cc6f
1efca6d
02864fc
1f0cf7d
02130bf
1cf5b58
1c3237b
1c67a30
023d743
1eedc1d
0006d44
02f17a8
02874ca
01e51e6
02f8e25
01d6fb4
1d82c54
037ea29
00932aa
03a34c5
006c2af
1e479f6
023d1c6
1da354b
026b327
014faa9
0304c11
0207186
1c3725c
1d2d010
0282aea
0279fac
0037cfc
1fe2613
1ff85a2
01aecf4
01afdff
1c9ada3
00fc093
02bc86b
013935b
1f148e6
0358d98
1dfa44b
004a578
01ae6be
018817e
0256359
1dcd5aa
1f7a486
01edd20
1f46338
1cfcbf4
1f41e0c
0104482
1f36e5d
01d8ce2
1e6c4d1
1f41723
01eb77c
017d96b
1e112d4
020dd9c
00dd273
03b3cbe
03d791e
1e56e36
0061a94
1e26ad3
0008701
1dce4ba
1e296d8
024df5e
1f1ff6b
1f02061
1fb1702
1d0bfe0
024673e
1ed96ee
1f0f858
03a5387
1c88091
016d9c8
012dfe3
1e4dbfe
01a7919
010de3c
0282505
03e8547
1cafab3
1ec6050
01fbeb3
0041a22
1cf922f
1c00b99
1ea207e
1ecf47b
032fed8
1f96988
1e9b0c5
1f499a2
1e93b2e
1ed2123
1f6c569
0146d85
1f6da05
1f9a252
1f0cd81
025e4f4
1e35cf6
00b267d
1f54b31
1f688e3
1cbeff8
02375b3
0264706
02c1233
1ed6ab1
002176e
1c0d88f
039ffe0
1f0620a
020a6bf
1e391f9
1d69cbf
0188522
0141896
02fca76
1dbb86d
1ff1646
02a1ed8
1d53698
1e060bf
008b5c8
00f7dab
03933ed
1c5fed3
1f39472
034aa15
02fe82a
021cd3e
00813bf
02f4b97
03e0ea2
0062da8
0199e52
023b506
002debc
1d0d3a6
1cb7b6e
1cbf6ae
03b0a65
007ad07
01bc68d
02b7467
03d718f
03c780c
025375e
0100cec
1e8d939
0115343
1ef4c20
1c82e7c
00e810f
1f6e726
1f5c2fa
1ec2f90
1f17328
1f73dd8
1f9aba8
03a7f64
1efcca3
026402c
027dc9e
003193f
02346e5
03f1ecb
03c174f
025cde9
02ac7f3
026a1b5
01d0762
03b059c
0126c19
1efe457
0267dc1
01c2200
0054601
028e4c3
1d7999e
03e334c
1e61d80
02227ed
01e4cac
1f969f4
1e5d2e7
1f92a14
01b22a1
1d00fdc
1eefe43
022ac9b
1e50f50
0023382
00d76a2
000b561
03ade3f
1d6a81e
1e99017
1fb44de
1d277e5
0011722
1db0d4b
1e4ae18
03d37be
0040168
1d71e7f
0342f97
012ed10
0083c90
1fc939f
1dc95f3
1c280d4
1e8a5b2
1c95b8b
002cee4
1c870f2
02c5636
006584f
0355943
1c3f064
022c92f
1d5d782
1cacb1f
1f9e390
1e3a198
01d6223
00dde61
01f225d
1d38abf
01c5623
036aac7
1c8604c
007d329
1e5c913
0228a70
1e083e7
02469be
03efc3f
1ca0a91
1e6befd
01285c2
1f050cc
1cf57fb
02e4970
1e0dbce
005dd4b
034dedc
03d1d4b
03cbd6f
1e0805d
029f68a
0312c38
0044bb8
1e51f28
1cd0bcd
0334eb8
1d34f67
017f52f
0036f21
003ab48
1dd6a48
1d0da60
1fe1b91
1c28394
1faa144
1dd7e43
1d254e7
1cce03d
00e202c
1c55b99
0372a9e
02acb53
1f6433e
0342899
1e68093
02a1eca
0334791
1d83405
1d1f170
02a7917
1d0a07d
1dcc1cd
0108876
1d0541b
1d6f34a
1efbc31
1ddff84
014b210
035a123
0136bfd
007c7aa
01faeb4
1e53e00
00f3b64
1c34e9c
02e1f03
1ed4147
1e6e9f7
037519f
1ce08f8
01d9d53
1e889cf
0384efe
1e0c085
1d705a5
02afeda
02898de
1ca27c8
00c5a4b
0016bb3
0027164
1f635c1
1d92d0c
002a3b6
1ea10b2
0282e72
00ea651
1dd4281
00bf9f3
00a4e69
1c093d9
00f09bf
1cc6a18
00ad31c
1dcb7e7
03a7262
1e97f8d
019b6e4
02b22c4
1c86daf
008cfd1
1dcfc30
1fb81bc
02c5350
0199941
0374b63
1d83393
0069de1
1e65da7
00c2fab
1e77c14
03da139
00e249e
0275b67
0059ea5
027c541
1d68e20
1d1640a
0090dce
1d5901c
1dca8d0
1d1d636
008babe
1f4872f
0093325
1d3a255
1ef6ba5
1dff729
1e7edda
1c3684f
03f227e
021a0fb
1d17a80
1c2e2bd
02ddab0
1ed2d90
1e99ced
1d76de7
008c029
03ca7de
01872d7
1de174b
1dc42ec
0045ab5
020d61d
03a6091
1fb4978
1f083ad
1ea2487
02dc78c
1fe7f4a
02b7e79
1ceaa06
1e8efa5
00bc8b0
024a256
01aedaa
1d78760
1cc5d6f
0381216
1c26304
02a395b
01f5c6e
1d8c166
01edd9b
014d2fc
01aeb66
1d0106d
0307305
1c035c0
1f9781d
03be6d7
01bd16b
1f453a9
1fb34c3
00d2032
02ef076
1efbf82
1d0454f
010cf4d
1e6b931
1ecdb87
036c6fe
1d24dda
0205bb0
00f8b65
00c1ff7
1ed36d0
1f92dd3
1edf4d1
1e6a273
034e03a
004998d
03d0d9f
1ce0e32
011b128
01fccbf
1f5e854
00b844b
1c70df1
1fbb349
0214c32
1ed4339
1fe1cda
1cad8e2
1dfcf18
1e65de9
1c8616d
1cca064
1c3d630
00e0ba6
1c20703
1f07c1a
02c490d
03cf1a1
02aebef
014b381
003103c
025454f
1c3d3e3
02b1491
1d2c404
02b5211
1c183a7
1d0557a
1ddaeff
1ea718b
02a26fc
0317991
02a6ffa
1fce97b
1ee6070
0167fca
1d445cd
028325c
007c1db
02b2edc
1e249f0
1f95956
1fde18b
034a63f
1de1560
1ef2be4
1f41f5a
1e1439e
1c0fd76
02c5fa9
1c94f41
1d8d021
1e9ddcd
03cc698
1dc5d49
1f58b4a
03629b0
1d4b861
1f534b9
03cffe4
03edb7b
01c593d
03e1172
0046bdc
01354bc
00dc9dd
1e3950c
0289776
1e75fd0
1effaec
03faf5b
026921f
1e2c7b3
031cbf4
0240347
1c30b2d
03703f7
1c38186
03ac5e1
01ec890
1cb143b
0170c5c
1ce93da
00c5619
00a5b5f
1c223f7
030405f
1e74dd6
1d363ec
1edbb50
1cacfdf
0139239
1edb994
1df7c50
1ef9cd9
1cd9c81
021b0ea
03631b8
1cf984e
1c98677
1fdeb7a
006556f
1d950d9
1c5c05d
03bdbaa
0166452
1f85901
018cacf
03bbb1c
01de9ea
00a2607
028c67a
1c5cb42
1f3dfaa
1fa5d2a
03b8e5c
02fb742
1f1bbdf
1e164fe
0139078
1d908be
00a6f53
011ec40
1caa317
1ed2ac0
1c2b653
1c78aa3
1f1bc9e
03ce4b2
0373051
1e53a88
1e2be25
1c44cec
1d41c0c
1c63179
1d9bdac
1c8a38c
1ff121f
1f9eb20
02d4685
1fdf4b2
1ebc302
03b6945
1eb36dc
1fbbc1c
1ebf140
0066640
014b76f
034e3c8
1d593df
01869ee
0333e27
1e0bcb9
002b573
00081b3
03ecc66
1c52e3c
03e4d11
1e0d4e3
02596ca
022f18f
0372887
1e86f72
1d354eb
007dfcd
1fb0fff
1d936e1
1cb7b95
02e81a7
0381136
1d7a9a7
1f36104
1d74692
0163a35
1f20a94
000172b
028b6b1
00e6116
1da08f0
1fc26eb
006018c
1d50ed4
01c5979
02010f5
01da993
0228337
1d62426
01efa48
1ccc9a5
0065c21
004386f
1d9d90a
02f35c6
015b71d
1eceee3
1d118ef
1e58883
001cd40
02023e9
019545e
00e2396
008b8b3
1e1f61c
1d70f72
02bd25b
1cbbd07
03aeedc
1c896a4
016aa11
1e979ec
1f2b85b
0242132
01209d8
00f2f42
034d17b
03bd0c2
011dda1
0046ec9
1d60ba7
1e219d5
01fb9a2
0361592
1d46674
0039940
1e9b31b
02fdf96
03546e2
1cf25bf
1ddcea5
0345552
1e1ef3b
1e3e66f
1ccbb6c
1ecb9be
1f23e93
1e3efcb
1d6688e
000e39c
01e6b2b
1e40490
0316eb2
0001ba2
019f4aa
1f13606
1c07640
03d942f
01db0e5
003563b
1c9942f
01f5154
1f371ce
0398827
1f6ee99
0098787
1c749e2
1e67a50
00b12dd
1caaa95
02a1e24
011cf57
1d0556f
03af213
1f75ab0
1c0f222
1ea1607
1f76d54
1cfb990
1ea00eb
03f1959
0163763
1e60ef9
0080e92
01af094
1d54f4d
025c27a
1fe3a28
1d3b3f2
1c59f30
0011a47
1e8ab12
010885f
1d9a97b
01f9ab8
1e9869c
02b67fd
020eacb
02796e5
03ea540
1f0b462
01c25a8
0300099
0303f90
1f46d3d
03f23e4
01cea24
00c5f3c
1c6de48
00a6e88
0332834
1fc8450
02fe5ff
0122c35
1d0c194
012585a
02dd982
0046cd0
1d5097d
1e5d6ca
1e47713
01b1247
1eb6ffd
1c12a87
1dfa4c8
1f317a0
1d0c81e
1ded96b
1c739e2
0256d5a
02b0695
1e7caeb
026c562
1fd4834
1f312b7
1f28bc8
1c9859a
1fbae12
1c27236
1c08623
03f43ee
1e6efc1
1f2b46c
01b9629
1c8c56a
1cde293
1e88f82
008c72f
034d5ff
0044de0
039e26c
1ebca5d
1e4cf58
1f57408
0142fe7
023cd1b
1f82048
03ca799
1d1abea
036ef50
1d6e492
1c43782
1c9f272
1f73404
1df2da0
01bed9f
1d28075
02ea71c
001d178
1e57415
01ce210
00b4a35
1c320c7
000d866
03cf046
1c29de6
001f6a8
0037493
012d755
1d3cfaa
1dc36be
01325e9
1c9f6da
1d6b41b
022c499
1c8cf0b
1eb26e5
1f32ef4
1e30362
036f2e8
002ce98
031a050
0305d92
00ceabe
1e66e3d
1c7e3d7
1e7d712
1e0438e
1cb5299
1c1cc42
1d831b5
01f430e
1cf5e94
0350fd8
01b94e3
0274009
0388c91
1f8765b
1f97e16
014ed48
1f08625
1f9e0c9
00fb7a6
00f8d56
1d7c9d2
1dd15b7
1d26ec0
1cfa894
1ed5695
022644f
1df2c8a
1e0dcb2
1f6606a
005e1ed
015f96c
03fbd5a
026b310
013a359
1f5dbaf
1d7e038
001fb22
1fcbb9d
1e8107a
1c8c2d9
0266e22
1d58773
03e4662
036ca1f
03e550a
1d37e66
03ada2a
03d5ec6
00c5fe0
1c8baf4
1f8d348
0227143
1f4503b
03d59a8
1c0b514
032aebb
1cd8ea4
01f63de
1c1c25b
03dc9ad
03c450a
1da24c9
01452f5
1ded966
1e8c6df
1d66632
1ee26c0
02ea7ea
0367a7a
1e499c3
0038075
028c088
02ace4e
02827e4
1c389a8
022ebc9
0247f38
1d290c1
019b066
1f805da
012dec6
00ace6f
1e713d3
1c8dfe2
03dd8a7
02c28b1
0153bce
1cf5884
00651f6
01cc5a6
02a9025
1ec6491
1eb4622
1d244e6
1d3696b
010dd1a
1f3c244
02c5569
1ce1778
1f4dac3
1d729e4
1d8765b
017385d
031edb6
01638fb
1fdebc5
1e7c4b9
03fe879
1fbf0eb
01b5967
1ed595d
1f405f8
1ec6ef2
1d415de
01bb542
1fb075c
02e5bab
1ce42fe
1d6e57d
0370fd7
029680f
1cb60c8
007aa1c
013d082
00b2669
1e5477d
03ac3cf
1f263f9
1f8cba4
01d0544
1ede559
0386271
0012c1f
011afe7
1d80d45
1dceaa4
1e5e0a1
1ffbe21
03e9e3d
0235e1c
1fc600a
03672ad
0176239
1dbbd41
02d504c
006f1be
1fe43fe
03301c0
1cbed27
00132c6
00af2b0
1d04c24
1d5b3e1
011aaab
1da4d40
1e339d5
00578e0
1dc98ee
00cfc35
1f2e233
1f36f3b
1e481fd
0215fdc
025b75a
02cbf92
020192a
0158701
026fd1a
01ec321
019eeff
0353776
1fcf79e
03d0835
0205a97
01c90f6
1e7e3e1
1f02021
01ce891
1cec5bf
03daff3
1ef13c5
1d51336
1fe4ca3
1c5d3c3
03d8438
02adc5d
02ca2c2
0250839
02f07f3
02b84d2
0341310
1fb9ab0
030def7
010cae1
1f789a5
1dbd85e
1c3536b
1e06f28
1cc023b
1cc342c
1ce99aa
1cb7c68
027ec8a
02aa699
0136c11
03bb320
036a29e
1c886fb
0395da7
1f188d0
037b8af
1e73245
0005f4b
0267810
1e67514
1e679d5
031dee5
01bac45
1dbe7a0
1fa0e18
02d2da5
1fca141
02925b3
00ed6b7
1e11781
0251091
1e58635
1eff309
1ed8e89
000f579
0057bf5
00bdfe4
1e5d90c
1ef3aec
00f806e
1fbe2f3
1f85bd5
0274d2c
1c46639
1d8f06e
1e5f2e8
0058035
010f4ec
010ebdc
030acb1
030eb05
1ea927f
03007b8
1f5f4c4
1c085bb
03eff48
037ca5d
030b041
00d605f
020b408
02d63dd
1ef4915
1e902d1
0232bfb
00cb640
03137f2
01f6693
0322d8a
02215eb
1e30aaf
004ec78
1d28f83
1efa323
1e75279
0011db8
01bd034
01de328
010fd60
1e7807d
031a656
1dd1ee9
026d860
1ff3f04
000f791
1d79de6
01e639a
1d83b27
0323157
0180ce3
1d2c6f5
1c04831
01edb0b
1c36bbe
017ce11
02967d1
03eb227
1f3cfc1
0035d74
03e58de
1f19fbe
0348164
022a1d8
1e983c9
1f1c2bc
1fd39d1
015f9af
01a3f15
03139e1
0381429
02c6541
00ded7e
01ff5a4
1ffe4c6
1e78612
015327a
013a88e
00ef640
1db8b66
02212ee
1cd87f0
1e6f328
1ce18d4
1e96360
1ccc6ea
00976a5
1c9abba
032aadf
1c4f332
00a8406
037e153
01814bb
1ea958f
032e335
1d1232f
1ce8f4f
1d10483
1dbc09f
1e56475
1fc58a0
010eac0
1fa1532
1e06d51
001adbf
031bee2
00528d7
015c424
1ffb818
1cf421e
01fcc58
003c413
02e5089
008fee2
1f6405f
1e48546
037b688
1ea6e72
014cbed
004816c
02857fa
1e8e6dc
02161b9
030a15e
02e4c15
01eb181
1eb5997
1d32a71
0108cdb
01e700d
1efd860
1c58385
03258cb
1c9b326
02db8ef
038ffb7
027afca
1f6c9a5
1f074e2
1e4be40
018bfe8
0369e6c
0116114
0027a2a
01daf62
00bdb4a
1f02a2f
0259490
03e063e
1f4e8f4
00e9fbf
03e02fd
007384e
1caa5c1
0098894
1d2dc5d
019c6d1
1cb682c
1d6bce0
1d83fa0
0263cfc
0105d3f
1f4aa6a
01f6f0b
0353dc1
022d62e
03d6150
01cf6a1
0152c66
1e0681d
1ca4393
1e47958
1e041fa
00411e5
1d766c1
1f858af
009d379
1fbd558
0163913
1d967f5
1e049fa
1d9f9af
0005994
1c215fc
03034d4
1d5bb19
030a5bc
1e83434
1f3f6ca
0071871
019b8e3
014e27a
00983f8
1cc188b
017804d
03b4a7b
1c54fa8
1dfae2c
1c47dbb
01b9347
033c778
027af5d
1ca9df6
1c4b191
00d6474
1de45ca
1f9b4d4
018f13b
03fcf99
1e79aec
1c9e7c8
01ad4a7
1f4722b
0369479
02a0a35
1cc6aa7
00eabf1
1e48837
1e0f1f3
0075c5c
03dd0b5
1c1d423
1e4d428
1e5ecd7
008e0ec
1cd8989
1eea42f
1fcc94f
03a9870
03600ae
01bb64c
1d2aea9
026e939
1d38e63
00785e6
1d2cc67
009b302
03e7809
1f43d79
1dfff24
1d795d7
02342e6
009f934
03344e6
1d06bdf
1d6fcd3
008c131
1f349dc
02ccfa5
1f90a91
03ceecf
1ec302c
1f3675f
1dc155c
031b49b
0233510
1e21a31
03fb0bd
010a3b2
00c10e6
1e97b0e
011a64f
1eee07a
1fbc753
008f20e
1f24871
037416f
1d51140
033e133
01c8466
01d8379
1d29927
1d3755a
025848f
01dcde3
02d67ba
0135ae5
1ce382d
1ffb126
1dc4f76
1dc3013
03e2efc
1d0fd18
00acf53
1e852a9
1c77514
1e32bae
1c6791c
1d3f143
1dad2b8
1f4517a
1cd9532
03f357c
006de8f
1d4b218
00d9ce6
01599a6
1dec506
1f74d85
1d15a56
0045953
1dc5643
0387e35
00019f8
01547e2
028279d
020415c
1cb2fdb
1dccc8f
025f698
1f26a93
1db747b
1c39fcc
03ec161
020bfe5
00a6ce0
1d75182
01cb9a2
1df0252
1ec040c
01676d7
005c6e7
1f094d3
1f8cd54
1c8d384
01b1a6e
001a90b
1df98a9
0280a6a
010bef5
02fcb7f
02479dd
1e357aa
028101b
1c1c58a
03fc559
1c6d904
0292cb8
0272623
023720c
0349119
0193af5
1d0c34f
0111476
1cdf973
1ef68b2
00e7507
1c779c3
1d4a23b
01f239d
03b02dc
1cdaf2c
1e417d5
011a8a3
1fab65c
1df53b7
01dd5df
1d83715
00f6c7f
1d4160f
0008d2e
01a32c6
007eaa0
013c734
1cbc5f7
00dc023
0047a32
1f47a80
1f99c15
03c2d34
1ffd220
01a4749
01d5413
019d894
031347c
1e123f7
00338cc
032056e
034cf93
0131334
1e1d3ab
03278f7
02e5015
1d9bd64
1da80ed
1fadc71
1c320c2
00f9410
01c8782
1c1aa31
03e9f90
003d7d7
01f5d1c
01bd9e3
1f091fe
1dfca15
1fa2f52
1e1d675
1f17e4f
003c910
0016357
03ad8e2
0208ad7
028849b
00946d8
1d1507c
03b0429
01f9c86
024ecb3
1d6a193
001440e
03afb4e
1f78c93
01ddea5
01989a7
035afd0
1e1d85e
1d24a85
1c4fe3d
03bb2a3
1f097b8
1d9614c
02dcfb3
02fefe4
01acac5
1fd35a2
1ff4647
1ee0a8f
02271cd
1dad18f
01c4693
1ead016
1de7cd4
1f09167
03716b3
01453d2
1c27cf6
1e6b5c6
02515e8
0157b48
03445a3
1d74ea7
024cd0f
03d7836
0338078
1c77e30
1e733fe
1e80474
1f2d57b
1d6032d
1e4b41d
031349c
035d877
02c6916
01a7b05
1f6b118
1dcb418
1c53f3a
1d2dcea
02eba8e
1f10c79
0182351
1e28961
1c0e6af
1d7ad37
1f4a758
0380894
0178bd5
01bb650
010b458
1de7234
1d85b43
0091889
03cb0cc
0147da0
1ff71cd
1d22f0f
1c21833
0298587
01efe65
02e38bf
01c6024
1e6d865
0014bb8
1e8abd6
1d6160d
1dff8e6
001052d
1d502ea
1c59207
0104689
1e47702
0061291
007b1e6
03548cf
015504f
0013119
00cc5d7
01e40b6
00093c6
1ee50f6
1cd6bf4
1fd6042
03d31d3
1d91acb
02e37bb
1fd3506
014784f
03b61a1
1db43cf
1dcc2f5
0280e95
1c84cd8
0202ebc
1cd8653
0260ef4
1f9d9f8
1ea5ba7
01b8372
0180ce5
01e21b0
034389e
1ce52b1
1f350c6
1fa977e
1db0c0f
1ee7e24
0277cd5
1d4bec9
1e08711
032c3df
1dfdff1
1d0fde5
024918e
1ed1b40
0037606
1db29e6
1feb59e
1f5acc2
031fcd2
00e6625
0170191
1fc1476
0029dc8
1ef66d4
1e3e513
0028f7f
02222ae
1ea852f
1db679f
02652f8
01830d3
02d35e8
02cdb58
1eb8e60
1c39f80
1c8c6d0
1e17f64
1dbca90
1fa3bf1
1e50314
02437a2
024f2f3
00df391
1eaa9e1
1c4f27f
1e02a5a
1db8a01
00c9f67
00532fc
1d25488
1eb4173
1e11b47
1db67da
1fa880f
01d4c43
000f21f
039d60c
0306037
009955a
1fad7ef
0382b33
1dac4fa
1d0dde6
1ebb16d
011345d
02dec84
1e770de
0181cda
0350c42
02e824f
0160d35
1c7dbf1
1c12e82
00944c4
0196b72
018d6a5
1ea72f0
1ff7f35
0355d9e
03649b6
1ebce7c
1cd6941
02db68a
1c18025
03abbde
007894d
1edbd58
0348855
02bc806
1da672b
0021e35
01622ae
0309755
1ff0058
003ace8
02bcd8c
1fef408
0077507
1f0b3ca
1d02b53
037b85d
02e195b
0116732
02eef01
031e091
1cc6407
0187d02
1f112d5
02e8360
1c5c909
0328d84
0128c29
1e14a4b
0031efe
1ed5f14
0349781
1c0665c
1f8286a
0099911
1e801da
02a7aeb
01f189d
1dc4b37
011e164
013328b
1c36952
03a4807
1d73da7
0182aee
1f3b4ed
01437e4
01ed8b8
00fd46b
1f91e40
1c7e959
028cff0
1eb95aa
00aa5af
1f4970a
02f6281
1f492fc
0393563
1e9790f
1c66d3b
02ac00c
0022811
1c3a5db
01f6625
1d57002
006cb37
0301441
1c1dd4d
1f9f3aa
0077427
0292a4c
1e1cca7
1e5c81b
1c6275a
1c9498d
012f68c
1fd1023
0042fc6
1d9c499
02c6c50
1c1243b
1e06524
0305861
0137c62
1f91a98
033ca47
02a97c9
1eb36e1
02b6c1b
0101140
1ee3ceb
1e1667d
1d9a231
1e04dd9
1dd3b02
1fb0f30
1e516f5
01ab754
1f9fd27
0151976
0376719
00e967a
010c015
1c27a17
1da8c48
1c667cc
0139609
0159bad
0279742
1dc46d4
03dac9f
1ebcaee
014f495
03edf41
03dbc30
1c9ca1f
1f16f8b
1e8f73e
033bcbb
1dbd4f8
006774e
1c33f03
1c5dffb
020e050
1f35cdb
009fb06
1e41296
1e69c17
009c69c
1efbc70
1d237d2
014c3dd
00e1881
02ea94a
1e159d1
1cef602
0365288
1e494a3
03075a3
1decbf8
023296c
1ca3190
02fc5e2
1dbf607
1d4ff19
03828f7
019e1c1
1c5ae1c
1ce2700
03ea811
03534f3
03f2244
1eb3ea3
1f9aeec
030e75d
0201692
01e712b
03eba04
0225bc7
1f9f387
03531c2
1cecf70
1c04bb5
1fec657
1f62175
1c832ce
01d89c1
02ddcac
0136f64
1ed3b2c
1c992d1
1ec54c3
1f411c6
02285b8
1f53ff4
02ddb16
029c632
1c69042
0370424
1e68d89
1fa8f7b
1ca9813
01094b7
0106c84
1d31889
03b193e
1f3f327
1f42910
1ccc650
1d20442
1c8a58f
1fd9aa1
0276cee
1e0f388
03832cd
009c005
1f544d6
01fce2a
1d97dd9
1ed505d
0394877
0227f27
000d305
03847d4
01d3242
0146a81
024cbd4
038a7c7
1e1f894
031c195
1f11ddc
01c8565
004d460
03f3344
1e8adc7
0296284
030ceee
03a9572
03db897
1c0ee38
1ed61ab
1c6e233
019a29e
1d5a7f5
035b5f2
1e8b49d
1c54dd7
1e81808
1f34e75
00b4400
1e22eba
1dc5870
1c4384b
1fad2c0
1d348ee
1c7dcd7
1eea698
00efdc4
1c0c1ea
1c9abad
022ebf7
1f0805c
016c494
0232bcd
00d9a88
1c52a17
0388683
0032add
1cf841a
1cd8e58
00251a9
1c9b743
1e93c89
023fa41
1cdb6cf
1c9787a
009bf2f
02f739c
00e89bf
00915f8
027b42e
009e1b5
1c9b986
1d45c7f
006f8f3
1cc37d2
1ff6709
03f6476
01ef994
02abae9
1c0873b
015c679
01dcf1c
02fabce
011fac7
1e07d41
1c0068d
1cedde1
002c091
1f70790
1e64655
1d39e64
029c4a7
1d8e1e9
1e6c6ad
1f8b869
0316bf8
1ed4a9c
1d2755b
1ed2058
031f0b1
0329510
1d738c9
029527e
1f9dc72
1ff870c
1c5717a
0213536
1c5670d
01f72fd
1e690b5
1c446ce
1c4d2c8
01e5ea8
026c56d
1dd80b6
1e134a9
016e3f8
0128aaa
1dd5c1b
01b4688
02d1a22
1d374e8
016d4d5
0202a83
013a95c
1f42e44
1e74079
0113340
01b34fa
1dc0953
022ca50
03b5c32
1c861ed
1cbb972
02a572f
1eb0a3d
002633d
1d8a0c0
00fc3e5
0229d99
1fd7fe7
1de939d
1fd64a2
1ef20d0
034d01c
01122b4
0257ce3
03d6553
03b05b5
1fe7e97
1c83169
1f4e543
1e8b551
00e37ea
1dd7857
0340aa2
1f9c098
03dce5e
1e49911
01312fd
025045e
031161d
1cf1466
0131651
1e2febe
00794be
006de7d
1c5cd5b
1c8d561
1eb5857
1ec09da
1e1c8d8
03226dc
0268449
0362e9a
1f9bdfe
006ef50
1e054a2
0281424
02b658c
01cfbb9
1c93c62
017e353
01104bd
033e77f
1f81806
02a86c8
1dfd9aa
02fd3c3
1fe2d15
1feb507
1f0a88c
02929d7
00135a3
0012d49
1ce91fe
1db198c
02fc276
1e07722
1cb4d58
1e8be63
1f2dc30
035e10d
02cf40b
1ec1c22
1d65375
1ea2729
1d6c38c
1f70843
03c8188
1d1a8dc
1cf5ab2
1e1953f
1e0d4f3
0075670
03df5c5
1f65120
1c483a7
03fab46
1cdf536
01bd391
1d2ccf4
1d5acfe
1d63f16
014e341
1dd1559
1ceb9c7
033bcb8
1c2c9d0
1f45253
1d3a32e
1c555b3
01ba061
1f7654b
0389c79
1df3314
03892a5
03a0c57
1e46fad
1fcb0ea
0182223
036cbd1
1c08612
032bf17
0375058
1e17066
1de5840
0298a32
1e22c5c
1ee1c7d
1fa4c4c
0283b9d
020a495
1f543f5
011f0fe
01b4cdd
017dd28
1c9bd32
1ec0954
026bd20
1c22eb3
01049b4
1c9dbce
1e1efe8
01325aa
030545f
00de75f
1c32338
02d9620
1cd9f96
1e59437
027664d
1f6e9cf
1f82602
1d1f601
1d82c4b
1c634a3
1cfde99
1c3af78
1fe7d86
01d7323
1c3d486
1f32f82
1fa764c
1db0f12
1da5333
01dd46d
03c21b4
01c1bf7
1f2c051
02e9140
026d918
0395be0
1eb3f88
1e8c51f
1f5ef64
016ffc4
1fad790
1db3309
0312b82
1cca088
0233f83
01734fb
01e4dcb
0098ab8
02b3127
1d994b4
1fc35a8
02a4a31
0224cb2
02b3e1d
02b692d
0034c29
004d89a
1d09ee2
03b675d
03f9840
036a023
1de4c56
00bb8cd
02d954d
01c1899
02a126a
1f20876
01ad612
00200a3
03e8389
1d8f004
02cfa2c
1d311bf
011b1f7
02810af
025de2b
01788ff
1e4d651
0320db0
1db5bfe
1d1c88b
00e46f4
1f424df
1c8675d
0370654
1c30e37
1ea8735
03e9cd7
01be2c8
1c4964f
1e91380
1f96533
0379334
1ce13f4
1ff2de6
023a1a5
1e6cb77
016392e
02d81b8
1c02258
1f3b9c5
1c9d135
0183cd9
1ccdba8
1f37935
02ff887
1e0388c
01e4200
0263c98
1c68f8e
1d0936e
1cc233b
1da9cfe
1fdb731
0166d0b
01c970a
028bece
03943b9
1d5778c
0078975
00976f9
0339ca0
017de1e
1ff86be
1d2c251
0001d66
1dc38c1
021a606
03bb084
0190bf0
1d28e1d
1f8907b
1e0eba1
035c149
1d8429c
02d05b2
01ae643
0334165
03baf17
1ff680d
03c7478
1c065cc
1cbe7e5
03605c3
02317ff
000345a
035f20b
00d4799
1d03e2f
1f06a07
1d9eaa8
1f1a453
015bc8d
1cebbb2
1c0fcd9
01d4782
0394dd3
1f17ffa
027044e
1fe5d83
03b0425
1f63654
1c31cec
1ee1590
032e8fe
1cb0a4d
00eeda9
1e6f2f9
1c4056f
1f9c805
1c62b64
1e01f7f
01914b7
1e614c1
025a1f2
01c91de
1d4c5a8
02bc253
1ef32a1
1cc6e6a
1c27d07
0050d82
1cb5eb1
012849b
1e03fcb
01dc4f8
03c8219
1f8e55b
024e012
034f74b
1feae63
02cc012
0352d5f
03805f7
1e7b770
03683d5
0047e2e
00897fc
02bc99f
00d1fd0
0210326
0204516
0127d74
025c67e
02023f8
1fc91c3
0383382
008e35c
00b0654
01a04f2
1d5c5e1
035fc89
1df5860
012de07
1e9fda7
0321474
1f9a910
1d0eb90
03c2ad3
1d1ca27
1fe40f4
0242fa6
0094ed1
1f95c03
02bab6e
1cb27bc
00452e0
1dbb12f
0346a2c
01a3555
0045766
03c7587
1d206b6
02394c3
0365e4e
02ff30a
0290f1f
1d322c8
1d44287
1fe4409
1d21ef0
01f86c4
1dd2323
1e79f97
1ed5aa5
00c1d5c
1fd8faa
1cecca9
1f92502
1c3e3de
1f04884
1d42c15
0360d38
1fe2bbb
030a844
0195c57
0337d59
1eee5e7
1d8d67d
036f922
1dc8f38
1c017e1
1f6a166
0314e87
020181e
1f7495d
1d49557
026e4f5
1f7022a
1f93feb
009d0cf
1cefc36
03ff549
1e0a710
1d4c477
1ec446d
00e9265
1fc7768
1de7347
1ce0b6e
1eb03db
1c5f648
0205754
1e4efa6
02abb15
1dda954
034f4f9
03b3049
016360b
1eb866b
03c2e47
01269e0
1e4979a
1d564b5
01861dd
0244ff5
1cac1dc
009f984
1c90668
1ffa12f
1d7d295
1c2ab93
1ce7eb7
0000aad
022eb34
1f6116a
1e4af3c
1f0dc7a
00510fe
00d4d94
1f0b81a
1e6a5d3
1ec9dd0
0304d95
003593e
038fdb3
1e26c56
1f2ec9a
1cb4236
1f2f1fb
1c5c46b
00c8411
0164226
033db03
02d9dbe
001c4bd
023ca8d
1e99fde
1f5065b
015b513
02b2cdd
1cb0745
1f124d4
1dc09dc
012f047
1c9962c
0321a63
1df8db7
000eddd
1c5a065
0176bf4
02da4be
0072547
0251155
1fcc57b
1ef817b
1f3d2dc
1fb4bc0
1cf35f6
1e1432f
1d27cb3
1f38e24
1d699db
026431a
1e0cce6
1c45238
02208d6
038ded6
1db68d2
000794f
025bc54
0198239
0204fbf
1ef079e
0148516
0195db0
1dd6eeb
1f08170
1f5aa28
1fe0c78
0220334
022642b
030b3e8
1cc30fa
1db7d4e
1f930b8
019ea0b
1eea12f
1f828cd
1e6562b
001a6bb
1c62bd7
1d576ec
1c93978
021843a
1e6258f
1e3d784
0129d7e
000462d
1e44943
02a5c27
1fcc9d4
032b83c
035824a
1fd734a
002dafe
00ec9e1
000afa1
1c6c2ce
00f213c
03f5fdc
1f2044c
03ab006
00b53f3
1f7aac4
1f213cf
02afd61
00038b2
1cef77e
03d70d0
02c088f
01ce9d4
1f07141
02338d2
01aaafd
1cee21f
02f4f0c
007884d
03a3a5d
03a4a68
1f7952f
03b0510
0066a1f
1c7df42
0021203
0211388
1f397ff
01d9038
1f5fc1f
03da599
012e466
031c662
0178a13
1c63d7b
1fb8d1c
1ea711e
1c25f5e
025eb86
00c2cc3
0343beb
1e54fcb
1c0c5b7
0103d81
1cc90ac
1fe027b
025db71
03a579b
01f0240
1c9770e
1ff92a5
03e974f
1d76c8e
1ce117c
03f5d8e
025628e
015cf43
033f24f
1fa5cde
1e16667
0027540
0237e09
01df3f6
02b8739
1e76c43
1dbe5b3
1f7df99
1f1aa05
022bc7a
1edd413
00ef919
0301123
03c21a5
1c58f99
0146fe6
1c93aed
1fd57bd
0170e85
005ad44
1f62732
000566f
00eccaf
1fa7896
1c69cef
1fd21b5
012d40f
00dbf6e
01c4d74
03e0666
0197527
1e08bfe
032e603
1e85db8
00aee4a
02e979a
1ddb004
1ce370e
1e7c841
000d112
033bc5e
1f9f0b9
018d164
01e36de
023e331
1d9d5d3
1deeceb
1f0d705
1c8b89b
1efd1ce
005f337
1e9e10b
00488ee
1e7f1ef
1f920f0
1f6cbf6
1f93ac5
1e7372b
03ddd0b
1e525b6
1df81f7
01fd588
1d223f5
010d0b9
1cdd424
1ee22b5
1f7f387
01754d2
01c1494
010c0bd
1c3c3e8
1eb1bd5
1e4164f
0027adb
0146a74
007c820
003087e
01fd636
1cd3c3c
1c1a4d7
03275bf
0398edd
00fc7c0
1d437aa
1ee309f
03fa3fd
033b355
1d3b1cb
1ef9e7b
02efdb8
1c9c7aa
1c9289c
1c5a726
1de3f1f
00f470e
1cf20f0
1e872d2
0018102
018daf4
1e1545f
01488e4
005dc50
012a1b3
010e859
0360c56
01ef7fe
1f87c92
1eb274a
03e4eb6
1e6b5af
1e93337
020a62f
00eb0a2
1d188e8
020c1d9
03d5252
0219551
1d9ec81
1f7b5c6
01b9889
1c1c08a
1f540d7
1c5d982
1da0f15
01c1588
014e971
1e6dab4
000ec4e
1f6b531
1ff6d63
1c2b7bb
028fd6d
1e7881f
1f08cc9
1f73a39
1d23e73
02a31d7
1d52ff6
1dfde95
1db6d5a
1d50a04
1fa7cb9
1f36ed6
1f0b67d
1f113f7
01b17e6
00a36dd
0153874
1f0839d
001c33d
1cd8925
1fbf9bb
001f7b8
03de173
005f0bd
1cf185b
03cd03f
1da2ee0
006b4b3
1cf553d
03dff92
1e99b6f
1f2a807
018e596
1cc7a03
1d45d3f
1c9bf9c
02e6251
1e2541e
022ad22
0122ccb
007d8d0
017bcdb
0078339
1c02e4c
0008cfe
030f433
1ff2f78
1c2a5d0
02f0aec
037da4f
00ab560
0151c74
1e27b7c
1ffedf2
1f3351f
0100c54
1c88ddc
1c3bf7c
1e09db0
023aba1
1ecabed
0129c44
1fa44f7
00bfa2f
00873dd
1f1f143
1ec52be
1f695c6
033d50e
028134b
01fae49
1fd6e7f
1e49b46
1df551b
1cde18b
1d48c14
03bcb91
00809b1
1f2b673
1e03238
01a1bcd
02db688
01ef14d
03f4b7e
1d8e379
1c5c38a
02203e1
1c6c9f1
1f42966
03a94b9
03e68a5
039fc85
005107e
1cac8b2
1efb927
0090cda
031b93c
1e18833
013963b
1c14dc0
0236cdf
024f508
03b17bb
1f215ca
1e25879
0165295
0324039
02c0270
1febe53
0174fcf
1ebc87e
1dd9921
03b6297
031118b
1c693d6
0362ca2
1fdc0a0
00b7f12
1c2f681
0396314
0249888
1e011b6
0082856
02eded1
02f6a04
1e5a7be
1c719fd
01f2b93
022c9fa
039746b
00b76ac
1e39734
1cec568
017f04d
1e3d8ad
1cca4f3
1fcc9ea
000495b
1da84b1
1cb2c5c
01d7a15
1fbf860
0285f2f
1d51b52
1d28c38
1c21230
1f9180d
1cfbd24
1e540b0
1c6d4e9
1ffccf2
1c321f8
003bbcf
027f739
036c005
03bb2cf
01c6d82
0043ef6
1f443f6
1d838b9
00acb96
01e1e4f
1c3df9e
1ed7f56
036f75b
009d941
0318270
1d4b0b0
1dbd0b4
02cd744
1d44dbe
0278c1d
1d361f7
1f78824
1d5caf0
1d893f7
1fb5417
1cde7cf
1c89d2b
011bff7
1fe7429
1ecdd85
1e1ef14
1fbe7d4
1e022bf
1c9704e
1c56325
1f033aa
1e38303
01205bf
000d42b
1f8f3d6
1ce83c0
1c782e5
1d6acb3
1f1a27e
033d392
0191003
1f63252
021b9eb
1c8aa1d
1e46741
026c51b
015ac10
1ee00e0
013a2c9
0085706
01c298d
0044485
0125d65
1d45fab
1fd717f
1cc7b7f
1c0659a
1d27a15
1df0a11
1f05b2f
0308588
0286291
03a41d3
026dffc
01df799
00e8dab
03fc5ba
032e766
1cec142
03a4f04
00c9890
03851c4
029aa4b
1cdb0d1
0157a95
03ec470
1f664a6
00ff0f7
0381545
033a574
0139050
0095a68
1d2343a
1c26235
1f6529a
1f920ab
1eee441
039716d
0045276
03357a9
1e308ed
1ebc60d
1f48225
1dbde8c
02ff6b0
02667f6
0389ee9
025ebb6
0200239
1cc9306
1fe682c
0120315
02247f7
1d011bc
1d9a808
1ff9789
00ebc21
1d8fb92
1df4088
1f8ffc1
1c25b0c
0072b2f
03bfaf7
00a1065
1d5ded4
01884e8
1ec9326
1e94a69
01b2ed1
0301a9c
0299f3e
1e0c37e
1e7374a
1e87c25
01196db
1ffea59
1f445cc
039e936
1eee77b
02e7e79
004c69d
01110c1
02c8fd2
0330e63
1f385ac
006320a
0086c18
1e819a7
1c66b9a
1e6ec24
1fe8eb5
01bbf8c
03e84a1
1decf8b
1d838b1
0338197
00e312e
1e66abd
1d2aa01
1f53d8f
0141242
00e75c0
1d9a5af
1ff39f5
03faad3
1daff4d
00c71bc
1cd4cbb
00937e4
011af15
1cf306e
035f731
0282125
1f99f8c
1cf7274
038d500
1ec176b
1cc447d
00a1bce
01f271e
1fdfdc0
1c88e76
00f9929
1f00315
03980e4
0071bdd
1ea1426
00e33f9
0263345
1d8ba5f
1ecf3e1
1ca1f3b
014ef36
1ee4796
02bc4f6
00df88b
1da5d7a
00c2948
028007f
1fec701
0332b20
1d2c61d
1f2aa67
1d0b5c1
1f93bba
028862e
1e4c217
1ca42da
1eef668
1cba067
1ca76ba
031dc4b
03d33f2
1def34c
1cf9165
1c6c323
00f21b5
1cb25a3
1e399c5
017c8f7
005626e
1d1095a
1f7baaf
1d6f934
1d6c3e8
1c33dd6
1d2d275
1ec12fc
1d88aad
0181ab5
00e0218
00fd6e8
0387519
0382936
1f25013
1eb1e51
01a5929
1f07750
03fd9c0
03e3bef
1ec3087
1cd612c
01a742d
02d1341
00ad6f0
02358c1
1dc9a44
1e54e9a
1d3cd18
1fa04ab
014bb14
1cf97c6
00b429b
1e85955
1cf3061
01eb84d
0268672
005d53b
03dc94f
01b37e6
02e79d1
0168226
1d7bebb
0159a38
0318e20
012c590
021a824
028a4e9
1dfe557
01ac9c9
1c02cc6
1cde9f3
0333615
1dd5b05
1e799fa
1e6b825
1c38d6b
01b7efd
1e1a2c3
00885d1
00713a5
1e47a8a
1ceb616
1d90e73
1c848b1
1d41876
1c4eca2
036477f
1fadb63
1fb6203
1ec049c
1ee907f
1c710ac
0194e11
1dfc6fe
0108fe5
0281c77
009cb4c
01c0a2d
034a49f
1d576a5
03ac915
1c6d047
1ea88ed
1fe08ab
1e3c318
01036c5
0053db3
1e9511e
1ebf17c
1c38e6a
1f5ba4d
0087c75
03e7e04
005be9b
0310d77
1f39b8e
0192eb2
1ceed46
00f6627
02ac75b
00fda2d
1ecc32d
02f21b7
1c94c97
01e4258
1d3b9e3
00e77be
0111e61
01c178c
01ce08a
03581ec
014ecce
1e37024
0252c6d
00fe234
1c17c20
0272ba2
1e9a42e
015ff1c
1fe18f6
1fbdff2
01060f9
1c6c153
1cc1df6
01916c7
1e85664
1ff8aeb
0264dbe
03e0e97
03b8f3c
1eacf88
1ebbb67
0218208
01d9c4c
1c3801b
0308740
1d14616
01081ff
1c19f0f
1dbede9
00652f9
1cf2d1c
1ebaee3
1fbfeb5
1cd7435
02c9dbf
03b63c5
02a3aa3
00eb91d
1d38566
1ccf45e
03a1892
01c6d7c
03144bd
1c133aa
1d3bc42
1d8d443
021cf8b
0381f05
1d9806a
0249b6f
1dded7a
02589a0
03c036a
01ce3fa
006a548
1dbf481
1e4ba67
1efc8ff
026edd9
03bbcc4
03d51a9
1d1865e
024399a
022f9ad
01d5fd6
00597ea
01f1b38
1c3d0c0
1c4a2ce
009fe40
02b1565
0023a83
1c9e033
1ce31be
1c8228d
022fa9f
0143c0e
03fac4f
1cde91c
0283955
030082a
1d448f8
1e1accf
1e5aa11
00fdb6c
1d80f76
02b33e6
00cbfc0
00620cd
01c9ed5
0302cf4
031c8bf
1c181f0
1d113d0
03a4db1
1df7a1b
1f1c892
020f5c9
1d89aab
00ac872
1cffc99
030bda3
008ec12
00fcadd
017a356
02e0d59
0156107
1df8f14
00f7d41
1cff3c9
015d8d7
1fee1f1
1fb00fd
01213d8
1dd2c55
00894e7
00d9d52
01c8af0
1fe47c3
00a1c48
00b06fd
017d000
1f994b3
1c6c6dd
02f6c33
1fab484
03bf1fa
1e80f3d
1e0543f
1f2bfb7
1d16625
1e67a5a
1e0da2b
1e899b9
02d32bf
1d11830
1c3a23f
00e8a5e
1ce083b
004ffcd
034217b
1d09339
1f67621
1c34dd8
1d15b0a
1fff9cc
00b6ccc
1fa5e84
00c2717
1ccf34e
02dc401
1e77e8b
1dd5873
030efa5
1d49327
011aa83
00aaa59
03ec675
011f7c8
1d059d6
00ff0ce
1f59829
0217ffd
025e3b3
0126171
0355376
0005386
1e2a707
024b447
02be2e9
0188229
1cad088
009bcd6
02b8c6e
02f286a
1d60a14
01ddfed
0057c7d
020e619
1f43b08
1de9548
032f1d4
03c90f9
1e939d1
1e556ed
1f90c27
1f28425
1dbdee4
00fe55a
1d364d3
1ea5960
1cd43b6
1d938c3
1ebd579
1e2747a
1fa2eb7
011136c
0366e95
1df2b19
1fb8e23
1e564cf
01319f2
1f92d20
1ec8d63
1d4efd0
0230743
1c95fb7
1fa9387
00eccd6
1d1ad80
1c7cb09
1c7687f
0397f2a
1f33c88
01a6054
1d257ed
03b0ebe
0045649
023f130
1f52f50
1f0d964
1e7d06f
01a1fb4
1cd4b7e
1e5195f
00bd97f
1cb2057
1d16e1f
1e786a3
1c5dbb0
010df2f
0363935
1c882e5
1f002a2
1f49f39
014e4e1
02ffdf9
1fca523
00a2b26
00d587b
1ec03f3
006c622
1d56106
1e32e76
0295f68
017bdff
03c76ff
1fbd1b0
00490d9
1def3ec
0338165
0315e4c
1c48af4
1f083c3
1fcd0b3
1dbfe43
1d425f0
1d8e0c2
1f83695
1c8313f
03899ff
006c8fc
00df401
02b245f
008bd54
1ced2ee
1f6771b
1e2c6a8
014c041
1fb44dd
1da135b
03f372b
01b8ac2
02a6d33
1ed4486
1c2c0fb
001fd63
03a55ff
1df525c
00bfff6
0298b45
1c16e15
1f46848
1f9d916
1db6de3
0027d97
1d737bc
1e0a1d5
0120ac9
03cc78d
1e475bd
1c60d5a
036f153
01e102c
1e6f6be
0094dd1
1dd211a
02ad455
03d4aa0
1eff55b
038d3d0
026db4c
1eb0859
1e8d0e7
0067f8a
1f97774
1c9664b
1fc3c2e
033950b
1fcff18
019a241
000d235
03c6c3f
1ed87b1
01551a2
1f14c8b
02929d1
00c0966
00984a2
1d43be4
1ed56da
0181976
03ced6e
1ce9755
026f9ab
0185795
1c0eb57
1f3b722
0102f09
1d57bf3
02e1a47
1e934f3
1ea6ac4
0319cc2
01bc818
1e71c67
02733fb
1eaf1e3
00518fd
1fdaa95
1ff6f4d
016c15d
036b4b7
03b55b6
0082fc3
1c646a9
00b46f9
1c53655
1c77a68
1f08d56
1e84ab5
00f5326
01a196f
02c9c67
1f34e7c
00d3025
021938d
1eaea5f
1d3703f
1cd8db2
1ef3210
03a1830
1f8ebc6
03799f4
1eed044
1ce6805
1c58bf1
1ff3922
1e5bb79
1db13ea
1d23b21
0076b5e
0084695
016288a
03f07d5
1e13175
1e086c2
03c98e0
1d461bc
1f56b44
01904fb
1ec01ab
1c4bdc2
1fcb97b
030944c
01077da
1c20b29
1cf58b2
1eaf92e
1f06a1a
1d91706
1ff63c1
0245028
0082d50
1f888dd
1e6ae4b
1f67e80
03e78e2
0192c8b
03423a0
03170c3
0081f42
1fa9cd6
0301708
1fb462e
02a9da5
002f136
1d783e3
1ec3070
1f06e8d
1d67a69
03d0c8d
1c02b6f
1dd46ba
00478c1
0231a79
1d06f3c
028df1f
1d38890
0306073
1d1ef77
1cfa163
1c2ee3b
1ff1f5f
01b4019
00ee46a
00c835c
0357a6b
0082e49
035da92
1c19169
02a69b0
1f90206
1cf7712
1d64c83
1d0a8c8
1dcf1be
01668f1
1e7a308
021f3f8
01ecd1c
1e92935
1cc6a3e
1d92bd9
0323522
1ed0bd1
03cd827
00a8a14
013f018
1f5d134
1f8038b
0286f27
1e8bf2e
1c7ff00
1d72ffa
1dcf242
1f70bc0
02a2d0f
0396d43
004b4a4
1fd73c8
1da18e4
1f2d2d7
01b5dd2
015f851
1f8ada1
1ce14e4
03a7286
015bf89
1f724c0
026dfd3
03b1872
1d95b2f
0202a3c
1f5f77f
1d60030
03e1a62
015a55a
03bd7a2
1ed6a19
1df238d
1cf77f3
1f2d975
1f1c791
1ef6448
036acc0
1cd699b
01a9869
1d3226d
1f55254
00d21e1
019fe87
029c10b
1d513d6
00c5ee8
0053b9f
0205e01
035714f
1fbf70f
1f304a0
0010682
1e99e92
00ae2ab
02e6b5e
1e5742d
1d62d74
00ae557
022e1cd
00b6cce
00365ea
007a0b1
1ce8449
0120f45
1c37e71
1f7f368
1fa4d95
00a421b
0032cac
1e89793
03ae915
1cdb6c0
03e47a4
1ed473c
1e87944
00136e2
02b20da
01e68ca
00513d9
0238aa3
01e47a2
1e3d27d
01146c9
01b1512
00f8d0e
00495dd
1ecf40d
0015cdb
1f00513
1e62865
1fab510
1cc63a2
1e8a444
1f7eac8
02b745c
1f893fd
1e9fb82
1f2ea59
033e1b1
008bab7
021d668
00a9b25
00ba6b5
1e8d0d9
03baa1f
01268bc
1e04d72
01ab2fb
039d7dc
01b5a16
03e07e0
003f3d1
1cf05c7
0321433
1ceccd5
1e1f319
02899ff
1e869cf
03ecc48
1f37411
1c1af26
03af12e
1d6f97e
1d62d3c
1c17fd1
1eca8a5
1d8848f
1de8374
03a7c70
0140fe1
1de1e78
03a3b04
03a4b65
010f111
1f942fd
03d4bc9
015350b
1eb9fc3
0380d63
01bf5c7
03742e1
1fa6f8f
1fc4750
00ef719
1f7872e
02b39a4
1dc4bac
00c8607
1c9b466
03a6339
01437b1
0368989
01eba18
0340979
03f87e6
0203d73
02ebd67
1efdd27
1f50128
1de639c
1c75ae9
1eb822d
0304425
000bdb1
038c54d
1f3d40b
1e16de6
1ec2e8a
1d99705
01148fc
1ebe811
1efdc6d
1dc4933
01a30fc
1e5b410
1d138f6
0314812
1c8ddcc
0341b7b
1c01684
1e0abab
02f5962
1f20d70
0025bb1
019a606
1e0dbb7
1d2ceac
1fac2e7
1e10843
0240ff0
01ddbe2
035ed3d
1d3d825
01bd3af
036a363
00c281e
01cc4c7
1fddb4d
03cb292
1d3537d
01ad8d8
004d006
1d274f5
1e2275c
01438e5
020d9ba
1e64946
1c996bf
0337fde
03c6001
0379990
1deb648
1d071ea
03980ec
1d0979b
1f82f1f
00ab23a
1e928ff
1c47fc9
021b0fc
1d8cb22
01ee82c
1c25671
0307e7d
0328373
03e7345
1f0aa2a
02749af
1c8bda2
02144bf
1c61b2b
1ed1310
00bba94
1d29735
01e8e81
03c8c37
1f4d2f8
0053e37
01bbf21
00482ce
1d18191
1f70930
1f16006
1f7cef2
1f30e4d
012e71c
1d0eaf9
1e7123a
1f9a443
1d1528b
1d55b31
0164850
1fbac0a
1f34a8e
01cc408
02a9eeb
0222e97
1e9d6d4
1efcf0e
1e8b1ab
015a90b
03653c0
1cb44cf
01503d0
1f70be1
01fcd40
1c59350
1d733df
1e48fa5
02c9d4d
1e3fa7f
1ee9299
0091cbf
1c786e6
1ce015e
1dfd9e3
01f8e06
032609e
1d28817
014c40c
019805f
00a1307
01ca6ba
0340880
00fda8e
0276fea
1c0f305
03c920a
1e2b528
1ede0bb
00cc562
001de3b
1d641cf
0117082
03ee5d1
005e287
01ee9a9
1e35fb4
1e8703d
1e4aa7e
1c401cd
02b434f
0039fc0
00c30fe
1fb7aba
1ea734b
019a9ac
1ce332f
1f99b40
03b18b0
1f078de
1c42e63
1e02001
1cbe3ea
1dfbe96
035250c
1ec0f51
1e7021b
01db071
1ef7194
1c50a9b
1ee7fe8
1f27b14
023634f
1fa2586
1c2064c
1db4cc9
01a40d3
00f1d0c
1c38905
0207ae7
00cce17
03fb399
029d320
02a0039
1f8664e
00d58c8
03ed5e5
03631a7
01a124e
1d0c389
1d6f8e4
1db2781
0390772
1f92844
1cbf870
1e1549e
00efb56
03efa5e
1f1965f
0135f39
002aee7
1fcfa61
1cc3861
1c5758c
02ca418
1e6a567
00125eb
1e44c18
00ef07c
001bfa1
1ccbbb1
1e76b22
1d3a6d1
1c95867
1cb8935
03634ee
1c48064
0370585
037676e
1fd8500
0248e4e
1e1c199
1e77f7d
012d19a
00c820d
015f1b5
1f7f124
00e3584
03b118c
005e0ef
1ea8b07
01c7e7e
1d2ba03
1f39aed
1fe4e8c
03d924e
1f02bef
014a273
1e6fb1d
1ff2f8e
1d92b80
02de411
02cbdcb
1eb9296
01c9cae
0042e98
1ffbd03
01ff373
1c52e8a
008b772
036e9e0
00d3e7d
1f20063
03eb80c
1c57b03
1d0980a
039cb2a
1d00337
01516c3
1da64df
1fb0c31
0175d69
1dc5e1b
1d2dbd1
1d40227
1f9418f
0337c66
038c33e
1e05fec
1fff9d6
1de43c6
0365074
1c3ce45
1dfdd30
01a4073
01c7d84
1ec394b
1dd9c9e
1e14652
02a92cd
1fce624
037178b
1cf78d2
1d06620
0169728
1d6d152
1e92315
1fe605a
00e507b
1c59f58
1cbcead
1c2cfd2
1fefc07
0090879
1d35a9f
1f6845a
1f04735
1cb556f
1c2ca15
1d37075
01a5bc0
005d516
1d458f1
026cd10
00f79a9
025be75
014a223
1d9be0f
02bd6af
0355580
1ec280a
1ef4f94
1c6abed
1f020e0
00edd39
1cc931b
1d8af3e
01682ba
1fa125c
009af1a
02774df
1e1179f
1dcee5b
1e871ce
008522c
00f523c
037fda6
1ecc34a
1fb1467
02844c5
1eaa795
001a173
1e13f0c
1df8a4b
1e6af5e
03e907e
0150086
1ebaa4c
02ad0d4
1f9dbae
0119e7b
1f2c2ba
03a5206
0200413
1e51abc
1c480bf
1e651cc
036535f
0029ac5
020e154
1e3029b
0057202
027cdca
1f04190
00ddc85
1cd5434
0066527
02680fb
1ce0239
1c59dcd
1f09495
0295ab6
02f937a
03b70da
02e2646
1f48c18
1d94b53
003cdd3
0371b73
1d36d2e
039313a
0046313
1f70877
1e5fa13
1f0a941
1c80d40
1c0f69b
03b5cfa
1ffe4ed
0019077
1eef25c
00a0e47
1d34e76
03de35e
0121ac4
1df511d
02e13e4
1e5dad5
011fd17
1d77715
029266d
031ba35
1f52ee8
1f5142d
1ff27ae
1f07f40
014b949
006685e
0205447
1db78f4
02ce105
1e198f1
1f98325
01da064
1ccf6b5
1fbde3a
1e107dd
1dabcfa
02b1682
027277e
1fe0dad
01c57f5
0000d50
1d59806
00a9bbf
1f98df7
1f6a0f1
1e969bb
02008de
0295690
01ea0fa
01dbb52
03c3ac7
1dce344
0096492
0154673
01663b2
028cdb4
03c9e8e
039b5e6
1ddb3c9
1cb34d5
01b0a41
1f49819
1ee8e03
1efea53
1f24333
02d09f8
1c6c97a
1d20a24
1e6486e
1c8ed36
00f3647
0225ec4
010dd5c
005c8a6
1fb9f60
015dcdc
018cb8b
0179d6f
1ff283a
006a9f2
1ce5424
1e2ef3c
1e1096a
1c01caf
1c43987
0172e52
028c2fc
032b857
039aa7d
0026eca
1e29250
1f7549b
1ed2f72
1d5d34f
1f14c9b
03af30e
1c508a6
00320f5
1ed8064
1e181ee
0254fa5
00af88c
0015f03
1ed803b
0297e1a
1d82de4
0202a94
01d50c7
1c34fc0
1fcf8a3
1e87eb7
01e7950
0152777
1d86a9d
024bad2
1eaf017
00a75a9
1c82e1d
1f1c735
03660c8
003a787
02fe15d
029c745
03b7797
004b20a
0253288
1d029c7
1e98111
036578d
1cd2e21
1f16ebf
0362b11
013b4ac
01e1981
1d5584c
1d3353e
1c35c48
1d59498
1d5f107
010d454
1dfa355
0263f16
1c4be1c
01e86b7
01113e4
013e8c6
02b2dcf
0028404
03064e7
1d6907e
1d42924
1e4da69
1f3bd6d
003c5e9
002b11a
0044c3c
1eaf285
02a5cfc
1c0ef53
1d21c89
0121bb5
1ef2a1d
00480dd
02ce4a6
1d51779
014f7d6
1dbf44d
023b0c0
1e4f15b
0316a93
1cc7d07
1c3cae0
1f80e35
1ebdb93
023510e
1dc66d1
003423e
03e9edd
032aa2c
018376c
02d4e4e
014be1d
1c93fad
1ef8dc0
1dd76cf
02bf1b3
1eeb7ab
02e2613
1d8dc95
03c88ce
02961ed
03e8bf5
1de8b36
007d8f4
1d748f6
1f3909a
1d66237
03e5acd
1e53ecd
01f8dc9
1e5c2a6
03e5c21
1ff0fd7
038eab2
02d5937
1c5c74f
1c16cee
033e199
004afec
1c824a4
01520fd
035c0eb
1fde056
1e64714
005ce96
1dbecbe
003c6e7
1cad751
0215347
002d3e3
1f28573
1d274a9
03b6a79
1cdbca8
000306b
1db955c
0001556
0219a52
01627b1
1e7f87e
1ffdb2b
03bda28
1e5f119
1ccbbe3
1e145d6
1daf983
1fa14bd
0217257
1e68926
1e9d802
1ee14a6
1f10a03
1e90a40
1d94f49
011281c
034546c
00faf3f
1ce792c
02283da
016e56e
1fea7f8
032eb6a
0182bae
1d91e7b
1ff7f88
00480aa
039d729
0170218
1d47834
1c5b54a
00f890a
01a3459
0093d8b
1f37f94
0377b83
1cc9192
1c84dfe
00c28d3
1d95fd4
01781a5
1dfe32a
1f7eedb
1dda985
1e8baf0
1cdfb15
1da6a12
1d999ad
01cdbd1
01fac27
1ddf47c
037583a
1ed91e0
1f4cced
1c02198
1fb5e2e
0371c65
1dd908d
00bd238
00c61a2
1eb685f
02c59a9
032b523
01b32ec
1da8ca8
00652ee
036bc45
1eae796
0299cbf
02d1241
002dc2d
1d3ef74
00ed536
020b2c9
1eb3a64
1fbe89c
1dae2db
0314f01
1cfce7a
1c15a25
008453f
1cabc0b
1f8131f
013cb5d
015cc33
1ffb88b
001ae3b
1e2b69f
1f4aa86
1e5277b
0110ca6
1d2f49c
015a016
1c7ee59
1e8ac74
1dedcdc
1cc86b1
010cf61
1d4666b
1d4b09b
1f0bc8c
014c950
029db07
02ce31a
1df1f23
1d55e3e
01f3e93
01c5938
033db72
1d30c91
1d7ac61
1f257f4
1c7f58d
1d04a0c
1ccd527
00ba19d
02ad697
00cacd1
0341fa3
0004b30
0221a50
1c35e2a
0010160
1d1b5a7
1f636d6
1d8da02
1c50ed9
1d77b90
1d09d88
0388630
1fd96f7
0139c5d
1c4e12f
1e7ff75
1f0b226
1e8c6a8
1ca9832
1de04ff
1d06d0b
1ef2682
0320e43
00fa6d1
1e25fd1
1c1e47d
013ec42
0074922
03c81b6
03f789c
0057751
03c46bf
0358920
0251604
008f532
1d3422f
01014ac
02896d2
0376717
1f93881
1d132bf
02c566d
001b6ad
01cd6d2
01589fc
1fde4c9
031e8f5
1c066b6
016b2e5
1c68558
000d2ba
1d8d1ed
1dd1557
1dab539
01bc44a
01bb3d8
1e1b6a9
1cc5feb
1ca28cb
007618f
1d15137
0292065
1e204e9
00427da
1f0f7cc
1c62495
1e935fe
01fcfb7
1c4035a
1eebb77
0195871
0012919
0346f83
01cc286
1f03cbe
1e32edb
1eadee3
1eb1a6c
1f8c5a5
004b671
1fbf4e3
03ea41e
1ea1799
1ea5e30
1c2307e
004e195
0162acf
1eccabf
1dd32e3
1f7363f
1dc57f2
1e756ab
016c0d0
022d6fa
00360ee
1d8e564
00e0492
1de6a21
1d8fdc0
03d3cf7
1e178dc
02a864e
1fa23a9
002cef4
03bd207
1f48570
01bb818
01a33da
037cf41
1d5e375
1f91507
1f22e4b
1d98e91
037b89c
0031657
01eba8e
0236d98
1c92486
1e636cd
006ea40
030d33a
004b0a2
01eed44
0349c55
1e44aea
02d034b
03b1fa8
1d4505d
019844b
1e98b58
00f7940
1fac7d3
1d1ecd5
0235533
1d14065
03f15f9
1c3e094
01352a0
1e6e560
1fd48ac
1e25809
1e916b6
02f19e8
03e9bb7
1e717fd
1c81046
03f9ff2
1e934dd
016fa62
1c21dcd
1e90c01
0114b80
1d0ef7a
01cf14d
0298d42
0186e1c
1c63b44
1e5b126
1d0b55c
1cefe6f
0348360
1ee7c40
1eb2351
1e4fc74
1ec7c6d
0240ad6
02112e5
1d78135
1e1dc01
03df69a
02c574d
0295edc
007ca30
03eb244
1f931a1
1e2687d
03a2a50
1c1035e
1e69678
007229c
01811bf
1cc6aba
0160c79
1e3697d
1fde258
02e322d
1df4deb
1d6bb6e
02d4f90
039cdc1
1dc9278
1e04853
1c944e6
1e13c12
02b57e9
1e969c1
1d0359e
00800ac
1d8b409
012d694
1d16e69
03490a1
029b0f8
1c8ab0d
024f749
020b2c0
1d271f2
1da9125
1f8d294
1fcb5d0
00c6174
01f27ce
01bda44
1c77c42
1d1497f
01a12c4
019fa86
1d0968c
1db885f
1fdd267
1fd9942
0080b80
014be3d
025d040
1d92c0a
02d084d
02a6a5f
1f171c0
1c17a7f
1cc89bc
02eaacc
00f60c3
02451be
1c71825
1fab5b5
1dddbbe
1e91af4
1e3f8ab
1eed0ae
1ef41ca
1e57509
1d7bbd1
1e9d4a1
1c99ad1
1e48c25
1fb49fc
1cf6797
1dfc6f4
03f65b5
00093a9
1dfcb57
0030f48
03a6e10
0371b84
1fae914
1cfc58a
1e888c0
027f33e
00a7b80
1f4186b
0110322
02387b9
03fe8e0
001878e
0137a79
1f73428
0232dbe
1e26218
03c4367
0312f42
030af9a
01456ed
010d6ac
1e85196
1ffd0eb
014f534
1fee9b2
1fbe480
009a84f
02b372b
0295d81
012c533
1c6491e
0178eae
1d3885e
03a7f8d
012c783
0205472
1dbdec8
02c55fe
1e67d5d
038b449
006d8c4
1f6c511
0364fd6
01179e2
1dd6b09
1f19c6b
1cc9b2a
028ac4b
011f46b
1e06d2d
031fc09
1f352ac
1e22eb1
039d0f0
1d82273
1f495e0
03793d7
1d77085
1c21539
1c5d608
1f70a75
1fca746
02e55b7
0132641
000acfb
024882d
1f34d58
1c67fa8
03b574b
1d98e30
02bc5db
1e8d4ce
02788d0
1dafecb
00511d5
1d8cc0a
1dc6743
1de692a
01a9151
00e920d
00ce676
1e6e682
03de124
00aa57c
01753ee
013f76e
1d8cbcc
1e7833b
029f074
00212df
02e3426
1ffcb06
1d14f43
1d7695b
1dc278c
1dee27f
0035dae
03ec2ee
1fa25d1
03b2fe0
1f9a229
1d93684
1c92089
1c2cf0c
00a615a
03ecddf
1f7b9d8
1d741fa
0200b20
03e6254
038465b
0255661
0305da0
1fe2352
0321823
024f333
1f42da4
01d9751
0130027
0164759
00c2ded
1e09e8e
0117c5d
02f630f
1e7865a
1dc839a
1fdc0d2
02a432c
1d58ae6
00a76c2
1eb44d6
1f695a0
01bad80
02a5fad
1c86a59
1f5619a
1fc85a5
03ca660
033146d
1cb96a3
1ff437d
0085670
1c69584
1dfd9c4
01b53e8
1f55ff1
0176c05
1d5b739
1daefd0
1f84480
1edaca6
1c5062b
1f9e791
1e06b38
023fa9c
0284a55
1d643e9
0042f46
1e3b959
017e056
02228c3
1f75b06
00be0d1
00d30b8
1da0a10
02361a9
0151a50
1ebf777
1e060c3
1fced75
1d436ed
1ec2bbb
1ce3980
00257eb
1ed6622
1d4ba71
1f880db
1c3a947
031baf6
03dee59
031291a
1d39318
1db1075
1e284b4
1ea688c
0313469
1cbeac4
02f5a3e
03abdb3
00690a2
0201fb6
1e1aead
0237cd0
03fc5a8
1e2fa22
1ebe7fe
1c248cf
032f1b1
1c37d32
0301afb
00a51ca
00565c5
0141271
1cc9cb8
1eab8b6
1fb68a4
00d37ed
1e63382
1d1fc44
1e77546
03f012f
1e629d3
1c19dfa
1d6e808
00314c3
1dffbeb
1d4c7e9
02b63f3
023903b
0104353
003c6f2
1f3bd68
03e769e
1e24b84
1d6a202
1e23a9e
005742c
03569c5
00f3d75
026a9cd
02c2365
1ca5faa
1ed262b
00f4b42
1c96cf9
0335028
1e933d7
00435a9
1c243dd
010c805
1d447c2
1ef89cd
1df8ea8
1e4a441
1f0e4e4
03ae1ae
0128fef
1d66e28
1c9e91a
031c0dc
1d806ad
1e43801
0343d98
1e09627
1d8367c
1cc720a
1c6483e
1c7e1c7
03da2f2
1d27655
0312be6
1f68614
000135d
1ff2405
1fdde25
1e5988a
1ec78b9
03b3dfc
01c351f
1fa3d2d
1ef8ddb
03ece4f
02aeb7c
02c1a06
1dd2864
1dfbf23
017fb55
1ea55f1
1f228b6
1fc4f3b
1d24871
02aad19
1c2cff5
1fd6e20
00cf66f
1eba00d
0353bc8
1faddda
03f9990
1c3b21d
1f01637
1f16dbe
00e719e
0112841
1c535f7
027bf97
02a9204
1d38678
1e917d5
1cd8030
1f1f8ed
0102c23
1c4929c
1db7286
1ecbf85
02ba211
0033457
01540d5
004c853
1e7fb17
1cb91c0
0009ace
02c0110
00a0cc2
020359a
1ede85a
1c67f7a
0302fc6
1e3d34e
00c3908
1cd5533
1fe3bff
1ee080e
03573dd
1f12235
1e1bdcc
1d0cb2b
0308445
025095b
03ec8a3
018e06d
1e3a54c
1d2d02f
1d281c7
01a6add
0225c28
0104a32
01b8490
1fc6dac
01a9a6f
1d03da2
1da6f7c
01df13d
1c74108
1d2a9be
1fbf0fc
1dbe616
1d28bec
02e0e39
1c92712
00dae94
03ce07b
1c19b82
00ded9e
0217e8c
1d1f3c0
1c9e7eb
00a17c5
1f2702c
1d8988b
1cd5b63
030bb10
1d1c439
1c3b1d1
0242653
1c1ab87
1e9912f
02fd242
02eadce
0070e4b
0219efa
02e5e6a
1e0e6cd
1cbfbef
0042558
1e19c8f
1cac5cd
1fd62d6
1c27b68
03f347c
1f93f3d
01f06bc
1d082b5
1c323f9
0321826
03f1a30
1e4e46d
03dad68
0136dce
018fcad
0341b2a
1d97ac7
1c126ac
1def024
03be98b
1e2b6e6
1e96a4e
1e57953
0247ef9
032005b
1da2575
1eff9c2
0257204
1ff5f84
00b9d62
02fe8a1
023ca92
0388fad
02a731b
02732a6
1df176c
1e12caa
0379e2a
0039031
0359173
1d248cd
1d30954
038f344
1cef32d
02e2c0b
00280ab
1f8b3e1
005f8d0
0155c8b
032c29e
1cc4216
1d9184f
1e8d212
01b6536
1ded65e
01fae6a
02471bc
00738ad
1c66d3f
033f8db
039ab2e
03ceac3
014839f
01c2044
02ff60c
024f81a
1f37a85
1c8dd83
1de481d
1fc9c17
1d86f15
1f84569
0296c45
1d57da2
03a6cda
037a598
1da71d7
02d45bd
1c64a55
1e9b786
1de8817
1f7c20b
03b2bbd
03c8a14
1d8a354
0051d80
1f2030d
00ad8c7
01927d9
03d6ae6
1fc9c9d
00b634b
02312af
02c2307
0228e54
1d004f8
020f023
1d2be2e
1f303ed
03e3f70
1d06c30
1eec825
1e4f355
00257ce
1d74237
1de7fd0
1cb7515
1e1ca7b
1e802c7
03625eb
018fe01
0094aff
03563ae
1fb16d5
1da2359
017c8ee
00ce2aa
033f8c6
0329b8e
1eb4c1c
1fe38f6
1df57a5
1f2b49e
01a9b2a
026c078
01cc3b3
1fed375
1d7b36f
02c9e9a
1d3fdda
0170866
032953b
014ceda
0261de0
1d4058d
1c62246
1f839ab
02ff43b
1f9286b
1ddd127
1fc96a3
1db5290
02b4e0e
1f2fb45
03a7458
01efc6d
0240543
1d82712
0380b06
1c3d101
1d4679f
00191e6
029cf29
01652cc
03d3d57
002e6ff
03604d4
1d93ce1
0273c6a
1e866e4
1e435d1
0114b04
033f199
03af611
1c372f6
01dae05
02ea44b
03818ac
1e26eaa
1dce0f9
1e41148
00fefbb
1c921e5
009d1cd
1ecfbbf
01a7559
03f5322
013d5dc
1f099f5
0142d16
1c12080
1d348aa
006693c
0353fa5
02c6435
1f104f0
004ea1c
013c630
1d825eb
020f92a
005802b
1f67791
009b090
01eaadb
1f75149
1dc292e
1d95bca
02ea9e7
1eac452
0382698
03ff0bc
002f555
1c43c74
031d599
021d217
1eca2e9
1f408ea
03fb1ee
1c7a798
02c31f4
1e10d6c
001b454
01789ed
00d2b32
0220e79
0257dec
03ba432
03e0f38
1e99b7b
00370e5
03e98a5
1fea9fe
01dd237
1ddee80
032b80f
0273282
0299461
1d072cb
1d679e0
1d060c6
1fcce63
02dade4
1e8de96
1cb6231
1ec9e08
1cb36d2
01f3284
03e3e53
0078249
03d12d1
1fd9a7a
02b0528
1fb212a
0256b68
1c36be0
1cab07d
1ef932f
1cd0061
1fd2b3c
00286f6
00d008e
00a2c18
1f3c9e3
020e3cb
02c0f7f
0167fad
0243ea2
01c6bdd
1ecb037
02ae45f
00ad585
03a697a
0026221
039cdad
1f046be
021bcaf
1e68864
0262dfc
1ff5a43
01e6eaa
1da787a
0246d19
0155a39
033babd
1c9a5d4
013219b
0258e2f
023d417
1c0855f
00d0b76
1e3054c
1c8408b
1ce11fc
013c8bd
1f3c2b7
016c020
007c0dc
1caf419
1c8d644
1facb3a
1ef17dd
00dfc86
014c6e8
1ff5b4c
1c6e554
0398215
016ec5b
03100cd
1f80e8a
01ab5f9
1e81951
007da72
1e4b326
1c10567
0290080
03a2113
0230bd1
00403d5
0078ff2
1d70992
1d08129
1f1e8bd
03a8183
1f2dcbe
1c655ce
005df83
03f9bec
1e76bd0
1debbce
1ce3c46
0082fe3
0048d5b
0319212
0323608
1d02965
1e2ab76
1d8666a
037e8af
1ce4e76
015a6ac
02adc49
01155b1
1de44b4
1e6c6d3
01df0c1
01795a1
1d6612d
1e0c0d8
0196cc5
1c8c185
0256ec8
004ff41
00bc03c
0058df4
1f726e8
1d3e99e
0290083
00ca735
1e50481
1e3efe2
02b97da
024edde
00c2d5a
1ee6d98
03b43ee
03dd6f8
1f01867
0126df2
1da577a
1edba81
1c97db5
009b9ad
018492e
1f02a6c
0006e0d
1db32b9
1f5d1ed
0049c6b
1e7e799
1fda4b1
00784c5
1fd7f1a
1fb403d
1c0cb2d
1dbf03c
1c7dd4b
1eedd82
03289b7
03b05a6
0142ff9
0012e5b
022a392
008ea00
1d1f806
1c0b34b
1d60849
0105d1b
0062580
01aa3cf
1cdc1f7
00ae7bf
1fb68c0
1ef4346
1e90bb4
1d833a5
1f7e671
0393502
1fcf5f0
01007aa
01e624c
01de6be
0129068
1d8a27b
01fcdb4
1e62d6e
03df28d
0261c3b
002f091
1d1f01e
017800d
1caebfb
01ab0bd
1f13ecb
024e485
00f90fc
1f73d97
000bad7
1f27da2
0139005
1fc4fec
003f66d
1da248f
1fafa73
011ec5b
00d9685
037b7af
02acd79
02f8c22
00310c6
01a85dd
1f7e3b8
03a2bc6
1fd53b7
1c42835
02cfe50
1ecb209
0201901
0366e00
032af9f
1dbb155
026fc7c
0175c76
1cc0f83
1d30c62
034152d
1d65ceb
01edf4b
02d8642
1f7b270
1e07dd2
1d305d8
1f0cd82
1ed247e
1f9f7e9
1de7e0e
1ed4cdb
1f543c6
02c3af0
001ccfe
1ea1d62
02fd895
03eaa6a
1cc838a
03471f1
03756e7
1d5dc70
01b6ad0
026bdcf
1cab361
1e442d6
1da7987
1c36946
01d2ee2
1ee48fd
0377698
1cc50b5
01c3bb2
00c8c6d
02ed557
1e6fa52
019cdfc
1da5dd3
1fb5562
01f0bff
01f8d73
1dd308e
0037332
1e9532c
026c6e7
0348fbf
1c532c5
1f032da
1d44b3f
00a7a3e
02eb01a
1d0e697
1c9148a
00512f4
1c02bd5
1d29415
1ff1d15
1d0d8d5
02173ba
021a2aa
1fa4b17
03a50c2
1f8c88d
1d60889
1d9708b
1d16097
1c523f7
1ec0385
1eda382
000d925
0270f72
1cd4a84
1e48b39
1d23fb3
03e3f02
1e7c02c
1f1568c
1edb090
1ed3e71
1edfb0e
03d6c67
1f6a52d
0125f7f
1fecf27
1e66809
034417a
02f0b36
01b27e2
1f69547
00db869
0239f36
03a421e
011b924
0143a86
1e2755d
1d1bb29
009043f
1c98ce7
1f04de5
1fae373
03d79e9
01df979
0379437
1df7446
1d189c7
0195e7a
0128067
1ea7962
015e4ac
1c05370
1e0e310
1e315b4
037a5d5
011ba51
00efb27
004c164
02f456d
0048a0f
1f05390
014bb85
00a4136
015777b
0123950
002c935
1e472d1
00d1b8c
03bd659
017a480
027798f
1d8d4ed
1dda0b6
1fcaf82
0210013
1f61fca
1e4b3f3
1c6b89a
03f77b9
1c84833
02acd68
1f8bef4
1c6e65d
1fb0fa8
039cb05
1ea0f61
1dd2e42
0092567
024b2ac
001eba9
1e398b3
1ee7762
01a92ad
0214f65
1c0fd9f
1e8e7af
03f3ee0
1e3c2a0
1e07674
1d46db9
01a6906
1f8950c
014450a
02cc9d1
0008b65
0043c9c
0344a67
1fc3f62
0040e1d
1d8f9ec
1f3ef1c
00406a4
1e1cf1b
014ec29
03da8f1
032a0c5
01be629
0265c1c
1e81116
1ccd676
00db11b
00f0b75
01a836e
1c0be42
007721e
02ff81a
1ea6d2f
1d5591d
1e9d361
1f181f7
1f8d0e1
03adb1b
1f44d47
1c79419
035c371
0172a18
0281e13
0378f2a
038ff3d
1e29f16
00028d9
1c2ef10
1d81063
03280d9
001c23a
1cc75d4
1fb7d4e
0352df4
001ae78
0186f75
1f47af7
02344d6
02c50d7
1decfe1
0322c9e
0110b9e
1e79944
00a4a12
1d754b3
020d38a
01a9a0a
0230a05
1ee4527
02d6a0c
002401d
01fb35a
1e5d87e
1d16363
00c5b2c
02e48dd
0270916
1d7c683
026e08d
1ca7b9a
1ca4701
1dddb3e
0187596
039bbc0
1f2aebc
0005126
0203162
1f245b6
1df4792
1dc60c5
1cdff7b
0353fa8
0315d51
1caf306
1f5a658
1cb8f3c
1efcf72
0196449
1cbfe27
1c93d1e
00a54b7
1fc348c
1f38be8
1f99aca
0164099
1d3341b
1d60c5c
00d5f1e
1e65814
1f932b3
1cf0464
1cbe701
016b558
0384d42
038d515
0181645
0159670
1cb56e9
008ef28
0300189
1d05c51
0171247
1cf622b
02f9a55
1c4f3b1
02d0bca
1c49215
1d40917
1d10716
1f2c15e
1d6de8b
028cff9
1f7492e
0198fcf
1d75d8e
03d1930
013e02a
1f9c356
02e2dd8
1d5e381
1e0b9c6
02d4be2
011a5c7
1e7b79c
1c72379
01fdc2c
03fcaf3
1f01849
037f4db
01ea1da
1ed8610
1ea651a
1d71725
1dbaed8
029f463
1c17068
02d94dd
01fce35
03ec344
1f08612
006ac43
01f0cbe
01ec799
02c52ba
015e876
031cba9
02368a1
1dcadb1
1fea6b7
1e7735f
03f23cf
032cccb
1f71bcc
1e3aaf5
0264dd7
020818b
023de7f
021f7ef
1c50cc2
1f36c46
1eb82d3
1fba320
00d8745
1e3020c
1dfb714
035085c
1dc5ddc
029883e
02f3896
1e456cf
1f72cb6
033a4a1
0198d38
03cb9b2
0017960
1f10719
1c9c2fa
1e82d7e
00afc2a
1c1ad7b
1ccbf73
1cd5167
1c9f3d0
01dfc7f
1f91a61
03bea83
1db7fb3
1fc29fd
02ea66b
1cee70f
03a1789
01a0c77
1c045a6
029892e
010334c
1ebb0a0
1fd6560
028c0e5
01660c0
01bd252
022e202
009e28c
1dddd3a
00c1f5e
1cc0d34
02e52c5
00bc3d5
1ed03b5
1e0bd6f
1f7fe31
1f26026
01e1b85
005a175
034dbc7
1dce334
029d869
1e47a1d
1eb631d
1da22d0
1f1d5fa
02d619f
00ab227
008c67b
1df3661
0107bc2
1ec9b49
1c25776
02c9cd8
029871b
1d2d792
0242366
1ed45ee
011790c
1e29ed4
1f66a8c
00731d2
03f77d5
1da6e6f
016427b
1ec8649
1e4a5f8
1ea2359
1df895d
1deb9b8
03cac9c
1e47626
03a2821
02e174d
1f93053
00ea368
1eea9fd
0133927
010a055
1e3180a
02bbb92
1eaa466
038c5d8
015c758
1c4d98a
03b9009
03cf1e6
1cebb09
0174a0a
1e00abf
02515a2
0177d47
1cabd26
0322325
02acf6b
1ed31d7
03d2eff
013067b
1ed3502
1dd5a74
1e6aebf
1e0b7a2
1fd06f6
1cf96e9
1e2457c
01c66a6
00d087d
1ca40bf
1e492e8
1e73cb4
020bbd0
00464d3
1cff5e9
1c70ea9
1f45a59
1dde1f1
01fc0d4
1c5371c
03439d1
03f0bca
03eb921
1ea4aac
1e9be5b
030d406
1eb364c
0367a6e
038a5b2
1cc0c35
01ab004
03fe121
00fbba4
00b534c
01d205c
0083fca
1f7d90f
1e0be2b
1c5bc0f
1e49bc8
018e556
0227c3c
031fada
1e03a7d
1edc00d
00e43f2
00f0718
003479a
03a9742
1cacc8e
1eb22f9
1de72bb
0036b8e
1f59963
1ec26cc
02830e7
02d15fc
0330a5a
004211c
0168e05
1e33d46
1d9be64
1fe371d
1feaf2e
1d63c8b
1fde298
1c97663
1d1fc67
019427b
1c6d0f1
1e41b65
000dd9a
03255d5
1db2ec5
1f2f7db
003eb8f
1dee4af
00f47e7
1fc27e8
0126bc7
1d847d0
1f08ed5
1dac829
00ae2f9
0108db5
03a1995
1debc8d
01b1982
00aabe5
02da693
1cb1ba0
015bef6
017ef74
026c39c
1d3c366
1e2bfe8
013295b
0393625
1e98fa2
1d75711
00c99e0
1e64979
03f35bd
036a1f4
033737c
1ee3128
1d907cb
1cb6703
1c0d2ab
1ca3e98
1d34912
03121f6
03d04a4
1eb351c
00f8556
006eb44
1f5077f
1c274b6
1ce403f
01fb221
0108aba
03d63c3
1de82db
1f6085c
1ca2f57
1f32ec1
018c2d5
018c317
1f89395
0173924
0178c0e
0006636
004ecb3
1e58fee
0371b02
038492a
0395634
1dd72c2
01a3b9f
1d6d3c0
1e686f4
037b430
1daf6bd
01a653b
0168f4c
036977f
00f1897
039ee9b
1d6e2ef
02111ae
1d3a5ba
1f9ef7b
1e0d2c0
1f1b7e1
00fbb76
1d440d1
024bde3
1ddd424
1e26f8b
1d83743
1fbb3a9
1f11a73
01c9a05
00e047f
018bd2f
013583d
0256747
012c905
03be09e
1e51226
1f04dd7
1ddd436
000b1d0
02967ad
1ca106d
1ff4489
01b51e2
01b0a56
00a3b4e
1f1ba7b
1fefb8a
1da543e
01433fa
1f707c2
00b4b00
1c72a89
023a093
0051fda
1c0d116
0014f65
1ea2998
0000746
1d3b8a1
1e208f8
02c0bb4
1da4500
03d8fef
0361aba
1cdafca
0234d56
1c981d7
004ffbd
03a5313
006615d
0061abc
1d3b7d2
1f1acfc
1c4b043
1d3394d
02b1630
1de3a89
1e83167
02ea579
01d72e3
1e1497b
1cda9e6
1eb79a3
1e1c291
005f0a2
1f4649d
039f348
1d68329
1ea2509
03b5149
1e08b3c
03eeedd
1ce3a87
1dca76a
02b0dcf
1fc63b0
1f4cbbe
024055d
1c64ed9
1f54793
1feb22f
1f14e26
02c165e
1fc44af
1e43594
0143958
009a4f7
0160057
1d88b61
01410be
01b1a29
1ffc89e
1c78de2
1ff2e7e
015a6f3
1c0e942
1dd8c72
02deac2
1e6ac68
1dcab86
1e91bf2
0020d3c
00b1d80
03a2f61
01fe142
1f2d07e
1ed839c
1dbd9b1
1faa4db
1d35f0f
03403e4
1f6b75c
1dbe8f4
1d98883
037597d
1e30af9
1fd2dda
1eb2654
0382da6
1e302d9
1e5386c
1e0a4bb
03550f3
02ca365
1f9f2c5
1ea81ef
01a00cf
01247cf
025d6a4
025dc4f
011674d
01138d0
1ce4dfe
0384bf5
03feb15
03db3b8
0186dd9
1fd8645
01e4db2
1c4a673
1c37870
1de7918
039b0e1
0131e26
1c4aa53
02bcb48
00d39ce
1ead85f
0167c51
022880c
1fcdb74
1c7615c
0195006
006d96c
1f17599
01052f3
01db17a
1ca1d66
027f4a8
1f561c3
1ee3872
1fb8ba3
1ddce47
03275a7
1f05dfb
1d3fabb
0321c7a
1d689d3
01796e0
1ce973e
1c0b451
03b4555
034002c
0233a46
1c133a4
1dc6198
1f1268b
0263026
00cc4db
1dc452c
00526dd
01832fa
1f2a4a1
0282874
1c5596a
01a70f2
000c4ca
035374b
1c7ec82
1fed8f9
0355d4d
03afbdd
1eba889
035169b
1c21a96
1e8044f
0117ecb
00267db
1c430c0
1f7ba18
1e2af3b
0065a3d
1e3aa7a
1f486ab
0313d90
1f5c3e3
1c5a357
015e17d
015eb41
1dd624f
039c107
1defa3b
1ca4b2a
023bd92
1e3d357
037426a
1e868b2
02539f6
1e3d2f5
1fec236
018c451
00afe29
02f6412
1c46ab2
1fe9c12
037eaf7
0164f83
1fa9f97
0275d26
1d32a2e
1c51156
012d0f3
1fc58ab
03dccc5
1e18660
031ca28
0383df1
1f62cbc
02451cc
02a652b
1f846c6
0250232
1d10972
1fa31fb
02cc8bd
0293905
1e8e176
03fd26f
1ce652a
03b4428
03f4015
00e85e9
1efeb6f
1fbc595
1e0b883
02a19df
1ee2a68
1eb82d0
1fa35b3
1c030b2
0395fc3
1fd8ae1
1fe23a1
1fbefd8
03f01a4
0295dc5
1f46c4c
1e49bca
02002fd
1d1b8eb
00a3f17
1f5b187
0163f1d
017a825
1cab6e8
1d4b9aa
1e03ef3
1ffc829
01fc440
03b14ec
0310cac
0048707
1f5f148
016f92e
035e9e6
03abb52
1cb6fd1
1c79771
0106a10
03954e1
038df79
023957e
1fe7326
1d86132
1f6f3cd
025eeae
0164248
1e7cc17
1fc98ad
1f67854
02781da
032fa38
0034ffe
03c721f
03fc62b
0252421
02a484d
004ead6
1df0dcc
03dfc3b
1cb5d27
01fe3af
03b8194
1ed6c11
1c4ec7f
1c5a777
027d7b0
0223590
1ea8dce
1c6bff2
1d3e3df
0122bee
1d6ea83
1d909e5
1f34ece
1fbcc95
030c1cb
03ba3ab
0036694
1fac83c
00f465a
1f54334
01822c0
00a49a6
1d3c4bb
034512c
1c1ffbd
016939c
1dcc7cb
1f5fe08
01d8412
01208bc
1f6d2e6
1ef78cb
1fa2b1b
0391f9a
03072af
01491a8
03cbda7
0135813
03815be
1f65b38
1f312d9
1ed0868
1f5cf2d
028e8bf
1f9b7b4
1f2aa49
1d7d676
00faec5
1f5507d
1e1db02
1f0ae72
1f7e646
1cd9072
1df137d
02047a0
00ee01e
1f50585
023f2c9
1d41db1
0006fea
016228d
03dc27e
00184af
0108dc5
033a50c
1cb6128
03700cb
1e9a8f3
1e05ad1
011671f
0274e79
1df2d80
1cdf5e7
1c4d8f8
0390a26
013d96f
1d301d0
011192e
013e735
0242012
0261993
1dd9596
1f5a374
1e4700f
037899b
1fdb6a3
1e8810e
03a61d8
1dc18af
1ffa689
1e1d7a1
1c78055
035ceed
03a625c
0089ed7
00c333a
02cfda7
009655d
1f1e1e6
1d72ce7
1e54cfd
02006e1
1ef87f6
1e03d39
01b2b1b
1e2f1ca
1d8cfef
0084e5c
0263cf5
1f508a0
1e467fd
1ff6b0b
1d1bd87
01d36af
0399ca0
0107e71
01bf688
1ef0535
008c72a
1fdb51a
013b612
1cfa529
1f564c8
0027fea
036f99d
1f248d4
1f21a40
029b9bf
00e47df
1c20de7
01c0327
03a61d9
1ef342f
1cfa0f9
0384353
0229654
1cd5e01
1d09d14
1fa4be5
0215ef1
1f1e5e0
1d11eb1
1f90471
1e8cb99
1c67bf9
1e50b22
0126baf
01ada5d
1e73ca1
0350128
1f60d70
0145a48
1ce8527
1fd4892
039b1c1
0112e15
1c84517
1dd8075
1c88b5e
03d65fb
011510e
03dbc26
00de20f
1eda251
004e9d6
00750d5
0113df9
1fdc79b
1e2c6c4
02f794d
1cf988e
1d9e520
1c7a9c6
1dae638
1ee503b
1fe8c13
1e00668
1c71889
1eb16d6
1dd5183
00aa2c7
039388e
1d89198
1e119c7
1c17f8f
1fa96a4
0230b60
0271228
0254a86
0183b87
1c18959
02cd445
01db54d
0067a77
1eb7629
1d2c1b3
1d68ee3
1f65a81
1e91cfa
1e3fef9
1e048c7
024e089
0071148
015ba24
025787a
1c53911
01fbfd7
1e07441
00a1048
1dd8011
0166985
1db7278
1f4e8ad
03ca9a7
03687c7
00934be
1e2163d
1c62801
1e2c879
00b0f36
1c8405a
01a78f6
0353341
036061f
01f5d12
1c93af8
1da8c76
1f53d88
0055d0e
01a1055
035cdc3
1d9e5e4
1e68f6e
1e7c579
019e7c6
1ecd633
1ff287c
1da3bd2
1e2eb6e
1c0e58c
004fa1f
028d0dd
00b12fb
02c21ea
1e262d0
1e52d9b
013e0f9
027a9ee
1cd39ef
1ffae49
03bdbe4
00a5dfe
01df08e
1de781c
02701c1
1cebeeb
1cc88d1
00b5ae9
01a225e
0123e59
1ddfd6e
0342c97
00c4066
004f066
1c93e9c
035de51
1cd354b
0007a87
0026f2f
1f0ea48
0027b4e
03a929f
1db7fa0
001119a
1d3e5a9
032abeb
1c6fdc9
02e749b
1d61ae0
1c87254
00ff098
1f26c2e
02bf078
1e4ee19
03a7aa6
1f61124
1cdbf11
1d457d9
013619f
1f65f8a
1ec9940
1e70d36
1f5fa54
0118947
1ec6ed0
1dd09ba
0397197
1f156e2
03a3c16
014e90c
028fb45
1f3f541
0176d46
1e26017
0237a49
1cf3d1e
00619b8
1c2d7b5
03bb88c
1c024f4
1d2491d
006ed6c
0228e8e
00ed2ea
01ebc90
0075358
1e89e2e
1e8e1a9
1fa6675
1d25e94
02c234f
018b0cf
1f875aa
1fb171d
02bb2d4
0360bc7
1f90382
1eee0eb
0009fb1
1f05978
011813e
1eaacb9
02c2c7a
00d9e99
1c840f5
00c6871
012e882
1f78932
02609f1
018aee2
03a3998
0384999
1e9d6db
012417f
1f2206e
1e07692
0182669
1ed7a0d
0208559
0079bb6
038d2d5
1ebe45d
1ee0ce0
1c53bdc
003d956
03282b4
00f1d1a
1d5ca8f
1d91887
00e9428
1e2021d
017c247
0061986
1f9a674
02f56c3
021a727
00363f5
1d02ff6
01e4f44
1c3d417
1eb4b23
0053f79
1ff72ff
1ea1cfc
1ec5b5c
1ce3d8b
0332021
1da3669
02b9158
1c1d515
1f7b28b
1eb1c36
1e66d89
029f454
020b8cc
1e01c5e
1f1b41e
0171046
02b0ee8
020b908
0181743
01c1d49
1fda7de
03602d2
0141d68
1c06feb
1e64ee9
00fdc95
02d4295
1e55ec4
012c67f
01ed598
1daa21b
00c4b4b
00ebbd3
010b47b
038c912
1d4c553
00c6fc6
0165022
1ef4884
011d6b7
02afad6
03ad19f
1d2c603
1dda042
1fd3287
035fee6
00e0b26
1ea1223
018312c
02aa97c
1d05012
1c89744
02612ae
032b72c
01633ec
0341b41
03c2550
1c732d4
0287323
0394d26
036f5fd
1d9f198
1d6cb4a
0292f5c
0262864
1e72845
02b9e80
1eb54b4
0395a9d
1f5bd02
03f2c38
1fff3cd
01d808b
1e77f8d
0231d16
1c292c6
0315a60
02139f6
1cd91d1
002838d
1ee98a7
006a4b7
012e368
0192230
1c473a2
029bd83
02ba062
016e260
1f9a014
0340849
1da7170
00dbdb8
0264543
03d3323
01bd1e9
034f20c
1cb032e
0332a64
027bf9f
1c4c7ac
1e41d44
1f88aba
0072522
1d24d83
1ccc143
00998ab
1de2b20
0035b53
01c31e2
1e34328
026f65d
1d8ce8c
1d21a99
1d3f20e
1fcb964
1e438f3
0121771
1ea1d0b
01d0f4c
012a7fc
03d05cc
03aacd9
03f6baf
1f08246
0212eb7
1e6397a
012f887
1dd0079
1cc8b7b
1ff4f8a
015e8b3
1cefdd3
1eda588
1f5bd7a
1f50f39
02a196e
00efe5d
02e6bf0
1d5dc56
032bfe4
01b8cf0
1dff875
03af578
1c73c35
01de967
0036cb0
005fb8a
007861b
01af648
1fcba58
1c8eae8
1f9c04a
1d881dd
1f6ba0a
1c5a96a
1fd17f5
1ea58a0
1f435f9
1d33827
1f3aa97
1e1e351
01e0fb3
1c6f13d
0064304
1d473dd
1c9bf09
02da54a
0266aa0
03561c1
0310f20
03d3e15
1fa7411
1cfe6f4
1df76a1
0082de1
02ebfc1
1d5a0f4
012a9e3
02da589
0327e5f
01c8e08
1db3748
1f1679f
1ff8ebd
1fe4b0d
1d74628
1d9346d
03cc9e3
1ef5afa
0303aa7
00d62fc
021c975
03e4ccd
1f62a20
03cefe9
0189a38
01c3724
00c5f05
1e41afb
039cc42
00a6256
1ce3c0b
00df55e
03978b2
011bf25
1c72753
01661ca
1cf305a
036eef7
005d475
01598c1
1dc183a
03f99d4
1f41889
0379161
1ec73b3
031492d
1d12531
025b093
1fe2f36
1def1f3
02f0d35
1e51956
1ef238c
1e79ad8
020fe78
1eae22a
1c40f33
0138b9d
024d514
1c92960
0146b5c
016fd59
032d99e
1c3eef7
1eba102
1d8712c
1c5b029
013343f
0197153
0106460
0393f1b
01cf5ad
1e3e9d0
001b275
1da5ad8
1d73138
028220e
1ee7cef
03d0839
03e1f31
031a999
02ae668
1c7d519
038dc68
1eec0ad
025a372
1e69cd6
00b1683
034e0e9
00dec71
02d15cd
00a2135
01044b9
1dfdb5d
1dd83da
1ccdca3
1c59a56
1d3f53c
1e0bde2
00100d9
1f9e754
03d9b9e
01ab7cc
01c2d36
005f375
1e435f2
008e39b
00b2846
00be1e7
03e0a32
01521e9
03ba1c2
1ebe5d6
02d02f5
1dc4627
02677bf
1fb62cb
0316fe1
020ad57
020e08d
1da9861
1c42a45
1dccdf4
0364921
1ee3b7c
1e5cec4
1e0d936
0052058
1db09f2
0286932
1de1cf6
1c12293
009bf96
1c5611b
011d9ca
1eb7f08
0347865
1c68a16
0323e93
03282fe
1c6ac67
1c531f8
00456e6
1f0e381
009b719
1e1ff29
1d4cfe8
1d56ac2
0380168
0081a12
0158093
01a11f4
034b513
00a953f
1dd3a0d
1c90ea2
03d4aa1
1ec30f2
034ca1e
01fdc3c
1c7bdb4
016bacd
0153177
1dde52e
0235c77
1e6963f
03c3330
02b6f3a
033fb2c
1f8981e
021981e
0251b50
01eb70a
1d0de7d
00075e9
1e49a25
021e6fc
01737e5
1df8702
1eea5e9
03b58a2
025c4ef
1ddb833
1ced84c
03069d2
01e69d3
033c90e
1e462c7
03229f0
03c632e
1f27e82
1cb6eed
029e3ac
1cee3e4
1db8233
00629b2
1c16289
1eaebbe
028b8e0
1eeabf5
02d7358
1ec869e
1dc77ae
1cafb15
0341e4a
1f9bc55
00d4f86
013f43b
1c33634
01ec803
002769a
0269289
1fcb2d7
00a3312
009a5ee
0062375
02aa1ab
1e7df9c
1d1d13d
1eb5d52
00fa02d
1cbc7fa
001a5c7
0147c75
00d8b7a
0399a27
1c5a7df
1d0b567
0141106
1df3152
1c475fc
03b82ea
001e643
1f968e7
0240ff4
1c2d693
1edda4e
01e5ec9
1fffa9b
01a57c6
01564b3
1ef863a
1c0e2a5
01bcffe
0161947
1d56245
1d32764
1e5b717
1de03c3
1d6d3b3
1d5a9ac
1e50f34
1ded577
01bab06
1dd554d
00bf7e0
01203e0
1d01141
027161a
1fb0719
01c6c85
1fda955
03f6c5f
1c486ef
1c7412c
1c2b311
1ffe47e
00197c5
00833c6
1cc7e0f
0096002
1f89460
1d60730
1e972bc
1f22537
00dc4f8
03caef8
1e55451
1c78c66
1cd1cf5
0133d8b
02c9b33
0277425
1d2b32e
02917b2
1d86113
1f6d46f
03c1972
1d2382c
019054f
1f69412
1ee88e5
1f241b6
1ddb5b3
0298345
0368c0e
00bbb75
03209f9
1cc2458
0377d67
1d1989d
02d56c5
010fe17
1eb7bff
01d2068
01217f6
1ed596d
01f9079
1e2dbdc
02769e9
1fd1c56
1e0228f
1cdce3b
0096d85
1ebdf63
039149f
1d1bc96
1f8ccab
1c5955c
00686d3
029036e
01d0140
02ce0d6
1c07d46
01e9433
0118b9e
033cdc3
03f619e
1d5928b
031f93c
1dffe7b
1c1ca62
026f27e
1c19524
1c4b509
1def1f6
02e1ecf
1e15b80
1f32aad
013f6de
1e65daa
039c712
1ff66c3
03c5fe1
1f08efe
1fc809f
033a184
037f871
1e01ae3
1e82ff2
1efc651
1d93891
0395e20
1f85a25
1dd88a8
1df1578
1ce8b56
1fb369f
004c529
1f7124b
030f563
037278b
1eca6c8
1d21524
1f8404c
1d4f847
1ea5c61
1f66bec
1c36765
033c231
1d4ee3d
018b51b
1ef0546
1ddf9ba
00d7cb9
00676d0
00e8597
0019d18
01f7511
1f2de5e
0063caa
1d58a09
014e37c
1fe82f7
019da37
1cbff56
016a0ca
0219fc7
1e29b10
1ea23c2
012b341
030ed84
1cadccf
1ff5cac
01abb2c
1ea5eae
1c5ec83
017df52
0045455
0319da9
006613b
02a09cf
1e1adf6
03fd26b
03be6f9
02ad812
1ee9746
1c1ac95
1fdd479
1d0f78a
03e7b05
00ea91d
02de1c6
037519a
1c0bd4c
1c65cdc
1cdeff0
1ec98ea
1f22c77
1d8e9da
02548f4
1ee8e2d
021437a
1f5d028
1c9def7
003471e
00a697a
0371a24
01ea532
01336e7
1de9be5
00ed75f
03ceb91
1c52543
1fb77a2
03fe626
1ce840a
1caa28d
01ff02e
1d5cd70
1fe53f5
01c21f2
1ca734d
1da4c4a
01be936
02e1efd
00bddc8
00b8145
01ab8a7
000bb95
01e3f2a
02d7086
00844f3
01da612
009991a
1e9322d
00996a9
1e00172
1e46d3c
1d4208c
02c7db8
034d48e
1f3a97f
03fa2d4
00130e4
1d8a769
014a71c
018abe9
009d213
024eaa4
00509fa
022e49c
1f5b465
1c376b7
028f6aa
03be586
1c86b0d
03b1994
1c0df2a
1f55adb
1c72aad
006f655
1f1e300
0222380
1dd5a82
1cc4577
1db8c7e
01979bf
1f167d5
1f6859f
1d02d1d
1fde763
0113dfa
1f70df5
1f61a52
0207087
01a974e
1ca2286
1e51f34
1eb228b
1f97df5
1f1e7dd
1d8ce66
023e98c
024a9d3
1f7697b
1c01baa
1dc0f26
1d62e63
1d42c4a
018d2f0
02c39c6
0368e21
1cf167e
014426f
0301bfe
1e2c8b6
00b8df2
00f0950
1c884d7
01b3e63
0004758
0223a68
039a7c1
1fbf3f5
03ccb36
1d875f2
00bc708
02d0b92
00c981e
1c98f4e
0332f4d
01e56c3
03897a2
03b802e
018e4b8
1ef5eea
0205834
1c9a4d9
031beee
02c3178
024e50a
00ec0f0
1daf5b8
00820d3
021e6a2
1d3a9b0
018a103
0047119
1ce8c6b
005269d
1d8460d
1e2e1f4
1df46bb
01d3b96
0386e1a
1cfeed3
00f30a3
0003f28
020ba47
02f2cfc
02aa6db
1c3635a
1da7dd7
00d6d65
002afd4
1ff82f0
00a4a0c
033c582
00247ac
0293f70
02e0184
1c3f2c0
02212ba
02c554f
010331a
009953d
1eaec99
001e307
02f12a3
1c7dabf
1f32ec1
0216d5d
1d273b0
1ca162b
034e6e7
03d10ba
1f08679
004bdb9
021c58e
0232078
0328f3b
01a1247
1f66d46
1f0012e
1f7d252
0112d41
1c0f7e1
1de4d07
1e6b1b1
1cfafa1
0246748
03a5f7a
1f6c892
0142ec9
1d08f88
1ede715
0097bed
00d1b83
003bfc3
038ddfe
02b932f
1daf157
03ae2b3
1f85396
019349d
0064ee5
003e079
1f216ac
1cfe332
03d44eb
1f8f713
1c30558
00257d4
010d0b1
0350693
1dc2122
02531ee
024b934
0287356
1c09654
1f0b56a
00bd885
1ea5f10
1f8c8ab
1c65fde
0020c56
02b2c1f
1f7d79f
02ca9f8
0330e2a
1ece90a
0298cf0
1e6358c
0058a39
1f24ac1
1c4291f
037b1de
0096484
037bf8d
02b9906
1d7e477
1e0847d
02a9bbf
1e5226f
1c31c23
0125116
1d9353d
012ce07
038bc35
02bb424
010bada
02fb961
0300b72
1d0c337
1fef1e4
02ea3c9
1c656e7
0355089
0003efc
1cae0db
012e308
1c9d447
1d0b8c0
1d3bb55
0247cdb
1d73458
0265e14
01dd713
00e573b
03e0a3e
028bf94
1f00623
1fe29e9
1c211fc
1ef388f
02f24e0
03663b3
03d32e0
1e36faf
1ce4cfd
1cb7c6d
0006f7c
02ce6f9
03aba2c
02c0596
1fd6c50
1faca83
1f67a27
0211a43
1d8e78a
008f708
1d25642
1e63d6d
01fdabd
1cd10c5
1c45dfc
1e10787
1fe55fe
1e7dc9a
1e1b468
1d035fb
1eadf1f
1d85345
002d8b3
037a9eb
03f7c40
0298afd
0319ab0
0391722
1df5caa
013b7d7
1cd34c1
00803f7
0236525
009888b
03afd76
01a900f
035d231
014dd21
0095fcc
0162b05
0117b84
01faed3
03cf2a0
036bf65
1f41bcc
1d31c8b
019ca01
007ac06
1c8f0c1
1e73794
02d2473
0097516
1fadc5c
03acfdd
1e4f5a2
03491ca
02c349c
012ae82
1f97465
1fb5b2f
012f729
1c11eec
1ef7798
018bf5d
1c7c0a8
02c1878
1fedeff
0320f34
00495d6
0345eb3
1cbd03d
1cd2821
1ce9a83
0333215
01f684a
0309f6a
1f189f6
027f08c
1db350b
014fd56
007876b
1c7f6cf
1c5f845
03ae828
1da90d8
1d60b25
1dcf85c
1f146bf
02d168b
1cf2603
1d8751e
1f31f66
1dff782
020fb01
0366316
0026959
026b5f3
1d602d8
03dfaae
1ed4b7c
02757fc
02432a5
00f2d80
029c56a
1e44359
1e2de67
1c0a530
027a412
03d9425
1d8e5a0
032a83a
03e96e7
1fa99df
00deeb7
01ea991
1d6898c
0356cc2
1fb0f0b
02b4289
1df8b11
1e12e93
01added
00c62b1
00f3030
0223564
1cc6460
1f3901a
1eab90f
1f196d4
1ea2745
018723f
015ab31
034724f
1c7b27c
019272c
012dddd
01b0793
02bfa74
1fe4ab7
1cd125c
0272846
1e4d122
1d41902
1d0da01
1c3544a
1c952cc
01e6519
1c65341
03c1bd8
016ab41
03f0d31
1e97ae8
015e489
032653e
00db142
1d9fa56
1df84ef
1f97a00
03857fb
1e6faa5
01f8e93
1f6853f
0106e90
1da2382
1d92f07
1d1c126
02dcad4
02bfbc6
1da1403
1e82245
1cf4794
1e64db5
01f2bc3
1eeaf0b
014e24b
039c7d8
0362dec
03dff4c
00c5bb0
01e7394
1cc1365
1ce8b89
1fa13c3
008019c
013b485
0070878
023df1a
0294a8c
1f9f219
1f4c91a
03be756
00deda1
02bac0c
00d05c0
021fb14
1f6c8bc
0322f53
0039b1b
01fc413
0142c75
03c39cb
033e86f
01492ed
034fdda
1c1d437
03780f9
1dc512e
02161c7
003e2c1
036e636
1c05810
1c427ca
01df0a7
1f96964
1dd039a
01555c9
00c71fe
00ee144
0232758
0037588
02dcee3
024e734
1fa62b7
1d79e2e
1dd0813
1e079a0
019bbf9
026e9f6
1cc8fe3
1e2ae17
1c1a4d0
1c3dcd3
1f4c856
00c32b8
01c287f
1f6acc7
1e3a903
1d584a0
1e2f2ab
1d40b1c
00f5df4
004a550
00593b4
1d93a42
029eaeb
031fa51
1d34712
01ba5e3
1d53ed4
1ff5412
1eb5f14
02b5356
1e01d84
03348bf
0204e97
1e155d7
1d93d00
1cc3437
0059554
01d5c54
1e4e2b9
0081a64
1cded42
1e7db36
1fd07b9
1febd6c
02292b9
1f4ccee
01736d5
1e2e67e
038fd9a
1c2ff09
1dca70e
1d74544
1c12b41
01b2d45
1ef44de
1fa851a
1dc3a6c
1f8d379
010e22b
1d2e41b
1ef3897
035f3d5
0237a22
00cb82f
1f63e0a
1cd280d
01f292a
009078d
03050c4
1c72c2e
1c50ba0
1f57ba5
0336604
0009a66
1fc0380
026d633
1c9b299
019c4bd
03e6a09
1e10e59
1e5dae9
1c744bd
1e98b38
01dfc4f
1d878fc
1d600a4
00d4dc9
1ece955
025c176
0024a9a
1d2004b
1dea2a8
01ffbc1
029f15a
1d815e5
1c64686
1cc9556
1d0c02d
02859ae
1e25ad9
1cc3396
01d5cd2
031ceb0
1eb572f
0133f41
0083c4f
1c17956
1d18b4c
0244bf3
1fad552
1e54d85
1f50e92
1c8a76a
0216721
00249ab
1f905d7
1fb496c
036dc5e
0294280
02a5248
03d0698
026f168
1dc74d8
0025565
034733c
014389e
03e89d4
01eb9d1
1c401dc
1eba510
0007640
0195371
021431f
1d26026
1ff399e
1dd736a
0323d44
0058b98
02fca56
1c41c6a
1d33e32
01e7b85
1db4c49
02f642c
0395044
02825a1
012a218
1df95fc
1e0dcde
1dd9629
1d9da53
01839cf
1e03dce
1f62703
1cd1fed
1dee0a4
1f1a035
1e32c55
1c4e958
1cd9b7c
037fefa
1e63e78
1dc8acb
1d9589e
034a30b
0288aba
00d2e35
1cd694d
1f05c0c
0329be5
01244d6
1dffbf8
0245fd0
028769c
1e51ee1
1c8b1f8
1f7385e
1f43560
031ef92
01c3eac
1fb8dfa
0197dfa
0330e24
0342be6
1e7f2b6
1f13ffd
00b273d
01f99a6
0206ac4
01118f3
017507e
00a39d6
1e45423
02988b6
02793e4
028184e
1cead9c
03d1f25
1fa4274
02a11f3
1cc842d
1d9e63e
03b8520
1ce4f21
03ca809
1cd6f0b
005b4c0
1cca8dc
1e6d617
1e11552
0268dfc
01a14df
02fe86e
1fc3492
1c23530
02fdbf7
1ffe47d
1ede8a8
0204d55
1ca10bc
011b40f
1d86e05
1f990be
1df72ba
03927a7
1ee07a5
1eb5ca7
037e665
0032fa8
1ca38a5
1c7da24
1c133ce
1ef288b
02284cc
0130526
1c52582
1f7b50a
0206697
0137af9
039ce90
02906c8
0063ce9
1c6f7fa
01e95b5
02c8e3c
012b7e3
0087fac
0372705
00fa56e
1fdb30f
00031ad
001e7fe
03624ee
02948fb
02438f0
03dc12b
1c83f54
0223880
01414a2
1dc0ab7
032e32f
012b075
01685cf
1e6cfb5
01da67f
1d76e3d
1e9b214
1fe59fb
018a346
0299a3f
1dc078d
03760e1
1cdbf68
03b265c
028d47e
03fbdbd
02d7d94
1d278f2
1f4f89b
1f7e969
1d6b910
1d68890
1fbf67b
03d0fce
1d3bc64
0109c85
00e258c
1f75663
00450e5
03a59a2
1ce5c29
00ff9e6
0192072
1e7cd39
00d18a1
1ca1731
1d27751
02ac556
008aaf1
0277eb8
032dc49
1d8e0e8
02a378c
03e0efc
1ed3e2f
1c3ad6c
03965ef
1c8b4c2
017bcac
1c64e12
0040788
011c3c5
1d82298
00fa70e
01007f5
1c632e1
03e0953
1c0f047
1f93bf8
0367392
1fcd28c
01c8905
0358295
1c4e4d8
1f1d759
03bbe19
1e3e84d
1d55960
1e93d0e
0180ac0
1d854ed
00b3b22
1f27543
01dd9ea
1e06ed7
024bb08
0152c32
1e65553
1d2053d
0021dab
0182e0c
1cafb12
017c448
1d1eb9d
008ff4e
1f12d95
1d36b0d
1cf7d84
1f551a4
1e28abc
1ebf706
1cd44be
1dc0a3e
011f4e2
1e325b1
1f13d8e
1cfd521
033b3d7
02b61fc
009a8fb
038714c
1f7e24f
1e31597
1fc7c0d
1f188dd
1f377c9
016a9a3
0246986
00ff9ad
009aee2
1e43d59
1fd4f21
01b240a
1e179b4
022d0b6
00bb8cd
1c79a2c
1d3e2f2
0336133
024e2aa
1e04128
0371368
1fff4ce
01bba9e
024df4c
00ddefd
005c2d8
037b551
1f4d061
03b8972
006584e
1e27360
036c6be
1c9002a
1fc288a
1ce3627
00f2ae4
00be9bf
005731d
1ebabb5
1fb7676
1e45f17
00cca98
02c2631
0214523
1cfb64b
1e21e85
1f0955d
1da3cae
03c37e1
01c11b1
00dc86f
02b1329
1ecd7d1
0100816
1c2c15b
00f024a
01be34c
03ffc62
02ed051
1f6f51e
00034ee
1c1939c
1e8665d
1f439c5
03297e9
1c06c33
017177d
1c5bbce
03f6cd7
0385dd4
1fa3239
1ca3df8
02c8b5d
03bbb74
03c29ac
01f8a18
02f0428
00f2ec0
0144b9f
0111a31
01b20d7
1d1057a
01eceba
1e50d5f
1e05975
010e40d
1d01e54
1fcdd77
00a7c6a
1e9f919
1ea163e
00c6fc6
02dec56
1d8b4bf
0333b61
1e2a43d
1c7489e
01a8c5a
01e1b0b
1e8c657
1f8df7b
1f6fff8
033f51b
1f43fa7
1dd28e7
0023f16
0380e14
00f301f
00042a1
02a5316
021c139
02e17ed
1e72b87
0031a05
1cac248
1d0f82f
0290823
1f89573
028c50f
1cce82a
1d3af70
1fd0b3c
0147858
0284ae9
1ce5ffb
1d704c5
1daad98
1c452b9
0147147
1fcec7a
00df7b7
01b5852
1eac95f
1e27970
1d1a4f1
000f431
1ff2740
1fecd04
038e3d4
02adab3
035f2c2
1f8fa62
1cb5a4d
03750ea
1d57d12
1d0110e
01d2063
1fa9807
1c4c1d0
02fdde0
0264363
1e62a7d
0177802
1e29a34
1fa7e59
1f12204
1cbe3d7
1dcd4e9
1da928b
1d0ec66
00b823d
03138b2
1c98b7f
03aef1a
0112d00
03edbf6
01bbbd1
1fe9fc3
1ece4e1
01f81ca
1e68950
02dc91c
1ef1713
00e141d
1e88687
1cf0354
1c29deb
0250b8f
021132a
00be999
023620f
019f30a
1ef7d84
1fe2863
012c8e7
023d620
1c8faf6
1fdb88d
1f5650f
1c882d1
1ff637d
1e2e457
03e05c4
1f61109
0141340
1c70286
005b0fe
1db3358
012ee50
1d05cf6
1f12c18
021a2a0
0098f5e
03fcd9e
1ccb0ba
1ef0888
035e7f0
01de270
1e62b8f
1d6f0eb
0279897
02ac144
03bf5cd
1f03beb
1c7f0be
1d777c2
1fede9b
03040e1
027d658
004f1d6
1f1d7ff
1c38bde
1f3b268
0013c25
1ccee1d
02fca0f
001a2f3
1f3a43c
1d0f680
01cc1f7
1d9a7ba
019d2ca
00444dc
00b3a5d
03e03e7
1e9117b
1d1efea
1f92d3c
007e72f
1d49a20
01385d0
039ffe1
1cbda13
1c0cd05
1dceb33
00e0ab2
024153d
025427a
1fa4847
008937f
01f0ca3
1ddfc8c
1fae0e6
1e69e99
1f0e407
1d3ac7f
1f4895d
0205ffb
00d2970
00cb087
03ca136
008f759
1c1e3f2
0086ada
1e17c37
1c41ec3
1ee9c14
1d9e7f6
1c572c3
0307b09
00db3c0
0202099
0039019
1e14435
023e5fd
1daaa94
00de980
1db9f11
037b3a6
02514f6
1eb2df2
010bdff
1dcee1c
1f9d20f
1e70f5c
0376671
1ea37a2
1d88e72
1fac5d3
1f8dc77
0292614
01c4764
1d118b1
1d48c9c
0135075
01aa1a1
1cf8d8a
1c3592d
1fe1c3e
1f049ab
01dc365
1cad663
1c144bf
1c628a4
1c92363
1cb4399
0102481
036c154
01f5fd0
1e75f16
1e23bdc
024d579
1dec2ca
1d9a816
0140d9d
1fb82bf
1cb4e5b
007fb36
0379d84
1dee4f1
02f84fd
02f66d9
025b57b
1e85f58
1cf62b2
1d70dd7
0074cc6
1ff3bed
1d1aaa6
00a14ca
00fc26c
1ffd208
1cf392c
03af6c0
1e8d53a
03d4085
008a420
020a8dc
00970d0
1e3b1c3
1d1647a
1e3ad03
1c80dd9
00db514
015a6d8
1f827e7
1dc8d03
1f8810a
1d013a3
1d8c30d
0260924
1e0e0ac
1c52c16
1eea472
0090b48
1e884e8
1f777b0
1c5d386
1ff9e98
0150cad
03366ae
0135990
1d1c1bf
018b22b
020987c
03bc6cf
039e114
1fe8a2e
1c2fbbe
1d1e0ef
002be6b
0075098
1e1fc04
1e296f3
02cdfb6
1edfd6f
1e50866
003282f
019dd33
03663db
1fa69af
0048aa6
016cc5e
1c926e6
1e7ab58
1e304f6
0373cd6
1d67446
1d9a7c4
1d80101
1f272df
012c73d
01d3f3f
02b8297
012c5b2
1da75a4
1f99582
0116bab
028b9d1
1fde693
00518f0
038da26
024149c
1e63d32
1f62a75
00637a1
1ce9acc
0394604
1d3f4ae
02c8d89
0131c93
1fd626b
1fa5dcc
1e575b8
1f91f56
1c080dc
1d29e19
1da6f55
1fe55cc
1d719e9
1da752e
0020503
015c6c1
0157a8b
1e1d619
0025258
1d896c6
1dd1843
1e38e4a
031d90e
1d013fc
009dee7
1f3fff7
1dd4835
1efbfd8
0333559
019ee35
01a3f9c
1dd6d50
1e716d5
1ee6492
1d233df
1c85376
014d2ce
035c89c
1d410d0
02dd09a
0108066
1cd61ba
1fd8fba
1c18222
1c7727c
019bb6e
015d434
01e14db
1d2bfff
035a70a
005373e
0062d5b
034a39d
1f834dc
03cf95a
0299415
1fc9594
011f0d9
018d6c9
1c5c4bf
1d8f47f
02f148c
1c8852c
014e8ff
0158c65
1fe342c
00ce2da
1ea484a
033140b
0185fea
1e1f6fa
1e3e7e3
01b9ac6
0304ed3
030d0a8
0129ecb
0150f2d
010b82f
0186122
003afb1
0229056
1e430a4
1fe3b61
01d9b63
02ac9ff
024ac39
1c89bc3
1c639d1
01360cc
0386d0b
1ef1519
000e262
027606e
03386a7
1ec68a9
0206023
1fd2db9
00cca99
1e7666a
0100b38
1d0d39e
03e6f12
1f4b6d3
1c4ac37
1d1bc11
017e70e
00ba18d
1cdb9fe
1ce4a6e
1c717e5
00f4e6e
015445d
1e63550
00442ba
1e30d21
02009af
03954be
1f4347d
1fff629
01b703c
0304a92
1fb1330
1cb0a27
1fe2702
1e30cd2
1ff1581
1fcc894
1f820b2
00764ee
1d270a9
1ffc3ba
1fcb401
1c2cc86
004884a
1cce989
00799da
1c508b2
1e0828c
0276528
02af1c5
1dc2f90
0274ba4
1ef31fe
032ad4d
1f8bbe8
03a4039
1d04f30
00d0eba
1e3c7fb
03753a5
1dc8d41
01e4763
1e6dec9
1dcb928
1e12f88
1e111c8
01a64ea
1f57e8b
03b8ab4
00628d8
1f188a4
1e93679
031df1e
1d27baf
0229c6c
013d7c8
1ea4de6
0160377
01f10e7
03d3c9d
00ad456
02eb429
01c7463
1ff3d1d
02ee2df
0336d96
1f771a9
1fab2e4
029f0b1
02ac688
00ddb12
1ce37fc
1ea2d03
03f4360
0399301
1c7af25
01a45e4
1f93fd1
1eebf62
02952b7
004a962
1d35ef7
03b46b6
012046a
1fe05b6
0204d18
1fbe3a0
1d80e4e
1c53778
038985f
1d37ec0
035770e
1c7bd40
1ebdffa
1fc444d
007e099
1d138e8
1fc3190
0061b68
1f808dc
1d08bc6
00ad5b3
1d4e068
1c50a9f
1db86ed
0384b55
01a29db
0307875
1e69203
006f75c
01784b6
1c6d802
1ce8720
0197afb
0069001
1f7a32c
1c172c8
0062c8c
1de43b3
1eea56e
1e45428
1e232b3
01b7da6
0325b73
008bf7a
1ef402e
1fc6688
1c0063a
00392e7
01d8068
1fdad40
000f727
0370f4f
1ebef9b
03f1588
1ec138c
1fe4e72
1f416e8
1d50253
01349ed
1de218d
02edb8c
03f6102
1def433
1ff31b3
1dd40e7
02ca5e7
02e44c4
006f5fa
0340db5
03bf953
0103579
1fbf5fb
0239b37
1cc92bd
1f10f1a
1c64c2e
1cb3649
1e769cd
1e5e8ad
026ba76
00ea572
02dba17
012fc42
00ee623
1f24d27
1e0b120
1c74659
1e728a8
0011b1d
00e7b8b
1c0b81c
01df865
1d8d343
0218c78
004d4fb
02864f6
0365010
0002174
02540e2
0237d92
1c32597
1ddfc8d
0053141
1e02b1d
1caf657
1dfc62b
003dd74
1f053f8
1e3f55a
1c0acc8
1f4e7a5
01685e2
00507d5
1f62393
1ead737
1c67b23
0145b18
02e4ce9
011be5f
1c37aba
1eb402c
0201047
01309ea
1fb8519
020022e
01eba91
1c6d1a0
1ffe677
1dae04d
0350896
1e1fcb0
1ec1df5
0043bf8
03d4424
026a925
03abf22
03539f5
0312a4f
1f21c78
1c3d6a3
01448bc
018cc78
1e8977b
014f7b2
01855bf
0363eda
1da3c8b
1cc65fd
1f1d895
1c2854e
00748c1
008529a
0153929
1c813cb
1ce88df
00ee8eb
034f391
1e6d054
1f46234
1c9a1f5
1feef2c
00193d9
1f38562
0238868
03da67d
0180ebd
0209c0b
0000b19
1fc4242
0096712
036c492
033b2c4
1ea2ddd
1e32f4d
1cee9ef
00fbf01
02da92f
1fbc458
1c69b23
1cf34b0
1e819a8
1cd0bd7
008e438
00963dd
0342936
019a3c9
03aac26
1f8043d
1d2bc66
1fb676b
1d1dd79
03db0dc
1cbdf41
1fc8c85
1f49890
1eb725f
009a350
1d564b3
03a0402
03d7ba2
01d94d1
1e8c843
017b2b2
0070e53
1f563f1
1fbd427
1e36e12
01d81bb
017825e
1e7b5bb
01b482e
1ca59e2
0141e99
03805b5
1e1e98a
00ec1a1
1ee396c
1df43a5
01fa985
03a168b
1ceb756
1e62d4a
012c1b9
1ccfef7
1c0ff40
03c99b8
0079817
01496d0
01e841f
0180e74
03ba306
03ba428
01bf562
00a72f9
1ff11b1
1d21f22
03ee63d
1cb5671
1d9138d
00f0e1c
1f498dc
1f81695
1ec4c99
02fba14
022947b
00ef9b8
1e9987e
1f276af
1fc8d11
0044940
01315c5
00f2990
000700c
1c13f3b
0153c16
1faf964
00c31de
0301a80
00038f4
1d20525
1eb8adb
1c62a87
1c47269
012a266
1f29443
1de6720
1cfb80d
033d0df
1e5b402
1e6bbc5
0105be5
003fc1e
0291045
0171d7b
0313834
0208d34
1c4ef32
1f05b96
1f203a6
03e7722
1fa8004
00fe845
1f47411
0176468
0266555
01d253a
03dfc59
1da20e8
1c95feb
1c97879
03d3c02
03d3ad0
1c1f53d
0130f13
1ee3f93
1c138a8
03c223b
03bed97
1c3e942
00945ef
1d78582
1c1f18f
03cec9b
1c4fd67
1d174ce
1c60d79
02b53b9
014a4a9
1db6e1a
1d63c09
1d45333
0270f16
001ab92
0071917
0270a94
00cfb49
1ec1f2a
1c2a8ef
1d3b56a
1c31e55
02424fb
01ea5f0
0229f02
018c78a
1f4f4d3
1d2512f
1f63647
1cca41b
1e20dd9
1fc6d96
1cc2742
00da29c
1e30109
1cabc4c
0036aa2
1ea6e3b
0274098
03f4508
023d5ce
02506d9
1d58463
1e17079
03ee14e
1fc2bd7
1d46d6c
018d837
03b484c
1e60f27
02026fe
1da89d0
1c6084f
00ee37e
1d4c73b
1ee16eb
1fb02d3
1ea31ce
1dc1c46
03d0210
1f3c984
1d66724
01df9b1
02cf86e
021fc86
1d633e5
1d28b52
1c80970
1cfe6bc
0347749
0353ca0
1c16797
0129607
00d17b8
016a479
01cd6e0
037db0f
1f02882
03e38ba
1cf30b1
021448c
01823fe
1f43825
1cff288
01539be
0143322
0023ec1
1fc39f6
0330459
0184da8
02abc0d
020a714
008682a
1eed645
1cf5e08
1fb25cb
0374f98
00eb02a
010e9f0
1d705dc
1fb2ba2
0352a4c
1d95d98
01a9c64
1eec80f
01a58b0
1fc4be3
011a8d6
01869fe
1eb54fd
032e46a
01f3135
0083efb
1e5ece7
1d8e798
1f9803e
1d553e5
1d85494
1c83913
012f1c4
1f9043b
1d9be66
00e6781
1fb0d55
0291579
1d81108
1d93397
02f011e
03f09be
004f755
02deb6f
0156307
010426e
01cbc85
01942b2
1cf3195
1cdae66
1e773e1
1e842ca
1cb8a52
1e485b1
011145d
1faccf2
0307609
037b0f6
0015836
00034dd
1e52016
1cf367f
00efb15
1fc1aba
1d64c70
010321d
01688e5
1c90817
1f6178a
1fd83ea
1fd2f42
1f608ac
1eb8866
03c83c9
027b65d
01083fd
01c5991
0354cde
03732c4
03a655a
0000867
037e7e6
1edb860
019fec9
0235a73
0157bd9
021b712
1c89150
03cf30e
1db8dbf
1e631d6
01d4af1
1fe051b
1d0192e
1c39963
0045bf7
1c70620
1f33b61
02d3903
0204cc4
1c5eda5
0228ee2
1ee364d
1c98030
1e2446f
1e18255
022f861
00e1918
1ca8f9e
1c3623d
035a2a3
1ffbfd2
008a82b
0185515
1de6588
1c181c5
1f0248a
1cc4d56
0054ff7
02677b2
1f13a91
1f11b3b
1eef6de
1f6953e
1cfd67b
1f1ab12
037bee1
1e0decb
02114a1
1c43de8
1fabc9d
1c8b642
00298f4
00b1dbd
1e923d6
1e4cb52
1c28cfb
00f37fb
1e25f55
1d89abd
006302e
1fd1223
011d74e
0207fcc
1cf766b
01d0a20
1e7ce7c
0006125
02f409e
1cc0539
0064a96
0066aee
00e3661
03f9def
1df8c02
1f9764e
00a64e4
026431d
1e6f20c
1da4e4c
02c2ec9
000a921
03b0737
02d97c5
0132c9f
1fe03e0
0395035
1deda92
1fb0882
1fdd7cc
1ee1c7c
1ce606e
03d7150
1e04463
1fa0c11
1de2d06
0010414
1e8a241
00d812c
01ae75b
0282a18
01b5e03
1f42a3e
1fdd0f7
1da082c
003ade0
1d99b19
1dc2104
02a2d9f
014b7f1
1e558b7
0322710
01597c1
0067c4f
1d0786e
1f629cd
016bd64
1f74bfa
1c39632
1e47656
021636e
00e9162
1c55ad7
016c43e
00d81f7
0263765
1e18bda
1d73a0a
03f0fd9
1f6e318
1d1c165
00af266
011fa60
1e6d84d
03783f0
020e69e
1c33ad3
1c9bda7
0153d59
011c2e5
0008abd
1dc4b3d
1df965a
00515b8
035c19a
008b3e0
1c95b7a
01d6917
0113e5e
1f0bc2f
00d8862
006bbeb
0053032
1c870ec
036d0f9
01e68d6
1d7576f
018bf06
038b9da
1f09c21
01d5a24
1c6437c
1fb1350
0041704
1f77c44
1e161eb
1f80282
026cdf0
