1e4927c
02dbf0c
1d0f10e
1de9fa3
1fce5a0
0027847
0306b73
1c9c7b0
1edb9c5
005c927
1cf5978
02b016d
0391c40
028eed3
01821ad
0037401
1f43521
00c5130
023f754
1cc6e1d
1d84150
1c72548
1cabf3a
0010373
1f3acfd
00df901
1c4a221
02ff90b
00817bb
02362c0
1fa4ee0
1ebd495
02a6950
016f6f4
1fb6155
017daa3
1f794f5
0004811
1dec996
0210fdb
02cce1a
1fd14dc
1c5a7ee
03f8768
0357b71
1caa64d
022cf9e
1c28d65
02548a5
00ea282
0213b10
014d91e
1d05aaf
1f62469
1e3ba88
1e243ff
1d351f3
03bfb52
1f89672
03cf30b
1e11fad
002cb2a
0195953
1f5fe5c
039883c
1c4b7c3
1d93cc7
021dbb5
1ea5d7c
1fca900
1f03499
1e76579
1c069b5
015f53a
01d6067
1f9671f
1ea9513
028420f
1c40104
1f461d6
1c13a70
025a254
1d3296b
02a20a1
1f2e7bd
03c2301
1ea6150
00cc716
1d7d9c0
0125c6a
0227405
1c655e9
019c8a0
1d5fc24
024282f
1f36245
1cf5e87
1f5f855
1f659f9
00f17ff
022d026
00c3cd3
02140ec
03ec4ee
02debe4
1d19c02
02c645a
037f64d
1f47b38
0294d54
1d3a512
1fbe200
0173bda
1dd4ce5
1e4468f
038ec7a
02f53f8
03b5b21
1c317b2
038af25
00ba90f
1c162c5
006fcf7
1ee3015
02b9b9a
019975d
03778bf
03b0cfb
1c41cc5
1e97548
0367d40
01a4b06
02e4d56
1edf1d3
008e1d6
027cccd
1f03400
1d071f3
02e0fba
01bab89
023bd98
1f3457c
004105d
1c85a33
00d3795
018b0fb
1c14d70
1c7eb54
0194010
1ea62e8
1c07adf
02889dd
1e530ac
00fd2c5
1c12503
00c3b9d
1f8a9a3
038d65d
037c61a
1cbe7a9
1f712f0
1e379c6
03bdf08
1d26ee1
00b0936
1d8d44e
1c8358f
026e377
1c21eac
0128ce8
1f9ed26
0072bff
01d4162
0039a70
1c82ac2
0115246
1ce5dc8
1ec45dc
1e21744
1fba18f
1e8a2c9
1f47b9b
1e07892
1ec73d3
01d926f
0135287
1ff2078
03e08e6
03793de
1f9d902
1e680bc
02d87f5
1d66db7
1e7ef06
1ea4cdf
0158835
027d54f
1e172c0
1cfbe89
1c1de6e
021b073
1cb4645
1e83742
005588c
1c2625c
1d9f2db
1d75328
1cd362f
02a1073
1ff4640
1ce16d5
1ed07f9
1f21549
1dad1c5
1d7f289
00d5783
03731d9
0256c28
1ee0946
1e6511b
1c93b6a
1d0e047
02b9ca9
1e9f804
1f556b8
1f4d27a
1cd4f2f
0078f48
1e4e33a
01f8e07
012a009
03f8578
0266770
03fbbd7
1c19f67
1feec6d
03ff232
028f661
1d18a2c
1c972a6
1e6ab6f
003b9e1
00225ad
032974f
0341383
031c938
0354adb
031d93a
1dd965a
021d70d
1cbf8f1
0006a28
1ee9fbb
1d879a1
00ac1a7
1e58740
0368c1f
1ef6f6c
1eeca74
030a5b3
0034786
014118b
0011c29
1ed9d86
1dc50d1
015af7d
1ed07f3
1e22387
1e68989
0277093
1c8fd9c
01a8738
1f014de
1d6acb3
1e5f15d
1f9fd88
1d99203
00c3a37
00b7984
00a4a99
0096a9e
1d75b08
1f98edb
03cc2aa
02c5323
018f32d
1d9b58b
1e4e976
0370ca2
1fdbacb
1f11953
002d5dc
00e667b
02c899c
035b1cb
1d5d4da
02d425d
1dc190b
1f18d57
0051aae
015aa2d
01b664a
1f57b3c
007d472
1c43fb5
1c6f5c9
1d005dd
1f9343a
1c46ded
1e9ebed
1d3e6c5
03e439f
1ffb2bb
1d0d60f
0043f7c
02d19f3
1f52b78
03f9c06
025165f
1ed698a
1d1b53a
1d3ac0d
037b4a2
0382245
1c955ec
1e13811
1e62c7a
0199a71
1c183c4
0360b45
00a8b4f
0117489
1c4c553
014cfe2
02ac815
0124c8b
002267a
006267c
0050e3e
01edc25
1ed8dbe
01dc24f
0181155
1c8129b
03ec0c6
0267211
1c61e93
1d96c18
1e60fa3
00f3885
1f5508c
03b5554
1d78964
1f3dbb2
0278af0
036e917
0344db5
1e7c29b
1ef7a9a
1ca1772
03109d9
1c5bb47
0265d3c
1d4b222
1ec9323
1e9db27
1e68bc5
002fa9f
037bb8a
1f4082c
017265b
00891f1
1ef582e
02ed940
03fdb9f
1d8f8f1
00f27e1
00fd183
022d1fb
0013b3f
019c7ef
01ce933
1f9ff67
1ed8324
013bb0a
1e2c453
01350c1
000eb68
1d230a9
1e573bc
1e4bcb1
034835e
016eac8
1c62184
1f80e44
1f1e4f0
00044ba
01df197
1f486cd
1f894f5
1dae534
014c802
1fecd84
1d9f6dd
1e19397
1d2a1f5
033e2b5
0175351
1e8af29
00f10a9
1c846f8
1cc1c70
0246a33
03593c9
1e42a12
01135a9
1cc9dd6
1de4799
1f66113
1cce249
1e562c5
0211df0
1e8460f
1f66c74
1c872e0
1d153e9
035291a
1d0731d
1d61d92
1e84ea5
022f6bc
0341b59
1c5d19f
0387652
1d5189e
1ff3303
1c84ef3
1e42296
1c684d2
023522a
0043373
0320e68
0061db6
003f903
02a81f7
02a5e9d
1edb6f1
1d56a1c
00f774a
1e10b00
1c94272
1f7220d
1db9945
1e7c605
01fd270
1cf2d00
1eeb05c
00f9757
1e35f7a
021102a
02a2b61
1ef47bb
00ec9fa
1eee696
1f90eb6
003b004
0348cf1
1fa2917
030e0af
1eb2dd4
0056c4f
0287607
1c02bf1
033c90e
1ef5efd
1c67483
030e072
1d0ee91
1de94f3
039dd8f
00cbc45
02b5dd8
02fd122
1f8d007
1ef3c75
1cac1e5
00f3c2f
005e388
1fa2a95
022767e
1c9aad9
03183c4
1de3a1e
020b0d7
001981c
024f94a
0132b25
1edc361
1eee998
1df0628
1dc23f6
0158872
1e60599
1ff5ed9
022a52d
01369f7
03f8374
00233e0
1ece4c4
1e45cf8
1ceb7c4
03026ca
0103377
02134e6
03539fd
0133de5
00cbbd3
010c2b5
0389b96
1d469c1
1c6b594
1c9f961
030345a
02e3108
1ca2379
01fceef
1d42caf
1d11552
1ff8292
1d535df
01af93d
1e04a0f
03e1b93
0321599
1da22a6
1c854b7
1ddf3de
1dcf6e6
1e33673
02d200a
1e4f24e
1d55bbe
0259d48
012cab7
01bb0bf
1ea9642
1e2182a
1ca380b
1cea2d7
0136e40
0335ba3
020ac14
1db44bb
1ef4f60
017340d
01f2542
1f71465
1d5a9b1
012d4a0
0124739
03d89fa
017f047
1ea15bc
1f57e32
1c51dd4
1f74941
02aad5f
1eb0e02
00a3905
1cc5a41
01d5e70
1d89acd
1f9bcd4
1f8003e
1dfcd1d
00ce3f4
1defbfe
03e58f5
0162057
02d519c
1f78c08
01d2028
0047c49
02a5900
1c09eb3
1e3178d
1fb1844
021ab0e
016c798
02ed8f8
03763e2
1fc1ebd
1df3dd2
00483dc
002fc29
0174783
0009a70
00f1d3a
0347f45
1f308a0
1d27e6a
019692c
00d65d3
1ea9ce8
007af6a
030723e
1e1846b
01fe312
0087bfc
1de2ce4
02e2906
1f95abb
1e92a3a
1ca77fc
1dd728e
1da7e26
1cb1da3
1dab0df
1d4e5c0
1fe6a8f
025ed38
02613bd
1f6c53e
002a5a9
00bcfa0
1f68e58
00320e0
1c0341c
02d007e
0078a2d
006a87a
039a20f
1dad155
1eff596
1cdb45c
1e957d6
1e96b04
1f82e39
00e45f1
1cd1e6f
03c65a3
026b294
0302cfe
1c804c5
1e87079
02d3c29
1e99d08
1e52df4
1d62b0d
038789b
005e110
1db8ad9
03eb72e
1e4b130
1f77982
024a822
004e817
0248449
1e8c835
1efce60
1ff977a
1e9a610
0027b94
1de5376
1c369cf
1cd60f7
03c228f
1ca3a6f
1d9cc9c
1cc7907
1c38bd1
00f70e0
00b0b3d
030909b
1df64cb
1d0e761
0331ad6
038851e
1c694a3
032c46d
034cbae
1c941e2
1ce0a8a
030bfa0
03f619f
1ced113
1c04763
1db4745
1e2dbe0
00d9fb3
03742c6
1cb27f1
02ea598
1e62996
1e848e2
1ea65da
1c77271
0359a7b
000e1c5
1eb4497
0389006
1c46875
1f5b11b
1d3dc2b
0216d3b
00c73b0
0371008
001f2fe
1d26f09
1eeb97f
1ea31a8
1da5753
1e931cb
03b5b8c
01ed65a
1e18198
0175c8a
1e15471
1f7d4a8
0272ddb
0065df2
1da5ea9
1f22999
01d5709
033d6c6
1fb6367
00440f6
01a78f1
1dbd10b
1e24b78
1ef4afc
1ff99f0
006e285
00e966a
1d4bb52
0247b11
01d53be
02a04b7
0056ff5
1e7ebbb
1d996c7
002fb59
0294ca6
009cdd5
1fcb3b5
028d751
1d3dcd6
00cbf1f
1e7289f
1c4591f
02544f1
1dcd777
01b6a5f
1d00020
1d831f8
03bd115
1ea0715
1e216f8
016de08
1dd1e9d
1c7783f
01a85bf
1cd2860
03c3736
01967ff
1d7f0b1
1d542dc
1c15714
02fb0af
00b7cbb
1cc20ba
003c583
02ff302
1c2b9f4
1d2e317
1dacae9
1e46f7f
1dbdc78
0379ac6
1c646ea
1fb5494
1ea6158
0029d20
0098cf4
03a9744
00da675
1f7f10b
0217d4f
019ba60
1daabdf
03506f5
0377eae
024f532
0219860
00bb60d
0340499
0127abf
00ca0bd
00992d9
021042e
00e95e1
020793d
1f6e2b3
02d182a
1f10e6d
1f5e32b
1c0c612
00d39ba
1c2c356
0233462
1d4fcba
0390eac
0212aa2
1ed183b
00e5862
1fbb47a
1f98fa3
1e57eac
1db71cd
03c3ca8
1fe2236
0250ad5
1d4a324
1efebb7
1fbe4e4
1cffa46
1c95909
1ce4ea3
02f1026
03ff429
0175831
1ea8275
1e4af2c
1d9b53e
1e2fadd
00a3b7e
1ecb090
00174c2
0145dd1
1f67b16
1c6f927
004cea7
008d472
1e02eb4
1df6a86
000a3c5
03c6d31
03007a7
00683f7
1f4ef81
1dd0262
1d04886
00d653e
1e57f87
01b31b0
1c3c988
1f5ddcc
0353d55
1c33169
1eba7c6
037d93d
1caede0
1fcb801
1db674b
1f87808
03a7f02
1dddc1b
0090fb1
1ed4644
023b749
02c0f66
023ea15
1e54a48
1ca09c9
006d549
02550b9
010c7bb
1e221ca
1c91539
1e7d599
0303976
1dae62f
1ca5387
0324621
1c1d75f
0098e08
0385463
1cb6a25
01361aa
00d4442
0262d8f
02595cf
1ecc1ca
1cd071c
02399ab
03fe42c
1cdd6c5
1ec62b0
1ff6296
1e96b1e
1eff74e
0385e50
1c7a551
036d251
0025276
01f6b8f
1f4101f
03b2098
1dce4c3
1d63d63
03fa64c
1d1873b
1e48c12
1e80bff
1dcbdab
02dde77
1e57a03
00505d8
1dc8a4b
1cb5fa2
03cadbf
03c9c5a
1c058f6
003ef2c
1e8f99b
1dc4e9a
1f56638
1fff31d
0371fbd
019f1fc
1f035f9
0000885
0267bf0
1f35ba0
1cb2575
00f14dd
0231a40
02b0f1e
1f35544
1cb0fd0
1f0c6e2
0276267
1d2edfd
000fc00
1e8a4d7
1ecbca8
1dad5c0
01bbb52
1d49d66
0371351
008d4ef
1e840e2
1f43868
1d4577c
1c5cbf8
1dff4b3
1ed2b10
1f317cc
013d284
02dd60a
1d307d2
1faabb7
1e8a812
0293900
03aabdf
0314a09
1fdc7b1
1df41e3
03e421b
1f3d730
1d8018e
1c06bb6
1e7ec40
1f10c9e
0193b4f
0035cef
1cf12db
03356c9
1c8422e
1c9498f
1ff8192
03bda98
1c0a343
1c3ecbd
1dc532d
1e4ab36
1ec6452
0394aa4
1ed4de4
1e2cc84
1fc4a41
1ed8dc9
1f87b83
1e07eaf
1c8d31e
014a43a
03fb882
1dc4cf7
1c75f00
1c630c1
1f4b978
1f1d5de
0194dae
1cb4de1
006b86d
1f32e73
0363cc8
0124548
1d5630a
1fbd30d
00a3ee1
01ab13a
00d84c6
1f3a496
004b61e
1f81f8f
01f0255
1c686e5
03d7afb
1cb4d55
012e645
1c3f8ef
1f1d6dc
004d57a
0161009
1fcf121
1f191d7
1c6de95
1f8890a
1c8bda1
015b126
02d762b
1f3866e
03749db
0276d19
1cd0979
1e31fa1
03f4bc4
03ec1b3
1c58328
005468e
01dc2f0
1c5b340
0081789
03840b6
1cc2fca
02978b1
0224e50
1c92381
018df5d
1c66518
1ef9eda
00d19e8
1e4ac59
0052043
1d8e974
1eaf3ca
0167845
1ce3c1a
02ec3d6
1c93a4c
1f87b2b
1e5d51c
03e9175
010df75
1d46a72
1fbabec
02d3912
1df477b
02fabbf
02cca3b
1e90fee
005eca9
01e8941
0367f6f
1ec8645
1cb8a81
01b9be0
1d82f5c
1d71fa3
00e0d66
0391bd8
0208360
026e605
02b2743
1d994d2
1c6440a
0329a09
1ebd8eb
030001d
02a4beb
1cbd0e4
1cd2179
1c7f30b
1d7f6d1
1d4ebdb
1c3a9d1
1c9440d
01731c0
0339243
01f62c6
0317977
01a2c57
023cd4c
1cdecd0
0356fa3
1cc1bfe
1ff28d3
1e90349
0375f5f
006ffe0
1ed3100
011a10d
02d3b32
0326fae
1f83ccc
1cc4035
1f81527
1e64edf
0049e91
00c34d0
00747b2
004d0ec
1f2061b
1d86ff7
02836bb
036742b
1cc28d5
02bb715
1efd777
1d9ea42
02a8ca2
03900fe
032254d
00c522e
1ecda2e
034672d
012ff9e
0161e62
0070313
1cf8f8f
1f8c126
1c4bb1f
0116424
1fe2fde
0080254
1fddfbf
1fa305a
02d6542
1ca6db1
1c63a16
01db651
1d2e8e4
1e5f330
1d687c4
02cf8f4
01e48b6
1e8c6a6
1eccd3d
0215ff4
00a9537
03ea4f5
00249bf
1e840f1
0084fb2
00f96a3
1c248f3
1c2a5f3
1c7da82
02c7fba
002404d
0256e37
1da0cef
1dc4a6e
1dd3b7c
1d65cd8
1ff3bff
02d370a
01a8064
1e78bf8
03bdd6d
1fc4025
1ea35a1
1f738cd
1f30bfc
00bdde9
1ed8b2c
034b0b1
1edbb1d
1cb6c31
1fcfee1
038d064
1ef097f
1d26899
1c6b139
1c6e3a8
023b82c
1fe2693
012a0f8
0294f76
1dc4990
0179234
1e92c1f
1c86351
1f2a2c6
1d3fdad
0223838
1fbdc9a
1f933fa
1c8b43d
1d478e3
031bce9
1f3bff2
01ac9d0
1feda85
00fa3a6
01e17c4
039037c
1fedddf
027db5d
1f811b4
016e7b5
1d9faa6
02ff841
1c10394
1d4038d
014986d
0231eb0
03c0875
1dc20e7
0226aa0
1de38e5
1e661f7
1d4682e
0261c76
02a57f4
011e748
1e174c6
1d23aa1
01a02b3
02f1cf4
1f8231a
1ff0c2e
1c59dc3
1f6db1b
1fa0553
039ab4c
0149544
01594e0
1e46b81
0264fd5
0166052
1ede472
1c554f6
1ce54df
1e9ce57
1dfd123
02c2f17
1cb1965
1cc3a76
013a6b0
03ddab7
002cf4c
0300d7b
020fe4c
01962b2
012a05e
002fe0f
1f0bedb
1cb5012
00daef6
02e9d3e
1d6cda7
1c41653
018cc41
1d79b17
1db17a8
1cb4645
029bb16
001c5d1
038aff6
023e72c
025207e
0259b7a
03b4f3a
1fc5834
0000d6c
1f1fd95
1fe3839
015b4d8
03d6f8a
01a6c2a
0033035
1d19187
1db3f7f
1d1f29f
014b2e2
1fa6778
1ca71d4
1e3be5c
1e73866
01d3744
01e45f8
1c04863
1cf4595
1f71f73
1c07878
019c243
025e55e
018f88f
1d364d9
1edc83f
1dd4683
1cbb4d4
00ec226
1d6d9d5
1c64faf
009bd3e
1d72a82
1f52446
1d6532c
035569a
0341ebd
1d9d35b
0399d12
03d5438
1eb74e2
03a0fa7
002ba93
1e90d58
1d7994f
1fd90fa
1e0da15
0369df8
1dadd39
1c0474a
1eeb820
032a36b
1f619a7
01895d9
03bf34b
038be5e
1c98691
1faa650
1ebd6ad
01a62fa
1d294a2
039afc0
1cd1bcd
00065e7
031dff1
1c4a656
00aac42
026aa24
00b4e72
1e27bd4
034aead
1f1539a
1e5540c
1edd4af
1f1cfd2
1e83cfc
1c3660c
1f8a18e
01b9018
03d8736
1d7448d
007fd00
024b894
1c37a87
0147463
1cf1180
1c2c560
008a6af
015c800
1fa9503
1deae8f
0076639
1f2002f
010fe1b
00afb23
1cd1585
01c4fe5
02f397c
01a6cb7
01fd439
1f51e65
02e56ca
1effb22
1c699d2
0206350
1d8decc
02a7a5e
1cf9f85
1d2a1e7
1c1fec6
1e7c88b
1f093d1
02c8b5b
1e73ccb
1e487af
1fd6980
1f8867f
1eb406e
031acbd
1d5971f
03dd3f4
1fd2658
0166265
1e75738
0257d5b
030a797
017618b
03ab9f4
0030a55
1ea0bf0
03a6f68
003ea38
1dc4e06
00e4512
0177f9f
035a029
03132ee
0370b49
1fd7e01
034e21e
1f19da8
1d6bda2
034657f
032fae9
036a24a
034f49c
0244ead
028c21c
03b45d3
1d27f14
1f5fa03
1d89691
02eb49d
01c586f
01ea3ea
00b415d
1ec8565
030c61a
02f1636
1cea683
1d0d507
02ffbf4
1f2177e
00ab9de
0309b76
1ebebe0
03b3844
031af7f
1c94275
1fa81cf
1fcc7b3
1e6082b
0300278
1e1cac2
1d8db54
01f019a
0057682
1d9b369
021d624
00c0a56
020bc4a
1cd01b5
0251137
1e80d2c
1ce72e5
00c8316
0116e9f
1e42839
1eb7873
1ddfb5d
015f51a
1c8b3fd
01586b6
02f3312
1cfd8d0
1fa196f
0088570
039b973
0237a95
0340d7d
02d2251
01696a2
02df6dd
03113ce
1f6fbbb
03560fe
0332e99
1cba366
1fdeecf
1c7a9df
1fba0e2
1cd0113
1ce26e6
1f82982
1c0f42a
1e5df6a
00214fa
1f48daf
1cbf658
1fa1e59
1c7beae
002b62e
034e09d
02e6802
1eb7b5a
1cdc1d8
03172f6
00e7ed4
1f1ad47
03863d8
1d1fbef
00ab56e
1c1a285
01328eb
01c51e0
1e53875
005a639
020042d
008f96a
1f017bb
1d1a9d6
008b907
0394ec8
1d5c98a
03e845f
1c25c74
012acd0
0160a4d
001e963
1d46e66
0138b77
0298828
0123106
1d7ad14
0036532
1ce63e9
0313e6c
1d2357a
1cedf9d
00a476e
023bcfd
0244fe8
0061d18
021a762
1c80466
1fa22a2
1d1da96
02c6b99
03d456c
1cbdac5
013b220
1e29ba0
1ccfcc8
00ace3a
1f212db
1d329ff
0098c11
007bc8d
1cb8e83
1f68bd2
03c8258
00d6d41
03b0e36
1cf8f03
1f47f91
021b68e
02a96b0
1f446bc
1e840d9
1fe7073
011bf76
1f28de4
1d9d002
1ca1f5f
00d052e
1fb763f
1df49ba
1dff795
01222ae
1e75a00
1ca8892
1fce6d1
03a11db
1e895c9
1fbaeb5
0106c51
00cd7ed
01b340a
1d2f1ce
1c0b930
0025b77
1cb0e21
02bf846
009292e
029f184
1ef6b31
01ae064
023ab47
03b95c5
01dc13c
01996ce
0268a6d
012694d
1cc65cd
1c583bb
035eb9b
1f78f95
1fa7e51
022d438
1f0c023
01dd017
1e37ede
1ec47ef
1fd2fdc
027d5f7
1e91f49
1cad4c4
1ed771a
1c1990d
0161309
01a9045
1f5385c
1f381cc
02ccc70
02722a3
03822a8
02a7a21
1d967dd
026eac1
0100127
03d06ea
1cc5cc6
1eb02f8
1e72f3f
1ff348e
1f32502
020f469
1f768a3
00e84d5
1f0dce5
023b995
01cf31a
012ec27
017f6da
00965ec
1c0098c
1e531b2
00083c4
1c4457e
0222012
1f58252
002b6ce
02bf51f
1e7f319
034856f
022d5ca
1eacf8e
1e053d9
1ed423f
02c32bd
0399392
002e6f9
01f2e3c
1e22f63
03c0e74
1f9a562
1ed3f57
03a58c8
034043a
1fac791
1ced777
02e5e08
021a08b
02c6041
004ddfa
01009df
02cdb4c
1e4bb6b
02ca392
00d803d
1e1042e
1cd2c08
1e8633c
1f899cc
1ff08a4
033363e
005610f
0312af7
1ead00e
02c3180
035eb19
0192da9
02e1180
0092481
0336f9e
036e9a0
017077c
0324a20
1f77ac1
003de8f
1eb25fd
1ee30d4
021a1c3
1ee0725
1da4af8
0335428
1c9919b
02e3e09
1cd9d0e
03a88dc
01f1e59
1e7ffdc
1f80342
1ccd65e
1c44432
1de8ea4
0310d0d
1f78340
1e80e96
1dcf9cb
1cca705
1fdd235
1d584c0
0133500
1fb8c4b
022e18a
1e1e40e
0088f75
03478f6
1d22d58
1f28c11
00442f8
023c862
01064f5
03233cf
037bbdd
1d7ff7a
1d5fb5f
1cebbe7
1c69dba
1fac3b3
02c5b54
01cdc42
1e9ca99
1d1235a
1c45e5e
1c70f01
1cbb51b
00e77d3
1e85d15
1f8e9c9
1ddd109
1eaad05
1fec343
010ef10
1c58029
1f5c2df
1f55618
1c5b477
028e33e
1db058f
1ca2438
1db6adf
1f4759c
01fc85a
1f46a7f
1e6a7e5
1e2342f
1ce3538
02aaeea
1f2db13
01e800a
01719ce
03eef6d
01494a8
1e41c61
1cfdadb
1c7ced7
1e25d8c
1f11009
1e2e25d
0042446
1dac805
1e16dbb
00ace07
1e226b8
1f2b8c3
1d0d55d
016a6c0
1d63fe9
0039fb4
1f11e14
0259941
03107ae
01ed7be
1cca770
0344c80
1e7b05b
1d36780
1eca46a
00c60f7
018bd73
1ef1d5e
03adef0
1fccf4b
00e641b
0312f05
1ca3e1c
1f6c2fe
00f4765
014ae28
0090a2c
1de8ccf
1f5c5f0
1f367ae
1cd0eb6
1faec21
00345ec
0370e77
00f86ac
1f11e59
010ab9f
1c4980f
01b8dd4
02cc147
1ffa917
02ed7ff
025708b
02b05d4
1dce481
0359539
037116b
032b1c9
02b20a2
00ce03d
1dc0196
0306c21
1cd9d1e
0002a66
1f75ad0
1f4de83
1ea69be
1ccc1ed
1f49577
0392202
00fa6ab
00dd116
01a1dd0
1efdff2
1f5eb02
1e4e577
1f76da0
031f704
1da106a
1cd4246
01332d7
039ad36
021c3aa
02f6604
1f375a7
02a74e4
01179fe
00b4402
0081f5a
1f4d9a2
0369848
1ef5e8f
00bf419
004fecf
03f96b9
1da1f72
03491c4
1c9dba0
01b974f
01a17ed
1e8b7b6
1f31b6c
1ff05e2
00e5259
1cfb8d8
1db62dc
001a1c8
1c89ffb
1ce7dfb
00bc405
00a2a4d
1e8033d
033a14b
03edb04
1f9bfbd
0244a9b
1dafb6f
0164d90
1e996f1
1c6b294
00c6b5b
1c010ff
018cc86
01ab4bf
01f968e
026d3e2
005d4e1
1f2639a
00baf7b
1c78fc6
1e301d3
031f9fd
0070ec4
1e2fc94
01887c2
1c22093
1f10b52
02fe0e4
007bbcd
024e0d0
1dd4631
1ea8c4b
03d1d9c
0367532
027ce6c
03148ee
1ce4943
0284328
1d6c2a9
0099b04
00b7694
00ba541
00a5292
0221964
1c40988
0210614
1cda66e
1e3ffcd
1ce0254
1d3f0d0
1e74df7
015858b
1c393c3
1e611cf
000409c
1fa8d94
1dbe7b3
1e94c2a
1e94ab6
1c35618
016e041
1cc3b76
000947a
1fbb067
02ab901
004bffe
1cc0b00
1dd2a99
1feaf6c
004efbd
1c8b375
1fd27e4
1ea0a5d
1c7a331
0115db7
0207126
011358d
1d4702a
0180a73
1e1ea44
1f3715f
1eb991a
1feeded
03691c0
038546a
027afe4
1c90ae5
032161d
1cef372
1d3df6f
1dff295
01222a0
008acd3
01138c8
027a1c9
1d74920
003e28a
0392b32
1e665bf
1c09b7d
1e17911
0101d03
1f3d307
1ca0720
0227441
1d7500a
02a1e1d
035e670
02e156a
1ce7779
03f60d5
00c179d
1dc5689
1eb7654
1f29307
1f78185
031c311
1c2f2cf
1dd6c6b
1c68c5f
1f028d5
1f65551
01d48df
1c203b2
0136a2c
02824e3
1ec25e6
1ce7769
03efd98
1f7f2fa
0254005
0181352
1caf3f5
1f94d68
03dabbf
00fc6f3
1d65e2c
037a2ca
1cd0ac2
1c1d1c0
1ee4917
00b395b
01e8b02
0056088
01be06c
00a30d0
019c729
1df7c92
006adea
1d1d22e
1c8aff1
0124202
01f67df
02eaf7f
1c78109
1dcc159
1e94596
1ed096f
1f956b3
01cd6a1
1c2a672
029a9ff
0375d43
0388d15
1c67dbc
03b43e6
1c5fb22
010ba74
1cd54e0
1f1c13c
0371820
016cb3f
1c009c3
029d7bb
03fd7ad
1da77bd
00db9a2
1fb63bf
01a1b3a
03ccd7c
1f2ab8a
1ecdb39
014b96e
1e83f52
03705fe
021b53a
03aa329
00f4182
1eecb40
1f34d7b
00130a2
03a8cdd
026c70e
1f3a747
0170a54
1ede980
1ed03b9
1f9c1d6
1ddbf86
1f7b78d
016f94d
01407ed
1fc6162
021e399
00c05bf
0240149
0009b9a
023b219
003013a
0255194
02c5644
00db8f8
02e52cf
01c7837
007b6c2
1f1eb1a
1ff7bab
1eabbc6
035b8d8
1d330c2
01e4907
01eff0c
1e0d4d0
1eee20b
1da421d
1cd6a00
1caaacc
1cb6ffb
1f31544
024a42f
010acdd
02cca3e
1e6099e
1c594e0
01af7bf
1c63ad2
1d0e6a5
01beb6c
1ed4e3a
1ecba64
1d2ee7d
1d6b9a0
02f7ee8
0256794
1c532db
038098d
02d0239
01980c7
01b7bd2
1e2c13a
1e36216
1cb8de0
01b58be
1dcbca7
000c2d2
1c52dfe
1eb0946
0123b79
00e15bb
03198fc
000342d
02980d1
1de3225
1d24ede
1f7c004
033cf6c
018a240
00366f7
03598e6
018fe5f
02a8f76
1de348f
00f4e57
01af2ae
1dd223a
1c21e98
1c62043
1faf787
1dd5c9b
1d24756
01511a7
016e934
1d01245
1da7cac
01db27e
1cd1d6e
00394f1
1f0439b
1c2c98f
1de6da0
1c22bb5
0124352
002c124
021ce46
1e61d2f
1c8450f
026f3fc
00b0dc3
02f8afa
01ab9e8
1d7f468
02b6070
0328745
1f4f9df
02c91a8
1c4196c
0145cd9
0395a43
1f4e2d5
0206697
00337cf
1ea6620
1c1f71a
1f566bb
1c0b62f
01ad4a7
1e95c25
1e1de57
014f5a0
1d9ca68
1c7700f
1fb95ff
1cebfcb
022ae60
0202d9b
02b19fb
1e41548
02ab4e2
1df9faa
1f19f0f
000e4ac
03bb419
03b60b7
034729e
1dcf773
010b43a
035b9ea
1cb9e5d
006a4f3
1ef9d76
1d3bd7f
02d8477
1d11ec1
1dfdb20
1cf6e60
012ba1e
02a414d
02cbbfc
018fa9a
03603e7
1d0d5ad
1dbfa97
03d0748
1ff4bfa
1e7db99
1dc4b18
036117c
03b06ac
0335441
1f47f52
1c0e5a6
03e1773
1e7fffd
1df33e5
0212f0b
1f59731
00c8bcf
1fd87b3
00f04c9
021ed6f
03351a5
0373ccc
1f5ed3f
03b3216
01683c1
1e3a36d
1c82f52
1e72767
1e8dcaa
1cdfdb4
1fe743b
005219e
0329514
1e85390
1db816f
036751a
1c40721
02c7ae5
1cc6fc9
1d6ca7d
1de793e
1d3b111
0328364
01f6d14
0217a33
03cd3ed
1f25b66
1f82a20
01ccd52
01491bb
1c3dd7d
03cabe8
1c6409f
1e591f7
1dadd59
1dfb449
02dfc3b
0276e59
1def26f
1c07f3b
1ecbdca
0172a0b
1d1f453
02d75b0
1f3bc5f
03b42cd
1e8e3d0
03eab2a
1d91196
03a239c
01d702e
0192066
1f5deca
1cb5478
03e3b48
1cf4227
1f40746
1fc9ada
02f8da1
0184e0d
1cae82e
1c680e4
1e00110
1ecccef
03fab23
1f8fa23
03a797c
1dad376
1e08351
1c1eaf2
1d0aac9
00c7dce
03c0dbf
00c0d74
00dcd6a
1e3000d
1eeb54b
026cef1
0326c50
01423d7
0099424
1c92ff7
03b3f04
1d80200
01d9ff6
00e07e4
0202709
00071d6
1f9bea8
1d13bb7
029cee0
01b813c
00739b9
0304efd
03a37f7
1c25092
031402f
1deb630
030f147
1ea9334
1d89856
017242f
1e74f53
00ede31
1e0e5ef
1ca6a02
1f6eb6d
1de09f4
1f1e7d0
1de2b88
02d8241
1c822c9
1d501ac
02e04f8
011bf19
1f59bd9
02b3553
034ee16
1f12ecd
021cc3d
1c6246c
02be1c5
1f56a86
1e78a72
1ca22a5
1da2d67
0052773
0024247
1ee4a4e
03c5cf6
1eb5aee
03b077b
1d910f1
1e7b1cb
1d52c73
00adc14
1f95fb1
01bee15
1d2eb8a
1e58c4f
0385190
1c96b5b
1e021bb
1c42aed
039a115
1f46c19
1ec0b8e
1f3fc7b
1f9997b
1f58b12
1e9381c
02d034d
0002e67
0266c2d
006cdbe
1fbfc53
0110209
1e7d472
021c940
0147140
01a3978
02807e0
1c303d9
01674f0
1c63842
03908cf
1ed48df
0277eb6
0170d5d
1c107c1
00fc1bf
0217709
1e047e2
1c98760
1d0e87e
1d4b6df
1dec420
00d9046
00b64c4
0177c82
1ff9ee3
1ddfcea
1e2fe18
007919a
1f3036a
1e92379
1c06646
1cfe429
1e9de1e
02b0be6
1df7603
1db7463
1c403f8
00e5bc8
020406c
00db641
0193bac
1f1704d
1f40263
1d7f90b
00e1907
1cef25c
028163e
02fe76d
1d1e2ed
01b5fd4
02b034b
00452e6
1d777aa
1fd30b2
01d843c
0040f95
0006778
1f7e040
1d341cd
008aef5
1d0392e
02ca493
03ed035
0376f0f
1d9ec68
038bf72
1dffeb0
1fd4e52
036f58c
1fb858d
034bdfc
1daf34a
1f2bc6b
1cf38d4
1d5445c
017558c
03546c6
01b9275
00e03a6
030ed30
03f5a6e
1c577bf
01891aa
1e97797
01cb35c
1dfb24b
020813b
0354933
1f5d573
03acad2
00c0c47
01d95a3
0384ec6
1ce35c7
1f0ff8a
1c83aa5
1e1ffb8
1e58a95
1e69e05
00da524
02057a2
1cedbde
0014f9f
1ce9720
035bb51
0380bfc
00c458e
0045afc
00a653d
1e37c81
1ef6504
0374fe0
1c07d03
018e300
1db2b06
1ee1d4c
1f1fa9c
0273cce
1ee1f9e
1efdc51
1cbc497
01e5b84
021c078
01a58fe
0238d3d
1c8920b
1dd7a07
1ddfac7
021ab9d
02ec219
1d8002a
1ee24fd
0124588
0051c19
1c6eaac
037aa17
1ee9f54
1fe9c8e
024ff49
1f82e9e
0180a03
000ce09
1d01c26
02e4164
1e36f94
000539b
1f85fa8
0359b2b
004810f
1f3a1c1
00668c0
1e72dc0
02d856a
019aff6
0332573
1f3c78a
1d3b60f
029e128
036f5c8
02e7aa1
1c4ed26
1c76d3f
0275dfd
00efcc3
1fbcc20
02d2f73
0130600
1d7ed24
1cfed78
1c88d92
0109d6b
01ff2bf
01fd74b
0139692
0206454
0159f10
03e7940
00ec713
015871e
1c325f4
02216c9
034fa7d
0349818
030c206
1fd26dc
1caba87
1f9e7f6
1e2cb28
00f3e8b
1df11a6
029be38
00e070f
0113779
018f1b0
03ff70b
1e3a66d
1d730da
1c64916
1d0caf1
01ddc37
0036998
1d60fed
1fbd0cc
1f51089
1ce07f7
0365ee3
00445b3
1e6e1e3
1c4d6c5
1ff9216
1df1bde
1db62ed
1c8e47f
1e42a15
0140abe
1c9ce46
0280b41
1f7c10d
1e8465a
1eaf332
02d4fd4
01e98ad
00d29b9
1d0e5bc
039082f
1eab486
1cf24d5
1d338ae
1f2fdd5
02c6c61
1cc49cc
006e1af
1f5afb7
1ed970f
1c57e86
00f1649
1c1a521
1fa97dd
00f1c91
0053173
1fa12ea
03ba1d6
1e9ee73
006668d
1ee9caa
1da0ed8
02c2814
02cd745
1c1d97e
0193aad
0036d15
1ee6a83
1d4f817
03eafb8
037d28d
020e2f0
1ca78fa
1e57b46
1e588f8
0375286
0153d3c
01b59fc
02d639b
1c33551
019e014
1d69b80
0215dd2
03faf5b
035ad80
03bce38
02cb57c
1f5a3a0
005e373
1dd5c02
0346e13
00dee1c
022ac12
1e1417a
1fbcc89
1dce0ec
030cbf4
1fe2bf5
02cf79e
0007f13
1fbabc2
02e1257
1cb8057
1fe802c
0344ead
0071869
026b21e
1ffcdc8
023f248
1cd11bd
015a5f4
00a1903
1ddde8d
1f44e19
1d96e1f
1f20074
1d7b352
1d7dfa3
1d13265
00d485d
035caf7
01f92c7
1f15a76
1f62a53
013a69f
1ed3744
0155888
0310cce
015f13b
1d43cc4
1d4d714
004335d
1dde761
1e8ef4f
00b2f72
001944d
0348080
1dc3b15
0235497
02a1c44
009e3eb
1ff14c7
1f779c8
0384cc0
019c449
02ad1c7
1d9f2fc
00aff6a
01f652c
001c734
00a0adb
1fd1c81
013c083
1fa0c9d
012f372
1ee6568
1e34988
00007d4
1ce335d
1ea92f2
0224cce
1c54abf
038f93d
020c00b
1fbfe4c
031bbe1
00e09ab
00bf346
008d04d
033aa8a
1c207bf
03ef26e
00e36e1
038b915
1d0b647
032cb88
0225c4d
1ea8c2a
0178fae
1dfe163
1c39cab
1ea0967
1c61ef5
021d7f2
00fc7ee
1f10805
012b17e
1c08dc2
1ea8ed4
1d4f11b
0251862
1e55909
00935bf
1eaa382
0243270
1cd9082
03ee89a
0258982
01424f5
1d79ab7
1f6d274
0331897
1c5ace1
1cf3df7
020fecc
01e9660
0014cff
1c60ca5
1c5cd56
0148e7a
1d47f6c
1fa7965
00ab25d
0304975
0021ffd
03512a4
1d20742
0100ad1
1c4a3a2
1d2fcc4
1c5637f
0098a35
027a583
1d6be1b
00b83d7
02f97aa
1c57f40
0346259
003d5bd
1dc7bf8
1dd6758
1fa641c
0375862
03b2b0b
02de0df
03612b4
007af2b
0306bf0
03c403a
017133a
02f5c00
01e49c4
0052f60
02e128d
1e8eed1
1f426fb
028c436
1dac0e1
1fd08e6
0242eb9
009c09e
1d848aa
1caab2c
1da9d52
1f4a9d0
02964d5
03aa7b1
011a8fe
1d71fdd
1d07694
01f368d
018b5f9
1c2091c
012f066
00f6101
1c11d68
1f27cee
1f9216e
0044ffb
039aae1
1f56127
013807a
1deafbb
00f6b4f
0156114
1db69a6
1d06341
1e9b954
00a9e96
000820f
1eeedef
0013366
02a9d53
1da35b7
02e18db
01ac89f
00bcfea
022d663
1e50f6c
1f9c890
02b8eea
02d8325
00ae3e2
00925ed
02790d6
1da3599
03ebfa5
0087256
1f5342f
01da106
1e3e501
1fba18a
1ddfdb9
1fbcd62
1f01d75
1f25980
0317845
1db7151
1d6c669
1e86c95
0050dfb
1ef298d
1fab8bf
0387467
0191129
021dc45
010e7ae
01e60c6
00cbb62
1ee7081
1e77312
02b5c70
1fd59c0
1c944f3
020b94d
016b702
01160fb
1e65d9c
1e5938c
1ebd862
03cbc16
1d35e85
1dfba37
1d98ee4
008dc94
1e045bb
1eef738
037d967
0091558
0005c16
1d54f3b
1d55118
007e84d
1d994e7
0320f11
03f5062
1c5e484
038eda3
01ac650
1d665be
0353e8b
0281ad4
1d989a0
009a840
007ffc4
0219366
004e98a
039b08a
034fe33
1f72c82
1d3de95
1c6a49e
1e1d9b4
010eeab
1f5b4a5
03f67c4
1e70ed4
002da30
018be2c
01b298b
1ece21f
1c3b7e5
1fc508b
1c6f93f
02a8dae
1ccb1dc
1ec7026
000aae4
1da1931
008c0a5
017fb54
00eecc8
0038225
0395666
1f8579e
1c18e43
1cd821a
01140a1
1e27cd6
006024b
02c50a8
0038745
01fe85d
1cb12fe
01db3f6
1cd8bb1
1d4cec2
029e2f3
1d4db67
02ba86c
00d71a4
1da7aa5
1fe9c70
03a1c5d
008373d
1f50a33
0158e05
1c87663
020addc
1eebade
005a3a0
00e6485
028d95e
1ec2de3
1cbddfb
1c30775
1c8b764
022c388
1c13bb3
01aab34
01d39be
1d462cb
1cc4831
0366d26
1e75dee
1cfe293
03b1aa3
03216e0
013a83c
1d542ce
01e7e91
1f97bb0
1dc9896
018dee2
1cd805c
1c2867c
00ad887
0243707
032a8e9
1ff435e
0186adb
00cfe52
007bd2b
1dbf3ae
03fc19e
0213867
1f8ff1c
1c1af06
03cf4b9
0167de5
031e01c
03793b5
020ee60
1e3d83f
032b350
1de48b6
1d71db2
1c6945a
1f3848a
0131f08
028a9a5
0389328
1cd1868
00b4c3e
1e7df43
1fee8fb
1c4cf0b
03fde07
1fb090d
0264d1b
1c44d0b
1f36d1d
006e8a9
011cfb3
03bfb12
03cd6b3
03563e0
1c91b8d
0057b3d
1da4aa5
1effe16
1fa2bdd
034690c
01ac113
031c9e9
00fcde0
022bf53
1f59833
1fab849
019a412
1e03fa8
0127cc8
1fa8e78
1d6e762
02a3fe8
1ebdd6d
1c147e9
1d11a43
0292fbe
00b1b52
1e93002
037f610
02322b8
0022ccb
004bda9
010477b
0190727
1e479ac
1dcf4d0
028cc23
1c9a41c
036511e
1d7abae
1e0aba5
1c560c6
01bba5e
1f99578
1fe397c
1dc88ff
1f168f4
1f15845
024f108
03381dd
00726b7
1f303f7
1e8c340
0299765
03e6be9
02825e1
1c6df55
03a5db8
1cfbcbf
01bee61
010199e
0041e15
0006474
1edc39a
00d2d9f
0213bac
1c97f57
1cd820d
030c774
01cb4ab
026f12c
1cfee0a
03a0c48
03f6a73
1dea812
1ca911c
1f4445c
1f7fd62
1e2835c
1d84073
0333b3a
03fb9e0
1fb1283
010bd9e
1c6b9f2
1f0aa90
1fd2155
008d8d9
02d9304
1d75062
02626c8
1f38c62
1e5a0d3
03edc39
1fb70db
0378648
01708b6
039afa4
1d9ea5c
1f03ccc
1f01cd6
0137b1c
1dd2827
1ee9939
1e4fc0e
00a1e54
028cde6
1d80be1
1da5beb
03c33c7
015dc89
1eb8c9b
02c1edf
1eae30e
03128ab
031ccbc
1db13db
1d143ef
1ff5d1f
1f9fc75
0204d3b
02a1449
1e345d7
023ea8c
1e72cfe
1d0ba0c
1dd7b40
1f78175
025bf16
00052be
03a8d84
1c61d51
01b7eb2
0211a5f
1cc589f
026ad8a
1debf8d
1ecc5d7
1d2d49a
1e48510
01cd6f8
038c4e9
03fa967
01b28ec
0110b1b
012ba32
032885e
1f16080
0315c16
1cb8e2d
0099055
017e61e
03c5351
1f0ee9a
1cb3ae0
03dac5c
0207f36
0079c15
0240329
1d02d79
1e73763
02294fb
013aee6
1ff2688
02a95d1
00f5bbc
0135c34
1ef5937
1c1f541
010a773
00adafe
03ccd40
1c35432
00b8035
03b9cbc
035dc6f
1d5c17b
1d674c2
03e5256
00d0134
03b3ee6
0079d4f
03bcc0b
1eb0788
1de5739
1ff9d24
0231cae
1cc1863
1ce8730
1ccfba3
1d8139b
01804ae
1e5e4de
0049bb5
02f06da
1d6a9f9
1d766f1
1f590ca
1f34790
1d6a128
01688ed
01a119d
021aa47
1dafcd6
1c991ca
1f091fc
01b0055
00e4a30
03a21ee
1d86bd9
027f2a7
034e909
0334834
01258f7
1dd1447
02fe209
0020260
1e3bab9
023865b
002ce57
00171e2
01a2193
1ffe6b9
1d05248
1c76b5a
0192883
029ebdf
009d419
1c2c275
1d16470
00c57d6
1c3606d
027dcc0
034edec
01a3455
1ceb3f3
1eee680
1ee9361
1c6ed2c
00277a1
1e42e6c
03a7de7
021a37a
000fe94
02cc998
1c436e8
0028642
005972b
1f56d2d
1cbe834
03dc260
1e57c08
03c5e58
1c1bed8
1e2f7b1
1f5cd25
00ec2e9
0231cf9
0391eae
1fc2fd6
01e7b7f
1dd654a
02a0d88
0006e8a
1c302d2
1fe8d69
01908b6
00fd824
0306f92
1e62da6
016b6bf
022039a
1e24b5d
032a2c2
1e8ce36
1cea55c
1e61516
01e2c61
1e2d934
1e57d4a
1c58fa6
1f0c965
1ca00a3
003a1b6
1f27b03
1e0535a
033428c
1e82689
013508e
1dd9685
1d770a8
020c810
031dbaa
1d062ee
1e3f9d0
02098be
01e48c6
01a7ed6
1cb960f
0298c1e
025a7d8
014df6e
1dbb78a
022c689
02dada7
1f7a518
1d1aa11
1e2035c
0120a1d
1ca1d93
1c4c0c0
02332f4
0316d78
034aea7
017448f
1cf909b
1ebb6f8
01b0464
0328bdd
02ec6c3
1f51b3d
03dc76b
02cb947
021346e
1f9a8d5
0179175
03628c7
1eac789
1eb31d6
1e38ffa
000fdbe
1d0e795
1cc25cf
01048cd
1c744d1
03760cd
1ff2d42
00fcf3e
029e8c4
1db1d4d
1c43468
02e4845
1c460e7
02e6af2
0016a5f
003d690
1fa61be
1e68a27
030667f
0194c59
1deb39f
00e9601
1fa75b6
1c22174
1cab610
1e20435
029e4d3
0253118
00c7cc1
1fa7b9d
0348a47
01b49df
02f49b6
1e6fbb7
0015da3
0346f0f
024cd83
03857fa
1e75006
1c69129
1d131e8
1d161f1
00f0988
0331708
017d14b
02f45c0
02c982d
1d2beb1
00a84c6
00f1272
1d6aa45
1edb639
1ecb9fe
02717b4
1d7e6da
1e8c1f7
02f9ddb
1fe67d3
1ef902a
1db0e43
023609b
1f3eace
1d620eb
1fed5ed
1e72148
0031143
0381206
016a8fa
1f86835
1c948a0
0143874
1d4f2e1
00452ad
0202055
00973eb
031a4e2
1dcdefe
1f9d403
015ceae
0320ee8
1df3791
1f16715
1fb9ecb
1f47be2
0358e54
0341f0a
1e26680
0235f4c
1cfc467
016467d
00e2cb2
0386371
0296921
1ef8db1
1d73142
1dca12b
1d5870a
1d55652
1dc3b3e
1fce9df
1e90761
1ee4228
1d20799
1c82ea9
014be1f
02aaea7
02c4661
0275483
1cf1335
1e8f06d
1e6638b
1ccc68c
0295439
02603af
00ed14c
02c20ce
1db8a7c
0045fc1
0156178
0253db7
1c43340
1fbc037
03766ee
1d898ac
00ff464
02d7631
02dd5d3
1d36c63
1e4c45b
1db17b9
1e6190d
0234681
025c801
1c3521e
030fe80
00e8ca9
1d470e9
1e0afcc
1f5daf5
1fb3fa0
1e742e0
1ec81f4
1ebf9d4
1eff958
03adf0e
1eb5691
03f9977
013e801
1eb12e0
1c47c2b
1c7be9d
1e914d3
1e45219
02a2601
1dbf78d
01509ac
03749fd
1c6611d
001a6b8
1cca0fb
01fa382
0349491
1cdb0c2
03a0167
1d5c6c4
01710ec
1d27b00
03da32b
029c962
0274031
1e0e0f4
01fbd4c
1cc9df6
024d26f
02ab9e6
1d2b5fe
1cc93b4
1e450e4
039be20
0253236
0246cd7
0060e71
1e2482d
019fea0
1e8d21d
01aa351
00cad66
02b8bbe
005307d
0332204
1dcfe4e
02b2640
01d9273
02005e6
1fa74a4
0276852
1c6b7c3
1eac361
034bb8d
1d28b83
1fc90a7
1f35f14
1eb6f65
1d4b945
1f78ab8
1e886a2
03af013
00ebb31
000da8a
1fbcb4e
1d3424e
1cbc542
1e00185
1ccb706
1ea3671
00581f0
1d24fd6
03c4a62
1c7a484
011a3ea
02d3fcf
1feb0b5
1d02e12
00eaa31
1f86fe3
1fc81dc
0273973
1f4e5c3
01e569d
0160883
02916f2
010d6c6
01f9bcc
03cf19f
1de1666
1f72559
1e3acc9
0034ac1
002bd47
02caf65
018f8eb
0121dac
0238c11
1c550dc
1d98742
1c39cdb
01e6ecf
1c717ae
1ea8b55
1f29341
02bbf24
1d6c031
1e8017f
1d5700f
026b1e7
0120758
1e7c819
1f3a6d9
0174f46
004ff34
1e459b8
00f6900
1c3d7af
1eb7c74
00820ff
0252940
03b5d16
1cadbbd
1d439b3
1d5eebf
1ec7f66
00e4ff9
1fca751
1d22589
1d5291f
01e1852
1e1a712
019a91b
1f28124
1d7cdf7
0338a57
02320f5
1ce489b
036b682
015d7cc
02a5358
1fc8e76
03743db
1f477fe
1d08832
024bd7e
038c7e7
1ec7434
1f1fd07
0101fdd
1e0d28c
0194b73
1c3a4e6
030cd17
1dee963
1cd5559
030367c
1d21fcb
022f9d3
1cbabdc
00bc749
01cea9f
01af15f
1ed35c1
1fc3288
1d65afa
1c3f697
03e22c3
1edb729
1ea6f87
1ecbcc5
1f367a9
1c0102b
0358420
1ce9368
1f35ff2
1ffdfee
0273715
1fd70f4
1c4e963
00f6fdd
00c4b0b
1e597d9
1e894fb
0383bcf
1fc1b52
03a3e8c
1fc8e2e
0208d9d
1fb631e
01d539c
1e35184
03a88ec
1dcc2b4
1e5c286
1c68783
03f7221
0380ee2
014a275
1cb8b4f
1f97e86
1f95e36
1c3efe3
01bb0d2
0016229
0191a66
01700dc
02ddc7a
02071ec
1ef8c47
0381ac7
1fe6611
01e4aac
01c8814
1dc30e5
016a74c
0008078
1e070d5
00a6754
022d281
1e02a42
1ca11d3
1c2c9aa
01914af
0182ed9
025679d
01342a7
0202ea9
005201a
019168c
1f05369
1e1d29e
1e72fb5
1fbf030
1e35c8c
02e0af5
00dae7e
1e7c323
1f78d5c
1eb7df8
01896aa
02f3ab9
00d72cc
1c011d6
1d1864d
00f71ce
00aa5d7
1dade26
03c4676
021d261
1fa879f
1f3a5b4
1d1e82b
02c3eba
01a7f24
0262ea5
0031f93
00511be
1d179bd
01a60aa
1fec083
01caeb3
1d453f9
1e32681
1cae169
1f4c5e7
0112abb
035961e
01374c9
01739c1
1d3b2e7
1fda1ad
1cddce8
003490e
1e277cf
0387f95
02c3ddf
033c7f9
1dd81b8
1ed8128
1e5b152
1f34078
1e78f6f
1fc026e
1c4729b
022080f
1e4346a
1e36645
01a0e55
1c23fb0
1cc8dfc
1cdffa7
1f76979
1ee3bc1
03b5052
1e2ece2
0151842
026c7b6
035ecec
00dcf5b
1c5329a
006db74
012edc1
017ace7
03b3a1f
021e7f1
1d18f58
023c925
1db7710
00ffd0c
1d1e217
1e0ae7d
039b88a
0043424
1de327c
1cc10ed
1e100e0
03bea90
01a57f8
03feed8
1ed1825
1ca2c4f
00f68cf
1f14be4
033c953
1d88ee1
02edc8b
029dbfb
025d89d
00bb3f2
0003e75
1d51ef9
02426a1
1c173d1
1d6bcdb
03cd99c
02de0cc
1c393a5
0137b73
1cc2da3
1d8a93e
037882a
1ec1213
02900d7
1c0841c
01f0463
036b71e
1c8e9d4
0045cc5
1ea34e9
1f62aed
1ecc9f9
02f39ab
1fa6b8c
1c9738d
00f3def
1c98569
1dd1ded
030c010
1fb57f0
1c4aeb4
1cc8eb0
1e09b9a
022eecc
03482e4
1eb003d
1f3cefd
005f269
025e730
1ecfa96
00b76f3
1e67bb0
03ccbcc
0331faf
039aa13
020a5bf
0042982
1e0e81f
02bd3b4
0094832
01d2050
1ef7dfe
0385b05
034e70c
01d17fd
0087bf5
036134c
02ed3f8
02fa8a1
1e3ca0d
01815c4
0156340
0159c82
0343307
02ccbb7
00ed285
1dab89b
1fbb482
1e8a3c0
037070f
1cae19c
1d82401
00c6e41
1c8945e
1fe7a1e
026cca2
1d1e897
1cf45b1
1c3199c
1f58152
1dbbbce
01be8b3
031ac08
019eb6e
1e03079
0185178
1ffa021
1f2ca19
037ee0d
01c6c7d
1f8e0f7
1d4743c
1dd849b
012e41c
03453de
1d34016
0080bd8
1c64a91
1fabd75
0246437
1f6b7e9
1c3f70a
1cb2315
1e17628
0020259
1e6083c
1ffd6d7
016b15d
1d15505
1ee6864
1e91452
00c0dc4
014b5a9
021b6b3
1cb3b17
1f572db
009bbc4
02a412b
01d279f
0368d0a
1c7e14e
1eabe94
1f49307
005f888
025f9e2
0194d97
1e06626
1d937cb
1ee0154
1e79fa3
1f7cba8
01095e4
1ce3ce9
033e034
02c0128
1fbe1ff
03fb554
1fe6e46
02450ca
00cbd76
1ccdd92
1d439e7
01fc5b7
0393e0b
03a699a
1cb698a
1d6888b
1e089b9
0073c97
0221346
02b775d
0366ec3
0162948
1fb23fc
03bb1f7
1df97c8
1fe5e35
1db509f
00cf783
1e9b100
1ca06e8
1da3210
1f2df38
1ca931d
1e15c4a
03c924c
01d65e2
0044b95
016f44b
1f6e11f
01fa29c
009be36
004b90a
1cdbe40
02f179a
1c51b7e
1d5dadf
00cbb61
0157a4c
038076c
01734fb
1d862b3
03494c3
1f27136
01d4817
03d2c6e
1f52f63
0080920
00c0d91
038a280
1ef83bc
037ec7b
0366838
1f32d7f
1cded77
1f193d7
1da357d
1c8b049
1f06f90
00f8766
00c901b
011f4a3
1d8b789
03f4c44
0362160
1d975de
1cdca95
1fd1ade
0190f42
0058a7d
021b203
00b28b8
1d85981
0268d78
1c1d812
01da657
1ca0d71
01e5d01
1f84473
1dbda91
1d194db
01a94ff
1d7bf77
0310e63
01c7523
03590b6
010e2d0
00406ae
02db58c
02737c4
0004bfa
1e8025a
0363bfa
1f0d890
02d4163
0123d50
1dd679c
1d3cf28
008cbd5
1e35f77
1e3f698
1dc991f
1da2e98
1d9ad03
03142cd
001a73f
01df311
1c1cc61
1d83651
1c05901
0241f25
1c2c623
028b2da
1fbdddb
1e0a9a6
032f144
1f9821b
1fb8918
1e83461
037e808
1c3cc2c
015232e
1d3612c
03f62fd
02c12ae
02be81b
1dae0c4
02f0654
02ba1fa
1f50e72
02b6609
1efd853
1f7e098
03d6a60
0241aba
02971b7
1ef4342
007bdf9
00735d6
1f7f2aa
1d79aa1
0098487
028fcda
018d203
0200ca4
01eeecf
1c54578
1fea4aa
1cce712
1cebdab
1f32370
1dd7fe2
1ea7e0d
1eec442
1fbf5ff
1e461a9
02aaf8d
010d19f
1fecfe6
0211e0f
1fce35b
030b6c9
1fb5c50
1e70f86
0010d8b
0152337
02ac6a8
1ec7596
1d483f3
03d5124
1f8c16f
0331521
1d73932
1e79452
0374813
0144bdf
00b5c6d
1d15809
1f91e89
1f4660c
1cc0848
1c330b8
1d496e0
1d77892
0053ada
01994cb
01867de
1e757ea
1ff119b
1cd9eed
1c96850
023cf9a
1c08087
0040763
1f7b8af
0127e1e
1f5b154
1c37f5d
1f5dd47
1dd5b76
1de4fce
013a617
1d7a19f
1e7c733
0017bb0
02a40d7
1d0cf0b
1cf98ff
1dca6cd
1f95768
1fcf5a8
1da74a4
0126b46
0144c3f
03771a6
1d1343a
1f1ce7b
0359441
00170b5
1c1b5aa
038ab30
0110065
1cab07e
1c2e7c2
036a334
02d7d76
1c67096
1ec9b1c
01fbacf
1e4cad4
1f40d93
02ab916
014213b
0235f16
00ca9de
003bf08
00adbd0
03d6c63
02f5cd8
1fa41ba
012e9ab
005ec78
1ca879d
028a9fa
038f7d7
0291f02
0203470
0217f4d
034fd8c
1e7cf01
1d6ba17
1def36b
1d968e7
018a23e
03d7917
03c5966
0337e28
03d83d2
1f4847f
01d0d1f
1c681f8
1f5e009
1f6c714
1ffccd3
1c4e262
1e64d23
1ca2750
1c1eb45
1c4762c
00ae65c
022c955
0000ff6
027cef7
013b286
1c80a6d
0143f78
1cd86c6
03edb1c
1ea9c4a
1e4e050
02fed2e
0300837
00d0505
1c39810
1fc0519
030073f
1fe8f1e
1c97953
1fff854
025a279
1cbf64c
0021d92
01f80f3
1f72063
01d6b6a
1f1be9b
02bb49f
1eb34e3
1e7fef9
1f25ab7
005c9bf
1dcc529
1d7c871
004ef59
03bc27a
037605a
1de6eac
02fd586
0326b08
00a04e9
01165bc
022df10
1c8d28f
1e36981
0379ccf
020dd0b
00be8fa
1d0a844
1de52d8
1eac646
1e72472
034674d
011d6df
0101fa8
1c1085e
01ae194
1f95f06
1debc12
1cdcc3d
027be87
03c8b45
00e16c6
03bc550
0130345
1f1cd21
1f302da
1c58811
1fe2fcb
02c426f
03c218f
1d7ea80
01bbc6a
01cd68e
0255449
0330e3c
033126e
00a43a7
03a39f5
1fe1995
1c1b187
1f64041
1f9aeb2
027411e
003c26f
1e78b0a
1f217fd
1dc1d13
0122232
1f75a6d
00c7d12
0363ffb
016e6a5
1d7f4be
00776a4
02a6ba4
0165a3f
029b0bc
1c400ad
0392bae
0054e8c
1d26206
02c5934
1ec0d46
0273d45
02dfb66
03dd53b
02beed7
021b46a
1e96c84
1f59463
017627d
026d5c4
0214f9c
1f9c9bb
1d29e2d
007807f
009e56a
1ce0475
1e35323
00b5043
00caa29
016da06
026c1b2
0067b94
02bf036
00d408a
1ca0092
00a5187
023afeb
0315379
1fd510d
0335626
1e72106
0201a8f
0394796
1c76ce8
028239b
1e2d883
1ff5709
01f6113
0397cb7
1ec32a5
1c44c5b
1e38b9f
00d825b
1f5da4e
1e9e229
1c989fc
1f3b6bb
0169fac
006e372
1c6df44
1e37bf1
1db80b7
1d243b1
004e707
1d9e788
1f637d7
1e7abcf
0051490
1f70e25
02d455d
0297c7f
1f451bf
024ae06
03b902e
01aabf9
1d0893e
02bb87a
1d20127
1f4f4b1
025ef9a
009bded
1e75078
0384010
1da1cc0
1f1069a
1f1ae5d
025aac4
1dae828
022c2ad
035cb65
003f4d9
1e0f282
1eeed0e
0344fa6
006827c
03e0918
01de506
02c3972
1cdaae3
02e562d
1e6b897
1e40ac2
1d21d52
1fcf1d6
1eae54d
1f9c86c
0174432
1da0d2d
1f3b422
1e11a7f
1cd8498
005c6be
1cd67c0
0362042
01d687b
0138428
03c3ca9
1ea0443
00c750b
03484d7
0141895
1dfd5f8
1c07463
02f6b8c
1e1d238
1c73ece
1d9b113
03892c5
00525af
1e43629
01a27fc
01871c8
00704ef
01638a4
1ef4ab3
1f581de
028a5e6
1deee88
010c93d
0356308
1cebf16
1dea8d2
014d4bf
1f4c65c
0341a8c
1c7d7da
1d88423
03b8eed
1d0ed58
0376f1d
002bb7c
1f9b845
0034e98
1d61aae
1d984bc
1ea3a11
000e2b9
0126ae8
011a156
1f5d674
1f2bd15
1c64684
1cc0456
02057a8
1c23fbb
02f8e5a
0278e64
1e18ea5
03bcbcd
1c76d52
001ce87
021b010
1eae934
1d799b5
001e04a
007fddc
1c7c8ba
1effb8e
01bd4a7
1ee38e4
1d27e25
1fc1b67
1ead449
0267264
02c82da
1d87d2b
003fd52
1c4789d
0393cad
1d29d86
015146e
1c124b7
033f04a
0079046
0213d01
1c251cb
02b3a22
1ef04cc
03acf26
1d2e0ee
1f9780e
0359730
1f2e27a
1fbae20
1d4bc79
1c46d95
1e49dc2
03fb488
03cdf0c
0114a75
02893e4
025c3b9
1d9cf08
0325331
1d2c0a7
1fe1df2
00bf0ee
1fb65ac
1dcecc0
036a783
034f252
1c9816d
1fe0565
1f02dfe
00cb102
1e0ef13
1dad5dc
01b9218
0067260
020af26
0179011
02cd478
01083ba
1c62fff
1ff9c07
02f1dca
004066c
1fa00d1
003a11d
00934eb
01445e3
01e93e4
1fe223b
01b371d
1e6dd42
1c9b0d7
0179b61
020325b
1c9bf78
007091e
1dbf274
1deb0b4
03a7880
00bc085
0009b75
014ae66
1e570d2
1e10de6
1db7117
02faa0e
02016f3
0222c90
1ef89c6
1cc7ad0
1c54617
02923ea
1d490cb
03f42b7
0299ebc
02bc221
1d6fa1a
01ceb45
1db72bb
026dca8
0134670
021284c
0374e1d
00710f6
1d24cff
1d5d515
026a576
1e4ab2f
1f3c289
0387c6a
1ecd0dd
1ce2241
1c48f7d
1d5772f
1f75ed7
1f423a7
1e3ec77
0347f76
1c39948
02c65b9
1e47a40
0052be0
02d36db
02dd443
01beaf4
1e5d183
009eacb
0322674
029be2a
0194da0
1df7249
1efbfde
028f6c8
1da234e
03f6877
1c9ba64
1f370d5
1c42995
1d6cc3e
1c23dd6
1f2dfc2
0236397
006ac7d
1d89a92
1ecb434
02baa81
01c8276
002ce39
1fba592
00d69fc
025966d
1d1977a
004facb
1ef604e
0032d0a
1c3c67c
1c73c6e
1c1d9b3
024574e
1d87d62
036cb5f
1d2c09a
01f9b10
00b3cb9
0283d27
1cbcc16
03352d1
1cd5ba9
0215519
029c0a5
01a62c9
028bb31
00c4c1c
1f53e7f
0356e54
1de4d16
1c9930b
029fb9f
030ff02
1c19c16
1fa3a22
1e581db
0060463
01aada1
1f5789c
1e5bdbd
008966c
1c2fb50
01ff1d8
03d3e75
1e90b07
01603d4
02cec09
0131d02
01bce0a
1da6a2e
1c4b110
1f34993
00b6411
0297766
01cf307
1fc627d
1ed9a3e
1db39b0
1f30e3c
1f73130
1e74ee1
1cef826
02ea69d
1eb7387
1f7b920
03a8106
01a3fdf
1c79ac9
1cf5cb8
021c68d
1f0272a
009f580
1cc13de
03cd921
035a2a6
011e106
1ef5f27
01c5a04
1cf8766
1e27a25
02f6f18
0049310
1de0750
1dc1735
1e6dd46
1cb7694
022d0c2
02ca056
037edbe
1cacf09
1e6c3f9
1e5b42f
1e7d956
1efe32a
02485b8
1f0ba37
1eaec58
000b2f9
03b212c
03c9ddd
01003d8
1d7d74f
00731e0
1d1e8b3
03a6917
03c673a
01d8305
0326d25
01e9b34
0321ab8
02ee581
1d0bf08
1f5240e
00a09e2
1f597fe
1dc5b73
02146cc
03a442f
1ee1b7d
031bfb8
02a2ef7
02142f7
0267961
1f2e1d2
03fc896
001b91b
1dd6027
1df6815
03f9188
1cb2dab
1f87772
01c753f
036f28e
01ba3cf
1d82e58
1cfda83
0066233
00958fa
02201b5
1efe929
03ccc49
1c0d38c
00cd473
1fe4036
02fb439
1ec9caf
1d2b842
00552f0
00e2c7e
00db9eb
031675d
01bc1ce
1dcf733
0350119
1f7d1f2
011d43a
1d745fc
1e45c50
1c3695d
1e1bc54
0233a8a
1e5c43b
03dfd3d
1d8842a
1e20e77
1ea612f
03fc295
1de6387
1debeed
1c9982a
01edad3
035ab2d
1cd6605
1e007a8
1fa03e8
011587d
039d420
1c9d78c
1c75e7d
1cb1b87
033547e
02d33d0
1e3efb8
1ff2c60
03ea521
1ce149c
1c8cf77
00132e2
1eb2686
038486a
1fc7b26
00bc12d
02db4f6
1c24e0c
1e16776
01ba118
0062957
1ea81e6
03b9bd3
1e81702
1c8ee74
1c4dfbd
1f33e86
0058dd4
1e0e5e7
1fbfe9d
0017fc6
1d56e7c
023f092
1c74ede
00f1632
1cf07cb
1d96759
00fec2f
1ddabf6
1e85515
0274bb0
1ceeb78
1d315a1
1f6589f
1f64c77
00fe39e
0393ed4
1dd5320
1c774fd
1c5c425
1ec11a8
02040b8
03244dd
1e5f761
01dfe48
1d168b7
008998d
02fa0fa
1fdb9cd
007329c
1ec6e2c
1c3e1cd
1dbf908
0398591
0354e04
0156290
00a4272
03cafeb
1f4c4bb
03b1ed8
01eeb69
1e38319
1e5c94d
020d11a
1c511ca
1f5183f
1c458f7
1d93fdf
01ceb11
028c28a
1ca644a
01664d8
1c9ecb7
1df71bf
02de0db
005f8e0
0263b1a
0131cba
1da4c16
1d70d82
1f2e709
0198c05
000ae7a
1cb99bb
00e5eaf
016a11c
1f1a1be
1d84153
1eea5c5
1da719c
00eb770
1f79a7d
1c2a174
02a21a3
03eaac2
1dbbdcd
1d95a03
01deb7e
01818f1
032c10c
02f7f96
012a27f
02b92ea
01a2104
1ff1638
03d96a4
1d6c33a
03d044c
1f90189
014e50f
01ce49a
0335f60
00c560b
007bb0c
03539ca
00dbaeb
00cbc79
1f0908d
03aa4f7
1edcd01
034daac
0175ffc
1f5ed8a
1ecb944
1ee161e
0186c91
1c61790
0001885
1f7a177
039e56a
00f161a
00052f6
026af6f
1ea6042
1fbe5e1
1ef132e
1c141dc
1eeeeb2
00102e3
02fe134
0066d54
1d7744c
02feeca
02ed0cf
1c2533f
03a3eda
014fa60
1e96fc4
1d800cd
0103181
022ab70
1c83609
0251b86
0257baa
0141e7e
1eeb200
02e35fb
1dbba35
02d3cf1
00892b0
017da0c
0342cb0
01202ce
01ac9dd
01be8d3
1cb3d4f
1c340f5
1f902d3
003d6a9
026c4c3
001bb18
0348f30
1e06636
0220b20
02b4396
01b0fd9
015c507
1eb90e4
03aff8e
1de0400
008e1fb
1c963d3
1f02934
0238a42
02b1a9a
01b8d69
1f313db
03aa513
1e4d418
1c168a2
1f9f777
1df0851
03fd88a
0311928
02600bc
1ff25c7
0390d21
1fcc4d9
0039ac1
1e42843
0024d66
03e87d6
016f6b6
015f7f0
00b12a0
0046c04
1e6e050
1e380ff
1f61718
1e2df80
1ffd02a
036da4f
00603bb
00f888d
01bf77b
1fb03b1
1de82bc
02810b2
1ee7f99
1f17aab
0268049
03767ac
1dc01d4
1d4dc3f
1c7f5e2
1dbc666
1ee09d6
0021de8
1df594b
0004cd4
031bfde
026493f
1e2cd70
0148933
1d0b5e5
02b46f8
1de1d05
1d455d3
1ca48a1
1cbd13e
01ab6f5
016202b
0339e0e
032a6cc
1d03d05
022a181
03c5565
0265b0a
02e0a8d
1cf4896
1f07b2b
0113860
1fe00d7
01ffe0f
1c42ab3
1fa4282
1f82df2
002a1fa
1f69afc
1cb35a2
1ca7078
1f7c6d6
00d86aa
03c1887
0332bcb
1efd830
1cbc46f
1f39b90
1e919a6
033c5f9
1c6ec4c
1cf6d01
0287684
032e417
02bd765
018f95c
03b9a2f
0394085
1e4710f
00af4e6
00a682c
03f9e02
1c7603d
004ae2f
01f52f5
002d9c6
036cb02
1fcf513
0316799
005cd2a
1d2d187
03c6310
005b175
1e99d11
1d7d13e
1dd1429
1f10ee2
0335bb4
03a7427
036e829
1fcd440
1e38e38
1f0d4fb
1f5be4f
00c5bf3
008945b
1e3e9d7
011f445
1fc4f87
0346dec
02f0ee9
0188e66
1fa72eb
017f6a2
01cbac1
1f07fd7
02b4795
01fe6dd
03c5729
0094d14
1d6fecb
1cc4259
0117bec
031377c
030d7e7
1f857a0
1d21cf4
01bd91d
1c7ab83
003909e
1e20b3c
1f3e433
1fde47a
1fe20ae
1c2e7e2
0339dd1
02728d5
1da2fc5
1d11526
0136509
0344400
1ef1344
033f5b9
035fd6a
1e3f717
1f25704
01d346b
029cea0
03b3016
00cdd83
010a5c4
023bc79
1c1b69f
0394d61
00a7f18
03afefb
1eefbfa
0006c32
1fc86d9
0136c71
1e5a834
01f1fd4
0012d66
037aa8b
03cd607
1c645e6
03addaf
00dfb9f
0018409
03fe8f1
1c1e896
1e13605
1d64638
015e8b4
02518c9
00e69c9
1c72687
1f0c0d1
1fb5e61
033db85
02d5f11
1d6550c
1e63ffa
03f19c8
1e3c9a6
00088b9
1e32057
1c9f974
1cba3ef
00d11de
1d8208c
0212a8f
1cec5e4
03f24f3
039f850
1d96b0b
00de428
1e443bf
1e03d1f
1cf5976
01cc1fc
1c053a7
1c19fa7
1e7351c
024cecb
1e0c07c
1cc6f41
1d1e15b
02ef696
1d1c7f8
00ff208
1c11ff4
1ed3b9c
1c7bfb6
1fa51ff
0333a1c
0360453
1dee9fb
02465cb
1f8ce7a
0308f63
1f09eae
1e5820b
02680b6
1f18e9e
1f3beb0
1f3aaa5
1d5ddef
00bfb91
026003e
00c3f04
01967f3
1fc957d
1e68886
1d74811
1f8ce7d
1c4951d
029de9f
0181319
1f6ed19
1da7aef
1f4388a
1e4a399
02524e6
1e93ed9
1c1f1af
1cdda7a
03e67c8
1cc5ac2
1d15a2c
0260968
006fa73
1f247fa
030c362
1cdf1ce
1cc1111
1ed33dc
1f30b58
0251953
007a710
1e2d018
1df1ed0
1c8da9c
01ed5bb
1d72793
1ed3465
00a9556
00bc95c
00bddae
1db50f2
1d724de
00c6b74
033c9d5
1ccfe49
1c468e9
1f2bf82
1caaccd
1c10648
1d67a29
02d036d
02b6667
1f18938
1c13f4c
00a6927
0242708
00bbe34
1de5553
1cc70f1
1fcd9c2
1e86c52
1ca4e1d
02b3ec5
0021d3b
1f7de13
0097735
1ceecd7
1d8ec24
1cd2d1a
1e33df8
029f15e
01e7f7a
1e4c439
0246516
01b134a
1e8a385
01fc12c
1df7169
1f4bf49
1e51a1d
02c0919
1f7d82c
00c7bd5
001b536
1d7bcd5
02cf94e
1c5b7c6
02dd916
01f62f5
1e61496
1efb164
00c0db8
1e7a2a5
0227234
1d1b75e
1f42453
1e9e0c2
1e3e619
00e6e7d
03fda95
03e45a7
1efad50
1e9b8c3
1eed49f
038d008
03bcdfb
1e00300
00f89fa
011c2a9
1f6f0d1
1e2655c
1edd24e
1d38026
1f57304
1d99240
02a856c
1fedca1
1d4f3c8
02dc4b8
1df0adb
011b93d
1e06da0
0143b47
02b785e
0127fb7
1d8a125
1e7ef00
0378d68
1fc052d
1edd1ba
0051581
1da2238
1c8936d
1eb6742
1de2be2
1ee3458
1d3addd
02b6fda
1daf91c
01b199d
016dd89
1d6326e
1e2ff68
02a004b
1ec6546
1d740db
013476a
00c9b0b
1d1be7f
1da9271
01ddda8
1f5a477
017e93e
0227606
01b4ecd
00520aa
1d71cac
00640e1
008fa76
1d95130
02ffe9e
1f46849
0158c6b
0005ec9
1e2ed5c
0361bd4
02884a4
1dfc03e
1ebb58c
00fed47
03d365a
01f4f89
036f02b
1f7d89c
1cab7b1
1dde33a
0338fcf
1f892ba
1f162d4
1e51e71
00bc562
1c8c77c
1cd94ae
1e05c05
012f294
01be90e
1ef6ab8
1fc4b59
1c9c709
035887f
1d92c59
001efbb
1c625d9
1d4dcde
0092efa
1d74ab3
1c6f170
039fa28
0157143
0156524
1db913e
018ab9c
00eb0c7
1d44086
031b474
1c23e20
1ea0751
03fe077
1fef6af
019c5c5
1e97481
0140e50
1c94d54
01d7f47
1dc674b
0201188
02795be
1e9f188
1daf870
1ff75e9
03bd85a
1d9ac2e
1c12caa
012eba7
1e7f97d
01b2708
02306a9
1fcaf28
016d0a6
1e5e11a
1c25f87
1e37e44
001f14a
1f9246f
1ef507f
1ec1167
00e9575
009c90b
1d9d210
1faafc0
1fdd5c0
1ff2899
01f8be5
1dcb3e7
0055112
1dc8b46
1caf7f4
02ed234
018d0ab
02532b9
03f08e9
1e1879c
1ff3360
0089dc3
1f50815
01cae7b
034a4f5
03fb80f
02febc7
1fb9250
1ca579e
1f6095d
1f8374b
1f2d243
017ca15
1dbf51e
1d267b2
02705e8
0066d93
1df03a1
01893ee
1c199c4
02f388b
1d02779
1f0fb61
1cc493b
1fbe46e
1dea2dd
01b4455
03777f4
1c7b5c4
02e87ed
01235d2
1cf1721
0015bd5
1dc3544
010f7d3
03b5b6a
015f8bd
1fb46bd
0222258
03129e6
1e9c4b7
1c9babe
1fbb923
1c9c9b7
038e5e6
1d72a81
02cacdd
1c9bad6
1d5e79c
02c1ad7
000ccb5
1ec6a14
01041ec
1da765c
1c89673
000f23c
037983e
02b4289
1c59f52
035a41d
03c4f37
1fe96f4
001ad85
0211cc7
1f002e9
02d30ba
019907e
00aa4bd
1d88b7b
1cb1d3b
031841f
02a4c38
1f39510
1c7481c
02bc71b
1f34be0
1ccca76
002eed2
1c140fa
0145756
0074edd
03edae0
1f815dc
03ff94f
01774d1
1d03eda
023d322
1edb92b
1f2303f
03bb696
1c6ca12
031ebe8
1fdf596
1c1e826
1f0adcf
1e752f9
1c78e65
024fa57
1ec414f
1d3885e
0164cc3
01bbdce
1c258c9
02512fd
1caa0ee
1e7d635
02cb1f7
031ca4c
1df82d5
03a22ac
1c44447
1e4d50d
1c6413c
1d9f94a
039e633
1f44b14
1e5682d
00ba71c
1e30ff9
1f7512e
1fb9f91
1cf2d1e
02f1e1e
1d34597
1fc8fe4
1d7c11e
1d79ef6
028ba57
02cc05e
1e537a4
1d68f0f
028480b
1ce9fdf
1edde4d
01e3272
00d9265
1c3d49f
025f04a
0066f2e
009c66d
1f637f5
1c88559
1dbe434
1c366eb
1d9760a
1d1214a
0292f84
1c45b04
002f91d
1d6463d
011c553
1f54803
1eba9a5
1ce3682
03e7c92
1ec95bd
023f309
028f461
036a604
1d69081
03f2357
034907d
013061a
1d9851c
0385c6c
000ee3b
1e042b2
0098d8a
01cad92
1e612ad
1d40a9c
03db55c
01946d1
0075224
1eda3df
1f51d5f
00d2680
01b6e03
01b4d74
1d4ba06
01096ec
01a84a3
02ad473
1d2e6cb
006323b
1c431c2
029b6b6
1f65077
0072eec
1ccab1f
03fe39d
1c08e74
1ef31a3
1cf6bcf
003ec43
037e99c
02de9ea
03f27c3
1e424fd
1f93c96
00c2ad5
1dcc116
1dfd8ad
1d1173a
0057dce
1c01ecb
00fb354
1edfcc5
01fd3b0
1e9e590
01e0994
031a081
013bfcb
01bb9c8
1eb8f5b
1f13cdf
1d5d25c
1dc1f79
1d51c1d
007ca0f
1edd2d9
1e2fda4
1fb6ef7
03dc0a5
02672ae
1d5bac5
01c5dd2
01334b0
1f102db
039fe71
0257477
0082877
026b038
018bb1d
027b64c
01af107
0344e99
01048af
1d13a2c
1f46569
1c50ecc
031b369
0124152
033b4a6
0282947
0222d91
0283617
01cabca
1c16c0b
1f45e88
1ca21fe
1cdce1b
02f2d18
1e32663
006acc3
1e6ddce
1dd97da
1fe2fa4
1f38c59
1d4e145
01adea7
1e7420d
1dcb19d
0281c66
0378382
010eca4
01f7340
1de94fd
1eb5707
00473d9
1ea268e
1dde7f1
1de9310
0285b73
025f98e
010d4ad
1c0f4b4
1c86771
02e9f52
01aef16
00f5771
016541a
1e26ed3
02ee106
03381bd
1e03bb0
1c3146f
0352bd1
1d77e00
1f14104
1ec8c20
1c784c5
1eb3113
0223ee0
1dab54f
1f4c3f6
00e374f
025e188
0349fce
02e3dbf
00e1ae5
00b4841
016a8f7
1e6c984
1d756fc
1f20b64
0263f56
00f68dc
1effbdc
025d35d
1d11608
1c63bfb
1e5d18c
1f5d348
1d3ed5a
038afed
1cf7973
005fd4f
01c8f39
1f0eb7b
002b248
1e52ea6
031a0e9
1f4a70d
1f420f3
1fc8ad0
1c95f3f
029e871
02f25dc
001d322
1ce7148
01293a7
1e3eea1
1d4efcb
0158cc6
1c4aa2c
1d232f8
039b0ce
0098f22
03b16f8
03975b0
01ebf09
0322330
1e62fee
1e5897d
1c02772
1f36056
1e4b9ec
004f4c4
1d526c6
1c53db4
0337819
001e7cf
01a170f
1c686ae
1cdb254
1c47bb4
0254763
1ea219c
1db656d
1c9f3bd
022fd6e
1e72229
001fe9e
1df0115
01989a7
1da82d9
1f8d308
1d14d2b
1c6893f
1cea059
02eca0d
1f7cdf1
1eb2bdf
02b8fcf
1f7764e
1c8a850
02be9f4
0202b48
1e38d8c
1e6a036
037ae13
1d9a0e4
1d0fa56
0392484
1d145a2
0019bd4
1d4acda
1fbb2ab
1ce86af
0087c91
1e0d53e
1dd84e4
024b51b
010776e
03c275c
00b9cc0
1f9baa7
1c646a9
1ffb212
1e26bf1
1e3e4d5
1ea0a30
0326b7d
02a0890
03d180b
1d24ebc
1c7374e
1f35502
1ce6d2d
01d8d9f
1d68b65
1e3f1d6
1ceab9c
1d5a2fb
0037998
1e4b521
0284946
019268c
1ddcc8b
03ad41d
03a2766
028a96c
037de1f
1e3300b
1cc740d
030dbf5
038f4fb
01b5374
1cdc300
01e429f
02afdc0
1ed9756
1dd734f
03b028c
1f94706
1e3e938
1f18e3c
005988d
1de946d
01ba939
1f1c416
00ab32e
00187c1
1ef4d22
1d013fb
00f1673
1ee0534
1f43a26
1c0011b
005dd88
1e00cfe
1e402b9
01b2560
1f73e93
1f937b8
1ff6573
0094d66
02d9978
01332f4
1c927cf
1f9518c
1cb5fef
1c6c5e3
02fe93f
1e04c74
036abff
1d3fe2d
1f40480
03bc636
1f60012
1dce65f
003d784
03484f4
1eb49c4
02dcc32
012f6d3
035d7dc
01a750a
1f720e9
1e2f844
01f3f66
00eaa8f
1ce183f
0095644
02c382d
03cd444
1fcc549
1e18883
01f8175
1c501ca
1c0edf2
1e2da7c
03b46f0
01f8656
1e597cc
03a22d7
013ef24
1f4bd08
000f3d6
0374505
1dcea61
00542ee
1c59b12
03f95f8
1ef51e9
1db9b4f
02d26dc
039a891
021266e
1cefad2
032033a
003647d
1c5ba97
03b8ff3
1d7ca8f
1d59592
1da53a2
1fd86c7
1dda373
00d9b49
1feb3a0
1c24dd6
1ea7cca
1cbb6bc
000dc37
02af0f3
1dffe95
0367696
001cf00
010fc6b
1dc38b5
024a02a
1d98f76
1d937f5
1e4093d
01b13ff
1c23dc3
1e7d1cf
02377be
1d7368a
1d3c791
1dd9ef2
02cc339
03022ea
015be12
1fe950f
1c75550
1fbfd92
03d13c6
03fae1a
02fc72d
0220fd1
1c69a2a
032d2b1
021fcd6
1d2708a
0385905
1fe03be
1d08051
023f80e
1db8e13
03660a5
0276179
1fa7b5a
02f26df
00a5cb6
009a6cd
000af6c
1f5c3ca
03a8eb1
1d9efa7
1ce0624
01485fc
003089d
02c4c3a
1ee4d38
1c678e9
1c4c500
1f329da
1e0f7f8
1d8593c
0114518
1ef9ac5
01d85c5
035543d
0253f6a
1e4d2bc
1dba018
030f34e
01ad2b2
0363a34
1e8ccd6
1c79672
1cfffec
005a534
1d637c4
1d95524
0167569
002bdd5
1d7e189
03c1f10
1f79688
1d6346a
1e50247
1ff6a3c
1e94711
018e37a
018dbfd
007cc11
024e6cc
1d92252
1cbb79f
000259d
03ae561
036e550
1c8c48e
1ed9cfa
1e32f70
1c93a96
1f3e5a7
01ac6e7
033d555
00f5fc6
0345da5
1eac36e
1f2b067
008708f
1f23879
1c55c5c
1ca96ac
02fca16
0225244
1c0bfb3
1da8e77
037518a
1d8232d
0264193
0315034
0073e87
1f25770
0305e67
02286f2
01578c5
03f65bd
00d9a16
1fdf4df
0173806
02b057f
1e2d656
019dca9
01bf187
0142ec0
028cb20
1cd63d7
02726f0
1f60e96
1df282c
1efe3f2
01afe26
02117c0
1d58f6e
1c7d2e4
02a7564
1cd9504
02b7ff0
03d71bf
0199ec5
01cb456
1d7e25a
00fd941
0247905
0174d9c
013a34f
1c577e1
1f84a19
1f6fe22
1fff83e
1c92222
1dd84d6
0108e9b
02c4085
1e9c0bc
01340ac
0125e6d
00a693b
0235c2e
02dc85d
0027e7b
0182076
03d1de3
014f94f
1dc79ee
1f64f2e
03c8b47
1e70783
1d8fcf9
1fe18d9
1c18467
02abaf4
0082483
0223bc2
028226b
02a425b
1e7b457
1edb717
1d13501
007b2a6
01a1c58
026ab41
0173900
1fc6620
009c200
02bd6f8
1eec7de
1ccb8ed
0099f1a
1e72433
028f009
0002f26
02ffaab
1ea9f79
1c86f9a
1dbfa2d
1ea4726
00da842
0312da8
02928d4
1e798f8
03ffb3f
1e4b49b
1c1a9c7
1f3adae
1f2b376
03c27da
0201280
1d4af85
021448f
1d42a7f
032dbe3
1de8f8f
1fc662a
021828a
03737a5
002b18a
0211322
1f5f469
1e9f6a5
1c6c83a
0102b32
1d56aa3
1f35179
0097ce3
02640ac
00073b3
1dc6d52
1f3ce56
03300d8
1d5f01c
1e5b6fc
0357704
1cd4adf
1dfebdc
0118708
1d7add2
0318d0a
1fd6995
00aebcb
03dba84
0140f6f
1e5aa79
0022300
0176c87
00d0bb0
03eb909
0274d72
01275ad
001b133
0148a28
1c5a7f0
1de8d81
1e00970
1f9d332
1ddf20d
00fc351
1fb28e1
1eda62a
1dc13c1
1ce48ba
0083e67
1f05619
1e5531f
028b6c5
1f98b9f
0208c9f
1f0bd7a
1db757b
01ceabb
1e8e93b
0297cdd
01391fe
034e5d1
0145165
1c7e1a7
02c1f99
1f669f1
1f6e325
01463b9
01dbb25
00edbc9
0351b67
1eb10d6
031a15b
00f70f8
1c1998f
0238d8b
009e7ef
02d6726
1d7d21c
1f25da8
022f5dc
022ce1d
1ef69f2
1e68c92
02cd5c8
029c483
00f0099
1df8edd
0142cef
1fcf3b0
1d64074
1f62209
0380c49
1ec11a1
0276f7b
1fe01eb
1cd6acc
0356880
0022884
1c081d8
024ab52
0066aa2
1e26eaa
1d049f1
03fe008
1e522c4
1dc5e37
03fbf0f
1edfae3
1e69c72
1eda9fc
1d44c3f
0229762
0294c46
1d2f412
1e4a5e5
0230380
00477a5
02eb57e
1cb360c
1cb0a95
1f59f41
029fd56
033e381
03e22c6
1e49d0b
0188fed
034a7b6
03ea1e9
1e06c1d
1db8541
1fdace8
014c892
0359ac3
1e58f86
1d15f69
01b4bdd
1dca971
1fe3b34
030728e
02decc4
1f649fa
01d3b9e
1e2cf82
032302c
02a2847
1f4703a
0321752
031a23f
1d7383b
03b0e6d
1c69a49
03ce0b8
01b2f94
0184bae
031720f
1cc7101
00dc2b3
1cfe8ba
0107187
03e0684
1c22f24
1c0a91e
1ecd24c
02fbe0d
01e6fba
1d25312
1feec49
00a55d0
026e3d1
0052ee6
1dab58d
1d70f51
00f08a0
1fd7e9b
033aedb
1c0a8c5
017f684
00f57cd
1e99a84
1e8f3e1
01d78df
03ca81e
03880ba
00251a6
1d5770a
1c72bb0
1d80cf2
1e68e3e
1ed8f54
1f6ab8b
03896a2
00bb8d5
0374ba7
1dd0344
1d1cf18
1c2fd83
1f65c7e
029a925
0123e5e
02bfeae
00c6078
1c19385
1c6b715
0017414
01f54fe
1e7be46
002b30f
039b3c2
1f9ef88
00f258d
1c4937e
1f4f8ec
013d65c
1fc6bf8
1e6740c
1ccf144
1efda49
002f911
03fca33
1f5c8f6
0195ce2
1cb5c20
1fb36c9
1c6d490
1ee05c7
1c089ac
0134936
00a144e
016479a
1ec7cd1
02a4903
024193b
01a2238
1d9124b
039530a
00e8570
1c2e728
030ab42
03605b6
0170de4
037db2c
1f40474
037c331
00f7d5c
1fc7e26
1c477e3
036a2fd
03250a1
002532d
02909bc
03be8f7
025c860
1f98360
1df70dc
01b2c53
1d6ed25
1f8fcdd
1d3f655
018dad4
0244b94
1e76a8e
030757c
1d1f4eb
1eb0f0e
025d9ec
039da46
01e711c
1f1bc37
1ddf570
1cf661f
00ea44a
1ef0dd2
1c9a2b2
03970c3
1c0f5d8
02207bc
1e185d9
1f902e9
004f7be
02d38ce
1c9ada1
1ea2f92
1d983ce
005e7da
1ec12fe
1ffcfe1
1f97828
1c57057
1dcc5f2
1c2d018
1f131c0
01a2d9d
03252a0
1ff37e3
0394b33
00485f4
1c73c2d
02a9072
0244523
02c1b5e
1d94d14
1d41d40
1d48e19
1f9f1d6
02b2891
02e4a37
00eba0f
0207b23
018cae2
1dc2147
1e943c8
1ff7f17
1fa7130
01cbe80
0121da9
1e26d93
1e58341
1f284cc
02faeb4
022c5fa
0052614
1d97867
023efa0
00458f8
1f24676
1ee543b
1cb452d
00c8e26
1c7a133
1c5b6f2
0184aed
02edd32
03542d8
0057003
1c18ab0
1e3b851
1dcaee6
03f963e
1fdffd2
1da9730
1dc0c30
0353cb1
1db7741
1ef0617
1e82fe9
0024fcf
01a078a
1d736de
01738f1
02a0533
0188560
1d128f2
1c1407d
0297174
1f5f668
1ea682b
038a137
01915f5
02e9ccf
1e710a7
02df56a
00bed7d
1f33811
01d7929
00c6156
03a0bb2
003901d
1d28cd1
00f25e7
1cdb2fa
1d8e633
1fa2e6b
1d6a407
03c4478
1f268cc
031d8f5
024a1ea
015262f
1d1cdf7
023198b
1f13de6
03fe996
01bfa28
1c0ac13
00fa8fc
02cca51
038a346
005ba24
00d2299
016c418
02a64db
1db8890
1ee9fbc
03ec56a
1d0aa80
1d48bef
1c1a6b1
01340ba
03760eb
1c6cef9
1cbadf2
1f7fcc9
01de596
1c1e826
0214d5d
02cd345
1c046c4
00987b0
01b9603
0394343
02cb8b1
0160ceb
1ca1a1c
1fdcb9b
1c76ad6
1e2e386
039d548
03a65d1
019d0ec
0165abe
0227d71
1d4d0d3
007be5c
1eaa953
005cbbd
039e8bc
0094f24
02dfda3
03e9a6a
1f97012
1e9b030
01a10ba
1db4aab
025a844
1cd3aa2
1e72643
0029ed1
028e96b
1f15ff3
1d98303
03d3540
1fe9549
1edcdde
00892c3
1efa626
1f1ff49
035edfc
1c23f4f
012af7d
00d50d2
1c1d3af
1df91f8
02367aa
0281141
0247b66
011c186
03b705b
1c1ed30
1d2cab6
1eec508
1d699e1
0384978
03f2dad
03d3f83
1e48628
1e76c0c
025b851
1d75134
0076978
1df6088
0004dc9
01ddfbe
0205198
1d59b01
0135d07
1c5d9a5
1cd90f2
1da382d
02129c8
030ff4a
01179c1
1e483b7
1cbbfad
1c25e2d
00100b3
1e715b5
0220b0b
0048a2f
010c869
1db0df6
032a044
1e9fde6
0269dab
1c20518
0031095
01ecff6
038d674
1c935a4
1e03597
0293202
0395936
0333bde
1eba45b
03543ed
1dacfa5
001fb9c
1dc81f7
1d79f74
0016c5d
1d770ea
0319b8d
0061333
01be54f
0326de5
1c4a2b0
1ff469a
003efc0
0122d1a
1cc37dd
03c877f
1e782b1
03a1321
0276a4b
1d4faed
0161951
1d89dc4
1dc681a
1fcb25f
1eb444e
036e981
03abb6d
0075ac5
1d5aeb6
03d636b
1f8e3a6
1da82ef
1d21247
038f398
0327ce9
1d5bbde
002f3b2
01cecfb
1fb2b90
1f2ab88
1e0759a
005c831
02d6bea
00574b8
0280b12
1e6f9b1
1d265dd
003274c
1f794a4
1c9820a
01567c4
1d2492b
1d779c6
00b7472
1e4aad7
004ef2c
01c32bc
1c36858
1ef72ac
00fe63d
1e45ab3
1dfab0f
0379c27
031600f
1ce57fd
1f12e11
1d38a34
0342d5e
1c1e4b1
021c390
0132c2b
00e6016
1c86f97
1e481f3
03a7dd7
01b7960
1e0e495
1f65506
1f5cecd
1c7c765
1f16f07
1fc02e2
1fe6257
1cba344
1d04c79
025caff
0330135
1d11f1d
0114fbb
1ec8bd1
0087b0e
008fd67
02801d0
1e21bf3
1c6d020
03367e3
1ec1825
1ef1340
01fd4ef
1da1ac5
0054aa7
00c71d5
02705fc
1fe4964
03a0b4d
01e561e
030bc2e
1f80881
1d2df47
1f14277
1d3c129
1ed9cf5
1d67d13
03bc87a
0241fb6
02955e6
1d779a4
1e33e2a
001a84e
1f32c86
0101b0a
0173b76
1fbab4b
1e0dedc
1d40b33
1d07d52
0037962
1e5f0f6
1cd7d0e
1f152bb
03c952c
02dbaf4
1d90a4a
00a093b
1c9fdf1
038fe12
004a830
03735c9
1dc6fc5
1f7920c
1fc3564
1c3884d
1ea992a
1e07103
02c53c0
1fcc25e
1f5a7e0
00e20bb
0075b4b
01c0309
02a619b
1dde98a
1ced94d
1da5c79
1ea8f63
1ec000e
1ef2531
1d65175
0331d35
1f13b48
1c96b3d
1cfe269
03e1c5b
033d944
00fe43c
02af7ec
0019ebd
1d6d9d2
0096aa4
01d83c4
1c37d30
017e8dd
1cc6b41
03c810b
0152824
1ebd997
1d257d7
1c465f4
0282a8d
015ec1f
1e8022b
007d9f9
020921a
1f779de
1d31c46
1c62fb5
1fd920a
1f5c631
029ee22
1cf3b15
024a30b
020d074
02ce513
1c58a71
1c1b96e
0298384
1f82826
0294bbb
0283e45
0080638
01645db
1c458bc
1e2a0b7
1f3eb45
1c93d89
1e00d7a
0018d69
1c2773c
1d80ba2
1ca05a3
1d7c110
029544b
1dd2e1f
1cb4e31
1e47592
1e368e4
1e458bb
03ad51e
026b1cd
03070f6
0083c45
0157d20
1e67513
1d73e32
006f062
1d5ce95
1d3e290
0379c23
0359813
002c4fd
1faf332
1ff5555
1fedb72
1e56c97
1f1e352
026e31a
1fc1274
01db868
02dbd65
02da144
027e571
1f70ed4
1dfc6fb
1c07740
1d84904
01f1880
02335c2
03b7090
01c0196
03197b2
037ae0e
1c4dcba
0253112
1e4eb35
1cd69fb
03ebc57
013a424
00b179a
03b4498
1c64dc9
1c66313
1fcb836
1eaf029
1d0ea78
0263857
1d4bf25
03a454b
1d4faf8
00bf892
01bfd4a
00fcc50
1e80eca
1f32e81
03313a5
1e764d4
01960bf
1d223b0
0313a54
031331e
1c2d4d8
1c9a1c4
1e3eb65
009a9bd
1fa7e03
1cab2c8
1e69f14
00af16d
1cad655
1e854e9
1e71bff
1f7b244
007a456
03a9a99
0217deb
00731b0
1db8b76
1cc842d
1fb621f
1c258f0
1d32c5c
1ead270
1f8d0ec
1d74888
1d33e4e
1f61697
0349737
1d9c8c9
1d885b2
0345113
038a9a1
1df28d2
1f5a4dd
1f97a09
00eae74
1c06ba8
1c44b77
1d74890
1d93ddf
1eda3bd
1f474f2
1cc3813
03d146d
008972f
1ec6458
03da313
0245837
1dc5383
1f54351
1ecd0e2
1da73dc
01380f6
1e1f94f
0075333
1e8aa4a
1ef03b7
03d061d
1c22bdb
1c2bc72
036e4f7
1f8370b
03bf172
1d8b1aa
1d996eb
1eedf05
1edc656
00851ed
02329cc
1fa2ab7
008f5a5
01701c5
1c5567d
0085ad3
007fd31
1d2e86c
02774de
0346374
03bcf2f
02dcecd
035eac3
00ed0f7
0060604
1dcfc2b
02c1700
005380d
1d726a0
1c51013
1de5f51
1d079d1
1dbae21
1d8aa1b
00cedb4
1f60cc8
0357a01
1eea1cd
1fd60c7
0128a5e
01c5ce8
029b783
1fb5eac
1f9e71a
1eded2d
1fb0d80
1ca9365
0256e60
0017bf5
1ee4987
1c23a20
1fd33f2
1ef3f8f
1ed5793
1c066c4
1dd6fa0
1e12fc0
1e87eb2
1e48e6c
1f226eb
1e01e68
1c06db7
0343cbf
1ef75a1
01fdeef
0245825
1e123a0
0291723
010a976
1e5e30d
1ed9b83
026aefb
1dd3dfa
00b2f76
1f87768
01a8653
1d8bee4
1e78a73
014a58b
1f6f23a
03fc1e4
1c8d4cd
1e055bf
029e822
1e6ea5b
1c17d09
0090120
1c01374
1d0ed6a
0359905
0342cba
018f5cb
00272dd
01c4b09
1c24325
03340a8
03319a5
1cfa7d4
1ef4dca
1d8edc6
01cf98f
1d90134
00d822a
03b7a3d
1cdef00
03e15c1
1c94dda
03cf159
1f194e4
0206eab
03e8fc6
0007cc7
1e9b906
1ce6674
1c02343
1dadc6e
03ce1af
1c53f0d
1cdcc48
1c1edae
1cd28ce
02ca0b0
02d5cba
1ddff71
1e6a041
1f74740
1dbcbd2
1fa6e14
1d664dc
1d27ead
00211d2
03540e7
0202c25
0269a5e
1f7f166
1d7f279
038e8ae
01ad33e
1f1e10b
1f7c1e1
1eaccfc
0080ca2
1c39cf5
037bf2e
1e07433
02c25f4
020f976
00e8141
1cf482d
02ba9ba
017916e
1eeb243
00c76c6
1fb9df7
1d6c7eb
0371d62
019fa45
1c933c7
1e39868
005f1f8
00533c0
1fcca9c
1ea0c9a
0047740
1d6ea48
0127b1f
1e759a9
019209c
1e8dc8e
03ec118
1fafda5
02d06d8
01b96cd
1c6cc7e
012c572
1c54e09
03ce808
02bb727
00764da
02cdf70
1c05138
0133c06
0177ee7
1c6b0e7
1d6774d
009b873
037f2d7
012bda1
1ddeb00
1e902d8
03a0c3e
1c074d0
1eed2ae
1d6fa24
02acb66
02b8ec6
0308c55
1e71a9d
1df156d
037b668
01968d7
005ccb9
02cec3e
0081c11
1f1e640
1cf6a44
02f4ab1
00ef500
1f836bf
039f69a
1d3000e
1fc20c5
1c693ed
1f81b6e
0301769
0092d68
1f64cf4
1faba5a
02ee342
1fdf166
017b28e
011af70
1de0ac2
0168c08
024c65a
1cb65bd
00aeb51
0333148
1cb2912
1cbfce1
1ea11d8
1f749cc
0199423
0003caa
1ec170a
1edbe96
1fd8274
1fbf4cc
1f15585
00e6926
1d9c21e
017c679
1daf24f
1ed91a9
1c7834a
1d6b23b
037f83a
1e9ab3b
01ae8cb
1c2e543
0169a20
1d7a514
1d8425d
0004c67
031ca54
0289706
1e697d9
01c7241
1fe0a61
1d1145b
03dc3b7
1c02fdf
024bc9e
1c54b0e
023c8c1
024230f
022d764
00b3505
018cc98
039a6bc
1db2734
1c721f0
1ef0474
015a3ee
1c0955f
1c18db5
1c48208
1dd01ec
03a1da3
0349585
03d3ffd
00f6a58
0326f8e
007a0dd
1fc584f
01ad1c2
0390578
1e8f8e2
1e18639
1e46dc3
1fd4894
1e3ba6f
1f124ce
1dfcb67
0003b08
03eb398
1c51270
0360074
1f616d5
1cafc77
01b2005
1fb6097
1cef066
1e70b17
1da787a
1d6827b
1fe870c
1dff3ee
01ee5f9
03cd81f
1d3c544
03fbcf6
1d8bc08
0083469
01b27d1
01e49a0
1dc1e35
02a1ce9
015a99c
0233c84
1f4cef9
03e1330
1fdc416
1da6e4e
1cf5a4b
005a23f
1f51a86
0370635
009f520
0188e3e
0360743
02e0da5
03ec554
029f1b7
0078970
03780f8
00cd664
1ea4ceb
1ca46a2
0126dd9
1cbd165
1d8a4d3
0081d9d
1d76589
1ff1da6
011016c
0154f4c
02ce362
02cd07d
1c2c61c
1e95325
1e953a4
1e51c23
1d9dc03
1c5c503
1d709ed
00d6f47
1c4c2bc
1e92702
00c8c0d
1f7505e
1caefad
0172df2
1cf83ad
1f993c3
1f48543
1ff61f1
0385dad
1cd2ed5
1d52e55
034f3d4
02f2ace
1f8003b
03b3a04
03fd468
1dc92ae
1ebdf87
1e4b2ec
1c86759
032493c
006b9b5
1ffb191
1ec06c2
1ce8747
1eb7e33
1dd9192
03d384e
025132a
1dc494e
1e77f22
1c4876c
037b619
1e8b3dc
0315665
03198e8
1de553b
1d204be
1ffeebb
1eca877
1c5a8b1
1dd9203
031a7fd
1c9059d
020b016
0081ece
00099e4
0355143
1f2e582
0351727
02c0b42
011d248
0116f87
00975e1
03a4c5d
1d54a0f
1c5bb29
1eb293a
1edcd9b
1fdbb38
00ccb29
1d1e651
0324bc9
1cb7d21
1f7066d
00e6374
1eee1b9
00395ac
01573f1
010ac93
00c72af
1e04f0e
02c0713
022cb0e
03cce83
00c7ddd
1cda6ef
1d89ecd
1f3910f
1cc39a6
038cb75
1efa48d
00a809a
1f630e5
03819f3
025e985
01ab852
1c3b2a2
02e4a0f
1f398d4
0379b63
03ed367
037a790
1e68fd4
1fca763
030d13a
1f8d395
0113d1e
0181905
014da00
02871b7
1c4ad88
1fd477f
1f8e5d4
03ad32c
1cca1bb
1f78776
0313015
02dc6c3
1ce506b
1facbd6
0380d35
0341817
010b380
035cf91
00e68ac
005cbf9
03a0176
1f0eef0
1d4ac22
009e1b4
00123f6
1d0573b
014b13f
1c0f744
1c762be
038ca36
00d6519
1ea564c
1d8e32e
1ed74da
1cce788
1fd1ed3
1ca3e6d
023abf1
1cac5d2
02fd487
1c111ab
005f919
01021f4
1f815d4
00b85e9
02ed0c9
1fb10ed
1cac502
0079ba3
01c6020
1cb5dc6
03e66c6
1c72ea9
0357f32
1c6801f
1c17889
1d64309
0058e9d
029c724
00a3324
1de115b
01549e0
1c7f612
1fb7792
1c58c97
1dfffb0
1c22ccf
1d8c573
01ffa51
02fba3c
1e6ebea
028b51d
03683d8
01bccd4
0375733
1fc74a2
1ec260e
1fb5a10
1ded470
1cf5dd4
008833c
0098352
00e521e
0086e19
1ef61fe
03bc565
02cce01
0298080
01001aa
1fb41a4
1dfe9a6
00c2267
1cb8388
0170394
01d75f1
1c5065e
01dd129
03f300e
00fbb6c
1c3b12b
03061fa
039c8d1
0278aee
1c67dbc
00c28c2
006f317
1f4cc45
032a4d1
1ff70a3
1ed6253
02f145a
0146ed1
1e2160b
1d5bfdd
0330b26
1c7ce94
03d6b49
1faf721
1e12f93
1d5437b
1c9ee3c
0328767
0265d1d
03ce73f
0250625
019dd1d
036e9fd
00dd1a9
1e554dc
0062f11
1e69022
031eefb
1eec845
1ca7fba
1ce4ef8
1c902db
1eca200
1eac603
1f6f69d
01601c4
02e0cd4
1cbef38
00c5dc7
01de661
03092ac
1efc7f8
0038dc2
1e731ae
0360344
1f3cbdc
0273bd6
1fe8fb3
03d17f8
0288774
1cb5696
1ccacbc
1e17573
037ff67
010a5c9
0127979
02bf715
03d4ca3
1d99788
1fe9e11
018cb66
00cebf0
0109de9
03f0268
0072f15
01f8fbe
002aab2
01b3314
1f31182
036ed24
1e935ca
031dcee
029de01
1de7eea
1d6025e
1dbc6ce
0266661
1f4273f
1e8c980
00d4979
03959c9
027c150
005bc1d
000dc88
1f9edcc
1c22ec8
1ff4d9e
0087a14
1f75f9e
1c6c896
03d35c8
1ecf78e
1d208af
1d9c2f1
0206856
009dc5f
03f5bed
02f594e
01e5d5d
1e0b4a9
00aa69d
1e566da
006e6f8
1d44b88
03b4041
02e1fa6
1d179f5
02ffa27
01e4628
1f225a7
1e94562
00c37bd
1c1139b
0173f3e
1dde2bd
00ac391
1e8f281
01df0cd
1c0285e
1e3c258
0293bd3
011c540
1c0c498
1fb37e4
1f8932f
0395063
03a7dff
1e711dc
0185e28
1f5b46a
035bd5a
1d32a74
1ee54f2
01a6ef2
1d33be4
1f83e71
1fbbe6d
1cf665b
03ddc7e
1f4e768
00a5613
1d6a99c
1de0c7d
021affd
1e5d602
1ec338e
1c34baa
1fbc488
1e0fbb3
1fe1a7c
02a4f9d
02bb97b
003da1d
0261ed0
1cc8e42
1f8b0e0
1fb8369
1e907da
1dbd860
1d5bd56
1c6feca
1f0bb35
1f44088
1c4b38f
1cd7792
1f8ace2
005cbba
02f07b1
1de915a
1d9c889
1da051c
1cd7555
01a65e8
0322704
0349b96
1f2d362
012b219
02ece64
03413d0
1e41a1d
1c6739b
1f701d6
01c1fcf
039bbf4
0214128
1cb2d81
1d539db
01150ff
012a89c
1f2b309
00409a0
1c739b2
1f903a4
005f7f3
1eb8c59
013bccf
00c67eb
0349df6
02d19d1
02e6416
003cdc3
030fb41
0381ba6
1f52651
023f540
1caad85
1cfb931
1f96836
1e6ef85
1f25388
012a657
1f49d44
024a293
1d5f8c0
1eef2c2
1fd3dc6
03cc282
0150474
019ccd6
02f069c
03d38c5
019db10
1dc8831
1fcc551
1e63aa6
1eb6b2c
1e8731f
02c6a4c
015d166
1d8d897
009f323
1e82c24
01cdd05
00da55e
0270905
1fbf550
003d597
006cf81
1c095b8
1e661d4
1d5b07d
01f44a0
016ccb7
0323b07
0089139
1e9f917
00b1f98
1fe7927
1d886c4
0370968
1cc77ba
1c0be86
0037a40
00c4a71
1f84e38
1e0c334
1d1718c
023f104
021ea5f
1f11a0a
1d380ce
1f12719
1d8da5d
1df58d1
00eba04
1cec1fc
1f42693
1eb5b0c
03ef486
01c77a0
01e3259
00e6ad2
1d397bf
0012543
1e084c1
0255168
0348243
01c6829
009edf9
1f44aaa
1f5aa2d
1cbeb83
02ef4c2
00e6961
1d11a33
1cd908f
1d2a7b4
1ed3cb3
1dbd273
0004295
1e67d4d
1e933df
1c23138
1fc788d
1df0b3c
1ff0872
1d09360
1f09da5
1e272e4
1f34e6a
1d40e50
02b6abc
1d6329e
0397843
0311d41
035d183
033e9f7
032879e
01c1f58
038e5d8
1c58978
003b1cc
1db679f
1d355ef
1da3111
0357f63
02be1f6
0103d0e
1f7be86
1f08c06
0351468
02bccfa
01e5b25
02e00d4
1ca4f38
015678c
03c9610
02d6318
1ff92ae
0274d87
0391951
0242f91
1ed738e
1c527f0
1f23438
0310d45
024dd0f
024755e
02e7fc6
1f17113
1ec683c
035b649
01e8a98
03bbd8d
02fb6bd
1ef01ec
02345de
1f29a9c
1e47e2e
1eab8d8
038c839
1f1eadc
1e6bab8
1ff000a
1fffb19
1e76abf
00a3f35
1ce41f1
1c8eda8
1c09f41
03940ae
1fe2263
0281d2f
1df8534
009155f
1d9b1a5
1cdcab0
1e86c05
1f8b518
01ceae5
1cc60a2
1d669e0
1e06c8d
008b3e8
03c779d
1d01dc1
1d3d9f3
003292d
0099a18
0264734
020b4b1
1ec6b8e
1ce7403
1d4b5d8
00f4ab4
1eb38e0
1c89e95
1e36307
1cb103c
0215d71
012b217
00a12f3
1fed7f7
1f1db68
1df1b92
03bc546
0046bd8
0141f26
1e01d65
004d26d
02d66d3
1e99fe1
1c70c80
00658df
1c87aae
02e8668
1cc9bb1
02c798c
1ebafad
1c8ca66
1e3ed0e
1ec2308
1d0b000
1e52379
014de79
008169f
1dd0100
03e9dff
1e35886
008b882
1e8b626
1eac534
1e0cfdc
1d9b5b7
0352038
1ed86d2
1c08d7a
0165b20
1f1c536
1d57f0b
0373298
0205f7b
1c43fee
00058bf
021b93a
03021b3
02e4adb
03a0516
03a9bd3
035cdd8
1fce0f8
00b0cdf
039bcde
1cebd3c
01dbdc9
02ffaff
03b521b
1c1205f
1d228d8
00c195d
1e8109d
0107ecf
1e75023
1e345eb
03c87ea
0037971
0165168
1de3d1c
027eeb0
1ebe5e5
1ef63ec
001c19b
027228f
1ec25de
1e1aed1
1ceaa0d
020f5eb
1eb3fb5
037fdf9
1c93e0f
0283976
03c4379
003e5f1
1dcb233
1f574d5
1dfbe05
03811fa
03119c9
1e2581a
0073ad0
1e6edf3
1e3a2b5
038baff
1c494e3
0383ce1
1e6037f
0229b5e
01a7526
0281176
1c3c18c
01cd6e3
1eda75f
1fff7ee
1e88c2e
00aac69
1f885fc
1d50eac
1f68dcd
03c7b01
1c277e7
02af4f8
1f5fad6
1e4d764
01f92d3
1fc912c
028c965
03e8e37
02d8b0c
018386c
00757a9
014048d
0396a9c
02b2889
1ce2bc6
1c006f7
03fc034
018f4cc
002aa6e
0291602
1e8a3a7
0042dda
0222679
1e5e6cb
1e0c628
1f24c5d
1c21851
017c7e3
1fe3806
01b7514
01123f2
1c3fa21
1d44d9c
03322e7
1f0661b
00aa445
006adfd
01eccbe
1d58d13
1e119b0
01e744a
023c8f4
1e33edc
1ea8767
02fd23d
1f0f2a0
1c5e68f
1f3d6e4
1c3f04a
1c2470d
1e2e9ff
1ea4646
00446af
1cde6a2
0228702
1d92f12
03c6cc0
1f3477f
01da2b9
1e4c93f
1d86e6f
01df2b2
1e22ecc
034b8d0
03d57c4
01f4c49
1f406a8
019ad10
01bb998
00b1364
0301791
1e75fef
1f992e5
0269269
0108b44
1e5e9b4
023f220
1d13510
1e6b798
029df71
1eccfb4
1e2c537
01a13e9
01dfedf
00a3847
014a39c
028a7f7
1fe2edd
00269da
1df2621
004850c
03d6f06
0311dd3
1ce6fb1
1ed615f
03d0ad6
1d269b9
033da78
1ec38e1
1cb4d55
03a92a5
1f46a47
1d26770
021abf1
1d6f2c1
1e89b6a
001a947
02955c3
1c7ad77
1dbc9e6
1ebf73a
012328a
02ab088
00d2420
00f0b37
1ccf8f3
0351995
00abdd3
1f21a90
00386d4
015a55e
1c3e97a
023e396
1cdcd75
011935c
1c45611
0301885
02359cb
1cc0444
1e32f4f
03d4027
005217d
0313f51
1f26143
1fb6611
032c261
0305150
02b65a0
1e51c92
033c0a0
1cef3a1
1d23d39
1d37fb3
0045e0c
03533fd
015fc89
1cdb0b4
1ffd8eb
035068b
01e2730
014675d
1eff770
0349446
1db260a
1c18b37
02b59ea
03222ca
1cdf600
0223575
030a35e
1f796dc
00b9b90
018b05e
03477b0
0307344
1ec4a73
1f534c9
020d757
0063393
1c1657c
1f4b323
1db622e
1fa63a3
1df793d
02bca75
1ca1f52
1c490b0
033f6df
1daf696
1edc27f
02e63bf
0177451
1e303ba
1dece20
1ebce76
00de2d0
1fadbc9
1dcac4a
01a316a
1c3d986
0038ece
039e76a
003782e
019da74
00e3140
03026b3
008a882
018cef4
012b10c
014075e
026f924
025619d
0196ccb
004fd0f
1c998cd
03768a5
02baade
019719b
025e0eb
1d8fa7f
034d67d
02e6313
02dc25d
1ca6e4f
1fb34e3
1c897c9
01480b5
1fdca41
1d875bc
1da35b4
031ab4d
1d24c2a
005bc7f
1c7548a
1eee43c
01061bd
1d08ff7
0037f21
1d218e9
1df8662
005ce7d
1cae981
1ec9007
019ce0c
0087f0e
02f5be2
03498ba
1d31b20
1c94aae
03c5aac
03afb71
01ebeff
1cd760b
1d21a37
0346e23
1d57401
1c0b72d
03d10a7
03fffed
1e9f505
1ff57b4
1cbcdc1
0097edc
1ebf1b8
026789c
01c1eff
01fd560
03ad7c3
1edda93
1f89b91
02ecb21
1d1985f
0260e3e
1d06c63
1d45935
1c73192
1c5d4dd
02d9b34
006f7c1
1f39573
0017008
0248aa5
1e93842
1d1156a
01251f6
1e9cef9
02d5ec9
1dc395d
1ec04e7
0312c85
1c4ebca
1d5f48e
02da51c
1d5071a
1c7ed8e
1fbe86c
1e86e17
1c1507e
1ef1d76
0175af7
02b857b
000c2ee
1c89e2b
03c09d4
00d7841
03a57ab
1cb296b
0209050
1f8be54
1d9b62a
02b5d65
01f1221
1d35436
03ca36d
1dba4c6
00cfd26
01443fb
02fbc78
1f64d2a
0222bff
1f5e3c3
1ff7286
02dc636
1d74673
03a3e44
025f73a
003bc23
02610a5
1f17175
00b35e9
1d1f563
1c89f9a
02e750e
1de151c
019cd02
1de9d2a
1c3054b
1c28a6c
0264766
1f9ba20
02dc6f2
1ec2053
1df5aa8
03391e9
1ed803a
015ed97
1e43115
02de8f0
1f29fef
001d20f
01e3baa
0284f27
028239a
1ce4441
0000f2c
1f05e6a
00751f7
1f6ad69
1f98853
01d547a
1f14319
1d0df27
1f09d75
00fd56b
1ebcc91
1feffe6
1c1209e
1d0d30a
0244f32
004142a
1ef5ade
1ee4cfc
024f8b8
01e3d55
0220777
1fd9cbf
1cd63a7
1d9d059
1e9acdb
1e880f3
03e17de
0001784
1ec765f
036ef89
00d9f7b
1f3a7b0
1d3a2bb
035c1dd
1f35155
0044ebd
1cbc00a
1daf4b6
0154aff
1cc433f
1c3c37f
1ca3d9c
028b9e5
030e1ef
019962f
1f0ea9b
00cb608
1fcb1f4
1d8b03b
00beba4
1c4e809
1c6c0ba
1e34270
0325e1b
1ec81ae
00cfe16
025f5a5
1d2c034
1d32018
015f037
026f4e3
1d2d81d
1d90b17
01728b8
1e7703f
0231e15
1f39353
1deea4e
1e73b40
01b98c3
01ebf08
0360a62
00ebf79
00d9fdc
1fd966f
02c2f52
030f04c
1f9dc70
1dfd547
1fa5e4d
1d03e35
00e5be8
1c16326
01f0a04
1f2f076
1fb2435
0273d82
0288334
1c03adf
1f113c2
017e7e4
0192fea
1d368d1
1d8f79a
1d3cace
1e7d459
02362fa
03a8d17
01b7e78
016a3a0
02874be
1f8664d
1e34493
017ccd3
1f16f8f
004f69a
0080b5e
0379bc2
028132a
1dbda23
1dc8951
005ce81
1ca5265
00c9bee
03138dc
1d5b40c
0013eb8
1dc98d1
01d1a60
0048f00
017b6c3
001522f
1e22a1c
1e6a566
0301dd7
033f9c7
1df4cce
1e6c226
00c2f44
00bd9b6
01a282d
1e11542
004aeb6
1f3e655
034fa9c
1cfe176
02de71a
1c767dd
01a6b3b
017c602
1cdf07f
01c2660
00436ed
1e5118a
0039994
1f72392
1cac72c
0316cab
011ea65
03a2852
1c62ac7
0217bb3
1e0dcb5
1f96dab
000a87d
1c0496a
0183d4a
1c90b27
1fa9ec1
1f083d1
1c1cf27
1c310ae
009a702
031e429
1c92faa
1e5b232
03ba6e3
1c0e2d1
03b5f03
00d6183
00d8e25
1e07425
1e9d90d
1f8330d
1f7bf20
0168989
00bacd4
02ebee9
1eca071
0166512
0046a7d
1c3d256
1c8018e
1fcbc1e
017fb1c
1d806bd
1de99ec
00f0b71
00de42c
01b0d8a
1c714c1
1efc4d4
1eccd97
0190870
009c094
1cd6251
02d6147
0089171
1c2d96d
1c1b0ab
1f4841e
1f6cd72
1fbf8a6
1c4ec57
1fefa2c
1c6f2e8
0326d7a
02a041d
1d5ca0c
010f658
1fdb628
0243447
1e0cdc1
0195b11
1f68214
1f605e5
1f14140
1cf373f
1d1c750
037dc73
1dcb057
0346b68
1df6b28
1f3b1a7
1f46bb6
1c359ab
0329cac
002137a
03c3ce7
01865c7
028691c
015d8a5
039043f
1e2c45c
1fc5abf
019212f
021d13e
1fa8728
01f779a
1ffe696
1f61840
00b3285
1f8cede
1f3b45a
0274a3b
1f8abc8
00238fb
03564f4
1cf5f21
0355306
1c10f80
1eb5111
1fc93cf
1f2fe6e
0210b89
01e700b
1fbc5f8
1e86258
1d9146a
01234bb
1f50a79
027a3ae
0278bec
03c498f
1fbb251
031697d
02c3c24
1f8af89
0128445
037cb2d
1fc66bf
1ffcbe5
1cd5484
1de1ef7
1f00dd3
03d24f2
1db1474
1f7bc85
1c83c8f
0295531
020b437
1ea1a92
0079d62
1e90064
1d10e1c
1ca5331
00888c4
1d74cb4
1e50d94
00322c4
0017771
1dc0609
030b568
1f22778
1fb936c
00ad66e
001ee38
1d89b06
1fed6ac
0061a84
1f7ad67
1ee8dfb
1fcdc27
00546f8
014c4b3
1c8b6ca
1e6a801
1f2b4f0
1f9a894
1d0d041
006dff2
036a6bb
0032c5f
1c26150
038806b
015b0e5
03e75f5
1e5de1a
01054dd
0316f97
1fdf4ac
1f5674d
01c0528
1c8153a
1d3c08b
0208221
0054370
02bfeab
00026e5
0329d35
1ce703a
1d1f9a1
1da04cd
0172a64
0047604
0295755
1f60661
1eb4a9b
1c535a3
00c4290
1deab11
1cec978
0033d06
1e60225
1c39460
0338710
01ec67c
1eb597b
03e00c2
1c35fd2
0247d65
1d696fb
02ea958
036ffc5
03ccb97
1ec3c19
1ce14bd
010f16e
1f58162
00fb6bb
02a50d5
02b673d
01327d5
1dde15c
1c89173
038d92c
03eb151
1d17a44
1cf2fae
1fceac4
0380e28
02263eb
031c793
1dcd4ea
01fdd84
03829b8
00293ce
0107727
1c40148
1fc7ff6
1c961d2
00113ce
03ac750
037f1ea
1d2a378
1f2d011
1d5bd1d
0155b29
02360df
1e025b0
1e59293
1cffebb
038d4d5
02d1914
000f2a9
1f9e847
03fafe6
1d1d60c
1cd6dc5
1fb5efc
005ed4f
1f575d7
1ed0fec
1c901f0
1c2f06a
1f2c0fa
1f624aa
1c4daa7
0091e47
0354d74
1c0eb4e
1e3e89e
1d7b9c0
011bbb9
1db7dea
1d4bbcc
1ed32c3
01e6633
034ca05
1e18575
1f54cc5
1d2c650
1ea4a96
1c87d17
1f2f718
1e6cf46
1ef39b2
0330104
027463c
039f482
007421a
01f5d30
02586ef
0222b1c
02e026d
019a7d4
021b3ac
1e7ddf8
1c41e7e
0188a6e
0311c43
1ed049f
00d747d
1d76f65
010a22d
01f8d58
1eefec2
0282d82
03461bf
031c08d
1c98b34
02a0787
0109702
02622ae
016985e
1ef8e92
009ddd2
1e31fb6
1c4671b
01d77c4
03599b2
1dbfa9f
00f7489
00156e8
03466da
0217c46
038ae71
03beeb4
0098e36
019bee0
1e5fb8c
023add5
1c9d1cc
1c37f22
02e1cf5
03f7fe5
01121ee
1f41861
1c49646
03f1118
1d337a4
1f2b623
02cceb1
1d193ec
1f7dfa3
1e8638d
1d03214
02c56bf
00dbcd8
0086dbe
1f69f00
1ebeb4f
0375aba
1e294b1
1e921d1
1e09c59
005e93f
1e437b4
1c4e2c2
1fbec21
1db9d38
1cbf0fa
1c6d449
0231491
017e5d9
0364469
01956ec
03aa027
00301e3
1de2212
0341cd2
02e2595
02afee4
01c4ca6
024e6a4
00981b5
01e5ed8
1fb4080
03bcfe0
01eee24
03f356f
01f1221
1efb88e
03137d2
1de956c
037bbb8
02b3a3a
1d1bbce
01960a1
1f0e4e0
1c522c0
1f6a0e5
01308e5
1c16f43
00346e1
01ce9ff
02f4a69
031eb1a
1f27b4c
0386afc
1e15a8c
020fd8e
0397f24
1da4de4
0386024
1d58072
1e364fd
020ca63
013e88b
1ff6885
1fab7c1
1daefc4
01b3c88
1d1c61d
1fe97ae
0128358
0028944
00cf165
01a9a06
02f9d9c
02a7e97
1f9fd58
00e9503
1d6a71e
03c955f
01e2a6b
1c45254
1f9c76f
1d8aa55
034e49b
1c33a83
03d903b
0158eac
1c9a329
03c882d
0138b5d
1eb37bc
0147694
03334a4
031ffb9
1de0764
1e16839
1e98698
1fe3e58
1dba8f6
02b0f2b
0325875
015c450
024a954
1e52b86
027e1df
1df6aa0
033c9cc
03fb30c
1de6a6f
1f52f20
0270f15
03b2d7d
029dfe4
1e82576
1e95742
017bc6c
1e10583
1cce82e
1f19ab0
0024bb5
1fba748
018b0f0
1e91caa
00b8a01
00a3aa0
1d6189e
02bb8a4
1e09b61
1e2381c
03c7c56
1f6d010
1f4db16
00a3225
1d72249
02e4fca
1cc816a
1e6f611
1cd185d
1cd6e01
01a106a
00942a2
1e67ea9
028ebe6
1c8c2af
03ed3d5
0390ab1
02b7720
1ffef55
1cbbe30
00cdbd9
1ebddcd
1e75cab
1f23e3e
1f54882
1e62256
1fb2e72
1e41bf8
1ff6900
1de99eb
00ca9f0
1ca0d80
01f87a7
1f8d366
1ff1813
1fabdb8
02c3fdc
1e2aead
1d9dd0b
0079637
1ebf650
00b6bae
022de9f
03bc306
1cdfb28
00edbc6
01efec4
1d72660
03d3ca4
03a3f69
02adcf3
0237aa0
013a217
035d42b
1f899c4
1f76b80
1d1b0b3
03f133b
03b48aa
1d8d54a
00b852c
001bef2
1f93a03
1e54386
1ef0453
0294e55
1e0037d
1d8e3f7
004ea5c
02394b3
00306bb
1f275d0
014fcb8
1d4f5d3
1d3ae11
00bfa07
1f5e15e
00bdd06
1d09cc4
0084a5e
1d15f5c
1d3d47c
0214d3d
1f7b374
1d22f8b
1ff326b
023acf6
01a333d
020cf13
1e56d28
008aa6f
036d2e3
03e46e2
1cb2680
1cb0905
1c6bf6e
00f19fb
0245910
01fe44f
0122067
0034091
1c32972
0353055
00c2a0e
1d48bb3
1e7c714
01fa55b
1cc89e8
02a9226
1f26300
034be1a
0113eb8
03b3aa1
1e6378d
02986e4
1c205ef
1c211ed
02a931c
03a1c1f
02e386a
03f29af
0109686
03cfa30
1f151ff
02fe858
02abe39
03084e3
1edc874
0071c2c
024d248
1c03a2d
1cca067
1c2d53c
1d75bd7
037a265
014aad5
1edc25b
1f4e723
1cf9437
1fb3df1
017b2c8
1d2948d
01f7786
1f1cd57
0185ace
025aac4
1c0e5be
1cfac69
01c88db
00280bd
1d749fb
03881ed
1d1fc62
1f1dadc
02ad62e
027d5e0
1e902f1
1d99737
00e8e0c
1e232e6
1d6b154
1e8e052
036675d
0257147
1f0722c
1e9b5e8
022867e
1c7e9b3
0348263
1d9c0ee
0107acc
1c0258d
1e6fa00
02f0e90
013fff3
02506d3
1c47dff
1dcca63
1c584df
1f74293
1d50705
0270fa7
004095d
1e46dba
1e92170
0051eca
1fcba40
1c3d52a
1da2846
028b500
1ebf70d
1cc1cd7
008602c
009637e
01c9a50
1d39cd2
037c0db
03bd601
1d64f15
017384f
012263e
1f09da0
00a2e07
02237bf
0125eaa
1d9b824
1f47333
007df29
1f13409
028cc9f
1c415db
038f660
01c7f2e
1eb609e
0396586
1f5467a
1c49110
00c9239
1d61580
01f85ce
006ad2c
1dc6a17
015234b
1d8fa60
1ea7ec2
0101293
017e1bb
1fca911
03b2092
1c3b8a1
1e11de1
1ce95aa
0321100
1d2f061
00be662
02e54d0
1da86d1
03a354a
0140236
1ef2dda
019f693
02cbaac
0215463
01c200d
020f561
1f1b935
02d551f
1d284db
1cc3eab
00255b0
1e03692
1fbc05a
0358933
01383a2
1dd2033
0105b16
1fb04c3
027f40e
0176b6e
1f63b10
1db5067
1c38ab4
039ff59
02e3572
1d7a542
1d1af30
1ca0cc2
1fc4f5b
0269c1f
1c3b015
1d291bf
01fbea4
0242e13
1d44ff6
1c646eb
1c7b1d0
01d01e8
02f7c4a
1d35f74
1f4305b
1f8123b
1c1c412
1df8d5c
0367e0c
1e37d9c
1e70820
020672b
02aae88
01d43db
1e823ab
1e70ea6
1d55bd3
01fa3d4
0230354
1f41aae
1c16d65
03396d0
01fb1f6
020a2e4
1ce6f00
1cbdd2e
1da1220
00c5dc7
1c801a6
0114994
00e8483
00703bc
02710bb
007e695
03de9cb
1d99a6b
1f0ec37
1e60a2e
01a0f75
1fc8439
1dcd902
03a285b
0046227
1da3340
1c1e5e7
1c9a9d7
1cbb924
1c79f94
1e47460
0149a30
004eef9
02fc125
1e677e4
1c5f132
005c8f9
1c54d03
0015e43
1c529ab
1fc43a6
1c995b0
0332b18
0350d7b
1da1b4c
1d84f06
0370499
1d6f27d
1de68f1
025016c
0184435
00aac42
00e4513
1f16345
03eec17
1faad77
1e7a3fb
02da143
00f9fa6
0036d23
02240c1
1d0e6fe
1e6eefc
01b0960
01d8673
1d394de
0317856
1c5cbeb
03a91ea
005067c
1ffa906
019752e
1e386d1
020bb10
1d24dfd
01cb999
1eb9768
03a0f15
0308079
1c2655c
1e54097
1ce2297
1d98953
00bd660
0191fcd
1f9c066
0035486
0123c43
1cf8851
039ff37
01e72ff
1d7af6b
018ed00
0323ac6
0134480
1dfaf5e
1fe0349
1eb33d3
1dce22c
1e2345d
1f319fd
1f4a21a
00911b2
1cefc11
1fe009b
019153f
1d52c70
1e6c74e
1f42c2d
006f56e
0329796
00a9d53
012c5f7
1e8eaa7
1e6f480
1d569bd
1cacaa3
1fc3036
1f40737
01bbfe1
005632c
1de4427
1f49ae7
1d16964
00ce3d9
1fd55ac
00b29be
0166192
1d8a9ae
01a95ef
1d24c1f
1d709ae
1f7e686
034ede2
1da76ab
1e78ee8
1c4734e
1c5f571
1feefc2
1e062a9
0238448
1f40999
01b5686
1e8696d
1c7db95
1f4a9ff
0151de6
1eb49dc
1f948a4
1eaf29f
1c26e20
006b988
00c7cf7
030d0aa
0232c70
003e36f
0348289
002cee8
031ed94
1cc0908
1d4b0c5
1dc6074
0336a9c
1d98ea6
02850c2
1faf405
0284fa8
1ddea39
1ca0160
1cf0b4d
01491d7
02ceb6f
1faa7d2
1cb318e
1d49500
1ef59ab
038f589
1dfb970
1e407dc
1cab0c8
1d74e87
02da0b3
039d703
1d815cd
1d19475
017f9fa
00f4e3b
1ee7c1a
1d9533a
1f1d930
00f7e6a
1fb3024
1ebba3e
00f2a6d
1e83ef1
0384d8a
03c5956
1ea3176
1ff0dfc
03b4ddd
1faddf4
03023d0
1ec4aa6
1dd3927
1e5d664
00d8c46
00f6c32
014b455
00e8d3c
1ff3a23
1f343cb
1c49547
039d6c9
1e67aae
1fc9c1d
00ea217
1ee074c
0055b84
017015c
03ff1a0
1cc3aba
03fa509
1c9c84b
1ddf8af
1d8d62a
1d9cd0e
023bf6c
1e1521b
1ec4f30
01651fe
1c9a4b4
1de7088
1ec07d0
036db81
0277865
0119dfa
01ea9a8
016d0c3
0055b0f
02e2427
037c582
02afd08
1e70828
001fc66
038b6d5
03dbfbd
0328796
03279ce
1e38da6
1f91c93
1c9c90a
00a0ec4
1e3db5d
1faa0a9
1fa54d3
0380daa
0150f22
01b1ecb
1c9f976
1fb5352
1d22ec1
01f1bd9
00c7234
1fb3ec9
02d7b15
032e4f1
1c257bb
1d6e553
0088295
1cbb98f
03722fd
1c1b5a9
1eea6c9
00e6f3f
018190d
037ee34
1d16e73
036a9ff
0184692
007f198
0049dbf
1c9a3b0
01181e4
0004062
0033772
02e679f
1f93656
00ec016
1ee7fb4
1c4f4bd
00ab1e0
1cd7a1c
01602f6
1f48eeb
02e6bb3
1ef9a2e
1f40501
1e08a31
03ee015
025e1e1
1fb3b2e
1c4df05
1ed46f7
1da8bc2
026786c
1ca0e64
1d33d52
1c55c7e
03fa6e2
1e135a0
1f82dba
00672c5
1c98a02
1dd1647
1c33939
00b5434
0143c20
1fb3e8a
1c8d33a
0309cbd
1e85132
1c8227c
1cd2950
022ad1e
1c0b360
1c580c3
0375525
029ef94
1c3554a
01d421d
00aec34
01fe014
1ed7b2f
0171bdb
1ec2dca
0208189
1faa4d5
1e7f0ff
1fb31a0
0239043
1f8a47d
1c19338
1de588f
1c180df
0290b65
02cdd8d
1f64f2d
1c16369
1da7652
01502c6
00d4f56
01db6e7
1feff8d
0167b10
00feb43
1c1269e
0025537
1c3ff8a
039c6d2
1cc00f7
1d0dbca
02d5617
1ee3f12
035c69f
00a8ef5
034ab6b
01ac87d
033dffe
0343736
029d5e9
1fbacf4
1cf2d29
1d6b004
01eb2c8
1e03732
1f378ec
01b8c8a
020f83a
031b6a1
1f1db1a
00a6899
1f6a2c9
0079eb6
1dee161
0110f30
1e94574
01401ac
1e017fa
1feb146
021b397
0068fa7
1ff48cf
1e0826c
00b8db7
1fc137d
0184bba
1fa113a
1d954c5
02fc409
1c16e79
1d55885
0054da3
01e5971
0126f91
03cf2fb
1d6fbfa
1e3b012
1ffdb27
1e20a39
1f4b666
1ccd024
01e30ea
009d246
1d8efe2
00e7de5
01a1341
1d90f3d
1e7a0ec
1d130fb
0097526
0163d55
0245afd
1dfebb4
0246388
034a642
01af85b
1f171a2
03aa4f0
0341cb4
1f6ed80
1cebcc3
035fe40
01a944e
1e9c15c
01c2ab5
00858d3
1f3cde6
03d63ed
1d69f7d
01e2f4f
1ed72bf
1c2bf6d
03bd45c
1fc3f6a
1f97c0d
02a963d
025b830
1cfece0
01abde0
00d193b
1de1817
024d07c
1d30062
00f22ce
00cfa41
1cefa30
1fcad72
01fcf77
00f7b1b
0087431
00248b3
008689c
1f03ea5
1fb00f8
003519a
1c5686f
004acc5
1c152a1
02fbe1a
1d7b5eb
00affc3
03983b1
0164adf
1c41b66
03a45e0
1d64f45
03e08dd
1d40848
1fd72af
1dc20cd
016702d
0322f78
1dc34a9
039d0c1
1eb3efd
031a20d
0167a1d
03d197b
0057620
1d45135
029ec6c
03f0d3d
021ab35
1c80daf
1e4c40f
00e4c35
1d1fdca
1c8945b
1fb1b21
035d492
1ca7812
02cbe6f
01b2632
01901ad
023afd0
012a6e5
03f0310
001f28c
1ee5fc6
1f087fa
0171a8e
1f7e150
028aa91
1ed5ada
039b91f
03f7564
0061d63
03b3489
1dd8531
00429ef
0302f99
1e5119b
03369cf
1de7614
1d836e5
1cfc1eb
01765fe
02bc795
1c65844
01d7a0f
0167b0d
1f0a096
027caac
1d4de19
0011250
1fcac0a
03bb600
1edfe43
0223627
0149f87
0068a15
0005d96
1e91660
00976e4
03e342e
03a8534
004c278
02c2676
1f7acb8
1f1343a
0215049
1f5034c
0359199
00a4709
1c36af3
1f24155
00dfbbe
1f1aca5
1db4933
02c831f
027d3a3
0112cb1
1ec96e4
1e2f481
021dd8f
02be458
02be95a
1e560d9
1fbfd37
025f5c9
1fe7f92
1d87a62
1ffdccd
1f18b18
0273a9c
1f4a585
002e581
1c90e88
1fc74d2
0100d1f
03823c6
02f4041
0376a3d
1e30afd
02fa432
00bb98f
1f8dcbc
1ce1f76
0256131
1d05bf3
02fb8a0
00188e4
01b30d3
03dcea0
01eb68f
0366b45
1cb25c8
1ca8e52
002f630
1da20ed
1c6410a
02e4171
03127f9
1e5a56c
01c1199
1ebad46
1f05df5
02c73b1
019501a
018abca
1f22b99
0305488
02ab1a9
1fe82a7
0036e71
018a092
01d86d1
01de098
1df5848
02eb23f
039771c
1fe6d6f
1c7bdec
01d2f1c
036c726
1e43fb9
1c65a97
1f0e09c
0204a14
1fc84e1
1c97908
0029717
1c02f7c
1c944a3
1cd062b
03ee0ff
013faf0
00f5305
1cea20c
1e7bd4e
1ef4199
1f823a5
00fdd8e
1d6723f
01cfc29
1e9801e
002b88f
1c4dcb3
035a043
01bfb3f
025eda2
1ffd70a
009cd1c
03cecbc
1fc064a
1d62448
011ee8f
02cdfdd
1f6b9e0
00211fc
02e9ba5
002f70b
0028494
1d5d67b
01d8cac
1c38973
02fafe0
0286feb
024c8a4
00b2ab2
1e4c999
1eb5a02
1f74b40
1e63518
1d96084
1e7cd4f
017f559
006f45c
1e024c8
00b0304
1e5fe68
01e55bf
00cf730
03bb47f
00c61b7
026dea2
1d0ecbc
1da0f2e
03857a4
1e0d6d4
1dc29bd
0234fc8
02b6e3b
029786a
1f38cb1
0325d51
02a7109
1d04af0
0214009
0238153
006d43a
1e6c9bc
0020c0e
1f9f383
01e3460
1d369a7
1fdc8cc
03b4772
016c085
03741b1
037d359
03afa60
1ed7f9e
1d93d4a
002075a
1de6dfd
02b7e67
0250785
1e13b5f
1ffc1e1
003ba21
1fadecd
1efa7de
00b9d3d
01ff5c5
1efc174
034b6ab
1d85f3c
005d258
1db7fe1
01b31be
02401a8
0095805
003f303
1c902e7
0150209
00fbc63
1ee24e4
1f4de25
0286508
0170b08
1d59259
1e7a1e9
1c674d4
1ec4bfc
0002e3a
1ee8c15
02c55ab
003d953
0322fd0
029f743
1ce4e34
0316551
03f96e0
1c86db8
1c58171
03867e9
0184eb8
1d1378e
1f34637
1cd890e
1e8ea35
03b6272
1f197e3
1c88380
1fe04e1
1cbcfa3
025f69e
01199d2
1e5bd4a
0267f5d
1dd294a
1f2d09c
1fa2c2e
02680f1
01f32e9
0042c7c
1c70afd
031fc42
1e89354
0009c7e
02611d7
0147009
1fa0bba
1cbb902
1f8941b
0006fc4
0180769
1e60bc9
1d37dcb
1eb34cc
01eb241
02579cc
1cc6acb
003cc03
1ec7655
03ca6c0
007555e
00a617f
1fb3afe
0148073
1e27cb7
023d955
1fec1d6
02f8555
03030f6
03c4361
1e97893
03064e8
1f0da08
0327791
023dec6
1ee5558
01b7468
1ce26ba
027a7cb
0171954
00a6fed
1e28266
1f8ec16
1ede1fa
1e53848
1de4c77
1e2134f
1f1d3ba
1d78de3
03b2adc
02a1f9e
00ff893
00b0b6e
01fc682
1dfcad7
1f50977
018de6c
1fd4506
1dd7609
03a9521
1f21700
021a307
1f378d5
036ec86
01f065b
0305977
03fea45
010d089
1ec0a89
1d86a66
02b85a7
1cad4a6
02b1dfd
1e403e2
03b0901
03540f8
00079b4
1e957c4
035afc5
1c2ea80
1f02171
1eef392
035bcb7
1fafc1d
1f085fb
1e92c6d
0054fca
011a052
03d33b0
1ca72ee
00cd08d
02cbbe1
0091353
1c34763
1ec0082
1d867dc
1eba868
033220c
02480a4
1e003fb
03f9c2a
02356fe
1f65218
1e3fc1c
005d8fe
02ca3c8
1de0b67
1f2430d
01198ea
023334e
1d6ce55
1dafd5b
1e22358
1e38f2d
008993a
1d2f0b8
03197de
1cf7cdf
1e9aef6
022dfe7
0011f24
1c2823c
1cac924
03f7e5f
1e62889
039e745
1d684de
001cdfd
1c90293
01ab280
1dbf20f
1f27fd6
1d42ada
0201ef2
1fb8bbc
0041edd
00e479b
00e221d
1ecfe09
1d3b07b
1c3694e
012421f
1ca5375
020fc5d
036cf45
1f6d36c
1d0595e
1c4dede
022f9f7
1e8127a
02d6703
03f0c90
034d2d8
1e9dc01
014a77c
1f997f9
02ca192
1cf52b5
1d5e2ec
1f98b52
1da5fee
1c46a0c
007d027
1d85801
032468a
1f9ab0d
0195af7
1d665a6
1e4480e
1e5f014
1fe52b7
1f7fa16
1edfdcb
1ebff8b
0067016
00e8880
018c603
025a842
1edde69
1c9a232
01f049f
00fe5c3
1fff6bc
002c6e1
1e7e60b
1cd033b
01f940e
0176b1f
1f657e8
1e5a7f4
02b1e81
026b5ce
0395ab7
02b5542
1ce443e
1c4e302
026fedc
1ecd553
0316147
03ffd98
1d7b9ad
0243448
00c9594
1dba6f5
1e861bf
1d33fe7
1e68ab0
0124095
037fa42
02e7c48
1f64d6a
1d208f9
023b658
03a0860
1d8d101
1c96fac
0087a6e
1d03576
1daa4f0
1f79751
1c8075b
0017ab4
0384470
0024ea1
036c202
0329ef9
006cf60
1f50373
036b509
0036e34
02b5ea6
015a774
0225b18
03bc5fa
1fb50a3
1de8eac
1e3b64e
0384988
002a2db
00fe7fe
1ecc30d
029f59a
03d04f0
1cab53b
1ca53b8
1f72106
1d4000a
03bd798
1c42b3f
1e97318
03e54e2
00e3b73
1de14a7
019426b
1da80a0
0224d97
1d11429
1cecb2d
1d1a74a
1d001db
0306a9a
00607bd
1db6071
1dc4b92
1cc39bc
1c9d3b3
1f663dc
0232215
0391309
0131bfd
010b4ca
00ed82d
1f84690
1dba96f
1db8824
03a3ca7
1e6321b
035d477
01910b3
1cd6fbd
1fbccca
03bdffe
0090954
017966f
0079dbd
021c9e3
1cb2af7
015dbf6
0140f9b
1fe27a4
0205d12
0297c75
1e7320f
0206783
1cf4d2c
000e956
1fcd56e
1df3171
1d7ad0b
1d1957d
1d3ac3f
03d9a00
033d42e
1f22b41
1fb5f4d
1d1e60d
1fe7d07
0355be7
0168148
038d156
1d4b5ca
1d92216
1f19228
02817f8
1e4663f
00a1253
0315fa8
1c144c9
1ef8ab4
1c5841a
1d32e68
1f701c4
1cacae0
1d560a8
0206e31
1f76bfc
1c0fda6
03fe938
0399616
02fac61
1f49f7b
1f36efb
03218c2
02bb0d8
014851c
03df579
1e08125
03ef7d7
1fcf9ad
03d6ec9
1c0d176
1c6ebda
02b6101
02c6fdc
1f3d4f7
02fc649
0262ae7
037957a
039ece9
1f24b67
1deb2d3
03b7816
1f0e5d9
01cc3bb
1c00612
1db9a15
002d9d2
0272a0e
02be6ac
1d97dd8
00352d3
0325133
0217add
02ed628
02dbdde
03bc463
1ef02df
01d9dd0
015ecc7
0315f42
1f6de39
03b5fd2
01511e1
004e2ac
1c4c69c
1cfeb99
01d001b
036d771
03c1dc3
1c3ff5b
1d6f2c7
1cbde79
1d1390c
1d79891
036d0bd
0047498
1e402de
1f4c8df
03f068e
0340580
1dcfc51
002df4a
001dc37
02b9e24
1e74539
1f99d82
1f69391
00cb51b
1d45a9c
036b630
1e479c1
1f6b43f
01cdfbb
03a2a1f
1d572b4
1c28ca0
0043e9c
01ca9cd
018a9e1
1d962b8
1e51ab3
1e81c59
03890b6
1e33869
1f15ec3
1ef402f
01a27fc
1d993d6
1fb0298
1fedf7c
0267aca
013e094
1dc0585
03fa9e6
1fddeb9
009025c
022131a
1f66e78
1f7fcbc
01f9de3
001f1ae
002821b
1dcc7c4
036f96e
1dd2d2b
1e50584
1e5e3e7
003be9d
1dc92b8
1f037d3
026bb62
1e041ea
1e30b5a
01b3ca2
1ec9ae0
0182e5c
1f6aa64
1cab177
1e8dc0c
0362868
1ef293d
01fce67
1c336a0
1eaee6e
02d171a
1da4f85
005265f
00c38a5
01c975f
03afe03
1cfc20e
1ce586c
1db735e
1ec7eda
1e943b2
1d6b4ec
1fcff8a
019f490
023140e
1ec5b48
1ddf053
1ee5769
0213d38
025e9e7
1ff0476
02ee0fb
1c79d06
1c9be75
1c31a0e
00d5b5a
1e5ac30
1ca585d
01f6663
01bc650
008c4db
02c813f
03c3400
02bc9b0
1eb3af1
0239f3b
005615b
1fded3a
1c05ee7
1fa4016
004b423
03cbebc
1e24615
1cbe5c7
1fe895f
1fbebf8
03935ec
02c17c6
1cc93b7
03eeec7
1dd892b
014d98f
008baba
036ca74
02c6270
03ed0f6
1d8f848
1d7e0d9
0187020
1fb4b43
1f0e4a1
03b84a0
03795c7
00a2b95
1f1f575
037cf4a
1c6ae9b
01fc03b
1e21ed8
036cfaa
01aa9b9
01a9b9a
1fc8d2f
1e6c686
0098c4c
011969f
1c7699e
00b9885
1df9e52
014b610
01f2d20
009dd21
1d525f9
01c8aa9
024b4e9
01b405a
0137f61
1fbb757
1d4f3c4
1e448d7
1e03920
02e5f21
021429f
00085bf
1e32abe
1d2c889
1dd4c61
1e39ed0
039d58e
1e664b9
1d8b199
02362e6
1c88103
1c4e0b8
1d8acbb
1ffac27
03ac389
01a137b
1d88547
032e646
1e496c3
1fde003
03d7218
1f7d92a
001f938
1f7b3a1
1e032af
1deff5a
1c8824b
02b9400
012b27e
1ff4fab
0082c34
02511ac
00f21e9
00f0e6f
02c862c
1ca3137
1c7cd23
1d33ab8
1eac6f0
03ba731
015bdf5
1f95fda
00989ad
02552d6
1d07de5
1f5a09d
1e63032
0350841
01c7a81
1d5abc1
013ff26
02b627c
1e5399a
02dee20
1fb5b47
1cdf60f
03ef6be
02a4e51
1f67f64
02bc52b
019b7b2
00a18e6
002cb84
1dd1ec1
01c6f2b
01ad5b1
023d661
1d8756b
1eae3c2
1dff977
1dc4888
02ef712
1c02a4b
03b0ee0
1f291b6
1fd91f0
1c296fa
1dfaeac
1c31627
02d076d
1fdf595
03bf138
1de4152
1eb22a5
025c2f8
02bef98
00f9149
1e0fe13
1fdd905
1d279f4
037a620
1c2de48
1e5e8f0
1ee8957
0096df3
1f2367c
1f9e03c
02d270f
1e01b67
0050c26
0226b71
1edfece
1dedf38
0256f47
0048bd6
0203432
0285fbb
1f8b410
1febc29
1eca2f8
00078eb
01aca5e
029fd08
1c1fc25
02fd594
03290b9
1e4f2c4
1ea67c2
1d43836
00efbb0
000e467
1c19ae2
0333db6
1cebe2b
1e326ce
01bbfc7
1c82ba0
0270fab
002e73c
025b7f8
1d370e2
1c14f97
1c13fcd
1cc85a7
1e3dbc1
02f21a4
1c7dc84
1c88713
02e3d5b
0317518
01fa2f7
0236d43
1ebbce9
1e8e54f
01b3d59
00563e8
1cac55b
1ce01b8
02580ed
1c7dd04
0167463
1cf7a28
1e78259
1e05fea
1e865d3
1eb895f
0026b39
1e76d19
1c29b5b
1e1ad43
1c41221
1c2b1d2
1d04d51
1d64035
1ffb643
1dd4719
00281e2
02d089b
033dd1b
038727c
0281a38
0330dd2
1d7e24d
1e82a45
018795f
1e429dc
02f2af8
0355003
03c8fe0
1f77a1e
02d6397
000b685
1d41bf1
039d92a
01fceaf
1f5f027
1c5f739
00d9333
1eee27c
02cf4d1
033a92e
1c340f3
0361a46
0176cbb
021b40b
01497bf
027dce8
1c5f2b8
001e200
03fbb15
0282c0d
015c8bf
1fd68ce
1df410a
1d8f5be
015e55b
1ff65c1
01b33c2
1f62836
1c13f98
1c46896
011059b
1f72a85
1ff6657
1c2eca2
0391478
1f74261
0105f86
1da1df4
1eea5e0
01fd490
039e14e
1df1b27
0152590
01cef0f
0307de3
1eb8ab1
1d46df7
02e7583
1dfbcba
1cbc433
012f33f
03a6c7d
02a59a7
0212fba
1ca0329
1d2aa04
03a5672
1d00b92
0043397
1e5669b
1e6f375
01b6803
1e99052
1c1b72b
01a5976
02fede0
1d98484
03800d4
000def1
1c8584e
0307558
0220c45
1d40eaf
1d72db2
0299238
017d3b9
0386135
006f1ac
1ccf680
017e0d8
1fd3e99
1c8f72b
0098fe5
010d30d
1fad0e6
1d60ac4
1c64ccc
1f72c02
1fd7cf4
03c939c
1e23897
02fba8a
01bc116
1c2d849
1c713d3
1ecebd5
0386158
1ff5691
1f27dcc
1cb8349
01216d7
00bc366
013f449
0397a35
1f57592
1eaf872
03ba0b9
02617b3
1e3628c
015068c
1dcfcd1
028e2d3
010be53
033f6a1
0253a63
0290ff4
01be6cc
1f2dd6e
1ef4267
1de0cd1
1c3022c
1c7d52c
1ff902d
01582a8
01f770a
1ca7a3f
038d983
0291e0c
1e09494
1f01298
03b0c49
0249f3e
00d1e9a
0166cac
1cb6934
026bdaf
00501d6
019afe7
00257de
01de427
03fb93a
0266e65
1f54881
1cc79dd
1ef43eb
00dbf3d
022322f
03ad01b
1fe5be9
0234511
1d29df0
0107349
01c4889
034f874
038d9b6
0339440
036bddc
0153a02
00cf863
1ef364d
02b16f3
1e217a5
1f9e14b
01f0240
0125d85
0056ca6
1e07379
1d1a889
1f21da9
1e4f15c
0296d04
1e7239d
1c2e672
008092c
1cd4ced
00c4c7d
03f9aab
01b3128
00109d7
1e69209
1d10e3b
1d47fae
008ff74
025e610
1e8a824
021aed0
0204e44
1e4cfa5
1d69afc
0268f51
01fbeff
003bd33
1d12644
03e813f
1f5639e
1f940f7
029a401
1d147d9
1da337f
03f8b02
00df88b
0148cbd
00d609e
039a0f3
00139bc
02ffe64
0208076
1f87914
1e98f4d
1c7ea79
1df00e9
1fd8178
1f0d35d
0320c91
1e923b2
1eb038c
1f57740
1d520f6
0053ee1
0299f13
0280c47
039acc3
0166235
0047945
0181c2d
1c918b5
1c7cb5f
00ba165
03f948d
1dc5b72
1d878c3
1ed99ab
01cb029
032edf8
032a73a
1f72aec
1c6db08
02e04a5
007a4f7
1da150b
1f9b9e9
1c8e088
013b26a
1d2f697
02235e3
02c89d4
1ed976f
1e7b43e
1f067e7
02def79
1f36ec4
009a20c
1f1d87a
0282d5c
00e8a53
1cd420d
1e5e80f
01319fc
1db0785
003ff98
037288d
1dbf42e
1c2280f
0121fdc
1d36626
1f35898
00b86af
002942f
1fabb54
00fc821
1e47fe6
031ecde
1c646fc
1fb88c3
002820f
02dbac2
1e50080
02c8dd4
01d7759
01121aa
1f5bfe6
1e02927
00a3f10
026750c
0145c92
1f69bbc
1e437a0
03988ef
1e0d00e
1e6fc57
034311e
1c0501f
03635e1
008096d
029af35
030f44b
0307f64
1e8975e
1f743d6
02cdde8
1dbaea9
1c8ad40
1e4ab33
02df7a4
1dfc701
0276b45
1eef772
0370522
0313d98
01fd159
1ec965c
029e6b9
01e816a
03b2882
02f8a7f
023bc53
1cbf2c8
1d60753
1e9bb1a
1cded26
1e17c4a
01ab0a3
0384348
1f18da9
1d7228a
1c8bed8
1ee494f
024a586
0322f70
036e309
0115340
1ceab1a
1fb6251
1ccad3b
1f8f792
1de28fc
0284c0e
1c9129c
1e0b861
1efdb4f
02dd483
0310713
0324526
0340374
02dfbba
1fb5ab8
004a43c
1fd5d52
00e7dde
1d3b034
009436f
1ea39b6
1d9f18c
0043c6e
030c2c7
1f0973e
1e6d27b
1d889af
028df58
1c8d01a
1c36f1c
03a486c
03c0ac2
00772ec
1f2963f
031c3ca
0099ba1
1c2e0b4
1e6e075
017354f
02a7b21
037fb94
1fd6042
0364ee8
015d18e
02a8348
00fbe06
00d2101
03d5f71
025153d
1df1473
025b723
00d7fb9
1e48a14
1f145ef
1c50800
03803d4
012c827
0215d46
1f8b8a7
1d31bca
001b569
1e10901
1d3049e
1ff69e3
1e097a6
039d69b
00a1d22
1d19fa3
1d605d2
1c03151
1f6e217
0302be6
02cad7b
02520c2
01e4a44
029ee3d
1c8309a
008cd0b
02c48fb
1d6808a
0084703
1fc2f4a
009bcd4
1e02b18
1f20fae
1f3a2e9
003640e
1d69dfe
1cf1ca8
03761f3
01cb61b
0075c28
1ebe7b6
00f22c8
1df1f82
1dca89c
1f2a056
1e4057b
1c3ff36
031491a
1c9d877
0124555
1c64819
003a78b
02d5a0a
02b08a8
1ceb1e1
03a3ab0
1ea7c8d
1f7db6d
1c01a55
03d7df3
1f9dbad
1dc31b6
1c8e3ad
00439bb
1c87d6a
1fb794b
1d1198c
1c5781a
02338c5
1d8a5d8
00c0fe8
01f1417
015811a
1eb822d
02c0e58
1d3db84
03478d7
0089c03
1dd4b37
1f2d5be
023f0cb
1e92019
1daa0ef
0234a86
1d19f6d
004f72f
1c06b53
1cc50bc
02cc552
1de69b2
1dfdf90
029b859
005509d
1c97912
034b856
1fa4a61
1cf358b
03b3395
0306a3b
022779f
1e47565
030a0fb
020d63c
1f3e1a4
009b70a
1f13660
00583a0
1c493eb
1c2b440
024ba74
1cae105
01b9619
1da4d51
01072e2
1d3926d
0334607
1eec94a
022cb51
006dfdf
1d8289d
1cf1690
0155899
1daca6b
03589d4
0161024
00fa8f0
1cd22e7
0031001
1f258ea
1c985a4
03355c1
1c42bfc
0284b03
0299cb9
0321299
00a8179
01e61a7
1cf7366
037f370
007a432
0115966
1daa1d8
031f9f0
1fe2c1c
009db35
001479f
1e0c92f
02c80d8
1c2c25e
1c6775a
1e58af4
1f9e79d
1f92b54
03b4ee0
003e70f
03348f6
1c8e70c
1dfa905
1f7a21b
1c751e7
03e1167
1c434b8
019abc0
024e01f
034cda3
1d4c3f0
1f31955
007eac7
1eaaf85
1cb68dc
1ecc5e2
1d42113
1d9d5e8
1cf9c59
036a092
037a772
019c9b4
1d89777
00597bc
03cd376
1dd0acb
1d50d17
007c55c
1d0c6fa
029a823
1d2f433
1da316c
0147f8a
1c881aa
0360451
1f1362a
0015e92
006a327
1da5e72
1d9b504
00ae81c
03e4724
1def181
1fcacef
1dafe8d
02154a7
03714e5
0024259
03c3380
01fcee7
1fe94c8
01f3967
012d313
1d24d55
00d96ce
011c8ab
1e0de5d
1e6e914
1d8c549
000f021
01eac2a
1faf42b
0148f94
010f293
020b11a
03f117a
1ca67aa
1ea7e8c
021c97a
1c49fea
1eace29
1f19ff6
1e9964d
1f09067
0010d80
1c2db8d
01b63e1
02e4232
03b406a
1cb884f
033a58d
0233237
1f7d651
1e2869d
0109d05
1c35b76
1c5079b
0203935
00f8ee8
0189892
1efdde4
02115db
03b22dc
013443a
026184a
1c9c215
03aae62
1f061a2
1e0fa21
1ecb141
00a0472
0057431
1ed57d5
1fd83ea
1db11ff
1eb546a
0024607
0358539
1f726ba
026f280
1e85d81
017d1e6
1e6e798
1cba2c5
03dae78
00a8ba7
0349f9a
1efdcf5
1f2f6db
0211894
1c31f63
1f9846f
1fd551e
1e6dd47
1c46f1a
021fcc2
02ef0f0
0142e50
1ddc025
1e544ef
023abf0
02b235f
010cc0b
0392268
1e3539f
1f76ed2
1da8546
003413b
1d9c74f
1da5a78
00227ed
00c998b
02eda52
1d18c2e
029764c
0187916
004d638
0113a28
1e147fe
1d824be
0133210
1e4702a
0324953
0215cab
03595c2
03a0d22
1e829c4
1e1348a
1c120d1
1fd0b98
00e022c
02a3b3a
011cbad
0187d6d
0358757
1fd14ed
035216b
00c13ae
1eccde6
1f1faea
1f4f613
1d07815
01e8d1c
1fdef3c
014a5a0
0200036
1c27260
0334c29
0332240
016bedf
013ae7b
0399740
1f24634
020c197
00a0869
01b3831
0016633
1c5cfc4
1c7c76c
1d0bfeb
000776b
014e63d
023a097
0005d57
1d616a4
1f4aa2f
1ed85a7
00b302b
1d9bc1c
1ff8663
1d023ac
0079953
0280b86
038d0a5
1d07ed6
1fc8e63
1e080eb
020f8bb
1c9a3bc
02d9e00
00f9bc0
1f15318
1d88bff
1d5b015
1e4efbf
1f917af
038b57a
0224c3a
1e845f8
0343775
1c30c1c
028610b
1e8f466
0164c68
1d3c286
01a71b3
1fa57f6
1d72e50
1fc4697
02243da
1e790f1
019444b
1ea6100
1d7d496
0122d26
1f2d780
02bafca
1f8024d
02147a5
01457be
1ce0bc2
1c0339e
01378f6
03e07e1
01adc12
03fa1a8
1fcd026
015e3f1
1c4a741
00f809a
1c5f21e
02a9b4b
0330f6f
002b1c9
01563db
1c132a1
018b9ec
1e7a4b7
1d6ea09
02c000a
1da7920
0332903
1ce2c23
1c2b361
03592cb
1ffa274
0361223
1f22818
1f13d4a
00c39ab
0338c21
0359e28
1c22579
0022db4
01b321b
1cbce59
03421cc
1fe4ee8
0021e50
1e1d5ef
1f2f0a1
0375b1d
1f18e64
0339985
1f9c654
0278023
00888b7
024e78b
1f7385e
1e2ece6
0303d94
01c73db
1d0c245
1e59812
015d11f
1d52f70
1f0b2a5
014ae8e
1f61bf8
0037e1b
1d644dd
03f1640
1f98043
01871f0
03f621b
1d207ce
1ca7d21
030f0fd
01e1a92
007f250
024b4fe
1d45edb
03c5d5b
01c8564
0133a83
1c0ad89
001a3ed
0016149
1eb084b
034d595
03d4f48
1dae848
02c4b9a
000166f
1e64ac1
1f52287
037513b
01915d0
1c58a21
1c82511
01d66bc
0314aae
0121226
0223e6a
00355d5
1e34c12
1ed211d
1d0220d
012a454
1fe07b7
03b8337
1c3cc0d
1f4f955
1d960a0
1d397f7
012db92
02e9123
1d11210
00f4e0f
01ecc77
1e272ac
026c3ac
1f5f768
0303543
03f9233
1f6a708
1dde610
1d5ace3
037e31e
1ccd6b3
0146ba6
1f672f7
01f8806
032e712
016e731
1d6e740
0193e3f
02d6c97
1dd28cc
1f7f0c7
1e91631
1fcfd34
02a8362
1f8428d
1cd72f0
1f10e2b
1e569ae
1dd1f4d
02f0047
03fb9d7
1ce5d1b
021b0bb
0393cc8
0284230
1dce885
1ffc7f9
1cc8e8c
1edfa00
1de0251
032deff
1ce9be6
1eb7b25
01be78b
1db334b
1ea8430
1d86339
02d5bec
1fb64e7
1ff24d9
0026609
1fc47a9
0130df4
1e64d6c
1d52d04
00b265c
1e672dd
034a0ad
1df65ea
035b678
02abe45
0274d42
00c61aa
1c1ea01
1fb54ab
1f3bfa3
00a54c5
1e1eecb
1e89afe
03ec4ab
1c2bb91
1c49cb2
03557e6
03d7f32
1c799d9
1e5ba62
1ccf0bc
0241632
03f670a
01febe1
1d16331
1ca0a02
1c30204
1df3485
03cb22a
0229aea
0120144
03dd63a
03327da
013f5d6
1ccad87
1e9ce93
003e67f
1fd347a
1d16c68
1c7e5d6
021013d
1e50978
1fd8894
00ead9c
1c7bbc4
00c48fc
1c31d0b
1c9dc24
009ec4d
1dd2a66
00d67b6
00bb9b4
1c8329c
000827e
1f16cb2
03e9085
1e70468
1e05bdd
1dbc088
1dc4d7f
1cc5c1d
1c0a676
1f294c8
1cad4fb
1ee2a71
033020b
1ecc9ea
02f40ec
1d30a12
1dc608e
03e2f18
0213ced
1d2d676
1dd28bb
01a48da
033e9c2
1faee92
0224751
01973ef
001a4e5
1f2b8e8
01eb092
003bb22
1c8a554
1da825b
1dbd53e
1c7e96d
00de834
1d1a44f
02c42af
1d4e79d
1f1b745
1e3116e
00878d4
003bfd8
1db20d3
024126f
1cf6427
1e6bdec
1f66126
1ff35f1
02ca12a
000f978
1c24387
0301bb9
1dd0aec
01c25a9
1f57293
1f96bbb
1cd9183
0148c85
026ddb4
1e30310
1f1003c
018e893
030c5f6
009ab58
03a147a
1c6c1cf
00ad4fa
1e7a4ec
009c61a
1fbba60
009a68c
1d3ca11
1e28cd0
1e55558
021f1df
1c9470a
03827fb
012c68c
1eb6415
0183267
1ee5af8
1fe3612
1c70ab5
1d25749
1c11351
1dff563
0069914
0016849
1f38b65
1ea43e4
1e8c034
1e68601
00d5ab8
000cb37
0124cd3
1fffedf
1f0950a
004aa6e
1ec70bc
1dd1a86
0199c9f
1c330fa
01b9662
0138059
1e954e5
1dcef3f
1edf426
1d8beca
03d6534
039a444
1c8f8b9
1fdd474
0283c3e
1dd8429
1ea3fd0
1ff0a51
0123961
1ed2d62
1d03b9d
1c6fdba
1c8fd14
1e1235a
1fa32da
02f0af5
03f019e
1da6c6c
012f0e2
02efc1c
03b6540
013e313
03234e6
1e6760e
026e181
0144d95
1e18ff5
1fca8b7
022e626
007544b
1cdfd4a
1eb709b
1c03a75
1d835f9
1e7e76f
01c685c
1ccb32f
00203e2
1cbb459
02bcf14
017244b
1f23f5c
1c2f873
0232c91
1d18b88
03a4e1c
1fa2bbb
1c2cab1
0315ced
0378943
01b3603
031fcb4
03c9d1e
0348c70
1ec6752
1efc817
026b249
00eee21
1dbaa11
1d0d8a3
1f4caff
1fb5b82
005b9c4
0327235
0397e5d
01fcfe3
1fea0fd
1d1d11e
00d778b
0211626
1eb259b
02a2b77
03076d1
1cef6d9
1c6e103
03fd2d4
0003870
1d16740
1ebb4d6
03eded3
0230b4f
1d29743
1fa8383
1f3ee68
1c56a1f
1c532ec
0365a6e
1c27410
0004a80
00ab5bb
035032c
027fd66
028ec4d
02df118
1f8c900
1c082b8
0048c90
02ba808
01d9015
1f01ac4
03a91ba
029104f
1d19c5d
1f2e9a5
017d384
0395cef
1ed1b4f
00118e2
02e03c8
1e1728d
1dd45e3
017b354
034e289
0193de3
1da350e
1ddbaf8
03b36a3
0040ce0
1cc19ef
1fd3658
01f92c3
1dea01c
1c1b373
028ccc2
1dfe3fa
016839c
1f44b76
1c5aa96
1e1e908
038e4ed
004589e
1fa5168
1c6b1c6
1e8028f
1d606a7
1d17abe
1c0e1d1
1de8a8a
027c375
1c9bdf0
1c679f7
1c81b6d
1c9e47c
02c938f
0303973
0120aec
1cff5a5
02a58d8
004e07b
1e28b66
03daadc
1cead62
1cba41c
038484e
1d8b14a
039a697
0377509
0317c7c
0298fbc
039dce7
02e1ee1
02f512b
1ce0b9c
0231b57
1ff0a78
015006c
0201a5a
1fae23a
012b69c
1d8cec0
0216407
1f55fac
1d1a839
0362a40
1ce7fd0
1f3c357
1c888ad
1f56a31
1c5a029
021f870
008d5c0
03481ea
1f53e6a
1f0f654
01a7d03
1fc4136
0038f2f
007f7e4
1c2d685
01135bc
01a2f38
0062162
02c29ac
1d92bf8
1fd3f0b
01ed316
02d6da5
1f0cba4
1cdc5c7
1c32377
0317f3d
0396f68
1f9caaa
00b0187
1dfae94
1c322fe
014bef9
0048d23
00018ef
1f76a4d
0120705
030f748
1dd21e7
03d44af
01d6046
1f3cacb
010dbd9
1f1e6bd
1e23979
027738c
0236adf
1de993f
1ff4d33
1dc8c43
015a9e3
1cd4471
1f13fa3
0124f20
005e703
1ca6b65
02ae5d1
03f75e1
1fb100e
1d49ea6
0399d6a
02c8960
031e5d9
1ef16fc
01d7d83
02a3109
01fd56b
0168ef5
021dcd5
025b799
1fb9cc6
1ddb09e
03236d5
02d25a8
1e41423
1ef63bf
1fd0e3b
02a739b
1e669d8
00bb680
1c51885
02deb11
031c4d0
0180572
1e2ca08
1c929f9
0001a32
1fbe391
0197b2b
01cee8a
1e852a9
005de3c
00ebfa9
00ce214
1f7b4d7
025396f
1d0237c
004f046
006c903
01f6100
1e9a65a
0316e84
1c7ccbb
1ca3e40
033b63c
004014f
1d2c427
027df61
024444e
02fcb57
1da2cee
0043173
01c7dd8
1f11862
03d3944
1ef3a52
1f83e67
1f1bd5f
00d8601
017333f
025c4e2
02d2074
1cb6c29
02ba9b2
1ef7f69
02c343e
01131b8
0057c48
0209291
00e6827
1c8c4b4
1f3a9f0
013553c
006f959
03475eb
0172fc1
1dca36f
1e12988
1d781b8
0343783
01b2f10
1fa11a8
1f55795
1cedd68
01ebafe
1c837dc
1c3712a
1d72eb0
1c6e35d
1c29abe
1e24889
1e3e3c0
1c5bf7c
03e5f85
03b5578
1fc874a
1d8891d
0193261
1d2d038
1e49e4c
0328e84
1d090ae
1f55302
1e730db
00463b0
1f67bbd
1c11320
000c235
01589be
00191d6
1dd9116
1ee1ed7
032b1b5
1e5ea89
1c445d5
1c40bbb
023b834
1fd4c67
00b0be1
0244d26
021c942
02df211
1eb4e9c
006eb7b
1d8a93f
006fd49
1c2f28f
1c09040
1d80929
00798f1
1d35a10
1d1d29a
00a4e70
02a98f6
1df0c97
02ca9d7
1f6cba0
00c9cc7
0206f64
1e83b12
1e1521f
0169fd6
022eb62
1fc2e27
1e72e96
1d27fb3
022f40e
013c18c
036be68
002370e
01eeb44
0390fa8
00c3f1a
01d2cc1
1dc0287
1c6ef9e
1c9adbd
02de73e
1eacb5e
1d473e5
1e0c378
011b8dc
1d63996
01ec47c
1edb98c
1f7c51c
03e5628
1de06f4
1ce1302
019b9d5
1d7715a
03538cb
1cef22b
032f57c
1c509f5
1eb4cf6
1c00cce
1e93590
001f2f2
1d858b2
039b3e1
1d15430
02b44aa
1fc0478
014d182
1e254ae
03c842f
1d74373
1c4a812
1f628de
03ab9c9
0368ed5
1f54786
1d40490
1f31f27
1f74a9c
03ad333
1cafe11
1c8dcff
1c54ffe
1ca0315
00ad7e3
03719e0
01cc303
0020e85
02ef550
00ec68f
00cbfba
03ea72a
017c94f
1ff006b
1cf8140
0239da5
030bba0
1f21693
0105f3f
025c162
016eace
021c85c
00ad446
00d8a33
1f8bffe
02f46c0
1d7cf9d
0095d55
1eb29d8
011dbce
1c2d15a
0055f09
1d7b148
1fe1a07
003381f
1d003d8
1f58f15
01b1583
1e4b2bd
1dcf60c
011136b
1d232ef
1fac366
0261910
02409d9
02a5d16
014ee91
1f33ad9
1c47caf
01e4a09
1d79a64
1d938fa
03437fd
03758fa
1d59f27
1db00ce
00d3e91
1e69b9d
024eed5
1ed805c
03735a7
1d0e131
004ee10
1f63c89
1f1c56e
0027fe4
1cd2a9e
02ba6a3
00f4efb
0217d10
1cd4e48
1d8fbdc
1f1188e
0054bf7
0387fa0
1c6a88d
1cfc7c7
021923c
1eb900e
033f846
0068a19
1d9b766
028d836
1dfaa9f
1c463ad
03f7ff0
021775c
1ca7bc1
1d2b1ec
0238705
1d01e3a
1c40b21
001ec69
029beb0
0365a33
022ff99
1e04b66
1c338b9
1da3c54
1f0ee53
1cce171
0000a66
02b7221
009ce93
02a169b
0349b26
1d203b3
1fb49e0
014c4fc
026863b
1d31581
03022b8
01117be
014b9ae
1f7864f
1eff332
1ef7974
0026aca
1dcb7f1
1c23f0b
1ecc239
02ff4cf
008b1f2
01cd04e
1f61588
02ad4a2
025a031
01e3c0b
0363b83
0192b78
1cc7d47
1ca0c67
00d5e54
00f2025
1e1d0a3
00ae289
01dbe42
01b9e7c
1da5b62
1cfcc26
03b281f
03fc032
1da9049
025c4cc
00d0a66
00167b8
1ce2eb3
02e47ff
028e512
039849f
0191e71
03f0d47
1fdf79d
015c951
1c6e1ce
1f59046
1ffea0c
1c9d303
01462b0
1f4a250
1d1d14b
0131cdf
010f789
1d2a300
1f404d4
1ecd679
025b3b7
01b5bad
1f692c9
1d6864f
1fb1a3b
1fa5ef1
0149712
00a166d
021c0b1
1cef379
1ebf6e0
020eb83
1ecacbd
01bcdc0
1efb15b
1e619c0
1e7635b
03bcc88
1ef4d26
1d6e13e
1de854b
028d990
01aea1c
1fb8cdb
1f2a283
1fcec71
1fd71f0
00c55c5
1fdbac5
1cf1ebf
01ce7db
1d65298
1f8fdfb
1d69a60
0116ac1
01e5b1c
1c5220c
1edfdd6
1db8080
0221064
037c7e0
1fa30fa
1d420d7
00d2872
1ef9c6f
1fd3648
03384f3
02177a5
00c4c20
0159539
1f99002
032fd13
1fea90b
03e3440
0135b05
0393fcb
03622cb
0358130
1f9e436
01e5979
1d86478
00b5d0d
0003082
01853b0
1c3a80a
019f3f9
029fdf8
01459a0
1f8f8ab
012f792
0274983
0045c20
03cf5d0
030ddbe
003d05c
1d36c18
1cebfed
1c870ba
0060ade
034b1a9
1e831e4
1e1a5c4
02103fd
1e9d227
0228aaa
01bef35
014cace
03cf8d8
0397dda
0126a62
1f0c51e
01a4b06
0199d6e
01936d6
02161e5
034f99d
1c65c9c
1e39046
022646b
1c24240
1d5bdbf
01b62d5
1ed8239
0197a8c
00b1c3c
1da2110
1cedb44
1c1316e
1dd2374
1c30155
1fba0df
1d39bba
01c3cb2
1e114d0
1eebf9d
0272e36
1fdc25f
00e75f7
1ffc260
1c8028f
1c8a202
00eca1c
0253e15
1f8c68f
1f2e899
1e9d84c
1f3a433
016e732
1d52f40
1d38821
02ea1fb
1fdcdfc
1daf597
03053ce
009e6c4
03641c8
02b7374
1fb8f23
0033a97
1da0538
1d96ec1
1c534b6
01ed0f0
02cf08f
1c556c6
1fff098
1f7e738
1cdc9c3
1cedba9
02acd4e
031119f
01eb8b4
03fe96b
013e89f
1e68ada
03bd7b0
1fb8f48
1e475e4
1dc9544
032a0f5
1c990bc
1f7b21b
02e3005
038a3aa
02eb2a5
0251098
018e9e6
02acbb3
1ed0e63
1ea79d0
1da253a
1e9b8fa
02949f4
02ba208
02336af
1da51aa
1f4bbec
0121fab
1c561dd
1e35cbf
0270664
1e85d7c
1d6f3c2
00df8ea
1f11e86
02694f0
1e1d5ed
1fe18cf
1ce66f0
1ecb4d2
1eba67f
03a86b6
1c24054
00aca86
023d823
1f354bd
1eaaeb7
1d0b478
00b99cf
1c648eb
1fc84f3
1eb34af
1e7425a
1dd7656
1e8ea32
03dd89e
00ed82b
1e6c8bb
1f23832
1d12659
0198e7d
1fb0b25
1d1bea3
1fb68c6
005b1f7
1c3b972
013f0e8
02f65e8
1cd62a0
0320e7f
1fec439
1ec9da4
0270e74
0029a59
1d74063
018d714
1c98909
0341718
1d15694
029ae0d
02f45f8
1d04257
0269569
1ff5ef8
1d8eeef
1d87d3f
033db1e
01eed47
1c98450
1d1d9c3
02c92cc
1dd2284
008ebc4
0238642
01b23f1
1fe3ea1
033f50d
1c7c2b1
03fd582
1c7d939
011c553
00fe78c
1f70af4
1cb5807
02ad795
1fb8ac7
02069a1
034305e
1e4365d
1c0c8f4
1d8dc30
03cd2ce
0202f58
037e84b
1e6505e
1dd0711
1ef5e10
1cceafe
1d181d6
0112dbf
038bf7b
1f88c4f
1ee77c8
1f6c0d2
01c93c6
034aad4
1fc2129
1eb754f
027fb9e
03d7132
00fe48e
1dfd753
0271503
1f6a050
02ee5d6
1feaeb3
00e577c
00d00ab
0376f35
003180c
00e5cf4
1fa7812
1d88654
02edf6a
023aff0
03722c3
01683ef
1cf92db
1f6b9fc
0167ae1
1ddcbb4
0171f55
0168634
1f1d5b3
1c63660
1ccbfca
01ff602
02580bb
1f11d92
002725a
1ec9532
1e51be3
03ca18b
018af83
031eacf
01f09b6
1d41f97
1f9d9cc
012fa1d
02dcaaf
1cfb27e
034d2c7
03b7b7b
1f6138d
00bef64
1ff15be
013c9d2
0011816
1d34f93
015fb8d
03de3e7
1d07bcd
0341a06
1edfbc8
1f9f4a2
003f0f9
1c2cf88
03ee437
1fa8ee7
03cbd8c
00ffd28
1c8d837
01bb335
022ef9d
03ea386
1eb76f3
02bc9a2
03bcddd
1f8e99f
00155b3
01982a7
1e13ad9
1fbd71f
1e0a3ca
0307e78
1f026ab
029a072
1f0b7fe
009ce8f
1c1f433
1d519eb
03c65e5
1dda195
006a926
0118f79
1d9ff00
012c42a
1c5b53d
1ca1e19
1e7380d
0099de7
1df4c0e
0230ec2
03ac1d2
1d2fb6e
0275487
1c24932
00dc6e4
1f2861f
01d2005
1c0a90f
1d05d42
014dda9
0373927
1d63e34
01c2ca1
010e6ca
1d3ee5a
00f703b
0322bfb
031c72b
1e13479
03db136
1e92655
029591b
0300ec2
1d26aa8
0210e9e
1d332e3
00356f2
0066cd8
017d11a
000e188
1c57b1d
03903b7
031407b
1e55145
0170e6d
1f3c349
1df3d96
1c6f0f1
01f5a2f
1f710d9
027bffe
1f041cc
01034c8
1f0d033
1e1ecc6
012bb36
01016e0
0012655
1e91845
1dc43cf
1dfa03f
028ea4c
1d1c7c8
1fc744e
1d7cfb0
1c42a04
03bc3ec
1ebc284
03ac224
01f470b
00df3fb
1d33c4c
1c8f8e2
1ffaf0c
1fb3728
00e0660
0155ad1
1faeba9
1e23f24
007d222
020aa4f
1e06130
0109e6d
037ad4f
1e845f7
022ca3e
1f7bc40
030a30e
01bf2cd
1e7bc27
02eeaca
0223bd1
1f68f75
1f5bcbc
1fe4605
01c9803
1f6f1ab
030f869
1d1baf5
02b5004
037673c
02acae0
1f93860
1c1be69
02763f3
1ca9112
1fa9d7c
1e8b53b
0094f4d
1dd37be
01efc98
009a58d
1ca2823
1f6b831
1deee4d
1e3ac0c
1f8bc14
035f558
1c73d4f
015acf8
1d7dcc0
1fe1a46
01259e0
1de518e
01fe8ac
1f20e41
1eaa31c
020bd6a
01eb167
1ff945e
1fe19f1
03c4a58
026b7c1
0356a23
018b5f5
1cc20ae
01ef939
0085210
02ca1aa
00f7c55
1c2b80d
03854a8
1d36d3d
1d0e1ef
1d1d630
1d63fef
02d2631
023c97f
1ebcc7f
1c11a78
1d0faea
01ca76c
0041d5f
1eaeffd
1d44bb6
1f2b563
03514b6
1e96960
00311d9
1e6bd34
01ac80b
03c456b
1f11129
1db110f
02b354c
01d4f2a
1dba9cf
0325f90
0254da7
1fb1308
006956f
1cc2123
00dde3f
005a1c6
03026f8
033c496
02e47b0
0335f65
1e2de9d
0343792
005c3b1
1eb7a30
033c281
1e92300
01f491c
03eff95
1d06424
1e0e9cd
0365025
02e1a1a
1d2b8b5
024d4e3
1f5d96a
00d6a9d
01a4b2e
010d3cf
1ea29c5
1d32b07
0014325
0106799
026e52a
0279e9f
1cab89f
1f84385
1c085e0
1fbae29
1c323b6
1cebf5b
1f73d15
1fd6aa3
014984b
1c4870f
1d3fdbe
1cfa26c
1f382e4
0298491
007d660
1f7158a
025e7f6
001341b
1cb526e
1cd4236
1cfbef1
0147951
0020b8c
1d83ebe
02fad03
02e2907
1eb5a72
022f6b3
1e694e4
00a77bb
1de1d0e
0243596
003c1ec
1f3fbb3
1fa9afa
1f8d611
1fcbf76
1f22b3f
001120a
03c2513
02905b4
1c425aa
1da9603
1d395ce
1ebed16
00121e1
1ebd045
006d952
002aa56
007451f
1d60c2f
0257b90
1e8669a
0050e8c
1e557d7
02ea19f
002cb94
0358bc3
1cbb7a9
027201b
1d36ca1
1fd97c1
02b4880
005a611
034697f
1e0b832
01bdeab
1e5861a
1dd5767
039537b
1faa500
03f9345
1d28bd5
0038d45
00aff4f
1f0dde9
1cb7e1d
0074220
1e4ecf0
1e7b892
00df604
008aaec
1eb54e8
01f9cce
0180a08
00950a8
1c3861a
006861a
00ef08d
034023f
1ea975c
003ddb0
0346ee9
1e7eb16
1d30727
0342f1b
1f7e536
0232bdf
0133659
00cf596
1dd82f4
0239aec
1d9beda
1ef8fd4
1fd412b
032c3fc
00a01b3
1eb6575
025bb64
1dfb5a4
1eeb39f
027fa5b
1ef0721
1ddd20f
00e0ddf
01f5850
0028a85
00ad23d
1e4f7d7
02c90fe
1ef033f
1ee5fc7
00cefba
1f3f773
1e5a426
1ffa18d
1d5b2bd
1feeafb
01e7293
03374ae
02ffd6c
1f889fd
0083b75
015eba4
02eb85c
1e15162
009e15a
1f0a49e
011f7df
01522a9
1ca6a34
00f50cf
02adbf6
030c7e3
1f41124
1f2af7a
1ebd821
1e462a6
02fd9b2
03130e6
1c2a4b1
03e22f9
00092b5
016fca5
1c19d7f
1e96cca
1f341d2
0224b69
1fc5505
1e0ffc3
02317c5
1e42a6a
03b6912
1def9dd
00ce06f
0394624
00f2c25
1d8011c
0330d2f
028b7b8
00e81d2
1c3b656
0365628
1f301de
1ebfa9a
1d6cff9
1fd92ca
1db5e5e
1ce9ef4
1da1742
1d68c85
1cb2279
030a0e5
1ee80e1
0086350
0228e66
1edb20d
1cbb695
03c0816
1f4378b
1ebe5e6
00ffb33
1c6764f
034a680
1e7afc8
0284a12
006d452
01811fc
025add4
030735a
1cfb31a
1f290d4
1fabb54
035a04a
03a822b
1e6a830
1c1c976
039a249
02e3979
1c80978
0041241
011f9d1
1c5b05d
1df2421
012af86
039d909
1c57633
0214692
01eda56
1cb1238
028f33e
0311359
1cb38ae
1c4090d
00a7527
1f3d8db
031592e
1f9e2ce
02dd6d7
1d798f4
01411c5
1eacd85
1ffced5
01917e8
03a817b
1c72ac9
0290b2a
00d49d2
00efd5b
1c0e183
03b8cc6
03f1212
015e7d7
0092480
03af267
033a989
00458bd
03223bb
1fe9f41
1e73031
036227f
1f5f5af
1dc6d4f
1ce95c3
01d672b
1c3ab13
1daf971
00d4f4f
030df84
005189f
0338143
027d2bc
00d4969
0227ab1
02328c7
1e66d2a
01a08b5
1c4ac11
0056ea6
1fa9487
0121ccd
1d46add
1f2c04e
013b06b
1e279c5
1d69273
031c5d3
1e2d74a
1f5073f
02a95b4
1fa3dfc
029dd79
1dba938
1fb14a2
03973d5
1c77541
01c2d34
01ac278
1f85841
0308a96
1ff596e
00b7212
1e975ed
1eb9fbb
0145fa7
03e71a7
1e38304
0234935
1c6fef0
0341c0d
02ad034
1e71999
1d9cb49
1e74731
1f5112d
1e9328b
1cf73f6
1ddbc55
1f305d1
1db8d9b
00f973f
1def32b
1fa9fba
1de3e59
1dd23a9
00328d6
1ccfab2
00a7007
000fefb
1ee7107
01d9978
01fbc3f
0285647
1fc20ef
1c0b02a
032012f
1e032e4
030c213
014b553
02a29df
1c0d70e
01cd855
020f010
0278e75
01bebd3
1dcab01
03f5e1f
1d132c6
1e54d75
03a3807
1d27531
1d85494
1ee95b3
0171e97
1cb1f13
0198ced
0057780
1e6427a
01dc921
0111afa
006216e
1fef7b8
039d1f1
034b103
1c9bcbb
1c7db99
02c7971
1d3bdb9
1c5ffd2
029917d
0294af2
01909de
1e5891a
1d26ad1
1e79198
1c91b98
0270553
1c34d63
0157a95
1f01795
00e6b4f
02d5f28
001c926
02e3710
1d02ff2
0249da8
1e59c6e
016f447
029298b
1eb006b
00db498
1c70777
1ee0fa9
1fae768
1f0c5fe
025d890
001de59
00d9102
00b7a34
00b0cfa
0255727
03068d1
01cb33b
1c6e673
006cdd6
023f7f6
01a4b09
0235169
0321b77
02f4c74
014f076
1f39f3e
1d5e655
0338b7c
018e722
1cea8cc
1cfe7e6
1c47b40
029bda9
1c40540
01541c7
017e6cf
1d41030
1d4dc00
1d530a6
1ef8212
0359445
1e2d284
1f6589a
1e6526a
1f19ff1
0166586
031a3a2
0010380
1f44818
1d7c0ef
1d9366d
01d25fc
00ccb88
022e95f
1ca4d18
0069da2
01fdb7b
02d75c2
016f8ab
0305fbc
03ab6e4
03908fe
1e2ad8a
1f3268a
02da15a
000ef86
1dee538
1f1f05c
1cc5e26
1cd8b64
02b506d
01d1b99
1e4a617
1d81dbb
0256338
033ff16
01aee38
1e9c83e
021abfe
1ec1804
1cd0331
1fa5b66
1fba745
1e8c68e
0072823
1ca9010
1d183d8
1cd4ae9
1ce85f4
1cc866e
1d591ed
0379744
1fa6c4b
02c2d25
1ca12a3
00a1e68
1e60745
0193d94
1d8e257
1e52930
1f1e8fc
1d90ace
0367e0d
021d677
1cd4a0e
1e37b31
1dd62c6
0196897
02b1d66
033a4d7
001f5f5
1e5fe66
1ecea60
1d3cc6a
012a453
0103616
015cc22
1e6724a
1db3f27
1e3fb4c
1dc052e
00c0441
00da7d1
1c542dc
1d45643
000d35f
0356fce
0383144
022b37a
1ee7487
03d08fb
00f11de
037eca7
035f307
001c08b
1ea4319
1c1eb6d
0231ca7
0199509
00d3039
01e087e
01d3ec5
02c5fa1
1ed8354
001128e
1c81279
0074ca4
023fe4a
036632d
1fab7d3
0275461
029be7d
0188ea7
03813fe
1cd8ca7
1e6ae37
00ae79c
0100e41
00c3b86
1f67885
036d29b
1f7dcec
1e29e6f
0259203
1e25389
0283b0f
03c5b9d
027628b
1d2bc4c
031189a
003b1a3
0020a2d
1fbb51f
1f4adf1
032704d
1d2f361
018c53f
0128d8d
1ef5c1b
0274e97
1f7508e
02efd22
1cd0fe9
0371864
0213da7
00630db
0220dac
0028e2c
1f33f6b
01894e0
1e4c7ec
1c11c99
1c091d1
1c1ca8b
03c0808
02ffc94
1cb9c04
02c677d
1d416bd
011852b
0013f79
039564d
0007912
1c82eb9
1e2a678
1e64a77
1dcf165
1d59e2d
1d18674
1f74f85
1f86c67
039429b
0148052
1c8189e
1fccf29
019e618
1e0b4ab
1c8844e
1c16e31
01c0be5
0260e4c
02ce84b
1cd1e95
01022a1
03706c1
1d5758a
01f160b
00b1ecb
01fa439
00eb7f7
01c0393
1f2066e
013a1f9
1d6ba72
1e7b00f
00fe489
1fc2d92
1c2407a
1f04e1a
0386104
1f54748
1fe899f
1e3a6e4
1c31326
008335f
011d2fa
1dcf163
1d21ce5
1c77235
03daeed
01453f0
0102d9c
03f58d8
00a3dfe
0347b2b
1fa553c
025cad1
008068a
1f0f1ca
03fe251
008f096
028c890
1f8f91e
035dfdf
039e3b7
0143d59
1dc2e84
003a468
00e3f84
03ff29f
001fd96
1d24f55
1ee7866
1c27232
0225ead
1c988e8
01d6cf0
1f66402
02bea4f
0207b1d
1ee7033
015eaac
1da7313
1ffe94f
1ffecc6
1f042bf
1c542f7
018e982
1e120bd
1c91e8b
1d2be17
1d09492
01b9ad1
1c7dc00
01508ad
03c2939
020d0b1
00f9a28
1e7c593
0315673
03a2394
1ead944
0000f11
0328d50
0347586
02c6418
02fb975
007cac1
1c5c19e
00dff9c
03dc3a2
008aae8
03699d2
1e32eea
1fc4c15
02a3ecd
0395711
0299815
1ee5f9f
005058c
1e509c4
01f9801
016c9f4
0032e5a
1fe8925
0030144
01541e8
1d5d007
1fda241
02e5263
1e780d3
1c9a9f9
0363290
1e51e9c
1f02b28
1c11c93
1f9f694
031e962
1cc559c
1e677f1
1c8a63a
1d4c75a
1c6d9e9
1e06d82
1c6ca51
023c22f
01ee4c1
1e4c209
00f08f2
039865b
1e5c38b
00e1b3e
1f9b701
02ff411
1f77121
1ed6c87
1c62d85
1daa571
006f5cd
1fd9fa9
0169ea2
1f800aa
1eb38e3
1ddc440
03ad72f
1d9499f
02d8baa
0236962
1d34680
1e273b6
1f4a5f4
1dadfcf
1d034a7
01b8f3f
1d41af4
025dc22
1d54171
1fddcec
03180d2
1c260ab
1fef2a7
016459b
1dc7d1c
1f3abdf
031c139
1eb7713
1fc1c70
0017354
1d29842
1c34dd8
1cadb27
1ffa8b3
02e5ec5
01e69d9
00c0b06
022c41d
0286c98
034ee56
00c52ad
022b28b
1fc7ea2
1ffb561
1de7082
1f3f243
015fb14
0293b0f
01d2f2c
1e9fc87
0097fa3
019dc0a
019cd9b
025d3f1
00348be
0388f41
1f0e7bd
1d6d10b
1c6c2e6
0019fe5
1c26c6b
1c491aa
01c4cd5
02fab24
00c6b6b
0143261
1da1cd5
1f18416
03a524a
1ea09d3
0054566
00422ef
1ff27f1
0095d2a
1ed8dd3
036ab15
02f1ad8
01840db
1de03dc
1f3079a
00b01ce
00eef43
0070913
1d50b23
1cddfd9
1d9bbf4
1f32a8c
00ab515
02ad0b2
0381f0e
03621a8
0340c46
1f81f79
1ff1f39
1c251f3
1ff6a01
1f0fa7e
03f7719
1e12af8
1c25dfc
1dc5d2e
03c5c5c
1d07290
1cf13d5
1ec429a
010f010
1d2b66b
022bab7
03194eb
1fa3599
038c315
1faa3fd
027f240
028062d
1c8aace
03a52a3
01167ec
0175abe
1e78a9a
1ca1edf
1c9e944
1dc9f8d
1e9e599
1ca08b6
016149a
002bf29
1f3514d
1ed9e09
02fa944
006fdf0
1f458b1
01a6427
00ae560
02087ad
0188070
030fb30
1ebbb41
1f02b9c
1fdcd8a
1c2e5d7
1c2ed10
0380b47
030f897
03c2e1d
1cc0d10
1e2abdd
1e85282
1d7bc4c
009b280
02aa02d
1f56f16
1d0d53c
01b541b
1e91d5c
00e9638
1dfbfb9
1fea043
1ceca7d
1e60da4
03a6178
01361d7
1e77ee6
1e95944
01a9281
1e05ab5
0030f0e
1e6c433
01edcbd
1ef7b13
00ce6b9
03e4420
00f3314
001e203
1e75a9e
1cdbc10
011d2fb
1d9a0c1
00731c0
1f873ad
1cfce17
010ede7
006b054
01d46b4
1e7a9b3
1cb2079
03bea37
036b2cd
02ccf6e
1cb0747
1ccc480
1e7ac4e
00b1444
1d13f4b
01615bf
037f449
1ddd970
1e2c95a
1d4b22c
1f344a3
1d90b6a
0378ec0
03c0ea8
00883e1
02211c2
03e65a6
1f66c66
1fe68e2
1fe65b5
02071d6
1df4e58
00cd681
1cdc285
0363737
009767e
0293c2d
0079cf1
1cfe654
1e9ab21
00007fe
1c137fc
1e840c6
1ee05a9
00d088f
1ee7d0c
1f05e93
1cc7e4e
007c62e
1fb64bc
0015223
0229bd5
1fd815b
0101e11
0347ebb
00eb3e3
1f38938
01e8447
1cc6460
1d716a3
00999db
030b97a
0108826
1c5cfc5
0217887
1dcb6aa
007daef
1c34951
1f10a11
03aab00
035c805
1d8055a
038f4f4
0029902
1d238f4
1c9ecb6
03e04a2
03fae65
1caa0d7
1cdb0ec
1ea9cb7
0088f29
1d8d89a
003a9c5
0169047
1f325a2
1cb4726
02e2713
1c66e2a
01e9861
01f74d4
1f7611c
0313ba9
1dcd48a
0382aab
0167794
1dc69ef
1d5930a
1fb158b
037e34f
1e3cc79
03c3a5d
014bd9b
03c52a7
0206967
1f2c16e
033ecac
0093eb3
1c614fc
1ccc184
0279c4c
031d816
1e05dce
0008e40
1d23b99
009128b
1ffb702
1d6efd3
1ea5a33
00dbbed
0099025
003e887
02ea4fe
01735ee
00a3b71
1cdbd11
1ec2cd3
01f5299
1cedb9a
002875e
1ed95ca
1cf7446
0279e7f
1e0435d
1f750f7
1c9f3a1
1c35e92
1f42bd0
1e90446
1fc7037
1e40291
006e462
01a5f19
1c37d0c
1e22a43
1cb7f36
1dd4881
02fb21f
0135b21
1ed03d3
1e487a9
00b469f
1d011c9
03666f3
00e3cff
03871da
1c2f6f5
00139ac
1f07b65
03df24b
1ce6f07
1c08870
00c7478
1deeeec
1dbb7b1
01f5fe5
00f8586
1f8affd
1d2f524
03bf2b4
1cbcc8a
1f655f7
1e33605
1dc6d5f
02e6007
0395004
010ce30
00d6ab8
0335971
1d07dfa
1eb5a64
1ef9059
039d566
038a73e
0318548
01c0acd
1fca383
1cce857
1e9d710
1d5bafd
1c64e86
0352210
1d9b428
02f5e51
021b2b4
1cf3ebc
1cbd037
0085332
01b2386
1c12fbe
1e86cf5
0316782
1ec9d65
1fb00fe
034ff22
0213df4
1c9cc17
02f8f1b
1fdc7a9
1d7dda7
1d88247
1efa71f
1fc16d6
1ecc68f
02c8f91
02859d8
1d0f858
1fd678c
1c8757e
02e4fa0
031c106
0109f73
03c31a1
026346c
00f3153
1fa0e96
1f65ea0
1fd4e38
1fa824a
0308ce2
1c0ba83
01d1a82
1c7e916
1edc30a
021e0c1
1f44b1c
01b6ac4
1c92672
01cb74e
0105db2
1dad499
1c4ad9c
1e8171f
03c2c95
1d2dbd9
1d99e9e
0027b64
0269ffc
03552d8
027c687
1cf6090
1ce36a9
01e8e2e
035f49c
1ce63b8
02d18e2
0104e84
03db878
1d95427
1e731a3
1f2aaf4
1e4ec12
011152a
1f8cd94
1cf4236
011b992
1fb6952
023cd87
0121684
1eec522
02e2d9c
03535e7
1f57d5f
03c7eea
00a39f1
018d883
1d7f175
01fc27f
1e1e370
1ec48de
01529ec
030f7c8
037e2b3
030d362
009f821
01f9211
0171785
0391863
01dae21
1ff1555
030412c
001ed3e
1d2e8a6
02426af
1fc5563
1dde7a2
024d0ca
1f64a58
02de4d5
0040fa1
00bcb0e
1e8a190
1e421ea
1ee5027
1c76524
023822c
0259e8f
1ccab34
03a824d
1ced82d
1eb397c
02a0246
1fab377
1f617ee
0021afd
1cac2ce
007049c
0083dd3
1dc0d57
03c4455
01aa000
01778fa
007e02d
1f2a4c3
008f3c0
1fe7111
0085e74
00845d1
020ce9b
02c5483
0134de6
03aa9ae
1e1528d
00cbbd1
03dd487
0188d81
033e08b
0368afa
1e1f496
01ebb12
1fb2431
1d89579
02f8d42
1eae20a
1ce91d9
1cb0c48
1fb14f7
1f175c0
03fa01d
0217e9c
1ca7831
0032b8e
024bdfd
0301ac5
1eaff48
02975c1
1e0bbdf
1e3d173
027a42d
1fbeeee
1e0b2dd
1e4bda0
0388d21
024e278
1c39383
031ec0a
03f0ab5
03ad183
027f29f
02a08ff
0168209
025be46
1dd6d7a
0174301
00ed4dd
01c8e78
02e5d7e
1d3bd9d
02e4acd
1c4ab5f
01fae19
00d6f0a
018e0f8
1f56b45
03d1827
1dfb293
1e39c82
1f1097d
1c324ce
1f44f36
0116fc0
1e5e8a3
006b81b
03ccba4
0173bfe
0376d72
0064a6c
1f7a472
1ce6cd4
03cb73c
005e318
039b4b6
1fed8f7
1d73866
1c081ac
1f96dd9
015a9b5
1ea8482
0008380
1e71218
034e2c1
03cad2e
000ad40
006a79a
011f8e8
1cbc786
1d35049
031a8d6
1fdff7f
0260028
0108b94
1f8a5a0
00c6ccc
02b3aa2
1c7981e
03decb9
029ca01
0005123
1c1dc18
00a3d91
1c964a7
1c39267
1cfe654
019e1c8
1f7e51d
025c016
1cf88ea
1d5c9bc
011d5e6
1fc62e8
0214579
1d44d69
03222b1
1da86f8
1fd04c7
1c9b8d9
1f6764c
1f23644
1cd9e26
1dc5154
03187da
1e46be1
00adfd6
0215354
03d0b5c
1cde9cc
1c6f100
1f90ed8
02f89a3
01db0d1
1f05139
007f730
1ff317a
1d95b97
007f390
1d2e213
006d83b
1c7dcaa
1cef8e9
035d12c
1f44ba7
02ce6ed
1df845a
1defbe5
01d6e10
1d56643
032428e
1fcd987
1f4a659
0110bdb
014002a
035343c
0352106
019d5fe
1ef9789
012466a
00dcef9
01d87e9
1cffc36
1e74d45
00249cd
1e26154
1f05450
1d4173d
1ee4042
02f163a
01ac8c8
1cc2ebb
1c7d89f
01a721a
1fd42d5
1e9f908
03f7494
0226652
1f0298e
1f73999
02e65db
1fcc4be
03a7aa5
03da68d
1d581d1
028ecb0
0049223
1e88369
015bc8d
027e32d
1c7dddd
018d129
1d489ce
0286bc4
1e094e3
1ce3e97
1ed0ce1
1fde691
1cd18c4
020d3f1
032b04d
0180d7b
02b0dd3
03110fb
1fc8c8a
01e81c2
1d849b8
1d0d136
1e37d5e
1c90292
1e8f759
00f9db7
1d726cb
1cfd7f3
1f8e75a
01c0a93
1c9d714
0060dcd
1c1a0e6
0106d40
1df90c5
03dd503
03a7803
017e221
01bbacb
1faa38b
00c5e3a
00dee5e
1edec4a
1c6aa47
03d250e
023154f
029aea1
1cc1420
01360c1
00300f4
1e6aa02
1f1a4db
1ece3f2
1ee62e6
002a180
1d4164a
1ff7363
03a6599
02a671f
02f2111
1e021ba
1f9e9a8
015ad70
1c2f18c
1efb48e
0115cfe
01bc33b
1c4757f
1fb4651
1d8c338
1f55f0e
1dd3152
02a15c3
0208c44
021e584
02535a0
03f405e
1e0bffe
002c9bb
00fb704
1dd8bac
01a27cc
01d4f08
1fb5705
1de432e
03a3a24
1c61335
1f05cd4
1d22486
1d708b4
026f9f9
1c1fe6a
1f5d7d7
1c7e856
1c1c830
1cfb6c3
000e51b
0200881
1db9cf1
01a5a83
1df5f1f
1da07e0
0177631
1c306e1
1f8b446
1ddf11a
02cbeb3
036224e
1cf678f
03d3b2e
1ef5ad5
0180e2a
1cd1916
02de91c
026a038
1ccedb2
1e1eab4
1df6b72
1cae4d5
0323c81
03fe6cb
024e6d2
0136234
03db5f5
0220d2b
032e71e
0327c61
004604b
1ef3afb
03c84fa
009c3d2
1fb8924
00e7a6f
0337a72
1e2d20b
1ef555b
00f9c70
1d0cc1e
1e7b28d
034542d
1d12936
038dc32
1ef53de
1d1d245
1e84aa3
030614c
0061e90
033d239
1ffae78
0254b02
01eddf4
1c30b67
02272cf
1e6ec8d
0114d82
01d72d1
1fa3151
1f09d87
01fb5df
1f3982b
1c861b0
1f57eec
1efa5ac
023e1ee
038f3b6
00562bd
1df6577
1f63f63
1c7c5bc
1f95d3c
03d04a3
03d8703
0107b71
0066b89
1c9ed1f
01059c7
1ef5545
023c3f2
1eca252
1efce3d
1ef0a4a
017d0da
0130ae8
1f28543
0155834
02cf050
1f2df59
012008e
03530e2
1f2db78
1d2ab65
1d01938
1d6c3c0
1f7ce97
1c5d4d4
03ee6d0
0026a7f
0341d9d
0168ed9
0010bce
00f8bcf
03f878d
015a5aa
0181c69
1f82544
02b0c5d
01c8912
001bac1
00201c6
1c70643
1d0e5ec
1ed3c5d
00a13cb
1db1aa6
00043c0
01db35b
1d51daf
0170acf
1ecb101
00b92b7
1cff6ad
00f0cb0
1d9eecb
1d4d734
0147506
1de6254
005e7de
01a15c2
024e0b1
00e8877
1d402ce
1ec595c
1fbef73
1d28d9d
1f03526
1c83f81
1d68108
010daeb
1e6c049
02407a2
1cd0384
1f1d404
014daba
1e65d7a
0140518
1eeff6a
02dcfa6
1cd9644
027ff95
1fecebf
1e4cdec
02323be
008b33f
1e68359
038c271
02619a1
00cbcad
02c414e
1e8dca4
1caa5f7
1ed44ca
1f02077
1f6820e
1ceee41
1f7f8ae
00dd418
1c8520c
005d38b
1cdf5e9
1ea5d16
020a18d
1d961a5
020e99e
0285bad
1db72a0
1d3916a
1c0cffd
01bad0e
1e9d274
0003de0
03458ac
018e64b
1fc9964
1cf85c9
0281831
002417b
1fff0c8
1eeb5c2
01f1c24
038e3c4
1f01246
1eb0e48
00d2c49
0117d85
02814e4
003515c
02556a3
00a05c7
1ee44b4
00a8c16
013979d
1d3c1fb
1fcc6a0
0289ddc
00d79a0
1fee88b
1c2a4c1
022a830
00391f3
1c4b8e6
0196aeb
018dca9
000245c
00370d3
1c61e68
02ac1ae
00b6fac
010d6d7
01424cf
01a415f
1e1fbd7
005a551
00f0769
032ffbb
00f2608
1cf8d61
00e7977
1ea787c
01b0358
03c7005
02dc66e
023c3f4
01132d3
000161e
1f7bc3d
1d0eec8
0242a84
1f72225
1c9a1e5
016ae7b
008a9ba
1e6a029
02a8258
037638a
02ba6bf
039d6dc
1c1fd2c
1d9f472
1f1f046
1c9685e
03cbeb6
027a1fc
1fd8813
0032f27
1e5f3ff
0096ffc
033c89c
1d02567
0167714
0201b2f
1d8092e
00c8c50
0201f3d
1fb2668
1edc838
03b09ce
02cbf57
0155c7f
1f74712
013fb01
00a0ba6
1c0a11c
1c44ddc
1ce1bf4
02998e2
0376700
1d496dd
1c38a94
1f0667d
018c840
013d334
022d654
1f409df
1e90785
1cbe573
03f67ff
032e921
005bcab
012c0f1
1cb2659
1d500a0
1e19a65
1d7ccba
03060b2
1f1604d
1e0ab95
03da38e
1d0eec0
03bedd5
1e3b036
0324a70
0004dac
1d63468
1d67c2a
1deea36
011e22b
1ed84c6
01e8ad6
031bad9
1f106be
1ecafdc
00f9b9c
02e898d
02757d4
1d40cb9
1e827be
0038e67
1daff95
029607d
1c26235
02672dd
1ef2015
1f6db9c
1e1162b
1f50d1c
026d583
1d28925
03545e7
1f1e96e
0025dee
02996b9
03a3e3f
009ca52
0083ee9
1d9ce90
1ea03b5
1e2811c
00067e2
1dcb449
007fc70
026c40c
1d814a6
006a765
006a9e9
03cfd5d
0163943
1fd6248
03cb773
1e2b891
00e2091
1f089df
1cb2047
1e51cb5
1dbbabc
1e2b2c5
1d25648
039796f
02d9a1c
025ff78
02e71c7
00b3dd9
00927c1
1e692f5
0207d9e
03cac0c
1de11ff
1dc99d1
01007b8
1e9aba6
1d59b29
1ec4bc1
1e69a57
00e8036
1e4daab
1e5f83e
1ee0026
024d44b
004c568
1f33c54
000724e
038ed0c
1c6f4d0
0138113
1f71cdd
1ff1089
00eb07a
00836b9
021079b
1c7b356
1ecad13
00e3817
1e6a2f4
01d3890
1ca81c2
03d5661
020e917
02f7654
0192f36
02d8f50
1fd82a7
013b247
016df49
0034d6b
1dc1ca6
0265be5
00fd2d1
1facb29
1da02f9
03c4bcd
1db6b9f
0141ae7
1d8c639
1e6d166
02ef350
1f77305
011f358
1eb3e3b
1e56bba
1f1c803
1c35442
033578c
02d184b
02eaaa6
02b6ac8
0231538
1d65aad
0199599
1d17adb
1d4e126
003d17e
1c7e4ef
1e097c2
1ec1ee1
01bda38
1eb020e
022a96d
0090ca6
1ee0d12
1c69727
00e9453
1d9ed0d
1f39677
037c543
1fe5753
1d6a100
1ee0700
033e742
1f3e9ee
0136d48
1c441eb
01dfdd3
1e27d5a
1e6821d
001f1eb
1e58b99
1ea6759
006a0b6
1c6e6e4
0270198
03974a2
0004fe7
00b94e8
1f5635c
1ddeb61
1c17027
01d3491
1c11349
01b899e
1cd2d18
026b54e
008da36
01b79c0
1dd8a8c
1fb4fb8
1f496d8
015a646
03ad1c0
0020cb5
1d39b3d
0255c39
0004896
1e78b3a
0080997
00b3e1c
1c88089
1f1b80e
1ee74f6
1d0b27c
1c56a7f
1ed4594
1f0e1dd
1cf4b56
03e7036
00a6e03
02c536c
008d42c
1edd401
01e8706
01cda9d
1cb0ccc
1ccbaf2
1ea25c5
02ed461
1d1e4b2
1ea506b
1f0d250
0052037
1c9fbed
1e8be0a
1df5e03
01f242e
1c1378c
1e1c2a9
03f5f57
1e68eb6
1f89a6a
1ef893a
01fd78b
1d98b73
02696db
1fd79c1
1e4ea22
033767d
1c3d648
019488a
1ff6058
03aae23
1ccae31
1dcb80d
1e64991
1da8bbf
1fcb11b
1ce62af
1c15de8
1f56b83
1ec7e6d
1fcbf60
1db9b59
1ef508b
1de80ec
1f4c5b3
1deb550
1c8083c
035558c
026f493
038574b
1f0f231
1c19844
00c2786
01bfda9
00f1591
1dc6fbc
01e7766
01977fc
02b1dae
1d06105
1da8a6b
1e1a243
001f43f
1f9a270
01cc3d6
0013a58
00469dc
03ee30f
03d96cb
1e054a6
01fb565
0366140
1fca574
0299e4a
1d2ab2d
1ff9f3e
1e176f5
1fbf015
1fc9ee1
1c7384d
1e84b8e
1d07d96
03dc494
02393a2
0083de2
016d22a
027f1b0
1f0e78d
1c039d4
00c5880
02c19a1
0004210
01c67c8
1d06c8e
00d29fa
1f38c79
1dd57f0
1c45286
1c18156
1e76f80
0388a4c
00c596e
1efbe20
00b4ff7
1e39681
02497db
1db0df9
1ea1c4d
01ddb73
022bb4f
1f878dc
1c7ddf7
01a1f13
1c86446
1c9253e
1cc4634
00eaa6b
1e6a50b
0044dde
1e12ba2
00000c3
1f2fd80
014e151
000882b
02ee487
1e84bc6
032d579
1db571c
1c0fcda
008d6c2
01c15bf
0087e4c
018a0ad
1ca84d4
02ef69a
00a82c8
1df4a8d
01f9b96
1f154ed
1ca1563
00ce589
025511b
01f2549
024eb11
1e67588
01510d6
01268df
1ebdaf1
1ea8325
0304f33
0383700
1ec27a2
0265038
1cf3319
1c29596
1caa86a
1d1065e
01a8f10
1ece531
1c37594
1d3423d
1c6a61e
1d12b46
03b8765
1ef8ce8
03656c2
1d317d0
1f783e0
1fcb2a9
1ec0867
01e04b7
1e03bfe
015d016
1fee3e1
1e6fda7
1cc3d8d
1d8e6d0
1f48102
1cef88b
1c88f3c
1f3e96d
02a2dc5
1f812c6
1dee80c
1c47396
1c7abfc
02f7e92
01693fb
1ec531e
016719e
01016ca
1e9b250
1f24c70
1eeea82
1e84302
1f03b7c
1e784d6
0176ebb
00a0054
02402e0
1dbe6ed
1eb35f0
00d35bc
1f4b978
1f8bffd
0091352
02ae18b
03f7501
1ef53c0
1e8a5c4
00f6e64
1d0bb42
1cb9584
1f61612
003920a
032c901
1c05d31
03add0a
1f20543
01f4a3b
1e53e02
03acf9c
1cc9168
00bd495
0003801
0245a68
032eaf4
1f880a3
03512b5
1f136d9
1e7c9c1
00d1aae
1d366b1
0244ec8
00d319d
019ab55
026bb2d
1e8d5a1
1cf90be
03e73aa
0129970
03cea27
0230f0b
01970a2
0129a41
1ff21cc
031e5f3
1e3719e
1f5de49
011d4be
1d75da6
029191d
1ca7519
1cab204
1e995c8
1d13a1c
026a3e5
1c561b0
1c01ae0
0145891
1e3467c
002abfc
1e2a44d
1ebb129
023c2e6
0166d4b
02da889
034c5d8
03b5e15
0161042
0166e8e
1e06599
02b870d
1e1c5e8
02f1390
02628b5
1c6b155
03b9541
1f3456b
1f6fc77
1d6eea2
1fdf8d3
0068fef
1df5ae9
1f7a374
1fc486c
1c59933
1d3afe0
00861cd
1d2d80a
0212dce
1ca971b
0286e6e
0048422
0186a5b
01ecb8f
01a3c86
020a8a0
02d472e
1d83787
1cd0de1
029f229
00afd5d
013b06e
1df83d9
01d4e86
0131130
00bf2f7
01930ba
03e5658
1f62f32
1ec64ee
03fc3a5
1db2dac
1c857ee
1e65d5d
03c2031
1f469d2
01dfd86
00697f3
1e154a3
1cc3cd5
1c15ef3
0038d3a
03c5882
0042911
1c6f003
1d378e2
0370b46
1cf6b46
1c9b56d
1fb520e
01f45de
0079a57
00b78b1
019cdda
01bd662
0360648
1fcdbf6
1d6ee5f
1d3c391
03fe44e
1e9adee
1e9d8a4
1c1605a
1f5ef46
1cc532d
0184293
1f20b20
01a8f76
1d0960c
1f2e394
035b140
00ebb64
00ef2bb
1f3f0e8
1e0f995
007eb83
0257978
01b7b5e
0344265
1eb0ba3
009beae
0178868
1d19808
1e12063
025a346
02d28bc
1f1dd87
02fb7fd
1e858a9
1e2c2bb
01b8be4
0041ee5
01223c5
1f87014
03c13f7
1e3febb
026a8f2
1c07196
0143a1d
0256634
01a92e0
1f53d9e
1d55f9b
1e0697b
0019db6
0255024
018d628
1ca1f52
03aa6cf
1df582d
1e23626
1f45aff
1daf727
1f5d0bd
007066e
013c6e7
1c53539
0051dd5
1c1368c
01bdf3d
1f2d3ec
1ccf4f9
1d87163
1f70f54
01bec43
1d25755
1f595ed
033ea54
03686f8
0326aaa
02253a5
0011267
1c7e7db
031c922
1ea3b25
1f39390
02dd8ce
00b20b8
1e26f2f
03adda6
002e2d7
0256e9e
033ae79
0025d2a
1e2a84e
039e273
03b91c3
1f2e1cc
1d37c3f
0239743
1eb313c
1e0e786
1da3808
1f32acc
1ce7e44
1fb8f7b
1f4173c
1ce48d7
01124b4
1eb3737
019f091
026eeb3
1fe349b
1cfdc2f
1d93080
1c525c8
007f6c5
1f1ef4f
014873a
0049a48
00ef036
1c9c6ca
1e649c9
1c822b2
1e8ba79
03eadef
1e000d5
1d8787a
02e66e7
00e8306
1ce06d6
01acf88
1cb3929
0357a2e
1cf9af6
1ccd5dd
0173614
1f2953c
1fbe9df
00b15df
1c6a470
1ec4387
0198b8f
03d630e
1fcb9c4
0311f56
1f79098
01dee42
03ea90d
1c3a544
1f30012
0162391
1e516c2
1c74ef8
013e177
1f928c6
1ddc72b
03b357c
1e77a50
021e47f
008c839
1ceb8ba
017ca06
0133220
03dae5e
1cdde54
03188eb
03dcb3a
031b3ad
1fd4036
1d00f4e
0255b0d
1d23f5e
014f0ee
1c1b2c5
0017557
00d53fe
1f19678
008d8e4
1fc826c
1e375bf
0319c7b
1dc851b
0349419
1fd2b24
03f11ab
014d682
01fb430
0340dc7
1cb8370
035d952
1cb48bc
1e9bc9b
1d9a016
1fb26f2
1ff33dd
01a7702
000833b
0120457
1dc5fae
01557fc
002bf7e
02bf3b0
039524b
1e85958
1d26a52
1c75d2b
028514e
1ebd89c
0039bc8
1d2481f
01827e9
1cf303c
0142293
1f0d586
0291fe0
1e95a5d
1eccdaf
035ce07
007877c
01740e1
1e9001f
1d486dc
1f0d26f
01dd245
1c9446a
016f099
1d4d290
1f69095
1f06774
02ffe4d
0306bf2
010a384
1ecdfd1
00e0870
1cf5583
1e25dc4
1f8ab1c
011a4e4
1cb5cfa
1e51dde
002deb1
0039494
1ccf321
0271f75
1f71727
1d0716c
02439c7
1f833c4
1f02b3c
1f521d9
1c0aabe
1e7d699
02148f0
1f08c8a
1c4a26b
1e0c16c
008af6f
0200106
1da0509
1d10695
1cd5ee8
1ff43f5
1e92c9c
1d39329
1cd0bb2
1d853ae
1c8815c
0231d6e
1ff4764
1f35286
019c2c8
1e1c049
1f6f5e3
03d26a0
1fad52c
1c0bfd4
1e7c36d
1e18b6c
00cc1e1
0371106
011bdec
026d831
1f56d4c
03440eb
1d91406
00a544b
0276313
0276653
03419ae
1ee9db4
029d2f0
1ef5129
1c4ab85
1fbbe0d
1cb4276
1c04f05
01c7ac3
1f9153f
1d2ad58
1cf8e1d
0080684
1c7bbb7
1ee2502
038a91d
1f701c4
1fbca2e
1cd3557
0249f2a
1cc585f
0049d1d
02c3635
1ccdad8
01e1278
01a64ed
0302d75
025604d
03b6309
1eebf18
1efa3d9
0351a95
00d5b12
006481c
1efd913
035eca1
1e8158d
1cd292b
1fd3ecf
00a1278
1d1925d
1fc6b2c
01154a4
1fb0264
01426fd
01cde7f
1d1fa92
03ced00
1cd1172
005f3da
1c53860
1febbc9
1e63ad1
1f920cc
0137363
024e60c
1f16342
0048e05
0258e24
00d736e
1c96e51
1d7a79c
03130c0
1fbc8f2
03c62fc
00e5879
1c79964
01e3fe6
02528fa
0342f42
01ad9c7
021e685
01bf8d3
1ef3832
1e2821d
01a2e9e
1d50589
1f72701
1c4dc67
0304514
1f336cb
0107a6a
1d61de5
002c7ea
006bf68
1dfd786
014c6bf
1ea34c8
03d4a8c
1ec6f5f
007b349
01762e5
1d1e03a
00b200a
1fec91c
00ca80d
03e150b
01af4c2
1eefc72
1d27407
027dc98
002a140
1c037c1
1fb260e
01456c7
1fed841
00f90af
038d6ef
1d72f69
1fee531
01a2b47
0052798
1c9b5be
1ea11ff
0034cdf
01ef411
0093c3a
035f225
1d8762d
0170e2a
1d82fc4
1f9e136
1c12392
030ff67
00dcd26
1e44d5a
0065ca5
01b41fb
1d7efc8
01a9ac5
1dd90ab
0242858
1d75bed
1d1a1c0
0024ec9
03d0746
1f7717e
0170ef1
0174ea0
1dd4e99
024be6a
03be2f2
1f86cc1
1ef79e5
008129e
00fb3ea
1c0e276
01ee257
03b7cc0
1d9c7a4
01b161e
1c2c378
1f99b5b
1d7527b
1f5b783
03ac3be
02be53b
1ff708f
01b979f
0008f8f
02335f5
031f12c
0282474
1f553da
003ff04
1dd121f
1c6e7b1
0065a66
1eb0286
1e2c5e0
1c82c68
1dc7482
004d86b
1e811a1
028a5d7
1cb7f7e
1f3af8b
1ebcdcc
01c172b
1d9bae0
1db621f
0022d84
02e8827
02d25be
00463cd
0330f37
1e0faf0
004d8ef
1f0a93c
1c8bfbb
1eb5d79
02db7af
01fb6fe
0062256
1c332d3
1e81d2a
1f9ad6d
0299a54
1c7850f
1cfb60f
02b4363
1d2de07
029fe8b
1fb7b5b
027f626
1d79de1
1d4ed23
1d9ca8d
1ea5ca8
1de915f
1d3ab79
1cb9fdb
017cea1
1e1a659
02c772c
1c42933
1c1cf30
00578e4
1f12d1f
1ce35a8
02c9ae4
0145a9b
1d3329e
1c39118
03e5763
00c16c3
1d30816
03854d5
030034e
1e97c8f
1f041d3
1e4838e
1c5876f
0176a06
1e9619c
018176a
014ab23
1e9bbce
03c4542
1f6620e
0229e69
02e1e38
008a783
1c535d4
01e245e
1cccd8d
1e54ac9
1c9c1cf
1ef7030
1e0f74d
01567fc
036cf77
1e1a902
1c80481
0099e52
038dcd3
1c7a5ca
00cb474
1f4daa2
1c9920b
1dbd4c2
039783d
0035376
1cd933b
1d5166f
1fd7187
1d9169a
1ca0eed
1cb2011
017b6ee
1e9213c
1e21feb
1e62765
01a43f1
029ccd7
1f01524
0225566
01af7b8
1e2d2c4
02ee1cc
02b8ccb
0344767
0236ac7
1dac5a6
0151327
1f35666
0070b99
032d1d7
1de813e
1d9be18
00f37a9
0046905
02c3e63
1db19e6
1d28a76
014de16
1f6cc0d
00bc2ef
030fee9
1e209e8
0094788
006ed14
1f326dc
1f7a688
1e6c2bb
1f931a5
012c243
1fe1069
1c8e1de
1d2ef76
1df4cfb
02d3ed8
1c66506
001c808
1e3e0e7
1cad364
039186c
01c1fac
1f7cf03
02b63a2
1e61da0
1ffa75d
01e078c
1e09c1e
1e674e4
1d73919
1fc94ab
1cfd412
039aebf
1e2a9ca
0092276
00555a8
1ee84cb
1df97a2
1f0f900
00a0ed4
1c6f937
037e96a
1edb408
0279d3f
00f85a3
1db8fad
1f80e72
1cf281a
1efe838
03db5a3
01e36fc
1d2f1b3
00962d4
0240a19
1c727f5
030cab9
02b9874
0049a60
1e6a5da
1d06aeb
1c7d376
0350473
1cea5f5
1c28311
0230f7c
02039ec
02354fd
002e287
1fb544d
009a279
0131f35
1e65d8f
0138eee
1f04b69
0004bd2
014dcda
019f1ae
1f7db12
02f4b12
02426fd
1c353c3
006ec6d
004a38d
006263d
1c9cb50
007613d
1d2d070
1c59f4f
1e0c22a
002b729
0029b79
01add3b
1d5944f
0304d45
00982b3
00a8d8e
1dc3917
1f6b1f1
1cb93ab
02d14ae
005b9d9
1e685fb
1d0bb8e
1f359af
026f6be
014f593
025121a
1f63b2f
1caf314
0147984
1f171b1
0390672
1d70de2
1e1d22c
1f869e2
02000a9
024bb49
1d3227e
002b150
1eadeb8
1f72f69
02c9477
02be149
1fe88f1
0085b96
01e88f1
1fa1f8d
02764bf
021d0c5
1c63e9c
1cf7e5d
02e148f
02a9a1a
1e98f14
02e6039
0136942
1c5c9a1
02b01f1
1eee042
0037235
03509cb
00a7d3f
007ec8b
0355cb3
017aecc
02bb88e
1f30707
1cb68cc
1dd4858
1e5da16
1d47384
1c7a8f1
03617a9
1f9fdb0
1c2fffb
1cca45e
1cae92c
1c53fff
1ebd7ca
036b8ab
1c5a16d
1f06e8b
1fca6e1
1c94b1d
1ffc34b
1d7d104
025e1d2
01b10a3
1cbaa8c
1dc13f5
1dbf8a0
01c176f
1f118cc
0141b92
1d16718
0369ac5
010942b
1f61962
1e10eb4
1f5aed9
00264c9
1ddb736
1e0fd47
1c6c397
1e4a3a0
1edd018
03c30c2
1c8aaa2
1ffdcee
1dcceca
014a9d0
031e67d
0389b7c
01f8d55
1e7a58e
018b76d
03d0e22
008ee7d
1d38347
1d58e83
005cffa
00799cd
1dee984
1d22b3a
1c22ff5
03658c2
01369dd
1ef1cd0
020a483
035460b
1fe10bc
1f820cb
0079f89
01f3312
1fd1f99
1cf7872
02006c9
1d176bd
02423b9
1d74adf
1fada9e
1f1be4d
032804d
0148d97
02e5270
1fe289e
1d295ea
0257fc0
1d0779e
03dfa6c
0154904
00e27e8
1f9876c
035426d
1ffc620
00cf374
0084c78
016e216
1c94bf9
0175a77
03a8b70
1dcbcd1
017762f
1d26b18
1c7a305
02762e5
1d831db
01971c1
0131252
0214380
0262427
1cf3379
1edac8c
0393b41
03b4a23
03b23b1
1ce42eb
1d45db7
1c15f8b
015f757
031184b
02eb777
00811bb
1fa60ba
1e012e2
1fa07e1
01ae7d5
1ed3d28
1ff7b73
0211e05
0066ad6
025a9d4
024dfa3
1e7f8d5
0070b9e
00a2901
01c90fa
1f5e72a
0173189
02fa104
01ce375
1f12239
02fb701
1f85055
1eefade
0299ea6
1d9e8f5
013d26b
1d0d490
1d9bbbf
0172f7c
1ee74e2
1e379ff
0090752
02b9d3f
03f935b
03ed1eb
1cd4545
030aa42
1c2d426
02e528a
1d1eb0d
0261da0
01cb39e
1d1f9cf
1ce45e5
028bc75
1ecaa0d
1fd1f16
0308196
1e14bbd
1c402fd
1d6b7f6
1c5f114
01aa362
038023e
1c91ed9
02081d8
1c72901
0349652
00b647f
1d92ad7
01dd4a0
1d8b316
1dfaf77
1d00c18
1cccf73
019cbd7
02152fc
003ea46
0136a2f
1e21cd4
014ddcb
1cfde4a
1e8ab83
1c9fd3e
1c36630
1e75eba
029b109
1fc0773
03d4dc0
1d2eea5
1de64b7
1ed4a0f
1f6c8c7
1dc8414
1c37d52
1c39523
1f8549d
016ce01
0315266
1ebcf70
02a6798
020387f
02d0e7e
00c879c
01563a1
1db5ea8
01e8c07
03648dd
0318634
0220aff
1def1df
1d701df
1dfd928
017e205
1de60f7
0167706
01e6cfb
0314a9e
0354e5f
03fcaf2
1d0531d
1c699d1
0183917
03fd1e8
01525ef
1d90e5e
003d123
1fcdcce
017030a
01c7ef7
1f43cb3
0035e59
0325438
00bfdf5
0009df1
1c777d4
03fefa4
1ecd3e2
021bd89
03b946b
1ff6f62
1e73b40
0281677
1db3fa9
026ce2d
020ae66
1dc7b08
012782f
02f8e60
1f76a3b
1ebde66
00efc43
1d6af8c
1da7759
1ede09b
0151c36
03f7eb8
0361bfb
03e413d
1c9abb7
0085fb1
0160d0d
01593f4
1d8c597
002700e
02b0d53
1d1f184
02297dc
03465f3
1f95f19
1e3ad7c
1c50f86
1daa8f3
037147b
0035b1e
1f9f77c
01d582a
0197bcc
1cff11d
0198563
02a3c92
1f41703
0108c0e
0058e75
0254a60
00754fa
01f1def
001a47f
1c0bc66
0159ac4
1d353c6
1e12ab4
0326680
1d04831
1d3b3f1
1f6c7ec
0194d1b
1ebb6bb
1e703df
03028c4
01060ac
1d49151
1fbc851
1caea1e
1f17cdf
0329a5b
1de710c
1ea7c3c
1c12aab
03d1185
03388be
01dac34
1c41e80
02ffb0a
1d14d80
1ceb294
1d24704
1f21bd1
1dcf0dc
1cf7128
1f4ab7d
1df0c31
1d9f268
0164de5
1c80ce2
0018b8a
0083c64
1fc0962
015a685
1dd3154
00e5dcc
1ce2932
01bc914
1f3248a
1c8e88f
1d1ee95
1c7a7cc
1d8a8f1
02feb04
1d9376f
1f0bbef
1d7b0ae
1c316a8
00464b2
0001899
01fcd9c
01aa219
0250667
1e9a9d3
1f81ab7
1c75ef5
1d9d3e1
1eb613e
1fe43dd
0025eec
017299b
00ac434
1e21b55
1e5d840
1fc789d
1f22045
1c7e10e
00ee2c3
1deabcb
1cc6d4f
1d929df
02a7510
0297e40
02e9ae1
1fc5ae3
1fe2c62
1ea290f
1e0cbb9
1d269fd
0241709
1f00a78
1fac1b6
02b4482
1fc58dc
1dafe8b
016bdb1
1e9e076
02d86f1
1f84d76
1ce1ebc
025f5a2
03f89ff
1f07bc5
0230c35
0341ccb
1fe40f6
1da75ac
0353767
1e65ff9
00e4150
1f25c9e
1da1900
1d8339c
01ac013
03f80a1
00a0836
026e829
1ed892f
1f8e76a
1c1fbad
1d1cb39
016b563
00563a8
0285d7a
01b7614
1ff5d24
021c6da
1d2d955
01adc6b
002a664
1c27fd7
01a6aef
1d3cd95
1df61c0
1dc3620
00452ac
1dc175c
031cba0
013d37a
1f07083
00669f6
018ccf9
01ae3c1
1c46467
1fe5f33
1ebc733
0248878
011e2a0
1ddea80
1c0f014
018a1d5
1c33d1f
1e46992
0206de7
008f821
036d9a0
017d57b
0086006
1cdcac6
014dcda
1e4c3d0
01b38d3
00a1a8d
1d08e97
02a1014
1c84c58
1f358e9
1dad710
1d9d8e3
1dcfddd
00367ae
1df9cf3
1dd36cf
1cc74ea
0037c14
0259dd2
00ee33f
1c3cca9
1ce9a14
010989b
02fca4e
1e10a0e
1fd6e5e
018eadf
1eac817
1e37e76
1d02669
02043b8
1dce39b
1cb35f9
0328653
1cf5157
0119fc9
1f397c7
016404c
03b0bbd
0060223
1e4f210
0062c18
016eed3
1c37205
1dd3e03
1dde96e
03aa0ca
1d502b3
01e87d5
01f0309
0197a52
1f328bb
1ee874a
1e0a1ab
01f4260
1d0864d
02df63e
1e50b43
1d67934
1fc2003
02a3050
1d1d239
1da3bdd
1fdfc4a
03f0176
03adaff
000fcbc
1f1a540
1ebd56d
03cb264
011ce74
1c9987b
1eb1916
1d4e4b2
1e2466c
0179990
1cac752
1f1f6a9
1c1b8ab
016b335
02adbc0
1e69727
01bd4b7
1dbe18a
1c6b132
1ce812c
1c2e76c
03153a3
1c1fabb
0158f1d
02c9a52
1c62041
02734d7
03bf0f7
1eda8d2
1f97eee
011998c
0067bb8
0333d28
012e2b0
03ed76b
1d5a1c8
1d37eab
1c12083
1c47e1d
1fb960b
00455e1
1ee4601
032e3b7
1f1f4fd
0322fb1
018cdc7
1e66952
030821c
1d7d660
0005295
1e5ed0f
1c98251
1d4427f
00c4a33
027b4ee
1c29a91
1dec79c
1e6f7bf
1db5081
0151d47
1e98dff
1db61f3
02fbde2
0155191
01af6d4
1d569e6
1f69602
1c1befa
1c6de82
1e5ebec
030c34a
1cee8a5
0222cd2
01dec75
03d6d0e
01a41b3
024612f
03512db
1d8298c
01c0a26
01feeec
03798cd
0220604
1e4afd7
1eba0cc
033d1cf
01b3e83
1fe738e
017b7c3
0036e5c
1c2f0e6
1f56ed2
1fc45d8
1feb910
03a5550
01fed1f
03d5031
02b45b8
0246c5f
02477ad
1d9f516
1f7259a
1cd0520
1f3e948
001a89d
0227145
019dec8
03c903e
02ef367
0121ce1
029605e
034a8d8
0345e0b
1c60f52
02fd0c1
0264bf5
1c3ebd5
03de697
1e94ae3
1d1bf3e
1e13347
1c85766
1ecf384
03fe0bd
01f58c0
1fc1727
00ecdf5
1e91651
1f2fbfe
02dd495
03eb90e
03e4769
1ea840e
02bb724
02277a3
0252be9
1c75a2a
030ee45
1c14b2b
1ccd908
01c005b
00bd4d9
00bcd3f
1faba24
0190840
0044160
0032e95
1e42fbb
0290186
1ef0075
01d3c8f
1cb8cdf
017158d
01babf0
02fff41
1fad119
1d3fe4e
1c0acdc
03f7de8
02f0ab8
03d343f
0144679
033e6f3
1f9959d
03db5f1
0046625
1e1ff81
1f49084
01c2386
021bb96
1f2a0b4
1d69cce
00e30bd
1dde374
1fe0383
0201590
01197ae
00a0759
1f8c402
0018c73
1c81122
02e01db
0235202
1ec2555
1eac386
1cb8525
1c74ac1
027d015
1cc36df
0313b35
026dd48
03c43a2
1ce6236
002411a
1c1d6d2
0141f19
1e89bd6
1f53ca1
1e36ca2
02ac0f5
1eaf7f0
1c1a8dd
005ecd9
000ae51
1e879b4
012bdad
02e43e5
1c5cb0e
1e42c88
00dc2ff
0230714
1d43b6b
0006fd2
00f6604
1ccc3c4
02764d4
0390878
1d51d8e
1f38a61
1eee187
1ffc523
01acc89
014a920
0106acd
1db9d55
1c32ead
1e778ab
1d0a41d
0181924
1d4a833
017c1c6
006d9c6
0167132
0093ccd
0171e14
02626e0
1d6b3b7
01f9a09
1faa512
00b77b6
03a8e54
1e9fd07
01e6116
1c78f91
1f391f3
1f88da9
1d4e8d7
000a6a6
1f71c55
1e345da
004e23f
1d9e915
1db2c33
1c11723
1eeb726
02ed530
1d7e805
1d5607f
020a173
1eeb8dc
022caa6
1e9d9d1
0179b2b
007a4af
02bfb4d
03e9b86
0258b88
1d4e190
1ed8aab
1d824f3
0214c43
0088273
1f89f5a
02c4c23
02267cf
018b62a
017f61a
01d9a9b
00592c2
1ced044
1cbfebb
00bffec
1f3a22a
1ef952f
021dcff
0055e64
0071d8b
017b701
1de39bc
01d8a16
1cc541e
1c30020
039e5f6
01357a6
000655d
00e5d16
1fa162f
00b7d69
1e2f559
1f7aeef
02fe6b9
0206779
1fb39c5
1f01cfc
02c4e6d
1f9277c
1ce7b49
0296e1d
1da7db6
01814fa
1c2d656
1e4023f
1ddd6ae
03d8327
1e5c885
1f0877b
1cd9055
02509dd
010440c
1d449a1
00dc7d2
1d49c9a
03eb357
01db96d
016be9d
02d6851
00c6c93
1c752f6
1e2abb7
1f1a8de
1fb599a
1c7d3ca
01d5ef2
0392871
00dd9cd
1d2e464
1d2f980
000fa3d
033f4bb
1c56603
01b2610
037e707
0122258
1dae6c5
1fbde26
1d18ccb
0383bb0
1d69311
004db66
1c6b57e
03b11b6
023760b
1c843de
1c22a7e
0066969
03bda43
031cbbf
1f430d3
1cf74ab
0330f1b
03cf00e
008d257
015cae1
1f6a82b
0364a2f
1df8c3a
1d5a306
02d2d33
01445a8
03cc793
1ddfb05
1fa7402
1c62f63
1e6353d
1f8620f
00d748e
03871dc
1fd9fb7
00e3a7f
1fcf091
1cc36b1
00aea21
1e8ac9f
1faa4e3
1db28c1
031dab1
01913cf
020a18b
1d6c53a
1f33604
036e05e
1f9c047
1e32478
00eff9c
1c2dc9a
1d914a3
1dd2667
034bd28
030ea1c
01f77ac
1d9cd19
0022c39
1c3967f
02d48ab
03334d6
1d30e99
1f3f388
02e67c5
1e92540
03a58b7
1e75c07
020f8eb
0078637
1d9e4dd
0363994
0086dc2
0240b1a
1d43b9b
1e39822
1ff50aa
1f03f85
1eb4784
009b21c
1d5e0b5
02a4b52
1c29bcb
1db9d11
1f2caf6
1e066bd
1e662d3
1e519ca
1f90510
1f35142
013b33e
1c83c28
1da44ff
1cf2214
1dec17c
1fcf910
00c61a1
1d40176
0322c09
0107eaf
1d21cd3
1c5c0f3
023b73a
02a18d7
1e81a57
01fad52
02e5981
1e314a0
1d10051
0382fc8
1cfef1e
1d3a540
01dd22d
1cad738
01e0a70
00b266d
03ba2d4
01b1b55
00b3a24
1d3be82
013a5f3
000733b
003ae6f
1f10272
027de40
1eae51e
1f582eb
1dd5ae0
01fa7db
1c4cb28
02c287d
0170093
1d3b8f1
02c6f87
0006c5f
1f79cd8
1c46692
013c48b
1dc5d36
1c44f87
0130d20
1cff0a6
1ecdf66
012a331
1fb1911
01cfb00
1d1c562
1e8f95e
01f1055
1ef68ae
01a72d7
03aebbd
0301bf7
1f1a587
1e06b4f
1e75b6d
1da90fd
01d364b
005f056
02541e8
1cd186a
01a8a21
1e6b656
0341886
1e2f775
01911d9
009599c
1ff237b
00235ad
01882d7
0034ee8
00f2e28
02dc1eb
1d8c8af
033f9c3
1d47a57
0127c6a
02129dd
1e3f8b7
1e8db83
001e278
1fce595
018d21b
1dae1bc
01d4294
007a087
1d28ffc
0362326
1ff6af5
1f11c7f
02548b9
021c7f5
1e8830d
027ef21
03f13c7
00cbf72
1e93d5d
1f0198e
1cf4201
1ed134e
1f12150
0009803
1c47a9c
1ec175f
1da234d
0394f82
039ec9c
1fb8315
0084565
0394689
1f13d73
1e0c45f
006adc0
1c6ae7d
015e7f2
02272e1
01609c7
03725de
1e4a26c
02aea95
024c254
1f68e07
1c41da2
1d7bcd5
0369f89
02a31b2
03d9e07
039b20b
0192634
1ed6860
01bab25
1f1bdd3
1e9a531
1e0dbc1
02a95c6
1e150b0
1cc8221
0370f10
0022cd2
0368701
1cfeb94
029e8d3
016084b
1c7a909
1c31938
1dc5675
021e088
1d161dc
1de852f
1edf731
1d9e579
1dff8da
00b8a4e
0118e31
01bc4c8
1d49e44
0244ff8
1deafd1
037bece
1fc7d9f
1f7c2fc
015cc5f
01ed703
1ee7c2a
1d43f3c
023a429
0379818
1d0bfa8
1d60ba0
1c3f8d9
1f49696
1efb594
03c14a1
1d6224b
03bd208
1d61312
00a50af
1d48b91
1cabca5
0041234
029cfd5
02ae9a0
0219172
03a8821
1f90621
1f08f49
1e91adb
1f24fe7
1f323c4
026791f
1df2222
1c018b5
1d3f84b
0268f29
1cb9b38
1fd4422
0178daa
002c594
1ecd892
03c2ee8
033f320
00e403b
010b58a
1ffb26e
00c122e
03dcfe8
024eea9
1c059e4
1df6a1a
00600ba
1fabd3c
0363a2a
1de9a48
0067ea9
1ed15d2
1ef291a
1ec58cb
02ef689
01f73a3
1e13d7a
1fb6f61
0119eca
01f85bd
1ef1bf8
03c5a0a
1d588c1
1d8fb99
1c87895
01f39e7
002f7b0
02e3f6c
1e09aac
1c9b4fa
0123d9e
02dc7e8
03bba9a
036e1df
1c65a5e
1c8fb1c
1ec9531
1e13d48
0331648
000d373
025f7f8
1d999ed
1d6132b
1d47bdd
1d8aa35
0293380
03a1d53
1d183e8
02bf0a0
0239889
0216c4f
1ddde28
02e0ccc
1e185aa
015bc80
034f3e7
03c1dcb
1d5dbc4
01da090
1e6089b
1dcbb82
1face7b
1dc4206
1c69ced
0060285
1deb050
003c2c2
1c5401e
03b47c7
1ea14df
0318ed5
00ec3c0
1e501d6
1d7084e
1f5b07d
03438e4
1dd7f26
0015403
03135d9
1d40649
1ddd717
00cbf89
0244f79
1e31bbf
0034579
035131d
1cf69ef
021f421
0064277
013ffa9
02e0d8c
00ce8aa
02a3b31
1d9d9f4
1d27ec1
02381d7
0269f4d
006c176
026b4f4
1db0ac3
01fd708
0162a22
1f5c926
006e98b
024e3e5
1e3e49b
1ef0dc1
1e3c15a
020f539
0146648
1ddadf9
1cb25c4
031814e
01763ba
016c670
02357b0
1eb0ef1
00ac8cc
1faeb13
1e7cc27
033a657
0139e7d
02175b2
008614c
1c885be
1dc9723
0316177
03edd97
00f5f2f
1fb69c7
010f17c
03203ca
0320650
1d52d7e
1f3eb34
0121d98
034c404
000062c
0031068
1c8bf6c
034b796
1e299fc
1f6411b
1e245d3
1cc821a
02b2321
1c2155d
1ea9b66
1f5ad9c
1fc2150
1fab986
1d5bea6
1d926b0
1c4064e
1f36413
01cab9e
01edab4
1f169fc
1e5f4c5
1fcc14a
1c22c34
1f4bcdf
034cffc
030a5a9
1daa2de
018ab71
1c4ed9b
00d58aa
1ca68e4
02663c1
1f53dd1
01fc766
1d80901
1dc8c13
1f02ee5
1cbc8d3
017d80e
1f0b434
03194c5
1c401e4
1fc271e
0300f3c
1d8c579
1ee4fd4
031a783
00858f1
1e491d2
1fb7c60
1c28037
02b8fda
1c89c85
007eede
1ecc3a8
1d3de57
031ab6b
03f4606
01263cc
02d3eda
1c9edbb
1c95c8f
1f381e4
0088e66
0379ff5
1f5cdd9
0383ef4
1fafa2d
00ed1b2
020d457
02acc57
1f52202
1c54506
1e63b2b
1fbc4b3
1ee9b5d
02da011
1e5a7fb
00a9e96
1de6b5b
1fc43f3
1d26409
1d7b96b
1d635de
1c3d75a
1dfe9f0
1db55c8
1d9e032
1c8ddfc
03b0181
01ca173
1ef04d6
1d1b0cc
0167c97
0321e34
02843f8
003d876
00c0141
02b1a77
03a5209
1c2704d
1cc1a14
1e8bbe5
00c7a9a
1d4248d
015d57f
1de3ee2
01d3f99
1feb48f
1fc6ea8
0205e7d
03968c9
1df74ad
1fc5483
01c00f9
0325a0b
1d99127
011d5b0
00a2640
0247a86
1eadd8f
00323b7
1eff742
1c27cd5
01d3de3
0332dcb
038274d
037af8d
039b414
00b7914
02a2d11
00d2bf0
011fb35
00becd7
028c0cb
03d3ee2
01fcf0f
02ec5e9
1e252c8
1eceead
02da554
01bc514
1cfa019
0211e8f
1d60386
03e9cf7
0281798
0197fc0
1fb62aa
00f6574
1e5eb37
1c2fb95
1cbf51b
1f84865
00390bc
1c7aad1
034c870
01889ea
0397e49
1cd62fa
1d475f0
0382e15
0026c8f
0133e39
0051734
1e120e9
0184fa7
1f0eb1f
1f51511
1e706b3
002fe36
00ba100
006ea11
1f50a22
03669cd
1d0a6e3
1fd4119
024f69c
0330c30
1c0ab74
1c13cd4
0001f3d
0192b4c
03fa63e
010376c
0361167
1d2da59
1fc3e70
015790f
1c7a413
019c098
0311aa0
030fd89
1cc431a
02ecfbf
03fbb44
03ccea2
1e2d864
01300d3
0204d17
1d3a609
02412b1
0251655
1ee35fe
00e74ac
03c214c
1c47c5b
0086da8
1d8d06e
005458b
03035fa
1ea3171
024527d
1d6dab9
1d8d4c5
01729cf
019d4eb
1d972bc
1d00a92
1e8a93b
1eedb8d
1d95e90
1e6e54d
038b54c
02c4da8
0047c64
1ebb8d6
1f2fb62
036c3ee
1fa1dad
01c3e97
1ebec04
031a8c9
00beb66
0136d14
00cceae
03845d1
0222870
1f83815
036c9b3
1e4961e
1d5863c
00b10fc
01578e6
00a42b5
0047b90
1f6d28b
1deb3d7
02659d1
1c8f781
0354e5f
0218973
0205a50
02400dc
1f768fb
033362e
1f87638
1e607a3
0089a38
1f77855
021249e
1f822f7
1c5c2e4
1df186a
1ca9986
0388897
01df9b2
1e6879a
1c352b8
0130c4d
1e19967
1ea5762
1c23613
1da16a5
1dee841
01bfbcf
1da3ee5
0267f08
1fc5cff
01492eb
1fe3993
1c0826e
037d3c5
1cf62cd
1f9034f
03e0301
01c1078
1d7553e
00fa95a
1d05d98
1ca9065
03e878c
02f26b1
018a7fe
1cdb184
1fff853
1f169b9
1fdf1b4
018f31c
1d728ba
03ef206
1db58c8
1d991ba
03ff5d0
00b5e3f
1f8a79c
1f3cd5c
02e651d
03c5688
1e83487
1e0f595
011da0a
1f779f0
1dc6d53
1dd2529
1dbdbb6
1c78410
017a792
0190182
1c0ee1e
1cbf2e1
03ccf0d
1cebe0b
02f0e4f
024aa54
026be2f
02d415a
1d4ea7a
1e04e95
033a389
1e1be80
1fa88f4
02d6fd8
024e7a4
1c751ba
009f53e
1e73c1d
1ea9e2d
02db228
1d12329
1cdfa7c
022e60e
026a4ba
0144d66
01a1644
02c3354
01208d5
00ad1d9
1d3618d
1c77d52
1cc03e8
1d48968
1e3517a
1de7080
1e2d9d9
025a2c7
01fc24e
1c636a3
1c13f3c
1e5d2b3
1e0b8db
0317620
1f26d7c
1e855f6
1c4100c
1e17ea5
1ca7675
0133160
1d13263
1fd02d1
03719ee
022ffe2
003d881
039dc6a
1e3bff4
1eb18fb
1d92a94
03bdb00
1c16b2e
01bface
1ddf05d
1c65adf
03db358
1c7024c
01db725
1ff810b
035c548
1ff8e34
1f6a187
021837a
1c03696
01b0cc1
026d907
1c0c2f3
1f21d7e
02152ca
024cdd0
037eae7
1c16832
1df4b06
1e60c94
03fa611
039eb4f
1db9e0c
1f4f399
1d4fd31
1fb72f9
1f6392d
1ea843b
1d0f904
1cce0da
1e3602c
1e7ec0a
1fd42ed
003401b
1c0adc7
1dddcdb
1e76ccb
01758e8
1f5e007
1c0a6e1
1e76e7a
030c115
01a558f
0217a52
1ed6ed1
00a2188
0143748
03f6416
1e43fd0
03b098f
016abe7
1eda5e7
1c37d7d
1caa2a6
1f33df6
02df69e
02785f6
1ffd06d
029bc0c
02b33af
028c481
1f759f6
026d678
1f31bdc
1e2f507
1e11a0c
0049f96
0342b50
00fabd1
03572d4
01e6981
00fc752
1ec8341
01e204f
00e9737
1df6eb6
1d5d847
01651dc
02c8404
00f8144
03ddb24
1f6bf3e
1c939f0
0250d7d
00a3a76
016df95
035fef8
1e54198
1f7ae9f
1cc9a64
1d823c2
005614b
1f47278
1fc2808
03b366e
034b4ca
00745ac
02adef7
1ddce14
1d4669c
1e611d4
0121cf1
018aeed
006839d
01f7ead
03e1e49
1fadcf3
029d182
0097bbc
00a07e8
1cbc3e3
1d4321c
1ee6fbc
1e0ae4c
0045cc5
0067b0d
035d8a3
1c3a321
016db46
1ff5a7f
03014a3
1cd1b0d
1c03335
1cc4c4e
035dd74
008660f
015bf3b
1fe1fd7
006a852
1f31fb3
1cdc49b
03bc3e2
002e0c4
00d9ec4
039410b
01f6a5b
1dc5bc2
1d82abd
036a101
1d3dde3
0220e2b
1fabe5b
1d20a52
00fec99
025ee8a
1fc75bc
00ede6d
1cd3c21
0362211
1c57f83
1ef0430
1c4df0c
0020e7d
0119dfa
026799c
1ff81c5
017636a
0068da7
00752df
1d8317f
1e451cd
014e67c
005d36a
1d50502
1de40c1
1d54f68
035a06e
02cac9f
1f72c46
002f936
1c10184
1e35431
1fb68fa
0312350
1cf0b93
0256ffc
02c72fc
1f6df4b
1c62303
1c2d991
1de08c5
1ed20ee
1e14d57
00e696b
1df286c
004fc98
1f00dea
1f19ec8
1c74ca6
1e4ebea
02b40f7
1df58ad
03f8874
1e9ae46
1dee91c
1d097e2
1db0d08
00bc9ef
006c558
00b6ffb
1f6ccd6
00854a6
1f2633a
1d0cae4
1e44ea3
013a595
1d83350
01e7056
1f73343
00a142e
1c665f0
0190c9b
1d25c23
1e9f629
1ef1b2a
1cbd64f
1dbb5dc
015ef61
1dc533d
1e05058
00fc81b
024800e
1feef5a
0231ee1
0273adb
1e5b53c
1cd345c
1e0bc40
026f800
0200217
1ed560c
000e160
1d8ee14
01a30f9
01696fb
1c279c0
03a099e
0203b8b
039203c
0188fd3
01e3ff9
1f42c91
016cfe9
03511e9
031006b
00cb731
007a98e
012e2c7
02e28af
0080265
0055332
0074c0a
025bc36
1c579de
017a990
1e8140b
0050593
1d596ff
1cb193e
004c50e
019f7d5
00c293c
0042c7b
1c7a988
1cec9fd
1e45dd3
1d2b195
00de283
019dd13
1c72e6b
00afe2c
03d8a89
1d651cc
1e49ae1
012b2b3
1ef984a
02c0419
01a7fc7
027f8d1
1cf54df
03f4f96
1f57eeb
0211e71
02b55ee
01831c5
029d81c
1fa5e04
1f08b58
0270b84
01f697e
1d74da8
0339ded
017472a
0137f93
1eca8ec
03f1b8a
0332194
1e435bf
1f867f4
1f8c8c1
1fc8f22
01a5092
0121d40
1da43c2
1fa78ea
02fa1fe
0167056
007f429
1dd04f8
036315e
0107b40
0295f09
1f8cfd8
01bd28d
1eccfc9
016f6b6
023b378
00587f7
0198c19
00ad55e
03258a9
0211166
03faf36
1e2ecaa
015d856
01543e2
1fc7de2
1f49a9b
1db324d
03cd7d7
1ea4710
02244f4
1dcdc1a
1c06c73
1fb6d62
1d79823
1d6d032
0385a67
1f4a017
00e070d
1cc0c51
006177e
0199ee5
01ecd32
1f12623
1f88549
020c095
1c76222
00c96b6
1c2164b
001612d
1d2aa3e
02cc05d
1c3e1ec
1d3ef79
1d43cb9
02c1553
1cbb8a1
00d7aff
03eb430
02edd95
03455d7
1db3f78
02ce46d
0022256
1df5928
0323b11
03ca677
01af42a
01a6791
011080b
1c688d8
00cc7ac
0024a4f
0220d13
1dd31f0
01d482d
1ccfa06
03ae906
1d6d298
1d0d13a
03356da
025ad9d
0088b9c
00a9df0
1cd30af
009584a
039295e
00d4602
1f600dd
03e6e13
1df1c2b
02701c2
1ce6723
1d2a755
01b2168
01daf6e
1c13f65
0301343
1ca30c8
1dd1989
035bca1
012780b
1e7f702
01acf3f
036a9b9
0310d0f
1eedf79
00d017e
1f0a523
00c2c4c
02f3364
1c32a53
0142373
028d16e
1c6a321
01c7105
1cd8834
1e68fb8
1e4a2b0
1e921b0
1e62281
03a906b
01868de
1d32214
0330da5
02d6dce
00ba514
03bbacd
1fb0097
00b8d56
039e79d
1c40d47
032772d
1cb48d9
010e72f
1ce53dd
1c5faad
02dc161
01db31f
0230f78
02470ff
0031beb
03e0968
1cbb469
1fb9947
1f00233
1f82306
1ef6698
03eaa57
00ae8b6
0063567
1d6a913
1e1d573
1dc57d4
1d08773
013e443
1dd3234
026e97e
008141d
002c20d
1d3438b
02420fa
0239fc3
1d7e7ed
1fe83ed
1f75db8
01ee3aa
01935bd
03ea624
005e345
0361d0b
1e88578
1d95c3e
038b38e
1f493f3
01c21e9
01bc382
03a66f2
1ecf160
028e761
017fc37
018dbf5
039a100
1fb1933
1d7a410
0353f88
1dc577d
03bff2b
1faead5
00150e4
0209527
03eb724
1cff01e
1fa4683
1dd5599
01432cd
1d2812a
0216b2c
005782d
1d0f729
000e592
009c6f9
009f445
03ba37d
02edfec
036c99a
009419f
032c8b8
0041841
03e8dd7
1c23aa6
1dfbd5f
1f72153
1eff766
1ede34e
01b6cec
1ece9aa
1de8c67
028140d
1fed4c9
1fc19ee
1d70fae
1e815b5
1ce4f50
02ef026
011bf02
1feb29d
1c28a1a
00a6e42
1ffb6cf
1d5392f
03e3790
02f0c61
1ef80af
034f7ef
1de23ee
1dd7124
0191d36
03a2ad5
005f81f
1c2596d
02a3cbc
02af944
02c2a63
00f6d8b
0141faf
0027efc
03e8ba9
029a1c0
019b8ff
1e0cc1d
03fe34f
1d199b6
1cfc1a2
1c82423
1f317d3
1db81e4
00a793f
0298f0d
03656dd
1fc06fc
030376b
1c35287
1e55284
1e3c9f1
0050ee9
00db053
1d72833
01b26a3
03bcff5
007b3c4
00029c3
011c994
031bfde
1dbc12d
1e04147
0314cde
1f66e9d
030d339
03307a9
027b1cb
1fdbb9c
1ea43a9
01d2c6c
1fee0f3
0321283
1fbc527
0373a97
039f1cc
0154607
03d9040
00361ca
016bf87
01e9a9f
1f134fa
1d7271a
0230fd1
018d53a
1e82bed
00fca92
0112ffb
1d48de2
0273714
0266bfd
0265b16
1e85cf8
01eca86
1e4ac7d
00b444c
02137f5
02325c5
005690d
1ce0b86
1fceb77
021599a
01f02e0
035dec9
02daabe
1ca7f9f
1edf3ac
1e6ea7d
021e2db
02c2cd4
00eb955
028cbc3
1f0fc0f
03e3a4a
0104f42
0265302
1e6c0b7
1efceba
001c02f
01c32b6
018e94b
1c4a4fc
1edaf2d
022b97e
03d2cc4
01b5171
0157ed3
1c2b5ed
1f89700
1dd5ddb
1c89174
0312c08
1e47cd3
1ec52ab
1d30fae
013fb51
0336c6c
1c4b678
1d345c1
00a2f9c
01dc909
1f526ef
1dac3aa
0254087
1f05fb1
1cffdd4
1fb5ad8
013b98a
1ff7efd
1dbe791
0086a03
1d967a9
1d0bb40
1f41829
020956a
1d3f468
1fb95cd
00fcc84
007ddc9
03d25f9
00fe37d
0341069
1f57f4e
0172b3c
0044d0c
1d47e94
03c7ff5
1cfeb0b
1d792a1
1de59b4
1f2f032
0280944
1c027fe
1e5775a
1caa68f
010f6cd
1ef7b4f
1da3e3f
1d9e0e9
0075fcf
1cc8907
01510cb
025c9ae
03b8038
03fd9b1
1f58867
1efc49e
1ee41fd
1dc6ca2
00ef8a0
1e36a4c
01533f9
01d50de
1f4eaf4
01b7afd
00b7683
01f2741
1ccf007
02ab97c
02df745
1e8fb8d
1d4e01a
03fec07
008d4fe
1efb6df
005aa3d
1dba64d
007497c
02b7a98
00dbf2c
1d08578
1f15cc5
1ff58c5
01338c4
1d72465
1c1f4a5
003738b
1e3a1d5
03fb1e5
1c4d4ef
0155d94
022ef17
03d076d
00bb430
0047689
1da5551
1d91241
1f55fd0
03ba43a
00c3b66
1d913f0
1d443d6
1df0866
031f217
01524ea
1c376c5
1e6e4d3
02f0909
1fdd124
1e35542
1e9b7ef
1c97fbb
1cc0011
1ce1189
029dee6
1dcb0d3
028bcc4
1ee7368
01675a4
1dcf8ee
1c54568
1fac1cc
1d5a32b
01321c3
1e056ac
1ef85db
1c3ca66
033aaeb
1fa1a7e
0159882
1c4a892
006cb31
0105e69
1fe2dbd
038c3a7
00ce725
02fa812
018fcd9
03df4bb
017ef91
1cc123c
1d90cff
1ca5116
1e842c9
007f984
00cf30d
1d67bc0
02cf513
01e5074
1d11607
00fa206
1ca17c7
1da8fc5
02d9671
1dbfbd8
1ea8983
1c1dd83
0009363
1fce54c
1c0a2b7
00ec2a3
1ce5685
1e62e09
03b0007
1d7a983
024fef9
1fc41a7
0278901
006d35c
03cad16
1ec3547
01f3731
1c43e25
00e1ffc
01ca3ab
03db2f2
0162cd9
00048f5
01ca225
1ff92e4
022740b
0149c92
005f9bf
005b3d5
01d5b71
1f22f39
01d8d33
1d3768e
1c42b20
030df4f
1e32b4f
00150be
0358b42
1e4e084
022056a
016d0d4
1dbe0b9
026c8fc
00abfd1
1f8b24d
1d52833
1c81c54
03229e4
1e61cbf
1cb0c2c
1edeece
1dc4a3c
00c3890
1f3a312
1d74e15
02054b5
035827b
1c7e4e4
1f32c1c
1f6c67c
1d13462
025ec08
1dc284b
019ec59
03bf2ef
1da3457
01b0993
03b282a
1c2d0fd
01370c1
0018fd8
1d86ac3
01f0362
015c7c3
1c6c6da
1ec5c3f
0377909
1e408e3
1c611ea
002eff9
0265034
1f930d4
02f073b
03a3a33
1f1fdf8
1cfc8e3
0226090
01984dc
0094e1b
0085758
1e7877a
00363df
03fdb0c
1e8d7e0
1cae369
00a4b14
00667ce
1e9db12
1ebebea
00dfead
01c47b7
033f09b
1fc7835
1eea0a1
1c2b067
1c163b3
039359e
023702a
0238122
1fa6095
0072bf9
1eb5213
1f3ab75
00fcc19
1fa89c6
1cf7f21
00bd709
01f9c14
017a54b
038c15d
01013cf
1d01341
0194a86
005de91
1c09cb1
1d07b39
023a9bc
1c61b40
0364e63
1c7714c
1d8805b
0130edb
1ef1409
1cc1b2e
02a3039
011a88d
1c861c2
002837c
0317c7b
007e9e4
02cfe84
0164d68
00f4453
1e53e79
01e4d9c
1d08a3e
1e8162a
1cb6736
036ef9e
1f546b2
1e3e245
1faf6ba
1f51264
1dab082
019cc58
016cffa
1eb82cd
0287d6f
1e8553e
0092dbc
1e9d64b
02125f3
1e32b84
1d74e4c
02ad738
0243855
1f306c4
1e677ac
028bfca
1e03026
018c2b4
1e20165
1c65525
01280ab
02f545d
1c170df
037d938
0019613
1d5aa28
0200854
1e630af
0092180
02e5598
1f54f93
1d5c789
001bdd6
1fca785
1c83d54
0170131
0372960
00c7944
1c0cc9d
0251c1e
1d6cb74
03d9697
01447ce
004d443
1f18983
00d05b9
1d04008
1ca8b3f
01f2f2b
1e0345e
03f7af8
038de85
014dea4
03cd8cd
1e41091
03508bc
1df640e
1e0c079
01b21b2
1f30792
00649f0
01412b7
1dcf132
01a75de
01b9578
1fce4eb
021f0f6
1c4cf8e
01f0a9f
02aa330
0077651
027275d
1f000e8
005f4a0
1db07ba
1d90018
1e2f6d9
1ea7ed0
1fe4f58
016b03a
00abb2a
1f2b71a
00429ee
1fa36d1
1f7f61e
1d0b23f
0237599
1d14b29
1ff501d
01cf75a
1fb53e4
0015980
015551e
026bcbf
1cb8f1b
006385c
1f06eac
1e739c1
1ecb6ba
1e39912
1cafb90
1f93732
0116ac1
1d66e80
028dc2e
1e44660
0309ce2
1d672fb
0032d15
1d1c96e
0100fd7
1d3bb32
0185241
1f04fca
1e907f9
039a35d
01cdf1f
1ea7fff
0310a22
0197020
1c0efbb
00b89b1
1e5dadd
0174890
03cd14e
0099a29
1e6f518
1d8922a
1da52f6
0320232
008eee3
1f18607
003d6e7
02ea45b
014eabe
0246f9c
1eb3347
1e2e684
0161b33
1d4e551
00dc952
1e6bf07
0237ee7
03695c8
1c4822c
1f06f81
1e05402
1c6cba8
1c9a35a
1dfad4c
1de9c8f
1ce5a04
1d7a74f
1db08f7
00ff461
1c9a766
01bb8dc
0325812
1f62efd
1c28b33
0193e03
1c9ad0b
023d8f7
01ee799
020993c
02f29b2
039eb7b
1eb6b25
1c51464
03029e9
1e615b1
1e5192e
0245051
0092fc9
032062e
1c47397
1ee4b7a
0290f7a
1d54ce4
02483e1
1c8b293
011954b
02be743
02ba6dd
1e3e1af
00a45a4
1d3a7b6
1f42cda
006ebd9
1f5a356
1e2a6d8
02c4aa2
1f41d9a
1e94cbc
1fcd9a2
02b1356
024889e
1edb529
1d41464
1da972f
0052b54
01e272f
1db4e04
03ccc5c
1fceeb6
1d7e9a8
00c9d81
00cd2d3
03b3e55
022d2f8
1f8b1b2
1ceef01
01ca34f
016762a
0017179
033ba34
1f68571
1c1787d
1e440c4
015577d
1c0839d
02d898b
1e61479
03cab38
020efe5
1d70b01
1ccf713
1e622d2
01bf1f0
0152525
1fffeba
01cd68b
1e86297
1e4445c
1f6e396
01f7453
1c91d3b
0140799
01465d7
00d77dd
1de0f5c
009e6a2
023f7ab
1c9bebc
03059fe
01726b0
1e1fa49
033ab94
0059066
03403ba
01cafa0
02d7422
00052f4
1c099c5
1e484e7
009a32d
023992c
1f69185
1d82e3e
0380ded
1ebf110
1f4a0c2
02ef500
1fa997e
1f321f2
1d80596
038a172
1ca3ecc
02e1097
1de9cf3
1de5a8f
1d18282
1fcbcd2
1e11727
03daf7d
0370373
0079809
00d415d
1c181a3
1c42a33
021bb3c
00dbfed
1e3deb7
005002f
1fce4dc
1c328c8
011d28b
1e95019
1fe76be
00e824d
1ea0e3c
1c1e514
02097f6
024bbef
02bcd32
013338f
008ae94
1da9b2e
0376593
1daab30
1e722fc
03d4e5c
1cf32cc
01d5799
1fbcfed
1f70d74
1fe54e7
1fd3ce4
03d3ef3
0149397
1eca957
1dbbacf
0055e45
1e4188f
01f36ed
039cb5e
1e37b9f
1d2d27a
01accbf
1d4e93b
02e2a7f
0162984
1f2756d
03ae16c
1c17abf
0288d4d
1d6d7d7
0233f85
1e6ac6a
1fc4014
1e33abf
035d85b
1ea829c
014b48b
1c69ec4
1fe85fb
01e3c6a
1f1127d
1c0c6e4
03c0ee1
1ef0df2
006cfa3
1c166e8
0097f16
0303df3
1e5e1e0
0319ab9
1e26b82
1c22f87
1df79b4
00ed5b7
1e2abac
1f65382
036726e
011ee01
023b0be
02e9a63
022062f
030e5d7
0206d60
1c53cd4
007bb51
03f6de6
004fceb
1d66516
0395d7a
00b02a9
03dbf7c
1f868e3
1c01da1
1f6242d
1ce3c44
1dd82e8
017505d
1cdf9c3
03b5694
0118590
1f017a0
015c097
1f23b03
000f019
1dd083e
1f6a1ab
1cd909a
009e223
1eed8c1
1f24189
02ada23
1f1339a
023313d
1ed2303
1e56d28
0107ec2
003fe6d
1e57f40
007f4f3
1ff4167
0064205
02d534d
1d5c6cd
018fc5f
1d7985a
010b9dc
022505d
1da6811
01825ce
03cddd0
00244f8
1f1d74b
1e5d58c
021cf44
013b779
1f067ad
1c51341
00f22ee
00f5530
039c8ec
1f7420d
1f4e8b1
1f9d376
03e1152
1e196b8
01af463
0222bda
1de3630
1c988d1
1d81333
00f6f0f
0230115
0055f54
1f03e9c
1e7984f
002ddec
011d43e
007044c
009ecad
0204140
1d3183f
0085b5b
01d871d
0301182
1d60d16
010dbde
015aa21
1f11ac3
03fa432
1ebffab
1f82204
0231a08
0362821
1ede537
008ba62
1cfce59
1fb038c
1cc897a
1f0ab35
02860ff
0326c3a
0388633
009169c
1c76f4b
1d12774
1db1496
1c19351
01b4da2
00eeffb
1c69e34
034ebae
0270d8c
00eca96
1f3493f
1e887e9
0035d5c
03253d5
0115d7e
0095cb4
1d83942
1fda688
00cf706
1d8e801
0089eb7
03f021c
001c66a
0138da6
1df1ea2
1e0ebff
1fb6727
028a7c2
02d142a
015d050
1c70087
1db237e
016854e
03889fb
0086be0
01325e1
1cdfe24
1e001ee
1f7cb00
02ed61c
02f079e
0179a0c
1eebfc0
1f8403f
00c918d
1c37630
037aa78
1fbdd6c
1cec66b
026f0bf
1e1ac8f
0162e79
0195f9c
01912b1
028f6c1
1cbe1b8
00fd976
02f3ca1
1f87ad8
1d656dc
1d12ac0
1e3b9bd
0256a53
00e2eaa
018b4ef
021b9a9
0169f39
00fc664
0357ddf
015f67b
03b485a
1f8c6cc
0385bd1
026207f
1ec9078
01c4cb3
1fde316
1e420ef
1c79616
1d3dc8a
03b41c5
0187c8e
1d6fbe6
004d12d
1e21902
004124b
1f01898
1fc269e
1cf4347
1c16475
1d548b8
03e62e4
0328492
1d53908
03c86b8
1f69a17
1df19f8
0179387
1d156d6
02ef4e8
02c9ae5
02e7619
1d74108
1d59624
031b2d1
02b2a34
0202739
1c7bbb4
1ccaa18
1f75303
0288f67
012a388
1d5d821
1db637f
1cda023
1d146e3
021ee3b
006ef35
1e083a8
1ed0039
02ddcbc
0381b27
1d1f0c7
1fb5d13
02d1ce8
1fa9c1d
01bd493
1d2cf60
016aa23
004fb70
1d7407b
1cd15b2
1f9c3b2
1f4508f
03980e5
1f76e3e
1da8d95
032cbc5
0220600
1e773a0
1ec673d
028f834
03954cc
1d940ad
02f3786
00124de
1e67566
1caa48d
1f16d7f
0380972
0312763
1c87714
1e17f82
1d6d638
01875b3
1dd0a5c
1f738a8
1d22fdf
00c7513
0101724
00b1de9
02a8250
0128f6b
1e954c0
023897b
1c0bba8
01cc8f5
1c640cb
03106a0
1d886f0
03b7392
0277552
1c099ee
03524d6
010afb4
1faebef
1d3d26c
003ec3e
009b057
034f642
00ea16b
010e316
1dd0146
1d7b548
1ce53b9
1c16d43
011630e
1e6cd05
0182b20
1f45d67
01fcc9f
0131243
02b0001
1c25443
0295369
01ae468
0015a40
1ecf689
1d2b459
01e0df5
0088bc3
03598e7
00da356
1d084bd
01a6e10
0018b8d
03be66d
1fc1aff
1ef41b4
03bb052
1f2307f
1f61255
1c51fee
1fabe85
1cff6bd
02d2053
02ba176
0338b7c
03fc816
1ca48fc
0188a15
1f7b7ef
02c678d
0036c25
1f5ec93
02bf22d
1f61757
0142b61
1d1fe2f
1d0cc73
0350a22
01113ed
1f66e39
03f0c3a
1fe716e
0367d7a
1f22081
033b481
1e11a34
1e1f6b5
02ed6e6
01ca98f
01b1157
034c01c
0338570
1fba224
1dadd1e
1c7618d
03b2290
1c2088a
1ea193e
1c957f7
1f23034
1ccdcef
0247089
1d26459
1d0301b
1db2f05
006b7d6
1cb25b0
03eb597
0281df0
1dcb2df
1e1637f
1d601d4
01a7321
1fb0692
0399c68
1f5d3f0
1e41804
1c9de95
1e9e3cf
1c9b297
1e00c25
0253a80
01def54
03a7a62
1e352e6
1c721a5
1d0ab73
1f152a1
1cacaef
1f806ff
1ce4a12
0154867
1dfb67b
1e90b98
1ecab8e
014cb54
1d85334
1e30ff7
001cd31
1d3cf02
00b3c2f
025753b
039fad7
1f2bc32
1f14edd
1f9c74e
1fed816
034621d
1e356b1
0110a1a
03b0fb7
1d63dd4
1d4d134
1f22121
0387513
03949c0
1f17853
0300bfd
030e32a
1f98ed1
1d766f5
1dfeb0c
0316bf4
0352849
1cca537
03c553f
1fd4d44
018c855
02bbf25
1c18233
01cf072
1e1164e
1f3f5d9
1ef6ff6
1ffd0b3
1f3d1ea
02d4a1d
1c36e46
01a6ce9
1c67505
1c53f0c
1f4313b
0392b58
1da055c
1dfb403
1e23e76
1eb399f
00a45e2
1ea9ef3
1eabbb8
1f4669f
1db7e0d
1ecbd0e
1e18529
038f533
038714c
0342d27
0366cab
01bb788
031ddcb
1d4ac18
1e8c6f2
021e7f5
010a697
02a29a2
01c7d59
027034f
0256d23
0299191
1d5e76b
01b20f7
006609d
037e734
1def0f6
02635a3
01deae6
0034ddb
1d8e264
1f8b9d6
00a1ecc
0253cb8
1e86c5d
1f14413
1d65516
1d9d4dd
1fc5b44
002e03d
1e32f8b
0090851
02d9224
0002e2b
038af5d
1db69ce
1d74c26
1c3ddbc
1da61fe
020d6af
1f9dbb0
0353a7d
1d63575
016610d
1cac5ef
1f78f06
1ea20ff
1f44dac
01bfedf
1cf9998
001a074
1daba07
012f1fb
01f2b5b
036ffc2
033da99
1dd5cc7
1cb59a2
005ca08
02789e8
0044ea8
00c12bb
03fa926
0305a0d
1f3b7b5
1cc847e
1c75b89
00b6094
1d74ae4
012539c
01eebc9
0293235
1ef5ae5
01aad7b
1ff993a
1fb8d6e
1e73fe3
1c186e7
1d25bcf
1cf6649
1d4a1ab
02e413b
1fe3b31
1dee240
02fee68
1fc679e
1f06917
01ced95
034d1d2
0277f63
1da94d3
00f29bc
01926d7
1dfa5c0
1fa4ed1
1e6d056
1fa0216
020bba2
00454a7
029fa53
1d9c63a
024d52f
1fe4ade
0145134
02981e4
1e54cac
005a99d
1d55a77
1cb0dff
1f17cab
1cfc2eb
1d6b3d3
003aef5
1fe9d98
0374671
020204a
1c9e701
0369148
0194812
1ee084e
01f939a
006044b
1dc4015
01bf9f0
038b406
1d35819
011251d
0246459
1f596d8
1e487ca
002f2e3
0292cfe
1d73497
0164ec8
1de67ac
1fa2da0
0005b7b
02ca935
1db6fc7
1e39949
1e210f8
1e2d7b1
00a6938
03dcf78
02da177
00dec85
034f236
0246035
1e98a15
1dc69a5
1f35130
01467fe
1e4c175
1c1a670
0046446
025f8d9
1dd5b72
01041ce
0003ad9
03197ef
1da980b
1e8a2f2
1f99db2
01af40f
0334992
0233247
1d5007e
02ee73e
1d30996
1d750f6
008992d
1dae8a8
1dfcbe2
008d17f
02d2ef3
0304390
018d772
1f152e5
1eb4628
1cf3599
0358c95
026b987
03c81ae
1c68d35
031ba6b
004c328
1ef4779
1d3327c
00aab78
000459d
01bb5c9
0357497
1d4d363
035284d
01406ad
00e0410
1d80228
1ea1941
004ecfb
01be757
03fcd06
1f4b010
034edc3
1ec6f5b
1c8ce07
02b4f3e
013f4cc
029fa28
1de7700
1c9ea12
1f1712b
1efd9c6
0166d9e
1d633fb
1d963dd
01a685c
01b41d1
015fb77
02f5977
1e06f24
1e8a125
020d9b0
01d6b80
02e5e84
03d810d
1ea4798
1d129a7
1cccebb
1fc0420
1dcea00
00a80d6
1da7389
1f339cd
0230874
024b039
1e66d4d
001f07e
1e892e2
1e1772a
0069075
1d9c7d9
0149a7f
1c9c0b0
00af23b
01c897e
02474df
019df58
01c146b
024d337
01e45a5
1c8b81e
02ba610
03da1c5
1c6d324
0192f8d
00980d5
1c73726
0128570
1d24f88
007d1f7
03b8399
1f50cf6
00893dd
0137150
1f38e88
006328d
1f576db
03bac4c
01318a8
1c4f12a
0346466
0126b56
0379438
1c3bea0
00aa45b
0127335
0315d3f
0093c8c
01a15ba
03b49a2
1dc9bbb
005f88d
1e86fd4
030bea5
1e542c8
022e7ae
1f13ec0
1fe9003
1d421d7
01d4ae5
1fa7575
1df14dd
019a828
1e865d0
1e4bd2e
1f39800
1d58e34
02df91e
00b9d7f
002b05a
1dd1e3f
1ef56e6
0385e4c
0025230
00848b9
0057297
0025cf8
1eef90c
1e8bf60
0341719
1e86447
002f66c
037d686
1deec7e
0316c32
00c04a0
1d2f99f
01bfdcc
1e8854d
1dbe745
1c05a06
005504a
1f31a19
1cc26e1
1e70e1c
01d0c1d
01c1ddd
0339d8d
02f0240
1ed0e61
1dfabdb
1e88f9f
1cf8a03
02b891d
0145f64
0041fe0
1ca4319
1f84ff3
1da0ec8
1e451e3
1fc4893
00a2826
1d665c9
02f314a
028d9fe
1d66326
03990a1
1e25455
1d4ff74
1cb4c75
02f2737
1e3b712
1ebd3a0
1c74c2c
1c3af35
01cd553
039a313
03c7370
010e5a4
0026ed8
1cbd0ee
02f348b
0205435
0221bc4
1dfcd34
00973b4
03a6649
1e5763a
1d5a481
028c43f
1f84e00
039220b
1c340e6
1dfebd3
1c1338d
034a51d
1f143d7
1c8ba98
1cd1236
1f681e1
1f52fc7
0299f79
02f37ec
1ee4a80
1d67221
1f3b907
1e7b69f
0347a50
02b2f91
1cecc97
0250e5b
00b4bcc
003db46
1f8e9f6
1e905ca
00b9aa1
1fff9d2
1f7e5e2
031fa9b
0136143
1f08263
1d30e17
03a2522
03428b6
00e019b
1e543dc
1d0b226
012b318
0017327
00fd85b
1e192b0
03c9d84
02f3b96
1f1ae9c
0018d56
020664b
0212c79
0036121
039270a
004bd60
016a85b
02524e1
1d6d8c9
007e5c0
1f30a5c
011edc2
1ffe4e0
03d79fd
1ec422b
00e36bf
009320f
01b4bea
1cd1fef
00dce6f
1fed4b8
00a388a
02ae146
1c2dda6
0200238
1f815b4
03f33e4
1ee838e
01cf15f
1fdb8be
1fbf100
1e9e038
038ff57
00d0fd5
1ca3ac3
016c096
1e14909
007db88
0352be0
1d80a79
1d6b66c
0071827
1f1b324
1cc7993
022bd76
1d836f3
1e6e53a
01a7d54
0246ee8
0267913
1c9d998
03ac151
0225a04
1c6fcde
1cee6f6
1eac979
1dee26f
1d8a1f1
1c95c95
1c1e9f6
03aed8f
1dc9872
1f5ca9a
02347ce
1e3c9f5
1de0244
1dcc09a
1e60004
1c2e5f8
1c0432e
01872d7
1cba969
1cf53a9
0330634
001e91f
0165f4c
000f084
01e3fa7
1f19966
03c85a1
00046c3
1f20d7b
1c7fd39
1d3eab0
1c29fb9
0074dc0
0090f71
0207d94
00f20d9
0397e1b
1da4b1d
02e1e8d
1dde899
1c1c46c
1d86a60
1f7ecdc
03c56c8
1ca8f5d
1dd0cbf
1c496ba
1d12bed
1f42d36
00f19e1
1c72f05
010eb7b
03545e6
02f301e
01a61d6
1faceb7
1d03c26
0262066
0310fe4
1fde9a3
1cb17b2
03ccf85
03af93a
1fa3be6
1fdf98e
1e3309e
1ed0e97
1d09b66
02514e6
03e1519
1e889e6
1f71823
03af202
1d0b23f
01944ef
03f476a
1def0ae
1e40221
1c6cba5
1d8a313
033142f
1f9c8b4
00cf8a1
1ccd366
1edb4ac
1ea55bb
1e85f2f
0279bde
1df69f4
00b97e9
00cff1f
00a1809
1f0b6bc
034eb58
039c426
009dec3
1e36675
02d618f
02afcf7
1f373b1
01cc99a
1d6b545
1cdb849
039b627
1fe139b
01549ca
1f61ecb
1cf99a2
1cd3b25
1c93968
1c079f4
0124f6f
013ad18
02f8689
02866c0
1dee885
1fe5d4b
01cca5a
1eefe3d
1c06de9
0145e1c
1d00159
015ab12
1dca738
02e5681
027a64a
1cc0475
025f895
1e30a05
1fa3fa0
1ce23d7
007fa4e
03c705e
1c71e6b
029d744
1d14907
1fc4b6e
03569f1
1cabd7c
1c89b81
00df5eb
1f999e7
01c44fd
01d71c7
0022aeb
03143ed
026a447
0253e08
03db814
1e762ed
1d0fb63
02e4f87
1c6e73e
1f81a49
1f126f5
1e2344f
01b8930
1fd169f
02c1a27
1fb88ee
005607b
0253385
0186c7b
1fd4188
1dcd081
03e2da8
00e0fac
1f9b12e
000a340
0326644
011d39a
0088a94
1ce3a06
0192d12
1d6a602
01430ba
1f2f4b5
02e982f
01b59dd
1fbed16
005efe4
02f3f95
03c3d53
1ed7577
1e741ec
00414d8
1d3def3
014402f
1e7aa66
1e7b991
1c5437d
034dfa5
1f6f240
02cf1f0
015c26e
01f6484
1f1308f
0081bd4
1dd50af
1cd12d5
0237835
028d153
1cb57a9
1f83206
1e3e4eb
1cdfbe5
02e8109
02788d6
1c23a06
1e7caf5
1f71913
1ed53e0
0238245
03ffdc0
1f7f3c1
1c8847c
1d7f1b1
1fdff22
1fcd9a4
1ec3f36
1fb7f41
00c8606
1d821ea
00d0b03
1c0730a
001e8bb
0007ed3
0231050
1ddb59c
019558a
1f6019f
1c2a08e
1fd66b4
027f9b5
1c3ab54
1d6fe4c
0311635
00615f7
1ec2870
00070d0
1e086f5
0363b88
1c1310c
03b9398
1cb0be4
1d41563
1dac10f
1d07632
1d2e1d2
1f7657e
028b3d1
03ffc19
1e8f78c
1e2d2eb
1cf3d4b
02690da
1eba645
1de8638
1f446d5
1d74114
0077db4
01650e2
0133a71
03a39db
1f29fc9
007d804
00dbaa0
1eff87c
1e75e14
1dfd7ed
01cec96
1c681e7
02e308b
1f082fd
1fb748c
02da35b
0366320
1d85b9f
1ed7dc4
00c2e02
03d3116
1c17697
025d5dd
1d79bee
1cbd647
1c4a5f1
1f0cc29
01b316d
01c955d
0337cdf
022cfac
0218f2e
016a61f
1c2339b
038fec5
03c97a0
1eb1ac4
1ca68fb
1f21a47
02d7ca4
1f72080
1c0dd32
1df12e7
0184590
00fa974
00d630f
009b840
00ceeac
1decb03
1da63dc
02baf54
1d71482
1cc0c21
0166bdd
02da7f8
013d35e
1e0432c
0213081
1f3ba99
1f1ea10
00bf589
1c0fe9e
1d56269
00f4b8c
1d2c739
1f2dc51
1d00a76
01ac6fc
1efccf0
027741c
1e2f9fc
1faa6b5
0307771
1ecb8f9
00a1502
1fcd314
03e1c08
00186e2
1ffe255
1e06c47
00ddc83
02e2b1d
02f5580
1d406f4
00e62f2
01a445f
00d5d1c
1c6b84d
1e314b6
00ed0d5
0251703
036a4df
03f35a2
024c743
1da7ad6
00977a6
013e206
1e37ed2
1e52f10
0239f98
03daece
1da8b93
1e96a2c
02b520b
1cb19cd
02f8ad4
006f528
1dec940
00f64f6
1c7989d
1ede7b6
0357cf3
02fcf39
0118602
02e2cb5
1ced60e
0323cef
1f539d7
1d0047a
1db18ef
1cf4534
1df8b6e
1df36e8
0342ece
017e07b
02ec61d
1c7b023
0033ecd
1c12225
022e463
1f096b2
1cb736f
1f834a7
1ef8c39
1f947af
0150ffe
03e6211
1fe5c1d
1edbbfd
1de801f
1cf6f63
02276d5
00baf0a
1d3c4c3
03260c6
1cdaad8
03563b2
007b3f8
1cdb160
03bccc9
1ef87ea
02f4d74
0094691
1d1b221
0239ded
00d7e6f
1feaf0d
01c113f
1d3ec9b
1fe4c40
1c1d6b0
01e372b
1ead9f2
1cd69b0
1eeb5a3
01aea42
1dcdad5
1f7e988
1c5e183
1c505b3
1df3b4b
00acd11
1e8c784
1d8aef2
01c4587
0352a5c
1f68eef
1c51f78
1de5993
1f237b4
1d52eaa
1f1a66b
1f6e43c
1fc5134
02e3036
00c71c1
1d8b19f
01f3ffc
1e0cceb
1c5f179
1ec4dc8
1df0882
1daf50c
0021378
1d06c23
1ecbe45
1f46a74
1d8b002
01ac5b1
1ce1ec8
1f9e037
1ddd7e9
1d78758
022d02b
1c04453
1e74830
1f8e851
1ccc6a0
00602d0
0359f34
0103495
1f10aa3
1eee1f9
0011954
1f76408
1da8928
1c9bb8b
0065c27
024e61c
1d4b9e2
001b6e0
1ebef17
1caaa64
1dc6c20
1c72ba3
0374959
1c7849e
0038a16
1d63a6b
0306763
01c416a
1eb65de
1e37f99
03949fa
0045888
1ed4073
03b4fc3
004c4aa
1e6d9e9
03fc6c7
1ea0f60
1ddad8d
039a3b8
1cfc509
1ce5222
015c701
0256957
0270884
1e4e1bb
1e50d6b
01b1697
02cb22c
1f32c3a
1c7bf43
01085de
1efe195
01250e8
1d37c48
1c50698
1fd69f2
00c1118
03d3b07
1d148d9
01065ea
1c67493
1e75290
03dadde
016e142
1e24f39
1dfe2ad
031d9dc
1f01a92
1ce191b
1e9e0d5
1fabc12
00b76b9
0089c2d
02f1c34
01a5a23
0110fd3
1ebd1c9
1d3b2ab
00aa38a
0068fea
02b571f
1c1ed3f
1fb1ee3
016fbb8
1c3c56c
1d2f23d
03c6f09
1e4e5f4
1c20093
1fd1493
1ecaf8b
1e48ec0
1eb8a11
1cf1d8e
02f2267
0205030
1c1d556
01fcf2d
03b5efd
1e98102
031c38c
1e23d16
03b4d34
020757c
02706d0
1c60f6b
01fc405
02feeaa
1c8a9eb
1d2b5a3
035208b
035480b
1d301ac
1cc4e1c
1eb1bf7
0254145
1ec86e0
03fe724
1e80940
03f35ec
1e55383
009592d
01a0598
0350352
1e709aa
01776b4
1db4a2c
035ac07
1f044f4
1eb5ce9
0397fb0
1e51db1
1cbeefa
001c59f
1c6bbf2
1c74cab
1daa59e
1cebf34
01a81af
1f009f5
037aebe
0211a47
1c1d369
000971b
030755b
1c40681
03f5998
1ee9ff7
003cd6b
1c03f03
00ce7e0
035e13b
0380065
1e04d0e
1da967a
03ee73a
1f8cc48
01f5a71
1c12915
1e06089
01e1c8f
1ecd834
1fc7daa
1ce44c8
1c67eee
1c43f22
02d1b8d
02cef52
1d7a9ac
0066e8c
1cb6025
02acdf8
1e0b2c1
000402e
1e0522b
1d058d0
03d830a
1fbe6c7
1cf3323
00d72b5
03a0048
01b133c
1fca0e3
1d2d48c
1c13ea0
1c19f37
0211702
1d2db67
0388f5f
01a09ee
1c8c33b
1f7e3ee
031bfdf
0347507
1c085ef
0152bc9
1c678a1
1e46972
1db16a1
00f6a17
02a6a90
03e273a
0015043
032cdd5
03b1535
0255d1c
1fb06a8
005b758
02dde00
0079d53
00bb077
1de4bc9
0232cd2
00ef7e9
1d642fc
1cf6a21
00ba55c
1eee0d0
1e4c178
1d26aec
1c51331
1fb4622
1f4c6bb
1d8e016
1c94217
1e3b072
02d7360
1d5fb39
1e95840
03ff326
00babaf
1d1ae52
0163858
1ed00cf
1f983fb
0319bca
1db51c6
0376b7a
1e1842c
00bc40b
1e6d8a2
0210dfd
1de58fb
1c3d38a
01f0a8b
1ddd073
016cff1
1d30c86
1d4e55c
01ac25f
1fa8425
1cdd9dc
1c4f6a5
00b47da
1fe1e5a
0124922
037585a
01055db
1d4562a
03c3b44
032764e
03a499b
018fb3b
1f85a4e
1f215b9
1c471cd
0325036
1fbe9ac
1e34529
1c20b64
1dfe82e
1d44d51
1fc9d94
1d6cf80
03416f2
1c77835
0275744
1c8f573
1c24e43
1ede58a
1fe7c6d
03129ef
0041573
1e5752f
01d75ff
1e822fc
023f7a0
1eb4717
1c15b7e
1d87cb4
010231c
01c2416
03bd1c8
1f23563
1d54de3
01a70ee
0325025
0076c7b
1e0a94b
1ea44d9
009cb89
01c36c7
1e9c335
1e4f1c7
1c08bfe
024fe9e
03df9c5
02d864b
1d69a81
02a5a04
1f6a91e
03a5764
0003723
02f4018
0094a05
1d1515d
1c00e7d
1c04177
00cdbb3
006f856
1d5696f
002545a
1e86488
1ccdd86
1cfe502
1c951de
032fefd
0181487
1d89b3d
0351e49
1d558a2
0337237
0344e0c
03a0cd6
1e6feef
0106638
00aca1f
1cd6479
1c914c1
1dceb55
038bca6
1de591c
0337257
03c12f6
01820a0
00e9602
00b10ac
1e279ec
1f6ab4e
037c3ed
00b4701
038a1c2
03b1b5a
1c00c6e
1f1f416
1d529c5
1ebfa33
1ddbe2d
01c8544
0010c0e
0001f92
1c126d6
03cc988
1cef5b3
01680f8
0243570
008ffac
1ea1223
1c7ef90
1f89d31
0261e37
1fcd4d6
0395978
0001778
1e06e72
00f1a12
007d3d4
1d77aca
0132c45
1ee9ab7
0330780
1f0292f
1c39014
012bdd7
02d88f8
1d33ae0
0345261
014a410
1e542b8
1fed0ba
0141039
1e4926b
004a814
1fbf742
1d047f0
1c5417c
1d45f0b
1debba4
1d0b656
035abba
1dc0b03
0219a6d
1c6e6e6
016cb2a
1f8ffa4
1e83fce
1e21df5
1d3c2b0
01b5adc
02d4f3b
02c2e70
1f9b054
032927a
03b2829
1d1e536
1ec004d
1ea2ecd
00ea056
03a0385
01b1a27
03dce27
017c3d1
016a7a2
0165227
03743f5
0338ca2
1fff4d0
1c4b275
009caf2
00f6d80
1eaa210
1f0301f
003116d
1feb1d8
1d94a7f
1e1873d
01032f3
1cbc1a9
1f9a761
022067f
1fb117f
1c23932
1d91288
1c2bc35
1ef2881
0304e86
03e7ac3
0331089
1c2c1bd
1e7652c
1dab7f4
1ddae4e
1d3202a
012b6fb
016c136
1da79b2
0210794
1f2b234
1ea4c53
1f9265c
1c4fee5
1eb9146
006ca54
010536e
034f974
1d9641b
1c0d586
022cf01
1c22928
1e7358b
01b233f
03e8aab
0034819
0184393
01d46b9
015c04e
1c474d4
0262a88
0121155
1eab43a
1fe50c8
1c25e0a
038c097
01911af
1f39334
0104e82
03eb1a8
1e4546f
1c8eb35
00ed024
02911a7
1f159cf
0119688
1e3449a
02c05dd
02eccf8
1e35f2c
1e1f895
00f3720
1f1e576
1d099f2
007b043
1e11ac4
01db433
1f83ed2
03053b1
1c7ba86
1d09c09
00aeddb
1d719c3
1c657b6
1d030ab
0240e02
1faa86e
1d8a981
1f149e2
1e7dce6
00948bf
1c7e430
1c3186e
1c03f85
02a882f
019b146
0036057
1dc0f43
00861d4
1fc1acf
000c5b0
03287a2
03f8507
02ad28a
010e672
02b1746
1e60e0d
1ee6404
1dc5a63
1e128d2
1c9ab3e
0026717
1c0acc8
00f752d
03a56a7
1ff052f
00d5590
00412c5
01d5d16
03a7597
0134ad5
01f5b50
02f1746
017d37f
1c1be95
02f4217
00bacca
1d089e0
1db6fa3
1c4167c
02ed087
00db43d
02b9c5b
0300252
002fd23
1dd1401
1edfdcb
00ffb44
1ef05e6
1d2e66b
019d766
1e96d63
1cb3160
1f8f270
1d37c5a
0351e9e
1cfef37
1db911c
033f8fe
00e751e
00a2c57
016f69e
02835ef
1e01c98
1d0b282
03a13ae
0330628
00f8f63
02699f3
01630c0
02772a3
1e85e3c
1efeca3
039ed0f
1c1c3aa
1e2a862
1cabda4
032e445
1e93ab3
0167b46
1f46199
03c1243
1f50d15
0044133
032e167
1e55655
1e9ce29
032c593
1ce8627
0368cdd
1c94f6f
1cef91c
1f82d42
0060b70
1f72862
03036fc
02a984c
1c4164a
1ec962f
00e5b1d
1f7df7b
0243e97
0044508
1cc39a8
1d6debf
02a335e
1c79c9f
1e4f97f
011ac69
1fe73d0
02f6ccf
03eea97
0112f8a
1dd0caf
1ce0e09
0240a46
000cfdf
1ffef5c
0020037
004adb3
03f1676
008aefb
1fc5b41
009a44b
0123d5c
0131fc1
013b622
1f3c4f2
00e95f7
03e4534
02a720c
0053913
1e820fa
1e4fea1
1e8f59a
03becfb
0041f7b
1ce43cb
0036f7e
1c9680c
001b30a
1f1e713
00bb503
1e25a4a
1f49937
00b9a2b
03afb60
02c60ea
00582b0
0114bf4
02f2733
1e2bb1b
0394d89
03b8370
0263181
03c463d
1f47634
00c4850
0297f40
02266c2
1f42673
019f318
1f8cd5c
0106577
1eb21d7
1ed14d0
1e3f604
01d3593
01eebfe
03772c4
0299516
1dc1e2e
01187d8
1c51074
037c3d8
03f1704
038fe66
1e0eb0d
034d943
0263105
0091681
1dad138
0290ceb
005445a
003defb
1c29fc6
1f8ef39
1e662ae
03379a2
1d28f42
034cadc
01f58b1
023ddca
1de1e10
1f17564
1ec07aa
1c8a425
00c1981
03ee2ec
035b3a5
0119a77
006c1ff
031e692
1ef5c5d
1d9a3d1
03d98d1
1edbba7
035f2ef
028a30c
028e842
1f357fe
036c80a
1f89c7b
00e06cf
03c04a7
1f04f92
1e7927c
1cf3355
1f16821
031e2bc
02b30ca
0200e60
01dcec0
0294607
1d17edf
020fd6f
002e7d3
1d2a676
1e9f8cc
1daa0df
1c1e1a4
1f32699
02bb5c6
017e60f
1e24930
00a01bc
1ce362d
1f9920b
031267e
02bfefc
00263a0
1f111df
1edcd02
1f99a88
1d0ba1e
1e04410
010d4ff
00bdb68
1e0abeb
1c51375
1d1db30
0381da7
001aa53
01082a0
1d47865
0077901
1e58850
1dae954
1f763f7
02675d7
03ffc2b
02df8ec
0021aaf
0109726
020ce8f
03b47ab
0174d94
1f87964
022fb64
02eea8f
1dfcef7
0288e28
1ecebd6
0262084
1fe3dbc
1dcfeed
009e867
01ec866
1f97a03
1e9dfce
022c7f7
00e4bb7
03e8516
02da092
1ee06a1
013ab9c
013eb2b
1c25599
03455c9
0237c89
01a8706
1c0dc64
03696f0
1e2526d
1ec3a62
1c5c627
021f9b8
02490e2
03d5e21
031e639
00ae724
1f19f21
02412fa
00b4aa0
1f9f68d
00816b0
1de93d8
028396c
1cd649f
039ba7b
1db8951
1c12fe9
003caff
1f36bcb
1da1a04
1d28d18
022228a
030a1df
00f4e09
034f865
1c342ad
00f4de4
1e328c6
0138b9f
1f84cbd
1cf8a73
02f3024
014946c
1d6bcb9
1c62840
0286fc2
1fef851
1d896bf
1d7946c
020508b
00a0313
03b4e86
1cac5fd
02b47bd
1db0583
0236bf3
1cc101b
1f19c83
1e7c2fc
1f4798c
0162eb7
02847f4
00b5560
0352ec3
1c5d7fa
1fcd141
1e1bc2a
1e4ce77
03d8e31
1c24ffb
1cb8772
1cce474
1f1aa35
1c451c1
017c231
1ec9e69
1e488b2
00132e6
00ad0e6
1e8a22c
1c6bceb
1ee5fdc
1f59f25
029522a
0206240
1f9949f
0278dd5
00f2466
1c28326
03fcdde
1ea6840
1c6e405
025e872
02d0f2c
036e3c1
1cd04f3
1cac2b0
002a1fc
1f9b2e6
035458f
1fa6f2d
038ecac
1cd21fd
0166853
1fb621f
01eab80
0084174
005154f
1dea88c
000c37b
03cc27f
0274184
1ca0ab7
00b2899
1f47bff
024e41f
02371e8
0026837
0017a2d
02d1b56
1ddecd0
01cb596
1db5aad
00e9f1b
025fdf6
1e03dfc
03f3dce
01fafd5
012215b
03e124a
00ce83b
037cfb2
1dfecdb
1f6915b
1dc7d74
00de00f
03faf8b
1e69d7f
01a1f23
037fab6
1d30b9d
01d7fca
010c422
1df1e81
1c92537
03886f8
02fa59b
0248747
03a45c3
035c662
000c505
1cecd21
1e511b7
02705ef
01a069e
1d6188a
1c75dbf
0064df9
1c73719
011e223
02499b4
1cc3906
1ff8f5b
03e711b
0266a53
1dfef28
1d7a4df
1c21408
1cab503
01c664d
003c377
0090062
1cf69e0
1cde454
1d88d6d
1c95115
03d55be
031af4e
1c71443
1e3fab4
1cb5a46
033da2b
035e996
1ff802e
1f963d6
1ebf69a
03aef60
1fb0c59
025c1c6
1dc2005
1ec0cce
0076cd2
03419fc
1c24263
1cc490d
026b180
03e7a66
1c5d043
002a6e7
032c53f
02ad7e7
018c7b6
01225c8
03b6b83
1c6ab16
1cbffe8
1f59b71
1c3fbf2
1fe26dc
00b3719
020e51e
02068b3
1dfb0d6
1ee0e82
1c87f99
02eb955
0098b4f
028299e
01b48ab
1d57bb4
1e7526e
0011d6f
00885ee
02e563c
0171b1a
1e666fc
1fb51c6
1c011af
1c8c43e
1e8706f
0054afc
1cd7667
02a3bf7
020acef
00bc9bd
0248c25
014c4f6
1d63059
1cdc871
0059917
0194b79
1deda07
1c79f4c
0159803
036d03e
02ac3bc
02f7267
1e56ecd
1ec4587
1f684db
01ca822
1e74b68
03a30a9
0284cd4
1ebfeee
0246e1b
1fdd797
1d9fe79
1e27bc6
1e514fd
1ef6242
0375f7d
029ac67
1ed6292
1c893df
1e3a90f
1d60d6b
0159d3b
1e44ee5
1ef56f5
00e294d
000cae1
0331d09
02b989a
1dd1350
03311ad
0383e77
02c3475
1fc7d3b
1d18ab7
1e643ae
1fde411
1e5c4f4
1c6561b
1e06f43
03dd78e
02a29ec
1f2abc4
0075a13
02d9774
1c12396
1f04ac3
1ece53f
02fef64
026091c
027bad9
1d1102b
1d35477
0044e77
0275299
1c731b9
1c3dc27
035fe1a
02538df
1ec5018
02aa43b
1c27394
004cd00
01f5cf3
016f126
0193acd
1c1a396
00c9a0a
1fddf34
1f0b3d0
02224f4
1e8929a
1d8fd3e
0311306
01e72d5
1d40fe6
03c7741
03280a5
0069f3c
1da84c1
1cf2f2c
0367399
1e54470
1cbc066
1c0573a
03b6b22
1ea8319
1ff8d4f
1dc086c
1f81b50
1e1f450
1eedebe
00c5134
1ed1b39
1fa38ea
0161670
0272439
1cb5f07
1fc692e
1eab0ee
00e4c4c
01a1168
1de5359
006a780
1c563c5
01715f1
1dcf610
1f3371b
00dfc4c
1ea1753
0138dc5
034ea13
0222d4d
02c23aa
1c598ee
1f15397
024a015
006e2b1
1f5c5d0
01d9789
018eba0
02b0971
0098c16
1e10a6c
011c5d8
01a38a7
1e2b238
1da8f13
00336f6
02f1809
013633b
02e87bf
1fa5cdc
02154ed
1e0cc71
1eaf52c
1e12327
03cff00
0150f41
0209750
1e27362
000d858
1fce2b5
1ecb2b6
1db7966
1e66135
01aa19a
1ec9512
1da92e4
1f8da7c
1d14538
1df90cc
1f870b6
1d2e74f
1c40bd7
1e4d5e4
1f6a0ee
01a2e02
013d5a4
1fd4177
1d31077
02f609b
028d82d
0319bef
03cf41f
1ffa433
1c65f78
1e17d5d
0164107
1f8c453
038decd
1e486d7
01efc72
0004fd9
018a3b0
1f33d0a
1d387e2
1c1f8c4
02419e7
1eef9e1
03513f4
1c15e68
1c9c0ef
030b123
1dda71d
1d4422e
1e80124
03175a1
1da2d63
02b8163
033e443
01bbba6
03b1e86
034a23d
1c14c2f
1ddabeb
02e4e95
023aa7b
1e23d2e
00ee9e8
01bb0a9
1fa9041
1eaaa1b
1e1dfad
1cd83cb
0147a44
03e4b2d
1c6ed28
1e6037e
1e6a038
0036e25
037dae2
03f3ff3
00524d8
02b9a2a
0159895
1fcce75
1f5b965
1f5c3dd
1f77fd3
1cec517
01c256a
1fbba3d
01b7394
1c8bbb7
01827d1
026fc2e
01708d2
1f3fef2
0057da0
1dcf4a6
1c40050
02eb610
021faf4
0220419
02c5f94
018f333
0281055
1de14e3
029983a
1cdf59c
1d825cb
01dd6fe
01772a8
01b4ffb
1fb5c65
0166cdf
03965cc
1d5a903
1e61342
1e58cbd
1ea1b20
00eb379
1f838a9
1c341fb
031ab65
1cf0575
1e41f8f
030d108
1eb0ffb
03e7c90
1f161c2
02bd0e1
1d00ddc
1d66505
0220c9d
1d25cdc
1e757ca
009ba99
1c2b4b4
00e2dd3
012d044
1c775b9
01d3978
1eec290
1f54d1a
1d953cf
1d44ad0
00b23be
1e05a70
1ee2e1e
1e63d9f
02f1fa0
1f656a3
03b763a
1cd2da5
00e5c2b
1cdc52f
00e6287
1d401ee
1c5556c
02a4a89
1e20e36
1c4915f
1c14127
1ebdd4f
1e7de27
02394cf
01286ca
008a685
00f8120
1eacf6a
0038f66
1f9be89
1cb77f9
1ede48c
1dd0227
1eadf90
001234b
1e65c43
1fb5071
1ce15c6
024691c
1ccf231
1dc33d2
02dde5b
02603b0
000ce8c
1e64dfe
1c55b27
1fa5a75
0382c70
1d75e3c
1cb6349
022640e
1f3324a
022d538
03947fd
1c672c8
01818ff
0296c09
1c5a864
019faf1
1fe1109
03dc0e1
1dec925
017b00f
1d86073
1ed41f0
1e25e28
02a5a0f
1c06be7
036feec
0192e00
0331e49
1c2bb45
1fd7072
1e50fb6
01e8154
1d7727d
1d867fb
01e6616
1d5b4da
03fc9ac
0017d7e
1d0ecf4
1e15ac3
1d3cb89
1d6228b
0119a36
1e56709
1c1628e
1e2a4c4
03d7251
01cc781
1f9e30d
03cdbb9
0191e05
1f6b9b0
00f5f03
01d8c62
1d10a0b
1f9d510
0308d17
1eac421
01db701
1cc52b5
0219138
1ee6764
0213a36
015c562
03ce51a
01176c1
00fedc8
00ccadc
1eb8cfc
1f28ccf
1df1740
03b7834
00d8a5d
1e2216f
03a80b8
1ee0565
02e1459
02d04e1
0067822
1dec6da
1db90bd
01748f3
00974c1
1d4fe5e
024ef18
1d11119
01b433b
1db54f6
1c37140
0065d78
1f855c6
1c2bbef
036c0d9
038b690
1f1afc2
1ea259d
00d1072
01bd5e0
1ed2790
1d5ae70
1e1920e
1df9716
0366a03
0108d08
02f06da
004a4ad
02bfa11
01c7e42
03faedc
1eaa2dc
03a2791
00fd7ac
014b251
1cb9d28
01e8f05
038b66d
0079566
004a1a4
037a02d
1fda64d
1db6f23
02c9445
1e23353
00cd753
1e45156
00b1d3f
1e9c787
1cd1eea
035511b
00d3373
0260579
01a4e1a
1e0de90
1f582c3
1f578f1
1f29929
018d940
02efb38
0144ed0
030af5e
1f41406
0157351
03eb28f
00ef442
03a9487
00a21b1
1ddc813
01f74b7
016f9bb
1ee64f1
1d2015b
0275951
1d5d6de
0101465
1cabfb4
1c546a4
01cf365
1c865a9
00a35fb
012a07b
01c9a43
1c72cca
03ebfbc
1c1b808
1c9012a
1ea00cb
1dd028a
1cec44f
1d57b7e
1f9d663
1c46a7b
020b15f
1f28120
00a4420
1f607d1
02420b5
1fc92ad
1ef5439
01b993e
1f2ec0f
01bb1f0
1eecdd9
0237f30
0356cbe
011cf3b
0093d5b
03e4f7c
00dfade
0135ac0
1c58d47
1f62352
1c80c00
1d277e1
1cc92e3
1d0bbc2
0108ae2
1f81601
1dd5841
1d7cf23
01e5356
1c35361
00fdf6c
1f390dc
00606bd
0358359
0026d1f
1ed40af
1e3e986
01a6f9e
1cabe8b
02a0906
01585ef
03cde08
0098f23
010235d
030b42f
03f2a98
01bec1a
025afff
021b3ee
1ccc977
1c56452
1cb7b95
1f633f5
1ca7435
0193a2a
030d6d2
1ef51da
0276d1a
0000f46
03000ca
01f2153
1fde5ce
1ceb8c9
1de0653
03f33ec
0348d0f
00fad20
1d8e4b6
0299ce2
1ea7cde
1c4f9cf
02aecff
00b62f8
1fffcf8
031afeb
1f628ef
01a417c
1c02589
028393c
02c2bdf
0188cea
1d56835
1dcda98
0021e04
1fa37b5
1eff073
1de1e64
1c3804b
1f936bd
1eea1fe
1d3ba62
02c61ad
02b97a7
003fa50
1f14dae
1c90165
1f9d294
00c73ad
1c53f83
018cbb3
1c22a5d
1fd24ef
004bf57
1eb85a8
1c189de
1e0b2e9
1fae663
1e61c5f
027ad77
0116079
02e52ae
03e2ffe
1fbceeb
0331a6d
008cb9a
1ffff4a
0240c3d
1f53765
1c5b248
00af0d7
025266a
1f4cd7a
00c01f7
1c1ecf4
1fab336
1c065f4
02f68ed
0289d97
1e28d16
1d9e432
1df0e16
1cc8424
1cb517f
01aacb7
000a32b
1d8b4f8
0333fe9
01cf953
013f028
03f2b66
00da448
1faad83
1d4be7a
029c1a4
000677b
1fb81cf
00717ac
1c6c368
02b63e0
032d981
003cda3
1ec5f65
1cc9f4c
00b5528
1e45d7c
00d0505
0238e09
024601f
1c73439
1cfe469
1d2a3a3
01d37ba
00756f0
1f9bbab
1fba08f
020bf8f
1e473e2
1c0c508
0384b69
1dad90c
034c5ec
1db667a
1c8705b
013f89c
0259bdc
1e74b03
034c08a
0082ae1
1db876c
1e4b4d7
1dbb3c2
1ea72c0
1d766fb
0023f0f
02d3fff
1fb4457
0122a5a
1e7925c
00c7291
001b207
01d72ee
005d9ae
016bc79
00a91eb
019ee23
0201803
1d262a5
1d339d8
1f0381e
1f3b5a4
1c23b74
1d58aad
1f5a295
0327298
02ba49a
033c5c9
1cdeb7d
0309ae1
1d17282
1d741f5
1c7183f
0241053
1d9ca98
1d235d9
1e9ad09
0341295
1f4d22b
1ce16dd
1d7db0d
03a7722
004047e
02ee09a
0050025
00f3343
1ebed67
008b52a
1d3982d
01242f9
01a7fa3
1cb92db
1cc5b4d
1ef8247
1c83dc2
1c94b20
1d59daf
1c50ff4
1ec695b
1ce930e
1fc7fdf
0015c78
024b0cd
1e82d08
01f3726
01ba98d
0222b40
005f1e6
010b865
1c38c21
1ca02ff
020ada6
1e9f4b8
0144c8c
1d358bb
035108c
1f1ab5c
1ff2c95
009368f
1d58601
01878a4
1ddb75d
1d13fc1
0108fca
1d7038b
1c1748d
011fe65
1ffbe88
1d99211
014a036
0016bbd
1f7b350
006483b
026b444
1de2c8f
023b197
1f7ebdf
1f54d87
00b0d7b
0153adb
1f7d4ed
1c44d80
1ebcbea
01f6d4d
018e3d4
0027a10
1da8b95
1d5c79d
010183e
01f5a4f
01eca93
0261e91
1faf105
02c7529
0310f0d
1e21d53
1f58268
1d98f0e
1cf8437
02fbcce
1ee6057
1daa1d5
1f70584
01b2f14
029d7c2
1c0f22a
1d4ba0b
01786e3
0069e03
1e4c5b7
1f52459
1d3d718
020e77f
1daf77e
039a7fd
1eb4bc6
02c8a85
0139903
011bcec
1db89bf
1d35c6d
1c10930
031b199
1c3fb8c
1d36a54
01dc0cf
1c5d933
1e3f6d5
0130e09
1cbebf3
1f0cbd5
0352a5c
011e3f9
1e5df60
1fcbb06
022f246
0388cfc
1f77e9c
1f708a7
1d8d2a2
018358c
1fae3e6
03a95ae
01387f5
1f17894
1e059f7
03f8df6
1f4c117
0142adf
1d19f71
1e9efb0
1f013e9
02ed056
00d4c3f
1dd262e
1c9dbcc
033c0e7
1ff4812
018f08c
1ceb8fb
02ec534
025c187
1eff009
1e4d749
1d07369
02df521
015cfe0
00dfb7f
1d93147
025665e
1cb4db9
1e060be
1d6fdbc
1c50e28
1ecd83d
01ca511
1d8483f
038dcfb
030698e
03f6058
01738fc
1fd90bf
01ccee8
1dd19e7
01df7f8
0159a7e
1f8fa24
1f8eeac
1e0edc7
01ff565
1e04cb6
0008dfc
1cf50da
01ed224
1f3e998
01911e7
031639c
00e36d3
0136f39
01f3c6b
1c2adf9
1c6bd11
009a678
01f4837
1d96af4
007ff3a
1d662dc
1feffa5
033991a
1d9b197
1c85986
1f38e26
1d7d051
0366a74
1e388d2
1c6e269
00460c1
1cc4afb
03835db
0194aab
1cfcf4b
1d793e2
1e2988b
00f31b3
00a1f36
1c58b23
016c815
031efa8
1c2d491
1de291c
0329e1b
1c468da
1feefd9
1f3727b
1c5431f
00bf3a3
1e190fe
025564f
03a496e
1dc7e5b
003d489
1d24117
1efc945
1c891b8
1f2d9c0
01dc3b5
1cd2548
0228726
1dc53e9
018a492
03b2e3f
01c7509
0241100
1c8d1db
017d563
007fd23
01c0390
1c17968
1d32793
1dc4ddc
1f5c5bd
1fbea9c
1d982b7
031083f
1f1f4d8
1f8bcb3
1dd0797
1cce60a
00aee48
1ce9a8d
1fe567e
1f95de9
1e4aae3
1d5f4f0
1c6aa5c
015aba0
1d72ebd
1c076d7
1eb8747
00c9ba9
1c5cd13
005b234
1c72f82
1fd8ac8
1d51ab9
039847b
017d434
1c6b2b4
1c8a1b8
039199d
00327a7
1ded2ee
1d2e518
0169578
1f2b3c4
03c6c06
0246d3b
1e4421d
1f3f7ef
011c651
1e4b9da
028fdb0
02769c7
0153b7d
018287c
1c8bb6c
1f10ad3
1de749d
02dfd9d
1ca433d
1d70fda
00022de
02444eb
03baed6
028d5ab
1d9a792
02cb9c4
1c49517
1d6d3f6
00af40a
1dda1f8
1e3ea97
1fd7bf6
1e4b17d
03f2094
1da75d7
1e27d3a
1de3f18
1eb5013
03c8d28
1e67b8a
02b732f
1efb208
0068e01
00bdfa0
0047500
1d1b8aa
0048041
1d46bb0
010dd54
1c4210f
01a796d
1faae42
0358917
01fa5a4
1fe48c9
013997f
0366f73
1ed7425
001d2ae
020d59d
1d42777
1f2bbf0
017bda4
1f5f9aa
1eadaef
1e7d287
1d0523a
1f53075
1dc9064
01ffc32
002388a
1e53196
1ef174b
1c6a84e
1da086a
0363262
1c7ae2e
1d438bd
03a8747
1e2889b
02e73c9
0283b64
1fb6bc6
1e7d988
018c80a
1f9644f
1d20277
1c2b4b3
0203fa3
1f2da36
1fbcc13
1d22599
1df7fdc
1dbbd22
026c725
022fe7c
1c0ed61
1ea077a
1e20351
1d80354
0351301
1db11e7
01a25bb
037b624
020a26b
1f41632
1f26d7f
0215a52
1d1fd5c
1eb03c0
00cd3ec
1eb2cd2
006e0dc
1c935c1
1d9b740
013fbae
1e36a09
00852f0
0274634
1d0d5e4
1fc251c
1e08527
1d2bbe9
1f98306
0393014
1cd35a9
01d6054
1d1e685
03234d5
1eca787
037b25f
01dbfcb
1f49b2b
1c58855
0200d86
015415f
1c3bd50
02aa414
1e57b4c
00edd5b
1c773b3
1ddcfa1
01f06af
1f849a7
037716b
1c049e5
008f387
1c827ef
02b1afa
01cb4d6
1f1d4d9
0023ca2
1fa4e14
00824e5
1f46ac9
034831b
1e99d72
1d9387b
1c213c1
015dacb
1f24a22
1ff69ce
1de05fe
1ddd55a
1ddbc70
023b65b
02085e9
02f93b2
024cfa8
02177c4
025e920
1fca54a
1d6dc57
1ed1723
1f6ebc0
1f5198a
01b42d7
00db1dd
1d994c1
1ee4242
1c38b03
1fe661e
1f55a84
023b79c
1e2ee5f
1f59d0b
1c3ec84
02c31ee
007b696
02446ce
1ce2eed
034091e
1f31660
03e68dc
1ea01b6
020e9f3
1daebe3
1f9fed6
1f23af4
0309d0f
1d02539
0156e49
1cfe3ef
1d1006e
00bb87f
0075e34
01c4f9a
02e770e
03cade7
0135b59
1f98ad6
03d9fee
1e07d73
0071274
0289839
1c7e65a
00b2726
03e44f9
011d083
003a9f2
03a1933
1dfc60e
02f3733
026f426
03d9f9f
03ff13e
1ec12bb
02af84a
1d21c59
1c964dc
1fdf433
1f76dcb
014cde6
029268c
1dfbaea
1e8b886
1ca5e8b
0153ede
1f0c63d
1eaabab
033f509
1c3519c
1dbb6de
1e2060d
00a5b47
1e522e6
1fc56ab
025de0f
03a0028
1daa735
1f63b57
1c34fa0
1c9d940
01d77ba
0305ad6
03fd96c
002d94d
1c3844c
011cea8
031e882
1c26079
1ed405c
1e43204
027cf0c
03aa27f
1c1aee4
0031cb4
011d5f8
1fbba00
032530a
01d15ff
1feb745
1e88373
1f2dc39
01b73e7
1d96e99
031722d
1eb906e
01aa5ef
1cf8a70
0069275
01f46d5
02d8e14
1c5f278
0351d23
1f4ac44
1f23cc7
02fda54
008586d
1d9b855
0307fc3
0243716
1d24376
03a1e9c
028dff8
03ec453
1c66224
025cfd1
002ebff
03f80fd
0248a63
03fd58e
0357c49
01542b6
1eda922
0103b53
00f0e95
0207587
1d984ca
1d71e11
1f8a754
1f54601
1dca503
002f8e5
1dc30b6
1d75d7b
0318b50
00faa21
03a0e48
03ef1d8
0242d13
0020966
00b7d0e
1ef52f1
1fa8602
00274bf
1f7c5e0
02418d9
01af23d
1f641ad
1f492d4
02c6366
0359e02
01e05e9
1c2c529
1d4cfe0
0158503
0016fa4
1db0617
03583b3
1fac162
1fb675f
1edf19b
1e15338
01b5972
1f8fc2f
006ec17
1d875db
0343d73
1e2efe1
035532f
0097907
1d15ae3
1d8a382
1d0c4a2
1df5afe
1eef174
00bba71
03ebebc
1e3489b
1cc1163
00816da
01ae40f
1dfaf32
03d8626
0067a6b
1ed14da
1c6531b
1d8dd0c
1c29712
1c02081
02c9d22
01fefe3
1ef9713
02f524c
02a85c2
1dd432e
03dd80e
020c10f
1c7df30
1ee1654
0284197
03b3d2f
00cd6f4
1f1d2b8
02473c4
1d36fe5
1d4f1e3
1de6047
1d8542b
1ec7d98
1cc78f6
02b8990
00219dc
1e1ff7a
1fe0a78
02b85b1
0018b46
00222fd
02782c1
1f167d6
01ef88b
026f318
1d82330
1fcbcb4
03018ec
1e945a7
1f103b8
02b9442
037c8d1
01e2c87
1deb44e
1f1fcf3
1e43164
009dab7
03e46c5
027f7d6
020e2af
00f0be9
0227ac1
1f3ecb3
1e1e6b8
03c8c96
1f67265
03cb462
1e8483b
1e66c02
1df0667
0216e9f
1f6ef0c
009bbd2
1c10637
1d0bd96
0154c81
1c8010a
1f48bfd
1f628d5
01405b1
1f15713
1d6e175
1d79460
1c7c1fd
1ff8e57
1c5b88b
1ef1d1e
012a51f
1fd0b9c
1d17e56
1d30b3b
01c1dad
0126d97
0139d01
01bd60a
1d2e66c
1d90a04
02addf1
014c953
01f0dd7
001980f
02a37e7
1d5f12d
1fc67ba
01e8d27
1e8ce23
1eea066
1f20149
1e90846
00fb5d9
1fafeda
01b90df
0163d0c
1f7051a
1dad89d
00cb39a
01943d1
0363612
00ba114
1cea21f
0111e99
027f356
1d2bb65
1da314f
02d3ba5
1ee445d
0081ea1
02c52f1
1c2a5f3
0182fa1
1e54dba
1fcb6ac
0205279
1c44885
02de0c8
1fcb764
0119460
036018a
1f16f7c
1c00b1c
024e690
1e8d62c
1f1c530
1e8ba58
1f54ed6
029f249
1ce8d9b
01fe2d3
1f9551f
1cbac65
1ef1cc5
030faa1
1e393e8
031faf1
020a2bc
01d3b7d
1c33619
1f4f092
1f9e613
1d088ee
02fd8b8
1c45ff2
1eea2c7
1f16077
02641f3
03f361c
02c1d9f
033b21a
00ef5b2
1fbcc35
0157404
1ea06ce
1fd8c0a
1d8d7d8
008c6a0
01a1938
00925c1
1de1e3b
0287f9e
1dca651
1e59c60
009d123
0058bbe
1f35fdc
03878f2
0004cb9
1ecfb4a
0011092
1f10406
1f0edeb
1ebddad
0110974
1edea3a
03ccbb4
035a5b6
1d29cc3
01a970e
022e4ea
1d01a56
1cbbcb3
00f310e
1ddcb7b
1ecc6a4
1ce7fbe
0330373
00c6251
036829b
1c5f69b
0182c67
02e9e76
03c8475
0158607
0307624
01d9ef4
03542c0
001bcaf
02307eb
001c25a
002c6ef
1c63c0b
01de337
1d28be5
0207a02
00a288f
01d5c67
0020589
1ed89b4
1c91534
037d615
03e3eaf
1c505ca
1c237fd
03b2f80
0123c39
00f0518
1d95a87
1f4ad4f
002638b
02f45f3
1cc8c75
1ee6baa
0142f8c
00ea846
1dcc49e
1ee6732
0309c86
1cfede7
022ef5c
1ee471d
1c3b445
03232c4
1c6691b
02a5fbb
031dc35
1f50070
1faf7bd
1e2a236
014499f
1ca2dd8
013d625
0358488
02da3eb
1ea1ddb
1ff482c
00293dc
0133a42
1d21d45
00d8e81
01ef94b
1d6e6ba
02b5f2e
1e9e9d1
0363dd3
03d2d56
1ee4492
1e772e1
0002382
0314af0
03e4c9f
1e6c947
1eb70bc
02af708
0347d9a
1c3f25a
018b253
00ca0ab
036e083
1eabce4
1ddb1bf
03dce93
00d2ee5
1d3e3c6
1fcd587
1f243e4
019efd8
1f77dd0
0127331
1c383c4
02b267e
038cfd6
03e4dd1
008b6af
1f4c8a5
1ecc1e1
01f8406
01b7d0d
1f9ef4b
029ab94
1f74714
1ec70cf
009e910
1fbef7e
03ac05e
012cc18
00c3f26
014401b
1ed3a9f
01e6944
035c90e
1e63149
1f832ce
1d42527
032e48a
1e963ae
1d47215
0074d17
03ecce8
1ec083c
0346a0a
0360a5e
1e4ed8b
01e0541
1d9b67a
03d746a
0294cd4
1c655b0
1c27005
02d7c1f
1cc0b24
1da60d9
1f6f33c
1ffc69a
1cac2c7
1e20c93
03e8080
0056b27
1e84510
0269b50
02c0cb4
1fbffa1
1f6da24
1f2162b
036eedb
1cbf705
1fb2259
1e5c03d
1fc2646
02c8965
00da13b
1f98728
1c65557
1cfb170
025a17a
00b1283
1c44bff
1f6e0f3
1ca1a67
018eb69
03a9cfd
0207674
0306478
1ff80f4
1f96838
0080436
1ca0943
015b652
0287a21
1df5b0f
0143519
034261e
0142655
1e688b4
036faff
003a22f
02b410c
031ba48
1dc7f43
1c07e8c
1d73bdb
1ffa0bf
1f7e933
01530e7
1fa3734
022ce31
0233db1
0176825
0327199
033d067
1e240cf
1e5053a
0200d23
0309c0f
0238868
02a8beb
00b787a
1d002d0
004c93d
1e3dab4
1ed8ffe
0297ebe
01fa24c
1f90ef8
1d7240a
1e96c9b
1e528bb
006e7e1
00a4865
0055cb2
1fde8fd
1c95df8
1ca73c3
0188fe8
03311f5
1ee332a
1d8f1b2
1fff453
1ec727a
1ec209a
1e9cb71
1c0e5ed
0358421
1c50d86
1de5548
1d2d70a
01064b0
03488f0
1f9c2d1
0399ced
1f13a5a
1f23aa2
1f3fc05
02ad687
1d1c135
02ec1db
0093c75
1d6dd32
1e5532b
1d0e3d9
1fa0b0d
01e5d16
1f1f652
1ca5969
1e156fb
1eaeeef
1d1d520
1c3de9f
02613f8
1c807b6
0075ced
03e8096
1dfabf6
1d32b8d
02c568f
01bea18
1d3f7ff
01f94c8
1f15714
1d8ef71
1f35809
0124b57
011edc6
1c1723f
1df088e
02dbc93
0258d32
1f969dd
1eed7df
0241f2c
1e12429
1dc4137
001870d
02d85cc
02cfabb
02736ac
02dd650
001b105
019ccea
1fa44bf
1d46063
0049150
1f50937
018b742
1c590a6
1f62342
0019694
028f2f1
1fb904b
1df338a
1d27344
02d04ea
015d373
1cefb57
03a6f3a
02390bb
1e41a45
0376b5e
0085da2
1ed61d8
0351f04
1f3b338
0387ff3
017df42
1e6b753
0237584
1e3b70f
1e53645
1f195c9
031ef5b
1c66415
016a178
03458c5
1fa52b7
1d7c51e
01862c4
1fe7e54
1f9940f
02974a9
02ae7fb
003d5ae
031bcf4
03f12d7
1c75072
1dd6dd3
1cd3831
1d22648
0065b85
034bc35
1cc0884
1cdaac9
01b0e4e
03eaf65
1caa7bf
1c76764
1c60d89
02f9b81
1f5ed9c
00e5abb
0183df8
00adadc
03d1506
02ef2e2
02d004e
1cc116b
1c26d61
1f91769
1c973fa
1ef784f
1c3eacb
1e92d7d
025bd14
0030263
1e91326
006f314
0024542
1d74c39
01854cc
1f3e3fb
1e117d3
1c8beff
03bdd76
1e143a0
007c1d4
017fb15
02a61df
1fdf315
001e06b
017f4c5
1c43bc3
1e3e69c
026b1c7
02776c1
1fd61d7
1ec5c96
013fa3f
1e73a9d
03df3e2
017c368
0211e59
1c40a3f
0198813
1f6fac2
1fcfca7
01b29b1
012e86d
1dbecd9
00b3a34
021064a
022590a
1f00591
1d22646
1c6f0ee
1fdf495
1e24d45
009eac1
1db1f20
02d80e8
1efc410
01901b7
1d87463
1d5ad8c
0124752
03b66bb
1c0bfaa
01f0364
0011958
1c9b095
1f19f1f
1c6679c
03042ac
1c370f9
004dd8d
0348ad2
03096ad
03d08fb
01e2155
02400be
1ecf735
01b4c41
1d5a4d5
0214034
1e5c6e5
1c3a4d0
1f53524
030f2e5
02930e6
1f7af38
1c4a500
0071390
002fb5a
1f02031
1c0729d
0299fac
0267121
1d72f39
00767a3
1d24880
00e737f
0239531
025e344
01e8aa4
1d92f09
0133be0
02b7e9c
1d4b9dd
1eb174d
1f1846e
009da55
1ea0e53
1c0eaa8
03ab068
028820f
1fa0d36
00941c4
1c1de09
1c3c206
01a0e04
1cd8d6a
03d3d0f
03e2aa0
1de4492
1eaca22
1cb29ca
02ca78f
03eb221
1e23213
02132a3
004ea7d
03c7dbe
024d7bd
024bb68
1cbc0fa
00b6731
03926f3
035dbb1
1c738b9
01e2c2d
1e01d09
1d1cbf1
1d01e19
01d23bd
03b9b48
1ed22ac
1d0161b
1d51027
1f43db3
1fdb02a
037ea15
0125076
0214854
1ce88e7
1f402c4
0274757
005ed29
01efae5
1ceef57
1e39bbb
03f2248
03a2c8f
1da83bd
0241853
0366a1d
1cac229
0273175
020db62
01a1aba
1f57dda
02a4bf1
015f8d1
01becd6
1dcc798
0048962
1d8a921
0188b94
1e63c53
010c63e
1daa392
1c65aba
1e6b287
002e640
003ff8b
029b0bb
01e6ac4
1c88084
1e84160
1f8e599
1ca52e7
01880a0
0131944
1fbc58d
02c808b
03b2eb5
038b853
028a401
1ef89e1
1fecea6
1e0c9a5
02674d9
037c38a
1f078ee
03252b7
1fc09e8
1f30e5e
1d55826
1da1645
1ceeef3
1c9ca1c
1cd6990
02d85aa
1d16612
1c71d86
03ee1ef
1c352dd
1ecd5a8
1e6afb5
021158c
007fefc
02b5ffb
1d02f53
1fde422
1f994ae
028bb80
03d128d
01ee83c
1f7438b
022b341
01c9c60
01ebc38
1fd9574
1f3ee6c
01bb502
1e2d51f
02d23cb
01b701b
1caf9e7
035a1af
030c054
1d4801c
1d057a2
1c6879c
1d43d3b
1e2d779
1d02dc8
1e3ba2f
1ef4bb4
0354794
1cab6d4
1caed45
1fb242f
006279a
01547ec
1c7de83
020c050
00551f8
0056db5
0230a7b
038569d
0191ac0
0320e72
1f2b169
037f299
0397ca4
010762c
1e967ed
034c22a
1f9ba6f
006a227
1cf9f93
1e1ad6b
0136bd6
0378c7f
1f27b85
025f3af
1df3ca0
1e9e8e6
1fe42da
00512db
0126338
009d983
0018eab
1e7b31e
1cd355d
00cbfb4
011f5f1
0142c92
0082103
1c47538
0035ee8
1f8135f
1fb695d
00aa148
1e22c37
010feba
02543c2
1e53e0a
1cf0e0e
039c6da
1d499fb
1e1c695
1dc4b9d
1e33026
0214ede
02dddfd
032c9aa
0298d68
0057a58
01516ea
0049ba2
00fe333
1cd2e93
1fd1497
03a6873
1fe97b7
1c13577
1c46599
1cb3a5f
1c55df8
0378515
1eb146b
0379176
02ae570
1c8c8d5
03f2116
020c20e
1dec4de
1f48209
1c54cd5
1d3d49a
01ce3b6
007bee5
1df68fe
0393cea
1e22f52
1ce67d9
1d3cab0
000c9e1
1e42e80
000956e
1f71d67
0336e06
1fd8820
1d4917c
1fc3cae
03e4ce2
000b17a
1c7a13c
021bd59
1f8d4ff
0338ac8
0156c30
1f8cb53
1faa3bf
020a81a
0312670
02bbf74
1e2fb69
0303f82
1eb5476
1cb4631
1c327af
028a1e1
01c4f15
1f014c1
03c174a
03bce24
1d220e0
0040518
001c687
1c3a258
1f9ac67
1f83663
1d2568d
1df6ac2
1c1d081
029c145
1c3422c
1cb508a
1f55fa5
1fa0846
00ebde0
1dde864
01ceb9b
01b2c7e
1c33078
013a1d2
00e51b3
1efe530
0198113
1d8d7a5
1c1ce3c
00ed735
1e42793
1e304c4
03b9630
1d18476
00a5b3e
1fa640c
1cc81e7
0209763
028461e
038cf97
1d518d4
00059c8
02411a5
1de6e6d
0213574
00cefd4
1e5ba11
1fc5a89
1fcf51d
038f96a
0058c69
1ca2cbf
1fa6db4
0383bf9
0040402
008616a
00c4457
02cc7a6
1e2cf37
1f55f72
016ee6b
00c4704
1d64a0f
00a97cf
1f5aba9
00a0973
1e6b9c1
00cd1bf
1d4c50d
004e1af
0395f62
1ca6ba6
1f43a90
0069860
1c9e243
1e9effd
01138c2
1f4052b
1ed5b99
032833d
03a0c34
0161240
02cfe40
02fe061
02c1bb8
029a005
024fe3b
00dd049
02ed7ba
00147df
01ae564
1f9b041
1d90d99
1fef810
0239acd
0272a81
01abe04
00053ec
01d01c4
1f60e32
1e1acab
1e6b8dd
03939ae
03a27b8
0349f42
0021159
1f757c7
024a3e5
0300cd1
1e9cecf
1fade3c
01d5e0d
1e9fd7c
033516f
0051539
1c4726b
1f3ec14
1ca6e54
02d9d39
1ee5864
00e1ee0
1c2b0c9
01fba06
1e57cfb
1d9a253
02a33d8
1c2a335
000314a
1ff37bf
1fb09e2
0167c63
1ce9662
0163d8e
02f0c32
022e384
032dd8a
03af70c
1cb3951
01ac087
01a86f0
1c6780c
1f6fbf5
1c9a907
0202d03
0185514
1d06b11
00205c9
1d1c3a1
1d24e2c
010720e
03b47d9
015a0bf
0338ffb
00a92ce
1e87db5
0087360
1da3125
1e5ea95
01b7e3a
1efe701
1eda04f
1d5f890
02cfcbf
1eca223
0268dd1
1f08d3f
02757b5
1ff34a2
1c331c9
00c065c
1d29e7c
1f9f3c9
1da004d
1d287d6
1ee495f
039b9fd
036398b
00812db
0167be2
02a7958
1c0ddda
1c41157
02c49a3
034fd05
01eeae9
1c5c277
00460bf
0023112
0025189
1e55dec
1ec3b61
1f67119
0171789
1ce6d13
002d363
00b80b6
1ec78a1
03227b4
01011fd
1ef98ef
02f7fae
1f41866
0365a24
1d63ee6
1fc560f
1e528e9
1c7b4f9
1c2dfd2
0125980
1ff0a89
1d44b19
1e488f4
1f92be7
1db2814
0261bee
1e69067
01ec192
00e32fd
1e92bc9
1f953aa
01491ab
019a682
1fef77b
1c39a23
1e249c9
1c60c73
1db96aa
1eb7f82
1ebc6e1
0307942
1ea3b53
1e3846f
1ec4604
017c86e
022d62c
0267a9d
1c21ad4
1c34314
003f685
1ececaa
02973fc
0327aa6
011ab78
00892ae
0102dec
1c081e0
002da03
1c16173
000d9fb
1f49f48
1cedc46
1fd0463
1cc0ab4
1c0de58
0228395
1f32ea2
00dbad1
0202286
1dff2c3
1e11c6b
03ea51a
1dc37ec
0229a86
017ce7d
024ca21
1e61729
001bb49
00f62d8
010b2f0
1f7324a
1e0355e
1eae55d
1fd3b5e
01820d7
03c63f6
1e35611
03d9972
034dcb2
02db262
1c49c70
1c4eb8b
0372f30
1da5453
036ec0d
009a084
01cadf1
00166fd
1c65a32
1dd5304
031b80e
1ef3f9e
1fea4a8
1cba8c5
1d687e8
013b8fd
0182b69
1ea91e8
1fa7de1
019969c
1ef0fe1
03bf826
03cfc81
1fc473a
1f48835
03da114
1cc5b9b
1f78920
1d0d8a1
00abc64
1e0697a
1d56a3f
1eb7cb7
0209b96
00c9376
027591e
00e9834
03b9ba8
1f9d5a6
014feca
028eca8
1c2668f
02cbdfc
01797c9
00f7a3b
0295afd
1cf2985
037a3fb
1e4fbe7
1ef3144
1c24110
1cc181b
012ead3
0222624
0225ccc
1f271fe
1ce6186
1dc4730
1c2420a
1f60bc4
038ba37
0061390
1cc4c7a
03273d9
037e60a
1fa3b39
1d720e3
1d5c0ff
1c7905c
1fb9094
015dc04
0169217
02d5a22
1ed2607
1d03896
1e98b0b
01a43ca
035c2df
023ea07
1cb4d28
0223e55
0336828
1d28b0f
01bc5a9
02d69de
0027b20
013f2df
1e12cbb
027757e
021fc38
023f397
1d91181
03d9ea0
1e5a73e
00b1f81
0270eb9
1d3f5d7
1d55ca2
01e38ca
1eb0560
03d758c
1e7cd64
1f017dc
1effd2a
03f5258
1fdec3e
025f116
0224d44
1d8ca7f
1ecf3fa
1da552d
012e5fc
01d934d
1d135e6
00b578b
03d392a
1e69db6
1cd82ca
032eb61
018a72c
0225b03
1cf5deb
016ecf6
000bc5f
1d6a818
1f7e517
026f858
028f099
1d79e90
03403a0
017c109
0200928
1e0c7e9
02bed6e
1ebff39
1ff4963
1c3487c
0063b6d
1f1d9c5
02bdcb7
1c7b156
1d515fd
1de6220
014042d
1ff10c5
000f074
03d6c09
1ce2da3
1eef131
1e1e7d8
016ecc0
007ca00
1f611a4
0118392
019f8d7
03dca5e
02e4fde
0124d5f
01bb3b6
03eaad8
1e9fea7
1cea78f
03915a1
03eeab5
1e8714f
0171fe2
019a3bf
02895e2
1fa41d2
1e5af1f
00fd0bc
003e182
1dd8437
1e40073
02bf4ea
0098ac5
03e6c50
007f40a
1ed2e66
1ff2117
02aabac
1c14710
1ff76e3
02d2c3a
00f35f4
1f10468
1cb3f46
001bbf0
1cfdd44
02c7b97
00c94cf
1c272f4
0222212
1ffcab5
0399095
1cf82fe
0214c5b
002b43b
1f94541
1d01e97
1cbf1e5
1f03886
0028422
01a6751
1f019ea
018fad1
1e2e969
1cc04ba
0339795
1e8dca3
02971ca
0371258
03736f5
02c9cc1
037ebff
1e20312
1fc205d
00cfabf
1fc9e10
00f1b99
03b6093
1d4a4be
1f20b5b
0242e1f
02d2787
007cdd8
1f52b87
00990b5
1e3f9af
00af9cd
021df67
1f95cbe
1faa43d
03a5ac4
000928c
0239776
01835d8
1d5f5fc
1fc889b
02d4354
035ee58
01eb9ad
1f9abe5
010a989
1ddf281
03654be
1e9d61a
00254a1
1c887b3
030bda9
017fe98
00bbcb2
01bd525
1c01a30
0169fcc
032f18b
1e4678c
0058945
00d2a33
1cbea0a
03d174e
1cc19fe
033f7d6
1d01b08
0380e17
1eeade0
02f2836
0066459
1d5e12b
035764f
1c7e178
1e290f1
01d3b00
1fe0cd4
039a117
1d86ac6
0199774
030b00d
1eaf2f4
1c8a3de
02a83a0
02ff381
1e807a5
0310c07
00dd747
1cfadea
03009ee
037ec74
1f906d2
1fbd6d8
1e41695
1cd81dd
1f08ab3
037b0e7
01bd2aa
1db604e
01600f4
1ec41af
1cc68df
1ce62bf
0215b49
1e5f54b
1d87282
03aa52e
031504c
0045cea
03e55be
1f9605f
1e79506
1cd4622
0277e99
01915c3
0131fd7
03dfb61
1cf50a3
02f9508
1d51181
1e558ac
1f2955a
1f58266
1d0fbdc
1d8d080
008ff8f
1d987bb
1cec771
1e06a15
1eb403e
02abb05
00ebbf9
1c290f0
1fa63be
1c671b5
00bc888
1f16094
1f32c78
01f1a86
002bcee
1c48dad
01bf82e
1e2d49d
1d9fe3a
015460c
00045eb
01cc295
01e3136
1cba489
02e64a2
006674e
0074dbb
0311292
1c531c5
03b455f
1febd88
1d3c663
00c7bdd
1c6e63f
016dde8
013d49e
1e565f6
0077784
1e93dba
1cc8434
039c782
1efd096
006dd42
00be876
03bb346
02af327
0204680
00047e3
1ee1488
1d1348f
1cf79e9
1db40e3
00d9bd7
1ebf09f
1e2b856
1f24860
039a5b9
01c9276
0237a85
0081357
1d2e297
02fe2b3
1c6ddf2
03860fb
1e44ca9
02b478b
1cf6ef9
1ebbaff
1d5e31a
1dd3f91
028969d
020c70b
1d67451
0122c26
031209e
1d0d7d8
01234f6
1fa612b
004e270
1ed00dc
0220589
1d985b6
1c6556c
021ae17
1d645e8
032a864
1e73aa2
1f86af2
1d66870
1cf954b
03906ae
02c7400
03fab68
029927f
03cc3f4
1e1951c
1f17df1
1f61095
1c5dca9
03f02fe
010c549
1c79e4b
007b2df
1cf16c6
0302822
1c205aa
01671ce
02491dd
03de6b0
03d67bd
0203e46
1e4e676
1f8ac17
01c3ce9
1d4b95a
1fe8999
009801d
1f8ad9a
1dd8c74
032db40
010dbe7
1ca27bf
1d41038
0177c39
00f8a41
1f703f3
1dbe2c2
024f0b3
0324366
0026b72
1fb0f18
1df5846
1fd55b8
03cf59c
1cca98e
01c2b21
011f1e0
1d2f552
1ca6c0d
02af0dd
022855e
1d9fd76
009645b
1cfd313
0368efa
1fb12f2
1e54489
1e1539b
1e6febe
1c9aef9
1d7a64e
1daefe9
1ebf409
007c9a0
0201e79
1dfe887
1ea2f3d
1d5bc1d
1f12185
1f76b9d
01c00c1
1ea100c
037ffaf
1f7e748
029ffa9
004f3f4
01597c0
1d324bd
1e51ac9
1c64b63
1d81170
0368944
02726eb
1d56d2e
1c7f080
0224e56
003c836
01d2129
00ed390
1de04d0
1f34fd3
00c5d84
0352eae
1cf1df7
0185d21
01ce839
1d90c61
00e2425
1e393f5
1dced9c
1fba00a
00f5f96
1c7168d
1c6aa2e
016bac6
0014345
1e80377
0065c5f
01e6dbf
1c83ba3
028aaa0
016a0cc
00dadb3
1e4d9c7
1e600a9
1f8f32a
01a63a2
01dd528
1cbd625
00fe79b
00ef5ed
00861e8
1c0b09d
021feed
0065367
00e353b
001f9a5
0325784
02e1889
013a9b9
00a10dc
00c49fc
1dfb1d8
1f2c27f
0170a3b
1dc2d77
1cb256d
0127239
1f6406c
026298b
1cbba9c
0202ea6
1d201ec
0362a20
1fe718b
03bd287
01a41b9
1f9c103
1f77977
0176376
03e7916
028c6df
1c1e7a3
0223d6a
008e64d
02a5217
1e1b128
1fd7b6d
0386a2a
00e38bf
1e1a92f
1e6fb76
1c56582
1ca69d2
0399c2e
1cae08b
00f4d68
016c360
1d7cc28
1c518dc
1f83eda
02afd77
03437b4
1f8025c
1f6b37e
1c5b186
00d7e21
02399b4
03f3942
03a6b24
1cbd413
1cf2c80
1fc95a0
0227e1f
004ac40
1da11e9
1d9736b
1c26c64
1ca11bf
000fe4b
1c89dbc
1d2203b
00e200d
1d7db97
01f7620
02f6f7b
011a024
1f3be2f
1c96856
1db73a0
1d4982b
1f15f56
023e29b
1cf02a2
0232915
00e5b55
1e3272a
1ff3474
01558b0
03f4c9c
1e2e396
1e2a50b
00532e1
0309f88
03028a3
0018159
0090e27
000d30b
00a0204
01ee12a
1ed1245
1f297f8
03a48cc
1c32388
01b4680
1dc3664
01e7e1b
1e7d46f
036c12e
0062588
1dd0167
1feec18
0184aee
01fd90c
1e7704b
1c190f4
1ec7786
1d719ad
02f7977
1f16b29
1ff26c1
1e9b6a4
001728e
036d338
1e25822
02ad987
01a0b2e
1f62460
1f63a59
03baf6a
0134e55
00b2afd
00ef0e2
1e13c1d
1f43c17
0286b0d
1c7076e
01e56d7
1daba78
1d8b4b5
01395af
020f522
0072533
1fc7231
00768ac
03bdc07
020f7da
1e2d395
1cbfb21
1f9e9e5
01276ba
1c0fb99
0152303
1f6283c
03f3e72
01c8933
028b376
0204f5d
1f2e438
01257ba
1f62620
1e5fedf
000588d
1dff5db
1cce6d6
1c50306
01d3e3c
1ed918e
00fd734
0055afd
1e81e8e
03a31b9
02c8258
1d94344
0153972
006ac6a
027d788
027d75a
0395268
1e2fac0
00f75d6
1f15cd8
00ef18c
1cb89e1
1d1669f
033111c
0221233
1f7f122
018de25
1c88347
1c8a5ec
1cf431b
1e8e282
025a897
1e8c954
1dfde6e
01c9dc8
028a402
02a6c83
030d63a
1e2966d
002f2eb
1e84489
1d1949e
0132f6a
03830df
1e2e820
02de420
009e1b3
0069cba
1c48123
036505a
1d69194
1fe9d1a
1f8d88e
1e2271e
1d5e7d9
1ee5f88
01f3976
1e4b43a
1f1bc1c
1c8d18c
1f4dab1
1f5a7f0
002ae5c
1d78f62
1f31ac2
03dfc56
024473d
1fa7ab7
035729e
032a7b1
0088346
03fa189
1e4419d
1cbce95
1ef77ad
1fe21e3
003754f
1cea531
1c38332
1d962f2
00e4772
0385055
1f668ca
0009081
1ed1c80
020047d
1c138bb
1fa43bf
0022d3e
0019b92
02fdfa4
1fbc17e
1fc84a7
1d2199c
0066bd0
02aa7c7
1e73f09
001dcad
1f2795c
1c62669
1fded2b
016f6d4
03ead69
01473d0
02df3cc
1edb1bb
1cec3e8
03aaf7b
1ebe8b6
1f6402f
003b228
033b471
02d8257
1db55a8
033660a
1cea595
0200ec5
1d0deee
1c8d67f
00d9d1e
1fe4cbb
1d986f8
0001551
1ee463a
0172458
00176a0
1f9c7c1
0114e1c
1f43c43
1d05ec6
1f86934
0166381
1c9c2dc
1e97114
03f8eb7
02e7e0c
03821ad
007a4eb
1dbd7c0
035cb82
1e20413
02035bc
023e216
1c0f595
0299938
1f4809a
0161689
01f3322
1f75b30
1c221d2
015a9f7
0250630
1dbc5c7
00b4ed0
1db7e78
1ca2189
00d1d43
1e23a22
1ed2e79
1d7a4c5
014a42d
03fdb2a
1e3fb5e
1d88ae7
02baac9
01fe617
1f9b9ef
1e6ed28
00ea43c
032a5e8
1d57a4b
1d77f55
1e75888
0016eb0
1d2e805
02070c9
029f665
02a34ba
1cf243b
1d7a921
1ce3947
1c2740d
01300b4
025a5d0
1cabaf5
001ada5
1f9aa23
1ca76f5
0033251
1f28dce
001ecb3
1cc6057
1eaf008
1f5f7b4
1def326
03dbd28
1f200b7
1e0d7c7
1f7ae61
004352e
1dab534
1d30599
00adf26
1f1811f
0049f52
1e73d83
1c3010b
1f2e598
0150d95
03bbca7
1e7da94
1d5f890
1f4484d
03daaef
023d1de
01644d2
1c687e5
1c4c529
1defb6d
007b6db
018c1a4
01263de
1e80f7b
0358bee
01252d7
1f75630
010df80
1c6e4cb
1e25ac3
1e5fc1d
027de7f
1d5b9d5
1eb225e
006fe37
00cbd3b
1f8c193
1c77577
1e39505
1e7925b
0216d36
03734cc
0166515
0263cb5
03b3c71
0217b79
00c9454
1c77a2e
1f2af98
036a962
1f0d392
029c120
02b6aff
011859c
019d1ac
0301a6e
1efd336
1f5596a
1f8702a
000df46
1f43882
03bc29d
1d2941f
031b4a1
03ed59c
02ca43c
02cd3a1
1ce01d7
033e633
1e7b779
1c53e58
0313178
1f4b308
02c1dd8
1cc8342
00352ce
1ff9d91
0224bc0
03af513
1cd2941
1c90f60
01f9e51
0241a4f
1d940af
0100b82
0076d34
00df0cd
00ec0d1
1d37d17
006d8bf
1f58360
0334389
1f8df0e
1e2d256
1ccc1c7
1de92ac
1eeda14
1eaa109
1d4e34d
1dbbe29
1db54e3
02371ca
0250f43
02d241c
1d34e00
1fc4e57
1e273cc
00c9a08
1ec5590
1c1ab82
1caf22b
012718e
00235f2
1f02d64
1f9f595
020d562
027a04e
0302c36
03c5aed
1eb27e0
1ccdd9d
1e3ac4b
1deb66c
03ec89b
0394444
1c10e2d
03af88f
1c94904
1ecbfee
008d961
1e107f7
01dffe9
01d5141
1f73325
006ec7c
00970a0
0047b02
1db1a78
1f05b81
1c0cf03
03c7420
1c688eb
01c7e30
03c98c4
005162e
02f5f53
1f110bd
1f85a19
1d3a54e
1db2b3d
1ef5e27
1c9f9e3
03dad15
1ff7113
1f920d6
1d87f35
00b4bc3
1cca6cd
0309ac2
1f54bab
003a870
02234be
1c0a107
1d34c2c
1cf93c5
03b4362
0332c5c
01a109b
1ea5baf
01955f8
1d30b73
01b6c34
1dffcdc
1fb548e
1ded0bc
1ddc394
02b5607
01cc69a
1e10eb8
0309619
01b07a3
0025cd3
02412a5
1d23966
1f3512e
03c72f4
1c5831c
0049d0a
1d6833e
01e5090
1f87386
1d120df
031ac1c
00896c3
03ab5a2
0274300
0231b1d
005dd12
1ca4ee5
1c1a789
1db242c
033c711
1fef8b2
021ee27
1f1e6bb
0258441
02f2cc3
1f5fa20
00458ee
0391526
019b2b2
03f8357
1e3e884
1d5ff13
1dbaeab
02f1917
01bdbde
031c5bc
031b13c
1d3dd6c
1f826ac
1e6d771
1e591c3
1ef2949
1fda63d
1f5c76e
039ddab
1e67bb1
00832d3
0271cf2
1ea23b6
03c26ae
0286e06
1c46650
02dc4c9
1f06602
1c6389a
0017d07
017a8d2
1c7ce7f
03d00b8
1c03514
0176af1
01f5fdb
1e3c163
1e159ae
1c19fb3
02a02ba
1d3be58
0182a4b
1ef048e
1fe5f15
03a30d0
0123af5
1fbf3b3
0381f1a
02cb3d9
1c09906
03a2e2b
1d6451a
00dbd74
1fca2f4
1dc80b0
01f4c5e
1edabda
1fe2f38
01b87df
1fe0d85
032e657
00b4c3e
030bc20
03e3daf
1e8e145
1cc649a
1e23f51
005be1c
02466c1
01d0f08
010d680
016a2ef
0154264
01eb114
022a595
00d1458
0219052
1cb8471
0215705
00a1188
017f2f1
030d9f8
1d9b7cf
01d2f15
1ce5979
031ca84
02cfc9e
00c92f5
01caf88
1c37b3f
1e67e04
1fa626a
1fd42c6
02089ff
0352469
003fb11
1c55a31
00c553f
01fe61d
0262b4f
1ce11d8
018399a
1f99991
02a6e8b
1cb97f4
00c4df2
1f15e63
1f977e4
023b77f
1e3d71f
1cbbb8e
1ff8f50
1fa7ade
1efa9e2
1cf26c0
1eeac8c
1da696b
031369e
1f7efca
1cd0461
016e171
1f554d5
1f71924
0029690
02f539c
1c619ea
02481fd
1e9efe8
1d112ed
1fadc9e
1e6fe1b
1ce54b9
0138706
1c29411
1cbdbef
1d1197e
1e1ff03
01bbf94
02442ac
1cacd4f
015910e
1df2be1
1e7180f
1cef1b8
00ab379
0361754
1dfcc39
01c5f81
1c262c5
1f1a857
1c3ccdd
011355f
027251a
1ccc080
1d6eb10
025c479
1edea45
01e1c47
0279318
0205ec6
01d62e2
0117c99
1cc4288
0006a43
01bc2ee
026e32a
1ca40e9
005a51f
1eaba20
00ab054
1c10d8e
00c0cad
1c64462
1cd4420
1db1f4b
1feaac9
0093ed3
1d8e4ba
01bff2c
0218fd6
1c1210a
1c09b91
1f7192f
0155719
1e8d866
035a9da
0190fc3
1ca74c4
1fd69ac
005e544
01e7c1b
03f7dbd
00ea6e5
1ded235
02fa49c
1d77dc5
1f56bb1
1d0597b
031b84e
1df0e27
1efb200
1e01f4a
03593ce
1e22766
03414d1
02bd49b
006faf8
1c671eb
02d1ae3
00715db
013cec0
008c270
0395e5c
0270a2b
032c91a
1cc9fad
1fd05fb
1ed058b
1fd0f05
0251319
022b1b9
006d017
1ef0e87
03a5d4f
02d3b28
016c847
03bd792
1e2da16
0170ca7
1ce85fa
007a2d8
1c22fdd
1d98d92
01d49c7
03bff10
1de25b5
1f3d383
0138c5c
01d4e72
01610ee
1d27b70
1c0ee44
1dd54cc
1df573e
1d0fd40
1ea1f03
0380172
1e39c0e
1ce2007
1f5af65
0008ff7
1fa350e
1fd67b2
1d4b1c4
1d22498
02cf934
0252c1f
01ca2a4
1c69419
03e9bf1
0131924
1f7a2f4
1c64664
00a958c
00b5be5
1c1ba60
038cb7f
1dc0958
1e9c8ae
014dd52
1fb88ba
02f7864
0301844
1ede3bf
1e34bfd
1c4056d
03a1fff
01fabdc
0261950
028d997
1f1dec9
02dc331
1f635c6
1fe8c62
03ea129
021fc67
1c74ba1
037ac04
1f60afb
03dae31
1df3eed
1c4ccd8
012fcc2
01c9b1e
1cfbc5e
01a015d
1f23d13
1eccd3a
1e95d1a
1c920eb
0204a0e
1d65ac3
021e11e
1c0ed62
029c4de
00c58f6
1d099a1
1c4172d
1fcd6ef
1c977ce
1ebd9f1
00631b5
010392c
1e90741
01c3dd0
00a5eb0
0031d84
02576c4
0058807
0398ecc
014c860
03daeb3
1c933bf
1d4834e
1d6a647
1d4a17e
0218272
00efd4e
02a5a19
01739fd
02b3e99
03c70eb
03cb039
02ebba8
028725e
1ce3af2
1d3dee9
0058a4b
00fc1bc
019176e
032da4a
1ec7b79
1cc899a
1fd7ecf
1f78a01
1fa2691
1d0fb82
0056276
0115f4a
03e81f9
02503ed
1d56ba9
01c26a5
1c6a791
01521b4
03cf7b9
1f5f260
1f23465
01917a2
1cec10b
0140d55
1d4c8b3
012c439
00ebc1b
1c758ad
03cceda
1f062e0
022f57e
1c28166
0188c91
1c3fe5d
027f487
0394596
1c6b9da
1d31e42
01bc703
1da3f68
03efb81
00faf03
1f68f87
0055e1b
1f175f9
01ef92e
1c95a15
00069a7
02c4929
1c9c3bb
1df2e03
1f290f1
1d120f6
1fe92c5
1fa75e7
018aae3
1e8f778
0299d41
0324814
02b40f7
1f95f26
015dcdb
1eb6ca4
00d6a2b
1fcc498
1c4adb8
1d69d36
1cea696
02aeb71
006b5b7
1da3166
0382f07
1f1dcb2
1ca55ae
1e3266f
0154096
1cdbc18
1ed70f2
1edf78e
024a965
015039e
1ed1443
1fdc3d9
0235462
00e0521
0115c98
0194bd0
1df27d1
1ca09fc
00c15a4
1d7df2d
1fff584
017587e
1dad13b
1cb84a4
02e63e1
0217e4c
00b5ead
1d68938
1e75d1a
0356635
1c2e34a
1c596fa
013e39e
01c246f
1ce578e
0219ec0
1c42354
1f50ea4
02da798
01181b4
1cb97b7
005266e
02bafb6
003b304
01daaa7
036c01e
1dd1e40
1e17b04
1e13e39
1fef1f6
02f8549
0077252
01f8177
0390a0a
024b15c
035f628
1eff45c
1f836e4
014bd63
03b4dc1
025a460
1f5bdcb
1d36c94
035ee5e
1ee07c8
1f50de3
1c6d9bc
00f1d50
012039d
1ffa985
01848b1
1f7b468
1e9d308
1e85d5b
1e68dbc
0286d12
02b1d71
1e0087c
1c5078d
1c87f20
023d640
1c011c5
1f4725c
1ec333a
026a125
0394870
0129eaa
1df7ac2
022618c
1f4bb42
1c61093
1f8a834
03d2bc9
1d573a6
03e9bdb
1d26c25
01a57d3
1d27a42
001b59e
0083eee
1f3f4a9
1e69d09
0166e24
1c69618
006b75f
1e0d4a5
0337422
1f0d628
1c7b38f
02bd29d
1e32b42
025c904
003741c
1e835fc
1e7eae6
00d82a8
03e452f
0218505
1f65d19
1f1224b
1dbc49d
1e166c3
0068a4e
008e024
1d18f9d
1df7fa2
1fe7bcf
0359d72
0109619
016d0fb
02dd234
0275eb5
1c8c7df
1ff20b0
1ca068a
0142573
1f8ed03
1ed924b
0280e67
1f8f679
1fbdf2f
03128a7
00980a9
1f88555
009e91f
03a9bf2
016b299
1eb4816
0067afc
1c40b91
1d9d3b6
03144b5
1d6bfcb
0010be5
032da8f
1fa5cb6
0166022
1f306c5
00db9db
009cdf8
014a419
1e650fc
00d058a
1d63b81
032f00d
1f59bb4
006e2f5
1daf798
1e31034
0165972
004d959
1dd115f
039a0a9
02681f8
1e70e30
1e3b817
0379143
028584c
1cb52ab
01a7fe2
03eb130
01c703e
01c5246
1cde2c1
033d65f
0393a93
019e672
1fa1a52
00be7c4
011502e
03368aa
03083b5
01f6410
03b2b6f
1cde2db
1d50586
00d48d7
039b5ca
1f5e993
1dfdfdd
1f4d4f9
1fea418
1c4913a
007562d
1e6873a
007f97b
02d8f8b
02ae2bb
1fbe49a
1e118d5
000400f
1f2d28b
013f3f3
1ff85a1
1cbda0c
03e4f1d
0164518
1fd96aa
02b4bc9
017c5cb
1e494ac
1d58d63
00db93f
1d901d7
02879e1
1c1b24f
1fe4012
00bb823
003140b
002c299
1e12b97
02785d3
01af695
0068ea2
00d6c13
010b448
1eb4b3d
03503fb
1c212a7
1efd906
0380284
1d9f163
1d04f85
1c2362b
1d5f560
01687f1
006a54f
1ea1f82
1da5df7
1e237e7
0056f61
0278366
00f0aed
1e87445
1dbfb4b
1cbce5f
0045217
01b8347
03cbe09
1d7f808
0029011
1fcfdbc
1ecf2c1
03fc8c2
1fbff5d
1d04844
02f8ec4
001adbf
038c325
1d2d3b3
1ec664b
00f4e4b
02b295b
1e76d63
1c47338
1ed8d06
00864cd
1f8fad2
1c433ea
012fb43
0030d08
0041f71
1c1820a
1e40d9b
01e499b
01e2ac2
02b9ee1
1f1169d
1cd5e1d
03cb610
0396fe8
1e17157
01b5348
1e6bf93
1f9b709
01f0a65
1db6a57
01cefd4
006fcdc
1dd1161
026fe14
01e0719
02d58f0
038616a
02e8c90
032b0cf
1f63e7d
1ff6aa3
026cd86
1c1806b
01fb996
1e5c454
02396c9
1dafd74
03ecf78
0333d55
1dbb28f
1ca46e6
1f3c65e
02fe046
014893f
030d996
00b6aaf
03554f2
1e4ab74
02578b1
1cf3119
0089eaf
039141a
1f983fe
00d3f40
0009f08
1e02e74
039b873
023ede4
01f8b9b
00acf10
022cef6
1d48b68
1f5ffe2
00b1771
1eb243e
006d622
03954b3
1d57249
0237f25
1cd9e40
01c4f65
1d670e6
1e863d3
1d1bbe6
036d668
1c5463c
1eebaf8
1d3f43d
0342b8d
02a7237
0373cc1
02990b2
1d5985d
02e3030
030a2ab
02d6e26
1f2fb43
1cb31bf
1fcd5ac
1fa2f0c
1ffac76
01d673d
0381ee6
1f86ee5
1d456ef
00e6cde
01536b9
011c1ce
1d7e842
1dfb211
02fe32e
00095e9
00d1291
1f1aa29
007fb47
1d41403
004bbaa
00f16d9
1f61802
00f7f9f
0002274
018fa72
1db8149
1c7c17f
00e23a2
03eefe8
1dd21de
1e6d189
019dd2f
03dc899
02d09f2
016ef5b
1d48254
002a5eb
1de9914
00deb8f
1f6c06b
027bf65
1d0b0a2
1ffb30a
1ccdcb7
1dd5f17
03d63d4
0241e8b
1dbf662
1fe457d
1c72a8c
0359d21
1c9a818
1c17c1b
0203a7e
1e0d3f6
1c99cda
03343e4
1fcda83
1fc1c09
1fdc6e7
1f78f35
00cb6fe
1f3abf7
1e80f4f
1f137f2
1db4f67
01256af
028cb2a
1e367b2
1e6d1b5
1cff59b
1ef5b86
1defc00
016d5ec
1de0161
024ce5e
1ff4d11
010d045
00ff047
1ee4956
02b579a
0308e4b
1c9dfc2
010a442
1f09eab
1cb3e89
035889c
01af75a
1f00e87
1e3b0e7
1f4f0a1
1c2f1b8
1c9d6f9
1ca6301
1c1f10f
0043859
1c9d345
1c027e6
0287275
02d285e
02812a1
1fcf4e2
00087ed
0060dbc
01b9583
001e186
1c8c847
00ba91d
1fe92f2
1e9c368
1fe4680
1c7ec48
1f5a67e
1ff147d
0306235
1c03e0c
1e7261f
007bf3c
1c70fca
1d38700
022bbba
1eb811f
00acea9
1e95e1e
00a8d02
03a1e9e
1fcdb74
1e4da8a
02865b6
1e328ea
0097352
0311d05
02c47b9
01701d0
004a536
1dc9c14
1d57a29
1f04e6c
1ea33eb
0398b23
00adef0
02478ce
0195044
01d3414
0120e30
1ecd826
023454f
1d062e7
1c9cbf6
0111527
1c83bce
0185a03
1dc9bcb
01d12db
1e36c36
014eb69
0339724
1df52fb
01c41f3
03504ec
03b1ebb
03d49df
1cf2057
0270661
022e123
1f58dec
0075f44
027b4d1
1cd366e
001942b
02dad9e
1c640dd
033e598
03e3b40
1e7d021
03a81de
02e90d4
1cbee39
0390f19
1c92393
03e1756
0167de6
0349b7a
1e613d9
1e63d53
1de3608
02c0f6c
01bab44
1c629ad
0142191
1ffdfb7
1c5320e
009e95b
1f54602
1fc19e7
020f592
1ee3f60
1e0fbf7
01bbcd0
0354d20
004bd7c
029531d
01c02fe
036dd9e
0367dd1
1e1c2d2
013e113
1def9bd
00fe813
1d4419c
1f6fb62
1eba860
1cadd79
00c49fe
1ee1523
1f83aac
1de4b7f
1daa389
1cc5e00
00a223c
1d81399
0354bbb
004ae4f
1fac631
1d823d5
00a4cd5
0158149
1daf4d5
00ea8df
1c9fde8
1febf43
1e58366
1dda355
033251b
1f81e16
0110312
1daf35a
014bd3a
023506d
1f1d784
019438a
00d9a7f
1f59ae2
1d2f05b
1f270ca
1d4f1be
00838e4
1d423e0
03292d7
01e9aac
1d963fc
00facc2
03f5372
1c9c4e0
03b3146
1fcdd82
1d5aef0
1eec4e8
1ee8b72
03a32fd
1e75a96
01f30c6
0243e1b
1fdb69c
014564b
1e745b9
01efdca
1c0ffd2
1d85075
034b285
000d3e6
1e72abd
01c71f5
1ed9c0f
1f1f8f2
03cbbe6
1e8e461
01305ca
1e7f88e
0217bcf
0039733
1f896ce
1df32fc
1d215e1
1e12c2e
1fb5a0e
1c99d54
03feb67
003a940
038a260
0091203
1eaec81
0149071
1c39864
1d9d2a3
03648dd
1f3874d
1c929cb
1f84fba
0038494
1e9268c
0273d70
0226c35
010452b
01e2ade
1fd81d1
0086ef0
00a3b63
1ee62f9
03fe1bf
1f364db
00f3574
02d0363
1f6a7be
0229527
0089fd2
1e240eb
1f1ac0b
1ddcf09
01a9728
02c2c12
01c4f60
031628c
0049bd7
03c3e67
1f671cc
1e0fd8c
1eb2905
024ec78
025a067
1dcd028
02a9bb7
029fbe4
1c37d16
1ca68f0
1d3287c
1e12079
035cc44
021ca80
1c834bd
003a379
0245858
1f20e18
1c9012a
0206212
1f357e8
002942f
03ee057
002cd22
1f7c7df
1d91d5f
1c11c3b
1dd3dff
0129e7d
1f26096
02ba3dd
1fb2aff
017062b
1da4bf1
1f13da5
00ba15e
00428e7
1db8f79
1dd1ffc
0316f3a
1f6b903
1d89eb9
1c7f86d
002afb4
02f2175
1f09291
1e0f49a
1c7e087
1e9baca
01f28c0
1c75224
1c95d06
03c08e9
1e9ce7c
037337c
03dc0a6
03d296e
1e01146
1c526a5
029ff04
1e9673e
1c4f047
1f7f817
02549de
0052bbb
0127873
1c1ab85
020b12f
03800af
01b0154
1c0296b
1d0d3a6
1c498aa
012ce9a
1f64169
012bf86
1c55da4
1cd5787
1d95b9f
03a580a
016ae5d
1d43553
1ee7404
1f7a98f
0044b2e
1f90fe3
02bbeee
019fdf3
1c3411e
01a8d78
0120343
1e5af59
1dca3f2
013fc6e
1dd24b1
006b17d
034ec29
1d0acfc
1fb0b8d
00469a2
0038e04
1ea90f1
1ea6d49
1ecc0f6
1f63850
1ce34fc
02a6574
0375fae
1ec7460
1e5ba65
1c6b3e7
1ff3aed
1c37b1b
011b374
1ccf91f
0186f6f
02b9663
02911f0
1cfba2a
03f1346
0064459
00ff1da
030bbc8
0166717
02a76ef
01d4f05
019340f
0118dcb
1c8854b
00a2f40
01cc350
03d8ba6
1d90915
1f9b955
008ddaa
1db186a
00c3296
030074d
1ffb53a
1d0da57
1f3ada1
1cb0bd3
1de0c88
1f80c9c
1cd6cda
012bbe8
032e849
1c5dc34
02169b0
1f91d5a
1ff54db
01496d5
1e0e86b
00ebb74
00ba1c4
01876c7
1cc965d
033f040
1d7b0dd
008f73f
036e95a
1d9b3cd
01abb24
003d10c
1cc7067
0165443
1f6c31b
00a3e1b
1d8478b
1e8021f
01f4cf6
00d6f68
1f51e61
03c2574
1e64326
03847f8
1d43652
1c857e7
0330c55
006d9b4
1fe797e
1f4376e
000a16b
032a6cb
03e2065
1fb634d
0147a85
1e424fe
01d6a57
1f28243
1dd6cbd
1db0560
03fb97c
0381b63
1cd9d17
1d45081
1e23571
02cc0d5
01dda76
019206f
000bdeb
00fc6f9
1f14107
014c6be
1c38c34
1c64a8b
01c3ef7
0363956
1cc0e6d
1e7d4ee
1e8eb6e
1e4a2d7
01971f4
1de9602
1df0eea
1f95b64
1d7f756
016cecc
02c138e
1cbc34f
1ee1488
1d41363
1ffb389
0212ff8
1dacaad
1c69001
1e94f14
1fb2572
0356ada
1e551e6
02f2372
00c1375
1c30c80
1c28d37
0260428
1d54624
1d343ba
1ca68c0
1dc3403
1c2b090
036835d
02931aa
1f22ca3
1e4cffd
1e5d4fd
1c6f447
0382b35
02db48f
1c17b05
1ed3c97
028b625
0041d68
01b682f
00e635f
1fa835a
1cd2806
007194c
1cdb3da
031a4aa
1ea7199
1eb9180
1fd90d1
029d4bd
006d15f
1f4d062
1db19f1
00bc0a3
03343b4
1cbae4a
0035aca
008286e
1f8969e
1ee2349
03e9313
1fa0449
02cf658
1d04e6a
0277953
0352646
1facc16
1ef75cc
1c73ad9
1fcada7
02753c4
000c6af
1c69896
0243d19
1efba5f
1cca450
1cbded0
02b6dab
1f1c5b8
1c4ee22
01d6eee
1cf9641
1d2a547
1e0d904
0082ffe
1edd0fe
02d1408
0358fe2
1dff27f
001d1ae
1c52798
1db4527
1e4bb9c
1fbf365
02ae1ed
002e12b
034a111
02751b0
1e489dc
1f086b4
1dae91a
1e7b9c7
1c212ac
1d9b4ab
1f64387
1fa548b
0092ee9
1e701c5
023dbe5
1cc6c24
1f81bbd
01c1b30
1e7cc1b
003f0c1
03cd50e
01c3d75
018cb19
1db52e8
1eacf23
003d201
1f9f6f1
00dbb84
1faa0f5
1fc216d
1c3394c
02bbcb6
005c4b0
1fd389d
1d85069
02d0f43
1d53559
1d545a6
00142fb
0345b0d
0311cdb
1cf9d2d
1f7a47d
1e29687
1cc8f2c
01fb2c3
1d618c9
1eb9bb0
02ff504
1fadd76
1c020e3
0382cdb
021f344
00bc2fd
1f59d47
1e91220
01642a9
01d602b
1f5a760
1c0ea57
1efb198
1f0e131
038c0a7
1f39204
1d7a869
02ef464
1e18dfe
1e8ace9
1ed1edb
013a59a
1c8d7b1
0331efc
0300ebd
1fa0299
1cc8bbe
1e6a322
0291c21
1ecc2ae
033c692
1ed574a
1fbc7b7
1dd08f3
027c817
1c6a449
1c305d5
1d247fc
1decbf5
1f0408f
1c4e6c6
01d1335
1caf391
1f8b781
1fa5c54
1e1478d
1e67f50
0070934
003bb4c
008c12c
1efece5
1ee9560
0076ef8
1cf9c7e
1f4a14b
1f1ed4b
00a2948
1f15c9b
01d0dc1
01526e0
1e85fc5
1eb3f90
1d21875
1fa0189
0273190
00b2742
1c4011f
002e545
03a933e
0011e5a
1ed93eb
1d9fed0
00cc180
0169276
1ddde80
1f8ef74
1cb3d34
0088622
02c5d22
1df960a
0367093
00f5b5d
1e14cf2
02e46fd
1fbe9ae
1e45a75
1e1aa74
013011c
1d0d901
1e2121a
1ee646f
1dd9a59
1e8c100
02b5b8a
1f9572b
1dbd9b9
02aa7ae
1ca5c6d
1e1b541
0031029
0326b2c
0104219
01c3aaf
020814c
1e7d3e9
1fa5433
00e3cd7
1f24fc0
02e35ac
02cd8c3
010412d
030bf43
1e273d5
1f312c7
1c3c008
02635df
00feba8
1cacd99
1f2bc1e
1e3b39b
00d7a02
1c0874f
03a6ae9
1d90f6b
02999c3
1ff5d30
03026f9
1d2719c
034f41e
1c97b19
1c81cbd
1fddc43
01744e4
00ba709
02dac02
02df898
038c75f
010a42e
02e2716
1eb9f1e
02122c6
1c59358
1cdbf71
1c4608e
00e633b
1c0b628
0136e72
1d13a78
1cec990
00005c0
01ba309
032fa1d
03686af
1e2ba7e
00152ed
023f0e1
01dfd5e
1ebc6e9
1e5f271
03cd547
0270c44
1fd814c
0054887
1e29823
1f0a045
00db2bc
007f8ec
01d3314
1d15532
1d8673d
1cea0af
1d35a41
0331a06
03c5fd8
1d245cd
1dddd27
02e53f0
02973fa
1e26af0
1fd35cf
1fe7d8a
032000a
1fdeb72
002cc32
1e0d5ef
1d4fa97
1d478bd
1ed911d
01a508f
1c8ed8a
1f6ce13
1dda890
1d3da0c
014942c
1df99e8
1e13e84
1e8f6dc
1ee71d5
1d16d6a
0090eb9
1e1297b
1f9d28d
1d1e882
1c44c17
1f019c5
1dc56c0
017485b
1d20729
02e20f8
02edda0
01fdbc2
1e01a79
1db3cd8
1cf4547
1fbd67c
1d33a79
1ead36b
1cb333f
0238e9d
0076b33
1f4de55
00f24c0
1c2b69d
0272487
1d99d62
1fdb0ce
1ec284a
011c761
03f7fd7
1c65530
1f1a505
03b87a3
010a054
1d8962d
003e336
01f7d19
1fdad31
00fc995
029bf1d
02beef0
00993f2
1de0a1d
1e4d78a
017c013
02ad058
1fe7f26
037dd21
1c7f77c
02033e9
1eb62b1
1c202a8
1d4b254
0185508
1d27b62
02a01e2
1c4457f
033f0c0
1fffc3e
1d972a7
03d6bde
0231546
1d0090d
1d14fca
02d3d1a
01ea1bd
1ed9558
1ecfad2
1f49a36
1e3a3d3
1d99f97
03e58f7
03dc3cc
1d35b07
1f92490
1c37343
1d5fb8f
033ba70
1f6c9aa
1d171f3
001a941
02b705b
000164a
02aa2c2
1dbb658
1ec8ed5
01c9cc2
019ad37
1f06016
1d18f0c
00e5bdd
1ff634c
025c0d0
1f945fe
0317e17
02e4b43
017cda0
1d83d48
1cf1db7
032afa0
1fd7514
00834de
038652b
1c816ac
037e7fd
1dff68c
1e4932f
1d2bc4d
1d5a458
03d2de6
1f5a091
1f34285
1de347c
0228873
0293111
1d887ae
03fac90
1f95895
0093b14
1dd3dab
03d5207
1f5bb0f
00508a6
025ad0f
025f818
007153f
1f8a530
000babb
1e47b9f
1d99881
000d8b2
028a81a
1dc6f14
01aed3e
1f38a32
02e366c
03ecfca
1e324b1
02a6d5b
022e3a2
1e84256
1cb148c
1cc4755
1c3dd6d
1ef31f0
03118c5
0308a35
1f48d3b
01d552c
001cf0b
1cf38df
1cd3ad9
01a46fe
1f78394
1c5b682
1f292ce
039132f
015f861
1fc2077
1ee6275
0344ead
008fff3
015b8e8
0260791
1e51ba7
1f22bd5
1ca6723
01e64a2
020cf66
031007f
0095d14
1db4818
1ff59c9
036f96b
01ee317
010ed16
0034eba
1f39780
1fda59f
1cd7238
03c8a85
0257f82
1cbd79f
03f3801
1c7fb24
1e22477
0293ad7
02e869e
004df80
1feff48
01f31ac
03dce0e
0141054
1e82c06
0051cb5
02dc094
0231528
02e1f54
1f066d0
1ee14bd
1e44c36
03b2fe9
030f538
1e0199d
022c425
003dd9b
1ce2013
01d80bd
1f7c6d8
0371054
02e1abe
1f127a0
0308e32
0098fd5
020782e
003ee1c
1e21df2
02a6856
008e8df
00af0b6
021e2a0
1e68681
03bb622
03e5d31
1c0dafe
1c55f60
1c258c9
01cbd30
00b8d8e
1d989d6
1fae394
1e8dd9c
0149222
02cdfd7
1eb57cf
00e0895
034c5b3
0060745
1fb2a28
1f5a06c
00bb2f1
1fb7695
1ddc190
1d6c6f6
1c5c243
031b923
00b560c
02e833d
1d93cc5
1ec3fd0
1f09bb0
1dcc84d
00014d6
1d12221
03bc45e
1e5e6a4
03a017d
0009651
1e9f994
1db66a6
1f38f36
1ed2161
03756ac
0069195
026b835
1d56566
1c32349
002f623
1de87a2
017ed5b
0312e0a
0376a8e
1dae611
1f521f7
031747c
1d999cb
1f13ef8
01e03db
1fa84a5
0038da3
01d5636
00b4eac
1d61b8f
022f760
0055fe8
00fb742
1ec0666
1f9b57c
03fc547
02f7cf3
00fcf07
1f40ac6
02c1801
1f0ab3a
01a2916
01ae08b
1eed5a7
005ae0a
01de058
02023df
1f61dad
1f890f0
1fd4867
015145e
1f31fa0
1f7dbac
1d9c809
01b7a2c
0060fb8
00cd2e0
1ffbc36
03e0c1f
1ec2e86
1fb56f1
03e0144
1d4299a
1f2638e
1d07971
01eae4a
0030e3f
1c7298d
1f712c3
0124b8a
02788a6
1e21eed
0167696
1f84c0e
00d2a7a
1e138ed
037d95d
009de13
0181835
1fdb313
1ddb406
0322a4e
1fb8702
1cb5536
1ea7292
1c4d055
028cae6
007779b
1d9a4a5
036bc03
0399502
1c89ec1
1f79595
1d33d94
006335d
1dcfce9
1cc7f9e
1cdc2a0
1dbacc3
1f1a13c
1c7d730
1e94123
1fbf4f1
02b7a47
1e564eb
0235981
1f8448c
1d0b90f
1e1fd37
023403a
1e3695c
1c58400
1e49bf7
01820f3
011d062
1c6337f
1d60055
03827ff
038f7ba
1f81722
00d68ca
023e8f4
037384a
00c402a
0022f71
02e73d7
1db908a
020ed7b
1c3cd5f
00accae
1f1f9ba
1c050fb
01613c2
1ed7f00
037b866
1d78df0
1c74b2a
1ef0664
1d23f29
038501e
03d562d
1cbef1e
030ea43
00c8291
01f2a70
039c2ee
1f60e65
01c32bc
1d35e7c
1d90b7b
1e2a529
1ff44e7
0041999
02a2a1e
1c5bd14
1c028b2
1f6e160
1d79805
1d09324
1dfac96
01bf19a
03c68bf
1fd6d2f
1f8c893
003a34c
1edc73b
1fe68e9
0270e42
1e2491f
027eed0
1c72ea5
03cd92f
0235548
013bbba
1fb02d3
1ceee0a
0344f7e
01abf26
1f60c65
1e26b04
02a5d6d
1c6464d
037348a
1d6cfe5
1d9006d
1fcb0d6
1e6e83a
1cca4ab
1dd8987
1e3ff56
1f64e56
1f0e878
1c257aa
1c73515
0200df0
1db0e37
02450f7
1d2e74d
1e1ab53
1c21f85
1ea8678
1f1a125
02d2527
03fa1ca
1e49080
00fbf0b
010444e
00005d6
0040998
1dad0f0
0096f84
1d57532
01fe7a0
1ece553
1f11141
1c81c04
00e07d6
003d2ff
018f59f
00540e0
1e266c9
02f9d93
01bf929
0127062
1e795c2
01dbefe
03bed6b
02fb69a
1f983ac
1e3ff37
005b888
1f86381
02d8801
1d98c97
01262a4
1d33ce3
1c106c0
1f3d9c7
1ff7650
1f84fdd
1ce5c96
03c079c
000dc37
02f844c
03fd221
1f55c74
1e7495a
00fb512
1f34f24
02bca9b
1e21933
1e3d04a
1e9b51f
1d2b2a3
00b7330
0016bb7
0116d30
1c2cd3f
026d9c4
1c3712a
0032e94
0185fcf
0147d72
02cb54f
1d658e9
019d81f
034e068
01094c8
01c1150
1f05865
1d32c94
1f77657
006c618
1d5e767
034acee
1f4d28a
1c0fcff
1f92617
026878a
02fce01
019d0a5
018f0d9
1f1744a
03d6e0b
1c61bed
1e07595
03ba539
1d7303e
0150773
034e382
027b832
01d5f93
02de731
1f305b8
1c57f52
1e23703
1ca8423
0297b7e
1cd5b8a
1d9bc2d
1e7037d
031fd13
1db1aec
0220940
1ff8aca
01aecf9
004b0a5
1d42f4d
1e18bee
1f24f8f
009cb5c
1c0304e
00a7b3a
1c27305
1e1d5ac
1f94470
024d993
1e4adaf
1e28adc
03977c6
01aa2d7
0312506
1cde88d
1d90e72
031a224
011fdd6
1d650a9
026b5b5
1eca223
01d3dc4
1c4e349
0247f4c
1f5adb5
1ea20ba
01c1300
00bcdd9
006d0f4
1f8096d
0268930
0030d35
1e80e72
010567d
02b7e9f
029d4e7
00f1081
03b9a3e
034da31
01d8da2
022fc2d
1c03a9b
1e0f641
1e4199a
1fff641
02254ba
1d407fe
038f0b2
1c6b574
1c05983
1f3b6ac
1f74ca6
011078b
02b8a9e
1fb9f49
1eb79ec
1cb2af1
1c97601
00e32fc
1e64310
1f3da0f
03cc90e
1df8d39
1e3dc16
1d29d9c
1c7e4ba
024f280
03e943a
1ee0a05
1d273f2
1c2d977
02b1ed3
1e4b119
00705de
0066b0b
1ebe1d1
1eef1a0
0397027
1d49e63
1f10f29
1c12827
1c7a9c3
1c915be
0387c47
039e10e
1c8354a
0340210
1da3f8a
1ecf21b
1f17488
1f91dd4
0213625
1f92421
1d1d21d
1ce7e74
1c45d52
1c3300c
024d582
0391b1c
019acee
01aea39
1e71774
03ea743
017cc5e
1f7d0e9
1cb3e89
01c471c
00718f9
1f6cc67
008a367
01c13ed
03bcdb5
02ec172
1db080a
1faa8fe
02d0baa
01f1fe4
1f51463
1fab94d
0245235
1e7b831
02bea76
00124a5
1e86d5c
1c04ae5
026109d
1c9483d
01c9792
1dd8361
1ecaac8
1f17536
002477a
031fbf5
1d4375c
1e0c437
02a6a87
1fdd286
0292d42
1d857db
0257477
017fcbe
01c08c3
1f4bb43
1fdc36d
1e67e64
1e0a6a1
0353f03
1d779f1
0253875
004baf1
1e9ebf1
01087e3
1ca46ed
1e84192
01c65ed
0144e14
0394190
1f9c274
1c4a068
1de824c
02b5f8a
02cde02
0056a1b
022ea80
1f655ee
1d87412
034498c
0036af4
1ff7434
1e33bb7
01e556b
1c308a9
1f0bc4c
1f75a72
1d05c3e
1c5a519
03b888d
1f09c15
1e21dfc
1cc5ba3
0224d3b
1c62a09
03e5447
0317f98
0147997
1cefa14
002214c
03cbf3f
1fb61e8
1dee7fb
01fce2f
03913c4
012224e
00569cb
03c8e51
01f8a4c
005a677
1eb79eb
0079901
1cbd7b4
1c27a76
1cc5de8
01b8085
1f89e15
03b1c68
02b092b
024b2bf
1d67ef6
1d36ff6
00d4bda
1d015b4
03cbd81
0247d5a
1fdda61
03aa138
1d52d88
0238e2d
00e171b
1e4d653
1dd7620
019e665
1c4984d
0346e5d
0145319
1ea94a2
01279ed
02855ec
02693e3
012b7de
011a860
028ed02
1ff467f
0205ef7
1e4e9fb
1c5882c
03d5937
1de78e8
1ed5427
1d76881
1cdac1d
1e47f62
022a562
01cf9c7
0073234
03b0472
0334e76
1e9932d
005720f
030b5a9
1caeea8
1e22f05
0145747
1d9ab9b
1f4ddc2
1f1d8f7
1c6049b
1d9c2b7
1d684c2
0130b20
1e19a4e
1c0847e
1eca31c
01b0f0d
015f8cc
02d00c0
02e0b54
1e6377b
1f6b1f4
0030573
031a869
1d0da9d
02e0f41
036700d
1d02e40
1e3d1b3
1fc91a0
1ef6243
029010c
1c5bbce
02ad8aa
02e8579
025e67c
01fb8fd
0021d57
1f459d9
1d8115e
1e13b7e
1dcb71d
02a3826
1c0e4bd
1db4536
01da91e
0014a6f
1c59fd3
1e9d7b4
1fee50e
03ee1fb
1c155ed
1f7c67a
1c0911a
013fa78
1fb38dd
0045b1b
028cbb5
0228cfa
1c3d92f
039ec1a
02b7b4b
012fb90
03aeff8
014947d
01e1c93
0076a97
1e5c7c8
016ded3
1c50643
1d11129
01d01a2
1ebe70f
0214347
1c200c6
1ce3b2d
1d628d2
1fa34ce
03cf615
1dee91e
01c1630
1fdf138
00688f8
01c264b
1d1b92d
1f2e696
1db16bf
004798a
02d1a48
007d56f
1d85753
00c30a6
1dc0a86
030e1b3
1ce14ea
1d5491c
1ec27d3
0305529
03e3894
1d212b2
02574e0
0066f71
1e69043
1e4722c
1db9f5c
0258ef8
1c4b57f
00137ca
1f1706d
01afe2b
03997ed
1c36d14
1cbd467
008b1cf
03460ca
0144220
1cb3bff
02301c7
1ddf1bb
01896ee
1e823eb
02e4500
1f3c99f
1e8b480
1e936b5
1d605c1
1fb18db
1efa24c
1cfb698
0220052
015a5e8
03cd82b
1d1b092
1d8c0fa
1e7a4f6
02c8e46
1ecf73c
1d1b78d
1f5ff48
025eb26
02e89d2
0005ff1
00f0263
1c1952e
03ca4dc
00dcf20
1c9727f
015f3ec
1c2d1ba
1e42b1b
001f44f
022dd82
00e4b39
1f9dde2
1c81217
0135740
1d3b0c0
1d0c06f
1f10343
1f99e74
1fa575f
1c04176
003c360
1de2b89
1c62ef2
0150ed9
1d842d0
1f48703
0158b04
1d6939b
1c049a8
1f0e682
1c192c4
1f72a8f
1ed7a04
01f5de1
01783db
1d5e455
1e73560
0248a6a
1c90134
1e8a33a
00b5e1b
1d9f547
0191dfb
0343923
035125c
1e3f92c
0030da5
02c3c7c
1da66a0
0115446
1f90db5
008d4a8
02bcea2
1de3897
0375621
0377737
02e222d
1e6d571
1d3068e
1c878d3
03feebf
009fe5f
1f530a2
1feb5ab
1f92d89
03a709e
1dd6804
1e792f3
006ebe2
0079176
02efb03
00b4dd7
0143b8f
0034510
1e4c8dd
00bf6b1
0190bbd
1db865b
025d4aa
0367ba2
033126d
0295800
1f945b2
016a346
1cd28b0
1f3ad7b
1c6c467
03bece4
02693f3
1cb4936
1e76345
1c2db3a
1e4685e
0183f97
1e1c2cf
1e80269
1ead6a0
1cc3f3c
1fc6b78
008fcdd
1ee11fb
1d9f983
002d72d
01f6f6d
1ed3e2c
012ec0b
01146f2
1eea71a
1e3dfeb
03651ef
01d1c5d
03d51c3
02df88a
1ecd919
028e4b1
1c1b448
1f79114
1d09756
1cfe599
03f8858
03e82b9
1f83929
011a56b
1c8c2d8
1c171dc
0124926
01b10d7
02930ef
0186aaf
0057106
1f8f534
1cee6c1
004333f
0307766
027bcfb
004d2f1
016b0ca
019d6c3
1ff479e
0110f93
1f6879b
1d210d1
1ede4a7
0013a19
02cd40a
1f5e6dd
1ffdb76
1f38918
1e744db
1ee719c
1c7d737
014e486
1e685d5
1c63f8d
02d2c40
1f00bc9
03637ee
1da9e66
011a0b5
1d2dd1f
034f3eb
02167e7
020920b
1dbb395
01714c9
02b5a4b
03a0f69
006b752
1c87c5f
1e2a8a2
01fdaef
03c2f30
0055c9f
1c29b5a
1cdfb64
019c6a7
1d1ee01
0290d26
1cce784
002468a
01d673d
1ce4613
1c4798e
037a084
0138234
1c91325
1c258bc
1fe4fa7
00c52ca
002e439
1e915f8
03163cd
02225af
1c98930
01585c6
00eb1d3
1d93566
013b720
1fd3d9f
1d88f4c
1f345e1
1eacaf7
1cfa6f6
1faae1d
1e066ec
01d0e5f
1d5eab3
014b876
0306e58
1e88086
03fe541
1f10d8f
0309145
00349f8
02a0e54
1dbe521
1e3f5b3
035e497
1df3379
004a052
1d7f45b
007b426
0289836
02d6017
1f83913
1f79939
036a2b9
1c43412
00de813
1f1785a
03aa321
02dc7f4
1d1d42a
1cfb263
009d8dd
1dfc5c2
02c0dd9
023d9c5
01f41f5
1cd22e2
1c4f34e
0004b56
1d15200
1f94454
002a979
0343a56
1ff35bc
1ecbbab
1d284d7
1d60848
1fb2b01
006facb
0262036
01a6558
029334b
1cc357f
1d799db
03387ec
015d084
0341f37
1dbe8b1
02ca0ce
0105901
00aa050
0372de6
0258da2
1ea2d08
01b0ce3
1f9c7fb
0027db6
0385df7
1c16381
1d3bcb9
1d788df
1cda66e
1e9c8bf
1f54892
0313593
1d9259c
022f5de
03d713e
1d12505
1d7b880
01a2d7a
1f1470c
1d8b93c
1cc4a9e
025e20f
1ed1134
0342158
0324feb
1eac4c4
1fcb68e
1e3760c
1f2c9da
1e8f971
03a6798
00438a6
027c323
00b5764
0093296
1ef7dfa
00dcb82
1d28f21
035b2db
00be22a
013f06f
00d6e2a
1e192d5
00c56c2
02d48d5
1f86558
00b2069
1f01a20
1c26c38
020ff58
1d2da61
1f31d77
015157a
1c93bf4
1fbc212
01f06af
1f1aee0
1f29a2e
022561c
1f1326f
00a81aa
0061f5f
1ff7ac6
1caf0e4
0290459
1ca002a
1d910bd
1f24c82
1d62728
03212e1
1dd4a12
018ddbb
1feed16
012d73e
0092be5
1d375c3
1c78034
1ee9e57
01c4586
1efee3c
0100376
021916a
0296e62
020ddbf
1ea2588
1facc9b
02657e5
1f44e4d
1fa54fd
01dc4d2
0162c3d
1e2d941
03dc6b6
1d2b061
0000288
1de7cfa
0344356
0168f40
1d22519
1d423b0
1ff8434
1dc77a5
1c66578
1e091ab
1d6ee1b
022758d
00713fd
1e94274
1e0043b
01e8430
1e0f11c
00ebe42
0080520
1d958a5
1e45611
1e2ecdc
1fb4778
02001f4
1f51174
01129d8
1cff533
015388d
034f7c7
1eaf164
1cb91d1
1f8ef15
1d61000
0025653
1c1f186
1c41a1d
02503c6
01d71fa
01c82bd
009f234
01b88d6
1ee300d
01934f5
1fa38e6
027ce0a
006b498
1f61e5a
1df345d
1fd7e79
1ea1908
1f680e1
1d20c8d
01d46ac
00baa4d
0207730
1e8b78b
1e635fd
1f22f72
1daf645
01a1170
03c67ef
1c9f20f
1e8fc8a
1ddf9a4
1fc1e5c
00b4b07
02a6cbd
0141e75
00ba36b
01a8e04
0291144
1d3fe83
002c688
03f8af8
1ec1293
1de4e98
1f943ce
03b8c50
034893a
01fe72c
1d8cac6
01cf473
02cad65
02bea51
0211c76
006ae0e
1efcb07
1c25486
0200708
0235efe
021777b
1e12e46
0209918
1cd5ba3
1e65430
1d0edd4
1c79658
028a345
03b68de
00b7371
1f77818
1f76d50
1f09b84
1e73b0e
1f1c612
1e71c37
1e92cda
0282d8b
01c73b8
020a59a
1efbe45
021075f
001980d
02d9c9a
020dc5e
1df5758
1c92242
004ff0f
01beb97
0109dad
1ec4a79
1fc9f0d
0241983
012e1c0
02973a6
017bfe2
1e7cee3
007dd51
01dd2b5
033240d
1ea01cc
03a2b54
0006691
1d90057
02acb5c
1dce89d
02b22e7
1f3a608
007c8ac
1def96e
024632d
03d1742
036faa4
03ebb11
00eeca6
1ff1019
1c67223
010371d
1cd8309
01214ec
1cd5b78
00485c5
036f1c5
007a3ab
1dcaff9
1e58c9e
0004f8e
1f78e6f
03531f9
0265a8b
1cc8502
1d51d38
002fe66
1efa4ca
0113ffd
00c04d1
0327847
031339e
1f39a04
1de47c9
1d5ee00
01e266a
0001c1e
032c805
0290afe
1c13a0b
0206079
0088520
0308ab4
03ff60c
0354c2f
1cdd379
1d94f1e
1c0a447
1f55bf5
02f2c40
02d2b9f
1ecb08d
027bb01
1c66dd7
1e59273
031f6ce
1caf2bb
0299fa9
001cda1
1d0f477
0113e6c
1dac927
1ed2d23
0275f27
1e91fe8
00e9744
1de7288
03c3cce
01e313d
1d1e160
0182be8
1fd593d
028df79
01f39cb
1ddd5fd
030b2ce
1dcffea
019ecdd
1ed4907
021869d
0167c7e
01fbf80
03df580
01cc677
025fa0b
1c49bce
1d6c500
1df2a6a
001f2db
03b9283
1ea7ddf
1d542e2
00a9bc2
1eedde0
00316d2
028e3fe
1c8b69d
1d950af
02afb2f
1ece920
03de9f6
0041c01
02148bb
1c6a763
1eb7908
009ea28
1f0306f
01f7cea
1d55238
1f984e3
1cea20b
1c922b9
013d7aa
002e00b
1f4b30d
1ff59e1
1c5f2ee
00dd681
0241a3f
1ea3dcf
1ce206a
1c8feda
01ff531
01d8da0
015cd99
034c6cf
1ec1da7
1cc9054
0210a9b
0357aaf
024865f
005c386
1e0c7b2
1f9c579
0244238
01865fa
009f6e6
1f13cfe
03afce2
1dc0ebb
1dcff4f
1f1cfcb
02dbbce
1deae5b
00157e2
1fb0c3e
035e427
1ec218e
1fc1206
1e00bab
001ec10
038febc
02769ba
1c43cc9
1f3c6d0
1f98660
1e2671a
1de667b
00fd942
02c7db5
00d8123
1e1d6d1
00aa084
03918d2
1f1c5d2
03864b4
01c3d40
1d4cee1
01d29f9
1eedfa3
1eab96e
00849a2
1d3892b
0107950
0116155
1d284f0
1dfa518
02d608a
01810cd
023ddf4
00f99b4
1e2176c
03a88e5
1c52293
1d8657a
1c81367
1cf0992
1f015e5
00a8102
03ac319
00f2682
1caa984
0100479
013d734
1cd65e0
1cc9314
1fdd0b2
1e82c36
00cab00
017aace
1cead58
0275504
00b301d
1d2ed25
038b7b8
00c6c5c
0291d7a
1dea55f
1f38f36
0201f47
1da7c9f
1c6cfba
1d26c0d
039eaae
1f6c66d
1f025a5
1cf2ade
030c2c9
1ef0a9f
02f23ab
1fd20ce
02ba97f
029d158
0177671
1e7bc3e
009c9ff
019976b
0384cfb
001f46f
02429f3
1c8eccf
0139023
1c352b2
03f26c5
1e5e13f
1e89ec7
035a3bb
0055ebf
039bb39
025568b
1c226f1
02b4e74
01649e5
0132c60
1f60537
1fae524
1ccd1ee
1e66e24
1c2fd21
0072db3
1c3ba16
1fec049
00dc93e
1c52527
03c60b4
1ecf587
03e316f
01a6980
01bee2c
1d2b64b
01fd50d
1ebc8a7
1f45950
1cbd6aa
1fb47ad
025397c
0250938
1e42283
1dee86f
02529a7
1dac528
1faf10d
00c8c38
1e0e10c
1dbbb02
1c88c23
1f725fd
0298eb5
0188a99
02bc90c
023a551
1dac428
1c0a5e0
0025699
1e33e52
1d162b5
1ea68ad
1c9d828
1ef6fc5
03ce557
02ef49c
0059d6d
1ff1700
1c43a85
1c08cb9
0271a1d
1e8cccb
01c12dc
1da00f3
036ff80
1f23b1d
00a695b
1ca7118
022cd4e
0183e83
02fd2fd
02ce723
00d4954
01965c0
1d35835
01b6fda
0141037
1db30ca
02d25d9
018729f
1c4419f
1dd6457
1c88ffe
01ba089
1c11702
1f4532f
0080680
1f01411
1eb93cc
01ff354
0384023
032a992
02f1f64
1e3b2bf
1c40f01
0380c7c
0102234
1cad7a5
01225c5
0054c4d
004699e
1d95644
034701a
1f1f226
01fc405
003019f
030965b
1fe72ab
02790e2
1f76b5a
1dcc2fe
1edab56
00aa4b4
1d67cf6
1ef41c2
00261a1
024e09b
0178714
00e259d
1eaa2c4
02826b0
002ea59
024aff0
03587c4
00cea57
00bac8c
1fc75e0
1f4a873
0078054
00a4a57
01aee02
027426c
01a0490
030fc78
1ce4084
02452e8
1e2793e
0197cc3
034480e
1da5613
1eceb32
1f83f2b
0129a4a
1df9068
018cffb
0082b9d
00ec49e
02f09f2
03ee302
03383a8
1dcf4a7
01c577c
03a8eec
010b877
1d5dd09
011f3e0
00bd978
1feb9b8
1e6be16
0164f3b
03b71a3
02eb7c0
02cd9db
1d72ecc
1ed7b1a
1ea392a
1d6cc22
01b6568
1dff1ee
036b89b
02af31c
1d3caab
016accb
1c2f9a4
00a644b
0196cc2
1ff2c9a
1f5b30c
1dbacf0
01a541d
1ec90ed
03661d1
1dcd3e4
1d4c0d4
03435f0
006b13a
1db567e
02b0d59
0341dea
1f0df92
1c13cee
01f4bc7
1f4cb7d
00cd7d6
1d479fb
1da96d5
0211a4d
0300686
1e483f4
0060145
1d43991
00a2025
00ddd6d
1c7ae01
0362d20
1c7091e
011e758
0082e0b
0389968
0373085
1d4fcf6
02eb840
02ffde4
1edaeab
1f79280
0018dbc
037aa98
00b385e
1cf473b
1cdc508
1fbe14c
01076bd
00ba657
003417a
02bf1f5
1d08390
1e04921
1d9763c
03c05f3
1c00368
008a799
011d2ca
01c3eb4
00e6d47
1ff0ebc
1e10562
033f497
0303c0d
1c94367
038adca
0122359
0243ef8
0397500
0193e03
1dbc3e5
1d2b76b
027017b
1cc8184
1f0fff1
1db7584
0370273
1d2bb19
1ec7ce4
1d1cab7
029ff4b
1fa15c5
1f0d0e8
1ca432d
1cc8d9f
1d588e7
1e9e63e
1cf4bec
1e48a98
034c0e4
1e413a4
01b27ad
015b788
0031aab
1e83330
1ef0015
032aada
1df2400
1d7b390
1eb0247
1e7a20b
03930e1
0004e8f
1e741f7
0042177
002eb4f
1d92db5
0050ab7
0272407
1f7903c
032cc48
1d70f90
1eccbc8
1c7bcf2
012cfd3
001a6ad
0165e75
00ec924
035e21c
02605e3
1eb7e98
03791df
1f5e971
03cf55d
1d2d937
034eb07
012e9a9
1e1da61
03cef2c
1f550db
1ec36e3
01a4ea2
1f22181
02a7bd4
024b5aa
1fb40d4
1db4971
1ef08ca
02e4391
01da603
0144758
0352c8a
01fc12d
1f70623
0293ade
01abf70
000466b
0076a78
1c3dfcd
008e481
0002862
03362e7
002f0a9
00464e1
1efd7e9
1d0a444
02f398b
033ec0a
0050d3e
1dfa122
1c082a2
027fc5e
004d971
0029606
0393eb5
020fc8d
03dae1d
037d287
1f2e0cc
1d2f208
00dedd2
02280c6
03789ff
1ee6f99
02a95f6
025e44f
007a061
034c231
1c2d04d
1e0f269
1eb2999
1e8e345
1d5e74f
00c1e28
0378a80
1fa6290
1f06b16
02e20dd
007375e
0242225
01931e4
0273063
1d91060
1ec30ad
034ef88
03595dc
1c78e67
0113a0c
1edf894
1f08ac0
1db6ee2
1c7416f
1ff8a9c
1ed8f89
1d80bd1
1e3236a
0044033
1d7f908
1f7f4fa
03cc0e0
1d6bab2
1f4433a
0106969
0093d72
0064414
03baf95
1ebd1bd
1fa2dcb
1f548f7
012c8a4
0042453
00bf39c
1d35f81
1ed864f
02f232c
03b206d
1f1c814
0389f32
019f06f
027e6df
01729e1
1e46b92
01eb19a
1d490d1
1dcd02d
1f28707
038a784
004b5ac
1faeaf5
1e90885
1e8dd3b
023b1af
1d5b446
1caec74
0104e99
1c617e0
1fd23be
1d79d85
1c92ad3
1c6e333
1c6bc35
1c38d91
031d27a
034d80c
02fe0f5
012550a
015fcd1
1f008b1
1c42c7e
0231ef9
02ac60f
1cbb157
00bb2b6
1d8e4c1
01b0b0f
1d8ddfa
1f80a42
00e49fc
018c47e
1cb71ee
1cff78a
012201c
0091591
1e7bf22
1d9176a
1e4f66c
1d5f46b
1cf2a93
1fe42ba
027db92
008a3e6
1de6993
030a5a8
1e48889
015094d
039051d
03587c1
025f7f4
1c6362f
01f9065
1f2e392
02a5973
037764f
0299a95
028cdd7
02b92ff
00ad918
1f5be1e
1cbd4dd
02c28ce
1ded1a2
0166dae
1e1ea3f
018357f
1e72237
1ca6d27
03d60dd
1fb61e3
1ebed90
0185db9
0030970
0021008
1f7ddd5
1fa11d6
1fe303d
1ef4a7b
1f631a5
1f51ca1
0034fb3
1d295ad
01cb2a4
1f0dd68
0374324
03ae587
1ca4261
0229bf9
00f98e1
1d881f9
1cb092d
01b7567
02132f8
03362ca
1e623ec
1c2a058
0227cea
01f6925
1e35a9a
00e8f65
02976f0
00f53d0
1f72fc1
1fe790a
00ee3d6
02f751b
1edf35f
1fa6e44
1e5ea87
00d7c93
1c5b0c3
038b4c4
1c0be01
1ce61d9
1c4a795
1eb9539
1d7eac8
1fd081f
03eb633
00e5f65
03143a8
1c41e5d
0268f9a
00e6b4b
1f71353
0195630
1da5bee
01272df
02e206e
01e203e
02b90c3
1d8678b
0087bd5
014fea6
1ccb554
01f162b
1d23bcc
1c73320
0171e94
1d874eb
01ec1d3
016be29
1e2b2fa
03b1137
03545ea
015eb58
1fd855b
0188348
1f8e765
1f3c74c
1cf44b4
03d250c
1f22bb5
00bf3f1
1d8f4fe
03f58cb
01b1caf
022c95a
1c635e9
1cb694a
1fbb1be
1cf15aa
005887b
1d29a8c
033050b
1f40e77
1c72355
1e6f6b7
1f630b3
0251b43
1c3e007
1f13034
1da0a9a
0096e38
03dde21
1e7dc0e
1d7184e
1c3a5f1
1cd6631
015a43e
1edf7cb
1eb9fb2
00772fe
00263a0
0082fbe
1d8e71f
01a5fa2
0157cde
1d447c4
019d57a
1ec3fb5
035aa8a
01a81a3
00547fc
031d0c4
1c78c8b
03caf4b
0097967
1c03e5e
02e4b2e
00569f4
03233fe
02ab184
0014ce7
1eb9097
00e0138
1e721aa
1ce7e7b
012f0e4
1fda440
1e4095c
01b9dcc
1e98a24
02c986b
1f6bbad
008acea
1f21a41
1f77ce3
1cf66a4
00bea7c
02ec794
0146094
1f9ae2c
1c4fb1d
0044e13
0237a23
03dbcb0
01ce7af
1f30c7c
0114336
1dd8aa5
1f2a189
1c9e8ac
0180960
015a449
1f53d2b
1db8052
03f9368
1dbfc1a
1f34a0c
1c9f15b
1fda622
02c775a
1cfbfe8
1df795d
1da651d
023ab3b
1c1040e
1d2c359
1cbd205
1e75d7e
1c789e5
01ae3f0
01ec8c9
1cdcf28
032a2bb
1f59336
1e4ba96
036e838
1d48328
007a344
0359a86
0398646
017e2ec
01873f4
1d9860c
1d159e7
01429a7
1eb4126
1c3b5e6
1cf9462
01d9d28
1d2b264
0049b15
0193d0f
1d9e224
010ca11
036e08e
03487d2
01334a8
00ee659
01c0b6f
01b9885
1e0ec0f
0102c4a
010a70f
01ea1fb
0360a7a
0355b67
1cddabe
1e7ce4f
03ea1e7
1cabf13
0342dcd
1c726f2
1da4e2c
0168940
01c7d2d
1df32f6
0225882
1e27f78
1e967a5
02809a5
1d49cf8
1ee11f9
029d74b
003354d
00e9d09
0133f27
00e6c41
022a86b
001ee17
1ee5ab3
1ece052
1eddb56
01666de
1f5afac
1e591bc
1e77c1a
1d49fb8
00021f4
0060998
00ca41c
00b8daa
007e783
1eb4e75
1f6387a
1db33ed
1c12dda
006c0d3
1f06d5e
1c2dbd0
1d40e51
0158425
1fcc469
1f8f522
1e0758e
02aca6f
03dc0aa
1e05ccb
00d8172
0391199
1fa9e4e
1ec2ddc
0363def
000f7cf
1f04212
1da99e0
00a089d
1e28942
03e3cad
1dafc6d
1c3900d
01427f2
026d255
1e3679b
1d94ea8
1f80148
037e494
1fdfb5f
1e5c1f9
1fa8ac9
024f5e9
026b921
0255489
01eabd0
035bd1a
00166d1
1f6cf8a
1ced1ce
024823e
03f8dd6
1c333e9
1ec7916
1e6d36a
1e07a2b
1e6d1f9
008983f
01a3223
038528a
00e31aa
1d6dd0e
1d59366
00ae21d
03d1dc6
1e7326d
00ae620
03b7014
03a57ce
1f0d214
1d82e52
0044d25
01424f9
1d101b1
1f0b35a
1dd148f
1e3fe8e
1e82e11
02e9722
028f5d4
1ec6aae
1e9da2a
1c3b666
1ecd711
036c15e
0359e39
0012d8b
00828a8
03a7002
1e24f89
1e679a3
1e888d5
1d29ab6
039b105
0233b1a
1e7b11f
00d2540
03f9f17
037f146
1ee1b2c
038875f
0005648
011537a
01c638c
1e22fd4
1fd2c9e
0305ad6
0122aba
02eaebf
1ecc810
1ca5499
1fc7ac3
1c1d486
033a66d
00f88be
1e9b444
1cd38af
1c40440
024a167
1c15f31
1dec6d3
1c50b1d
1f0e6f2
011f021
1d2dec9
03c90c1
013101f
1f77567
02db67b
1f67a1d
03822d1
1dbf6fb
1e6ae3b
1f9cc47
01f4da5
0090b1a
036e251
0318486
0359f5b
004c951
1d0153a
038812c
01ecfe6
0215fd2
011452a
00b75f6
01b8c7a
1da926d
02e7368
1fd2bd0
01f550d
1cced03
1cb5677
1c7f23a
02d3f79
02197c3
1f22be6
002d239
03a3f87
1ed39d9
00c5672
1e5c8f1
02e53cf
026f3f1
0107e9d
018fb6b
1fd38cd
02ae210
03352c8
1ea8fa1
0062bde
1d73297
02de46b
1c20d75
1d63bb6
030d243
030f0a9
1c9e992
1cfc8cc
0070c5b
03e9dac
1e86a13
1c60221
1f85f5b
01e3920
1cf3d65
1c2ebfd
006bd8c
0058171
1e1170b
1ecfed1
1f39155
1f7cedb
1c4cbf4
1c3978c
03e9238
1d067ea
1d781a5
02aeaf5
1c49fd9
0207d7c
1c5da79
0023b03
001b530
02f88eb
034629a
1c5b750
03bda93
01423e4
00a32a6
035015a
0302b13
025cff5
1fc0e6d
1d37bbe
020f3eb
009cdcd
0326c3a
00fe5ac
0143c15
1f6ce34
1ee0a7e
1e2a068
0344a2b
1d90241
1e08933
0340ce3
005afec
1f2642e
1e83750
03162c7
1c6a73b
1c1752b
1e55b7e
01160c9
01a4395
1c51325
013db57
1ee1b8b
1df82ac
00db131
016ca92
1f9bff4
038350e
03753b1
004171d
002c39d
018d9ab
1f96814
1e1f84f
01e0a2f
02fe81d
1e908bf
002df49
1e78231
03d5a90
1d73102
02e5da3
1d00c45
03b5fa0
00b59bc
1c41d1e
1f7dd52
1e8c07b
1eee382
1f6e76f
01d4110
1c46048
00407d7
1ea0d38
1eaea8a
1d54d04
1fe4afe
1c94f9e
02034b6
1c2ecac
0345ee2
1e66ce9
011542d
1cea7a1
013e72c
1e665c1
03bc446
1da40db
002382c
03a1c9a
1dce534
02b6428
01b00af
1d0cf25
0114692
1cc3a2f
02d9150
1d7aa32
009e70b
00b69b1
1de8102
021ee13
1d146ca
1ea3b73
1d5a42c
0109fcf
017873a
1cd6221
1c017e5
02ef57a
00ba89e
1dce0d3
023ca63
1c524c8
0287f29
1d99924
1de7a13
1dbb7e5
1eaf3e0
1f39d13
1e7ab20
1df970e
0192638
1f1fc50
007ec35
1e74cd0
01acfce
1cdbdc6
0319bed
1e79ca8
02e9366
03e70ec
1faea1c
0352c76
0173270
010efd7
1f48ef2
03bf849
1f4a165
016f27c
01a2d90
1d966e5
01de56e
03e013f
01f70bd
1d393f7
01860a0
000a8bf
017ea71
0321371
1fcfcfd
03be900
018c0f3
1d44097
020ff55
0071662
1f291dd
1eb5e76
1d93a0c
033a083
1e4e8e4
0006c6f
00bbf81
1f3f9d8
1f52956
1c00317
0307864
1c99b68
0074b48
0361480
019a4bb
02f923e
01904b9
1e7bdae
1d57b2d
0359552
03a2405
01dc6af
1d071c1
1e266d2
1fdcd15
1d705aa
1f24569
03fc47a
00c1ce0
1d1e9eb
1d5f671
034102f
039d903
0201ec8
1c400e1
1fbe003
03ca71b
1fca7e3
1d5f6ad
1ebbd9a
1f66e66
1d9c363
01ef4ec
1dc4c5a
1e3edd1
0346e00
1ddaa30
1e56109
0146830
0063662
038dcca
01e0347
1fbb266
01d550e
0293172
030cced
1d85216
1ed8041
012c96d
1fdf97f
1e65806
035f9e8
1dce477
018221f
0084a9c
1cbf0d2
0103cf4
0309175
0318e58
1f8761d
1d33211
018649b
1d0ab0a
1e9c004
1e00d35
1c49f2a
1dde7d5
02d3c5c
1c7418d
005b17b
02cb201
03e40d2
1e967b8
016a33e
1d9ba42
1eba04f
1eaceab
1f930df
1f075b7
03d5afc
0279ddc
1ef92c6
1ebf9eb
02739c6
003e7e4
1f34c9e
1e5fe1a
036f86e
0377914
03aa705
0090e39
1d302a8
000c89d
01ad1f1
1c233b2
1dce059
1fbd7d7
038cad9
009ba4d
0358c7d
0287734
1e10e7d
0065826
03b51c2
1eb25ac
006bfa1
1dd0a94
0055cf1
031910a
1db7395
017378d
03df408
03602bc
1cb6ff6
01f1c45
017d1e2
1df5962
030a42c
1fd181e
1dafe9e
03256ff
031c5ab
1c24e3d
1fa8548
1fe36d9
0318bcd
02e0fd8
005ae64
038218a
1c17240
0134010
1e1f4b9
00ba510
02e4aa7
1d46da8
1de132b
00cc737
1e746d2
007618e
1f8f566
017137a
1c23234
1c8d2ca
1e48836
1ccd963
02cd024
1d140a9
01d8b07
1d4be6d
0154eb1
02df268
1c45771
020e977
1e6fde7
1c88b1b
0103662
1e18ab1
1dd91da
03ac797
00d5029
027c0fd
02f0dd0
02c3239
02df044
1dd3f70
025a3b1
1df7121
03ffbde
1c0f617
1ef8a36
001be99
1e52c94
1c4cef7
1e46ca5
1c1efcb
0381d6a
03040ad
01132f3
02363a0
1c78d2c
1c8527d
00d4946
1c0105f
1dd1059
03e77d6
03b964e
1de60e3
1c6cf81
1d9debd
1edbd64
1e686f2
1c87964
03b6096
00b277a
0173921
009d6b2
1eab73a
1e2763a
031467d
00143b3
0005706
02331fd
1edcf35
1e0aa24
031cca0
01b145d
1d0fe4b
1d28b43
00b0b1d
1f4b3e6
012b13a
0015d22
02834cb
031cbe9
00082b9
00d88fb
03be2ec
033a51f
00656c4
01a4ebb
1f28f14
039d036
1e80319
1fd9d5c
000abc7
1f59200
1c98021
1c60a3f
019b4af
03e5282
1f06db6
1fb65e0
03e8226
1ea741d
1ce7065
0273b41
1fd1e9c
039d026
002130c
009975f
1f71bea
1c2dfc2
008c3aa
1fcf5cc
002df0b
1df196d
1f348cb
1f4ce5e
007639e
1eb9187
1c4d471
1c10f29
027a77e
1d84707
1d13eed
0165f43
01d0dab
01eb97c
1fc5f70
1de803c
03c85a5
000d8eb
00f05aa
1ed2b82
014f939
1ee732e
0332449
00ec1cc
1f3dc89
00d7e96
1f67915
1c2b028
0227ec8
01f4b7d
1e969d8
035d587
1ff5340
1c8fab7
1f0181a
03d0665
1f046a4
1f108cb
03397e6
1d77c35
02c73e0
004d99c
1d28581
00383e3
1e9b27d
1cb5d12
02aea11
1f6eeb0
1ebc664
0157871
1cb839f
1e0bcab
1da2185
016b561
1c48c06
1fab418
00e3090
1ff41f3
1cdee15
1e6f3d0
1d62ae8
026d63a
1c4f748
1e454cf
1fd4ca2
03c44b4
1e4c869
1e70f07
1f4ac9b
1e397a6
027e564
1dbe777
028ac00
03bdc84
021b6db
00a8725
02c7d5f
1dea560
1f582e6
0315af4
1f4d06d
02b5f69
1dd3265
0090495
03cf80f
00a9a44
1d72205
037d4a8
1ee1d18
1fc5eaa
1fd6f4c
1eb21de
1fa27b0
1c5e83a
00dd819
03562c0
1c41d02
0026c50
1ee9855
1e21347
03d60db
02e6a8b
1d6c726
1e11c4f
0341c0e
1c7d47b
013e3e2
01af95c
03d6598
01ead94
022fa99
00b9177
00dd178
1db9f6b
1e9c776
1e66c86
02a1cc5
02a0707
1fdbe26
1c528d2
02ae425
1c6caa9
1f00cec
1da8b65
1d20797
1dcf13d
026faeb
1d22370
1d1d60d
020f776
1c5faf0
1ca665c
0288ec9
0059add
1dc2f97
0283933
02840fc
008bcd1
1d7c4ed
0230ef7
1c5ac2f
1cd07b5
009cabe
031e224
00327b7
01f636c
1cd19cd
1c22540
1fd5fe9
1c7cc27
0149a19
1e4c75e
1c11839
0264abf
1fb8d4e
0274a8c
029cbaf
1f6c549
03fee8b
1e6c859
1ee65a0
1d4dfa2
016e953
1ce896a
032108c
1fb0c58
03327c4
1d25a09
1cda603
02694b7
1feff0b
01721df
1e94c18
1d02493
0092050
1da64f2
011a7c5
1f15a18
0089ea7
0256d9a
1f6ce82
0190133
1c8398f
1c37a9e
1de4487
1f154f8
1da1426
1cbfc39
1c1084b
00d99dd
1eb37be
1f1c6d3
0066b3c
01a640b
1cbb428
1d95639
037e5d4
01e05fe
1f82253
0254832
012bdfd
03468e3
03b2e19
1dcb881
1dda0d1
00763cb
037064f
037351e
0203989
01561fd
036dca0
0315e83
03867a0
1e97897
03f79b8
022e5e6
011a656
1caf0ff
03e3292
1dda8c4
1c9723a
029b31e
1d57862
1ec3aed
0398e43
1cce413
1c32f50
1c69750
0041e3c
032adfd
1ff7a14
1e8f3f8
1f78629
1f76342
1d1460e
1f0cb7d
1d7c96d
0165f90
1de079b
1c3a055
0263bd0
1d98a8a
02d10d4
009e887
00294fc
03c7dc7
1f544f9
1e807cb
1f37844
1e403a0
1e9636e
1f9b68c
0280dae
01a6525
1ecf29b
1e8e8c3
03f0839
01fd294
02a2b5a
1fdc5ad
1d56611
1d88b26
02e6667
0300c42
1d7ce75
1e6e817
1ec9d08
1f73bda
1fa50e0
0190459
03cee20
1c3fc62
0212826
1fa0866
0023e28
003dc8e
02a73b8
1dac015
028371f
1e69c15
016f999
0241a43
023a71f
03c63a6
02284f9
1f10840
1cdf433
03b3b83
1fbfc54
03a6536
1cfe60b
01393c7
03e7342
029dd85
1cb91f5
02a5dc0
036cb42
025d0f1
00d481f
1d10e42
01e01ea
1f5e520
03cbf8a
019ad32
0128c63
1d9e138
1d373ec
03d653c
03182d0
0342073
1f5b571
00642cd
1e75fee
1eb3b68
1c8a6db
1d8164b
02abdda
00daed4
1c560e8
1cf4433
1d34c7e
1ecbea3
1f7ab79
1c2ef65
1f104f6
1f3215f
1dd34c5
00d019e
00a8683
0113964
1e499cf
1e3064e
1e9350f
1d5c9be
03292db
1e8b75a
1eec85f
01deacd
039805e
016f9b2
1c1f426
1c2b5ad
1fdc5f0
1cf887b
023670c
1eef7db
1c0645f
1ff945b
01b5636
1d5358a
02dbf5a
1da3061
1edb4a5
1fa851f
0010ebc
03cfc13
1f21d2b
0178438
00fee54
1fc27ae
0014ab2
0236c63
0001caf
02d9a3d
1dfa642
03d5b3c
01ab109
00159a1
1ef2e9d
1f37451
00b71b4
0283481
029d5de
021d899
1facf48
016a49a
1d926aa
0107aa5
001d48c
032ca20
1f8f09d
001efa5
02e8d49
03c5efc
00a6634
1edbc21
1f4783e
0295f9c
1caf3fb
00df6a8
1de46f2
1c37822
1cc5988
1f674b1
038c524
02db459
1df8942
036b4a0
1d34d10
01edf6f
1de5159
0229494
02c08d7
021e1b9
01a7edd
1e7bcee
1da3fe3
1f61f16
0129719
1f6f56c
1eceda7
000f824
1edf0f8
0026ec5
1d35998
1ed02a2
1d285b3
1c81ba4
1fcfa99
1eaac74
02eaea7
0363473
1fba07d
02ebf0f
1d7d46d
0206bdd
03c3468
1edcaae
1e4c85f
1d95be6
1f934b2
1fa0209
01ce120
1d5a3b9
1f49a96
1edcfd3
0089467
030f66a
1cce1fc
026928d
0367516
1f1a805
012d014
1ecfac7
008ebba
1e355c5
1e7e3d0
00e5d74
1c68899
02aa559
1f59c84
024d424
1f05d10
1c11c1b
0283659
1e685ed
1f03815
1fc8930
1de2414
0070927
1f42e6d
1c14833
0160ceb
01caedc
1dbf96a
03710e1
014b959
015feb8
1d0a9b5
02bff90
01cf09d
1e46dda
1edafe9
1c25cdd
1db7c78
1ef7da6
02c8eb8
002a91b
1cef858
035006e
1e79bd0
02d3d59
1c27687
1f602f1
1fd1b0d
000ec89
0056bd3
1d74de3
1f4e63d
1e463a0
019a513
0217821
1f65649
1c5419b
031b490
1d96453
1e0b8e6
013ba0a
01d2d20
02226e7
02fc6e8
1cc5355
0224e3c
1d7fac5
039f1dc
1e893a7
1de9c48
01787d3
1c6d32b
01104f1
1c2c371
1df6547
0190b74
0369bab
0352836
0268dc1
03a6c42
034b893
0100bda
02b4869
00a345e
1c5a112
0351908
01d4291
0231c96
1f4a2c7
1d1b1ca
1c62018
1fe4f30
1c19645
1f5e901
031a40c
1c9d6bb
1e978ae
1e82912
01f3347
02a6a73
1c73970
1f6bd8c
1fa2712
02b3e94
01b7fb7
1f9adfc
00959f9
1fab424
0342bee
0373694
0298542
1fe52d9
1d554f5
1cf4e28
03c279e
1edd3a7
1e24c56
0044ba6
1eb01ba
012eb87
1d6a496
1d3eb74
1c58b82
011d4fc
1c26341
1c4fe87
00c797a
013faaf
1f26de7
00264fe
1e37323
0274083
1d0f9b6
1e8b411
1eb6b03
1e6b624
00b240e
1fcd4e2
018054e
1ea41ec
1c0f608
0272846
1f53611
0280ec9
1f71b17
1d81be5
1da0a16
0106c6c
01ec2e7
03447ff
035d308
1ece36c
017aaa4
1ced1d5
1cdc1ae
1e0bb01
1c29f5b
018103a
016c55a
1c88c6e
1ca8a17
01998d2
1dcae3f
027288c
1c28c9f
02bae45
1c41316
0246a87
02ab72e
1fc8a0c
1fd8369
033ba07
03f3be9
1cae436
1c934c8
00df9d2
00dca9a
026ad13
1ca29e2
1da9a98
1d781b7
00b3c2f
0236be9
1fd4ba2
00d541c
0239dab
1cf7852
1f16924
01c1669
00d057b
029434a
1d9bc15
1f5d6c0
00101a5
010d3dc
00e4d0d
1c0e151
1c25400
1dca76d
1ce63ce
01a066c
1d64b65
1cffdbd
1e1d349
1e88baa
013d129
031b62d
1ee3b9f
0224794
03559c5
009f665
1d9da3a
02935fc
1fdf33f
0251dc0
1d5af15
0130cf3
1db507e
00a2983
0085bf8
1f99600
1caf9e8
1fb1bd4
1f1a9aa
023585e
0005660
1c8958a
033d0ec
1c4fd5c
1eeb1af
027acf9
035e405
1d26d88
1d8fd34
1e40676
1dad379
01d1ef0
1de1ff1
019ab6f
1d4b10c
00cd859
1dcbb11
1c730ec
1f9938b
1e9d542
1e9a0e2
00ff225
1e7e397
1d994d8
011c538
1e1fd3e
03f5339
1db8071
1d3ab41
024bb7e
01a59e4
017f6ae
019b24a
02d03ce
0203d6f
001ed02
1e9af9b
0275620
1eb8ebd
1d453f7
1e23738
1c69bc2
1f329de
03237f6
1c8ce72
015cc94
0157ccc
1dc0d49
1e89d0c
1f460f6
0002732
1fe1545
1f5cf61
1d6f5da
1c8ed26
1d8806f
1def400
01c2752
0045b9b
039c2cd
1f4e3e6
02aa66f
02f38c4
1ce2d05
03c597a
033d7b6
1d474b7
0130d52
0157c79
1e9ade2
02218fd
1e00c0e
1d692a8
02f95ad
1e7e82a
1f6d3ab
1d2b59a
0392ea3
024bd41
02bc9e5
02786d1
02a1b69
0281d09
0158602
026612b
000e38c
1e27abf
1e5e86c
1e34144
01409f6
1cdcd2e
00f59b5
1f19e23
1fe1009
02f8901
1f79009
02f93df
1c12a73
1d2e578
1ce7766
1d82ee8
02e1a1c
1d954d5
0134d93
1fcfb0f
1e9ccf7
02d59de
019856a
00830f9
00f304a
01b30af
03e6ed0
1dcbeb4
012ce4e
1e8d330
032b2a7
1f89ab5
021fa97
027fd7c
1f6a780
1c43cf9
01215cb
018297f
0163e4f
0028257
1e6f659
00f7270
1c1010a
006709e
0128d86
1cd94a6
1e45e15
0176412
0085af8
01214c4
021fc0b
1dcf43d
0321509
006d107
1c26c9e
00d1df3
1e02dd9
0071c9b
02ddf6b
013d667
1ea9240
1ef51c2
1e7669a
1ec0cdf
030d5d1
1ceaa7d
024d201
02de4d8
1f4935c
01062e2
1f69817
029d401
1f35b81
00fbc0c
1e1731a
0244093
1e3eb70
1fa531d
1dad648
1c1fc6b
1c4b4bf
1ff488d
1e4739f
015f0e3
03271ca
1fdeaf6
1c506d5
0000ab9
00d476e
00b0003
00e0f94
0288466
1cf1f23
0278a0e
1f2bff0
1f69edc
030040e
1c03470
02d7bac
013aaaf
1f4bc0e
1d0f33a
1c9d8c0
1c820db
1e5dd1e
1c8acd5
1e6d50c
026e749
1eb0feb
1df4f1d
02bf33a
1eea46b
1fd8e15
02ae5b9
1efbc0c
00d878a
1c2cca0
0100f81
1f9b459
1e9f0d7
023bd1f
0008a0c
033a6f2
018132e
1dd8617
1cd8aa2
1ca9038
03d4c39
02aef2c
1fa57d1
1e5e6f1
034d809
1fcae95
1e68bcf
1cbd7d3
0169345
0021019
01d9819
1d8baf2
03e392a
0066f7f
022fa08
1f9ba16
00c0c10
1ffad68
1c33caa
035f9e6
1de4d76
1f0354b
1dae1f7
1e210af
032960c
03da851
00c430d
00157f4
0320ae2
02372ce
1ed1d05
1d40f60
1d2f39c
1df797b
0303222
006c918
02f5c43
029f3a0
1eb1cc9
03bb3bf
00e7aec
03f4837
1dfa886
006c966
1e07d4b
03625f0
017151a
0246f83
0313f53
01a25ff
1d7acf8
03f007d
1daf93d
037c3f1
1d7b4f8
1f39028
1ca6680
0209d3c
00b239f
02afbed
1f443bb
03fd005
1f3b483
1cf7800
0232b95
1c2ae9b
1ce3253
020a239
1f720ea
02f2f22
0097ad6
00f9237
1d9e1a8
022ca7f
1d9f0b5
02fe8f8
02734aa
1c41f26
1cf5514
00f4745
1c4abc1
1d3fc34
1d87474
03ad508
1e39e08
027b1df
1d719d7
027db2d
1edc3ce
1f190c5
1e314f1
01922b7
1c70499
030446e
1c8e265
1cf48cd
0057401
1ca1758
1c42c51
1e0fa0a
02ca444
1d5caf5
0137ee0
02f1ff8
1ccdd9f
020266f
1dde7c7
00d06ff
02f81b4
1fad9ec
02dc76b
1e0b253
1e6e439
03b9c99
030d0e8
1e7d831
1df3121
00b9dea
1f79194
1dfe30d
02e72c2
03f6851
014a140
016242d
1c0f757
1deb2b8
1cfd5ed
1ecd61f
02682bd
01ae3e5
1ff0a3e
01bfae4
1f0781b
019ce10
0007088
1cdb21b
1c7bc9d
026a1c5
0332ca2
1e55d2d
1c55b30
1de8288
1fd26bb
1e3a973
1e9e550
1cb3c25
02a15a8
003f3bd
0197020
01dde71
1f3ba69
1e1c614
0055bfd
0363df7
1ff79bb
0211fea
00ab107
1df483b
03b2fd7
0290d96
00fa753
1ede7ab
1dec4b7
00ad638
03c4f86
00aabd7
029b741
1d328e5
004c91f
1efc93a
03cd212
01fd82c
1fe9601
0345a16
1c59c98
1da8a1e
1f1df0f
1f2f18d
021a1df
005895d
1d71f21
1dbd1e6
02413a8
02c6899
1f7414e
1ecc188
0386771
1fcc370
1fee861
1ca54b6
1cb7438
1fb8d82
00f902c
1f9ef5d
1d25ebe
1f92353
1c393a8
01d325b
1da43b0
1e684cf
1d9cf9b
1c016d9
1ed14d4
039c78f
02d8ace
01b0cb4
0121fa7
1d80f56
1e074ab
1cd52e9
017737c
002c1ef
1cc70c5
02459ac
01b6c9f
02b118c
014ca1a
0141998
1e3c303
1fd90c7
1cde6ed
023850c
03dbb7f
1d535cb
033712a
1c3b3e0
01b9809
1e63762
1fe63c0
1d7c716
1d964cf
1c4bab6
03f41e2
02dcc35
1f580d0
009f35a
0374dfe
1c18486
0153f8c
019e821
1c8f120
01a9b04
027424c
1ca4bfe
0066b8c
015a7e1
1fb24da
1dfb43d
0143c0d
1fb4bf6
00b2f1e
1eaec38
01baa71
1f8ad71
1dc52a5
1c667f8
1f67eb1
039efcc
1f86a70
1e82aa3
1c8cc3e
0030066
03d6814
1d83da2
1d3404b
1c1574d
1d8cd60
1d77c5d
0216f10
1e41727
03a0730
1cf8aca
02c42cc
025a561
1f1e31a
02aca22
020ffb4
0204f33
036fd1d
0397ab3
034a210
00f4ba2
1c437b7
0206886
1eeaade
00441c8
1ead19c
1dd0e11
02fe56f
1ff21b7
018a9f5
1c6715c
0261bf7
1c17df5
0294a3b
0014eea
1c7f144
02cdfad
1eb7446
1e674c2
1f6b97a
00409a4
03e478a
0086eea
1c00076
1f063e2
015d593
00b4b1a
1f6b005
1cadd04
02c72a4
010c697
1d4650e
1f547db
00eb762
002692b
00d8046
1db08eb
00ac993
1df6502
03a55a1
1f56875
1dffe27
1c21db6
028767c
01dc93d
00d1e6c
1f86fde
01fcc50
1f333d1
1ed4f6c
1e0e635
1db5189
1f616d8
03394c1
03dfe91
038e4cf
018b205
1f727ae
1c92400
1f19624
1c71788
00d494f
00a5272
1ee685d
1da9569
02de0ab
034434f
1c898e9
0323423
1d27053
0323484
1d634c8
0375455
0112903
038faab
01f3447
000d2cc
004c341
00072ad
01d0424
00ebeeb
0034f9c
1d6bd6c
1f62538
1cee43b
1ed1e6f
03d9f00
1fe88b1
1cf5308
1f62e61
0164db6
038f5a1
02af5fc
018dc14
02815f1
1ea98bd
1c14bfc
1f79d1e
1ed48c4
02c7415
1d2d066
1c72ecb
1f433c1
1d6ad75
1e2fb3e
1e5a2f1
014bd05
038eca8
003dd79
03689e7
1df36d9
00e008e
1fba5ef
1e4c227
1f58316
1f3ceff
018a66c
01250cc
01c3751
007569f
03e8e77
1ff983d
1d26a1b
1e46149
00a3c99
02deb29
1e20e29
1e5d41d
1f27987
1f4f20c
1f371f7
1f29c4b
0220046
0238299
1dd7172
1dbc4e2
1e86d15
1d9d26c
03ffda9
1cedfbf
0179999
034fc73
1fbc6ed
010074d
1ea3938
0009773
1fa9fc8
0056527
030c051
1faee02
00cd35b
1cb819b
01343b1
1d67e03
03bb7bb
01ab0a7
0266b7a
1f057e8
00c9987
03a82a1
0359cb4
0394d0c
02d34fa
1f7d97a
1e94a83
1d115d5
1c880cd
1c19ad1
01f799c
02ca385
1c9e875
1c8e233
0347f9b
1faadc9
1fc7038
1c080fa
1c5eb24
0242860
03869b0
1ec3ff1
1e5db55
0169a48
1f34020
0307efc
1fd86bd
1fa4174
1d6da14
1d7db65
00a9efb
1e0808d
0042929
0000797
023ac83
0239601
1d924fc
0389913
1c0f4bc
03a5baf
01019c5
00c5948
03c30bf
1d733ef
1ce2dc9
1c6d3c1
01c7931
1dff6a4
1debdc4
1c56850
00ea39d
0151d47
038d385
1cfb76e
1df5e51
1c8a7c1
023ed50
1dcd40e
1ec215e
0360136
1cb31ea
017868c
0145885
1e40182
02cfe99
1f63dc5
0089686
1f1c413
0282755
1cc18a2
02d8f4a
1f1d779
004001a
1d0053e
012152b
03dd12a
1d44e88
036f04b
008f97a
1d8404c
1e80bd1
032ff35
1d0b849
02ac0de
1c5e58d
1c9ba79
1e4e2e1
1d92a60
02e96b1
027f8bb
03968b0
1f5fe2a
1e99769
011d91c
0345d86
1dc2982
01cf39c
1f0066b
00390ae
022580e
1f64531
1e7f0cf
00161b3
1ff236a
0008d9f
1f0fc2d
1e58110
1de14f2
1fa68ec
036de76
1c3899b
0246740
1cc9685
1e1c69a
1d6801f
1ca98aa
1cf8834
03415c5
02d0381
1f57f09
1c040a5
0009bda
1fe5824
1cb9f10
1d459f5
006e9aa
0006208
1ebc79c
1c6ae5d
0004e06
017e736
0068868
1d389ee
1e2a192
004af58
1efab77
005cde6
000b149
1e784af
01aa2fc
003c1a6
1c4b0eb
01bc3bd
1c561ce
1ef7d9f
0236dba
028aa0b
0367bd3
021907c
1eea47a
1d80a88
03f7751
01345b9
1e51541
1fce2fa
1f43809
00cc0b9
01d421d
024b143
00563aa
1c55f6b
1f8c64a
1c41a01
018699f
1c02056
034eb61
02c73a5
022a337
01b0dc8
03dda59
007e543
1eab975
0361931
03c46a0
0372a16
1eac398
02ce96a
1f17846
0242644
0226cf8
1cbbc7a
00cc903
00da494
026b83f
01643f5
0072d29
1fa3799
000a3ea
038625a
1d10788
010160c
0398b59
1d33d8c
026c91f
1cfde1f
02cab39
1d24103
0307000
1f3d165
1e43e57
0193e79
0069d0c
0181bf2
0244f38
1fd145a
1c4e844
032d9be
035f548
1e3c91c
0383fa5
1cda2a2
1c82e53
033d9a3
036a3e4
002b24d
03e5392
0384584
02a7749
018042c
1fd99f3
03fb173
1cc5fd2
1d9b0d1
019e56a
002bdee
00be685
02a47a7
1f0af43
01284da
02da764
003e875
014acc0
003c3e9
03b93ba
025bd86
1cf498d
1cd0bd6
1f83f6a
005bd78
1c37685
1ef830b
032e5e1
00e6b22
1d656f9
1fda7be
019eff7
01b6b71
028236c
1f6e2d1
028d72b
027934c
00920be
1ca9a31
003b167
1e20339
01a6da5
1e2756f
020b572
1e5de2c
029d8a3
02fad75
02f59ea
0195a34
1c65589
1e0e2f5
1fd208b
1cd97e2
1cfd710
1da1a04
024e66a
02aad39
1f0c8bc
03365ee
03e801d
037de5b
0185495
030b871
028cd7d
015970d
1f3c079
03369e9
016530e
0297348
01e0fe7
1f07193
1c75cc5
015110d
0034ec0
0035cae
016b687
012ddaf
1f36fe8
01f0f01
02d96ce
1ece285
03c676d
004b531
1c6f01a
004ae0e
00c63cd
01ecd5e
1fe2695
037992d
1fe309e
1ea52a9
1de13e8
0129bcd
1e2fc46
1c0372b
020ee2a
02639da
03b2761
02bdbc3
0024388
00550b6
028ce90
01f33c7
0016904
031ce27
02cf60d
010dc1b
1f595a1
1e2c762
038d42e
1c687fe
0184db6
1c3825c
1cc5edb
0075aba
1d7ae95
02ba72f
1fa3a27
0396d24
01f9a54
1fcd0e8
1f06649
1cf714e
1d56e72
0330ad6
0326b23
1c398b8
02382c5
032c849
1dfbd9f
02c606a
1d67736
1f43271
1f0f4e5
1c8fc94
1c5bd41
1f92061
1e060c1
1dfaf7b
1f9cdfe
03c975f
00d4db2
0040970
1e5f9ef
0323929
1c884c4
1d8298d
02a729a
009a0a4
03e3a4e
017ce97
1da6070
0291301
1d5c232
0155fbe
1fa6e8d
1f071e4
00bb710
1c527b4
1f0d977
0085658
0151c57
1d391f3
1eae4bd
1cde719
02ae599
1d976d3
1e35adb
1c3c486
1c4ce68
00ce857
008e3a4
03eb91b
1d5ba67
009646c
02391a9
1f8dc17
1d5b2d2
1fb5f8a
1e765eb
03b17a5
1cad12a
1f71dc1
00aa8da
00f5e18
02376e6
1d8ed97
00c339e
1ccf74d
007ea2d
1fce262
1c88265
01152ad
1efbaed
00d8981
1ec6c4c
0041248
02525bc
1f4e49b
01f8d69
1d3d4e3
0376512
0366bb6
02f8f04
1c9e592
1c5bc2d
1e7711e
03b8e68
01a16b8
00e39e6
1fe21c2
01f42fe
020a51c
03b26af
00f1a49
01db809
034c8f6
02cf6b3
1e0e701
03374a2
1e93129
002ed3d
1d6d12d
1d4bc8b
0243d19
1c4ee32
02d3735
00869f6
1e2ded3
019b6f1
1db789b
1eb64c2
1dea707
008f86c
1d3292b
02031f9
024a6c6
1dd43e5
1e94989
1f90da4
1d32845
0271813
016d211
1f8f6ee
1c3339e
02f3eb7
00ad2a0
027f543
0342a63
1ed7521
1f3582e
1e66588
0360d43
032ed13
0356a03
1da724b
03e4688
0046b2b
01903ed
02f2be9
1ce0504
0153e3e
0189720
03da719
1e84d4f
013dcb3
03eb583
1c4de92
1f91502
00136f2
004dfb0
02885b5
03c1025
1ddd505
00df820
03f81f3
1dffc5c
1e56310
1d3da0d
1f19fde
1c6b55d
0122117
1ecc37d
1caabe3
00c36c2
1d6064a
0388a9f
01b2e86
02734fa
1f41412
0228fd0
034e650
1c44b04
1e2922f
01edd06
0205d26
00a0764
1ca2ab5
1e65cb7
0139d02
016eca6
02997d3
1d04131
1c33308
1c5836b
1e0f659
02053cc
0069e16
1e837e0
1fa4bef
0119fa2
1c08cc2
0284203
00e6a63
1c62c80
001f1e7
004e088
021aa7b
1f5cc6e
1feb9e9
1eca65e
00d7804
1f0ec68
1e83e74
1f4b779
1facb5d
03e78a6
1f5da3d
0213913
1fa5510
009a74f
002af77
1ec242b
00e4561
003ef96
1d1f752
1c095bb
00d3123
1ea7e55
0218908
1f9f529
1ec0dd1
021053e
1f07483
1e436f1
1f2b62a
1c7ecf9
1d3491d
1d586b9
1e8dcf0
01fe3ce
1d7fff7
003f1ba
00529f6
1eb3df6
0037ec7
0132620
1e80463
1ef58f3
0121085
017bda1
1c24bc9
1ea2c4d
1f15c5a
1ec81ac
026eb41
03c7c76
0117390
0002e3d
1fcb7e4
02f479a
02f52fa
00953ed
01e3c73
1d23334
1d30c3e
01125a5
1c96a09
03db033
1ef889c
0306c52
1c2a736
1d80b16
03c0fb8
0178a9e
1ccee4c
02be1ca
1e90d4f
1ce165d
01b531a
03754ad
1eac1df
019afb2
026f19d
1f8ec98
1fd21c9
1fb7c6f
1f89609
00752ec
015a5f7
1f9eb8a
008be21
1cd9527
1c5bf83
1da020b
1ea3895
1d1d8b7
1fa56e4
1c3f5da
02bfb25
1ed1dd5
1f7e842
02e6ad5
1c42620
1caf394
1d23fce
004e46c
00b9058
1f65902
023743d
1ccc43a
1fb8e0e
021c3be
1cac071
1f91c28
03866fa
1c9ac81
02fa717
02b1429
1c4afd4
1fde66d
033b39b
01ba164
1c8690a
011f1d2
1f57813
01ad307
1fcd943
1f1090c
0200ee1
1cdb6c9
02b049c
1e49d94
1c31b46
1e95d1e
02823ae
00c1aeb
0146838
1c9d2c7
1cd32ea
1d1421e
0104344
03d02b9
1f782cf
01c901a
0386e3f
1ce2d95
1d442c9
1e7f129
1fd4f51
02c5cdc
1f958bc
1d4eae2
02bf937
1ccf779
022ee0f
032b54b
1e00963
02ba91c
1d35b84
02f3f47
1e2e077
1c09980
1d346de
1d30ee3
0057725
028b2bf
031fb70
1d59cfd
00eb6a5
1d08688
1fd4994
039da67
1c24728
02df37b
0105a29
00cb113
1f7c457
1fb2e00
1f521ff
0314307
03c9d45
1e7eb7c
1cd01c9
1e3a65f
1d3307c
01130fc
019fb12
03cdb78
021e8a5
039dd66
0368126
1c2e111
00e612c
1df8975
1efaed7
00093b1
027c253
1db9e87
0053fa0
02877f8
1cb63ab
1fd41fb
029f0cc
1fcd6b6
003b97f
1ec498e
0002b70
1fa133f
009ad7a
1d4b44e
0319c9e
0117d5a
038f8fc
1c8a3e8
1f11a30
027dea3
1ee6c35
1c5a373
01b2ee1
1dcd3d3
02adf85
1ee820a
023c7dd
1e6085a
1de00e1
1e8cf50
1f7d625
1f78514
1f6398c
036b2d8
027ba0d
1e124fb
02ca4a6
1fcce0b
0327f84
018fe0c
0166df3
1f8790c
009dd24
1ca6519
01ea3ff
1fb0f2a
00688c2
02452d8
1fcbc75
1f58ded
02854f5
03e0b89
01b0771
1f70791
1c4fa08
039083c
1d649ed
031d187
03e3755
027341c
038547d
1f89c19
1fb969d
1ef7d66
1f3981d
02cc6a9
1e53da3
1ec7d2c
1e14192
012b699
01adb79
1fdad27
1e47bea
032e19d
1d3468e
02583e8
1e535f1
1c90512
1d2cf2d
0354c10
002a88a
1fc8cff
1ec21f9
1e13f56
02ef5d6
1f6e1e6
1d0a684
0216e49
0380d88
1c8f244
1ddb6dd
1c9151c
03ada44
013bf03
03c0272
1e91fc3
023d987
1dd608d
1cdd94c
02750f9
1ec6ce8
02ff342
025d13e
0102e1d
00a8deb
00cdd9c
00de940
02ff1c5
0188ad0
1fe91f9
1d3d00e
030f254
1cacbcf
1db5ed3
02c74f2
027aa7a
008d384
00685a0
02514b9
1cb6740
1fc6f6f
1f31dd1
02b16b8
03ff5e5
1f41cd2
016684d
01f8ffb
1c0be11
1fb822a
01d5df6
1f2d1ac
00637e1
0331529
1e15483
1e8d3a9
01172d5
0397d3c
1c0b004
1dd8662
1d1b56a
0244384
1defe0c
02c4c1d
1ec8b66
00ff4b4
03b9d0d
1f48abf
019356a
1f5f72d
1cdb9fd
029d1e6
1fe1769
1d560ed
1c871b5
1e280f7
0062fbd
015873c
0003a4c
03e8f25
03a1942
03c3717
01c63a4
0178ab6
030d992
002117c
0015300
01cafb8
01e1311
0353a78
01694d5
1c1f782
1e18988
0259a77
1c606b2
026cc34
00adf6b
006e104
025a27d
0091f7d
1c7f7d5
1daf05d
028664b
01a35bb
036fb8d
01c05c4
1de6b71
0384c7f
1ef684b
01a90f5
0169e4d
1e3c26b
1c037ef
1f7d520
1ce4e22
03bf152
1f49083
1f5e32f
0044cfd
1efcca3
011f15f
1d27bfe
1d98c0b
1c4e96c
00cf2ff
1e5afe8
0113d01
01bbc77
1d9815b
033ebe7
1f2d640
1e351c6
0277f23
1d12109
1c2362c
027e63b
1cbdb7f
1e7101b
01fce46
1fa95d8
003824e
0309e40
1d8125f
1f1b2ca
02802da
01151da
1f81223
01b5391
1e3f202
022c06e
002f8e4
00bc8d5
1cb34ea
01a36e1
1d4ca77
039a153
033b78b
0116722
03cc0b4
1eb3e94
1d9b1bc
1e73d17
00dc7be
034bcef
1ce14ff
03b6d47
1c77178
02fd459
1c4883f
1f56a28
0132617
01799ca
015e9c3
1d36e22
1c3ce31
0196a62
1c4dbdf
0132e17
036f69c
03fcbe6
1e7bdeb
00f0705
0251d17
1ff6069
01e2d23
1e2c5ae
1d90306
03b7d35
013dc50
1d0fb1b
1f1ce48
0209a96
01c40a7
1dcf7fe
1e6bbd2
0247f6b
1e52f77
1f9991b
1dd3660
1e76bad
1e94d16
1d84cae
023c570
1e742f8
1fbfb7f
1c96c7a
01e0469
032423b
0195f3e
003325c
00cbbd8
1dca145
1d1a644
1e4efa7
018f097
012a381
03f4dbd
1c120b0
1c83060
1fac949
1e328af
0270aad
1d236a8
0282a4a
1cfc2d4
011a5ca
03c4118
1fa44e5
03d93a6
00dca06
0354015
1d3f543
033a7a2
000c387
1f3095e
1fc0895
1cabc0b
1d808c3
02706a4
1d5edd7
1f80f3b
011200b
00a75c0
0282511
1e4b5e4
1e6decd
1cdd856
023403e
0167edb
1c6a8ca
1cc398c
1ec3266
1cb63b4
1f1065f
1c993d5
1efc141
1f675b4
1f851f9
1ce7616
00ba6ee
1d3f2de
023045d
1c86032
1e070fc
1ffd5bb
1e47b1c
0254b33
1c9fa6e
02c0946
1dc143a
1e5d73d
1e50084
1c1b8c6
1ccd35d
026bfbd
0242b09
1ef242a
0135bdc
0311499
02c6989
002c37c
1c255dd
0145a10
1c206f8
00ebfac
1f5dd66
1e956aa
1f7d32b
1fd4fa2
00d37be
00e4ee2
026afd2
001d8f1
01430d4
1dd53d1
00678e9
1f60f24
1fe36eb
0297de3
1f54da0
02f4919
1ed64de
018739a
0399bf5
1f9c82e
1ddf20d
001b322
00a225e
01e8d31
003fc07
03cb744
1f2419b
02c8321
1d29859
1fa7bfd
01a171d
1c1b98c
002dc1e
1f0dbff
002986b
1c72406
1ce2818
0232e0b
03cd326
002f3c4
1d3a598
1f66f2d
03370f5
0260e5d
034e6a7
025eebe
1da0cc7
026d7ec
1fc03b2
1c5f372
006f947
009be23
1cc3e8b
0277e0e
1e8a996
0199aa6
1f15521
02a6717
1ce678e
1f20234
1ffc9bf
01f0116
1c395f9
01d89e5
1d39fc5
035a078
027c395
00fb7a0
1cac3a2
0348274
1db3cfa
1fff127
1e1fdee
1ef1f37
00e361b
1fa47ac
1e08977
1eecfe0
030e0cd
009cf48
1c55115
0270f89
007ab48
03d4ca9
1c67008
02739af
01d598d
02cc8ee
0061f21
1c1de4f
1cbab97
1fc7521
012e90a
1d1cb2e
025438b
02e8512
030b942
1d45152
00449da
00b41e1
00ed6cf
03135ff
1d22c32
00d20bd
02c5113
1e8e962
1f17b07
00a6cf9
0060feb
1c61bce
0356b2f
1f22d41
1df836e
0097360
1e9b39f
1cb69b6
1d4bbf7
014732d
01d1844
01ae857
1cfe704
1e1d4c4
0185d04
1ed67f4
1d961de
1e13dbc
0349ff8
02f3540
0027f71
0281ccd
013d3af
1e59284
01af975
1ccd7b6
033c44d
1d40856
00f372d
1fb2a9b
01c8eb1
00412f6
02d0fb3
00c6928
00c9a67
03fdfc4
1f1cf4f
1f2a836
1c74e82
1e49802
1f3e132
0276f6d
1ea5085
0165491
1f4a9bd
02b43e8
00c3251
1f46772
1db5ad8
00d4a10
1cc09d1
1f60878
0127f12
00d9c82
002ee18
017f236
1cc5678
030101c
1d86e43
1d0d05f
1e6a5c9
02843dd
1f00bbb
1fd4178
01d0883
1f3da42
0301fa1
00417e6
1e6b658
03cc4ce
1d3bf35
1ccfe20
1fceb8b
1f5575c
1dea2d3
1d9943a
1f39ac7
1c6281e
010d8b3
1f4a17f
1d92692
1ebcff3
021353f
1d09173
1f7585e
01a97d8
01c5e3f
02428e0
0321091
1eede1b
1d65000
01b3ea7
1e9bafd
1c29fb1
012c2aa
02f0576
0282550
1e1d6ad
0076c1a
1cd9cef
1facaa6
01abf8c
01a1712
017fb87
0354c23
1c2292d
1e0dbed
1f7fb8c
00177b0
0302a77
1fef5dc
019363b
1c8610d
1cffea1
03207be
013e0ff
03c075a
1f07200
1fbb58b
0083bf3
1e46bbb
00e28d3
00e5efb
1cd6555
032e742
036318b
1ccd867
0376368
03e0c00
1feba50
02fa08b
1d1fefd
1e031bf
1f610a0
1c65f27
0351aa5
024accf
0370103
002af92
1f79832
02b345c
02f92d5
033f759
039f83e
019e318
1f522f7
1cb9000
1d71ade
1e38df2
0353f71
1eb8156
0313007
1d297be
1f44fbe
006b24e
1d41683
020b731
1f73e1f
02f793a
1e4b17b
1eb15a8
03e94ef
1df242b
1d5e972
000442b
1c085d0
1f2fcb7
0324610
1d3ec12
1e15650
1eba16f
029b7c4
03be4a0
0184d11
1c53762
1e95d58
1fd43b2
02c9944
018dc8e
1cba6f1
1d0b801
0207b45
1f03ec2
1fd0607
1d80958
1d4fada
1fb7584
009a03c
013f2bf
0061a51
017e4f0
1cc798f
1c4c0c5
027cb9a
02cd6fd
017932e
01ddcb7
015a85d
0099a68
010a4d4
1efb6fb
032e8a2
1cd695e
1d538a6
039c4c6
020e8af
035cd40
1f2f211
03ab775
1eb1ee3
024bd45
03b1a48
000a671
0292218
0327e03
1d72363
1e62057
1e4a057
1e43ce9
1e5c2b1
03ca0b3
01e12b6
1e60d8a
0139754
00bfc8a
1fd6518
036814e
03756f2
03ca008
02c5f9d
001800b
005663c
1eedb78
1dc02d2
1deeacc
030deb8
1ed5766
1c73cc2
02e03b2
0132c71
1dce878
03af071
024a129
028650f
00fc50c
01bd985
021aae7
03953e9
036b21f
1e38bbd
019f272
1d350ff
017787c
1cfb1a8
1f9baf0
0246dbb
01bc26d
01e7408
1d12445
02a4501
023b401
1d2bbfc
0120182
1e5c28c
01f9a9e
0397639
0151fcf
0073acd
1c2605c
012ed5b
02c1767
032e14c
03821cb
02e6451
1e073d3
1f9ecc6
01fdfb1
1e71ea4
000337d
026cf2d
1e37b79
1d9b5ae
0008d2b
1e08c09
022a68d
1c9a7ef
002743b
01dc82f
1c97bd7
1e23c24
1c17339
1d87b4c
0036852
1e72d77
1cef53b
1f58696
1d2c455
1dfea7f
1c0e974
031fa31
1f93a59
0271363
1da3dd0
01b2979
1d8b07b
1eb5d1b
0017b6d
1f9b40e
1c4abd6
017bd36
01093bd
03159db
017077b
1cfff5a
000d957
1cd8fa1
005b1f0
1dcf82c
1ead831
1c20ac5
1de435f
037865b
1f06ed8
01e03d3
1d35561
01d696a
1e35911
006e9c3
1f96e76
0086058
01b6cce
1de6ff4
1c81807
1e6f95a
1ef304b
1fb0ec7
1c5f858
1f8b7ed
1debe7a
008eea5
002d06e
1c1db33
0274c3c
1fea6ac
03d38f3
1c76a42
1fb42a8
034b13e
1cd29a5
021fd04
1ea5900
02fb048
02e7322
00a0f39
0186c15
01ed038
03171d9
01de7be
1ea709d
1cfe7b9
1d64dee
02174d0
1c51b6d
00d7143
03f2377
1f972fd
032ab04
1fce2a0
00bc43d
02c5e6c
1cd466c
03cb87f
01511d3
1c01cb1
0294cf1
1ffe16b
1fa5fa4
03d2fa0
03f7118
1f33e94
1ea7723
1ca3e5e
1fe30f4
1f731d6
1dcb0d5
1cd20fd
1e80bc3
0017040
1dafaa3
1cf8490
1cf7ab9
024885d
1c716c7
1c14ebb
1f0214e
02a6410
1ecd64f
01c37b3
00ebec2
1c5bb14
01be720
1ce39d6
1e13708
1ca2e75
03170bb
023467a
01b6de3
1f4a3d0
01c97c3
1d1f396
03cf446
1ed0147
1f8ca2f
1d246a4
006296c
1c9889a
1df597e
0183616
1d6864b
1fe6ebd
01bd01e
037cd2c
02fe4f8
01a43a3
1f8e28b
025cb4a
0077efe
1d9cdd5
000e7a4
1d27142
1c15644
0300779
02b0239
1cfc83f
0014705
1c5866f
1f91ae8
1fb12c8
1c58453
00dad9d
1eafa04
0145d7b
1ffa8c9
0055a98
1f5307a
1e5b76a
1e7b939
0023924
0200cd8
0185f16
0237efb
1d8cc1d
1da8b4e
036c9e6
0384383
1eec15a
00ee42f
1ec8a45
00f9522
1ed2a72
1ceef52
1c67199
009bb30
02012fe
020c212
00644a5
1de6d56
031ab51
033cc24
1f589fd
1febdb9
032059c
012a25e
00dddf9
0220559
0014bb9
00a255d
03b1999
0197b2a
03bfd0b
1da96fa
1f49bc5
034ddd4
1f2bbb7
1f82ad3
1d9043b
1f75e7a
0256542
1e8ef58
037063c
0223ed0
1eacd78
034b58b
1ea21fa
1d7c6b3
1f882f1
1f21816
1fe597c
019c628
006cbb3
01c7fae
03c10bb
1c5bb13
02c8f82
1d0a132
0066834
1ccda3e
1ff4253
017cfc6
1d2e236
1c088d7
02cc600
018b529
00778a6
0286ae4
0245250
01c973b
011809e
03ffcd3
00e9387
1f6316b
1fff2e2
03d30a4
1d2ddf5
019d0ec
0358865
00a89cb
000ffac
002333f
039abce
02b26ed
014b87b
1f3c232
1cdc28b
000c5b9
1c01302
036f01e
03eb6b0
1e88157
029e04f
1f7d069
1ecec67
02ff3a4
1dc3cd1
1e80981
1ca7d25
1eb8fc9
004546e
1e63c5f
017651c
03cbee8
0384296
1d76878
1ecc7e7
018b54e
02fb71d
1ecbfc8
1d8aada
1d45ab4
1d9ffa7
00720d1
00a0b42
1c2a4fa
02b32e4
1fbfa6d
1cadfe4
037f41b
03683e7
0057449
016443e
013edd6
01ca96d
1dcdc0b
1ff44cf
01bb989
0093375
1de602b
1f241f3
03abe0d
027b8a0
1dc32a7
022d27d
1ff2599
00474a4
01f9b4a
1f738ad
1da1548
00de04b
02654c6
035e52c
1eff9c3
1d87991
023f657
00912cb
1e6081b
1d47770
1fe2e69
0353cc7
0277472
1d436f7
1ce9599
1cc544c
00b17f5
002f2bb
1f909bf
1ffe532
029b8bc
00e23d5
1c08359
01a85a4
1c208ff
0318121
0323d49
01fc7d2
1cf12a3
1e533cb
1faa895
1d6cabd
0148c7f
1eb3d88
1f0846a
1e2b39f
1cf685c
01c2167
02bde00
018288e
01a7e7c
1ee06b9
021761d
01f0964
0350de9
1df5a19
1f094cb
1d3bd18
1de0973
017a7db
1dff35a
013463d
034e2ae
1cfece7
007ecfb
018dab0
1cdbcaf
1f615a4
1ece309
1db31a5
017f4f1
0311a3c
02cf070
1d59c57
01bf973
018636c
1dd3eee
1f823f2
1f74394
1f42fbd
1ca7749
03266b2
1f65d4c
00c21a8
032eb5d
032a178
00a1490
1c010a0
1ede597
1e9a42f
01a5b13
1dcf811
03f8078
1e9c13d
01001b2
017c12d
1e4e612
1ca4de2
1dbb951
03d9ec5
1d76174
1d7b7bb
0068e12
0355681
1f6a1e6
1f76b22
000c0ac
1da1943
00c4357
1c0af6a
1e973b1
0089e70
1c134a6
1d683a9
1df119a
1c59753
0260505
1e9bfe3
1fa157b
1e6a0e3
0131cdc
1c90017
013e34a
1ec85ed
1c4346d
1d93c94
0056291
1ec3ef7
008e509
002e3af
1d10883
1cf33a6
008a8dd
1ef1c6f
02ec0cc
1cdce11
1c87c17
02aa136
1f35c96
1f13375
0004549
1ce0e74
1d1f189
030c57f
023d9ea
013c62e
030cbec
00ab005
1f52c83
1ea406f
1e91701
0244dc6
1e6144b
004f521
1c0cd80
0183c60
1c1d779
00fcee7
025692a
0373c70
01f1454
1ee4454
00a92a5
1d07660
0219900
1f4bc41
1e204a1
1daabb3
1db77b5
1f8f506
1c8b354
017b815
00bb194
1ca5a5b
1f9d04c
1c19ad5
1c83b5c
02906eb
1fb80b7
1ff313b
02c2a14
0390c0a
01a6124
00120ac
0037637
003bf88
1cb0646
02fc3a2
01074ec
1ca155d
008cb7e
1e87079
0279b21
1ca619c
026696b
00073af
0265771
03c9ceb
1c7681a
016dbd7
1dedabe
1c53a50
03b6205
02d1022
01cb07b
03ab3df
1c41957
02cd700
02e0f66
028cfcd
1e9b9e9
02b0657
01c48ef
01a67b8
014d9e4
1e8f83b
1c62d0b
0112f00
002d67c
1e86444
0330364
1f902fd
1fbf9b4
018b4fd
1e1f89e
009e0c1
000f1fe
1ca8ac5
0288c32
1c44edc
024aa8d
1dd3a58
03ddb45
008e561
1cb89a0
1d601ad
003d089
02af3d6
035156a
1f2f788
01c6497
1cd7cc1
1f5ef37
1e2d12e
1c9a1af
00310d6
1d62150
1cd817d
1d48849
026ba5c
1f6d73e
1d1e05b
1ccfcee
03b517e
1e101f4
1ce6077
1ca3ceb
1d36bb5
1f48f00
0189daf
031a8d6
023f861
1e6e2ce
03191ff
020c162
02f73db
0318ed2
1f21c28
03457ec
01d83cc
1d2d586
1c4b262
0334bc0
1ddd968
1f378c2
1d2c055
028d478
1ced564
1cd9ee7
018285a
1c64f48
1d82537
1c9af27
1caee9a
1dfe023
0393ece
1e76e05
1d96a1d
01af611
03d519d
1d10743
022a564
03e9f69
1f2258f
035efcf
0079972
0204078
0083604
1ccbf7e
1c715ae
1d260f3
1c5bd32
1f06fa7
1e686ad
1cffe29
0025f50
1eaa46e
0287b84
1cae589
1e24232
01243c4
1cad61e
1e0cfd6
1c975c4
02cdd25
1f19dde
01bc774
03ee8cd
1fc72b8
1ded35a
1cc81e1
021ee6a
014fee0
1f82bf6
02d0cf4
1d8aa27
02c0cd2
03ac927
1c953e8
028dc54
1d72809
1fab8cf
0153935
1f463ad
1c29999
020035f
1d8e19a
0004c0e
1dcff00
03293fb
0080821
00b864a
00ee565
0014684
1e83e3f
1d2da62
1d0c211
03f2a85
01b4eb7
00e28bf
1cdcdcb
1ff539d
1c2f9ba
01a9ce8
1d0f7f8
1cfa373
011418a
1c92651
036be9b
012625c
1fcf627
01d92f3
01115d7
020872d
1fcf776
0087375
0190b7d
1e15b0d
1ecbcaf
1fb3b80
1d491b4
0134bb4
0302558
02f0e07
0385f39
035a8ff
1ee359b
1cf25ed
038f961
1f1624c
0165c15
030a325
02df4a9
0257a5c
029fc8f
032ad58
023fed7
1c9615e
1fac698
1dfda7b
0289fe6
1c1db17
012f1f0
02e8ac1
022c87c
1e6ac79
022b527
1ea6cc0
03ba56e
1df0b04
1d08491
1fa4874
02035d3
0039e3c
1ef9dfe
00e3c28
01959f6
030bbff
00615c8
1e3a05c
039c60a
1ccae20
02b202b
033ef0d
020f9a6
01cdd48
0397e7a
022daba
1e9cae0
1ce4fd8
1c18a6f
012fd83
1dcc83a
00cd937
1df786c
1de5d46
0249d9e
03b8983
1ea86fc
0081204
01af8b2
0368fc8
00b11fc
1ca2cf0
1e876a9
008049d
1d95378
1efff2c
1fa4ef1
1cb6350
1c96a98
1e325b1
1e03de5
1e938e2
029bbf5
1e3fc7c
1fa73e3
00e43e9
02120f1
1c4d452
0255a90
1c5ba3d
03f9824
00fdd8e
015e06c
0341e76
00ac8c6
1ccea2b
1df1a57
1f1f496
1fe2e75
00f8bbf
1d976cb
1c25d95
02b687f
1ed1b3b
1f1b8a1
1e41254
028f2b0
02a2571
1c2861c
1d97080
03a5e88
1fcc7dd
0151942
039fa98
004b907
1d50454
1e5148d
1fceb2a
1c1964e
1f6e87b
1edf958
1c25823
1e04e03
1c7a95c
1e76877
015d828
00f1c24
1f7e030
03cd291
1f89c26
0200fd0
00607a7
001f8f7
021a9a0
1cc5961
1c4b76b
1fb4e19
1de4e0f
1ed1c80
03850ce
00456f1
038d302
1de463e
1c3a475
01091e4
01514c4
012ddf0
1c73d65
039a3b5
1c82a9a
00522bb
1e632cd
1d8a83b
1faca4c
1f9ed64
01941aa
1fe442a
1da5c9c
0149fe3
02ecec9
0277f2e
1e6632e
1f92c12
022efc2
1f84a22
02fd5cb
1c58f16
01875c9
1c1dd09
004ac05
1d1b18a
1c477ee
003765a
00d2758
0263bea
0215b0c
00c0fff
00f8346
1ffa5f8
01a2d03
0076255
03ce1c0
1dddacc
1ddf9ff
1cfb63f
03b3bd9
026edf9
1c86a7e
00819b6
1e7ac94
02f6631
037258a
1f871a9
0215f52
0278a3e
007ec9f
1d2f3d8
1d1e912
1c77a63
1ce759c
00fe219
015e4cf
1d728f7
1d03205
1c0e55d
0124a64
0108e73
031ce4e
1f3e379
1dd3cb6
03460d7
1c9975b
1da7692
03ea8b0
1c13ebd
1e56dca
1c445b4
00185bc
0165fef
022cbe0
1f5a62c
0026bbf
01ad0db
01d90ff
00384b2
1f1b59f
032d84e
1d64350
1d99858
1ef7b4e
1ce7157
1fe9425
1e1ba8b
032b7f3
02a9720
03061bf
0208055
1fcb045
1c0217a
0007a5b
034a6e5
1e5e441
1c98aab
0296e54
01fe397
037c95d
0341105
1f2c563
1c23333
1c3e72d
01b4738
1e334e4
033e734
0139a57
0210ab8
0149c91
0144ed6
02d89f9
1e90540
00052cb
034d477
034f014
00e0b06
1ef203b
03771db
0316360
1ff998e
0276040
1f95841
020ea1a
1fa06fc
1dd0920
1e04597
017cf3a
1c7200d
1d65d45
1d238d5
02e7214
1eca20f
0220bf6
0045c1d
1f2a892
0166e8a
00fe985
015f8de
010e256
1c21b99
035ef9a
1d83a7e
027a7fa
02ef474
1c97b56
1c21cf7
1e6c5d3
00352af
1d12b96
03365d7
03ad593
0230851
1e7e69a
03500ca
1eff061
1d0e85f
027a53a
1cb0e88
1d7bf55
0055843
1e893f8
0333c1c
1d85784
1d41194
022c109
1faca24
1eab4f1
1d8f4b5
005544b
1cae5a8
1c93973
1cc8809
02dcef8
1c686ad
005dda2
1cae577
0090e1b
1dae7a7
01de6b8
1c57c97
1c4cfda
02ce383
1d0e609
01d2fbf
1db2639
1f904ea
036a952
1fea34d
1ce2a4d
036dc0f
02ed879
1c23485
1fafc65
1e7b087
003e653
1e28517
1e9ace7
03cf6e7
018f988
016a861
1e56802
1f85f3d
003edc5
00fdd25
02ca07e
1c15b9f
1c9bb26
1e3a757
0383bfa
1e570dd
1c9a6ee
1fcb190
1c104ac
1cb38d7
03395f6
03fa9a3
1e8052c
01c4e68
1d9a4e1
1c77c0f
1e13466
1c10b67
03eed3d
00c16fa
1e5878d
03ceac6
1ceee9d
1ed4619
01b1a13
1f316c4
024cbf4
1d53cdc
03d32c1
1ee4765
035a24a
0252946
01a857c
1e52c30
01f9e57
01c795c
1dff5e0
020d878
1ecaba3
1d4cce0
0046897
014981e
1f75284
0213dfc
1f47c36
1e391fc
1d2ac80
1fdbdbf
1f4b6aa
00ba1a5
1e5daaf
1e4f36f
03253df
0303d41
00239be
00db1ab
1fb7da2
01edef3
1d3ac31
1cbd768
1e6c989
1c40a69
01a5ace
1ee1a2f
1e5a9d4
0234517
1c1e546
0087bb6
0297c4d
0162620
0058f0e
01fd606
0252517
000bd24
0119dea
1d28f54
1f6e663
1c013d9
00171b2
021ae64
006558e
029858a
02c7c0f
03aa880
1f8d823
018e81d
03d38aa
006a289
1ec528a
1cb82ae
001ab83
1f14dec
03713d1
01c41a5
1eb4daa
025260d
1f14e2f
1d1f707
1cb32ca
1fde2e8
00931af
1c42952
1c0b0d7
01bf0c5
034b2da
1ca7608
008fe6b
1eff0db
0038a57
023b926
0399c18
1f940fc
03eab86
1de6991
03712c1
1cd65d8
014797f
03f989a
00c619d
1e5e6c5
031447d
1fcbab0
03665f9
1f6d0c5
1d1d2e6
1d615d9
1e24443
1ccdba5
0067946
0394bc3
0030285
1f9b41a
1da2e91
02446b7
1feaf5e
1faebbc
1f27db8
0308b06
02a57db
1d82018
1fff4ba
028abd9
1ff21f3
1faf607
1e6c3e7
1fe32c0
00de4dd
1d33965
007bd35
00def9e
001578c
032e03d
034e7d1
01bbf13
1cefab8
1f2f821
005a2fe
1e34a79
1cf24ea
1e257e5
1e8e1b8
03f3922
0150faa
1fd9b21
03ff209
1fdb426
1d64e07
00ea72f
1d91437
02b43a5
00438f2
02b3c6d
1f93506
1efc91e
1ca8b9f
0303a9f
026dbb9
0224e79
1c1114a
1cf434d
1fa31f5
008485a
1e3bb04
02a8c36
1ee5fa5
1d8b3e5
03dd616
1e14aa3
1fac07f
1cda45e
1c4671f
1d73a57
00f167b
02d8d7f
0327ef4
0254692
1d1fc27
1cf4a7d
1db0729
1eda4c3
1d4a53e
1f1caed
000b9b4
1e870c9
00ff79b
1e4d16c
1f777c5
1ca22a6
1c01d5a
1c9d4d3
1f89207
02f5825
00b58ec
1dcb8c7
0287583
01c2385
01b8a1a
1f55f28
00d8829
01ea1c7
01660cc
1e8bbea
033bed7
02567d8
1f96ff2
005397d
1d03463
1edb8a7
0224edc
1ce7740
1ea431d
1e308bc
02a7324
03e4ab6
0292e72
1d8fed3
1df55b6
1cd402c
1f6f4ad
008edfa
0314c2c
0113d4a
03a66b9
1cc8d94
1e3d0ea
01fc1c6
0209e56
012a51f
02bd550
0213cfc
03ab7bc
03f6eff
03ef865
00edc5d
1f1f1a6
00d204e
1dc96ca
1eb8199
1c8c77d
1e315ed
0346039
009bec2
02107fe
1f2744d
1dde949
028b293
004ddd2
01eafa8
00493e9
023ef6c
1fd54af
0245b69
0210b0d
1d7f5db
005c48d
1ebba0e
1eac121
011dfc9
1dbdcf2
026c4ed
1c452d4
1de51e0
1ccaa89
1cba340
1d98771
1cb3556
018a8c4
03df361
0154842
1cf47c2
1c2cc2d
029b3cb
023e35e
1ddfd8a
1fe0cd8
1fb378b
1cec9f1
02e61aa
0223ddb
1f82767
0066872
0367878
1c0a442
03a68d4
1dfa425
0361b67
00a3ba8
1d6d7b6
1e7e478
1f1b379
1ffab0b
00bc1a2
0255c4e
1f7f01e
03bc035
002e545
0073b5d
1ee06c0
1d38c41
1ec4bb4
1c23e41
1f8e786
03ef3b3
1def08c
0033765
02fefd5
035b1f1
1d7aca0
1c7069e
1fbb844
035cd80
1df1782
1c4c77c
1f25e9e
1ffb1f3
0294df4
1f550d9
1f940f6
1e6e8d9
1f225b7
1d58f08
1d6816a
0040cf4
02f4ef8
0345cf0
1f95747
029bd00
1ffc9dd
0012059
0159328
1dc4b12
1e42197
0153b6f
1eb715c
033440d
03f2ffb
1d5619e
1efe62a
1fec486
03e2c61
024b673
1d95c49
0310fd3
01f5274
0041937
02fda56
1e58ef4
1dc0e0f
1ccf771
029b4ab
021ce0c
00587b0
1c3c129
1f1be78
0086158
0089c47
01c474c
0042223
1f4c8f9
1fe353f
0186f14
034e28c
1e2a5de
02f924d
1e6fb03
032cc36
03ad351
1d3b8b7
1ec9ba4
1d27ab9
02e0c12
01994cb
0051251
0150626
1dc87fe
1edc534
01fc167
1f9aee3
1c408e4
1d0151b
03710a6
1f686c4
1e5dc17
1e52f3b
03e31f4
03070f3
1eb4ce5
02a5794
1fd1105
1db75c7
1d4162c
011eb2b
1d2b6d7
03e9b18
1fdd231
023c88a
01e06cb
03ad4f8
1c55dc1
037dc67
1e10939
027dfd4
0222d7f
1f1e0ed
029e303
0238e1f
02e924f
1c0c40c
017b1d6
1cc1723
1df0b6f
1f4d80c
007bbe6
1dd67ec
034468e
01296aa
004c586
024f561
1fd7613
02a6d1b
1c42c45
1ca8ce8
00f8c56
1dac6fd
1cedf33
1e68eff
00be34b
039d88d
1d07afb
1c6e139
00df959
1f3145a
00ff53d
02cbd3a
1e6ec39
022f5e0
03953da
1c69905
03ffe42
1f3765c
1d128af
00dcf95
00f08f3
1e46dea
1fdca8a
02e6dde
017bd77
1db9d51
1ed25cb
0124301
1f891b1
011ded9
00a2836
1d3dc8e
0156f97
01e21b4
1fc43d5
0378927
0140856
1e5e1b3
1edbde6
03c9194
1df6f3f
1ee12aa
001ec39
1f4a015
0291cd8
024db0c
01924f5
022caa8
1f57881
1f54ef6
1ddc167
1cb0e5f
00f0ec3
1f21210
1da1503
1dba0ff
036e21d
1ca8524
1cc4a62
0115d4a
1f990c0
015f88b
0335090
1f46cd7
0201de8
1e9e077
030b824
1c0dd7f
1f5f962
1f9914c
038e28f
1ef8fc4
01ead54
008a9b2
1e09269
01ea103
1e7b6c4
00c27bb
01f4a0a
0094b0a
005d523
0240cad
1edb29e
033ff0e
1ca9ffb
028a552
02e40cf
009df08
02ec024
1e6137f
1c406ce
00dc2c4
039203e
1d3b564
1eb7fec
0379ade
02e3d0b
1e8d6c1
1e02a6c
01e3a04
0299e46
1e09357
1c31914
02b57e8
1e6b390
0368be5
1c84bab
032ae07
00e74a3
01691ce
016e09d
1dc1b6d
01e6274
1edcb2f
1cb213d
015fb39
1c077a9
1f08f4b
1c049ae
1db8a52
03f1736
1cb0215
1fa9294
0263d6d
01e90d3
1eb209e
1c0f753
1f7c8f7
1fcd2b8
00196c4
003661b
0340f42
1d9b529
02d709a
0102d1c
0143e31
0052a8f
002e36a
0108832
0271a59
02332f4
027b893
1d725e8
1efc64f
1dc5ca0
1d04383
0164daf
1d9a0a1
0396668
028b09d
1fff464
1d95072
00449d3
1df8b98
0295eb2
1c1eaea
1f5ad4e
1e7bfdd
1e43258
0369638
1f9d476
1c6a325
1ebdf1a
0112cce
026c101
1de4902
00ba7fa
1dd8610
1e81387
1d1934b
0000ccd
026ba2e
0121121
1f96157
01a3587
1d2f0ab
1d5d2d2
008406e
1cf5829
022683b
1d2e379
1f721b6
1ebaa51
03c2fd1
1f6914d
1e7e779
1e49cc3
0082d2a
1d9a042
1cd972e
1d8bff3
1ed2108
02f1a82
0200b01
1f85520
1eb8f40
00b129a
0248254
1f8fe93
01f1bf1
1c01e1f
0386669
03d7dfc
02ad21c
1d2c8de
1ddc9d4
1c45818
1d6b52d
0172d48
03ff450
01fe457
1d32f3b
01d4434
0188cd0
1ef60de
03d6e0e
1da9572
1f6cec0
01f609c
1c223d7
03bdd12
03debdb
036a4b0
1c37d91
1cc4589
1cd92e3
1f6313d
01597f2
007c20b
0320f16
1f604d0
00f9fa0
1cf554a
1c68486
1f634b2
0325018
1c9e388
01ec7a6
1d73f0f
005e4a2
02567e4
1f59f10
1eb13d3
019742e
025102b
1fcfb4a
1d2a2cc
1f6fc4e
029643b
1ebef9d
1e26ba7
000622d
010227b
014d812
03293ba
010c2bd
03ce7da
1fdc515
1c5d027
0081b78
1fbf0c3
01a7fe3
1c2f7cb
028817a
1d839aa
035085f
038b580
01b570d
0049465
02fe5f2
00d9a84
1e058ea
0038c9c
0340b51
020b1a1
1d74790
1f2c83d
028df02
03c516a
01f36ea
03d83f0
1d1e91f
01a79af
033faa7
0390471
012843f
02386da
1d6769e
1ebe025
1f630eb
1c56c9d
0058172
0131650
00982c6
1da9ac2
1c953e3
1d69ed3
1dd64ca
1cea947
0361460
023155e
1ffbe77
1ffa9c4
1c7d71e
1c0d715
1c80887
1e8c825
0313412
1cefd0d
00bf28c
1e5e28c
019a23c
1f6f7b6
0064d7e
1e89e87
01a1148
00f149c
1c05bb5
034623e
1d9f89f
020ec77
1e9c216
001c4a2
021797f
1c20906
1df978d
1e8159e
1ce1238
02ee76d
1f1fe6a
03959c3
02b7b1d
0278891
1d4d3a3
001e380
032ba68
00b0e56
018ed10
0399a3c
031b7eb
1d8205d
00ca59c
037074f
1d87449
1e8e523
000b795
0188eaf
1cbb0a3
01e89c7
1d21246
1f14cee
1e4b3bc
0247b3f
1d46d12
1daacbf
1db49b6
0138111
0304ca7
1c5511e
1d9055c
1fbbd88
006d93d
1d825d6
0124285
1d4fad9
1f93fb6
1eb7e7b
028029b
1fd4a90
02447fc
1e44c23
1ec8bda
1f80f39
1c9c4bc
0238f74
007d01a
1e83548
032808f
01e2455
1fd1d53
1e97b71
1dd00b2
026d13a
1d9233e
0246b85
003d735
0200da6
01dbe52
1f8f598
0321d48
0264402
1d533e0
1eb2b49
0036077
001d577
00db66b
02c22b4
1f4b826
0229b54
1e88322
1e5d9b1
1d29fe0
1d4c81a
1c1b3ab
02771ac
1c6bc15
1c38845
1dc4b70
1e7428d
1e60bb9
1d6b663
1ecc1f0
1f31606
0297586
03f1193
000a519
1eeb34c
1d146c9
1c722ec
1e3d1d8
1ebcf5e
1f12013
1d1f3d8
1cd1c78
015b0c3
1f6fcb8
01cb639
006c480
006d4ba
03a9e68
00cf20e
00dc578
1ca6141
02af6b7
1cab9fd
1c58489
1f64bfc
1f76c12
00adc84
1ebd7ff
0203a4c
013d1ea
1d83fc6
01b2d11
00215a4
1d2fde8
0063c92
02c614f
1efff70
1ef37a3
1cdff48
1df0a34
03470fc
1e1d932
01151ec
1f598e0
02956db
1e6c6d8
1ca7ecf
1cdb450
1ca925f
026a7b5
02bb4b4
1d5989a
0149bdc
1c35f48
1d8a986
1ef22df
01bb41d
1c4e063
1f304cd
00f4857
1c67dac
037f6ff
1e121cd
1e15622
01f30b2
1c4d78e
1d4d2b9
1e48a4e
1c703cb
1c4461f
037440f
026c02d
1e09787
1f7b1e3
1d2e2da
010c424
1ff3e43
022ce32
00f45c9
0333c6b
0269de3
012df98
1c1539b
1d116c5
019a4f5
1f88ae6
01737f2
00b7f5c
01f38d4
1e63689
02ec3b3
1f6e08a
1d00150
000893f
00610d2
016438c
0294623
1fcc819
01bbe51
1fb5ed6
021e078
029480f
034ed06
03e8897
1d9ed07
1f0a8fa
1e2a4ae
021a8fd
1e9728a
00c98a8
1f122ea
0300f81
00504e4
02034d3
0070f61
1cbec09
1f3f784
00714ee
0186747
1dc3871
1d714df
1f6728f
02c5da7
026ab46
1d08eb1
013779c
039b5ed
0399c11
1d1e45d
1c28da8
01dfb3e
1dce9af
1f21a91
000a019
1c7275e
1eab862
032353d
1c9b209
1fc10c9
02246ad
1e2a73b
1d622cc
1ee42a3
00d07f9
1e0a204
03cd256
01aa3b1
01d1e8c
1f5d393
1ea3d72
0316c89
005764e
01df7a3
1cf412d
1f2c84e
00c114f
00158b6
1d23b01
02c5d3a
035fa00
1fe9b9d
017ff65
00f76eb
1d49379
019df8b
1e8a1f0
1ec92e1
1dac86b
1d6d9e4
1f53799
01ded1a
1dbb065
03b5dc5
03ff73c
00fa057
1d750c4
1d2c50f
1cea7c6
03a1026
1e335a9
03c9db8
02e36e3
1ee3129
0249c59
1fe35ea
0363869
010ce96
0051a7f
0044df2
1d74121
02f63d6
1c02681
03a013d
1cec8dd
035b6a2
01eae1f
1f1ac56
00703a3
030c70d
1cc5bf2
009bab7
1fee8ea
00c9a9a
1e95dac
1ce48e8
0349bf4
1eb6153
0070d25
1e3dcb6
1df79bb
01aafab
1ef799f
0300fc3
023db6c
1e4bd6a
1ec2f3f
0259a1d
1e1abf8
1d96ff8
02e5ff2
1fdd769
0309747
1e82cad
02feb1e
0348dc8
1dec3aa
0068518
01be182
1deaac3
01fd95e
032cc2f
0031397
00134ec
1c8f6ad
1ddbe95
1ea06df
1d65328
1fd1fb3
029599b
1febc46
037505e
01d53a2
1f70db9
011ce87
01873a8
00681f1
0100092
1f832fc
1d98ddf
0009a60
1ec55ff
00a5a26
1dda3c1
017f8be
1f24f9c
00b185e
02b6687
1ece16a
033f1ca
0142ece
1e1cd60
0171e8f
0113c67
013881e
1dcd428
021e8a1
01680ea
012ffbc
00ddb9a
03afeff
038371c
1f33803
1c97a8c
020fc23
1c3f3ae
1e14d44
00095eb
007bc63
1ef77d2
1ca8795
1f78c74
02f296a
1d66eaf
0192725
1cac170
1eb3abb
0289c9d
1c92300
03c5d80
039f465
1e1e26e
031a1f0
01e64bb
01ae959
004d756
03c1259
0204472
038e4af
1d3c6d4
03ab16e
1e1e5ad
1ec17cb
1f4cf3f
0142930
016f406
1cb8c8b
00293f6
002006b
1e49020
0225361
1ea2072
0380593
0384370
01bd4db
020f2df
0278c9f
014d7f0
00f07c6
033a5b6
034c608
01fc925
002aade
0106da8
1fc4ae7
006ba6c
014c014
1eabb84
1e3df6c
03821f8
1ca60e7
1d65197
1d1b418
1d06989
00e12b1
0002cc6
1e50dcb
1c9fdea
1e55596
1f074a5
00e692d
0006a98
0094a3e
003049d
00c6d4c
0319f23
0081887
1d2c789
032c849
1cef8e5
0009886
00aa164
1cdf509
00ace2f
03cd693
1f0d438
1d4fc5f
02e6519
1e8f21e
01936ad
0119772
1d85ca5
1c8b618
1e6d072
1ca58c2
0030db4
0288a58
1cf76aa
1f0048e
0071c2b
02266c8
0357705
01dcb5e
024ad62
1c1625f
1ee29d4
017719e
01c7bdd
0197fbe
1c6ec55
028c968
01b64b6
03dd2e3
00a4d65
1e8b8ef
000a269
0328afc
1f841cd
1fc854f
1e4d9d7
1ead087
1dff8da
1f7c5de
1d70352
1fd6e78
01dfc9d
0301b84
0129c48
1fa314f
1de4091
1f9788e
1dfd70b
1e94b0d
0218dd8
031612b
1d8cc8f
022adce
024adbd
00ea379
01766cb
0270be5
03a7bdd
0295530
1d2eca2
1dc0634
1c32a8d
1f92be0
02a7cbe
0194a17
1e31c3d
1ccf67e
010108d
1e817a5
0278817
1f099be
0324edd
1c7ebe3
1fea1f6
1dbd3e9
013780e
1ccbe46
1c574bc
1e7592d
1c363db
0215f67
1d52ae0
0126f86
0245a2c
1cde956
01b4318
01fd7f5
1f73635
1c775c5
02a117e
1f58cb4
1d1bac7
1e73d58
1cc2498
1eec711
02e3111
011cfd6
01b1a1a
01ed955
02eb081
0371ed8
03c8c3e
1ffc8eb
0054f53
01bd421
0004706
035e431
1c80c16
1cfc7b6
0289728
1c0a863
019e640
1c90bf0
1eb743e
00ffe5b
1c5a779
01911d8
1f7edab
03b768f
01ca72d
1c101c3
009f269
00900e4
00a2513
1cd6ae8
03e7dbf
02aa7b6
1ddd201
1dbd70d
00b01bf
0063283
03a4ce0
1c5c45b
1ea90ab
0315735
1ef48cd
1c586b1
006f46c
1e96e42
1cf0d77
1ffa99c
02891b6
1f5f51a
1d9a792
1fe4225
036327f
1c5d328
0276708
03bc907
02e11cf
1ea78a3
1d1c665
1d6e137
02bd684
1d184e6
1c56bef
02ddbca
1e2e4dc
1c250e1
00d1807
1eaec21
1eda8b6
1db3c03
01cad6e
01e8926
1dfc7c5
1cfabe1
1fa326e
028c8f6
1c8fa91
000e6be
1cf7a4c
01b6eb9
1ea8d35
002a33b
02b1990
01b679c
02b461a
00fa127
1d03003
0099c54
1fbde06
1c362f3
0101331
1c108f2
01b0df6
1dfd29b
1efce5c
1d9513f
02145ad
00d5fd2
1c64587
01f5475
1ea99d5
024c8c0
03a38ea
006b46c
02c73e1
0149695
1ec30e4
02d455c
0311936
03c22ed
006ed4f
013ef63
1c1ba85
03eb023
1cf53a0
02f71c5
0326694
1d2d5af
0125600
01edd3b
0381931
1c56fd2
03d237e
0134caf
1f6ffff
010eaf1
1d05777
020ddad
1edf3a6
02467a8
1f7eefe
1feb818
1db9dcc
006bada
007dcef
03acebf
013009f
1ed6e92
0113b9f
031d971
1f5ebe7
1f6035f
1f7b16e
1e47b0a
03e6f08
1ebaf13
1f97646
1c99f23
01f2530
0222fac
0371496
030660b
017b2d7
1d02f1d
03f441a
0369a46
1d30004
1ce1661
1cbe339
0353afa
1e02116
1c61476
1ddde6e
1e251a9
1dce236
1e6253c
012a6a6
1c08ff5
021c124
1f5b0c0
00ccae4
030cdfa
03e81b7
01de672
1ea56c5
1c5d118
1d59a49
0393af7
1e3bbc7
1cd015a
1e1760c
001a89f
00d43cb
0033046
1e6b426
030010f
1ed5092
0193c9c
039d5b0
1e8e3ff
1c69e7e
02acf37
1e60bdb
02bd0c9
00619f9
1ef8b21
1f78286
1f8cb02
0108b4a
01926bc
1f3dd1c
00d1f92
034811d
0282306
1d78044
0373cf6
1cccf07
0156a75
03af1bb
035023d
006c092
1e3d5ed
01bbe21
1dd4238
02b05b8
1d64fbc
02c0289
1de1a52
1ce80f2
1eda6e9
1f60b09
003ce98
1d5e9a0
1e47bfb
01089ed
1cc3967
02aa144
020bdb4
0068fed
1e1e21f
1e7c9f6
005139d
02bfb3b
00140ff
03f37fb
02ae5d2
1d6a4ca
0053525
1da3660
1ec2186
00f143a
036d8eb
1dcfc25
00a5757
00611f8
1fdc175
00388c4
029566e
039a5ac
014912a
1f63abd
1e403d9
002bc30
017c000
02dea84
1ca7334
1f06d08
1caa9b7
0177508
1df2943
1dfb3b2
014af8b
1f20b1a
0399ff0
1ca89d7
1c5ac3e
1d6cdff
1c007fc
1d4a326
01071a8
01cce30
1fdb0b3
1e9de07
0058f29
026a101
1db8780
00e2d58
021432c
0202401
1f5c30b
018a88b
001ce81
1db134d
02c74ec
1e38213
0329f44
0115c12
027d74d
0069fed
03a929a
0379379
03d0d03
03832b3
1f17e85
026496d
03f921a
1cdfcc4
00e999e
0278a59
1ccbb9f
02e5bdf
02af759
03cd7fe
0327476
1c57528
021a02b
1d5be67
1cbfc00
0295bcc
01f5e73
02c85fc
02269ae
01d639e
0031837
018fa6c
1cb2150
022c668
02ae43f
0379552
1c9a9af
026a699
00317b8
1c7625c
1e8b825
1e20a6d
00e29b3
1d39583
1f0c730
1f91af8
1fe4598
01011ce
1ff34b4
1e84fdd
00237c5
1d0e798
1d28407
011b6e8
03dbe78
1ce6d7c
01feb77
1c424ba
03496a0
02522aa
02bb99e
1f4f770
01cdb7a
026f556
0107894
1c0b092
00c912f
004ef0b
01dfd9e
1d115f1
1c10c46
0090c8c
0314ff4
1f22574
00a8872
1da3824
0369966
1e4ecb2
1c39f7c
1fcc764
0094e08
1eb511d
03b2df4
1e37c87
1cb036e
1f1b237
012c486
1ec2317
1d61964
1eecdf6
0101718
016118d
0310f33
1d87fda
1e2ec81
0047494
0099354
015c65f
0085112
1cec5bc
1c0b04c
0053430
1fa8eb3
1fa272e
030656c
01968f2
01707fa
0035512
1e13cf1
1f52fe2
02cfa42
021b7ac
038440d
1cab5db
1d943c2
0133a26
1e4555b
1dea879
1f8fb02
1ce2885
1ce872b
1d9e015
1d05ee0
038aad3
1fc35e2
016f1c0
1c57d5e
1cbe32a
019df99
01dfba7
1f08c0a
1e51024
1cd38bd
1ea1b92
1c7292f
1dc9a49
002aea8
000f6b3
0076b76
0016993
1e6f151
1e89fef
1e2716a
01752c7
1ed0408
00d2928
1db1aa5
1fe478f
1d2ed2d
1f67299
1e1d8cb
1c69a68
1c63a6f
1e4ebed
1dc37a0
1dbb9f7
1fa8869
1ecc541
1d3e198
02d5107
1f23081
1cd5da2
027b815
00add30
027a0b5
1dca8c1
03a47fc
1f002f3
03d9c68
1ea1e61
0230182
038f392
00aa48b
029c9a6
1c279e3
1d4ebc1
01f6c3a
1e47916
1dba452
1d36964
1e98a16
033bb79
0068991
03cc5af
1c15e73
02d7f1b
1f557b0
1dbd96d
0375507
01506e5
1c66e89
024a8dc
1c45c6b
1f5ce3a
1d0574f
1f23a7c
03122dc
01efdd0
1d8c970
01a1a7d
1f2580b
1c5d779
00d235a
005c930
01b7dc6
1c3ed08
000c918
012f355
00e38cc
1d555c9
027ebc1
1d532da
1f53b8b
1e8e0c5
02a89fd
1f79066
1d6bed6
00bec5e
0308cda
1c4652e
1ddae82
1fb9f78
1d750af
1f39758
01a289b
1ec70c4
005f0e5
1c14106
1eb62c3
1da773f
02dae29
00019db
1ee84b3
1f09fb7
00da6b3
1df1934
032d997
1c7f5de
1d1bb2f
1db24b0
02fcb6a
1d28953
1cc6af9
031e2cb
02c4214
02e078d
00eab0c
018d213
007a85b
1e5e8d7
1ed6e71
03757ac
023d743
001133e
1d0d9f2
00a1e79
00f8d7e
039df90
008549a
027676a
1c0defd
0276ec4
1fd84d4
03b1702
1c2585c
0221f3d
1d4ed1c
02f40db
1ff939c
017bec0
015d677
1e98f8b
0288b5f
0340df3
015e5bf
1d13d68
02fd07e
02d713c
02b4ac3
0140d3f
0124130
1ec3875
0295a0a
021b45e
024b8fc
1c944b6
0318c74
02f9d5d
1cfec02
1eacebb
028895b
0255759
1e89d63
0000a6c
02fc90e
1ca7f88
1d63e79
01b0662
1dd1acd
1d55726
02345a2
0123418
03b1d9a
1d79c59
1f65f4e
0308edc
1d107a5
1d10b47
1c39af1
1c15cb4
0376670
02faca7
0055540
001b3fc
00d827a
1d92260
1fe6f85
031b470
0271581
1d75512
024e320
1c4100f
1fbffa6
0292717
1ff9162
1e55e82
026abc2
00f07a0
01c9b04
0058d05
1cd6e39
0364d6e
1c007aa
1d72d92
01ce2a9
1ee3159
02c87df
1c81a97
1cedaff
1fdc4c4
028ce4e
02fd95b
1dc5990
1e340c2
01ff436
025fe14
1c2fb92
02436e3
0386f64
011401b
03a5aa2
01b75e9
1fc6538
004bf08
1ca8820
0396c2b
0124944
030bceb
01140bb
1ea6634
02ab1a8
1e088a2
1ddc29c
1e52056
1f7c534
0196130
1e6863e
0064468
007cf20
03bce07
00d9bc8
029c56c
1da791d
02ae8b6
1d422ff
028a37f
01f67cc
03e8d75
1f12b83
1ed6071
1f1f4d8
1dec9f4
000b94b
1f3f21a
1d0ffd0
00ae8d3
027d9df
01bc032
007da5f
1e8670d
0230a70
01ad8df
1dffb00
02897ac
00fd4d4
00bf920
0206269
013df53
0358ac8
0285643
00cc1b9
1ea9988
0209d42
1f7c018
1c03955
02a8d4e
000932a
024e7b0
03df44d
1ff99d4
01cd59b
01219cf
02885cb
1d2b138
0211c9a
01fd512
010d454
1c8c464
1e05b4a
028e287
1ca4573
026f70e
1d850aa
01b608a
02ced95
00df066
1d4dbc4
1d21c19
1da39da
1d7193c
013038e
1ca7782
031ddbd
1ddbe18
02a0d80
1cc9090
1e8fadc
1dcb706
007066d
0273e67
1f8fc1e
03ca3d4
0224210
02f08ef
019bdb7
1caffd4
1dcdd66
00dc35c
014e7df
000a5aa
03275ae
003317f
1dfc60a
1f2747f
1d1160a
00bded4
1d6d131
03c9fc8
023ff10
1c0c48e
1f24959
009620b
1f9a40d
1ca99dd
00f273c
1ff62ff
015359a
03ad175
1fab426
1e7c582
1fe2a01
1fe0fab
1de493d
015b11f
0362c57
1da85ec
1dc0c2c
1d2175b
1fdb0bb
000343d
1fe11fd
028104c
03e559c
1edfb67
0163d09
1ebbdfe
02bdb8d
019ef82
0367e8a
1f1ac2d
03f35df
010a16a
023a3ec
030b899
00c6058
038a440
0318880
1c7761b
00a64ee
1def398
1fcab87
1ee0e93
1d23335
0214424
1d8b0c0
1fadf94
1f4c377
0255347
1c42b08
008e9e4
00551d5
03226f3
1dc0a87
1cc3309
1f1ebcd
1c49065
1f306db
1f65e68
1fd9e88
01ffc2b
1e6298e
00c4f11
1dd7fc8
03885a9
1c96281
1d696ff
1ff9020
022099e
1fa60bc
1d5dfc2
02ba5d9
02a2aff
02fa5c2
1c8c1ba
1f0295b
01b9abb
00742a9
1e01b73
1daa755
00c45ee
0166a11
1eefb1b
03b68a8
1ea92e7
015bf10
1f6d840
007b93d
1c18c30
1cd9816
02c865a
02a0466
022f9de
1da068f
1ef334f
1d774ee
1d99e79
01249b0
02f20bb
1fd1f34
1f6c686
1d8995a
03d0285
1cff843
03f085b
1ee72a2
0098f0c
02fb45f
009e0d0
1eb9f44
1fe032a
1ede8ce
0239096
1d7b781
004c41d
018d93e
00539ef
01b1f8e
017c9b3
00297c5
0396eff
0331af1
03c84a6
1cf1d67
1d9966d
01628df
01c5c7c
00345dd
1c90eda
1c06f63
0254cb4
1dd8609
029b29b
1da40c0
0125fd9
0320a93
1d7ef0f
03a9505
037f0bc
1f50d45
1c915f2
007e72e
1d13561
01355a3
1ef21ce
004ce31
1c4e801
1da4d31
1ce84a9
1c95659
037bf98
1e91436
0195e4c
0074ed6
03eb42c
1cef35b
1d977eb
1d70757
0048423
1d92dba
01b8b3b
01e2d86
0317913
033cf12
00eeea0
00e7e69
1c56aa1
034547e
1fa01fe
1f35f39
1f6f965
000c2ee
1d64377
1fdeddd
0123aaa
1d5778f
0010fa0
007d3c0
1f080f6
0246eab
003b70f
02b365d
1f4574e
01c4fcb
001db95
1c839f0
024db02
03043a0
1cda003
018be13
016cafb
1e62ba6
0028735
1d92427
1f99b85
03233fc
0139e41
1ffc107
0208419
032d79b
1f43cea
1d93150
0261e9e
03a3ed3
1c79510
1ecbcd8
0378eb8
027fad4
1effb85
1e53339
1f2712f
1dcb2b7
1d028d8
023ff65
1e89c61
1e57071
1c81080
012acf9
01a426e
1ece292
1ca399f
009dc55
1cbbc3b
1d763da
03235da
1d44755
024f167
1cf4cf3
1ddaefb
1d72915
1c2f39d
01ed905
0267e5b
1fd2fac
1ee8767
03ecac2
037a538
03ae2d9
1e48afe
1e6faa5
1eb023d
0340ff3
0075c2c
03b2368
1d4d9f3
1fab0aa
00a52f3
1f5286e
01d05ca
006940a
03cb88c
02b1dc1
012c271
1d399ae
1c8cc03
03cbea7
1dff607
03d18a9
1ebeb97
03ba922
1c3d97e
00f8d8a
1dde4f5
1c57e09
02a9f20
01235e7
0280c58
0242d4f
00f3fda
1ebb4e0
1e0953e
1cf3777
00b88d1
02ee35f
03b1031
02779f4
1e18471
1f39ee6
02ad0fc
1dd9291
0284d33
026220c
0093aac
1d744fb
1d405e6
03b501b
1e4f7fc
1d2844e
02b6a7b
00a235a
1c53258
1cd2a50
0369899
1fc2b6d
03cb8f3
0362824
024515d
023028a
1c6e61c
00515c3
0357b91
1f2f475
01ab452
1e68d0c
1da17e2
1e882ea
1e98c18
003bc74
1fd14a3
0142c58
1dedb00
00a60a6
1c483a0
002fc27
1e09a6c
1d706c8
1f5f95f
01a5c4c
1ff2660
1cc81a4
01ba6e5
1c92473
00c29af
02dba13
03fd5f4
0198666
1d7d118
0347a4e
01dcf44
01a7fbf
0074629
017d097
1f82f25
1fcc504
0223a61
1e10575
1c8c960
1f583f6
02eb00f
022e6f4
016b59e
02b8fc9
1ca6b70
1eee4b5
018da00
1f89683
1c3dd25
1cb64eb
1e875f7
1cde903
1fd53dc
02be70d
009c3e5
02d7521
1cdec93
1f87af4
1fd9920
0371c12
01fa87c
1e13b28
012daa2
1ee4cc5
1f16178
0051367
035161c
009698f
1f1e660
1c3dae0
1fc46a8
1c760e9
1d4aa8f
1e6030c
1cc9d6c
1e53aaf
0386adc
01318d1
03d6d2e
008d0a0
1f8ad18
01f21a1
03a2e40
1cfefcf
1fa650c
1d0426e
1cd56ba
1f42fa4
1e52739
03ac710
1cd938d
1f1f5cd
1dc17a3
1f885d7
0040346
1e1b7bd
1cb0c11
1e5ef65
00008c9
0372e81
0363a73
007d09a
1f17382
1e31850
1c02ea6
01c6265
0339dbc
1c68360
004068e
0318751
0019d29
0362bf5
00e6a30
1eb1c34
02e5dc5
03959ba
0270da1
008393a
02aa56b
1daca96
021690c
00d8b73
1f5dbba
02bac7f
1fe267b
1c3dda5
005541e
1e41a56
035d78e
006e7c8
03f30d7
1fc32aa
1cb8afa
1f7a6f5
03774a7
00ebe95
1c50c3d
02e822c
1f588f6
1e48fe4
02bed56
0047e82
1d29292
1df5f6f
0096b1f
1d22783
1c72be7
1f30f0b
1f44f9c
1c434c6
1d70489
1fd9185
00dd8e8
1c9592e
01652dc
017c513
0030590
03d1d53
1f97fea
1c2594a
1cc232b
02edcc5
1e6ac1d
023ea57
0301634
010d419
0089f11
1fc919e
1d02a8a
1cdd83a
1e52626
1c0a5a4
1e1a23e
1e1b9a6
00532fd
1e5a362
1f5fdf8
03fcf3c
007f5cb
02a9556
00fbffc
1e55e1f
01498da
1f4d753
1c93f86
1d33eff
1e36ef2
03538ae
1f1e57d
1d4103d
00cca75
018ce88
1e5de75
1c4b6eb
0278c1a
1ca2d33
023516a
03864de
1e3cd67
00e4ace
0038252
02ae0c0
01c2058
1e0597d
1d55d26
1c0ca25
1f8a48e
02f1cfd
014c688
1fc5b8a
1e183bd
01ad5ee
03fc2a1
1e01ec6
1fe975e
1d8974d
0257414
1d65f12
1d31817
01b6693
1cffa18
1daf3e1
1def304
1c38017
0022947
0163e7e
002166b
1fee997
01fa0d8
1c2a1e3
1c71cc4
1c2d27e
002c1ee
028921b
1c08731
0302c32
02b1603
0196da8
0253de9
0108ef5
0362b84
02e0b31
02909b0
03db92e
02e9791
010f712
018014f
1e41d2f
1d88f9c
0229df9
1d3dff6
1c90e2e
030ef6e
1fcfd2f
1f3147b
008c78c
1c7b256
1d0b983
023756b
1ee2168
004a0e9
00431aa
01d1bdd
1d0bafe
1e68b9e
01721a2
1ce2d94
1f41291
034dacc
1e25df9
1db3886
1fff0de
02085bb
1c29a92
0385aba
1cdc312
0165f6a
0156aa5
1ea0ecb
1ccce87
1d10412
1e097a4
1f717c7
01f15dd
017c7a7
0311e44
1e98f24
0264aa0
01bd859
035ffec
1e36ad1
008b90c
02d4acd
1e35f77
0010883
1d66015
1e47214
1e911cd
1dfdcff
1cab77e
02f4933
1c694b7
03e4112
02b9771
1c5e5ca
1fbfea0
1e0eda2
1d1674e
0065ec3
1ca9b16
1fcf2ba
0381d97
1e182bb
002df4e
1d67359
03e945b
000239e
1e0ac28
03a9e80
0392263
0315702
028999e
1dfc7c8
02faf8a
009d723
0393cd0
1fcc820
0394095
0292900
039665f
0002616
1de0610
1c8489e
1eede3e
1fbe29b
020225b
1f2014f
1e5f752
0172a10
006e667
1c7a7c3
1d6dce7
002eb58
02cbad5
0019262
1e19f3f
01c3737
1c7c2d7
1c0ec41
1e844cb
035a5d6
1f49b63
1fcc378
1de8d92
1e8766e
1e56dda
02ea02b
1ed8355
1cd1655
1f89e34
02b82c7
1cbb17e
1d1195c
1e8d0cb
0148efc
1efa74f
1e09761
030a6bc
1db60bd
1e08ca9
0159277
00788c8
1c6196b
1eaaf93
01127c7
1ef4731
03ddc2a
0188e24
1dc12e4
0246d1e
009868e
0351326
019594b
1f4a926
022ef07
0218692
0020579
0305f35
004a251
00053f6
0254787
1d72bf0
1f44fb7
1dd2ace
1c7b5b9
1d62451
0159c04
1c9773f
1f94266
1f66dce
1d4ef50
1e3a6c2
0185e51
1d41bf4
1fe9ce5
003179d
01ae8f8
00b1d7c
1e0595c
1ef2b6b
000cb35
039140c
0299847
1d214cf
1d94ac6
1d837be
1dc0e61
0133c48
0127e07
1fb67b0
022edce
1ee2337
0258823
02c90d9
02d247f
1e0dd52
1fad304
026e1ef
1faa4ed
012b799
1f5248c
0316559
1fbe840
009aa5a
1ce388b
010b7fb
1dc4309
0335e4e
1dfa124
1fb534f
0043f9b
1e11fb6
1d49c4b
020115f
1ed81ff
1ef8628
1f3844f
1f7dd4a
02648fc
1e81bec
1e2990a
1d608e7
0190852
1e551a7
1db4f56
0242cc0
025527d
1e44525
1dea6aa
1f7750c
0009b66
0332e88
1c32ac3
1d71295
01e4a24
1c206f1
016029b
0022c52
1df663f
030531d
0386496
0017473
0353dd9
1ff4a23
1fb457c
00796d0
1fb4ba1
0294645
011c43b
1dc3a25
02839cf
00ec402
0074956
1cbd3dc
1d14b9d
02a6776
02f2840
00f7bbc
02912ff
01e5934
1c6345f
1ce16c4
0029d6f
0254686
1ff7c00
017d1d0
1e8b8bd
1fe0e06
1c88e43
1d31171
0226b8f
1dea6ab
1e5d0b9
1f7f866
016a705
0368e73
007c4bf
02ef705
02399ca
00cc48b
01f5634
026339f
1cbd03d
020d10f
1e6a94b
02c193a
01a6fe9
026f40b
016111b
0241b33
0185269
1ef9382
1f9863a
0241d54
0397a7a
0031372
02cbfa5
00d0048
010f8b4
01e0e5b
031a88e
0076f38
034b80c
0347990
007fa93
1c0f9ca
1fd4eaa
1ec6039
1e48f8e
035a81b
01994dd
1fdac6b
1eeaf09
1c96840
0377208
01aa266
00eb95d
1df2ddc
031da6e
1edf1d7
031ae65
00c99cd
1d8d500
01f6256
1fee9fc
00763a5
1f58ecc
1d367c3
00f42bc
0360887
021049a
1d6a84b
1f462cd
002d9c1
00fbd2e
1c02597
0101a2c
01328f8
01e51ee
1c7d2b2
1ea9f66
003271b
006b43e
0005af7
1d0f8af
1ed2ffa
026347c
01222e4
01d064c
1e0ec3f
1e16f68
01fa303
014d81d
033d16b
0228ec1
01e64f7
036e2b2
00c8ace
1fef41e
03079b9
027c681
1ff75ae
1e8bc35
0174ce8
0109518
01411f5
0105dbf
1c80a61
1f9e405
1e287c5
1c5aa27
005a47e
01ee9b8
033ffaa
0337835
1c7a99f
0387af3
02270cb
00c4d8e
02ea70e
1d5b3e5
1c2059c
000efcf
1d82746
01f13ba
1cdfe56
1d89a09
1c7482d
1e6c1f4
0290586
0278d95
014935f
1c66385
0164ac3
0386ee3
1d0fcea
1fb4151
1c702bf
1e466c8
001dcac
1da0d47
00e7d70
1e612af
1f73de5
017c0f4
1d1c20a
01d56dd
02d0387
1f567e4
018ef79
00a8e0f
1ea2c1a
1fecc03
0189467
01c5a88
039ba44
021f30e
01660f4
1e73058
00856ed
1c9bec1
1d447f6
003454a
01f975d
02c29f0
0354dd2
01ec442
1e6fae4
1e2fca1
1dedfd5
00605a7
1e7fb89
01bc67d
00c5a27
1e4ac34
00c8715
03ab656
1d57a16
01ed47f
1f5eb58
1fd1f1e
03d1589
00fec5d
1cf5b17
1fb3949
01906a3
02504bd
0233fa1
036c6a2
03e4f7a
1c2906a
1feb0d8
1ceb53d
01d4e5f
1e9621f
1d525aa
1f134da
1ff1c93
031314a
013a807
036d353
00dea96
0018261
1d6e7b1
1d18a82
1c70f2c
0025533
1cd7bbc
028ffba
03c9503
0206dcf
1dc27c4
03a7fbf
1edb5d6
0147508
0360084
03772c0
02d16ff
00b62cf
1e83fe8
1d625a6
1d2766c
1d66a0e
1d51ab0
1d239b2
01c0420
01b99f0
0032325
1ce76f7
023301e
1d37f94
1d6f8cf
02b5671
00d295a
03de533
02696b6
03ca7f6
00ca3ae
1d4a6c0
02b9823
00ec038
0061877
1c56619
0293568
025d853
1f6b02e
1d43d62
022d78d
02630e4
00c63c0
03cbedc
1dde55d
1f2f23c
03dcfaa
005b85a
1fe1db3
1e0eae0
1dff59b
1d8aa54
01a1f65
1e15eea
1c01144
03e4231
1eb2fe0
00003d9
016a440
01bd746
009b584
1d6ece6
1c1555f
1ebe915
1f6cbdb
013f178
033b3af
1d79bc7
1fade32
1d035c6
1dbbe32
03a45b0
00b85ea
0242311
00cd1e7
1d661ff
019c317
1ce68e4
01ca521
1f06206
0077fc5
03b8d1a
014b74a
1f73813
1e6c821
039d596
1ee0577
034c1bc
0031715
0331fb8
006a02e
1ca7263
1d234d5
1ff74ef
0293459
1e08803
00c4005
1efa28c
01980a4
0364cb9
1d6f1f6
1f6341a
02ec227
025b99f
010dc9b
1dc8c19
1e55452
015b53e
03c3833
0359045
1dec665
01dab27
00cdebf
1c8d685
03bb996
018386a
1c43b74
1dfe815
1d931a9
1fd9db6
1f1859c
1ec4f92
1d2cbdb
1f10dc1
037e77f
1cc473d
013a36e
1d6f492
1db5853
1cf95b4
03f54a8
1c93b06
00d1e15
0071c64
03c0fb8
0351d78
01fffa0
0316f13
011710f
1ea0891
00eb96b
1db9b06
1e6eda9
1fb875c
0274e64
0348dd3
1e48792
1c69107
02c53ee
002499e
1ce42ed
015f55a
01cd667
1cf11e9
03b235d
1e3be27
1cc69b7
1d4cd1d
1e7912e
02a358f
1cbaf32
1cf0bb7
1f5f5c7
036e86a
0232c01
009cbbc
1efe8d4
1cdd043
003842c
007c24f
1f8665f
0311ecf
1e900c3
1d65a0e
1c65653
1f8c2d4
0267206
1fc18c1
0211330
009a3d4
1f55d85
0354e61
0184dfe
1de954e
0047c1a
1ede5bc
012c4fd
1ff7706
1f401d1
02745df
005fbf5
004c1c3
00bdec2
03cc30c
1e72c75
01392ca
1cd4efb
1e4c912
1f9471e
03f6c4a
1da4185
1d5fdcb
1e1de19
1e63aec
1e9bf24
009f0cc
1e8e925
0206a77
1ed0771
00e68ca
1f0d3e6
01dded5
01cde97
01070a0
1f87d25
031a31b
1e68153
0139fee
1f714d9
010ece1
0307b0b
028b5b7
1d492ea
1e3098f
018709c
1ef32f8
0159702
1fe8732
1cb1c7d
024b129
000fa32
0172988
1cfa71e
1d2e445
1db3112
1de28a4
1dbd278
0333b7c
00a596f
0199b92
03a4863
021cc0b
03d5d53
1f0f580
0001cc9
03daf16
1dbc906
0266fee
1cd2c49
028aef4
1c652e0
034a819
01e4ffb
031fa00
0289442
1e82a95
0303ecf
001767f
0222f2a
021a09b
1fc40de
1ee2e0c
0341bc4
1d595da
1caba53
1c519c0
0221457
1f67960
01ac086
02305bc
1e7ff1a
015b3bd
1c34409
1cb2c3c
015a73e
01a7f1a
1f7fd79
0037d52
013e77d
1f79eed
039abf7
1c13ed4
1c8a5ed
1c5737d
01e168c
1f31f2d
00edca4
1fcb0fe
1f5c0eb
1c53dfe
1f1ea27
1d5c3b8
1f99886
1d3bb77
01c31e8
018a96a
02a8d29
02b8c5b
1f92ab5
1e0844c
1eaef6b
0209c28
1ea0503
00636f0
1c7bb6e
01dc4f2
1ee5a66
1e1fd81
1c7d792
0348947
00c874b
03c1df2
1ef44ee
01651ed
0212430
1df8058
1ecaee0
1d25831
00c4f2f
1e924d6
1e2a6d4
02f1012
1e3e6a2
0202eb9
03eded5
1dd009d
1c6faf6
01d17a1
0210d2c
1c8fed6
1dadfd5
1e07af1
1d702f5
1de7d72
010c095
00c5a86
1cee0d9
1f1e71e
1fb8069
1f03acc
1fbd380
1f3b608
01f3e88
1d8b3bd
1d50687
00c0b2a
1e61c82
02b8324
1df653a
1fcbae1
1eb049c
1c62b27
006ac23
1e5eb68
0039a16
1deff9d
1daed98
1d35ee8
1d79c16
016061e
03206cd
1c286b9
00dcc08
01fca10
1f6b133
1d35526
025cdee
1d30ae3
0253f17
1cf8350
1d5fa44
1f8f942
1e57986
1e65201
1c68a95
1f1670a
1c95bed
1e2d20e
1f24db1
1f89fc0
02ca9a9
1c8bed4
03000d1
1c745a3
00f6304
1d1d02a
0256a67
00f24d9
0334000
00874a0
0000267
01bb5be
0298f83
03ea541
1f1cd99
1e616cc
0066462
1c50798
1e762c1
027ebf6
1ed87c9
1efc459
1dc553a
0024f99
007f488
1faa7de
0350cd8
03621ad
1d790fa
1e0ceef
01862c3
03faf2b
1dbc845
1e1887f
1cf4211
1db0f7b
0293a43
03e2401
0188f4b
01be430
1d26e70
1c273d7
02d4aa7
1c0235c
01aa53d
015864f
1eca11c
1ce55b6
02efe74
1ffdbf2
019778b
1e46dc9
036848d
1c762b8
00d8aa5
1f5617b
1fc024e
1ef437b
1ff44b2
001e24b
0232dfd
0038e92
036143c
1fe4645
1c1a7dd
1fd395e
024636a
1c018ca
0234f6f
02a4baa
1ccd4f6
02e1479
1ebeedf
1d521bf
1d69f68
01d49fe
03a24b7
1cc832c
1d13601
03cb194
1e4df50
1d97667
039f57f
1eb9e7d
01a5465
021a536
022eb00
1cdd51c
1cb42d9
0060b85
029adc5
00b0e93
1ec44ec
00a48df
0288784
1fb4503
031a9e7
1e8b3bd
1f3984b
1cbab3e
01d1e2b
02e1d79
1e7305f
1dd757e
015e19d
0257cd6
1c6ee2a
039f8a1
0167e62
01ed7af
01af80e
1c85c21
1f69cf9
1dd1427
1dd3776
010f644
1d74867
1f99dc1
03df990
03ff30c
034ed1f
1fa90e4
1f81b00
00d4c46
0163b43
1ecf379
010d1bd
1ec8af1
02b255a
0019b0d
1c81532
03e8f7d
00ea9ec
1e7fcc0
1d032b4
1d10d59
0008bd3
003e072
0048433
1f08673
1cd46df
1c63bde
01f1047
0068cc3
0328ee1
1f484d9
1e4bce7
1e4f0a6
1c12eee
00b72c9
1cdf686
0135fd4
1da96c5
006bcdc
0256267
0221858
1f1d49f
1c0e2e6
1de826c
1e3574d
1d2a39a
01569fe
00f6be2
1ebfffe
0098c00
1ff9fed
0398674
00d4f43
1d2abd6
1eda1ba
1f6f3ab
1da56d2
035cf88
1f24a54
1c54207
1fee7f5
1ca127f
01a5f3d
02793fa
1fec96b
015c6a0
00ef32c
030b3bc
1e2f1f5
1c6cc0e
1d119ad
00fbb84
1d0ae62
1e7e1eb
1e8e394
1f3e928
1cff0bc
01e37dc
1ea8138
1f39443
1ebfa71
025e0ff
1ef2634
1e46e9b
1e4ad97
0399e8a
02d8483
1dcd297
1d8aa8e
1da1b1e
1dedccd
03206fc
023a0a9
1fd1bf3
1e10d30
1e743a9
009c1ef
1fe6469
01b6ff8
00641b2
02285bc
1e8f478
1de7ddd
01662de
0107888
01a83dd
1ff2381
02f5736
00b53f8
0133bc4
1e3c54e
00c5fa1
00cb63a
1d08d3d
1c4e738
02e90e3
1cb69eb
023fb34
1f7f90d
1df70cf
009529e
1c03ff5
1e86a46
1c76741
1f023d6
0255cd4
02932a9
1cf0c27
1f5d7e1
1e49ee9
1d9ae69
0357620
1c3ba33
1e89fa8
1da2d3c
1ed03dc
1e8852f
03e1491
03af4e9
1c32cc7
00b851c
02c3ee4
1fb005f
036969c
03c3d16
017af59
0341394
03a0019
02fa778
1ec671f
00dad54
021b7bf
034fc05
0103e3f
00e3062
0379dc7
00d6a36
03c4f98
1fff886
1e2cd36
1c8cea8
1f89916
016a062
02f766e
03e1b26
1f59181
02489ce
0242f1c
035bc4f
1c1086e
01d52c3
03db4f5
1cc0562
00958c1
0025902
016c3fa
006478b
1f2ae00
1ec87c6
03dfad5
0120aaa
1eae8cb
1d816f8
017ee39
1e3a371
01f4319
1c8b665
0297bd2
1ec3480
1f82909
039081d
1e1ab85
1c2f9c2
00bd4f5
1d3da35
1dde9c8
01dccf3
01bf809
1ca1130
1d19abc
1c8f085
1fe4c4f
1e57115
1fbd9bb
0353c03
00e305d
029e50f
1f310d4
1cd28a2
1fe735a
1deeeff
03aee64
1d1a2f5
1c7485e
020b4e9
012dc04
017213f
00a36c6
0371020
1f69e32
1d49203
03ebfde
1ebf65a
1c5fe1e
1fd8420
1ec36b1
1e5d1b1
01717de
1e7da4b
035cab9
0204f40
1d41d95
01a0eaa
1e3fe3d
1f16396
0258749
004c7f8
00a4e5c
1c04311
1ec1fe9
1c44d87
02efe55
017f551
027c685
1e1dddd
0018819
012101a
0318f0d
1e19cba
1e9a1f4
02aa127
03b51d7
1cc845e
000fbf9
1cd13e7
1c52811
1c22fa7
1eb949c
0243e4c
1e927a7
02486f4
01a513e
0109382
02d7f40
1cdcd82
00d5d09
1dc265d
006df85
025296f
1df0b81
1e82078
012c858
1f9d267
00c6a4f
036de18
0144f2b
02f60da
1d03138
015fc78
1e921d4
1f8caa4
1d03c30
1f4eb93
1c2d573
02eaa14
03e319b
03033c0
1e49319
1f668e1
1ff5967
03f2ac9
1c74487
0027749
0114f6c
1f20a23
02e4956
027bb51
1f7c2bb
027f666
013a732
1d35602
029d9a1
1f10358
03a3125
03dc902
0122ba8
1c923d9
1d6318d
01d24f5
01f25ef
02027ae
03e01fc
01bc0d7
0145706
0324d21
1ea82cf
03f48b9
1e3bd38
023f20a
0187a37
03b3053
1d4d7cd
1f98130
1e08ed3
0248993
1faa9c4
1e927d8
1cdbd94
1eff888
01781e8
1e8ee59
037807a
0273715
01ef8b6
1ea4330
1d5a131
03bc0a3
032da06
1e4608e
018394e
03eddb6
1f3992f
1f0b2a1
1f8a1f4
1fb39c6
1d7da21
1ee5aa0
0118b0b
1c760ef
030a6bf
0239586
1d519c5
03cc96e
00708c2
03f1a59
027a49b
011abc2
005ad76
1c8ee87
020debc
1ffce6a
0315336
1ed9f76
0123ee9
034eb1c
026b8d7
1d9411f
1fe1bd3
02e483a
015accd
0348f13
1c0eb36
0045dd8
1f29251
007e036
03e12de
1ff1207
1da8f36
01a94e1
0020963
1c3ac44
1c19bef
1edcced
01ba905
1f79c4a
02435e7
1e7ee9e
1dd9095
1c72f58
007553c
1c939cb
039b218
1e127e5
1d3c10a
02bade1
1d7b291
1e0330e
01d8231
1e7eee3
1d141d8
1caf5a5
1df3ac3
1d9bc95
1dfbdc2
1d47ad3
1d74899
1c62f0f
034279a
1ee59be
01ddc93
1da925d
1e9cae4
1de6ce4
1f1049b
1d93c75
1d1981e
1e1d8ec
0037d15
01b524e
1ef5817
02ae050
1e432b1
009348b
1e49c83
1e0c92e
007b1f3
0215f7d
1c3b665
1d4cf7c
1c16804
02970f2
00652df
01111b4
1ee14fc
02f7245
005fce4
00e3846
1e54d65
1e73526
03ee248
01bec4b
1f21c18
00ff57e
01dfbe2
001af48
1e48f37
1f5e8ac
02298c9
1e51ebf
00c1937
02c5ab1
02febf4
03cb289
1dd4a22
0092612
1e1afe8
02d980c
1cc9b88
1e2ca68
1e386f1
039e80a
024ede0
02df54b
1ddc3f4
1d6c36f
1cb3ee3
1df07cf
1d42863
0383da7
1f284d3
1c89398
1e9cc12
03135c4
1e035ca
1d74f18
0337691
1fcc166
027b003
01991e4
1db4b91
1c585d1
1da5f7b
01a3b4c
003661a
1f47fcd
1e12672
0015ffd
0020b21
0109edd
03a269d
1ddc1d1
01ec01c
03b5b2b
1ea0d98
0190ee9
1c5b2e4
1e6f3d8
1cc6c01
1c847fe
0012126
02fff50
007d4f0
0320e08
014b007
00222b2
01a3ea1
1c54121
1cdaf1e
1f216b1
1c81b4e
0198753
1e8a41d
1e6eae6
1c19c8b
001287f
013b4fd
019aec0
03f5b80
1fa0f63
1d80a12
011e120
01005b4
0119e13
1f208ff
010dfbb
0333b2f
1f78f16
1d4682d
1d72b1f
1e0fe45
014cdd9
1d4bf6c
1c07ca9
1e5f633
1fdfae5
1cffb60
02b91ad
1e1590d
017165c
0032feb
02e66b0
015bf03
1ecc39e
1e5eae1
01e9ab2
0340419
1dcdfb1
1f05a9b
0008a52
0103e08
1ee8227
1ce499e
1fa0548
1f0050a
1cb56a7
015e77c
02603ca
1e21dc5
1ec7972
1f0af99
0318c15
1fa31e1
009ded4
1c62687
1f6e1e7
02fc0d4
1d53a9a
1dd8eea
1e95d7b
1f31210
03440ae
0062a1c
1e86700
02690ca
1ef97ad
012b676
1cc65fb
01d3d98
1e192db
1c1a760
00fd94a
1f19497
00262ad
022ddd3
1e0c08b
1d2736f
1d480da
003ddb0
02aaaf5
1d12f89
1d36430
0244cd3
0124e3a
01f3cb0
1cb2632
01a7381
003b7fc
018bbf2
1dcfde7
1f9e4f7
027d477
1d1e9b5
030d82b
1c60286
00bf376
01e5fc2
01aa036
1f69f1e
035b495
018de61
0052e59
022865a
1e117cb
02e55eb
1c6e5f6
0034f3f
1c6e35e
1ffb313
022cbb2
02f37e7
0387133
038f41c
00f65ef
1e3cccf
1fc2c38
008215f
1f4b286
00cb934
01f7fd2
0035aff
1d750be
1d05e11
1d4f9eb
1de63a0
1e9dde0
014125d
00596bc
01a9efa
1e1a67e
01e85cc
1fef33e
020df3f
00015eb
00c1e49
1db1f22
1fae7c7
1c0b974
1ff887a
1d87db9
1f29833
1ea9261
030465a
02422cc
1f1ec3a
030bb8e
00264d7
1dd7e8d
01d760b
1d1ea98
1eadcba
036c9c2
1cf7f0b
1e01a02
1dac76a
1c6761d
1e41f85
0246f22
01cd2e1
003d882
030f27d
019ad52
1c6bf7a
1c1be8e
1c21720
1e9be47
1ef9ad5
1d31629
1d91d8d
022683d
1c306a5
1f09d23
01190f1
1fa013d
1f4ae07
01695d0
1da0c6a
03dd19e
1e59d1f
1d146f7
0158eea
1e86b00
1f51150
036eef2
1e2073d
1db5d32
019580c
1cce0f4
0062fed
02ea848
00c6d8d
02d1f1c
03bb013
1f61aae
012ff89
1d45f2c
1d157c9
03acae9
01d73e1
1ee6c95
1df4268
02cc4b0
1f7e520
1e8759c
00c626b
01682dd
1c0fcc8
1e1f565
1eedde8
01d4dac
1d57237
0319274
1d5eded
014c7c1
1c6a8a2
0244622
006a109
1ea6bb9
00d3cbf
1e0a7ec
024b67a
022337c
0121f1a
007fe6e
1edc538
02067f5
1c38d00
02382b1
0358544
0166be7
00eec11
1c358bd
1f7483b
1fe34f2
001f9e9
1fd8b53
010ca66
00ba456
1d01e34
02bab1c
01e8170
006d3c0
1c12509
0090611
1c001fc
1e3a77e
1d2e6f7
01c880b
0004e98
0271c9b
1c89250
00459a5
01fa826
1c89f9b
00ad9fb
1d7d706
0335c34
03a46c5
1f243b3
1e70b89
01b3e3e
03bc8d5
1cc8e9e
022ccff
1d6b4a9
1f1ce18
1feced1
1fdbf2f
1efdeff
1d3d684
00000fd
028dd36
011112c
01e6df8
1f5cf22
1c7f6a9
1f261fe
02d966d
1cf684f
1f3fee5
01b7882
1df7a43
03fe7f5
1d478fd
1deea32
1c17048
1f5450c
1e1cd6d
01ef274
03627d7
01d7030
1dedca2
1df0c6e
01641c2
02a219d
00deb35
1e0e4f4
1eb6ddc
020249d
1f763a1
012e563
00408be
1cb643d
015757d
00a27cc
03de010
021fce6
1ddc489
1db0763
1fb8ae3
1c79bcd
1d7f50d
1edf47b
036fa16
1c37dc6
1ed84ff
1f4898a
03946cd
1fddd47
00faa25
1db49ab
021a0c3
01f7f63
1f433c2
1e19e64
00f8add
1d6884c
02e67b3
1fb51ae
0205c1b
1facfe8
02bca89
012484d
008b2fb
1c26c65
00aaf1e
1cb62b0
0253f93
1fa1f5d
010cc1b
01be976
01840d4
00274cf
1c1bc0f
03d5441
1ed3edd
1e8b108
0203f64
1e1efee
0192612
1f97cbd
1f5b614
1c06b0b
1f04ab5
1ecb1e5
03916cc
1e4b4d4
03dbc03
026fb3b
1f8373d
03f937a
0154aae
1fa1fca
1cb31e4
02f6d28
1c25bb1
1e91b1b
1fa9745
02d18d2
0192b71
1cc70e5
1d4d0e1
0305b4d
1c59f40
1e45f75
01818fe
0311662
1ffc82b
1e01687
00de116
01043f3
01b7ca9
01c04d9
0189c79
0064c43
1db674f
0288d55
1dc79b1
1d67bda
02e7c96
011b123
1cf237d
1ea31b1
1d1fa0c
1c53a69
03b81f6
1e2b80b
01e61eb
02b24fb
03854b0
018eaf2
1df40ec
1fb6b64
02f91b3
1c547cb
1e2f884
1c605be
0197995
005b885
024d17b
1dd18fc
1d12d33
1ea1518
1d3976d
00197ed
1cb7c8a
1eeed4b
030f406
1e37478
1d586e6
1c32077
1fe308f
1f8c8c6
002f111
1d04041
1c01267
0041376
00333b6
1c5452d
1d1a4eb
0232414
02c00f2
1fefbc7
024a891
1c513ea
1fb0560
00b1e8f
1dcf7e1
013cfa9
1c77f95
1f65470
1f713b5
023f9d2
1ea64dc
02a71c0
007dabe
1f7d4e6
1d18547
1fed3bf
1fde94b
038a4f6
0370eaa
024fb4e
013ad68
03c8e82
1ec0ea3
020bbd5
02b3a9c
1deae3e
1ff8c0b
1e30e90
0145d73
1fae7bc
1d0fd67
01544ae
1d2d814
0398ba0
1c69146
1fa015c
0228eb0
1d31805
0219617
02333d5
02bf62b
1cfceb4
1eade97
1f4f1e1
1c6c84d
0399b43
1e00cd7
0305999
0188931
00f0dd9
00d8cd7
02b6696
1dab71b
1ff00eb
00f5435
0034438
1e38255
01ab9bc
02a1f37
021bc17
01e51b9
03ad6c5
1dc3054
0218e02
1e398cc
015f3c3
1d64cc2
1ff52e2
038a651
1e0506c
02aa54e
1f37b4e
1c554b7
1ca609d
023eefb
1f152ec
1d123d4
018c0c4
00e951c
0370929
1c70b47
1e84de5
02220b9
1fe92cc
0342d11
1d433b2
009f905
1c1bcd9
0017444
1ddaf0b
012ecd3
1d0500f
1d87f9d
1ef980f
1fa9fdb
1f10f73
1ddeb25
1c6a8cb
1f77b88
1f4385e
1eb69ca
01a879d
1d8a116
016bb0d
1fdef96
1f6a486
0319314
00714e8
00bca16
0339e84
03881a2
1d7b632
0183ef0
030e413
03cc940
0091416
1d0ef1a
1e99826
018721c
01a82d6
036da9f
014eb73
1f2e8af
014f200
1f90f12
1e55c26
1f88161
0381167
1cf5b6e
02f495c
0018749
1e6d67f
024d05d
1d45c68
1d65927
0369e1f
1c8977d
01fc03a
0094a19
02383a7
1fd7951
019d8e0
02a1c79
00c3196
023dbd2
1e9447f
1ed9090
1f7c970
0278c84
00480b6
1f8ee0c
0005938
1e1eb1f
1f4b812
027f88d
03668e1
1f8a06c
1ff36dd
000f29e
000a918
1cc7a00
1fbf584
000aaee
1efdd48
1ffb0dc
016f3c1
1f93f0b
02c02bc
1f6bde0
03a76d2
1ee6d14
1e3fdfe
0271f73
00f2dac
0337f42
1d8f686
0259de5
1ca699c
037f1f7
1f0303b
028f0f7
0244b03
1d5e10a
0107873
03a1cd9
0245656
00fddba
01edd76
1fcc969
01259ab
1d5b1a0
003860e
1d5f3c6
1ddd757
1ea6e6b
01ccf0b
1c543d6
024158a
03fa7fa
03105ff
0073fb4
1c69c48
1d5e251
01a94ce
1cfe318
02a5dba
00ff978
0047115
1fc229f
1f6d1f8
1e7cbef
03c238a
021650c
1f87810
025f0f3
01099e1
1dd6b0e
02de7d8
1f1cc8b
01c104d
1c3e17a
1e988b0
02f64d5
1c7628d
0262088
0000dcb
1c7b44b
1ca5eb8
1cfdf9a
1e4b5bf
01e5d44
0374c74
03c36a5
00eedad
1fab6c9
02464ea
1ce8dc4
1cd7d0c
1da418a
0383064
00d1f0b
023308f
0253a17
1ea1f7d
1c0c90b
1d463e7
02fe972
1dbdf9c
0092af9
1f6ba1d
03414be
1d534da
1d68b9a
0267071
003f3a8
00d4abf
1cbc431
0174f33
010e178
03c27e6
0194118
0375446
0335baa
006e9c7
0178c78
1d3e24a
0359e3c
0390cb9
03bdde0
1dcd39d
01d32ad
1c7c0de
02380b0
1cfc252
0295595
1eb2945
1e77868
03d054d
1f19e8b
01e90ea
1ff8717
035d33c
00a740b
036d09b
01768a5
034a662
01626f9
1ccfe64
02dfaf9
036d31a
0129925
00b6aa2
03caad8
1eef97d
1f9d3d2
014e451
1ef3821
03ca314
001e6ec
1c61152
0272321
1d6d6e0
1d0ed5c
1c63b26
1d04cd5
0207bb5
1f8004c
1ef2018
00d292f
1d9345c
02c7bcf
1cb9a33
1f48b59
1f29aec
1f7c6b7
1ca320a
01a1d07
02ef623
1d668d8
1dfbc77
03cda96
1ec58cf
1d25478
02981c5
03b1410
009c1f5
0392819
1c63b7b
01da32f
1ce6535
1e55bc7
028d296
03a5a1f
1dee075
022986a
1e7b3c4
0064eb3
02e6b72
1f39a5c
017843d
02becad
00d343a
1ecb2fb
0151967
02f81b1
0063335
1c1ff96
1c099df
1d80f32
030c83f
1eb3d96
036bcf3
0180ea4
1fed29e
1cb3d9b
01ae0cd
0320d6d
0295a75
03810ed
1fb3941
1e943fc
03d1c6a
000a4c9
00bc154
1f8340f
1cebc73
1efdff2
019f458
1c19454
0168a5f
1e9db70
015bf4a
1e4d852
0186873
01e1329
022e316
1d1f4c7
03e59cf
01e41e1
0229e86
1f7ffcd
1e7f5f7
1dd5324
1de602d
1dca052
008d108
1de9f90
033ce6d
0383c2f
1f898df
1cc94ae
1f452f2
02e2e79
00a319c
01457ce
02a08ca
01f9dd6
015b36c
1d6cf72
1c5ce76
1ebc1ac
0066612
1c5b91c
1f8a888
1c11aff
1fbf9f9
1fd0954
0143a78
02e15fe
1de9eba
035fb32
02fafe7
1dbcec7
026d996
02e64b3
1f7ae5d
1d45be3
1ee221a
1e2e983
1d29fce
03285ad
1f901f8
007824f
022b0e8
03d1c59
00c0dd8
032c7bf
1c9b975
1f0991d
024a747
02b3c28
1f2aa1f
01f009a
1d49046
0336866
01d16b5
00c4096
026a7a1
1c644c0
1d0b4f1
1cdbe0d
0053a88
1ecd9bf
1dd4d42
1cf66ed
1e2653e
1d07013
000d367
1ff9b9a
1e16b5f
1dae7fe
033fe58
1f17589
1df8bce
03da66a
1f7d137
1c6da68
00f57f9
0323d86
02a5d29
0101db5
1d20cbc
1e5699f
0355864
0212529
1e9a7f2
01a864c
1eea368
1c7acc0
1ded38d
0375339
1cbe1e2
1fe2501
1de3a6b
014670c
1f642fb
1ee67db
007cf80
00f9cf4
015e24f
02e0499
1ddaf5d
1eae8e2
1f8694f
1e6fa25
1d88cd0
0195e51
1cc766f
1f9ec2e
1de593e
1e5106d
016f23f
1d93aa7
0229824
013376c
003fbd0
01303f1
1e2aff5
036ada9
00506af
1e50e9e
012c0bf
0099bb5
1d3d279
1dfa956
1df9b13
00590bf
01a818e
021665d
1f8d7ec
1ca0d62
1c62875
1d99eda
02d6bc0
1dabcfe
01317a1
0283270
02a03b6
01b5d7f
004d787
02d26d7
1e8706f
1ec5f7a
1dcb1b0
1e36b28
1f5d007
02dbf71
1f80cda
01586f9
011e1cb
00c37dd
03b9547
023f903
003fd15
1cefc6f
0033a3e
1f8d46c
00eb650
1f7ebf6
00efdbc
035bc8d
00eb01c
1ddd373
1ebbffe
0118e4b
01ec523
000dfde
1ed3c5c
1df68a2
1fffd93
03ac4fa
1f27176
0004f9c
1f5f359
1d20ebe
00f7c7a
00cf4bd
025cefb
03c7f77
1f58ebf
0098fd3
1ebd11a
1e9e46f
004dc93
0137803
1f21fc1
01a4351
0376b18
03423e3
03eead4
021aa60
1fd051a
00c9a69
0331854
1da7d29
1c25059
1c78dc5
0382999
01d2e4f
009876f
03eb2fc
1f39fda
1d9f7e0
1c2fd25
00421a3
1c061de
0222b36
00ce542
1eaf63f
1c06a67
1dcb4e3
1da352b
1dead1b
0327b41
1c31b2b
03c2e54
0170d19
018e644
1cd92af
0392a5d
1ef7f7a
1dc508b
033e72b
02a3c1d
03e5098
031fc8e
0102563
1c39f1d
1e22f6e
1ca16e9
1ef0b43
1e43e95
00b6fc5
1d7d472
0176d2f
1d97044
1c384f2
001b767
0158a2c
015a750
0308634
008053d
1d0a1a9
035f918
1e2ec6d
1e5ebd0
1e0d2b8
0097e2e
002e7ed
0136733
1d6ad5d
1f93b64
00a59e0
035538d
00508e1
1ec8a59
008cc93
00f210d
0115cf9
1fc1e2c
1e52ccb
01d637d
00f3801
1fd011e
038deb8
00ef81c
00e6e86
03e025d
02f8ca8
1ec960e
1eaa86f
1c46074
01f7975
0109d16
01d12bd
00597b8
03f3a0e
1fc8b17
1cc10e0
023ed88
1dac5cc
1dd7893
03d8a7b
027c8a4
1fc154c
01bcf00
03bb28d
1d81167
03e8be8
1e3c383
1f1a862
0126529
0282bc0
0322d90
1c9ffea
1d84554
1f78948
009a830
015f64c
1dfdacc
00d0306
011ded7
1d1a640
02723ee
1d64022
1ea2079
1c6bdff
007651b
01273ee
002eeec
013b17b
024219f
03561ee
1dd6c2e
02f5179
00de7e0
0013b1c
01ca072
1f9185e
01d5588
023fa34
025df1e
038f002
02ce008
1eaf06c
1dcaf00
1d767b7
0177fd1
1c8c853
036a097
1fc87a2
004cd6e
1cd3693
1d963c2
1c628b8
01c1c53
1e8cc51
0128a83
02b551f
1fa7b47
02e521b
00b9e48
0126b84
1c3081c
0107e65
00b0187
02fb4a0
03a3fbc
1d45d22
1db34b5
0244b68
1dccc1d
1e7e198
01eb167
1c9a808
1d3e5db
006029d
0236a57
1c6485e
1d68fc6
1d0ed19
02cede6
0339fc0
1e11783
1d4e8f3
1c7e9f0
1e44d6c
1db737d
1de168c
1cb1d94
1e932a8
1c0155f
1ecdbfb
1c30896
1c3e636
026db17
1eafeb3
00a8c14
1d0a1bc
02ad9ae
010964e
0225af1
1c7a8d0
03b3353
01535fd
020ec72
1e448dd
02bfaf6
1d500a0
1c75868
1ed0ea1
1ed65aa
00d81e4
0392768
00ad968
1cf5ad4
1f542e7
023adbf
1de6b63
03c6632
1c19a24
02e890f
02aab9e
03af0a1
01de169
033721b
1d5dc4f
1e01bc0
1cde319
03bb840
1cc3dbb
01cd3bf
03b896c
1f85126
1ce2d74
1e24c4a
1f62839
1fd05b8
00971d7
1d16450
02b7e6d
03c1b4c
022bbb3
1d2b4b6
1fbe62d
1e96bfc
1c74de6
1e8d42a
02758c1
1ec2519
1ea6456
1d13505
0163df4
0345e48
00a777c
025e664
032aa03
1c3be74
1cb64e1
1db25a1
1d45091
005cf78
1dcda7d
02dc5e5
03c73e0
1d5f7aa
1f26b13
1cea5cf
1d48950
029f2c1
02902df
1cba3f4
0102c35
1dd130a
1f53f73
02a4f4f
1f96f7a
03a23ca
1d6964a
1fd990c
026f9e6
0037a10
0394ab1
1e3bf9e
0169886
02cdb9c
03d357c
1ca1d7b
03c28cd
1d4bf54
01ebb7f
016e1a5
1cf7d78
039a5e7
032e074
1ef2d42
1d6c4b4
02d4429
02891e0
023ddd0
00a8dd5
02b520c
016c07a
0283ad7
004075d
012eb6e
0045369
1d29e3a
1f54a96
00d3efc
1d93d03
023e932
1cbf4b5
02c3a4f
03e168b
1e98096
1ea5832
1e09438
00b8821
1d32636
1c7fdd9
1c6728d
01dd2c2
1c0e296
02cf927
1d8c68e
1e22c7a
03a1052
0302d66
1ff506b
0306fe2
00c9a4f
1d3b19f
034c66a
1fca0b1
0253c9a
1f8270d
1c41ab8
00121d3
0039eda
1c29e25
037819f
0303980
1fe12a6
1f49ec6
1e16344
025a771
00ae63f
0310a59
1f1e35e
1ca7186
1dabcc0
02dfbe2
0299c4c
0213403
02f77d2
1e888ad
1fa71df
1dacddb
1cd3aac
1c683d4
002a94c
02a8ff0
034fb6d
1d34b0a
010bd11
1c52a6d
1dff093
0097b6a
1cb4456
1e547f3
1d6ff14
1c9c0d1
1cc6a1b
00b2b87
0182554
1e0132b
1e91a0a
009c609
0343375
1c5ff90
1e58997
0379601
00cc49c
1fa56c2
03765c6
1ee1394
0375043
01b85c6
1d85dbc
0041810
1ea8877
03e9688
1d63b19
0128919
02921cd
00f9190
1fb3fa6
1c64b9d
1dec477
1e9b6be
1fc608d
0287ee1
1c3589e
0279242
01bd988
1f212e6
0228659
03eee10
1ce0a94
1c3e71d
1efc6a7
1c24499
03496c6
1c329fc
03c0b0d
02fcf9c
032f882
1dcfbac
02e594a
1e30690
1fe4e39
1cff1a3
1eb34d8
1db37ea
02b24b7
00616b6
1deff4d
1e6efc1
1d9ca62
016adaf
030a3de
1e9e6a5
02b29da
03c0f8c
1e10e90
1d00bdf
02ae226
01d4851
1d56a53
02a0be4
1f28f2d
0117d2c
1f9748d
1c51679
1c7648d
1c4a6f0
00ad30c
01b68f6
1cf5385
02f527c
1fdde39
0236537
012f9d8
1e8c984
1ca9dd9
1f2485c
1e22b8d
1d5a275
1ec11a9
01c9e13
02a62b6
0201448
1e8fb9d
1ec29cd
0130cb6
1d60e42
01342a5
1c68409
022038e
1ce032e
0324d14
1cce1a2
1d4caa5
03801b0
03ae6c6
03659a8
1e0b209
1eeac42
1f71b1f
020a38c
0168aa7
1e36719
1c5a476
1da4219
1fd9a73
1d9f590
03c5801
1c1b20c
0185874
02c3a0e
1da6be1
032d91c
1f3f13a
021c5fd
1d81bb5
02bfef0
1f4f515
1f2f492
00d63b0
03a447f
1d3c793
03abf58
1ecd6a8
1d116e5
02879f6
1f0396d
0027a68
0289758
1e3ba85
1c13f94
1fe22a6
01cf242
1ebe38c
1faad75
1fa7627
1db1753
1c0b1eb
0249aad
1c1e386
02b9a8f
03fd24a
039d247
1fb4486
1f5f5ba
1f28754
1e7716d
1d42b4a
1e9f970
1d5a167
01881b3
1da7c33
1dffad8
1cb06b1
01d6fa9
1ccd746
0169845
1e2c0e8
1d79cf4
01d7f11
1f62a08
01a8001
01a8a0e
1df57ce
1c2270d
014bdf2
1eaa371
017a22b
02720fe
00209f6
1d7c5a5
01da092
019d832
02c05a2
0114efd
02ee031
1db301c
00a36d9
1d71649
03eb7af
03d1a1f
1fd7e62
03ab9d2
1c78959
0376591
1eebc9b
1f0c5a1
1dca203
01548fd
01e2a65
00f5e86
00d4f2a
1d0be80
1fd49ce
1e32a06
00d1a51
1d6cac3
1d97cde
1dc1bbb
0299886
1d7e1b5
1e33f7e
00036c2
01d3406
1f0ad46
1c2a225
01b92cb
1c70a64
1f5ad7d
1fe2610
1f870ad
1fd005e
1c8f8c1
0285fd1
01e321f
1c932fe
1d61a1a
0130de8
021ee17
03815d5
034a06d
1d12ba5
1e40f3c
006a82a
1ff5e78
1c84033
03ef66d
1ea0564
1fde52b
0310ade
1f77ba9
00ce3bd
1d592a0
1da6d4b
1f23b0f
1dac440
00d9813
00962be
1ff0866
1d9bbc6
016c578
0194086
017aa4b
1e91779
0076f28
1f1fc22
1f4cd6c
1c516ce
1d9a2eb
023c159
00bb9fe
01a91e2
01124b6
0393cf1
1eb4311
019141d
0285030
03fabb5
1da9326
012c45f
1f6023c
03e4d36
00a75d7
1e0f15e
0342f18
1db008e
03e673c
1c70550
0048161
1c7d5c6
1db45bc
03ccef0
1fd8eb8
006aa6d
0157590
1e32b07
1e5e163
03f2680
00b0b8c
00915cb
1cb216b
1c655fd
1c5cd68
02e4be1
0358667
009e6bf
01ed64b
1ee1556
021c699
031dce6
00787ec
1faed1c
0182d0f
006f1dd
1c019e9
1dc2605
03678e9
03d777c
1f48123
1c6e1f7
1e0d5d6
019c1bd
02b3fb3
1d25980
1f09a67
1c1158f
1ea3483
03b1fa1
1cb56fb
0199d37
00e9923
1e02f90
1ee0573
00b3989
01204e9
03d850e
1ceeccd
1ea9c5f
02fb383
1c0ed21
1ce541c
0239180
0114de4
1c36bfd
1fb9483
1f5673d
1ffc6d5
015b142
02ae91f
1c976f9
0251246
004455e
02ab4f4
0186feb
02ce056
029a4ae
1e84e69
1c8be02
03afb3d
1feeb5e
1d46916
1fdafdb
1c24ab2
031340a
1faea35
03afd0b
1ce2027
1cc00c3
02eea0e
03b7c61
1c8d0d1
1fcaecc
03c232f
01475aa
1dc3111
1d2c92b
0364f0f
0201c81
1c98efb
1e98f24
1f8cbe0
021a336
0383a1b
0350efb
1efc2b8
018f829
1e753c4
00c708c
0210d6d
00209af
1ed231f
1c2d97a
024d40f
037b6ee
1d77bd9
1f0b276
1f6d412
1e8a197
1d0c058
029c97a
1d46a04
00d8c05
1c0c533
1d41d73
0034033
026ddb6
028df6c
02030ce
1d5ab91
010990c
01df5cc
1e00a2d
1ffcc8d
028754e
00551e9
1ca5814
1edca5f
1d714f0
1caef75
1d9b98f
038691c
1f814bc
1e4725e
0047efb
1c1a346
1f5fec0
0004a8e
1feec8e
1c59746
1cb3733
1caa7bb
1e3d57e
1e0f958
01367b8
033453c
00745b8
01732ff
1ebf05a
03e5f90
1f09aae
1f7b91b
1dd1256
029bd60
1de7066
03843a8
1ed2890
1d906df
1e89491
006e8ef
036c0d4
00b46e7
1ca6354
0384510
012d0a1
0184c9c
017c24d
1d55288
0196327
1c718e7
033df73
1e66621
03a178a
01ea2e8
03f9d44
018677e
1c9ffbc
1c12074
02e221f
006bcac
1eb7195
1e7aa9d
02e846e
0338669
1fda201
1d97511
1d45a8a
1df0397
1d6276c
0198c0a
1e50089
01adf68
0319874
017c055
031cca7
03ee8f0
1f4b36f
001df2f
03d7d5d
01b8d35
1f0abde
01e94b9
00fca77
1feb897
1eb249e
1d92cdd
1df8e0a
1ef960e
1fc24d1
1e1963d
1c76f49
1caa536
0137094
03692fc
1d8f077
02f8848
1dbe9c3
037f3bf
1c9c712
1ffd05d
1c2fcd6
1d95fe9
1d9d79f
1e68b31
1cc103e
015b654
00db473
038c5e3
002e2d4
1d92cc7
1e40ba8
1cdf41c
1cf597e
020204d
015648c
1da0d14
02cac01
02f2d84
01fdaa8
1c01d52
00e49bc
1c06aac
1d5242c
0237e88
01cbe00
1e12ff7
1f66325
01670a9
1ea1208
030c114
004789b
1cefc95
1f05bf2
030cb5f
1d2662f
1cee290
0330925
0158f61
0224006
1ceaeeb
1f79e55
01cd176
1dd7cbc
0209fc6
0328678
1ee13dc
1ed0616
1cc85e7
0103a19
1c22df5
1ecc822
011b9c6
0004d80
019df2a
01ad7db
1fa75e0
1dfef08
01fa200
1c8c592
03cc30a
1c2c475
0272b9b
1fad077
1e50077
01a459e
1ec32a9
00020fe
1edcb73
1c0b10c
035fbdc
1d19cc6
1c3ce9c
0074975
1e41a04
1d7b0aa
1d2e9e2
03124d5
0241fea
02f1686
001a9d0
00ac310
1e0ec61
1d14fbb
1f4425a
0069d23
1f778e3
1c4df90
1de1783
1c1b1dc
01e0615
0081ff3
02f9b11
1ecd7ac
1d9637c
019bb1f
039e0f6
1d1155a
1d6c09f
1d0f69f
1c7d2b0
1e8956b
1defaae
1e9c432
1ce0e55
1d4a2c3
1e02cd4
1f3c455
023b01c
1ee25eb
020d95f
02c34a7
039558c
035045f
02d3436
1f0de59
1e69c9a
00fa91a
017c58d
1fef639
0012e6d
1f16f49
0336c79
039c381
1c408f4
02e1680
1c577af
0375860
01f77aa
1f8c846
0346399
007fb42
01b5f2b
1c5fc74
00019a2
1fb4a92
1cf00c0
1c387b0
1d6e21b
1f42619
01a2100
031ff8d
1cf65cf
1f04702
0301265
0323b02
03b1838
1da4713
1cd651c
028eb55
1e5f8ad
018fbce
1e14ee9
1d7271b
1e1a440
1e6cfa9
025e6c8
029d291
1f9c5ba
1f079c7
1fde561
1c2c32f
1ed13ea
0146114
1cf7ce3
01869d8
1dbe842
1ee0fa0
1e562c4
020599a
03264c3
02eabe6
1e6d513
1e1e6fe
0036ca9
03afaef
00e8fe0
00ad314
03fa180
1e2af36
1de93f5
1d6d949
008955c
01493d0
1c658cd
011a474
1f41e28
1e4f38a
01cfa18
00de4ce
027a4c9
0382c7f
01853df
01e8e63
1de3d5a
1f8a778
1c72718
0270f99
01c72bf
1dc4355
0230f16
1e39560
1e3921c
02ef30d
1f7b7f5
0188a43
0394c7e
036c4b0
005107c
0261689
1c6a4a8
1d473fc
01b2eb0
018054c
03b99c2
1f76da3
01a6f2e
02db196
0064ed2
0085bac
1cadd73
1eedca9
1fd2446
1feaf28
01796bb
1d19dc0
1d09df0
013dec6
02d6764
02e3823
1e0ef1d
1c571ea
1c18754
002c515
1d22d0d
03a4f40
1e83a5e
01306c4
1fe692c
1fdfb2f
1c6d582
03e54f8
1c64897
1c19a14
020a5a3
1c47004
1c409c4
1ece750
018b6d2
036547a
012a6cd
1dee402
1c0d94b
1d894ef
1d8986f
1cce496
1e32498
1e68a42
025ecbb
0019e4f
0252b41
1f2d5ef
030cd92
0370b06
1cc37a5
1d87628
1d52f3f
0106b6f
013482f
005fc7d
1ca12cd
0087e06
1d5677d
03b0783
1e6ef07
0118a63
038d359
01acadf
1f4fe29
1e47bc0
0353b41
0296e34
003eaea
007322b
03d26e1
01f35bb
0173386
1dc0fdd
1eb3cd6
1def89a
1d7d71e
0281c7c
014afa4
03637de
1c7e12c
025e513
00d615d
004d0bc
1c9b02d
1ebc930
1c18abe
020b921
1db43c6
1ca4be7
00edef0
1ed8518
1ed7bed
003dcab
01a97c8
1dd8933
03b813d
0207e8b
1dc3799
0207ac9
02fe822
03f4fa2
01c29ed
1f22918
1e79cf4
1d2d911
1ca6424
1c5f204
03ec8d4
01c8762
02db875
0062db1
1d5a3ab
1dcd334
1f417cc
1e99b3d
022a168
00e7906
1cc77e9
1eb5688
03dca31
0098087
1ef2f49
03ca421
02cc16f
1dcd959
0209181
1d20b9e
1d266c3
0227ba3
007dca7
1d419e5
1eb8b7d
032de39
03f66ff
1de6b16
03844bf
018134c
000f155
0017910
013049c
01e9f3b
00dc972
01ecea0
0056686
01e7248
020320c
026b84b
03a99fc
0074179
1cb42c3
02e16e7
1e95499
1f64830
1ea2ee4
03e5eb2
1c4099c
02933ca
005b3d9
1ccc161
0233254
0354a84
035b0b3
1c68113
0123c65
1db6732
1e35ef8
0045790
0056016
1c7b55f
0025e9b
1c53323
1c84513
030960a
01d0d0f
02b313f
1da81c2
01b6aa3
0220f1a
00cfe37
032a59b
1fdb493
0309b03
031a1a8
1de08f8
00dde9b
01e6915
0219729
1e757a0
02d41b9
022070d
1e60bab
1cfde5a
022a158
020c3da
1c481f4
1d65ca7
01ef8ae
014b8a3
0034273
02e67a4
1cb02c9
0345277
01ab55b
1cccf56
1d15399
034e3d6
01bdb3c
01f6e16
03830fe
03465d9
0389ee8
1c7382a
1ceb338
02e76cc
1e42500
1f542f3
1e9d8e8
009ec0f
017d65b
000ccb6
1f593e6
0370e61
0368cf9
011b8b6
1de94bd
1e440bd
1db7687
01ff946
00c4c1e
1d6b5a1
03d5624
0264e6b
1f66789
038f7b8
1e69b77
1e1fc8e
1e1d4e1
0145b22
026a0b8
1d61bbe
1d73015
039b94a
1f19ac8
003d775
0155137
1fe7202
1d61938
0300fd0
1f47f3b
019f5eb
03e3f3a
1def1d0
1d89ac2
1f8c3ee
0191176
1e01f46
1c4d3cb
1cfa96f
03eb342
1c823b8
03b3dea
1ea53be
1fdaf6f
1cee034
0262786
000af83
024e7d2
1e52b55
1ecc498
0318ea1
0127666
0023e17
1e72f99
1d5a269
1dc45ab
1f2e509
1e96795
1e9a0c1
00800ed
01fb96b
1cc05cf
1e416b2
1e74204
03995e9
0392ff6
1c07142
02b916b
008f33a
1c09d04
1fb7591
015752b
02b29ce
030365b
02e94fc
1d54fa1
0012207
1d4cffd
1fc783d
1e24be5
028b460
1d963da
02d434d
02c1eb0
01521d8
0074081
0167fb1
1d953e9
1cf268b
1f70970
1f0fa7d
01efebc
1f51d0c
009dde4
1de47ed
1fa67db
1e81294
1df155e
1d686e5
020b00c
1cf746c
0292bbc
00dd67e
0335b6d
037bec2
0120ac0
011daa3
018a8f0
00a668f
01fa5de
013b168
026cd88
1fe3191
001fee7
02ac350
1c09382
02ad672
03e1334
0000951
0360fbd
1de8835
0176c16
1eca4fd
1edbdef
1e4b8b5
1c0bd08
02bc655
0157857
00470f0
1eea4ef
0081841
1d1c6d3
1e33c24
1e8377d
1c3de09
1de7d55
1cde824
1e9a603
01b41d7
1fcb4d2
0186d74
1d38da9
1d60efe
1e21e36
03c3bf1
00ca522
030ce93
1f14e47
0228996
0063ee7
1c45419
03ba4a3
0339eb0
1f1187b
1d95b53
1eceb4b
1e1cece
03af827
1eafcdb
1d0fc59
01ee5fa
02ddec3
1ecfd02
1d59218
1d26e60
0066777
1ccaf40
1dc8d14
03e495e
1d27c9b
1f2ea67
1ec4c8d
1cfe0a5
018449a
1c97ad0
00a6b01
1c9553a
02edf72
02c0116
1f24b2e
1f6e4a6
1fd12bd
02abddf
1ebf0de
0312a11
0218b03
0379e52
02eb454
1eaabf7
01b33d0
0059d7e
0047070
1d52b51
01b0468
01704d3
1fdba06
1dbd2c4
0331177
029b803
1e37cf1
1c51228
1dcc2e3
1f60126
02ee76a
03807ab
1efc7d4
03cd1c8
1c4c311
03b8faa
1d7fc2f
021025b
0323126
009c20b
03ca595
1c0cda1
01097ba
03b55ca
01dc0c4
1f02672
1f736e2
1eb048d
001ea55
01334e2
1c2d0e6
1d882c1
00f6bde
1c02da2
00d218f
1fc7132
1f7ee5c
1fb23b6
1f06467
1cbf2dc
001500b
026de33
1edf111
1ffe55c
1cbc954
1f61ae0
02d9e9a
017863c
1fe5100
1c5285e
1d58bf4
1f80c08
1ea69ea
1c20b86
00ca283
03adaff
010cb0a
017f8db
01d826a
03b9349
1e9e528
01b071f
1e647d4
1ed6c1a
1c91793
00a9ed8
03e1078
1edfd17
1e3932f
0298de8
0212940
1d3ae40
022618e
1e46260
1ee2ed8
1ebe100
0208a9c
00d12fb
1db1f2c
021cb88
1ddbd7f
0063c1a
0006572
1f2be57
0227d2e
1cdff8f
1ef51ad
01b2526
1c05199
1cef7c5
1c5d280
01a1074
1c8dcd4
1d83c3f
1f502b5
1d82b17
02e13e1
02eafdf
03b63f4
1f66bc0
00a629b
1d53bfe
1c8333d
1e284e9
0219075
03813f0
0324ebb
1c174c9
019b0c1
1f809b2
0332774
019c494
03edd6d
1cfc74a
0353bcb
03b20b9
1ff281e
1ea5eba
02dc404
02c8914
1c36f8e
1fa195c
1d4e2ca
1fb9ced
1f5a12b
1d50133
1c1bdea
01b8c50
019123b
0020a06
0064e96
01fa870
1c35771
00d06ff
1ec8d72
1c4693d
027870f
1eff2e2
006d6e1
1e11adb
1c7acda
1d4d80c
0130183
02fda38
1cf92d9
01414da
01dc88b
013840f
017b4c6
021cb5c
1e808d6
1fad56c
1cb1d12
1ff3dc3
03779e5
1f739eb
02c86b3
1cfb080
0120648
00520e0
03c1d40
02a1c2f
038c87d
1f679a5
1d9fd23
0019706
00ac258
1ffc94f
02cfdbf
033b735
1f58aff
1d7507d
1ddc736
1f73c0a
01aefcb
1e7944b
1c74433
1d8443e
01cf827
1ca71e8
1d8e81f
026709b
02bad46
1e3c356
1cb6bcd
1f8208d
1e61efd
008e0ac
1d2f7dc
031677f
1f1e544
039f2cc
1d8df92
1ce80d7
1ff5fcf
0221c10
01e4eb9
1e46240
1fb0269
0341400
014e5f3
1c5f978
010f4a5
015be85
1dc87b3
1c4e746
004cd13
1c9dd4b
0320b54
0204136
00620de
003a2f7
1d758a4
1f5eda9
01dd37d
021de1c
0145961
02b4c16
00faffa
1f7d125
1f77a75
1e0c65c
007f086
0232cae
1f6591d
1e8ce2e
0223dd6
0343eef
0152f10
020514a
1c0bda6
00c9bce
038eaad
1cc8772
03fafae
0084476
01f5f9d
1c53f8a
1dc2459
017edf9
030b306
0221ab3
1eab20c
0324732
01c7b36
0322f65
1c92bee
1e2ffb0
0376d70
1d4fb4f
0055a31
1cee40a
1c2157f
016287f
1c40d2e
0018d43
03278af
00bcbe5
01b9d96
1cf334a
1f5226c
1ea0101
03acb3e
013c678
1d68110
01be5db
1f21dac
0278261
01ff168
1d8d05b
01dcfe3
1ec18f6
0197458
1e8d0df
01b2984
01c642c
1f8efbf
1c82934
1c023a2
1e8676e
009fc6b
1f5e512
00d798b
00752db
1d2e9fd
1d2396e
0241e33
0390b26
018b36e
00d228f
1ffa568
0267024
1ff1ea2
020d240
1fd913d
1e5982a
01984c2
1c2f2bd
1dbaaab
1d60f91
02b15a2
034fd47
1f9a30e
0170cbc
1cf7ba4
01f139e
0319fc4
02986eb
03f0e0b
02994f9
02926ad
1cd2532
1d7ed64
1c91cce
1c5dbbf
1ee7638
1e8acaf
0161386
1e28a86
029f026
1c5e6df
1f39dad
1dc1438
01bb38c
1dcba33
00572d9
021511d
1da5475
1f90250
1ea6b2d
02f032d
1e5cb57
1c001c6
036f5dc
1f23dbf
1c51190
1fc707f
02bbee6
1fc75a7
031b943
03ceb44
010a89b
019f2ba
0150926
1fd9aaf
1e4fbee
1e29f47
0131bf7
1c95472
001c266
1f7bc63
039fade
1d3a682
031d2cd
00636cc
1dcc10c
03522c1
1e96f44
1fa87b8
1d57849
002ea3c
1f34002
1de8162
009e5fa
1ee55cc
1f0b05a
021d8bc
0077032
0267364
02575ef
01d6432
1de94b8
037fe15
1f2c679
026e95a
01ae756
0160149
1ca121e
1d13775
1c25ee6
1f1d7dc
028088a
1e0c04f
1ee4fc1
1ef5e44
0193651
01b0e65
0333090
1cc8e7e
01fbba6
1d980f4
03ff34d
0231d78
1c8faeb
0080ee4
025f890
1db0027
1d684c6
1f48bc1
1cb2ab2
0349189
02e6c0e
1fc4e81
1c992d9
1e80ac3
03c5cbc
00c9ae1
1e9f5ef
02b6453
02d9b6f
00c25db
1f347bf
02a5f2c
1fa527c
1d3ab80
1dd0651
0111b82
01c252a
1ec02a9
1c936cf
1d5b6f3
1f1fb4e
1d43d51
1c8f6f8
1ec3ad9
1dcfe8d
1dc1b0c
02d8fb5
023fc16
1fa4238
1db52ac
1ce6812
017c5f5
01ceec7
1d6cde4
03ec153
1d50fe1
01c7491
01dc951
1dfca89
00a5dbd
008eb5c
1f6d3d0
024698f
003fb76
0399e78
1c392d2
02a7aaf
1c7df5e
1cceef4
0365ec6
1ec57da
009468c
0061b94
01320dd
1ca437f
1f40de9
1f31bfd
03fb8a4
1ff9467
1c5630e
019ad95
1f5f74b
1c8663a
01b273d
01d7740
034df46
1c2cc7f
1d14d00
00f1ca2
1c02573
01cca6c
0159b7f
1d071f1
1e57333
0049e6a
1d55eff
02d36ce
02b486d
03244ea
0139ca0
026c046
1d659dc
025e902
1c7bfb9
1cc99c5
012a086
014b6bb
036c573
1c3e15f
1f4ac46
1f60417
01fb097
022800e
02e6bc8
00edf71
1f2ab20
1d43639
0003f29
1df85b2
027a1ca
00103a4
02ed22a
00c2ae8
1dbd45a
1e9d6fa
027aa76
00ddfd6
03fc359
1df7819
1ef16bc
0310f1b
1dc133f
03823f1
01767a2
1f8c627
1cf50bd
02582e0
1fc316f
001d073
1e48a39
1c8e8d5
0029a0a
01f96c1
1e79831
1fb8f29
1fd0fc4
03ae0aa
1ca4671
1e6eac3
1ce3994
030c0a8
02a8e25
1ebebf3
000bf97
00c9ba4
01659bd
1e65c8d
00a9eb4
1efc787
03da91d
028dd9c
1ce468f
1d7434b
1ccf0bc
02d0d3d
1c167d1
1c57fd3
1f9c28f
1df0b08
00aad21
00528c4
1d1bb1e
1e49a6e
1c29044
1c4ecb2
1fea1bf
1d78d92
1da3281
03639d9
1d33185
0083463
00076ce
1ff5fd4
03a0ac6
02749f8
01c130b
03dafe9
1da9770
02557f2
1cc80a8
1e0b977
01e1dc4
1eb2783
03b9373
1c6bec0
1f76b55
1df69dc
1e3f3af
1d06720
027fbc4
0210352
1d3b2d0
032d1eb
1f76140
1dc8d51
1db25d0
1c60028
1ef9ba4
00bc1c9
1fdc821
1fb464c
02364b3
033d85f
038dc46
0241e27
02376df
0389d4b
013ad7b
039da29
0264250
1d3a484
01606b6
1e97380
020892d
0300604
020c2f2
0269a8d
1e8e825
029ca6c
017112a
1c7e687
027011c
009b8eb
0288450
1d5ab4c
008fbdd
01786a0
1d591d9
1f7ef2e
00ef324
1ea065c
0225b7b
02c298c
023b031
1ffc0ae
1eb4dc2
008bdaa
1c976e2
019e4d4
02b6485
0177cfe
1e0be37
030431f
1c0edff
0138e02
1e32ebe
015f07c
01b954f
03e23e5
1da9505
1c33540
1ddc35d
1eaa2f0
00c6b3e
1c0e88c
03632e3
01f5288
02cd626
014f716
1fc13c6
1ed85bb
03a7f8f
1f98def
1cf5ee7
0109235
02796d7
1e70984
1c2b1a6
1ea0bb2
1e2859d
1fea4cb
1ce63c0
1c3c4b9
008ab58
1c57d8a
1dc4e90
1f2b928
008878a
1d7be71
1f7bcff
1f03aa4
1cbd1a2
1d8cf85
1eab795
025036f
0112029
1e3a722
1d684ad
1f9dbf6
0036fab
1dd6289
00298a6
1e2972d
1f4ba98
023f36d
008d44b
017d5c2
1ded441
1db81c3
00c355c
1ec3d3a
020250f
1ed9d85
1f7d1d9
1ff3930
1caabbe
01cce44
024b63e
0210619
03cef4e
020f6d7
1dfbd4d
0187929
031ea55
0194b00
1c8f510
020056e
1eb4fc3
1e2b8b2
1c65972
1d47f18
1d51239
01590ee
02e505d
00feb06
1d1e207
1ff9331
00bc179
02ec296
1d14fa9
1fbd5c8
00b379f
0022261
1ef3bb3
029172c
1db210a
1fbcfd2
0239ee2
1e4e84b
1f4b802
00274e7
1e5144e
01c07ec
00eecee
0191f30
00092da
0129b48
01df3b3
0322e35
1c30ac7
1eb4e9b
1c5babf
1edffc2
034937d
1d51712
1d44a77
1f08516
1cf171f
1e20627
1d17611
03db3c8
1d5d959
1f8de5f
1f1ab02
0106d46
1f971b2
1e63aa2
1ddf2fd
1d9d8fb
01e272a
1fa5728
1f83690
0361141
0064781
023852c
1f863a3
1f9f3a8
1e18fe9
03843e5
1f8bfbd
1db4a60
1eed2df
03f8219
1e82259
0023ee9
01c1ee7
008e3d4
0304923
1d83fa1
1feb630
00357a3
01db125
1e7b106
03fa2e2
1f41a2b
01ad64f
013057e
00fe439
1ed0010
02a8151
1cd09d9
1c130ac
1e291ad
1ea3670
02f8c8c
00257e1
0237c84
1e17de6
001e52a
0334f59
1e3caed
1f415a0
1fae373
1c4346b
1ecdf0b
1cef238
02942d0
1f2daae
1f7ff83
03c270e
1e5c4a1
1f1d592
1dc2cdc
1d9563f
016fce0
1db8907
1e7e38e
1f27aaa
00288b5
019eb31
1ebd568
1c33ce0
1efc496
001eb50
1e5e52e
00f6a2c
1ff480c
02740d3
013ea8f
020170f
01388a5
1e90bc5
1dabeeb
011b26a
034d3bb
038363a
02c4da8
00c1147
1c78a07
1ef5dc4
1c50a0f
1d1a310
1e8f1a0
1dd3161
006950f
1c17b88
1dc4661
1f55a09
037cfc0
00db4c4
018013d
1d9e5de
1e5ec6b
00e602c
1cc85c3
1fc110c
012d4b3
00fa963
03adced
03567e2
031b68c
00b7212
1daeb44
01b6c73
0086311
1d441c8
1e111b2
02e58d7
02a38a6
0285925
1fefce4
00096f9
1fc9bb1
1d5b947
1c8ada0
1f5b6db
0252f47
1e4f969
1cf4fab
1ecedc8
0154668
1ff257a
1c0e9c7
1cffc92
02a2935
002ffee
01e83f8
1e7c422
1ed4178
02c33ae
03018d9
1ee36ee
1ea238e
01c2734
1d0e1d2
1c353f7
1c9e8e0
035fa81
0242458
1d9df8e
018ba18
00fd23e
1cc69bb
003be9c
1e61c2d
02f8c0f
1c3ad5e
01c474c
032936f
1cd9a93
1cca66a
1ca5ae9
01e48cd
1fc5b1f
1e01ef8
032190c
1c4c557
1eb7693
0367409
003c630
02eda80
1cb64d7
01e952e
1ff4858
1e268ff
1e8c8ef
1d7db0e
00281d2
014fa0a
1c5703f
01cefdd
0159522
013315d
1ed681c
01f5637
03abcbb
1ec6d9e
022eb15
1c8202c
1d0c4d6
1f9db86
03e2a54
009fe97
033f9ab
1cf0cde
0177d25
00030b7
1c315e2
1c8b09d
00139e8
02365e6
03f5e0a
1d9b761
1f3de06
022cf11
02a1aa1
1dc7e08
1f95788
02f2d34
0133a18
000f9b9
1fb1fee
00f010d
0318cd7
03036ae
1d1011d
035afda
1e0207a
1d593ac
02e1383
031c86d
038ecb2
02ef77e
019d655
1ddf8a8
1c4ce46
1c8fbf0
1c445fa
02842f8
1c77167
0147749
02c2986
1fe9dac
0269cd5
1d3e6ec
1c71308
1d7a812
1d2fbb0
01c4ee2
1f26e08
017beb2
1fc4c00
1d7a03a
1d43ee5
028310f
0299d92
1e399aa
1cc6125
038dfd4
0107115
036d4e6
03dcacc
1c2b1c8
1e77f7e
02ca17e
1c2fddb
02a0e22
03ed15f
039964c
1dd576e
1c6c2d2
015881b
0087d62
1e0df2b
01b9805
1f155e3
1d4455c
030023b
1ec9d57
01bc332
03edffa
0266cf6
1df5c2c
1fec3c0
1c9a852
014cefb
1daac9e
008250f
1e9ebe7
1d8b6a0
1cbb22c
1e0b89b
1e28c17
1eb7810
0056b61
0117bea
1c1334a
1f3a376
1e41fcc
03a8ea2
03568f5
1d4fe6f
1db9ac5
0209dd7
012ee21
1c8ec5a
0245c6e
1c07c9e
1d728f0
1f23496
1c30567
1dfa84b
1fd126c
1e397ca
1d94f65
0245703
1dc9db9
1dfc260
1e2de75
1f2669b
00c045e
025d5a1
026551a
1d4f4f8
1c23f4a
03f537b
0121ce1
03d5f0b
1ce090e
1ff5776
1f9d777
00866ce
1f61218
03e4181
00eced8
02a62cc
034200e
1fddc83
1f8cca4
1ea6f30
00df601
02697f4
1fde69b
03409eb
024061a
03f1e19
03ad684
1f58d5f
1f28c08
1f4d580
002ff77
009c329
1c27764
1e3525f
01cee7e
0389b71
0334007
00f56ec
1de7993
1c2f8fd
1d70ecc
033028c
01cef82
01cf6ff
013b368
00c3ddf
1ec985d
1f261d2
1dfe8a2
014476c
1cf8d55
1d149cd
1ff0a7d
02e0aa0
02a31c1
1c11e48
00abbd7
0308c71
00bd138
1d7585f
1e00b27
1fdbd4a
004f9af
1fbc0df
014e271
031a419
1fcfde0
1f02bea
1e2f59b
1e4323a
1e892ec
1e938b8
1f2998a
1f7eea9
003c07e
03020e1
036a75f
008e57f
1ff56e2
1ead7bc
03fd2c6
03d0537
0239fb9
1fa388a
1e458ad
1d918b0
1e18c2d
1efc8ca
0122a0d
0097938
00e771d
033566e
0029c9e
1cd07bb
1f0f8b1
027341a
03b8eca
1fdbd5e
016ff56
00cc351
0113ff0
1f1aa5a
1dc21e3
00cdc6c
03cfd74
1c77511
01e7a73
011e026
1df7fdd
1f0e5c9
1d0ec4a
1d3d8ee
1e9b7aa
02206fc
1e78f36
00e1916
01b56ac
03505aa
02bff5e
1f8b77b
1dff8be
1f5013f
01624a7
1f9edd0
0346fb4
0111d0f
1da4896
1dca387
0283be4
02cb92e
1cc6afa
1f8fac9
038827b
01af4be
1c6a583
1e004c5
1cd33f4
03acb2f
1f762bd
032a08d
00cc55a
0197f92
1fd82af
0085885
00f6c5b
1e1df58
01fdce7
010e1da
01ec991
00860fc
1f06e77
1f58ed1
00f4fe4
1d23582
1d95f17
1e25d55
1f85c26
1d88cbe
036c1d1
1cb6f7e
1d92448
003b70e
1c72574
1dfc96c
018fba8
03c3040
1c895e0
02f0a05
1d026cb
1f158c7
1c5d418
0275097
1c670f5
022f753
03bbb15
1c6a456
01e80f2
011c11a
1e2a9a1
1ece151
1e8a72e
1d847a4
1fb73ca
1d1826f
03b5338
1f596ca
1da4586
01ea0eb
1f655df
000d95e
005eb57
1f0e684
0318ba4
1d6cf71
008d8a9
0238774
03fa086
00d0ed6
1d3f515
012182f
03ad018
0343360
001ad36
1c0b9ca
1dca069
1dd12cf
015a37f
02bae1d
012d821
02484dc
03bb30f
02ad07e
02b205f
01ec878
1cb7274
0038345
1e4a701
01b6931
00f3dd8
1c7eb44
1de150f
027f8bf
02db502
1f77d98
0129f72
018be6e
0345e2f
1d13da5
1ded4f4
1de2a26
1c30698
1f136b5
0088aff
0026371
01d62da
1fdd17a
01d3a41
1d9c47d
0284d71
0286f13
1dd5afd
01c44a0
0282cc8
1d19210
1ee5905
1f5507c
0075531
1e31e90
1e6bbd8
1e6e96f
1c20c35
1d2a6d5
0321fad
0271f72
0228bc1
02ac4b0
1c79d2f
1ca045a
021981d
0322291
0204f5c
00e7cfa
022e8df
0184dba
012863e
02ac838
1f59a3d
1ecde19
0249f79
01190aa
00b757e
1dcc706
01cfb3b
1dbb29e
00f8303
026e568
00a0a38
0052dfd
1ee6cfa
02a333e
1c43f46
1e1834c
01766f2
009eaed
019e834
1c48d23
0231dc7
021c6ac
1f957ad
0163b65
1f98c3b
1f69188
1f77e66
00d6a4e
0318119
03f1058
03bf18a
0352768
03ec6e1
1c6f1c9
03fced0
1c57722
1d0827a
002ff53
1ef4d39
1de0e27
1e75ba6
1ffb734
1fee377
1ca2047
0388d24
02e39c8
1c35895
1c5f8b6
1e24ba7
00fd1cb
1f08de1
030156b
01d4292
1c3a9fb
1f7ded8
02948c9
1c0cd44
0221146
1f91ae9
010e2d9
01e72d4
1e801ed
03b6467
00bc2e5
0144fda
1d10abb
017681c
1e55517
033f1a4
0241f89
02f435e
0178c57
1d46a7e
1c4c9d2
0256832
1f081f0
0339d1f
0196fec
1da72c1
1cb1561
0323fe7
03e80b5
01be051
01204ca
016797e
03cd22b
1f3cdfb
1d8d16b
1dd2091
1ede47e
01a2007
1c6fe83
027c196
02c2d50
02120d7
005ca27
00563a7
1d84c4a
001ecb7
00500ef
038c1aa
0051af1
1edd51b
1d37251
1e139ee
1f07f0a
00be7da
1e8c117
1f5504c
0294608
1ed1640
1cc08e2
025e69c
1ea72f7
007cccd
1c10423
1c80d75
1dda1ae
036dc8c
1dbc39d
1ebac56
1fd712b
1e93c6b
1e8e24e
02392df
1e7441a
036fef0
1c0f873
1fd3d9f
1dc671e
0231bc5
03ea195
1cd9666
1d38dd0
03993bf
00cbc42
01a3c86
1fa8185
00e4957
1d33e01
1cca4d3
0397dfc
01d0d88
1de72e0
1d21b2d
01f86ff
009a257
1f388a0
1d46d05
1e6f8fa
010fbf5
1cc4f1c
1e11c78
01646e7
038c70b
0119326
0265e9a
034b0a5
1ef2c17
01cdac7
004e838
1cb2aec
1f54506
0008112
0031aa5
1d4b155
00b952c
03d0099
033936f
0066f02
1e9b747
01fadc7
1e71a86
00b3f01
0211b2e
00109ab
0101619
00b33f4
00e6547
031e70d
1fbfd4a
1e7cf0f
1c3acb9
1e611ae
0294cd3
00a669d
1ee4c90
1d51505
1c8e798
002df11
1d219e4
00c0820
1d0609f
006175d
1fd95b0
1d8d992
1e6c511
0285c9b
1c29724
0002de7
022a4f7
0070f89
1d92b22
004f51c
1fbc7e7
1c4dc2f
017a2fc
014f3e8
01e62da
00a52e7
0031147
1f1bb28
038789e
1d8a475
03497da
1db0ccc
00b6008
1c15f3a
1faa15c
1c09fa9
1e2dd4e
1f60812
1ec9e29
01e8bcc
1e90de7
01d8e62
03d0832
1f42d21
1c159d9
02f17bf
1fa223b
1e3246d
00d5519
02222d7
1ec28dc
1c2e0c7
028d052
03b2b99
1ea7623
1c44e9b
02b203c
014850c
1c1fad5
1e60afd
1c86aac
1ff050b
02a7ad4
01829af
02149c6
034dbcd
1ffb99a
03528b5
1edaa23
1f24ef0
1e70b7e
1c2c3db
02fd63a
02637f0
1f54311
02c5bda
1e99dde
0018d56
021efa7
1c6b025
01ec87d
002074f
03a8dab
02e2a75
0170c01
1e0c862
1fcacfb
02743a4
01ae01f
1c95a3e
03b8c94
02bae6d
1dd0d0c
1c5b082
1c6aac1
1f85fba
1e1d435
0298fa2
1d76d0b
03c6430
02c617f
1fdedfb
018e0f9
1eb6f53
1c74731
1f5ae0b
03be199
1e887b6
1e0469a
0010291
1fa52d3
1e0657c
02bb0a3
1ca781a
010f486
1e0b1de
1c5f5b0
1d0724d
0305984
03adc61
1dc2e6d
1e77d5e
0280e34
1ca8459
1eac24e
1c64dc7
1e84445
1e05be3
1ef4708
1e2047a
1f9c520
0260831
03b0489
1d1cffe
1d34ce8
037e99e
0103988
01c41d9
03b52e6
1e47003
1fc95e4
0043240
1d21d69
1c1fa6a
02312a1
031eb23
1d2c62c
1c83275
1cfbc6a
00b2faf
1f2d935
03c44ec
1fb3172
0181250
0365949
1da0ac2
03ea82c
1f99a78
0169523
1d8d933
1e71256
0221d13
1fcbae9
0315e53
0061d0a
0021969
1fefc73
02510ff
1e4d6ae
027eafb
1f99f17
1f91780
1c227e2
0098d00
0320f8a
1eb36f7
1e35d8b
1f09e68
0079abb
1ee0011
1fce467
03deb14
1ed52fb
1f62f21
1ca409e
00c90cf
1d1a1b5
032e959
03dd36c
1ddb68b
1dc196d
1dfe2eb
1dde8d9
1fa4ba6
029dd6a
1df1654
0232b81
1e8e4de
038ca36
038e0c9
00a23d3
01f2ab9
01ff841
1e3711b
1de044d
1d7545c
1f1f76c
1e2b2b0
019c071
019f7fc
1edb2d2
021c641
00fc777
025a9a9
0204560
1f1c8e0
1ca8c9c
1c01ed1
0244904
1fecf40
00f406a
03f5450
1e5f6b4
0236357
038c485
1e260b8
1cd3589
03a30ca
1f8f535
0321c95
02e417d
030e95a
0329769
03eca41
0340d65
0377d59
0287737
1e4dc84
03e80b0
034781b
1ec9b50
007829c
004592f
1ed88d7
1c27668
03cbdf1
00989c4
1db4ba8
01bb116
00efeeb
1f65f3f
030e047
1d027ca
018edcd
00d0e73
0243b80
00cca92
1ea1e66
0074629
03d0cbe
1d30bd7
1da3651
1e3d88d
1ecb37a
0198fd0
03b76f2
1ee405c
1de5874
1ebc977
03a3690
03b32a3
1ca75ca
0096ac7
1d9a301
1d6a75b
1c22f28
0217838
00058f2
1ef34e4
1c91461
1f844f9
1f9e2fa
1c50f39
01a1247
02d2407
0351208
02e0a2d
0315924
03358ea
019bf35
1d04e8f
0081367
1c22653
0398b8e
0366555
1c8b8c3
0298c89
0157666
1fe4749
1eb32fa
015d455
1dbcd5c
0009822
1c63540
1fec62a
1f11b78
1e3ad98
035cb46
01ceec7
1e32a06
00d54c5
022f8f4
00a6ea9
1faec1e
1c55507
00bbee2
1f5a283
021bcbf
1c7234e
01956fc
0315711
1dac635
01af4fc
1e272f1
024108f
1cfb006
013f3a1
1eef477
1e39932
1f307ce
1c304c5
1d2b69b
0251951
023b241
03396a6
03ca847
0394233
1e95298
0035e8b
1cfa9cb
1c8f3a5
003a5b5
015f40f
1c6b955
030fbf2
026699b
036455e
00466f7
0212fc4
1cc072f
01947ca
1d4775c
02c44f0
1f2d038
1e1a50b
03e0967
02aa25d
00ae566
1e0566a
1c1d58e
1f64b00
001e75c
1f97c03
033a973
029a7f9
0258e3d
1e83b9a
0290c05
1f16232
0360a25
03e4107
02b5c62
1c4dc83
033083e
1ef2202
011c487
0234b90
00831b5
032b78b
02e4c3b
1fb1dc2
1ddfc50
1c4ff8e
018af24
0103f49
1c82e26
00b5f59
1d065b9
1d953be
03cd42d
0082197
0243ebe
037580f
039ee56
1d79bd0
1e61c62
1f34dd4
03ba654
02eda90
1e656e2
1d349d6
1e15ac7
023f8ac
0010ec6
1f60875
1dafa4a
1f55787
0292184
023ac80
1c48e4a
1d4b7c4
011d954
02d4cea
016b770
00c0534
0284b39
1e5b3a6
1f5aeb9
024b574
031d24b
01dcc43
0195e47
1d2aa7d
1e88990
00a4037
1f24365
00eb028
020f17c
1d03adf
1fd77ee
00591b7
1dfa48f
022939e
028fc48
1ff90e3
009e666
014de69
02eb577
1f3188d
024ef8c
1d26554
1dfd0b6
023b982
0341705
1ec6a9a
1c3031b
01f2ae4
03cce8e
1cfec2d
1e560f8
1cac3eb
013fe57
001b5eb
03be49e
1ec6e04
1f5989c
1fbacf8
1cae175
1d2ce93
1ec64f1
1c33994
1cd2dc3
1e83f86
01e0e09
02b714c
1d54c7f
1ede433
1df5b5e
0213686
02903e7
01fc048
1c22167
1d21217
1e51318
1db8f69
1eb6f5c
1cf82ba
01a3e34
1f79fb6
1ef61cb
01eff08
009bb07
1c82649
0031d35
00910b7
1c9c3c0
00d2990
0090376
0243cbb
02751d3
1f3afd6
019a9fb
1eb3992
1cf5677
01c870d
1cf28f5
1cc0d02
1c6a30f
1d6ec82
02e129f
1cb584f
1f2b867
1f8cf6d
1ede9e5
017fa78
036bec6
01b0ed3
0180d64
1c5fcbd
1c19bfa
0346e34
01307e5
03e81da
1fb0184
1ebb8f5
0274337
0230ed6
1f1dcbd
017ba61
1dd3c59
016eb60
0156167
1f322bb
1ed7524
02e2532
1c8b00f
1f640cb
1c3c3e2
00de3ca
1de5ca4
1dae29f
1f18d37
01f5106
02dbe85
02852ca
034c8af
00c26ab
03ecc8a
1fd761c
1e68c51
02072a8
01db109
02aa389
1c3d104
1e0b7ac
1cd70a1
1f7d690
0062615
1e5c94a
1c3b466
02b9cea
1ffd9cb
00061b2
1da8884
1f41c70
038811f
01a1db9
1c9df06
0312d2e
1c82b3d
0244c92
1d2c477
1cc0cc0
1cba9ec
1e1204a
02b1c57
1c65309
1e87d65
00b85bb
1d6c728
00624c9
018e123
030f614
000b583
02c6495
1d7d0c8
00cf2f3
002c7a7
1e1149a
03c259c
033baf0
00ffbb6
015d907
00bea61
1c75bf1
1f5930d
1f13b34
1de6c8a
02950f6
01697d1
0155a8c
1daf2a4
010b9f9
00b5298
008422d
1f81a81
1d87572
1dea761
1dcc3ee
1f4959b
1f7fdb8
1d06171
1c679fa
1f828c5
1f3c57a
1e5c488
029e7a9
0368708
02f6ccc
004d081
0235ca2
1c56b12
00ba51f
01b3dff
1cb661b
0201d36
0358545
1dff271
02d49dd
00e22aa
03c804d
1e85063
1c1d8a1
1f5b671
01fbc2a
1f7cf6b
0168a6e
1f680eb
0123b6b
1cd1b9e
1d4b423
1d7ee89
1fad784
0334ea0
01027c0
02321c5
1d73627
1c6f332
1e48c72
02d52ad
1dcafb7
1fbef6b
036ea51
00fe791
1c6c732
010ff04
02b6cda
001b202
1de9d35
009dec9
036f2ec
02c6e3e
1c01540
1cdb4db
1e53f68
0119a22
021b924
1db5140
01f96db
01f61ab
01ec23a
1c9972f
1c75b51
0069872
1e8d265
014c2d2
1cdb750
1dc81fb
004d8ab
1dba876
1feed15
1d0a0c0
1d17088
00be9f3
03126b7
03bab44
03be48c
1c02db4
02a0e6d
1c52e49
017ea19
1f9fe2b
011d4cf
0014a18
1fbd672
01b55af
02e0ded
01e8e2c
03359e4
03a9268
1e6f693
000557b
00ca04e
1e954f9
1eda266
0193b51
1d7e6d5
01862c7
00e6944
1f678dd
01cd5a5
1ce2623
026cac4
028e9b6
1e63f24
1c5c740
1c6abaf
1ddf4cb
029836a
1c123b1
1cfc4c8
019d1be
018259a
01a9a60
03b99f1
00295e7
0307cae
010c3de
1eaeaed
026d60f
03a24cf
0061c3c
1e5b891
1e925b9
1df3073
1ce77ca
01a00b7
009129e
0332074
0164215
03b0b97
1f44fc0
1fc3704
026e83b
1d574dd
1f6408d
022d1de
0102d64
033893f
035d429
02ca64c
1f7977e
0051ff0
1e510f2
1f8824d
012f7a7
1ee5208
00089a7
01a83de
1cb9b2b
1ff7d05
1e60168
1c835af
1ce362b
01d0d78
00ade19
02aa004
1e5fdef
02230c2
1e5f4ef
010edbd
1f9fad2
004e8f6
1d21889
02f43cf
1c08c2c
00bec96
02a1ebf
1fa374f
013b473
1c53687
01d23b7
035ac51
1f2a6ad
1c6773c
1f54e90
0030efc
03db225
1d4696a
003251b
02b7923
1ede674
1e1eac3
00b720b
01abbf7
01b89ae
0241528
1f4d582
0006e06
009ac36
1e7cead
1d06c45
00d37f6
01edc83
1fdb577
00afffa
0144a71
1c27eb3
1cfff11
02b1de3
039abbf
1eddd30
00cd7f3
1c520ac
0141af7
00428c2
03bc002
011f616
1e945f8
03ecc7c
1e19269
1c80672
028558c
1d891f2
03d72fd
03550e7
029a92a
1f84f16
1ec9b19
1f54c9c
1f7f0d4
1d3cf96
0349710
1d776b1
1e7cd61
1c45873
1f6a70b
01f49ce
1e7ce30
01cb00c
02aaa14
01999fa
0091026
0010acf
018646f
1fbe65b
1d814de
018a9b9
0033fcc
1c4084a
1e28bf0
1e9adf4
0018e80
02c545f
01b1767
1cd30a2
1e3331f
0395f38
1e51098
00f6177
0287915
02dafeb
1cb54a9
1dd6f86
1c7e8d4
1de42b2
1d09bef
1c746b2
1d8f561
1e070fd
1edc088
0243eaa
1d7bff2
1e28ebe
0260adc
1d9b6b2
016fa4d
00db367
1eefc49
01a8088
1ceb69f
1eef7b1
1dc0632
031b99c
02fea74
0178c00
03ba0f8
1e02c99
1f01775
1f455cd
036776a
03f74fb
1f7527b
1d98e9a
1dcf473
1f08d9b
02ade77
1d1580a
1ef3770
03097ee
1da1f95
035a1d5
1f74f84
1c29144
01c5fd6
1ed438b
003870a
00d28af
1ebf37a
033cc50
1d6313c
1fd8473
1df1fac
1daeaaf
1d3d10a
00b7890
1c67a41
1dc6615
1e42ae6
01bbc26
027810d
1d57cf2
0358925
1e454fa
1e7dcd8
02c2d7a
007c006
03d9311
004565a
03e211b
1e037bb
1cc50d4
1e730ef
020d911
03c2fba
1d5e422
1c8bf7b
1f523f4
021bad2
0135121
1d9f42e
0238f64
1dd5931
022ccf4
017989f
1d528a1
1c78bf1
1c1f031
0286aea
1d1bb0f
021552d
02b6be2
021bf23
03b886a
1c9e631
00fc561
00bd258
01afc35
02f3c7d
03c8c84
0036d2d
1eab313
00a1fb3
032edbf
1c54ae2
1f9b4d2
00e52b6
0313ad1
1ec42aa
026117d
014172e
0171349
1f63320
00dbe16
0329f1e
1dd1a29
1d3a4ea
1dde567
0394c65
1fe2f6f
014291d
1e8a1ce
0007d1c
02ffaa6
02b5d68
1f12b58
1c85ff8
1e7fbd2
01f043a
1c448ff
1dc7af5
0276c97
0011d4c
1e74308
1d99aaf
00f9ecf
1f0a7c4
033e6fd
00fae24
1f3355a
02e3db0
02a9901
00f9d93
03f69de
1d43585
1c03ed0
1e01d9e
1d57d0e
0040781
0240ef1
1e02f43
00a5604
01020a9
0020153
0265398
1fd1ab7
1d4cbfe
1de2600
1f50149
1d9fdf1
1e3bff6
1d7a0c1
0139c25
03eb545
02d8987
1f82c18
03527dd
1d35c2a
1d90842
032ef35
033375d
018fc8b
00e2817
033c0e1
011e400
1dc9c86
00cf851
1f30908
1cc7ed7
021f6c4
1eb3ad1
02c4a7c
00e1835
1cb90ae
1f9273c
03c19ec
1f912c6
1c37fcb
021e010
1ee7923
0153f2b
03e240b
0352535
01797e6
1ff2896
00e1164
02ac1ef
013d1af
02f04a4
1ddba37
01c5741
1ec7c77
00d6668
1e2ea64
1e5598d
1cfe5c9
024ae3b
1ee4403
1edb164
033e5bf
1dd559e
1fc2e6f
02cbf14
0051fd1
1f10b0b
03b0556
017e76b
01d219e
03e628c
1e78269
1e39c3d
002392f
1d1c21d
1c46d02
03089eb
0243bdc
1ef3d36
1e09229
1f35ba4
1fbdf6e
010f8e7
1c64946
01c125f
0141a84
02e4df1
1cd8062
1c04e0a
1f51815
1c096ce
03526e6
02b6030
1d9f88c
1dfbba4
01c3510
0386c00
1ec4b59
1e4038f
02db379
001bec8
01fc40e
1e4aeb8
00a1110
1e2274d
1ec7bab
0164eb7
1c1f3e5
03e907d
01e73db
1f185c9
1f394eb
0239bcf
02c9e3e
00cdca8
0388207
1fe85b7
0235d76
1d01a7c
1d256ca
03f595c
011740d
1f56b57
0298541
1cc8448
005744d
01c71ae
1c820fa
1c1ff92
1d4c66a
1e742c1
011eaed
1ed3662
1d63315
1d5f47a
1c67255
03c2eac
02a47a7
1f47058
022ceea
1da5bff
012b052
00f3b81
1c4c4a3
1c84a25
1c1811d
1c165b7
1ed6cd2
1e3b51b
1e8afa4
1f3701d
1cab89e
0369bbc
1eb713a
0052d2e
019a813
1dbd3b2
1edd090
01f1694
1d4366c
0323400
028f809
0250db6
1fd4e8c
1c5ce40
1ce3802
015f1c2
1e94353
1fcc48f
1cdc6dd
1cfd8aa
000ac6c
1e1d98e
0036982
1ef35ea
1ea2a88
1fc55be
1c8ed5c
02bbfb0
1c67492
1c942b2
03e7e59
01a971e
1d42346
00d2979
1d3bacd
1d642d1
025f730
00ae571
1d90735
1c1940a
002b160
1d2e676
000f48f
03d2617
1d1128f
0268473
1ee8ccd
1fffc5f
1d6f663
1fa10cc
1c197c5
0367522
00dddf8
1c2feac
012eca8
1e11d21
03988ea
1f7f4fa
039c124
1fa5039
0321a75
1feb8c1
03e79d0
00f990d
02c6b0f
1e15c71
016cd54
1eb6ac0
0129819
1f836bb
1eccae1
036aef6
02dc056
1f75946
1c11105
1fdc2d7
1f35d81
1d8570b
1ccfc43
03ac988
1e701c4
1d9b2d6
1ee9e01
1f4c6d4
1eea8b4
0209416
013c826
1cb90c8
1d22a56
016b706
1e8c12e
03e124e
1d5d5d3
024c34a
1ca8982
1cd02d9
01c2f7a
018f328
1e9cb25
1e7b7ee
1fe983f
026158e
03803ac
1d8a460
027a318
1f3cf2e
034a3c5
0074f33
02bdc12
1ef1d5b
1c5c056
026d3cc
032a2fa
1f20acd
1e95d9a
01a3a36
0298554
02e2b7b
1f02ecb
00f82a6
01a81be
0048d12
02e5cbb
0348c57
035a4b0
1f1569c
1e74f86
01883b3
0148933
011e4f3
00721dd
1fe37f0
1d393c6
1d8dc1b
02aafce
0238996
03a06a9
00f39d8
0184e38
03f6e1c
02637af
1dc04e9
01727cf
1f52ba4
0292970
1d39596
1f246a0
0181bb6
016b0dc
03e5354
1e052e8
1dcf6f7
0229b64
1c14898
02a63f8
038dfd4
1e267f4
1fb7faa
0385033
1c000d2
1c398fa
1e8b90f
03b9068
1e5dfe3
1c8d39c
0328e58
021b168
015aa47
006aa8d
02470f0
1cffec1
1e1c39e
007e4bd
011481e
03466c2
0375126
0385a21
1c57b77
024d90e
022c6fa
1c86220
03472a2
02322ab
1caed96
1ce8c8d
1e71e68
0168806
1cba7ee
0270989
1df7b50
1d0cbe6
010ff38
01d7dd5
1e710cc
1f970fe
012797c
1dc0a31
1f43624
01853ef
1cb36e4
01e7f95
02afa00
1c80b56
1f16954
1de30b1
01015a4
1f6b9f9
1f74aac
1c9f347
1c8ed9b
1df96eb
0200ca4
0127aaf
1ddc570
022b04f
0350666
1fd482f
02408f2
1ce8659
026166b
1dd14d1
01cde91
029c510
1f50fc9
01e2ae1
1dbb238
1ec190c
1f7ac65
1e6b4b6
1ee5d0e
02d62db
1ef8294
03130cc
0064c39
00a82ec
1c79586
1cb5fad
1f2dc29
0226494
1fb8532
1fcc585
1d06477
1d2e2c3
00ba3d8
1d0c27e
01b75c8
01e6848
1fe5cba
1c27c51
1e48985
0181418
01d5d21
1dad079
01e9685
1c7b72e
1f78731
1c1e645
0301c1f
007c409
1dfb4b8
1d925a4
1d0dada
1db1449
1ffefcd
007f329
021415b
1fe1377
0070122
0200a46
1e5ad12
1cc1029
02c6a29
0150906
01afb35
0011b80
001b582
1e63abb
1ea43d9
02c1005
033e20e
1d59bae
03252b1
03404e4
014d920
027630e
003a052
02b4866
02110cb
00fa885
1f50016
008e47d
1cbf2a3
1cee40a
0384d97
02cd74d
02f75ef
00964b1
0159fbc
1c88644
03bddba
0189997
03f50af
1fa2a2a
00eb23a
1e9ba59
1de9e98
036b5b8
03d6a54
039dc62
1c1eea9
034d378
02e505a
1dbdaff
1cbdd95
1f6825b
1c44d95
1d0480f
1cde985
1f5e4d4
1f3420a
01842be
1c2c9aa
02649b2
028eee5
1eda4b2
03174db
00787aa
1fa293e
1d75a21
1edc83a
1d08687
1ffc19e
0010ba8
1d9c674
0262283
03fe59e
021ca93
1de6cd2
1c4c806
1ce8406
032c8a8
1dad36c
01a860e
023dfa9
023b8ff
1ced680
0031c56
027fd58
0359430
1ed5b38
1ea09d3
01c219b
0189403
1ed7324
0149afb
025a9c4
1cac717
1fb7af5
00d1786
0131ef4
02b7de8
02eacb1
1c5d0fb
1c38867
1fbdec5
008f018
02edffc
01bec0b
1dd8fe0
1fe572c
1ef50b6
01d5eca
1f26686
0251a8a
010bc21
1c2880e
1f63f1a
00f02d7
1ec6b8c
032e338
01a5a5e
03068a7
039eab3
029d08e
1f2472b
1da29f9
1c16f27
1ed8698
000a724
02fd71d
1e36bd9
0009fe0
0055509
02fdb89
1d3d70f
1fdccf8
1d93c15
1f05ca3
006a9c5
1d43e3a
1d14fa2
1d747df
0387879
0096efe
003f862
02fa5bb
1dead57
1f008b8
00f9559
1c722d9
030e6a9
1f587b2
1c534d8
1ec56dd
1ebe815
1d171f1
1fc4abc
01f8f16
1c82277
00c8ad8
1ed7372
01ba27e
1c92790
016342e
0375b73
01c9b6b
1f65c5b
00719b2
1c5d6c3
1c3b83a
1d733af
1f7b85d
1f65f7d
1fce3a9
026860c
02d3800
1ef10cd
1fa49a0
1c1731d
1fa314b
1cf4bb3
1ee38fc
01824e9
00da11a
1d1b112
1e62c98
1c882cf
0125fc5
022f47e
1c622f1
02d4062
1d1e37f
017590d
1c973aa
1dfcd86
1fc0fc7
03bdf65
1cef8f3
036936f
1f9c5c0
023f43d
1e92e34
1c0d085
1f006d1
1c8562b
1c4f6c9
004391d
01ec964
1da05f5
00b3804
1c33828
1f7bf8b
1f76d8b
02e0b70
1f4384d
1c26e6a
1cc4a78
1c6dca7
1f39563
1c818a1
008e72d
1f451b8
1f1ce7b
1d03dea
023097d
1c2d163
1d7c06b
1ddf551
1e6bab0
1df8c7a
1f55eef
1cac064
1d69034
01d1a8b
1dc82a4
01b0dc6
009b6bb
1e291bc
02e1fca
00ef369
0130e2f
011c726
1fd5ece
1fc76fa
00636a6
1c6bd05
1c22b88
0317011
1d09270
1de2007
0001901
1ecd819
0096354
1ec3953
1c4b40d
1e26a8d
1e21a2e
1d76cb3
0300601
02976a1
035fb27
1d325ef
1cdb5c8
1c45303
03161a7
003c2f8
02b0793
038f249
0297b01
1ff9a3e
03944df
1c1709e
02e951a
1e7349d
1c7dd56
1f20239
1cec67d
1c1c3bc
1dfe085
00be396
002db71
1fa789c
1cd462e
1e382d3
0194dfa
00199f6
1c07863
1e20ea1
1da64ae
018c076
00f93bb
1e828ca
038bded
1d879fd
1d98c76
02d36bc
1dc0dfb
0096fa0
03569f0
007e719
001c5a7
02d1824
00b6c0d
1c72a37
0242d50
038021c
01c9fca
03fc9f8
1f9f97b
022bd39
1ed7e10
1ff0459
1f20c23
1c0a9ba
1cbd44b
01a92ca
1e71038
02410c0
1ed2c76
1fb0179
1ca50ec
03d30de
029cfcc
0204d5e
010118d
01fe439
1d914fb
1ccb084
1d5a2c3
0089a16
1e02f7a
03e50fa
1ea84a8
00a2b79
0157335
0270313
025b3f6
1fd21b5
0053610
1efeb94
1e3d192
1e472a2
02ec828
00083ab
0241400
036874b
0309dfe
1cc1391
1da7464
01c67ed
02932cd
1f514a3
1eb70a9
1d6bbd8
011d147
032e029
1e0dc1d
0091634
01aae04
01dab63
1c04d3b
0097667
1ffc479
1dec0d3
1d4e2b3
1fd4db3
1fe5356
00cdc67
1ef84ab
1d51006
03e9082
1e1d61e
1f6587a
1db15a6
1ce4199
1f4912f
02fd8b3
01fee02
1d58fa8
002551c
0259d36
0180b66
1cea442
1c1014d
1cc5081
0186da3
02ef629
02dadaa
00380e0
0302b61
0144c62
1c84505
011f999
1c780ed
03a53d9
1c80418
000cdb6
1d6c9eb
0066cb2
00332cd
02c6145
1ce2fcf
1cdc15d
1e86214
1e88e44
1c41643
00e9c02
1ddd9a2
1cd6bf1
01c353b
1c1d2b8
1d1d991
1c16300
1d4cf43
1c396c7
01e0d14
036694b
0013ed7
03cf9c9
1eb4051
00f94e0
02706c5
1c9fa88
00f4f55
00283e7
008fe77
1d6955d
025395f
1ffe34d
1cbb687
1fd9e47
0184c89
035cedf
037b25d
1c8494d
02a2076
0350c77
0109b2e
1c8fc41
0306c05
0348619
02585c0
0082c53
1fe9772
0098ea5
1d97075
00e0f8c
1e8e74a
03a9c85
1e66497
1c7db3a
01c4f2b
0087371
1d55090
1e34cff
1ccd828
001dbc4
1d83a84
03271d7
006142f
1e9b160
00cb50e
1c9db81
01d282f
1fecc00
1f3fbad
1ebc1c3
1e2bd43
1f0668f
01b59ab
1d050f9
1ee1e61
1dd6f4b
02fa0f8
1d55912
1ca9f75
1c0fe69
01d05e7
1ec7f00
0168d64
00ce2e2
1cfc37c
038f1f1
1c2b93b
1eac8c4
1c0d2d4
1ecdcfc
1f60e31
002378a
032ea59
03eca76
0178444
1df99f5
003a01f
02517a8
008d358
1c93dd4
02332d3
1fc0c8f
1db7715
1d0ec05
1df363e
1ea3b67
032ae19
1f48c16
1ddcef1
02ceaa2
1fc615b
1f8098c
00d5398
1ea15a8
1f06434
0232882
1c05e13
1d83517
023bd57
004647d
1e0e2b1
03bd712
00efbbe
1fb6eee
0311643
013770a
1f99d7f
1ee62ab
03a5811
1ed04f6
1d72ad4
02ac84e
027c03e
039fbc1
035f953
1f03c6a
1fe8efa
0280766
1e133cb
1ea55ee
02025ec
0156817
1deb70e
1c2ed78
1e6eb9b
011e0c9
1c910f2
1db24c0
1fa989a
024a2fd
0244c90
1cef342
0192610
00cce43
1c23b08
1df31e2
006f8f4
00a05ba
02155bf
1d5f13a
1fd75ac
1d8b4ce
1d3f92d
1edee8d
01298a1
036397d
1e2d2c6
0045dc6
03600f6
00c9999
03c6717
1ca7331
1d0913d
1d14b9f
0160307
1d4834f
1d62fa1
01cda22
1eafe2c
1da506e
1e50115
021e30b
1f86954
006fdb9
1d52332
00fdaaf
02b42a4
1e6172c
001ac3e
029d1a5
00fe59a
1ce0560
1c8be67
00acbab
1c2e219
00e92b4
03d5d5f
1de0e5c
03683ec
039cd50
1e95a61
1d14e21
1f8895e
1e92c18
1ec7377
011d7f1
009ef6f
1d19c28
1cdbc3d
037f684
02be918
1f77e9b
1f92eb9
0049edf
1c3240a
1eb5be9
1c9cb37
009cf81
1e19927
1c34554
00369a9
1f689b4
0320d33
1f25918
01df9fc
1c2cfb5
02b9314
02bb45b
0377980
1d6ae19
1ec6590
03ee7b2
1dec6c5
01fe9b0
0381f16
020d5d7
1dd76aa
028638f
01c7a85
1f6bfb9
1c8b25b
1f8af6b
1cba182
1cf9e1c
1d531f4
1c459c2
0295a60
1c32161
1e8dc30
0242848
1e4fbf8
1f92aba
0236b1c
019e829
1f04150
1f67f25
1ce3c55
1d7758a
028f02c
037ba4c
00ec630
00a9617
02b4a99
030e3e1
02d7377
1e4a747
1d3793e
1ec86f0
1c10858
1f2c9d8
01e75aa
1c8371d
1ca42a1
0000008
1ca3e9b
1dc4489
0272274
01fd547
00ca0bd
02b7686
1f9cd6e
0395de8
01f8288
1cd466c
038037c
011fcb5
005e5d1
1ceddcd
1fb12b0
1cafe6a
0269bd6
1e0ac1f
1ec2c65
023ddf1
0246674
1e4b219
1d1c21c
0130e67
01ed058
02be28e
1f08065
1f1cc86
0223cf8
1c80912
0062d85
036af98
1f4b31e
01a5d63
1f2be82
1f15395
1cc79e1
1f74fea
1e86f66
1d10dbf
1f4e5bc
0183c9b
02fc6f0
1e976f0
1c69f68
1c8b139
03fcbd1
1d83369
035c1d5
1e2005a
1f1208e
1d14f0e
02a9cd5
03670f3
1c29c6d
1dba756
1c89bff
014ce80
01be941
01dcb55
1dce896
02f6cf5
1d3c4ba
1ca3051
1cb00f5
011f106
1eaaadb
1ea6685
008bc1a
1eceb5a
1d0f5af
1fc050b
0335af4
1fb4713
014748f
00d4f34
1d31587
004d828
018e78b
1eb2ca2
0210072
1c4956d
0277195
1eb5aa3
0241ac1
02e10c5
1fda25c
1c44ff4
0374d5b
02df4f9
02c08ad
1dbd523
1f39fab
1f7b4b4
01a50b7
00eee15
1ef20fa
1f3346e
1c08ec5
1f3d4cf
024a75a
03d7e57
1c389ae
1d432fa
03dd1cb
00fcd87
02ba11c
1e20c93
1fd1323
1d96a53
0369c66
00562c3
1d8bb2c
03ad9b9
03fa577
1cb3daf
1ff1f0e
013fedf
01fc2c5
1d93229
1ccb6b5
006593e
1cf72fc
1cbee52
1ff0924
1c5897b
030ccd4
1db4130
1dfa177
00ffca9
1c6a1c3
1cb2bcf
1f3fa9c
00a87fc
03f460a
1eef595
02b28a9
1e27c57
1cadec8
0347c6b
1de4ba1
1fcafe9
1e97119
029257e
03bb401
1ee463a
01d1c4e
1c97656
1ed3f71
1e1b5a9
02c9130
021789e
1e97c26
1ca8666
1f27a6b
0102193
1ef1b4d
1f9a9ff
1df3b5d
0255004
0253505
1c0af2c
0041ebc
00cbd8b
035b428
1e4633b
00b0295
03de0a9
1eb5fc4
1c1fcd6
03edde2
1c5f9af
002395b
0164b36
01c8dbc
1dc8cf6
028ef0c
1d12817
025eb92
1f7a681
1f4ea60
1e047f2
033e058
1d8329e
1e464a5
005460d
0367092
00e62ba
021f8aa
0134413
0397903
1d09de2
0311555
1d62f95
0163b00
1f5355e
003aa34
010e0fe
1e2b386
1eab7a6
009d830
027f653
0220141
1fcb9e7
1db59e8
1c35cf8
02f5b8b
00dee54
02e4900
00d5957
0082143
1ffe30d
03b5002
000c71f
1d1820d
1c30a02
02bc0c3
01956c7
00953a8
02d9123
02e192d
1f54a04
1ce6af7
003f6b2
03544f2
1dcdf8e
1eca7d8
0042a22
1dc1346
01ae8e5
1da6f37
0358ff8
1ea40d6
00a8fdb
1f4807d
1f0651e
1fad817
001a411
01bc716
03cb6ab
1d3a87e
030f06b
007025d
1dd0051
00f6e54
001d52a
1ded66f
0166b92
1c01f07
0231319
0350271
1cf18b8
1c988e4
029116c
023597d
01ed1dc
037c850
02d9177
1ca2750
03f9576
03408fb
1d40192
1ce39ee
01edc3e
0288ba3
1d9d6ce
1d91f10
1d95290
02ff72e
01405fb
1f54de0
1f61caf
1fb1adb
03ed158
1e1cd1c
00b0780
039ccf9
1e5bb6c
02576d4
1e5f005
1f237a8
1f7f162
1c7cff8
1ccac6c
01be2a2
1e6994b
1ed18c9
02d6def
01eed9e
1f33dbf
002a013
1ee4faa
0347932
1ef1736
016d3ca
1c944fe
1ed3dff
011149d
03bc602
1cb2ba3
02e0b17
1e4212e
1f9442b
1dd56ea
006bd60
0311ce6
0279958
012e96d
1ee1144
03a9391
00f99ba
0382ed5
0287e09
1c18480
0016bd7
02a89bf
00f6cd3
0083193
002c4a9
010f159
1d5dd25
1ed5e02
1f6baf5
0254d8a
1faa80e
1c52c34
03d7618
1ec8b59
1e531cc
0333fc8
1d7eb6c
1fdf4ad
02ba220
1e6308e
1f0fb3e
1dced8d
03d508b
1dfc4f6
023ba8a
035f916
03d1220
0289e0c
00ba26d
1e5f932
007a335
0353919
1ed5ab7
01159c6
1ef7af7
1f511b5
1fd3317
00bd067
0394622
1eb72bd
0356a2d
1d698aa
027497d
1e34e52
037b001
1cbbaa9
0187ad1
1fdcf35
1f5eae6
1feb2a6
1c8949d
1ec4d1b
1ce87b6
1fcf2b1
1e2dbb5
02a856a
1d24a4b
1fda4f4
028145b
1f47ee3
00f9b82
1cc33c3
03da725
1c612a1
1f46157
00d3db5
1ed7b3e
1d12128
026853a
1e9ce7a
00321c0
01b06f5
03fa1dc
0212d52
00a018b
1f87efe
00578d1
03393e5
0209e91
00d9ab8
1c1e846
0317c9c
1d861db
03c0c4b
02216b0
1fbaedc
1ca96e5
00f376e
03179d0
03641bc
028ab51
0207099
03cd0e1
037468c
1f7bfdd
1d05968
1ceefa7
01dd66d
031bf65
01f1d16
01ace2e
009677c
008e24b
01709d1
1e759eb
00fa8a6
1d193ec
1f6c876
008282f
1fb0956
01298f1
1c2f2a6
1e748fe
1dc0e57
1c5c5af
017611d
1e89a77
03e6239
1fb7d4e
01a2a20
0054d98
0112162
006ccab
1d28dc6
01b2606
1f0ba17
1d5b027
01c1565
03382b3
01bcfae
1c0e888
0199c1b
00b3272
017847f
1f4e9ff
1f23484
1c05b9b
1fea5c9
0230528
00745ae
01faddb
03bfec4
1f6d1f3
1dbe4dc
03a564e
01b26f0
02c9743
1da10e3
00ac198
1d14428
0040ead
015b90c
026d3a5
0349c09
001b111
1e4d260
03c2c16
1c16a61
0047c7b
1c12a17
03d360e
1c52357
1de5966
1ee8829
1fcb38a
1fb8c89
036b908
0241976
1c718a5
1d9e845
1f48652
1e22440
0232ba6
1fee888
1f7e921
00b3e15
1d437ed
0005224
1c33c7d
1c4766e
1dc84ff
03ac0fa
022e065
1f76bca
1c08c39
026ca31
013d493
1fc6408
0291be0
038b91d
02ceb55
000b5e6
030c334
1f9f2e9
1fdd406
00e81d2
012e88f
01f863e
00100d1
03167f4
001dc5d
1d13563
01c4d4f
01ba2d0
1e23f3c
1d8087d
0245c9d
012a0d7
1e07e00
1ef802f
1c91b6e
1cbe6fc
02f8ed9
1d7f913
00b42b1
1ee99a0
009f936
1fc8fd3
1e81a54
02fd538
0026257
036e16d
1c0bfad
1c408bf
1f45930
027ae2e
1d4ff44
1d1a288
019d58f
03d8c9a
1e418bb
1c9f4e2
001eb40
1e89232
010e5fa
1d23559
0149a54
0170a84
02ff167
03e2d26
02d436b
1ecd870
1e0bf5a
1d3ce0b
00dcfe4
03995fc
03d771a
0092f3b
0087e96
1e139d0
02fa9d2
1c05f98
0289221
1d6d76d
1fc3603
1ee7a18
1c883c5
1e7999a
00300fe
011895d
1d8f257
0319447
0028bb8
1cbe0b4
02db140
1f4af55
1e0c3a0
017961d
1ffdbaa
1c4a2d8
0321721
1efe578
032952d
035b22a
0039500
1f5804a
03672ff
1f0d5da
1dc8fa8
1da008b
1fcd380
0003110
00b3932
015c16e
01bb955
033f40c
1c218dd
1df5924
1e23d2e
1d77228
1c57b15
036590c
1e24e20
001bb97
1cb278f
1ce48f8
035aa9f
1fe95fe
03c3742
00ff88f
01a2ceb
0302a01
00dfb37
1fbc7f2
1f85ac4
1e536c7
0396283
01b7488
1c28c35
039763f
1fec135
1f2ce22
03f927c
1d261cd
017c7c6
0085847
02fa7d1
015d408
1dfb171
02561ef
1d045fc
1facc17
1d40c7e
039edec
1e8e634
1f3f4f2
1d78266
1c5a90e
1d8a8ac
1c98dfd
00689f4
00e2204
1c8302e
0024816
0346d5c
03fa8ff
1e1f605
03c50c3
1cad12c
1e4c97d
00bd419
03c0851
0108e2f
1eacb00
1dae47c
00a930a
1f8ff6b
03253a3
1e0668a
1d5605e
00861ef
1d17f28
01f8cd8
1d6f173
001ff46
1cd60eb
1d137e2
1fa0d62
1f6f5c9
1fc4ec7
03538e2
01f27cb
035faeb
02784ed
030ef2b
005bc36
027e885
0174582
02732f2
1c326df
1d8f432
1e1410e
0327d23
02bb220
1eb2b5f
013de96
1f54fd6
02de24a
1f05644
1f692e4
1c449ae
1ea644f
1ebb824
1c87886
014ab27
1ca65a0
1cf7b48
1ce5e8c
1eab928
016e381
1d87bbb
1f3d446
003915a
1ed2a4b
02e542b
1fa56fa
1f3199c
1ee1e07
1fb370e
00ff74f
1f79ad1
02f3904
1eebae0
1e4b578
009e6bc
1c2e965
032428b
1efe111
1c12da5
01a889a
013fe27
0285114
001a897
02067b5
1e49564
00da85a
1c5bfef
014fc24
1c3414c
0378f78
02aaafd
02bef86
1e8c338
02881bc
001210f
004f730
02d690f
022174c
02169c1
1c50f02
003f2f1
1e2cff3
1ce0219
00617d9
00e54bd
1c5ad84
1eaa22c
1c508dc
01a0755
02352a2
0095592
01c9b9c
020ade4
0335f92
01ec724
0264997
01e2f02
1d0bd2f
03c7fad
016ee8b
02e8ebf
1f33181
1ea451f
1c18cd7
000daf4
1ccc68f
1d663fa
1d94e70
1e34fb8
1f5f0c8
1d68407
015452d
1cc680c
013227f
1c1bbfb
01ee251
02ec31a
1f30058
1e92bff
02f18d7
01d1cb7
1f69f7c
1e443de
1f2d483
028ab13
006c766
012c057
1e323c6
1e06042
1dd175b
0252726
1eab17a
1d0ef1f
1f97525
00a0380
0326e69
028fda3
01f96ea
03140e1
1c1974e
01a11b4
01d57ce
0130f39
03e45d8
03feb70
1d07a3f
1fe094b
1e97487
1f503cd
0030e2f
1c975ef
1d14f60
0153d03
1e7c3b8
1d39e42
0319138
1efc78a
0117315
013c5cb
1c8145a
03ba6d9
03ec1d0
1c5a8f5
016b85f
02d2b5d
039c380
00d0534
0046d28
02438c3
1cfb7ea
01408a3
1d3ace7
0351ca1
0355e9b
02a80e3
017d6c4
1e77c2d
1c72d48
012ef95
01a3a70
1fe8dde
0103294
02375ce
0252eca
03f0dc5
03720a8
1e08559
00d1db0
0147bcb
0292d68
00c2091
0024564
1c8fa2a
0118126
0045dbc
1d6915f
00f8165
01254b5
0198185
1e45f16
1f91bae
1d59a54
1ca7cc7
01eca1e
1f4c0e6
0279c37
1d9a74a
1c804cd
1fa7e40
1f1c6d6
1dba2fd
004631a
1ebe478
00cfbf5
03378d5
018756e
1d6b96e
1c2c202
1d42ae6
1e1ddc0
018107e
1db0883
00dc47f
1f0ea35
1ceb608
1ce19f3
1eb7563
1d2e653
0306307
1c61f28
0102e7a
02c88ee
1c6da53
01b7f03
0198e53
1d16d23
1f23cdf
01331e4
0296ae9
017ced1
1df53e4
1e70eb2
02d11b2
1cf5175
1f9f3f1
00b8188
01880e3
025bed9
0149d2a
00ca4b4
1f6a297
1ffebf4
0349448
1f352c8
01bdc90
0366cd6
021cbcc
0216b60
1fde9ba
0025be1
01cd2e9
1ecbbd2
1f5f599
1e2189b
1e52b42
1db0fe4
1d3a11c
1dc302d
1c594fc
1ee7ca5
1fb377b
039d29e
1f533d0
00f2f09
1ea6434
1e934a3
0147ea0
0089162
014656c
033c75e
1ede7d7
0236cc3
1fc3b33
1f51aea
0278ae0
1eb6695
1d2b6a1
1e8004b
1ecc05f
1d25f47
034e5f1
03734cd
1c5a06b
1f41a43
022a6fc
1d0cbc2
1e421a4
012daa3
02ca97b
1f16cb1
01c3883
00c0baa
01fd5d2
01fda71
03c62a0
018a1d1
03ba5b4
1e6924f
1c624e6
01cec11
1ceca81
0384887
00a8f45
1f45773
1e88c99
1d5152d
03337d2
1ddfef9
1f6dd1a
01072f2
1eb8659
0338763
016a8c6
02d6911
1d28867
1cc731b
03585cc
0050122
020285d
1fdcc64
1fcda9c
0392fb3
1fda024
0058416
025681f
1f3c571
0114c98
1e2b877
00a9329
1c06efc
1f55c49
0029f5a
03e3de1
1ee84fb
01377f8
1e6acad
0326d8c
1ec6f57
00cceca
1dccdb0
03f56dc
1e09155
00de548
1c4b608
026222e
1f68840
1de2631
031b4be
03cbc4f
03b3e7f
1ec4217
00e290e
0148db9
01ea2db
0278e64
02de460
1fe6829
1f03b1f
1fe32f0
030bc2a
02ebbb1
0010983
03a20bc
1e518f1
1d6be2f
1f53f61
1c44a05
0176640
01e6230
1d20bdf
01af7ba
1c55c30
1c7d590
1d0107e
02977f8
1e8eda7
01fbd1e
1c86812
01a9894
1d4fecf
1d54f95
03d23f0
1e1c92d
0006e5a
1fe1ce4
1f92869
1ee93b3
01066a3
1cfd87d
0306188
03af2d8
1ea2784
023f1dc
0171625
00f26e5
1cf2e82
1dbe6b5
0228c30
1d4e818
1d74d1e
03498b4
1ef6250
1fe086c
1f19e72
1ce9e6d
1d5d6ed
018bff9
1c8b0b1
0169da2
03754a0
1fdbd3f
00eede2
1cf570f
1f7065c
004d3fc
1ddceba
00b4757
013f924
017d0a0
003d1e8
0098b82
03e88c1
1e5d505
03b174a
007fb35
00d1b5d
1c6803a
1f6a074
0051980
1ca6533
0323ab4
1de2905
0113bb4
0266ef4
1f43fa2
022b684
1d597fe
1c09c0e
1fa6251
00fc48b
1fd81ac
02a621f
00757d6
0336f59
02e810e
1ec059e
1f148df
02e2ca9
1c25af8
021b400
1d382fb
00cb752
000ecdf
1cd0f67
1ee7680
023217f
1cfd45d
1c4410f
1f02077
1e8284e
1c50d2a
1c11cdf
1d3343a
1ccf669
1cc1930
01ebb04
1dfe08a
0189f66
1f05833
027f6ce
1e22f5d
1e9b118
008dd2b
1de2a75
1e3a72f
03de042
1e91439
1d68723
1dc1c12
0105502
1d120f9
1dbf7db
0196f6c
1dc2fa5
1c4869a
1ccbea8
006e389
1c18702
1d0e256
02f2c76
1d4a949
0374856
1fb774c
1e5a3cc
03c0e9f
1d71fad
1e445ee
1eb5f98
0073dc4
1d46559
1ed0b6d
02f35bc
02fe601
00826df
02239a4
00d2b47
0257694
1c53a56
1d3aea5
1c82faa
000f25a
1e7a73f
1cc42e9
1e3b921
0213a4a
02c9876
01f8387
039144c
1f28235
1dae960
1f248c3
1ecea23
015b8df
1d1be16
02203f3
018bd3c
1d630b8
1d1b952
1f426e8
0374077
1d21f77
009c58a
00edcae
1e50b29
1ec563c
1fbade1
0307518
003c152
1da651a
1d8566d
1e7ce01
01de1e3
1da3838
1f2b4da
032bd46
0124008
1d4d5ea
021114a
00cad16
1d9af63
1f2693a
03d2c3a
026fa6b
1c6c957
015e052
003d15f
1cc1cc5
004628a
1de6b39
1f3161a
1c78969
01fea7c
1f62e87
02d9c3c
1dcda7c
004e1f3
03c1ca6
1c921a4
1d484c6
1dba56a
00c1cb5
02a7ed7
1dfc2b3
028deb8
1d19551
0091c83
038287b
1fe77e3
0157c22
1c17929
1eb3858
010c28b
1ddca2e
1ff99bc
1f133b3
1f7b176
1fa2e01
0205d94
1e58385
1f9a43d
1dcc668
0273b0f
02928a0
1ec4f9d
1c29817
1fcee07
1d203ec
1d2a658
02ad3ab
0345a5a
016d838
1dd2212
1d24a7a
1e84066
03d7b68
1c6c51e
1e4361f
01e029a
1d9f4bc
1ece6dc
1d3a4d8
1c44efb
035f3d7
1c7d6c7
1e67991
1e306a1
03c1e80
0175ee8
00eceb9
1f7c013
1c331f6
1ed1bef
1dcc44b
013f4f1
030417a
1f6dd92
1cb8443
03c2054
006cd19
008bc8f
038aee2
1cacf00
1c34b77
1e98def
1c14420
00d23e2
00b1aeb
03f4d35
0271d99
1fc4d17
01fa63e
1e37078
0130184
1f84a5c
1cd8fa1
1cce828
1e49ee3
00dcf0a
0041847
1e83d93
1eac790
0271635
1c4bd9c
02253c4
1df452b
0131439
1dcd0d6
1ce85aa
039943f
036a695
1d7b7b7
03c3fa9
0002702
1ccfb5f
03febd7
030db7f
00c269a
03f82c2
1ddb3a9
03320e0
1f7180c
1fd6ed8
1cd8919
1ce85f9
026e3d5
03c1c8d
1cd15f4
03aebc7
02029fd
1ccbe52
1deefd2
02b226e
013dd21
003d55d
0212f81
1ff9f94
1d0e92a
1e56e14
1f10183
03a8f3a
1c0f960
1f08b53
1ce1dd1
01e191a
0001784
02ea7a0
01310ee
1f9cb15
1d00c94
1e96f29
1f98cd2
00b5add
1da57a6
1ca0d18
032b37f
1cb53e9
1dd261f
1e8439e
03bf264
00ca62a
1c9f60c
0390775
03f5872
0070852
00b3526
1df3bd6
1ff1360
1cfdcfd
1efa37f
010e960
1fc7c61
1cbc42a
1fb282d
1e888f5
1ca70e5
1e5e0b2
1d7ae9c
1fc1cad
03335a8
1ca9be8
0014bfe
1fc50f0
0241262
1e6482d
1fdcba9
0133eb7
0320893
00c815d
1fc189b
02a87d8
1c97e7c
1e176bf
1ef2f58
00a5c0d
1efa7b8
1e6daad
1e3e342
1c48ade
00d11d8
1ffe649
1de8422
1c26eac
00b220f
1f11d10
1fb6df4
1ccae50
1eebccb
1fecefb
00f8346
1d8abe9
01571ca
1e33cb6
01af96f
1c58463
01a7966
005b6c6
1f85674
01ab234
1fc1879
1e7b517
1d21e92
0119d78
028012a
1ea75b6
1cd1e96
011616b
1cd341a
03584c8
1c4b4ab
1c48e49
0073662
1f45e4e
1f60886
1f4b9a9
0184ba5
1d19064
00f72ef
01b321b
022037b
1f4bdf5
0063e72
1c81d70
0052459
01d4d26
023342e
1c05f98
03d799a
1cfd468
1ccce24
00b99de
1c3b6da
1cb4801
1f3a2e4
03bb343
02f8fd4
006c09b
1e05581
0279024
1c5ba53
01d02a5
1deab04
1d3b562
02ae76e
026ea56
0332291
00c4ea4
1eb5274
1f97aad
1d8060e
004a3cd
1c11b61
1e12f21
00de51f
1d3d2a1
038a607
1c371a8
1d31b70
008e392
0152b6c
1d158bf
0049575
1e53e4f
1ee5530
0258dc2
02f599d
0367981
1dac28d
1d4f1ac
00f0d61
0221f86
1dbbb1b
0123781
1d5dc71
01f75af
1fbc4f0
1f9eaed
1e54ebd
1f97473
1e6a96e
03458f1
1fc3462
1d57873
0141498
029b723
1e47216
1fdb92a
007a4ee
1cb0541
01cc651
1da5bcb
0397c0b
1c3a9c6
02028ea
0138a79
0215696
1da33fc
1d31e37
1c1488a
1c5944d
1e69663
02c86a5
029b11b
00e3ed9
007b604
1dfd2a2
011f408
032efc5
1d07ceb
1d09eb9
03cd1d7
01e068e
1d8a514
1c0cef3
1e46302
0080f2b
0345352
038e702
1f05bb8
000b9f2
02f2553
01b208b
011f620
1eeb800
008299c
00a2992
01b281f
1faef41
002b35d
1dd99af
1d87e07
1dd3574
1f7ae7b
1c57852
1cc4c42
1cf1202
002fb50
1ca3b4d
1e36ca6
1d23a93
1c7275b
1d225db
0128b54
0358b21
1f1bde8
038b666
1f79140
01c0df0
001aa2f
00a6907
03e6751
02479c7
0182401
1c9bcfa
0240152
1c9a355
0083049
1c9f167
00e4caf
1f38c07
01ade31
00bce37
02119e9
1c26e88
0231b20
1de945c
01eb974
1e002f4
1c0dd4f
004e11f
1f1fb19
039d354
1d00a02
1f65ad0
1e8b915
1f79f0c
1f11ebd
0394a39
0006ad4
0076ab7
1e74285
006a3b1
00ee8e0
0389d0b
1ee4930
00d42f4
016e387
1cbf2b0
0146e44
1d3be60
1e4aea3
038f6ad
1cdafc9
027db98
1f7b783
1d99bf6
0112004
1e0d29e
1f2def0
01c889f
02d11b3
010f88a
02a39b8
039753a
0353060
0049270
019b262
1e669e0
01863fd
1ff0da7
1cd416d
1ff2f0a
01c865b
1d3f39c
1fb8feb
02db58f
038dfea
1f42ede
0042a2b
1df66e6
1dc4085
0048f00
1e9d360
1f5333e
03bc7ab
1c39dc3
03e2738
0118437
0295694
0096081
03ffacb
03a20ba
1e5b2c4
0194edc
1f45cf5
1d27066
022be99
0368870
00a41a4
03bf1ee
1d0cc5a
00c2505
022b624
1cceb29
1c928fd
1c778ab
1cf661b
1ccc76a
00941d3
027941b
1e6fdb8
1c60e14
0063ba9
018698a
1d0efec
02c513d
001f266
1c434f2
1f848fa
02c6e55
03361aa
0146ca8
0160ed8
00a73e6
1fd6bb7
02cb37e
1cefdde
03f788c
0320dd0
1ddcdd6
1e98245
02c8885
1da4b08
01b897d
1e1eefe
1e16fb4
0338a82
02b9b25
02bb919
1d154f3
1c2d6f1
1fed7b6
00e6042
1c86992
1e03988
1e80a82
005ac38
1c4c145
1cdea30
1c908ea
1e8f69c
00cc81f
1fd6a46
015c0e5
019afe5
035696f
1f06c94
1e0df04
1ebee7d
1ce8a25
00b138f
0018d28
03b13c5
032c24a
1d3f23f
0150518
1c8427b
1c9f94c
0130fdc
0283f16
1eeb409
1dd0550
1c5ab1a
1e0ac0f
038ec0d
0333b19
1d039bd
1c3eb01
0130a08
010d67b
03e824b
1fe0863
1cc4592
004eea0
008fe92
016797f
1ff9a9f
0301e86
00e1f8e
015d093
0232732
02d8ded
1ceeaec
03b08f0
1c2849e
1f296ed
1d063d4
1fafc57
005ef3c
024e0de
00021f6
0196a35
00e73d3
0209541
1c65082
1e40881
0189e4c
021381b
0153588
03d9d36
0220409
1d417cb
1d350b7
019f098
1c294c5
1e43437
0145dd0
00a8e8c
1f6b3a9
1f98e3b
1e33bf4
1e3e972
1e124d0
01b0f6b
1ffff9c
1efe68e
1c42f73
00b2445
024c2af
0325f43
1ce7787
003071d
1f84773
1cb8a4c
1f4522d
032729e
1f0effc
012fd43
010ff26
003cf2b
1c0412f
1c9b262
01d32cb
01bffc8
1d6ca69
1fb6d07
1f184b9
1fa6da9
0208a36
1fda929
1f4c5ee
1d70795
1cea736
1c53e3e
039dc16
1c4b19d
0194bde
1d01de3
014a082
01433ed
1f0b2df
1d61963
1d2f8c7
1e946e0
012a271
027d1cf
00a33bd
03691b3
0376e4e
1f45db9
1e23017
01db408
1d7065d
1f048f5
03ddf80
01b9882
1f2955d
1d11bed
0372cea
027d1e2
0105da0
1c8308f
1c657a9
00fa695
1d06bf8
1db5015
1fbcb05
03eb59f
02f362f
1c71f92
1f398a3
01480d7
03ef05c
0214cf8
1d86d9f
01d4423
021dbf4
1f160e2
002e7ca
1dee6bf
1ddede8
1d0dba7
1f9e825
1da786b
00cbb5e
1e57f31
1f8190b
1e548d0
0276c1a
0359e23
03c3328
1f02d8e
035659f
0057a05
03c3fa3
00abd16
1ef7907
1d55bde
1e627ff
1dc31dc
1e9e6e2
017e1f2
1c53e07
1f400ce
03df915
1d435ce
026ea75
1c5e5a5
03155a6
1c692f0
1f26e10
1eff36a
03deae9
013db63
1d5a30e
01ead64
022adfc
1e60e2a
0171233
01db039
1e78105
023783c
012f8bf
1e2db60
02d2dc6
1f73608
1d0f511
0334131
0111a10
1c318cc
001e0f8
1d0a7d9
032bdf0
1d94bfe
03d4c51
037f549
027bdd9
021fcfe
02dfa6d
1eba828
1c61076
1d9707c
019f0a8
0245b22
1e537f2
1e17bad
1f9e59e
0037756
007c5e7
0191918
0206230
02f7cbf
039657f
1e68cd4
00cda87
006fbb9
03ad216
0067a10
0333854
00af143
03644c0
0131569
03d5c43
00ecfc5
1db552a
0323140
031929e
1da2006
001dcae
1c34792
1ccd387
1c2a2f7
029bc8c
1c21dd1
1fc1e62
006586a
1e4c4ef
02e750f
1e4003b
1e45aef
1d997c6
1ed2986
1e560a2
006484a
014345d
1c66e32
0218b2e
032e66e
1ccea4c
1da9513
0369d48
01db5a3
01a6934
1fcf1b7
1dc550a
1cd35b0
1dd24c8
02a2ccd
0396280
014ef46
1cb8330
1de35fa
1cb25ae
025b7ec
1c72a8f
01b4dde
007e529
1c1fe27
0265be9
0259791
039d569
1f49d41
1d6bc57
1cfb4b3
1d456f1
03520dd
1c836da
1d4fc02
1e00d45
1e7f9f7
0244bfb
1c9426f
00f57ae
1f1705c
00374a9
1fa1a6c
1c215f1
00ec564
1cc63fa
1d8e5ff
0335c16
1d53788
034d782
1ceab49
020f660
03b30e3
1d4787a
009fa50
1ff2092
0079c67
1ea2d11
0014adf
1c48426
1f987c4
02ea4be
1d56eb8
0330509
03a2e06
1e7da8d
1f8e212
1f160eb
1ceda35
1ce71e9
1fc8edd
1f27c7d
1ce1cd2
03c89b5
039f1e5
016738d
0196dc8
1d0957f
1d95496
1d7bb72
1dda320
0144f99
1cae89a
1fbd997
00ad42f
1c7a0ed
0108a81
1f1ea6a
1faccf8
1d8032c
012735f
03b46f9
0155b77
1c72d00
1d9678b
1c7e0c7
00d822b
01d66c9
0093aab
1ef7ee7
03ec862
005d500
02afc6d
012d4a2
1e75f1c
004dca7
1f5a5c0
1dfa43a
1fdedf6
1fe58df
1f56b40
1fc966b
00f40ff
1cc8944
1c93d63
1e8770f
03a3841
1f36a78
1def6e0
1d440b1
00969b7
00c4c1c
018098f
026852b
03dd4f7
00a4207
0353f04
020856a
1f58df8
1c6b394
0072c6a
1cddbaa
02dd24c
1fdbd4e
03918b2
0381e80
1deb461
03b85d0
03fa40a
1c61c29
01bf847
02e3322
007bc44
02acd95
03aa1f2
1fb6c0a
1e906a2
1ceeedc
1c017e7
1cf9581
022da4b
1f777c7
1e2d2e1
1d68867
1d6020c
012b8c3
02c8c65
02e3a36
1fc5d3a
01134cd
1ec6fa0
1ccbaff
1ef11bf
1dc927f
1fae3b7
1c4476a
1cd222a
1dbd508
1d50930
1fffc90
016e796
1ed0d15
1f1b74b
00f2126
1c4cac6
01cd1e4
03b937f
013207c
1c21122
1fbc905
02ef29e
1d77815
0136862
1d3511a
0373f39
1fdec47
1db860f
1cb7fa5
03beffb
00b8390
1d240d9
00a63b8
01dad38
022b4d6
03835a3
1df4aaf
1f07a4a
03070f6
1c1c55e
1eb77fa
1cf6c5f
0193510
0036b6b
1c00b9d
1d13c1e
00e108e
01d16c6
030ef9d
01ec804
1d4fe9d
00dac51
1df66c7
1f71568
01a1144
1ef4486
1ed2edc
0152c2a
02616cf
1e90e69
02a7e5a
1e369f3
1e5bb3b
1ef1b79
003b978
01a6ff4
03f433e
02a7dce
0314aa4
03baf99
0019bb0
1f7bd3c
1dfdfda
1da2c7b
1efc70b
0010119
1e62a96
1f7f12b
006bd22
1e46eba
0330863
03ebcca
1d4cc70
1f279d3
037b02a
0343c83
000ff89
1d44f28
0389955
1ec01f2
1e5baef
1d7fc4e
1f561df
1e716fa
1d66c3a
020fb70
000b185
010170e
1fa037d
01d3691
037fbfe
02d76dc
000385e
036e620
01cc173
007591e
014cdcb
03df432
1c0f1b9
1f8dfa6
0352a14
1ca56f6
1c300c7
02aed86
016e835
1ee788f
035a478
028730d
02bba1b
1f68f3b
0051ea8
028afe1
0249ec4
1c840be
1e807be
1d00dc8
1ceecc5
1c72cdc
00f7a74
017257c
1df63e7
1e4a8ab
03eabe5
022b66a
03f5eff
002061c
1d701f9
1ea87b3
1df4805
1cb9097
1ec3723
00532c3
1ef8ee8
008e22f
0158a82
01d9bef
03752e5
02c25f6
01094cb
009e989
005fb69
1fb10dd
1f4aa92
1d4044f
1dc5237
1ea14b9
0044c1f
1ccf820
0107309
1fb2612
01ef5ed
02fea5c
02d8d34
011b97c
1ee6a0f
03cb92e
1d2d248
1c6a081
028fb93
03c8f87
02e8874
015fc5b
1fb2771
03c12bc
034d34e
1ddb04e
1e2f332
0062953
0217d6c
00fb65d
1d03b4f
00dfb86
0098b94
1cfbc29
1c83457
1ec0e0a
023be9d
00e58b9
0277bec
1ebd57a
1f8bf2f
1e6c235
024f1ee
1de72f5
012dac8
1d8d826
017bd87
00d9e40
1d25869
1ddc0f6
1d03f68
1dadd9f
015c8ec
034ad62
0212c4f
1cc04f4
1cc65eb
1f30899
1e0ed2b
034d0ad
01ea2df
1f9fa0a
1c830d1
008504b
01277bd
01e2371
1cb7925
1cb918c
003a005
1d8216e
0194425
0143cc9
03f38f3
026a93a
1d8dff3
03bc41e
1e04c12
03ce1d3
1fe613a
1fac19f
0181034
011974d
0368de6
1f0c67a
1c1d853
1c3f657
0122c3a
029ae09
1d2abde
039fdfe
1c2e920
1c2c886
0076e79
014f2ee
01a4ec6
1d0c4d5
1eed6c5
00872a1
1e2ca00
0176bfb
002bb35
0289431
0096d34
1d9e589
00a9ba5
01d1c5f
1d8ff23
017807f
029241b
1f39120
1cefe4f
1ee771f
03b5f8b
005de00
1f44b67
1f17e47
03c057c
1d36e89
03a75aa
1d4eadd
0378d72
00ace9e
1d276e9
02e6506
1c2a796
1f8e09d
02e426e
00d95b9
020674c
1cab199
1eeb2b4
1c6d15d
017396c
0165d97
00204d8
0385518
00863ea
1f1af1c
1dbd326
03d0edf
1e91da7
03a7b3d
1f719f0
1c3d5a6
1e94770
03b15f6
00d678c
1ca30a3
0142886
009be16
0307035
0310062
1edfa22
1e06cd0
1ed3372
1ceca76
02e6775
03372d0
012c2e2
1f5a83f
022027d
00f8f05
1c1b4e6
00295b3
1c99e20
0366752
024ab57
021584a
0231449
1e25381
016c6e3
1c25506
1ff6e9d
02388dc
1f30c4a
00d9a4b
0361ca9
1cba716
1cf24b3
1d865a8
1e41117
1e08143
0092b6b
034eda6
023f809
01340a2
0082f40
0120c95
1ff6426
1f815ab
1d2ac6c
1d3c76e
1f9188c
026b388
1eccc7f
1eb3e0c
020feae
1e737fc
1c7b74a
1f3fb12
1efad4e
01753bf
1ffe4db
03e33b1
00a4686
1e2f31a
1f331c6
1c116bf
00a90ee
029c73d
1d9ad98
01af411
1cfe0b7
013ef7d
00b4204
01da84a
0228868
1fe890c
00c7f04
00998f9
02753ab
1fe9983
1f7f074
1edc672
1c4065f
1e999db
00f82ea
1deb2e0
01073c3
1ea8f9e
1d9eb98
002c8c4
01ab136
0206eac
1eb5571
02ea013
1d16a2d
1f94d5b
1fbe122
1ec9c90
00b7b0b
03fafcc
014a65d
03cd541
1f83605
1cde226
1c03fe8
00ebd2e
1f32dda
03c143a
1de419a
029cf06
1d0ebd6
1d1f01b
032d8a3
1f8f604
1cf36bf
1ff534e
0077472
0103410
03565e1
1d2fca5
1ceea85
1e42ce3
0168e83
1d76d3e
1dd1cbd
03cdc47
1c2c176
1f8d86b
0360d77
006e406
03a2603
1e3942c
1e6452e
0311365
03c25ec
1cac9e6
00fd3a0
1e6b0c2
1f4a19c
1c33d53
01ad543
0250d38
01752de
01e6007
02db71f
1e3bcb4
0355940
1dc1eb9
1c15e01
1f1b292
1d8f6ae
1e2e1c1
1db8153
01f6ef4
02e596d
0245c52
1fe838a
1cf5cd9
1fb19c4
1c85d1c
03fec14
1f3a90d
01985d2
02efc21
1dd815b
1f37f1d
00b8d21
1d2a466
1d420b9
1ca85d8
1f475dc
01f3b55
00ea4dd
1f296b2
03cca16
032828e
1ffe100
037fdeb
1eeffca
1d43bcf
1d16e0f
0198329
1c59e97
1fa7629
1fd9038
1cad169
1ef7fc2
018ac2f
1d7f633
1c4d366
0057387
1dc1d94
02a66ca
00c3f8c
0040ee9
1f4dcd4
02a7af4
1de3cda
000a0ac
00a736a
0383da3
1db042c
02d5b97
0252f17
00b9953
1f7abde
1d9da89
03e94ed
1f2a40e
1d8a6b1
02ae446
02b1a38
03b195c
03fac77
1e5c153
0038a27
1ccded4
1df5112
1dbf3c1
00e4c87
1c66038
1df6470
02484cc
01df71b
1ddb709
1d60647
1cb5aa9
1d843fc
1daaa02
01842c1
00719a7
029ccef
1cca5d7
1fdc897
1eb8c29
014ba56
1c23cc2
1e0feea
02eb1f4
036f497
1e15cbf
024ea9b
1ee8407
1ea121d
024d233
0239b51
0251da2
1e942e9
0310e40
1ff9ac0
014b3d2
00d883f
1c9592a
035dc23
1f4f841
1f0a06f
1c22138
1d5ed41
004919f
028e3af
1f03e26
015e10d
03f0ca7
1dc4add
0288b85
1fdfd71
1d53288
033e7f6
1e1c756
1e86a74
1d9ebbc
0130d39
1d5de63
1f9c12f
01a51a8
1c4bbc2
1cf2103
1ec0bc2
1c73166
1fba5ad
1d3a8fe
1f6208a
1c4d912
03895b7
1cf628b
01a82b0
1f38346
02889dc
1f9c046
0348653
0135e3c
1c38d39
1d6f568
1c25bd2
02be531
1d96f18
003ce8a
0080335
1f56bb8
1ef64a4
030507b
031412f
026d8ae
020d4db
01207c4
1ec6820
01ce8f4
1ccc7a5
1c3bdba
03d0fef
1f6ea5f
1d17770
1e56f66
0094779
01bb4f1
03fa926
1fb6075
00bda39
1ceb073
1f9556a
1fd9174
1f6c315
0247e85
02dee5b
1ca01a4
1cfe822
1e6b7ee
01d396d
1c255c8
0165778
026b1b6
034e689
03d738e
1d05fac
1d4f5ca
00670e0
1da9eb6
0188f71
03f46c4
1e1c9b9
01f1897
1f78bce
1fc393f
0333209
1c1b0e7
1c7d557
02e1c30
1eb100c
01bd77c
00f2651
039b17d
1c55327
018db6c
01d7599
0344763
00d08ef
03e2eba
1d4fd2c
001dee9
1da8182
030145e
1e661f2
1f69427
002f506
0312280
1e69dcf
1e24485
03f037e
1d66b47
1daacd1
0047517
1c3f2a5
1dec65c
03d3378
1e44513
1cbfd24
028bae0
1cd33ec
0182b27
00b97d7
1d42d4f
01037ae
1cf3800
0211e0d
1da05a7
1e23edb
1c11051
1d1c94d
1c40c4f
1e5f406
1f598af
1c09bdc
00b2d77
0353e67
1c944a9
1f8774f
01a2db4
039ba2f
028c87b
0120ac6
1f63600
1eb80aa
1c2c953
00acc6a
017d0fd
02ecec3
0397de9
01d0773
1eef6ee
012a3bb
1ee63a5
1cc9412
1fa996f
030757f
006e3b7
036daf9
1d66114
01ce0e4
0273acc
1dc3bb2
03e4cbc
037bbc6
1ef4007
1deb580
1ce6b7e
1cce400
0324a90
00aa84c
1fd7c38
1dc4052
03a9f03
1f79174
1ddbb8e
0274018
01aedda
02fadbb
1efea62
1d8491c
02922c7
1f28cab
0067d44
1e0adff
00e08d7
1de6783
008e150
1f8d139
1d5fd0a
1d00d26
02e6927
1db28e3
1e3e57f
1d90554
003b006
1cc7c06
02e8d86
01e3e70
1c4dec9
0316239
012eac6
005b4bf
1fc4283
03c71bc
1c943b9
1cee9e5
00d8ae8
1c32e2f
1f33559
1fa0b4e
02000cf
03105f1
0189c7b
1dd3640
1cf01a3
1e7564a
1e82cf7
1ee939c
1e2cf52
1ecc469
1f73eae
02e069c
1e08dd2
007cf58
1e6a59a
1dd5ea0
1e59938
1f17523
1d9d30a
1d4a251
1f1b045
1e8546c
1fe907b
1d64aee
1e37b65
1da8acc
02cdd6c
027fe35
1cdb88c
1d3ebb8
1ca095f
0267742
03c770b
02e1422
027537d
1f7eb82
00a2c8a
1eb2a14
01abd28
1c49e56
1d73913
1feea4f
1e9fb4d
1c8bf56
1f6f698
1fc20d6
0073f72
1c55a0a
01717f2
013951e
036e011
01a5bf1
02be940
1c5e3aa
1e2fd81
1c93a4a
01b3838
01174bf
0214077
00fd94d
1f675be
00b341a
02f9a09
0136932
1e0f866
1f5bd2b
039ad87
1c1ed28
1e41342
028a42c
017fc9b
1c2ad47
0054822
1dec8f4
1e81661
006e86a
019f051
03a0823
1d54362
0017e18
1c7c807
0256546
1e1fdac
0054187
1d0aa4b
1da2477
003c8e2
03cd214
1ebf357
1eadc68
039fdac
1f0e3de
03eede6
008d5cc
1e09685
1fa5dda
03db653
1ebc6b8
020964b
020f116
1d0c1f7
03effcb
0286416
1e57bf7
1d829ca
030248a
1d74a6e
1f53456
1e96cb0
1df94a3
1ed5f24
031d102
1f0233c
1f9d43b
02ebb8b
01c3958
03329b2
019b3c4
1fe386f
1ed488b
02fd535
1e04c22
01dfa9e
03d5ec5
016f369
028d0ed
1e409d9
1c1b3ce
0005c22
0104573
1e6c763
01b170e
00b1d19
1f33478
00822eb
1ff17da
03f3e0e
03c3f55
00bca4e
033bbf5
1f32c4a
1c7bb01
1e87772
01d9ea0
1d43d58
0231fac
00f72d2
1c8d461
00a945e
1e8323d
1f43359
1eb0a66
033e246
034ed70
0229cc1
1f13089
1c16e42
007a574
0384631
1fa55f5
1fca05f
1cee349
03701e7
1c07c05
1d147e3
0180f5c
1d11adc
001cd30
0274c45
1e5f489
1dc7190
01ed0ad
0132697
026966d
1c4510e
005a5b3
1c5fdc3
1ec4ba6
0019c8b
1dd4103
1fecf54
1d74868
1e23cc2
01a7db0
1c15319
01e18cb
1f78f28
1e5b92d
1f342dc
1d3015a
03083b6
1ec49fa
015997a
02a2520
1c5fc44
00afcfe
1d3e3ba
03cf92a
023df6d
1f9c99b
00c5ffd
1e18a28
1cce47c
03c2ca0
1e6a092
02ed4bc
1c28de3
00d26d5
1c7ae57
1c32895
1dd82cf
0006553
1e0f2f2
0304e83
1e78ddb
1f39de7
1c54693
01aa3ae
020ae0f
1f0703c
019fb7a
03164a9
03ccd43
031d251
01ad5f3
1f380a3
0141038
020d274
010c757
02855c6
03019ba
1e459b2
1c1c1e6
00daa97
03f5097
0175cc3
1fbc239
1df8572
03efb30
026fd66
1dc41b4
1ec24ca
1f0f568
1c1ae87
1f2de00
1f9799b
1f38ac2
022110c
1e8a0a1
01befcf
1e212a0
007e59a
1f2929b
02ae1a8
1f18b40
02a7108
01ab445
02bceeb
01638b5
1c66cf1
1fc02d8
02e230d
1f73179
1c225e6
1c76f78
02eaadc
1d97a4e
02cce1b
1c7743d
1f6949d
008e03f
032d271
00296b2
1cd0e27
01c15bc
034b7e0
1c1897f
1c8e925
1f839bd
034baa3
0223426
1ecd149
1c45c3b
1ffe95d
00a9b2b
1eedfb3
1e2dbdd
1c1c539
0324e81
005c2ea
02f7a6f
00cf36d
026aaba
027cfc8
1e479f8
1d630c4
1ca1734
0342606
1f3aae3
01097a5
005ff25
01fed02
1cd83a7
1c689ff
1d2461f
006a91b
1d5fc70
020ddad
025466e
033cae3
1f76dfe
1e16bcc
1c9c82e
024693e
1e5974d
1dbe047
1eead20
1d1976d
1c3e5ff
1c8c9ec
1df50e1
01e850a
1c69efd
1c0ed42
002b22f
1c6832a
1d08322
1dc9e63
1ed3f89
1c41d19
1efcae5
0032312
1fc9fc2
1f7c94f
1f71323
00c7805
00e5ca8
1ed42d6
1c00bc4
1d1ee7f
1e49eb9
1fb18ca
019bdec
1d001f8
0250701
1e451db
0357014
1d91099
034d5d1
1de69cb
1e6e4c6
1ed4509
030fb25
1d10cca
000f192
03ccada
1e7c8db
1f16da0
022f7d7
016bd5e
00b76c6
1efda75
1f3cd39
03c51ff
0357cdc
009bcc0
1cc639b
0237b76
1cfd37e
1fcab0a
1eed5ae
1f522eb
011a10a
0067b6a
030b685
1e87b03
0076594
0334a32
1c49e6b
02e5e96
02a458f
038874b
00ed6c2
02523e9
1fb0269
00169fd
02bfe4b
1df9ffd
039c421
0057663
0126eb0
1d039b2
1f02437
1ed1994
1ef4a67
0171ceb
1d7bf94
1d84df7
03b63f6
1fcd030
008820b
010d046
0214f9b
015d580
1f29bb6
1cf0b52
1cd61f8
1ff9429
012ba26
03302a0
1ca1155
011c548
030238b
1eb1011
0137ad3
1f6ff31
1e062f3
1fb2248
1fe5403
1fb6847
1dc3bab
1c9c528
1eefb5b
1ebe362
007b18b
1e16ea0
1ee8d41
1c5c35c
002ef19
1d116fd
1d9d1b1
0210b73
010f497
03df0c6
1d8eb71
1cd82b1
0390de8
1de3aff
00c6904
03f0711
1cc7fef
039d9e0
1cb3b33
1ce069c
0166e73
1f4a4d7
1f5f601
1f1a7e6
1f980db
1d312ad
1e03f8a
1d0a625
03cf023
1ee1145
00e2ad8
1dbf076
1dcb182
1d45c98
006274b
1dcbfa9
0118b95
1deb897
0120c01
01e231d
1ef1a06
019b4e0
1eee477
1ff9d5b
1ef7b06
1f9f040
0307db7
1fcdf67
00ef0f3
1e2d9de
027a7bf
03a0b48
1db010a
1fd47e9
00b78b9
03e99fb
012bb7f
1d998c9
01f5dc1
1e44fa7
1c99f35
1fbb0f0
1deb814
1f48b52
02bdab1
00beea8
1df05f9
1d40ac4
1ee2a16
0055b3d
1c7c060
1d08318
1c2a2a8
1fd1503
00ba23c
1f90d5f
1c1b0bf
0013b1e
1fd9ff8
1d6187f
1c2d25f
1fcc5dd
02f35e6
1e58f23
1f6f6b1
03cc173
1de2ceb
1d6af1e
1e972cf
009cec2
1dffa9c
01582d0
1c5118e
1fbc726
1c71dbd
1f6a619
027af9b
1ebdf74
031ff5d
004cfcf
1fc629f
02d5c1e
027b9f3
016a3fc
017d6ca
039b577
0007c9d
1d59b5a
1fcbf9b
1ed88a6
01bfc48
1e7285b
027c4eb
1e2810a
1ccd58d
1c329f5
1eb4364
026a34c
00b1de7
03052b9
01236ba
0396bf0
0381b67
1d1fc70
1c5ee08
1d5e155
00b0049
1f071ab
013cdde
1cca655
026635d
1d71061
039cf66
032bb3b
037ef6a
02d3f52
03ea0c1
00e8086
1ce105e
1e78019
1c75bfb
1ce2e20
03c4095
1f9ecee
1f9156b
1c1e709
1ffc0c8
0287f6a
0019852
1d39cd7
1e7b6e5
1de4913
1f62935
01a35af
0190d37
0172b5b
01aeef0
03f46d2
1f68e47
00c115a
0387748
1d88737
014df2b
037aa8d
1d4205b
1edbb78
03c1a26
01d4e6b
023b457
1e5e3ff
1eeeaff
1d3fd33
1fc6d08
1d776cb
1cca3ae
1fde730
020a141
1e368d6
1e85e82
1ef4460
1ca0207
015888d
0012c4d
1dec3b9
007b9c6
03694a2
1f4cc87
1fb4ecd
002e7ef
00e911b
1d64078
1f6c864
1c10a63
018dfbf
1f3a190
00d4e7c
1d87117
1c60b0e
1f87fa0
032bfa6
1f18b0b
1fbf2e9
1db440a
01ac396
02e89f1
1d8106b
1c7c47f
1ca2dcc
1e16cb8
1fea215
0366db1
0333a3a
1df5806
1c8db05
1e63b86
0095274
1e575fc
026b698
1c4087e
1cac09d
1e3ae44
036449b
1d5dd60
00e8279
1f90818
1da1694
1f6843a
1e7fdfd
1c813bd
02937a7
1d5296c
03652b7
03a3c8b
1cb64e7
019888a
1e6785f
00afedd
1fd033e
002dd09
1e27e3c
1f121b4
1ee1296
039a0d3
1edb764
00ba3c0
1d706dc
1c6b78b
1deb772
1d09f82
007b92b
1d5c2ec
1ddeea6
1e60dcc
1db2f20
1c98b6e
1cfd021
1c6aa8a
037e2f1
0313ee3
1ee1f4e
1dc7557
01fbbf4
1fbc06a
02d6054
030dff6
1d2f04d
0011727
1c0e4d1
038c263
1fe5b44
1e256a6
01c292a
005476f
02b8d7d
1f39f29
1f13fcf
1d764c4
009ecbe
02f5a20
029e3f5
038ad57
1eaf863
1f10ae3
1c62164
00aafd5
1d54fe3
1c0613b
1dcf197
1eca634
02e4dd1
005590e
1ed7305
02aaf1f
1d3e815
1ee3140
1fb9e75
00b643e
00b9a9a
01bcb0d
1f10ae4
1d2e8ab
016fffd
00c8f7d
0236278
0364988
1db989d
007076f
030211e
0078ec8
0154086
0187573
03f4382
01aeb49
03d5fcb
1c60b04
1d3a8a6
1d6fd55
1f2e987
006cbfd
1d41044
1e61f4d
0141314
1ec68e2
1fb9b42
1ef49f7
032065c
01f393e
1f06c15
00c4cf5
1e3611e
0071e14
0378d5e
002ce0a
1f806ef
1fac9b2
0250ff5
1d1f2dc
1dccc6e
00976ed
02a93d2
1e6db02
02b4911
037235a
00c6703
02200b7
1c353cc
1c3cfbd
033a65d
0159b19
00891e8
02a95c1
01f9b3a
01b4f89
03c4a48
1d42609
1f920a5
02c3c0f
1db78d5
1d1e144
1cbf902
1cdef21
025f88a
0018332
012ca40
00f0cda
1f8f6bf
1d2faad
1e3e9bc
024c8aa
0128e6c
1e081c5
0329698
1efea58
004a391
1c716c9
014ef8f
1c69704
1dc9e5f
1c1fcd6
1d29e08
1d2a73b
1fa146a
1db19bb
1e631f3
1e52f9a
00b9193
005d34a
1e06c2f
1c1e047
1fca4a4
0007951
0283dda
024ef97
1fa05ac
1e4b4da
01f75f7
03e99e3
1e7c30e
1c7ad95
1f30eec
02fc8d5
03879a5
01ee937
1d8469b
1d2ee50
1ced3e3
1d71234
02cab55
02cbc00
1dd8aee
03ed240
0047582
031d2bc
1d6a5bf
1c578ee
001dd5f
1d80b4b
1c69f8e
032d27d
1cb5d7e
1d76ce6
008fd30
1fb633e
1e6374a
0312a0d
0315434
1ec57be
02c12d4
0229bc1
01a72c9
00ea75e
1f0f27c
01deb28
1ea5ed0
0110178
013951f
034638d
1cfae31
1d706bc
1ca9223
1e324c6
0357370
1c8b2e7
1c57712
028d378
0216cc9
01b661a
037b904
1c59b9b
03eba9e
02a95ac
002c544
1d953bd
1da8afe
03eacc2
1f6f702
01768d9
1fc3a96
0295d28
00115fe
1e6fc7e
0074457
1fbdb32
012f2ee
1c124a2
01e0f6a
033fb91
1dd9541
1d15fb1
1ce9e08
1e02c58
1c0f5e3
00d2221
1f0d303
1d19f4f
0329ecc
1d2d66d
025afe9
0157282
1e27a22
028b874
01fac66
01669be
1d7dfb2
03b11e7
1fd26ea
1ef707b
1d240fa
0115fda
1e94734
0062971
1ee7fb9
1cd6882
0089134
1d9ee57
1c2d086
1cda8bc
1fa9767
1c02b35
0109770
1c6e335
01c4f30
1ed01c7
1c5fd14
008eccb
02d1ab3
02112c4
0209c93
1d9be49
024edef
01a39a8
1f7248c
1c1a50c
001ce99
1e69630
009fb98
1c17c87
0361a24
1cdca83
01bb479
1dc5351
03a25db
1e4402a
002ac3a
02f7a1f
0009dc8
02c3b51
023bbdf
1ea813e
1e276b1
1c0f701
006fe4b
1d7d6a6
1fa6a2e
0334cc5
016a321
00ce26e
1d10393
1e3d2a8
00b473c
0060dee
036c9a5
03118f9
1d03258
1f4eabf
1dbde57
1da17f1
0276feb
0386c19
1e66a77
0354590
033686c
014650b
0108385
032905e
1d1f6ab
018bcc6
02d5b09
1d6e143
017e6ec
028e7a4
1fe22c9
1c9140e
1d910fe
0164bd5
1fcf9c5
1efb0bd
1d3c338
1ce165a
024ab85
1f03146
1d79fe5
1f9a126
1fdfb3e
1c2587c
0370a73
00dfa27
1c0d2ee
0219793
023102d
1c75d6c
1df79c3
1ea3d30
1cd6b6d
02f3507
1f264c4
00fd6a7
0098386
036e2ce
0140a6c
1f87ee8
1f315d8
003782e
1c9c314
020c8da
1fee66d
00503b8
0074a98
1f9d255
1d045b2
01a9def
1c5c618
1db0846
1c1c9e8
1d0af3d
0010fbb
03985c8
03a65b1
004cd9b
1dcaf08
039975a
027b868
1ef8a8e
1ed0553
00e011a
0304f0f
1d21bfc
1d3dfda
0181b7b
02ba142
006db66
01a19b4
1c0cd64
026b2f1
1ef1318
1d7746d
1e4d807
1dce8bd
1d48852
0353276
02d6c1a
03d6923
02e3087
00e4959
1e9d1b4
0029b09
1c3531c
1fa57b3
1e57054
014bc83
0089c7e
1f92630
1f64fc4
1e83e44
00adf30
1fee891
033b555
03c9186
1c6d72e
01948a7
1fbdab4
02da6fd
1e71626
1c6dc88
1fa6ea0
1f024ae
002b7a8
1c41068
1dff530
1f72762
0011c72
1f0f733
1c4b4af
0174bca
1cc2f1a
03576aa
02de1c9
02a254b
1d8af8c
00a92e2
02b3dad
0286901
010b837
031ceb3
02a6831
1dce0d2
1f104be
1d2b2ee
0392071
1efbcdc
030f4ea
1f431db
007a189
03130f2
02b4975
0378abf
01e1386
02ef030
0013512
1f905fd
00aaf48
01cd622
1f24a1e
1d25649
1f8aa06
1c22341
02b71c7
1eeea7c
1c266cb
1f2f421
1fc8e7e
1f075ec
1e80dee
01360db
1d236f4
1d86e76
1c53e87
1c6bb81
00f563d
0103f69
02ac580
016f34e
1ddd08a
0132ca0
1d436b0
1faab47
00cc849
0328ec2
1f79f3c
1e6cc39
00fa193
1e6ec51
1dfabbe
035a67a
005316a
0118334
039972e
0323867
1f714e7
1c4678b
02d8588
1f38ccf
0008fee
03b8a5d
010b3af
1dc3081
1d59dd2
1ed7572
03c367d
1c521ca
1d2063e
1d67aa6
01f5d66
03edac6
019bc48
1dfebfb
1d47e80
1ce8511
0113d10
02fbf75
02385b1
1cea982
02b8b39
1d1b0f5
0137441
1da06ce
00debb0
031c36f
1da58e8
0207a5d
1fde1ec
004f52f
1e105c4
1cebf0a
03628bb
03d8e7a
00843a5
001e4dd
0141de9
00df6e5
02fe006
1f670ce
031952d
00721c9
020a2a9
000d342
1caa029
03bfa83
1ce5b1d
1edc7ef
01c1440
03bb089
1d5ee0e
001c7fb
038b1fd
1de50a7
1edf563
0322334
1ec9464
1d95c16
1d2afc2
0316122
1f4ae05
0059f2d
028df34
1d31d8e
1ebb5f8
005401d
1ee04e4
1fdb90b
02cb48c
1c60b79
1ff6fdd
03c5ee0
1ebb181
033ced0
01151ce
1eb8f7c
1ccc8c1
1c80eed
1e0d677
1f6b0e7
0374921
1de0e14
1e52b30
01e62a5
1c5bd95
004d949
1f37d56
00109a6
1c44c89
1f001f0
1e9bb05
01cda6d
1f19ed6
1ed54b6
03d1a59
1f5d3a1
0073647
1f848e8
01836d0
02e74aa
1efca24
03e7516
000df5c
0332836
1ee7e3e
02c0301
00d8028
03a4831
02e0a33
0217cfe
1d27638
00541d6
001a36d
01e7e61
0330ea8
1cab2d7
006e663
1f95128
015f44e
1dbab73
1eb7715
1e1bd1b
02878bc
01b7312
1e63709
03319fa
0335d7b
1d84a9d
0290be1
03149b7
1fcd8fc
03839e7
0159f3f
1fd149d
0249d81
0311aa9
1c3249b
01d5d3b
1d82212
1e3e8e9
1c15833
01b012b
1cde0b3
1e13f4c
0085fa9
1c3ff65
1cfd13d
1ec7e91
1d3b4b2
00a03ea
00e5f23
022bb88
0298f62
1d48fc9
02f307a
1cb1395
1c63ad3
1d6e109
1f1102b
1ef656c
1e07e3a
03815c2
1eb26d5
1df2c22
1dba30c
03b845b
1d8f13c
02b6379
02632e0
1fe5c30
1fb377c
1f53d9b
1c277d7
1e76678
1ea2526
1e486fc
1fa22d2
1f3f609
0393538
1edea92
007058f
01e6fb0
0212fa4
03f18bf
1e48f12
1c7b45e
1d8b387
03687e9
1e7ab60
016dcd9
1c7445d
01c9344
0107a8e
1fd7b63
019747b
1e552fb
1c3dddd
1d16786
1d373ca
037ee31
036eb24
007a19c
00630ef
01af50e
1f1c50b
032c3e4
01882c5
1eaac4f
0283f1b
00c1ba0
1e2fa21
1f9696f
02f4c2c
0199803
00f9b5c
010d6e3
1fa34ff
00ffca7
03e7a1d
01fb266
00889a0
1f9794c
03199f6
01a1a91
1f03136
0185a92
01f8e5b
1f45ecf
002084e
0249d64
1ece9a0
1de83a5
1eab786
02ce4aa
1e8ed60
03a29d3
1c6bd24
03193d3
02ac62a
0223840
1ddc816
1fac0bf
1ea29ae
1f99d65
1f30ba0
1cf3bd5
1e7d564
0355b5d
1f5d94c
1eb9bef
1ef96e3
1e6b352
01d4cfd
00d6e05
1fe2090
01792cb
03efc79
1e5b918
02a6af9
1da76b9
1e77a49
0231009
1f4361b
1dfcf72
1c59aa7
1e47240
02a4854
1c98e41
02d5bef
1dd14dd
0354680
02905e7
02f9094
026d569
1e71089
010c75a
1c9d24c
0349412
0071fd0
1d30cc4
1d5fc09
02a566b
1e3cef9
1ca6f13
03e72be
036d172
1d968d1
0031e7f
020aa7e
03470d9
1d74b76
1c8ed0e
1e09b70
1c15d1f
1e33a2b
02a9e47
1cb11aa
00d4640
1c68bf0
1e1d4de
01aa187
1f10a59
1ea45cc
00e4a51
027428b
1e94e12
022957c
1e84640
1fbfac3
029a94a
1d327d1
1d1f4b8
00734a1
008f9a0
1c858f5
1c72428
00f6042
0028655
03ba753
1d31f7b
03705af
1ccba7a
1fe7ff2
1d907a6
1e4efdb
033996c
02203b5
003ace7
1f21815
01d40a7
004788b
02b3781
1dfab7b
000e719
004dda7
0200b51
02ff895
1c35073
02509db
1d57ff5
1d10f02
1db6949
1c147b6
02be98c
00df890
1c209ec
1d9c984
1e1e4d1
1e9ff55
01f08d1
1f89efd
00f9861
1ec7787
00e4123
012c47b
1ce37c0
02c8b87
00b8bfe
1f8577d
0200fa8
027b447
02d6502
0131fc0
03e5634
1fb93cc
1c52989
1ce81aa
0227cef
1cfd6d6
01003af
1c7a049
1f0bb69
1e23535
1e4c792
1e70651
01db884
0284539
1d01cd5
004d7ce
012619b
1f2e1e6
1d3c8cc
03a2370
02505b2
1d9acc9
1ce64a5
1df4a93
03e7a9b
038b8ff
1fc454a
02e0d1c
01faf37
0335fb3
03d6e13
034d0f4
03bc122
00ae6a9
1d93eb3
0353cce
007bfe1
1ea5f10
1e7f4a3
1cae93e
029fed0
0332b4d
001b923
03b4cc2
0114c70
1d6be27
025e8e5
1cc7bdd
1d0700d
011f499
1fa830e
01a1bae
1f95905
1d0abb4
1d4f345
033beb5
1e03fb8
1ea585a
014ac11
1c2346f
1f78158
1ee5bf9
0093669
033978a
1e00e76
005e46e
015c0db
1e415a6
1d20ba5
1c5fc15
0248051
1c86dc0
029b47b
1c80340
0256cc2
02ebc63
01251f0
1f822ed
029d07a
005307e
1c750af
013aca8
0173b06
013830b
02d63e8
1d1eadf
0240949
1d5a58e
0330579
013d22a
00fdf30
1db3691
1eea52c
030cb54
1f990e7
1cdb636
01c15ee
1d62d43
1d76973
00c0767
00013b1
02ec1e5
1f68373
1f57ceb
0361646
01e6d38
1d0f8b5
1fae3f6
033eab6
1e3a79c
1e36ca1
1ead17d
1ff0ce0
1d0e0a5
1cd1e51
1f8b9f6
02decc1
1c117ba
1fb7372
0393aca
03a4217
1dc730d
1e00c4a
1cf6c3d
1e78b9d
03ad8eb
1ce8fe8
025735e
1c15cd3
1c0dbc5
1e7f457
00b6a35
1e11ef0
02d8c94
1c9595d
1d5650f
1cde3c9
1e997bd
1c290a2
01748c3
1df59ab
1dc45f4
038703b
1e76f90
1cd27ba
0032257
016f6c2
0041735
1edea98
1d989d8
0121d21
012326f
0133b4b
1c06b29
03c03eb
1faf1cf
0320466
1ebaa70
1d5d4a6
1c33f93
014a66a
0386b18
1c8d495
1e97359
1ce6bec
1ccc481
0187287
024d2e9
01226f0
038d259
1ee2f92
01aefd2
1c302c5
1de2691
028f51b
01bccb6
1c08fee
1e021b2
013a91e
020dc02
007b267
00c4adb
1c5a83b
1f93970
1d78132
1e6d484
1f979f1
004540f
01b951c
1cc92ac
0331736
1d7613d
005b4fd
1ff66cd
1fec33c
038598d
1c9d2ab
1d6742d
0165748
00da16e
1d075b2
1f503d0
1cd875d
1ce5119
1ffe700
1c06c0a
1deac56
0394553
1d75414
02f321c
1f3e44b
1fd86d8
1d5235d
006db36
00bf419
1eaffcd
02924be
1d906e6
03e6484
1e28cb8
1ce53df
001a63a
00c4034
1d4824c
0176085
032ff27
1cdd1fb
0361400
03c0d5c
00d6dfb
0219393
1f8b27e
02d27ef
1c85d11
1e3a33a
1ce1def
1cb1df1
1f62d41
1de0562
1da9dd8
02a1f16
02b39c8
00c39ff
1e08ffa
1ff2ab1
1cd9594
00252af
025dd23
1fbb7c8
1e15b22
0013d01
01a0a58
021fdfd
036da98
1fcf540
02f339f
020adf2
0328aec
00c1ce3
1c597d5
0378709
1dc8f63
03cc7a8
1f2a3bf
03810c6
03f2699
1f6c690
0394621
1d9b3c3
032a5ce
1e2a81c
1ca1ffa
1dd591a
1f8c055
1ff5493
014b29c
015cab3
0019f2e
01baeda
1c465aa
000a9f8
03fbd1e
002a0da
1cae05f
1c35178
01dfad3
1e42821
03cb278
03d5ab5
009810f
1d00864
1f2ad3f
00f8acf
03daf8a
0056225
021c70f
0073cc2
012fa5e
0351548
1d70f0c
1eb0df9
1c0e4c7
0054198
02beaee
03534cb
02489be
1e55009
1d29958
0289c9d
1f00cdd
1c975d8
0178443
03a191d
1ee8552
1eeba9d
1efffa3
1eb002a
1e56cf2
1d4b6a8
1ee86ca
1e520bc
1fc2eb8
01f389c
1c80877
1ddd4c8
1d4ee75
0004c23
02a16d0
0380012
00b85a0
02b7bdc
1d0ffc9
1d67be6
035c893
1c47584
024ac51
1d594a0
0347103
02fb753
011cc87
0219b7e
03be14c
1e1a345
1d4d3a6
1dc91f7
1c8f5fb
1e17c38
000753b
1c6514f
1cf363f
03d5a4f
02a20da
1dbeaf7
1d766b0
03f0e02
00d4def
1e40157
1e2e4b5
1e41e8d
01a7986
011253c
011a6d6
1fc1ce3
1eb9acc
1c3b50d
0156f13
1d879a4
03eafad
029668d
1d38d92
1e6dd47
1c95321
1cb1ac2
014a189
1c0a4ce
1edfb12
03eb898
1dfb9a1
1e6b0df
1ce06bf
00752fe
1cf78d7
1c81669
036c2c5
1df1574
01d1a67
009be12
01ec1f5
010a5ff
1ca1c90
1f6ba1e
1e6069a
1e39826
00aae1a
038aee2
00dec2d
0089301
1dbf249
1ce0974
1ca8657
018fb99
0059407
1c6e2c0
1e32584
0002177
0169764
1fdb943
037c9f6
1e8bd39
03b2941
1d5886a
1f2fbd3
1dbc7de
1d22d1d
1fe1038
1c12961
0319e7a
1c96a9e
1fb245c
03eb759
001650b
1d80072
1d510f0
01d44dc
1c9e31f
0074a27
00f84e3
1ed9cfc
1e07e89
1dd8876
1d7a616
1fdc532
1c606d0
1c30609
030fd8e
1d5e447
010cbf4
026ed85
0023394
0024bfd
02a1b02
0026691
1fa8f7e
001146d
00f613e
1df393a
0332315
1c7e2ae
1fdba88
009bf1a
025f727
1d8ba96
036db3b
1ca3acc
0347a5f
000823a
02bc97c
1eca468
1f5efc3
01f84d5
1f0d88a
024ce34
1f79447
037edbb
1c59b5e
1f6875d
01f0549
0363653
1daf32d
1c460f4
021c2ce
1db8448
1ff1633
00e674f
02eac5f
1cca4ae
1ffa5d4
1e3e033
1cd132c
1c023ad
1e96f3f
1c252be
0205bd0
1d4ff4c
01482e8
1fb0bec
1eec370
1c788f4
1ef6959
03ba157
013335b
02d0c22
01edc1e
1e4e14c
1dd45cd
1f5fb8e
1d76b1c
00cf289
1dcbb2e
0187857
1f7e8f7
1c46765
1dd0645
1f32c5f
1f6adfc
023730f
1db4fd2
1f5e57c
028c312
02c1d83
0355304
1c9a00e
034a455
0159836
01b41e7
01e444b
03ffbc1
01317c5
1e02f53
1d81acc
03637c8
1e0b8c4
1eb02ff
027a910
1d6c3b5
01f1ea6
01ec770
01dc945
02125b5
0287107
1e653a3
1c17c91
00de9ea
01272dc
01ce3d2
033bc2c
1c5a227
1edecef
1f9fca1
009b811
1ef0394
1ede285
037bd94
1e00580
1cfb721
01355c7
1ed2bb1
1f25557
1dd7b93
011cd14
1c5c7bd
012a9cd
1f52ea8
1d21a51
0139cbf
0026852
1c64497
1e66b0f
025d4dc
03bf996
0313813
1ec0b4d
1f5722f
0076e5c
023933f
1fad0b3
02c0e33
02dec08
1eadf27
1fb2fab
1c22e69
03ca148
1d71a44
03b4437
016fafc
1d7b1ff
1d68471
1f8fca5
1eefedd
005213f
1f72e78
1f53afc
02735fb
01a8748
1c4ab05
033a9d0
027ac56
1ea2750
1ec82f5
1feef7b
00a7b70
1f7dfd4
0104be5
01011a2
00c4003
1c13623
1c2ea88
006b02f
1f9a25c
1ef9b33
02f63d4
00e141a
02df2f0
006676d
1d916f1
03305e5
032bee1
1f1f25f
006e96a
0036851
03b2cc6
016d37f
01a5e20
0177ec4
1ecd4be
0101447
1f4ccf8
1f8384b
1f40fb7
1e7f87f
02c488c
1c20120
1cca54e
03ff3e9
03bf2b9
036dbfe
010604c
00b0c7f
1f0f6a9
1dd0fe2
1fae0c6
036e6e1
03f4df9
001fb11
1c7891f
01dc404
1d2a0a3
01e40a9
01a230f
01419c3
0011fdc
1cfb830
00d4ba5
00eaad9
00cb968
030bbd4
01e5e3b
1f898ce
00982ef
015bc3b
01ca106
1c460ac
01073ac
00dcccc
1c59382
022bb37
1c91437
023e1a8
1db51c2
1e477e9
1c24a74
0296cad
1d7bff9
031f160
1f15708
0033574
1da8c75
1e39bb2
1db1436
005588f
1cfe2b8
1c53c78
1ecd7b0
1dbfa96
01ec894
004a4ba
1ed84cb
0380e29
0233e2c
010a42a
1d6fcea
1e0c971
0073a55
01aac93
1e7a863
00536e2
1e69109
0383b4e
1cccfb8
03be65a
019431e
1e4c8e6
1c93318
0208fcb
01071eb
039f13c
0320c08
038fd9c
1ed55f0
022bbcf
1c86c2f
0206fac
02aa0e9
1f0bb99
1d73800
0277436
1c132bb
0298f16
0395c24
02e483b
00bba77
1ce6b7c
0259744
1db529c
02f5845
031377d
01e2993
1e80148
1f33d96
00321cc
1c16b7f
01e59af
014da3c
01550cc
0197caa
1d0d862
0063a5a
022d66f
1cdf569
1d4c776
1da0e49
03d1a9b
02d9326
02f5a02
1e81b19
02474d6
1e985bb
1cd96b3
016265c
1dbaa0a
02b1074
0341d5b
1c2760f
00af968
1d0aaf9
0383ae4
0176dc9
1ef018d
1c2a596
01e37b7
001b903
00db763
1e9b460
017d884
03914af
0206c20
1e7a393
025b7dc
1c63b2c
1f37410
02446b3
1cfeff7
1e0c01a
1fca7b6
0301ce8
0231b1c
0266236
1d8512c
0275014
003b402
1e6fd7a
1d8ecd4
1ef5e5e
1cce46a
1cf15d5
1e19703
01bd642
01b18a9
00a0ae2
1f019e4
036523c
026c11a
1f2654e
1f6ca9d
0012555
01b37a1
03cd807
01aaf37
03dca31
0271963
1cb5827
1ee58c7
0000d27
0388c73
0263ba1
0179903
1d6cef2
0039580
0115bb3
1eb8745
1dd7ff3
02f3587
1fe4701
02073b7
1eb35ec
02fcb39
1f36fb4
0163bb2
0051416
03cd2d2
027da98
02c98d3
006c19a
1dc407d
1d2380b
1e546c1
00b4e27
1fb3315
1e86a23
1e32754
01ecd3c
1ea7444
1c715f5
1f854a4
0314a0c
1cfef47
1f4e208
1fc228e
1d67fc9
001229a
0145126
026b2d6
0279793
01dd1d0
037b30c
03a1089
1d4c65e
1e31fdc
1d2bc6d
1ca5e5f
00e0f1b
0024121
1f8d51c
02ea7b0
02f1ce2
03c835f
0178157
00c4dc5
1f0dd68
023ff10
019908e
00033af
1dfcf69
1e2b9d5
1dcaf2b
014aef3
1df297b
0351aac
02d4018
00b3b54
1c63c3f
021d504
00f93df
00b6c6a
01fbaf0
1cd1cfc
1fdaa09
029e0f9
1cc4b6b
0291fc3
1f0055b
0022478
1ca1fdf
02aaafe
016a852
0227217
0282fbf
1c601de
030d743
1e5c6ad
01ab151
02d8ef0
1cd6f96
03221fa
1eb7a31
008668d
00b2b8b
0301214
000197d
03e2db4
0006563
0213187
1fb8a8a
1e68650
010b562
1c71b96
018dc1c
1d8a07a
1cad056
0351975
033ba7a
1d001d1
1d961d1
015a971
03fe488
02038f9
0089aa2
031707f
1f53616
1fa8aa7
015e033
1f15923
03b3a8a
1dce077
002eac0
0367e78
1dfadf0
01edac5
0037374
0369d4e
014353a
1e25164
1da69d0
1d63221
1e9c52b
1c7aefe
1e011d5
035e55b
1d158a3
1f5ce07
014e8de
007bb3e
1d37893
02be54c
1f89420
1c99cf0
1daee13
1d655a2
1c667e3
0382d73
1f5c1ba
0160a1d
03bba96
01bfc08
01b3f0f
004a5ae
0223fbe
0248781
1fd8cf6
1ed1852
018735a
1ee1ba1
0217d87
03577ec
1d47eed
0048c6a
1ef2d2f
03ce72b
02d48fb
03b9ed8
01ffd78
03d8658
1f517e2
01dd0bc
00e72ea
1e85f1c
1ee1c2f
1d4a5ea
02c58a1
00eb194
1e2db67
1df1dc4
03abeda
1d06b89
1cd962c
034c1ea
1fd7b6c
00cf187
1e1b67f
0232374
021eb37
1ffd885
1fcc8e6
005268f
02f31ef
00c8771
1e05c2e
016f6d9
1f60aea
1e903f0
1e5c3d9
1dc2851
0201d8e
019ca07
1d696ae
010e999
1fcf9c3
1fdea0b
1fdfaf8
034b702
010058e
1e4c06d
1fe38d3
024cfe3
033b2e9
0141080
1fd6eeb
0084b13
0060daa
1e976a1
1d1d615
1d900b6
1da44d8
00440d9
1c20aa1
1eac2ba
007ee26
0182d5d
1ffc08c
1cdae54
031dfcf
02bf0c0
1f82e2b
1fc1fc6
0060e9a
017e15b
1f33465
1ec5a9c
017aa78
1ee774a
0142056
1dcb741
00f2e2e
01f5931
0206c20
0297638
1ebb2bb
1e7b6f3
03e1767
0273f31
1d05659
003bd96
1ece9f9
1efc9b3
1e7c681
1e024b2
0183546
1e0cfd4
1c30ecc
1db3683
03e6967
1eb6aca
005197d
1d48ed0
02275fe
016f168
1d29afa
00f8090
1fb9b49
01214c7
0047b51
000558a
00f9efb
03a5050
00a17f6
1c41b99
03f9eec
01283aa
1dada99
1cc899c
1c6325d
1cad2f8
1fa2b5a
01a169b
1f1be2b
02d6065
1d5adca
1ec761b
1edda48
1f6e6c9
021755d
1f70c56
023566f
1e3838e
0339fd2
00b312d
1c3bf35
033ac0d
02ca48f
1f2f926
026f99f
002abd2
0323a89
1fa76b3
02ac5c7
1d6a753
1cc912d
0161190
01081c3
1cc0d6a
1c098b0
1e4bd30
1ded667
1e6718f
00fe8da
00f0101
03fa14f
1e24688
03052b6
013f975
1ce9bef
0354c46
1d85024
01c61f0
00f47ee
020aaf8
1e0d7b8
1dec311
1d9b118
1e3f589
02b0067
1c3071b
1fedc51
0056616
1ec716c
1fe5e6a
01d6e8f
1c31047
024be27
009b79f
1ceece6
1cbe041
037ca19
1ebd74f
1eeaffe
00aec94
03dc88e
1c60bef
1dc964f
1f39a97
01b55be
00cc1be
015a4ac
01e51d3
1e7f66d
009dc2c
012f8ca
1e3770f
1d1bc90
1c1c27c
1db7bb2
1d5f8db
02b3852
02304b0
1f33b92
1f436ff
03cf801
1dba13f
1cd8e6d
0029494
1d9ce5b
00766a8
1c0dc8a
1fdac8c
1f19b7c
1c5acc7
1e806f3
0205f1e
03bbc0f
029405f
1fec09c
01d692d
1cb9144
1fa320f
1e449e4
1d3b686
01cacbd
0141b95
1d55d7e
0370d39
0228733
1e85be9
1c3320f
1d3769e
00c4fbd
01db976
004ab38
01f231b
007ac68
03321f7
03d0eed
1f00913
01496a1
1da851f
01ff6d3
0283cc9
1f3202f
1fc555d
01f26e0
01cf189
001ade1
02ff83f
000c589
1e42999
1c8493e
1f7e452
02958e9
038a833
1c2e625
1d9ec51
1fbfeb4
0143c0e
1c12cc1
002c8ce
1c4ef78
0121b5b
1db8ade
0084ef3
0212d36
02b4b68
02fdf25
03bc2b5
0048dc9
025cebb
1d72d4c
1fea1f4
03af59f
02c1e83
03b3ef6
1fa5e0c
1f5e937
1d334c5
1da292a
1c68029
1ccd17e
01bcb2f
01345ce
1cf21e1
03099ec
01d5ca3
0310236
1f3f509
1c42d7a
1fcfdf3
004a7c3
01f508b
010b231
0255c69
1df23e5
1e1c5e8
0008edf
01ade26
00a05ee
1d66168
1c7a0e1
1c921fc
1fb28a6
1c8c72e
1d6685a
03d6ec1
02f1612
0190782
03e7586
1ddc2f9
1f1daf6
1c79ca2
018606b
025ccd0
1c44d5a
1eacb4e
0067670
03e4ff9
1dbfbbb
1e592a8
0064c62
020e8b1
010e7be
1cefafa
1feb041
00b0ecd
00ea2c7
1fe9abb
1e68314
0131dc9
02bb33b
032acfc
1dde97a
0181dfd
1c537b0
00efab2
1d220de
024242c
1cbf6c5
1ec3845
0060393
1f74b76
1c74036
1c126ad
1c54d57
0237595
1c17596
1fd2d12
0187d27
00fd8cb
1d23868
1eac522
1ff3740
1c74078
01c0c1c
00dc4ad
03e6b08
1fc0f75
0059bec
1fd56be
1ed1b84
0245850
1f6b79e
1c3a6f9
1f65d5e
1f62222
1e1fb0d
1efe702
020cc05
0398436
00b1e4d
0239f06
004914b
01074d6
003d4f7
1c84b6f
1ec6822
002bf3d
02244ba
1d127d6
03fe9a9
1ea7877
1f86682
1e628ba
032145e
1e1d361
02ffda4
00f1c7a
0298c5d
015341a
03a498d
00e7ee0
00d08ae
03f7cd5
1f226b4
03ff144
019735a
03d3124
1d23d08
1d6cb73
1fe988a
1ef457b
015e09d
036c031
1ed19d6
1e76305
1d4a171
02fdd7a
1f3d8d5
03151ca
00d5e9e
1f117da
028a09c
00b986d
0115a3d
034a483
03afe29
1ec1dfd
031227b
1fc12d8
1d9daf9
1f8afd6
03c04db
02e528e
0262262
03343c0
020d9d2
1c498c0
1df5172
1dcf30c
03cac05
1d3abb3
02ab3c2
1d4eea2
1e80de8
008a9af
1ce242c
02ce7f4
0023dbf
1dd3337
1f7af0b
1d92c0d
010c44c
1c65149
03fbbf0
1d13488
02d6a0c
012b7d8
1de2318
1d5c9cf
1c77ba0
1c19943
1ea5556
1d3415d
037372c
0030843
1d3e747
0262e99
1e047b4
0302cc7
01953dc
1ef3200
1f651c0
0003b5e
0210d05
0250b0f
1fa90d6
1fe3a58
1e920f7
1cf4b73
1e3209d
1f68734
017cd0c
027586b
1d04ad1
02284d4
1e424ba
01c7241
01a913f
032a70f
0311abc
0145c3c
1e47a9a
021c345
016d3ea
021e7b3
1fb71fd
03d20cb
03c89de
014d738
1cc0825
1c816cf
01d62a0
01cedc8
0056878
00fb449
013a3f6
1d0ed22
02e0365
0014ab1
1c9d474
1ea89c7
1f5c6fc
1c04fd2
1ee86d8
036491c
035fd86
01842c6
1d995e1
023c50f
005c872
1eac4b3
007a9a9
1c72e0e
1ddfee2
0105847
1f7c04a
0381ed7
026c3e1
03dfe9f
03ff249
1e198ed
1da3ec1
03272ec
1f400a7
1ef6a90
00a81f7
1ecd353
03a600a
028e224
00f32a1
03d733f
1c6a653
02c17f8
1c0976b
1d45bf6
1dcc9f1
1f262eb
03ae068
1ed421d
1e9352e
1ec0b9e
03c8ad9
03ba885
1ce44c2
1d93fc0
039a7f0
034d438
1f908e5
1cc99ea
01dc8f2
02af567
1ecd8ee
008e502
0178cee
1df0776
00eff23
1e0c7cf
03a53b2
1d64a78
1c7a165
1f1f25f
1ebefb7
1dd4936
0389610
1d5b0d7
02ab153
1d9f4f7
035ac42
1ef9fbf
1de2340
1fcc3e2
037750b
0340489
1f2e2c8
01a193f
1c54ce8
00b5cda
005b21d
1d48b09
1dc81b9
026db38
1cd8115
01b5749
00e68eb
00707a7
02c44e3
0384eba
1ccf82a
1f7f599
0241c4f
1c9ad63
1ce4e1e
1c2edbc
1fcb2a0
1ef91a8
025862b
1fa8ac2
1fb1355
1f4d332
02d61d7
1c5490d
01f4498
1e31526
02a445e
1c8419a
1eb743b
024fe2e
007314a
1cda704
1cf62d4
00a785d
1c93494
1c392aa
02a11bc
1f41890
0013f13
028ff35
1f49302
1d5f6e7
0203937
1d25eca
0014633
1def906
0048b2e
1e37f1f
1ca4e47
0126571
02465c3
03c89b9
1f96e01
1f9791d
013a74d
00d892b
0337b4f
1c24b42
027fe41
01f0bd7
1f2e300
1f56635
02c28b5
020ff5a
1d81b67
01aff8f
1ee81bf
025d11f
1c281f4
1eb8577
1c27bce
0300af6
001e970
1fd8ef9
1f147b6
1d06384
1c8a462
1c3a0df
0368440
1fcea86
1cb1f18
1f65fad
0258015
1f8f79e
0005865
1c5228b
1c22fd0
1e51650
1fa98fc
03c27e2
02c2b1f
1c4ba54
017007f
1d79d74
0009788
1c67d75
002097f
019912b
01e1864
00a09ce
0029f6f
1eb1b37
0064729
1dd4979
01cae09
000f133
00f3feb
1d4d852
1e3e29f
1eca460
024e5b9
02ac17e
1f1b84f
1ee3a94
1fc8e44
1f38ea1
03b7927
1d8ee6f
1c39642
00baf01
00c4c93
1dfa5ff
01599bd
1cd4041
1d65a7a
00204af
02f48a5
1f905cf
1d0f1e3
01dc242
00a1026
02b68f7
00cfe94
1db3b29
02d8e25
1f77b73
00eca23
1ecd672
1e43833
0236841
1f942c8
0298058
00cb4a5
0394aa8
1c0d920
1e41351
1f92d1f
1e5ae81
1d6ae45
1e7796c
00279fd
1d8597e
00c544c
00cfbad
03feee0
029fd53
1f1ace9
0200f66
1e5d761
01dc28b
1e9c02c
1d4550a
1cc53c1
005d5ee
02c672e
1c9d4ef
023e6fe
030aafa
03fae57
02ca655
1f9cb29
023d6ad
0379370
1c8e563
00229c1
1e25e6a
1c182de
0196911
1ed1fcd
003f0c1
1c1cb7c
01b318e
1f2c447
1ecc3ca
1f41680
1eb62db
1e66275
1f22784
01f7673
1d3d972
1e5a481
1ff7568
1ed9cdc
016e47d
1fc8c93
0199d15
02748c5
00f4609
037b344
02a3893
1c4f655
030b17f
023ed5c
00bb2e8
1ca59d0
01667fb
1c0e237
01632e1
031c0a3
1c18852
1c21c33
1f150ef
01f34e2
1daca07
02bcae2
00dbbf9
018148c
1d8dcec
012c9ca
1e4a0e8
034fe8f
1e9215e
1d39b91
1d5eb8a
02cf7b0
002981a
1ef75a0
002b8fd
01684ce
032f216
1c9020e
1c817a0
1c1ed70
03f4f12
014a988
0293759
0047853
01a8270
1cae64c
1d47da0
1e18dbe
02caf2c
1c73c02
01ef885
033db32
1deb873
1eca4ee
1ddc5ea
035330e
1ed2899
03d3a61
1e10ad0
00cb391
007b769
0035960
0023ca0
1d2bbb9
1d096da
02ed15f
02102de
01814d2
1edfc0d
1fb58e9
0213dc4
014bf51
1ea382f
01cace0
1f0c306
007c163
1f12f37
03715d8
1e7aef6
01d68ce
00bc1f3
02b0f09
0372bcf
019346a
1d9db71
1c5b778
1c97d38
0051e7e
03e9186
1f8d7b9
0043fd8
1f16522
1f37686
00d622a
0316ba1
1d8c32e
016f370
1cbce0f
02b32ba
1f9b6dc
1eaaff2
0339992
0298160
1f08107
015340b
03d72e3
1e3f6ca
00393e4
1d0c213
03395f8
1cfeaaa
1c06a29
02886bb
004aa1f
1e2949e
1d21914
039dc7c
1e15391
01d0024
1f70f0b
1dbcbd3
030593d
036dc52
1f2edc5
0310bb8
1c6fa98
1f5380a
1e0b988
1c9a66e
0005d9d
1ce0d8a
1c8acdb
1f763d0
1cb9172
00f4e71
0396b9b
00db23a
1f10301
1ee3200
0080ad3
1f4e821
02a6e0a
027d8e7
1c1d2ec
1e85241
00652cd
1cc3f81
1cee46c
1f83f1b
020f45d
1f6dd13
1f70f9b
1c7b2ba
1d7e980
0119ba0
02af224
023a36f
1f12258
031fc17
1c6534d
1fbeae5
1df0d80
1e9c6e9
1cbc80f
1f687be
003f019
0151886
018f4c2
03c8971
1c6b515
1ec1495
1eba30a
0396d7d
001685d
1f6e8a7
1c8a48c
1e70691
1ee009b
02f0408
1f98f05
1dd1138
1d932c0
1c6f898
1f468f8
1fe1d65
039a13a
1ea941d
1c3cfde
01d1f1c
1ce97c0
1e5147f
1cd7c1a
1d102b4
01df7af
002dd24
1d24d34
1d3cebd
00f6a4a
1e416de
0080661
1ec4bcc
1f4925e
037c383
1c999a8
0288813
1dc727e
1c9a1aa
0112a6a
03813f4
03045c3
02c13ab
02e176d
1c76779
1e44505
1c338ac
024cd1d
1d5c5d7
1f97141
00fac8c
1ecebbe
033527e
00b4477
1f2684e
0376984
1e1bcfd
1d0d47b
030dff1
1c43e26
1d2a34c
1dc658b
011cac0
01e235d
00d67e1
02dafe5
001cbd2
1e0617b
1d08901
1def970
1eadfb7
029f520
1cd1b47
1e5ad3a
0272676
1eae811
01e5443
03b6a11
0027159
03b6992
1dc4bc9
1c8e65c
0225424
1e68b28
0195a83
1c0f6d0
031ada3
0210aaa
0280d31
1d7352c
1ec7fa3
01d260d
1ea9c6d
002ab2f
03938c3
1fafe46
1de2518
00d5307
029436e
0224f0a
01171cb
00841ba
1c22a58
1e1c005
1e138e9
1cbf2e2
0149351
016c948
1c7aaa6
1f83e42
1cbb089
1f32d71
1ec6db4
02c71da
017211b
1fc4d9f
02e6229
1d59177
1d89e75
1dee331
02d370c
00897ac
1ff337c
01a1b80
0099d8c
00dc3c0
03c6437
1c48e43
1da7c8f
1fd0dec
032feea
00ff989
1fead97
0304e33
01bf27d
1ec1668
022e5ba
0205fbb
1dd559f
1d1a9c5
1c08212
1db910d
1c1a75b
01210e7
001714c
1fef840
008b092
1ddd239
01d493e
02c3360
01d800c
1eeadf3
006a796
1ff5d53
1f1f2a7
03b8c47
011a44c
1f496f4
1d11455
1f08132
00d8a54
03758b5
1ca3954
02a78bd
1cf807f
02e1774
1d7e678
1eadbda
01a7f14
038fe8b
029ff2a
03eb0bd
1df70d0
1ce512a
1c8ac78
026e45d
01f7efc
1ec4657
1c82159
1fde4ee
01c515e
00fafdf
002bc86
019b422
1c56c73
1c6efa9
1f39d5d
00821be
03cdb22
1dac5c6
024180d
0057f74
013e7fe
1d3880d
0260e94
0048444
0213c10
1cce3ff
025a06a
03f67b3
028ee99
1de6824
1eb1a93
00300e2
1c68c56
1ddde37
0375ed8
1e52d44
03aaf1e
1c0c40a
03efa22
1edc91c
0079bae
020fb63
00b79c5
1e0d516
1e430c4
030761f
03c0226
03796cf
00b8d47
009b762
1fbd088
01a9087
1ec3640
0260ec0
1f7d87a
01ac0ec
1e434f4
1e1da65
1e18d46
03f9e47
1e05119
02d013c
1e0a49d
022a2a7
1db1824
1e0836a
1fba3a1
0195c48
1dd8ad0
1da4805
1fda6e5
1ef9156
02935ac
0261267
016ae8c
1c87368
1fe3f32
003d94f
1e7dffd
1dc74a6
028569d
025e73e
1c66562
00955a4
1d1aab6
0192c9b
03d8a87
03ef515
01bdf48
0324b86
008246e
1de46b1
1cd1175
03d32fe
03abdbb
1e2c02d
02e81b1
1e747ab
1fc2595
1cf8480
1e7faf8
01fa441
1e38d67
02b4968
0037b21
02e2a93
033d6be
1f14eb6
1ca46d7
0340009
1db0abb
026b233
1dab836
004b013
1cd7bfa
1ca632d
1c8528c
1e675a8
01859cd
1c7fd41
1f5a057
1ce1dc2
1d2efac
00ed9d1
1c29605
1f94856
00a6a22
01da9a4
032e987
1efc25a
1ec44ee
1d6dc20
1e05dd0
035beaa
1e98f17
1cb366c
0020938
00ee654
1fd4085
1e4e8f7
1f94b4a
0395fcb
1feab7a
1ef6a80
1ed09c7
01ebeb3
1fd1df5
02e64d4
1cf7a60
1d4a188
012f82a
1cd0ea9
017f76f
1feae33
0067df3
1ea6d69
02f8ea0
1e45e2b
1ea4134
00b873d
0066b5f
01ca7f6
00c7dbe
00e0dcf
034ddcc
1e1cb03
1df3d4a
020e468
0220217
019751c
035c5e0
030e137
011fc19
1d70ad7
02e7aee
00028bb
1f7bb2b
001a39f
1ccb625
1f75614
1df7e2f
1eeb1b0
1c29cee
1c01b38
01c80c1
1f12b99
1f7d380
1dd13c1
1f17f7a
1f9cebb
1df9502
00fbb26
1ef7e84
03486fa
1d8d598
1d5237f
1c823d5
1f96087
1f9523f
1e52ae0
1eb683c
1db286d
0229d2e
1c0c36f
1ef9a3c
1cd297e
002ceed
01a81a5
02cea06
0205eda
00ff20a
027dbb4
01bea82
1d2098d
1f4e73c
1cbcffa
1f03d72
1c4a937
02ea2b6
1cc3d55
0365848
1eb49a1
025cd0a
1f6b6b8
1e911c0
000d5c6
02fb381
008d580
1cdda8e
1fd44f9
036a303
0144ba6
00ab3fc
1d9ee16
0222990
038023b
1eadab7
00a5d00
1c884a6
02f98eb
0148dbb
02bb127
1d14387
1d7af67
02fc2ad
1d732cc
1f32922
1cb153e
1eccd9f
03f931c
1db0500
1e02187
012cfc9
0226ec4
0366deb
0071ba4
0012289
0020e7a
1cb118d
1ce620a
1cdba59
1e3e8e7
1d5eede
01ce1a7
01a376d
1d05dc1
027d2c8
01833ba
1d0d2b5
1e10b2e
01578e5
1c7e0a0
0391c88
1e7cae9
1d13169
02253c5
1e0301f
1d89de4
009b578
022ac08
00906a6
0236c3c
1eeba73
1c73368
1cf5289
020f7be
021098e
1cc1446
1c51f13
1c5d7f0
1c872ee
0135c47
1e21fa8
017e68e
0087b15
1f86077
1e89b2b
03e3b56
1dde0fc
1c5e71e
01e8ea9
1eb8c8b
008a5f2
1ccb637
1f2545f
1fe8677
019b213
1e6327b
01c2886
001a0ba
03f6830
0322254
1e7b7fe
001d2f6
01ae1d9
1cd3751
1dde9a8
1c5a612
02692cb
1e9d5a0
030923b
1e34455
039d8fa
1fff1ba
0303a20
1d8db6d
02a1891
1e9e538
01984d7
02a8777
1de91ae
1d59486
00d89aa
1d0990f
01454f1
1e83605
0111232
1cca908
1fa556d
027e649
00f413e
00471fd
01bd451
03fbc1d
1c41cd1
00d1330
1e40f5e
1d89c63
1f01b0f
0295b11
013f3b4
02d06dd
00017f2
00fd20d
1fb5ee6
1d37054
1f49737
1d1f09d
1ecbcce
1c932fe
1f0c600
02ae031
1dba384
0205449
1fac209
01d3ffd
1fd160f
01ac469
03f9eb6
03baf9f
1eee7a7
1d46625
1dfd938
01af571
1c84ff3
034f01b
023df70
0008c19
1f118f2
02780b1
1cdccf0
1c3e582
0077ab2
024aa7e
1eb6676
002c5d3
1db8aac
1d9bfc7
1d2f522
1c21705
00085d6
00e04f0
02edf3b
02f371b
1d0e170
0147b4a
1f7caa9
03bb4d8
1cfd550
1f88d9b
1dc03f0
1d4d0e9
01ace4e
1c085c5
01e5aa1
0249538
0199eb2
0397d1d
0160dfb
00b7a3f
0384f76
1f13a3c
1ea5a19
1e2ae61
1fab94d
0020ad1
1ea5567
00d9cee
1f234ab
1e4087b
00501f0
027b2e2
1fc91fc
1fe9267
007b149
03dcbb1
0010df6
020bce2
03ad7c2
00b645c
031554d
1ecebb6
1e67656
1dea795
03e0ed7
036db04
1fab33e
03a02dd
03005b7
01742ca
03dfb6c
0240aad
03e7c18
1c7ef7a
037e261
00dbe76
1d0ebf4
1c6a7c4
0108c4b
03ca7bc
0383ab8
1f44320
0268b25
0215f74
0357f2f
1e4844c
0337cb5
1f25d8e
1c30df4
0156e97
002d238
1d4708d
1eca9ab
03b7fbc
1f5f33c
0258841
1f2c5d6
003e9bb
1ce423c
0335434
1fe995b
0193975
037917c
1f16de0
02c37d2
1d21f88
1e73506
03f03b3
1dad0d8
012b51c
1c9bd02
1eee1ff
00d0e0f
1ee14f1
0146f46
0283b53
1d8abca
01438f2
1fe6975
1f16dc3
1c9034d
1f9fb29
1f09a1f
1ca78b2
1da0571
1d2b100
1ea1daa
000357f
1cefe20
00ff4bc
0020a57
003e7d2
006ad7f
00393d6
03457bd
032e227
02f63e7
03346fb
1c4455a
1f78683
039ea4d
1f3b36b
010471d
1ccc6ef
1db2f56
1fd8b74
03bbcb9
1d2d459
1e2c10b
1c4ea0a
1e232e1
1efb68b
1ef76d6
000d12a
1da9b96
1f755b1
1f6ab6f
1d4c761
0253d7f
03c57d2
0223a5a
1c2d9cd
0283be4
1f7e6a6
1cf6f81
1cf8fc8
007dc13
1e73750
01126fc
0161c5e
1e27d8a
03b65ec
01fc9c8
009c06e
1d1c2b8
03538e1
036ca23
1fd7e2e
1cf787d
1e803c4
022bf84
1dd9754
02ecab4
000f63e
007d15c
1db4127
00ac306
1ca2420
029e807
0077acb
0103c40
1fe55e7
02e865a
1fa2bb7
1fad965
020e7dc
1ca34a3
1c1b37d
00d3a7f
1dbdbb8
03fa1b6
1e7d542
013fb51
0382ab9
1fabb50
001b81c
03e34c4
1cdc627
1f5746a
1c72657
0032d2f
1e8b4c0
1df3343
1e070b7
03d3538
1f49c64
1d88b32
1c1d8ed
0073492
00102ce
1daa927
1c35637
1d0d04b
003d1fd
1dd9921
027dd77
1e019e7
0355a08
1c02ac6
1c308ab
030cf16
00f6486
1da2365
1d62fe7
1d7ba3b
02c5a99
0143971
1ecc33d
0322a5b
02be351
1d9d5be
1cef18c
1eb01ed
021cc79
025e16b
1f00934
00b84a9
039ceef
02f3230
1d98947
00c30d9
007d304
1dc9c80
1ff49b0
02b10c1
0086355
00aba55
033eefe
0306da7
02775d5
1ce7c36
1ede960
035e613
00a33a4
03ae447
008f315
1ca550b
01794f5
1d64ee3
03102c1
1c24900
01a7666
1c66a0b
1cb93ea
1ebf12a
1d86d87
009451a
1d03498
03306f0
0004f9a
01a5a58
1dbe4df
1c2f49f
030f916
1e8a080
03caad8
1cbaec4
0038203
038c7bc
1c321ff
01cae80
0319783
1e8c1b1
02c0d14
1e619f7
0370344
1e7bab0
1ce8546
1dc4972
1d45cce
007cf8a
032cc03
01a84a2
013a16e
01ff4ea
01caffd
029fd75
1cca67e
1f2a545
00c42b8
1d2fe0e
0234fb4
00f0c4a
1cab3da
1ddfb06
00bbc55
1d9157b
1e89bfa
1f1fb0c
017a8ab
1c09f0d
023cfeb
00d1613
00c3f3c
1d94373
1e00095
00f5ef4
1dbd8be
1c50c97
1c59f8e
00fd830
030c40f
1c3c035
1cffc36
00345d6
01bde19
01b45d5
0254540
1ceb818
03a26e7
1fee529
0292b3f
0350469
02e7350
1e9cfbf
01a497e
1dfeab8
03726b0
00bae97
1f07e13
1ee6af3
1fa3ce4
03af312
01f89bf
1f2baa8
1ec70ef
1cb901d
1c016c6
1f687fb
1d0fdf2
1e8c338
1cc6bb9
1fded6e
1e83971
03ff2b4
02d67e8
1f7c092
1f91fb1
03dc50f
1ff4c41
1c018f5
1dcab43
0346f76
02a9f69
1f59510
1c6099f
011a65e
1e25d83
0277365
001e48c
00ffc49
035ee20
1db155b
0046138
0132a7b
1e173d2
01c1e78
1c1d29c
0341647
0397c94
01e1256
001cb57
0352b00
1e588d0
1cb6658
1d6d04e
02c49cc
01a3c8b
1d0f0fd
1f77eef
037f9f6
01439f8
1e38d4b
1f54325
0098c26
012ae37
02876ba
0342729
030d21e
1d75ad7
1f8e1b1
0123a9f
03dbac9
1fabcdd
1fbeeb5
0130636
000d82d
01bae03
1f6a870
1c83715
013f8ac
012cdd8
031c3a4
015f01a
00449d0
0117457
02e37ec
00581e2
00a4e25
034dc92
029ac6a
0326ff8
033b755
1db98b9
02c92c2
032cf05
03973c4
017c4f8
1e73689
01d8be5
03201a9
0170d70
00f3130
1de1f11
0217a1f
1d3f460
1ca052f
1c44dd6
02a5ff9
031f278
1dd157e
028cedd
1faebad
0129180
1ff6766
02430e4
1cf80a6
1ffc117
03932dc
1cbf816
1dafe64
004d171
0218242
017d59d
03e770f
1da9f3b
1cab13d
1f865c7
1d8abfc
1d9d5e7
1fcda75
03e7572
1dc8ead
035f7ac
03bdce3
02c4a80
03d9e74
1d0c1eb
1d89e38
1ff0375
1f8f601
01b2322
1cba1fe
1d6a22d
1efd370
0199503
0387f33
1e0b5f0
03aa0f7
01a790f
03968d1
0380bfc
1eb3985
1de86a0
1df16c9
1c1729e
03d516a
1ed1989
1de1d8a
00346c4
1defcb8
03a9964
1ede5fb
03fa264
1c6c423
1e2a613
02e5cdf
023fb34
1f0d386
1c41a92
1e18fd7
0198f52
01e501d
01b1abd
016d768
001abe6
1f4c8c3
1ca72e1
02f74cf
1eaf550
024e629
00050a6
1fb1c6d
1e9558b
02f43fe
1ddc929
01043b6
1e60934
1e15fa0
027cff6
0226daa
036f7ac
01e693c
0300829
1dc7748
01c5dfb
1c87b84
1d8cad0
1cfe055
0028512
017d83f
006f3f0
03284ca
1e3852a
0056a28
01aaa36
1d83615
1d7e69b
1f1cc13
1d936c6
019103d
003f4d8
0221e63
1c748d9
01bb3b7
1e4c546
0011e3c
1d0b92e
02c577d
02c693c
03f359a
1cb375c
1feeebc
1d7fd71
1c383e4
00d81fa
01bc80c
1fabeff
1d1da08
1d88425
1dace84
1db7183
1ccb83e
1dea47b
03c6ed5
0045aa6
000fd25
0369a02
033c86a
017a96c
03703bc
1d402c1
1e854f8
0368366
1cab995
1cbcd01
010a767
1d9c0c6
02cad8f
01e1325
03b8109
1e8ae30
1daacad
01163ed
1e7aae9
00b0211
1d8a9b9
1dba272
1e224cd
02ce622
027b418
1ff8003
008f849
0179c46
1f8771f
0376980
1ccbad9
1f04312
1e84c2f
01f7597
1ff5893
00c711e
0076a0c
1cf2e7a
1d4a33c
03e7bdd
018d3dd
007838a
1df0735
1c40c25
002513f
0113ec3
0213fa3
00a1433
02fcf3f
025edf6
01c894f
1fdb50c
1e754a7
007aebf
1f0d889
001fca2
00b4105
1dd7137
0227f34
006fc5b
009cada
038196f
1d3698e
1f7c007
1d9ba1c
0242df8
01cbc3e
1cbad9c
1e4924d
009a88f
1c7bf76
1d4add7
1e01f02
013701e
03948c2
1e5a201
0320595
02ad86f
0049954
00c9f01
1d24cd0
00c0521
00a7626
029bd68
03afdc9
1c4994f
031b6da
1ed4035
1e4b085
01bbd56
03ee439
0151cb1
009f29e
03efb83
1ea6dcb
1d16db0
022326c
0254a7d
0243bba
1c272da
0216e81
010c5b1
1df1497
0117184
004ffe8
03d7aa8
00f1a50
03b6dc3
006cdc7
1c28ca4
00751c5
01de321
1e18454
1e290ba
1e72ba9
0163840
0063ee3
0101a12
03767de
1fb2cee
029bbcf
1f04e28
1d3a88b
00f2538
1c5d522
03333f7
018538c
0177dd4
03bd137
1d13bed
014ad49
1fbe861
1d587aa
1c07ac8
01fa85e
03eaa07
1fcb272
1d9494f
0154ed0
03e9126
1c79369
1ea2764
1f92d39
013f93f
1c2c2eb
1ca87ca
1ff618c
1c7322e
1ebdea9
02f8fd6
1f0c13e
00295db
032ec40
038fe60
1deb7f3
1e3159c
01b9cf9
1ed1fb6
014020a
036db20
1df7d59
1cffd65
1f5d6fd
1e6bf9c
007a7b0
00863cb
1e01d19
0117e7d
0206a41
02680bd
009dc60
02b1a88
035ba20
1f3ba36
037d4c2
02df7f6
1cef823
1cfd70b
1e0620d
1e945e5
1f8f94b
1f070be
1c47464
1d10348
0008ba6
02219ba
1dc8acc
1ff5c99
1c85e17
03a12f5
1c79d25
039a455
1c98eb7
1e3e744
022198d
02387b9
1ef7987
01b0e81
1e03d36
006cab9
1e097ac
00a6e11
1d0870b
1d92a2c
1dbeac5
037aab6
021c3a1
1c011ad
1ef500e
01f109e
0158d57
0070acc
1d14e66
1c8e6e9
035961c
1f4d534
1d92fc3
1e0ad33
036fd9c
0213c5b
1dea2b3
01d50db
0015a52
1c08052
1edc94e
0091cbe
03ed6f6
00b3160
1db8f59
00a2aaa
1ccca6d
02878d4
1c6465c
1c87eda
1f3f1c6
0297653
0360d93
1ea02aa
0310371
1d99cc2
1e70757
00481c3
019ba5e
1e2393a
014b0d2
030275a
1c1f37c
1ed5040
1ffad47
03f72a1
1c1ed2a
017c54b
0346107
011de92
0202819
021f2fa
1d65a3a
02dce57
023c64a
1fb5540
01db6b1
022b057
1f99d0e
1c1e5fe
1deca08
008ab23
1fe7dcb
1fa5e4c
1dcfb0e
1e9e266
004ae73
0027315
1d9e806
037f9a8
1e0379a
014ad82
1d9f635
1cb7f76
1e55ea0
025b48f
03e9df0
1e427e3
1ede278
1d04ff1
1ebfad8
017f7c3
1cec7e5
00b0e86
01c1711
1ef9702
01d5a3d
1d52736
01fe9c3
018ed7b
1e971ec
02cd843
010cbc0
023b24a
1e864b2
0150a1c
1ec4b97
0053039
03add35
001d3a3
03cf6c2
1f88396
1f1bda1
007f206
1cadac5
01e1f5d
02c4aab
1d1de8f
009aa9f
1f6a13f
1c36987
1e37bae
00c3b7d
0082a7d
1e64965
1e8bfe3
0130a9c
1cfe1f2
1c2ed5d
0334f05
007c192
02cb02e
01fe261
00a8135
1c129f9
02cec8d
1e1715d
030ed70
0007c14
0362fa4
001335d
0275327
02e1760
1ee49d4
1e22fb1
013a4d5
02a7f06
03908e1
039e187
00c4974
01e5f13
1c41ee8
026efb5
001e611
1f1a53e
1e3c77d
03aa978
01a9892
1c57e9f
1d01580
0266966
1e2e7b5
02ad9cf
01ff8fe
0114e1d
1fbca44
1c6f8ac
1c10559
1e24253
008e0e8
1e9613b
1f5ac58
03a5608
0068bef
1fff7e8
1d5b332
00b0c97
026c6b1
0378f8b
023a988
1fee41c
039ce9f
031fc6f
0055ad2
1f10ce7
1dc0f71
03fd4f2
02c5fec
0087d48
1c4612f
01bda57
1f0a017
1e587b8
024a01d
03fcf92
1ef90a8
00c6fea
021b04a
02adcfe
1e77f1e
02e09ed
1e16aca
1d60907
1ed26dc
0043046
026422b
00c6e4d
1e8575e
00564a7
013eab2
00edf78
0244347
01c1303
1f74628
00da395
1df287b
03c87c7
1f0eee6
1c51473
03d9012
0294e3a
02f15ff
1cecd2f
1ff4038
1ecb4f2
1dc2fbe
1d8ac43
1cfa688
1d7810b
0021b50
0081cb0
02b1583
1c4cc5e
024eed9
0084f66
02ddca3
1f323f2
1fea3e2
0095544
1ec9e85
1d27c4e
013597c
00b800e
1ff39f4
01b7511
023398d
1cbd96c
1d62209
0323f49
1ea3534
03f6433
1f72349
0376f76
1f730fc
1dc6d2d
018ca05
1e59aa6
1c1b1f6
00d86f7
1eab223
1e3f8d9
011ad8a
1effb7a
0187e0e
1eb3ce1
1edb5ed
00ccaeb
03209ab
1f0ef74
1d4d16c
1e70f6a
1dd62e4
02d4fbd
1e54402
1f95863
02d504f
1ce5c0f
1d97058
1cd3e0d
0118d73
001bf62
1dfe624
0165bfc
1d301d6
02023fd
1cf92cd
011697d
0180e7b
1ced49d
1fcdccd
1ef4641
1d7e20e
1d47f4b
01e6362
02a6407
1e9cc42
1c3af05
02f46d7
00a3371
00780da
02ad9da
03c142e
010645a
02e7485
038c2c1
0010408
0167ce3
0286925
01c39d7
1f08da4
1cf5032
034777c
03a95cb
039c0b0
1d3e0b7
1c9648c
0261a31
1f0c236
0024b51
006cf48
0277669
006087a
014a255
01880f8
1f6fdc1
01e416f
029d7c6
1c3cc78
1e4b51c
01e5826
01d74cb
1c145f7
00ee597
0134d4f
1f211e7
02015ed
018ae51
1ff238f
034d1f6
1c4983a
026061b
1cfcc10
022cc57
1e3e99f
03a678d
007542b
002e991
00dbad3
036c1b4
005d385
1eccaa5
1fa7604
1f9c504
1e6cdd7
1dcd7fb
1fdfcc3
01771a8
1fc9f7d
039fa16
001dbe4
01dbfaf
03cd74a
1d76373
034a727
1f77e13
1c743a0
003a74c
1e0b262
01ae8c3
00d4c9f
03c97b8
0255593
032d600
1c9f67f
00e25e7
1fe2d07
00f571d
012f202
1ee5dcc
014cc38
1d01d02
1cb79e4
1d6ef1e
1fa07b8
03f8023
1f7d9df
1c73e9f
00ce932
00268a2
1cdbf55
01cda45
1d99b04
002e07b
1c2cfe1
1f80b47
1e189e1
1e4aa6b
1d27840
1dd18cb
03d9ab9
017d77d
1c050b8
036a633
018277f
1d2fb11
00f2321
013d121
00cc749
1e76446
1f58891
1d73ad3
1fb822f
1cc8f9f
1c4e137
1c30dd1
03171ef
03a9e7a
1f3430f
0141aea
1fe6e83
1e826af
01bfdf4
02397ea
0311694
1c8fbcb
1fc488c
018aa26
00a0451
0067908
01b39de
1d10d6c
1f0b440
031bcf2
00846d5
1f69c52
1c576ce
00928d0
1fc948f
0160b53
1f21421
1f9940b
01cc65b
1cc5d96
1e18c92
1e73b47
1eff375
0197767
1fd7746
00752ad
1e02e82
1d7f528
026d6b2
1e1d484
01b6ae3
1cb3aef
1ed9d78
02fb282
01a4cbc
1dd8e20
026fe2b
1f426ab
00a8ddd
1d86cce
1ec1db2
019c92d
1f2160d
035749f
1ee795d
1ebaf0a
00f9b7a
012ce02
018bb78
1da2911
1c467a1
1e3b4bf
0315f6d
00299e7
1c1964e
02cb568
02af334
1d38a24
016b148
03fd4c2
02cdc26
01f28f8
1f8b3a8
1ed83d3
1c1a667
000b15b
039059b
1f8637e
1ef147c
1e1df32
0160cf0
02a149d
1e6c525
029a2f5
02e7b4a
02b624e
1f62919
0032432
0210fb0
01ef076
1ca7889
1f612fe
1f9d3cd
0140501
012e7c4
1f8065d
1f0507f
1fb68d5
0207ac7
032b942
1c130e2
03b78c4
02767e4
1f75c40
0146e89
1f79e2f
02a1127
1d0055a
0122ba6
01bf220
1eeaa0e
1dd3e68
1e1e008
1c18000
01d1a3f
03c849a
016bad7
01d0a5b
02eb445
03ff28f
1cdfff0
03c4682
0043c29
02ffb84
1c6bbc2
1fbede4
01b9a20
1da1af3
01c081a
1f4726a
03d9587
02962d3
032c5bd
017f8df
1e69b78
03402cf
1d566ff
00c7346
0043a7a
1ce5867
014f0a1
00da657
02cc503
1da328e
1c0aef8
0066a6b
1c3bafa
1e5dc05
0165980
1eda463
1dad6bc
009b387
015cec0
0384c11
00580f1
1fec3a0
1c136cb
0221bf1
031c584
1ceb38c
1fc1432
02880de
004c860
1ef47e8
0292c85
1db1263
02798ca
0186e64
1e8a2b8
1fea56c
035353a
1fda33e
02530d6
00869b8
00d499d
018e97d
03fc926
025e889
1fe2a40
1f68b2f
0184aba
0272966
014aac8
1ca0e43
1f28ad7
1c714a9
03dbc43
1fa39ca
1e6155a
1ec2b87
1c42aa9
1c56031
03e9351
02b1393
1cb7186
03b3aa6
034661d
019c810
036fd53
023d395
0001b95
0103c7d
1d9e1b8
01281c0
02daa83
1d3792a
035b72d
1c622d5
1f19cdf
1c136af
1c0cc48
00e3ede
03c2c4c
1d89fa2
1ed3a55
1f6e268
1cf956f
0072d49
1ce17a8
01604cb
1c64fb5
1fd2920
01c7ffd
1eec001
003e634
1e3e364
0046cac
1efbf9a
1f43894
1f0e223
025e1d4
012a832
02c42ef
1d057c5
03b43cb
00101c3
02e7dba
1e3105f
1efcf1a
02a3870
02d6a49
1c262ec
1d14a99
1d777fd
1f61c93
021fd78
03cb096
1fafa87
032cedd
1ef0728
020b44f
1c01f24
0266a68
02f6f56
022367b
01ee4d0
1e0be42
025ceea
1e988e0
000ae17
1c23892
1fc1675
008a410
1f4bb32
1d206ed
021dcf5
1d9244f
1f5a877
008995b
03e3aef
1c7f3c8
0375aff
00c5122
00cbf2e
1c1fcbf
1f43645
02fac40
1f1a30b
0176aee
007de2f
1d106a1
023e42f
1f85d25
1c2c968
036958f
0356705
1cff81c
1ec05c9
1e50a7e
03a2fbc
1f968d9
1f16f70
0067deb
027e484
0397fba
0391ed8
024466a
036fdc5
01d8551
03fb7d3
03631cc
000a195
0111a35
0063017
1dd4764
1c2b453
1c0e3d6
1f0b6f0
1c8c99f
02bc990
0319c39
03b938a
0345a63
021d245
1c336ae
01b8efa
0002e96
1ff16f9
0230f5e
03d35c5
020ffcb
1c51f24
1c673ed
1eb36eb
1f2c76d
1ff0e55
1d2c012
011b6b3
02ec087
02a5cce
0284d1d
033600a
1e0838d
1f0d76f
01234cc
1ce0b55
1ca1580
1dac0b2
02e9a83
001d985
00a2873
1de6225
1ec6a95
01f241f
1e46780
03a7f32
1f5890e
01b18ea
020962e
1eb3b1e
039e1ce
1cdfac6
01885a1
00bce7b
000d060
02a587e
1f197ac
0264e2e
1ec7737
02ff4d9
1d9d83e
1e33f24
021b555
0087791
038cf42
1ef21c3
1fff7c1
028af4c
1cf9b21
00a1021
031d2e2
1c4ab07
1e41f29
1f679a3
1cd788b
033ebdc
00ddc1d
1e3c637
1de805f
0120905
022e58f
03df3bc
1dcaed3
1f75589
1f9231d
019e2ec
0000c6d
1cf11ca
03c37a0
034f22d
1e47353
00f944c
1e07c6d
1e2d8d3
01a9241
1d1dd9d
1fdc7d3
1ce7edf
00fc10f
03607d5
02a0119
03e8465
1e9f6c0
1c913c0
0330eaa
1e19ca6
1f337fb
1c69144
1e90ff7
0002d36
00817c8
015e646
02386b8
0218356
1eaf51c
1c333fa
0272d3a
01098af
1c2e3bb
0240df4
1de289b
03bd7dc
01a5ba4
1cb1c09
0142540
1db81af
033cbbd
0200038
1ecacdb
1c3e4d1
03c3e1b
1d9375c
1df5d5f
0257e42
1c9a843
0067067
004244c
1cf59fe
1d6b0af
1f8bb64
01940ca
00c89b1
029a190
01a5823
1dbd15d
1fce3f8
1d7406d
1f7fc46
0294937
004f645
1d04432
1d7854c
021524a
1fffb2f
1debf4c
0374057
1e3c409
0002e92
1f68df1
1f46706
1e94f14
013c5c3
1ef46a4
1d18fed
1c70693
027e441
1d63691
1f2a9e5
1c7e41f
0047ca8
1c70f58
1e44361
037f5cc
01b503a
1f54601
03f203d
1ff4e90
1febea3
01e249f
0342998
1fb433b
0090639
03b729a
03008d3
00800d7
1c05c40
1ec997a
1c61845
0145481
0230939
0002196
005cfc9
1ed3d0b
009103b
1e6d901
01c7c49
1cb3d7f
0157793
1d080a0
1d03dd4
016e894
1e87b80
1e75f76
1ea5732
1e60349
02e702d
1fd2203
1da12cc
02ccd2d
1ebe834
005e5e9
1e6b953
1fc6270
1ddea67
1daa552
0246d9b
1db8f56
1e7a738
000dfb5
1d1c413
02e47fe
1e49a64
1cb799e
00449cc
02b2aeb
03a3e0f
03cd8e7
0283cc6
0346ef1
1ec46b6
0047b66
1fbe681
01f48dd
1c7dd30
035425e
1e40de1
035ee50
1ebce0a
1d6ad4b
1d72a53
1d00f67
1cccc46
1cfd49d
1e5f682
1dbd21c
1ce07ef
1fdaf1f
1ff0f6c
1d73e05
03a30ef
028371a
01b489e
1c09c24
1c38904
1cf15e4
00e854b
1e36aec
1f11d52
02063ba
1e8fe6c
0305141
1d70bb8
1d0bac7
003d7b4
1e9a340
014aac2
000e8d2
01fbef6
1e28aee
1f3d2a8
00a40af
00d4f60
024eefe
00e3d24
03a2bb4
03c8b30
1c227f3
03bc5eb
03fb480
0170664
1eb56d9
02838ff
1ec1cd1
03d8338
1c604fc
1f33b94
00e9c8f
035900e
1e2f61e
018ee4d
0092b82
00bb964
02de217
1c80fce
1f007b4
03de51d
03ece13
1ea7f5d
03bd8a1
03d9b94
001fe7e
1d3895d
032a9d9
1c941a5
1f02a7e
1f45ce1
1e066e8
000c845
1efc577
1f33a5b
01cd117
01745ca
033cac1
0062598
01363a7
1dde581
01fd8b4
013cbca
01f195f
1f01b4e
02c42cb
1e0c2d6
1dd50b9
1f8b2d9
03e29f2
02e9487
1f5a7ae
1f9cfac
03bc60b
1dd886b
1e1f5f1
1ecf92c
1c418e6
014491f
028f3eb
0288e4f
0381fa0
1e8a1b8
1e7440f
1c43575
1f4dd0e
1f46014
0054035
1d7f6ac
1e90817
1c32f4c
002cdcc
1e00a94
00e156b
005837c
016fa4c
0011f23
0354a47
1e89f4f
1e76407
02992bc
1d12f6d
03d3116
017c7a1
1fd3f02
1ea269e
1cf42ce
1ef866b
1d69192
1d9cfed
1cc0780
1dcf5a8
033c48c
0316dfd
003045a
1e6bdc6
1e01ded
1c70fbb
02d7c7f
1cd7305
1cddd77
031be30
01a00eb
03fa1cf
1fea919
1f458ff
019866a
1c2ad88
0163dfd
02ee172
02da1e6
1d20f44
000fee9
1e3eaa6
1e16600
01fa7b7
1fea3ba
1cf6f05
018a5e5
03e3421
1f29c51
02b6066
034bdf7
1f43750
020660b
1c6d22c
03df3c8
1f4711b
022fbac
1fd3cf9
1f41ba3
1d60b1e
008423f
1c42d99
1e530f7
029abf4
1dd6fef
028e9b3
02be94e
024c2ad
1cd1f1f
1fc25f4
02d5355
0204710
1c978eb
01a8fa2
006195f
00253d1
1ec317e
036ae46
1ee4431
1c0fe56
011a5db
1f44a0f
1e0f820
01d7680
1c917eb
1c6a00c
1d95768
1e00b8c
0361f6b
1ec8edc
006d0d4
01ba9de
1e0810f
1ca34c4
1f89b45
0386bdd
03b5877
1eefdf4
1f9624e
1e4b2c8
1cac2cf
026ad08
001d577
01e3390
03b8e40
1d13e26
0162521
1d4ffad
1f88ceb
1fdd827
00e9c55
1f5fabb
001f837
1f961bc
1cf0bb5
1fa3db4
007676f
1e6702b
1d69087
007f1da
021ee7e
003d248
1f7e6b7
1ce3d0e
1da241f
1df49b6
02313dc
0335ecc
1f7128e
1f56b3b
00f5c0a
008f314
1e8385b
1ff0b76
0147b07
01d0951
02a77f0
1d40739
03bc3ad
1dafd08
019b414
02e164d
1caa431
1ec4f7f
00c06a9
1d63cea
004d2b9
0374224
1d49c7d
0107ccc
01831d5
014e16a
018ca64
030d823
02bde0e
1e0283f
1d29dc8
1c8b301
03d0907
1fa1d2f
1ebc2ad
03e72a7
03dc8bb
013bbb1
1dedb0a
1cbb935
00cb15b
1eb4bd1
1d135ac
01a8f40
027b22b
1e586ba
1ffb653
1ca19b4
1d7d583
01f2a33
1e0797f
1fda205
02d9f42
001b451
1cc8358
1c3223e
1dc560a
1daae82
1f15cee
1d5b9ae
03fe0e2
1fe90cc
03f9f8a
031b8e0
1c7782e
1c0ddf4
1c880f0
023a2dd
03c6c09
1f1a715
1fb81c7
00ba562
0230475
1df3ff0
1cca4f1
008268a
1fa4aae
02b47b5
015b55d
032452e
001936c
009e803
1e08eb7
02d8bc7
0369717
0184998
1e6bdb7
1fd28e7
00c94a3
03012a5
1eae25d
1f8e5aa
1c71c60
1f430cc
1d8db3a
02355c8
0033db0
1fd0fab
01fba73
034b060
1cfa534
1e17706
1f135fc
1c108fb
005a949
0077671
1ff33f0
0238f8d
021e7e3
1c2bd25
00194b9
02744bd
03e1c13
005eeaa
00b0042
1c35c92
01ed0ea
035d91e
005c4ce
00f2c98
020da4a
0207c09
034ec8d
1cdf8ae
01ceaee
0320d4d
1d93ac8
00ecce4
022c983
1cc8731
01002aa
006c507
0346121
1c7c143
1e90b81
1e09801
0058f5f
1dde6e7
004bdfa
1cf39e6
1c1f83b
1c52116
01e82a4
1d85e49
1f061ae
02ed5e4
0394321
027c8a6
01c17f3
1f3e2fe
1cc18a7
0021611
1eb48ee
1c849b2
0307880
1ed703c
02edf8f
0023fb3
0398e1f
01c03b5
1eda582
0288fdd
02157ff
1d768bc
01b369f
03c41d8
02c1e48
1f14cc3
031a492
1e02c00
1e844c8
1f4de01
1f22142
034be74
1c65cdc
1c87368
0040eab
1cfcbb5
1c48e24
00c3d33
035a008
1c507e5
002f869
012e48d
01ddba5
1eca950
01e61d2
1cea97e
1d6d144
02e3e4e
1f67a63
02bf27e
1d0e503
02a8a80
02056ca
1ec98b6
1c53c2a
03e5bc1
1de315a
1e19262
033df4c
01d6d28
01033e7
011e24e
1c837ed
0158b19
01bd034
1cfd2e5
1c2041f
1cf1277
1cd54f7
01671a5
1ce21d3
1f00a03
1e782bc
1d8bb74
026f5a4
1fbfdf2
009ed41
03a02cc
1e7ebd4
02526c5
1e3d950
1fd94d2
1c50561
1e3bed1
038db28
0086090
03fd5aa
0300a27
1db32cb
0042460
00c25d6
0371e57
00ff323
034bba2
01259ac
00dcb7d
00d7b70
02a7d18
02e8978
1ecc8af
00f3237
1da76c1
1e1ad0e
02a93ac
03dbd0e
1e4f1bf
1efaccc
1c22f95
1c714f8
1ee95fc
02ddf78
0140396
1fc194b
1c7d0ab
02e9ff7
1f776aa
1e4bcdd
031e52e
018075a
1e52f17
1f016bd
02e1588
026682e
0217ac8
020789e
1f73a71
1ebe495
00000de
1eaa362
1c7a65b
1f1507f
007f541
1c747dd
1c78bda
00e9c07
0205bef
1da720d
1f0434d
00ef310
019f509
1f73ad6
1d8ba36
02441ad
03f5d26
02ab14f
1d0b05e
015aaa3
1de12ce
1ca2400
1ded2c0
1c38288
1cf34e2
0081a8a
0372be0
005cee5
1edadbe
00c74b5
1d9d5b8
1ca2d7e
1c772b7
01cdfb6
027a719
1f9ac4d
01bba62
1c1d182
00c7717
00d949c
1f08026
031feb6
1c02c41
0237818
02617c3
1e75cf1
1c9036e
036558e
1d4746f
02991f8
0291477
1e99347
03d32ee
1e17929
1e80725
1c4f663
1f79771
1c3fb7b
1de47af
02b9649
1da4fb4
1e9fe0b
01ef023
1c6613a
00bb0a3
0311ec2
1f9e445
018c29b
003a9fb
0203736
1ed8ba7
03b1a9f
1ca6b47
1dd89d5
01040bd
1f17452
00e8873
1ddb4c2
1e357d9
1eee2b1
0252d48
03ca082
00d00d6
1f3706b
1c5d31a
03a7a40
1ca97a2
006af9c
1dd093c
1e00aec
00916e8
034a29a
1de7a11
1de0ec8
1fb1520
01a1c05
016fe6f
1e6a264
003ba2a
1ebab66
024b318
009f876
004d6bc
019fd2e
031c7e4
1c65d36
028bb3f
009c40c
022bfeb
1d15d63
1ddc7d4
1fac0bc
0295b58
1d0cca6
02c9f9e
1df40ec
011a521
1e048b5
01dfd07
01f0bee
1d58a69
010f435
019c214
1fcd667
02e84dd
1e73bd2
1d04aa5
03d61a6
00a6e68
1e28a4d
0348db2
1d76395
1de4ed7
01b0a3e
1d6d74d
02905ff
1d83646
1e33b83
1c7bf92
1f2b4c0
0002423
0004dce
009405e
024c3e3
00c9264
015a564
1fb8874
00e3db7
02990b4
1e1bbff
01fe59b
1c2e674
1ca87e9
1ff8451
1d0cf6d
1fb1e65
004eab2
0235482
1f6e17e
03871f7
0004612
0382c5d
1ed14d6
1d278cc
1e63978
00e3c12
1f86154
1da9775
1e4118d
1d5ae77
1fc4c22
1d2c403
01f38b9
1d53331
1eba201
1e7d069
1d8bdfd
03e0cab
012432b
1cfd2e0
002ee24
001f793
0154940
03e2dfd
018e80a
1c1a312
1d368be
02db7f9
1f1f442
0090014
1ed502c
1cc9130
1e91f35
1da5727
00ea3e6
00f823d
1c09ba0
1ed9978
0303920
1c93ae2
1d76600
1f23ba3
1e370d8
024a949
0394f1d
0250dc0
1c5a928
0052bfc
0046b50
00c275e
1f8568b
1f7318b
01cca29
00344a0
01ea1ae
03aba38
1d785fb
1d71841
1e8489f
0159f28
022bb6a
01e2dd5
1e7f28b
1eab418
033e02e
1e92b11
1d11d9d
1f1de75
037aaeb
026be0f
010fb41
02f50ee
03b9a9b
01156e2
03c5000
0372ff4
03febc7
1f75f91
03da571
022e494
1dd4ab3
1c8af58
1fd5c44
1e72a19
016adfb
1cc2cbc
014591b
1d483e2
0182105
1c9921c
01a115b
1ef0abd
1defcd4
0172dec
1c7d53e
1c857a4
1f799c1
1c226a8
02ff400
024f4b7
00169a3
1fc799f
1c0603d
1e71c60
1fd2bb0
1d326c4
1c63ea0
1de1044
1e83765
1dab020
1d19990
1c42cd2
012f0ef
02db654
03bb58d
1c3f9ec
1c79a3d
00bb961
039f166
1edfd6d
01d07ff
1fa0ed7
1cab332
1f0a4ab
018686e
1ff914c
0309988
1fd2bc0
036925a
1d8faee
1c44ffc
02e640d
0086bd1
1f87338
0284f1d
03cc36e
011c174
017b284
1d6ea63
1e02049
0135962
0121c07
019168f
1c03d99
1dce838
1c3c765
03800b0
03fb71c
1ed74f1
020bd65
034bcd7
1d41885
0397bdd
1c0bac6
0136a7e
011b7d4
033ab0a
1c789b9
1eb39f6
1ebc718
1d28bb1
018aa92
013ec9b
1d8961d
1f4929d
02e1e47
032cde9
019699e
1e7ddfb
02417f5
1f7abaf
1cfa098
1f37f4d
1cfc1de
1df8973
1e2e1ff
1ebb1b6
0013a87
004f760
1d347f4
03ee587
1ec7e57
1fa4727
02f1bea
1eec939
0310e04
0067c19
031ae9c
1e91d18
006459f
1db5e83
01d2e9e
01392da
0043431
1cff528
1f006c7
1fec1d2
0011c34
006f63d
014b42f
004cb38
01f1cd3
0088747
00fb1b0
03e3c01
01d7123
02359ed
0138839
0212ffe
00b1e05
00a2668
007ad1c
03ddfe3
1e3b535
1f9f2c7
1d62547
1e0252a
1dba836
01115a8
02a1667
1ede7bc
1f7b3ab
02435a1
039fd76
1ec86ee
032c52e
02741d5
028bf41
1cebab3
1c47960
017e71f
011572e
0058a5f
0174b5d
016c312
02a4eba
1ef19ad
00c0fb5
01ace81
1ee7595
1ddb27d
1d1f6a4
1c8b778
03c4646
1ce9d65
00b1fd1
1ff39c0
1cfc2ee
1e4318e
1cc4680
1eef1d6
1ceb0ad
1dcd0dd
1c43317
1f77261
1c16f76
02c489e
01d3b37
01192b9
001886c
1fa2046
1e9b384
03b1882
1dc7bab
0380fb9
1c1dd34
1c64b1e
1c7b70f
1cdedac
1eebdfe
1e9d33a
1e24395
1edb226
1cd3baa
1f0d78f
02b477a
036bcf6
1ce06c1
02e7df8
0118abd
1cf318c
03a6113
0156c82
001b962
1f0c0fa
02af124
1e3cd1c
00d6d28
01d4e4b
1c85c08
033286e
1ec1d3b
025a900
1de6f60
1dcd1bc
1d9925e
1efea5c
03c6ea7
00c68e3
1f07c49
00c2083
1d76049
023811c
03fe1b5
027b241
01d0e8b
1f9739d
034145d
1e3751a
1fd0214
1d76acb
1d9e1c0
00bc902
02b9921
028b754
1cbdf20
1d86279
03f8a84
0250303
1ee6ab9
01ab8d8
1e24b95
01d4edc
008462e
1f0dd42
1c197f0
009cae2
000eb32
1c8d047
1e276f1
014d95b
024036f
1eed987
1cf3999
01771e2
00fdc77
0266caf
1f94604
1d1abbf
03ac2aa
1c9897b
038d40b
1f3273b
0186533
02b3b12
1c8c58a
02124bc
1eaa5c3
1c8dfbc
034ec9f
1df6ba3
006bea1
1d4f5ef
02ee38e
019a90d
1c19c24
1e11b43
1ee2c63
00600ca
010d74d
035e86b
02e7602
02f0dbd
1e66ad4
00e0eda
03da96f
1dff478
1e35e5a
039efaa
03776a1
031e9b1
1dc40d3
1ef2895
033fccb
00a43db
1c158a1
1c23b98
00397f6
004eb48
1c4c246
1f373a1
00cef0e
01f4e7e
1fe526a
022775e
1dfb669
1f2becd
01c5ce6
03e9d22
1c0e981
02ffdfc
1c93024
0239263
02db3e2
0396c37
1f621f0
1d02551
1d341db
1ff445a
008ebc5
1f79d58
1e1567f
1c6a2c9
034e442
1dafa3b
1e449b9
1d028fc
02030fe
1fa8728
1e8424a
02cb77d
00e16af
1c39031
01a9bee
005785f
02eda77
02bf2d8
1e7224b
1ca7442
1f4635f
1c7677a
0243f1a
0372115
00f4ffa
1df9eb5
00afa46
0042720
00f6eaf
1c6e26d
1e83ea9
1ed41ed
1c46601
02e4ca7
1cc2f17
026ef75
1e1a005
1dddc72
019cb16
1f64883
1c80a2c
0130e71
1ecad89
02f4273
03e0ec7
1e9c20f
02c9205
1e929ef
0021b4f
01aea02
1e5ad04
1f07e4b
021fa67
0100fa5
0345d31
00fd06e
1fefec9
1f049f5
1c69222
00889ea
023127e
0345fc6
02ff6eb
1eae145
036291c
01e880c
01a87f5
002a9f7
01d9e5c
012ef43
1c703e6
00e65a0
1d420a1
00c6225
0174aaa
02f743e
1d7f1dd
03b9390
00eaac6
1d98b32
000b54f
1f61711
1ce84bb
00cb33e
1e4e9f1
1f7ace5
1da12c1
03dcbee
0003fb1
1f1ba8e
02781db
1f3b69a
00c2c87
034ce7a
1ea5ab3
0283233
1d36780
1daa5e3
1f84d1e
1eb18cf
1e757fe
035f6f5
0102d2c
1c6f726
1f498f3
01171aa
1e9d0f0
1c07219
1efdb30
1fdddce
00d675b
1f6ee96
1eaa6d9
1d38262
029f541
1d08809
1d03a59
012ac9e
1f41128
1e43e18
0135f13
1c3dc6a
1f1cb03
03fa5e7
1d17ad3
01f2486
009d7f1
028d6cb
015d33d
0357f97
01d4ce6
0154f10
0363980
0098560
1fcb90a
1cc7f5a
1d74355
02dace9
1d0adf7
1c9c212
0135bbd
1d6580c
1f76e9b
1cf3825
1f6aeda
1e16024
035310c
1db73de
03610ce
1c01382
1edfd09
1fdc36c
00f8aa9
0375c66
03699a9
01e07cf
1daf5b8
02bc10d
01d9897
1c8adb4
1d46cad
1d54549
1c50662
014a5ce
02403af
0331bdd
1d2a329
1fd9b9e
02080e4
0297a4d
1d9880a
1d63006
033c5b4
0390a65
02611ed
1e453c0
1dc2588
0048c52
0100ae2
01eabcb
1fb2bfe
039dd15
1fb5fcd
1fa4a36
0172751
01409fd
022dd52
0110690
1d3c371
03e64f2
1f0bcc3
00134e8
1e0fd75
1df8ee5
014aefd
006a83b
03f480a
037107c
002de39
01e6188
1e37a36
1f8607c
1cdd723
00b1f65
1c42d90
1e12728
1eeab4d
1faf824
1f5e122
1cfc71f
03b7693
0205fdf
0079f50
1e5fea5
1d45ba2
1da613d
009b52a
1ddebf0
1d875ac
0135cce
034458e
00a4f16
1eba393
1c24989
1ea770e
005566f
1c4977a
1cc7a69
02f24af
1cba67c
034a578
012606b
0142113
1c2bad9
1ff26a1
02da227
02c334a
1e7c593
1f942cd
1f048d9
00bf65e
1f73c36
03c9557
1cb55ff
00fc56b
027e85a
0022283
1c16093
01c2df2
02f0fe8
00531dd
1fc47fe
1d9ed2a
1c2da7e
1c401ca
1d8ae8a
010d38e
0157dd6
03f00b3
0008a67
1f44c31
1c35394
023fe2a
02575f4
027555e
021b97f
03ba248
1e6684f
015b6e1
02dcc4c
1f07b09
1ea631d
1ec62c7
021f920
1d9a2c8
010b9f8
0240dab
03df6d3
1c4d993
0105ce1
004ce2f
1ccdebd
1eee86c
1f4a8bc
0328e15
1c40f1a
1feae7f
03dd1a9
1c1ec62
02d1736
034534e
01d05c3
038488e
1e936ab
1da4bb2
1fad9a6
01e6ee2
1c2c30c
1e0f9dd
03fd83f
1d87085
00c76eb
1dd1fbc
03a1fd9
1da0142
1eeca33
1cd2a82
01f1720
1d9c274
017adf2
007c92b
027b712
1e82052
01432f4
03b8ba9
020e0d2
022ab53
0227086
1df4f3e
1c4b96f
1c67130
03e932b
1c19384
03dc8e5
03675e1
008155a
1cba5f0
02eeae8
0219f16
1c405c0
1c218be
0218227
031a6ac
1d87076
03813f4
1fbc18c
1f8d982
02d254d
022dc83
1c7be6d
02881fb
1df956c
1c7cf19
1d057d3
1ebf20d
00557e8
1e29548
0027294
01611ba
1fbd5b9
020a2ea
1fb1847
02f0cd9
1e865e4
1f86098
00fa240
004bb83
1d407ef
1e8024c
02c74be
1ce9c38
1f6d1c9
1ebf6b9
01d6af7
1db3c2f
00205e3
1f96a52
02ac756
018b0e9
0324661
1edc7c3
1c35e26
1d18785
1ca7a7d
1cb4aef
021e562
006a8f2
1f6bf3c
1fc60a9
1d8cd25
0062478
03e8ebe
00e8455
1d4986b
03a2e1a
1da8b14
1c05341
1dc7532
1f6ba60
012de40
03ad91f
020fbaa
1f34bbd
00c1bf1
1c67fb1
1e319d9
1c0b407
0391a4c
01356b4
0184f5c
0145e79
1f4411b
1d82137
1c1f457
1ffbd30
00e87e2
0145f94
02290e0
0208c3a
0104362
1f91b92
1e230b5
1ccfbe2
0070ec5
0387111
1f0e154
1d35447
1d0995b
1e4f2c4
1e2adc0
1ddcbeb
00d6369
1e49e05
1eee2ea
1d28948
1d401be
1fd57aa
1d368b2
02fb2ef
1ce5779
022475c
1c1660e
01a8f05
003fc94
1f65d43
02708c0
00e0d21
02f8628
01ec974
1e341e1
028560e
03dba10
0283046
0066bde
039a3db
1d0bacd
0328473
1c0d6f7
1c8bb4d
1d6b835
1d8a6c9
1e22331
1c1abbf
1c4a40a
1f26e7a
1e3b661
01ff4a7
1d8ba9e
1d830da
1c132e6
1dc167d
01265e9
1f843b0
1dc3e79
02adcd4
03bf15d
1d8263e
039e13e
1c49a50
014a4e5
1da2905
0197778
02eb34b
1f46bdf
1f970d3
02f9db0
008a735
1edbb65
1d96708
1d1e9aa
03daf33
0128e9f
1e6ce3a
01f1f33
015a63b
1d70007
1e7bda9
01938ac
026121e
1e47c71
1fc8864
1e22a81
03e27ff
1db90da
01b12f1
1f9d004
0159e7d
1d6a194
0220a8e
02c55fe
1ff538b
1cb43f4
1c073d4
1ce8335
03c8f0d
038993a
022579f
025df27
00e4abf
1dec90f
1d0369f
1c5b4fc
01a011a
1e2af2d
1e5800f
1db85bc
00c3c1b
030188c
1c72b48
1ff3a8a
02bd530
1c8556a
1df19fe
02af124
1eac24e
1fa155d
1f0cef7
03a6741
004658c
1c6c4f4
028f604
1c59b0c
004c469
1ff81d3
018745f
1cbc16a
03611d2
029c9e4
01f77c2
03a561e
1ca9bb5
1e5963a
1c1c22e
03c0c54
02c03d2
1f3045b
02a3d51
020ad8e
1e5b69a
1f0bfd9
1c8c639
1ec0aa6
02769f3
00157c7
1d06af9
1d4a4b0
1ea7e2d
1fbc40d
01af7cb
01f1e75
029c838
1cea36c
018baa0
02f3c14
1f061df
1e64261
1c108c7
1f7dcee
03defe9
1ee2abe
1fe2163
1f6dece
1d3ee8b
1e2cb19
014d923
01b3ec1
1c19852
0329d84
02bfd5e
02135a1
1f7383f
03a9fa5
1cadf9c
0008e2e
00c356b
1d3762e
022bb1e
020853d
1c99942
03b2285
00fce3c
02cb6fb
1e67019
015ace7
1f37906
1ec57a7
1f576b6
024c4f3
0142927
0133d55
1e88d30
033a822
1c062ef
02f9c0b
1d61d42
010bd05
1c57436
1e02de3
014bde7
00fc8bb
03ffda1
1e213a4
03f1b8a
0101ec5
1d708da
02688ce
1ca9f62
0023ded
0339ad3
00d48ac
0132cdc
03ac9e1
1f3b897
0019d3c
01dc20f
1d955b4
1f32612
1dee22d
1de256f
003fe00
1f783a6
1d93333
0329dce
0184a37
0107ba6
02f736e
03a4ef9
1f237cc
021a902
02f31d5
1faf29b
03e13e8
02df753
02f0af1
03ab535
02127bd
0069084
1c81b3a
1c91528
01101ab
02af533
0379a56
001f044
02699c4
1ee81de
007b2e5
001baad
03ce638
1fb3c16
1ece767
0101c2a
03d02a8
1d7477b
1d681c9
1cacdda
00f3108
0291fde
00ce322
01786b1
1cb3651
009d4af
0225b2b
01f738d
006d2d1
1fc4122
01d4a67
03f2e8e
1f18295
1c71a8f
1efe9a7
1d2c233
024a877
1f458b1
1ed2a68
1c92d4e
1fe6362
0056070
1d0a137
1d4f83c
0250eb6
03e1bb2
1c649ea
1e20129
01d0d95
0289b13
1cf90c0
1f0094e
006cc6d
1fa24eb
1eb76c6
1d8d0e3
1f68733
1c66c20
1d5a60d
0260fe0
01dcf9c
1f489b5
0344624
00ec7a5
030e5ec
1ffd883
00a5945
1f21d76
1ebe352
1c20a38
1dac7f2
02acbf8
015b312
1ce471e
02edb99
00a3ee5
1fc9a99
1d8fb27
1c11df3
1c3898c
1fe2b55
1e387f7
0085869
034d7b4
03d015f
0153156
022c4ce
011aa39
0316296
1f73eb7
00aca0e
011ed66
0274dc6
1f6e336
1ff243d
01be816
0310971
1d7f6f7
1c35d02
001b9c5
1db4571
026b310
0166704
03b868e
0067af0
0153a6a
02f89b2
1cf23ec
0287b49
1fe5f2b
0379387
1f600d1
1d878e3
02252c0
1f4cbc4
008cbde
03ba517
1dcff0e
1ed8a60
00f44a0
1d9ba78
1d32f1e
1c165c5
0163620
008e64d
0306f72
1cb3b02
0011846
004a60b
009c84c
1e42b37
1d2b5b5
014d044
010b38c
1e51d1c
1d9eaba
1c95996
1fdd771
00a3231
007a4cd
1c234ac
00175cf
01cc97e
1ef3864
0053f38
03dab58
008a4c6
1ca5338
024d608
1c159fb
1fe1f9d
1ced51b
1e5cc56
1dce560
0211039
1c2a7e0
1ee0caf
1c6b961
0101b0e
02e4b96
1e9e726
1fd93f3
01fffb7
1e0abd7
01c30a5
00cadc6
03717d6
030bf99
0019521
1fc7306
1d96a51
1fb23ed
1c79e0a
02d9d1e
1c10b13
03663ff
1d5d1d2
1d3833e
00bbd96
003383a
01080b6
1eba810
1e97511
1d92f78
1d9d0d3
002e665
0278949
010796b
039e65f
02b3712
0353aaf
1d615ab
1fefca2
1e97acb
1da56f6
02c5bc8
1d6fcf6
036d7fe
1fc93b6
1ce6d4c
03fb095
013eba6
1df417d
00f7403
0282255
0307afc
00ab719
1f9dbf3
00a0fee
1d52bc9
1f762f6
1d33861
00e9e26
1ef0409
1f7528e
022036d
1db077c
02dafad
01efb36
1d03800
02875cd
1d7ad85
036b5ed
1dfc131
0108765
1e1f0ab
1e25aa8
01731d0
1fa9484
1d83186
00ef0bf
00a918b
1dd53a2
00f7ff7
1e5c050
023a9dd
1e0412b
1cf16a5
1db3f9c
03d86fb
006a2b0
1f889bd
1c56955
03cdacb
1cde6a6
1c12836
0209043
0334fd5
1ddf338
1d6999f
022b49a
0103762
1de025d
02939df
0233ecb
1cb7a74
02df3d6
1dfe534
00de8a4
00aaf54
0092f8f
1e434d4
1d38017
1df470d
1f507a9
039358f
00be2af
036585f
01499a4
1d684b5
004bf70
1c42307
1e646ce
0193719
1fa67b5
1f8a853
0302996
1f01a3f
03e269c
02b0073
03f7c0e
1cf1ddc
02eddac
03a1d65
1f56cc5
032dd06
1def5c7
1d2ee75
1c6ccbd
1ea717f
1f107af
1f8855e
1e2ad06
02fa5d0
026cfcf
1f78aea
01e67aa
1e47073
1d5c44f
1ff9662
1e79dd6
1d4257a
1d45d3c
0128eb6
1ecbeca
1c7b792
02a3cd1
03bebdd
015fa15
1f7b729
005b849
1df662f
1d16bf2
00770b6
1fc9334
1fa8e6f
0221ecf
007ab72
027dd9b
03d782c
03373db
1df9127
1df13e4
025e088
03b3455
1cb1962
1f3e7ee
1f46738
1df7fde
011cbc1
00e0c52
1de8c78
001ea1d
029c003
03949f8
1d03de2
0114853
008b25a
03574bc
0003a27
00c1a8b
027f859
1df54af
1db0e3f
032d402
0239865
1f1b1a9
0305545
1fdd9f1
00c1ecc
1cb698e
03895ce
1e36dc9
0186502
0122203
1ce0318
02103ac
0301f73
1f46041
0138bb5
0097fb0
03c06fd
00845b5
00fc6c7
1c5b41f
1ec9d8b
1f201ff
1c9a74d
0099804
1fd7416
1e52537
03cb4fe
02a9e65
1f55b41
1cb05eb
1f1dd1d
1e778eb
03a6669
00db72d
0374e20
1e97f9c
1d300a7
1ffcf69
1cf71bf
0390d07
1c718d7
1ce5f9f
1f175a2
1cbaf99
1d9b988
1fea6a0
00ae8aa
1de21bc
034c2d3
0090e46
1eb07fd
005046e
0127a97
036d4d8
00d5d25
02ce658
1d3f26e
01e4cb3
01c07b4
03c43e7
1d7687a
0139164
02c555d
00980da
0175720
1d5e22b
1c32d77
000d472
1ddefe2
1cb3a04
02f96da
0399b3e
1e68dbf
1da9c8b
0315d76
007ea47
1ca4c25
1f46fc5
1c336be
00ca5b7
029f498
1ece21a
0228faa
1c33cfc
1ea6b4c
1df5361
1ea3d00
02197da
0212fc7
028068f
1ea7dea
1c1ed4b
0236039
00c9c62
1d0d5bf
0098ae6
1f47a21
00ba8d9
1fcf264
1dff73d
0227fa9
1e439e5
1ec25b4
008e0b3
026b927
021055f
1dec8df
1c07dcd
1f833a2
1eda3f4
1d8fa82
03fdb98
1d0acd6
1d7725a
03e349f
0158cf1
1fb7725
1cdc2f8
1fe6874
1c6c457
1cbcc15
1c2526e
1c89e0f
1dcfe91
1fc22bf
1d47d38
1df2f6c
01a51da
00c2f9d
0262e0d
1f54f33
1d2d865
01da5e7
02cf68f
0069b90
1c646fe
0268648
1e11027
1fa8901
1dde1c7
00032e8
0115e0d
1d1d244
0323b4c
033b548
1ecf28e
1df5a91
1e55032
1ffd6a6
1f5a5f2
1d888ef
1f53779
00032d3
1c382a3
1e7e013
1f2980f
0305a18
0011cf6
02ec7a1
1e1b3ff
021d4ed
0046df6
1e10a53
1c420c1
002b108
1d41652
0079287
024f067
1ccf47e
1d7368a
1cd55d0
1c0cfbf
1e4530a
02d1bd9
03c7e88
039c67b
0150f1f
01196c7
02adf7c
03b5c21
038a59f
1f4ac10
1c8c637
1c439f3
1c499c7
1fb5ab9
1d4bb56
03aee63
002e2e8
1e5dbf9
01058e5
1ff8265
1e83a43
1e3dca1
1e55278
1d18591
035c728
02cd713
1e141db
1c9f52b
0164c96
01b56a7
03b20e3
1fbaf78
02e2279
012ab9b
1f67cbe
1f1e48e
1f16635
02ad246
01daa9b
030ca62
02af507
1f3205a
1d576dc
1d1e432
03e1ef6
1f05716
1dd241c
1cf7b01
1ce3620
03946a0
0387952
1d359f3
1f16d14
033aab4
1eb9a44
005c470
1cca030
0396da3
0126db6
1cffc2c
1d50c20
03abb43
1da5781
00ec109
01e0701
1ec7b83
1e8c74f
1da1bdb
03e0566
02de293
1c13a2f
1c69a1c
03f9a67
0175d6b
1d674da
1c2221f
03c2da7
1f11afa
0200e79
0079a8f
1cea632
002cc9c
1c8d3e2
1e0f639
03a90b1
00eb7b7
02a7988
1c155f1
1e710ab
02dad1b
004993f
1c8ad04
1f9fa5b
1ea30ef
1c888f2
1f94951
1c6ffc7
1e2c7cc
1c715f3
0289270
1dfd816
02d4be0
1e19bd1
01fc7d4
1ce8282
02650db
00b0d96
1d9a9d6
036bc04
1e60003
0233a54
1e935bd
1e7b2a8
1f9d617
0279cc6
1ff0ffa
1d703bf
01e5f66
1e48612
03cf806
01510f4
1f1a1dd
004f351
016e4c6
1c6cea8
1c358f4
01fe0e3
1d16c90
1d0bb91
1f9e286
1dc1ed8
03184b5
1eed0c3
1ef5921
00015dd
1db0feb
1ee1562
1dcfae4
0179cb5
1cf5b5b
02c5b32
011f50c
030c439
1c1ec78
02ca16f
1f233a3
03216b8
033cf4d
01d2506
1e13086
1f7cb47
1c7b332
025657e
1d87c34
0149a07
1c1c3cc
1c40255
1fc1b81
1dc81e8
01aceba
00274b8
1f9c624
1f618ef
1f95052
0356e36
1c59bd9
1c35242
0015967
006c3eb
03bba5c
0062ae4
03a33aa
0178665
1d13e72
01d735d
1cead68
027ea14
02056ed
01af8aa
1e9a03d
03eeeaa
008ad0b
02102cf
0106bca
1c2e3ad
00002b1
1fbad32
03329e3
1e37148
02eefce
000a41f
01c7977
01d4373
02b7a93
1e2a0b4
1ca32ae
1deed09
012bb04
1c4d05e
00e8d6a
02add4f
1f2f03a
004c00c
1efd342
0244647
03f038c
0186090
0317bfb
1d6e84e
1c634f3
1fe28b5
1e86818
1e149a3
1e7cf4d
03e3fe8
02f8d9c
1d9b44c
0374e18
00360b2
1e5ff4d
1f1e416
1c535c8
01b4b0c
1c73b91
1c9d6e8
0010553
03cbff6
1f423da
1dc9277
1e5b8dd
1e548ea
1fe31b2
026462a
1d8aaa2
00d2231
00c9044
0119256
02a1a6e
1c277da
1f0ac46
00cee3e
030efe8
1c4964f
0135703
02a925b
1f3348a
02a297f
1f7b8fb
1f07978
1fc1450
036d565
1ef8534
000305b
1f022b2
1dfe226
010e0ba
1efa2fa
1ddf36f
0345d84
00b3c13
1c05a0f
1d72766
1fa2197
1fdfd8f
1f6cb1c
011e0fe
02f68f3
1eb3fb9
026b62f
1e7e5c6
1f187f3
0174e56
00e7ba5
1d44e9c
1ce38f0
007b10f
1c8d557
1c5d6dc
1cd2aa8
0196275
1c2d748
030fc43
012128e
1fcbd78
02216ae
1e426b7
0101103
02c85d3
1da1656
0347a0c
01765a5
035dcb8
1c3e3c0
1c5fdeb
1e96c5e
03be683
0117c55
00339c8
02f6349
01b6dce
01bed99
01e6861
1f2fd33
01d3bae
03ee3cc
1de2921
1f5a9df
1eb39d2
02b5bdb
02cd56a
1d032ab
1c56527
1f404e5
00c4716
1f6fb8b
1de8083
1edccff
00bc407
03557d8
1fb8b03
009a996
1f9118d
1c29252
1ed0cc6
02d9bff
013b3dd
1cc0ceb
1e1e790
00a2cf1
0291c78
031d1e7
00e7103
1ef12a9
1c3af96
1defda2
032b7c5
1ddf4d2
03a3a3e
1deec62
1c6a6db
022c354
02f5c46
1c29e1d
0364ffd
01fa4db
016e705
0000010
1d884d7
1d4497e
1d01017
033295d
1f1496e
020ff28
1ee262b
02554bb
1ea30cb
1ff7c1f
02ef516
1f2cb28
024d60a
01f759d
0370eb2
1cce6c8
0125fad
1df722f
02b8829
0113b7b
1c6db3f
03bb816
1d51ec5
035c98e
03664a1
000f311
00e930f
1e5a190
0327bb5
1d4d552
1d30ff4
02dd8eb
0370d04
1deee31
1cde6af
1c1a4d9
0300591
1e93035
1f957f5
0290f9e
0351803
03e6ce7
1cade44
0142754
027bea6
1f29dd4
1ec1dd1
1d8f376
1d490f5
1f9009d
00c120e
025dab3
1ff8f93
1fae1ca
1c7aa18
1f92072
1dbdd76
1f56f34
0041f7b
018b347
02b8300
004bb14
03fd140
00e5b2d
022d4b5
1f088c1
001b444
1f6344b
1d1cab6
03fb08f
1df032c
1c98e19
00db4d4
1f12bd8
005bc2d
03bd490
1f73bc2
1f4aa15
0044617
0198815
1d8dc1a
1ef303c
020238d
1d7ad70
00e67b4
1ec8209
018cb63
0176057
0214d29
02cbed0
00e1936
021a49c
1cbb865
027d707
0053745
1e9c487
01fe2e9
037f908
1ebf4da
00db04b
01fb6f4
1cf7917
0272d16
01c8c81
0051975
0188b47
1d50979
017bc3d
1efefc4
1e48b52
1f74b46
017f638
0329e8c
1f15a7a
0338b6a
03b3a53
01f661b
0291c48
013ddee
021f7aa
1c29f1c
02ff92c
1d42801
1fc8817
1d49dd4
1c6068e
1c023ab
1fc0422
0073690
1d1a614
038b116
1fa5a97
0038afd
015feef
034b40d
03cded9
1f058df
1fbc7c0
1e50197
1e537aa
01bf268
1f1c6ac
1e8a1ed
0155309
0383b04
0246a74
1c12016
018dc88
1e4b5d1
031e0e4
1d0c9c7
1e1d75f
03537dc
005beb2
1fee3f7
1f8296f
1e19aec
03833f8
1d36e4d
1e8dca1
1eec3af
1c4a0bc
0244c42
1eeb480
1eed2a2
1d98ba0
1cf75f7
0378918
01b7485
035b8cb
0262acb
0327cf1
001849b
1c10259
014e751
1f0d5f8
02f1ff1
1da9181
1c5bde6
1d22e7e
1eff077
03befe5
1cc3e53
00df7d1
1f019de
1f3d9cb
03f555d
1ddbe81
0154407
1ddc6cc
00d66d9
0300f72
00c7b3d
02d7694
1f3935a
0138f1c
001872d
019823b
0130c5c
1f0773b
1c29082
016be93
02b7754
0035d49
02abe06
03293e3
1d8f288
1ede503
039e6fb
015312d
038eae9
0374e6b
03a2a3a
1e24bf1
019c1a1
039e09d
0164b40
036f222
1ebc28f
1cf7c2b
1d2a854
1d24c8d
03424f4
027ebcb
1e89844
00ec9c4
1cd5295
03e5b6c
00e1560
02f6046
03b57f3
0074825
0227056
0280e40
03f099b
1d4e27d
0220dc9
00065be
013bf00
1fd156a
1ea19d8
02105d9
1e29b34
1d6ef4c
1d6bfb8
1e0e64e
0218fd7
1e40d56
1f0e9f7
1e87148
1d5717d
010d8e5
1e8d446
1eb4de9
013bea9
1edd4c8
1cb3e8d
01ac2d7
1c208dd
03bcedf
1f58bf9
1c9eae4
00082f4
002005f
1fcf70a
0207dd0
1eff7e2
1d8dd41
1cb5086
02dd576
03752ce
022f048
1c614ce
1d363c0
1e24481
1f3bef3
00699aa
030ebf0
00b4b4a
1d040aa
1d24b95
1fc8746
005637e
02b3555
1f96037
1e13efc
03bebd5
0381984
027dd2f
0309681
0158f3b
01d70cd
1c01bf8
02f6177
1cfee54
0142472
00bd026
02cb314
008df48
01dbc73
1fb65e9
01465c4
002db0e
019d59d
1f0698c
0385009
0391343
1f5d7b3
1da1630
1c21db2
1df21f2
1d4eea3
1f23ad2
1cf66c1
1cf62fe
1c18267
006af34
020da66
01751bd
1cc252f
1d55cb6
01cb437
02cc332
008421d
1c56c8c
027857f
1d0f9aa
02b0d72
1f9da96
1e105ca
1fd8af7
03d8c8b
1c71960
0312a07
1d6ec5c
024e388
1e8ddaa
1f75fc8
1d1fbca
00c7417
1ccc267
1d277cf
02bfa9c
1ff435d
1ca2c1c
030d18b
027cbc5
1d9295d
1cc6ab8
1e0a243
030d8cb
1e5074e
00c5ed0
1ddd2c7
1fbe2ba
1c3c9ae
03d38ce
1e2a776
029e98a
0282046
1c47225
00ad530
1f80888
00cbee8
0358ccb
01e16f0
0162b21
03ec572
1f076c6
1c96ede
00f6637
1fe2ed3
1ec5ca5
0135a90
02d544c
032ab71
1d03504
010462a
0357b36
1c899c2
1f08c1f
017ca2c
1f945a4
026e46c
1ff2c95
1ddaf52
035a1c9
1cad884
0173748
1c31f2e
035b330
1e600ba
1d6464e
1c38985
01bd60e
1e681af
01af499
02f00c8
037dd79
03cec8d
1cfa647
1d5d922
01226ea
015775c
1f02168
1ce8789
1def62b
01d6bef
1f3474a
01e2c5b
0212295
1fb5c63
1c4ee92
01b1ff5
0098e5d
1fcd5c1
1d99e59
01bba50
0348d08
038ee4c
01bd24a
1f1c37d
1ce6c40
1c1a5cc
00cccdf
1f8b081
03c23c4
1ff7e64
1f0a590
014b6bb
1e095b1
03ca54c
1e856a6
1e8733a
1d0fdeb
027888a
1f38979
009c789
1f1b1c2
009b598
1d0ecb8
022c3ea
1f5eda6
1f39322
019dae4
1d3ecb9
03168fe
1f5604e
1d7ff94
1de48bc
1db28b1
03a182c
1d437a4
1c2186c
01646d8
1ca4e83
020e296
02b78fb
1c56ef7
0328744
1f82532
1e09865
02c310d
0131ba3
1ee0fdc
02648ae
01e5435
039b185
02e9a28
1df5fdf
1ff69d1
1fd19ed
024cbb8
1fb1090
00156e0
0363e03
1f86286
02cd8f1
02dd164
0273701
01382b1
1c21894
0208998
0009f6c
033c0c8
0108d79
1f52c18
1f585e0
1ceeb49
02a52bc
1f5eeb0
01dd898
0116400
032efae
0231c6e
1f52bc2
1c107a0
1dd9fe0
036b499
1e66307
03a4d46
1cf1052
0281de8
016063c
00747ac
0215b43
0155b23
02851a5
1d67bcc
1e85ca7
1f5e693
01045c6
1d1dcc1
1fbc34f
1e5011e
1e59d1a
0226a7a
01ad702
019ec12
00331ea
1f7a618
1e57a6d
1f85d2b
1f56aa2
1fc3f83
1ee7697
022ec60
0138acc
1de7f33
025e8c8
1ce6e28
02379cf
02bd155
1f591b4
1ec4b50
1efbddd
1dc8c4b
0137199
1f024ef
1d4a8db
015bf46
02ff453
1f98fd4
022e83d
1fcf04a
1fa1548
0046f6b
1e34203
02ce450
03d0cd3
02b255c
0145ede
004ed5d
02089e1
1cd84fe
03a9f1e
02a76cc
1fd79e1
012f4fd
02e3101
03d7c6f
009f294
1e3b412
0210325
1d9d4a2
1f26063
1ec424e
1e520ff
1e3e983
00cb0d9
0233659
1e8fdba
0183461
027f360
038adcc
02a1a54
01641f9
03acd82
1e11460
1d17422
1e92afa
1e06476
01a8f78
02cf8c6
02d7db5
1fbb6b6
1c1050b
1c21d4e
018de40
1f8c463
1eeacd3
1d3ad60
1e8606e
1ecab85
1e2abfe
1d68029
1db77f1
1dc7fcb
01350c1
1e9fbc2
1e14f87
1fca18c
0214ca8
03c8583
0172a6a
1e46c3a
1c1f604
1ee2659
1f24d44
1fa09b6
1df6479
1eff5f4
0067a3e
1d71998
1fb68f3
025d830
0148f84
01ae1dc
1d06a59
1d0b476
02098e2
1e91c43
004f467
1d2e633
1febcc8
00e3507
02f3009
1c75ee4
1fc4799
0052d9f
1fdd497
1c51d65
1d0984f
03aeb04
1c7771b
02550d6
1eb95e3
1d65396
002aa31
1c63307
01161ea
1c81bb4
0371a24
1fa2ad7
1d1815f
1ebb806
0144ade
03feffd
1f1c0bd
03c63e2
03891a7
01a5cc7
1c02add
1f9b19d
037de1e
0250eb9
1dc8412
0309f8a
0303e23
1eef588
023e577
1f03b0e
037afe5
0343367
00f027d
037a590
1dc47d4
1c3f83a
1e5dea7
1fa4cf1
003db96
0221ffb
004cacc
1e5975c
03d8449
002c996
0000139
1d4dede
1fe0ffa
1ca6652
1cb045b
1cc087b
1c7b7c1
033082f
1f8627d
1e5bd60
0028e27
1e81f40
02c6229
1d1bfa8
01caa5a
1d2921a
1e253ee
031c05b
1f95618
1d6f33c
02d51d0
01d586e
03bd01b
0398741
1ff45dd
00220b3
1ea94d5
014dcea
039d536
03a8fab
013cd56
012073b
1d38e28
1e19062
024a4dd
1f576d1
1e4b981
016ff0b
0266a66
1f05f45
1fb2d6e
02a235d
03fd63f
009e989
0038361
00aad2c
012064e
1f13704
1fd24c2
1fbf984
1e7755c
013de7e
1f8d25e
1dd8b1b
1d7cfc8
1f397f6
1eaf695
036befe
02acbd3
1dcce4f
1ca3f6d
1c4fdbd
00ec887
02d2e28
1fb3b76
01d2f34
1f6abbe
1d3e3b1
1f20263
1da8bd0
1f1026a
1f181f1
1e0d132
1c591c8
0259099
1d22041
1cab096
1d31c01
1d50e48
0349aaf
1f14160
1d227a7
1e6173d
1e83605
004bc86
1d43968
03aacf0
1e9f520
1d432a1
1e57349
03cf7b6
0082eb5
1c97005
1d3b72c
1f98064
1e52ac9
021639b
009c970
1c12299
1e9c7d8
00853f6
027c86a
1e05f23
1e0828f
03803ad
013f514
1d95dba
00c1a77
027e250
0396d23
00b0a7d
1f217d8
1c3f03c
1cb6ac2
1fe7929
01ffe73
00840ff
1eb1356
1c0ec09
1c9491c
1c7c51e
1c01033
022682b
1d7a0a7
1f60dfe
1dccb4f
1ef5818
1fce36d
03eade7
1ccf06a
00dc5d4
03d7b06
1f512c9
010e082
0168c72
019baa1
1df784a
1da28d1
1ec9c4b
00a76ea
03d6bb5
0203c8b
1e21208
0282359
00b105a
01cfbdc
1c1e027
1f24e0a
1c9bd14
1f5d85f
011cae9
1c16de1
0252bec
03bf6d0
03df4ee
0388c93
1f2d923
1e2c8e7
0308b95
03e5a75
1f0b601
1e4cebc
026fe4e
1e03a3d
0092470
1d04632
0322001
01e13e7
02b9cb4
0325ce5
1c8cc80
1dde49a
1f6f7b6
002d7d4
1dbb378
1ea7aad
1e11aeb
1dbf152
026267f
0318164
0377b2e
1eed218
1fb1d56
01278ae
02e05af
1f3e43c
1c734c5
1fa86be
02b5d10
01907a0
0275a8b
1f8f2b7
0214d8d
036f0d3
022e2c7
1ddc3b1
0323498
1df53c9
001c30a
01cedd0
03e080a
1d62092
1d4b435
1f9728d
1c6e452
1c63af5
1df1d5e
02366a7
1e2c104
1c97cdf
00343bd
00b4096
0079d4e
02d845e
1f4ce3d
00644b4
1f5ee4f
00c7de0
1f6db3f
0078a38
018f7fb
1ff38d4
1d97e53
00e15ca
1d497e6
1dbaf65
1e1a959
1cf2cd2
038cc71
03a13f5
1dcc680
02bf84f
019da04
01a0a93
014e6d2
1c69f99
1e89d2d
1cb76e2
01883f1
1da07d8
1cf10b9
1f4040b
1dbe8fb
00ac2de
036b60d
1d169ef
02156c3
1fba696
02e84a3
038798d
1fd2515
1ff749d
1eee6ca
00326f1
1c142e0
01e5e7d
00d930f
00b184a
0130bf8
0286ad0
1fe1ef4
1ec3601
034bb32
023019b
019a727
0259492
02acd7c
1d04d04
0142a02
0340dc0
1de97db
1f01d6b
035ef49
02336c5
0133431
1f207a4
1cc8f11
1f271cc
1f0047c
03cdea6
02cc723
03a90cf
0027edb
1fcb180
03386d4
1fca608
1f4566e
1c765dc
1e04cc8
1c035b7
1eec7f1
1c136c7
03a15e6
02ff11f
00919ca
02fbc80
1df1c4d
1f188f8
1c20c4e
0348106
0010aa9
00d6969
1d0e6a6
0286ff6
1fac86d
017d440
03d9e43
1d039fa
1c57fc3
01cdd89
015d44e
03e8e1a
0187068
0169141
1d87213
1dc3416
01b4b81
1fa7045
1e833b3
0063b41
1d377ce
1f0311d
1d73d13
1fcd0b5
1eb1fde
01c49b2
1ff8efd
03b984a
0202197
00354c7
0193872
02389d6
1d018be
00c84d5
1edf2a5
1d91891
01e2c24
03ae9e7
03f0972
1f88367
016114e
00238e3
1f06ff2
1eb9c69
1fa9d4b
01d81b5
1c97a45
1fcdffb
1fc1256
0367da1
1cf7405
1dd3206
03bc2b3
036b241
023f6bf
0366af6
012ef6b
1f9b236
1f619fb
1f6a339
02d338c
1de86ee
0234df1
1d6e577
1e6b64d
1fe316c
015d73d
1d5d0f1
0393b5c
008cd3a
01c19db
0241ab7
001e70c
03e283c
1d5d046
0211b39
00ef196
1f7cefc
1ecb03a
035e5d7
0018986
1e4a28f
1d0dd89
1d420b0
1e214ba
1dca880
1d75a43
037d65e
1d9af7a
0164507
00d6bf8
1c61cf3
0117c65
00d0406
03c8bde
0062997
1d49c68
1da14ef
0148f31
02e9620
038bd4c
031d2f4
0028f2e
1ea1a3e
1d42a01
039a053
1e6daed
009a896
00df566
1c22cc3
1c9116a
1c9b2d4
1d076f6
02fb5c7
1c808af
0286839
1cae968
1edb7d6
1c9b1f3
1f31b59
1f3ed44
033b892
02194c1
00c14d3
1fc9b8d
0079e4d
03c8d9d
0148b72
00f9057
1fcd07f
1ebec9e
1fa1717
1e5450b
1d28f17
1ed6abb
1fa0f7e
1c0d317
011700e
036934e
00a47c7
0372e58
03807b5
0206f23
012ca7f
039ca4e
1f31475
1ea196d
1f3cefd
02ead98
1e342f4
03540b0
1c8679f
02f0555
0260c13
0363893
1de7b55
030e9c8
01c8036
02fd337
01def8e
02db71e
1e32c44
02247c9
0243486
011110e
1fd6a7a
1d2297e
0361474
1d87a1b
1ccb36c
1fcfdfd
00e44ac
1e91c4f
1d46992
013dd39
1ced691
014e7ae
1ca007d
1de2da7
1c81394
0084446
1d926db
0037008
00d2940
1cc6544
1f6eef9
0070324
1cf1728
029c444
0199aad
014f98d
02483ca
01e5a66
016df1e
031dc39
0258e12
1dc4dc5
0126fcb
01269d6
016d4e7
000cdd8
00d6ea1
038be6f
1c16660
1cfb7e4
1deb8ca
0106ff9
0044711
01f3d15
010444b
004f8b9
03c56c5
02ea9cb
1c6f569
03f2710
1c67c5d
1d9d2ad
1dab215
00e96f5
1cb3781
1d7f024
0213b39
011c498
0272fd5
001d45a
028fa70
1e53781
0364fb5
01da22b
1e4f96c
1c91890
1ed712f
1ee7272
1e74590
0104ead
1d6773c
1d1f6bc
1c9706c
003b82e
008fd77
006497b
016551b
1e3a706
0360da8
01f0cea
1d1679e
1f700c0
02f40bf
1f3cce5
003c24e
017e7f1
1ddf09c
02feb1e
029ee13
1c76375
1c6e433
1f5d31f
1f9a535
03ce7f7
01de233
03789dc
1f77dbd
1de04ed
03a26a5
1ca2d57
1f84e1d
03b7227
1e7d1c6
1d164aa
0174790
00de6cb
0390eb1
01a3e77
01f6510
029bfc5
03f48cd
030635e
038346d
1f97914
1f38904
1e85052
1e1df2b
01012e1
1e8dc58
0132e6c
1f2d023
1ce8784
00f14c2
1c2670b
1cc8b06
1dde779
1ea26f3
02509e5
1ff9882
1e27b7d
1c7a08b
02651a6
0144805
00d49b5
0030d0b
1dce6ed
1ce5d71
1d1e265
005ca1e
1e0e2e2
01c3490
02f3489
1d91987
1c680d6
0055210
1c7f730
1db695a
00be70a
038b498
017c192
1f20c37
1d9fb22
01fbfcf
1c8e818
1e45886
03d6849
1ed5a61
0141c20
0035610
1ebf1b7
1c11e07
018014c
1f6faaa
1e62b64
03c9c08
1e050bc
00e20ae
03e9b0f
1c09bcf
01dafe6
017e529
011d611
1ec5445
00220c0
01839b7
1cc717c
1dc0a98
00d0b8c
1ce061c
01ad78e
1c8f838
01d6f84
1f00d5d
025425f
01e61f8
1e4b81f
1c84cd4
0206497
03a8964
00b38bb
0151367
1cc6316
1fad178
1d22a9a
038dfa1
01b5543
034ad9b
01209d0
032c3e2
03d6ed6
0016733
02d1afa
0053a65
0279ab4
1e0a157
00a0a3d
1e19807
1ecd007
01965c2
1fda152
1fc9274
000f0f2
01d817c
1fdc11f
1f28184
1d7111e
1cc9830
007fd9e
1dc80c4
1ebdfe5
0186db9
1ea8923
1f42ec4
1d5e5c8
03510a5
0254a15
1fcd52b
008d385
1c3a9d9
03e3721
1d3ce3d
1d3b666
1cbcdd9
0099f06
1eed54d
00eb5b6
1ca1b99
1e0be13
03aa53a
1e325d6
027b4ba
1d2926c
0028136
027af8b
03aed28
1c633ee
1dad5fa
1e1e0b5
00cab9b
01de146
1dc041a
02df9fd
1fddb4b
00468a2
0333ad5
1f24f36
1c0d6d0
1d094cf
03ed5d6
00dac45
0006097
0287492
1c73939
03920a5
02109f7
01e4915
033a1c6
0008cba
1ecd571
1c5e372
1fe45ca
00dd50c
030bd17
01adf9e
0398478
024746f
02f5010
01f9304
0357a19
1f6d157
01c11f1
00f79c8
1fd3d4e
03097f0
1c078e5
1e6addd
03f0ea0
1fed801
1eaa6f1
1eb4a17
1d3fa23
1f394f2
1e14e59
0136b42
0050f97
03d2c4d
1f3f1ec
038e942
03d0132
1df3ab0
03d7d68
00b676f
03c5558
1ffe7cd
01dcb23
00c3055
1d97119
1cdfea0
0151edf
1e588cd
009fbb8
00d489a
1d8baa3
03f443b
1fa2f15
1e18156
012c11d
00c2e9d
1cb53ff
1f686ec
03f7cc5
00f7384
0231b78
1e26db3
015e2a8
03cda95
014deb7
00566ce
0352cb5
0061980
031ec66
1eaf874
1f8a3a0
1faacfb
0188196
1fa7d3a
01988ca
1ce5614
1f5acb6
026987a
0351072
0369c28
02a6668
03e6054
1daf961
1f6264e
02173fc
0112220
00cd294
1fd5ed2
0185b6e
1eb7ef1
03bffef
1d19cf6
1f08aab
01b121c
1e936cb
1e77999
1e3c9e4
027ab5b
1d900a8
1f2253f
031fd3f
0159f44
1d5a041
1cb70b2
1d56f20
1c27890
035aab9
1f25086
1c58ea0
1d7661f
1dbf52f
02cfb0c
1db7bbf
0350b9b
0176012
0298445
1c11a7b
003e4bc
1f161fc
02d34c8
03f34a8
03d490d
03ab603
1f5117c
004d25b
1f1c967
028a77a
1c1cd84
00eadf7
008aca7
02331cf
1d34705
0043c2b
015279a
02f7ea0
1ca5018
1e875b2
1d8cb72
01ac898
03405ba
1c489ff
00b5811
00bbab0
010165e
00baf36
1d75dcf
03dbf51
1ee554a
1cdf7fc
03215ca
1c63227
1cf3c50
03c3c77
03ea200
1d38dab
1f35d9b
0228f39
02cb268
1d9435f
0368e7a
02418fd
1fe098c
01c7d90
03f3b48
1f8048c
1ee2216
020bb5e
1f4088a
1e2629f
1eb9df2
1c8d98f
1ed2299
1d36378
1ea464e
1e18ded
02ed96c
1e758ce
01cd974
026fa8c
0382538
1cc9cdc
01beca6
1c223d7
1ea1647
1fe0629
00f7077
1c1ea64
1ddf17d
03b2536
02c7828
0282813
0108f74
028f371
1d19fce
1f65874
03a0883
1ef63b5
1c12176
00bfe07
0143b9c
039c4ba
004df10
1d6c719
0220c3a
1ec6dcd
023768d
1d46710
03ec4db
1f31ec8
004f8ed
1e2d704
02d4456
033444a
1dbec4b
025d294
1c30e55
1db898c
1c9b80e
1df6376
02b1fde
1eac4fa
027d30b
03eb664
031e3b6
1ec999a
1ecb487
1c7feeb
015a3ea
00f5665
031ac29
0161139
1e06119
1ee7bb1
1f5e6ab
00c9d4f
1cdbe1b
1c0ea92
1d862bd
01f8130
1f1e412
1d7b1c8
023fc52
0105bb4
1de34a9
0368e7b
0302344
019843e
1ce4beb
003ebe3
033bece
1eb8d54
1f67ee7
008b5c3
1da62a1
0072557
017a998
1d87d23
01c0f82
00d0b78
0159133
0074681
1eb7a82
007bef0
1f8fcc9
0066d2e
02b0079
1c19ba2
03f109f
1cfeea6
1c88f47
024bcae
1c39e0f
1f9a28f
03d0ae4
0058d9d
1c1500f
1f08bce
011edf2
033c257
1dd7c46
1fcf6b8
01df2cd
1cb5ee6
1cd68c6
0172e9a
0023bf3
021e72a
1f9aade
1ce94c0
009c7cc
1fa83f4
1db4aae
01b8596
0100be8
1cf0110
01501eb
1e567a7
0081618
03c8b55
1dd6204
0168e1a
1ee5321
003d0ec
008187b
1f8d66e
01443eb
1e7cd71
1f9c557
1d03ff6
00a62eb
01b4c13
1c8949e
0163d24
002ba10
0203444
1e4a52b
0256b5f
006e1fe
01d1499
1eed90c
0028be2
1e5cb06
0148ead
1f8aa41
1f6eff4
1dc9d38
1f5743d
1ef03fd
1caabbb
1ea9077
03bbb66
1d99d92
1f89bac
0394067
0070cd2
1d7c4ee
00fd85b
1d00d81
1c51ba2
007b494
005fc3f
1d8874d
0278845
02b2480
00cc74e
02028cf
003457c
1e99c0a
0142cf9
031f134
00d50c5
00a74a8
1f6884c
03ed96f
1cd57f1
1e38b99
1fd2468
03bed8f
1e62980
036bf11
1ee1d20
00c8e92
0073356
024a50c
03c235c
1e7ba30
1f19dfb
02eb45a
02b2b52
1d32c04
1cd78c6
1d75261
004e96f
02fc31a
1db7e37
036cde9
026efcc
1f2336d
1f0c873
00ee942
0146310
1fd89ba
1ea384e
1eac4b7
02f6f57
02e23f6
02af4f1
1ea6b07
1ef2cd0
1f8ec85
1c9087e
1f2b55b
1f06020
03eec46
035425b
0109233
1f9c812
1f048c8
030dfcf
039f382
02cf80c
1c82888
1da173e
1f0ff22
1f909cc
1d65c16
0126566
1f94145
1d74b44
01ef8ad
1ccc239
1da64ee
1f436d5
02f07ff
1e3e371
00b6822
1cdfe50
0273fa9
031127a
02a46b7
1f95ab1
002701c
1e0e041
1ce1709
1c8f82a
1d54a9b
1d4b3c5
011bd0b
1e788c4
1f118bc
1dbc741
0216472
02db0d2
01c605c
1df9795
1e3d917
00f826a
02083b3
1fa33cd
01d6a3b
1c6d43b
01efcee
039e95d
1d88697
01d85f6
1f3c322
02e67a4
1d7ce81
1f92f2e
0180f29
1c8f68b
00e50d2
0306899
0177d62
00c0171
1c74e5c
0087b27
1fe08e2
1ef535f
028f4b4
02fb727
1deb8d2
0298387
01fa02b
1d40d90
1f561d8
03c9b14
01df664
0316a6f
1eb3120
00a78fa
1c2c486
1da693f
1cbd893
034b878
1fa6c89
01c1040
1ccf4f5
01e9cfe
1cf7d12
1e0169a
1f5283c
1fe6b08
1e3d6e5
038cf97
1e58c19
0099ff2
019ca33
01eb5b1
0048d7f
1c14db4
1f0657f
1f2b139
01a37c5
1df3d7d
008165a
03ed1af
1f7f063
02178b7
03a0f58
008cde5
1ef5aed
1f8aa78
1dc02c5
1e5d3e4
1d139df
030cfb5
00bb792
0067c67
033a512
035c6fb
0103d76
1e24040
1d27f6a
1fbe0c3
02df05f
1e81d7f
01bddb0
1c383db
1c7c918
00d4db8
03341e5
03f18dc
00094a4
1f27c40
0220560
02a4c13
1ecbcaa
1d0c0ef
1e567fb
1cf4dab
01e0459
0320fc9
02089c7
1cb0f7a
1de60a5
1e4f726
0380b84
03b6b0d
03c3751
02b8836
0181007
1e9f018
01906b8
03aa16b
1f32d15
019d9da
1fc1aff
1f31fbd
00fa126
00d1338
028789a
0320090
008fe10
0197c0f
1d3ab72
1df8f19
03f511d
033cc9a
1ccc82e
007f54c
0087279
1d69bf7
1d86324
1c7259b
0107818
1dc2bdc
01c1dae
0103f20
01477e3
1ca8326
0034709
1c07e26
1c82bb2
0034448
017109d
1cb92ee
03d3900
1c8f31f
01f5b5e
1c80b65
1f5f091
00cdf66
01aae6c
007d34f
03d7ef3
1f0eebf
026f619
1c5e10b
00ad419
1f3038f
01bee29
1d3d295
035960e
038d93c
005050a
1e2cc13
1e427b1
1f120b5
00f5cb6
014dbe2
010ba54
02db9fb
01ed7e1
1effe93
1c88d56
0395761
1f1c1ae
03007e7
0147685
01a0cd3
036685f
03e7db8
1f75954
023afa5
0137632
007bd27
1e8b837
1fa89ac
1d51f6d
1e2e2d3
01c1242
03ed27c
00c6563
1e286c1
1c4d60c
036d9f0
1d4c6b6
0305503
017a9f9
1c99d6c
1d73885
1ddc2cb
1f5d213
009a2c4
1dd648c
01c626f
03b4b41
03bc21f
1c80a71
00064e9
021707b
012cef9
02effd1
1c64417
1f27208
1d446b2
0063f38
1f9b88c
1cb87c6
0269d2d
037e12f
1e18519
0303924
1faf773
0299efd
03b9ac7
1ef81b5
1d01a90
03053c3
0196b5f
00391d0
1d6c5ad
1f8f154
01a9405
0119c1d
1c2404f
1ff732a
1c053a8
1e364ae
023003b
016c818
1ef0961
1f6c599
03b4e38
1f21451
02dd25b
02e614f
00c852c
1dd3de5
1e3afd6
1ca3e84
1df97e1
1ee52d7
1f4d764
028ec40
016ddee
1c5f7ac
1e4dd4a
1eb6dd3
0128b80
02089f0
000a4b3
1dc51b2
1d079d4
022afc2
0368eb4
1fb81d8
1df4653
0369279
01529bc
02d00d9
01bfcd2
1d8f0e1
1c18363
002f13a
1c664c1
1ec1142
1dac96d
1cb2d16
02fb9a1
1d70d09
1fe2392
1e27120
0350251
1c795b4
1eb1341
1fd891b
1ea7978
1cfb209
01e6cfc
1c72c55
1f53e3c
1f3b7c4
1e177ce
01f1af3
1d9e968
014f519
03a3580
03c9202
032f092
1faf29a
1c682e7
1ed7e06
00d2e21
00d92d9
0382b83
1df1c42
1ebea07
1c6fde4
1d54fb4
1d0df58
01aa802
02d627c
1ee940d
00bd077
03972af
1e75b87
1c1bb0c
1db7b65
1e4a446
0043a5f
1eeaa50
00e8501
1e73888
1f4a52b
00b414e
0296ea6
0354aee
1fa0457
019f473
000eba6
1f5476c
1c3b6c0
015ac7e
00eb661
039ed0c
1c2b4a7
00bea56
013bc88
1d9e9d1
1d3710e
0055d83
1d3dabb
1c22dc0
1c73fc4
02a4fb9
1f7dd11
0195984
02681cc
1d72d97
1c6554d
1f61691
1d4ab29
03a27ad
1f36620
01c62f1
1d38c18
01d9f7b
0222f60
1d95db7
0190467
03c3826
1fb43d3
1db281f
1d11d57
005984c
1e1265e
1e332ca
02af1ff
1d38dbc
03ad145
03dfe7d
1e73a33
1d4cef2
024e20f
1d96a99
1c3c32d
1e6f5ee
00f2014
01a7001
1f03d76
1d2a458
1eeca7c
1def927
1d1a9ab
00595c6
01c71d8
1f38a4d
1eb0e34
1d7c5c4
00a049a
1f72402
1f0b7ac
1c9cfd3
0288674
029ef77
1c6027c
1f18cdf
1e8a130
028c9ee
1e2d0fb
01dbfed
02b4443
03c168b
016a9b5
0155b2a
033a91f
1e8f3d2
1e9c5c8
1cf07b5
1cd881f
0386d13
014e13b
1f885a3
1ec284d
025b864
1ed4631
023330b
0050bb7
0344aab
1e02e0a
033259b
039686c
1e571db
03b59ec
03c4f70
008d982
1fdd303
1ce197f
02258b2
02d53ae
02d7cf6
02ce225
1f095d6
1fbca4f
1ce1117
02248a2
1ed5f14
02e3422
01e72e0
0039d1f
0024074
01ea3af
1cd2e7f
1d3e7ee
00dc224
021b656
030f821
1eeff08
024c102
1cc771b
03dbbd2
1e183c0
1f7f03e
1de686a
1e08edd
0050677
001daf8
1e3e048
0188f15
1e3e690
01cdc7c
02af967
00df6d1
1dcedaf
1e62c6b
0189cf3
0157ccf
017361e
0309912
1f76707
1c4c2fc
1d4d85e
0190316
00dcd57
010fec4
02b53a3
1dcc8e9
01113ab
01ee333
1e60218
01ccd5b
1c84f0d
02a1bd3
0115c27
1e3c7c6
00b7d7f
1ea9734
0315f38
00830e2
02bbcc6
03be93c
1e4fc47
1db729c
01c73a4
1f08f0c
1cb39cb
03ffa9b
1ce2c8b
010764f
1ea0e69
02395ee
1cd46c8
1cd07c4
1edfd58
1d5d6d8
03f0462
1ca91a6
00a0485
1fdc909
03f79ad
1ee3e64
1de0a85
1fe3e4c
1ee06e5
1dadbbb
1ccf74d
1fe55d4
1ee544b
1e912c9
1c79d52
028fc89
1d7f75e
0209e77
0064ace
1d1cd9c
1d498e3
006c479
1cefd08
03e6040
02f9568
00acd13
1c623a2
1ce9bda
1eabde0
01ac877
1d638da
1d2748a
0286b98
0040d5f
0284853
1c141e1
1fae894
1ee2b28
1e0df44
1fdf49d
1cc61a5
1d1e6f2
1d12e7c
030a8cf
0145820
1f915e7
01bddc6
1cd582f
1e83b13
1fd75dc
1ea73e7
017455f
1f51b6e
02b74a3
037bedb
1f51d0f
1e1fd01
1e25dbd
031745e
1e3e34d
00fbe45
1f89e37
01345cc
1f714cb
1e0a38e
011f760
1c90e33
1ec124d
1ff334f
1eead30
0098496
1fdb2fc
019631f
0174866
03b9d70
1c52fb8
1fa1fef
1e04a26
0094881
01683c8
1ed6620
015ca0e
1c81c4c
1ddbfd1
020f441
00f59b7
01693d3
03880e4
1d879f8
1de329c
012aa64
00588f3
01f3295
1d66823
03a9b50
1e0480a
1eb0818
1ecdaf2
002e5cb
1c1fa85
0021d32
1e401e2
1d58e49
00e8c25
1f8ac64
02dc2d2
1de03cf
01c143e
033e3e9
039b52c
1c44b7d
0321d22
02f5064
02d2234
021799f
1e98d85
01ac841
03940ff
03768fa
1ce9a4c
0312811
0338969
1c67e37
1ccc566
01cca3b
0235d6e
022120a
002874f
1c653e8
013aa0e
0042a6e
1df6bbc
025cfd2
03bb2bb
1ec1b36
032fb2c
003ad69
1edda18
1e8524b
1f63919
1e21b4f
01edf4b
1f5f229
1fd7f3b
1fa233f
1e9e306
01ed1c6
1d747e6
1dbdcad
1fcaccd
00d27f3
030c183
00c9ac2
1dc03c0
1f66afe
1f38981
039674e
007de71
1d43e26
03fcd0e
027279c
1fa190b
02ca8ed
017cec6
1da5cee
1e85c48
0042cd6
0177343
1f1037b
1c9c3be
025356f
0271df0
00127ad
039d6bd
01c03be
1cad0a1
0353902
1d32ddb
0159b87
028cd13
1c6e7b6
0107111
015e106
1f242a6
1fc631a
1d0d33f
1c8fba2
1cbe6dd
1e40468
0190cac
014eec4
01bdb71
1c15400
1db077d
1e53212
1d770e6
1d17d27
01c91e6
1ddfcad
1e69508
1cfaa58
1cc3759
1f00a83
01ec02b
03a5223
00ee64c
1d8aa64
1d9264e
1d8b540
0199bc1
01dc288
01c8657
1d357bb
1c08bde
1d69353
1e0cdc2
1ef27ff
00888f5
1dbac98
02ca615
03e68f1
03d5a4d
0071049
00d0d55
029251d
1ff2742
1ece209
1e8c9c6
1f7bb99
00a142b
1da1533
038a340
1f9e207
1ebd559
1f9beb5
1fcb6db
1de423f
1ff4be8
1f62f70
1c27dd1
01c6b61
1fefdfe
02d80de
1fa44e4
0182f0a
011069d
01760d3
0028d03
029ac7b
1cf4a20
031943e
1c968ce
00f3ec6
1e9a79c
1c670eb
025bd48
02b6a60
1dc0b9d
00b1d8f
1e86840
1ee00f0
1d426d1
1ca4c9c
1d106c1
1e2e50c
0077809
1ff1997
011ce2c
0209904
1d201f1
1c3d375
1c3c1d3
012910d
1fd7106
037bf34
1c2b5c5
1e32603
022e3ca
1d75ade
02e73d8
0389bcf
014a527
1dff351
037c958
1f9728e
0258ce9
1d6aceb
1ea4bc5
1c3a220
016d32f
1c96901
02e144e
1e05043
1f46854
1d5eb87
0391346
1e0bb71
0129f41
1de1ebe
1d16538
1f439f9
1c9651f
0019012
1eb5875
01d1448
016379b
021f858
1c3cfa8
0255f6a
03860f8
1d1493f
0339c03
02f6169
1dd07b1
1ff9aba
018e06e
02654dc
1c4e768
0087856
002f4cd
01dc11a
1f60c06
1c5d7d6
1fc7f6b
1d6f7f5
0189f64
1f8745e
1c8e091
02c2fb6
018a8df
1d8c5db
01f1e26
01ae594
1cadfd7
1cf1602
01768a2
025bb11
1d45579
01c90a1
03ed115
1e52728
1e4e2bd
1cff6a9
1d26bec
1f43936
02ddaea
02a27e1
0089bdf
008bc13
1fbe6ec
1c04eb5
1d1aa95
1c69759
1c4bbb1
020fc93
1db1f25
1d5b007
00e5f0a
1c0ef3e
02c1b93
0154c53
1d030b7
036588d
1f678c7
1f6a9d1
1dcf927
030efc7
01459f1
00a008d
02a73c9
1ff77cf
1ca274e
1e6c108
1eabeb4
02f5419
01de189
1dd4f86
02d684f
03507aa
02a5638
1fa1a61
1e96ca4
1df2c57
1d45b37
015173f
1d9c81e
1e28174
1dbfb62
1cb726c
1f1dac9
1df1325
03b5283
1fb13cc
0326bbf
1f83b0d
1d615b1
1d03f15
1ef8a4b
008e7fc
1e7bd39
1e7a635
1daebc5
03f14b9
1e967a6
03dc730
015b4db
1e00cfd
1c047fd
0332f28
1e4220e
033ce55
03f2721
1e530d5
011e262
003eb60
03ac588
0212215
1e90f08
039b87a
026e3cf
01c1e9c
00631c6
1d198c0
005a160
1c584ef
01a69d7
1d045dd
02f4c17
0061331
01a3103
1dac619
0194e90
1cc7d94
1d25091
02562ae
00296ee
002bc30
034c175
02806ee
00f952c
014d6d2
1ca75fe
1fda5a2
1d15587
1c46f5f
005227a
1ce8086
1d326b1
00a4259
0014ce1
00a2518
00f9174
1fd941b
1f94786
004314f
024cd5a
01bdc94
003d040
0047816
1ed3bed
00d5e79
1fc811f
01409d9
1e50eb6
0100a53
01f9859
1ffc327
1f411ad
1c70df7
1e91aa0
1cec769
1e29f32
1e456f3
03bc836
03d78ba
024a524
02a1b98
0331a86
1c483f8
0001e62
1efcfd8
005327b
1c85eed
1d9023e
1d809e4
038eb78
02a7715
0374ceb
03f4513
1c80f18
1f41963
03a6bb8
1d97d38
032330b
1e1ab23
02c5b74
0001ace
00a7333
1fa6e3a
03f46e4
1ca787b
1f60ef3
03ad8d9
03e41f3
1f3180e
1e85dd7
1f58a1e
017f7a0
001bfbc
01d9ec1
02f1976
03bf700
017f53a
017715c
1d95919
1d46001
1fa7c77
00c1f89
1fb38cf
1eb888d
1f744de
1f34e97
02c8c4c
0291182
01d6287
1fa88c6
029945d
1ca5bd1
1db8df4
1d0b2d1
1c430e8
1f004f0
1cc00ca
1eb0a57
009aa3a
011258d
1ef04f6
1d4f506
03cee5a
1d87924
013bf8b
1c99297
015f0ca
03c2e52
1e36167
0307d86
013df6c
009f22c
0267ddd
02b1cfb
00023d9
1ce809a
1e08c40
00afc96
1feb9ea
0076440
01502fe
1f232a6
1e5757a
1ce7e04
1d4e4c7
1ccf5c7
1c13405
02bb50c
0091ee0
1ce4d3d
1dae801
022b50c
01104d6
1f75f03
01dd546
1c207ed
0251feb
1c3ba48
01a17af
00e96fb
1f25716
0024870
00227dd
01eec41
02a648b
01e8448
02fb400
008a3b2
1c08b74
1f349c7
005274e
02cc628
1e0d86c
00fbf97
1c57da2
036bdda
0172ba4
026ddd7
1e36a1b
0183c2f
00c54b2
01dcc46
017322f
01b8d90
035e237
031db17
1cf00da
1d607fb
1ef72e0
0037b5c
1efb268
00700c9
00927a4
03c5768
037acc2
1eab250
1fc453e
1f575f5
030c1e3
03e68c5
015d57d
022636b
1e5800f
00da074
02f8a8b
000e4fa
026747a
01d60a1
0244652
01723a9
1dde74d
0067e54
1de8e43
1d7dfeb
01e7e3a
1c40390
1ffe96f
1f0eca7
1fec0c6
1ce47a7
1d0deb2
1e19361
1ef153c
015596d
1e29489
0385358
01bb225
1c2463e
1ca7214
1f34724
1ee9bd2
00a0fb9
1d6b78b
01d684b
00eecee
038e3e5
1f89966
02ba365
1e2f18a
1c7fbc9
1dc871c
1c12fd2
1ce59cc
02d4121
00aa7df
011b9ec
1f5b653
1e7b67a
1c13813
00318f1
01e79b8
1d44aa1
02b59ab
1d402e0
1e17174
1ce2e91
1ddc245
1f723f7
03f4cc6
1e5435a
030d811
03d2a2f
1e70b6f
028c033
1e742fb
03b0098
0244718
0210fc1
1ce3cf6
01c4b35
1d05518
029cf0a
0048202
1e144a5
0321740
1e00ff6
03ef9fc
01f88c4
1f369ec
1fe65d4
1f4d76e
03fe88b
0239e47
036b18e
032b1f3
0323dc9
01d38cd
1ccf854
00fbd94
1fbf940
03e6dff
03b8af1
1d60b64
1e7c5dc
0394c1b
1e6a3ad
0065863
1ca952c
1f7b60a
1c748c5
1e82a33
03fbadf
1dd9549
02f33e5
02d9b19
1ecaf7d
01a5b12
1fea809
1eda5b6
02bef58
0377acd
1d9ba73
035567e
02859b0
1c01728
1ddd0df
000aa54
010d069
1e18b02
1eef251
1c825c3
1decf69
033d4fc
01fade3
011efad
1fe7cfa
035d4b7
1d3cdfb
1f2b49c
1f0fd8f
01b5cda
022688d
01d9557
1dbb438
1d2f57a
03ba8b3
03d7cfa
0248571
0319972
026fc27
1ee19ac
018c1d8
1ea8c27
1fe1233
021bacc
1c27531
012af4e
1d77dab
036b000
1e535ce
1ce36d2
010b2b3
00b8338
1cb5c2c
0201a7d
004ea4b
00622ba
1e2e9b9
0330a94
1dbacd3
1fe1f4d
000a4f9
1f9c418
1d7e18c
1fccfe2
0335601
01ca4ee
1d03b74
1c61bc9
0065559
0339a12
1dc4778
03af93b
1c82a34
1f08df8
03cc586
1cd9063
1fa980b
1e699f0
03957ab
1cc5be5
019dc93
1f8b12b
1e54edd
032f7b2
016d375
1da81fa
1f991d6
1feb294
0233725
01f81e4
1eefd69
00afac0
03c39bd
00596c7
01d38aa
1f621e2
1d6960b
1e87aea
02dcf46
009f372
1f3ed72
03f69d9
0005b09
0214587
015a9d3
1cb788b
1e87d0f
02d87b7
0098c16
1ec4f0a
02a4267
1e645e4
1eb7772
028f150
1eda5ba
1e8e8ad
1cbb317
03950a6
0120e24
1d9165e
1f60df0
0253e8f
1eec8a0
0204653
00de17a
1f6ae39
01e3c11
030ae96
1e79f2a
1cfcc2e
01f85fd
1ebfa1f
015e00e
01fa76e
01a8d77
1c1e579
1e00d11
1e72aa3
1e86a0a
01612b2
01b005f
02ac718
016b519
1ec7ca3
1e73277
1f334a0
1d3db59
1ea9b3b
1f55071
1f7c309
03bd4c1
1c0a492
1ccb49a
025168e
01b30c9
01923a6
00e00db
1ca5db6
01e6d83
1cb40fc
1efcfe3
1d9b12c
03cce83
1e9db38
1d27d68
1f1bd71
00872fd
021a719
0167d75
1eb31eb
0051e97
1ec180f
1d44177
1f16de3
1c3e734
1ef3b60
1ed6907
1c1cf3d
023a22c
1fa9baf
02af302
013833d
1f1ce52
1c20023
1f2e298
0283748
1f0afb9
0035c69
1fa4c5a
1c80879
011e2f6
1ddb9a9
1c66157
1ea9efd
1c009ac
0097d5d
00b2da6
003d40a
01edff1
1cf1d42
1f29911
03d4134
00d7025
01665a5
00de6f6
1c412ed
1fe0e7f
0066f8b
034d93a
02c2e47
1f31fcc
0281fb8
017bc2f
1fd006c
1f16432
1dccbea
01f0653
1f7744d
03fa667
02c6bd5
019bda9
1e96d3b
1ce1463
010f5de
00892e7
1e4e96a
1c87d14
004ca24
02ddc57
03ddaba
1e0e642
1fb1838
1e86f76
00132f6
1df4705
1c5eaf7
1c9db45
037cce9
00df2a8
00a6e72
03a312f
1eee311
005f138
01a63fc
1d2e585
1d9b769
1dd743f
031e4f8
0040b14
1d367dd
1d58521
1f11da8
0092c5c
02962fa
02e9f5b
1e7660b
033c6e3
1fb342a
008871e
03d8729
00ac1a9
1f1f539
00a648f
035b8d9
00485b0
1d2b52e
1e5dadd
01b1438
1fdf88a
1c715a8
1c228a3
1ce4922
1fca1f8
1c9cfb7
006ba73
001b8f7
03bfd9f
1dcc2f6
1dd1034
0015141
1cda2c7
03ae932
1ed2cd9
016a937
03b1fb4
01b43db
1e5f9a5
1d8d451
0327fd2
1f3928c
014302d
031fe8d
028f83d
016be27
1d2a68b
0284419
03c58f0
03128b4
02f59ef
02cfcb5
1eb53c6
1ef1091
1ce28c2
018e7ea
1cbb45c
021783c
01570b4
0114aa9
00c5fc5
03d23e4
03087dc
1e51a8e
1e7c7cf
00ceca5
1c86663
005e296
1f421aa
00b8d26
01557a9
1fe57ff
1c7ad36
02d725d
0258ba0
0385d51
1d0547f
029da1c
02a19c6
1cdcfa6
003149d
1ecd6fa
1df47c6
1f8ecd8
0053b24
02b5600
004fb8d
039ddf0
1e9929d
1f2709b
0329153
0253f1b
0175694
1c40216
0045ebf
1de22cf
00a5b90
0008ecf
1cf9c01
001818a
032d01c
02c5471
022fb45
1cd7a5f
0029c16
01d68c2
1ddbf88
1dea535
1e09890
0332535
1e24997
1f6d9eb
1c089d6
1f2ef0c
1de13cf
1d847be
1f66074
1d853cc
1f74ef6
0212d99
003bf34
1db2f55
02f4890
1eb9ba3
1d4801d
1c181cd
00bdf51
0343edd
02752e1
0215143
00efd7c
00b392f
0357eb1
001eab8
0147cd4
01623c9
1e3e8e9
02599cd
015230b
012b120
1e4e544
03428dd
1eda458
1e75646
02a3029
1defd73
1ff71b8
1f9d94a
0259566
1f6c891
0280ce8
1dff5e7
0347dce
1f4b3de
0004f14
1c0587c
03b97c9
018342f
1ec56df
0212a66
1fdf8e5
0327aad
029f3d8
0218cb2
02b1378
1c4070e
1e76bdf
1c1beef
0093546
01b16cb
1df19ce
03838b5
1d3776c
02920a4
01a1185
1c4cd51
1fe0e85
0021445
03d183e
002e0c9
1fe350f
037cbe7
0149c2d
1d7449d
1ee297d
1c70e68
0081b28
1cbaf5f
029e79b
02e09f5
00e2915
1c8fccf
1d46f9b
0227813
01c2434
1d0ece8
01a3ca4
0360ccd
1c2ebe1
1f7cbc1
00134e7
0132b42
017bbb1
026f931
02eeadd
1c60231
1cb698c
00826ce
03fea9e
1d191a2
016f67e
0119d33
1cab10f
1df0de4
00d3b90
03f4d84
00c8967
1f3ce14
1d7bd2d
00d6f80
1e893bb
0256d8b
030ec5f
1fae460
0181bb3
1f9531c
00e83ef
0293ec1
1d18af5
1c7d733
02245ac
01ad5dc
0101a88
03e5ae2
1ea4675
1fae571
1cb4860
1eaba4d
1eb666d
1c5485c
0323dc4
023d47c
022bda6
025426d
1ed0fde
037ffd0
1c8234e
1d6a48b
0120405
1c802f2
039b5d7
034df6d
02c4dc7
023664f
1ddff60
03165b5
00b665e
1fc06e6
0144828
1e70a98
1eb3f7a
1c49f75
0035ff7
02e6d5e
004f7dd
1ddc98e
1f33e50
1fb173b
00741de
02d547e
0060931
0144e8e
1ec2c2f
1ee5530
017480b
0094eb4
1f0a5a7
1caa385
1e892f5
01ef4c7
03bcc7c
02a0529
1c509f1
1faaec7
0384ae6
018805c
1d0fb02
1d9096e
1f4e3f9
00b37b3
1ed74b5
1efe888
1de4c0c
02c4498
1df59b2
03917b4
1cb19cd
029d75a
1ef19db
1e0c54c
034d3b2
039c348
0127a20
02bbec5
01d4a74
030adcc
1fa3c75
015039f
1dcf0a8
1e8b6cf
1f6c4ef
037cde7
025b61b
1d8e527
1c1c0e3
00acf85
1f60a4d
1c79c3a
1c36714
1eb8d27
1fbe626
1f43bd3
1faff9f
1c9f440
1e6f361
026c3d9
0259192
1eb8b28
00e61ee
1d3fd30
001baed
03a9cbc
014a78c
0015476
00789b5
1f78264
03c7bdc
1e3a32a
1d6cc03
011f088
0088e82
1d54b48
1c80e20
01fb456
0189a2b
1d219de
1e2ff29
1c5d18a
1d75998
1e7e294
0131085
1f5020c
000209d
03572ea
019e09e
02fa189
1f047f1
01447aa
01ec4c4
1d123b2
0216f8d
1daa7c5
03af671
01ac899
01d7e3a
1fe6daf
1ec1316
1d04ec3
03bd05c
1ca7dca
028528c
00e7847
1e38c26
1c21d5c
1fb9b16
00211ef
1e33fe3
1ead327
1e48011
028d0cb
002cf31
023b346
01bb8e4
1fc4319
1f5cd6c
1d7fe6b
1fc1f29
1ce4605
1ef99d7
1fc95d8
1d8a91e
1fbb4eb
1ce8419
1cc0948
1ca4624
010892e
1eaf817
025fa5a
1e959c4
1e4e712
029f9a1
1e95f2f
0244118
1c4275a
034a80e
1c16a9b
029c20a
031760a
1cbf127
1ff9338
1e0c262
1e38f23
1fb2ba9
1fe5c0a
1f58433
1e31547
015c4a4
1f3fbcd
002f3ce
1f4da42
030b723
1db7dfb
1f91365
029d35b
03280ed
1fc6a04
1e5d4c9
027d1c9
1d58558
01e6367
027f854
1e3e3e6
03dc3db
1ec1966
1f09ff8
0007b8c
1d7dcd1
02adbbc
1d69184
1fe65ac
1ead1bc
00941a9
01b8fa0
00f9663
03c9409
01ea480
02b753b
01bd7fc
1e209b0
1eacad5
033aafb
1f6271a
01c39c9
02aa6d5
0364e65
1c9f558
0074048
1f05aab
1c55e95
03315d0
031eb16
00712fb
03c1d64
1d59519
01ebce0
011868b
1f1e5a1
01384a4
1e64406
1c4a098
0389904
1cf15e1
03b97a3
1dbaaa4
00017fe
1c4878f
1e4c42a
1fa7bb2
014b813
025ed36
1ece6e8
0174d49
024a926
036fa53
02076a1
1d61276
022c766
1c571c4
01f0eef
0239067
023515e
02bc1d5
03f465a
1c9cb0f
1fbf257
0035801
1e2fee6
014cc39
00bc3d5
1f75474
1d00c45
1eea81f
1ced749
011704e
0261838
038b55d
1ec21e1
1e8bb8c
01e7a11
03fdfc6
009cc9e
00c6ce7
1d69f93
02ef54d
0231d03
0268310
00404c1
1f8c3ff
03c3b71
032cdc8
1e15e84
031c477
1cfa728
1f6bcbc
0036ab2
0221d2e
02324fc
00cac70
039e57a
1e2baf3
1c96655
1f80d79
1cf3450
025fb71
01803ba
03320f7
1c44f81
1ea154f
02d0728
01a312b
1d8a3b0
00346ed
017d06b
0289333
1d5aec7
005302f
01b6700
1df9986
03200dc
1d39586
036460a
1e13ae6
1e683ee
1d4f78d
1c4dfd3
0052fc0
0259c60
01e1a55
013c057
02d0e41
1e6b5af
1f521ca
1d279f1
0347d54
1e4036f
02bcac4
03e6744
1c36672
0054447
0012ab4
1efb844
00868d5
1e21386
03ed36d
02a6301
00b7731
01103dc
1d8a24c
01d9757
03dcc20
011c57c
1d738ec
00f2815
1f6b9da
1cafc2a
028efe0
1d51ff2
01e97af
02450eb
00d1873
00d84aa
1d60cd3
1e019c1
1fdface
1d2bd9d
1cd8377
03f5e36
027535f
009881a
03abe9a
1dda153
00520eb
1e29f14
1c14664
00f393c
036ab20
025d94a
1d679e3
0323821
1e398f2
1f18171
00fdff8
1d37f30
1eb5108
1c31796
0348469
030538f
1d25ac8
1e36b41
1ede0f1
1dc45c2
1cd3c90
00e8ab2
1cc58b5
1d83d19
1df2032
03d49c6
1e9857f
007b614
01ebc7f
007c8ab
1d21908
027c5e0
1eeae8d
03d35ab
00af6ca
1c0622d
1ef1966
1e7bce9
1d36033
1d77fe5
02845de
03fed27
01a73e5
1f7e891
0119c2b
039e9b1
00c292e
1df2449
0387264
00256b2
000daa8
1c1a31a
1e8cb2a
024e8c8
1efc55d
1f7dbb2
03d3beb
0189f09
0024bb1
1fabc65
01b74a4
1fe9211
1da7d6c
006a17e
1d514b1
018cbed
005a034
1fe6bcd
03c5537
1c1a0f1
00be0a3
02c0ed8
1cba7e9
016d078
1f3369b
02c9f80
0331ed2
01f57ae
0214c30
001318d
01ca5bf
01e73c3
0042e73
01ac10c
1cae11f
02f10ed
1c68ca1
1f9a7d6
027827b
016744a
00a454f
0214e3d
0364dfe
1c53f10
1daa562
1d314ee
1fe5c19
027a9f5
1fda7cf
01c0ef6
015c5dc
1e95c16
1fbb422
1c26004
1f6c8f2
036b409
1f4d61d
006ec30
00be763
1ece51b
1de73dc
1ef966a
00d5d13
1f59a59
1ceb94b
1d15959
035ea35
03172be
1c82166
1c15f5b
1fbd84f
1ea0dbf
00e3864
0251df9
1f024bc
00355be
03d9bd4
1d089d3
1c17fdd
0003063
1c7ca15
0195061
1c04115
1f0d649
1f309e1
1de956e
1fce897
009e5d3
003bd8a
01d469d
1d104ab
0067b98
1fccb7d
01146ac
02c5ba9
1ef4cbb
020a4e1
02593bd
02dfe18
00ee5d2
00101c7
03975fc
1d76476
1ce160e
0220caa
017b243
02b713d
1c1f650
1db79ec
1e5e432
1f5b06e
0128f6c
1e0e087
020416d
0378717
1ed5058
003fd9f
024c817
0357d88
022ce7a
1d21ea9
036c4e4
0131deb
00f987b
1f62f64
1ffa9b4
03f668a
0347d9d
1ee5277
1ecbe1f
1cfc4fb
1c8ff2c
1d696a0
1fecb4c
1ef3c29
00da14c
1fe9d81
1cbafbb
1c155c7
1f5d6b3
02806ef
1c68028
1f628ab
02f0d3c
1eefcd9
1ef4b59
1f13c93
1fe7c30
1e09d5a
02d7dca
03ed6d4
006017e
1f425f5
1ef758c
0365568
0187a85
003beb3
1e17a1c
1f89cbc
1d9c9b6
1e40ae1
1fb0a0a
1c30084
1cbc0cc
026951d
1f44f48
1ee510a
01d69a7
1cb7c62
01d0da7
00bd90b
03aa015
1f0a35e
009958f
1e6ae8a
1e60940
1f659e3
1e5a172
1e3b50a
0221402
1ff1939
0309c8b
1c1746f
1fdec6a
0364406
0118016
1e0b4cd
0299de5
1e07cc6
1e17a8f
1cf3cc8
031c258
0284991
03e931a
1ee961a
1ee11df
1fcf771
1ff9ac5
1f4cee2
0391fec
009780c
1cf5c36
1e90039
004fbe1
1daef1d
024d6ef
1f23e80
1d24e07
1f26c64
1dd103b
02bb12d
1e08487
1d8b08e
017affa
1cb8e4d
1c4eb4c
1eca081
1dd163c
03a9540
0258a34
00ad1f6
1c441ff
012eab6
1ef8f77
0361ced
00cdf32
027bf58
03039f0
1d89473
00334bd
1c3fa9f
1e22df6
03bb900
0079136
1c2564c
03c16bc
1cc7027
0058127
02a30da
1ea941a
01654ad
02aad8c
0039f9b
1cc7fc2
1e14498
1cabbfe
1d29ee3
01baa4d
1d39c7b
1da23f7
007c393
00dae35
1d9578c
1cfdd9d
0118415
1e1cf5d
1d10735
1cf29a7
000ec3e
1ef6564
03dd33f
1cd0b6e
0168d6c
1e6e7b1
00eb12e
004538b
0311e10
02920ab
1f7d0af
1d751ff
1cb7fb2
1fbc248
027ba0d
03de2e2
1ebeecc
0077cde
0275270
02c7e93
02a5d5b
1db39bf
000f82a
02bae57
0003a2c
1f16f91
1f9cf47
00a1c9a
1dba15e
031ff85
1ce96e2
01f30d3
03ccbd8
1da4278
0292f0a
00d252d
002545a
03cfd5a
1fff2e9
03ab18f
03d5186
1ee3ee4
1e88e8d
0112027
1c30b69
018bc3c
03cd614
000e8fe
1dd1b3f
009d7eb
1c8ebfd
1ec0296
1f888f8
1cb62c8
1eebd2a
0128c53
1e27db1
1e64d43
0238465
001bf1b
028f38a
026126e
01d90c1
022c784
1d2bc9c
00ffb43
03b0295
035e51c
1c59dbd
1f7455a
1fbbd6b
1f00af0
03f1d1b
02fbbe2
1e21ac4
1c9e94d
0325b32
1c2cc34
0024bed
1ef50f1
01b80e0
0042d94
0323111
0372fba
013ec65
1ee6c37
1c9cd52
1deb125
1db0d18
1c99209
0074c2d
002ce70
1c39b34
1e640c8
1d93a24
1ce61f0
1e23938
1cacdcc
03bb203
0074abe
1f8778a
1c0b856
1d1a020
00e2a1a
1f04a26
1e21114
012dfc0
1fab715
1c67575
1ee2263
1e91764
1ec841c
1d0fbc4
1c707e7
1c587de
1c96366
00c2cbc
021514e
0194d1e
030104a
1d93698
1fc5f45
033adf9
1f15e6b
1ca11a4
1fd8b70
1e7de7e
1dea297
1dc1a78
1dc9c78
1e8567f
0028d04
02fd3da
0382a44
0313dc6
1c341f6
0063a6d
0179e85
1ea2072
1df931b
1e209f3
1d291f7
1ce2760
030657e
1c6f0ce
0034f40
0283213
1c1145d
002c659
1e7ef98
021bd6c
028ce2f
1d16f68
03e8b8c
1f1d275
0083b8a
02b6b4e
00e01bc
0027c5c
008a49b
019f38b
01006b3
03e2b8f
03b3ee9
03b6970
1df7e6b
02481bc
1f0c834
01424bb
039f0fd
01ae6bf
02fd952
1cece40
1e84357
02e3a78
00671a1
017fd02
0321d83
0289a94
1fe0977
1c6e8b1
1f09555
035fd85
1f7e88e
1d6d655
1d90ecd
0007e6c
030c44a
0296939
029ba29
03c6630
1e89846
02ef564
1e5c1ae
1ed13b2
0297255
1e2be92
1c5700a
1e299c0
02c931d
1f19154
027ed8c
1dc59ec
03c810c
1cb454b
1ead7b9
1c95466
0180839
004adf4
01c4b2e
1f8804f
0350fa9
0270b32
01349e1
1eac396
1e08405
02c94d5
1ca8d29
02cd0e3
1d647cf
1e1d99b
1cbce32
01c3f43
03013d1
1eb89b0
012228f
034d0bb
02f3f47
1d7617e
02b34f7
01b17c3
1cb137a
0138edb
1c89225
1ea456f
1e9beb3
014d081
1c75932
1ecbe50
00f6e98
1d4fc78
1cb8d67
1e7a2bf
1fed904
1cc87e7
1de5f15
0207960
0229b2d
0343ce2
013792b
0240efd
1e9bdcd
0343b70
014775b
1fe8b75
1e29e27
00aa6ad
1d729d9
0285fc6
1fedf7e
1da92c3
1dcda27
0198641
00c3041
1f8cca0
009d02a
1e89448
03d1a02
1d859d0
02c16a4
1e5f896
03383dd
03ec20d
03e7c29
1f2c1d1
1d4910e
1cfb3b0
000ea5b
0228adf
1efd30b
1ca21d5
02eef0a
01d14ab
1fbd065
0257cbd
006985f
1f64948
1e9dc03
1ed1211
1dfcfc9
1e7ef88
0196902
1d68ecc
1cf273e
1faef02
01c00ef
1e9b32e
01f8c79
022e4e9
03d7df6
015ddae
0110eb4
0301783
02cdc45
1cddc82
1d1c85b
030c67b
1f288e3
03b6737
1cc664d
1e76ea3
1e6d552
0208730
02daa39
028866b
02a3510
1cfef26
1c35bb7
1d3cbfa
1e2602b
1ed4bda
1defa8f
02224c5
1d7f3b8
1f08095
1fc3d87
1dbc603
1da2d5a
02ba2ce
1c4b21f
1f27f0c
035ea08
039ba56
0023a69
1c5cef8
1ecb926
1ecf93a
0084da7
00dd08b
01db494
1fdb5c5
1ee32ee
1d3bcc2
1e6e28b
02149ca
1e34eb6
1e79c53
1f2fa88
1ea3373
1c74f51
1ddd7df
1fca37f
006766e
0294756
1ff6d4f
014a4b1
0276a4a
1e6ee9c
0247a63
015c032
0025b64
1f8565a
1c5a3e0
1c3c128
0394d86
021eb05
014bb2d
021b68a
1ccc118
1e4ffb1
0230ffc
1d09ad8
1f5ce3b
02e9acb
0018c71
1ecba52
03a7c49
013594c
02752c2
0313d13
1c48faf
1d8622d
1c70898
01ad9bf
02535e7
1f99f2a
033554d
1c99d63
0358885
1c2a3bb
1ec9bd8
1e61c49
006c691
1e9f8c2
1c553f7
1ea2d60
1dc7697
01d3a76
0136809
1f9760a
1d88310
0109f6e
1d96063
01be029
1c992fb
1c0cd90
1c7852b
0358d7c
031fc34
00c1430
0044fc7
1c94200
1e6293d
1c4930d
1e171d7
1d9ee51
03584c9
000ef49
1f08c62
1da8ba6
1d644e1
1eccd13
1f7a74b
1f6f166
000bf2a
1c41dfd
1e6b726
1e2d3b9
1cde4c5
1c1102f
1e6cfcd
01602b1
00056b2
02bba35
1f968a5
1d4fb99
0398c34
1df7564
1c5b5d5
02eb4c1
1e9da08
031e08c
1edcbbd
1f680d4
0230ce3
1e043ca
1d0054c
1c136f0
030a99e
1deaa55
02ae4aa
001bff6
016f3ae
1eed669
021db11
00cda7f
1fa6d97
1deee42
1f5f4a9
1dc41f8
03910d1
1e61e10
1dfb405
1d7f639
027cd93
1cc974a
029bf30
1e34bfc
025f20a
03760fb
00816d2
02dffa5
1d0b0fe
01a4502
00b9303
033726b
1f3f2d6
01f7364
0012894
1ca4ae3
0237246
03e5502
1fe735e
1f55de8
1e63254
02fb0d8
021f265
1c9b9e1
1d94272
1d88355
1ca3644
1f85f8a
029fd62
0375678
1ce1144
1e3f902
1f6998c
01d912a
1d373ad
1fcf5c5
1d7d11c
00cf6a9
032b892
00c1dc3
1d50e51
02c370f
1c33a1d
0220abc
01dcd8c
011e5d8
02dc490
1cd4141
1f90b96
02dce9e
034e885
1c00ccf
01fd64e
1cbd6bf
1d83c98
1cf1c39
000d24d
03ec50b
1c4054a
1fe5f8b
0156763
1c2e4d5
0063733
0154f4c
0179fe2
00f86c7
01201c1
1f76405
1e9388d
02d64ec
1c7dc9f
02f56b7
1dcc1d5
1fccdf5
1f74598
01c6a27
1cb315d
03f5400
0214656
0047ad5
1dbece5
02e87f7
02f55b3
0095b5d
1f6b0de
01d63b7
0156e69
013bb7f
1cfe724
03d0054
0267b6f
00c31d2
1fd0e33
03c5e9a
02e3505
1d8ee36
1f7b907
1e6b4df
1d3357c
1c828fd
032f300
1e3da36
008c8c2
0108f2e
1d5adf1
01f7cd5
1f656cd
01ee20a
0284d85
014d24b
003395a
1eab118
003c12e
1c39b9c
03b9350
1e56998
01db654
1c11515
1d1eb94
1e0b27d
1df3384
03a29f6
1ed5fba
03eb823
1e571aa
1e53519
0182f97
1d519e4
035379f
03a0535
0235ebc
1ea272e
017195b
00bdc89
1f81831
1ca0c9b
1c0c481
0031a0a
1e96958
03f6508
03fb546
00fbe5d
1cc854e
1dd5ddc
1d4208e
1de737f
01544cb
0170028
1fdc29f
1ea7aed
1d2c93d
0162dbc
03d6ff7
1ca4284
014d13a
0162255
0399305
1d3a46a
0312a7d
0352dda
1f3fb3a
1dfa09a
01ed575
035aa07
0379c1b
01ee135
1ddea75
03a7b71
01a6a4e
0039ce2
1fff51a
035fbe4
020eb28
1d88b6a
1d2c4b8
1cab965
1ee7e90
012910f
00ffe10
02f56e6
03c8393
1c97288
00bd10d
0390174
0090ed4
1e6d042
03e1fe9
00edf8c
1d89c36
029b0f5
021e092
00f689f
02b45aa
0260c45
00da738
01ce149
1fca792
0300b4d
1e7b5fd
024eed6
1e94fee
1cd6ced
1cfad29
1c86194
02a4126
001ef23
1ca38d5
1fc06d1
01ad078
014870b
0279fde
1f3c6b5
0393a09
00f80d3
00c0d8f
009f595
1ed96fc
1ed418c
01c436e
1dfef7f
030b742
1dbe930
1cfb63b
01c4af4
0222730
1f253fb
00566bd
0081ec6
0181514
00f122b
1d98ea5
1fe8c47
034df67
0221f9e
02dd83b
02f5f7f
1ee58b5
1ef80d4
1ca9e68
016bfbd
1d62564
1e92e38
1fd4aa4
014e7d3
013a45e
0216398
1d21600
014cce7
1d95880
1fad574
007079b
1da05a1
1d45dff
0297c24
0391d83
034b55d
01ee6cc
1ce916a
1d4df01
1c1ea83
01f3ff8
1dd6555
01e2480
1ca51f7
1f71da0
0032c7d
1dd3c7a
1f94340
01cd07e
1c321d3
1eca38d
1f0664e
034c0bb
02a1fae
02ab83a
1d3ba32
0178042
1ed89ee
1cd2af7
0243d9f
1d03ca5
010ec88
1dcef9e
0190081
1f0f34e
1ca9442
1e72c65
011ff64
02e2558
1c8aea3
0212ceb
1e792c7
1fdfaf6
1ecd7b3
1ebe649
1f73a94
1e0c887
1f95625
1d0783f
0219697
0398cfd
00dfb3e
036004c
1d90ace
1e71027
1d8c275
0063f12
1d2d7e3
0291e1e
038a14c
00d82af
027122c
0245380
0043a78
1d61a5b
038954a
1ded652
03be387
1d82593
034a3ff
1ff2cd9
030a583
1dff4d5
1f6a9e9
1f05d4c
0379f4e
1f1d686
1c60423
1eacbbc
00d9037
1d2d843
0252585
1f661f1
1eb110b
03675d1
1e6fcbd
1ed3593
1c9e326
0319302
0296435
1d7f3b5
1eaa871
0011809
1e2c713
1f854c7
1dccce9
1efa705
1ebedc8
1dd315f
1fdf810
1de0464
1eaaecf
02ecc58
1d890cb
020eade
1dddf81
027108e
1c7bb18
022cb96
1fe0594
02f502a
1e9d879
1c86782
0350608
1f04bef
1d3498d
1edb3e2
1f1449e
01f83c5
0055885
020ea89
1f7e863
000f522
1f50eed
00e1ca8
1e8b52d
1e72acb
00f152f
1c519ed
031d4ed
033a5b2
1cfb8d6
1d0b05b
00818a4
02eef98
1f8213c
02a7cfa
00c77f8
014e2a7
001eb91
0065097
1f2fce4
0061fd9
1d664cc
018f065
1d2f7af
0299768
1df972f
03db83a
0221a7f
02e14f5
1d64e52
037abdf
1d49605
1ee0990
00e3045
1d10fd3
021f3fb
1edb32e
008943f
03172ec
02a552a
01ffabb
018fdc4
039114f
01d7771
0152774
02d4f16
03646c9
02f5229
1f7f2f8
1c99e6b
1cedd34
1ebf050
1c572b5
03422a1
1e8df72
1ed833d
1d452a4
0323a79
1ee6a74
1fe97b3
03c3cae
1dbccb6
1ebd028
023575f
1eed570
1c800af
033cf3c
1ccf3b6
03b471f
01f8a55
023aaf3
0363de8
01f2e17
1e3b5ca
01b527a
005ef3b
1f092c4
1c438d9
1f20a9c
0296536
1cd49a3
0297f50
1fdacde
1f85ea7
0167043
00483ba
1c0727c
015b38b
015172a
0152143
02e6400
1df4910
015c68c
0138e8d
0133752
1c4183d
1d1de68
02b526d
013920f
026042e
0125d7c
0122df8
1d9c591
03dc27b
1f4129c
0260835
1c95b04
03ee51d
0167dcf
1fa83a4
1f7eaca
1cae485
01085a9
027a006
009984f
1e24214
027f26d
1d76f22
0320c9a
1ce0863
02ba8c2
1f9ba0f
0264111
1f94406
1ffc16f
0061acb
1eeeb18
0306d8f
1e67fbf
1edc001
1cab945
1c37cbe
01b138c
03ae0e7
1e3f995
01b317b
1e0af25
1d46930
02304f7
1e4b0c4
030bc43
1fd540a
1ea8f78
0047562
1e17aaa
022a06f
1e44344
1cbdaa1
1dfe8d5
1c68f5b
1c68d6c
025bf23
1ecb72e
0338082
018c069
1eb83a4
02b9d6b
011387e
01bdc09
000fd65
1fbf1f5
1e4fb2a
000b38b
00cbee5
020e52f
1c04171
00efab1
1f50b83
00275bc
1de391c
1d27f5d
1e33772
03c02d4
0023434
1c22742
1d1fd9e
1cf83a1
037ace6
0306581
03ccc06
0292b2d
1e62628
0213c2f
1c28e7e
1c175c4
1d99706
028e284
02d68ac
0170a69
1f9d260
1c98f70
1ca390f
1cffaaf
1d230af
02baf05
1f2b341
1f3201f
01ba71d
1f62107
1c1c9da
1d01305
0021af1
1e7dd99
1d5631e
1ec6311
03aa023
0282556
1db7fae
01d6baf
1e82f4f
1de8644
01b214c
1c8c3e5
01f2317
0093761
02af358
1f272b8
02a2f88
00088de
1f0742e
1edde65
1f34be0
1fc0c93
1eeed25
000d645
00f25a8
1c96718
1e4543a
009c72a
02d82ab
03fa4a4
1e50aef
1fd6d12
1f745c5
0075458
1e99ea5
01effcb
0139ce3
039f6cb
021da36
030b916
1c88e36
1d12a89
1cfec8d
1d7ef16
1f844a3
1c980c5
1cc5f45
1d36de1
1f7401f
1cba17e
00fef3d
0239f84
01177f4
0268424
01f4609
1eb34b7
1e3c23a
1f2ca6a
02df8d4
01b9143
008fe3d
1fa995f
0007838
1eb013e
1c702ca
038a7d7
0315faf
1d09568
1f5b02d
1eb23a7
0369d9b
1c50524
00c7e90
02b8a89
1fbc968
0267870
0173e88
1dceddf
1fddc47
03cef71
1e1260a
02bcda0
1fd0f8e
1e19823
1d7838e
1d8ab4f
1cc2427
1f1fcf1
1cbb617
1e4c7df
03ccdb7
02ca385
1ed6fd5
02b62a4
1c3a0cc
03e347b
1fd6961
1cf1d7e
03dc1d3
1fc390f
1df29f7
0316668
1dce96a
1d4dea3
1c11fcf
1e2e719
1dddc20
1db24b6
00a288f
03e4e84
1e3b765
1f768d5
0212ed5
00905a0
003a364
015b809
01a0c87
1fb6854
0206492
1e87968
1d7946c
1cf3ce0
02bc5df
03b5ac4
1dae10e
039f158
1c0e3a7
1d2b647
0001a60
1d97439
1c62a78
000506a
1f90195
021556d
0090c11
1fc0eb5
025ffd9
1c6bc2a
013c6a3
02e9898
0179483
001d6d5
1c647bb
007b50d
1c25ee9
1c451b9
1ea2937
03dc255
1c45aac
1e2762f
1c3f00e
1d8ca63
03ca0b4
1c4174f
001bc8c
1f7c0bf
001ac47
1c172d0
02273dd
015eb53
1c02388
1ffdf62
02b9921
1d75ff7
01a6487
1f8274b
0018517
1c57c67
01673bf
03e927f
1e90130
027d47a
034dd58
1d3c759
1fd2b9c
1ea04d8
1dd1a03
1f54b17
01c1b73
1f9704c
1fa2553
03f9013
1e4d956
0375de3
03f62a6
1c667e1
1ebb071
0033d9e
1ddb41c
1f629d0
1e33763
1f694eb
1d44e78
03db77c
1e041a1
1d8c3a8
015cea3
1c02ead
0391cb4
1c195de
01f2cf9
1cd0bc4
004b0fe
02b8292
001730a
1d5f10c
03c789c
1fca8a9
1c1c5d7
0213c85
0022486
00eef04
0201bae
1f19c76
1d21872
024f246
1eeb339
0042a4b
006ad61
03a38c5
1e1312d
1ec2a7a
1e8a168
00cfc2e
1f84f7a
1c58198
1fb5a32
002cb65
007ff49
0327da0
1e4dd3c
1f38f9d
1fd30c5
1f04aa8
1f2f917
00cf3fa
00134e1
00cd05f
0129c3b
1f55113
1ec6154
1de26f3
011bc08
0240f05
1e453d2
006eeb5
011338d
1c2edad
0252ce6
1d25ef4
1e2abd6
1cd7666
01cd4f8
03d3ce7
1f66332
03cba4f
1f87657
1fe5f96
0237792
1e7bf37
1c5d68b
1e40a5a
02ad8b4
01e6a20
1cd3161
1ec32a6
1f6ca55
1d510a2
02e9cd3
03c539d
032b360
1e76de6
02216f3
0181de1
02049d9
1e93353
02fe848
1cb4f7f
037ac90
0251d2c
00da946
01a064c
1d52315
1ebc64b
1e39cd7
01cef63
1c43402
0203168
02db05f
01cd1a2
015fd88
1df93c5
0245d15
007c9b8
1e14d31
0175325
036b2ab
010eb3b
1d88570
1e53fd7
02582d6
00a67ee
1f8261a
1c68943
1c76657
038404f
1f7f36e
02e68dd
03f100e
0304a35
1f0cc49
1e2c593
1e290ba
1ce17fd
01ebce5
014d96f
1c739a9
1cb068d
1e2fa72
1e72ba7
03bf45a
1e4611d
1d0d9da
028a9b7
1c5de25
1eb15bd
1d08f5f
1e755e2
1e72cfe
017c47b
01b2ad9
0243b48
01728f1
00b8357
02eb023
1dd24ca
1f9683a
1f54698
00da5e3
030e4e8
00a2560
1ecfa91
1f0d5d5
1e58c7d
1ccb5c8
002019f
034f711
1c928ae
1fb0760
1f7f3a6
1ffebe4
1c08677
1e4ec17
1d1e5ae
027a104
03ffa6f
1f7e7aa
01e02fd
03fa3a7
0230aea
020ac73
1c84942
025d556
1ca3c0f
032b178
1e721ad
1db10f6
00671eb
1e8ded5
1d65b5e
02718de
028f1d5
1d8354e
1ffc249
0205adb
1ec1ad6
1f8cf7c
000a06f
025142e
0311d25
1ee6656
1dbe86d
01e5582
1c666e6
0133f12
1d1d7c2
012c637
035be97
1fd9dd4
1d66a29
00711a2
1cb3b0e
004c9c8
0190305
01b5944
034f979
0085b45
0192ac4
03880f8
00570cb
1ced61f
1fc80b7
0209ae2
00da6c8
03e55a6
1e3c16f
1ed8df2
03dc0be
1fdafe4
00a0049
011117b
00dc683
035edc4
019b85e
02b39b5
02451f6
1e0dfe1
01da2f5
1cd497c
1f45693
1f4265f
0388d60
00eee64
1fd4dd9
1dca56e
1d6173c
1e06787
1ff958f
00ea632
1f790a3
024c6df
1f1f88c
1c5791e
1caee33
1c471bf
1cc1974
1dbcab2
02c66a8
03575aa
1d2b8e2
1e60ae9
1e6e9c2
005924a
1c8009d
0198f0c
1ca172e
1daa7e4
1db703e
004558b
02f1543
1e57b8a
00e6dec
1ee4e03
0110878
1cb819a
000123a
1e5dc5e
1f43419
1de3444
1d21818
1d6ce99
03e4005
1ffa929
0213b10
02c32bf
1c09a75
0359b63
013df9d
008677c
1d7be49
1d8bd10
1daa629
03b0378
1c2fd14
02751fe
1d83ff7
03a2102
1d94e93
03f05ba
006ab6c
1ed03ec
0199cee
03942ff
1fbc46f
01b9abe
0066561
1f17256
028d056
1dde2e4
1e40444
1c4442f
1c093f3
0387acf
022e0ca
1df4fe9
1df1e0e
02d2f66
1ff868f
0252b82
00bf2fc
03f7340
00f89c4
1c58e08
1eeab14
1fe6573
1f4172d
0192b38
1e5d289
012dd19
1ff2d69
1dc1589
1f44b29
1fa22be
01969d7
0268d65
1ca4a7a
1d9b319
1dabc15
01c37f3
01c9ad0
1c782ac
028f1f1
1c3cadd
02ed5bb
03b49ea
1f2f821
1fcc8f0
0083902
1eddab4
028e506
1e6737f
027afd3
032f41e
1fe5176
1c945ca
1f9f1f0
0341633
1fcb7a4
1ee010a
1d87c17
0138020
0364c56
0071da7
029ee22
02254e3
0261d37
0157e52
1c349e0
02749a4
1c357ae
1e6c61f
1eb58bb
02f166f
0366539
036f8db
00c7ce8
1e133d8
027d7c0
0353bda
1e841e4
036de36
1da3b61
1d060f6
1f93ed1
0199c33
00c0da3
025ed85
029c2ca
01a39d3
002cf91
003e9c4
019c210
03a5e07
0122c95
1e46bf7
1f815b6
1eb34a7
00313cc
1d4b983
1c61f3a
03e8b73
02289ff
1ebe68e
1cfbde5
02dc745
1eb66e0
1f657a4
0336c66
03298c4
03e7987
025a7db
1e3e3c1
03db6ce
01b7c92
1e864d5
1df1103
1f89f2d
1fc1b2c
03506b3
01ffbc2
1f0bb44
0327093
1d077bb
1d6726e
1df2163
02e9b0a
1dac68d
01726f1
005459c
1c211a7
0372b9d
011749c
1f10463
1cc99d6
1f928a2
02eadf5
003773a
03883c2
02339d4
0113478
1f82678
1c83a14
01cbd33
1dee5b9
1cc8329
1d3df06
1cf3854
1f4ab6f
024617e
1c7071f
1fd1558
0031c4b
0311653
1e99307
1da9c54
010134f
032e12e
1d6312b
03bd3b4
0293d13
03d1cc9
02b7d34
031d794
1cfb895
034fc71
1ccd632
01eff9a
1da4d50
03dde95
1daa428
0081ea1
1fe68fe
1e7c05d
01c25c2
02e6205
03f043a
033fd0f
016e37d
013ac4a
1d99692
03caf7d
03da376
1ec4f29
1f2f8a2
037c128
0242ab0
0370692
00b70b4
0190b3e
1e88c72
1f8bc03
003b7da
1e2907a
1e9e6e6
03fa319
0232d9b
006d8de
1c02c55
00ceb52
00b9423
1e4f2df
01c3428
00d325a
1fd32f6
02d28d7
003f73e
1df7e08
012fee4
01d8000
01ed201
1c8426c
1f11701
1f46c8e
1f009b8
1ca6fc9
1c9b444
1cb895e
1c66bd4
029c371
1ea78bb
0176d14
01c3b7d
02f55dd
0053ef5
1c73fd0
1dc565b
0398f8f
03b7475
1ef9907
1d99f4c
0363d92
1c693fa
1c6b133
028b5ed
0245263
1f9d87b
1d3338f
1f16e8d
1ced9a2
1d00c8b
1c05f9c
1d2ad4c
1e6b6a9
01483b0
00580d2
1c8783f
1df7e13
0390ddf
1c29daf
01a790c
01d4020
1db8bbd
1c72c1c
1e63bc8
03fff6a
0332677
1f21a0a
01ae452
0243eca
1ec83fa
1eafac6
0369074
0345d14
00fcfe1
1e8cd71
0273b96
1ff2285
1fabf47
00887e3
1fd4438
1c82f8a
01d6f9b
1ec8a40
1dbac25
1e3be0c
000a0cb
1e75e3f
1e8df6d
1e01636
1efe850
028d8bf
1f7edae
03eab00
0170aa9
1d28364
1f102e0
02eb934
03f27d6
01a2041
1d8ae77
00a9336
1ccfa57
01bb4f2
01fd767
003c7bb
1d3136c
0005e19
1fcbbfe
1c49a19
1dd4671
1f755f8
0293c37
027cf91
0349af0
013365b
03cf4f5
1d81208
00a10b8
1dd73c2
1fbc36f
1d08078
1fd2fb6
0049098
1da8e2e
03a094f
026aa17
00bd334
1cb11df
1e73a2f
01246a6
0094b27
0268d2c
0069ec8
1c6960b
017cf2f
1d3c8fd
1ff1512
1f72b0d
01e0109
0325f85
030ffb4
0277e9a
01d69e3
03d9e63
0332025
1d85099
00ab0eb
0181ea9
016bdcb
1cfdb60
1fa5d4c
1d6961f
03add35
01c0623
013e354
1ee5012
03218ed
1fc439a
1c74f33
033d94b
1d35b2c
02d43bd
01eede1
1db6a5f
032d92a
1e7f136
1eb4ae9
1dcc5f5
03c0728
025e7e6
012c06c
0219415
02844c0
1f28064
00a8d76
1f0af18
01a44a4
01e9522
03cbed5
02e1f81
028a3ae
0113be2
1fdcd73
0321c01
1f4b7ee
1e76a22
0342381
1f06766
0371232
1f7982a
006e62a
1c2f775
1d7b951
1fe283b
1ee507f
1f46fb9
03badb0
1fcb59d
1c93c8e
0051455
1e5a8a9
03cb6b5
00c3143
1c561ea
03876c3
1e70c1d
1ff82b4
1d41489
1e62450
0280b1b
022c4c8
1d800d4
1ee7278
0330e9a
028cc4b
02fc562
1fbdf31
1c85151
1ed610d
1e48cce
0197eeb
1cd5ecb
1c86b6a
1db6bc7
1d3faf5
00a023f
1f627b7
032ff61
1d4b01a
02cb8c9
1f6a096
020e311
004a808
1c0cddc
1e335c0
1d7bf35
00665e0
0383d07
03f23da
0155a0d
1f104cd
1c2e9be
02f6f86
018f687
1c779b0
0133a2c
1fa82d5
1f97855
004abb4
0203de0
00b5071
1d13d24
1d6073c
0004feb
006484a
1e52451
00164e0
02e09a8
039d4b5
1f10572
00eb74d
1dea3be
1c387a1
1f8b96d
011adeb
1e0892d
1fc5de3
1c50717
020c4de
1cd0545
03e77df
0096425
1eb5c98
032442c
1d180a6
1c1e1de
1ef4212
1f3e642
1f7de47
1eada17
1d0b45d
014e9f4
1f70e1e
1d99905
1f08f9c
02a1f77
00e8e4b
00c00d8
1f44490
1e93464
033a3c7
018cb72
00e0702
1fef7a9
038cb87
1e06a27
0292d41
00b3292
0291b6d
1fd3cd0
1ca31f6
03c0d33
0030ed3
1cae34d
0226603
0083615
1e20753
00eaee5
014c501
009f643
0116d4b
1c00a78
010932f
1dd70d4
00eba04
1e62fe9
1ec471f
032e5eb
1f09e34
1e2fff6
01001e5
1ce4235
0342f7c
1c433ed
1ffdc08
039f5c4
011a6cf
03a848b
1e23e5b
0145731
1e560af
00b93db
1ea6c57
1f7aaf3
00e9b9e
01cd2b5
1dd38f2
03a79e1
03f0628
02eac72
1cbaf03
02e2e80
1e68cc5
1fa4340
1f49291
0293c23
1dec916
1d95f63
00e56c8
1dfbea5
1f86b9f
1e556eb
1e823e9
0245338
02cad23
1f95745
1f291d3
027fc39
001c88f
0143af0
1ff823c
02e89ed
03f0042
1c68b3b
1dd820f
015708e
1e92e8e
1fb91b8
1dc6eb3
1d54d15
1cb2f4f
1e775a6
01733c5
02eb8db
1c36180
01496c0
1f67115
1e98095
00be0a4
021e1a4
02bff0e
1eb4a83
1dc9af9
01c8d7c
00921fe
1e56ecd
1cd3e55
1f6662a
1ce769e
1fb88bb
0068978
0053dec
03de9b3
0306dff
0303782
02a9c50
1e34051
1c5955d
017b3ae
02ab268
1f6ca30
03ec2e6
0334314
1d7271f
1e12d0b
1d40392
02a12df
026d368
1dcc00d
02fdde5
0176e82
03c7694
1d11e81
1ed9080
1c4b23f
009bdde
03f3fec
0265059
1e85d6c
1ede1d9
1ea0df3
0192355
003391b
01a94a3
01f365b
00da78c
1d68d12
01f7064
1c90829
1f62963
1d3650c
1ded0b8
016dca6
1d5b5f4
1e4d739
00f7c43
02d984a
1e5473d
030966f
018b448
01bd1df
03e642f
0268f46
01aac7e
1c4427b
01552ab
00c7fb4
02023cb
022a7a4
1e3f51e
1eca9ea
1e8c54f
03b4d1d
1ccc9e6
035d992
1f18ebe
02b441e
1e919a6
1dd4fa7
0190c48
1c5fd34
1f682ca
1f3643f
1e6b3d6
014eab7
1f3b508
003f968
0255396
029d9a8
00171fb
1d1d37c
02257cb
0367e16
1edeccf
1df1579
018227d
1df725f
013ee2d
1e3055e
03a8371
01857e5
1ff9f0b
1e660df
1e0c34a
1d04fdb
02f3768
1fdcd44
1cfb840
1ff7a99
03aa068
1c92b8d
1c124a6
018c06b
1d5327a
00c3600
1e3f75c
1da5cf5
024b47d
1dee12e
1e77cc1
0199036
1d556d9
1e36ab1
033252e
0284abc
1e0e931
1f0e4e3
022df42
03ec1d3
1c42413
1db9e20
1d376e7
015771f
1f21648
00fc572
028047e
00d633b
033ba3c
01773c0
031ab43
1d3efe3
1ccb008
03c8529
1c5d080
1e6d78a
1f79e2f
03e11b0
0051f1a
1c3cdc9
1d84dca
1de1646
1e68ef8
032f35f
0199b62
034b1a8
0024ca6
008e5a9
02acefa
02a789e
1d455f3
1c0e79e
03608af
1f57b81
01b158a
1d4f3cf
015823c
1fb8e3b
1d6da72
0328d18
1e86fba
1e7bbcd
1f427cd
026f6a0
1e1e227
1e54212
030ae79
01d5a36
02bf1fe
1d50fdd
1eacd0b
1d75f29
01f675c
1c6a8d0
024fa9c
0272d4b
1f48e4d
1f00236
0166092
1d5abe0
032d30c
1e96a2a
029b539
1c2b09f
035d277
0379a1a
0035dd9
0306768
1f9d6f3
1fb1034
0174654
1c3f5f9
0024722
03faa7b
014f248
1f59ec9
1f5d59c
1c9b6f1
01e802d
1c75973
03046a8
0115030
03dbc8b
1c39dcf
03f1719
02778d8
00b3cdb
01078c6
00a38b9
03d1838
1d10de2
1f6bf46
1e07874
1f0feae
1dba5be
00aa145
00a8607
1e0870e
1f9b7b5
1ffc274
0093a85
1c5fe2e
1c7c462
004e20f
03eb991
1e56373
1c02c5c
1e9bed8
02a5289
1f2c45c
038e3ec
1e123b1
03939fd
1e883ec
1d19f32
01be926
02ace28
028f9b7
1e21706
1caf373
024dc2f
1e7a250
02f08a8
005b2ee
0228f0f
02fdd65
010522a
1c0bf7b
1e29ea9
026e4b5
1f23857
1c88e51
1e57e6c
023deaf
0181dc2
1f80b31
1d7889b
1ed7a2a
1f0cc49
1db278f
1d1ac11
1ecc564
0241999
0395d90
01a9558
014ef6a
03869df
0027ab5
1c6b681
00da812
003d182
01221b0
00fa03c
1e3db3d
1e87e15
005e851
01fd80d
00c7ecf
0222495
1ff9c55
028c4d9
027c258
02909c0
0344a74
03ebfdf
03352cb
1d1b498
03081c8
1d1c2fd
03e203d
029ab73
00fe52f
1e00ad9
1f0ba43
1dd2131
1d2a285
1c1de8e
1ffada8
1c2f786
0251b8b
1c4bc68
01f5d73
1ef2c69
021c774
1e7e0e7
009fa20
01b9ce0
02ab478
023f51d
1c0df74
021c466
1df022e
1f55b0b
1dc3b1e
03cb1ba
001cd46
1e0fe82
1ff0311
1d29505
1c41891
0353d99
1c243c8
1e28f71
1cb53d5
1dac41f
1f65bef
1c733a8
1f1813d
1e00897
03f5b76
1f16cef
1ef37d9
1e9a5fb
00c0646
01c4906
1d78a1b
1ea6af1
1d156bd
0222f9d
014fc0d
1c3743d
00ed530
1e1bf5b
1d484be
0247f7c
1f55211
1ea9c5b
0076ea5
02b31bb
1ed508d
1d817cb
1e776e8
02d85b1
017d9e1
1fddd60
03368e0
1ff210e
01cd4bc
02f608d
014e2f9
1ea0f4f
1ed3144
034606d
1c0d20b
1df9362
1c37921
1dcc942
0096b3b
1f9f1e2
1c962ef
0158311
1f05ac8
0092871
1d0caa7
00a927d
1fef667
1e9cf24
1cda10b
1f0fd87
1daded2
031b075
0379be7
03f51b3
0023638
0197b4b
02c0568
1ef913a
014ed06
0062cc5
1f8c4cb
1c383b1
1e53a85
008b030
1e41ea7
0117968
0060836
018bf3c
006f4a5
1d96cc1
0199bb2
00c823a
1f14f59
00c44ca
1f6b3cb
0151b63
1dfb796
1ffa717
1c38154
1f28357
01cd5be
1e46c96
1f26265
023a2aa
1e7c344
1eb4cf4
1de4ad1
1ff0062
1e6e2df
02b8452
00e3f2d
1caeb78
01cf5af
0170b26
1c0abdb
034dfd3
1df045e
0060e50
1c5e236
1e915a4
1faba10
01d0eaf
03f2c40
1d0fa13
1cd6691
1f73e76
1f1fb5b
02f4e54
1e3aecb
1f5cde8
1cc9655
1e32f87
1f73a1a
1e0292a
014db80
0007ee7
039cb4c
0097459
001fc74
027a38e
1e657f6
1e3fe40
00ebfe4
1ff350f
00e8485
1c0472c
1db3e08
0333e81
0052d63
00eb462
1cd45c6
00dc348
037c0e5
0091954
1d56db7
1f7d38d
1d5bae6
1dc873a
1c432a0
02ba27e
1d50b77
1e2943f
01779a7
1d4d180
01eed25
025fbfb
01ef289
1dc3695
03a6edd
1eaad08
00a9adb
1c0c13a
1df3197
1fee14b
021feea
02f6e82
00a3f97
1c65034
0286d5b
02c41d0
1c0a17c
1e06dc7
1f1b8bb
03a11e4
1ed9f35
017a8c6
037aaf1
023aac0
1d783e6
02852b8
1e4bda4
1cb34a8
0005cad
0217f82
1c5a3d1
1e93706
1c3d2d6
023c902
1e83c48
1e8bef3
1dcf8f2
1ca463e
00bf02c
018e854
019d4b4
1db3d07
1ce1f23
1e6236b
1c29cc1
0266ec4
1eb8d24
003e143
0235e8b
1fdef00
033e90c
01dda14
015fb71
1d6792f
022b342
1f578f5
029b606
0094b43
015bd62
1da038f
00fe433
1f7090c
1cb1de8
00b5927
1f5cd74
1fff6b2
01daf7b
1d304c0
029475d
1c94867
00fd688
1c70a09
01efcfa
0378579
1f5b420
037bb17
1f980e7
027a6fd
1ce9391
1c273be
1d17be2
005d988
1f242f8
01d734e
0320e99
00e5f8b
0234984
03732dc
02e1c60
1d8c001
0290da3
00f5810
03ff0de
1c6c3c7
035acff
02abbdf
1e00c33
0371a4c
0142d3f
01fcbb0
1c23bec
01f2e6a
02fe2ee
1df14c7
033a67f
03fcc49
02ab445
02b0d2f
1f23451
1d875f7
0055488
1d34bde
1ca184c
0288f57
0185c53
00729d2
1d08051
014b8d1
1e41b9c
1c6d8ff
015bff2
0077038
1ce684d
00c6fc9
02f709b
00b236b
1c86885
1cd1462
0083056
1ed9379
037606b
0131dca
007cd04
010faf1
00b5fd2
1d420cf
1c7cd3e
00d2d97
02f6f70
1ccde8b
00f8b05
1c3f640
0366304
0345b4e
02ffc9f
0252b1a
1ecf572
01d9112
1f328c3
1e9e43a
1d5f92c
1c86d5b
1f3495c
1ee6be9
1fcf597
029d269
1ced676
1f4b3ae
1c8b28a
01dd592
1f114f4
03fc765
1e185cf
010c0f0
1cc0dc8
1ed7eda
0110bd4
039f301
01bee09
0078a2b
1ea21c1
1f26c61
1f20928
02fff27
02e32a4
0140fcb
0050bed
02b7498
015e7db
1e061b2
1d6d92d
1e97c48
03a4d38
1ecf6c9
1d8bfbd
1db988f
1c34888
00b4aab
0149877
1fa9535
00f4c9b
0326b2b
1f2236f
0161d93
025d7fe
1e35f87
0363cce
1de1daa
0121f10
01a5fc4
1edc206
0041431
0291bdc
1fd9a86
0248fd5
1eab000
01f7821
00e64af
003bafc
1c51c71
1dfd431
1c6dc3a
02c4061
1e51014
00f0c13
1f19d5a
1c7d7de
1dc7b3e
1ea3d9c
1d6eadf
01097ef
1e9c7f1
00bcae5
01f7975
1f48ea5
012d4ce
1de1f60
03b51f0
02c17ae
1c1fbae
1c6f036
00ed7ac
02dded0
1c3c86c
000f471
02f9254
038da2f
03a2de0
1d0a871
00b5825
1f048fe
00872fa
0076591
1fc9ca8
027af9e
03ef407
0361c87
1ccf621
1cdf178
0072906
1c3d4c3
0083776
1f46a55
1d7e6d6
1d6f080
1efc496
1e242e1
029787a
01fcdd0
026b46b
1f5a1ea
03339b7
1ff7d98
1f95207
03db55a
0313e88
1c91965
1d0f451
1fbfa7b
0303b6a
1d241ff
03bf845
1eda387
1fca99d
1dbbac7
016b0d6
1ed0e9f
1daa27b
1e1ef82
01c8bd0
0340871
008280b
014ea41
00ac1c5
1e9e64b
1d68f13
1e1dde0
1e1f19f
1f7bf19
1e8b5e4
02425ca
03d5d1f
01adea3
03ef9e2
00d2114
1ee2d06
00d1d0d
012316b
01db5b6
00af41d
012c19b
1f2817e
02d1891
1c056ef
1f75b57
03c9668
00504c2
0099f9e
1c63a2a
1da5e50
1f298f4
1c88215
1dc3d2f
029be93
03ed3d9
0275dd6
1cc395f
1d27814
001d081
0391ab3
00bc5a4
01d0b03
1d8f2af
1c0b61a
1f9b624
1f44387
017d392
1f9e1c6
020cc3f
003bd7e
1e226e0
1ea97c0
1ee9b25
0330f15
00c08aa
00ac92c
01e2fdb
1ea72f9
012ee20
1f47a47
01e9cf3
00d9b8a
03864b4
02bbc24
01bc43c
1d7d4b2
027ba56
02f6395
1fc1d1b
1d9d581
1fefb76
1e6ce8b
020ebeb
1ef3f32
1f9b0dc
1dc5bfa
037a552
1e6943f
009b340
1c7e96e
1ccc6bc
1f781e1
1cc859e
0278ff7
1d6976d
02acc83
1c1544b
0231ab4
03cfaeb
0282467
037e895
03420de
1d11c7f
039c9a8
01c398c
1c7c5a3
016e81b
1c2aeb9
03909ee
1c3c3f1
01e480c
1d58768
00d7941
009d054
1fe86ce
1e9163a
1ecd237
1d60deb
00051f4
01f1771
1d5b0fa
03c6061
03cc577
1d312d2
02846d7
1d32cc4
01f4a4b
0018a8f
1c4a835
1c87550
01a81b7
03394f3
00dc4bf
1e3b78f
0326c74
1deed16
00ea246
0022978
00fdf4a
1f03c37
1d307cc
1dffedb
1d1b60d
024c6d6
010d513
1dbe29b
1f4fd56
1d50d6f
1eb664d
024c96a
1c1b82f
01258e8
03db3e7
03adcb7
02add11
02d17d6
1c3a7bf
1f306c6
0167f13
020de83
01387fc
03735d1
02200bf
00ac0b9
03c888a
00d6024
012cfba
0152f30
1c7a2ef
1d1044f
013c66d
017e0eb
1ea1e1d
1f16b0d
00247db
1ccdd5c
1e77144
021b869
011f20c
1cd2b7d
1dd0301
0087a38
1e2a5ea
027a118
1d1f6bd
0190203
1ec9347
1cc3cdc
01657c8
1d0e8e5
1c42ec2
1c8d5ee
1c38ce5
1c74ec5
1fd60b3
1d2f1a3
1fee894
1d8f08b
03360d4
1fb0bd6
010adc8
02319b2
1f65930
01b2b3e
1c84925
00ec0f9
01e8bf4
1f08afe
1fd4ba4
0164620
010ee9f
03f3153
1d8c2ca
00c8169
00b33fa
1ecbeca
0125d82
1f34b77
1c6c8b1
03ec57d
0180798
00080b4
0306858
1e0b68b
019ff21
1d38f16
013386a
1d4ee44
0241032
1ffb4b9
019f6f2
1c23c51
1e5f9b6
00bd18c
1f2907f
1cf44d7
1f6fe53
1d58615
1cf4198
1f7e7bf
02b2b26
00be99d
1ef790c
1de4013
008c06e
01bc9cb
02a21ef
03ac699
1f74c42
008b8b8
1d0eb82
1e3a494
1da8d6a
1ef3ec4
01bb7c7
02f4207
000a2b1
01bdcf4
1c8c365
1c8847b
1d549f7
1d8a311
1e22999
03ba350
0285cb8
1cbd469
0147cc2
1fc8a6e
1cb7936
0237242
0242ca8
01f5b57
0212116
002beb2
1ca4d45
1ee6900
00d45fb
00a30f7
1f56593
1f0efde
1de83c9
1c9b56b
1c3c40f
025808d
1dc4fe4
1d11a9b
017febe
1e12e83
0378f5a
1e8cbb0
1ee50cd
1f0f318
027644e
1d4c61f
010d938
0153a13
1c2bf9c
01f5301
1da450b
1ffae33
1c7414b
1ec6644
00fb774
00c50c8
009a2c2
0024df1
1d0f143
0295c78
02e9627
022c754
007c3a4
006de25
1c942a4
1df0201
1e31f33
1c469b8
02cb61a
1c0c487
1e194bf
1c8478d
1cad7a2
1da7d95
1c88e4a
0298062
1e1c6f6
1ebe0be
1fe8b97
1c3ca83
000cde8
03f43fb
0378506
1e19121
00d8de8
00b004e
00e6245
1e835b4
03ac438
1f2bfae
01b35da
02f3302
0314367
01ce7b3
1e94a20
02fcc97
1c79c0f
0173839
1ee7163
022448e
018a8fa
0003851
028f7de
1c0561d
01dfc2c
1fc4caa
1d4ccc2
03b616c
1dfb965
01dc267
00eb0cd
02a88b2
02dd981
016443c
1cac591
03216a0
0245074
0146187
01bb22e
1dd4eef
1c64381
01b2e18
0103285
01888b3
00f663a
0356299
02d6d51
1ee2ff3
1f33523
0020c6e
021e1cc
1e6b1f7
1d8f973
1e072a4
1d664ac
1c2d6fe
02e9687
1c513a5
027143f
0286d2a
1dd5fe7
1c3260d
0077a6d
01c28ed
034c332
1ebc15c
00ab397
008f59c
1ca4e88
1fd028f
03c5046
1f12515
03cbdd7
1fffeed
1c37b88
03d5183
032de55
027d95a
1de135c
1e58ffb
03cfa89
1cb5a2e
1cf287a
01bca3d
03c34ee
1ecc8de
1ff8e70
1dbb9ce
002745b
1e5385f
00a50d0
1c65592
01a55a9
1dd4a61
01d3992
1f577ab
1e950e3
007230f
03626ee
003799a
02769ef
03f76ef
1ec5a88
1fef7b8
1e0f41d
0289573
1c41fbf
1cb65b3
03ca0c6
002b1f9
03c2dbf
1cc67e1
1d500ef
02867bf
1c3d3d2
1f293d6
01cae4d
00cba5a
1d100cc
0155753
1eb1c55
023cb38
012faa6
1de410c
01551f4
1db6efe
1ee6394
02b14c2
02ddd94
1e23d7d
01f7fe4
1f06305
036df50
006fafc
1f72a61
1ea1d98
000200d
00b26ce
0153a78
1c675cf
1e5eb6e
1d81fab
1ed56bd
1ea7685
1c2396b
039a108
00c9dc9
1e94452
1df46e9
1c73c27
1c7d6a8
0278876
01c3051
1fc932c
1efb32e
01e4b7d
012cf40
01bd362
026352b
010b1b6
1e8c428
029285d
1d67199
1f06492
1fd9ea0
0269435
1c51ce0
1db9037
032d716
1e0a14b
0280ae2
1c4c90a
1e75d79
1ef2e32
1c6c812
02deee7
0002599
1e52ab6
00daa90
1e92021
0230d48
1c4003d
037a748
017c20b
1c37074
016b32b
00766ae
1d417a1
001d4c8
1ddeb5d
1cfb056
037c3aa
1ff364a
1e23fcb
01884fd
1d05d24
0057a51
1c2493f
1f76f4f
1c2dc0c
1fb34be
1d8148f
1f6315e
0378593
1f41bb1
0366257
1e5c7ca
03aff81
01920c2
1e04a89
1f1610c
1eae648
1d16417
01178de
02f77df
1e31f7d
029274f
010d072
035fdd8
1eb5089
1dd250a
1fa61b6
1c7c1df
0399952
02acce7
0032d1e
1cc3379
1eae678
0218878
1d4cae8
1c90977
1c76181
00952b0
036b55d
01cba81
1fa3213
025efc6
1c13e71
03f2f21
0010862
1db7349
1d8405a
1d5af45
002245c
007e109
0323109
1ff08cd
1d02873
0206ff1
0128984
1ed5f8b
0263f08
1dae664
1ffed92
00abb67
0263029
1ca7c64
018577d
02067a6
1dffd3d
1cd51c4
1cf06e1
1dd8bcd
01342c3
0217bc8
1e5ab88
1f6dd38
0107f0d
0361990
1fd7794
1fe203f
1c01444
0315119
1ffc038
1ff2425
1eae6b4
1f0a039
1f2264d
1f14d2b
00ac115
1eafc88
00d3b3e
1ec3905
007efb7
1ffeecb
00ebf16
1fbf90b
03fe694
01deb4e
00096ce
1f66544
1feadba
1e3741d
1f84c01
005a634
0052c06
024e814
00bdb0d
1eca1e2
024d5f8
1e4c3ba
1e2efca
1cf16d1
1c7bde4
1caf562
1faab0a
1e7c6b7
1e9d9a6
1d6a49b
003d119
1e83863
00156fc
0213746
1c91e17
1d4bdaa
1e40d2b
0339b9a
1dff2c6
1fbcb6a
025d9b5
1d927c6
1f485c7
1c97e2b
0184156
1f106f5
03e4c9b
0040952
1ce2ad9
1e1a966
1fe25b8
1fdbf93
01e446b
1dd7378
032f5fe
1ced280
1dc78fb
1f1bd6e
0321928
000eca6
1cc9913
0356446
1ef179e
03a34d5
1e26d0a
013664b
1e44003
0293bff
010a966
1cfa56e
0264b6e
01c1d59
03014e7
00d969f
01889b3
1dbf309
00ea848
1d727e5
1e12a4c
03e6f4b
02b7622
014aa57
0292520
1d6a0b7
0398490
1e69819
00cda05
00158eb
1de010c
002b182
1c0b053
0211345
0009a3c
032bdd4
1f83967
0348d46
1f3da57
00bd9fc
01b9e86
1dc6c84
0394488
1f5b750
030ad57
03d8637
1f7d959
1eeab41
020c00c
0102520
1d9d9ea
031a05c
1cf17cb
1e935f8
022c9fb
1c1f563
03e3bd4
01d27e1
02e939c
1e50bd2
0197cea
1cf7303
1dd10ea
03b2dff
1defe63
0074f78
03aa82f
01f49c9
1c16607
1d08319
1ce6e53
1e99d05
1c716ed
0073c97
1fdb24c
02efa22
1dbeaf2
1ed1885
1e9fb04
0210c94
1c3d8a1
026bddc
0025623
023930b
1d21bf1
02a649c
00dfde0
1da2100
02251fa
1c24bcb
03b5701
000a3ba
008846c
1c37adf
1e6483f
02f0405
03397aa
1d3122f
018e946
1e8eb05
00bd946
031ce79
1cd876a
02e63d6
03cb58f
03c0276
1d0373b
1f4d592
1dbaabd
01d33da
037c87c
1f2dce9
0072ec3
1f9c09d
0141a47
1cf6621
1f43544
1ccd9ec
0103ae0
039844c
1ced13c
0021965
1dfc656
1ef2c10
0294b82
001b30f
01abea7
029d34e
1f2933e
0003644
1d128f0
1ed46be
1d34b78
00cf789
1ed6145
004b93c
1dbaa88
013c85c
1e7b6a3
1cb61ee
009ef6a
1ede22a
1e1df5f
1f4129a
1e030e2
1eaf0fc
1cbc403
1c81049
1e58b3f
1eac206
037b518
1f27905
0163a91
0249e04
0224b75
1caaf05
03ad316
001cf05
1d6d29f
01b2dd1
0184248
1d5e035
1cc15d5
02ad238
00fdb01
00b3ffc
02441f9
03bce1c
1d6df1e
1d9ba3e
1f81cc3
00d03d3
02c7bb8
1cc1d7c
1d44fd3
1feb4be
1f6a270
0155876
02f673c
01e68f2
1d5632e
1eef9af
1cd3bb4
0003f9f
1fefa1c
1ed3f6c
0215039
1e4d504
02ea379
1c1d3b9
004fed4
01fb5d3
1c7b633
1d5776a
1decd38
1e63285
1f3a4e6
021ec64
02413a9
03d40a1
1fcaa95
034baf2
1c03e30
0145677
0134158
1dfd07f
1ccd7eb
0118100
02d1f55
03ee0f4
0073f57
1f86b93
0371945
1f8cdb0
006f781
029921f
1e35778
021de07
1eae7e4
03f5563
0328678
0328c37
1f32772
1c8fb1c
02981f2
1f00580
1f4d0fc
1dd943e
0097495
039579e
00ea35f
1cbeadf
00e0a0b
00579f6
1f266de
1c59e30
1c94441
0213dba
00e1b50
03f55f5
1c4efe8
1f06d84
1dc3f13
1fd1765
005a582
0364b13
015bc76
1dc87e7
1ca0c95
1e9dac1
037deed
1f89a50
005ed25
1d07409
1cad2bc
029ec1e
0077d0c
0030c5c
1d16d93
02792ad
037dec3
03f44a7
00a3332
036d39d
0306c1d
1c8e611
01be106
1c4662e
00709d1
01733f9
1f5ebba
01983c7
1d5da39
1fbaf86
1d2c38e
1c3dcd7
1d04502
016ef7e
02b50c3
1f64dfc
1d8ab39
1df9d21
01e618b
1c35b88
1f3b42f
1c51967
1f3182b
0125353
03a8733
1cde77a
01bef9a
1fc37e5
1f7126f
02b9524
1f6ff49
017958a
03e36d4
1f8749b
1fae445
02860f4
02c4131
1ecd647
0118fb3
00167c2
1ff9dbc
1c7d734
1fbb7cd
03bfa4f
1fc4e51
1c5466c
01b6e88
1e0b686
1ec8347
1dc556d
1da5a28
1f2dd46
1ca2b56
02c0cf0
00841a5
1c44a72
1c7864e
1d86a4e
02e4a33
0281e9c
1d0ba93
029ac57
1c9d86d
1f8a154
03fb9b2
0050d53
001fa29
1ef3a89
1c52524
01e94cd
0043ab9
1e06695
1c76e5f
01c4e90
1d9d3d9
1e9df37
1ed7d45
1c7b525
0176e09
02a2ff8
03c1543
1efa91e
0275dfb
01c035e
1c4b5fa
1e271dd
0342d51
1d419bf
1c07604
0227917
00ea6b2
1cbb459
1c04ee8
0386b5f
1f1769d
03c8b72
02f03e5
03ec00f
03a195e
1e7b2ff
1f8d38b
1eb1bc9
1e58757
015279b
1f449b0
01e35b5
1f1cd0a
1eb500a
1d7f8d5
1dc2cc2
1cea4b4
1fa3b43
02fdc56
1fae4a2
1cfe4cc
01c1859
0295b05
1d3fb3a
1d47336
031cf82
02eb647
1c2f306
1f7a791
01e3bf8
014698d
0299ede
1f2265d
1ec03d4
036697c
1fa3aaf
031f4b2
1cfc0cc
1ca0483
1c1e585
1c7e234
036c745
0242e06
1d3660f
1d95f23
1e0f811
1e7e71e
01ebf83
1c14383
0035d72
00be54f
1efa160
010abab
1c088e6
020c4b9
1e8d4b7
026b83a
01aa62e
1d804b6
0317c74
005b093
1d8420b
1e02798
1da25e9
01b0a04
1c4ed8c
012271e
1cc3834
023242c
0239784
1e2c055
1cbc0ac
1c71936
1ef5ce5
1f000a0
019fcab
1e88b20
02fd9b6
1e56046
1d03d3c
0272867
1e137c1
033a229
01c3c2b
02a417c
1ec0308
014f4a3
00f1785
0292727
03889e0
0314ff0
1e3d4c0
1f8b77e
01e51e0
1dadd7a
1da95e6
1d69e89
036e582
024dc8c
0012720
1e3b264
0121119
1f5acaa
0147880
1f5baf8
1e319ed
037f66e
1e71576
032e77e
1de29d9
0236ea3
008d969
1e195f8
01c4f42
02af8fb
1c34c48
025aeec
1df2f44
03ebb67
1fc902d
021ab3d
0213714
00c3b6b
1e8aee4
1ccf89e
01cf8cc
1f2b841
1e915fb
1d99bb3
021c7c2
01d9f9f
01aee01
1db9688
036e020
017944e
01649d3
1f265a0
0271dd9
1c245d5
010d4a2
1f0a73d
1e73640
1df26cd
02e245b
1cd9257
1f129a9
00d339a
1c69379
1f64c53
02b9e49
1e976f3
1c1fa2a
1e9141c
0368270
01abfe4
01260aa
1ef24c5
1f4432f
0162f46
02786dc
1f88825
1e605eb
02ae27f
1e91909
0006fb0
00f1389
1e73e9a
1e61c6b
014b86c
0356359
021d44d
0265091
1f354cb
1f449bd
0104020
1f9274f
031f2f9
026cad6
1c3dced
021bb07
1c03926
1e61aeb
00c1a33
1ef131d
1c95122
1c1cd98
00b4236
0147066
1d46d6c
00075ce
0369c30
0172e0f
021225f
00239d7
01db2a0
02590ea
1cf3bd6
1dd4f27
1cbf201
1c8ca09
02c8e0b
1e8576d
1c1766f
02c6a9c
02897e4
00c1fdd
03ddbdb
027a765
00cb44f
1e0cad0
1d8a1b5
00fba6c
004b771
03ffec8
1eb0ffd
017582b
0312fd0
1ec4066
1f33d5d
1f3ca03
1c2fb10
0029e7a
003c94d
00b3de8
018da1b
1dd0c79
01c6b22
0110825
1c8c0f6
0346c72
1daa0f6
038eb8c
1e08b2e
1d91488
0186103
1c80c4a
1fb18ef
1fd8096
0379722
017f75c
0010216
1f61e17
0171647
026f6bf
028d1f4
02dfc3f
016173b
1fc1596
1ff34d8
006a2d2
1d502ef
02a0059
1c514f3
1f0bce2
02d0b15
1d360ac
1e79e91
026586a
1e83250
1ca508d
01fa637
03d00ff
00aae3b
1cd6faa
03f7ce1
1ce3738
1d6968b
1d7d738
1efd657
1e49b2c
1ebba7d
1f7f2f0
1fe7049
017acc7
1f306ba
012e647
1cd9a27
1c79087
1e526fc
1d346af
03f5a2f
035f42e
00e0a49
1da2281
036b95c
01c1bbc
01904f4
1c1c0c7
02a37f6
020d3d5
020ea67
1ccdd56
0260f45
039524f
1da869c
02b8db2
0393e12
1e6d8ad
1e60289
1d1c90c
00e50e9
02bd57b
1f00d35
038aa90
1f96474
02ece6c
03b89ce
0236914
1eb4e84
1f3aa1c
1f2edb4
1f680f1
00ebfbc
1dbc06a
1e836d6
00965b0
1d80948
036d4b5
1eec903
00e6d9b
1ce9005
1f5dde4
1c96ac9
02ae635
03a4d7c
002a7d2
1ec970b
1d9a575
1d807e2
1de155b
1d030bc
0348580
1ce2150
1dbad1f
0059219
03c0b9c
1f9b407
029b4f7
1da0dde
1e298e0
00f56ba
0078703
00909b4
1d58e9e
1ec9d0e
02f36d3
0111e0d
03eeb13
1c3128c
1c7a39a
00eadde
013e1d9
018f1fe
1c45964
1ffacc2
1f4f62e
023a007
003079e
03386fd
1fa6d82
1d3f37f
00924e2
1ea3450
1da6882
1d05e83
1f753fb
1dceafa
03e094a
1d937c9
00f6681
1fa16ea
03511ff
0360c37
0231815
1e49dfe
0380ae9
1f643f5
1d9690f
1fb02fd
00d612c
1fce6ba
03d5820
03f09c6
1c020f4
1d4c59e
019f303
00630a7
1e36eab
01da118
1dda317
0291a3f
1d1328c
1f6aaad
1da533c
1c95f0a
1fe9ff5
1c37527
020c93a
02bfe26
013649d
1f2b8c3
0068852
03f0363
1edecf2
008708b
1e32199
008e4f4
1f7ed90
036a7dd
1d40b10
020d73c
02ef70b
1e5a024
1db0e10
1f05709
1c34962
006b782
00b7e74
00dd06e
1eb4a8b
1e1dcc5
020ee4b
1fdfa8f
1dfff46
1fc5495
1d703d0
0118ebe
1dd97fc
1f28f23
1cd6efc
1c2e950
1e748fe
003bbaf
1c504c1
1e8a353
031aea6
0364175
1e6e77b
024b509
0138acf
1cb21d4
020fd88
0281eac
020629e
00a1fbd
033a058
1ddc03a
1d3731f
02e1c8f
1ef6f96
0068188
1e073c5
1c39e91
1d4dc08
00dddfe
031a1da
1c2af7d
03d2d96
0311e29
1ef026b
0391026
00e5f6a
0201217
0077838
1c1dc3f
1d00fdf
1c15f57
1e28e6f
013c716
1ca1aaf
03ae8cd
02c9141
037c55a
1ebc743
1ccb8f6
1d7ee41
1d5f758
007694e
0033edc
010419e
1e0e10d
1c736ee
006e0b6
031bcd3
00eedbe
00043c8
1eca4c8
1e4bd1f
03663e2
001e164
02e5164
00b5754
02b5b84
0090a5f
1ecfc9f
019d6dc
006572a
02d2279
014749b
1e6823f
1cc9870
01a2768
007802a
1fa88bb
1c5f66b
1c54c80
01b16a9
1ce0429
1d943c0
018d215
015c99c
1d625b5
000544b
0169da5
1d8961d
1fa6e03
00c2388
1f572f8
1cfd210
0160ee6
1d1536e
1d39a19
009473c
02b03e4
1fa42d0
0188659
1d7e2d8
1e14f12
022c699
0326f35
028ae4d
0188d54
1ddf427
1cffa2a
1f9e344
016db00
02b72b2
1cd5025
1c32d58
0222aab
1f57cba
0314843
030353b
1e9a588
03e1286
1c039ee
1e8a871
1d922c7
1d66188
00d1c80
1db451a
1c2df91
00d226b
1e0c9be
01e9921
1d3392f
027e9d9
031cfb5
1dc08e5
1cba6fa
1f7126b
03f07ab
1dd779e
1e926bf
1db1c35
1e38dbc
1d05763
1c33c13
03140b7
1dacd59
016e38d
00b7456
004ca51
01212b2
1cd31e9
02422d3
0117c61
031ddf7
1ea0b1b
1cce29c
01f37f7
1d851a8
1c72eae
1f8f0ca
1cf3b74
1e49986
01c602f
1ccebcc
0364c7e
008a4aa
1f055c7
02a44c3
1c72c8a
1e80d01
024dc3d
1ddc5d4
005611b
1c4505e
029f04c
1e41267
01bd77c
1c02628
1f0d0d1
00062ee
03737f3
00eac07
0007db4
1e7bbbb
1df8880
1c672a6
1d2d55a
03d6055
1f26ec4
1f275c7
01aea86
016b7bc
00632f5
1d7885b
1fcb699
1d3c314
01bf221
0369058
02d1678
015d46a
1dd9d83
0349047
03dff57
1d80020
0303dd4
027cb4e
1cddc42
1d823d9
1df54a8
015c9ad
1e0be34
1df1c44
00c679f
1d71339
0261a02
1f260e3
1c8ea7b
1c176aa
1f28671
1f7c3f0
1fb8da6
1ce4f31
00a47c5
1ca28ef
0089177
1e5fa47
0087e19
02d6516
0133516
1dfa1f1
1dfed77
00f8664
1f60f4d
0244ee0
1cffa6d
03a4726
01baf51
02a421a
1c79bc0
028f648
1d1eefa
0038a5f
0059596
1ccfac7
024dc85
1d4dc58
1c7a094
1d56142
0000f15
1c8dc98
1e378bf
1fb5145
0064b7f
1ec9dd2
1db7955
1f2887c
1ca5c1a
0222fc4
00697ca
1c2202c
01d9d31
1f8b3ca
031426b
1f55b35
1c8a244
1c307aa
1ec4fb9
022efe4
1ced7b6
00d59da
01643c5
01afc56
1d94a45
00c0d3f
1ed781f
01678be
1e8eadc
1dd15c5
1e1fb50
1fcc1b4
1ea2588
1e06ac7
00b0806
03cfe89
016ed92
021e0b4
1e378ec
0151a66
02102ef
1f53f78
1cd1991
1e98ab4
1d9d369
1d657b4
1c9aa6d
01ccc46
1df5d65
1c1839e
1f71c8f
023055c
01d1fd3
1fd8812
1c989fe
1ceffa3
018d93a
0185c24
03677b7
034f366
012fcf3
1f31fe7
0139daa
1d7eb7b
1ee4b1b
1c0a789
1f5cbb9
1f5b77c
0316ebd
1c9d0c5
019f563
037ef94
034c03e
0004806
1d13e80
1f80eaa
0238fe8
1ccff12
1fc6430
03bc6ca
039ddc5
1db18df
1db4b27
034036b
01e4f80
1cd2ad9
1fd6227
015a813
1eb894a
1cdf743
1c9f60c
010d78d
00cc121
00cf60e
1e57aea
0169858
1c0835d
0348d7e
1d309b3
1d7cbfa
01c5599
1c87785
1e1ea0c
0286b75
0288f36
1f79df1
1e9315d
01be1b9
1d0c9b3
1e18eb7
019c5ef
001f615
1ff0d9e
1d5f01c
022ac88
018b559
1f11a7c
018dc26
1c02eb4
00d404c
1df8f38
0105b20
1f7ef13
03e754e
1eebd8c
021a7da
1cd8777
1ef3429
0002721
1c84617
0298c4f
0183ae0
1cd4c90
1e1e660
1e441ad
1e42c00
1f10607
031e551
1c307c4
00f7140
1e9a9ba
01e6bd9
1e164ba
1edcfcb
1caaa79
0365c24
016e265
0387266
1d90134
1e4fee5
1e65426
0152597
1f4a398
0225fa9
00eb517
1c8cc97
1f0b63a
1e0ae1e
1e6dd79
1c441d1
00d16c2
027f35d
1e8d65e
025e1fe
1eecfb7
0100511
1ee0dd7
0145482
02f38f6
1d5588d
1f1c7eb
0096a9e
014b0de
00a79da
1f016d1
1f158c4
01a8615
1ce246a
03ca291
0395c59
007b52c
0149005
00fc095
1f32f17
1e22958
01eae4c
01c2c3c
1c56357
1e8cd47
1fbe4f4
02efacc
0002526
1fa35cf
1cb8110
1dd8d62
1e0277f
1f6fd75
0070332
03fbf3e
1c95471
02f4728
1f282ee
1f2ee19
00e65df
1c14fc0
1fd9643
1f4bb24
1d689bb
03d20d9
1e04dec
001fbd0
03b82fe
1eaa553
1c703f2
1fee7f3
1c17218
0330531
1c205df
1c4467d
0091a32
1e2e785
008dbf7
0381214
1ea9bd5
0116080
02950b4
02a7854
03a78e0
1f7bd8d
026a484
1df0a00
03248e3
032785c
1d58962
1f16aa6
02ed1fa
1c9f4e2
0124d2e
03c0cf9
0239968
03c1904
1f9f0ef
01c5455
1e16ca9
01c242c
010c3a2
0354d95
1cb0171
1dd6f2c
1eadc03
0101bd0
01a5b88
0366888
1eb6342
1e6bc8c
1f5a21f
03d0386
01593bc
1e409d4
026ed3c
1f22e02
1c9a353
1f8f696
03aa07e
0153cef
1d5aaa6
02be1e8
1f194b5
1ce3002
1ea78bc
02691d3
03f8b13
0148800
03d6695
1f2b0aa
0022ee3
1f8b0c1
01486ee
0366719
03f80c0
03fd41c
1cd9e63
1dc3f80
1c9b667
1d9b008
02343df
03d26dc
0344c3e
1cc94de
1cf4e08
026ef63
02e45c6
0371b7d
1d26833
1c16c2c
0267dba
00e3a00
1f0aacc
0147793
0298036
035cf76
012c62f
017290e
1e80d37
1d026ce
1d0d87d
01e2bab
1f53e79
01652c2
00f659b
1f0634c
0167a26
1c83489
01e5b32
1f394b8
0075cfb
02cd229
0354b54
1d5256f
006893d
03d00fb
01ead5f
0260635
1c3fcf8
0144ed0
1d1e471
1fea75b
1e1390a
034810e
018600b
1e462d0
1cc7e8c
02bb850
038e215
1cb3fee
01b4485
03da053
1da0a6d
1cf965e
1dad600
0229cf0
012e5ff
0183fdd
1c20ec0
033a981
1dcff77
00c6441
032bff9
1e8122f
00f10e3
1d7ffa0
1c48291
008db81
0289589
017c25b
1e879e7
03da6b2
1d95209
016e9cd
1fbc534
1e95601
1c0df9f
0250028
00d1eb7
1ecf544
02a7e8c
00350eb
0114624
1e0df95
1d8878a
03267ac
01ea633
1e24658
1f869ee
1fa5f4f
02155a7
02dc0c4
1c36a83
1dfe538
02cdab9
0046ea6
1c9cc5e
014299b
1e478d0
02234be
1eb75ff
1e0fb55
1cbe9fe
1c88b9f
01368b1
1f804a4
02e6bec
1f18978
000c37e
1c50b55
0295d50
0283129
02a6a33
1c68a60
0249e38
00f269c
1c0aa18
005c806
1ca9890
1dd7b28
03b7626
1eaf1ee
1e43f53
1fa418a
1ffed6a
1e4cdc2
1d0b8c8
02047b6
1fd5823
1dce3e5
028afe1
1d78202
1e956f6
022182d
1e9dfba
1eff86f
1eb3b9f
1c2434a
01660ae
1f0a47b
1fcc0c4
0019971
1c2cf0d
02615f4
1cdbc79
1e9d72a
1c86580
00aa3e0
03e9ac5
038c42e
026fc40
031e56d
1e59b68
0113a06
1dc9151
022b841
019631c
1e23a6a
03e69a4
1ea07da
01527b3
1ca39ee
010184d
1e18ef5
026cd6d
02ed17f
03ce2cb
1eca6d3
1f5d9be
1ffe6f2
02297c4
03bb5aa
1e7e861
1c7568b
1c0784a
1d993b0
1c9d26c
1c62aa1
025eb54
1e57c1b
013cb06
00facc5
01bd839
1de1f9c
1f5bea6
01e526f
1eb6e2d
001ac21
038dbd1
1de3652
1dd4433
00dd57d
034d917
024a89a
02761ac
1e04bb4
1d5e7bb
1ee2141
1cbfe5b
0020f4d
1f2d1e4
020ed97
027e833
1de6795
1f52dd9
017875c
1c8c1e3
1d236d8
02513c1
00d0d6b
01f7d6a
0231719
0113a9a
00e8c96
1fb0084
0203da2
037e2ec
030f32e
022357b
031882c
1d1de52
01652ef
1d9bf3c
008801f
007918e
1e06af1
1f14681
00e0207
1e06ebe
0185606
1f0e191
1e61451
0023fa0
1c3a234
1e84cd6
1ca302a
1e66549
010e7f5
0319346
1f55907
012cff7
011bf0d
0102405
0179b62
1dc7924
03b6a2c
1d27ff7
1d867d1
03cbb84
005e93e
1db0923
1c98e24
1dda5b2
014ed38
1d4df66
1dc71ee
0064669
1f61a3b
028a4f4
0331f00
1e65731
1ee580e
005e220
1fc7b01
1f859e0
1ff3a39
1de65fe
0198ca7
026609a
003efc4
1cc4d87
005948f
038cbac
0338f2a
017756c
02d171a
022e792
1ea2dd5
1c6ac99
014fed2
03b2192
03baf7c
1d73306
1dbd88b
1fef066
03ff7e7
01cc388
1c3335b
1ff6345
01ae575
03dc068
01b2b1b
1cecbeb
1fbfedd
000bd27
0046959
1eef99c
1e6c7f2
1f123d6
02a7df0
1cc4dfc
01425ae
01c6e0a
1e9b442
017fff0
1df3334
013109e
1c0ce43
00a9a5e
0020b17
02764e0
01673c9
0281571
000aa22
1f76baf
1e1be9f
1de49d3
1ecb3a2
1fc4a71
013cb4c
039b040
1c406f8
1f88f00
1f79f6d
1cd6df3
03522a8
02316c4
1e38af4
02b7217
0141629
00f7071
016488e
1e38b71
1f69e21
1e91b59
0179995
02475de
1e0fba1
00ce9cb
020506c
02a0940
01cbd0a
1eaaafb
1fd42d2
1dbf7b1
00596cb
1fe1a8c
1c511e7
1da7d96
1f9a60b
010166a
1f89249
1ccb00a
1e43b99
1f71240
1c6ce48
1c357c2
1f36e90
1cd9c7e
1f5ce95
1e57924
1fefa7f
03ca373
03c2f8c
02e7362
1fd3c01
1c42224
1efe0d8
1df5bda
032cecc
014b860
024b804
1e4c52a
1dcb577
0155c3d
1e8eb3f
0178a1e
0221da8
0099d61
0283191
03447ff
1c2e430
1d88681
1fb9645
0326360
00e3e40
012697c
1df44c7
03e5bbb
018ab4d
1d1cc32
0072f6b
1fd7d05
039ffba
02e6bec
035fc37
1e4f811
01b14ce
1e64387
1ec1f66
009e967
0232464
1f54b3a
0019faa
029ff30
0014425
027fc4b
021f6d0
01b9093
1c81419
1e383fb
02d3992
1d7e42f
00c6eb6
1f1fe5c
03f2171
1fd3215
1f06fdb
1f2abe6
1ef6b9d
01907e5
0358d6a
1d79a6b
1f0a1a6
012db9a
02de1a8
1d80fa2
03e20c7
1d521cd
1d9aab0
1dbc934
1fe2a95
0209a99
1d2e323
038f995
1c8ed02
0138c87
1ee1380
00b962d
031d128
03adcb0
1e993ce
1cd5bff
1dcd311
0090b5b
1dcc8d3
02cd8a0
03616d4
024e35f
1f7f39c
1f32f79
0193445
1ea8e72
031b99f
01ae83a
1dde200
01d36dd
1fcda04
024c83e
1d2f997
1df104c
1e11e9c
1e66792
1f4e1fc
1c914c9
1d47cee
03b159c
023a031
00da049
0337126
01f16f9
0293ef4
1f835be
01218f3
1fd33e4
0256924
022851c
00a92fe
0396c70
1ce47c8
005ed5c
0324ecf
1dd5c63
1f14d98
1e346a6
00a90c0
01c666b
00d1d4d
019ebcd
038b5d7
1c4e52c
02abfb5
1dcd2fa
03529be
1e4b323
1cef9a2
1d6cd59
007bd84
1e2b447
1f8502e
0076424
1c4ad8b
0129342
0065370
01fb3ff
03c0165
0081183
013c41c
027ec71
1fd0763
1e61958
1c9ed2f
1f0b9ca
1e62fe2
003d703
1f7fa7a
0207685
1d5a538
02a4e80
017294c
1c8d8cb
1e8b9b9
1eb2d1a
1c7a30b
018dd38
1c15448
03ae37b
017f8b7
021bb91
1c94004
026de01
0045f8d
1f70765
009a69a
03a4b78
0169911
010788a
1ca18ab
02df4ee
036c35e
1d11865
1cb3026
1f13cfb
03c7154
004dc3c
0121215
1dc6a7c
1f8b0b2
0249e90
032b1bb
026ade5
010d17d
1ed1e30
1ffef8f
1f92084
1e0d523
0248af2
1d3ff66
02c75a6
0268dc2
03aa677
1def9e2
007f372
1de2f3e
1cede3d
1dccec0
021b98c
031ca41
000317e
0397f59
0318af8
1d07c90
010a5e2
00ef5b9
003c9d6
1c28054
1f6b32b
1e87e55
1f523fe
015f995
1cdc20b
00a2476
0295627
033e72c
029ad52
1cb9bdf
1e4ed3d
00f8ae3
1d5f257
1fcf5cc
1c25d69
0041bc5
01d302b
1d56910
1cd0bdc
00d874a
1c5c16f
03ce098
0214e5b
02c44c0
00ef3bf
1edc50a
00c6c9b
0009273
00e34c3
1e772f6
012ac16
01b9476
1e9b4ef
1f63bac
1d69d04
1e4c430
1f67d2d
1c0e018
00238b7
1d2145d
01f2d87
02941e3
1ff713d
029ffb0
0317a02
1c420fd
1e26b25
02e06c0
1e02318
02e03c4
1ef5448
1d1ca7d
1c1da48
1dadc96
00251fa
1d5f6d4
022833b
0096388
03d5787
1eba7ff
1f935c6
013a888
0183113
03d1e61
01467a4
01d0060
0108e26
01b24e0
1f79e8d
038a037
1e6b0ad
016a002
0206366
1d7242b
1eed8b4
1fcc523
02b6913
1e1eb29
1d1f1ac
1fa148b
1f4f4f7
1e1878c
01e77c6
01fcd12
0189b17
00d2e84
1fe32c4
1e1b618
01c5cc6
1e91df4
037e0b0
1f454d4
00fafeb
015ab87
016f1af
0009865
022088a
00d6611
03e4219
03b8e1d
01ace30
00728c7
1c23417
023c735
00df065
021d934
036c38d
01d65e5
03ed97d
1c34e4c
1d5db04
1ccfed0
1fbcb68
0007293
1d33585
1c94550
02371dd
031ee81
0399408
017dcb1
02623af
03ee59c
005f46a
00ab384
1d30d82
037745d
1c5a7b2
000fdaf
1dd21f6
1c78327
1f163c9
1f5267f
1dd58fc
0369db2
0344591
1dd4919
1c801e9
1c656cb
024beb8
1c78192
03ff310
032b5a0
1ea3097
1d74bd6
01479a1
1cae304
0216ca3
1fe20c9
1ed58c9
1cf93fb
02c9ecc
03a4ab0
03f59e9
01ab6cb
03b9bc5
00cab5c
0265820
00113dd
0262471
1d29148
1d19111
0161c04
022e9bb
1c131a3
1e9f6fa
02ab5f0
1e79bd0
1f9cfff
1f1f163
1ce2bf4
02970e1
1e1cb3a
1d0ba42
1edaf54
01ebd8a
002cf81
0056628
1c8d3da
000dc28
1f5a003
1d740b9
1fc361f
022f656
012796f
0372fa9
01d145c
1e43f9f
1f1d55e
0209f11
035d8ce
009446e
0144d20
1fa4413
1d725e3
1eaa9f1
1d5d8a5
010364d
00b29b5
1c392ad
1c41ae8
033b18b
1d070ba
03a0912
1fc5bc8
1c9556a
1d7a20b
0167d0f
1e28159
01fe1f3
03fdc67
026b895
1eb0ec0
1fd2f91
1c6bc98
1de6e92
1efb015
1c3cb70
1ff9145
1d12733
023a062
1eabb28
01badc7
003bc9f
0174fc4
1ffe645
01854b6
1d9a422
00e8d35
0071e6c
02c1c76
1d94042
1d73b88
1e6c108
005b84f
02f41f3
1e9188c
013be93
005032f
007e12f
01dc400
004f9d3
01306fe
026f93a
1c5270b
0020380
03326b6
01e14a9
0391e5d
1e5cf49
1dade70
1c54033
1ccebbc
1ebcbe6
0226be0
1d96ed2
02f67ce
1cf8500
1e5a6ec
1c07e50
01fc41c
035b8e7
1c31634
1cf325e
1e1fa70
01b7f7e
1d11b32
1e35c60
02a83b1
1fb8a03
1dfe178
1ceb6ff
1f24b94
0124fc4
01e18c5
03c5bae
1f0b57e
001af2e
005f4e5
1fcf03a
02ed77b
03e2ba5
1dece7a
010b4a1
03404d7
00108ba
00423dd
1d34b24
017cea5
1cf4e83
039b27a
1d994a3
01804e6
0235aaf
1f81e8c
1c586b5
03db892
009433c
025b5b6
01ce3ea
019e4f2
01c2aff
034d493
01f4c36
01654c0
0183525
01b7560
1d11b86
01469aa
0283545
00d51f3
00536aa
1e7d5ff
02db0a7
010ddfa
1cb5fca
1d531f5
0378d79
1f5499b
1ec7d64
01004cc
03958a7
01eb898
1dc72a2
0068e1f
1e89a6e
1c4c3d2
1cac522
1f9c077
018cb01
1fc7b80
022d0fa
1f0bd7e
00798c8
01a3af0
01f2811
1cb2325
1e9f06e
1db9e85
00238b5
03ee57d
1ee0fe8
00e29c9
0036c76
1e162a6
004f6c1
01f2e7c
1ed1353
1e71d40
1d534b2
1c913ce
03e58ed
1d19350
02ef9b2
0143d83
00d0174
0069bdf
0186d3a
03ce216
1f32db0
1f94450
1cad4b4
005f2fc
1ef28e7
02842ab
037c73a
02fc195
1d84199
1ec502b
1eeb3db
0250b83
02c9508
1c6de9d
030aaf9
02dd0ae
0253db8
02bfeae
1ff4a00
004ee6e
0272cca
03f07dc
1e0d873
1e4a052
005403e
1faadbd
026a969
023bf75
03dc739
010fbcc
03f7400
1d42a47
0228d85
1ded735
1c1922e
0057900
02fdff0
00773ef
0343ad1
03c4c0b
01b7bae
0037cab
01c0b39
016148e
1cc4bef
03b2d9f
00c6e75
02cbc34
006edea
1ceaa29
1c29961
1d04cc5
00a63f0
011c355
002facc
00f1887
01d86e5
01a5f11
1d524a7
01e1051
00681c3
0385412
1d28ef3
1c7d607
1c16a53
1c39cbc
1f45e02
006e7ec
0207eb4
013dbe2
1f0c1a3
00d284c
021ef5a
1c0ed9f
0248e9e
0251997
00f4212
1c1f846
01d8612
1e171df
01b22a8
03bcd05
1e6b56b
1ec0555
1d5111e
1e5a575
03beee1
1fc8ea6
0337cf9
1eb70d2
1c2f3b6
0240d9d
1fe74ea
003348f
1da2c05
01c35ba
0047653
1e18787
023d381
00ce14e
003f4c9
01545a1
1c508f4
1f9911e
1e7aa88
1eeece8
1fdb333
1feaf24
1df1bbb
00e34b8
00908fa
00c7cb7
0350682
1e26a3f
01bbc35
03c8c9a
1c86d5d
008aacf
001587d
1e914b8
1e5ac8b
023b9e4
1f21107
022ce60
01b2743
1e84f70
0351fb4
1e2c837
037eca5
001884d
1f6a45b
1d4a426
1dad325
027a6d5
1f786b8
1e497c5
1f39073
1fad0b0
0185f11
1fa7128
1f0cc2d
00cdaf6
02ccd98
1ea1e9d
1d533a4
1d74cde
039b77f
03a1f91
0141325
02b9ab5
02cfa55
1fff997
01dcccc
01fd208
1f66e74
03966b6
1cbd13f
1cffc7e
0039e70
03d4a2d
1c85b6c
01cf911
01de42f
0334b9d
0026843
03c83ba
1cc2683
1dca024
0333444
0026e37
01c35a9
1faf00d
1c60127
0376e60
1cdadd5
00fd396
007a091
03d7e14
0336158
039e89a
00c4afb
004f153
000497f
01ee3a3
025c960
1ee4518
1e3def4
1fc2877
03bec3f
1ca6d38
02166eb
1fdec98
02de605
1ed5d7b
03492b3
03af426
1cddeb7
1ccaef9
1fe631f
1ddbffd
1d70d21
1fe8cb5
00e9f19
00f5c45
037f7e1
1d4862f
01407d8
1e16240
1c1313e
1efd125
024190a
1dac658
002e99b
1e1a70f
1cf9a1c
1f14886
1e33889
1e7d83a
1c93e74
1c10f4e
1f13a7f
1f52120
020ce8a
0110170
006e17d
032cdc6
1ebed27
1e093ce
1e26547
022154e
00943cd
1e8f90d
031f5b1
034ea6c
0249337
1ffbbd4
000bf97
1c34dbd
1c283c0
002a7dd
1e108c9
1d7f714
017b1a9
1c3e2e4
1fe3f87
1c70f6b
020cc4f
1d47a58
1f853c0
1c25806
1d551e5
006f23f
1f66dab
1e6d906
02919ad
1ea20b6
00d3ae5
1dc422f
1ce72db
016c353
00399f8
0214d64
1c5e10c
1e0e1c9
036b640
029ad5c
1e70b72
1c21d28
1c61a43
1e2e5b2
1ca5e1b
00fd331
1fc9166
1e89018
003c598
029ea3b
1f5503f
1f41195
01624b5
1c923a4
03c8434
1d92e54
02d3bac
1e3807c
0273a9b
0094eee
0013205
00c2b70
00259a1
02970a2
026d2e6
1e8a674
0347e39
02f580c
0126ea6
004c8a5
026517f
1e53614
1e3e99e
1d8c334
0348e8e
1ddeba0
0114b56
022c813
01eee8d
1e1885c
1e3ca63
00541ef
1c7760f
1f303b1
1c48e48
0357fa0
01b144e
015fe22
1e4a27f
0337801
1cdbe27
0085c10
000b8d5
0108d8d
02f95ac
01b7364
026abe9
1e4c257
0030955
1cd1cee
1f01bef
1e338aa
02cf8c0
1ccda47
1f84c75
1d3e80c
1d99747
1f40351
1c0e6ff
0172dcb
1ffaa66
02e3edc
01b043c
1d8f1cf
1f713ec
03bc0b0
03c1b4a
02548eb
0132182
0276b19
1cd1f5a
0349e87
030efeb
02e4240
1eb6c79
00bcebb
1f31797
1c2d5f8
1fb3b1e
1d7635b
1d5d1a4
03772c7
03ff59c
1f5f1c3
0089ee4
02f07ee
037f9b9
1c21965
1e2c2ee
03c443b
1f15818
1eefa91
1d443c6
1dabf57
0298b0b
018374f
1c86fd9
00686b1
1f714fd
1e93bc3
039b0c8
02ff73f
1c259a0
0063c2a
1e0be57
1c6bc7a
0317fd3
1d000e2
1f0d7ea
037e716
0101617
1e15b62
1c35884
02f0490
03d6477
1feee45
00ba638
1d4f03d
03e584f
1e08ba2
03b1539
0148b46
03882aa
1f2ea05
016e737
1f45097
0332b25
1e27d21
02f1540
017fee6
0007503
0219ab7
026802b
012a7c8
1f705b3
0195aa2
0300f8c
01f438a
1e5b3ed
1ed69e8
1c397b4
03bca66
02d9dd2
039d874
1fa3589
1c3d1c2
00b20cc
1e91bc3
1def17b
1dc2eb4
1e2ea5a
1d3b2a8
1f9cd5c
1c1e18b
03fb465
02862ea
1fb81f5
015a6ff
02cf8e1
003fb93
1f1596b
00d6fb3
1f33f6d
022db7d
0391508
1f486e7
1d4b10a
1d2ddf0
001c20d
00a47a3
1e14f4e
1c926a6
01010a4
03baf1f
0005b68
1eb87ad
1f9cb14
011996d
1c4547e
023acb9
1e2a3bd
1f49645
005e46c
028927a
0062970
1c55aba
1f14534
1e7c401
1db23cf
1f446b6
1e5b11b
002d94e
01f4c0c
00b5c5a
0132597
1cb1e77
1c7a70a
029b436
1f24564
1fd884e
03011f6
1f4a572
033d05e
1f66b81
02e5a7b
026f276
03a5c4e
01abd6b
02455c5
0010139
1c7775f
03c85e9
0133589
037a5bc
0311634
1db46d9
1f80c52
0045c0d
002f8b7
01b95e6
1c87e1e
014dd95
02de8af
03e841b
020c760
01304af
1f64433
00e4137
037f58e
029e522
1e2df6b
1f250bf
1db8541
1edfced
1ea025b
012c910
1e5f514
03e0ac3
1db8017
1ee9c23
1ddbcc9
1dfdbd7
03dc8ed
017979b
1e7a804
0087b38
1f08ab3
02794fe
1f75dcc
1d0b3d6
1e662c1
00ba6e6
1f157d7
01cea01
0088e7b
1ed5215
024bcb8
005140c
1e5f168
01f1d17
1e39430
1fbc74f
02e15bf
01b3156
1c62f66
1e36571
1f324d2
029765d
022abe3
0244658
1c2dcd7
01d5253
004e83f
011b808
1cd9ffb
012a261
1e2f35d
00034aa
01373bd
01b509f
1c13f15
004fcd1
03dba16
1e3d87a
1c9a418
1ff2c77
01cbace
1d33aba
0160989
018d161
00453f6
0109755
1c02ddd
01183a1
1f869ce
1e9b89d
0324f53
1cbb80d
02fe118
021a90b
000c1c0
02f07cf
1cd0874
014d95a
1cc1943
1c43d6a
1d0a441
02f6564
0230dee
00777ce
019f73f
1d031d9
02f6e19
0028d86
02e5857
1f02ab3
0069f49
1edd96d
0141f21
01731c7
1c97013
011b8e0
02b8de9
03905cf
1ffc3f5
028fe08
016e6bd
00181f4
03f3693
00754a0
1f2a913
03dcc7a
00f107f
030e912
0001fca
0227142
00c275c
1cdc81b
00304a5
02a03c7
1df1b9f
1e27344
1e1b4d9
1dbf776
1d4b0aa
1e6b2b6
1e301cf
0159bcc
02717f5
1ef3e2d
01e8451
03a5d2a
1c42483
0065ce2
00151f7
1cbd83f
03e7f55
1dcce65
027316b
1deedfc
0035d4b
0367681
1d73552
012ac54
1e7f77e
00b7f91
1d07648
0163628
1c99512
1dbb3b2
1d5c7c2
0047768
01af46d
1de5451
021b9d7
00e9955
00234df
00dc487
02bb197
1fdd233
1fae06c
003cc04
006d869
1f9edd9
1e97bff
1c000e5
1ff51bf
1c2eb9b
01aa89b
1ec3b6d
027fc81
1e66ef9
1e36882
1e18624
1d5edb6
0215fe1
01f4fc3
1e82c9c
1f17988
1c0d7c8
01c819f
1f1aec3
024b52d
1dec51d
035af17
1db1fd1
0286541
02fe367
03c48a8
1c9b9e4
03db865
1c09e48
03c5b23
035a60b
0347a32
1e5dd3f
00d5a5a
03100f0
039473f
1dde2fd
01e6d00
1cd8fea
1dd708c
1e02623
1cd9725
0303a4f
1d81efc
02086dd
0177307
1dd103d
0254f3a
1c8aaaf
1f6a225
00d19e5
1fedbb6
1eecc95
1f2ccf9
1fb47bb
1c58c25
020877e
0314902
01447cc
031cbec
015b6c1
1c02bf2
00294f2
0057026
00dc2d3
1cedea0
02df23c
03c5cd3
0335e04
01c436d
1ea7c43
0235c99
1e886de
024ed44
0239176
0077de0
021a479
02e28ef
1cddf73
027e79f
01cc725
1e73dab
1c003e7
1c437a0
1fa9bf8
0095d8c
03e9018
00d4da8
1f0f4a2
1d59f7b
1da392d
00c2ab2
03abcf3
022821d
005fd3b
1c1c9e5
00ba351
0042f81
1d62586
039ed9f
002287e
1caab49
1fac0fc
1db5035
1f6694c
03cba3c
1f02969
1eb0ce1
0311212
1f32181
00deced
010d58d
0210e12
1cf115c
1da3b0f
1cccbfb
0064882
1cebed9
010f3e0
1fc793e
1fa7c65
01a8c72
03f7f8f
1e66930
1c1ee5b
1fe5ca5
038d4e2
01a67d4
1ece548
1dfaec4
01abbcf
1fa9358
0346aa4
1f0dd08
1caac13
02fab6b
0178792
01d74bc
03c2f1d
1c8f69e
01c65d1
1cf4019
010c37c
033ec24
1ceba37
1f77cf8
1d64395
1d9740a
03d6eda
1c0963b
1db9fb4
03d5c5c
1cc87d5
1e47f6b
1caeefb
013c182
1d49d08
1c002fe
1ff3dd4
1d4a2ef
028c9f1
1f5c446
00af567
1c7e5ee
1cbb7e1
1c53ce1
1f34733
1d43df6
026aec4
1cab505
1dfcf59
0015f10
1dd6dbd
1c624ee
1c10c2f
02a0349
1c64588
02117c5
002db35
1ff2b79
1c7e93e
1f06dfd
1e578ee
036479e
1eba77b
019ac1c
1c84823
1f07a8e
00498f8
1ce3508
008289a
0317a9f
1daa6c4
01925fb
1c54ce8
03f73f8
1dd8fd3
1d81ddd
005ac18
02a6a6a
0277440
01202d8
1d3ea0f
006903c
0145887
1f41300
029c8a3
1e2310a
1c2df53
1d50aba
1cd2c34
1d36b87
1e33446
01628ab
1f51d3a
1d44d8b
1f701ac
0144224
02ffbb6
00b1743
0362a10
021dfd8
1f8fa5f
01fa4e8
00b1d74
02c47b1
1d57a2b
1f1acfb
1c8ddd0
02d8edd
032c8b1
1ec7b0d
1d1a4c8
1ee9429
1e4da6d
033bfdd
1daa911
1cc189f
021d836
1e07218
02bf247
1c4141b
0101470
1c5740a
1daff5b
0310f7a
00f406c
1d02cc4
1ebeb88
1fd6d8f
02791c8
1ebb507
00ceb35
0233632
00c398f
02c0905
1c88d95
1cf2dbe
1ec9ef4
00ad02e
1ed00d1
01b631d
1c82161
1c2051a
1e20f16
1da03ac
0080911
0316192
1d4fc1e
1f79fa4
1d9ea79
1dd38fd
1e24854
029b3ce
0273c5e
1ff72bc
02f6fef
038e723
1e63832
0285b7a
1ef0c6c
1e2c405
01cce81
1fc82b5
03bebeb
1fa2b27
1cb3a53
1e73d5b
1ed5392
1f8be63
1cf76c5
1c9c59a
014b51b
01abbd3
1d446f4
01764c0
022e2c2
0350bea
0042cbf
1ebd7a8
1c9415b
005c92c
0129680
00fa156
1ef81ff
024eb77
0110311
017e1a7
03bf0d7
00e612d
1e68a44
0332fce
1fb8242
0101e67
0312747
1fd5155
1e80f89
03ae010
1d5ba1c
1cbc389
01f8c2b
02033af
02c6c5f
1e807ae
1fd5f64
1c6b898
03173ef
1c5b6c4
1f75eac
1f87d87
1cb3512
01d05bb
013136f
1cb196f
1eba129
00929b0
1f11fbc
0237cff
028af72
01da4f9
1fb6483
02cacf0
1e79641
01e8a00
1d3c861
01fbdae
1d86d69
0333e84
1d4267b
1c3631c
1e412a1
026cade
03b27ef
00283f0
00cb265
0167d7a
1ea06ac
1cb1fbe
021fd96
00c462f
1e676ae
0093303
1ceb6b9
1ecce78
1cc1d19
03a46c1
1f0e885
1c735a3
1d69f82
01f0ab6
01fcaf6
0355f3e
00590b4
0379cba
00f91e0
1cef4cc
03ed23c
0395a92
1e95a02
00dd75d
1d539b4
0091d67
032f647
0127aac
1fc6c42
1e134eb
1f63bb8
1fbcff8
035aa98
0354208
1ff18d0
004b13d
1ed88d2
1ebad60
1d84611
03e86ba
0210082
1f0d79e
0148511
1fb1dec
03a4a2b
1d21612
0347df7
039f63c
03503f2
02d1b72
1fc37ae
1c1a8a5
1cfc63c
1fe2b10
1cdd163
1c189ca
0221f23
03fb58e
0344473
1e25312
02ec35d
1c1570d
1ce4cff
1d37f76
018dfe8
00d620e
1c2e849
0246444
0230f43
00159d4
0334199
02b178e
0225f39
03df509
00a6126
01f9a33
025ecb9
01e1d2a
1e1ab7b
01054cd
031692f
03d75c7
1d22c53
01a6b81
00bd8a0
1e24cd0
1e5c316
1daec28
1d6fadd
1c7f5bb
1f5852d
1c9d2e8
004b87f
02ffaa7
01c875e
1cfaf37
1cd567e
1f1693b
1e4ad03
0301081
1f4a635
1c7a1f2
01660e0
007b6fc
1d85703
1e97f87
1ddcbe5
0211b54
030486c
1dc5254
001cc56
01fb278
1d3b867
1d2c06c
1ebf729
1d04599
03dd22a
1f56ae8
1ceabe2
1e40c40
02f43ec
025d806
0104aa1
1f3ce0e
1ccb3ce
1cddac7
1d6e522
1effc42
0087770
1c722d2
1e5bb2a
027d410
02d14f9
1ec3e91
1e6ff3e
03d05a2
1cc8214
1fe97ee
1c29443
01f0e03
1cf81ba
01415f4
0301eaf
1f59d31
0141ebd
1cd3bfd
1cb7743
1ef14c6
1c73506
1f1fbeb
1fca660
012dd90
1fa59e7
1c1424f
00f6ecb
1e1b6a6
1f6dcca
03efa90
03fd2e1
1f10b4f
0215886
006d0e3
1da2baa
0031b3a
00d135c
00c7b12
1cc5e2b
03d1b0c
1effaf1
1c2748b
1c39f4e
1c5c9f7
1fc0ca5
1fc0f89
016f473
1e25fb5
01c053e
1d971a0
1f42626
1cde228
0366cb4
03f88dc
024bffa
1f74f18
00e31c8
001b481
0396816
1fe8052
1db3a91
1d00511
01f2d47
038e1c4
1ec8ae7
1f8d705
0390717
1f7c2e1
02b5422
1e2fcf9
0067feb
00a416c
1daa62a
00b7098
1d79c4a
02b2011
009e067
0246e10
1c8acb9
03e587e
1d51496
1d0a865
01137e7
1df1d51
037fcb9
1c80032
1d73414
1c45f56
1f32373
1ceeb52
1d579f0
0097421
0218eca
024b2ed
035bf09
01b6da9
009639e
00cf7a3
038b219
01bb538
03224f7
1ff9e3e
1d32cd2
1d74467
1d661fb
1cdd273
01ad4a6
1fbc747
0179132
1c24169
1c960ea
1e191d8
1d58108
1e18318
1c887b8
0391fdf
1d2352e
03e3feb
1f5e7f0
1f58a7e
1e265b6
0234158
1c92b13
1ccaf25
013f629
1f5e4d5
1ee54b9
007a899
1da7da8
1ec38e5
00002c1
1de2f68
010bf7f
03b76b2
1d5aef6
1e9dc24
1f48426
1d327d0
00c2a03
1d29e75
1d1442c
1cfa765
02d5df8
03a93ff
1f463bd
1d95edf
1f45c93
1f236eb
01ecf0b
00daff4
00af2c7
1f32e4f
1e977b6
026d6f2
1c8310a
03d8f69
1c187c5
01fd0ce
018acef
0320f0e
023a210
1d494a2
1c4be27
1d06334
019e429
0272da3
03c992f
1e4fecf
035c92e
1c917e5
1ea1589
1f7bf37
1cec248
1f18c5e
0193522
1f8e93a
1fc2f99
1dd0f00
1f37d79
03b5be8
00f64a1
1d9acc1
0358d4e
1c2a500
1ca324a
01d5255
1f5a38b
1c64aa6
0348403
01c324c
0029bd6
03b66a6
1d19df2
1ce35a0
02422ef
0241d57
039054f
0255c46
1fea9ba
1f106de
0164236
1c8cecf
01a55b0
1d12448
023bb4d
1ca12e3
02b9199
00242e5
00bb3d5
1ec8259
03bd7f8
1e2b681
1ffb449
1e4d184
1e20f64
1cf3096
1ff28f0
1dbea76
016daff
1ff2d61
0364723
01e90e8
011c256
01b7569
1fe6a94
1e2dcdc
010c4e9
006f41d
01a9e3a
1faa448
023db01
1cef9ce
039d15f
1e3b053
1f971b8
0190d40
028bc63
1ce0dd8
1de0aaa
017c57b
1e3382c
1f6e28e
1d9fa7a
0228b19
1dee0d1
1c002f3
020e3c0
1fcc81f
01ce5af
1f88ce7
1c32871
1ef1d9e
03e13b6
1cd9186
00e7078
1d9bf38
0084369
1f547f0
1c6e373
02be368
01d299e
1c9b586
1e451cf
1c4084a
1f97eba
028a7b5
1e5bc72
0340b6f
03fb095
0354de6
01a2082
00264b6
1c8f62f
02ddc55
1fbdbab
1e10dab
1d04e4e
1f21bf6
1c6bd64
1d6ed66
1d62eab
1ccda84
1ca906b
1de15f6
032fffe
1fb9b17
03efc3d
1ec8d7e
0260851
1d94bc6
01bf5d4
1da1ef8
1faa764
0123101
1cec1bd
0281e64
03a2bf9
1cfe634
1da3ecd
01303e4
01463c3
1e5a6dc
1f9cb92
1d9944b
1d49d6c
1d62ed1
1d8359e
1f49e79
026f25b
1ebba76
0301833
1f89a5e
1c5905f
02b1fb5
1ed6685
1c021db
1d13d7b
1e7704e
01bbf6e
1e2c40c
008d2de
0319682
1d26a9a
1c5126c
025ab55
03e8b08
013ec6b
1cfeb25
02adf8e
03d6c1d
1d5f736
1dc9fc1
00a2844
03d8232
1c5378b
021a93c
00ddafe
1fc25ca
01713a4
0181087
1ec7834
004aaa7
1eb40ad
01c5134
00549a3
1c2c248
01ecf85
0228ec6
03ec090
1ff643c
012d5fa
03170b6
02b943d
019bbbf
1c972e4
1db8e98
00257f6
1d6dd72
1e7fcae
1fa8593
1f1f910
015fd1e
02edd83
0287b22
1f74edc
01feb00
1e89439
1cefcbb
007c5bd
1d2c468
03dda2d
1ddd991
03bd49f
1d70fe9
001a827
1e4f43e
03ca276
1fb318c
1eaa7e8
1f9883c
1c77e0e
1c49092
1e0cad2
0239b03
1c3cec3
0082f64
1d5ef0e
01b81c6
01254a3
1cb776c
02b5bf5
0190283
014800a
03a5ac9
1c04330
0134a55
011a51d
00b3c6e
03829a3
01445b3
1d43762
028fa66
1da4326
1cfa283
1d02e26
0128509
1f716d5
0197c79
02df311
1c3ab05
03a10a3
0067707
034bf35
00ac0be
1df9a09
033c1b1
1e28bb4
03584b6
1d5325d
01d0332
1fc3bca
1f52b30
00b9238
1ce2831
1f7839f
1c2dc54
1d4b34e
00e90fc
0082750
004e1a4
1e1e548
1ead718
01e6064
03a608c
1e486a6
1d16627
1de9597
1fd7897
1e0dc89
020e58b
023795b
0245fcf
00c4c3d
03f93aa
1d2be13
01568fd
1eae90d
03e454c
1eee50b
1cb9996
1e4f0ff
00aa15f
1e4d674
01bc9bf
0044420
1dcf2ea
1c6b2b0
1f0bfe0
03c8f5e
1f15e23
1d3627d
1f3a971
1d1e539
029a4ef
1fb7539
1c532ec
02e0c57
1e77034
03508a3
1e2099c
1c72c86
1eb68d1
1e4926c
1e0bc88
0125115
0158f5c
01db844
1c0baec
1d8a7f4
1dad0d9
1f9c5ee
1c7dd3e
1e40de5
018bfbf
1c925aa
03b875b
1c9bd25
1e832fc
01d556d
019cdfd
1e462d1
0371148
1fe3a89
1ecf55b
1d655a0
03e12df
0124938
1d1ffd7
1f36364
0370f6a
1e779df
0373a2c
036e72e
1cfb6fd
03838eb
1e13540
1e7500b
1d417d8
1e6f257
1c57e38
024cb79
00e8d4a
016fc96
038dfdc
01d730c
00b0e3b
1fed789
1c2bdbf
1fd80c6
0140a37
02b9475
1e9a1e9
1df5d95
1ef31da
1f7321b
00396d8
1d42347
025b6cd
1e01597
01e9dad
1f71cff
1d38168
019d7d7
1f489e7
1d53e6a
1cdd125
1f5dc68
1ecd59f
1ed271a
01a174b
1ef128f
1c533aa
1e14cfb
01d24b6
033cf7f
017f7fd
023179e
035fbd7
1c3b271
1e4ad67
1eddc53
1d52cdd
03d7060
1fac586
00ae3d9
00121fe
0116639
01a3ac2
03b1f01
1c49381
1de4574
01c4809
1f97a3d
1e827ea
1e87504
1c845e8
022f0a3
02f2804
00d6d3e
1f6b039
0374f65
1f7aa3f
1f0e43a
03077a7
1e16543
1d7f9fa
1ca68b4
03ef92a
0193207
0307e92
1dc9432
1fcc2f6
0278f70
00f0cf9
034c4be
0272b3e
1fc4d77
00a8fb9
1d54d20
030bbe0
01769fe
0191a00
01dcfa2
0352dc2
019a2b0
0245380
1ef786e
1db85fe
0077d81
1e142b2
1c8b7e8
037210b
01f5516
028e44b
02ee1d9
02c9933
1c0d21c
01b7761
012412a
1f0831e
1e4928c
1d061dd
1d1e450
020e193
1e9abae
03561c8
026c278
1d391c8
00294f4
1f419cd
1ea3f06
1cfa339
03302f0
0084393
1d6f3f0
1e2d9a4
0202ab3
1e8c30c
000ecf1
1c1a922
1c39cf7
1db443f
005b85c
011cee4
1de3dbb
1e6212f
1d67319
02c72ef
1d65274
1d4cd29
01ca17d
1c5b726
00535ba
1f20ac3
00604d9
1f02973
01a94b8
0110595
1d12327
1efd294
0107ed8
1cfa902
1e6c6aa
1f3cba1
0042f4f
1e7be04
011c468
01ff531
1d4fd1b
1fc6db2
1ee2b49
1ef6f99
0098678
01a8e32
004426c
1fa2d18
1ed1fe3
0355d9b
01c9dbb
1d42fb8
1e9e411
1e4a3ca
01d3f95
02a8b08
1e0af0e
03a5753
1c441c4
02ea31c
031a352
1d7c4e5
028a452
1f70101
1d34a8e
0267683
01da521
0273e10
01c9c3c
1c3e066
1d86e07
1e8f19a
024fc53
1cd73a1
1efe717
01304d5
1f2ba57
1f6b4bc
02f84aa
1d86e7f
006a7ef
1ed4d94
1f53d20
0201314
1e28241
01cd574
0328750
1de381c
1c5d3ac
01ee4fc
1e00ec6
1e43324
01df3c5
1f5ce2a
01a891b
1c4521c
027495f
1ec0631
01976ae
1c38892
1ca4201
02e7fa2
1db6e67
1ceeadc
1df7299
1c153b9
002206b
00de670
1d6a663
01e8cf7
00dc95a
01fdfdc
03810b4
02aae4c
1ffc0ba
03b9fb8
01a8c73
1caa373
0039771
1c4a5fc
1f7d4cd
1d7eff3
1e767e8
1f51251
008033b
1c099e9
0210677
000c7a8
026fd51
03ac3e6
1e88cec
033ca5e
026e8fc
1f69a15
1eea6f4
1e81360
02400e3
02d9c98
0259d7c
1ec69b9
023c38a
0167ab8
1f847ae
01aed88
032e032
01734f4
1c26ed7
1d39b74
1ed6f96
1e16014
1f5f34a
03bab8b
038b895
1d9905b
03203d7
00496f4
1cc1288
1f02423
1d06306
1e9bd96
00499f2
03496c0
02cf9a6
1f53143
1c42346
00ad89b
02371cf
1d02348
03f6dfe
017c079
03c7f05
0292521
1ecf331
03ef788
1f07b6c
01fae9d
1d0b326
1c7f640
1dfca23
0334857
0033581
1d9c8eb
1ca2e93
0059510
01ab51b
009f09d
1f3421a
02de873
0191fb8
02bb13b
1f26604
0339a0f
028f23a
1f41448
000a863
0044aaa
00ea42d
1f0fdc2
1f06168
1d847d6
02870fb
012c920
1f0937c
0399382
002db30
023c5a5
006929f
024ad03
1cf2db6
0199a0f
0121692
03d17c6
1d91974
015912d
1ecd80a
0340452
1e5b4e3
00b1496
1c9a5d6
1e90c70
0009ef3
1f6a8ff
036f1e7
038852f
1c468aa
1c2a51e
02e64a1
022314d
01c8e48
026e1d1
1cc239a
1f6740f
1d032f3
0109a47
1cb5994
0078cd6
02b34a3
1c9e5ba
014433a
00256bc
01f672c
1f7a9ac
1d54d91
1edb628
004a420
1e150cf
032f030
1efcf84
03222a9
02eb0ea
029f604
1f97e99
0183c81
1f9e723
02c2280
0370beb
00c0c11
1eb94b4
0125819
1e2a638
02e79c5
1c68b0f
01c4f14
02eff25
1ec7b4f
1dd7aaf
015d398
1e596e4
01e17cf
1efbc13
1d84513
1cad23c
1c93576
1c47570
1c4e63a
035330f
1e098d4
1fbd164
1f607ae
1e50020
01439c7
1d8c6c8
00d974c
1eaa59e
1fce17a
03400ef
003a984
1f4ef47
1f4d4b5
1d1f61d
01cf367
03188ce
1f56abd
1d6d027
01c5117
1f11ae6
1de2347
0256c4d
0268e33
01ebf32
0367600
1f1e053
009a8f8
1e5bdc7
01934af
0072a72
03dc85c
1dd17a7
0070dd1
1d8e9b6
00985fd
1e2adcd
1f6562d
009ab8f
009742e
01e8d6d
0332ff6
1e80692
01d0264
03df8f3
019cfdc
1e29e13
1fb2929
1d6900f
1ebacfb
1fc6881
1fbccaa
1e423f5
1e264be
1e54167
1ccfc67
1f44df5
0220a7b
03a178f
1e1426a
1efdf8d
1c3ae83
01df3c5
037b669
02f134d
02cacb6
1f8258d
1d96a7b
1e50784
1f2c2f5
020d4b6
1fbbdf8
1e151ab
031ec7b
0062480
0044e19
1eb0f8a
1f93851
1d8f227
01957c7
1db52f0
1ffaf4b
1de0ec2
0152cc3
1dcfa78
031fec2
1c14455
1cc7fa2
1e6e480
1da3992
1e7ec5b
1c92a8c
1d0a5ea
1c66760
02d9323
037f951
022e37f
1f9fa2a
00f1c4b
1eb8f2c
1ca227f
03d09e1
1fde3c1
024df73
1f0d6f5
1d687d3
1d38a42
1ccbdae
1ece068
0275946
022cd7d
1e7df4c
00f09a4
031197c
012d951
0038d8c
0030c3b
033575d
1fd7023
004a70a
1ec3454
1f3d8d3
00ca3bf
1d92db6
1df264c
1e5168e
1d2f220
1cf0447
1f9f7f2
03efd8d
1f49d8a
1f04869
1cba09a
004350c
1ca5112
1d187bb
0050950
016037d
03788ce
1d724df
1dea2ae
00207a3
1c5b2b4
03809d2
03c1048
0397794
1f49150
00ec62d
1c03182
1fd6713
1cf6805
027aa87
1c0593d
1fe0c2b
1f56804
1d00c2b
1f29189
035e127
020d767
00c753a
1d59750
00acef2
0036d5f
02c663b
1c22775
1e50960
1e85a4a
1d9347c
00a0e01
02d4e46
1dffeeb
0041500
01247d9
1f41385
1dd297f
01dd03b
0324294
1ec29a5
03b7e04
1f8d461
01c400a
032b5d2
03968a9
1fb8b78
1cc412c
1fd9d3a
02ba40d
1f6aa6c
002f060
03dd319
1ce51c9
0248c6b
00aa9b7
011ff76
1da2e90
1d3c838
00aa1a5
01a5f96
03d397c
01c508b
1c532fe
01af293
027589c
02ee7b5
00b7aa5
019298f
1c4cbf3
1f98937
02c02f0
1fbd36f
1c498ac
1e9ec7c
1cf4afb
1cf20f0
1d0fc83
1ea7866
1dba7c1
1d9e6ec
1ed0d7b
1e95002
0182722
1d4dc3e
1f40eeb
020a15e
03b5508
03963bf
1d117e0
1ce0551
0069860
02749a8
1ca96fa
1f8925f
0316ba7
1c066c1
02ce97e
0087b32
1e29c25
1c6a364
1ca7770
1df94b8
1db3f67
1cab3d7
017fc14
1ff8efc
02d9826
1ccdffc
00878e1
1f56408
02f5886
018cf6a
00de457
00a3316
01ff5f3
0022897
1ed02ca
1dc1ccd
1e13010
1cf03b3
1e746ec
01c628a
1c50e71
025e1c6
010ff72
010a8a4
1efa10c
1c4118f
1f8f6d0
0358fed
1c9ecf0
1cd9d3c
039c78f
1d704fc
1e89e50
02e0d00
1d0ea22
1cf281d
1fed624
1e96418
011b391
1f898bc
02f14f8
1c4576a
02ae8a8
1d11bd8
1dd37e1
02bb62c
032be38
01820a3
036d918
03fe1cd
0234f0c
00bb8b2
0238295
039a5d4
1fbb24d
1f94b26
1ddbad3
1df9b6f
1c9a38b
0170d5c
1c99580
0240cc8
0349f37
1e54f84
1d1826e
00601af
1e6cf4a
009614e
02898ef
03d039d
00b84f7
00b2e68
1c00b5a
02ccf5b
1f9f107
02390cb
02a28e2
03285bb
1d55a70
035ecdd
017b5a1
1c61df2
1ce5445
1c51fc9
1c439e6
03901ca
03f7d7b
03e7647
0156baa
1d6d5af
1dd5571
019afed
00320b6
01e1f00
1e6621c
002c7f7
1e83c4b
1ca683c
1c44b42
0012b7e
0186174
1e6d630
1d9ba49
1d35e6a
0213f62
02d4824
1d7be1e
02b413a
1e43c6d
039287b
0373e1b
1c6d4a7
1ca28fa
03eb12b
004eab6
03e382c
1f95320
03e5ff2
1ca6b97
1fe8dbf
03acdc8
1e6058c
1edc8bb
1ce2043
0264f4f
02d8b2b
01cedda
00d8910
1c70efa
1eb5b00
1c642f8
01023a9
0246e7f
004a00b
1fa4b0d
012f2c0
0016fbb
010736b
00f2fcc
1d765ae
1e2ec23
0275b09
1f480aa
01d891d
1f73931
02fd62b
1f46c63
1eea214
01a0f80
1e87fcb
026dbc1
02e27ae
1d18108
1e632bb
03e108b
0205bf0
03bdbb7
1f648b2
1e6b077
00f7f80
0291fb6
03578c4
00b0daf
034d645
1e75174
0070d8d
1f1d1c1
1c78796
00eb683
1e52857
1c25a3b
02495c0
0240d09
006c93b
1f75967
01b4ec2
1c45cbb
0368ec4
1e2946a
02a9bf7
1c4482f
1e31776
1f9431c
1fb1fa9
020ac6c
02a2081
017b971
1f50a4e
03916fd
1ccf889
032aa8d
0258f01
1c00f8d
00ac2d1
1ebdeb5
00f2605
1fdf851
02477c8
00a9703
0139a43
1ca1ea1
1f4c5e0
00c7e89
1f9382e
00b64bb
1f709f0
006177c
03db6d2
029a7c0
02091bb
032d1e3
1db30df
1fe49e8
1d7ed7d
02ee57d
1c071c0
1cd13e1
1c7dda9
1cc2bf6
1f6ff33
0362b89
1febda1
00aef48
1d3c163
1daa331
1e4baca
0341522
1f3f23a
02954df
006d572
009c588
1f2560f
1e540cb
0081815
03b5e45
02ccf73
00c2102
1ceca0b
018d298
02645ec
1ffa3a3
1e85ca7
021ba24
1dabe92
026abbd
1d3d870
1f855d8
00f5bfa
02a76fc
008b702
03b5917
035b875
1d3a904
02ced6c
1fb88b5
1f99d4d
1c19ad8
1f41442
02ea281
1e02378
010039a
1d1200c
001c122
1ca35b2
03d0648
1d2abd6
00f40c9
00b5dd6
1f9bb6d
0386aab
1d7e86e
1db17fe
1ef5d77
1ff91df
01e80f9
1f79bfe
01deebc
1fbac5c
03662c9
1de9b3e
1d3e553
00e69d2
0249938
02204a9
03feb66
1da130f
1f4240f
1dfac79
1d1f46d
1e123c4
03e556a
1cb36e8
1d2458c
1f6acb0
1cde374
0244418
1cf117f
1e19664
00a288c
00d8f20
018e346
1cab629
1d81245
1e38484
008e09a
03468cf
1e179c3
0126e61
0326f4f
1cdbe96
1c35f30
1d7f2ac
1c5dadc
1ebc080
0047c3e
1eed090
1e182f1
1d06257
1ee787a
00e3ef0
1cb2c05
010c40d
03ebdb8
1cb0034
1df7db5
0376e45
03d1732
1ef5ffd
03ea717
1fb68e1
1de58e4
00ec258
1d754af
1e629c4
1f85ad3
008772c
03fbe2c
023edb3
02ccfa1
1c92d8b
0342eeb
02ac284
1f334fd
1ebc2f7
0178584
0150fe5
02fca3c
1c89eb2
02a670b
0045501
1c47ee2
01f3629
03ba936
1e8af4d
1cfbb26
009b3ce
02887d3
1e2a4c0
1ce3498
005eeec
1fd8c9e
1ea5b36
1d72d35
1da769f
1f40873
1f7eb6d
03f7382
00a40b8
1dac130
00375b9
02e15a9
010853e
1f567e6
00d53d0
0172c5c
01c589e
02682ad
000824d
01f3168
01bc4a5
1fa6f2f
1dd9e92
03e64ba
00f48a3
1f9045f
0390a75
1fc436d
0067bc0
036a3d4
1fe4995
0150272
1ca873c
019f399
1d02a89
01ca293
00322dc
1f917cc
1e4eafe
1c6b430
032d035
02f89c0
03e5044
0156281
0334ffa
1de58e7
012afe5
01c6cf6
0358578
1d51b95
029058e
03dd54d
0290759
1fd66b1
039d1d2
0365fd6
037de6e
1f0806f
1f0f915
1c20caf
0101e0b
009f521
02f9353
1f48b95
1db19fc
1df9483
012cb89
1e95a64
00fd316
0184e5e
00cc39d
1ffc48c
1d20ac8
0017b0c
1f34b66
1c4f407
1ccfe77
03131fd
1f16fc4
1ec0a20
1dfb9f5
1feb6b6
1fdab11
1ef6303
1f672f5
1e1b078
1dcb60b
1cdf2ce
00e989c
039eeb6
023297a
03f897f
1db0277
03c16b9
1d0b905
1cb607f
1c18fd4
0172115
02b7641
017a26b
1f8bc2c
1d63144
0328f3e
03e0c9f
03b1c2d
01fe8a4
1fea0d3
02c357c
1e4a24a
1d59a17
1d47f43
1cb54af
0307ab5
029eed4
1ca72a4
01f44c0
0037dd1
02e2c32
03e28e3
01ab851
01640ef
1c917f7
0282a3d
1f76fad
013ac02
1d0784d
1c154fd
020669d
1d405e7
1c57b52
1d34875
00d36a5
01cc188
1f1c128
1c2fd31
1c99a54
1dec726
1cac1d7
1f07bcc
1d5d013
1e4da10
029de73
019166e
1d38cea
1e6be4d
1eace2e
026d5f2
0244628
1ce16c1
012006f
03b23e4
1ded3a4
031ae32
1db4176
1c09b38
1d11661
1c22605
1f99e65
0328768
0134d08
03d140e
1c249c0
025f94e
03e78ea
1d5a7e4
026c00c
018787b
03ae7cb
1f39377
0246477
1e0cd4c
1c18ca3
0272d29
02269ed
1ea199b
0296fb9
0074edc
1f47c83
1c67c1c
0116cc3
032719a
02f3f4c
1fef676
00080cf
1d41416
1f53a0e
1ceafe5
01801a5
000e0b4
1d01839
0275f37
039b115
1c9e4a0
0230047
1ec4b89
1cc9fd4
1e4ba97
1cee641
0015b76
03cb46b
01bc8a1
1ecd428
1db9366
1f77a44
014a968
02c614e
02f5b6a
1f9ed0c
1cb05a3
016c878
1dc4864
038d963
1f2df15
03f3015
1f09c6e
1c97ab2
1c46af2
0317684
1ebe07b
1fe0b76
1ebb919
017d1e2
1fc8322
1f8cf4c
1c74e77
1e6dde3
1f4e074
1e6322a
1ef58f1
1e8a2ba
034f33d
01759a9
1da0d5d
03a5a3e
00e7f58
1f63cb5
014d646
012c1b4
0109c5c
1c97747
1ec605a
1de1818
1e24040
1cd1777
1e26d1f
0395ce7
1fe3a83
1faff1e
022c792
1d32041
0058a86
0363834
1e63840
01303ae
1c0a757
016692c
1ca1916
1fc0475
01fef6b
1db3601
03ba4e7
01a5d99
005c21c
01433df
1f34bf7
01ebd3a
1f7145c
00edb9a
01631d0
002c78d
01acf42
0377b90
1f960e9
01c2ff1
1fbea9d
0343f73
0267622
0049e1f
1d6900e
032b303
03c43d4
03a05ea
03363ec
1f35688
0366816
01d39e1
01922ca
1e47c5e
1ed15db
02cb304
0320f42
007fd83
008fc86
1ccf768
1d60a0a
01a5c4f
1e8342f
1c0430a
1f4fb4d
1d8a2f5
00e696a
0261253
027344d
1fced32
0313855
00b4daf
02f2b89
1fddd3a
0314d96
03afad2
020b8db
00f50e1
1d4483e
1e7171c
036da03
01c9101
1f95b50
1e81424
1d03a65
002018c
1ca74b7
03f1f1a
01a6716
01da1fe
1fbd9cf
1eace40
007a1aa
1e146ec
1d14649
1dea61a
1fd128e
01d43a3
01e8c1e
00a4f8f
0177e89
00f454d
03e3d89
1c5a9ce
0122484
1f5912d
1e0b7ca
0382acb
00f5297
01e701f
1d8f205
0194da3
1c4de85
0097fa5
1fff6b0
1f437f9
006609a
1d56526
1ea49e5
1ef8a3a
1c9993c
004b08e
1c87b1b
1cef920
1fee1aa
1ee9ec7
1e20725
028bf14
03b8ee9
03d6c89
034b339
0371631
03f9f47
02991fd
1d72051
1d8b8e1
1e66c5a
1dced1a
1e410f6
0313345
02ec3d9
1d3de0c
1e14fbf
1fefaf6
0001cc9
1cf29bd
01ec730
036fea3
1f4876b
0313db1
1fb9d7e
1fa9cc8
1f19998
1efc563
1c9be30
1f52cd2
0311f4f
1eceb92
0011d08
1ddab0f
00593d8
1e91ec6
00509dc
00b0a72
016bc17
1ec8288
1caf7a2
1f53073
00e5106
1cef13b
020830a
1ebbe3f
017e1a8
1f6d8ce
0038bb9
1d0cf2c
003a1e8
01bc643
1ed7b73
1cd4c2c
032844a
1eaf2c4
1ec7a59
02db9b5
1ee2713
1c4773e
1cca378
1e596cd
03a8056
1f5472a
1e4f734
1d80435
1fe27d5
01fa64c
1c22bfd
1c5698f
1ccb66c
1e05e5e
1c28744
1e5797e
1cc9e2c
005740c
00d489f
1ff3ac9
1fb1266
1ef91f1
034aff3
005c72f
1ed8093
1c05125
03fc6a9
00d507d
0191d8f
0389c57
1c0fd9d
02fb41b
1e5c570
1e81e64
1c260cb
1ed4d4e
1d9514d
00980f4
1fbfcb8
1f1902d
00258ea
000f3a0
1f668eb
1f001bf
1ef46db
1c01998
1fff31e
01b8fe8
00b301a
030a74d
1fbb365
1fb4ab1
03f28ad
1ca6fda
1e3c71c
1e39dac
014bd1a
1e48836
1e884a5
1f26e17
1ef9898
0040be8
03a666c
1fb3c2d
0074192
1e467b2
0006310
01bef4d
0003c1a
1d15a6e
1e8323e
00a5847
02ec337
02d8d9b
036ddbb
1e18771
001ec6d
018a44b
1fa3ff2
0085bfc
00e9303
035341e
001f017
1d95218
1ccd2c3
1f7ac95
1f236e4
03bf5d3
1d769d4
1dc1036
1ea671c
1d22cd7
01d8391
0044ea7
1c975a7
0349460
03e4c15
1f59ea9
0370a62
1e9476f
003f3c6
1fbca12
1e0564f
1cac013
1c31f74
1c62d5c
004e135
00e3d47
1e9f3d9
00f3512
1d812ce
00a6d9f
1eae443
0123676
1ca55e7
00ba233
01c06b7
02d1324
1c20b82
034ba3f
02c8207
0244112
0345ab4
1c77296
0170020
01dfacc
1e16ad4
022fe00
01d8ab2
032f4a8
00352a0
1d8e6db
1e05f49
1c4d2e6
1c071be
02427c4
1db60f8
1d4ddcd
0126214
1eb6c35
00efc8c
1e4b590
008fa11
1c93391
0309194
1cb4564
1f823c0
0256cec
011bc55
1e241ac
1f3aa24
02300e5
1fefc62
006ad98
02c67f7
00f614d
014da1a
1e44c02
1d9c99c
011e06a
1d18589
1fc9ef4
0096f8f
1fdde48
1fa3bb0
1e2e3f9
03fb276
0274509
0077847
1d89440
03b10b9
1c38502
0076978
1fe7d30
1ea2352
1fccf69
024c07f
1e23749
016bcae
0142d50
035a7fe
1f0c215
0274fc0
022dd16
0346a61
1ea6a10
01e3e3c
0026036
0009666
031d68c
00e89ac
1d0631a
03a79b9
029c1e2
1f1e7e2
0378bd1
02f9cc2
1d37819
1d8e02d
031d795
0058543
1ed1204
1c45f44
02909fe
0258011
0309e2f
0239170
1de806b
1d177bf
1d414a0
0102c95
017ae10
1e195b7
1ede72c
1d3949a
1d995b6
01a5885
01c7f92
00860cf
1df465e
028678b
1de8cd2
1c4877d
1fa4f4f
1d87807
017823e
1e70aae
1c217bb
0000a8d
1e8c2a0
1f2d8c9
1c3bbd4
03b00c8
1d66fd9
1db43b1
020a286
01e7f2f
1e27d9a
008c85b
1e58520
038da33
03daaa4
00bf444
02c39a6
1ca3eb7
009ab83
1c6f09a
1d5ec19
1f5ebd4
0167178
03d5358
01f2b6e
02647dc
1db867b
1f9e438
010e2c7
017a40c
039834b
00be8b4
1c5a877
02107b3
02fa589
1e0f285
008b36c
029a19b
034c6e4
1ecdcca
1c26487
004b52d
1d82c04
1de9316
0193a78
1d030d2
1dee7dd
1d7a60f
016220a
1d8f15f
1c9cbaf
1fef57e
03ec3e8
02c9129
1ff1788
1c32894
009e590
012ea7e
1ecd844
00680cf
02e04c7
1ec6aaf
0128ad3
01a40b4
1e8201f
1c198dd
02c34ec
1e75756
01470b7
0111ad7
1ee3f8e
1d8a0e9
0330859
1c0b8a7
006ae74
03a3f17
00a27b2
1dc1405
006497c
02376f6
1efb72a
1e7a913
1cfd114
00f185d
1fecd81
1d083bf
1cf87b3
008dfaf
011998f
01abe81
1fdf7a4
1ddd2a3
1dc5d5b
02ee2f6
00756cd
1ce6eb3
0064185
1fc1651
1ed9080
1e73bbf
1c16cec
1d79c40
1eed0b7
1ef5f17
1fec005
03705d2
00eb996
1d75991
01c600c
1dcb11d
1ceedfd
011dccb
03fc43e
1f3b645
1fae032
03c725d
01c0c57
1dab172
1ebc62d
01a79c0
1e9ad53
01107b1
01b8754
1fec083
023b541
1d1a217
009ad26
0384862
02e63f3
025c44c
1c5518f
1eef9a7
1d19cb0
02d061e
1d26218
1c29828
018908b
02a45ec
1f09a14
1d5b093
1cca61e
0168c46
030032f
1ed3af2
02f90e5
00e9946
02d9ac8
1d9f52d
02d4ed1
02af02f
1fc01df
02d0f3c
1f5bc88
02fc3ba
0135057
1ebdf7a
1ff7957
1e67050
03388a5
026c7d5
1fd6537
1f467a0
02f7c1f
01a9c79
033a9d8
012e97c
00b3500
00a711c
1c022c8
01c33d4
1cfcd75
03ab5ba
1e68608
1cf2d87
008b1ac
1f1b47b
1e52adc
03b3775
039a267
1e0699c
1ffb085
1ce9577
025da97
023ed7c
0126bd9
1fcec44
1ee19a9
1c84fe2
1d976a8
01aa1f8
1c3b203
1df89ac
00a0614
1d6925c
0204866
1c48fb8
001be78
0205d49
1c97dd0
1f778df
1f544f0
0090a3c
01a9908
0024331
1f62ec0
00b9280
0202fbd
001535d
1feda4d
1fd4ebd
1c347cc
030d369
0294609
01d6b35
1e7ad6e
00ae402
037fcc3
006631f
02a77ef
1e8e285
02952cf
01d5b28
012a243
01f6713
029f904
01148fe
003cf3b
010bdbd
0178d53
01e1270
1d408ad
00385d0
1eba99e
1d6aa4c
034bdf9
1dd3a4d
013265b
01b294e
0013385
1fbfc90
026d1db
1e782d7
02e3d80
0324a57
1d27850
0213b44
1e97d7a
1ebbeb8
015b4d6
0035b32
1e2a43c
1c05eca
1fa4fcb
1eac610
1d331f6
1f644f0
1c96957
03dc375
03de20c
02a2acf
0132a8e
03abac7
013d67c
1e1348d
1f864b1
1dbb554
00c7faa
1e6e9b8
02f3a91
037f136
01073b6
0354656
1e7f001
005f317
010c61c
1d38577
1fa99b7
02e15e6
1f24b48
035b87f
0058a80
029c7fa
1eb833a
01b312a
0192a45
02f5ade
1ec2490
01237ce
1e4529c
1d1285a
1f1c85a
03114da
02a7441
1df20bb
03b5b07
1dcd15b
016bf4f
0322127
1c75bbd
000485e
00da704
1ea170b
1d85cf6
1fae442
1cbbc2d
1e05aee
1da975e
017830a
1ccb4f0
1d1dba0
1d853bc
1c35f49
003edfc
1ff1be0
1ed19f4
1c7a294
00fb96c
1daef54
1dfdd92
00765b7
1e06457
008306a
028002b
02f9215
0072d5d
011eb2d
1f044bc
1c3dbff
1e94d53
0338558
1c3335b
02d0439
00b7e3b
011830e
008b7f3
0168f86
1dafa6e
002bcf8
1f402dd
1c709ce
0014f82
03cac01
1f89de7
0310883
00b0fba
01c04c3
0334a69
01681bf
1f67ea1
1ef137e
033d5ef
0072c64
1d491c7
0023980
02f97ac
1f0ab41
1fe444f
0127bcc
1fd72a9
1efe1d0
01647f3
001950a
1ee9292
1e4cf57
1dfcdab
0175c89
1e8a33c
00905e0
1e7db9a
00876ed
0247295
02e9888
03b8986
0387e6b
0225f85
1d735a6
0367830
1f7b625
1cdaaed
0183e6c
01024b6
1c7f607
1d203c4
015cb67
1e89fed
1d71b94
03f0d27
1d8acc3
1c9c2b3
0004737
022448b
0046412
011320e
1c8effe
1c07f67
015d3ca
1fd2830
02d121b
1e53779
008f608
00de0aa
00ccfc7
01136c4
0056a1d
1fda080
1cd8cde
00c5c49
03183f8
009e011
1c7414d
003c576
1d24c9b
1e6162c
1e6130c
00fe6a5
03dcef2
03d1465
1dfb0a0
1fcecc3
01ff0de
003b27c
1c4bb14
1d1827f
1dbe070
03f446b
1ea9315
037d238
1cf3f37
1e87aa1
0206a08
1fb72ea
1f6568b
022f996
1fa7331
03c5690
01413d7
1f82b31
1dd1353
01d0c88
1e732c3
02cdc71
1e396e3
1c9012a
1f5598c
029edb0
033eda8
03d4e85
00188aa
1f154e3
1cbd5c9
1fbbd30
004bcd4
0178881
1c132dd
1e23f1f
008b229
005f48f
1d85952
1f51abd
031d690
0129e55
1f5179d
1fa88ad
1c71fea
1d6df31
02bf4aa
1e2820c
1f4d7d5
1eb80a2
02f36e9
1f25434
0130b45
1e4ebfb
0306dd2
1d460c0
0109f70
1f064d6
0000ba5
1fbc3d7
00c1af0
1c11b13
1f941b9
1e77560
1c80138
025bc52
1ed84d0
02a6a74
1f61e1e
1cd5959
01ca8f4
1eeb2dc
00d4082
036dbaa
1ea6a98
1d5b552
00ad9ea
034de84
1ca889e
0142fad
1cca023
009420e
00c8e95
1d714cd
1e0a2fb
0091e3f
0107e49
1c3f416
1c6590f
1f97653
1ef6193
01d7f79
0049eb2
1d6cd29
007b455
1cee811
1f43999
03a1cde
01e4b2d
0030142
1c13119
021c90e
1f9da3a
1d97474
1d9cee0
1ca4792
03b01c8
1c5b927
03b748e
025fc81
1c36e93
1c0222a
0310524
1cab62b
0356498
02c9064
031d7f9
1e9d651
0344e7b
1da8bb7
00cfb8f
0175a6e
1f1af70
1e8bfe8
1f05219
1f87a7c
025ddae
1d9062d
1eb02e2
1e9e95d
1c916c7
1ed6d4a
1d80e6c
1dab7f8
1f59481
1f34eee
1eb7255
02fd130
1d94df0
02b301f
0369f47
1f39569
02a178a
0117853
1d091ad
1cc59a0
0196a65
1eba766
028dfb9
1caa9f1
1fd7ae0
1c7932b
1c38bb2
02750ae
00a3fa7
01c04b9
010d423
017ebd1
02a224c
0251f49
1f15210
1faa8d9
1d4b59f
1da2307
1d1ad8e
01d21a4
1f38f22
1e87f57
1e4d3c9
01a1fc6
1f9a7c2
0375e34
1dabd05
0148085
1f3d6fd
1f2fa02
03f38d8
02b39b5
1c65fe3
02f836a
1eb9fd9
020d229
1c18e2d
1f6e4fa
1c5e083
1f954ab
1c90bd7
0201f62
002ac10
00f87e3
0006b6a
1f94ed3
00053bf
0238209
1cdf040
1de6545
0327e71
1ca6e7d
1e82b43
02373a5
03c4cc5
006a77d
1e9d7c8
02f4327
005d3fa
1cdacf4
1fb77bb
1e73768
02950e9
1ebb5fc
020fd6f
1f5e5ba
0371974
013034c
1c16333
1e85ef3
01b6541
035c33e
02eb699
0275da4
010c216
1c67e3e
002c907
018d686
0174148
1d9090d
1eca0d1
1da052c
01ff1ce
00cef14
00cd0cf
1c84ebf
02ec37f
020e9d2
0360252
0043a3f
1fdd78f
1dd466b
03f21bb
02acfe3
1fc1a97
1cc907c
1d04de7
1e860f8
1dd8022
005db22
011689a
1f1b147
0393a13
03b2bb7
015e599
1cb101f
017c4c0
1c43ce0
1d29f98
1df1c9c
02353ac
013ccc6
1c5534c
0080d3d
1dc913b
1f5d3bc
1c2ec89
1e32e55
00fd143
038ef21
030db06
029385e
1eb8591
002bfbe
02bbf82
029fbbe
026df7c
1c69739
1d4d163
003f77f
1f914a4
033de44
1da416c
1d99c8a
01e376c
03e7c00
023d432
1d5e1df
1efa161
01856f7
1f49646
1d29460
01d1723
1fd4875
02b0432
1e6bf84
0037c46
1e040c1
1e49a72
001d301
01e25f3
01f504b
035fabd
1f9e0de
1df4463
1cb7b6f
1f91e0c
1e6368a
030f41a
1d5abb2
00c3095
1e189ef
01c427e
1ee608a
1d48486
02bed7a
1e328e8
015bdbc
01655b5
016585d
03b6cca
1fef513
028b423
0128ac6
02f3dae
1ef8245
1ca4373
006310e
1d08db8
02f9fb3
036c8de
01d7ab8
1de3e4d
1fd59e2
028ed62
1ef1dfa
1d54ac1
0035305
01e7ff6
032b113
1e7e832
0317034
02e2e0f
01070d8
01bbc61
0173a1b
1eae6e9
039df09
1e2871d
1eb7165
036f9f5
02bb793
0281787
1c40c9e
1c5a473
1d69dd5
1c9756c
1c7cc9c
039774d
1fe96a4
0322b99
0031d9c
1d15d3d
1c394b2
03ecc14
1e89d0a
1f6d813
036e07d
1f0d082
1efbf42
1c7b736
1d0b089
1e9756d
1d6c678
1f2a822
014d65b
1cc2184
0277c1b
0237cef
1eb4aa2
1cc2779
1c1928d
0191bca
031fd3c
00d0de7
02f92ab
03312e7
1f23788
00fc54b
1e7837c
0392070
001e90e
1e8d25b
01af369
1f7196d
1f78237
032c2e8
1e869ca
1e1e024
1fefb43
1e9f290
1d94bef
03fcbf0
1dc8998
1c3cb9d
01a0c36
1f7b7d3
1e505ee
1f6e3cc
013f221
1ed8555
1c2cc23
1f526c3
1d7b438
01f9ce2
00bd74f
0161cf1
0164ef0
030f3e0
1edc4a1
03719b4
034ed66
0198118
00eb7fd
1f2dbbb
0121e59
009a4b3
02aec09
1c1f615
1c3da06
1cd7d35
1c88f6a
02aba80
006c90f
0014a60
027de66
018cccb
1ff4d79
038f892
1f747c7
034a0f8
02bc729
01ed282
02c76ee
1f66d7b
1d0c0fb
015a4f6
01c5d16
1c6aea3
0185acb
03e4c5f
021fd0f
1e8667f
1f55c24
1f7dd5c
1e6f82d
1f9e8b4
1d71c3e
01c2c57
1e06d1d
1da9ed3
1d7ecf4
01069d9
1d54546
1e354f8
01564d6
0316142
1d5988f
000d751
1cc3abb
1f125f1
0106637
01f8977
1d65616
1ca1aec
0355639
0384818
030dcb7
00390ca
0163344
1f71179
1e3b9ee
02b0753
1e852c6
1f286f8
1ed65a0
1cad632
0261aa5
1e2fdeb
1de2ad3
1e44ba7
1c43643
1ff0187
01b94a4
1e30008
1e88297
002714c
1c77f34
1f6e822
1c5e880
1e61383
0132732
1ea1452
1c07672
1e42d05
1cbbd09
1d56a04
1f83f53
00783bb
1d510cf
00980f6
1f23021
1c8a9ea
018821f
1fcc699
1f14b99
02841d2
0053598
0253089
00364c9
1d5ea69
1fa7858
1e706eb
1ea584f
0274e26
027802b
1f4870f
026cc1e
1c81ab1
1dfd18b
1cc78a2
031d7df
1eb8021
1c7d15f
018121d
1e45dd0
1c71fda
1decdd3
019c855
0075310
1cb9c37
00fbdb4
1e278e1
0218738
1c73985
03a9183
1ddf55e
1fe5b35
01d9e2b
016141a
034977b
1e51d9a
1f23e76
036b2bf
1d51539
00471b1
0258d47
1c40a48
1d51d9a
01ac516
1f09f39
00ff143
1e5e493
023a583
00454c4
02947b7
0353e91
003d0cf
1fb1435
1fd1f3f
1f9373e
00ec49b
01b9d2e
0245004
1d511a0
0083ebe
0394031
01fae10
1f893d1
00cac9e
1f83414
03cf687
1f7049a
1cd6d65
1e85848
01f7dd9
1e31c84
01805be
1e92397
1f673ee
02d1890
03f8e14
1d242ce
0196ef0
012dfa1
1fdeb23
0052410
02ee4ff
0305e11
1c37d76
1c27220
01636bc
1d7f478
1f1c1f4
0331538
01fa960
1d248bd
00b83cc
01ebd3f
1e78cc6
002f6b1
1db044d
1d7c0db
002ab85
1eda29b
1f3a71f
1e3032c
1ebbdf2
1db4acb
1c14987
1fd357b
022b823
1dd3a96
0308e77
1cd5007
1c0c326
0041082
1c99f75
013cffb
02d07d7
02a57f8
00915d4
1dd2cc4
1e7c4e8
1e26574
1db9dd4
1d0708d
039c058
1e18710
02af2de
1efe481
0184ea5
0212efb
03e400a
008ef91
1e6c426
01e1a32
1ec9167
038ea80
1ef8839
1dfff84
1f7e113
03b267f
1e0e3ea
1f013d2
0353d15
1d05725
02aa229
1e5bca7
1f9a066
0025764
02c8805
1e1d45c
1ef18a2
1e289e1
00652de
021ddda
03f7b3c
1c882a1
1e7e26d
03937ca
0087fd8
02ef78e
1d67ace
0319f96
00711a6
1c24790
1fddb56
1e4c7f2
01db03a
00ef9aa
1dcc0a1
03a6621
1f2bac4
029534c
1f4886e
1fc51ff
1de80f3
00176e8
1ec65f4
1fee498
00cff57
0381041
019c635
1f38d01
1cdfcab
00b5f2e
02f2717
1df9ec6
012c055
03a4bb6
1d6dfbb
1fad701
0048f22
026febe
03639c0
1f23751
03eacc2
1f7c10c
1ee3c01
023a900
1dcc31a
02ae877
1c01077
028ee5d
1d75938
005883b
0000fab
0245b85
1f082ec
1f40d30
011c2c6
1e9c82e
01d79c1
1edae17
1f5ed8f
1ea4352
002eb06
014a668
02c4f20
1d8b55d
1ebfb25
1d28de7
1e7f093
00e30b4
031f6b7
00c0bec
1c6060c
01df606
00c3e37
0085706
0355999
1f27a76
003ee2a
02a1dc7
1cc75a0
1ed8413
1e35e83
01dda1c
020e2d4
02c41ef
00a4067
1f2372e
03ec56f
01790be
1dda1a0
1c3985e
1f446a7
002a9da
027d6c7
03204f4
1fe61fb
1ca3373
1e7a9cd
1f358fd
1d5d794
03e2455
02cd6a3
01f4962
004a169
015a2ef
1cf36d3
01955e3
012e8dd
030c5a0
1c9a2af
1f8fef1
1d300d5
01b7e99
1dfb594
1fa5897
02d410d
006f0df
1d2b4c1
014d48e
1d56b81
1fbc19f
01af114
1ca1670
1f9ef09
034ffa6
1dedf97
1e1da3c
1cd8878
1e2c269
03e8d7d
01e28bf
1d174bb
00f2e2f
0397a3e
01a6d83
03f685b
03dcfed
038770b
1f3547c
019b698
1e0c864
1ce3d69
00715b8
00cd0c2
1f91fe3
012ad57
1c0f38c
1ed2f44
02e3a1e
0105db9
1ea0b98
034e5d2
1e4313c
02ed2af
0269857
1fe315b
1cd0a97
035220a
02c88b0
1e3f258
1cdefcb
02a4217
031b78a
026e0ac
0114402
1c3c0d1
1dc758b
1c8eac1
1e5f67e
01c05d6
002d9ad
1df965d
03325e5
1d3e5e7
1df254e
036abbd
0299925
031d833
1f124f5
1d3f511
1e23298
0089ace
01ce943
1e32f22
02abb79
1cc0ba0
1f1eb16
1d98b91
1e372f3
1d81975
02a21c5
01cc5b2
025d5a8
00cfefb
1edf19f
0002b2b
1f29799
03eff86
1d46025
1f2af8f
1f3d904
1cf9305
03ce8aa
1d103d6
03e0ae3
1e09e60
00fd84c
1f03dc7
1c64218
008e0a3
01ff168
0066f84
02d3ffb
0280a18
038965c
1f3dc15
01ed122
036fa16
0351037
031e12d
1ccb3ec
1c69e12
1ea1fdc
0028ff0
1e19aef
02eb5c3
0171055
02f9c44
02f1d33
0190a58
02da108
1e2c0a0
03df607
1c6d656
016c89b
1f8a637
035fced
1f11070
1ddb43b
1de2c50
1d7b957
1e87847
0094f32
1d66ae6
1ebac56
1f15426
00530fb
1fbeea2
1f688eb
1fd37d4
1d48f17
014f18f
00b4fd9
00e9297
003a997
025dbe9
1c15b60
1c89715
1f83735
038c776
1e7f019
039774d
1ffb28e
009dcf5
037e15f
017b821
1de42e8
1f0b5eb
01d03a9
023e5bd
1f309a6
01bd11f
1db64cb
026af8d
1fd3c05
1d99e21
1ee0f72
1fab117
037c4a1
01e0dd7
1d84996
1deb840
03a9872
00516d4
1d147fd
03a90cc
1f5d592
00359c9
1caebea
1ce3ad2
01e7833
1f56983
0186471
1c92dc3
1eca112
1e165ef
01e7c62
1f99e4c
01ee1de
00a7540
018f83d
1cd12e5
1e7d6aa
1d8e714
1cf955b
019f848
1d28260
1ece207
0090f04
1e96b76
1cf9d40
1cae70f
02d0be6
02fb1ce
1f5e46a
02f0749
1d76fae
0046c14
0249b05
1eb83e5
02df545
1ed7386
01f845a
1ec0cc5
01ca793
1da2de0
1edb9b7
0177b1d
0381849
0273aa6
007349e
0382f2a
02420ee
00c7ff5
1fb55e6
00c2424
01190b4
032d3de
1fd69f1
1d76f1d
000f9ea
0341107
1d37593
00cdc79
1f099eb
022cda6
00baa1c
1fe38f9
0053b8c
1f825d4
039d006
1c8d610
00686d5
0084245
1d47037
0393379
00d2f5e
1d144c8
1f05bee
1ebf761
1e7c68f
1f4b226
005d10c
0313ef1
1de5a48
1edde12
01d6063
1fc8335
1df100c
0331a2b
1df8911
00c2e5d
1e83617
1cf6534
1e8a67e
0068283
1c4cdb9
03b85e8
1eaae38
011c066
0108ae7
1ff6853
0299631
02b80ce
0165c3b
1cb1233
01352e7
1f1f5e6
021e288
1eafbf1
02f7378
01df9b9
008a135
02f2a29
02dd26a
00d6fdb
1e594cd
1d45573
029dd50
1c31d43
020a291
0193b04
0044a37
1c13b8e
1ca7c94
0286d92
1d56817
03d525f
0155a92
0202d1f
1d443d2
1ed33f0
01c7716
00487bf
1c47abb
00758da
00715f8
1ffae63
00355ed
1fecf08
1fe0446
02830c6
1ff507c
01d302d
1f385b9
1c99beb
02d5e7d
1e99f15
0159c02
01eb55b
1c19202
0004bab
1e6a81a
1f524b8
0205806
1fb870a
1e23b08
1dcdc9b
036a0cb
1facc3a
1ed1e3f
1d97227
1d50799
1d59dd8
002cc25
1c6507a
1d414c7
1fded67
03ea22d
00fa071
0092c5b
01fec29
01038eb
1db3198
00c9ddf
1d73e1a
1e4187e
0235b57
015cde7
024b2cd
028f2b4
00db69b
1f51d01
1d2c3cd
1e7e1b2
1fb8e7e
0014e0b
1ea622a
0102eff
1f88ba3
025eb87
1d52ceb
03b1347
1f6aa3a
1dcf386
01fd080
1cd6abd
1e747ad
0330974
00d3770
018b810
00756b9
1ca5f0b
1dccc5f
0351c40
1d02ab6
1fc3551
1d9ad46
1e9bdf8
005b3cc
1d8a307
1ec7825
1f1a904
00b8330
1ed548f
1fe5039
027d975
1e66f70
0372eb7
0001659
0066715
1d806c7
1f6292d
1e10b34
039de3a
019cf9d
031d202
0149c1f
1da1b58
1fa2816
1fbbe53
00b59cc
030ce5e
0202168
1d30fe9
02d46fc
1eb34fb
1deee40
003526f
036f6a7
1eb53df
1e42813
01cf7b6
02ff468
007465c
02f6b7f
00d3db0
02f90c1
03794a6
1f1eaba
1e7c855
01e3ccd
1d164f5
0153da6
1e7d31f
1d83cff
004263b
1e5acd7
02d5d63
0065bbe
02dfa84
02c0774
00630fd
1f5aec0
1e211c9
0272c0b
1e73fce
00b1dd9
02ae972
1cecb4b
1d3d069
1cd3604
1da529f
1f0e059
01b204c
1d4bd6d
1f3ada8
1c3c306
0030a10
0152bd5
1cf5120
02e1478
1f115c9
1e4a245
1d7b661
02dea28
1d04da2
1f3a496
023aa57
1ca6223
1d8fb56
0300b23
1c53996
03cef4a
1e85f09
1de00a5
03bef07
1fffdd4
005ca3e
1e43295
0085a60
1cbfdf2
1c83476
1dcf96a
022b46f
1ed4707
1cb98e6
1c0cf87
0291952
02313f4
1c8db6f
007a3b9
1fe628f
1ca9c4b
0332a45
0044a2f
1e09304
1f8756d
1f1ef72
0151e10
01aecf2
1d6df20
0237684
1c89248
1d134fd
1e9f5e7
1ea0a01
012cebf
011d2e7
1cc3368
1cbeca7
031274d
1dc2f1b
1fe9115
02d0ea1
0120ec3
0399d68
1f6ea4d
004b4e0
1cac576
1cd323c
0069c74
1f2f76a
1dd54b2
02bd05d
038417c
1fc40b7
021647b
03af4d0
1f9e2bb
1e7f6bb
03f3325
0310996
027f59a
0059d7d
034d3de
02a7a62
01f3bec
00fed52
02c41b5
03de8b5
1e7de48
1d56bff
00d4ec2
1c0735f
03d881e
1ddb3af
03c40bd
1e8bdcd
0161049
1d181ef
01169d7
018bd52
1f0512d
01d4b7e
1d21443
0306179
1f30ed3
1e3ae65
02a982e
00cded6
1c052ad
1e7adc3
1e43547
01efb15
1dab509
017be44
01d7476
002776f
026ad6a
02d3d14
03815b1
002efc5
1f35362
1f39569
1ce2206
0224a23
1d9e468
02ea6f5
1da5e92
00d470f
0056893
01202e3
00aff50
1cf47e7
1df47b2
02496c0
1e8f189
00101bf
1fc6d82
1fd33bb
03641bc
1ccc25f
02fe886
03a0188
1dab075
0083094
00357ed
1fcfb23
1fe078b
01b775c
006990e
0139602
1d8285d
03cb51e
03dcc22
0065614
1f19e60
008ef09
03c83ce
1e7cc09
0268861
1ca345a
022ebc9
01b9103
1ead5ad
0014752
1d9bb93
1e660bd
1e2af98
01e89de
01d14b2
1e8e774
0209be1
1e62a6c
1e7d3e9
011dc08
02d7a5b
00602e1
1dfe61d
1c7c990
1d90d05
1c99966
1cadda3
1ecdcb0
1fec726
1c3de21
00f0d9b
1d0eb91
1cf692f
1cf8988
0008b59
0048834
1c55531
1ee63d4
0305b2a
014f715
1fd7357
038e8d5
1c32f6b
1c2bde7
013d720
0003cb5
020158f
1f5ebe1
1ca80fe
1c2eecf
0203f17
0009c88
1fe31fe
1c3d580
1ea3984
00a2905
1e55745
1eab251
00b0277
1f6639a
1d028fd
1d2d043
02287db
025bb5a
1f677ae
1d3caf9
1d991d1
037f088
1fa4405
1cead31
1cba338
1f8f6aa
1cc41b9
0389ca9
0152bca
1d6990c
1d0b6ed
018264f
00923a0
1f16966
1cad8ba
1dc6d15
1ee7188
1ed4c5f
0186149
03c02a5
03bebbf
005802f
1e99fe0
0341cc4
1c53255
1c68737
1d166b5
00adca9
1d4c47a
1cacc4a
02e896a
0069c74
0011b3c
0121814
1ead5c0
0020ad8
0248920
03a9991
00f60a9
1ff04aa
1fe7b9d
1c78654
1cde343
0373c45
0369943
033b6b9
00dcc40
1f65001
0290513
032ff7a
1e6a488
1e4eb59
018f062
023b524
1d095ae
02eb05a
1ce08b9
1f8dbb1
03bb932
013b4b1
0350560
03cb7de
1caccf8
02fcb98
0325c31
006f8ac
031f4c3
1dfc1a8
015d9ea
0136332
0111eac
00ba3bb
03b335d
1ee4306
014c119
01fbcfe
029772c
01fe2ed
1cba208
02db68e
004de60
1fa5c09
1d595fe
00819c5
1c58e44
02768bf
1e81841
1fa6ae3
1dc0ca5
00b27e3
1d8231e
01da2a3
02cb9a3
00ac654
1ff4cbb
1d57741
03d9450
1c62a9f
1c0581c
1f54f61
1dc271f
1f5f60b
1d8ebbd
03590ca
0330d14
1ef8660
1ddce4a
0391bf4
1e5127d
1c1b65a
1ed96d6
039dfe8
01bece2
000b96e
0228225
00cbc94
1cc1f67
1cf7cae
02a913e
1c27f3d
0344429
1d8dc53
1c4db68
1c8d4cb
1c98748
1cfb93f
0245339
00d84a8
03f4154
03ed163
03a156d
1ed90b6
0172b04
1dbc530
016279c
1cbc9a0
1c84c53
000e3f7
015d91c
00e47be
1c56253
03ebbf2
1de759b
1d0b729
1c0bd11
03875f5
026ebcf
1d314b8
1d2fc6f
1ce2240
011fdbe
01917e1
03f1ac2
0341950
1c2ff96
1dd62b7
1ee7736
005299c
1f8ff2d
0138cbe
02613e4
00a50a1
01165f1
03e5884
02c14a8
0309794
1f9f9f3
1fba88d
1f49b06
1fe49ef
1ef1fcf
1d9957c
0173b1e
035c1ea
1c667b3
1d11af2
1c6ee88
02b2147
1fd6351
1c1374f
1fef09d
003f723
1e15103
1c51791
1dfce2b
1c5c060
0032c74
02e6b52
1e749dd
1d355c1
03a40ab
1c17b05
1ec5ca5
1f4ebad
1e49de1
1c6a8b7
1f85f4c
01766be
00c447b
0284491
1c3cab5
037648c
1d723f5
1d83656
0093c85
0047f86
1c59392
02c3103
007b4cc
0129bd4
1c7fe94
1ef81f8
00f0bc5
1d7fb02
0284974
1c72d2a
0265d9d
00a9a6a
03f19e1
1e7ce17
01cc9eb
1c76dcf
011e70d
1c5d1d0
02ec1a2
014eab6
0304604
02ca53e
1c6e1ad
00b5589
03d2c7d
01ce71a
1e1aa80
1e4a479
1c8aac2
03caab8
1d4a3ec
03042c0
02cd78a
1d5c0c3
1c6f26a
02550f6
1c10bd1
1dfc42d
00dfcaf
1c32182
1cfbb8b
1cb35b1
1d6fdb7
03a23f5
01386e0
1d5cbc8
1d04f58
1cd080c
01afbd6
1f2bbb7
1c989ba
038148f
030b903
1fda949
0257f62
1ea022d
031c8fd
1e5e727
024b75b
1d6d9fa
0048b30
1dd342a
1d95c4d
1de3c5d
027afec
1f7bfed
01073b8
01f50c9
02ad9bc
03865ca
1cad97e
1e2d23f
0335c47
014f627
03962f3
1d37a8a
02c7e4a
016648c
1ca780b
012eab3
1f8865b
1fc3cec
012d9ce
1eac9ca
021dbe8
034a2a0
1d4e7cf
1eb82c2
1f41d31
0376606
004ab2f
02a65bf
1e0edd8
1d94a3d
1e8d763
1f60ebe
1e2f01e
01bd55f
0288d86
01f5132
1cf3304
03c6bf9
01cb1a9
01d76bf
028d663
00900c3
00eaa73
1e4932f
1c7d201
1ed9e31
03a65db
1d53dad
017ff84
1f98270
0209b28
1fc915c
1d34b25
03660d0
037fe3a
1f0e0ab
0337006
1e4c763
021f1f3
1c9d2f1
1d57e78
02d52ce
1cf5165
1c01d88
016b491
1e131b5
1d28061
1c1707d
0097d8d
1fe7205
0113683
0022c43
1e19b72
0247565
1f2ac63
02098d7
1e5658b
02922b2
1d36b34
01b33a2
1cae0a9
00a3c01
1c94f67
00bce2c
1d7eb55
033c782
016fa1f
1e78416
1ca7e89
021bd0c
02cb7da
003032f
1fbeb1d
03e7f26
00fdccb
03f905c
1ea6d86
029208b
0124ef6
02126f9
1f0182b
1f14a69
03615a6
0355f42
1de5914
0239058
1d756ee
01daf09
1cb6461
1f538e2
03d5835
00c4461
1e1a400
0376690
02b83ec
1d893d9
01c7611
1fe56f4
02ae155
1fb195c
0023dfd
1d68b68
02accc4
00dcfb1
1e523e3
1e6e952
011509e
1f57275
016c16b
1d22e5b
01706b4
1ce744b
1fda5bc
031972f
1e73730
1df24ed
1cbdeff
013b60c
1f5b467
1d43847
02f6d13
1f09821
1d3b32e
025cc72
1feb744
03593d0
00a3484
1fdc857
1c99010
036db3a
01156a5
0260787
0297c67
00cea82
1e6924a
1f10195
1ec0f95
01da306
00edd05
1fa4170
1d8637f
1e570ff
0377ff0
1f53a81
00f9429
1d59be7
00c0241
024becf
1c48b7f
1f5951d
03090fd
00e6820
015db27
01930d6
1f2ecc1
0303d6d
1deef5f
030bb81
1e2f029
037edaf
013ec47
1db1b74
1dd8033
02e1336
0004dc9
1c34bda
1d19853
01beff8
1cdc89e
1e0688c
017bfae
02400a1
1ff83b6
1ddd313
1d55f6d
1cd0ab0
1d3e780
1dfed6c
02ed825
016a427
029f5c6
03860d9
00c996b
03c4cdd
0026ec9
1d7013f
1ca5de5
1e31d0d
1d3c11e
011a9c2
1d8bee0
1feca9b
1efdf0c
0205581
01e6399
01886b8
1f91e3d
02cc72d
0385c00
1f34693
1e95a21
1f29af7
1e783f2
1d4361c
1e81018
1ca2d60
1d76a62
1f9a36a
1f77cf7
1d3d59f
00a7c80
1f85bc9
00d7165
02af2a6
1d1de6e
1c6f1b0
00a58bb
03782ef
1de7b36
1cc5df8
019086d
01cbc31
1e1576a
019f3a4
1fce974
1c33754
1fd04c7
1e0d531
1ff02c4
1dba2c5
1fe5cd0
1fe949d
01c906f
0040568
1dd0f09
034e7bf
02c0a1d
1facee9
1d86df2
01d4192
1e2201f
02a6d17
1d17c7a
1ffe0b0
1eab6ee
1ee4edf
1f4d970
1f9755f
038df88
1c67b9e
022f71d
1fcc87f
01ec713
0356edf
1c0907a
039312f
00b0d46
0119c53
1fc1fa3
018f32c
009ba4a
1ce27a2
011e6b1
1ce8d9d
018b4ac
027e205
1c42439
1cb1ce0
1f0b1fd
018c3a1
1fe15ce
00be94a
0120335
1fdc422
1e3e7df
1cd67af
1d15bd6
1d8c30b
1ebb89a
1c96a39
014f884
03f04f2
1e676d0
1cecf94
0291de0
1ed0f02
004db2b
0266402
1c0aa32
01560b4
0261b0f
02ed8a3
0240575
01e4404
1dfe8d5
0051f7e
017fd98
03323b9
0243e6c
02d132e
1c39a5c
038618b
01e8686
034e459
1cb5c1c
1d2d9d4
0315d7d
01576e7
1f0dcb5
03821c9
007490d
0272089
0357fa6
1c81832
0043a39
0048795
1cab853
03bb74a
1f07fe2
1c77ff8
1e94f9e
1d070bc
1e8e7ae
025fc79
1c0808f
1cbe6a6
01d2fae
00184e8
1e96cdd
1cc2e35
1da95ac
01bb324
0323b89
018cb27
1d98b54
03bf8d5
0031bf6
0192e33
03ec1bc
02f9e75
002a768
1ff7560
033c2eb
00b920b
03e1782
030f186
1d4f1a2
1d65aa1
1cd001e
03c9a54
1e67198
1ca185f
010697d
00a119d
1e5abb7
1d291da
010ad1f
1ece580
02fc507
1c06adc
0184a43
1f19da0
1eb9f3e
1c09f6f
0201e72
1e52d99
0368e7a
1e8fccf
1e1add3
016fd4d
1f102f7
01985e8
004b878
1cf3d78
1cde2a6
1f25c12
02f94be
00b1845
0069d10
1ca88b0
1e1233e
1c3fbe0
032082e
1f7f475
1e4d22c
1cbe919
01341d8
1c9d184
0146cf7
024d790
1e752fb
1de8678
1fc080e
1cc4d6a
1d5e01b
1d32a7d
0103898
00057f4
02a3b1c
1d81a80
1f15cff
00f0c6d
1d044bd
01aa6b7
00a1b9d
01edcd1
1f8c54a
1ed0ca8
027cb4a
0157ae6
1c21636
02785b5
1fb3697
023823e
00f20f5
1dd3a30
1daea3b
0212b8c
1d65c72
01b8d34
00c4b5c
0182e99
034f682
1c364bf
0252ff5
020429a
01f788b
1d1f055
1e94f13
007fbe4
1cf9f4c
00f209f
0143e78
1c8dcc0
1cfc71d
1dd4270
03b8887
1c3a866
1e7c40b
01ab586
1d450cc
1db933f
00d89a6
1d18893
03459c4
1d92004
00363d4
1d55ad0
1d646c9
0261319
008c07f
00d6a63
1f75c67
005dbfa
1d6383f
1f09f1a
1fda768
0070d82
1e660e5
1fcf0f7
024c32d
03f657d
021794d
1f74692
1db3a3f
1ddee9b
01f9779
00c8f19
1dfeffb
029671c
02328bd
1e011a8
0279282
0180642
03f44c8
1e2dc60
01aa626
1c97fb6
0156a39
1d2fccb
1c38d2c
1e3f837
1ec68fb
011e385
1cf9916
01ea825
033d9c0
1c7f0f2
1d4bf3c
1d42727
02087b9
0337e8e
031c9cc
01050e2
1ea5bc1
1cc9a69
1e3db92
02e78c3
1d9c48a
01bc1c9
0120358
1cb81c0
1f07a70
007fc51
03024ec
1cdd34f
0031579
0164984
03ad698
1e8eb5e
0099af2
1e29f5d
1eb2cdd
1ef9318
1d9a424
0287aad
00e6e13
02abd7a
00e6c5b
1ce952d
1fcd8e1
1e31090
1e8575e
015e462
1caed75
1c4b94a
1e8f456
1ec7f0a
1f1c7cb
1cf1d1a
1f0cb94
02aff49
1e6f38c
1dfb88c
00d75e0
1d0e44c
1ca69ad
036871a
01d9175
033ac7e
1f031f0
028e67c
1d24439
1d4733e
1da024b
1c51b9d
03a152d
1f47ffe
1fb8a53
1d54a6a
1dca7ab
1d79a6c
1f08a3e
1fe78d8
1d34dbb
02dfb50
0289594
0098994
011d567
02e42c2
1d7c5b6
004114c
0121422
02a7374
0244b3a
00e4fb4
1cc312c
1e6a281
017c3c0
01e603d
1f955c0
039c8e2
02c995b
012014f
1f82824
1c6225d
00b25fc
0181d60
01e4202
01032f0
1fe1290
00f6ebd
037d496
01e1d06
03f43a2
1f2e96e
015fece
1f54108
01eef06
0037c28
1cf4b8d
00acc8e
1da9be5
1e7997a
1f36cc3
1d6c507
03d53c0
006e9a2
0287b02
1d6cb6c
0354909
0397e1e
0391d8d
1e170e7
1d73abb
035e4ca
1d5b9c1
1f2dfb0
00763a2
0024f7c
1c9af51
02b1472
1c2153b
1e68b23
1c4b999
03b9d7d
039c57b
1da6ed0
1e4f615
02541e2
015f964
030ad0f
0361bb4
1def123
00f1d69
022192b
1e5ea8b
1c1b204
1ed40b1
1d57a73
0268c0a
1dc6230
00982b0
02975d3
01a03cc
01e39d6
018f9e1
03eb69e
001068e
01dd22d
1ce9ed6
013cb54
1fc3885
1f09acd
0238c64
1f4b183
00f381b
0100052
1d0fbd6
02f72ef
03beea5
02aad1e
0362399
1fb009a
1d61244
1d8e36f
1d2560e
02f5e27
013b832
1fba0ce
005248f
030921e
1ffc291
1cc3274
1d7a160
0036481
012b900
009b780
1e659ee
02a2a14
1f9f58e
1c8293d
1ec4b7c
1eb7aec
1fdf52a
1eae6ab
01e97c0
018eb7c
1d1b3ba
1cfaeb8
01cf041
03989cc
03dc9ca
00720ea
00c55b9
1ce5f34
02e1bdc
01b27ea
1f18081
01faa5e
0139024
1e63e45
01fe278
1cc18b4
02dc697
039c0e2
03dbb8c
01d6457
01deaf6
1fe400b
0389742
019c269
0259638
02bace9
1fd72e0
0278a31
1f0ec95
0253635
025d5df
017c8f0
1cd8574
03210d8
03881a2
02d1ac2
1c5f01b
1c3e894
1f305a1
02fe618
02ff65f
0232432
1f364e7
1fe5bd3
1d52af6
013c1c8
02c3195
0347bb7
028916d
03aa7f7
1c4801e
1f8dde7
1fb3b22
039b888
03c3c75
1ed7bab
014aea9
035dcfb
1d627d8
03e7003
0250719
1d403e5
035aa9b
1ccc8ed
1cdba3c
019b7b2
1e61ec6
1f26418
033edae
1d1f1ff
020be36
1e5d18f
1d8c6a4
1ffe1c8
1c33d41
1e39ca5
1d0763a
1e7c299
0052ed0
01181cd
0247946
01a3fb5
010c3ae
1ef4293
018ce81
1fa1d1d
0168950
1fa8cc3
01216f0
1cbecd3
1c24957
1c81046
1dcdd6e
1c71da3
03386d8
1e7d933
1f8933d
0150611
033ce43
1c96341
1fbd79f
0241b5e
1c17859
1fdaa29
1da1674
0170382
03a0551
02ff09b
1c84d3d
1dc2831
1d187d4
01788d8
03c85b6
005e5fc
1e0d014
013f406
1c739bc
0198856
01ff4b7
0365f5e
0136da1
1c1d49b
037aa43
1e59965
0034875
1c0d010
1caa93e
039f99e
029d4a6
1f4a437
1e72df3
1c3d018
1fb54c4
1f0961c
1f56c54
1f8aa26
1e531e6
005c21a
018c48b
0268299
1e27e2a
1ffa50c
1fb075f
03fd236
1f259f1
1f63a2e
1ce2cc4
037ab88
1df574b
02d3716
1f4089c
01e622e
1eef416
1f76a97
1fde29c
1f339d8
01fab08
0234c29
1dd902c
1d6a85a
03c630f
01d1c88
1e6b343
0059461
1c1d75e
0333f14
0309b30
1cbeed6
010188f
02d8d47
1ce1d4a
1fd6bfb
012c6bc
01f3411
1c85bd9
035c4d0
1c8a87f
0174583
01105ce
1d30dd0
026673f
1e11300
1df2e9d
00b1d32
1c39453
1f900bb
030a7fb
1f36d04
00a942e
1c8cbc5
02bfb10
00174b4
1ea6ae3
00f6b1d
01f391f
0388d9d
1c8536c
02b4f93
0282276
1e5f58f
1dfa462
03b0339
1f77143
1f3005b
1ca9ce6
02ace6c
00839de
1d27ba0
03e45d9
1e8e020
00641bd
0242fa2
1c9c634
01e4873
025b46a
1dfa803
007bfa6
02d6a5c
0020d21
1c72dda
01f8c6e
1cad94c
1cc6623
1ebc02e
007cf04
018b589
1d1a301
1d1095f
015a745
001e842
03d5749
00e05e2
1f0141a
1f5d717
02cddec
01245e8
1d22554
1d50ed7
1d31a8d
1d242fd
1e7f862
1facbbe
1f15d20
1f885e8
03d9d90
1ccb067
1d64f1f
1ceda9a
1e2a187
1f5f117
1e4cdae
03aff26
1f09e6f
1cb1771
1cea980
1cc6d74
1d0f750
1db3f5d
1f80d0a
00a62c8
02ed534
0162108
1f7908e
00c88be
1e9802b
02f1ac5
0145063
038e748
1d9a4cc
03a68b2
030c3e2
1c83084
1e735f9
1d05808
00d6d32
1ea1fa1
016b17c
007685d
1c2cbf1
03c2473
01e6894
1ece2b2
1e2c4ba
003fdcd
1f4bc95
1e37a89
03f6ead
01e74f5
1d05be1
1f81ddf
0175c1f
1cb7057
01e6da8
00d8782
1dbb30e
1c13163
01e711b
032a646
03e6897
1c88386
03c733e
1f4abb0
1f8659f
00d53fa
02f6c1c
1d668fe
0283f55
1dc90f2
1c6fc3c
1f7282b
031d81c
1c75eac
1cd3e72
01fe706
02f840a
1e6bd90
1e79bde
1ea5569
0045ae1
1c35cbb
1f10f91
00f2de5
1f88306
00445fb
00e1bbe
1e629cd
030889f
1d118d5
00bd9c9
1c22b4b
0240092
1f55f90
1cd11be
025dc5e
1e04b35
1f5e1fb
00ba852
1e7b759
0067841
024dbc6
1c7ac09
039bd14
1e8dd3a
00b4e0c
1eecbc8
1ee9f3b
1debb1b
1d5273c
1c14282
1cbeabb
031f733
0144192
1ebc272
0155a20
1f0859c
1f05322
031bb29
1d69513
01977fd
1ca19a2
03c84fd
1c2da8e
035006f
029352e
025ce1a
1d82c15
01bc2c1
00f5c7e
1f12420
1c2aee7
01dc92f
1f0bd9f
0054823
014eb0e
1c3451f
02b9ad1
1dc5195
1e0bd06
1e20bd0
1e62a6b
1d97f9e
01b9890
0341b33
00e403d
035eead
03a4a28
01750e6
015e31f
005723c
1ff2c00
026e211
01490b0
011275f
018f3bc
02f30d6
1d57ab8
1c0e45d
0186463
1ea5cf2
1c064bc
1f7df29
1dff7ff
017cb08
02d43c9
0353777
1c1f2f9
03eec5a
0298116
03da3f8
1d12c4b
1f8d2f0
01ac2bb
03d62ef
1f064e5
026da12
00dba74
1d09313
003bece
0223c56
03f1154
1d4350f
001e049
1c686a1
0160ad4
1e6b06e
1dd7724
00eebc3
01ddb5a
037d5b2
01a310b
000013e
1c457ab
012a642
01bceaf
00d8bcf
03661cb
1e08d72
1c8d116
0295eca
01e9724
0304fdd
1d5fa72
1eb58ab
1d5f5cd
01f924f
1d25f63
010face
1c7033f
0210886
008505a
1dc0c05
1cc3e52
037cfea
025edff
0301e7d
1e9333a
1fa0a6f
03fdf92
1fa5a3f
1e6c25e
1c4a510
1ebd60d
1f753f1
01d3ed3
1f36779
0344be3
1d215f8
1d4e704
00f4b58
1fcd441
032851f
01cc4f6
1ff6742
0301a4c
01f4b32
0137fae
016d506
1ee844e
0350c10
00788a2
0013457
1fa9f6a
00653c5
1c1f0dc
03aa954
00acdd1
1ff65e6
1c76229
0124184
021a8cd
1f1553f
03aef86
1c13927
0195f47
024e641
00ce1df
1f9a3e6
03eb4a8
1ffb37b
013d79b
00eef7a
007e34e
1e5d6b1
01a7c16
029fe73
032a07d
02c8af0
00245b8
0173992
022cffb
00a26c5
03c3c39
1d85163
1d62584
00c99fd
1d596d7
0266c8f
1c31f3a
1d1a625
1edaf08
1de2b21
01af1a0
0224d80
1ce30f5
019907e
019b308
1c61262
1ddad43
0125538
002bb2f
1e419f1
1d3da6e
007adb8
00c921d
1e35841
1e21802
0252b41
00ecd52
022d76c
00a65cd
1f16855
1dc1839
1db91b6
1f7a416
03910b9
03c014c
025b1f2
1e38c4c
1fb46a6
00c4d24
1d3ca85
017f25a
1d7ee56
1f8d89d
023544f
1cb65b0
1cfb89c
1dcb218
1e9e55b
1e379f9
1da0ad0
1e0236e
1ca4bc6
1ec90d5
02b76b7
1dd20d6
0355d32
01ee97b
1fde7a7
1c9407f
001e50e
023bf33
035037f
0266c98
01f21fc
00e0438
00ad170
0108453
1d2ac37
00098a5
1e258ed
1f1a5b7
1f72dc3
00bcbd1
1f46f16
00e9b9b
1cc27ca
018fc61
0208c66
00c0396
035c217
015e65b
1f3126c
1d5f17b
03a2280
1e0bcc9
1eea14e
025a5c3
007a791
1dc7ae5
1e7565f
1cfd240
1f9346b
0315e14
1c09467
1c7db46
1ce7bf0
1c9eaa5
0388333
00cba6f
1f626b2
0264b6a
02d701d
0072161
00c4fc7
013a8b9
1f9aee7
005a8b2
037e592
1cb7ee2
1d5eb8f
1d2cd6b
0034c18
1f0bbf7
1fc1f2e
0016e03
1cf51af
1ec5645
0204c7d
03e60ae
038ee0e
0294a63
1e3222f
1fa9234
1c44f99
0000d4f
02caf2b
03628b4
1d6611a
002dfa6
1e63bb7
0163b87
024c2f7
1f9c980
1e226cd
1f14cfc
1ccebb7
03916fd
02ff8a2
1d340c3
00ff3a6
1ff720d
0317b50
1d2b01e
0255b46
1dbd17b
1cfea65
03c9486
1fb79a1
00b9930
1f2b066
020b71b
1e9fafd
0242571
1dcd0df
032fbc9
0149968
1c35311
016dd15
1de6eb1
028606e
0316dc6
1c2f91a
00a213e
1def5e4
1e06ed9
1ce3ee9
0079b0f
038828f
1e741d9
1e4391c
1d6167a
1c957dc
1f0ba2d
03dac22
1e3a1ea
0362ed4
1da83f1
1ec039e
00d7ae8
00cad54
1f48751
1d2bac7
02eb999
0109e7f
0092ad8
01dc9f3
0296319
1f6514a
1ea0608
1ed8e23
0025fbc
1e85825
01bbaba
00e364e
0368374
1d9b260
1c00ccc
1ec1f7f
1c1886f
1c078b3
03f38ae
1e95991
1cb25b0
02dd6e8
00c7c77
03f94c2
0238a39
0154820
0230426
00adf81
1ededf5
1c23eed
00a5202
1e78b5d
02cdcba
02c1257
0358dbd
1f90b3a
1ee4f4d
0024ed9
0375b92
1f19bb6
0001713
1ea9b74
1feb3e5
0214ccd
02f5d82
00c16a5
03eb554
1d8c7e7
011220a
1d48606
03089f0
1d7a3e2
1e2879f
1d633b0
1c4a1b5
0149deb
1ca3f74
032c3ba
020296e
027d50a
1d181aa
035958c
1dfa3ae
1d132ca
038cd5a
02fd635
01b9571
0066bca
1d85041
03b1de4
1de2eae
036ee04
1d305a8
1c80c10
1dd0080
0273916
035d86e
1f1537d
1ef94ba
1c66dad
1e1abfb
1c0b138
1de8fa8
1c3ca5a
1d95ede
1f16659
1d09081
1e2e60a
0259a8b
1e29c8c
1ddd250
1d56945
1cf056e
1f2436c
1d5ee6c
1c60aea
0237f1a
01c0413
0389d07
1e318de
02018b3
02f2b0d
03b7efb
1f02c6b
031e67f
02d863f
1f467c1
1da91ec
1c3a6c6
1e53811
1e2fad9
1fa03dd
004e466
02f0ade
015dff9
1ddad8f
1f63160
025b757
0041364
01bafad
0164b50
1c4e29d
1cdc139
1cae920
1f7bc1a
0044567
03ba420
00ffaf0
1eaf9db
00b1950
1cf823d
0269549
1ff5448
1d2c57d
0313dc8
1e24de9
01e6c04
00e9280
0317d91
1eb9f88
1c44584
01dd36d
1e6fc56
00af83c
0253cb6
