f46916a
092e9b6
ffc4652
0d9a0d9
ebe6938
f6a2055
f9df6a1
f76a77e
0d60141
fc29f4b
07e70ed
faefbe7
ffaef20
ffd0782
f97ddeb
0274566
081ac47
f853bd0
fd10c78
054e136
055d6b1
fec53eb
fc3bcc4
043199f
067cdb6
fb980bd
16494a0
ffba54f
f580a3c
1931eeb
0d56526
e9f3982
f328150
02efac3
fee71d0
088b68d
f9a110c
02ccb4e
fbe6647
fb6148a
f862612
0d56a70
05e4fa3
118ee67
fda9958
feba001
fa62447
04047ca
0d11099
0aa71dc
fc0404c
05b2c0e
05ada41
0e7f929
0b8fdfc
fc7c668
fa5177b
fd6af71
05a5798
f60d652
0c43f27
f55dded
1058870
12d92f7
f41365e
06a0745
107b28d
09233c5
f965774
ff41beb
f87fc83
fa0ce4b
01e06cc
0881d34
0c5e9b8
005e256
ec5b976
127f26c
fa79831
11f554f
ed47544
ec502b8
fdf200d
0d7b91c
fb6d381
f9a294d
1351623
07731db
1696428
0068224
04010ac
0c66cc7
0874498
012f029
0f80c1b
09a6780
092736e
fff413d
030e9f2
007273d
ef604f2
088ee8d
fe7dfa8
fbf8f00
ffbd6de
01f7ade
005db6d
0ae9619
fdca333
09d3845
0db97c4
ef1ae30
f62bbcb
08446f1
071ee58
fef70a0
02f1e80
fd19e70
0bdb947
fd630bd
04a67fb
0539d86
006cd5b
045bd57
1468f00
003ae50
f821e18
ff97f79
f72b4bc
fbc4ed1
00a7590
07322ad
018075e
f03e410
069f8dd
0880ea1
0b686d7
ff0dad0
0c79e9f
ef79758
fff2d88
eb5a09d
f2b0c24
0b4df1d
faee7ab
fa696ae
f8da028
064e4ed
fa14495
f9c49da
fc3c9e9
08b002a
0313573
03b4e05
f897fa6
17c9457
0d5ea72
fb3cc0b
fffddca
10ba87f
082afe7
f0117bb
1080284
ef52106
f167991
04e27b7
fdfe7af
018ab66
040f462
0a503ac
08f0818
fa71490
0a4663a
fde312e
fff3dd9
f4a987d
e9bedab
133c775
02e8481
0982cc3
06f153d
ff6350c
01d9227
01a90f7
02d1dba
f58a277
f48274a
0d988f7
f988857
eaa736c
f1a22bf
ff77264
fb90aee
0a255d0
fdb78c4
0f30efc
01919ae
03a4253
f9f3b96
f700cdd
07d3687
08a0f23
0afaf84
fc48ba1
0135dd1
ff74f34
f88c76f
013f2a5
0245f1e
f7e5ef5
0c0fd64
01cb8a6
fd78144
f4de0ee
fd26c7c
fcd4089
fb21c0e
feb59c5
0bce2a5
ec69cbc
e5a9ff3
05df7d0
f968d7d
fd25eb6
0e60160
fd0bb19
0d22178
fc89a5c
feba546
f6bdc1a
f845c92
0e4645f
02c1e92
01a9c53
0c207f7
f73108a
03d8238
0d84aaf
ed9177a
08b106c
0092cd9
f81a8be
f89531e
e6aabf8
f995da2
f9cb564
f586616
0c63116
f78b76d
0361210
ec7dffc
0631a0e
fc19c0a
055a9b1
f65b2a2
035fc05
0c86c12
fd852b7
0d00bf6
1e6a813
fb25aba
02abcb5
f9f8aa9
f870858
fdbf078
ff7e952
08ee00c
087c8a8
f4e6441
1373fdc
f804da9
142873e
f11a391
005782b
06a01b5
ff2c572
0ae1a67
fad6d09
060293a
fd746ca
036a0e4
eedcb51
fc03fe0
012bdb5
f902726
13b9001
f2f7b2f
e6e892c
f79c4a7
11d7ebc
0aab520
fc28f33
0c594b2
f394cca
f5c8483
12edf37
02c9b50
f4d8815
046b2b8
fb2530c
0419c24
068334e
1177de4
08382dd
f4b44d6
03b096b
fd61fbc
eec2a2d
f47dc58
0234479
02420af
f8b5a5f
083e48e
0486281
076dafd
f5da5d4
064802f
f8993f0
02cfb36
e6e6685
ffcc289
1302134
edf97d4
04b16c8
0071268
07dfa44
152fb4f
00ce831
0179a66
05091e6
0282f89
0354ceb
efee323
f063b93
00375a5
febeae7
f64a0bd
0259e95
ff54c26
f63ed25
f9b0e06
006c522
0d6f5c1
fbd06b0
038f5ca
0b5ee63
0f7b32e
0024c72
fd1b67a
faebb97
15d9c8a
05f843b
0808628
09b5849
fcb13ad
0e11193
164decf
0a40e5e
0302133
fa5c176
fa8b7f3
0a5662f
0199000
fd55c08
fa6907b
f67ea3f
0857ffd
f8dae96
fe62594
1266550
162e1b1
f1bd9e8
feaddc8
0236a81
fa79f34
01393be
f77467d
00d8213
f837fbc
02f7e25
07a828d
021fe51
fda5b26
f5bf953
03ad842
14f76a3
fc0d7b4
0849243
071ec8f
05f150d
1095b92
fcac49e
f80b21c
0744e45
ff827f2
ff3c534
00f5763
0608ec1
062f4c7
16e3f84
fdb1558
0581dad
f202bbf
05b76f7
047ead0
f84877e
f7c8e1c
0ebabc9
00b591c
226627b
00dd8d3
f7a2938
057e699
0f31bf5
18cd63c
f439795
f268c05
13a20e0
02daf72
042adc2
f95863e
008a787
fc36089
f0e7946
fc109a7
0845514
13fd908
f902e2d
f77e2c7
08b4f80
00b89a9
f9725c1
e501e6a
0a9483b
fd415a6
e7f02c1
fb6b22e
fd5a5ff
0acfb4a
05a952d
037925b
fe6bb30
f514b09
f29a141
fd12ce3
f8d43f2
f3f4c55
ee635e8
f98ef26
fc4abdd
01b6cec
f5a04aa
0d6290d
fa3c7e6
0162713
fc8379e
071a6bc
fcd2493
f1e839a
f2871f4
f8f552a
f4fac13
0c197eb
0858a2a
fbe0233
04ce323
0f6acfc
fe53aa0
051c55a
f4ddf7d
030a1ad
fcbca3f
f447a51
fdbb0c2
f12ce74
f9e4cbc
f5b1e6d
f1f31e2
fe00faf
00a3b3b
06bcf11
0752c83
ff3bbcc
0ee5bcf
17a1109
0e69ae2
0a75f26
1224df9
ed732e3
fd85024
faacc5c
ed40c8e
15e2fce
fa45d4c
e716d7f
f6243c9
035c14d
051a742
e459b88
01e794b
fe02875
ff4e30b
fa5bb70
f412e29
093a6f3
08b4572
f2bf3a7
fea17eb
f7fcb99
00bfbb2
0fc608b
fb7ea67
fbea48a
1a56c8f
00de227
fcdef4d
1c641a4
f9c2715
fcef41b
02eac67
f98c2aa
f9b01bd
fc82253
0b322ef
ff1a499
00db163
f693645
f01fc16
f27b841
f91fccd
003ea13
025a6ec
04bb63c
ebb93be
e8c062d
f6deb5a
f6a8cf5
0061f11
fdbc026
ef260f9
018044b
fc995da
0cb3ca3
11a2fcf
00cd1ce
f3299bc
e4d599e
f4ca181
fd8522a
007df49
03cee91
fde2fc2
fdc75d1
0ae0129
fa56727
08ef529
f5c923f
fc49767
054755d
03c6b44
0c03ef3
ff03945
03229e2
fda47ea
07b7fa4
04089e8
03df8f2
0d2469d
e709c1b
014e0c2
0474fc8
f9a03b5
07e4ff7
0146f05
013ee81
13bad79
ec74cad
11a17a6
0056deb
00bab89
01d44f3
e1f8762
ffe7309
0794178
f62b109
05c35f6
fe6fe05
fa071a5
edbd576
086a292
feaff58
096a6f4
febfc33
012c94e
02f4932
071f5b2
0db8675
fe61f02
ff4737f
0375c6a
00e5b9d
1197ff8
0a4131d
fd3c1f7
feb78c8
eb2aadd
0e322b0
f39cb4d
f25e7a6
04d41a7
ff58350
f23c0f5
fd954e9
fcaf67a
0535a47
f5e2f6b
0b5882c
f17302d
f4fcd7c
072d526
f69c15f
0fb4091
002b61a
15b1b44
2c7d9a3
0597057
fe2fe2a
fca2958
ff8f912
fe47b94
061145a
fedee8c
f683524
038dff6
fa654f8
ffd4513
0e7cde4
fd86e5e
fffbc27
f5a0909
121c8dd
0cc68f6
f5332b0
0088811
0286978
f60ac2e
e8de97c
05e1571
00be12d
0d0053a
01984e2
0a45648
f952ff4
01ff77b
18692e5
f57104b
03e8910
ee8b818
fea4622
04c9284
f9a088e
0066b9c
089edf7
fd3a9ce
2bfb125
0cb5804
f6bf107
065a131
08fd6d9
f84a104
00cce08
0113830
07a95de
ffed426
fd7deaf
f96bbd4
007da9a
f6b65ad
0d25584
fdad53e
f92e68a
0107820
fa69963
0deff9c
f96efbc
08ea7b7
02a7fde
04c32de
f8a9f5d
08367ba
0a7d29c
f323f57
fc6d351
00b3ff5
010afd2
049b453
f0e2423
ebd891f
fe89aee
0764fc5
0198eb3
f5bedbb
038c7bc
f8bf9a0
0b1dac6
f94fd38
efa4b5b
f81ac32
f236765
05b9870
09989b6
0147821
fb04ddc
043af97
066b2c1
eb2d162
092fc50
fdd6af3
07ba519
08a2a92
092633b
f744b02
f03fb23
fc4df56
009aead
0da913e
fd78ca8
069682c
0969390
06ee617
f911407
f846530
f28851f
fc58fc7
fcbe664
0e2b829
123e77f
05548d7
f5682ef
f42d2fc
fd95374
f95de75
fd4dae2
031aa39
fa1b8ca
f78d505
ffa0244
f9eb1f6
fa898c0
05c2e26
e49ff48
09df010
095a925
0311dc4
fd7a69e
13e87b4
1750e23
f44eaf6
024f77d
07c855a
14ba0c6
f320993
f7de1be
ffe8cce
fc9bb3e
fbcb0fe
02fdba5
01b1175
f725bd1
0b1c35b
098dd86
f1783a2
f92d61f
f60bfb1
f1bc2df
fcb929a
086781c
096f56d
f80826d
083207b
097fadb
006b8cd
f9c0068
f31156c
e804666
07be34e
058aeba
f9a8644
ebb385a
fb3acab
fdfd380
01ae1eb
13d603f
0abfb23
01f287c
0400633
faa9ba2
07013d3
0747b3c
03e3c39
fd99fa6
e868923
fffa856
108d6be
05052c0
ff1a044
034bd26
f847f70
0c56341
02ba84b
f20a405
f859b78
0c6eeaa
fd7e0a1
00f8fa3
193ce16
139187b
f4a6935
fd0b272
f5347f6
018654b
005c022
f00aea4
f9c1e69
fa2fd0f
fb689bf
044abb5
fbd2dc0
fd0be37
019dd9d
0c1b352
06fdd00
faf606d
fe426f9
ff2a37d
feb58ee
fa5a75a
0186865
0ea8128
f4771d3
f28c2d1
01e8cb7
07a0556
fc6ccec
143b1b6
0bb591c
ff499ff
07c8681
03ec9bd
008e95d
f29ca56
03dccc8
fbbb5fe
feb4951
029a167
0809316
0198360
0a301f7
eb070b5
1292ed8
ec3a67f
13893e1
046771d
f61d669
e8872f5
07e1c50
f5cd088
09e3d80
f9832aa
019315a
123a6e9
0dd68e3
fc637c7
f60e286
ff1a457
0446224
0dbc846
063507b
fc3bd2f
0c96e6e
fab1a51
069ea3e
fd8c513
fbd16fb
067606e
ec1a21e
107e982
f43b94f
f3ae708
f1191d3
0b3af3f
073e9ff
f0c2fee
f7c5811
0a3355b
077c162
0230ce1
fdd04ba
e497d8e
f90aa9a
05d68ef
f0227ed
038b464
103cfaf
fca3821
fbfae14
f5280a5
090902f
03f6009
e641dbe
f4a5683
fda65e6
16d4e0d
0438da3
03ae76f
076b490
10abebb
ed8f334
ec8961b
f320d9c
003f8d6
0048088
f380ad3
fbcf10d
ef00f1d
0742c42
00ce5ce
ef8c217
0960c76
fbaef52
faecbf9
01bd6a9
f62627f
0284df6
06f3c87
0315230
1a4f601
f8c866f
ff1a4f6
0951bea
0565706
fe5b3bf
fa3f00f
e5fc97b
000df5b
fc63919
fd98663
097fda1
fd5eb1f
f4b83c5
e60e681
f509dee
062df53
0146103
f54e947
fb43375
f20fb2e
0a32c14
fc79712
fe49b85
e9341e1
f3831b2
ef8de85
10e7dd4
f9434c6
0778caf
0a22da2
fb7f032
f770650
f84ed26
0880a37
fde81e0
fbe7fa2
ec2040f
fdd0fba
00d7ea0
052d875
f756156
0493d85
f3c8e46
ffc3188
0ca8bc0
f0b9daa
f0dad7b
df627ef
fdb2c1f
ffe4a1d
0bb477c
fdf721e
f8dd6be
05faa3e
fbcb1f0
00909a2
fb71994
fd4f8aa
01b3e3a
04e1ef2
020aafa
17332de
0466b0c
071c85c
fe3574d
fe45245
0f1ed56
ffc6439
f17310e
16204b1
f305d66
f6311a1
fc2aa05
edf5a4c
f9ad58f
0fdc400
f9dbe21
017cd1e
f96a640
fc9e8c3
02e54ba
fd746ed
f77a4b2
eecd18e
f2b8844
106320f
f6de9e2
fe409b6
01ba910
f7f025b
fc917c3
022adf2
ebf0adf
0159bc8
0a80e75
11348ee
ff13870
0c4b55f
f754333
044002f
0c76b1a
15edb33
173b640
fbc7146
0208f4c
052444a
1591314
fdfc883
0a402b2
0648f88
fb875d5
0d012ea
f704ab5
08e7c27
0451915
f4b2001
097c391
fc34b84
0fc892f
fd1cb03
fd0713d
0b23d2a
fbf0eac
fef3c2b
0e71f22
0584db9
0cecc4f
097d4c3
fcaad64
014bec3
f142c11
e88122e
fc99989
00155e5
021c93c
0613228
00189ef
0531fcd
e21a12b
0a6e663
fed0ac5
ff15ba2
0b262ad
10ad18a
fe91f1f
f8d95fe
fd67c7c
f697284
07f4c69
0300c85
fb11493
feb5f8a
0e3ffb4
0795cd5
f131c54
04bff2b
f270e82
02c6527
0786fcb
05c5a17
0c255aa
f3153a1
f5ac4ae
0dd8930
f70b541
173a83b
0705a5a
0c760a3
11e63a1
033c7f3
07e40d5
f76594f
ffe652f
fc86da8
e6fb09a
0010338
0431ae7
f2c1512
fbe910c
ffc6ea1
f6506e7
f6e9183
ed2f5c9
05102ea
f932101
1bff9dc
f0399f2
f847b4e
f8a2c32
021ff80
03947c4
f8dc027
fa3c375
fae4d9f
f247081
068f2f6
02032df
0138c2d
f3403d4
0c9bcff
fa92260
187b95b
f9592f6
fe89da8
f26b848
07e0418
fcf12a2
03d29eb
0092d55
f3f01f3
fd8aa3f
fe63033
fa40880
faa3d75
08907c8
068e33c
15b6c1c
137529e
04b5bde
0b1bb34
f6c9b71
0abb56c
f10049a
0a8d675
eeaf67a
fe547ed
0d60769
fe6dedc
097dbf0
148e4f1
0256d31
ed6ad80
f5db372
f6fb97c
003be05
05f8b13
fac61f2
f70c18b
02109ab
feb6321
01f7849
070dc8e
19f80b5
094dd91
f76cd68
ec2cba5
f9f549f
15e02d0
0836b65
06270d7
f27a678
f939974
022f53f
079628d
f7a47b1
fdb7876
fa4a616
1584ace
0189b52
032fafa
06cd7aa
001d8e1
06c3d7a
003b3ee
f4f1948
fdf8d1b
06aa98c
0c355d8
ff02d3c
0ed3923
0103451
f7d2ae1
fa1789a
0f8a463
090cbc9
f9e983d
0b30ecc
f82763a
06a3b53
1111fdc
098ac2c
f7465f9
0965def
068cee7
010de5b
03bc458
ebe7b44
09c29eb
fac8070
0594fb9
f2d7734
09fa134
fd7e6eb
f4414aa
f319531
fffecb6
05676c8
14a1473
0a1ad14
f5823c9
0294ee5
0352639
f551870
f948c61
fb337f8
fe81118
fdd1073
fe2ed22
090b592
f58a40b
ff9e7b6
033e399
ddee6cb
0592d61
f6fe908
0930ae7
f7b0610
104bd66
f857965
f0f362b
fe48b22
ffd8ae6
ffdbe9e
190da67
0d0b5d7
00a1d3a
03563e6
fd5a5b3
0440eb0
0f4a011
f2fffd6
fc0ff60
f73079c
fbfbf58
09b3b82
fcaa0a5
1c160c0
0a7e6b4
042c4a2
f15bc52
0833a63
fa6fbe5
fb9db7b
0470cbc
f4f525d
0563c05
0596b75
07a9888
fd627d3
00cbdc6
f6c30e5
0859e48
fb448a3
05935a8
12c0286
f5f1fc5
faac82d
02f627e
0ce45f2
fb39ba2
feab9f0
f101117
0bad073
00d8e6f
112d262
f745a43
028ea9f
07b5428
0ab1473
fc50ae8
f15584c
0e4cec2
f418a02
03505f8
01e995e
f90e67d
003402e
08e0b0b
ff0a91a
f753f37
ff4838d
fa15e15
133558f
1049e75
fe553ff
0e54979
f91190b
03140b1
00ce4a1
16e7ccf
fdd662b
fbfb216
078d67d
fa92621
1253960
fb07e9e
01dfdbb
0ba76a9
fe06a45
06c8951
fb5fa8d
f4703ef
04b7561
f11360a
04a2890
faa88a1
edee60b
13154a7
fb501f9
ed66aaf
1493f10
f43634c
0513936
ff5e002
fa5fb09
f35f833
fb91c07
0b2f06f
f85a9d4
fcd8771
1b99e00
0c828fc
f4f3805
0fe5fb2
0429a07
02af1da
f3cb1ac
fcd7c39
fa7257c
083518f
ee16627
0a227af
eb6c836
f64614f
f6d8212
f504411
f6b8982
024d5ad
f2ee311
00af5cb
f5a2a0b
f391a1d
ec5f98c
0d43244
04c41a0
0ed82e8
12c268a
06089fe
ffb051f
051292f
0e442aa
07bcf3c
f7f92b3
fa0787c
14ea5c5
fe00e2c
00a76e1
fb88f81
0c50651
07f9b22
0ca01b9
07bca91
0d56477
0aa9967
ff8f87d
01fa893
ec1fb5b
ed30481
02ee27b
fa992ce
17e982c
0bb4159
fbdac5b
fd47528
fed3e0f
0aa4796
0347608
0c739df
0875816
f658f44
0cfad5b
f614ac6
07201b5
e1679fb
06cece1
04327e2
fddc4c5
10a2c40
fa631ce
f4cca4c
fc76e8e
edfe598
fea2515
037c31e
f8ac384
fa11c4d
036218e
ff1be79
0bcafe8
f447e15
09715ba
f835e4e
0ef4015
0658848
fa0dd73
028830a
fbc65b9
008abe1
01285dc
01da960
11a8257
13aba83
fe753cf
fedf48b
f5c8de1
e3ce405
f4fa84b
04b5573
f7152b3
0122d2a
f698e98
fccf1d9
1388ca0
1365245
faeef2a
fb3ba72
054df2c
13174ec
ef06350
f51aba6
04253c8
01736fd
f8e33f1
fb8e138
ebb7fac
08751e5
07b7f0b
fc0cce4
e95756c
f3113cc
05b8e4a
f2c01fb
02718fc
f681f7b
f91500d
05b711a
ec9f084
0d4fec4
fe72f43
f69bd69
f763bfd
f29405d
f517118
f92ea4e
07b65c9
fc32830
0ec6ddc
eddff51
f3f3185
f29bc4e
020ba48
0370501
fb9be75
f4d4d47
0ed26eb
ff3bd29
fc42f05
0fc2635
014f2d5
043d4df
007b19a
f4e94eb
f72b744
fc58725
0937788
14e222b
f93c854
fb27ae7
093dd38
027cee0
013a4e7
0b6632a
0678515
09966c1
f81d036
f536931
f19be31
ea45ec5
088e825
f434623
0a06960
fa28493
063babb
f964913
f8960b5
f6579a6
0571f7c
fed38f7
f400c08
0025349
fb0d63e
ff52181
f45c2a9
0793f71
ff0eeda
045370d
eebfeca
fd48617
ffe775c
0b267b9
f42a9f2
ed0591c
02e6ef9
fdeefb5
0b3b211
f6f03a8
0cb5b59
ffad7ac
052b583
fbaf9b1
fdec706
fbc492f
fe06af6
e695262
f38da02
f8fb62d
0855a35
fe05a1d
f35fb78
03473fb
0f574de
f5ade53
fab4b88
0aa9da5
f9c7fea
0703c08
088c9f7
06bd9dc
08334f3
02a7f81
0a6dfc4
08a09eb
f8317d5
0ac0b09
eebcad4
0d9dd3e
01f12a9
0dbc089
008670c
159e81e
166fb8a
118b10a
0e33ec7
f796999
fddb75f
f50e9d5
ffe3820
0b7b120
fb7237c
034a9eb
0d5174a
012e61a
f8a604c
ed55ba6
0c29e7c
fb81e74
f5540d1
fa32d85
fd2e300
f94076b
076de58
f8da93d
f7eae87
0306c8a
f96a38a
1955e17
fab6939
f4b2266
f1f690b
fc37524
ffadd22
064da0a
fa76e1c
102de5e
1936ab0
ff95858
feb153d
0288b55
fa7a66d
05c2a4d
fca69da
136cfe4
fbaba1c
f58ea9d
fb7f58c
ffa732f
1177ea8
f8e5c50
ff7f8f1
f51d852
04a168e
0409401
eff5c25
04c55e1
0dc8e84
f59fb59
0026724
f6caae2
0326e09
006c83a
fc39a01
fb11460
ee437f6
0224839
ff285e9
fc30fb3
059856d
f8a3540
02f3f98
f028528
ed6d504
0b969c5
e4711db
05b9b97
fd90ee5
04bc7b2
fbecb9e
01f4bca
f212bd7
0163960
0a8885e
f201fb5
f98aa72
006ab0c
067ab72
0ce987e
f7a0785
fbe5ce1
093b332
0552fc8
fef42fb
fe5dd34
db5b496
f97e8c2
fe37266
f74c3cb
009db51
131232a
0650d94
012c867
fb672a7
f70ccd2
08b05b6
f8a50b7
f37dc2b
f7ad12b
0469f16
f249669
05baa9a
ff1b72d
f59850e
fbc601f
f3d325d
04cd68d
f784d58
fe16816
03d0232
0907841
0056aa1
ffd9cc9
edfbde2
1923e74
f7caaf2
0216961
0416a21
0b5e41d
fafdf94
fef9db9
019a0a5
f660fc2
0a8cb62
0316112
1165b19
03bbe4d
f6c0e58
ee6bce6
ec849c5
fdadd39
fa63da8
f54bf80
ef487a4
fc47048
084d75d
11dbdd4
0872e67
035e531
fbefe28
004530f
fc7bbd1
025b10b
f88976b
fa166a8
077f765
0552031
0a305b8
efdeb2b
197289c
122349c
fa94cbb
010d1a1
1ad36bb
fefafe8
fa5349d
0b9e834
f07ab59
0fcc600
fb67b03
ffa73ac
12b4e6d
fb60e9e
ffdf572
ff21410
0556f5a
fa544a9
0b4f7cc
17838e8
06e79a6
0c8dab0
0209561
078df56
0230213
0b54e0f
075fdc6
05b6261
0388b9d
f91a41c
effb5f2
0986eac
f5bb1b6
0bfb69a
08286b4
18d48b6
f340ba8
084405e
02ef4c1
1356113
f9df4c4
f52d798
f500819
02ba7ff
0bebaf0
000fea4
f8a046c
f90d2dc
0a3686d
fc1cf68
0346151
0786bd7
0d6f2b6
f5d857c
095e3d4
fec1446
f9fdbf6
f9d381b
034de4a
fbe7474
faab3f0
eab1f02
02ad12f
016fce8
e4a1172
08eae5a
eac6170
f9208da
f01011f
eb51d53
fc91ef8
fbb4c13
0ff545d
f96fa96
05ff7a9
fc28864
f903905
fd176bc
0fcf954
f5d146f
022fafa
026acc5
179b14a
fe8acc7
00851cf
0c3c853
037050c
f77e9b7
06fa9b8
016fa43
ff9ab52
ffdb23f
fb8c15b
1206765
013059e
fd4f997
f8c5808
1062da5
fa5731c
fde5c56
efb976e
fe8542c
00468d8
fa71845
1025802
1538ecb
0433b4f
0946796
0e1b651
f80bfcd
ff49838
fafa016
ff7c9a9
007602f
ff5f811
fdac10f
f8276c1
041344d
03d9e78
ff7baa9
019e6cf
0cfdd05
f1a3df3
0ef8de2
00205cd
f391aab
085e50b
f0b94e5
f196b69
f430862
fdb6f91
fe58973
fb346d3
f88d181
fa7cd8a
fc10cbe
ff01b7b
ee32905
f946c1d
0656a79
fc991a4
02d68cb
07d6379
1c04eb6
f4b9489
2035c94
ff998d8
006fa45
f21fc19
033b0c5
0d02b41
0f519cf
f84e1e7
fd96aa4
ee744e9
f3fd4d1
fbfe974
fd1340c
0406a06
febd211
f6460b0
f89e939
fd1b475
fa6eb49
fb8da7d
f1f1057
f6da004
0efcbbf
fe451a4
0c423ed
fdaf6ab
fb3485e
0ea3510
0170df0
05b831c
12c24d9
093d9d1
0f66e9f
f592b78
fc9ce43
fe8ba66
0d37267
f4f2ecc
f823c8b
f9b964a
0a82ee0
09086ba
0a7ee35
ffc969e
07e6843
17e296b
0004121
fc9b680
12217f4
f1ccaeb
fe458cd
053ef69
083ef73
fb45128
0f5616c
0816f54
0914feb
04b6153
05d812f
ffe7b59
163e3be
f49657d
003cce4
10f67a3
20ae910
10661ff
042fb7a
ed1e145
0a3e06d
fc2d8a9
feec30f
032b1d2
f0faf95
faebafe
ff3fcac
0b301fc
0899b2c
044dee3
07aa633
f073a1f
f449cc9
0a0bf2c
04c34ea
0256842
069f78d
1113958
fcfbef6
016ac3c
ec9929c
06cfade
f5371d4
fd7d7c3
02128b6
f9864fe
fdc9e8c
fd16b4c
f996b7e
f8fd766
fddced4
05c68da
fb64378
fc97a84
005fd43
0ae0411
1a8294d
fe5bf56
023e355
07ca163
04a9801
0455f56
eebc8f2
0684e9c
fccfc44
0e061e8
0e60b53
f45ac83
e5f11a9
f5cee2e
f6ea6d7
fd9ed34
0060be3
fcaa5be
fe0b54f
f26e971
0feff9f
00c8681
09551a0
f4c757f
f190bae
013d270
ff58b05
ff74a0a
f9e8b2e
f10785f
067e3da
eba5237
04561b2
0c109ef
fcadbb4
fa8a222
f469697
022520b
f8a5ea4
ffd8463
049efc3
0c7d8c7
fe16219
10ac6f4
09b7bfe
032799b
0b48eac
ffc286b
f60217c
0986fc0
f1d80df
059622b
fef0c33
06d6034
01f96c6
025069c
0dbebfb
062e6ad
0c4e450
efda7a0
f77fdfa
0581f11
f9a0e77
fb1f317
03bde5a
fb03ddd
fb23eb3
fb8fbb2
ff1809a
f68b111
05d2d75
f790d4d
f9d9b83
f582ed2
0a6cbe0
f1d6385
12daf57
fc80337
ed67d6d
04072f3
0845d7c
ff44fd3
0437095
11508a8
f780280
fe34962
f6ecf8f
def50d4
fdd9f4f
0e9cefb
f71a43f
f8ef0fa
0878973
0658cbf
0cb247a
09bcedf
f6636df
0fec88d
f80dd22
f9934a1
fd33374
020df24
faf7df7
fe1f30b
01a4371
11a9881
f8c5e78
0af57e9
0a8d05e
f577580
ffb5902
f94208a
0878e17
f9b5068
0fab91c
0ac3bb1
0618255
fb40b84
01e0dd9
f91149c
fb12ef8
001c964
0eac521
ef75729
0703c43
06f54d1
f68ca2f
0690b7f
f86dc86
03c57fc
0397098
f5c564d
df938c8
fa80b03
066324a
15f6d37
06918ff
073d0fa
09b1a8e
1984c82
fe3985a
0e3874b
015dbc9
fa660ca
f6f6848
0f3c6cd
00bec75
05d2725
0a8569e
f9a5e4c
ff44d92
f6ad694
06bf8a7
0b2c547
0026117
f9db9c5
fd4e95a
07f7516
f78cb0d
f310f44
fcd95a6
f1775f5
002a5a4
0e1de6f
0a7c08d
fe57fa7
05e44dd
eac08d2
f335275
0a8c9bd
f7f06c5
1531855
f903f74
fe41100
0610c7a
13a3971
00c914d
fa50c79
0a33733
0a8601c
0251a91
06fe0c5
15ea851
fcec05c
f489ab8
032528b
fb569b5
f8f80c8
0200ce2
f46dbac
0377fab
058a6c5
f5a1d7a
1043986
069a145
0194853
fc1cf45
ec390d7
fda233d
fe6f9b2
fcd20bc
e51894e
07f8d13
f47d25d
f79f8d1
000baa9
ee95561
f87d71c
16794df
021af6d
fa44737
f33d120
fe0cf6f
febddf9
0d95ac3
090dca5
1082a2a
09387f6
f8f8001
01a72c3
eb0f94b
f8d4c39
f86ff51
fc8e31b
ec99e83
0afe955
fe3996d
08fe070
0b121bd
f9d7450
f8961dd
f3c7ca9
07bf531
037a743
ffc5d40
fd6a0eb
f644096
f04938f
068dbd7
ffe2ae3
010dc62
038e6f0
05d3202
fc12fcc
f165eaf
fb9b9dd
0186774
00b529f
0b9ed27
036b193
fac9e62
ff77ac4
033e158
0050da2
09ea337
fc7f95c
fdf5465
f8db261
fae06c6
faf2d03
2029d03
fc17dbd
0956f48
10f821d
0c34338
0b766bd
f8640eb
0650e35
fa57b98
0b53f7d
fcc942c
03c32d5
07776ae
f47d66e
0b8cb1b
0bf0b4c
f9e5065
0db77f4
141b39e
efd3d0a
fd7a89c
e93df79
ee500e0
02cdc72
04a8785
f245d21
0a1b49c
f6c624b
f3db2c9
0694328
fecb9c9
035fd4d
0690761
06cd3b6
0c378c0
f4c269c
186a628
f865441
0f79aa9
f80fc21
f11fccc
fe34c4d
104daea
ff82d70
0048bea
f583706
fdbf94b
049af4b
e432411
f55a7c7
0a2aebf
009f7a0
1cd93cb
01d3e62
1044de2
fa8af22
f6341fb
fe4d402
05b5a6a
03d78d7
fd589b3
00b27c4
03537de
0c20cab
f3df294
f178293
f6daf28
fc090b8
1917c23
e03fc81
f6e37db
024a75c
f02ec50
008c13d
ef79810
1212bc5
0a8b108
16933dd
ff7a864
0296560
1bf4306
008879c
03787ed
0a9fe17
f856d3d
00068cd
f814aaa
edeee05
eb092ef
0808d6a
f6efb26
f20b29a
ff4e1a3
fec93fb
fc90eaf
f31c18e
0cfc4a1
07baba7
f5491d8
2123b4e
f44df28
076d468
f7f5527
01077d8
eb4a55a
ffb17b7
f2c539d
04c4465
fbcd7e2
0e01f01
f2527bd
018fc2b
04e5331
f6e80eb
fc9f1f3
fe2a1c8
ef95f9d
0131aaa
f927b58
efe281e
089722d
0d96e52
fb8b6c0
fe6d0bb
0181e00
0f6e241
f21061b
f66fabd
ff72008
f14cb8b
ffec3c3
04215ff
f4d535b
0bc48c3
0373c1a
df537df
07b3a7e
0ca759c
fde0a9d
0be4d99
00e3274
fe01a5e
0b0b2f5
f6d1462
fa93c4c
ffed5ed
141df60
fb86926
023248a
f8734ba
f3d0793
09f1703
ff028e3
0bb2fce
0e46049
1c00378
0584738
fed271b
f4fe3c0
05052d0
f0fef68
ffcf9f2
058ee26
f02eb1b
f2234fc
f487b11
0840126
054a1d4
0f967c9
000730e
01b9cca
fd7d997
fe70869
0ede04a
fc3683e
0143b38
0e4887b
f7916c4
02620ee
085cbdb
031ca27
f7cc1d4
f4c062f
f7630ca
0625997
ff91849
fa6bf3f
f844617
18b017c
fd80bd6
fb1048e
093c9c7
ef298a9
17c1a56
f2c2dcb
06838e9
f758797
fbedf84
ee3e8c6
0d1c3ff
021835f
f612a18
02ed420
0d1edb6
0621063
0467907
fc9f783
f1e70d0
ffaa21a
1281ef8
0463abb
ff2c694
035a59f
f46ef10
fa645fe
0bf12f0
fd151e6
f52a9a5
f83df30
f81cd7a
f071e90
f558bc8
0c401a1
f877271
fb0caf5
0bc116e
008828e
0f88506
fd1431d
e81189d
f91129b
f6a2c10
f9f0002
0355090
ff71e6a
fd03425
fa15c21
f7503d6
044a898
fde774a
00e5f9a
e6a6b95
071a5cb
ef31f8e
fdf4dfd
f8f9efb
08090b3
0593ee6
f966738
0847331
05bc83d
f842967
09f997b
03ba3c5
01d45a9
feb485c
fc60f81
f0cf2d6
039f4e6
08723d5
ea6e5d9
0b7c691
0e75709
1659b6e
fa58c6c
0efa666
0410dbb
f05a9f8
01c4bc0
fccfc48
07635a5
f630eb5
02a08cf
ffd1f96
055b879
fa6c686
ea4aa5e
ef8c3fa
1916500
f154cc5
fd31235
f54ea43
09edbaf
fbbef2a
04f05ea
fa3401f
045cc3b
131963a
0a5e952
108c1b2
ff37773
09c1f54
122cd1a
f10360c
01580bc
fc87241
f2b2873
eb53c47
0ba3e27
f1001fe
fde335a
f899fc7
f5c093f
0a56783
0b93f70
0bc58b8
0d1d17e
f5e33d5
f9901a5
f4b5fbc
f7209b5
f9ec100
f54bf18
fa944ab
0a8ea02
0a1609d
fa1e8b0
f504cf8
011197b
f87a79b
083075b
034d075
0d6c8b6
083575d
0deed05
fe20d8d
0cb6299
0bdee05
eff3a7c
f963c4f
0c4321e
f9975c5
11b15e3
087bb13
010dec6
f5f9074
08f3419
00f6902
072e612
f1e3798
f592aa9
e7a7009
08b840c
11dec6a
fa6ff8b
02a2db4
ff23b85
13151f1
08715dd
fd3a7ef
e50bc4c
f2e27cd
0b69b83
0b287d2
ef909f2
f7883c4
ffc8b78
17de799
f778d43
ee5853c
08f3365
fe7b54f
fe48f04
f9989b5
f9a3327
f87a9f2
080689f
08df17d
fe9e086
f527bd6
0b53ed5
0c4d2fe
f2d4dd5
0e91e9a
ef7ce6a
034e6a6
fbf3d58
02d0608
041ae14
f0a285c
068eccd
007a07e
fd15148
f993ca5
f33e5c6
0eb8b48
159a2a9
fb35751
f50750c
03f70e2
f790eb2
f31f560
008e4e2
fbac2d6
01958f2
f3f594b
02e4e31
f734326
0544fd6
f37d746
08b8526
0f2b979
fa06e08
0a51cfc
0a6291a
ec67b8a
0c3878d
0116538
fe0abb8
0260958
ed6eb97
ff21be7
0638d2d
0417719
f4af922
02c9dd1
ea8be99
f004223
fe4d349
0c6c1b7
f7f3f5f
f64783b
039e207
f41524b
f738134
fcd921d
eb242a5
010ac01
00f6817
020f1bd
fdb78cb
fbf4b3c
09c2cb7
fa3648e
fec72cc
12c4eaf
0c5ce3f
0c389e7
04581f9
f6e3c20
f95625e
ff46015
f4f6152
f410e0d
fdc91e5
05bcc1c
07ab3d9
0457f64
fb4d089
080d681
0622baf
fd6b1b2
eef0010
fc932f1
f32829f
f7f4b40
fae76f1
10ab0d1
fa29e7f
fdecf80
0868173
03b9272
ff2cade
fe5bb55
f449a2c
fc94d36
e94da23
fd85544
f9a6a11
f3a0edc
f5e39c7
0058384
fb8f7fd
f2c6676
f7278ad
fcefab0
0fafff5
fa60161
0ca33ba
ff9e86c
04c2ca6
f3dd76a
fa6cccc
fd1f7f2
ff70845
0d75b19
0d1be02
f57df50
0833924
0437d3b
06d7a82
f549f3a
f144f63
0f585a7
0242398
0a33f9c
f156603
f224996
de83087
0b1de6b
0c893cb
f7f81db
10d7712
0209f72
f3b238c
047b83a
fb7e4d5
0c0ca5d
f067eed
fec17d4
0fee7bb
1024def
f9bee79
0374d3d
147e953
fad5f18
02f5778
0b9fa38
fb35320
fdb037b
01f36e8
02066bf
0dd4169
fcc26c2
ffd8ffa
07f2f90
062d9b4
0a805bb
139d389
05f368f
faae075
f103fc7
fa126d0
142f9ba
fca960f
0085fe0
f5b8551
0ed017a
fb19a33
f9c4247
0d8aebc
087a2a3
0d7b530
0777cb9
040d2f5
041bc70
07114b1
ffdefb6
ff61c44
07cce8a
057c1a6
08f4903
1255212
f8a3ce0
ed9a3ba
1e2b99a
fbd1bf1
0169071
095ee79
0f825ab
f44d2a5
fbec90d
ffb0ea5
045ae02
0257414
08fecae
fef86ad
f60a7ad
129c4b7
08f0fb1
02708bd
045f752
0953de7
0216e38
01001c4
fc5acb7
1169a99
fcf4087
03b8fe8
f9ef415
0e3f92e
00b8149
f765eb0
ff34154
fedb1ab
f9f2155
1457457
f4e650c
ff62c07
02d1802
0bbea58
0aad826
039825f
ff5940f
f05eb34
ecf7e46
0b5ba60
ffdd223
f27412d
10505fd
f593f09
f2739a6
0ac3071
f57cbd7
f71b3a3
0a0e4cf
14d8314
0db570d
01fa0eb
fe2dfc9
014d3e2
0ce9be3
0be10d3
fe55a6f
f0837b3
fb0949c
094ac5f
f91bf87
02b6add
0f51f14
0c6ee6b
ed02ca2
07eb348
f1abd23
f85db4d
0804ec4
f80fb91
f3c5abc
fe20f0a
f38b019
f806db0
117a059
07396fd
f6222f9
f61e19b
151d2d8
f290ca0
02cf1d1
f44abcf
045b05b
0da2a33
f45b5fe
f940206
ff2dd32
f7b5907
f84c679
ff8bd6c
1e334bc
03078fc
fe7fc45
f38bbca
fef31c5
eff6020
fede588
01d4a7d
08d37b1
0855422
07d4992
02440ca
ff2cc29
068149a
0640d26
e7d858a
05a35d6
fd537ca
0dc7087
11d1010
f905a24
05abe85
fd9362e
10b90ab
0ccb0c7
127106f
f24ed0a
0dd4564
fdd0807
0534e71
00ec8fa
0b4b11f
ffa6264
ea47e9c
0152c96
fdb9703
0f02e2a
f3ce29a
04b0fa1
f45d80e
0643a2f
ee11f80
f2f9dc4
04d2e5e
0084dfd
f4da9f9
fbcbcab
ee33ab2
f6163a1
05fc888
0d56c37
07a661f
f7f8736
0461489
15d7897
fbe1487
ff69dc9
fd79e5f
0476076
13895e7
fa4891b
0531b8e
f414474
05b7abd
01d2a1d
08f164e
04dd987
ef37c53
0196ac2
08e70ca
0cf40a3
0470df3
fa6d335
0273336
0b0a365
f83ab85
1745626
f2674f1
f3d0990
f64b1d2
0034a0d
14993d1
fd8679a
02325c6
fe41fba
f4f6eb7
fb1068c
0219f7a
0da9e0d
fb58396
01d6451
fee9baa
1029bcf
f97a091
f000403
0ff30cd
061ff35
f71e6d1
fe9842c
fe4f58f
ff78b99
08174c2
f5b51e0
fd01d67
fd33e88
12ae9d3
00fde1a
f983b3c
eff039b
025c0ab
0c619f3
fe31863
f4bda38
f2ffe5c
f74f5be
edb7596
06edfe8
fc4da0e
0c425ce
01548aa
04b4147
06cc9a3
fe14967
14b9901
143720a
0aa551b
f944291
fb0ed17
0055fc7
048c01b
f413083
fff55a7
f77ce86
fb22450
128ffd6
0124e84
fc836b8
01cadc9
e81ce75
0fd7403
07226a1
f77196a
ef84d70
fe92b7f
0049141
0f36b90
fc5c0b0
06157a6
01e6a02
1506813
020d181
f8dea93
1091fbf
f3de1a1
1852c8a
043f163
03bed4d
f35bb4a
062198b
0065dd6
02ecc23
0dd192b
0184ac4
07d507e
fdabd67
003f775
fa3ba7c
0cdece6
f5ce0ab
f5a568c
f761630
057aabc
0d896c6
fd7f681
faba50b
f9e7c7f
fbf5eea
f6f0313
0d1e802
0e76e1f
0b5aa0f
0ea5972
0425a82
0a0d661
f22752c
04b7c27
ffffd05
0df747c
0d0aea5
fad31c5
fb229c4
f5d5438
fc7a430
0e1ef97
0ba3480
ee2e944
ff60762
07e91af
faf1f1a
084966c
fcd3122
e442c14
0bfe821
fdc62a3
f71bfbd
01aa7b6
f291434
0404c38
fcf4b96
0b29e0b
f83bfc6
0cf63ed
f69f84f
ef41cde
0396ab4
faffae9
0d20e39
f6e0710
0bdbf1a
0ae6a9c
0361082
f39e41e
f2db223
f4855e7
0433205
fd3a501
0419285
f55ef1e
12b9a84
fa829fe
0935d4a
06a137d
01f6c55
0116015
00dea46
f77d040
edda0e8
0561e8e
0234e91
f9950f7
0371295
01b22bf
0d65f65
fb286dc
fa80920
0eef2f6
0a64860
01e99f7
fa2caac
fce7d13
11a8c72
ff56afb
feb6749
e6ba0dd
080cc6b
05358e4
ef8ea9b
f9f5842
023243d
f712fbf
fab1d65
0ad8c60
06dd411
05570f5
09be069
f010307
0174091
f756c6b
0a04735
f0be4a9
07d4866
0268729
fdaf190
0f4c67d
fd57345
fe33106
f66aa66
0d72110
fb1cac4
e717c03
03fd59b
114e931
0ae601d
f9c979b
ffe2ec3
032924e
0b71ef0
ffdd1ba
0675a32
0b27610
f4374b9
0ccf516
05f9454
f582fa4
072442e
01f69c9
009870f
132e859
01390f9
01bff27
04ac8de
ede4b82
f8cc428
08f74e7
0217999
ee6e6df
ff7cdea
042e2eb
fcf2efe
fd4a536
0364260
08f96e9
042052d
ed84493
f9b341c
0174d60
03654c4
fea261c
f4c579e
f6a8007
f1ac61e
f87fc97
f0e33c0
095b6fd
f965d6b
08280ca
020e3d8
f8e6543
f777f07
fc01ca8
ececebb
f8bc16b
040a024
017c3d7
ea5ed7c
045c303
f541d2a
06c8229
04772c9
f57e73a
f4ae637
0462f75
0ed13b1
0773504
03f0eb7
ff6bc57
ef1792e
fdfb673
f74520c
03d9ea4
007e00a
fecdd45
fa1bb5a
089fb83
f56245c
fa4b0f5
f3d18f9
ffcf6da
0207288
fecf61b
119876e
fc5800d
f1cba6d
02d1ce5
0cfe8b2
0a4bc00
041f58b
154a825
0d3d9d8
0371f11
0a1a212
00d4485
03d1fe5
fce16fd
ffeaf2d
059bb9a
f0fcc3b
f414df8
12ec8ea
0bb08ab
ff7a8b1
f0a0a01
0ce8ef4
0145f1f
f80bbbb
067a66d
0051d81
04ecaad
e9d454f
016339a
f47e784
f412c56
fd3ab1f
00a1fc4
0947c83
0769937
0f35b79
feaea14
07ac521
0916f2d
047e299
e0addc3
f9b961f
fe1f41a
023b3ca
ffe3ddf
0667724
0052d17
fa4926e
efeabfb
0378c00
f64a902
feea1f5
0ae1747
f43bd1e
f940b12
fdc7805
fb8157d
fd932ed
08ed79d
fd13f14
fe5d50f
ed4b1cf
03e4277
f69ff01
04fc9c9
f03f505
0838912
090be44
e905ecb
0787715
02384c9
ef2c9e6
0abcadc
0385d19
083b98a
fb5f6b3
015d346
fbadbe2
08af8df
07b8eed
1bc1c4c
0bb7162
00e1097
ece182a
ee20e99
fcdaa43
ff26a04
0850acb
0681bd8
fda0d9a
0604d51
0b3577f
f969819
067e011
f558a38
fef7cbc
f5e43ba
0ac315b
fbaadbd
0a8f176
0115091
039b39a
007342e
e7ba3cc
03080d9
fbd4746
0567194
02cdca8
ff29d06
0b34cfc
076a886
01af270
0274e2e
ff70c5f
fdb68db
e1a0aa5
1ec25ac
ef4e53d
00b6cf6
07891bd
0dd9cbc
05b3e91
102f2d7
105ae65
fbf57b7
fbd6ae2
ec661b0
ff42f08
f266069
fee07b4
fee4518
0ae206b
f390c07
faa5378
fb9efe7
d5d66a2
01107b9
011421f
0482d49
fccba65
fc8cce2
fd0e5e4
f845f9a
ff590d2
f687967
fb0c57c
03303c6
0499c70
fcc03d5
f0f1693
00c084f
0a77730
10502ef
06991b3
fad232a
fcdf5a4
fb7982c
f9a2ba1
febce20
fd61ac5
1508801
01663a2
ee05cf0
00602c3
06ca02f
f65e925
027e176
0d6c90f
07b26c6
ff477e3
06b3631
f7cf2ca
f73ef9d
f309019
0437547
09f0e95
00500c7
e698860
0ef44d1
0173573
028b004
0d9adf4
fe7f954
ffe33f7
fadd146
e845fe4
03d9e4d
f7841f0
01f67f1
fe342b1
ffe5084
0baa6de
094fd28
ecb1016
ff70f0b
11c1b56
fcb3df0
0550b59
fcbd057
fa23f07
f89b09b
f21c126
fb298e8
097d961
0d4ac5c
07db30b
0269797
f21e80e
f00792e
fd51024
ed5ddd7
073d179
fb25849
fb51ef9
0775257
fd3e57c
0270437
129a861
eeff448
e8ba96a
f77d5aa
fa657a9
0f0df30
fb7a5c4
f9ed1ec
fc33156
084c4a1
02cd1db
e8cf207
fc9b542
fb123c3
f7c6ee8
f9fd448
f80fb72
fc15a98
01bd492
093487c
fb5a404
0b9870e
032168a
f0ccc68
002b61e
e90135d
0b2fcbe
13e7411
0158777
092a251
ef1f712
fef2c3e
fd03240
039b516
e66048e
f44862b
0ca0257
0ddbb19
f629adb
02c9e53
030b138
014d2d2
01a85d5
016a99d
f63523b
fe83d3f
16e9c98
09186c6
001a663
f9b5e0e
004e79f
0f52814
fff51f5
f833d94
f83df5e
16c9642
089f166
1250dcc
e910c26
ed6a0dd
f9d7f1c
fc579d3
fd69453
072281e
fd35e6b
f9dbdcd
04d9160
f5605ce
0562e45
09d2743
fc50eee
043a0fa
0d43b00
04d596c
0603687
f845d48
eb904a4
00fc382
fa6b241
0100414
f97531c
045780f
0216413
e31cbd8
09cbeee
fc7f115
fc19fa4
00066d5
03fabaf
fd948c1
fd407a8
214f242
097a42c
feda2e0
110bd42
18190bd
fed8ccd
07404ae
f1311b4
fc97209
fe05fc2
fcbc871
fee03fc
fd1feac
fd4a232
1387189
17c8b0c
e95b8d0
129e2e9
1862db9
0d87eb0
0c6fef2
1775d9e
fb72f99
02d42bb
fc6849a
f4d6653
ff82838
f4f6a7c
f4c13c3
00899c6
f6c701e
fbde27a
f7aa0a3
f65f8aa
feb7212
e7f95a2
fdc660f
03f921a
ff81bd5
fff6c98
0a81043
05a8c2e
f820a63
f18bfce
01ed8b6
04d61d9
f3fbd3e
ffe75a7
15bb0c0
02577e8
f0175df
0f15f25
f871fb6
075226f
00db7c2
ffce9fb
0daf380
fa4852a
04039c1
f7fd1c5
144b32a
ff51ca1
fe925ca
070d4e6
ff97d91
0d83a8d
0680524
11b8b70
f884504
fb3df47
0354593
efaa553
030d673
f9ff8ce
1431962
e4ec6fe
fe6c2e8
0bfc745
00ae83d
0a380f0
0b4ade8
115a385
fec6604
13c83cd
0915a84
084c314
068f674
fbb82e0
10115aa
0663b05
0bc4c37
fc01583
03f737b
f024972
fb1c05b
f6da70b
f9a634f
fa50880
fa1b2e7
fbc43b8
07924b3
0032815
01b4cbe
feba123
e78726d
0cddb8f
0876208
e72e46f
0a4fa5a
f5769e5
138a7b1
05654b6
0a428d5
fa30588
150b9e2
182d447
ef7df2f
ff98501
fa3e4fa
1747530
01b1c6d
f8fad78
f8999b9
fe6339b
021b23c
096f190
024bb59
07bde3e
0791b6a
fa51141
ef226ae
f4c882f
07e60df
07cc593
fdac1c1
f5da937
f28c901
ecbd358
0b40428
e9eab82
f7172a6
05df06f
07bd160
0f3603f
05f1a0e
020a8b0
06257fd
f35112c
f10f002
ffbaace
0e2fe81
f7a9a10
02f003c
f75daa5
fec0d2a
feda421
fceafa0
01e256e
01c9680
0e27ca7
1096c14
03257a3
06e806b
002fa71
fa1f1b4
efe3af5
065d7b4
fa972cc
f24f61c
0c25bd9
ffebec8
f5d131d
f5e4adf
fc63e75
0b11c4c
079649b
f390249
ffbc130
07abce3
04cb87c
03bd664
f06a24a
f77b466
0859745
ed53bfc
f9fd659
f55e6eb
f37e055
0473d68
03cad1d
06ae6eb
fcb4c57
fd907b5
ff768f9
f5b2b00
f3f8e5b
0b6c17b
13b64ad
120998c
ee3c766
fc48ad0
0025b88
f8bb213
f412f5f
fe6195e
ef3cee8
0469dcf
fa40567
1190e94
12b4c10
0359b29
0176687
e9c5a37
f9a158e
0264480
001bb9b
fa6f841
118b440
fd0855c
0716541
115cf4a
01a217b
fe3fac0
0c1d6e0
f9b20f0
1026490
f8772a4
ff7ef24
fe0a1cd
f8633ae
f885924
07d6358
08757d3
ff891d1
f8725fb
0dab885
fab864a
f23de77
f968088
0798cc5
fa781c7
09a6f70
f757859
ecfe8fe
01b2442
04395a0
ee4104d
e7cacb6
ffaf68b
ffa54d0
091da87
0fd18fb
f161b5e
02d40c2
f5fbdc9
fd13a22
ff94342
01cdd0c
1162293
16e9907
f83e9c8
0746c3e
10d0dc9
f877d5a
f3c31e8
fdb9988
098e4fb
fd704c1
06117f1
f4612a7
f637712
0339c43
ff770a1
0561146
0b22aab
ebc3d22
06165b1
f96b675
fa46f3a
f8f5c2c
04331ff
0317409
e796cc4
fe50dbd
00ada1d
fac8247
059d4ca
fce5998
017f64e
079562a
ffe0fda
0107108
0193378
0adedcc
fad2afa
02f6ba2
05adb1a
f227267
f94448d
f069673
fea5e67
ef326a2
fe93eb2
f9539d5
f5743e6
f8c4410
fa95e90
f15fc72
03b0181
f96fd39
0610ff9
faa2c7d
0d00ab0
fd71bbf
f866145
f156e51
0391c3f
f110426
f7fe626
ef8cceb
ea92519
0994b12
05b6877
08d7634
01d0e61
ef2333c
f93b3c0
fdd7aa0
04b4c13
f5ae07c
f622ed0
fec2380
0343b7d
f351f99
feb8510
088d25a
014faf2
02f64a2
f1a5d46
003a97f
08b3553
07ac971
fe83769
f77f5f8
0bef0a1
fe332e2
05a0baa
0042cab
017019a
0298af5
fe9d860
027c473
f9d43c5
04eb18c
08fb19a
009416c
f685475
0e2000a
0b56263
1254abb
fa008c5
0518614
0f73375
0a4f643
0773f88
0753ecd
f9e2922
061e8d8
fdaf638
f24fdeb
f93e08f
1813baf
fa6ae69
0374226
fe32644
03f5cda
114ceb6
f9b6d8e
03aa0de
f8d8573
fdcb4bf
124d648
17bfc8a
08fc6dc
035e974
f20ebbb
1f5c08e
f7a3e12
fcc0287
096b127
f3e2049
fa9dd61
03de594
00972af
0289e83
f9347e6
0635a59
f926e45
0295dc7
e9e42e1
eeaf8aa
07318c1
0fe6b53
09c7ab4
0f7cdbd
034c3a8
09b70a9
0c1d212
0b1a27f
00a109f
f0e0522
184ca2e
efa82f9
0414c07
0469685
f9ef11b
02680fc
0a8f31c
f17da7b
fedd4bf
08580db
03f0c7c
0c254c5
ee1bc9e
f3849e0
0515e80
03e76b1
f36d7b8
ec95cf8
0719313
0532feb
f13095f
10293b5
0b1330f
faf00f3
f900793
f12ca64
fc1f7f9
0020ec3
05a168d
f845cb2
f996d8d
020da37
062a89d
fa52360
0e8b418
1291d7f
00125da
01680bc
f3ab9af
f4c1c2e
013c41f
06eaebb
f1cc988
03f5c17
f899315
eac5951
0ba533f
084a724
ed8b065
0d345d0
f9763bc
0bd70ea
035b8cf
0dad51d
fc54a19
ef00f53
052c615
02d6ed4
fa5b667
0d48be7
f87c149
f639bb3
f4cccaa
06a1b34
f5cb840
ee4a8b4
f74e5a4
0ca68c0
061c33e
0b23b7c
ff1112c
f4b4e91
065f698
02ebfcd
f8f44a8
10ff284
f01a858
0226298
0248b9d
02da091
f18dd41
00bdf7b
ec34839
034ecc9
f6f5287
01dce0b
f9cfddb
00f585f
07727e3
f8a700d
f6690f6
fc0c0cf
0590be8
01b4b15
0b61502
f9c473f
ffa32d9
01fe5f6
ffaba92
f6f9d4f
f8edf67
f6e48ea
0680a24
fcc1175
f5eeb08
f15e83b
ffb7ce0
0100b6a
ff743a9
fa9c025
ffb9126
017cfb6
0356db3
0ee1d05
fe8e046
01254dc
fd8c605
09425a3
edb7e4d
fd89e64
f9c3d92
0c1117b
0190abd
f78f004
f77d681
067a0a5
042c096
fb1e4a3
fbe431b
f4ce9ea
f8a7ba1
0803955
f0387b6
0409d72
0aa317a
10f91c2
12c2057
01e5017
0f162b3
fba7323
fe9de95
fe05269
0053146
0ee917a
0cc4092
f633148
02c695c
fe1f1d5
fafc1e1
0127df7
077a6ef
026e841
0496e9a
f45594e
eef92e7
00ea1d1
f81189d
fe0d365
fb11f0d
1be2c95
f8f7965
04a29c5
fcb5f78
fcd69a7
051065b
eb53ad1
0bba4bc
fba36c5
0aa7e0c
f608e0a
fdde40f
fb927d0
f071780
02995c4
03de3da
fcb97df
0d861bf
07177b4
fb0ef2c
0fbe1c6
feffcf1
0f8658d
0e54a51
f2107e9
f1ebe74
059590b
04e2cf2
04d21b9
15566d0
fe1a625
ff69e6c
fccf7f5
052fe8a
03b6b0c
fb16396
f80fd98
00b6586
fdc9418
fb5d90e
fa423f6
f87c5ff
00cb3c6
f8572b8
f646cf3
fb56ef1
12216cf
04f7675
07f31fe
fc89026
f835dc2
f6260c0
f9fc5bf
fafa5eb
f0cbe16
f53ab70
f4d8213
0a2b9f4
f82c31a
fd44ed1
08f46a7
035fe8b
f23c907
f2fae4a
17f0b76
0fd4c3f
06baaf9
0c26b43
08e87d3
164936b
f21dd96
0266c83
ffe7bb2
0653806
f82285a
e74ca78
1650003
f97f4d6
17f1fec
f973829
fe24e92
f93fa2c
0484518
0095c4d
0209a90
071b212
0abab75
f85552c
0956351
fceeee8
0841afd
06c2e41
00456d0
f6e0f8e
04b4e40
fe2341b
fc4fedc
031ea31
feef7cb
fe718b6
f3b888b
0307673
fa2a702
0a2b2de
f5ebd7c
0026f9b
050fd2d
07b8dff
f43975d
f4a547c
1029026
0d8258b
006363b
f721a46
fd1b5a0
1432a09
f4cf844
f23f9d1
e7a9018
0104b0f
0090c2d
00fe342
064d364
01ff453
03de8a7
e8be641
0415c01
09b6119
fad878d
ffce30f
fd014fd
fab99cb
f69010c
f471de5
fe9744c
fde7778
0d16ca3
ff517d7
f63f9b3
04ed230
ee2c07a
ffcebcb
05b50af
fea67cf
f62b821
ed946a4
084b499
05a92ef
ecacee5
ffd042a
020d916
f84caab
116649c
0c1864c
09e9201
f87f8b1
f9ab8af
f61e053
fe1be90
072e060
0cd954e
0ab9860
0659ba5
08e3cab
0cc175d
0894022
05d941e
fcc16ba
ef1b92e
018fb0d
eea2c29
05dd5f3
00d693d
f844744
06ccffb
fdcaee5
f82ff37
0495c4a
fe5c155
05cb3c0
fc65fe0
f538d5f
011af45
036ad57
058531e
fd99bcf
01a5964
0fb5054
f978614
f393bf1
f9b173d
002a7e9
f9def13
f48ea3c
f02f112
f778902
fa7bbce
e28bcb7
eb10301
e10ed6a
078d620
fae2f10
f954a04
faf29ba
0f867d8
f660185
06cc511
01aeced
05fb52d
ee77c50
ffc9e00
086cf25
f81527f
04dd472
f98b3a4
10ed324
142f8fb
f08cec7
f530fb5
fa10fd9
fe9f9fd
f698760
fb1ff90
100b03c
0ac623c
0586adc
0c97973
053935b
ff0d3a3
0569688
04fac2a
edf91e4
ff6177b
0bed3b6
086010e
013999f
f4b9f76
f80c90d
024f76e
f8b9754
01edd47
0230ab4
ff6d2c1
fea968e
f838bce
0206ec7
ff71221
09e1618
f743303
02585d8
0250768
f5d3ff6
0f3b357
f982512
efe1bba
0632972
017fd53
fdc9fa4
05ca868
03c2cdd
0435bf2
0f8de98
f69721d
efcbf89
043e149
f4f8116
097b007
e85b49a
ee34e76
043ef58
fe5028c
008c127
064d4bf
04a08b3
0431df0
02a7943
0cc26d6
ffebf8a
087ad4c
0609a2e
f813067
05a1d87
f7d902c
022c7e5
000663a
0a25384
0d6010a
00469d7
f52ab1c
f0e61a6
083507a
091d825
067265a
242ded2
0dd14d9
e5fe1bd
029ed07
f7d7897
f8956b9
ff37b05
0848d93
f0fa035
f6fee0c
f7f937f
fd96087
06ec37e
1d8695d
01d5b20
fd181ef
092a736
031b792
fbeddee
ff24bc1
f5e4062
ff06f95
fb51bd9
0e21680
fe6f669
f791cda
05d4c2c
04e155d
103e0ed
f8749cc
f455209
f741b53
fb1761a
097d6d2
fd2b02f
fd3e9b3
fef10e6
1146cf7
014b384
05124ad
09e1ec0
f53ebe0
04c9808
017da17
f68d6b4
2023847
f924f94
f0dedd0
06b174d
f4bc614
fb768b0
ec18a2a
ff6be31
f175b3e
f7a4741
14b0178
0dbddd9
f958577
f94fa78
fcde23b
065a59e
139837e
f9838be
0952b78
f0bc2b0
0605709
08a72ae
ffc4536
fa519da
fe3f857
f1fcb42
f26069e
fd3f555
fc6e562
03efb1c
01198a0
f98b107
f9fd982
ef3ea6d
1151539
04b2c56
18beb22
f9918ed
fd0dd3c
1b4b52b
004cb9c
01114a7
159c899
fb368eb
0050ae2
f3b80db
f70ae03
fde75a7
020e08f
01ad746
031fcd8
071edf0
033d783
f978ff6
ff3a9f0
121e6ad
115b391
f753491
092f7e5
0d30382
ea58f0d
ed22742
06e0bac
016f040
f34286d
06ca64f
f781a9b
035f647
f839574
fed777a
e98afaf
fb26d80
09f34ef
f81c4cc
0091a7a
05957a0
04166de
f2d7901
077dccd
004f0ef
000f0b0
00dec7e
f4d3672
0b93b2e
0a4bb97
fd8683d
f755ea5
f4c19e5
00230a1
f73a278
0942846
ec0c9a2
0c4aa2f
f790f46
fa57c06
186091c
0ce0f59
fdc57bf
fc1ec54
f842a96
0b523e2
085e9ea
ff0b9ff
1b99979
ff74d32
fc98a36
0602504
0384dcb
0e32405
0a0685d
04ed637
f10d09f
fcf9e4c
fd5e9af
1e7e8a6
fca7e94
fb5aa82
0983cd7
fd8e6dd
f92744d
0db2f83
fc33a94
f764533
153713d
0580647
f67eba1
09702e4
fa157fb
fc94db6
0883257
ec7fa61
e6e1347
fa6f6f7
1094054
0f25782
f93595b
0438b7e
f26eed7
f761e0d
008d194
f5023f4
f60c123
00922c9
0b8c50d
f0e41d5
055f246
ee349c8
fa69262
fd02a77
fdf54ba
1032a75
06da482
12abc4a
02497b1
fe818bf
fd4114a
03c214c
fcf25f2
ed62f0c
f963141
fb79e47
02b6c0d
fe21343
f7a5b8e
06e9c9e
05e1657
efe30e8
159b689
130c9b9
f93acd0
033b78d
0c8ac21
eb351aa
ff43fe4
fa6bc15
f6a078a
0c1468a
000a0f2
e526ffc
fb0be16
f181826
f43a877
f537eee
ef22ef8
f280fae
fa1ec96
04de0fd
0a89d08
0843220
f48514f
17503da
f6482ae
042f5cb
ff33b88
0cd1cdb
fc95682
10a17d5
fa09940
fd49270
e18fa12
fe100ce
f4d9d34
0781135
01abe85
122540e
09b446d
fe01f68
089d5cf
09c0615
f4251e4
fca29f1
ff267f5
01d459a
fcc0e7e
f9c58e1
fbd824c
f6b3383
fd59ad1
fab0219
0494839
e214a1a
01c3891
0927c8f
1736fd5
f7be894
f77c913
0310a2a
fb3dc3c
1398b07
fb115dc
fb393ad
06a99a1
f1f9c7c
fa17cf0
fe074c0
02821e7
fc822f6
04f0b5e
f0c584a
f9e6d8a
fc01311
04c827c
f9569aa
0f54f99
ff6a6f2
0a4e399
0f0f2cb
fd35a0f
fcc6b68
f6d3d0c
03492a0
00fb753
087a791
f188a83
ec6b90d
fba6295
05df0bd
fd8ad00
f2ca340
0702f95
01f66fb
f31649d
07a5c09
fc9e045
0d03e74
045f810
05ba760
080a4e6
058ac5c
fe001d4
0493ad6
05d4379
fe457c8
0f1cea8
f63dc16
062d5e6
f6cea3c
fc70576
0164ca6
006fce7
f6e6dba
08d639a
03f4de8
f4038e8
f6e3777
031beb0
039bf64
0950b21
ff61aa1
fc1fa6c
fa3799c
f2f12a9
140eeca
f41464f
e764baa
fd16413
016f11d
fd86888
0024afe
0556c18
ff20f4a
f7e729c
f92ead6
ffc8713
fcca735
fc1a250
fa5f263
f8bce55
fee1890
0db4142
1656f63
fe18f53
13e3baf
fbef05c
02613a8
0aab79d
00d1c44
fef95c9
ffd58dd
fe15f84
f4b4f7b
08391d0
f202d3a
f1c640c
fba6438
f5fcbd4
f64ac85
024eff3
fdd373c
faa368d
fcf8fcc
0427337
07bb7c6
084d2d6
ffcd18b
fd580e3
f49d50d
fc6b2be
f5b5140
1043670
0960a33
fcadacf
f96ad79
f0c52d2
0b2875f
fae2d7a
fba7d16
faf3dd3
fed77ce
1306ab0
0b4089a
1a71ff1
015dfd6
fe67301
0cb959e
03ee615
fa9f6be
febc9b6
0aaa7f5
07b42ab
01cce62
0950019
0a49ab8
fcc192b
0225f37
fc37e11
fbe4696
f76ae01
f855876
ffab378
fe08b3e
0472978
f18f1eb
f86e44c
003ecd5
fecf0d7
f5574b8
fcfde4c
ead9705
f53382a
0b560bb
fee508f
ef183d2
ee0bf98
e11c6f7
00c2502
054445b
062d9ab
09ce0a0
ff48bce
f4ab817
09390ca
0f64448
fb95b60
0df73ef
ebdac8b
124ed82
0799144
fd177ad
fdcbb20
0a73ef8
fef9f93
029c5e2
051a1ca
040820e
ee99edc
f9c790c
eab2381
0988456
087a5f9
01542a1
01a098b
ef0eb21
fae4281
fcd6d13
f8aa8ee
fdfc152
097c9ae
00500ac
04391a5
09d77a3
1a8179e
f2a4a8c
ffad1fb
0182755
00fdb71
feeb9f2
ecffcad
fe97893
014ed9e
fe3d095
f2e1e77
e8b18cd
f72ec25
06e30a9
06350ef
18cbcdd
0aecfbf
0234271
f96908e
f5b410f
fde6b0a
0c08389
f81efcb
f58ef3e
f420e69
ff88f92
f0e7d7b
ef763ce
05b053a
f9e87eb
f443b11
0fbb6da
0197f8f
f5ce709
07034a4
f424c0f
0bc9d88
07eed7e
fba1445
0cb548c
f6ccc8d
0b95ed1
0728e2c
1230432
08ae928
0ec2d61
ee88920
f4b647c
0fb7131
f4a2383
f8b8941
fb6e5a4
0a0e187
0a67940
eacbee6
01a82a8
0002725
ede232e
fbc7dc9
00e8a5f
fb75ed6
f52771c
f848f00
072db97
f5d49dd
f3a7ea8
136f843
1a56c90
0bed197
0006fd3
fd10e89
fdedaa5
04e4fdd
f695de7
ffa71da
0563e3c
03475e2
0f97c7a
f8c2cfb
0419825
053f84a
0588c91
0630942
fdc03d1
fdd868e
eeead43
f8029e5
f97a77a
0332ff8
0c184ed
fc362d9
f11b0ab
fb33e35
0626740
f3eca23
14493b2
0ea0fe8
f43d156
fc41d18
faefc02
02bb3eb
00d0b1f
004abe5
f971bf5
f39c3ed
fa8dc33
0f4347c
086be5e
042991a
08067f7
25da9c0
035ab5d
081c0c6
02bff06
0ae10d0
13a1057
0269735
fb7ab94
0e9d68e
fde615f
f68a6dc
f5e3d35
053e099
1384cf8
f9da531
03fb6c3
f3bfdef
0ca1602
fb1a946
035545e
0086570
02f7e62
fdc4cd4
f5463de
0d170e5
fd0a4fa
fb1c09f
0e4f2bf
f1bfa73
08aaa35
076fa36
0377ba4
00bf93f
03d564d
f863fd5
01c2234
f25c7c5
064ce05
f4a7b49
fe01454
024b3eb
f81a93d
08026fd
fade8fa
0c8293e
fb9be40
ff309d3
fcd7c1c
fdaf94c
f5c2d1d
ffa6ecf
00486b9
dc5ebde
0c89824
fcbb90d
08df0c5
f7ddfc7
fb51bd6
1154154
f8ecbe6
f497fc9
fd74ce4
fa17496
f75934c
fbda42a
ed1211f
f9ba195
fe3854c
026d05b
fabce10
03e4cbb
ffeb4f7
fd21851
0c8669b
0c11401
f3f80b5
00fd1ff
1202e07
0311a22
034e503
07ccfc3
f64465e
eb10818
ff87529
f5d25eb
f3637d9
09d48aa
019f72c
fe3e064
052b343
f71c20d
00dcc2b
f9aefe8
fefa389
f16c1b5
012c3f8
02163f4
f93228f
fcb486b
01b03e9
063a554
0398f60
06c9f37
06e4597
f31e889
049dde3
03525f5
f8a3acf
f8cb346
fbdc46d
013b421
02cacb5
0579ef3
f8dec2e
fc2e9f9
fc143c9
0d34d27
0d5e847
126e8a1
031bcbb
0189d92
fb19efe
f747640
04e101e
f65578e
fc55476
04c1d1d
f8d5b9c
003317d
fb4c7fc
f4cc2bf
065367d
fc47ae1
0d30def
034c2f9
02578e3
03ca7c4
fd706e9
fee1852
0433638
081384f
0a925ea
f7e9569
e352e4f
136e13e
0a098e8
fbe65b8
0556baf
08bac0e
04cd402
0267704
fdc83d6
f8848ef
f516a45
06edc20
f58b394
01a12b1
fb6e0a1
077b2fa
04e5e86
f479cbf
0d4e9b9
04ed223
fbf2245
017c2ed
09f0b34
fd9f2ab
0cfdc07
17b8a5f
f36ce01
065d9eb
000fc3f
02d30dc
f1172e1
0e39ca4
01a525e
08b2410
07cdc24
0eb2c89
f4d31b3
06b77fc
e8c3f74
f2334e6
09ced8c
fa4dd74
055c00b
ff66a97
fb67cab
01897a8
01a7fde
07b5f1c
04f25d7
f6888d9
f27a884
0fa5898
f8a4b36
1264bef
004820c
fb9b49f
ff85c25
fd150fa
f09ed0c
f452f12
0191e34
052801c
00d5e81
12ec7c1
fd43a83
009932c
ff532b4
ff5b666
fc86b8e
03b1e2f
13fff96
f855074
fee2148
f104042
fa3a060
f6e5150
f3c9400
0cfd88b
faa49a0
e0ac9af
f4f8e3b
0970482
07f12ee
0b1f696
fe46d62
fe081c2
00e31f4
ea4514d
00011f8
fb880f2
07a35f9
06d7dbf
047f1be
1435e14
fcd3a71
02c8c97
03d4fd2
10231b2
150b603
eab7d75
1666013
0b72d1b
0056852
f6bb372
073e1a6
fb47118
01b197f
fe8b80e
06cc306
0b4dd3b
f982576
03aa07f
f3a54b9
02daa7a
0ab65b3
0b0c084
f0cc82d
ff56646
f2e87ed
fe693e7
02a68a2
03d3498
fd5e812
fa8804a
fb5c601
0dc7f46
0af5abf
0466576
fffe2f2
11db0fe
fb13ddc
0854774
fb64abc
01591c4
fa170d4
017886a
f9f28ba
1afef15
f08a9b8
0cd6b19
080e985
fc46fe3
067a76a
089a1b2
061f520
ff4ac58
064e731
0343a52
1132333
f9c6857
ff4b157
03e82c3
fda7f80
f2dde7e
fa9b855
0669187
1c491de
f598849
f7158ce
05764a2
0228f4f
ff13907
e9e096b
fb9aebc
01e344d
f4ba254
134d9c7
04bb943
ef5cf05
ff2e673
f36006b
f3fc0b3
f0f34dd
08a96bd
0f55dce
efa0122
fe7a6e8
f753a26
ee9bc70
f62b081
0ebf028
0786d24
05cbda4
f9dd2c0
f1696f2
f455923
0122883
fe0e1dd
f6f7d17
f4db6cf
fd70de3
fe3cace
10b79df
f126bbf
efcaee4
fccfb9c
f12d831
fc717ca
f30fa31
ff274ca
00ee26d
ffd79c9
108b0a3
f9dbce3
01aad6a
0333cd9
fd7cb07
f7c47fa
f5f7b22
f4d44bb
fcf7f2a
f08b4e7
ee399f2
ef993a4
1349321
f3e0db7
031156b
fcd3c41
035ac23
00f4baa
09266bc
f2b0ba2
f0bb94e
f09a63a
0a0720e
02884b7
fb8d012
086f9f9
fb16b45
11c0ff7
fe90d58
f692765
09a081d
ff8ef95
eaab189
15c365c
030014c
013ce67
f74a3a5
0a575fa
fe04d73
047bb89
0726ccb
06abf6a
00bbef8
fc2bf97
ff9404e
1310112
1469376
04afd2b
fba87e9
f736031
07361ff
065052e
f869245
f77f498
10874a5
f9e9451
f77b050
0c8d2cd
11a8613
0c0d73d
ef9cec2
fab942e
08c5276
fd31d07
100ba3b
f670258
f6b3490
0779095
fbce8e8
03dd119
0a26d4a
ef3b5b0
011fc9a
f8622ac
1680dad
06a68ea
0ecbd77
0344663
08f8c1b
ffaaacd
ed59fb1
02605e3
10f6ad5
e694502
fcdbc28
07f3575
f6da94e
059979f
f956fd8
0745b30
0a43ca6
0c87703
053398b
fb5287f
06391f7
032dfa0
ffbc371
ff89232
0104116
fdb05a8
fd348e9
0a00074
f4753ed
0146e4a
067d45a
fcb8a94
fea40a1
f330e33
041d477
ff0c7de
f91b43b
088f2ab
f832c44
035f29f
04984f6
fc5dbcb
0635a9c
edd51dd
10992b3
1a64c3d
01d767a
0e8d4bc
04a8e55
0b9824d
040560d
fb469f5
00dcd8d
fd9cad9
fa86dda
fc5a891
09752cd
01709af
f724484
1835c6e
00a7f74
064fc09
0fc5a6d
0221404
0b056e0
f6d9bf8
025020a
f9a1c6b
f7aecef
02aa432
0172b9a
f3466ea
0a85d6c
01754c1
f9e2e28
f6efac2
ff33290
f6f9047
e1af417
f5d0a30
057b565
f778ec3
0093613
0838ec3
0577677
fc5a98d
f77499a
0b62ed1
fd2d5ad
003e8ea
ded72bf
04ea779
f8f5a72
f4d8898
f47d6f9
fb0fa15
0820f9d
0d31508
f8aa06f
00dc65c
0b435c3
05ca187
f0b324b
f40e98f
fb269f6
0ddbbb7
016b2bf
11e95fe
fe553b1
002bee8
eb9057c
0608e83
f706756
030a833
01d5dd8
00b4b3a
03fe48d
0d2dc6e
02deb80
045009c
f3449cb
0808903
fa56956
021b0c7
0841411
e75375f
0c8d69f
fd00758
06b6896
13d7207
ee34589
00638e2
0c3bbfb
f1c8030
f482e76
fa1b969
fc4855a
06d2bec
ec82c78
00cf792
fca0279
fe84e52
ef64719
ea35ea5
0028f8b
ff9d0b8
f2fbce1
fee250f
06f2df3
feb37de
0811f81
f2505fd
032b835
0c47aff
f82bab6
0896970
096cadc
06b2ea1
fcede9f
e412044
f7ef725
f399880
f059a60
fa45349
fc7ff90
135c48a
03d07cb
07946f6
0b6146b
f9b27fa
fe66cfd
08302df
f8044ee
ec89e77
17e71c4
ff37a29
fefe13d
f463a00
075516d
0139648
08a8b46
ee5eac2
f655491
fd8ab7e
041fe38
0b5d1fe
ff55865
06c7e87
02a3b7d
0b7a939
0b6b240
05afe36
f491cb8
0303b41
f0eba01
f9f5524
f608f2d
125397b
13639d7
f5b2048
092eeeb
f7fb222
fe5ac9e
02546b4
0123203
0f5274b
fba6b42
fbc22b0
f641592
03fa445
fe0efa0
fb8767e
f73f816
0a950e7
0604154
fbc3ec1
fc6c26d
f9b2e21
07cbb50
fce9e0e
fdb069c
05fa062
1d88591
fa03bcb
ff61efe
fcdb4d2
fcbefa3
0815a4f
02ace5b
ef28caf
0eeb44c
f824251
027e34d
ff536a2
f57177e
006d9f9
f4dd06e
079c4d9
0ae9167
00329b2
fea0c61
080ec69
fa5023f
0f419ce
063dee4
f8681d5
214f9d4
ec67f3f
f999d7b
fb4333c
016cdc7
fcd355d
fc0d183
fa97763
04cb2c9
0644906
f6e067d
f06184b
08ac141
0ab7464
08982a4
094e04d
f99b510
03b24ae
051833c
05762fb
f6f8b7f
02a09d2
0cc7e0a
ff78cda
0a72899
fdeccc1
05c7fb9
fe77d54
ee17497
f676fb6
fc61cfc
f535c11
0f7db97
fc6314d
090f1d3
fcbebbe
ecd2def
fa6c884
082e7b6
015c39e
eb7ed9e
feca456
049b78b
03b758e
0ba7ebd
01de120
0081265
0244a61
fc79fcc
f9109eb
048cc48
0bcd76b
034f8d7
fbcc2e4
07d8e5b
020f413
01a35cc
08801f4
07c86e6
0994f80
0060093
f824be5
fc5e1a2
0cc10db
001b90d
01d492b
097ecf0
fea57e9
15161db
04152ce
e5039f3
0342fd9
059bdcc
053c3a0
fb31825
fc7db8c
ebe27b1
fd023ac
0d7ce98
0b3a6ce
f2ad837
06b9f40
ee5a628
f698e1e
fef2381
016ed74
fb4dfa2
0d4eeda
0631df3
06e495a
0c617e0
ffb1ea2
0261987
1338b68
fb16793
fa5df61
f01b6bb
100f1d4
0415335
007f20a
f668893
05245b7
1213d01
fd654f1
0a2eecd
15cdea2
0b20286
010bef9
0986bbc
01cc7a9
090c64b
05addeb
154d7a5
09321e7
fb421c9
ebb7de2
ea89c45
e12bc1e
09fde2b
f2679a2
0036637
fc37c64
ea8442d
04d40a6
f0346e6
096b3e4
0d36443
fccd8d7
f5b4d27
efffe33
ffe86c4
ed97313
12858ed
f89a8d6
0af885c
ed96017
fb42d14
e8c96b6
f7fe4ee
ffade33
0af9619
f79c282
06cd60d
f695da4
04c2cb5
0546e93
fdcc9ea
fe41f43
eb2a4b0
0dbafe4
f6397b9
ea4c16c
10a8f2d
00f88f9
003ae03
0dd553b
fee2596
ff08866
fa4631f
0cd1dcb
03d6d4c
fff71c0
fb7913f
f930cae
ffa171e
20ccadb
0608f4d
fce24ed
052d83f
012ea60
feb37d5
0a1f6b6
f43e176
042b4eb
ffe1cd1
fee957e
f2be690
097941d
f02b6c5
fe9cd39
f480eac
041bec5
020db3a
045e67b
0b04f6e
092f517
ffd70e8
f128a34
f35a67c
fc691cd
fff3bcc
e9a41d7
f5c4342
ffb8642
0389de1
0559604
03ac831
05668b9
0440014
eeb5c25
f3500fb
006b0be
ffbb959
11e5b23
fc08a59
f89712e
09997a0
03e2630
126e8ce
f9724fc
f1ca444
0c39267
0bfc12e
12f10a2
0267403
094a139
fa27255
fd60036
f307841
0439a32
0665f71
fce37af
020fb8e
ff76f25
06b34bd
055971a
0e8b577
0f7b85a
043a009
0e47488
f5ba1b0
06a1410
fcd2958
ea44f04
001bece
17b4482
0a9bf6d
f3977f6
140dd0f
faa435e
0dd0150
0068f22
f29d667
0033847
f97e79a
faa3b6f
f365a62
09c6caa
024cc9d
04d3bf6
062cfe2
fbf5c1f
04f04c6
02dfe13
03c0c52
0144185
ff13495
06ad709
0127476
f82af09
f9fbe73
0746e03
11d6452
ff2da6e
07b0fb1
10641ca
fe9239d
fdbe9e8
06bab5a
f77e29a
08122a7
edcbfaa
0a2fa18
03640f4
fce6a8f
fab961d
fc30fce
f3f8fd4
1018897
08d89dc
fdd25ca
e88ac92
0377ae7
f2e706f
13841c9
0304a19
006f60d
00899a0
02feba9
0e504fa
03b1216
0481091
0cd9a42
030cfd1
00bd10d
17e03f6
fe40595
0c7e93f
f2eae54
0b660d3
0038904
f8a0f49
f31e06f
fe7d1ff
05fda2d
07a1876
f3104ce
0c723fc
0fb13e0
f0c70d5
f84acaa
fa08a1f
173aee6
f862b5d
049183b
f8f47ee
10b9c28
fff3756
03bd125
fd19085
12167b3
09b9be6
fd37d27
1120ad4
fe67b8f
f7bc8d3
ff56f6f
098cb7b
02f7f13
0981ecf
0479a61
fdd45c1
1048bb5
0ae11d5
f9e7e6c
0525028
fe48b75
eff5e3b
f914850
f6c2808
f38c98f
faaf3e9
f0a57c6
0276c3f
fc11198
04c835a
f5bde89
fb4944d
f28d6fe
f778bbd
fe6e012
05974ea
f80cbe6
fb99cec
fe82ba9
f4e9688
f3bc71c
08d8635
0117ff3
02f430e
f95a0ce
f830b24
01b1f1e
05f522a
17b9396
0891417
ebc2f6d
09222d2
fe57400
04aabe9
01a2e9b
fa72c1b
0bad66c
10204e7
03fb3ff
08a634f
0bd83bf
04af5e6
190c33b
fd8bcc8
f2a1505
050a924
00ca87d
121631d
ffcd121
0899447
fcf0194
045012d
0a7a7ec
f6a3302
eff2f6b
e65603b
0a56fe8
0816e99
0f5aec9
e845494
077f0a4
0281636
fd91fec
ff8a678
f6ca865
08f1f96
0752daa
f5679c3
fcc3795
eccd368
049ff3b
f22e7ed
ee2757d
0dfe604
010e8fa
02136b3
0b13bfe
f9bb4eb
02ad256
f3e439f
f22127f
f95b70f
0322910
f8198fa
06880fe
10b4afc
f6a3c94
f80406f
fb021e4
fa75fba
ea57ac5
08e1d15
f52e8dc
02ae10e
05a103c
fd62012
ef531e8
ffee7d0
0110b16
046e37d
07747ca
f8f7fb9
13dae52
02a100a
11119a8
0922065
0e048bd
fe54413
f503e9c
03f7aef
fd9d24c
14659a5
fba2ee7
0312201
025c1b4
07063ca
0e095ac
19af1ad
f8bee51
fd517f5
f51c3f1
03b623c
0ed4327
1900322
e52551b
05498cd
0816045
ee94c2a
050b380
0db8b7f
03065dd
f8ea845
ff6054f
03812d2
04a14c7
e875bbf
fae114f
f63f243
fba8238
eca9aca
0a2bc05
fa0d492
fb9cee3
f93fb88
0bc559d
f522c3e
0af9e07
10bad58
0b2bd3f
0766959
f4dc2dc
00f4d89
0fd7e86
fea1a47
fc58220
fca5c69
00efeb6
1966aa8
fee1eec
01f9fbf
0e50604
088dd8b
f658937
00d8da0
075646f
fba1dbe
f91714d
01c7c36
1ab4f4b
fad99c8
ffe3261
fa17b98
fce8b1c
06891b1
fb6c4a8
fa98c26
07e36aa
0a90e9e
f3eae4f
02af243
fcf8e1a
00d49d8
f7fe6a4
06245e1
eee6323
118d71c
01a9b99
ef285db
088bb95
f35b20f
02f08ae
070f8b2
ecb6d4d
f69beae
ffe6a83
074ac54
092405b
ee0ec6a
fabc7af
117477b
ed427fb
0c68272
01cc365
fb9e8ca
e8a4c1e
0457800
0b49950
f948acf
fde976a
f9b1d41
fe48cd3
0033ca7
0c774f1
f2af0ed
feb3598
07be1ac
0582b34
11ccb20
03945b3
07db139
0eeecc5
06e70b3
0b62f53
f70c7c1
12a040b
f248827
0aced1b
01d0c17
ed78ee0
042a1e2
ffcc150
04adf79
fd75bb9
1dd5167
0318fad
f8a3e32
e664803
f92c3ae
074b054
0ca4f47
0c43caa
ff715f6
ff6de88
f5d0f0e
f56f188
0b31c34
ed485aa
ef8a3b4
f8213ad
0d0a0ef
f9faa3b
0627e4a
f4483e0
fb0a9d5
08e6176
f69f98f
fb9529d
0588f0c
f51e47d
f2afe5f
ef1054f
06d4e29
f984f00
0794161
f7993ef
096b30b
fc028a4
0612c79
f0f9b53
0c8266b
01a5731
ef56310
f9e4243
f5a2316
072a2e6
ff9725c
072d99c
005cd60
049a793
f9c9f5c
0715966
fb1f4d8
01439b8
fe9cfb1
fec229e
f97d01b
028b75a
fff14d1
f5f033c
0b81f8e
ef1d8ef
0242975
0abaf17
157a6c6
f72f290
fe74cd4
0672e74
04e11c4
fadfa6d
eebb326
0838298
fe889da
f839c90
eece4e7
fe7799d
0030f00
0561472
0750310
f98212a
0862362
fd3ce84
1328af2
febe366
f4ae9a5
f9f61bc
0c246eb
f71e0e8
f735e81
fa19e4a
1823233
fc5b90b
0a2423f
ff26e5a
f3c8f06
f33cac4
007ef4f
facfd98
fe47e6b
f3b95f2
0a95291
0601e26
f1a2fc9
0274c78
fa361d7
00ab095
f18c899
0b0c7a8
05f4b7f
005bbc3
fcef1f4
0cce078
0303d17
f812018
eeccd74
029149d
0195a3f
f3f56b4
154e00d
fa11d2e
0102160
05fe386
f707a52
f498b16
ed1387c
f3987a4
031afa0
073e92b
02d794f
0127acd
f9f38c8
f22fbfa
065392d
fec6ade
ffc7838
f9a520f
fcc502d
14b49c6
0ed474e
f7da2f3
ff2f193
0b17ec2
f47039e
022b1f9
065a970
06f572a
0498a5c
0367d4f
fc2a88d
07d9c80
03bce90
01366bd
f9dadef
02732b6
06a07c4
ffc0a97
03266a4
03393e3
11982fd
fbf98f7
12355ea
f649592
1f8616f
0df76d6
07d71d0
fa369b1
14b9d22
ede6bd9
ffd83a4
059649f
f529096
02d80e8
ff032bd
fb6e432
f8ff7ad
028cd7d
f6ccc34
fe7a4da
00b26b1
faf5727
f8acf53
0a0a9f5
f8c68ac
f8ebc77
0dfa56a
fb2a1b1
ff6e4ad
f5e28ed
03da7db
0063358
f17088f
ff8e76e
0218b40
fbefe16
0dcbf2e
0e36338
18fc9a3
f862816
152d4d0
0412825
fd2f24e
040d12f
08c407f
fc13ac5
02f2e66
02f29af
f111fb0
1138568
fe9de84
00a9ee9
ff093f5
1706d1b
e138ac6
f63285e
13e3ad8
03dd5b0
ff7c91d
04041e4
fc89287
080b7ee
0137931
ff17b78
f2e3cab
ffc1a64
14b09ac
f7d79f2
0cb26ca
fa8409e
fe8f269
ed77718
007cf55
fe4ff1e
fc7d4cd
0df2464
fac8a13
072819f
ed7089b
f4d3f36
0541171
0e42a91
016f683
01baf63
f369cfb
fe9ef6c
f3e8076
fcaab53
e5bc802
edaab1d
0172882
0f19936
0d4f6c5
0447423
f71518e
f6f1c78
08cd870
f268210
fd752ba
00af3be
fa23e06
088c9d9
fb33d91
fe1bd89
0289cd1
1307637
fc21d08
ff579a5
f3454bf
0672722
ffb9bbb
0fe14f8
09fa848
06243c0
0c93786
0b2dbc8
f398cf4
f96bd26
1042ff1
f8d1bb8
006a735
01e0f1b
fa2d9a5
03d7ffe
fe2afbe
ffe1752
15590b6
f59cdf3
fb11d2f
eedbaa7
012be00
0ba7168
0d6d54b
085046d
002ebc0
04fabc4
0376f7a
f72d8e1
09bb5c5
fec86d4
0b51ca6
00423a8
fa9729d
fd0aed2
fa9d9d4
09c2b34
fe25834
0856065
090e7db
f5c623a
f1ace4b
faf8c08
f513ae6
fb9f7a0
006075d
f789759
058b283
0f13c67
fe23139
fb4710b
13e63fc
0044d1d
dd09d7c
0f71fef
08adcbc
149ca5c
04fca30
11dfe5d
0ace54c
f167092
03ae2d6
f664964
f56de4e
fa0ac25
fd058f1
07a0be5
0393871
f6d7b3e
fbac2f8
1246534
055c2ea
020b3b1
0034beb
ef98abc
0dd06f4
fc65e76
fc4350d
0af3b41
01c6a5e
084724d
f325698
1560948
04ffbae
ffa45e3
fcbd1f4
fd02263
063a663
0750708
08bee97
f7895a2
0bcfbd8
15fde32
0cf6906
03de0e5
f6e3f32
ee859bd
ff7741c
fbf16af
fe4ccea
0bbbaf5
06d93d1
f41847a
f86f697
efc657e
0f72ec8
0598e4b
02ee272
f267240
fde4a82
0153d0f
0461fbd
08dbb0c
f9057e0
04dbbcd
025182d
ff5a159
0a6dcee
f58844e
f999c5a
ee5d28c
01ebee8
ffa1a74
04877ac
fc872b9
055aeb5
fe4f9c5
ef6824e
024c129
06ab92d
0ae5eb7
fde5bd6
105701a
0af5d02
111ccbc
1c5a378
0744ca5
0950b7a
02e2651
f8206a3
04c61a9
0426872
fbff342
fd8d119
05b1b79
fa6d8c1
073c08f
fb31254
105323d
fd2cff9
fef69d2
f9da053
0a7dda5
fc10acc
04189b5
fa87e37
0de59a0
00c1a7d
05cbf07
127d713
056eaa9
0413578
0f5bf12
fa2ae05
15eb82f
10e9b0a
f51005b
f2273af
ff496b9
073af46
e7dc9fb
08157e4
0dc7eb5
fd35674
0e3cdd8
eeaa06f
0187909
fbf761b
11e6e41
0980803
046db48
10902d7
09ec8e6
056b748
0041577
0aaa012
0b7a520
e68fb21
fe8ea24
060b13e
f937128
10ac272
fcbde74
fab0c76
0812300
109b92d
f72149f
fc7cde3
f9bd769
0716751
06fb0c9
fe14623
0470619
fd04568
014ffc5
08aacc7
f55e15c
00fc02a
0788bec
f5d4242
fd7c3d3
11b3688
f64098e
09dba78
f394f98
f89eac8
fa40ba5
fdf8a67
078e406
f89d82b
f9e2b20
f68f769
f3dbe3c
131389e
fda9ab6
018aed1
fecb84c
fc2a45e
0b36aa6
1008f8e
fa9f55e
f4c2542
030e8bb
fbc53b8
035afd3
f048522
08bad31
f52ad18
fa88de7
000eb89
f4dffc3
fde82d9
06e0438
042cf40
fd22743
f9bdc6e
0467a6e
0b9f4df
f4a2a00
fc5c7fe
f2e7646
f5c9cad
00adf24
edbab40
0278fb5
f11234c
02d0ccd
01e047b
086e15e
f5cfb2d
04db918
07fe481
08125b5
0769a03
f7a8291
f13119a
00d82a4
007cee9
0badc48
f954818
fe71a98
fce3afc
eecdf1b
02bb594
014e4dc
fc19c76
f99e5f5
0daf275
123df3c
f0e0cb4
f51e369
088f386
f098250
e58b53b
0d527ec
faed46e
0ad1d56
0d2b786
1456a43
013e05a
f644f4a
fe89313
ea75786
0fa45ce
f01da2d
18950fb
032b44e
fa8de74
002a370
f03cf91
08d5d10
f5d83ee
0371a0d
ffd5b6f
00eff59
0140237
0f4e1b8
ff48f40
f74f5ba
f412902
0bd26e9
02ba907
f112e1a
fe713bb
ff16537
f0c0ee3
fad7276
fdab360
0546201
f92c6dd
05141ea
07347a8
fe872c3
e631756
007f755
0344e4e
f870445
fd95ded
13e35b6
f7e565a
f97e37b
fd51471
07773cf
0010f08
078ded8
ee6c88d
f82b318
04c5b76
035bcac
f67f189
e96fba4
0f86e81
fd31c7b
f5a8602
dee04b8
0a597b6
fd77afa
04aad9f
000ea7e
fa3e65c
02c6ef0
15c4de0
0fbb25a
00daead
072309d
f453161
fd46f28
0295682
02835b2
174f748
fab4f3b
0d44664
ffba136
0370d67
f8cc23f
f38f691
f6b8273
f8ed41e
05d382c
04848d7
03dfdad
f4df686
fd869aa
02dace1
066aacd
f86ca1d
fe3ab14
1082bd4
f796302
f8e9efb
f7bda44
ff9df4e
edc6a80
03e42cf
176c117
02a9ca4
efa56ca
08cd076
fbc4a82
177c7db
fd21dfc
fa33dcb
07ff7af
0175340
fecede0
f1fa5c8
008d624
ffb449e
10ee653
061ec6a
0283b41
0576502
0317ac7
fc5b81d
0cb9e2a
f15f974
04efe41
fa0914d
fbf180a
ff4ad13
f9a613f
f943f6c
05a04c1
0b1cb95
f744625
0b93c00
15db0a6
01734a0
05959ac
0614788
1073c67
03229df
059b629
0b1eb7a
fcda8bb
0302bd3
f03ff28
00518da
f8d5d31
02af96e
f2b4d43
0338b37
f4d0a65
f924b91
002d776
fe0d872
f690e9d
16b9fde
04890da
0c79d3a
ffd4644
f3a1b22
062b497
088bd18
0b8def0
058431a
0a2073c
030959b
11abe53
06e2a4d
1249fd3
ee4dfd9
eaf07da
ed8d74f
020fe79
084086e
02abc75
07e0519
0bd5008
feefc81
fb4827d
fd39842
0b0cbc9
03bb9ec
09dfcb4
fa479be
11e5c31
007e7a2
ff75155
f7c91f3
eaec261
f386634
e67d91e
f22585a
fdd235d
155d42b
f942e16
04c2b1b
fd833b5
0241e56
fab7a84
ee01e97
03c9481
f0fe270
046baaf
0cc5f4a
f9da0b0
027848b
01e2958
f66d4fe
0539549
1a78712
fc0a122
02f4c92
f8bc15d
fd44a32
0d1ac60
0728a1a
05f6d41
f985fda
fe8d948
1ee1b1b
f9db4a6
0124734
fc97608
ff74d0b
f388379
004e505
fd9b892
fdea096
083d8d9
f5facc3
0b5ba95
f2fa7d5
0162306
f806a0d
f9c8484
01502d8
f7029da
fefd6e6
f9741db
fdaca58
ffeaa68
ec16948
0fe6dfb
f7ca4ba
f982bf8
f7a3a79
07041be
f48bf83
f3d386d
fbbdcef
fbc9619
f06f783
1442bb3
1fd1cd3
f21033b
02c5919
f2b51bd
fea4bc4
f7edf22
04199eb
f4ae2d6
025d6c4
f85b320
fe3984b
fb5654c
0a80f88
f67a11e
01a08fd
0a36483
ec9e451
fa392df
04653e7
f33d97d
f3ee3fa
fe4730f
081899b
f13a53a
0505af8
f02b1ef
037a8cb
fd5ce3e
015a768
01d1e29
0844265
faa7265
0a5adc7
05e26b3
f0b550c
f2d6820
ff7e602
1294565
ff586be
028df12
f65a71b
fd244eb
01c61c4
150dc02
fcd3fe6
e5978c6
070baad
f7ef32e
f4638a3
fb92a4b
fae0b60
05ae9b2
fc3969e
fd8b95c
fd9fda5
fbd201d
ffe9bf4
fd88fc6
fb5ee66
fe9e936
0acc48f
0552e28
0459575
f44ac98
0b37bf8
098038c
02926fa
eefb820
f6583b7
fd53141
0c35c2a
fa95061
fed5de6
f5aef0a
fffbcdc
1115e99
f0f20be
fd76b25
f64d6e3
ff06536
043f1bb
f6fc266
1110244
0965101
129b851
0ba6291
f5de1ef
036e218
0542c8b
17e4350
fbaa2b6
00dc64d
0024fe8
ffc2209
f6dbf3b
ef08e88
1362c1e
eb13ca8
0600d53
036c0a4
051a30a
072ab49
076e430
0ceecb6
ffdc56a
09cbf1d
f4166d2
01cf05a
03d70dc
f57fd0d
fc8a59e
0fbd7dd
f8e6ca8
f94ae2f
fb3fd2f
ff5a686
0c35b36
fc047f8
0cf8f6e
fa7c73d
065d8f2
0dca668
011a61d
fe6482c
fcc29c6
0815053
104b429
042bbef
ea848d1
f810a76
0307090
fc4b75c
0ae4b70
f18477f
0578d33
032e26a
0213904
eacabf0
f2bbc89
fd8d8d2
fb3decf
fa624f6
e6d9441
03ad57a
fd49f07
f112a7a
f65a9be
0d6288b
fb406f3
0259319
fc896a6
fd01b85
06bbf88
fb9aa0e
0b88728
0438225
fc27074
fb38c45
f8032e8
f81f57b
0692b27
f5eb981
074901b
fb338d7
f131127
133cca9
ed311c1
02785e9
00fb111
03dd274
fa355ae
f9376f0
008ed7e
f93f4a4
f065a04
0957d4d
f9325b9
041d1e5
0efbe48
ff4c033
e9c8527
03e43fd
09072d0
f6e888f
0d56f66
07f2489
08a1535
ff0d216
ff20e90
0cd978c
fb7b857
fc31cf0
fb72fc3
01d635f
fa544c6
f94ec55
07b3dd3
ff78ccb
0896c39
021d81c
f4b712f
fcfdaf7
0f6d401
f7b77b2
00d3b49
04aafca
eb661b9
f89f3b5
046b282
e42dd55
e8ad49b
0a9b4f9
0a6995a
fd71f45
ff285ad
05b5323
01edd6e
ed13648
006091b
f9d2f39
05bb609
073e75b
062efda
ff0f4f4
fef05fc
f7f8aa1
0985fee
008183a
f5502f6
f7d6fed
0235630
fe12edc
10bdf59
0609d83
f340d60
f6688f4
fcbad1d
f02de8e
03d54eb
03cebdb
ef28199
04566bf
f5b3211
f55b7a0
fe07009
f7e9c6e
159e055
f7559d7
039fdae
fb725e4
0551db9
fa3c033
04eb308
040fae8
f6cf232
fffd745
ff4edd1
04373b3
058f082
fb5528e
0ddf8c9
065f875
03f6163
f597261
fbe5c8b
f7acf02
fa98fb1
0006029
0bf0b97
f53629f
fd89c1e
fd27013
04d5502
f0de594
11b5116
f4b3b7b
fd74863
0805885
f21964b
fd6ba95
f740144
0c254e3
02c6c20
fe112a6
06f5931
0a754cf
fd8e02e
f334695
ed2019e
e2bf5f2
10c19a6
03ae3b3
0fe5f6c
1cc5f8a
fa99663
0d02dfa
fda6842
017304c
f8ab935
07b1ca0
02f59d4
0b22e65
0587a95
f9080d3
01e8be1
105cafb
fc09cd7
089227f
012035f
f9c6f5b
0113cd8
e787bc3
0582220
f7fc590
ed9d8d3
13a4058
066358e
fc1a64b
f32236f
fa06369
0605b1f
0dd3602
0786fd0
f6c3124
f5df0d3
f20cc5f
0a027fe
0de1c1e
05d4384
0638c91
0059de5
fc2a889
107add6
075cc5b
036494f
073c65e
edf27e7
013516c
06891d8
f194208
f7539cf
1da8b56
ff415fe
0ac5e04
0615bb1
04d64cd
f15a4e1
02d3a4d
ff34d88
f6bb2a4
fca31bc
fb4c380
f35ef9b
e429634
1594811
0854edd
f2c5c9f
f769cfc
ff0a5aa
f62d6cd
f620c97
069ec57
f75b7cb
f4018fe
01ae8cd
022d65f
0c9b3b1
02179d0
f26e92f
f0dae9e
059d19c
03acf63
0fbb62e
0ee67b8
fe530e8
fcfd662
fdb8d0a
ef805a0
01f34b0
021ca70
00562a0
029afcf
03dc140
f9021f6
f9a7806
0da4b3c
ff4425a
fc842a4
08a7c59
f9a2f46
05f932f
feec5fd
077557d
086f87c
0d0459e
0992dae
f84f8f7
ef8ad8b
0eadb03
0272ce1
0774943
f9832f2
f906fde
0d65ccc
010b2dc
10ff0af
0709282
eb89f76
040ef7a
f1a923d
f5c42f9
f412623
f75466c
f962590
14bee25
01cbc60
e3dee72
f538339
f3c15f9
f9bae53
f374eb4
f678374
0844a92
0a0f699
f7aa124
fa03909
00ab3d3
03091ac
07080ed
1675695
fa15458
087fbe8
115b93e
f5516a1
f4570ad
03cecb1
0d690d9
fdbc9f6
01cc1ae
f078ddb
00b4f5e
0994738
f31b5e2
05e15e5
0022b48
e2a0e60
0669e16
ff9ae72
ee9b66c
00dade5
f405656
040416d
0a23afc
14403b1
f3d4b0d
f0ada85
07e44e0
fdc3c41
0be77cc
04266da
043f79b
f4ec0a5
02b36d1
f89d39c
e914090
045b894
fa355c7
06f9fd4
2005fb6
f6c9fbb
022cfd0
073c970
f31163e
f1e0db7
03f5818
fab1ace
07f4c2d
f9605f4
05ad36f
0dfef23
f17cb35
159b110
0fb37c2
fcd07a7
fc5de1b
f349df0
00adb27
0405b33
06b014f
048c308
f3a8cc1
06fbaeb
fb42431
f17b75e
f34e8ee
fd8cb82
0554e12
05c713d
00f77a4
17f8501
0b70220
fbe128b
f6dc084
037ebfe
f3a6d39
01b1bcf
f635cb2
f8e0442
ed5de57
fe7d4d3
03c6288
0eddf1c
ff207ec
fea9268
09d9d78
fc494ee
f559255
04a6d5b
1735a97
fb21770
f44972e
fe4ac98
f99ca2a
f788d27
1486b77
f82765a
08b7c55
fb10ebc
f4f2a80
f1ac10a
fe724f3
facec93
f282092
0459bc4
0590bff
fb1c49a
00e34ee
02a1dca
f7c91e1
01fd66a
f83ffd9
f58c1d9
018a70d
059f95d
04f29cd
f90fddb
043f5e3
f8d40c6
057e680
0dc6727
fa6e8cb
fb78264
0e463f8
e886aad
fbfd63e
10680e1
004a5f3
f3dcd09
f869030
f8c6ec6
f6284b5
09c67e9
f591044
fe6368b
025daff
ff9d99c
03b16fe
f603204
f58a3be
f548cf4
fcda29b
04f06c9
f665fcc
ee7c1b3
04eef89
070c7a7
04b9429
f63d658
f13bfdb
fcfc2c0
0e62a32
f02b7df
ec03df8
f8df5f6
01d8582
0f03058
ff8bd68
00860b6
f0b3390
fa7c274
f142b0d
0c39b62
ff15667
fa97588
f235d52
f873a85
1e8cbc9
fe29d22
0634c2a
fcbd4a7
06241ea
05bb50a
f400e6f
ec5db7a
fcb546a
fd37639
ff1644c
f75e47a
169b997
fd888f0
fa9e3e5
ee3add5
f4ee673
0afb294
fbb3d9d
06fa89b
f3d3855
fd2d9d1
fbe4ea3
f3970c9
09b8428
04e2acd
0796518
f51b4f9
0590478
e7f246e
02bc1fb
f9aa767
05249ad
0688561
011dffa
068d201
1b812f7
fccf30e
04f99df
057ed3c
fa4f253
f0d0412
014c1f1
0bfe959
05ae2e6
f9882ad
f8a76c3
0521b3c
f049fa1
0976e0b
05b2e12
07fda8b
0b5e5ef
09e6d5e
07b4b6a
0a54de3
f8c1c87
fdef693
02a19bd
f3c29f5
0091474
ff50c6f
f83ad71
050ac63
13e6cbd
0509cac
f5961fd
117ea3b
00a4478
f69e6d7
09629eb
faffe59
0bea630
f46dc7d
fe32ab9
f408f80
fe6f525
fe455ef
058c3c2
038cbb4
fc515e8
f85bef7
f49c2d3
024bab1
fc20204
02fdfa7
fe3ef39
06a9f05
f96f4dd
0ed5ff4
ef056b6
f2a5102
0b395d1
08df450
021cef5
0393ec8
fe87ed9
09330f1
eb3fd35
0768272
0b7ab15
1489510
f95a583
0259466
fb43d5a
0dc43b2
0d327f2
fefe30a
fa4fce9
024bcab
ed4e900
0559afb
f7716b2
12bbca5
0acc926
05d3e3e
fe81964
f128e1e
046a73c
04d2c4c
0b7cc53
f3cc535
f939e5c
09e5081
065c38f
067e277
fe1df4b
e436a05
fd93e0b
fe2872a
ff13349
f798f75
210566f
0ea882a
f68f252
faf80ec
074de94
065ad02
f37a67a
0390b36
fa58a5f
fdf51ac
fe87cc0
f16bd30
f9291c5
0a50325
0a94e4c
04d2a98
e9bff82
0a0b017
01af61a
f6e61c6
f34ee91
0fc6bcd
f9ea910
0528cde
fa076e4
f2031d0
fcd84e0
fcc120f
125b3ce
06ab490
120ec23
f7ee210
0a3f386
fc3cdf1
00efa64
ed426f5
017b627
f990796
0818f00
0db09ef
f389daa
0d079cc
14bbbfb
10dc73a
f15a0e7
ff29b22
055b2c1
e8f4793
ee96d20
f3d545b
039ea78
01ebdbc
ff323aa
1186d7b
ff6d33d
0a4f35f
fc461ac
f22709e
f9b92e5
061778b
15098db
0742e1b
0899020
f256604
14f096e
ff0568c
fdb41cd
f9e98eb
f6da55d
0926a3a
09ebc73
01fd4e6
fbadb4a
f7b81a0
f5f62ed
f3602a0
fe3de61
f9af517
094b76e
f7a3255
049ee5f
f486416
edbdb9f
0d6ddd4
18966ba
ff5295b
047acbc
eb99c7d
0738308
edf0b7d
0e37a2d
ff11964
ffbbf9e
02b09aa
f4db828
e5fa113
ff47401
fca59dc
008ad47
fc97de0
ff51623
04dd13b
07389f5
098487c
f739065
100acc3
f3844e6
075c372
037bf4d
06688a0
068a8ae
f8dd6b4
ff35909
ffb1ec4
09a33bd
f9e193d
f0f72b6
0a2b279
01c7b70
ea6e133
fc08762
08b4152
06f3271
fb36d40
ec274f5
0c0eeb5
f558d9c
f938614
03df8f9
fa3f0bc
f47c86f
f41ceaf
028380a
11050ac
f542369
016b62c
efcdc5f
0863836
0189a23
f09a9f9
1502432
07d7468
fe87c70
f9fbe92
0687252
f125b13
ece100c
f903b5e
f7a99ab
f79650b
fd54877
fcb0b23
eee3455
0ba5fa5
07215fe
037231d
05aeac8
fae10a3
0e577dd
0fa8b34
0875bba
f3a4b77
03a01c5
03adfe6
ecd4cd2
f962368
141100e
f368dde
fc98cfa
fbb3e72
faadedf
01500ed
f48bd93
08675d8
049231d
035ab49
0739d7b
12ddfec
fdebbff
fd24219
14592ea
0c977d4
0072d29
02004d0
eb41078
fdf40e9
fb2a632
f83d85b
1dac6b7
09e436a
0ff6a7d
03c6411
fb400c0
f4bc12d
08e25d5
fb6d2bd
f95a710
ed60c80
fe8a8b4
fcfc381
1543ac7
15804de
fa57eb8
f6c07da
04937a5
002e886
fa949a2
03fbeee
073b8be
0601e80
0236846
00b7f26
f508d92
f7815dc
0a6e4bc
1392c0f
fc406ee
f1a20d3
fb9a4c0
1115895
d3ff914
f9ce971
fc1c5fa
fc6b734
f8cdc91
f7306da
f20f57c
f9ee76e
0b18d44
107776b
fa2703e
0711f50
03bddc6
f0ab3a1
0688905
10525e2
0034810
ffff2b4
f901845
0907421
f1109a2
1556d08
0147f11
0fdbd9b
fabe0cc
fe85658
f730988
fad6472
fcf497f
09c99c3
fd2f9de
00b74fe
11a5a4a
f5d6df0
0a38b3f
0f96a5d
007985e
fe846d0
03f9466
f80ee0e
f4589d5
e6a90b4
021ac5f
eb463be
113679a
09b6e87
fff240f
f59a1dc
073c74b
f0d6b1f
0336894
f709f7a
056f6a2
fd09f30
f067ff7
09e3b81
01311b0
f05c98f
01e2446
0e6936f
f910675
08efe94
058a3f5
e953b4e
ef93230
f7f711c
f9967ac
012fb43
ef38a41
f7e2ea6
edf3cea
fe25c37
ffc3cb2
ffbf12c
f0432ef
0ff68dc
f073f7e
f66ea01
f181121
fa4c0fe
007c0ba
f78005f
fdb969d
fd817c1
0d10ffd
0c1545b
fa7c941
f8e3217
f137267
feef67b
0964526
f95d47e
0020f7e
e4b60da
f57fd4a
046ae5f
0ae411e
ffa8c05
f279e52
f9af738
087b098
03270e2
fd9a0e9
f680559
fe94113
fe24d33
fc6dc33
ed8a067
fbbfec2
19dc4da
f152ffb
fa8c7bf
0f6756a
f966ce2
0ea49ac
ef49534
08387c8
fc85923
fd1ab3b
f99948f
01d3a45
e6a770f
ffb11de
064cb37
f01f8fe
017d3f9
f5c732b
0afccbf
04587e4
f6075bb
0379c07
0bbfcb7
00aa044
f14a022
070bbcd
02c9dd3
fa96b91
088a981
08939bd
082837d
07add94
14a502d
f555e40
01dff9f
094baa6
0103a59
f4cee92
f7bd4bd
efe0bb3
fa0606b
01c58d2
f2f965b
0490bb4
fb146ea
0913a6b
f01327a
0397700
f1f64da
f68fc9a
fe05692
f3e9fe2
fda70df
0b0372f
ef151cf
07d3132
fc156cc
08bf662
02c6ef0
0b78a65
0617393
061b05f
01640a5
16557d3
100356d
ff84920
00acf26
f4b8b66
f8f8de9
0855ad6
ed8faa4
e8cd79c
fdc51cf
f84a2b0
0be33ea
fcae4b3
05eda55
0054d93
fdf934d
f86eb65
11f07a1
092fb5e
f9b3abb
0633c2c
05ed852
18bc3be
fa14987
003d457
f12f7c7
03cb881
00813da
f6e7fe4
079cac7
0847b25
fe8600b
0640a1d
01dc247
0b25d27
f66c11e
006f86e
08f726c
0365149
f897e36
fa97748
f6b59c8
fa4b7aa
fa67e3f
fdfed9a
0f6dcc4
048326a
00b7e81
0c6c9c0
17b1cc2
ff0839d
fc7c895
fbb97b4
0112508
02b71e9
0b2c626
0c52483
0f10a3a
062bf3d
0021530
004f0f7
02a3a23
f7af96d
05c6c73
03022c9
fbf8a34
f73f525
05c493f
fb4a99c
0d7c3dd
03c043f
016c0b5
08908fa
f62502e
0676e72
127e296
169f9df
fddf114
fc53f91
fc56f4a
f61575a
05f5c8e
fca659d
090ee6e
fdc3aa9
fa82a04
04f70d7
f81bb41
f93aa3d
f3b9f5a
fab2ff5
0437143
f3dbc7d
fa309ba
0292b3c
f600128
08a11ad
182550c
fc67645
090529a
05ad45e
06f7a69
0573378
f781e74
029712a
02bf44a
049183e
00cadfe
07f99e9
1327635
058017e
ff4072f
f76606d
02e5777
037e4ad
15deeb3
086444a
fe266f2
0079937
f4c8176
fe9cbce
06ee310
0264ebf
ff873d2
fb8458d
0d7cc4e
eef1aff
fa0de14
13c3945
f5bacf7
078fe82
020a154
ff7ce0a
f7656dd
0ca8ffb
0bc9110
fe08a0b
f8b8a63
f86497b
00dc35e
f985217
f06b442
00d7ce8
ff7b843
eb1a913
0465aa5
f5616f1
fcdbdad
0c3a6ac
f868a44
01b177f
f8758d1
0da7a0d
fce9e65
0cf75f8
044cb48
ff37409
006eb04
fab75a4
0573549
02b2bee
f659de1
000678e
111ddc3
e593ece
ffb51c0
0d392d1
0c4221c
faf1764
1440b52
f05f280
fc737b1
fbdfd95
1651629
ffdfcb4
f44909d
f810d69
fd4d52a
0402720
003a008
0d55b21
efa8812
0cdd2e6
0ae8c57
02c4c73
053ad72
01dee9f
0751984
f41cc5d
f533787
0ec7d40
f9ecd3c
f8f32fa
0a98700
0ef8d66
0936502
0e17ee5
fbd954a
03a96b7
f42856d
fd409d2
f3fbb10
05d76bd
0085a35
0e1baf1
0197e7d
083deac
f990969
00bb543
fd0fabc
007891a
fa58836
018af49
11a5ce0
0cbe2a2
fd6baed
0f0f01b
f2e2ac3
fd100fa
faa8f8b
00ad62b
f4c8705
e268b1d
037f9f6
fff9974
0c2b63c
067cd44
f755774
fc5564b
183395e
ff52ca1
fd3e933
0144847
073c2ee
06d350d
fe348df
f6b85b8
f28de7f
060dc50
e6b8461
061c4fe
f3e46ae
033c723
0db4821
160dbd8
096aa18
fb311aa
ecd01e1
007853e
04969d1
f288b54
fe5f9a1
fdb2601
13f17cc
003e081
01bbdcf
fc94891
f8436df
09ddde7
fa473c6
013f7ea
0f78695
fadc91d
f8788ab
02f1a0d
06cac41
f9ed2f4
eee2dea
f50199a
ea5bea7
1b6a84e
02d73d4
fbcc393
02ae003
f6085d9
0ff0cc3
174845f
fd7dd4f
1307494
0297ea3
fec5d9e
fded6d1
0a760fa
105dda7
f7b2673
fb6e61c
e51d957
0299718
f8f9683
023d989
090ee92
0382c1a
fa1cfce
0c087f8
051c9ee
05692d2
04069a2
fd402a7
fe0b29a
ffdecf8
ff1e038
efa73bc
fb0edc0
0a9b609
0c47912
fe63f22
0317b5a
fac98c5
0355035
00ca959
f72647f
03a16ac
fc89612
0572e7d
e468fb7
f53f6a4
fed313a
f7d04ff
04b46dc
0619a31
f7bfb29
f484d13
f1d5aaa
fc3ce6d
f845271
fe51342
05c32ab
f875c88
feb22e6
eb9285a
0d9a2de
0d7be99
1154052
19e6f08
1a2f105
036fb39
fe310f8
f7e771b
173efa4
0374e5b
09671d6
0581a81
febcb72
03328a3
1047be0
00d9d82
0c6c84e
f7645a5
f928a3e
027a612
0475d12
fbbd5c4
055be49
fd5c837
fec992a
04a02ec
113d728
f8cf870
fa66e65
094d7c2
0101acb
072db52
08df541
05b0204
0c7bf73
fe02e2f
0105375
0c5d824
0b54ad5
04f4324
0bee7ef
fbf1ac5
02f8b45
f2ccd7b
04715c5
04721c7
fab5c31
01f4e69
028d962
0679c9a
0b1a9a4
0d0bb6a
0b3abd0
1e485fd
fe1dfb3
0c5cf16
f4288d1
f83ca6d
042df87
fe405bd
04dfcc2
f503c74
0955248
04dca1f
07af04a
0b3a9c4
edeb376
eb7598c
04e2f2d
002abc4
e4b447f
f2f2392
012709e
fa004e8
13de5c9
fcf794e
075e9c1
11b64d2
06a5495
04e7ce0
0dab800
fc2b45d
014bebb
00474ef
17ac158
f169522
f66bf48
0d15c48
06cd05a
f7bf036
084ef91
0e56706
fa0aab2
f902b30
0c55437
11cf07e
0d6359e
fd3969a
0537c0c
ee35f00
06a69a6
f86bfb5
01ee402
05c208e
ff80860
f5132ac
f9cd8b6
001608c
03b76ac
fbf543f
030c81e
fd7f714
0ab0ae7
047ab4a
f4a5042
06c7fda
fc5a58a
04c13ee
fea6204
05211ec
f6f2b9d
ef54a30
084d164
f0068e3
06bc3b7
0a32b82
ffc50c9
fd9e620
fd09739
f38d308
ea186f8
0a49f08
07f47f6
f9273b1
f8203bc
fde5028
f7dbb2c
fb2b145
0562c28
ff4df68
065c90f
fe36d23
06a00f7
00cdbf0
06bdd6a
194ab56
042ffbf
ffccd02
fc6898e
fbcd9de
e8f709b
026e89f
f48a3a7
ef2f3bd
002f9ff
f68f924
f7ae2e7
07c82cd
01da4b7
fc80831
0596773
04c7c31
130ae91
113a9f9
fd1a33b
fd8c677
ea26c7b
0489b44
ff9fb13
02d6a4d
045eab2
0524af6
f8c6753
0388122
ee9c426
eec5693
f333e20
05be493
f22da3c
0208e92
f2392bc
f714020
00f21dd
fb8cde8
f4b3097
08dce2e
f2e27cb
f009ca3
f28af71
f76bafa
edeb8e5
02d8fc9
0ee4344
f8440fb
03693dd
fe75c2c
0130264
04f337f
ebe7011
fb86306
ec9b539
004e7a8
fc5c778
fd51093
188be84
0380a0f
f65402c
f9179e6
0ad2a7d
f22d5b0
ff2a404
fcaa88b
f23bc64
f778d43
05b7164
079c161
fb4e0a6
0378540
f06223a
08916e9
00d7cfa
0249c83
fd9a2f9
fd7a483
ee07078
f84c461
02c5a1f
ed23ee3
0e483ee
002aab4
0e61ce0
1b39e42
06d171a
04968c4
f81663d
0b4cc7a
f894c4a
faab039
070de5c
f1c6b3d
f55cf02
ff25f03
fe66924
fa59c47
0e3424e
05da7a6
f759c4f
ee00a8c
007c54c
fd0930f
ea2f68d
f903d7b
05d1e6b
049279f
fdcdb52
106a72a
f842367
0544d9b
f379237
0090e2a
e7fa6cf
00fab01
e53b376
0b9f6e7
fc58eac
fab735d
021ca98
0767d8b
088a8d2
0a690d6
0a5f398
fda798f
0854e05
083bbd7
f969ae4
fcf929d
f553ed8
03f5ea7
189f50a
f20d997
0b33e31
0024ec5
084b046
f55bb9e
fad3ee8
fd4ed78
0bfe76f
e75b4c5
03f49c5
fd53dab
04c6801
0a4d325
0a7d2ee
0ccf777
12baeec
fc7b507
f8ff266
04fe32b
214af8b
064e9e1
004c160
0bc7ad5
f3f2b07
03bf83c
007ef3c
0ea14a9
fec3419
fc14a25
0fde65b
fb18edd
fdf79ce
07f5d53
074491f
0139ddf
fb57177
fe897ff
f24662e
02d9899
ee14b1b
13bb025
f7a19a5
0759578
00c8628
f307e8c
03b3fc6
08bf045
01566ea
ffb4fb7
02d3e5f
f7bfb8e
fe856aa
01f748d
10e84ba
fe8c933
f347d43
0bd5d19
0720ee0
fd10ff1
fed54c2
0c22fe6
079a895
09f168b
ff45d1e
0bf374d
020bf12
06c859d
069373a
0243b2a
f860125
0133513
f6f9d13
fa85fbf
fc7fbb3
f6b2c37
f7509b9
00c7635
f2f5812
f410a17
f047fb8
08c51de
fdba5f9
f374dc1
01d84bd
0c2284b
f493b09
f990524
f25c538
f0fc6e4
0136312
0279d4b
1de0673
fe9f06b
080f958
f61202d
0187500
0afd546
07a1b79
e6fcd4f
feb526e
0cb115b
0370e40
03dd8f5
f185979
057af57
08c5c5c
f63e21f
03e070d
fba4faf
01fc22c
fcf3db8
f1d91ab
ff2aa3f
01c3781
0c971bf
fc29227
061311d
fd05d26
0139196
025544c
f15b2f1
ffe777a
fdaa648
0325533
0947bcd
fb1ef6e
048a958
fcf57b0
0902875
efa60b0
f6e8314
0f54937
fe4d176
f30de06
0129c70
fae7937
10b7e5e
ed85e5c
03c7bbc
f780505
f946d46
fdf736f
f0f1002
f4544ea
f81b2fa
03faebb
ff4f19d
0545ecd
054ee81
018c70b
003ff13
fc395ab
0c8238a
fded87c
0783e94
f939de8
ec77533
10b064f
01be749
08ee6fa
fd15089
0ab4558
df4a103
0bc13c3
106c8d7
03e28c2
fc773f9
fb9fa6f
024444f
fd743f6
09228c3
f91ffc8
f6b0c7d
0538238
058905d
ffa47c4
f24a320
fbcc67d
fb51388
15fc584
0295ae5
f085919
025eed0
00b7839
ef57a31
099bb1e
fcd004b
07456de
f5d413c
fc612fb
f26b66e
fb6bbd7
0b7b260
0bcc778
fb7ab9f
042e268
fc2c9c6
fd9626d
fa4542e
fbc8d5a
087ba86
f5096c2
00d3213
f9e43b2
0a940b0
0a7cdc6
f2bc452
ef5a4a3
f8f8d17
00f8722
fb63225
036bea5
ffdc1e5
023081b
fc654bc
02f11b6
025f6a9
fe5f2cf
fa9c4fc
0705bd3
01bfb55
08c2d2f
fc6fba7
ed2ead0
f1b3e0a
0aa59f3
ed8e694
0360f42
f4120ed
fd3aece
0355ae2
e8773d3
0981f27
f62663e
fab2b1e
034c0a1
fa8bbc1
08d4a0e
f7d4ed2
fdab7d1
0819e0c
fa534b2
f2a4a95
0b9d864
f80f65b
1580935
01160db
0d60e21
01675da
eadaa9c
0e3ee32
00834f2
02ec5db
058aec4
ff974ce
00ddc1f
f609a1a
f5c854a
f6397ff
f8bdbe5
f90405c
fd07c35
0882ef6
0c7dbd1
1570fe8
011fe2e
02c103b
07c93e9
0e03083
0c8ec6f
f62341a
08e3416
001cbb1
025ff63
f8284c2
0924a92
fa19d6f
ea9ec81
0b143e4
ed8763d
f9080ad
0ba9db8
0a9cc2f
f467e30
fe4991d
f2bc9b6
fa78f4d
eeeeabf
13fcfcf
f661356
fd91e71
fc032ce
f506760
13c458d
ff6e785
f68c475
01c9886
04cee33
03e94a9
02d4466
088be33
007f3d7
fe5dcae
04ae654
0441672
03680ee
e167312
ee37236
01bc017
0e6a886
f8287d0
fdf3915
0479f7f
07a731e
f4c2c06
fa489cb
f95a6f7
fa686bb
0a4cf6e
f25d2e1
f2badbe
f6c3842
f72d089
f344ce6
06f999c
01a2b59
edf878b
03c825e
0c29ec9
eb8fbe6
fc68f0a
ff6f046
f23f23b
0c061e9
f6130fe
081f5d7
04973b3
0a6c2fd
04f3b94
12dcbc5
fb536ec
fb25b7c
f297291
fe8dc09
01900b5
02d31c6
f6124f9
0fe411a
f8feef7
fc2e3ab
0f5f00d
feae105
f489d56
f6015c8
fb29c8a
01586b3
fb3414c
052ce90
0d6fd12
0e9311e
044b6d7
febc5a1
00af21b
ffc5a54
03365f3
12da4c4
06269ff
f2494ae
0dbfdfd
0e03101
fc042e8
06b2319
0279bba
fdaf510
054ae92
0f7aa90
01dd7d5
0562296
f80cefe
03cff4f
0505565
13b9655
0432937
fe88331
fed7ad5
0e1072a
101223a
f7d3692
fcc408e
f724d49
fbe8884
109fee4
fb0328c
f56c8fd
033391c
f729262
e487cca
f4eaa32
f2209e9
145b01b
f7c7d44
f7d2b2c
fe2b2ce
ea5e2cf
fbd0d0a
0c02d17
fbc1fad
0303d0b
01be347
fddd3cb
084428f
f986e81
0ad5ae2
0405c60
02ac033
032cf4c
ec9560c
02ec7ac
0a261eb
f03cdcf
f8703a7
052fdaa
f299ca3
ef309b3
f87a9b0
04149ea
f4555f7
0e90204
fb340b5
00599b4
0ec686d
0863df3
f5faaf2
f24752b
02cb7fc
edff97e
fd4dc0b
052a98b
f718d39
fa08a2f
00f4ff9
074a353
ff91273
fe18c2f
031487e
084d831
04dc8a9
f9e39bb
f696b8e
fbee8f8
f744d28
0b1b17f
fc7ce17
04e3c39
0a9381b
04cf326
fbe24c7
fcd341e
05759ae
f70b7a1
f46441a
f6c64e8
0f97f27
fd6242a
f64c918
034b907
057288e
06e7972
fa495c2
0072289
064c236
0c1f86c
0c36245
08e853a
fe2c659
081d8ac
fff1de6
ea81e6b
13ef08a
f20523e
f64dc0e
0a2a160
f2c7e1c
02cb46b
0abcc24
f3bcd11
024f216
0417898
f8575dd
fbf6742
0a08ffb
07ea4d7
01f08db
0cd1174
1408419
eee3934
ee62ac8
0350f77
002eaae
f7608e8
07456e6
fef0321
0a00cdb
f0e78a9
041892c
05bd1c5
195bcd9
fb65f16
04c7bc5
0065ed7
f51bace
ff90abe
fb20b64
f8d6d58
f7d65a8
fb824a9
067e06a
f4ca7d0
fbfa9e5
f6bf349
1e8504c
0060010
0815167
0b26a3d
1039b77
fbf102b
f2ad2b6
093ab69
ff51431
fe12227
fffb5ca
105bfb2
028d84e
0056867
fbea62a
06fba91
fb93dab
f64dba7
fc923d6
fa468ea
0dd6cfe
ef87b4e
040edfb
f6af32c
eea5595
0542f16
0f62817
18595dd
f60c6ca
047106a
faa42cc
021297a
ffe9def
f021999
f9daf4b
00a8002
00ebfd1
06cd0d3
f84f674
0c862e6
fa5a9bc
f25cb30
f090999
f242ffa
15d3626
fd2e64a
045a63f
0909d10
070e0ed
ff99a60
f4d0b57
f78019f
0f7233d
f7671c2
103ab08
ef6250f
042516f
0170a03
03ea542
214acd1
050669e
eea5e5a
03a4443
0325d02
06c2369
07fb7c0
f4f35c7
09e9238
063eb70
fc94d58
ec560ba
041b16c
efe635b
f6a8fe4
fa0e4a0
fe550a9
fd36359
fae477d
f88ae80
0bbb936
062f681
0947a1f
fbe98c4
f7e64be
fbf28c9
fcb7ee3
fb8ba98
f9c3afa
0e99724
02b28bc
0eedfcc
065b11d
f9f3547
f9c7a76
0234bd9
09b2758
139ed50
fe0a153
10c5f60
032f02f
0c5559d
03f118c
e0bd0a1
07af59b
f61a25b
ead9a42
f8b7ea9
0189d40
0919587
150702d
0b06a1d
088bb82
fe4fb41
0ae5d78
f542910
0aaa46c
fffb826
f93066e
013ca0e
0115602
fcb8f4c
fb82843
fec62cf
02066dd
0f5947c
02fa130
0b05134
03cb63c
09b1a46
00040a8
fc80fce
0945e2b
f11d7d4
fce3753
feb26dc
0ec3189
0821baf
f943ed2
eebe853
06f37a4
0b3be3f
fceaa05
ee3885d
f925ba5
0110860
05fbfda
0844348
fbdb7b7
0a4e39c
ffbef7f
f43f4aa
08c4193
fadd5ef
eecf5a9
ea874ef
024cc77
06657d5
02a638e
f52a213
fd29a1e
f29bb67
08d0fbb
079a2b2
0010f57
03a86ac
f968b9f
0da77c3
f02d864
03e6724
080ef22
f0ccebd
0ab4797
0c361c4
0268514
09d0bf6
0175ecb
fdc14f8
07164b1
07b50a9
0be66a2
fdf4d98
068b783
f4f38bf
fd4d766
10f94ab
05cd2e9
141ecf7
04f7589
fb21ec0
f5a4788
f7db5d3
0a64888
02639c9
ff50065
ec980ce
fac77b3
0330581
0179c31
03b320e
003c6f4
1d83b99
f83110a
fabf0b1
16f2cd4
fcda58d
f7a2819
ff13665
101f383
1122e30
0cb7e48
0af0a44
fba5fef
1a248b3
f929340
04f9de3
eb85222
0d8bc32
fa1a207
02d6579
016646b
1163806
f2dd339
05b3347
f5cc466
ff352c3
05c147d
e7bd4e7
f015593
01e2b2f
e583e4e
0cbdea3
fcaba12
fe9d575
0770ef4
080bb0a
f4ecfa5
053986c
fe8a225
ffa4ca8
0785c16
fbc649c
fef0c89
0b6619c
fe11dbb
f0bf660
0a3a5d6
fe80bc3
fee2083
0c1dc5d
fb7a473
0236b12
1439f49
0ba691d
fe383df
f9cdfd8
0e98203
097cd5e
0404d51
00e1b44
ffbe2c6
011d2df
faa3a42
077f0d5
12ab141
06798d1
044f0bf
071a76e
ee5e225
0138e5d
02a29e8
ff598a5
f31eacc
11a57e6
fd4e872
03eafad
ff06223
10f7228
f5944a0
ffe1bab
05cc17d
03cfad3
fcde650
fb4b056
ea40d9a
1527c75
ff995c4
fad8fea
f1829de
fc684b8
00d37d3
02eb939
f1c03b0
e91938b
03b89f0
ee7a87e
0b69f4e
067b673
f1eb352
ee7d87e
0a9b943
fa688f6
09cddc0
0b716c6
07ab9af
0be2656
0ebf6c7
fd9b063
0a1ae7b
10dcf69
f11de2d
fce3138
e80c39f
10d67c8
f016a0f
06097c0
07b23fc
f778c6a
fd41019
fc2b40d
02f9f8f
07f289e
fd465d1
fd1b377
038973f
fc21ba8
f05accc
feea880
f0af647
f339bb6
f19a8f8
efce4e4
f767c4c
f96beb4
09fbf01
f457c71
06bc328
ff8b562
f909166
11f088a
05e74fa
f5a6f43
f7804d6
ffe253e
f3e8ccf
ff56608
f6b0440
075ea5d
191d6f3
f5a1c4f
fa8a127
fd8dfd2
0a12737
08dad9e
09a84b8
fa88c47
07c9851
05ae5c2
1493781
08b3b4e
0f796f1
fb2e0c6
f881502
0aa32f4
10b25d6
f75e748
0a18200
fc4124b
fe83d1e
f829aa7
ebf8e51
fd6ceda
f6b366d
ef46de4
ff68d51
fc02397
03e92ba
fd86e63
fd3b686
f35df0f
05e1770
ff3e475
01c8fee
f4fcf2c
0f8a35f
fb47870
fc88561
f4c919b
f760ffc
e35b9ef
f6e4310
1545b7c
e899cda
06fe22d
f9f7499
fa0c7e3
046c2e2
0184c27
fe55e49
f2e799c
06ccc3b
01dca82
eeb69b1
e8a2a34
03e5033
f7e881f
03761ee
f9d4b20
015c5ac
f6f60a0
0d387e7
fab8c46
fa88770
f601d94
f9e9d89
0397372
fca9fe9
fab3eaa
f4c286b
06419ce
ff810dc
0313501
03e89c6
069f961
055a029
fc554a8
0b2c023
0524391
03f0f6f
114dec5
f80a2af
f9d8b68
0a7a658
01210e7
fe1a5b3
f922952
0c04dfa
ea0150b
e9ab0d2
f6e0668
f2e6c39
031d0aa
f0f0819
091d74a
069d271
f021726
147353c
06049cf
f3a198e
114cc84
f7c5247
17932e2
fdcb44a
174fb94
063c4ea
040cca7
07a9c9e
0562c0c
00bec27
140bd17
07c99ee
0417463
ff7c66c
0067e80
0bafe52
f657360
029ffe1
07fa0d5
f0e71c3
0274996
fe350cc
edda3a0
0910a8c
fe9535c
03a6a8e
ff05c35
0f8aef2
0c7f767
06b5b0e
0c0e760
06cb0c2
0a8367c
ed3f1dd
0042f1b
fecd781
09d26ef
f25ff7e
043595a
0ec175e
f282491
0e8c6e3
fc5c8b3
ea34baa
0e5d9c9
18c09e2
0023033
08a4fcf
f8b31d6
0ae1fce
ffbee4d
030fdc1
fbf8847
f711aee
f163794
0b01d10
f7ceded
eb1be18
f4f3a1a
fa8b7e6
fe2afd1
08ff921
03e3fea
0602936
fde6e45
f7f4cad
f992272
0ea551d
f74b28f
f473ec4
0cfb5df
e7d48fc
f3153c7
08eaa33
f52f169
e9f29c7
fef24c9
feeb63f
136f56c
ec94ce6
0c49232
04bab8a
0f5b8f7
ffb4511
18c7a6a
0e3edc9
04cb8f8
f6082af
08e3b5f
0d65adc
fbf490a
04a17e3
000bbcb
0074a54
057e91c
f7923c4
0636283
fe239fc
fca5aa0
ff73ab7
06d59af
073847c
01f1329
0d2d92e
0c9b420
03dbab0
0c1226e
119bf43
ef4dd64
037d32e
0336a44
09bb1e1
f9d6063
039de06
fac3fbc
06b6bfd
f3c7860
f418775
ff9251d
f21451d
0a745f9
fd11bc8
fac122c
f6902d3
ffad981
03e37ba
fb4ef16
001fea4
1033ec8
01bdba3
f0e5b1f
0fee844
f094149
02efe85
04cda8b
00326b7
f229dcf
edd8838
0258b5c
0b22418
fc06d1f
01ef523
fbc7fe8
f5cfa33
ff26bd1
fdc1fd1
f6d2026
f0f01dd
f3d2fd4
f080216
065427c
ee2d5d9
03036af
ffa4850
043e8b6
fe1f794
f640a55
016a959
022725d
fc461d3
0660753
01bfe00
f78d5d4
1692cd3
eefbb53
f7b9134
02cde03
fd706cd
0b50aff
f930bee
f82ab95
fe8c50b
ff07f29
03bc3b8
0d31eaf
06078ab
0b9841a
f7c196f
00f9f22
fb14dec
f6090ec
0fbf2fc
fdffc4a
07ef252
00187c0
fdba4fc
04eb1f3
e841c04
f2d43b6
ffd7be5
ffc6b04
f0e14f2
0b7de1b
0accece
fd2052b
0ceb3fd
03e35b3
f746272
eec931b
03d987f
0ba9744
0cab776
0fd830a
fb44085
0607f42
f5666b6
f7ad215
05fe219
02f7760
09684b6
03106f1
ffd0c64
f5992c7
fb7b21f
fc26dc6
ede7476
f54dc93
0926f01
03b1884
ed47d28
f495d38
01ff6e2
060878e
015677c
fe22e87
0017549
01261ab
04cd163
f6a3a1b
fa648c6
fc62892
0e34629
e0a1a0c
066e61d
0de7628
0360815
001f8db
fb2f309
fb134fd
1acd2d1
13aa0c9
0c23f07
0396ef7
0be3820
f32f40f
f5d98d0
101d99c
fd0a5fd
eecf615
e81d882
07c4922
10f1b28
07e7242
0b6964e
fd9943b
0dba6a1
0167308
0f46d30
00cb3d5
f9d3d44
02b3791
ff253c3
f1d7aaf
001104c
ff408fa
0511a9d
077c897
f461adb
0ca1a7a
01c2749
fae4bf2
ffa177a
04f373c
031925c
07ac669
0872145
0fe581d
f83b6c3
02b8eea
0058679
ff37636
fcd915f
fefcc27
120aeb1
f29a7dd
00429b1
ece13b2
0283639
f50e333
040c321
06e7162
06fc76d
fec1faa
febf3c8
fded99a
fe8d04d
ff9a1ac
0f0b266
0357664
f047b1a
017aad6
fdaca66
071891f
0baafd1
fc83e39
fcba1da
05daccb
1013a01
006dfa9
0bea5d4
0970b6e
fa45bec
f2ce68d
05b7d15
fb49ed1
05e7e17
f843dd1
ffc8237
ff94753
048403d
0c16045
08bd3f3
0bc9dc3
fc3c9ec
0c77f76
ff2fb06
ff26957
ddae88b
fd71d99
0cc3647
019633c
084a9c5
001f06c
025a6bc
ed109ee
05034ec
f48d770
fc10240
f9d8cc8
f87f182
f11ce84
1ee86a8
04b5456
f83cb4c
e306d3c
fde3398
fca4ca8
0fe6a82
fe5cb1a
f0b240b
efaf551
ef490e4
fccacc8
fcd6999
0e27521
fa12a1f
104070b
f561fed
00992aa
0afffe7
0083695
f9c0a51
f2d020c
ec71fc4
f11a181
028c449
fdc241e
08673f6
0af632e
0185499
f538542
009e58b
014a61d
0601e8c
006a0d7
f73dc60
fefddf5
0bc6339
00ea248
fda09d6
f2fa968
04f0817
f329224
fc79369
0dc54fc
0a8e0fc
f7107f3
07f0259
febc4cb
f4faa70
0bf3d0b
fcb6f7f
fa94439
fd82f1d
f115116
0891faa
fdf3335
f676c45
12f08ab
16a170f
f63f3f1
f8f755f
f484225
ffa298e
f68021a
0435abd
f192d5e
fac10ef
fa5dd40
f8d03df
f57c4c4
07aa479
ebd9dac
fda053a
fbe3064
f39d170
044b53b
03363c5
fba62e5
01656f3
ff5810f
f6e548d
fc3f942
0917978
fedb91f
f3c3eca
030d182
f892525
e6c954f
0d0783e
0698009
ff78825
fe45dce
f00cc06
ed7db2b
fa66753
06a60c7
f6ede18
040c985
e6b8c09
0e7980d
f4198e1
096442a
f1126fa
0baab80
fd94f09
f120e0a
077b52b
f1d77a8
01ab168
088e159
f57a65f
08147cf
f33d3c9
0cc30c0
0cd348e
fc0b042
01f5cb9
04b7a09
fb15bf2
14dbe21
0eaba04
fd008b4
f8f0664
03be60c
f5e3215
f923de9
fb48695
fb8325e
0b9c080
040520b
f5c7742
fce9f83
fa89c69
f3d0bf4
1a5a9a5
fd0c969
f611026
fa880d7
07ddb8e
fc63afa
fc4ba68
001596d
f0aaa73
0d57229
ff74974
0a0a4dc
03101d6
10c96d4
011b12f
f571443
0077424
150ac5d
fd021cf
07d021d
0d80240
fefc9e2
082e7e6
071d0d6
f2b8a30
071c19b
fe783a9
0a1f2ba
fe863b6
fbc920a
0674212
178d5f9
f4a59da
0488d8e
007d2c5
f8f2285
e25c6a8
0156444
fe00f91
fe1e259
016e670
0644be6
026ec05
ff24adf
f8ef5f6
f370ac9
0a99d39
ffafde5
fb293a8
f6ab7b0
fc6c89d
018e1e9
0237459
12d2549
fc0b7ee
fcdb9ca
f7f3fb2
14d57f3
0453380
0e15588
1067efc
09eca8b
0858ed4
0ec309a
0628c48
f58d07e
03a833a
fea5f14
ff94b0c
0c77786
04338d7
fe26859
faf4c33
f2797a2
0f4c5af
fe6bcb3
f7d1588
ef17cbe
0707995
fe59fa5
070038c
fbbbdc2
0211a46
01ec1ef
03c8e12
ff734c0
110a2fb
f88daec
03e032c
fe8ce94
f7c591b
ff00d12
003716a
02adbd5
0c7669e
fd702d7
f81a59f
0ad2687
f82f993
ff90814
fa9a81f
030932f
03bc77c
f931e1d
0472c64
fee7cf2
1639d26
f7f2c1a
031b1c2
02c889c
18f3658
0b83742
064c943
f08c6c1
04d0969
fb0c56f
0b6d794
098905d
00e3930
0a006c8
00578e0
f0764d6
11e7a01
0184394
02cd25c
07526fb
01bdb30
ff6ac4b
0ae7dcc
08b4397
07d2c3d
0be7ac3
0836570
eac32c9
f9712a6
0169002
06d2e00
efcfa67
fb66b0f
152da6a
f14182d
02ebf60
05a0f4e
f6753d4
104fed2
04d2453
0c3ae90
018313b
fa09786
ff1a2d1
0d4ccf1
095bce8
00f71f7
f712794
ec891a8
0d8606d
f8a4f2e
0c94233
00e6503
f7c8cd5
0ead274
fde66c0
f14865e
0d66f33
117777c
01dab5d
0c92bef
f60cb22
00a0b29
f9eccad
1280023
f7fd89a
fc87e62
101bd1e
00c7f04
01cd6b8
05c2265
f70f1d3
fa5ecf6
0ffe3cc
fe690e5
08328c6
03bedc6
f9f7fb4
f83f566
0ff8d9d
0e8294e
025d208
f101421
f76dc27
1395355
0c399cd
01f9911
ee66a71
ffad481
00f8b3c
fc7e370
01aaab5
03c1180
f9d99a1
e4b0a56
f45ff2e
0844ed6
08ec8c8
0f3c48e
19dfb84
001ba6b
f69bb27
0b7048f
fdb7344
0030af0
f829b5f
175b527
07bdca8
06b58c4
ffef57d
0dae345
077da81
f15961a
043a9be
0226b9d
e315d31
0b09bc3
fd410ce
0bfdaf2
00993a3
01a3996
feb5324
ed205fa
0490762
01675e9
f6f0b0d
fde5144
02ddbd5
fe8a4b0
045111c
f328215
f48e4be
fb0fc34
f5353e3
f660860
048d78d
001f0d7
03d1b41
f9fd338
eeb42a6
fa2f0cc
0d47678
fe9562f
0121198
ffa0e44
119b37f
ea06f76
09516a3
07c9009
019a0bd
025bda2
1161a77
0c4ef6c
032ca00
f79bf2d
fed2578
f285672
04fbc44
039e770
08a0cc4
0bd8dc1
f387b3d
0523387
fd17129
0296d16
fb43bf6
fca7709
05767b0
047ed64
089e489
eb2dabd
1b06729
ff998ab
0abc772
1335625
f1eaaab
0207113
fb47f11
1cfb9ec
f6a54cb
fd33ca2
0cabe37
f8ee710
fb4f4a8
0ab5a4a
f0a923f
f9b0d90
f988e83
0be8ae2
f7ed5e1
08b0811
fea96d4
fe7d045
02fb1f4
0c6e7ea
02e7762
f6f201b
10d4614
fa744cb
0e6b523
fa239f0
089e525
007a0b6
f9d30ff
06244c4
fd66c25
10ac490
f604cae
08df500
fcdb76b
04a76db
0de070b
0317ab6
0a82b2e
e4a8e29
05ed238
f3ff1fe
faa12ee
fcc6d82
fb896a6
05dbe33
0c8942b
08245bf
ecd60b4
04d3307
06a2d5c
f4dd0ac
0be4020
e740b3b
f781e6c
f97fe75
f3b12b8
efeccf1
fbc32aa
f9ac5bd
e9e0dfc
0852e08
e9c2cf9
fea895a
00285bf
fdb1f7d
11927e2
fa1986a
089c197
fcbd722
06cbe54
0b9162b
ff54d85
f7b2e65
02c782d
02c4e42
05bfa5c
f146ce4
01d1ea6
fc680b5
eefcebb
f518ed2
f0942ee
fc64163
002f454
fdaef92
0a4c032
0407ccf
ff4c93b
f2f79dc
02904b7
070d476
0974b60
078bb44
06a6c2f
13896ee
f83773a
0d18912
f9b2722
00104f4
fdb42e2
fa4a7c9
07c26cb
19f42d8
f5491d9
07221d6
fc79da9
067e849
17f43ba
f65cc34
f34fd07
0a9370d
1425e47
0545f4e
f916789
f7d4c98
137a4af
03895d7
06163ff
eae6aaf
0da62cc
f844ac7
0333a72
ea6ba2e
0695e6a
f5a2069
fad7c2a
088c63d
0a588b2
05e2e30
f49950a
04050cf
f2d1491
ecacd73
0976839
0843aba
f2731d2
f477ba8
0f7a478
fb81a6b
12a838e
fcbc10b
0060bbd
ed276f2
f59c248
f2fafdb
02225a1
03fd002
fb4d30d
0c5a933
0519861
1155aae
ece83ff
00f2a23
0acec10
07a2794
f28377b
0942dd8
ff76af1
f23c4ca
0477197
fded89c
114ae3c
04f3c38
fe4c334
f523852
f856fe3
06ffcf0
0aaae07
07f3969
fcb8f70
0489785
ef1e7ef
f498d70
07018cf
0070ce6
ffbf331
06cefcf
edb904b
12a21bb
0f2b886
f768924
fdc40be
f8ed931
004a42a
0ec3e0c
f5a2923
0a45c4a
fbbdd39
f65e814
024e329
0a86ea9
0309159
03d3b73
f9c0677
ffc906b
0d8ad81
0a62349
07e4041
f995ddf
fbd781f
fcb9692
f7e71b8
eb43249
0d93d83
f4b7c0d
fae1ba5
00e7c1d
02a8265
fecaebd
017e565
066c3cb
027397f
04196c9
f9080cb
0f8fe0a
0207db2
f9f7d22
04d7c46
f84d79c
f2ea761
05fe3e4
01eaa54
11ac375
f8b1ff1
0b6f700
0a98058
06b991f
ff1d9e4
0e7fb9b
fe19cbb
f748403
11842a0
ff418a9
015a503
ff9437d
0d1c036
feb7860
fc2529c
02e1ce4
0b7a72c
05d8de6
0903093
fefed8e
f46ba19
fdfd85f
f4cb86d
15f13e4
f6d09bf
07cc72a
051f5ea
f67cc0c
006902e
0449c28
fc315da
f71cc14
fb29cb0
0479b9b
021edda
ebf0bc3
f99a2bd
fd33a36
1b8d43c
0127576
078ada3
0b7b9e5
f4f2f6f
0e809b1
f107d32
0bb9a56
f631866
efeca0b
e5fa6e0
06b5759
01708c6
02592a7
fef4089
096b709
f4d11fe
0392599
00678a8
0234fd8
faed25f
fee2d4a
0101861
fd798ba
f6a0f79
0d95e59
ff8c701
e923eff
f94fd8a
fc8d814
fd219e7
edad97e
0c49a3e
11ac67a
fe7c892
019bb8a
f9a818b
fbdc032
071cfbf
f1cd8bd
0fa8038
0a8fa40
f5c6d51
ff7d5a7
031a426
fca9d76
fcb01ee
048a6ad
f4ca603
f7d43b5
08d6362
fb183b5
faa6c82
f3a0f3c
f5c8c03
01b84a2
ea3c517
ffffa04
0347d55
05e177f
0552eeb
e758e9e
17a304e
f32b3e9
fee9386
f50749c
fd15cf0
00d349b
fe6cb80
f6fd815
00f0e71
fca1a33
f3f195c
024cac8
08834e7
fd8aa53
00700ce
0564f43
f8855e5
09784cc
f33c674
fe0ca67
07740a9
f99b8dc
f34dcf4
f4b1271
0fc7e77
099f8b4
0989ac8
fb55c5c
f4e13f0
08b5c74
f6a9428
0876839
17456a7
14f667c
f8b0072
fc7fe88
fabae68
0fe4610
01e6233
12e557e
0299fb4
fc625cc
0921233
0b5acfd
06c89d9
020d1d6
087bd11
fff727c
04bc32b
f13624b
0a53fdd
fab6e55
0b7a09c
fe5df82
f5976c2
f32b60c
f80d1e9
04647df
f695e17
f7c5eb2
0107cfd
fd07424
1438a31
f52eb01
0f7a7a9
fefc359
f276b2d
08c7300
fa5f79a
ff9af43
00a035e
07bc7b1
05d6b3b
eed8e9f
f38c4fa
0abb345
0a083ef
0b62edf
08e2fc1
fdc4047
0c99ae4
ee449d7
fc6730d
ee03280
0358be6
08388e4
fa6cc36
0609bbc
01b18a9
097c11c
07aa884
0bcf265
f43cf88
0362ca6
ef640e1
f8f1ce8
f5513d2
fdf86ef
020f7df
00649fd
0e41c90
f5c0b06
016ff4f
fc32642
188a9b6
efae52a
f8b988d
0701a01
ffaa5ec
0892763
126ea63
15b1682
006b814
02d5e7b
fb89697
f96f096
03b730b
0ba1cef
0584223
ff1e55d
03401c0
f13f309
f315505
01cb741
fcd6d2f
fedfd0a
eccb575
0e8946f
fb07563
02b1c7d
fc1a51b
1a0bea0
046d48c
fc11b1c
01fedbf
0029448
ff9a3fa
f4504bf
f99e922
09252c3
fffae04
063cc3b
f4d5a9d
eb588a7
0a4fa3a
f89603f
f669825
f6fd570
03db7ea
f9f2361
fc5b219
ee268c8
f610257
014456e
fdebd94
06d824d
0b2b34a
f8f336d
f2de7f8
0e5f1ec
fc7643e
093e9bc
f6a3656
edf5b0d
01d2ccb
06a47d2
f5705ed
f831bf4
02e19f2
113cc21
fd8cbba
0062623
fe29cca
05eed40
fd4b2f8
050851e
f898eef
f458744
f245532
ff5ab3d
1a84b16
f8e7629
fa8fdb9
0190eda
fbfdbfc
fd64e64
112fbea
fc8c100
03f4567
00c8caa
027caf5
f5d82a3
fc3c66e
09e0c42
fea0284
045d1b3
fa8351b
f2b5a90
0b27c14
ff22cbb
fbeda41
0056661
fe5dda9
fac9be1
07b4e21
05e7cd8
0287374
04f46ec
03751df
fb00811
fdefc93
1935596
ff2611e
09c68ba
fea0e62
08178ac
0b7d712
fc4176f
0cb3cd5
fcba5d8
0122e2c
0c026d6
f2ddc32
ff523b1
e6b09b4
061701b
07313c6
0c429bc
0c271f9
02edeec
fd67869
01c5ce1
036e821
0b0a036
06b7afd
053cc73
0de349c
01a21fe
0511c9b
0ec6bb7
04b2277
fcbcde8
11d38fe
0233dbf
013d3d0
05cdc84
04b0305
16ba37c
05012dd
f5b7261
fb981a2
0582c20
091c105
f9c05d6
f1ced1d
03cbbd6
fd92f66
0c93ce2
0873991
fef118e
0a92e73
f8ff328
01f9be7
f6ca137
f98f73c
07f1352
0742197
0b804a0
09b7ecb
0d5694c
08226ad
f19684f
03e685d
f1b3530
03fd8f0
f77c0b3
f4ea9a2
05d4891
08e5f2f
f96d103
fee38f2
02223af
f9971c1
02658ee
fbdcee4
0c46fb4
fbb4169
f7f8d36
fb35d2a
0c5bdec
f3756c0
ee3d6a9
037f0a3
08bd66a
033ad85
f87ec4e
063c3e6
ffe25f1
0181b0e
0b2ad03
059db2b
f5bd71f
01586ed
f462c8c
f62df09
0549c1f
0765084
0928f0d
01d59aa
fbfe38c
f630b46
019026c
f0a03d7
029f76e
f6027f0
0833f49
fe88980
f6665b8
fec4dc7
0b9ca05
fe219e8
fca073b
02bd556
0dc5bc4
09de5a3
f912e67
0ae9f39
ff2026a
fbfd290
f9b61fe
0a57a54
eeac752
08eb3ce
0681ed7
ef8816d
eb42ebe
f9f3cc0
f2d7f01
fcbdfb6
f360f8e
0476e6a
010ca16
fe8814f
0223042
f1dfce4
f83f565
fd1c3fa
ed23f96
05a4223
eaa994d
f3fc17a
1ced0d5
dc10eb9
032ac7b
025ff57
f7b0d38
1466af2
f5b5d66
05b678f
faf5ea2
fcd3489
0720c7d
fca965e
01f2484
ec7a2e9
0646a87
09480c9
17a369e
0035798
0706445
ff68a47
0095d8d
068d09a
0738084
05464e1
07635c0
fe7226b
050d263
ede74e6
fb23636
0dc468b
1292ec8
f84afeb
fc284f4
193985b
0396559
01c671f
e7c8781
f24c8a8
0796e36
e9118d7
e6596b7
08a554e
05e7d47
04a8ec4
143318f
01ce96d
facfce3
0062953
0ea7c25
f5f34c3
ffcae3a
f48a0b2
e4c2656
fb7fe60
048f009
035b79a
0682389
fdb5d03
ff2437c
f65c783
f3fbb1c
ec60ded
10a58f6
08bcd5b
fa20aa0
fa88af2
fd840f7
0291942
10099bd
109be9e
0387c35
fdbeea1
fcd00f4
001fe37
fd54dc4
ffed47c
067673c
fa3af22
edc320d
f95efe2
f8bbd96
0068789
fd4599c
1541cbc
e814eba
ff7b3b4
00319f4
0a03c0f
040374d
027965f
073f6e0
00e6413
0bcaf23
1dc3444
fe14e3a
f44b1e3
085f419
08ae7c4
f9b60e6
0521ee2
f891260
0b1d68c
ff948e6
03efadf
04c6213
142b81f
0884b9a
0264aaf
f30453c
f528f55
0a4c86a
ffc965c
08417d1
07d463d
197d480
f08352c
049529e
05a43c9
05c263f
fdf033f
f5df6e5
f266e8c
f91e12b
03de8b1
03a9a6f
fa620e1
111d80e
042807f
0871efb
1b1fe99
02b331c
f232a03
f437e72
f2797d4
0461020
043e116
fb04fe2
fd98b98
03f809f
0019121
03afb02
f919f96
f37a2f3
ec3cec5
055a498
f883c7b
047f2b8
fd8bdcf
f2d6a17
01834b4
08bf58b
fee7737
ecfda0a
054716a
038d09b
0c3ac21
fa5ce6c
017f31e
ff2909e
073c80f
f38b3b4
f81270a
05f6479
01d4919
f233736
f81d366
05bfe14
f4f9e40
05cc779
fd727ad
fee16dd
099c0cf
11e6e11
0864494
11354f7
fa5d065
ff2a663
f51aed1
ffd8ceb
f5bcf63
0585dc1
fa661e9
02f0866
03ffee5
ef8664a
ee857f1
f70307f
fa6668a
f3dd3df
fbd7961
04f5144
105aaae
13a31d8
072d960
0a9cbe3
017b6ed
02f38ad
0cec1b1
01a8d3e
f670e35
0173f35
0565e1b
04427af
f82e9be
03797b6
0c6913c
ff21de4
0943533
0c17513
f142e59
06bf047
fb43cc8
ffb5c77
f382978
0b4f1cd
0724c80
000e91a
f7be8d1
0af0fb5
078145e
11da099
121f039
fdb5e50
0a45d6f
f4fb8fa
0874f6f
0a07aab
04d34b2
ed317b3
0982f5c
0606e51
f098ce5
f7d8bd4
10a9c7c
f45b070
0054840
fe22dbf
fb68d0d
fb3f559
ecdc38e
0d8bf81
14830d1
f57199b
ee6df5f
05f82df
07b80c9
f775421
108588a
fe4a9ef
fac7ccb
0216e99
fba9418
f988a07
13a2759
f80e893
fb3aec3
ef7af89
06bc0e4
091d3d0
0d01e9b
f5d8b01
070e016
fdb9743
0c09f17
03297b6
f97f0bf
fb1e574
fe7e3ca
03f3814
01acec1
ee657c1
0940547
063c4ba
f065719
00fed5e
0bcc684
0b2a554
0057ba6
018a664
ff204c4
fe4fd3e
0e0a2e4
f47688a
ffc746c
0d6e045
ec48a8f
f6a8222
f57d61f
00533a7
02443d3
00f183d
f13cd15
f71c5c8
ed151b3
08f7c46
f4b713d
f5834dc
fbab8fb
04b4b05
1682634
0c66a23
1479e6c
04a0c29
f4cdfc6
07f8623
08a1c24
ed39da2
fb53b90
1064f6c
fc33f6f
fab6791
0579a30
062818f
1265602
0ac05e7
0fd03fe
fde3882
fc5db9f
00b94cb
012ee8e
f1cc2fd
f65fa5c
fff0586
fdcd128
069840e
09f6625
f94af31
0c9d405
035e57b
ff6c85b
fc37e89
faeecc3
08b43a1
f97c8fd
fff939b
e5e46f3
e8c7eea
040cf6b
f61e601
fdab719
fbcf57a
fc273e8
07ac555
0355d85
020972b
f8dcf22
f44c98b
fbfe753
ffa3ae9
0bf9530
f1e618f
043da6c
030e19c
074bd53
0bccbb8
f9fdc6b
030676f
0ef85b5
09967aa
f59db55
f51685d
ef76199
f903bb2
ff66b19
06cf262
ff29138
0a270e2
fe35a35
12891b5
0fc1e7e
0143b01
fe06920
f67ca72
f91d988
01f92e6
fc9f6ed
f81aa74
fd45ffd
045300b
fc7fb9a
f67ce17
f7df967
111852c
0cb1bd9
0243578
f7e3fe5
106010a
0fe490f
ff32cb0
07a87c4
01ad0f3
f0f2ad7
f1b61f0
04ea1f0
0ad5d6f
ff95adf
f10420e
1169691
0826ee8
002c345
f50b22e
fe0b73b
f103e56
f06a79e
043a258
0a63623
038b24c
0212db0
efdb8e4
fab0b5d
03845ae
0bb0014
0451367
f87ab73
f363f3f
f7d145f
0093029
1397764
f9d0034
f89c59e
0687154
fabdd4f
004e8a2
086b717
0fcc0e8
01c7400
17ddc7c
f894a73
fb1b988
fe9f0e2
f3fd233
06ee7c8
f3caab9
0cd0a33
efa5dee
04568d2
f1a2a12
0bae66a
f9132e5
0018ea1
fd3bcd8
f5a9892
045e6f8
018a18e
f94abad
0126511
ee08237
0c4b4b6
1368395
06ffbdf
f43a7d0
07cbd90
012b9da
05a34fc
fffd962
056a9f0
e2aac1e
0132417
0af7acb
fd05b9b
fd8678c
fbcc919
12056f9
ff27e87
fc371ff
eeac86d
0f29221
0889448
f6a81da
faea422
00e9c42
00bd515
01f86ad
0347540
030e901
039ade4
0ea7f05
fe42f39
070d429
fb583a6
f8c1757
f6446ab
f6b851c
145cbf0
096918e
06ac014
0101f36
0a0876d
05bf02e
eda12a2
030dd98
fd13825
f98d9bb
0de42bd
0f1b73f
08e504c
001ffe2
ff68020
02a499c
fe91a1c
0c6de62
fd14454
fc1e55b
f49bb65
fc37d29
ff1e01f
00e79a9
f6c3355
0cee38f
fdcdd2f
faea9d2
08c1170
04beaba
1c0c356
1026ab5
f3daa4a
02fbbbf
0129154
0d4ca40
fc5be7e
f2d917b
078b4e4
f53c239
0481f3b
eb7aed9
058011e
f769404
06f8410
03baa01
fb4be65
fbc6556
03dc661
f2d28c9
ed315d3
02e915f
04a1279
f777954
135e830
fcad018
0297b56
0384b6e
f421240
0b22476
06456b9
efa5c84
f4e7bf6
004c81e
00942e2
02aa615
04d993b
0078a3e
f36ef48
f7bb90d
028fa33
fa393da
f44bd62
f77e006
ecb0919
202975f
12e8ed4
fef245c
027b3f8
097b52b
f732e50
f4bcebd
fbcde51
f343574
f757b7c
172b514
02366e8
0fee243
fce0ff1
0c903c6
fb09cd4
09cb65a
0959d1f
fbefc17
12e5ed6
068b3db
06d50f6
ff9a20e
0d9ddb4
0914838
f920785
0fb6b82
021db3f
f17c1cb
fd8ea08
0314f92
fa849b2
f0b00ba
fc646bd
076331c
fa6d9ab
0d71d37
fd53520
0cf69d6
01ece16
11dfe8e
fa9bc23
f19e204
0daba6a
04d177b
fa3442e
0beb5b5
01961d3
0a93a31
fc64705
f851340
fbe8f30
0d5d6e2
1270b00
eac6cc4
f43f213
0a434e9
f800f98
fe7cc02
066a3c1
0e19ea5
0a6cd3a
0946d0a
f5e6008
06acde0
ec7a8d9
fec3f9e
f877971
efc35b7
0553eb5
0cb03a8
15695f3
0010ef3
033514e
049fb7d
ffd3366
ff75ab4
06aa233
01c5830
e86c587
04f3e10
0a3221e
eee461e
fdc1562
fbd383e
034e576
0cb099a
0f61da3
079db4f
0433bbe
f3e4df9
171c915
04b22c1
f7c3486
09c1063
fdf65e4
feef060
0b480bb
e29e7f6
fefa770
0b377b4
f7fe7fb
1741aa5
036a19f
f0029c3
0709eda
05d2c2d
03fe1f3
05b69d8
f790f3f
0133b5a
06d8024
096102b
f249fad
0218f94
f67b430
056fd7b
0ba5ad5
f246fa6
f84eee5
fcdf3a7
0011985
070bcf8
0e7b61a
1068e08
0475744
17511eb
fd630d2
11d37fc
0f4a95a
fc60492
f938c5c
0707174
0bd5439
01eace8
f90b41f
f8e1934
fd4e048
f823a00
f3456c7
fbd5a51
01d4c53
e26b661
1af86d7
0638082
0e695af
f5209a4
057f1a4
0193bf9
ff44b27
fb7f57c
03d1c0a
fefa31e
03ccb62
fe8b220
fdb48f7
03002a0
ee668a6
fcb324c
ea3cf21
fd1ba1a
0775955
e74a2a8
ee03dc2
f3de4f4
ff76943
0c1686a
f351380
0a1618e
0ba5b3b
ef4ebcb
113abde
05fdb81
fec6396
f5c94eb
f90062f
f4c1eea
fb75d4c
fd6f946
f71b98f
f6b4e84
f68422c
021e9a0
f67359b
f379937
088c689
ff7fb29
05666fe
02469fb
f4057db
e8784c6
078b881
f3d65b2
0107d86
f4e5e44
ee9d28f
0220072
0032785
05e2028
fba4283
eff9800
f16652f
02f57e9
0f8a320
f9a04c8
031ca69
05ac05d
fd548c1
fa67886
f76c9fa
f0059e5
f3a7913
fb48f1c
ff8430b
fb422be
033fdaa
029d901
010c79e
053b8c8
f84b132
02a55ad
01ad33c
0f22b27
01fe91c
1095a76
f7c6656
ef5f671
0388c29
147e158
0285b60
fb0e064
fb6ca40
f601d17
02e0d3d
f3cb6d4
eba4bdb
0af5d03
f537f11
073b2be
01a0c0b
ff0f135
f307683
eefdea2
fcb4461
10cb38e
fa3783d
147493e
f3ac060
08d8886
029220b
fa81a19
0f38e6b
fed8cf3
fadf022
0290a82
0351417
030a1e7
085fe04
fd36903
00fd207
f76064c
f606cb1
0cccfb1
00a803f
021af26
f512c38
0eb7140
ed9e9ad
0b64012
0692e2e
0770267
0655753
f26954b
05137dd
fe1af2a
e327641
039c1a2
feab7de
f95859b
fbad553
014b8c7
f824701
f4be7ec
f906533
fe25c68
0022026
f2678c3
0693481
ec6573c
0c90427
f16524b
0160f6a
060e5d2
fca5f66
277f127
fdacd26
022591f
02fb210
f2b9cc7
061dd62
f10e7c4
01028ef
0021597
021bd3c
f456f69
049d450
f5746b7
015ea1b
0b83612
0e99c6f
02ea872
fbb9efa
00a52c9
044ac03
efd2dfd
ff0ccb8
fb1f570
14f11c2
080c7a9
1009527
085b7ec
10a7a6d
f110998
06969ab
ee801dd
02402e6
fcd0ad3
fdd51be
01e1b19
ef57a28
037971e
fd86d2d
0503485
f6ec762
02d484d
f3255ac
ff39ebd
f853f66
0802db0
070007e
fc2a148
f6a8152
eae91af
055e5ad
fa12dd9
f7b26df
ee110ba
f553882
0de9888
f0dcfae
fe1dffb
004488f
02e34e2
f597c36
fa867ad
0db8130
f583cb3
0e2fa56
0d53e5d
0a26700
f64e0a0
0ce9715
012426c
f8d6505
e89db29
f3fe3f4
f1021cd
f47db82
f103b6d
fe3a1d7
0f136f2
12a7da0
fc22672
0427b3f
05739ec
ff8aad1
0514bd7
fa899e5
01099a4
04e83e2
ee68243
fac789b
feebab0
fca06d7
0b0939b
f9eee1d
0ff4aae
00f94cf
ff4164e
0ec6bbb
f83e199
ecbbf45
f3476f5
f62f29a
fec66a8
f96c9c5
ff4fc8b
f2004cc
03f6266
116c6a2
f0b1ed3
fb816df
0b22c47
0dccfd3
04fd1fa
f84e1e0
ff703ec
078fb5d
030bb4b
00db84e
f4c7c06
0952732
f657136
02acae1
f031164
032a8f3
01f160a
fd54b78
046092d
fd189ee
f1968ef
071873c
0d97dff
f9a306d
13e4267
fc24a2d
fdaf083
0a11bf3
0da31e9
0010ae1
030e146
f9a73e3
f73f8c8
0249569
05d949d
029ec2f
fd1aecb
fa604af
f9696fa
03dfec8
094ac41
053657a
0d0cdf4
eb7ef48
f766a0b
fb496d2
006ce9b
0314ae1
03d99be
e9960bb
07f09e3
f5204d2
07379cd
f74529c
f50743a
0f69a4c
f3b288f
f50047d
0754adf
0600a19
002bfc1
f956e65
0966cb9
0966123
02bc646
0ff39dd
025e69b
e4c979a
174b92c
1282fad
f8b9ce7
04cb916
0203c7f
f1efcc7
fb9702b
0791420
f98f442
f58e092
fa37847
10d9703
0859cbe
0e4d941
11c9ece
0075ece
13b52c6
03a7946
f76322f
edc66a7
0a6d9cf
045ef60
02456c3
fb19eae
f354f1d
edb570e
ffb956c
ffe1acb
0a1e277
f2ee1d9
0dd85ea
ffb233b
01ca813
0c469e8
176ae7f
fd22a8e
fea7798
09ffb53
f33f365
f3ca7ee
0056232
f60a8b9
04068aa
fc3b4f3
fc588d4
00e8583
0917599
0b39f60
01d0160
015af37
048e498
fc40dd6
0f45cd5
f6da14b
0656138
0244418
014ed6e
072721e
1aeda99
0739202
f867bd6
f2ed3fc
0f5880b
0b62422
06be27d
f3d70d8
f89275d
0801d4d
0a546a7
fbad7ea
0bfaab1
fd41292
0055a25
fb7bc76
f498d44
ff4a328
f885299
f3a0c87
f796846
ef79c5b
f692186
f5f5b00
03cc045
fcdf984
f29b228
f74d26e
099baa0
fd4c0ba
f993ad1
f532f69
01a4a6e
13a7725
0a56847
071a52d
f9b3a94
f2733e6
15d6abc
fdfab0e
05b5ed4
052f400
fd8db60
f9eb6d1
117fbc8
ebc0a92
0666e3e
0777fb5
f8a93f0
0830541
f80bc71
09ee253
07f3f6d
0890461
00b7fa8
ff48684
f622516
041075d
05e7358
007b031
f18ba40
f83fbda
ff767b8
fb3f231
0f38aa9
018f6ba
0a31008
0349f69
0594bc5
f5f43fa
0c2f257
edac17f
086541b
fcaae25
fc5cfb0
fb4a9fb
f4459fa
0d197d1
f1125e0
e6b084f
fbc9c72
fe636d6
01bc358
03f5589
022ba76
0a73737
15cd404
f9418cf
0348a18
055cf47
0816fb6
10aa796
fa74512
f4b96ca
f6701db
fb8b31f
024a34f
120bb35
ee75e79
0b9a319
167b290
0fa6c1f
051f3df
fb2bed8
00af36f
0509fd1
0a218f0
f95e59d
03af10a
f409ec6
f1eed03
08eabe8
0065523
02e36da
0ffaaa6
06a14b8
f3217d4
00ef9e3
f4018c9
ef5376d
0b8bea4
f9838d0
f9794bd
efbb84b
ed775c1
05a36de
08a196e
023d56e
02969b9
03da7ff
fe0deda
03a4cf9
efd2628
fa3eec6
f6cb80d
0578c11
1ff00aa
ec9f72f
0abc85e
fa336ee
fe40e17
1894136
fff8e2b
0b44a81
ef4e50c
0170480
fd03ecf
0ab2d95
0210017
fc87d66
fe6d4ba
05c5590
01e5a34
01a7f26
f88984d
13d685c
f08d7a8
090e87a
05b270f
fea3552
f27e6c0
e7e75b3
f447ae1
fc49b3d
e69e869
f6318b7
f494a6e
0a8babb
f632c84
008d457
fec07b0
f55f4c5
fd0a363
025db6e
f823f7d
f5e0182
f152036
10e0431
0cf2ec8
f6a33c7
ef2927f
e7082cf
fe8d202
fb0945b
ff1eac6
094fc63
0058ddb
fec67e0
f76204f
e92e0aa
f2dc806
08d4225
ef21f3c
ff565ee
fdb10eb
083299d
02706be
0fb6df6
050e05b
f16795b
0e1601e
0b9b8a7
febc4bc
f42db7a
0790a19
f0d5cb5
efcc2c8
0052b6c
fb7aea2
eea44ca
075e263
ed21579
fbd24c7
fd43a7c
0a76824
01607c6
0d51d17
fa6f3a2
0a5a87e
0134eb7
efd8706
f1ca150
fbf77dd
fa27f64
f69b780
fbb64f3
e86f01c
09f3848
0bd3a9d
fb24eb3
ef46bee
f08397b
09fc29c
00addbe
0024d79
059ab36
0acc9bf
0bdc38b
0b40f8e
fee0319
006a917
f61fc0e
0c9a882
e98b867
02a5e59
fe17490
073179e
0cf5b8e
0a3fd45
fe5ab09
fb8352b
15c7e17
043ea84
04a6877
fd09126
07669f4
1127e18
07a1b7a
050bbc5
03d2467
f9643cc
03ff394
fef8dd1
f41c4d0
fe33d46
f862617
f74125f
038c0c6
f4a30b2
fb3d6a2
fe3cb78
03f1277
0483e7a
f13a0bc
f5def85
f8c7d0c
0822cd1
fe47e8d
fc223f6
facd2d3
f88c0fa
fa1235f
fb55be0
06393b4
081f044
fb79c27
074e15b
0ef4651
03a71a2
075f9b4
10f2145
f1311ab
0bb8b13
f7cc976
1002139
f8588fa
f18fa27
f7b68fd
fb0e7a1
fb8e029
e65471f
0461b2e
05f6b41
fd83de1
01f4b92
fd8a2ec
fc02fa1
f6a0b4c
01e4797
00272a9
005de53
fda7824
061948b
008cc0d
0bd593c
008fe1e
f48959c
0182042
fff0856
069f264
f9d9733
0b7cfff
012c35c
08eae92
0105208
fa99706
05d45a7
00c9cc4
1388d7a
06ef54a
f54323c
fdd0050
f4945f7
12eb81d
fcfd551
fed909d
fa49b72
fd7dbbc
f79e2fc
ff5859f
fcb2e8e
fdf962d
f7b94a2
fb8a8e9
098754f
0162ae4
f26f974
015cb81
f7724d0
00c238a
f1c75af
136957a
0397627
fc311d8
f8be69d
f4b3b6b
03316e4
0d72a06
fd267c8
f726c25
f798913
060f957
fb99843
fee84b6
fe9f834
f5000f7
fcee76e
01c6de9
f9eb704
fcfa32e
f5ad34b
08de788
fede5ab
fd566a6
f7c3cba
0221986
fd893b5
03d690f
0693fa0
09bb39a
09fe074
ec10705
05d2a99
fdad539
1181094
f22587c
f8553f1
f07df46
094f53a
0d9673c
fb970ab
149c40f
00a5e11
00678a3
e849b8c
08e208a
076d924
f90b1b6
060e4ef
00d5d5f
0583100
057ce7a
f638b06
f61bcd6
fb2afbb
0b2b03e
f6ee5da
101755d
f933c8d
09f5fb1
00113f4
f759011
0017dd2
001b3e9
03735d2
0625c11
fedb752
f3fafa5
019078b
13fbcc8
f8848e8
05b2110
ecbb68a
048e290
1716033
faef4b2
fc3f5cf
f983dbb
f8939c7
051104a
f2b844f
056f31d
f8734aa
fd0940a
fd7388d
01021e4
fe1bcd5
ed3edfd
06c3d02
f2da234
0503b93
ff8199b
0601703
ff396c4
00bc82d
fddf1cc
07fe2a6
0afbf53
fc2257d
1028d85
03d772d
ee5871b
16e4c3e
fee70ae
046d947
f943ace
0208754
022ee3e
f6951a7
0d281f4
1ef641c
fd6e7ff
05189ba
04ee007
10793d7
fe0cb79
052ef6b
022c90c
fd98512
f3f706e
2015d03
fe5aaec
ebb2d8d
04c31e6
0924f11
01b205a
06b5303
0c1aaa5
007758b
fc52836
0fe84fe
f8ea7d0
f952a18
fdce90e
027236f
09537d7
f2e02c5
04d7932
033693b
ff8423e
0e81515
f2379ea
04d66a8
f42a41d
f73e6f4
edd51ff
026f558
fcf6891
0c94366
fd67024
ffddf84
fb9c661
1680b74
f5108b9
e2d73e7
f03a622
faaff32
0219696
f04eb3b
f6925ba
05c5469
f985137
ff1d8fb
fdf3d40
f61ff68
045ac83
f0b897d
f7c58cf
f0a6e37
fd4acd3
e7460f3
f36b49e
fd9deae
05e0127
fec5825
fab7d95
0670f1d
013f144
f6f5bc8
f6f5181
0b7af16
01ca219
fe27c4d
04d6dcb
fa02130
069ac3b
f938819
014c9be
0986083
f93996a
018db16
03a102f
0345e9b
f6f86e4
081f2d5
e0e2080
0cc7bc4
0922281
001d387
0a455da
fa086d1
05e32d8
02a257b
0d01806
eed4191
0756a68
0c90919
006cd96
0b012fd
f2e9b44
f31ad69
fc07a82
f7ab6ec
f2a70cc
faf19b0
10b8451
0aee672
fd73f58
fd0f863
fbcb9a4
012f4c9
fb610d6
0204ccb
0045c0e
0223c64
180cd0d
03cad3e
f33f821
ffdae32
f807a29
068759c
0c41496
02f475d
fc2538e
0c64ff5
0acee58
0092eff
054aeb2
f70aa33
f3e5f95
033f41a
09ab315
0bf8302
eabe8e1
f12ca1e
ffaf5a7
ff1cc40
0491d92
eacf289
05b9179
062129b
ff4cf1b
f522146
01ed698
f3354f6
ff85e3f
f9f57f2
01bfe9c
0632044
efcac99
feb4f77
04d35ab
f5140ee
f7242bd
0afde25
07a1895
f2a87ae
002512a
03eaf83
fdfccf6
0bc694a
fb2b624
070cc6f
002da76
f8fc896
0b81dd1
fa70a05
edcfe95
158116c
17bbd0f
0569426
fbaed19
03a1678
07c9e4f
0c7bcc0
04633c8
fe0d174
ffbc4c8
0537056
ff5afa2
0d7c659
f69dfd1
fe0f6e6
0641e87
f67c907
066e897
fda27c2
ffa8b61
0101ab4
fa969ad
fd62ec4
f49cb6d
0052770
0a6a355
0ade3e3
0420240
0b19d81
06e1e78
054f132
fba0534
f7d8609
fa7306f
2134aa8
0376ac8
0571e33
f88c08f
06e5ae8
0041961
f4213b8
f11eae5
f2a879f
fca973c
f5e6f16
043c288
032e1a0
06892c3
0de8031
fda0812
f31ceb3
f254b6f
f3e0b10
fdf38c2
fb0429e
fc76b14
023b758
02c4ffd
120bf0a
fab97ee
0102443
0a2f338
03e3dd1
efa4a63
06319ce
f46ccc5
09561a5
f7ff07a
f979929
fb760aa
0a8b876
fbeab56
eeb9446
eeb645f
fb03df8
f7e79c4
ff5eb96
1e4d252
fa8b738
f82bd81
febfc52
fe72678
130eb3f
010e3ef
f465d4f
0256e66
fa39d89
0737db9
e2a4100
f7ef2de
f4c3170
046134a
f5bb435
fbdd678
fa2b9d4
fed497e
0a41bb1
0171ce0
05394ee
f015d69
ff5961a
0738dc9
02fb924
0b25b7d
f021d68
fef2998
fd8a76c
05cbdef
0d4c2bc
0cfe765
f6f94e7
f70fa79
ff6df60
fec1ee3
10799b8
05c79b1
080bebe
f898238
f52483e
036820f
f5e7da0
0b33261
f97ef0d
f937f94
edd939b
f9821fc
03745b2
00b6ae6
f51de6b
f83f2ef
12c80c9
04ab465
fe04cc1
fd00e68
ffd83e5
00e119e
10df007
f196ccc
fd6b676
fffdb2f
f99393a
fc54c26
0fb0ab0
0538fd2
f78672d
f84eacf
01b7690
f1c0ed5
11f0a5d
ff669ef
0d17215
fbc49ac
f87cce2
03da281
0e784cd
fd3af4c
fcc203a
03d3271
009cde1
0a42911
fd44536
f828a37
f4203d2
f3858e1
feb28e6
f3b48f3
eb57adc
10083a6
f99494a
f5565d3
075b272
08c7f1e
02f55d1
f1853c5
f41ff65
f0a5f8a
119af0f
038fafc
f1357d4
ffb4e63
03bab67
008779a
f668d3b
09739ca
1031bd1
0c61122
fc0959d
f2a2dc0
0c0c56d
0dcd783
f811095
f849c32
fbc76ec
efa6789
f2b1fa7
fd52cad
047a74b
f8eb86a
f16253a
f20dd37
051c28b
f843cc2
ff82676
007eab1
fc39a42
111c212
fd3e4e7
00a3253
f91e5e0
fad2ddd
f3c2245
ff35f8f
06541a7
fe36e2c
0dff97b
f88d82e
fd533a8
0e5aabb
042a729
f4f60c4
f30bbb1
fadf4dd
02e30a3
083f650
00c7581
043ef45
f2d6939
fcee4bb
f3c1f43
f7cb6be
036dee5
0f4a905
0605d51
fe6026c
f61ae5e
05daf78
0130db2
0574d88
0383844
f334dc1
f94782e
fef6b22
068c985
13dbe5d
f62b74a
0540cc9
f684c81
0cf6cb9
041fe9f
021dc97
f947a2d
1015615
01a9bec
09895d2
f2f24ee
ed513c1
08892c2
1a48e70
fb20630
0d58160
fd0a411
12f9bc4
0d36f9c
fdd464c
01488f2
f85b46f
f455e32
0dc83d4
0651209
0470c86
05bebf0
f9efd5f
f70bca3
ec12562
f8e854c
fd3fa6c
eeb1d5d
fab542c
fdcdbc6
17f6366
f9b5b7f
067cc2c
0669899
f9cdc43
fc73ef6
090b9ec
02f0b9a
0da67a7
f57f5fa
09beb0e
0df08bf
f8ae6d4
eaa5d6e
fdd22e7
0b70ca2
04b7501
0135903
03811a2
054bc21
fb5eebc
03c1a17
0e64ab3
eca0f6d
fdb5706
0ddb8d6
01e625e
fb3ee29
f9fb427
0fc3980
feaf62f
0192508
f77487c
05cecd5
0ad6f62
0ee3330
02164b0
0ddf6c2
02e5ba9
f1fd397
175ffa8
fea90a5
fc5a5e1
f9fe3e9
0735222
f9c4058
fbb3b45
090e272
0b0e1e7
0e306f8
049be5d
fbd4343
08a4a32
feae310
004a7e4
037c471
019d6b7
e9d46da
098788d
f510f3f
03c13a3
ff1c566
06d4bfb
fd4ade6
f311666
f62d98c
03c1b12
fe8881e
022d4a2
026139f
fa0be69
fab563a
072e6b1
f681962
09b13e0
f245814
faac3b2
05ceaac
f1fbccc
f6548e2
070e07c
f97b2c7
03e932e
0090f13
000df57
06a16b8
f93c7e0
ffd1871
ffbf3eb
04378a9
09c273e
16274a9
fbf3903
f7fe260
fee3b4a
0ce3c77
f47d554
ff2ebb9
0123b0d
fe89308
fd83881
e788870
f57f621
f5ae9f6
0602b43
0368469
fbe8db8
0030d08
ff9f0db
011b518
06554ec
fb6a27f
0877da2
fdec0b4
ef4ac54
ff4dcea
01c5c0b
04643dc
0602d06
ffff70f
fb8b4ed
067f4f1
0ffce55
046ac63
0666afa
0fc8b23
0791ff2
083930d
f3e07d3
f5b263f
046871c
041f9ca
07cbf9a
f7d6f56
ea19451
f7819f7
eeff416
0422e2e
f958203
06ae0ba
f1c76ce
fb9b23f
ed869b2
f380dd0
f9d838b
04a3103
eccf8f5
06475e1
ff112b4
ffd83ae
fa43a3b
05a0b12
0bbd566
032e217
f0dde0d
fa0cd00
05b2294
01e0b18
f295b22
09ecd7b
08dfe7e
0ba4b27
018c5d7
f775920
0f50c57
f1c7852
0f8c22e
fe29426
0b6d7c8
113fbef
011a815
0025f24
00a7532
0a8cb68
04d6226
1305181
019593e
f7aa996
1564022
0623c73
f739684
0499ec1
0ca21d5
09937c3
01d8721
f805cc6
02382fb
fa3fb08
019d676
00679d5
f277433
0adbad4
f90ea3b
fd17cc9
f3801c6
f9ec884
fd3a2cf
08d87bd
03a5f9d
031a196
fa158f1
02d205c
f56cc49
11b8dfc
f983c0e
025fb8e
013b8e7
0f881cd
fc9466e
f5f2078
0aa82af
f431113
04833cc
03a8630
feb38ca
0239553
04cea7f
08948ae
07b59ae
fac3957
fd63cdd
01abc86
01b83fa
1036517
f5cbaa3
fd5fff2
0662b3c
f2abdad
ff53dbb
01a6eab
0801257
0126349
f26b7c5
fe6c045
f4af71e
ee83d0c
075e71b
ef41416
0a6b04c
fcad533
fba5ab6
04c45a6
073bc91
0964617
f7cf59c
f8db926
fc90b78
0640749
f34bc4a
1b119bf
001d30c
062d6e3
fff10fb
ec2bb06
f3238b0
073eb4c
075ce68
00ecb70
02f7900
f793c8f
0eb4dc7
05db57e
e7501c8
e6aa35c
fafb248
fe7da16
fc04f87
ff10d47
fe5912a
0d16926
0021ee7
ffc17b1
f5b2f3d
033c1f8
e462e50
0041b5a
0f66d1c
f3278d7
fae7fb4
158ca17
0dfdeb9
f35fbc5
f82e0dd
fb9a220
f80ada3
fd110f8
08093f1
0804830
fb32e66
124c190
0573056
009204e
f8e9a9e
032d3d4
febf7d4
0d3bc37
124bdf5
008961b
0e1650d
0ba361a
161bb45
e89380c
03b89ee
f857306
0902299
fe9a6b7
ffd0a9f
1228c54
00f00c5
ffd6221
126f0fc
fca2e20
fddaf5a
ef0eaf7
0998400
088a5fa
ef5cc20
0c27132
032f608
054404d
f732890
05036f6
0fe04b1
01efb5b
fd8846a
fec5b84
03985d1
0b6f5db
06d0c67
1e731bb
efdabe8
f466f0c
f72cc5e
fbfcc00
f4fe69f
ffcc3df
11cac28
0006ba3
0da6fb4
0dac376
fc42aa1
043991a
f9ea9c7
02ada6a
002d505
02ac992
141ffef
0839ca1
0c1f518
0986f2e
fb92b46
02ddbc2
13978c8
fdddd15
033a749
fd9547a
051c140
fc6491a
eea059b
0d4935e
f87363a
fc05596
04b993c
fc5307e
038120f
05fe24c
0eeb94a
0307d69
f64152a
f8326ed
064bc31
0289165
03949be
fa74a7a
05d3adf
01395c8
100cb80
ff42946
fe7580d
ff26626
01f43f0
064ca8a
0b2cb2f
0d3897c
0028414
0f0df13
061c751
fbece32
fc45c48
0b2aba1
030692e
00f3417
ec87072
f809571
fbf4136
0d3bfba
fa76a10
0079b47
00c0971
f67a16a
f6b265d
f53df72
f8acce1
fe7d473
f53b8da
06e5490
ff01eba
041311d
f1d9c30
f3bf6a0
ffc4bb1
efc3621
00994e4
005064d
f082d16
05eff36
06231e7
fbfd174
0db04f7
13d90c1
0304248
0c2209a
e4d3463
1777ec1
ea41641
fd2afc5
00e42b3
0102e8b
095f673
f8a2bf9
0d01da9
fe32ae5
0130681
fa6ebd1
0feae86
041cb04
0881ce0
078d80f
03f0c78
f2df565
fd4d45b
fb2cf3f
facd87c
f14ebb1
04c1d15
046fa2a
f1e4e64
e3cdab9
f773b9c
06884d2
078d054
10e4398
01000c1
15f57c4
0a71d83
15098e6
fcfd52c
09fde86
f0f9bfa
f71f69d
e8ef3c0
ef0fa85
fee2e82
047032e
ffe8d54
f1893f5
09e449f
f2bfa81
fc75b07
0c835cf
fb0dd6e
fa87524
0325f45
044ab5b
fca7abd
0b85249
e7b4f35
fbca2e0
fbc68bb
053190d
fb748f9
0473ec4
fd9d92c
071df89
08b359b
02792f4
fb8e7ec
fadb192
0970866
11d3087
f6196d2
0123358
0419b36
093dce8
0050c6d
fa36a6a
f0eba69
f93e099
16b82be
05cfe7f
f6e5656
0001373
f44eabd
f785dfb
f622a9d
106df99
10d0f21
02bd302
fcb2d1b
f9cc50d
00504d5
fa7b573
03fbb54
0e292f3
f54e9fb
ef6e8b4
0d57395
f85a4d8
05cca02
f1d7231
f01bb0a
f5cd750
02ca505
f53588a
049bc91
08ef7e4
f722940
082a063
fd2f7fd
016ad9f
f875c0c
f7a7529
ee6082f
f115d02
f4b6e8e
fe4dc95
fa2edb6
059de89
077eafd
15923bc
f087c30
ef99bde
facbc26
f794c46
0301148
0e088b6
06a7c9e
04736e3
fb32189
fcab827
06e8be6
0706374
0384f04
fea91e2
eaf9fc7
ee7b1ee
f9ff1fd
00fb97b
fb73618
fbf6bd7
f7a9ab1
0a47408
0985f22
f06a177
f9dcfd1
feda956
010939c
038715d
fb68896
fffbb96
08eb7e0
00f0882
080cea2
ee3a04a
02f3f43
065e36d
0edf9f4
03413f7
01e9f25
1869a24
0c4cb23
fcf1e83
e67616f
03f4fb6
08778ee
effd75f
133817a
0e5a32e
eeaa689
1944e65
ee28c3b
ff64526
ff7d003
f784d10
fe130b0
02d9796
ff05439
f6aa137
f0940ce
f437d2b
f33510c
0635552
fae873f
17a94f6
fd646c9
0fb851d
f999446
05e5130
02b26de
fdee99c
1049871
f29f062
f7407a4
02baa48
00498ae
04dfb0a
02ed0d1
001d369
0233bcb
03cff85
0206768
07160d1
097d7fb
0b842f4
fbf0866
05e9e3a
fd8a2b5
ffa6e2f
01e324b
0876d16
f40e71d
fd198e1
f742b7f
0b7bbc5
fc4c0d5
0298ebc
fbefa72
ec3b37c
0b77bbb
0726404
f996c20
0092cd1
f47b70e
07de8e2
013cf82
ff5e36b
f1cb862
1165508
06798da
f655470
f538bd1
f35b9f5
017b88a
ffb4329
067ae04
11b82ef
f776b31
0dc82b0
03ed655
f8240fb
f1e9765
f4d454b
e37eaf9
fb024ed
052f1c0
fa04a59
feb00a8
fa4a826
0070403
0aabc5a
098e1e3
f9457d6
ee798cd
016152f
025504a
0bed282
fe546f7
108c22d
011407b
fd710d0
048f37d
064b858
ecec192
01b0d1b
f887c10
fa1f39f
0e7b6ae
009b494
f72ee31
f64f92e
0530738
fe8fdf1
0f3c6fc
03f5e9e
ff5a4a3
f46a1d9
01c0e7c
eda78eb
0e95e18
06778a6
05f3bef
f1e8626
e4efad6
ff58851
0208792
0da256d
fea4489
09292fb
0207050
f674bbb
0dc65a6
04e7e7a
fd3a733
0800859
0247e4a
f47f0ed
032c102
fd452fa
045380f
ea1738c
fcedaff
f2f4d26
08ed9bc
f61fe49
06f53ce
f6b7383
ee5e321
019e801
084bad4
070d4d0
0bec7e4
0a2eac1
13bc99c
0e7ada2
18a71ea
072ad43
0814c65
0226dd9
feca569
f3b05ee
feffb1e
064c240
f06d8a4
ef336f6
0194b47
08a0445
fd54c31
f6d72d1
f0f2e0e
04f73ae
fbeec8e
f96f01a
ef9bce0
f8f23bc
0a4a436
0685e7c
09437a6
f9f9bde
f63b65a
f534170
1080605
0636d6d
041edab
081a30e
fb0eee2
fe655a7
f85d2f5
0822de4
07beefc
fb2aa98
0554326
ff282d4
f5f38cc
08376e1
0aa06a4
f55282a
f69a8dc
f231fa4
fadef5c
e9f6f6c
06d205e
095db94
02cb03f
0cc03be
ffa70b4
ea577c4
013e947
06d028d
f7e14eb
f2f9ec6
051192d
f5ac6bd
01004c2
f682228
fb76323
0b9ce77
ee20b88
fbdb871
fb26461
ef4ce4b
f7fc92b
f742381
facf3cb
f6df8c2
0a62b4e
01321de
01e8080
ffb6899
01a5134
034d4be
fb9a6a2
fbc21ce
010d448
0d1abd5
071774d
ff07d6a
fdad76d
01ab98f
06b4172
fb6f078
00f3b45
0eaaee1
f78f489
f8d7fce
fcc39d2
08730a6
f6c5e3f
e83db33
ff39f66
042204a
eecaa5b
0c96e93
fe52fa5
0ea906e
f4665ea
fd05d35
0289971
0e50ede
1272bd5
fa982d1
f2af572
eab09c7
0efd785
fed21b8
fe6e79b
fdb8e4d
fd671f4
050b44d
01758e1
f4206f7
0affe38
0bc1ec2
0d43b1c
059ec40
03cd18c
f048eaa
0ab9f48
efaf98d
1354d3c
030cecc
e6ec5b3
06d5bd3
ff9d4aa
fab24c1
fc221ab
ff60457
0025fff
0b545e8
e527090
fa749ed
07cb582
049337c
0c129b2
0702efb
0a1113d
f337e90
013c1af
005d88b
f25dc65
0a5f8ed
fb503b1
eec1b73
fe48988
fc62e7a
0def188
0bd2aa5
eb6bd0e
f227a73
0bf34bd
fbe8d7d
1894e9f
fd97d81
0fadd6e
09f4101
0f3443d
05c743f
0528cb1
0ea4898
04aa107
1a8fd06
06e78fa
f681b0d
036f836
f3ae41f
f159099
fd8cf49
0b0f8b2
ff40b60
0889396
0b3c39d
0447c7d
0aee24c
f248b8d
09571c1
0ffe26a
0c468b7
03c8422
fd6f8da
017cd81
03573d3
f6a3954
f49afde
fbbc662
0d00f2f
fce90ca
04b8339
f68a53b
07d26f9
f088fec
f3eb9fa
f8ae67f
ff374f5
06b5248
07935b0
ecd788b
f5831cc
f3aac92
f12deea
f0a5dab
fe22bc6
0078b41
f07b813
0a49302
facee08
f8e0ecc
fe9df79
01e0d4a
05bf1a3
00eb39d
0e9a20c
fa2a578
f3b2c43
06dcd07
0852c87
16aa941
f1a321a
faaaef9
f1172a4
03f4760
fe468d8
f982835
fed4e80
097f3af
f7d1c61
04de104
0055e11
e5b42cd
f07b034
fde8093
f862c0d
13f422d
fd32482
fdefb9a
1c1986a
fe1e5c1
07e6558
09b716d
fca0355
f5e7d6c
00ff6cd
10b08d4
0d13ba8
03bd8cf
0d1af0f
f18c06c
ee49814
ff52ad2
0c7973e
fd263c2
0aa7f2d
ee1d593
f6cb150
0407ca5
f9ff82b
fa36526
fe4a018
ef05611
fcf57a3
f87d2f3
06367b3
068bcf0
f05a2d2
fa8118b
f6ff2f5
01025b9
fdcb42d
f98dc49
0222bbc
092c067
f3e5cf0
fb16aa6
f3bcec1
f853f86
fde4f9c
0bc807d
fd98149
e9483b8
00f40c9
f6abc7d
0022ae8
f8aa76c
0ddc119
f532474
fe58be5
04dc337
09a3edc
fcbb985
0acf1bd
08221d9
ffdb807
01e7a65
f7f0db6
f66faa1
0572eba
f51d1b2
0bf06cd
0676b87
0267c1c
f929eb7
091761b
f3ca5cf
0449397
07e5616
fd6a749
063be53
172d71c
fc49e14
09cd07f
077b4bb
ffa8e9d
00f1ea5
0bb6689
fb092ad
fbce104
fb38cba
f632dd0
094236f
f12e1ca
0c29822
04b5349
f386adc
1bc0bde
fbd404e
041611a
fef0833
027c8ea
0657203
02afdea
070d2d8
f81dbaa
0669b9c
01c49e4
029aee3
055cf68
05001b2
0014dec
ea817cf
efedaed
f325407
0b79fe6
f58ed18
02703a3
0548c6b
fd76033
01b513e
fcdb31e
0476206
07cceba
e847690
f8b822e
0268477
07cf94d
fbcacad
05a0946
e59d197
0a1138f
f521639
037eeff
051317a
ec84b6f
f838cb0
f694748
052000a
fa41074
00b97ad
fcb5505
f7af29e
f58ad41
ff0871c
0afa333
105093b
ffde0f6
ffc99f6
f828970
007d47d
076b494
f9c2b6c
0cf1c79
0beb488
f4654e9
08b24a9
06d3d44
0a9224c
06cb9c0
16fbae6
fc16c5e
0825a01
ef530ee
00ba8c3
f34262c
05fae7c
fc9964b
08cf1ff
fb7b83b
ee58708
f756750
febeda3
11ffb10
0253d97
fb521d7
04f5794
059c39e
0542933
e92fe8a
00b2275
fd6fc37
fc43830
eb8777c
081863e
f924564
03007b7
0950d83
0ab8c04
ff61c3e
faa0409
0a86518
026f67b
fd1ffcc
05e2e4e
fc631a9
0bf3050
feedcc4
13b228c
f7d8720
fc3e1d1
f18b69d
fd97f4e
0c5ce30
0183e65
0695b19
0415cbb
002b898
0e8c8cd
fa0b2ed
0154738
031085f
0d4ecac
ec36afb
fde9220
02a49bb
edbd57d
f737410
0862b42
028c284
0308883
0e9b5ff
fbe4bd4
1803c91
07a3958
ef71fb5
f6e3fdc
f1dcaab
f97ab5e
faae5b6
0a7f8b6
fc24ac1
0112791
f036c7d
f130dd7
06e83ea
f943004
03b44c3
f7c77c8
fb80bda
f2fa0ac
ee00d20
105dec8
02f07ae
eda700a
09316c7
f9666d5
f8d7188
0d75155
025ff69
ff81e08
fe43d19
fed1575
e099db0
f2783fb
07441a6
0016ccc
01076ed
0459985
015c81c
fcbc921
f973cdd
f89797b
05286cb
ffac4b8
0dfac75
0387c70
f3d8f62
04be68d
eb25f32
0b54dbe
02fdbcc
062a06f
11180a5
fb2b538
071bc50
06bec1e
076493e
f10c6bf
fa0b2ac
00f8b9c
16d489c
fb6e29a
fc1eb15
fce7f86
ff8b4a6
00dbb53
094c51e
0c055b9
f822af7
f6f06c3
0c5a7b6
04d7383
fa7e1a7
05fd04b
0981d4d
05868c1
fd65b6e
02f3881
0c4871d
fe36c74
00aad60
078583a
0a9635c
fa1390b
134398d
0355f9d
f3a7341
faf9bb7
f8d23e2
f2b023b
09c7862
fe7be95
072792d
fa3d1fd
fae0906
03929e6
ec74334
ff3cfd2
081f9da
0164e84
0728edb
0bca512
185fb5a
fa8a320
f772e93
fecbaee
edf0180
07160d0
fc0602d
0be096f
faf9207
fe4c6ae
ff7f0d6
03c3b97
029e04a
f4dee39
0b220fa
e5ab208
f9b97d3
03d6d7a
125d9c7
01cf0e2
f9e3317
0402549
fae52d3
092c9a8
06a8712
fb60cf4
04b9517
0b625fc
0165147
0198417
ee9f529
0e0dbb8
0d20763
fce4a8b
0d2f2f8
f8fb161
0ef10a7
f8bb1ac
068b126
f5d7a50
f7b2533
f49d1f0
03cf4ca
03f6de4
fa4d0fe
ff8ba83
12c2ef7
03b1738
1035c91
0327a53
f538b69
02b96b2
fd27107
128fabc
06a43ed
fe8308a
12d4b33
fb3ded7
0291ac3
f6de88a
0825c84
f58a6e0
fef82cd
0339fbe
fb31f45
0cd5a25
0335a32
08690f1
fe5b8df
f8b449e
1064367
fcb44ce
0121db0
1537bd7
ee1ba61
048c677
053dfe6
fe47059
fac0c93
11379b9
0042981
07e2256
ff5d933
f2e59d6
0033807
fbdcc87
f857c40
065e9fc
0b2598d
1273bb1
f39a61f
fc784df
fe4ad6d
fad3091
0234be7
e95c5f8
067a923
04ef77f
f17df50
1a4bec7
02bcd17
fcee364
023133c
f5f3822
01411a5
0cdb0a9
099bfc1
03aed5e
0416812
0a27bbe
f2c1d64
f7297a4
0388860
ecbf79b
00bafee
1760b49
08e567b
085bf66
02914b0
f0ae06e
05ba4db
0c64714
f3bb48f
fb6c131
0508eb9
05498e0
0ef2e66
ff474b9
0c5ef3c
fa610c6
03921e6
00825a6
fe86ed9
0bd0f78
fcc758e
fac15f4
11fdf44
09f0b79
0359a84
19e845d
05097da
03a5043
f840d76
0b4ea79
fbbac21
086b26f
ff61862
f193f1e
f63de56
f19e083
199ec11
077f376
076b7d8
f5736d5
0f61773
01bc264
f7c8ac3
01ae2de
0381011
f7a4006
0998646
faa1723
061b542
0812310
05fdf06
fd501dc
0239d3e
eb846b1
f578b16
0cc2ca8
0601677
fe30272
f91fd7e
0458016
0421c39
1591b6c
fd5595e
0d8d593
f0e6538
eb293fb
00b280f
060b431
fd089c1
fc1a7b1
0259d63
0c26270
064743f
fede5bb
047c3ed
f6a84e6
e8c38db
1487e36
ff78d96
f739173
f82a374
f766a3b
ea218a1
09129f3
fdc7e61
ef5bd6b
fca5b42
f48f904
ff3214b
103c184
fe7880f
fb555cd
0a6f781
eeab3b7
0906fcd
f66dbdb
f3737f6
08de651
f105bee
f3b3d1d
09b620b
050444e
0743f0b
ea60f23
05d64ad
f71031a
00ff1d4
f788cd4
f2fe959
12f53ce
02e622f
f1955ee
000120e
028fb90
f8c8f02
fa8a02f
099e01f
15a7ddd
f8117a7
fdcb4a9
152a887
0465e4b
ffdf78e
faead48
041ac1a
fd6e76f
029d5c8
ff466c6
fd0308c
14443a0
e8e689f
07e1210
ef30ca6
03e3730
f9f3879
ff7885e
016f7e8
0e17ab6
fe7f9e6
fe08fed
0f55763
fe0ef86
05e0249
e3f6db1
f70daec
fee0bae
f12d74b
fcbee34
f95ada3
ede423f
05f518b
00fc66d
f38fbc1
f8534ec
0692cbc
fd3b032
e893722
fa50ad5
081e44e
0de2466
0e70ae5
fd5e3c9
024d5e6
f7bea0e
0b831d0
0a13156
0250b7b
fc2eee4
18888a3
fe17ad6
e3d8c20
f504dc7
f80a391
fe7fac8
f8876bb
f9bc0c5
ed85f14
fdcbfe5
010faaa
09d671d
f83204f
fc7da85
0c09df4
f0c1676
fb0b01b
ffeb4f9
06c9459
0a2b1db
faf56c0
f846e75
01fdea2
fe57f32
00d8731
f990774
f658070
0569903
fb94c5f
143a5fc
071d719
11852b3
f85b87b
025983a
f38ec58
f9f9ff6
ff22750
f8c2f6e
fa3f35a
012d187
ec5e195
f191b77
f1dfe9d
16b223b
f298e59
08c91bf
fb3b866
fb453a5
f9b6d2b
f9e2526
f921bdf
0129c8e
fec4d55
f4feefa
060fb76
fc39541
0b9ac5b
00da931
03bc7bc
f4c9956
f1d91c5
05b29bb
ffa7450
0b148f3
f138995
f67905b
f8c9d48
0056855
fa3a169
fa8a852
05517bf
0b62e5a
edf09a9
0c9355d
0d523a6
f73ac75
07ea7e8
e9600ea
ef983fa
0861a9b
053da52
fde3a21
02f9725
f885592
16758fc
ffa26fe
002d1ac
00c2721
ff5ee79
ed5ee2c
faa86a4
f66d419
f330aa1
16651a4
0bf9537
f67e034
f735e6e
079fe10
f7b2176
f8893d5
f8286b8
fd5a264
08cf1fa
f9d2ad8
f09f1de
007dccf
fcd7ea3
f566d37
f963053
07de837
e8fb913
fe5a95f
0ccc229
f2027c2
f6ccfb4
0ad72a4
ee90ec8
fa5a1de
f35c629
13e99a7
f397d0d
f0abc5d
e898d13
f5c728c
0c06f58
f972dcf
15c3fbf
fdb914f
f613587
fa27d49
0d5a6ad
072c6d3
f898f8c
fe2f044
05a35e0
0a93e6f
0ef277f
f41416c
037590a
ff46aad
0d7e916
015eae2
0ae558d
ff0cefa
f298727
f5ab9be
00f7ae8
06d674b
14c7f1c
f65ed91
f911f28
065f9c8
03f5d12
1e6a88a
eb0832e
07935d5
f811481
08d5f11
fca9eca
f6e399a
fa319bb
09d0930
06a30bb
041ae69
0d237ad
062a6d2
0612d70
e8ab136
0467520
049adc7
03dc498
04713aa
fb5b4f5
0b43a78
febcac0
ffcc3af
02410dd
014d654
01f73fe
078d8f5
f3460be
06af85d
e95cee4
0612abf
fdc0b09
ffe6a6c
f899025
f325020
f17e675
148a399
fa0dd22
f81c317
0369065
027dd3e
f91f9f0
fb3a721
fbb9118
0183759
fec1799
14a3d87
f4e57ae
f7e10ec
f776bc8
f87814a
f7d9d7a
01653bf
088e5f4
f55ceb5
0f2ba30
0795341
009009a
0cf38b3
0814fb8
005707d
f8f3cf0
0652b74
ee87bbc
0392e03
04a09f6
ffd9ef7
07796c1
091d0e7
fad512f
f3e7349
f8db561
ef85146
07c3e14
fbb7f9c
01ec5e0
0c8a514
f188921
0d3f287
0ededcd
eaa15ff
0235a03
f0f5561
0d2a0a3
0d62b82
f5bac0f
01ac045
fe6a6d9
fa96159
fff4210
f29ecd8
0866b41
edcf899
fc122cc
07b010e
0722ad1
07cfce1
0604616
11d672b
ea43af8
0e52a7f
feafd9e
f9ef6cb
f915e5d
f8cde6a
01c067f
ff8c67e
07370de
1514eea
1510a9b
f4fe682
0884c46
01c341d
124405c
f7b7be1
f50a2e4
079cab8
fa4c3ef
08cd373
f536801
f022a9d
fb84f33
05061f3
0895f25
fc497b6
0738360
0f8f472
10c8dcb
e614061
f5934d6
01935f9
02700f9
023635e
f827875
fa2a2c1
f38c7b7
092014a
0096b29
0792ac1
fa89f5c
fe920aa
faf125f
f4613de
f838a81
f7a4a8f
f794659
e4670df
f7c2bf2
f63f16f
06f483b
f87078d
066e551
07460aa
0d47fa9
0e11061
02482fd
fd4c820
08d9698
0637024
fa98ead
029527f
041a1c8
fa88201
087b5f3
07567f3
fe85dac
06e409e
09afe52
0b48442
08589dc
fe20ce2
05c43ee
f32e71a
0275a99
f0fe5c2
06d81ab
05f160a
0475245
08a85f2
ff0f3a0
f369dc1
036e77b
f3ff758
0604920
fee5edf
feb7e87
023d9e0
048b265
fadd0fb
06b7525
116a015
f095c2b
058f364
0b6e2ed
0bc67c0
0363370
f00373a
f41a7c2
ff12c19
f63e5c5
ef50503
0f75bba
f8a6299
ea9299c
f7a608d
00c8611
07f2410
eb5f453
07f9250
04322a8
0a24ed9
fa73ead
01b317f
f19e2e7
fc9e4af
09cf153
0014b65
fc1f623
faaf57b
f569baf
02dd477
feea6dd
f0f90cc
1824189
f909b2a
07232f9
1cbf4e6
f84b091
052425e
fa0dca4
fc839d6
027abc5
12a7c7c
fc58eb7
08b55bf
fa0bff8
04852cb
004d431
009884c
f1a8bbb
f2c446e
040b46b
0263036
07d45dc
e4a549d
01c83ae
130e421
03c5895
f89bcc5
1412a8b
f6d574a
f6e94bd
f62e29e
f84e066
f5c0904
00eca4d
085d1b0
0b732b3
fe49caa
0b4549e
0340e97
09b68ce
fd8aac5
f6f57f2
0eaea86
0762b1a
f74b0ed
114b82f
ec4810d
055ed03
0834b78
0b95266
f5d6e7e
eaff6cb
f830583
fad3261
ed80cb0
f0708d4
10404d5
ef1fecf
fadb17e
0e1a71f
fe0b864
00fa950
14f8cca
f6ebae3
10501c7
fb8cc34
f6c548e
fbff0be
f8d960b
0b8ef41
f90fd73
0e182c6
06aa997
004c18a
031e2a4
f549adc
00ddf03
ffa9169
0ba667b
06b3bdc
11a9831
ffacd98
0f66156
f5d9564
f380933
0402b0c
ee5ca4f
197634c
0184f45
fbedf13
fc05342
09576bc
f5c51a5
06a7d3b
067e31b
0043eae
04716e5
f01a55e
0810300
059a257
099df68
036e36f
f8fcbe7
fdd5425
097ab31
0ae5b5f
fd98e28
125c6f5
0dfbbed
feffd5e
047e574
117fde9
f3c5903
fd749d8
06d27fd
04a1dbd
ff3ac8e
08e5fa9
1ad7389
041d94e
fc7367d
f534a8e
010563c
1013eb8
014fa9d
029ea3f
0381146
fdfbcde
05498bf
01da269
05d40f3
f196799
1267911
0745cb2
faedb04
00c849a
067ad83
ff2fad7
f9675f9
fabc160
0270b41
12e2df9
ffbce61
0d8ed8e
fa6858c
16bdc3b
fbe88ed
f73d1b7
0843561
14656d0
f4ec67d
002398a
02b4fb2
149dc41
f003fd1
f894899
0000529
fbb1167
080ac4b
fbb531b
09a9299
044ebd5
0a4cc82
f81222f
06f3150
fedd923
01a81f2
0f92866
03fae8e
0281762
f90f792
fde3ab1
05d5d2d
0794e0c
f74141a
0ad5c44
05968c5
1581427
fae9144
f8adbfb
ffdb2f8
0589160
f18b99d
1140532
0fe1a39
08ea779
039ad6a
03762ec
096893f
fce5ce5
04d3d67
febf056
fcbfb10
000c910
f00d2d1
035ad43
046d6d7
0b39d7c
0f05c34
fb957b8
f83ce3e
0934bbc
f91dec0
0b82c7e
faceb70
0e48b33
ffd0e0a
0125289
f95a991
ff9a3f1
09ecfd6
eac8c03
1056c08
fe8f1d6
0b7f000
fd956ee
fc51bd1
f6a3660
04cdda0
054d1cb
00fbf10
fd32058
f420a03
0e8a899
f7a04e3
ee30fb6
ff0f473
f98b8a4
f17a973
ff8012a
0b5260c
0040207
fd77b06
04aeafe
fec19ca
f82cd9a
f193221
f764b78
ed24d1d
fd03e91
febb6dc
0f6837d
10456da
08505cc
fd9f538
0d4728c
fa60c92
f86612d
046b5d6
045742f
019c57d
f71501b
049f3ba
f9af7cb
00c2ebd
eb8e2c6
1065e89
f2095b1
f1ee2ff
f5c3b6e
f95bfcd
f7d5b9d
ed23801
01585dc
fe532f6
02cbf3d
fccf239
f219837
f2e6ff7
fb916f0
04581c0
132a221
eb025a3
fab6961
f8dc5c9
f525962
fb841b9
0f4d17a
ff7770f
f74eaa9
f7aeb96
043ad56
096c008
fb15754
fea3c15
ff53192
09d542b
eff1431
0031c1b
ee6b7e4
07203b2
feb26c6
00475fb
fbbed16
02f4077
f62d755
fb84c09
fad8ea1
fcaef36
05aa871
fb8d9e7
031f0bb
f79576b
f1697d7
0b936a5
f59de0b
f1dffc8
0c32263
f8bf1f2
e09e7ef
fe6c421
f58ccf3
03c7b77
fcc554b
f5a3c94
fe50f5d
f9c47e3
f282af6
1a2df4d
0d26b6e
fd8272e
ff9290c
eb9d1bb
f362217
01e78a6
fa4b4ad
f4304cc
03b7cda
03a7ab6
0e5b39e
08587b0
06981bd
051d605
0abec75
00cb07f
ea1ea54
0784302
fe1429e
f6d6038
f928354
0704c7d
0a70589
eebc129
fc3712f
01c0d25
07eb416
09f1b33
f57f0ec
fb914ea
f1b3ae0
fef732e
0ba8544
fca1f56
02d786b
0a67b61
0c2e1c6
0af05d5
f09f4ac
0a50f27
f97352c
05f5c6f
fc0a684
00f1ede
ff5759e
f536945
0a7eeba
f71c8c8
f49508e
fdb5219
fd41351
051f2b3
f442d22
fe7aef9
0a50238
04fc473
fd6fc22
fafc1b0
f83a5ba
0301025
f07784a
0dc96be
fc17e9d
ff87de2
ebdd3e3
f5ac27a
fcba8f2
07afd22
1a80ff0
080ca18
101fcda
043321d
fe831ca
02d2c3a
0048c62
05e68b8
f4f3a54
0e97c64
f75075e
00dcd4d
fb6f779
01ea458
f1bf019
049485b
fbc1fb9
f777193
00b666f
fe449a8
0830cbd
059f1d8
1404d09
0a2d15d
0cb2cf3
0474590
fa1ee39
fb67c52
10de773
fe7358c
f9882e1
0a0d4a8
09e4bc8
08ba910
f56c8d7
f2dde2e
fd9a110
f4b254e
fa7f685
f9ea236
fd5045f
031349b
060d605
014a227
fd1b45e
0552d51
f61e7ed
0c55c97
ecd26f4
046dda7
04c63ce
050a407
01ff334
0161dbc
0a41552
11f49aa
0235436
087d82c
f775c37
fbff389
04c1645
0eb9503
0b96295
fb6dd9c
fe089b7
fe290ad
fdcd324
fc84e23
ff7aff7
08dd9b1
f6ba159
f519039
0247a5e
0903918
07752a3
13d9d0c
fb1c591
06fcd83
0b7d5d4
ffb3dec
fcc0b4d
eab4da1
0c5363f
eceba14
fc25a4d
faf814f
faae187
f097841
028f391
00eef5b
fc41d58
fe6891c
009d215
142c782
065f9ea
070625c
fa5f6fd
fe30747
f88dbb1
fd75523
fd3bf65
fc3f4be
0343063
fbf4bfb
fba8eac
13957e3
1306963
fbfc6fc
04d7822
fd75143
044248f
f190262
01b99d9
0460806
fb0fb8c
00af527
fb03d40
f6eb880
03a403e
f606418
eb7e2e7
0a76763
0992e3a
0242f5f
ef1b045
f7db34f
f4dcb57
ef59b21
02451fd
ffc92f2
004dd23
0526639
fd45dbe
f447520
eb40b57
041a032
000cc87
fd72b3b
ffdbc91
07173a2
f80fac2
f4b9ead
fd9eebd
f5c82ba
0d8491e
f5c0e97
f91be2f
065a377
eb3ae99
f6ce1a9
f4250cd
fb817d1
09148a9
eedc28f
fe78e75
fa93425
09d2082
09aed7c
0753f41
08f9ded
0103c56
f04f391
ee45d49
f001fa1
f124e33
ffd4564
010fb08
f98d3ad
0737656
fbb0ffb
07a9fbf
fd158f6
0f8656d
fce6e8e
07eb9cc
0f6e3b9
01ba2ee
f7446f5
00b567d
f28fa07
fc5990c
00186a8
123422c
00cfdd2
0bea425
045bff9
f4b35aa
fbc52a3
ee3fdbd
18129f1
f82d360
f9755c4
0c53d18
02bd0f5
ff57bfa
01f351f
07fcfa4
f731f6d
0a01f36
020a24f
10626f5
08a3e86
fdfada1
ef3d8af
fdb9325
e8b7a7a
f76856e
07c9b36
03865c6
0d08c83
032fe69
f670143
f50cec4
fc23daf
0645977
15ddb2f
f5eced6
09c97c3
04169c3
0aa212e
07e858b
031c21d
f43bf80
06e65f8
06c2d97
e9eb843
040ead6
0691f30
ff90d33
f9227c5
f83d8dd
0c70ff8
f744f1a
fd32422
0118ad1
f1451ee
ef84255
05c3a3c
fb03a3c
1882517
f8cb92c
f6c1344
1131724
0a18305
0873e8f
fcbaf09
05d518c
ed54b92
01bfd1f
029d047
0458de8
ff97b85
08a477a
f4ed60b
0cddf95
ffeedb5
06ae3ec
0683ad6
eb8a45b
059d086
02cd179
f9d990a
fbf25f7
10e004f
0aba577
0d2df0c
02913ee
084c632
f879a7a
f7a6d93
08532ee
017bdcb
f2dda43
04a156a
ec05823
09e4062
01b189f
0d3d122
fa58e65
069d442
0172815
ee1ad68
196fbdb
fa3c34d
0a7a863
114532f
0193516
f5b0dec
066339e
079ec68
f3659ba
f567e85
fe7710e
f60ac22
f483689
0595a3a
04706b1
eea9c27
03de0c8
f2f7372
0d74cf3
f7f6ded
07698fa
e22190e
028e8d2
fddaaa7
0065608
f7ed23c
0a52856
02ba100
feaa35e
082f2a1
f2111b9
fb9d6cd
0923847
05a9c3b
fbd8af3
01f234d
f6b3cdb
07edf4b
0cd7245
0118d62
03e034d
0b1d53b
0f30176
12243af
f899454
fcc060a
f44bb91
08cc104
fcc8c68
0a666c4
03738c8
fb1a7b5
ec0c4c7
f3b84de
edfa4f8
02f9b63
f256dd5
f469355
ffad763
0097943
02c80f9
0976d8e
f9065a4
05424b4
06e6089
1648240
0c0fd2a
fa47d03
fc609fa
084e7c7
0dca225
f275799
f8af494
0a5975a
08d9116
03e7d90
f84b46d
08d74fd
f560fa8
f9a9e98
02d8f66
fede72e
04deb06
115558a
04cd06e
1271a2e
fef0222
0328f30
08c49f3
12a2328
0f61b42
03fe4cf
098019d
058f135
f0ab089
02e5e12
f62dc7c
f70bcf2
094ceab
fb768a1
f86b44d
031045b
e657524
f0bded6
f0a3c8b
03353da
036f046
fd70d06
fb67404
0576edd
f908a8f
ee420c7
019d87e
02eb326
0d4739c
0123491
ef9ccb0
10076e0
0601497
023f684
17686f7
f71e8b6
fba8e5f
040db16
00339fb
07ad4a5
0149f00
0535061
01a27af
04a3ad6
f9b90ec
00ed39b
15697a7
0f6224f
fee074c
030f10d
0e383a9
fff4e17
f73c17a
07cfc88
f4fda67
fd7999e
011a17a
032145e
ff3f0c6
0703ab8
ffe38c2
fe2057a
12ba77b
fd531d9
ff76370
ff12e6b
f037e74
082b758
12909d3
1020462
fefe179
f6017cf
029f1d0
06b5c49
efccc7c
0356ac1
0190cfe
fdd0055
f55214d
f89d3f2
fd10ecb
ed1f29f
fbceece
f0d5409
0baf95d
fa89a9a
f6ce0c4
062dda4
fe70ec4
02d1d7f
f51b17b
04e6ecc
fc7c6f5
fe5eded
f30ab1e
fd92e5c
026da87
03d057d
02df067
0536a1f
fbd8f45
0e08739
fc01865
0c10c38
0583c65
07cd46f
f2820b2
0bd34d7
048f1a2
0dfd94d
05abb27
03a7a78
e94b667
04e0007
0592aba
03c932c
f7c1984
11a5823
f568991
fc7a7c0
02152c1
fddada8
089cab6
0666258
0407eb3
0b6f5dd
09fd20c
073eb1a
0843583
0dd63c4
0ecd9a7
fc86fa2
f9abcb9
fca1232
0e807ee
fecc18d
fae51f8
f0fcbfb
063a8ac
0545852
11c6207
00e1739
fb89491
fe7e971
09d0c88
0cb8adb
01a51a0
fad6e8f
e64a1ae
0234209
ee610c1
fb34aef
086abc3
03a38f8
017600a
fa34a8f
090a6ec
07b8b1d
f96718c
0646ec6
0bf24d7
0a19f0d
fc59504
01c6c14
ff9effd
eaae335
fadcf4a
0598860
fc29aee
0573d8a
f885fd3
0f24743
fa145cd
008f0b5
fc26d55
f26476a
f770907
ed90c8e
f57418f
fa14b1b
f591d4a
f70bf95
f1c3c8a
f77d0f8
046b45e
fe265d9
f846009
0cef3f0
ef7b3a2
0d9be2d
0246e19
091594f
fb3af45
f76dc98
0ededc8
f1f2d97
019b6c5
fd75777
feee34b
02a9e78
fb3bed7
0cf0341
f4b148a
0a3b381
1536264
f0eafdb
0e7d731
07c9a82
042f761
0a31e3c
05cbaf4
ed01116
0465759
04b04bf
18ffff5
03afb9e
fb88c9c
0cb8824
08b0197
e818d4b
fbad2bd
0b421ce
f321c88
073f662
0a9e9d0
f72a62c
f6b4849
fe7cc05
03d31ca
01b3e01
048a261
0dab23c
fe4ba87
1629d96
14eae51
08ce11f
05c7407
fb7c2ca
02f2751
f9257e4
faf8812
f0283a4
083a5af
11d0656
ff72c28
fb55e87
f77ce59
f4d8d92
041db44
088c71f
0b3697f
f40badb
fe52144
01d6b40
0c6a682
09231e6
0499bc2
0329837
e3bad10
fb0868a
0850152
fdf2d2b
f2474ec
f4414ca
f1f2b31
f738298
f8b49ea
1835fcc
05a645c
0adcf8a
004e9fe
f9c55e5
fe347ed
07d4b36
0f0a3bf
09dac45
f8da524
fd6c651
0f4e2b8
0b093f6
0cfcfae
1264df3
fc42aee
02b3fec
fb2dc24
f9268eb
ffcee03
f9b1528
07a78e9
02eb9fc
fa30241
f25360c
f936815
faf2724
ff0ba02
fd8e769
f9d72eb
fd86394
fe86395
ebef8d6
0afc3f6
fa53787
20ed242
f916f0a
fb47182
0ec33e6
f7149e7
fe67901
f0b4932
f99b36e
e01d995
0bee02f
068d42d
00459c1
0aaae06
f60fbb1
0bb85ee
f60c145
f202132
071223a
00bd9c9
112965f
fb890dd
09ff24a
145f592
fecce02
fa0b4c0
0da85b5
ff1c906
00707c6
fba329c
200efd6
fadfc9b
f5022f2
f9e66dd
f602eb0
016031a
019b941
0b36bde
f5a1b14
05ddd23
fb8823a
f726c5d
07472b9
0675409
03fe4c6
fd6f997
ea452d2
12d9762
087dcc9
f993a62
0f5b95b
0539625
f893600
eb72d92
f8a3f5a
f93db11
01d65c9
0175239
0183a57
ffa23fe
1101600
05f7f2e
ec4a5ff
f63a720
035a344
fb2b362
f3c84c6
0ff22c7
ff91cbc
f86e19d
078528c
fc8aa88
fae6284
070c924
0219ba0
15ae2e9
150d923
0507ac8
01658a3
f9cbefd
feca496
fc33f29
f7dffb8
0b63a02
0a46e55
f178127
15e3129
ff8d868
fed33c6
f83ce1b
031cd97
042e95c
04e46b2
fd4251c
0eb48a9
f04a20e
0449a3d
ff0ccf9
04c0afd
f118eac
fcc4f94
fe9ebe1
02eba02
ed2a945
0c4e54c
fb37443
0db69dd
08f9019
06ae8f6
f9a905a
fa17dfb
00575df
fd2a079
190510d
04a778e
07e16e7
fa53666
06d8dd9
0968f49
f74ef29
03fe427
0073326
f04e228
02046b5
f2e8f5d
fd3c9a6
f843562
f192805
f4be538
0040b94
083baf1
fbc3fee
0e72d6e
fd34474
fea6177
0389165
fffd978
fa8585e
f1207e7
0da3791
07393f2
01a7bf2
161816b
0760d7d
04ce8cf
d79de76
164bdb5
0aea31c
ee9b251
120efc3
0631303
14651f2
0240e28
f82fb5a
0401d9e
fd2def0
057d676
00b12f1
1828251
08a2efc
01a26ca
eecca22
08038cb
127563f
080dbbf
028dc4e
f1b18ab
02e8e66
fb3b1e7
f284d1e
ec891d7
0002acf
08b9eb8
f82ea20
13f031e
0130024
05bf11b
05a909e
fb8a4c9
fc05197
1a3a185
147db35
07d7a86
fd39d33
0203af2
0c93a58
0a1de4e
ff2a7a2
04e6023
ef09431
fb92b80
0618ec8
f24de90
fe84898
07286fd
f6ee383
fea3854
07cfa90
edf67d4
fad0149
03d8d39
04c68ff
110ee89
f456aa6
078513e
f92132a
0341752
fb6fdee
ff118f6
0bfbebe
fc5210b
e94daad
f670ce4
1abbfa3
052b2ea
0ccec62
0024e5b
0ae86cb
08e34fb
fc069fd
fb5f0b4
f3954c0
05d8934
093bec2
0542c9f
f183894
09b2de6
f83c7d5
fcf8337
fb30ec9
eee32ae
ffb2ffd
00b0979
0482cde
ed3193f
0564724
06ac33e
ff738b5
f6e9106
079a33c
fba6cc1
f71d70f
f408b8d
111d5d9
fa6d663
089bc3b
01326c0
fe16505
f1ec9ec
fcbb786
07b24fc
0c97121
004cd64
fa8f2db
f7cb22a
f2d9b53
0989f8a
f64ee72
0c112ad
0147f87
f7c37e3
0322753
09d251a
fd75000
068c0cf
11cfd53
fc891fd
efd187f
ef365dc
1bcc366
0d30a4b
10a4541
079148d
06b515f
ff1db2d
fb128f6
f812b27
02ddeee
fe425e6
f774c3b
0d9489a
fc74efb
f3c4df5
0ef2446
f154065
f56efd6
0589a0c
0f96774
f326f1e
0e809c4
ff43303
fdd79b2
03781e5
f3aa663
ff9fd30
f35991b
f15d7ee
050bd3b
fa7e7fb
0069c79
03ec760
ff4d8d3
e95ea1e
046acee
020e667
fc3583e
02d8a95
0f37dff
0824e5a
0ecd093
09ba8b1
f7b96cd
f98a5d3
ff3598a
fbcf6c5
03184a7
08da7f7
08ae660
022b3c3
fe5e9cc
ff31eaa
0cbbd52
fc81bc1
02aa67a
024a28f
08f68a4
fe8543c
0ac5898
086f24f
f17f4e4
f616e7c
f10467d
f488f6e
03a97b7
0b2a22f
02b75b7
1401b97
01c935a
fb62010
f995b86
f915849
f9b3e3c
0f6652a
f0261dc
f61afae
eea9bab
f7613b7
0ac2c1a
006705a
0906d98
ec89010
f600805
041bc03
f80c1b1
ffede5a
077bbab
fe80eac
02a3c97
0363f05
07e9780
0a9cf32
0427171
fbec72f
0502991
f815773
0c15513
fbf4602
efb0f8b
063dc2c
06e0480
de59130
f42ffc0
faf061c
1172dda
fc4b236
fc24d2d
ff6af0f
f7b8fb8
06af8da
fe7fdf3
f931169
003e0f5
0268f03
f26d03c
04eb5b5
033692b
fdfc23e
e672b49
03b17e8
f9a9bb0
eceb693
13ebdfb
04590a5
f93c973
e9eb2e2
01d8554
054fb44
03869fb
f73108f
084ed81
edc85ab
fd9f742
fcd0592
e2f713a
f5ed6b1
f504b08
f8b200a
07f0213
048c964
f5285a4
0763aed
077ecf9
f925a22
0170d82
ff5abab
00aaacc
ffb07d0
f6c658c
035257a
fc3dc8a
fd56f2f
fb5d924
0b6d3a7
f3f3d83
088fb84
056c3ff
edb5ef4
0a67328
16eebcb
0969f93
fa3a2cd
f296d2c
f4f4f03
f785a71
0e7675e
0bbca7e
0dd821e
f826de4
fd9620b
029ec6a
04323a0
060bebd
0384b28
0b08c26
fe45cca
ff56c40
ffb6b21
ff98270
fb99039
07dbdc4
f26ed0a
119ffde
19f7587
f2e4d84
01d2779
f9358d4
fc4714e
00fc108
096e7ef
f9a00aa
04a76dc
ef24bfb
efa7e3d
0dbf300
0405372
ffc9f2d
f5090fd
fd74ccc
ff738bf
f5cc459
f8b70e2
084600d
f9aaad7
03d4348
111c87d
0a06423
f8b2309
0cdf728
f0167e1
0b44a10
04def5f
04bf6e8
fb95554
ff92308
f725c34
0815460
fed1e3b
ee78d72
04fa75b
0182315
f8f8642
fef24ae
fdd0da3
0dc5f9f
f65c66e
02250e2
f1151fe
00e4945
0be3965
e295e65
072d8a8
05d6f77
f4c4160
f3ee108
fb4732b
f473cab
e7aa688
f2fc22f
0c0eeae
edade26
07040d8
0966d9e
0bc466c
0150157
072b60a
f609c29
fc7c9bb
ed1b91f
f9aa8bd
f5c83aa
f8e03b6
0bcd573
03a1432
fc142fb
fcff1db
13e3fef
058c0cd
0f873e0
1e94741
095951c
f86fe3d
f5d11cb
0614c6a
f57942a
06be0f4
f4717c1
f041011
07beec6
02377d7
fc99c50
edc06b8
0269aa4
02fd6e8
016f9dd
0b37428
0ffcefe
f7f45bf
fd349cc
f78d0ec
f7d927a
f723623
040f8f6
0509121
fbb7c9e
05b6144
006d06f
f200cf6
fde43e3
f77bb88
f653876
044f7b4
07c8795
00b2a08
1dc0120
078a4ec
0656593
03e904b
fa7d818
07523b5
08d70ad
f7cf9e1
04f7a87
04a6932
faaefa5
1cc7f97
fb94617
03df506
fe1b990
0e499aa
0652dba
067330a
0eb42b0
0754191
ec3fce1
0d94b9a
04faffa
1339a79
0ffd59d
072c334
ff5d956
09f1b19
0105dfd
f06ee58
ef23c14
0e95352
11d0466
06b062d
f578c08
f2dc37a
f7056d6
04b5e48
fe40d87
fe9963c
05f175d
fa7fe95
072de9d
f748ce7
fc52b4c
008c15a
095a773
ed3facf
f8d5689
f6ca0af
fa84402
fe30865
0834659
f5792b6
ff11cb2
08c21cc
e8c1ff1
fc2db2e
0251c80
06a933a
f364807
0daa3c2
faaaad7
f436579
f014f23
021a4ed
186f1be
0d0ce30
fff7bf7
fc68145
12a671b
fbf7b7f
f5cc0cb
000f145
fa7f5a8
00b97b1
041d001
07195e6
0227edf
02fb006
06764cc
f67c3ff
036db16
fb958a7
fa431c9
01279f0
187c85a
0613af2
fc84961
0b4ab74
fed1154
eeb9549
042c10d
f7d89af
f8a0ab4
f700584
0b8e112
f75ae4b
fb570a1
0b8f118
feb8b82
01df542
f641e65
fa98c4f
f15b55e
fdeac94
0ab8d24
1a9be07
f3476e4
f7822e4
fb4dc46
f43a55a
fe42a5b
0660f4b
0566e80
01e717f
071fb3b
ffdef1d
0186003
ebafb64
0043549
f90c563
04d3cf7
0750932
106e3c0
04b74e6
f6f82df
fdb4d8d
fa8959a
f6b37d6
0fb0ac9
fda7831
0089732
0914745
fc92bb6
fea6af5
03a52ff
f568f70
03eb6d1
fc515b6
fefd60e
f59f885
0c26c4a
0924d91
f3e8e26
fcf03a2
0063aaf
ff0d4bc
0696186
fd0616b
f8f1da4
f7f07fb
007b8aa
0695ec1
0ad25a1
00f2f89
04c2a11
fa6a558
fd397a7
01e0e4a
f6bc80f
0449f75
f74e02c
fcc46df
0a64dc8
ff95407
f030480
04760aa
fa3b2ae
0193e2d
fd1f1f0
f783977
0208428
f5162fa
fd04c16
e77e332
02c3908
f94162c
0074c12
fe4a4e4
019ec15
0a42e1d
037e8c0
f7ba0a5
0f4ab0b
01bf557
f88a631
fed178c
0d06c06
0a91ad4
fe688f1
00c2fc0
1133ba4
1261b5c
f6600ea
0618bb7
f6fa11c
0468829
0e6bc36
fe92beb
fb921d7
08969fa
f87fbe7
0535287
086f4c9
0d2759d
0fdec90
f7d720a
fde351f
091fce9
fd269f6
fabf05c
057860e
f85594a
0a9dc18
0949b93
ffac244
089ccde
042d9e0
0fd52a3
04239f4
f843225
f49b4dd
f995373
ed9c5ba
f794eac
f8692da
fc2360e
fadfded
ffe3463
0cdf036
f72f08a
07131e3
f3e1c27
08ee7e6
0ed06a2
f1c1a53
00c7d3b
0798746
f96ae9b
ef7beff
0e94e00
1c79092
026ab74
094050b
0c51671
05b6726
fb8c7bf
f04fa59
0369375
003d6c3
1638c0d
ff029cb
0cf4178
057cb8d
0147364
046cdfe
fa975ed
05529ed
01aa9af
f1724bd
0d63902
fdd6edd
009cee3
0013d1c
023a09d
10887be
05842dc
0251a40
f05bf53
fff0291
fe6922f
084d636
09366e0
02da176
fed893b
05d5fee
fb9a168
fa493b5
0710245
f81fceb
f81221b
fe483ab
fdb574d
0de8ce6
f79bc8c
f7daeb3
e68a209
0436534
016a868
f50ad97
f72d7ac
023076e
0ae24a6
fb968f7
f580728
f595dcb
f7f8655
104a0a7
05414ac
ee6fb9e
076fdd9
0206250
0e588a9
f186d44
fe67be6
f2ddf61
0b7cf8b
0c92952
eda61b0
f9343b6
11c5301
f95dab2
fe976e0
fde139a
fc34de9
f50a6b1
0f0d80d
0e20c58
0c7eddf
fb74943
054fa02
fa3c2b7
f0c9e6e
fa675f1
f7c90ae
fa37334
1589400
0194473
f077a36
f086d78
fc42a5d
f8d09a8
fd08f37
fbccedc
f6d9588
0c92f04
06b2933
fdfbe2c
0556202
0262c9e
fa9347d
fd5356b
eabbd53
0d333ce
0332d25
f2a40af
019d803
02f6b3a
fc3a74e
f9fb2ff
14621e9
015abcd
f68f008
f54259c
fe1e38c
fceb219
fe41f26
fe36733
f8bb913
fc2900b
fb851be
0c75dc9
0617290
f602d00
fcbf5aa
0ebc985
0d88482
f9036c9
0373c17
03860a8
e6dce1f
f97160c
f95690e
f975b66
fc0825f
fac4048
fc736d4
ec27949
0c845e3
0fd4529
0620363
02c4818
01d3202
f753c71
f8e8b51
f323af1
0486bc1
f8272ed
f48afac
054b53d
fd27fae
f4f7fe3
f74a4a8
f382fde
102da6e
f4c5e3a
f72dd50
03d5b54
f809671
fff6d26
f815a0e
04fc00c
0798460
f78180a
142ad27
1140437
129b5d0
fc5cc9b
0787982
f2906cb
0e67eeb
0b1e827
ee72975
fc3ad4e
1ae42d0
ffc07a6
fe502bd
231c167
00d4925
07709da
0edad1e
0150857
f2da6ed
028bef0
0b15220
0d712c7
09463b5
003926a
fb6b8ae
0e23252
f4f999e
0326b7c
02e8433
fda784f
ff930a1
f4bd40f
00f848b
f75d1c3
f602523
0125bfe
fd0a9d0
0760383
f92a87d
efc1522
fbfc64e
0819e1f
0b8be0f
08a2fc4
fc45534
1190919
165b815
0091b2f
0e818c8
0c61c1b
f2d53fb
fb7e976
f7369e7
fc4388b
ff868e1
fd882bf
0502872
06a9ca9
0b40124
f1b8eb8
02106df
fff5a8b
0e4a7d4
ffc1b80
08b6cb3
f60a96b
f59be24
f86fb0f
f2cb362
f1bdd99
0679ee6
f2fd120
f9ab1d7
f849ca6
0e00b9c
fb094a4
fe22471
0b4a2db
025b05c
f3c71c9
0c79ff9
fc0d055
f8923a9
f31cf29
eef9895
f3d4a3e
0d3b8c9
fa1da0f
07975cf
f2634e2
f1dbfca
114b360
073d28e
0f2f3b4
f660a42
fdd4f7a
f0cb58a
f2d9bac
01b5af6
fbaa4da
007540e
004b8f5
057f6df
fef9313
faab6a1
0139af4
f91cdd6
fabd758
fcbd6b6
0af9b41
fdc731f
03f1626
098cb4d
fb3db2c
f8f1c55
0098b30
001b8c3
f05d5a3
f77af2d
19587c6
fa441cd
f70e8c4
123ca49
06c4b36
ffec490
00b4e35
fde544d
144122b
000875d
f813938
f96b656
09db6e9
032ad2f
05e41eb
f6cd11b
fd50623
0ddf501
f151f46
110b5bd
0386256
012479c
02b1646
0ae037f
edac525
051cecc
0dcaeba
fbbb1cb
f37baa4
ff8695f
03fdf46
05314db
03736ea
072a78d
092adba
f5fe012
f402366
15d09fd
fbb240e
f632b49
00cc469
f5c222c
f39fe2c
fe727a0
faad444
fc03d9d
ef9764b
0651a32
087ea2e
febcc5d
00ae683
08875f9
f59ef2f
08473d3
f3bdc1d
f19a905
f44df99
0e2591e
fd5934c
fac172e
fcc6376
ff966a3
10b5fd2
05f3bbf
fcfbd63
0049482
0c0c51a
fd4b4a4
eafad33
0295e8f
f6a4aad
f743eae
f9f9e9c
0aaa254
11ed0f0
0fb49be
fcb80f4
f6a0aa0
0b7960f
102e96d
fa35138
fe7c5a6
0dfcf76
0d07785
1249c5d
fa31afe
ebf5e60
1d4cd54
1531243
fcf82fb
0ff8214
098063c
f5bd685
0235299
fc3165a
077adf4
ea6b623
fcb1de9
fbbaab8
e2cc686
f7958f8
0f42055
01c4f16
04fa862
ee4c109
02c7a51
f2cea87
0a75eb1
10be10b
10f5691
ff6149b
f88647c
fd0060a
02cfbab
0297a9b
0a54f86
f0b4751
15ba09a
e2ed41e
fae6e66
01c4792
ffe16fe
045dd6b
fa20539
07c8ad9
0469115
fc05fe5
fc12352
f36245c
09dce28
0e3fdd4
f7f5885
00c9be9
0340ca0
0c5efc5
fc18f7b
f9e74dc
03eab3a
0a9812a
0bda555
06360ee
0ffc570
f73c7ee
ed06ffa
0e5723f
fcae36f
12275f1
13bb39b
fc16c7c
ff1f803
fbafd14
035adfc
f9f55ff
fbe4419
0c0dc98
f812097
05e8aaf
088f93d
0b4be80
fd2adc5
f6ae99d
0666e10
f6b0ca7
f7d75c5
f129298
fea6067
0b4164d
f29fef3
02b524b
f316534
0aafae7
f6ae253
05a53fd
fab3e62
ff5270b
f1238ff
0d43a52
ffa074c
00bc8f3
f194100
fe58ae1
076a7be
fa418f9
ffccf19
0535fdc
f5a9aca
f6db0af
0d6d824
fd8ce2a
043d8e8
f443551
f0fc462
0855923
f8b7146
f599500
fa60a80
fee64d9
fb544c9
01cd9e0
05ed202
07e5d65
05f6ad0
08c4660
02d7aa5
0809ed3
fac7a94
0956c5c
1b49211
0cb9a5a
02c643c
fd7ed27
f68a46e
03cbd28
f46c960
04158fb
f76a0b7
f3855ae
fca956f
f6ac742
0abaed7
fbb933b
fa531d4
144de46
fb8adf2
f90bc1d
f66d341
0411441
f4f902c
f36462a
ff1b03f
0868971
04fec4d
0dbc66c
f6c9623
01c0e00
fc65684
f8ca381
0721644
e7a1afa
fe82203
037d320
fd551b0
e688566
0880562
1592a01
f348943
0a462d0
00a8379
0d5798b
02955ab
0ba51c8
05bcc63
fca9492
03e147e
f33c475
fcbe706
0631655
003b2e0
0009ad2
fa20345
133952f
0fdc358
024c050
f4bc89b
ff8aee1
06b2f25
fba7070
f1ec439
08f8789
f98ad0f
02f5f07
0cfd5f8
fe75387
f8fa6c7
115cbd5
eed960f
0763a92
f9715fc
f0b32ff
0a94ea0
fbe87a5
f0f40dd
00fb0a4
fcdddd4
f53094e
0538c50
f291189
fc5a346
188fa5f
fa6450b
e94741f
f13061c
02b8b53
fef720c
fd916c2
04a773c
e2b6ac1
08bdce6
06a20a9
027f416
fb89b7e
ff4d0f1
f77017a
0dcae4b
fcf2e20
0a345dd
ff6089c
0513480
e5cc30c
f9c3963
fad0280
0586ab7
14fd3d8
04e1f60
0e27cfa
fc3807a
045b70a
0580bf2
15d1a09
00e9718
05b9b68
feede3d
0330ad5
f97adf4
fef0334
f0e1de8
f3c4a80
f89359a
f968d6c
ecfaa95
054e5b8
f945580
f50c274
094ee45
f1763c3
02813ea
05f5005
08515f0
0107fe6
087634c
fc9d4d0
f18658f
fa7da01
04c447d
107969c
088eba0
fab2779
025eb46
fb2e680
f3747ce
f51938b
000068d
09dd96a
e975708
093f567
05aae43
fad1234
0346978
ee53250
f7d053d
025269c
fee982e
06ad163
f2e8dc2
f937af0
0f624aa
f3caca1
ffbbdd2
07f0e22
1292fe7
0db84a3
ee1f808
086182a
f9b9786
fffedf5
f8bccae
f9118a2
0528c54
04d9505
fd54c9d
0acf4ed
0c92983
f656674
e93ffb6
0848921
f1e4dbe
e3bba6a
0afbd36
fd8da49
f7f3504
f55e76f
fc5ff40
0ad2f6f
0136de7
07d99b1
00d3c2c
02b53a7
00b9c3b
fc99baf
06f126e
0c28b14
fe6a808
116bc93
df25b63
0669cb4
f899b7a
03a0052
fddf0dd
f67eb08
f97da47
f208394
048339b
01b3e5d
05e6478
fc04e1e
0b6626e
f66d98c
f3f2014
efc07e2
fd2e9b8
0a2c51b
eec3a2b
fa215e7
f1120b7
f396886
f773634
091365e
0545cd8
12aceb9
00235db
03c3a6c
18fb256
0257737
ffa205f
ed7f87d
f287e85
135267e
fa087f8
f2bbd67
fab2fdb
f6b5411
fbd521b
ed5b85b
f92f778
008f285
0e73e19
0cb40b7
085b004
fb3b1ca
f6934f6
0207a13
fc117db
ee8396b
0065214
048553f
f66bee0
009a2e9
042afda
fc71aa7
e32e3d6
0103a62
f355ef1
f21aec5
fe15b72
00cae81
ffdbbbd
e93ad85
f823817
03d004e
eeff968
f600453
f7667be
095120f
0f91d28
fd73c37
fedf49f
fcb23bd
fb4c920
14593d6
e45f279
004ca92
f9a580e
044230b
06ab9ca
f371aca
fe34e0a
0f571ef
0a80b9a
f9b5aac
ec54e4e
0413e4f
fae257c
0d30ed2
fcf5d5c
0c44670
fde05b1
eaeabc6
f6b1451
f83dd87
06631c2
f5623ee
fc3fbd0
fde3614
f620e06
fa13396
104c56d
fc54b16
0c08e9b
04883b8
1343125
0f5402e
f07da62
fc69256
ffd5a2f
ecda4e6
eeafeb9
0a6e6db
0e8c9a4
018920f
0026ae8
ff7d1e7
006d199
1236e11
f5b7384
0dd16cd
026f28d
04d1504
f267c9e
0200d8d
ff7f23c
fd6b972
0af6832
fe8532a
051cc46
fbbb65b
003c5fd
fdf9b6e
ffd5972
088a561
02d98a3
100e93a
04c4392
0409388
0976a02
f7ae708
062aed8
08768b7
0dd91be
0cfc8bf
0a2a45f
04576ee
011fca8
ff32dba
05f7f6e
081071a
0132bb7
ff24bc1
0b33727
fcf7ad2
f183cce
0329dc3
ff7212b
0069454
0c4523b
eb4315e
fe2d1b3
f880ef1
fb0c061
fc91924
04b3458
0c41d96
0f76a0f
0b49c64
f792ff8
0e33b7c
ff37f06
f872709
fab0a05
0b5cf7d
0c79ded
094c4c6
05e93ec
f49090d
f37110d
01b05df
1709e7f
ef03bd7
0ee0c70
0d3a121
fe7cea3
02d8f11
097a47e
f46fb9a
fb65af6
180b8eb
0990025
09d1e3e
0775e33
fe9d914
066e928
fa2a6df
180d501
0d6dc30
fb0e003
fbc43fc
ffeeb4a
04e7536
01f1eb7
103bd17
10e6c9b
f589b42
0042de5
f541ee4
eb21692
f47e18d
fd8fe15
0a4ca70
f9b032a
083e2dd
0272c10
0d3225d
f7b47e9
14175bb
04ecdd2
fde4cf8
0d41e2f
0088cd4
00237d8
12ba7a2
ed28c1f
0dfc360
04cee39
f5e2c66
0197d0b
f46abd3
fc85db1
f6948bc
f3a8f83
fa9e245
f7885db
06827cf
f50013e
f5adacd
12729e9
fbd5264
0b146f0
f8d2b04
f4f2f2b
fef0af5
f8b5158
043b7c0
fbca97d
0d38e37
fb0bda8
f3f2acb
e969d7e
fad0a8a
0683d8b
e91326c
f439854
06a896c
08f96d5
0fa7969
ff932db
068a2ee
f503b1a
f9cff65
e64d140
0601758
fc6d636
fa1b785
f8d0afb
fd90d14
f8cf7f9
e825e0f
fb78199
05464a0
fc05f22
eadcd3d
ff7141a
0c6852b
fdd7724
ff97b0e
f15ac28
f18b5c0
0112e9b
fc07d07
f396d1c
0e4252b
062b614
00df4d5
f633ce3
05e88bb
ff505a0
0247ef3
f8737c5
fdad0d9
f65ddb7
12e1d23
0e4caf7
fdd4231
04dfd65
175b954
f9f5665
08d4b5d
faa74f5
11d459e
fe2a7fe
063fb51
f4802be
0a95a06
f863eae
fbba1bf
fcc89dc
ee93454
00d2f67
f7aa127
ffcc4c0
059b6e8
e568e9a
fe2057c
f3dc2f8
f95c0ca
fe22ef9
0d28d21
ff36877
eae64ad
03c9099
fa50879
fc1e62d
f9c84d3
e61a290
085ce90
ff490a6
081e5cb
0eb8029
edf8b97
fa9014a
f5bf547
f4a5a90
04adfd6
ffabc61
131419b
f5b4969
04b1d31
f952f9e
f959b02
0420a8a
f03aea7
03b71b2
0acc014
fdb4920
00fcc3e
fd46530
0138303
014238e
1018920
f219782
fb1faff
fde4e85
f7fdccc
018e8b4
035da5a
09ab7ea
f5f1580
f36cf78
00076e4
06fac8e
f5403d5
042bc86
fbd48d4
f7e5c0c
028f00a
f4d13a7
06e7baf
f27fe29
01831f8
f11b0a3
ed9ccf4
06b1330
083799f
06a7b84
f385cf2
0af23f2
fdbd561
f70d3e1
fa73da9
0bb2f2f
0e34ca7
02e6463
fe7090c
03c7a6d
050e867
edda722
002f556
ffa4b64
07cd941
023a6ae
03183e7
ff9f05f
183377a
ef31923
01cdb6e
fa9bdf1
ff4caba
ee17a54
068f8b3
fe81e1c
f51ccfb
03c5d0d
01b6323
101a182
f247f55
04e5475
021c1b4
06c2da7
068fc72
f34d5ca
13b06a0
fa89690
0f1f7a7
0966b8f
fb4797a
f0f3e2b
fc97550
05914ca
0ed2f61
24d126f
e9c4df5
085f67f
09b354f
f6e32b1
f9dc0fd
05ed5b1
145ab33
052056c
0def2da
f9afc62
f4d7988
068bb79
f412023
00ad6b2
feb4b46
0baf527
0ef963f
feace6c
0570a0d
0a25b8b
10c9644
eabbdb8
03bb055
0d4619a
0013e6b
045cb30
f0c29d2
0988b9a
f5cd900
0ae3b90
fed8e80
fdfd007
fa99ef7
ecda87f
ecbdb82
0f6003d
0dede3a
f97cb52
f6df56c
f980286
0b8f2e7
ff7b813
e8c671c
0fc6b38
0ea5247
0dea945
0ce4acf
0f86490
feff946
f7516aa
fb446f4
0949760
07a75f9
f6d82f0
02e05b6
0582674
f0aa616
fd0b669
fabc82c
f66821a
06a3a70
06f72c4
1171077
0210b23
0b87d6f
fe82515
0f3302c
fc90d46
127244d
f8a53f6
0173165
0d65d1e
fe83453
04a9111
0002e2a
0112de2
060aacd
fcdf8c6
0e1a060
f6ba665
0cd0aee
07bacfd
019f0d5
ff9355f
02e4c34
eeeeb37
f6a39a4
014f618
092a24a
f935019
0d01ebc
f5b6f74
ff81226
1318e33
f817160
fea5dd3
fd8bd5b
0be19fe
0f41280
0278179
04e1096
f7af52d
ffc0315
f1ae1a8
f427044
fbd1896
0c3015c
eefa31d
f4cae78
03d9215
008e499
ea0fb56
12badc2
fe12a7f
02da8ae
f63df09
074367d
f5320ba
efa88f2
125312c
07b875e
006fede
03adb7f
f24498c
089070d
ec5a4a5
0085d5c
059812e
006b2cc
037d382
095b4a5
fa9c4ea
fe05ffe
16d1ac3
f91715b
fd7f474
03a1de4
0332416
01b877e
e4e9597
f0fce42
01b110b
0617dcb
ffc6998
fde266e
007245b
1520248
1af955f
182458a
ff19421
ebb4130
e4d93d9
f629981
0657f92
fd34d32
0043d86
f97bf29
02bd3d7
fee4c5c
fa9c11a
fd09738
081a9c8
08abf83
fbdd5db
0e3e3af
fb3f04e
06a9453
fcdf2d1
f579d74
0489eaa
1373a0d
070813b
06eb943
ede0a3d
04d5786
11d2136
0372d4f
075b953
ecdf8a8
014c381
f42b974
02e7c70
05390db
f2f3f14
111f53e
0ae09ed
05dbaec
035b0ca
0108930
fcdd165
062f83d
080d36d
fea8307
042a95e
04ad35a
04af8fe
f7e109d
f988271
eda69b4
1092a52
03c9059
071a465
012b467
000a9f9
0ed3fae
0f6e91d
00e33f2
f8009a3
faa6859
046fa06
125ee2b
ef93a91
0df209c
fa765a7
06db44a
ed091c3
f7aa955
fd969b1
001bbaf
0129d70
0122540
f5b1b2e
0aabe67
fe8d043
ff2e5ff
0077fff
08e2c60
feaf70b
f984546
fd78b60
fd73954
02fc9bc
ed96e5c
ff02303
0625632
f92ce0f
ff9e5db
020e72f
fb33668
ed0ee46
f9600c3
efdd40b
09579ac
f5bc8a2
00a5d28
0352f91
0ea140d
f435d5b
fb2f181
f6e5f1f
05417ab
fa16367
f790fd3
140da2c
01820c8
fa98887
ff80879
02230ac
0f288dd
02f00e4
1696efb
0ebe5e1
027f3cf
fc43b94
0204a52
04aee06
fbdffa6
022c3e1
01a9392
f32699c
ea9f70f
079c11f
ffec128
025a636
0578a94
f6ec3fb
0660777
0d4ec21
f6bae26
0a3687b
0da62c3
0035dde
f73e41c
ff4d717
fe528a1
ed87284
fc75ac3
fcc075c
fb2cd1a
01085cf
ebd9c54
fe1f87a
fd136b2
fadb947
f05a19a
f0db241
11c8aa9
f28d128
07e7be8
00e2141
f902c26
f7af4f0
f41057e
f240daf
ffda444
13745f2
051b033
f97ae29
1042711
fd0031b
09962d7
fede53c
fd2179d
07b6661
eb87213
0be8e46
075f32e
0b609a9
0707409
03715e8
0b97b0b
0dbf844
fd3bc28
06c9cd6
ec7aaca
00ef382
1d0b49d
004a8ac
0037f79
f752d24
fac3c5d
fe376d1
01e90c9
fec7ad2
fbb2504
f22411a
0924cfb
00e7b04
0d33136
f940a42
edc9bb4
ff0ea15
fde2c89
014eb53
fe7d193
ee55c84
100c772
0df1653
f6ae185
f6dff94
fa5bec7
fc1db8f
fe2fb4c
f32e7ef
04cf2ee
f94f1e2
02ed1b5
05bdc55
f902ab8
0851393
fdc52b5
fb89622
fa5c4e1
fe63ed1
f85cde0
01d3695
0304b4d
fa8e361
f497141
fd4ff46
0715379
e706dbb
04520cc
f9c5059
13e92f7
0d54a3e
09e97a9
f84220c
fbd99db
09a542c
0eda56e
00661e2
0870276
f154673
09bb153
f76f34d
0514438
09d29f6
01c51c4
0ff5021
07043a9
fac9182
101d9b5
013c804
fd78204
03890a4
ff0a46a
fd93de2
00f16a4
14e1f4d
f847b5d
fdedef9
f6f861b
03df4a3
feda19a
0b1f929
f6b87a7
fc0ffde
fde19a6
fe08ddb
f8613b0
00ada22
fa5a613
ffc2812
064fc47
f401846
0943daf
01cb52e
fe0f546
0193b6f
f28c9da
239ca2c
05e6ae9
057ddc0
0936dda
02513f4
fc97a8e
ff68c70
f1864ec
0d2bb86
057feda
07681fa
0ba8a9b
07cfd83
06b8cc2
0e51e32
02fe259
0273654
f45f9b0
024cb77
09d9abf
0aa946c
0acf368
ec07914
fd83b22
fe796dc
05d756a
e6bf21c
0424e29
154c335
fad83cd
fca2f20
ff9eb80
ed5353c
09e3be6
0184d9d
0dca1ff
0692a4e
f6e81c1
fda3816
fc65beb
f4626f5
ffcc8b7
01c5050
0aeec0c
f133f3e
05cd33a
0994f7e
17fde35
f78cd87
fc30abe
feb6c64
05bcdb9
ef706e6
064291f
f145994
01ec289
04c7199
02b22ad
039ab28
feef116
0d5a058
f423fba
fedc196
f17fab9
fe64d31
f02e5e0
f97db67
03c2208
03fa3d8
0ad4a04
fac7c35
06fcd14
012f887
f5eeaef
0b4c7ca
03d0606
f0eec49
11ea5ab
01d8b35
0744aa1
f7d03f8
0ea5232
f25618c
fb5db30
f600161
1345e0b
f7528cf
15d7b70
0778097
f8e2d1e
02f8a57
166472a
fa94b1d
fea75b2
f6c1377
09c6b60
0f563fd
13bc2e9
099ee0d
0a308d6
0de88a0
01bed56
f3ee08c
f70d636
fb6c392
fd0f296
0110562
eef1313
00daec3
0a73bcb
e8b581b
04f343c
01b90d0
fdaff5a
f333f16
07d41af
f225410
fb670ce
fcbc2d9
fbce8ad
fe08aa4
00b1fab
093bcc0
ffac82b
f37f024
f214cb9
0815797
f49ff75
02e09ba
e6aabc3
ff9c7bd
ffde40d
01880c8
fb1851d
fa26e7d
099af2f
f381a57
f8508d5
f8a61d8
08135e6
fc00484
f6688ef
1a2f0f2
f893776
e6535e4
09a991d
ffb201a
fa89070
f5d8eaf
f71560d
03f8607
faf1bd3
08c097f
06d3a3b
f41eb9f
1203f15
0a15ba7
00441e1
0495766
f581b10
0108c71
07c0208
ec1b655
fa50871
f699e37
0a101c5
fae2e6a
010acb2
fceec61
f553bfe
fd9c2d7
17fff28
fa79533
ff2ef15
f6cf807
096007d
11128b5
0a7b422
04aeb52
f2f411f
fd2aa81
150376f
e8af1bf
008fe61
00fe942
0b69ba6
0b4b645
0f29955
fc50512
f5cf5ff
09678dc
f388860
000f345
0de70b4
0c854a2
06f81a6
046aabd
05bf45a
f6329dd
071fd13
01fa10d
fa38b2a
02bebee
f9e302e
05e7400
1391a33
0221016
14c609d
f62dedb
103c524
2263606
19b35c6
f92012f
fcdcbfe
09bcf5d
f9c43f9
00e0fbe
05a7201
1949ecb
01f88bc
f9205f5
0624f11
03b0fc9
e82a5b9
0d32db7
0d56a46
fb5ba9c
08c2248
f967a3f
08feff2
1f63224
0941420
f2c5874
022fe6c
eedf40d
013533c
027dbfe
093e9d4
fc70c50
f3ac0b4
f691aa9
f88fdc3
ff01f99
0d6667a
fc4a980
0498787
f26dff7
fdf6102
fe08803
f3e61f8
ff272b4
0739ddd
fde4cd4
0574bcb
edaee4f
ff13345
05a006d
0b3033c
05c1938
1448d2b
05dbaa2
04c3ffe
eef52cb
0764ccf
f6a5b52
ff85d51
ff326e0
f8cedee
fc1226b
085b93e
fef425f
0646b23
046ff76
f2eddb1
10bef48
f5bca55
007ceec
083ed13
0e128d0
0e06446
019cf37
efc07e7
0372893
01355cf
f57a94a
fb868c2
01901ad
fb9835a
ffab966
064f129
fded422
fd6fd2b
e811e0a
fbd6f5e
06fe626
ed3d914
0209605
01ce40b
0a46894
fc964fd
f803a66
01b27b2
f2ffe15
f580927
fe0b1a0
0bd7f2f
f3d6704
f6ef852
0bef020
ffbfa97
042631d
ff47888
fb42bd7
00ff64b
101617d
fef441c
09ff5cf
ea4f523
ec0fc0c
08ef255
10cc171
013c60d
ee683cd
eff9338
069ba86
04122f0
fd1d11f
0624821
f94d61b
fda2baa
0e92ba0
f1ff0e9
0064c6f
0217737
eab70e3
06b0194
08b21f9
ef7545f
06c9115
0c70dc4
01252cc
0da131d
0f21baa
03a521e
f5fab69
fe68efa
f55d4fa
0ba67b5
01f2974
0d060a2
fb1d491
0121d6f
ff85395
fb11e89
f282bfd
01782b2
01ffbed
088e13e
0f54fc9
f4fbc3c
fbd218d
f7cf179
f371a05
00ffec3
0ae0168
fed5167
096c87a
e952a08
feeeee9
04645e6
ef81dc7
fac6faf
fd7d97f
0b086ae
059fbbf
0deca99
f973e1c
090dfa0
fe76834
09c47bc
f897593
fa4fc53
106feb1
ed2262a
01bc829
064fb8a
fce5081
001885a
079b9e4
f312e28
f3070b3
07aaf81
f654cd0
08475e0
05751e9
09d39f3
044a998
fee49b9
0204091
016aa7b
1d5f9a1
041775c
fce51c8
0bc8d35
00eecce
faec66e
050ba07
efeb2f3
fb05bb3
fe7592c
ec2ad78
029d26e
f71c8c0
efc87f1
096427d
0465516
fad2a9a
f306d18
fb20b5d
055ee86
ff6b9ef
0aac431
07ec2b6
f5a2513
f0d4758
06e2120
f4ebfa4
02bac34
03af627
0745c1c
0214045
f7157e0
138ef93
0b1f914
077fb6c
fa47c62
f640731
0dfb5fb
f67c609
f126b82
f9e1f6a
f8579a7
0dd948a
079f74d
05b8621
fe0eda8
053fa4a
0aff547
f1c7038
0542a18
feca755
fb78154
fe5f4f5
fb8b71c
fb5dc4d
fc1ac9b
ed36fdb
ff6b16a
0634c4e
fa73427
01a4369
f59d958
06a05bd
f4fcf04
00025ba
f6e1118
019c726
00528b8
fb5b3d4
1f6d212
0a65d5c
fdbf301
08ef89e
f4cfad4
1761e8f
0345a97
0076af8
0780ff2
04130a7
0bdca82
0da308f
f2bb812
efffcb7
f270523
07353cd
ea407a0
f178b33
f889dc4
0d4f5b8
fdaf483
1bb9697
fae4908
f7dea7e
ff0c107
fe8132e
0be4780
094deb9
fed5390
039e88a
f03c783
f4ce655
f6b96d4
045316a
005c38b
fd2bdb6
013e50d
fc5e03b
010d4f6
ef8fbd9
07dbcad
080252c
0fd6883
f426dab
f057476
fe2fb7a
f6f1c95
f125b38
ef4cc55
07c2731
f5a1023
0fa82d9
f35fff0
0571bc0
0e2ea9d
fd6f969
03ef85a
022ad7a
007a67a
f075369
066d768
12c3d2b
fc147d6
fc0120b
fc2825b
f5c56ba
f115872
0101401
fa1b140
07666ca
f72e2eb
faf6356
036dd1d
0d8cfe2
0d14584
f63cbd1
1600960
fb6311b
f2f16b2
1a5d313
f5469d3
fc88628
fe5f64a
f6b89dc
f31d7d4
084ab6e
feda69f
02e30e3
f2318d3
0712278
08099bb
ecbb5bf
0fbd484
09b0f6a
f5585f6
0a63a02
00f916b
020af50
f38fc6c
0370dfb
fe3e842
ff66c1e
021f813
fab040e
fb99d7f
0d978bf
07703ef
0f3b710
1738be8
f287248
f65db58
0aa667e
0802e47
f202c7e
0693f9d
02c2efc
0343963
108cb2d
f7f242d
00edfd4
faa011f
fd863ee
fba1225
0aa4710
f64836b
0b7ebcf
f8e1660
0bee73f
faab402
0c47b5d
fce8f30
f945c5e
0a11201
f97d734
08529a3
f97b7fb
003bba9
06892b4
03a6d7c
0834775
11b2c57
de76321
02cab1c
01616c3
0c7d007
01ad1d4
0eb6761
f78d354
0a158d4
0da06aa
f8e4c76
0da211b
04683d6
e421773
ed2020c
057235c
11ee5d5
e768ce5
f7d8824
0cdcdb0
fa270cf
0c3197c
0324a3a
fbbfb47
f83779d
fb58f6e
13c8e83
fdccfac
0f43f6c
ee6391d
06c5018
fd57914
fbc534e
04f31ff
f0e4d1e
06bf384
00f469f
f03dc56
fdcc067
fe33950
f0387ef
0759195
fd183ce
f045179
f89a4bd
f6cc1ad
02e8ee6
f38690a
051ba04
01c143e
f508901
05d36bb
ffefead
0d61acd
125e1ec
f5ca17e
fd421fe
f225f21
013ef4d
ef5e4c3
0087159
fd9d130
0670774
0453f79
14d1b1f
1277bcd
f518fd7
f8b4ec3
0e5bfa0
05d8d7f
f9cdd1c
0703e51
fad8e99
f554397
f6ba5e9
f5f7de6
1b922d9
095186c
0f2594c
f69886e
f9ac6d9
1675dd3
f7b28ae
fee8a6c
07d6015
f702138
f71d119
089960f
0dec400
ea43584
fb3ba4b
133e3b5
fd9f2f4
f170340
e14436e
01cc092
03608b5
f3d17c1
07ff176
fef55c2
fc00ad1
0f9c763
f8d7f16
0a9ad8e
01ec82e
f843266
fdf411d
035e185
fdb3396
fa4d743
f7f6628
03dcdcd
0203cbe
f3b2eb7
fff5653
120638d
060f29a
067014d
0166e82
06df33e
083f72a
fd0e2ab
079e407
047f883
f1e68e8
f799cba
f86ea9e
062bf78
fc2d1de
0e6fc16
fb9b3fd
f8764b3
0e5522b
00d4340
ee1cc67
f7b15e6
f9c33e7
f408491
faebbd4
ee4f647
11b51b4
0875678
ffee614
fee8fb8
17660c4
0e3a18c
12b5273
f96b61e
e887171
0159c02
f44bbb5
fa895bc
e6fe617
0623f22
0392ae7
04ff860
f5e3d1d
06ac762
f98fe33
ec17021
017ba17
11e1a4a
f938f89
14e251c
f078580
09d8d03
fbf258e
f245699
f9ac7bc
05c88a8
0a7dfde
fd830db
f688f83
ffeed83
f5060bc
f69263a
fa52400
02138d7
0dd1726
ff5eebd
0f3a41c
0347179
f9fc24f
fbabcbb
0a25903
074c118
f5aa2a0
0415eb4
0917bea
054a4ef
f5f34f0
ea300a5
ffdf003
ee8691c
02b52aa
0380086
0400b80
fe467ef
014f982
f8e1478
0920436
f12225a
f99a4a7
00f010b
09b0adf
f186de9
092ff1b
04ec759
ebdfc87
f14cc81
f7e9f45
0892d40
017f86c
1187b22
041f7de
0062b00
f3a2caf
0cb14dd
e7aa061
02088a7
f63c65b
e54859a
0170e9a
03ce7d5
fa9744e
e82ac3a
ed99883
fd0e9d2
fc6c0a2
fa4da38
fddb7d9
0401886
0221a42
f4d392e
0106dc0
f152035
010130d
fe429d9
f7779e5
00441dd
f957be7
f785917
02f0181
fc710bb
fe01db9
faaf245
fc07b50
ed77c4c
0c59cc9
13e1169
01f7982
f9f6bc0
fd9838b
df95079
04e5db9
031547e
02315fa
02c746d
f878f91
04a534e
fec92d8
f7490d7
066054b
0cf9323
fcbfd6a
0960002
ec2f0b2
fbc51d8
00ac7ef
09f7d4c
0b6bf2a
0a3fcfa
ffca3fa
fcb40a7
05f287c
0058939
03af090
fc33457
ff5cbbd
0adef8f
04852a2
01f01e9
fe33ac8
edad480
fadac80
0f4bd5a
f6b11dc
fbca69d
fd8cba8
fb0c11a
f8ead35
0687546
feda0b8
0902881
0299f4c
038f62b
e6ca142
f8541ce
f5a5e78
0244987
e71a1c6
f32ccf8
07f604b
019183d
ed4206e
e50c613
ff884d5
12b88f6
f52055e
03afb78
f8f5e51
0844aa6
fb345ac
e2922bb
025a473
faca062
fb21e64
0ce799d
f563c34
f501b16
fcb61ba
fd3cbf9
f1eb88f
123841b
09b12eb
ff7bc99
147ead5
fae76ab
ed87272
0c1a48e
fb30399
097b157
fc7d4f8
0cf06d7
0a6b633
fbeb2ef
09b3739
fa462cd
112c597
fd9e2d2
ef67a75
fb1bf8e
0692f76
07c072a
ff4e094
f00a48e
fd95f5a
fb87e70
fb6df0d
0c377f7
06a8792
ef2b530
014f159
125e606
09dde78
f58599e
05c3533
fa524fa
09d8c5e
ed7b709
ef9d776
fd031d9
fc82de4
f114573
edaa9d3
ece8067
0010dbc
1115a62
f84f0c9
f165fb2
0510069
0f13d01
1223961
f9e067e
fb9a2ec
053e962
fb64e07
f9a89b8
fee2a1e
fdf04ea
fb39696
f6c8fd2
f25bfb4
0a0a79b
02bc81a
fb6b5c6
046cb27
fccd109
f98009f
029cc4d
fa704b7
06f21f1
004a695
01deaab
ebd1b71
054d019
fa15f41
f69a785
13107c1
10f3f62
e88d9a4
f3b1c6e
fa31ddd
f555e10
0a0b999
01fde8e
09570f8
ee8606e
0d49f5a
0c3b0fb
f83df3e
fc1cb2c
1a8cfe5
fe1eacd
0b656f9
0004842
041d219
f702df9
fda03e5
03315d3
0021d28
0fec752
032ab30
f40ed05
15f31e3
041a9e8
0766426
fa0b059
00e4b2d
196d9b9
fcfdd16
0964f2c
f7858db
fc91d1f
0d7e950
f52f0ec
f5a9635
04bc2ec
faec7c7
f98120e
eba8085
0737df4
057cea4
f3359c7
053fd2b
fa33b60
f39ac6f
041945d
0a6f66d
f798611
fa0980f
06a3be0
ed70945
12f968a
083d62f
f58cc91
09198ee
0053322
fd69fc1
0c30d71
ff86bc2
0b7408b
0593f11
0b2d101
fb16b46
03a43a2
06c0902
1ae98e9
f8266b3
fb209d6
05a2a8f
f77d1c9
f537501
fd92c96
f80ae49
0d17075
05e2225
0591d6a
fd76ed3
fa713e8
06de641
f588789
0c2143f
ec3a10a
fd4a5fb
fcc58ca
ea62034
f5f860c
0871429
f7c8ca2
06a375d
0380d1f
09d5ba0
f323cfc
f9e6896
fc45300
0656b74
f98e999
0009b0a
07d2f94
148b234
118bc2a
f63faa7
04c670f
f9f44b2
fe79eed
f2b5210
0cdb95c
03dfaac
f11f7fa
05e1e4e
0aea476
1374063
00be9c7
f54e2b6
09b3862
25ec87b
f787606
f23bc1c
0c3b056
039f535
0393ca1
febd72e
1132c42
03e1b63
f73de6d
004695b
fcef1fb
042c5cd
0f937ca
02c41c9
0ecef45
066106e
03ea927
fc54d2b
091db2c
0f0ba60
f9a8f90
fce71c2
002c87b
e9a5f30
07b3ade
f3c4265
fc89f45
f193430
fbdc24e
f780524
0c75e72
0986115
108f4fa
ffd8dc0
f9d9b91
0725c2f
faa7f92
fe49e51
fd725e2
004db2b
0ee6f59
f4ebd72
f4668f1
0a0f744
0b6088e
e717b5a
0fdcba3
02c433a
065fa29
f80cc1d
03a3f65
125e413
11e2507
071259a
fc2e8b2
fb39896
f9835b5
fca46b4
02a4f29
f72bb00
05e5d07
f92f9b7
07d7a5b
17ef735
047ddd7
fd3ff05
fa715aa
01dfe8c
0d8f498
ff84999
05c55e4
0169b58
f87065a
f3063ef
00f29e9
e7b0e14
0808b32
0102f31
f0ec30f
0ab805f
f1df50d
0e093e1
0021cfc
0036977
009b1a7
0e12138
06a954f
139398c
084723e
f8a6eec
0fb4f84
0566f6f
0479ec3
ffbed01
04c50d8
fe6c2eb
00f6c92
f98fc05
0856aed
f64cf1f
f1ff3db
059283d
0620adb
02b88bc
0bb78db
fe84f9c
02846ab
ff96ea4
fd238db
126dcd3
113eebf
031fcb0
00370d8
fded736
fcdc195
fbdef7a
052676f
feb5071
07b5ecc
039e5fc
0add26e
effa5cd
08c52d4
fde2c48
03b1777
066c7fd
0427e1c
f962195
ee2fb1d
f700b4e
11c0c44
fc0d03b
edf4cd6
02b0728
071b21e
fd2d93f
faf9db2
f8666dc
eb2d81f
fbf705b
f56dc0e
f2a2d98
08c4c65
0a52d48
fb34a24
0ef6c52
0d2897f
01f7885
0be44ca
072c7bb
fb361a6
f7f4dad
fb7bec6
12611c3
f48fc72
103222b
ed965a2
ffe65e0
0115eaa
02f67e0
02978d4
fcb9277
fb84873
0846d09
fb891f7
167a8a5
fc44c4b
fed0c55
10a618d
fae552b
035221a
0e32a0c
fc8d388
00127e0
093d3d7
f908227
019d99a
01bef07
0f57db0
1722c1f
f57f8b5
f1c78a7
0b1c360
e989b80
08e4e59
f1f7d88
041d759
034ddf8
fea3ba7
f3d48b9
e50d0d0
fc9c21a
104d663
fbbcfa6
0056d55
fa078ea
eb14d02
0f1c191
0f9ec4c
f81f14f
08cedeb
feb21ad
f38fcdf
f0cd9e5
feec04b
0d9dec7
fee345d
057cd8f
ded4c35
fde988e
04d9413
009c69c
0357afb
029f042
ff2d8c5
f64ed02
f1d54cc
ffe3efd
f0f41ba
f1f4a80
fe3c8bc
01a67e1
f0d93a7
fb08747
05d257e
f666684
f92d4e2
151a0f1
fe0c9f3
fa09822
fe77f94
0397219
f604561
fbb1b41
014825d
fce6a95
0c25a14
1469b12
f9c9b7e
05b0bc8
096de93
011a091
0020363
ef2dd54
e7322cf
0650057
0b6ab67
00b5f92
fa0e209
05bbc6e
f92ea5c
07e5dd7
f797493
f266808
faf54d3
081949f
0222192
f17f435
f7ce8d6
ffc388c
083c6e1
f75ae24
0351fd1
fd284d9
01ee4ad
f1ad443
f42f3e7
035d4ef
041c8ee
0a14ff1
f6dba85
037d614
fca4219
0da351b
019bda6
f080d92
f4754d5
01046b5
0417774
f62efbb
f747a18
f98e0ef
f6ab8c0
0545771
0477ad1
fcfa826
01f7d84
f4708c6
0c2cb08
06a545f
01dbb3b
09830b5
05e5e0f
fba4ae8
f05aa6c
fad8f25
05d5c7c
fc402b4
f2a45b1
f8469bf
ecb1e6a
0be0236
faea86c
0e6b4c6
00dbe89
0abc360
fcf028b
e8d7a8b
f962952
007606b
06c1d5e
014ffff
f3e1329
f876638
19e2337
02f1254
06ddc30
0a24c45
fe248df
f3bcfcb
0687871
ffcffdb
fbfc55a
085d254
f0709ba
0bf06b8
0019645
f94e60a
171713c
f632600
feb3954
0218a2a
05de0e8
02924cd
fb87b47
1d6f2d0
f1e0449
01a224d
056f201
0068bd4
0252e99
fc01a33
f649e63
094694d
ff0a8c6
0048a84
fb91569
0a58bab
0102df0
0f89b7f
fbcb013
072c0c6
f804040
fffdd2b
f89bee1
ff4cfae
fca4cb5
f24167f
05f967f
f9b6529
17957b5
f1bb223
096d6f4
04003fb
0535540
14b988e
0148570
04dc6b0
057681d
f88c7c0
ef10b88
0214107
084f3fc
0a4dfbb
fd895b7
f18603d
030adc2
f4adb9c
0182098
ff3081f
f707fbc
ed80ba3
fecff83
0f8bd30
fba44d3
f344924
066a0bb
fe5e6d7
0745fb4
02f0d79
fdb9a66
fd52fb2
07ffdee
1029083
145ee08
fd426f0
080a14b
f7a2a0c
07435fd
ef4660e
055f4f0
05f4096
eef09fd
00ca56b
f482263
0b31b2f
01759e8
042821d
f9c2a1b
112f787
f4a0c0a
08b1147
dfaa62d
fb44437
060cfec
fc636d5
fc1b067
f83e2b8
fb75805
0173543
03e6090
f4c1a43
f9fa902
f5bffc5
fb6ae5a
efbb1d8
057bc06
f94fadd
f500e50
0c187f3
fc6f1a3
0a46531
028ac54
fef46ac
f3fd494
faf3a3c
ff14512
045445b
0e2a4eb
fe489e1
0b5aebf
fca7573
07dc5ed
e56b25b
00176f2
fe9e22f
ff16138
007b90a
fe4daa0
0a1ab1c
00881c7
02d2117
02a6e87
fc3c9c5
0097140
f91c97e
f7f2140
03e495f
1ae3d99
f59b492
fafacff
fcbac6a
01ae0e7
0585da8
00895c5
0230674
07f86fe
f20189e
fc911bc
05c38dd
04c0731
0c950ec
0710495
f5a032b
f6bdf9f
fb8b1c5
ea466e3
e845565
f12e481
08d9d5a
f338dc7
04b835f
037a6a4
fe7660c
fbad361
0c925fe
fed3af7
028b9ea
f427de9
fd454c8
11894b6
fac0dc4
074fa52
0943079
e8aa0f2
fa74d18
fd49b0a
07bcc47
f58b3da
fa600f9
ebd8ddd
ff024a7
13b5f8a
f151e84
fb849d9
0db77df
fbe14b9
f62e83c
fcd4298
f03df88
f4a30bf
f2d3fb2
f9be58c
0154438
029172b
0965032
00c5abc
0533f41
00b1a6e
fb2cdbc
00b8fb3
f8c30c0
0deb902
0b4a1e0
f91ec0c
1098b2e
f9114d8
f41d5ba
065786b
0d2c4cf
f678382
02c12d0
ee1184d
07da932
02f0df7
f13b4a0
007746b
fb17235
f7fee3a
fcb6594
ed95cdf
016e84a
f9d8637
0257a15
ee42a18
f492f2e
0921398
f3e6458
f8fd181
0da9162
04536dc
05d1f0d
0076df3
f24ef4a
070a6ae
0be4f76
f92ccf9
02f6fcb
fa462d9
0456ad7
073e699
fdca090
0566bed
047b171
0532c43
0db076c
099d9f1
0a67c05
fd552c0
fccce35
0a03436
f9c9c98
f07fbf0
006df35
fae926d
054df9d
fda1d89
0f9012e
05869be
fac8566
f6664a8
0ef229e
077dfea
1450057
fc5b9d8
fd63749
0853b82
0201037
f0a8cbd
f9e0757
ffc22b1
0d1c817
07ecb95
061b5aa
0139b05
fc2bda5
f1ff4ad
146a351
f76bb5e
0ee1fa8
1ac1bc8
05f2bc1
fc1f178
09e24d6
f1ebdde
fd73870
004b77f
0a7eb85
1267a68
0439d30
10bb704
fe882fc
f892564
ecacba2
04001e4
fe71023
0290d21
fa4c905
052cfc4
033994e
fe34211
efb40a4
f3cbdaa
fd3cb8e
f9920f3
f2021c7
01d83be
f7a6d6f
f96a702
f2b1d61
0378ba8
ffe8f54
09b4593
f2afc5c
000ea1f
fe779c3
0474828
f336abb
0eb99a2
0d28035
0985950
0917b0d
00b613b
ff943c0
12493dc
0ad4bcf
fa4fb89
f6845b3
fcf0ade
ffa6eec
001b6e9
f865842
02470fc
f1cf42d
ff940f9
f651380
0d04830
ef2c6f3
f332003
f15e11b
fee37c4
fdb6beb
0ca9eb1
fb9fe9a
0db8107
0f818dc
f39704c
0fdca88
fa65291
06c892e
fb967ed
01c3d3e
ffe1ef8
029e97b
f819eaf
08f189e
0de02c0
0611407
169c9eb
0b86b9b
fabbbc3
03becc7
f63cf43
07232bb
077615a
f378a83
06f068e
eb5d5e3
fb9a3e3
05bf86b
03ba07b
0ede01e
f14f547
faceb28
f7f5874
ec432ba
0169722
ff1d3ea
f233056
fe30ad2
f845425
0724df9
01faf7f
046c5d8
fccbcb9
fe395c6
f5c3a9a
f8bf925
08e7d6e
fe32cb6
10128a6
1b50cfa
fd3b2ac
0e25817
f36e202
0872095
f12af57
fde4b75
ed20afd
fba3e11
fad30fb
0adbfc6
fad7d3f
ea334a6
ffe2899
17f12d5
028b8fe
012fc30
00e37f3
06532cc
032c91e
150f74f
0723f30
080ea9a
003fc37
0a332f7
00019f6
036108b
0a856d4
fcf122a
f371489
f5566f5
f468c9a
04cd3cd
13521e9
05454af
ff898c1
0b89f4b
0162b49
f8f3fcc
f6c2443
ee5db81
0eec1d3
0130fe4
f302ede
ee40c78
00a0879
f3742e7
0174857
1513983
18a31ae
050da22
0f0e8f1
fe1bf13
0503946
fb862ad
feb2a07
0269484
f96ac4d
06feea1
0e47f73
02aaddd
0e468ce
fe23c78
0a7cb22
f34e63f
f4880e6
0551d59
121f410
07963e8
07fa671
fe4ac4e
eb34e98
fc28995
08670a4
0481311
fb3c972
0ba2f2b
0494cc0
00e1f8c
f996717
fe479b8
1c5f92b
136be3e
0001fe3
fd4cc17
e66b369
144fd37
070ed57
04f649d
fe22049
00956b6
f42f4c3
0a07160
063278c
0171f25
0a1de7c
0c9d754
fbf3eb7
f99bb84
0ee3b93
07f876a
ffc0cb3
05ecc79
fc28e72
0a093d1
09045e8
ff8d427
f9cbd6b
fc66ec8
00a6ed4
0119a37
f880695
050d760
fe46502
1b064c3
16e0dc4
00bce1e
f9bb4e0
fcb20e1
ecf91b7
0e57314
fef606e
08191b9
04a35bb
03f5411
f5d785e
fafed70
f1ba5b2
05c95a6
098e1f2
0b7ff90
ffd4cf2
fa41015
136e790
09892f8
f4a42a3
fa28a68
08dec9c
fc70b42
fe5d40b
01a2c7f
f9cc7fe
0f28ce4
f8ad52f
110a7bd
0e52c64
0967f6c
0213b77
eae13cc
e99395d
030d1ee
f261742
f26a516
090fe48
0b69aab
09b65f7
f0c78c6
f316080
fbd4b16
feacc98
0d5cb58
fc602a2
05bab37
025e9b3
1116d75
fd5872f
fc6e630
f9bfeb9
06c4111
f4ec7ea
fae17b0
092af9d
f8369f0
f25db16
f21f3d1
0aff452
0597fa5
07aa595
f9bca5c
062a7b8
e9fd2b2
0858484
fb59924
03d616b
f8f392c
efbb19b
0dff94f
fa39f19
045a05d
fd84b85
fa58b10
fae8732
f43cb48
022d030
f612def
fcefccb
0c1c177
01a5faf
fc56ebc
125469c
ef39c60
ee58a65
0c8cec7
14d0b5c
0c1bf54
06cb253
f922943
ff37dc6
05c2953
f6e8096
f090e2f
0dd8634
fb1dcc1
012225b
f71584d
fce864a
fd9cd9b
19a892c
076add8
ffe12f4
f51ddcb
01431f9
007467f
0a3b1bd
00fe288
10cfba0
f5b3572
00d7f8f
0f39469
f52cd0b
0747689
027e53a
f2ea2e1
ef60485
0483649
0ad848b
03576a2
046062a
ff4825b
112c4b3
fc0684a
f1a9e69
fbe7b23
f739dcc
078caef
fd02566
fab6f3d
f0d1d18
0a69666
ec4ab8a
fda5a97
0a323dc
f378376
ff9358e
02cbe34
01ccfb1
0fc1a7c
f5a323b
e2ddca8
eec7771
f9f1526
02361a0
0393169
f640c5d
fe9386d
f38c9ec
00608d2
054d77a
f5526a8
fc40126
f7a9628
f7b45f6
0e11547
079d934
e358798
0cb1b0c
0de986f
15d5aaf
188d703
0b64a57
008226e
037545a
ed9153e
f1fd70e
005d04d
f9a6016
0661b36
fded67a
fc4f1f3
ff89484
0c098ac
f66301c
1010391
fd35c2a
060998d
0befadc
ef77423
f508835
f9de004
168cea6
0a12914
ffafb1c
f3bf591
febc039
fb93953
fc7e735
002dcae
093e978
f8fd2a7
f83870d
0186634
f0fed2e
0fb4a00
fb731da
003e4c2
02451be
0ed59ce
0acee00
fc0895f
0460d6b
0620974
f33c9de
036885a
fc999bb
1218448
fc8ea5d
e51b29d
09c1b17
0f7f501
0749a56
15c6a1f
f54a82d
0435637
fc0b653
fecf9f4
fcb922a
02a334a
049955e
fc16fb7
0787af4
0b0363e
08f9cec
efc1ebc
fe86a68
f4605d4
070166b
00b837f
0645e65
ff1088c
fe41056
139986a
f9d1994
fec9617
11ed6d7
04e63df
02ed3a6
f1d1654
f413b41
0873e3e
0c1c548
fb49f30
04405b8
ff19db1
03d407b
0554e59
f997901
0fed976
0bacc3c
094e792
0d684f8
fc363f0
0219420
07abbc2
f0cff7c
0815e2c
04f074e
27f3760
079e8b3
ffc11af
04d9b12
03a9bb3
0cc92b9
04ac619
02a375a
ff98e77
069230d
f35c09c
0b2470e
fe7c5cb
fdbd28d
fe3dbd7
07f4bbb
08467b8
0ed98d5
02c45c3
0385587
f78110a
fa73cc3
0892d44
f723f82
fa56a22
fc44010
f26ea81
112354f
feb3946
f714727
08ff8ab
fb397da
06e8c47
fa6f0a8
0b07264
0a654b9
12ffe49
f17db8c
f7c7462
f90b819
077dd83
0cecfbc
ff1e66b
055b32b
063085b
03d2351
0560256
ff7b9b4
052fb0d
0292b78
eed7119
01c829b
f8a6929
01c4ca3
0eb2c1f
ff4747f
fabfb74
fb043f6
f2cb17b
0d41e8c
eb193c0
f936e16
f7d43b4
00faed6
e93bafe
0a03787
f4b5025
fa9d599
f883493
0fc8c56
0459c11
febb98f
fedeba6
f66ae86
0f90fbd
efc9867
feb959e
fa721d0
01d6a47
fec4053
0eae4e0
feda2b0
0340b9f
f25e6fc
fcda853
f82a262
02c7025
059b240
14f9dce
0c1671a
0a9f276
0277ace
115d0f8
f3128a4
ecc9e17
05486e9
ff59d27
00ea658
e9940fc
045de15
fbc91c5
0b59bc3
0a9c85c
018e89f
07864dc
f2e9ddd
e7f0c72
018da70
0893eb8
ed7361f
0618c25
f426c2e
f133e9a
faab446
eb6a340
004a80d
f80c9d2
02805b6
fb2a4c0
fabedb9
07247c4
07aed15
04fcb5c
fa7bc19
0b2cfce
ff0c970
fdc9542
122555c
03e1a1e
1167021
077a2dc
0cef380
fc38ba3
036a19a
fd234a2
f41ef0e
0268906
126c56a
025fefe
09e2e37
034b231
04ec992
0d93024
08491f1
01cb9ff
03024af
006aaab
ffbce8a
0687dc3
00e64e7
fa1a85c
054d61d
f464901
fd92757
1288662
083c5ea
eedea0e
1572560
16ef36f
feec771
06d91d7
f7b76b4
04c476f
01cf15c
f73acc6
f0ec1b9
01c77d0
fdfec8f
0ee989d
faed3ab
fdeabb5
012ba47
08af89c
0562b49
facdec8
041a273
f37effe
01820d0
04010fc
f8b4b7a
084dd90
ee14ee5
fa1e8c4
f1f5d1a
fbf1a6f
f775ddc
145fdf3
fc36bed
f5d29c6
f5b5d0b
f3202bc
f9eba36
106c8a7
f7255d4
00b4ada
0239662
f7273df
f654ad6
0ec10a5
05856f3
f8187c9
fe3c799
f8f0521
fff6918
f748cc0
ffa3f07
0cfda2f
f5e72f0
08a1fea
f01f21f
fcb316f
0cdab5c
041ee04
fd3ce62
0066ab9
0cc1a34
040b323
f4c6008
1270ca7
0d31260
f93df86
f6477fc
04bb790
05ebcb5
1929138
ec66119
05ec3af
03a961d
09b2fbf
0e1b534
faee483
f761b43
f3b89c9
fec610b
017e729
fb92581
f8a6a82
f8b9b0c
0ba57f2
0782234
fd573da
f982663
0364e23
0429090
0514179
0f45494
02e5a8e
037978b
ee7e97d
f259d24
00ea64a
faa1b35
0fcfdfa
dadc018
03a1117
fe248c6
f5a9fdf
00f3927
0123197
ffd371a
fd6f010
f449cd2
006cab6
0c1bc3d
0b814a2
0b10ccd
096796b
025c1bb
fe56f43
00bda19
f98b773
0b6d662
fed4288
fc933f0
0b55653
fb0d8a4
f7dedb2
07f8701
0427e8b
0b12b16
f68bda2
08de20c
eddc5c4
f2364bd
ffb01dc
0375e9a
f0eb76a
f8fb5cb
fd0301a
ede8d1a
fd3aa08
f625e39
06bbcf5
0825e68
054a591
ff33cec
f8d208b
f640d54
fec7e0b
0f41e64
f4271b8
ea6ff11
f66c114
010e4d4
04ea863
f9c9122
1716017
fb01c3f
04809b9
05f7cd4
f554b70
f3c5eac
fac4a25
080ac9e
058a3ac
f4d7602
f0b316c
fef9f54
fbc2759
fa34759
045008d
fcc1268
06bc0fa
029e79b
fcea83b
050cea5
fb9d744
08fdeb3
0c47e9f
f4ce9e4
1062276
02f3c9e
f91f2b4
e94e0f7
fa9c57b
fc1a212
015112c
e6c877f
ff01c7b
0e4e5eb
160a2e5
fcefdfe
ff0da93
017dbcb
fd4d55b
079052d
07cf66e
08a66e4
f177c4d
06e1104
eaba3a8
f1d9898
017949a
ef3e6ab
fc49f1a
fea677f
09f4187
ff7ba94
15354d2
04f1423
042b02d
e62db62
fb5d4bf
0a31b95
0bce4c0
086da28
02b38db
062506c
f31be43
df0d5a5
f94a90e
f3017fd
0735833
f8ec679
0f080fb
f955768
fc9cddd
feefdc3
0a5b483
02ab28f
f264812
f03eced
0736146
fbec60c
ffa7dcf
03c774d
ff08be7
ffc3e0b
0d08aa2
04c3948
04f6a59
f94c34b
181d69b
11a11ab
f111d78
129f165
fb9bd72
f6ae67d
0b1a74c
f59b427
fa30aee
1051702
0255732
011429b
f57b5c0
f8d803d
0d8e1bc
016e555
106fe19
ef869ab
12ab1fa
082f25e
fca1487
f975297
01fd3eb
096a6ef
047d84b
0080d3f
fd13d56
023da54
01fe52f
ff7f9ab
00df38f
1da26ff
f17c54a
f76264d
1393792
010006b
f850dd2
07b61a9
f7f7258
ef31fc5
060029b
03e1502
0029efd
035abeb
02be288
f3070b6
07d2cdb
f59c695
fdec659
f2dc78a
f0cdb07
03f3f22
f9fb450
0e9ad25
08321ea
fa4a75d
00e98c4
0280bd7
eec6e56
f99425f
fc050d9
f514f6a
0874043
f76c4c2
ff2c9c8
0db4019
f856583
f9099e6
0391a9f
e080a7f
067ba99
f3fc4a5
0b1ba65
f2bd9c6
f34ce35
02ceddf
0426e03
0f0161a
ff4c2d0
066b2fa
0f24372
10a3921
facf296
e5bf385
056aa86
ff3440c
fad0b40
0f87748
fc51669
fffd06e
f3657cc
fd196e2
02d6abf
0fd5ff1
062f03d
188981f
fec4704
068c7f0
08673d6
0dbae0f
0b5767a
0132e42
fee2141
033f26d
f264c4a
ed67169
f2229d3
02441ad
0d57d76
efef676
fb913d3
f347645
01ba78d
011c04c
091f4b8
099d306
116c9f7
f6d5b22
0b71b67
f74a35e
edb7301
fa6ad12
0e5de22
02bf3c0
081997a
07be991
ece34e0
fafba4a
0d79279
eb5d5cb
fd98b40
f871585
1818d3e
f9c815a
f9d6b40
025bcf6
1e7185e
0bd59d0
04bff1d
05ecb87
f82bbbf
f7cdc9f
f5b638a
ff6e260
042a981
fa3325c
eaecd24
128faeb
fb6bf7d
12ad16a
0467ae2
eca6671
f9282a1
f084413
03c476c
f820b2c
067893a
0c800f0
022b9d1
f94b3cb
fd2d700
f411c5f
fdf3b7b
f6451f4
f97d747
f4bb54e
ef2807a
09444a4
f7e3df7
e914383
f5ddd38
f3e5a90
01e01e1
073088d
fe023a1
fd03c73
10eb917
01b1191
02b2964
fef7aa5
04dc7b5
0019d03
00d8598
00c5fcf
122127a
0e44baf
f52ff5e
f5ee30d
ec9ca07
f512b6e
ef2f42b
035cd3e
039b448
fc24c67
fdba5ef
f5d7fa3
0971a1b
068561b
fa882ef
03cba0d
0f6e5aa
00a455e
02033ea
01a86e1
f8a76f2
e36305d
fd650bd
fd398d4
f63fe1b
02df601
fab2e6c
ee84878
e8492a9
ff65476
f274c32
fc5adc8
f51ca08
0d11c19
063cf7e
f82329b
0652b34
01a9b97
00c85f1
0a2dfe6
f53d88f
ff47fd5
1422f8f
fce5fad
fc2a99d
05eef3a
e8408d3
13031fc
fe8176a
0158564
f557d44
0b845dc
f28e8cd
124a8b3
f9f2ec7
e92fb4b
0458076
060a31f
07ceac8
094a755
052fe4c
05b07fd
f9c4875
fe9a3cf
021fc46
fc7b8ed
0570ec9
02fdacb
0a36f11
0363f0d
02fb1f2
f64b06a
07991f8
f75454e
ff1041a
f8f824d
0356dde
00290ec
1f5ac0a
f0a0cea
f3716a9
f897f11
0bbb940
fe14a0f
ef6d318
110bf36
fd375bd
0451236
04f23a2
f5c9318
f83a19d
fb5c8f1
f92e3f9
1114522
02864eb
0bb77dc
0744322
f931952
fef15a8
f94136b
0428abe
0ae746f
0de84bd
0552cac
01a5b22
088ea3a
03f4b77
023ab2c
0d2b81e
ed66c4d
079e5cd
067a8e3
0050fc7
feb2aa9
01cf2ef
012d117
0d8eec9
ee8628f
0001f8b
110972d
07ea582
ff888ca
08a83db
04a7c0e
1636fee
fb2f97e
0598afe
f9887da
f93d22f
001a3fa
f8f8fca
098dd71
0530286
03205a3
064aea2
00fe00d
fa449e2
ddfbfb4
06ea68d
f184690
f757c07
16cbf4f
030943e
f4a1048
030932b
f74db13
013c967
f12292f
faf8445
043c354
0175c94
f7d4db0
1362ab6
03a6e5e
0d34b1c
11657f4
060b345
f9d948a
fd5ea76
f8446c7
fa8ffa7
f7aaae8
fa2be06
f230ed2
0dfc838
01b0af5
f6f5f0a
f9f6bb6
05dc51e
0c9fa55
f60d009
fbd8bbc
fb32e94
f0c8491
ede07a4
f8c439e
13ae1c9
011e93c
fa2bf54
08695b5
0f91f33
0dcbc36
fbef7a7
04d42a8
12c8098
fcda822
0a1f989
f7b7aa0
0e558f2
0435b85
fa1fb06
022b970
ee91b09
0531ad6
ee74f1f
fff0fda
feb9646
00dd78a
f718ca3
f1de310
fecab9a
fdfc447
0e9ec4f
0fb1b45
f16b360
f2e27a0
fe3b764
f8a3805
0855692
f5b3668
f4117e6
fc2faf7
004c55e
1a0ef0c
faf6d76
085075b
04a0c75
fb68771
040b306
04abc7f
f8ab340
136b6db
0ee3c37
fabcca2
0aba004
08190d8
02167fd
f9de354
f8066b6
12feb66
ecbafea
0c4162d
0f646cc
fc75354
f469e83
feae513
f8e2807
f80ecb0
f80c9e1
fef9fd8
0113595
07229c6
f9313c8
0932fda
0159d1c
f489b19
ff40880
008012a
062ec86
0f06a51
ff791fd
0772a26
00ab9c1
f5e7ee1
fede93b
04e1252
06ca57e
fe16cd9
f74edbe
f6a5547
f6a0c02
06010db
f3e9030
0849b3f
fdfb36f
f721081
0aed90d
e7aa79a
eb612a7
f140c90
fd9e143
f022707
0958914
f53405b
faf7d58
076834e
f5ea0e0
f741b58
f73f123
f92b879
efa565e
fa08c82
fce2bc9
f6c858d
0c008e6
f167e45
0156fe1
f1048d5
fce1ac3
f892480
0d4ff65
17f743a
f5e4e0c
053a803
fa7a9eb
ff5e744
fba482b
031d528
fc8a20d
10ef4d3
fb506a0
f0b0ac8
03551ab
0b78806
f4ea05a
fd97966
f743431
fd2b6b2
0d6cd14
fc2a306
ecfe0b5
f5f0552
f6bc6c4
06094ca
f3ee916
0aacbf7
f9d7593
00a5dc4
fdf6b3a
fa81843
13a9375
0b4347d
077608e
0928086
f19c9f0
f43a56f
068cd7d
0243a3f
fb1f04e
f54719e
0034bd6
04daee0
fcf1186
004f631
f340350
ea5bf76
077df56
034b8d0
1b0d4af
0927592
ff1711e
f8d8e7d
0accd51
fdc910a
ff8c2b8
0c13e10
ff22f32
f036fe3
055ded4
f2a3e1d
f403f40
04a0ac9
fdbc091
0148538
f389dde
fd6ef08
082991d
f4b86ce
027a796
ffe5ba0
06b5c0e
08c1729
0dd8902
035958e
fc9a078
ed77301
f20d356
09b6540
1b5dfe7
f65384e
04e72cb
07fbfa4
fe65e04
ffe7844
f7e0416
0212035
08a90cc
0aae956
f17e80a
0e82515
0e39056
fa163f4
ff29c1f
f28911d
f6d016d
fb11fce
0795aec
0bc2042
0649e45
078d19a
0436a2c
09a32dc
fb9f4ec
00b6cd3
0325c28
0aa938e
ed76a8b
f3eb3c7
136884f
fcaf7a4
ffd84b7
fb64d05
f763849
07ca8b4
03d5156
ef07ff5
f38bcba
009be39
efb2305
060541c
030838f
fe7fd0b
07ebef1
f7c6020
0c89f23
f78e729
0361475
f2da803
029bf4d
0d447c0
0916e0e
15484b6
fd24992
f209c37
e6f17d4
0367c03
fa621a5
04351fe
07acb60
00b3a81
fceca85
f52d7b3
03ede18
0977c60
0041ab4
0e445ea
f395c16
eaa8fe6
0c84290
04df65c
ec2828d
f39dffa
01363cf
ec29fa5
f458e8c
fd87c1e
0771b24
f3c2cc1
f477c28
f2dcceb
0920c9b
f3db61a
0afd842
038dbec
f656226
eebc089
0767655
0723e37
04bc594
0dad165
04adb29
0ccd9f7
01a0f81
0a63795
e69f72a
fdccdc5
000f9f4
ffa7194
f9d21a5
07a5086
07748d8
0a96512
f4be3dc
03f3485
087ee78
087fffb
16bf192
ff52683
f9068cf
fb2805c
178b826
ff01ef2
0360b22
050e473
0d61047
0b8873e
f979c97
feefac6
04d876c
030be3e
07e6121
0dc59ef
f3bf700
0c262d9
fb7dc14
0cfcc4e
ff30a7b
f8faee0
08fde4f
0484410
049cd58
09bf37f
fda69fc
093f58b
07dae90
00c7874
fbd9a96
03aadf3
f3ea3b6
fae1c27
ec5f85a
f947d63
ff72d0f
05e7190
06c9869
fb57a0b
fdf3db4
fc9a40a
08a60ae
fde43cc
0a7f351
048cc7c
00291c1
141b1a7
0785a63
020d95d
0d55c49
fc85be8
fc07605
f83b199
f20fc8a
f79a128
0c6b8d4
02783d3
04a6149
01d9d95
06814c1
026816e
030c25c
06eb38d
07d6f74
0b2c4cb
ffcf4a2
07959aa
f672b4d
023fe3a
1386a7f
fff723f
0a7ad80
0661bbf
fa73bc2
fb3a0ea
06f0f06
ec967c0
0709513
0ff412f
f28f66f
0dff968
f5691a2
1063ab4
0b923ab
fed2249
fd8cf3a
ef1c0d2
05e4c51
ffdd4b4
0b103bd
0269aa7
03a0cbc
0744fc2
fa6829d
f19444a
011e1c0
f9253d7
024ce0f
00e6e06
0aa9f03
047bef2
0b1dcc0
fc120b1
00391b7
fa9f711
fe06a96
fc21ead
0861a85
018863a
f451ed7
f5ef24e
e221b61
04bb45e
eb26bb7
f931374
eeb9b4c
0638ef3
075b530
ffc4df0
fd92844
fdc8c10
f8f32b7
fbc5aa9
097e63b
f756f90
045fd02
ff221b9
0782490
0a32cec
02b3e52
f613122
fdeee15
192bede
f4cfe89
091b112
ffd712c
fb2c249
0c6a6ee
0b9a3b3
ffc0b20
f94ba88
f25dd09
04515fb
f61d5fe
faf35b5
ee64115
09dceff
f7d9163
fbae4c4
fd9063c
f865cdc
093c58f
f0ab832
fc0028e
0c01658
f5064b7
046bd52
f6a8d32
04c841a
0d02fc4
0d67a14
f680b39
0701393
fb5ec0c
0634877
000610b
f138492
ecb34ff
ff4e30f
0663b37
07d6838
025c5e2
06ad03f
ff51617
04acab7
f051d70
fe05fb1
f933718
0f15a75
01193b4
f5616c5
fd6aaa4
0758a5b
f3fce74
14c8f10
05245d0
060f7ad
fbeb6ab
04e414d
f6e354b
f5898c9
ffd7f52
f6de990
08ae605
07e23ca
0648e62
008033f
00918e9
0e94ea4
fbbe757
09ec26b
f8ab6c4
072d83b
f415fdb
0e33b12
087aed9
01dc15f
0ec1346
05a633b
1a46e89
e94386f
f87bccc
ff0fcd2
fbbfbc4
ee9df46
0324e0e
e8c6fbc
f8c9f2c
f9c24f2
f66cc32
f28a0ce
00dc491
073ac2f
0a5e0bc
f60f779
faa1295
f5c58e3
feaca7c
fdee48d
0c8462e
ff47a5e
062e144
174004d
0538bc5
fc86abb
fa3423e
01fc927
1010b68
fb46a5d
029d128
eff4aa3
049da82
049573a
06fc1e5
08e4294
ed6a7c7
06e8410
0f1864f
f959250
04ca9d4
032a927
09e1ead
1b90d0e
039c978
ff51861
ef8fcbc
08b04eb
f1644c0
006dec7
0371802
f309aed
f10baa5
049ba3f
f760c1a
fa99717
f60ab26
0166918
edaba5d
0b8b08c
ff3251f
fd1a0c9
01e9831
05c7a80
f20394c
faa91d2
00751f8
f699712
ead5ed1
ff6dc43
13860e5
087295b
f773716
04af292
f80d547
ed13ff5
fbe2e8c
f95fa65
fd59852
fddeb83
fa833b9
fa61b42
0913f49
f9e2345
fbf529f
0610ee2
fd1b8c6
f761fb4
f79012d
01e0b42
04514d0
0c7e9de
f50bfbf
0fc1d65
ee5ff21
ee4508e
f9b40c4
010f7d1
edc16f0
f6542f1
1657d16
08bf2bc
f2d6941
0daaec6
fcbe7ee
fbc0f00
fd16dcd
12c780f
08d0cad
0797f3f
effd4ea
049aeba
0a0db34
0229791
16cbc79
06c4ef4
04a6696
09b9c6a
f9ef087
00aea03
f331af0
fbc5f64
fe05b20
17b3d51
f0ae8de
01c04e3
f33dd4f
18d3843
ff63171
f603def
1139a4f
f97e979
f2f6f47
09bf242
056608f
f2e59e5
f45817e
f8f6345
04fd301
f50c0d5
01f0c7f
f1b7b86
ff5519d
f03b1e5
fdf4a8e
006ebda
fb3f46a
ea62308
f79f98e
f282172
12d2594
f51cee2
01eb98b
0fab49d
1025196
118bcba
f4d833c
0004c80
0ec464d
0e4ff06
f1ce9b8
0093114
05427ef
07b4de7
05d74f1
f188eed
ff7e597
08a6d5f
fe21f60
e931324
ed90d46
f2a6e9d
f7627d7
0b17156
060d7e1
15dbe34
f908c5f
0ba9ab6
07cd4bf
f7f6ce6
f697b41
ee9fb6e
080750d
ff0e664
ff485f3
fddba56
088586b
e1f4c7d
0fc914c
ff7a171
0715e16
f96f381
112ddd5
02415e4
07d345d
0b6223b
0b30892
f52c91c
f9f5412
0d9bb6d
03d1d82
fb3fcc8
05067f0
0670152
f22bd09
ff7e279
f8bc4c3
faeff6d
11d57e4
024492e
086ee4b
0ee95b0
f9fa707
f7ca323
f944f67
052a4be
fe08c59
fcd6ca1
fc59309
121dca3
f38647b
f26f834
02442ab
03ad8f3
05eb8d4
f489415
0129bbd
02cf63f
ff3f818
0419d9f
092c743
f650333
fdd99e0
fc791f7
0249653
ebfbb35
146855e
151d6ec
ff4990b
f355b4a
15f429f
0c3b1f8
01ed81f
073b3ea
fa77d7d
075c590
06bee6d
ef8617f
11d41f0
09a64d9
f496d14
01e42a3
0aa8cd6
ff7a238
ff2a03d
013f4bc
fb97d17
f62781f
114dbab
f7afac6
11807bb
fdb1a6b
fa4baa0
f7b870c
f48a243
fe8036f
fd3b41c
0ccc63c
eddda36
faefc5f
f3f93c4
02f5f79
fc8af02
fc0571e
ff73c09
07b1258
f8b314e
06c56ee
0c008dd
fc3941c
04ba1b3
fa5057d
fc70345
e45d9c9
1290697
f04078c
0c6df11
fbc367d
f79429d
046f774
f4362b0
01520a7
08a6acf
01d99f6
057c9dc
fa6f9a3
fb466cc
f5da10f
015e60f
e940c56
ed505a9
f899909
008e8d6
ffab3bc
0569398
072c9ce
f1025c5
05c4ae5
ef62e49
eb51ecb
079c312
f3a680b
02aad56
feb6606
009d838
f391175
113fbe9
e76249c
09a90c1
041bc0a
10bf896
0a3952a
0922e42
05b2577
e9773eb
0a30ced
faaa153
0619200
ff011c4
fe1d5c0
f360691
fb70ce0
011bda1
025a684
1170b95
0943bfa
0b33d1c
f67df86
f90bd16
03dcfb6
058f47f
f6bce4b
05f01e7
f9681c0
09d2627
0e14cb9
f8b9823
07d33c0
f6b7279
1b32577
fd7a4d2
f498b2b
0497c26
0238bf3
f458024
0b87267
f30a29a
f9d5367
18ee134
f3c480f
ef8faf4
f354ead
0b7f20f
f59304e
04270ca
07e8f91
048dd43
f4c4374
fb677c9
0e2bfad
0565876
07c228a
fd1d9d8
03ee342
e7cb4bf
fdf8f65
fd25328
0be2a74
0261f77
fb6b38a
0655b15
fe4adbd
1428674
020e68d
0775db5
03194ad
f57793c
0810b90
f4e9642
f81fc9e
0a79f02
050be43
fa25832
0cb1844
0d1656f
0f2c83a
03ab7ed
1e75f5f
ec9323b
0b3fe28
01ff4c2
f7c233c
0af0268
f11ba65
03ca549
02abe78
fe266b7
04c4c3a
0998f9a
0d4e809
f289c7f
14b29f2
1e82355
00e7e5a
f4fca01
07ee164
005b307
0a53afa
fb7d9b7
fe298c7
f94465f
07d4573
f160ca8
fc67d3c
0356ce1
fafaead
f99be94
0ac8752
1084500
0176c40
1b48b94
08747ca
046a7fb
091b294
1013f16
0bf82ea
f53d880
efd5a6c
0844190
017cc02
06a00c7
131ed27
f0f53dd
fac5641
03b47e8
fecf10f
f951369
036cc22
eda4b0a
edba924
ff6b370
f22239e
fa21325
f1fc107
fafab6f
fb610da
fada0ed
056e2b1
03076f7
0296ee8
0b6ac58
f961705
e4f92a3
fc53541
0e05c61
fc1c029
11f86ab
000bd27
f522a97
f8e24b0
fdecb72
01be69d
f860849
00b6c1c
0881974
0e737f8
0719eec
06e4f85
faa588a
0c55d0c
f6b364b
f4079d5
02be96f
06b3cca
fe9903e
20c0183
f78171f
070e1d8
fa4b481
f369932
0133221
01f110a
078deca
f929588
0a4de9a
ede8e98
0075268
fd046d8
fceb84b
f1fd015
0e55ea3
facf961
fad24e7
fbeb6f0
fec2c84
04bf262
f41e904
f49279a
008943b
f27277d
0035b8f
0c68fa4
f60e644
05451d1
f7e766e
00c63df
01d0860
e7fb3f4
01e108c
f77bf46
fad0253
008a843
090897c
f6062d1
fc26b29
fca919b
0c70bf4
f233f33
090636e
03d746a
f5452a2
fe76173
02deae4
02e13a5
0b6254a
f402605
0f09567
03d8092
fdbb041
fa3ac71
ffe4a5d
0fd3225
02df140
04d61b5
0d340b8
fa6f032
faab77e
f62cf21
00a90f9
fa24ff9
e8b5c58
05a11bc
fca66c3
0d2164b
03df461
122cf8c
e3181d4
03828a5
04d3525
ea15e52
f4d8b86
f4494e1
ebfb5b0
0cb1371
0543ad1
f8b0670
0040a1e
01568eb
f335826
14c059d
fc191d7
ed5ca7b
053a1dd
f9c1b07
f4b541c
0421a7e
e773817
02a37b0
ffec456
f858afe
064ec20
1552837
033fd6a
0213bff
05eb17f
f879b9c
025d798
f9a78ab
fc21557
f920d58
f294924
fa34258
030d85f
fba4794
f81ed8b
fceffb0
eba5470
f6f9cba
08d2c09
0436b7c
099e100
f890338
01d8d2f
0403119
eead234
f7611c5
03be31a
003b3cc
1210de9
0529655
fcae0be
0a9be67
053ac71
f65ea95
eaa77ce
019c684
0c821aa
f45fc10
0d27364
00276b5
0ef8be2
f921ee0
05a6a02
11d2082
07768be
0324ca4
eefa55c
0c5358e
efd7b63
1344956
020929b
f537062
ff4636b
017e7d6
f5b5064
00c8744
f323899
fae2c56
0160f0a
1b706ec
03e056b
f746d02
034cc49
fb71a29
123baeb
fdf9321
180f552
06014ba
f23de7f
0151669
0505007
f219307
fa48855
0889cef
07e5bfc
eaacae3
0079f0e
fe0366c
ff2ed09
094fa7c
f7946b0
f887fcf
0335403
0307718
0554106
06283f3
fbbb7af
03e13b0
fa1e2b4
024aeea
03c97bc
f454ddc
f6977f6
0aa7266
01da128
0ad95d7
01e0e3f
0486639
f2ac3a5
f4334ba
fea3db5
fa95a0f
0352c9d
f2aaf31
0277908
0796007
0597b79
0bdd216
087a21a
fb4eaa7
f89c575
fec25a1
063a2e8
0c27e55
ec9305b
068d59c
fd1496b
028852a
fa11f1e
f3dd38a
0298fda
fa639fc
fea7f4b
f1d3e59
01f1dab
0ff48ae
f674781
f0c14ec
004a732
01b724f
fee007e
f50fb1b
0bd6608
00525b1
00aaee3
05a0c3a
f40c01d
09ad37e
0fa283e
fde70dc
ff1d2c6
f5f2db3
f7065ec
0ccdac6
fa9e6d4
09d8eeb
0cc4c47
1cec840
fcbd7f8
fbd0e03
fa36cea
ff5fe92
1218cc7
f7e5483
fb8c004
07e32cf
15fec58
f3cb214
0165d16
0d8f267
098df42
0e09fd7
f805b0a
f1eda0a
f5ec316
03d06db
18ff2c9
0796373
17431c9
f9cba85
05260c4
fb7b6fc
fef679e
f452a5b
1454d6f
ff6c171
09a430f
018cf23
fd3a2df
ec7152a
017032e
fd5505e
efbd8c4
fae498f
00c69e3
068bb5e
030097c
fa5187f
f1b6543
f75829c
038a7a2
003f72c
f90086d
ff93afa
f2ba3da
049e59f
fbd08c4
fe9f74b
033d9fe
0df9937
e70a6a2
04e915b
f323f6c
0b9f0d1
f8594d7
04b22e2
001e26c
f50098b
ff5f226
ffbdfe4
0721719
072fa77
02345ee
f7e6cc4
ee3f21a
fd8add4
ffeb233
0a1b9b3
f531990
186fa04
f2057b6
08a3b9c
048507c
04a5ad3
f2c25ec
060a821
06c3034
1275974
0a1b010
095ff83
fcf7f55
03c115c
01b60e3
fad3e56
09f3d0c
0b378a3
f83ff82
ed3d2b8
0c02f79
062e4da
0d2974c
ff52807
0cdc8bd
fd2b707
113004e
fb59877
09987be
09ba336
f04da27
02df6b4
02faa00
05ce697
fbbfc38
107cd16
04b379b
efd2126
fc6cbe1
ff379a2
114eb0f
01015e1
089a979
06f8f5c
090e00b
0cb6b0b
05be5ba
0bcb57f
06fa877
f47839d
00443bb
f68083d
e8a023f
f5b0a7e
0785230
024934c
f2af3d5
074f5cd
f511e51
faacb35
ff0c9af
049056a
071267d
0486990
0b1dc57
fbc82e4
f080c73
fb19013
018a65e
18ec060
00a5c76
08349ee
017d4d6
00973af
fa994e4
134e276
fc917d7
fb0d199
0fc448b
10143d6
fd6f863
0b2393e
f736436
04ffe90
08e0788
f91eefb
080dd3a
12ec92d
06a726b
06b1ddd
08573c1
08db44e
fb319b9
f9b7428
f958129
f521ace
f99c882
0bdf1b9
f5ff88f
f63a972
1677add
0aa9771
fd47d9a
001d4dd
081772c
048a038
ef339a1
fecdd8c
f53b37f
fb31d92
ee4b0f3
05f1db0
f7115a5
0be4477
067ed21
00089b5
fcbbead
fc13825
08b0b0b
f8eaa3e
0b7bc13
05bca4d
f963cea
0ba5843
0b6b570
f43fceb
0c8168e
0e43dda
0922938
faffd06
0eddbd4
fbf7831
026130c
ee00fd3
fb38bc4
f559451
ecc4155
009d868
f3b7859
fa4a744
012e7d1
0c90ccb
05719b0
fd32969
f70f2a7
e6461bd
f8880b0
fdcf712
1ca58aa
f0f577d
f7c73fc
f975859
f2c49b9
fc0e0d8
fd3575f
f93d1c2
f7b6783
085390a
f88d60c
f8c4621
f25ec3b
f9987f8
f7211d2
0ff8f7c
fde024f
029aa98
1004de0
f38c1c0
0716ae9
0e8538e
f86fdda
fb5b64a
ff9108a
04b28e0
fe06024
fcc0f42
f8442f3
037166b
0d8e48b
fe9e577
1d99a8d
0a7feb5
0f0d597
ee47173
001d4e6
09f990d
fcbaf0c
00fffe6
0696c46
0926869
f200429
0040d19
ffb389f
08199ef
04882fd
08076f4
fb888be
f7b2b60
f990137
ff28daf
fde0a01
fde4c40
05b9d0d
f3a08d3
04b8b1a
0138d90
f7c49e7
fde962c
edafaa6
0f8568a
04fb554
eb9c137
00f7d43
e418c7a
fd63ae2
02ba5ec
1157004
ff6fe22
133471b
fdc88fd
0ebdc3a
0a8f6cf
f662048
f749bf3
1120379
1187d2c
f79bf02
07d327e
0873750
f548f4c
f62f98d
03d6734
105afaa
f8d9034
09dece2
e7aa44d
f3c7bf5
07c5a7f
0375784
0aab455
06479bb
0399de2
fa2a18e
064b470
070131a
fc372d3
0063673
f7edcc1
08dd4b4
0afb47c
fd67dd8
0fa22ca
fe515a0
faf22a1
fec0725
0ae892a
048eca3
0226f64
03f5191
f9e3555
fb1bdbe
0217850
ff5c409
0806fd5
046ef03
0228bc1
fb6a21c
040b6fa
f9e08e0
0039ff8
0b3f61e
fa1dd18
08e0586
ebbe66c
055cdf6
f856409
f3b095c
099a3fa
0972aec
fd3e39a
fedf63e
ffa22c8
fee6cf5
ff1c865
efa5c24
f80980e
002bf69
f13cdb6
0c58437
078878e
ffcc8b5
120e6ab
06fc466
fd9ec00
0acdf6f
015704b
ff5be32
0a859a7
08261f7
fc75993
08550c2
0364a67
faa81d3
048f675
0e1eeb2
1391c8c
0523dbb
f8b17bb
f39670c
0041166
fca8e03
ff42cd8
0688c09
f9f3471
0893ca8
0436ba9
f1b80ea
ffddafe
02a4668
01587fe
fc10db8
f66361a
04c0683
f36345c
0378430
fbd312e
f8c1d99
fb31039
0649880
f93b0b0
00848be
0af19de
f737c43
0727b5c
0926046
f6dee03
0be5418
057d10f
fd477e7
10133c2
feef34b
01056ec
12721e4
042bcf1
eca06de
04d268e
01adf47
036f1ca
fd789d8
ffdd970
f90d8a7
0047ed8
ff5b8d1
016cd95
0a1aaca
0524a2e
033a557
080ae22
f8d8446
05e87a4
10e753b
04199b5
f26f710
f45dfa8
0a9b59b
06f0ee0
156d5b3
fa8acee
f956edc
0d27db7
ee950c5
fd36a51
ffd751b
fad6c99
efab161
ff86fc7
1c4ed36
03cf827
0684340
f8f9188
f8fd202
feb8514
012b079
1065f0c
025507c
103524f
f5abbfb
0417aff
0560ecb
fc3dd80
fe33ce6
f4bfdf9
0221016
0ac1939
0e1a70a
0546639
eb8785f
18b9b06
068122e
f76c21c
f5c6f5e
0e9e2b7
0894577
f94c900
055bc39
fec3613
ff137b3
ff19d79
fca6a34
010968a
fefe18e
05c449c
f56025a
0b0ec38
f7a7adf
15b4347
e788ee0
f382b3b
ff416af
093489f
1160e53
e8e180a
fddeb0d
0527438
fe37d8c
0333d98
ea99fd5
f9438f8
032d48a
f253eb1
0e08996
0feab09
1aab45c
f4f5640
0c7ad54
fd85f5c
04f8873
012df94
043337b
f90c3c0
f6d4a57
040e5c9
f221261
0a75d8a
07f4815
f34226f
06f2c53
01f9ad2
0335df7
077677d
036d238
010b1f9
eecd768
f79eeda
fc6327c
0371576
02828c1
fe7651a
fa78c54
ebbaca8
eff6380
f7a91bd
00c5c0f
0ead7cb
f8b6fa4
14f4995
f248e66
f98aeff
fed1895
1284728
fe1d61e
f37d737
fd4f443
0573065
016ce16
10e721b
0eff3cb
120298a
06770cd
00a0dcc
1006395
07b757f
fdfa36c
fb62aed
0071bf6
f8b594d
feee797
05b522c
eb2bf23
f72a1e2
fb109d6
0473719
ff14b3d
0b5c8c5
f9f4c27
ef28a74
ff67aaf
0b8c780
e817cf0
fdff4a6
03b349b
f26439c
08a8e13
fd7378a
03d8a34
f414739
ea8a63e
0082613
fceb94c
0b7c600
042dd4e
fa68464
fa9504a
06a6cec
0fdc62e
057be6f
fd88bc9
eed0fe1
04c3441
0c9f7c9
0134575
007db97
fdc6df5
fed3119
fa14186
f619d74
ffcf856
fd5008e
14db325
01cffb7
0ae324b
f789655
e4d00e4
fc51f43
0c9cc68
08ca537
f9abbeb
065d4f1
03675f8
f89a009
f338f5e
0947aca
fc7cd39
01b0c49
fa6b955
0bff1c0
fbd8231
ffaf698
f323986
ff88146
f95ccd5
e8ecca4
fe71960
0dbd86f
01d905e
ffad0bf
0ad3214
04e111e
118e119
fb02214
f9f023d
04e37f3
0b71aa6
f7309e5
033cecc
06f6622
0aab680
00265e2
fc740f5
eeaaf5c
0c13f25
f816c29
f243c54
f2a1321
ff89b6b
0a86fe2
fd75a1f
ec6b9f9
f84465d
06007f1
f5222ed
0994dba
0939a73
fa34174
f8d4994
ff90c89
f3a4010
f59ed7d
ef93873
1da87fa
fb82570
fa2ec60
ec8e4f8
1996920
0ab4a74
f9e6f5a
06376ad
0ee09b9
fe10e84
fdc1cd2
f70e1d5
fca1281
f41fd52
fccc99a
ed3a452
f582bd9
0469231
e7f0e03
fcf986b
fc9c7df
08d49fd
f13ebca
08eb816
f867bc0
04d48ee
fcd1f37
07dbed3
076490f
fe5ebbd
0c40ec6
0e5c77d
f181f03
0914959
0bdf222
0f47db5
0075147
fe630ad
fd0f24e
fb09c3e
0b0f3c7
fb2847a
05ce27b
fa5166d
f448d6e
fe8dfa8
05c726b
ed57312
1580f94
ea18894
f8a4409
ff1eb05
05f6c95
fe80e8e
f9a2d87
fa26b26
00dfbe4
03d971c
f833446
05e71f7
031e8dc
f543ac8
001c7be
f4d2087
f652c1f
f534225
00b5f2a
fc2a7aa
fb25979
ffbd9c4
eb110b0
f3273b6
fc5a31c
03eaa1e
f2603a0
fc29e97
fc7e8b4
07c1834
13b803e
efc6962
00003cf
fe6faa9
08ba409
0874a67
fb8b717
f67044e
fb3fba7
045aa4a
0d254d4
f4a7923
fda1605
084364b
f38217f
ff5c052
eedd1c4
0be1846
fcfb5ec
0cc3339
00087cf
0124047
0237062
ffc462b
055fb8d
0646862
041c511
f76be33
1645769
ef0ceb0
1a4c55b
045f971
fb45dbb
039b47a
eaa720c
0bf3469
1794995
f80d364
038aa81
ffd0e94
f2c8a11
150cd43
00546ea
0f42d65
0c6059c
17201da
fba2df9
0e85670
0e6892d
f225f47
eda0ad9
ff9a8ca
08b6936
fd36993
1059e2e
0e75947
ff95cff
fc11591
fba18be
0194631
19ebd02
0d42a43
f462df6
0bb910a
f92d295
f8c7de1
fbae35e
f94eec9
f21c9c7
05e437f
f98277e
f8263db
0202150
e0b1df6
06b4c92
03da9ca
01b37cd
ff89e80
ee2b964
ef10982
fbe0ee7
0c4fae2
0a8ca4c
1055397
f75c706
f0afa05
0825261
05ed9ab
fd1659c
f9dd706
fd71369
0abc8cc
0bb7902
004030c
f6d7fe7
f48f017
ef0ca51
00db232
ff7d894
efe3742
00c9d6d
0671c1e
f89ba70
05d451d
00e245b
039686a
059f5b3
fcfcb3a
fcc3e19
019af76
e90bcc6
fb8f726
fdff8f3
05e9050
f21f6c0
0b147c8
0382281
fd3fba0
0603d0e
fda0617
e1de7c4
f6412b9
14f2002
055b7dc
fb5a920
ff33e3a
fb88535
11f4acb
f259cf5
f518118
fdb9bc8
01c6b82
010d99e
f118925
eddf62c
fe44ee1
08bf448
057de1b
f37d6c3
fc7739d
ecd7b78
f465d13
177c62a
09ac67c
05094d9
f104d97
fd04289
fe521d7
04af21e
09d5a90
f55afbc
f42d061
1219465
f9ae620
054293a
012c31b
f9fc800
f1ae2bf
ff1fa89
0ec90ef
0034866
fd3c997
ffba83a
f7c310e
0003136
e0a165d
018d412
040fa93
fc0e92e
048f2c8
05948fa
f53bb6c
085c512
fef56f0
014d0c5
0c826af
f581697
ee11ef2
00b7483
097a652
0ba2f6d
08b811a
fab9db0
0f4d9ec
0607bd8
0f9d28d
fb29aa1
ee88562
075c7e8
efa1c8a
09d52e6
fe57dda
04b0912
04fe1ba
0650904
062b424
032f077
07c72ea
f56110e
0513ee1
07f4654
fc64bcf
fd17441
05eb6d3
f4b11f6
01f97ae
0ee8c29
ecb1fb1
fe26126
fa8e7d2
fda12ca
0909312
ee7b200
fe2f59b
fb55654
f65c94f
f4f5e57
058cb64
016acfd
065d24b
03fc0a8
0362be4
edf89c2
fc53703
fe0643a
0b7cad8
f92eaaf
0dc3148
0ee50d6
fdd5730
0d446f4
06f1cfe
060d4f1
111cca5
e28d834
f7905f4
f830d18
ef40ceb
1498d0e
f28df61
e8976ed
05b0be8
fd59c3c
07fa18b
fa6275e
fa73ac0
e432d2a
12a1d30
ff13dd2
070bbde
0bb476a
fb8be5a
f15324b
00f4fb4
ee9e150
f81c77f
f7c3078
e9d3aee
ffcb17c
f8cfcb3
05d17c1
f6bae8d
068e445
1092fcb
e892c00
0ce65aa
f5c8197
fc4d4c8
0b7b7fd
0c96301
fc52092
fcbb3db
e87baa6
edb2c0a
10277c5
00475d3
fe354bb
fe4b5a1
fe1614d
fb0ed68
0bcbcc5
ffe7473
ec3de54
fa31c70
f365470
04693c5
f599b68
09a4998
f36ece8
0551ba8
02ae5ab
f4da590
0686ac1
f8b12fc
1084ad0
f99f460
f3e877c
0d4578d
0f9bc06
0ba412b
041c05b
fe7a231
fb140d8
03c40c6
fc802fc
fa3c70d
03c9a5b
f98476a
0e36245
fc993e1
dcedc64
0d5e5d7
04c843b
0d112b6
fdecc34
fefdfde
04ca41c
0e488b4
f3a961a
fbad794
f6b74a2
fdb0c3e
05af293
f9a95ce
03149e9
f71af19
0e83682
09abba0
e90bc84
184bd8c
f90d03f
0454363
07a02ad
0211acc
08709d6
02a3f38
0b7af5e
00c6756
14ff556
ea5eaf0
03d2c57
ecd2bd8
030ace6
04bc264
08f0210
01bcebd
09ac736
f6a7d92
089c119
0cd83ac
00009b3
07677fe
f301a79
01e6dd2
0b2b051
071102c
06b1f1b
ff3e06c
070204d
fafec77
01bfae9
f83a713
f6184ee
0db63ed
0499acf
face0b9
026b975
04bfa0e
0b16dfc
1236b21
f09a779
06e2009
ef9df6e
0db89b3
f969d1f
04128e5
f1a6f59
0572249
fe702ef
0ad7c27
07f723a
f9274ef
fd32d07
0858100
f5ee08b
1972b34
14e4a4e
0f7f87e
fbb2d15
06b0dc4
fd31f3e
fbb4965
fe53c0d
00479a8
06ffb4f
f44d605
08148f2
f78be2e
f7da08c
0913017
06cbb72
fc69113
fd91721
fe74377
031d3d4
f713706
0657dc0
01ec341
efacd59
148c0d8
09d7f10
ec62fac
06e49f8
f61a6d2
0444bae
00736f4
04f40e6
f39baaf
0f3cec7
f6dc573
f97a02e
068f5f7
f930400
0634ee5
fee0fde
012016f
16a1963
080ee0c
eccb8ad
fd25418
ff6012b
ff6e553
fe40396
03a87de
fa3413d
faf327e
f9e1a4c
0056b5d
0654cc8
fa7b2c9
08cf80d
f5b752e
f665018
0504e9c
fc5191c
edd7b50
eda9b7a
177ba92
ed4dace
e65e27d
fde48f7
09cbe7a
f78c5e8
05cada2
0bdddf8
14a915e
fb4b4e7
f3e0e4d
0910263
000acd2
fa205a9
f1d56fd
0245e75
fb830f6
f7e1f43
f41abc6
07396b6
ef7f54c
fca2fe1
fa3b9ad
ecfdfcd
01eea77
fd2c8a2
010abab
0136403
ed7470c
0769082
06f04d6
fcac383
017793c
f9be0f0
046aa2e
09308fb
0a0beda
00cbeea
095cdf5
09c470a
edb59ec
f23704e
f38a4d7
fe35b95
f1a8529
f310190
fa5f1ba
03df4d1
0bbad24
0df932f
fa2c679
0a8dab6
f307bf5
f52de2b
fdea96f
fcf3462
fe657a3
00077d3
04047c5
f27804d
02dcaae
159e665
ff83761
f633cfa
f9a2563
fff235c
0951bd0
fc73965
fc853e0
02b0eb3
198d9c7
09dd3bc
0d9be16
0c3a8df
fc76f9d
01ab575
fe138a8
0ba6bce
ffce525
0e299a7
123acfe
ee75f6e
ff593fb
02bcdd5
e5d7223
0fa3905
e516051
f817b91
0947968
0622035
026145b
07aef30
03c2b96
140007d
02b1e0c
039b26e
f17f188
f81f87f
f5c0804
04b799c
fad4c84
00638b0
fac67f9
01f161c
07dcc4e
032a862
03c01cd
09eb624
f299687
005cc94
efc9473
ed8c6d6
07859bf
f743016
06a0040
0381bc1
01d1b13
e17350f
02841f1
0051764
fb15ed4
0066fe2
fac9207
029c81f
fc1488e
fe8127d
050fd9a
e2b9799
f954ef7
ff81baa
fc1e24d
e37e726
0a0c9d3
fa8f2d9
07f48da
f299017
fffbf9d
f6d7af4
04075f2
f46ceec
fd6c0a1
f534c7e
f3733e2
fce00da
02dec71
f966436
014689a
f18ea1e
09f43d8
01cc2ba
e136a91
fb027fc
f950d90
fbdb1d7
078b27e
0d76712
f9de472
0d4a498
fe8305b
fe9d7c9
ff796f8
f31d048
02c06fa
fdc6356
f568de0
0db356c
042184f
09dc9aa
061a88a
f93b090
f515bfd
f8b7b87
fa230c6
edb4eb5
03971ac
095cbb1
f7122bc
005d923
f447cd9
f28dae7
f4fda44
fa94b30
f6e5729
ff2bf85
f62362c
04b0f64
f1a39ac
f54cdea
fd6326a
06923fd
053c90b
f551be4
f8dd7f8
0454c73
fba40b9
14cbd1d
fef4446
ffe4444
f981480
0ab48a6
0df9828
065b572
0e4bbcc
f1c6384
0fff43b
fb35374
06f5c22
fc2e87f
f806a8e
093aca3
f95e214
ebc7fdc
0a48fe2
010144a
f8db968
2211892
0435b71
073323f
1cf90f4
1accaf3
f1c7d4b
e9094a7
03d3736
ffafa8a
f31c0bb
ff5135f
0789ad2
f8c92bb
09ff8f0
f278cc2
0cd501f
fd73adf
fbd4565
0623f30
f84c248
0cc4ea9
fa2882a
0d34f76
fc77b16
fbe0a22
1072b86
13e079e
f56ab70
f8d8992
ff975a8
fb6699e
f31b5c1
06863ca
14ab137
f896c4c
053f673
fb8dbfc
03a1810
1444d9f
fcd3039
ff74e0c
032decb
038b102
fdf4f67
f3e036f
fc73096
0018bd7
f21fecc
06e409b
04b0e74
02da923
02fdedb
fa11fcd
ee61f8f
064d28d
069324f
0eb9012
0ab77c6
0753d26
f8afcca
14b97cc
09a9e4a
fd2f69c
effb385
e968a34
fe50967
0a53d7d
07a9eac
fc8742c
01da459
02446b4
07f37ba
0d19edf
f791fa6
13d7ca7
fa48f69
ffb25b0
069ddf1
f6ffa51
08ad28e
ff90327
ffe6331
065c21a
f7d67fb
02f682d
f342f40
ff77f99
f34a1c2
f2b2069
f50a7be
0d2f44d
f8e8b10
03ec47c
07881a2
fa910b8
f554eeb
0081252
0f810f8
017ca2e
f767889
034c7ab
fa5ccff
efbfe83
0b4e212
fd34044
f9890d1
0093a4d
f77de94
e9a714f
06ae96f
0c4fe44
012d89c
0445a6c
0371a24
0cbf44a
eade93f
04b31f9
fbf7dad
00e9bd2
10545c7
f9a2120
fcc255c
0a0a07f
062645d
eda83aa
fe7c1b6
0c86946
09a7ca5
0434df7
0bccb07
fafd935
faea727
0568079
f10586c
01676ae
0eaf400
fdafe2c
f616ac5
018087b
fba7177
1ca62f9
ff7c106
13400f0
0497265
08dde37
0e24c1a
ff744cf
ffceddc
1153433
fd45259
0ab6191
fba8c02
04a8d83
0aa01d6
0cb14e2
f140287
ffaa527
e83ef13
f21395e
fcfc317
0c1fe15
0928e9f
fda295e
f9972de
f90b598
0b55edb
018bcf1
0b074fa
0f1e77d
f931b8d
fa4c85d
fc24e41
05c531d
0d786e0
f32d7af
fa737f2
fd4836d
0e8ace5
0b8b8be
fc6b294
fc168ec
073a64b
00bca70
0088f55
034b631
0856fee
f1b8765
f7fd102
f966995
f7690e6
01598d7
edc3cb1
fb07267
f41c773
0be20f4
083d634
fd45677
0036f71
039271f
ff8f27f
057f77a
f706423
080883d
fbf4b95
f59ed71
033778b
0710258
fa4b919
e95f610
070b265
0962433
f6c607a
f98cfef
03580dc
f8100b1
f9e2180
ec871d9
f625e43
022dc9a
02e9b3b
0ba11d2
016ccc0
0248bb4
f8b96f4
f255290
ed6c50d
ee2c585
f48a484
fe423cc
0d2006d
e9b93ab
08a9e11
039fec6
0317be8
08134d6
f67c70e
04ee10a
09589ba
001a0b0
eb8f8d0
fb61700
f7089ba
f87dd27
f5ed7fe
feada0c
0560eaf
01e9dec
03e9af8
f22b21a
fbe32e7
0403886
ecd43a8
fe4edf7
02763ed
fc47ef8
08a7e16
f5ce0ac
f8cb113
ede4ade
01cceca
067ba8f
196822b
12b6a63
f91069a
feef367
10470d9
0075211
0c45247
fe8f918
f907e1e
08953ef
076b97f
f2df21c
efe6c02
09028dd
0c5f584
1af8cc8
fb10cda
09cbcf8
07e0618
f0cf649
0dfa5aa
05e4176
ffd1627
f8249ac
02c3ba0
0610970
ec5e9bc
f87382b
eee0f88
0909094
01504a2
f45b180
fbaacdb
fd30d6a
ebdece2
f1613eb
0dbaced
0aed398
fca86c1
f5e22a7
fdad462
0392c2b
f188e45
00b6bd3
f86103e
f2b7ab5
f7a5256
f9e6ecc
fb2938c
0dae541
e89ba56
fc4600c
10bfabe
f905f3d
0029e20
05e3aed
046ff64
f000069
0ef7cc8
08fc570
03fed76
f4fb6c4
fe9a66d
f3c2b93
071ba75
fdfec21
030d5e5
078f88a
fcba401
f91970b
0821dc0
f2696b6
ff55e25
03258b2
0494b76
fdef8dd
f8ff953
02a4f5d
fb70e5a
0db9f46
05aa628
fc5be01
f5b0616
fb91b89
fe875e4
f7ae239
035d3ad
fdb24cd
0150089
00028a8
f2c56ef
00f2a0c
1a00445
f839e7d
fae7a54
097d5e0
0eafa6b
f739337
fa0fd99
ed067a1
03fdcdb
012317d
f1b9179
1113513
eb05fb8
edab1f2
ed3e5e0
01f696b
ffea273
01029d4
ea361a3
0e50be9
018ddaa
fe9e259
ff4b4eb
fc5127b
09ddc3c
efc957b
fda85b0
0b66d55
00ae5cc
081b42a
092f225
07cbe82
10578b8
fa7448c
0328ffd
079939b
0cf8718
efc8977
f299f0d
fc18727
17271d4
edb7643
f99f926
11a8af9
0d55964
122882c
1287f06
05a9239
f838c81
f852cdf
00525c4
f54b2e4
f77dc6d
fffc21f
f4cd924
fd8bad6
00c5884
0816dee
0be8304
0153482
f6a260f
fd7faaf
e1d7b33
078515d
fd0d81a
fa64eb9
120955b
fd3ffa7
079c6d4
059e1bc
f821f64
026a499
0603962
f833d60
f6b5f66
05be68d
fb8f499
0348760
fb4b070
0f5787c
f7850c7
091b0c9
fa955d2
059fdf1
03f7f02
175045c
062fbb5
f9e6d97
0c65fa9
fa322e9
06ee89a
f6bca40
fb7341c
f2ffd53
ea907bb
092e276
07df9c1
fbc4e9b
e605e50
f186a6b
f3637ff
f62a524
01706f3
031f35b
066ec7e
069fa79
06f45dc
f971f41
0b107a8
f5bac02
ff41c8d
0ff306b
01ea37a
0a31409
fa4793f
023e421
f3ae2e0
fb951cf
0910af7
f3399dd
05aa178
ff0dda9
e7b3512
fc2c8f2
1548e39
fc5a5f1
0bbb0b2
1eff4a0
f45caf7
1dbc074
05864e8
067d5ed
0829e3d
f8b8be2
09e1ffe
0000ce7
01c1b1b
0863d8c
fcc9aa1
0b59fd8
006ec18
fe975b1
0d7a303
f2888a6
fbebdd6
0e36673
e522590
f53e31b
0ab8ac0
02c33cc
f61a5a3
fe61173
0f4f516
f6bd016
09092c6
0804e69
158fcfc
147fd1c
fb9329e
1684d4b
ea322a9
076117c
fb852bd
ee5f966
045a628
00a28e3
ff5cc2e
0351c46
0527e49
0dcc2ba
00d9650
fa5d99b
0de8304
0e99a21
fcee15e
f0704ac
ff89682
057aec8
f532d31
02fc9bb
12c229d
fdaf2df
0bdccf1
fefabf5
fc4742a
f9daf42
12da975
fd337aa
105fbc7
0564393
0ac362a
fe077db
f15739e
f3c3b52
051c936
f184fc7
06b527b
00e36a4
0c17567
f2ebb92
0093bdf
f2f89a2
0f93bb5
080c276
0cb50ed
f922087
0bd9997
0299d86
fb5985e
0915b0e
04edc0a
ee86e81
024630f
0d2891f
067bd9c
016651c
f7cd16c
ff92570
19e7dc0
ed531e5
0f938ed
097f3ce
0effeca
0173e44
0b598fa
05ac20c
0224425
0ecedc1
099fbb4
1127139
f1b68fc
03ea105
00e59e2
03fd43f
01514fc
f045e8e
fe878c5
0288478
087aaad
0fce96c
03fa0af
0579b72
151af2c
02a3e24
0c8cd69
0622cb6
f5a0528
00290b5
fff00c7
0759ec2
07a266c
faa5bfc
f95fee3
fc242f7
f56e72a
0f70523
0217437
0836b76
f7ea177
0c039ef
02387be
ffff758
fc1c53c
0844569
fe386d4
fa60066
0d07f16
e0d3caf
113dbbb
054a21d
17c8199
08ffa19
ec10468
fc2da42
0ee7db8
e957a93
fed178d
fc24169
0994aa3
f6abb39
fcb5872
07a3364
f85afa3
1061ccf
0d39476
fbd1514
e94b8ae
02c95b8
034b2d9
0d30146
f9018b1
017d33e
fdd0923
feb148c
18ee4c6
09f83bb
0a44565
ffcf708
fe426f6
f9cb0e2
f49fbe4
e712a91
18fd4e2
f31863d
0156475
eae038a
fa72dd2
020af35
fad1663
07c0572
ef09c58
fd38dbf
ed56dc3
fd24b8a
1432f94
ed71d01
ffa42e9
f4a4e97
fc855d9
0fa700e
06864af
040547c
058c41c
eea75f6
0e31409
0fb76ff
06c9d78
fa4e1b5
e67abf9
0573b53
0852dd6
eb8c954
01eec96
ff64841
18c667d
fe90cb0
0a64063
f7f6b42
0c59e63
ee7e716
03c8578
f972dfc
f8663b6
ec43238
f70cbc5
07460df
0632c76
fff2957
fb4e057
06fcce2
0023103
03a44de
fdabd7f
fd680c9
f3a615a
f9e3058
1025c07
fa0fa42
04903fc
083de67
03ffa22
fbd5a49
1a9176c
0eab2f0
fe64114
04f9d0d
002760f
ddad8e5
0b9306e
062820a
100a97d
f7931cc
0baf4be
0db4268
fd785e4
feaddbc
05a4af4
02587de
f795759
f951af7
002942f
f691ca5
f6c03d4
f561ace
1605e1c
124f413
09f952c
0e8c093
fb9d993
fddd280
17d7b28
f82bd79
f8c36f6
0ef598b
f48d30a
f62cd2f
fcf2f29
0a223c6
f3c380f
0cd329e
05e1e54
05544df
0063c96
f4703cb
03eadbf
00dd27d
ffba935
ff8c529
f09655c
fbca1f2
fc41364
e7b3482
f985985
fb2fe19
fb62a5b
0c5165e
05a5539
faa47d2
0e8a421
f8b0f0d
f1609a7
0c8489f
eedf272
0352ddd
e6ef112
fdaa396
04cd0f8
f68207e
0f7ea66
f1d26d9
f23d5fc
fb1b365
f2b83af
fb61701
fe13ad7
08c205c
ff0d03c
036875e
f936d16
fae509a
02a25dc
04f434a
038b775
0be7150
f501f1d
f758b8f
00a4c6a
17c94d3
065e0c0
fcabfa1
f9102e5
fe73cd7
f617d46
f920f7f
fadf665
fae8a17
f4a5f26
f52c135
fc655c1
fc15e33
e6c7301
09c3769
0239b3d
fda1b93
fa0e3a1
f093509
fe5d8af
04ce470
046d00f
f5950db
0f3ae9e
fb0d42d
0bec6f9
fab5ad1
08965f9
f5aa776
fcfacfe
f1d590c
fe69998
034e284
e738b74
08de5d1
0b86124
09d84ca
f222e3a
089e6ce
ff25fb0
fed435c
f3fba44
fbc3bde
fd2fa00
11f7d46
08f8914
eb48761
05c0783
0425e65
06f6bb9
0685ce9
073aaba
f9482f2
0062780
f971f08
0ad9e39
018cbb6
0f5b070
fe5c6ea
0a9be15
f12729c
f910d02
0af0c6e
f9f6ac9
f8a79e9
f12254c
f60124b
f52082f
07c1db4
04d951d
f8dcc09
02de877
17d3e14
fe69b69
067706f
fb5d866
1284322
01941b9
0124031
0e9bf48
0550e42
f9f9b0b
083e5fe
1253ce8
e5f1e09
fda69b5
0016b78
fc93e63
023e991
faaa81c
044de21
0460764
fdb3252
fcfb138
fede93d
09d1a33
f1d71bd
010d540
0e3c7f3
0b092ce
0ceaf47
fa14572
00deb38
f8d443e
ef0741d
13d984d
02f3d13
f1f8bee
0114fb0
fabcbf8
084ed33
ff72ae2
094f286
0d04bdb
fd933c8
01489f0
01b6eff
01bfbc9
f609519
fe734bc
03f58dd
0cc88ea
fe546c4
f922391
f2c7bca
ff7dc05
06ab06a
eb4af15
fc87e46
008e90b
f6f53aa
ff8cce8
01a39d6
eb78ffe
0beb0e4
fc83eb1
0306363
fbbe22b
0754b71
f1e258d
ff1b012
074f355
fcaf9cf
044cbe9
06364c8
068b228
fe97ec9
fa7715a
09130e9
f8df9b8
06e5ee2
0cb1f73
ff01060
0f8c89c
07d85f4
f5b574a
f57ce27
fc9108a
f6116d3
fd6da2a
fe0e5ad
231ea25
001ac07
f2ced57
09bcd06
0141624
055d966
f1fe90f
02cfcae
f409ed3
06d8cf9
02f8ef1
f3ebdae
f60bf81
01589b9
05ca578
07e63e3
08a83e6
f0725a0
0a76e8c
07cbada
0620b06
fbe1cb5
05a4c04
f5c3d0c
fb34554
eebafdb
fe8d8e5
0335688
f9ed1d6
f497ded
0afe39f
f0fc40f
f590261
fa2ce58
0ccbb39
0183384
0011f9f
02f2e4a
fff086a
025cd0d
04e9c1d
f38cf88
06c892c
fffd828
013d800
fb5e242
f48874f
16300be
fef5c13
f821dd6
f6b1224
f6444bd
fde9095
fe11095
fb895de
f7fb61d
f78448b
0854f0f
079330c
f8b9461
f42fb29
02cd1bc
f677611
0c42b9d
ff2add9
f95a685
057f0b7
eed51e5
06a0bd0
0959f1f
fa33eff
0bc6127
f1bafa2
00d4415
fe7aeca
045d839
0563b22
f30a26a
2521f45
1b30dd9
f8cbfe4
09ae76a
f9ff560
04e5c34
f759f27
fb9b475
0cb6279
f3cc96c
f21dad9
05489bd
066fdd9
0749cd9
fd0f7a3
00cf775
f0cb096
fa0f993
0997911
fa39dd2
118b495
f6cda22
fa4f4d4
064a0f8
ef4f93e
e47a6fc
f6f69e3
ee02dcb
fa5df6b
092ac8f
0e77a9e
f3bac19
f1ce9cd
06a33ed
f2d7574
070c4ae
0894d77
009aceb
0df8b5e
fad44c8
1cfbcb3
fa07d9e
f6646a6
095b566
12fd509
0f390d9
0648259
f8c77d4
08221b4
f6fb75e
169d389
f1f4639
f1dfc40
04ea9e5
060a7fd
ff6651b
f975974
f8464b3
0dbec4f
0654fc5
1e0640e
1388f5d
f8c0bf7
034c96c
05b3554
02daf2f
0f869ef
09aa4dd
02b8d4d
0bb0c72
09a7c7e
039729d
f0cb9cb
fa7d0b4
f1b45de
f0f55f7
fcaf01d
02d46ad
1044e02
0f4784d
ed52b3d
0255ec2
0a8199d
fcb1ce3
fadff12
07bf4ec
1244d15
0080fd7
f988c1e
fc64778
fb2d7f7
f9d11d1
eea05f4
009e851
f4dafe6
ef5ad24
edc27b8
fc6265b
fd42471
fe02a53
fc0b741
f8f3344
fe58825
fe73151
ef9b8c3
f861d08
f38026c
026f276
036d181
05d1fb6
0473482
f23168c
f644132
fcfb48b
04b4e0a
f41af17
e92fa53
0282bd4
02b301d
fd71206
0a11c2c
f8a902d
01365c6
0f608a3
fee8d77
166fabc
0498686
ffabe79
f4147ef
0e13d3d
0c49ea5
01695f5
0329b67
fc390e1
f47b357
f778b0a
fe8b9bf
fd8bb8b
012e531
f0ad3f4
f69f746
f13350e
02c39fc
0db3e24
0a5639f
042cc7b
0110632
fc70b88
0071c58
f2047f8
07b9746
05a88e1
0a509f3
163a53c
f88c00b
f0abd4e
f16d640
03234d4
02db7cb
e8fdf10
0f345b5
f739f0f
11b4256
05dc8ae
03582f8
038ea56
f430412
fb32a88
051aab6
f6fd6dc
0c5c4da
0587d00
021a4ab
eedef0d
fc175a8
0afa2d4
fe469dc
0890b4d
0673949
fb0b528
f368b2d
0729d79
0557926
f2a2e90
0b8e70d
fec58ee
13de74c
0185586
fa54108
0ab3550
071974c
01adf15
0b63c7a
00cb606
0bae535
02ba2f0
0d3df29
05abe59
f94a76e
0667f18
0923454
0b33212
f83462f
01c452f
ec1d888
0c850aa
01f4df7
01644d3
156dc43
0861733
fe4ae68
ea4a0ac
13f4b7e
f61ffef
fbc368e
f7bfcc0
02392b9
0559020
0b281ae
ebc7344
f733157
f86f351
f2eb65b
fbcc4c6
012c3fe
f044cc0
11468cc
fd98caa
195a9ba
f23438e
000cd54
fad326f
f5aa65c
f0195db
06849c1
014ef9e
060f180
013d42f
06e6583
01875fa
0064191
151481d
f8f4530
f766b7d
e6db122
09ebea0
f519664
0b2e83c
09541af
10d9b38
06e26a8
09f6a18
fb74012
f09237b
04b80c4
ee97f77
ff197d9
057043c
fd04903
1225782
1198f50
fc64735
fd237fa
0305e20
0b0a6ae
facf9b1
f8e9edc
f9ada36
04b9594
f55347d
1d583b5
0349ccf
0f7f56b
fd55c6f
0534286
0c1a8c6
00af916
f90a092
fd4f86f
fb57b8e
fa6fdc0
f192717
007e21c
0a89d7b
f212531
f1ecc07
05704bd
f1fe6f7
febba4e
fca19b6
eac9f05
f6c2d4d
f0894f1
0839c6c
ff9b653
f24342a
f7dfea7
ee030f9
f75e9ea
01d4b91
0859652
f2f7001
09f204e
05368da
f856928
011d547
033602d
089ac1c
ebc187b
efc92fc
fab51bc
f8e8f47
fefb5eb
0618cd3
0313710
0a25057
07177fb
f67067a
fef85e4
fb69659
042f8bd
f6d389d
087e7b9
f7c3159
fee48ff
0418842
fce753c
00d5524
fbb743e
01a1e5a
fdc083f
01c1145
e8e216f
fa910f0
ff78247
fd39961
f526fdc
0472c54
02f393f
fce0a39
eee20a9
ff88ef3
0a0ad8f
fac8c78
0926453
fa08e31
09099d1
f70f588
02b69e1
0782a1d
ff27f8d
ed9051e
f2081b5
1612b4e
039a38d
f4ffffa
009c231
01c760e
eaadb51
016e017
fb26f73
f8edb84
fe4eb1b
ef6db6b
0a48a6d
0b7aad5
0515433
fba785a
f1f08de
02644ed
fe72380
f3467d9
01d41df
fdd4214
04568cf
fdf2e04
f895b5a
f8c5ae0
f1ce0a7
f8de246
18ff1ed
0f7a384
fa89995
f801fa6
fe341a7
eed0dea
fb8bac2
0711ff9
07f928d
fedc02e
ebd34b8
1349bef
f64c854
045e308
feed614
07aeadb
1456d3e
f88b197
043c423
fab39c1
e77548f
f1c892f
f4b01de
0047834
0268918
07968ab
ee16f94
f6f19ea
fe1500a
fe329a8
01ca4b7
fae135b
0d179bd
070cd48
1601001
fdd5066
127d143
03b2785
fd03080
ff2f59f
fa9d9b7
f1b0836
f6c09f2
f84914b
00b45fd
f83baeb
faebd1f
ff94902
069bfda
fdc91e1
fb1af74
fccca9c
0b62cd1
03e6ed7
fc218cb
0d04a29
08b5d61
fdbbc8f
f9f5fc6
eba1c72
ed8dce5
01bdf7d
eded41d
fac6fed
ff1991f
f232356
0bc0a45
01d7475
f9fad66
0711326
0266fd9
0906f0d
fc16a9e
fdeebf6
f500110
0693776
05b2f9e
f38f009
f66021a
f48f7e4
0370e5e
00ddfd2
08e8cf4
ff7cf69
fafb25e
f278a12
f9b964d
e93a067
082917a
0ee7845
07b036a
04d2ef4
fc25600
159bac7
fc57bc9
03618ad
0aea7e1
ed01ded
13d6334
ff9f1de
1017fe9
059792f
017431c
10813da
fb31560
006a231
ff8b394
01ba062
fdae7da
f518355
0baa5f9
0badafd
f73f3ed
fc7248b
132a86c
16b5505
e84c4aa
f361a29
0fd722c
02c2667
00e967a
049484a
f8ff2b0
fb1ed2d
f359310
07463ab
056055b
022dc0a
094a4f3
00b2c58
0dc475b
fee2420
05f5bb1
f48dc9c
ed07ed6
fc84af5
ed41da9
0e33371
071bc11
fc2a110
fe9d2a7
094f100
fbb6b53
fef5a86
f1af673
094d254
fb41b62
ff0f0f2
05815f5
04d3ad0
0244b11
fca9dc9
fead4bf
1000a53
fc77047
0a943f7
fff7887
f2e6031
0c6d24b
0751503
ee895b1
f16bb0f
0d6632a
e69c5b0
fd7ed83
fc21c74
006ecaa
fd8818e
0b4d7c9
f14481f
02a3ea9
113b3b5
fec3ebd
fa3bc8a
056aa1d
03b98e1
068e95d
028fe29
f605406
026e50a
0154ff1
fe36e84
07c55f2
f65c8e3
fbd3902
11552c8
f62ff9d
0f664d8
01ba825
f1ed16a
f7b0b53
042ae34
e5f0e9b
0abe90b
f89f393
f799ed7
ff0c1e5
fc2fd97
0063c51
0217277
eb6576e
ffe67aa
ea8b160
07347c6
ffe12f0
0921d5a
fa8bdb7
ed5e85d
fb3acdb
0c7cac0
fd27ebf
0808593
fcb5c66
042a97c
fe40dfb
04eb998
ffacff6
081d9d0
043b097
fd78daa
09e0023
ee93f27
fe6d3b0
f6faef7
073b39c
1bf60c9
06abb5d
01849f9
008f938
0f9df11
efae547
0a05007
fafc24f
f198564
fbca220
12a444f
f759422
fb2162b
f87763a
feb9d53
0ad48b6
1023ea0
fb3de44
069e144
07e5c21
f5ca27a
fbdc22b
f8bb52a
09dc893
fb640cb
046930a
0f4246c
058334f
f71acec
0a22f5b
0306765
02f62fd
f159357
f7d9193
0b53a0e
f3f43cf
0096a1a
078c931
01d3c76
0f6b85b
f91c0f1
05fdcc7
ff0354a
1160532
fc0162c
0812ccd
f51af6a
04e6233
ff27bbc
f95478d
0283f38
030c595
136bd27
f32f6a1
0102e81
0c015d3
fb78024
f5e382d
07099bd
07cd540
0082214
f81c98a
f1a0f58
0dbb340
fdbe283
058d1ab
fde592b
04b0ee4
f3a8517
f9dbe45
fc6bcfb
fe771b3
fbc8e0e
06efb2a
099e891
f8c7cf6
07eadf6
0a09920
f8062cb
fb4b91f
f54b4e9
19efed5
0415f8d
147d021
11bfe9c
0010435
f1c56ce
f3a5bc5
065acc8
027ebdc
fd2381f
0cbaf59
f959135
fe9fd63
04fd77e
eeb3d78
09573a2
043d0d4
0068a3a
0187300
087e451
0d9021b
f2ac52c
fdb3f8e
faf7214
fbf9308
ffab92f
f35f988
fb95cee
00d37e9
fa3debc
07d4363
f313bc9
0ccd186
f74018d
039aa9d
02d2f39
feaf130
ef0e777
02dba9f
00d32b1
fd8ea09
eab5982
057f661
08dabfe
f10f60c
04ab725
f509c7e
04ef04b
019fc50
08156cf
f8533f8
09ec450
06447c1
f9fd9bc
ec97fbf
04fe7dd
0b30fa0
115956d
0fdf747
fd29743
015b4de
00d55a1
03892af
fc4cec4
fef9e1d
00990a7
0725f4e
096cff3
005371c
f8b9c1a
0a221d9
fe279a0
ff50ff2
fba9569
ffa9014
ffb391b
fd5a7f5
ea2901a
ef1e7c3
fd28ac8
fcba8c2
fb65997
f6c6bea
fc7bdaa
f7596a0
faa32dc
fa9a650
004feff
f652f87
0c7ab1d
1050b1d
ff36bf6
0d236d9
05c6cf3
f757541
0916d1b
05d9817
07d532d
fd63108
ea289d6
f8da0c9
f8eaa58
ea56358
08a66e2
fbb251a
fc5253d
0b0523d
04845bc
ff304c4
f3416fb
fdbc967
048d249
fb6d25a
0a90d7d
f5df71a
02571af
0ebe0ae
01b02a9
f865a84
fe10b18
0087b04
f3bbe42
fe068a2
0b1bcc2
03433dd
1036c8b
faedb39
ffc726d
ff66241
f8d36b0
01406c2
f68afec
043f785
04e1c2f
ff12f4c
f21f237
fe9d4b2
f95424f
1045cac
02b49c3
f827bbf
f742aea
09d1b2c
f9c658b
fe9fe2b
f2bf3ed
f8b83e7
113314d
05cfae6
0043ef0
157e2d6
f8c7f30
01f4eb6
fdef965
01a2331
00162fa
034ce5e
07195f7
fc54973
098ba0e
06c1117
fca7e88
fc84e35
05e4e53
03a1618
0a946fb
fe8e79d
04265d1
fee84c3
0b4d30e
0cf6708
f59f4b7
f7c0d79
fcdfbd6
012e3a9
084f2a9
0c871fd
f721370
05e659d
f7e168b
f3a0e30
0a79dca
ff2568a
18053e9
04992f8
0847b7f
06c6915
ec3b739
0978e2c
fe77157
0a3b3cb
f27b7ba
fd07472
055ea91
0d9594c
1096548
fa4ef4d
03acf6d
fa40e16
02a30b9
001c435
f6d5ba7
06a394d
fd84482
f82ec62
f57dc3e
f1155a3
fd1fa31
0abc8b6
fc04441
0c68318
04b1331
f911a5a
fe599ad
f7019aa
f5a1e78
11a3c9d
14d8eb3
fe748cb
064e77f
0379280
01ed17a
e8b8c43
05a95b0
01cee30
f96f7b2
0aa125e
f6696cc
0209d98
f7fef6e
0a6e816
ed3f0df
00b33a6
054639d
037a992
0acae28
fe5880f
031777c
0b8d6f7
0bbda1e
08452f0
f749a36
0507bd0
fb00fd3
0825a34
f7f6050
0449d0f
0bcbf09
fe2d183
f3c7b95
f5175b2
0349732
ffe8c89
00557fb
0524d69
0b9ba21
0e6b8bf
f90978e
094c8a9
02f8726
0a707ef
074e327
10288e0
f54ea65
f1789ef
075a219
0f48c34
f227a90
07ad514
0000b68
f8282a9
feadcac
eb7c26d
fa2992f
0881f26
fe808d0
fd5b625
0b42bea
fb05a15
0d0ee5f
06061b2
fb9e550
fc8b5f0
0c03387
04f1573
075a8d5
007b999
e9d31ff
f78675c
063ef90
f6381fe
09d5048
f916f59
fa81daa
ef3caf5
0aa683b
fba1d3e
f7c4cd1
05e8d73
0843480
f6672b5
0320bba
f4eb4b7
fe606b7
faeabb6
022021b
ff9b479
ebaeae1
fa0e847
04584e4
04890c6
ffb4c07
1b4b582
039f4a0
03a7b6b
0a11ac7
0163c38
00a9110
fd15f87
068304a
0b97d8e
f23e9c8
f3ce827
12c87f8
03c21a9
f7d663e
ff3e153
fd4dd23
f022793
feb42bf
ff8d55a
eabdf43
0325cca
fcb2368
0d736b8
069940d
087d52a
fe56b5f
0b059ba
0a91654
e7c54d5
effae42
f11f048
02518dd
ee71a50
05a303f
f51fbd6
ed84a79
fb9c3c4
00a7fa3
feb87cd
031691e
fbbf5d5
0361e88
fd7fd46
07df5ae
0d75ec2
f8e3584
091ec77
0691e89
f5ab2d0
0fadbd1
191ad1e
034cf3e
099f13a
fd8e363
1330d25
f6a9d58
fa1b6ce
003529c
0585ffd
fe9b20d
feef837
fc01ba6
120dd8e
f9e1963
099376f
03c5e8d
0090f97
08e9284
f78f765
06960bb
ea019c7
fef06ed
f83493c
08f55da
0f5c364
06eb772
f393fb8
f2c10e3
0366f78
0f1a297
fe0f132
f5c58e8
e084f52
0202da7
05be1c2
f29d17c
01354a7
fb400bb
0b88cff
080eb21
f8858d9
f872d1c
fb2562c
f64b0cd
e7a7080
f97555a
00c6805
033cc88
12036e5
f5caa8d
13fbfe5
f3ec702
0109669
065905a
f9c62d1
eae8c19
fd47a4f
0ed4f7f
195e677
00fe5ad
f2b9e3c
f06564f
14177f5
07b3656
efdd256
02e1fd2
02c2390
fcb13cb
ff1dabd
01c13b1
fa28d83
1147662
080bcf4
0772a58
00abe0c
fee0ec2
f70048f
fbee726
f489100
fe9cb61
f411b80
02abd7b
015f448
0ccdd9f
ecb19a0
f3d8124
09b1cc5
0546505
08bb710
f4942a6
f6b825b
f60b6bc
0727e68
023d52a
017f8b5
eec7fde
fa15f43
00f5620
1040e4c
fd60925
04c2221
05e32c6
080db84
fb5247c
f518002
0ed2636
ff7c08a
06eae99
01b1faf
f732189
12218c5
0277d04
f3e72a9
effb35d
0167623
036f68e
023921a
f03a0e7
0b2ef39
03b630b
170220a
f15a722
fcf056e
0dd3c02
fc59ee0
f8428a1
0e0980e
1334cc6
004c57d
0b04fae
f57da3e
f5645ce
f5514fb
f558897
076fc14
feb39a8
e9b6aea
0ce9d83
f1aa359
fa9cbb2
f4649ab
fdd865c
038998d
0331382
fc47f67
0093a3d
0863760
0aabed5
fbac767
f75d214
f7ca954
eec6648
e75e89a
f7b7fde
081ada1
017b0d5
0749886
f60b4ff
f74f37d
06d87b7
f2c0a8a
f0471c8
050ebee
ed24f5e
0d26705
ff02349
0b8ed94
f5a8d2c
0322a4e
e0ef0e2
031024d
fcc2457
1100981
0c7ed5a
fee5c6e
0a2878f
02d5c91
f6e122c
fdab066
029cac1
f736bd3
00a244f
ff22c28
075cde2
f6d9cfc
0ec56b7
061fb72
0da8613
fac747e
ff339e6
f4b8174
042f2f6
01b481c
fb80e70
02bc6c3
f8e2e13
efa5894
f29378b
fd01d45
fd15ca3
fb5f50a
143790d
03cf647
f2f8fcb
0233413
02ac1f0
046975e
015542e
08b3d9c
0a7b93a
fbe6187
e842cd5
ecbcfc6
faba9b7
f0907e0
f6ef1f6
eaef5e2
dd32017
0c498a6
0a9d9a5
02c3724
0d96472
fb401c3
01caca2
fb7894f
ff0ccfb
0a48904
fb584b1
fae6c2d
e9e2250
079828d
ee53caf
01cd8e9
fde07ef
0146c01
f6c22e5
ee82371
040c9e4
0edd6fc
0a4e9c9
02974ab
eddd0da
fa6cabf
127a6ea
f9f65bf
08a1e91
05d5a13
f4b5727
f91b53e
0ab34c0
fedc07c
f47a98b
1be73b5
04a6a2a
01092d4
ece549a
f206722
fef567f
fb59f8d
062a1b3
000eb37
fad1280
fa7d0a1
ef12c17
00749f7
07c360b
fcedf1b
fed1b01
fb122fb
0b2699e
0960f16
0407b0e
07dfbfc
ff33917
f54dffd
004c081
0a66599
fea8ab0
045fae4
00628ea
ebdc569
fabb8aa
03384ef
f663a71
037464e
f2af801
f0e0092
f883384
05828f8
065f1e9
f169088
f4f4174
1285f20
035c682
f55db0a
fa8315d
0160533
008c048
f57457b
fb260aa
057bb02
041ad0c
f2954bd
007fcd8
f2af19a
f387dc7
f5783e9
02b32aa
011c0c9
04a7660
058b321
f0e2963
03cc68f
ebf4da8
0b43e49
eefb8bb
0b3ad7c
05844e5
ffe1d5d
fb1db9f
f25672e
f9c8877
05bf37f
0654c03
f530f73
ec7ad83
03b0e3b
01ef675
00e51e8
01e357c
01bbdd1
0785154
0123b33
0b80f2a
0209ae2
043665f
f7fe203
009cf3d
f7d97a8
0672bf9
fa54c41
024413a
0e4d01b
f6a253b
f8ae919
ed4902e
ea2b1bd
f5135e4
020e002
f9956e4
18b1736
0d33940
0d7797d
f53e33b
14b64d6
0286034
0e94722
f98b4ca
fbe7953
ffb6a8c
09d5cff
efa4bd6
fe184cb
fd9acd9
080f0ba
f3426e0
19f007e
01232cd
ef6e054
f73676f
0672e9c
fc680f9
f1e589a
fffd453
096ffd2
0259de8
0e65a20
085a19a
05e50df
f823342
0f14ecb
f7bbc14
05d9927
0e97f12
f9d5245
f45675c
0b9a080
101a009
0dc1641
f737c7e
03e8357
0b050cc
f7e425d
06d4175
05c7980
0208a07
f8265d5
f1388f5
08852d9
fe6d5dd
03261d4
fba6a98
fc7e98d
0435c5f
eff990c
fb48509
f309004
0a2bd44
ea12180
0c0dfba
f5d6465
00afa97
f3d2f76
009b02a
f4b6fd0
ff4db4c
0ca2d54
f85220d
0ce5183
03a8e49
ee1b8cf
0177536
f850931
069edc8
ed949a2
f25a888
f83f042
018af4c
0aa39d6
fbc040f
008cfdb
ff2af59
f1616f1
03d50aa
f5e3789
f78e125
0952741
1378b1b
fb5db64
fe1d01f
f88d3d1
013fe0e
16648d5
1575990
0195538
02a0da7
04c92d3
119eda0
0558773
fd54578
035bfb4
07a1c71
e96e489
1060b44
0119a63
fe73bee
061a32b
0fc0418
f223fa9
022021c
f6ef332
fd73ff4
011536e
f39cbb2
00b67bf
f49848c
f11fb0c
047d478
173c49d
fb66e30
0795b94
fbe70e8
fed2f5b
0bc97aa
0a0d24b
f4143e5
0083191
059c46e
fbfe669
0cba7d4
01dd64b
fcc21e2
003bfef
09a38a4
02a0f1d
04db253
f853d5d
fb71e0a
06231b3
fdfdcc5
0142043
05b6222
f2d37aa
eea190f
03cac10
f556227
034fb22
0ee2a82
f7c25f2
068bf23
fc3848b
fee21ce
f2a9be7
ff097f2
ff7e8d7
eea5193
0824d42
027d08d
04f16dc
08c1bd9
f4b6af1
f972a76
fea2f43
fe9b3ce
025dd7f
fa9007c
feb84b3
ffff607
f42c131
fdedd95
1c4837d
05c108b
f690134
069039f
f776484
0543e72
f637925
0e10588
08332f3
0176971
fdab014
fbc56d5
fc7ebeb
fe5bd7c
ffeaa47
04bf12b
ef4c89a
f7774c6
06610cd
fd5c3d3
fe92bac
0655257
fcbe56b
ee9778b
1ee7378
f874340
f01493b
ffb3751
0bbf42c
02debc1
0ec438d
06962da
2033560
0a643ae
0940935
098385b
09af8d4
f9ca80d
0f5cdd5
fce1a57
ff9c449
f9e0e50
0c2d263
0200665
0406fdd
01817bc
fa34fa1
f391d7f
f690e4f
f3c4f43
f51d32e
0a0733d
0158ca3
06ecec2
074d909
06c9f42
f15d9af
f476bbc
f38b7d0
0047dad
f98fd3d
025fb36
f34113b
f169148
0169962
0c3da13
006ff34
faf823d
f1e49dd
f173fa2
08a5ab3
090f286
0581949
013cbc7
005cfb8
0ca8c03
f6f288b
f776c32
f415cf4
fe84f8e
0ebb88e
f1c1f6d
0549352
0f2767d
ff523dd
f53d984
04899c0
fb7aa1e
04bc76c
0070b2f
f4b0fc4
0476b50
0366ea1
03ddf68
f635038
05c3789
0565519
f7e6f02
0280cff
f734965
0b1eead
fcf1d12
08e3b77
08baf39
0feb107
018b561
11dfd3e
f71e350
f076089
0427a6e
0dfa039
0bca65b
fe3ea4a
fc7fcb7
06c15ed
fe62159
f5e11b6
efae5cc
fa80f69
08a7515
f3e1928
f618ed2
000e321
04f683b
09d5765
ecc6f5c
f9d5572
00591f8
f8aadab
f91a180
ffa4fec
03d9c47
0b2f521
0eaa3d1
09a096b
06f3eaa
0d1525f
0190e47
03c3992
f41be89
ffa0069
1df5cb8
f3cc567
fc60fdf
05f0a6b
f993d0a
eab71a4
02674d6
05135ca
fc92912
02e3731
f6b8bf5
f4a97ed
0dd39ad
08c4467
f4b15f7
f73b4f2
081a315
028a6dc
09e28c6
03782d9
f4a3fcb
07ecece
0058c9d
0d5548d
f54fdb9
fdeb851
071f178
f43a091
0becfde
fc9dc76
fb31c63
eacfd22
fa40606
02fdf3b
f29c4d9
fdedcf0
ec2232a
079aafc
f90243c
f5a7125
fb62fe0
06c2fe2
03d7bb7
08323e7
f0291d9
0a0fe4d
f5d59ce
085cbd1
fcc2e4e
f91dc80
08c1c80
0934b99
f8f6713
f446744
f6f99b8
f382816
0666e0c
f8d1056
05860cd
0dbd53d
04a966f
fa4d171
fdadffe
1443ad0
0a0fdc8
17ba471
fbe3663
f80f3ff
fcc2d03
0fcf534
f952f1c
f96bd31
05634dc
05a967d
0d62f4a
18cc0fb
f9fc139
08515fa
00fc357
ffd994b
ff8968d
fb25b27
f8e3b54
050822a
04da50e
04c767f
0c91504
f4c16cd
02d94fa
f14cc74
efb4455
0117c69
f27e0b5
f6ae9ea
fbccc01
f2a0d28
08034a1
063cdba
f9faef5
015e23d
0b77dae
0886fd5
fa0d96c
037a758
ffbff98
fdd079a
10e10b1
efeab93
055759d
026c116
feb343f
004d1ce
f79ce2a
023e668
fca73c2
fe30ca8
f0b43b3
04eb283
fb47d83
00a1390
eff4ae2
119735b
fae0365
0240486
02e25b0
07ec287
02b3f31
04037fb
f3cc855
fd1d076
094fc69
f9ded92
0f26812
16b750e
fd15a62
de521df
08419ef
fac19df
037197c
f7fa7fb
fcf49be
fa699ac
0413f87
ff6474a
0730906
fa120ed
0c35c47
09023da
151885f
024150c
02a5e3c
01661d1
0841a39
084321a
0172087
f96c9ae
01e25de
05f5b3e
f5ca913
f125690
05dff29
09f746e
fbef455
0c97e3f
ea4e688
f84f92c
0ce12b6
0346a39
fc78004
11f841a
00184b5
095b5b8
fc07ffe
fc88d37
07c84ca
054c78d
ea6b3e3
f886ad5
f0ff3e8
f69784d
13bf19c
f36d00b
fc62920
0463115
0729cf2
0c7360b
0028176
fc4b95d
f9a56aa
f0c8af0
0b1c5f1
fb8b271
ee23b56
f506214
11c17e7
0d4e232
01994b8
ff9e2e9
ed595b6
0ab6432
018ce73
04da2e9
fffafe6
f808f55
fbc90c7
fc7d3d4
09cfc79
fa313b3
fb00cbc
f417efa
fccfd79
01a439f
1547998
fbba657
f842df2
f8818da
06b0133
efe19b3
f8dd81c
0e7a36e
f93f045
0ad56f0
01495a9
fa6afeb
f47fc8b
fb66709
f0e1c2a
feb850c
138dea1
06f1160
ffd16ae
0214b94
f9d644c
fa9414e
f921430
ef03039
f103e38
fe69618
fee5372
00a2357
f5546ad
0f3909c
070ddde
fb65873
ff4d45d
0ef2c78
0144998
f73d1a4
fb67b62
fa4b4bf
f7d3e3b
0db3d7d
0e008d2
fdfdbce
0f6ddcc
0eb9965
fa6c8f6
0454664
0885925
017e9a3
269b1a0
fd0f16b
088981c
e087cec
f2c6cc2
fadb688
0ccce5e
05f1b24
fb3e461
03f24bc
fe9e6da
ffaf135
fc56b4a
ff511d4
fabb533
eed4fd5
f48ecd3
fe1e826
04928fc
f8dfa2e
fa4a7ae
fa2943e
0794401
ecb6eb5
085c186
104ac8a
0245673
fae9f58
131a91d
f3b1d9c
02c97ef
0e0fec7
e91810e
f930b3e
fe7703f
1073692
f6f288c
124c961
fc7de4a
02ca7c0
ed2dd5f
07fadca
f9f31f3
f20dbeb
fc33e0d
fa109f3
05fdbc9
fe52967
033b044
0de424a
0edc1f6
f396db2
fdf3924
026e8cd
fd58c63
fd9566c
f5fa9a2
fc46b77
fa5e001
f75a556
ea26fa4
0656117
f5201ca
118a5ea
04e75f4
f69e856
fdb637c
0f6dc9c
026406b
0115f3f
0d20feb
ff781f0
f425e82
ff1bd2b
f59e52b
07f50ea
0390c1a
f823bab
f8ef245
0335570
1686549
fb5fe0c
f775edf
f289c85
fb7e5e5
09f184e
f77dd6a
120fb5d
ecdf042
034c172
058f67e
f9c8fb7
09f805d
0be78a0
f7305d4
062430d
0699dcb
ff1969c
f1e19fa
f5ea99f
1248fce
0238927
05c4525
02094b4
fd2df92
08e77ce
fc741f8
f982682
e79e95a
f91551c
f906e16
fde2402
fb64fdb
0082af3
ef84e05
f13c60d
06380b5
054cb24
face4ca
0372dc7
06e4cd1
0d57a6d
f8013b5
01a8b8a
f2959a5
0c58ed9
1a13e5e
fba743c
f7794c1
0ff18ad
007595a
e3c976f
fc2a97d
f5bc0a1
00bb464
ffb4582
07ae4ce
fa19875
0266612
006a6c8
fb00cb6
f670105
ff68fb3
fdae77d
0436dd0
ffed1f7
0397071
ed57954
f34459a
f97d6fc
01ca479
0b11007
0622f44
10baa91
04f9f14
fe7e2ea
0df66f1
11ffad3
0a5b9f0
088bc6f
0067a94
fae2731
022828d
0cf9057
0ee41fc
fe16e9f
0e55f7e
fb9ba26
038255c
034bfbd
099216c
fc057de
00a30fb
07fe6c8
114c55f
05a1eb9
fc2aaa4
1272868
074e43b
fac43a8
00021bf
0fc3fba
f2eac69
ff644fb
00afa47
04d7d17
09cbb44
095d66f
fc7427b
106ecbd
f4f4eaa
f10ce18
0007675
0209c89
02fc0a0
0589538
fd84000
0973e7b
f837bd0
0799ae7
08535e8
f011320
0728bc7
fdb1cb5
060c5d6
fa02bbc
ff8cb6a
04d22a7
0bdb845
f151371
fbb5884
01874a9
0869926
009d7cc
eff37fa
0e3ba58
084d7f4
fe9ea76
01525f6
f81331c
ffa5cd0
1341a3f
ff66794
f7db53e
e9f01cb
f7ec018
06c5490
07622fe
0208325
084f0ea
09027d5
01e217a
02f0a21
fee0a5e
f94f413
04f9da1
ff87484
05e4411
fb310ec
0a2fdd2
06c510e
ee4be3d
ef669bd
05cc22e
010f547
0dfa146
18e4acc
f966dcf
05429b0
0651383
069be91
f8e0c2c
04a1e76
fd744d2
04a6561
0cda0a5
fc997e4
fef7146
f05f0ed
0cbac0a
0b4c6a0
ff996a0
00c844f
01abd02
f7e68f2
0207277
fddba3a
f4343ca
0c972d2
029ec2f
f47258f
f744c5f
ff6497d
033c22e
0751747
0122789
f83b65a
0b6c7eb
0a49a58
fd7e2cf
13d12ba
0d9037e
fff2f99
fc56e20
f4eca63
04b739b
0ad4714
16fbc6a
03823a2
042b3ce
11b3920
057d248
0664901
fde6518
0ff56f2
063c12c
10d71f0
0596212
fef29a4
0a43cde
eeca974
fb9ac0e
fea7fe2
f739f46
1880683
040e46a
1157c9d
10d9295
f5c9925
08913ee
012c7f2
06b1bfd
f81c100
02340ac
efda6fc
0c8f0c1
f0a21f1
f35d9aa
02e67e7
f31a435
f6529be
06d47a3
0449333
0aa8cf7
fdb22e2
f97549f
f79291d
16624e7
0d31935
0c012e1
05f9c77
fe647e3
028bc31
fab41ee
f93d123
fe33fc7
fc67e60
0aa7515
030b024
02ceb16
f37b40e
030721f
181f4ab
fa092ad
fb98dae
fc92cb1
f781d75
02cf10d
0772ec9
1778c3a
f96b125
0769027
02845b0
fef07ad
049edef
f8d67bc
15cd01b
0c9c1f3
08d951b
0643c66
0d3ceac
f9555b2
062cd08
0035198
efe5ad6
068e974
fe884f5
ff013c0
fd51773
f2150bb
e992d16
10a0958
017ef45
04f10f5
faf59d3
f77de2c
036f818
01086e5
012211b
0ef6726
f6ed6bb
edcdebd
006a508
fc54f13
f387007
ef94c61
039437e
1c63cc1
f8d170e
f2aaabc
0a08c61
1331df1
0d81c5e
07f8e7a
fd58681
ff502b0
fc06eb8
f3cb4bd
1384df8
e7b2552
f865af1
fd2cd13
080cf5e
0672f7f
fbbbe45
00cb6ed
fd9078f
1772fdd
0f2966a
fc15014
0442674
1780a2c
f8af647
062c74c
03d88c1
04fa4e9
061c1e5
0525f24
0311e6b
fad3382
f6b5f1f
0511676
0524f93
fb00112
0c13970
05b0462
099319d
fdfd14a
10e54b7
1333a59
ff3c23f
f58b917
1eb5923
0194342
fddfa37
033f09b
01e523f
1293c97
07251d9
024816f
fd0e15a
fd86c58
074f4fa
f05863e
04bcb79
018dfaa
fcdd86f
0436d9e
01df874
f3ce8e8
f83eb63
f560cc4
f97c79b
006011a
fd22c45
f747505
fd3bc8d
f9501ea
17d0b2d
0499aa2
f515044
fe0eb0c
13b46e6
0d54030
01b23d3
0f08f10
f9964e9
f3b2fa4
0878042
0856b41
f75e7d7
0994a6a
feef770
0b0802a
f85e1a4
f50c63a
ec8461b
011c62a
13ad4f4
056e0d8
060308a
fc9cff1
0c18e7b
e9cd796
eb4f62d
f4a8599
02a08dc
f22e387
0bc734d
fd8f558
f8c8f55
fd79da8
0f78651
f8de994
0049aee
158d5b9
08af514
0ceed03
f8e5113
ffedafc
f56fdef
02a21dc
fc0518a
f9fd6ff
fd161c1
fe3aed9
1099717
113f37a
fad642a
f1207e1
099f885
f91c381
f8d4799
027e725
fad0470
0211c86
edfcf7e
f947379
fb6bde6
fbfcc40
f96b2f5
f360599
f8cd822
11e85b2
1862978
fa583f9
040fbce
0cc3de0
f7bf3d0
04b3785
00b6099
090f94c
06e5343
fc23791
eb6531a
f7e41fa
f9b737c
ec5988d
f436f08
f636fbc
186fd50
0727f6e
01a34c5
f2e64db
0b5c86c
fcdbc5b
031a5c9
e95a992
002a5c1
074dfa2
0630616
09c9053
1069697
f4f15f3
f26c397
0a905f9
ffe8b57
0888bde
fa111c8
065e91b
08515bc
f522264
002e84b
ea5cb45
ff586e6
eb504ed
0047944
fe33cfb
01daf18
0a7a153
fd32490
eb81562
fcd723c
0cb4661
fadbb31
f34af6a
0c09940
02fe70c
f81bbde
f777a07
0cb7797
ef103df
f3e5040
016e56d
e1e01e2
fc58f8b
f05e100
fe017ff
faaded4
06c9d83
0495b37
077386a
ec3f428
04cb20f
05a084e
fff2a6c
fd8385d
f1061cf
066e161
170f6a7
093beb5
08787e8
0af40d6
0942f9d
ffc4b0c
f769076
0fa0ff6
fd143d1
02bfebb
f87524e
f9cbc09
fcaa281
faaf2eb
fc7855d
fac9656
f78abad
083bf30
0e55405
0a6e01a
0369887
f561148
f84784f
fba888e
0e3313e
ff3fa92
12a38ee
edefcbe
f7a6e6c
f7413e2
fbbc020
ff96068
032a4c4
fa72959
079dd29
18f853f
fd07a0e
f33936a
0bcab40
f78584e
0422fbf
e98f2b0
f7859bc
0ba6a9c
07a94c0
fb43ffc
0fa5e66
f808164
faaec59
04e3d4c
f2c259b
f8db6a7
f31fac2
058c10c
ff8d28c
0152fa5
edc439c
ff578a4
fdf0ea3
f8507ba
ea7915e
eae0011
07347a1
03ece02
04b24a4
ee74f5f
02f62b5
e94e6b4
f303f69
fd8aece
f93f7f1
01fd84c
14fcbc1
0da8665
f8e45ff
fc885c9
047135c
02cc60e
f9b06a1
fc48cb9
116c381
0697b7a
fd5dc18
0397bd4
02f6549
f7b151e
f90497d
f5c5856
00e3448
092803c
044f9fe
117cfec
fcc5223
ff635bc
0771ddc
fee70f4
ef9e471
fbd556e
f51dfa5
03e8f37
01993dd
f7e104d
0759027
f91fdb0
fde833f
050323d
090ec0a
f5d322c
04c3458
08d35db
129616d
0e2e69c
0f46064
0657436
f4ad924
06e652b
f654d9c
ffb2397
04fa4d7
f937762
118a6b5
006f89b
f9f3cf5
f3dfa58
fdea744
02b52be
f5afc6e
09f6a6c
11c1ba8
f983f17
fe9a7ae
0a004f0
ff106d5
f8448b6
f86b8f4
18d4a2c
fe2a455
f75fddd
039b49c
0228564
ef4619e
f95034a
0a0e7a3
f39fd2c
fa58645
02801f3
f82b753
f14050c
0192b25
f5411dd
09b69e6
fb06258
fb00f13
fe1c60e
021d39f
fb6a8c8
fb116b0
ea59e41
038ad99
fe54bed
012ed23
0af7e0b
f417aad
00e81cb
04a87c3
02059a8
0d5f9b8
0edd380
ff3b59b
f8bd93e
0acde60
1494fde
0891f2d
093f839
f3e0938
04abadf
ef82992
0838393
0fb311f
f5377f8
08796bc
ff0292d
09e5c6f
053c195
0a1d0bf
faef171
177c73d
07bf038
f53f7a3
fd03539
053264b
f005922
f6dd8ff
08959b1
0368784
02cfa5f
023d743
ed4c0c7
0432ba2
0371a40
041ad57
f756f59
007650c
fc3bf97
f4c2e1a
f72afac
ff102c9
fbc1adc
0318520
07a225d
000351d
0085110
0036c88
0d45226
fb3618a
0a2f2f0
eb885ea
108dc56
0a73f6d
020ff03
03396de
f6e754a
fd5eeee
fb6d583
0c926e0
00f898a
ff1cbf7
01af56c
1686221
f97876e
fe2fb71
faedd89
0137710
00fa47d
fa026cc
f29f10b
ffe480b
042687f
ec657a2
fc74fce
fd6d220
01614f2
0fef9f1
0882a2f
0430d42
f2a8934
feea90f
f4869d9
04968a2
03fbdf1
faccdda
fee98cb
04e0fb1
fb6ea2f
079d0b3
f749484
f883959
fbdbe9e
0ce86cd
fa95ac0
fa224c0
056f38a
19420bc
fdcdbb2
0fb24e8
f1b63f4
05bbab8
0849842
e6973e2
098e6bc
0262c14
03d1425
fee2725
0c76ad7
08aa02e
f7d6edb
02b3850
0a94c35
0fe2a2f
f798ae1
0128c91
06a837a
0fc5850
106117c
08dee03
f917b27
121a5e0
fc3336c
0d51964
01bfaaf
0885963
ff7a935
f2eb311
029c119
07c5f8f
eb2684d
f762f5a
088e888
f7dd436
0b4f05a
ea996a9
04213d7
f69f45e
00adf99
047f256
fadc087
f49dfdf
efe1650
fc19a68
0dfe41b
0befe55
04384e8
0af79e3
fdcb8c9
f572cab
126f01a
fec3bcd
f474fbf
fdca172
010f98f
05fa144
f9f7ed6
0ac2ae6
04fce85
ef5e5e5
fccf50d
067d979
f8765cd
05dd938
f487c83
0185602
fd976e7
f6c37f1
0bcd64d
f87ccd1
ffab81c
f78a353
00850e9
02f2a57
feab216
00c301a
061bc1a
f41d179
0d81f6c
06bbf3d
f9e7ff2
fead4fd
052eb03
f61599a
fd2b190
f738646
f0e35e5
04d423a
fabf752
078c287
f3d611a
168f051
14880bb
09fb4f8
ffe4962
01222d4
0076a41
01042b0
fd98475
f83f9f5
f7a50cc
f46c72d
ef37619
19644c4
f554ca9
11b43e8
046fbc0
1170bb0
058fb21
f5659f9
ea48017
055d93a
f4ea1c8
00592d3
151fe6b
03e8e21
058f38a
098eade
070c2cd
0d42e06
01a97d6
eca709b
f7db38e
06d7ff1
019e346
0c48e59
020cee4
10486b7
f2a6118
ff2960a
ef916dd
05e4f7c
ff52745
f30eebe
ec2eb7e
07b1b84
05f00b1
0d47c6d
0a7c3b3
fe2ad76
07c3871
0087d11
0337db2
04d5c36
0e2dc63
103f29f
feded9d
fc019c0
01e5330
13c2ebc
051a49c
1222134
0595b8a
0695fbd
fcf8221
eaa288b
09e5427
0e4c658
fc4f85d
0705d55
016874f
f78dcab
ff92d37
eb2e1c2
f0e9935
03ecfc5
fb52232
0992eb6
0bcb00c
0894646
fded167
ff24973
019dc23
01c5afc
fce5cdf
15f8375
0cf0bdd
058940c
f07f169
f2223e3
fb7d469
0300b43
f9da960
fd0790c
0683657
ff4d6fa
0aa9ed5
0b85d56
f20de41
02e088e
0b228d2
167581d
0f51100
018b3e4
f09327d
fcb7c31
ea4ec66
00bc723
076d29a
ee315f1
023e95b
03d53e0
f74fc55
0065e69
ee335f5
030bf8d
f039229
ff2294f
04740a1
f50efc4
f4c4310
06873e4
fc55bd2
16ca8c5
fd8da42
02a31f1
fd90140
11200b5
fdf2bb4
06b84e5
f3a1441
fcccafe
fda82a7
0161951
f34002e
0079510
ffc2f76
1aa7be7
0de8e1c
0534f2f
fa63815
f8b5039
ed359ea
f80089e
fb7b1a0
fec4e9a
07cbd52
f5ae16f
0216c2e
f28c450
09a8fff
fcf723a
139ce04
02194f9
f15113f
fb766ba
0a49ee6
f59a84d
018c64c
0316607
fc95c5f
05e5c3e
1abc169
fb20255
0c4762b
04425ad
f86062c
f532fb8
f7823fa
092f91f
0190bb2
02c66d9
03d595d
030d346
0725d78
02919c6
f447406
0afda73
00d5f63
00a5924
0aa38a1
fa0cfb5
02a930f
fe5a087
fdde483
f955e75
039b8ac
ff85449
f0b7c87
0795af2
fe95615
f502672
005141e
0ac2e37
0ec7875
07d12ea
0c7f9aa
0ca5de5
f0fe6b5
0e1d218
f5eb768
08dab10
05e5d39
ff69aa5
fd84dc6
0fd496f
01c6fd1
feb954f
fe8a49e
f1c01d1
f569378
0d6c5ab
f6d052a
0533dc7
fbf9522
07dbf3c
0c6c9d7
fb91ad2
f3d7fe2
091c4d2
06c4719
05492eb
fd0bee4
ec26e40
022314b
01dedfb
e6acf34
0a23d75
0387be2
0900a34
fbf326c
164b2d1
eec8896
fa4a5cd
fe47de3
0380aa2
fa5eded
f66fece
0d2bc04
084b42d
0104fee
fc66985
fbde9f9
f4eb4e0
f0623e6
1506e1f
0b09a0c
fcf6196
0761755
ed218c3
f8f455e
fcebf31
01399f8
f662dba
0562933
fef2d7e
010967d
01425a5
f1c1992
0804777
fe5c2cc
ff0a93e
f2008fb
07468ef
030ad9e
fed5083
09e375c
fe0150b
fb9dfda
f0ea7c7
f1890af
07a7ebe
f04c4c3
fe1953d
05679c6
03c4e20
edf6940
0498c9b
f7ce391
17ba216
03d91ad
0581010
05d29ae
0513f7d
0604fc4
ff787db
f74dc97
01884a8
02e39eb
183b4d6
fa39455
02c48f4
fb9f4d6
f9cf23c
f403328
05fc3fe
f512625
f7a86d8
f5613d9
ec2f7c0
f951de8
fe67007
039c601
0490632
fa2cba0
f5e8bde
0630f9a
034fa8d
00bbb6c
fc39dbd
f63ef6d
0cfd955
fe981da
f7d654c
04c2d71
0b703e2
f9a5225
ecb7899
fa6b044
0448cdc
ff1cfdb
07e0b41
007c4b2
f3346c4
0762796
07b8ba2
f2ce5fe
fabe3cd
fc30690
fa1b48c
f308faf
f1e6494
f77422f
060b752
0c0e52b
f856810
0c72f69
0719451
ec6bd50
003ac54
f97f596
03d8159
050f155
03fb95d
07236f7
07f4296
eceff31
fbd9d7b
fae186e
07d0f7b
f910694
f8ea211
0605a58
12da399
fd5c756
f807397
f1c0f2e
eb7d265
fe246d8
fb400b3
fb5f124
e1b3593
fee7c93
f119d18
0093137
0c357ee
f8e18b0
f5538b7
f95d38a
083369c
fca5c2b
f2f7c15
0923519
fdf17ba
f1746b4
f2afd71
f6d9610
ec53dc5
0a46ce9
02ce1a8
ffab46c
f8a3d51
10dd2ff
f946b55
f7159b9
ed78b1c
f2da502
f956cae
0469266
0b552b8
fa9beb2
05a08a3
02058eb
1a1eee7
f9ffff7
0380f31
f8e2d9d
16bcbfd
0c4a424
fb13fbb
00d3b45
f205f0d
f89e670
f429953
017fb1e
0dca53c
fbc4d7f
06132ff
09c2cf1
04e2fd4
0d37349
ebb551a
05e6b36
fe7c73c
e82eaee
0b5a59d
0be7407
f010ae3
f95c519
ee4ace7
0ade5aa
fc75bf0
068a2fe
0a53e65
0d2509e
1737c75
09350e9
fea145a
f9b740d
028b68c
fd28903
0d23d88
060da43
1250048
f90e302
ff57239
05de7b4
fdbcd17
045bdee
fa1a180
eb9640d
05af64c
f4758a2
ffd684a
02afdfb
f7c9e69
f6b6979
01daa2e
ebd4b43
115aa36
f58ea24
07121d3
0875c52
0b834f4
ff9ebfb
ff9be67
f2b768f
0e82c07
0a3a49a
f8e009f
f23ec5c
02c3dab
feb8189
f9c2cee
fcccdd5
ffb9645
11f6872
f91f3e9
f991435
f8065e2
febd19e
1237869
fd62669
f62b93f
0a99eac
fb37b04
10624f4
fd2d4f7
00a5c10
07c2a84
f472f08
01f3b67
fc42872
06a5251
01ab985
ff8cda7
f704128
fe6eb80
0f8737a
0284fba
fa2dffc
095c428
01f69d3
f27cf81
15556ae
ff32de9
09f7eac
ef98294
faaeecb
f6f954b
fbeb2a7
ef867bb
feb858a
f4deff8
f9331aa
0b46ccf
012d5ff
0c35e5f
048e94f
0ef4f67
ffef2ba
fdbb254
fe386fc
07ed62a
ee95a81
078d2c1
00e7a1e
ef32c71
f4564de
f7e76be
fcd9b74
062b507
fab0220
056cf68
0cddc80
ebc204e
fd9ecf8
f37c06e
0480cb6
fad74e7
fcfabd2
fef6fa6
ff8c638
002ad6c
fc20608
f60f7f7
faf2637
0c4bce7
f9e63c0
f88e289
f023aac
07ac37c
13bbe15
1b84356
fa51b4b
fdf235d
14d19fe
f6b5a6a
0744803
f81d6fa
f6b521f
02087ae
052f759
0345ad5
0f916af
0d6c42c
fe5c7b6
ff4d08d
fdd41dd
051ebea
f8ea270
03c24d0
fb7cddd
04b7621
100c8fa
021c53f
03a7cc4
08546c5
0b52def
f6c66ff
ff1c59f
f3c1d77
16496a9
0a0380d
0749e89
0520bc1
096cf95
148c55e
0746bf6
06a6984
fe023ae
ef7847c
00f600f
fc60ae1
fa0a516
f8d093e
fc5b2cb
082c6be
0479441
0e0c880
fb2ee27
f83dcb2
ffc635b
fe8ddd3
e84f818
f028fd1
034b1e7
02db01a
feae27c
0c7811b
08bc0ea
f90df9c
f82236b
ff6cb28
f715097
0345bf4
f566238
fbd3449
07c43cc
0b4ed64
e6994f0
06bf05d
e751d8d
fca6d13
107f033
0542aa7
050a34c
f518ef2
07c82a2
00883c4
045f3ee
0685389
ffdc314
fc7f2c7
038a6d1
fcbe547
08480b8
028df8c
07470af
06fbfff
fe42170
fc186c9
fb7f307
ff431ef
ef33236
0f67cdd
049ea2b
f249285
f6dd6d9
f75c3a7
f389613
fa4a0f2
073931a
105b585
f6f5c85
f6ddfe1
00bba18
ffdd32b
ff864fd
fca63dd
005386e
0320907
031ea8b
f4b7893
0461ed5
fcd0f18
fd3128e
022e526
f8dffa7
0464c76
f5c7233
f168578
f71e42c
fad7c22
fa2cf8a
f7b9a1d
fe7cbc6
f788092
ff154c4
f9554c3
05a2613
f4f4c38
02c1806
ff3eb41
02290a7
fb316a3
e8281cf
012688a
1128389
eee2d8a
05ad2b1
06587b8
f8ee71c
f17d42f
feaa250
fbcfa31
fb68580
f8dd5a4
fe2a7d9
026637f
01e6fbe
01d76ed
f89ff37
dcfcfcf
fed84b4
1137b1d
01aa167
f8910e2
017eee2
f1f082b
fd6cdd7
f876bd2
0a3213e
0a6d8af
fbfea2d
076a21e
fe7b769
0f5fe4a
19ebeb7
efd76f3
f09a72d
f933745
f1da6c0
fe44a07
f32f424
016a474
fc81751
fb7a283
067a51e
05356ef
06b4d98
f554d23
0066a6d
1ae43ee
0ebd717
f0fd5bd
0fabcee
06663c1
02541bf
f30540b
05f1703
08328ba
f870369
06dd3ef
fce35e0
0aac657
0b7f37a
05ab40b
105f541
118bea1
f6af114
fbd8b9f
140db65
0a4a8be
08ca60e
f65a84c
12f9532
fbf5d5f
fa8daa1
fd90f3f
f875397
f6c70b7
fe3585f
ef8d0c2
0d9f197
f3a0a92
04c0352
16c0032
0e25a4e
0397549
f6908b8
ff2de69
fe8d48f
02e2516
fddcb12
f45e57f
f85bb3c
0c3aa4b
091fbdd
071a181
07e4111
0fb892c
0cc7936
fe4f13f
000104f
fa7853d
0331b9a
f31a8dc
f9567fa
0504899
fe07785
f1748a8
ffc278a
fb45dc0
ffd45ca
0008272
eca7b89
003fce6
fcd4567
f605c66
fa7fa8c
057ad44
ee1be9e
fe572fb
efa9d31
ef08809
fcec409
00b771e
f810191
f67c4b8
07b5144
07df7a7
ff695cd
fd15642
020df84
fce1bc7
e7a0380
00d3871
fc261a0
0e880e2
0347592
fc1d3eb
f7762d3
ee0a0e8
f3fa878
04ff600
033eab2
0d41a44
faafcb5
fe81b64
00debd2
01b1c20
0a7f89f
ff6d90f
13a0ee0
138156b
f9f3129
0420647
f5b68c7
05bdbb1
ed5da8e
00782db
01f897f
063cd06
08b0a33
fa23b82
f86c83a
0c9a4ea
011036e
04da5e8
0c9e8ae
f4e7217
026ac75
0614fe9
fe8f01e
0cd66c7
fe975cd
fdedf18
f5f9317
fc846fd
ff4fcc1
fd0eddd
098871d
05af43b
178707e
024700d
0fc8fef
04530bf
f252cc3
0869aa0
ff88060
01b67c9
faf4c64
04b9ec4
06ab90e
f63d535
031a37a
fdfb1bc
ff7e920
0f8f4ee
0f20a58
fbbc9f4
11b0ee0
00b8503
fd8d503
f83f4d9
fa46e57
09ab6e3
032e053
fcd1304
fac4c4e
fd0a22e
056305b
fd5a153
fee464a
fbd8164
f5f3a64
f3fc9ad
ee87d76
071726c
fb59afa
168a718
0b356df
fd02660
022e63b
f10ec97
101211c
ff0aa76
07e994a
f953a17
0355d56
05c0ca9
02391a3
0157c54
f747d39
fed1ad9
076e3e0
fd156e2
fce580a
0847037
ff1b2c3
fe2f1aa
004090a
06d3243
ec38f01
1719688
f5cb314
f7c1572
081be34
fc47169
047d55e
1e177af
fe38601
0fa8abd
02ddf5d
064a762
07f64e5
008d5f4
fb25624
f250fbe
efc8412
f1cc2f7
eaa4fa5
f5f982d
04e4b07
0ba051e
fe8d790
0267822
f90bf8b
fdf244e
1261751
0725cca
0f1ea3e
0d9f197
fbae0b0
0094115
14b5cf5
f845683
08681a8
0f01e2f
f8d3865
0507945
048538c
eaa927c
fd84981
f7d89af
f49d72c
f6f720d
f0e10d9
095914f
030d4ec
f59bea9
e29dd28
065dad0
0f4ec05
0b7c32c
ed5cf9f
03ab51f
f409109
e4c5289
fe2ea0e
03acd3b
10a6d8c
01705c5
046fd32
05c2f7a
fd60685
0bbd2f0
06afade
054a6f6
fc4c194
f28594a
0e06e98
f30661d
fe7528d
fa5d215
fa4d13b
058b3fb
f5f71c0
f6cf47a
16fee0d
032b95d
fbe388a
08ee893
fe828ba
00adae5
045ab83
0524daf
04aa221
050b813
018328a
f4c79e8
025b277
080a971
f4c6aa3
010e4aa
ea2f2a6
f08f910
0353392
00c2215
07ecd54
fde1247
1254be2
fb6a303
ff24d37
10678f5
0012aeb
ff848ad
06f100f
f874901
f22d0f0
efa3273
05e5b79
ea4077d
0138b24
03e8cdc
16f1a61
00efbe6
eb06cb7
f678504
1699875
fd5d8ba
0d8b412
f78f1b0
08677de
fe4a35a
03cbe70
edd7e5b
0beb66f
f8ecaa8
f521904
e8adc9f
0584a0b
0a30b05
f99b01f
04a4ef9
02612a5
086a7d5
fb75d76
fa806a1
fc25c66
06ab668
fa80e12
fb09091
12ddc50
0711cb0
f4642c8
021e8f9
0b34367
1101e20
0dcd47b
fe8eb6d
0adb369
0622efa
f21ef3b
f8597c0
fcafd85
046a0b0
fdbcc3d
e84202f
f412461
01dfc26
0b5ce61
f822704
06afb9a
044683b
01aba50
f304da4
025308f
f6facbc
f84f56e
09014e6
0411672
02d8647
02fdbdf
e6176ce
03063b2
fd89b65
08fec13
fd26164
101bd38
ff6635b
05c0c8a
04e6017
facce83
1c56bba
02f3aef
02506b8
0656acd
0648094
0965514
fac6855
089b9b4
0343d58
f58976a
16b675b
f31a7cf
f488be3
fc1a590
02f6351
01ba461
0f1d968
f46bf29
e484406
00e044c
0b2a12b
1557f97
fca9acd
fce13a7
0b12026
f78b818
09d523f
1cc13f2
f6ea38d
06b3dc6
15821c3
fdd2541
ff86748
04ab51d
09ee916
0942eea
f25afd0
032ce31
0ffcf61
f4fce06
002a77e
0450353
03dd68e
0da2c33
fee44cf
0366905
092d9c4
f6fa4d5
fbbcce8
0cac372
f8d5dd6
00e59b4
060e193
fd47dd7
f91db7d
0875272
ff156c5
ff1a985
06a671f
f63b210
00d3991
04fc005
ff85c31
16b925b
fd6fde2
0ff4114
f659a83
fa9a85f
f7d2fa7
fa4b681
01fbc63
147348c
001e1d4
0b9f37c
fecf194
04b8a8a
ece61f4
fea42fc
01085f3
121c912
f9f55cf
f2bb5a7
01bb3eb
fa24b9e
ff51766
f94f02d
0ad82f9
014adf5
1afe730
014642b
021cd1a
f7f8c74
095815a
f898b91
071b879
f47f4f7
0112754
f0342ed
099cf2e
03667ed
01decf3
095fe71
04dee81
03c6d2f
ff89de2
fcb3c8e
f7ebbf7
01ca29b
ef5fb3a
012c5af
fe401e1
f7b14c7
fd53e7a
1498d09
10b8db8
021364b
fd48cd3
011e399
f82f0ef
0f3fe66
14897cd
fc5fb9f
159e074
f72f042
048046b
fd1bc64
0015878
e117645
000fe56
fd8597e
f9117cc
f4061ba
15c27ba
0b9a665
0326327
fc6e1ce
032ae02
0915c2b
0413e79
106236e
036089b
f4e6be4
064e65d
05828e5
ef5c9b4
f4bb707
0047ae5
158a40c
06387e6
f84a6bf
017200a
efd6c3e
fdac788
ff241ab
08d7334
006a56e
fb2aec6
0fcf050
f108392
f70e0a8
f378e71
06954a2
0c4aa38
f799f46
0167ede
ff975bf
fe591fb
f7cbce5
14e86c3
029a7fa
0da3780
f96399f
01716a1
fd205fe
fdbf0ae
0282ae5
f82770f
fc8b77c
001e8d6
0b15b5e
ef077b5
07e56b8
fcb7f8d
0e3a7e5
0581a55
05c6aec
01404fa
fb42101
003837f
01b8e7d
0578fce
083b864
031a4ab
ef473c4
f53054c
10b6c35
fb91afd
041e418
f5b4d39
1273713
0891d03
f67eaa0
fc967a6
ffb05a9
0110a97
08338bc
f6e32a4
f765745
0e6e211
003e82f
ee88f1c
f05140e
08cbe95
e802f7d
016c9b6
010fba1
fae2e77
0041d1d
0c31279
141960c
0557b0c
01bbc8b
f7e455b
105f85c
093475d
03d8d8e
01bc5c8
feffc84
006eafc
02355f4
0154a6b
ef1be50
f1a2900
0079f66
0932266
ecec31e
0101c87
f9d436f
0d70bab
155541c
0a9e3e2
0b3f368
fb35919
f1cd64f
023ede3
0ae8de5
fbecb90
0333dcd
05a85a9
fec7e4f
063ed83
e5e6bfe
fe3abba
fb2eba6
09b090c
f5a0a02
073ccb7
f05cbe1
fdd69a0
044ce7b
00b5fbf
fdc2efe
0489651
07fcafb
fd34c12
048a483
fb4f4ea
f3b4d94
0b99262
f4f45d7
067052e
f92fccf
f3f48e1
f870faa
00f641e
13bf2cf
f51439d
f503ead
04e8dc3
064e5b7
f8481d0
0c8ddca
fe73f2d
e57b385
fd97e10
044d104
f1e8ac0
fdda161
fab5bf7
fec8f7f
fbde43d
fc3119d
f593732
1383977
058c67d
f7c15fa
fe9a249
f002fc4
0a9d1e7
f9f5954
004be4f
02ac0dd
00a077e
06a8d2f
ffef1b8
f7b136d
f6eede6
ffd283d
0a0cc93
fce68d2
0785acd
dc6085f
f1c5d40
f773347
10f595b
0f27d25
fee3b84
f76f5eb
facb0bc
e8b7550
ec2b33a
f85540f
f98281f
0add702
fa1233e
0dc547c
f4caa96
088bee3
ee245c5
fd09e5d
03e3e60
011c6ab
f5164b4
f8eac00
ffe7211
ff6ba8c
f54e67f
05827e7
fac32ce
fb29839
f8c6fe4
fa2fd8d
079f021
0cdb89e
fb520c3
01c1398
f0a8a73
f9b5cd5
0a52a80
f77797f
f0bba16
02eee04
1001973
0367590
1296879
f9a3eb9
07653c1
0ac898b
ffebc8c
11e2b82
f6339d3
fd35d27
f50a4fc
f9e957b
0a81198
fd8668c
f1ee581
ffe2f0e
1170ead
fbeadc1
0475471
02abe39
00899a9
f1add35
ea124ea
0877d23
09c07b6
f4045a2
0308e4e
facb8b7
0325424
130c5ec
107bda7
f2ec7c4
01693a6
fe27d91
ee84e28
e9b81f4
1153ddb
0be2320
f7fdbe9
1699a37
06af4fd
fcec3a8
102420c
fa415fa
1d8d283
0786584
06cae9c
f20d2e8
09f06ab
00d745a
167452e
16572dc
05384c6
01cf210
0b51cba
fc1f27f
f787587
0668e45
0d6d507
fc6782e
09a4ac3
06e7202
fd1ce0c
160fc63
0b3fd5e
f9ffb38
f8a771f
0dc95db
f7705a2
fc35428
f525532
f78e17c
fa01b1b
11926ab
fa0463c
e982cc2
06943fc
078efbd
0920fbe
fa0b385
0c4ff0f
f490b23
f64212f
ffcc7ab
0af8e4e
094cfd6
0560b8b
05951f6
09408ec
fd2513a
0cbfdd7
fde17cc
f67d988
0069980
05c0b5c
022c664
fcba512
0679a77
fec49a2
ece4fc6
ffcab1f
fc086c2
ef884d9
03f4e6c
f7f3ae2
f8df247
0cb0688
0187346
fe7b9fb
021f626
00cf1dd
04c4205
f0de50b
0cad256
fc975f1
13080f1
0581a84
fc4f9bf
03b5ddd
0db82a8
f6e4f08
fe45e3f
fdfc6db
04659f8
105a05d
f00c4f1
02de5d3
eeb328f
fe5fd77
05c3026
f212766
072fc7b
09fc89d
0964c6d
032b806
f5061d8
0a2cebd
fd74c41
0481903
fa5ac09
f785d4d
fe77cfb
1f4a8bb
f94ea82
faa7f56
fefd2a6
ff1d9ee
0624713
0483a5e
0803bdc
f136160
094f76a
01f4270
0668442
f6a578b
0905250
0b6ad6c
fb144de
000638b
fa27d39
fda1e86
fdf4c3f
fa6b74a
fbd8cf3
07c776f
00910a2
fd200a6
014920c
08a014b
f5ed4fe
034cb63
ef2c978
f551ea8
068cf9a
f015a97
23affe9
04ba08b
071ef65
f526915
f2b676b
05454fa
02ff19a
f716eef
0732fd0
00907f0
0639cd8
05f6a62
023026d
0a90448
10cf6a9
f5b131f
f42f8e6
01711a4
0059bee
f593544
ff33a07
0bf4e36
f950508
f5fe0e5
0268a6d
0a3d6e6
fa90418
fd43a90
0966387
02b46be
ea61717
f65e2a4
fd48c1c
02f1768
0d5f09a
0200c1c
fcd70bb
f62b850
fe5fab1
03f0e62
fcfacff
0070e8a
03b8cd9
f695d39
fd597d4
07f2004
0b53cdd
06d779d
f4dbafb
0b9d31d
0782ca5
11b62ca
03c5239
0fe684a
05b0ef4
f3a60b3
fb26504
f4ed50a
f9734ac
faf6958
f35a9af
f60ca3a
ffeddbd
095dbd6
013a1ba
0958fa6
fd1e328
ff59c77
092d5a1
fa5d157
f95c67d
0d230e6
09c1abf
061c46b
f8e95ad
00c68a1
117ec87
01d69e8
f4b45d6
e253251
fd5b30c
fc3a875
f264886
0940e47
ea52c2f
0065768
09ee34c
eee26dc
0656683
1531d32
0469212
f5e9800
ff3226f
f04f514
f71ef19
0b02a04
068a86f
03c572c
f65e9f2
f6fe435
ec63af9
007b794
ef306a9
0259e5c
030998c
f1ad9e9
fb38a90
04e22ab
fdc83ad
0215836
0680b4a
e787f7c
fef5e53
ffddaba
e7ffb49
fdfe272
f875d43
011d034
fff34e2
f1ecae3
fe7afd6
02f5c20
f319758
f90204b
f6310e3
013c879
0e7bedc
06dda18
02516c4
0860f98
fd3cb6e
074c5c0
0c72e1f
fae20ac
0fafd7e
03c72fb
13e6020
fd8fc5c
0941c0a
0bd0a47
f6025be
ff8d6fa
076b7d7
ecc94d7
fe5af12
f0c82dd
03b9879
0ed5a4c
f6a74aa
f7026a8
0860c31
0289503
07bbbea
f770888
07db825
f4bc494
047d9b6
fed9e47
10ebd26
102fa9e
050efe5
f4798f3
1467ebf
062d372
f5adc4a
031672c
ef96211
fe0de80
f4652ab
02d6537
02acb12
fa20349
f71aaef
16335fb
03e65e8
fa7cc2a
e55c691
fe46698
ee12ac2
fe5e9e5
f57f159
fc92427
0257ebc
081ce35
00208e9
f62f951
01f23e0
ec7fcee
f345a2f
085dc94
03db86b
fb5e644
f94111b
08299e9
f948e87
05b58b2
fadc0ba
fe47ca0
ef6f151
ee7c3de
f5d96f4
04407da
19b586b
ff5bd2c
f09a023
05d0863
01c69c6
fefc70e
f30f06e
f14dc98
0467af4
18892fb
0e1801b
f67fb70
029a627
0f7e854
f4d566e
1048fb0
f663e53
026c734
0859bc5
064e013
f48434e
0776667
f70aa34
07a5d9b
faac5b8
f80c879
f952ff2
fc43bc2
f5d4664
ffef2dc
171c53c
0332246
f4f9c48
020b018
fbee1c6
fe1993b
fd91583
f7aabad
fc59012
08c4c3c
09d2b67
f76b9fc
06ec9f7
042eaac
094e9dd
05501eb
e75bef4
04c0aee
fbe9b7f
f5c7902
058849d
f9cb823
03ee685
f851110
064ecdb
089f39d
0a790c6
04bcc79
06e676b
0d5b1dd
ff814dd
fb07ea5
f0224d4
174ad0e
fe128a8
04752a7
0ae0493
fb011c6
f900cab
fa8b75c
f014676
f97ce2d
060ddf3
1ca4857
ebce727
021bbb1
ee2ef36
ff624fb
08f9101
00fb19e
ff65dc1
05fc4b0
0c2711f
09b1096
0562be9
efb318b
00e23d9
111b780
f84d3b0
0b6d751
f220ed1
ec7bf5b
09f39e8
0068311
f8cda2b
07943d5
131b352
f0a6d68
fdbed45
f1e36ee
fd1a461
ef21d8c
04d8f75
077aa01
f3a4620
f84f6a3
023b5f6
0045f67
061b6ab
00ae379
fe3656b
1996494
03a7702
fd8b825
071ad60
f8c16b9
f71add6
f2ffdde
0013454
f6b7761
08b570f
034e479
051ad38
094991f
fbc7792
f0a5855
f6041f1
0dc8041
080c884
0e19c88
04fd5cc
0227391
0621a37
f9738b2
03739f3
e91b130
0a8f673
f10ad93
11b7a72
0b5b285
fd2dea9
103f713
03fbe5e
faff417
06e41a7
0afbf1c
165c69c
04c204c
ef69d0d
013f2cb
0447adc
ee6a3f5
f95c451
f6e648a
e812fd5
facb734
fcda977
0d9289d
0a3a2ea
01f16ec
10bc411
f5e81ee
09251aa
03b0396
01c3781
e9d2a2d
f8049ae
01d43dc
f42d4b7
f14b538
fcad381
f5f5520
f51e014
01110a4
05a04f7
0388cb1
ffddae5
01c2ce9
0c7cc68
03ba78c
f4a7116
130865b
efd1f89
f9b01b8
0946158
fd9926a
07b8c49
feb6c3a
f17d875
0b69909
f15e79a
00fa2fb
0cbe7fe
084f269
f699509
fefaf86
fa07628
f1ec9ec
ff34fb7
ffdbd2c
064657f
f445d61
09152dd
fbed862
0bf6db4
0072b0f
fc5607d
098f023
08d1459
fbbe817
fde407d
f77f6eb
14de81e
0449a87
103419b
e70635f
0613f49
00cb514
0b3750a
0092f44
097752a
0220b2c
fbad2ac
f9074bb
fe74303
ed654f3
0b4674b
fb21a01
f91496a
0ee43a1
ec5dc51
02c2297
fc61eb6
f860a28
f32d6e4
047914d
f29fe6c
0247053
03f35c6
0e13061
fc1e9b0
0225e1f
0ac5d81
00fb1e0
fc6e267
efbcbc3
082e41a
0274769
07c8e8f
08808c6
0aac547
087b21c
fbc520e
0d82be0
fe64b24
fca30ba
ee4b10e
fafb640
fb6eb17
f3ef258
e2185f1
1c95515
e1d06eb
0353d42
f6c5d3c
f941d23
02bd39d
edfc806
fdd6365
ff31856
fda711d
1077dcf
0624724
ffbe3ed
eee0b45
15110f5
f4dd4b3
f5d4297
0ad697e
05059b4
03e7612
e4bbc05
fc7a2a4
0258634
0af0b02
0b6c39a
07e356c
0164ef4
f557dbc
fdd5ef7
fd7db73
04d7f34
0463187
06d28a3
f71c72c
fe942dd
f343472
f6534e5
055ed1d
efd0c22
00ac196
f7ae288
04f308e
fabecfe
f7f927e
02823aa
fddf8ba
ee53fd0
015d74c
03978fa
fbf90b8
efecec0
047974b
ff7eea6
f3952db
f0f56fd
f3438d4
0b109c1
fcc311f
f94a19d
0923248
f8d9361
0f4c558
094258e
05288e9
ff6e731
10c7c32
0623ab1
fb72b7c
09a0f1d
14b2f36
052adbf
0457878
fec0d50
173a44a
feda16c
0b4b579
0287b30
051775d
01d8aa6
0a176cb
f5feccd
034f4c7
049efee
08db19b
0244c6a
ed81c47
0c601f2
f28db19
fc9dee2
04d8867
044bebc
0a821d7
f830cb5
048f283
eb190f5
03de9c2
fc048a4
fe45b16
f58bdc4
f79216d
0528c70
edd06dc
ffa2f28
0462163
0063890
e810512
07194cd
03d972e
f945d99
012eef5
ff675fa
01c8306
eb05e94
f54ebbe
f2dd1e1
fcc4eac
056062e
0ad901c
fe96dfe
0654294
ecded86
0506cc9
ffb3a00
f62390c
fece6fb
f27076a
091543a
ebc919f
f995c3b
e7a6df2
fba25b2
f273eff
119629b
fb381d9
06ac702
f498b64
0d335bd
eed43f7
f564c4b
021a7ad
f66cbee
1aed33c
f49c549
00d7500
ecab92d
f499fb8
ef7dda2
ffd4a43
0724a2e
ea6b063
02636e7
00ab7d9
061842b
03e5500
027ae5b
0efc229
0121aeb
fbc52e4
0138c5f
02465c8
f46e0b1
0ed5b16
007888d
f476dbc
ff3761a
ff89888
08ea38a
0557e70
ff62c7b
fe7be31
f712680
fa6ccc6
f670ee4
05da722
038afb6
01d4f7a
03a9198
0720f32
066df67
f6cfeb3
e331d64
016f491
f23d563
f95ef18
ef8ff5c
0dcfd87
fcd4550
06d51e7
007099e
f0f6533
0b41740
ee3fdf5
fb5db90
fbc5712
0ad7159
008686b
0eb4614
f9885fa
06c6bf6
f5cbcb9
f8832a3
00bd45f
ee10564
012d82b
0635040
068ac39
f7a92c8
08a482c
fb86497
1724d50
05bbde9
0716385
fc77669
fade1d6
02a57ac
fbb4bce
f4a7b17
04986a1
02c9a3a
fbccc88
19d0bf7
fdc506a
06decb6
003e524
fcc44bb
f4e771c
f923ba7
089865c
fb591fc
078c70f
f319e7d
fd940ec
eb5a831
e874cae
08182a5
fc7d4bc
024e081
f91e72f
0c5c680
ef08669
f9623fc
0138a71
08bb6d1
fd4cafc
02a816b
f4f969c
0015179
ee27927
08517cc
0fc742f
0ea098a
0825296
fc4a03c
1071abe
023788f
e8e4bbd
fcd35cb
01fccab
0395514
f5d48d6
e9de8a1
047ff90
fa7697c
08d230b
fdd0153
0dbe9a7
f4d9cac
f9e27cd
eedab58
f776417
06347ee
fe9addc
04631fe
027690c
000d612
fdf7c41
fd38ea7
0775408
fb39b2f
0b731e7
f9fb2c1
fe9c6c9
fc38cb1
e663d6f
fec5eec
ff63966
feec698
06127d9
013645d
09837d0
f68645e
f8a7a6b
1182279
f644ceb
053cce2
f8d9057
07b4d8e
fad081f
007e8e1
fbb33b0
02f984e
0048293
f7ec2b8
ef045d6
faf3e98
f81a7ce
0205d38
edee0dc
ed9a940
fcb7c83
fca7250
fc98b86
11121aa
1498193
016c509
f2c1d13
fe6ec80
062444e
0bec359
f476c89
fc28968
129981e
021f15a
0d66ea9
007aae0
0101ad3
fbf5760
0416f46
08ec994
0339495
f0ddeee
03c72fc
07af9af
f803a19
faa0a9e
fff4ab9
0219356
04ac20b
f7869f5
feb905e
fda4bcd
0e20448
e76b251
0379942
019dd76
e885fea
03b0be9
058e910
fb8c0b5
01453b4
02bfeb3
00938a4
fb0b171
0538c6f
078dbe5
f5b4921
f6ce332
008d9ce
07a9448
0fe550d
0c42fc8
07f0679
07ef12b
f8a5c42
fa4f99a
fd1483e
05cd11a
09e9c61
fae300d
f25e300
049b40c
06e27dc
15d61e8
04b5fbf
fb25dbc
eab63d5
04e2916
ffe5a6a
00c3c59
fbff218
0346efd
0bb48cb
0f39829
0068b00
f7bd98c
0992bff
035d211
062df09
fe9d4bf
064df90
01c4d66
fbc1aac
072c1e5
f4efebe
f1dc463
ff963a3
05f6bc5
ff1fa8a
f7b7673
0393bad
f4a158b
f043ec7
f8a0f21
1371854
fed33b9
f384ef2
f78ea05
0bca92f
043f4ec
06c1e63
0480527
04bd42b
0a295ca
0651ba1
eadf689
1030477
075f60c
0923b7e
f04015a
027561e
f0d4970
04ee173
0766131
fdb3d7c
0a72740
005b02e
ff35cb1
ee091d8
006b55c
eb76054
01c7294
f803a37
f7e460e
f24a338
007fb73
f3a49c5
090d37d
fd8039a
f061423
f72aa97
01fbb65
04b3d45
f6a2c15
fc0ede9
0b7b2c8
f65311f
ff971b8
f115a20
f95d4e2
fafb470
07c9e3c
fca6b05
fe774c7
073ce23
f6557f3
fc97b88
03d92e7
f5d2a12
f597728
fc3c00f
016133b
f6b2232
00ef179
f95179f
e66792f
f1a4d31
06832ae
f725461
060a0e5
fc585f5
04c2a81
090732b
06a5d28
0ee59d2
0837783
0126ec3
099298e
1c473c1
0861602
f949452
fe48c00
fd03547
eab1f35
08deff2
f9c3d2f
fd78424
fa30884
f0953fd
fe2468d
04c7842
031d000
fd35587
02fe01a
f86e2f0
0065716
02dddeb
f5d1504
fd6325e
025015e
fb8a1d7
fa1d6d0
168e5ca
1142e55
0a12c60
f8df075
fb3ec3c
fee2ceb
fd060bc
f0513c8
f3f7102
02bf7f8
0d15078
fd4308f
0167f10
0ae85df
f746a75
0dcdd1f
f184e97
f98ed7e
0db4622
052daf9
04f9e55
00ef566
068969e
12df3f9
06ad3fc
0593241
1008e26
f899e64
fe39967
fe2dd3e
f7e8c4d
0c09039
ef9bb41
ecd5f41
fde040c
f4a6ca6
fcd29eb
f710ef2
12c3fd1
fc87f01
ea9d418
fbf448c
fe3c1ae
1392a62
07cca7f
0e9cfc4
010d359
ff9def9
08c8ae3
029c7a1
fff08a1
eeb73bd
fb72809
0ae984c
fe9d230
ef8bb5d
0f09e69
fd43950
0b90e83
0bc7010
07787d9
033d19d
f8207c9
007b892
f7d5e5d
f068c62
fb1ba94
0185885
15fd85f
0433ce0
01ccdee
f4134a1
f3741cf
fc18589
fe62556
0876a44
00d88f6
0e93034
0d58d9c
f09b9f4
f13131d
f2c494a
ed9d5e6
01e685b
ea22da2
fd669dc
feb3116
0745202
08951a5
053f930
fcfdb1f
faff80b
ff1bee7
04f1b07
18a9920
004cd7b
f7a49c5
f48b92c
0840cd9
039e829
f813d9d
01ed0bc
f66fe1f
0729583
f8a240c
f587349
03b463a
04ab135
076f0b3
0d8e7ba
fa8ec3c
0d3b224
f908f04
f4e2807
eec02c1
112742c
11121d8
00a33e0
0565266
f706d98
fb228e7
0775535
f04ce61
f73e889
f0a9d9b
eec576c
fa02f36
f9d1a3b
fee5c3f
01f072d
fc31bd4
0836f87
07bfe61
03f5e83
fe48fee
ef23ba4
01960b6
0e158c4
f4e774d
08b7ad5
f4b23fb
087df50
fa2160a
feab373
0dc5676
075c3bc
fe96524
f6ce38f
12ac664
fb3e120
f875506
018c2a8
f63bb82
f8df8ff
0f2970c
02a936d
0b60130
edb03b3
fa3f68f
f6b279f
04246c5
fcde07c
01bc1b5
027923f
eccb985
01725f2
08220bd
f84ef29
08a5733
117f550
0f81c4b
fa20e7f
03561fd
efe1a77
ef2c368
0662637
049f2f8
fae66ff
f1fa009
f341f3b
158e9fe
0a13264
f693da2
054aa36
f58c9b7
efeb27e
005e0f5
066ab46
fb3b2d4
f5094fc
018f84f
013b89a
f2d21b3
0c3a8cd
ef50b02
f2e41e4
f57fee2
0d56298
fc16d11
07b33e2
f8d979c
0024200
fff554c
0e9be5e
0455d2b
0219aa8
11cbd0d
f01cbbf
fe0429f
08ac9c0
011e32a
ffbe7cd
fdecc92
f9f2376
12b6772
fb12b8e
fcdde67
f8fd8aa
f8b2264
f74d99f
063869b
f2b17aa
f84a2ea
1833b28
fbf8bae
f010b63
0a276d2
043acdb
0435a8c
fe1ddac
00a142d
eea2ceb
fccd081
017dd1c
0a80a3f
07d973b
08c634f
085ac74
f3e4a07
04da861
ee3467b
f9a492e
02111a9
04b7d59
fc0c604
fa72c86
f3ba423
f1b45ea
04e270f
fcda55e
e87f39d
fb3f57d
f197473
001caec
0f6c77f
0df7b63
02b7eb5
f880e39
016dbd8
f48a36e
07dd39d
0c94e13
fccd854
0c977df
03ca7f8
085b650
f9887f6
fba2704
08267d0
e92183c
0a82158
f9b3511
f660996
14c9ed9
05ffb4c
f841196
f681ca6
09d63c8
0be1099
0896826
14d63ca
f05db9b
0244dd1
f99fbd1
f422013
f386d8c
0194316
02dc28f
02c6270
fb988a3
042bcd5
f9a9463
0733d58
f242a64
f50729c
f7cb2fe
0a9b3af
fc1322b
f603c3a
fb354b9
170ab86
093175c
ff2a8da
0464bd4
f341e3d
0042940
ff8c79a
012aae1
0e9604c
f277406
fabcbb0
0903c38
0711a2a
0057771
fb413e5
19c1db1
0001275
04d7f3b
06e6b46
efa8119
e86e8cb
087dd57
02c4846
edbfc0a
ffb2193
fc14141
f6d83dc
004c03b
0c9a215
0b1dfe7
01a8203
fee6f95
f53613e
02eaa5b
f27434b
09fb38f
fc8ddd1
00192e1
1444ac4
0346c6b
07a14f8
fbcd07b
fdde1cc
01916c5
0f6b580
0590f99
fe5c217
fa9f367
1213c60
010976c
09c7728
0681f1f
fb509ed
08fe449
fec924f
ff1464a
f5b69c0
0292ea3
f680855
1cdbb42
1027a31
f6ea745
fe6832c
f52584e
fbef927
fa41705
f9f7f37
f7fa6b0
fcca70f
108de8c
08f9685
f764a82
026fba4
fcfbfa4
0046c97
f03e5f4
064f4c1
ed556d5
0707283
f4b9692
03cbdf8
1446724
00562af
06a4e06
091e4ab
fa44e21
05801e7
f796908
01e8c6d
fb84474
f9be5f2
0794b54
0bcfaa8
fcdec93
ffe719f
0ad3f39
f93fdcf
02c7078
00e456a
085591d
073aa19
08dc1de
039810a
046e9a5
0c74bbc
f656931
f40a2e7
fa49f2f
fea5ff9
08741ee
049a9dd
f8acede
f3d01c7
003dbdf
07ffaea
05c1a03
efa8ada
f3b1bff
ff6de8c
f7b5406
02aaa8a
f884478
f311dd3
122e78c
03098ed
05f5f60
f9d2f23
0bf30a0
0d075f1
090d01b
fbda0d4
f99a1c9
fee6898
f97a1f7
ff15ee3
0c9401d
ff36640
07213d6
120146c
054c459
f7b53d4
fc0baa4
0bc0a5c
059ea42
015f8b0
f3a52b9
02bd7ae
0a78e27
ef2af11
06d06a3
f53aa36
107f545
07fd925
0763029
060611e
069aadc
fac7638
f36e942
fb75bb9
fee1089
ee65412
f63d7b8
0ab5c7a
f7a638f
fed700a
fd06c77
02303b0
006f867
07ad892
fbcdedc
047ed19
0512110
f90f778
f861049
fa54375
e663fc9
ffc0bd5
fcd779e
00250d0
083fe72
f1bddc3
fa1a923
069571f
f9c1091
0169ac7
f1dec24
f785cf0
fc867ab
051ce32
fe20438
06b32db
f427a2b
0681647
fe084c6
fdb66c9
0d217a0
0a8d427
f5497b9
f0128dd
08cf522
01fc12a
eb6f1a2
03363a6
f42e49f
ee56c4f
fa7e212
09c9eec
ff80d61
fba8a8c
00b3494
0133952
0bef257
00c69ca
0ec4df6
06e805d
fd8f911
faee741
0251223
f500cd0
089757f
0bd73a1
0bf308c
fad59ec
0abdccb
fd7c7aa
02fc64d
096de0b
eb61341
0ce8698
fea48e5
fe2f3b9
05a6d77
0c5ebad
ff40dbe
05b3e6e
0eafbde
e69f866
13bb5db
fdfdd46
f44a60b
f0e3574
f87fded
f79e74d
dfe4d7e
0a82e93
0650827
0243fdc
00c9cca
fb57167
fbb78f8
fc7b18b
f2d1284
f191acc
00a3d2e
0176b0e
08d768f
f40fe90
0386727
0e3c0f7
05773c3
ee62f03
09c1dc2
f3f7683
ff83081
09fc3c7
fb4cf28
0b71b33
0f7ce89
fa77de0
039fe43
fde2dcc
f5bf1ec
1aa686a
032b760
f86b5c7
1e08f4f
0e2d103
00be4e1
00e3b94
f6a5b71
f57a442
0a6db8f
06d75b6
06051bd
021dcfb
fce5744
052dc8f
05d1d5b
f4aae0c
0a0a962
12c4b05
039f150
02a667a
0a20ce2
0c70d5f
0719e4a
033ad6f
0107fcd
028fd40
ff0d3e2
ebdaeaf
043289e
e83f389
ff723e8
fe7a685
06483bf
fd25840
f4fa969
f7ca3e1
0687cc5
fbf774a
f184da0
0aa757f
fa9fc68
fcaeb77
fe934ed
d3e3bff
0d300de
168d24b
078b2b7
087b9af
fca6d35
fd19b8f
0336bd1
f557d92
fafd8a3
f15a70e
032ae90
172da22
00eeccb
09845c6
00a42ac
f3358e7
f942308
0341460
0994cd9
f8048ba
fda542b
f949da3
1672374
fdba236
ef3aea5
09a500f
fde6843
fbdc445
f9f1600
06391c0
1218918
f952b9c
fdbe8b7
024c1c6
fde1fd2
feb5e0b
0007dd0
efaabfc
fcaf43e
fb829c2
04921c7
09f4312
e6461b6
0ea5f28
fcc2707
0b10048
010b65d
f6a3223
f7e67a0
0b7f383
f26924a
0e894f7
063960c
f877c49
e82f976
f0f478f
fcd3d3f
fb37cb6
f7d7e29
fe88e05
f1eb91f
0459cde
0a4a29e
f93002c
f65e153
11d35b3
fc47945
0956635
052eff0
fa6cc50
070c339
f4453e2
06374c8
ff646f0
00a59d6
08fc9a0
fac0276
fd8ca3c
0eb11f6
04deb17
eb474c9
f2ae759
01ca2f2
eb681cf
12dfdc1
09d82e7
075c98f
f9fd58d
01c9d7f
f60daba
05cbb51
04a1813
f7ab1a4
f212103
f7c4945
036e338
f37d5a9
fa3fbd9
e674ce1
0a7ff22
f558b12
061e05c
fee0156
069cb44
0ce5eea
febba5b
0b453df
ff0433f
12451ee
083438d
09cd5db
04e9d1b
00f378a
fdf952a
0431302
fc48104
040f354
1db76a9
0519438
01508b4
f17e8a5
fa9b7c7
0460d66
f83f121
fdad466
001e7ba
0351370
f787e30
e7f4d0a
0074cf7
fd65a7a
f26c48d
03f8efd
f8b6f49
0adda4d
0331fe6
090ef2a
00731e8
0942e0d
1098c9b
fae0228
f81eb1e
039e5f2
0b70504
ff79137
0d6fab5
1310a0f
ebcae03
fcee595
0162762
ffd6e5e
0234b21
fb89bdf
f4e656f
06227ba
1200593
fbb9c51
0453fa3
0c69e80
f2c5ae3
fe7a430
ebbc2ff
ff90123
0175985
125778e
f217d00
f4f0884
f8f6f84
030b7da
0d6f53f
00bca41
04185b5
fab0b0e
fd1af6d
0305ffe
f55a1ae
041ff3b
05a0690
e69ae51
fbfa698
09da50f
fe70da9
f2517ae
0a65bf3
f91ded2
06b163e
fa6a39f
0911e60
fee90ff
fec52cd
f1bb05a
f0077c9
07b4d40
f451a69
f4dda86
0590530
1186414
0846e4b
0690f5e
ffb1331
0c29b1f
f99057b
0077c26
069c054
02afc34
e8bf3d4
0094b59
0e941d5
207f868
f9c24c1
113e41b
04cf6d0
f56c4b2
eb655fc
12164db
061c59e
046d44c
0c75492
0cd662d
1715b37
06443f4
043e66c
ff2ebfe
f65ff02
0d1e2a9
f2f4feb
edcc705
f88fc65
f42f55a
16770cf
0519c17
fc9041c
00fd254
f9c3cb6
f56aa14
fb037ae
f8244ca
0b7eff4
02f37c8
f99a90c
04fda2b
052bd05
045b107
02c21a9
04e3b1f
0d183a6
035a012
0a89c5b
01dd50f
01a651d
fbf6dc2
f5fa7ee
f73ffc4
058966c
09c7e5a
ee1662b
fa071b0
ff5e639
f2586e3
fd9dc3a
fb05b31
09f0780
f2fe1b6
f98b8d5
fa2e096
fa2d72c
f30d682
fefc110
fa86475
fc43539
fab2dd1
08c0ae5
0202931
ffbbb71
ee3de1b
051db53
018f64d
11ad6e3
f818130
fb3f653
fdb6306
f067260
0ea4a94
ea0c5d5
faf4943
036e699
fe64f52
fc0a294
f55f2e6
f817431
0b85572
ee4864b
f76c946
07d4db2
fefbef2
1142ea4
06866cb
0774a38
f843705
0fc3595
02b64eb
f781668
f95faeb
069b41a
0ba1651
fd7bb29
045b99f
05afcff
0113824
0406ca1
f18bdb6
ed35033
00bbaea
fdbdaa2
f54d349
eef6045
fc177a4
fe6230c
fdf1470
f85ab6e
0f9f4c2
f811d7d
f3cecc9
0edafbf
fda0444
f9d0c7d
f55e855
0c29f3f
f745aa7
08f0b1b
fbabe95
f4269c0
00e3468
05d81cc
fb163ff
f05f5cb
070667c
0a7cf9c
0fe7737
0b37e39
0529bee
f73a945
efdd7ec
083ffe6
f9313de
f256fe2
04a45bf
f779b75
f51457e
008d940
f4b3d67
09199c1
0f59297
feffd24
f89d788
f62c2cd
fca4146
fe55b02
0de4112
10d6781
fc7c2cc
fa9e2c4
f0ef1e3
094f241
fce835f
02d77e1
f8b8d2c
00e57da
149f599
fc1e205
f4b67bc
1b03f7f
0eba529
1215a16
02de233
ffa8664
f523571
01a4fe3
0126df0
17de03d
ef33b69
fb08ba1
fe3e4f7
09e8529
1123529
0749aff
fc9381c
0d566a1
0ecbfd8
1007630
f8b38d7
f80ed07
1055474
0a06daf
f808707
1204ffb
f63260c
0f89569
0967384
0d28fad
fab1a0d
f4a8cc1
010e67f
f649cba
079a3fd
fd0ac26
0733dd2
f839848
090297e
0a1f955
0d6be19
008e349
fb004fa
f287fa5
e0f35ae
e4bb7a4
f74e3e5
00cefad
fecd386
fe079a0
fd40a7c
fd466ae
06e4148
0573890
f933749
f7be6bb
03fa6da
f809180
fb40577
e7d825f
f0a50f6
0832a41
0dc10eb
f3513ef
0697a97
fe50fff
fbf9e93
0511f78
ffcb1d5
006d624
f902b38
0487ca3
22f6227
04c6b50
f7b976c
ffa6ad3
0703274
fe30afd
034c63a
09b3951
fbb1bd6
067e633
09841a8
f8ec49d
f8d8361
ffaa3b9
fdfbccb
0996836
0a04704
f718518
12dfad3
05f50dc
fdc215d
fa24886
f822a98
110ce49
04fa346
ea48bbe
f279d89
0372d6a
fd52b61
03bc372
01439ab
0560d53
f82dfe9
0346db8
f9bb72d
f88fc3f
f548295
09d235f
ffdc09c
02475a4
f7b779c
02232fc
019b688
05b4489
08b3d43
0b8d09c
057ba86
12e1073
fa21a92
fa82697
ed74ee3
13c1f04
08ffa8a
f66049a
1033aed
fe5da2f
f9a80ff
fc44230
ea275a5
fee25f3
f4a08aa
0079424
fd4ff44
095f8af
020ebcd
03b3248
f736261
f6a59e8
02286dc
f246576
f66d806
1b9940e
ef669ab
f530e20
fdcf974
fc6f810
04d5c2c
0a243a3
f505b03
0ace407
003bb4b
f2bc4e0
0ef1815
fce7337
078b54d
05aacb3
07da9b7
0667b85
012695c
02e3259
fd049f8
fa77c00
fc4d618
dde5f90
02687d9
03c90e4
f41176e
00f2003
021e462
061bee7
00a83cd
f9d7c72
0a9a1d0
f79ccc5
fe5f54a
0ca07bd
efad4b6
0654c06
0cb4c7d
0f5a521
f4f6a7c
ffe8a5b
feb38d6
007bb06
0a07ea8
13f7b9f
0910cc0
f960ac6
e5c8153
f80e272
ed3dc91
fb95b1e
f16b88d
f22dc94
025e8b4
f209408
ffb5af9
fd35572
04da638
0b8f20a
06d5daa
001f54d
010e08a
0d047c0
1136972
0c04fee
0267d49
16d5029
0c6cbd0
ff72d23
0a9bb88
fd399c2
fc173ea
080d8f0
f8eface
f65f467
0bb433d
fed8305
0145d5d
06a9eb4
fa998e6
07ce9fe
f7dc45e
f12a349
fe1105d
0f2b45d
f6b5917
1007318
0b64e8a
fcef1fe
091af47
fcaeadb
ef50a54
031dfba
ff59b68
045a73f
f9bfca1
14c8ef2
095d2ee
f657667
fe1cc96
f8a57eb
f8c9d70
ffe6d81
05bfbb2
05984cf
fc13ac8
f0bae1e
f7cc366
0669435
02df58a
e8b00c9
fb9216e
f962610
07671fd
f652712
f3a00c7
0077754
04a88d1
0733d67
09eba99
00cbb6a
f8b7cb2
fb05728
f336579
0674cc0
040acf2
fe17431
ec0027e
11b3eff
f075314
078dedc
f4200ab
18c19b0
0288f6d
1646b07
0075de2
0e030a9
05c27c1
08b436b
f489c6e
fa62b6f
0808a15
fbdbb61
030741e
0017dd7
fbafb81
ff4505a
ff5f5ec
0f58481
fed743e
f6cd684
fd3c3d3
fe6a0fe
061caf1
0190e41
148a3d2
fef7c8f
0db0051
05206fa
f49a10e
1306fc0
f6cdb73
f831e91
f5c098f
01cd48e
04f2742
0c6e911
042f1b9
fed4539
fb051a3
ee856ce
f495e48
fc04fde
16f848d
19cd8d2
013cfc0
f6a4841
0efcfab
0c85522
0b88ffd
faee5cf
fd8b18c
0da1357
01aee7f
06728ad
fc3bbcb
f60fe32
0cae83a
17631d0
0ca4504
112815a
f837ab8
f403198
f6dc946
e65539b
f805b67
f7a11f9
072ce34
fdf64f8
070a11a
fb264bc
106e15f
efe8fb0
fd2b508
fb980fc
f3e3c2f
efb4fac
fba371b
18795cf
f5f07fe
f78832c
01fac31
f2866c2
04f2821
0dddb10
0227dc9
0965531
eb83ad3
f63727b
f00840c
fb245ac
0699cfb
06167bb
f54c471
018c8ca
02e79f7
